month,family,side,band,cfg,n,gr,w,l,HR_pct,ROI_pct,ROI_lo,ROI_hi,P_and_L,consist,grd_days
2026-05,batter_strikeouts,OVER,"[-500,-300]",HR≥-/EDG≥-/CV≤-/μ≥-/TP≥-,421,382,287,95,75.13,-5.59,-11.06,-0.12,-21.341,0.308,13
2026-05,batter_strikeouts,OVER,"[-500,-300]",HR≥-/EDG≥-/CV≤-/μ≥-/TP≥50,413,374,281,93,75.13,-5.61,-11.13,-0.08,-20.969,0.308,13
2026-05,batter_strikeouts,OVER,"[-500,-300]",HR≥-/EDG≥-/CV≤-/μ≥-/TP≥55,405,366,276,90,75.41,-5.3,-10.87,0.26,-19.4,0.308,13
2026-05,batter_strikeouts,OVER,"[-500,-300]",HR≥-/EDG≥-/CV≤-/μ≥-/TP≥60,391,352,266,86,75.57,-5.1,-10.77,0.56,-17.966,0.308,13
2026-05,batter_strikeouts,OVER,"[-500,-300]",HR≥-/EDG≥-/CV≤-/μ≥-/TP≥65,363,329,247,82,75.08,-5.74,-11.64,0.15,-18.889,0.308,13
2026-05,batter_strikeouts,OVER,"[-500,-300]",HR≥-/EDG≥-/CV≤-/μ≥0.0/TP≥-,413,374,281,93,75.13,-5.61,-11.13,-0.08,-20.969,0.308,13
2026-05,batter_strikeouts,OVER,"[-500,-300]",HR≥-/EDG≥-/CV≤-/μ≥0.0/TP≥50,413,374,281,93,75.13,-5.61,-11.13,-0.08,-20.969,0.308,13
2026-05,batter_strikeouts,OVER,"[-500,-300]",HR≥-/EDG≥-/CV≤-/μ≥0.0/TP≥55,405,366,276,90,75.41,-5.3,-10.87,0.26,-19.4,0.308,13
2026-05,batter_strikeouts,OVER,"[-500,-300]",HR≥-/EDG≥-/CV≤-/μ≥0.0/TP≥60,391,352,266,86,75.57,-5.1,-10.77,0.56,-17.966,0.308,13
2026-05,batter_strikeouts,OVER,"[-500,-300]",HR≥-/EDG≥-/CV≤-/μ≥0.0/TP≥65,363,329,247,82,75.08,-5.74,-11.64,0.15,-18.889,0.308,13
2026-05,batter_strikeouts,OVER,"[-500,-300]",HR≥-/EDG≥-/CV≤-/μ≥0.5/TP≥-,311,280,214,66,76.43,-4.26,-10.52,2.0,-11.937,0.385,13
2026-05,batter_strikeouts,OVER,"[-500,-300]",HR≥-/EDG≥-/CV≤-/μ≥0.5/TP≥50,311,280,214,66,76.43,-4.26,-10.52,2.0,-11.937,0.385,13
2026-05,batter_strikeouts,OVER,"[-500,-300]",HR≥-/EDG≥-/CV≤-/μ≥0.5/TP≥55,311,280,214,66,76.43,-4.26,-10.52,2.0,-11.937,0.385,13
2026-05,batter_strikeouts,OVER,"[-500,-300]",HR≥-/EDG≥-/CV≤-/μ≥0.5/TP≥60,311,280,214,66,76.43,-4.26,-10.52,2.0,-11.937,0.385,13
2026-05,batter_strikeouts,OVER,"[-500,-300]",HR≥-/EDG≥-/CV≤-/μ≥0.5/TP≥65,310,279,213,66,76.34,-4.37,-10.65,1.91,-12.186,0.308,13
2026-05,batter_strikeouts,OVER,"[-500,-300]",HR≥-/EDG≥-/CV≤-/μ≥1.0/TP≥-,178,160,128,32,80.0,0.36,-7.46,8.19,0.583,0.538,13
2026-05,batter_strikeouts,OVER,"[-500,-300]",HR≥-/EDG≥-/CV≤-/μ≥1.0/TP≥50,178,160,128,32,80.0,0.36,-7.46,8.19,0.583,0.538,13
2026-05,batter_strikeouts,OVER,"[-500,-300]",HR≥-/EDG≥-/CV≤-/μ≥1.0/TP≥55,178,160,128,32,80.0,0.36,-7.46,8.19,0.583,0.538,13
2026-05,batter_strikeouts,OVER,"[-500,-300]",HR≥-/EDG≥-/CV≤-/μ≥1.0/TP≥60,178,160,128,32,80.0,0.36,-7.46,8.19,0.583,0.538,13
2026-05,batter_strikeouts,OVER,"[-500,-300]",HR≥-/EDG≥-/CV≤-/μ≥1.0/TP≥65,178,160,128,32,80.0,0.36,-7.46,8.19,0.583,0.538,13
2026-05,batter_strikeouts,OVER,"[-500,-300]",HR≥-/EDG≥-/CV≤0.7/μ≥-/TP≥-,141,128,90,38,70.31,-11.93,-21.92,-1.95,-15.275,0.308,13
2026-05,batter_strikeouts,OVER,"[-500,-300]",HR≥-/EDG≥-/CV≤0.7/μ≥-/TP≥50,141,128,90,38,70.31,-11.93,-21.92,-1.95,-15.275,0.308,13
2026-05,batter_strikeouts,OVER,"[-500,-300]",HR≥-/EDG≥-/CV≤0.7/μ≥-/TP≥55,141,128,90,38,70.31,-11.93,-21.92,-1.95,-15.275,0.308,13
2026-05,batter_strikeouts,OVER,"[-500,-300]",HR≥-/EDG≥-/CV≤0.7/μ≥-/TP≥60,141,128,90,38,70.31,-11.93,-21.92,-1.95,-15.275,0.308,13
2026-05,batter_strikeouts,OVER,"[-500,-300]",HR≥-/EDG≥-/CV≤0.7/μ≥-/TP≥65,138,125,88,37,70.4,-11.93,-22.01,-1.85,-14.916,0.167,12
2026-05,batter_strikeouts,OVER,"[-500,-300]",HR≥-/EDG≥-/CV≤0.7/μ≥0.0/TP≥-,141,128,90,38,70.31,-11.93,-21.92,-1.95,-15.275,0.308,13
2026-05,batter_strikeouts,OVER,"[-500,-300]",HR≥-/EDG≥-/CV≤0.7/μ≥0.0/TP≥50,141,128,90,38,70.31,-11.93,-21.92,-1.95,-15.275,0.308,13
2026-05,batter_strikeouts,OVER,"[-500,-300]",HR≥-/EDG≥-/CV≤0.7/μ≥0.0/TP≥55,141,128,90,38,70.31,-11.93,-21.92,-1.95,-15.275,0.308,13
2026-05,batter_strikeouts,OVER,"[-500,-300]",HR≥-/EDG≥-/CV≤0.7/μ≥0.0/TP≥60,141,128,90,38,70.31,-11.93,-21.92,-1.95,-15.275,0.308,13
2026-05,batter_strikeouts,OVER,"[-500,-300]",HR≥-/EDG≥-/CV≤0.7/μ≥0.0/TP≥65,138,125,88,37,70.4,-11.93,-22.01,-1.85,-14.916,0.167,12
2026-05,batter_strikeouts,OVER,"[-500,-300]",HR≥-/EDG≥-/CV≤0.7/μ≥0.5/TP≥-,115,104,76,28,73.08,-8.57,-19.32,2.18,-8.91,0.25,12
2026-05,batter_strikeouts,OVER,"[-500,-300]",HR≥-/EDG≥-/CV≤0.7/μ≥0.5/TP≥50,115,104,76,28,73.08,-8.57,-19.32,2.18,-8.91,0.25,12
2026-05,batter_strikeouts,OVER,"[-500,-300]",HR≥-/EDG≥-/CV≤0.7/μ≥0.5/TP≥55,115,104,76,28,73.08,-8.57,-19.32,2.18,-8.91,0.25,12
2026-05,batter_strikeouts,OVER,"[-500,-300]",HR≥-/EDG≥-/CV≤0.7/μ≥0.5/TP≥60,115,104,76,28,73.08,-8.57,-19.32,2.18,-8.91,0.25,12
2026-05,batter_strikeouts,OVER,"[-500,-300]",HR≥-/EDG≥-/CV≤0.7/μ≥0.5/TP≥65,115,104,76,28,73.08,-8.57,-19.32,2.18,-8.91,0.25,12
2026-05,batter_strikeouts,OVER,"[-500,-300]",HR≥-/EDG≥-/CV≤0.7/μ≥1.0/TP≥-,65,57,44,13,77.19,-2.75,-16.64,11.13,-1.568,0.545,11
2026-05,batter_strikeouts,OVER,"[-500,-300]",HR≥-/EDG≥-/CV≤0.7/μ≥1.0/TP≥50,65,57,44,13,77.19,-2.75,-16.64,11.13,-1.568,0.545,11
2026-05,batter_strikeouts,OVER,"[-500,-300]",HR≥-/EDG≥-/CV≤0.7/μ≥1.0/TP≥55,65,57,44,13,77.19,-2.75,-16.64,11.13,-1.568,0.545,11
2026-05,batter_strikeouts,OVER,"[-500,-300]",HR≥-/EDG≥-/CV≤0.7/μ≥1.0/TP≥60,65,57,44,13,77.19,-2.75,-16.64,11.13,-1.568,0.545,11
2026-05,batter_strikeouts,OVER,"[-500,-300]",HR≥-/EDG≥-/CV≤0.7/μ≥1.0/TP≥65,65,57,44,13,77.19,-2.75,-16.64,11.13,-1.568,0.545,11
2026-05,batter_strikeouts,OVER,"[-500,-300]",HR≥-/EDG≥-/CV≤0.6/μ≥-/TP≥-,63,58,38,20,65.52,-18.84,-34.18,-3.5,-10.928,0.333,12
2026-05,batter_strikeouts,OVER,"[-500,-300]",HR≥-/EDG≥-/CV≤0.6/μ≥-/TP≥50,63,58,38,20,65.52,-18.84,-34.18,-3.5,-10.928,0.333,12
2026-05,batter_strikeouts,OVER,"[-500,-300]",HR≥-/EDG≥-/CV≤0.6/μ≥-/TP≥55,63,58,38,20,65.52,-18.84,-34.18,-3.5,-10.928,0.333,12
2026-05,batter_strikeouts,OVER,"[-500,-300]",HR≥-/EDG≥-/CV≤0.6/μ≥-/TP≥60,63,58,38,20,65.52,-18.84,-34.18,-3.5,-10.928,0.333,12
2026-05,batter_strikeouts,OVER,"[-500,-300]",HR≥-/EDG≥-/CV≤0.6/μ≥-/TP≥65,62,57,38,19,66.67,-17.42,-32.77,-2.07,-9.928,0.333,12
2026-05,batter_strikeouts,OVER,"[-500,-300]",HR≥-/EDG≥-/CV≤0.6/μ≥0.0/TP≥-,63,58,38,20,65.52,-18.84,-34.18,-3.5,-10.928,0.333,12
2026-05,batter_strikeouts,OVER,"[-500,-300]",HR≥-/EDG≥-/CV≤0.6/μ≥0.0/TP≥50,63,58,38,20,65.52,-18.84,-34.18,-3.5,-10.928,0.333,12
2026-05,batter_strikeouts,OVER,"[-500,-300]",HR≥-/EDG≥-/CV≤0.6/μ≥0.0/TP≥55,63,58,38,20,65.52,-18.84,-34.18,-3.5,-10.928,0.333,12
2026-05,batter_strikeouts,OVER,"[-500,-300]",HR≥-/EDG≥-/CV≤0.6/μ≥0.0/TP≥60,63,58,38,20,65.52,-18.84,-34.18,-3.5,-10.928,0.333,12
2026-05,batter_strikeouts,OVER,"[-500,-300]",HR≥-/EDG≥-/CV≤0.6/μ≥0.0/TP≥65,62,57,38,19,66.67,-17.42,-32.77,-2.07,-9.928,0.333,12
2026-05,batter_strikeouts,OVER,"[-500,-300]",HR≥-/EDG≥-/CV≤0.6/μ≥0.5/TP≥-,50,45,32,13,71.11,-11.56,-28.28,5.16,-5.201,0.455,11
2026-05,batter_strikeouts,OVER,"[-500,-300]",HR≥-/EDG≥-/CV≤0.6/μ≥0.5/TP≥50,50,45,32,13,71.11,-11.56,-28.28,5.16,-5.201,0.455,11
2026-05,batter_strikeouts,OVER,"[-500,-300]",HR≥-/EDG≥-/CV≤0.6/μ≥0.5/TP≥55,50,45,32,13,71.11,-11.56,-28.28,5.16,-5.201,0.455,11
2026-05,batter_strikeouts,OVER,"[-500,-300]",HR≥-/EDG≥-/CV≤0.6/μ≥0.5/TP≥60,50,45,32,13,71.11,-11.56,-28.28,5.16,-5.201,0.455,11
2026-05,batter_strikeouts,OVER,"[-500,-300]",HR≥-/EDG≥-/CV≤0.6/μ≥0.5/TP≥65,50,45,32,13,71.11,-11.56,-28.28,5.16,-5.201,0.455,11
2026-05,batter_strikeouts,OVER,"[-500,-300]",HR≥-/EDG≥-/CV≤0.5/μ≥-/TP≥-,42,39,26,13,66.67,-17.19,-35.87,1.5,-6.702,0.2,10
2026-05,batter_strikeouts,OVER,"[-500,-300]",HR≥-/EDG≥-/CV≤0.5/μ≥-/TP≥50,42,39,26,13,66.67,-17.19,-35.87,1.5,-6.702,0.2,10
2026-05,batter_strikeouts,OVER,"[-500,-300]",HR≥-/EDG≥-/CV≤0.5/μ≥-/TP≥55,42,39,26,13,66.67,-17.19,-35.87,1.5,-6.702,0.2,10
2026-05,batter_strikeouts,OVER,"[-500,-300]",HR≥-/EDG≥-/CV≤0.5/μ≥-/TP≥60,42,39,26,13,66.67,-17.19,-35.87,1.5,-6.702,0.2,10
2026-05,batter_strikeouts,OVER,"[-500,-300]",HR≥-/EDG≥-/CV≤0.5/μ≥-/TP≥65,41,38,26,12,68.42,-15.01,-33.68,3.67,-5.702,0.2,10
2026-05,batter_strikeouts,OVER,"[-500,-300]",HR≥-/EDG≥-/CV≤0.5/μ≥0.0/TP≥-,42,39,26,13,66.67,-17.19,-35.87,1.5,-6.702,0.2,10
2026-05,batter_strikeouts,OVER,"[-500,-300]",HR≥-/EDG≥-/CV≤0.5/μ≥0.0/TP≥50,42,39,26,13,66.67,-17.19,-35.87,1.5,-6.702,0.2,10
2026-05,batter_strikeouts,OVER,"[-500,-300]",HR≥-/EDG≥-/CV≤0.5/μ≥0.0/TP≥55,42,39,26,13,66.67,-17.19,-35.87,1.5,-6.702,0.2,10
2026-05,batter_strikeouts,OVER,"[-500,-300]",HR≥-/EDG≥-/CV≤0.5/μ≥0.0/TP≥60,42,39,26,13,66.67,-17.19,-35.87,1.5,-6.702,0.2,10
2026-05,batter_strikeouts,OVER,"[-500,-300]",HR≥-/EDG≥-/CV≤0.5/μ≥0.0/TP≥65,41,38,26,12,68.42,-15.01,-33.68,3.67,-5.702,0.2,10
2026-05,batter_strikeouts,OVER,"[-500,-300]",HR≥-/EDG≥-5.0/CV≤-/μ≥-/TP≥-,284,255,200,55,78.43,-1.47,-7.85,4.91,-3.751,0.308,13
2026-05,batter_strikeouts,OVER,"[-500,-300]",HR≥-/EDG≥-5.0/CV≤-/μ≥-/TP≥50,284,255,200,55,78.43,-1.47,-7.85,4.91,-3.751,0.308,13
2026-05,batter_strikeouts,OVER,"[-500,-300]",HR≥-/EDG≥-5.0/CV≤-/μ≥-/TP≥55,284,255,200,55,78.43,-1.47,-7.85,4.91,-3.751,0.308,13
2026-05,batter_strikeouts,OVER,"[-500,-300]",HR≥-/EDG≥-5.0/CV≤-/μ≥-/TP≥60,284,255,200,55,78.43,-1.47,-7.85,4.91,-3.751,0.308,13
2026-05,batter_strikeouts,OVER,"[-500,-300]",HR≥-/EDG≥-5.0/CV≤-/μ≥-/TP≥65,284,255,200,55,78.43,-1.47,-7.85,4.91,-3.751,0.308,13
2026-05,batter_strikeouts,OVER,"[-500,-300]",HR≥-/EDG≥-5.0/CV≤-/μ≥0.0/TP≥-,284,255,200,55,78.43,-1.47,-7.85,4.91,-3.751,0.308,13
2026-05,batter_strikeouts,OVER,"[-500,-300]",HR≥-/EDG≥-5.0/CV≤-/μ≥0.0/TP≥50,284,255,200,55,78.43,-1.47,-7.85,4.91,-3.751,0.308,13
2026-05,batter_strikeouts,OVER,"[-500,-300]",HR≥-/EDG≥-5.0/CV≤-/μ≥0.0/TP≥55,284,255,200,55,78.43,-1.47,-7.85,4.91,-3.751,0.308,13
2026-05,batter_strikeouts,OVER,"[-500,-300]",HR≥-/EDG≥-5.0/CV≤-/μ≥0.0/TP≥60,284,255,200,55,78.43,-1.47,-7.85,4.91,-3.751,0.308,13
2026-05,batter_strikeouts,OVER,"[-500,-300]",HR≥-/EDG≥-5.0/CV≤-/μ≥0.0/TP≥65,284,255,200,55,78.43,-1.47,-7.85,4.91,-3.751,0.308,13
2026-05,batter_strikeouts,OVER,"[-500,-300]",HR≥-/EDG≥-5.0/CV≤-/μ≥0.5/TP≥-,272,244,191,53,78.28,-1.73,-8.26,4.8,-4.221,0.308,13
2026-05,batter_strikeouts,OVER,"[-500,-300]",HR≥-/EDG≥-5.0/CV≤-/μ≥0.5/TP≥50,272,244,191,53,78.28,-1.73,-8.26,4.8,-4.221,0.308,13
2026-05,batter_strikeouts,OVER,"[-500,-300]",HR≥-/EDG≥-5.0/CV≤-/μ≥0.5/TP≥55,272,244,191,53,78.28,-1.73,-8.26,4.8,-4.221,0.308,13
2026-05,batter_strikeouts,OVER,"[-500,-300]",HR≥-/EDG≥-5.0/CV≤-/μ≥0.5/TP≥60,272,244,191,53,78.28,-1.73,-8.26,4.8,-4.221,0.308,13
2026-05,batter_strikeouts,OVER,"[-500,-300]",HR≥-/EDG≥-5.0/CV≤-/μ≥0.5/TP≥65,272,244,191,53,78.28,-1.73,-8.26,4.8,-4.221,0.308,13
2026-05,batter_strikeouts,OVER,"[-500,-300]",HR≥-/EDG≥-5.0/CV≤-/μ≥1.0/TP≥-,177,159,128,31,80.5,1.0,-6.78,8.77,1.583,0.538,13
2026-05,batter_strikeouts,OVER,"[-500,-300]",HR≥-/EDG≥-5.0/CV≤-/μ≥1.0/TP≥50,177,159,128,31,80.5,1.0,-6.78,8.77,1.583,0.538,13
2026-05,batter_strikeouts,OVER,"[-500,-300]",HR≥-/EDG≥-5.0/CV≤-/μ≥1.0/TP≥55,177,159,128,31,80.5,1.0,-6.78,8.77,1.583,0.538,13
2026-05,batter_strikeouts,OVER,"[-500,-300]",HR≥-/EDG≥-5.0/CV≤-/μ≥1.0/TP≥60,177,159,128,31,80.5,1.0,-6.78,8.77,1.583,0.538,13
2026-05,batter_strikeouts,OVER,"[-500,-300]",HR≥-/EDG≥-5.0/CV≤-/μ≥1.0/TP≥65,177,159,128,31,80.5,1.0,-6.78,8.77,1.583,0.538,13
2026-05,batter_strikeouts,OVER,"[-500,-300]",HR≥-/EDG≥-5.0/CV≤0.7/μ≥-/TP≥-,118,106,80,26,75.47,-5.45,-15.79,4.9,-5.774,0.333,12
2026-05,batter_strikeouts,OVER,"[-500,-300]",HR≥-/EDG≥-5.0/CV≤0.7/μ≥-/TP≥50,118,106,80,26,75.47,-5.45,-15.79,4.9,-5.774,0.333,12
2026-05,batter_strikeouts,OVER,"[-500,-300]",HR≥-/EDG≥-5.0/CV≤0.7/μ≥-/TP≥55,118,106,80,26,75.47,-5.45,-15.79,4.9,-5.774,0.333,12
2026-05,batter_strikeouts,OVER,"[-500,-300]",HR≥-/EDG≥-5.0/CV≤0.7/μ≥-/TP≥60,118,106,80,26,75.47,-5.45,-15.79,4.9,-5.774,0.333,12
2026-05,batter_strikeouts,OVER,"[-500,-300]",HR≥-/EDG≥-5.0/CV≤0.7/μ≥-/TP≥65,118,106,80,26,75.47,-5.45,-15.79,4.9,-5.774,0.333,12
2026-05,batter_strikeouts,OVER,"[-500,-300]",HR≥-/EDG≥-5.0/CV≤0.7/μ≥0.0/TP≥-,118,106,80,26,75.47,-5.45,-15.79,4.9,-5.774,0.333,12
2026-05,batter_strikeouts,OVER,"[-500,-300]",HR≥-/EDG≥-5.0/CV≤0.7/μ≥0.0/TP≥50,118,106,80,26,75.47,-5.45,-15.79,4.9,-5.774,0.333,12
2026-05,batter_strikeouts,OVER,"[-500,-300]",HR≥-/EDG≥-5.0/CV≤0.7/μ≥0.0/TP≥55,118,106,80,26,75.47,-5.45,-15.79,4.9,-5.774,0.333,12
2026-05,batter_strikeouts,OVER,"[-500,-300]",HR≥-/EDG≥-5.0/CV≤0.7/μ≥0.0/TP≥60,118,106,80,26,75.47,-5.45,-15.79,4.9,-5.774,0.333,12
2026-05,batter_strikeouts,OVER,"[-500,-300]",HR≥-/EDG≥-5.0/CV≤0.7/μ≥0.0/TP≥65,118,106,80,26,75.47,-5.45,-15.79,4.9,-5.774,0.333,12
2026-05,batter_strikeouts,OVER,"[-500,-300]",HR≥-/EDG≥-5.0/CV≤0.7/μ≥0.5/TP≥-,109,98,74,24,75.51,-5.47,-16.22,5.28,-5.357,0.333,12
2026-05,batter_strikeouts,OVER,"[-500,-300]",HR≥-/EDG≥-5.0/CV≤0.7/μ≥0.5/TP≥50,109,98,74,24,75.51,-5.47,-16.22,5.28,-5.357,0.333,12
2026-05,batter_strikeouts,OVER,"[-500,-300]",HR≥-/EDG≥-5.0/CV≤0.7/μ≥0.5/TP≥55,109,98,74,24,75.51,-5.47,-16.22,5.28,-5.357,0.333,12
2026-05,batter_strikeouts,OVER,"[-500,-300]",HR≥-/EDG≥-5.0/CV≤0.7/μ≥0.5/TP≥60,109,98,74,24,75.51,-5.47,-16.22,5.28,-5.357,0.333,12
2026-05,batter_strikeouts,OVER,"[-500,-300]",HR≥-/EDG≥-5.0/CV≤0.7/μ≥0.5/TP≥65,109,98,74,24,75.51,-5.47,-16.22,5.28,-5.357,0.333,12
2026-05,batter_strikeouts,OVER,"[-500,-300]",HR≥-/EDG≥-5.0/CV≤0.7/μ≥1.0/TP≥-,65,57,44,13,77.19,-2.75,-16.64,11.13,-1.568,0.545,11
2026-05,batter_strikeouts,OVER,"[-500,-300]",HR≥-/EDG≥-5.0/CV≤0.7/μ≥1.0/TP≥50,65,57,44,13,77.19,-2.75,-16.64,11.13,-1.568,0.545,11
2026-05,batter_strikeouts,OVER,"[-500,-300]",HR≥-/EDG≥-5.0/CV≤0.7/μ≥1.0/TP≥55,65,57,44,13,77.19,-2.75,-16.64,11.13,-1.568,0.545,11
2026-05,batter_strikeouts,OVER,"[-500,-300]",HR≥-/EDG≥-5.0/CV≤0.7/μ≥1.0/TP≥60,65,57,44,13,77.19,-2.75,-16.64,11.13,-1.568,0.545,11
2026-05,batter_strikeouts,OVER,"[-500,-300]",HR≥-/EDG≥-5.0/CV≤0.7/μ≥1.0/TP≥65,65,57,44,13,77.19,-2.75,-16.64,11.13,-1.568,0.545,11
2026-05,batter_strikeouts,OVER,"[-500,-300]",HR≥-/EDG≥-5.0/CV≤0.6/μ≥-/TP≥-,50,45,34,11,75.56,-6.16,-22.0,9.68,-2.772,0.5,12
2026-05,batter_strikeouts,OVER,"[-500,-300]",HR≥-/EDG≥-5.0/CV≤0.6/μ≥-/TP≥50,50,45,34,11,75.56,-6.16,-22.0,9.68,-2.772,0.5,12
2026-05,batter_strikeouts,OVER,"[-500,-300]",HR≥-/EDG≥-5.0/CV≤0.6/μ≥-/TP≥55,50,45,34,11,75.56,-6.16,-22.0,9.68,-2.772,0.5,12
2026-05,batter_strikeouts,OVER,"[-500,-300]",HR≥-/EDG≥-5.0/CV≤0.6/μ≥-/TP≥60,50,45,34,11,75.56,-6.16,-22.0,9.68,-2.772,0.5,12
2026-05,batter_strikeouts,OVER,"[-500,-300]",HR≥-/EDG≥-5.0/CV≤0.6/μ≥-/TP≥65,50,45,34,11,75.56,-6.16,-22.0,9.68,-2.772,0.5,12
2026-05,batter_strikeouts,OVER,"[-500,-300]",HR≥-/EDG≥-5.0/CV≤0.6/μ≥0.0/TP≥-,50,45,34,11,75.56,-6.16,-22.0,9.68,-2.772,0.5,12
2026-05,batter_strikeouts,OVER,"[-500,-300]",HR≥-/EDG≥-5.0/CV≤0.6/μ≥0.0/TP≥50,50,45,34,11,75.56,-6.16,-22.0,9.68,-2.772,0.5,12
2026-05,batter_strikeouts,OVER,"[-500,-300]",HR≥-/EDG≥-5.0/CV≤0.6/μ≥0.0/TP≥55,50,45,34,11,75.56,-6.16,-22.0,9.68,-2.772,0.5,12
2026-05,batter_strikeouts,OVER,"[-500,-300]",HR≥-/EDG≥-5.0/CV≤0.6/μ≥0.0/TP≥60,50,45,34,11,75.56,-6.16,-22.0,9.68,-2.772,0.5,12
2026-05,batter_strikeouts,OVER,"[-500,-300]",HR≥-/EDG≥-5.0/CV≤0.6/μ≥0.0/TP≥65,50,45,34,11,75.56,-6.16,-22.0,9.68,-2.772,0.5,12
2026-05,batter_strikeouts,OVER,"[-500,-300]",HR≥-/EDG≥-5.0/CV≤0.6/μ≥0.5/TP≥-,46,41,32,9,78.05,-2.93,-18.96,13.11,-1.201,0.545,11
2026-05,batter_strikeouts,OVER,"[-500,-300]",HR≥-/EDG≥-5.0/CV≤0.6/μ≥0.5/TP≥50,46,41,32,9,78.05,-2.93,-18.96,13.11,-1.201,0.545,11
2026-05,batter_strikeouts,OVER,"[-500,-300]",HR≥-/EDG≥-5.0/CV≤0.6/μ≥0.5/TP≥55,46,41,32,9,78.05,-2.93,-18.96,13.11,-1.201,0.545,11
2026-05,batter_strikeouts,OVER,"[-500,-300]",HR≥-/EDG≥-5.0/CV≤0.6/μ≥0.5/TP≥60,46,41,32,9,78.05,-2.93,-18.96,13.11,-1.201,0.545,11
2026-05,batter_strikeouts,OVER,"[-500,-300]",HR≥-/EDG≥-5.0/CV≤0.6/μ≥0.5/TP≥65,46,41,32,9,78.05,-2.93,-18.96,13.11,-1.201,0.545,11
2026-05,batter_strikeouts,OVER,"[-500,-300]",HR≥-/EDG≥-5.0/CV≤0.5/μ≥-/TP≥-,33,30,22,8,73.33,-8.49,-28.65,11.67,-2.547,0.5,10
2026-05,batter_strikeouts,OVER,"[-500,-300]",HR≥-/EDG≥-5.0/CV≤0.5/μ≥-/TP≥50,33,30,22,8,73.33,-8.49,-28.65,11.67,-2.547,0.5,10
2026-05,batter_strikeouts,OVER,"[-500,-300]",HR≥-/EDG≥-5.0/CV≤0.5/μ≥-/TP≥55,33,30,22,8,73.33,-8.49,-28.65,11.67,-2.547,0.5,10
2026-05,batter_strikeouts,OVER,"[-500,-300]",HR≥-/EDG≥-5.0/CV≤0.5/μ≥-/TP≥60,33,30,22,8,73.33,-8.49,-28.65,11.67,-2.547,0.5,10
2026-05,batter_strikeouts,OVER,"[-500,-300]",HR≥-/EDG≥-5.0/CV≤0.5/μ≥-/TP≥65,33,30,22,8,73.33,-8.49,-28.65,11.67,-2.547,0.5,10
2026-05,batter_strikeouts,OVER,"[-500,-300]",HR≥-/EDG≥-5.0/CV≤0.5/μ≥0.0/TP≥-,33,30,22,8,73.33,-8.49,-28.65,11.67,-2.547,0.5,10
2026-05,batter_strikeouts,OVER,"[-500,-300]",HR≥-/EDG≥-5.0/CV≤0.5/μ≥0.0/TP≥50,33,30,22,8,73.33,-8.49,-28.65,11.67,-2.547,0.5,10
2026-05,batter_strikeouts,OVER,"[-500,-300]",HR≥-/EDG≥-5.0/CV≤0.5/μ≥0.0/TP≥55,33,30,22,8,73.33,-8.49,-28.65,11.67,-2.547,0.5,10
2026-05,batter_strikeouts,OVER,"[-500,-300]",HR≥-/EDG≥-5.0/CV≤0.5/μ≥0.0/TP≥60,33,30,22,8,73.33,-8.49,-28.65,11.67,-2.547,0.5,10
2026-05,batter_strikeouts,OVER,"[-500,-300]",HR≥-/EDG≥-5.0/CV≤0.5/μ≥0.0/TP≥65,33,30,22,8,73.33,-8.49,-28.65,11.67,-2.547,0.5,10
2026-05,batter_strikeouts,OVER,"[-500,-300]",HR≥-/EDG≥0.0/CV≤-/μ≥-/TP≥-,239,213,167,46,78.4,-1.32,-8.31,5.67,-2.81,0.385,13
2026-05,batter_strikeouts,OVER,"[-500,-300]",HR≥-/EDG≥0.0/CV≤-/μ≥-/TP≥50,239,213,167,46,78.4,-1.32,-8.31,5.67,-2.81,0.385,13
2026-05,batter_strikeouts,OVER,"[-500,-300]",HR≥-/EDG≥0.0/CV≤-/μ≥-/TP≥55,239,213,167,46,78.4,-1.32,-8.31,5.67,-2.81,0.385,13
2026-05,batter_strikeouts,OVER,"[-500,-300]",HR≥-/EDG≥0.0/CV≤-/μ≥-/TP≥60,239,213,167,46,78.4,-1.32,-8.31,5.67,-2.81,0.385,13
2026-05,batter_strikeouts,OVER,"[-500,-300]",HR≥-/EDG≥0.0/CV≤-/μ≥-/TP≥65,239,213,167,46,78.4,-1.32,-8.31,5.67,-2.81,0.385,13
2026-05,batter_strikeouts,OVER,"[-500,-300]",HR≥-/EDG≥0.0/CV≤-/μ≥0.0/TP≥-,239,213,167,46,78.4,-1.32,-8.31,5.67,-2.81,0.385,13
2026-05,batter_strikeouts,OVER,"[-500,-300]",HR≥-/EDG≥0.0/CV≤-/μ≥0.0/TP≥50,239,213,167,46,78.4,-1.32,-8.31,5.67,-2.81,0.385,13
2026-05,batter_strikeouts,OVER,"[-500,-300]",HR≥-/EDG≥0.0/CV≤-/μ≥0.0/TP≥55,239,213,167,46,78.4,-1.32,-8.31,5.67,-2.81,0.385,13
2026-05,batter_strikeouts,OVER,"[-500,-300]",HR≥-/EDG≥0.0/CV≤-/μ≥0.0/TP≥60,239,213,167,46,78.4,-1.32,-8.31,5.67,-2.81,0.385,13
2026-05,batter_strikeouts,OVER,"[-500,-300]",HR≥-/EDG≥0.0/CV≤-/μ≥0.0/TP≥65,239,213,167,46,78.4,-1.32,-8.31,5.67,-2.81,0.385,13
2026-05,batter_strikeouts,OVER,"[-500,-300]",HR≥-/EDG≥0.0/CV≤-/μ≥0.5/TP≥-,235,210,164,46,78.1,-1.75,-8.83,5.32,-3.68,0.385,13
2026-05,batter_strikeouts,OVER,"[-500,-300]",HR≥-/EDG≥0.0/CV≤-/μ≥0.5/TP≥50,235,210,164,46,78.1,-1.75,-8.83,5.32,-3.68,0.385,13
2026-05,batter_strikeouts,OVER,"[-500,-300]",HR≥-/EDG≥0.0/CV≤-/μ≥0.5/TP≥55,235,210,164,46,78.1,-1.75,-8.83,5.32,-3.68,0.385,13
2026-05,batter_strikeouts,OVER,"[-500,-300]",HR≥-/EDG≥0.0/CV≤-/μ≥0.5/TP≥60,235,210,164,46,78.1,-1.75,-8.83,5.32,-3.68,0.385,13
2026-05,batter_strikeouts,OVER,"[-500,-300]",HR≥-/EDG≥0.0/CV≤-/μ≥0.5/TP≥65,235,210,164,46,78.1,-1.75,-8.83,5.32,-3.68,0.385,13
2026-05,batter_strikeouts,OVER,"[-500,-300]",HR≥-/EDG≥0.0/CV≤-/μ≥1.0/TP≥-,173,155,124,31,80.0,0.46,-7.5,8.42,0.717,0.462,13
2026-05,batter_strikeouts,OVER,"[-500,-300]",HR≥-/EDG≥0.0/CV≤-/μ≥1.0/TP≥50,173,155,124,31,80.0,0.46,-7.5,8.42,0.717,0.462,13
2026-05,batter_strikeouts,OVER,"[-500,-300]",HR≥-/EDG≥0.0/CV≤-/μ≥1.0/TP≥55,173,155,124,31,80.0,0.46,-7.5,8.42,0.717,0.462,13
2026-05,batter_strikeouts,OVER,"[-500,-300]",HR≥-/EDG≥0.0/CV≤-/μ≥1.0/TP≥60,173,155,124,31,80.0,0.46,-7.5,8.42,0.717,0.462,13
2026-05,batter_strikeouts,OVER,"[-500,-300]",HR≥-/EDG≥0.0/CV≤-/μ≥1.0/TP≥65,173,155,124,31,80.0,0.46,-7.5,8.42,0.717,0.462,13
2026-05,batter_strikeouts,OVER,"[-500,-300]",HR≥-/EDG≥0.0/CV≤0.7/μ≥-/TP≥-,97,85,67,18,78.82,-0.68,-11.73,10.36,-0.582,0.5,12
2026-05,batter_strikeouts,OVER,"[-500,-300]",HR≥-/EDG≥0.0/CV≤0.7/μ≥-/TP≥50,97,85,67,18,78.82,-0.68,-11.73,10.36,-0.582,0.5,12
2026-05,batter_strikeouts,OVER,"[-500,-300]",HR≥-/EDG≥0.0/CV≤0.7/μ≥-/TP≥55,97,85,67,18,78.82,-0.68,-11.73,10.36,-0.582,0.5,12
2026-05,batter_strikeouts,OVER,"[-500,-300]",HR≥-/EDG≥0.0/CV≤0.7/μ≥-/TP≥60,97,85,67,18,78.82,-0.68,-11.73,10.36,-0.582,0.5,12
2026-05,batter_strikeouts,OVER,"[-500,-300]",HR≥-/EDG≥0.0/CV≤0.7/μ≥-/TP≥65,97,85,67,18,78.82,-0.68,-11.73,10.36,-0.582,0.5,12
2026-05,batter_strikeouts,OVER,"[-500,-300]",HR≥-/EDG≥0.0/CV≤0.7/μ≥0.0/TP≥-,97,85,67,18,78.82,-0.68,-11.73,10.36,-0.582,0.5,12
2026-05,batter_strikeouts,OVER,"[-500,-300]",HR≥-/EDG≥0.0/CV≤0.7/μ≥0.0/TP≥50,97,85,67,18,78.82,-0.68,-11.73,10.36,-0.582,0.5,12
2026-05,batter_strikeouts,OVER,"[-500,-300]",HR≥-/EDG≥0.0/CV≤0.7/μ≥0.0/TP≥55,97,85,67,18,78.82,-0.68,-11.73,10.36,-0.582,0.5,12
2026-05,batter_strikeouts,OVER,"[-500,-300]",HR≥-/EDG≥0.0/CV≤0.7/μ≥0.0/TP≥60,97,85,67,18,78.82,-0.68,-11.73,10.36,-0.582,0.5,12
2026-05,batter_strikeouts,OVER,"[-500,-300]",HR≥-/EDG≥0.0/CV≤0.7/μ≥0.0/TP≥65,97,85,67,18,78.82,-0.68,-11.73,10.36,-0.582,0.5,12
2026-05,batter_strikeouts,OVER,"[-500,-300]",HR≥-/EDG≥0.0/CV≤0.7/μ≥0.5/TP≥-,94,83,65,18,78.31,-1.39,-12.66,9.88,-1.154,0.5,12
2026-05,batter_strikeouts,OVER,"[-500,-300]",HR≥-/EDG≥0.0/CV≤0.7/μ≥0.5/TP≥50,94,83,65,18,78.31,-1.39,-12.66,9.88,-1.154,0.5,12
2026-05,batter_strikeouts,OVER,"[-500,-300]",HR≥-/EDG≥0.0/CV≤0.7/μ≥0.5/TP≥55,94,83,65,18,78.31,-1.39,-12.66,9.88,-1.154,0.5,12
2026-05,batter_strikeouts,OVER,"[-500,-300]",HR≥-/EDG≥0.0/CV≤0.7/μ≥0.5/TP≥60,94,83,65,18,78.31,-1.39,-12.66,9.88,-1.154,0.5,12
2026-05,batter_strikeouts,OVER,"[-500,-300]",HR≥-/EDG≥0.0/CV≤0.7/μ≥0.5/TP≥65,94,83,65,18,78.31,-1.39,-12.66,9.88,-1.154,0.5,12
2026-05,batter_strikeouts,OVER,"[-500,-300]",HR≥-/EDG≥0.0/CV≤0.7/μ≥1.0/TP≥-,65,57,44,13,77.19,-2.75,-16.64,11.13,-1.568,0.545,11
2026-05,batter_strikeouts,OVER,"[-500,-300]",HR≥-/EDG≥0.0/CV≤0.7/μ≥1.0/TP≥50,65,57,44,13,77.19,-2.75,-16.64,11.13,-1.568,0.545,11
2026-05,batter_strikeouts,OVER,"[-500,-300]",HR≥-/EDG≥0.0/CV≤0.7/μ≥1.0/TP≥55,65,57,44,13,77.19,-2.75,-16.64,11.13,-1.568,0.545,11
2026-05,batter_strikeouts,OVER,"[-500,-300]",HR≥-/EDG≥0.0/CV≤0.7/μ≥1.0/TP≥60,65,57,44,13,77.19,-2.75,-16.64,11.13,-1.568,0.545,11
2026-05,batter_strikeouts,OVER,"[-500,-300]",HR≥-/EDG≥0.0/CV≤0.7/μ≥1.0/TP≥65,65,57,44,13,77.19,-2.75,-16.64,11.13,-1.568,0.545,11
2026-05,batter_strikeouts,OVER,"[-500,-300]",HR≥-/EDG≥0.0/CV≤0.6/μ≥-/TP≥-,40,35,28,7,80.0,0.41,-16.55,17.36,0.142,0.636,11
2026-05,batter_strikeouts,OVER,"[-500,-300]",HR≥-/EDG≥0.0/CV≤0.6/μ≥-/TP≥50,40,35,28,7,80.0,0.41,-16.55,17.36,0.142,0.636,11
2026-05,batter_strikeouts,OVER,"[-500,-300]",HR≥-/EDG≥0.0/CV≤0.6/μ≥-/TP≥55,40,35,28,7,80.0,0.41,-16.55,17.36,0.142,0.636,11
2026-05,batter_strikeouts,OVER,"[-500,-300]",HR≥-/EDG≥0.0/CV≤0.6/μ≥-/TP≥60,40,35,28,7,80.0,0.41,-16.55,17.36,0.142,0.636,11
2026-05,batter_strikeouts,OVER,"[-500,-300]",HR≥-/EDG≥0.0/CV≤0.6/μ≥-/TP≥65,40,35,28,7,80.0,0.41,-16.55,17.36,0.142,0.636,11
2026-05,batter_strikeouts,OVER,"[-500,-300]",HR≥-/EDG≥0.0/CV≤0.6/μ≥0.0/TP≥-,40,35,28,7,80.0,0.41,-16.55,17.36,0.142,0.636,11
2026-05,batter_strikeouts,OVER,"[-500,-300]",HR≥-/EDG≥0.0/CV≤0.6/μ≥0.0/TP≥50,40,35,28,7,80.0,0.41,-16.55,17.36,0.142,0.636,11
2026-05,batter_strikeouts,OVER,"[-500,-300]",HR≥-/EDG≥0.0/CV≤0.6/μ≥0.0/TP≥55,40,35,28,7,80.0,0.41,-16.55,17.36,0.142,0.636,11
2026-05,batter_strikeouts,OVER,"[-500,-300]",HR≥-/EDG≥0.0/CV≤0.6/μ≥0.0/TP≥60,40,35,28,7,80.0,0.41,-16.55,17.36,0.142,0.636,11
2026-05,batter_strikeouts,OVER,"[-500,-300]",HR≥-/EDG≥0.0/CV≤0.6/μ≥0.0/TP≥65,40,35,28,7,80.0,0.41,-16.55,17.36,0.142,0.636,11
2026-05,batter_strikeouts,OVER,"[-500,-300]",HR≥-/EDG≥0.0/CV≤0.6/μ≥0.5/TP≥-,40,35,28,7,80.0,0.41,-16.55,17.36,0.142,0.636,11
2026-05,batter_strikeouts,OVER,"[-500,-300]",HR≥-/EDG≥0.0/CV≤0.6/μ≥0.5/TP≥50,40,35,28,7,80.0,0.41,-16.55,17.36,0.142,0.636,11
2026-05,batter_strikeouts,OVER,"[-500,-300]",HR≥-/EDG≥0.0/CV≤0.6/μ≥0.5/TP≥55,40,35,28,7,80.0,0.41,-16.55,17.36,0.142,0.636,11
2026-05,batter_strikeouts,OVER,"[-500,-300]",HR≥-/EDG≥0.0/CV≤0.6/μ≥0.5/TP≥60,40,35,28,7,80.0,0.41,-16.55,17.36,0.142,0.636,11
2026-05,batter_strikeouts,OVER,"[-500,-300]",HR≥-/EDG≥0.0/CV≤0.6/μ≥0.5/TP≥65,40,35,28,7,80.0,0.41,-16.55,17.36,0.142,0.636,11
2026-05,batter_strikeouts,OVER,"[-500,-300]",HR≥-/EDG≥5.0/CV≤-/μ≥-/TP≥-,185,168,128,40,76.19,-3.81,-11.98,4.37,-6.393,0.308,13
2026-05,batter_strikeouts,OVER,"[-500,-300]",HR≥-/EDG≥5.0/CV≤-/μ≥-/TP≥50,185,168,128,40,76.19,-3.81,-11.98,4.37,-6.393,0.308,13
2026-05,batter_strikeouts,OVER,"[-500,-300]",HR≥-/EDG≥5.0/CV≤-/μ≥-/TP≥55,185,168,128,40,76.19,-3.81,-11.98,4.37,-6.393,0.308,13
2026-05,batter_strikeouts,OVER,"[-500,-300]",HR≥-/EDG≥5.0/CV≤-/μ≥-/TP≥60,185,168,128,40,76.19,-3.81,-11.98,4.37,-6.393,0.308,13
2026-05,batter_strikeouts,OVER,"[-500,-300]",HR≥-/EDG≥5.0/CV≤-/μ≥-/TP≥65,185,168,128,40,76.19,-3.81,-11.98,4.37,-6.393,0.308,13
2026-05,batter_strikeouts,OVER,"[-500,-300]",HR≥-/EDG≥5.0/CV≤-/μ≥0.0/TP≥-,185,168,128,40,76.19,-3.81,-11.98,4.37,-6.393,0.308,13
2026-05,batter_strikeouts,OVER,"[-500,-300]",HR≥-/EDG≥5.0/CV≤-/μ≥0.0/TP≥50,185,168,128,40,76.19,-3.81,-11.98,4.37,-6.393,0.308,13
2026-05,batter_strikeouts,OVER,"[-500,-300]",HR≥-/EDG≥5.0/CV≤-/μ≥0.0/TP≥55,185,168,128,40,76.19,-3.81,-11.98,4.37,-6.393,0.308,13
2026-05,batter_strikeouts,OVER,"[-500,-300]",HR≥-/EDG≥5.0/CV≤-/μ≥0.0/TP≥60,185,168,128,40,76.19,-3.81,-11.98,4.37,-6.393,0.308,13
2026-05,batter_strikeouts,OVER,"[-500,-300]",HR≥-/EDG≥5.0/CV≤-/μ≥0.0/TP≥65,185,168,128,40,76.19,-3.81,-11.98,4.37,-6.393,0.308,13
2026-05,batter_strikeouts,OVER,"[-500,-300]",HR≥-/EDG≥5.0/CV≤-/μ≥0.5/TP≥-,185,168,128,40,76.19,-3.81,-11.98,4.37,-6.393,0.308,13
2026-05,batter_strikeouts,OVER,"[-500,-300]",HR≥-/EDG≥5.0/CV≤-/μ≥0.5/TP≥50,185,168,128,40,76.19,-3.81,-11.98,4.37,-6.393,0.308,13
2026-05,batter_strikeouts,OVER,"[-500,-300]",HR≥-/EDG≥5.0/CV≤-/μ≥0.5/TP≥55,185,168,128,40,76.19,-3.81,-11.98,4.37,-6.393,0.308,13
2026-05,batter_strikeouts,OVER,"[-500,-300]",HR≥-/EDG≥5.0/CV≤-/μ≥0.5/TP≥60,185,168,128,40,76.19,-3.81,-11.98,4.37,-6.393,0.308,13
2026-05,batter_strikeouts,OVER,"[-500,-300]",HR≥-/EDG≥5.0/CV≤-/μ≥0.5/TP≥65,185,168,128,40,76.19,-3.81,-11.98,4.37,-6.393,0.308,13
2026-05,batter_strikeouts,OVER,"[-500,-300]",HR≥-/EDG≥5.0/CV≤-/μ≥1.0/TP≥-,156,140,110,30,78.57,-1.03,-9.65,7.59,-1.446,0.385,13
2026-05,batter_strikeouts,OVER,"[-500,-300]",HR≥-/EDG≥5.0/CV≤-/μ≥1.0/TP≥50,156,140,110,30,78.57,-1.03,-9.65,7.59,-1.446,0.385,13
2026-05,batter_strikeouts,OVER,"[-500,-300]",HR≥-/EDG≥5.0/CV≤-/μ≥1.0/TP≥55,156,140,110,30,78.57,-1.03,-9.65,7.59,-1.446,0.385,13
2026-05,batter_strikeouts,OVER,"[-500,-300]",HR≥-/EDG≥5.0/CV≤-/μ≥1.0/TP≥60,156,140,110,30,78.57,-1.03,-9.65,7.59,-1.446,0.385,13
2026-05,batter_strikeouts,OVER,"[-500,-300]",HR≥-/EDG≥5.0/CV≤-/μ≥1.0/TP≥65,156,140,110,30,78.57,-1.03,-9.65,7.59,-1.446,0.385,13
2026-05,batter_strikeouts,OVER,"[-500,-300]",HR≥-/EDG≥5.0/CV≤0.7/μ≥-/TP≥-,76,68,50,18,73.53,-6.84,-20.26,6.57,-4.653,0.333,12
2026-05,batter_strikeouts,OVER,"[-500,-300]",HR≥-/EDG≥5.0/CV≤0.7/μ≥-/TP≥50,76,68,50,18,73.53,-6.84,-20.26,6.57,-4.653,0.333,12
2026-05,batter_strikeouts,OVER,"[-500,-300]",HR≥-/EDG≥5.0/CV≤0.7/μ≥-/TP≥55,76,68,50,18,73.53,-6.84,-20.26,6.57,-4.653,0.333,12
2026-05,batter_strikeouts,OVER,"[-500,-300]",HR≥-/EDG≥5.0/CV≤0.7/μ≥-/TP≥60,76,68,50,18,73.53,-6.84,-20.26,6.57,-4.653,0.333,12
2026-05,batter_strikeouts,OVER,"[-500,-300]",HR≥-/EDG≥5.0/CV≤0.7/μ≥-/TP≥65,76,68,50,18,73.53,-6.84,-20.26,6.57,-4.653,0.333,12
2026-05,batter_strikeouts,OVER,"[-500,-300]",HR≥-/EDG≥5.0/CV≤0.7/μ≥0.0/TP≥-,76,68,50,18,73.53,-6.84,-20.26,6.57,-4.653,0.333,12
2026-05,batter_strikeouts,OVER,"[-500,-300]",HR≥-/EDG≥5.0/CV≤0.7/μ≥0.0/TP≥50,76,68,50,18,73.53,-6.84,-20.26,6.57,-4.653,0.333,12
2026-05,batter_strikeouts,OVER,"[-500,-300]",HR≥-/EDG≥5.0/CV≤0.7/μ≥0.0/TP≥55,76,68,50,18,73.53,-6.84,-20.26,6.57,-4.653,0.333,12
2026-05,batter_strikeouts,OVER,"[-500,-300]",HR≥-/EDG≥5.0/CV≤0.7/μ≥0.0/TP≥60,76,68,50,18,73.53,-6.84,-20.26,6.57,-4.653,0.333,12
2026-05,batter_strikeouts,OVER,"[-500,-300]",HR≥-/EDG≥5.0/CV≤0.7/μ≥0.0/TP≥65,76,68,50,18,73.53,-6.84,-20.26,6.57,-4.653,0.333,12
2026-05,batter_strikeouts,OVER,"[-500,-300]",HR≥-/EDG≥5.0/CV≤0.7/μ≥0.5/TP≥-,76,68,50,18,73.53,-6.84,-20.26,6.57,-4.653,0.333,12
2026-05,batter_strikeouts,OVER,"[-500,-300]",HR≥-/EDG≥5.0/CV≤0.7/μ≥0.5/TP≥50,76,68,50,18,73.53,-6.84,-20.26,6.57,-4.653,0.333,12
2026-05,batter_strikeouts,OVER,"[-500,-300]",HR≥-/EDG≥5.0/CV≤0.7/μ≥0.5/TP≥55,76,68,50,18,73.53,-6.84,-20.26,6.57,-4.653,0.333,12
2026-05,batter_strikeouts,OVER,"[-500,-300]",HR≥-/EDG≥5.0/CV≤0.7/μ≥0.5/TP≥60,76,68,50,18,73.53,-6.84,-20.26,6.57,-4.653,0.333,12
2026-05,batter_strikeouts,OVER,"[-500,-300]",HR≥-/EDG≥5.0/CV≤0.7/μ≥0.5/TP≥65,76,68,50,18,73.53,-6.84,-20.26,6.57,-4.653,0.333,12
2026-05,batter_strikeouts,OVER,"[-500,-300]",HR≥-/EDG≥5.0/CV≤0.7/μ≥1.0/TP≥-,59,51,38,13,74.51,-5.98,-21.26,9.31,-3.048,0.545,11
2026-05,batter_strikeouts,OVER,"[-500,-300]",HR≥-/EDG≥5.0/CV≤0.7/μ≥1.0/TP≥50,59,51,38,13,74.51,-5.98,-21.26,9.31,-3.048,0.545,11
2026-05,batter_strikeouts,OVER,"[-500,-300]",HR≥-/EDG≥5.0/CV≤0.7/μ≥1.0/TP≥55,59,51,38,13,74.51,-5.98,-21.26,9.31,-3.048,0.545,11
2026-05,batter_strikeouts,OVER,"[-500,-300]",HR≥-/EDG≥5.0/CV≤0.7/μ≥1.0/TP≥60,59,51,38,13,74.51,-5.98,-21.26,9.31,-3.048,0.545,11
2026-05,batter_strikeouts,OVER,"[-500,-300]",HR≥-/EDG≥5.0/CV≤0.7/μ≥1.0/TP≥65,59,51,38,13,74.51,-5.98,-21.26,9.31,-3.048,0.545,11
2026-05,batter_strikeouts,OVER,"[-500,-300]",HR≥-/EDG≥5.0/CV≤0.6/μ≥-/TP≥-,36,32,25,7,78.12,-1.33,-19.76,17.11,-0.424,0.6,10
2026-05,batter_strikeouts,OVER,"[-500,-300]",HR≥-/EDG≥5.0/CV≤0.6/μ≥-/TP≥50,36,32,25,7,78.12,-1.33,-19.76,17.11,-0.424,0.6,10
2026-05,batter_strikeouts,OVER,"[-500,-300]",HR≥-/EDG≥5.0/CV≤0.6/μ≥-/TP≥55,36,32,25,7,78.12,-1.33,-19.76,17.11,-0.424,0.6,10
2026-05,batter_strikeouts,OVER,"[-500,-300]",HR≥-/EDG≥5.0/CV≤0.6/μ≥-/TP≥60,36,32,25,7,78.12,-1.33,-19.76,17.11,-0.424,0.6,10
2026-05,batter_strikeouts,OVER,"[-500,-300]",HR≥-/EDG≥5.0/CV≤0.6/μ≥-/TP≥65,36,32,25,7,78.12,-1.33,-19.76,17.11,-0.424,0.6,10
2026-05,batter_strikeouts,OVER,"[-500,-300]",HR≥-/EDG≥5.0/CV≤0.6/μ≥0.0/TP≥-,36,32,25,7,78.12,-1.33,-19.76,17.11,-0.424,0.6,10
2026-05,batter_strikeouts,OVER,"[-500,-300]",HR≥-/EDG≥5.0/CV≤0.6/μ≥0.0/TP≥50,36,32,25,7,78.12,-1.33,-19.76,17.11,-0.424,0.6,10
2026-05,batter_strikeouts,OVER,"[-500,-300]",HR≥-/EDG≥5.0/CV≤0.6/μ≥0.0/TP≥55,36,32,25,7,78.12,-1.33,-19.76,17.11,-0.424,0.6,10
2026-05,batter_strikeouts,OVER,"[-500,-300]",HR≥-/EDG≥5.0/CV≤0.6/μ≥0.0/TP≥60,36,32,25,7,78.12,-1.33,-19.76,17.11,-0.424,0.6,10
2026-05,batter_strikeouts,OVER,"[-500,-300]",HR≥-/EDG≥5.0/CV≤0.6/μ≥0.0/TP≥65,36,32,25,7,78.12,-1.33,-19.76,17.11,-0.424,0.6,10
2026-05,batter_strikeouts,OVER,"[-500,-300]",HR≥-/EDG≥5.0/CV≤0.6/μ≥0.5/TP≥-,36,32,25,7,78.12,-1.33,-19.76,17.11,-0.424,0.6,10
2026-05,batter_strikeouts,OVER,"[-500,-300]",HR≥-/EDG≥5.0/CV≤0.6/μ≥0.5/TP≥50,36,32,25,7,78.12,-1.33,-19.76,17.11,-0.424,0.6,10
2026-05,batter_strikeouts,OVER,"[-500,-300]",HR≥-/EDG≥5.0/CV≤0.6/μ≥0.5/TP≥55,36,32,25,7,78.12,-1.33,-19.76,17.11,-0.424,0.6,10
2026-05,batter_strikeouts,OVER,"[-500,-300]",HR≥-/EDG≥5.0/CV≤0.6/μ≥0.5/TP≥60,36,32,25,7,78.12,-1.33,-19.76,17.11,-0.424,0.6,10
2026-05,batter_strikeouts,OVER,"[-500,-300]",HR≥-/EDG≥5.0/CV≤0.6/μ≥0.5/TP≥65,36,32,25,7,78.12,-1.33,-19.76,17.11,-0.424,0.6,10
2026-05,batter_strikeouts,OVER,"[-500,-300]",HR≥-/EDG≥10.0/CV≤-/μ≥-/TP≥-,142,128,97,31,75.78,-3.78,-13.27,5.7,-4.843,0.462,13
2026-05,batter_strikeouts,OVER,"[-500,-300]",HR≥-/EDG≥10.0/CV≤-/μ≥-/TP≥50,142,128,97,31,75.78,-3.78,-13.27,5.7,-4.843,0.462,13
2026-05,batter_strikeouts,OVER,"[-500,-300]",HR≥-/EDG≥10.0/CV≤-/μ≥-/TP≥55,142,128,97,31,75.78,-3.78,-13.27,5.7,-4.843,0.462,13
2026-05,batter_strikeouts,OVER,"[-500,-300]",HR≥-/EDG≥10.0/CV≤-/μ≥-/TP≥60,142,128,97,31,75.78,-3.78,-13.27,5.7,-4.843,0.462,13
2026-05,batter_strikeouts,OVER,"[-500,-300]",HR≥-/EDG≥10.0/CV≤-/μ≥-/TP≥65,142,128,97,31,75.78,-3.78,-13.27,5.7,-4.843,0.462,13
2026-05,batter_strikeouts,OVER,"[-500,-300]",HR≥-/EDG≥10.0/CV≤-/μ≥0.0/TP≥-,142,128,97,31,75.78,-3.78,-13.27,5.7,-4.843,0.462,13
2026-05,batter_strikeouts,OVER,"[-500,-300]",HR≥-/EDG≥10.0/CV≤-/μ≥0.0/TP≥50,142,128,97,31,75.78,-3.78,-13.27,5.7,-4.843,0.462,13
2026-05,batter_strikeouts,OVER,"[-500,-300]",HR≥-/EDG≥10.0/CV≤-/μ≥0.0/TP≥55,142,128,97,31,75.78,-3.78,-13.27,5.7,-4.843,0.462,13
2026-05,batter_strikeouts,OVER,"[-500,-300]",HR≥-/EDG≥10.0/CV≤-/μ≥0.0/TP≥60,142,128,97,31,75.78,-3.78,-13.27,5.7,-4.843,0.462,13
2026-05,batter_strikeouts,OVER,"[-500,-300]",HR≥-/EDG≥10.0/CV≤-/μ≥0.0/TP≥65,142,128,97,31,75.78,-3.78,-13.27,5.7,-4.843,0.462,13
2026-05,batter_strikeouts,OVER,"[-500,-300]",HR≥-/EDG≥10.0/CV≤-/μ≥0.5/TP≥-,142,128,97,31,75.78,-3.78,-13.27,5.7,-4.843,0.462,13
2026-05,batter_strikeouts,OVER,"[-500,-300]",HR≥-/EDG≥10.0/CV≤-/μ≥0.5/TP≥50,142,128,97,31,75.78,-3.78,-13.27,5.7,-4.843,0.462,13
2026-05,batter_strikeouts,OVER,"[-500,-300]",HR≥-/EDG≥10.0/CV≤-/μ≥0.5/TP≥55,142,128,97,31,75.78,-3.78,-13.27,5.7,-4.843,0.462,13
2026-05,batter_strikeouts,OVER,"[-500,-300]",HR≥-/EDG≥10.0/CV≤-/μ≥0.5/TP≥60,142,128,97,31,75.78,-3.78,-13.27,5.7,-4.843,0.462,13
2026-05,batter_strikeouts,OVER,"[-500,-300]",HR≥-/EDG≥10.0/CV≤-/μ≥0.5/TP≥65,142,128,97,31,75.78,-3.78,-13.27,5.7,-4.843,0.462,13
2026-05,batter_strikeouts,OVER,"[-500,-300]",HR≥-/EDG≥10.0/CV≤-/μ≥1.0/TP≥-,127,114,87,27,76.32,-3.38,-13.33,6.57,-3.853,0.417,12
2026-05,batter_strikeouts,OVER,"[-500,-300]",HR≥-/EDG≥10.0/CV≤-/μ≥1.0/TP≥50,127,114,87,27,76.32,-3.38,-13.33,6.57,-3.853,0.417,12
2026-05,batter_strikeouts,OVER,"[-500,-300]",HR≥-/EDG≥10.0/CV≤-/μ≥1.0/TP≥55,127,114,87,27,76.32,-3.38,-13.33,6.57,-3.853,0.417,12
2026-05,batter_strikeouts,OVER,"[-500,-300]",HR≥-/EDG≥10.0/CV≤-/μ≥1.0/TP≥60,127,114,87,27,76.32,-3.38,-13.33,6.57,-3.853,0.417,12
2026-05,batter_strikeouts,OVER,"[-500,-300]",HR≥-/EDG≥10.0/CV≤-/μ≥1.0/TP≥65,127,114,87,27,76.32,-3.38,-13.33,6.57,-3.853,0.417,12
2026-05,batter_strikeouts,OVER,"[-500,-300]",HR≥-/EDG≥10.0/CV≤0.7/μ≥-/TP≥-,59,51,38,13,74.51,-5.05,-20.47,10.38,-2.573,0.5,12
2026-05,batter_strikeouts,OVER,"[-500,-300]",HR≥-/EDG≥10.0/CV≤0.7/μ≥-/TP≥50,59,51,38,13,74.51,-5.05,-20.47,10.38,-2.573,0.5,12
2026-05,batter_strikeouts,OVER,"[-500,-300]",HR≥-/EDG≥10.0/CV≤0.7/μ≥-/TP≥55,59,51,38,13,74.51,-5.05,-20.47,10.38,-2.573,0.5,12
2026-05,batter_strikeouts,OVER,"[-500,-300]",HR≥-/EDG≥10.0/CV≤0.7/μ≥-/TP≥60,59,51,38,13,74.51,-5.05,-20.47,10.38,-2.573,0.5,12
2026-05,batter_strikeouts,OVER,"[-500,-300]",HR≥-/EDG≥10.0/CV≤0.7/μ≥-/TP≥65,59,51,38,13,74.51,-5.05,-20.47,10.38,-2.573,0.5,12
2026-05,batter_strikeouts,OVER,"[-500,-300]",HR≥-/EDG≥10.0/CV≤0.7/μ≥0.0/TP≥-,59,51,38,13,74.51,-5.05,-20.47,10.38,-2.573,0.5,12
2026-05,batter_strikeouts,OVER,"[-500,-300]",HR≥-/EDG≥10.0/CV≤0.7/μ≥0.0/TP≥50,59,51,38,13,74.51,-5.05,-20.47,10.38,-2.573,0.5,12
2026-05,batter_strikeouts,OVER,"[-500,-300]",HR≥-/EDG≥10.0/CV≤0.7/μ≥0.0/TP≥55,59,51,38,13,74.51,-5.05,-20.47,10.38,-2.573,0.5,12
2026-05,batter_strikeouts,OVER,"[-500,-300]",HR≥-/EDG≥10.0/CV≤0.7/μ≥0.0/TP≥60,59,51,38,13,74.51,-5.05,-20.47,10.38,-2.573,0.5,12
2026-05,batter_strikeouts,OVER,"[-500,-300]",HR≥-/EDG≥10.0/CV≤0.7/μ≥0.0/TP≥65,59,51,38,13,74.51,-5.05,-20.47,10.38,-2.573,0.5,12
2026-05,batter_strikeouts,OVER,"[-500,-300]",HR≥-/EDG≥10.0/CV≤0.7/μ≥0.5/TP≥-,59,51,38,13,74.51,-5.05,-20.47,10.38,-2.573,0.5,12
2026-05,batter_strikeouts,OVER,"[-500,-300]",HR≥-/EDG≥10.0/CV≤0.7/μ≥0.5/TP≥50,59,51,38,13,74.51,-5.05,-20.47,10.38,-2.573,0.5,12
2026-05,batter_strikeouts,OVER,"[-500,-300]",HR≥-/EDG≥10.0/CV≤0.7/μ≥0.5/TP≥55,59,51,38,13,74.51,-5.05,-20.47,10.38,-2.573,0.5,12
2026-05,batter_strikeouts,OVER,"[-500,-300]",HR≥-/EDG≥10.0/CV≤0.7/μ≥0.5/TP≥60,59,51,38,13,74.51,-5.05,-20.47,10.38,-2.573,0.5,12
2026-05,batter_strikeouts,OVER,"[-500,-300]",HR≥-/EDG≥10.0/CV≤0.7/μ≥0.5/TP≥65,59,51,38,13,74.51,-5.05,-20.47,10.38,-2.573,0.5,12
2026-05,batter_strikeouts,OVER,"[-500,-300]",HR≥-/EDG≥10.0/CV≤0.7/μ≥1.0/TP≥-,51,43,31,12,72.09,-8.44,-25.7,8.82,-3.63,0.545,11
2026-05,batter_strikeouts,OVER,"[-500,-300]",HR≥-/EDG≥10.0/CV≤0.7/μ≥1.0/TP≥50,51,43,31,12,72.09,-8.44,-25.7,8.82,-3.63,0.545,11
2026-05,batter_strikeouts,OVER,"[-500,-300]",HR≥-/EDG≥10.0/CV≤0.7/μ≥1.0/TP≥55,51,43,31,12,72.09,-8.44,-25.7,8.82,-3.63,0.545,11
2026-05,batter_strikeouts,OVER,"[-500,-300]",HR≥-/EDG≥10.0/CV≤0.7/μ≥1.0/TP≥60,51,43,31,12,72.09,-8.44,-25.7,8.82,-3.63,0.545,11
2026-05,batter_strikeouts,OVER,"[-500,-300]",HR≥-/EDG≥10.0/CV≤0.7/μ≥1.0/TP≥65,51,43,31,12,72.09,-8.44,-25.7,8.82,-3.63,0.545,11
2026-05,batter_strikeouts,OVER,"[-500,-300]",HR≥45/EDG≥-/CV≤-/μ≥-/TP≥-,410,373,281,92,75.34,-5.34,-10.86,0.18,-19.92,0.308,13
2026-05,batter_strikeouts,OVER,"[-500,-300]",HR≥45/EDG≥-/CV≤-/μ≥-/TP≥50,405,368,278,90,75.54,-5.09,-10.63,0.46,-18.717,0.385,13
2026-05,batter_strikeouts,OVER,"[-500,-300]",HR≥45/EDG≥-/CV≤-/μ≥-/TP≥55,398,361,273,88,75.62,-5.03,-10.61,0.56,-18.148,0.385,13
2026-05,batter_strikeouts,OVER,"[-500,-300]",HR≥45/EDG≥-/CV≤-/μ≥-/TP≥60,387,350,264,86,75.43,-5.27,-10.96,0.42,-18.45,0.308,13
2026-05,batter_strikeouts,OVER,"[-500,-300]",HR≥45/EDG≥-/CV≤-/μ≥-/TP≥65,360,327,245,82,74.92,-5.92,-11.85,0.0,-19.373,0.308,13
2026-05,batter_strikeouts,OVER,"[-500,-300]",HR≥45/EDG≥-/CV≤-/μ≥0.0/TP≥-,405,368,278,90,75.54,-5.09,-10.63,0.46,-18.717,0.385,13
2026-05,batter_strikeouts,OVER,"[-500,-300]",HR≥45/EDG≥-/CV≤-/μ≥0.0/TP≥50,405,368,278,90,75.54,-5.09,-10.63,0.46,-18.717,0.385,13
2026-05,batter_strikeouts,OVER,"[-500,-300]",HR≥45/EDG≥-/CV≤-/μ≥0.0/TP≥55,398,361,273,88,75.62,-5.03,-10.61,0.56,-18.148,0.385,13
2026-05,batter_strikeouts,OVER,"[-500,-300]",HR≥45/EDG≥-/CV≤-/μ≥0.0/TP≥60,387,350,264,86,75.43,-5.27,-10.96,0.42,-18.45,0.308,13
2026-05,batter_strikeouts,OVER,"[-500,-300]",HR≥45/EDG≥-/CV≤-/μ≥0.0/TP≥65,360,327,245,82,74.92,-5.92,-11.85,0.0,-19.373,0.308,13
2026-05,batter_strikeouts,OVER,"[-500,-300]",HR≥45/EDG≥-/CV≤-/μ≥0.5/TP≥-,308,278,212,66,76.26,-4.47,-10.77,1.83,-12.421,0.385,13
2026-05,batter_strikeouts,OVER,"[-500,-300]",HR≥45/EDG≥-/CV≤-/μ≥0.5/TP≥50,308,278,212,66,76.26,-4.47,-10.77,1.83,-12.421,0.385,13
2026-05,batter_strikeouts,OVER,"[-500,-300]",HR≥45/EDG≥-/CV≤-/μ≥0.5/TP≥55,308,278,212,66,76.26,-4.47,-10.77,1.83,-12.421,0.385,13
2026-05,batter_strikeouts,OVER,"[-500,-300]",HR≥45/EDG≥-/CV≤-/μ≥0.5/TP≥60,308,278,212,66,76.26,-4.47,-10.77,1.83,-12.421,0.385,13
2026-05,batter_strikeouts,OVER,"[-500,-300]",HR≥45/EDG≥-/CV≤-/μ≥0.5/TP≥65,307,277,211,66,76.17,-4.57,-10.89,1.74,-12.67,0.308,13
2026-05,batter_strikeouts,OVER,"[-500,-300]",HR≥45/EDG≥-/CV≤-/μ≥1.0/TP≥-,176,159,127,32,79.87,0.21,-7.67,8.08,0.328,0.538,13
2026-05,batter_strikeouts,OVER,"[-500,-300]",HR≥45/EDG≥-/CV≤-/μ≥1.0/TP≥50,176,159,127,32,79.87,0.21,-7.67,8.08,0.328,0.538,13
2026-05,batter_strikeouts,OVER,"[-500,-300]",HR≥45/EDG≥-/CV≤-/μ≥1.0/TP≥55,176,159,127,32,79.87,0.21,-7.67,8.08,0.328,0.538,13
2026-05,batter_strikeouts,OVER,"[-500,-300]",HR≥45/EDG≥-/CV≤-/μ≥1.0/TP≥60,176,159,127,32,79.87,0.21,-7.67,8.08,0.328,0.538,13
2026-05,batter_strikeouts,OVER,"[-500,-300]",HR≥45/EDG≥-/CV≤-/μ≥1.0/TP≥65,176,159,127,32,79.87,0.21,-7.67,8.08,0.328,0.538,13
2026-05,batter_strikeouts,OVER,"[-500,-300]",HR≥45/EDG≥-/CV≤0.7/μ≥-/TP≥-,141,128,90,38,70.31,-11.93,-21.92,-1.95,-15.275,0.308,13
2026-05,batter_strikeouts,OVER,"[-500,-300]",HR≥45/EDG≥-/CV≤0.7/μ≥-/TP≥50,141,128,90,38,70.31,-11.93,-21.92,-1.95,-15.275,0.308,13
2026-05,batter_strikeouts,OVER,"[-500,-300]",HR≥45/EDG≥-/CV≤0.7/μ≥-/TP≥55,141,128,90,38,70.31,-11.93,-21.92,-1.95,-15.275,0.308,13
2026-05,batter_strikeouts,OVER,"[-500,-300]",HR≥45/EDG≥-/CV≤0.7/μ≥-/TP≥60,141,128,90,38,70.31,-11.93,-21.92,-1.95,-15.275,0.308,13
2026-05,batter_strikeouts,OVER,"[-500,-300]",HR≥45/EDG≥-/CV≤0.7/μ≥-/TP≥65,138,125,88,37,70.4,-11.93,-22.01,-1.85,-14.916,0.167,12
2026-05,batter_strikeouts,OVER,"[-500,-300]",HR≥45/EDG≥-/CV≤0.7/μ≥0.0/TP≥-,141,128,90,38,70.31,-11.93,-21.92,-1.95,-15.275,0.308,13
2026-05,batter_strikeouts,OVER,"[-500,-300]",HR≥45/EDG≥-/CV≤0.7/μ≥0.0/TP≥50,141,128,90,38,70.31,-11.93,-21.92,-1.95,-15.275,0.308,13
2026-05,batter_strikeouts,OVER,"[-500,-300]",HR≥45/EDG≥-/CV≤0.7/μ≥0.0/TP≥55,141,128,90,38,70.31,-11.93,-21.92,-1.95,-15.275,0.308,13
2026-05,batter_strikeouts,OVER,"[-500,-300]",HR≥45/EDG≥-/CV≤0.7/μ≥0.0/TP≥60,141,128,90,38,70.31,-11.93,-21.92,-1.95,-15.275,0.308,13
2026-05,batter_strikeouts,OVER,"[-500,-300]",HR≥45/EDG≥-/CV≤0.7/μ≥0.0/TP≥65,138,125,88,37,70.4,-11.93,-22.01,-1.85,-14.916,0.167,12
2026-05,batter_strikeouts,OVER,"[-500,-300]",HR≥45/EDG≥-/CV≤0.7/μ≥0.5/TP≥-,115,104,76,28,73.08,-8.57,-19.32,2.18,-8.91,0.25,12
2026-05,batter_strikeouts,OVER,"[-500,-300]",HR≥45/EDG≥-/CV≤0.7/μ≥0.5/TP≥50,115,104,76,28,73.08,-8.57,-19.32,2.18,-8.91,0.25,12
2026-05,batter_strikeouts,OVER,"[-500,-300]",HR≥45/EDG≥-/CV≤0.7/μ≥0.5/TP≥55,115,104,76,28,73.08,-8.57,-19.32,2.18,-8.91,0.25,12
2026-05,batter_strikeouts,OVER,"[-500,-300]",HR≥45/EDG≥-/CV≤0.7/μ≥0.5/TP≥60,115,104,76,28,73.08,-8.57,-19.32,2.18,-8.91,0.25,12
2026-05,batter_strikeouts,OVER,"[-500,-300]",HR≥45/EDG≥-/CV≤0.7/μ≥0.5/TP≥65,115,104,76,28,73.08,-8.57,-19.32,2.18,-8.91,0.25,12
2026-05,batter_strikeouts,OVER,"[-500,-300]",HR≥45/EDG≥-/CV≤0.7/μ≥1.0/TP≥-,65,57,44,13,77.19,-2.75,-16.64,11.13,-1.568,0.545,11
2026-05,batter_strikeouts,OVER,"[-500,-300]",HR≥45/EDG≥-/CV≤0.7/μ≥1.0/TP≥50,65,57,44,13,77.19,-2.75,-16.64,11.13,-1.568,0.545,11
2026-05,batter_strikeouts,OVER,"[-500,-300]",HR≥45/EDG≥-/CV≤0.7/μ≥1.0/TP≥55,65,57,44,13,77.19,-2.75,-16.64,11.13,-1.568,0.545,11
2026-05,batter_strikeouts,OVER,"[-500,-300]",HR≥45/EDG≥-/CV≤0.7/μ≥1.0/TP≥60,65,57,44,13,77.19,-2.75,-16.64,11.13,-1.568,0.545,11
2026-05,batter_strikeouts,OVER,"[-500,-300]",HR≥45/EDG≥-/CV≤0.7/μ≥1.0/TP≥65,65,57,44,13,77.19,-2.75,-16.64,11.13,-1.568,0.545,11
2026-05,batter_strikeouts,OVER,"[-500,-300]",HR≥45/EDG≥-/CV≤0.6/μ≥-/TP≥-,63,58,38,20,65.52,-18.84,-34.18,-3.5,-10.928,0.333,12
2026-05,batter_strikeouts,OVER,"[-500,-300]",HR≥45/EDG≥-/CV≤0.6/μ≥-/TP≥50,63,58,38,20,65.52,-18.84,-34.18,-3.5,-10.928,0.333,12
2026-05,batter_strikeouts,OVER,"[-500,-300]",HR≥45/EDG≥-/CV≤0.6/μ≥-/TP≥55,63,58,38,20,65.52,-18.84,-34.18,-3.5,-10.928,0.333,12
2026-05,batter_strikeouts,OVER,"[-500,-300]",HR≥45/EDG≥-/CV≤0.6/μ≥-/TP≥60,63,58,38,20,65.52,-18.84,-34.18,-3.5,-10.928,0.333,12
2026-05,batter_strikeouts,OVER,"[-500,-300]",HR≥45/EDG≥-/CV≤0.6/μ≥-/TP≥65,62,57,38,19,66.67,-17.42,-32.77,-2.07,-9.928,0.333,12
2026-05,batter_strikeouts,OVER,"[-500,-300]",HR≥45/EDG≥-/CV≤0.6/μ≥0.0/TP≥-,63,58,38,20,65.52,-18.84,-34.18,-3.5,-10.928,0.333,12
2026-05,batter_strikeouts,OVER,"[-500,-300]",HR≥45/EDG≥-/CV≤0.6/μ≥0.0/TP≥50,63,58,38,20,65.52,-18.84,-34.18,-3.5,-10.928,0.333,12
2026-05,batter_strikeouts,OVER,"[-500,-300]",HR≥45/EDG≥-/CV≤0.6/μ≥0.0/TP≥55,63,58,38,20,65.52,-18.84,-34.18,-3.5,-10.928,0.333,12
2026-05,batter_strikeouts,OVER,"[-500,-300]",HR≥45/EDG≥-/CV≤0.6/μ≥0.0/TP≥60,63,58,38,20,65.52,-18.84,-34.18,-3.5,-10.928,0.333,12
2026-05,batter_strikeouts,OVER,"[-500,-300]",HR≥45/EDG≥-/CV≤0.6/μ≥0.0/TP≥65,62,57,38,19,66.67,-17.42,-32.77,-2.07,-9.928,0.333,12
2026-05,batter_strikeouts,OVER,"[-500,-300]",HR≥45/EDG≥-/CV≤0.6/μ≥0.5/TP≥-,50,45,32,13,71.11,-11.56,-28.28,5.16,-5.201,0.455,11
2026-05,batter_strikeouts,OVER,"[-500,-300]",HR≥45/EDG≥-/CV≤0.6/μ≥0.5/TP≥50,50,45,32,13,71.11,-11.56,-28.28,5.16,-5.201,0.455,11
2026-05,batter_strikeouts,OVER,"[-500,-300]",HR≥45/EDG≥-/CV≤0.6/μ≥0.5/TP≥55,50,45,32,13,71.11,-11.56,-28.28,5.16,-5.201,0.455,11
2026-05,batter_strikeouts,OVER,"[-500,-300]",HR≥45/EDG≥-/CV≤0.6/μ≥0.5/TP≥60,50,45,32,13,71.11,-11.56,-28.28,5.16,-5.201,0.455,11
2026-05,batter_strikeouts,OVER,"[-500,-300]",HR≥45/EDG≥-/CV≤0.6/μ≥0.5/TP≥65,50,45,32,13,71.11,-11.56,-28.28,5.16,-5.201,0.455,11
2026-05,batter_strikeouts,OVER,"[-500,-300]",HR≥45/EDG≥-/CV≤0.5/μ≥-/TP≥-,42,39,26,13,66.67,-17.19,-35.87,1.5,-6.702,0.2,10
2026-05,batter_strikeouts,OVER,"[-500,-300]",HR≥45/EDG≥-/CV≤0.5/μ≥-/TP≥50,42,39,26,13,66.67,-17.19,-35.87,1.5,-6.702,0.2,10
2026-05,batter_strikeouts,OVER,"[-500,-300]",HR≥45/EDG≥-/CV≤0.5/μ≥-/TP≥55,42,39,26,13,66.67,-17.19,-35.87,1.5,-6.702,0.2,10
2026-05,batter_strikeouts,OVER,"[-500,-300]",HR≥45/EDG≥-/CV≤0.5/μ≥-/TP≥60,42,39,26,13,66.67,-17.19,-35.87,1.5,-6.702,0.2,10
2026-05,batter_strikeouts,OVER,"[-500,-300]",HR≥45/EDG≥-/CV≤0.5/μ≥-/TP≥65,41,38,26,12,68.42,-15.01,-33.68,3.67,-5.702,0.2,10
2026-05,batter_strikeouts,OVER,"[-500,-300]",HR≥45/EDG≥-/CV≤0.5/μ≥0.0/TP≥-,42,39,26,13,66.67,-17.19,-35.87,1.5,-6.702,0.2,10
2026-05,batter_strikeouts,OVER,"[-500,-300]",HR≥45/EDG≥-/CV≤0.5/μ≥0.0/TP≥50,42,39,26,13,66.67,-17.19,-35.87,1.5,-6.702,0.2,10
2026-05,batter_strikeouts,OVER,"[-500,-300]",HR≥45/EDG≥-/CV≤0.5/μ≥0.0/TP≥55,42,39,26,13,66.67,-17.19,-35.87,1.5,-6.702,0.2,10
2026-05,batter_strikeouts,OVER,"[-500,-300]",HR≥45/EDG≥-/CV≤0.5/μ≥0.0/TP≥60,42,39,26,13,66.67,-17.19,-35.87,1.5,-6.702,0.2,10
2026-05,batter_strikeouts,OVER,"[-500,-300]",HR≥45/EDG≥-/CV≤0.5/μ≥0.0/TP≥65,41,38,26,12,68.42,-15.01,-33.68,3.67,-5.702,0.2,10
2026-05,batter_strikeouts,OVER,"[-500,-300]",HR≥45/EDG≥-5.0/CV≤-/μ≥-/TP≥-,281,253,198,55,78.26,-1.67,-8.09,4.75,-4.234,0.308,13
2026-05,batter_strikeouts,OVER,"[-500,-300]",HR≥45/EDG≥-5.0/CV≤-/μ≥-/TP≥50,281,253,198,55,78.26,-1.67,-8.09,4.75,-4.234,0.308,13
2026-05,batter_strikeouts,OVER,"[-500,-300]",HR≥45/EDG≥-5.0/CV≤-/μ≥-/TP≥55,281,253,198,55,78.26,-1.67,-8.09,4.75,-4.234,0.308,13
2026-05,batter_strikeouts,OVER,"[-500,-300]",HR≥45/EDG≥-5.0/CV≤-/μ≥-/TP≥60,281,253,198,55,78.26,-1.67,-8.09,4.75,-4.234,0.308,13
2026-05,batter_strikeouts,OVER,"[-500,-300]",HR≥45/EDG≥-5.0/CV≤-/μ≥-/TP≥65,281,253,198,55,78.26,-1.67,-8.09,4.75,-4.234,0.308,13
2026-05,batter_strikeouts,OVER,"[-500,-300]",HR≥45/EDG≥-5.0/CV≤-/μ≥0.0/TP≥-,281,253,198,55,78.26,-1.67,-8.09,4.75,-4.234,0.308,13
2026-05,batter_strikeouts,OVER,"[-500,-300]",HR≥45/EDG≥-5.0/CV≤-/μ≥0.0/TP≥50,281,253,198,55,78.26,-1.67,-8.09,4.75,-4.234,0.308,13
2026-05,batter_strikeouts,OVER,"[-500,-300]",HR≥45/EDG≥-5.0/CV≤-/μ≥0.0/TP≥55,281,253,198,55,78.26,-1.67,-8.09,4.75,-4.234,0.308,13
2026-05,batter_strikeouts,OVER,"[-500,-300]",HR≥45/EDG≥-5.0/CV≤-/μ≥0.0/TP≥60,281,253,198,55,78.26,-1.67,-8.09,4.75,-4.234,0.308,13
2026-05,batter_strikeouts,OVER,"[-500,-300]",HR≥45/EDG≥-5.0/CV≤-/μ≥0.0/TP≥65,281,253,198,55,78.26,-1.67,-8.09,4.75,-4.234,0.308,13
2026-05,batter_strikeouts,OVER,"[-500,-300]",HR≥45/EDG≥-5.0/CV≤-/μ≥0.5/TP≥-,269,242,189,53,78.1,-1.94,-8.52,4.63,-4.705,0.308,13
2026-05,batter_strikeouts,OVER,"[-500,-300]",HR≥45/EDG≥-5.0/CV≤-/μ≥0.5/TP≥50,269,242,189,53,78.1,-1.94,-8.52,4.63,-4.705,0.308,13
2026-05,batter_strikeouts,OVER,"[-500,-300]",HR≥45/EDG≥-5.0/CV≤-/μ≥0.5/TP≥55,269,242,189,53,78.1,-1.94,-8.52,4.63,-4.705,0.308,13
2026-05,batter_strikeouts,OVER,"[-500,-300]",HR≥45/EDG≥-5.0/CV≤-/μ≥0.5/TP≥60,269,242,189,53,78.1,-1.94,-8.52,4.63,-4.705,0.308,13
2026-05,batter_strikeouts,OVER,"[-500,-300]",HR≥45/EDG≥-5.0/CV≤-/μ≥0.5/TP≥65,269,242,189,53,78.1,-1.94,-8.52,4.63,-4.705,0.308,13
2026-05,batter_strikeouts,OVER,"[-500,-300]",HR≥45/EDG≥-5.0/CV≤-/μ≥1.0/TP≥-,175,158,127,31,80.38,0.84,-6.98,8.66,1.328,0.538,13
2026-05,batter_strikeouts,OVER,"[-500,-300]",HR≥45/EDG≥-5.0/CV≤-/μ≥1.0/TP≥50,175,158,127,31,80.38,0.84,-6.98,8.66,1.328,0.538,13
2026-05,batter_strikeouts,OVER,"[-500,-300]",HR≥45/EDG≥-5.0/CV≤-/μ≥1.0/TP≥55,175,158,127,31,80.38,0.84,-6.98,8.66,1.328,0.538,13
2026-05,batter_strikeouts,OVER,"[-500,-300]",HR≥45/EDG≥-5.0/CV≤-/μ≥1.0/TP≥60,175,158,127,31,80.38,0.84,-6.98,8.66,1.328,0.538,13
2026-05,batter_strikeouts,OVER,"[-500,-300]",HR≥45/EDG≥-5.0/CV≤-/μ≥1.0/TP≥65,175,158,127,31,80.38,0.84,-6.98,8.66,1.328,0.538,13
2026-05,batter_strikeouts,OVER,"[-500,-300]",HR≥45/EDG≥-5.0/CV≤0.7/μ≥-/TP≥-,118,106,80,26,75.47,-5.45,-15.79,4.9,-5.774,0.333,12
2026-05,batter_strikeouts,OVER,"[-500,-300]",HR≥45/EDG≥-5.0/CV≤0.7/μ≥-/TP≥50,118,106,80,26,75.47,-5.45,-15.79,4.9,-5.774,0.333,12
2026-05,batter_strikeouts,OVER,"[-500,-300]",HR≥45/EDG≥-5.0/CV≤0.7/μ≥-/TP≥55,118,106,80,26,75.47,-5.45,-15.79,4.9,-5.774,0.333,12
2026-05,batter_strikeouts,OVER,"[-500,-300]",HR≥45/EDG≥-5.0/CV≤0.7/μ≥-/TP≥60,118,106,80,26,75.47,-5.45,-15.79,4.9,-5.774,0.333,12
2026-05,batter_strikeouts,OVER,"[-500,-300]",HR≥45/EDG≥-5.0/CV≤0.7/μ≥-/TP≥65,118,106,80,26,75.47,-5.45,-15.79,4.9,-5.774,0.333,12
2026-05,batter_strikeouts,OVER,"[-500,-300]",HR≥45/EDG≥-5.0/CV≤0.7/μ≥0.0/TP≥-,118,106,80,26,75.47,-5.45,-15.79,4.9,-5.774,0.333,12
2026-05,batter_strikeouts,OVER,"[-500,-300]",HR≥45/EDG≥-5.0/CV≤0.7/μ≥0.0/TP≥50,118,106,80,26,75.47,-5.45,-15.79,4.9,-5.774,0.333,12
2026-05,batter_strikeouts,OVER,"[-500,-300]",HR≥45/EDG≥-5.0/CV≤0.7/μ≥0.0/TP≥55,118,106,80,26,75.47,-5.45,-15.79,4.9,-5.774,0.333,12
2026-05,batter_strikeouts,OVER,"[-500,-300]",HR≥45/EDG≥-5.0/CV≤0.7/μ≥0.0/TP≥60,118,106,80,26,75.47,-5.45,-15.79,4.9,-5.774,0.333,12
2026-05,batter_strikeouts,OVER,"[-500,-300]",HR≥45/EDG≥-5.0/CV≤0.7/μ≥0.0/TP≥65,118,106,80,26,75.47,-5.45,-15.79,4.9,-5.774,0.333,12
2026-05,batter_strikeouts,OVER,"[-500,-300]",HR≥45/EDG≥-5.0/CV≤0.7/μ≥0.5/TP≥-,109,98,74,24,75.51,-5.47,-16.22,5.28,-5.357,0.333,12
2026-05,batter_strikeouts,OVER,"[-500,-300]",HR≥45/EDG≥-5.0/CV≤0.7/μ≥0.5/TP≥50,109,98,74,24,75.51,-5.47,-16.22,5.28,-5.357,0.333,12
2026-05,batter_strikeouts,OVER,"[-500,-300]",HR≥45/EDG≥-5.0/CV≤0.7/μ≥0.5/TP≥55,109,98,74,24,75.51,-5.47,-16.22,5.28,-5.357,0.333,12
2026-05,batter_strikeouts,OVER,"[-500,-300]",HR≥45/EDG≥-5.0/CV≤0.7/μ≥0.5/TP≥60,109,98,74,24,75.51,-5.47,-16.22,5.28,-5.357,0.333,12
2026-05,batter_strikeouts,OVER,"[-500,-300]",HR≥45/EDG≥-5.0/CV≤0.7/μ≥0.5/TP≥65,109,98,74,24,75.51,-5.47,-16.22,5.28,-5.357,0.333,12
2026-05,batter_strikeouts,OVER,"[-500,-300]",HR≥45/EDG≥-5.0/CV≤0.7/μ≥1.0/TP≥-,65,57,44,13,77.19,-2.75,-16.64,11.13,-1.568,0.545,11
2026-05,batter_strikeouts,OVER,"[-500,-300]",HR≥45/EDG≥-5.0/CV≤0.7/μ≥1.0/TP≥50,65,57,44,13,77.19,-2.75,-16.64,11.13,-1.568,0.545,11
2026-05,batter_strikeouts,OVER,"[-500,-300]",HR≥45/EDG≥-5.0/CV≤0.7/μ≥1.0/TP≥55,65,57,44,13,77.19,-2.75,-16.64,11.13,-1.568,0.545,11
2026-05,batter_strikeouts,OVER,"[-500,-300]",HR≥45/EDG≥-5.0/CV≤0.7/μ≥1.0/TP≥60,65,57,44,13,77.19,-2.75,-16.64,11.13,-1.568,0.545,11
2026-05,batter_strikeouts,OVER,"[-500,-300]",HR≥45/EDG≥-5.0/CV≤0.7/μ≥1.0/TP≥65,65,57,44,13,77.19,-2.75,-16.64,11.13,-1.568,0.545,11
2026-05,batter_strikeouts,OVER,"[-500,-300]",HR≥45/EDG≥-5.0/CV≤0.6/μ≥-/TP≥-,50,45,34,11,75.56,-6.16,-22.0,9.68,-2.772,0.5,12
2026-05,batter_strikeouts,OVER,"[-500,-300]",HR≥45/EDG≥-5.0/CV≤0.6/μ≥-/TP≥50,50,45,34,11,75.56,-6.16,-22.0,9.68,-2.772,0.5,12
2026-05,batter_strikeouts,OVER,"[-500,-300]",HR≥45/EDG≥-5.0/CV≤0.6/μ≥-/TP≥55,50,45,34,11,75.56,-6.16,-22.0,9.68,-2.772,0.5,12
2026-05,batter_strikeouts,OVER,"[-500,-300]",HR≥45/EDG≥-5.0/CV≤0.6/μ≥-/TP≥60,50,45,34,11,75.56,-6.16,-22.0,9.68,-2.772,0.5,12
2026-05,batter_strikeouts,OVER,"[-500,-300]",HR≥45/EDG≥-5.0/CV≤0.6/μ≥-/TP≥65,50,45,34,11,75.56,-6.16,-22.0,9.68,-2.772,0.5,12
2026-05,batter_strikeouts,OVER,"[-500,-300]",HR≥45/EDG≥-5.0/CV≤0.6/μ≥0.0/TP≥-,50,45,34,11,75.56,-6.16,-22.0,9.68,-2.772,0.5,12
2026-05,batter_strikeouts,OVER,"[-500,-300]",HR≥45/EDG≥-5.0/CV≤0.6/μ≥0.0/TP≥50,50,45,34,11,75.56,-6.16,-22.0,9.68,-2.772,0.5,12
2026-05,batter_strikeouts,OVER,"[-500,-300]",HR≥45/EDG≥-5.0/CV≤0.6/μ≥0.0/TP≥55,50,45,34,11,75.56,-6.16,-22.0,9.68,-2.772,0.5,12
2026-05,batter_strikeouts,OVER,"[-500,-300]",HR≥45/EDG≥-5.0/CV≤0.6/μ≥0.0/TP≥60,50,45,34,11,75.56,-6.16,-22.0,9.68,-2.772,0.5,12
2026-05,batter_strikeouts,OVER,"[-500,-300]",HR≥45/EDG≥-5.0/CV≤0.6/μ≥0.0/TP≥65,50,45,34,11,75.56,-6.16,-22.0,9.68,-2.772,0.5,12
2026-05,batter_strikeouts,OVER,"[-500,-300]",HR≥45/EDG≥-5.0/CV≤0.6/μ≥0.5/TP≥-,46,41,32,9,78.05,-2.93,-18.96,13.11,-1.201,0.545,11
2026-05,batter_strikeouts,OVER,"[-500,-300]",HR≥45/EDG≥-5.0/CV≤0.6/μ≥0.5/TP≥50,46,41,32,9,78.05,-2.93,-18.96,13.11,-1.201,0.545,11
2026-05,batter_strikeouts,OVER,"[-500,-300]",HR≥45/EDG≥-5.0/CV≤0.6/μ≥0.5/TP≥55,46,41,32,9,78.05,-2.93,-18.96,13.11,-1.201,0.545,11
2026-05,batter_strikeouts,OVER,"[-500,-300]",HR≥45/EDG≥-5.0/CV≤0.6/μ≥0.5/TP≥60,46,41,32,9,78.05,-2.93,-18.96,13.11,-1.201,0.545,11
2026-05,batter_strikeouts,OVER,"[-500,-300]",HR≥45/EDG≥-5.0/CV≤0.6/μ≥0.5/TP≥65,46,41,32,9,78.05,-2.93,-18.96,13.11,-1.201,0.545,11
2026-05,batter_strikeouts,OVER,"[-500,-300]",HR≥45/EDG≥-5.0/CV≤0.5/μ≥-/TP≥-,33,30,22,8,73.33,-8.49,-28.65,11.67,-2.547,0.5,10
2026-05,batter_strikeouts,OVER,"[-500,-300]",HR≥45/EDG≥-5.0/CV≤0.5/μ≥-/TP≥50,33,30,22,8,73.33,-8.49,-28.65,11.67,-2.547,0.5,10
2026-05,batter_strikeouts,OVER,"[-500,-300]",HR≥45/EDG≥-5.0/CV≤0.5/μ≥-/TP≥55,33,30,22,8,73.33,-8.49,-28.65,11.67,-2.547,0.5,10
2026-05,batter_strikeouts,OVER,"[-500,-300]",HR≥45/EDG≥-5.0/CV≤0.5/μ≥-/TP≥60,33,30,22,8,73.33,-8.49,-28.65,11.67,-2.547,0.5,10
2026-05,batter_strikeouts,OVER,"[-500,-300]",HR≥45/EDG≥-5.0/CV≤0.5/μ≥-/TP≥65,33,30,22,8,73.33,-8.49,-28.65,11.67,-2.547,0.5,10
2026-05,batter_strikeouts,OVER,"[-500,-300]",HR≥45/EDG≥-5.0/CV≤0.5/μ≥0.0/TP≥-,33,30,22,8,73.33,-8.49,-28.65,11.67,-2.547,0.5,10
2026-05,batter_strikeouts,OVER,"[-500,-300]",HR≥45/EDG≥-5.0/CV≤0.5/μ≥0.0/TP≥50,33,30,22,8,73.33,-8.49,-28.65,11.67,-2.547,0.5,10
2026-05,batter_strikeouts,OVER,"[-500,-300]",HR≥45/EDG≥-5.0/CV≤0.5/μ≥0.0/TP≥55,33,30,22,8,73.33,-8.49,-28.65,11.67,-2.547,0.5,10
2026-05,batter_strikeouts,OVER,"[-500,-300]",HR≥45/EDG≥-5.0/CV≤0.5/μ≥0.0/TP≥60,33,30,22,8,73.33,-8.49,-28.65,11.67,-2.547,0.5,10
2026-05,batter_strikeouts,OVER,"[-500,-300]",HR≥45/EDG≥-5.0/CV≤0.5/μ≥0.0/TP≥65,33,30,22,8,73.33,-8.49,-28.65,11.67,-2.547,0.5,10
2026-05,batter_strikeouts,OVER,"[-500,-300]",HR≥45/EDG≥0.0/CV≤-/μ≥-/TP≥-,237,212,166,46,78.3,-1.45,-8.47,5.58,-3.065,0.385,13
2026-05,batter_strikeouts,OVER,"[-500,-300]",HR≥45/EDG≥0.0/CV≤-/μ≥-/TP≥50,237,212,166,46,78.3,-1.45,-8.47,5.58,-3.065,0.385,13
2026-05,batter_strikeouts,OVER,"[-500,-300]",HR≥45/EDG≥0.0/CV≤-/μ≥-/TP≥55,237,212,166,46,78.3,-1.45,-8.47,5.58,-3.065,0.385,13
2026-05,batter_strikeouts,OVER,"[-500,-300]",HR≥45/EDG≥0.0/CV≤-/μ≥-/TP≥60,237,212,166,46,78.3,-1.45,-8.47,5.58,-3.065,0.385,13
2026-05,batter_strikeouts,OVER,"[-500,-300]",HR≥45/EDG≥0.0/CV≤-/μ≥-/TP≥65,237,212,166,46,78.3,-1.45,-8.47,5.58,-3.065,0.385,13
2026-05,batter_strikeouts,OVER,"[-500,-300]",HR≥45/EDG≥0.0/CV≤-/μ≥0.0/TP≥-,237,212,166,46,78.3,-1.45,-8.47,5.58,-3.065,0.385,13
2026-05,batter_strikeouts,OVER,"[-500,-300]",HR≥45/EDG≥0.0/CV≤-/μ≥0.0/TP≥50,237,212,166,46,78.3,-1.45,-8.47,5.58,-3.065,0.385,13
2026-05,batter_strikeouts,OVER,"[-500,-300]",HR≥45/EDG≥0.0/CV≤-/μ≥0.0/TP≥55,237,212,166,46,78.3,-1.45,-8.47,5.58,-3.065,0.385,13
2026-05,batter_strikeouts,OVER,"[-500,-300]",HR≥45/EDG≥0.0/CV≤-/μ≥0.0/TP≥60,237,212,166,46,78.3,-1.45,-8.47,5.58,-3.065,0.385,13
2026-05,batter_strikeouts,OVER,"[-500,-300]",HR≥45/EDG≥0.0/CV≤-/μ≥0.0/TP≥65,237,212,166,46,78.3,-1.45,-8.47,5.58,-3.065,0.385,13
2026-05,batter_strikeouts,OVER,"[-500,-300]",HR≥45/EDG≥0.0/CV≤-/μ≥0.5/TP≥-,233,209,163,46,77.99,-1.88,-8.99,5.22,-3.935,0.385,13
2026-05,batter_strikeouts,OVER,"[-500,-300]",HR≥45/EDG≥0.0/CV≤-/μ≥0.5/TP≥50,233,209,163,46,77.99,-1.88,-8.99,5.22,-3.935,0.385,13
2026-05,batter_strikeouts,OVER,"[-500,-300]",HR≥45/EDG≥0.0/CV≤-/μ≥0.5/TP≥55,233,209,163,46,77.99,-1.88,-8.99,5.22,-3.935,0.385,13
2026-05,batter_strikeouts,OVER,"[-500,-300]",HR≥45/EDG≥0.0/CV≤-/μ≥0.5/TP≥60,233,209,163,46,77.99,-1.88,-8.99,5.22,-3.935,0.385,13
2026-05,batter_strikeouts,OVER,"[-500,-300]",HR≥45/EDG≥0.0/CV≤-/μ≥0.5/TP≥65,233,209,163,46,77.99,-1.88,-8.99,5.22,-3.935,0.385,13
2026-05,batter_strikeouts,OVER,"[-500,-300]",HR≥45/EDG≥0.0/CV≤-/μ≥1.0/TP≥-,171,154,123,31,79.87,0.3,-7.71,8.31,0.461,0.462,13
2026-05,batter_strikeouts,OVER,"[-500,-300]",HR≥45/EDG≥0.0/CV≤-/μ≥1.0/TP≥50,171,154,123,31,79.87,0.3,-7.71,8.31,0.461,0.462,13
2026-05,batter_strikeouts,OVER,"[-500,-300]",HR≥45/EDG≥0.0/CV≤-/μ≥1.0/TP≥55,171,154,123,31,79.87,0.3,-7.71,8.31,0.461,0.462,13
2026-05,batter_strikeouts,OVER,"[-500,-300]",HR≥45/EDG≥0.0/CV≤-/μ≥1.0/TP≥60,171,154,123,31,79.87,0.3,-7.71,8.31,0.461,0.462,13
2026-05,batter_strikeouts,OVER,"[-500,-300]",HR≥45/EDG≥0.0/CV≤-/μ≥1.0/TP≥65,171,154,123,31,79.87,0.3,-7.71,8.31,0.461,0.462,13
2026-05,batter_strikeouts,OVER,"[-500,-300]",HR≥45/EDG≥0.0/CV≤0.7/μ≥-/TP≥-,97,85,67,18,78.82,-0.68,-11.73,10.36,-0.582,0.5,12
2026-05,batter_strikeouts,OVER,"[-500,-300]",HR≥45/EDG≥0.0/CV≤0.7/μ≥-/TP≥50,97,85,67,18,78.82,-0.68,-11.73,10.36,-0.582,0.5,12
2026-05,batter_strikeouts,OVER,"[-500,-300]",HR≥45/EDG≥0.0/CV≤0.7/μ≥-/TP≥55,97,85,67,18,78.82,-0.68,-11.73,10.36,-0.582,0.5,12
2026-05,batter_strikeouts,OVER,"[-500,-300]",HR≥45/EDG≥0.0/CV≤0.7/μ≥-/TP≥60,97,85,67,18,78.82,-0.68,-11.73,10.36,-0.582,0.5,12
2026-05,batter_strikeouts,OVER,"[-500,-300]",HR≥45/EDG≥0.0/CV≤0.7/μ≥-/TP≥65,97,85,67,18,78.82,-0.68,-11.73,10.36,-0.582,0.5,12
2026-05,batter_strikeouts,OVER,"[-500,-300]",HR≥45/EDG≥0.0/CV≤0.7/μ≥0.0/TP≥-,97,85,67,18,78.82,-0.68,-11.73,10.36,-0.582,0.5,12
2026-05,batter_strikeouts,OVER,"[-500,-300]",HR≥45/EDG≥0.0/CV≤0.7/μ≥0.0/TP≥50,97,85,67,18,78.82,-0.68,-11.73,10.36,-0.582,0.5,12
2026-05,batter_strikeouts,OVER,"[-500,-300]",HR≥45/EDG≥0.0/CV≤0.7/μ≥0.0/TP≥55,97,85,67,18,78.82,-0.68,-11.73,10.36,-0.582,0.5,12
2026-05,batter_strikeouts,OVER,"[-500,-300]",HR≥45/EDG≥0.0/CV≤0.7/μ≥0.0/TP≥60,97,85,67,18,78.82,-0.68,-11.73,10.36,-0.582,0.5,12
2026-05,batter_strikeouts,OVER,"[-500,-300]",HR≥45/EDG≥0.0/CV≤0.7/μ≥0.0/TP≥65,97,85,67,18,78.82,-0.68,-11.73,10.36,-0.582,0.5,12
2026-05,batter_strikeouts,OVER,"[-500,-300]",HR≥45/EDG≥0.0/CV≤0.7/μ≥0.5/TP≥-,94,83,65,18,78.31,-1.39,-12.66,9.88,-1.154,0.5,12
2026-05,batter_strikeouts,OVER,"[-500,-300]",HR≥45/EDG≥0.0/CV≤0.7/μ≥0.5/TP≥50,94,83,65,18,78.31,-1.39,-12.66,9.88,-1.154,0.5,12
2026-05,batter_strikeouts,OVER,"[-500,-300]",HR≥45/EDG≥0.0/CV≤0.7/μ≥0.5/TP≥55,94,83,65,18,78.31,-1.39,-12.66,9.88,-1.154,0.5,12
2026-05,batter_strikeouts,OVER,"[-500,-300]",HR≥45/EDG≥0.0/CV≤0.7/μ≥0.5/TP≥60,94,83,65,18,78.31,-1.39,-12.66,9.88,-1.154,0.5,12
2026-05,batter_strikeouts,OVER,"[-500,-300]",HR≥45/EDG≥0.0/CV≤0.7/μ≥0.5/TP≥65,94,83,65,18,78.31,-1.39,-12.66,9.88,-1.154,0.5,12
2026-05,batter_strikeouts,OVER,"[-500,-300]",HR≥45/EDG≥0.0/CV≤0.7/μ≥1.0/TP≥-,65,57,44,13,77.19,-2.75,-16.64,11.13,-1.568,0.545,11
2026-05,batter_strikeouts,OVER,"[-500,-300]",HR≥45/EDG≥0.0/CV≤0.7/μ≥1.0/TP≥50,65,57,44,13,77.19,-2.75,-16.64,11.13,-1.568,0.545,11
2026-05,batter_strikeouts,OVER,"[-500,-300]",HR≥45/EDG≥0.0/CV≤0.7/μ≥1.0/TP≥55,65,57,44,13,77.19,-2.75,-16.64,11.13,-1.568,0.545,11
2026-05,batter_strikeouts,OVER,"[-500,-300]",HR≥45/EDG≥0.0/CV≤0.7/μ≥1.0/TP≥60,65,57,44,13,77.19,-2.75,-16.64,11.13,-1.568,0.545,11
2026-05,batter_strikeouts,OVER,"[-500,-300]",HR≥45/EDG≥0.0/CV≤0.7/μ≥1.0/TP≥65,65,57,44,13,77.19,-2.75,-16.64,11.13,-1.568,0.545,11
2026-05,batter_strikeouts,OVER,"[-500,-300]",HR≥45/EDG≥0.0/CV≤0.6/μ≥-/TP≥-,40,35,28,7,80.0,0.41,-16.55,17.36,0.142,0.636,11
2026-05,batter_strikeouts,OVER,"[-500,-300]",HR≥45/EDG≥0.0/CV≤0.6/μ≥-/TP≥50,40,35,28,7,80.0,0.41,-16.55,17.36,0.142,0.636,11
2026-05,batter_strikeouts,OVER,"[-500,-300]",HR≥45/EDG≥0.0/CV≤0.6/μ≥-/TP≥55,40,35,28,7,80.0,0.41,-16.55,17.36,0.142,0.636,11
2026-05,batter_strikeouts,OVER,"[-500,-300]",HR≥45/EDG≥0.0/CV≤0.6/μ≥-/TP≥60,40,35,28,7,80.0,0.41,-16.55,17.36,0.142,0.636,11
2026-05,batter_strikeouts,OVER,"[-500,-300]",HR≥45/EDG≥0.0/CV≤0.6/μ≥-/TP≥65,40,35,28,7,80.0,0.41,-16.55,17.36,0.142,0.636,11
2026-05,batter_strikeouts,OVER,"[-500,-300]",HR≥45/EDG≥0.0/CV≤0.6/μ≥0.0/TP≥-,40,35,28,7,80.0,0.41,-16.55,17.36,0.142,0.636,11
2026-05,batter_strikeouts,OVER,"[-500,-300]",HR≥45/EDG≥0.0/CV≤0.6/μ≥0.0/TP≥50,40,35,28,7,80.0,0.41,-16.55,17.36,0.142,0.636,11
2026-05,batter_strikeouts,OVER,"[-500,-300]",HR≥45/EDG≥0.0/CV≤0.6/μ≥0.0/TP≥55,40,35,28,7,80.0,0.41,-16.55,17.36,0.142,0.636,11
2026-05,batter_strikeouts,OVER,"[-500,-300]",HR≥45/EDG≥0.0/CV≤0.6/μ≥0.0/TP≥60,40,35,28,7,80.0,0.41,-16.55,17.36,0.142,0.636,11
2026-05,batter_strikeouts,OVER,"[-500,-300]",HR≥45/EDG≥0.0/CV≤0.6/μ≥0.0/TP≥65,40,35,28,7,80.0,0.41,-16.55,17.36,0.142,0.636,11
2026-05,batter_strikeouts,OVER,"[-500,-300]",HR≥45/EDG≥0.0/CV≤0.6/μ≥0.5/TP≥-,40,35,28,7,80.0,0.41,-16.55,17.36,0.142,0.636,11
2026-05,batter_strikeouts,OVER,"[-500,-300]",HR≥45/EDG≥0.0/CV≤0.6/μ≥0.5/TP≥50,40,35,28,7,80.0,0.41,-16.55,17.36,0.142,0.636,11
2026-05,batter_strikeouts,OVER,"[-500,-300]",HR≥45/EDG≥0.0/CV≤0.6/μ≥0.5/TP≥55,40,35,28,7,80.0,0.41,-16.55,17.36,0.142,0.636,11
2026-05,batter_strikeouts,OVER,"[-500,-300]",HR≥45/EDG≥0.0/CV≤0.6/μ≥0.5/TP≥60,40,35,28,7,80.0,0.41,-16.55,17.36,0.142,0.636,11
2026-05,batter_strikeouts,OVER,"[-500,-300]",HR≥45/EDG≥0.0/CV≤0.6/μ≥0.5/TP≥65,40,35,28,7,80.0,0.41,-16.55,17.36,0.142,0.636,11
2026-05,batter_strikeouts,OVER,"[-500,-300]",HR≥45/EDG≥5.0/CV≤-/μ≥-/TP≥-,183,167,127,40,76.05,-3.98,-12.2,4.24,-6.648,0.308,13
2026-05,batter_strikeouts,OVER,"[-500,-300]",HR≥45/EDG≥5.0/CV≤-/μ≥-/TP≥50,183,167,127,40,76.05,-3.98,-12.2,4.24,-6.648,0.308,13
2026-05,batter_strikeouts,OVER,"[-500,-300]",HR≥45/EDG≥5.0/CV≤-/μ≥-/TP≥55,183,167,127,40,76.05,-3.98,-12.2,4.24,-6.648,0.308,13
2026-05,batter_strikeouts,OVER,"[-500,-300]",HR≥45/EDG≥5.0/CV≤-/μ≥-/TP≥60,183,167,127,40,76.05,-3.98,-12.2,4.24,-6.648,0.308,13
2026-05,batter_strikeouts,OVER,"[-500,-300]",HR≥45/EDG≥5.0/CV≤-/μ≥-/TP≥65,183,167,127,40,76.05,-3.98,-12.2,4.24,-6.648,0.308,13
2026-05,batter_strikeouts,OVER,"[-500,-300]",HR≥45/EDG≥5.0/CV≤-/μ≥0.0/TP≥-,183,167,127,40,76.05,-3.98,-12.2,4.24,-6.648,0.308,13
2026-05,batter_strikeouts,OVER,"[-500,-300]",HR≥45/EDG≥5.0/CV≤-/μ≥0.0/TP≥50,183,167,127,40,76.05,-3.98,-12.2,4.24,-6.648,0.308,13
2026-05,batter_strikeouts,OVER,"[-500,-300]",HR≥45/EDG≥5.0/CV≤-/μ≥0.0/TP≥55,183,167,127,40,76.05,-3.98,-12.2,4.24,-6.648,0.308,13
2026-05,batter_strikeouts,OVER,"[-500,-300]",HR≥45/EDG≥5.0/CV≤-/μ≥0.0/TP≥60,183,167,127,40,76.05,-3.98,-12.2,4.24,-6.648,0.308,13
2026-05,batter_strikeouts,OVER,"[-500,-300]",HR≥45/EDG≥5.0/CV≤-/μ≥0.0/TP≥65,183,167,127,40,76.05,-3.98,-12.2,4.24,-6.648,0.308,13
2026-05,batter_strikeouts,OVER,"[-500,-300]",HR≥45/EDG≥5.0/CV≤-/μ≥0.5/TP≥-,183,167,127,40,76.05,-3.98,-12.2,4.24,-6.648,0.308,13
2026-05,batter_strikeouts,OVER,"[-500,-300]",HR≥45/EDG≥5.0/CV≤-/μ≥0.5/TP≥50,183,167,127,40,76.05,-3.98,-12.2,4.24,-6.648,0.308,13
2026-05,batter_strikeouts,OVER,"[-500,-300]",HR≥45/EDG≥5.0/CV≤-/μ≥0.5/TP≥55,183,167,127,40,76.05,-3.98,-12.2,4.24,-6.648,0.308,13
2026-05,batter_strikeouts,OVER,"[-500,-300]",HR≥45/EDG≥5.0/CV≤-/μ≥0.5/TP≥60,183,167,127,40,76.05,-3.98,-12.2,4.24,-6.648,0.308,13
2026-05,batter_strikeouts,OVER,"[-500,-300]",HR≥45/EDG≥5.0/CV≤-/μ≥0.5/TP≥65,183,167,127,40,76.05,-3.98,-12.2,4.24,-6.648,0.308,13
2026-05,batter_strikeouts,OVER,"[-500,-300]",HR≥45/EDG≥5.0/CV≤-/μ≥1.0/TP≥-,154,139,109,30,78.42,-1.22,-9.9,7.45,-1.701,0.385,13
2026-05,batter_strikeouts,OVER,"[-500,-300]",HR≥45/EDG≥5.0/CV≤-/μ≥1.0/TP≥50,154,139,109,30,78.42,-1.22,-9.9,7.45,-1.701,0.385,13
2026-05,batter_strikeouts,OVER,"[-500,-300]",HR≥45/EDG≥5.0/CV≤-/μ≥1.0/TP≥55,154,139,109,30,78.42,-1.22,-9.9,7.45,-1.701,0.385,13
2026-05,batter_strikeouts,OVER,"[-500,-300]",HR≥45/EDG≥5.0/CV≤-/μ≥1.0/TP≥60,154,139,109,30,78.42,-1.22,-9.9,7.45,-1.701,0.385,13
2026-05,batter_strikeouts,OVER,"[-500,-300]",HR≥45/EDG≥5.0/CV≤-/μ≥1.0/TP≥65,154,139,109,30,78.42,-1.22,-9.9,7.45,-1.701,0.385,13
2026-05,batter_strikeouts,OVER,"[-500,-300]",HR≥45/EDG≥5.0/CV≤0.7/μ≥-/TP≥-,76,68,50,18,73.53,-6.84,-20.26,6.57,-4.653,0.333,12
2026-05,batter_strikeouts,OVER,"[-500,-300]",HR≥45/EDG≥5.0/CV≤0.7/μ≥-/TP≥50,76,68,50,18,73.53,-6.84,-20.26,6.57,-4.653,0.333,12
2026-05,batter_strikeouts,OVER,"[-500,-300]",HR≥45/EDG≥5.0/CV≤0.7/μ≥-/TP≥55,76,68,50,18,73.53,-6.84,-20.26,6.57,-4.653,0.333,12
2026-05,batter_strikeouts,OVER,"[-500,-300]",HR≥45/EDG≥5.0/CV≤0.7/μ≥-/TP≥60,76,68,50,18,73.53,-6.84,-20.26,6.57,-4.653,0.333,12
2026-05,batter_strikeouts,OVER,"[-500,-300]",HR≥45/EDG≥5.0/CV≤0.7/μ≥-/TP≥65,76,68,50,18,73.53,-6.84,-20.26,6.57,-4.653,0.333,12
2026-05,batter_strikeouts,OVER,"[-500,-300]",HR≥45/EDG≥5.0/CV≤0.7/μ≥0.0/TP≥-,76,68,50,18,73.53,-6.84,-20.26,6.57,-4.653,0.333,12
2026-05,batter_strikeouts,OVER,"[-500,-300]",HR≥45/EDG≥5.0/CV≤0.7/μ≥0.0/TP≥50,76,68,50,18,73.53,-6.84,-20.26,6.57,-4.653,0.333,12
2026-05,batter_strikeouts,OVER,"[-500,-300]",HR≥45/EDG≥5.0/CV≤0.7/μ≥0.0/TP≥55,76,68,50,18,73.53,-6.84,-20.26,6.57,-4.653,0.333,12
2026-05,batter_strikeouts,OVER,"[-500,-300]",HR≥45/EDG≥5.0/CV≤0.7/μ≥0.0/TP≥60,76,68,50,18,73.53,-6.84,-20.26,6.57,-4.653,0.333,12
2026-05,batter_strikeouts,OVER,"[-500,-300]",HR≥45/EDG≥5.0/CV≤0.7/μ≥0.0/TP≥65,76,68,50,18,73.53,-6.84,-20.26,6.57,-4.653,0.333,12
2026-05,batter_strikeouts,OVER,"[-500,-300]",HR≥45/EDG≥5.0/CV≤0.7/μ≥0.5/TP≥-,76,68,50,18,73.53,-6.84,-20.26,6.57,-4.653,0.333,12
2026-05,batter_strikeouts,OVER,"[-500,-300]",HR≥45/EDG≥5.0/CV≤0.7/μ≥0.5/TP≥50,76,68,50,18,73.53,-6.84,-20.26,6.57,-4.653,0.333,12
2026-05,batter_strikeouts,OVER,"[-500,-300]",HR≥45/EDG≥5.0/CV≤0.7/μ≥0.5/TP≥55,76,68,50,18,73.53,-6.84,-20.26,6.57,-4.653,0.333,12
2026-05,batter_strikeouts,OVER,"[-500,-300]",HR≥45/EDG≥5.0/CV≤0.7/μ≥0.5/TP≥60,76,68,50,18,73.53,-6.84,-20.26,6.57,-4.653,0.333,12
2026-05,batter_strikeouts,OVER,"[-500,-300]",HR≥45/EDG≥5.0/CV≤0.7/μ≥0.5/TP≥65,76,68,50,18,73.53,-6.84,-20.26,6.57,-4.653,0.333,12
2026-05,batter_strikeouts,OVER,"[-500,-300]",HR≥45/EDG≥5.0/CV≤0.7/μ≥1.0/TP≥-,59,51,38,13,74.51,-5.98,-21.26,9.31,-3.048,0.545,11
2026-05,batter_strikeouts,OVER,"[-500,-300]",HR≥45/EDG≥5.0/CV≤0.7/μ≥1.0/TP≥50,59,51,38,13,74.51,-5.98,-21.26,9.31,-3.048,0.545,11
2026-05,batter_strikeouts,OVER,"[-500,-300]",HR≥45/EDG≥5.0/CV≤0.7/μ≥1.0/TP≥55,59,51,38,13,74.51,-5.98,-21.26,9.31,-3.048,0.545,11
2026-05,batter_strikeouts,OVER,"[-500,-300]",HR≥45/EDG≥5.0/CV≤0.7/μ≥1.0/TP≥60,59,51,38,13,74.51,-5.98,-21.26,9.31,-3.048,0.545,11
2026-05,batter_strikeouts,OVER,"[-500,-300]",HR≥45/EDG≥5.0/CV≤0.7/μ≥1.0/TP≥65,59,51,38,13,74.51,-5.98,-21.26,9.31,-3.048,0.545,11
2026-05,batter_strikeouts,OVER,"[-500,-300]",HR≥45/EDG≥5.0/CV≤0.6/μ≥-/TP≥-,36,32,25,7,78.12,-1.33,-19.76,17.11,-0.424,0.6,10
2026-05,batter_strikeouts,OVER,"[-500,-300]",HR≥45/EDG≥5.0/CV≤0.6/μ≥-/TP≥50,36,32,25,7,78.12,-1.33,-19.76,17.11,-0.424,0.6,10
2026-05,batter_strikeouts,OVER,"[-500,-300]",HR≥45/EDG≥5.0/CV≤0.6/μ≥-/TP≥55,36,32,25,7,78.12,-1.33,-19.76,17.11,-0.424,0.6,10
2026-05,batter_strikeouts,OVER,"[-500,-300]",HR≥45/EDG≥5.0/CV≤0.6/μ≥-/TP≥60,36,32,25,7,78.12,-1.33,-19.76,17.11,-0.424,0.6,10
2026-05,batter_strikeouts,OVER,"[-500,-300]",HR≥45/EDG≥5.0/CV≤0.6/μ≥-/TP≥65,36,32,25,7,78.12,-1.33,-19.76,17.11,-0.424,0.6,10
2026-05,batter_strikeouts,OVER,"[-500,-300]",HR≥45/EDG≥5.0/CV≤0.6/μ≥0.0/TP≥-,36,32,25,7,78.12,-1.33,-19.76,17.11,-0.424,0.6,10
2026-05,batter_strikeouts,OVER,"[-500,-300]",HR≥45/EDG≥5.0/CV≤0.6/μ≥0.0/TP≥50,36,32,25,7,78.12,-1.33,-19.76,17.11,-0.424,0.6,10
2026-05,batter_strikeouts,OVER,"[-500,-300]",HR≥45/EDG≥5.0/CV≤0.6/μ≥0.0/TP≥55,36,32,25,7,78.12,-1.33,-19.76,17.11,-0.424,0.6,10
2026-05,batter_strikeouts,OVER,"[-500,-300]",HR≥45/EDG≥5.0/CV≤0.6/μ≥0.0/TP≥60,36,32,25,7,78.12,-1.33,-19.76,17.11,-0.424,0.6,10
2026-05,batter_strikeouts,OVER,"[-500,-300]",HR≥45/EDG≥5.0/CV≤0.6/μ≥0.0/TP≥65,36,32,25,7,78.12,-1.33,-19.76,17.11,-0.424,0.6,10
2026-05,batter_strikeouts,OVER,"[-500,-300]",HR≥45/EDG≥5.0/CV≤0.6/μ≥0.5/TP≥-,36,32,25,7,78.12,-1.33,-19.76,17.11,-0.424,0.6,10
2026-05,batter_strikeouts,OVER,"[-500,-300]",HR≥45/EDG≥5.0/CV≤0.6/μ≥0.5/TP≥50,36,32,25,7,78.12,-1.33,-19.76,17.11,-0.424,0.6,10
2026-05,batter_strikeouts,OVER,"[-500,-300]",HR≥45/EDG≥5.0/CV≤0.6/μ≥0.5/TP≥55,36,32,25,7,78.12,-1.33,-19.76,17.11,-0.424,0.6,10
2026-05,batter_strikeouts,OVER,"[-500,-300]",HR≥45/EDG≥5.0/CV≤0.6/μ≥0.5/TP≥60,36,32,25,7,78.12,-1.33,-19.76,17.11,-0.424,0.6,10
2026-05,batter_strikeouts,OVER,"[-500,-300]",HR≥45/EDG≥5.0/CV≤0.6/μ≥0.5/TP≥65,36,32,25,7,78.12,-1.33,-19.76,17.11,-0.424,0.6,10
2026-05,batter_strikeouts,OVER,"[-500,-300]",HR≥45/EDG≥10.0/CV≤-/μ≥-/TP≥-,140,127,96,31,75.59,-4.01,-13.56,5.53,-5.098,0.462,13
2026-05,batter_strikeouts,OVER,"[-500,-300]",HR≥45/EDG≥10.0/CV≤-/μ≥-/TP≥50,140,127,96,31,75.59,-4.01,-13.56,5.53,-5.098,0.462,13
2026-05,batter_strikeouts,OVER,"[-500,-300]",HR≥45/EDG≥10.0/CV≤-/μ≥-/TP≥55,140,127,96,31,75.59,-4.01,-13.56,5.53,-5.098,0.462,13
2026-05,batter_strikeouts,OVER,"[-500,-300]",HR≥45/EDG≥10.0/CV≤-/μ≥-/TP≥60,140,127,96,31,75.59,-4.01,-13.56,5.53,-5.098,0.462,13
2026-05,batter_strikeouts,OVER,"[-500,-300]",HR≥45/EDG≥10.0/CV≤-/μ≥-/TP≥65,140,127,96,31,75.59,-4.01,-13.56,5.53,-5.098,0.462,13
2026-05,batter_strikeouts,OVER,"[-500,-300]",HR≥45/EDG≥10.0/CV≤-/μ≥0.0/TP≥-,140,127,96,31,75.59,-4.01,-13.56,5.53,-5.098,0.462,13
2026-05,batter_strikeouts,OVER,"[-500,-300]",HR≥45/EDG≥10.0/CV≤-/μ≥0.0/TP≥50,140,127,96,31,75.59,-4.01,-13.56,5.53,-5.098,0.462,13
2026-05,batter_strikeouts,OVER,"[-500,-300]",HR≥45/EDG≥10.0/CV≤-/μ≥0.0/TP≥55,140,127,96,31,75.59,-4.01,-13.56,5.53,-5.098,0.462,13
2026-05,batter_strikeouts,OVER,"[-500,-300]",HR≥45/EDG≥10.0/CV≤-/μ≥0.0/TP≥60,140,127,96,31,75.59,-4.01,-13.56,5.53,-5.098,0.462,13
2026-05,batter_strikeouts,OVER,"[-500,-300]",HR≥45/EDG≥10.0/CV≤-/μ≥0.0/TP≥65,140,127,96,31,75.59,-4.01,-13.56,5.53,-5.098,0.462,13
2026-05,batter_strikeouts,OVER,"[-500,-300]",HR≥45/EDG≥10.0/CV≤-/μ≥0.5/TP≥-,140,127,96,31,75.59,-4.01,-13.56,5.53,-5.098,0.462,13
2026-05,batter_strikeouts,OVER,"[-500,-300]",HR≥45/EDG≥10.0/CV≤-/μ≥0.5/TP≥50,140,127,96,31,75.59,-4.01,-13.56,5.53,-5.098,0.462,13
2026-05,batter_strikeouts,OVER,"[-500,-300]",HR≥45/EDG≥10.0/CV≤-/μ≥0.5/TP≥55,140,127,96,31,75.59,-4.01,-13.56,5.53,-5.098,0.462,13
2026-05,batter_strikeouts,OVER,"[-500,-300]",HR≥45/EDG≥10.0/CV≤-/μ≥0.5/TP≥60,140,127,96,31,75.59,-4.01,-13.56,5.53,-5.098,0.462,13
2026-05,batter_strikeouts,OVER,"[-500,-300]",HR≥45/EDG≥10.0/CV≤-/μ≥0.5/TP≥65,140,127,96,31,75.59,-4.01,-13.56,5.53,-5.098,0.462,13
2026-05,batter_strikeouts,OVER,"[-500,-300]",HR≥45/EDG≥10.0/CV≤-/μ≥1.0/TP≥-,125,113,86,27,76.11,-3.64,-13.66,6.39,-4.109,0.417,12
2026-05,batter_strikeouts,OVER,"[-500,-300]",HR≥45/EDG≥10.0/CV≤-/μ≥1.0/TP≥50,125,113,86,27,76.11,-3.64,-13.66,6.39,-4.109,0.417,12
2026-05,batter_strikeouts,OVER,"[-500,-300]",HR≥45/EDG≥10.0/CV≤-/μ≥1.0/TP≥55,125,113,86,27,76.11,-3.64,-13.66,6.39,-4.109,0.417,12
2026-05,batter_strikeouts,OVER,"[-500,-300]",HR≥45/EDG≥10.0/CV≤-/μ≥1.0/TP≥60,125,113,86,27,76.11,-3.64,-13.66,6.39,-4.109,0.417,12
2026-05,batter_strikeouts,OVER,"[-500,-300]",HR≥45/EDG≥10.0/CV≤-/μ≥1.0/TP≥65,125,113,86,27,76.11,-3.64,-13.66,6.39,-4.109,0.417,12
2026-05,batter_strikeouts,OVER,"[-500,-300]",HR≥45/EDG≥10.0/CV≤0.7/μ≥-/TP≥-,59,51,38,13,74.51,-5.05,-20.47,10.38,-2.573,0.5,12
2026-05,batter_strikeouts,OVER,"[-500,-300]",HR≥45/EDG≥10.0/CV≤0.7/μ≥-/TP≥50,59,51,38,13,74.51,-5.05,-20.47,10.38,-2.573,0.5,12
2026-05,batter_strikeouts,OVER,"[-500,-300]",HR≥45/EDG≥10.0/CV≤0.7/μ≥-/TP≥55,59,51,38,13,74.51,-5.05,-20.47,10.38,-2.573,0.5,12
2026-05,batter_strikeouts,OVER,"[-500,-300]",HR≥45/EDG≥10.0/CV≤0.7/μ≥-/TP≥60,59,51,38,13,74.51,-5.05,-20.47,10.38,-2.573,0.5,12
2026-05,batter_strikeouts,OVER,"[-500,-300]",HR≥45/EDG≥10.0/CV≤0.7/μ≥-/TP≥65,59,51,38,13,74.51,-5.05,-20.47,10.38,-2.573,0.5,12
2026-05,batter_strikeouts,OVER,"[-500,-300]",HR≥45/EDG≥10.0/CV≤0.7/μ≥0.0/TP≥-,59,51,38,13,74.51,-5.05,-20.47,10.38,-2.573,0.5,12
2026-05,batter_strikeouts,OVER,"[-500,-300]",HR≥45/EDG≥10.0/CV≤0.7/μ≥0.0/TP≥50,59,51,38,13,74.51,-5.05,-20.47,10.38,-2.573,0.5,12
2026-05,batter_strikeouts,OVER,"[-500,-300]",HR≥45/EDG≥10.0/CV≤0.7/μ≥0.0/TP≥55,59,51,38,13,74.51,-5.05,-20.47,10.38,-2.573,0.5,12
2026-05,batter_strikeouts,OVER,"[-500,-300]",HR≥45/EDG≥10.0/CV≤0.7/μ≥0.0/TP≥60,59,51,38,13,74.51,-5.05,-20.47,10.38,-2.573,0.5,12
2026-05,batter_strikeouts,OVER,"[-500,-300]",HR≥45/EDG≥10.0/CV≤0.7/μ≥0.0/TP≥65,59,51,38,13,74.51,-5.05,-20.47,10.38,-2.573,0.5,12
2026-05,batter_strikeouts,OVER,"[-500,-300]",HR≥45/EDG≥10.0/CV≤0.7/μ≥0.5/TP≥-,59,51,38,13,74.51,-5.05,-20.47,10.38,-2.573,0.5,12
2026-05,batter_strikeouts,OVER,"[-500,-300]",HR≥45/EDG≥10.0/CV≤0.7/μ≥0.5/TP≥50,59,51,38,13,74.51,-5.05,-20.47,10.38,-2.573,0.5,12
2026-05,batter_strikeouts,OVER,"[-500,-300]",HR≥45/EDG≥10.0/CV≤0.7/μ≥0.5/TP≥55,59,51,38,13,74.51,-5.05,-20.47,10.38,-2.573,0.5,12
2026-05,batter_strikeouts,OVER,"[-500,-300]",HR≥45/EDG≥10.0/CV≤0.7/μ≥0.5/TP≥60,59,51,38,13,74.51,-5.05,-20.47,10.38,-2.573,0.5,12
2026-05,batter_strikeouts,OVER,"[-500,-300]",HR≥45/EDG≥10.0/CV≤0.7/μ≥0.5/TP≥65,59,51,38,13,74.51,-5.05,-20.47,10.38,-2.573,0.5,12
2026-05,batter_strikeouts,OVER,"[-500,-300]",HR≥45/EDG≥10.0/CV≤0.7/μ≥1.0/TP≥-,51,43,31,12,72.09,-8.44,-25.7,8.82,-3.63,0.545,11
2026-05,batter_strikeouts,OVER,"[-500,-300]",HR≥45/EDG≥10.0/CV≤0.7/μ≥1.0/TP≥50,51,43,31,12,72.09,-8.44,-25.7,8.82,-3.63,0.545,11
2026-05,batter_strikeouts,OVER,"[-500,-300]",HR≥45/EDG≥10.0/CV≤0.7/μ≥1.0/TP≥55,51,43,31,12,72.09,-8.44,-25.7,8.82,-3.63,0.545,11
2026-05,batter_strikeouts,OVER,"[-500,-300]",HR≥45/EDG≥10.0/CV≤0.7/μ≥1.0/TP≥60,51,43,31,12,72.09,-8.44,-25.7,8.82,-3.63,0.545,11
2026-05,batter_strikeouts,OVER,"[-500,-300]",HR≥45/EDG≥10.0/CV≤0.7/μ≥1.0/TP≥65,51,43,31,12,72.09,-8.44,-25.7,8.82,-3.63,0.545,11
2026-05,batter_strikeouts,OVER,"[-500,-300]",HR≥50/EDG≥-/CV≤-/μ≥-/TP≥-,392,356,269,87,75.56,-5.14,-10.77,0.49,-18.293,0.385,13
2026-05,batter_strikeouts,OVER,"[-500,-300]",HR≥50/EDG≥-/CV≤-/μ≥-/TP≥50,388,352,266,86,75.57,-5.14,-10.8,0.52,-18.091,0.385,13
2026-05,batter_strikeouts,OVER,"[-500,-300]",HR≥50/EDG≥-/CV≤-/μ≥-/TP≥55,381,345,261,84,75.65,-5.08,-10.79,0.63,-17.522,0.385,13
2026-05,batter_strikeouts,OVER,"[-500,-300]",HR≥50/EDG≥-/CV≤-/μ≥-/TP≥60,373,337,255,82,75.67,-5.05,-10.82,0.73,-17.013,0.385,13
2026-05,batter_strikeouts,OVER,"[-500,-300]",HR≥50/EDG≥-/CV≤-/μ≥-/TP≥65,350,317,238,79,75.08,-5.79,-11.8,0.21,-18.365,0.385,13
2026-05,batter_strikeouts,OVER,"[-500,-300]",HR≥50/EDG≥-/CV≤-/μ≥0.0/TP≥-,388,352,266,86,75.57,-5.14,-10.8,0.52,-18.091,0.385,13
2026-05,batter_strikeouts,OVER,"[-500,-300]",HR≥50/EDG≥-/CV≤-/μ≥0.0/TP≥50,388,352,266,86,75.57,-5.14,-10.8,0.52,-18.091,0.385,13
2026-05,batter_strikeouts,OVER,"[-500,-300]",HR≥50/EDG≥-/CV≤-/μ≥0.0/TP≥55,381,345,261,84,75.65,-5.08,-10.79,0.63,-17.522,0.385,13
2026-05,batter_strikeouts,OVER,"[-500,-300]",HR≥50/EDG≥-/CV≤-/μ≥0.0/TP≥60,373,337,255,82,75.67,-5.05,-10.82,0.73,-17.013,0.385,13
2026-05,batter_strikeouts,OVER,"[-500,-300]",HR≥50/EDG≥-/CV≤-/μ≥0.0/TP≥65,350,317,238,79,75.08,-5.79,-11.8,0.21,-18.365,0.385,13
2026-05,batter_strikeouts,OVER,"[-500,-300]",HR≥50/EDG≥-/CV≤-/μ≥0.5/TP≥-,298,268,205,63,76.49,-4.26,-10.65,2.13,-11.413,0.462,13
2026-05,batter_strikeouts,OVER,"[-500,-300]",HR≥50/EDG≥-/CV≤-/μ≥0.5/TP≥50,298,268,205,63,76.49,-4.26,-10.65,2.13,-11.413,0.462,13
2026-05,batter_strikeouts,OVER,"[-500,-300]",HR≥50/EDG≥-/CV≤-/μ≥0.5/TP≥55,298,268,205,63,76.49,-4.26,-10.65,2.13,-11.413,0.462,13
2026-05,batter_strikeouts,OVER,"[-500,-300]",HR≥50/EDG≥-/CV≤-/μ≥0.5/TP≥60,298,268,205,63,76.49,-4.26,-10.65,2.13,-11.413,0.462,13
2026-05,batter_strikeouts,OVER,"[-500,-300]",HR≥50/EDG≥-/CV≤-/μ≥0.5/TP≥65,297,267,204,63,76.4,-4.37,-10.78,2.04,-11.662,0.385,13
2026-05,batter_strikeouts,OVER,"[-500,-300]",HR≥50/EDG≥-/CV≤-/μ≥1.0/TP≥-,171,154,123,31,79.87,0.13,-7.86,8.13,0.203,0.538,13
2026-05,batter_strikeouts,OVER,"[-500,-300]",HR≥50/EDG≥-/CV≤-/μ≥1.0/TP≥50,171,154,123,31,79.87,0.13,-7.86,8.13,0.203,0.538,13
2026-05,batter_strikeouts,OVER,"[-500,-300]",HR≥50/EDG≥-/CV≤-/μ≥1.0/TP≥55,171,154,123,31,79.87,0.13,-7.86,8.13,0.203,0.538,13
2026-05,batter_strikeouts,OVER,"[-500,-300]",HR≥50/EDG≥-/CV≤-/μ≥1.0/TP≥60,171,154,123,31,79.87,0.13,-7.86,8.13,0.203,0.538,13
2026-05,batter_strikeouts,OVER,"[-500,-300]",HR≥50/EDG≥-/CV≤-/μ≥1.0/TP≥65,171,154,123,31,79.87,0.13,-7.86,8.13,0.203,0.538,13
2026-05,batter_strikeouts,OVER,"[-500,-300]",HR≥50/EDG≥-/CV≤0.7/μ≥-/TP≥-,141,128,90,38,70.31,-11.93,-21.92,-1.95,-15.275,0.308,13
2026-05,batter_strikeouts,OVER,"[-500,-300]",HR≥50/EDG≥-/CV≤0.7/μ≥-/TP≥50,141,128,90,38,70.31,-11.93,-21.92,-1.95,-15.275,0.308,13
2026-05,batter_strikeouts,OVER,"[-500,-300]",HR≥50/EDG≥-/CV≤0.7/μ≥-/TP≥55,141,128,90,38,70.31,-11.93,-21.92,-1.95,-15.275,0.308,13
2026-05,batter_strikeouts,OVER,"[-500,-300]",HR≥50/EDG≥-/CV≤0.7/μ≥-/TP≥60,141,128,90,38,70.31,-11.93,-21.92,-1.95,-15.275,0.308,13
2026-05,batter_strikeouts,OVER,"[-500,-300]",HR≥50/EDG≥-/CV≤0.7/μ≥-/TP≥65,138,125,88,37,70.4,-11.93,-22.01,-1.85,-14.916,0.167,12
2026-05,batter_strikeouts,OVER,"[-500,-300]",HR≥50/EDG≥-/CV≤0.7/μ≥0.0/TP≥-,141,128,90,38,70.31,-11.93,-21.92,-1.95,-15.275,0.308,13
2026-05,batter_strikeouts,OVER,"[-500,-300]",HR≥50/EDG≥-/CV≤0.7/μ≥0.0/TP≥50,141,128,90,38,70.31,-11.93,-21.92,-1.95,-15.275,0.308,13
2026-05,batter_strikeouts,OVER,"[-500,-300]",HR≥50/EDG≥-/CV≤0.7/μ≥0.0/TP≥55,141,128,90,38,70.31,-11.93,-21.92,-1.95,-15.275,0.308,13
2026-05,batter_strikeouts,OVER,"[-500,-300]",HR≥50/EDG≥-/CV≤0.7/μ≥0.0/TP≥60,141,128,90,38,70.31,-11.93,-21.92,-1.95,-15.275,0.308,13
2026-05,batter_strikeouts,OVER,"[-500,-300]",HR≥50/EDG≥-/CV≤0.7/μ≥0.0/TP≥65,138,125,88,37,70.4,-11.93,-22.01,-1.85,-14.916,0.167,12
2026-05,batter_strikeouts,OVER,"[-500,-300]",HR≥50/EDG≥-/CV≤0.7/μ≥0.5/TP≥-,115,104,76,28,73.08,-8.57,-19.32,2.18,-8.91,0.25,12
2026-05,batter_strikeouts,OVER,"[-500,-300]",HR≥50/EDG≥-/CV≤0.7/μ≥0.5/TP≥50,115,104,76,28,73.08,-8.57,-19.32,2.18,-8.91,0.25,12
2026-05,batter_strikeouts,OVER,"[-500,-300]",HR≥50/EDG≥-/CV≤0.7/μ≥0.5/TP≥55,115,104,76,28,73.08,-8.57,-19.32,2.18,-8.91,0.25,12
2026-05,batter_strikeouts,OVER,"[-500,-300]",HR≥50/EDG≥-/CV≤0.7/μ≥0.5/TP≥60,115,104,76,28,73.08,-8.57,-19.32,2.18,-8.91,0.25,12
2026-05,batter_strikeouts,OVER,"[-500,-300]",HR≥50/EDG≥-/CV≤0.7/μ≥0.5/TP≥65,115,104,76,28,73.08,-8.57,-19.32,2.18,-8.91,0.25,12
2026-05,batter_strikeouts,OVER,"[-500,-300]",HR≥50/EDG≥-/CV≤0.7/μ≥1.0/TP≥-,65,57,44,13,77.19,-2.75,-16.64,11.13,-1.568,0.545,11
2026-05,batter_strikeouts,OVER,"[-500,-300]",HR≥50/EDG≥-/CV≤0.7/μ≥1.0/TP≥50,65,57,44,13,77.19,-2.75,-16.64,11.13,-1.568,0.545,11
2026-05,batter_strikeouts,OVER,"[-500,-300]",HR≥50/EDG≥-/CV≤0.7/μ≥1.0/TP≥55,65,57,44,13,77.19,-2.75,-16.64,11.13,-1.568,0.545,11
2026-05,batter_strikeouts,OVER,"[-500,-300]",HR≥50/EDG≥-/CV≤0.7/μ≥1.0/TP≥60,65,57,44,13,77.19,-2.75,-16.64,11.13,-1.568,0.545,11
2026-05,batter_strikeouts,OVER,"[-500,-300]",HR≥50/EDG≥-/CV≤0.7/μ≥1.0/TP≥65,65,57,44,13,77.19,-2.75,-16.64,11.13,-1.568,0.545,11
2026-05,batter_strikeouts,OVER,"[-500,-300]",HR≥50/EDG≥-/CV≤0.6/μ≥-/TP≥-,63,58,38,20,65.52,-18.84,-34.18,-3.5,-10.928,0.333,12
2026-05,batter_strikeouts,OVER,"[-500,-300]",HR≥50/EDG≥-/CV≤0.6/μ≥-/TP≥50,63,58,38,20,65.52,-18.84,-34.18,-3.5,-10.928,0.333,12
2026-05,batter_strikeouts,OVER,"[-500,-300]",HR≥50/EDG≥-/CV≤0.6/μ≥-/TP≥55,63,58,38,20,65.52,-18.84,-34.18,-3.5,-10.928,0.333,12
2026-05,batter_strikeouts,OVER,"[-500,-300]",HR≥50/EDG≥-/CV≤0.6/μ≥-/TP≥60,63,58,38,20,65.52,-18.84,-34.18,-3.5,-10.928,0.333,12
2026-05,batter_strikeouts,OVER,"[-500,-300]",HR≥50/EDG≥-/CV≤0.6/μ≥-/TP≥65,62,57,38,19,66.67,-17.42,-32.77,-2.07,-9.928,0.333,12
2026-05,batter_strikeouts,OVER,"[-500,-300]",HR≥50/EDG≥-/CV≤0.6/μ≥0.0/TP≥-,63,58,38,20,65.52,-18.84,-34.18,-3.5,-10.928,0.333,12
2026-05,batter_strikeouts,OVER,"[-500,-300]",HR≥50/EDG≥-/CV≤0.6/μ≥0.0/TP≥50,63,58,38,20,65.52,-18.84,-34.18,-3.5,-10.928,0.333,12
2026-05,batter_strikeouts,OVER,"[-500,-300]",HR≥50/EDG≥-/CV≤0.6/μ≥0.0/TP≥55,63,58,38,20,65.52,-18.84,-34.18,-3.5,-10.928,0.333,12
2026-05,batter_strikeouts,OVER,"[-500,-300]",HR≥50/EDG≥-/CV≤0.6/μ≥0.0/TP≥60,63,58,38,20,65.52,-18.84,-34.18,-3.5,-10.928,0.333,12
2026-05,batter_strikeouts,OVER,"[-500,-300]",HR≥50/EDG≥-/CV≤0.6/μ≥0.0/TP≥65,62,57,38,19,66.67,-17.42,-32.77,-2.07,-9.928,0.333,12
2026-05,batter_strikeouts,OVER,"[-500,-300]",HR≥50/EDG≥-/CV≤0.6/μ≥0.5/TP≥-,50,45,32,13,71.11,-11.56,-28.28,5.16,-5.201,0.455,11
2026-05,batter_strikeouts,OVER,"[-500,-300]",HR≥50/EDG≥-/CV≤0.6/μ≥0.5/TP≥50,50,45,32,13,71.11,-11.56,-28.28,5.16,-5.201,0.455,11
2026-05,batter_strikeouts,OVER,"[-500,-300]",HR≥50/EDG≥-/CV≤0.6/μ≥0.5/TP≥55,50,45,32,13,71.11,-11.56,-28.28,5.16,-5.201,0.455,11
2026-05,batter_strikeouts,OVER,"[-500,-300]",HR≥50/EDG≥-/CV≤0.6/μ≥0.5/TP≥60,50,45,32,13,71.11,-11.56,-28.28,5.16,-5.201,0.455,11
2026-05,batter_strikeouts,OVER,"[-500,-300]",HR≥50/EDG≥-/CV≤0.6/μ≥0.5/TP≥65,50,45,32,13,71.11,-11.56,-28.28,5.16,-5.201,0.455,11
2026-05,batter_strikeouts,OVER,"[-500,-300]",HR≥50/EDG≥-/CV≤0.5/μ≥-/TP≥-,42,39,26,13,66.67,-17.19,-35.87,1.5,-6.702,0.2,10
2026-05,batter_strikeouts,OVER,"[-500,-300]",HR≥50/EDG≥-/CV≤0.5/μ≥-/TP≥50,42,39,26,13,66.67,-17.19,-35.87,1.5,-6.702,0.2,10
2026-05,batter_strikeouts,OVER,"[-500,-300]",HR≥50/EDG≥-/CV≤0.5/μ≥-/TP≥55,42,39,26,13,66.67,-17.19,-35.87,1.5,-6.702,0.2,10
2026-05,batter_strikeouts,OVER,"[-500,-300]",HR≥50/EDG≥-/CV≤0.5/μ≥-/TP≥60,42,39,26,13,66.67,-17.19,-35.87,1.5,-6.702,0.2,10
2026-05,batter_strikeouts,OVER,"[-500,-300]",HR≥50/EDG≥-/CV≤0.5/μ≥-/TP≥65,41,38,26,12,68.42,-15.01,-33.68,3.67,-5.702,0.2,10
2026-05,batter_strikeouts,OVER,"[-500,-300]",HR≥50/EDG≥-/CV≤0.5/μ≥0.0/TP≥-,42,39,26,13,66.67,-17.19,-35.87,1.5,-6.702,0.2,10
2026-05,batter_strikeouts,OVER,"[-500,-300]",HR≥50/EDG≥-/CV≤0.5/μ≥0.0/TP≥50,42,39,26,13,66.67,-17.19,-35.87,1.5,-6.702,0.2,10
2026-05,batter_strikeouts,OVER,"[-500,-300]",HR≥50/EDG≥-/CV≤0.5/μ≥0.0/TP≥55,42,39,26,13,66.67,-17.19,-35.87,1.5,-6.702,0.2,10
2026-05,batter_strikeouts,OVER,"[-500,-300]",HR≥50/EDG≥-/CV≤0.5/μ≥0.0/TP≥60,42,39,26,13,66.67,-17.19,-35.87,1.5,-6.702,0.2,10
2026-05,batter_strikeouts,OVER,"[-500,-300]",HR≥50/EDG≥-/CV≤0.5/μ≥0.0/TP≥65,41,38,26,12,68.42,-15.01,-33.68,3.67,-5.702,0.2,10
2026-05,batter_strikeouts,OVER,"[-500,-300]",HR≥50/EDG≥-5.0/CV≤-/μ≥-/TP≥-,271,243,191,52,78.6,-1.33,-7.84,5.18,-3.227,0.308,13
2026-05,batter_strikeouts,OVER,"[-500,-300]",HR≥50/EDG≥-5.0/CV≤-/μ≥-/TP≥50,271,243,191,52,78.6,-1.33,-7.84,5.18,-3.227,0.308,13
2026-05,batter_strikeouts,OVER,"[-500,-300]",HR≥50/EDG≥-5.0/CV≤-/μ≥-/TP≥55,271,243,191,52,78.6,-1.33,-7.84,5.18,-3.227,0.308,13
2026-05,batter_strikeouts,OVER,"[-500,-300]",HR≥50/EDG≥-5.0/CV≤-/μ≥-/TP≥60,271,243,191,52,78.6,-1.33,-7.84,5.18,-3.227,0.308,13
2026-05,batter_strikeouts,OVER,"[-500,-300]",HR≥50/EDG≥-5.0/CV≤-/μ≥-/TP≥65,271,243,191,52,78.6,-1.33,-7.84,5.18,-3.227,0.308,13
2026-05,batter_strikeouts,OVER,"[-500,-300]",HR≥50/EDG≥-5.0/CV≤-/μ≥0.0/TP≥-,271,243,191,52,78.6,-1.33,-7.84,5.18,-3.227,0.308,13
2026-05,batter_strikeouts,OVER,"[-500,-300]",HR≥50/EDG≥-5.0/CV≤-/μ≥0.0/TP≥50,271,243,191,52,78.6,-1.33,-7.84,5.18,-3.227,0.308,13
2026-05,batter_strikeouts,OVER,"[-500,-300]",HR≥50/EDG≥-5.0/CV≤-/μ≥0.0/TP≥55,271,243,191,52,78.6,-1.33,-7.84,5.18,-3.227,0.308,13
2026-05,batter_strikeouts,OVER,"[-500,-300]",HR≥50/EDG≥-5.0/CV≤-/μ≥0.0/TP≥60,271,243,191,52,78.6,-1.33,-7.84,5.18,-3.227,0.308,13
2026-05,batter_strikeouts,OVER,"[-500,-300]",HR≥50/EDG≥-5.0/CV≤-/μ≥0.0/TP≥65,271,243,191,52,78.6,-1.33,-7.84,5.18,-3.227,0.308,13
2026-05,batter_strikeouts,OVER,"[-500,-300]",HR≥50/EDG≥-5.0/CV≤-/μ≥0.5/TP≥-,259,232,182,50,78.45,-1.59,-8.27,5.08,-3.698,0.308,13
2026-05,batter_strikeouts,OVER,"[-500,-300]",HR≥50/EDG≥-5.0/CV≤-/μ≥0.5/TP≥50,259,232,182,50,78.45,-1.59,-8.27,5.08,-3.698,0.308,13
2026-05,batter_strikeouts,OVER,"[-500,-300]",HR≥50/EDG≥-5.0/CV≤-/μ≥0.5/TP≥55,259,232,182,50,78.45,-1.59,-8.27,5.08,-3.698,0.308,13
2026-05,batter_strikeouts,OVER,"[-500,-300]",HR≥50/EDG≥-5.0/CV≤-/μ≥0.5/TP≥60,259,232,182,50,78.45,-1.59,-8.27,5.08,-3.698,0.308,13
2026-05,batter_strikeouts,OVER,"[-500,-300]",HR≥50/EDG≥-5.0/CV≤-/μ≥0.5/TP≥65,259,232,182,50,78.45,-1.59,-8.27,5.08,-3.698,0.308,13
2026-05,batter_strikeouts,OVER,"[-500,-300]",HR≥50/EDG≥-5.0/CV≤-/μ≥1.0/TP≥-,170,153,123,30,80.39,0.79,-7.16,8.73,1.203,0.538,13
2026-05,batter_strikeouts,OVER,"[-500,-300]",HR≥50/EDG≥-5.0/CV≤-/μ≥1.0/TP≥50,170,153,123,30,80.39,0.79,-7.16,8.73,1.203,0.538,13
2026-05,batter_strikeouts,OVER,"[-500,-300]",HR≥50/EDG≥-5.0/CV≤-/μ≥1.0/TP≥55,170,153,123,30,80.39,0.79,-7.16,8.73,1.203,0.538,13
2026-05,batter_strikeouts,OVER,"[-500,-300]",HR≥50/EDG≥-5.0/CV≤-/μ≥1.0/TP≥60,170,153,123,30,80.39,0.79,-7.16,8.73,1.203,0.538,13
2026-05,batter_strikeouts,OVER,"[-500,-300]",HR≥50/EDG≥-5.0/CV≤-/μ≥1.0/TP≥65,170,153,123,30,80.39,0.79,-7.16,8.73,1.203,0.538,13
2026-05,batter_strikeouts,OVER,"[-500,-300]",HR≥50/EDG≥-5.0/CV≤0.7/μ≥-/TP≥-,118,106,80,26,75.47,-5.45,-15.79,4.9,-5.774,0.333,12
2026-05,batter_strikeouts,OVER,"[-500,-300]",HR≥50/EDG≥-5.0/CV≤0.7/μ≥-/TP≥50,118,106,80,26,75.47,-5.45,-15.79,4.9,-5.774,0.333,12
2026-05,batter_strikeouts,OVER,"[-500,-300]",HR≥50/EDG≥-5.0/CV≤0.7/μ≥-/TP≥55,118,106,80,26,75.47,-5.45,-15.79,4.9,-5.774,0.333,12
2026-05,batter_strikeouts,OVER,"[-500,-300]",HR≥50/EDG≥-5.0/CV≤0.7/μ≥-/TP≥60,118,106,80,26,75.47,-5.45,-15.79,4.9,-5.774,0.333,12
2026-05,batter_strikeouts,OVER,"[-500,-300]",HR≥50/EDG≥-5.0/CV≤0.7/μ≥-/TP≥65,118,106,80,26,75.47,-5.45,-15.79,4.9,-5.774,0.333,12
2026-05,batter_strikeouts,OVER,"[-500,-300]",HR≥50/EDG≥-5.0/CV≤0.7/μ≥0.0/TP≥-,118,106,80,26,75.47,-5.45,-15.79,4.9,-5.774,0.333,12
2026-05,batter_strikeouts,OVER,"[-500,-300]",HR≥50/EDG≥-5.0/CV≤0.7/μ≥0.0/TP≥50,118,106,80,26,75.47,-5.45,-15.79,4.9,-5.774,0.333,12
2026-05,batter_strikeouts,OVER,"[-500,-300]",HR≥50/EDG≥-5.0/CV≤0.7/μ≥0.0/TP≥55,118,106,80,26,75.47,-5.45,-15.79,4.9,-5.774,0.333,12
2026-05,batter_strikeouts,OVER,"[-500,-300]",HR≥50/EDG≥-5.0/CV≤0.7/μ≥0.0/TP≥60,118,106,80,26,75.47,-5.45,-15.79,4.9,-5.774,0.333,12
2026-05,batter_strikeouts,OVER,"[-500,-300]",HR≥50/EDG≥-5.0/CV≤0.7/μ≥0.0/TP≥65,118,106,80,26,75.47,-5.45,-15.79,4.9,-5.774,0.333,12
2026-05,batter_strikeouts,OVER,"[-500,-300]",HR≥50/EDG≥-5.0/CV≤0.7/μ≥0.5/TP≥-,109,98,74,24,75.51,-5.47,-16.22,5.28,-5.357,0.333,12
2026-05,batter_strikeouts,OVER,"[-500,-300]",HR≥50/EDG≥-5.0/CV≤0.7/μ≥0.5/TP≥50,109,98,74,24,75.51,-5.47,-16.22,5.28,-5.357,0.333,12
2026-05,batter_strikeouts,OVER,"[-500,-300]",HR≥50/EDG≥-5.0/CV≤0.7/μ≥0.5/TP≥55,109,98,74,24,75.51,-5.47,-16.22,5.28,-5.357,0.333,12
2026-05,batter_strikeouts,OVER,"[-500,-300]",HR≥50/EDG≥-5.0/CV≤0.7/μ≥0.5/TP≥60,109,98,74,24,75.51,-5.47,-16.22,5.28,-5.357,0.333,12
2026-05,batter_strikeouts,OVER,"[-500,-300]",HR≥50/EDG≥-5.0/CV≤0.7/μ≥0.5/TP≥65,109,98,74,24,75.51,-5.47,-16.22,5.28,-5.357,0.333,12
2026-05,batter_strikeouts,OVER,"[-500,-300]",HR≥50/EDG≥-5.0/CV≤0.7/μ≥1.0/TP≥-,65,57,44,13,77.19,-2.75,-16.64,11.13,-1.568,0.545,11
2026-05,batter_strikeouts,OVER,"[-500,-300]",HR≥50/EDG≥-5.0/CV≤0.7/μ≥1.0/TP≥50,65,57,44,13,77.19,-2.75,-16.64,11.13,-1.568,0.545,11
2026-05,batter_strikeouts,OVER,"[-500,-300]",HR≥50/EDG≥-5.0/CV≤0.7/μ≥1.0/TP≥55,65,57,44,13,77.19,-2.75,-16.64,11.13,-1.568,0.545,11
2026-05,batter_strikeouts,OVER,"[-500,-300]",HR≥50/EDG≥-5.0/CV≤0.7/μ≥1.0/TP≥60,65,57,44,13,77.19,-2.75,-16.64,11.13,-1.568,0.545,11
2026-05,batter_strikeouts,OVER,"[-500,-300]",HR≥50/EDG≥-5.0/CV≤0.7/μ≥1.0/TP≥65,65,57,44,13,77.19,-2.75,-16.64,11.13,-1.568,0.545,11
2026-05,batter_strikeouts,OVER,"[-500,-300]",HR≥50/EDG≥-5.0/CV≤0.6/μ≥-/TP≥-,50,45,34,11,75.56,-6.16,-22.0,9.68,-2.772,0.5,12
2026-05,batter_strikeouts,OVER,"[-500,-300]",HR≥50/EDG≥-5.0/CV≤0.6/μ≥-/TP≥50,50,45,34,11,75.56,-6.16,-22.0,9.68,-2.772,0.5,12
2026-05,batter_strikeouts,OVER,"[-500,-300]",HR≥50/EDG≥-5.0/CV≤0.6/μ≥-/TP≥55,50,45,34,11,75.56,-6.16,-22.0,9.68,-2.772,0.5,12
2026-05,batter_strikeouts,OVER,"[-500,-300]",HR≥50/EDG≥-5.0/CV≤0.6/μ≥-/TP≥60,50,45,34,11,75.56,-6.16,-22.0,9.68,-2.772,0.5,12
2026-05,batter_strikeouts,OVER,"[-500,-300]",HR≥50/EDG≥-5.0/CV≤0.6/μ≥-/TP≥65,50,45,34,11,75.56,-6.16,-22.0,9.68,-2.772,0.5,12
2026-05,batter_strikeouts,OVER,"[-500,-300]",HR≥50/EDG≥-5.0/CV≤0.6/μ≥0.0/TP≥-,50,45,34,11,75.56,-6.16,-22.0,9.68,-2.772,0.5,12
2026-05,batter_strikeouts,OVER,"[-500,-300]",HR≥50/EDG≥-5.0/CV≤0.6/μ≥0.0/TP≥50,50,45,34,11,75.56,-6.16,-22.0,9.68,-2.772,0.5,12
2026-05,batter_strikeouts,OVER,"[-500,-300]",HR≥50/EDG≥-5.0/CV≤0.6/μ≥0.0/TP≥55,50,45,34,11,75.56,-6.16,-22.0,9.68,-2.772,0.5,12
2026-05,batter_strikeouts,OVER,"[-500,-300]",HR≥50/EDG≥-5.0/CV≤0.6/μ≥0.0/TP≥60,50,45,34,11,75.56,-6.16,-22.0,9.68,-2.772,0.5,12
2026-05,batter_strikeouts,OVER,"[-500,-300]",HR≥50/EDG≥-5.0/CV≤0.6/μ≥0.0/TP≥65,50,45,34,11,75.56,-6.16,-22.0,9.68,-2.772,0.5,12
2026-05,batter_strikeouts,OVER,"[-500,-300]",HR≥50/EDG≥-5.0/CV≤0.6/μ≥0.5/TP≥-,46,41,32,9,78.05,-2.93,-18.96,13.11,-1.201,0.545,11
2026-05,batter_strikeouts,OVER,"[-500,-300]",HR≥50/EDG≥-5.0/CV≤0.6/μ≥0.5/TP≥50,46,41,32,9,78.05,-2.93,-18.96,13.11,-1.201,0.545,11
2026-05,batter_strikeouts,OVER,"[-500,-300]",HR≥50/EDG≥-5.0/CV≤0.6/μ≥0.5/TP≥55,46,41,32,9,78.05,-2.93,-18.96,13.11,-1.201,0.545,11
2026-05,batter_strikeouts,OVER,"[-500,-300]",HR≥50/EDG≥-5.0/CV≤0.6/μ≥0.5/TP≥60,46,41,32,9,78.05,-2.93,-18.96,13.11,-1.201,0.545,11
2026-05,batter_strikeouts,OVER,"[-500,-300]",HR≥50/EDG≥-5.0/CV≤0.6/μ≥0.5/TP≥65,46,41,32,9,78.05,-2.93,-18.96,13.11,-1.201,0.545,11
2026-05,batter_strikeouts,OVER,"[-500,-300]",HR≥50/EDG≥-5.0/CV≤0.5/μ≥-/TP≥-,33,30,22,8,73.33,-8.49,-28.65,11.67,-2.547,0.5,10
2026-05,batter_strikeouts,OVER,"[-500,-300]",HR≥50/EDG≥-5.0/CV≤0.5/μ≥-/TP≥50,33,30,22,8,73.33,-8.49,-28.65,11.67,-2.547,0.5,10
2026-05,batter_strikeouts,OVER,"[-500,-300]",HR≥50/EDG≥-5.0/CV≤0.5/μ≥-/TP≥55,33,30,22,8,73.33,-8.49,-28.65,11.67,-2.547,0.5,10
2026-05,batter_strikeouts,OVER,"[-500,-300]",HR≥50/EDG≥-5.0/CV≤0.5/μ≥-/TP≥60,33,30,22,8,73.33,-8.49,-28.65,11.67,-2.547,0.5,10
2026-05,batter_strikeouts,OVER,"[-500,-300]",HR≥50/EDG≥-5.0/CV≤0.5/μ≥-/TP≥65,33,30,22,8,73.33,-8.49,-28.65,11.67,-2.547,0.5,10
2026-05,batter_strikeouts,OVER,"[-500,-300]",HR≥50/EDG≥-5.0/CV≤0.5/μ≥0.0/TP≥-,33,30,22,8,73.33,-8.49,-28.65,11.67,-2.547,0.5,10
2026-05,batter_strikeouts,OVER,"[-500,-300]",HR≥50/EDG≥-5.0/CV≤0.5/μ≥0.0/TP≥50,33,30,22,8,73.33,-8.49,-28.65,11.67,-2.547,0.5,10
2026-05,batter_strikeouts,OVER,"[-500,-300]",HR≥50/EDG≥-5.0/CV≤0.5/μ≥0.0/TP≥55,33,30,22,8,73.33,-8.49,-28.65,11.67,-2.547,0.5,10
2026-05,batter_strikeouts,OVER,"[-500,-300]",HR≥50/EDG≥-5.0/CV≤0.5/μ≥0.0/TP≥60,33,30,22,8,73.33,-8.49,-28.65,11.67,-2.547,0.5,10
2026-05,batter_strikeouts,OVER,"[-500,-300]",HR≥50/EDG≥-5.0/CV≤0.5/μ≥0.0/TP≥65,33,30,22,8,73.33,-8.49,-28.65,11.67,-2.547,0.5,10
2026-05,batter_strikeouts,OVER,"[-500,-300]",HR≥50/EDG≥0.0/CV≤-/μ≥-/TP≥-,229,204,161,43,78.92,-0.71,-7.79,6.37,-1.454,0.462,13
2026-05,batter_strikeouts,OVER,"[-500,-300]",HR≥50/EDG≥0.0/CV≤-/μ≥-/TP≥50,229,204,161,43,78.92,-0.71,-7.79,6.37,-1.454,0.462,13
2026-05,batter_strikeouts,OVER,"[-500,-300]",HR≥50/EDG≥0.0/CV≤-/μ≥-/TP≥55,229,204,161,43,78.92,-0.71,-7.79,6.37,-1.454,0.462,13
2026-05,batter_strikeouts,OVER,"[-500,-300]",HR≥50/EDG≥0.0/CV≤-/μ≥-/TP≥60,229,204,161,43,78.92,-0.71,-7.79,6.37,-1.454,0.462,13
2026-05,batter_strikeouts,OVER,"[-500,-300]",HR≥50/EDG≥0.0/CV≤-/μ≥-/TP≥65,229,204,161,43,78.92,-0.71,-7.79,6.37,-1.454,0.462,13
2026-05,batter_strikeouts,OVER,"[-500,-300]",HR≥50/EDG≥0.0/CV≤-/μ≥0.0/TP≥-,229,204,161,43,78.92,-0.71,-7.79,6.37,-1.454,0.462,13
2026-05,batter_strikeouts,OVER,"[-500,-300]",HR≥50/EDG≥0.0/CV≤-/μ≥0.0/TP≥50,229,204,161,43,78.92,-0.71,-7.79,6.37,-1.454,0.462,13
2026-05,batter_strikeouts,OVER,"[-500,-300]",HR≥50/EDG≥0.0/CV≤-/μ≥0.0/TP≥55,229,204,161,43,78.92,-0.71,-7.79,6.37,-1.454,0.462,13
2026-05,batter_strikeouts,OVER,"[-500,-300]",HR≥50/EDG≥0.0/CV≤-/μ≥0.0/TP≥60,229,204,161,43,78.92,-0.71,-7.79,6.37,-1.454,0.462,13
2026-05,batter_strikeouts,OVER,"[-500,-300]",HR≥50/EDG≥0.0/CV≤-/μ≥0.0/TP≥65,229,204,161,43,78.92,-0.71,-7.79,6.37,-1.454,0.462,13
2026-05,batter_strikeouts,OVER,"[-500,-300]",HR≥50/EDG≥0.0/CV≤-/μ≥0.5/TP≥-,225,201,158,43,78.61,-1.16,-8.33,6.01,-2.324,0.462,13
2026-05,batter_strikeouts,OVER,"[-500,-300]",HR≥50/EDG≥0.0/CV≤-/μ≥0.5/TP≥50,225,201,158,43,78.61,-1.16,-8.33,6.01,-2.324,0.462,13
2026-05,batter_strikeouts,OVER,"[-500,-300]",HR≥50/EDG≥0.0/CV≤-/μ≥0.5/TP≥55,225,201,158,43,78.61,-1.16,-8.33,6.01,-2.324,0.462,13
2026-05,batter_strikeouts,OVER,"[-500,-300]",HR≥50/EDG≥0.0/CV≤-/μ≥0.5/TP≥60,225,201,158,43,78.61,-1.16,-8.33,6.01,-2.324,0.462,13
2026-05,batter_strikeouts,OVER,"[-500,-300]",HR≥50/EDG≥0.0/CV≤-/μ≥0.5/TP≥65,225,201,158,43,78.61,-1.16,-8.33,6.01,-2.324,0.462,13
2026-05,batter_strikeouts,OVER,"[-500,-300]",HR≥50/EDG≥0.0/CV≤-/μ≥1.0/TP≥-,166,149,119,30,79.87,0.23,-7.91,8.36,0.336,0.538,13
2026-05,batter_strikeouts,OVER,"[-500,-300]",HR≥50/EDG≥0.0/CV≤-/μ≥1.0/TP≥50,166,149,119,30,79.87,0.23,-7.91,8.36,0.336,0.538,13
2026-05,batter_strikeouts,OVER,"[-500,-300]",HR≥50/EDG≥0.0/CV≤-/μ≥1.0/TP≥55,166,149,119,30,79.87,0.23,-7.91,8.36,0.336,0.538,13
2026-05,batter_strikeouts,OVER,"[-500,-300]",HR≥50/EDG≥0.0/CV≤-/μ≥1.0/TP≥60,166,149,119,30,79.87,0.23,-7.91,8.36,0.336,0.538,13
2026-05,batter_strikeouts,OVER,"[-500,-300]",HR≥50/EDG≥0.0/CV≤-/μ≥1.0/TP≥65,166,149,119,30,79.87,0.23,-7.91,8.36,0.336,0.538,13
2026-05,batter_strikeouts,OVER,"[-500,-300]",HR≥50/EDG≥0.0/CV≤0.7/μ≥-/TP≥-,97,85,67,18,78.82,-0.68,-11.73,10.36,-0.582,0.5,12
2026-05,batter_strikeouts,OVER,"[-500,-300]",HR≥50/EDG≥0.0/CV≤0.7/μ≥-/TP≥50,97,85,67,18,78.82,-0.68,-11.73,10.36,-0.582,0.5,12
2026-05,batter_strikeouts,OVER,"[-500,-300]",HR≥50/EDG≥0.0/CV≤0.7/μ≥-/TP≥55,97,85,67,18,78.82,-0.68,-11.73,10.36,-0.582,0.5,12
2026-05,batter_strikeouts,OVER,"[-500,-300]",HR≥50/EDG≥0.0/CV≤0.7/μ≥-/TP≥60,97,85,67,18,78.82,-0.68,-11.73,10.36,-0.582,0.5,12
2026-05,batter_strikeouts,OVER,"[-500,-300]",HR≥50/EDG≥0.0/CV≤0.7/μ≥-/TP≥65,97,85,67,18,78.82,-0.68,-11.73,10.36,-0.582,0.5,12
2026-05,batter_strikeouts,OVER,"[-500,-300]",HR≥50/EDG≥0.0/CV≤0.7/μ≥0.0/TP≥-,97,85,67,18,78.82,-0.68,-11.73,10.36,-0.582,0.5,12
2026-05,batter_strikeouts,OVER,"[-500,-300]",HR≥50/EDG≥0.0/CV≤0.7/μ≥0.0/TP≥50,97,85,67,18,78.82,-0.68,-11.73,10.36,-0.582,0.5,12
2026-05,batter_strikeouts,OVER,"[-500,-300]",HR≥50/EDG≥0.0/CV≤0.7/μ≥0.0/TP≥55,97,85,67,18,78.82,-0.68,-11.73,10.36,-0.582,0.5,12
2026-05,batter_strikeouts,OVER,"[-500,-300]",HR≥50/EDG≥0.0/CV≤0.7/μ≥0.0/TP≥60,97,85,67,18,78.82,-0.68,-11.73,10.36,-0.582,0.5,12
2026-05,batter_strikeouts,OVER,"[-500,-300]",HR≥50/EDG≥0.0/CV≤0.7/μ≥0.0/TP≥65,97,85,67,18,78.82,-0.68,-11.73,10.36,-0.582,0.5,12
2026-05,batter_strikeouts,OVER,"[-500,-300]",HR≥50/EDG≥0.0/CV≤0.7/μ≥0.5/TP≥-,94,83,65,18,78.31,-1.39,-12.66,9.88,-1.154,0.5,12
2026-05,batter_strikeouts,OVER,"[-500,-300]",HR≥50/EDG≥0.0/CV≤0.7/μ≥0.5/TP≥50,94,83,65,18,78.31,-1.39,-12.66,9.88,-1.154,0.5,12
2026-05,batter_strikeouts,OVER,"[-500,-300]",HR≥50/EDG≥0.0/CV≤0.7/μ≥0.5/TP≥55,94,83,65,18,78.31,-1.39,-12.66,9.88,-1.154,0.5,12
2026-05,batter_strikeouts,OVER,"[-500,-300]",HR≥50/EDG≥0.0/CV≤0.7/μ≥0.5/TP≥60,94,83,65,18,78.31,-1.39,-12.66,9.88,-1.154,0.5,12
2026-05,batter_strikeouts,OVER,"[-500,-300]",HR≥50/EDG≥0.0/CV≤0.7/μ≥0.5/TP≥65,94,83,65,18,78.31,-1.39,-12.66,9.88,-1.154,0.5,12
2026-05,batter_strikeouts,OVER,"[-500,-300]",HR≥50/EDG≥0.0/CV≤0.7/μ≥1.0/TP≥-,65,57,44,13,77.19,-2.75,-16.64,11.13,-1.568,0.545,11
2026-05,batter_strikeouts,OVER,"[-500,-300]",HR≥50/EDG≥0.0/CV≤0.7/μ≥1.0/TP≥50,65,57,44,13,77.19,-2.75,-16.64,11.13,-1.568,0.545,11
2026-05,batter_strikeouts,OVER,"[-500,-300]",HR≥50/EDG≥0.0/CV≤0.7/μ≥1.0/TP≥55,65,57,44,13,77.19,-2.75,-16.64,11.13,-1.568,0.545,11
2026-05,batter_strikeouts,OVER,"[-500,-300]",HR≥50/EDG≥0.0/CV≤0.7/μ≥1.0/TP≥60,65,57,44,13,77.19,-2.75,-16.64,11.13,-1.568,0.545,11
2026-05,batter_strikeouts,OVER,"[-500,-300]",HR≥50/EDG≥0.0/CV≤0.7/μ≥1.0/TP≥65,65,57,44,13,77.19,-2.75,-16.64,11.13,-1.568,0.545,11
2026-05,batter_strikeouts,OVER,"[-500,-300]",HR≥50/EDG≥0.0/CV≤0.6/μ≥-/TP≥-,40,35,28,7,80.0,0.41,-16.55,17.36,0.142,0.636,11
2026-05,batter_strikeouts,OVER,"[-500,-300]",HR≥50/EDG≥0.0/CV≤0.6/μ≥-/TP≥50,40,35,28,7,80.0,0.41,-16.55,17.36,0.142,0.636,11
2026-05,batter_strikeouts,OVER,"[-500,-300]",HR≥50/EDG≥0.0/CV≤0.6/μ≥-/TP≥55,40,35,28,7,80.0,0.41,-16.55,17.36,0.142,0.636,11
2026-05,batter_strikeouts,OVER,"[-500,-300]",HR≥50/EDG≥0.0/CV≤0.6/μ≥-/TP≥60,40,35,28,7,80.0,0.41,-16.55,17.36,0.142,0.636,11
2026-05,batter_strikeouts,OVER,"[-500,-300]",HR≥50/EDG≥0.0/CV≤0.6/μ≥-/TP≥65,40,35,28,7,80.0,0.41,-16.55,17.36,0.142,0.636,11
2026-05,batter_strikeouts,OVER,"[-500,-300]",HR≥50/EDG≥0.0/CV≤0.6/μ≥0.0/TP≥-,40,35,28,7,80.0,0.41,-16.55,17.36,0.142,0.636,11
2026-05,batter_strikeouts,OVER,"[-500,-300]",HR≥50/EDG≥0.0/CV≤0.6/μ≥0.0/TP≥50,40,35,28,7,80.0,0.41,-16.55,17.36,0.142,0.636,11
2026-05,batter_strikeouts,OVER,"[-500,-300]",HR≥50/EDG≥0.0/CV≤0.6/μ≥0.0/TP≥55,40,35,28,7,80.0,0.41,-16.55,17.36,0.142,0.636,11
2026-05,batter_strikeouts,OVER,"[-500,-300]",HR≥50/EDG≥0.0/CV≤0.6/μ≥0.0/TP≥60,40,35,28,7,80.0,0.41,-16.55,17.36,0.142,0.636,11
2026-05,batter_strikeouts,OVER,"[-500,-300]",HR≥50/EDG≥0.0/CV≤0.6/μ≥0.0/TP≥65,40,35,28,7,80.0,0.41,-16.55,17.36,0.142,0.636,11
2026-05,batter_strikeouts,OVER,"[-500,-300]",HR≥50/EDG≥0.0/CV≤0.6/μ≥0.5/TP≥-,40,35,28,7,80.0,0.41,-16.55,17.36,0.142,0.636,11
2026-05,batter_strikeouts,OVER,"[-500,-300]",HR≥50/EDG≥0.0/CV≤0.6/μ≥0.5/TP≥50,40,35,28,7,80.0,0.41,-16.55,17.36,0.142,0.636,11
2026-05,batter_strikeouts,OVER,"[-500,-300]",HR≥50/EDG≥0.0/CV≤0.6/μ≥0.5/TP≥55,40,35,28,7,80.0,0.41,-16.55,17.36,0.142,0.636,11
2026-05,batter_strikeouts,OVER,"[-500,-300]",HR≥50/EDG≥0.0/CV≤0.6/μ≥0.5/TP≥60,40,35,28,7,80.0,0.41,-16.55,17.36,0.142,0.636,11
2026-05,batter_strikeouts,OVER,"[-500,-300]",HR≥50/EDG≥0.0/CV≤0.6/μ≥0.5/TP≥65,40,35,28,7,80.0,0.41,-16.55,17.36,0.142,0.636,11
2026-05,batter_strikeouts,OVER,"[-500,-300]",HR≥50/EDG≥5.0/CV≤-/μ≥-/TP≥-,178,162,123,39,75.93,-4.18,-12.54,4.18,-6.773,0.308,13
2026-05,batter_strikeouts,OVER,"[-500,-300]",HR≥50/EDG≥5.0/CV≤-/μ≥-/TP≥50,178,162,123,39,75.93,-4.18,-12.54,4.18,-6.773,0.308,13
2026-05,batter_strikeouts,OVER,"[-500,-300]",HR≥50/EDG≥5.0/CV≤-/μ≥-/TP≥55,178,162,123,39,75.93,-4.18,-12.54,4.18,-6.773,0.308,13
2026-05,batter_strikeouts,OVER,"[-500,-300]",HR≥50/EDG≥5.0/CV≤-/μ≥-/TP≥60,178,162,123,39,75.93,-4.18,-12.54,4.18,-6.773,0.308,13
2026-05,batter_strikeouts,OVER,"[-500,-300]",HR≥50/EDG≥5.0/CV≤-/μ≥-/TP≥65,178,162,123,39,75.93,-4.18,-12.54,4.18,-6.773,0.308,13
2026-05,batter_strikeouts,OVER,"[-500,-300]",HR≥50/EDG≥5.0/CV≤-/μ≥0.0/TP≥-,178,162,123,39,75.93,-4.18,-12.54,4.18,-6.773,0.308,13
2026-05,batter_strikeouts,OVER,"[-500,-300]",HR≥50/EDG≥5.0/CV≤-/μ≥0.0/TP≥50,178,162,123,39,75.93,-4.18,-12.54,4.18,-6.773,0.308,13
2026-05,batter_strikeouts,OVER,"[-500,-300]",HR≥50/EDG≥5.0/CV≤-/μ≥0.0/TP≥55,178,162,123,39,75.93,-4.18,-12.54,4.18,-6.773,0.308,13
2026-05,batter_strikeouts,OVER,"[-500,-300]",HR≥50/EDG≥5.0/CV≤-/μ≥0.0/TP≥60,178,162,123,39,75.93,-4.18,-12.54,4.18,-6.773,0.308,13
2026-05,batter_strikeouts,OVER,"[-500,-300]",HR≥50/EDG≥5.0/CV≤-/μ≥0.0/TP≥65,178,162,123,39,75.93,-4.18,-12.54,4.18,-6.773,0.308,13
2026-05,batter_strikeouts,OVER,"[-500,-300]",HR≥50/EDG≥5.0/CV≤-/μ≥0.5/TP≥-,178,162,123,39,75.93,-4.18,-12.54,4.18,-6.773,0.308,13
2026-05,batter_strikeouts,OVER,"[-500,-300]",HR≥50/EDG≥5.0/CV≤-/μ≥0.5/TP≥50,178,162,123,39,75.93,-4.18,-12.54,4.18,-6.773,0.308,13
2026-05,batter_strikeouts,OVER,"[-500,-300]",HR≥50/EDG≥5.0/CV≤-/μ≥0.5/TP≥55,178,162,123,39,75.93,-4.18,-12.54,4.18,-6.773,0.308,13
2026-05,batter_strikeouts,OVER,"[-500,-300]",HR≥50/EDG≥5.0/CV≤-/μ≥0.5/TP≥60,178,162,123,39,75.93,-4.18,-12.54,4.18,-6.773,0.308,13
2026-05,batter_strikeouts,OVER,"[-500,-300]",HR≥50/EDG≥5.0/CV≤-/μ≥0.5/TP≥65,178,162,123,39,75.93,-4.18,-12.54,4.18,-6.773,0.308,13
2026-05,batter_strikeouts,OVER,"[-500,-300]",HR≥50/EDG≥5.0/CV≤-/μ≥1.0/TP≥-,149,134,105,29,78.36,-1.36,-10.2,7.48,-1.826,0.462,13
2026-05,batter_strikeouts,OVER,"[-500,-300]",HR≥50/EDG≥5.0/CV≤-/μ≥1.0/TP≥50,149,134,105,29,78.36,-1.36,-10.2,7.48,-1.826,0.462,13
2026-05,batter_strikeouts,OVER,"[-500,-300]",HR≥50/EDG≥5.0/CV≤-/μ≥1.0/TP≥55,149,134,105,29,78.36,-1.36,-10.2,7.48,-1.826,0.462,13
2026-05,batter_strikeouts,OVER,"[-500,-300]",HR≥50/EDG≥5.0/CV≤-/μ≥1.0/TP≥60,149,134,105,29,78.36,-1.36,-10.2,7.48,-1.826,0.462,13
2026-05,batter_strikeouts,OVER,"[-500,-300]",HR≥50/EDG≥5.0/CV≤-/μ≥1.0/TP≥65,149,134,105,29,78.36,-1.36,-10.2,7.48,-1.826,0.462,13
2026-05,batter_strikeouts,OVER,"[-500,-300]",HR≥50/EDG≥5.0/CV≤0.7/μ≥-/TP≥-,76,68,50,18,73.53,-6.84,-20.26,6.57,-4.653,0.333,12
2026-05,batter_strikeouts,OVER,"[-500,-300]",HR≥50/EDG≥5.0/CV≤0.7/μ≥-/TP≥50,76,68,50,18,73.53,-6.84,-20.26,6.57,-4.653,0.333,12
2026-05,batter_strikeouts,OVER,"[-500,-300]",HR≥50/EDG≥5.0/CV≤0.7/μ≥-/TP≥55,76,68,50,18,73.53,-6.84,-20.26,6.57,-4.653,0.333,12
2026-05,batter_strikeouts,OVER,"[-500,-300]",HR≥50/EDG≥5.0/CV≤0.7/μ≥-/TP≥60,76,68,50,18,73.53,-6.84,-20.26,6.57,-4.653,0.333,12
2026-05,batter_strikeouts,OVER,"[-500,-300]",HR≥50/EDG≥5.0/CV≤0.7/μ≥-/TP≥65,76,68,50,18,73.53,-6.84,-20.26,6.57,-4.653,0.333,12
2026-05,batter_strikeouts,OVER,"[-500,-300]",HR≥50/EDG≥5.0/CV≤0.7/μ≥0.0/TP≥-,76,68,50,18,73.53,-6.84,-20.26,6.57,-4.653,0.333,12
2026-05,batter_strikeouts,OVER,"[-500,-300]",HR≥50/EDG≥5.0/CV≤0.7/μ≥0.0/TP≥50,76,68,50,18,73.53,-6.84,-20.26,6.57,-4.653,0.333,12
2026-05,batter_strikeouts,OVER,"[-500,-300]",HR≥50/EDG≥5.0/CV≤0.7/μ≥0.0/TP≥55,76,68,50,18,73.53,-6.84,-20.26,6.57,-4.653,0.333,12
2026-05,batter_strikeouts,OVER,"[-500,-300]",HR≥50/EDG≥5.0/CV≤0.7/μ≥0.0/TP≥60,76,68,50,18,73.53,-6.84,-20.26,6.57,-4.653,0.333,12
2026-05,batter_strikeouts,OVER,"[-500,-300]",HR≥50/EDG≥5.0/CV≤0.7/μ≥0.0/TP≥65,76,68,50,18,73.53,-6.84,-20.26,6.57,-4.653,0.333,12
2026-05,batter_strikeouts,OVER,"[-500,-300]",HR≥50/EDG≥5.0/CV≤0.7/μ≥0.5/TP≥-,76,68,50,18,73.53,-6.84,-20.26,6.57,-4.653,0.333,12
2026-05,batter_strikeouts,OVER,"[-500,-300]",HR≥50/EDG≥5.0/CV≤0.7/μ≥0.5/TP≥50,76,68,50,18,73.53,-6.84,-20.26,6.57,-4.653,0.333,12
2026-05,batter_strikeouts,OVER,"[-500,-300]",HR≥50/EDG≥5.0/CV≤0.7/μ≥0.5/TP≥55,76,68,50,18,73.53,-6.84,-20.26,6.57,-4.653,0.333,12
2026-05,batter_strikeouts,OVER,"[-500,-300]",HR≥50/EDG≥5.0/CV≤0.7/μ≥0.5/TP≥60,76,68,50,18,73.53,-6.84,-20.26,6.57,-4.653,0.333,12
2026-05,batter_strikeouts,OVER,"[-500,-300]",HR≥50/EDG≥5.0/CV≤0.7/μ≥0.5/TP≥65,76,68,50,18,73.53,-6.84,-20.26,6.57,-4.653,0.333,12
2026-05,batter_strikeouts,OVER,"[-500,-300]",HR≥50/EDG≥5.0/CV≤0.7/μ≥1.0/TP≥-,59,51,38,13,74.51,-5.98,-21.26,9.31,-3.048,0.545,11
2026-05,batter_strikeouts,OVER,"[-500,-300]",HR≥50/EDG≥5.0/CV≤0.7/μ≥1.0/TP≥50,59,51,38,13,74.51,-5.98,-21.26,9.31,-3.048,0.545,11
2026-05,batter_strikeouts,OVER,"[-500,-300]",HR≥50/EDG≥5.0/CV≤0.7/μ≥1.0/TP≥55,59,51,38,13,74.51,-5.98,-21.26,9.31,-3.048,0.545,11
2026-05,batter_strikeouts,OVER,"[-500,-300]",HR≥50/EDG≥5.0/CV≤0.7/μ≥1.0/TP≥60,59,51,38,13,74.51,-5.98,-21.26,9.31,-3.048,0.545,11
2026-05,batter_strikeouts,OVER,"[-500,-300]",HR≥50/EDG≥5.0/CV≤0.7/μ≥1.0/TP≥65,59,51,38,13,74.51,-5.98,-21.26,9.31,-3.048,0.545,11
2026-05,batter_strikeouts,OVER,"[-500,-300]",HR≥50/EDG≥5.0/CV≤0.6/μ≥-/TP≥-,36,32,25,7,78.12,-1.33,-19.76,17.11,-0.424,0.6,10
2026-05,batter_strikeouts,OVER,"[-500,-300]",HR≥50/EDG≥5.0/CV≤0.6/μ≥-/TP≥50,36,32,25,7,78.12,-1.33,-19.76,17.11,-0.424,0.6,10
2026-05,batter_strikeouts,OVER,"[-500,-300]",HR≥50/EDG≥5.0/CV≤0.6/μ≥-/TP≥55,36,32,25,7,78.12,-1.33,-19.76,17.11,-0.424,0.6,10
2026-05,batter_strikeouts,OVER,"[-500,-300]",HR≥50/EDG≥5.0/CV≤0.6/μ≥-/TP≥60,36,32,25,7,78.12,-1.33,-19.76,17.11,-0.424,0.6,10
2026-05,batter_strikeouts,OVER,"[-500,-300]",HR≥50/EDG≥5.0/CV≤0.6/μ≥-/TP≥65,36,32,25,7,78.12,-1.33,-19.76,17.11,-0.424,0.6,10
2026-05,batter_strikeouts,OVER,"[-500,-300]",HR≥50/EDG≥5.0/CV≤0.6/μ≥0.0/TP≥-,36,32,25,7,78.12,-1.33,-19.76,17.11,-0.424,0.6,10
2026-05,batter_strikeouts,OVER,"[-500,-300]",HR≥50/EDG≥5.0/CV≤0.6/μ≥0.0/TP≥50,36,32,25,7,78.12,-1.33,-19.76,17.11,-0.424,0.6,10
2026-05,batter_strikeouts,OVER,"[-500,-300]",HR≥50/EDG≥5.0/CV≤0.6/μ≥0.0/TP≥55,36,32,25,7,78.12,-1.33,-19.76,17.11,-0.424,0.6,10
2026-05,batter_strikeouts,OVER,"[-500,-300]",HR≥50/EDG≥5.0/CV≤0.6/μ≥0.0/TP≥60,36,32,25,7,78.12,-1.33,-19.76,17.11,-0.424,0.6,10
2026-05,batter_strikeouts,OVER,"[-500,-300]",HR≥50/EDG≥5.0/CV≤0.6/μ≥0.0/TP≥65,36,32,25,7,78.12,-1.33,-19.76,17.11,-0.424,0.6,10
2026-05,batter_strikeouts,OVER,"[-500,-300]",HR≥50/EDG≥5.0/CV≤0.6/μ≥0.5/TP≥-,36,32,25,7,78.12,-1.33,-19.76,17.11,-0.424,0.6,10
2026-05,batter_strikeouts,OVER,"[-500,-300]",HR≥50/EDG≥5.0/CV≤0.6/μ≥0.5/TP≥50,36,32,25,7,78.12,-1.33,-19.76,17.11,-0.424,0.6,10
2026-05,batter_strikeouts,OVER,"[-500,-300]",HR≥50/EDG≥5.0/CV≤0.6/μ≥0.5/TP≥55,36,32,25,7,78.12,-1.33,-19.76,17.11,-0.424,0.6,10
2026-05,batter_strikeouts,OVER,"[-500,-300]",HR≥50/EDG≥5.0/CV≤0.6/μ≥0.5/TP≥60,36,32,25,7,78.12,-1.33,-19.76,17.11,-0.424,0.6,10
2026-05,batter_strikeouts,OVER,"[-500,-300]",HR≥50/EDG≥5.0/CV≤0.6/μ≥0.5/TP≥65,36,32,25,7,78.12,-1.33,-19.76,17.11,-0.424,0.6,10
2026-05,batter_strikeouts,OVER,"[-500,-300]",HR≥50/EDG≥10.0/CV≤-/μ≥-/TP≥-,136,123,93,30,75.61,-4.06,-13.76,5.63,-4.998,0.462,13
2026-05,batter_strikeouts,OVER,"[-500,-300]",HR≥50/EDG≥10.0/CV≤-/μ≥-/TP≥50,136,123,93,30,75.61,-4.06,-13.76,5.63,-4.998,0.462,13
2026-05,batter_strikeouts,OVER,"[-500,-300]",HR≥50/EDG≥10.0/CV≤-/μ≥-/TP≥55,136,123,93,30,75.61,-4.06,-13.76,5.63,-4.998,0.462,13
2026-05,batter_strikeouts,OVER,"[-500,-300]",HR≥50/EDG≥10.0/CV≤-/μ≥-/TP≥60,136,123,93,30,75.61,-4.06,-13.76,5.63,-4.998,0.462,13
2026-05,batter_strikeouts,OVER,"[-500,-300]",HR≥50/EDG≥10.0/CV≤-/μ≥-/TP≥65,136,123,93,30,75.61,-4.06,-13.76,5.63,-4.998,0.462,13
2026-05,batter_strikeouts,OVER,"[-500,-300]",HR≥50/EDG≥10.0/CV≤-/μ≥0.0/TP≥-,136,123,93,30,75.61,-4.06,-13.76,5.63,-4.998,0.462,13
2026-05,batter_strikeouts,OVER,"[-500,-300]",HR≥50/EDG≥10.0/CV≤-/μ≥0.0/TP≥50,136,123,93,30,75.61,-4.06,-13.76,5.63,-4.998,0.462,13
2026-05,batter_strikeouts,OVER,"[-500,-300]",HR≥50/EDG≥10.0/CV≤-/μ≥0.0/TP≥55,136,123,93,30,75.61,-4.06,-13.76,5.63,-4.998,0.462,13
2026-05,batter_strikeouts,OVER,"[-500,-300]",HR≥50/EDG≥10.0/CV≤-/μ≥0.0/TP≥60,136,123,93,30,75.61,-4.06,-13.76,5.63,-4.998,0.462,13
2026-05,batter_strikeouts,OVER,"[-500,-300]",HR≥50/EDG≥10.0/CV≤-/μ≥0.0/TP≥65,136,123,93,30,75.61,-4.06,-13.76,5.63,-4.998,0.462,13
2026-05,batter_strikeouts,OVER,"[-500,-300]",HR≥50/EDG≥10.0/CV≤-/μ≥0.5/TP≥-,136,123,93,30,75.61,-4.06,-13.76,5.63,-4.998,0.462,13
2026-05,batter_strikeouts,OVER,"[-500,-300]",HR≥50/EDG≥10.0/CV≤-/μ≥0.5/TP≥50,136,123,93,30,75.61,-4.06,-13.76,5.63,-4.998,0.462,13
2026-05,batter_strikeouts,OVER,"[-500,-300]",HR≥50/EDG≥10.0/CV≤-/μ≥0.5/TP≥55,136,123,93,30,75.61,-4.06,-13.76,5.63,-4.998,0.462,13
2026-05,batter_strikeouts,OVER,"[-500,-300]",HR≥50/EDG≥10.0/CV≤-/μ≥0.5/TP≥60,136,123,93,30,75.61,-4.06,-13.76,5.63,-4.998,0.462,13
2026-05,batter_strikeouts,OVER,"[-500,-300]",HR≥50/EDG≥10.0/CV≤-/μ≥0.5/TP≥65,136,123,93,30,75.61,-4.06,-13.76,5.63,-4.998,0.462,13
2026-05,batter_strikeouts,OVER,"[-500,-300]",HR≥50/EDG≥10.0/CV≤-/μ≥1.0/TP≥-,121,109,83,26,76.15,-3.68,-13.87,6.52,-4.008,0.5,12
2026-05,batter_strikeouts,OVER,"[-500,-300]",HR≥50/EDG≥10.0/CV≤-/μ≥1.0/TP≥50,121,109,83,26,76.15,-3.68,-13.87,6.52,-4.008,0.5,12
2026-05,batter_strikeouts,OVER,"[-500,-300]",HR≥50/EDG≥10.0/CV≤-/μ≥1.0/TP≥55,121,109,83,26,76.15,-3.68,-13.87,6.52,-4.008,0.5,12
2026-05,batter_strikeouts,OVER,"[-500,-300]",HR≥50/EDG≥10.0/CV≤-/μ≥1.0/TP≥60,121,109,83,26,76.15,-3.68,-13.87,6.52,-4.008,0.5,12
2026-05,batter_strikeouts,OVER,"[-500,-300]",HR≥50/EDG≥10.0/CV≤-/μ≥1.0/TP≥65,121,109,83,26,76.15,-3.68,-13.87,6.52,-4.008,0.5,12
2026-05,batter_strikeouts,OVER,"[-500,-300]",HR≥50/EDG≥10.0/CV≤0.7/μ≥-/TP≥-,59,51,38,13,74.51,-5.05,-20.47,10.38,-2.573,0.5,12
2026-05,batter_strikeouts,OVER,"[-500,-300]",HR≥50/EDG≥10.0/CV≤0.7/μ≥-/TP≥50,59,51,38,13,74.51,-5.05,-20.47,10.38,-2.573,0.5,12
2026-05,batter_strikeouts,OVER,"[-500,-300]",HR≥50/EDG≥10.0/CV≤0.7/μ≥-/TP≥55,59,51,38,13,74.51,-5.05,-20.47,10.38,-2.573,0.5,12
2026-05,batter_strikeouts,OVER,"[-500,-300]",HR≥50/EDG≥10.0/CV≤0.7/μ≥-/TP≥60,59,51,38,13,74.51,-5.05,-20.47,10.38,-2.573,0.5,12
2026-05,batter_strikeouts,OVER,"[-500,-300]",HR≥50/EDG≥10.0/CV≤0.7/μ≥-/TP≥65,59,51,38,13,74.51,-5.05,-20.47,10.38,-2.573,0.5,12
2026-05,batter_strikeouts,OVER,"[-500,-300]",HR≥50/EDG≥10.0/CV≤0.7/μ≥0.0/TP≥-,59,51,38,13,74.51,-5.05,-20.47,10.38,-2.573,0.5,12
2026-05,batter_strikeouts,OVER,"[-500,-300]",HR≥50/EDG≥10.0/CV≤0.7/μ≥0.0/TP≥50,59,51,38,13,74.51,-5.05,-20.47,10.38,-2.573,0.5,12
2026-05,batter_strikeouts,OVER,"[-500,-300]",HR≥50/EDG≥10.0/CV≤0.7/μ≥0.0/TP≥55,59,51,38,13,74.51,-5.05,-20.47,10.38,-2.573,0.5,12
2026-05,batter_strikeouts,OVER,"[-500,-300]",HR≥50/EDG≥10.0/CV≤0.7/μ≥0.0/TP≥60,59,51,38,13,74.51,-5.05,-20.47,10.38,-2.573,0.5,12
2026-05,batter_strikeouts,OVER,"[-500,-300]",HR≥50/EDG≥10.0/CV≤0.7/μ≥0.0/TP≥65,59,51,38,13,74.51,-5.05,-20.47,10.38,-2.573,0.5,12
2026-05,batter_strikeouts,OVER,"[-500,-300]",HR≥50/EDG≥10.0/CV≤0.7/μ≥0.5/TP≥-,59,51,38,13,74.51,-5.05,-20.47,10.38,-2.573,0.5,12
2026-05,batter_strikeouts,OVER,"[-500,-300]",HR≥50/EDG≥10.0/CV≤0.7/μ≥0.5/TP≥50,59,51,38,13,74.51,-5.05,-20.47,10.38,-2.573,0.5,12
2026-05,batter_strikeouts,OVER,"[-500,-300]",HR≥50/EDG≥10.0/CV≤0.7/μ≥0.5/TP≥55,59,51,38,13,74.51,-5.05,-20.47,10.38,-2.573,0.5,12
2026-05,batter_strikeouts,OVER,"[-500,-300]",HR≥50/EDG≥10.0/CV≤0.7/μ≥0.5/TP≥60,59,51,38,13,74.51,-5.05,-20.47,10.38,-2.573,0.5,12
2026-05,batter_strikeouts,OVER,"[-500,-300]",HR≥50/EDG≥10.0/CV≤0.7/μ≥0.5/TP≥65,59,51,38,13,74.51,-5.05,-20.47,10.38,-2.573,0.5,12
2026-05,batter_strikeouts,OVER,"[-500,-300]",HR≥50/EDG≥10.0/CV≤0.7/μ≥1.0/TP≥-,51,43,31,12,72.09,-8.44,-25.7,8.82,-3.63,0.545,11
2026-05,batter_strikeouts,OVER,"[-500,-300]",HR≥50/EDG≥10.0/CV≤0.7/μ≥1.0/TP≥50,51,43,31,12,72.09,-8.44,-25.7,8.82,-3.63,0.545,11
2026-05,batter_strikeouts,OVER,"[-500,-300]",HR≥50/EDG≥10.0/CV≤0.7/μ≥1.0/TP≥55,51,43,31,12,72.09,-8.44,-25.7,8.82,-3.63,0.545,11
2026-05,batter_strikeouts,OVER,"[-500,-300]",HR≥50/EDG≥10.0/CV≤0.7/μ≥1.0/TP≥60,51,43,31,12,72.09,-8.44,-25.7,8.82,-3.63,0.545,11
2026-05,batter_strikeouts,OVER,"[-500,-300]",HR≥50/EDG≥10.0/CV≤0.7/μ≥1.0/TP≥65,51,43,31,12,72.09,-8.44,-25.7,8.82,-3.63,0.545,11
2026-05,batter_strikeouts,OVER,"[-500,-300]",HR≥55/EDG≥-/CV≤-/μ≥-/TP≥-,374,340,257,83,75.59,-5.22,-10.97,0.53,-17.744,0.385,13
2026-05,batter_strikeouts,OVER,"[-500,-300]",HR≥55/EDG≥-/CV≤-/μ≥-/TP≥50,370,336,254,82,75.6,-5.22,-11.01,0.56,-17.542,0.385,13
2026-05,batter_strikeouts,OVER,"[-500,-300]",HR≥55/EDG≥-/CV≤-/μ≥-/TP≥55,368,334,253,81,75.75,-5.03,-10.82,0.76,-16.81,0.385,13
2026-05,batter_strikeouts,OVER,"[-500,-300]",HR≥55/EDG≥-/CV≤-/μ≥-/TP≥60,362,328,248,80,75.61,-5.19,-11.05,0.66,-17.032,0.385,13
2026-05,batter_strikeouts,OVER,"[-500,-300]",HR≥55/EDG≥-/CV≤-/μ≥-/TP≥65,343,311,234,77,75.24,-5.64,-11.69,0.4,-17.549,0.385,13
2026-05,batter_strikeouts,OVER,"[-500,-300]",HR≥55/EDG≥-/CV≤-/μ≥0.0/TP≥-,370,336,254,82,75.6,-5.22,-11.01,0.56,-17.542,0.385,13
2026-05,batter_strikeouts,OVER,"[-500,-300]",HR≥55/EDG≥-/CV≤-/μ≥0.0/TP≥50,370,336,254,82,75.6,-5.22,-11.01,0.56,-17.542,0.385,13
2026-05,batter_strikeouts,OVER,"[-500,-300]",HR≥55/EDG≥-/CV≤-/μ≥0.0/TP≥55,368,334,253,81,75.75,-5.03,-10.82,0.76,-16.81,0.385,13
2026-05,batter_strikeouts,OVER,"[-500,-300]",HR≥55/EDG≥-/CV≤-/μ≥0.0/TP≥60,362,328,248,80,75.61,-5.19,-11.05,0.66,-17.032,0.385,13
2026-05,batter_strikeouts,OVER,"[-500,-300]",HR≥55/EDG≥-/CV≤-/μ≥0.0/TP≥65,343,311,234,77,75.24,-5.64,-11.69,0.4,-17.549,0.385,13
2026-05,batter_strikeouts,OVER,"[-500,-300]",HR≥55/EDG≥-/CV≤-/μ≥0.5/TP≥-,293,264,202,62,76.52,-4.27,-10.7,2.16,-11.282,0.385,13
2026-05,batter_strikeouts,OVER,"[-500,-300]",HR≥55/EDG≥-/CV≤-/μ≥0.5/TP≥50,293,264,202,62,76.52,-4.27,-10.7,2.16,-11.282,0.385,13
2026-05,batter_strikeouts,OVER,"[-500,-300]",HR≥55/EDG≥-/CV≤-/μ≥0.5/TP≥55,293,264,202,62,76.52,-4.27,-10.7,2.16,-11.282,0.385,13
2026-05,batter_strikeouts,OVER,"[-500,-300]",HR≥55/EDG≥-/CV≤-/μ≥0.5/TP≥60,293,264,202,62,76.52,-4.27,-10.7,2.16,-11.282,0.385,13
2026-05,batter_strikeouts,OVER,"[-500,-300]",HR≥55/EDG≥-/CV≤-/μ≥0.5/TP≥65,292,263,201,62,76.43,-4.38,-10.84,2.07,-11.531,0.308,13
2026-05,batter_strikeouts,OVER,"[-500,-300]",HR≥55/EDG≥-/CV≤-/μ≥1.0/TP≥-,169,153,122,31,79.74,-0.08,-8.11,7.96,-0.118,0.538,13
2026-05,batter_strikeouts,OVER,"[-500,-300]",HR≥55/EDG≥-/CV≤-/μ≥1.0/TP≥50,169,153,122,31,79.74,-0.08,-8.11,7.96,-0.118,0.538,13
2026-05,batter_strikeouts,OVER,"[-500,-300]",HR≥55/EDG≥-/CV≤-/μ≥1.0/TP≥55,169,153,122,31,79.74,-0.08,-8.11,7.96,-0.118,0.538,13
2026-05,batter_strikeouts,OVER,"[-500,-300]",HR≥55/EDG≥-/CV≤-/μ≥1.0/TP≥60,169,153,122,31,79.74,-0.08,-8.11,7.96,-0.118,0.538,13
2026-05,batter_strikeouts,OVER,"[-500,-300]",HR≥55/EDG≥-/CV≤-/μ≥1.0/TP≥65,169,153,122,31,79.74,-0.08,-8.11,7.96,-0.118,0.538,13
2026-05,batter_strikeouts,OVER,"[-500,-300]",HR≥55/EDG≥-/CV≤0.7/μ≥-/TP≥-,140,127,89,38,70.08,-12.23,-22.27,-2.19,-15.532,0.308,13
2026-05,batter_strikeouts,OVER,"[-500,-300]",HR≥55/EDG≥-/CV≤0.7/μ≥-/TP≥50,140,127,89,38,70.08,-12.23,-22.27,-2.19,-15.532,0.308,13
2026-05,batter_strikeouts,OVER,"[-500,-300]",HR≥55/EDG≥-/CV≤0.7/μ≥-/TP≥55,140,127,89,38,70.08,-12.23,-22.27,-2.19,-15.532,0.308,13
2026-05,batter_strikeouts,OVER,"[-500,-300]",HR≥55/EDG≥-/CV≤0.7/μ≥-/TP≥60,140,127,89,38,70.08,-12.23,-22.27,-2.19,-15.532,0.308,13
2026-05,batter_strikeouts,OVER,"[-500,-300]",HR≥55/EDG≥-/CV≤0.7/μ≥-/TP≥65,137,124,87,37,70.16,-12.24,-22.38,-2.09,-15.173,0.167,12
2026-05,batter_strikeouts,OVER,"[-500,-300]",HR≥55/EDG≥-/CV≤0.7/μ≥0.0/TP≥-,140,127,89,38,70.08,-12.23,-22.27,-2.19,-15.532,0.308,13
2026-05,batter_strikeouts,OVER,"[-500,-300]",HR≥55/EDG≥-/CV≤0.7/μ≥0.0/TP≥50,140,127,89,38,70.08,-12.23,-22.27,-2.19,-15.532,0.308,13
2026-05,batter_strikeouts,OVER,"[-500,-300]",HR≥55/EDG≥-/CV≤0.7/μ≥0.0/TP≥55,140,127,89,38,70.08,-12.23,-22.27,-2.19,-15.532,0.308,13
2026-05,batter_strikeouts,OVER,"[-500,-300]",HR≥55/EDG≥-/CV≤0.7/μ≥0.0/TP≥60,140,127,89,38,70.08,-12.23,-22.27,-2.19,-15.532,0.308,13
2026-05,batter_strikeouts,OVER,"[-500,-300]",HR≥55/EDG≥-/CV≤0.7/μ≥0.0/TP≥65,137,124,87,37,70.16,-12.24,-22.38,-2.09,-15.173,0.167,12
2026-05,batter_strikeouts,OVER,"[-500,-300]",HR≥55/EDG≥-/CV≤0.7/μ≥0.5/TP≥-,114,103,75,28,72.82,-8.9,-19.74,1.94,-9.167,0.25,12
2026-05,batter_strikeouts,OVER,"[-500,-300]",HR≥55/EDG≥-/CV≤0.7/μ≥0.5/TP≥50,114,103,75,28,72.82,-8.9,-19.74,1.94,-9.167,0.25,12
2026-05,batter_strikeouts,OVER,"[-500,-300]",HR≥55/EDG≥-/CV≤0.7/μ≥0.5/TP≥55,114,103,75,28,72.82,-8.9,-19.74,1.94,-9.167,0.25,12
2026-05,batter_strikeouts,OVER,"[-500,-300]",HR≥55/EDG≥-/CV≤0.7/μ≥0.5/TP≥60,114,103,75,28,72.82,-8.9,-19.74,1.94,-9.167,0.25,12
2026-05,batter_strikeouts,OVER,"[-500,-300]",HR≥55/EDG≥-/CV≤0.7/μ≥0.5/TP≥65,114,103,75,28,72.82,-8.9,-19.74,1.94,-9.167,0.25,12
2026-05,batter_strikeouts,OVER,"[-500,-300]",HR≥55/EDG≥-/CV≤0.7/μ≥1.0/TP≥-,65,57,44,13,77.19,-2.75,-16.64,11.13,-1.568,0.545,11
2026-05,batter_strikeouts,OVER,"[-500,-300]",HR≥55/EDG≥-/CV≤0.7/μ≥1.0/TP≥50,65,57,44,13,77.19,-2.75,-16.64,11.13,-1.568,0.545,11
2026-05,batter_strikeouts,OVER,"[-500,-300]",HR≥55/EDG≥-/CV≤0.7/μ≥1.0/TP≥55,65,57,44,13,77.19,-2.75,-16.64,11.13,-1.568,0.545,11
2026-05,batter_strikeouts,OVER,"[-500,-300]",HR≥55/EDG≥-/CV≤0.7/μ≥1.0/TP≥60,65,57,44,13,77.19,-2.75,-16.64,11.13,-1.568,0.545,11
2026-05,batter_strikeouts,OVER,"[-500,-300]",HR≥55/EDG≥-/CV≤0.7/μ≥1.0/TP≥65,65,57,44,13,77.19,-2.75,-16.64,11.13,-1.568,0.545,11
2026-05,batter_strikeouts,OVER,"[-500,-300]",HR≥55/EDG≥-/CV≤0.6/μ≥-/TP≥-,63,58,38,20,65.52,-18.84,-34.18,-3.5,-10.928,0.333,12
2026-05,batter_strikeouts,OVER,"[-500,-300]",HR≥55/EDG≥-/CV≤0.6/μ≥-/TP≥50,63,58,38,20,65.52,-18.84,-34.18,-3.5,-10.928,0.333,12
2026-05,batter_strikeouts,OVER,"[-500,-300]",HR≥55/EDG≥-/CV≤0.6/μ≥-/TP≥55,63,58,38,20,65.52,-18.84,-34.18,-3.5,-10.928,0.333,12
2026-05,batter_strikeouts,OVER,"[-500,-300]",HR≥55/EDG≥-/CV≤0.6/μ≥-/TP≥60,63,58,38,20,65.52,-18.84,-34.18,-3.5,-10.928,0.333,12
2026-05,batter_strikeouts,OVER,"[-500,-300]",HR≥55/EDG≥-/CV≤0.6/μ≥-/TP≥65,62,57,38,19,66.67,-17.42,-32.77,-2.07,-9.928,0.333,12
2026-05,batter_strikeouts,OVER,"[-500,-300]",HR≥55/EDG≥-/CV≤0.6/μ≥0.0/TP≥-,63,58,38,20,65.52,-18.84,-34.18,-3.5,-10.928,0.333,12
2026-05,batter_strikeouts,OVER,"[-500,-300]",HR≥55/EDG≥-/CV≤0.6/μ≥0.0/TP≥50,63,58,38,20,65.52,-18.84,-34.18,-3.5,-10.928,0.333,12
2026-05,batter_strikeouts,OVER,"[-500,-300]",HR≥55/EDG≥-/CV≤0.6/μ≥0.0/TP≥55,63,58,38,20,65.52,-18.84,-34.18,-3.5,-10.928,0.333,12
2026-05,batter_strikeouts,OVER,"[-500,-300]",HR≥55/EDG≥-/CV≤0.6/μ≥0.0/TP≥60,63,58,38,20,65.52,-18.84,-34.18,-3.5,-10.928,0.333,12
2026-05,batter_strikeouts,OVER,"[-500,-300]",HR≥55/EDG≥-/CV≤0.6/μ≥0.0/TP≥65,62,57,38,19,66.67,-17.42,-32.77,-2.07,-9.928,0.333,12
2026-05,batter_strikeouts,OVER,"[-500,-300]",HR≥55/EDG≥-/CV≤0.6/μ≥0.5/TP≥-,50,45,32,13,71.11,-11.56,-28.28,5.16,-5.201,0.455,11
2026-05,batter_strikeouts,OVER,"[-500,-300]",HR≥55/EDG≥-/CV≤0.6/μ≥0.5/TP≥50,50,45,32,13,71.11,-11.56,-28.28,5.16,-5.201,0.455,11
2026-05,batter_strikeouts,OVER,"[-500,-300]",HR≥55/EDG≥-/CV≤0.6/μ≥0.5/TP≥55,50,45,32,13,71.11,-11.56,-28.28,5.16,-5.201,0.455,11
2026-05,batter_strikeouts,OVER,"[-500,-300]",HR≥55/EDG≥-/CV≤0.6/μ≥0.5/TP≥60,50,45,32,13,71.11,-11.56,-28.28,5.16,-5.201,0.455,11
2026-05,batter_strikeouts,OVER,"[-500,-300]",HR≥55/EDG≥-/CV≤0.6/μ≥0.5/TP≥65,50,45,32,13,71.11,-11.56,-28.28,5.16,-5.201,0.455,11
2026-05,batter_strikeouts,OVER,"[-500,-300]",HR≥55/EDG≥-/CV≤0.5/μ≥-/TP≥-,42,39,26,13,66.67,-17.19,-35.87,1.5,-6.702,0.2,10
2026-05,batter_strikeouts,OVER,"[-500,-300]",HR≥55/EDG≥-/CV≤0.5/μ≥-/TP≥50,42,39,26,13,66.67,-17.19,-35.87,1.5,-6.702,0.2,10
2026-05,batter_strikeouts,OVER,"[-500,-300]",HR≥55/EDG≥-/CV≤0.5/μ≥-/TP≥55,42,39,26,13,66.67,-17.19,-35.87,1.5,-6.702,0.2,10
2026-05,batter_strikeouts,OVER,"[-500,-300]",HR≥55/EDG≥-/CV≤0.5/μ≥-/TP≥60,42,39,26,13,66.67,-17.19,-35.87,1.5,-6.702,0.2,10
2026-05,batter_strikeouts,OVER,"[-500,-300]",HR≥55/EDG≥-/CV≤0.5/μ≥-/TP≥65,41,38,26,12,68.42,-15.01,-33.68,3.67,-5.702,0.2,10
2026-05,batter_strikeouts,OVER,"[-500,-300]",HR≥55/EDG≥-/CV≤0.5/μ≥0.0/TP≥-,42,39,26,13,66.67,-17.19,-35.87,1.5,-6.702,0.2,10
2026-05,batter_strikeouts,OVER,"[-500,-300]",HR≥55/EDG≥-/CV≤0.5/μ≥0.0/TP≥50,42,39,26,13,66.67,-17.19,-35.87,1.5,-6.702,0.2,10
2026-05,batter_strikeouts,OVER,"[-500,-300]",HR≥55/EDG≥-/CV≤0.5/μ≥0.0/TP≥55,42,39,26,13,66.67,-17.19,-35.87,1.5,-6.702,0.2,10
2026-05,batter_strikeouts,OVER,"[-500,-300]",HR≥55/EDG≥-/CV≤0.5/μ≥0.0/TP≥60,42,39,26,13,66.67,-17.19,-35.87,1.5,-6.702,0.2,10
2026-05,batter_strikeouts,OVER,"[-500,-300]",HR≥55/EDG≥-/CV≤0.5/μ≥0.0/TP≥65,41,38,26,12,68.42,-15.01,-33.68,3.67,-5.702,0.2,10
2026-05,batter_strikeouts,OVER,"[-500,-300]",HR≥55/EDG≥-5.0/CV≤-/μ≥-/TP≥-,267,240,189,51,78.75,-1.17,-7.7,5.36,-2.804,0.308,13
2026-05,batter_strikeouts,OVER,"[-500,-300]",HR≥55/EDG≥-5.0/CV≤-/μ≥-/TP≥50,267,240,189,51,78.75,-1.17,-7.7,5.36,-2.804,0.308,13
2026-05,batter_strikeouts,OVER,"[-500,-300]",HR≥55/EDG≥-5.0/CV≤-/μ≥-/TP≥55,267,240,189,51,78.75,-1.17,-7.7,5.36,-2.804,0.308,13
2026-05,batter_strikeouts,OVER,"[-500,-300]",HR≥55/EDG≥-5.0/CV≤-/μ≥-/TP≥60,267,240,189,51,78.75,-1.17,-7.7,5.36,-2.804,0.308,13
2026-05,batter_strikeouts,OVER,"[-500,-300]",HR≥55/EDG≥-5.0/CV≤-/μ≥-/TP≥65,267,240,189,51,78.75,-1.17,-7.7,5.36,-2.804,0.308,13
2026-05,batter_strikeouts,OVER,"[-500,-300]",HR≥55/EDG≥-5.0/CV≤-/μ≥0.0/TP≥-,267,240,189,51,78.75,-1.17,-7.7,5.36,-2.804,0.308,13
2026-05,batter_strikeouts,OVER,"[-500,-300]",HR≥55/EDG≥-5.0/CV≤-/μ≥0.0/TP≥50,267,240,189,51,78.75,-1.17,-7.7,5.36,-2.804,0.308,13
2026-05,batter_strikeouts,OVER,"[-500,-300]",HR≥55/EDG≥-5.0/CV≤-/μ≥0.0/TP≥55,267,240,189,51,78.75,-1.17,-7.7,5.36,-2.804,0.308,13
2026-05,batter_strikeouts,OVER,"[-500,-300]",HR≥55/EDG≥-5.0/CV≤-/μ≥0.0/TP≥60,267,240,189,51,78.75,-1.17,-7.7,5.36,-2.804,0.308,13
2026-05,batter_strikeouts,OVER,"[-500,-300]",HR≥55/EDG≥-5.0/CV≤-/μ≥0.0/TP≥65,267,240,189,51,78.75,-1.17,-7.7,5.36,-2.804,0.308,13
2026-05,batter_strikeouts,OVER,"[-500,-300]",HR≥55/EDG≥-5.0/CV≤-/μ≥0.5/TP≥-,255,229,180,49,78.6,-1.43,-8.13,5.27,-3.275,0.385,13
2026-05,batter_strikeouts,OVER,"[-500,-300]",HR≥55/EDG≥-5.0/CV≤-/μ≥0.5/TP≥50,255,229,180,49,78.6,-1.43,-8.13,5.27,-3.275,0.385,13
2026-05,batter_strikeouts,OVER,"[-500,-300]",HR≥55/EDG≥-5.0/CV≤-/μ≥0.5/TP≥55,255,229,180,49,78.6,-1.43,-8.13,5.27,-3.275,0.385,13
2026-05,batter_strikeouts,OVER,"[-500,-300]",HR≥55/EDG≥-5.0/CV≤-/μ≥0.5/TP≥60,255,229,180,49,78.6,-1.43,-8.13,5.27,-3.275,0.385,13
2026-05,batter_strikeouts,OVER,"[-500,-300]",HR≥55/EDG≥-5.0/CV≤-/μ≥0.5/TP≥65,255,229,180,49,78.6,-1.43,-8.13,5.27,-3.275,0.385,13
2026-05,batter_strikeouts,OVER,"[-500,-300]",HR≥55/EDG≥-5.0/CV≤-/μ≥1.0/TP≥-,168,152,122,30,80.26,0.58,-7.4,8.57,0.882,0.538,13
2026-05,batter_strikeouts,OVER,"[-500,-300]",HR≥55/EDG≥-5.0/CV≤-/μ≥1.0/TP≥50,168,152,122,30,80.26,0.58,-7.4,8.57,0.882,0.538,13
2026-05,batter_strikeouts,OVER,"[-500,-300]",HR≥55/EDG≥-5.0/CV≤-/μ≥1.0/TP≥55,168,152,122,30,80.26,0.58,-7.4,8.57,0.882,0.538,13
2026-05,batter_strikeouts,OVER,"[-500,-300]",HR≥55/EDG≥-5.0/CV≤-/μ≥1.0/TP≥60,168,152,122,30,80.26,0.58,-7.4,8.57,0.882,0.538,13
2026-05,batter_strikeouts,OVER,"[-500,-300]",HR≥55/EDG≥-5.0/CV≤-/μ≥1.0/TP≥65,168,152,122,30,80.26,0.58,-7.4,8.57,0.882,0.538,13
2026-05,batter_strikeouts,OVER,"[-500,-300]",HR≥55/EDG≥-5.0/CV≤0.7/μ≥-/TP≥-,117,105,79,26,75.24,-5.74,-16.17,4.68,-6.031,0.333,12
2026-05,batter_strikeouts,OVER,"[-500,-300]",HR≥55/EDG≥-5.0/CV≤0.7/μ≥-/TP≥50,117,105,79,26,75.24,-5.74,-16.17,4.68,-6.031,0.333,12
2026-05,batter_strikeouts,OVER,"[-500,-300]",HR≥55/EDG≥-5.0/CV≤0.7/μ≥-/TP≥55,117,105,79,26,75.24,-5.74,-16.17,4.68,-6.031,0.333,12
2026-05,batter_strikeouts,OVER,"[-500,-300]",HR≥55/EDG≥-5.0/CV≤0.7/μ≥-/TP≥60,117,105,79,26,75.24,-5.74,-16.17,4.68,-6.031,0.333,12
2026-05,batter_strikeouts,OVER,"[-500,-300]",HR≥55/EDG≥-5.0/CV≤0.7/μ≥-/TP≥65,117,105,79,26,75.24,-5.74,-16.17,4.68,-6.031,0.333,12
2026-05,batter_strikeouts,OVER,"[-500,-300]",HR≥55/EDG≥-5.0/CV≤0.7/μ≥0.0/TP≥-,117,105,79,26,75.24,-5.74,-16.17,4.68,-6.031,0.333,12
2026-05,batter_strikeouts,OVER,"[-500,-300]",HR≥55/EDG≥-5.0/CV≤0.7/μ≥0.0/TP≥50,117,105,79,26,75.24,-5.74,-16.17,4.68,-6.031,0.333,12
2026-05,batter_strikeouts,OVER,"[-500,-300]",HR≥55/EDG≥-5.0/CV≤0.7/μ≥0.0/TP≥55,117,105,79,26,75.24,-5.74,-16.17,4.68,-6.031,0.333,12
2026-05,batter_strikeouts,OVER,"[-500,-300]",HR≥55/EDG≥-5.0/CV≤0.7/μ≥0.0/TP≥60,117,105,79,26,75.24,-5.74,-16.17,4.68,-6.031,0.333,12
2026-05,batter_strikeouts,OVER,"[-500,-300]",HR≥55/EDG≥-5.0/CV≤0.7/μ≥0.0/TP≥65,117,105,79,26,75.24,-5.74,-16.17,4.68,-6.031,0.333,12
2026-05,batter_strikeouts,OVER,"[-500,-300]",HR≥55/EDG≥-5.0/CV≤0.7/μ≥0.5/TP≥-,108,97,73,24,75.26,-5.79,-16.63,5.06,-5.614,0.333,12
2026-05,batter_strikeouts,OVER,"[-500,-300]",HR≥55/EDG≥-5.0/CV≤0.7/μ≥0.5/TP≥50,108,97,73,24,75.26,-5.79,-16.63,5.06,-5.614,0.333,12
2026-05,batter_strikeouts,OVER,"[-500,-300]",HR≥55/EDG≥-5.0/CV≤0.7/μ≥0.5/TP≥55,108,97,73,24,75.26,-5.79,-16.63,5.06,-5.614,0.333,12
2026-05,batter_strikeouts,OVER,"[-500,-300]",HR≥55/EDG≥-5.0/CV≤0.7/μ≥0.5/TP≥60,108,97,73,24,75.26,-5.79,-16.63,5.06,-5.614,0.333,12
2026-05,batter_strikeouts,OVER,"[-500,-300]",HR≥55/EDG≥-5.0/CV≤0.7/μ≥0.5/TP≥65,108,97,73,24,75.26,-5.79,-16.63,5.06,-5.614,0.333,12
2026-05,batter_strikeouts,OVER,"[-500,-300]",HR≥55/EDG≥-5.0/CV≤0.7/μ≥1.0/TP≥-,65,57,44,13,77.19,-2.75,-16.64,11.13,-1.568,0.545,11
2026-05,batter_strikeouts,OVER,"[-500,-300]",HR≥55/EDG≥-5.0/CV≤0.7/μ≥1.0/TP≥50,65,57,44,13,77.19,-2.75,-16.64,11.13,-1.568,0.545,11
2026-05,batter_strikeouts,OVER,"[-500,-300]",HR≥55/EDG≥-5.0/CV≤0.7/μ≥1.0/TP≥55,65,57,44,13,77.19,-2.75,-16.64,11.13,-1.568,0.545,11
2026-05,batter_strikeouts,OVER,"[-500,-300]",HR≥55/EDG≥-5.0/CV≤0.7/μ≥1.0/TP≥60,65,57,44,13,77.19,-2.75,-16.64,11.13,-1.568,0.545,11
2026-05,batter_strikeouts,OVER,"[-500,-300]",HR≥55/EDG≥-5.0/CV≤0.7/μ≥1.0/TP≥65,65,57,44,13,77.19,-2.75,-16.64,11.13,-1.568,0.545,11
2026-05,batter_strikeouts,OVER,"[-500,-300]",HR≥55/EDG≥-5.0/CV≤0.6/μ≥-/TP≥-,50,45,34,11,75.56,-6.16,-22.0,9.68,-2.772,0.5,12
2026-05,batter_strikeouts,OVER,"[-500,-300]",HR≥55/EDG≥-5.0/CV≤0.6/μ≥-/TP≥50,50,45,34,11,75.56,-6.16,-22.0,9.68,-2.772,0.5,12
2026-05,batter_strikeouts,OVER,"[-500,-300]",HR≥55/EDG≥-5.0/CV≤0.6/μ≥-/TP≥55,50,45,34,11,75.56,-6.16,-22.0,9.68,-2.772,0.5,12
2026-05,batter_strikeouts,OVER,"[-500,-300]",HR≥55/EDG≥-5.0/CV≤0.6/μ≥-/TP≥60,50,45,34,11,75.56,-6.16,-22.0,9.68,-2.772,0.5,12
2026-05,batter_strikeouts,OVER,"[-500,-300]",HR≥55/EDG≥-5.0/CV≤0.6/μ≥-/TP≥65,50,45,34,11,75.56,-6.16,-22.0,9.68,-2.772,0.5,12
2026-05,batter_strikeouts,OVER,"[-500,-300]",HR≥55/EDG≥-5.0/CV≤0.6/μ≥0.0/TP≥-,50,45,34,11,75.56,-6.16,-22.0,9.68,-2.772,0.5,12
2026-05,batter_strikeouts,OVER,"[-500,-300]",HR≥55/EDG≥-5.0/CV≤0.6/μ≥0.0/TP≥50,50,45,34,11,75.56,-6.16,-22.0,9.68,-2.772,0.5,12
2026-05,batter_strikeouts,OVER,"[-500,-300]",HR≥55/EDG≥-5.0/CV≤0.6/μ≥0.0/TP≥55,50,45,34,11,75.56,-6.16,-22.0,9.68,-2.772,0.5,12
2026-05,batter_strikeouts,OVER,"[-500,-300]",HR≥55/EDG≥-5.0/CV≤0.6/μ≥0.0/TP≥60,50,45,34,11,75.56,-6.16,-22.0,9.68,-2.772,0.5,12
2026-05,batter_strikeouts,OVER,"[-500,-300]",HR≥55/EDG≥-5.0/CV≤0.6/μ≥0.0/TP≥65,50,45,34,11,75.56,-6.16,-22.0,9.68,-2.772,0.5,12
2026-05,batter_strikeouts,OVER,"[-500,-300]",HR≥55/EDG≥-5.0/CV≤0.6/μ≥0.5/TP≥-,46,41,32,9,78.05,-2.93,-18.96,13.11,-1.201,0.545,11
2026-05,batter_strikeouts,OVER,"[-500,-300]",HR≥55/EDG≥-5.0/CV≤0.6/μ≥0.5/TP≥50,46,41,32,9,78.05,-2.93,-18.96,13.11,-1.201,0.545,11
2026-05,batter_strikeouts,OVER,"[-500,-300]",HR≥55/EDG≥-5.0/CV≤0.6/μ≥0.5/TP≥55,46,41,32,9,78.05,-2.93,-18.96,13.11,-1.201,0.545,11
2026-05,batter_strikeouts,OVER,"[-500,-300]",HR≥55/EDG≥-5.0/CV≤0.6/μ≥0.5/TP≥60,46,41,32,9,78.05,-2.93,-18.96,13.11,-1.201,0.545,11
2026-05,batter_strikeouts,OVER,"[-500,-300]",HR≥55/EDG≥-5.0/CV≤0.6/μ≥0.5/TP≥65,46,41,32,9,78.05,-2.93,-18.96,13.11,-1.201,0.545,11
2026-05,batter_strikeouts,OVER,"[-500,-300]",HR≥55/EDG≥-5.0/CV≤0.5/μ≥-/TP≥-,33,30,22,8,73.33,-8.49,-28.65,11.67,-2.547,0.5,10
2026-05,batter_strikeouts,OVER,"[-500,-300]",HR≥55/EDG≥-5.0/CV≤0.5/μ≥-/TP≥50,33,30,22,8,73.33,-8.49,-28.65,11.67,-2.547,0.5,10
2026-05,batter_strikeouts,OVER,"[-500,-300]",HR≥55/EDG≥-5.0/CV≤0.5/μ≥-/TP≥55,33,30,22,8,73.33,-8.49,-28.65,11.67,-2.547,0.5,10
2026-05,batter_strikeouts,OVER,"[-500,-300]",HR≥55/EDG≥-5.0/CV≤0.5/μ≥-/TP≥60,33,30,22,8,73.33,-8.49,-28.65,11.67,-2.547,0.5,10
2026-05,batter_strikeouts,OVER,"[-500,-300]",HR≥55/EDG≥-5.0/CV≤0.5/μ≥-/TP≥65,33,30,22,8,73.33,-8.49,-28.65,11.67,-2.547,0.5,10
2026-05,batter_strikeouts,OVER,"[-500,-300]",HR≥55/EDG≥-5.0/CV≤0.5/μ≥0.0/TP≥-,33,30,22,8,73.33,-8.49,-28.65,11.67,-2.547,0.5,10
2026-05,batter_strikeouts,OVER,"[-500,-300]",HR≥55/EDG≥-5.0/CV≤0.5/μ≥0.0/TP≥50,33,30,22,8,73.33,-8.49,-28.65,11.67,-2.547,0.5,10
2026-05,batter_strikeouts,OVER,"[-500,-300]",HR≥55/EDG≥-5.0/CV≤0.5/μ≥0.0/TP≥55,33,30,22,8,73.33,-8.49,-28.65,11.67,-2.547,0.5,10
2026-05,batter_strikeouts,OVER,"[-500,-300]",HR≥55/EDG≥-5.0/CV≤0.5/μ≥0.0/TP≥60,33,30,22,8,73.33,-8.49,-28.65,11.67,-2.547,0.5,10
2026-05,batter_strikeouts,OVER,"[-500,-300]",HR≥55/EDG≥-5.0/CV≤0.5/μ≥0.0/TP≥65,33,30,22,8,73.33,-8.49,-28.65,11.67,-2.547,0.5,10
2026-05,batter_strikeouts,OVER,"[-500,-300]",HR≥55/EDG≥0.0/CV≤-/μ≥-/TP≥-,225,201,159,42,79.1,-0.51,-7.62,6.6,-1.031,0.538,13
2026-05,batter_strikeouts,OVER,"[-500,-300]",HR≥55/EDG≥0.0/CV≤-/μ≥-/TP≥50,225,201,159,42,79.1,-0.51,-7.62,6.6,-1.031,0.538,13
2026-05,batter_strikeouts,OVER,"[-500,-300]",HR≥55/EDG≥0.0/CV≤-/μ≥-/TP≥55,225,201,159,42,79.1,-0.51,-7.62,6.6,-1.031,0.538,13
2026-05,batter_strikeouts,OVER,"[-500,-300]",HR≥55/EDG≥0.0/CV≤-/μ≥-/TP≥60,225,201,159,42,79.1,-0.51,-7.62,6.6,-1.031,0.538,13
2026-05,batter_strikeouts,OVER,"[-500,-300]",HR≥55/EDG≥0.0/CV≤-/μ≥-/TP≥65,225,201,159,42,79.1,-0.51,-7.62,6.6,-1.031,0.538,13
2026-05,batter_strikeouts,OVER,"[-500,-300]",HR≥55/EDG≥0.0/CV≤-/μ≥0.0/TP≥-,225,201,159,42,79.1,-0.51,-7.62,6.6,-1.031,0.538,13
2026-05,batter_strikeouts,OVER,"[-500,-300]",HR≥55/EDG≥0.0/CV≤-/μ≥0.0/TP≥50,225,201,159,42,79.1,-0.51,-7.62,6.6,-1.031,0.538,13
2026-05,batter_strikeouts,OVER,"[-500,-300]",HR≥55/EDG≥0.0/CV≤-/μ≥0.0/TP≥55,225,201,159,42,79.1,-0.51,-7.62,6.6,-1.031,0.538,13
2026-05,batter_strikeouts,OVER,"[-500,-300]",HR≥55/EDG≥0.0/CV≤-/μ≥0.0/TP≥60,225,201,159,42,79.1,-0.51,-7.62,6.6,-1.031,0.538,13
2026-05,batter_strikeouts,OVER,"[-500,-300]",HR≥55/EDG≥0.0/CV≤-/μ≥0.0/TP≥65,225,201,159,42,79.1,-0.51,-7.62,6.6,-1.031,0.538,13
2026-05,batter_strikeouts,OVER,"[-500,-300]",HR≥55/EDG≥0.0/CV≤-/μ≥0.5/TP≥-,221,198,156,42,78.79,-0.96,-8.16,6.24,-1.901,0.538,13
2026-05,batter_strikeouts,OVER,"[-500,-300]",HR≥55/EDG≥0.0/CV≤-/μ≥0.5/TP≥50,221,198,156,42,78.79,-0.96,-8.16,6.24,-1.901,0.538,13
2026-05,batter_strikeouts,OVER,"[-500,-300]",HR≥55/EDG≥0.0/CV≤-/μ≥0.5/TP≥55,221,198,156,42,78.79,-0.96,-8.16,6.24,-1.901,0.538,13
2026-05,batter_strikeouts,OVER,"[-500,-300]",HR≥55/EDG≥0.0/CV≤-/μ≥0.5/TP≥60,221,198,156,42,78.79,-0.96,-8.16,6.24,-1.901,0.538,13
2026-05,batter_strikeouts,OVER,"[-500,-300]",HR≥55/EDG≥0.0/CV≤-/μ≥0.5/TP≥65,221,198,156,42,78.79,-0.96,-8.16,6.24,-1.901,0.538,13
2026-05,batter_strikeouts,OVER,"[-500,-300]",HR≥55/EDG≥0.0/CV≤-/μ≥1.0/TP≥-,164,148,118,30,79.73,0.01,-8.17,8.19,0.016,0.538,13
2026-05,batter_strikeouts,OVER,"[-500,-300]",HR≥55/EDG≥0.0/CV≤-/μ≥1.0/TP≥50,164,148,118,30,79.73,0.01,-8.17,8.19,0.016,0.538,13
2026-05,batter_strikeouts,OVER,"[-500,-300]",HR≥55/EDG≥0.0/CV≤-/μ≥1.0/TP≥55,164,148,118,30,79.73,0.01,-8.17,8.19,0.016,0.538,13
2026-05,batter_strikeouts,OVER,"[-500,-300]",HR≥55/EDG≥0.0/CV≤-/μ≥1.0/TP≥60,164,148,118,30,79.73,0.01,-8.17,8.19,0.016,0.538,13
2026-05,batter_strikeouts,OVER,"[-500,-300]",HR≥55/EDG≥0.0/CV≤-/μ≥1.0/TP≥65,164,148,118,30,79.73,0.01,-8.17,8.19,0.016,0.538,13
2026-05,batter_strikeouts,OVER,"[-500,-300]",HR≥55/EDG≥0.0/CV≤0.7/μ≥-/TP≥-,96,84,66,18,78.57,-1.0,-12.16,10.16,-0.839,0.5,12
2026-05,batter_strikeouts,OVER,"[-500,-300]",HR≥55/EDG≥0.0/CV≤0.7/μ≥-/TP≥50,96,84,66,18,78.57,-1.0,-12.16,10.16,-0.839,0.5,12
2026-05,batter_strikeouts,OVER,"[-500,-300]",HR≥55/EDG≥0.0/CV≤0.7/μ≥-/TP≥55,96,84,66,18,78.57,-1.0,-12.16,10.16,-0.839,0.5,12
2026-05,batter_strikeouts,OVER,"[-500,-300]",HR≥55/EDG≥0.0/CV≤0.7/μ≥-/TP≥60,96,84,66,18,78.57,-1.0,-12.16,10.16,-0.839,0.5,12
2026-05,batter_strikeouts,OVER,"[-500,-300]",HR≥55/EDG≥0.0/CV≤0.7/μ≥-/TP≥65,96,84,66,18,78.57,-1.0,-12.16,10.16,-0.839,0.5,12
2026-05,batter_strikeouts,OVER,"[-500,-300]",HR≥55/EDG≥0.0/CV≤0.7/μ≥0.0/TP≥-,96,84,66,18,78.57,-1.0,-12.16,10.16,-0.839,0.5,12
2026-05,batter_strikeouts,OVER,"[-500,-300]",HR≥55/EDG≥0.0/CV≤0.7/μ≥0.0/TP≥50,96,84,66,18,78.57,-1.0,-12.16,10.16,-0.839,0.5,12
2026-05,batter_strikeouts,OVER,"[-500,-300]",HR≥55/EDG≥0.0/CV≤0.7/μ≥0.0/TP≥55,96,84,66,18,78.57,-1.0,-12.16,10.16,-0.839,0.5,12
2026-05,batter_strikeouts,OVER,"[-500,-300]",HR≥55/EDG≥0.0/CV≤0.7/μ≥0.0/TP≥60,96,84,66,18,78.57,-1.0,-12.16,10.16,-0.839,0.5,12
2026-05,batter_strikeouts,OVER,"[-500,-300]",HR≥55/EDG≥0.0/CV≤0.7/μ≥0.0/TP≥65,96,84,66,18,78.57,-1.0,-12.16,10.16,-0.839,0.5,12
2026-05,batter_strikeouts,OVER,"[-500,-300]",HR≥55/EDG≥0.0/CV≤0.7/μ≥0.5/TP≥-,93,82,64,18,78.05,-1.72,-13.11,9.67,-1.411,0.5,12
2026-05,batter_strikeouts,OVER,"[-500,-300]",HR≥55/EDG≥0.0/CV≤0.7/μ≥0.5/TP≥50,93,82,64,18,78.05,-1.72,-13.11,9.67,-1.411,0.5,12
2026-05,batter_strikeouts,OVER,"[-500,-300]",HR≥55/EDG≥0.0/CV≤0.7/μ≥0.5/TP≥55,93,82,64,18,78.05,-1.72,-13.11,9.67,-1.411,0.5,12
2026-05,batter_strikeouts,OVER,"[-500,-300]",HR≥55/EDG≥0.0/CV≤0.7/μ≥0.5/TP≥60,93,82,64,18,78.05,-1.72,-13.11,9.67,-1.411,0.5,12
2026-05,batter_strikeouts,OVER,"[-500,-300]",HR≥55/EDG≥0.0/CV≤0.7/μ≥0.5/TP≥65,93,82,64,18,78.05,-1.72,-13.11,9.67,-1.411,0.5,12
2026-05,batter_strikeouts,OVER,"[-500,-300]",HR≥55/EDG≥0.0/CV≤0.7/μ≥1.0/TP≥-,65,57,44,13,77.19,-2.75,-16.64,11.13,-1.568,0.545,11
2026-05,batter_strikeouts,OVER,"[-500,-300]",HR≥55/EDG≥0.0/CV≤0.7/μ≥1.0/TP≥50,65,57,44,13,77.19,-2.75,-16.64,11.13,-1.568,0.545,11
2026-05,batter_strikeouts,OVER,"[-500,-300]",HR≥55/EDG≥0.0/CV≤0.7/μ≥1.0/TP≥55,65,57,44,13,77.19,-2.75,-16.64,11.13,-1.568,0.545,11
2026-05,batter_strikeouts,OVER,"[-500,-300]",HR≥55/EDG≥0.0/CV≤0.7/μ≥1.0/TP≥60,65,57,44,13,77.19,-2.75,-16.64,11.13,-1.568,0.545,11
2026-05,batter_strikeouts,OVER,"[-500,-300]",HR≥55/EDG≥0.0/CV≤0.7/μ≥1.0/TP≥65,65,57,44,13,77.19,-2.75,-16.64,11.13,-1.568,0.545,11
2026-05,batter_strikeouts,OVER,"[-500,-300]",HR≥55/EDG≥0.0/CV≤0.6/μ≥-/TP≥-,40,35,28,7,80.0,0.41,-16.55,17.36,0.142,0.636,11
2026-05,batter_strikeouts,OVER,"[-500,-300]",HR≥55/EDG≥0.0/CV≤0.6/μ≥-/TP≥50,40,35,28,7,80.0,0.41,-16.55,17.36,0.142,0.636,11
2026-05,batter_strikeouts,OVER,"[-500,-300]",HR≥55/EDG≥0.0/CV≤0.6/μ≥-/TP≥55,40,35,28,7,80.0,0.41,-16.55,17.36,0.142,0.636,11
2026-05,batter_strikeouts,OVER,"[-500,-300]",HR≥55/EDG≥0.0/CV≤0.6/μ≥-/TP≥60,40,35,28,7,80.0,0.41,-16.55,17.36,0.142,0.636,11
2026-05,batter_strikeouts,OVER,"[-500,-300]",HR≥55/EDG≥0.0/CV≤0.6/μ≥-/TP≥65,40,35,28,7,80.0,0.41,-16.55,17.36,0.142,0.636,11
2026-05,batter_strikeouts,OVER,"[-500,-300]",HR≥55/EDG≥0.0/CV≤0.6/μ≥0.0/TP≥-,40,35,28,7,80.0,0.41,-16.55,17.36,0.142,0.636,11
2026-05,batter_strikeouts,OVER,"[-500,-300]",HR≥55/EDG≥0.0/CV≤0.6/μ≥0.0/TP≥50,40,35,28,7,80.0,0.41,-16.55,17.36,0.142,0.636,11
2026-05,batter_strikeouts,OVER,"[-500,-300]",HR≥55/EDG≥0.0/CV≤0.6/μ≥0.0/TP≥55,40,35,28,7,80.0,0.41,-16.55,17.36,0.142,0.636,11
2026-05,batter_strikeouts,OVER,"[-500,-300]",HR≥55/EDG≥0.0/CV≤0.6/μ≥0.0/TP≥60,40,35,28,7,80.0,0.41,-16.55,17.36,0.142,0.636,11
2026-05,batter_strikeouts,OVER,"[-500,-300]",HR≥55/EDG≥0.0/CV≤0.6/μ≥0.0/TP≥65,40,35,28,7,80.0,0.41,-16.55,17.36,0.142,0.636,11
2026-05,batter_strikeouts,OVER,"[-500,-300]",HR≥55/EDG≥0.0/CV≤0.6/μ≥0.5/TP≥-,40,35,28,7,80.0,0.41,-16.55,17.36,0.142,0.636,11
2026-05,batter_strikeouts,OVER,"[-500,-300]",HR≥55/EDG≥0.0/CV≤0.6/μ≥0.5/TP≥50,40,35,28,7,80.0,0.41,-16.55,17.36,0.142,0.636,11
2026-05,batter_strikeouts,OVER,"[-500,-300]",HR≥55/EDG≥0.0/CV≤0.6/μ≥0.5/TP≥55,40,35,28,7,80.0,0.41,-16.55,17.36,0.142,0.636,11
2026-05,batter_strikeouts,OVER,"[-500,-300]",HR≥55/EDG≥0.0/CV≤0.6/μ≥0.5/TP≥60,40,35,28,7,80.0,0.41,-16.55,17.36,0.142,0.636,11
2026-05,batter_strikeouts,OVER,"[-500,-300]",HR≥55/EDG≥0.0/CV≤0.6/μ≥0.5/TP≥65,40,35,28,7,80.0,0.41,-16.55,17.36,0.142,0.636,11
2026-05,batter_strikeouts,OVER,"[-500,-300]",HR≥55/EDG≥5.0/CV≤-/μ≥-/TP≥-,175,160,121,39,75.62,-4.59,-13.04,3.85,-7.351,0.308,13
2026-05,batter_strikeouts,OVER,"[-500,-300]",HR≥55/EDG≥5.0/CV≤-/μ≥-/TP≥50,175,160,121,39,75.62,-4.59,-13.04,3.85,-7.351,0.308,13
2026-05,batter_strikeouts,OVER,"[-500,-300]",HR≥55/EDG≥5.0/CV≤-/μ≥-/TP≥55,175,160,121,39,75.62,-4.59,-13.04,3.85,-7.351,0.308,13
2026-05,batter_strikeouts,OVER,"[-500,-300]",HR≥55/EDG≥5.0/CV≤-/μ≥-/TP≥60,175,160,121,39,75.62,-4.59,-13.04,3.85,-7.351,0.308,13
2026-05,batter_strikeouts,OVER,"[-500,-300]",HR≥55/EDG≥5.0/CV≤-/μ≥-/TP≥65,175,160,121,39,75.62,-4.59,-13.04,3.85,-7.351,0.308,13
2026-05,batter_strikeouts,OVER,"[-500,-300]",HR≥55/EDG≥5.0/CV≤-/μ≥0.0/TP≥-,175,160,121,39,75.62,-4.59,-13.04,3.85,-7.351,0.308,13
2026-05,batter_strikeouts,OVER,"[-500,-300]",HR≥55/EDG≥5.0/CV≤-/μ≥0.0/TP≥50,175,160,121,39,75.62,-4.59,-13.04,3.85,-7.351,0.308,13
2026-05,batter_strikeouts,OVER,"[-500,-300]",HR≥55/EDG≥5.0/CV≤-/μ≥0.0/TP≥55,175,160,121,39,75.62,-4.59,-13.04,3.85,-7.351,0.308,13
2026-05,batter_strikeouts,OVER,"[-500,-300]",HR≥55/EDG≥5.0/CV≤-/μ≥0.0/TP≥60,175,160,121,39,75.62,-4.59,-13.04,3.85,-7.351,0.308,13
2026-05,batter_strikeouts,OVER,"[-500,-300]",HR≥55/EDG≥5.0/CV≤-/μ≥0.0/TP≥65,175,160,121,39,75.62,-4.59,-13.04,3.85,-7.351,0.308,13
2026-05,batter_strikeouts,OVER,"[-500,-300]",HR≥55/EDG≥5.0/CV≤-/μ≥0.5/TP≥-,175,160,121,39,75.62,-4.59,-13.04,3.85,-7.351,0.308,13
2026-05,batter_strikeouts,OVER,"[-500,-300]",HR≥55/EDG≥5.0/CV≤-/μ≥0.5/TP≥50,175,160,121,39,75.62,-4.59,-13.04,3.85,-7.351,0.308,13
2026-05,batter_strikeouts,OVER,"[-500,-300]",HR≥55/EDG≥5.0/CV≤-/μ≥0.5/TP≥55,175,160,121,39,75.62,-4.59,-13.04,3.85,-7.351,0.308,13
2026-05,batter_strikeouts,OVER,"[-500,-300]",HR≥55/EDG≥5.0/CV≤-/μ≥0.5/TP≥60,175,160,121,39,75.62,-4.59,-13.04,3.85,-7.351,0.308,13
2026-05,batter_strikeouts,OVER,"[-500,-300]",HR≥55/EDG≥5.0/CV≤-/μ≥0.5/TP≥65,175,160,121,39,75.62,-4.59,-13.04,3.85,-7.351,0.308,13
2026-05,batter_strikeouts,OVER,"[-500,-300]",HR≥55/EDG≥5.0/CV≤-/μ≥1.0/TP≥-,147,133,104,29,78.2,-1.61,-10.51,7.28,-2.147,0.385,13
2026-05,batter_strikeouts,OVER,"[-500,-300]",HR≥55/EDG≥5.0/CV≤-/μ≥1.0/TP≥50,147,133,104,29,78.2,-1.61,-10.51,7.28,-2.147,0.385,13
2026-05,batter_strikeouts,OVER,"[-500,-300]",HR≥55/EDG≥5.0/CV≤-/μ≥1.0/TP≥55,147,133,104,29,78.2,-1.61,-10.51,7.28,-2.147,0.385,13
2026-05,batter_strikeouts,OVER,"[-500,-300]",HR≥55/EDG≥5.0/CV≤-/μ≥1.0/TP≥60,147,133,104,29,78.2,-1.61,-10.51,7.28,-2.147,0.385,13
2026-05,batter_strikeouts,OVER,"[-500,-300]",HR≥55/EDG≥5.0/CV≤-/μ≥1.0/TP≥65,147,133,104,29,78.2,-1.61,-10.51,7.28,-2.147,0.385,13
2026-05,batter_strikeouts,OVER,"[-500,-300]",HR≥55/EDG≥5.0/CV≤0.7/μ≥-/TP≥-,75,67,49,18,73.13,-7.33,-20.91,6.25,-4.91,0.333,12
2026-05,batter_strikeouts,OVER,"[-500,-300]",HR≥55/EDG≥5.0/CV≤0.7/μ≥-/TP≥50,75,67,49,18,73.13,-7.33,-20.91,6.25,-4.91,0.333,12
2026-05,batter_strikeouts,OVER,"[-500,-300]",HR≥55/EDG≥5.0/CV≤0.7/μ≥-/TP≥55,75,67,49,18,73.13,-7.33,-20.91,6.25,-4.91,0.333,12
2026-05,batter_strikeouts,OVER,"[-500,-300]",HR≥55/EDG≥5.0/CV≤0.7/μ≥-/TP≥60,75,67,49,18,73.13,-7.33,-20.91,6.25,-4.91,0.333,12
2026-05,batter_strikeouts,OVER,"[-500,-300]",HR≥55/EDG≥5.0/CV≤0.7/μ≥-/TP≥65,75,67,49,18,73.13,-7.33,-20.91,6.25,-4.91,0.333,12
2026-05,batter_strikeouts,OVER,"[-500,-300]",HR≥55/EDG≥5.0/CV≤0.7/μ≥0.0/TP≥-,75,67,49,18,73.13,-7.33,-20.91,6.25,-4.91,0.333,12
2026-05,batter_strikeouts,OVER,"[-500,-300]",HR≥55/EDG≥5.0/CV≤0.7/μ≥0.0/TP≥50,75,67,49,18,73.13,-7.33,-20.91,6.25,-4.91,0.333,12
2026-05,batter_strikeouts,OVER,"[-500,-300]",HR≥55/EDG≥5.0/CV≤0.7/μ≥0.0/TP≥55,75,67,49,18,73.13,-7.33,-20.91,6.25,-4.91,0.333,12
2026-05,batter_strikeouts,OVER,"[-500,-300]",HR≥55/EDG≥5.0/CV≤0.7/μ≥0.0/TP≥60,75,67,49,18,73.13,-7.33,-20.91,6.25,-4.91,0.333,12
2026-05,batter_strikeouts,OVER,"[-500,-300]",HR≥55/EDG≥5.0/CV≤0.7/μ≥0.0/TP≥65,75,67,49,18,73.13,-7.33,-20.91,6.25,-4.91,0.333,12
2026-05,batter_strikeouts,OVER,"[-500,-300]",HR≥55/EDG≥5.0/CV≤0.7/μ≥0.5/TP≥-,75,67,49,18,73.13,-7.33,-20.91,6.25,-4.91,0.333,12
2026-05,batter_strikeouts,OVER,"[-500,-300]",HR≥55/EDG≥5.0/CV≤0.7/μ≥0.5/TP≥50,75,67,49,18,73.13,-7.33,-20.91,6.25,-4.91,0.333,12
2026-05,batter_strikeouts,OVER,"[-500,-300]",HR≥55/EDG≥5.0/CV≤0.7/μ≥0.5/TP≥55,75,67,49,18,73.13,-7.33,-20.91,6.25,-4.91,0.333,12
2026-05,batter_strikeouts,OVER,"[-500,-300]",HR≥55/EDG≥5.0/CV≤0.7/μ≥0.5/TP≥60,75,67,49,18,73.13,-7.33,-20.91,6.25,-4.91,0.333,12
2026-05,batter_strikeouts,OVER,"[-500,-300]",HR≥55/EDG≥5.0/CV≤0.7/μ≥0.5/TP≥65,75,67,49,18,73.13,-7.33,-20.91,6.25,-4.91,0.333,12
2026-05,batter_strikeouts,OVER,"[-500,-300]",HR≥55/EDG≥5.0/CV≤0.7/μ≥1.0/TP≥-,59,51,38,13,74.51,-5.98,-21.26,9.31,-3.048,0.545,11
2026-05,batter_strikeouts,OVER,"[-500,-300]",HR≥55/EDG≥5.0/CV≤0.7/μ≥1.0/TP≥50,59,51,38,13,74.51,-5.98,-21.26,9.31,-3.048,0.545,11
2026-05,batter_strikeouts,OVER,"[-500,-300]",HR≥55/EDG≥5.0/CV≤0.7/μ≥1.0/TP≥55,59,51,38,13,74.51,-5.98,-21.26,9.31,-3.048,0.545,11
2026-05,batter_strikeouts,OVER,"[-500,-300]",HR≥55/EDG≥5.0/CV≤0.7/μ≥1.0/TP≥60,59,51,38,13,74.51,-5.98,-21.26,9.31,-3.048,0.545,11
2026-05,batter_strikeouts,OVER,"[-500,-300]",HR≥55/EDG≥5.0/CV≤0.7/μ≥1.0/TP≥65,59,51,38,13,74.51,-5.98,-21.26,9.31,-3.048,0.545,11
2026-05,batter_strikeouts,OVER,"[-500,-300]",HR≥55/EDG≥5.0/CV≤0.6/μ≥-/TP≥-,36,32,25,7,78.12,-1.33,-19.76,17.11,-0.424,0.6,10
2026-05,batter_strikeouts,OVER,"[-500,-300]",HR≥55/EDG≥5.0/CV≤0.6/μ≥-/TP≥50,36,32,25,7,78.12,-1.33,-19.76,17.11,-0.424,0.6,10
2026-05,batter_strikeouts,OVER,"[-500,-300]",HR≥55/EDG≥5.0/CV≤0.6/μ≥-/TP≥55,36,32,25,7,78.12,-1.33,-19.76,17.11,-0.424,0.6,10
2026-05,batter_strikeouts,OVER,"[-500,-300]",HR≥55/EDG≥5.0/CV≤0.6/μ≥-/TP≥60,36,32,25,7,78.12,-1.33,-19.76,17.11,-0.424,0.6,10
2026-05,batter_strikeouts,OVER,"[-500,-300]",HR≥55/EDG≥5.0/CV≤0.6/μ≥-/TP≥65,36,32,25,7,78.12,-1.33,-19.76,17.11,-0.424,0.6,10
2026-05,batter_strikeouts,OVER,"[-500,-300]",HR≥55/EDG≥5.0/CV≤0.6/μ≥0.0/TP≥-,36,32,25,7,78.12,-1.33,-19.76,17.11,-0.424,0.6,10
2026-05,batter_strikeouts,OVER,"[-500,-300]",HR≥55/EDG≥5.0/CV≤0.6/μ≥0.0/TP≥50,36,32,25,7,78.12,-1.33,-19.76,17.11,-0.424,0.6,10
2026-05,batter_strikeouts,OVER,"[-500,-300]",HR≥55/EDG≥5.0/CV≤0.6/μ≥0.0/TP≥55,36,32,25,7,78.12,-1.33,-19.76,17.11,-0.424,0.6,10
2026-05,batter_strikeouts,OVER,"[-500,-300]",HR≥55/EDG≥5.0/CV≤0.6/μ≥0.0/TP≥60,36,32,25,7,78.12,-1.33,-19.76,17.11,-0.424,0.6,10
2026-05,batter_strikeouts,OVER,"[-500,-300]",HR≥55/EDG≥5.0/CV≤0.6/μ≥0.0/TP≥65,36,32,25,7,78.12,-1.33,-19.76,17.11,-0.424,0.6,10
2026-05,batter_strikeouts,OVER,"[-500,-300]",HR≥55/EDG≥5.0/CV≤0.6/μ≥0.5/TP≥-,36,32,25,7,78.12,-1.33,-19.76,17.11,-0.424,0.6,10
2026-05,batter_strikeouts,OVER,"[-500,-300]",HR≥55/EDG≥5.0/CV≤0.6/μ≥0.5/TP≥50,36,32,25,7,78.12,-1.33,-19.76,17.11,-0.424,0.6,10
2026-05,batter_strikeouts,OVER,"[-500,-300]",HR≥55/EDG≥5.0/CV≤0.6/μ≥0.5/TP≥55,36,32,25,7,78.12,-1.33,-19.76,17.11,-0.424,0.6,10
2026-05,batter_strikeouts,OVER,"[-500,-300]",HR≥55/EDG≥5.0/CV≤0.6/μ≥0.5/TP≥60,36,32,25,7,78.12,-1.33,-19.76,17.11,-0.424,0.6,10
2026-05,batter_strikeouts,OVER,"[-500,-300]",HR≥55/EDG≥5.0/CV≤0.6/μ≥0.5/TP≥65,36,32,25,7,78.12,-1.33,-19.76,17.11,-0.424,0.6,10
2026-05,batter_strikeouts,OVER,"[-500,-300]",HR≥55/EDG≥10.0/CV≤-/μ≥-/TP≥-,133,121,91,30,75.21,-4.61,-14.43,5.22,-5.576,0.462,13
2026-05,batter_strikeouts,OVER,"[-500,-300]",HR≥55/EDG≥10.0/CV≤-/μ≥-/TP≥50,133,121,91,30,75.21,-4.61,-14.43,5.22,-5.576,0.462,13
2026-05,batter_strikeouts,OVER,"[-500,-300]",HR≥55/EDG≥10.0/CV≤-/μ≥-/TP≥55,133,121,91,30,75.21,-4.61,-14.43,5.22,-5.576,0.462,13
2026-05,batter_strikeouts,OVER,"[-500,-300]",HR≥55/EDG≥10.0/CV≤-/μ≥-/TP≥60,133,121,91,30,75.21,-4.61,-14.43,5.22,-5.576,0.462,13
2026-05,batter_strikeouts,OVER,"[-500,-300]",HR≥55/EDG≥10.0/CV≤-/μ≥-/TP≥65,133,121,91,30,75.21,-4.61,-14.43,5.22,-5.576,0.462,13
2026-05,batter_strikeouts,OVER,"[-500,-300]",HR≥55/EDG≥10.0/CV≤-/μ≥0.0/TP≥-,133,121,91,30,75.21,-4.61,-14.43,5.22,-5.576,0.462,13
2026-05,batter_strikeouts,OVER,"[-500,-300]",HR≥55/EDG≥10.0/CV≤-/μ≥0.0/TP≥50,133,121,91,30,75.21,-4.61,-14.43,5.22,-5.576,0.462,13
2026-05,batter_strikeouts,OVER,"[-500,-300]",HR≥55/EDG≥10.0/CV≤-/μ≥0.0/TP≥55,133,121,91,30,75.21,-4.61,-14.43,5.22,-5.576,0.462,13
2026-05,batter_strikeouts,OVER,"[-500,-300]",HR≥55/EDG≥10.0/CV≤-/μ≥0.0/TP≥60,133,121,91,30,75.21,-4.61,-14.43,5.22,-5.576,0.462,13
2026-05,batter_strikeouts,OVER,"[-500,-300]",HR≥55/EDG≥10.0/CV≤-/μ≥0.0/TP≥65,133,121,91,30,75.21,-4.61,-14.43,5.22,-5.576,0.462,13
2026-05,batter_strikeouts,OVER,"[-500,-300]",HR≥55/EDG≥10.0/CV≤-/μ≥0.5/TP≥-,133,121,91,30,75.21,-4.61,-14.43,5.22,-5.576,0.462,13
2026-05,batter_strikeouts,OVER,"[-500,-300]",HR≥55/EDG≥10.0/CV≤-/μ≥0.5/TP≥50,133,121,91,30,75.21,-4.61,-14.43,5.22,-5.576,0.462,13
2026-05,batter_strikeouts,OVER,"[-500,-300]",HR≥55/EDG≥10.0/CV≤-/μ≥0.5/TP≥55,133,121,91,30,75.21,-4.61,-14.43,5.22,-5.576,0.462,13
2026-05,batter_strikeouts,OVER,"[-500,-300]",HR≥55/EDG≥10.0/CV≤-/μ≥0.5/TP≥60,133,121,91,30,75.21,-4.61,-14.43,5.22,-5.576,0.462,13
2026-05,batter_strikeouts,OVER,"[-500,-300]",HR≥55/EDG≥10.0/CV≤-/μ≥0.5/TP≥65,133,121,91,30,75.21,-4.61,-14.43,5.22,-5.576,0.462,13
2026-05,batter_strikeouts,OVER,"[-500,-300]",HR≥55/EDG≥10.0/CV≤-/μ≥1.0/TP≥-,119,108,82,26,75.93,-4.01,-14.28,6.26,-4.329,0.417,12
2026-05,batter_strikeouts,OVER,"[-500,-300]",HR≥55/EDG≥10.0/CV≤-/μ≥1.0/TP≥50,119,108,82,26,75.93,-4.01,-14.28,6.26,-4.329,0.417,12
2026-05,batter_strikeouts,OVER,"[-500,-300]",HR≥55/EDG≥10.0/CV≤-/μ≥1.0/TP≥55,119,108,82,26,75.93,-4.01,-14.28,6.26,-4.329,0.417,12
2026-05,batter_strikeouts,OVER,"[-500,-300]",HR≥55/EDG≥10.0/CV≤-/μ≥1.0/TP≥60,119,108,82,26,75.93,-4.01,-14.28,6.26,-4.329,0.417,12
2026-05,batter_strikeouts,OVER,"[-500,-300]",HR≥55/EDG≥10.0/CV≤-/μ≥1.0/TP≥65,119,108,82,26,75.93,-4.01,-14.28,6.26,-4.329,0.417,12
2026-05,batter_strikeouts,OVER,"[-500,-300]",HR≥55/EDG≥10.0/CV≤0.7/μ≥-/TP≥-,58,50,37,13,74.0,-5.66,-21.35,10.03,-2.83,0.5,12
2026-05,batter_strikeouts,OVER,"[-500,-300]",HR≥55/EDG≥10.0/CV≤0.7/μ≥-/TP≥50,58,50,37,13,74.0,-5.66,-21.35,10.03,-2.83,0.5,12
2026-05,batter_strikeouts,OVER,"[-500,-300]",HR≥55/EDG≥10.0/CV≤0.7/μ≥-/TP≥55,58,50,37,13,74.0,-5.66,-21.35,10.03,-2.83,0.5,12
2026-05,batter_strikeouts,OVER,"[-500,-300]",HR≥55/EDG≥10.0/CV≤0.7/μ≥-/TP≥60,58,50,37,13,74.0,-5.66,-21.35,10.03,-2.83,0.5,12
2026-05,batter_strikeouts,OVER,"[-500,-300]",HR≥55/EDG≥10.0/CV≤0.7/μ≥-/TP≥65,58,50,37,13,74.0,-5.66,-21.35,10.03,-2.83,0.5,12
2026-05,batter_strikeouts,OVER,"[-500,-300]",HR≥55/EDG≥10.0/CV≤0.7/μ≥0.0/TP≥-,58,50,37,13,74.0,-5.66,-21.35,10.03,-2.83,0.5,12
2026-05,batter_strikeouts,OVER,"[-500,-300]",HR≥55/EDG≥10.0/CV≤0.7/μ≥0.0/TP≥50,58,50,37,13,74.0,-5.66,-21.35,10.03,-2.83,0.5,12
2026-05,batter_strikeouts,OVER,"[-500,-300]",HR≥55/EDG≥10.0/CV≤0.7/μ≥0.0/TP≥55,58,50,37,13,74.0,-5.66,-21.35,10.03,-2.83,0.5,12
2026-05,batter_strikeouts,OVER,"[-500,-300]",HR≥55/EDG≥10.0/CV≤0.7/μ≥0.0/TP≥60,58,50,37,13,74.0,-5.66,-21.35,10.03,-2.83,0.5,12
2026-05,batter_strikeouts,OVER,"[-500,-300]",HR≥55/EDG≥10.0/CV≤0.7/μ≥0.0/TP≥65,58,50,37,13,74.0,-5.66,-21.35,10.03,-2.83,0.5,12
2026-05,batter_strikeouts,OVER,"[-500,-300]",HR≥55/EDG≥10.0/CV≤0.7/μ≥0.5/TP≥-,58,50,37,13,74.0,-5.66,-21.35,10.03,-2.83,0.5,12
2026-05,batter_strikeouts,OVER,"[-500,-300]",HR≥55/EDG≥10.0/CV≤0.7/μ≥0.5/TP≥50,58,50,37,13,74.0,-5.66,-21.35,10.03,-2.83,0.5,12
2026-05,batter_strikeouts,OVER,"[-500,-300]",HR≥55/EDG≥10.0/CV≤0.7/μ≥0.5/TP≥55,58,50,37,13,74.0,-5.66,-21.35,10.03,-2.83,0.5,12
2026-05,batter_strikeouts,OVER,"[-500,-300]",HR≥55/EDG≥10.0/CV≤0.7/μ≥0.5/TP≥60,58,50,37,13,74.0,-5.66,-21.35,10.03,-2.83,0.5,12
2026-05,batter_strikeouts,OVER,"[-500,-300]",HR≥55/EDG≥10.0/CV≤0.7/μ≥0.5/TP≥65,58,50,37,13,74.0,-5.66,-21.35,10.03,-2.83,0.5,12
2026-05,batter_strikeouts,OVER,"[-500,-300]",HR≥55/EDG≥10.0/CV≤0.7/μ≥1.0/TP≥-,51,43,31,12,72.09,-8.44,-25.7,8.82,-3.63,0.545,11
2026-05,batter_strikeouts,OVER,"[-500,-300]",HR≥55/EDG≥10.0/CV≤0.7/μ≥1.0/TP≥50,51,43,31,12,72.09,-8.44,-25.7,8.82,-3.63,0.545,11
2026-05,batter_strikeouts,OVER,"[-500,-300]",HR≥55/EDG≥10.0/CV≤0.7/μ≥1.0/TP≥55,51,43,31,12,72.09,-8.44,-25.7,8.82,-3.63,0.545,11
2026-05,batter_strikeouts,OVER,"[-500,-300]",HR≥55/EDG≥10.0/CV≤0.7/μ≥1.0/TP≥60,51,43,31,12,72.09,-8.44,-25.7,8.82,-3.63,0.545,11
2026-05,batter_strikeouts,OVER,"[-500,-300]",HR≥55/EDG≥10.0/CV≤0.7/μ≥1.0/TP≥65,51,43,31,12,72.09,-8.44,-25.7,8.82,-3.63,0.545,11
2026-05,batter_strikeouts,OVER,"[-500,-300]",HR≥60/EDG≥-/CV≤-/μ≥-/TP≥-,358,325,243,82,74.77,-6.34,-12.29,-0.4,-20.617,0.385,13
2026-05,batter_strikeouts,OVER,"[-500,-300]",HR≥60/EDG≥-/CV≤-/μ≥-/TP≥50,355,322,241,81,74.84,-6.26,-12.22,-0.29,-20.143,0.385,13
2026-05,batter_strikeouts,OVER,"[-500,-300]",HR≥60/EDG≥-/CV≤-/μ≥-/TP≥55,354,321,241,80,75.08,-5.96,-11.92,-0.01,-19.143,0.385,13
2026-05,batter_strikeouts,OVER,"[-500,-300]",HR≥60/EDG≥-/CV≤-/μ≥-/TP≥60,350,317,238,79,75.08,-5.94,-11.93,0.05,-18.832,0.385,13
2026-05,batter_strikeouts,OVER,"[-500,-300]",HR≥60/EDG≥-/CV≤-/μ≥-/TP≥65,332,301,225,76,74.75,-6.34,-12.52,-0.17,-19.097,0.385,13
2026-05,batter_strikeouts,OVER,"[-500,-300]",HR≥60/EDG≥-/CV≤-/μ≥0.0/TP≥-,355,322,241,81,74.84,-6.26,-12.22,-0.29,-20.143,0.385,13
2026-05,batter_strikeouts,OVER,"[-500,-300]",HR≥60/EDG≥-/CV≤-/μ≥0.0/TP≥50,355,322,241,81,74.84,-6.26,-12.22,-0.29,-20.143,0.385,13
2026-05,batter_strikeouts,OVER,"[-500,-300]",HR≥60/EDG≥-/CV≤-/μ≥0.0/TP≥55,354,321,241,80,75.08,-5.96,-11.92,-0.01,-19.143,0.385,13
2026-05,batter_strikeouts,OVER,"[-500,-300]",HR≥60/EDG≥-/CV≤-/μ≥0.0/TP≥60,350,317,238,79,75.08,-5.94,-11.93,0.05,-18.832,0.385,13
2026-05,batter_strikeouts,OVER,"[-500,-300]",HR≥60/EDG≥-/CV≤-/μ≥0.0/TP≥65,332,301,225,76,74.75,-6.34,-12.52,-0.17,-19.097,0.385,13
2026-05,batter_strikeouts,OVER,"[-500,-300]",HR≥60/EDG≥-/CV≤-/μ≥0.5/TP≥-,284,256,195,61,76.17,-4.78,-11.34,1.78,-12.238,0.308,13
2026-05,batter_strikeouts,OVER,"[-500,-300]",HR≥60/EDG≥-/CV≤-/μ≥0.5/TP≥50,284,256,195,61,76.17,-4.78,-11.34,1.78,-12.238,0.308,13
2026-05,batter_strikeouts,OVER,"[-500,-300]",HR≥60/EDG≥-/CV≤-/μ≥0.5/TP≥55,284,256,195,61,76.17,-4.78,-11.34,1.78,-12.238,0.308,13
2026-05,batter_strikeouts,OVER,"[-500,-300]",HR≥60/EDG≥-/CV≤-/μ≥0.5/TP≥60,284,256,195,61,76.17,-4.78,-11.34,1.78,-12.238,0.308,13
2026-05,batter_strikeouts,OVER,"[-500,-300]",HR≥60/EDG≥-/CV≤-/μ≥0.5/TP≥65,283,255,194,61,76.08,-4.9,-11.48,1.68,-12.486,0.308,13
2026-05,batter_strikeouts,OVER,"[-500,-300]",HR≥60/EDG≥-/CV≤-/μ≥1.0/TP≥-,164,148,118,30,79.73,-0.11,-8.28,8.06,-0.162,0.462,13
2026-05,batter_strikeouts,OVER,"[-500,-300]",HR≥60/EDG≥-/CV≤-/μ≥1.0/TP≥50,164,148,118,30,79.73,-0.11,-8.28,8.06,-0.162,0.462,13
2026-05,batter_strikeouts,OVER,"[-500,-300]",HR≥60/EDG≥-/CV≤-/μ≥1.0/TP≥55,164,148,118,30,79.73,-0.11,-8.28,8.06,-0.162,0.462,13
2026-05,batter_strikeouts,OVER,"[-500,-300]",HR≥60/EDG≥-/CV≤-/μ≥1.0/TP≥60,164,148,118,30,79.73,-0.11,-8.28,8.06,-0.162,0.462,13
2026-05,batter_strikeouts,OVER,"[-500,-300]",HR≥60/EDG≥-/CV≤-/μ≥1.0/TP≥65,164,148,118,30,79.73,-0.11,-8.28,8.06,-0.162,0.462,13
2026-05,batter_strikeouts,OVER,"[-500,-300]",HR≥60/EDG≥-/CV≤0.7/μ≥-/TP≥-,137,124,87,37,70.16,-12.23,-22.37,-2.08,-15.159,0.231,13
2026-05,batter_strikeouts,OVER,"[-500,-300]",HR≥60/EDG≥-/CV≤0.7/μ≥-/TP≥50,137,124,87,37,70.16,-12.23,-22.37,-2.08,-15.159,0.231,13
2026-05,batter_strikeouts,OVER,"[-500,-300]",HR≥60/EDG≥-/CV≤0.7/μ≥-/TP≥55,137,124,87,37,70.16,-12.23,-22.37,-2.08,-15.159,0.231,13
2026-05,batter_strikeouts,OVER,"[-500,-300]",HR≥60/EDG≥-/CV≤0.7/μ≥-/TP≥60,137,124,87,37,70.16,-12.23,-22.37,-2.08,-15.159,0.231,13
2026-05,batter_strikeouts,OVER,"[-500,-300]",HR≥60/EDG≥-/CV≤0.7/μ≥-/TP≥65,134,121,85,36,70.25,-12.23,-22.48,-1.98,-14.8,0.167,12
2026-05,batter_strikeouts,OVER,"[-500,-300]",HR≥60/EDG≥-/CV≤0.7/μ≥0.0/TP≥-,137,124,87,37,70.16,-12.23,-22.37,-2.08,-15.159,0.231,13
2026-05,batter_strikeouts,OVER,"[-500,-300]",HR≥60/EDG≥-/CV≤0.7/μ≥0.0/TP≥50,137,124,87,37,70.16,-12.23,-22.37,-2.08,-15.159,0.231,13
2026-05,batter_strikeouts,OVER,"[-500,-300]",HR≥60/EDG≥-/CV≤0.7/μ≥0.0/TP≥55,137,124,87,37,70.16,-12.23,-22.37,-2.08,-15.159,0.231,13
2026-05,batter_strikeouts,OVER,"[-500,-300]",HR≥60/EDG≥-/CV≤0.7/μ≥0.0/TP≥60,137,124,87,37,70.16,-12.23,-22.37,-2.08,-15.159,0.231,13
2026-05,batter_strikeouts,OVER,"[-500,-300]",HR≥60/EDG≥-/CV≤0.7/μ≥0.0/TP≥65,134,121,85,36,70.25,-12.23,-22.48,-1.98,-14.8,0.167,12
2026-05,batter_strikeouts,OVER,"[-500,-300]",HR≥60/EDG≥-/CV≤0.7/μ≥0.5/TP≥-,111,100,73,27,73.0,-8.79,-19.76,2.17,-8.794,0.25,12
2026-05,batter_strikeouts,OVER,"[-500,-300]",HR≥60/EDG≥-/CV≤0.7/μ≥0.5/TP≥50,111,100,73,27,73.0,-8.79,-19.76,2.17,-8.794,0.25,12
2026-05,batter_strikeouts,OVER,"[-500,-300]",HR≥60/EDG≥-/CV≤0.7/μ≥0.5/TP≥55,111,100,73,27,73.0,-8.79,-19.76,2.17,-8.794,0.25,12
2026-05,batter_strikeouts,OVER,"[-500,-300]",HR≥60/EDG≥-/CV≤0.7/μ≥0.5/TP≥60,111,100,73,27,73.0,-8.79,-19.76,2.17,-8.794,0.25,12
2026-05,batter_strikeouts,OVER,"[-500,-300]",HR≥60/EDG≥-/CV≤0.7/μ≥0.5/TP≥65,111,100,73,27,73.0,-8.79,-19.76,2.17,-8.794,0.25,12
2026-05,batter_strikeouts,OVER,"[-500,-300]",HR≥60/EDG≥-/CV≤0.7/μ≥1.0/TP≥-,63,55,43,12,78.18,-1.59,-15.5,12.32,-0.875,0.545,11
2026-05,batter_strikeouts,OVER,"[-500,-300]",HR≥60/EDG≥-/CV≤0.7/μ≥1.0/TP≥50,63,55,43,12,78.18,-1.59,-15.5,12.32,-0.875,0.545,11
2026-05,batter_strikeouts,OVER,"[-500,-300]",HR≥60/EDG≥-/CV≤0.7/μ≥1.0/TP≥55,63,55,43,12,78.18,-1.59,-15.5,12.32,-0.875,0.545,11
2026-05,batter_strikeouts,OVER,"[-500,-300]",HR≥60/EDG≥-/CV≤0.7/μ≥1.0/TP≥60,63,55,43,12,78.18,-1.59,-15.5,12.32,-0.875,0.545,11
2026-05,batter_strikeouts,OVER,"[-500,-300]",HR≥60/EDG≥-/CV≤0.7/μ≥1.0/TP≥65,63,55,43,12,78.18,-1.59,-15.5,12.32,-0.875,0.545,11
2026-05,batter_strikeouts,OVER,"[-500,-300]",HR≥60/EDG≥-/CV≤0.6/μ≥-/TP≥-,63,58,38,20,65.52,-18.84,-34.18,-3.5,-10.928,0.333,12
2026-05,batter_strikeouts,OVER,"[-500,-300]",HR≥60/EDG≥-/CV≤0.6/μ≥-/TP≥50,63,58,38,20,65.52,-18.84,-34.18,-3.5,-10.928,0.333,12
2026-05,batter_strikeouts,OVER,"[-500,-300]",HR≥60/EDG≥-/CV≤0.6/μ≥-/TP≥55,63,58,38,20,65.52,-18.84,-34.18,-3.5,-10.928,0.333,12
2026-05,batter_strikeouts,OVER,"[-500,-300]",HR≥60/EDG≥-/CV≤0.6/μ≥-/TP≥60,63,58,38,20,65.52,-18.84,-34.18,-3.5,-10.928,0.333,12
2026-05,batter_strikeouts,OVER,"[-500,-300]",HR≥60/EDG≥-/CV≤0.6/μ≥-/TP≥65,62,57,38,19,66.67,-17.42,-32.77,-2.07,-9.928,0.333,12
2026-05,batter_strikeouts,OVER,"[-500,-300]",HR≥60/EDG≥-/CV≤0.6/μ≥0.0/TP≥-,63,58,38,20,65.52,-18.84,-34.18,-3.5,-10.928,0.333,12
2026-05,batter_strikeouts,OVER,"[-500,-300]",HR≥60/EDG≥-/CV≤0.6/μ≥0.0/TP≥50,63,58,38,20,65.52,-18.84,-34.18,-3.5,-10.928,0.333,12
2026-05,batter_strikeouts,OVER,"[-500,-300]",HR≥60/EDG≥-/CV≤0.6/μ≥0.0/TP≥55,63,58,38,20,65.52,-18.84,-34.18,-3.5,-10.928,0.333,12
2026-05,batter_strikeouts,OVER,"[-500,-300]",HR≥60/EDG≥-/CV≤0.6/μ≥0.0/TP≥60,63,58,38,20,65.52,-18.84,-34.18,-3.5,-10.928,0.333,12
2026-05,batter_strikeouts,OVER,"[-500,-300]",HR≥60/EDG≥-/CV≤0.6/μ≥0.0/TP≥65,62,57,38,19,66.67,-17.42,-32.77,-2.07,-9.928,0.333,12
2026-05,batter_strikeouts,OVER,"[-500,-300]",HR≥60/EDG≥-/CV≤0.6/μ≥0.5/TP≥-,50,45,32,13,71.11,-11.56,-28.28,5.16,-5.201,0.455,11
2026-05,batter_strikeouts,OVER,"[-500,-300]",HR≥60/EDG≥-/CV≤0.6/μ≥0.5/TP≥50,50,45,32,13,71.11,-11.56,-28.28,5.16,-5.201,0.455,11
2026-05,batter_strikeouts,OVER,"[-500,-300]",HR≥60/EDG≥-/CV≤0.6/μ≥0.5/TP≥55,50,45,32,13,71.11,-11.56,-28.28,5.16,-5.201,0.455,11
2026-05,batter_strikeouts,OVER,"[-500,-300]",HR≥60/EDG≥-/CV≤0.6/μ≥0.5/TP≥60,50,45,32,13,71.11,-11.56,-28.28,5.16,-5.201,0.455,11
2026-05,batter_strikeouts,OVER,"[-500,-300]",HR≥60/EDG≥-/CV≤0.6/μ≥0.5/TP≥65,50,45,32,13,71.11,-11.56,-28.28,5.16,-5.201,0.455,11
2026-05,batter_strikeouts,OVER,"[-500,-300]",HR≥60/EDG≥-/CV≤0.5/μ≥-/TP≥-,42,39,26,13,66.67,-17.19,-35.87,1.5,-6.702,0.2,10
2026-05,batter_strikeouts,OVER,"[-500,-300]",HR≥60/EDG≥-/CV≤0.5/μ≥-/TP≥50,42,39,26,13,66.67,-17.19,-35.87,1.5,-6.702,0.2,10
2026-05,batter_strikeouts,OVER,"[-500,-300]",HR≥60/EDG≥-/CV≤0.5/μ≥-/TP≥55,42,39,26,13,66.67,-17.19,-35.87,1.5,-6.702,0.2,10
2026-05,batter_strikeouts,OVER,"[-500,-300]",HR≥60/EDG≥-/CV≤0.5/μ≥-/TP≥60,42,39,26,13,66.67,-17.19,-35.87,1.5,-6.702,0.2,10
2026-05,batter_strikeouts,OVER,"[-500,-300]",HR≥60/EDG≥-/CV≤0.5/μ≥-/TP≥65,41,38,26,12,68.42,-15.01,-33.68,3.67,-5.702,0.2,10
2026-05,batter_strikeouts,OVER,"[-500,-300]",HR≥60/EDG≥-/CV≤0.5/μ≥0.0/TP≥-,42,39,26,13,66.67,-17.19,-35.87,1.5,-6.702,0.2,10
2026-05,batter_strikeouts,OVER,"[-500,-300]",HR≥60/EDG≥-/CV≤0.5/μ≥0.0/TP≥50,42,39,26,13,66.67,-17.19,-35.87,1.5,-6.702,0.2,10
2026-05,batter_strikeouts,OVER,"[-500,-300]",HR≥60/EDG≥-/CV≤0.5/μ≥0.0/TP≥55,42,39,26,13,66.67,-17.19,-35.87,1.5,-6.702,0.2,10
2026-05,batter_strikeouts,OVER,"[-500,-300]",HR≥60/EDG≥-/CV≤0.5/μ≥0.0/TP≥60,42,39,26,13,66.67,-17.19,-35.87,1.5,-6.702,0.2,10
2026-05,batter_strikeouts,OVER,"[-500,-300]",HR≥60/EDG≥-/CV≤0.5/μ≥0.0/TP≥65,41,38,26,12,68.42,-15.01,-33.68,3.67,-5.702,0.2,10
2026-05,batter_strikeouts,OVER,"[-500,-300]",HR≥60/EDG≥-5.0/CV≤-/μ≥-/TP≥-,259,233,183,50,78.54,-1.49,-8.14,5.16,-3.473,0.308,13
2026-05,batter_strikeouts,OVER,"[-500,-300]",HR≥60/EDG≥-5.0/CV≤-/μ≥-/TP≥50,259,233,183,50,78.54,-1.49,-8.14,5.16,-3.473,0.308,13
2026-05,batter_strikeouts,OVER,"[-500,-300]",HR≥60/EDG≥-5.0/CV≤-/μ≥-/TP≥55,259,233,183,50,78.54,-1.49,-8.14,5.16,-3.473,0.308,13
2026-05,batter_strikeouts,OVER,"[-500,-300]",HR≥60/EDG≥-5.0/CV≤-/μ≥-/TP≥60,259,233,183,50,78.54,-1.49,-8.14,5.16,-3.473,0.308,13
2026-05,batter_strikeouts,OVER,"[-500,-300]",HR≥60/EDG≥-5.0/CV≤-/μ≥-/TP≥65,259,233,183,50,78.54,-1.49,-8.14,5.16,-3.473,0.308,13
2026-05,batter_strikeouts,OVER,"[-500,-300]",HR≥60/EDG≥-5.0/CV≤-/μ≥0.0/TP≥-,259,233,183,50,78.54,-1.49,-8.14,5.16,-3.473,0.308,13
2026-05,batter_strikeouts,OVER,"[-500,-300]",HR≥60/EDG≥-5.0/CV≤-/μ≥0.0/TP≥50,259,233,183,50,78.54,-1.49,-8.14,5.16,-3.473,0.308,13
2026-05,batter_strikeouts,OVER,"[-500,-300]",HR≥60/EDG≥-5.0/CV≤-/μ≥0.0/TP≥55,259,233,183,50,78.54,-1.49,-8.14,5.16,-3.473,0.308,13
2026-05,batter_strikeouts,OVER,"[-500,-300]",HR≥60/EDG≥-5.0/CV≤-/μ≥0.0/TP≥60,259,233,183,50,78.54,-1.49,-8.14,5.16,-3.473,0.308,13
2026-05,batter_strikeouts,OVER,"[-500,-300]",HR≥60/EDG≥-5.0/CV≤-/μ≥0.0/TP≥65,259,233,183,50,78.54,-1.49,-8.14,5.16,-3.473,0.308,13
2026-05,batter_strikeouts,OVER,"[-500,-300]",HR≥60/EDG≥-5.0/CV≤-/μ≥0.5/TP≥-,247,222,174,48,78.38,-1.78,-8.6,5.05,-3.944,0.385,13
2026-05,batter_strikeouts,OVER,"[-500,-300]",HR≥60/EDG≥-5.0/CV≤-/μ≥0.5/TP≥50,247,222,174,48,78.38,-1.78,-8.6,5.05,-3.944,0.385,13
2026-05,batter_strikeouts,OVER,"[-500,-300]",HR≥60/EDG≥-5.0/CV≤-/μ≥0.5/TP≥55,247,222,174,48,78.38,-1.78,-8.6,5.05,-3.944,0.385,13
2026-05,batter_strikeouts,OVER,"[-500,-300]",HR≥60/EDG≥-5.0/CV≤-/μ≥0.5/TP≥60,247,222,174,48,78.38,-1.78,-8.6,5.05,-3.944,0.385,13
2026-05,batter_strikeouts,OVER,"[-500,-300]",HR≥60/EDG≥-5.0/CV≤-/μ≥0.5/TP≥65,247,222,174,48,78.38,-1.78,-8.6,5.05,-3.944,0.385,13
2026-05,batter_strikeouts,OVER,"[-500,-300]",HR≥60/EDG≥-5.0/CV≤-/μ≥1.0/TP≥-,163,147,118,29,80.27,0.57,-7.55,8.69,0.838,0.462,13
2026-05,batter_strikeouts,OVER,"[-500,-300]",HR≥60/EDG≥-5.0/CV≤-/μ≥1.0/TP≥50,163,147,118,29,80.27,0.57,-7.55,8.69,0.838,0.462,13
2026-05,batter_strikeouts,OVER,"[-500,-300]",HR≥60/EDG≥-5.0/CV≤-/μ≥1.0/TP≥55,163,147,118,29,80.27,0.57,-7.55,8.69,0.838,0.462,13
2026-05,batter_strikeouts,OVER,"[-500,-300]",HR≥60/EDG≥-5.0/CV≤-/μ≥1.0/TP≥60,163,147,118,29,80.27,0.57,-7.55,8.69,0.838,0.462,13
2026-05,batter_strikeouts,OVER,"[-500,-300]",HR≥60/EDG≥-5.0/CV≤-/μ≥1.0/TP≥65,163,147,118,29,80.27,0.57,-7.55,8.69,0.838,0.462,13
2026-05,batter_strikeouts,OVER,"[-500,-300]",HR≥60/EDG≥-5.0/CV≤0.7/μ≥-/TP≥-,114,102,77,25,75.49,-5.55,-16.08,4.98,-5.658,0.333,12
2026-05,batter_strikeouts,OVER,"[-500,-300]",HR≥60/EDG≥-5.0/CV≤0.7/μ≥-/TP≥50,114,102,77,25,75.49,-5.55,-16.08,4.98,-5.658,0.333,12
2026-05,batter_strikeouts,OVER,"[-500,-300]",HR≥60/EDG≥-5.0/CV≤0.7/μ≥-/TP≥55,114,102,77,25,75.49,-5.55,-16.08,4.98,-5.658,0.333,12
2026-05,batter_strikeouts,OVER,"[-500,-300]",HR≥60/EDG≥-5.0/CV≤0.7/μ≥-/TP≥60,114,102,77,25,75.49,-5.55,-16.08,4.98,-5.658,0.333,12
2026-05,batter_strikeouts,OVER,"[-500,-300]",HR≥60/EDG≥-5.0/CV≤0.7/μ≥-/TP≥65,114,102,77,25,75.49,-5.55,-16.08,4.98,-5.658,0.333,12
2026-05,batter_strikeouts,OVER,"[-500,-300]",HR≥60/EDG≥-5.0/CV≤0.7/μ≥0.0/TP≥-,114,102,77,25,75.49,-5.55,-16.08,4.98,-5.658,0.333,12
2026-05,batter_strikeouts,OVER,"[-500,-300]",HR≥60/EDG≥-5.0/CV≤0.7/μ≥0.0/TP≥50,114,102,77,25,75.49,-5.55,-16.08,4.98,-5.658,0.333,12
2026-05,batter_strikeouts,OVER,"[-500,-300]",HR≥60/EDG≥-5.0/CV≤0.7/μ≥0.0/TP≥55,114,102,77,25,75.49,-5.55,-16.08,4.98,-5.658,0.333,12
2026-05,batter_strikeouts,OVER,"[-500,-300]",HR≥60/EDG≥-5.0/CV≤0.7/μ≥0.0/TP≥60,114,102,77,25,75.49,-5.55,-16.08,4.98,-5.658,0.333,12
2026-05,batter_strikeouts,OVER,"[-500,-300]",HR≥60/EDG≥-5.0/CV≤0.7/μ≥0.0/TP≥65,114,102,77,25,75.49,-5.55,-16.08,4.98,-5.658,0.333,12
2026-05,batter_strikeouts,OVER,"[-500,-300]",HR≥60/EDG≥-5.0/CV≤0.7/μ≥0.5/TP≥-,105,94,71,23,75.53,-5.58,-16.54,5.39,-5.241,0.333,12
2026-05,batter_strikeouts,OVER,"[-500,-300]",HR≥60/EDG≥-5.0/CV≤0.7/μ≥0.5/TP≥50,105,94,71,23,75.53,-5.58,-16.54,5.39,-5.241,0.333,12
2026-05,batter_strikeouts,OVER,"[-500,-300]",HR≥60/EDG≥-5.0/CV≤0.7/μ≥0.5/TP≥55,105,94,71,23,75.53,-5.58,-16.54,5.39,-5.241,0.333,12
2026-05,batter_strikeouts,OVER,"[-500,-300]",HR≥60/EDG≥-5.0/CV≤0.7/μ≥0.5/TP≥60,105,94,71,23,75.53,-5.58,-16.54,5.39,-5.241,0.333,12
2026-05,batter_strikeouts,OVER,"[-500,-300]",HR≥60/EDG≥-5.0/CV≤0.7/μ≥0.5/TP≥65,105,94,71,23,75.53,-5.58,-16.54,5.39,-5.241,0.333,12
2026-05,batter_strikeouts,OVER,"[-500,-300]",HR≥60/EDG≥-5.0/CV≤0.7/μ≥1.0/TP≥-,63,55,43,12,78.18,-1.59,-15.5,12.32,-0.875,0.545,11
2026-05,batter_strikeouts,OVER,"[-500,-300]",HR≥60/EDG≥-5.0/CV≤0.7/μ≥1.0/TP≥50,63,55,43,12,78.18,-1.59,-15.5,12.32,-0.875,0.545,11
2026-05,batter_strikeouts,OVER,"[-500,-300]",HR≥60/EDG≥-5.0/CV≤0.7/μ≥1.0/TP≥55,63,55,43,12,78.18,-1.59,-15.5,12.32,-0.875,0.545,11
2026-05,batter_strikeouts,OVER,"[-500,-300]",HR≥60/EDG≥-5.0/CV≤0.7/μ≥1.0/TP≥60,63,55,43,12,78.18,-1.59,-15.5,12.32,-0.875,0.545,11
2026-05,batter_strikeouts,OVER,"[-500,-300]",HR≥60/EDG≥-5.0/CV≤0.7/μ≥1.0/TP≥65,63,55,43,12,78.18,-1.59,-15.5,12.32,-0.875,0.545,11
2026-05,batter_strikeouts,OVER,"[-500,-300]",HR≥60/EDG≥-5.0/CV≤0.6/μ≥-/TP≥-,50,45,34,11,75.56,-6.16,-22.0,9.68,-2.772,0.5,12
2026-05,batter_strikeouts,OVER,"[-500,-300]",HR≥60/EDG≥-5.0/CV≤0.6/μ≥-/TP≥50,50,45,34,11,75.56,-6.16,-22.0,9.68,-2.772,0.5,12
2026-05,batter_strikeouts,OVER,"[-500,-300]",HR≥60/EDG≥-5.0/CV≤0.6/μ≥-/TP≥55,50,45,34,11,75.56,-6.16,-22.0,9.68,-2.772,0.5,12
2026-05,batter_strikeouts,OVER,"[-500,-300]",HR≥60/EDG≥-5.0/CV≤0.6/μ≥-/TP≥60,50,45,34,11,75.56,-6.16,-22.0,9.68,-2.772,0.5,12
2026-05,batter_strikeouts,OVER,"[-500,-300]",HR≥60/EDG≥-5.0/CV≤0.6/μ≥-/TP≥65,50,45,34,11,75.56,-6.16,-22.0,9.68,-2.772,0.5,12
2026-05,batter_strikeouts,OVER,"[-500,-300]",HR≥60/EDG≥-5.0/CV≤0.6/μ≥0.0/TP≥-,50,45,34,11,75.56,-6.16,-22.0,9.68,-2.772,0.5,12
2026-05,batter_strikeouts,OVER,"[-500,-300]",HR≥60/EDG≥-5.0/CV≤0.6/μ≥0.0/TP≥50,50,45,34,11,75.56,-6.16,-22.0,9.68,-2.772,0.5,12
2026-05,batter_strikeouts,OVER,"[-500,-300]",HR≥60/EDG≥-5.0/CV≤0.6/μ≥0.0/TP≥55,50,45,34,11,75.56,-6.16,-22.0,9.68,-2.772,0.5,12
2026-05,batter_strikeouts,OVER,"[-500,-300]",HR≥60/EDG≥-5.0/CV≤0.6/μ≥0.0/TP≥60,50,45,34,11,75.56,-6.16,-22.0,9.68,-2.772,0.5,12
2026-05,batter_strikeouts,OVER,"[-500,-300]",HR≥60/EDG≥-5.0/CV≤0.6/μ≥0.0/TP≥65,50,45,34,11,75.56,-6.16,-22.0,9.68,-2.772,0.5,12
2026-05,batter_strikeouts,OVER,"[-500,-300]",HR≥60/EDG≥-5.0/CV≤0.6/μ≥0.5/TP≥-,46,41,32,9,78.05,-2.93,-18.96,13.11,-1.201,0.545,11
2026-05,batter_strikeouts,OVER,"[-500,-300]",HR≥60/EDG≥-5.0/CV≤0.6/μ≥0.5/TP≥50,46,41,32,9,78.05,-2.93,-18.96,13.11,-1.201,0.545,11
2026-05,batter_strikeouts,OVER,"[-500,-300]",HR≥60/EDG≥-5.0/CV≤0.6/μ≥0.5/TP≥55,46,41,32,9,78.05,-2.93,-18.96,13.11,-1.201,0.545,11
2026-05,batter_strikeouts,OVER,"[-500,-300]",HR≥60/EDG≥-5.0/CV≤0.6/μ≥0.5/TP≥60,46,41,32,9,78.05,-2.93,-18.96,13.11,-1.201,0.545,11
2026-05,batter_strikeouts,OVER,"[-500,-300]",HR≥60/EDG≥-5.0/CV≤0.6/μ≥0.5/TP≥65,46,41,32,9,78.05,-2.93,-18.96,13.11,-1.201,0.545,11
2026-05,batter_strikeouts,OVER,"[-500,-300]",HR≥60/EDG≥-5.0/CV≤0.5/μ≥-/TP≥-,33,30,22,8,73.33,-8.49,-28.65,11.67,-2.547,0.5,10
2026-05,batter_strikeouts,OVER,"[-500,-300]",HR≥60/EDG≥-5.0/CV≤0.5/μ≥-/TP≥50,33,30,22,8,73.33,-8.49,-28.65,11.67,-2.547,0.5,10
2026-05,batter_strikeouts,OVER,"[-500,-300]",HR≥60/EDG≥-5.0/CV≤0.5/μ≥-/TP≥55,33,30,22,8,73.33,-8.49,-28.65,11.67,-2.547,0.5,10
2026-05,batter_strikeouts,OVER,"[-500,-300]",HR≥60/EDG≥-5.0/CV≤0.5/μ≥-/TP≥60,33,30,22,8,73.33,-8.49,-28.65,11.67,-2.547,0.5,10
2026-05,batter_strikeouts,OVER,"[-500,-300]",HR≥60/EDG≥-5.0/CV≤0.5/μ≥-/TP≥65,33,30,22,8,73.33,-8.49,-28.65,11.67,-2.547,0.5,10
2026-05,batter_strikeouts,OVER,"[-500,-300]",HR≥60/EDG≥-5.0/CV≤0.5/μ≥0.0/TP≥-,33,30,22,8,73.33,-8.49,-28.65,11.67,-2.547,0.5,10
2026-05,batter_strikeouts,OVER,"[-500,-300]",HR≥60/EDG≥-5.0/CV≤0.5/μ≥0.0/TP≥50,33,30,22,8,73.33,-8.49,-28.65,11.67,-2.547,0.5,10
2026-05,batter_strikeouts,OVER,"[-500,-300]",HR≥60/EDG≥-5.0/CV≤0.5/μ≥0.0/TP≥55,33,30,22,8,73.33,-8.49,-28.65,11.67,-2.547,0.5,10
2026-05,batter_strikeouts,OVER,"[-500,-300]",HR≥60/EDG≥-5.0/CV≤0.5/μ≥0.0/TP≥60,33,30,22,8,73.33,-8.49,-28.65,11.67,-2.547,0.5,10
2026-05,batter_strikeouts,OVER,"[-500,-300]",HR≥60/EDG≥-5.0/CV≤0.5/μ≥0.0/TP≥65,33,30,22,8,73.33,-8.49,-28.65,11.67,-2.547,0.5,10
2026-05,batter_strikeouts,OVER,"[-500,-300]",HR≥60/EDG≥0.0/CV≤-/μ≥-/TP≥-,217,194,153,41,78.87,-0.88,-8.14,6.39,-1.7,0.538,13
2026-05,batter_strikeouts,OVER,"[-500,-300]",HR≥60/EDG≥0.0/CV≤-/μ≥-/TP≥50,217,194,153,41,78.87,-0.88,-8.14,6.39,-1.7,0.538,13
2026-05,batter_strikeouts,OVER,"[-500,-300]",HR≥60/EDG≥0.0/CV≤-/μ≥-/TP≥55,217,194,153,41,78.87,-0.88,-8.14,6.39,-1.7,0.538,13
2026-05,batter_strikeouts,OVER,"[-500,-300]",HR≥60/EDG≥0.0/CV≤-/μ≥-/TP≥60,217,194,153,41,78.87,-0.88,-8.14,6.39,-1.7,0.538,13
2026-05,batter_strikeouts,OVER,"[-500,-300]",HR≥60/EDG≥0.0/CV≤-/μ≥-/TP≥65,217,194,153,41,78.87,-0.88,-8.14,6.39,-1.7,0.538,13
2026-05,batter_strikeouts,OVER,"[-500,-300]",HR≥60/EDG≥0.0/CV≤-/μ≥0.0/TP≥-,217,194,153,41,78.87,-0.88,-8.14,6.39,-1.7,0.538,13
2026-05,batter_strikeouts,OVER,"[-500,-300]",HR≥60/EDG≥0.0/CV≤-/μ≥0.0/TP≥50,217,194,153,41,78.87,-0.88,-8.14,6.39,-1.7,0.538,13
2026-05,batter_strikeouts,OVER,"[-500,-300]",HR≥60/EDG≥0.0/CV≤-/μ≥0.0/TP≥55,217,194,153,41,78.87,-0.88,-8.14,6.39,-1.7,0.538,13
2026-05,batter_strikeouts,OVER,"[-500,-300]",HR≥60/EDG≥0.0/CV≤-/μ≥0.0/TP≥60,217,194,153,41,78.87,-0.88,-8.14,6.39,-1.7,0.538,13
2026-05,batter_strikeouts,OVER,"[-500,-300]",HR≥60/EDG≥0.0/CV≤-/μ≥0.0/TP≥65,217,194,153,41,78.87,-0.88,-8.14,6.39,-1.7,0.538,13
2026-05,batter_strikeouts,OVER,"[-500,-300]",HR≥60/EDG≥0.0/CV≤-/μ≥0.5/TP≥-,213,191,150,41,78.53,-1.35,-8.7,6.01,-2.57,0.462,13
2026-05,batter_strikeouts,OVER,"[-500,-300]",HR≥60/EDG≥0.0/CV≤-/μ≥0.5/TP≥50,213,191,150,41,78.53,-1.35,-8.7,6.01,-2.57,0.462,13
2026-05,batter_strikeouts,OVER,"[-500,-300]",HR≥60/EDG≥0.0/CV≤-/μ≥0.5/TP≥55,213,191,150,41,78.53,-1.35,-8.7,6.01,-2.57,0.462,13
2026-05,batter_strikeouts,OVER,"[-500,-300]",HR≥60/EDG≥0.0/CV≤-/μ≥0.5/TP≥60,213,191,150,41,78.53,-1.35,-8.7,6.01,-2.57,0.462,13
2026-05,batter_strikeouts,OVER,"[-500,-300]",HR≥60/EDG≥0.0/CV≤-/μ≥0.5/TP≥65,213,191,150,41,78.53,-1.35,-8.7,6.01,-2.57,0.462,13
2026-05,batter_strikeouts,OVER,"[-500,-300]",HR≥60/EDG≥0.0/CV≤-/μ≥1.0/TP≥-,159,143,114,29,79.72,-0.02,-8.34,8.3,-0.028,0.462,13
2026-05,batter_strikeouts,OVER,"[-500,-300]",HR≥60/EDG≥0.0/CV≤-/μ≥1.0/TP≥50,159,143,114,29,79.72,-0.02,-8.34,8.3,-0.028,0.462,13
2026-05,batter_strikeouts,OVER,"[-500,-300]",HR≥60/EDG≥0.0/CV≤-/μ≥1.0/TP≥55,159,143,114,29,79.72,-0.02,-8.34,8.3,-0.028,0.462,13
2026-05,batter_strikeouts,OVER,"[-500,-300]",HR≥60/EDG≥0.0/CV≤-/μ≥1.0/TP≥60,159,143,114,29,79.72,-0.02,-8.34,8.3,-0.028,0.462,13
2026-05,batter_strikeouts,OVER,"[-500,-300]",HR≥60/EDG≥0.0/CV≤-/μ≥1.0/TP≥65,159,143,114,29,79.72,-0.02,-8.34,8.3,-0.028,0.462,13
2026-05,batter_strikeouts,OVER,"[-500,-300]",HR≥60/EDG≥0.0/CV≤0.7/μ≥-/TP≥-,93,81,64,17,79.01,-0.58,-11.84,10.69,-0.466,0.417,12
2026-05,batter_strikeouts,OVER,"[-500,-300]",HR≥60/EDG≥0.0/CV≤0.7/μ≥-/TP≥50,93,81,64,17,79.01,-0.58,-11.84,10.69,-0.466,0.417,12
2026-05,batter_strikeouts,OVER,"[-500,-300]",HR≥60/EDG≥0.0/CV≤0.7/μ≥-/TP≥55,93,81,64,17,79.01,-0.58,-11.84,10.69,-0.466,0.417,12
2026-05,batter_strikeouts,OVER,"[-500,-300]",HR≥60/EDG≥0.0/CV≤0.7/μ≥-/TP≥60,93,81,64,17,79.01,-0.58,-11.84,10.69,-0.466,0.417,12
2026-05,batter_strikeouts,OVER,"[-500,-300]",HR≥60/EDG≥0.0/CV≤0.7/μ≥-/TP≥65,93,81,64,17,79.01,-0.58,-11.84,10.69,-0.466,0.417,12
2026-05,batter_strikeouts,OVER,"[-500,-300]",HR≥60/EDG≥0.0/CV≤0.7/μ≥0.0/TP≥-,93,81,64,17,79.01,-0.58,-11.84,10.69,-0.466,0.417,12
2026-05,batter_strikeouts,OVER,"[-500,-300]",HR≥60/EDG≥0.0/CV≤0.7/μ≥0.0/TP≥50,93,81,64,17,79.01,-0.58,-11.84,10.69,-0.466,0.417,12
2026-05,batter_strikeouts,OVER,"[-500,-300]",HR≥60/EDG≥0.0/CV≤0.7/μ≥0.0/TP≥55,93,81,64,17,79.01,-0.58,-11.84,10.69,-0.466,0.417,12
2026-05,batter_strikeouts,OVER,"[-500,-300]",HR≥60/EDG≥0.0/CV≤0.7/μ≥0.0/TP≥60,93,81,64,17,79.01,-0.58,-11.84,10.69,-0.466,0.417,12
2026-05,batter_strikeouts,OVER,"[-500,-300]",HR≥60/EDG≥0.0/CV≤0.7/μ≥0.0/TP≥65,93,81,64,17,79.01,-0.58,-11.84,10.69,-0.466,0.417,12
2026-05,batter_strikeouts,OVER,"[-500,-300]",HR≥60/EDG≥0.0/CV≤0.7/μ≥0.5/TP≥-,90,79,62,17,78.48,-1.31,-12.82,10.19,-1.038,0.417,12
2026-05,batter_strikeouts,OVER,"[-500,-300]",HR≥60/EDG≥0.0/CV≤0.7/μ≥0.5/TP≥50,90,79,62,17,78.48,-1.31,-12.82,10.19,-1.038,0.417,12
2026-05,batter_strikeouts,OVER,"[-500,-300]",HR≥60/EDG≥0.0/CV≤0.7/μ≥0.5/TP≥55,90,79,62,17,78.48,-1.31,-12.82,10.19,-1.038,0.417,12
2026-05,batter_strikeouts,OVER,"[-500,-300]",HR≥60/EDG≥0.0/CV≤0.7/μ≥0.5/TP≥60,90,79,62,17,78.48,-1.31,-12.82,10.19,-1.038,0.417,12
2026-05,batter_strikeouts,OVER,"[-500,-300]",HR≥60/EDG≥0.0/CV≤0.7/μ≥0.5/TP≥65,90,79,62,17,78.48,-1.31,-12.82,10.19,-1.038,0.417,12
2026-05,batter_strikeouts,OVER,"[-500,-300]",HR≥60/EDG≥0.0/CV≤0.7/μ≥1.0/TP≥-,63,55,43,12,78.18,-1.59,-15.5,12.32,-0.875,0.545,11
2026-05,batter_strikeouts,OVER,"[-500,-300]",HR≥60/EDG≥0.0/CV≤0.7/μ≥1.0/TP≥50,63,55,43,12,78.18,-1.59,-15.5,12.32,-0.875,0.545,11
2026-05,batter_strikeouts,OVER,"[-500,-300]",HR≥60/EDG≥0.0/CV≤0.7/μ≥1.0/TP≥55,63,55,43,12,78.18,-1.59,-15.5,12.32,-0.875,0.545,11
2026-05,batter_strikeouts,OVER,"[-500,-300]",HR≥60/EDG≥0.0/CV≤0.7/μ≥1.0/TP≥60,63,55,43,12,78.18,-1.59,-15.5,12.32,-0.875,0.545,11
2026-05,batter_strikeouts,OVER,"[-500,-300]",HR≥60/EDG≥0.0/CV≤0.7/μ≥1.0/TP≥65,63,55,43,12,78.18,-1.59,-15.5,12.32,-0.875,0.545,11
2026-05,batter_strikeouts,OVER,"[-500,-300]",HR≥60/EDG≥0.0/CV≤0.6/μ≥-/TP≥-,40,35,28,7,80.0,0.41,-16.55,17.36,0.142,0.636,11
2026-05,batter_strikeouts,OVER,"[-500,-300]",HR≥60/EDG≥0.0/CV≤0.6/μ≥-/TP≥50,40,35,28,7,80.0,0.41,-16.55,17.36,0.142,0.636,11
2026-05,batter_strikeouts,OVER,"[-500,-300]",HR≥60/EDG≥0.0/CV≤0.6/μ≥-/TP≥55,40,35,28,7,80.0,0.41,-16.55,17.36,0.142,0.636,11
2026-05,batter_strikeouts,OVER,"[-500,-300]",HR≥60/EDG≥0.0/CV≤0.6/μ≥-/TP≥60,40,35,28,7,80.0,0.41,-16.55,17.36,0.142,0.636,11
2026-05,batter_strikeouts,OVER,"[-500,-300]",HR≥60/EDG≥0.0/CV≤0.6/μ≥-/TP≥65,40,35,28,7,80.0,0.41,-16.55,17.36,0.142,0.636,11
2026-05,batter_strikeouts,OVER,"[-500,-300]",HR≥60/EDG≥0.0/CV≤0.6/μ≥0.0/TP≥-,40,35,28,7,80.0,0.41,-16.55,17.36,0.142,0.636,11
2026-05,batter_strikeouts,OVER,"[-500,-300]",HR≥60/EDG≥0.0/CV≤0.6/μ≥0.0/TP≥50,40,35,28,7,80.0,0.41,-16.55,17.36,0.142,0.636,11
2026-05,batter_strikeouts,OVER,"[-500,-300]",HR≥60/EDG≥0.0/CV≤0.6/μ≥0.0/TP≥55,40,35,28,7,80.0,0.41,-16.55,17.36,0.142,0.636,11
2026-05,batter_strikeouts,OVER,"[-500,-300]",HR≥60/EDG≥0.0/CV≤0.6/μ≥0.0/TP≥60,40,35,28,7,80.0,0.41,-16.55,17.36,0.142,0.636,11
2026-05,batter_strikeouts,OVER,"[-500,-300]",HR≥60/EDG≥0.0/CV≤0.6/μ≥0.0/TP≥65,40,35,28,7,80.0,0.41,-16.55,17.36,0.142,0.636,11
2026-05,batter_strikeouts,OVER,"[-500,-300]",HR≥60/EDG≥0.0/CV≤0.6/μ≥0.5/TP≥-,40,35,28,7,80.0,0.41,-16.55,17.36,0.142,0.636,11
2026-05,batter_strikeouts,OVER,"[-500,-300]",HR≥60/EDG≥0.0/CV≤0.6/μ≥0.5/TP≥50,40,35,28,7,80.0,0.41,-16.55,17.36,0.142,0.636,11
2026-05,batter_strikeouts,OVER,"[-500,-300]",HR≥60/EDG≥0.0/CV≤0.6/μ≥0.5/TP≥55,40,35,28,7,80.0,0.41,-16.55,17.36,0.142,0.636,11
2026-05,batter_strikeouts,OVER,"[-500,-300]",HR≥60/EDG≥0.0/CV≤0.6/μ≥0.5/TP≥60,40,35,28,7,80.0,0.41,-16.55,17.36,0.142,0.636,11
2026-05,batter_strikeouts,OVER,"[-500,-300]",HR≥60/EDG≥0.0/CV≤0.6/μ≥0.5/TP≥65,40,35,28,7,80.0,0.41,-16.55,17.36,0.142,0.636,11
2026-05,batter_strikeouts,OVER,"[-500,-300]",HR≥60/EDG≥5.0/CV≤-/μ≥-/TP≥-,169,154,116,38,75.32,-5.01,-13.65,3.63,-7.716,0.308,13
2026-05,batter_strikeouts,OVER,"[-500,-300]",HR≥60/EDG≥5.0/CV≤-/μ≥-/TP≥50,169,154,116,38,75.32,-5.01,-13.65,3.63,-7.716,0.308,13
2026-05,batter_strikeouts,OVER,"[-500,-300]",HR≥60/EDG≥5.0/CV≤-/μ≥-/TP≥55,169,154,116,38,75.32,-5.01,-13.65,3.63,-7.716,0.308,13
2026-05,batter_strikeouts,OVER,"[-500,-300]",HR≥60/EDG≥5.0/CV≤-/μ≥-/TP≥60,169,154,116,38,75.32,-5.01,-13.65,3.63,-7.716,0.308,13
2026-05,batter_strikeouts,OVER,"[-500,-300]",HR≥60/EDG≥5.0/CV≤-/μ≥-/TP≥65,169,154,116,38,75.32,-5.01,-13.65,3.63,-7.716,0.308,13
2026-05,batter_strikeouts,OVER,"[-500,-300]",HR≥60/EDG≥5.0/CV≤-/μ≥0.0/TP≥-,169,154,116,38,75.32,-5.01,-13.65,3.63,-7.716,0.308,13
2026-05,batter_strikeouts,OVER,"[-500,-300]",HR≥60/EDG≥5.0/CV≤-/μ≥0.0/TP≥50,169,154,116,38,75.32,-5.01,-13.65,3.63,-7.716,0.308,13
2026-05,batter_strikeouts,OVER,"[-500,-300]",HR≥60/EDG≥5.0/CV≤-/μ≥0.0/TP≥55,169,154,116,38,75.32,-5.01,-13.65,3.63,-7.716,0.308,13
2026-05,batter_strikeouts,OVER,"[-500,-300]",HR≥60/EDG≥5.0/CV≤-/μ≥0.0/TP≥60,169,154,116,38,75.32,-5.01,-13.65,3.63,-7.716,0.308,13
2026-05,batter_strikeouts,OVER,"[-500,-300]",HR≥60/EDG≥5.0/CV≤-/μ≥0.0/TP≥65,169,154,116,38,75.32,-5.01,-13.65,3.63,-7.716,0.308,13
2026-05,batter_strikeouts,OVER,"[-500,-300]",HR≥60/EDG≥5.0/CV≤-/μ≥0.5/TP≥-,169,154,116,38,75.32,-5.01,-13.65,3.63,-7.716,0.308,13
2026-05,batter_strikeouts,OVER,"[-500,-300]",HR≥60/EDG≥5.0/CV≤-/μ≥0.5/TP≥50,169,154,116,38,75.32,-5.01,-13.65,3.63,-7.716,0.308,13
2026-05,batter_strikeouts,OVER,"[-500,-300]",HR≥60/EDG≥5.0/CV≤-/μ≥0.5/TP≥55,169,154,116,38,75.32,-5.01,-13.65,3.63,-7.716,0.308,13
2026-05,batter_strikeouts,OVER,"[-500,-300]",HR≥60/EDG≥5.0/CV≤-/μ≥0.5/TP≥60,169,154,116,38,75.32,-5.01,-13.65,3.63,-7.716,0.308,13
2026-05,batter_strikeouts,OVER,"[-500,-300]",HR≥60/EDG≥5.0/CV≤-/μ≥0.5/TP≥65,169,154,116,38,75.32,-5.01,-13.65,3.63,-7.716,0.308,13
2026-05,batter_strikeouts,OVER,"[-500,-300]",HR≥60/EDG≥5.0/CV≤-/μ≥1.0/TP≥-,142,128,100,28,78.12,-1.71,-10.79,7.36,-2.191,0.385,13
2026-05,batter_strikeouts,OVER,"[-500,-300]",HR≥60/EDG≥5.0/CV≤-/μ≥1.0/TP≥50,142,128,100,28,78.12,-1.71,-10.79,7.36,-2.191,0.385,13
2026-05,batter_strikeouts,OVER,"[-500,-300]",HR≥60/EDG≥5.0/CV≤-/μ≥1.0/TP≥55,142,128,100,28,78.12,-1.71,-10.79,7.36,-2.191,0.385,13
2026-05,batter_strikeouts,OVER,"[-500,-300]",HR≥60/EDG≥5.0/CV≤-/μ≥1.0/TP≥60,142,128,100,28,78.12,-1.71,-10.79,7.36,-2.191,0.385,13
2026-05,batter_strikeouts,OVER,"[-500,-300]",HR≥60/EDG≥5.0/CV≤-/μ≥1.0/TP≥65,142,128,100,28,78.12,-1.71,-10.79,7.36,-2.191,0.385,13
2026-05,batter_strikeouts,OVER,"[-500,-300]",HR≥60/EDG≥5.0/CV≤0.7/μ≥-/TP≥-,72,64,47,17,73.44,-7.09,-20.92,6.74,-4.538,0.333,12
2026-05,batter_strikeouts,OVER,"[-500,-300]",HR≥60/EDG≥5.0/CV≤0.7/μ≥-/TP≥50,72,64,47,17,73.44,-7.09,-20.92,6.74,-4.538,0.333,12
2026-05,batter_strikeouts,OVER,"[-500,-300]",HR≥60/EDG≥5.0/CV≤0.7/μ≥-/TP≥55,72,64,47,17,73.44,-7.09,-20.92,6.74,-4.538,0.333,12
2026-05,batter_strikeouts,OVER,"[-500,-300]",HR≥60/EDG≥5.0/CV≤0.7/μ≥-/TP≥60,72,64,47,17,73.44,-7.09,-20.92,6.74,-4.538,0.333,12
2026-05,batter_strikeouts,OVER,"[-500,-300]",HR≥60/EDG≥5.0/CV≤0.7/μ≥-/TP≥65,72,64,47,17,73.44,-7.09,-20.92,6.74,-4.538,0.333,12
2026-05,batter_strikeouts,OVER,"[-500,-300]",HR≥60/EDG≥5.0/CV≤0.7/μ≥0.0/TP≥-,72,64,47,17,73.44,-7.09,-20.92,6.74,-4.538,0.333,12
2026-05,batter_strikeouts,OVER,"[-500,-300]",HR≥60/EDG≥5.0/CV≤0.7/μ≥0.0/TP≥50,72,64,47,17,73.44,-7.09,-20.92,6.74,-4.538,0.333,12
2026-05,batter_strikeouts,OVER,"[-500,-300]",HR≥60/EDG≥5.0/CV≤0.7/μ≥0.0/TP≥55,72,64,47,17,73.44,-7.09,-20.92,6.74,-4.538,0.333,12
2026-05,batter_strikeouts,OVER,"[-500,-300]",HR≥60/EDG≥5.0/CV≤0.7/μ≥0.0/TP≥60,72,64,47,17,73.44,-7.09,-20.92,6.74,-4.538,0.333,12
2026-05,batter_strikeouts,OVER,"[-500,-300]",HR≥60/EDG≥5.0/CV≤0.7/μ≥0.0/TP≥65,72,64,47,17,73.44,-7.09,-20.92,6.74,-4.538,0.333,12
2026-05,batter_strikeouts,OVER,"[-500,-300]",HR≥60/EDG≥5.0/CV≤0.7/μ≥0.5/TP≥-,72,64,47,17,73.44,-7.09,-20.92,6.74,-4.538,0.333,12
2026-05,batter_strikeouts,OVER,"[-500,-300]",HR≥60/EDG≥5.0/CV≤0.7/μ≥0.5/TP≥50,72,64,47,17,73.44,-7.09,-20.92,6.74,-4.538,0.333,12
2026-05,batter_strikeouts,OVER,"[-500,-300]",HR≥60/EDG≥5.0/CV≤0.7/μ≥0.5/TP≥55,72,64,47,17,73.44,-7.09,-20.92,6.74,-4.538,0.333,12
2026-05,batter_strikeouts,OVER,"[-500,-300]",HR≥60/EDG≥5.0/CV≤0.7/μ≥0.5/TP≥60,72,64,47,17,73.44,-7.09,-20.92,6.74,-4.538,0.333,12
2026-05,batter_strikeouts,OVER,"[-500,-300]",HR≥60/EDG≥5.0/CV≤0.7/μ≥0.5/TP≥65,72,64,47,17,73.44,-7.09,-20.92,6.74,-4.538,0.333,12
2026-05,batter_strikeouts,OVER,"[-500,-300]",HR≥60/EDG≥5.0/CV≤0.7/μ≥1.0/TP≥-,57,49,37,12,75.51,-4.81,-20.19,10.57,-2.355,0.545,11
2026-05,batter_strikeouts,OVER,"[-500,-300]",HR≥60/EDG≥5.0/CV≤0.7/μ≥1.0/TP≥50,57,49,37,12,75.51,-4.81,-20.19,10.57,-2.355,0.545,11
2026-05,batter_strikeouts,OVER,"[-500,-300]",HR≥60/EDG≥5.0/CV≤0.7/μ≥1.0/TP≥55,57,49,37,12,75.51,-4.81,-20.19,10.57,-2.355,0.545,11
2026-05,batter_strikeouts,OVER,"[-500,-300]",HR≥60/EDG≥5.0/CV≤0.7/μ≥1.0/TP≥60,57,49,37,12,75.51,-4.81,-20.19,10.57,-2.355,0.545,11
2026-05,batter_strikeouts,OVER,"[-500,-300]",HR≥60/EDG≥5.0/CV≤0.7/μ≥1.0/TP≥65,57,49,37,12,75.51,-4.81,-20.19,10.57,-2.355,0.545,11
2026-05,batter_strikeouts,OVER,"[-500,-300]",HR≥60/EDG≥5.0/CV≤0.6/μ≥-/TP≥-,36,32,25,7,78.12,-1.33,-19.76,17.11,-0.424,0.6,10
2026-05,batter_strikeouts,OVER,"[-500,-300]",HR≥60/EDG≥5.0/CV≤0.6/μ≥-/TP≥50,36,32,25,7,78.12,-1.33,-19.76,17.11,-0.424,0.6,10
2026-05,batter_strikeouts,OVER,"[-500,-300]",HR≥60/EDG≥5.0/CV≤0.6/μ≥-/TP≥55,36,32,25,7,78.12,-1.33,-19.76,17.11,-0.424,0.6,10
2026-05,batter_strikeouts,OVER,"[-500,-300]",HR≥60/EDG≥5.0/CV≤0.6/μ≥-/TP≥60,36,32,25,7,78.12,-1.33,-19.76,17.11,-0.424,0.6,10
2026-05,batter_strikeouts,OVER,"[-500,-300]",HR≥60/EDG≥5.0/CV≤0.6/μ≥-/TP≥65,36,32,25,7,78.12,-1.33,-19.76,17.11,-0.424,0.6,10
2026-05,batter_strikeouts,OVER,"[-500,-300]",HR≥60/EDG≥5.0/CV≤0.6/μ≥0.0/TP≥-,36,32,25,7,78.12,-1.33,-19.76,17.11,-0.424,0.6,10
2026-05,batter_strikeouts,OVER,"[-500,-300]",HR≥60/EDG≥5.0/CV≤0.6/μ≥0.0/TP≥50,36,32,25,7,78.12,-1.33,-19.76,17.11,-0.424,0.6,10
2026-05,batter_strikeouts,OVER,"[-500,-300]",HR≥60/EDG≥5.0/CV≤0.6/μ≥0.0/TP≥55,36,32,25,7,78.12,-1.33,-19.76,17.11,-0.424,0.6,10
2026-05,batter_strikeouts,OVER,"[-500,-300]",HR≥60/EDG≥5.0/CV≤0.6/μ≥0.0/TP≥60,36,32,25,7,78.12,-1.33,-19.76,17.11,-0.424,0.6,10
2026-05,batter_strikeouts,OVER,"[-500,-300]",HR≥60/EDG≥5.0/CV≤0.6/μ≥0.0/TP≥65,36,32,25,7,78.12,-1.33,-19.76,17.11,-0.424,0.6,10
2026-05,batter_strikeouts,OVER,"[-500,-300]",HR≥60/EDG≥5.0/CV≤0.6/μ≥0.5/TP≥-,36,32,25,7,78.12,-1.33,-19.76,17.11,-0.424,0.6,10
2026-05,batter_strikeouts,OVER,"[-500,-300]",HR≥60/EDG≥5.0/CV≤0.6/μ≥0.5/TP≥50,36,32,25,7,78.12,-1.33,-19.76,17.11,-0.424,0.6,10
2026-05,batter_strikeouts,OVER,"[-500,-300]",HR≥60/EDG≥5.0/CV≤0.6/μ≥0.5/TP≥55,36,32,25,7,78.12,-1.33,-19.76,17.11,-0.424,0.6,10
2026-05,batter_strikeouts,OVER,"[-500,-300]",HR≥60/EDG≥5.0/CV≤0.6/μ≥0.5/TP≥60,36,32,25,7,78.12,-1.33,-19.76,17.11,-0.424,0.6,10
2026-05,batter_strikeouts,OVER,"[-500,-300]",HR≥60/EDG≥5.0/CV≤0.6/μ≥0.5/TP≥65,36,32,25,7,78.12,-1.33,-19.76,17.11,-0.424,0.6,10
2026-05,batter_strikeouts,OVER,"[-500,-300]",HR≥60/EDG≥10.0/CV≤-/μ≥-/TP≥-,127,115,86,29,74.78,-5.17,-15.3,4.97,-5.94,0.417,12
2026-05,batter_strikeouts,OVER,"[-500,-300]",HR≥60/EDG≥10.0/CV≤-/μ≥-/TP≥50,127,115,86,29,74.78,-5.17,-15.3,4.97,-5.94,0.417,12
2026-05,batter_strikeouts,OVER,"[-500,-300]",HR≥60/EDG≥10.0/CV≤-/μ≥-/TP≥55,127,115,86,29,74.78,-5.17,-15.3,4.97,-5.94,0.417,12
2026-05,batter_strikeouts,OVER,"[-500,-300]",HR≥60/EDG≥10.0/CV≤-/μ≥-/TP≥60,127,115,86,29,74.78,-5.17,-15.3,4.97,-5.94,0.417,12
2026-05,batter_strikeouts,OVER,"[-500,-300]",HR≥60/EDG≥10.0/CV≤-/μ≥-/TP≥65,127,115,86,29,74.78,-5.17,-15.3,4.97,-5.94,0.417,12
2026-05,batter_strikeouts,OVER,"[-500,-300]",HR≥60/EDG≥10.0/CV≤-/μ≥0.0/TP≥-,127,115,86,29,74.78,-5.17,-15.3,4.97,-5.94,0.417,12
2026-05,batter_strikeouts,OVER,"[-500,-300]",HR≥60/EDG≥10.0/CV≤-/μ≥0.0/TP≥50,127,115,86,29,74.78,-5.17,-15.3,4.97,-5.94,0.417,12
2026-05,batter_strikeouts,OVER,"[-500,-300]",HR≥60/EDG≥10.0/CV≤-/μ≥0.0/TP≥55,127,115,86,29,74.78,-5.17,-15.3,4.97,-5.94,0.417,12
2026-05,batter_strikeouts,OVER,"[-500,-300]",HR≥60/EDG≥10.0/CV≤-/μ≥0.0/TP≥60,127,115,86,29,74.78,-5.17,-15.3,4.97,-5.94,0.417,12
2026-05,batter_strikeouts,OVER,"[-500,-300]",HR≥60/EDG≥10.0/CV≤-/μ≥0.0/TP≥65,127,115,86,29,74.78,-5.17,-15.3,4.97,-5.94,0.417,12
2026-05,batter_strikeouts,OVER,"[-500,-300]",HR≥60/EDG≥10.0/CV≤-/μ≥0.5/TP≥-,127,115,86,29,74.78,-5.17,-15.3,4.97,-5.94,0.417,12
2026-05,batter_strikeouts,OVER,"[-500,-300]",HR≥60/EDG≥10.0/CV≤-/μ≥0.5/TP≥50,127,115,86,29,74.78,-5.17,-15.3,4.97,-5.94,0.417,12
2026-05,batter_strikeouts,OVER,"[-500,-300]",HR≥60/EDG≥10.0/CV≤-/μ≥0.5/TP≥55,127,115,86,29,74.78,-5.17,-15.3,4.97,-5.94,0.417,12
2026-05,batter_strikeouts,OVER,"[-500,-300]",HR≥60/EDG≥10.0/CV≤-/μ≥0.5/TP≥60,127,115,86,29,74.78,-5.17,-15.3,4.97,-5.94,0.417,12
2026-05,batter_strikeouts,OVER,"[-500,-300]",HR≥60/EDG≥10.0/CV≤-/μ≥0.5/TP≥65,127,115,86,29,74.78,-5.17,-15.3,4.97,-5.94,0.417,12
2026-05,batter_strikeouts,OVER,"[-500,-300]",HR≥60/EDG≥10.0/CV≤-/μ≥1.0/TP≥-,114,103,78,25,75.73,-4.25,-14.79,6.3,-4.373,0.417,12
2026-05,batter_strikeouts,OVER,"[-500,-300]",HR≥60/EDG≥10.0/CV≤-/μ≥1.0/TP≥50,114,103,78,25,75.73,-4.25,-14.79,6.3,-4.373,0.417,12
2026-05,batter_strikeouts,OVER,"[-500,-300]",HR≥60/EDG≥10.0/CV≤-/μ≥1.0/TP≥55,114,103,78,25,75.73,-4.25,-14.79,6.3,-4.373,0.417,12
2026-05,batter_strikeouts,OVER,"[-500,-300]",HR≥60/EDG≥10.0/CV≤-/μ≥1.0/TP≥60,114,103,78,25,75.73,-4.25,-14.79,6.3,-4.373,0.417,12
2026-05,batter_strikeouts,OVER,"[-500,-300]",HR≥60/EDG≥10.0/CV≤-/μ≥1.0/TP≥65,114,103,78,25,75.73,-4.25,-14.79,6.3,-4.373,0.417,12
2026-05,batter_strikeouts,OVER,"[-500,-300]",HR≥60/EDG≥10.0/CV≤0.7/μ≥-/TP≥-,55,47,35,12,74.47,-5.23,-21.3,10.84,-2.458,0.455,11
2026-05,batter_strikeouts,OVER,"[-500,-300]",HR≥60/EDG≥10.0/CV≤0.7/μ≥-/TP≥50,55,47,35,12,74.47,-5.23,-21.3,10.84,-2.458,0.455,11
2026-05,batter_strikeouts,OVER,"[-500,-300]",HR≥60/EDG≥10.0/CV≤0.7/μ≥-/TP≥55,55,47,35,12,74.47,-5.23,-21.3,10.84,-2.458,0.455,11
2026-05,batter_strikeouts,OVER,"[-500,-300]",HR≥60/EDG≥10.0/CV≤0.7/μ≥-/TP≥60,55,47,35,12,74.47,-5.23,-21.3,10.84,-2.458,0.455,11
2026-05,batter_strikeouts,OVER,"[-500,-300]",HR≥60/EDG≥10.0/CV≤0.7/μ≥-/TP≥65,55,47,35,12,74.47,-5.23,-21.3,10.84,-2.458,0.455,11
2026-05,batter_strikeouts,OVER,"[-500,-300]",HR≥60/EDG≥10.0/CV≤0.7/μ≥0.0/TP≥-,55,47,35,12,74.47,-5.23,-21.3,10.84,-2.458,0.455,11
2026-05,batter_strikeouts,OVER,"[-500,-300]",HR≥60/EDG≥10.0/CV≤0.7/μ≥0.0/TP≥50,55,47,35,12,74.47,-5.23,-21.3,10.84,-2.458,0.455,11
2026-05,batter_strikeouts,OVER,"[-500,-300]",HR≥60/EDG≥10.0/CV≤0.7/μ≥0.0/TP≥55,55,47,35,12,74.47,-5.23,-21.3,10.84,-2.458,0.455,11
2026-05,batter_strikeouts,OVER,"[-500,-300]",HR≥60/EDG≥10.0/CV≤0.7/μ≥0.0/TP≥60,55,47,35,12,74.47,-5.23,-21.3,10.84,-2.458,0.455,11
2026-05,batter_strikeouts,OVER,"[-500,-300]",HR≥60/EDG≥10.0/CV≤0.7/μ≥0.0/TP≥65,55,47,35,12,74.47,-5.23,-21.3,10.84,-2.458,0.455,11
2026-05,batter_strikeouts,OVER,"[-500,-300]",HR≥60/EDG≥10.0/CV≤0.7/μ≥0.5/TP≥-,55,47,35,12,74.47,-5.23,-21.3,10.84,-2.458,0.455,11
2026-05,batter_strikeouts,OVER,"[-500,-300]",HR≥60/EDG≥10.0/CV≤0.7/μ≥0.5/TP≥50,55,47,35,12,74.47,-5.23,-21.3,10.84,-2.458,0.455,11
2026-05,batter_strikeouts,OVER,"[-500,-300]",HR≥60/EDG≥10.0/CV≤0.7/μ≥0.5/TP≥55,55,47,35,12,74.47,-5.23,-21.3,10.84,-2.458,0.455,11
2026-05,batter_strikeouts,OVER,"[-500,-300]",HR≥60/EDG≥10.0/CV≤0.7/μ≥0.5/TP≥60,55,47,35,12,74.47,-5.23,-21.3,10.84,-2.458,0.455,11
2026-05,batter_strikeouts,OVER,"[-500,-300]",HR≥60/EDG≥10.0/CV≤0.7/μ≥0.5/TP≥65,55,47,35,12,74.47,-5.23,-21.3,10.84,-2.458,0.455,11
2026-05,batter_strikeouts,OVER,"[-500,-300]",HR≥60/EDG≥10.0/CV≤0.7/μ≥1.0/TP≥-,49,41,30,11,73.17,-7.16,-24.62,10.3,-2.936,0.545,11
2026-05,batter_strikeouts,OVER,"[-500,-300]",HR≥60/EDG≥10.0/CV≤0.7/μ≥1.0/TP≥50,49,41,30,11,73.17,-7.16,-24.62,10.3,-2.936,0.545,11
2026-05,batter_strikeouts,OVER,"[-500,-300]",HR≥60/EDG≥10.0/CV≤0.7/μ≥1.0/TP≥55,49,41,30,11,73.17,-7.16,-24.62,10.3,-2.936,0.545,11
2026-05,batter_strikeouts,OVER,"[-500,-300]",HR≥60/EDG≥10.0/CV≤0.7/μ≥1.0/TP≥60,49,41,30,11,73.17,-7.16,-24.62,10.3,-2.936,0.545,11
2026-05,batter_strikeouts,OVER,"[-500,-300]",HR≥60/EDG≥10.0/CV≤0.7/μ≥1.0/TP≥65,49,41,30,11,73.17,-7.16,-24.62,10.3,-2.936,0.545,11
2026-05,batter_strikeouts,OVER,"[-500,-300]",HR≥65/EDG≥-/CV≤-/μ≥-/TP≥-,324,293,219,74,74.74,-6.29,-12.56,-0.03,-18.44,0.538,13
2026-05,batter_strikeouts,OVER,"[-500,-300]",HR≥65/EDG≥-/CV≤-/μ≥-/TP≥50,322,291,218,73,74.91,-6.09,-12.37,0.18,-17.728,0.538,13
2026-05,batter_strikeouts,OVER,"[-500,-300]",HR≥65/EDG≥-/CV≤-/μ≥-/TP≥55,321,290,218,72,75.17,-5.77,-12.03,0.5,-16.728,0.538,13
2026-05,batter_strikeouts,OVER,"[-500,-300]",HR≥65/EDG≥-/CV≤-/μ≥-/TP≥60,319,288,216,72,75.0,-5.96,-12.26,0.35,-17.152,0.538,13
2026-05,batter_strikeouts,OVER,"[-500,-300]",HR≥65/EDG≥-/CV≤-/μ≥-/TP≥65,305,276,206,70,74.64,-6.41,-12.88,0.06,-17.694,0.462,13
2026-05,batter_strikeouts,OVER,"[-500,-300]",HR≥65/EDG≥-/CV≤-/μ≥0.0/TP≥-,322,291,218,73,74.91,-6.09,-12.37,0.18,-17.728,0.538,13
2026-05,batter_strikeouts,OVER,"[-500,-300]",HR≥65/EDG≥-/CV≤-/μ≥0.0/TP≥50,322,291,218,73,74.91,-6.09,-12.37,0.18,-17.728,0.538,13
2026-05,batter_strikeouts,OVER,"[-500,-300]",HR≥65/EDG≥-/CV≤-/μ≥0.0/TP≥55,321,290,218,72,75.17,-5.77,-12.03,0.5,-16.728,0.538,13
2026-05,batter_strikeouts,OVER,"[-500,-300]",HR≥65/EDG≥-/CV≤-/μ≥0.0/TP≥60,319,288,216,72,75.0,-5.96,-12.26,0.35,-17.152,0.538,13
2026-05,batter_strikeouts,OVER,"[-500,-300]",HR≥65/EDG≥-/CV≤-/μ≥0.0/TP≥65,305,276,206,70,74.64,-6.41,-12.88,0.06,-17.694,0.462,13
2026-05,batter_strikeouts,OVER,"[-500,-300]",HR≥65/EDG≥-/CV≤-/μ≥0.5/TP≥-,261,234,178,56,76.07,-4.79,-11.67,2.09,-11.218,0.385,13
2026-05,batter_strikeouts,OVER,"[-500,-300]",HR≥65/EDG≥-/CV≤-/μ≥0.5/TP≥50,261,234,178,56,76.07,-4.79,-11.67,2.09,-11.218,0.385,13
2026-05,batter_strikeouts,OVER,"[-500,-300]",HR≥65/EDG≥-/CV≤-/μ≥0.5/TP≥55,261,234,178,56,76.07,-4.79,-11.67,2.09,-11.218,0.385,13
2026-05,batter_strikeouts,OVER,"[-500,-300]",HR≥65/EDG≥-/CV≤-/μ≥0.5/TP≥60,261,234,178,56,76.07,-4.79,-11.67,2.09,-11.218,0.385,13
2026-05,batter_strikeouts,OVER,"[-500,-300]",HR≥65/EDG≥-/CV≤-/μ≥0.5/TP≥65,261,234,178,56,76.07,-4.79,-11.67,2.09,-11.218,0.385,13
2026-05,batter_strikeouts,OVER,"[-500,-300]",HR≥65/EDG≥-/CV≤-/μ≥1.0/TP≥-,150,135,109,26,80.74,1.34,-7.07,9.75,1.805,0.5,12
2026-05,batter_strikeouts,OVER,"[-500,-300]",HR≥65/EDG≥-/CV≤-/μ≥1.0/TP≥50,150,135,109,26,80.74,1.34,-7.07,9.75,1.805,0.5,12
2026-05,batter_strikeouts,OVER,"[-500,-300]",HR≥65/EDG≥-/CV≤-/μ≥1.0/TP≥55,150,135,109,26,80.74,1.34,-7.07,9.75,1.805,0.5,12
2026-05,batter_strikeouts,OVER,"[-500,-300]",HR≥65/EDG≥-/CV≤-/μ≥1.0/TP≥60,150,135,109,26,80.74,1.34,-7.07,9.75,1.805,0.5,12
2026-05,batter_strikeouts,OVER,"[-500,-300]",HR≥65/EDG≥-/CV≤-/μ≥1.0/TP≥65,150,135,109,26,80.74,1.34,-7.07,9.75,1.805,0.5,12
2026-05,batter_strikeouts,OVER,"[-500,-300]",HR≥65/EDG≥-/CV≤0.7/μ≥-/TP≥-,136,123,86,37,69.92,-12.56,-22.77,-2.35,-15.45,0.231,13
2026-05,batter_strikeouts,OVER,"[-500,-300]",HR≥65/EDG≥-/CV≤0.7/μ≥-/TP≥50,136,123,86,37,69.92,-12.56,-22.77,-2.35,-15.45,0.231,13
2026-05,batter_strikeouts,OVER,"[-500,-300]",HR≥65/EDG≥-/CV≤0.7/μ≥-/TP≥55,136,123,86,37,69.92,-12.56,-22.77,-2.35,-15.45,0.231,13
2026-05,batter_strikeouts,OVER,"[-500,-300]",HR≥65/EDG≥-/CV≤0.7/μ≥-/TP≥60,136,123,86,37,69.92,-12.56,-22.77,-2.35,-15.45,0.231,13
2026-05,batter_strikeouts,OVER,"[-500,-300]",HR≥65/EDG≥-/CV≤0.7/μ≥-/TP≥65,133,120,84,36,70.0,-12.58,-22.89,-2.26,-15.091,0.167,12
2026-05,batter_strikeouts,OVER,"[-500,-300]",HR≥65/EDG≥-/CV≤0.7/μ≥0.0/TP≥-,136,123,86,37,69.92,-12.56,-22.77,-2.35,-15.45,0.231,13
2026-05,batter_strikeouts,OVER,"[-500,-300]",HR≥65/EDG≥-/CV≤0.7/μ≥0.0/TP≥50,136,123,86,37,69.92,-12.56,-22.77,-2.35,-15.45,0.231,13
2026-05,batter_strikeouts,OVER,"[-500,-300]",HR≥65/EDG≥-/CV≤0.7/μ≥0.0/TP≥55,136,123,86,37,69.92,-12.56,-22.77,-2.35,-15.45,0.231,13
2026-05,batter_strikeouts,OVER,"[-500,-300]",HR≥65/EDG≥-/CV≤0.7/μ≥0.0/TP≥60,136,123,86,37,69.92,-12.56,-22.77,-2.35,-15.45,0.231,13
2026-05,batter_strikeouts,OVER,"[-500,-300]",HR≥65/EDG≥-/CV≤0.7/μ≥0.0/TP≥65,133,120,84,36,70.0,-12.58,-22.89,-2.26,-15.091,0.167,12
2026-05,batter_strikeouts,OVER,"[-500,-300]",HR≥65/EDG≥-/CV≤0.7/μ≥0.5/TP≥-,111,100,73,27,73.0,-8.79,-19.76,2.17,-8.794,0.25,12
2026-05,batter_strikeouts,OVER,"[-500,-300]",HR≥65/EDG≥-/CV≤0.7/μ≥0.5/TP≥50,111,100,73,27,73.0,-8.79,-19.76,2.17,-8.794,0.25,12
2026-05,batter_strikeouts,OVER,"[-500,-300]",HR≥65/EDG≥-/CV≤0.7/μ≥0.5/TP≥55,111,100,73,27,73.0,-8.79,-19.76,2.17,-8.794,0.25,12
2026-05,batter_strikeouts,OVER,"[-500,-300]",HR≥65/EDG≥-/CV≤0.7/μ≥0.5/TP≥60,111,100,73,27,73.0,-8.79,-19.76,2.17,-8.794,0.25,12
2026-05,batter_strikeouts,OVER,"[-500,-300]",HR≥65/EDG≥-/CV≤0.7/μ≥0.5/TP≥65,111,100,73,27,73.0,-8.79,-19.76,2.17,-8.794,0.25,12
2026-05,batter_strikeouts,OVER,"[-500,-300]",HR≥65/EDG≥-/CV≤0.7/μ≥1.0/TP≥-,63,55,43,12,78.18,-1.59,-15.5,12.32,-0.875,0.545,11
2026-05,batter_strikeouts,OVER,"[-500,-300]",HR≥65/EDG≥-/CV≤0.7/μ≥1.0/TP≥50,63,55,43,12,78.18,-1.59,-15.5,12.32,-0.875,0.545,11
2026-05,batter_strikeouts,OVER,"[-500,-300]",HR≥65/EDG≥-/CV≤0.7/μ≥1.0/TP≥55,63,55,43,12,78.18,-1.59,-15.5,12.32,-0.875,0.545,11
2026-05,batter_strikeouts,OVER,"[-500,-300]",HR≥65/EDG≥-/CV≤0.7/μ≥1.0/TP≥60,63,55,43,12,78.18,-1.59,-15.5,12.32,-0.875,0.545,11
2026-05,batter_strikeouts,OVER,"[-500,-300]",HR≥65/EDG≥-/CV≤0.7/μ≥1.0/TP≥65,63,55,43,12,78.18,-1.59,-15.5,12.32,-0.875,0.545,11
2026-05,batter_strikeouts,OVER,"[-500,-300]",HR≥65/EDG≥-/CV≤0.6/μ≥-/TP≥-,63,58,38,20,65.52,-18.84,-34.18,-3.5,-10.928,0.333,12
2026-05,batter_strikeouts,OVER,"[-500,-300]",HR≥65/EDG≥-/CV≤0.6/μ≥-/TP≥50,63,58,38,20,65.52,-18.84,-34.18,-3.5,-10.928,0.333,12
2026-05,batter_strikeouts,OVER,"[-500,-300]",HR≥65/EDG≥-/CV≤0.6/μ≥-/TP≥55,63,58,38,20,65.52,-18.84,-34.18,-3.5,-10.928,0.333,12
2026-05,batter_strikeouts,OVER,"[-500,-300]",HR≥65/EDG≥-/CV≤0.6/μ≥-/TP≥60,63,58,38,20,65.52,-18.84,-34.18,-3.5,-10.928,0.333,12
2026-05,batter_strikeouts,OVER,"[-500,-300]",HR≥65/EDG≥-/CV≤0.6/μ≥-/TP≥65,62,57,38,19,66.67,-17.42,-32.77,-2.07,-9.928,0.333,12
2026-05,batter_strikeouts,OVER,"[-500,-300]",HR≥65/EDG≥-/CV≤0.6/μ≥0.0/TP≥-,63,58,38,20,65.52,-18.84,-34.18,-3.5,-10.928,0.333,12
2026-05,batter_strikeouts,OVER,"[-500,-300]",HR≥65/EDG≥-/CV≤0.6/μ≥0.0/TP≥50,63,58,38,20,65.52,-18.84,-34.18,-3.5,-10.928,0.333,12
2026-05,batter_strikeouts,OVER,"[-500,-300]",HR≥65/EDG≥-/CV≤0.6/μ≥0.0/TP≥55,63,58,38,20,65.52,-18.84,-34.18,-3.5,-10.928,0.333,12
2026-05,batter_strikeouts,OVER,"[-500,-300]",HR≥65/EDG≥-/CV≤0.6/μ≥0.0/TP≥60,63,58,38,20,65.52,-18.84,-34.18,-3.5,-10.928,0.333,12
2026-05,batter_strikeouts,OVER,"[-500,-300]",HR≥65/EDG≥-/CV≤0.6/μ≥0.0/TP≥65,62,57,38,19,66.67,-17.42,-32.77,-2.07,-9.928,0.333,12
2026-05,batter_strikeouts,OVER,"[-500,-300]",HR≥65/EDG≥-/CV≤0.6/μ≥0.5/TP≥-,50,45,32,13,71.11,-11.56,-28.28,5.16,-5.201,0.455,11
2026-05,batter_strikeouts,OVER,"[-500,-300]",HR≥65/EDG≥-/CV≤0.6/μ≥0.5/TP≥50,50,45,32,13,71.11,-11.56,-28.28,5.16,-5.201,0.455,11
2026-05,batter_strikeouts,OVER,"[-500,-300]",HR≥65/EDG≥-/CV≤0.6/μ≥0.5/TP≥55,50,45,32,13,71.11,-11.56,-28.28,5.16,-5.201,0.455,11
2026-05,batter_strikeouts,OVER,"[-500,-300]",HR≥65/EDG≥-/CV≤0.6/μ≥0.5/TP≥60,50,45,32,13,71.11,-11.56,-28.28,5.16,-5.201,0.455,11
2026-05,batter_strikeouts,OVER,"[-500,-300]",HR≥65/EDG≥-/CV≤0.6/μ≥0.5/TP≥65,50,45,32,13,71.11,-11.56,-28.28,5.16,-5.201,0.455,11
2026-05,batter_strikeouts,OVER,"[-500,-300]",HR≥65/EDG≥-/CV≤0.5/μ≥-/TP≥-,42,39,26,13,66.67,-17.19,-35.87,1.5,-6.702,0.2,10
2026-05,batter_strikeouts,OVER,"[-500,-300]",HR≥65/EDG≥-/CV≤0.5/μ≥-/TP≥50,42,39,26,13,66.67,-17.19,-35.87,1.5,-6.702,0.2,10
2026-05,batter_strikeouts,OVER,"[-500,-300]",HR≥65/EDG≥-/CV≤0.5/μ≥-/TP≥55,42,39,26,13,66.67,-17.19,-35.87,1.5,-6.702,0.2,10
2026-05,batter_strikeouts,OVER,"[-500,-300]",HR≥65/EDG≥-/CV≤0.5/μ≥-/TP≥60,42,39,26,13,66.67,-17.19,-35.87,1.5,-6.702,0.2,10
2026-05,batter_strikeouts,OVER,"[-500,-300]",HR≥65/EDG≥-/CV≤0.5/μ≥-/TP≥65,41,38,26,12,68.42,-15.01,-33.68,3.67,-5.702,0.2,10
2026-05,batter_strikeouts,OVER,"[-500,-300]",HR≥65/EDG≥-/CV≤0.5/μ≥0.0/TP≥-,42,39,26,13,66.67,-17.19,-35.87,1.5,-6.702,0.2,10
2026-05,batter_strikeouts,OVER,"[-500,-300]",HR≥65/EDG≥-/CV≤0.5/μ≥0.0/TP≥50,42,39,26,13,66.67,-17.19,-35.87,1.5,-6.702,0.2,10
2026-05,batter_strikeouts,OVER,"[-500,-300]",HR≥65/EDG≥-/CV≤0.5/μ≥0.0/TP≥55,42,39,26,13,66.67,-17.19,-35.87,1.5,-6.702,0.2,10
2026-05,batter_strikeouts,OVER,"[-500,-300]",HR≥65/EDG≥-/CV≤0.5/μ≥0.0/TP≥60,42,39,26,13,66.67,-17.19,-35.87,1.5,-6.702,0.2,10
2026-05,batter_strikeouts,OVER,"[-500,-300]",HR≥65/EDG≥-/CV≤0.5/μ≥0.0/TP≥65,41,38,26,12,68.42,-15.01,-33.68,3.67,-5.702,0.2,10
2026-05,batter_strikeouts,OVER,"[-500,-300]",HR≥65/EDG≥-5.0/CV≤-/μ≥-/TP≥-,242,217,170,47,78.34,-1.68,-8.6,5.23,-3.655,0.462,13
2026-05,batter_strikeouts,OVER,"[-500,-300]",HR≥65/EDG≥-5.0/CV≤-/μ≥-/TP≥50,242,217,170,47,78.34,-1.68,-8.6,5.23,-3.655,0.462,13
2026-05,batter_strikeouts,OVER,"[-500,-300]",HR≥65/EDG≥-5.0/CV≤-/μ≥-/TP≥55,242,217,170,47,78.34,-1.68,-8.6,5.23,-3.655,0.462,13
2026-05,batter_strikeouts,OVER,"[-500,-300]",HR≥65/EDG≥-5.0/CV≤-/μ≥-/TP≥60,242,217,170,47,78.34,-1.68,-8.6,5.23,-3.655,0.462,13
2026-05,batter_strikeouts,OVER,"[-500,-300]",HR≥65/EDG≥-5.0/CV≤-/μ≥-/TP≥65,242,217,170,47,78.34,-1.68,-8.6,5.23,-3.655,0.462,13
2026-05,batter_strikeouts,OVER,"[-500,-300]",HR≥65/EDG≥-5.0/CV≤-/μ≥0.0/TP≥-,242,217,170,47,78.34,-1.68,-8.6,5.23,-3.655,0.462,13
2026-05,batter_strikeouts,OVER,"[-500,-300]",HR≥65/EDG≥-5.0/CV≤-/μ≥0.0/TP≥50,242,217,170,47,78.34,-1.68,-8.6,5.23,-3.655,0.462,13
2026-05,batter_strikeouts,OVER,"[-500,-300]",HR≥65/EDG≥-5.0/CV≤-/μ≥0.0/TP≥55,242,217,170,47,78.34,-1.68,-8.6,5.23,-3.655,0.462,13
2026-05,batter_strikeouts,OVER,"[-500,-300]",HR≥65/EDG≥-5.0/CV≤-/μ≥0.0/TP≥60,242,217,170,47,78.34,-1.68,-8.6,5.23,-3.655,0.462,13
2026-05,batter_strikeouts,OVER,"[-500,-300]",HR≥65/EDG≥-5.0/CV≤-/μ≥0.0/TP≥65,242,217,170,47,78.34,-1.68,-8.6,5.23,-3.655,0.462,13
2026-05,batter_strikeouts,OVER,"[-500,-300]",HR≥65/EDG≥-5.0/CV≤-/μ≥0.5/TP≥-,231,207,162,45,78.26,-1.85,-8.94,5.24,-3.835,0.538,13
2026-05,batter_strikeouts,OVER,"[-500,-300]",HR≥65/EDG≥-5.0/CV≤-/μ≥0.5/TP≥50,231,207,162,45,78.26,-1.85,-8.94,5.24,-3.835,0.538,13
2026-05,batter_strikeouts,OVER,"[-500,-300]",HR≥65/EDG≥-5.0/CV≤-/μ≥0.5/TP≥55,231,207,162,45,78.26,-1.85,-8.94,5.24,-3.835,0.538,13
2026-05,batter_strikeouts,OVER,"[-500,-300]",HR≥65/EDG≥-5.0/CV≤-/μ≥0.5/TP≥60,231,207,162,45,78.26,-1.85,-8.94,5.24,-3.835,0.538,13
2026-05,batter_strikeouts,OVER,"[-500,-300]",HR≥65/EDG≥-5.0/CV≤-/μ≥0.5/TP≥65,231,207,162,45,78.26,-1.85,-8.94,5.24,-3.835,0.538,13
2026-05,batter_strikeouts,OVER,"[-500,-300]",HR≥65/EDG≥-5.0/CV≤-/μ≥1.0/TP≥-,150,135,109,26,80.74,1.34,-7.07,9.75,1.805,0.5,12
2026-05,batter_strikeouts,OVER,"[-500,-300]",HR≥65/EDG≥-5.0/CV≤-/μ≥1.0/TP≥50,150,135,109,26,80.74,1.34,-7.07,9.75,1.805,0.5,12
2026-05,batter_strikeouts,OVER,"[-500,-300]",HR≥65/EDG≥-5.0/CV≤-/μ≥1.0/TP≥55,150,135,109,26,80.74,1.34,-7.07,9.75,1.805,0.5,12
2026-05,batter_strikeouts,OVER,"[-500,-300]",HR≥65/EDG≥-5.0/CV≤-/μ≥1.0/TP≥60,150,135,109,26,80.74,1.34,-7.07,9.75,1.805,0.5,12
2026-05,batter_strikeouts,OVER,"[-500,-300]",HR≥65/EDG≥-5.0/CV≤-/μ≥1.0/TP≥65,150,135,109,26,80.74,1.34,-7.07,9.75,1.805,0.5,12
2026-05,batter_strikeouts,OVER,"[-500,-300]",HR≥65/EDG≥-5.0/CV≤0.7/μ≥-/TP≥-,113,101,76,25,75.25,-5.89,-16.5,4.72,-5.949,0.333,12
2026-05,batter_strikeouts,OVER,"[-500,-300]",HR≥65/EDG≥-5.0/CV≤0.7/μ≥-/TP≥50,113,101,76,25,75.25,-5.89,-16.5,4.72,-5.949,0.333,12
2026-05,batter_strikeouts,OVER,"[-500,-300]",HR≥65/EDG≥-5.0/CV≤0.7/μ≥-/TP≥55,113,101,76,25,75.25,-5.89,-16.5,4.72,-5.949,0.333,12
2026-05,batter_strikeouts,OVER,"[-500,-300]",HR≥65/EDG≥-5.0/CV≤0.7/μ≥-/TP≥60,113,101,76,25,75.25,-5.89,-16.5,4.72,-5.949,0.333,12
2026-05,batter_strikeouts,OVER,"[-500,-300]",HR≥65/EDG≥-5.0/CV≤0.7/μ≥-/TP≥65,113,101,76,25,75.25,-5.89,-16.5,4.72,-5.949,0.333,12
2026-05,batter_strikeouts,OVER,"[-500,-300]",HR≥65/EDG≥-5.0/CV≤0.7/μ≥0.0/TP≥-,113,101,76,25,75.25,-5.89,-16.5,4.72,-5.949,0.333,12
2026-05,batter_strikeouts,OVER,"[-500,-300]",HR≥65/EDG≥-5.0/CV≤0.7/μ≥0.0/TP≥50,113,101,76,25,75.25,-5.89,-16.5,4.72,-5.949,0.333,12
2026-05,batter_strikeouts,OVER,"[-500,-300]",HR≥65/EDG≥-5.0/CV≤0.7/μ≥0.0/TP≥55,113,101,76,25,75.25,-5.89,-16.5,4.72,-5.949,0.333,12
2026-05,batter_strikeouts,OVER,"[-500,-300]",HR≥65/EDG≥-5.0/CV≤0.7/μ≥0.0/TP≥60,113,101,76,25,75.25,-5.89,-16.5,4.72,-5.949,0.333,12
2026-05,batter_strikeouts,OVER,"[-500,-300]",HR≥65/EDG≥-5.0/CV≤0.7/μ≥0.0/TP≥65,113,101,76,25,75.25,-5.89,-16.5,4.72,-5.949,0.333,12
2026-05,batter_strikeouts,OVER,"[-500,-300]",HR≥65/EDG≥-5.0/CV≤0.7/μ≥0.5/TP≥-,105,94,71,23,75.53,-5.58,-16.54,5.39,-5.241,0.333,12
2026-05,batter_strikeouts,OVER,"[-500,-300]",HR≥65/EDG≥-5.0/CV≤0.7/μ≥0.5/TP≥50,105,94,71,23,75.53,-5.58,-16.54,5.39,-5.241,0.333,12
2026-05,batter_strikeouts,OVER,"[-500,-300]",HR≥65/EDG≥-5.0/CV≤0.7/μ≥0.5/TP≥55,105,94,71,23,75.53,-5.58,-16.54,5.39,-5.241,0.333,12
2026-05,batter_strikeouts,OVER,"[-500,-300]",HR≥65/EDG≥-5.0/CV≤0.7/μ≥0.5/TP≥60,105,94,71,23,75.53,-5.58,-16.54,5.39,-5.241,0.333,12
2026-05,batter_strikeouts,OVER,"[-500,-300]",HR≥65/EDG≥-5.0/CV≤0.7/μ≥0.5/TP≥65,105,94,71,23,75.53,-5.58,-16.54,5.39,-5.241,0.333,12
2026-05,batter_strikeouts,OVER,"[-500,-300]",HR≥65/EDG≥-5.0/CV≤0.7/μ≥1.0/TP≥-,63,55,43,12,78.18,-1.59,-15.5,12.32,-0.875,0.545,11
2026-05,batter_strikeouts,OVER,"[-500,-300]",HR≥65/EDG≥-5.0/CV≤0.7/μ≥1.0/TP≥50,63,55,43,12,78.18,-1.59,-15.5,12.32,-0.875,0.545,11
2026-05,batter_strikeouts,OVER,"[-500,-300]",HR≥65/EDG≥-5.0/CV≤0.7/μ≥1.0/TP≥55,63,55,43,12,78.18,-1.59,-15.5,12.32,-0.875,0.545,11
2026-05,batter_strikeouts,OVER,"[-500,-300]",HR≥65/EDG≥-5.0/CV≤0.7/μ≥1.0/TP≥60,63,55,43,12,78.18,-1.59,-15.5,12.32,-0.875,0.545,11
2026-05,batter_strikeouts,OVER,"[-500,-300]",HR≥65/EDG≥-5.0/CV≤0.7/μ≥1.0/TP≥65,63,55,43,12,78.18,-1.59,-15.5,12.32,-0.875,0.545,11
2026-05,batter_strikeouts,OVER,"[-500,-300]",HR≥65/EDG≥-5.0/CV≤0.6/μ≥-/TP≥-,50,45,34,11,75.56,-6.16,-22.0,9.68,-2.772,0.5,12
2026-05,batter_strikeouts,OVER,"[-500,-300]",HR≥65/EDG≥-5.0/CV≤0.6/μ≥-/TP≥50,50,45,34,11,75.56,-6.16,-22.0,9.68,-2.772,0.5,12
2026-05,batter_strikeouts,OVER,"[-500,-300]",HR≥65/EDG≥-5.0/CV≤0.6/μ≥-/TP≥55,50,45,34,11,75.56,-6.16,-22.0,9.68,-2.772,0.5,12
2026-05,batter_strikeouts,OVER,"[-500,-300]",HR≥65/EDG≥-5.0/CV≤0.6/μ≥-/TP≥60,50,45,34,11,75.56,-6.16,-22.0,9.68,-2.772,0.5,12
2026-05,batter_strikeouts,OVER,"[-500,-300]",HR≥65/EDG≥-5.0/CV≤0.6/μ≥-/TP≥65,50,45,34,11,75.56,-6.16,-22.0,9.68,-2.772,0.5,12
2026-05,batter_strikeouts,OVER,"[-500,-300]",HR≥65/EDG≥-5.0/CV≤0.6/μ≥0.0/TP≥-,50,45,34,11,75.56,-6.16,-22.0,9.68,-2.772,0.5,12
2026-05,batter_strikeouts,OVER,"[-500,-300]",HR≥65/EDG≥-5.0/CV≤0.6/μ≥0.0/TP≥50,50,45,34,11,75.56,-6.16,-22.0,9.68,-2.772,0.5,12
2026-05,batter_strikeouts,OVER,"[-500,-300]",HR≥65/EDG≥-5.0/CV≤0.6/μ≥0.0/TP≥55,50,45,34,11,75.56,-6.16,-22.0,9.68,-2.772,0.5,12
2026-05,batter_strikeouts,OVER,"[-500,-300]",HR≥65/EDG≥-5.0/CV≤0.6/μ≥0.0/TP≥60,50,45,34,11,75.56,-6.16,-22.0,9.68,-2.772,0.5,12
2026-05,batter_strikeouts,OVER,"[-500,-300]",HR≥65/EDG≥-5.0/CV≤0.6/μ≥0.0/TP≥65,50,45,34,11,75.56,-6.16,-22.0,9.68,-2.772,0.5,12
2026-05,batter_strikeouts,OVER,"[-500,-300]",HR≥65/EDG≥-5.0/CV≤0.6/μ≥0.5/TP≥-,46,41,32,9,78.05,-2.93,-18.96,13.11,-1.201,0.545,11
2026-05,batter_strikeouts,OVER,"[-500,-300]",HR≥65/EDG≥-5.0/CV≤0.6/μ≥0.5/TP≥50,46,41,32,9,78.05,-2.93,-18.96,13.11,-1.201,0.545,11
2026-05,batter_strikeouts,OVER,"[-500,-300]",HR≥65/EDG≥-5.0/CV≤0.6/μ≥0.5/TP≥55,46,41,32,9,78.05,-2.93,-18.96,13.11,-1.201,0.545,11
2026-05,batter_strikeouts,OVER,"[-500,-300]",HR≥65/EDG≥-5.0/CV≤0.6/μ≥0.5/TP≥60,46,41,32,9,78.05,-2.93,-18.96,13.11,-1.201,0.545,11
2026-05,batter_strikeouts,OVER,"[-500,-300]",HR≥65/EDG≥-5.0/CV≤0.6/μ≥0.5/TP≥65,46,41,32,9,78.05,-2.93,-18.96,13.11,-1.201,0.545,11
2026-05,batter_strikeouts,OVER,"[-500,-300]",HR≥65/EDG≥-5.0/CV≤0.5/μ≥-/TP≥-,33,30,22,8,73.33,-8.49,-28.65,11.67,-2.547,0.5,10
2026-05,batter_strikeouts,OVER,"[-500,-300]",HR≥65/EDG≥-5.0/CV≤0.5/μ≥-/TP≥50,33,30,22,8,73.33,-8.49,-28.65,11.67,-2.547,0.5,10
2026-05,batter_strikeouts,OVER,"[-500,-300]",HR≥65/EDG≥-5.0/CV≤0.5/μ≥-/TP≥55,33,30,22,8,73.33,-8.49,-28.65,11.67,-2.547,0.5,10
2026-05,batter_strikeouts,OVER,"[-500,-300]",HR≥65/EDG≥-5.0/CV≤0.5/μ≥-/TP≥60,33,30,22,8,73.33,-8.49,-28.65,11.67,-2.547,0.5,10
2026-05,batter_strikeouts,OVER,"[-500,-300]",HR≥65/EDG≥-5.0/CV≤0.5/μ≥-/TP≥65,33,30,22,8,73.33,-8.49,-28.65,11.67,-2.547,0.5,10
2026-05,batter_strikeouts,OVER,"[-500,-300]",HR≥65/EDG≥-5.0/CV≤0.5/μ≥0.0/TP≥-,33,30,22,8,73.33,-8.49,-28.65,11.67,-2.547,0.5,10
2026-05,batter_strikeouts,OVER,"[-500,-300]",HR≥65/EDG≥-5.0/CV≤0.5/μ≥0.0/TP≥50,33,30,22,8,73.33,-8.49,-28.65,11.67,-2.547,0.5,10
2026-05,batter_strikeouts,OVER,"[-500,-300]",HR≥65/EDG≥-5.0/CV≤0.5/μ≥0.0/TP≥55,33,30,22,8,73.33,-8.49,-28.65,11.67,-2.547,0.5,10
2026-05,batter_strikeouts,OVER,"[-500,-300]",HR≥65/EDG≥-5.0/CV≤0.5/μ≥0.0/TP≥60,33,30,22,8,73.33,-8.49,-28.65,11.67,-2.547,0.5,10
2026-05,batter_strikeouts,OVER,"[-500,-300]",HR≥65/EDG≥-5.0/CV≤0.5/μ≥0.0/TP≥65,33,30,22,8,73.33,-8.49,-28.65,11.67,-2.547,0.5,10
2026-05,batter_strikeouts,OVER,"[-500,-300]",HR≥65/EDG≥0.0/CV≤-/μ≥-/TP≥-,203,181,143,38,79.01,-0.58,-8.09,6.93,-1.049,0.615,13
2026-05,batter_strikeouts,OVER,"[-500,-300]",HR≥65/EDG≥0.0/CV≤-/μ≥-/TP≥50,203,181,143,38,79.01,-0.58,-8.09,6.93,-1.049,0.615,13
2026-05,batter_strikeouts,OVER,"[-500,-300]",HR≥65/EDG≥0.0/CV≤-/μ≥-/TP≥55,203,181,143,38,79.01,-0.58,-8.09,6.93,-1.049,0.615,13
2026-05,batter_strikeouts,OVER,"[-500,-300]",HR≥65/EDG≥0.0/CV≤-/μ≥-/TP≥60,203,181,143,38,79.01,-0.58,-8.09,6.93,-1.049,0.615,13
2026-05,batter_strikeouts,OVER,"[-500,-300]",HR≥65/EDG≥0.0/CV≤-/μ≥-/TP≥65,203,181,143,38,79.01,-0.58,-8.09,6.93,-1.049,0.615,13
2026-05,batter_strikeouts,OVER,"[-500,-300]",HR≥65/EDG≥0.0/CV≤-/μ≥0.0/TP≥-,203,181,143,38,79.01,-0.58,-8.09,6.93,-1.049,0.615,13
2026-05,batter_strikeouts,OVER,"[-500,-300]",HR≥65/EDG≥0.0/CV≤-/μ≥0.0/TP≥50,203,181,143,38,79.01,-0.58,-8.09,6.93,-1.049,0.615,13
2026-05,batter_strikeouts,OVER,"[-500,-300]",HR≥65/EDG≥0.0/CV≤-/μ≥0.0/TP≥55,203,181,143,38,79.01,-0.58,-8.09,6.93,-1.049,0.615,13
2026-05,batter_strikeouts,OVER,"[-500,-300]",HR≥65/EDG≥0.0/CV≤-/μ≥0.0/TP≥60,203,181,143,38,79.01,-0.58,-8.09,6.93,-1.049,0.615,13
2026-05,batter_strikeouts,OVER,"[-500,-300]",HR≥65/EDG≥0.0/CV≤-/μ≥0.0/TP≥65,203,181,143,38,79.01,-0.58,-8.09,6.93,-1.049,0.615,13
2026-05,batter_strikeouts,OVER,"[-500,-300]",HR≥65/EDG≥0.0/CV≤-/μ≥0.5/TP≥-,200,179,141,38,78.77,-0.91,-8.49,6.67,-1.628,0.615,13
2026-05,batter_strikeouts,OVER,"[-500,-300]",HR≥65/EDG≥0.0/CV≤-/μ≥0.5/TP≥50,200,179,141,38,78.77,-0.91,-8.49,6.67,-1.628,0.615,13
2026-05,batter_strikeouts,OVER,"[-500,-300]",HR≥65/EDG≥0.0/CV≤-/μ≥0.5/TP≥55,200,179,141,38,78.77,-0.91,-8.49,6.67,-1.628,0.615,13
2026-05,batter_strikeouts,OVER,"[-500,-300]",HR≥65/EDG≥0.0/CV≤-/μ≥0.5/TP≥60,200,179,141,38,78.77,-0.91,-8.49,6.67,-1.628,0.615,13
2026-05,batter_strikeouts,OVER,"[-500,-300]",HR≥65/EDG≥0.0/CV≤-/μ≥0.5/TP≥65,200,179,141,38,78.77,-0.91,-8.49,6.67,-1.628,0.615,13
2026-05,batter_strikeouts,OVER,"[-500,-300]",HR≥65/EDG≥0.0/CV≤-/μ≥1.0/TP≥-,148,133,107,26,80.45,1.1,-7.43,9.64,1.469,0.5,12
2026-05,batter_strikeouts,OVER,"[-500,-300]",HR≥65/EDG≥0.0/CV≤-/μ≥1.0/TP≥50,148,133,107,26,80.45,1.1,-7.43,9.64,1.469,0.5,12
2026-05,batter_strikeouts,OVER,"[-500,-300]",HR≥65/EDG≥0.0/CV≤-/μ≥1.0/TP≥55,148,133,107,26,80.45,1.1,-7.43,9.64,1.469,0.5,12
2026-05,batter_strikeouts,OVER,"[-500,-300]",HR≥65/EDG≥0.0/CV≤-/μ≥1.0/TP≥60,148,133,107,26,80.45,1.1,-7.43,9.64,1.469,0.5,12
2026-05,batter_strikeouts,OVER,"[-500,-300]",HR≥65/EDG≥0.0/CV≤-/μ≥1.0/TP≥65,148,133,107,26,80.45,1.1,-7.43,9.64,1.469,0.5,12
2026-05,batter_strikeouts,OVER,"[-500,-300]",HR≥65/EDG≥0.0/CV≤0.7/μ≥-/TP≥-,92,80,63,17,78.75,-0.95,-12.33,10.44,-0.757,0.417,12
2026-05,batter_strikeouts,OVER,"[-500,-300]",HR≥65/EDG≥0.0/CV≤0.7/μ≥-/TP≥50,92,80,63,17,78.75,-0.95,-12.33,10.44,-0.757,0.417,12
2026-05,batter_strikeouts,OVER,"[-500,-300]",HR≥65/EDG≥0.0/CV≤0.7/μ≥-/TP≥55,92,80,63,17,78.75,-0.95,-12.33,10.44,-0.757,0.417,12
2026-05,batter_strikeouts,OVER,"[-500,-300]",HR≥65/EDG≥0.0/CV≤0.7/μ≥-/TP≥60,92,80,63,17,78.75,-0.95,-12.33,10.44,-0.757,0.417,12
2026-05,batter_strikeouts,OVER,"[-500,-300]",HR≥65/EDG≥0.0/CV≤0.7/μ≥-/TP≥65,92,80,63,17,78.75,-0.95,-12.33,10.44,-0.757,0.417,12
2026-05,batter_strikeouts,OVER,"[-500,-300]",HR≥65/EDG≥0.0/CV≤0.7/μ≥0.0/TP≥-,92,80,63,17,78.75,-0.95,-12.33,10.44,-0.757,0.417,12
2026-05,batter_strikeouts,OVER,"[-500,-300]",HR≥65/EDG≥0.0/CV≤0.7/μ≥0.0/TP≥50,92,80,63,17,78.75,-0.95,-12.33,10.44,-0.757,0.417,12
2026-05,batter_strikeouts,OVER,"[-500,-300]",HR≥65/EDG≥0.0/CV≤0.7/μ≥0.0/TP≥55,92,80,63,17,78.75,-0.95,-12.33,10.44,-0.757,0.417,12
2026-05,batter_strikeouts,OVER,"[-500,-300]",HR≥65/EDG≥0.0/CV≤0.7/μ≥0.0/TP≥60,92,80,63,17,78.75,-0.95,-12.33,10.44,-0.757,0.417,12
2026-05,batter_strikeouts,OVER,"[-500,-300]",HR≥65/EDG≥0.0/CV≤0.7/μ≥0.0/TP≥65,92,80,63,17,78.75,-0.95,-12.33,10.44,-0.757,0.417,12
2026-05,batter_strikeouts,OVER,"[-500,-300]",HR≥65/EDG≥0.0/CV≤0.7/μ≥0.5/TP≥-,90,79,62,17,78.48,-1.31,-12.82,10.19,-1.038,0.417,12
2026-05,batter_strikeouts,OVER,"[-500,-300]",HR≥65/EDG≥0.0/CV≤0.7/μ≥0.5/TP≥50,90,79,62,17,78.48,-1.31,-12.82,10.19,-1.038,0.417,12
2026-05,batter_strikeouts,OVER,"[-500,-300]",HR≥65/EDG≥0.0/CV≤0.7/μ≥0.5/TP≥55,90,79,62,17,78.48,-1.31,-12.82,10.19,-1.038,0.417,12
2026-05,batter_strikeouts,OVER,"[-500,-300]",HR≥65/EDG≥0.0/CV≤0.7/μ≥0.5/TP≥60,90,79,62,17,78.48,-1.31,-12.82,10.19,-1.038,0.417,12
2026-05,batter_strikeouts,OVER,"[-500,-300]",HR≥65/EDG≥0.0/CV≤0.7/μ≥0.5/TP≥65,90,79,62,17,78.48,-1.31,-12.82,10.19,-1.038,0.417,12
2026-05,batter_strikeouts,OVER,"[-500,-300]",HR≥65/EDG≥0.0/CV≤0.7/μ≥1.0/TP≥-,63,55,43,12,78.18,-1.59,-15.5,12.32,-0.875,0.545,11
2026-05,batter_strikeouts,OVER,"[-500,-300]",HR≥65/EDG≥0.0/CV≤0.7/μ≥1.0/TP≥50,63,55,43,12,78.18,-1.59,-15.5,12.32,-0.875,0.545,11
2026-05,batter_strikeouts,OVER,"[-500,-300]",HR≥65/EDG≥0.0/CV≤0.7/μ≥1.0/TP≥55,63,55,43,12,78.18,-1.59,-15.5,12.32,-0.875,0.545,11
2026-05,batter_strikeouts,OVER,"[-500,-300]",HR≥65/EDG≥0.0/CV≤0.7/μ≥1.0/TP≥60,63,55,43,12,78.18,-1.59,-15.5,12.32,-0.875,0.545,11
2026-05,batter_strikeouts,OVER,"[-500,-300]",HR≥65/EDG≥0.0/CV≤0.7/μ≥1.0/TP≥65,63,55,43,12,78.18,-1.59,-15.5,12.32,-0.875,0.545,11
2026-05,batter_strikeouts,OVER,"[-500,-300]",HR≥65/EDG≥0.0/CV≤0.6/μ≥-/TP≥-,40,35,28,7,80.0,0.41,-16.55,17.36,0.142,0.636,11
2026-05,batter_strikeouts,OVER,"[-500,-300]",HR≥65/EDG≥0.0/CV≤0.6/μ≥-/TP≥50,40,35,28,7,80.0,0.41,-16.55,17.36,0.142,0.636,11
2026-05,batter_strikeouts,OVER,"[-500,-300]",HR≥65/EDG≥0.0/CV≤0.6/μ≥-/TP≥55,40,35,28,7,80.0,0.41,-16.55,17.36,0.142,0.636,11
2026-05,batter_strikeouts,OVER,"[-500,-300]",HR≥65/EDG≥0.0/CV≤0.6/μ≥-/TP≥60,40,35,28,7,80.0,0.41,-16.55,17.36,0.142,0.636,11
2026-05,batter_strikeouts,OVER,"[-500,-300]",HR≥65/EDG≥0.0/CV≤0.6/μ≥-/TP≥65,40,35,28,7,80.0,0.41,-16.55,17.36,0.142,0.636,11
2026-05,batter_strikeouts,OVER,"[-500,-300]",HR≥65/EDG≥0.0/CV≤0.6/μ≥0.0/TP≥-,40,35,28,7,80.0,0.41,-16.55,17.36,0.142,0.636,11
2026-05,batter_strikeouts,OVER,"[-500,-300]",HR≥65/EDG≥0.0/CV≤0.6/μ≥0.0/TP≥50,40,35,28,7,80.0,0.41,-16.55,17.36,0.142,0.636,11
2026-05,batter_strikeouts,OVER,"[-500,-300]",HR≥65/EDG≥0.0/CV≤0.6/μ≥0.0/TP≥55,40,35,28,7,80.0,0.41,-16.55,17.36,0.142,0.636,11
2026-05,batter_strikeouts,OVER,"[-500,-300]",HR≥65/EDG≥0.0/CV≤0.6/μ≥0.0/TP≥60,40,35,28,7,80.0,0.41,-16.55,17.36,0.142,0.636,11
2026-05,batter_strikeouts,OVER,"[-500,-300]",HR≥65/EDG≥0.0/CV≤0.6/μ≥0.0/TP≥65,40,35,28,7,80.0,0.41,-16.55,17.36,0.142,0.636,11
2026-05,batter_strikeouts,OVER,"[-500,-300]",HR≥65/EDG≥0.0/CV≤0.6/μ≥0.5/TP≥-,40,35,28,7,80.0,0.41,-16.55,17.36,0.142,0.636,11
2026-05,batter_strikeouts,OVER,"[-500,-300]",HR≥65/EDG≥0.0/CV≤0.6/μ≥0.5/TP≥50,40,35,28,7,80.0,0.41,-16.55,17.36,0.142,0.636,11
2026-05,batter_strikeouts,OVER,"[-500,-300]",HR≥65/EDG≥0.0/CV≤0.6/μ≥0.5/TP≥55,40,35,28,7,80.0,0.41,-16.55,17.36,0.142,0.636,11
2026-05,batter_strikeouts,OVER,"[-500,-300]",HR≥65/EDG≥0.0/CV≤0.6/μ≥0.5/TP≥60,40,35,28,7,80.0,0.41,-16.55,17.36,0.142,0.636,11
2026-05,batter_strikeouts,OVER,"[-500,-300]",HR≥65/EDG≥0.0/CV≤0.6/μ≥0.5/TP≥65,40,35,28,7,80.0,0.41,-16.55,17.36,0.142,0.636,11
2026-05,batter_strikeouts,OVER,"[-500,-300]",HR≥65/EDG≥5.0/CV≤-/μ≥-/TP≥-,160,145,110,35,75.86,-4.23,-13.08,4.62,-6.132,0.308,13
2026-05,batter_strikeouts,OVER,"[-500,-300]",HR≥65/EDG≥5.0/CV≤-/μ≥-/TP≥50,160,145,110,35,75.86,-4.23,-13.08,4.62,-6.132,0.308,13
2026-05,batter_strikeouts,OVER,"[-500,-300]",HR≥65/EDG≥5.0/CV≤-/μ≥-/TP≥55,160,145,110,35,75.86,-4.23,-13.08,4.62,-6.132,0.308,13
2026-05,batter_strikeouts,OVER,"[-500,-300]",HR≥65/EDG≥5.0/CV≤-/μ≥-/TP≥60,160,145,110,35,75.86,-4.23,-13.08,4.62,-6.132,0.308,13
2026-05,batter_strikeouts,OVER,"[-500,-300]",HR≥65/EDG≥5.0/CV≤-/μ≥-/TP≥65,160,145,110,35,75.86,-4.23,-13.08,4.62,-6.132,0.308,13
2026-05,batter_strikeouts,OVER,"[-500,-300]",HR≥65/EDG≥5.0/CV≤-/μ≥0.0/TP≥-,160,145,110,35,75.86,-4.23,-13.08,4.62,-6.132,0.308,13
2026-05,batter_strikeouts,OVER,"[-500,-300]",HR≥65/EDG≥5.0/CV≤-/μ≥0.0/TP≥50,160,145,110,35,75.86,-4.23,-13.08,4.62,-6.132,0.308,13
2026-05,batter_strikeouts,OVER,"[-500,-300]",HR≥65/EDG≥5.0/CV≤-/μ≥0.0/TP≥55,160,145,110,35,75.86,-4.23,-13.08,4.62,-6.132,0.308,13
2026-05,batter_strikeouts,OVER,"[-500,-300]",HR≥65/EDG≥5.0/CV≤-/μ≥0.0/TP≥60,160,145,110,35,75.86,-4.23,-13.08,4.62,-6.132,0.308,13
2026-05,batter_strikeouts,OVER,"[-500,-300]",HR≥65/EDG≥5.0/CV≤-/μ≥0.0/TP≥65,160,145,110,35,75.86,-4.23,-13.08,4.62,-6.132,0.308,13
2026-05,batter_strikeouts,OVER,"[-500,-300]",HR≥65/EDG≥5.0/CV≤-/μ≥0.5/TP≥-,160,145,110,35,75.86,-4.23,-13.08,4.62,-6.132,0.308,13
2026-05,batter_strikeouts,OVER,"[-500,-300]",HR≥65/EDG≥5.0/CV≤-/μ≥0.5/TP≥50,160,145,110,35,75.86,-4.23,-13.08,4.62,-6.132,0.308,13
2026-05,batter_strikeouts,OVER,"[-500,-300]",HR≥65/EDG≥5.0/CV≤-/μ≥0.5/TP≥55,160,145,110,35,75.86,-4.23,-13.08,4.62,-6.132,0.308,13
2026-05,batter_strikeouts,OVER,"[-500,-300]",HR≥65/EDG≥5.0/CV≤-/μ≥0.5/TP≥60,160,145,110,35,75.86,-4.23,-13.08,4.62,-6.132,0.308,13
2026-05,batter_strikeouts,OVER,"[-500,-300]",HR≥65/EDG≥5.0/CV≤-/μ≥0.5/TP≥65,160,145,110,35,75.86,-4.23,-13.08,4.62,-6.132,0.308,13
2026-05,batter_strikeouts,OVER,"[-500,-300]",HR≥65/EDG≥5.0/CV≤-/μ≥1.0/TP≥-,134,120,95,25,79.17,-0.23,-9.46,8.99,-0.281,0.417,12
2026-05,batter_strikeouts,OVER,"[-500,-300]",HR≥65/EDG≥5.0/CV≤-/μ≥1.0/TP≥50,134,120,95,25,79.17,-0.23,-9.46,8.99,-0.281,0.417,12
2026-05,batter_strikeouts,OVER,"[-500,-300]",HR≥65/EDG≥5.0/CV≤-/μ≥1.0/TP≥55,134,120,95,25,79.17,-0.23,-9.46,8.99,-0.281,0.417,12
2026-05,batter_strikeouts,OVER,"[-500,-300]",HR≥65/EDG≥5.0/CV≤-/μ≥1.0/TP≥60,134,120,95,25,79.17,-0.23,-9.46,8.99,-0.281,0.417,12
2026-05,batter_strikeouts,OVER,"[-500,-300]",HR≥65/EDG≥5.0/CV≤-/μ≥1.0/TP≥65,134,120,95,25,79.17,-0.23,-9.46,8.99,-0.281,0.417,12
2026-05,batter_strikeouts,OVER,"[-500,-300]",HR≥65/EDG≥5.0/CV≤0.7/μ≥-/TP≥-,72,64,47,17,73.44,-7.09,-20.92,6.74,-4.538,0.333,12
2026-05,batter_strikeouts,OVER,"[-500,-300]",HR≥65/EDG≥5.0/CV≤0.7/μ≥-/TP≥50,72,64,47,17,73.44,-7.09,-20.92,6.74,-4.538,0.333,12
2026-05,batter_strikeouts,OVER,"[-500,-300]",HR≥65/EDG≥5.0/CV≤0.7/μ≥-/TP≥55,72,64,47,17,73.44,-7.09,-20.92,6.74,-4.538,0.333,12
2026-05,batter_strikeouts,OVER,"[-500,-300]",HR≥65/EDG≥5.0/CV≤0.7/μ≥-/TP≥60,72,64,47,17,73.44,-7.09,-20.92,6.74,-4.538,0.333,12
2026-05,batter_strikeouts,OVER,"[-500,-300]",HR≥65/EDG≥5.0/CV≤0.7/μ≥-/TP≥65,72,64,47,17,73.44,-7.09,-20.92,6.74,-4.538,0.333,12
2026-05,batter_strikeouts,OVER,"[-500,-300]",HR≥65/EDG≥5.0/CV≤0.7/μ≥0.0/TP≥-,72,64,47,17,73.44,-7.09,-20.92,6.74,-4.538,0.333,12
2026-05,batter_strikeouts,OVER,"[-500,-300]",HR≥65/EDG≥5.0/CV≤0.7/μ≥0.0/TP≥50,72,64,47,17,73.44,-7.09,-20.92,6.74,-4.538,0.333,12
2026-05,batter_strikeouts,OVER,"[-500,-300]",HR≥65/EDG≥5.0/CV≤0.7/μ≥0.0/TP≥55,72,64,47,17,73.44,-7.09,-20.92,6.74,-4.538,0.333,12
2026-05,batter_strikeouts,OVER,"[-500,-300]",HR≥65/EDG≥5.0/CV≤0.7/μ≥0.0/TP≥60,72,64,47,17,73.44,-7.09,-20.92,6.74,-4.538,0.333,12
2026-05,batter_strikeouts,OVER,"[-500,-300]",HR≥65/EDG≥5.0/CV≤0.7/μ≥0.0/TP≥65,72,64,47,17,73.44,-7.09,-20.92,6.74,-4.538,0.333,12
2026-05,batter_strikeouts,OVER,"[-500,-300]",HR≥65/EDG≥5.0/CV≤0.7/μ≥0.5/TP≥-,72,64,47,17,73.44,-7.09,-20.92,6.74,-4.538,0.333,12
2026-05,batter_strikeouts,OVER,"[-500,-300]",HR≥65/EDG≥5.0/CV≤0.7/μ≥0.5/TP≥50,72,64,47,17,73.44,-7.09,-20.92,6.74,-4.538,0.333,12
2026-05,batter_strikeouts,OVER,"[-500,-300]",HR≥65/EDG≥5.0/CV≤0.7/μ≥0.5/TP≥55,72,64,47,17,73.44,-7.09,-20.92,6.74,-4.538,0.333,12
2026-05,batter_strikeouts,OVER,"[-500,-300]",HR≥65/EDG≥5.0/CV≤0.7/μ≥0.5/TP≥60,72,64,47,17,73.44,-7.09,-20.92,6.74,-4.538,0.333,12
2026-05,batter_strikeouts,OVER,"[-500,-300]",HR≥65/EDG≥5.0/CV≤0.7/μ≥0.5/TP≥65,72,64,47,17,73.44,-7.09,-20.92,6.74,-4.538,0.333,12
2026-05,batter_strikeouts,OVER,"[-500,-300]",HR≥65/EDG≥5.0/CV≤0.7/μ≥1.0/TP≥-,57,49,37,12,75.51,-4.81,-20.19,10.57,-2.355,0.545,11
2026-05,batter_strikeouts,OVER,"[-500,-300]",HR≥65/EDG≥5.0/CV≤0.7/μ≥1.0/TP≥50,57,49,37,12,75.51,-4.81,-20.19,10.57,-2.355,0.545,11
2026-05,batter_strikeouts,OVER,"[-500,-300]",HR≥65/EDG≥5.0/CV≤0.7/μ≥1.0/TP≥55,57,49,37,12,75.51,-4.81,-20.19,10.57,-2.355,0.545,11
2026-05,batter_strikeouts,OVER,"[-500,-300]",HR≥65/EDG≥5.0/CV≤0.7/μ≥1.0/TP≥60,57,49,37,12,75.51,-4.81,-20.19,10.57,-2.355,0.545,11
2026-05,batter_strikeouts,OVER,"[-500,-300]",HR≥65/EDG≥5.0/CV≤0.7/μ≥1.0/TP≥65,57,49,37,12,75.51,-4.81,-20.19,10.57,-2.355,0.545,11
2026-05,batter_strikeouts,OVER,"[-500,-300]",HR≥65/EDG≥5.0/CV≤0.6/μ≥-/TP≥-,36,32,25,7,78.12,-1.33,-19.76,17.11,-0.424,0.6,10
2026-05,batter_strikeouts,OVER,"[-500,-300]",HR≥65/EDG≥5.0/CV≤0.6/μ≥-/TP≥50,36,32,25,7,78.12,-1.33,-19.76,17.11,-0.424,0.6,10
2026-05,batter_strikeouts,OVER,"[-500,-300]",HR≥65/EDG≥5.0/CV≤0.6/μ≥-/TP≥55,36,32,25,7,78.12,-1.33,-19.76,17.11,-0.424,0.6,10
2026-05,batter_strikeouts,OVER,"[-500,-300]",HR≥65/EDG≥5.0/CV≤0.6/μ≥-/TP≥60,36,32,25,7,78.12,-1.33,-19.76,17.11,-0.424,0.6,10
2026-05,batter_strikeouts,OVER,"[-500,-300]",HR≥65/EDG≥5.0/CV≤0.6/μ≥-/TP≥65,36,32,25,7,78.12,-1.33,-19.76,17.11,-0.424,0.6,10
2026-05,batter_strikeouts,OVER,"[-500,-300]",HR≥65/EDG≥5.0/CV≤0.6/μ≥0.0/TP≥-,36,32,25,7,78.12,-1.33,-19.76,17.11,-0.424,0.6,10
2026-05,batter_strikeouts,OVER,"[-500,-300]",HR≥65/EDG≥5.0/CV≤0.6/μ≥0.0/TP≥50,36,32,25,7,78.12,-1.33,-19.76,17.11,-0.424,0.6,10
2026-05,batter_strikeouts,OVER,"[-500,-300]",HR≥65/EDG≥5.0/CV≤0.6/μ≥0.0/TP≥55,36,32,25,7,78.12,-1.33,-19.76,17.11,-0.424,0.6,10
2026-05,batter_strikeouts,OVER,"[-500,-300]",HR≥65/EDG≥5.0/CV≤0.6/μ≥0.0/TP≥60,36,32,25,7,78.12,-1.33,-19.76,17.11,-0.424,0.6,10
2026-05,batter_strikeouts,OVER,"[-500,-300]",HR≥65/EDG≥5.0/CV≤0.6/μ≥0.0/TP≥65,36,32,25,7,78.12,-1.33,-19.76,17.11,-0.424,0.6,10
2026-05,batter_strikeouts,OVER,"[-500,-300]",HR≥65/EDG≥5.0/CV≤0.6/μ≥0.5/TP≥-,36,32,25,7,78.12,-1.33,-19.76,17.11,-0.424,0.6,10
2026-05,batter_strikeouts,OVER,"[-500,-300]",HR≥65/EDG≥5.0/CV≤0.6/μ≥0.5/TP≥50,36,32,25,7,78.12,-1.33,-19.76,17.11,-0.424,0.6,10
2026-05,batter_strikeouts,OVER,"[-500,-300]",HR≥65/EDG≥5.0/CV≤0.6/μ≥0.5/TP≥55,36,32,25,7,78.12,-1.33,-19.76,17.11,-0.424,0.6,10
2026-05,batter_strikeouts,OVER,"[-500,-300]",HR≥65/EDG≥5.0/CV≤0.6/μ≥0.5/TP≥60,36,32,25,7,78.12,-1.33,-19.76,17.11,-0.424,0.6,10
2026-05,batter_strikeouts,OVER,"[-500,-300]",HR≥65/EDG≥5.0/CV≤0.6/μ≥0.5/TP≥65,36,32,25,7,78.12,-1.33,-19.76,17.11,-0.424,0.6,10
2026-05,batter_strikeouts,OVER,"[-500,-300]",HR≥65/EDG≥10.0/CV≤-/μ≥-/TP≥-,119,107,81,26,75.7,-3.88,-14.27,6.51,-4.151,0.5,12
2026-05,batter_strikeouts,OVER,"[-500,-300]",HR≥65/EDG≥10.0/CV≤-/μ≥-/TP≥50,119,107,81,26,75.7,-3.88,-14.27,6.51,-4.151,0.5,12
2026-05,batter_strikeouts,OVER,"[-500,-300]",HR≥65/EDG≥10.0/CV≤-/μ≥-/TP≥55,119,107,81,26,75.7,-3.88,-14.27,6.51,-4.151,0.5,12
2026-05,batter_strikeouts,OVER,"[-500,-300]",HR≥65/EDG≥10.0/CV≤-/μ≥-/TP≥60,119,107,81,26,75.7,-3.88,-14.27,6.51,-4.151,0.5,12
2026-05,batter_strikeouts,OVER,"[-500,-300]",HR≥65/EDG≥10.0/CV≤-/μ≥-/TP≥65,119,107,81,26,75.7,-3.88,-14.27,6.51,-4.151,0.5,12
2026-05,batter_strikeouts,OVER,"[-500,-300]",HR≥65/EDG≥10.0/CV≤-/μ≥0.0/TP≥-,119,107,81,26,75.7,-3.88,-14.27,6.51,-4.151,0.5,12
2026-05,batter_strikeouts,OVER,"[-500,-300]",HR≥65/EDG≥10.0/CV≤-/μ≥0.0/TP≥50,119,107,81,26,75.7,-3.88,-14.27,6.51,-4.151,0.5,12
2026-05,batter_strikeouts,OVER,"[-500,-300]",HR≥65/EDG≥10.0/CV≤-/μ≥0.0/TP≥55,119,107,81,26,75.7,-3.88,-14.27,6.51,-4.151,0.5,12
2026-05,batter_strikeouts,OVER,"[-500,-300]",HR≥65/EDG≥10.0/CV≤-/μ≥0.0/TP≥60,119,107,81,26,75.7,-3.88,-14.27,6.51,-4.151,0.5,12
2026-05,batter_strikeouts,OVER,"[-500,-300]",HR≥65/EDG≥10.0/CV≤-/μ≥0.0/TP≥65,119,107,81,26,75.7,-3.88,-14.27,6.51,-4.151,0.5,12
2026-05,batter_strikeouts,OVER,"[-500,-300]",HR≥65/EDG≥10.0/CV≤-/μ≥0.5/TP≥-,119,107,81,26,75.7,-3.88,-14.27,6.51,-4.151,0.5,12
2026-05,batter_strikeouts,OVER,"[-500,-300]",HR≥65/EDG≥10.0/CV≤-/μ≥0.5/TP≥50,119,107,81,26,75.7,-3.88,-14.27,6.51,-4.151,0.5,12
2026-05,batter_strikeouts,OVER,"[-500,-300]",HR≥65/EDG≥10.0/CV≤-/μ≥0.5/TP≥55,119,107,81,26,75.7,-3.88,-14.27,6.51,-4.151,0.5,12
2026-05,batter_strikeouts,OVER,"[-500,-300]",HR≥65/EDG≥10.0/CV≤-/μ≥0.5/TP≥60,119,107,81,26,75.7,-3.88,-14.27,6.51,-4.151,0.5,12
2026-05,batter_strikeouts,OVER,"[-500,-300]",HR≥65/EDG≥10.0/CV≤-/μ≥0.5/TP≥65,119,107,81,26,75.7,-3.88,-14.27,6.51,-4.151,0.5,12
2026-05,batter_strikeouts,OVER,"[-500,-300]",HR≥65/EDG≥10.0/CV≤-/μ≥1.0/TP≥-,107,96,74,22,77.08,-2.35,-13.08,8.38,-2.257,0.417,12
2026-05,batter_strikeouts,OVER,"[-500,-300]",HR≥65/EDG≥10.0/CV≤-/μ≥1.0/TP≥50,107,96,74,22,77.08,-2.35,-13.08,8.38,-2.257,0.417,12
2026-05,batter_strikeouts,OVER,"[-500,-300]",HR≥65/EDG≥10.0/CV≤-/μ≥1.0/TP≥55,107,96,74,22,77.08,-2.35,-13.08,8.38,-2.257,0.417,12
2026-05,batter_strikeouts,OVER,"[-500,-300]",HR≥65/EDG≥10.0/CV≤-/μ≥1.0/TP≥60,107,96,74,22,77.08,-2.35,-13.08,8.38,-2.257,0.417,12
2026-05,batter_strikeouts,OVER,"[-500,-300]",HR≥65/EDG≥10.0/CV≤-/μ≥1.0/TP≥65,107,96,74,22,77.08,-2.35,-13.08,8.38,-2.257,0.417,12
2026-05,batter_strikeouts,OVER,"[-500,-300]",HR≥65/EDG≥10.0/CV≤0.7/μ≥-/TP≥-,55,47,35,12,74.47,-5.23,-21.3,10.84,-2.458,0.455,11
2026-05,batter_strikeouts,OVER,"[-500,-300]",HR≥65/EDG≥10.0/CV≤0.7/μ≥-/TP≥50,55,47,35,12,74.47,-5.23,-21.3,10.84,-2.458,0.455,11
2026-05,batter_strikeouts,OVER,"[-500,-300]",HR≥65/EDG≥10.0/CV≤0.7/μ≥-/TP≥55,55,47,35,12,74.47,-5.23,-21.3,10.84,-2.458,0.455,11
2026-05,batter_strikeouts,OVER,"[-500,-300]",HR≥65/EDG≥10.0/CV≤0.7/μ≥-/TP≥60,55,47,35,12,74.47,-5.23,-21.3,10.84,-2.458,0.455,11
2026-05,batter_strikeouts,OVER,"[-500,-300]",HR≥65/EDG≥10.0/CV≤0.7/μ≥-/TP≥65,55,47,35,12,74.47,-5.23,-21.3,10.84,-2.458,0.455,11
2026-05,batter_strikeouts,OVER,"[-500,-300]",HR≥65/EDG≥10.0/CV≤0.7/μ≥0.0/TP≥-,55,47,35,12,74.47,-5.23,-21.3,10.84,-2.458,0.455,11
2026-05,batter_strikeouts,OVER,"[-500,-300]",HR≥65/EDG≥10.0/CV≤0.7/μ≥0.0/TP≥50,55,47,35,12,74.47,-5.23,-21.3,10.84,-2.458,0.455,11
2026-05,batter_strikeouts,OVER,"[-500,-300]",HR≥65/EDG≥10.0/CV≤0.7/μ≥0.0/TP≥55,55,47,35,12,74.47,-5.23,-21.3,10.84,-2.458,0.455,11
2026-05,batter_strikeouts,OVER,"[-500,-300]",HR≥65/EDG≥10.0/CV≤0.7/μ≥0.0/TP≥60,55,47,35,12,74.47,-5.23,-21.3,10.84,-2.458,0.455,11
2026-05,batter_strikeouts,OVER,"[-500,-300]",HR≥65/EDG≥10.0/CV≤0.7/μ≥0.0/TP≥65,55,47,35,12,74.47,-5.23,-21.3,10.84,-2.458,0.455,11
2026-05,batter_strikeouts,OVER,"[-500,-300]",HR≥65/EDG≥10.0/CV≤0.7/μ≥0.5/TP≥-,55,47,35,12,74.47,-5.23,-21.3,10.84,-2.458,0.455,11
2026-05,batter_strikeouts,OVER,"[-500,-300]",HR≥65/EDG≥10.0/CV≤0.7/μ≥0.5/TP≥50,55,47,35,12,74.47,-5.23,-21.3,10.84,-2.458,0.455,11
2026-05,batter_strikeouts,OVER,"[-500,-300]",HR≥65/EDG≥10.0/CV≤0.7/μ≥0.5/TP≥55,55,47,35,12,74.47,-5.23,-21.3,10.84,-2.458,0.455,11
2026-05,batter_strikeouts,OVER,"[-500,-300]",HR≥65/EDG≥10.0/CV≤0.7/μ≥0.5/TP≥60,55,47,35,12,74.47,-5.23,-21.3,10.84,-2.458,0.455,11
2026-05,batter_strikeouts,OVER,"[-500,-300]",HR≥65/EDG≥10.0/CV≤0.7/μ≥0.5/TP≥65,55,47,35,12,74.47,-5.23,-21.3,10.84,-2.458,0.455,11
2026-05,batter_strikeouts,OVER,"[-500,-300]",HR≥65/EDG≥10.0/CV≤0.7/μ≥1.0/TP≥-,49,41,30,11,73.17,-7.16,-24.62,10.3,-2.936,0.545,11
2026-05,batter_strikeouts,OVER,"[-500,-300]",HR≥65/EDG≥10.0/CV≤0.7/μ≥1.0/TP≥50,49,41,30,11,73.17,-7.16,-24.62,10.3,-2.936,0.545,11
2026-05,batter_strikeouts,OVER,"[-500,-300]",HR≥65/EDG≥10.0/CV≤0.7/μ≥1.0/TP≥55,49,41,30,11,73.17,-7.16,-24.62,10.3,-2.936,0.545,11
2026-05,batter_strikeouts,OVER,"[-500,-300]",HR≥65/EDG≥10.0/CV≤0.7/μ≥1.0/TP≥60,49,41,30,11,73.17,-7.16,-24.62,10.3,-2.936,0.545,11
2026-05,batter_strikeouts,OVER,"[-500,-300]",HR≥65/EDG≥10.0/CV≤0.7/μ≥1.0/TP≥65,49,41,30,11,73.17,-7.16,-24.62,10.3,-2.936,0.545,11
2026-05,batter_strikeouts,OVER,"[-500,-300]",HR≥70/EDG≥-/CV≤-/μ≥-/TP≥-,263,238,174,64,73.11,-8.44,-15.53,-1.35,-20.083,0.385,13
2026-05,batter_strikeouts,OVER,"[-500,-300]",HR≥70/EDG≥-/CV≤-/μ≥-/TP≥50,262,237,174,63,73.42,-8.05,-15.13,-0.97,-19.083,0.385,13
2026-05,batter_strikeouts,OVER,"[-500,-300]",HR≥70/EDG≥-/CV≤-/μ≥-/TP≥55,262,237,174,63,73.42,-8.05,-15.13,-0.97,-19.083,0.385,13
2026-05,batter_strikeouts,OVER,"[-500,-300]",HR≥70/EDG≥-/CV≤-/μ≥-/TP≥60,260,235,172,63,73.19,-8.3,-15.43,-1.17,-19.506,0.385,13
2026-05,batter_strikeouts,OVER,"[-500,-300]",HR≥70/EDG≥-/CV≤-/μ≥-/TP≥65,249,226,165,61,73.01,-8.62,-15.9,-1.34,-19.481,0.308,13
2026-05,batter_strikeouts,OVER,"[-500,-300]",HR≥70/EDG≥-/CV≤-/μ≥0.0/TP≥-,262,237,174,63,73.42,-8.05,-15.13,-0.97,-19.083,0.385,13
2026-05,batter_strikeouts,OVER,"[-500,-300]",HR≥70/EDG≥-/CV≤-/μ≥0.0/TP≥50,262,237,174,63,73.42,-8.05,-15.13,-0.97,-19.083,0.385,13
2026-05,batter_strikeouts,OVER,"[-500,-300]",HR≥70/EDG≥-/CV≤-/μ≥0.0/TP≥55,262,237,174,63,73.42,-8.05,-15.13,-0.97,-19.083,0.385,13
2026-05,batter_strikeouts,OVER,"[-500,-300]",HR≥70/EDG≥-/CV≤-/μ≥0.0/TP≥60,260,235,172,63,73.19,-8.3,-15.43,-1.17,-19.506,0.385,13
2026-05,batter_strikeouts,OVER,"[-500,-300]",HR≥70/EDG≥-/CV≤-/μ≥0.0/TP≥65,249,226,165,61,73.01,-8.62,-15.9,-1.34,-19.481,0.308,13
2026-05,batter_strikeouts,OVER,"[-500,-300]",HR≥70/EDG≥-/CV≤-/μ≥0.5/TP≥-,210,189,141,48,74.6,-6.78,-14.58,1.02,-12.821,0.462,13
2026-05,batter_strikeouts,OVER,"[-500,-300]",HR≥70/EDG≥-/CV≤-/μ≥0.5/TP≥50,210,189,141,48,74.6,-6.78,-14.58,1.02,-12.821,0.462,13
2026-05,batter_strikeouts,OVER,"[-500,-300]",HR≥70/EDG≥-/CV≤-/μ≥0.5/TP≥55,210,189,141,48,74.6,-6.78,-14.58,1.02,-12.821,0.462,13
2026-05,batter_strikeouts,OVER,"[-500,-300]",HR≥70/EDG≥-/CV≤-/μ≥0.5/TP≥60,210,189,141,48,74.6,-6.78,-14.58,1.02,-12.821,0.462,13
2026-05,batter_strikeouts,OVER,"[-500,-300]",HR≥70/EDG≥-/CV≤-/μ≥0.5/TP≥65,210,189,141,48,74.6,-6.78,-14.58,1.02,-12.821,0.462,13
2026-05,batter_strikeouts,OVER,"[-500,-300]",HR≥70/EDG≥-/CV≤-/μ≥1.0/TP≥-,121,108,85,23,78.7,-1.33,-11.08,8.43,-1.433,0.417,12
2026-05,batter_strikeouts,OVER,"[-500,-300]",HR≥70/EDG≥-/CV≤-/μ≥1.0/TP≥50,121,108,85,23,78.7,-1.33,-11.08,8.43,-1.433,0.417,12
2026-05,batter_strikeouts,OVER,"[-500,-300]",HR≥70/EDG≥-/CV≤-/μ≥1.0/TP≥55,121,108,85,23,78.7,-1.33,-11.08,8.43,-1.433,0.417,12
2026-05,batter_strikeouts,OVER,"[-500,-300]",HR≥70/EDG≥-/CV≤-/μ≥1.0/TP≥60,121,108,85,23,78.7,-1.33,-11.08,8.43,-1.433,0.417,12
2026-05,batter_strikeouts,OVER,"[-500,-300]",HR≥70/EDG≥-/CV≤-/μ≥1.0/TP≥65,121,108,85,23,78.7,-1.33,-11.08,8.43,-1.433,0.417,12
2026-05,batter_strikeouts,OVER,"[-500,-300]",HR≥70/EDG≥-/CV≤0.7/μ≥-/TP≥-,129,116,81,35,69.83,-12.77,-23.28,-2.26,-14.813,0.231,13
2026-05,batter_strikeouts,OVER,"[-500,-300]",HR≥70/EDG≥-/CV≤0.7/μ≥-/TP≥50,129,116,81,35,69.83,-12.77,-23.28,-2.26,-14.813,0.231,13
2026-05,batter_strikeouts,OVER,"[-500,-300]",HR≥70/EDG≥-/CV≤0.7/μ≥-/TP≥55,129,116,81,35,69.83,-12.77,-23.28,-2.26,-14.813,0.231,13
2026-05,batter_strikeouts,OVER,"[-500,-300]",HR≥70/EDG≥-/CV≤0.7/μ≥-/TP≥60,129,116,81,35,69.83,-12.77,-23.28,-2.26,-14.813,0.231,13
2026-05,batter_strikeouts,OVER,"[-500,-300]",HR≥70/EDG≥-/CV≤0.7/μ≥-/TP≥65,126,113,79,34,69.91,-12.79,-23.42,-2.16,-14.454,0.167,12
2026-05,batter_strikeouts,OVER,"[-500,-300]",HR≥70/EDG≥-/CV≤0.7/μ≥0.0/TP≥-,129,116,81,35,69.83,-12.77,-23.28,-2.26,-14.813,0.231,13
2026-05,batter_strikeouts,OVER,"[-500,-300]",HR≥70/EDG≥-/CV≤0.7/μ≥0.0/TP≥50,129,116,81,35,69.83,-12.77,-23.28,-2.26,-14.813,0.231,13
2026-05,batter_strikeouts,OVER,"[-500,-300]",HR≥70/EDG≥-/CV≤0.7/μ≥0.0/TP≥55,129,116,81,35,69.83,-12.77,-23.28,-2.26,-14.813,0.231,13
2026-05,batter_strikeouts,OVER,"[-500,-300]",HR≥70/EDG≥-/CV≤0.7/μ≥0.0/TP≥60,129,116,81,35,69.83,-12.77,-23.28,-2.26,-14.813,0.231,13
2026-05,batter_strikeouts,OVER,"[-500,-300]",HR≥70/EDG≥-/CV≤0.7/μ≥0.0/TP≥65,126,113,79,34,69.91,-12.79,-23.42,-2.16,-14.454,0.167,12
2026-05,batter_strikeouts,OVER,"[-500,-300]",HR≥70/EDG≥-/CV≤0.7/μ≥0.5/TP≥-,104,93,68,25,73.12,-8.77,-20.11,2.57,-8.157,0.25,12
2026-05,batter_strikeouts,OVER,"[-500,-300]",HR≥70/EDG≥-/CV≤0.7/μ≥0.5/TP≥50,104,93,68,25,73.12,-8.77,-20.11,2.57,-8.157,0.25,12
2026-05,batter_strikeouts,OVER,"[-500,-300]",HR≥70/EDG≥-/CV≤0.7/μ≥0.5/TP≥55,104,93,68,25,73.12,-8.77,-20.11,2.57,-8.157,0.25,12
2026-05,batter_strikeouts,OVER,"[-500,-300]",HR≥70/EDG≥-/CV≤0.7/μ≥0.5/TP≥60,104,93,68,25,73.12,-8.77,-20.11,2.57,-8.157,0.25,12
2026-05,batter_strikeouts,OVER,"[-500,-300]",HR≥70/EDG≥-/CV≤0.7/μ≥0.5/TP≥65,104,93,68,25,73.12,-8.77,-20.11,2.57,-8.157,0.25,12
2026-05,batter_strikeouts,OVER,"[-500,-300]",HR≥70/EDG≥-/CV≤0.7/μ≥1.0/TP≥-,59,51,40,11,78.43,-1.45,-15.82,12.92,-0.737,0.545,11
2026-05,batter_strikeouts,OVER,"[-500,-300]",HR≥70/EDG≥-/CV≤0.7/μ≥1.0/TP≥50,59,51,40,11,78.43,-1.45,-15.82,12.92,-0.737,0.545,11
2026-05,batter_strikeouts,OVER,"[-500,-300]",HR≥70/EDG≥-/CV≤0.7/μ≥1.0/TP≥55,59,51,40,11,78.43,-1.45,-15.82,12.92,-0.737,0.545,11
2026-05,batter_strikeouts,OVER,"[-500,-300]",HR≥70/EDG≥-/CV≤0.7/μ≥1.0/TP≥60,59,51,40,11,78.43,-1.45,-15.82,12.92,-0.737,0.545,11
2026-05,batter_strikeouts,OVER,"[-500,-300]",HR≥70/EDG≥-/CV≤0.7/μ≥1.0/TP≥65,59,51,40,11,78.43,-1.45,-15.82,12.92,-0.737,0.545,11
2026-05,batter_strikeouts,OVER,"[-500,-300]",HR≥70/EDG≥-/CV≤0.6/μ≥-/TP≥-,63,58,38,20,65.52,-18.84,-34.18,-3.5,-10.928,0.333,12
2026-05,batter_strikeouts,OVER,"[-500,-300]",HR≥70/EDG≥-/CV≤0.6/μ≥-/TP≥50,63,58,38,20,65.52,-18.84,-34.18,-3.5,-10.928,0.333,12
2026-05,batter_strikeouts,OVER,"[-500,-300]",HR≥70/EDG≥-/CV≤0.6/μ≥-/TP≥55,63,58,38,20,65.52,-18.84,-34.18,-3.5,-10.928,0.333,12
2026-05,batter_strikeouts,OVER,"[-500,-300]",HR≥70/EDG≥-/CV≤0.6/μ≥-/TP≥60,63,58,38,20,65.52,-18.84,-34.18,-3.5,-10.928,0.333,12
2026-05,batter_strikeouts,OVER,"[-500,-300]",HR≥70/EDG≥-/CV≤0.6/μ≥-/TP≥65,62,57,38,19,66.67,-17.42,-32.77,-2.07,-9.928,0.333,12
2026-05,batter_strikeouts,OVER,"[-500,-300]",HR≥70/EDG≥-/CV≤0.6/μ≥0.0/TP≥-,63,58,38,20,65.52,-18.84,-34.18,-3.5,-10.928,0.333,12
2026-05,batter_strikeouts,OVER,"[-500,-300]",HR≥70/EDG≥-/CV≤0.6/μ≥0.0/TP≥50,63,58,38,20,65.52,-18.84,-34.18,-3.5,-10.928,0.333,12
2026-05,batter_strikeouts,OVER,"[-500,-300]",HR≥70/EDG≥-/CV≤0.6/μ≥0.0/TP≥55,63,58,38,20,65.52,-18.84,-34.18,-3.5,-10.928,0.333,12
2026-05,batter_strikeouts,OVER,"[-500,-300]",HR≥70/EDG≥-/CV≤0.6/μ≥0.0/TP≥60,63,58,38,20,65.52,-18.84,-34.18,-3.5,-10.928,0.333,12
2026-05,batter_strikeouts,OVER,"[-500,-300]",HR≥70/EDG≥-/CV≤0.6/μ≥0.0/TP≥65,62,57,38,19,66.67,-17.42,-32.77,-2.07,-9.928,0.333,12
2026-05,batter_strikeouts,OVER,"[-500,-300]",HR≥70/EDG≥-/CV≤0.6/μ≥0.5/TP≥-,50,45,32,13,71.11,-11.56,-28.28,5.16,-5.201,0.455,11
2026-05,batter_strikeouts,OVER,"[-500,-300]",HR≥70/EDG≥-/CV≤0.6/μ≥0.5/TP≥50,50,45,32,13,71.11,-11.56,-28.28,5.16,-5.201,0.455,11
2026-05,batter_strikeouts,OVER,"[-500,-300]",HR≥70/EDG≥-/CV≤0.6/μ≥0.5/TP≥55,50,45,32,13,71.11,-11.56,-28.28,5.16,-5.201,0.455,11
2026-05,batter_strikeouts,OVER,"[-500,-300]",HR≥70/EDG≥-/CV≤0.6/μ≥0.5/TP≥60,50,45,32,13,71.11,-11.56,-28.28,5.16,-5.201,0.455,11
2026-05,batter_strikeouts,OVER,"[-500,-300]",HR≥70/EDG≥-/CV≤0.6/μ≥0.5/TP≥65,50,45,32,13,71.11,-11.56,-28.28,5.16,-5.201,0.455,11
2026-05,batter_strikeouts,OVER,"[-500,-300]",HR≥70/EDG≥-/CV≤0.5/μ≥-/TP≥-,42,39,26,13,66.67,-17.19,-35.87,1.5,-6.702,0.2,10
2026-05,batter_strikeouts,OVER,"[-500,-300]",HR≥70/EDG≥-/CV≤0.5/μ≥-/TP≥50,42,39,26,13,66.67,-17.19,-35.87,1.5,-6.702,0.2,10
2026-05,batter_strikeouts,OVER,"[-500,-300]",HR≥70/EDG≥-/CV≤0.5/μ≥-/TP≥55,42,39,26,13,66.67,-17.19,-35.87,1.5,-6.702,0.2,10
2026-05,batter_strikeouts,OVER,"[-500,-300]",HR≥70/EDG≥-/CV≤0.5/μ≥-/TP≥60,42,39,26,13,66.67,-17.19,-35.87,1.5,-6.702,0.2,10
2026-05,batter_strikeouts,OVER,"[-500,-300]",HR≥70/EDG≥-/CV≤0.5/μ≥-/TP≥65,41,38,26,12,68.42,-15.01,-33.68,3.67,-5.702,0.2,10
2026-05,batter_strikeouts,OVER,"[-500,-300]",HR≥70/EDG≥-/CV≤0.5/μ≥0.0/TP≥-,42,39,26,13,66.67,-17.19,-35.87,1.5,-6.702,0.2,10
2026-05,batter_strikeouts,OVER,"[-500,-300]",HR≥70/EDG≥-/CV≤0.5/μ≥0.0/TP≥50,42,39,26,13,66.67,-17.19,-35.87,1.5,-6.702,0.2,10
2026-05,batter_strikeouts,OVER,"[-500,-300]",HR≥70/EDG≥-/CV≤0.5/μ≥0.0/TP≥55,42,39,26,13,66.67,-17.19,-35.87,1.5,-6.702,0.2,10
2026-05,batter_strikeouts,OVER,"[-500,-300]",HR≥70/EDG≥-/CV≤0.5/μ≥0.0/TP≥60,42,39,26,13,66.67,-17.19,-35.87,1.5,-6.702,0.2,10
2026-05,batter_strikeouts,OVER,"[-500,-300]",HR≥70/EDG≥-/CV≤0.5/μ≥0.0/TP≥65,41,38,26,12,68.42,-15.01,-33.68,3.67,-5.702,0.2,10
2026-05,batter_strikeouts,OVER,"[-500,-300]",HR≥70/EDG≥-5.0/CV≤-/μ≥-/TP≥-,195,176,135,41,76.7,-3.93,-11.8,3.94,-6.917,0.462,13
2026-05,batter_strikeouts,OVER,"[-500,-300]",HR≥70/EDG≥-5.0/CV≤-/μ≥-/TP≥50,195,176,135,41,76.7,-3.93,-11.8,3.94,-6.917,0.462,13
2026-05,batter_strikeouts,OVER,"[-500,-300]",HR≥70/EDG≥-5.0/CV≤-/μ≥-/TP≥55,195,176,135,41,76.7,-3.93,-11.8,3.94,-6.917,0.462,13
2026-05,batter_strikeouts,OVER,"[-500,-300]",HR≥70/EDG≥-5.0/CV≤-/μ≥-/TP≥60,195,176,135,41,76.7,-3.93,-11.8,3.94,-6.917,0.462,13
2026-05,batter_strikeouts,OVER,"[-500,-300]",HR≥70/EDG≥-5.0/CV≤-/μ≥-/TP≥65,195,176,135,41,76.7,-3.93,-11.8,3.94,-6.917,0.462,13
2026-05,batter_strikeouts,OVER,"[-500,-300]",HR≥70/EDG≥-5.0/CV≤-/μ≥0.0/TP≥-,195,176,135,41,76.7,-3.93,-11.8,3.94,-6.917,0.462,13
2026-05,batter_strikeouts,OVER,"[-500,-300]",HR≥70/EDG≥-5.0/CV≤-/μ≥0.0/TP≥50,195,176,135,41,76.7,-3.93,-11.8,3.94,-6.917,0.462,13
2026-05,batter_strikeouts,OVER,"[-500,-300]",HR≥70/EDG≥-5.0/CV≤-/μ≥0.0/TP≥55,195,176,135,41,76.7,-3.93,-11.8,3.94,-6.917,0.462,13
2026-05,batter_strikeouts,OVER,"[-500,-300]",HR≥70/EDG≥-5.0/CV≤-/μ≥0.0/TP≥60,195,176,135,41,76.7,-3.93,-11.8,3.94,-6.917,0.462,13
2026-05,batter_strikeouts,OVER,"[-500,-300]",HR≥70/EDG≥-5.0/CV≤-/μ≥0.0/TP≥65,195,176,135,41,76.7,-3.93,-11.8,3.94,-6.917,0.462,13
2026-05,batter_strikeouts,OVER,"[-500,-300]",HR≥70/EDG≥-5.0/CV≤-/μ≥0.5/TP≥-,185,167,128,39,76.65,-4.07,-12.15,4.01,-6.799,0.462,13
2026-05,batter_strikeouts,OVER,"[-500,-300]",HR≥70/EDG≥-5.0/CV≤-/μ≥0.5/TP≥50,185,167,128,39,76.65,-4.07,-12.15,4.01,-6.799,0.462,13
2026-05,batter_strikeouts,OVER,"[-500,-300]",HR≥70/EDG≥-5.0/CV≤-/μ≥0.5/TP≥55,185,167,128,39,76.65,-4.07,-12.15,4.01,-6.799,0.462,13
2026-05,batter_strikeouts,OVER,"[-500,-300]",HR≥70/EDG≥-5.0/CV≤-/μ≥0.5/TP≥60,185,167,128,39,76.65,-4.07,-12.15,4.01,-6.799,0.462,13
2026-05,batter_strikeouts,OVER,"[-500,-300]",HR≥70/EDG≥-5.0/CV≤-/μ≥0.5/TP≥65,185,167,128,39,76.65,-4.07,-12.15,4.01,-6.799,0.462,13
2026-05,batter_strikeouts,OVER,"[-500,-300]",HR≥70/EDG≥-5.0/CV≤-/μ≥1.0/TP≥-,121,108,85,23,78.7,-1.33,-11.08,8.43,-1.433,0.417,12
2026-05,batter_strikeouts,OVER,"[-500,-300]",HR≥70/EDG≥-5.0/CV≤-/μ≥1.0/TP≥50,121,108,85,23,78.7,-1.33,-11.08,8.43,-1.433,0.417,12
2026-05,batter_strikeouts,OVER,"[-500,-300]",HR≥70/EDG≥-5.0/CV≤-/μ≥1.0/TP≥55,121,108,85,23,78.7,-1.33,-11.08,8.43,-1.433,0.417,12
2026-05,batter_strikeouts,OVER,"[-500,-300]",HR≥70/EDG≥-5.0/CV≤-/μ≥1.0/TP≥60,121,108,85,23,78.7,-1.33,-11.08,8.43,-1.433,0.417,12
2026-05,batter_strikeouts,OVER,"[-500,-300]",HR≥70/EDG≥-5.0/CV≤-/μ≥1.0/TP≥65,121,108,85,23,78.7,-1.33,-11.08,8.43,-1.433,0.417,12
2026-05,batter_strikeouts,OVER,"[-500,-300]",HR≥70/EDG≥-5.0/CV≤0.7/μ≥-/TP≥-,106,94,71,23,75.53,-5.65,-16.6,5.3,-5.312,0.333,12
2026-05,batter_strikeouts,OVER,"[-500,-300]",HR≥70/EDG≥-5.0/CV≤0.7/μ≥-/TP≥50,106,94,71,23,75.53,-5.65,-16.6,5.3,-5.312,0.333,12
2026-05,batter_strikeouts,OVER,"[-500,-300]",HR≥70/EDG≥-5.0/CV≤0.7/μ≥-/TP≥55,106,94,71,23,75.53,-5.65,-16.6,5.3,-5.312,0.333,12
2026-05,batter_strikeouts,OVER,"[-500,-300]",HR≥70/EDG≥-5.0/CV≤0.7/μ≥-/TP≥60,106,94,71,23,75.53,-5.65,-16.6,5.3,-5.312,0.333,12
2026-05,batter_strikeouts,OVER,"[-500,-300]",HR≥70/EDG≥-5.0/CV≤0.7/μ≥-/TP≥65,106,94,71,23,75.53,-5.65,-16.6,5.3,-5.312,0.333,12
2026-05,batter_strikeouts,OVER,"[-500,-300]",HR≥70/EDG≥-5.0/CV≤0.7/μ≥0.0/TP≥-,106,94,71,23,75.53,-5.65,-16.6,5.3,-5.312,0.333,12
2026-05,batter_strikeouts,OVER,"[-500,-300]",HR≥70/EDG≥-5.0/CV≤0.7/μ≥0.0/TP≥50,106,94,71,23,75.53,-5.65,-16.6,5.3,-5.312,0.333,12
2026-05,batter_strikeouts,OVER,"[-500,-300]",HR≥70/EDG≥-5.0/CV≤0.7/μ≥0.0/TP≥55,106,94,71,23,75.53,-5.65,-16.6,5.3,-5.312,0.333,12
2026-05,batter_strikeouts,OVER,"[-500,-300]",HR≥70/EDG≥-5.0/CV≤0.7/μ≥0.0/TP≥60,106,94,71,23,75.53,-5.65,-16.6,5.3,-5.312,0.333,12
2026-05,batter_strikeouts,OVER,"[-500,-300]",HR≥70/EDG≥-5.0/CV≤0.7/μ≥0.0/TP≥65,106,94,71,23,75.53,-5.65,-16.6,5.3,-5.312,0.333,12
2026-05,batter_strikeouts,OVER,"[-500,-300]",HR≥70/EDG≥-5.0/CV≤0.7/μ≥0.5/TP≥-,98,87,66,21,75.86,-5.29,-16.62,6.04,-4.604,0.333,12
2026-05,batter_strikeouts,OVER,"[-500,-300]",HR≥70/EDG≥-5.0/CV≤0.7/μ≥0.5/TP≥50,98,87,66,21,75.86,-5.29,-16.62,6.04,-4.604,0.333,12
2026-05,batter_strikeouts,OVER,"[-500,-300]",HR≥70/EDG≥-5.0/CV≤0.7/μ≥0.5/TP≥55,98,87,66,21,75.86,-5.29,-16.62,6.04,-4.604,0.333,12
2026-05,batter_strikeouts,OVER,"[-500,-300]",HR≥70/EDG≥-5.0/CV≤0.7/μ≥0.5/TP≥60,98,87,66,21,75.86,-5.29,-16.62,6.04,-4.604,0.333,12
2026-05,batter_strikeouts,OVER,"[-500,-300]",HR≥70/EDG≥-5.0/CV≤0.7/μ≥0.5/TP≥65,98,87,66,21,75.86,-5.29,-16.62,6.04,-4.604,0.333,12
2026-05,batter_strikeouts,OVER,"[-500,-300]",HR≥70/EDG≥-5.0/CV≤0.7/μ≥1.0/TP≥-,59,51,40,11,78.43,-1.45,-15.82,12.92,-0.737,0.545,11
2026-05,batter_strikeouts,OVER,"[-500,-300]",HR≥70/EDG≥-5.0/CV≤0.7/μ≥1.0/TP≥50,59,51,40,11,78.43,-1.45,-15.82,12.92,-0.737,0.545,11
2026-05,batter_strikeouts,OVER,"[-500,-300]",HR≥70/EDG≥-5.0/CV≤0.7/μ≥1.0/TP≥55,59,51,40,11,78.43,-1.45,-15.82,12.92,-0.737,0.545,11
2026-05,batter_strikeouts,OVER,"[-500,-300]",HR≥70/EDG≥-5.0/CV≤0.7/μ≥1.0/TP≥60,59,51,40,11,78.43,-1.45,-15.82,12.92,-0.737,0.545,11
2026-05,batter_strikeouts,OVER,"[-500,-300]",HR≥70/EDG≥-5.0/CV≤0.7/μ≥1.0/TP≥65,59,51,40,11,78.43,-1.45,-15.82,12.92,-0.737,0.545,11
2026-05,batter_strikeouts,OVER,"[-500,-300]",HR≥70/EDG≥-5.0/CV≤0.6/μ≥-/TP≥-,50,45,34,11,75.56,-6.16,-22.0,9.68,-2.772,0.5,12
2026-05,batter_strikeouts,OVER,"[-500,-300]",HR≥70/EDG≥-5.0/CV≤0.6/μ≥-/TP≥50,50,45,34,11,75.56,-6.16,-22.0,9.68,-2.772,0.5,12
2026-05,batter_strikeouts,OVER,"[-500,-300]",HR≥70/EDG≥-5.0/CV≤0.6/μ≥-/TP≥55,50,45,34,11,75.56,-6.16,-22.0,9.68,-2.772,0.5,12
2026-05,batter_strikeouts,OVER,"[-500,-300]",HR≥70/EDG≥-5.0/CV≤0.6/μ≥-/TP≥60,50,45,34,11,75.56,-6.16,-22.0,9.68,-2.772,0.5,12
2026-05,batter_strikeouts,OVER,"[-500,-300]",HR≥70/EDG≥-5.0/CV≤0.6/μ≥-/TP≥65,50,45,34,11,75.56,-6.16,-22.0,9.68,-2.772,0.5,12
2026-05,batter_strikeouts,OVER,"[-500,-300]",HR≥70/EDG≥-5.0/CV≤0.6/μ≥0.0/TP≥-,50,45,34,11,75.56,-6.16,-22.0,9.68,-2.772,0.5,12
2026-05,batter_strikeouts,OVER,"[-500,-300]",HR≥70/EDG≥-5.0/CV≤0.6/μ≥0.0/TP≥50,50,45,34,11,75.56,-6.16,-22.0,9.68,-2.772,0.5,12
2026-05,batter_strikeouts,OVER,"[-500,-300]",HR≥70/EDG≥-5.0/CV≤0.6/μ≥0.0/TP≥55,50,45,34,11,75.56,-6.16,-22.0,9.68,-2.772,0.5,12
2026-05,batter_strikeouts,OVER,"[-500,-300]",HR≥70/EDG≥-5.0/CV≤0.6/μ≥0.0/TP≥60,50,45,34,11,75.56,-6.16,-22.0,9.68,-2.772,0.5,12
2026-05,batter_strikeouts,OVER,"[-500,-300]",HR≥70/EDG≥-5.0/CV≤0.6/μ≥0.0/TP≥65,50,45,34,11,75.56,-6.16,-22.0,9.68,-2.772,0.5,12
2026-05,batter_strikeouts,OVER,"[-500,-300]",HR≥70/EDG≥-5.0/CV≤0.6/μ≥0.5/TP≥-,46,41,32,9,78.05,-2.93,-18.96,13.11,-1.201,0.545,11
2026-05,batter_strikeouts,OVER,"[-500,-300]",HR≥70/EDG≥-5.0/CV≤0.6/μ≥0.5/TP≥50,46,41,32,9,78.05,-2.93,-18.96,13.11,-1.201,0.545,11
2026-05,batter_strikeouts,OVER,"[-500,-300]",HR≥70/EDG≥-5.0/CV≤0.6/μ≥0.5/TP≥55,46,41,32,9,78.05,-2.93,-18.96,13.11,-1.201,0.545,11
2026-05,batter_strikeouts,OVER,"[-500,-300]",HR≥70/EDG≥-5.0/CV≤0.6/μ≥0.5/TP≥60,46,41,32,9,78.05,-2.93,-18.96,13.11,-1.201,0.545,11
2026-05,batter_strikeouts,OVER,"[-500,-300]",HR≥70/EDG≥-5.0/CV≤0.6/μ≥0.5/TP≥65,46,41,32,9,78.05,-2.93,-18.96,13.11,-1.201,0.545,11
2026-05,batter_strikeouts,OVER,"[-500,-300]",HR≥70/EDG≥-5.0/CV≤0.5/μ≥-/TP≥-,33,30,22,8,73.33,-8.49,-28.65,11.67,-2.547,0.5,10
2026-05,batter_strikeouts,OVER,"[-500,-300]",HR≥70/EDG≥-5.0/CV≤0.5/μ≥-/TP≥50,33,30,22,8,73.33,-8.49,-28.65,11.67,-2.547,0.5,10
2026-05,batter_strikeouts,OVER,"[-500,-300]",HR≥70/EDG≥-5.0/CV≤0.5/μ≥-/TP≥55,33,30,22,8,73.33,-8.49,-28.65,11.67,-2.547,0.5,10
2026-05,batter_strikeouts,OVER,"[-500,-300]",HR≥70/EDG≥-5.0/CV≤0.5/μ≥-/TP≥60,33,30,22,8,73.33,-8.49,-28.65,11.67,-2.547,0.5,10
2026-05,batter_strikeouts,OVER,"[-500,-300]",HR≥70/EDG≥-5.0/CV≤0.5/μ≥-/TP≥65,33,30,22,8,73.33,-8.49,-28.65,11.67,-2.547,0.5,10
2026-05,batter_strikeouts,OVER,"[-500,-300]",HR≥70/EDG≥-5.0/CV≤0.5/μ≥0.0/TP≥-,33,30,22,8,73.33,-8.49,-28.65,11.67,-2.547,0.5,10
2026-05,batter_strikeouts,OVER,"[-500,-300]",HR≥70/EDG≥-5.0/CV≤0.5/μ≥0.0/TP≥50,33,30,22,8,73.33,-8.49,-28.65,11.67,-2.547,0.5,10
2026-05,batter_strikeouts,OVER,"[-500,-300]",HR≥70/EDG≥-5.0/CV≤0.5/μ≥0.0/TP≥55,33,30,22,8,73.33,-8.49,-28.65,11.67,-2.547,0.5,10
2026-05,batter_strikeouts,OVER,"[-500,-300]",HR≥70/EDG≥-5.0/CV≤0.5/μ≥0.0/TP≥60,33,30,22,8,73.33,-8.49,-28.65,11.67,-2.547,0.5,10
2026-05,batter_strikeouts,OVER,"[-500,-300]",HR≥70/EDG≥-5.0/CV≤0.5/μ≥0.0/TP≥65,33,30,22,8,73.33,-8.49,-28.65,11.67,-2.547,0.5,10
2026-05,batter_strikeouts,OVER,"[-500,-300]",HR≥70/EDG≥0.0/CV≤-/μ≥-/TP≥-,162,144,110,34,76.39,-3.95,-12.73,4.82,-5.694,0.385,13
2026-05,batter_strikeouts,OVER,"[-500,-300]",HR≥70/EDG≥0.0/CV≤-/μ≥-/TP≥50,162,144,110,34,76.39,-3.95,-12.73,4.82,-5.694,0.385,13
2026-05,batter_strikeouts,OVER,"[-500,-300]",HR≥70/EDG≥0.0/CV≤-/μ≥-/TP≥55,162,144,110,34,76.39,-3.95,-12.73,4.82,-5.694,0.385,13
2026-05,batter_strikeouts,OVER,"[-500,-300]",HR≥70/EDG≥0.0/CV≤-/μ≥-/TP≥60,162,144,110,34,76.39,-3.95,-12.73,4.82,-5.694,0.385,13
2026-05,batter_strikeouts,OVER,"[-500,-300]",HR≥70/EDG≥0.0/CV≤-/μ≥-/TP≥65,162,144,110,34,76.39,-3.95,-12.73,4.82,-5.694,0.385,13
2026-05,batter_strikeouts,OVER,"[-500,-300]",HR≥70/EDG≥0.0/CV≤-/μ≥0.0/TP≥-,162,144,110,34,76.39,-3.95,-12.73,4.82,-5.694,0.385,13
2026-05,batter_strikeouts,OVER,"[-500,-300]",HR≥70/EDG≥0.0/CV≤-/μ≥0.0/TP≥50,162,144,110,34,76.39,-3.95,-12.73,4.82,-5.694,0.385,13
2026-05,batter_strikeouts,OVER,"[-500,-300]",HR≥70/EDG≥0.0/CV≤-/μ≥0.0/TP≥55,162,144,110,34,76.39,-3.95,-12.73,4.82,-5.694,0.385,13
2026-05,batter_strikeouts,OVER,"[-500,-300]",HR≥70/EDG≥0.0/CV≤-/μ≥0.0/TP≥60,162,144,110,34,76.39,-3.95,-12.73,4.82,-5.694,0.385,13
2026-05,batter_strikeouts,OVER,"[-500,-300]",HR≥70/EDG≥0.0/CV≤-/μ≥0.0/TP≥65,162,144,110,34,76.39,-3.95,-12.73,4.82,-5.694,0.385,13
2026-05,batter_strikeouts,OVER,"[-500,-300]",HR≥70/EDG≥0.0/CV≤-/μ≥0.5/TP≥-,160,143,109,34,76.22,-4.18,-13.01,4.65,-5.976,0.385,13
2026-05,batter_strikeouts,OVER,"[-500,-300]",HR≥70/EDG≥0.0/CV≤-/μ≥0.5/TP≥50,160,143,109,34,76.22,-4.18,-13.01,4.65,-5.976,0.385,13
2026-05,batter_strikeouts,OVER,"[-500,-300]",HR≥70/EDG≥0.0/CV≤-/μ≥0.5/TP≥55,160,143,109,34,76.22,-4.18,-13.01,4.65,-5.976,0.385,13
2026-05,batter_strikeouts,OVER,"[-500,-300]",HR≥70/EDG≥0.0/CV≤-/μ≥0.5/TP≥60,160,143,109,34,76.22,-4.18,-13.01,4.65,-5.976,0.385,13
2026-05,batter_strikeouts,OVER,"[-500,-300]",HR≥70/EDG≥0.0/CV≤-/μ≥0.5/TP≥65,160,143,109,34,76.22,-4.18,-13.01,4.65,-5.976,0.385,13
2026-05,batter_strikeouts,OVER,"[-500,-300]",HR≥70/EDG≥0.0/CV≤-/μ≥1.0/TP≥-,119,106,83,23,78.3,-1.67,-11.6,8.26,-1.77,0.417,12
2026-05,batter_strikeouts,OVER,"[-500,-300]",HR≥70/EDG≥0.0/CV≤-/μ≥1.0/TP≥50,119,106,83,23,78.3,-1.67,-11.6,8.26,-1.77,0.417,12
2026-05,batter_strikeouts,OVER,"[-500,-300]",HR≥70/EDG≥0.0/CV≤-/μ≥1.0/TP≥55,119,106,83,23,78.3,-1.67,-11.6,8.26,-1.77,0.417,12
2026-05,batter_strikeouts,OVER,"[-500,-300]",HR≥70/EDG≥0.0/CV≤-/μ≥1.0/TP≥60,119,106,83,23,78.3,-1.67,-11.6,8.26,-1.77,0.417,12
2026-05,batter_strikeouts,OVER,"[-500,-300]",HR≥70/EDG≥0.0/CV≤-/μ≥1.0/TP≥65,119,106,83,23,78.3,-1.67,-11.6,8.26,-1.77,0.417,12
2026-05,batter_strikeouts,OVER,"[-500,-300]",HR≥70/EDG≥0.0/CV≤0.7/μ≥-/TP≥-,86,74,58,16,78.38,-1.51,-13.42,10.39,-1.12,0.417,12
2026-05,batter_strikeouts,OVER,"[-500,-300]",HR≥70/EDG≥0.0/CV≤0.7/μ≥-/TP≥50,86,74,58,16,78.38,-1.51,-13.42,10.39,-1.12,0.417,12
2026-05,batter_strikeouts,OVER,"[-500,-300]",HR≥70/EDG≥0.0/CV≤0.7/μ≥-/TP≥55,86,74,58,16,78.38,-1.51,-13.42,10.39,-1.12,0.417,12
2026-05,batter_strikeouts,OVER,"[-500,-300]",HR≥70/EDG≥0.0/CV≤0.7/μ≥-/TP≥60,86,74,58,16,78.38,-1.51,-13.42,10.39,-1.12,0.417,12
2026-05,batter_strikeouts,OVER,"[-500,-300]",HR≥70/EDG≥0.0/CV≤0.7/μ≥-/TP≥65,86,74,58,16,78.38,-1.51,-13.42,10.39,-1.12,0.417,12
2026-05,batter_strikeouts,OVER,"[-500,-300]",HR≥70/EDG≥0.0/CV≤0.7/μ≥0.0/TP≥-,86,74,58,16,78.38,-1.51,-13.42,10.39,-1.12,0.417,12
2026-05,batter_strikeouts,OVER,"[-500,-300]",HR≥70/EDG≥0.0/CV≤0.7/μ≥0.0/TP≥50,86,74,58,16,78.38,-1.51,-13.42,10.39,-1.12,0.417,12
2026-05,batter_strikeouts,OVER,"[-500,-300]",HR≥70/EDG≥0.0/CV≤0.7/μ≥0.0/TP≥55,86,74,58,16,78.38,-1.51,-13.42,10.39,-1.12,0.417,12
2026-05,batter_strikeouts,OVER,"[-500,-300]",HR≥70/EDG≥0.0/CV≤0.7/μ≥0.0/TP≥60,86,74,58,16,78.38,-1.51,-13.42,10.39,-1.12,0.417,12
2026-05,batter_strikeouts,OVER,"[-500,-300]",HR≥70/EDG≥0.0/CV≤0.7/μ≥0.0/TP≥65,86,74,58,16,78.38,-1.51,-13.42,10.39,-1.12,0.417,12
2026-05,batter_strikeouts,OVER,"[-500,-300]",HR≥70/EDG≥0.0/CV≤0.7/μ≥0.5/TP≥-,84,73,57,16,78.08,-1.92,-13.96,10.12,-1.401,0.417,12
2026-05,batter_strikeouts,OVER,"[-500,-300]",HR≥70/EDG≥0.0/CV≤0.7/μ≥0.5/TP≥50,84,73,57,16,78.08,-1.92,-13.96,10.12,-1.401,0.417,12
2026-05,batter_strikeouts,OVER,"[-500,-300]",HR≥70/EDG≥0.0/CV≤0.7/μ≥0.5/TP≥55,84,73,57,16,78.08,-1.92,-13.96,10.12,-1.401,0.417,12
2026-05,batter_strikeouts,OVER,"[-500,-300]",HR≥70/EDG≥0.0/CV≤0.7/μ≥0.5/TP≥60,84,73,57,16,78.08,-1.92,-13.96,10.12,-1.401,0.417,12
2026-05,batter_strikeouts,OVER,"[-500,-300]",HR≥70/EDG≥0.0/CV≤0.7/μ≥0.5/TP≥65,84,73,57,16,78.08,-1.92,-13.96,10.12,-1.401,0.417,12
2026-05,batter_strikeouts,OVER,"[-500,-300]",HR≥70/EDG≥0.0/CV≤0.7/μ≥1.0/TP≥-,59,51,40,11,78.43,-1.45,-15.82,12.92,-0.737,0.545,11
2026-05,batter_strikeouts,OVER,"[-500,-300]",HR≥70/EDG≥0.0/CV≤0.7/μ≥1.0/TP≥50,59,51,40,11,78.43,-1.45,-15.82,12.92,-0.737,0.545,11
2026-05,batter_strikeouts,OVER,"[-500,-300]",HR≥70/EDG≥0.0/CV≤0.7/μ≥1.0/TP≥55,59,51,40,11,78.43,-1.45,-15.82,12.92,-0.737,0.545,11
2026-05,batter_strikeouts,OVER,"[-500,-300]",HR≥70/EDG≥0.0/CV≤0.7/μ≥1.0/TP≥60,59,51,40,11,78.43,-1.45,-15.82,12.92,-0.737,0.545,11
2026-05,batter_strikeouts,OVER,"[-500,-300]",HR≥70/EDG≥0.0/CV≤0.7/μ≥1.0/TP≥65,59,51,40,11,78.43,-1.45,-15.82,12.92,-0.737,0.545,11
2026-05,batter_strikeouts,OVER,"[-500,-300]",HR≥70/EDG≥0.0/CV≤0.6/μ≥-/TP≥-,40,35,28,7,80.0,0.41,-16.55,17.36,0.142,0.636,11
2026-05,batter_strikeouts,OVER,"[-500,-300]",HR≥70/EDG≥0.0/CV≤0.6/μ≥-/TP≥50,40,35,28,7,80.0,0.41,-16.55,17.36,0.142,0.636,11
2026-05,batter_strikeouts,OVER,"[-500,-300]",HR≥70/EDG≥0.0/CV≤0.6/μ≥-/TP≥55,40,35,28,7,80.0,0.41,-16.55,17.36,0.142,0.636,11
2026-05,batter_strikeouts,OVER,"[-500,-300]",HR≥70/EDG≥0.0/CV≤0.6/μ≥-/TP≥60,40,35,28,7,80.0,0.41,-16.55,17.36,0.142,0.636,11
2026-05,batter_strikeouts,OVER,"[-500,-300]",HR≥70/EDG≥0.0/CV≤0.6/μ≥-/TP≥65,40,35,28,7,80.0,0.41,-16.55,17.36,0.142,0.636,11
2026-05,batter_strikeouts,OVER,"[-500,-300]",HR≥70/EDG≥0.0/CV≤0.6/μ≥0.0/TP≥-,40,35,28,7,80.0,0.41,-16.55,17.36,0.142,0.636,11
2026-05,batter_strikeouts,OVER,"[-500,-300]",HR≥70/EDG≥0.0/CV≤0.6/μ≥0.0/TP≥50,40,35,28,7,80.0,0.41,-16.55,17.36,0.142,0.636,11
2026-05,batter_strikeouts,OVER,"[-500,-300]",HR≥70/EDG≥0.0/CV≤0.6/μ≥0.0/TP≥55,40,35,28,7,80.0,0.41,-16.55,17.36,0.142,0.636,11
2026-05,batter_strikeouts,OVER,"[-500,-300]",HR≥70/EDG≥0.0/CV≤0.6/μ≥0.0/TP≥60,40,35,28,7,80.0,0.41,-16.55,17.36,0.142,0.636,11
2026-05,batter_strikeouts,OVER,"[-500,-300]",HR≥70/EDG≥0.0/CV≤0.6/μ≥0.0/TP≥65,40,35,28,7,80.0,0.41,-16.55,17.36,0.142,0.636,11
2026-05,batter_strikeouts,OVER,"[-500,-300]",HR≥70/EDG≥0.0/CV≤0.6/μ≥0.5/TP≥-,40,35,28,7,80.0,0.41,-16.55,17.36,0.142,0.636,11
2026-05,batter_strikeouts,OVER,"[-500,-300]",HR≥70/EDG≥0.0/CV≤0.6/μ≥0.5/TP≥50,40,35,28,7,80.0,0.41,-16.55,17.36,0.142,0.636,11
2026-05,batter_strikeouts,OVER,"[-500,-300]",HR≥70/EDG≥0.0/CV≤0.6/μ≥0.5/TP≥55,40,35,28,7,80.0,0.41,-16.55,17.36,0.142,0.636,11
2026-05,batter_strikeouts,OVER,"[-500,-300]",HR≥70/EDG≥0.0/CV≤0.6/μ≥0.5/TP≥60,40,35,28,7,80.0,0.41,-16.55,17.36,0.142,0.636,11
2026-05,batter_strikeouts,OVER,"[-500,-300]",HR≥70/EDG≥0.0/CV≤0.6/μ≥0.5/TP≥65,40,35,28,7,80.0,0.41,-16.55,17.36,0.142,0.636,11
2026-05,batter_strikeouts,OVER,"[-500,-300]",HR≥70/EDG≥5.0/CV≤-/μ≥-/TP≥-,131,117,86,31,73.5,-7.4,-17.54,2.74,-8.657,0.385,13
2026-05,batter_strikeouts,OVER,"[-500,-300]",HR≥70/EDG≥5.0/CV≤-/μ≥-/TP≥50,131,117,86,31,73.5,-7.4,-17.54,2.74,-8.657,0.385,13
2026-05,batter_strikeouts,OVER,"[-500,-300]",HR≥70/EDG≥5.0/CV≤-/μ≥-/TP≥55,131,117,86,31,73.5,-7.4,-17.54,2.74,-8.657,0.385,13
2026-05,batter_strikeouts,OVER,"[-500,-300]",HR≥70/EDG≥5.0/CV≤-/μ≥-/TP≥60,131,117,86,31,73.5,-7.4,-17.54,2.74,-8.657,0.385,13
2026-05,batter_strikeouts,OVER,"[-500,-300]",HR≥70/EDG≥5.0/CV≤-/μ≥-/TP≥65,131,117,86,31,73.5,-7.4,-17.54,2.74,-8.657,0.385,13
2026-05,batter_strikeouts,OVER,"[-500,-300]",HR≥70/EDG≥5.0/CV≤-/μ≥0.0/TP≥-,131,117,86,31,73.5,-7.4,-17.54,2.74,-8.657,0.385,13
2026-05,batter_strikeouts,OVER,"[-500,-300]",HR≥70/EDG≥5.0/CV≤-/μ≥0.0/TP≥50,131,117,86,31,73.5,-7.4,-17.54,2.74,-8.657,0.385,13
2026-05,batter_strikeouts,OVER,"[-500,-300]",HR≥70/EDG≥5.0/CV≤-/μ≥0.0/TP≥55,131,117,86,31,73.5,-7.4,-17.54,2.74,-8.657,0.385,13
2026-05,batter_strikeouts,OVER,"[-500,-300]",HR≥70/EDG≥5.0/CV≤-/μ≥0.0/TP≥60,131,117,86,31,73.5,-7.4,-17.54,2.74,-8.657,0.385,13
2026-05,batter_strikeouts,OVER,"[-500,-300]",HR≥70/EDG≥5.0/CV≤-/μ≥0.0/TP≥65,131,117,86,31,73.5,-7.4,-17.54,2.74,-8.657,0.385,13
2026-05,batter_strikeouts,OVER,"[-500,-300]",HR≥70/EDG≥5.0/CV≤-/μ≥0.5/TP≥-,131,117,86,31,73.5,-7.4,-17.54,2.74,-8.657,0.385,13
2026-05,batter_strikeouts,OVER,"[-500,-300]",HR≥70/EDG≥5.0/CV≤-/μ≥0.5/TP≥50,131,117,86,31,73.5,-7.4,-17.54,2.74,-8.657,0.385,13
2026-05,batter_strikeouts,OVER,"[-500,-300]",HR≥70/EDG≥5.0/CV≤-/μ≥0.5/TP≥55,131,117,86,31,73.5,-7.4,-17.54,2.74,-8.657,0.385,13
2026-05,batter_strikeouts,OVER,"[-500,-300]",HR≥70/EDG≥5.0/CV≤-/μ≥0.5/TP≥60,131,117,86,31,73.5,-7.4,-17.54,2.74,-8.657,0.385,13
2026-05,batter_strikeouts,OVER,"[-500,-300]",HR≥70/EDG≥5.0/CV≤-/μ≥0.5/TP≥65,131,117,86,31,73.5,-7.4,-17.54,2.74,-8.657,0.385,13
2026-05,batter_strikeouts,OVER,"[-500,-300]",HR≥70/EDG≥5.0/CV≤-/μ≥1.0/TP≥-,109,96,74,22,77.08,-3.05,-13.71,7.61,-2.93,0.417,12
2026-05,batter_strikeouts,OVER,"[-500,-300]",HR≥70/EDG≥5.0/CV≤-/μ≥1.0/TP≥50,109,96,74,22,77.08,-3.05,-13.71,7.61,-2.93,0.417,12
2026-05,batter_strikeouts,OVER,"[-500,-300]",HR≥70/EDG≥5.0/CV≤-/μ≥1.0/TP≥55,109,96,74,22,77.08,-3.05,-13.71,7.61,-2.93,0.417,12
2026-05,batter_strikeouts,OVER,"[-500,-300]",HR≥70/EDG≥5.0/CV≤-/μ≥1.0/TP≥60,109,96,74,22,77.08,-3.05,-13.71,7.61,-2.93,0.417,12
2026-05,batter_strikeouts,OVER,"[-500,-300]",HR≥70/EDG≥5.0/CV≤-/μ≥1.0/TP≥65,109,96,74,22,77.08,-3.05,-13.71,7.61,-2.93,0.417,12
2026-05,batter_strikeouts,OVER,"[-500,-300]",HR≥70/EDG≥5.0/CV≤0.7/μ≥-/TP≥-,67,59,43,16,72.88,-7.99,-22.47,6.49,-4.716,0.333,12
2026-05,batter_strikeouts,OVER,"[-500,-300]",HR≥70/EDG≥5.0/CV≤0.7/μ≥-/TP≥50,67,59,43,16,72.88,-7.99,-22.47,6.49,-4.716,0.333,12
2026-05,batter_strikeouts,OVER,"[-500,-300]",HR≥70/EDG≥5.0/CV≤0.7/μ≥-/TP≥55,67,59,43,16,72.88,-7.99,-22.47,6.49,-4.716,0.333,12
2026-05,batter_strikeouts,OVER,"[-500,-300]",HR≥70/EDG≥5.0/CV≤0.7/μ≥-/TP≥60,67,59,43,16,72.88,-7.99,-22.47,6.49,-4.716,0.333,12
2026-05,batter_strikeouts,OVER,"[-500,-300]",HR≥70/EDG≥5.0/CV≤0.7/μ≥-/TP≥65,67,59,43,16,72.88,-7.99,-22.47,6.49,-4.716,0.333,12
2026-05,batter_strikeouts,OVER,"[-500,-300]",HR≥70/EDG≥5.0/CV≤0.7/μ≥0.0/TP≥-,67,59,43,16,72.88,-7.99,-22.47,6.49,-4.716,0.333,12
2026-05,batter_strikeouts,OVER,"[-500,-300]",HR≥70/EDG≥5.0/CV≤0.7/μ≥0.0/TP≥50,67,59,43,16,72.88,-7.99,-22.47,6.49,-4.716,0.333,12
2026-05,batter_strikeouts,OVER,"[-500,-300]",HR≥70/EDG≥5.0/CV≤0.7/μ≥0.0/TP≥55,67,59,43,16,72.88,-7.99,-22.47,6.49,-4.716,0.333,12
2026-05,batter_strikeouts,OVER,"[-500,-300]",HR≥70/EDG≥5.0/CV≤0.7/μ≥0.0/TP≥60,67,59,43,16,72.88,-7.99,-22.47,6.49,-4.716,0.333,12
2026-05,batter_strikeouts,OVER,"[-500,-300]",HR≥70/EDG≥5.0/CV≤0.7/μ≥0.0/TP≥65,67,59,43,16,72.88,-7.99,-22.47,6.49,-4.716,0.333,12
2026-05,batter_strikeouts,OVER,"[-500,-300]",HR≥70/EDG≥5.0/CV≤0.7/μ≥0.5/TP≥-,67,59,43,16,72.88,-7.99,-22.47,6.49,-4.716,0.333,12
2026-05,batter_strikeouts,OVER,"[-500,-300]",HR≥70/EDG≥5.0/CV≤0.7/μ≥0.5/TP≥50,67,59,43,16,72.88,-7.99,-22.47,6.49,-4.716,0.333,12
2026-05,batter_strikeouts,OVER,"[-500,-300]",HR≥70/EDG≥5.0/CV≤0.7/μ≥0.5/TP≥55,67,59,43,16,72.88,-7.99,-22.47,6.49,-4.716,0.333,12
2026-05,batter_strikeouts,OVER,"[-500,-300]",HR≥70/EDG≥5.0/CV≤0.7/μ≥0.5/TP≥60,67,59,43,16,72.88,-7.99,-22.47,6.49,-4.716,0.333,12
2026-05,batter_strikeouts,OVER,"[-500,-300]",HR≥70/EDG≥5.0/CV≤0.7/μ≥0.5/TP≥65,67,59,43,16,72.88,-7.99,-22.47,6.49,-4.716,0.333,12
2026-05,batter_strikeouts,OVER,"[-500,-300]",HR≥70/EDG≥5.0/CV≤0.7/μ≥1.0/TP≥-,53,45,34,11,75.56,-4.93,-20.95,11.1,-2.217,0.455,11
2026-05,batter_strikeouts,OVER,"[-500,-300]",HR≥70/EDG≥5.0/CV≤0.7/μ≥1.0/TP≥50,53,45,34,11,75.56,-4.93,-20.95,11.1,-2.217,0.455,11
2026-05,batter_strikeouts,OVER,"[-500,-300]",HR≥70/EDG≥5.0/CV≤0.7/μ≥1.0/TP≥55,53,45,34,11,75.56,-4.93,-20.95,11.1,-2.217,0.455,11
2026-05,batter_strikeouts,OVER,"[-500,-300]",HR≥70/EDG≥5.0/CV≤0.7/μ≥1.0/TP≥60,53,45,34,11,75.56,-4.93,-20.95,11.1,-2.217,0.455,11
2026-05,batter_strikeouts,OVER,"[-500,-300]",HR≥70/EDG≥5.0/CV≤0.7/μ≥1.0/TP≥65,53,45,34,11,75.56,-4.93,-20.95,11.1,-2.217,0.455,11
2026-05,batter_strikeouts,OVER,"[-500,-300]",HR≥70/EDG≥5.0/CV≤0.6/μ≥-/TP≥-,36,32,25,7,78.12,-1.33,-19.76,17.11,-0.424,0.6,10
2026-05,batter_strikeouts,OVER,"[-500,-300]",HR≥70/EDG≥5.0/CV≤0.6/μ≥-/TP≥50,36,32,25,7,78.12,-1.33,-19.76,17.11,-0.424,0.6,10
2026-05,batter_strikeouts,OVER,"[-500,-300]",HR≥70/EDG≥5.0/CV≤0.6/μ≥-/TP≥55,36,32,25,7,78.12,-1.33,-19.76,17.11,-0.424,0.6,10
2026-05,batter_strikeouts,OVER,"[-500,-300]",HR≥70/EDG≥5.0/CV≤0.6/μ≥-/TP≥60,36,32,25,7,78.12,-1.33,-19.76,17.11,-0.424,0.6,10
2026-05,batter_strikeouts,OVER,"[-500,-300]",HR≥70/EDG≥5.0/CV≤0.6/μ≥-/TP≥65,36,32,25,7,78.12,-1.33,-19.76,17.11,-0.424,0.6,10
2026-05,batter_strikeouts,OVER,"[-500,-300]",HR≥70/EDG≥5.0/CV≤0.6/μ≥0.0/TP≥-,36,32,25,7,78.12,-1.33,-19.76,17.11,-0.424,0.6,10
2026-05,batter_strikeouts,OVER,"[-500,-300]",HR≥70/EDG≥5.0/CV≤0.6/μ≥0.0/TP≥50,36,32,25,7,78.12,-1.33,-19.76,17.11,-0.424,0.6,10
2026-05,batter_strikeouts,OVER,"[-500,-300]",HR≥70/EDG≥5.0/CV≤0.6/μ≥0.0/TP≥55,36,32,25,7,78.12,-1.33,-19.76,17.11,-0.424,0.6,10
2026-05,batter_strikeouts,OVER,"[-500,-300]",HR≥70/EDG≥5.0/CV≤0.6/μ≥0.0/TP≥60,36,32,25,7,78.12,-1.33,-19.76,17.11,-0.424,0.6,10
2026-05,batter_strikeouts,OVER,"[-500,-300]",HR≥70/EDG≥5.0/CV≤0.6/μ≥0.0/TP≥65,36,32,25,7,78.12,-1.33,-19.76,17.11,-0.424,0.6,10
2026-05,batter_strikeouts,OVER,"[-500,-300]",HR≥70/EDG≥5.0/CV≤0.6/μ≥0.5/TP≥-,36,32,25,7,78.12,-1.33,-19.76,17.11,-0.424,0.6,10
2026-05,batter_strikeouts,OVER,"[-500,-300]",HR≥70/EDG≥5.0/CV≤0.6/μ≥0.5/TP≥50,36,32,25,7,78.12,-1.33,-19.76,17.11,-0.424,0.6,10
2026-05,batter_strikeouts,OVER,"[-500,-300]",HR≥70/EDG≥5.0/CV≤0.6/μ≥0.5/TP≥55,36,32,25,7,78.12,-1.33,-19.76,17.11,-0.424,0.6,10
2026-05,batter_strikeouts,OVER,"[-500,-300]",HR≥70/EDG≥5.0/CV≤0.6/μ≥0.5/TP≥60,36,32,25,7,78.12,-1.33,-19.76,17.11,-0.424,0.6,10
2026-05,batter_strikeouts,OVER,"[-500,-300]",HR≥70/EDG≥5.0/CV≤0.6/μ≥0.5/TP≥65,36,32,25,7,78.12,-1.33,-19.76,17.11,-0.424,0.6,10
2026-05,batter_strikeouts,OVER,"[-500,-300]",HR≥70/EDG≥10.0/CV≤-/μ≥-/TP≥-,94,82,60,22,73.17,-7.31,-19.56,4.94,-5.996,0.333,12
2026-05,batter_strikeouts,OVER,"[-500,-300]",HR≥70/EDG≥10.0/CV≤-/μ≥-/TP≥50,94,82,60,22,73.17,-7.31,-19.56,4.94,-5.996,0.333,12
2026-05,batter_strikeouts,OVER,"[-500,-300]",HR≥70/EDG≥10.0/CV≤-/μ≥-/TP≥55,94,82,60,22,73.17,-7.31,-19.56,4.94,-5.996,0.333,12
2026-05,batter_strikeouts,OVER,"[-500,-300]",HR≥70/EDG≥10.0/CV≤-/μ≥-/TP≥60,94,82,60,22,73.17,-7.31,-19.56,4.94,-5.996,0.333,12
2026-05,batter_strikeouts,OVER,"[-500,-300]",HR≥70/EDG≥10.0/CV≤-/μ≥-/TP≥65,94,82,60,22,73.17,-7.31,-19.56,4.94,-5.996,0.333,12
2026-05,batter_strikeouts,OVER,"[-500,-300]",HR≥70/EDG≥10.0/CV≤-/μ≥0.0/TP≥-,94,82,60,22,73.17,-7.31,-19.56,4.94,-5.996,0.333,12
2026-05,batter_strikeouts,OVER,"[-500,-300]",HR≥70/EDG≥10.0/CV≤-/μ≥0.0/TP≥50,94,82,60,22,73.17,-7.31,-19.56,4.94,-5.996,0.333,12
2026-05,batter_strikeouts,OVER,"[-500,-300]",HR≥70/EDG≥10.0/CV≤-/μ≥0.0/TP≥55,94,82,60,22,73.17,-7.31,-19.56,4.94,-5.996,0.333,12
2026-05,batter_strikeouts,OVER,"[-500,-300]",HR≥70/EDG≥10.0/CV≤-/μ≥0.0/TP≥60,94,82,60,22,73.17,-7.31,-19.56,4.94,-5.996,0.333,12
2026-05,batter_strikeouts,OVER,"[-500,-300]",HR≥70/EDG≥10.0/CV≤-/μ≥0.0/TP≥65,94,82,60,22,73.17,-7.31,-19.56,4.94,-5.996,0.333,12
2026-05,batter_strikeouts,OVER,"[-500,-300]",HR≥70/EDG≥10.0/CV≤-/μ≥0.5/TP≥-,94,82,60,22,73.17,-7.31,-19.56,4.94,-5.996,0.333,12
2026-05,batter_strikeouts,OVER,"[-500,-300]",HR≥70/EDG≥10.0/CV≤-/μ≥0.5/TP≥50,94,82,60,22,73.17,-7.31,-19.56,4.94,-5.996,0.333,12
2026-05,batter_strikeouts,OVER,"[-500,-300]",HR≥70/EDG≥10.0/CV≤-/μ≥0.5/TP≥55,94,82,60,22,73.17,-7.31,-19.56,4.94,-5.996,0.333,12
2026-05,batter_strikeouts,OVER,"[-500,-300]",HR≥70/EDG≥10.0/CV≤-/μ≥0.5/TP≥60,94,82,60,22,73.17,-7.31,-19.56,4.94,-5.996,0.333,12
2026-05,batter_strikeouts,OVER,"[-500,-300]",HR≥70/EDG≥10.0/CV≤-/μ≥0.5/TP≥65,94,82,60,22,73.17,-7.31,-19.56,4.94,-5.996,0.333,12
2026-05,batter_strikeouts,OVER,"[-500,-300]",HR≥70/EDG≥10.0/CV≤-/μ≥1.0/TP≥-,85,74,55,19,74.32,-6.04,-18.73,6.66,-4.466,0.333,12
2026-05,batter_strikeouts,OVER,"[-500,-300]",HR≥70/EDG≥10.0/CV≤-/μ≥1.0/TP≥50,85,74,55,19,74.32,-6.04,-18.73,6.66,-4.466,0.333,12
2026-05,batter_strikeouts,OVER,"[-500,-300]",HR≥70/EDG≥10.0/CV≤-/μ≥1.0/TP≥55,85,74,55,19,74.32,-6.04,-18.73,6.66,-4.466,0.333,12
2026-05,batter_strikeouts,OVER,"[-500,-300]",HR≥70/EDG≥10.0/CV≤-/μ≥1.0/TP≥60,85,74,55,19,74.32,-6.04,-18.73,6.66,-4.466,0.333,12
2026-05,batter_strikeouts,OVER,"[-500,-300]",HR≥70/EDG≥10.0/CV≤-/μ≥1.0/TP≥65,85,74,55,19,74.32,-6.04,-18.73,6.66,-4.466,0.333,12
2026-05,batter_strikeouts,OVER,"[-500,-300]",HR≥70/EDG≥10.0/CV≤0.7/μ≥-/TP≥-,50,42,31,11,73.81,-6.28,-23.4,10.85,-2.636,0.364,11
2026-05,batter_strikeouts,OVER,"[-500,-300]",HR≥70/EDG≥10.0/CV≤0.7/μ≥-/TP≥50,50,42,31,11,73.81,-6.28,-23.4,10.85,-2.636,0.364,11
2026-05,batter_strikeouts,OVER,"[-500,-300]",HR≥70/EDG≥10.0/CV≤0.7/μ≥-/TP≥55,50,42,31,11,73.81,-6.28,-23.4,10.85,-2.636,0.364,11
2026-05,batter_strikeouts,OVER,"[-500,-300]",HR≥70/EDG≥10.0/CV≤0.7/μ≥-/TP≥60,50,42,31,11,73.81,-6.28,-23.4,10.85,-2.636,0.364,11
2026-05,batter_strikeouts,OVER,"[-500,-300]",HR≥70/EDG≥10.0/CV≤0.7/μ≥-/TP≥65,50,42,31,11,73.81,-6.28,-23.4,10.85,-2.636,0.364,11
2026-05,batter_strikeouts,OVER,"[-500,-300]",HR≥70/EDG≥10.0/CV≤0.7/μ≥0.0/TP≥-,50,42,31,11,73.81,-6.28,-23.4,10.85,-2.636,0.364,11
2026-05,batter_strikeouts,OVER,"[-500,-300]",HR≥70/EDG≥10.0/CV≤0.7/μ≥0.0/TP≥50,50,42,31,11,73.81,-6.28,-23.4,10.85,-2.636,0.364,11
2026-05,batter_strikeouts,OVER,"[-500,-300]",HR≥70/EDG≥10.0/CV≤0.7/μ≥0.0/TP≥55,50,42,31,11,73.81,-6.28,-23.4,10.85,-2.636,0.364,11
2026-05,batter_strikeouts,OVER,"[-500,-300]",HR≥70/EDG≥10.0/CV≤0.7/μ≥0.0/TP≥60,50,42,31,11,73.81,-6.28,-23.4,10.85,-2.636,0.364,11
2026-05,batter_strikeouts,OVER,"[-500,-300]",HR≥70/EDG≥10.0/CV≤0.7/μ≥0.0/TP≥65,50,42,31,11,73.81,-6.28,-23.4,10.85,-2.636,0.364,11
2026-05,batter_strikeouts,OVER,"[-500,-300]",HR≥70/EDG≥10.0/CV≤0.7/μ≥0.5/TP≥-,50,42,31,11,73.81,-6.28,-23.4,10.85,-2.636,0.364,11
2026-05,batter_strikeouts,OVER,"[-500,-300]",HR≥70/EDG≥10.0/CV≤0.7/μ≥0.5/TP≥50,50,42,31,11,73.81,-6.28,-23.4,10.85,-2.636,0.364,11
2026-05,batter_strikeouts,OVER,"[-500,-300]",HR≥70/EDG≥10.0/CV≤0.7/μ≥0.5/TP≥55,50,42,31,11,73.81,-6.28,-23.4,10.85,-2.636,0.364,11
2026-05,batter_strikeouts,OVER,"[-500,-300]",HR≥70/EDG≥10.0/CV≤0.7/μ≥0.5/TP≥60,50,42,31,11,73.81,-6.28,-23.4,10.85,-2.636,0.364,11
2026-05,batter_strikeouts,OVER,"[-500,-300]",HR≥70/EDG≥10.0/CV≤0.7/μ≥0.5/TP≥65,50,42,31,11,73.81,-6.28,-23.4,10.85,-2.636,0.364,11
2026-05,batter_strikeouts,OVER,"[-500,-300]",HR≥70/EDG≥10.0/CV≤0.7/μ≥1.0/TP≥-,45,37,27,10,72.97,-7.56,-25.98,10.85,-2.798,0.455,11
2026-05,batter_strikeouts,OVER,"[-500,-300]",HR≥70/EDG≥10.0/CV≤0.7/μ≥1.0/TP≥50,45,37,27,10,72.97,-7.56,-25.98,10.85,-2.798,0.455,11
2026-05,batter_strikeouts,OVER,"[-500,-300]",HR≥70/EDG≥10.0/CV≤0.7/μ≥1.0/TP≥55,45,37,27,10,72.97,-7.56,-25.98,10.85,-2.798,0.455,11
2026-05,batter_strikeouts,OVER,"[-500,-300]",HR≥70/EDG≥10.0/CV≤0.7/μ≥1.0/TP≥60,45,37,27,10,72.97,-7.56,-25.98,10.85,-2.798,0.455,11
2026-05,batter_strikeouts,OVER,"[-500,-300]",HR≥70/EDG≥10.0/CV≤0.7/μ≥1.0/TP≥65,45,37,27,10,72.97,-7.56,-25.98,10.85,-2.798,0.455,11
2026-05,batter_strikeouts,OVER,"[-500,-300]",HR≥75/EDG≥-/CV≤-/μ≥-/TP≥-,207,185,140,45,75.68,-5.55,-13.32,2.21,-10.276,0.615,13
2026-05,batter_strikeouts,OVER,"[-500,-300]",HR≥75/EDG≥-/CV≤-/μ≥-/TP≥50,207,185,140,45,75.68,-5.55,-13.32,2.21,-10.276,0.615,13
2026-05,batter_strikeouts,OVER,"[-500,-300]",HR≥75/EDG≥-/CV≤-/μ≥-/TP≥55,207,185,140,45,75.68,-5.55,-13.32,2.21,-10.276,0.615,13
2026-05,batter_strikeouts,OVER,"[-500,-300]",HR≥75/EDG≥-/CV≤-/μ≥-/TP≥60,205,183,138,45,75.41,-5.85,-13.68,1.99,-10.699,0.615,13
2026-05,batter_strikeouts,OVER,"[-500,-300]",HR≥75/EDG≥-/CV≤-/μ≥-/TP≥65,198,178,134,44,75.28,-6.13,-14.08,1.82,-10.915,0.538,13
2026-05,batter_strikeouts,OVER,"[-500,-300]",HR≥75/EDG≥-/CV≤-/μ≥0.0/TP≥-,207,185,140,45,75.68,-5.55,-13.32,2.21,-10.276,0.615,13
2026-05,batter_strikeouts,OVER,"[-500,-300]",HR≥75/EDG≥-/CV≤-/μ≥0.0/TP≥50,207,185,140,45,75.68,-5.55,-13.32,2.21,-10.276,0.615,13
2026-05,batter_strikeouts,OVER,"[-500,-300]",HR≥75/EDG≥-/CV≤-/μ≥0.0/TP≥55,207,185,140,45,75.68,-5.55,-13.32,2.21,-10.276,0.615,13
2026-05,batter_strikeouts,OVER,"[-500,-300]",HR≥75/EDG≥-/CV≤-/μ≥0.0/TP≥60,205,183,138,45,75.41,-5.85,-13.68,1.99,-10.699,0.615,13
2026-05,batter_strikeouts,OVER,"[-500,-300]",HR≥75/EDG≥-/CV≤-/μ≥0.0/TP≥65,198,178,134,44,75.28,-6.13,-14.08,1.82,-10.915,0.538,13
2026-05,batter_strikeouts,OVER,"[-500,-300]",HR≥75/EDG≥-/CV≤-/μ≥0.5/TP≥-,167,149,114,35,76.51,-4.75,-13.28,3.78,-7.081,0.538,13
2026-05,batter_strikeouts,OVER,"[-500,-300]",HR≥75/EDG≥-/CV≤-/μ≥0.5/TP≥50,167,149,114,35,76.51,-4.75,-13.28,3.78,-7.081,0.538,13
2026-05,batter_strikeouts,OVER,"[-500,-300]",HR≥75/EDG≥-/CV≤-/μ≥0.5/TP≥55,167,149,114,35,76.51,-4.75,-13.28,3.78,-7.081,0.538,13
2026-05,batter_strikeouts,OVER,"[-500,-300]",HR≥75/EDG≥-/CV≤-/μ≥0.5/TP≥60,167,149,114,35,76.51,-4.75,-13.28,3.78,-7.081,0.538,13
2026-05,batter_strikeouts,OVER,"[-500,-300]",HR≥75/EDG≥-/CV≤-/μ≥0.5/TP≥65,167,149,114,35,76.51,-4.75,-13.28,3.78,-7.081,0.538,13
2026-05,batter_strikeouts,OVER,"[-500,-300]",HR≥75/EDG≥-/CV≤-/μ≥1.0/TP≥-,90,79,64,15,81.01,1.35,-9.58,12.28,1.066,0.583,12
2026-05,batter_strikeouts,OVER,"[-500,-300]",HR≥75/EDG≥-/CV≤-/μ≥1.0/TP≥50,90,79,64,15,81.01,1.35,-9.58,12.28,1.066,0.583,12
2026-05,batter_strikeouts,OVER,"[-500,-300]",HR≥75/EDG≥-/CV≤-/μ≥1.0/TP≥55,90,79,64,15,81.01,1.35,-9.58,12.28,1.066,0.583,12
2026-05,batter_strikeouts,OVER,"[-500,-300]",HR≥75/EDG≥-/CV≤-/μ≥1.0/TP≥60,90,79,64,15,81.01,1.35,-9.58,12.28,1.066,0.583,12
2026-05,batter_strikeouts,OVER,"[-500,-300]",HR≥75/EDG≥-/CV≤-/μ≥1.0/TP≥65,90,79,64,15,81.01,1.35,-9.58,12.28,1.066,0.583,12
2026-05,batter_strikeouts,OVER,"[-500,-300]",HR≥75/EDG≥-/CV≤0.7/μ≥-/TP≥-,119,106,77,29,72.64,-9.43,-20.1,1.23,-9.998,0.385,13
2026-05,batter_strikeouts,OVER,"[-500,-300]",HR≥75/EDG≥-/CV≤0.7/μ≥-/TP≥50,119,106,77,29,72.64,-9.43,-20.1,1.23,-9.998,0.385,13
2026-05,batter_strikeouts,OVER,"[-500,-300]",HR≥75/EDG≥-/CV≤0.7/μ≥-/TP≥55,119,106,77,29,72.64,-9.43,-20.1,1.23,-9.998,0.385,13
2026-05,batter_strikeouts,OVER,"[-500,-300]",HR≥75/EDG≥-/CV≤0.7/μ≥-/TP≥60,119,106,77,29,72.64,-9.43,-20.1,1.23,-9.998,0.385,13
2026-05,batter_strikeouts,OVER,"[-500,-300]",HR≥75/EDG≥-/CV≤0.7/μ≥-/TP≥65,116,103,75,28,72.82,-9.36,-20.14,1.42,-9.64,0.333,12
2026-05,batter_strikeouts,OVER,"[-500,-300]",HR≥75/EDG≥-/CV≤0.7/μ≥0.0/TP≥-,119,106,77,29,72.64,-9.43,-20.1,1.23,-9.998,0.385,13
2026-05,batter_strikeouts,OVER,"[-500,-300]",HR≥75/EDG≥-/CV≤0.7/μ≥0.0/TP≥50,119,106,77,29,72.64,-9.43,-20.1,1.23,-9.998,0.385,13
2026-05,batter_strikeouts,OVER,"[-500,-300]",HR≥75/EDG≥-/CV≤0.7/μ≥0.0/TP≥55,119,106,77,29,72.64,-9.43,-20.1,1.23,-9.998,0.385,13
2026-05,batter_strikeouts,OVER,"[-500,-300]",HR≥75/EDG≥-/CV≤0.7/μ≥0.0/TP≥60,119,106,77,29,72.64,-9.43,-20.1,1.23,-9.998,0.385,13
2026-05,batter_strikeouts,OVER,"[-500,-300]",HR≥75/EDG≥-/CV≤0.7/μ≥0.0/TP≥65,116,103,75,28,72.82,-9.36,-20.14,1.42,-9.64,0.333,12
2026-05,batter_strikeouts,OVER,"[-500,-300]",HR≥75/EDG≥-/CV≤0.7/μ≥0.5/TP≥-,97,86,65,21,75.58,-5.87,-17.28,5.55,-5.044,0.25,12
2026-05,batter_strikeouts,OVER,"[-500,-300]",HR≥75/EDG≥-/CV≤0.7/μ≥0.5/TP≥50,97,86,65,21,75.58,-5.87,-17.28,5.55,-5.044,0.25,12
2026-05,batter_strikeouts,OVER,"[-500,-300]",HR≥75/EDG≥-/CV≤0.7/μ≥0.5/TP≥55,97,86,65,21,75.58,-5.87,-17.28,5.55,-5.044,0.25,12
2026-05,batter_strikeouts,OVER,"[-500,-300]",HR≥75/EDG≥-/CV≤0.7/μ≥0.5/TP≥60,97,86,65,21,75.58,-5.87,-17.28,5.55,-5.044,0.25,12
2026-05,batter_strikeouts,OVER,"[-500,-300]",HR≥75/EDG≥-/CV≤0.7/μ≥0.5/TP≥65,97,86,65,21,75.58,-5.87,-17.28,5.55,-5.044,0.25,12
2026-05,batter_strikeouts,OVER,"[-500,-300]",HR≥75/EDG≥-/CV≤0.7/μ≥1.0/TP≥-,54,46,38,8,82.61,3.65,-10.3,17.6,1.679,0.545,11
2026-05,batter_strikeouts,OVER,"[-500,-300]",HR≥75/EDG≥-/CV≤0.7/μ≥1.0/TP≥50,54,46,38,8,82.61,3.65,-10.3,17.6,1.679,0.545,11
2026-05,batter_strikeouts,OVER,"[-500,-300]",HR≥75/EDG≥-/CV≤0.7/μ≥1.0/TP≥55,54,46,38,8,82.61,3.65,-10.3,17.6,1.679,0.545,11
2026-05,batter_strikeouts,OVER,"[-500,-300]",HR≥75/EDG≥-/CV≤0.7/μ≥1.0/TP≥60,54,46,38,8,82.61,3.65,-10.3,17.6,1.679,0.545,11
2026-05,batter_strikeouts,OVER,"[-500,-300]",HR≥75/EDG≥-/CV≤0.7/μ≥1.0/TP≥65,54,46,38,8,82.61,3.65,-10.3,17.6,1.679,0.545,11
2026-05,batter_strikeouts,OVER,"[-500,-300]",HR≥75/EDG≥-/CV≤0.6/μ≥-/TP≥-,60,55,38,17,69.09,-14.41,-29.74,0.91,-7.928,0.417,12
2026-05,batter_strikeouts,OVER,"[-500,-300]",HR≥75/EDG≥-/CV≤0.6/μ≥-/TP≥50,60,55,38,17,69.09,-14.41,-29.74,0.91,-7.928,0.417,12
2026-05,batter_strikeouts,OVER,"[-500,-300]",HR≥75/EDG≥-/CV≤0.6/μ≥-/TP≥55,60,55,38,17,69.09,-14.41,-29.74,0.91,-7.928,0.417,12
2026-05,batter_strikeouts,OVER,"[-500,-300]",HR≥75/EDG≥-/CV≤0.6/μ≥-/TP≥60,60,55,38,17,69.09,-14.41,-29.74,0.91,-7.928,0.417,12
2026-05,batter_strikeouts,OVER,"[-500,-300]",HR≥75/EDG≥-/CV≤0.6/μ≥-/TP≥65,59,54,38,16,70.37,-12.83,-28.12,2.46,-6.928,0.417,12
2026-05,batter_strikeouts,OVER,"[-500,-300]",HR≥75/EDG≥-/CV≤0.6/μ≥0.0/TP≥-,60,55,38,17,69.09,-14.41,-29.74,0.91,-7.928,0.417,12
2026-05,batter_strikeouts,OVER,"[-500,-300]",HR≥75/EDG≥-/CV≤0.6/μ≥0.0/TP≥50,60,55,38,17,69.09,-14.41,-29.74,0.91,-7.928,0.417,12
2026-05,batter_strikeouts,OVER,"[-500,-300]",HR≥75/EDG≥-/CV≤0.6/μ≥0.0/TP≥55,60,55,38,17,69.09,-14.41,-29.74,0.91,-7.928,0.417,12
2026-05,batter_strikeouts,OVER,"[-500,-300]",HR≥75/EDG≥-/CV≤0.6/μ≥0.0/TP≥60,60,55,38,17,69.09,-14.41,-29.74,0.91,-7.928,0.417,12
2026-05,batter_strikeouts,OVER,"[-500,-300]",HR≥75/EDG≥-/CV≤0.6/μ≥0.0/TP≥65,59,54,38,16,70.37,-12.83,-28.12,2.46,-6.928,0.417,12
2026-05,batter_strikeouts,OVER,"[-500,-300]",HR≥75/EDG≥-/CV≤0.6/μ≥0.5/TP≥-,49,44,32,12,72.73,-9.55,-26.17,7.08,-4.201,0.455,11
2026-05,batter_strikeouts,OVER,"[-500,-300]",HR≥75/EDG≥-/CV≤0.6/μ≥0.5/TP≥50,49,44,32,12,72.73,-9.55,-26.17,7.08,-4.201,0.455,11
2026-05,batter_strikeouts,OVER,"[-500,-300]",HR≥75/EDG≥-/CV≤0.6/μ≥0.5/TP≥55,49,44,32,12,72.73,-9.55,-26.17,7.08,-4.201,0.455,11
2026-05,batter_strikeouts,OVER,"[-500,-300]",HR≥75/EDG≥-/CV≤0.6/μ≥0.5/TP≥60,49,44,32,12,72.73,-9.55,-26.17,7.08,-4.201,0.455,11
2026-05,batter_strikeouts,OVER,"[-500,-300]",HR≥75/EDG≥-/CV≤0.6/μ≥0.5/TP≥65,49,44,32,12,72.73,-9.55,-26.17,7.08,-4.201,0.455,11
2026-05,batter_strikeouts,OVER,"[-500,-300]",HR≥75/EDG≥-/CV≤0.5/μ≥-/TP≥-,41,38,26,12,68.42,-15.01,-33.68,3.67,-5.702,0.2,10
2026-05,batter_strikeouts,OVER,"[-500,-300]",HR≥75/EDG≥-/CV≤0.5/μ≥-/TP≥50,41,38,26,12,68.42,-15.01,-33.68,3.67,-5.702,0.2,10
2026-05,batter_strikeouts,OVER,"[-500,-300]",HR≥75/EDG≥-/CV≤0.5/μ≥-/TP≥55,41,38,26,12,68.42,-15.01,-33.68,3.67,-5.702,0.2,10
2026-05,batter_strikeouts,OVER,"[-500,-300]",HR≥75/EDG≥-/CV≤0.5/μ≥-/TP≥60,41,38,26,12,68.42,-15.01,-33.68,3.67,-5.702,0.2,10
2026-05,batter_strikeouts,OVER,"[-500,-300]",HR≥75/EDG≥-/CV≤0.5/μ≥-/TP≥65,40,37,26,11,70.27,-12.71,-31.33,5.91,-4.702,0.2,10
2026-05,batter_strikeouts,OVER,"[-500,-300]",HR≥75/EDG≥-/CV≤0.5/μ≥0.0/TP≥-,41,38,26,12,68.42,-15.01,-33.68,3.67,-5.702,0.2,10
2026-05,batter_strikeouts,OVER,"[-500,-300]",HR≥75/EDG≥-/CV≤0.5/μ≥0.0/TP≥50,41,38,26,12,68.42,-15.01,-33.68,3.67,-5.702,0.2,10
2026-05,batter_strikeouts,OVER,"[-500,-300]",HR≥75/EDG≥-/CV≤0.5/μ≥0.0/TP≥55,41,38,26,12,68.42,-15.01,-33.68,3.67,-5.702,0.2,10
2026-05,batter_strikeouts,OVER,"[-500,-300]",HR≥75/EDG≥-/CV≤0.5/μ≥0.0/TP≥60,41,38,26,12,68.42,-15.01,-33.68,3.67,-5.702,0.2,10
2026-05,batter_strikeouts,OVER,"[-500,-300]",HR≥75/EDG≥-/CV≤0.5/μ≥0.0/TP≥65,40,37,26,11,70.27,-12.71,-31.33,5.91,-4.702,0.2,10
2026-05,batter_strikeouts,OVER,"[-500,-300]",HR≥75/EDG≥-5.0/CV≤-/μ≥-/TP≥-,154,138,108,30,78.26,-2.35,-11.0,6.3,-3.247,0.462,13
2026-05,batter_strikeouts,OVER,"[-500,-300]",HR≥75/EDG≥-5.0/CV≤-/μ≥-/TP≥50,154,138,108,30,78.26,-2.35,-11.0,6.3,-3.247,0.462,13
2026-05,batter_strikeouts,OVER,"[-500,-300]",HR≥75/EDG≥-5.0/CV≤-/μ≥-/TP≥55,154,138,108,30,78.26,-2.35,-11.0,6.3,-3.247,0.462,13
2026-05,batter_strikeouts,OVER,"[-500,-300]",HR≥75/EDG≥-5.0/CV≤-/μ≥-/TP≥60,154,138,108,30,78.26,-2.35,-11.0,6.3,-3.247,0.462,13
2026-05,batter_strikeouts,OVER,"[-500,-300]",HR≥75/EDG≥-5.0/CV≤-/μ≥-/TP≥65,154,138,108,30,78.26,-2.35,-11.0,6.3,-3.247,0.462,13
2026-05,batter_strikeouts,OVER,"[-500,-300]",HR≥75/EDG≥-5.0/CV≤-/μ≥0.0/TP≥-,154,138,108,30,78.26,-2.35,-11.0,6.3,-3.247,0.462,13
2026-05,batter_strikeouts,OVER,"[-500,-300]",HR≥75/EDG≥-5.0/CV≤-/μ≥0.0/TP≥50,154,138,108,30,78.26,-2.35,-11.0,6.3,-3.247,0.462,13
2026-05,batter_strikeouts,OVER,"[-500,-300]",HR≥75/EDG≥-5.0/CV≤-/μ≥0.0/TP≥55,154,138,108,30,78.26,-2.35,-11.0,6.3,-3.247,0.462,13
2026-05,batter_strikeouts,OVER,"[-500,-300]",HR≥75/EDG≥-5.0/CV≤-/μ≥0.0/TP≥60,154,138,108,30,78.26,-2.35,-11.0,6.3,-3.247,0.462,13
2026-05,batter_strikeouts,OVER,"[-500,-300]",HR≥75/EDG≥-5.0/CV≤-/μ≥0.0/TP≥65,154,138,108,30,78.26,-2.35,-11.0,6.3,-3.247,0.462,13
2026-05,batter_strikeouts,OVER,"[-500,-300]",HR≥75/EDG≥-5.0/CV≤-/μ≥0.5/TP≥-,145,130,102,28,78.46,-2.18,-11.05,6.7,-2.832,0.462,13
2026-05,batter_strikeouts,OVER,"[-500,-300]",HR≥75/EDG≥-5.0/CV≤-/μ≥0.5/TP≥50,145,130,102,28,78.46,-2.18,-11.05,6.7,-2.832,0.462,13
2026-05,batter_strikeouts,OVER,"[-500,-300]",HR≥75/EDG≥-5.0/CV≤-/μ≥0.5/TP≥55,145,130,102,28,78.46,-2.18,-11.05,6.7,-2.832,0.462,13
2026-05,batter_strikeouts,OVER,"[-500,-300]",HR≥75/EDG≥-5.0/CV≤-/μ≥0.5/TP≥60,145,130,102,28,78.46,-2.18,-11.05,6.7,-2.832,0.462,13
2026-05,batter_strikeouts,OVER,"[-500,-300]",HR≥75/EDG≥-5.0/CV≤-/μ≥0.5/TP≥65,145,130,102,28,78.46,-2.18,-11.05,6.7,-2.832,0.462,13
2026-05,batter_strikeouts,OVER,"[-500,-300]",HR≥75/EDG≥-5.0/CV≤-/μ≥1.0/TP≥-,90,79,64,15,81.01,1.35,-9.58,12.28,1.066,0.583,12
2026-05,batter_strikeouts,OVER,"[-500,-300]",HR≥75/EDG≥-5.0/CV≤-/μ≥1.0/TP≥50,90,79,64,15,81.01,1.35,-9.58,12.28,1.066,0.583,12
2026-05,batter_strikeouts,OVER,"[-500,-300]",HR≥75/EDG≥-5.0/CV≤-/μ≥1.0/TP≥55,90,79,64,15,81.01,1.35,-9.58,12.28,1.066,0.583,12
2026-05,batter_strikeouts,OVER,"[-500,-300]",HR≥75/EDG≥-5.0/CV≤-/μ≥1.0/TP≥60,90,79,64,15,81.01,1.35,-9.58,12.28,1.066,0.583,12
2026-05,batter_strikeouts,OVER,"[-500,-300]",HR≥75/EDG≥-5.0/CV≤-/μ≥1.0/TP≥65,90,79,64,15,81.01,1.35,-9.58,12.28,1.066,0.583,12
2026-05,batter_strikeouts,OVER,"[-500,-300]",HR≥75/EDG≥-5.0/CV≤0.7/μ≥-/TP≥-,98,86,67,19,77.91,-2.9,-13.94,8.13,-2.497,0.417,12
2026-05,batter_strikeouts,OVER,"[-500,-300]",HR≥75/EDG≥-5.0/CV≤0.7/μ≥-/TP≥50,98,86,67,19,77.91,-2.9,-13.94,8.13,-2.497,0.417,12
2026-05,batter_strikeouts,OVER,"[-500,-300]",HR≥75/EDG≥-5.0/CV≤0.7/μ≥-/TP≥55,98,86,67,19,77.91,-2.9,-13.94,8.13,-2.497,0.417,12
2026-05,batter_strikeouts,OVER,"[-500,-300]",HR≥75/EDG≥-5.0/CV≤0.7/μ≥-/TP≥60,98,86,67,19,77.91,-2.9,-13.94,8.13,-2.497,0.417,12
2026-05,batter_strikeouts,OVER,"[-500,-300]",HR≥75/EDG≥-5.0/CV≤0.7/μ≥-/TP≥65,98,86,67,19,77.91,-2.9,-13.94,8.13,-2.497,0.417,12
2026-05,batter_strikeouts,OVER,"[-500,-300]",HR≥75/EDG≥-5.0/CV≤0.7/μ≥0.0/TP≥-,98,86,67,19,77.91,-2.9,-13.94,8.13,-2.497,0.417,12
2026-05,batter_strikeouts,OVER,"[-500,-300]",HR≥75/EDG≥-5.0/CV≤0.7/μ≥0.0/TP≥50,98,86,67,19,77.91,-2.9,-13.94,8.13,-2.497,0.417,12
2026-05,batter_strikeouts,OVER,"[-500,-300]",HR≥75/EDG≥-5.0/CV≤0.7/μ≥0.0/TP≥55,98,86,67,19,77.91,-2.9,-13.94,8.13,-2.497,0.417,12
2026-05,batter_strikeouts,OVER,"[-500,-300]",HR≥75/EDG≥-5.0/CV≤0.7/μ≥0.0/TP≥60,98,86,67,19,77.91,-2.9,-13.94,8.13,-2.497,0.417,12
2026-05,batter_strikeouts,OVER,"[-500,-300]",HR≥75/EDG≥-5.0/CV≤0.7/μ≥0.0/TP≥65,98,86,67,19,77.91,-2.9,-13.94,8.13,-2.497,0.417,12
2026-05,batter_strikeouts,OVER,"[-500,-300]",HR≥75/EDG≥-5.0/CV≤0.7/μ≥0.5/TP≥-,91,80,63,17,78.75,-1.86,-13.15,9.42,-1.491,0.417,12
2026-05,batter_strikeouts,OVER,"[-500,-300]",HR≥75/EDG≥-5.0/CV≤0.7/μ≥0.5/TP≥50,91,80,63,17,78.75,-1.86,-13.15,9.42,-1.491,0.417,12
2026-05,batter_strikeouts,OVER,"[-500,-300]",HR≥75/EDG≥-5.0/CV≤0.7/μ≥0.5/TP≥55,91,80,63,17,78.75,-1.86,-13.15,9.42,-1.491,0.417,12
2026-05,batter_strikeouts,OVER,"[-500,-300]",HR≥75/EDG≥-5.0/CV≤0.7/μ≥0.5/TP≥60,91,80,63,17,78.75,-1.86,-13.15,9.42,-1.491,0.417,12
2026-05,batter_strikeouts,OVER,"[-500,-300]",HR≥75/EDG≥-5.0/CV≤0.7/μ≥0.5/TP≥65,91,80,63,17,78.75,-1.86,-13.15,9.42,-1.491,0.417,12
2026-05,batter_strikeouts,OVER,"[-500,-300]",HR≥75/EDG≥-5.0/CV≤0.7/μ≥1.0/TP≥-,54,46,38,8,82.61,3.65,-10.3,17.6,1.679,0.545,11
2026-05,batter_strikeouts,OVER,"[-500,-300]",HR≥75/EDG≥-5.0/CV≤0.7/μ≥1.0/TP≥50,54,46,38,8,82.61,3.65,-10.3,17.6,1.679,0.545,11
2026-05,batter_strikeouts,OVER,"[-500,-300]",HR≥75/EDG≥-5.0/CV≤0.7/μ≥1.0/TP≥55,54,46,38,8,82.61,3.65,-10.3,17.6,1.679,0.545,11
2026-05,batter_strikeouts,OVER,"[-500,-300]",HR≥75/EDG≥-5.0/CV≤0.7/μ≥1.0/TP≥60,54,46,38,8,82.61,3.65,-10.3,17.6,1.679,0.545,11
2026-05,batter_strikeouts,OVER,"[-500,-300]",HR≥75/EDG≥-5.0/CV≤0.7/μ≥1.0/TP≥65,54,46,38,8,82.61,3.65,-10.3,17.6,1.679,0.545,11
2026-05,batter_strikeouts,OVER,"[-500,-300]",HR≥75/EDG≥-5.0/CV≤0.6/μ≥-/TP≥-,49,44,34,10,77.27,-4.03,-19.66,11.6,-1.772,0.5,12
2026-05,batter_strikeouts,OVER,"[-500,-300]",HR≥75/EDG≥-5.0/CV≤0.6/μ≥-/TP≥50,49,44,34,10,77.27,-4.03,-19.66,11.6,-1.772,0.5,12
2026-05,batter_strikeouts,OVER,"[-500,-300]",HR≥75/EDG≥-5.0/CV≤0.6/μ≥-/TP≥55,49,44,34,10,77.27,-4.03,-19.66,11.6,-1.772,0.5,12
2026-05,batter_strikeouts,OVER,"[-500,-300]",HR≥75/EDG≥-5.0/CV≤0.6/μ≥-/TP≥60,49,44,34,10,77.27,-4.03,-19.66,11.6,-1.772,0.5,12
2026-05,batter_strikeouts,OVER,"[-500,-300]",HR≥75/EDG≥-5.0/CV≤0.6/μ≥-/TP≥65,49,44,34,10,77.27,-4.03,-19.66,11.6,-1.772,0.5,12
2026-05,batter_strikeouts,OVER,"[-500,-300]",HR≥75/EDG≥-5.0/CV≤0.6/μ≥0.0/TP≥-,49,44,34,10,77.27,-4.03,-19.66,11.6,-1.772,0.5,12
2026-05,batter_strikeouts,OVER,"[-500,-300]",HR≥75/EDG≥-5.0/CV≤0.6/μ≥0.0/TP≥50,49,44,34,10,77.27,-4.03,-19.66,11.6,-1.772,0.5,12
2026-05,batter_strikeouts,OVER,"[-500,-300]",HR≥75/EDG≥-5.0/CV≤0.6/μ≥0.0/TP≥55,49,44,34,10,77.27,-4.03,-19.66,11.6,-1.772,0.5,12
2026-05,batter_strikeouts,OVER,"[-500,-300]",HR≥75/EDG≥-5.0/CV≤0.6/μ≥0.0/TP≥60,49,44,34,10,77.27,-4.03,-19.66,11.6,-1.772,0.5,12
2026-05,batter_strikeouts,OVER,"[-500,-300]",HR≥75/EDG≥-5.0/CV≤0.6/μ≥0.0/TP≥65,49,44,34,10,77.27,-4.03,-19.66,11.6,-1.772,0.5,12
2026-05,batter_strikeouts,OVER,"[-500,-300]",HR≥75/EDG≥-5.0/CV≤0.6/μ≥0.5/TP≥-,45,40,32,8,80.0,-0.5,-16.2,15.2,-0.201,0.545,11
2026-05,batter_strikeouts,OVER,"[-500,-300]",HR≥75/EDG≥-5.0/CV≤0.6/μ≥0.5/TP≥50,45,40,32,8,80.0,-0.5,-16.2,15.2,-0.201,0.545,11
2026-05,batter_strikeouts,OVER,"[-500,-300]",HR≥75/EDG≥-5.0/CV≤0.6/μ≥0.5/TP≥55,45,40,32,8,80.0,-0.5,-16.2,15.2,-0.201,0.545,11
2026-05,batter_strikeouts,OVER,"[-500,-300]",HR≥75/EDG≥-5.0/CV≤0.6/μ≥0.5/TP≥60,45,40,32,8,80.0,-0.5,-16.2,15.2,-0.201,0.545,11
2026-05,batter_strikeouts,OVER,"[-500,-300]",HR≥75/EDG≥-5.0/CV≤0.6/μ≥0.5/TP≥65,45,40,32,8,80.0,-0.5,-16.2,15.2,-0.201,0.545,11
2026-05,batter_strikeouts,OVER,"[-500,-300]",HR≥75/EDG≥-5.0/CV≤0.5/μ≥-/TP≥-,33,30,22,8,73.33,-8.49,-28.65,11.67,-2.547,0.5,10
2026-05,batter_strikeouts,OVER,"[-500,-300]",HR≥75/EDG≥-5.0/CV≤0.5/μ≥-/TP≥50,33,30,22,8,73.33,-8.49,-28.65,11.67,-2.547,0.5,10
2026-05,batter_strikeouts,OVER,"[-500,-300]",HR≥75/EDG≥-5.0/CV≤0.5/μ≥-/TP≥55,33,30,22,8,73.33,-8.49,-28.65,11.67,-2.547,0.5,10
2026-05,batter_strikeouts,OVER,"[-500,-300]",HR≥75/EDG≥-5.0/CV≤0.5/μ≥-/TP≥60,33,30,22,8,73.33,-8.49,-28.65,11.67,-2.547,0.5,10
2026-05,batter_strikeouts,OVER,"[-500,-300]",HR≥75/EDG≥-5.0/CV≤0.5/μ≥-/TP≥65,33,30,22,8,73.33,-8.49,-28.65,11.67,-2.547,0.5,10
2026-05,batter_strikeouts,OVER,"[-500,-300]",HR≥75/EDG≥-5.0/CV≤0.5/μ≥0.0/TP≥-,33,30,22,8,73.33,-8.49,-28.65,11.67,-2.547,0.5,10
2026-05,batter_strikeouts,OVER,"[-500,-300]",HR≥75/EDG≥-5.0/CV≤0.5/μ≥0.0/TP≥50,33,30,22,8,73.33,-8.49,-28.65,11.67,-2.547,0.5,10
2026-05,batter_strikeouts,OVER,"[-500,-300]",HR≥75/EDG≥-5.0/CV≤0.5/μ≥0.0/TP≥55,33,30,22,8,73.33,-8.49,-28.65,11.67,-2.547,0.5,10
2026-05,batter_strikeouts,OVER,"[-500,-300]",HR≥75/EDG≥-5.0/CV≤0.5/μ≥0.0/TP≥60,33,30,22,8,73.33,-8.49,-28.65,11.67,-2.547,0.5,10
2026-05,batter_strikeouts,OVER,"[-500,-300]",HR≥75/EDG≥-5.0/CV≤0.5/μ≥0.0/TP≥65,33,30,22,8,73.33,-8.49,-28.65,11.67,-2.547,0.5,10
2026-05,batter_strikeouts,OVER,"[-500,-300]",HR≥75/EDG≥0.0/CV≤-/μ≥-/TP≥-,127,111,87,24,78.38,-1.76,-11.44,7.91,-1.958,0.615,13
2026-05,batter_strikeouts,OVER,"[-500,-300]",HR≥75/EDG≥0.0/CV≤-/μ≥-/TP≥50,127,111,87,24,78.38,-1.76,-11.44,7.91,-1.958,0.615,13
2026-05,batter_strikeouts,OVER,"[-500,-300]",HR≥75/EDG≥0.0/CV≤-/μ≥-/TP≥55,127,111,87,24,78.38,-1.76,-11.44,7.91,-1.958,0.615,13
2026-05,batter_strikeouts,OVER,"[-500,-300]",HR≥75/EDG≥0.0/CV≤-/μ≥-/TP≥60,127,111,87,24,78.38,-1.76,-11.44,7.91,-1.958,0.615,13
2026-05,batter_strikeouts,OVER,"[-500,-300]",HR≥75/EDG≥0.0/CV≤-/μ≥-/TP≥65,127,111,87,24,78.38,-1.76,-11.44,7.91,-1.958,0.615,13
2026-05,batter_strikeouts,OVER,"[-500,-300]",HR≥75/EDG≥0.0/CV≤-/μ≥0.0/TP≥-,127,111,87,24,78.38,-1.76,-11.44,7.91,-1.958,0.615,13
2026-05,batter_strikeouts,OVER,"[-500,-300]",HR≥75/EDG≥0.0/CV≤-/μ≥0.0/TP≥50,127,111,87,24,78.38,-1.76,-11.44,7.91,-1.958,0.615,13
2026-05,batter_strikeouts,OVER,"[-500,-300]",HR≥75/EDG≥0.0/CV≤-/μ≥0.0/TP≥55,127,111,87,24,78.38,-1.76,-11.44,7.91,-1.958,0.615,13
2026-05,batter_strikeouts,OVER,"[-500,-300]",HR≥75/EDG≥0.0/CV≤-/μ≥0.0/TP≥60,127,111,87,24,78.38,-1.76,-11.44,7.91,-1.958,0.615,13
2026-05,batter_strikeouts,OVER,"[-500,-300]",HR≥75/EDG≥0.0/CV≤-/μ≥0.0/TP≥65,127,111,87,24,78.38,-1.76,-11.44,7.91,-1.958,0.615,13
2026-05,batter_strikeouts,OVER,"[-500,-300]",HR≥75/EDG≥0.0/CV≤-/μ≥0.5/TP≥-,125,110,86,24,78.18,-2.04,-11.78,7.71,-2.239,0.615,13
2026-05,batter_strikeouts,OVER,"[-500,-300]",HR≥75/EDG≥0.0/CV≤-/μ≥0.5/TP≥50,125,110,86,24,78.18,-2.04,-11.78,7.71,-2.239,0.615,13
2026-05,batter_strikeouts,OVER,"[-500,-300]",HR≥75/EDG≥0.0/CV≤-/μ≥0.5/TP≥55,125,110,86,24,78.18,-2.04,-11.78,7.71,-2.239,0.615,13
2026-05,batter_strikeouts,OVER,"[-500,-300]",HR≥75/EDG≥0.0/CV≤-/μ≥0.5/TP≥60,125,110,86,24,78.18,-2.04,-11.78,7.71,-2.239,0.615,13
2026-05,batter_strikeouts,OVER,"[-500,-300]",HR≥75/EDG≥0.0/CV≤-/μ≥0.5/TP≥65,125,110,86,24,78.18,-2.04,-11.78,7.71,-2.239,0.615,13
2026-05,batter_strikeouts,OVER,"[-500,-300]",HR≥75/EDG≥0.0/CV≤-/μ≥1.0/TP≥-,89,78,63,15,80.77,1.13,-9.94,12.19,0.878,0.583,12
2026-05,batter_strikeouts,OVER,"[-500,-300]",HR≥75/EDG≥0.0/CV≤-/μ≥1.0/TP≥50,89,78,63,15,80.77,1.13,-9.94,12.19,0.878,0.583,12
2026-05,batter_strikeouts,OVER,"[-500,-300]",HR≥75/EDG≥0.0/CV≤-/μ≥1.0/TP≥55,89,78,63,15,80.77,1.13,-9.94,12.19,0.878,0.583,12
2026-05,batter_strikeouts,OVER,"[-500,-300]",HR≥75/EDG≥0.0/CV≤-/μ≥1.0/TP≥60,89,78,63,15,80.77,1.13,-9.94,12.19,0.878,0.583,12
2026-05,batter_strikeouts,OVER,"[-500,-300]",HR≥75/EDG≥0.0/CV≤-/μ≥1.0/TP≥65,89,78,63,15,80.77,1.13,-9.94,12.19,0.878,0.583,12
2026-05,batter_strikeouts,OVER,"[-500,-300]",HR≥75/EDG≥0.0/CV≤0.7/μ≥-/TP≥-,81,69,56,13,81.16,1.88,-9.83,13.59,1.296,0.583,12
2026-05,batter_strikeouts,OVER,"[-500,-300]",HR≥75/EDG≥0.0/CV≤0.7/μ≥-/TP≥50,81,69,56,13,81.16,1.88,-9.83,13.59,1.296,0.583,12
2026-05,batter_strikeouts,OVER,"[-500,-300]",HR≥75/EDG≥0.0/CV≤0.7/μ≥-/TP≥55,81,69,56,13,81.16,1.88,-9.83,13.59,1.296,0.583,12
2026-05,batter_strikeouts,OVER,"[-500,-300]",HR≥75/EDG≥0.0/CV≤0.7/μ≥-/TP≥60,81,69,56,13,81.16,1.88,-9.83,13.59,1.296,0.583,12
2026-05,batter_strikeouts,OVER,"[-500,-300]",HR≥75/EDG≥0.0/CV≤0.7/μ≥-/TP≥65,81,69,56,13,81.16,1.88,-9.83,13.59,1.296,0.583,12
2026-05,batter_strikeouts,OVER,"[-500,-300]",HR≥75/EDG≥0.0/CV≤0.7/μ≥0.0/TP≥-,81,69,56,13,81.16,1.88,-9.83,13.59,1.296,0.583,12
2026-05,batter_strikeouts,OVER,"[-500,-300]",HR≥75/EDG≥0.0/CV≤0.7/μ≥0.0/TP≥50,81,69,56,13,81.16,1.88,-9.83,13.59,1.296,0.583,12
2026-05,batter_strikeouts,OVER,"[-500,-300]",HR≥75/EDG≥0.0/CV≤0.7/μ≥0.0/TP≥55,81,69,56,13,81.16,1.88,-9.83,13.59,1.296,0.583,12
2026-05,batter_strikeouts,OVER,"[-500,-300]",HR≥75/EDG≥0.0/CV≤0.7/μ≥0.0/TP≥60,81,69,56,13,81.16,1.88,-9.83,13.59,1.296,0.583,12
2026-05,batter_strikeouts,OVER,"[-500,-300]",HR≥75/EDG≥0.0/CV≤0.7/μ≥0.0/TP≥65,81,69,56,13,81.16,1.88,-9.83,13.59,1.296,0.583,12
2026-05,batter_strikeouts,OVER,"[-500,-300]",HR≥75/EDG≥0.0/CV≤0.7/μ≥0.5/TP≥-,79,68,55,13,80.88,1.49,-10.37,13.35,1.015,0.583,12
2026-05,batter_strikeouts,OVER,"[-500,-300]",HR≥75/EDG≥0.0/CV≤0.7/μ≥0.5/TP≥50,79,68,55,13,80.88,1.49,-10.37,13.35,1.015,0.583,12
2026-05,batter_strikeouts,OVER,"[-500,-300]",HR≥75/EDG≥0.0/CV≤0.7/μ≥0.5/TP≥55,79,68,55,13,80.88,1.49,-10.37,13.35,1.015,0.583,12
2026-05,batter_strikeouts,OVER,"[-500,-300]",HR≥75/EDG≥0.0/CV≤0.7/μ≥0.5/TP≥60,79,68,55,13,80.88,1.49,-10.37,13.35,1.015,0.583,12
2026-05,batter_strikeouts,OVER,"[-500,-300]",HR≥75/EDG≥0.0/CV≤0.7/μ≥0.5/TP≥65,79,68,55,13,80.88,1.49,-10.37,13.35,1.015,0.583,12
2026-05,batter_strikeouts,OVER,"[-500,-300]",HR≥75/EDG≥0.0/CV≤0.7/μ≥1.0/TP≥-,54,46,38,8,82.61,3.65,-10.3,17.6,1.679,0.545,11
2026-05,batter_strikeouts,OVER,"[-500,-300]",HR≥75/EDG≥0.0/CV≤0.7/μ≥1.0/TP≥50,54,46,38,8,82.61,3.65,-10.3,17.6,1.679,0.545,11
2026-05,batter_strikeouts,OVER,"[-500,-300]",HR≥75/EDG≥0.0/CV≤0.7/μ≥1.0/TP≥55,54,46,38,8,82.61,3.65,-10.3,17.6,1.679,0.545,11
2026-05,batter_strikeouts,OVER,"[-500,-300]",HR≥75/EDG≥0.0/CV≤0.7/μ≥1.0/TP≥60,54,46,38,8,82.61,3.65,-10.3,17.6,1.679,0.545,11
2026-05,batter_strikeouts,OVER,"[-500,-300]",HR≥75/EDG≥0.0/CV≤0.7/μ≥1.0/TP≥65,54,46,38,8,82.61,3.65,-10.3,17.6,1.679,0.545,11
2026-05,batter_strikeouts,OVER,"[-500,-300]",HR≥75/EDG≥0.0/CV≤0.6/μ≥-/TP≥-,39,34,28,6,82.35,3.36,-13.05,19.77,1.142,0.636,11
2026-05,batter_strikeouts,OVER,"[-500,-300]",HR≥75/EDG≥0.0/CV≤0.6/μ≥-/TP≥50,39,34,28,6,82.35,3.36,-13.05,19.77,1.142,0.636,11
2026-05,batter_strikeouts,OVER,"[-500,-300]",HR≥75/EDG≥0.0/CV≤0.6/μ≥-/TP≥55,39,34,28,6,82.35,3.36,-13.05,19.77,1.142,0.636,11
2026-05,batter_strikeouts,OVER,"[-500,-300]",HR≥75/EDG≥0.0/CV≤0.6/μ≥-/TP≥60,39,34,28,6,82.35,3.36,-13.05,19.77,1.142,0.636,11
2026-05,batter_strikeouts,OVER,"[-500,-300]",HR≥75/EDG≥0.0/CV≤0.6/μ≥-/TP≥65,39,34,28,6,82.35,3.36,-13.05,19.77,1.142,0.636,11
2026-05,batter_strikeouts,OVER,"[-500,-300]",HR≥75/EDG≥0.0/CV≤0.6/μ≥0.0/TP≥-,39,34,28,6,82.35,3.36,-13.05,19.77,1.142,0.636,11
2026-05,batter_strikeouts,OVER,"[-500,-300]",HR≥75/EDG≥0.0/CV≤0.6/μ≥0.0/TP≥50,39,34,28,6,82.35,3.36,-13.05,19.77,1.142,0.636,11
2026-05,batter_strikeouts,OVER,"[-500,-300]",HR≥75/EDG≥0.0/CV≤0.6/μ≥0.0/TP≥55,39,34,28,6,82.35,3.36,-13.05,19.77,1.142,0.636,11
2026-05,batter_strikeouts,OVER,"[-500,-300]",HR≥75/EDG≥0.0/CV≤0.6/μ≥0.0/TP≥60,39,34,28,6,82.35,3.36,-13.05,19.77,1.142,0.636,11
2026-05,batter_strikeouts,OVER,"[-500,-300]",HR≥75/EDG≥0.0/CV≤0.6/μ≥0.0/TP≥65,39,34,28,6,82.35,3.36,-13.05,19.77,1.142,0.636,11
2026-05,batter_strikeouts,OVER,"[-500,-300]",HR≥75/EDG≥0.0/CV≤0.6/μ≥0.5/TP≥-,39,34,28,6,82.35,3.36,-13.05,19.77,1.142,0.636,11
2026-05,batter_strikeouts,OVER,"[-500,-300]",HR≥75/EDG≥0.0/CV≤0.6/μ≥0.5/TP≥50,39,34,28,6,82.35,3.36,-13.05,19.77,1.142,0.636,11
2026-05,batter_strikeouts,OVER,"[-500,-300]",HR≥75/EDG≥0.0/CV≤0.6/μ≥0.5/TP≥55,39,34,28,6,82.35,3.36,-13.05,19.77,1.142,0.636,11
2026-05,batter_strikeouts,OVER,"[-500,-300]",HR≥75/EDG≥0.0/CV≤0.6/μ≥0.5/TP≥60,39,34,28,6,82.35,3.36,-13.05,19.77,1.142,0.636,11
2026-05,batter_strikeouts,OVER,"[-500,-300]",HR≥75/EDG≥0.0/CV≤0.6/μ≥0.5/TP≥65,39,34,28,6,82.35,3.36,-13.05,19.77,1.142,0.636,11
2026-05,batter_strikeouts,OVER,"[-500,-300]",HR≥75/EDG≥5.0/CV≤-/μ≥-/TP≥-,99,87,66,21,75.86,-4.68,-16.07,6.72,-4.07,0.462,13
2026-05,batter_strikeouts,OVER,"[-500,-300]",HR≥75/EDG≥5.0/CV≤-/μ≥-/TP≥50,99,87,66,21,75.86,-4.68,-16.07,6.72,-4.07,0.462,13
2026-05,batter_strikeouts,OVER,"[-500,-300]",HR≥75/EDG≥5.0/CV≤-/μ≥-/TP≥55,99,87,66,21,75.86,-4.68,-16.07,6.72,-4.07,0.462,13
2026-05,batter_strikeouts,OVER,"[-500,-300]",HR≥75/EDG≥5.0/CV≤-/μ≥-/TP≥60,99,87,66,21,75.86,-4.68,-16.07,6.72,-4.07,0.462,13
2026-05,batter_strikeouts,OVER,"[-500,-300]",HR≥75/EDG≥5.0/CV≤-/μ≥-/TP≥65,99,87,66,21,75.86,-4.68,-16.07,6.72,-4.07,0.462,13
2026-05,batter_strikeouts,OVER,"[-500,-300]",HR≥75/EDG≥5.0/CV≤-/μ≥0.0/TP≥-,99,87,66,21,75.86,-4.68,-16.07,6.72,-4.07,0.462,13
2026-05,batter_strikeouts,OVER,"[-500,-300]",HR≥75/EDG≥5.0/CV≤-/μ≥0.0/TP≥50,99,87,66,21,75.86,-4.68,-16.07,6.72,-4.07,0.462,13
2026-05,batter_strikeouts,OVER,"[-500,-300]",HR≥75/EDG≥5.0/CV≤-/μ≥0.0/TP≥55,99,87,66,21,75.86,-4.68,-16.07,6.72,-4.07,0.462,13
2026-05,batter_strikeouts,OVER,"[-500,-300]",HR≥75/EDG≥5.0/CV≤-/μ≥0.0/TP≥60,99,87,66,21,75.86,-4.68,-16.07,6.72,-4.07,0.462,13
2026-05,batter_strikeouts,OVER,"[-500,-300]",HR≥75/EDG≥5.0/CV≤-/μ≥0.0/TP≥65,99,87,66,21,75.86,-4.68,-16.07,6.72,-4.07,0.462,13
2026-05,batter_strikeouts,OVER,"[-500,-300]",HR≥75/EDG≥5.0/CV≤-/μ≥0.5/TP≥-,99,87,66,21,75.86,-4.68,-16.07,6.72,-4.07,0.462,13
2026-05,batter_strikeouts,OVER,"[-500,-300]",HR≥75/EDG≥5.0/CV≤-/μ≥0.5/TP≥50,99,87,66,21,75.86,-4.68,-16.07,6.72,-4.07,0.462,13
2026-05,batter_strikeouts,OVER,"[-500,-300]",HR≥75/EDG≥5.0/CV≤-/μ≥0.5/TP≥55,99,87,66,21,75.86,-4.68,-16.07,6.72,-4.07,0.462,13
2026-05,batter_strikeouts,OVER,"[-500,-300]",HR≥75/EDG≥5.0/CV≤-/μ≥0.5/TP≥60,99,87,66,21,75.86,-4.68,-16.07,6.72,-4.07,0.462,13
2026-05,batter_strikeouts,OVER,"[-500,-300]",HR≥75/EDG≥5.0/CV≤-/μ≥0.5/TP≥65,99,87,66,21,75.86,-4.68,-16.07,6.72,-4.07,0.462,13
2026-05,batter_strikeouts,OVER,"[-500,-300]",HR≥75/EDG≥5.0/CV≤-/μ≥1.0/TP≥-,80,69,55,14,79.71,-0.05,-12.08,11.98,-0.034,0.5,12
2026-05,batter_strikeouts,OVER,"[-500,-300]",HR≥75/EDG≥5.0/CV≤-/μ≥1.0/TP≥50,80,69,55,14,79.71,-0.05,-12.08,11.98,-0.034,0.5,12
2026-05,batter_strikeouts,OVER,"[-500,-300]",HR≥75/EDG≥5.0/CV≤-/μ≥1.0/TP≥55,80,69,55,14,79.71,-0.05,-12.08,11.98,-0.034,0.5,12
2026-05,batter_strikeouts,OVER,"[-500,-300]",HR≥75/EDG≥5.0/CV≤-/μ≥1.0/TP≥60,80,69,55,14,79.71,-0.05,-12.08,11.98,-0.034,0.5,12
2026-05,batter_strikeouts,OVER,"[-500,-300]",HR≥75/EDG≥5.0/CV≤-/μ≥1.0/TP≥65,80,69,55,14,79.71,-0.05,-12.08,11.98,-0.034,0.5,12
2026-05,batter_strikeouts,OVER,"[-500,-300]",HR≥75/EDG≥5.0/CV≤0.7/μ≥-/TP≥-,62,54,41,13,75.93,-4.26,-18.81,10.29,-2.3,0.417,12
2026-05,batter_strikeouts,OVER,"[-500,-300]",HR≥75/EDG≥5.0/CV≤0.7/μ≥-/TP≥50,62,54,41,13,75.93,-4.26,-18.81,10.29,-2.3,0.417,12
2026-05,batter_strikeouts,OVER,"[-500,-300]",HR≥75/EDG≥5.0/CV≤0.7/μ≥-/TP≥55,62,54,41,13,75.93,-4.26,-18.81,10.29,-2.3,0.417,12
2026-05,batter_strikeouts,OVER,"[-500,-300]",HR≥75/EDG≥5.0/CV≤0.7/μ≥-/TP≥60,62,54,41,13,75.93,-4.26,-18.81,10.29,-2.3,0.417,12
2026-05,batter_strikeouts,OVER,"[-500,-300]",HR≥75/EDG≥5.0/CV≤0.7/μ≥-/TP≥65,62,54,41,13,75.93,-4.26,-18.81,10.29,-2.3,0.417,12
2026-05,batter_strikeouts,OVER,"[-500,-300]",HR≥75/EDG≥5.0/CV≤0.7/μ≥0.0/TP≥-,62,54,41,13,75.93,-4.26,-18.81,10.29,-2.3,0.417,12
2026-05,batter_strikeouts,OVER,"[-500,-300]",HR≥75/EDG≥5.0/CV≤0.7/μ≥0.0/TP≥50,62,54,41,13,75.93,-4.26,-18.81,10.29,-2.3,0.417,12
2026-05,batter_strikeouts,OVER,"[-500,-300]",HR≥75/EDG≥5.0/CV≤0.7/μ≥0.0/TP≥55,62,54,41,13,75.93,-4.26,-18.81,10.29,-2.3,0.417,12
2026-05,batter_strikeouts,OVER,"[-500,-300]",HR≥75/EDG≥5.0/CV≤0.7/μ≥0.0/TP≥60,62,54,41,13,75.93,-4.26,-18.81,10.29,-2.3,0.417,12
2026-05,batter_strikeouts,OVER,"[-500,-300]",HR≥75/EDG≥5.0/CV≤0.7/μ≥0.0/TP≥65,62,54,41,13,75.93,-4.26,-18.81,10.29,-2.3,0.417,12
2026-05,batter_strikeouts,OVER,"[-500,-300]",HR≥75/EDG≥5.0/CV≤0.7/μ≥0.5/TP≥-,62,54,41,13,75.93,-4.26,-18.81,10.29,-2.3,0.417,12
2026-05,batter_strikeouts,OVER,"[-500,-300]",HR≥75/EDG≥5.0/CV≤0.7/μ≥0.5/TP≥50,62,54,41,13,75.93,-4.26,-18.81,10.29,-2.3,0.417,12
2026-05,batter_strikeouts,OVER,"[-500,-300]",HR≥75/EDG≥5.0/CV≤0.7/μ≥0.5/TP≥55,62,54,41,13,75.93,-4.26,-18.81,10.29,-2.3,0.417,12
2026-05,batter_strikeouts,OVER,"[-500,-300]",HR≥75/EDG≥5.0/CV≤0.7/μ≥0.5/TP≥60,62,54,41,13,75.93,-4.26,-18.81,10.29,-2.3,0.417,12
2026-05,batter_strikeouts,OVER,"[-500,-300]",HR≥75/EDG≥5.0/CV≤0.7/μ≥0.5/TP≥65,62,54,41,13,75.93,-4.26,-18.81,10.29,-2.3,0.417,12
2026-05,batter_strikeouts,OVER,"[-500,-300]",HR≥75/EDG≥5.0/CV≤0.7/μ≥1.0/TP≥-,48,40,32,8,80.0,0.5,-15.33,16.32,0.199,0.545,11
2026-05,batter_strikeouts,OVER,"[-500,-300]",HR≥75/EDG≥5.0/CV≤0.7/μ≥1.0/TP≥50,48,40,32,8,80.0,0.5,-15.33,16.32,0.199,0.545,11
2026-05,batter_strikeouts,OVER,"[-500,-300]",HR≥75/EDG≥5.0/CV≤0.7/μ≥1.0/TP≥55,48,40,32,8,80.0,0.5,-15.33,16.32,0.199,0.545,11
2026-05,batter_strikeouts,OVER,"[-500,-300]",HR≥75/EDG≥5.0/CV≤0.7/μ≥1.0/TP≥60,48,40,32,8,80.0,0.5,-15.33,16.32,0.199,0.545,11
2026-05,batter_strikeouts,OVER,"[-500,-300]",HR≥75/EDG≥5.0/CV≤0.7/μ≥1.0/TP≥65,48,40,32,8,80.0,0.5,-15.33,16.32,0.199,0.545,11
2026-05,batter_strikeouts,OVER,"[-500,-300]",HR≥75/EDG≥5.0/CV≤0.6/μ≥-/TP≥-,35,31,25,6,80.65,1.86,-16.06,19.78,0.576,0.6,10
2026-05,batter_strikeouts,OVER,"[-500,-300]",HR≥75/EDG≥5.0/CV≤0.6/μ≥-/TP≥50,35,31,25,6,80.65,1.86,-16.06,19.78,0.576,0.6,10
2026-05,batter_strikeouts,OVER,"[-500,-300]",HR≥75/EDG≥5.0/CV≤0.6/μ≥-/TP≥55,35,31,25,6,80.65,1.86,-16.06,19.78,0.576,0.6,10
2026-05,batter_strikeouts,OVER,"[-500,-300]",HR≥75/EDG≥5.0/CV≤0.6/μ≥-/TP≥60,35,31,25,6,80.65,1.86,-16.06,19.78,0.576,0.6,10
2026-05,batter_strikeouts,OVER,"[-500,-300]",HR≥75/EDG≥5.0/CV≤0.6/μ≥-/TP≥65,35,31,25,6,80.65,1.86,-16.06,19.78,0.576,0.6,10
2026-05,batter_strikeouts,OVER,"[-500,-300]",HR≥75/EDG≥5.0/CV≤0.6/μ≥0.0/TP≥-,35,31,25,6,80.65,1.86,-16.06,19.78,0.576,0.6,10
2026-05,batter_strikeouts,OVER,"[-500,-300]",HR≥75/EDG≥5.0/CV≤0.6/μ≥0.0/TP≥50,35,31,25,6,80.65,1.86,-16.06,19.78,0.576,0.6,10
2026-05,batter_strikeouts,OVER,"[-500,-300]",HR≥75/EDG≥5.0/CV≤0.6/μ≥0.0/TP≥55,35,31,25,6,80.65,1.86,-16.06,19.78,0.576,0.6,10
2026-05,batter_strikeouts,OVER,"[-500,-300]",HR≥75/EDG≥5.0/CV≤0.6/μ≥0.0/TP≥60,35,31,25,6,80.65,1.86,-16.06,19.78,0.576,0.6,10
2026-05,batter_strikeouts,OVER,"[-500,-300]",HR≥75/EDG≥5.0/CV≤0.6/μ≥0.0/TP≥65,35,31,25,6,80.65,1.86,-16.06,19.78,0.576,0.6,10
2026-05,batter_strikeouts,OVER,"[-500,-300]",HR≥75/EDG≥5.0/CV≤0.6/μ≥0.5/TP≥-,35,31,25,6,80.65,1.86,-16.06,19.78,0.576,0.6,10
2026-05,batter_strikeouts,OVER,"[-500,-300]",HR≥75/EDG≥5.0/CV≤0.6/μ≥0.5/TP≥50,35,31,25,6,80.65,1.86,-16.06,19.78,0.576,0.6,10
2026-05,batter_strikeouts,OVER,"[-500,-300]",HR≥75/EDG≥5.0/CV≤0.6/μ≥0.5/TP≥55,35,31,25,6,80.65,1.86,-16.06,19.78,0.576,0.6,10
2026-05,batter_strikeouts,OVER,"[-500,-300]",HR≥75/EDG≥5.0/CV≤0.6/μ≥0.5/TP≥60,35,31,25,6,80.65,1.86,-16.06,19.78,0.576,0.6,10
2026-05,batter_strikeouts,OVER,"[-500,-300]",HR≥75/EDG≥5.0/CV≤0.6/μ≥0.5/TP≥65,35,31,25,6,80.65,1.86,-16.06,19.78,0.576,0.6,10
2026-05,batter_strikeouts,OVER,"[-500,-300]",HR≥75/EDG≥10.0/CV≤-/μ≥-/TP≥-,72,60,46,14,76.67,-3.1,-16.77,10.58,-1.859,0.545,11
2026-05,batter_strikeouts,OVER,"[-500,-300]",HR≥75/EDG≥10.0/CV≤-/μ≥-/TP≥50,72,60,46,14,76.67,-3.1,-16.77,10.58,-1.859,0.545,11
2026-05,batter_strikeouts,OVER,"[-500,-300]",HR≥75/EDG≥10.0/CV≤-/μ≥-/TP≥55,72,60,46,14,76.67,-3.1,-16.77,10.58,-1.859,0.545,11
2026-05,batter_strikeouts,OVER,"[-500,-300]",HR≥75/EDG≥10.0/CV≤-/μ≥-/TP≥60,72,60,46,14,76.67,-3.1,-16.77,10.58,-1.859,0.545,11
2026-05,batter_strikeouts,OVER,"[-500,-300]",HR≥75/EDG≥10.0/CV≤-/μ≥-/TP≥65,72,60,46,14,76.67,-3.1,-16.77,10.58,-1.859,0.545,11
2026-05,batter_strikeouts,OVER,"[-500,-300]",HR≥75/EDG≥10.0/CV≤-/μ≥0.0/TP≥-,72,60,46,14,76.67,-3.1,-16.77,10.58,-1.859,0.545,11
2026-05,batter_strikeouts,OVER,"[-500,-300]",HR≥75/EDG≥10.0/CV≤-/μ≥0.0/TP≥50,72,60,46,14,76.67,-3.1,-16.77,10.58,-1.859,0.545,11
2026-05,batter_strikeouts,OVER,"[-500,-300]",HR≥75/EDG≥10.0/CV≤-/μ≥0.0/TP≥55,72,60,46,14,76.67,-3.1,-16.77,10.58,-1.859,0.545,11
2026-05,batter_strikeouts,OVER,"[-500,-300]",HR≥75/EDG≥10.0/CV≤-/μ≥0.0/TP≥60,72,60,46,14,76.67,-3.1,-16.77,10.58,-1.859,0.545,11
2026-05,batter_strikeouts,OVER,"[-500,-300]",HR≥75/EDG≥10.0/CV≤-/μ≥0.0/TP≥65,72,60,46,14,76.67,-3.1,-16.77,10.58,-1.859,0.545,11
2026-05,batter_strikeouts,OVER,"[-500,-300]",HR≥75/EDG≥10.0/CV≤-/μ≥0.5/TP≥-,72,60,46,14,76.67,-3.1,-16.77,10.58,-1.859,0.545,11
2026-05,batter_strikeouts,OVER,"[-500,-300]",HR≥75/EDG≥10.0/CV≤-/μ≥0.5/TP≥50,72,60,46,14,76.67,-3.1,-16.77,10.58,-1.859,0.545,11
2026-05,batter_strikeouts,OVER,"[-500,-300]",HR≥75/EDG≥10.0/CV≤-/μ≥0.5/TP≥55,72,60,46,14,76.67,-3.1,-16.77,10.58,-1.859,0.545,11
2026-05,batter_strikeouts,OVER,"[-500,-300]",HR≥75/EDG≥10.0/CV≤-/μ≥0.5/TP≥60,72,60,46,14,76.67,-3.1,-16.77,10.58,-1.859,0.545,11
2026-05,batter_strikeouts,OVER,"[-500,-300]",HR≥75/EDG≥10.0/CV≤-/μ≥0.5/TP≥65,72,60,46,14,76.67,-3.1,-16.77,10.58,-1.859,0.545,11
2026-05,batter_strikeouts,OVER,"[-500,-300]",HR≥75/EDG≥10.0/CV≤-/μ≥1.0/TP≥-,65,54,42,12,77.78,-1.89,-16.05,12.27,-1.021,0.545,11
2026-05,batter_strikeouts,OVER,"[-500,-300]",HR≥75/EDG≥10.0/CV≤-/μ≥1.0/TP≥50,65,54,42,12,77.78,-1.89,-16.05,12.27,-1.021,0.545,11
2026-05,batter_strikeouts,OVER,"[-500,-300]",HR≥75/EDG≥10.0/CV≤-/μ≥1.0/TP≥55,65,54,42,12,77.78,-1.89,-16.05,12.27,-1.021,0.545,11
2026-05,batter_strikeouts,OVER,"[-500,-300]",HR≥75/EDG≥10.0/CV≤-/μ≥1.0/TP≥60,65,54,42,12,77.78,-1.89,-16.05,12.27,-1.021,0.545,11
2026-05,batter_strikeouts,OVER,"[-500,-300]",HR≥75/EDG≥10.0/CV≤-/μ≥1.0/TP≥65,65,54,42,12,77.78,-1.89,-16.05,12.27,-1.021,0.545,11
2026-05,batter_strikeouts,OVER,"[-500,-300]",HR≥75/EDG≥10.0/CV≤0.7/μ≥-/TP≥-,46,38,30,8,78.95,0.26,-16.47,16.98,0.097,0.5,10
2026-05,batter_strikeouts,OVER,"[-500,-300]",HR≥75/EDG≥10.0/CV≤0.7/μ≥-/TP≥50,46,38,30,8,78.95,0.26,-16.47,16.98,0.097,0.5,10
2026-05,batter_strikeouts,OVER,"[-500,-300]",HR≥75/EDG≥10.0/CV≤0.7/μ≥-/TP≥55,46,38,30,8,78.95,0.26,-16.47,16.98,0.097,0.5,10
2026-05,batter_strikeouts,OVER,"[-500,-300]",HR≥75/EDG≥10.0/CV≤0.7/μ≥-/TP≥60,46,38,30,8,78.95,0.26,-16.47,16.98,0.097,0.5,10
2026-05,batter_strikeouts,OVER,"[-500,-300]",HR≥75/EDG≥10.0/CV≤0.7/μ≥-/TP≥65,46,38,30,8,78.95,0.26,-16.47,16.98,0.097,0.5,10
2026-05,batter_strikeouts,OVER,"[-500,-300]",HR≥75/EDG≥10.0/CV≤0.7/μ≥0.0/TP≥-,46,38,30,8,78.95,0.26,-16.47,16.98,0.097,0.5,10
2026-05,batter_strikeouts,OVER,"[-500,-300]",HR≥75/EDG≥10.0/CV≤0.7/μ≥0.0/TP≥50,46,38,30,8,78.95,0.26,-16.47,16.98,0.097,0.5,10
2026-05,batter_strikeouts,OVER,"[-500,-300]",HR≥75/EDG≥10.0/CV≤0.7/μ≥0.0/TP≥55,46,38,30,8,78.95,0.26,-16.47,16.98,0.097,0.5,10
2026-05,batter_strikeouts,OVER,"[-500,-300]",HR≥75/EDG≥10.0/CV≤0.7/μ≥0.0/TP≥60,46,38,30,8,78.95,0.26,-16.47,16.98,0.097,0.5,10
2026-05,batter_strikeouts,OVER,"[-500,-300]",HR≥75/EDG≥10.0/CV≤0.7/μ≥0.0/TP≥65,46,38,30,8,78.95,0.26,-16.47,16.98,0.097,0.5,10
2026-05,batter_strikeouts,OVER,"[-500,-300]",HR≥75/EDG≥10.0/CV≤0.7/μ≥0.5/TP≥-,46,38,30,8,78.95,0.26,-16.47,16.98,0.097,0.5,10
2026-05,batter_strikeouts,OVER,"[-500,-300]",HR≥75/EDG≥10.0/CV≤0.7/μ≥0.5/TP≥50,46,38,30,8,78.95,0.26,-16.47,16.98,0.097,0.5,10
2026-05,batter_strikeouts,OVER,"[-500,-300]",HR≥75/EDG≥10.0/CV≤0.7/μ≥0.5/TP≥55,46,38,30,8,78.95,0.26,-16.47,16.98,0.097,0.5,10
2026-05,batter_strikeouts,OVER,"[-500,-300]",HR≥75/EDG≥10.0/CV≤0.7/μ≥0.5/TP≥60,46,38,30,8,78.95,0.26,-16.47,16.98,0.097,0.5,10
2026-05,batter_strikeouts,OVER,"[-500,-300]",HR≥75/EDG≥10.0/CV≤0.7/μ≥0.5/TP≥65,46,38,30,8,78.95,0.26,-16.47,16.98,0.097,0.5,10
2026-05,batter_strikeouts,OVER,"[-500,-300]",HR≥75/EDG≥10.0/CV≤0.7/μ≥1.0/TP≥-,41,33,26,7,78.79,-0.2,-18.19,17.8,-0.065,0.6,10
2026-05,batter_strikeouts,OVER,"[-500,-300]",HR≥75/EDG≥10.0/CV≤0.7/μ≥1.0/TP≥50,41,33,26,7,78.79,-0.2,-18.19,17.8,-0.065,0.6,10
2026-05,batter_strikeouts,OVER,"[-500,-300]",HR≥75/EDG≥10.0/CV≤0.7/μ≥1.0/TP≥55,41,33,26,7,78.79,-0.2,-18.19,17.8,-0.065,0.6,10
2026-05,batter_strikeouts,OVER,"[-500,-300]",HR≥75/EDG≥10.0/CV≤0.7/μ≥1.0/TP≥60,41,33,26,7,78.79,-0.2,-18.19,17.8,-0.065,0.6,10
2026-05,batter_strikeouts,OVER,"[-500,-300]",HR≥75/EDG≥10.0/CV≤0.7/μ≥1.0/TP≥65,41,33,26,7,78.79,-0.2,-18.19,17.8,-0.065,0.6,10
2026-05,earned_runs,OVER,"[-500,-300]",HR≥-/EDG≥-/CV≤-/μ≥-/TP≥-,140,126,75,51,59.52,-26.79,-37.42,-16.17,-33.759,0.143,14
2026-05,earned_runs,OVER,"[-500,-300]",HR≥-/EDG≥-/CV≤-/μ≥-/TP≥50,121,111,66,45,59.46,-26.6,-37.97,-15.24,-29.528,0.143,14
2026-05,earned_runs,OVER,"[-500,-300]",HR≥-/EDG≥-/CV≤-/μ≥-/TP≥55,118,108,64,44,59.26,-26.83,-38.37,-15.3,-28.979,0.143,14
2026-05,earned_runs,OVER,"[-500,-300]",HR≥-/EDG≥-/CV≤-/μ≥-/TP≥60,106,97,59,38,60.82,-25.09,-37.16,-13.02,-24.338,0.143,14
2026-05,earned_runs,OVER,"[-500,-300]",HR≥-/EDG≥-/CV≤-/μ≥-/TP≥65,95,87,54,33,62.07,-23.74,-36.39,-11.1,-20.658,0.143,14
2026-05,earned_runs,OVER,"[-500,-300]",HR≥-/EDG≥-/CV≤-/μ≥0.0/TP≥-,121,111,66,45,59.46,-26.6,-37.97,-15.24,-29.528,0.143,14
2026-05,earned_runs,OVER,"[-500,-300]",HR≥-/EDG≥-/CV≤-/μ≥0.0/TP≥50,121,111,66,45,59.46,-26.6,-37.97,-15.24,-29.528,0.143,14
2026-05,earned_runs,OVER,"[-500,-300]",HR≥-/EDG≥-/CV≤-/μ≥0.0/TP≥55,118,108,64,44,59.26,-26.83,-38.37,-15.3,-28.979,0.143,14
2026-05,earned_runs,OVER,"[-500,-300]",HR≥-/EDG≥-/CV≤-/μ≥0.0/TP≥60,106,97,59,38,60.82,-25.09,-37.16,-13.02,-24.338,0.143,14
2026-05,earned_runs,OVER,"[-500,-300]",HR≥-/EDG≥-/CV≤-/μ≥0.0/TP≥65,95,87,54,33,62.07,-23.74,-36.39,-11.1,-20.658,0.143,14
2026-05,earned_runs,OVER,"[-500,-300]",HR≥-/EDG≥-/CV≤-/μ≥0.5/TP≥-,106,96,58,38,60.42,-25.63,-37.78,-13.49,-24.608,0.143,14
2026-05,earned_runs,OVER,"[-500,-300]",HR≥-/EDG≥-/CV≤-/μ≥0.5/TP≥50,106,96,58,38,60.42,-25.63,-37.78,-13.49,-24.608,0.143,14
2026-05,earned_runs,OVER,"[-500,-300]",HR≥-/EDG≥-/CV≤-/μ≥0.5/TP≥55,106,96,58,38,60.42,-25.63,-37.78,-13.49,-24.608,0.143,14
2026-05,earned_runs,OVER,"[-500,-300]",HR≥-/EDG≥-/CV≤-/μ≥0.5/TP≥60,104,95,58,37,61.05,-24.85,-37.03,-12.67,-23.608,0.143,14
2026-05,earned_runs,OVER,"[-500,-300]",HR≥-/EDG≥-/CV≤-/μ≥0.5/TP≥65,95,87,54,33,62.07,-23.74,-36.39,-11.1,-20.658,0.143,14
2026-05,earned_runs,OVER,"[-500,-300]",HR≥-/EDG≥-/CV≤-/μ≥1.0/TP≥-,67,62,42,20,67.74,-16.9,-31.35,-2.46,-10.48,0.214,14
2026-05,earned_runs,OVER,"[-500,-300]",HR≥-/EDG≥-/CV≤-/μ≥1.0/TP≥50,67,62,42,20,67.74,-16.9,-31.35,-2.46,-10.48,0.214,14
2026-05,earned_runs,OVER,"[-500,-300]",HR≥-/EDG≥-/CV≤-/μ≥1.0/TP≥55,67,62,42,20,67.74,-16.9,-31.35,-2.46,-10.48,0.214,14
2026-05,earned_runs,OVER,"[-500,-300]",HR≥-/EDG≥-/CV≤-/μ≥1.0/TP≥60,67,62,42,20,67.74,-16.9,-31.35,-2.46,-10.48,0.214,14
2026-05,earned_runs,OVER,"[-500,-300]",HR≥-/EDG≥-/CV≤-/μ≥1.0/TP≥65,67,62,42,20,67.74,-16.9,-31.35,-2.46,-10.48,0.214,14
2026-05,earned_runs,OVER,"[-500,-300]",HR≥-/EDG≥-/CV≤0.7/μ≥-/TP≥-,33,30,16,14,53.33,-33.26,-56.05,-10.48,-9.978,0.308,13
2026-05,earned_runs,OVER,"[-500,-300]",HR≥-/EDG≥-5.0/CV≤-/μ≥-/TP≥-,51,50,34,16,68.0,-15.92,-32.13,0.3,-7.958,0.357,14
2026-05,earned_runs,OVER,"[-500,-300]",HR≥-/EDG≥-5.0/CV≤-/μ≥-/TP≥50,51,50,34,16,68.0,-15.92,-32.13,0.3,-7.958,0.357,14
2026-05,earned_runs,OVER,"[-500,-300]",HR≥-/EDG≥-5.0/CV≤-/μ≥-/TP≥55,51,50,34,16,68.0,-15.92,-32.13,0.3,-7.958,0.357,14
2026-05,earned_runs,OVER,"[-500,-300]",HR≥-/EDG≥-5.0/CV≤-/μ≥-/TP≥60,51,50,34,16,68.0,-15.92,-32.13,0.3,-7.958,0.357,14
2026-05,earned_runs,OVER,"[-500,-300]",HR≥-/EDG≥-5.0/CV≤-/μ≥-/TP≥65,51,50,34,16,68.0,-15.92,-32.13,0.3,-7.958,0.357,14
2026-05,earned_runs,OVER,"[-500,-300]",HR≥-/EDG≥-5.0/CV≤-/μ≥0.0/TP≥-,51,50,34,16,68.0,-15.92,-32.13,0.3,-7.958,0.357,14
2026-05,earned_runs,OVER,"[-500,-300]",HR≥-/EDG≥-5.0/CV≤-/μ≥0.0/TP≥50,51,50,34,16,68.0,-15.92,-32.13,0.3,-7.958,0.357,14
2026-05,earned_runs,OVER,"[-500,-300]",HR≥-/EDG≥-5.0/CV≤-/μ≥0.0/TP≥55,51,50,34,16,68.0,-15.92,-32.13,0.3,-7.958,0.357,14
2026-05,earned_runs,OVER,"[-500,-300]",HR≥-/EDG≥-5.0/CV≤-/μ≥0.0/TP≥60,51,50,34,16,68.0,-15.92,-32.13,0.3,-7.958,0.357,14
2026-05,earned_runs,OVER,"[-500,-300]",HR≥-/EDG≥-5.0/CV≤-/μ≥0.0/TP≥65,51,50,34,16,68.0,-15.92,-32.13,0.3,-7.958,0.357,14
2026-05,earned_runs,OVER,"[-500,-300]",HR≥-/EDG≥-5.0/CV≤-/μ≥0.5/TP≥-,51,50,34,16,68.0,-15.92,-32.13,0.3,-7.958,0.357,14
2026-05,earned_runs,OVER,"[-500,-300]",HR≥-/EDG≥-5.0/CV≤-/μ≥0.5/TP≥50,51,50,34,16,68.0,-15.92,-32.13,0.3,-7.958,0.357,14
2026-05,earned_runs,OVER,"[-500,-300]",HR≥-/EDG≥-5.0/CV≤-/μ≥0.5/TP≥55,51,50,34,16,68.0,-15.92,-32.13,0.3,-7.958,0.357,14
2026-05,earned_runs,OVER,"[-500,-300]",HR≥-/EDG≥-5.0/CV≤-/μ≥0.5/TP≥60,51,50,34,16,68.0,-15.92,-32.13,0.3,-7.958,0.357,14
2026-05,earned_runs,OVER,"[-500,-300]",HR≥-/EDG≥-5.0/CV≤-/μ≥0.5/TP≥65,51,50,34,16,68.0,-15.92,-32.13,0.3,-7.958,0.357,14
2026-05,earned_runs,OVER,"[-500,-300]",HR≥-/EDG≥-5.0/CV≤-/μ≥1.0/TP≥-,46,45,31,14,68.89,-15.29,-32.17,1.6,-6.879,0.286,14
2026-05,earned_runs,OVER,"[-500,-300]",HR≥-/EDG≥-5.0/CV≤-/μ≥1.0/TP≥50,46,45,31,14,68.89,-15.29,-32.17,1.6,-6.879,0.286,14
2026-05,earned_runs,OVER,"[-500,-300]",HR≥-/EDG≥-5.0/CV≤-/μ≥1.0/TP≥55,46,45,31,14,68.89,-15.29,-32.17,1.6,-6.879,0.286,14
2026-05,earned_runs,OVER,"[-500,-300]",HR≥-/EDG≥-5.0/CV≤-/μ≥1.0/TP≥60,46,45,31,14,68.89,-15.29,-32.17,1.6,-6.879,0.286,14
2026-05,earned_runs,OVER,"[-500,-300]",HR≥-/EDG≥-5.0/CV≤-/μ≥1.0/TP≥65,46,45,31,14,68.89,-15.29,-32.17,1.6,-6.879,0.286,14
2026-05,earned_runs,OVER,"[-500,-300]",HR≥-/EDG≥0.0/CV≤-/μ≥-/TP≥-,34,33,21,12,63.64,-21.67,-42.26,-1.07,-7.15,0.429,14
2026-05,earned_runs,OVER,"[-500,-300]",HR≥-/EDG≥0.0/CV≤-/μ≥-/TP≥50,34,33,21,12,63.64,-21.67,-42.26,-1.07,-7.15,0.429,14
2026-05,earned_runs,OVER,"[-500,-300]",HR≥-/EDG≥0.0/CV≤-/μ≥-/TP≥55,34,33,21,12,63.64,-21.67,-42.26,-1.07,-7.15,0.429,14
2026-05,earned_runs,OVER,"[-500,-300]",HR≥-/EDG≥0.0/CV≤-/μ≥-/TP≥60,34,33,21,12,63.64,-21.67,-42.26,-1.07,-7.15,0.429,14
2026-05,earned_runs,OVER,"[-500,-300]",HR≥-/EDG≥0.0/CV≤-/μ≥-/TP≥65,34,33,21,12,63.64,-21.67,-42.26,-1.07,-7.15,0.429,14
2026-05,earned_runs,OVER,"[-500,-300]",HR≥-/EDG≥0.0/CV≤-/μ≥0.0/TP≥-,34,33,21,12,63.64,-21.67,-42.26,-1.07,-7.15,0.429,14
2026-05,earned_runs,OVER,"[-500,-300]",HR≥-/EDG≥0.0/CV≤-/μ≥0.0/TP≥50,34,33,21,12,63.64,-21.67,-42.26,-1.07,-7.15,0.429,14
2026-05,earned_runs,OVER,"[-500,-300]",HR≥-/EDG≥0.0/CV≤-/μ≥0.0/TP≥55,34,33,21,12,63.64,-21.67,-42.26,-1.07,-7.15,0.429,14
2026-05,earned_runs,OVER,"[-500,-300]",HR≥-/EDG≥0.0/CV≤-/μ≥0.0/TP≥60,34,33,21,12,63.64,-21.67,-42.26,-1.07,-7.15,0.429,14
2026-05,earned_runs,OVER,"[-500,-300]",HR≥-/EDG≥0.0/CV≤-/μ≥0.0/TP≥65,34,33,21,12,63.64,-21.67,-42.26,-1.07,-7.15,0.429,14
2026-05,earned_runs,OVER,"[-500,-300]",HR≥-/EDG≥0.0/CV≤-/μ≥0.5/TP≥-,34,33,21,12,63.64,-21.67,-42.26,-1.07,-7.15,0.429,14
2026-05,earned_runs,OVER,"[-500,-300]",HR≥-/EDG≥0.0/CV≤-/μ≥0.5/TP≥50,34,33,21,12,63.64,-21.67,-42.26,-1.07,-7.15,0.429,14
2026-05,earned_runs,OVER,"[-500,-300]",HR≥-/EDG≥0.0/CV≤-/μ≥0.5/TP≥55,34,33,21,12,63.64,-21.67,-42.26,-1.07,-7.15,0.429,14
2026-05,earned_runs,OVER,"[-500,-300]",HR≥-/EDG≥0.0/CV≤-/μ≥0.5/TP≥60,34,33,21,12,63.64,-21.67,-42.26,-1.07,-7.15,0.429,14
2026-05,earned_runs,OVER,"[-500,-300]",HR≥-/EDG≥0.0/CV≤-/μ≥0.5/TP≥65,34,33,21,12,63.64,-21.67,-42.26,-1.07,-7.15,0.429,14
2026-05,earned_runs,OVER,"[-500,-300]",HR≥-/EDG≥0.0/CV≤-/μ≥1.0/TP≥-,33,32,21,11,65.62,-19.22,-39.88,1.44,-6.15,0.429,14
2026-05,earned_runs,OVER,"[-500,-300]",HR≥-/EDG≥0.0/CV≤-/μ≥1.0/TP≥50,33,32,21,11,65.62,-19.22,-39.88,1.44,-6.15,0.429,14
2026-05,earned_runs,OVER,"[-500,-300]",HR≥-/EDG≥0.0/CV≤-/μ≥1.0/TP≥55,33,32,21,11,65.62,-19.22,-39.88,1.44,-6.15,0.429,14
2026-05,earned_runs,OVER,"[-500,-300]",HR≥-/EDG≥0.0/CV≤-/μ≥1.0/TP≥60,33,32,21,11,65.62,-19.22,-39.88,1.44,-6.15,0.429,14
2026-05,earned_runs,OVER,"[-500,-300]",HR≥-/EDG≥0.0/CV≤-/μ≥1.0/TP≥65,33,32,21,11,65.62,-19.22,-39.88,1.44,-6.15,0.429,14
2026-05,earned_runs,OVER,"[-500,-300]",HR≥45/EDG≥-/CV≤-/μ≥-/TP≥-,118,106,65,41,61.32,-25.01,-36.45,-13.57,-26.509,0.214,14
2026-05,earned_runs,OVER,"[-500,-300]",HR≥45/EDG≥-/CV≤-/μ≥-/TP≥50,105,95,59,36,62.11,-23.79,-35.87,-11.71,-22.598,0.214,14
2026-05,earned_runs,OVER,"[-500,-300]",HR≥45/EDG≥-/CV≤-/μ≥-/TP≥55,102,92,57,35,61.96,-23.97,-36.25,-11.68,-22.049,0.214,14
2026-05,earned_runs,OVER,"[-500,-300]",HR≥45/EDG≥-/CV≤-/μ≥-/TP≥60,95,86,55,31,63.95,-21.57,-34.13,-9.0,-18.548,0.214,14
2026-05,earned_runs,OVER,"[-500,-300]",HR≥45/EDG≥-/CV≤-/μ≥-/TP≥65,86,78,51,27,65.38,-20.01,-33.06,-6.96,-15.609,0.214,14
2026-05,earned_runs,OVER,"[-500,-300]",HR≥45/EDG≥-/CV≤-/μ≥0.0/TP≥-,105,95,59,36,62.11,-23.79,-35.87,-11.71,-22.598,0.214,14
2026-05,earned_runs,OVER,"[-500,-300]",HR≥45/EDG≥-/CV≤-/μ≥0.0/TP≥50,105,95,59,36,62.11,-23.79,-35.87,-11.71,-22.598,0.214,14
2026-05,earned_runs,OVER,"[-500,-300]",HR≥45/EDG≥-/CV≤-/μ≥0.0/TP≥55,102,92,57,35,61.96,-23.97,-36.25,-11.68,-22.049,0.214,14
2026-05,earned_runs,OVER,"[-500,-300]",HR≥45/EDG≥-/CV≤-/μ≥0.0/TP≥60,95,86,55,31,63.95,-21.57,-34.13,-9.0,-18.548,0.214,14
2026-05,earned_runs,OVER,"[-500,-300]",HR≥45/EDG≥-/CV≤-/μ≥0.0/TP≥65,86,78,51,27,65.38,-20.01,-33.06,-6.96,-15.609,0.214,14
2026-05,earned_runs,OVER,"[-500,-300]",HR≥45/EDG≥-/CV≤-/μ≥0.5/TP≥-,96,86,54,32,62.79,-23.05,-35.69,-10.4,-19.819,0.214,14
2026-05,earned_runs,OVER,"[-500,-300]",HR≥45/EDG≥-/CV≤-/μ≥0.5/TP≥50,96,86,54,32,62.79,-23.05,-35.69,-10.4,-19.819,0.214,14
2026-05,earned_runs,OVER,"[-500,-300]",HR≥45/EDG≥-/CV≤-/μ≥0.5/TP≥55,96,86,54,32,62.79,-23.05,-35.69,-10.4,-19.819,0.214,14
2026-05,earned_runs,OVER,"[-500,-300]",HR≥45/EDG≥-/CV≤-/μ≥0.5/TP≥60,94,85,54,31,63.53,-22.14,-34.8,-9.48,-18.819,0.214,14
2026-05,earned_runs,OVER,"[-500,-300]",HR≥45/EDG≥-/CV≤-/μ≥0.5/TP≥65,86,78,51,27,65.38,-20.01,-33.06,-6.96,-15.609,0.214,14
2026-05,earned_runs,OVER,"[-500,-300]",HR≥45/EDG≥-/CV≤-/μ≥1.0/TP≥-,63,58,41,17,70.69,-13.46,-27.99,1.06,-7.81,0.286,14
2026-05,earned_runs,OVER,"[-500,-300]",HR≥45/EDG≥-/CV≤-/μ≥1.0/TP≥50,63,58,41,17,70.69,-13.46,-27.99,1.06,-7.81,0.286,14
2026-05,earned_runs,OVER,"[-500,-300]",HR≥45/EDG≥-/CV≤-/μ≥1.0/TP≥55,63,58,41,17,70.69,-13.46,-27.99,1.06,-7.81,0.286,14
2026-05,earned_runs,OVER,"[-500,-300]",HR≥45/EDG≥-/CV≤-/μ≥1.0/TP≥60,63,58,41,17,70.69,-13.46,-27.99,1.06,-7.81,0.286,14
2026-05,earned_runs,OVER,"[-500,-300]",HR≥45/EDG≥-/CV≤-/μ≥1.0/TP≥65,63,58,41,17,70.69,-13.46,-27.99,1.06,-7.81,0.286,14
2026-05,earned_runs,OVER,"[-500,-300]",HR≥45/EDG≥-5.0/CV≤-/μ≥-/TP≥-,46,45,32,13,71.11,-12.4,-28.96,4.17,-5.579,0.429,14
2026-05,earned_runs,OVER,"[-500,-300]",HR≥45/EDG≥-5.0/CV≤-/μ≥-/TP≥50,46,45,32,13,71.11,-12.4,-28.96,4.17,-5.579,0.429,14
2026-05,earned_runs,OVER,"[-500,-300]",HR≥45/EDG≥-5.0/CV≤-/μ≥-/TP≥55,46,45,32,13,71.11,-12.4,-28.96,4.17,-5.579,0.429,14
2026-05,earned_runs,OVER,"[-500,-300]",HR≥45/EDG≥-5.0/CV≤-/μ≥-/TP≥60,46,45,32,13,71.11,-12.4,-28.96,4.17,-5.579,0.429,14
2026-05,earned_runs,OVER,"[-500,-300]",HR≥45/EDG≥-5.0/CV≤-/μ≥-/TP≥65,46,45,32,13,71.11,-12.4,-28.96,4.17,-5.579,0.429,14
2026-05,earned_runs,OVER,"[-500,-300]",HR≥45/EDG≥-5.0/CV≤-/μ≥0.0/TP≥-,46,45,32,13,71.11,-12.4,-28.96,4.17,-5.579,0.429,14
2026-05,earned_runs,OVER,"[-500,-300]",HR≥45/EDG≥-5.0/CV≤-/μ≥0.0/TP≥50,46,45,32,13,71.11,-12.4,-28.96,4.17,-5.579,0.429,14
2026-05,earned_runs,OVER,"[-500,-300]",HR≥45/EDG≥-5.0/CV≤-/μ≥0.0/TP≥55,46,45,32,13,71.11,-12.4,-28.96,4.17,-5.579,0.429,14
2026-05,earned_runs,OVER,"[-500,-300]",HR≥45/EDG≥-5.0/CV≤-/μ≥0.0/TP≥60,46,45,32,13,71.11,-12.4,-28.96,4.17,-5.579,0.429,14
2026-05,earned_runs,OVER,"[-500,-300]",HR≥45/EDG≥-5.0/CV≤-/μ≥0.0/TP≥65,46,45,32,13,71.11,-12.4,-28.96,4.17,-5.579,0.429,14
2026-05,earned_runs,OVER,"[-500,-300]",HR≥45/EDG≥-5.0/CV≤-/μ≥0.5/TP≥-,46,45,32,13,71.11,-12.4,-28.96,4.17,-5.579,0.429,14
2026-05,earned_runs,OVER,"[-500,-300]",HR≥45/EDG≥-5.0/CV≤-/μ≥0.5/TP≥50,46,45,32,13,71.11,-12.4,-28.96,4.17,-5.579,0.429,14
2026-05,earned_runs,OVER,"[-500,-300]",HR≥45/EDG≥-5.0/CV≤-/μ≥0.5/TP≥55,46,45,32,13,71.11,-12.4,-28.96,4.17,-5.579,0.429,14
2026-05,earned_runs,OVER,"[-500,-300]",HR≥45/EDG≥-5.0/CV≤-/μ≥0.5/TP≥60,46,45,32,13,71.11,-12.4,-28.96,4.17,-5.579,0.429,14
2026-05,earned_runs,OVER,"[-500,-300]",HR≥45/EDG≥-5.0/CV≤-/μ≥0.5/TP≥65,46,45,32,13,71.11,-12.4,-28.96,4.17,-5.579,0.429,14
2026-05,earned_runs,OVER,"[-500,-300]",HR≥45/EDG≥-5.0/CV≤-/μ≥1.0/TP≥-,43,42,31,11,73.81,-9.24,-25.86,7.39,-3.879,0.357,14
2026-05,earned_runs,OVER,"[-500,-300]",HR≥45/EDG≥-5.0/CV≤-/μ≥1.0/TP≥50,43,42,31,11,73.81,-9.24,-25.86,7.39,-3.879,0.357,14
2026-05,earned_runs,OVER,"[-500,-300]",HR≥45/EDG≥-5.0/CV≤-/μ≥1.0/TP≥55,43,42,31,11,73.81,-9.24,-25.86,7.39,-3.879,0.357,14
2026-05,earned_runs,OVER,"[-500,-300]",HR≥45/EDG≥-5.0/CV≤-/μ≥1.0/TP≥60,43,42,31,11,73.81,-9.24,-25.86,7.39,-3.879,0.357,14
2026-05,earned_runs,OVER,"[-500,-300]",HR≥45/EDG≥-5.0/CV≤-/μ≥1.0/TP≥65,43,42,31,11,73.81,-9.24,-25.86,7.39,-3.879,0.357,14
2026-05,earned_runs,OVER,"[-500,-300]",HR≥45/EDG≥0.0/CV≤-/μ≥-/TP≥-,31,30,21,9,70.0,-13.83,-34.46,6.79,-4.15,0.5,14
2026-05,earned_runs,OVER,"[-500,-300]",HR≥45/EDG≥0.0/CV≤-/μ≥-/TP≥50,31,30,21,9,70.0,-13.83,-34.46,6.79,-4.15,0.5,14
2026-05,earned_runs,OVER,"[-500,-300]",HR≥45/EDG≥0.0/CV≤-/μ≥-/TP≥55,31,30,21,9,70.0,-13.83,-34.46,6.79,-4.15,0.5,14
2026-05,earned_runs,OVER,"[-500,-300]",HR≥45/EDG≥0.0/CV≤-/μ≥-/TP≥60,31,30,21,9,70.0,-13.83,-34.46,6.79,-4.15,0.5,14
2026-05,earned_runs,OVER,"[-500,-300]",HR≥45/EDG≥0.0/CV≤-/μ≥-/TP≥65,31,30,21,9,70.0,-13.83,-34.46,6.79,-4.15,0.5,14
2026-05,earned_runs,OVER,"[-500,-300]",HR≥45/EDG≥0.0/CV≤-/μ≥0.0/TP≥-,31,30,21,9,70.0,-13.83,-34.46,6.79,-4.15,0.5,14
2026-05,earned_runs,OVER,"[-500,-300]",HR≥45/EDG≥0.0/CV≤-/μ≥0.0/TP≥50,31,30,21,9,70.0,-13.83,-34.46,6.79,-4.15,0.5,14
2026-05,earned_runs,OVER,"[-500,-300]",HR≥45/EDG≥0.0/CV≤-/μ≥0.0/TP≥55,31,30,21,9,70.0,-13.83,-34.46,6.79,-4.15,0.5,14
2026-05,earned_runs,OVER,"[-500,-300]",HR≥45/EDG≥0.0/CV≤-/μ≥0.0/TP≥60,31,30,21,9,70.0,-13.83,-34.46,6.79,-4.15,0.5,14
2026-05,earned_runs,OVER,"[-500,-300]",HR≥45/EDG≥0.0/CV≤-/μ≥0.0/TP≥65,31,30,21,9,70.0,-13.83,-34.46,6.79,-4.15,0.5,14
2026-05,earned_runs,OVER,"[-500,-300]",HR≥45/EDG≥0.0/CV≤-/μ≥0.5/TP≥-,31,30,21,9,70.0,-13.83,-34.46,6.79,-4.15,0.5,14
2026-05,earned_runs,OVER,"[-500,-300]",HR≥45/EDG≥0.0/CV≤-/μ≥0.5/TP≥50,31,30,21,9,70.0,-13.83,-34.46,6.79,-4.15,0.5,14
2026-05,earned_runs,OVER,"[-500,-300]",HR≥45/EDG≥0.0/CV≤-/μ≥0.5/TP≥55,31,30,21,9,70.0,-13.83,-34.46,6.79,-4.15,0.5,14
2026-05,earned_runs,OVER,"[-500,-300]",HR≥45/EDG≥0.0/CV≤-/μ≥0.5/TP≥60,31,30,21,9,70.0,-13.83,-34.46,6.79,-4.15,0.5,14
2026-05,earned_runs,OVER,"[-500,-300]",HR≥45/EDG≥0.0/CV≤-/μ≥0.5/TP≥65,31,30,21,9,70.0,-13.83,-34.46,6.79,-4.15,0.5,14
2026-05,earned_runs,OVER,"[-500,-300]",HR≥50/EDG≥-/CV≤-/μ≥-/TP≥-,110,98,61,37,62.24,-23.98,-35.81,-12.15,-23.499,0.214,14
2026-05,earned_runs,OVER,"[-500,-300]",HR≥50/EDG≥-/CV≤-/μ≥-/TP≥50,99,89,56,33,62.92,-23.0,-35.4,-10.6,-20.469,0.214,14
2026-05,earned_runs,OVER,"[-500,-300]",HR≥50/EDG≥-/CV≤-/μ≥-/TP≥55,97,87,54,33,62.07,-24.05,-36.64,-11.45,-20.919,0.214,14
2026-05,earned_runs,OVER,"[-500,-300]",HR≥50/EDG≥-/CV≤-/μ≥-/TP≥60,91,82,52,30,63.41,-22.46,-35.34,-9.59,-18.419,0.214,14
2026-05,earned_runs,OVER,"[-500,-300]",HR≥50/EDG≥-/CV≤-/μ≥-/TP≥65,82,74,48,26,64.86,-20.92,-34.32,-7.51,-15.479,0.214,14
2026-05,earned_runs,OVER,"[-500,-300]",HR≥50/EDG≥-/CV≤-/μ≥0.0/TP≥-,99,89,56,33,62.92,-23.0,-35.4,-10.6,-20.469,0.214,14
2026-05,earned_runs,OVER,"[-500,-300]",HR≥50/EDG≥-/CV≤-/μ≥0.0/TP≥50,99,89,56,33,62.92,-23.0,-35.4,-10.6,-20.469,0.214,14
2026-05,earned_runs,OVER,"[-500,-300]",HR≥50/EDG≥-/CV≤-/μ≥0.0/TP≥55,97,87,54,33,62.07,-24.05,-36.64,-11.45,-20.919,0.214,14
2026-05,earned_runs,OVER,"[-500,-300]",HR≥50/EDG≥-/CV≤-/μ≥0.0/TP≥60,91,82,52,30,63.41,-22.46,-35.34,-9.59,-18.419,0.214,14
2026-05,earned_runs,OVER,"[-500,-300]",HR≥50/EDG≥-/CV≤-/μ≥0.0/TP≥65,82,74,48,26,64.86,-20.92,-34.32,-7.51,-15.479,0.214,14
2026-05,earned_runs,OVER,"[-500,-300]",HR≥50/EDG≥-/CV≤-/μ≥0.5/TP≥-,92,82,51,31,62.2,-24.01,-36.96,-11.06,-19.689,0.214,14
2026-05,earned_runs,OVER,"[-500,-300]",HR≥50/EDG≥-/CV≤-/μ≥0.5/TP≥50,92,82,51,31,62.2,-24.01,-36.96,-11.06,-19.689,0.214,14
2026-05,earned_runs,OVER,"[-500,-300]",HR≥50/EDG≥-/CV≤-/μ≥0.5/TP≥55,92,82,51,31,62.2,-24.01,-36.96,-11.06,-19.689,0.214,14
2026-05,earned_runs,OVER,"[-500,-300]",HR≥50/EDG≥-/CV≤-/μ≥0.5/TP≥60,90,81,51,30,62.96,-23.07,-36.05,-10.09,-18.689,0.214,14
2026-05,earned_runs,OVER,"[-500,-300]",HR≥50/EDG≥-/CV≤-/μ≥0.5/TP≥65,82,74,48,26,64.86,-20.92,-34.32,-7.51,-15.479,0.214,14
2026-05,earned_runs,OVER,"[-500,-300]",HR≥50/EDG≥-/CV≤-/μ≥1.0/TP≥-,61,56,39,17,69.64,-14.98,-29.87,-0.09,-8.39,0.214,14
2026-05,earned_runs,OVER,"[-500,-300]",HR≥50/EDG≥-/CV≤-/μ≥1.0/TP≥50,61,56,39,17,69.64,-14.98,-29.87,-0.09,-8.39,0.214,14
2026-05,earned_runs,OVER,"[-500,-300]",HR≥50/EDG≥-/CV≤-/μ≥1.0/TP≥55,61,56,39,17,69.64,-14.98,-29.87,-0.09,-8.39,0.214,14
2026-05,earned_runs,OVER,"[-500,-300]",HR≥50/EDG≥-/CV≤-/μ≥1.0/TP≥60,61,56,39,17,69.64,-14.98,-29.87,-0.09,-8.39,0.214,14
2026-05,earned_runs,OVER,"[-500,-300]",HR≥50/EDG≥-/CV≤-/μ≥1.0/TP≥65,61,56,39,17,69.64,-14.98,-29.87,-0.09,-8.39,0.214,14
2026-05,earned_runs,OVER,"[-500,-300]",HR≥50/EDG≥-5.0/CV≤-/μ≥-/TP≥-,44,43,30,13,69.77,-14.32,-31.45,2.8,-6.159,0.357,14
2026-05,earned_runs,OVER,"[-500,-300]",HR≥50/EDG≥-5.0/CV≤-/μ≥-/TP≥50,44,43,30,13,69.77,-14.32,-31.45,2.8,-6.159,0.357,14
2026-05,earned_runs,OVER,"[-500,-300]",HR≥50/EDG≥-5.0/CV≤-/μ≥-/TP≥55,44,43,30,13,69.77,-14.32,-31.45,2.8,-6.159,0.357,14
2026-05,earned_runs,OVER,"[-500,-300]",HR≥50/EDG≥-5.0/CV≤-/μ≥-/TP≥60,44,43,30,13,69.77,-14.32,-31.45,2.8,-6.159,0.357,14
2026-05,earned_runs,OVER,"[-500,-300]",HR≥50/EDG≥-5.0/CV≤-/μ≥-/TP≥65,44,43,30,13,69.77,-14.32,-31.45,2.8,-6.159,0.357,14
2026-05,earned_runs,OVER,"[-500,-300]",HR≥50/EDG≥-5.0/CV≤-/μ≥0.0/TP≥-,44,43,30,13,69.77,-14.32,-31.45,2.8,-6.159,0.357,14
2026-05,earned_runs,OVER,"[-500,-300]",HR≥50/EDG≥-5.0/CV≤-/μ≥0.0/TP≥50,44,43,30,13,69.77,-14.32,-31.45,2.8,-6.159,0.357,14
2026-05,earned_runs,OVER,"[-500,-300]",HR≥50/EDG≥-5.0/CV≤-/μ≥0.0/TP≥55,44,43,30,13,69.77,-14.32,-31.45,2.8,-6.159,0.357,14
2026-05,earned_runs,OVER,"[-500,-300]",HR≥50/EDG≥-5.0/CV≤-/μ≥0.0/TP≥60,44,43,30,13,69.77,-14.32,-31.45,2.8,-6.159,0.357,14
2026-05,earned_runs,OVER,"[-500,-300]",HR≥50/EDG≥-5.0/CV≤-/μ≥0.0/TP≥65,44,43,30,13,69.77,-14.32,-31.45,2.8,-6.159,0.357,14
2026-05,earned_runs,OVER,"[-500,-300]",HR≥50/EDG≥-5.0/CV≤-/μ≥0.5/TP≥-,44,43,30,13,69.77,-14.32,-31.45,2.8,-6.159,0.357,14
2026-05,earned_runs,OVER,"[-500,-300]",HR≥50/EDG≥-5.0/CV≤-/μ≥0.5/TP≥50,44,43,30,13,69.77,-14.32,-31.45,2.8,-6.159,0.357,14
2026-05,earned_runs,OVER,"[-500,-300]",HR≥50/EDG≥-5.0/CV≤-/μ≥0.5/TP≥55,44,43,30,13,69.77,-14.32,-31.45,2.8,-6.159,0.357,14
2026-05,earned_runs,OVER,"[-500,-300]",HR≥50/EDG≥-5.0/CV≤-/μ≥0.5/TP≥60,44,43,30,13,69.77,-14.32,-31.45,2.8,-6.159,0.357,14
2026-05,earned_runs,OVER,"[-500,-300]",HR≥50/EDG≥-5.0/CV≤-/μ≥0.5/TP≥65,44,43,30,13,69.77,-14.32,-31.45,2.8,-6.159,0.357,14
2026-05,earned_runs,OVER,"[-500,-300]",HR≥50/EDG≥-5.0/CV≤-/μ≥1.0/TP≥-,41,40,29,11,72.5,-11.15,-28.4,6.1,-4.46,0.286,14
2026-05,earned_runs,OVER,"[-500,-300]",HR≥50/EDG≥-5.0/CV≤-/μ≥1.0/TP≥50,41,40,29,11,72.5,-11.15,-28.4,6.1,-4.46,0.286,14
2026-05,earned_runs,OVER,"[-500,-300]",HR≥50/EDG≥-5.0/CV≤-/μ≥1.0/TP≥55,41,40,29,11,72.5,-11.15,-28.4,6.1,-4.46,0.286,14
2026-05,earned_runs,OVER,"[-500,-300]",HR≥50/EDG≥-5.0/CV≤-/μ≥1.0/TP≥60,41,40,29,11,72.5,-11.15,-28.4,6.1,-4.46,0.286,14
2026-05,earned_runs,OVER,"[-500,-300]",HR≥50/EDG≥-5.0/CV≤-/μ≥1.0/TP≥65,41,40,29,11,72.5,-11.15,-28.4,6.1,-4.46,0.286,14
2026-05,earned_runs,OVER,"[-500,-300]",HR≥55/EDG≥-/CV≤-/μ≥-/TP≥-,93,86,53,33,61.63,-25.08,-37.7,-12.46,-21.569,0.214,14
2026-05,earned_runs,OVER,"[-500,-300]",HR≥55/EDG≥-/CV≤-/μ≥-/TP≥50,86,80,50,30,62.5,-23.74,-36.81,-10.66,-18.988,0.214,14
2026-05,earned_runs,OVER,"[-500,-300]",HR≥55/EDG≥-/CV≤-/μ≥-/TP≥55,84,78,48,30,61.54,-24.92,-38.23,-11.62,-19.439,0.214,14
2026-05,earned_runs,OVER,"[-500,-300]",HR≥55/EDG≥-/CV≤-/μ≥-/TP≥60,81,75,48,27,64.0,-21.92,-35.31,-8.53,-16.439,0.214,14
2026-05,earned_runs,OVER,"[-500,-300]",HR≥55/EDG≥-/CV≤-/μ≥-/TP≥65,75,69,46,23,66.67,-18.72,-32.44,-5.01,-12.919,0.214,14
2026-05,earned_runs,OVER,"[-500,-300]",HR≥55/EDG≥-/CV≤-/μ≥0.0/TP≥-,86,80,50,30,62.5,-23.74,-36.81,-10.66,-18.988,0.214,14
2026-05,earned_runs,OVER,"[-500,-300]",HR≥55/EDG≥-/CV≤-/μ≥0.0/TP≥50,86,80,50,30,62.5,-23.74,-36.81,-10.66,-18.988,0.214,14
2026-05,earned_runs,OVER,"[-500,-300]",HR≥55/EDG≥-/CV≤-/μ≥0.0/TP≥55,84,78,48,30,61.54,-24.92,-38.23,-11.62,-19.439,0.214,14
2026-05,earned_runs,OVER,"[-500,-300]",HR≥55/EDG≥-/CV≤-/μ≥0.0/TP≥60,81,75,48,27,64.0,-21.92,-35.31,-8.53,-16.439,0.214,14
2026-05,earned_runs,OVER,"[-500,-300]",HR≥55/EDG≥-/CV≤-/μ≥0.0/TP≥65,75,69,46,23,66.67,-18.72,-32.44,-5.01,-12.919,0.214,14
2026-05,earned_runs,OVER,"[-500,-300]",HR≥55/EDG≥-/CV≤-/μ≥0.5/TP≥-,82,76,48,28,63.16,-22.95,-36.31,-9.58,-17.439,0.214,14
2026-05,earned_runs,OVER,"[-500,-300]",HR≥55/EDG≥-/CV≤-/μ≥0.5/TP≥50,82,76,48,28,63.16,-22.95,-36.31,-9.58,-17.439,0.214,14
2026-05,earned_runs,OVER,"[-500,-300]",HR≥55/EDG≥-/CV≤-/μ≥0.5/TP≥55,82,76,48,28,63.16,-22.95,-36.31,-9.58,-17.439,0.214,14
2026-05,earned_runs,OVER,"[-500,-300]",HR≥55/EDG≥-/CV≤-/μ≥0.5/TP≥60,81,75,48,27,64.0,-21.92,-35.31,-8.53,-16.439,0.214,14
2026-05,earned_runs,OVER,"[-500,-300]",HR≥55/EDG≥-/CV≤-/μ≥0.5/TP≥65,75,69,46,23,66.67,-18.72,-32.44,-5.01,-12.919,0.214,14
2026-05,earned_runs,OVER,"[-500,-300]",HR≥55/EDG≥-/CV≤-/μ≥1.0/TP≥-,58,54,38,16,70.37,-13.94,-29.04,1.15,-7.53,0.286,14
2026-05,earned_runs,OVER,"[-500,-300]",HR≥55/EDG≥-/CV≤-/μ≥1.0/TP≥50,58,54,38,16,70.37,-13.94,-29.04,1.15,-7.53,0.286,14
2026-05,earned_runs,OVER,"[-500,-300]",HR≥55/EDG≥-/CV≤-/μ≥1.0/TP≥55,58,54,38,16,70.37,-13.94,-29.04,1.15,-7.53,0.286,14
2026-05,earned_runs,OVER,"[-500,-300]",HR≥55/EDG≥-/CV≤-/μ≥1.0/TP≥60,58,54,38,16,70.37,-13.94,-29.04,1.15,-7.53,0.286,14
2026-05,earned_runs,OVER,"[-500,-300]",HR≥55/EDG≥-/CV≤-/μ≥1.0/TP≥65,58,54,38,16,70.37,-13.94,-29.04,1.15,-7.53,0.286,14
2026-05,earned_runs,OVER,"[-500,-300]",HR≥55/EDG≥-5.0/CV≤-/μ≥-/TP≥-,43,42,29,13,69.05,-15.38,-32.79,2.03,-6.46,0.286,14
2026-05,earned_runs,OVER,"[-500,-300]",HR≥55/EDG≥-5.0/CV≤-/μ≥-/TP≥50,43,42,29,13,69.05,-15.38,-32.79,2.03,-6.46,0.286,14
2026-05,earned_runs,OVER,"[-500,-300]",HR≥55/EDG≥-5.0/CV≤-/μ≥-/TP≥55,43,42,29,13,69.05,-15.38,-32.79,2.03,-6.46,0.286,14
2026-05,earned_runs,OVER,"[-500,-300]",HR≥55/EDG≥-5.0/CV≤-/μ≥-/TP≥60,43,42,29,13,69.05,-15.38,-32.79,2.03,-6.46,0.286,14
2026-05,earned_runs,OVER,"[-500,-300]",HR≥55/EDG≥-5.0/CV≤-/μ≥-/TP≥65,43,42,29,13,69.05,-15.38,-32.79,2.03,-6.46,0.286,14
2026-05,earned_runs,OVER,"[-500,-300]",HR≥55/EDG≥-5.0/CV≤-/μ≥0.0/TP≥-,43,42,29,13,69.05,-15.38,-32.79,2.03,-6.46,0.286,14
2026-05,earned_runs,OVER,"[-500,-300]",HR≥55/EDG≥-5.0/CV≤-/μ≥0.0/TP≥50,43,42,29,13,69.05,-15.38,-32.79,2.03,-6.46,0.286,14
2026-05,earned_runs,OVER,"[-500,-300]",HR≥55/EDG≥-5.0/CV≤-/μ≥0.0/TP≥55,43,42,29,13,69.05,-15.38,-32.79,2.03,-6.46,0.286,14
2026-05,earned_runs,OVER,"[-500,-300]",HR≥55/EDG≥-5.0/CV≤-/μ≥0.0/TP≥60,43,42,29,13,69.05,-15.38,-32.79,2.03,-6.46,0.286,14
2026-05,earned_runs,OVER,"[-500,-300]",HR≥55/EDG≥-5.0/CV≤-/μ≥0.0/TP≥65,43,42,29,13,69.05,-15.38,-32.79,2.03,-6.46,0.286,14
2026-05,earned_runs,OVER,"[-500,-300]",HR≥55/EDG≥-5.0/CV≤-/μ≥0.5/TP≥-,43,42,29,13,69.05,-15.38,-32.79,2.03,-6.46,0.286,14
2026-05,earned_runs,OVER,"[-500,-300]",HR≥55/EDG≥-5.0/CV≤-/μ≥0.5/TP≥50,43,42,29,13,69.05,-15.38,-32.79,2.03,-6.46,0.286,14
2026-05,earned_runs,OVER,"[-500,-300]",HR≥55/EDG≥-5.0/CV≤-/μ≥0.5/TP≥55,43,42,29,13,69.05,-15.38,-32.79,2.03,-6.46,0.286,14
2026-05,earned_runs,OVER,"[-500,-300]",HR≥55/EDG≥-5.0/CV≤-/μ≥0.5/TP≥60,43,42,29,13,69.05,-15.38,-32.79,2.03,-6.46,0.286,14
2026-05,earned_runs,OVER,"[-500,-300]",HR≥55/EDG≥-5.0/CV≤-/μ≥0.5/TP≥65,43,42,29,13,69.05,-15.38,-32.79,2.03,-6.46,0.286,14
2026-05,earned_runs,OVER,"[-500,-300]",HR≥55/EDG≥-5.0/CV≤-/μ≥1.0/TP≥-,41,40,29,11,72.5,-11.15,-28.4,6.1,-4.46,0.286,14
2026-05,earned_runs,OVER,"[-500,-300]",HR≥55/EDG≥-5.0/CV≤-/μ≥1.0/TP≥50,41,40,29,11,72.5,-11.15,-28.4,6.1,-4.46,0.286,14
2026-05,earned_runs,OVER,"[-500,-300]",HR≥55/EDG≥-5.0/CV≤-/μ≥1.0/TP≥55,41,40,29,11,72.5,-11.15,-28.4,6.1,-4.46,0.286,14
2026-05,earned_runs,OVER,"[-500,-300]",HR≥55/EDG≥-5.0/CV≤-/μ≥1.0/TP≥60,41,40,29,11,72.5,-11.15,-28.4,6.1,-4.46,0.286,14
2026-05,earned_runs,OVER,"[-500,-300]",HR≥55/EDG≥-5.0/CV≤-/μ≥1.0/TP≥65,41,40,29,11,72.5,-11.15,-28.4,6.1,-4.46,0.286,14
2026-05,earned_runs,OVER,"[-500,-300]",HR≥60/EDG≥-/CV≤-/μ≥-/TP≥-,85,79,49,30,62.03,-24.53,-37.69,-11.37,-19.378,0.286,14
2026-05,earned_runs,OVER,"[-500,-300]",HR≥60/EDG≥-/CV≤-/μ≥-/TP≥50,79,74,47,27,63.51,-22.55,-36.07,-9.03,-16.688,0.286,14
2026-05,earned_runs,OVER,"[-500,-300]",HR≥60/EDG≥-/CV≤-/μ≥-/TP≥55,77,72,45,27,62.5,-23.8,-37.58,-10.02,-17.139,0.286,14
2026-05,earned_runs,OVER,"[-500,-300]",HR≥60/EDG≥-/CV≤-/μ≥-/TP≥60,75,70,45,25,64.29,-21.63,-35.46,-7.79,-15.139,0.286,14
2026-05,earned_runs,OVER,"[-500,-300]",HR≥60/EDG≥-/CV≤-/μ≥-/TP≥65,69,64,43,21,67.19,-18.15,-32.34,-3.97,-11.619,0.357,14
2026-05,earned_runs,OVER,"[-500,-300]",HR≥60/EDG≥-/CV≤-/μ≥0.0/TP≥-,79,74,47,27,63.51,-22.55,-36.07,-9.03,-16.688,0.286,14
2026-05,earned_runs,OVER,"[-500,-300]",HR≥60/EDG≥-/CV≤-/μ≥0.0/TP≥50,79,74,47,27,63.51,-22.55,-36.07,-9.03,-16.688,0.286,14
2026-05,earned_runs,OVER,"[-500,-300]",HR≥60/EDG≥-/CV≤-/μ≥0.0/TP≥55,77,72,45,27,62.5,-23.8,-37.58,-10.02,-17.139,0.286,14
2026-05,earned_runs,OVER,"[-500,-300]",HR≥60/EDG≥-/CV≤-/μ≥0.0/TP≥60,75,70,45,25,64.29,-21.63,-35.46,-7.79,-15.139,0.286,14
2026-05,earned_runs,OVER,"[-500,-300]",HR≥60/EDG≥-/CV≤-/μ≥0.0/TP≥65,69,64,43,21,67.19,-18.15,-32.34,-3.97,-11.619,0.357,14
2026-05,earned_runs,OVER,"[-500,-300]",HR≥60/EDG≥-/CV≤-/μ≥0.5/TP≥-,76,71,45,26,63.38,-22.73,-36.54,-8.92,-16.139,0.286,14
2026-05,earned_runs,OVER,"[-500,-300]",HR≥60/EDG≥-/CV≤-/μ≥0.5/TP≥50,76,71,45,26,63.38,-22.73,-36.54,-8.92,-16.139,0.286,14
2026-05,earned_runs,OVER,"[-500,-300]",HR≥60/EDG≥-/CV≤-/μ≥0.5/TP≥55,76,71,45,26,63.38,-22.73,-36.54,-8.92,-16.139,0.286,14
2026-05,earned_runs,OVER,"[-500,-300]",HR≥60/EDG≥-/CV≤-/μ≥0.5/TP≥60,75,70,45,25,64.29,-21.63,-35.46,-7.79,-15.139,0.286,14
2026-05,earned_runs,OVER,"[-500,-300]",HR≥60/EDG≥-/CV≤-/μ≥0.5/TP≥65,69,64,43,21,67.19,-18.15,-32.34,-3.97,-11.619,0.357,14
2026-05,earned_runs,OVER,"[-500,-300]",HR≥60/EDG≥-/CV≤-/μ≥1.0/TP≥-,53,50,35,15,70.0,-14.46,-30.2,1.28,-7.23,0.357,14
2026-05,earned_runs,OVER,"[-500,-300]",HR≥60/EDG≥-/CV≤-/μ≥1.0/TP≥50,53,50,35,15,70.0,-14.46,-30.2,1.28,-7.23,0.357,14
2026-05,earned_runs,OVER,"[-500,-300]",HR≥60/EDG≥-/CV≤-/μ≥1.0/TP≥55,53,50,35,15,70.0,-14.46,-30.2,1.28,-7.23,0.357,14
2026-05,earned_runs,OVER,"[-500,-300]",HR≥60/EDG≥-/CV≤-/μ≥1.0/TP≥60,53,50,35,15,70.0,-14.46,-30.2,1.28,-7.23,0.357,14
2026-05,earned_runs,OVER,"[-500,-300]",HR≥60/EDG≥-/CV≤-/μ≥1.0/TP≥65,53,50,35,15,70.0,-14.46,-30.2,1.28,-7.23,0.357,14
2026-05,earned_runs,OVER,"[-500,-300]",HR≥60/EDG≥-5.0/CV≤-/μ≥-/TP≥-,40,39,27,12,69.23,-15.13,-33.19,2.94,-5.9,0.286,14
2026-05,earned_runs,OVER,"[-500,-300]",HR≥60/EDG≥-5.0/CV≤-/μ≥-/TP≥50,40,39,27,12,69.23,-15.13,-33.19,2.94,-5.9,0.286,14
2026-05,earned_runs,OVER,"[-500,-300]",HR≥60/EDG≥-5.0/CV≤-/μ≥-/TP≥55,40,39,27,12,69.23,-15.13,-33.19,2.94,-5.9,0.286,14
2026-05,earned_runs,OVER,"[-500,-300]",HR≥60/EDG≥-5.0/CV≤-/μ≥-/TP≥60,40,39,27,12,69.23,-15.13,-33.19,2.94,-5.9,0.286,14
2026-05,earned_runs,OVER,"[-500,-300]",HR≥60/EDG≥-5.0/CV≤-/μ≥-/TP≥65,40,39,27,12,69.23,-15.13,-33.19,2.94,-5.9,0.286,14
2026-05,earned_runs,OVER,"[-500,-300]",HR≥60/EDG≥-5.0/CV≤-/μ≥0.0/TP≥-,40,39,27,12,69.23,-15.13,-33.19,2.94,-5.9,0.286,14
2026-05,earned_runs,OVER,"[-500,-300]",HR≥60/EDG≥-5.0/CV≤-/μ≥0.0/TP≥50,40,39,27,12,69.23,-15.13,-33.19,2.94,-5.9,0.286,14
2026-05,earned_runs,OVER,"[-500,-300]",HR≥60/EDG≥-5.0/CV≤-/μ≥0.0/TP≥55,40,39,27,12,69.23,-15.13,-33.19,2.94,-5.9,0.286,14
2026-05,earned_runs,OVER,"[-500,-300]",HR≥60/EDG≥-5.0/CV≤-/μ≥0.0/TP≥60,40,39,27,12,69.23,-15.13,-33.19,2.94,-5.9,0.286,14
2026-05,earned_runs,OVER,"[-500,-300]",HR≥60/EDG≥-5.0/CV≤-/μ≥0.0/TP≥65,40,39,27,12,69.23,-15.13,-33.19,2.94,-5.9,0.286,14
2026-05,earned_runs,OVER,"[-500,-300]",HR≥60/EDG≥-5.0/CV≤-/μ≥0.5/TP≥-,40,39,27,12,69.23,-15.13,-33.19,2.94,-5.9,0.286,14
2026-05,earned_runs,OVER,"[-500,-300]",HR≥60/EDG≥-5.0/CV≤-/μ≥0.5/TP≥50,40,39,27,12,69.23,-15.13,-33.19,2.94,-5.9,0.286,14
2026-05,earned_runs,OVER,"[-500,-300]",HR≥60/EDG≥-5.0/CV≤-/μ≥0.5/TP≥55,40,39,27,12,69.23,-15.13,-33.19,2.94,-5.9,0.286,14
2026-05,earned_runs,OVER,"[-500,-300]",HR≥60/EDG≥-5.0/CV≤-/μ≥0.5/TP≥60,40,39,27,12,69.23,-15.13,-33.19,2.94,-5.9,0.286,14
2026-05,earned_runs,OVER,"[-500,-300]",HR≥60/EDG≥-5.0/CV≤-/μ≥0.5/TP≥65,40,39,27,12,69.23,-15.13,-33.19,2.94,-5.9,0.286,14
2026-05,earned_runs,OVER,"[-500,-300]",HR≥60/EDG≥-5.0/CV≤-/μ≥1.0/TP≥-,39,38,27,11,71.05,-12.89,-30.88,5.1,-4.9,0.286,14
2026-05,earned_runs,OVER,"[-500,-300]",HR≥60/EDG≥-5.0/CV≤-/μ≥1.0/TP≥50,39,38,27,11,71.05,-12.89,-30.88,5.1,-4.9,0.286,14
2026-05,earned_runs,OVER,"[-500,-300]",HR≥60/EDG≥-5.0/CV≤-/μ≥1.0/TP≥55,39,38,27,11,71.05,-12.89,-30.88,5.1,-4.9,0.286,14
2026-05,earned_runs,OVER,"[-500,-300]",HR≥60/EDG≥-5.0/CV≤-/μ≥1.0/TP≥60,39,38,27,11,71.05,-12.89,-30.88,5.1,-4.9,0.286,14
2026-05,earned_runs,OVER,"[-500,-300]",HR≥60/EDG≥-5.0/CV≤-/μ≥1.0/TP≥65,39,38,27,11,71.05,-12.89,-30.88,5.1,-4.9,0.286,14
2026-05,earned_runs,OVER,"[-500,-300]",HR≥65/EDG≥-/CV≤-/μ≥-/TP≥-,69,64,38,26,59.38,-27.86,-42.64,-13.07,-17.828,0.143,14
2026-05,earned_runs,OVER,"[-500,-300]",HR≥65/EDG≥-/CV≤-/μ≥-/TP≥50,65,61,37,24,60.66,-26.32,-41.39,-11.26,-16.058,0.143,14
2026-05,earned_runs,OVER,"[-500,-300]",HR≥65/EDG≥-/CV≤-/μ≥-/TP≥55,64,60,36,24,60.0,-27.3,-42.49,-12.1,-16.378,0.143,14
2026-05,earned_runs,OVER,"[-500,-300]",HR≥65/EDG≥-/CV≤-/μ≥-/TP≥60,62,58,36,22,62.07,-24.79,-40.1,-9.48,-14.378,0.143,14
2026-05,earned_runs,OVER,"[-500,-300]",HR≥65/EDG≥-/CV≤-/μ≥-/TP≥65,57,53,34,19,64.15,-22.38,-38.2,-6.55,-11.859,0.286,14
2026-05,earned_runs,OVER,"[-500,-300]",HR≥65/EDG≥-/CV≤-/μ≥0.0/TP≥-,65,61,37,24,60.66,-26.32,-41.39,-11.26,-16.058,0.143,14
2026-05,earned_runs,OVER,"[-500,-300]",HR≥65/EDG≥-/CV≤-/μ≥0.0/TP≥50,65,61,37,24,60.66,-26.32,-41.39,-11.26,-16.058,0.143,14
2026-05,earned_runs,OVER,"[-500,-300]",HR≥65/EDG≥-/CV≤-/μ≥0.0/TP≥55,64,60,36,24,60.0,-27.3,-42.49,-12.1,-16.378,0.143,14
2026-05,earned_runs,OVER,"[-500,-300]",HR≥65/EDG≥-/CV≤-/μ≥0.0/TP≥60,62,58,36,22,62.07,-24.79,-40.1,-9.48,-14.378,0.143,14
2026-05,earned_runs,OVER,"[-500,-300]",HR≥65/EDG≥-/CV≤-/μ≥0.0/TP≥65,57,53,34,19,64.15,-22.38,-38.2,-6.55,-11.859,0.286,14
2026-05,earned_runs,OVER,"[-500,-300]",HR≥65/EDG≥-/CV≤-/μ≥0.5/TP≥-,63,59,36,23,61.02,-26.07,-41.32,-10.81,-15.378,0.143,14
2026-05,earned_runs,OVER,"[-500,-300]",HR≥65/EDG≥-/CV≤-/μ≥0.5/TP≥50,63,59,36,23,61.02,-26.07,-41.32,-10.81,-15.378,0.143,14
2026-05,earned_runs,OVER,"[-500,-300]",HR≥65/EDG≥-/CV≤-/μ≥0.5/TP≥55,63,59,36,23,61.02,-26.07,-41.32,-10.81,-15.378,0.143,14
2026-05,earned_runs,OVER,"[-500,-300]",HR≥65/EDG≥-/CV≤-/μ≥0.5/TP≥60,62,58,36,22,62.07,-24.79,-40.1,-9.48,-14.378,0.143,14
2026-05,earned_runs,OVER,"[-500,-300]",HR≥65/EDG≥-/CV≤-/μ≥0.5/TP≥65,57,53,34,19,64.15,-22.38,-38.2,-6.55,-11.859,0.286,14
2026-05,earned_runs,OVER,"[-500,-300]",HR≥65/EDG≥-/CV≤-/μ≥1.0/TP≥-,44,42,28,14,66.67,-19.14,-36.71,-1.58,-8.04,0.286,14
2026-05,earned_runs,OVER,"[-500,-300]",HR≥65/EDG≥-/CV≤-/μ≥1.0/TP≥50,44,42,28,14,66.67,-19.14,-36.71,-1.58,-8.04,0.286,14
2026-05,earned_runs,OVER,"[-500,-300]",HR≥65/EDG≥-/CV≤-/μ≥1.0/TP≥55,44,42,28,14,66.67,-19.14,-36.71,-1.58,-8.04,0.286,14
2026-05,earned_runs,OVER,"[-500,-300]",HR≥65/EDG≥-/CV≤-/μ≥1.0/TP≥60,44,42,28,14,66.67,-19.14,-36.71,-1.58,-8.04,0.286,14
2026-05,earned_runs,OVER,"[-500,-300]",HR≥65/EDG≥-/CV≤-/μ≥1.0/TP≥65,44,42,28,14,66.67,-19.14,-36.71,-1.58,-8.04,0.286,14
2026-05,earned_runs,OVER,"[-500,-300]",HR≥65/EDG≥-5.0/CV≤-/μ≥-/TP≥-,35,34,22,12,64.71,-21.35,-41.24,-1.47,-7.259,0.231,13
2026-05,earned_runs,OVER,"[-500,-300]",HR≥65/EDG≥-5.0/CV≤-/μ≥-/TP≥50,35,34,22,12,64.71,-21.35,-41.24,-1.47,-7.259,0.231,13
2026-05,earned_runs,OVER,"[-500,-300]",HR≥65/EDG≥-5.0/CV≤-/μ≥-/TP≥55,35,34,22,12,64.71,-21.35,-41.24,-1.47,-7.259,0.231,13
2026-05,earned_runs,OVER,"[-500,-300]",HR≥65/EDG≥-5.0/CV≤-/μ≥-/TP≥60,35,34,22,12,64.71,-21.35,-41.24,-1.47,-7.259,0.231,13
2026-05,earned_runs,OVER,"[-500,-300]",HR≥65/EDG≥-5.0/CV≤-/μ≥-/TP≥65,35,34,22,12,64.71,-21.35,-41.24,-1.47,-7.259,0.231,13
2026-05,earned_runs,OVER,"[-500,-300]",HR≥65/EDG≥-5.0/CV≤-/μ≥0.0/TP≥-,35,34,22,12,64.71,-21.35,-41.24,-1.47,-7.259,0.231,13
2026-05,earned_runs,OVER,"[-500,-300]",HR≥65/EDG≥-5.0/CV≤-/μ≥0.0/TP≥50,35,34,22,12,64.71,-21.35,-41.24,-1.47,-7.259,0.231,13
2026-05,earned_runs,OVER,"[-500,-300]",HR≥65/EDG≥-5.0/CV≤-/μ≥0.0/TP≥55,35,34,22,12,64.71,-21.35,-41.24,-1.47,-7.259,0.231,13
2026-05,earned_runs,OVER,"[-500,-300]",HR≥65/EDG≥-5.0/CV≤-/μ≥0.0/TP≥60,35,34,22,12,64.71,-21.35,-41.24,-1.47,-7.259,0.231,13
2026-05,earned_runs,OVER,"[-500,-300]",HR≥65/EDG≥-5.0/CV≤-/μ≥0.0/TP≥65,35,34,22,12,64.71,-21.35,-41.24,-1.47,-7.259,0.231,13
2026-05,earned_runs,OVER,"[-500,-300]",HR≥65/EDG≥-5.0/CV≤-/μ≥0.5/TP≥-,35,34,22,12,64.71,-21.35,-41.24,-1.47,-7.259,0.231,13
2026-05,earned_runs,OVER,"[-500,-300]",HR≥65/EDG≥-5.0/CV≤-/μ≥0.5/TP≥50,35,34,22,12,64.71,-21.35,-41.24,-1.47,-7.259,0.231,13
2026-05,earned_runs,OVER,"[-500,-300]",HR≥65/EDG≥-5.0/CV≤-/μ≥0.5/TP≥55,35,34,22,12,64.71,-21.35,-41.24,-1.47,-7.259,0.231,13
2026-05,earned_runs,OVER,"[-500,-300]",HR≥65/EDG≥-5.0/CV≤-/μ≥0.5/TP≥60,35,34,22,12,64.71,-21.35,-41.24,-1.47,-7.259,0.231,13
2026-05,earned_runs,OVER,"[-500,-300]",HR≥65/EDG≥-5.0/CV≤-/μ≥0.5/TP≥65,35,34,22,12,64.71,-21.35,-41.24,-1.47,-7.259,0.231,13
2026-05,earned_runs,OVER,"[-500,-300]",HR≥65/EDG≥-5.0/CV≤-/μ≥1.0/TP≥-,34,33,22,11,66.67,-18.97,-38.89,0.96,-6.259,0.231,13
2026-05,earned_runs,OVER,"[-500,-300]",HR≥65/EDG≥-5.0/CV≤-/μ≥1.0/TP≥50,34,33,22,11,66.67,-18.97,-38.89,0.96,-6.259,0.231,13
2026-05,earned_runs,OVER,"[-500,-300]",HR≥65/EDG≥-5.0/CV≤-/μ≥1.0/TP≥55,34,33,22,11,66.67,-18.97,-38.89,0.96,-6.259,0.231,13
2026-05,earned_runs,OVER,"[-500,-300]",HR≥65/EDG≥-5.0/CV≤-/μ≥1.0/TP≥60,34,33,22,11,66.67,-18.97,-38.89,0.96,-6.259,0.231,13
2026-05,earned_runs,OVER,"[-500,-300]",HR≥65/EDG≥-5.0/CV≤-/μ≥1.0/TP≥65,34,33,22,11,66.67,-18.97,-38.89,0.96,-6.259,0.231,13
2026-05,earned_runs,OVER,"[-500,-300]",HR≥70/EDG≥-/CV≤-/μ≥-/TP≥-,53,49,29,20,59.18,-28.24,-45.16,-11.32,-13.838,0.143,14
2026-05,earned_runs,OVER,"[-500,-300]",HR≥70/EDG≥-/CV≤-/μ≥-/TP≥50,50,47,29,18,61.7,-25.19,-42.29,-8.09,-11.838,0.214,14
2026-05,earned_runs,OVER,"[-500,-300]",HR≥70/EDG≥-/CV≤-/μ≥-/TP≥55,49,46,28,18,60.87,-26.43,-43.73,-9.14,-12.159,0.214,14
2026-05,earned_runs,OVER,"[-500,-300]",HR≥70/EDG≥-/CV≤-/μ≥-/TP≥60,47,44,28,16,63.64,-23.09,-40.53,-5.64,-10.159,0.214,14
2026-05,earned_runs,OVER,"[-500,-300]",HR≥70/EDG≥-/CV≤-/μ≥-/TP≥65,44,41,26,15,63.41,-23.51,-41.59,-5.43,-9.639,0.286,14
2026-05,earned_runs,OVER,"[-500,-300]",HR≥70/EDG≥-/CV≤-/μ≥0.0/TP≥-,50,47,29,18,61.7,-25.19,-42.29,-8.09,-11.838,0.214,14
2026-05,earned_runs,OVER,"[-500,-300]",HR≥70/EDG≥-/CV≤-/μ≥0.0/TP≥50,50,47,29,18,61.7,-25.19,-42.29,-8.09,-11.838,0.214,14
2026-05,earned_runs,OVER,"[-500,-300]",HR≥70/EDG≥-/CV≤-/μ≥0.0/TP≥55,49,46,28,18,60.87,-26.43,-43.73,-9.14,-12.159,0.214,14
2026-05,earned_runs,OVER,"[-500,-300]",HR≥70/EDG≥-/CV≤-/μ≥0.0/TP≥60,47,44,28,16,63.64,-23.09,-40.53,-5.64,-10.159,0.214,14
2026-05,earned_runs,OVER,"[-500,-300]",HR≥70/EDG≥-/CV≤-/μ≥0.0/TP≥65,44,41,26,15,63.41,-23.51,-41.59,-5.43,-9.639,0.286,14
2026-05,earned_runs,OVER,"[-500,-300]",HR≥70/EDG≥-/CV≤-/μ≥0.5/TP≥-,48,45,28,17,62.22,-24.8,-42.17,-7.42,-11.159,0.214,14
2026-05,earned_runs,OVER,"[-500,-300]",HR≥70/EDG≥-/CV≤-/μ≥0.5/TP≥50,48,45,28,17,62.22,-24.8,-42.17,-7.42,-11.159,0.214,14
2026-05,earned_runs,OVER,"[-500,-300]",HR≥70/EDG≥-/CV≤-/μ≥0.5/TP≥55,48,45,28,17,62.22,-24.8,-42.17,-7.42,-11.159,0.214,14
2026-05,earned_runs,OVER,"[-500,-300]",HR≥70/EDG≥-/CV≤-/μ≥0.5/TP≥60,47,44,28,16,63.64,-23.09,-40.53,-5.64,-10.159,0.214,14
2026-05,earned_runs,OVER,"[-500,-300]",HR≥70/EDG≥-/CV≤-/μ≥0.5/TP≥65,44,41,26,15,63.41,-23.51,-41.59,-5.43,-9.639,0.286,14
2026-05,earned_runs,OVER,"[-500,-300]",HR≥70/EDG≥-/CV≤-/μ≥1.0/TP≥-,34,32,20,12,62.5,-24.44,-45.11,-3.76,-7.82,0.286,14
2026-05,earned_runs,OVER,"[-500,-300]",HR≥70/EDG≥-/CV≤-/μ≥1.0/TP≥50,34,32,20,12,62.5,-24.44,-45.11,-3.76,-7.82,0.286,14
2026-05,earned_runs,OVER,"[-500,-300]",HR≥70/EDG≥-/CV≤-/μ≥1.0/TP≥55,34,32,20,12,62.5,-24.44,-45.11,-3.76,-7.82,0.286,14
2026-05,earned_runs,OVER,"[-500,-300]",HR≥70/EDG≥-/CV≤-/μ≥1.0/TP≥60,34,32,20,12,62.5,-24.44,-45.11,-3.76,-7.82,0.286,14
2026-05,earned_runs,OVER,"[-500,-300]",HR≥70/EDG≥-/CV≤-/μ≥1.0/TP≥65,34,32,20,12,62.5,-24.44,-45.11,-3.76,-7.82,0.286,14
2026-05,earned_runs,OVER,"[-500,-300]",HR≥75/EDG≥-/CV≤-/μ≥-/TP≥-,39,35,17,18,48.57,-41.14,-61.55,-20.73,-14.399,0.077,13
2026-05,earned_runs,OVER,"[-500,-300]",HR≥75/EDG≥-/CV≤-/μ≥-/TP≥50,36,33,17,16,51.52,-37.57,-58.61,-16.53,-12.399,0.083,12
2026-05,earned_runs,OVER,"[-500,-300]",HR≥75/EDG≥-/CV≤-/μ≥-/TP≥55,35,32,16,16,50.0,-39.75,-61.0,-18.49,-12.719,0.083,12
2026-05,earned_runs,OVER,"[-500,-300]",HR≥75/EDG≥-/CV≤-/μ≥-/TP≥60,33,30,16,14,53.33,-35.73,-57.66,-13.8,-10.719,0.083,12
2026-05,earned_runs,OVER,"[-500,-300]",HR≥75/EDG≥-/CV≤-/μ≥0.0/TP≥-,36,33,17,16,51.52,-37.57,-58.61,-16.53,-12.399,0.083,12
2026-05,earned_runs,OVER,"[-500,-300]",HR≥75/EDG≥-/CV≤-/μ≥0.0/TP≥50,36,33,17,16,51.52,-37.57,-58.61,-16.53,-12.399,0.083,12
2026-05,earned_runs,OVER,"[-500,-300]",HR≥75/EDG≥-/CV≤-/μ≥0.0/TP≥55,35,32,16,16,50.0,-39.75,-61.0,-18.49,-12.719,0.083,12
2026-05,earned_runs,OVER,"[-500,-300]",HR≥75/EDG≥-/CV≤-/μ≥0.0/TP≥60,33,30,16,14,53.33,-35.73,-57.66,-13.8,-10.719,0.083,12
2026-05,earned_runs,OVER,"[-500,-300]",HR≥75/EDG≥-/CV≤-/μ≥0.5/TP≥-,34,31,16,15,51.61,-37.8,-59.4,-16.21,-11.719,0.083,12
2026-05,earned_runs,OVER,"[-500,-300]",HR≥75/EDG≥-/CV≤-/μ≥0.5/TP≥50,34,31,16,15,51.61,-37.8,-59.4,-16.21,-11.719,0.083,12
2026-05,earned_runs,OVER,"[-500,-300]",HR≥75/EDG≥-/CV≤-/μ≥0.5/TP≥55,34,31,16,15,51.61,-37.8,-59.4,-16.21,-11.719,0.083,12
2026-05,earned_runs,OVER,"[-500,-300]",HR≥75/EDG≥-/CV≤-/μ≥0.5/TP≥60,33,30,16,14,53.33,-35.73,-57.66,-13.8,-10.719,0.083,12
2026-05,hits,OVER,"[-500,-300]",HR≥-/EDG≥-/CV≤-/μ≥-/TP≥-,42,39,29,10,74.36,-3.22,-21.32,14.87,-1.256,0.6,10
2026-05,hits,OVER,"[-500,-300]",HR≥-/EDG≥-/CV≤-/μ≥-/TP≥50,41,38,29,9,76.32,-0.67,-18.53,17.18,-0.256,0.6,10
2026-05,hits,OVER,"[-500,-300]",HR≥-/EDG≥-/CV≤-/μ≥-/TP≥55,41,38,29,9,76.32,-0.67,-18.53,17.18,-0.256,0.6,10
2026-05,hits,OVER,"[-500,-300]",HR≥-/EDG≥-/CV≤-/μ≥-/TP≥60,36,33,25,8,75.76,-1.64,-20.95,17.67,-0.541,0.5,10
2026-05,hits,OVER,"[-500,-300]",HR≥-/EDG≥-/CV≤-/μ≥0.0/TP≥-,41,38,29,9,76.32,-0.67,-18.53,17.18,-0.256,0.6,10
2026-05,hits,OVER,"[-500,-300]",HR≥-/EDG≥-/CV≤-/μ≥0.0/TP≥50,41,38,29,9,76.32,-0.67,-18.53,17.18,-0.256,0.6,10
2026-05,hits,OVER,"[-500,-300]",HR≥-/EDG≥-/CV≤-/μ≥0.0/TP≥55,41,38,29,9,76.32,-0.67,-18.53,17.18,-0.256,0.6,10
2026-05,hits,OVER,"[-500,-300]",HR≥-/EDG≥-/CV≤-/μ≥0.0/TP≥60,36,33,25,8,75.76,-1.64,-20.95,17.67,-0.541,0.5,10
2026-05,hits,OVER,"[-500,-300]",HR≥45/EDG≥-/CV≤-/μ≥-/TP≥-,42,39,29,10,74.36,-3.22,-21.32,14.87,-1.256,0.6,10
2026-05,hits,OVER,"[-500,-300]",HR≥45/EDG≥-/CV≤-/μ≥-/TP≥50,41,38,29,9,76.32,-0.67,-18.53,17.18,-0.256,0.6,10
2026-05,hits,OVER,"[-500,-300]",HR≥45/EDG≥-/CV≤-/μ≥-/TP≥55,41,38,29,9,76.32,-0.67,-18.53,17.18,-0.256,0.6,10
2026-05,hits,OVER,"[-500,-300]",HR≥45/EDG≥-/CV≤-/μ≥-/TP≥60,36,33,25,8,75.76,-1.64,-20.95,17.67,-0.541,0.5,10
2026-05,hits,OVER,"[-500,-300]",HR≥45/EDG≥-/CV≤-/μ≥0.0/TP≥-,41,38,29,9,76.32,-0.67,-18.53,17.18,-0.256,0.6,10
2026-05,hits,OVER,"[-500,-300]",HR≥45/EDG≥-/CV≤-/μ≥0.0/TP≥50,41,38,29,9,76.32,-0.67,-18.53,17.18,-0.256,0.6,10
2026-05,hits,OVER,"[-500,-300]",HR≥45/EDG≥-/CV≤-/μ≥0.0/TP≥55,41,38,29,9,76.32,-0.67,-18.53,17.18,-0.256,0.6,10
2026-05,hits,OVER,"[-500,-300]",HR≥45/EDG≥-/CV≤-/μ≥0.0/TP≥60,36,33,25,8,75.76,-1.64,-20.95,17.67,-0.541,0.5,10
2026-05,hits,OVER,"[-500,-300]",HR≥50/EDG≥-/CV≤-/μ≥-/TP≥-,42,39,29,10,74.36,-3.22,-21.32,14.87,-1.256,0.6,10
2026-05,hits,OVER,"[-500,-300]",HR≥50/EDG≥-/CV≤-/μ≥-/TP≥50,41,38,29,9,76.32,-0.67,-18.53,17.18,-0.256,0.6,10
2026-05,hits,OVER,"[-500,-300]",HR≥50/EDG≥-/CV≤-/μ≥-/TP≥55,41,38,29,9,76.32,-0.67,-18.53,17.18,-0.256,0.6,10
2026-05,hits,OVER,"[-500,-300]",HR≥50/EDG≥-/CV≤-/μ≥-/TP≥60,36,33,25,8,75.76,-1.64,-20.95,17.67,-0.541,0.5,10
2026-05,hits,OVER,"[-500,-300]",HR≥50/EDG≥-/CV≤-/μ≥0.0/TP≥-,41,38,29,9,76.32,-0.67,-18.53,17.18,-0.256,0.6,10
2026-05,hits,OVER,"[-500,-300]",HR≥50/EDG≥-/CV≤-/μ≥0.0/TP≥50,41,38,29,9,76.32,-0.67,-18.53,17.18,-0.256,0.6,10
2026-05,hits,OVER,"[-500,-300]",HR≥50/EDG≥-/CV≤-/μ≥0.0/TP≥55,41,38,29,9,76.32,-0.67,-18.53,17.18,-0.256,0.6,10
2026-05,hits,OVER,"[-500,-300]",HR≥50/EDG≥-/CV≤-/μ≥0.0/TP≥60,36,33,25,8,75.76,-1.64,-20.95,17.67,-0.541,0.5,10
2026-05,hits,OVER,"[-500,-300]",HR≥55/EDG≥-/CV≤-/μ≥-/TP≥-,39,36,27,9,75.0,-2.43,-21.12,16.26,-0.875,0.7,10
2026-05,hits,OVER,"[-500,-300]",HR≥55/EDG≥-/CV≤-/μ≥-/TP≥50,38,35,27,8,77.14,0.36,-18.04,18.75,0.125,0.7,10
2026-05,hits,OVER,"[-500,-300]",HR≥55/EDG≥-/CV≤-/μ≥-/TP≥55,38,35,27,8,77.14,0.36,-18.04,18.75,0.125,0.7,10
2026-05,hits,OVER,"[-500,-300]",HR≥55/EDG≥-/CV≤-/μ≥-/TP≥60,34,31,24,7,77.42,0.56,-18.91,20.03,0.174,0.6,10
2026-05,hits,OVER,"[-500,-300]",HR≥55/EDG≥-/CV≤-/μ≥0.0/TP≥-,38,35,27,8,77.14,0.36,-18.04,18.75,0.125,0.7,10
2026-05,hits,OVER,"[-500,-300]",HR≥55/EDG≥-/CV≤-/μ≥0.0/TP≥50,38,35,27,8,77.14,0.36,-18.04,18.75,0.125,0.7,10
2026-05,hits,OVER,"[-500,-300]",HR≥55/EDG≥-/CV≤-/μ≥0.0/TP≥55,38,35,27,8,77.14,0.36,-18.04,18.75,0.125,0.7,10
2026-05,hits,OVER,"[-500,-300]",HR≥55/EDG≥-/CV≤-/μ≥0.0/TP≥60,34,31,24,7,77.42,0.56,-18.91,20.03,0.174,0.6,10
2026-05,hits,OVER,"[-500,-300]",HR≥60/EDG≥-/CV≤-/μ≥-/TP≥-,37,34,25,9,73.53,-4.46,-24.05,15.13,-1.516,0.556,9
2026-05,hits,OVER,"[-500,-300]",HR≥60/EDG≥-/CV≤-/μ≥-/TP≥50,36,33,25,8,75.76,-1.57,-20.89,17.76,-0.516,0.556,9
2026-05,hits,OVER,"[-500,-300]",HR≥60/EDG≥-/CV≤-/μ≥-/TP≥55,36,33,25,8,75.76,-1.57,-20.89,17.76,-0.516,0.556,9
2026-05,hits,OVER,"[-500,-300]",HR≥60/EDG≥-/CV≤-/μ≥-/TP≥60,33,30,23,7,76.67,-0.53,-20.54,19.48,-0.16,0.556,9
2026-05,hits,OVER,"[-500,-300]",HR≥60/EDG≥-/CV≤-/μ≥0.0/TP≥-,36,33,25,8,75.76,-1.57,-20.89,17.76,-0.516,0.556,9
2026-05,hits,OVER,"[-500,-300]",HR≥60/EDG≥-/CV≤-/μ≥0.0/TP≥50,36,33,25,8,75.76,-1.57,-20.89,17.76,-0.516,0.556,9
2026-05,hits,OVER,"[-500,-300]",HR≥60/EDG≥-/CV≤-/μ≥0.0/TP≥55,36,33,25,8,75.76,-1.57,-20.89,17.76,-0.516,0.556,9
2026-05,hits,OVER,"[-500,-300]",HR≥60/EDG≥-/CV≤-/μ≥0.0/TP≥60,33,30,23,7,76.67,-0.53,-20.54,19.48,-0.16,0.556,9
2026-05,hits,OVER,"[-500,-300]",HR≥65/EDG≥-/CV≤-/μ≥-/TP≥-,36,33,24,9,72.73,-5.6,-25.66,14.46,-1.847,0.556,9
2026-05,hits,OVER,"[-500,-300]",HR≥65/EDG≥-/CV≤-/μ≥-/TP≥50,35,32,24,8,75.0,-2.65,-22.46,17.17,-0.847,0.556,9
2026-05,hits,OVER,"[-500,-300]",HR≥65/EDG≥-/CV≤-/μ≥-/TP≥55,35,32,24,8,75.0,-2.65,-22.46,17.17,-0.847,0.556,9
2026-05,hits,OVER,"[-500,-300]",HR≥65/EDG≥-/CV≤-/μ≥0.0/TP≥-,35,32,24,8,75.0,-2.65,-22.46,17.17,-0.847,0.556,9
2026-05,hits,OVER,"[-500,-300]",HR≥65/EDG≥-/CV≤-/μ≥0.0/TP≥50,35,32,24,8,75.0,-2.65,-22.46,17.17,-0.847,0.556,9
2026-05,hits,OVER,"[-500,-300]",HR≥65/EDG≥-/CV≤-/μ≥0.0/TP≥55,35,32,24,8,75.0,-2.65,-22.46,17.17,-0.847,0.556,9
2026-05,hits,OVER,"[-500,-300]",HR≥70/EDG≥-/CV≤-/μ≥-/TP≥-,34,31,23,8,74.19,-3.68,-24.04,16.68,-1.141,0.556,9
2026-05,hits,OVER,"[-500,-300]",HR≥70/EDG≥-/CV≤-/μ≥-/TP≥50,33,30,23,7,76.67,-0.47,-20.49,19.55,-0.141,0.556,9
2026-05,hits,OVER,"[-500,-300]",HR≥70/EDG≥-/CV≤-/μ≥-/TP≥55,33,30,23,7,76.67,-0.47,-20.49,19.55,-0.141,0.556,9
2026-05,hits,OVER,"[-500,-300]",HR≥70/EDG≥-/CV≤-/μ≥0.0/TP≥-,33,30,23,7,76.67,-0.47,-20.49,19.55,-0.141,0.556,9
2026-05,hits,OVER,"[-500,-300]",HR≥70/EDG≥-/CV≤-/μ≥0.0/TP≥50,33,30,23,7,76.67,-0.47,-20.49,19.55,-0.141,0.556,9
2026-05,hits,OVER,"[-500,-300]",HR≥70/EDG≥-/CV≤-/μ≥0.0/TP≥55,33,30,23,7,76.67,-0.47,-20.49,19.55,-0.141,0.556,9
2026-05,hits,UNDER,"[-500,-300]",HR≥-/EDG≥-/CV≤-/μ≥-/TP≥-,310,276,211,65,76.45,-7.1,-13.21,-0.98,-19.583,0.333,12
2026-05,hits,UNDER,"[-500,-300]",HR≥-/EDG≥-/CV≤-/μ≥-/TP≥50,310,276,211,65,76.45,-7.1,-13.21,-0.98,-19.583,0.333,12
2026-05,hits,UNDER,"[-500,-300]",HR≥-/EDG≥-/CV≤-/μ≥-/TP≥55,310,276,211,65,76.45,-7.1,-13.21,-0.98,-19.583,0.333,12
2026-05,hits,UNDER,"[-500,-300]",HR≥-/EDG≥-/CV≤-/μ≥-/TP≥60,310,276,211,65,76.45,-7.1,-13.21,-0.98,-19.583,0.333,12
2026-05,hits,UNDER,"[-500,-300]",HR≥-/EDG≥-/CV≤-/μ≥-/TP≥65,310,276,211,65,76.45,-7.1,-13.21,-0.98,-19.583,0.333,12
2026-05,hits,UNDER,"[-500,-300]",HR≥-/EDG≥-/CV≤-/μ≥0.0/TP≥-,41,37,29,8,78.38,-2.22,-19.05,14.62,-0.82,0.5,6
2026-05,hits,UNDER,"[-500,-300]",HR≥-/EDG≥-/CV≤-/μ≥0.0/TP≥50,41,37,29,8,78.38,-2.22,-19.05,14.62,-0.82,0.5,6
2026-05,hits,UNDER,"[-500,-300]",HR≥-/EDG≥-/CV≤-/μ≥0.0/TP≥55,41,37,29,8,78.38,-2.22,-19.05,14.62,-0.82,0.5,6
2026-05,hits,UNDER,"[-500,-300]",HR≥-/EDG≥-/CV≤-/μ≥0.0/TP≥60,41,37,29,8,78.38,-2.22,-19.05,14.62,-0.82,0.5,6
2026-05,hits,UNDER,"[-500,-300]",HR≥-/EDG≥-/CV≤-/μ≥0.0/TP≥65,41,37,29,8,78.38,-2.22,-19.05,14.62,-0.82,0.5,6
2026-05,hits,UNDER,"[-500,-300]",HR≥-/EDG≥-/CV≤0.7/μ≥-/TP≥-,45,41,27,14,65.85,-18.85,-37.0,-0.7,-7.729,0.455,11
2026-05,hits,UNDER,"[-500,-300]",HR≥-/EDG≥-/CV≤0.7/μ≥-/TP≥50,45,41,27,14,65.85,-18.85,-37.0,-0.7,-7.729,0.455,11
2026-05,hits,UNDER,"[-500,-300]",HR≥-/EDG≥-/CV≤0.7/μ≥-/TP≥55,45,41,27,14,65.85,-18.85,-37.0,-0.7,-7.729,0.455,11
2026-05,hits,UNDER,"[-500,-300]",HR≥-/EDG≥-/CV≤0.7/μ≥-/TP≥60,45,41,27,14,65.85,-18.85,-37.0,-0.7,-7.729,0.455,11
2026-05,hits,UNDER,"[-500,-300]",HR≥-/EDG≥-/CV≤0.7/μ≥-/TP≥65,45,41,27,14,65.85,-18.85,-37.0,-0.7,-7.729,0.455,11
2026-05,hits,UNDER,"[-500,-300]",HR≥-/EDG≥-5.0/CV≤-/μ≥-/TP≥-,136,121,94,27,77.69,-5.93,-14.99,3.13,-7.17,0.545,11
2026-05,hits,UNDER,"[-500,-300]",HR≥-/EDG≥-5.0/CV≤-/μ≥-/TP≥50,136,121,94,27,77.69,-5.93,-14.99,3.13,-7.17,0.545,11
2026-05,hits,UNDER,"[-500,-300]",HR≥-/EDG≥-5.0/CV≤-/μ≥-/TP≥55,136,121,94,27,77.69,-5.93,-14.99,3.13,-7.17,0.545,11
2026-05,hits,UNDER,"[-500,-300]",HR≥-/EDG≥-5.0/CV≤-/μ≥-/TP≥60,136,121,94,27,77.69,-5.93,-14.99,3.13,-7.17,0.545,11
2026-05,hits,UNDER,"[-500,-300]",HR≥-/EDG≥-5.0/CV≤-/μ≥-/TP≥65,136,121,94,27,77.69,-5.93,-14.99,3.13,-7.17,0.545,11
2026-05,hits,UNDER,"[-500,-300]",HR≥-/EDG≥0.0/CV≤-/μ≥-/TP≥-,93,85,66,19,77.65,-5.76,-16.62,5.1,-4.896,0.364,11
2026-05,hits,UNDER,"[-500,-300]",HR≥-/EDG≥0.0/CV≤-/μ≥-/TP≥50,93,85,66,19,77.65,-5.76,-16.62,5.1,-4.896,0.364,11
2026-05,hits,UNDER,"[-500,-300]",HR≥-/EDG≥0.0/CV≤-/μ≥-/TP≥55,93,85,66,19,77.65,-5.76,-16.62,5.1,-4.896,0.364,11
2026-05,hits,UNDER,"[-500,-300]",HR≥-/EDG≥0.0/CV≤-/μ≥-/TP≥60,93,85,66,19,77.65,-5.76,-16.62,5.1,-4.896,0.364,11
2026-05,hits,UNDER,"[-500,-300]",HR≥-/EDG≥0.0/CV≤-/μ≥-/TP≥65,93,85,66,19,77.65,-5.76,-16.62,5.1,-4.896,0.364,11
2026-05,hits,UNDER,"[-500,-300]",HR≥-/EDG≥5.0/CV≤-/μ≥-/TP≥-,53,49,40,9,81.63,-1.38,-14.68,11.92,-0.677,0.6,10
2026-05,hits,UNDER,"[-500,-300]",HR≥-/EDG≥5.0/CV≤-/μ≥-/TP≥50,53,49,40,9,81.63,-1.38,-14.68,11.92,-0.677,0.6,10
2026-05,hits,UNDER,"[-500,-300]",HR≥-/EDG≥5.0/CV≤-/μ≥-/TP≥55,53,49,40,9,81.63,-1.38,-14.68,11.92,-0.677,0.6,10
2026-05,hits,UNDER,"[-500,-300]",HR≥-/EDG≥5.0/CV≤-/μ≥-/TP≥60,53,49,40,9,81.63,-1.38,-14.68,11.92,-0.677,0.6,10
2026-05,hits,UNDER,"[-500,-300]",HR≥-/EDG≥5.0/CV≤-/μ≥-/TP≥65,53,49,40,9,81.63,-1.38,-14.68,11.92,-0.677,0.6,10
2026-05,pitcher_strikeouts,OVER,"[-500,-300]",HR≥-/EDG≥-/CV≤-/μ≥-/TP≥-,629,579,508,71,87.74,-1.27,-4.36,1.82,-7.365,0.5,14
2026-05,pitcher_strikeouts,OVER,"[-500,-300]",HR≥-/EDG≥-/CV≤-/μ≥-/TP≥50,595,555,488,67,87.93,-1.37,-4.5,1.75,-7.608,0.5,14
2026-05,pitcher_strikeouts,OVER,"[-500,-300]",HR≥-/EDG≥-/CV≤-/μ≥-/TP≥55,586,547,481,66,87.93,-1.45,-4.59,1.7,-7.907,0.429,14
2026-05,pitcher_strikeouts,OVER,"[-500,-300]",HR≥-/EDG≥-/CV≤-/μ≥-/TP≥60,566,528,467,61,88.45,-1.05,-4.19,2.09,-5.525,0.5,14
2026-05,pitcher_strikeouts,OVER,"[-500,-300]",HR≥-/EDG≥-/CV≤-/μ≥-/TP≥65,530,496,441,55,88.91,-0.9,-4.07,2.27,-4.448,0.5,14
2026-05,pitcher_strikeouts,OVER,"[-500,-300]",HR≥-/EDG≥-/CV≤-/μ≥0.0/TP≥-,589,550,487,63,88.55,-0.71,-3.78,2.37,-3.883,0.571,14
2026-05,pitcher_strikeouts,OVER,"[-500,-300]",HR≥-/EDG≥-/CV≤-/μ≥0.0/TP≥50,589,550,487,63,88.55,-0.71,-3.78,2.37,-3.883,0.571,14
2026-05,pitcher_strikeouts,OVER,"[-500,-300]",HR≥-/EDG≥-/CV≤-/μ≥0.0/TP≥55,580,542,480,62,88.56,-0.77,-3.86,2.32,-4.182,0.5,14
2026-05,pitcher_strikeouts,OVER,"[-500,-300]",HR≥-/EDG≥-/CV≤-/μ≥0.0/TP≥60,560,523,466,57,89.1,-0.34,-3.42,2.73,-1.8,0.643,14
2026-05,pitcher_strikeouts,OVER,"[-500,-300]",HR≥-/EDG≥-/CV≤-/μ≥0.0/TP≥65,524,491,440,51,89.61,-0.15,-3.25,2.95,-0.724,0.571,14
2026-05,pitcher_strikeouts,OVER,"[-500,-300]",HR≥-/EDG≥-/CV≤-/μ≥0.5/TP≥-,557,520,464,56,89.23,-0.36,-3.42,2.71,-1.855,0.5,14
2026-05,pitcher_strikeouts,OVER,"[-500,-300]",HR≥-/EDG≥-/CV≤-/μ≥0.5/TP≥50,557,520,464,56,89.23,-0.36,-3.42,2.71,-1.855,0.5,14
2026-05,pitcher_strikeouts,OVER,"[-500,-300]",HR≥-/EDG≥-/CV≤-/μ≥0.5/TP≥55,557,520,464,56,89.23,-0.36,-3.42,2.71,-1.855,0.5,14
2026-05,pitcher_strikeouts,OVER,"[-500,-300]",HR≥-/EDG≥-/CV≤-/μ≥0.5/TP≥60,550,514,459,55,89.3,-0.29,-3.37,2.78,-1.507,0.5,14
2026-05,pitcher_strikeouts,OVER,"[-500,-300]",HR≥-/EDG≥-/CV≤-/μ≥0.5/TP≥65,520,487,437,50,89.73,-0.1,-3.19,3.0,-0.477,0.571,14
2026-05,pitcher_strikeouts,OVER,"[-500,-300]",HR≥-/EDG≥-/CV≤-/μ≥1.0/TP≥-,474,446,405,41,90.81,0.61,-2.46,3.68,2.729,0.5,14
2026-05,pitcher_strikeouts,OVER,"[-500,-300]",HR≥-/EDG≥-/CV≤-/μ≥1.0/TP≥50,474,446,405,41,90.81,0.61,-2.46,3.68,2.729,0.5,14
2026-05,pitcher_strikeouts,OVER,"[-500,-300]",HR≥-/EDG≥-/CV≤-/μ≥1.0/TP≥55,474,446,405,41,90.81,0.61,-2.46,3.68,2.729,0.5,14
2026-05,pitcher_strikeouts,OVER,"[-500,-300]",HR≥-/EDG≥-/CV≤-/μ≥1.0/TP≥60,474,446,405,41,90.81,0.61,-2.46,3.68,2.729,0.5,14
2026-05,pitcher_strikeouts,OVER,"[-500,-300]",HR≥-/EDG≥-/CV≤-/μ≥1.0/TP≥65,470,442,401,41,90.72,0.54,-2.55,3.64,2.409,0.5,14
2026-05,pitcher_strikeouts,OVER,"[-500,-300]",HR≥-/EDG≥-/CV≤0.7/μ≥-/TP≥-,574,529,463,66,87.52,-1.64,-4.89,1.61,-8.665,0.5,14
2026-05,pitcher_strikeouts,OVER,"[-500,-300]",HR≥-/EDG≥-/CV≤0.7/μ≥-/TP≥50,553,517,453,64,87.62,-1.72,-5.0,1.55,-8.909,0.5,14
2026-05,pitcher_strikeouts,OVER,"[-500,-300]",HR≥-/EDG≥-/CV≤0.7/μ≥-/TP≥55,546,511,448,63,87.67,-1.75,-5.03,1.53,-8.943,0.429,14
2026-05,pitcher_strikeouts,OVER,"[-500,-300]",HR≥-/EDG≥-/CV≤0.7/μ≥-/TP≥60,527,493,435,58,88.24,-1.29,-4.56,1.98,-6.361,0.5,14
2026-05,pitcher_strikeouts,OVER,"[-500,-300]",HR≥-/EDG≥-/CV≤0.7/μ≥-/TP≥65,494,464,412,52,88.79,-1.1,-4.39,2.19,-5.09,0.5,14
2026-05,pitcher_strikeouts,OVER,"[-500,-300]",HR≥-/EDG≥-/CV≤0.7/μ≥0.0/TP≥-,547,512,452,60,88.28,-1.01,-4.23,2.2,-5.185,0.571,14
2026-05,pitcher_strikeouts,OVER,"[-500,-300]",HR≥-/EDG≥-/CV≤0.7/μ≥0.0/TP≥50,547,512,452,60,88.28,-1.01,-4.23,2.2,-5.185,0.571,14
2026-05,pitcher_strikeouts,OVER,"[-500,-300]",HR≥-/EDG≥-/CV≤0.7/μ≥0.0/TP≥55,540,506,447,59,88.34,-1.03,-4.26,2.19,-5.219,0.5,14
2026-05,pitcher_strikeouts,OVER,"[-500,-300]",HR≥-/EDG≥-/CV≤0.7/μ≥0.0/TP≥60,521,488,434,54,88.93,-0.54,-3.75,2.67,-2.637,0.571,14
2026-05,pitcher_strikeouts,OVER,"[-500,-300]",HR≥-/EDG≥-/CV≤0.7/μ≥0.0/TP≥65,488,459,411,48,89.54,-0.3,-3.51,2.92,-1.365,0.643,14
2026-05,pitcher_strikeouts,OVER,"[-500,-300]",HR≥-/EDG≥-/CV≤0.7/μ≥0.5/TP≥-,518,485,432,53,89.07,-0.55,-3.75,2.64,-2.691,0.5,14
2026-05,pitcher_strikeouts,OVER,"[-500,-300]",HR≥-/EDG≥-/CV≤0.7/μ≥0.5/TP≥50,518,485,432,53,89.07,-0.55,-3.75,2.64,-2.691,0.5,14
2026-05,pitcher_strikeouts,OVER,"[-500,-300]",HR≥-/EDG≥-/CV≤0.7/μ≥0.5/TP≥55,518,485,432,53,89.07,-0.55,-3.75,2.64,-2.691,0.5,14
2026-05,pitcher_strikeouts,OVER,"[-500,-300]",HR≥-/EDG≥-/CV≤0.7/μ≥0.5/TP≥60,511,479,427,52,89.14,-0.49,-3.69,2.72,-2.343,0.571,14
2026-05,pitcher_strikeouts,OVER,"[-500,-300]",HR≥-/EDG≥-/CV≤0.7/μ≥0.5/TP≥65,484,455,408,47,89.67,-0.25,-3.45,2.96,-1.118,0.571,14
2026-05,pitcher_strikeouts,OVER,"[-500,-300]",HR≥-/EDG≥-/CV≤0.7/μ≥1.0/TP≥-,439,415,376,39,90.6,0.29,-2.92,3.5,1.196,0.571,14
2026-05,pitcher_strikeouts,OVER,"[-500,-300]",HR≥-/EDG≥-/CV≤0.7/μ≥1.0/TP≥50,439,415,376,39,90.6,0.29,-2.92,3.5,1.196,0.571,14
2026-05,pitcher_strikeouts,OVER,"[-500,-300]",HR≥-/EDG≥-/CV≤0.7/μ≥1.0/TP≥55,439,415,376,39,90.6,0.29,-2.92,3.5,1.196,0.571,14
2026-05,pitcher_strikeouts,OVER,"[-500,-300]",HR≥-/EDG≥-/CV≤0.7/μ≥1.0/TP≥60,439,415,376,39,90.6,0.29,-2.92,3.5,1.196,0.571,14
2026-05,pitcher_strikeouts,OVER,"[-500,-300]",HR≥-/EDG≥-/CV≤0.7/μ≥1.0/TP≥65,438,414,375,39,90.58,0.26,-2.96,3.47,1.071,0.571,14
2026-05,pitcher_strikeouts,OVER,"[-500,-300]",HR≥-/EDG≥-/CV≤0.6/μ≥-/TP≥-,513,475,419,56,88.21,-0.93,-4.28,2.42,-4.41,0.571,14
2026-05,pitcher_strikeouts,OVER,"[-500,-300]",HR≥-/EDG≥-/CV≤0.6/μ≥-/TP≥50,499,467,412,55,88.22,-1.07,-4.45,2.3,-5.006,0.5,14
2026-05,pitcher_strikeouts,OVER,"[-500,-300]",HR≥-/EDG≥-/CV≤0.6/μ≥-/TP≥55,495,463,409,54,88.34,-0.99,-4.36,2.39,-4.577,0.429,14
2026-05,pitcher_strikeouts,OVER,"[-500,-300]",HR≥-/EDG≥-/CV≤0.6/μ≥-/TP≥60,480,449,399,50,88.86,-0.54,-3.89,2.82,-2.408,0.5,14
2026-05,pitcher_strikeouts,OVER,"[-500,-300]",HR≥-/EDG≥-/CV≤0.6/μ≥-/TP≥65,454,425,380,45,89.41,-0.32,-3.69,3.04,-1.378,0.5,14
2026-05,pitcher_strikeouts,OVER,"[-500,-300]",HR≥-/EDG≥-/CV≤0.6/μ≥0.0/TP≥-,494,463,411,52,88.77,-0.49,-3.82,2.83,-2.282,0.5,14
2026-05,pitcher_strikeouts,OVER,"[-500,-300]",HR≥-/EDG≥-/CV≤0.6/μ≥0.0/TP≥50,494,463,411,52,88.77,-0.49,-3.82,2.83,-2.282,0.5,14
2026-05,pitcher_strikeouts,OVER,"[-500,-300]",HR≥-/EDG≥-/CV≤0.6/μ≥0.0/TP≥55,490,459,408,51,88.89,-0.4,-3.72,2.92,-1.852,0.429,14
2026-05,pitcher_strikeouts,OVER,"[-500,-300]",HR≥-/EDG≥-/CV≤0.6/μ≥0.0/TP≥60,475,445,398,47,89.44,0.07,-3.23,3.37,0.316,0.571,14
2026-05,pitcher_strikeouts,OVER,"[-500,-300]",HR≥-/EDG≥-/CV≤0.6/μ≥0.0/TP≥65,449,421,379,42,90.02,0.32,-2.98,3.61,1.346,0.571,14
2026-05,pitcher_strikeouts,OVER,"[-500,-300]",HR≥-/EDG≥-/CV≤0.6/μ≥0.5/TP≥-,472,441,395,46,89.57,0.03,-3.26,3.32,0.136,0.5,14
2026-05,pitcher_strikeouts,OVER,"[-500,-300]",HR≥-/EDG≥-/CV≤0.6/μ≥0.5/TP≥50,472,441,395,46,89.57,0.03,-3.26,3.32,0.136,0.5,14
2026-05,pitcher_strikeouts,OVER,"[-500,-300]",HR≥-/EDG≥-/CV≤0.6/μ≥0.5/TP≥55,472,441,395,46,89.57,0.03,-3.26,3.32,0.136,0.5,14
2026-05,pitcher_strikeouts,OVER,"[-500,-300]",HR≥-/EDG≥-/CV≤0.6/μ≥0.5/TP≥60,466,436,391,45,89.68,0.14,-3.15,3.43,0.609,0.571,14
2026-05,pitcher_strikeouts,OVER,"[-500,-300]",HR≥-/EDG≥-/CV≤0.6/μ≥0.5/TP≥65,445,417,376,41,90.17,0.38,-2.9,3.67,1.593,0.571,14
2026-05,pitcher_strikeouts,OVER,"[-500,-300]",HR≥-/EDG≥-/CV≤0.6/μ≥1.0/TP≥-,407,383,347,36,90.6,0.28,-3.06,3.62,1.081,0.571,14
2026-05,pitcher_strikeouts,OVER,"[-500,-300]",HR≥-/EDG≥-/CV≤0.6/μ≥1.0/TP≥50,407,383,347,36,90.6,0.28,-3.06,3.62,1.081,0.571,14
2026-05,pitcher_strikeouts,OVER,"[-500,-300]",HR≥-/EDG≥-/CV≤0.6/μ≥1.0/TP≥55,407,383,347,36,90.6,0.28,-3.06,3.62,1.081,0.571,14
2026-05,pitcher_strikeouts,OVER,"[-500,-300]",HR≥-/EDG≥-/CV≤0.6/μ≥1.0/TP≥60,407,383,347,36,90.6,0.28,-3.06,3.62,1.081,0.571,14
2026-05,pitcher_strikeouts,OVER,"[-500,-300]",HR≥-/EDG≥-/CV≤0.6/μ≥1.0/TP≥65,407,383,347,36,90.6,0.28,-3.06,3.62,1.081,0.571,14
2026-05,pitcher_strikeouts,OVER,"[-500,-300]",HR≥-/EDG≥-/CV≤0.5/μ≥-/TP≥-,411,387,342,45,88.37,-0.67,-4.38,3.03,-2.61,0.429,14
2026-05,pitcher_strikeouts,OVER,"[-500,-300]",HR≥-/EDG≥-/CV≤0.5/μ≥-/TP≥50,403,380,336,44,88.42,-0.77,-4.49,2.95,-2.921,0.429,14
2026-05,pitcher_strikeouts,OVER,"[-500,-300]",HR≥-/EDG≥-/CV≤0.5/μ≥-/TP≥55,400,377,333,44,88.33,-0.93,-4.67,2.82,-3.492,0.429,14
2026-05,pitcher_strikeouts,OVER,"[-500,-300]",HR≥-/EDG≥-/CV≤0.5/μ≥-/TP≥60,390,368,327,41,88.86,-0.46,-4.18,3.26,-1.689,0.571,14
2026-05,pitcher_strikeouts,OVER,"[-500,-300]",HR≥-/EDG≥-/CV≤0.5/μ≥-/TP≥65,369,348,312,36,89.66,0.01,-3.68,3.7,0.045,0.571,14
2026-05,pitcher_strikeouts,OVER,"[-500,-300]",HR≥-/EDG≥-/CV≤0.5/μ≥0.0/TP≥-,400,378,336,42,88.89,-0.24,-3.91,3.43,-0.921,0.429,14
2026-05,pitcher_strikeouts,OVER,"[-500,-300]",HR≥-/EDG≥-/CV≤0.5/μ≥0.0/TP≥50,400,378,336,42,88.89,-0.24,-3.91,3.43,-0.921,0.429,14
2026-05,pitcher_strikeouts,OVER,"[-500,-300]",HR≥-/EDG≥-/CV≤0.5/μ≥0.0/TP≥55,397,375,333,42,88.8,-0.4,-4.09,3.3,-1.492,0.429,14
2026-05,pitcher_strikeouts,OVER,"[-500,-300]",HR≥-/EDG≥-/CV≤0.5/μ≥0.0/TP≥60,387,366,327,39,89.34,0.08,-3.58,3.75,0.311,0.571,14
2026-05,pitcher_strikeouts,OVER,"[-500,-300]",HR≥-/EDG≥-/CV≤0.5/μ≥0.0/TP≥65,366,346,312,34,90.17,0.59,-3.03,4.21,2.045,0.643,14
2026-05,pitcher_strikeouts,OVER,"[-500,-300]",HR≥-/EDG≥-/CV≤0.5/μ≥0.5/TP≥-,381,359,322,37,89.69,0.2,-3.43,3.83,0.726,0.571,14
2026-05,pitcher_strikeouts,OVER,"[-500,-300]",HR≥-/EDG≥-/CV≤0.5/μ≥0.5/TP≥50,381,359,322,37,89.69,0.2,-3.43,3.83,0.726,0.571,14
2026-05,pitcher_strikeouts,OVER,"[-500,-300]",HR≥-/EDG≥-/CV≤0.5/μ≥0.5/TP≥55,381,359,322,37,89.69,0.2,-3.43,3.83,0.726,0.571,14
2026-05,pitcher_strikeouts,OVER,"[-500,-300]",HR≥-/EDG≥-/CV≤0.5/μ≥0.5/TP≥60,379,358,321,37,89.66,0.18,-3.46,3.83,0.66,0.571,14
2026-05,pitcher_strikeouts,OVER,"[-500,-300]",HR≥-/EDG≥-/CV≤0.5/μ≥0.5/TP≥65,362,342,309,33,90.35,0.67,-2.94,4.28,2.292,0.571,14
2026-05,pitcher_strikeouts,OVER,"[-500,-300]",HR≥-/EDG≥-/CV≤0.5/μ≥1.0/TP≥-,331,313,284,29,90.73,0.49,-3.2,4.17,1.523,0.571,14
2026-05,pitcher_strikeouts,OVER,"[-500,-300]",HR≥-/EDG≥-/CV≤0.5/μ≥1.0/TP≥50,331,313,284,29,90.73,0.49,-3.2,4.17,1.523,0.571,14
2026-05,pitcher_strikeouts,OVER,"[-500,-300]",HR≥-/EDG≥-/CV≤0.5/μ≥1.0/TP≥55,331,313,284,29,90.73,0.49,-3.2,4.17,1.523,0.571,14
2026-05,pitcher_strikeouts,OVER,"[-500,-300]",HR≥-/EDG≥-/CV≤0.5/μ≥1.0/TP≥60,331,313,284,29,90.73,0.49,-3.2,4.17,1.523,0.571,14
2026-05,pitcher_strikeouts,OVER,"[-500,-300]",HR≥-/EDG≥-/CV≤0.5/μ≥1.0/TP≥65,331,313,284,29,90.73,0.49,-3.2,4.17,1.523,0.571,14
2026-05,pitcher_strikeouts,OVER,"[-500,-300]",HR≥-/EDG≥-/CV≤0.45/μ≥-/TP≥-,329,307,274,33,89.25,0.13,-3.89,4.14,0.39,0.643,14
2026-05,pitcher_strikeouts,OVER,"[-500,-300]",HR≥-/EDG≥-/CV≤0.45/μ≥-/TP≥50,322,301,269,32,89.37,0.13,-3.91,4.16,0.382,0.643,14
2026-05,pitcher_strikeouts,OVER,"[-500,-300]",HR≥-/EDG≥-/CV≤0.45/μ≥-/TP≥55,320,299,267,32,89.3,-0.01,-4.06,4.05,-0.022,0.643,14
2026-05,pitcher_strikeouts,OVER,"[-500,-300]",HR≥-/EDG≥-/CV≤0.45/μ≥-/TP≥60,316,295,265,30,89.83,0.51,-3.49,4.5,1.49,0.714,14
2026-05,pitcher_strikeouts,OVER,"[-500,-300]",HR≥-/EDG≥-/CV≤0.45/μ≥-/TP≥65,297,277,252,25,90.97,1.29,-2.6,5.19,3.579,0.714,14
2026-05,pitcher_strikeouts,OVER,"[-500,-300]",HR≥-/EDG≥-/CV≤0.45/μ≥0.0/TP≥-,320,300,269,31,89.67,0.46,-3.53,4.45,1.382,0.643,14
2026-05,pitcher_strikeouts,OVER,"[-500,-300]",HR≥-/EDG≥-/CV≤0.45/μ≥0.0/TP≥50,320,300,269,31,89.67,0.46,-3.53,4.45,1.382,0.643,14
2026-05,pitcher_strikeouts,OVER,"[-500,-300]",HR≥-/EDG≥-/CV≤0.45/μ≥0.0/TP≥55,318,298,267,31,89.6,0.33,-3.69,4.34,0.978,0.643,14
2026-05,pitcher_strikeouts,OVER,"[-500,-300]",HR≥-/EDG≥-/CV≤0.45/μ≥0.0/TP≥60,314,294,265,29,90.14,0.85,-3.1,4.8,2.49,0.714,14
2026-05,pitcher_strikeouts,OVER,"[-500,-300]",HR≥-/EDG≥-/CV≤0.45/μ≥0.0/TP≥65,295,276,252,24,91.3,1.66,-2.18,5.5,4.579,0.714,14
2026-05,pitcher_strikeouts,OVER,"[-500,-300]",HR≥-/EDG≥-/CV≤0.45/μ≥0.5/TP≥-,307,287,260,27,90.59,1.08,-2.82,4.99,3.106,0.714,14
2026-05,pitcher_strikeouts,OVER,"[-500,-300]",HR≥-/EDG≥-/CV≤0.45/μ≥0.5/TP≥50,307,287,260,27,90.59,1.08,-2.82,4.99,3.106,0.714,14
2026-05,pitcher_strikeouts,OVER,"[-500,-300]",HR≥-/EDG≥-/CV≤0.45/μ≥0.5/TP≥55,307,287,260,27,90.59,1.08,-2.82,4.99,3.106,0.714,14
2026-05,pitcher_strikeouts,OVER,"[-500,-300]",HR≥-/EDG≥-/CV≤0.45/μ≥0.5/TP≥60,307,287,260,27,90.59,1.08,-2.82,4.99,3.106,0.714,14
2026-05,pitcher_strikeouts,OVER,"[-500,-300]",HR≥-/EDG≥-/CV≤0.45/μ≥0.5/TP≥65,292,273,250,23,91.58,1.87,-1.94,5.67,5.093,0.714,14
2026-05,pitcher_strikeouts,OVER,"[-500,-300]",HR≥-/EDG≥-/CV≤0.45/μ≥1.0/TP≥-,263,246,226,20,91.87,1.39,-2.53,5.3,3.407,0.714,14
2026-05,pitcher_strikeouts,OVER,"[-500,-300]",HR≥-/EDG≥-/CV≤0.45/μ≥1.0/TP≥50,263,246,226,20,91.87,1.39,-2.53,5.3,3.407,0.714,14
2026-05,pitcher_strikeouts,OVER,"[-500,-300]",HR≥-/EDG≥-/CV≤0.45/μ≥1.0/TP≥55,263,246,226,20,91.87,1.39,-2.53,5.3,3.407,0.714,14
2026-05,pitcher_strikeouts,OVER,"[-500,-300]",HR≥-/EDG≥-/CV≤0.45/μ≥1.0/TP≥60,263,246,226,20,91.87,1.39,-2.53,5.3,3.407,0.714,14
2026-05,pitcher_strikeouts,OVER,"[-500,-300]",HR≥-/EDG≥-/CV≤0.45/μ≥1.0/TP≥65,263,246,226,20,91.87,1.39,-2.53,5.3,3.407,0.714,14
2026-05,pitcher_strikeouts,OVER,"[-500,-300]",HR≥-/EDG≥-/CV≤0.4/μ≥-/TP≥-,218,204,181,23,88.73,-0.25,-5.29,4.79,-0.513,0.714,14
2026-05,pitcher_strikeouts,OVER,"[-500,-300]",HR≥-/EDG≥-/CV≤0.4/μ≥-/TP≥50,213,199,177,22,88.94,-0.14,-5.2,4.91,-0.286,0.643,14
2026-05,pitcher_strikeouts,OVER,"[-500,-300]",HR≥-/EDG≥-/CV≤0.4/μ≥-/TP≥55,211,197,175,22,88.83,-0.35,-5.45,4.75,-0.69,0.643,14
2026-05,pitcher_strikeouts,OVER,"[-500,-300]",HR≥-/EDG≥-/CV≤0.4/μ≥-/TP≥60,209,195,174,21,89.23,0.04,-5.01,5.08,0.072,0.571,14
2026-05,pitcher_strikeouts,OVER,"[-500,-300]",HR≥-/EDG≥-/CV≤0.4/μ≥-/TP≥65,195,181,165,16,91.16,1.42,-3.35,6.2,2.575,0.643,14
2026-05,pitcher_strikeouts,OVER,"[-500,-300]",HR≥-/EDG≥-/CV≤0.4/μ≥0.0/TP≥-,211,198,177,21,89.39,0.36,-4.62,5.35,0.714,0.643,14
2026-05,pitcher_strikeouts,OVER,"[-500,-300]",HR≥-/EDG≥-/CV≤0.4/μ≥0.0/TP≥50,211,198,177,21,89.39,0.36,-4.62,5.35,0.714,0.643,14
2026-05,pitcher_strikeouts,OVER,"[-500,-300]",HR≥-/EDG≥-/CV≤0.4/μ≥0.0/TP≥55,209,196,175,21,89.29,0.16,-4.87,5.19,0.31,0.643,14
2026-05,pitcher_strikeouts,OVER,"[-500,-300]",HR≥-/EDG≥-/CV≤0.4/μ≥0.0/TP≥60,207,194,174,20,89.69,0.55,-4.42,5.52,1.072,0.571,14
2026-05,pitcher_strikeouts,OVER,"[-500,-300]",HR≥-/EDG≥-/CV≤0.4/μ≥0.0/TP≥65,193,180,165,15,91.67,1.99,-2.68,6.66,3.575,0.643,14
2026-05,pitcher_strikeouts,OVER,"[-500,-300]",HR≥-/EDG≥-/CV≤0.4/μ≥0.5/TP≥-,200,187,169,18,90.37,0.9,-3.99,5.8,1.688,0.571,14
2026-05,pitcher_strikeouts,OVER,"[-500,-300]",HR≥-/EDG≥-/CV≤0.4/μ≥0.5/TP≥50,200,187,169,18,90.37,0.9,-3.99,5.8,1.688,0.571,14
2026-05,pitcher_strikeouts,OVER,"[-500,-300]",HR≥-/EDG≥-/CV≤0.4/μ≥0.5/TP≥55,200,187,169,18,90.37,0.9,-3.99,5.8,1.688,0.571,14
2026-05,pitcher_strikeouts,OVER,"[-500,-300]",HR≥-/EDG≥-/CV≤0.4/μ≥0.5/TP≥60,200,187,169,18,90.37,0.9,-3.99,5.8,1.688,0.571,14
2026-05,pitcher_strikeouts,OVER,"[-500,-300]",HR≥-/EDG≥-/CV≤0.4/μ≥0.5/TP≥65,190,177,163,14,92.09,2.31,-2.29,6.91,4.089,0.643,14
2026-05,pitcher_strikeouts,OVER,"[-500,-300]",HR≥-/EDG≥-/CV≤0.4/μ≥1.0/TP≥-,169,158,146,12,92.41,1.78,-2.95,6.5,2.808,0.571,14
2026-05,pitcher_strikeouts,OVER,"[-500,-300]",HR≥-/EDG≥-/CV≤0.4/μ≥1.0/TP≥50,169,158,146,12,92.41,1.78,-2.95,6.5,2.808,0.571,14
2026-05,pitcher_strikeouts,OVER,"[-500,-300]",HR≥-/EDG≥-/CV≤0.4/μ≥1.0/TP≥55,169,158,146,12,92.41,1.78,-2.95,6.5,2.808,0.571,14
2026-05,pitcher_strikeouts,OVER,"[-500,-300]",HR≥-/EDG≥-/CV≤0.4/μ≥1.0/TP≥60,169,158,146,12,92.41,1.78,-2.95,6.5,2.808,0.571,14
2026-05,pitcher_strikeouts,OVER,"[-500,-300]",HR≥-/EDG≥-/CV≤0.4/μ≥1.0/TP≥65,169,158,146,12,92.41,1.78,-2.95,6.5,2.808,0.571,14
2026-05,pitcher_strikeouts,OVER,"[-500,-300]",HR≥-/EDG≥-5.0/CV≤-/μ≥-/TP≥-,237,221,205,16,92.76,4.87,0.8,8.94,10.764,0.857,14
2026-05,pitcher_strikeouts,OVER,"[-500,-300]",HR≥-/EDG≥-5.0/CV≤-/μ≥-/TP≥50,237,221,205,16,92.76,4.87,0.8,8.94,10.764,0.857,14
2026-05,pitcher_strikeouts,OVER,"[-500,-300]",HR≥-/EDG≥-5.0/CV≤-/μ≥-/TP≥55,237,221,205,16,92.76,4.87,0.8,8.94,10.764,0.857,14
2026-05,pitcher_strikeouts,OVER,"[-500,-300]",HR≥-/EDG≥-5.0/CV≤-/μ≥-/TP≥60,237,221,205,16,92.76,4.87,0.8,8.94,10.764,0.857,14
2026-05,pitcher_strikeouts,OVER,"[-500,-300]",HR≥-/EDG≥-5.0/CV≤-/μ≥-/TP≥65,237,221,205,16,92.76,4.87,0.8,8.94,10.764,0.857,14
2026-05,pitcher_strikeouts,OVER,"[-500,-300]",HR≥-/EDG≥-5.0/CV≤-/μ≥0.0/TP≥-,237,221,205,16,92.76,4.87,0.8,8.94,10.764,0.857,14
2026-05,pitcher_strikeouts,OVER,"[-500,-300]",HR≥-/EDG≥-5.0/CV≤-/μ≥0.0/TP≥50,237,221,205,16,92.76,4.87,0.8,8.94,10.764,0.857,14
2026-05,pitcher_strikeouts,OVER,"[-500,-300]",HR≥-/EDG≥-5.0/CV≤-/μ≥0.0/TP≥55,237,221,205,16,92.76,4.87,0.8,8.94,10.764,0.857,14
2026-05,pitcher_strikeouts,OVER,"[-500,-300]",HR≥-/EDG≥-5.0/CV≤-/μ≥0.0/TP≥60,237,221,205,16,92.76,4.87,0.8,8.94,10.764,0.857,14
2026-05,pitcher_strikeouts,OVER,"[-500,-300]",HR≥-/EDG≥-5.0/CV≤-/μ≥0.0/TP≥65,237,221,205,16,92.76,4.87,0.8,8.94,10.764,0.857,14
2026-05,pitcher_strikeouts,OVER,"[-500,-300]",HR≥-/EDG≥-5.0/CV≤-/μ≥0.5/TP≥-,237,221,205,16,92.76,4.87,0.8,8.94,10.764,0.857,14
2026-05,pitcher_strikeouts,OVER,"[-500,-300]",HR≥-/EDG≥-5.0/CV≤-/μ≥0.5/TP≥50,237,221,205,16,92.76,4.87,0.8,8.94,10.764,0.857,14
2026-05,pitcher_strikeouts,OVER,"[-500,-300]",HR≥-/EDG≥-5.0/CV≤-/μ≥0.5/TP≥55,237,221,205,16,92.76,4.87,0.8,8.94,10.764,0.857,14
2026-05,pitcher_strikeouts,OVER,"[-500,-300]",HR≥-/EDG≥-5.0/CV≤-/μ≥0.5/TP≥60,237,221,205,16,92.76,4.87,0.8,8.94,10.764,0.857,14
2026-05,pitcher_strikeouts,OVER,"[-500,-300]",HR≥-/EDG≥-5.0/CV≤-/μ≥0.5/TP≥65,237,221,205,16,92.76,4.87,0.8,8.94,10.764,0.857,14
2026-05,pitcher_strikeouts,OVER,"[-500,-300]",HR≥-/EDG≥-5.0/CV≤-/μ≥1.0/TP≥-,234,219,203,16,92.69,4.66,0.57,8.75,10.199,0.857,14
2026-05,pitcher_strikeouts,OVER,"[-500,-300]",HR≥-/EDG≥-5.0/CV≤-/μ≥1.0/TP≥50,234,219,203,16,92.69,4.66,0.57,8.75,10.199,0.857,14
2026-05,pitcher_strikeouts,OVER,"[-500,-300]",HR≥-/EDG≥-5.0/CV≤-/μ≥1.0/TP≥55,234,219,203,16,92.69,4.66,0.57,8.75,10.199,0.857,14
2026-05,pitcher_strikeouts,OVER,"[-500,-300]",HR≥-/EDG≥-5.0/CV≤-/μ≥1.0/TP≥60,234,219,203,16,92.69,4.66,0.57,8.75,10.199,0.857,14
2026-05,pitcher_strikeouts,OVER,"[-500,-300]",HR≥-/EDG≥-5.0/CV≤-/μ≥1.0/TP≥65,234,219,203,16,92.69,4.66,0.57,8.75,10.199,0.857,14
2026-05,pitcher_strikeouts,OVER,"[-500,-300]",HR≥-/EDG≥-5.0/CV≤0.7/μ≥-/TP≥-,226,210,196,14,93.33,5.31,1.28,9.33,11.142,0.857,14
2026-05,pitcher_strikeouts,OVER,"[-500,-300]",HR≥-/EDG≥-5.0/CV≤0.7/μ≥-/TP≥50,226,210,196,14,93.33,5.31,1.28,9.33,11.142,0.857,14
2026-05,pitcher_strikeouts,OVER,"[-500,-300]",HR≥-/EDG≥-5.0/CV≤0.7/μ≥-/TP≥55,226,210,196,14,93.33,5.31,1.28,9.33,11.142,0.857,14
2026-05,pitcher_strikeouts,OVER,"[-500,-300]",HR≥-/EDG≥-5.0/CV≤0.7/μ≥-/TP≥60,226,210,196,14,93.33,5.31,1.28,9.33,11.142,0.857,14
2026-05,pitcher_strikeouts,OVER,"[-500,-300]",HR≥-/EDG≥-5.0/CV≤0.7/μ≥-/TP≥65,226,210,196,14,93.33,5.31,1.28,9.33,11.142,0.857,14
2026-05,pitcher_strikeouts,OVER,"[-500,-300]",HR≥-/EDG≥-5.0/CV≤0.7/μ≥0.0/TP≥-,226,210,196,14,93.33,5.31,1.28,9.33,11.142,0.857,14
2026-05,pitcher_strikeouts,OVER,"[-500,-300]",HR≥-/EDG≥-5.0/CV≤0.7/μ≥0.0/TP≥50,226,210,196,14,93.33,5.31,1.28,9.33,11.142,0.857,14
2026-05,pitcher_strikeouts,OVER,"[-500,-300]",HR≥-/EDG≥-5.0/CV≤0.7/μ≥0.0/TP≥55,226,210,196,14,93.33,5.31,1.28,9.33,11.142,0.857,14
2026-05,pitcher_strikeouts,OVER,"[-500,-300]",HR≥-/EDG≥-5.0/CV≤0.7/μ≥0.0/TP≥60,226,210,196,14,93.33,5.31,1.28,9.33,11.142,0.857,14
2026-05,pitcher_strikeouts,OVER,"[-500,-300]",HR≥-/EDG≥-5.0/CV≤0.7/μ≥0.0/TP≥65,226,210,196,14,93.33,5.31,1.28,9.33,11.142,0.857,14
2026-05,pitcher_strikeouts,OVER,"[-500,-300]",HR≥-/EDG≥-5.0/CV≤0.7/μ≥0.5/TP≥-,226,210,196,14,93.33,5.31,1.28,9.33,11.142,0.857,14
2026-05,pitcher_strikeouts,OVER,"[-500,-300]",HR≥-/EDG≥-5.0/CV≤0.7/μ≥0.5/TP≥50,226,210,196,14,93.33,5.31,1.28,9.33,11.142,0.857,14
2026-05,pitcher_strikeouts,OVER,"[-500,-300]",HR≥-/EDG≥-5.0/CV≤0.7/μ≥0.5/TP≥55,226,210,196,14,93.33,5.31,1.28,9.33,11.142,0.857,14
2026-05,pitcher_strikeouts,OVER,"[-500,-300]",HR≥-/EDG≥-5.0/CV≤0.7/μ≥0.5/TP≥60,226,210,196,14,93.33,5.31,1.28,9.33,11.142,0.857,14
2026-05,pitcher_strikeouts,OVER,"[-500,-300]",HR≥-/EDG≥-5.0/CV≤0.7/μ≥0.5/TP≥65,226,210,196,14,93.33,5.31,1.28,9.33,11.142,0.857,14
2026-05,pitcher_strikeouts,OVER,"[-500,-300]",HR≥-/EDG≥-5.0/CV≤0.7/μ≥1.0/TP≥-,223,208,194,14,93.27,5.09,1.03,9.14,10.577,0.857,14
2026-05,pitcher_strikeouts,OVER,"[-500,-300]",HR≥-/EDG≥-5.0/CV≤0.7/μ≥1.0/TP≥50,223,208,194,14,93.27,5.09,1.03,9.14,10.577,0.857,14
2026-05,pitcher_strikeouts,OVER,"[-500,-300]",HR≥-/EDG≥-5.0/CV≤0.7/μ≥1.0/TP≥55,223,208,194,14,93.27,5.09,1.03,9.14,10.577,0.857,14
2026-05,pitcher_strikeouts,OVER,"[-500,-300]",HR≥-/EDG≥-5.0/CV≤0.7/μ≥1.0/TP≥60,223,208,194,14,93.27,5.09,1.03,9.14,10.577,0.857,14
2026-05,pitcher_strikeouts,OVER,"[-500,-300]",HR≥-/EDG≥-5.0/CV≤0.7/μ≥1.0/TP≥65,223,208,194,14,93.27,5.09,1.03,9.14,10.577,0.857,14
2026-05,pitcher_strikeouts,OVER,"[-500,-300]",HR≥-/EDG≥-5.0/CV≤0.6/μ≥-/TP≥-,220,204,191,13,93.63,5.47,1.47,9.47,11.161,0.786,14
2026-05,pitcher_strikeouts,OVER,"[-500,-300]",HR≥-/EDG≥-5.0/CV≤0.6/μ≥-/TP≥50,220,204,191,13,93.63,5.47,1.47,9.47,11.161,0.786,14
2026-05,pitcher_strikeouts,OVER,"[-500,-300]",HR≥-/EDG≥-5.0/CV≤0.6/μ≥-/TP≥55,220,204,191,13,93.63,5.47,1.47,9.47,11.161,0.786,14
2026-05,pitcher_strikeouts,OVER,"[-500,-300]",HR≥-/EDG≥-5.0/CV≤0.6/μ≥-/TP≥60,220,204,191,13,93.63,5.47,1.47,9.47,11.161,0.786,14
2026-05,pitcher_strikeouts,OVER,"[-500,-300]",HR≥-/EDG≥-5.0/CV≤0.6/μ≥-/TP≥65,220,204,191,13,93.63,5.47,1.47,9.47,11.161,0.786,14
2026-05,pitcher_strikeouts,OVER,"[-500,-300]",HR≥-/EDG≥-5.0/CV≤0.6/μ≥0.0/TP≥-,220,204,191,13,93.63,5.47,1.47,9.47,11.161,0.786,14
2026-05,pitcher_strikeouts,OVER,"[-500,-300]",HR≥-/EDG≥-5.0/CV≤0.6/μ≥0.0/TP≥50,220,204,191,13,93.63,5.47,1.47,9.47,11.161,0.786,14
2026-05,pitcher_strikeouts,OVER,"[-500,-300]",HR≥-/EDG≥-5.0/CV≤0.6/μ≥0.0/TP≥55,220,204,191,13,93.63,5.47,1.47,9.47,11.161,0.786,14
2026-05,pitcher_strikeouts,OVER,"[-500,-300]",HR≥-/EDG≥-5.0/CV≤0.6/μ≥0.0/TP≥60,220,204,191,13,93.63,5.47,1.47,9.47,11.161,0.786,14
2026-05,pitcher_strikeouts,OVER,"[-500,-300]",HR≥-/EDG≥-5.0/CV≤0.6/μ≥0.0/TP≥65,220,204,191,13,93.63,5.47,1.47,9.47,11.161,0.786,14
2026-05,pitcher_strikeouts,OVER,"[-500,-300]",HR≥-/EDG≥-5.0/CV≤0.6/μ≥0.5/TP≥-,220,204,191,13,93.63,5.47,1.47,9.47,11.161,0.786,14
2026-05,pitcher_strikeouts,OVER,"[-500,-300]",HR≥-/EDG≥-5.0/CV≤0.6/μ≥0.5/TP≥50,220,204,191,13,93.63,5.47,1.47,9.47,11.161,0.786,14
2026-05,pitcher_strikeouts,OVER,"[-500,-300]",HR≥-/EDG≥-5.0/CV≤0.6/μ≥0.5/TP≥55,220,204,191,13,93.63,5.47,1.47,9.47,11.161,0.786,14
2026-05,pitcher_strikeouts,OVER,"[-500,-300]",HR≥-/EDG≥-5.0/CV≤0.6/μ≥0.5/TP≥60,220,204,191,13,93.63,5.47,1.47,9.47,11.161,0.786,14
2026-05,pitcher_strikeouts,OVER,"[-500,-300]",HR≥-/EDG≥-5.0/CV≤0.6/μ≥0.5/TP≥65,220,204,191,13,93.63,5.47,1.47,9.47,11.161,0.786,14
2026-05,pitcher_strikeouts,OVER,"[-500,-300]",HR≥-/EDG≥-5.0/CV≤0.6/μ≥1.0/TP≥-,217,202,189,13,93.56,5.25,1.22,9.27,10.596,0.786,14
2026-05,pitcher_strikeouts,OVER,"[-500,-300]",HR≥-/EDG≥-5.0/CV≤0.6/μ≥1.0/TP≥50,217,202,189,13,93.56,5.25,1.22,9.27,10.596,0.786,14
2026-05,pitcher_strikeouts,OVER,"[-500,-300]",HR≥-/EDG≥-5.0/CV≤0.6/μ≥1.0/TP≥55,217,202,189,13,93.56,5.25,1.22,9.27,10.596,0.786,14
2026-05,pitcher_strikeouts,OVER,"[-500,-300]",HR≥-/EDG≥-5.0/CV≤0.6/μ≥1.0/TP≥60,217,202,189,13,93.56,5.25,1.22,9.27,10.596,0.786,14
2026-05,pitcher_strikeouts,OVER,"[-500,-300]",HR≥-/EDG≥-5.0/CV≤0.6/μ≥1.0/TP≥65,217,202,189,13,93.56,5.25,1.22,9.27,10.596,0.786,14
2026-05,pitcher_strikeouts,OVER,"[-500,-300]",HR≥-/EDG≥-5.0/CV≤0.5/μ≥-/TP≥-,190,177,164,13,92.66,4.25,-0.3,8.81,7.53,0.714,14
2026-05,pitcher_strikeouts,OVER,"[-500,-300]",HR≥-/EDG≥-5.0/CV≤0.5/μ≥-/TP≥50,190,177,164,13,92.66,4.25,-0.3,8.81,7.53,0.714,14
2026-05,pitcher_strikeouts,OVER,"[-500,-300]",HR≥-/EDG≥-5.0/CV≤0.5/μ≥-/TP≥55,190,177,164,13,92.66,4.25,-0.3,8.81,7.53,0.714,14
2026-05,pitcher_strikeouts,OVER,"[-500,-300]",HR≥-/EDG≥-5.0/CV≤0.5/μ≥-/TP≥60,190,177,164,13,92.66,4.25,-0.3,8.81,7.53,0.714,14
2026-05,pitcher_strikeouts,OVER,"[-500,-300]",HR≥-/EDG≥-5.0/CV≤0.5/μ≥-/TP≥65,190,177,164,13,92.66,4.25,-0.3,8.81,7.53,0.714,14
2026-05,pitcher_strikeouts,OVER,"[-500,-300]",HR≥-/EDG≥-5.0/CV≤0.5/μ≥0.0/TP≥-,190,177,164,13,92.66,4.25,-0.3,8.81,7.53,0.714,14
2026-05,pitcher_strikeouts,OVER,"[-500,-300]",HR≥-/EDG≥-5.0/CV≤0.5/μ≥0.0/TP≥50,190,177,164,13,92.66,4.25,-0.3,8.81,7.53,0.714,14
2026-05,pitcher_strikeouts,OVER,"[-500,-300]",HR≥-/EDG≥-5.0/CV≤0.5/μ≥0.0/TP≥55,190,177,164,13,92.66,4.25,-0.3,8.81,7.53,0.714,14
2026-05,pitcher_strikeouts,OVER,"[-500,-300]",HR≥-/EDG≥-5.0/CV≤0.5/μ≥0.0/TP≥60,190,177,164,13,92.66,4.25,-0.3,8.81,7.53,0.714,14
2026-05,pitcher_strikeouts,OVER,"[-500,-300]",HR≥-/EDG≥-5.0/CV≤0.5/μ≥0.0/TP≥65,190,177,164,13,92.66,4.25,-0.3,8.81,7.53,0.714,14
2026-05,pitcher_strikeouts,OVER,"[-500,-300]",HR≥-/EDG≥-5.0/CV≤0.5/μ≥0.5/TP≥-,190,177,164,13,92.66,4.25,-0.3,8.81,7.53,0.714,14
2026-05,pitcher_strikeouts,OVER,"[-500,-300]",HR≥-/EDG≥-5.0/CV≤0.5/μ≥0.5/TP≥50,190,177,164,13,92.66,4.25,-0.3,8.81,7.53,0.714,14
2026-05,pitcher_strikeouts,OVER,"[-500,-300]",HR≥-/EDG≥-5.0/CV≤0.5/μ≥0.5/TP≥55,190,177,164,13,92.66,4.25,-0.3,8.81,7.53,0.714,14
2026-05,pitcher_strikeouts,OVER,"[-500,-300]",HR≥-/EDG≥-5.0/CV≤0.5/μ≥0.5/TP≥60,190,177,164,13,92.66,4.25,-0.3,8.81,7.53,0.714,14
2026-05,pitcher_strikeouts,OVER,"[-500,-300]",HR≥-/EDG≥-5.0/CV≤0.5/μ≥0.5/TP≥65,190,177,164,13,92.66,4.25,-0.3,8.81,7.53,0.714,14
2026-05,pitcher_strikeouts,OVER,"[-500,-300]",HR≥-/EDG≥-5.0/CV≤0.5/μ≥1.0/TP≥-,187,175,162,13,92.57,3.98,-0.61,8.57,6.965,0.714,14
2026-05,pitcher_strikeouts,OVER,"[-500,-300]",HR≥-/EDG≥-5.0/CV≤0.5/μ≥1.0/TP≥50,187,175,162,13,92.57,3.98,-0.61,8.57,6.965,0.714,14
2026-05,pitcher_strikeouts,OVER,"[-500,-300]",HR≥-/EDG≥-5.0/CV≤0.5/μ≥1.0/TP≥55,187,175,162,13,92.57,3.98,-0.61,8.57,6.965,0.714,14
2026-05,pitcher_strikeouts,OVER,"[-500,-300]",HR≥-/EDG≥-5.0/CV≤0.5/μ≥1.0/TP≥60,187,175,162,13,92.57,3.98,-0.61,8.57,6.965,0.714,14
2026-05,pitcher_strikeouts,OVER,"[-500,-300]",HR≥-/EDG≥-5.0/CV≤0.5/μ≥1.0/TP≥65,187,175,162,13,92.57,3.98,-0.61,8.57,6.965,0.714,14
2026-05,pitcher_strikeouts,OVER,"[-500,-300]",HR≥-/EDG≥-5.0/CV≤0.45/μ≥-/TP≥-,159,146,138,8,94.52,5.88,1.46,10.29,8.582,0.714,14
2026-05,pitcher_strikeouts,OVER,"[-500,-300]",HR≥-/EDG≥-5.0/CV≤0.45/μ≥-/TP≥50,159,146,138,8,94.52,5.88,1.46,10.29,8.582,0.714,14
2026-05,pitcher_strikeouts,OVER,"[-500,-300]",HR≥-/EDG≥-5.0/CV≤0.45/μ≥-/TP≥55,159,146,138,8,94.52,5.88,1.46,10.29,8.582,0.714,14
2026-05,pitcher_strikeouts,OVER,"[-500,-300]",HR≥-/EDG≥-5.0/CV≤0.45/μ≥-/TP≥60,159,146,138,8,94.52,5.88,1.46,10.29,8.582,0.714,14
2026-05,pitcher_strikeouts,OVER,"[-500,-300]",HR≥-/EDG≥-5.0/CV≤0.45/μ≥-/TP≥65,159,146,138,8,94.52,5.88,1.46,10.29,8.582,0.714,14
2026-05,pitcher_strikeouts,OVER,"[-500,-300]",HR≥-/EDG≥-5.0/CV≤0.45/μ≥0.0/TP≥-,159,146,138,8,94.52,5.88,1.46,10.29,8.582,0.714,14
2026-05,pitcher_strikeouts,OVER,"[-500,-300]",HR≥-/EDG≥-5.0/CV≤0.45/μ≥0.0/TP≥50,159,146,138,8,94.52,5.88,1.46,10.29,8.582,0.714,14
2026-05,pitcher_strikeouts,OVER,"[-500,-300]",HR≥-/EDG≥-5.0/CV≤0.45/μ≥0.0/TP≥55,159,146,138,8,94.52,5.88,1.46,10.29,8.582,0.714,14
2026-05,pitcher_strikeouts,OVER,"[-500,-300]",HR≥-/EDG≥-5.0/CV≤0.45/μ≥0.0/TP≥60,159,146,138,8,94.52,5.88,1.46,10.29,8.582,0.714,14
2026-05,pitcher_strikeouts,OVER,"[-500,-300]",HR≥-/EDG≥-5.0/CV≤0.45/μ≥0.0/TP≥65,159,146,138,8,94.52,5.88,1.46,10.29,8.582,0.714,14
2026-05,pitcher_strikeouts,OVER,"[-500,-300]",HR≥-/EDG≥-5.0/CV≤0.45/μ≥0.5/TP≥-,159,146,138,8,94.52,5.88,1.46,10.29,8.582,0.714,14
2026-05,pitcher_strikeouts,OVER,"[-500,-300]",HR≥-/EDG≥-5.0/CV≤0.45/μ≥0.5/TP≥50,159,146,138,8,94.52,5.88,1.46,10.29,8.582,0.714,14
2026-05,pitcher_strikeouts,OVER,"[-500,-300]",HR≥-/EDG≥-5.0/CV≤0.45/μ≥0.5/TP≥55,159,146,138,8,94.52,5.88,1.46,10.29,8.582,0.714,14
2026-05,pitcher_strikeouts,OVER,"[-500,-300]",HR≥-/EDG≥-5.0/CV≤0.45/μ≥0.5/TP≥60,159,146,138,8,94.52,5.88,1.46,10.29,8.582,0.714,14
2026-05,pitcher_strikeouts,OVER,"[-500,-300]",HR≥-/EDG≥-5.0/CV≤0.45/μ≥0.5/TP≥65,159,146,138,8,94.52,5.88,1.46,10.29,8.582,0.714,14
2026-05,pitcher_strikeouts,OVER,"[-500,-300]",HR≥-/EDG≥-5.0/CV≤0.45/μ≥1.0/TP≥-,156,144,136,8,94.44,5.57,1.11,10.02,8.017,0.714,14
2026-05,pitcher_strikeouts,OVER,"[-500,-300]",HR≥-/EDG≥-5.0/CV≤0.45/μ≥1.0/TP≥50,156,144,136,8,94.44,5.57,1.11,10.02,8.017,0.714,14
2026-05,pitcher_strikeouts,OVER,"[-500,-300]",HR≥-/EDG≥-5.0/CV≤0.45/μ≥1.0/TP≥55,156,144,136,8,94.44,5.57,1.11,10.02,8.017,0.714,14
2026-05,pitcher_strikeouts,OVER,"[-500,-300]",HR≥-/EDG≥-5.0/CV≤0.45/μ≥1.0/TP≥60,156,144,136,8,94.44,5.57,1.11,10.02,8.017,0.714,14
2026-05,pitcher_strikeouts,OVER,"[-500,-300]",HR≥-/EDG≥-5.0/CV≤0.45/μ≥1.0/TP≥65,156,144,136,8,94.44,5.57,1.11,10.02,8.017,0.714,14
2026-05,pitcher_strikeouts,OVER,"[-500,-300]",HR≥-/EDG≥-5.0/CV≤0.4/μ≥-/TP≥-,113,102,97,5,95.1,6.11,1.1,11.11,6.228,0.615,13
2026-05,pitcher_strikeouts,OVER,"[-500,-300]",HR≥-/EDG≥-5.0/CV≤0.4/μ≥-/TP≥50,113,102,97,5,95.1,6.11,1.1,11.11,6.228,0.615,13
2026-05,pitcher_strikeouts,OVER,"[-500,-300]",HR≥-/EDG≥-5.0/CV≤0.4/μ≥-/TP≥55,113,102,97,5,95.1,6.11,1.1,11.11,6.228,0.615,13
2026-05,pitcher_strikeouts,OVER,"[-500,-300]",HR≥-/EDG≥-5.0/CV≤0.4/μ≥-/TP≥60,113,102,97,5,95.1,6.11,1.1,11.11,6.228,0.615,13
2026-05,pitcher_strikeouts,OVER,"[-500,-300]",HR≥-/EDG≥-5.0/CV≤0.4/μ≥-/TP≥65,113,102,97,5,95.1,6.11,1.1,11.11,6.228,0.615,13
2026-05,pitcher_strikeouts,OVER,"[-500,-300]",HR≥-/EDG≥-5.0/CV≤0.4/μ≥0.0/TP≥-,113,102,97,5,95.1,6.11,1.1,11.11,6.228,0.615,13
2026-05,pitcher_strikeouts,OVER,"[-500,-300]",HR≥-/EDG≥-5.0/CV≤0.4/μ≥0.0/TP≥50,113,102,97,5,95.1,6.11,1.1,11.11,6.228,0.615,13
2026-05,pitcher_strikeouts,OVER,"[-500,-300]",HR≥-/EDG≥-5.0/CV≤0.4/μ≥0.0/TP≥55,113,102,97,5,95.1,6.11,1.1,11.11,6.228,0.615,13
2026-05,pitcher_strikeouts,OVER,"[-500,-300]",HR≥-/EDG≥-5.0/CV≤0.4/μ≥0.0/TP≥60,113,102,97,5,95.1,6.11,1.1,11.11,6.228,0.615,13
2026-05,pitcher_strikeouts,OVER,"[-500,-300]",HR≥-/EDG≥-5.0/CV≤0.4/μ≥0.0/TP≥65,113,102,97,5,95.1,6.11,1.1,11.11,6.228,0.615,13
2026-05,pitcher_strikeouts,OVER,"[-500,-300]",HR≥-/EDG≥-5.0/CV≤0.4/μ≥0.5/TP≥-,113,102,97,5,95.1,6.11,1.1,11.11,6.228,0.615,13
2026-05,pitcher_strikeouts,OVER,"[-500,-300]",HR≥-/EDG≥-5.0/CV≤0.4/μ≥0.5/TP≥50,113,102,97,5,95.1,6.11,1.1,11.11,6.228,0.615,13
2026-05,pitcher_strikeouts,OVER,"[-500,-300]",HR≥-/EDG≥-5.0/CV≤0.4/μ≥0.5/TP≥55,113,102,97,5,95.1,6.11,1.1,11.11,6.228,0.615,13
2026-05,pitcher_strikeouts,OVER,"[-500,-300]",HR≥-/EDG≥-5.0/CV≤0.4/μ≥0.5/TP≥60,113,102,97,5,95.1,6.11,1.1,11.11,6.228,0.615,13
2026-05,pitcher_strikeouts,OVER,"[-500,-300]",HR≥-/EDG≥-5.0/CV≤0.4/μ≥0.5/TP≥65,113,102,97,5,95.1,6.11,1.1,11.11,6.228,0.615,13
2026-05,pitcher_strikeouts,OVER,"[-500,-300]",HR≥-/EDG≥-5.0/CV≤0.4/μ≥1.0/TP≥-,110,100,95,5,95.0,5.66,0.6,10.73,5.664,0.615,13
2026-05,pitcher_strikeouts,OVER,"[-500,-300]",HR≥-/EDG≥-5.0/CV≤0.4/μ≥1.0/TP≥50,110,100,95,5,95.0,5.66,0.6,10.73,5.664,0.615,13
2026-05,pitcher_strikeouts,OVER,"[-500,-300]",HR≥-/EDG≥-5.0/CV≤0.4/μ≥1.0/TP≥55,110,100,95,5,95.0,5.66,0.6,10.73,5.664,0.615,13
2026-05,pitcher_strikeouts,OVER,"[-500,-300]",HR≥-/EDG≥-5.0/CV≤0.4/μ≥1.0/TP≥60,110,100,95,5,95.0,5.66,0.6,10.73,5.664,0.615,13
2026-05,pitcher_strikeouts,OVER,"[-500,-300]",HR≥-/EDG≥-5.0/CV≤0.4/μ≥1.0/TP≥65,110,100,95,5,95.0,5.66,0.6,10.73,5.664,0.615,13
2026-05,pitcher_strikeouts,OVER,"[-500,-300]",HR≥-/EDG≥0.0/CV≤-/μ≥-/TP≥-,112,103,92,11,89.32,4.11,-3.13,11.35,4.232,0.385,13
2026-05,pitcher_strikeouts,OVER,"[-500,-300]",HR≥-/EDG≥0.0/CV≤-/μ≥-/TP≥50,112,103,92,11,89.32,4.11,-3.13,11.35,4.232,0.385,13
2026-05,pitcher_strikeouts,OVER,"[-500,-300]",HR≥-/EDG≥0.0/CV≤-/μ≥-/TP≥55,112,103,92,11,89.32,4.11,-3.13,11.35,4.232,0.385,13
2026-05,pitcher_strikeouts,OVER,"[-500,-300]",HR≥-/EDG≥0.0/CV≤-/μ≥-/TP≥60,112,103,92,11,89.32,4.11,-3.13,11.35,4.232,0.385,13
2026-05,pitcher_strikeouts,OVER,"[-500,-300]",HR≥-/EDG≥0.0/CV≤-/μ≥-/TP≥65,112,103,92,11,89.32,4.11,-3.13,11.35,4.232,0.385,13
2026-05,pitcher_strikeouts,OVER,"[-500,-300]",HR≥-/EDG≥0.0/CV≤-/μ≥0.0/TP≥-,112,103,92,11,89.32,4.11,-3.13,11.35,4.232,0.385,13
2026-05,pitcher_strikeouts,OVER,"[-500,-300]",HR≥-/EDG≥0.0/CV≤-/μ≥0.0/TP≥50,112,103,92,11,89.32,4.11,-3.13,11.35,4.232,0.385,13
2026-05,pitcher_strikeouts,OVER,"[-500,-300]",HR≥-/EDG≥0.0/CV≤-/μ≥0.0/TP≥55,112,103,92,11,89.32,4.11,-3.13,11.35,4.232,0.385,13
2026-05,pitcher_strikeouts,OVER,"[-500,-300]",HR≥-/EDG≥0.0/CV≤-/μ≥0.0/TP≥60,112,103,92,11,89.32,4.11,-3.13,11.35,4.232,0.385,13
2026-05,pitcher_strikeouts,OVER,"[-500,-300]",HR≥-/EDG≥0.0/CV≤-/μ≥0.0/TP≥65,112,103,92,11,89.32,4.11,-3.13,11.35,4.232,0.385,13
2026-05,pitcher_strikeouts,OVER,"[-500,-300]",HR≥-/EDG≥0.0/CV≤-/μ≥0.5/TP≥-,112,103,92,11,89.32,4.11,-3.13,11.35,4.232,0.385,13
2026-05,pitcher_strikeouts,OVER,"[-500,-300]",HR≥-/EDG≥0.0/CV≤-/μ≥0.5/TP≥50,112,103,92,11,89.32,4.11,-3.13,11.35,4.232,0.385,13
2026-05,pitcher_strikeouts,OVER,"[-500,-300]",HR≥-/EDG≥0.0/CV≤-/μ≥0.5/TP≥55,112,103,92,11,89.32,4.11,-3.13,11.35,4.232,0.385,13
2026-05,pitcher_strikeouts,OVER,"[-500,-300]",HR≥-/EDG≥0.0/CV≤-/μ≥0.5/TP≥60,112,103,92,11,89.32,4.11,-3.13,11.35,4.232,0.385,13
2026-05,pitcher_strikeouts,OVER,"[-500,-300]",HR≥-/EDG≥0.0/CV≤-/μ≥0.5/TP≥65,112,103,92,11,89.32,4.11,-3.13,11.35,4.232,0.385,13
2026-05,pitcher_strikeouts,OVER,"[-500,-300]",HR≥-/EDG≥0.0/CV≤-/μ≥1.0/TP≥-,112,103,92,11,89.32,4.11,-3.13,11.35,4.232,0.385,13
2026-05,pitcher_strikeouts,OVER,"[-500,-300]",HR≥-/EDG≥0.0/CV≤-/μ≥1.0/TP≥50,112,103,92,11,89.32,4.11,-3.13,11.35,4.232,0.385,13
2026-05,pitcher_strikeouts,OVER,"[-500,-300]",HR≥-/EDG≥0.0/CV≤-/μ≥1.0/TP≥55,112,103,92,11,89.32,4.11,-3.13,11.35,4.232,0.385,13
2026-05,pitcher_strikeouts,OVER,"[-500,-300]",HR≥-/EDG≥0.0/CV≤-/μ≥1.0/TP≥60,112,103,92,11,89.32,4.11,-3.13,11.35,4.232,0.385,13
2026-05,pitcher_strikeouts,OVER,"[-500,-300]",HR≥-/EDG≥0.0/CV≤-/μ≥1.0/TP≥65,112,103,92,11,89.32,4.11,-3.13,11.35,4.232,0.385,13
2026-05,pitcher_strikeouts,OVER,"[-500,-300]",HR≥-/EDG≥0.0/CV≤0.7/μ≥-/TP≥-,106,97,88,9,90.72,5.53,-1.51,12.57,5.363,0.462,13
2026-05,pitcher_strikeouts,OVER,"[-500,-300]",HR≥-/EDG≥0.0/CV≤0.7/μ≥-/TP≥50,106,97,88,9,90.72,5.53,-1.51,12.57,5.363,0.462,13
2026-05,pitcher_strikeouts,OVER,"[-500,-300]",HR≥-/EDG≥0.0/CV≤0.7/μ≥-/TP≥55,106,97,88,9,90.72,5.53,-1.51,12.57,5.363,0.462,13
2026-05,pitcher_strikeouts,OVER,"[-500,-300]",HR≥-/EDG≥0.0/CV≤0.7/μ≥-/TP≥60,106,97,88,9,90.72,5.53,-1.51,12.57,5.363,0.462,13
2026-05,pitcher_strikeouts,OVER,"[-500,-300]",HR≥-/EDG≥0.0/CV≤0.7/μ≥-/TP≥65,106,97,88,9,90.72,5.53,-1.51,12.57,5.363,0.462,13
2026-05,pitcher_strikeouts,OVER,"[-500,-300]",HR≥-/EDG≥0.0/CV≤0.7/μ≥0.0/TP≥-,106,97,88,9,90.72,5.53,-1.51,12.57,5.363,0.462,13
2026-05,pitcher_strikeouts,OVER,"[-500,-300]",HR≥-/EDG≥0.0/CV≤0.7/μ≥0.0/TP≥50,106,97,88,9,90.72,5.53,-1.51,12.57,5.363,0.462,13
2026-05,pitcher_strikeouts,OVER,"[-500,-300]",HR≥-/EDG≥0.0/CV≤0.7/μ≥0.0/TP≥55,106,97,88,9,90.72,5.53,-1.51,12.57,5.363,0.462,13
2026-05,pitcher_strikeouts,OVER,"[-500,-300]",HR≥-/EDG≥0.0/CV≤0.7/μ≥0.0/TP≥60,106,97,88,9,90.72,5.53,-1.51,12.57,5.363,0.462,13
2026-05,pitcher_strikeouts,OVER,"[-500,-300]",HR≥-/EDG≥0.0/CV≤0.7/μ≥0.0/TP≥65,106,97,88,9,90.72,5.53,-1.51,12.57,5.363,0.462,13
2026-05,pitcher_strikeouts,OVER,"[-500,-300]",HR≥-/EDG≥0.0/CV≤0.7/μ≥0.5/TP≥-,106,97,88,9,90.72,5.53,-1.51,12.57,5.363,0.462,13
2026-05,pitcher_strikeouts,OVER,"[-500,-300]",HR≥-/EDG≥0.0/CV≤0.7/μ≥0.5/TP≥50,106,97,88,9,90.72,5.53,-1.51,12.57,5.363,0.462,13
2026-05,pitcher_strikeouts,OVER,"[-500,-300]",HR≥-/EDG≥0.0/CV≤0.7/μ≥0.5/TP≥55,106,97,88,9,90.72,5.53,-1.51,12.57,5.363,0.462,13
2026-05,pitcher_strikeouts,OVER,"[-500,-300]",HR≥-/EDG≥0.0/CV≤0.7/μ≥0.5/TP≥60,106,97,88,9,90.72,5.53,-1.51,12.57,5.363,0.462,13
2026-05,pitcher_strikeouts,OVER,"[-500,-300]",HR≥-/EDG≥0.0/CV≤0.7/μ≥0.5/TP≥65,106,97,88,9,90.72,5.53,-1.51,12.57,5.363,0.462,13
2026-05,pitcher_strikeouts,OVER,"[-500,-300]",HR≥-/EDG≥0.0/CV≤0.7/μ≥1.0/TP≥-,106,97,88,9,90.72,5.53,-1.51,12.57,5.363,0.462,13
2026-05,pitcher_strikeouts,OVER,"[-500,-300]",HR≥-/EDG≥0.0/CV≤0.7/μ≥1.0/TP≥50,106,97,88,9,90.72,5.53,-1.51,12.57,5.363,0.462,13
2026-05,pitcher_strikeouts,OVER,"[-500,-300]",HR≥-/EDG≥0.0/CV≤0.7/μ≥1.0/TP≥55,106,97,88,9,90.72,5.53,-1.51,12.57,5.363,0.462,13
2026-05,pitcher_strikeouts,OVER,"[-500,-300]",HR≥-/EDG≥0.0/CV≤0.7/μ≥1.0/TP≥60,106,97,88,9,90.72,5.53,-1.51,12.57,5.363,0.462,13
2026-05,pitcher_strikeouts,OVER,"[-500,-300]",HR≥-/EDG≥0.0/CV≤0.7/μ≥1.0/TP≥65,106,97,88,9,90.72,5.53,-1.51,12.57,5.363,0.462,13
2026-05,pitcher_strikeouts,OVER,"[-500,-300]",HR≥-/EDG≥0.0/CV≤0.6/μ≥-/TP≥-,103,94,86,8,91.49,6.35,-0.54,13.25,5.973,0.538,13
2026-05,pitcher_strikeouts,OVER,"[-500,-300]",HR≥-/EDG≥0.0/CV≤0.6/μ≥-/TP≥50,103,94,86,8,91.49,6.35,-0.54,13.25,5.973,0.538,13
2026-05,pitcher_strikeouts,OVER,"[-500,-300]",HR≥-/EDG≥0.0/CV≤0.6/μ≥-/TP≥55,103,94,86,8,91.49,6.35,-0.54,13.25,5.973,0.538,13
2026-05,pitcher_strikeouts,OVER,"[-500,-300]",HR≥-/EDG≥0.0/CV≤0.6/μ≥-/TP≥60,103,94,86,8,91.49,6.35,-0.54,13.25,5.973,0.538,13
2026-05,pitcher_strikeouts,OVER,"[-500,-300]",HR≥-/EDG≥0.0/CV≤0.6/μ≥-/TP≥65,103,94,86,8,91.49,6.35,-0.54,13.25,5.973,0.538,13
2026-05,pitcher_strikeouts,OVER,"[-500,-300]",HR≥-/EDG≥0.0/CV≤0.6/μ≥0.0/TP≥-,103,94,86,8,91.49,6.35,-0.54,13.25,5.973,0.538,13
2026-05,pitcher_strikeouts,OVER,"[-500,-300]",HR≥-/EDG≥0.0/CV≤0.6/μ≥0.0/TP≥50,103,94,86,8,91.49,6.35,-0.54,13.25,5.973,0.538,13
2026-05,pitcher_strikeouts,OVER,"[-500,-300]",HR≥-/EDG≥0.0/CV≤0.6/μ≥0.0/TP≥55,103,94,86,8,91.49,6.35,-0.54,13.25,5.973,0.538,13
2026-05,pitcher_strikeouts,OVER,"[-500,-300]",HR≥-/EDG≥0.0/CV≤0.6/μ≥0.0/TP≥60,103,94,86,8,91.49,6.35,-0.54,13.25,5.973,0.538,13
2026-05,pitcher_strikeouts,OVER,"[-500,-300]",HR≥-/EDG≥0.0/CV≤0.6/μ≥0.0/TP≥65,103,94,86,8,91.49,6.35,-0.54,13.25,5.973,0.538,13
2026-05,pitcher_strikeouts,OVER,"[-500,-300]",HR≥-/EDG≥0.0/CV≤0.6/μ≥0.5/TP≥-,103,94,86,8,91.49,6.35,-0.54,13.25,5.973,0.538,13
2026-05,pitcher_strikeouts,OVER,"[-500,-300]",HR≥-/EDG≥0.0/CV≤0.6/μ≥0.5/TP≥50,103,94,86,8,91.49,6.35,-0.54,13.25,5.973,0.538,13
2026-05,pitcher_strikeouts,OVER,"[-500,-300]",HR≥-/EDG≥0.0/CV≤0.6/μ≥0.5/TP≥55,103,94,86,8,91.49,6.35,-0.54,13.25,5.973,0.538,13
2026-05,pitcher_strikeouts,OVER,"[-500,-300]",HR≥-/EDG≥0.0/CV≤0.6/μ≥0.5/TP≥60,103,94,86,8,91.49,6.35,-0.54,13.25,5.973,0.538,13
2026-05,pitcher_strikeouts,OVER,"[-500,-300]",HR≥-/EDG≥0.0/CV≤0.6/μ≥0.5/TP≥65,103,94,86,8,91.49,6.35,-0.54,13.25,5.973,0.538,13
2026-05,pitcher_strikeouts,OVER,"[-500,-300]",HR≥-/EDG≥0.0/CV≤0.6/μ≥1.0/TP≥-,103,94,86,8,91.49,6.35,-0.54,13.25,5.973,0.538,13
2026-05,pitcher_strikeouts,OVER,"[-500,-300]",HR≥-/EDG≥0.0/CV≤0.6/μ≥1.0/TP≥50,103,94,86,8,91.49,6.35,-0.54,13.25,5.973,0.538,13
2026-05,pitcher_strikeouts,OVER,"[-500,-300]",HR≥-/EDG≥0.0/CV≤0.6/μ≥1.0/TP≥55,103,94,86,8,91.49,6.35,-0.54,13.25,5.973,0.538,13
2026-05,pitcher_strikeouts,OVER,"[-500,-300]",HR≥-/EDG≥0.0/CV≤0.6/μ≥1.0/TP≥60,103,94,86,8,91.49,6.35,-0.54,13.25,5.973,0.538,13
2026-05,pitcher_strikeouts,OVER,"[-500,-300]",HR≥-/EDG≥0.0/CV≤0.6/μ≥1.0/TP≥65,103,94,86,8,91.49,6.35,-0.54,13.25,5.973,0.538,13
2026-05,pitcher_strikeouts,OVER,"[-500,-300]",HR≥-/EDG≥0.0/CV≤0.5/μ≥-/TP≥-,96,87,79,8,90.8,5.08,-2.29,12.46,4.424,0.538,13
2026-05,pitcher_strikeouts,OVER,"[-500,-300]",HR≥-/EDG≥0.0/CV≤0.5/μ≥-/TP≥50,96,87,79,8,90.8,5.08,-2.29,12.46,4.424,0.538,13
2026-05,pitcher_strikeouts,OVER,"[-500,-300]",HR≥-/EDG≥0.0/CV≤0.5/μ≥-/TP≥55,96,87,79,8,90.8,5.08,-2.29,12.46,4.424,0.538,13
2026-05,pitcher_strikeouts,OVER,"[-500,-300]",HR≥-/EDG≥0.0/CV≤0.5/μ≥-/TP≥60,96,87,79,8,90.8,5.08,-2.29,12.46,4.424,0.538,13
2026-05,pitcher_strikeouts,OVER,"[-500,-300]",HR≥-/EDG≥0.0/CV≤0.5/μ≥-/TP≥65,96,87,79,8,90.8,5.08,-2.29,12.46,4.424,0.538,13
2026-05,pitcher_strikeouts,OVER,"[-500,-300]",HR≥-/EDG≥0.0/CV≤0.5/μ≥0.0/TP≥-,96,87,79,8,90.8,5.08,-2.29,12.46,4.424,0.538,13
2026-05,pitcher_strikeouts,OVER,"[-500,-300]",HR≥-/EDG≥0.0/CV≤0.5/μ≥0.0/TP≥50,96,87,79,8,90.8,5.08,-2.29,12.46,4.424,0.538,13
2026-05,pitcher_strikeouts,OVER,"[-500,-300]",HR≥-/EDG≥0.0/CV≤0.5/μ≥0.0/TP≥55,96,87,79,8,90.8,5.08,-2.29,12.46,4.424,0.538,13
2026-05,pitcher_strikeouts,OVER,"[-500,-300]",HR≥-/EDG≥0.0/CV≤0.5/μ≥0.0/TP≥60,96,87,79,8,90.8,5.08,-2.29,12.46,4.424,0.538,13
2026-05,pitcher_strikeouts,OVER,"[-500,-300]",HR≥-/EDG≥0.0/CV≤0.5/μ≥0.0/TP≥65,96,87,79,8,90.8,5.08,-2.29,12.46,4.424,0.538,13
2026-05,pitcher_strikeouts,OVER,"[-500,-300]",HR≥-/EDG≥0.0/CV≤0.5/μ≥0.5/TP≥-,96,87,79,8,90.8,5.08,-2.29,12.46,4.424,0.538,13
2026-05,pitcher_strikeouts,OVER,"[-500,-300]",HR≥-/EDG≥0.0/CV≤0.5/μ≥0.5/TP≥50,96,87,79,8,90.8,5.08,-2.29,12.46,4.424,0.538,13
2026-05,pitcher_strikeouts,OVER,"[-500,-300]",HR≥-/EDG≥0.0/CV≤0.5/μ≥0.5/TP≥55,96,87,79,8,90.8,5.08,-2.29,12.46,4.424,0.538,13
2026-05,pitcher_strikeouts,OVER,"[-500,-300]",HR≥-/EDG≥0.0/CV≤0.5/μ≥0.5/TP≥60,96,87,79,8,90.8,5.08,-2.29,12.46,4.424,0.538,13
2026-05,pitcher_strikeouts,OVER,"[-500,-300]",HR≥-/EDG≥0.0/CV≤0.5/μ≥0.5/TP≥65,96,87,79,8,90.8,5.08,-2.29,12.46,4.424,0.538,13
2026-05,pitcher_strikeouts,OVER,"[-500,-300]",HR≥-/EDG≥0.0/CV≤0.5/μ≥1.0/TP≥-,96,87,79,8,90.8,5.08,-2.29,12.46,4.424,0.538,13
2026-05,pitcher_strikeouts,OVER,"[-500,-300]",HR≥-/EDG≥0.0/CV≤0.5/μ≥1.0/TP≥50,96,87,79,8,90.8,5.08,-2.29,12.46,4.424,0.538,13
2026-05,pitcher_strikeouts,OVER,"[-500,-300]",HR≥-/EDG≥0.0/CV≤0.5/μ≥1.0/TP≥55,96,87,79,8,90.8,5.08,-2.29,12.46,4.424,0.538,13
2026-05,pitcher_strikeouts,OVER,"[-500,-300]",HR≥-/EDG≥0.0/CV≤0.5/μ≥1.0/TP≥60,96,87,79,8,90.8,5.08,-2.29,12.46,4.424,0.538,13
2026-05,pitcher_strikeouts,OVER,"[-500,-300]",HR≥-/EDG≥0.0/CV≤0.5/μ≥1.0/TP≥65,96,87,79,8,90.8,5.08,-2.29,12.46,4.424,0.538,13
2026-05,pitcher_strikeouts,OVER,"[-500,-300]",HR≥-/EDG≥0.0/CV≤0.45/μ≥-/TP≥-,80,71,65,6,91.55,5.79,-2.09,13.67,4.109,0.615,13
2026-05,pitcher_strikeouts,OVER,"[-500,-300]",HR≥-/EDG≥0.0/CV≤0.45/μ≥-/TP≥50,80,71,65,6,91.55,5.79,-2.09,13.67,4.109,0.615,13
2026-05,pitcher_strikeouts,OVER,"[-500,-300]",HR≥-/EDG≥0.0/CV≤0.45/μ≥-/TP≥55,80,71,65,6,91.55,5.79,-2.09,13.67,4.109,0.615,13
2026-05,pitcher_strikeouts,OVER,"[-500,-300]",HR≥-/EDG≥0.0/CV≤0.45/μ≥-/TP≥60,80,71,65,6,91.55,5.79,-2.09,13.67,4.109,0.615,13
2026-05,pitcher_strikeouts,OVER,"[-500,-300]",HR≥-/EDG≥0.0/CV≤0.45/μ≥-/TP≥65,80,71,65,6,91.55,5.79,-2.09,13.67,4.109,0.615,13
2026-05,pitcher_strikeouts,OVER,"[-500,-300]",HR≥-/EDG≥0.0/CV≤0.45/μ≥0.0/TP≥-,80,71,65,6,91.55,5.79,-2.09,13.67,4.109,0.615,13
2026-05,pitcher_strikeouts,OVER,"[-500,-300]",HR≥-/EDG≥0.0/CV≤0.45/μ≥0.0/TP≥50,80,71,65,6,91.55,5.79,-2.09,13.67,4.109,0.615,13
2026-05,pitcher_strikeouts,OVER,"[-500,-300]",HR≥-/EDG≥0.0/CV≤0.45/μ≥0.0/TP≥55,80,71,65,6,91.55,5.79,-2.09,13.67,4.109,0.615,13
2026-05,pitcher_strikeouts,OVER,"[-500,-300]",HR≥-/EDG≥0.0/CV≤0.45/μ≥0.0/TP≥60,80,71,65,6,91.55,5.79,-2.09,13.67,4.109,0.615,13
2026-05,pitcher_strikeouts,OVER,"[-500,-300]",HR≥-/EDG≥0.0/CV≤0.45/μ≥0.0/TP≥65,80,71,65,6,91.55,5.79,-2.09,13.67,4.109,0.615,13
2026-05,pitcher_strikeouts,OVER,"[-500,-300]",HR≥-/EDG≥0.0/CV≤0.45/μ≥0.5/TP≥-,80,71,65,6,91.55,5.79,-2.09,13.67,4.109,0.615,13
2026-05,pitcher_strikeouts,OVER,"[-500,-300]",HR≥-/EDG≥0.0/CV≤0.45/μ≥0.5/TP≥50,80,71,65,6,91.55,5.79,-2.09,13.67,4.109,0.615,13
2026-05,pitcher_strikeouts,OVER,"[-500,-300]",HR≥-/EDG≥0.0/CV≤0.45/μ≥0.5/TP≥55,80,71,65,6,91.55,5.79,-2.09,13.67,4.109,0.615,13
2026-05,pitcher_strikeouts,OVER,"[-500,-300]",HR≥-/EDG≥0.0/CV≤0.45/μ≥0.5/TP≥60,80,71,65,6,91.55,5.79,-2.09,13.67,4.109,0.615,13
2026-05,pitcher_strikeouts,OVER,"[-500,-300]",HR≥-/EDG≥0.0/CV≤0.45/μ≥0.5/TP≥65,80,71,65,6,91.55,5.79,-2.09,13.67,4.109,0.615,13
2026-05,pitcher_strikeouts,OVER,"[-500,-300]",HR≥-/EDG≥0.0/CV≤0.45/μ≥1.0/TP≥-,80,71,65,6,91.55,5.79,-2.09,13.67,4.109,0.615,13
2026-05,pitcher_strikeouts,OVER,"[-500,-300]",HR≥-/EDG≥0.0/CV≤0.45/μ≥1.0/TP≥50,80,71,65,6,91.55,5.79,-2.09,13.67,4.109,0.615,13
2026-05,pitcher_strikeouts,OVER,"[-500,-300]",HR≥-/EDG≥0.0/CV≤0.45/μ≥1.0/TP≥55,80,71,65,6,91.55,5.79,-2.09,13.67,4.109,0.615,13
2026-05,pitcher_strikeouts,OVER,"[-500,-300]",HR≥-/EDG≥0.0/CV≤0.45/μ≥1.0/TP≥60,80,71,65,6,91.55,5.79,-2.09,13.67,4.109,0.615,13
2026-05,pitcher_strikeouts,OVER,"[-500,-300]",HR≥-/EDG≥0.0/CV≤0.45/μ≥1.0/TP≥65,80,71,65,6,91.55,5.79,-2.09,13.67,4.109,0.615,13
2026-05,pitcher_strikeouts,OVER,"[-500,-300]",HR≥-/EDG≥0.0/CV≤0.4/μ≥-/TP≥-,59,51,47,4,92.16,5.4,-3.51,14.31,2.754,0.636,11
2026-05,pitcher_strikeouts,OVER,"[-500,-300]",HR≥-/EDG≥0.0/CV≤0.4/μ≥-/TP≥50,59,51,47,4,92.16,5.4,-3.51,14.31,2.754,0.636,11
2026-05,pitcher_strikeouts,OVER,"[-500,-300]",HR≥-/EDG≥0.0/CV≤0.4/μ≥-/TP≥55,59,51,47,4,92.16,5.4,-3.51,14.31,2.754,0.636,11
2026-05,pitcher_strikeouts,OVER,"[-500,-300]",HR≥-/EDG≥0.0/CV≤0.4/μ≥-/TP≥60,59,51,47,4,92.16,5.4,-3.51,14.31,2.754,0.636,11
2026-05,pitcher_strikeouts,OVER,"[-500,-300]",HR≥-/EDG≥0.0/CV≤0.4/μ≥-/TP≥65,59,51,47,4,92.16,5.4,-3.51,14.31,2.754,0.636,11
2026-05,pitcher_strikeouts,OVER,"[-500,-300]",HR≥-/EDG≥0.0/CV≤0.4/μ≥0.0/TP≥-,59,51,47,4,92.16,5.4,-3.51,14.31,2.754,0.636,11
2026-05,pitcher_strikeouts,OVER,"[-500,-300]",HR≥-/EDG≥0.0/CV≤0.4/μ≥0.0/TP≥50,59,51,47,4,92.16,5.4,-3.51,14.31,2.754,0.636,11
2026-05,pitcher_strikeouts,OVER,"[-500,-300]",HR≥-/EDG≥0.0/CV≤0.4/μ≥0.0/TP≥55,59,51,47,4,92.16,5.4,-3.51,14.31,2.754,0.636,11
2026-05,pitcher_strikeouts,OVER,"[-500,-300]",HR≥-/EDG≥0.0/CV≤0.4/μ≥0.0/TP≥60,59,51,47,4,92.16,5.4,-3.51,14.31,2.754,0.636,11
2026-05,pitcher_strikeouts,OVER,"[-500,-300]",HR≥-/EDG≥0.0/CV≤0.4/μ≥0.0/TP≥65,59,51,47,4,92.16,5.4,-3.51,14.31,2.754,0.636,11
2026-05,pitcher_strikeouts,OVER,"[-500,-300]",HR≥-/EDG≥0.0/CV≤0.4/μ≥0.5/TP≥-,59,51,47,4,92.16,5.4,-3.51,14.31,2.754,0.636,11
2026-05,pitcher_strikeouts,OVER,"[-500,-300]",HR≥-/EDG≥0.0/CV≤0.4/μ≥0.5/TP≥50,59,51,47,4,92.16,5.4,-3.51,14.31,2.754,0.636,11
2026-05,pitcher_strikeouts,OVER,"[-500,-300]",HR≥-/EDG≥0.0/CV≤0.4/μ≥0.5/TP≥55,59,51,47,4,92.16,5.4,-3.51,14.31,2.754,0.636,11
2026-05,pitcher_strikeouts,OVER,"[-500,-300]",HR≥-/EDG≥0.0/CV≤0.4/μ≥0.5/TP≥60,59,51,47,4,92.16,5.4,-3.51,14.31,2.754,0.636,11
2026-05,pitcher_strikeouts,OVER,"[-500,-300]",HR≥-/EDG≥0.0/CV≤0.4/μ≥0.5/TP≥65,59,51,47,4,92.16,5.4,-3.51,14.31,2.754,0.636,11
2026-05,pitcher_strikeouts,OVER,"[-500,-300]",HR≥-/EDG≥0.0/CV≤0.4/μ≥1.0/TP≥-,59,51,47,4,92.16,5.4,-3.51,14.31,2.754,0.636,11
2026-05,pitcher_strikeouts,OVER,"[-500,-300]",HR≥-/EDG≥0.0/CV≤0.4/μ≥1.0/TP≥50,59,51,47,4,92.16,5.4,-3.51,14.31,2.754,0.636,11
2026-05,pitcher_strikeouts,OVER,"[-500,-300]",HR≥-/EDG≥0.0/CV≤0.4/μ≥1.0/TP≥55,59,51,47,4,92.16,5.4,-3.51,14.31,2.754,0.636,11
2026-05,pitcher_strikeouts,OVER,"[-500,-300]",HR≥-/EDG≥0.0/CV≤0.4/μ≥1.0/TP≥60,59,51,47,4,92.16,5.4,-3.51,14.31,2.754,0.636,11
2026-05,pitcher_strikeouts,OVER,"[-500,-300]",HR≥-/EDG≥0.0/CV≤0.4/μ≥1.0/TP≥65,59,51,47,4,92.16,5.4,-3.51,14.31,2.754,0.636,11
2026-05,pitcher_strikeouts,OVER,"[-500,-300]",HR≥-/EDG≥5.0/CV≤-/μ≥-/TP≥-,33,30,27,3,90.0,10.61,-3.09,24.32,3.184,0.75,12
2026-05,pitcher_strikeouts,OVER,"[-500,-300]",HR≥-/EDG≥5.0/CV≤-/μ≥-/TP≥50,33,30,27,3,90.0,10.61,-3.09,24.32,3.184,0.75,12
2026-05,pitcher_strikeouts,OVER,"[-500,-300]",HR≥-/EDG≥5.0/CV≤-/μ≥-/TP≥55,33,30,27,3,90.0,10.61,-3.09,24.32,3.184,0.75,12
2026-05,pitcher_strikeouts,OVER,"[-500,-300]",HR≥-/EDG≥5.0/CV≤-/μ≥-/TP≥60,33,30,27,3,90.0,10.61,-3.09,24.32,3.184,0.75,12
2026-05,pitcher_strikeouts,OVER,"[-500,-300]",HR≥-/EDG≥5.0/CV≤-/μ≥-/TP≥65,33,30,27,3,90.0,10.61,-3.09,24.32,3.184,0.75,12
2026-05,pitcher_strikeouts,OVER,"[-500,-300]",HR≥-/EDG≥5.0/CV≤-/μ≥0.0/TP≥-,33,30,27,3,90.0,10.61,-3.09,24.32,3.184,0.75,12
2026-05,pitcher_strikeouts,OVER,"[-500,-300]",HR≥-/EDG≥5.0/CV≤-/μ≥0.0/TP≥50,33,30,27,3,90.0,10.61,-3.09,24.32,3.184,0.75,12
2026-05,pitcher_strikeouts,OVER,"[-500,-300]",HR≥-/EDG≥5.0/CV≤-/μ≥0.0/TP≥55,33,30,27,3,90.0,10.61,-3.09,24.32,3.184,0.75,12
2026-05,pitcher_strikeouts,OVER,"[-500,-300]",HR≥-/EDG≥5.0/CV≤-/μ≥0.0/TP≥60,33,30,27,3,90.0,10.61,-3.09,24.32,3.184,0.75,12
2026-05,pitcher_strikeouts,OVER,"[-500,-300]",HR≥-/EDG≥5.0/CV≤-/μ≥0.0/TP≥65,33,30,27,3,90.0,10.61,-3.09,24.32,3.184,0.75,12
2026-05,pitcher_strikeouts,OVER,"[-500,-300]",HR≥-/EDG≥5.0/CV≤-/μ≥0.5/TP≥-,33,30,27,3,90.0,10.61,-3.09,24.32,3.184,0.75,12
2026-05,pitcher_strikeouts,OVER,"[-500,-300]",HR≥-/EDG≥5.0/CV≤-/μ≥0.5/TP≥50,33,30,27,3,90.0,10.61,-3.09,24.32,3.184,0.75,12
2026-05,pitcher_strikeouts,OVER,"[-500,-300]",HR≥-/EDG≥5.0/CV≤-/μ≥0.5/TP≥55,33,30,27,3,90.0,10.61,-3.09,24.32,3.184,0.75,12
2026-05,pitcher_strikeouts,OVER,"[-500,-300]",HR≥-/EDG≥5.0/CV≤-/μ≥0.5/TP≥60,33,30,27,3,90.0,10.61,-3.09,24.32,3.184,0.75,12
2026-05,pitcher_strikeouts,OVER,"[-500,-300]",HR≥-/EDG≥5.0/CV≤-/μ≥0.5/TP≥65,33,30,27,3,90.0,10.61,-3.09,24.32,3.184,0.75,12
2026-05,pitcher_strikeouts,OVER,"[-500,-300]",HR≥-/EDG≥5.0/CV≤-/μ≥1.0/TP≥-,33,30,27,3,90.0,10.61,-3.09,24.32,3.184,0.75,12
2026-05,pitcher_strikeouts,OVER,"[-500,-300]",HR≥-/EDG≥5.0/CV≤-/μ≥1.0/TP≥50,33,30,27,3,90.0,10.61,-3.09,24.32,3.184,0.75,12
2026-05,pitcher_strikeouts,OVER,"[-500,-300]",HR≥-/EDG≥5.0/CV≤-/μ≥1.0/TP≥55,33,30,27,3,90.0,10.61,-3.09,24.32,3.184,0.75,12
2026-05,pitcher_strikeouts,OVER,"[-500,-300]",HR≥-/EDG≥5.0/CV≤-/μ≥1.0/TP≥60,33,30,27,3,90.0,10.61,-3.09,24.32,3.184,0.75,12
2026-05,pitcher_strikeouts,OVER,"[-500,-300]",HR≥-/EDG≥5.0/CV≤-/μ≥1.0/TP≥65,33,30,27,3,90.0,10.61,-3.09,24.32,3.184,0.75,12
2026-05,pitcher_strikeouts,OVER,"[-500,-300]",HR≥-/EDG≥5.0/CV≤0.7/μ≥-/TP≥-,33,30,27,3,90.0,10.61,-3.09,24.32,3.184,0.75,12
2026-05,pitcher_strikeouts,OVER,"[-500,-300]",HR≥-/EDG≥5.0/CV≤0.7/μ≥-/TP≥50,33,30,27,3,90.0,10.61,-3.09,24.32,3.184,0.75,12
2026-05,pitcher_strikeouts,OVER,"[-500,-300]",HR≥-/EDG≥5.0/CV≤0.7/μ≥-/TP≥55,33,30,27,3,90.0,10.61,-3.09,24.32,3.184,0.75,12
2026-05,pitcher_strikeouts,OVER,"[-500,-300]",HR≥-/EDG≥5.0/CV≤0.7/μ≥-/TP≥60,33,30,27,3,90.0,10.61,-3.09,24.32,3.184,0.75,12
2026-05,pitcher_strikeouts,OVER,"[-500,-300]",HR≥-/EDG≥5.0/CV≤0.7/μ≥-/TP≥65,33,30,27,3,90.0,10.61,-3.09,24.32,3.184,0.75,12
2026-05,pitcher_strikeouts,OVER,"[-500,-300]",HR≥-/EDG≥5.0/CV≤0.7/μ≥0.0/TP≥-,33,30,27,3,90.0,10.61,-3.09,24.32,3.184,0.75,12
2026-05,pitcher_strikeouts,OVER,"[-500,-300]",HR≥-/EDG≥5.0/CV≤0.7/μ≥0.0/TP≥50,33,30,27,3,90.0,10.61,-3.09,24.32,3.184,0.75,12
2026-05,pitcher_strikeouts,OVER,"[-500,-300]",HR≥-/EDG≥5.0/CV≤0.7/μ≥0.0/TP≥55,33,30,27,3,90.0,10.61,-3.09,24.32,3.184,0.75,12
2026-05,pitcher_strikeouts,OVER,"[-500,-300]",HR≥-/EDG≥5.0/CV≤0.7/μ≥0.0/TP≥60,33,30,27,3,90.0,10.61,-3.09,24.32,3.184,0.75,12
2026-05,pitcher_strikeouts,OVER,"[-500,-300]",HR≥-/EDG≥5.0/CV≤0.7/μ≥0.0/TP≥65,33,30,27,3,90.0,10.61,-3.09,24.32,3.184,0.75,12
2026-05,pitcher_strikeouts,OVER,"[-500,-300]",HR≥-/EDG≥5.0/CV≤0.7/μ≥0.5/TP≥-,33,30,27,3,90.0,10.61,-3.09,24.32,3.184,0.75,12
2026-05,pitcher_strikeouts,OVER,"[-500,-300]",HR≥-/EDG≥5.0/CV≤0.7/μ≥0.5/TP≥50,33,30,27,3,90.0,10.61,-3.09,24.32,3.184,0.75,12
2026-05,pitcher_strikeouts,OVER,"[-500,-300]",HR≥-/EDG≥5.0/CV≤0.7/μ≥0.5/TP≥55,33,30,27,3,90.0,10.61,-3.09,24.32,3.184,0.75,12
2026-05,pitcher_strikeouts,OVER,"[-500,-300]",HR≥-/EDG≥5.0/CV≤0.7/μ≥0.5/TP≥60,33,30,27,3,90.0,10.61,-3.09,24.32,3.184,0.75,12
2026-05,pitcher_strikeouts,OVER,"[-500,-300]",HR≥-/EDG≥5.0/CV≤0.7/μ≥0.5/TP≥65,33,30,27,3,90.0,10.61,-3.09,24.32,3.184,0.75,12
2026-05,pitcher_strikeouts,OVER,"[-500,-300]",HR≥-/EDG≥5.0/CV≤0.7/μ≥1.0/TP≥-,33,30,27,3,90.0,10.61,-3.09,24.32,3.184,0.75,12
2026-05,pitcher_strikeouts,OVER,"[-500,-300]",HR≥-/EDG≥5.0/CV≤0.7/μ≥1.0/TP≥50,33,30,27,3,90.0,10.61,-3.09,24.32,3.184,0.75,12
2026-05,pitcher_strikeouts,OVER,"[-500,-300]",HR≥-/EDG≥5.0/CV≤0.7/μ≥1.0/TP≥55,33,30,27,3,90.0,10.61,-3.09,24.32,3.184,0.75,12
2026-05,pitcher_strikeouts,OVER,"[-500,-300]",HR≥-/EDG≥5.0/CV≤0.7/μ≥1.0/TP≥60,33,30,27,3,90.0,10.61,-3.09,24.32,3.184,0.75,12
2026-05,pitcher_strikeouts,OVER,"[-500,-300]",HR≥-/EDG≥5.0/CV≤0.7/μ≥1.0/TP≥65,33,30,27,3,90.0,10.61,-3.09,24.32,3.184,0.75,12
2026-05,pitcher_strikeouts,OVER,"[-500,-300]",HR≥45/EDG≥-/CV≤-/μ≥-/TP≥-,611,565,498,67,88.14,-0.94,-4.02,2.14,-5.322,0.571,14
2026-05,pitcher_strikeouts,OVER,"[-500,-300]",HR≥45/EDG≥-/CV≤-/μ≥-/TP≥50,590,550,485,65,88.18,-1.15,-4.26,1.96,-6.314,0.571,14
2026-05,pitcher_strikeouts,OVER,"[-500,-300]",HR≥45/EDG≥-/CV≤-/μ≥-/TP≥55,581,542,478,64,88.19,-1.22,-4.35,1.91,-6.613,0.5,14
2026-05,pitcher_strikeouts,OVER,"[-500,-300]",HR≥45/EDG≥-/CV≤-/μ≥-/TP≥60,561,523,464,59,88.72,-0.81,-3.93,2.31,-4.231,0.571,14
2026-05,pitcher_strikeouts,OVER,"[-500,-300]",HR≥45/EDG≥-/CV≤-/μ≥-/TP≥65,525,491,438,53,89.21,-0.64,-3.79,2.51,-3.155,0.5,14
2026-05,pitcher_strikeouts,OVER,"[-500,-300]",HR≥45/EDG≥-/CV≤-/μ≥0.0/TP≥-,585,546,484,62,88.64,-0.66,-3.73,2.41,-3.59,0.571,14
2026-05,pitcher_strikeouts,OVER,"[-500,-300]",HR≥45/EDG≥-/CV≤-/μ≥0.0/TP≥50,585,546,484,62,88.64,-0.66,-3.73,2.41,-3.59,0.571,14
2026-05,pitcher_strikeouts,OVER,"[-500,-300]",HR≥45/EDG≥-/CV≤-/μ≥0.0/TP≥55,576,538,477,61,88.66,-0.72,-3.81,2.37,-3.888,0.5,14
2026-05,pitcher_strikeouts,OVER,"[-500,-300]",HR≥45/EDG≥-/CV≤-/μ≥0.0/TP≥60,556,519,463,56,89.21,-0.29,-3.37,2.78,-1.507,0.571,14
2026-05,pitcher_strikeouts,OVER,"[-500,-300]",HR≥45/EDG≥-/CV≤-/μ≥0.0/TP≥65,520,487,437,50,89.73,-0.09,-3.18,3.01,-0.43,0.571,14
2026-05,pitcher_strikeouts,OVER,"[-500,-300]",HR≥45/EDG≥-/CV≤-/μ≥0.5/TP≥-,553,516,461,55,89.34,-0.3,-3.36,2.76,-1.561,0.5,14
2026-05,pitcher_strikeouts,OVER,"[-500,-300]",HR≥45/EDG≥-/CV≤-/μ≥0.5/TP≥50,553,516,461,55,89.34,-0.3,-3.36,2.76,-1.561,0.5,14
2026-05,pitcher_strikeouts,OVER,"[-500,-300]",HR≥45/EDG≥-/CV≤-/μ≥0.5/TP≥55,553,516,461,55,89.34,-0.3,-3.36,2.76,-1.561,0.5,14
2026-05,pitcher_strikeouts,OVER,"[-500,-300]",HR≥45/EDG≥-/CV≤-/μ≥0.5/TP≥60,546,510,456,54,89.41,-0.24,-3.31,2.83,-1.213,0.5,14
2026-05,pitcher_strikeouts,OVER,"[-500,-300]",HR≥45/EDG≥-/CV≤-/μ≥0.5/TP≥65,516,483,434,49,89.86,-0.04,-3.13,3.05,-0.184,0.571,14
2026-05,pitcher_strikeouts,OVER,"[-500,-300]",HR≥45/EDG≥-/CV≤-/μ≥1.0/TP≥-,474,446,405,41,90.81,0.61,-2.46,3.68,2.729,0.5,14
2026-05,pitcher_strikeouts,OVER,"[-500,-300]",HR≥45/EDG≥-/CV≤-/μ≥1.0/TP≥50,474,446,405,41,90.81,0.61,-2.46,3.68,2.729,0.5,14
2026-05,pitcher_strikeouts,OVER,"[-500,-300]",HR≥45/EDG≥-/CV≤-/μ≥1.0/TP≥55,474,446,405,41,90.81,0.61,-2.46,3.68,2.729,0.5,14
2026-05,pitcher_strikeouts,OVER,"[-500,-300]",HR≥45/EDG≥-/CV≤-/μ≥1.0/TP≥60,474,446,405,41,90.81,0.61,-2.46,3.68,2.729,0.5,14
2026-05,pitcher_strikeouts,OVER,"[-500,-300]",HR≥45/EDG≥-/CV≤-/μ≥1.0/TP≥65,470,442,401,41,90.72,0.54,-2.55,3.64,2.409,0.5,14
2026-05,pitcher_strikeouts,OVER,"[-500,-300]",HR≥45/EDG≥-/CV≤0.7/μ≥-/TP≥-,565,523,459,64,87.76,-1.46,-4.7,1.79,-7.621,0.5,14
2026-05,pitcher_strikeouts,OVER,"[-500,-300]",HR≥45/EDG≥-/CV≤0.7/μ≥-/TP≥50,548,512,450,62,87.89,-1.49,-4.74,1.77,-7.615,0.5,14
2026-05,pitcher_strikeouts,OVER,"[-500,-300]",HR≥45/EDG≥-/CV≤0.7/μ≥-/TP≥55,541,506,445,61,87.94,-1.51,-4.78,1.76,-7.649,0.429,14
2026-05,pitcher_strikeouts,OVER,"[-500,-300]",HR≥45/EDG≥-/CV≤0.7/μ≥-/TP≥60,522,488,432,56,88.52,-1.04,-4.29,2.22,-5.068,0.5,14
2026-05,pitcher_strikeouts,OVER,"[-500,-300]",HR≥45/EDG≥-/CV≤0.7/μ≥-/TP≥65,489,459,409,50,89.11,-0.83,-4.09,2.44,-3.796,0.5,14
2026-05,pitcher_strikeouts,OVER,"[-500,-300]",HR≥45/EDG≥-/CV≤0.7/μ≥0.0/TP≥-,543,508,449,59,88.39,-0.96,-4.18,2.25,-4.891,0.571,14
2026-05,pitcher_strikeouts,OVER,"[-500,-300]",HR≥45/EDG≥-/CV≤0.7/μ≥0.0/TP≥50,543,508,449,59,88.39,-0.96,-4.18,2.25,-4.891,0.571,14
2026-05,pitcher_strikeouts,OVER,"[-500,-300]",HR≥45/EDG≥-/CV≤0.7/μ≥0.0/TP≥55,536,502,444,58,88.45,-0.98,-4.2,2.24,-4.925,0.429,14
2026-05,pitcher_strikeouts,OVER,"[-500,-300]",HR≥45/EDG≥-/CV≤0.7/μ≥0.0/TP≥60,517,484,431,53,89.05,-0.48,-3.69,2.72,-2.343,0.571,14
2026-05,pitcher_strikeouts,OVER,"[-500,-300]",HR≥45/EDG≥-/CV≤0.7/μ≥0.0/TP≥65,484,455,408,47,89.67,-0.24,-3.44,2.97,-1.071,0.643,14
2026-05,pitcher_strikeouts,OVER,"[-500,-300]",HR≥45/EDG≥-/CV≤0.7/μ≥0.5/TP≥-,514,481,429,52,89.19,-0.5,-3.69,2.69,-2.398,0.5,14
2026-05,pitcher_strikeouts,OVER,"[-500,-300]",HR≥45/EDG≥-/CV≤0.7/μ≥0.5/TP≥50,514,481,429,52,89.19,-0.5,-3.69,2.69,-2.398,0.5,14
2026-05,pitcher_strikeouts,OVER,"[-500,-300]",HR≥45/EDG≥-/CV≤0.7/μ≥0.5/TP≥55,514,481,429,52,89.19,-0.5,-3.69,2.69,-2.398,0.5,14
2026-05,pitcher_strikeouts,OVER,"[-500,-300]",HR≥45/EDG≥-/CV≤0.7/μ≥0.5/TP≥60,507,475,424,51,89.26,-0.43,-3.63,2.77,-2.05,0.571,14
2026-05,pitcher_strikeouts,OVER,"[-500,-300]",HR≥45/EDG≥-/CV≤0.7/μ≥0.5/TP≥65,480,451,405,46,89.8,-0.18,-3.38,3.02,-0.825,0.571,14
2026-05,pitcher_strikeouts,OVER,"[-500,-300]",HR≥45/EDG≥-/CV≤0.7/μ≥1.0/TP≥-,439,415,376,39,90.6,0.29,-2.92,3.5,1.196,0.571,14
2026-05,pitcher_strikeouts,OVER,"[-500,-300]",HR≥45/EDG≥-/CV≤0.7/μ≥1.0/TP≥50,439,415,376,39,90.6,0.29,-2.92,3.5,1.196,0.571,14
2026-05,pitcher_strikeouts,OVER,"[-500,-300]",HR≥45/EDG≥-/CV≤0.7/μ≥1.0/TP≥55,439,415,376,39,90.6,0.29,-2.92,3.5,1.196,0.571,14
2026-05,pitcher_strikeouts,OVER,"[-500,-300]",HR≥45/EDG≥-/CV≤0.7/μ≥1.0/TP≥60,439,415,376,39,90.6,0.29,-2.92,3.5,1.196,0.571,14
2026-05,pitcher_strikeouts,OVER,"[-500,-300]",HR≥45/EDG≥-/CV≤0.7/μ≥1.0/TP≥65,438,414,375,39,90.58,0.26,-2.96,3.47,1.071,0.571,14
2026-05,pitcher_strikeouts,OVER,"[-500,-300]",HR≥45/EDG≥-/CV≤0.6/μ≥-/TP≥-,508,471,416,55,88.32,-0.87,-4.23,2.48,-4.116,0.571,14
2026-05,pitcher_strikeouts,OVER,"[-500,-300]",HR≥45/EDG≥-/CV≤0.6/μ≥-/TP≥50,495,463,409,54,88.34,-1.02,-4.39,2.35,-4.713,0.5,14
2026-05,pitcher_strikeouts,OVER,"[-500,-300]",HR≥45/EDG≥-/CV≤0.6/μ≥-/TP≥55,491,459,406,53,88.45,-0.93,-4.31,2.44,-4.283,0.429,14
2026-05,pitcher_strikeouts,OVER,"[-500,-300]",HR≥45/EDG≥-/CV≤0.6/μ≥-/TP≥60,476,445,396,49,88.99,-0.48,-3.83,2.88,-2.115,0.5,14
2026-05,pitcher_strikeouts,OVER,"[-500,-300]",HR≥45/EDG≥-/CV≤0.6/μ≥-/TP≥65,450,421,377,44,89.55,-0.26,-3.61,3.1,-1.085,0.5,14
2026-05,pitcher_strikeouts,OVER,"[-500,-300]",HR≥45/EDG≥-/CV≤0.6/μ≥0.0/TP≥-,490,459,408,51,88.89,-0.43,-3.75,2.89,-1.988,0.5,14
2026-05,pitcher_strikeouts,OVER,"[-500,-300]",HR≥45/EDG≥-/CV≤0.6/μ≥0.0/TP≥50,490,459,408,51,88.89,-0.43,-3.75,2.89,-1.988,0.5,14
2026-05,pitcher_strikeouts,OVER,"[-500,-300]",HR≥45/EDG≥-/CV≤0.6/μ≥0.0/TP≥55,486,455,405,50,89.01,-0.34,-3.66,2.98,-1.559,0.429,14
2026-05,pitcher_strikeouts,OVER,"[-500,-300]",HR≥45/EDG≥-/CV≤0.6/μ≥0.0/TP≥60,471,441,395,46,89.57,0.14,-3.16,3.43,0.61,0.571,14
2026-05,pitcher_strikeouts,OVER,"[-500,-300]",HR≥45/EDG≥-/CV≤0.6/μ≥0.0/TP≥65,445,417,376,41,90.17,0.39,-2.89,3.68,1.64,0.571,14
2026-05,pitcher_strikeouts,OVER,"[-500,-300]",HR≥45/EDG≥-/CV≤0.6/μ≥0.5/TP≥-,468,437,392,45,89.7,0.1,-3.18,3.38,0.43,0.5,14
2026-05,pitcher_strikeouts,OVER,"[-500,-300]",HR≥45/EDG≥-/CV≤0.6/μ≥0.5/TP≥50,468,437,392,45,89.7,0.1,-3.18,3.38,0.43,0.5,14
2026-05,pitcher_strikeouts,OVER,"[-500,-300]",HR≥45/EDG≥-/CV≤0.6/μ≥0.5/TP≥55,468,437,392,45,89.7,0.1,-3.18,3.38,0.43,0.5,14
2026-05,pitcher_strikeouts,OVER,"[-500,-300]",HR≥45/EDG≥-/CV≤0.6/μ≥0.5/TP≥60,462,432,388,44,89.81,0.21,-3.08,3.49,0.903,0.571,14
2026-05,pitcher_strikeouts,OVER,"[-500,-300]",HR≥45/EDG≥-/CV≤0.6/μ≥0.5/TP≥65,441,413,373,40,90.31,0.46,-2.82,3.74,1.886,0.571,14
2026-05,pitcher_strikeouts,OVER,"[-500,-300]",HR≥45/EDG≥-/CV≤0.6/μ≥1.0/TP≥-,407,383,347,36,90.6,0.28,-3.06,3.62,1.081,0.571,14
2026-05,pitcher_strikeouts,OVER,"[-500,-300]",HR≥45/EDG≥-/CV≤0.6/μ≥1.0/TP≥50,407,383,347,36,90.6,0.28,-3.06,3.62,1.081,0.571,14
2026-05,pitcher_strikeouts,OVER,"[-500,-300]",HR≥45/EDG≥-/CV≤0.6/μ≥1.0/TP≥55,407,383,347,36,90.6,0.28,-3.06,3.62,1.081,0.571,14
2026-05,pitcher_strikeouts,OVER,"[-500,-300]",HR≥45/EDG≥-/CV≤0.6/μ≥1.0/TP≥60,407,383,347,36,90.6,0.28,-3.06,3.62,1.081,0.571,14
2026-05,pitcher_strikeouts,OVER,"[-500,-300]",HR≥45/EDG≥-/CV≤0.6/μ≥1.0/TP≥65,407,383,347,36,90.6,0.28,-3.06,3.62,1.081,0.571,14
2026-05,pitcher_strikeouts,OVER,"[-500,-300]",HR≥45/EDG≥-/CV≤0.5/μ≥-/TP≥-,408,384,340,44,88.54,-0.55,-4.24,3.15,-2.093,0.429,14
2026-05,pitcher_strikeouts,OVER,"[-500,-300]",HR≥45/EDG≥-/CV≤0.5/μ≥-/TP≥50,400,377,334,43,88.59,-0.64,-4.35,3.08,-2.404,0.429,14
2026-05,pitcher_strikeouts,OVER,"[-500,-300]",HR≥45/EDG≥-/CV≤0.5/μ≥-/TP≥55,397,374,331,43,88.5,-0.8,-4.53,2.94,-2.974,0.429,14
2026-05,pitcher_strikeouts,OVER,"[-500,-300]",HR≥45/EDG≥-/CV≤0.5/μ≥-/TP≥60,387,365,325,40,89.04,-0.32,-4.03,3.38,-1.172,0.571,14
2026-05,pitcher_strikeouts,OVER,"[-500,-300]",HR≥45/EDG≥-/CV≤0.5/μ≥-/TP≥65,366,345,310,35,89.86,0.16,-3.51,3.83,0.562,0.571,14
2026-05,pitcher_strikeouts,OVER,"[-500,-300]",HR≥45/EDG≥-/CV≤0.5/μ≥0.0/TP≥-,397,375,334,41,89.07,-0.11,-3.77,3.55,-0.404,0.429,14
2026-05,pitcher_strikeouts,OVER,"[-500,-300]",HR≥45/EDG≥-/CV≤0.5/μ≥0.0/TP≥50,397,375,334,41,89.07,-0.11,-3.77,3.55,-0.404,0.429,14
2026-05,pitcher_strikeouts,OVER,"[-500,-300]",HR≥45/EDG≥-/CV≤0.5/μ≥0.0/TP≥55,394,372,331,41,88.98,-0.26,-3.95,3.42,-0.974,0.429,14
2026-05,pitcher_strikeouts,OVER,"[-500,-300]",HR≥45/EDG≥-/CV≤0.5/μ≥0.0/TP≥60,384,363,325,38,89.53,0.23,-3.42,3.87,0.828,0.571,14
2026-05,pitcher_strikeouts,OVER,"[-500,-300]",HR≥45/EDG≥-/CV≤0.5/μ≥0.0/TP≥65,363,343,310,33,90.38,0.75,-2.85,4.35,2.562,0.643,14
2026-05,pitcher_strikeouts,OVER,"[-500,-300]",HR≥45/EDG≥-/CV≤0.5/μ≥0.5/TP≥-,378,356,320,36,89.89,0.35,-3.27,3.97,1.244,0.571,14
2026-05,pitcher_strikeouts,OVER,"[-500,-300]",HR≥45/EDG≥-/CV≤0.5/μ≥0.5/TP≥50,378,356,320,36,89.89,0.35,-3.27,3.97,1.244,0.571,14
2026-05,pitcher_strikeouts,OVER,"[-500,-300]",HR≥45/EDG≥-/CV≤0.5/μ≥0.5/TP≥55,378,356,320,36,89.89,0.35,-3.27,3.97,1.244,0.571,14
2026-05,pitcher_strikeouts,OVER,"[-500,-300]",HR≥45/EDG≥-/CV≤0.5/μ≥0.5/TP≥60,376,355,319,36,89.86,0.33,-3.29,3.96,1.177,0.571,14
2026-05,pitcher_strikeouts,OVER,"[-500,-300]",HR≥45/EDG≥-/CV≤0.5/μ≥0.5/TP≥65,359,339,307,32,90.56,0.83,-2.76,4.42,2.809,0.571,14
2026-05,pitcher_strikeouts,OVER,"[-500,-300]",HR≥45/EDG≥-/CV≤0.5/μ≥1.0/TP≥-,331,313,284,29,90.73,0.49,-3.2,4.17,1.523,0.571,14
2026-05,pitcher_strikeouts,OVER,"[-500,-300]",HR≥45/EDG≥-/CV≤0.5/μ≥1.0/TP≥50,331,313,284,29,90.73,0.49,-3.2,4.17,1.523,0.571,14
2026-05,pitcher_strikeouts,OVER,"[-500,-300]",HR≥45/EDG≥-/CV≤0.5/μ≥1.0/TP≥55,331,313,284,29,90.73,0.49,-3.2,4.17,1.523,0.571,14
2026-05,pitcher_strikeouts,OVER,"[-500,-300]",HR≥45/EDG≥-/CV≤0.5/μ≥1.0/TP≥60,331,313,284,29,90.73,0.49,-3.2,4.17,1.523,0.571,14
2026-05,pitcher_strikeouts,OVER,"[-500,-300]",HR≥45/EDG≥-/CV≤0.5/μ≥1.0/TP≥65,331,313,284,29,90.73,0.49,-3.2,4.17,1.523,0.571,14
2026-05,pitcher_strikeouts,OVER,"[-500,-300]",HR≥45/EDG≥-/CV≤0.45/μ≥-/TP≥-,326,304,272,32,89.47,0.3,-3.7,4.3,0.907,0.643,14
2026-05,pitcher_strikeouts,OVER,"[-500,-300]",HR≥45/EDG≥-/CV≤0.45/μ≥-/TP≥50,319,298,267,31,89.6,0.3,-3.71,4.31,0.899,0.643,14
2026-05,pitcher_strikeouts,OVER,"[-500,-300]",HR≥45/EDG≥-/CV≤0.45/μ≥-/TP≥55,317,296,265,31,89.53,0.17,-3.87,4.2,0.495,0.643,14
2026-05,pitcher_strikeouts,OVER,"[-500,-300]",HR≥45/EDG≥-/CV≤0.45/μ≥-/TP≥60,313,292,263,29,90.07,0.69,-3.28,4.66,2.007,0.714,14
2026-05,pitcher_strikeouts,OVER,"[-500,-300]",HR≥45/EDG≥-/CV≤0.45/μ≥-/TP≥65,294,274,250,24,91.24,1.5,-2.37,5.36,4.097,0.714,14
2026-05,pitcher_strikeouts,OVER,"[-500,-300]",HR≥45/EDG≥-/CV≤0.45/μ≥0.0/TP≥-,317,297,267,30,89.9,0.64,-3.33,4.61,1.899,0.643,14
2026-05,pitcher_strikeouts,OVER,"[-500,-300]",HR≥45/EDG≥-/CV≤0.45/μ≥0.0/TP≥50,317,297,267,30,89.9,0.64,-3.33,4.61,1.899,0.643,14
2026-05,pitcher_strikeouts,OVER,"[-500,-300]",HR≥45/EDG≥-/CV≤0.45/μ≥0.0/TP≥55,315,295,265,30,89.83,0.51,-3.49,4.5,1.495,0.643,14
2026-05,pitcher_strikeouts,OVER,"[-500,-300]",HR≥45/EDG≥-/CV≤0.45/μ≥0.0/TP≥60,311,291,263,28,90.38,1.03,-2.89,4.96,3.007,0.714,14
2026-05,pitcher_strikeouts,OVER,"[-500,-300]",HR≥45/EDG≥-/CV≤0.45/μ≥0.0/TP≥65,292,273,250,23,91.58,1.87,-1.94,5.68,5.097,0.714,14
2026-05,pitcher_strikeouts,OVER,"[-500,-300]",HR≥45/EDG≥-/CV≤0.45/μ≥0.5/TP≥-,304,284,258,26,90.85,1.28,-2.6,5.15,3.623,0.643,14
2026-05,pitcher_strikeouts,OVER,"[-500,-300]",HR≥45/EDG≥-/CV≤0.45/μ≥0.5/TP≥50,304,284,258,26,90.85,1.28,-2.6,5.15,3.623,0.643,14
2026-05,pitcher_strikeouts,OVER,"[-500,-300]",HR≥45/EDG≥-/CV≤0.45/μ≥0.5/TP≥55,304,284,258,26,90.85,1.28,-2.6,5.15,3.623,0.643,14
2026-05,pitcher_strikeouts,OVER,"[-500,-300]",HR≥45/EDG≥-/CV≤0.45/μ≥0.5/TP≥60,304,284,258,26,90.85,1.28,-2.6,5.15,3.623,0.643,14
2026-05,pitcher_strikeouts,OVER,"[-500,-300]",HR≥45/EDG≥-/CV≤0.45/μ≥0.5/TP≥65,289,270,248,22,91.85,2.08,-1.69,5.85,5.61,0.643,14
2026-05,pitcher_strikeouts,OVER,"[-500,-300]",HR≥45/EDG≥-/CV≤0.45/μ≥1.0/TP≥-,263,246,226,20,91.87,1.39,-2.53,5.3,3.407,0.714,14
2026-05,pitcher_strikeouts,OVER,"[-500,-300]",HR≥45/EDG≥-/CV≤0.45/μ≥1.0/TP≥50,263,246,226,20,91.87,1.39,-2.53,5.3,3.407,0.714,14
2026-05,pitcher_strikeouts,OVER,"[-500,-300]",HR≥45/EDG≥-/CV≤0.45/μ≥1.0/TP≥55,263,246,226,20,91.87,1.39,-2.53,5.3,3.407,0.714,14
2026-05,pitcher_strikeouts,OVER,"[-500,-300]",HR≥45/EDG≥-/CV≤0.45/μ≥1.0/TP≥60,263,246,226,20,91.87,1.39,-2.53,5.3,3.407,0.714,14
2026-05,pitcher_strikeouts,OVER,"[-500,-300]",HR≥45/EDG≥-/CV≤0.45/μ≥1.0/TP≥65,263,246,226,20,91.87,1.39,-2.53,5.3,3.407,0.714,14
2026-05,pitcher_strikeouts,OVER,"[-500,-300]",HR≥45/EDG≥-/CV≤0.4/μ≥-/TP≥-,217,203,181,22,89.16,0.24,-4.73,5.21,0.487,0.714,14
2026-05,pitcher_strikeouts,OVER,"[-500,-300]",HR≥45/EDG≥-/CV≤0.4/μ≥-/TP≥50,212,198,177,21,89.39,0.36,-4.62,5.35,0.714,0.643,14
2026-05,pitcher_strikeouts,OVER,"[-500,-300]",HR≥45/EDG≥-/CV≤0.4/μ≥-/TP≥55,210,196,175,21,89.29,0.16,-4.87,5.19,0.31,0.643,14
2026-05,pitcher_strikeouts,OVER,"[-500,-300]",HR≥45/EDG≥-/CV≤0.4/μ≥-/TP≥60,208,194,174,20,89.69,0.55,-4.42,5.52,1.072,0.571,14
2026-05,pitcher_strikeouts,OVER,"[-500,-300]",HR≥45/EDG≥-/CV≤0.4/μ≥-/TP≥65,194,180,165,15,91.67,1.99,-2.68,6.66,3.575,0.643,14
2026-05,pitcher_strikeouts,OVER,"[-500,-300]",HR≥45/EDG≥-/CV≤0.4/μ≥0.0/TP≥-,210,197,177,20,89.85,0.87,-4.04,5.78,1.714,0.643,14
2026-05,pitcher_strikeouts,OVER,"[-500,-300]",HR≥45/EDG≥-/CV≤0.4/μ≥0.0/TP≥50,210,197,177,20,89.85,0.87,-4.04,5.78,1.714,0.643,14
2026-05,pitcher_strikeouts,OVER,"[-500,-300]",HR≥45/EDG≥-/CV≤0.4/μ≥0.0/TP≥55,208,195,175,20,89.74,0.67,-4.28,5.62,1.31,0.643,14
2026-05,pitcher_strikeouts,OVER,"[-500,-300]",HR≥45/EDG≥-/CV≤0.4/μ≥0.0/TP≥60,206,193,174,19,90.16,1.07,-3.82,5.96,2.072,0.571,14
2026-05,pitcher_strikeouts,OVER,"[-500,-300]",HR≥45/EDG≥-/CV≤0.4/μ≥0.0/TP≥65,192,179,165,14,92.18,2.56,-2.0,7.12,4.575,0.643,14
2026-05,pitcher_strikeouts,OVER,"[-500,-300]",HR≥45/EDG≥-/CV≤0.4/μ≥0.5/TP≥-,199,186,169,17,90.86,1.45,-3.36,6.25,2.688,0.571,14
2026-05,pitcher_strikeouts,OVER,"[-500,-300]",HR≥45/EDG≥-/CV≤0.4/μ≥0.5/TP≥50,199,186,169,17,90.86,1.45,-3.36,6.25,2.688,0.571,14
2026-05,pitcher_strikeouts,OVER,"[-500,-300]",HR≥45/EDG≥-/CV≤0.4/μ≥0.5/TP≥55,199,186,169,17,90.86,1.45,-3.36,6.25,2.688,0.571,14
2026-05,pitcher_strikeouts,OVER,"[-500,-300]",HR≥45/EDG≥-/CV≤0.4/μ≥0.5/TP≥60,199,186,169,17,90.86,1.45,-3.36,6.25,2.688,0.571,14
2026-05,pitcher_strikeouts,OVER,"[-500,-300]",HR≥45/EDG≥-/CV≤0.4/μ≥0.5/TP≥65,189,176,163,13,92.61,2.89,-1.59,7.37,5.089,0.643,14
2026-05,pitcher_strikeouts,OVER,"[-500,-300]",HR≥45/EDG≥-/CV≤0.4/μ≥1.0/TP≥-,169,158,146,12,92.41,1.78,-2.95,6.5,2.808,0.571,14
2026-05,pitcher_strikeouts,OVER,"[-500,-300]",HR≥45/EDG≥-/CV≤0.4/μ≥1.0/TP≥50,169,158,146,12,92.41,1.78,-2.95,6.5,2.808,0.571,14
2026-05,pitcher_strikeouts,OVER,"[-500,-300]",HR≥45/EDG≥-/CV≤0.4/μ≥1.0/TP≥55,169,158,146,12,92.41,1.78,-2.95,6.5,2.808,0.571,14
2026-05,pitcher_strikeouts,OVER,"[-500,-300]",HR≥45/EDG≥-/CV≤0.4/μ≥1.0/TP≥60,169,158,146,12,92.41,1.78,-2.95,6.5,2.808,0.571,14
2026-05,pitcher_strikeouts,OVER,"[-500,-300]",HR≥45/EDG≥-/CV≤0.4/μ≥1.0/TP≥65,169,158,146,12,92.41,1.78,-2.95,6.5,2.808,0.571,14
2026-05,pitcher_strikeouts,OVER,"[-500,-300]",HR≥45/EDG≥-5.0/CV≤-/μ≥-/TP≥-,237,221,205,16,92.76,4.87,0.8,8.94,10.764,0.857,14
2026-05,pitcher_strikeouts,OVER,"[-500,-300]",HR≥45/EDG≥-5.0/CV≤-/μ≥-/TP≥50,237,221,205,16,92.76,4.87,0.8,8.94,10.764,0.857,14
2026-05,pitcher_strikeouts,OVER,"[-500,-300]",HR≥45/EDG≥-5.0/CV≤-/μ≥-/TP≥55,237,221,205,16,92.76,4.87,0.8,8.94,10.764,0.857,14
2026-05,pitcher_strikeouts,OVER,"[-500,-300]",HR≥45/EDG≥-5.0/CV≤-/μ≥-/TP≥60,237,221,205,16,92.76,4.87,0.8,8.94,10.764,0.857,14
2026-05,pitcher_strikeouts,OVER,"[-500,-300]",HR≥45/EDG≥-5.0/CV≤-/μ≥-/TP≥65,237,221,205,16,92.76,4.87,0.8,8.94,10.764,0.857,14
2026-05,pitcher_strikeouts,OVER,"[-500,-300]",HR≥45/EDG≥-5.0/CV≤-/μ≥0.0/TP≥-,237,221,205,16,92.76,4.87,0.8,8.94,10.764,0.857,14
2026-05,pitcher_strikeouts,OVER,"[-500,-300]",HR≥45/EDG≥-5.0/CV≤-/μ≥0.0/TP≥50,237,221,205,16,92.76,4.87,0.8,8.94,10.764,0.857,14
2026-05,pitcher_strikeouts,OVER,"[-500,-300]",HR≥45/EDG≥-5.0/CV≤-/μ≥0.0/TP≥55,237,221,205,16,92.76,4.87,0.8,8.94,10.764,0.857,14
2026-05,pitcher_strikeouts,OVER,"[-500,-300]",HR≥45/EDG≥-5.0/CV≤-/μ≥0.0/TP≥60,237,221,205,16,92.76,4.87,0.8,8.94,10.764,0.857,14
2026-05,pitcher_strikeouts,OVER,"[-500,-300]",HR≥45/EDG≥-5.0/CV≤-/μ≥0.0/TP≥65,237,221,205,16,92.76,4.87,0.8,8.94,10.764,0.857,14
2026-05,pitcher_strikeouts,OVER,"[-500,-300]",HR≥45/EDG≥-5.0/CV≤-/μ≥0.5/TP≥-,237,221,205,16,92.76,4.87,0.8,8.94,10.764,0.857,14
2026-05,pitcher_strikeouts,OVER,"[-500,-300]",HR≥45/EDG≥-5.0/CV≤-/μ≥0.5/TP≥50,237,221,205,16,92.76,4.87,0.8,8.94,10.764,0.857,14
2026-05,pitcher_strikeouts,OVER,"[-500,-300]",HR≥45/EDG≥-5.0/CV≤-/μ≥0.5/TP≥55,237,221,205,16,92.76,4.87,0.8,8.94,10.764,0.857,14
2026-05,pitcher_strikeouts,OVER,"[-500,-300]",HR≥45/EDG≥-5.0/CV≤-/μ≥0.5/TP≥60,237,221,205,16,92.76,4.87,0.8,8.94,10.764,0.857,14
2026-05,pitcher_strikeouts,OVER,"[-500,-300]",HR≥45/EDG≥-5.0/CV≤-/μ≥0.5/TP≥65,237,221,205,16,92.76,4.87,0.8,8.94,10.764,0.857,14
2026-05,pitcher_strikeouts,OVER,"[-500,-300]",HR≥45/EDG≥-5.0/CV≤-/μ≥1.0/TP≥-,234,219,203,16,92.69,4.66,0.57,8.75,10.199,0.857,14
2026-05,pitcher_strikeouts,OVER,"[-500,-300]",HR≥45/EDG≥-5.0/CV≤-/μ≥1.0/TP≥50,234,219,203,16,92.69,4.66,0.57,8.75,10.199,0.857,14
2026-05,pitcher_strikeouts,OVER,"[-500,-300]",HR≥45/EDG≥-5.0/CV≤-/μ≥1.0/TP≥55,234,219,203,16,92.69,4.66,0.57,8.75,10.199,0.857,14
2026-05,pitcher_strikeouts,OVER,"[-500,-300]",HR≥45/EDG≥-5.0/CV≤-/μ≥1.0/TP≥60,234,219,203,16,92.69,4.66,0.57,8.75,10.199,0.857,14
2026-05,pitcher_strikeouts,OVER,"[-500,-300]",HR≥45/EDG≥-5.0/CV≤-/μ≥1.0/TP≥65,234,219,203,16,92.69,4.66,0.57,8.75,10.199,0.857,14
2026-05,pitcher_strikeouts,OVER,"[-500,-300]",HR≥45/EDG≥-5.0/CV≤0.7/μ≥-/TP≥-,226,210,196,14,93.33,5.31,1.28,9.33,11.142,0.857,14
2026-05,pitcher_strikeouts,OVER,"[-500,-300]",HR≥45/EDG≥-5.0/CV≤0.7/μ≥-/TP≥50,226,210,196,14,93.33,5.31,1.28,9.33,11.142,0.857,14
2026-05,pitcher_strikeouts,OVER,"[-500,-300]",HR≥45/EDG≥-5.0/CV≤0.7/μ≥-/TP≥55,226,210,196,14,93.33,5.31,1.28,9.33,11.142,0.857,14
2026-05,pitcher_strikeouts,OVER,"[-500,-300]",HR≥45/EDG≥-5.0/CV≤0.7/μ≥-/TP≥60,226,210,196,14,93.33,5.31,1.28,9.33,11.142,0.857,14
2026-05,pitcher_strikeouts,OVER,"[-500,-300]",HR≥45/EDG≥-5.0/CV≤0.7/μ≥-/TP≥65,226,210,196,14,93.33,5.31,1.28,9.33,11.142,0.857,14
2026-05,pitcher_strikeouts,OVER,"[-500,-300]",HR≥45/EDG≥-5.0/CV≤0.7/μ≥0.0/TP≥-,226,210,196,14,93.33,5.31,1.28,9.33,11.142,0.857,14
2026-05,pitcher_strikeouts,OVER,"[-500,-300]",HR≥45/EDG≥-5.0/CV≤0.7/μ≥0.0/TP≥50,226,210,196,14,93.33,5.31,1.28,9.33,11.142,0.857,14
2026-05,pitcher_strikeouts,OVER,"[-500,-300]",HR≥45/EDG≥-5.0/CV≤0.7/μ≥0.0/TP≥55,226,210,196,14,93.33,5.31,1.28,9.33,11.142,0.857,14
2026-05,pitcher_strikeouts,OVER,"[-500,-300]",HR≥45/EDG≥-5.0/CV≤0.7/μ≥0.0/TP≥60,226,210,196,14,93.33,5.31,1.28,9.33,11.142,0.857,14
2026-05,pitcher_strikeouts,OVER,"[-500,-300]",HR≥45/EDG≥-5.0/CV≤0.7/μ≥0.0/TP≥65,226,210,196,14,93.33,5.31,1.28,9.33,11.142,0.857,14
2026-05,pitcher_strikeouts,OVER,"[-500,-300]",HR≥45/EDG≥-5.0/CV≤0.7/μ≥0.5/TP≥-,226,210,196,14,93.33,5.31,1.28,9.33,11.142,0.857,14
2026-05,pitcher_strikeouts,OVER,"[-500,-300]",HR≥45/EDG≥-5.0/CV≤0.7/μ≥0.5/TP≥50,226,210,196,14,93.33,5.31,1.28,9.33,11.142,0.857,14
2026-05,pitcher_strikeouts,OVER,"[-500,-300]",HR≥45/EDG≥-5.0/CV≤0.7/μ≥0.5/TP≥55,226,210,196,14,93.33,5.31,1.28,9.33,11.142,0.857,14
2026-05,pitcher_strikeouts,OVER,"[-500,-300]",HR≥45/EDG≥-5.0/CV≤0.7/μ≥0.5/TP≥60,226,210,196,14,93.33,5.31,1.28,9.33,11.142,0.857,14
2026-05,pitcher_strikeouts,OVER,"[-500,-300]",HR≥45/EDG≥-5.0/CV≤0.7/μ≥0.5/TP≥65,226,210,196,14,93.33,5.31,1.28,9.33,11.142,0.857,14
2026-05,pitcher_strikeouts,OVER,"[-500,-300]",HR≥45/EDG≥-5.0/CV≤0.7/μ≥1.0/TP≥-,223,208,194,14,93.27,5.09,1.03,9.14,10.577,0.857,14
2026-05,pitcher_strikeouts,OVER,"[-500,-300]",HR≥45/EDG≥-5.0/CV≤0.7/μ≥1.0/TP≥50,223,208,194,14,93.27,5.09,1.03,9.14,10.577,0.857,14
2026-05,pitcher_strikeouts,OVER,"[-500,-300]",HR≥45/EDG≥-5.0/CV≤0.7/μ≥1.0/TP≥55,223,208,194,14,93.27,5.09,1.03,9.14,10.577,0.857,14
2026-05,pitcher_strikeouts,OVER,"[-500,-300]",HR≥45/EDG≥-5.0/CV≤0.7/μ≥1.0/TP≥60,223,208,194,14,93.27,5.09,1.03,9.14,10.577,0.857,14
2026-05,pitcher_strikeouts,OVER,"[-500,-300]",HR≥45/EDG≥-5.0/CV≤0.7/μ≥1.0/TP≥65,223,208,194,14,93.27,5.09,1.03,9.14,10.577,0.857,14
2026-05,pitcher_strikeouts,OVER,"[-500,-300]",HR≥45/EDG≥-5.0/CV≤0.6/μ≥-/TP≥-,220,204,191,13,93.63,5.47,1.47,9.47,11.161,0.786,14
2026-05,pitcher_strikeouts,OVER,"[-500,-300]",HR≥45/EDG≥-5.0/CV≤0.6/μ≥-/TP≥50,220,204,191,13,93.63,5.47,1.47,9.47,11.161,0.786,14
2026-05,pitcher_strikeouts,OVER,"[-500,-300]",HR≥45/EDG≥-5.0/CV≤0.6/μ≥-/TP≥55,220,204,191,13,93.63,5.47,1.47,9.47,11.161,0.786,14
2026-05,pitcher_strikeouts,OVER,"[-500,-300]",HR≥45/EDG≥-5.0/CV≤0.6/μ≥-/TP≥60,220,204,191,13,93.63,5.47,1.47,9.47,11.161,0.786,14
2026-05,pitcher_strikeouts,OVER,"[-500,-300]",HR≥45/EDG≥-5.0/CV≤0.6/μ≥-/TP≥65,220,204,191,13,93.63,5.47,1.47,9.47,11.161,0.786,14
2026-05,pitcher_strikeouts,OVER,"[-500,-300]",HR≥45/EDG≥-5.0/CV≤0.6/μ≥0.0/TP≥-,220,204,191,13,93.63,5.47,1.47,9.47,11.161,0.786,14
2026-05,pitcher_strikeouts,OVER,"[-500,-300]",HR≥45/EDG≥-5.0/CV≤0.6/μ≥0.0/TP≥50,220,204,191,13,93.63,5.47,1.47,9.47,11.161,0.786,14
2026-05,pitcher_strikeouts,OVER,"[-500,-300]",HR≥45/EDG≥-5.0/CV≤0.6/μ≥0.0/TP≥55,220,204,191,13,93.63,5.47,1.47,9.47,11.161,0.786,14
2026-05,pitcher_strikeouts,OVER,"[-500,-300]",HR≥45/EDG≥-5.0/CV≤0.6/μ≥0.0/TP≥60,220,204,191,13,93.63,5.47,1.47,9.47,11.161,0.786,14
2026-05,pitcher_strikeouts,OVER,"[-500,-300]",HR≥45/EDG≥-5.0/CV≤0.6/μ≥0.0/TP≥65,220,204,191,13,93.63,5.47,1.47,9.47,11.161,0.786,14
2026-05,pitcher_strikeouts,OVER,"[-500,-300]",HR≥45/EDG≥-5.0/CV≤0.6/μ≥0.5/TP≥-,220,204,191,13,93.63,5.47,1.47,9.47,11.161,0.786,14
2026-05,pitcher_strikeouts,OVER,"[-500,-300]",HR≥45/EDG≥-5.0/CV≤0.6/μ≥0.5/TP≥50,220,204,191,13,93.63,5.47,1.47,9.47,11.161,0.786,14
2026-05,pitcher_strikeouts,OVER,"[-500,-300]",HR≥45/EDG≥-5.0/CV≤0.6/μ≥0.5/TP≥55,220,204,191,13,93.63,5.47,1.47,9.47,11.161,0.786,14
2026-05,pitcher_strikeouts,OVER,"[-500,-300]",HR≥45/EDG≥-5.0/CV≤0.6/μ≥0.5/TP≥60,220,204,191,13,93.63,5.47,1.47,9.47,11.161,0.786,14
2026-05,pitcher_strikeouts,OVER,"[-500,-300]",HR≥45/EDG≥-5.0/CV≤0.6/μ≥0.5/TP≥65,220,204,191,13,93.63,5.47,1.47,9.47,11.161,0.786,14
2026-05,pitcher_strikeouts,OVER,"[-500,-300]",HR≥45/EDG≥-5.0/CV≤0.6/μ≥1.0/TP≥-,217,202,189,13,93.56,5.25,1.22,9.27,10.596,0.786,14
2026-05,pitcher_strikeouts,OVER,"[-500,-300]",HR≥45/EDG≥-5.0/CV≤0.6/μ≥1.0/TP≥50,217,202,189,13,93.56,5.25,1.22,9.27,10.596,0.786,14
2026-05,pitcher_strikeouts,OVER,"[-500,-300]",HR≥45/EDG≥-5.0/CV≤0.6/μ≥1.0/TP≥55,217,202,189,13,93.56,5.25,1.22,9.27,10.596,0.786,14
2026-05,pitcher_strikeouts,OVER,"[-500,-300]",HR≥45/EDG≥-5.0/CV≤0.6/μ≥1.0/TP≥60,217,202,189,13,93.56,5.25,1.22,9.27,10.596,0.786,14
2026-05,pitcher_strikeouts,OVER,"[-500,-300]",HR≥45/EDG≥-5.0/CV≤0.6/μ≥1.0/TP≥65,217,202,189,13,93.56,5.25,1.22,9.27,10.596,0.786,14
2026-05,pitcher_strikeouts,OVER,"[-500,-300]",HR≥45/EDG≥-5.0/CV≤0.5/μ≥-/TP≥-,190,177,164,13,92.66,4.25,-0.3,8.81,7.53,0.714,14
2026-05,pitcher_strikeouts,OVER,"[-500,-300]",HR≥45/EDG≥-5.0/CV≤0.5/μ≥-/TP≥50,190,177,164,13,92.66,4.25,-0.3,8.81,7.53,0.714,14
2026-05,pitcher_strikeouts,OVER,"[-500,-300]",HR≥45/EDG≥-5.0/CV≤0.5/μ≥-/TP≥55,190,177,164,13,92.66,4.25,-0.3,8.81,7.53,0.714,14
2026-05,pitcher_strikeouts,OVER,"[-500,-300]",HR≥45/EDG≥-5.0/CV≤0.5/μ≥-/TP≥60,190,177,164,13,92.66,4.25,-0.3,8.81,7.53,0.714,14
2026-05,pitcher_strikeouts,OVER,"[-500,-300]",HR≥45/EDG≥-5.0/CV≤0.5/μ≥-/TP≥65,190,177,164,13,92.66,4.25,-0.3,8.81,7.53,0.714,14
2026-05,pitcher_strikeouts,OVER,"[-500,-300]",HR≥45/EDG≥-5.0/CV≤0.5/μ≥0.0/TP≥-,190,177,164,13,92.66,4.25,-0.3,8.81,7.53,0.714,14
2026-05,pitcher_strikeouts,OVER,"[-500,-300]",HR≥45/EDG≥-5.0/CV≤0.5/μ≥0.0/TP≥50,190,177,164,13,92.66,4.25,-0.3,8.81,7.53,0.714,14
2026-05,pitcher_strikeouts,OVER,"[-500,-300]",HR≥45/EDG≥-5.0/CV≤0.5/μ≥0.0/TP≥55,190,177,164,13,92.66,4.25,-0.3,8.81,7.53,0.714,14
2026-05,pitcher_strikeouts,OVER,"[-500,-300]",HR≥45/EDG≥-5.0/CV≤0.5/μ≥0.0/TP≥60,190,177,164,13,92.66,4.25,-0.3,8.81,7.53,0.714,14
2026-05,pitcher_strikeouts,OVER,"[-500,-300]",HR≥45/EDG≥-5.0/CV≤0.5/μ≥0.0/TP≥65,190,177,164,13,92.66,4.25,-0.3,8.81,7.53,0.714,14
2026-05,pitcher_strikeouts,OVER,"[-500,-300]",HR≥45/EDG≥-5.0/CV≤0.5/μ≥0.5/TP≥-,190,177,164,13,92.66,4.25,-0.3,8.81,7.53,0.714,14
2026-05,pitcher_strikeouts,OVER,"[-500,-300]",HR≥45/EDG≥-5.0/CV≤0.5/μ≥0.5/TP≥50,190,177,164,13,92.66,4.25,-0.3,8.81,7.53,0.714,14
2026-05,pitcher_strikeouts,OVER,"[-500,-300]",HR≥45/EDG≥-5.0/CV≤0.5/μ≥0.5/TP≥55,190,177,164,13,92.66,4.25,-0.3,8.81,7.53,0.714,14
2026-05,pitcher_strikeouts,OVER,"[-500,-300]",HR≥45/EDG≥-5.0/CV≤0.5/μ≥0.5/TP≥60,190,177,164,13,92.66,4.25,-0.3,8.81,7.53,0.714,14
2026-05,pitcher_strikeouts,OVER,"[-500,-300]",HR≥45/EDG≥-5.0/CV≤0.5/μ≥0.5/TP≥65,190,177,164,13,92.66,4.25,-0.3,8.81,7.53,0.714,14
2026-05,pitcher_strikeouts,OVER,"[-500,-300]",HR≥45/EDG≥-5.0/CV≤0.5/μ≥1.0/TP≥-,187,175,162,13,92.57,3.98,-0.61,8.57,6.965,0.714,14
2026-05,pitcher_strikeouts,OVER,"[-500,-300]",HR≥45/EDG≥-5.0/CV≤0.5/μ≥1.0/TP≥50,187,175,162,13,92.57,3.98,-0.61,8.57,6.965,0.714,14
2026-05,pitcher_strikeouts,OVER,"[-500,-300]",HR≥45/EDG≥-5.0/CV≤0.5/μ≥1.0/TP≥55,187,175,162,13,92.57,3.98,-0.61,8.57,6.965,0.714,14
2026-05,pitcher_strikeouts,OVER,"[-500,-300]",HR≥45/EDG≥-5.0/CV≤0.5/μ≥1.0/TP≥60,187,175,162,13,92.57,3.98,-0.61,8.57,6.965,0.714,14
2026-05,pitcher_strikeouts,OVER,"[-500,-300]",HR≥45/EDG≥-5.0/CV≤0.5/μ≥1.0/TP≥65,187,175,162,13,92.57,3.98,-0.61,8.57,6.965,0.714,14
2026-05,pitcher_strikeouts,OVER,"[-500,-300]",HR≥45/EDG≥-5.0/CV≤0.45/μ≥-/TP≥-,159,146,138,8,94.52,5.88,1.46,10.29,8.582,0.714,14
2026-05,pitcher_strikeouts,OVER,"[-500,-300]",HR≥45/EDG≥-5.0/CV≤0.45/μ≥-/TP≥50,159,146,138,8,94.52,5.88,1.46,10.29,8.582,0.714,14
2026-05,pitcher_strikeouts,OVER,"[-500,-300]",HR≥45/EDG≥-5.0/CV≤0.45/μ≥-/TP≥55,159,146,138,8,94.52,5.88,1.46,10.29,8.582,0.714,14
2026-05,pitcher_strikeouts,OVER,"[-500,-300]",HR≥45/EDG≥-5.0/CV≤0.45/μ≥-/TP≥60,159,146,138,8,94.52,5.88,1.46,10.29,8.582,0.714,14
2026-05,pitcher_strikeouts,OVER,"[-500,-300]",HR≥45/EDG≥-5.0/CV≤0.45/μ≥-/TP≥65,159,146,138,8,94.52,5.88,1.46,10.29,8.582,0.714,14
2026-05,pitcher_strikeouts,OVER,"[-500,-300]",HR≥45/EDG≥-5.0/CV≤0.45/μ≥0.0/TP≥-,159,146,138,8,94.52,5.88,1.46,10.29,8.582,0.714,14
2026-05,pitcher_strikeouts,OVER,"[-500,-300]",HR≥45/EDG≥-5.0/CV≤0.45/μ≥0.0/TP≥50,159,146,138,8,94.52,5.88,1.46,10.29,8.582,0.714,14
2026-05,pitcher_strikeouts,OVER,"[-500,-300]",HR≥45/EDG≥-5.0/CV≤0.45/μ≥0.0/TP≥55,159,146,138,8,94.52,5.88,1.46,10.29,8.582,0.714,14
2026-05,pitcher_strikeouts,OVER,"[-500,-300]",HR≥45/EDG≥-5.0/CV≤0.45/μ≥0.0/TP≥60,159,146,138,8,94.52,5.88,1.46,10.29,8.582,0.714,14
2026-05,pitcher_strikeouts,OVER,"[-500,-300]",HR≥45/EDG≥-5.0/CV≤0.45/μ≥0.0/TP≥65,159,146,138,8,94.52,5.88,1.46,10.29,8.582,0.714,14
2026-05,pitcher_strikeouts,OVER,"[-500,-300]",HR≥45/EDG≥-5.0/CV≤0.45/μ≥0.5/TP≥-,159,146,138,8,94.52,5.88,1.46,10.29,8.582,0.714,14
2026-05,pitcher_strikeouts,OVER,"[-500,-300]",HR≥45/EDG≥-5.0/CV≤0.45/μ≥0.5/TP≥50,159,146,138,8,94.52,5.88,1.46,10.29,8.582,0.714,14
2026-05,pitcher_strikeouts,OVER,"[-500,-300]",HR≥45/EDG≥-5.0/CV≤0.45/μ≥0.5/TP≥55,159,146,138,8,94.52,5.88,1.46,10.29,8.582,0.714,14
2026-05,pitcher_strikeouts,OVER,"[-500,-300]",HR≥45/EDG≥-5.0/CV≤0.45/μ≥0.5/TP≥60,159,146,138,8,94.52,5.88,1.46,10.29,8.582,0.714,14
2026-05,pitcher_strikeouts,OVER,"[-500,-300]",HR≥45/EDG≥-5.0/CV≤0.45/μ≥0.5/TP≥65,159,146,138,8,94.52,5.88,1.46,10.29,8.582,0.714,14
2026-05,pitcher_strikeouts,OVER,"[-500,-300]",HR≥45/EDG≥-5.0/CV≤0.45/μ≥1.0/TP≥-,156,144,136,8,94.44,5.57,1.11,10.02,8.017,0.714,14
2026-05,pitcher_strikeouts,OVER,"[-500,-300]",HR≥45/EDG≥-5.0/CV≤0.45/μ≥1.0/TP≥50,156,144,136,8,94.44,5.57,1.11,10.02,8.017,0.714,14
2026-05,pitcher_strikeouts,OVER,"[-500,-300]",HR≥45/EDG≥-5.0/CV≤0.45/μ≥1.0/TP≥55,156,144,136,8,94.44,5.57,1.11,10.02,8.017,0.714,14
2026-05,pitcher_strikeouts,OVER,"[-500,-300]",HR≥45/EDG≥-5.0/CV≤0.45/μ≥1.0/TP≥60,156,144,136,8,94.44,5.57,1.11,10.02,8.017,0.714,14
2026-05,pitcher_strikeouts,OVER,"[-500,-300]",HR≥45/EDG≥-5.0/CV≤0.45/μ≥1.0/TP≥65,156,144,136,8,94.44,5.57,1.11,10.02,8.017,0.714,14
2026-05,pitcher_strikeouts,OVER,"[-500,-300]",HR≥45/EDG≥-5.0/CV≤0.4/μ≥-/TP≥-,113,102,97,5,95.1,6.11,1.1,11.11,6.228,0.615,13
2026-05,pitcher_strikeouts,OVER,"[-500,-300]",HR≥45/EDG≥-5.0/CV≤0.4/μ≥-/TP≥50,113,102,97,5,95.1,6.11,1.1,11.11,6.228,0.615,13
2026-05,pitcher_strikeouts,OVER,"[-500,-300]",HR≥45/EDG≥-5.0/CV≤0.4/μ≥-/TP≥55,113,102,97,5,95.1,6.11,1.1,11.11,6.228,0.615,13
2026-05,pitcher_strikeouts,OVER,"[-500,-300]",HR≥45/EDG≥-5.0/CV≤0.4/μ≥-/TP≥60,113,102,97,5,95.1,6.11,1.1,11.11,6.228,0.615,13
2026-05,pitcher_strikeouts,OVER,"[-500,-300]",HR≥45/EDG≥-5.0/CV≤0.4/μ≥-/TP≥65,113,102,97,5,95.1,6.11,1.1,11.11,6.228,0.615,13
2026-05,pitcher_strikeouts,OVER,"[-500,-300]",HR≥45/EDG≥-5.0/CV≤0.4/μ≥0.0/TP≥-,113,102,97,5,95.1,6.11,1.1,11.11,6.228,0.615,13
2026-05,pitcher_strikeouts,OVER,"[-500,-300]",HR≥45/EDG≥-5.0/CV≤0.4/μ≥0.0/TP≥50,113,102,97,5,95.1,6.11,1.1,11.11,6.228,0.615,13
2026-05,pitcher_strikeouts,OVER,"[-500,-300]",HR≥45/EDG≥-5.0/CV≤0.4/μ≥0.0/TP≥55,113,102,97,5,95.1,6.11,1.1,11.11,6.228,0.615,13
2026-05,pitcher_strikeouts,OVER,"[-500,-300]",HR≥45/EDG≥-5.0/CV≤0.4/μ≥0.0/TP≥60,113,102,97,5,95.1,6.11,1.1,11.11,6.228,0.615,13
2026-05,pitcher_strikeouts,OVER,"[-500,-300]",HR≥45/EDG≥-5.0/CV≤0.4/μ≥0.0/TP≥65,113,102,97,5,95.1,6.11,1.1,11.11,6.228,0.615,13
2026-05,pitcher_strikeouts,OVER,"[-500,-300]",HR≥45/EDG≥-5.0/CV≤0.4/μ≥0.5/TP≥-,113,102,97,5,95.1,6.11,1.1,11.11,6.228,0.615,13
2026-05,pitcher_strikeouts,OVER,"[-500,-300]",HR≥45/EDG≥-5.0/CV≤0.4/μ≥0.5/TP≥50,113,102,97,5,95.1,6.11,1.1,11.11,6.228,0.615,13
2026-05,pitcher_strikeouts,OVER,"[-500,-300]",HR≥45/EDG≥-5.0/CV≤0.4/μ≥0.5/TP≥55,113,102,97,5,95.1,6.11,1.1,11.11,6.228,0.615,13
2026-05,pitcher_strikeouts,OVER,"[-500,-300]",HR≥45/EDG≥-5.0/CV≤0.4/μ≥0.5/TP≥60,113,102,97,5,95.1,6.11,1.1,11.11,6.228,0.615,13
2026-05,pitcher_strikeouts,OVER,"[-500,-300]",HR≥45/EDG≥-5.0/CV≤0.4/μ≥0.5/TP≥65,113,102,97,5,95.1,6.11,1.1,11.11,6.228,0.615,13
2026-05,pitcher_strikeouts,OVER,"[-500,-300]",HR≥45/EDG≥-5.0/CV≤0.4/μ≥1.0/TP≥-,110,100,95,5,95.0,5.66,0.6,10.73,5.664,0.615,13
2026-05,pitcher_strikeouts,OVER,"[-500,-300]",HR≥45/EDG≥-5.0/CV≤0.4/μ≥1.0/TP≥50,110,100,95,5,95.0,5.66,0.6,10.73,5.664,0.615,13
2026-05,pitcher_strikeouts,OVER,"[-500,-300]",HR≥45/EDG≥-5.0/CV≤0.4/μ≥1.0/TP≥55,110,100,95,5,95.0,5.66,0.6,10.73,5.664,0.615,13
2026-05,pitcher_strikeouts,OVER,"[-500,-300]",HR≥45/EDG≥-5.0/CV≤0.4/μ≥1.0/TP≥60,110,100,95,5,95.0,5.66,0.6,10.73,5.664,0.615,13
2026-05,pitcher_strikeouts,OVER,"[-500,-300]",HR≥45/EDG≥-5.0/CV≤0.4/μ≥1.0/TP≥65,110,100,95,5,95.0,5.66,0.6,10.73,5.664,0.615,13
2026-05,pitcher_strikeouts,OVER,"[-500,-300]",HR≥45/EDG≥0.0/CV≤-/μ≥-/TP≥-,112,103,92,11,89.32,4.11,-3.13,11.35,4.232,0.385,13
2026-05,pitcher_strikeouts,OVER,"[-500,-300]",HR≥45/EDG≥0.0/CV≤-/μ≥-/TP≥50,112,103,92,11,89.32,4.11,-3.13,11.35,4.232,0.385,13
2026-05,pitcher_strikeouts,OVER,"[-500,-300]",HR≥45/EDG≥0.0/CV≤-/μ≥-/TP≥55,112,103,92,11,89.32,4.11,-3.13,11.35,4.232,0.385,13
2026-05,pitcher_strikeouts,OVER,"[-500,-300]",HR≥45/EDG≥0.0/CV≤-/μ≥-/TP≥60,112,103,92,11,89.32,4.11,-3.13,11.35,4.232,0.385,13
2026-05,pitcher_strikeouts,OVER,"[-500,-300]",HR≥45/EDG≥0.0/CV≤-/μ≥-/TP≥65,112,103,92,11,89.32,4.11,-3.13,11.35,4.232,0.385,13
2026-05,pitcher_strikeouts,OVER,"[-500,-300]",HR≥45/EDG≥0.0/CV≤-/μ≥0.0/TP≥-,112,103,92,11,89.32,4.11,-3.13,11.35,4.232,0.385,13
2026-05,pitcher_strikeouts,OVER,"[-500,-300]",HR≥45/EDG≥0.0/CV≤-/μ≥0.0/TP≥50,112,103,92,11,89.32,4.11,-3.13,11.35,4.232,0.385,13
2026-05,pitcher_strikeouts,OVER,"[-500,-300]",HR≥45/EDG≥0.0/CV≤-/μ≥0.0/TP≥55,112,103,92,11,89.32,4.11,-3.13,11.35,4.232,0.385,13
2026-05,pitcher_strikeouts,OVER,"[-500,-300]",HR≥45/EDG≥0.0/CV≤-/μ≥0.0/TP≥60,112,103,92,11,89.32,4.11,-3.13,11.35,4.232,0.385,13
2026-05,pitcher_strikeouts,OVER,"[-500,-300]",HR≥45/EDG≥0.0/CV≤-/μ≥0.0/TP≥65,112,103,92,11,89.32,4.11,-3.13,11.35,4.232,0.385,13
2026-05,pitcher_strikeouts,OVER,"[-500,-300]",HR≥45/EDG≥0.0/CV≤-/μ≥0.5/TP≥-,112,103,92,11,89.32,4.11,-3.13,11.35,4.232,0.385,13
2026-05,pitcher_strikeouts,OVER,"[-500,-300]",HR≥45/EDG≥0.0/CV≤-/μ≥0.5/TP≥50,112,103,92,11,89.32,4.11,-3.13,11.35,4.232,0.385,13
2026-05,pitcher_strikeouts,OVER,"[-500,-300]",HR≥45/EDG≥0.0/CV≤-/μ≥0.5/TP≥55,112,103,92,11,89.32,4.11,-3.13,11.35,4.232,0.385,13
2026-05,pitcher_strikeouts,OVER,"[-500,-300]",HR≥45/EDG≥0.0/CV≤-/μ≥0.5/TP≥60,112,103,92,11,89.32,4.11,-3.13,11.35,4.232,0.385,13
2026-05,pitcher_strikeouts,OVER,"[-500,-300]",HR≥45/EDG≥0.0/CV≤-/μ≥0.5/TP≥65,112,103,92,11,89.32,4.11,-3.13,11.35,4.232,0.385,13
2026-05,pitcher_strikeouts,OVER,"[-500,-300]",HR≥45/EDG≥0.0/CV≤-/μ≥1.0/TP≥-,112,103,92,11,89.32,4.11,-3.13,11.35,4.232,0.385,13
2026-05,pitcher_strikeouts,OVER,"[-500,-300]",HR≥45/EDG≥0.0/CV≤-/μ≥1.0/TP≥50,112,103,92,11,89.32,4.11,-3.13,11.35,4.232,0.385,13
2026-05,pitcher_strikeouts,OVER,"[-500,-300]",HR≥45/EDG≥0.0/CV≤-/μ≥1.0/TP≥55,112,103,92,11,89.32,4.11,-3.13,11.35,4.232,0.385,13
2026-05,pitcher_strikeouts,OVER,"[-500,-300]",HR≥45/EDG≥0.0/CV≤-/μ≥1.0/TP≥60,112,103,92,11,89.32,4.11,-3.13,11.35,4.232,0.385,13
2026-05,pitcher_strikeouts,OVER,"[-500,-300]",HR≥45/EDG≥0.0/CV≤-/μ≥1.0/TP≥65,112,103,92,11,89.32,4.11,-3.13,11.35,4.232,0.385,13
2026-05,pitcher_strikeouts,OVER,"[-500,-300]",HR≥45/EDG≥0.0/CV≤0.7/μ≥-/TP≥-,106,97,88,9,90.72,5.53,-1.51,12.57,5.363,0.462,13
2026-05,pitcher_strikeouts,OVER,"[-500,-300]",HR≥45/EDG≥0.0/CV≤0.7/μ≥-/TP≥50,106,97,88,9,90.72,5.53,-1.51,12.57,5.363,0.462,13
2026-05,pitcher_strikeouts,OVER,"[-500,-300]",HR≥45/EDG≥0.0/CV≤0.7/μ≥-/TP≥55,106,97,88,9,90.72,5.53,-1.51,12.57,5.363,0.462,13
2026-05,pitcher_strikeouts,OVER,"[-500,-300]",HR≥45/EDG≥0.0/CV≤0.7/μ≥-/TP≥60,106,97,88,9,90.72,5.53,-1.51,12.57,5.363,0.462,13
2026-05,pitcher_strikeouts,OVER,"[-500,-300]",HR≥45/EDG≥0.0/CV≤0.7/μ≥-/TP≥65,106,97,88,9,90.72,5.53,-1.51,12.57,5.363,0.462,13
2026-05,pitcher_strikeouts,OVER,"[-500,-300]",HR≥45/EDG≥0.0/CV≤0.7/μ≥0.0/TP≥-,106,97,88,9,90.72,5.53,-1.51,12.57,5.363,0.462,13
2026-05,pitcher_strikeouts,OVER,"[-500,-300]",HR≥45/EDG≥0.0/CV≤0.7/μ≥0.0/TP≥50,106,97,88,9,90.72,5.53,-1.51,12.57,5.363,0.462,13
2026-05,pitcher_strikeouts,OVER,"[-500,-300]",HR≥45/EDG≥0.0/CV≤0.7/μ≥0.0/TP≥55,106,97,88,9,90.72,5.53,-1.51,12.57,5.363,0.462,13
2026-05,pitcher_strikeouts,OVER,"[-500,-300]",HR≥45/EDG≥0.0/CV≤0.7/μ≥0.0/TP≥60,106,97,88,9,90.72,5.53,-1.51,12.57,5.363,0.462,13
2026-05,pitcher_strikeouts,OVER,"[-500,-300]",HR≥45/EDG≥0.0/CV≤0.7/μ≥0.0/TP≥65,106,97,88,9,90.72,5.53,-1.51,12.57,5.363,0.462,13
2026-05,pitcher_strikeouts,OVER,"[-500,-300]",HR≥45/EDG≥0.0/CV≤0.7/μ≥0.5/TP≥-,106,97,88,9,90.72,5.53,-1.51,12.57,5.363,0.462,13
2026-05,pitcher_strikeouts,OVER,"[-500,-300]",HR≥45/EDG≥0.0/CV≤0.7/μ≥0.5/TP≥50,106,97,88,9,90.72,5.53,-1.51,12.57,5.363,0.462,13
2026-05,pitcher_strikeouts,OVER,"[-500,-300]",HR≥45/EDG≥0.0/CV≤0.7/μ≥0.5/TP≥55,106,97,88,9,90.72,5.53,-1.51,12.57,5.363,0.462,13
2026-05,pitcher_strikeouts,OVER,"[-500,-300]",HR≥45/EDG≥0.0/CV≤0.7/μ≥0.5/TP≥60,106,97,88,9,90.72,5.53,-1.51,12.57,5.363,0.462,13
2026-05,pitcher_strikeouts,OVER,"[-500,-300]",HR≥45/EDG≥0.0/CV≤0.7/μ≥0.5/TP≥65,106,97,88,9,90.72,5.53,-1.51,12.57,5.363,0.462,13
2026-05,pitcher_strikeouts,OVER,"[-500,-300]",HR≥45/EDG≥0.0/CV≤0.7/μ≥1.0/TP≥-,106,97,88,9,90.72,5.53,-1.51,12.57,5.363,0.462,13
2026-05,pitcher_strikeouts,OVER,"[-500,-300]",HR≥45/EDG≥0.0/CV≤0.7/μ≥1.0/TP≥50,106,97,88,9,90.72,5.53,-1.51,12.57,5.363,0.462,13
2026-05,pitcher_strikeouts,OVER,"[-500,-300]",HR≥45/EDG≥0.0/CV≤0.7/μ≥1.0/TP≥55,106,97,88,9,90.72,5.53,-1.51,12.57,5.363,0.462,13
2026-05,pitcher_strikeouts,OVER,"[-500,-300]",HR≥45/EDG≥0.0/CV≤0.7/μ≥1.0/TP≥60,106,97,88,9,90.72,5.53,-1.51,12.57,5.363,0.462,13
2026-05,pitcher_strikeouts,OVER,"[-500,-300]",HR≥45/EDG≥0.0/CV≤0.7/μ≥1.0/TP≥65,106,97,88,9,90.72,5.53,-1.51,12.57,5.363,0.462,13
2026-05,pitcher_strikeouts,OVER,"[-500,-300]",HR≥45/EDG≥0.0/CV≤0.6/μ≥-/TP≥-,103,94,86,8,91.49,6.35,-0.54,13.25,5.973,0.538,13
2026-05,pitcher_strikeouts,OVER,"[-500,-300]",HR≥45/EDG≥0.0/CV≤0.6/μ≥-/TP≥50,103,94,86,8,91.49,6.35,-0.54,13.25,5.973,0.538,13
2026-05,pitcher_strikeouts,OVER,"[-500,-300]",HR≥45/EDG≥0.0/CV≤0.6/μ≥-/TP≥55,103,94,86,8,91.49,6.35,-0.54,13.25,5.973,0.538,13
2026-05,pitcher_strikeouts,OVER,"[-500,-300]",HR≥45/EDG≥0.0/CV≤0.6/μ≥-/TP≥60,103,94,86,8,91.49,6.35,-0.54,13.25,5.973,0.538,13
2026-05,pitcher_strikeouts,OVER,"[-500,-300]",HR≥45/EDG≥0.0/CV≤0.6/μ≥-/TP≥65,103,94,86,8,91.49,6.35,-0.54,13.25,5.973,0.538,13
2026-05,pitcher_strikeouts,OVER,"[-500,-300]",HR≥45/EDG≥0.0/CV≤0.6/μ≥0.0/TP≥-,103,94,86,8,91.49,6.35,-0.54,13.25,5.973,0.538,13
2026-05,pitcher_strikeouts,OVER,"[-500,-300]",HR≥45/EDG≥0.0/CV≤0.6/μ≥0.0/TP≥50,103,94,86,8,91.49,6.35,-0.54,13.25,5.973,0.538,13
2026-05,pitcher_strikeouts,OVER,"[-500,-300]",HR≥45/EDG≥0.0/CV≤0.6/μ≥0.0/TP≥55,103,94,86,8,91.49,6.35,-0.54,13.25,5.973,0.538,13
2026-05,pitcher_strikeouts,OVER,"[-500,-300]",HR≥45/EDG≥0.0/CV≤0.6/μ≥0.0/TP≥60,103,94,86,8,91.49,6.35,-0.54,13.25,5.973,0.538,13
2026-05,pitcher_strikeouts,OVER,"[-500,-300]",HR≥45/EDG≥0.0/CV≤0.6/μ≥0.0/TP≥65,103,94,86,8,91.49,6.35,-0.54,13.25,5.973,0.538,13
2026-05,pitcher_strikeouts,OVER,"[-500,-300]",HR≥45/EDG≥0.0/CV≤0.6/μ≥0.5/TP≥-,103,94,86,8,91.49,6.35,-0.54,13.25,5.973,0.538,13
2026-05,pitcher_strikeouts,OVER,"[-500,-300]",HR≥45/EDG≥0.0/CV≤0.6/μ≥0.5/TP≥50,103,94,86,8,91.49,6.35,-0.54,13.25,5.973,0.538,13
2026-05,pitcher_strikeouts,OVER,"[-500,-300]",HR≥45/EDG≥0.0/CV≤0.6/μ≥0.5/TP≥55,103,94,86,8,91.49,6.35,-0.54,13.25,5.973,0.538,13
2026-05,pitcher_strikeouts,OVER,"[-500,-300]",HR≥45/EDG≥0.0/CV≤0.6/μ≥0.5/TP≥60,103,94,86,8,91.49,6.35,-0.54,13.25,5.973,0.538,13
2026-05,pitcher_strikeouts,OVER,"[-500,-300]",HR≥45/EDG≥0.0/CV≤0.6/μ≥0.5/TP≥65,103,94,86,8,91.49,6.35,-0.54,13.25,5.973,0.538,13
2026-05,pitcher_strikeouts,OVER,"[-500,-300]",HR≥45/EDG≥0.0/CV≤0.6/μ≥1.0/TP≥-,103,94,86,8,91.49,6.35,-0.54,13.25,5.973,0.538,13
2026-05,pitcher_strikeouts,OVER,"[-500,-300]",HR≥45/EDG≥0.0/CV≤0.6/μ≥1.0/TP≥50,103,94,86,8,91.49,6.35,-0.54,13.25,5.973,0.538,13
2026-05,pitcher_strikeouts,OVER,"[-500,-300]",HR≥45/EDG≥0.0/CV≤0.6/μ≥1.0/TP≥55,103,94,86,8,91.49,6.35,-0.54,13.25,5.973,0.538,13
2026-05,pitcher_strikeouts,OVER,"[-500,-300]",HR≥45/EDG≥0.0/CV≤0.6/μ≥1.0/TP≥60,103,94,86,8,91.49,6.35,-0.54,13.25,5.973,0.538,13
2026-05,pitcher_strikeouts,OVER,"[-500,-300]",HR≥45/EDG≥0.0/CV≤0.6/μ≥1.0/TP≥65,103,94,86,8,91.49,6.35,-0.54,13.25,5.973,0.538,13
2026-05,pitcher_strikeouts,OVER,"[-500,-300]",HR≥45/EDG≥0.0/CV≤0.5/μ≥-/TP≥-,96,87,79,8,90.8,5.08,-2.29,12.46,4.424,0.538,13
2026-05,pitcher_strikeouts,OVER,"[-500,-300]",HR≥45/EDG≥0.0/CV≤0.5/μ≥-/TP≥50,96,87,79,8,90.8,5.08,-2.29,12.46,4.424,0.538,13
2026-05,pitcher_strikeouts,OVER,"[-500,-300]",HR≥45/EDG≥0.0/CV≤0.5/μ≥-/TP≥55,96,87,79,8,90.8,5.08,-2.29,12.46,4.424,0.538,13
2026-05,pitcher_strikeouts,OVER,"[-500,-300]",HR≥45/EDG≥0.0/CV≤0.5/μ≥-/TP≥60,96,87,79,8,90.8,5.08,-2.29,12.46,4.424,0.538,13
2026-05,pitcher_strikeouts,OVER,"[-500,-300]",HR≥45/EDG≥0.0/CV≤0.5/μ≥-/TP≥65,96,87,79,8,90.8,5.08,-2.29,12.46,4.424,0.538,13
2026-05,pitcher_strikeouts,OVER,"[-500,-300]",HR≥45/EDG≥0.0/CV≤0.5/μ≥0.0/TP≥-,96,87,79,8,90.8,5.08,-2.29,12.46,4.424,0.538,13
2026-05,pitcher_strikeouts,OVER,"[-500,-300]",HR≥45/EDG≥0.0/CV≤0.5/μ≥0.0/TP≥50,96,87,79,8,90.8,5.08,-2.29,12.46,4.424,0.538,13
2026-05,pitcher_strikeouts,OVER,"[-500,-300]",HR≥45/EDG≥0.0/CV≤0.5/μ≥0.0/TP≥55,96,87,79,8,90.8,5.08,-2.29,12.46,4.424,0.538,13
2026-05,pitcher_strikeouts,OVER,"[-500,-300]",HR≥45/EDG≥0.0/CV≤0.5/μ≥0.0/TP≥60,96,87,79,8,90.8,5.08,-2.29,12.46,4.424,0.538,13
2026-05,pitcher_strikeouts,OVER,"[-500,-300]",HR≥45/EDG≥0.0/CV≤0.5/μ≥0.0/TP≥65,96,87,79,8,90.8,5.08,-2.29,12.46,4.424,0.538,13
2026-05,pitcher_strikeouts,OVER,"[-500,-300]",HR≥45/EDG≥0.0/CV≤0.5/μ≥0.5/TP≥-,96,87,79,8,90.8,5.08,-2.29,12.46,4.424,0.538,13
2026-05,pitcher_strikeouts,OVER,"[-500,-300]",HR≥45/EDG≥0.0/CV≤0.5/μ≥0.5/TP≥50,96,87,79,8,90.8,5.08,-2.29,12.46,4.424,0.538,13
2026-05,pitcher_strikeouts,OVER,"[-500,-300]",HR≥45/EDG≥0.0/CV≤0.5/μ≥0.5/TP≥55,96,87,79,8,90.8,5.08,-2.29,12.46,4.424,0.538,13
2026-05,pitcher_strikeouts,OVER,"[-500,-300]",HR≥45/EDG≥0.0/CV≤0.5/μ≥0.5/TP≥60,96,87,79,8,90.8,5.08,-2.29,12.46,4.424,0.538,13
2026-05,pitcher_strikeouts,OVER,"[-500,-300]",HR≥45/EDG≥0.0/CV≤0.5/μ≥0.5/TP≥65,96,87,79,8,90.8,5.08,-2.29,12.46,4.424,0.538,13
2026-05,pitcher_strikeouts,OVER,"[-500,-300]",HR≥45/EDG≥0.0/CV≤0.5/μ≥1.0/TP≥-,96,87,79,8,90.8,5.08,-2.29,12.46,4.424,0.538,13
2026-05,pitcher_strikeouts,OVER,"[-500,-300]",HR≥45/EDG≥0.0/CV≤0.5/μ≥1.0/TP≥50,96,87,79,8,90.8,5.08,-2.29,12.46,4.424,0.538,13
2026-05,pitcher_strikeouts,OVER,"[-500,-300]",HR≥45/EDG≥0.0/CV≤0.5/μ≥1.0/TP≥55,96,87,79,8,90.8,5.08,-2.29,12.46,4.424,0.538,13
2026-05,pitcher_strikeouts,OVER,"[-500,-300]",HR≥45/EDG≥0.0/CV≤0.5/μ≥1.0/TP≥60,96,87,79,8,90.8,5.08,-2.29,12.46,4.424,0.538,13
2026-05,pitcher_strikeouts,OVER,"[-500,-300]",HR≥45/EDG≥0.0/CV≤0.5/μ≥1.0/TP≥65,96,87,79,8,90.8,5.08,-2.29,12.46,4.424,0.538,13
2026-05,pitcher_strikeouts,OVER,"[-500,-300]",HR≥45/EDG≥0.0/CV≤0.45/μ≥-/TP≥-,80,71,65,6,91.55,5.79,-2.09,13.67,4.109,0.615,13
2026-05,pitcher_strikeouts,OVER,"[-500,-300]",HR≥45/EDG≥0.0/CV≤0.45/μ≥-/TP≥50,80,71,65,6,91.55,5.79,-2.09,13.67,4.109,0.615,13
2026-05,pitcher_strikeouts,OVER,"[-500,-300]",HR≥45/EDG≥0.0/CV≤0.45/μ≥-/TP≥55,80,71,65,6,91.55,5.79,-2.09,13.67,4.109,0.615,13
2026-05,pitcher_strikeouts,OVER,"[-500,-300]",HR≥45/EDG≥0.0/CV≤0.45/μ≥-/TP≥60,80,71,65,6,91.55,5.79,-2.09,13.67,4.109,0.615,13
2026-05,pitcher_strikeouts,OVER,"[-500,-300]",HR≥45/EDG≥0.0/CV≤0.45/μ≥-/TP≥65,80,71,65,6,91.55,5.79,-2.09,13.67,4.109,0.615,13
2026-05,pitcher_strikeouts,OVER,"[-500,-300]",HR≥45/EDG≥0.0/CV≤0.45/μ≥0.0/TP≥-,80,71,65,6,91.55,5.79,-2.09,13.67,4.109,0.615,13
2026-05,pitcher_strikeouts,OVER,"[-500,-300]",HR≥45/EDG≥0.0/CV≤0.45/μ≥0.0/TP≥50,80,71,65,6,91.55,5.79,-2.09,13.67,4.109,0.615,13
2026-05,pitcher_strikeouts,OVER,"[-500,-300]",HR≥45/EDG≥0.0/CV≤0.45/μ≥0.0/TP≥55,80,71,65,6,91.55,5.79,-2.09,13.67,4.109,0.615,13
2026-05,pitcher_strikeouts,OVER,"[-500,-300]",HR≥45/EDG≥0.0/CV≤0.45/μ≥0.0/TP≥60,80,71,65,6,91.55,5.79,-2.09,13.67,4.109,0.615,13
2026-05,pitcher_strikeouts,OVER,"[-500,-300]",HR≥45/EDG≥0.0/CV≤0.45/μ≥0.0/TP≥65,80,71,65,6,91.55,5.79,-2.09,13.67,4.109,0.615,13
2026-05,pitcher_strikeouts,OVER,"[-500,-300]",HR≥45/EDG≥0.0/CV≤0.45/μ≥0.5/TP≥-,80,71,65,6,91.55,5.79,-2.09,13.67,4.109,0.615,13
2026-05,pitcher_strikeouts,OVER,"[-500,-300]",HR≥45/EDG≥0.0/CV≤0.45/μ≥0.5/TP≥50,80,71,65,6,91.55,5.79,-2.09,13.67,4.109,0.615,13
2026-05,pitcher_strikeouts,OVER,"[-500,-300]",HR≥45/EDG≥0.0/CV≤0.45/μ≥0.5/TP≥55,80,71,65,6,91.55,5.79,-2.09,13.67,4.109,0.615,13
2026-05,pitcher_strikeouts,OVER,"[-500,-300]",HR≥45/EDG≥0.0/CV≤0.45/μ≥0.5/TP≥60,80,71,65,6,91.55,5.79,-2.09,13.67,4.109,0.615,13
2026-05,pitcher_strikeouts,OVER,"[-500,-300]",HR≥45/EDG≥0.0/CV≤0.45/μ≥0.5/TP≥65,80,71,65,6,91.55,5.79,-2.09,13.67,4.109,0.615,13
2026-05,pitcher_strikeouts,OVER,"[-500,-300]",HR≥45/EDG≥0.0/CV≤0.45/μ≥1.0/TP≥-,80,71,65,6,91.55,5.79,-2.09,13.67,4.109,0.615,13
2026-05,pitcher_strikeouts,OVER,"[-500,-300]",HR≥45/EDG≥0.0/CV≤0.45/μ≥1.0/TP≥50,80,71,65,6,91.55,5.79,-2.09,13.67,4.109,0.615,13
2026-05,pitcher_strikeouts,OVER,"[-500,-300]",HR≥45/EDG≥0.0/CV≤0.45/μ≥1.0/TP≥55,80,71,65,6,91.55,5.79,-2.09,13.67,4.109,0.615,13
2026-05,pitcher_strikeouts,OVER,"[-500,-300]",HR≥45/EDG≥0.0/CV≤0.45/μ≥1.0/TP≥60,80,71,65,6,91.55,5.79,-2.09,13.67,4.109,0.615,13
2026-05,pitcher_strikeouts,OVER,"[-500,-300]",HR≥45/EDG≥0.0/CV≤0.45/μ≥1.0/TP≥65,80,71,65,6,91.55,5.79,-2.09,13.67,4.109,0.615,13
2026-05,pitcher_strikeouts,OVER,"[-500,-300]",HR≥45/EDG≥0.0/CV≤0.4/μ≥-/TP≥-,59,51,47,4,92.16,5.4,-3.51,14.31,2.754,0.636,11
2026-05,pitcher_strikeouts,OVER,"[-500,-300]",HR≥45/EDG≥0.0/CV≤0.4/μ≥-/TP≥50,59,51,47,4,92.16,5.4,-3.51,14.31,2.754,0.636,11
2026-05,pitcher_strikeouts,OVER,"[-500,-300]",HR≥45/EDG≥0.0/CV≤0.4/μ≥-/TP≥55,59,51,47,4,92.16,5.4,-3.51,14.31,2.754,0.636,11
2026-05,pitcher_strikeouts,OVER,"[-500,-300]",HR≥45/EDG≥0.0/CV≤0.4/μ≥-/TP≥60,59,51,47,4,92.16,5.4,-3.51,14.31,2.754,0.636,11
2026-05,pitcher_strikeouts,OVER,"[-500,-300]",HR≥45/EDG≥0.0/CV≤0.4/μ≥-/TP≥65,59,51,47,4,92.16,5.4,-3.51,14.31,2.754,0.636,11
2026-05,pitcher_strikeouts,OVER,"[-500,-300]",HR≥45/EDG≥0.0/CV≤0.4/μ≥0.0/TP≥-,59,51,47,4,92.16,5.4,-3.51,14.31,2.754,0.636,11
2026-05,pitcher_strikeouts,OVER,"[-500,-300]",HR≥45/EDG≥0.0/CV≤0.4/μ≥0.0/TP≥50,59,51,47,4,92.16,5.4,-3.51,14.31,2.754,0.636,11
2026-05,pitcher_strikeouts,OVER,"[-500,-300]",HR≥45/EDG≥0.0/CV≤0.4/μ≥0.0/TP≥55,59,51,47,4,92.16,5.4,-3.51,14.31,2.754,0.636,11
2026-05,pitcher_strikeouts,OVER,"[-500,-300]",HR≥45/EDG≥0.0/CV≤0.4/μ≥0.0/TP≥60,59,51,47,4,92.16,5.4,-3.51,14.31,2.754,0.636,11
2026-05,pitcher_strikeouts,OVER,"[-500,-300]",HR≥45/EDG≥0.0/CV≤0.4/μ≥0.0/TP≥65,59,51,47,4,92.16,5.4,-3.51,14.31,2.754,0.636,11
2026-05,pitcher_strikeouts,OVER,"[-500,-300]",HR≥45/EDG≥0.0/CV≤0.4/μ≥0.5/TP≥-,59,51,47,4,92.16,5.4,-3.51,14.31,2.754,0.636,11
2026-05,pitcher_strikeouts,OVER,"[-500,-300]",HR≥45/EDG≥0.0/CV≤0.4/μ≥0.5/TP≥50,59,51,47,4,92.16,5.4,-3.51,14.31,2.754,0.636,11
2026-05,pitcher_strikeouts,OVER,"[-500,-300]",HR≥45/EDG≥0.0/CV≤0.4/μ≥0.5/TP≥55,59,51,47,4,92.16,5.4,-3.51,14.31,2.754,0.636,11
2026-05,pitcher_strikeouts,OVER,"[-500,-300]",HR≥45/EDG≥0.0/CV≤0.4/μ≥0.5/TP≥60,59,51,47,4,92.16,5.4,-3.51,14.31,2.754,0.636,11
2026-05,pitcher_strikeouts,OVER,"[-500,-300]",HR≥45/EDG≥0.0/CV≤0.4/μ≥0.5/TP≥65,59,51,47,4,92.16,5.4,-3.51,14.31,2.754,0.636,11
2026-05,pitcher_strikeouts,OVER,"[-500,-300]",HR≥45/EDG≥0.0/CV≤0.4/μ≥1.0/TP≥-,59,51,47,4,92.16,5.4,-3.51,14.31,2.754,0.636,11
2026-05,pitcher_strikeouts,OVER,"[-500,-300]",HR≥45/EDG≥0.0/CV≤0.4/μ≥1.0/TP≥50,59,51,47,4,92.16,5.4,-3.51,14.31,2.754,0.636,11
2026-05,pitcher_strikeouts,OVER,"[-500,-300]",HR≥45/EDG≥0.0/CV≤0.4/μ≥1.0/TP≥55,59,51,47,4,92.16,5.4,-3.51,14.31,2.754,0.636,11
2026-05,pitcher_strikeouts,OVER,"[-500,-300]",HR≥45/EDG≥0.0/CV≤0.4/μ≥1.0/TP≥60,59,51,47,4,92.16,5.4,-3.51,14.31,2.754,0.636,11
2026-05,pitcher_strikeouts,OVER,"[-500,-300]",HR≥45/EDG≥0.0/CV≤0.4/μ≥1.0/TP≥65,59,51,47,4,92.16,5.4,-3.51,14.31,2.754,0.636,11
2026-05,pitcher_strikeouts,OVER,"[-500,-300]",HR≥45/EDG≥5.0/CV≤-/μ≥-/TP≥-,33,30,27,3,90.0,10.61,-3.09,24.32,3.184,0.75,12
2026-05,pitcher_strikeouts,OVER,"[-500,-300]",HR≥45/EDG≥5.0/CV≤-/μ≥-/TP≥50,33,30,27,3,90.0,10.61,-3.09,24.32,3.184,0.75,12
2026-05,pitcher_strikeouts,OVER,"[-500,-300]",HR≥45/EDG≥5.0/CV≤-/μ≥-/TP≥55,33,30,27,3,90.0,10.61,-3.09,24.32,3.184,0.75,12
2026-05,pitcher_strikeouts,OVER,"[-500,-300]",HR≥45/EDG≥5.0/CV≤-/μ≥-/TP≥60,33,30,27,3,90.0,10.61,-3.09,24.32,3.184,0.75,12
2026-05,pitcher_strikeouts,OVER,"[-500,-300]",HR≥45/EDG≥5.0/CV≤-/μ≥-/TP≥65,33,30,27,3,90.0,10.61,-3.09,24.32,3.184,0.75,12
2026-05,pitcher_strikeouts,OVER,"[-500,-300]",HR≥45/EDG≥5.0/CV≤-/μ≥0.0/TP≥-,33,30,27,3,90.0,10.61,-3.09,24.32,3.184,0.75,12
2026-05,pitcher_strikeouts,OVER,"[-500,-300]",HR≥45/EDG≥5.0/CV≤-/μ≥0.0/TP≥50,33,30,27,3,90.0,10.61,-3.09,24.32,3.184,0.75,12
2026-05,pitcher_strikeouts,OVER,"[-500,-300]",HR≥45/EDG≥5.0/CV≤-/μ≥0.0/TP≥55,33,30,27,3,90.0,10.61,-3.09,24.32,3.184,0.75,12
2026-05,pitcher_strikeouts,OVER,"[-500,-300]",HR≥45/EDG≥5.0/CV≤-/μ≥0.0/TP≥60,33,30,27,3,90.0,10.61,-3.09,24.32,3.184,0.75,12
2026-05,pitcher_strikeouts,OVER,"[-500,-300]",HR≥45/EDG≥5.0/CV≤-/μ≥0.0/TP≥65,33,30,27,3,90.0,10.61,-3.09,24.32,3.184,0.75,12
2026-05,pitcher_strikeouts,OVER,"[-500,-300]",HR≥45/EDG≥5.0/CV≤-/μ≥0.5/TP≥-,33,30,27,3,90.0,10.61,-3.09,24.32,3.184,0.75,12
2026-05,pitcher_strikeouts,OVER,"[-500,-300]",HR≥45/EDG≥5.0/CV≤-/μ≥0.5/TP≥50,33,30,27,3,90.0,10.61,-3.09,24.32,3.184,0.75,12
2026-05,pitcher_strikeouts,OVER,"[-500,-300]",HR≥45/EDG≥5.0/CV≤-/μ≥0.5/TP≥55,33,30,27,3,90.0,10.61,-3.09,24.32,3.184,0.75,12
2026-05,pitcher_strikeouts,OVER,"[-500,-300]",HR≥45/EDG≥5.0/CV≤-/μ≥0.5/TP≥60,33,30,27,3,90.0,10.61,-3.09,24.32,3.184,0.75,12
2026-05,pitcher_strikeouts,OVER,"[-500,-300]",HR≥45/EDG≥5.0/CV≤-/μ≥0.5/TP≥65,33,30,27,3,90.0,10.61,-3.09,24.32,3.184,0.75,12
2026-05,pitcher_strikeouts,OVER,"[-500,-300]",HR≥45/EDG≥5.0/CV≤-/μ≥1.0/TP≥-,33,30,27,3,90.0,10.61,-3.09,24.32,3.184,0.75,12
2026-05,pitcher_strikeouts,OVER,"[-500,-300]",HR≥45/EDG≥5.0/CV≤-/μ≥1.0/TP≥50,33,30,27,3,90.0,10.61,-3.09,24.32,3.184,0.75,12
2026-05,pitcher_strikeouts,OVER,"[-500,-300]",HR≥45/EDG≥5.0/CV≤-/μ≥1.0/TP≥55,33,30,27,3,90.0,10.61,-3.09,24.32,3.184,0.75,12
2026-05,pitcher_strikeouts,OVER,"[-500,-300]",HR≥45/EDG≥5.0/CV≤-/μ≥1.0/TP≥60,33,30,27,3,90.0,10.61,-3.09,24.32,3.184,0.75,12
2026-05,pitcher_strikeouts,OVER,"[-500,-300]",HR≥45/EDG≥5.0/CV≤-/μ≥1.0/TP≥65,33,30,27,3,90.0,10.61,-3.09,24.32,3.184,0.75,12
2026-05,pitcher_strikeouts,OVER,"[-500,-300]",HR≥45/EDG≥5.0/CV≤0.7/μ≥-/TP≥-,33,30,27,3,90.0,10.61,-3.09,24.32,3.184,0.75,12
2026-05,pitcher_strikeouts,OVER,"[-500,-300]",HR≥45/EDG≥5.0/CV≤0.7/μ≥-/TP≥50,33,30,27,3,90.0,10.61,-3.09,24.32,3.184,0.75,12
2026-05,pitcher_strikeouts,OVER,"[-500,-300]",HR≥45/EDG≥5.0/CV≤0.7/μ≥-/TP≥55,33,30,27,3,90.0,10.61,-3.09,24.32,3.184,0.75,12
2026-05,pitcher_strikeouts,OVER,"[-500,-300]",HR≥45/EDG≥5.0/CV≤0.7/μ≥-/TP≥60,33,30,27,3,90.0,10.61,-3.09,24.32,3.184,0.75,12
2026-05,pitcher_strikeouts,OVER,"[-500,-300]",HR≥45/EDG≥5.0/CV≤0.7/μ≥-/TP≥65,33,30,27,3,90.0,10.61,-3.09,24.32,3.184,0.75,12
2026-05,pitcher_strikeouts,OVER,"[-500,-300]",HR≥45/EDG≥5.0/CV≤0.7/μ≥0.0/TP≥-,33,30,27,3,90.0,10.61,-3.09,24.32,3.184,0.75,12
2026-05,pitcher_strikeouts,OVER,"[-500,-300]",HR≥45/EDG≥5.0/CV≤0.7/μ≥0.0/TP≥50,33,30,27,3,90.0,10.61,-3.09,24.32,3.184,0.75,12
2026-05,pitcher_strikeouts,OVER,"[-500,-300]",HR≥45/EDG≥5.0/CV≤0.7/μ≥0.0/TP≥55,33,30,27,3,90.0,10.61,-3.09,24.32,3.184,0.75,12
2026-05,pitcher_strikeouts,OVER,"[-500,-300]",HR≥45/EDG≥5.0/CV≤0.7/μ≥0.0/TP≥60,33,30,27,3,90.0,10.61,-3.09,24.32,3.184,0.75,12
2026-05,pitcher_strikeouts,OVER,"[-500,-300]",HR≥45/EDG≥5.0/CV≤0.7/μ≥0.0/TP≥65,33,30,27,3,90.0,10.61,-3.09,24.32,3.184,0.75,12
2026-05,pitcher_strikeouts,OVER,"[-500,-300]",HR≥45/EDG≥5.0/CV≤0.7/μ≥0.5/TP≥-,33,30,27,3,90.0,10.61,-3.09,24.32,3.184,0.75,12
2026-05,pitcher_strikeouts,OVER,"[-500,-300]",HR≥45/EDG≥5.0/CV≤0.7/μ≥0.5/TP≥50,33,30,27,3,90.0,10.61,-3.09,24.32,3.184,0.75,12
2026-05,pitcher_strikeouts,OVER,"[-500,-300]",HR≥45/EDG≥5.0/CV≤0.7/μ≥0.5/TP≥55,33,30,27,3,90.0,10.61,-3.09,24.32,3.184,0.75,12
2026-05,pitcher_strikeouts,OVER,"[-500,-300]",HR≥45/EDG≥5.0/CV≤0.7/μ≥0.5/TP≥60,33,30,27,3,90.0,10.61,-3.09,24.32,3.184,0.75,12
2026-05,pitcher_strikeouts,OVER,"[-500,-300]",HR≥45/EDG≥5.0/CV≤0.7/μ≥0.5/TP≥65,33,30,27,3,90.0,10.61,-3.09,24.32,3.184,0.75,12
2026-05,pitcher_strikeouts,OVER,"[-500,-300]",HR≥45/EDG≥5.0/CV≤0.7/μ≥1.0/TP≥-,33,30,27,3,90.0,10.61,-3.09,24.32,3.184,0.75,12
2026-05,pitcher_strikeouts,OVER,"[-500,-300]",HR≥45/EDG≥5.0/CV≤0.7/μ≥1.0/TP≥50,33,30,27,3,90.0,10.61,-3.09,24.32,3.184,0.75,12
2026-05,pitcher_strikeouts,OVER,"[-500,-300]",HR≥45/EDG≥5.0/CV≤0.7/μ≥1.0/TP≥55,33,30,27,3,90.0,10.61,-3.09,24.32,3.184,0.75,12
2026-05,pitcher_strikeouts,OVER,"[-500,-300]",HR≥45/EDG≥5.0/CV≤0.7/μ≥1.0/TP≥60,33,30,27,3,90.0,10.61,-3.09,24.32,3.184,0.75,12
2026-05,pitcher_strikeouts,OVER,"[-500,-300]",HR≥45/EDG≥5.0/CV≤0.7/μ≥1.0/TP≥65,33,30,27,3,90.0,10.61,-3.09,24.32,3.184,0.75,12
2026-05,pitcher_strikeouts,OVER,"[-500,-300]",HR≥50/EDG≥-/CV≤-/μ≥-/TP≥-,603,558,492,66,88.17,-1.04,-4.14,2.05,-5.829,0.571,14
2026-05,pitcher_strikeouts,OVER,"[-500,-300]",HR≥50/EDG≥-/CV≤-/μ≥-/TP≥50,585,545,481,64,88.26,-1.18,-4.29,1.94,-6.41,0.571,14
2026-05,pitcher_strikeouts,OVER,"[-500,-300]",HR≥50/EDG≥-/CV≤-/μ≥-/TP≥55,576,537,474,63,88.27,-1.25,-4.38,1.88,-6.709,0.5,14
2026-05,pitcher_strikeouts,OVER,"[-500,-300]",HR≥50/EDG≥-/CV≤-/μ≥-/TP≥60,557,519,461,58,88.82,-0.8,-3.91,2.32,-4.127,0.571,14
2026-05,pitcher_strikeouts,OVER,"[-500,-300]",HR≥50/EDG≥-/CV≤-/μ≥-/TP≥65,522,488,435,53,89.14,-0.83,-3.99,2.33,-4.051,0.429,14
2026-05,pitcher_strikeouts,OVER,"[-500,-300]",HR≥50/EDG≥-/CV≤-/μ≥0.0/TP≥-,580,541,480,61,88.72,-0.68,-3.75,2.39,-3.686,0.571,14
2026-05,pitcher_strikeouts,OVER,"[-500,-300]",HR≥50/EDG≥-/CV≤-/μ≥0.0/TP≥50,580,541,480,61,88.72,-0.68,-3.75,2.39,-3.686,0.571,14
2026-05,pitcher_strikeouts,OVER,"[-500,-300]",HR≥50/EDG≥-/CV≤-/μ≥0.0/TP≥55,571,533,473,60,88.74,-0.75,-3.84,2.34,-3.984,0.5,14
2026-05,pitcher_strikeouts,OVER,"[-500,-300]",HR≥50/EDG≥-/CV≤-/μ≥0.0/TP≥60,552,515,460,55,89.32,-0.27,-3.34,2.8,-1.403,0.571,14
2026-05,pitcher_strikeouts,OVER,"[-500,-300]",HR≥50/EDG≥-/CV≤-/μ≥0.0/TP≥65,517,484,434,50,89.67,-0.27,-3.38,2.83,-1.326,0.5,14
2026-05,pitcher_strikeouts,OVER,"[-500,-300]",HR≥50/EDG≥-/CV≤-/μ≥0.5/TP≥-,549,512,458,54,89.45,-0.28,-3.34,2.77,-1.457,0.5,14
2026-05,pitcher_strikeouts,OVER,"[-500,-300]",HR≥50/EDG≥-/CV≤-/μ≥0.5/TP≥50,549,512,458,54,89.45,-0.28,-3.34,2.77,-1.457,0.5,14
2026-05,pitcher_strikeouts,OVER,"[-500,-300]",HR≥50/EDG≥-/CV≤-/μ≥0.5/TP≥55,549,512,458,54,89.45,-0.28,-3.34,2.77,-1.457,0.5,14
2026-05,pitcher_strikeouts,OVER,"[-500,-300]",HR≥50/EDG≥-/CV≤-/μ≥0.5/TP≥60,542,506,453,53,89.53,-0.22,-3.28,2.84,-1.109,0.5,14
2026-05,pitcher_strikeouts,OVER,"[-500,-300]",HR≥50/EDG≥-/CV≤-/μ≥0.5/TP≥65,513,480,431,49,89.79,-0.22,-3.33,2.88,-1.08,0.429,14
2026-05,pitcher_strikeouts,OVER,"[-500,-300]",HR≥50/EDG≥-/CV≤-/μ≥1.0/TP≥-,471,443,402,41,90.74,0.41,-2.67,3.5,1.833,0.5,14
2026-05,pitcher_strikeouts,OVER,"[-500,-300]",HR≥50/EDG≥-/CV≤-/μ≥1.0/TP≥50,471,443,402,41,90.74,0.41,-2.67,3.5,1.833,0.5,14
2026-05,pitcher_strikeouts,OVER,"[-500,-300]",HR≥50/EDG≥-/CV≤-/μ≥1.0/TP≥55,471,443,402,41,90.74,0.41,-2.67,3.5,1.833,0.5,14
2026-05,pitcher_strikeouts,OVER,"[-500,-300]",HR≥50/EDG≥-/CV≤-/μ≥1.0/TP≥60,471,443,402,41,90.74,0.41,-2.67,3.5,1.833,0.5,14
2026-05,pitcher_strikeouts,OVER,"[-500,-300]",HR≥50/EDG≥-/CV≤-/μ≥1.0/TP≥65,467,439,398,41,90.66,0.34,-2.76,3.45,1.513,0.5,14
2026-05,pitcher_strikeouts,OVER,"[-500,-300]",HR≥50/EDG≥-/CV≤0.7/μ≥-/TP≥-,560,519,456,63,87.86,-1.42,-4.66,1.82,-7.372,0.5,14
2026-05,pitcher_strikeouts,OVER,"[-500,-300]",HR≥50/EDG≥-/CV≤0.7/μ≥-/TP≥50,545,509,448,61,88.02,-1.41,-4.66,1.84,-7.191,0.5,14
2026-05,pitcher_strikeouts,OVER,"[-500,-300]",HR≥50/EDG≥-/CV≤0.7/μ≥-/TP≥55,538,503,443,60,88.07,-1.44,-4.7,1.82,-7.225,0.429,14
2026-05,pitcher_strikeouts,OVER,"[-500,-300]",HR≥50/EDG≥-/CV≤0.7/μ≥-/TP≥60,519,485,430,55,88.66,-0.96,-4.2,2.29,-4.643,0.5,14
2026-05,pitcher_strikeouts,OVER,"[-500,-300]",HR≥50/EDG≥-/CV≤0.7/μ≥-/TP≥65,487,457,407,50,89.06,-0.96,-4.23,2.32,-4.371,0.5,14
2026-05,pitcher_strikeouts,OVER,"[-500,-300]",HR≥50/EDG≥-/CV≤0.7/μ≥0.0/TP≥-,540,505,447,58,88.51,-0.88,-4.09,2.32,-4.466,0.571,14
2026-05,pitcher_strikeouts,OVER,"[-500,-300]",HR≥50/EDG≥-/CV≤0.7/μ≥0.0/TP≥50,540,505,447,58,88.51,-0.88,-4.09,2.32,-4.466,0.571,14
2026-05,pitcher_strikeouts,OVER,"[-500,-300]",HR≥50/EDG≥-/CV≤0.7/μ≥0.0/TP≥55,533,499,442,57,88.58,-0.9,-4.12,2.31,-4.5,0.429,14
2026-05,pitcher_strikeouts,OVER,"[-500,-300]",HR≥50/EDG≥-/CV≤0.7/μ≥0.0/TP≥60,514,481,429,52,89.19,-0.4,-3.59,2.8,-1.919,0.571,14
2026-05,pitcher_strikeouts,OVER,"[-500,-300]",HR≥50/EDG≥-/CV≤0.7/μ≥0.0/TP≥65,482,453,406,47,89.62,-0.36,-3.58,2.85,-1.647,0.643,14
2026-05,pitcher_strikeouts,OVER,"[-500,-300]",HR≥50/EDG≥-/CV≤0.7/μ≥0.5/TP≥-,511,478,427,51,89.33,-0.41,-3.59,2.77,-1.973,0.5,14
2026-05,pitcher_strikeouts,OVER,"[-500,-300]",HR≥50/EDG≥-/CV≤0.7/μ≥0.5/TP≥50,511,478,427,51,89.33,-0.41,-3.59,2.77,-1.973,0.5,14
2026-05,pitcher_strikeouts,OVER,"[-500,-300]",HR≥50/EDG≥-/CV≤0.7/μ≥0.5/TP≥55,511,478,427,51,89.33,-0.41,-3.59,2.77,-1.973,0.5,14
2026-05,pitcher_strikeouts,OVER,"[-500,-300]",HR≥50/EDG≥-/CV≤0.7/μ≥0.5/TP≥60,504,472,422,50,89.41,-0.34,-3.53,2.85,-1.625,0.571,14
2026-05,pitcher_strikeouts,OVER,"[-500,-300]",HR≥50/EDG≥-/CV≤0.7/μ≥0.5/TP≥65,478,449,403,46,89.76,-0.31,-3.52,2.9,-1.4,0.571,14
2026-05,pitcher_strikeouts,OVER,"[-500,-300]",HR≥50/EDG≥-/CV≤0.7/μ≥1.0/TP≥-,437,413,374,39,90.56,0.15,-3.07,3.37,0.621,0.571,14
2026-05,pitcher_strikeouts,OVER,"[-500,-300]",HR≥50/EDG≥-/CV≤0.7/μ≥1.0/TP≥50,437,413,374,39,90.56,0.15,-3.07,3.37,0.621,0.571,14
2026-05,pitcher_strikeouts,OVER,"[-500,-300]",HR≥50/EDG≥-/CV≤0.7/μ≥1.0/TP≥55,437,413,374,39,90.56,0.15,-3.07,3.37,0.621,0.571,14
2026-05,pitcher_strikeouts,OVER,"[-500,-300]",HR≥50/EDG≥-/CV≤0.7/μ≥1.0/TP≥60,437,413,374,39,90.56,0.15,-3.07,3.37,0.621,0.571,14
2026-05,pitcher_strikeouts,OVER,"[-500,-300]",HR≥50/EDG≥-/CV≤0.7/μ≥1.0/TP≥65,436,412,373,39,90.53,0.12,-3.11,3.35,0.496,0.571,14
2026-05,pitcher_strikeouts,OVER,"[-500,-300]",HR≥50/EDG≥-/CV≤0.6/μ≥-/TP≥-,507,471,416,55,88.32,-0.87,-4.23,2.48,-4.116,0.571,14
2026-05,pitcher_strikeouts,OVER,"[-500,-300]",HR≥50/EDG≥-/CV≤0.6/μ≥-/TP≥50,495,463,409,54,88.34,-1.02,-4.39,2.35,-4.713,0.5,14
2026-05,pitcher_strikeouts,OVER,"[-500,-300]",HR≥50/EDG≥-/CV≤0.6/μ≥-/TP≥55,491,459,406,53,88.45,-0.93,-4.31,2.44,-4.283,0.429,14
2026-05,pitcher_strikeouts,OVER,"[-500,-300]",HR≥50/EDG≥-/CV≤0.6/μ≥-/TP≥60,476,445,396,49,88.99,-0.48,-3.83,2.88,-2.115,0.5,14
2026-05,pitcher_strikeouts,OVER,"[-500,-300]",HR≥50/EDG≥-/CV≤0.6/μ≥-/TP≥65,450,421,377,44,89.55,-0.26,-3.61,3.1,-1.085,0.5,14
2026-05,pitcher_strikeouts,OVER,"[-500,-300]",HR≥50/EDG≥-/CV≤0.6/μ≥0.0/TP≥-,490,459,408,51,88.89,-0.43,-3.75,2.89,-1.988,0.5,14
2026-05,pitcher_strikeouts,OVER,"[-500,-300]",HR≥50/EDG≥-/CV≤0.6/μ≥0.0/TP≥50,490,459,408,51,88.89,-0.43,-3.75,2.89,-1.988,0.5,14
2026-05,pitcher_strikeouts,OVER,"[-500,-300]",HR≥50/EDG≥-/CV≤0.6/μ≥0.0/TP≥55,486,455,405,50,89.01,-0.34,-3.66,2.98,-1.559,0.429,14
2026-05,pitcher_strikeouts,OVER,"[-500,-300]",HR≥50/EDG≥-/CV≤0.6/μ≥0.0/TP≥60,471,441,395,46,89.57,0.14,-3.16,3.43,0.61,0.571,14
2026-05,pitcher_strikeouts,OVER,"[-500,-300]",HR≥50/EDG≥-/CV≤0.6/μ≥0.0/TP≥65,445,417,376,41,90.17,0.39,-2.89,3.68,1.64,0.571,14
2026-05,pitcher_strikeouts,OVER,"[-500,-300]",HR≥50/EDG≥-/CV≤0.6/μ≥0.5/TP≥-,468,437,392,45,89.7,0.1,-3.18,3.38,0.43,0.5,14
2026-05,pitcher_strikeouts,OVER,"[-500,-300]",HR≥50/EDG≥-/CV≤0.6/μ≥0.5/TP≥50,468,437,392,45,89.7,0.1,-3.18,3.38,0.43,0.5,14
2026-05,pitcher_strikeouts,OVER,"[-500,-300]",HR≥50/EDG≥-/CV≤0.6/μ≥0.5/TP≥55,468,437,392,45,89.7,0.1,-3.18,3.38,0.43,0.5,14
2026-05,pitcher_strikeouts,OVER,"[-500,-300]",HR≥50/EDG≥-/CV≤0.6/μ≥0.5/TP≥60,462,432,388,44,89.81,0.21,-3.08,3.49,0.903,0.571,14
2026-05,pitcher_strikeouts,OVER,"[-500,-300]",HR≥50/EDG≥-/CV≤0.6/μ≥0.5/TP≥65,441,413,373,40,90.31,0.46,-2.82,3.74,1.886,0.571,14
2026-05,pitcher_strikeouts,OVER,"[-500,-300]",HR≥50/EDG≥-/CV≤0.6/μ≥1.0/TP≥-,407,383,347,36,90.6,0.28,-3.06,3.62,1.081,0.571,14
2026-05,pitcher_strikeouts,OVER,"[-500,-300]",HR≥50/EDG≥-/CV≤0.6/μ≥1.0/TP≥50,407,383,347,36,90.6,0.28,-3.06,3.62,1.081,0.571,14
2026-05,pitcher_strikeouts,OVER,"[-500,-300]",HR≥50/EDG≥-/CV≤0.6/μ≥1.0/TP≥55,407,383,347,36,90.6,0.28,-3.06,3.62,1.081,0.571,14
2026-05,pitcher_strikeouts,OVER,"[-500,-300]",HR≥50/EDG≥-/CV≤0.6/μ≥1.0/TP≥60,407,383,347,36,90.6,0.28,-3.06,3.62,1.081,0.571,14
2026-05,pitcher_strikeouts,OVER,"[-500,-300]",HR≥50/EDG≥-/CV≤0.6/μ≥1.0/TP≥65,407,383,347,36,90.6,0.28,-3.06,3.62,1.081,0.571,14
2026-05,pitcher_strikeouts,OVER,"[-500,-300]",HR≥50/EDG≥-/CV≤0.5/μ≥-/TP≥-,408,384,340,44,88.54,-0.55,-4.24,3.15,-2.093,0.429,14
2026-05,pitcher_strikeouts,OVER,"[-500,-300]",HR≥50/EDG≥-/CV≤0.5/μ≥-/TP≥50,400,377,334,43,88.59,-0.64,-4.35,3.08,-2.404,0.429,14
2026-05,pitcher_strikeouts,OVER,"[-500,-300]",HR≥50/EDG≥-/CV≤0.5/μ≥-/TP≥55,397,374,331,43,88.5,-0.8,-4.53,2.94,-2.974,0.429,14
2026-05,pitcher_strikeouts,OVER,"[-500,-300]",HR≥50/EDG≥-/CV≤0.5/μ≥-/TP≥60,387,365,325,40,89.04,-0.32,-4.03,3.38,-1.172,0.571,14
2026-05,pitcher_strikeouts,OVER,"[-500,-300]",HR≥50/EDG≥-/CV≤0.5/μ≥-/TP≥65,366,345,310,35,89.86,0.16,-3.51,3.83,0.562,0.571,14
2026-05,pitcher_strikeouts,OVER,"[-500,-300]",HR≥50/EDG≥-/CV≤0.5/μ≥0.0/TP≥-,397,375,334,41,89.07,-0.11,-3.77,3.55,-0.404,0.429,14
2026-05,pitcher_strikeouts,OVER,"[-500,-300]",HR≥50/EDG≥-/CV≤0.5/μ≥0.0/TP≥50,397,375,334,41,89.07,-0.11,-3.77,3.55,-0.404,0.429,14
2026-05,pitcher_strikeouts,OVER,"[-500,-300]",HR≥50/EDG≥-/CV≤0.5/μ≥0.0/TP≥55,394,372,331,41,88.98,-0.26,-3.95,3.42,-0.974,0.429,14
2026-05,pitcher_strikeouts,OVER,"[-500,-300]",HR≥50/EDG≥-/CV≤0.5/μ≥0.0/TP≥60,384,363,325,38,89.53,0.23,-3.42,3.87,0.828,0.571,14
2026-05,pitcher_strikeouts,OVER,"[-500,-300]",HR≥50/EDG≥-/CV≤0.5/μ≥0.0/TP≥65,363,343,310,33,90.38,0.75,-2.85,4.35,2.562,0.643,14
2026-05,pitcher_strikeouts,OVER,"[-500,-300]",HR≥50/EDG≥-/CV≤0.5/μ≥0.5/TP≥-,378,356,320,36,89.89,0.35,-3.27,3.97,1.244,0.571,14
2026-05,pitcher_strikeouts,OVER,"[-500,-300]",HR≥50/EDG≥-/CV≤0.5/μ≥0.5/TP≥50,378,356,320,36,89.89,0.35,-3.27,3.97,1.244,0.571,14
2026-05,pitcher_strikeouts,OVER,"[-500,-300]",HR≥50/EDG≥-/CV≤0.5/μ≥0.5/TP≥55,378,356,320,36,89.89,0.35,-3.27,3.97,1.244,0.571,14
2026-05,pitcher_strikeouts,OVER,"[-500,-300]",HR≥50/EDG≥-/CV≤0.5/μ≥0.5/TP≥60,376,355,319,36,89.86,0.33,-3.29,3.96,1.177,0.571,14
2026-05,pitcher_strikeouts,OVER,"[-500,-300]",HR≥50/EDG≥-/CV≤0.5/μ≥0.5/TP≥65,359,339,307,32,90.56,0.83,-2.76,4.42,2.809,0.571,14
2026-05,pitcher_strikeouts,OVER,"[-500,-300]",HR≥50/EDG≥-/CV≤0.5/μ≥1.0/TP≥-,331,313,284,29,90.73,0.49,-3.2,4.17,1.523,0.571,14
2026-05,pitcher_strikeouts,OVER,"[-500,-300]",HR≥50/EDG≥-/CV≤0.5/μ≥1.0/TP≥50,331,313,284,29,90.73,0.49,-3.2,4.17,1.523,0.571,14
2026-05,pitcher_strikeouts,OVER,"[-500,-300]",HR≥50/EDG≥-/CV≤0.5/μ≥1.0/TP≥55,331,313,284,29,90.73,0.49,-3.2,4.17,1.523,0.571,14
2026-05,pitcher_strikeouts,OVER,"[-500,-300]",HR≥50/EDG≥-/CV≤0.5/μ≥1.0/TP≥60,331,313,284,29,90.73,0.49,-3.2,4.17,1.523,0.571,14
2026-05,pitcher_strikeouts,OVER,"[-500,-300]",HR≥50/EDG≥-/CV≤0.5/μ≥1.0/TP≥65,331,313,284,29,90.73,0.49,-3.2,4.17,1.523,0.571,14
2026-05,pitcher_strikeouts,OVER,"[-500,-300]",HR≥50/EDG≥-/CV≤0.45/μ≥-/TP≥-,326,304,272,32,89.47,0.3,-3.7,4.3,0.907,0.643,14
2026-05,pitcher_strikeouts,OVER,"[-500,-300]",HR≥50/EDG≥-/CV≤0.45/μ≥-/TP≥50,319,298,267,31,89.6,0.3,-3.71,4.31,0.899,0.643,14
2026-05,pitcher_strikeouts,OVER,"[-500,-300]",HR≥50/EDG≥-/CV≤0.45/μ≥-/TP≥55,317,296,265,31,89.53,0.17,-3.87,4.2,0.495,0.643,14
2026-05,pitcher_strikeouts,OVER,"[-500,-300]",HR≥50/EDG≥-/CV≤0.45/μ≥-/TP≥60,313,292,263,29,90.07,0.69,-3.28,4.66,2.007,0.714,14
2026-05,pitcher_strikeouts,OVER,"[-500,-300]",HR≥50/EDG≥-/CV≤0.45/μ≥-/TP≥65,294,274,250,24,91.24,1.5,-2.37,5.36,4.097,0.714,14
2026-05,pitcher_strikeouts,OVER,"[-500,-300]",HR≥50/EDG≥-/CV≤0.45/μ≥0.0/TP≥-,317,297,267,30,89.9,0.64,-3.33,4.61,1.899,0.643,14
2026-05,pitcher_strikeouts,OVER,"[-500,-300]",HR≥50/EDG≥-/CV≤0.45/μ≥0.0/TP≥50,317,297,267,30,89.9,0.64,-3.33,4.61,1.899,0.643,14
2026-05,pitcher_strikeouts,OVER,"[-500,-300]",HR≥50/EDG≥-/CV≤0.45/μ≥0.0/TP≥55,315,295,265,30,89.83,0.51,-3.49,4.5,1.495,0.643,14
2026-05,pitcher_strikeouts,OVER,"[-500,-300]",HR≥50/EDG≥-/CV≤0.45/μ≥0.0/TP≥60,311,291,263,28,90.38,1.03,-2.89,4.96,3.007,0.714,14
2026-05,pitcher_strikeouts,OVER,"[-500,-300]",HR≥50/EDG≥-/CV≤0.45/μ≥0.0/TP≥65,292,273,250,23,91.58,1.87,-1.94,5.68,5.097,0.714,14
2026-05,pitcher_strikeouts,OVER,"[-500,-300]",HR≥50/EDG≥-/CV≤0.45/μ≥0.5/TP≥-,304,284,258,26,90.85,1.28,-2.6,5.15,3.623,0.643,14
2026-05,pitcher_strikeouts,OVER,"[-500,-300]",HR≥50/EDG≥-/CV≤0.45/μ≥0.5/TP≥50,304,284,258,26,90.85,1.28,-2.6,5.15,3.623,0.643,14
2026-05,pitcher_strikeouts,OVER,"[-500,-300]",HR≥50/EDG≥-/CV≤0.45/μ≥0.5/TP≥55,304,284,258,26,90.85,1.28,-2.6,5.15,3.623,0.643,14
2026-05,pitcher_strikeouts,OVER,"[-500,-300]",HR≥50/EDG≥-/CV≤0.45/μ≥0.5/TP≥60,304,284,258,26,90.85,1.28,-2.6,5.15,3.623,0.643,14
2026-05,pitcher_strikeouts,OVER,"[-500,-300]",HR≥50/EDG≥-/CV≤0.45/μ≥0.5/TP≥65,289,270,248,22,91.85,2.08,-1.69,5.85,5.61,0.643,14
2026-05,pitcher_strikeouts,OVER,"[-500,-300]",HR≥50/EDG≥-/CV≤0.45/μ≥1.0/TP≥-,263,246,226,20,91.87,1.39,-2.53,5.3,3.407,0.714,14
2026-05,pitcher_strikeouts,OVER,"[-500,-300]",HR≥50/EDG≥-/CV≤0.45/μ≥1.0/TP≥50,263,246,226,20,91.87,1.39,-2.53,5.3,3.407,0.714,14
2026-05,pitcher_strikeouts,OVER,"[-500,-300]",HR≥50/EDG≥-/CV≤0.45/μ≥1.0/TP≥55,263,246,226,20,91.87,1.39,-2.53,5.3,3.407,0.714,14
2026-05,pitcher_strikeouts,OVER,"[-500,-300]",HR≥50/EDG≥-/CV≤0.45/μ≥1.0/TP≥60,263,246,226,20,91.87,1.39,-2.53,5.3,3.407,0.714,14
2026-05,pitcher_strikeouts,OVER,"[-500,-300]",HR≥50/EDG≥-/CV≤0.45/μ≥1.0/TP≥65,263,246,226,20,91.87,1.39,-2.53,5.3,3.407,0.714,14
2026-05,pitcher_strikeouts,OVER,"[-500,-300]",HR≥50/EDG≥-/CV≤0.4/μ≥-/TP≥-,217,203,181,22,89.16,0.24,-4.73,5.21,0.487,0.714,14
2026-05,pitcher_strikeouts,OVER,"[-500,-300]",HR≥50/EDG≥-/CV≤0.4/μ≥-/TP≥50,212,198,177,21,89.39,0.36,-4.62,5.35,0.714,0.643,14
2026-05,pitcher_strikeouts,OVER,"[-500,-300]",HR≥50/EDG≥-/CV≤0.4/μ≥-/TP≥55,210,196,175,21,89.29,0.16,-4.87,5.19,0.31,0.643,14
2026-05,pitcher_strikeouts,OVER,"[-500,-300]",HR≥50/EDG≥-/CV≤0.4/μ≥-/TP≥60,208,194,174,20,89.69,0.55,-4.42,5.52,1.072,0.571,14
2026-05,pitcher_strikeouts,OVER,"[-500,-300]",HR≥50/EDG≥-/CV≤0.4/μ≥-/TP≥65,194,180,165,15,91.67,1.99,-2.68,6.66,3.575,0.643,14
2026-05,pitcher_strikeouts,OVER,"[-500,-300]",HR≥50/EDG≥-/CV≤0.4/μ≥0.0/TP≥-,210,197,177,20,89.85,0.87,-4.04,5.78,1.714,0.643,14
2026-05,pitcher_strikeouts,OVER,"[-500,-300]",HR≥50/EDG≥-/CV≤0.4/μ≥0.0/TP≥50,210,197,177,20,89.85,0.87,-4.04,5.78,1.714,0.643,14
2026-05,pitcher_strikeouts,OVER,"[-500,-300]",HR≥50/EDG≥-/CV≤0.4/μ≥0.0/TP≥55,208,195,175,20,89.74,0.67,-4.28,5.62,1.31,0.643,14
2026-05,pitcher_strikeouts,OVER,"[-500,-300]",HR≥50/EDG≥-/CV≤0.4/μ≥0.0/TP≥60,206,193,174,19,90.16,1.07,-3.82,5.96,2.072,0.571,14
2026-05,pitcher_strikeouts,OVER,"[-500,-300]",HR≥50/EDG≥-/CV≤0.4/μ≥0.0/TP≥65,192,179,165,14,92.18,2.56,-2.0,7.12,4.575,0.643,14
2026-05,pitcher_strikeouts,OVER,"[-500,-300]",HR≥50/EDG≥-/CV≤0.4/μ≥0.5/TP≥-,199,186,169,17,90.86,1.45,-3.36,6.25,2.688,0.571,14
2026-05,pitcher_strikeouts,OVER,"[-500,-300]",HR≥50/EDG≥-/CV≤0.4/μ≥0.5/TP≥50,199,186,169,17,90.86,1.45,-3.36,6.25,2.688,0.571,14
2026-05,pitcher_strikeouts,OVER,"[-500,-300]",HR≥50/EDG≥-/CV≤0.4/μ≥0.5/TP≥55,199,186,169,17,90.86,1.45,-3.36,6.25,2.688,0.571,14
2026-05,pitcher_strikeouts,OVER,"[-500,-300]",HR≥50/EDG≥-/CV≤0.4/μ≥0.5/TP≥60,199,186,169,17,90.86,1.45,-3.36,6.25,2.688,0.571,14
2026-05,pitcher_strikeouts,OVER,"[-500,-300]",HR≥50/EDG≥-/CV≤0.4/μ≥0.5/TP≥65,189,176,163,13,92.61,2.89,-1.59,7.37,5.089,0.643,14
2026-05,pitcher_strikeouts,OVER,"[-500,-300]",HR≥50/EDG≥-/CV≤0.4/μ≥1.0/TP≥-,169,158,146,12,92.41,1.78,-2.95,6.5,2.808,0.571,14
2026-05,pitcher_strikeouts,OVER,"[-500,-300]",HR≥50/EDG≥-/CV≤0.4/μ≥1.0/TP≥50,169,158,146,12,92.41,1.78,-2.95,6.5,2.808,0.571,14
2026-05,pitcher_strikeouts,OVER,"[-500,-300]",HR≥50/EDG≥-/CV≤0.4/μ≥1.0/TP≥55,169,158,146,12,92.41,1.78,-2.95,6.5,2.808,0.571,14
2026-05,pitcher_strikeouts,OVER,"[-500,-300]",HR≥50/EDG≥-/CV≤0.4/μ≥1.0/TP≥60,169,158,146,12,92.41,1.78,-2.95,6.5,2.808,0.571,14
2026-05,pitcher_strikeouts,OVER,"[-500,-300]",HR≥50/EDG≥-/CV≤0.4/μ≥1.0/TP≥65,169,158,146,12,92.41,1.78,-2.95,6.5,2.808,0.571,14
2026-05,pitcher_strikeouts,OVER,"[-500,-300]",HR≥50/EDG≥-5.0/CV≤-/μ≥-/TP≥-,235,219,203,16,92.69,4.64,0.55,8.73,10.154,0.857,14
2026-05,pitcher_strikeouts,OVER,"[-500,-300]",HR≥50/EDG≥-5.0/CV≤-/μ≥-/TP≥50,235,219,203,16,92.69,4.64,0.55,8.73,10.154,0.857,14
2026-05,pitcher_strikeouts,OVER,"[-500,-300]",HR≥50/EDG≥-5.0/CV≤-/μ≥-/TP≥55,235,219,203,16,92.69,4.64,0.55,8.73,10.154,0.857,14
2026-05,pitcher_strikeouts,OVER,"[-500,-300]",HR≥50/EDG≥-5.0/CV≤-/μ≥-/TP≥60,235,219,203,16,92.69,4.64,0.55,8.73,10.154,0.857,14
2026-05,pitcher_strikeouts,OVER,"[-500,-300]",HR≥50/EDG≥-5.0/CV≤-/μ≥-/TP≥65,235,219,203,16,92.69,4.64,0.55,8.73,10.154,0.857,14
2026-05,pitcher_strikeouts,OVER,"[-500,-300]",HR≥50/EDG≥-5.0/CV≤-/μ≥0.0/TP≥-,235,219,203,16,92.69,4.64,0.55,8.73,10.154,0.857,14
2026-05,pitcher_strikeouts,OVER,"[-500,-300]",HR≥50/EDG≥-5.0/CV≤-/μ≥0.0/TP≥50,235,219,203,16,92.69,4.64,0.55,8.73,10.154,0.857,14
2026-05,pitcher_strikeouts,OVER,"[-500,-300]",HR≥50/EDG≥-5.0/CV≤-/μ≥0.0/TP≥55,235,219,203,16,92.69,4.64,0.55,8.73,10.154,0.857,14
2026-05,pitcher_strikeouts,OVER,"[-500,-300]",HR≥50/EDG≥-5.0/CV≤-/μ≥0.0/TP≥60,235,219,203,16,92.69,4.64,0.55,8.73,10.154,0.857,14
2026-05,pitcher_strikeouts,OVER,"[-500,-300]",HR≥50/EDG≥-5.0/CV≤-/μ≥0.0/TP≥65,235,219,203,16,92.69,4.64,0.55,8.73,10.154,0.857,14
2026-05,pitcher_strikeouts,OVER,"[-500,-300]",HR≥50/EDG≥-5.0/CV≤-/μ≥0.5/TP≥-,235,219,203,16,92.69,4.64,0.55,8.73,10.154,0.857,14
2026-05,pitcher_strikeouts,OVER,"[-500,-300]",HR≥50/EDG≥-5.0/CV≤-/μ≥0.5/TP≥50,235,219,203,16,92.69,4.64,0.55,8.73,10.154,0.857,14
2026-05,pitcher_strikeouts,OVER,"[-500,-300]",HR≥50/EDG≥-5.0/CV≤-/μ≥0.5/TP≥55,235,219,203,16,92.69,4.64,0.55,8.73,10.154,0.857,14
2026-05,pitcher_strikeouts,OVER,"[-500,-300]",HR≥50/EDG≥-5.0/CV≤-/μ≥0.5/TP≥60,235,219,203,16,92.69,4.64,0.55,8.73,10.154,0.857,14
2026-05,pitcher_strikeouts,OVER,"[-500,-300]",HR≥50/EDG≥-5.0/CV≤-/μ≥0.5/TP≥65,235,219,203,16,92.69,4.64,0.55,8.73,10.154,0.857,14
2026-05,pitcher_strikeouts,OVER,"[-500,-300]",HR≥50/EDG≥-5.0/CV≤-/μ≥1.0/TP≥-,232,217,201,16,92.63,4.42,0.3,8.54,9.589,0.786,14
2026-05,pitcher_strikeouts,OVER,"[-500,-300]",HR≥50/EDG≥-5.0/CV≤-/μ≥1.0/TP≥50,232,217,201,16,92.63,4.42,0.3,8.54,9.589,0.786,14
2026-05,pitcher_strikeouts,OVER,"[-500,-300]",HR≥50/EDG≥-5.0/CV≤-/μ≥1.0/TP≥55,232,217,201,16,92.63,4.42,0.3,8.54,9.589,0.786,14
2026-05,pitcher_strikeouts,OVER,"[-500,-300]",HR≥50/EDG≥-5.0/CV≤-/μ≥1.0/TP≥60,232,217,201,16,92.63,4.42,0.3,8.54,9.589,0.786,14
2026-05,pitcher_strikeouts,OVER,"[-500,-300]",HR≥50/EDG≥-5.0/CV≤-/μ≥1.0/TP≥65,232,217,201,16,92.63,4.42,0.3,8.54,9.589,0.786,14
2026-05,pitcher_strikeouts,OVER,"[-500,-300]",HR≥50/EDG≥-5.0/CV≤0.7/μ≥-/TP≥-,225,209,195,14,93.3,5.19,1.16,9.23,10.852,0.857,14
2026-05,pitcher_strikeouts,OVER,"[-500,-300]",HR≥50/EDG≥-5.0/CV≤0.7/μ≥-/TP≥50,225,209,195,14,93.3,5.19,1.16,9.23,10.852,0.857,14
2026-05,pitcher_strikeouts,OVER,"[-500,-300]",HR≥50/EDG≥-5.0/CV≤0.7/μ≥-/TP≥55,225,209,195,14,93.3,5.19,1.16,9.23,10.852,0.857,14
2026-05,pitcher_strikeouts,OVER,"[-500,-300]",HR≥50/EDG≥-5.0/CV≤0.7/μ≥-/TP≥60,225,209,195,14,93.3,5.19,1.16,9.23,10.852,0.857,14
2026-05,pitcher_strikeouts,OVER,"[-500,-300]",HR≥50/EDG≥-5.0/CV≤0.7/μ≥-/TP≥65,225,209,195,14,93.3,5.19,1.16,9.23,10.852,0.857,14
2026-05,pitcher_strikeouts,OVER,"[-500,-300]",HR≥50/EDG≥-5.0/CV≤0.7/μ≥0.0/TP≥-,225,209,195,14,93.3,5.19,1.16,9.23,10.852,0.857,14
2026-05,pitcher_strikeouts,OVER,"[-500,-300]",HR≥50/EDG≥-5.0/CV≤0.7/μ≥0.0/TP≥50,225,209,195,14,93.3,5.19,1.16,9.23,10.852,0.857,14
2026-05,pitcher_strikeouts,OVER,"[-500,-300]",HR≥50/EDG≥-5.0/CV≤0.7/μ≥0.0/TP≥55,225,209,195,14,93.3,5.19,1.16,9.23,10.852,0.857,14
2026-05,pitcher_strikeouts,OVER,"[-500,-300]",HR≥50/EDG≥-5.0/CV≤0.7/μ≥0.0/TP≥60,225,209,195,14,93.3,5.19,1.16,9.23,10.852,0.857,14
2026-05,pitcher_strikeouts,OVER,"[-500,-300]",HR≥50/EDG≥-5.0/CV≤0.7/μ≥0.0/TP≥65,225,209,195,14,93.3,5.19,1.16,9.23,10.852,0.857,14
2026-05,pitcher_strikeouts,OVER,"[-500,-300]",HR≥50/EDG≥-5.0/CV≤0.7/μ≥0.5/TP≥-,225,209,195,14,93.3,5.19,1.16,9.23,10.852,0.857,14
2026-05,pitcher_strikeouts,OVER,"[-500,-300]",HR≥50/EDG≥-5.0/CV≤0.7/μ≥0.5/TP≥50,225,209,195,14,93.3,5.19,1.16,9.23,10.852,0.857,14
2026-05,pitcher_strikeouts,OVER,"[-500,-300]",HR≥50/EDG≥-5.0/CV≤0.7/μ≥0.5/TP≥55,225,209,195,14,93.3,5.19,1.16,9.23,10.852,0.857,14
2026-05,pitcher_strikeouts,OVER,"[-500,-300]",HR≥50/EDG≥-5.0/CV≤0.7/μ≥0.5/TP≥60,225,209,195,14,93.3,5.19,1.16,9.23,10.852,0.857,14
2026-05,pitcher_strikeouts,OVER,"[-500,-300]",HR≥50/EDG≥-5.0/CV≤0.7/μ≥0.5/TP≥65,225,209,195,14,93.3,5.19,1.16,9.23,10.852,0.857,14
2026-05,pitcher_strikeouts,OVER,"[-500,-300]",HR≥50/EDG≥-5.0/CV≤0.7/μ≥1.0/TP≥-,222,207,193,14,93.24,4.97,0.91,9.03,10.288,0.857,14
2026-05,pitcher_strikeouts,OVER,"[-500,-300]",HR≥50/EDG≥-5.0/CV≤0.7/μ≥1.0/TP≥50,222,207,193,14,93.24,4.97,0.91,9.03,10.288,0.857,14
2026-05,pitcher_strikeouts,OVER,"[-500,-300]",HR≥50/EDG≥-5.0/CV≤0.7/μ≥1.0/TP≥55,222,207,193,14,93.24,4.97,0.91,9.03,10.288,0.857,14
2026-05,pitcher_strikeouts,OVER,"[-500,-300]",HR≥50/EDG≥-5.0/CV≤0.7/μ≥1.0/TP≥60,222,207,193,14,93.24,4.97,0.91,9.03,10.288,0.857,14
2026-05,pitcher_strikeouts,OVER,"[-500,-300]",HR≥50/EDG≥-5.0/CV≤0.7/μ≥1.0/TP≥65,222,207,193,14,93.24,4.97,0.91,9.03,10.288,0.857,14
2026-05,pitcher_strikeouts,OVER,"[-500,-300]",HR≥50/EDG≥-5.0/CV≤0.6/μ≥-/TP≥-,220,204,191,13,93.63,5.47,1.47,9.47,11.161,0.786,14
2026-05,pitcher_strikeouts,OVER,"[-500,-300]",HR≥50/EDG≥-5.0/CV≤0.6/μ≥-/TP≥50,220,204,191,13,93.63,5.47,1.47,9.47,11.161,0.786,14
2026-05,pitcher_strikeouts,OVER,"[-500,-300]",HR≥50/EDG≥-5.0/CV≤0.6/μ≥-/TP≥55,220,204,191,13,93.63,5.47,1.47,9.47,11.161,0.786,14
2026-05,pitcher_strikeouts,OVER,"[-500,-300]",HR≥50/EDG≥-5.0/CV≤0.6/μ≥-/TP≥60,220,204,191,13,93.63,5.47,1.47,9.47,11.161,0.786,14
2026-05,pitcher_strikeouts,OVER,"[-500,-300]",HR≥50/EDG≥-5.0/CV≤0.6/μ≥-/TP≥65,220,204,191,13,93.63,5.47,1.47,9.47,11.161,0.786,14
2026-05,pitcher_strikeouts,OVER,"[-500,-300]",HR≥50/EDG≥-5.0/CV≤0.6/μ≥0.0/TP≥-,220,204,191,13,93.63,5.47,1.47,9.47,11.161,0.786,14
2026-05,pitcher_strikeouts,OVER,"[-500,-300]",HR≥50/EDG≥-5.0/CV≤0.6/μ≥0.0/TP≥50,220,204,191,13,93.63,5.47,1.47,9.47,11.161,0.786,14
2026-05,pitcher_strikeouts,OVER,"[-500,-300]",HR≥50/EDG≥-5.0/CV≤0.6/μ≥0.0/TP≥55,220,204,191,13,93.63,5.47,1.47,9.47,11.161,0.786,14
2026-05,pitcher_strikeouts,OVER,"[-500,-300]",HR≥50/EDG≥-5.0/CV≤0.6/μ≥0.0/TP≥60,220,204,191,13,93.63,5.47,1.47,9.47,11.161,0.786,14
2026-05,pitcher_strikeouts,OVER,"[-500,-300]",HR≥50/EDG≥-5.0/CV≤0.6/μ≥0.0/TP≥65,220,204,191,13,93.63,5.47,1.47,9.47,11.161,0.786,14
2026-05,pitcher_strikeouts,OVER,"[-500,-300]",HR≥50/EDG≥-5.0/CV≤0.6/μ≥0.5/TP≥-,220,204,191,13,93.63,5.47,1.47,9.47,11.161,0.786,14
2026-05,pitcher_strikeouts,OVER,"[-500,-300]",HR≥50/EDG≥-5.0/CV≤0.6/μ≥0.5/TP≥50,220,204,191,13,93.63,5.47,1.47,9.47,11.161,0.786,14
2026-05,pitcher_strikeouts,OVER,"[-500,-300]",HR≥50/EDG≥-5.0/CV≤0.6/μ≥0.5/TP≥55,220,204,191,13,93.63,5.47,1.47,9.47,11.161,0.786,14
2026-05,pitcher_strikeouts,OVER,"[-500,-300]",HR≥50/EDG≥-5.0/CV≤0.6/μ≥0.5/TP≥60,220,204,191,13,93.63,5.47,1.47,9.47,11.161,0.786,14
2026-05,pitcher_strikeouts,OVER,"[-500,-300]",HR≥50/EDG≥-5.0/CV≤0.6/μ≥0.5/TP≥65,220,204,191,13,93.63,5.47,1.47,9.47,11.161,0.786,14
2026-05,pitcher_strikeouts,OVER,"[-500,-300]",HR≥50/EDG≥-5.0/CV≤0.6/μ≥1.0/TP≥-,217,202,189,13,93.56,5.25,1.22,9.27,10.596,0.786,14
2026-05,pitcher_strikeouts,OVER,"[-500,-300]",HR≥50/EDG≥-5.0/CV≤0.6/μ≥1.0/TP≥50,217,202,189,13,93.56,5.25,1.22,9.27,10.596,0.786,14
2026-05,pitcher_strikeouts,OVER,"[-500,-300]",HR≥50/EDG≥-5.0/CV≤0.6/μ≥1.0/TP≥55,217,202,189,13,93.56,5.25,1.22,9.27,10.596,0.786,14
2026-05,pitcher_strikeouts,OVER,"[-500,-300]",HR≥50/EDG≥-5.0/CV≤0.6/μ≥1.0/TP≥60,217,202,189,13,93.56,5.25,1.22,9.27,10.596,0.786,14
2026-05,pitcher_strikeouts,OVER,"[-500,-300]",HR≥50/EDG≥-5.0/CV≤0.6/μ≥1.0/TP≥65,217,202,189,13,93.56,5.25,1.22,9.27,10.596,0.786,14
2026-05,pitcher_strikeouts,OVER,"[-500,-300]",HR≥50/EDG≥-5.0/CV≤0.5/μ≥-/TP≥-,190,177,164,13,92.66,4.25,-0.3,8.81,7.53,0.714,14
2026-05,pitcher_strikeouts,OVER,"[-500,-300]",HR≥50/EDG≥-5.0/CV≤0.5/μ≥-/TP≥50,190,177,164,13,92.66,4.25,-0.3,8.81,7.53,0.714,14
2026-05,pitcher_strikeouts,OVER,"[-500,-300]",HR≥50/EDG≥-5.0/CV≤0.5/μ≥-/TP≥55,190,177,164,13,92.66,4.25,-0.3,8.81,7.53,0.714,14
2026-05,pitcher_strikeouts,OVER,"[-500,-300]",HR≥50/EDG≥-5.0/CV≤0.5/μ≥-/TP≥60,190,177,164,13,92.66,4.25,-0.3,8.81,7.53,0.714,14
2026-05,pitcher_strikeouts,OVER,"[-500,-300]",HR≥50/EDG≥-5.0/CV≤0.5/μ≥-/TP≥65,190,177,164,13,92.66,4.25,-0.3,8.81,7.53,0.714,14
2026-05,pitcher_strikeouts,OVER,"[-500,-300]",HR≥50/EDG≥-5.0/CV≤0.5/μ≥0.0/TP≥-,190,177,164,13,92.66,4.25,-0.3,8.81,7.53,0.714,14
2026-05,pitcher_strikeouts,OVER,"[-500,-300]",HR≥50/EDG≥-5.0/CV≤0.5/μ≥0.0/TP≥50,190,177,164,13,92.66,4.25,-0.3,8.81,7.53,0.714,14
2026-05,pitcher_strikeouts,OVER,"[-500,-300]",HR≥50/EDG≥-5.0/CV≤0.5/μ≥0.0/TP≥55,190,177,164,13,92.66,4.25,-0.3,8.81,7.53,0.714,14
2026-05,pitcher_strikeouts,OVER,"[-500,-300]",HR≥50/EDG≥-5.0/CV≤0.5/μ≥0.0/TP≥60,190,177,164,13,92.66,4.25,-0.3,8.81,7.53,0.714,14
2026-05,pitcher_strikeouts,OVER,"[-500,-300]",HR≥50/EDG≥-5.0/CV≤0.5/μ≥0.0/TP≥65,190,177,164,13,92.66,4.25,-0.3,8.81,7.53,0.714,14
2026-05,pitcher_strikeouts,OVER,"[-500,-300]",HR≥50/EDG≥-5.0/CV≤0.5/μ≥0.5/TP≥-,190,177,164,13,92.66,4.25,-0.3,8.81,7.53,0.714,14
2026-05,pitcher_strikeouts,OVER,"[-500,-300]",HR≥50/EDG≥-5.0/CV≤0.5/μ≥0.5/TP≥50,190,177,164,13,92.66,4.25,-0.3,8.81,7.53,0.714,14
2026-05,pitcher_strikeouts,OVER,"[-500,-300]",HR≥50/EDG≥-5.0/CV≤0.5/μ≥0.5/TP≥55,190,177,164,13,92.66,4.25,-0.3,8.81,7.53,0.714,14
2026-05,pitcher_strikeouts,OVER,"[-500,-300]",HR≥50/EDG≥-5.0/CV≤0.5/μ≥0.5/TP≥60,190,177,164,13,92.66,4.25,-0.3,8.81,7.53,0.714,14
2026-05,pitcher_strikeouts,OVER,"[-500,-300]",HR≥50/EDG≥-5.0/CV≤0.5/μ≥0.5/TP≥65,190,177,164,13,92.66,4.25,-0.3,8.81,7.53,0.714,14
2026-05,pitcher_strikeouts,OVER,"[-500,-300]",HR≥50/EDG≥-5.0/CV≤0.5/μ≥1.0/TP≥-,187,175,162,13,92.57,3.98,-0.61,8.57,6.965,0.714,14
2026-05,pitcher_strikeouts,OVER,"[-500,-300]",HR≥50/EDG≥-5.0/CV≤0.5/μ≥1.0/TP≥50,187,175,162,13,92.57,3.98,-0.61,8.57,6.965,0.714,14
2026-05,pitcher_strikeouts,OVER,"[-500,-300]",HR≥50/EDG≥-5.0/CV≤0.5/μ≥1.0/TP≥55,187,175,162,13,92.57,3.98,-0.61,8.57,6.965,0.714,14
2026-05,pitcher_strikeouts,OVER,"[-500,-300]",HR≥50/EDG≥-5.0/CV≤0.5/μ≥1.0/TP≥60,187,175,162,13,92.57,3.98,-0.61,8.57,6.965,0.714,14
2026-05,pitcher_strikeouts,OVER,"[-500,-300]",HR≥50/EDG≥-5.0/CV≤0.5/μ≥1.0/TP≥65,187,175,162,13,92.57,3.98,-0.61,8.57,6.965,0.714,14
2026-05,pitcher_strikeouts,OVER,"[-500,-300]",HR≥50/EDG≥-5.0/CV≤0.45/μ≥-/TP≥-,159,146,138,8,94.52,5.88,1.46,10.29,8.582,0.714,14
2026-05,pitcher_strikeouts,OVER,"[-500,-300]",HR≥50/EDG≥-5.0/CV≤0.45/μ≥-/TP≥50,159,146,138,8,94.52,5.88,1.46,10.29,8.582,0.714,14
2026-05,pitcher_strikeouts,OVER,"[-500,-300]",HR≥50/EDG≥-5.0/CV≤0.45/μ≥-/TP≥55,159,146,138,8,94.52,5.88,1.46,10.29,8.582,0.714,14
2026-05,pitcher_strikeouts,OVER,"[-500,-300]",HR≥50/EDG≥-5.0/CV≤0.45/μ≥-/TP≥60,159,146,138,8,94.52,5.88,1.46,10.29,8.582,0.714,14
2026-05,pitcher_strikeouts,OVER,"[-500,-300]",HR≥50/EDG≥-5.0/CV≤0.45/μ≥-/TP≥65,159,146,138,8,94.52,5.88,1.46,10.29,8.582,0.714,14
2026-05,pitcher_strikeouts,OVER,"[-500,-300]",HR≥50/EDG≥-5.0/CV≤0.45/μ≥0.0/TP≥-,159,146,138,8,94.52,5.88,1.46,10.29,8.582,0.714,14
2026-05,pitcher_strikeouts,OVER,"[-500,-300]",HR≥50/EDG≥-5.0/CV≤0.45/μ≥0.0/TP≥50,159,146,138,8,94.52,5.88,1.46,10.29,8.582,0.714,14
2026-05,pitcher_strikeouts,OVER,"[-500,-300]",HR≥50/EDG≥-5.0/CV≤0.45/μ≥0.0/TP≥55,159,146,138,8,94.52,5.88,1.46,10.29,8.582,0.714,14
2026-05,pitcher_strikeouts,OVER,"[-500,-300]",HR≥50/EDG≥-5.0/CV≤0.45/μ≥0.0/TP≥60,159,146,138,8,94.52,5.88,1.46,10.29,8.582,0.714,14
2026-05,pitcher_strikeouts,OVER,"[-500,-300]",HR≥50/EDG≥-5.0/CV≤0.45/μ≥0.0/TP≥65,159,146,138,8,94.52,5.88,1.46,10.29,8.582,0.714,14
2026-05,pitcher_strikeouts,OVER,"[-500,-300]",HR≥50/EDG≥-5.0/CV≤0.45/μ≥0.5/TP≥-,159,146,138,8,94.52,5.88,1.46,10.29,8.582,0.714,14
2026-05,pitcher_strikeouts,OVER,"[-500,-300]",HR≥50/EDG≥-5.0/CV≤0.45/μ≥0.5/TP≥50,159,146,138,8,94.52,5.88,1.46,10.29,8.582,0.714,14
2026-05,pitcher_strikeouts,OVER,"[-500,-300]",HR≥50/EDG≥-5.0/CV≤0.45/μ≥0.5/TP≥55,159,146,138,8,94.52,5.88,1.46,10.29,8.582,0.714,14
2026-05,pitcher_strikeouts,OVER,"[-500,-300]",HR≥50/EDG≥-5.0/CV≤0.45/μ≥0.5/TP≥60,159,146,138,8,94.52,5.88,1.46,10.29,8.582,0.714,14
2026-05,pitcher_strikeouts,OVER,"[-500,-300]",HR≥50/EDG≥-5.0/CV≤0.45/μ≥0.5/TP≥65,159,146,138,8,94.52,5.88,1.46,10.29,8.582,0.714,14
2026-05,pitcher_strikeouts,OVER,"[-500,-300]",HR≥50/EDG≥-5.0/CV≤0.45/μ≥1.0/TP≥-,156,144,136,8,94.44,5.57,1.11,10.02,8.017,0.714,14
2026-05,pitcher_strikeouts,OVER,"[-500,-300]",HR≥50/EDG≥-5.0/CV≤0.45/μ≥1.0/TP≥50,156,144,136,8,94.44,5.57,1.11,10.02,8.017,0.714,14
2026-05,pitcher_strikeouts,OVER,"[-500,-300]",HR≥50/EDG≥-5.0/CV≤0.45/μ≥1.0/TP≥55,156,144,136,8,94.44,5.57,1.11,10.02,8.017,0.714,14
2026-05,pitcher_strikeouts,OVER,"[-500,-300]",HR≥50/EDG≥-5.0/CV≤0.45/μ≥1.0/TP≥60,156,144,136,8,94.44,5.57,1.11,10.02,8.017,0.714,14
2026-05,pitcher_strikeouts,OVER,"[-500,-300]",HR≥50/EDG≥-5.0/CV≤0.45/μ≥1.0/TP≥65,156,144,136,8,94.44,5.57,1.11,10.02,8.017,0.714,14
2026-05,pitcher_strikeouts,OVER,"[-500,-300]",HR≥50/EDG≥-5.0/CV≤0.4/μ≥-/TP≥-,113,102,97,5,95.1,6.11,1.1,11.11,6.228,0.615,13
2026-05,pitcher_strikeouts,OVER,"[-500,-300]",HR≥50/EDG≥-5.0/CV≤0.4/μ≥-/TP≥50,113,102,97,5,95.1,6.11,1.1,11.11,6.228,0.615,13
2026-05,pitcher_strikeouts,OVER,"[-500,-300]",HR≥50/EDG≥-5.0/CV≤0.4/μ≥-/TP≥55,113,102,97,5,95.1,6.11,1.1,11.11,6.228,0.615,13
2026-05,pitcher_strikeouts,OVER,"[-500,-300]",HR≥50/EDG≥-5.0/CV≤0.4/μ≥-/TP≥60,113,102,97,5,95.1,6.11,1.1,11.11,6.228,0.615,13
2026-05,pitcher_strikeouts,OVER,"[-500,-300]",HR≥50/EDG≥-5.0/CV≤0.4/μ≥-/TP≥65,113,102,97,5,95.1,6.11,1.1,11.11,6.228,0.615,13
2026-05,pitcher_strikeouts,OVER,"[-500,-300]",HR≥50/EDG≥-5.0/CV≤0.4/μ≥0.0/TP≥-,113,102,97,5,95.1,6.11,1.1,11.11,6.228,0.615,13
2026-05,pitcher_strikeouts,OVER,"[-500,-300]",HR≥50/EDG≥-5.0/CV≤0.4/μ≥0.0/TP≥50,113,102,97,5,95.1,6.11,1.1,11.11,6.228,0.615,13
2026-05,pitcher_strikeouts,OVER,"[-500,-300]",HR≥50/EDG≥-5.0/CV≤0.4/μ≥0.0/TP≥55,113,102,97,5,95.1,6.11,1.1,11.11,6.228,0.615,13
2026-05,pitcher_strikeouts,OVER,"[-500,-300]",HR≥50/EDG≥-5.0/CV≤0.4/μ≥0.0/TP≥60,113,102,97,5,95.1,6.11,1.1,11.11,6.228,0.615,13
2026-05,pitcher_strikeouts,OVER,"[-500,-300]",HR≥50/EDG≥-5.0/CV≤0.4/μ≥0.0/TP≥65,113,102,97,5,95.1,6.11,1.1,11.11,6.228,0.615,13
2026-05,pitcher_strikeouts,OVER,"[-500,-300]",HR≥50/EDG≥-5.0/CV≤0.4/μ≥0.5/TP≥-,113,102,97,5,95.1,6.11,1.1,11.11,6.228,0.615,13
2026-05,pitcher_strikeouts,OVER,"[-500,-300]",HR≥50/EDG≥-5.0/CV≤0.4/μ≥0.5/TP≥50,113,102,97,5,95.1,6.11,1.1,11.11,6.228,0.615,13
2026-05,pitcher_strikeouts,OVER,"[-500,-300]",HR≥50/EDG≥-5.0/CV≤0.4/μ≥0.5/TP≥55,113,102,97,5,95.1,6.11,1.1,11.11,6.228,0.615,13
2026-05,pitcher_strikeouts,OVER,"[-500,-300]",HR≥50/EDG≥-5.0/CV≤0.4/μ≥0.5/TP≥60,113,102,97,5,95.1,6.11,1.1,11.11,6.228,0.615,13
2026-05,pitcher_strikeouts,OVER,"[-500,-300]",HR≥50/EDG≥-5.0/CV≤0.4/μ≥0.5/TP≥65,113,102,97,5,95.1,6.11,1.1,11.11,6.228,0.615,13
2026-05,pitcher_strikeouts,OVER,"[-500,-300]",HR≥50/EDG≥-5.0/CV≤0.4/μ≥1.0/TP≥-,110,100,95,5,95.0,5.66,0.6,10.73,5.664,0.615,13
2026-05,pitcher_strikeouts,OVER,"[-500,-300]",HR≥50/EDG≥-5.0/CV≤0.4/μ≥1.0/TP≥50,110,100,95,5,95.0,5.66,0.6,10.73,5.664,0.615,13
2026-05,pitcher_strikeouts,OVER,"[-500,-300]",HR≥50/EDG≥-5.0/CV≤0.4/μ≥1.0/TP≥55,110,100,95,5,95.0,5.66,0.6,10.73,5.664,0.615,13
2026-05,pitcher_strikeouts,OVER,"[-500,-300]",HR≥50/EDG≥-5.0/CV≤0.4/μ≥1.0/TP≥60,110,100,95,5,95.0,5.66,0.6,10.73,5.664,0.615,13
2026-05,pitcher_strikeouts,OVER,"[-500,-300]",HR≥50/EDG≥-5.0/CV≤0.4/μ≥1.0/TP≥65,110,100,95,5,95.0,5.66,0.6,10.73,5.664,0.615,13
2026-05,pitcher_strikeouts,OVER,"[-500,-300]",HR≥50/EDG≥0.0/CV≤-/μ≥-/TP≥-,110,101,90,11,89.11,3.59,-3.76,10.93,3.622,0.385,13
2026-05,pitcher_strikeouts,OVER,"[-500,-300]",HR≥50/EDG≥0.0/CV≤-/μ≥-/TP≥50,110,101,90,11,89.11,3.59,-3.76,10.93,3.622,0.385,13
2026-05,pitcher_strikeouts,OVER,"[-500,-300]",HR≥50/EDG≥0.0/CV≤-/μ≥-/TP≥55,110,101,90,11,89.11,3.59,-3.76,10.93,3.622,0.385,13
2026-05,pitcher_strikeouts,OVER,"[-500,-300]",HR≥50/EDG≥0.0/CV≤-/μ≥-/TP≥60,110,101,90,11,89.11,3.59,-3.76,10.93,3.622,0.385,13
2026-05,pitcher_strikeouts,OVER,"[-500,-300]",HR≥50/EDG≥0.0/CV≤-/μ≥-/TP≥65,110,101,90,11,89.11,3.59,-3.76,10.93,3.622,0.385,13
2026-05,pitcher_strikeouts,OVER,"[-500,-300]",HR≥50/EDG≥0.0/CV≤-/μ≥0.0/TP≥-,110,101,90,11,89.11,3.59,-3.76,10.93,3.622,0.385,13
2026-05,pitcher_strikeouts,OVER,"[-500,-300]",HR≥50/EDG≥0.0/CV≤-/μ≥0.0/TP≥50,110,101,90,11,89.11,3.59,-3.76,10.93,3.622,0.385,13
2026-05,pitcher_strikeouts,OVER,"[-500,-300]",HR≥50/EDG≥0.0/CV≤-/μ≥0.0/TP≥55,110,101,90,11,89.11,3.59,-3.76,10.93,3.622,0.385,13
2026-05,pitcher_strikeouts,OVER,"[-500,-300]",HR≥50/EDG≥0.0/CV≤-/μ≥0.0/TP≥60,110,101,90,11,89.11,3.59,-3.76,10.93,3.622,0.385,13
2026-05,pitcher_strikeouts,OVER,"[-500,-300]",HR≥50/EDG≥0.0/CV≤-/μ≥0.0/TP≥65,110,101,90,11,89.11,3.59,-3.76,10.93,3.622,0.385,13
2026-05,pitcher_strikeouts,OVER,"[-500,-300]",HR≥50/EDG≥0.0/CV≤-/μ≥0.5/TP≥-,110,101,90,11,89.11,3.59,-3.76,10.93,3.622,0.385,13
2026-05,pitcher_strikeouts,OVER,"[-500,-300]",HR≥50/EDG≥0.0/CV≤-/μ≥0.5/TP≥50,110,101,90,11,89.11,3.59,-3.76,10.93,3.622,0.385,13
2026-05,pitcher_strikeouts,OVER,"[-500,-300]",HR≥50/EDG≥0.0/CV≤-/μ≥0.5/TP≥55,110,101,90,11,89.11,3.59,-3.76,10.93,3.622,0.385,13
2026-05,pitcher_strikeouts,OVER,"[-500,-300]",HR≥50/EDG≥0.0/CV≤-/μ≥0.5/TP≥60,110,101,90,11,89.11,3.59,-3.76,10.93,3.622,0.385,13
2026-05,pitcher_strikeouts,OVER,"[-500,-300]",HR≥50/EDG≥0.0/CV≤-/μ≥0.5/TP≥65,110,101,90,11,89.11,3.59,-3.76,10.93,3.622,0.385,13
2026-05,pitcher_strikeouts,OVER,"[-500,-300]",HR≥50/EDG≥0.0/CV≤-/μ≥1.0/TP≥-,110,101,90,11,89.11,3.59,-3.76,10.93,3.622,0.385,13
2026-05,pitcher_strikeouts,OVER,"[-500,-300]",HR≥50/EDG≥0.0/CV≤-/μ≥1.0/TP≥50,110,101,90,11,89.11,3.59,-3.76,10.93,3.622,0.385,13
2026-05,pitcher_strikeouts,OVER,"[-500,-300]",HR≥50/EDG≥0.0/CV≤-/μ≥1.0/TP≥55,110,101,90,11,89.11,3.59,-3.76,10.93,3.622,0.385,13
2026-05,pitcher_strikeouts,OVER,"[-500,-300]",HR≥50/EDG≥0.0/CV≤-/μ≥1.0/TP≥60,110,101,90,11,89.11,3.59,-3.76,10.93,3.622,0.385,13
2026-05,pitcher_strikeouts,OVER,"[-500,-300]",HR≥50/EDG≥0.0/CV≤-/μ≥1.0/TP≥65,110,101,90,11,89.11,3.59,-3.76,10.93,3.622,0.385,13
2026-05,pitcher_strikeouts,OVER,"[-500,-300]",HR≥50/EDG≥0.0/CV≤0.7/μ≥-/TP≥-,105,96,87,9,90.62,5.28,-1.81,12.38,5.073,0.462,13
2026-05,pitcher_strikeouts,OVER,"[-500,-300]",HR≥50/EDG≥0.0/CV≤0.7/μ≥-/TP≥50,105,96,87,9,90.62,5.28,-1.81,12.38,5.073,0.462,13
2026-05,pitcher_strikeouts,OVER,"[-500,-300]",HR≥50/EDG≥0.0/CV≤0.7/μ≥-/TP≥55,105,96,87,9,90.62,5.28,-1.81,12.38,5.073,0.462,13
2026-05,pitcher_strikeouts,OVER,"[-500,-300]",HR≥50/EDG≥0.0/CV≤0.7/μ≥-/TP≥60,105,96,87,9,90.62,5.28,-1.81,12.38,5.073,0.462,13
2026-05,pitcher_strikeouts,OVER,"[-500,-300]",HR≥50/EDG≥0.0/CV≤0.7/μ≥-/TP≥65,105,96,87,9,90.62,5.28,-1.81,12.38,5.073,0.462,13
2026-05,pitcher_strikeouts,OVER,"[-500,-300]",HR≥50/EDG≥0.0/CV≤0.7/μ≥0.0/TP≥-,105,96,87,9,90.62,5.28,-1.81,12.38,5.073,0.462,13
2026-05,pitcher_strikeouts,OVER,"[-500,-300]",HR≥50/EDG≥0.0/CV≤0.7/μ≥0.0/TP≥50,105,96,87,9,90.62,5.28,-1.81,12.38,5.073,0.462,13
2026-05,pitcher_strikeouts,OVER,"[-500,-300]",HR≥50/EDG≥0.0/CV≤0.7/μ≥0.0/TP≥55,105,96,87,9,90.62,5.28,-1.81,12.38,5.073,0.462,13
2026-05,pitcher_strikeouts,OVER,"[-500,-300]",HR≥50/EDG≥0.0/CV≤0.7/μ≥0.0/TP≥60,105,96,87,9,90.62,5.28,-1.81,12.38,5.073,0.462,13
2026-05,pitcher_strikeouts,OVER,"[-500,-300]",HR≥50/EDG≥0.0/CV≤0.7/μ≥0.0/TP≥65,105,96,87,9,90.62,5.28,-1.81,12.38,5.073,0.462,13
2026-05,pitcher_strikeouts,OVER,"[-500,-300]",HR≥50/EDG≥0.0/CV≤0.7/μ≥0.5/TP≥-,105,96,87,9,90.62,5.28,-1.81,12.38,5.073,0.462,13
2026-05,pitcher_strikeouts,OVER,"[-500,-300]",HR≥50/EDG≥0.0/CV≤0.7/μ≥0.5/TP≥50,105,96,87,9,90.62,5.28,-1.81,12.38,5.073,0.462,13
2026-05,pitcher_strikeouts,OVER,"[-500,-300]",HR≥50/EDG≥0.0/CV≤0.7/μ≥0.5/TP≥55,105,96,87,9,90.62,5.28,-1.81,12.38,5.073,0.462,13
2026-05,pitcher_strikeouts,OVER,"[-500,-300]",HR≥50/EDG≥0.0/CV≤0.7/μ≥0.5/TP≥60,105,96,87,9,90.62,5.28,-1.81,12.38,5.073,0.462,13
2026-05,pitcher_strikeouts,OVER,"[-500,-300]",HR≥50/EDG≥0.0/CV≤0.7/μ≥0.5/TP≥65,105,96,87,9,90.62,5.28,-1.81,12.38,5.073,0.462,13
2026-05,pitcher_strikeouts,OVER,"[-500,-300]",HR≥50/EDG≥0.0/CV≤0.7/μ≥1.0/TP≥-,105,96,87,9,90.62,5.28,-1.81,12.38,5.073,0.462,13
2026-05,pitcher_strikeouts,OVER,"[-500,-300]",HR≥50/EDG≥0.0/CV≤0.7/μ≥1.0/TP≥50,105,96,87,9,90.62,5.28,-1.81,12.38,5.073,0.462,13
2026-05,pitcher_strikeouts,OVER,"[-500,-300]",HR≥50/EDG≥0.0/CV≤0.7/μ≥1.0/TP≥55,105,96,87,9,90.62,5.28,-1.81,12.38,5.073,0.462,13
2026-05,pitcher_strikeouts,OVER,"[-500,-300]",HR≥50/EDG≥0.0/CV≤0.7/μ≥1.0/TP≥60,105,96,87,9,90.62,5.28,-1.81,12.38,5.073,0.462,13
2026-05,pitcher_strikeouts,OVER,"[-500,-300]",HR≥50/EDG≥0.0/CV≤0.7/μ≥1.0/TP≥65,105,96,87,9,90.62,5.28,-1.81,12.38,5.073,0.462,13
2026-05,pitcher_strikeouts,OVER,"[-500,-300]",HR≥50/EDG≥0.0/CV≤0.6/μ≥-/TP≥-,103,94,86,8,91.49,6.35,-0.54,13.25,5.973,0.538,13
2026-05,pitcher_strikeouts,OVER,"[-500,-300]",HR≥50/EDG≥0.0/CV≤0.6/μ≥-/TP≥50,103,94,86,8,91.49,6.35,-0.54,13.25,5.973,0.538,13
2026-05,pitcher_strikeouts,OVER,"[-500,-300]",HR≥50/EDG≥0.0/CV≤0.6/μ≥-/TP≥55,103,94,86,8,91.49,6.35,-0.54,13.25,5.973,0.538,13
2026-05,pitcher_strikeouts,OVER,"[-500,-300]",HR≥50/EDG≥0.0/CV≤0.6/μ≥-/TP≥60,103,94,86,8,91.49,6.35,-0.54,13.25,5.973,0.538,13
2026-05,pitcher_strikeouts,OVER,"[-500,-300]",HR≥50/EDG≥0.0/CV≤0.6/μ≥-/TP≥65,103,94,86,8,91.49,6.35,-0.54,13.25,5.973,0.538,13
2026-05,pitcher_strikeouts,OVER,"[-500,-300]",HR≥50/EDG≥0.0/CV≤0.6/μ≥0.0/TP≥-,103,94,86,8,91.49,6.35,-0.54,13.25,5.973,0.538,13
2026-05,pitcher_strikeouts,OVER,"[-500,-300]",HR≥50/EDG≥0.0/CV≤0.6/μ≥0.0/TP≥50,103,94,86,8,91.49,6.35,-0.54,13.25,5.973,0.538,13
2026-05,pitcher_strikeouts,OVER,"[-500,-300]",HR≥50/EDG≥0.0/CV≤0.6/μ≥0.0/TP≥55,103,94,86,8,91.49,6.35,-0.54,13.25,5.973,0.538,13
2026-05,pitcher_strikeouts,OVER,"[-500,-300]",HR≥50/EDG≥0.0/CV≤0.6/μ≥0.0/TP≥60,103,94,86,8,91.49,6.35,-0.54,13.25,5.973,0.538,13
2026-05,pitcher_strikeouts,OVER,"[-500,-300]",HR≥50/EDG≥0.0/CV≤0.6/μ≥0.0/TP≥65,103,94,86,8,91.49,6.35,-0.54,13.25,5.973,0.538,13
2026-05,pitcher_strikeouts,OVER,"[-500,-300]",HR≥50/EDG≥0.0/CV≤0.6/μ≥0.5/TP≥-,103,94,86,8,91.49,6.35,-0.54,13.25,5.973,0.538,13
2026-05,pitcher_strikeouts,OVER,"[-500,-300]",HR≥50/EDG≥0.0/CV≤0.6/μ≥0.5/TP≥50,103,94,86,8,91.49,6.35,-0.54,13.25,5.973,0.538,13
2026-05,pitcher_strikeouts,OVER,"[-500,-300]",HR≥50/EDG≥0.0/CV≤0.6/μ≥0.5/TP≥55,103,94,86,8,91.49,6.35,-0.54,13.25,5.973,0.538,13
2026-05,pitcher_strikeouts,OVER,"[-500,-300]",HR≥50/EDG≥0.0/CV≤0.6/μ≥0.5/TP≥60,103,94,86,8,91.49,6.35,-0.54,13.25,5.973,0.538,13
2026-05,pitcher_strikeouts,OVER,"[-500,-300]",HR≥50/EDG≥0.0/CV≤0.6/μ≥0.5/TP≥65,103,94,86,8,91.49,6.35,-0.54,13.25,5.973,0.538,13
2026-05,pitcher_strikeouts,OVER,"[-500,-300]",HR≥50/EDG≥0.0/CV≤0.6/μ≥1.0/TP≥-,103,94,86,8,91.49,6.35,-0.54,13.25,5.973,0.538,13
2026-05,pitcher_strikeouts,OVER,"[-500,-300]",HR≥50/EDG≥0.0/CV≤0.6/μ≥1.0/TP≥50,103,94,86,8,91.49,6.35,-0.54,13.25,5.973,0.538,13
2026-05,pitcher_strikeouts,OVER,"[-500,-300]",HR≥50/EDG≥0.0/CV≤0.6/μ≥1.0/TP≥55,103,94,86,8,91.49,6.35,-0.54,13.25,5.973,0.538,13
2026-05,pitcher_strikeouts,OVER,"[-500,-300]",HR≥50/EDG≥0.0/CV≤0.6/μ≥1.0/TP≥60,103,94,86,8,91.49,6.35,-0.54,13.25,5.973,0.538,13
2026-05,pitcher_strikeouts,OVER,"[-500,-300]",HR≥50/EDG≥0.0/CV≤0.6/μ≥1.0/TP≥65,103,94,86,8,91.49,6.35,-0.54,13.25,5.973,0.538,13
2026-05,pitcher_strikeouts,OVER,"[-500,-300]",HR≥50/EDG≥0.0/CV≤0.5/μ≥-/TP≥-,96,87,79,8,90.8,5.08,-2.29,12.46,4.424,0.538,13
2026-05,pitcher_strikeouts,OVER,"[-500,-300]",HR≥50/EDG≥0.0/CV≤0.5/μ≥-/TP≥50,96,87,79,8,90.8,5.08,-2.29,12.46,4.424,0.538,13
2026-05,pitcher_strikeouts,OVER,"[-500,-300]",HR≥50/EDG≥0.0/CV≤0.5/μ≥-/TP≥55,96,87,79,8,90.8,5.08,-2.29,12.46,4.424,0.538,13
2026-05,pitcher_strikeouts,OVER,"[-500,-300]",HR≥50/EDG≥0.0/CV≤0.5/μ≥-/TP≥60,96,87,79,8,90.8,5.08,-2.29,12.46,4.424,0.538,13
2026-05,pitcher_strikeouts,OVER,"[-500,-300]",HR≥50/EDG≥0.0/CV≤0.5/μ≥-/TP≥65,96,87,79,8,90.8,5.08,-2.29,12.46,4.424,0.538,13
2026-05,pitcher_strikeouts,OVER,"[-500,-300]",HR≥50/EDG≥0.0/CV≤0.5/μ≥0.0/TP≥-,96,87,79,8,90.8,5.08,-2.29,12.46,4.424,0.538,13
2026-05,pitcher_strikeouts,OVER,"[-500,-300]",HR≥50/EDG≥0.0/CV≤0.5/μ≥0.0/TP≥50,96,87,79,8,90.8,5.08,-2.29,12.46,4.424,0.538,13
2026-05,pitcher_strikeouts,OVER,"[-500,-300]",HR≥50/EDG≥0.0/CV≤0.5/μ≥0.0/TP≥55,96,87,79,8,90.8,5.08,-2.29,12.46,4.424,0.538,13
2026-05,pitcher_strikeouts,OVER,"[-500,-300]",HR≥50/EDG≥0.0/CV≤0.5/μ≥0.0/TP≥60,96,87,79,8,90.8,5.08,-2.29,12.46,4.424,0.538,13
2026-05,pitcher_strikeouts,OVER,"[-500,-300]",HR≥50/EDG≥0.0/CV≤0.5/μ≥0.0/TP≥65,96,87,79,8,90.8,5.08,-2.29,12.46,4.424,0.538,13
2026-05,pitcher_strikeouts,OVER,"[-500,-300]",HR≥50/EDG≥0.0/CV≤0.5/μ≥0.5/TP≥-,96,87,79,8,90.8,5.08,-2.29,12.46,4.424,0.538,13
2026-05,pitcher_strikeouts,OVER,"[-500,-300]",HR≥50/EDG≥0.0/CV≤0.5/μ≥0.5/TP≥50,96,87,79,8,90.8,5.08,-2.29,12.46,4.424,0.538,13
2026-05,pitcher_strikeouts,OVER,"[-500,-300]",HR≥50/EDG≥0.0/CV≤0.5/μ≥0.5/TP≥55,96,87,79,8,90.8,5.08,-2.29,12.46,4.424,0.538,13
2026-05,pitcher_strikeouts,OVER,"[-500,-300]",HR≥50/EDG≥0.0/CV≤0.5/μ≥0.5/TP≥60,96,87,79,8,90.8,5.08,-2.29,12.46,4.424,0.538,13
2026-05,pitcher_strikeouts,OVER,"[-500,-300]",HR≥50/EDG≥0.0/CV≤0.5/μ≥0.5/TP≥65,96,87,79,8,90.8,5.08,-2.29,12.46,4.424,0.538,13
2026-05,pitcher_strikeouts,OVER,"[-500,-300]",HR≥50/EDG≥0.0/CV≤0.5/μ≥1.0/TP≥-,96,87,79,8,90.8,5.08,-2.29,12.46,4.424,0.538,13
2026-05,pitcher_strikeouts,OVER,"[-500,-300]",HR≥50/EDG≥0.0/CV≤0.5/μ≥1.0/TP≥50,96,87,79,8,90.8,5.08,-2.29,12.46,4.424,0.538,13
2026-05,pitcher_strikeouts,OVER,"[-500,-300]",HR≥50/EDG≥0.0/CV≤0.5/μ≥1.0/TP≥55,96,87,79,8,90.8,5.08,-2.29,12.46,4.424,0.538,13
2026-05,pitcher_strikeouts,OVER,"[-500,-300]",HR≥50/EDG≥0.0/CV≤0.5/μ≥1.0/TP≥60,96,87,79,8,90.8,5.08,-2.29,12.46,4.424,0.538,13
2026-05,pitcher_strikeouts,OVER,"[-500,-300]",HR≥50/EDG≥0.0/CV≤0.5/μ≥1.0/TP≥65,96,87,79,8,90.8,5.08,-2.29,12.46,4.424,0.538,13
2026-05,pitcher_strikeouts,OVER,"[-500,-300]",HR≥50/EDG≥0.0/CV≤0.45/μ≥-/TP≥-,80,71,65,6,91.55,5.79,-2.09,13.67,4.109,0.615,13
2026-05,pitcher_strikeouts,OVER,"[-500,-300]",HR≥50/EDG≥0.0/CV≤0.45/μ≥-/TP≥50,80,71,65,6,91.55,5.79,-2.09,13.67,4.109,0.615,13
2026-05,pitcher_strikeouts,OVER,"[-500,-300]",HR≥50/EDG≥0.0/CV≤0.45/μ≥-/TP≥55,80,71,65,6,91.55,5.79,-2.09,13.67,4.109,0.615,13
2026-05,pitcher_strikeouts,OVER,"[-500,-300]",HR≥50/EDG≥0.0/CV≤0.45/μ≥-/TP≥60,80,71,65,6,91.55,5.79,-2.09,13.67,4.109,0.615,13
2026-05,pitcher_strikeouts,OVER,"[-500,-300]",HR≥50/EDG≥0.0/CV≤0.45/μ≥-/TP≥65,80,71,65,6,91.55,5.79,-2.09,13.67,4.109,0.615,13
2026-05,pitcher_strikeouts,OVER,"[-500,-300]",HR≥50/EDG≥0.0/CV≤0.45/μ≥0.0/TP≥-,80,71,65,6,91.55,5.79,-2.09,13.67,4.109,0.615,13
2026-05,pitcher_strikeouts,OVER,"[-500,-300]",HR≥50/EDG≥0.0/CV≤0.45/μ≥0.0/TP≥50,80,71,65,6,91.55,5.79,-2.09,13.67,4.109,0.615,13
2026-05,pitcher_strikeouts,OVER,"[-500,-300]",HR≥50/EDG≥0.0/CV≤0.45/μ≥0.0/TP≥55,80,71,65,6,91.55,5.79,-2.09,13.67,4.109,0.615,13
2026-05,pitcher_strikeouts,OVER,"[-500,-300]",HR≥50/EDG≥0.0/CV≤0.45/μ≥0.0/TP≥60,80,71,65,6,91.55,5.79,-2.09,13.67,4.109,0.615,13
2026-05,pitcher_strikeouts,OVER,"[-500,-300]",HR≥50/EDG≥0.0/CV≤0.45/μ≥0.0/TP≥65,80,71,65,6,91.55,5.79,-2.09,13.67,4.109,0.615,13
2026-05,pitcher_strikeouts,OVER,"[-500,-300]",HR≥50/EDG≥0.0/CV≤0.45/μ≥0.5/TP≥-,80,71,65,6,91.55,5.79,-2.09,13.67,4.109,0.615,13
2026-05,pitcher_strikeouts,OVER,"[-500,-300]",HR≥50/EDG≥0.0/CV≤0.45/μ≥0.5/TP≥50,80,71,65,6,91.55,5.79,-2.09,13.67,4.109,0.615,13
2026-05,pitcher_strikeouts,OVER,"[-500,-300]",HR≥50/EDG≥0.0/CV≤0.45/μ≥0.5/TP≥55,80,71,65,6,91.55,5.79,-2.09,13.67,4.109,0.615,13
2026-05,pitcher_strikeouts,OVER,"[-500,-300]",HR≥50/EDG≥0.0/CV≤0.45/μ≥0.5/TP≥60,80,71,65,6,91.55,5.79,-2.09,13.67,4.109,0.615,13
2026-05,pitcher_strikeouts,OVER,"[-500,-300]",HR≥50/EDG≥0.0/CV≤0.45/μ≥0.5/TP≥65,80,71,65,6,91.55,5.79,-2.09,13.67,4.109,0.615,13
2026-05,pitcher_strikeouts,OVER,"[-500,-300]",HR≥50/EDG≥0.0/CV≤0.45/μ≥1.0/TP≥-,80,71,65,6,91.55,5.79,-2.09,13.67,4.109,0.615,13
2026-05,pitcher_strikeouts,OVER,"[-500,-300]",HR≥50/EDG≥0.0/CV≤0.45/μ≥1.0/TP≥50,80,71,65,6,91.55,5.79,-2.09,13.67,4.109,0.615,13
2026-05,pitcher_strikeouts,OVER,"[-500,-300]",HR≥50/EDG≥0.0/CV≤0.45/μ≥1.0/TP≥55,80,71,65,6,91.55,5.79,-2.09,13.67,4.109,0.615,13
2026-05,pitcher_strikeouts,OVER,"[-500,-300]",HR≥50/EDG≥0.0/CV≤0.45/μ≥1.0/TP≥60,80,71,65,6,91.55,5.79,-2.09,13.67,4.109,0.615,13
2026-05,pitcher_strikeouts,OVER,"[-500,-300]",HR≥50/EDG≥0.0/CV≤0.45/μ≥1.0/TP≥65,80,71,65,6,91.55,5.79,-2.09,13.67,4.109,0.615,13
2026-05,pitcher_strikeouts,OVER,"[-500,-300]",HR≥50/EDG≥0.0/CV≤0.4/μ≥-/TP≥-,59,51,47,4,92.16,5.4,-3.51,14.31,2.754,0.636,11
2026-05,pitcher_strikeouts,OVER,"[-500,-300]",HR≥50/EDG≥0.0/CV≤0.4/μ≥-/TP≥50,59,51,47,4,92.16,5.4,-3.51,14.31,2.754,0.636,11
2026-05,pitcher_strikeouts,OVER,"[-500,-300]",HR≥50/EDG≥0.0/CV≤0.4/μ≥-/TP≥55,59,51,47,4,92.16,5.4,-3.51,14.31,2.754,0.636,11
2026-05,pitcher_strikeouts,OVER,"[-500,-300]",HR≥50/EDG≥0.0/CV≤0.4/μ≥-/TP≥60,59,51,47,4,92.16,5.4,-3.51,14.31,2.754,0.636,11
2026-05,pitcher_strikeouts,OVER,"[-500,-300]",HR≥50/EDG≥0.0/CV≤0.4/μ≥-/TP≥65,59,51,47,4,92.16,5.4,-3.51,14.31,2.754,0.636,11
2026-05,pitcher_strikeouts,OVER,"[-500,-300]",HR≥50/EDG≥0.0/CV≤0.4/μ≥0.0/TP≥-,59,51,47,4,92.16,5.4,-3.51,14.31,2.754,0.636,11
2026-05,pitcher_strikeouts,OVER,"[-500,-300]",HR≥50/EDG≥0.0/CV≤0.4/μ≥0.0/TP≥50,59,51,47,4,92.16,5.4,-3.51,14.31,2.754,0.636,11
2026-05,pitcher_strikeouts,OVER,"[-500,-300]",HR≥50/EDG≥0.0/CV≤0.4/μ≥0.0/TP≥55,59,51,47,4,92.16,5.4,-3.51,14.31,2.754,0.636,11
2026-05,pitcher_strikeouts,OVER,"[-500,-300]",HR≥50/EDG≥0.0/CV≤0.4/μ≥0.0/TP≥60,59,51,47,4,92.16,5.4,-3.51,14.31,2.754,0.636,11
2026-05,pitcher_strikeouts,OVER,"[-500,-300]",HR≥50/EDG≥0.0/CV≤0.4/μ≥0.0/TP≥65,59,51,47,4,92.16,5.4,-3.51,14.31,2.754,0.636,11
2026-05,pitcher_strikeouts,OVER,"[-500,-300]",HR≥50/EDG≥0.0/CV≤0.4/μ≥0.5/TP≥-,59,51,47,4,92.16,5.4,-3.51,14.31,2.754,0.636,11
2026-05,pitcher_strikeouts,OVER,"[-500,-300]",HR≥50/EDG≥0.0/CV≤0.4/μ≥0.5/TP≥50,59,51,47,4,92.16,5.4,-3.51,14.31,2.754,0.636,11
2026-05,pitcher_strikeouts,OVER,"[-500,-300]",HR≥50/EDG≥0.0/CV≤0.4/μ≥0.5/TP≥55,59,51,47,4,92.16,5.4,-3.51,14.31,2.754,0.636,11
2026-05,pitcher_strikeouts,OVER,"[-500,-300]",HR≥50/EDG≥0.0/CV≤0.4/μ≥0.5/TP≥60,59,51,47,4,92.16,5.4,-3.51,14.31,2.754,0.636,11
2026-05,pitcher_strikeouts,OVER,"[-500,-300]",HR≥50/EDG≥0.0/CV≤0.4/μ≥0.5/TP≥65,59,51,47,4,92.16,5.4,-3.51,14.31,2.754,0.636,11
2026-05,pitcher_strikeouts,OVER,"[-500,-300]",HR≥50/EDG≥0.0/CV≤0.4/μ≥1.0/TP≥-,59,51,47,4,92.16,5.4,-3.51,14.31,2.754,0.636,11
2026-05,pitcher_strikeouts,OVER,"[-500,-300]",HR≥50/EDG≥0.0/CV≤0.4/μ≥1.0/TP≥50,59,51,47,4,92.16,5.4,-3.51,14.31,2.754,0.636,11
2026-05,pitcher_strikeouts,OVER,"[-500,-300]",HR≥50/EDG≥0.0/CV≤0.4/μ≥1.0/TP≥55,59,51,47,4,92.16,5.4,-3.51,14.31,2.754,0.636,11
2026-05,pitcher_strikeouts,OVER,"[-500,-300]",HR≥50/EDG≥0.0/CV≤0.4/μ≥1.0/TP≥60,59,51,47,4,92.16,5.4,-3.51,14.31,2.754,0.636,11
2026-05,pitcher_strikeouts,OVER,"[-500,-300]",HR≥50/EDG≥0.0/CV≤0.4/μ≥1.0/TP≥65,59,51,47,4,92.16,5.4,-3.51,14.31,2.754,0.636,11
2026-05,pitcher_strikeouts,OVER,"[-500,-300]",HR≥50/EDG≥5.0/CV≤-/μ≥-/TP≥-,33,30,27,3,90.0,10.61,-3.09,24.32,3.184,0.75,12
2026-05,pitcher_strikeouts,OVER,"[-500,-300]",HR≥50/EDG≥5.0/CV≤-/μ≥-/TP≥50,33,30,27,3,90.0,10.61,-3.09,24.32,3.184,0.75,12
2026-05,pitcher_strikeouts,OVER,"[-500,-300]",HR≥50/EDG≥5.0/CV≤-/μ≥-/TP≥55,33,30,27,3,90.0,10.61,-3.09,24.32,3.184,0.75,12
2026-05,pitcher_strikeouts,OVER,"[-500,-300]",HR≥50/EDG≥5.0/CV≤-/μ≥-/TP≥60,33,30,27,3,90.0,10.61,-3.09,24.32,3.184,0.75,12
2026-05,pitcher_strikeouts,OVER,"[-500,-300]",HR≥50/EDG≥5.0/CV≤-/μ≥-/TP≥65,33,30,27,3,90.0,10.61,-3.09,24.32,3.184,0.75,12
2026-05,pitcher_strikeouts,OVER,"[-500,-300]",HR≥50/EDG≥5.0/CV≤-/μ≥0.0/TP≥-,33,30,27,3,90.0,10.61,-3.09,24.32,3.184,0.75,12
2026-05,pitcher_strikeouts,OVER,"[-500,-300]",HR≥50/EDG≥5.0/CV≤-/μ≥0.0/TP≥50,33,30,27,3,90.0,10.61,-3.09,24.32,3.184,0.75,12
2026-05,pitcher_strikeouts,OVER,"[-500,-300]",HR≥50/EDG≥5.0/CV≤-/μ≥0.0/TP≥55,33,30,27,3,90.0,10.61,-3.09,24.32,3.184,0.75,12
2026-05,pitcher_strikeouts,OVER,"[-500,-300]",HR≥50/EDG≥5.0/CV≤-/μ≥0.0/TP≥60,33,30,27,3,90.0,10.61,-3.09,24.32,3.184,0.75,12
2026-05,pitcher_strikeouts,OVER,"[-500,-300]",HR≥50/EDG≥5.0/CV≤-/μ≥0.0/TP≥65,33,30,27,3,90.0,10.61,-3.09,24.32,3.184,0.75,12
2026-05,pitcher_strikeouts,OVER,"[-500,-300]",HR≥50/EDG≥5.0/CV≤-/μ≥0.5/TP≥-,33,30,27,3,90.0,10.61,-3.09,24.32,3.184,0.75,12
2026-05,pitcher_strikeouts,OVER,"[-500,-300]",HR≥50/EDG≥5.0/CV≤-/μ≥0.5/TP≥50,33,30,27,3,90.0,10.61,-3.09,24.32,3.184,0.75,12
2026-05,pitcher_strikeouts,OVER,"[-500,-300]",HR≥50/EDG≥5.0/CV≤-/μ≥0.5/TP≥55,33,30,27,3,90.0,10.61,-3.09,24.32,3.184,0.75,12
2026-05,pitcher_strikeouts,OVER,"[-500,-300]",HR≥50/EDG≥5.0/CV≤-/μ≥0.5/TP≥60,33,30,27,3,90.0,10.61,-3.09,24.32,3.184,0.75,12
2026-05,pitcher_strikeouts,OVER,"[-500,-300]",HR≥50/EDG≥5.0/CV≤-/μ≥0.5/TP≥65,33,30,27,3,90.0,10.61,-3.09,24.32,3.184,0.75,12
2026-05,pitcher_strikeouts,OVER,"[-500,-300]",HR≥50/EDG≥5.0/CV≤-/μ≥1.0/TP≥-,33,30,27,3,90.0,10.61,-3.09,24.32,3.184,0.75,12
2026-05,pitcher_strikeouts,OVER,"[-500,-300]",HR≥50/EDG≥5.0/CV≤-/μ≥1.0/TP≥50,33,30,27,3,90.0,10.61,-3.09,24.32,3.184,0.75,12
2026-05,pitcher_strikeouts,OVER,"[-500,-300]",HR≥50/EDG≥5.0/CV≤-/μ≥1.0/TP≥55,33,30,27,3,90.0,10.61,-3.09,24.32,3.184,0.75,12
2026-05,pitcher_strikeouts,OVER,"[-500,-300]",HR≥50/EDG≥5.0/CV≤-/μ≥1.0/TP≥60,33,30,27,3,90.0,10.61,-3.09,24.32,3.184,0.75,12
2026-05,pitcher_strikeouts,OVER,"[-500,-300]",HR≥50/EDG≥5.0/CV≤-/μ≥1.0/TP≥65,33,30,27,3,90.0,10.61,-3.09,24.32,3.184,0.75,12
2026-05,pitcher_strikeouts,OVER,"[-500,-300]",HR≥50/EDG≥5.0/CV≤0.7/μ≥-/TP≥-,33,30,27,3,90.0,10.61,-3.09,24.32,3.184,0.75,12
2026-05,pitcher_strikeouts,OVER,"[-500,-300]",HR≥50/EDG≥5.0/CV≤0.7/μ≥-/TP≥50,33,30,27,3,90.0,10.61,-3.09,24.32,3.184,0.75,12
2026-05,pitcher_strikeouts,OVER,"[-500,-300]",HR≥50/EDG≥5.0/CV≤0.7/μ≥-/TP≥55,33,30,27,3,90.0,10.61,-3.09,24.32,3.184,0.75,12
2026-05,pitcher_strikeouts,OVER,"[-500,-300]",HR≥50/EDG≥5.0/CV≤0.7/μ≥-/TP≥60,33,30,27,3,90.0,10.61,-3.09,24.32,3.184,0.75,12
2026-05,pitcher_strikeouts,OVER,"[-500,-300]",HR≥50/EDG≥5.0/CV≤0.7/μ≥-/TP≥65,33,30,27,3,90.0,10.61,-3.09,24.32,3.184,0.75,12
2026-05,pitcher_strikeouts,OVER,"[-500,-300]",HR≥50/EDG≥5.0/CV≤0.7/μ≥0.0/TP≥-,33,30,27,3,90.0,10.61,-3.09,24.32,3.184,0.75,12
2026-05,pitcher_strikeouts,OVER,"[-500,-300]",HR≥50/EDG≥5.0/CV≤0.7/μ≥0.0/TP≥50,33,30,27,3,90.0,10.61,-3.09,24.32,3.184,0.75,12
2026-05,pitcher_strikeouts,OVER,"[-500,-300]",HR≥50/EDG≥5.0/CV≤0.7/μ≥0.0/TP≥55,33,30,27,3,90.0,10.61,-3.09,24.32,3.184,0.75,12
2026-05,pitcher_strikeouts,OVER,"[-500,-300]",HR≥50/EDG≥5.0/CV≤0.7/μ≥0.0/TP≥60,33,30,27,3,90.0,10.61,-3.09,24.32,3.184,0.75,12
2026-05,pitcher_strikeouts,OVER,"[-500,-300]",HR≥50/EDG≥5.0/CV≤0.7/μ≥0.0/TP≥65,33,30,27,3,90.0,10.61,-3.09,24.32,3.184,0.75,12
2026-05,pitcher_strikeouts,OVER,"[-500,-300]",HR≥50/EDG≥5.0/CV≤0.7/μ≥0.5/TP≥-,33,30,27,3,90.0,10.61,-3.09,24.32,3.184,0.75,12
2026-05,pitcher_strikeouts,OVER,"[-500,-300]",HR≥50/EDG≥5.0/CV≤0.7/μ≥0.5/TP≥50,33,30,27,3,90.0,10.61,-3.09,24.32,3.184,0.75,12
2026-05,pitcher_strikeouts,OVER,"[-500,-300]",HR≥50/EDG≥5.0/CV≤0.7/μ≥0.5/TP≥55,33,30,27,3,90.0,10.61,-3.09,24.32,3.184,0.75,12
2026-05,pitcher_strikeouts,OVER,"[-500,-300]",HR≥50/EDG≥5.0/CV≤0.7/μ≥0.5/TP≥60,33,30,27,3,90.0,10.61,-3.09,24.32,3.184,0.75,12
2026-05,pitcher_strikeouts,OVER,"[-500,-300]",HR≥50/EDG≥5.0/CV≤0.7/μ≥0.5/TP≥65,33,30,27,3,90.0,10.61,-3.09,24.32,3.184,0.75,12
2026-05,pitcher_strikeouts,OVER,"[-500,-300]",HR≥50/EDG≥5.0/CV≤0.7/μ≥1.0/TP≥-,33,30,27,3,90.0,10.61,-3.09,24.32,3.184,0.75,12
2026-05,pitcher_strikeouts,OVER,"[-500,-300]",HR≥50/EDG≥5.0/CV≤0.7/μ≥1.0/TP≥50,33,30,27,3,90.0,10.61,-3.09,24.32,3.184,0.75,12
2026-05,pitcher_strikeouts,OVER,"[-500,-300]",HR≥50/EDG≥5.0/CV≤0.7/μ≥1.0/TP≥55,33,30,27,3,90.0,10.61,-3.09,24.32,3.184,0.75,12
2026-05,pitcher_strikeouts,OVER,"[-500,-300]",HR≥50/EDG≥5.0/CV≤0.7/μ≥1.0/TP≥60,33,30,27,3,90.0,10.61,-3.09,24.32,3.184,0.75,12
2026-05,pitcher_strikeouts,OVER,"[-500,-300]",HR≥50/EDG≥5.0/CV≤0.7/μ≥1.0/TP≥65,33,30,27,3,90.0,10.61,-3.09,24.32,3.184,0.75,12
2026-05,pitcher_strikeouts,OVER,"[-500,-300]",HR≥55/EDG≥-/CV≤-/μ≥-/TP≥-,566,526,466,60,88.59,-1.32,-4.42,1.79,-6.936,0.5,14
2026-05,pitcher_strikeouts,OVER,"[-500,-300]",HR≥55/EDG≥-/CV≤-/μ≥-/TP≥50,556,518,459,59,88.61,-1.42,-4.55,1.7,-7.373,0.5,14
2026-05,pitcher_strikeouts,OVER,"[-500,-300]",HR≥55/EDG≥-/CV≤-/μ≥-/TP≥55,548,511,453,58,88.65,-1.47,-4.6,1.67,-7.505,0.5,14
2026-05,pitcher_strikeouts,OVER,"[-500,-300]",HR≥55/EDG≥-/CV≤-/μ≥-/TP≥60,531,494,441,53,89.27,-0.93,-4.05,2.18,-4.615,0.5,14
2026-05,pitcher_strikeouts,OVER,"[-500,-300]",HR≥55/EDG≥-/CV≤-/μ≥-/TP≥65,499,466,418,48,89.7,-0.77,-3.91,2.37,-3.586,0.429,14
2026-05,pitcher_strikeouts,OVER,"[-500,-300]",HR≥55/EDG≥-/CV≤-/μ≥0.0/TP≥-,553,516,459,57,88.95,-1.04,-4.13,2.05,-5.373,0.5,14
2026-05,pitcher_strikeouts,OVER,"[-500,-300]",HR≥55/EDG≥-/CV≤-/μ≥0.0/TP≥50,553,516,459,57,88.95,-1.04,-4.13,2.05,-5.373,0.5,14
2026-05,pitcher_strikeouts,OVER,"[-500,-300]",HR≥55/EDG≥-/CV≤-/μ≥0.0/TP≥55,545,509,453,56,89.0,-1.08,-4.18,2.02,-5.505,0.5,14
2026-05,pitcher_strikeouts,OVER,"[-500,-300]",HR≥55/EDG≥-/CV≤-/μ≥0.0/TP≥60,528,492,441,51,89.63,-0.53,-3.6,2.54,-2.615,0.5,14
2026-05,pitcher_strikeouts,OVER,"[-500,-300]",HR≥55/EDG≥-/CV≤-/μ≥0.0/TP≥65,496,464,418,46,90.09,-0.34,-3.44,2.75,-1.586,0.5,14
2026-05,pitcher_strikeouts,OVER,"[-500,-300]",HR≥55/EDG≥-/CV≤-/μ≥0.5/TP≥-,524,489,439,50,89.78,-0.55,-3.6,2.51,-2.67,0.5,14
2026-05,pitcher_strikeouts,OVER,"[-500,-300]",HR≥55/EDG≥-/CV≤-/μ≥0.5/TP≥50,524,489,439,50,89.78,-0.55,-3.6,2.51,-2.67,0.5,14
2026-05,pitcher_strikeouts,OVER,"[-500,-300]",HR≥55/EDG≥-/CV≤-/μ≥0.5/TP≥55,524,489,439,50,89.78,-0.55,-3.6,2.51,-2.67,0.5,14
2026-05,pitcher_strikeouts,OVER,"[-500,-300]",HR≥55/EDG≥-/CV≤-/μ≥0.5/TP≥60,518,483,434,49,89.86,-0.48,-3.55,2.58,-2.322,0.429,14
2026-05,pitcher_strikeouts,OVER,"[-500,-300]",HR≥55/EDG≥-/CV≤-/μ≥0.5/TP≥65,492,460,415,45,90.22,-0.29,-3.38,2.79,-1.34,0.429,14
2026-05,pitcher_strikeouts,OVER,"[-500,-300]",HR≥55/EDG≥-/CV≤-/μ≥1.0/TP≥-,450,423,386,37,91.25,0.37,-2.68,3.42,1.573,0.5,14
2026-05,pitcher_strikeouts,OVER,"[-500,-300]",HR≥55/EDG≥-/CV≤-/μ≥1.0/TP≥50,450,423,386,37,91.25,0.37,-2.68,3.42,1.573,0.5,14
2026-05,pitcher_strikeouts,OVER,"[-500,-300]",HR≥55/EDG≥-/CV≤-/μ≥1.0/TP≥55,450,423,386,37,91.25,0.37,-2.68,3.42,1.573,0.5,14
2026-05,pitcher_strikeouts,OVER,"[-500,-300]",HR≥55/EDG≥-/CV≤-/μ≥1.0/TP≥60,450,423,386,37,91.25,0.37,-2.68,3.42,1.573,0.5,14
2026-05,pitcher_strikeouts,OVER,"[-500,-300]",HR≥55/EDG≥-/CV≤-/μ≥1.0/TP≥65,446,419,382,37,91.17,0.3,-2.78,3.38,1.252,0.5,14
2026-05,pitcher_strikeouts,OVER,"[-500,-300]",HR≥55/EDG≥-/CV≤0.7/μ≥-/TP≥-,526,490,433,57,88.37,-1.58,-4.82,1.66,-7.741,0.5,14
2026-05,pitcher_strikeouts,OVER,"[-500,-300]",HR≥55/EDG≥-/CV≤0.7/μ≥-/TP≥50,518,484,428,56,88.43,-1.6,-4.86,1.65,-7.749,0.5,14
2026-05,pitcher_strikeouts,OVER,"[-500,-300]",HR≥55/EDG≥-/CV≤0.7/μ≥-/TP≥55,512,479,424,55,88.52,-1.59,-4.85,1.67,-7.617,0.5,14
2026-05,pitcher_strikeouts,OVER,"[-500,-300]",HR≥55/EDG≥-/CV≤0.7/μ≥-/TP≥60,495,462,412,50,89.18,-1.02,-4.25,2.21,-4.727,0.571,14
2026-05,pitcher_strikeouts,OVER,"[-500,-300]",HR≥55/EDG≥-/CV≤0.7/μ≥-/TP≥65,466,437,392,45,89.7,-0.8,-4.04,2.44,-3.503,0.5,14
2026-05,pitcher_strikeouts,OVER,"[-500,-300]",HR≥55/EDG≥-/CV≤0.7/μ≥0.0/TP≥-,515,482,428,54,88.8,-1.19,-4.41,2.03,-5.749,0.5,14
2026-05,pitcher_strikeouts,OVER,"[-500,-300]",HR≥55/EDG≥-/CV≤0.7/μ≥0.0/TP≥50,515,482,428,54,88.8,-1.19,-4.41,2.03,-5.749,0.5,14
2026-05,pitcher_strikeouts,OVER,"[-500,-300]",HR≥55/EDG≥-/CV≤0.7/μ≥0.0/TP≥55,509,477,424,53,88.89,-1.18,-4.4,2.04,-5.617,0.5,14
2026-05,pitcher_strikeouts,OVER,"[-500,-300]",HR≥55/EDG≥-/CV≤0.7/μ≥0.0/TP≥60,492,460,412,48,89.57,-0.59,-3.78,2.6,-2.727,0.571,14
2026-05,pitcher_strikeouts,OVER,"[-500,-300]",HR≥55/EDG≥-/CV≤0.7/μ≥0.0/TP≥65,463,435,392,43,90.11,-0.35,-3.54,2.85,-1.503,0.571,14
2026-05,pitcher_strikeouts,OVER,"[-500,-300]",HR≥55/EDG≥-/CV≤0.7/μ≥0.5/TP≥-,488,457,410,47,89.72,-0.61,-3.78,2.56,-2.782,0.5,14
2026-05,pitcher_strikeouts,OVER,"[-500,-300]",HR≥55/EDG≥-/CV≤0.7/μ≥0.5/TP≥50,488,457,410,47,89.72,-0.61,-3.78,2.56,-2.782,0.5,14
2026-05,pitcher_strikeouts,OVER,"[-500,-300]",HR≥55/EDG≥-/CV≤0.7/μ≥0.5/TP≥55,488,457,410,47,89.72,-0.61,-3.78,2.56,-2.782,0.5,14
2026-05,pitcher_strikeouts,OVER,"[-500,-300]",HR≥55/EDG≥-/CV≤0.7/μ≥0.5/TP≥60,482,451,405,46,89.8,-0.54,-3.72,2.64,-2.434,0.5,14
2026-05,pitcher_strikeouts,OVER,"[-500,-300]",HR≥55/EDG≥-/CV≤0.7/μ≥0.5/TP≥65,459,431,389,42,90.26,-0.29,-3.47,2.89,-1.257,0.5,14
2026-05,pitcher_strikeouts,OVER,"[-500,-300]",HR≥55/EDG≥-/CV≤0.7/μ≥1.0/TP≥-,418,395,360,35,91.14,0.19,-2.98,3.36,0.765,0.571,14
2026-05,pitcher_strikeouts,OVER,"[-500,-300]",HR≥55/EDG≥-/CV≤0.7/μ≥1.0/TP≥50,418,395,360,35,91.14,0.19,-2.98,3.36,0.765,0.571,14
2026-05,pitcher_strikeouts,OVER,"[-500,-300]",HR≥55/EDG≥-/CV≤0.7/μ≥1.0/TP≥55,418,395,360,35,91.14,0.19,-2.98,3.36,0.765,0.571,14
2026-05,pitcher_strikeouts,OVER,"[-500,-300]",HR≥55/EDG≥-/CV≤0.7/μ≥1.0/TP≥60,418,395,360,35,91.14,0.19,-2.98,3.36,0.765,0.571,14
2026-05,pitcher_strikeouts,OVER,"[-500,-300]",HR≥55/EDG≥-/CV≤0.7/μ≥1.0/TP≥65,417,394,359,35,91.12,0.16,-3.02,3.34,0.64,0.571,14
2026-05,pitcher_strikeouts,OVER,"[-500,-300]",HR≥55/EDG≥-/CV≤0.6/μ≥-/TP≥-,479,447,396,51,88.59,-1.26,-4.63,2.12,-5.622,0.5,14
2026-05,pitcher_strikeouts,OVER,"[-500,-300]",HR≥55/EDG≥-/CV≤0.6/μ≥-/TP≥50,471,441,391,50,88.66,-1.28,-4.66,2.11,-5.63,0.5,14
2026-05,pitcher_strikeouts,OVER,"[-500,-300]",HR≥55/EDG≥-/CV≤0.6/μ≥-/TP≥55,468,438,389,49,88.81,-1.15,-4.53,2.23,-5.034,0.5,14
2026-05,pitcher_strikeouts,OVER,"[-500,-300]",HR≥55/EDG≥-/CV≤0.6/μ≥-/TP≥60,454,424,379,45,89.39,-0.68,-4.03,2.68,-2.865,0.643,14
2026-05,pitcher_strikeouts,OVER,"[-500,-300]",HR≥55/EDG≥-/CV≤0.6/μ≥-/TP≥65,430,402,362,40,90.05,-0.3,-3.64,3.03,-1.216,0.571,14
2026-05,pitcher_strikeouts,OVER,"[-500,-300]",HR≥55/EDG≥-/CV≤0.6/μ≥0.0/TP≥-,468,439,391,48,89.07,-0.83,-4.17,2.52,-3.63,0.5,14
2026-05,pitcher_strikeouts,OVER,"[-500,-300]",HR≥55/EDG≥-/CV≤0.6/μ≥0.0/TP≥50,468,439,391,48,89.07,-0.83,-4.17,2.52,-3.63,0.5,14
2026-05,pitcher_strikeouts,OVER,"[-500,-300]",HR≥55/EDG≥-/CV≤0.6/μ≥0.0/TP≥55,465,436,389,47,89.22,-0.7,-4.03,2.64,-3.034,0.5,14
2026-05,pitcher_strikeouts,OVER,"[-500,-300]",HR≥55/EDG≥-/CV≤0.6/μ≥0.0/TP≥60,451,422,379,43,89.81,-0.21,-3.51,3.1,-0.865,0.643,14
2026-05,pitcher_strikeouts,OVER,"[-500,-300]",HR≥55/EDG≥-/CV≤0.6/μ≥0.0/TP≥65,427,400,362,38,90.5,0.2,-3.08,3.48,0.784,0.643,14
2026-05,pitcher_strikeouts,OVER,"[-500,-300]",HR≥55/EDG≥-/CV≤0.6/μ≥0.5/TP≥-,447,418,376,42,89.95,-0.25,-3.54,3.04,-1.045,0.429,14
2026-05,pitcher_strikeouts,OVER,"[-500,-300]",HR≥55/EDG≥-/CV≤0.6/μ≥0.5/TP≥50,447,418,376,42,89.95,-0.25,-3.54,3.04,-1.045,0.429,14
2026-05,pitcher_strikeouts,OVER,"[-500,-300]",HR≥55/EDG≥-/CV≤0.6/μ≥0.5/TP≥55,447,418,376,42,89.95,-0.25,-3.54,3.04,-1.045,0.429,14
2026-05,pitcher_strikeouts,OVER,"[-500,-300]",HR≥55/EDG≥-/CV≤0.6/μ≥0.5/TP≥60,442,413,372,41,90.07,-0.14,-3.43,3.15,-0.572,0.5,14
2026-05,pitcher_strikeouts,OVER,"[-500,-300]",HR≥55/EDG≥-/CV≤0.6/μ≥0.5/TP≥65,423,396,359,37,90.66,0.26,-3.01,3.53,1.03,0.5,14
2026-05,pitcher_strikeouts,OVER,"[-500,-300]",HR≥55/EDG≥-/CV≤0.6/μ≥1.0/TP≥-,389,366,333,33,90.98,0.06,-3.26,3.38,0.225,0.5,14
2026-05,pitcher_strikeouts,OVER,"[-500,-300]",HR≥55/EDG≥-/CV≤0.6/μ≥1.0/TP≥50,389,366,333,33,90.98,0.06,-3.26,3.38,0.225,0.5,14
2026-05,pitcher_strikeouts,OVER,"[-500,-300]",HR≥55/EDG≥-/CV≤0.6/μ≥1.0/TP≥55,389,366,333,33,90.98,0.06,-3.26,3.38,0.225,0.5,14
2026-05,pitcher_strikeouts,OVER,"[-500,-300]",HR≥55/EDG≥-/CV≤0.6/μ≥1.0/TP≥60,389,366,333,33,90.98,0.06,-3.26,3.38,0.225,0.5,14
2026-05,pitcher_strikeouts,OVER,"[-500,-300]",HR≥55/EDG≥-/CV≤0.6/μ≥1.0/TP≥65,389,366,333,33,90.98,0.06,-3.26,3.38,0.225,0.5,14
2026-05,pitcher_strikeouts,OVER,"[-500,-300]",HR≥55/EDG≥-/CV≤0.5/μ≥-/TP≥-,390,368,325,43,88.32,-1.48,-5.24,2.29,-5.434,0.429,14
2026-05,pitcher_strikeouts,OVER,"[-500,-300]",HR≥55/EDG≥-/CV≤0.5/μ≥-/TP≥50,383,362,320,42,88.4,-1.5,-5.28,2.28,-5.442,0.429,14
2026-05,pitcher_strikeouts,OVER,"[-500,-300]",HR≥55/EDG≥-/CV≤0.5/μ≥-/TP≥55,381,360,318,42,88.33,-1.62,-5.42,2.17,-5.846,0.429,14
2026-05,pitcher_strikeouts,OVER,"[-500,-300]",HR≥55/EDG≥-/CV≤0.5/μ≥-/TP≥60,372,351,312,39,88.89,-1.15,-4.91,2.61,-4.043,0.571,14
2026-05,pitcher_strikeouts,OVER,"[-500,-300]",HR≥55/EDG≥-/CV≤0.5/μ≥-/TP≥65,353,333,299,34,89.79,-0.51,-4.22,3.2,-1.69,0.571,14
2026-05,pitcher_strikeouts,OVER,"[-500,-300]",HR≥55/EDG≥-/CV≤0.5/μ≥0.0/TP≥-,380,360,320,40,88.89,-0.96,-4.68,2.77,-3.442,0.429,14
2026-05,pitcher_strikeouts,OVER,"[-500,-300]",HR≥55/EDG≥-/CV≤0.5/μ≥0.0/TP≥50,380,360,320,40,88.89,-0.96,-4.68,2.77,-3.442,0.429,14
2026-05,pitcher_strikeouts,OVER,"[-500,-300]",HR≥55/EDG≥-/CV≤0.5/μ≥0.0/TP≥55,378,358,318,40,88.83,-1.07,-4.81,2.67,-3.846,0.429,14
2026-05,pitcher_strikeouts,OVER,"[-500,-300]",HR≥55/EDG≥-/CV≤0.5/μ≥0.0/TP≥60,369,349,312,37,89.4,-0.59,-4.29,3.11,-2.043,0.571,14
2026-05,pitcher_strikeouts,OVER,"[-500,-300]",HR≥55/EDG≥-/CV≤0.5/μ≥0.0/TP≥65,350,331,299,32,90.33,0.09,-3.54,3.73,0.31,0.571,14
2026-05,pitcher_strikeouts,OVER,"[-500,-300]",HR≥55/EDG≥-/CV≤0.5/μ≥0.5/TP≥-,362,342,307,35,89.77,-0.48,-4.14,3.19,-1.628,0.5,14
2026-05,pitcher_strikeouts,OVER,"[-500,-300]",HR≥55/EDG≥-/CV≤0.5/μ≥0.5/TP≥50,362,342,307,35,89.77,-0.48,-4.14,3.19,-1.628,0.5,14
2026-05,pitcher_strikeouts,OVER,"[-500,-300]",HR≥55/EDG≥-/CV≤0.5/μ≥0.5/TP≥55,362,342,307,35,89.77,-0.48,-4.14,3.19,-1.628,0.5,14
2026-05,pitcher_strikeouts,OVER,"[-500,-300]",HR≥55/EDG≥-/CV≤0.5/μ≥0.5/TP≥60,361,341,306,35,89.74,-0.5,-4.17,3.18,-1.694,0.5,14
2026-05,pitcher_strikeouts,OVER,"[-500,-300]",HR≥55/EDG≥-/CV≤0.5/μ≥0.5/TP≥65,346,327,296,31,90.52,0.17,-3.45,3.79,0.557,0.5,14
2026-05,pitcher_strikeouts,OVER,"[-500,-300]",HR≥55/EDG≥-/CV≤0.5/μ≥1.0/TP≥-,318,301,273,28,90.7,-0.24,-3.96,3.47,-0.73,0.571,14
2026-05,pitcher_strikeouts,OVER,"[-500,-300]",HR≥55/EDG≥-/CV≤0.5/μ≥1.0/TP≥50,318,301,273,28,90.7,-0.24,-3.96,3.47,-0.73,0.571,14
2026-05,pitcher_strikeouts,OVER,"[-500,-300]",HR≥55/EDG≥-/CV≤0.5/μ≥1.0/TP≥55,318,301,273,28,90.7,-0.24,-3.96,3.47,-0.73,0.571,14
2026-05,pitcher_strikeouts,OVER,"[-500,-300]",HR≥55/EDG≥-/CV≤0.5/μ≥1.0/TP≥60,318,301,273,28,90.7,-0.24,-3.96,3.47,-0.73,0.571,14
2026-05,pitcher_strikeouts,OVER,"[-500,-300]",HR≥55/EDG≥-/CV≤0.5/μ≥1.0/TP≥65,318,301,273,28,90.7,-0.24,-3.96,3.47,-0.73,0.571,14
2026-05,pitcher_strikeouts,OVER,"[-500,-300]",HR≥55/EDG≥-/CV≤0.45/μ≥-/TP≥-,316,295,264,31,89.49,-0.11,-4.14,3.92,-0.323,0.643,14
2026-05,pitcher_strikeouts,OVER,"[-500,-300]",HR≥55/EDG≥-/CV≤0.45/μ≥-/TP≥50,309,289,259,30,89.62,-0.11,-4.16,3.93,-0.331,0.643,14
2026-05,pitcher_strikeouts,OVER,"[-500,-300]",HR≥55/EDG≥-/CV≤0.45/μ≥-/TP≥55,307,287,257,30,89.55,-0.26,-4.32,3.81,-0.735,0.643,14
2026-05,pitcher_strikeouts,OVER,"[-500,-300]",HR≥55/EDG≥-/CV≤0.45/μ≥-/TP≥60,303,283,255,28,90.11,0.27,-3.73,4.27,0.777,0.714,14
2026-05,pitcher_strikeouts,OVER,"[-500,-300]",HR≥55/EDG≥-/CV≤0.45/μ≥-/TP≥65,286,267,244,23,91.39,1.31,-2.56,5.17,3.486,0.714,14
2026-05,pitcher_strikeouts,OVER,"[-500,-300]",HR≥55/EDG≥-/CV≤0.45/μ≥0.0/TP≥-,307,288,259,29,89.93,0.23,-3.77,4.23,0.669,0.643,14
2026-05,pitcher_strikeouts,OVER,"[-500,-300]",HR≥55/EDG≥-/CV≤0.45/μ≥0.0/TP≥50,307,288,259,29,89.93,0.23,-3.77,4.23,0.669,0.643,14
2026-05,pitcher_strikeouts,OVER,"[-500,-300]",HR≥55/EDG≥-/CV≤0.45/μ≥0.0/TP≥55,305,286,257,29,89.86,0.09,-3.93,4.12,0.265,0.643,14
2026-05,pitcher_strikeouts,OVER,"[-500,-300]",HR≥55/EDG≥-/CV≤0.45/μ≥0.0/TP≥60,301,282,255,27,90.43,0.63,-3.32,4.58,1.777,0.714,14
2026-05,pitcher_strikeouts,OVER,"[-500,-300]",HR≥55/EDG≥-/CV≤0.45/μ≥0.0/TP≥65,284,266,244,22,91.73,1.69,-2.12,5.49,4.486,0.714,14
2026-05,pitcher_strikeouts,OVER,"[-500,-300]",HR≥55/EDG≥-/CV≤0.45/μ≥0.5/TP≥-,294,275,250,25,90.91,0.87,-3.03,4.77,2.393,0.643,14
2026-05,pitcher_strikeouts,OVER,"[-500,-300]",HR≥55/EDG≥-/CV≤0.45/μ≥0.5/TP≥50,294,275,250,25,90.91,0.87,-3.03,4.77,2.393,0.643,14
2026-05,pitcher_strikeouts,OVER,"[-500,-300]",HR≥55/EDG≥-/CV≤0.45/μ≥0.5/TP≥55,294,275,250,25,90.91,0.87,-3.03,4.77,2.393,0.643,14
2026-05,pitcher_strikeouts,OVER,"[-500,-300]",HR≥55/EDG≥-/CV≤0.45/μ≥0.5/TP≥60,294,275,250,25,90.91,0.87,-3.03,4.77,2.393,0.643,14
2026-05,pitcher_strikeouts,OVER,"[-500,-300]",HR≥55/EDG≥-/CV≤0.45/μ≥0.5/TP≥65,281,263,242,21,92.02,1.9,-1.87,5.67,4.999,0.643,14
2026-05,pitcher_strikeouts,OVER,"[-500,-300]",HR≥55/EDG≥-/CV≤0.45/μ≥1.0/TP≥-,255,239,220,19,92.05,1.17,-2.73,5.07,2.796,0.714,14
2026-05,pitcher_strikeouts,OVER,"[-500,-300]",HR≥55/EDG≥-/CV≤0.45/μ≥1.0/TP≥50,255,239,220,19,92.05,1.17,-2.73,5.07,2.796,0.714,14
2026-05,pitcher_strikeouts,OVER,"[-500,-300]",HR≥55/EDG≥-/CV≤0.45/μ≥1.0/TP≥55,255,239,220,19,92.05,1.17,-2.73,5.07,2.796,0.714,14
2026-05,pitcher_strikeouts,OVER,"[-500,-300]",HR≥55/EDG≥-/CV≤0.45/μ≥1.0/TP≥60,255,239,220,19,92.05,1.17,-2.73,5.07,2.796,0.714,14
2026-05,pitcher_strikeouts,OVER,"[-500,-300]",HR≥55/EDG≥-/CV≤0.45/μ≥1.0/TP≥65,255,239,220,19,92.05,1.17,-2.73,5.07,2.796,0.714,14
2026-05,pitcher_strikeouts,OVER,"[-500,-300]",HR≥55/EDG≥-/CV≤0.4/μ≥-/TP≥-,214,200,178,22,89.0,-0.23,-5.25,4.78,-0.465,0.643,14
2026-05,pitcher_strikeouts,OVER,"[-500,-300]",HR≥55/EDG≥-/CV≤0.4/μ≥-/TP≥50,209,195,174,21,89.23,-0.12,-5.15,4.91,-0.238,0.571,14
2026-05,pitcher_strikeouts,OVER,"[-500,-300]",HR≥55/EDG≥-/CV≤0.4/μ≥-/TP≥55,207,193,172,21,89.12,-0.33,-5.41,4.74,-0.642,0.571,14
2026-05,pitcher_strikeouts,OVER,"[-500,-300]",HR≥55/EDG≥-/CV≤0.4/μ≥-/TP≥60,205,191,171,20,89.53,0.06,-4.95,5.08,0.12,0.5,14
2026-05,pitcher_strikeouts,OVER,"[-500,-300]",HR≥55/EDG≥-/CV≤0.4/μ≥-/TP≥65,193,179,164,15,91.62,1.81,-2.87,6.49,3.242,0.643,14
2026-05,pitcher_strikeouts,OVER,"[-500,-300]",HR≥55/EDG≥-/CV≤0.4/μ≥0.0/TP≥-,207,194,174,20,89.69,0.39,-4.56,5.35,0.762,0.571,14
2026-05,pitcher_strikeouts,OVER,"[-500,-300]",HR≥55/EDG≥-/CV≤0.4/μ≥0.0/TP≥50,207,194,174,20,89.69,0.39,-4.56,5.35,0.762,0.571,14
2026-05,pitcher_strikeouts,OVER,"[-500,-300]",HR≥55/EDG≥-/CV≤0.4/μ≥0.0/TP≥55,205,192,172,20,89.58,0.19,-4.81,5.18,0.358,0.571,14
2026-05,pitcher_strikeouts,OVER,"[-500,-300]",HR≥55/EDG≥-/CV≤0.4/μ≥0.0/TP≥60,203,190,171,19,90.0,0.59,-4.35,5.53,1.12,0.5,14
2026-05,pitcher_strikeouts,OVER,"[-500,-300]",HR≥55/EDG≥-/CV≤0.4/μ≥0.0/TP≥65,191,178,164,14,92.13,2.38,-2.19,6.96,4.242,0.643,14
2026-05,pitcher_strikeouts,OVER,"[-500,-300]",HR≥55/EDG≥-/CV≤0.4/μ≥0.5/TP≥-,196,183,166,17,90.71,0.95,-3.9,5.8,1.736,0.571,14
2026-05,pitcher_strikeouts,OVER,"[-500,-300]",HR≥55/EDG≥-/CV≤0.4/μ≥0.5/TP≥50,196,183,166,17,90.71,0.95,-3.9,5.8,1.736,0.571,14
2026-05,pitcher_strikeouts,OVER,"[-500,-300]",HR≥55/EDG≥-/CV≤0.4/μ≥0.5/TP≥55,196,183,166,17,90.71,0.95,-3.9,5.8,1.736,0.571,14
2026-05,pitcher_strikeouts,OVER,"[-500,-300]",HR≥55/EDG≥-/CV≤0.4/μ≥0.5/TP≥60,196,183,166,17,90.71,0.95,-3.9,5.8,1.736,0.571,14
2026-05,pitcher_strikeouts,OVER,"[-500,-300]",HR≥55/EDG≥-/CV≤0.4/μ≥0.5/TP≥65,188,175,162,13,92.57,2.72,-1.78,7.21,4.755,0.643,14
2026-05,pitcher_strikeouts,OVER,"[-500,-300]",HR≥55/EDG≥-/CV≤0.4/μ≥1.0/TP≥-,168,157,145,12,92.36,1.58,-3.16,6.31,2.475,0.571,14
2026-05,pitcher_strikeouts,OVER,"[-500,-300]",HR≥55/EDG≥-/CV≤0.4/μ≥1.0/TP≥50,168,157,145,12,92.36,1.58,-3.16,6.31,2.475,0.571,14
2026-05,pitcher_strikeouts,OVER,"[-500,-300]",HR≥55/EDG≥-/CV≤0.4/μ≥1.0/TP≥55,168,157,145,12,92.36,1.58,-3.16,6.31,2.475,0.571,14
2026-05,pitcher_strikeouts,OVER,"[-500,-300]",HR≥55/EDG≥-/CV≤0.4/μ≥1.0/TP≥60,168,157,145,12,92.36,1.58,-3.16,6.31,2.475,0.571,14
2026-05,pitcher_strikeouts,OVER,"[-500,-300]",HR≥55/EDG≥-/CV≤0.4/μ≥1.0/TP≥65,168,157,145,12,92.36,1.58,-3.16,6.31,2.475,0.571,14
2026-05,pitcher_strikeouts,OVER,"[-500,-300]",HR≥55/EDG≥-5.0/CV≤-/μ≥-/TP≥-,222,207,192,15,92.75,3.83,-0.31,7.96,7.919,0.857,14
2026-05,pitcher_strikeouts,OVER,"[-500,-300]",HR≥55/EDG≥-5.0/CV≤-/μ≥-/TP≥50,222,207,192,15,92.75,3.83,-0.31,7.96,7.919,0.857,14
2026-05,pitcher_strikeouts,OVER,"[-500,-300]",HR≥55/EDG≥-5.0/CV≤-/μ≥-/TP≥55,222,207,192,15,92.75,3.83,-0.31,7.96,7.919,0.857,14
2026-05,pitcher_strikeouts,OVER,"[-500,-300]",HR≥55/EDG≥-5.0/CV≤-/μ≥-/TP≥60,222,207,192,15,92.75,3.83,-0.31,7.96,7.919,0.857,14
2026-05,pitcher_strikeouts,OVER,"[-500,-300]",HR≥55/EDG≥-5.0/CV≤-/μ≥-/TP≥65,222,207,192,15,92.75,3.83,-0.31,7.96,7.919,0.857,14
2026-05,pitcher_strikeouts,OVER,"[-500,-300]",HR≥55/EDG≥-5.0/CV≤-/μ≥0.0/TP≥-,222,207,192,15,92.75,3.83,-0.31,7.96,7.919,0.857,14
2026-05,pitcher_strikeouts,OVER,"[-500,-300]",HR≥55/EDG≥-5.0/CV≤-/μ≥0.0/TP≥50,222,207,192,15,92.75,3.83,-0.31,7.96,7.919,0.857,14
2026-05,pitcher_strikeouts,OVER,"[-500,-300]",HR≥55/EDG≥-5.0/CV≤-/μ≥0.0/TP≥55,222,207,192,15,92.75,3.83,-0.31,7.96,7.919,0.857,14
2026-05,pitcher_strikeouts,OVER,"[-500,-300]",HR≥55/EDG≥-5.0/CV≤-/μ≥0.0/TP≥60,222,207,192,15,92.75,3.83,-0.31,7.96,7.919,0.857,14
2026-05,pitcher_strikeouts,OVER,"[-500,-300]",HR≥55/EDG≥-5.0/CV≤-/μ≥0.0/TP≥65,222,207,192,15,92.75,3.83,-0.31,7.96,7.919,0.857,14
2026-05,pitcher_strikeouts,OVER,"[-500,-300]",HR≥55/EDG≥-5.0/CV≤-/μ≥0.5/TP≥-,222,207,192,15,92.75,3.83,-0.31,7.96,7.919,0.857,14
2026-05,pitcher_strikeouts,OVER,"[-500,-300]",HR≥55/EDG≥-5.0/CV≤-/μ≥0.5/TP≥50,222,207,192,15,92.75,3.83,-0.31,7.96,7.919,0.857,14
2026-05,pitcher_strikeouts,OVER,"[-500,-300]",HR≥55/EDG≥-5.0/CV≤-/μ≥0.5/TP≥55,222,207,192,15,92.75,3.83,-0.31,7.96,7.919,0.857,14
2026-05,pitcher_strikeouts,OVER,"[-500,-300]",HR≥55/EDG≥-5.0/CV≤-/μ≥0.5/TP≥60,222,207,192,15,92.75,3.83,-0.31,7.96,7.919,0.857,14
2026-05,pitcher_strikeouts,OVER,"[-500,-300]",HR≥55/EDG≥-5.0/CV≤-/μ≥0.5/TP≥65,222,207,192,15,92.75,3.83,-0.31,7.96,7.919,0.857,14
2026-05,pitcher_strikeouts,OVER,"[-500,-300]",HR≥55/EDG≥-5.0/CV≤-/μ≥1.0/TP≥-,219,205,190,15,92.68,3.59,-0.57,7.75,7.354,0.857,14
2026-05,pitcher_strikeouts,OVER,"[-500,-300]",HR≥55/EDG≥-5.0/CV≤-/μ≥1.0/TP≥50,219,205,190,15,92.68,3.59,-0.57,7.75,7.354,0.857,14
2026-05,pitcher_strikeouts,OVER,"[-500,-300]",HR≥55/EDG≥-5.0/CV≤-/μ≥1.0/TP≥55,219,205,190,15,92.68,3.59,-0.57,7.75,7.354,0.857,14
2026-05,pitcher_strikeouts,OVER,"[-500,-300]",HR≥55/EDG≥-5.0/CV≤-/μ≥1.0/TP≥60,219,205,190,15,92.68,3.59,-0.57,7.75,7.354,0.857,14
2026-05,pitcher_strikeouts,OVER,"[-500,-300]",HR≥55/EDG≥-5.0/CV≤-/μ≥1.0/TP≥65,219,205,190,15,92.68,3.59,-0.57,7.75,7.354,0.857,14
2026-05,pitcher_strikeouts,OVER,"[-500,-300]",HR≥55/EDG≥-5.0/CV≤0.7/μ≥-/TP≥-,213,198,185,13,93.43,4.44,0.39,8.5,8.8,0.929,14
2026-05,pitcher_strikeouts,OVER,"[-500,-300]",HR≥55/EDG≥-5.0/CV≤0.7/μ≥-/TP≥50,213,198,185,13,93.43,4.44,0.39,8.5,8.8,0.929,14
2026-05,pitcher_strikeouts,OVER,"[-500,-300]",HR≥55/EDG≥-5.0/CV≤0.7/μ≥-/TP≥55,213,198,185,13,93.43,4.44,0.39,8.5,8.8,0.929,14
2026-05,pitcher_strikeouts,OVER,"[-500,-300]",HR≥55/EDG≥-5.0/CV≤0.7/μ≥-/TP≥60,213,198,185,13,93.43,4.44,0.39,8.5,8.8,0.929,14
2026-05,pitcher_strikeouts,OVER,"[-500,-300]",HR≥55/EDG≥-5.0/CV≤0.7/μ≥-/TP≥65,213,198,185,13,93.43,4.44,0.39,8.5,8.8,0.929,14
2026-05,pitcher_strikeouts,OVER,"[-500,-300]",HR≥55/EDG≥-5.0/CV≤0.7/μ≥0.0/TP≥-,213,198,185,13,93.43,4.44,0.39,8.5,8.8,0.929,14
2026-05,pitcher_strikeouts,OVER,"[-500,-300]",HR≥55/EDG≥-5.0/CV≤0.7/μ≥0.0/TP≥50,213,198,185,13,93.43,4.44,0.39,8.5,8.8,0.929,14
2026-05,pitcher_strikeouts,OVER,"[-500,-300]",HR≥55/EDG≥-5.0/CV≤0.7/μ≥0.0/TP≥55,213,198,185,13,93.43,4.44,0.39,8.5,8.8,0.929,14
2026-05,pitcher_strikeouts,OVER,"[-500,-300]",HR≥55/EDG≥-5.0/CV≤0.7/μ≥0.0/TP≥60,213,198,185,13,93.43,4.44,0.39,8.5,8.8,0.929,14
2026-05,pitcher_strikeouts,OVER,"[-500,-300]",HR≥55/EDG≥-5.0/CV≤0.7/μ≥0.0/TP≥65,213,198,185,13,93.43,4.44,0.39,8.5,8.8,0.929,14
2026-05,pitcher_strikeouts,OVER,"[-500,-300]",HR≥55/EDG≥-5.0/CV≤0.7/μ≥0.5/TP≥-,213,198,185,13,93.43,4.44,0.39,8.5,8.8,0.929,14
2026-05,pitcher_strikeouts,OVER,"[-500,-300]",HR≥55/EDG≥-5.0/CV≤0.7/μ≥0.5/TP≥50,213,198,185,13,93.43,4.44,0.39,8.5,8.8,0.929,14
2026-05,pitcher_strikeouts,OVER,"[-500,-300]",HR≥55/EDG≥-5.0/CV≤0.7/μ≥0.5/TP≥55,213,198,185,13,93.43,4.44,0.39,8.5,8.8,0.929,14
2026-05,pitcher_strikeouts,OVER,"[-500,-300]",HR≥55/EDG≥-5.0/CV≤0.7/μ≥0.5/TP≥60,213,198,185,13,93.43,4.44,0.39,8.5,8.8,0.929,14
2026-05,pitcher_strikeouts,OVER,"[-500,-300]",HR≥55/EDG≥-5.0/CV≤0.7/μ≥0.5/TP≥65,213,198,185,13,93.43,4.44,0.39,8.5,8.8,0.929,14
2026-05,pitcher_strikeouts,OVER,"[-500,-300]",HR≥55/EDG≥-5.0/CV≤0.7/μ≥1.0/TP≥-,210,196,183,13,93.37,4.2,0.12,8.28,8.235,0.929,14
2026-05,pitcher_strikeouts,OVER,"[-500,-300]",HR≥55/EDG≥-5.0/CV≤0.7/μ≥1.0/TP≥50,210,196,183,13,93.37,4.2,0.12,8.28,8.235,0.929,14
2026-05,pitcher_strikeouts,OVER,"[-500,-300]",HR≥55/EDG≥-5.0/CV≤0.7/μ≥1.0/TP≥55,210,196,183,13,93.37,4.2,0.12,8.28,8.235,0.929,14
2026-05,pitcher_strikeouts,OVER,"[-500,-300]",HR≥55/EDG≥-5.0/CV≤0.7/μ≥1.0/TP≥60,210,196,183,13,93.37,4.2,0.12,8.28,8.235,0.929,14
2026-05,pitcher_strikeouts,OVER,"[-500,-300]",HR≥55/EDG≥-5.0/CV≤0.7/μ≥1.0/TP≥65,210,196,183,13,93.37,4.2,0.12,8.28,8.235,0.929,14
2026-05,pitcher_strikeouts,OVER,"[-500,-300]",HR≥55/EDG≥-5.0/CV≤0.6/μ≥-/TP≥-,208,193,181,12,93.78,4.72,0.71,8.73,9.108,0.786,14
2026-05,pitcher_strikeouts,OVER,"[-500,-300]",HR≥55/EDG≥-5.0/CV≤0.6/μ≥-/TP≥50,208,193,181,12,93.78,4.72,0.71,8.73,9.108,0.786,14
2026-05,pitcher_strikeouts,OVER,"[-500,-300]",HR≥55/EDG≥-5.0/CV≤0.6/μ≥-/TP≥55,208,193,181,12,93.78,4.72,0.71,8.73,9.108,0.786,14
2026-05,pitcher_strikeouts,OVER,"[-500,-300]",HR≥55/EDG≥-5.0/CV≤0.6/μ≥-/TP≥60,208,193,181,12,93.78,4.72,0.71,8.73,9.108,0.786,14
2026-05,pitcher_strikeouts,OVER,"[-500,-300]",HR≥55/EDG≥-5.0/CV≤0.6/μ≥-/TP≥65,208,193,181,12,93.78,4.72,0.71,8.73,9.108,0.786,14
2026-05,pitcher_strikeouts,OVER,"[-500,-300]",HR≥55/EDG≥-5.0/CV≤0.6/μ≥0.0/TP≥-,208,193,181,12,93.78,4.72,0.71,8.73,9.108,0.786,14
2026-05,pitcher_strikeouts,OVER,"[-500,-300]",HR≥55/EDG≥-5.0/CV≤0.6/μ≥0.0/TP≥50,208,193,181,12,93.78,4.72,0.71,8.73,9.108,0.786,14
2026-05,pitcher_strikeouts,OVER,"[-500,-300]",HR≥55/EDG≥-5.0/CV≤0.6/μ≥0.0/TP≥55,208,193,181,12,93.78,4.72,0.71,8.73,9.108,0.786,14
2026-05,pitcher_strikeouts,OVER,"[-500,-300]",HR≥55/EDG≥-5.0/CV≤0.6/μ≥0.0/TP≥60,208,193,181,12,93.78,4.72,0.71,8.73,9.108,0.786,14
2026-05,pitcher_strikeouts,OVER,"[-500,-300]",HR≥55/EDG≥-5.0/CV≤0.6/μ≥0.0/TP≥65,208,193,181,12,93.78,4.72,0.71,8.73,9.108,0.786,14
2026-05,pitcher_strikeouts,OVER,"[-500,-300]",HR≥55/EDG≥-5.0/CV≤0.6/μ≥0.5/TP≥-,208,193,181,12,93.78,4.72,0.71,8.73,9.108,0.786,14
2026-05,pitcher_strikeouts,OVER,"[-500,-300]",HR≥55/EDG≥-5.0/CV≤0.6/μ≥0.5/TP≥50,208,193,181,12,93.78,4.72,0.71,8.73,9.108,0.786,14
2026-05,pitcher_strikeouts,OVER,"[-500,-300]",HR≥55/EDG≥-5.0/CV≤0.6/μ≥0.5/TP≥55,208,193,181,12,93.78,4.72,0.71,8.73,9.108,0.786,14
2026-05,pitcher_strikeouts,OVER,"[-500,-300]",HR≥55/EDG≥-5.0/CV≤0.6/μ≥0.5/TP≥60,208,193,181,12,93.78,4.72,0.71,8.73,9.108,0.786,14
2026-05,pitcher_strikeouts,OVER,"[-500,-300]",HR≥55/EDG≥-5.0/CV≤0.6/μ≥0.5/TP≥65,208,193,181,12,93.78,4.72,0.71,8.73,9.108,0.786,14
2026-05,pitcher_strikeouts,OVER,"[-500,-300]",HR≥55/EDG≥-5.0/CV≤0.6/μ≥1.0/TP≥-,205,191,179,12,93.72,4.47,0.44,8.51,8.544,0.786,14
2026-05,pitcher_strikeouts,OVER,"[-500,-300]",HR≥55/EDG≥-5.0/CV≤0.6/μ≥1.0/TP≥50,205,191,179,12,93.72,4.47,0.44,8.51,8.544,0.786,14
2026-05,pitcher_strikeouts,OVER,"[-500,-300]",HR≥55/EDG≥-5.0/CV≤0.6/μ≥1.0/TP≥55,205,191,179,12,93.72,4.47,0.44,8.51,8.544,0.786,14
2026-05,pitcher_strikeouts,OVER,"[-500,-300]",HR≥55/EDG≥-5.0/CV≤0.6/μ≥1.0/TP≥60,205,191,179,12,93.72,4.47,0.44,8.51,8.544,0.786,14
2026-05,pitcher_strikeouts,OVER,"[-500,-300]",HR≥55/EDG≥-5.0/CV≤0.6/μ≥1.0/TP≥65,205,191,179,12,93.72,4.47,0.44,8.51,8.544,0.786,14
2026-05,pitcher_strikeouts,OVER,"[-500,-300]",HR≥55/EDG≥-5.0/CV≤0.5/μ≥-/TP≥-,180,168,156,12,92.86,3.53,-1.02,8.08,5.927,0.643,14
2026-05,pitcher_strikeouts,OVER,"[-500,-300]",HR≥55/EDG≥-5.0/CV≤0.5/μ≥-/TP≥50,180,168,156,12,92.86,3.53,-1.02,8.08,5.927,0.643,14
2026-05,pitcher_strikeouts,OVER,"[-500,-300]",HR≥55/EDG≥-5.0/CV≤0.5/μ≥-/TP≥55,180,168,156,12,92.86,3.53,-1.02,8.08,5.927,0.643,14
2026-05,pitcher_strikeouts,OVER,"[-500,-300]",HR≥55/EDG≥-5.0/CV≤0.5/μ≥-/TP≥60,180,168,156,12,92.86,3.53,-1.02,8.08,5.927,0.643,14
2026-05,pitcher_strikeouts,OVER,"[-500,-300]",HR≥55/EDG≥-5.0/CV≤0.5/μ≥-/TP≥65,180,168,156,12,92.86,3.53,-1.02,8.08,5.927,0.643,14
2026-05,pitcher_strikeouts,OVER,"[-500,-300]",HR≥55/EDG≥-5.0/CV≤0.5/μ≥0.0/TP≥-,180,168,156,12,92.86,3.53,-1.02,8.08,5.927,0.643,14
2026-05,pitcher_strikeouts,OVER,"[-500,-300]",HR≥55/EDG≥-5.0/CV≤0.5/μ≥0.0/TP≥50,180,168,156,12,92.86,3.53,-1.02,8.08,5.927,0.643,14
2026-05,pitcher_strikeouts,OVER,"[-500,-300]",HR≥55/EDG≥-5.0/CV≤0.5/μ≥0.0/TP≥55,180,168,156,12,92.86,3.53,-1.02,8.08,5.927,0.643,14
2026-05,pitcher_strikeouts,OVER,"[-500,-300]",HR≥55/EDG≥-5.0/CV≤0.5/μ≥0.0/TP≥60,180,168,156,12,92.86,3.53,-1.02,8.08,5.927,0.643,14
2026-05,pitcher_strikeouts,OVER,"[-500,-300]",HR≥55/EDG≥-5.0/CV≤0.5/μ≥0.0/TP≥65,180,168,156,12,92.86,3.53,-1.02,8.08,5.927,0.643,14
2026-05,pitcher_strikeouts,OVER,"[-500,-300]",HR≥55/EDG≥-5.0/CV≤0.5/μ≥0.5/TP≥-,180,168,156,12,92.86,3.53,-1.02,8.08,5.927,0.643,14
2026-05,pitcher_strikeouts,OVER,"[-500,-300]",HR≥55/EDG≥-5.0/CV≤0.5/μ≥0.5/TP≥50,180,168,156,12,92.86,3.53,-1.02,8.08,5.927,0.643,14
2026-05,pitcher_strikeouts,OVER,"[-500,-300]",HR≥55/EDG≥-5.0/CV≤0.5/μ≥0.5/TP≥55,180,168,156,12,92.86,3.53,-1.02,8.08,5.927,0.643,14
2026-05,pitcher_strikeouts,OVER,"[-500,-300]",HR≥55/EDG≥-5.0/CV≤0.5/μ≥0.5/TP≥60,180,168,156,12,92.86,3.53,-1.02,8.08,5.927,0.643,14
2026-05,pitcher_strikeouts,OVER,"[-500,-300]",HR≥55/EDG≥-5.0/CV≤0.5/μ≥0.5/TP≥65,180,168,156,12,92.86,3.53,-1.02,8.08,5.927,0.643,14
2026-05,pitcher_strikeouts,OVER,"[-500,-300]",HR≥55/EDG≥-5.0/CV≤0.5/μ≥1.0/TP≥-,177,166,154,12,92.77,3.23,-1.35,7.82,5.362,0.643,14
2026-05,pitcher_strikeouts,OVER,"[-500,-300]",HR≥55/EDG≥-5.0/CV≤0.5/μ≥1.0/TP≥50,177,166,154,12,92.77,3.23,-1.35,7.82,5.362,0.643,14
2026-05,pitcher_strikeouts,OVER,"[-500,-300]",HR≥55/EDG≥-5.0/CV≤0.5/μ≥1.0/TP≥55,177,166,154,12,92.77,3.23,-1.35,7.82,5.362,0.643,14
2026-05,pitcher_strikeouts,OVER,"[-500,-300]",HR≥55/EDG≥-5.0/CV≤0.5/μ≥1.0/TP≥60,177,166,154,12,92.77,3.23,-1.35,7.82,5.362,0.643,14
2026-05,pitcher_strikeouts,OVER,"[-500,-300]",HR≥55/EDG≥-5.0/CV≤0.5/μ≥1.0/TP≥65,177,166,154,12,92.77,3.23,-1.35,7.82,5.362,0.643,14
2026-05,pitcher_strikeouts,OVER,"[-500,-300]",HR≥55/EDG≥-5.0/CV≤0.45/μ≥-/TP≥-,153,141,134,7,95.04,5.9,1.63,10.16,8.312,0.714,14
2026-05,pitcher_strikeouts,OVER,"[-500,-300]",HR≥55/EDG≥-5.0/CV≤0.45/μ≥-/TP≥50,153,141,134,7,95.04,5.9,1.63,10.16,8.312,0.714,14
2026-05,pitcher_strikeouts,OVER,"[-500,-300]",HR≥55/EDG≥-5.0/CV≤0.45/μ≥-/TP≥55,153,141,134,7,95.04,5.9,1.63,10.16,8.312,0.714,14
2026-05,pitcher_strikeouts,OVER,"[-500,-300]",HR≥55/EDG≥-5.0/CV≤0.45/μ≥-/TP≥60,153,141,134,7,95.04,5.9,1.63,10.16,8.312,0.714,14
2026-05,pitcher_strikeouts,OVER,"[-500,-300]",HR≥55/EDG≥-5.0/CV≤0.45/μ≥-/TP≥65,153,141,134,7,95.04,5.9,1.63,10.16,8.312,0.714,14
2026-05,pitcher_strikeouts,OVER,"[-500,-300]",HR≥55/EDG≥-5.0/CV≤0.45/μ≥0.0/TP≥-,153,141,134,7,95.04,5.9,1.63,10.16,8.312,0.714,14
2026-05,pitcher_strikeouts,OVER,"[-500,-300]",HR≥55/EDG≥-5.0/CV≤0.45/μ≥0.0/TP≥50,153,141,134,7,95.04,5.9,1.63,10.16,8.312,0.714,14
2026-05,pitcher_strikeouts,OVER,"[-500,-300]",HR≥55/EDG≥-5.0/CV≤0.45/μ≥0.0/TP≥55,153,141,134,7,95.04,5.9,1.63,10.16,8.312,0.714,14
2026-05,pitcher_strikeouts,OVER,"[-500,-300]",HR≥55/EDG≥-5.0/CV≤0.45/μ≥0.0/TP≥60,153,141,134,7,95.04,5.9,1.63,10.16,8.312,0.714,14
2026-05,pitcher_strikeouts,OVER,"[-500,-300]",HR≥55/EDG≥-5.0/CV≤0.45/μ≥0.0/TP≥65,153,141,134,7,95.04,5.9,1.63,10.16,8.312,0.714,14
2026-05,pitcher_strikeouts,OVER,"[-500,-300]",HR≥55/EDG≥-5.0/CV≤0.45/μ≥0.5/TP≥-,153,141,134,7,95.04,5.9,1.63,10.16,8.312,0.714,14
2026-05,pitcher_strikeouts,OVER,"[-500,-300]",HR≥55/EDG≥-5.0/CV≤0.45/μ≥0.5/TP≥50,153,141,134,7,95.04,5.9,1.63,10.16,8.312,0.714,14
2026-05,pitcher_strikeouts,OVER,"[-500,-300]",HR≥55/EDG≥-5.0/CV≤0.45/μ≥0.5/TP≥55,153,141,134,7,95.04,5.9,1.63,10.16,8.312,0.714,14
2026-05,pitcher_strikeouts,OVER,"[-500,-300]",HR≥55/EDG≥-5.0/CV≤0.45/μ≥0.5/TP≥60,153,141,134,7,95.04,5.9,1.63,10.16,8.312,0.714,14
2026-05,pitcher_strikeouts,OVER,"[-500,-300]",HR≥55/EDG≥-5.0/CV≤0.45/μ≥0.5/TP≥65,153,141,134,7,95.04,5.9,1.63,10.16,8.312,0.714,14
2026-05,pitcher_strikeouts,OVER,"[-500,-300]",HR≥55/EDG≥-5.0/CV≤0.45/μ≥1.0/TP≥-,150,139,132,7,94.96,5.57,1.27,9.88,7.748,0.714,14
2026-05,pitcher_strikeouts,OVER,"[-500,-300]",HR≥55/EDG≥-5.0/CV≤0.45/μ≥1.0/TP≥50,150,139,132,7,94.96,5.57,1.27,9.88,7.748,0.714,14
2026-05,pitcher_strikeouts,OVER,"[-500,-300]",HR≥55/EDG≥-5.0/CV≤0.45/μ≥1.0/TP≥55,150,139,132,7,94.96,5.57,1.27,9.88,7.748,0.714,14
2026-05,pitcher_strikeouts,OVER,"[-500,-300]",HR≥55/EDG≥-5.0/CV≤0.45/μ≥1.0/TP≥60,150,139,132,7,94.96,5.57,1.27,9.88,7.748,0.714,14
2026-05,pitcher_strikeouts,OVER,"[-500,-300]",HR≥55/EDG≥-5.0/CV≤0.45/μ≥1.0/TP≥65,150,139,132,7,94.96,5.57,1.27,9.88,7.748,0.714,14
2026-05,pitcher_strikeouts,OVER,"[-500,-300]",HR≥55/EDG≥-5.0/CV≤0.4/μ≥-/TP≥-,112,101,96,5,95.05,5.84,0.81,10.87,5.895,0.615,13
2026-05,pitcher_strikeouts,OVER,"[-500,-300]",HR≥55/EDG≥-5.0/CV≤0.4/μ≥-/TP≥50,112,101,96,5,95.05,5.84,0.81,10.87,5.895,0.615,13
2026-05,pitcher_strikeouts,OVER,"[-500,-300]",HR≥55/EDG≥-5.0/CV≤0.4/μ≥-/TP≥55,112,101,96,5,95.05,5.84,0.81,10.87,5.895,0.615,13
2026-05,pitcher_strikeouts,OVER,"[-500,-300]",HR≥55/EDG≥-5.0/CV≤0.4/μ≥-/TP≥60,112,101,96,5,95.05,5.84,0.81,10.87,5.895,0.615,13
2026-05,pitcher_strikeouts,OVER,"[-500,-300]",HR≥55/EDG≥-5.0/CV≤0.4/μ≥-/TP≥65,112,101,96,5,95.05,5.84,0.81,10.87,5.895,0.615,13
2026-05,pitcher_strikeouts,OVER,"[-500,-300]",HR≥55/EDG≥-5.0/CV≤0.4/μ≥0.0/TP≥-,112,101,96,5,95.05,5.84,0.81,10.87,5.895,0.615,13
2026-05,pitcher_strikeouts,OVER,"[-500,-300]",HR≥55/EDG≥-5.0/CV≤0.4/μ≥0.0/TP≥50,112,101,96,5,95.05,5.84,0.81,10.87,5.895,0.615,13
2026-05,pitcher_strikeouts,OVER,"[-500,-300]",HR≥55/EDG≥-5.0/CV≤0.4/μ≥0.0/TP≥55,112,101,96,5,95.05,5.84,0.81,10.87,5.895,0.615,13
2026-05,pitcher_strikeouts,OVER,"[-500,-300]",HR≥55/EDG≥-5.0/CV≤0.4/μ≥0.0/TP≥60,112,101,96,5,95.05,5.84,0.81,10.87,5.895,0.615,13
2026-05,pitcher_strikeouts,OVER,"[-500,-300]",HR≥55/EDG≥-5.0/CV≤0.4/μ≥0.0/TP≥65,112,101,96,5,95.05,5.84,0.81,10.87,5.895,0.615,13
2026-05,pitcher_strikeouts,OVER,"[-500,-300]",HR≥55/EDG≥-5.0/CV≤0.4/μ≥0.5/TP≥-,112,101,96,5,95.05,5.84,0.81,10.87,5.895,0.615,13
2026-05,pitcher_strikeouts,OVER,"[-500,-300]",HR≥55/EDG≥-5.0/CV≤0.4/μ≥0.5/TP≥50,112,101,96,5,95.05,5.84,0.81,10.87,5.895,0.615,13
2026-05,pitcher_strikeouts,OVER,"[-500,-300]",HR≥55/EDG≥-5.0/CV≤0.4/μ≥0.5/TP≥55,112,101,96,5,95.05,5.84,0.81,10.87,5.895,0.615,13
2026-05,pitcher_strikeouts,OVER,"[-500,-300]",HR≥55/EDG≥-5.0/CV≤0.4/μ≥0.5/TP≥60,112,101,96,5,95.05,5.84,0.81,10.87,5.895,0.615,13
2026-05,pitcher_strikeouts,OVER,"[-500,-300]",HR≥55/EDG≥-5.0/CV≤0.4/μ≥0.5/TP≥65,112,101,96,5,95.05,5.84,0.81,10.87,5.895,0.615,13
2026-05,pitcher_strikeouts,OVER,"[-500,-300]",HR≥55/EDG≥-5.0/CV≤0.4/μ≥1.0/TP≥-,109,99,94,5,94.95,5.38,0.29,10.47,5.33,0.615,13
2026-05,pitcher_strikeouts,OVER,"[-500,-300]",HR≥55/EDG≥-5.0/CV≤0.4/μ≥1.0/TP≥50,109,99,94,5,94.95,5.38,0.29,10.47,5.33,0.615,13
2026-05,pitcher_strikeouts,OVER,"[-500,-300]",HR≥55/EDG≥-5.0/CV≤0.4/μ≥1.0/TP≥55,109,99,94,5,94.95,5.38,0.29,10.47,5.33,0.615,13
2026-05,pitcher_strikeouts,OVER,"[-500,-300]",HR≥55/EDG≥-5.0/CV≤0.4/μ≥1.0/TP≥60,109,99,94,5,94.95,5.38,0.29,10.47,5.33,0.615,13
2026-05,pitcher_strikeouts,OVER,"[-500,-300]",HR≥55/EDG≥-5.0/CV≤0.4/μ≥1.0/TP≥65,109,99,94,5,94.95,5.38,0.29,10.47,5.33,0.615,13
2026-05,pitcher_strikeouts,OVER,"[-500,-300]",HR≥55/EDG≥0.0/CV≤-/μ≥-/TP≥-,101,92,81,11,88.04,1.0,-6.86,8.86,0.921,0.385,13
2026-05,pitcher_strikeouts,OVER,"[-500,-300]",HR≥55/EDG≥0.0/CV≤-/μ≥-/TP≥50,101,92,81,11,88.04,1.0,-6.86,8.86,0.921,0.385,13
2026-05,pitcher_strikeouts,OVER,"[-500,-300]",HR≥55/EDG≥0.0/CV≤-/μ≥-/TP≥55,101,92,81,11,88.04,1.0,-6.86,8.86,0.921,0.385,13
2026-05,pitcher_strikeouts,OVER,"[-500,-300]",HR≥55/EDG≥0.0/CV≤-/μ≥-/TP≥60,101,92,81,11,88.04,1.0,-6.86,8.86,0.921,0.385,13
2026-05,pitcher_strikeouts,OVER,"[-500,-300]",HR≥55/EDG≥0.0/CV≤-/μ≥-/TP≥65,101,92,81,11,88.04,1.0,-6.86,8.86,0.921,0.385,13
2026-05,pitcher_strikeouts,OVER,"[-500,-300]",HR≥55/EDG≥0.0/CV≤-/μ≥0.0/TP≥-,101,92,81,11,88.04,1.0,-6.86,8.86,0.921,0.385,13
2026-05,pitcher_strikeouts,OVER,"[-500,-300]",HR≥55/EDG≥0.0/CV≤-/μ≥0.0/TP≥50,101,92,81,11,88.04,1.0,-6.86,8.86,0.921,0.385,13
2026-05,pitcher_strikeouts,OVER,"[-500,-300]",HR≥55/EDG≥0.0/CV≤-/μ≥0.0/TP≥55,101,92,81,11,88.04,1.0,-6.86,8.86,0.921,0.385,13
2026-05,pitcher_strikeouts,OVER,"[-500,-300]",HR≥55/EDG≥0.0/CV≤-/μ≥0.0/TP≥60,101,92,81,11,88.04,1.0,-6.86,8.86,0.921,0.385,13
2026-05,pitcher_strikeouts,OVER,"[-500,-300]",HR≥55/EDG≥0.0/CV≤-/μ≥0.0/TP≥65,101,92,81,11,88.04,1.0,-6.86,8.86,0.921,0.385,13
2026-05,pitcher_strikeouts,OVER,"[-500,-300]",HR≥55/EDG≥0.0/CV≤-/μ≥0.5/TP≥-,101,92,81,11,88.04,1.0,-6.86,8.86,0.921,0.385,13
2026-05,pitcher_strikeouts,OVER,"[-500,-300]",HR≥55/EDG≥0.0/CV≤-/μ≥0.5/TP≥50,101,92,81,11,88.04,1.0,-6.86,8.86,0.921,0.385,13
2026-05,pitcher_strikeouts,OVER,"[-500,-300]",HR≥55/EDG≥0.0/CV≤-/μ≥0.5/TP≥55,101,92,81,11,88.04,1.0,-6.86,8.86,0.921,0.385,13
2026-05,pitcher_strikeouts,OVER,"[-500,-300]",HR≥55/EDG≥0.0/CV≤-/μ≥0.5/TP≥60,101,92,81,11,88.04,1.0,-6.86,8.86,0.921,0.385,13
2026-05,pitcher_strikeouts,OVER,"[-500,-300]",HR≥55/EDG≥0.0/CV≤-/μ≥0.5/TP≥65,101,92,81,11,88.04,1.0,-6.86,8.86,0.921,0.385,13
2026-05,pitcher_strikeouts,OVER,"[-500,-300]",HR≥55/EDG≥0.0/CV≤-/μ≥1.0/TP≥-,101,92,81,11,88.04,1.0,-6.86,8.86,0.921,0.385,13
2026-05,pitcher_strikeouts,OVER,"[-500,-300]",HR≥55/EDG≥0.0/CV≤-/μ≥1.0/TP≥50,101,92,81,11,88.04,1.0,-6.86,8.86,0.921,0.385,13
2026-05,pitcher_strikeouts,OVER,"[-500,-300]",HR≥55/EDG≥0.0/CV≤-/μ≥1.0/TP≥55,101,92,81,11,88.04,1.0,-6.86,8.86,0.921,0.385,13
2026-05,pitcher_strikeouts,OVER,"[-500,-300]",HR≥55/EDG≥0.0/CV≤-/μ≥1.0/TP≥60,101,92,81,11,88.04,1.0,-6.86,8.86,0.921,0.385,13
2026-05,pitcher_strikeouts,OVER,"[-500,-300]",HR≥55/EDG≥0.0/CV≤-/μ≥1.0/TP≥65,101,92,81,11,88.04,1.0,-6.86,8.86,0.921,0.385,13
2026-05,pitcher_strikeouts,OVER,"[-500,-300]",HR≥55/EDG≥0.0/CV≤0.7/μ≥-/TP≥-,97,88,79,9,89.77,2.9,-4.64,10.45,2.554,0.462,13
2026-05,pitcher_strikeouts,OVER,"[-500,-300]",HR≥55/EDG≥0.0/CV≤0.7/μ≥-/TP≥50,97,88,79,9,89.77,2.9,-4.64,10.45,2.554,0.462,13
2026-05,pitcher_strikeouts,OVER,"[-500,-300]",HR≥55/EDG≥0.0/CV≤0.7/μ≥-/TP≥55,97,88,79,9,89.77,2.9,-4.64,10.45,2.554,0.462,13
2026-05,pitcher_strikeouts,OVER,"[-500,-300]",HR≥55/EDG≥0.0/CV≤0.7/μ≥-/TP≥60,97,88,79,9,89.77,2.9,-4.64,10.45,2.554,0.462,13
2026-05,pitcher_strikeouts,OVER,"[-500,-300]",HR≥55/EDG≥0.0/CV≤0.7/μ≥-/TP≥65,97,88,79,9,89.77,2.9,-4.64,10.45,2.554,0.462,13
2026-05,pitcher_strikeouts,OVER,"[-500,-300]",HR≥55/EDG≥0.0/CV≤0.7/μ≥0.0/TP≥-,97,88,79,9,89.77,2.9,-4.64,10.45,2.554,0.462,13
2026-05,pitcher_strikeouts,OVER,"[-500,-300]",HR≥55/EDG≥0.0/CV≤0.7/μ≥0.0/TP≥50,97,88,79,9,89.77,2.9,-4.64,10.45,2.554,0.462,13
2026-05,pitcher_strikeouts,OVER,"[-500,-300]",HR≥55/EDG≥0.0/CV≤0.7/μ≥0.0/TP≥55,97,88,79,9,89.77,2.9,-4.64,10.45,2.554,0.462,13
2026-05,pitcher_strikeouts,OVER,"[-500,-300]",HR≥55/EDG≥0.0/CV≤0.7/μ≥0.0/TP≥60,97,88,79,9,89.77,2.9,-4.64,10.45,2.554,0.462,13
2026-05,pitcher_strikeouts,OVER,"[-500,-300]",HR≥55/EDG≥0.0/CV≤0.7/μ≥0.0/TP≥65,97,88,79,9,89.77,2.9,-4.64,10.45,2.554,0.462,13
2026-05,pitcher_strikeouts,OVER,"[-500,-300]",HR≥55/EDG≥0.0/CV≤0.7/μ≥0.5/TP≥-,97,88,79,9,89.77,2.9,-4.64,10.45,2.554,0.462,13
2026-05,pitcher_strikeouts,OVER,"[-500,-300]",HR≥55/EDG≥0.0/CV≤0.7/μ≥0.5/TP≥50,97,88,79,9,89.77,2.9,-4.64,10.45,2.554,0.462,13
2026-05,pitcher_strikeouts,OVER,"[-500,-300]",HR≥55/EDG≥0.0/CV≤0.7/μ≥0.5/TP≥55,97,88,79,9,89.77,2.9,-4.64,10.45,2.554,0.462,13
2026-05,pitcher_strikeouts,OVER,"[-500,-300]",HR≥55/EDG≥0.0/CV≤0.7/μ≥0.5/TP≥60,97,88,79,9,89.77,2.9,-4.64,10.45,2.554,0.462,13
2026-05,pitcher_strikeouts,OVER,"[-500,-300]",HR≥55/EDG≥0.0/CV≤0.7/μ≥0.5/TP≥65,97,88,79,9,89.77,2.9,-4.64,10.45,2.554,0.462,13
2026-05,pitcher_strikeouts,OVER,"[-500,-300]",HR≥55/EDG≥0.0/CV≤0.7/μ≥1.0/TP≥-,97,88,79,9,89.77,2.9,-4.64,10.45,2.554,0.462,13
2026-05,pitcher_strikeouts,OVER,"[-500,-300]",HR≥55/EDG≥0.0/CV≤0.7/μ≥1.0/TP≥50,97,88,79,9,89.77,2.9,-4.64,10.45,2.554,0.462,13
2026-05,pitcher_strikeouts,OVER,"[-500,-300]",HR≥55/EDG≥0.0/CV≤0.7/μ≥1.0/TP≥55,97,88,79,9,89.77,2.9,-4.64,10.45,2.554,0.462,13
2026-05,pitcher_strikeouts,OVER,"[-500,-300]",HR≥55/EDG≥0.0/CV≤0.7/μ≥1.0/TP≥60,97,88,79,9,89.77,2.9,-4.64,10.45,2.554,0.462,13
2026-05,pitcher_strikeouts,OVER,"[-500,-300]",HR≥55/EDG≥0.0/CV≤0.7/μ≥1.0/TP≥65,97,88,79,9,89.77,2.9,-4.64,10.45,2.554,0.462,13
2026-05,pitcher_strikeouts,OVER,"[-500,-300]",HR≥55/EDG≥0.0/CV≤0.6/μ≥-/TP≥-,95,86,78,8,90.7,4.02,-3.33,11.36,3.454,0.538,13
2026-05,pitcher_strikeouts,OVER,"[-500,-300]",HR≥55/EDG≥0.0/CV≤0.6/μ≥-/TP≥50,95,86,78,8,90.7,4.02,-3.33,11.36,3.454,0.538,13
2026-05,pitcher_strikeouts,OVER,"[-500,-300]",HR≥55/EDG≥0.0/CV≤0.6/μ≥-/TP≥55,95,86,78,8,90.7,4.02,-3.33,11.36,3.454,0.538,13
2026-05,pitcher_strikeouts,OVER,"[-500,-300]",HR≥55/EDG≥0.0/CV≤0.6/μ≥-/TP≥60,95,86,78,8,90.7,4.02,-3.33,11.36,3.454,0.538,13
2026-05,pitcher_strikeouts,OVER,"[-500,-300]",HR≥55/EDG≥0.0/CV≤0.6/μ≥-/TP≥65,95,86,78,8,90.7,4.02,-3.33,11.36,3.454,0.538,13
2026-05,pitcher_strikeouts,OVER,"[-500,-300]",HR≥55/EDG≥0.0/CV≤0.6/μ≥0.0/TP≥-,95,86,78,8,90.7,4.02,-3.33,11.36,3.454,0.538,13
2026-05,pitcher_strikeouts,OVER,"[-500,-300]",HR≥55/EDG≥0.0/CV≤0.6/μ≥0.0/TP≥50,95,86,78,8,90.7,4.02,-3.33,11.36,3.454,0.538,13
2026-05,pitcher_strikeouts,OVER,"[-500,-300]",HR≥55/EDG≥0.0/CV≤0.6/μ≥0.0/TP≥55,95,86,78,8,90.7,4.02,-3.33,11.36,3.454,0.538,13
2026-05,pitcher_strikeouts,OVER,"[-500,-300]",HR≥55/EDG≥0.0/CV≤0.6/μ≥0.0/TP≥60,95,86,78,8,90.7,4.02,-3.33,11.36,3.454,0.538,13
2026-05,pitcher_strikeouts,OVER,"[-500,-300]",HR≥55/EDG≥0.0/CV≤0.6/μ≥0.0/TP≥65,95,86,78,8,90.7,4.02,-3.33,11.36,3.454,0.538,13
2026-05,pitcher_strikeouts,OVER,"[-500,-300]",HR≥55/EDG≥0.0/CV≤0.6/μ≥0.5/TP≥-,95,86,78,8,90.7,4.02,-3.33,11.36,3.454,0.538,13
2026-05,pitcher_strikeouts,OVER,"[-500,-300]",HR≥55/EDG≥0.0/CV≤0.6/μ≥0.5/TP≥50,95,86,78,8,90.7,4.02,-3.33,11.36,3.454,0.538,13
2026-05,pitcher_strikeouts,OVER,"[-500,-300]",HR≥55/EDG≥0.0/CV≤0.6/μ≥0.5/TP≥55,95,86,78,8,90.7,4.02,-3.33,11.36,3.454,0.538,13
2026-05,pitcher_strikeouts,OVER,"[-500,-300]",HR≥55/EDG≥0.0/CV≤0.6/μ≥0.5/TP≥60,95,86,78,8,90.7,4.02,-3.33,11.36,3.454,0.538,13
2026-05,pitcher_strikeouts,OVER,"[-500,-300]",HR≥55/EDG≥0.0/CV≤0.6/μ≥0.5/TP≥65,95,86,78,8,90.7,4.02,-3.33,11.36,3.454,0.538,13
2026-05,pitcher_strikeouts,OVER,"[-500,-300]",HR≥55/EDG≥0.0/CV≤0.6/μ≥1.0/TP≥-,95,86,78,8,90.7,4.02,-3.33,11.36,3.454,0.538,13
2026-05,pitcher_strikeouts,OVER,"[-500,-300]",HR≥55/EDG≥0.0/CV≤0.6/μ≥1.0/TP≥50,95,86,78,8,90.7,4.02,-3.33,11.36,3.454,0.538,13
2026-05,pitcher_strikeouts,OVER,"[-500,-300]",HR≥55/EDG≥0.0/CV≤0.6/μ≥1.0/TP≥55,95,86,78,8,90.7,4.02,-3.33,11.36,3.454,0.538,13
2026-05,pitcher_strikeouts,OVER,"[-500,-300]",HR≥55/EDG≥0.0/CV≤0.6/μ≥1.0/TP≥60,95,86,78,8,90.7,4.02,-3.33,11.36,3.454,0.538,13
2026-05,pitcher_strikeouts,OVER,"[-500,-300]",HR≥55/EDG≥0.0/CV≤0.6/μ≥1.0/TP≥65,95,86,78,8,90.7,4.02,-3.33,11.36,3.454,0.538,13
2026-05,pitcher_strikeouts,OVER,"[-500,-300]",HR≥55/EDG≥0.0/CV≤0.5/μ≥-/TP≥-,89,80,72,8,90.0,2.69,-5.12,10.5,2.154,0.538,13
2026-05,pitcher_strikeouts,OVER,"[-500,-300]",HR≥55/EDG≥0.0/CV≤0.5/μ≥-/TP≥50,89,80,72,8,90.0,2.69,-5.12,10.5,2.154,0.538,13
2026-05,pitcher_strikeouts,OVER,"[-500,-300]",HR≥55/EDG≥0.0/CV≤0.5/μ≥-/TP≥55,89,80,72,8,90.0,2.69,-5.12,10.5,2.154,0.538,13
2026-05,pitcher_strikeouts,OVER,"[-500,-300]",HR≥55/EDG≥0.0/CV≤0.5/μ≥-/TP≥60,89,80,72,8,90.0,2.69,-5.12,10.5,2.154,0.538,13
2026-05,pitcher_strikeouts,OVER,"[-500,-300]",HR≥55/EDG≥0.0/CV≤0.5/μ≥-/TP≥65,89,80,72,8,90.0,2.69,-5.12,10.5,2.154,0.538,13
2026-05,pitcher_strikeouts,OVER,"[-500,-300]",HR≥55/EDG≥0.0/CV≤0.5/μ≥0.0/TP≥-,89,80,72,8,90.0,2.69,-5.12,10.5,2.154,0.538,13
2026-05,pitcher_strikeouts,OVER,"[-500,-300]",HR≥55/EDG≥0.0/CV≤0.5/μ≥0.0/TP≥50,89,80,72,8,90.0,2.69,-5.12,10.5,2.154,0.538,13
2026-05,pitcher_strikeouts,OVER,"[-500,-300]",HR≥55/EDG≥0.0/CV≤0.5/μ≥0.0/TP≥55,89,80,72,8,90.0,2.69,-5.12,10.5,2.154,0.538,13
2026-05,pitcher_strikeouts,OVER,"[-500,-300]",HR≥55/EDG≥0.0/CV≤0.5/μ≥0.0/TP≥60,89,80,72,8,90.0,2.69,-5.12,10.5,2.154,0.538,13
2026-05,pitcher_strikeouts,OVER,"[-500,-300]",HR≥55/EDG≥0.0/CV≤0.5/μ≥0.0/TP≥65,89,80,72,8,90.0,2.69,-5.12,10.5,2.154,0.538,13
2026-05,pitcher_strikeouts,OVER,"[-500,-300]",HR≥55/EDG≥0.0/CV≤0.5/μ≥0.5/TP≥-,89,80,72,8,90.0,2.69,-5.12,10.5,2.154,0.538,13
2026-05,pitcher_strikeouts,OVER,"[-500,-300]",HR≥55/EDG≥0.0/CV≤0.5/μ≥0.5/TP≥50,89,80,72,8,90.0,2.69,-5.12,10.5,2.154,0.538,13
2026-05,pitcher_strikeouts,OVER,"[-500,-300]",HR≥55/EDG≥0.0/CV≤0.5/μ≥0.5/TP≥55,89,80,72,8,90.0,2.69,-5.12,10.5,2.154,0.538,13
2026-05,pitcher_strikeouts,OVER,"[-500,-300]",HR≥55/EDG≥0.0/CV≤0.5/μ≥0.5/TP≥60,89,80,72,8,90.0,2.69,-5.12,10.5,2.154,0.538,13
2026-05,pitcher_strikeouts,OVER,"[-500,-300]",HR≥55/EDG≥0.0/CV≤0.5/μ≥0.5/TP≥65,89,80,72,8,90.0,2.69,-5.12,10.5,2.154,0.538,13
2026-05,pitcher_strikeouts,OVER,"[-500,-300]",HR≥55/EDG≥0.0/CV≤0.5/μ≥1.0/TP≥-,89,80,72,8,90.0,2.69,-5.12,10.5,2.154,0.538,13
2026-05,pitcher_strikeouts,OVER,"[-500,-300]",HR≥55/EDG≥0.0/CV≤0.5/μ≥1.0/TP≥50,89,80,72,8,90.0,2.69,-5.12,10.5,2.154,0.538,13
2026-05,pitcher_strikeouts,OVER,"[-500,-300]",HR≥55/EDG≥0.0/CV≤0.5/μ≥1.0/TP≥55,89,80,72,8,90.0,2.69,-5.12,10.5,2.154,0.538,13
2026-05,pitcher_strikeouts,OVER,"[-500,-300]",HR≥55/EDG≥0.0/CV≤0.5/μ≥1.0/TP≥60,89,80,72,8,90.0,2.69,-5.12,10.5,2.154,0.538,13
2026-05,pitcher_strikeouts,OVER,"[-500,-300]",HR≥55/EDG≥0.0/CV≤0.5/μ≥1.0/TP≥65,89,80,72,8,90.0,2.69,-5.12,10.5,2.154,0.538,13
2026-05,pitcher_strikeouts,OVER,"[-500,-300]",HR≥55/EDG≥0.0/CV≤0.45/μ≥-/TP≥-,76,67,61,6,91.04,4.24,-3.97,12.44,2.84,0.583,12
2026-05,pitcher_strikeouts,OVER,"[-500,-300]",HR≥55/EDG≥0.0/CV≤0.45/μ≥-/TP≥50,76,67,61,6,91.04,4.24,-3.97,12.44,2.84,0.583,12
2026-05,pitcher_strikeouts,OVER,"[-500,-300]",HR≥55/EDG≥0.0/CV≤0.45/μ≥-/TP≥55,76,67,61,6,91.04,4.24,-3.97,12.44,2.84,0.583,12
2026-05,pitcher_strikeouts,OVER,"[-500,-300]",HR≥55/EDG≥0.0/CV≤0.45/μ≥-/TP≥60,76,67,61,6,91.04,4.24,-3.97,12.44,2.84,0.583,12
2026-05,pitcher_strikeouts,OVER,"[-500,-300]",HR≥55/EDG≥0.0/CV≤0.45/μ≥-/TP≥65,76,67,61,6,91.04,4.24,-3.97,12.44,2.84,0.583,12
2026-05,pitcher_strikeouts,OVER,"[-500,-300]",HR≥55/EDG≥0.0/CV≤0.45/μ≥0.0/TP≥-,76,67,61,6,91.04,4.24,-3.97,12.44,2.84,0.583,12
2026-05,pitcher_strikeouts,OVER,"[-500,-300]",HR≥55/EDG≥0.0/CV≤0.45/μ≥0.0/TP≥50,76,67,61,6,91.04,4.24,-3.97,12.44,2.84,0.583,12
2026-05,pitcher_strikeouts,OVER,"[-500,-300]",HR≥55/EDG≥0.0/CV≤0.45/μ≥0.0/TP≥55,76,67,61,6,91.04,4.24,-3.97,12.44,2.84,0.583,12
2026-05,pitcher_strikeouts,OVER,"[-500,-300]",HR≥55/EDG≥0.0/CV≤0.45/μ≥0.0/TP≥60,76,67,61,6,91.04,4.24,-3.97,12.44,2.84,0.583,12
2026-05,pitcher_strikeouts,OVER,"[-500,-300]",HR≥55/EDG≥0.0/CV≤0.45/μ≥0.0/TP≥65,76,67,61,6,91.04,4.24,-3.97,12.44,2.84,0.583,12
2026-05,pitcher_strikeouts,OVER,"[-500,-300]",HR≥55/EDG≥0.0/CV≤0.45/μ≥0.5/TP≥-,76,67,61,6,91.04,4.24,-3.97,12.44,2.84,0.583,12
2026-05,pitcher_strikeouts,OVER,"[-500,-300]",HR≥55/EDG≥0.0/CV≤0.45/μ≥0.5/TP≥50,76,67,61,6,91.04,4.24,-3.97,12.44,2.84,0.583,12
2026-05,pitcher_strikeouts,OVER,"[-500,-300]",HR≥55/EDG≥0.0/CV≤0.45/μ≥0.5/TP≥55,76,67,61,6,91.04,4.24,-3.97,12.44,2.84,0.583,12
2026-05,pitcher_strikeouts,OVER,"[-500,-300]",HR≥55/EDG≥0.0/CV≤0.45/μ≥0.5/TP≥60,76,67,61,6,91.04,4.24,-3.97,12.44,2.84,0.583,12
2026-05,pitcher_strikeouts,OVER,"[-500,-300]",HR≥55/EDG≥0.0/CV≤0.45/μ≥0.5/TP≥65,76,67,61,6,91.04,4.24,-3.97,12.44,2.84,0.583,12
2026-05,pitcher_strikeouts,OVER,"[-500,-300]",HR≥55/EDG≥0.0/CV≤0.45/μ≥1.0/TP≥-,76,67,61,6,91.04,4.24,-3.97,12.44,2.84,0.583,12
2026-05,pitcher_strikeouts,OVER,"[-500,-300]",HR≥55/EDG≥0.0/CV≤0.45/μ≥1.0/TP≥50,76,67,61,6,91.04,4.24,-3.97,12.44,2.84,0.583,12
2026-05,pitcher_strikeouts,OVER,"[-500,-300]",HR≥55/EDG≥0.0/CV≤0.45/μ≥1.0/TP≥55,76,67,61,6,91.04,4.24,-3.97,12.44,2.84,0.583,12
2026-05,pitcher_strikeouts,OVER,"[-500,-300]",HR≥55/EDG≥0.0/CV≤0.45/μ≥1.0/TP≥60,76,67,61,6,91.04,4.24,-3.97,12.44,2.84,0.583,12
2026-05,pitcher_strikeouts,OVER,"[-500,-300]",HR≥55/EDG≥0.0/CV≤0.45/μ≥1.0/TP≥65,76,67,61,6,91.04,4.24,-3.97,12.44,2.84,0.583,12
2026-05,pitcher_strikeouts,OVER,"[-500,-300]",HR≥55/EDG≥0.0/CV≤0.4/μ≥-/TP≥-,58,50,46,4,92.0,4.84,-4.18,13.86,2.421,0.636,11
2026-05,pitcher_strikeouts,OVER,"[-500,-300]",HR≥55/EDG≥0.0/CV≤0.4/μ≥-/TP≥50,58,50,46,4,92.0,4.84,-4.18,13.86,2.421,0.636,11
2026-05,pitcher_strikeouts,OVER,"[-500,-300]",HR≥55/EDG≥0.0/CV≤0.4/μ≥-/TP≥55,58,50,46,4,92.0,4.84,-4.18,13.86,2.421,0.636,11
2026-05,pitcher_strikeouts,OVER,"[-500,-300]",HR≥55/EDG≥0.0/CV≤0.4/μ≥-/TP≥60,58,50,46,4,92.0,4.84,-4.18,13.86,2.421,0.636,11
2026-05,pitcher_strikeouts,OVER,"[-500,-300]",HR≥55/EDG≥0.0/CV≤0.4/μ≥-/TP≥65,58,50,46,4,92.0,4.84,-4.18,13.86,2.421,0.636,11
2026-05,pitcher_strikeouts,OVER,"[-500,-300]",HR≥55/EDG≥0.0/CV≤0.4/μ≥0.0/TP≥-,58,50,46,4,92.0,4.84,-4.18,13.86,2.421,0.636,11
2026-05,pitcher_strikeouts,OVER,"[-500,-300]",HR≥55/EDG≥0.0/CV≤0.4/μ≥0.0/TP≥50,58,50,46,4,92.0,4.84,-4.18,13.86,2.421,0.636,11
2026-05,pitcher_strikeouts,OVER,"[-500,-300]",HR≥55/EDG≥0.0/CV≤0.4/μ≥0.0/TP≥55,58,50,46,4,92.0,4.84,-4.18,13.86,2.421,0.636,11
2026-05,pitcher_strikeouts,OVER,"[-500,-300]",HR≥55/EDG≥0.0/CV≤0.4/μ≥0.0/TP≥60,58,50,46,4,92.0,4.84,-4.18,13.86,2.421,0.636,11
2026-05,pitcher_strikeouts,OVER,"[-500,-300]",HR≥55/EDG≥0.0/CV≤0.4/μ≥0.0/TP≥65,58,50,46,4,92.0,4.84,-4.18,13.86,2.421,0.636,11
2026-05,pitcher_strikeouts,OVER,"[-500,-300]",HR≥55/EDG≥0.0/CV≤0.4/μ≥0.5/TP≥-,58,50,46,4,92.0,4.84,-4.18,13.86,2.421,0.636,11
2026-05,pitcher_strikeouts,OVER,"[-500,-300]",HR≥55/EDG≥0.0/CV≤0.4/μ≥0.5/TP≥50,58,50,46,4,92.0,4.84,-4.18,13.86,2.421,0.636,11
2026-05,pitcher_strikeouts,OVER,"[-500,-300]",HR≥55/EDG≥0.0/CV≤0.4/μ≥0.5/TP≥55,58,50,46,4,92.0,4.84,-4.18,13.86,2.421,0.636,11
2026-05,pitcher_strikeouts,OVER,"[-500,-300]",HR≥55/EDG≥0.0/CV≤0.4/μ≥0.5/TP≥60,58,50,46,4,92.0,4.84,-4.18,13.86,2.421,0.636,11
2026-05,pitcher_strikeouts,OVER,"[-500,-300]",HR≥55/EDG≥0.0/CV≤0.4/μ≥0.5/TP≥65,58,50,46,4,92.0,4.84,-4.18,13.86,2.421,0.636,11
2026-05,pitcher_strikeouts,OVER,"[-500,-300]",HR≥55/EDG≥0.0/CV≤0.4/μ≥1.0/TP≥-,58,50,46,4,92.0,4.84,-4.18,13.86,2.421,0.636,11
2026-05,pitcher_strikeouts,OVER,"[-500,-300]",HR≥55/EDG≥0.0/CV≤0.4/μ≥1.0/TP≥50,58,50,46,4,92.0,4.84,-4.18,13.86,2.421,0.636,11
2026-05,pitcher_strikeouts,OVER,"[-500,-300]",HR≥55/EDG≥0.0/CV≤0.4/μ≥1.0/TP≥55,58,50,46,4,92.0,4.84,-4.18,13.86,2.421,0.636,11
2026-05,pitcher_strikeouts,OVER,"[-500,-300]",HR≥55/EDG≥0.0/CV≤0.4/μ≥1.0/TP≥60,58,50,46,4,92.0,4.84,-4.18,13.86,2.421,0.636,11
2026-05,pitcher_strikeouts,OVER,"[-500,-300]",HR≥55/EDG≥0.0/CV≤0.4/μ≥1.0/TP≥65,58,50,46,4,92.0,4.84,-4.18,13.86,2.421,0.636,11
2026-05,pitcher_strikeouts,OVER,"[-500,-300]",HR≥60/EDG≥-/CV≤-/μ≥-/TP≥-,544,506,448,58,88.54,-1.73,-4.89,1.42,-8.77,0.5,14
2026-05,pitcher_strikeouts,OVER,"[-500,-300]",HR≥60/EDG≥-/CV≤-/μ≥-/TP≥50,534,498,441,57,88.55,-1.85,-5.02,1.33,-9.207,0.429,14
2026-05,pitcher_strikeouts,OVER,"[-500,-300]",HR≥60/EDG≥-/CV≤-/μ≥-/TP≥55,528,492,436,56,88.62,-1.87,-5.05,1.32,-9.185,0.429,14
2026-05,pitcher_strikeouts,OVER,"[-500,-300]",HR≥60/EDG≥-/CV≤-/μ≥-/TP≥60,513,477,426,51,89.31,-1.24,-4.38,1.91,-5.908,0.429,14
2026-05,pitcher_strikeouts,OVER,"[-500,-300]",HR≥60/EDG≥-/CV≤-/μ≥-/TP≥65,484,451,405,46,89.8,-0.97,-4.13,2.19,-4.381,0.5,14
2026-05,pitcher_strikeouts,OVER,"[-500,-300]",HR≥60/EDG≥-/CV≤-/μ≥0.0/TP≥-,531,496,441,55,88.91,-1.45,-4.59,1.69,-7.207,0.429,14
2026-05,pitcher_strikeouts,OVER,"[-500,-300]",HR≥60/EDG≥-/CV≤-/μ≥0.0/TP≥50,531,496,441,55,88.91,-1.45,-4.59,1.69,-7.207,0.429,14
2026-05,pitcher_strikeouts,OVER,"[-500,-300]",HR≥60/EDG≥-/CV≤-/μ≥0.0/TP≥55,525,490,436,54,88.98,-1.47,-4.61,1.68,-7.185,0.5,14
2026-05,pitcher_strikeouts,OVER,"[-500,-300]",HR≥60/EDG≥-/CV≤-/μ≥0.0/TP≥60,510,475,426,49,89.68,-0.82,-3.93,2.28,-3.908,0.429,14
2026-05,pitcher_strikeouts,OVER,"[-500,-300]",HR≥60/EDG≥-/CV≤-/μ≥0.0/TP≥65,481,449,405,44,90.2,-0.53,-3.65,2.58,-2.381,0.5,14
2026-05,pitcher_strikeouts,OVER,"[-500,-300]",HR≥60/EDG≥-/CV≤-/μ≥0.5/TP≥-,505,471,423,48,89.81,-0.86,-3.95,2.24,-4.03,0.429,14
2026-05,pitcher_strikeouts,OVER,"[-500,-300]",HR≥60/EDG≥-/CV≤-/μ≥0.5/TP≥50,505,471,423,48,89.81,-0.86,-3.95,2.24,-4.03,0.429,14
2026-05,pitcher_strikeouts,OVER,"[-500,-300]",HR≥60/EDG≥-/CV≤-/μ≥0.5/TP≥55,505,471,423,48,89.81,-0.86,-3.95,2.24,-4.03,0.429,14
2026-05,pitcher_strikeouts,OVER,"[-500,-300]",HR≥60/EDG≥-/CV≤-/μ≥0.5/TP≥60,500,466,419,47,89.91,-0.78,-3.87,2.32,-3.615,0.357,14
2026-05,pitcher_strikeouts,OVER,"[-500,-300]",HR≥60/EDG≥-/CV≤-/μ≥0.5/TP≥65,477,445,402,43,90.34,-0.48,-3.59,2.63,-2.135,0.429,14
2026-05,pitcher_strikeouts,OVER,"[-500,-300]",HR≥60/EDG≥-/CV≤-/μ≥1.0/TP≥-,440,413,377,36,91.28,0.2,-2.88,3.27,0.811,0.571,14
2026-05,pitcher_strikeouts,OVER,"[-500,-300]",HR≥60/EDG≥-/CV≤-/μ≥1.0/TP≥50,440,413,377,36,91.28,0.2,-2.88,3.27,0.811,0.571,14
2026-05,pitcher_strikeouts,OVER,"[-500,-300]",HR≥60/EDG≥-/CV≤-/μ≥1.0/TP≥55,440,413,377,36,91.28,0.2,-2.88,3.27,0.811,0.571,14
2026-05,pitcher_strikeouts,OVER,"[-500,-300]",HR≥60/EDG≥-/CV≤-/μ≥1.0/TP≥60,440,413,377,36,91.28,0.2,-2.88,3.27,0.811,0.571,14
2026-05,pitcher_strikeouts,OVER,"[-500,-300]",HR≥60/EDG≥-/CV≤-/μ≥1.0/TP≥65,436,409,373,36,91.2,0.12,-2.98,3.22,0.491,0.571,14
2026-05,pitcher_strikeouts,OVER,"[-500,-300]",HR≥60/EDG≥-/CV≤0.7/μ≥-/TP≥-,512,478,421,57,88.08,-2.24,-5.54,1.06,-10.712,0.5,14
2026-05,pitcher_strikeouts,OVER,"[-500,-300]",HR≥60/EDG≥-/CV≤0.7/μ≥-/TP≥50,504,472,416,56,88.14,-2.27,-5.58,1.04,-10.72,0.429,14
2026-05,pitcher_strikeouts,OVER,"[-500,-300]",HR≥60/EDG≥-/CV≤0.7/μ≥-/TP≥55,499,467,412,55,88.22,-2.27,-5.58,1.05,-10.587,0.429,14
2026-05,pitcher_strikeouts,OVER,"[-500,-300]",HR≥60/EDG≥-/CV≤0.7/μ≥-/TP≥60,484,452,402,50,88.94,-1.62,-4.9,1.66,-7.311,0.5,14
2026-05,pitcher_strikeouts,OVER,"[-500,-300]",HR≥60/EDG≥-/CV≤0.7/μ≥-/TP≥65,458,429,384,45,89.51,-1.3,-4.58,1.98,-5.588,0.5,14
2026-05,pitcher_strikeouts,OVER,"[-500,-300]",HR≥60/EDG≥-/CV≤0.7/μ≥0.0/TP≥-,501,470,416,54,88.51,-1.86,-5.13,1.42,-8.72,0.429,14
2026-05,pitcher_strikeouts,OVER,"[-500,-300]",HR≥60/EDG≥-/CV≤0.7/μ≥0.0/TP≥50,501,470,416,54,88.51,-1.86,-5.13,1.42,-8.72,0.429,14
2026-05,pitcher_strikeouts,OVER,"[-500,-300]",HR≥60/EDG≥-/CV≤0.7/μ≥0.0/TP≥55,496,465,412,53,88.6,-1.85,-5.13,1.43,-8.587,0.429,14
2026-05,pitcher_strikeouts,OVER,"[-500,-300]",HR≥60/EDG≥-/CV≤0.7/μ≥0.0/TP≥60,481,450,402,48,89.33,-1.18,-4.42,2.06,-5.311,0.5,14
2026-05,pitcher_strikeouts,OVER,"[-500,-300]",HR≥60/EDG≥-/CV≤0.7/μ≥0.0/TP≥65,455,427,384,43,89.93,-0.84,-4.07,2.39,-3.588,0.571,14
2026-05,pitcher_strikeouts,OVER,"[-500,-300]",HR≥60/EDG≥-/CV≤0.7/μ≥0.5/TP≥-,476,446,399,47,89.46,-1.22,-4.44,2.01,-5.432,0.357,14
2026-05,pitcher_strikeouts,OVER,"[-500,-300]",HR≥60/EDG≥-/CV≤0.7/μ≥0.5/TP≥50,476,446,399,47,89.46,-1.22,-4.44,2.01,-5.432,0.357,14
2026-05,pitcher_strikeouts,OVER,"[-500,-300]",HR≥60/EDG≥-/CV≤0.7/μ≥0.5/TP≥55,476,446,399,47,89.46,-1.22,-4.44,2.01,-5.432,0.357,14
2026-05,pitcher_strikeouts,OVER,"[-500,-300]",HR≥60/EDG≥-/CV≤0.7/μ≥0.5/TP≥60,471,441,395,46,89.57,-1.14,-4.37,2.09,-5.017,0.429,14
2026-05,pitcher_strikeouts,OVER,"[-500,-300]",HR≥60/EDG≥-/CV≤0.7/μ≥0.5/TP≥65,451,423,381,42,90.07,-0.79,-4.01,2.43,-3.342,0.429,14
2026-05,pitcher_strikeouts,OVER,"[-500,-300]",HR≥60/EDG≥-/CV≤0.7/μ≥1.0/TP≥-,413,390,355,35,91.03,-0.11,-3.31,3.09,-0.442,0.5,14
2026-05,pitcher_strikeouts,OVER,"[-500,-300]",HR≥60/EDG≥-/CV≤0.7/μ≥1.0/TP≥50,413,390,355,35,91.03,-0.11,-3.31,3.09,-0.442,0.5,14
2026-05,pitcher_strikeouts,OVER,"[-500,-300]",HR≥60/EDG≥-/CV≤0.7/μ≥1.0/TP≥55,413,390,355,35,91.03,-0.11,-3.31,3.09,-0.442,0.5,14
2026-05,pitcher_strikeouts,OVER,"[-500,-300]",HR≥60/EDG≥-/CV≤0.7/μ≥1.0/TP≥60,413,390,355,35,91.03,-0.11,-3.31,3.09,-0.442,0.5,14
2026-05,pitcher_strikeouts,OVER,"[-500,-300]",HR≥60/EDG≥-/CV≤0.7/μ≥1.0/TP≥65,412,389,354,35,91.0,-0.15,-3.35,3.06,-0.567,0.5,14
2026-05,pitcher_strikeouts,OVER,"[-500,-300]",HR≥60/EDG≥-/CV≤0.6/μ≥-/TP≥-,467,436,385,51,88.3,-1.94,-5.37,1.5,-8.439,0.429,14
2026-05,pitcher_strikeouts,OVER,"[-500,-300]",HR≥60/EDG≥-/CV≤0.6/μ≥-/TP≥50,459,430,380,50,88.37,-1.96,-5.41,1.48,-8.447,0.429,14
2026-05,pitcher_strikeouts,OVER,"[-500,-300]",HR≥60/EDG≥-/CV≤0.6/μ≥-/TP≥55,456,427,378,49,88.52,-1.84,-5.28,1.6,-7.851,0.429,14
2026-05,pitcher_strikeouts,OVER,"[-500,-300]",HR≥60/EDG≥-/CV≤0.6/μ≥-/TP≥60,444,415,370,45,89.16,-1.28,-4.68,2.13,-5.295,0.571,14
2026-05,pitcher_strikeouts,OVER,"[-500,-300]",HR≥60/EDG≥-/CV≤0.6/μ≥-/TP≥65,423,395,355,40,89.87,-0.8,-4.17,2.58,-3.148,0.5,14
2026-05,pitcher_strikeouts,OVER,"[-500,-300]",HR≥60/EDG≥-/CV≤0.6/μ≥0.0/TP≥-,456,428,380,48,88.79,-1.51,-4.91,1.9,-6.447,0.429,14
2026-05,pitcher_strikeouts,OVER,"[-500,-300]",HR≥60/EDG≥-/CV≤0.6/μ≥0.0/TP≥50,456,428,380,48,88.79,-1.51,-4.91,1.9,-6.447,0.429,14
2026-05,pitcher_strikeouts,OVER,"[-500,-300]",HR≥60/EDG≥-/CV≤0.6/μ≥0.0/TP≥55,453,425,378,47,88.94,-1.38,-4.77,2.02,-5.851,0.429,14
2026-05,pitcher_strikeouts,OVER,"[-500,-300]",HR≥60/EDG≥-/CV≤0.6/μ≥0.0/TP≥60,441,413,370,43,89.59,-0.8,-4.15,2.55,-3.295,0.571,14
2026-05,pitcher_strikeouts,OVER,"[-500,-300]",HR≥60/EDG≥-/CV≤0.6/μ≥0.0/TP≥65,420,393,355,38,90.33,-0.29,-3.61,3.03,-1.148,0.571,14
2026-05,pitcher_strikeouts,OVER,"[-500,-300]",HR≥60/EDG≥-/CV≤0.6/μ≥0.5/TP≥-,436,408,366,42,89.71,-0.87,-4.21,2.48,-3.542,0.429,14
2026-05,pitcher_strikeouts,OVER,"[-500,-300]",HR≥60/EDG≥-/CV≤0.6/μ≥0.5/TP≥50,436,408,366,42,89.71,-0.87,-4.21,2.48,-3.542,0.429,14
2026-05,pitcher_strikeouts,OVER,"[-500,-300]",HR≥60/EDG≥-/CV≤0.6/μ≥0.5/TP≥55,436,408,366,42,89.71,-0.87,-4.21,2.48,-3.542,0.429,14
2026-05,pitcher_strikeouts,OVER,"[-500,-300]",HR≥60/EDG≥-/CV≤0.6/μ≥0.5/TP≥60,432,404,363,41,89.85,-0.74,-4.08,2.6,-3.002,0.429,14
2026-05,pitcher_strikeouts,OVER,"[-500,-300]",HR≥60/EDG≥-/CV≤0.6/μ≥0.5/TP≥65,416,389,352,37,90.49,-0.23,-3.54,3.07,-0.901,0.5,14
2026-05,pitcher_strikeouts,OVER,"[-500,-300]",HR≥60/EDG≥-/CV≤0.6/μ≥1.0/TP≥-,385,362,329,33,90.88,-0.23,-3.58,3.12,-0.827,0.5,14
2026-05,pitcher_strikeouts,OVER,"[-500,-300]",HR≥60/EDG≥-/CV≤0.6/μ≥1.0/TP≥50,385,362,329,33,90.88,-0.23,-3.58,3.12,-0.827,0.5,14
2026-05,pitcher_strikeouts,OVER,"[-500,-300]",HR≥60/EDG≥-/CV≤0.6/μ≥1.0/TP≥55,385,362,329,33,90.88,-0.23,-3.58,3.12,-0.827,0.5,14
2026-05,pitcher_strikeouts,OVER,"[-500,-300]",HR≥60/EDG≥-/CV≤0.6/μ≥1.0/TP≥60,385,362,329,33,90.88,-0.23,-3.58,3.12,-0.827,0.5,14
2026-05,pitcher_strikeouts,OVER,"[-500,-300]",HR≥60/EDG≥-/CV≤0.6/μ≥1.0/TP≥65,385,362,329,33,90.88,-0.23,-3.58,3.12,-0.827,0.5,14
2026-05,pitcher_strikeouts,OVER,"[-500,-300]",HR≥60/EDG≥-/CV≤0.5/μ≥-/TP≥-,382,360,317,43,88.06,-2.05,-5.88,1.77,-7.391,0.429,14
2026-05,pitcher_strikeouts,OVER,"[-500,-300]",HR≥60/EDG≥-/CV≤0.5/μ≥-/TP≥50,375,354,312,42,88.14,-2.09,-5.93,1.75,-7.399,0.429,14
2026-05,pitcher_strikeouts,OVER,"[-500,-300]",HR≥60/EDG≥-/CV≤0.5/μ≥-/TP≥55,373,352,310,42,88.07,-2.22,-6.07,1.64,-7.803,0.429,14
2026-05,pitcher_strikeouts,OVER,"[-500,-300]",HR≥60/EDG≥-/CV≤0.5/μ≥-/TP≥60,366,345,306,39,88.7,-1.63,-5.43,2.18,-5.613,0.571,14
2026-05,pitcher_strikeouts,OVER,"[-500,-300]",HR≥60/EDG≥-/CV≤0.5/μ≥-/TP≥65,349,329,295,34,89.67,-0.84,-4.58,2.9,-2.761,0.571,14
2026-05,pitcher_strikeouts,OVER,"[-500,-300]",HR≥60/EDG≥-/CV≤0.5/μ≥0.0/TP≥-,372,352,312,40,88.64,-1.53,-5.32,2.25,-5.399,0.429,14
2026-05,pitcher_strikeouts,OVER,"[-500,-300]",HR≥60/EDG≥-/CV≤0.5/μ≥0.0/TP≥50,372,352,312,40,88.64,-1.53,-5.32,2.25,-5.399,0.429,14
2026-05,pitcher_strikeouts,OVER,"[-500,-300]",HR≥60/EDG≥-/CV≤0.5/μ≥0.0/TP≥55,370,350,310,40,88.57,-1.66,-5.46,2.14,-5.803,0.429,14
2026-05,pitcher_strikeouts,OVER,"[-500,-300]",HR≥60/EDG≥-/CV≤0.5/μ≥0.0/TP≥60,363,343,306,37,89.21,-1.05,-4.8,2.69,-3.613,0.571,14
2026-05,pitcher_strikeouts,OVER,"[-500,-300]",HR≥60/EDG≥-/CV≤0.5/μ≥0.0/TP≥65,346,327,295,32,90.21,-0.23,-3.9,3.44,-0.761,0.571,14
2026-05,pitcher_strikeouts,OVER,"[-500,-300]",HR≥60/EDG≥-/CV≤0.5/μ≥0.5/TP≥-,355,335,300,35,89.55,-0.97,-4.7,2.75,-3.264,0.5,14
2026-05,pitcher_strikeouts,OVER,"[-500,-300]",HR≥60/EDG≥-/CV≤0.5/μ≥0.5/TP≥50,355,335,300,35,89.55,-0.97,-4.7,2.75,-3.264,0.5,14
2026-05,pitcher_strikeouts,OVER,"[-500,-300]",HR≥60/EDG≥-/CV≤0.5/μ≥0.5/TP≥55,355,335,300,35,89.55,-0.97,-4.7,2.75,-3.264,0.5,14
2026-05,pitcher_strikeouts,OVER,"[-500,-300]",HR≥60/EDG≥-/CV≤0.5/μ≥0.5/TP≥60,355,335,300,35,89.55,-0.97,-4.7,2.75,-3.264,0.5,14
2026-05,pitcher_strikeouts,OVER,"[-500,-300]",HR≥60/EDG≥-/CV≤0.5/μ≥0.5/TP≥65,342,323,292,31,90.4,-0.16,-3.81,3.49,-0.515,0.5,14
2026-05,pitcher_strikeouts,OVER,"[-500,-300]",HR≥60/EDG≥-/CV≤0.5/μ≥1.0/TP≥-,316,299,271,28,90.64,-0.41,-4.14,3.32,-1.23,0.571,14
2026-05,pitcher_strikeouts,OVER,"[-500,-300]",HR≥60/EDG≥-/CV≤0.5/μ≥1.0/TP≥50,316,299,271,28,90.64,-0.41,-4.14,3.32,-1.23,0.571,14
2026-05,pitcher_strikeouts,OVER,"[-500,-300]",HR≥60/EDG≥-/CV≤0.5/μ≥1.0/TP≥55,316,299,271,28,90.64,-0.41,-4.14,3.32,-1.23,0.571,14
2026-05,pitcher_strikeouts,OVER,"[-500,-300]",HR≥60/EDG≥-/CV≤0.5/μ≥1.0/TP≥60,316,299,271,28,90.64,-0.41,-4.14,3.32,-1.23,0.571,14
2026-05,pitcher_strikeouts,OVER,"[-500,-300]",HR≥60/EDG≥-/CV≤0.5/μ≥1.0/TP≥65,316,299,271,28,90.64,-0.41,-4.14,3.32,-1.23,0.571,14
2026-05,pitcher_strikeouts,OVER,"[-500,-300]",HR≥60/EDG≥-/CV≤0.45/μ≥-/TP≥-,310,289,258,31,89.27,-0.65,-4.74,3.43,-1.893,0.5,14
2026-05,pitcher_strikeouts,OVER,"[-500,-300]",HR≥60/EDG≥-/CV≤0.45/μ≥-/TP≥50,303,283,253,30,89.4,-0.67,-4.78,3.43,-1.901,0.5,14
2026-05,pitcher_strikeouts,OVER,"[-500,-300]",HR≥60/EDG≥-/CV≤0.45/μ≥-/TP≥55,301,281,251,30,89.32,-0.82,-4.95,3.31,-2.305,0.5,14
2026-05,pitcher_strikeouts,OVER,"[-500,-300]",HR≥60/EDG≥-/CV≤0.45/μ≥-/TP≥60,297,277,249,28,89.89,-0.29,-4.35,3.78,-0.793,0.571,14
2026-05,pitcher_strikeouts,OVER,"[-500,-300]",HR≥60/EDG≥-/CV≤0.45/μ≥-/TP≥65,282,263,240,23,91.25,0.92,-2.99,4.82,2.414,0.643,14
2026-05,pitcher_strikeouts,OVER,"[-500,-300]",HR≥60/EDG≥-/CV≤0.45/μ≥0.0/TP≥-,301,282,253,29,89.72,-0.32,-4.38,3.74,-0.901,0.5,14
2026-05,pitcher_strikeouts,OVER,"[-500,-300]",HR≥60/EDG≥-/CV≤0.45/μ≥0.0/TP≥50,301,282,253,29,89.72,-0.32,-4.38,3.74,-0.901,0.5,14
2026-05,pitcher_strikeouts,OVER,"[-500,-300]",HR≥60/EDG≥-/CV≤0.45/μ≥0.0/TP≥55,299,280,251,29,89.64,-0.47,-4.55,3.62,-1.305,0.5,14
2026-05,pitcher_strikeouts,OVER,"[-500,-300]",HR≥60/EDG≥-/CV≤0.45/μ≥0.0/TP≥60,295,276,249,27,90.22,0.08,-3.94,4.09,0.207,0.571,14
2026-05,pitcher_strikeouts,OVER,"[-500,-300]",HR≥60/EDG≥-/CV≤0.45/μ≥0.0/TP≥65,280,262,240,22,91.6,1.3,-2.54,5.15,3.414,0.643,14
2026-05,pitcher_strikeouts,OVER,"[-500,-300]",HR≥60/EDG≥-/CV≤0.45/μ≥0.5/TP≥-,288,269,244,25,90.71,0.31,-3.65,4.27,0.823,0.643,14
2026-05,pitcher_strikeouts,OVER,"[-500,-300]",HR≥60/EDG≥-/CV≤0.45/μ≥0.5/TP≥50,288,269,244,25,90.71,0.31,-3.65,4.27,0.823,0.643,14
2026-05,pitcher_strikeouts,OVER,"[-500,-300]",HR≥60/EDG≥-/CV≤0.45/μ≥0.5/TP≥55,288,269,244,25,90.71,0.31,-3.65,4.27,0.823,0.643,14
2026-05,pitcher_strikeouts,OVER,"[-500,-300]",HR≥60/EDG≥-/CV≤0.45/μ≥0.5/TP≥60,288,269,244,25,90.71,0.31,-3.65,4.27,0.823,0.643,14
2026-05,pitcher_strikeouts,OVER,"[-500,-300]",HR≥60/EDG≥-/CV≤0.45/μ≥0.5/TP≥65,277,259,238,21,91.89,1.52,-2.29,5.32,3.927,0.643,14
2026-05,pitcher_strikeouts,OVER,"[-500,-300]",HR≥60/EDG≥-/CV≤0.45/μ≥1.0/TP≥-,253,237,218,19,91.98,0.97,-2.96,4.89,2.296,0.714,14
2026-05,pitcher_strikeouts,OVER,"[-500,-300]",HR≥60/EDG≥-/CV≤0.45/μ≥1.0/TP≥50,253,237,218,19,91.98,0.97,-2.96,4.89,2.296,0.714,14
2026-05,pitcher_strikeouts,OVER,"[-500,-300]",HR≥60/EDG≥-/CV≤0.45/μ≥1.0/TP≥55,253,237,218,19,91.98,0.97,-2.96,4.89,2.296,0.714,14
2026-05,pitcher_strikeouts,OVER,"[-500,-300]",HR≥60/EDG≥-/CV≤0.45/μ≥1.0/TP≥60,253,237,218,19,91.98,0.97,-2.96,4.89,2.296,0.714,14
2026-05,pitcher_strikeouts,OVER,"[-500,-300]",HR≥60/EDG≥-/CV≤0.45/μ≥1.0/TP≥65,253,237,218,19,91.98,0.97,-2.96,4.89,2.296,0.714,14
2026-05,pitcher_strikeouts,OVER,"[-500,-300]",HR≥60/EDG≥-/CV≤0.4/μ≥-/TP≥-,212,198,176,22,88.89,-0.54,-5.59,4.51,-1.068,0.571,14
2026-05,pitcher_strikeouts,OVER,"[-500,-300]",HR≥60/EDG≥-/CV≤0.4/μ≥-/TP≥50,207,193,172,21,89.12,-0.44,-5.5,4.63,-0.84,0.571,14
2026-05,pitcher_strikeouts,OVER,"[-500,-300]",HR≥60/EDG≥-/CV≤0.4/μ≥-/TP≥55,205,191,170,21,89.01,-0.65,-5.76,4.46,-1.244,0.571,14
2026-05,pitcher_strikeouts,OVER,"[-500,-300]",HR≥60/EDG≥-/CV≤0.4/μ≥-/TP≥60,203,189,169,20,89.42,-0.26,-5.31,4.8,-0.482,0.5,14
2026-05,pitcher_strikeouts,OVER,"[-500,-300]",HR≥60/EDG≥-/CV≤0.4/μ≥-/TP≥65,192,178,163,15,91.57,1.66,-3.04,6.36,2.956,0.643,14
2026-05,pitcher_strikeouts,OVER,"[-500,-300]",HR≥60/EDG≥-/CV≤0.4/μ≥0.0/TP≥-,205,192,172,20,89.58,0.08,-4.9,5.07,0.16,0.571,14
2026-05,pitcher_strikeouts,OVER,"[-500,-300]",HR≥60/EDG≥-/CV≤0.4/μ≥0.0/TP≥50,205,192,172,20,89.58,0.08,-4.9,5.07,0.16,0.571,14
2026-05,pitcher_strikeouts,OVER,"[-500,-300]",HR≥60/EDG≥-/CV≤0.4/μ≥0.0/TP≥55,203,190,170,20,89.47,-0.13,-5.16,4.9,-0.244,0.571,14
2026-05,pitcher_strikeouts,OVER,"[-500,-300]",HR≥60/EDG≥-/CV≤0.4/μ≥0.0/TP≥60,201,188,169,19,89.89,0.28,-4.69,5.24,0.518,0.5,14
2026-05,pitcher_strikeouts,OVER,"[-500,-300]",HR≥60/EDG≥-/CV≤0.4/μ≥0.0/TP≥65,190,177,163,14,92.09,2.24,-2.35,6.82,3.956,0.643,14
2026-05,pitcher_strikeouts,OVER,"[-500,-300]",HR≥60/EDG≥-/CV≤0.4/μ≥0.5/TP≥-,194,181,164,17,90.61,0.63,-4.25,5.51,1.133,0.571,14
2026-05,pitcher_strikeouts,OVER,"[-500,-300]",HR≥60/EDG≥-/CV≤0.4/μ≥0.5/TP≥50,194,181,164,17,90.61,0.63,-4.25,5.51,1.133,0.571,14
2026-05,pitcher_strikeouts,OVER,"[-500,-300]",HR≥60/EDG≥-/CV≤0.4/μ≥0.5/TP≥55,194,181,164,17,90.61,0.63,-4.25,5.51,1.133,0.571,14
2026-05,pitcher_strikeouts,OVER,"[-500,-300]",HR≥60/EDG≥-/CV≤0.4/μ≥0.5/TP≥60,194,181,164,17,90.61,0.63,-4.25,5.51,1.133,0.571,14
2026-05,pitcher_strikeouts,OVER,"[-500,-300]",HR≥60/EDG≥-/CV≤0.4/μ≥0.5/TP≥65,187,174,161,13,92.53,2.57,-1.94,7.08,4.47,0.643,14
2026-05,pitcher_strikeouts,OVER,"[-500,-300]",HR≥60/EDG≥-/CV≤0.4/μ≥1.0/TP≥-,168,157,145,12,92.36,1.58,-3.16,6.31,2.475,0.571,14
2026-05,pitcher_strikeouts,OVER,"[-500,-300]",HR≥60/EDG≥-/CV≤0.4/μ≥1.0/TP≥50,168,157,145,12,92.36,1.58,-3.16,6.31,2.475,0.571,14
2026-05,pitcher_strikeouts,OVER,"[-500,-300]",HR≥60/EDG≥-/CV≤0.4/μ≥1.0/TP≥55,168,157,145,12,92.36,1.58,-3.16,6.31,2.475,0.571,14
2026-05,pitcher_strikeouts,OVER,"[-500,-300]",HR≥60/EDG≥-/CV≤0.4/μ≥1.0/TP≥60,168,157,145,12,92.36,1.58,-3.16,6.31,2.475,0.571,14
2026-05,pitcher_strikeouts,OVER,"[-500,-300]",HR≥60/EDG≥-/CV≤0.4/μ≥1.0/TP≥65,168,157,145,12,92.36,1.58,-3.16,6.31,2.475,0.571,14
2026-05,pitcher_strikeouts,OVER,"[-500,-300]",HR≥60/EDG≥-5.0/CV≤-/μ≥-/TP≥-,215,200,186,14,93.0,3.72,-0.4,7.85,7.445,0.786,14
2026-05,pitcher_strikeouts,OVER,"[-500,-300]",HR≥60/EDG≥-5.0/CV≤-/μ≥-/TP≥50,215,200,186,14,93.0,3.72,-0.4,7.85,7.445,0.786,14
2026-05,pitcher_strikeouts,OVER,"[-500,-300]",HR≥60/EDG≥-5.0/CV≤-/μ≥-/TP≥55,215,200,186,14,93.0,3.72,-0.4,7.85,7.445,0.786,14
2026-05,pitcher_strikeouts,OVER,"[-500,-300]",HR≥60/EDG≥-5.0/CV≤-/μ≥-/TP≥60,215,200,186,14,93.0,3.72,-0.4,7.85,7.445,0.786,14
2026-05,pitcher_strikeouts,OVER,"[-500,-300]",HR≥60/EDG≥-5.0/CV≤-/μ≥-/TP≥65,215,200,186,14,93.0,3.72,-0.4,7.85,7.445,0.786,14
2026-05,pitcher_strikeouts,OVER,"[-500,-300]",HR≥60/EDG≥-5.0/CV≤-/μ≥0.0/TP≥-,215,200,186,14,93.0,3.72,-0.4,7.85,7.445,0.786,14
2026-05,pitcher_strikeouts,OVER,"[-500,-300]",HR≥60/EDG≥-5.0/CV≤-/μ≥0.0/TP≥50,215,200,186,14,93.0,3.72,-0.4,7.85,7.445,0.786,14
2026-05,pitcher_strikeouts,OVER,"[-500,-300]",HR≥60/EDG≥-5.0/CV≤-/μ≥0.0/TP≥55,215,200,186,14,93.0,3.72,-0.4,7.85,7.445,0.786,14
2026-05,pitcher_strikeouts,OVER,"[-500,-300]",HR≥60/EDG≥-5.0/CV≤-/μ≥0.0/TP≥60,215,200,186,14,93.0,3.72,-0.4,7.85,7.445,0.786,14
2026-05,pitcher_strikeouts,OVER,"[-500,-300]",HR≥60/EDG≥-5.0/CV≤-/μ≥0.0/TP≥65,215,200,186,14,93.0,3.72,-0.4,7.85,7.445,0.786,14
2026-05,pitcher_strikeouts,OVER,"[-500,-300]",HR≥60/EDG≥-5.0/CV≤-/μ≥0.5/TP≥-,215,200,186,14,93.0,3.72,-0.4,7.85,7.445,0.786,14
2026-05,pitcher_strikeouts,OVER,"[-500,-300]",HR≥60/EDG≥-5.0/CV≤-/μ≥0.5/TP≥50,215,200,186,14,93.0,3.72,-0.4,7.85,7.445,0.786,14
2026-05,pitcher_strikeouts,OVER,"[-500,-300]",HR≥60/EDG≥-5.0/CV≤-/μ≥0.5/TP≥55,215,200,186,14,93.0,3.72,-0.4,7.85,7.445,0.786,14
2026-05,pitcher_strikeouts,OVER,"[-500,-300]",HR≥60/EDG≥-5.0/CV≤-/μ≥0.5/TP≥60,215,200,186,14,93.0,3.72,-0.4,7.85,7.445,0.786,14
2026-05,pitcher_strikeouts,OVER,"[-500,-300]",HR≥60/EDG≥-5.0/CV≤-/μ≥0.5/TP≥65,215,200,186,14,93.0,3.72,-0.4,7.85,7.445,0.786,14
2026-05,pitcher_strikeouts,OVER,"[-500,-300]",HR≥60/EDG≥-5.0/CV≤-/μ≥1.0/TP≥-,212,198,184,14,92.93,3.47,-0.68,7.63,6.88,0.786,14
2026-05,pitcher_strikeouts,OVER,"[-500,-300]",HR≥60/EDG≥-5.0/CV≤-/μ≥1.0/TP≥50,212,198,184,14,92.93,3.47,-0.68,7.63,6.88,0.786,14
2026-05,pitcher_strikeouts,OVER,"[-500,-300]",HR≥60/EDG≥-5.0/CV≤-/μ≥1.0/TP≥55,212,198,184,14,92.93,3.47,-0.68,7.63,6.88,0.786,14
2026-05,pitcher_strikeouts,OVER,"[-500,-300]",HR≥60/EDG≥-5.0/CV≤-/μ≥1.0/TP≥60,212,198,184,14,92.93,3.47,-0.68,7.63,6.88,0.786,14
2026-05,pitcher_strikeouts,OVER,"[-500,-300]",HR≥60/EDG≥-5.0/CV≤-/μ≥1.0/TP≥65,212,198,184,14,92.93,3.47,-0.68,7.63,6.88,0.786,14
2026-05,pitcher_strikeouts,OVER,"[-500,-300]",HR≥60/EDG≥-5.0/CV≤0.7/μ≥-/TP≥-,209,194,181,13,93.3,3.99,-0.12,8.1,7.747,0.786,14
2026-05,pitcher_strikeouts,OVER,"[-500,-300]",HR≥60/EDG≥-5.0/CV≤0.7/μ≥-/TP≥50,209,194,181,13,93.3,3.99,-0.12,8.1,7.747,0.786,14
2026-05,pitcher_strikeouts,OVER,"[-500,-300]",HR≥60/EDG≥-5.0/CV≤0.7/μ≥-/TP≥55,209,194,181,13,93.3,3.99,-0.12,8.1,7.747,0.786,14
2026-05,pitcher_strikeouts,OVER,"[-500,-300]",HR≥60/EDG≥-5.0/CV≤0.7/μ≥-/TP≥60,209,194,181,13,93.3,3.99,-0.12,8.1,7.747,0.786,14
2026-05,pitcher_strikeouts,OVER,"[-500,-300]",HR≥60/EDG≥-5.0/CV≤0.7/μ≥-/TP≥65,209,194,181,13,93.3,3.99,-0.12,8.1,7.747,0.786,14
2026-05,pitcher_strikeouts,OVER,"[-500,-300]",HR≥60/EDG≥-5.0/CV≤0.7/μ≥0.0/TP≥-,209,194,181,13,93.3,3.99,-0.12,8.1,7.747,0.786,14
2026-05,pitcher_strikeouts,OVER,"[-500,-300]",HR≥60/EDG≥-5.0/CV≤0.7/μ≥0.0/TP≥50,209,194,181,13,93.3,3.99,-0.12,8.1,7.747,0.786,14
2026-05,pitcher_strikeouts,OVER,"[-500,-300]",HR≥60/EDG≥-5.0/CV≤0.7/μ≥0.0/TP≥55,209,194,181,13,93.3,3.99,-0.12,8.1,7.747,0.786,14
2026-05,pitcher_strikeouts,OVER,"[-500,-300]",HR≥60/EDG≥-5.0/CV≤0.7/μ≥0.0/TP≥60,209,194,181,13,93.3,3.99,-0.12,8.1,7.747,0.786,14
2026-05,pitcher_strikeouts,OVER,"[-500,-300]",HR≥60/EDG≥-5.0/CV≤0.7/μ≥0.0/TP≥65,209,194,181,13,93.3,3.99,-0.12,8.1,7.747,0.786,14
2026-05,pitcher_strikeouts,OVER,"[-500,-300]",HR≥60/EDG≥-5.0/CV≤0.7/μ≥0.5/TP≥-,209,194,181,13,93.3,3.99,-0.12,8.1,7.747,0.786,14
2026-05,pitcher_strikeouts,OVER,"[-500,-300]",HR≥60/EDG≥-5.0/CV≤0.7/μ≥0.5/TP≥50,209,194,181,13,93.3,3.99,-0.12,8.1,7.747,0.786,14
2026-05,pitcher_strikeouts,OVER,"[-500,-300]",HR≥60/EDG≥-5.0/CV≤0.7/μ≥0.5/TP≥55,209,194,181,13,93.3,3.99,-0.12,8.1,7.747,0.786,14
2026-05,pitcher_strikeouts,OVER,"[-500,-300]",HR≥60/EDG≥-5.0/CV≤0.7/μ≥0.5/TP≥60,209,194,181,13,93.3,3.99,-0.12,8.1,7.747,0.786,14
2026-05,pitcher_strikeouts,OVER,"[-500,-300]",HR≥60/EDG≥-5.0/CV≤0.7/μ≥0.5/TP≥65,209,194,181,13,93.3,3.99,-0.12,8.1,7.747,0.786,14
2026-05,pitcher_strikeouts,OVER,"[-500,-300]",HR≥60/EDG≥-5.0/CV≤0.7/μ≥1.0/TP≥-,206,192,179,13,93.23,3.74,-0.4,7.88,7.182,0.786,14
2026-05,pitcher_strikeouts,OVER,"[-500,-300]",HR≥60/EDG≥-5.0/CV≤0.7/μ≥1.0/TP≥50,206,192,179,13,93.23,3.74,-0.4,7.88,7.182,0.786,14
2026-05,pitcher_strikeouts,OVER,"[-500,-300]",HR≥60/EDG≥-5.0/CV≤0.7/μ≥1.0/TP≥55,206,192,179,13,93.23,3.74,-0.4,7.88,7.182,0.786,14
2026-05,pitcher_strikeouts,OVER,"[-500,-300]",HR≥60/EDG≥-5.0/CV≤0.7/μ≥1.0/TP≥60,206,192,179,13,93.23,3.74,-0.4,7.88,7.182,0.786,14
2026-05,pitcher_strikeouts,OVER,"[-500,-300]",HR≥60/EDG≥-5.0/CV≤0.7/μ≥1.0/TP≥65,206,192,179,13,93.23,3.74,-0.4,7.88,7.182,0.786,14
2026-05,pitcher_strikeouts,OVER,"[-500,-300]",HR≥60/EDG≥-5.0/CV≤0.6/μ≥-/TP≥-,204,189,177,12,93.65,4.26,0.2,8.33,8.056,0.643,14
2026-05,pitcher_strikeouts,OVER,"[-500,-300]",HR≥60/EDG≥-5.0/CV≤0.6/μ≥-/TP≥50,204,189,177,12,93.65,4.26,0.2,8.33,8.056,0.643,14
2026-05,pitcher_strikeouts,OVER,"[-500,-300]",HR≥60/EDG≥-5.0/CV≤0.6/μ≥-/TP≥55,204,189,177,12,93.65,4.26,0.2,8.33,8.056,0.643,14
2026-05,pitcher_strikeouts,OVER,"[-500,-300]",HR≥60/EDG≥-5.0/CV≤0.6/μ≥-/TP≥60,204,189,177,12,93.65,4.26,0.2,8.33,8.056,0.643,14
2026-05,pitcher_strikeouts,OVER,"[-500,-300]",HR≥60/EDG≥-5.0/CV≤0.6/μ≥-/TP≥65,204,189,177,12,93.65,4.26,0.2,8.33,8.056,0.643,14
2026-05,pitcher_strikeouts,OVER,"[-500,-300]",HR≥60/EDG≥-5.0/CV≤0.6/μ≥0.0/TP≥-,204,189,177,12,93.65,4.26,0.2,8.33,8.056,0.643,14
2026-05,pitcher_strikeouts,OVER,"[-500,-300]",HR≥60/EDG≥-5.0/CV≤0.6/μ≥0.0/TP≥50,204,189,177,12,93.65,4.26,0.2,8.33,8.056,0.643,14
2026-05,pitcher_strikeouts,OVER,"[-500,-300]",HR≥60/EDG≥-5.0/CV≤0.6/μ≥0.0/TP≥55,204,189,177,12,93.65,4.26,0.2,8.33,8.056,0.643,14
2026-05,pitcher_strikeouts,OVER,"[-500,-300]",HR≥60/EDG≥-5.0/CV≤0.6/μ≥0.0/TP≥60,204,189,177,12,93.65,4.26,0.2,8.33,8.056,0.643,14
2026-05,pitcher_strikeouts,OVER,"[-500,-300]",HR≥60/EDG≥-5.0/CV≤0.6/μ≥0.0/TP≥65,204,189,177,12,93.65,4.26,0.2,8.33,8.056,0.643,14
2026-05,pitcher_strikeouts,OVER,"[-500,-300]",HR≥60/EDG≥-5.0/CV≤0.6/μ≥0.5/TP≥-,204,189,177,12,93.65,4.26,0.2,8.33,8.056,0.643,14
2026-05,pitcher_strikeouts,OVER,"[-500,-300]",HR≥60/EDG≥-5.0/CV≤0.6/μ≥0.5/TP≥50,204,189,177,12,93.65,4.26,0.2,8.33,8.056,0.643,14
2026-05,pitcher_strikeouts,OVER,"[-500,-300]",HR≥60/EDG≥-5.0/CV≤0.6/μ≥0.5/TP≥55,204,189,177,12,93.65,4.26,0.2,8.33,8.056,0.643,14
2026-05,pitcher_strikeouts,OVER,"[-500,-300]",HR≥60/EDG≥-5.0/CV≤0.6/μ≥0.5/TP≥60,204,189,177,12,93.65,4.26,0.2,8.33,8.056,0.643,14
2026-05,pitcher_strikeouts,OVER,"[-500,-300]",HR≥60/EDG≥-5.0/CV≤0.6/μ≥0.5/TP≥65,204,189,177,12,93.65,4.26,0.2,8.33,8.056,0.643,14
2026-05,pitcher_strikeouts,OVER,"[-500,-300]",HR≥60/EDG≥-5.0/CV≤0.6/μ≥1.0/TP≥-,201,187,175,12,93.58,4.01,-0.09,8.1,7.491,0.643,14
2026-05,pitcher_strikeouts,OVER,"[-500,-300]",HR≥60/EDG≥-5.0/CV≤0.6/μ≥1.0/TP≥50,201,187,175,12,93.58,4.01,-0.09,8.1,7.491,0.643,14
2026-05,pitcher_strikeouts,OVER,"[-500,-300]",HR≥60/EDG≥-5.0/CV≤0.6/μ≥1.0/TP≥55,201,187,175,12,93.58,4.01,-0.09,8.1,7.491,0.643,14
2026-05,pitcher_strikeouts,OVER,"[-500,-300]",HR≥60/EDG≥-5.0/CV≤0.6/μ≥1.0/TP≥60,201,187,175,12,93.58,4.01,-0.09,8.1,7.491,0.643,14
2026-05,pitcher_strikeouts,OVER,"[-500,-300]",HR≥60/EDG≥-5.0/CV≤0.6/μ≥1.0/TP≥65,201,187,175,12,93.58,4.01,-0.09,8.1,7.491,0.643,14
2026-05,pitcher_strikeouts,OVER,"[-500,-300]",HR≥60/EDG≥-5.0/CV≤0.5/μ≥-/TP≥-,178,166,154,12,92.77,3.27,-1.32,7.86,5.427,0.643,14
2026-05,pitcher_strikeouts,OVER,"[-500,-300]",HR≥60/EDG≥-5.0/CV≤0.5/μ≥-/TP≥50,178,166,154,12,92.77,3.27,-1.32,7.86,5.427,0.643,14
2026-05,pitcher_strikeouts,OVER,"[-500,-300]",HR≥60/EDG≥-5.0/CV≤0.5/μ≥-/TP≥55,178,166,154,12,92.77,3.27,-1.32,7.86,5.427,0.643,14
2026-05,pitcher_strikeouts,OVER,"[-500,-300]",HR≥60/EDG≥-5.0/CV≤0.5/μ≥-/TP≥60,178,166,154,12,92.77,3.27,-1.32,7.86,5.427,0.643,14
2026-05,pitcher_strikeouts,OVER,"[-500,-300]",HR≥60/EDG≥-5.0/CV≤0.5/μ≥-/TP≥65,178,166,154,12,92.77,3.27,-1.32,7.86,5.427,0.643,14
2026-05,pitcher_strikeouts,OVER,"[-500,-300]",HR≥60/EDG≥-5.0/CV≤0.5/μ≥0.0/TP≥-,178,166,154,12,92.77,3.27,-1.32,7.86,5.427,0.643,14
2026-05,pitcher_strikeouts,OVER,"[-500,-300]",HR≥60/EDG≥-5.0/CV≤0.5/μ≥0.0/TP≥50,178,166,154,12,92.77,3.27,-1.32,7.86,5.427,0.643,14
2026-05,pitcher_strikeouts,OVER,"[-500,-300]",HR≥60/EDG≥-5.0/CV≤0.5/μ≥0.0/TP≥55,178,166,154,12,92.77,3.27,-1.32,7.86,5.427,0.643,14
2026-05,pitcher_strikeouts,OVER,"[-500,-300]",HR≥60/EDG≥-5.0/CV≤0.5/μ≥0.0/TP≥60,178,166,154,12,92.77,3.27,-1.32,7.86,5.427,0.643,14
2026-05,pitcher_strikeouts,OVER,"[-500,-300]",HR≥60/EDG≥-5.0/CV≤0.5/μ≥0.0/TP≥65,178,166,154,12,92.77,3.27,-1.32,7.86,5.427,0.643,14
2026-05,pitcher_strikeouts,OVER,"[-500,-300]",HR≥60/EDG≥-5.0/CV≤0.5/μ≥0.5/TP≥-,178,166,154,12,92.77,3.27,-1.32,7.86,5.427,0.643,14
2026-05,pitcher_strikeouts,OVER,"[-500,-300]",HR≥60/EDG≥-5.0/CV≤0.5/μ≥0.5/TP≥50,178,166,154,12,92.77,3.27,-1.32,7.86,5.427,0.643,14
2026-05,pitcher_strikeouts,OVER,"[-500,-300]",HR≥60/EDG≥-5.0/CV≤0.5/μ≥0.5/TP≥55,178,166,154,12,92.77,3.27,-1.32,7.86,5.427,0.643,14
2026-05,pitcher_strikeouts,OVER,"[-500,-300]",HR≥60/EDG≥-5.0/CV≤0.5/μ≥0.5/TP≥60,178,166,154,12,92.77,3.27,-1.32,7.86,5.427,0.643,14
2026-05,pitcher_strikeouts,OVER,"[-500,-300]",HR≥60/EDG≥-5.0/CV≤0.5/μ≥0.5/TP≥65,178,166,154,12,92.77,3.27,-1.32,7.86,5.427,0.643,14
2026-05,pitcher_strikeouts,OVER,"[-500,-300]",HR≥60/EDG≥-5.0/CV≤0.5/μ≥1.0/TP≥-,175,164,152,12,92.68,2.96,-1.66,7.59,4.862,0.643,14
2026-05,pitcher_strikeouts,OVER,"[-500,-300]",HR≥60/EDG≥-5.0/CV≤0.5/μ≥1.0/TP≥50,175,164,152,12,92.68,2.96,-1.66,7.59,4.862,0.643,14
2026-05,pitcher_strikeouts,OVER,"[-500,-300]",HR≥60/EDG≥-5.0/CV≤0.5/μ≥1.0/TP≥55,175,164,152,12,92.68,2.96,-1.66,7.59,4.862,0.643,14
2026-05,pitcher_strikeouts,OVER,"[-500,-300]",HR≥60/EDG≥-5.0/CV≤0.5/μ≥1.0/TP≥60,175,164,152,12,92.68,2.96,-1.66,7.59,4.862,0.643,14
2026-05,pitcher_strikeouts,OVER,"[-500,-300]",HR≥60/EDG≥-5.0/CV≤0.5/μ≥1.0/TP≥65,175,164,152,12,92.68,2.96,-1.66,7.59,4.862,0.643,14
2026-05,pitcher_strikeouts,OVER,"[-500,-300]",HR≥60/EDG≥-5.0/CV≤0.45/μ≥-/TP≥-,151,139,132,7,94.96,5.62,1.31,9.93,7.812,0.714,14
2026-05,pitcher_strikeouts,OVER,"[-500,-300]",HR≥60/EDG≥-5.0/CV≤0.45/μ≥-/TP≥50,151,139,132,7,94.96,5.62,1.31,9.93,7.812,0.714,14
2026-05,pitcher_strikeouts,OVER,"[-500,-300]",HR≥60/EDG≥-5.0/CV≤0.45/μ≥-/TP≥55,151,139,132,7,94.96,5.62,1.31,9.93,7.812,0.714,14
2026-05,pitcher_strikeouts,OVER,"[-500,-300]",HR≥60/EDG≥-5.0/CV≤0.45/μ≥-/TP≥60,151,139,132,7,94.96,5.62,1.31,9.93,7.812,0.714,14
2026-05,pitcher_strikeouts,OVER,"[-500,-300]",HR≥60/EDG≥-5.0/CV≤0.45/μ≥-/TP≥65,151,139,132,7,94.96,5.62,1.31,9.93,7.812,0.714,14
2026-05,pitcher_strikeouts,OVER,"[-500,-300]",HR≥60/EDG≥-5.0/CV≤0.45/μ≥0.0/TP≥-,151,139,132,7,94.96,5.62,1.31,9.93,7.812,0.714,14
2026-05,pitcher_strikeouts,OVER,"[-500,-300]",HR≥60/EDG≥-5.0/CV≤0.45/μ≥0.0/TP≥50,151,139,132,7,94.96,5.62,1.31,9.93,7.812,0.714,14
2026-05,pitcher_strikeouts,OVER,"[-500,-300]",HR≥60/EDG≥-5.0/CV≤0.45/μ≥0.0/TP≥55,151,139,132,7,94.96,5.62,1.31,9.93,7.812,0.714,14
2026-05,pitcher_strikeouts,OVER,"[-500,-300]",HR≥60/EDG≥-5.0/CV≤0.45/μ≥0.0/TP≥60,151,139,132,7,94.96,5.62,1.31,9.93,7.812,0.714,14
2026-05,pitcher_strikeouts,OVER,"[-500,-300]",HR≥60/EDG≥-5.0/CV≤0.45/μ≥0.0/TP≥65,151,139,132,7,94.96,5.62,1.31,9.93,7.812,0.714,14
2026-05,pitcher_strikeouts,OVER,"[-500,-300]",HR≥60/EDG≥-5.0/CV≤0.45/μ≥0.5/TP≥-,151,139,132,7,94.96,5.62,1.31,9.93,7.812,0.714,14
2026-05,pitcher_strikeouts,OVER,"[-500,-300]",HR≥60/EDG≥-5.0/CV≤0.45/μ≥0.5/TP≥50,151,139,132,7,94.96,5.62,1.31,9.93,7.812,0.714,14
2026-05,pitcher_strikeouts,OVER,"[-500,-300]",HR≥60/EDG≥-5.0/CV≤0.45/μ≥0.5/TP≥55,151,139,132,7,94.96,5.62,1.31,9.93,7.812,0.714,14
2026-05,pitcher_strikeouts,OVER,"[-500,-300]",HR≥60/EDG≥-5.0/CV≤0.45/μ≥0.5/TP≥60,151,139,132,7,94.96,5.62,1.31,9.93,7.812,0.714,14
2026-05,pitcher_strikeouts,OVER,"[-500,-300]",HR≥60/EDG≥-5.0/CV≤0.45/μ≥0.5/TP≥65,151,139,132,7,94.96,5.62,1.31,9.93,7.812,0.714,14
2026-05,pitcher_strikeouts,OVER,"[-500,-300]",HR≥60/EDG≥-5.0/CV≤0.45/μ≥1.0/TP≥-,148,137,130,7,94.89,5.29,0.94,9.64,7.248,0.714,14
2026-05,pitcher_strikeouts,OVER,"[-500,-300]",HR≥60/EDG≥-5.0/CV≤0.45/μ≥1.0/TP≥50,148,137,130,7,94.89,5.29,0.94,9.64,7.248,0.714,14
2026-05,pitcher_strikeouts,OVER,"[-500,-300]",HR≥60/EDG≥-5.0/CV≤0.45/μ≥1.0/TP≥55,148,137,130,7,94.89,5.29,0.94,9.64,7.248,0.714,14
2026-05,pitcher_strikeouts,OVER,"[-500,-300]",HR≥60/EDG≥-5.0/CV≤0.45/μ≥1.0/TP≥60,148,137,130,7,94.89,5.29,0.94,9.64,7.248,0.714,14
2026-05,pitcher_strikeouts,OVER,"[-500,-300]",HR≥60/EDG≥-5.0/CV≤0.45/μ≥1.0/TP≥65,148,137,130,7,94.89,5.29,0.94,9.64,7.248,0.714,14
2026-05,pitcher_strikeouts,OVER,"[-500,-300]",HR≥60/EDG≥-5.0/CV≤0.4/μ≥-/TP≥-,112,101,96,5,95.05,5.84,0.81,10.87,5.895,0.615,13
2026-05,pitcher_strikeouts,OVER,"[-500,-300]",HR≥60/EDG≥-5.0/CV≤0.4/μ≥-/TP≥50,112,101,96,5,95.05,5.84,0.81,10.87,5.895,0.615,13
2026-05,pitcher_strikeouts,OVER,"[-500,-300]",HR≥60/EDG≥-5.0/CV≤0.4/μ≥-/TP≥55,112,101,96,5,95.05,5.84,0.81,10.87,5.895,0.615,13
2026-05,pitcher_strikeouts,OVER,"[-500,-300]",HR≥60/EDG≥-5.0/CV≤0.4/μ≥-/TP≥60,112,101,96,5,95.05,5.84,0.81,10.87,5.895,0.615,13
2026-05,pitcher_strikeouts,OVER,"[-500,-300]",HR≥60/EDG≥-5.0/CV≤0.4/μ≥-/TP≥65,112,101,96,5,95.05,5.84,0.81,10.87,5.895,0.615,13
2026-05,pitcher_strikeouts,OVER,"[-500,-300]",HR≥60/EDG≥-5.0/CV≤0.4/μ≥0.0/TP≥-,112,101,96,5,95.05,5.84,0.81,10.87,5.895,0.615,13
2026-05,pitcher_strikeouts,OVER,"[-500,-300]",HR≥60/EDG≥-5.0/CV≤0.4/μ≥0.0/TP≥50,112,101,96,5,95.05,5.84,0.81,10.87,5.895,0.615,13
2026-05,pitcher_strikeouts,OVER,"[-500,-300]",HR≥60/EDG≥-5.0/CV≤0.4/μ≥0.0/TP≥55,112,101,96,5,95.05,5.84,0.81,10.87,5.895,0.615,13
2026-05,pitcher_strikeouts,OVER,"[-500,-300]",HR≥60/EDG≥-5.0/CV≤0.4/μ≥0.0/TP≥60,112,101,96,5,95.05,5.84,0.81,10.87,5.895,0.615,13
2026-05,pitcher_strikeouts,OVER,"[-500,-300]",HR≥60/EDG≥-5.0/CV≤0.4/μ≥0.0/TP≥65,112,101,96,5,95.05,5.84,0.81,10.87,5.895,0.615,13
2026-05,pitcher_strikeouts,OVER,"[-500,-300]",HR≥60/EDG≥-5.0/CV≤0.4/μ≥0.5/TP≥-,112,101,96,5,95.05,5.84,0.81,10.87,5.895,0.615,13
2026-05,pitcher_strikeouts,OVER,"[-500,-300]",HR≥60/EDG≥-5.0/CV≤0.4/μ≥0.5/TP≥50,112,101,96,5,95.05,5.84,0.81,10.87,5.895,0.615,13
2026-05,pitcher_strikeouts,OVER,"[-500,-300]",HR≥60/EDG≥-5.0/CV≤0.4/μ≥0.5/TP≥55,112,101,96,5,95.05,5.84,0.81,10.87,5.895,0.615,13
2026-05,pitcher_strikeouts,OVER,"[-500,-300]",HR≥60/EDG≥-5.0/CV≤0.4/μ≥0.5/TP≥60,112,101,96,5,95.05,5.84,0.81,10.87,5.895,0.615,13
2026-05,pitcher_strikeouts,OVER,"[-500,-300]",HR≥60/EDG≥-5.0/CV≤0.4/μ≥0.5/TP≥65,112,101,96,5,95.05,5.84,0.81,10.87,5.895,0.615,13
2026-05,pitcher_strikeouts,OVER,"[-500,-300]",HR≥60/EDG≥-5.0/CV≤0.4/μ≥1.0/TP≥-,109,99,94,5,94.95,5.38,0.29,10.47,5.33,0.615,13
2026-05,pitcher_strikeouts,OVER,"[-500,-300]",HR≥60/EDG≥-5.0/CV≤0.4/μ≥1.0/TP≥50,109,99,94,5,94.95,5.38,0.29,10.47,5.33,0.615,13
2026-05,pitcher_strikeouts,OVER,"[-500,-300]",HR≥60/EDG≥-5.0/CV≤0.4/μ≥1.0/TP≥55,109,99,94,5,94.95,5.38,0.29,10.47,5.33,0.615,13
2026-05,pitcher_strikeouts,OVER,"[-500,-300]",HR≥60/EDG≥-5.0/CV≤0.4/μ≥1.0/TP≥60,109,99,94,5,94.95,5.38,0.29,10.47,5.33,0.615,13
2026-05,pitcher_strikeouts,OVER,"[-500,-300]",HR≥60/EDG≥-5.0/CV≤0.4/μ≥1.0/TP≥65,109,99,94,5,94.95,5.38,0.29,10.47,5.33,0.615,13
2026-05,pitcher_strikeouts,OVER,"[-500,-300]",HR≥60/EDG≥0.0/CV≤-/μ≥-/TP≥-,98,89,79,10,88.76,1.61,-6.17,9.39,1.435,0.385,13
2026-05,pitcher_strikeouts,OVER,"[-500,-300]",HR≥60/EDG≥0.0/CV≤-/μ≥-/TP≥50,98,89,79,10,88.76,1.61,-6.17,9.39,1.435,0.385,13
2026-05,pitcher_strikeouts,OVER,"[-500,-300]",HR≥60/EDG≥0.0/CV≤-/μ≥-/TP≥55,98,89,79,10,88.76,1.61,-6.17,9.39,1.435,0.385,13
2026-05,pitcher_strikeouts,OVER,"[-500,-300]",HR≥60/EDG≥0.0/CV≤-/μ≥-/TP≥60,98,89,79,10,88.76,1.61,-6.17,9.39,1.435,0.385,13
2026-05,pitcher_strikeouts,OVER,"[-500,-300]",HR≥60/EDG≥0.0/CV≤-/μ≥-/TP≥65,98,89,79,10,88.76,1.61,-6.17,9.39,1.435,0.385,13
2026-05,pitcher_strikeouts,OVER,"[-500,-300]",HR≥60/EDG≥0.0/CV≤-/μ≥0.0/TP≥-,98,89,79,10,88.76,1.61,-6.17,9.39,1.435,0.385,13
2026-05,pitcher_strikeouts,OVER,"[-500,-300]",HR≥60/EDG≥0.0/CV≤-/μ≥0.0/TP≥50,98,89,79,10,88.76,1.61,-6.17,9.39,1.435,0.385,13
2026-05,pitcher_strikeouts,OVER,"[-500,-300]",HR≥60/EDG≥0.0/CV≤-/μ≥0.0/TP≥55,98,89,79,10,88.76,1.61,-6.17,9.39,1.435,0.385,13
2026-05,pitcher_strikeouts,OVER,"[-500,-300]",HR≥60/EDG≥0.0/CV≤-/μ≥0.0/TP≥60,98,89,79,10,88.76,1.61,-6.17,9.39,1.435,0.385,13
2026-05,pitcher_strikeouts,OVER,"[-500,-300]",HR≥60/EDG≥0.0/CV≤-/μ≥0.0/TP≥65,98,89,79,10,88.76,1.61,-6.17,9.39,1.435,0.385,13
2026-05,pitcher_strikeouts,OVER,"[-500,-300]",HR≥60/EDG≥0.0/CV≤-/μ≥0.5/TP≥-,98,89,79,10,88.76,1.61,-6.17,9.39,1.435,0.385,13
2026-05,pitcher_strikeouts,OVER,"[-500,-300]",HR≥60/EDG≥0.0/CV≤-/μ≥0.5/TP≥50,98,89,79,10,88.76,1.61,-6.17,9.39,1.435,0.385,13
2026-05,pitcher_strikeouts,OVER,"[-500,-300]",HR≥60/EDG≥0.0/CV≤-/μ≥0.5/TP≥55,98,89,79,10,88.76,1.61,-6.17,9.39,1.435,0.385,13
2026-05,pitcher_strikeouts,OVER,"[-500,-300]",HR≥60/EDG≥0.0/CV≤-/μ≥0.5/TP≥60,98,89,79,10,88.76,1.61,-6.17,9.39,1.435,0.385,13
2026-05,pitcher_strikeouts,OVER,"[-500,-300]",HR≥60/EDG≥0.0/CV≤-/μ≥0.5/TP≥65,98,89,79,10,88.76,1.61,-6.17,9.39,1.435,0.385,13
2026-05,pitcher_strikeouts,OVER,"[-500,-300]",HR≥60/EDG≥0.0/CV≤-/μ≥1.0/TP≥-,98,89,79,10,88.76,1.61,-6.17,9.39,1.435,0.385,13
2026-05,pitcher_strikeouts,OVER,"[-500,-300]",HR≥60/EDG≥0.0/CV≤-/μ≥1.0/TP≥50,98,89,79,10,88.76,1.61,-6.17,9.39,1.435,0.385,13
2026-05,pitcher_strikeouts,OVER,"[-500,-300]",HR≥60/EDG≥0.0/CV≤-/μ≥1.0/TP≥55,98,89,79,10,88.76,1.61,-6.17,9.39,1.435,0.385,13
2026-05,pitcher_strikeouts,OVER,"[-500,-300]",HR≥60/EDG≥0.0/CV≤-/μ≥1.0/TP≥60,98,89,79,10,88.76,1.61,-6.17,9.39,1.435,0.385,13
2026-05,pitcher_strikeouts,OVER,"[-500,-300]",HR≥60/EDG≥0.0/CV≤-/μ≥1.0/TP≥65,98,89,79,10,88.76,1.61,-6.17,9.39,1.435,0.385,13
2026-05,pitcher_strikeouts,OVER,"[-500,-300]",HR≥60/EDG≥0.0/CV≤0.7/μ≥-/TP≥-,96,87,78,9,89.66,2.61,-5.0,10.22,2.268,0.462,13
2026-05,pitcher_strikeouts,OVER,"[-500,-300]",HR≥60/EDG≥0.0/CV≤0.7/μ≥-/TP≥50,96,87,78,9,89.66,2.61,-5.0,10.22,2.268,0.462,13
2026-05,pitcher_strikeouts,OVER,"[-500,-300]",HR≥60/EDG≥0.0/CV≤0.7/μ≥-/TP≥55,96,87,78,9,89.66,2.61,-5.0,10.22,2.268,0.462,13
2026-05,pitcher_strikeouts,OVER,"[-500,-300]",HR≥60/EDG≥0.0/CV≤0.7/μ≥-/TP≥60,96,87,78,9,89.66,2.61,-5.0,10.22,2.268,0.462,13
2026-05,pitcher_strikeouts,OVER,"[-500,-300]",HR≥60/EDG≥0.0/CV≤0.7/μ≥-/TP≥65,96,87,78,9,89.66,2.61,-5.0,10.22,2.268,0.462,13
2026-05,pitcher_strikeouts,OVER,"[-500,-300]",HR≥60/EDG≥0.0/CV≤0.7/μ≥0.0/TP≥-,96,87,78,9,89.66,2.61,-5.0,10.22,2.268,0.462,13
2026-05,pitcher_strikeouts,OVER,"[-500,-300]",HR≥60/EDG≥0.0/CV≤0.7/μ≥0.0/TP≥50,96,87,78,9,89.66,2.61,-5.0,10.22,2.268,0.462,13
2026-05,pitcher_strikeouts,OVER,"[-500,-300]",HR≥60/EDG≥0.0/CV≤0.7/μ≥0.0/TP≥55,96,87,78,9,89.66,2.61,-5.0,10.22,2.268,0.462,13
2026-05,pitcher_strikeouts,OVER,"[-500,-300]",HR≥60/EDG≥0.0/CV≤0.7/μ≥0.0/TP≥60,96,87,78,9,89.66,2.61,-5.0,10.22,2.268,0.462,13
2026-05,pitcher_strikeouts,OVER,"[-500,-300]",HR≥60/EDG≥0.0/CV≤0.7/μ≥0.0/TP≥65,96,87,78,9,89.66,2.61,-5.0,10.22,2.268,0.462,13
2026-05,pitcher_strikeouts,OVER,"[-500,-300]",HR≥60/EDG≥0.0/CV≤0.7/μ≥0.5/TP≥-,96,87,78,9,89.66,2.61,-5.0,10.22,2.268,0.462,13
2026-05,pitcher_strikeouts,OVER,"[-500,-300]",HR≥60/EDG≥0.0/CV≤0.7/μ≥0.5/TP≥50,96,87,78,9,89.66,2.61,-5.0,10.22,2.268,0.462,13
2026-05,pitcher_strikeouts,OVER,"[-500,-300]",HR≥60/EDG≥0.0/CV≤0.7/μ≥0.5/TP≥55,96,87,78,9,89.66,2.61,-5.0,10.22,2.268,0.462,13
2026-05,pitcher_strikeouts,OVER,"[-500,-300]",HR≥60/EDG≥0.0/CV≤0.7/μ≥0.5/TP≥60,96,87,78,9,89.66,2.61,-5.0,10.22,2.268,0.462,13
2026-05,pitcher_strikeouts,OVER,"[-500,-300]",HR≥60/EDG≥0.0/CV≤0.7/μ≥0.5/TP≥65,96,87,78,9,89.66,2.61,-5.0,10.22,2.268,0.462,13
2026-05,pitcher_strikeouts,OVER,"[-500,-300]",HR≥60/EDG≥0.0/CV≤0.7/μ≥1.0/TP≥-,96,87,78,9,89.66,2.61,-5.0,10.22,2.268,0.462,13
2026-05,pitcher_strikeouts,OVER,"[-500,-300]",HR≥60/EDG≥0.0/CV≤0.7/μ≥1.0/TP≥50,96,87,78,9,89.66,2.61,-5.0,10.22,2.268,0.462,13
2026-05,pitcher_strikeouts,OVER,"[-500,-300]",HR≥60/EDG≥0.0/CV≤0.7/μ≥1.0/TP≥55,96,87,78,9,89.66,2.61,-5.0,10.22,2.268,0.462,13
2026-05,pitcher_strikeouts,OVER,"[-500,-300]",HR≥60/EDG≥0.0/CV≤0.7/μ≥1.0/TP≥60,96,87,78,9,89.66,2.61,-5.0,10.22,2.268,0.462,13
2026-05,pitcher_strikeouts,OVER,"[-500,-300]",HR≥60/EDG≥0.0/CV≤0.7/μ≥1.0/TP≥65,96,87,78,9,89.66,2.61,-5.0,10.22,2.268,0.462,13
2026-05,pitcher_strikeouts,OVER,"[-500,-300]",HR≥60/EDG≥0.0/CV≤0.6/μ≥-/TP≥-,94,85,77,8,90.59,3.73,-3.68,11.14,3.168,0.538,13
2026-05,pitcher_strikeouts,OVER,"[-500,-300]",HR≥60/EDG≥0.0/CV≤0.6/μ≥-/TP≥50,94,85,77,8,90.59,3.73,-3.68,11.14,3.168,0.538,13
2026-05,pitcher_strikeouts,OVER,"[-500,-300]",HR≥60/EDG≥0.0/CV≤0.6/μ≥-/TP≥55,94,85,77,8,90.59,3.73,-3.68,11.14,3.168,0.538,13
2026-05,pitcher_strikeouts,OVER,"[-500,-300]",HR≥60/EDG≥0.0/CV≤0.6/μ≥-/TP≥60,94,85,77,8,90.59,3.73,-3.68,11.14,3.168,0.538,13
2026-05,pitcher_strikeouts,OVER,"[-500,-300]",HR≥60/EDG≥0.0/CV≤0.6/μ≥-/TP≥65,94,85,77,8,90.59,3.73,-3.68,11.14,3.168,0.538,13
2026-05,pitcher_strikeouts,OVER,"[-500,-300]",HR≥60/EDG≥0.0/CV≤0.6/μ≥0.0/TP≥-,94,85,77,8,90.59,3.73,-3.68,11.14,3.168,0.538,13
2026-05,pitcher_strikeouts,OVER,"[-500,-300]",HR≥60/EDG≥0.0/CV≤0.6/μ≥0.0/TP≥50,94,85,77,8,90.59,3.73,-3.68,11.14,3.168,0.538,13
2026-05,pitcher_strikeouts,OVER,"[-500,-300]",HR≥60/EDG≥0.0/CV≤0.6/μ≥0.0/TP≥55,94,85,77,8,90.59,3.73,-3.68,11.14,3.168,0.538,13
2026-05,pitcher_strikeouts,OVER,"[-500,-300]",HR≥60/EDG≥0.0/CV≤0.6/μ≥0.0/TP≥60,94,85,77,8,90.59,3.73,-3.68,11.14,3.168,0.538,13
2026-05,pitcher_strikeouts,OVER,"[-500,-300]",HR≥60/EDG≥0.0/CV≤0.6/μ≥0.0/TP≥65,94,85,77,8,90.59,3.73,-3.68,11.14,3.168,0.538,13
2026-05,pitcher_strikeouts,OVER,"[-500,-300]",HR≥60/EDG≥0.0/CV≤0.6/μ≥0.5/TP≥-,94,85,77,8,90.59,3.73,-3.68,11.14,3.168,0.538,13
2026-05,pitcher_strikeouts,OVER,"[-500,-300]",HR≥60/EDG≥0.0/CV≤0.6/μ≥0.5/TP≥50,94,85,77,8,90.59,3.73,-3.68,11.14,3.168,0.538,13
2026-05,pitcher_strikeouts,OVER,"[-500,-300]",HR≥60/EDG≥0.0/CV≤0.6/μ≥0.5/TP≥55,94,85,77,8,90.59,3.73,-3.68,11.14,3.168,0.538,13
2026-05,pitcher_strikeouts,OVER,"[-500,-300]",HR≥60/EDG≥0.0/CV≤0.6/μ≥0.5/TP≥60,94,85,77,8,90.59,3.73,-3.68,11.14,3.168,0.538,13
2026-05,pitcher_strikeouts,OVER,"[-500,-300]",HR≥60/EDG≥0.0/CV≤0.6/μ≥0.5/TP≥65,94,85,77,8,90.59,3.73,-3.68,11.14,3.168,0.538,13
2026-05,pitcher_strikeouts,OVER,"[-500,-300]",HR≥60/EDG≥0.0/CV≤0.6/μ≥1.0/TP≥-,94,85,77,8,90.59,3.73,-3.68,11.14,3.168,0.538,13
2026-05,pitcher_strikeouts,OVER,"[-500,-300]",HR≥60/EDG≥0.0/CV≤0.6/μ≥1.0/TP≥50,94,85,77,8,90.59,3.73,-3.68,11.14,3.168,0.538,13
2026-05,pitcher_strikeouts,OVER,"[-500,-300]",HR≥60/EDG≥0.0/CV≤0.6/μ≥1.0/TP≥55,94,85,77,8,90.59,3.73,-3.68,11.14,3.168,0.538,13
2026-05,pitcher_strikeouts,OVER,"[-500,-300]",HR≥60/EDG≥0.0/CV≤0.6/μ≥1.0/TP≥60,94,85,77,8,90.59,3.73,-3.68,11.14,3.168,0.538,13
2026-05,pitcher_strikeouts,OVER,"[-500,-300]",HR≥60/EDG≥0.0/CV≤0.6/μ≥1.0/TP≥65,94,85,77,8,90.59,3.73,-3.68,11.14,3.168,0.538,13
2026-05,pitcher_strikeouts,OVER,"[-500,-300]",HR≥60/EDG≥0.0/CV≤0.5/μ≥-/TP≥-,89,80,72,8,90.0,2.69,-5.12,10.5,2.154,0.538,13
2026-05,pitcher_strikeouts,OVER,"[-500,-300]",HR≥60/EDG≥0.0/CV≤0.5/μ≥-/TP≥50,89,80,72,8,90.0,2.69,-5.12,10.5,2.154,0.538,13
2026-05,pitcher_strikeouts,OVER,"[-500,-300]",HR≥60/EDG≥0.0/CV≤0.5/μ≥-/TP≥55,89,80,72,8,90.0,2.69,-5.12,10.5,2.154,0.538,13
2026-05,pitcher_strikeouts,OVER,"[-500,-300]",HR≥60/EDG≥0.0/CV≤0.5/μ≥-/TP≥60,89,80,72,8,90.0,2.69,-5.12,10.5,2.154,0.538,13
2026-05,pitcher_strikeouts,OVER,"[-500,-300]",HR≥60/EDG≥0.0/CV≤0.5/μ≥-/TP≥65,89,80,72,8,90.0,2.69,-5.12,10.5,2.154,0.538,13
2026-05,pitcher_strikeouts,OVER,"[-500,-300]",HR≥60/EDG≥0.0/CV≤0.5/μ≥0.0/TP≥-,89,80,72,8,90.0,2.69,-5.12,10.5,2.154,0.538,13
2026-05,pitcher_strikeouts,OVER,"[-500,-300]",HR≥60/EDG≥0.0/CV≤0.5/μ≥0.0/TP≥50,89,80,72,8,90.0,2.69,-5.12,10.5,2.154,0.538,13
2026-05,pitcher_strikeouts,OVER,"[-500,-300]",HR≥60/EDG≥0.0/CV≤0.5/μ≥0.0/TP≥55,89,80,72,8,90.0,2.69,-5.12,10.5,2.154,0.538,13
2026-05,pitcher_strikeouts,OVER,"[-500,-300]",HR≥60/EDG≥0.0/CV≤0.5/μ≥0.0/TP≥60,89,80,72,8,90.0,2.69,-5.12,10.5,2.154,0.538,13
2026-05,pitcher_strikeouts,OVER,"[-500,-300]",HR≥60/EDG≥0.0/CV≤0.5/μ≥0.0/TP≥65,89,80,72,8,90.0,2.69,-5.12,10.5,2.154,0.538,13
2026-05,pitcher_strikeouts,OVER,"[-500,-300]",HR≥60/EDG≥0.0/CV≤0.5/μ≥0.5/TP≥-,89,80,72,8,90.0,2.69,-5.12,10.5,2.154,0.538,13
2026-05,pitcher_strikeouts,OVER,"[-500,-300]",HR≥60/EDG≥0.0/CV≤0.5/μ≥0.5/TP≥50,89,80,72,8,90.0,2.69,-5.12,10.5,2.154,0.538,13
2026-05,pitcher_strikeouts,OVER,"[-500,-300]",HR≥60/EDG≥0.0/CV≤0.5/μ≥0.5/TP≥55,89,80,72,8,90.0,2.69,-5.12,10.5,2.154,0.538,13
2026-05,pitcher_strikeouts,OVER,"[-500,-300]",HR≥60/EDG≥0.0/CV≤0.5/μ≥0.5/TP≥60,89,80,72,8,90.0,2.69,-5.12,10.5,2.154,0.538,13
2026-05,pitcher_strikeouts,OVER,"[-500,-300]",HR≥60/EDG≥0.0/CV≤0.5/μ≥0.5/TP≥65,89,80,72,8,90.0,2.69,-5.12,10.5,2.154,0.538,13
2026-05,pitcher_strikeouts,OVER,"[-500,-300]",HR≥60/EDG≥0.0/CV≤0.5/μ≥1.0/TP≥-,89,80,72,8,90.0,2.69,-5.12,10.5,2.154,0.538,13
2026-05,pitcher_strikeouts,OVER,"[-500,-300]",HR≥60/EDG≥0.0/CV≤0.5/μ≥1.0/TP≥50,89,80,72,8,90.0,2.69,-5.12,10.5,2.154,0.538,13
2026-05,pitcher_strikeouts,OVER,"[-500,-300]",HR≥60/EDG≥0.0/CV≤0.5/μ≥1.0/TP≥55,89,80,72,8,90.0,2.69,-5.12,10.5,2.154,0.538,13
2026-05,pitcher_strikeouts,OVER,"[-500,-300]",HR≥60/EDG≥0.0/CV≤0.5/μ≥1.0/TP≥60,89,80,72,8,90.0,2.69,-5.12,10.5,2.154,0.538,13
2026-05,pitcher_strikeouts,OVER,"[-500,-300]",HR≥60/EDG≥0.0/CV≤0.5/μ≥1.0/TP≥65,89,80,72,8,90.0,2.69,-5.12,10.5,2.154,0.538,13
2026-05,pitcher_strikeouts,OVER,"[-500,-300]",HR≥60/EDG≥0.0/CV≤0.45/μ≥-/TP≥-,76,67,61,6,91.04,4.24,-3.97,12.44,2.84,0.583,12
2026-05,pitcher_strikeouts,OVER,"[-500,-300]",HR≥60/EDG≥0.0/CV≤0.45/μ≥-/TP≥50,76,67,61,6,91.04,4.24,-3.97,12.44,2.84,0.583,12
2026-05,pitcher_strikeouts,OVER,"[-500,-300]",HR≥60/EDG≥0.0/CV≤0.45/μ≥-/TP≥55,76,67,61,6,91.04,4.24,-3.97,12.44,2.84,0.583,12
2026-05,pitcher_strikeouts,OVER,"[-500,-300]",HR≥60/EDG≥0.0/CV≤0.45/μ≥-/TP≥60,76,67,61,6,91.04,4.24,-3.97,12.44,2.84,0.583,12
2026-05,pitcher_strikeouts,OVER,"[-500,-300]",HR≥60/EDG≥0.0/CV≤0.45/μ≥-/TP≥65,76,67,61,6,91.04,4.24,-3.97,12.44,2.84,0.583,12
2026-05,pitcher_strikeouts,OVER,"[-500,-300]",HR≥60/EDG≥0.0/CV≤0.45/μ≥0.0/TP≥-,76,67,61,6,91.04,4.24,-3.97,12.44,2.84,0.583,12
2026-05,pitcher_strikeouts,OVER,"[-500,-300]",HR≥60/EDG≥0.0/CV≤0.45/μ≥0.0/TP≥50,76,67,61,6,91.04,4.24,-3.97,12.44,2.84,0.583,12
2026-05,pitcher_strikeouts,OVER,"[-500,-300]",HR≥60/EDG≥0.0/CV≤0.45/μ≥0.0/TP≥55,76,67,61,6,91.04,4.24,-3.97,12.44,2.84,0.583,12
2026-05,pitcher_strikeouts,OVER,"[-500,-300]",HR≥60/EDG≥0.0/CV≤0.45/μ≥0.0/TP≥60,76,67,61,6,91.04,4.24,-3.97,12.44,2.84,0.583,12
2026-05,pitcher_strikeouts,OVER,"[-500,-300]",HR≥60/EDG≥0.0/CV≤0.45/μ≥0.0/TP≥65,76,67,61,6,91.04,4.24,-3.97,12.44,2.84,0.583,12
2026-05,pitcher_strikeouts,OVER,"[-500,-300]",HR≥60/EDG≥0.0/CV≤0.45/μ≥0.5/TP≥-,76,67,61,6,91.04,4.24,-3.97,12.44,2.84,0.583,12
2026-05,pitcher_strikeouts,OVER,"[-500,-300]",HR≥60/EDG≥0.0/CV≤0.45/μ≥0.5/TP≥50,76,67,61,6,91.04,4.24,-3.97,12.44,2.84,0.583,12
2026-05,pitcher_strikeouts,OVER,"[-500,-300]",HR≥60/EDG≥0.0/CV≤0.45/μ≥0.5/TP≥55,76,67,61,6,91.04,4.24,-3.97,12.44,2.84,0.583,12
2026-05,pitcher_strikeouts,OVER,"[-500,-300]",HR≥60/EDG≥0.0/CV≤0.45/μ≥0.5/TP≥60,76,67,61,6,91.04,4.24,-3.97,12.44,2.84,0.583,12
2026-05,pitcher_strikeouts,OVER,"[-500,-300]",HR≥60/EDG≥0.0/CV≤0.45/μ≥0.5/TP≥65,76,67,61,6,91.04,4.24,-3.97,12.44,2.84,0.583,12
2026-05,pitcher_strikeouts,OVER,"[-500,-300]",HR≥60/EDG≥0.0/CV≤0.45/μ≥1.0/TP≥-,76,67,61,6,91.04,4.24,-3.97,12.44,2.84,0.583,12
2026-05,pitcher_strikeouts,OVER,"[-500,-300]",HR≥60/EDG≥0.0/CV≤0.45/μ≥1.0/TP≥50,76,67,61,6,91.04,4.24,-3.97,12.44,2.84,0.583,12
2026-05,pitcher_strikeouts,OVER,"[-500,-300]",HR≥60/EDG≥0.0/CV≤0.45/μ≥1.0/TP≥55,76,67,61,6,91.04,4.24,-3.97,12.44,2.84,0.583,12
2026-05,pitcher_strikeouts,OVER,"[-500,-300]",HR≥60/EDG≥0.0/CV≤0.45/μ≥1.0/TP≥60,76,67,61,6,91.04,4.24,-3.97,12.44,2.84,0.583,12
2026-05,pitcher_strikeouts,OVER,"[-500,-300]",HR≥60/EDG≥0.0/CV≤0.45/μ≥1.0/TP≥65,76,67,61,6,91.04,4.24,-3.97,12.44,2.84,0.583,12
2026-05,pitcher_strikeouts,OVER,"[-500,-300]",HR≥60/EDG≥0.0/CV≤0.4/μ≥-/TP≥-,58,50,46,4,92.0,4.84,-4.18,13.86,2.421,0.636,11
2026-05,pitcher_strikeouts,OVER,"[-500,-300]",HR≥60/EDG≥0.0/CV≤0.4/μ≥-/TP≥50,58,50,46,4,92.0,4.84,-4.18,13.86,2.421,0.636,11
2026-05,pitcher_strikeouts,OVER,"[-500,-300]",HR≥60/EDG≥0.0/CV≤0.4/μ≥-/TP≥55,58,50,46,4,92.0,4.84,-4.18,13.86,2.421,0.636,11
2026-05,pitcher_strikeouts,OVER,"[-500,-300]",HR≥60/EDG≥0.0/CV≤0.4/μ≥-/TP≥60,58,50,46,4,92.0,4.84,-4.18,13.86,2.421,0.636,11
2026-05,pitcher_strikeouts,OVER,"[-500,-300]",HR≥60/EDG≥0.0/CV≤0.4/μ≥-/TP≥65,58,50,46,4,92.0,4.84,-4.18,13.86,2.421,0.636,11
2026-05,pitcher_strikeouts,OVER,"[-500,-300]",HR≥60/EDG≥0.0/CV≤0.4/μ≥0.0/TP≥-,58,50,46,4,92.0,4.84,-4.18,13.86,2.421,0.636,11
2026-05,pitcher_strikeouts,OVER,"[-500,-300]",HR≥60/EDG≥0.0/CV≤0.4/μ≥0.0/TP≥50,58,50,46,4,92.0,4.84,-4.18,13.86,2.421,0.636,11
2026-05,pitcher_strikeouts,OVER,"[-500,-300]",HR≥60/EDG≥0.0/CV≤0.4/μ≥0.0/TP≥55,58,50,46,4,92.0,4.84,-4.18,13.86,2.421,0.636,11
2026-05,pitcher_strikeouts,OVER,"[-500,-300]",HR≥60/EDG≥0.0/CV≤0.4/μ≥0.0/TP≥60,58,50,46,4,92.0,4.84,-4.18,13.86,2.421,0.636,11
2026-05,pitcher_strikeouts,OVER,"[-500,-300]",HR≥60/EDG≥0.0/CV≤0.4/μ≥0.0/TP≥65,58,50,46,4,92.0,4.84,-4.18,13.86,2.421,0.636,11
2026-05,pitcher_strikeouts,OVER,"[-500,-300]",HR≥60/EDG≥0.0/CV≤0.4/μ≥0.5/TP≥-,58,50,46,4,92.0,4.84,-4.18,13.86,2.421,0.636,11
2026-05,pitcher_strikeouts,OVER,"[-500,-300]",HR≥60/EDG≥0.0/CV≤0.4/μ≥0.5/TP≥50,58,50,46,4,92.0,4.84,-4.18,13.86,2.421,0.636,11
2026-05,pitcher_strikeouts,OVER,"[-500,-300]",HR≥60/EDG≥0.0/CV≤0.4/μ≥0.5/TP≥55,58,50,46,4,92.0,4.84,-4.18,13.86,2.421,0.636,11
2026-05,pitcher_strikeouts,OVER,"[-500,-300]",HR≥60/EDG≥0.0/CV≤0.4/μ≥0.5/TP≥60,58,50,46,4,92.0,4.84,-4.18,13.86,2.421,0.636,11
2026-05,pitcher_strikeouts,OVER,"[-500,-300]",HR≥60/EDG≥0.0/CV≤0.4/μ≥0.5/TP≥65,58,50,46,4,92.0,4.84,-4.18,13.86,2.421,0.636,11
2026-05,pitcher_strikeouts,OVER,"[-500,-300]",HR≥60/EDG≥0.0/CV≤0.4/μ≥1.0/TP≥-,58,50,46,4,92.0,4.84,-4.18,13.86,2.421,0.636,11
2026-05,pitcher_strikeouts,OVER,"[-500,-300]",HR≥60/EDG≥0.0/CV≤0.4/μ≥1.0/TP≥50,58,50,46,4,92.0,4.84,-4.18,13.86,2.421,0.636,11
2026-05,pitcher_strikeouts,OVER,"[-500,-300]",HR≥60/EDG≥0.0/CV≤0.4/μ≥1.0/TP≥55,58,50,46,4,92.0,4.84,-4.18,13.86,2.421,0.636,11
2026-05,pitcher_strikeouts,OVER,"[-500,-300]",HR≥60/EDG≥0.0/CV≤0.4/μ≥1.0/TP≥60,58,50,46,4,92.0,4.84,-4.18,13.86,2.421,0.636,11
2026-05,pitcher_strikeouts,OVER,"[-500,-300]",HR≥60/EDG≥0.0/CV≤0.4/μ≥1.0/TP≥65,58,50,46,4,92.0,4.84,-4.18,13.86,2.421,0.636,11
2026-05,pitcher_strikeouts,OVER,"[-500,-300]",HR≥65/EDG≥-/CV≤-/μ≥-/TP≥-,495,463,416,47,89.85,-0.72,-3.84,2.4,-3.316,0.643,14
2026-05,pitcher_strikeouts,OVER,"[-500,-300]",HR≥65/EDG≥-/CV≤-/μ≥-/TP≥50,488,457,411,46,89.93,-0.72,-3.85,2.41,-3.285,0.643,14
2026-05,pitcher_strikeouts,OVER,"[-500,-300]",HR≥65/EDG≥-/CV≤-/μ≥-/TP≥55,485,454,409,45,90.09,-0.59,-3.71,2.52,-2.689,0.643,14
2026-05,pitcher_strikeouts,OVER,"[-500,-300]",HR≥65/EDG≥-/CV≤-/μ≥-/TP≥60,474,443,400,43,90.29,-0.52,-3.64,2.6,-2.312,0.643,14
2026-05,pitcher_strikeouts,OVER,"[-500,-300]",HR≥65/EDG≥-/CV≤-/μ≥-/TP≥65,448,419,381,38,90.93,-0.12,-3.22,2.99,-0.485,0.5,14
2026-05,pitcher_strikeouts,OVER,"[-500,-300]",HR≥65/EDG≥-/CV≤-/μ≥0.0/TP≥-,487,456,411,45,90.13,-0.5,-3.61,2.6,-2.285,0.643,14
2026-05,pitcher_strikeouts,OVER,"[-500,-300]",HR≥65/EDG≥-/CV≤-/μ≥0.0/TP≥50,487,456,411,45,90.13,-0.5,-3.61,2.6,-2.285,0.643,14
2026-05,pitcher_strikeouts,OVER,"[-500,-300]",HR≥65/EDG≥-/CV≤-/μ≥0.0/TP≥55,484,453,409,44,90.29,-0.37,-3.47,2.72,-1.689,0.643,14
2026-05,pitcher_strikeouts,OVER,"[-500,-300]",HR≥65/EDG≥-/CV≤-/μ≥0.0/TP≥60,473,442,400,42,90.5,-0.3,-3.39,2.8,-1.312,0.643,14
2026-05,pitcher_strikeouts,OVER,"[-500,-300]",HR≥65/EDG≥-/CV≤-/μ≥0.0/TP≥65,447,418,381,37,91.15,0.12,-2.95,3.2,0.515,0.571,14
2026-05,pitcher_strikeouts,OVER,"[-500,-300]",HR≥65/EDG≥-/CV≤-/μ≥0.5/TP≥-,467,437,397,40,90.85,-0.06,-3.12,3.0,-0.267,0.571,14
2026-05,pitcher_strikeouts,OVER,"[-500,-300]",HR≥65/EDG≥-/CV≤-/μ≥0.5/TP≥50,467,437,397,40,90.85,-0.06,-3.12,3.0,-0.267,0.571,14
2026-05,pitcher_strikeouts,OVER,"[-500,-300]",HR≥65/EDG≥-/CV≤-/μ≥0.5/TP≥55,467,437,397,40,90.85,-0.06,-3.12,3.0,-0.267,0.571,14
2026-05,pitcher_strikeouts,OVER,"[-500,-300]",HR≥65/EDG≥-/CV≤-/μ≥0.5/TP≥60,464,434,394,40,90.78,-0.17,-3.25,2.9,-0.752,0.571,14
2026-05,pitcher_strikeouts,OVER,"[-500,-300]",HR≥65/EDG≥-/CV≤-/μ≥0.5/TP≥65,444,415,379,36,91.33,0.25,-2.81,3.31,1.028,0.571,14
2026-05,pitcher_strikeouts,OVER,"[-500,-300]",HR≥65/EDG≥-/CV≤-/μ≥1.0/TP≥-,414,390,357,33,91.54,0.11,-3.0,3.21,0.414,0.5,14
2026-05,pitcher_strikeouts,OVER,"[-500,-300]",HR≥65/EDG≥-/CV≤-/μ≥1.0/TP≥50,414,390,357,33,91.54,0.11,-3.0,3.21,0.414,0.5,14
2026-05,pitcher_strikeouts,OVER,"[-500,-300]",HR≥65/EDG≥-/CV≤-/μ≥1.0/TP≥55,414,390,357,33,91.54,0.11,-3.0,3.21,0.414,0.5,14
2026-05,pitcher_strikeouts,OVER,"[-500,-300]",HR≥65/EDG≥-/CV≤-/μ≥1.0/TP≥60,414,390,357,33,91.54,0.11,-3.0,3.21,0.414,0.5,14
2026-05,pitcher_strikeouts,OVER,"[-500,-300]",HR≥65/EDG≥-/CV≤-/μ≥1.0/TP≥65,410,386,353,33,91.45,0.02,-3.11,3.16,0.094,0.5,14
2026-05,pitcher_strikeouts,OVER,"[-500,-300]",HR≥65/EDG≥-/CV≤0.7/μ≥-/TP≥-,478,448,401,47,89.51,-1.06,-4.28,2.15,-4.765,0.643,14
2026-05,pitcher_strikeouts,OVER,"[-500,-300]",HR≥65/EDG≥-/CV≤0.7/μ≥-/TP≥50,472,443,397,46,89.62,-1.04,-4.26,2.18,-4.591,0.643,14
2026-05,pitcher_strikeouts,OVER,"[-500,-300]",HR≥65/EDG≥-/CV≤0.7/μ≥-/TP≥55,469,440,395,45,89.77,-0.91,-4.12,2.3,-3.995,0.643,14
2026-05,pitcher_strikeouts,OVER,"[-500,-300]",HR≥65/EDG≥-/CV≤0.7/μ≥-/TP≥60,458,429,386,43,89.98,-0.84,-4.06,2.37,-3.618,0.643,14
2026-05,pitcher_strikeouts,OVER,"[-500,-300]",HR≥65/EDG≥-/CV≤0.7/μ≥-/TP≥65,435,408,370,38,90.69,-0.39,-3.57,2.79,-1.596,0.5,14
2026-05,pitcher_strikeouts,OVER,"[-500,-300]",HR≥65/EDG≥-/CV≤0.7/μ≥0.0/TP≥-,471,442,397,45,89.82,-0.81,-4.01,2.38,-3.591,0.643,14
2026-05,pitcher_strikeouts,OVER,"[-500,-300]",HR≥65/EDG≥-/CV≤0.7/μ≥0.0/TP≥50,471,442,397,45,89.82,-0.81,-4.01,2.38,-3.591,0.643,14
2026-05,pitcher_strikeouts,OVER,"[-500,-300]",HR≥65/EDG≥-/CV≤0.7/μ≥0.0/TP≥55,468,439,395,44,89.98,-0.68,-3.87,2.5,-2.995,0.643,14
2026-05,pitcher_strikeouts,OVER,"[-500,-300]",HR≥65/EDG≥-/CV≤0.7/μ≥0.0/TP≥60,457,428,386,42,90.19,-0.61,-3.8,2.58,-2.618,0.643,14
2026-05,pitcher_strikeouts,OVER,"[-500,-300]",HR≥65/EDG≥-/CV≤0.7/μ≥0.0/TP≥65,434,407,370,37,90.91,-0.15,-3.3,3.01,-0.596,0.571,14
2026-05,pitcher_strikeouts,OVER,"[-500,-300]",HR≥65/EDG≥-/CV≤0.7/μ≥0.5/TP≥-,451,423,383,40,90.54,-0.37,-3.52,2.78,-1.573,0.571,14
2026-05,pitcher_strikeouts,OVER,"[-500,-300]",HR≥65/EDG≥-/CV≤0.7/μ≥0.5/TP≥50,451,423,383,40,90.54,-0.37,-3.52,2.78,-1.573,0.571,14
2026-05,pitcher_strikeouts,OVER,"[-500,-300]",HR≥65/EDG≥-/CV≤0.7/μ≥0.5/TP≥55,451,423,383,40,90.54,-0.37,-3.52,2.78,-1.573,0.571,14
2026-05,pitcher_strikeouts,OVER,"[-500,-300]",HR≥65/EDG≥-/CV≤0.7/μ≥0.5/TP≥60,448,420,380,40,90.48,-0.49,-3.66,2.68,-2.058,0.571,14
2026-05,pitcher_strikeouts,OVER,"[-500,-300]",HR≥65/EDG≥-/CV≤0.7/μ≥0.5/TP≥65,431,404,368,36,91.09,-0.02,-3.16,3.11,-0.083,0.571,14
2026-05,pitcher_strikeouts,OVER,"[-500,-300]",HR≥65/EDG≥-/CV≤0.7/μ≥1.0/TP≥-,399,377,344,33,91.25,-0.22,-3.42,2.98,-0.825,0.5,14
2026-05,pitcher_strikeouts,OVER,"[-500,-300]",HR≥65/EDG≥-/CV≤0.7/μ≥1.0/TP≥50,399,377,344,33,91.25,-0.22,-3.42,2.98,-0.825,0.5,14
2026-05,pitcher_strikeouts,OVER,"[-500,-300]",HR≥65/EDG≥-/CV≤0.7/μ≥1.0/TP≥55,399,377,344,33,91.25,-0.22,-3.42,2.98,-0.825,0.5,14
2026-05,pitcher_strikeouts,OVER,"[-500,-300]",HR≥65/EDG≥-/CV≤0.7/μ≥1.0/TP≥60,399,377,344,33,91.25,-0.22,-3.42,2.98,-0.825,0.5,14
2026-05,pitcher_strikeouts,OVER,"[-500,-300]",HR≥65/EDG≥-/CV≤0.7/μ≥1.0/TP≥65,398,376,343,33,91.22,-0.25,-3.46,2.96,-0.95,0.5,14
2026-05,pitcher_strikeouts,OVER,"[-500,-300]",HR≥65/EDG≥-/CV≤0.6/μ≥-/TP≥-,441,413,369,44,89.35,-1.14,-4.52,2.23,-4.728,0.5,14
2026-05,pitcher_strikeouts,OVER,"[-500,-300]",HR≥65/EDG≥-/CV≤0.6/μ≥-/TP≥50,435,408,365,43,89.46,-1.12,-4.5,2.26,-4.554,0.5,14
2026-05,pitcher_strikeouts,OVER,"[-500,-300]",HR≥65/EDG≥-/CV≤0.6/μ≥-/TP≥55,432,405,363,42,89.63,-0.98,-4.35,2.39,-3.958,0.5,14
2026-05,pitcher_strikeouts,OVER,"[-500,-300]",HR≥65/EDG≥-/CV≤0.6/μ≥-/TP≥60,423,396,356,40,89.9,-0.83,-4.2,2.53,-3.303,0.571,14
2026-05,pitcher_strikeouts,OVER,"[-500,-300]",HR≥65/EDG≥-/CV≤0.6/μ≥-/TP≥65,402,376,341,35,90.69,-0.31,-3.63,3.01,-1.155,0.571,14
2026-05,pitcher_strikeouts,OVER,"[-500,-300]",HR≥65/EDG≥-/CV≤0.6/μ≥0.0/TP≥-,434,407,365,42,89.68,-0.87,-4.23,2.48,-3.554,0.5,14
2026-05,pitcher_strikeouts,OVER,"[-500,-300]",HR≥65/EDG≥-/CV≤0.6/μ≥0.0/TP≥50,434,407,365,42,89.68,-0.87,-4.23,2.48,-3.554,0.5,14
2026-05,pitcher_strikeouts,OVER,"[-500,-300]",HR≥65/EDG≥-/CV≤0.6/μ≥0.0/TP≥55,431,404,363,41,89.85,-0.73,-4.08,2.61,-2.958,0.5,14
2026-05,pitcher_strikeouts,OVER,"[-500,-300]",HR≥65/EDG≥-/CV≤0.6/μ≥0.0/TP≥60,422,395,356,39,90.13,-0.58,-3.92,2.75,-2.303,0.571,14
2026-05,pitcher_strikeouts,OVER,"[-500,-300]",HR≥65/EDG≥-/CV≤0.6/μ≥0.0/TP≥65,401,375,341,34,90.93,-0.04,-3.33,3.25,-0.155,0.643,14
2026-05,pitcher_strikeouts,OVER,"[-500,-300]",HR≥65/EDG≥-/CV≤0.6/μ≥0.5/TP≥-,416,389,352,37,90.49,-0.36,-3.65,2.94,-1.382,0.571,14
2026-05,pitcher_strikeouts,OVER,"[-500,-300]",HR≥65/EDG≥-/CV≤0.6/μ≥0.5/TP≥50,416,389,352,37,90.49,-0.36,-3.65,2.94,-1.382,0.571,14
2026-05,pitcher_strikeouts,OVER,"[-500,-300]",HR≥65/EDG≥-/CV≤0.6/μ≥0.5/TP≥55,416,389,352,37,90.49,-0.36,-3.65,2.94,-1.382,0.571,14
2026-05,pitcher_strikeouts,OVER,"[-500,-300]",HR≥65/EDG≥-/CV≤0.6/μ≥0.5/TP≥60,414,387,350,37,90.44,-0.45,-3.76,2.86,-1.743,0.571,14
2026-05,pitcher_strikeouts,OVER,"[-500,-300]",HR≥65/EDG≥-/CV≤0.6/μ≥0.5/TP≥65,398,372,339,33,91.13,0.1,-3.17,3.36,0.358,0.571,14
2026-05,pitcher_strikeouts,OVER,"[-500,-300]",HR≥65/EDG≥-/CV≤0.6/μ≥1.0/TP≥-,371,349,318,31,91.12,-0.35,-3.7,3.01,-1.211,0.571,14
2026-05,pitcher_strikeouts,OVER,"[-500,-300]",HR≥65/EDG≥-/CV≤0.6/μ≥1.0/TP≥50,371,349,318,31,91.12,-0.35,-3.7,3.01,-1.211,0.571,14
2026-05,pitcher_strikeouts,OVER,"[-500,-300]",HR≥65/EDG≥-/CV≤0.6/μ≥1.0/TP≥55,371,349,318,31,91.12,-0.35,-3.7,3.01,-1.211,0.571,14
2026-05,pitcher_strikeouts,OVER,"[-500,-300]",HR≥65/EDG≥-/CV≤0.6/μ≥1.0/TP≥60,371,349,318,31,91.12,-0.35,-3.7,3.01,-1.211,0.571,14
2026-05,pitcher_strikeouts,OVER,"[-500,-300]",HR≥65/EDG≥-/CV≤0.6/μ≥1.0/TP≥65,371,349,318,31,91.12,-0.35,-3.7,3.01,-1.211,0.571,14
2026-05,pitcher_strikeouts,OVER,"[-500,-300]",HR≥65/EDG≥-/CV≤0.5/μ≥-/TP≥-,364,344,306,38,88.95,-1.41,-5.18,2.36,-4.863,0.571,14
2026-05,pitcher_strikeouts,OVER,"[-500,-300]",HR≥65/EDG≥-/CV≤0.5/μ≥-/TP≥50,359,339,302,37,89.09,-1.38,-5.16,2.39,-4.69,0.571,14
2026-05,pitcher_strikeouts,OVER,"[-500,-300]",HR≥65/EDG≥-/CV≤0.5/μ≥-/TP≥55,357,337,300,37,89.02,-1.51,-5.3,2.28,-5.093,0.571,14
2026-05,pitcher_strikeouts,OVER,"[-500,-300]",HR≥65/EDG≥-/CV≤0.5/μ≥-/TP≥60,351,331,296,35,89.43,-1.18,-4.94,2.58,-3.904,0.643,14
2026-05,pitcher_strikeouts,OVER,"[-500,-300]",HR≥65/EDG≥-/CV≤0.5/μ≥-/TP≥65,334,315,285,30,90.48,-0.33,-4.01,3.34,-1.052,0.643,14
2026-05,pitcher_strikeouts,OVER,"[-500,-300]",HR≥65/EDG≥-/CV≤0.5/μ≥0.0/TP≥-,358,338,302,36,89.35,-1.09,-4.83,2.65,-3.69,0.571,14
2026-05,pitcher_strikeouts,OVER,"[-500,-300]",HR≥65/EDG≥-/CV≤0.5/μ≥0.0/TP≥50,358,338,302,36,89.35,-1.09,-4.83,2.65,-3.69,0.571,14
2026-05,pitcher_strikeouts,OVER,"[-500,-300]",HR≥65/EDG≥-/CV≤0.5/μ≥0.0/TP≥55,356,336,300,36,89.29,-1.22,-4.98,2.54,-4.093,0.571,14
2026-05,pitcher_strikeouts,OVER,"[-500,-300]",HR≥65/EDG≥-/CV≤0.5/μ≥0.0/TP≥60,350,330,296,34,89.7,-0.88,-4.61,2.85,-2.904,0.643,14
2026-05,pitcher_strikeouts,OVER,"[-500,-300]",HR≥65/EDG≥-/CV≤0.5/μ≥0.0/TP≥65,333,314,285,29,90.76,-0.02,-3.65,3.62,-0.052,0.643,14
2026-05,pitcher_strikeouts,OVER,"[-500,-300]",HR≥65/EDG≥-/CV≤0.5/μ≥0.5/TP≥-,343,323,291,32,90.09,-0.71,-4.4,2.98,-2.288,0.643,14
2026-05,pitcher_strikeouts,OVER,"[-500,-300]",HR≥65/EDG≥-/CV≤0.5/μ≥0.5/TP≥50,343,323,291,32,90.09,-0.71,-4.4,2.98,-2.288,0.643,14
2026-05,pitcher_strikeouts,OVER,"[-500,-300]",HR≥65/EDG≥-/CV≤0.5/μ≥0.5/TP≥55,343,323,291,32,90.09,-0.71,-4.4,2.98,-2.288,0.643,14
2026-05,pitcher_strikeouts,OVER,"[-500,-300]",HR≥65/EDG≥-/CV≤0.5/μ≥0.5/TP≥60,343,323,291,32,90.09,-0.71,-4.4,2.98,-2.288,0.643,14
2026-05,pitcher_strikeouts,OVER,"[-500,-300]",HR≥65/EDG≥-/CV≤0.5/μ≥0.5/TP≥65,330,311,283,28,91.0,0.15,-3.46,3.76,0.461,0.643,14
2026-05,pitcher_strikeouts,OVER,"[-500,-300]",HR≥65/EDG≥-/CV≤0.5/μ≥1.0/TP≥-,307,290,264,26,91.03,-0.31,-4.01,3.39,-0.897,0.643,14
2026-05,pitcher_strikeouts,OVER,"[-500,-300]",HR≥65/EDG≥-/CV≤0.5/μ≥1.0/TP≥50,307,290,264,26,91.03,-0.31,-4.01,3.39,-0.897,0.643,14
2026-05,pitcher_strikeouts,OVER,"[-500,-300]",HR≥65/EDG≥-/CV≤0.5/μ≥1.0/TP≥55,307,290,264,26,91.03,-0.31,-4.01,3.39,-0.897,0.643,14
2026-05,pitcher_strikeouts,OVER,"[-500,-300]",HR≥65/EDG≥-/CV≤0.5/μ≥1.0/TP≥60,307,290,264,26,91.03,-0.31,-4.01,3.39,-0.897,0.643,14
2026-05,pitcher_strikeouts,OVER,"[-500,-300]",HR≥65/EDG≥-/CV≤0.5/μ≥1.0/TP≥65,307,290,264,26,91.03,-0.31,-4.01,3.39,-0.897,0.643,14
2026-05,pitcher_strikeouts,OVER,"[-500,-300]",HR≥65/EDG≥-/CV≤0.45/μ≥-/TP≥-,297,278,250,28,89.93,-0.27,-4.31,3.77,-0.749,0.571,14
2026-05,pitcher_strikeouts,OVER,"[-500,-300]",HR≥65/EDG≥-/CV≤0.45/μ≥-/TP≥50,292,273,246,27,90.11,-0.21,-4.25,3.83,-0.575,0.571,14
2026-05,pitcher_strikeouts,OVER,"[-500,-300]",HR≥65/EDG≥-/CV≤0.45/μ≥-/TP≥55,290,271,244,27,90.04,-0.36,-4.43,3.71,-0.979,0.571,14
2026-05,pitcher_strikeouts,OVER,"[-500,-300]",HR≥65/EDG≥-/CV≤0.45/μ≥-/TP≥60,287,268,242,26,90.3,-0.17,-4.21,3.87,-0.467,0.643,14
2026-05,pitcher_strikeouts,OVER,"[-500,-300]",HR≥65/EDG≥-/CV≤0.45/μ≥-/TP≥65,272,254,233,21,91.73,1.08,-2.78,4.94,2.74,0.714,14
2026-05,pitcher_strikeouts,OVER,"[-500,-300]",HR≥65/EDG≥-/CV≤0.45/μ≥0.0/TP≥-,291,272,246,26,90.44,0.16,-3.84,4.15,0.425,0.571,14
2026-05,pitcher_strikeouts,OVER,"[-500,-300]",HR≥65/EDG≥-/CV≤0.45/μ≥0.0/TP≥50,291,272,246,26,90.44,0.16,-3.84,4.15,0.425,0.571,14
2026-05,pitcher_strikeouts,OVER,"[-500,-300]",HR≥65/EDG≥-/CV≤0.45/μ≥0.0/TP≥55,289,270,244,26,90.37,0.01,-4.01,4.03,0.021,0.571,14
2026-05,pitcher_strikeouts,OVER,"[-500,-300]",HR≥65/EDG≥-/CV≤0.45/μ≥0.0/TP≥60,286,267,242,25,90.64,0.2,-3.79,4.19,0.533,0.643,14
2026-05,pitcher_strikeouts,OVER,"[-500,-300]",HR≥65/EDG≥-/CV≤0.45/μ≥0.0/TP≥65,271,253,233,20,92.09,1.48,-2.32,5.27,3.74,0.714,14
2026-05,pitcher_strikeouts,OVER,"[-500,-300]",HR≥65/EDG≥-/CV≤0.45/μ≥0.5/TP≥-,279,260,237,23,91.15,0.44,-3.48,4.37,1.149,0.714,14
2026-05,pitcher_strikeouts,OVER,"[-500,-300]",HR≥65/EDG≥-/CV≤0.45/μ≥0.5/TP≥50,279,260,237,23,91.15,0.44,-3.48,4.37,1.149,0.714,14
2026-05,pitcher_strikeouts,OVER,"[-500,-300]",HR≥65/EDG≥-/CV≤0.45/μ≥0.5/TP≥55,279,260,237,23,91.15,0.44,-3.48,4.37,1.149,0.714,14
2026-05,pitcher_strikeouts,OVER,"[-500,-300]",HR≥65/EDG≥-/CV≤0.45/μ≥0.5/TP≥60,279,260,237,23,91.15,0.44,-3.48,4.37,1.149,0.714,14
2026-05,pitcher_strikeouts,OVER,"[-500,-300]",HR≥65/EDG≥-/CV≤0.45/μ≥0.5/TP≥65,268,250,231,19,92.4,1.7,-2.05,5.45,4.253,0.714,14
2026-05,pitcher_strikeouts,OVER,"[-500,-300]",HR≥65/EDG≥-/CV≤0.45/μ≥1.0/TP≥-,247,231,213,18,92.21,0.86,-3.05,4.76,1.979,0.714,14
2026-05,pitcher_strikeouts,OVER,"[-500,-300]",HR≥65/EDG≥-/CV≤0.45/μ≥1.0/TP≥50,247,231,213,18,92.21,0.86,-3.05,4.76,1.979,0.714,14
2026-05,pitcher_strikeouts,OVER,"[-500,-300]",HR≥65/EDG≥-/CV≤0.45/μ≥1.0/TP≥55,247,231,213,18,92.21,0.86,-3.05,4.76,1.979,0.714,14
2026-05,pitcher_strikeouts,OVER,"[-500,-300]",HR≥65/EDG≥-/CV≤0.45/μ≥1.0/TP≥60,247,231,213,18,92.21,0.86,-3.05,4.76,1.979,0.714,14
2026-05,pitcher_strikeouts,OVER,"[-500,-300]",HR≥65/EDG≥-/CV≤0.45/μ≥1.0/TP≥65,247,231,213,18,92.21,0.86,-3.05,4.76,1.979,0.714,14
2026-05,pitcher_strikeouts,OVER,"[-500,-300]",HR≥65/EDG≥-/CV≤0.4/μ≥-/TP≥-,203,190,169,21,88.95,-0.84,-5.96,4.28,-1.601,0.571,14
2026-05,pitcher_strikeouts,OVER,"[-500,-300]",HR≥65/EDG≥-/CV≤0.4/μ≥-/TP≥50,199,186,166,20,89.25,-0.64,-5.75,4.47,-1.192,0.571,14
2026-05,pitcher_strikeouts,OVER,"[-500,-300]",HR≥65/EDG≥-/CV≤0.4/μ≥-/TP≥55,197,184,164,20,89.13,-0.87,-6.03,4.29,-1.596,0.571,14
2026-05,pitcher_strikeouts,OVER,"[-500,-300]",HR≥65/EDG≥-/CV≤0.4/μ≥-/TP≥60,195,182,163,19,89.56,-0.46,-5.55,4.64,-0.834,0.5,14
2026-05,pitcher_strikeouts,OVER,"[-500,-300]",HR≥65/EDG≥-/CV≤0.4/μ≥-/TP≥65,184,171,157,14,91.81,1.52,-3.19,6.24,2.605,0.643,14
2026-05,pitcher_strikeouts,OVER,"[-500,-300]",HR≥65/EDG≥-/CV≤0.4/μ≥0.0/TP≥-,198,185,166,19,89.73,-0.1,-5.13,4.93,-0.192,0.571,14
2026-05,pitcher_strikeouts,OVER,"[-500,-300]",HR≥65/EDG≥-/CV≤0.4/μ≥0.0/TP≥50,198,185,166,19,89.73,-0.1,-5.13,4.93,-0.192,0.571,14
2026-05,pitcher_strikeouts,OVER,"[-500,-300]",HR≥65/EDG≥-/CV≤0.4/μ≥0.0/TP≥55,196,183,164,19,89.62,-0.33,-5.4,4.75,-0.596,0.571,14
2026-05,pitcher_strikeouts,OVER,"[-500,-300]",HR≥65/EDG≥-/CV≤0.4/μ≥0.0/TP≥60,194,181,163,18,90.06,0.09,-4.92,5.1,0.166,0.5,14
2026-05,pitcher_strikeouts,OVER,"[-500,-300]",HR≥65/EDG≥-/CV≤0.4/μ≥0.0/TP≥65,183,170,157,13,92.35,2.12,-2.47,6.71,3.605,0.643,14
2026-05,pitcher_strikeouts,OVER,"[-500,-300]",HR≥65/EDG≥-/CV≤0.4/μ≥0.5/TP≥-,187,174,158,16,90.8,0.45,-4.46,5.36,0.782,0.571,14
2026-05,pitcher_strikeouts,OVER,"[-500,-300]",HR≥65/EDG≥-/CV≤0.4/μ≥0.5/TP≥50,187,174,158,16,90.8,0.45,-4.46,5.36,0.782,0.571,14
2026-05,pitcher_strikeouts,OVER,"[-500,-300]",HR≥65/EDG≥-/CV≤0.4/μ≥0.5/TP≥55,187,174,158,16,90.8,0.45,-4.46,5.36,0.782,0.571,14
2026-05,pitcher_strikeouts,OVER,"[-500,-300]",HR≥65/EDG≥-/CV≤0.4/μ≥0.5/TP≥60,187,174,158,16,90.8,0.45,-4.46,5.36,0.782,0.571,14
2026-05,pitcher_strikeouts,OVER,"[-500,-300]",HR≥65/EDG≥-/CV≤0.4/μ≥0.5/TP≥65,180,167,155,12,92.81,2.47,-2.04,6.97,4.118,0.643,14
2026-05,pitcher_strikeouts,OVER,"[-500,-300]",HR≥65/EDG≥-/CV≤0.4/μ≥1.0/TP≥-,163,152,141,11,92.76,1.63,-3.04,6.31,2.481,0.571,14
2026-05,pitcher_strikeouts,OVER,"[-500,-300]",HR≥65/EDG≥-/CV≤0.4/μ≥1.0/TP≥50,163,152,141,11,92.76,1.63,-3.04,6.31,2.481,0.571,14
2026-05,pitcher_strikeouts,OVER,"[-500,-300]",HR≥65/EDG≥-/CV≤0.4/μ≥1.0/TP≥55,163,152,141,11,92.76,1.63,-3.04,6.31,2.481,0.571,14
2026-05,pitcher_strikeouts,OVER,"[-500,-300]",HR≥65/EDG≥-/CV≤0.4/μ≥1.0/TP≥60,163,152,141,11,92.76,1.63,-3.04,6.31,2.481,0.571,14
2026-05,pitcher_strikeouts,OVER,"[-500,-300]",HR≥65/EDG≥-/CV≤0.4/μ≥1.0/TP≥65,163,152,141,11,92.76,1.63,-3.04,6.31,2.481,0.571,14
2026-05,pitcher_strikeouts,OVER,"[-500,-300]",HR≥65/EDG≥-5.0/CV≤-/μ≥-/TP≥-,198,184,171,13,92.93,3.0,-1.28,7.28,5.517,0.714,14
2026-05,pitcher_strikeouts,OVER,"[-500,-300]",HR≥65/EDG≥-5.0/CV≤-/μ≥-/TP≥50,198,184,171,13,92.93,3.0,-1.28,7.28,5.517,0.714,14
2026-05,pitcher_strikeouts,OVER,"[-500,-300]",HR≥65/EDG≥-5.0/CV≤-/μ≥-/TP≥55,198,184,171,13,92.93,3.0,-1.28,7.28,5.517,0.714,14
2026-05,pitcher_strikeouts,OVER,"[-500,-300]",HR≥65/EDG≥-5.0/CV≤-/μ≥-/TP≥60,198,184,171,13,92.93,3.0,-1.28,7.28,5.517,0.714,14
2026-05,pitcher_strikeouts,OVER,"[-500,-300]",HR≥65/EDG≥-5.0/CV≤-/μ≥-/TP≥65,198,184,171,13,92.93,3.0,-1.28,7.28,5.517,0.714,14
2026-05,pitcher_strikeouts,OVER,"[-500,-300]",HR≥65/EDG≥-5.0/CV≤-/μ≥0.0/TP≥-,198,184,171,13,92.93,3.0,-1.28,7.28,5.517,0.714,14
2026-05,pitcher_strikeouts,OVER,"[-500,-300]",HR≥65/EDG≥-5.0/CV≤-/μ≥0.0/TP≥50,198,184,171,13,92.93,3.0,-1.28,7.28,5.517,0.714,14
2026-05,pitcher_strikeouts,OVER,"[-500,-300]",HR≥65/EDG≥-5.0/CV≤-/μ≥0.0/TP≥55,198,184,171,13,92.93,3.0,-1.28,7.28,5.517,0.714,14
2026-05,pitcher_strikeouts,OVER,"[-500,-300]",HR≥65/EDG≥-5.0/CV≤-/μ≥0.0/TP≥60,198,184,171,13,92.93,3.0,-1.28,7.28,5.517,0.714,14
2026-05,pitcher_strikeouts,OVER,"[-500,-300]",HR≥65/EDG≥-5.0/CV≤-/μ≥0.0/TP≥65,198,184,171,13,92.93,3.0,-1.28,7.28,5.517,0.714,14
2026-05,pitcher_strikeouts,OVER,"[-500,-300]",HR≥65/EDG≥-5.0/CV≤-/μ≥0.5/TP≥-,198,184,171,13,92.93,3.0,-1.28,7.28,5.517,0.714,14
2026-05,pitcher_strikeouts,OVER,"[-500,-300]",HR≥65/EDG≥-5.0/CV≤-/μ≥0.5/TP≥50,198,184,171,13,92.93,3.0,-1.28,7.28,5.517,0.714,14
2026-05,pitcher_strikeouts,OVER,"[-500,-300]",HR≥65/EDG≥-5.0/CV≤-/μ≥0.5/TP≥55,198,184,171,13,92.93,3.0,-1.28,7.28,5.517,0.714,14
2026-05,pitcher_strikeouts,OVER,"[-500,-300]",HR≥65/EDG≥-5.0/CV≤-/μ≥0.5/TP≥60,198,184,171,13,92.93,3.0,-1.28,7.28,5.517,0.714,14
2026-05,pitcher_strikeouts,OVER,"[-500,-300]",HR≥65/EDG≥-5.0/CV≤-/μ≥0.5/TP≥65,198,184,171,13,92.93,3.0,-1.28,7.28,5.517,0.714,14
2026-05,pitcher_strikeouts,OVER,"[-500,-300]",HR≥65/EDG≥-5.0/CV≤-/μ≥1.0/TP≥-,195,182,169,13,92.86,2.72,-1.59,7.03,4.952,0.714,14
2026-05,pitcher_strikeouts,OVER,"[-500,-300]",HR≥65/EDG≥-5.0/CV≤-/μ≥1.0/TP≥50,195,182,169,13,92.86,2.72,-1.59,7.03,4.952,0.714,14
2026-05,pitcher_strikeouts,OVER,"[-500,-300]",HR≥65/EDG≥-5.0/CV≤-/μ≥1.0/TP≥55,195,182,169,13,92.86,2.72,-1.59,7.03,4.952,0.714,14
2026-05,pitcher_strikeouts,OVER,"[-500,-300]",HR≥65/EDG≥-5.0/CV≤-/μ≥1.0/TP≥60,195,182,169,13,92.86,2.72,-1.59,7.03,4.952,0.714,14
2026-05,pitcher_strikeouts,OVER,"[-500,-300]",HR≥65/EDG≥-5.0/CV≤-/μ≥1.0/TP≥65,195,182,169,13,92.86,2.72,-1.59,7.03,4.952,0.714,14
2026-05,pitcher_strikeouts,OVER,"[-500,-300]",HR≥65/EDG≥-5.0/CV≤0.7/μ≥-/TP≥-,198,184,171,13,92.93,3.0,-1.28,7.28,5.517,0.714,14
2026-05,pitcher_strikeouts,OVER,"[-500,-300]",HR≥65/EDG≥-5.0/CV≤0.7/μ≥-/TP≥50,198,184,171,13,92.93,3.0,-1.28,7.28,5.517,0.714,14
2026-05,pitcher_strikeouts,OVER,"[-500,-300]",HR≥65/EDG≥-5.0/CV≤0.7/μ≥-/TP≥55,198,184,171,13,92.93,3.0,-1.28,7.28,5.517,0.714,14
2026-05,pitcher_strikeouts,OVER,"[-500,-300]",HR≥65/EDG≥-5.0/CV≤0.7/μ≥-/TP≥60,198,184,171,13,92.93,3.0,-1.28,7.28,5.517,0.714,14
2026-05,pitcher_strikeouts,OVER,"[-500,-300]",HR≥65/EDG≥-5.0/CV≤0.7/μ≥-/TP≥65,198,184,171,13,92.93,3.0,-1.28,7.28,5.517,0.714,14
2026-05,pitcher_strikeouts,OVER,"[-500,-300]",HR≥65/EDG≥-5.0/CV≤0.7/μ≥0.0/TP≥-,198,184,171,13,92.93,3.0,-1.28,7.28,5.517,0.714,14
2026-05,pitcher_strikeouts,OVER,"[-500,-300]",HR≥65/EDG≥-5.0/CV≤0.7/μ≥0.0/TP≥50,198,184,171,13,92.93,3.0,-1.28,7.28,5.517,0.714,14
2026-05,pitcher_strikeouts,OVER,"[-500,-300]",HR≥65/EDG≥-5.0/CV≤0.7/μ≥0.0/TP≥55,198,184,171,13,92.93,3.0,-1.28,7.28,5.517,0.714,14
2026-05,pitcher_strikeouts,OVER,"[-500,-300]",HR≥65/EDG≥-5.0/CV≤0.7/μ≥0.0/TP≥60,198,184,171,13,92.93,3.0,-1.28,7.28,5.517,0.714,14
2026-05,pitcher_strikeouts,OVER,"[-500,-300]",HR≥65/EDG≥-5.0/CV≤0.7/μ≥0.0/TP≥65,198,184,171,13,92.93,3.0,-1.28,7.28,5.517,0.714,14
2026-05,pitcher_strikeouts,OVER,"[-500,-300]",HR≥65/EDG≥-5.0/CV≤0.7/μ≥0.5/TP≥-,198,184,171,13,92.93,3.0,-1.28,7.28,5.517,0.714,14
2026-05,pitcher_strikeouts,OVER,"[-500,-300]",HR≥65/EDG≥-5.0/CV≤0.7/μ≥0.5/TP≥50,198,184,171,13,92.93,3.0,-1.28,7.28,5.517,0.714,14
2026-05,pitcher_strikeouts,OVER,"[-500,-300]",HR≥65/EDG≥-5.0/CV≤0.7/μ≥0.5/TP≥55,198,184,171,13,92.93,3.0,-1.28,7.28,5.517,0.714,14
2026-05,pitcher_strikeouts,OVER,"[-500,-300]",HR≥65/EDG≥-5.0/CV≤0.7/μ≥0.5/TP≥60,198,184,171,13,92.93,3.0,-1.28,7.28,5.517,0.714,14
2026-05,pitcher_strikeouts,OVER,"[-500,-300]",HR≥65/EDG≥-5.0/CV≤0.7/μ≥0.5/TP≥65,198,184,171,13,92.93,3.0,-1.28,7.28,5.517,0.714,14
2026-05,pitcher_strikeouts,OVER,"[-500,-300]",HR≥65/EDG≥-5.0/CV≤0.7/μ≥1.0/TP≥-,195,182,169,13,92.86,2.72,-1.59,7.03,4.952,0.714,14
2026-05,pitcher_strikeouts,OVER,"[-500,-300]",HR≥65/EDG≥-5.0/CV≤0.7/μ≥1.0/TP≥50,195,182,169,13,92.86,2.72,-1.59,7.03,4.952,0.714,14
2026-05,pitcher_strikeouts,OVER,"[-500,-300]",HR≥65/EDG≥-5.0/CV≤0.7/μ≥1.0/TP≥55,195,182,169,13,92.86,2.72,-1.59,7.03,4.952,0.714,14
2026-05,pitcher_strikeouts,OVER,"[-500,-300]",HR≥65/EDG≥-5.0/CV≤0.7/μ≥1.0/TP≥60,195,182,169,13,92.86,2.72,-1.59,7.03,4.952,0.714,14
2026-05,pitcher_strikeouts,OVER,"[-500,-300]",HR≥65/EDG≥-5.0/CV≤0.7/μ≥1.0/TP≥65,195,182,169,13,92.86,2.72,-1.59,7.03,4.952,0.714,14
2026-05,pitcher_strikeouts,OVER,"[-500,-300]",HR≥65/EDG≥-5.0/CV≤0.6/μ≥-/TP≥-,193,179,167,12,93.3,3.25,-0.98,7.49,5.826,0.643,14
2026-05,pitcher_strikeouts,OVER,"[-500,-300]",HR≥65/EDG≥-5.0/CV≤0.6/μ≥-/TP≥50,193,179,167,12,93.3,3.25,-0.98,7.49,5.826,0.643,14
2026-05,pitcher_strikeouts,OVER,"[-500,-300]",HR≥65/EDG≥-5.0/CV≤0.6/μ≥-/TP≥55,193,179,167,12,93.3,3.25,-0.98,7.49,5.826,0.643,14
2026-05,pitcher_strikeouts,OVER,"[-500,-300]",HR≥65/EDG≥-5.0/CV≤0.6/μ≥-/TP≥60,193,179,167,12,93.3,3.25,-0.98,7.49,5.826,0.643,14
2026-05,pitcher_strikeouts,OVER,"[-500,-300]",HR≥65/EDG≥-5.0/CV≤0.6/μ≥-/TP≥65,193,179,167,12,93.3,3.25,-0.98,7.49,5.826,0.643,14
2026-05,pitcher_strikeouts,OVER,"[-500,-300]",HR≥65/EDG≥-5.0/CV≤0.6/μ≥0.0/TP≥-,193,179,167,12,93.3,3.25,-0.98,7.49,5.826,0.643,14
2026-05,pitcher_strikeouts,OVER,"[-500,-300]",HR≥65/EDG≥-5.0/CV≤0.6/μ≥0.0/TP≥50,193,179,167,12,93.3,3.25,-0.98,7.49,5.826,0.643,14
2026-05,pitcher_strikeouts,OVER,"[-500,-300]",HR≥65/EDG≥-5.0/CV≤0.6/μ≥0.0/TP≥55,193,179,167,12,93.3,3.25,-0.98,7.49,5.826,0.643,14
2026-05,pitcher_strikeouts,OVER,"[-500,-300]",HR≥65/EDG≥-5.0/CV≤0.6/μ≥0.0/TP≥60,193,179,167,12,93.3,3.25,-0.98,7.49,5.826,0.643,14
2026-05,pitcher_strikeouts,OVER,"[-500,-300]",HR≥65/EDG≥-5.0/CV≤0.6/μ≥0.0/TP≥65,193,179,167,12,93.3,3.25,-0.98,7.49,5.826,0.643,14
2026-05,pitcher_strikeouts,OVER,"[-500,-300]",HR≥65/EDG≥-5.0/CV≤0.6/μ≥0.5/TP≥-,193,179,167,12,93.3,3.25,-0.98,7.49,5.826,0.643,14
2026-05,pitcher_strikeouts,OVER,"[-500,-300]",HR≥65/EDG≥-5.0/CV≤0.6/μ≥0.5/TP≥50,193,179,167,12,93.3,3.25,-0.98,7.49,5.826,0.643,14
2026-05,pitcher_strikeouts,OVER,"[-500,-300]",HR≥65/EDG≥-5.0/CV≤0.6/μ≥0.5/TP≥55,193,179,167,12,93.3,3.25,-0.98,7.49,5.826,0.643,14
2026-05,pitcher_strikeouts,OVER,"[-500,-300]",HR≥65/EDG≥-5.0/CV≤0.6/μ≥0.5/TP≥60,193,179,167,12,93.3,3.25,-0.98,7.49,5.826,0.643,14
2026-05,pitcher_strikeouts,OVER,"[-500,-300]",HR≥65/EDG≥-5.0/CV≤0.6/μ≥0.5/TP≥65,193,179,167,12,93.3,3.25,-0.98,7.49,5.826,0.643,14
2026-05,pitcher_strikeouts,OVER,"[-500,-300]",HR≥65/EDG≥-5.0/CV≤0.6/μ≥1.0/TP≥-,190,177,165,12,93.22,2.97,-1.3,7.24,5.261,0.643,14
2026-05,pitcher_strikeouts,OVER,"[-500,-300]",HR≥65/EDG≥-5.0/CV≤0.6/μ≥1.0/TP≥50,190,177,165,12,93.22,2.97,-1.3,7.24,5.261,0.643,14
2026-05,pitcher_strikeouts,OVER,"[-500,-300]",HR≥65/EDG≥-5.0/CV≤0.6/μ≥1.0/TP≥55,190,177,165,12,93.22,2.97,-1.3,7.24,5.261,0.643,14
2026-05,pitcher_strikeouts,OVER,"[-500,-300]",HR≥65/EDG≥-5.0/CV≤0.6/μ≥1.0/TP≥60,190,177,165,12,93.22,2.97,-1.3,7.24,5.261,0.643,14
2026-05,pitcher_strikeouts,OVER,"[-500,-300]",HR≥65/EDG≥-5.0/CV≤0.6/μ≥1.0/TP≥65,190,177,165,12,93.22,2.97,-1.3,7.24,5.261,0.643,14
2026-05,pitcher_strikeouts,OVER,"[-500,-300]",HR≥65/EDG≥-5.0/CV≤0.5/μ≥-/TP≥-,172,160,148,12,92.5,2.45,-2.26,7.16,3.914,0.571,14
2026-05,pitcher_strikeouts,OVER,"[-500,-300]",HR≥65/EDG≥-5.0/CV≤0.5/μ≥-/TP≥50,172,160,148,12,92.5,2.45,-2.26,7.16,3.914,0.571,14
2026-05,pitcher_strikeouts,OVER,"[-500,-300]",HR≥65/EDG≥-5.0/CV≤0.5/μ≥-/TP≥55,172,160,148,12,92.5,2.45,-2.26,7.16,3.914,0.571,14
2026-05,pitcher_strikeouts,OVER,"[-500,-300]",HR≥65/EDG≥-5.0/CV≤0.5/μ≥-/TP≥60,172,160,148,12,92.5,2.45,-2.26,7.16,3.914,0.571,14
2026-05,pitcher_strikeouts,OVER,"[-500,-300]",HR≥65/EDG≥-5.0/CV≤0.5/μ≥-/TP≥65,172,160,148,12,92.5,2.45,-2.26,7.16,3.914,0.571,14
2026-05,pitcher_strikeouts,OVER,"[-500,-300]",HR≥65/EDG≥-5.0/CV≤0.5/μ≥0.0/TP≥-,172,160,148,12,92.5,2.45,-2.26,7.16,3.914,0.571,14
2026-05,pitcher_strikeouts,OVER,"[-500,-300]",HR≥65/EDG≥-5.0/CV≤0.5/μ≥0.0/TP≥50,172,160,148,12,92.5,2.45,-2.26,7.16,3.914,0.571,14
2026-05,pitcher_strikeouts,OVER,"[-500,-300]",HR≥65/EDG≥-5.0/CV≤0.5/μ≥0.0/TP≥55,172,160,148,12,92.5,2.45,-2.26,7.16,3.914,0.571,14
2026-05,pitcher_strikeouts,OVER,"[-500,-300]",HR≥65/EDG≥-5.0/CV≤0.5/μ≥0.0/TP≥60,172,160,148,12,92.5,2.45,-2.26,7.16,3.914,0.571,14
2026-05,pitcher_strikeouts,OVER,"[-500,-300]",HR≥65/EDG≥-5.0/CV≤0.5/μ≥0.0/TP≥65,172,160,148,12,92.5,2.45,-2.26,7.16,3.914,0.571,14
2026-05,pitcher_strikeouts,OVER,"[-500,-300]",HR≥65/EDG≥-5.0/CV≤0.5/μ≥0.5/TP≥-,172,160,148,12,92.5,2.45,-2.26,7.16,3.914,0.571,14
2026-05,pitcher_strikeouts,OVER,"[-500,-300]",HR≥65/EDG≥-5.0/CV≤0.5/μ≥0.5/TP≥50,172,160,148,12,92.5,2.45,-2.26,7.16,3.914,0.571,14
2026-05,pitcher_strikeouts,OVER,"[-500,-300]",HR≥65/EDG≥-5.0/CV≤0.5/μ≥0.5/TP≥55,172,160,148,12,92.5,2.45,-2.26,7.16,3.914,0.571,14
2026-05,pitcher_strikeouts,OVER,"[-500,-300]",HR≥65/EDG≥-5.0/CV≤0.5/μ≥0.5/TP≥60,172,160,148,12,92.5,2.45,-2.26,7.16,3.914,0.571,14
2026-05,pitcher_strikeouts,OVER,"[-500,-300]",HR≥65/EDG≥-5.0/CV≤0.5/μ≥0.5/TP≥65,172,160,148,12,92.5,2.45,-2.26,7.16,3.914,0.571,14
2026-05,pitcher_strikeouts,OVER,"[-500,-300]",HR≥65/EDG≥-5.0/CV≤0.5/μ≥1.0/TP≥-,169,158,146,12,92.41,2.12,-2.63,6.87,3.349,0.5,14
2026-05,pitcher_strikeouts,OVER,"[-500,-300]",HR≥65/EDG≥-5.0/CV≤0.5/μ≥1.0/TP≥50,169,158,146,12,92.41,2.12,-2.63,6.87,3.349,0.5,14
2026-05,pitcher_strikeouts,OVER,"[-500,-300]",HR≥65/EDG≥-5.0/CV≤0.5/μ≥1.0/TP≥55,169,158,146,12,92.41,2.12,-2.63,6.87,3.349,0.5,14
2026-05,pitcher_strikeouts,OVER,"[-500,-300]",HR≥65/EDG≥-5.0/CV≤0.5/μ≥1.0/TP≥60,169,158,146,12,92.41,2.12,-2.63,6.87,3.349,0.5,14
2026-05,pitcher_strikeouts,OVER,"[-500,-300]",HR≥65/EDG≥-5.0/CV≤0.5/μ≥1.0/TP≥65,169,158,146,12,92.41,2.12,-2.63,6.87,3.349,0.5,14
2026-05,pitcher_strikeouts,OVER,"[-500,-300]",HR≥65/EDG≥-5.0/CV≤0.45/μ≥-/TP≥-,147,135,128,7,94.81,4.93,0.54,9.31,6.649,0.714,14
2026-05,pitcher_strikeouts,OVER,"[-500,-300]",HR≥65/EDG≥-5.0/CV≤0.45/μ≥-/TP≥50,147,135,128,7,94.81,4.93,0.54,9.31,6.649,0.714,14
2026-05,pitcher_strikeouts,OVER,"[-500,-300]",HR≥65/EDG≥-5.0/CV≤0.45/μ≥-/TP≥55,147,135,128,7,94.81,4.93,0.54,9.31,6.649,0.714,14
2026-05,pitcher_strikeouts,OVER,"[-500,-300]",HR≥65/EDG≥-5.0/CV≤0.45/μ≥-/TP≥60,147,135,128,7,94.81,4.93,0.54,9.31,6.649,0.714,14
2026-05,pitcher_strikeouts,OVER,"[-500,-300]",HR≥65/EDG≥-5.0/CV≤0.45/μ≥-/TP≥65,147,135,128,7,94.81,4.93,0.54,9.31,6.649,0.714,14
2026-05,pitcher_strikeouts,OVER,"[-500,-300]",HR≥65/EDG≥-5.0/CV≤0.45/μ≥0.0/TP≥-,147,135,128,7,94.81,4.93,0.54,9.31,6.649,0.714,14
2026-05,pitcher_strikeouts,OVER,"[-500,-300]",HR≥65/EDG≥-5.0/CV≤0.45/μ≥0.0/TP≥50,147,135,128,7,94.81,4.93,0.54,9.31,6.649,0.714,14
2026-05,pitcher_strikeouts,OVER,"[-500,-300]",HR≥65/EDG≥-5.0/CV≤0.45/μ≥0.0/TP≥55,147,135,128,7,94.81,4.93,0.54,9.31,6.649,0.714,14
2026-05,pitcher_strikeouts,OVER,"[-500,-300]",HR≥65/EDG≥-5.0/CV≤0.45/μ≥0.0/TP≥60,147,135,128,7,94.81,4.93,0.54,9.31,6.649,0.714,14
2026-05,pitcher_strikeouts,OVER,"[-500,-300]",HR≥65/EDG≥-5.0/CV≤0.45/μ≥0.0/TP≥65,147,135,128,7,94.81,4.93,0.54,9.31,6.649,0.714,14
2026-05,pitcher_strikeouts,OVER,"[-500,-300]",HR≥65/EDG≥-5.0/CV≤0.45/μ≥0.5/TP≥-,147,135,128,7,94.81,4.93,0.54,9.31,6.649,0.714,14
2026-05,pitcher_strikeouts,OVER,"[-500,-300]",HR≥65/EDG≥-5.0/CV≤0.45/μ≥0.5/TP≥50,147,135,128,7,94.81,4.93,0.54,9.31,6.649,0.714,14
2026-05,pitcher_strikeouts,OVER,"[-500,-300]",HR≥65/EDG≥-5.0/CV≤0.45/μ≥0.5/TP≥55,147,135,128,7,94.81,4.93,0.54,9.31,6.649,0.714,14
2026-05,pitcher_strikeouts,OVER,"[-500,-300]",HR≥65/EDG≥-5.0/CV≤0.45/μ≥0.5/TP≥60,147,135,128,7,94.81,4.93,0.54,9.31,6.649,0.714,14
2026-05,pitcher_strikeouts,OVER,"[-500,-300]",HR≥65/EDG≥-5.0/CV≤0.45/μ≥0.5/TP≥65,147,135,128,7,94.81,4.93,0.54,9.31,6.649,0.714,14
2026-05,pitcher_strikeouts,OVER,"[-500,-300]",HR≥65/EDG≥-5.0/CV≤0.45/μ≥1.0/TP≥-,144,133,126,7,94.74,4.57,0.15,8.99,6.084,0.714,14
2026-05,pitcher_strikeouts,OVER,"[-500,-300]",HR≥65/EDG≥-5.0/CV≤0.45/μ≥1.0/TP≥50,144,133,126,7,94.74,4.57,0.15,8.99,6.084,0.714,14
2026-05,pitcher_strikeouts,OVER,"[-500,-300]",HR≥65/EDG≥-5.0/CV≤0.45/μ≥1.0/TP≥55,144,133,126,7,94.74,4.57,0.15,8.99,6.084,0.714,14
2026-05,pitcher_strikeouts,OVER,"[-500,-300]",HR≥65/EDG≥-5.0/CV≤0.45/μ≥1.0/TP≥60,144,133,126,7,94.74,4.57,0.15,8.99,6.084,0.714,14
2026-05,pitcher_strikeouts,OVER,"[-500,-300]",HR≥65/EDG≥-5.0/CV≤0.45/μ≥1.0/TP≥65,144,133,126,7,94.74,4.57,0.15,8.99,6.084,0.714,14
2026-05,pitcher_strikeouts,OVER,"[-500,-300]",HR≥65/EDG≥-5.0/CV≤0.4/μ≥-/TP≥-,109,98,93,5,94.9,5.16,0.03,10.28,5.055,0.615,13
2026-05,pitcher_strikeouts,OVER,"[-500,-300]",HR≥65/EDG≥-5.0/CV≤0.4/μ≥-/TP≥50,109,98,93,5,94.9,5.16,0.03,10.28,5.055,0.615,13
2026-05,pitcher_strikeouts,OVER,"[-500,-300]",HR≥65/EDG≥-5.0/CV≤0.4/μ≥-/TP≥55,109,98,93,5,94.9,5.16,0.03,10.28,5.055,0.615,13
2026-05,pitcher_strikeouts,OVER,"[-500,-300]",HR≥65/EDG≥-5.0/CV≤0.4/μ≥-/TP≥60,109,98,93,5,94.9,5.16,0.03,10.28,5.055,0.615,13
2026-05,pitcher_strikeouts,OVER,"[-500,-300]",HR≥65/EDG≥-5.0/CV≤0.4/μ≥-/TP≥65,109,98,93,5,94.9,5.16,0.03,10.28,5.055,0.615,13
2026-05,pitcher_strikeouts,OVER,"[-500,-300]",HR≥65/EDG≥-5.0/CV≤0.4/μ≥0.0/TP≥-,109,98,93,5,94.9,5.16,0.03,10.28,5.055,0.615,13
2026-05,pitcher_strikeouts,OVER,"[-500,-300]",HR≥65/EDG≥-5.0/CV≤0.4/μ≥0.0/TP≥50,109,98,93,5,94.9,5.16,0.03,10.28,5.055,0.615,13
2026-05,pitcher_strikeouts,OVER,"[-500,-300]",HR≥65/EDG≥-5.0/CV≤0.4/μ≥0.0/TP≥55,109,98,93,5,94.9,5.16,0.03,10.28,5.055,0.615,13
2026-05,pitcher_strikeouts,OVER,"[-500,-300]",HR≥65/EDG≥-5.0/CV≤0.4/μ≥0.0/TP≥60,109,98,93,5,94.9,5.16,0.03,10.28,5.055,0.615,13
2026-05,pitcher_strikeouts,OVER,"[-500,-300]",HR≥65/EDG≥-5.0/CV≤0.4/μ≥0.0/TP≥65,109,98,93,5,94.9,5.16,0.03,10.28,5.055,0.615,13
2026-05,pitcher_strikeouts,OVER,"[-500,-300]",HR≥65/EDG≥-5.0/CV≤0.4/μ≥0.5/TP≥-,109,98,93,5,94.9,5.16,0.03,10.28,5.055,0.615,13
2026-05,pitcher_strikeouts,OVER,"[-500,-300]",HR≥65/EDG≥-5.0/CV≤0.4/μ≥0.5/TP≥50,109,98,93,5,94.9,5.16,0.03,10.28,5.055,0.615,13
2026-05,pitcher_strikeouts,OVER,"[-500,-300]",HR≥65/EDG≥-5.0/CV≤0.4/μ≥0.5/TP≥55,109,98,93,5,94.9,5.16,0.03,10.28,5.055,0.615,13
2026-05,pitcher_strikeouts,OVER,"[-500,-300]",HR≥65/EDG≥-5.0/CV≤0.4/μ≥0.5/TP≥60,109,98,93,5,94.9,5.16,0.03,10.28,5.055,0.615,13
2026-05,pitcher_strikeouts,OVER,"[-500,-300]",HR≥65/EDG≥-5.0/CV≤0.4/μ≥0.5/TP≥65,109,98,93,5,94.9,5.16,0.03,10.28,5.055,0.615,13
2026-05,pitcher_strikeouts,OVER,"[-500,-300]",HR≥65/EDG≥-5.0/CV≤0.4/μ≥1.0/TP≥-,106,96,91,5,94.79,4.68,-0.51,9.86,4.49,0.615,13
2026-05,pitcher_strikeouts,OVER,"[-500,-300]",HR≥65/EDG≥-5.0/CV≤0.4/μ≥1.0/TP≥50,106,96,91,5,94.79,4.68,-0.51,9.86,4.49,0.615,13
2026-05,pitcher_strikeouts,OVER,"[-500,-300]",HR≥65/EDG≥-5.0/CV≤0.4/μ≥1.0/TP≥55,106,96,91,5,94.79,4.68,-0.51,9.86,4.49,0.615,13
2026-05,pitcher_strikeouts,OVER,"[-500,-300]",HR≥65/EDG≥-5.0/CV≤0.4/μ≥1.0/TP≥60,106,96,91,5,94.79,4.68,-0.51,9.86,4.49,0.615,13
2026-05,pitcher_strikeouts,OVER,"[-500,-300]",HR≥65/EDG≥-5.0/CV≤0.4/μ≥1.0/TP≥65,106,96,91,5,94.79,4.68,-0.51,9.86,4.49,0.615,13
2026-05,pitcher_strikeouts,OVER,"[-500,-300]",HR≥65/EDG≥0.0/CV≤-/μ≥-/TP≥-,92,83,74,9,89.16,1.43,-6.46,9.32,1.187,0.462,13
2026-05,pitcher_strikeouts,OVER,"[-500,-300]",HR≥65/EDG≥0.0/CV≤-/μ≥-/TP≥50,92,83,74,9,89.16,1.43,-6.46,9.32,1.187,0.462,13
2026-05,pitcher_strikeouts,OVER,"[-500,-300]",HR≥65/EDG≥0.0/CV≤-/μ≥-/TP≥55,92,83,74,9,89.16,1.43,-6.46,9.32,1.187,0.462,13
2026-05,pitcher_strikeouts,OVER,"[-500,-300]",HR≥65/EDG≥0.0/CV≤-/μ≥-/TP≥60,92,83,74,9,89.16,1.43,-6.46,9.32,1.187,0.462,13
2026-05,pitcher_strikeouts,OVER,"[-500,-300]",HR≥65/EDG≥0.0/CV≤-/μ≥-/TP≥65,92,83,74,9,89.16,1.43,-6.46,9.32,1.187,0.462,13
2026-05,pitcher_strikeouts,OVER,"[-500,-300]",HR≥65/EDG≥0.0/CV≤-/μ≥0.0/TP≥-,92,83,74,9,89.16,1.43,-6.46,9.32,1.187,0.462,13
2026-05,pitcher_strikeouts,OVER,"[-500,-300]",HR≥65/EDG≥0.0/CV≤-/μ≥0.0/TP≥50,92,83,74,9,89.16,1.43,-6.46,9.32,1.187,0.462,13
2026-05,pitcher_strikeouts,OVER,"[-500,-300]",HR≥65/EDG≥0.0/CV≤-/μ≥0.0/TP≥55,92,83,74,9,89.16,1.43,-6.46,9.32,1.187,0.462,13
2026-05,pitcher_strikeouts,OVER,"[-500,-300]",HR≥65/EDG≥0.0/CV≤-/μ≥0.0/TP≥60,92,83,74,9,89.16,1.43,-6.46,9.32,1.187,0.462,13
2026-05,pitcher_strikeouts,OVER,"[-500,-300]",HR≥65/EDG≥0.0/CV≤-/μ≥0.0/TP≥65,92,83,74,9,89.16,1.43,-6.46,9.32,1.187,0.462,13
2026-05,pitcher_strikeouts,OVER,"[-500,-300]",HR≥65/EDG≥0.0/CV≤-/μ≥0.5/TP≥-,92,83,74,9,89.16,1.43,-6.46,9.32,1.187,0.462,13
2026-05,pitcher_strikeouts,OVER,"[-500,-300]",HR≥65/EDG≥0.0/CV≤-/μ≥0.5/TP≥50,92,83,74,9,89.16,1.43,-6.46,9.32,1.187,0.462,13
2026-05,pitcher_strikeouts,OVER,"[-500,-300]",HR≥65/EDG≥0.0/CV≤-/μ≥0.5/TP≥55,92,83,74,9,89.16,1.43,-6.46,9.32,1.187,0.462,13
2026-05,pitcher_strikeouts,OVER,"[-500,-300]",HR≥65/EDG≥0.0/CV≤-/μ≥0.5/TP≥60,92,83,74,9,89.16,1.43,-6.46,9.32,1.187,0.462,13
2026-05,pitcher_strikeouts,OVER,"[-500,-300]",HR≥65/EDG≥0.0/CV≤-/μ≥0.5/TP≥65,92,83,74,9,89.16,1.43,-6.46,9.32,1.187,0.462,13
2026-05,pitcher_strikeouts,OVER,"[-500,-300]",HR≥65/EDG≥0.0/CV≤-/μ≥1.0/TP≥-,92,83,74,9,89.16,1.43,-6.46,9.32,1.187,0.462,13
2026-05,pitcher_strikeouts,OVER,"[-500,-300]",HR≥65/EDG≥0.0/CV≤-/μ≥1.0/TP≥50,92,83,74,9,89.16,1.43,-6.46,9.32,1.187,0.462,13
2026-05,pitcher_strikeouts,OVER,"[-500,-300]",HR≥65/EDG≥0.0/CV≤-/μ≥1.0/TP≥55,92,83,74,9,89.16,1.43,-6.46,9.32,1.187,0.462,13
2026-05,pitcher_strikeouts,OVER,"[-500,-300]",HR≥65/EDG≥0.0/CV≤-/μ≥1.0/TP≥60,92,83,74,9,89.16,1.43,-6.46,9.32,1.187,0.462,13
2026-05,pitcher_strikeouts,OVER,"[-500,-300]",HR≥65/EDG≥0.0/CV≤-/μ≥1.0/TP≥65,92,83,74,9,89.16,1.43,-6.46,9.32,1.187,0.462,13
2026-05,pitcher_strikeouts,OVER,"[-500,-300]",HR≥65/EDG≥0.0/CV≤0.7/μ≥-/TP≥-,92,83,74,9,89.16,1.43,-6.46,9.32,1.187,0.462,13
2026-05,pitcher_strikeouts,OVER,"[-500,-300]",HR≥65/EDG≥0.0/CV≤0.7/μ≥-/TP≥50,92,83,74,9,89.16,1.43,-6.46,9.32,1.187,0.462,13
2026-05,pitcher_strikeouts,OVER,"[-500,-300]",HR≥65/EDG≥0.0/CV≤0.7/μ≥-/TP≥55,92,83,74,9,89.16,1.43,-6.46,9.32,1.187,0.462,13
2026-05,pitcher_strikeouts,OVER,"[-500,-300]",HR≥65/EDG≥0.0/CV≤0.7/μ≥-/TP≥60,92,83,74,9,89.16,1.43,-6.46,9.32,1.187,0.462,13
2026-05,pitcher_strikeouts,OVER,"[-500,-300]",HR≥65/EDG≥0.0/CV≤0.7/μ≥-/TP≥65,92,83,74,9,89.16,1.43,-6.46,9.32,1.187,0.462,13
2026-05,pitcher_strikeouts,OVER,"[-500,-300]",HR≥65/EDG≥0.0/CV≤0.7/μ≥0.0/TP≥-,92,83,74,9,89.16,1.43,-6.46,9.32,1.187,0.462,13
2026-05,pitcher_strikeouts,OVER,"[-500,-300]",HR≥65/EDG≥0.0/CV≤0.7/μ≥0.0/TP≥50,92,83,74,9,89.16,1.43,-6.46,9.32,1.187,0.462,13
2026-05,pitcher_strikeouts,OVER,"[-500,-300]",HR≥65/EDG≥0.0/CV≤0.7/μ≥0.0/TP≥55,92,83,74,9,89.16,1.43,-6.46,9.32,1.187,0.462,13
2026-05,pitcher_strikeouts,OVER,"[-500,-300]",HR≥65/EDG≥0.0/CV≤0.7/μ≥0.0/TP≥60,92,83,74,9,89.16,1.43,-6.46,9.32,1.187,0.462,13
2026-05,pitcher_strikeouts,OVER,"[-500,-300]",HR≥65/EDG≥0.0/CV≤0.7/μ≥0.0/TP≥65,92,83,74,9,89.16,1.43,-6.46,9.32,1.187,0.462,13
2026-05,pitcher_strikeouts,OVER,"[-500,-300]",HR≥65/EDG≥0.0/CV≤0.7/μ≥0.5/TP≥-,92,83,74,9,89.16,1.43,-6.46,9.32,1.187,0.462,13
2026-05,pitcher_strikeouts,OVER,"[-500,-300]",HR≥65/EDG≥0.0/CV≤0.7/μ≥0.5/TP≥50,92,83,74,9,89.16,1.43,-6.46,9.32,1.187,0.462,13
2026-05,pitcher_strikeouts,OVER,"[-500,-300]",HR≥65/EDG≥0.0/CV≤0.7/μ≥0.5/TP≥55,92,83,74,9,89.16,1.43,-6.46,9.32,1.187,0.462,13
2026-05,pitcher_strikeouts,OVER,"[-500,-300]",HR≥65/EDG≥0.0/CV≤0.7/μ≥0.5/TP≥60,92,83,74,9,89.16,1.43,-6.46,9.32,1.187,0.462,13
2026-05,pitcher_strikeouts,OVER,"[-500,-300]",HR≥65/EDG≥0.0/CV≤0.7/μ≥0.5/TP≥65,92,83,74,9,89.16,1.43,-6.46,9.32,1.187,0.462,13
2026-05,pitcher_strikeouts,OVER,"[-500,-300]",HR≥65/EDG≥0.0/CV≤0.7/μ≥1.0/TP≥-,92,83,74,9,89.16,1.43,-6.46,9.32,1.187,0.462,13
2026-05,pitcher_strikeouts,OVER,"[-500,-300]",HR≥65/EDG≥0.0/CV≤0.7/μ≥1.0/TP≥50,92,83,74,9,89.16,1.43,-6.46,9.32,1.187,0.462,13
2026-05,pitcher_strikeouts,OVER,"[-500,-300]",HR≥65/EDG≥0.0/CV≤0.7/μ≥1.0/TP≥55,92,83,74,9,89.16,1.43,-6.46,9.32,1.187,0.462,13
2026-05,pitcher_strikeouts,OVER,"[-500,-300]",HR≥65/EDG≥0.0/CV≤0.7/μ≥1.0/TP≥60,92,83,74,9,89.16,1.43,-6.46,9.32,1.187,0.462,13
2026-05,pitcher_strikeouts,OVER,"[-500,-300]",HR≥65/EDG≥0.0/CV≤0.7/μ≥1.0/TP≥65,92,83,74,9,89.16,1.43,-6.46,9.32,1.187,0.462,13
2026-05,pitcher_strikeouts,OVER,"[-500,-300]",HR≥65/EDG≥0.0/CV≤0.6/μ≥-/TP≥-,90,81,73,8,90.12,2.58,-5.11,10.26,2.087,0.538,13
2026-05,pitcher_strikeouts,OVER,"[-500,-300]",HR≥65/EDG≥0.0/CV≤0.6/μ≥-/TP≥50,90,81,73,8,90.12,2.58,-5.11,10.26,2.087,0.538,13
2026-05,pitcher_strikeouts,OVER,"[-500,-300]",HR≥65/EDG≥0.0/CV≤0.6/μ≥-/TP≥55,90,81,73,8,90.12,2.58,-5.11,10.26,2.087,0.538,13
2026-05,pitcher_strikeouts,OVER,"[-500,-300]",HR≥65/EDG≥0.0/CV≤0.6/μ≥-/TP≥60,90,81,73,8,90.12,2.58,-5.11,10.26,2.087,0.538,13
2026-05,pitcher_strikeouts,OVER,"[-500,-300]",HR≥65/EDG≥0.0/CV≤0.6/μ≥-/TP≥65,90,81,73,8,90.12,2.58,-5.11,10.26,2.087,0.538,13
2026-05,pitcher_strikeouts,OVER,"[-500,-300]",HR≥65/EDG≥0.0/CV≤0.6/μ≥0.0/TP≥-,90,81,73,8,90.12,2.58,-5.11,10.26,2.087,0.538,13
2026-05,pitcher_strikeouts,OVER,"[-500,-300]",HR≥65/EDG≥0.0/CV≤0.6/μ≥0.0/TP≥50,90,81,73,8,90.12,2.58,-5.11,10.26,2.087,0.538,13
2026-05,pitcher_strikeouts,OVER,"[-500,-300]",HR≥65/EDG≥0.0/CV≤0.6/μ≥0.0/TP≥55,90,81,73,8,90.12,2.58,-5.11,10.26,2.087,0.538,13
2026-05,pitcher_strikeouts,OVER,"[-500,-300]",HR≥65/EDG≥0.0/CV≤0.6/μ≥0.0/TP≥60,90,81,73,8,90.12,2.58,-5.11,10.26,2.087,0.538,13
2026-05,pitcher_strikeouts,OVER,"[-500,-300]",HR≥65/EDG≥0.0/CV≤0.6/μ≥0.0/TP≥65,90,81,73,8,90.12,2.58,-5.11,10.26,2.087,0.538,13
2026-05,pitcher_strikeouts,OVER,"[-500,-300]",HR≥65/EDG≥0.0/CV≤0.6/μ≥0.5/TP≥-,90,81,73,8,90.12,2.58,-5.11,10.26,2.087,0.538,13
2026-05,pitcher_strikeouts,OVER,"[-500,-300]",HR≥65/EDG≥0.0/CV≤0.6/μ≥0.5/TP≥50,90,81,73,8,90.12,2.58,-5.11,10.26,2.087,0.538,13
2026-05,pitcher_strikeouts,OVER,"[-500,-300]",HR≥65/EDG≥0.0/CV≤0.6/μ≥0.5/TP≥55,90,81,73,8,90.12,2.58,-5.11,10.26,2.087,0.538,13
2026-05,pitcher_strikeouts,OVER,"[-500,-300]",HR≥65/EDG≥0.0/CV≤0.6/μ≥0.5/TP≥60,90,81,73,8,90.12,2.58,-5.11,10.26,2.087,0.538,13
2026-05,pitcher_strikeouts,OVER,"[-500,-300]",HR≥65/EDG≥0.0/CV≤0.6/μ≥0.5/TP≥65,90,81,73,8,90.12,2.58,-5.11,10.26,2.087,0.538,13
2026-05,pitcher_strikeouts,OVER,"[-500,-300]",HR≥65/EDG≥0.0/CV≤0.6/μ≥1.0/TP≥-,90,81,73,8,90.12,2.58,-5.11,10.26,2.087,0.538,13
2026-05,pitcher_strikeouts,OVER,"[-500,-300]",HR≥65/EDG≥0.0/CV≤0.6/μ≥1.0/TP≥50,90,81,73,8,90.12,2.58,-5.11,10.26,2.087,0.538,13
2026-05,pitcher_strikeouts,OVER,"[-500,-300]",HR≥65/EDG≥0.0/CV≤0.6/μ≥1.0/TP≥55,90,81,73,8,90.12,2.58,-5.11,10.26,2.087,0.538,13
2026-05,pitcher_strikeouts,OVER,"[-500,-300]",HR≥65/EDG≥0.0/CV≤0.6/μ≥1.0/TP≥60,90,81,73,8,90.12,2.58,-5.11,10.26,2.087,0.538,13
2026-05,pitcher_strikeouts,OVER,"[-500,-300]",HR≥65/EDG≥0.0/CV≤0.6/μ≥1.0/TP≥65,90,81,73,8,90.12,2.58,-5.11,10.26,2.087,0.538,13
2026-05,pitcher_strikeouts,OVER,"[-500,-300]",HR≥65/EDG≥0.0/CV≤0.5/μ≥-/TP≥-,86,77,69,8,89.61,1.66,-6.37,9.68,1.277,0.538,13
2026-05,pitcher_strikeouts,OVER,"[-500,-300]",HR≥65/EDG≥0.0/CV≤0.5/μ≥-/TP≥50,86,77,69,8,89.61,1.66,-6.37,9.68,1.277,0.538,13
2026-05,pitcher_strikeouts,OVER,"[-500,-300]",HR≥65/EDG≥0.0/CV≤0.5/μ≥-/TP≥55,86,77,69,8,89.61,1.66,-6.37,9.68,1.277,0.538,13
2026-05,pitcher_strikeouts,OVER,"[-500,-300]",HR≥65/EDG≥0.0/CV≤0.5/μ≥-/TP≥60,86,77,69,8,89.61,1.66,-6.37,9.68,1.277,0.538,13
2026-05,pitcher_strikeouts,OVER,"[-500,-300]",HR≥65/EDG≥0.0/CV≤0.5/μ≥-/TP≥65,86,77,69,8,89.61,1.66,-6.37,9.68,1.277,0.538,13
2026-05,pitcher_strikeouts,OVER,"[-500,-300]",HR≥65/EDG≥0.0/CV≤0.5/μ≥0.0/TP≥-,86,77,69,8,89.61,1.66,-6.37,9.68,1.277,0.538,13
2026-05,pitcher_strikeouts,OVER,"[-500,-300]",HR≥65/EDG≥0.0/CV≤0.5/μ≥0.0/TP≥50,86,77,69,8,89.61,1.66,-6.37,9.68,1.277,0.538,13
2026-05,pitcher_strikeouts,OVER,"[-500,-300]",HR≥65/EDG≥0.0/CV≤0.5/μ≥0.0/TP≥55,86,77,69,8,89.61,1.66,-6.37,9.68,1.277,0.538,13
2026-05,pitcher_strikeouts,OVER,"[-500,-300]",HR≥65/EDG≥0.0/CV≤0.5/μ≥0.0/TP≥60,86,77,69,8,89.61,1.66,-6.37,9.68,1.277,0.538,13
2026-05,pitcher_strikeouts,OVER,"[-500,-300]",HR≥65/EDG≥0.0/CV≤0.5/μ≥0.0/TP≥65,86,77,69,8,89.61,1.66,-6.37,9.68,1.277,0.538,13
2026-05,pitcher_strikeouts,OVER,"[-500,-300]",HR≥65/EDG≥0.0/CV≤0.5/μ≥0.5/TP≥-,86,77,69,8,89.61,1.66,-6.37,9.68,1.277,0.538,13
2026-05,pitcher_strikeouts,OVER,"[-500,-300]",HR≥65/EDG≥0.0/CV≤0.5/μ≥0.5/TP≥50,86,77,69,8,89.61,1.66,-6.37,9.68,1.277,0.538,13
2026-05,pitcher_strikeouts,OVER,"[-500,-300]",HR≥65/EDG≥0.0/CV≤0.5/μ≥0.5/TP≥55,86,77,69,8,89.61,1.66,-6.37,9.68,1.277,0.538,13
2026-05,pitcher_strikeouts,OVER,"[-500,-300]",HR≥65/EDG≥0.0/CV≤0.5/μ≥0.5/TP≥60,86,77,69,8,89.61,1.66,-6.37,9.68,1.277,0.538,13
2026-05,pitcher_strikeouts,OVER,"[-500,-300]",HR≥65/EDG≥0.0/CV≤0.5/μ≥0.5/TP≥65,86,77,69,8,89.61,1.66,-6.37,9.68,1.277,0.538,13
2026-05,pitcher_strikeouts,OVER,"[-500,-300]",HR≥65/EDG≥0.0/CV≤0.5/μ≥1.0/TP≥-,86,77,69,8,89.61,1.66,-6.37,9.68,1.277,0.538,13
2026-05,pitcher_strikeouts,OVER,"[-500,-300]",HR≥65/EDG≥0.0/CV≤0.5/μ≥1.0/TP≥50,86,77,69,8,89.61,1.66,-6.37,9.68,1.277,0.538,13
2026-05,pitcher_strikeouts,OVER,"[-500,-300]",HR≥65/EDG≥0.0/CV≤0.5/μ≥1.0/TP≥55,86,77,69,8,89.61,1.66,-6.37,9.68,1.277,0.538,13
2026-05,pitcher_strikeouts,OVER,"[-500,-300]",HR≥65/EDG≥0.0/CV≤0.5/μ≥1.0/TP≥60,86,77,69,8,89.61,1.66,-6.37,9.68,1.277,0.538,13
2026-05,pitcher_strikeouts,OVER,"[-500,-300]",HR≥65/EDG≥0.0/CV≤0.5/μ≥1.0/TP≥65,86,77,69,8,89.61,1.66,-6.37,9.68,1.277,0.538,13
2026-05,pitcher_strikeouts,OVER,"[-500,-300]",HR≥65/EDG≥0.0/CV≤0.45/μ≥-/TP≥-,73,64,58,6,90.62,3.07,-5.42,11.55,1.962,0.583,12
2026-05,pitcher_strikeouts,OVER,"[-500,-300]",HR≥65/EDG≥0.0/CV≤0.45/μ≥-/TP≥50,73,64,58,6,90.62,3.07,-5.42,11.55,1.962,0.583,12
2026-05,pitcher_strikeouts,OVER,"[-500,-300]",HR≥65/EDG≥0.0/CV≤0.45/μ≥-/TP≥55,73,64,58,6,90.62,3.07,-5.42,11.55,1.962,0.583,12
2026-05,pitcher_strikeouts,OVER,"[-500,-300]",HR≥65/EDG≥0.0/CV≤0.45/μ≥-/TP≥60,73,64,58,6,90.62,3.07,-5.42,11.55,1.962,0.583,12
2026-05,pitcher_strikeouts,OVER,"[-500,-300]",HR≥65/EDG≥0.0/CV≤0.45/μ≥-/TP≥65,73,64,58,6,90.62,3.07,-5.42,11.55,1.962,0.583,12
2026-05,pitcher_strikeouts,OVER,"[-500,-300]",HR≥65/EDG≥0.0/CV≤0.45/μ≥0.0/TP≥-,73,64,58,6,90.62,3.07,-5.42,11.55,1.962,0.583,12
2026-05,pitcher_strikeouts,OVER,"[-500,-300]",HR≥65/EDG≥0.0/CV≤0.45/μ≥0.0/TP≥50,73,64,58,6,90.62,3.07,-5.42,11.55,1.962,0.583,12
2026-05,pitcher_strikeouts,OVER,"[-500,-300]",HR≥65/EDG≥0.0/CV≤0.45/μ≥0.0/TP≥55,73,64,58,6,90.62,3.07,-5.42,11.55,1.962,0.583,12
2026-05,pitcher_strikeouts,OVER,"[-500,-300]",HR≥65/EDG≥0.0/CV≤0.45/μ≥0.0/TP≥60,73,64,58,6,90.62,3.07,-5.42,11.55,1.962,0.583,12
2026-05,pitcher_strikeouts,OVER,"[-500,-300]",HR≥65/EDG≥0.0/CV≤0.45/μ≥0.0/TP≥65,73,64,58,6,90.62,3.07,-5.42,11.55,1.962,0.583,12
2026-05,pitcher_strikeouts,OVER,"[-500,-300]",HR≥65/EDG≥0.0/CV≤0.45/μ≥0.5/TP≥-,73,64,58,6,90.62,3.07,-5.42,11.55,1.962,0.583,12
2026-05,pitcher_strikeouts,OVER,"[-500,-300]",HR≥65/EDG≥0.0/CV≤0.45/μ≥0.5/TP≥50,73,64,58,6,90.62,3.07,-5.42,11.55,1.962,0.583,12
2026-05,pitcher_strikeouts,OVER,"[-500,-300]",HR≥65/EDG≥0.0/CV≤0.45/μ≥0.5/TP≥55,73,64,58,6,90.62,3.07,-5.42,11.55,1.962,0.583,12
2026-05,pitcher_strikeouts,OVER,"[-500,-300]",HR≥65/EDG≥0.0/CV≤0.45/μ≥0.5/TP≥60,73,64,58,6,90.62,3.07,-5.42,11.55,1.962,0.583,12
2026-05,pitcher_strikeouts,OVER,"[-500,-300]",HR≥65/EDG≥0.0/CV≤0.45/μ≥0.5/TP≥65,73,64,58,6,90.62,3.07,-5.42,11.55,1.962,0.583,12
2026-05,pitcher_strikeouts,OVER,"[-500,-300]",HR≥65/EDG≥0.0/CV≤0.45/μ≥1.0/TP≥-,73,64,58,6,90.62,3.07,-5.42,11.55,1.962,0.583,12
2026-05,pitcher_strikeouts,OVER,"[-500,-300]",HR≥65/EDG≥0.0/CV≤0.45/μ≥1.0/TP≥50,73,64,58,6,90.62,3.07,-5.42,11.55,1.962,0.583,12
2026-05,pitcher_strikeouts,OVER,"[-500,-300]",HR≥65/EDG≥0.0/CV≤0.45/μ≥1.0/TP≥55,73,64,58,6,90.62,3.07,-5.42,11.55,1.962,0.583,12
2026-05,pitcher_strikeouts,OVER,"[-500,-300]",HR≥65/EDG≥0.0/CV≤0.45/μ≥1.0/TP≥60,73,64,58,6,90.62,3.07,-5.42,11.55,1.962,0.583,12
2026-05,pitcher_strikeouts,OVER,"[-500,-300]",HR≥65/EDG≥0.0/CV≤0.45/μ≥1.0/TP≥65,73,64,58,6,90.62,3.07,-5.42,11.55,1.962,0.583,12
2026-05,pitcher_strikeouts,OVER,"[-500,-300]",HR≥65/EDG≥0.0/CV≤0.4/μ≥-/TP≥-,56,48,44,4,91.67,3.89,-5.42,13.19,1.866,0.636,11
2026-05,pitcher_strikeouts,OVER,"[-500,-300]",HR≥65/EDG≥0.0/CV≤0.4/μ≥-/TP≥50,56,48,44,4,91.67,3.89,-5.42,13.19,1.866,0.636,11
2026-05,pitcher_strikeouts,OVER,"[-500,-300]",HR≥65/EDG≥0.0/CV≤0.4/μ≥-/TP≥55,56,48,44,4,91.67,3.89,-5.42,13.19,1.866,0.636,11
2026-05,pitcher_strikeouts,OVER,"[-500,-300]",HR≥65/EDG≥0.0/CV≤0.4/μ≥-/TP≥60,56,48,44,4,91.67,3.89,-5.42,13.19,1.866,0.636,11
2026-05,pitcher_strikeouts,OVER,"[-500,-300]",HR≥65/EDG≥0.0/CV≤0.4/μ≥-/TP≥65,56,48,44,4,91.67,3.89,-5.42,13.19,1.866,0.636,11
2026-05,pitcher_strikeouts,OVER,"[-500,-300]",HR≥65/EDG≥0.0/CV≤0.4/μ≥0.0/TP≥-,56,48,44,4,91.67,3.89,-5.42,13.19,1.866,0.636,11
2026-05,pitcher_strikeouts,OVER,"[-500,-300]",HR≥65/EDG≥0.0/CV≤0.4/μ≥0.0/TP≥50,56,48,44,4,91.67,3.89,-5.42,13.19,1.866,0.636,11
2026-05,pitcher_strikeouts,OVER,"[-500,-300]",HR≥65/EDG≥0.0/CV≤0.4/μ≥0.0/TP≥55,56,48,44,4,91.67,3.89,-5.42,13.19,1.866,0.636,11
2026-05,pitcher_strikeouts,OVER,"[-500,-300]",HR≥65/EDG≥0.0/CV≤0.4/μ≥0.0/TP≥60,56,48,44,4,91.67,3.89,-5.42,13.19,1.866,0.636,11
2026-05,pitcher_strikeouts,OVER,"[-500,-300]",HR≥65/EDG≥0.0/CV≤0.4/μ≥0.0/TP≥65,56,48,44,4,91.67,3.89,-5.42,13.19,1.866,0.636,11
2026-05,pitcher_strikeouts,OVER,"[-500,-300]",HR≥65/EDG≥0.0/CV≤0.4/μ≥0.5/TP≥-,56,48,44,4,91.67,3.89,-5.42,13.19,1.866,0.636,11
2026-05,pitcher_strikeouts,OVER,"[-500,-300]",HR≥65/EDG≥0.0/CV≤0.4/μ≥0.5/TP≥50,56,48,44,4,91.67,3.89,-5.42,13.19,1.866,0.636,11
2026-05,pitcher_strikeouts,OVER,"[-500,-300]",HR≥65/EDG≥0.0/CV≤0.4/μ≥0.5/TP≥55,56,48,44,4,91.67,3.89,-5.42,13.19,1.866,0.636,11
2026-05,pitcher_strikeouts,OVER,"[-500,-300]",HR≥65/EDG≥0.0/CV≤0.4/μ≥0.5/TP≥60,56,48,44,4,91.67,3.89,-5.42,13.19,1.866,0.636,11
2026-05,pitcher_strikeouts,OVER,"[-500,-300]",HR≥65/EDG≥0.0/CV≤0.4/μ≥0.5/TP≥65,56,48,44,4,91.67,3.89,-5.42,13.19,1.866,0.636,11
2026-05,pitcher_strikeouts,OVER,"[-500,-300]",HR≥65/EDG≥0.0/CV≤0.4/μ≥1.0/TP≥-,56,48,44,4,91.67,3.89,-5.42,13.19,1.866,0.636,11
2026-05,pitcher_strikeouts,OVER,"[-500,-300]",HR≥65/EDG≥0.0/CV≤0.4/μ≥1.0/TP≥50,56,48,44,4,91.67,3.89,-5.42,13.19,1.866,0.636,11
2026-05,pitcher_strikeouts,OVER,"[-500,-300]",HR≥65/EDG≥0.0/CV≤0.4/μ≥1.0/TP≥55,56,48,44,4,91.67,3.89,-5.42,13.19,1.866,0.636,11
2026-05,pitcher_strikeouts,OVER,"[-500,-300]",HR≥65/EDG≥0.0/CV≤0.4/μ≥1.0/TP≥60,56,48,44,4,91.67,3.89,-5.42,13.19,1.866,0.636,11
2026-05,pitcher_strikeouts,OVER,"[-500,-300]",HR≥65/EDG≥0.0/CV≤0.4/μ≥1.0/TP≥65,56,48,44,4,91.67,3.89,-5.42,13.19,1.866,0.636,11
2026-05,pitcher_strikeouts,OVER,"[-500,-300]",HR≥70/EDG≥-/CV≤-/μ≥-/TP≥-,451,422,384,38,91.0,0.03,-3.06,3.11,0.122,0.571,14
2026-05,pitcher_strikeouts,OVER,"[-500,-300]",HR≥70/EDG≥-/CV≤-/μ≥-/TP≥50,446,418,381,37,91.15,0.11,-2.96,3.19,0.464,0.571,14
2026-05,pitcher_strikeouts,OVER,"[-500,-300]",HR≥70/EDG≥-/CV≤-/μ≥-/TP≥55,444,416,379,37,91.11,0.01,-3.07,3.1,0.06,0.571,14
2026-05,pitcher_strikeouts,OVER,"[-500,-300]",HR≥70/EDG≥-/CV≤-/μ≥-/TP≥60,435,407,372,35,91.4,0.17,-2.9,3.24,0.687,0.571,14
2026-05,pitcher_strikeouts,OVER,"[-500,-300]",HR≥70/EDG≥-/CV≤-/μ≥-/TP≥65,416,389,357,32,91.77,0.32,-2.75,3.38,1.23,0.5,14
2026-05,pitcher_strikeouts,OVER,"[-500,-300]",HR≥70/EDG≥-/CV≤-/μ≥0.0/TP≥-,445,417,381,36,91.37,0.35,-2.69,3.4,1.464,0.571,14
2026-05,pitcher_strikeouts,OVER,"[-500,-300]",HR≥70/EDG≥-/CV≤-/μ≥0.0/TP≥50,445,417,381,36,91.37,0.35,-2.69,3.4,1.464,0.571,14
2026-05,pitcher_strikeouts,OVER,"[-500,-300]",HR≥70/EDG≥-/CV≤-/μ≥0.0/TP≥55,443,415,379,36,91.33,0.26,-2.8,3.31,1.06,0.571,14
2026-05,pitcher_strikeouts,OVER,"[-500,-300]",HR≥70/EDG≥-/CV≤-/μ≥0.0/TP≥60,434,406,372,34,91.63,0.42,-2.62,3.45,1.687,0.571,14
2026-05,pitcher_strikeouts,OVER,"[-500,-300]",HR≥70/EDG≥-/CV≤-/μ≥0.0/TP≥65,415,388,357,31,92.01,0.57,-2.46,3.61,2.23,0.5,14
2026-05,pitcher_strikeouts,OVER,"[-500,-300]",HR≥70/EDG≥-/CV≤-/μ≥0.5/TP≥-,428,400,368,32,92.0,0.69,-2.3,3.69,2.78,0.5,14
2026-05,pitcher_strikeouts,OVER,"[-500,-300]",HR≥70/EDG≥-/CV≤-/μ≥0.5/TP≥50,428,400,368,32,92.0,0.69,-2.3,3.69,2.78,0.5,14
2026-05,pitcher_strikeouts,OVER,"[-500,-300]",HR≥70/EDG≥-/CV≤-/μ≥0.5/TP≥55,428,400,368,32,92.0,0.69,-2.3,3.69,2.78,0.5,14
2026-05,pitcher_strikeouts,OVER,"[-500,-300]",HR≥70/EDG≥-/CV≤-/μ≥0.5/TP≥60,427,399,367,32,91.98,0.64,-2.36,3.64,2.544,0.5,14
2026-05,pitcher_strikeouts,OVER,"[-500,-300]",HR≥70/EDG≥-/CV≤-/μ≥0.5/TP≥65,412,385,355,30,92.21,0.71,-2.3,3.72,2.743,0.5,14
2026-05,pitcher_strikeouts,OVER,"[-500,-300]",HR≥70/EDG≥-/CV≤-/μ≥1.0/TP≥-,382,360,333,27,92.5,0.61,-2.43,3.65,2.214,0.5,14
2026-05,pitcher_strikeouts,OVER,"[-500,-300]",HR≥70/EDG≥-/CV≤-/μ≥1.0/TP≥50,382,360,333,27,92.5,0.61,-2.43,3.65,2.214,0.5,14
2026-05,pitcher_strikeouts,OVER,"[-500,-300]",HR≥70/EDG≥-/CV≤-/μ≥1.0/TP≥55,382,360,333,27,92.5,0.61,-2.43,3.65,2.214,0.5,14
2026-05,pitcher_strikeouts,OVER,"[-500,-300]",HR≥70/EDG≥-/CV≤-/μ≥1.0/TP≥60,382,360,333,27,92.5,0.61,-2.43,3.65,2.214,0.5,14
2026-05,pitcher_strikeouts,OVER,"[-500,-300]",HR≥70/EDG≥-/CV≤-/μ≥1.0/TP≥65,379,357,330,27,92.44,0.54,-2.52,3.61,1.934,0.5,14
2026-05,pitcher_strikeouts,OVER,"[-500,-300]",HR≥70/EDG≥-/CV≤0.7/μ≥-/TP≥-,437,410,372,38,90.73,-0.21,-3.39,2.96,-0.877,0.571,14
2026-05,pitcher_strikeouts,OVER,"[-500,-300]",HR≥70/EDG≥-/CV≤0.7/μ≥-/TP≥50,432,406,369,37,90.89,-0.13,-3.29,3.03,-0.535,0.5,14
2026-05,pitcher_strikeouts,OVER,"[-500,-300]",HR≥70/EDG≥-/CV≤0.7/μ≥-/TP≥55,430,404,367,37,90.84,-0.23,-3.41,2.94,-0.939,0.5,14
2026-05,pitcher_strikeouts,OVER,"[-500,-300]",HR≥70/EDG≥-/CV≤0.7/μ≥-/TP≥60,421,395,360,35,91.14,-0.08,-3.24,3.08,-0.312,0.5,14
2026-05,pitcher_strikeouts,OVER,"[-500,-300]",HR≥70/EDG≥-/CV≤0.7/μ≥-/TP≥65,404,379,347,32,91.56,0.1,-3.04,3.25,0.386,0.5,14
2026-05,pitcher_strikeouts,OVER,"[-500,-300]",HR≥70/EDG≥-/CV≤0.7/μ≥0.0/TP≥-,431,405,369,36,91.11,0.11,-3.02,3.25,0.465,0.5,14
2026-05,pitcher_strikeouts,OVER,"[-500,-300]",HR≥70/EDG≥-/CV≤0.7/μ≥0.0/TP≥50,431,405,369,36,91.11,0.11,-3.02,3.25,0.465,0.5,14
2026-05,pitcher_strikeouts,OVER,"[-500,-300]",HR≥70/EDG≥-/CV≤0.7/μ≥0.0/TP≥55,429,403,367,36,91.07,0.02,-3.13,3.16,0.061,0.5,14
2026-05,pitcher_strikeouts,OVER,"[-500,-300]",HR≥70/EDG≥-/CV≤0.7/μ≥0.0/TP≥60,420,394,360,34,91.37,0.17,-2.95,3.3,0.688,0.5,14
2026-05,pitcher_strikeouts,OVER,"[-500,-300]",HR≥70/EDG≥-/CV≤0.7/μ≥0.0/TP≥65,403,378,347,31,91.8,0.37,-2.74,3.48,1.386,0.5,14
2026-05,pitcher_strikeouts,OVER,"[-500,-300]",HR≥70/EDG≥-/CV≤0.7/μ≥0.5/TP≥-,414,388,356,32,91.75,0.46,-2.62,3.54,1.781,0.5,14
2026-05,pitcher_strikeouts,OVER,"[-500,-300]",HR≥70/EDG≥-/CV≤0.7/μ≥0.5/TP≥50,414,388,356,32,91.75,0.46,-2.62,3.54,1.781,0.5,14
2026-05,pitcher_strikeouts,OVER,"[-500,-300]",HR≥70/EDG≥-/CV≤0.7/μ≥0.5/TP≥55,414,388,356,32,91.75,0.46,-2.62,3.54,1.781,0.5,14
2026-05,pitcher_strikeouts,OVER,"[-500,-300]",HR≥70/EDG≥-/CV≤0.7/μ≥0.5/TP≥60,413,387,355,32,91.73,0.4,-2.69,3.49,1.546,0.5,14
2026-05,pitcher_strikeouts,OVER,"[-500,-300]",HR≥70/EDG≥-/CV≤0.7/μ≥0.5/TP≥65,400,375,345,30,92.0,0.51,-2.58,3.59,1.899,0.5,14
2026-05,pitcher_strikeouts,OVER,"[-500,-300]",HR≥70/EDG≥-/CV≤0.7/μ≥1.0/TP≥-,369,349,322,27,92.26,0.37,-2.76,3.5,1.282,0.5,14
2026-05,pitcher_strikeouts,OVER,"[-500,-300]",HR≥70/EDG≥-/CV≤0.7/μ≥1.0/TP≥50,369,349,322,27,92.26,0.37,-2.76,3.5,1.282,0.5,14
2026-05,pitcher_strikeouts,OVER,"[-500,-300]",HR≥70/EDG≥-/CV≤0.7/μ≥1.0/TP≥55,369,349,322,27,92.26,0.37,-2.76,3.5,1.282,0.5,14
2026-05,pitcher_strikeouts,OVER,"[-500,-300]",HR≥70/EDG≥-/CV≤0.7/μ≥1.0/TP≥60,369,349,322,27,92.26,0.37,-2.76,3.5,1.282,0.5,14
2026-05,pitcher_strikeouts,OVER,"[-500,-300]",HR≥70/EDG≥-/CV≤0.7/μ≥1.0/TP≥65,368,348,321,27,92.24,0.33,-2.81,3.47,1.157,0.5,14
2026-05,pitcher_strikeouts,OVER,"[-500,-300]",HR≥70/EDG≥-/CV≤0.6/μ≥-/TP≥-,403,377,342,35,90.72,-0.12,-3.44,3.19,-0.466,0.571,14
2026-05,pitcher_strikeouts,OVER,"[-500,-300]",HR≥70/EDG≥-/CV≤0.6/μ≥-/TP≥50,398,373,339,34,90.88,-0.03,-3.34,3.27,-0.123,0.5,14
2026-05,pitcher_strikeouts,OVER,"[-500,-300]",HR≥70/EDG≥-/CV≤0.6/μ≥-/TP≥55,396,371,337,34,90.84,-0.14,-3.46,3.18,-0.527,0.5,14
2026-05,pitcher_strikeouts,OVER,"[-500,-300]",HR≥70/EDG≥-/CV≤0.6/μ≥-/TP≥60,388,363,331,32,91.18,0.07,-3.22,3.36,0.253,0.571,14
2026-05,pitcher_strikeouts,OVER,"[-500,-300]",HR≥70/EDG≥-/CV≤0.6/μ≥-/TP≥65,372,348,319,29,91.67,0.31,-2.96,3.58,1.077,0.571,14
2026-05,pitcher_strikeouts,OVER,"[-500,-300]",HR≥70/EDG≥-/CV≤0.6/μ≥0.0/TP≥-,397,372,339,33,91.13,0.24,-3.04,3.51,0.877,0.5,14
2026-05,pitcher_strikeouts,OVER,"[-500,-300]",HR≥70/EDG≥-/CV≤0.6/μ≥0.0/TP≥50,397,372,339,33,91.13,0.24,-3.04,3.51,0.877,0.5,14
2026-05,pitcher_strikeouts,OVER,"[-500,-300]",HR≥70/EDG≥-/CV≤0.6/μ≥0.0/TP≥55,395,370,337,33,91.08,0.13,-3.16,3.41,0.473,0.5,14
2026-05,pitcher_strikeouts,OVER,"[-500,-300]",HR≥70/EDG≥-/CV≤0.6/μ≥0.0/TP≥60,387,362,331,31,91.44,0.35,-2.91,3.6,1.253,0.571,14
2026-05,pitcher_strikeouts,OVER,"[-500,-300]",HR≥70/EDG≥-/CV≤0.6/μ≥0.0/TP≥65,371,347,319,28,91.93,0.6,-2.63,3.83,2.077,0.571,14
2026-05,pitcher_strikeouts,OVER,"[-500,-300]",HR≥70/EDG≥-/CV≤0.6/μ≥0.5/TP≥-,381,356,327,29,91.85,0.66,-2.55,3.87,2.346,0.571,14
2026-05,pitcher_strikeouts,OVER,"[-500,-300]",HR≥70/EDG≥-/CV≤0.6/μ≥0.5/TP≥50,381,356,327,29,91.85,0.66,-2.55,3.87,2.346,0.571,14
2026-05,pitcher_strikeouts,OVER,"[-500,-300]",HR≥70/EDG≥-/CV≤0.6/μ≥0.5/TP≥55,381,356,327,29,91.85,0.66,-2.55,3.87,2.346,0.571,14
2026-05,pitcher_strikeouts,OVER,"[-500,-300]",HR≥70/EDG≥-/CV≤0.6/μ≥0.5/TP≥60,380,355,326,29,91.83,0.59,-2.62,3.81,2.111,0.571,14
2026-05,pitcher_strikeouts,OVER,"[-500,-300]",HR≥70/EDG≥-/CV≤0.6/μ≥0.5/TP≥65,368,344,317,27,92.15,0.75,-2.45,3.95,2.59,0.571,14
2026-05,pitcher_strikeouts,OVER,"[-500,-300]",HR≥70/EDG≥-/CV≤0.6/μ≥1.0/TP≥-,342,322,297,25,92.24,0.36,-2.91,3.62,1.146,0.571,14
2026-05,pitcher_strikeouts,OVER,"[-500,-300]",HR≥70/EDG≥-/CV≤0.6/μ≥1.0/TP≥50,342,322,297,25,92.24,0.36,-2.91,3.62,1.146,0.571,14
2026-05,pitcher_strikeouts,OVER,"[-500,-300]",HR≥70/EDG≥-/CV≤0.6/μ≥1.0/TP≥55,342,322,297,25,92.24,0.36,-2.91,3.62,1.146,0.571,14
2026-05,pitcher_strikeouts,OVER,"[-500,-300]",HR≥70/EDG≥-/CV≤0.6/μ≥1.0/TP≥60,342,322,297,25,92.24,0.36,-2.91,3.62,1.146,0.571,14
2026-05,pitcher_strikeouts,OVER,"[-500,-300]",HR≥70/EDG≥-/CV≤0.6/μ≥1.0/TP≥65,342,322,297,25,92.24,0.36,-2.91,3.62,1.146,0.571,14
2026-05,pitcher_strikeouts,OVER,"[-500,-300]",HR≥70/EDG≥-/CV≤0.5/μ≥-/TP≥-,340,321,288,33,89.72,-1.13,-4.89,2.62,-3.643,0.5,14
2026-05,pitcher_strikeouts,OVER,"[-500,-300]",HR≥70/EDG≥-/CV≤0.5/μ≥-/TP≥50,336,317,285,32,89.91,-1.04,-4.79,2.71,-3.3,0.5,14
2026-05,pitcher_strikeouts,OVER,"[-500,-300]",HR≥70/EDG≥-/CV≤0.5/μ≥-/TP≥55,334,315,283,32,89.84,-1.18,-4.94,2.59,-3.704,0.5,14
2026-05,pitcher_strikeouts,OVER,"[-500,-300]",HR≥70/EDG≥-/CV≤0.5/μ≥-/TP≥60,328,309,279,30,90.29,-0.81,-4.54,2.91,-2.515,0.571,14
2026-05,pitcher_strikeouts,OVER,"[-500,-300]",HR≥70/EDG≥-/CV≤0.5/μ≥-/TP≥65,316,298,271,27,90.94,-0.33,-4.0,3.34,-0.987,0.571,14
2026-05,pitcher_strikeouts,OVER,"[-500,-300]",HR≥70/EDG≥-/CV≤0.5/μ≥0.0/TP≥-,335,316,285,31,90.19,-0.73,-4.44,2.98,-2.3,0.5,14
2026-05,pitcher_strikeouts,OVER,"[-500,-300]",HR≥70/EDG≥-/CV≤0.5/μ≥0.0/TP≥50,335,316,285,31,90.19,-0.73,-4.44,2.98,-2.3,0.5,14
2026-05,pitcher_strikeouts,OVER,"[-500,-300]",HR≥70/EDG≥-/CV≤0.5/μ≥0.0/TP≥55,333,314,283,31,90.13,-0.86,-4.59,2.87,-2.704,0.5,14
2026-05,pitcher_strikeouts,OVER,"[-500,-300]",HR≥70/EDG≥-/CV≤0.5/μ≥0.0/TP≥60,327,308,279,29,90.58,-0.49,-4.18,3.19,-1.515,0.571,14
2026-05,pitcher_strikeouts,OVER,"[-500,-300]",HR≥70/EDG≥-/CV≤0.5/μ≥0.0/TP≥65,315,297,271,26,91.25,0.0,-3.62,3.63,0.013,0.571,14
2026-05,pitcher_strikeouts,OVER,"[-500,-300]",HR≥70/EDG≥-/CV≤0.5/μ≥0.5/TP≥-,321,302,275,27,91.06,-0.2,-3.83,3.43,-0.601,0.571,14
2026-05,pitcher_strikeouts,OVER,"[-500,-300]",HR≥70/EDG≥-/CV≤0.5/μ≥0.5/TP≥50,321,302,275,27,91.06,-0.2,-3.83,3.43,-0.601,0.571,14
2026-05,pitcher_strikeouts,OVER,"[-500,-300]",HR≥70/EDG≥-/CV≤0.5/μ≥0.5/TP≥55,321,302,275,27,91.06,-0.2,-3.83,3.43,-0.601,0.571,14
2026-05,pitcher_strikeouts,OVER,"[-500,-300]",HR≥70/EDG≥-/CV≤0.5/μ≥0.5/TP≥60,321,302,275,27,91.06,-0.2,-3.83,3.43,-0.601,0.571,14
2026-05,pitcher_strikeouts,OVER,"[-500,-300]",HR≥70/EDG≥-/CV≤0.5/μ≥0.5/TP≥65,312,294,269,25,91.5,0.18,-3.41,3.77,0.526,0.571,14
2026-05,pitcher_strikeouts,OVER,"[-500,-300]",HR≥70/EDG≥-/CV≤0.5/μ≥1.0/TP≥-,290,274,251,23,91.61,-0.26,-3.93,3.41,-0.707,0.571,14
2026-05,pitcher_strikeouts,OVER,"[-500,-300]",HR≥70/EDG≥-/CV≤0.5/μ≥1.0/TP≥50,290,274,251,23,91.61,-0.26,-3.93,3.41,-0.707,0.571,14
2026-05,pitcher_strikeouts,OVER,"[-500,-300]",HR≥70/EDG≥-/CV≤0.5/μ≥1.0/TP≥55,290,274,251,23,91.61,-0.26,-3.93,3.41,-0.707,0.571,14
2026-05,pitcher_strikeouts,OVER,"[-500,-300]",HR≥70/EDG≥-/CV≤0.5/μ≥1.0/TP≥60,290,274,251,23,91.61,-0.26,-3.93,3.41,-0.707,0.571,14
2026-05,pitcher_strikeouts,OVER,"[-500,-300]",HR≥70/EDG≥-/CV≤0.5/μ≥1.0/TP≥65,290,274,251,23,91.61,-0.26,-3.93,3.41,-0.707,0.571,14
2026-05,pitcher_strikeouts,OVER,"[-500,-300]",HR≥70/EDG≥-/CV≤0.45/μ≥-/TP≥-,279,261,237,24,90.8,0.2,-3.79,4.19,0.529,0.571,14
2026-05,pitcher_strikeouts,OVER,"[-500,-300]",HR≥70/EDG≥-/CV≤0.45/μ≥-/TP≥50,275,257,234,23,91.05,0.34,-3.63,4.31,0.871,0.571,14
2026-05,pitcher_strikeouts,OVER,"[-500,-300]",HR≥70/EDG≥-/CV≤0.45/μ≥-/TP≥55,273,255,232,23,90.98,0.18,-3.81,4.18,0.467,0.571,14
2026-05,pitcher_strikeouts,OVER,"[-500,-300]",HR≥70/EDG≥-/CV≤0.45/μ≥-/TP≥60,270,252,230,22,91.27,0.39,-3.57,4.34,0.979,0.643,14
2026-05,pitcher_strikeouts,OVER,"[-500,-300]",HR≥70/EDG≥-/CV≤0.45/μ≥-/TP≥65,260,243,224,19,92.18,1.18,-2.65,5.01,2.862,0.714,14
2026-05,pitcher_strikeouts,OVER,"[-500,-300]",HR≥70/EDG≥-/CV≤0.45/μ≥0.0/TP≥-,274,256,234,22,91.41,0.73,-3.18,4.64,1.871,0.571,14
2026-05,pitcher_strikeouts,OVER,"[-500,-300]",HR≥70/EDG≥-/CV≤0.45/μ≥0.0/TP≥50,274,256,234,22,91.41,0.73,-3.18,4.64,1.871,0.571,14
2026-05,pitcher_strikeouts,OVER,"[-500,-300]",HR≥70/EDG≥-/CV≤0.45/μ≥0.0/TP≥55,272,254,232,22,91.34,0.58,-3.36,4.51,1.467,0.571,14
2026-05,pitcher_strikeouts,OVER,"[-500,-300]",HR≥70/EDG≥-/CV≤0.45/μ≥0.0/TP≥60,269,251,230,21,91.63,0.79,-3.1,4.68,1.979,0.643,14
2026-05,pitcher_strikeouts,OVER,"[-500,-300]",HR≥70/EDG≥-/CV≤0.45/μ≥0.0/TP≥65,259,242,224,18,92.56,1.6,-2.16,5.35,3.862,0.714,14
2026-05,pitcher_strikeouts,OVER,"[-500,-300]",HR≥70/EDG≥-/CV≤0.45/μ≥0.5/TP≥-,263,245,226,19,92.24,1.18,-2.62,4.98,2.892,0.714,14
2026-05,pitcher_strikeouts,OVER,"[-500,-300]",HR≥70/EDG≥-/CV≤0.45/μ≥0.5/TP≥50,263,245,226,19,92.24,1.18,-2.62,4.98,2.892,0.714,14
2026-05,pitcher_strikeouts,OVER,"[-500,-300]",HR≥70/EDG≥-/CV≤0.45/μ≥0.5/TP≥55,263,245,226,19,92.24,1.18,-2.62,4.98,2.892,0.714,14
2026-05,pitcher_strikeouts,OVER,"[-500,-300]",HR≥70/EDG≥-/CV≤0.45/μ≥0.5/TP≥60,263,245,226,19,92.24,1.18,-2.62,4.98,2.892,0.714,14
2026-05,pitcher_strikeouts,OVER,"[-500,-300]",HR≥70/EDG≥-/CV≤0.45/μ≥0.5/TP≥65,256,239,222,17,92.89,1.83,-1.87,5.53,4.375,0.714,14
2026-05,pitcher_strikeouts,OVER,"[-500,-300]",HR≥70/EDG≥-/CV≤0.45/μ≥1.0/TP≥-,236,221,205,16,92.76,1.01,-2.83,4.84,2.226,0.714,14
2026-05,pitcher_strikeouts,OVER,"[-500,-300]",HR≥70/EDG≥-/CV≤0.45/μ≥1.0/TP≥50,236,221,205,16,92.76,1.01,-2.83,4.84,2.226,0.714,14
2026-05,pitcher_strikeouts,OVER,"[-500,-300]",HR≥70/EDG≥-/CV≤0.45/μ≥1.0/TP≥55,236,221,205,16,92.76,1.01,-2.83,4.84,2.226,0.714,14
2026-05,pitcher_strikeouts,OVER,"[-500,-300]",HR≥70/EDG≥-/CV≤0.45/μ≥1.0/TP≥60,236,221,205,16,92.76,1.01,-2.83,4.84,2.226,0.714,14
2026-05,pitcher_strikeouts,OVER,"[-500,-300]",HR≥70/EDG≥-/CV≤0.45/μ≥1.0/TP≥65,236,221,205,16,92.76,1.01,-2.83,4.84,2.226,0.714,14
2026-05,pitcher_strikeouts,OVER,"[-500,-300]",HR≥70/EDG≥-/CV≤0.4/μ≥-/TP≥-,190,178,161,17,90.45,0.35,-4.6,5.31,0.632,0.643,14
2026-05,pitcher_strikeouts,OVER,"[-500,-300]",HR≥70/EDG≥-/CV≤0.4/μ≥-/TP≥50,187,175,159,16,90.86,0.69,-4.21,5.59,1.21,0.643,14
2026-05,pitcher_strikeouts,OVER,"[-500,-300]",HR≥70/EDG≥-/CV≤0.4/μ≥-/TP≥55,185,173,157,16,90.75,0.47,-4.48,5.41,0.806,0.643,14
2026-05,pitcher_strikeouts,OVER,"[-500,-300]",HR≥70/EDG≥-/CV≤0.4/μ≥-/TP≥60,183,171,156,15,91.23,0.92,-3.94,5.78,1.568,0.643,14
2026-05,pitcher_strikeouts,OVER,"[-500,-300]",HR≥70/EDG≥-/CV≤0.4/μ≥-/TP≥65,177,165,153,12,92.73,2.23,-2.31,6.77,3.682,0.786,14
2026-05,pitcher_strikeouts,OVER,"[-500,-300]",HR≥70/EDG≥-/CV≤0.4/μ≥0.0/TP≥-,186,174,159,15,91.38,1.27,-3.52,6.06,2.21,0.643,14
2026-05,pitcher_strikeouts,OVER,"[-500,-300]",HR≥70/EDG≥-/CV≤0.4/μ≥0.0/TP≥50,186,174,159,15,91.38,1.27,-3.52,6.06,2.21,0.643,14
2026-05,pitcher_strikeouts,OVER,"[-500,-300]",HR≥70/EDG≥-/CV≤0.4/μ≥0.0/TP≥55,184,172,157,15,91.28,1.05,-3.79,5.89,1.806,0.643,14
2026-05,pitcher_strikeouts,OVER,"[-500,-300]",HR≥70/EDG≥-/CV≤0.4/μ≥0.0/TP≥60,182,170,156,14,91.76,1.51,-3.24,6.26,2.568,0.643,14
2026-05,pitcher_strikeouts,OVER,"[-500,-300]",HR≥70/EDG≥-/CV≤0.4/μ≥0.0/TP≥65,176,164,153,11,93.29,2.85,-1.55,7.26,4.682,0.786,14
2026-05,pitcher_strikeouts,OVER,"[-500,-300]",HR≥70/EDG≥-/CV≤0.4/μ≥0.5/TP≥-,176,164,152,12,92.68,2.12,-2.44,6.69,3.481,0.714,14
2026-05,pitcher_strikeouts,OVER,"[-500,-300]",HR≥70/EDG≥-/CV≤0.4/μ≥0.5/TP≥50,176,164,152,12,92.68,2.12,-2.44,6.69,3.481,0.714,14
2026-05,pitcher_strikeouts,OVER,"[-500,-300]",HR≥70/EDG≥-/CV≤0.4/μ≥0.5/TP≥55,176,164,152,12,92.68,2.12,-2.44,6.69,3.481,0.714,14
2026-05,pitcher_strikeouts,OVER,"[-500,-300]",HR≥70/EDG≥-/CV≤0.4/μ≥0.5/TP≥60,176,164,152,12,92.68,2.12,-2.44,6.69,3.481,0.714,14
2026-05,pitcher_strikeouts,OVER,"[-500,-300]",HR≥70/EDG≥-/CV≤0.4/μ≥0.5/TP≥65,173,161,151,10,93.79,3.23,-1.06,7.51,5.195,0.786,14
2026-05,pitcher_strikeouts,OVER,"[-500,-300]",HR≥70/EDG≥-/CV≤0.4/μ≥1.0/TP≥-,157,147,138,9,93.88,2.51,-1.89,6.9,3.683,0.714,14
2026-05,pitcher_strikeouts,OVER,"[-500,-300]",HR≥70/EDG≥-/CV≤0.4/μ≥1.0/TP≥50,157,147,138,9,93.88,2.51,-1.89,6.9,3.683,0.714,14
2026-05,pitcher_strikeouts,OVER,"[-500,-300]",HR≥70/EDG≥-/CV≤0.4/μ≥1.0/TP≥55,157,147,138,9,93.88,2.51,-1.89,6.9,3.683,0.714,14
2026-05,pitcher_strikeouts,OVER,"[-500,-300]",HR≥70/EDG≥-/CV≤0.4/μ≥1.0/TP≥60,157,147,138,9,93.88,2.51,-1.89,6.9,3.683,0.714,14
2026-05,pitcher_strikeouts,OVER,"[-500,-300]",HR≥70/EDG≥-/CV≤0.4/μ≥1.0/TP≥65,157,147,138,9,93.88,2.51,-1.89,6.9,3.683,0.714,14
2026-05,pitcher_strikeouts,OVER,"[-500,-300]",HR≥70/EDG≥-5.0/CV≤-/μ≥-/TP≥-,188,175,164,11,93.71,3.21,-0.92,7.34,5.616,0.714,14
2026-05,pitcher_strikeouts,OVER,"[-500,-300]",HR≥70/EDG≥-5.0/CV≤-/μ≥-/TP≥50,188,175,164,11,93.71,3.21,-0.92,7.34,5.616,0.714,14
2026-05,pitcher_strikeouts,OVER,"[-500,-300]",HR≥70/EDG≥-5.0/CV≤-/μ≥-/TP≥55,188,175,164,11,93.71,3.21,-0.92,7.34,5.616,0.714,14
2026-05,pitcher_strikeouts,OVER,"[-500,-300]",HR≥70/EDG≥-5.0/CV≤-/μ≥-/TP≥60,188,175,164,11,93.71,3.21,-0.92,7.34,5.616,0.714,14
2026-05,pitcher_strikeouts,OVER,"[-500,-300]",HR≥70/EDG≥-5.0/CV≤-/μ≥-/TP≥65,188,175,164,11,93.71,3.21,-0.92,7.34,5.616,0.714,14
2026-05,pitcher_strikeouts,OVER,"[-500,-300]",HR≥70/EDG≥-5.0/CV≤-/μ≥0.0/TP≥-,188,175,164,11,93.71,3.21,-0.92,7.34,5.616,0.714,14
2026-05,pitcher_strikeouts,OVER,"[-500,-300]",HR≥70/EDG≥-5.0/CV≤-/μ≥0.0/TP≥50,188,175,164,11,93.71,3.21,-0.92,7.34,5.616,0.714,14
2026-05,pitcher_strikeouts,OVER,"[-500,-300]",HR≥70/EDG≥-5.0/CV≤-/μ≥0.0/TP≥55,188,175,164,11,93.71,3.21,-0.92,7.34,5.616,0.714,14
2026-05,pitcher_strikeouts,OVER,"[-500,-300]",HR≥70/EDG≥-5.0/CV≤-/μ≥0.0/TP≥60,188,175,164,11,93.71,3.21,-0.92,7.34,5.616,0.714,14
2026-05,pitcher_strikeouts,OVER,"[-500,-300]",HR≥70/EDG≥-5.0/CV≤-/μ≥0.0/TP≥65,188,175,164,11,93.71,3.21,-0.92,7.34,5.616,0.714,14
2026-05,pitcher_strikeouts,OVER,"[-500,-300]",HR≥70/EDG≥-5.0/CV≤-/μ≥0.5/TP≥-,188,175,164,11,93.71,3.21,-0.92,7.34,5.616,0.714,14
2026-05,pitcher_strikeouts,OVER,"[-500,-300]",HR≥70/EDG≥-5.0/CV≤-/μ≥0.5/TP≥50,188,175,164,11,93.71,3.21,-0.92,7.34,5.616,0.714,14
2026-05,pitcher_strikeouts,OVER,"[-500,-300]",HR≥70/EDG≥-5.0/CV≤-/μ≥0.5/TP≥55,188,175,164,11,93.71,3.21,-0.92,7.34,5.616,0.714,14
2026-05,pitcher_strikeouts,OVER,"[-500,-300]",HR≥70/EDG≥-5.0/CV≤-/μ≥0.5/TP≥60,188,175,164,11,93.71,3.21,-0.92,7.34,5.616,0.714,14
2026-05,pitcher_strikeouts,OVER,"[-500,-300]",HR≥70/EDG≥-5.0/CV≤-/μ≥0.5/TP≥65,188,175,164,11,93.71,3.21,-0.92,7.34,5.616,0.714,14
2026-05,pitcher_strikeouts,OVER,"[-500,-300]",HR≥70/EDG≥-5.0/CV≤-/μ≥1.0/TP≥-,185,173,162,11,93.64,2.92,-1.24,7.08,5.052,0.714,14
2026-05,pitcher_strikeouts,OVER,"[-500,-300]",HR≥70/EDG≥-5.0/CV≤-/μ≥1.0/TP≥50,185,173,162,11,93.64,2.92,-1.24,7.08,5.052,0.714,14
2026-05,pitcher_strikeouts,OVER,"[-500,-300]",HR≥70/EDG≥-5.0/CV≤-/μ≥1.0/TP≥55,185,173,162,11,93.64,2.92,-1.24,7.08,5.052,0.714,14
2026-05,pitcher_strikeouts,OVER,"[-500,-300]",HR≥70/EDG≥-5.0/CV≤-/μ≥1.0/TP≥60,185,173,162,11,93.64,2.92,-1.24,7.08,5.052,0.714,14
2026-05,pitcher_strikeouts,OVER,"[-500,-300]",HR≥70/EDG≥-5.0/CV≤-/μ≥1.0/TP≥65,185,173,162,11,93.64,2.92,-1.24,7.08,5.052,0.714,14
2026-05,pitcher_strikeouts,OVER,"[-500,-300]",HR≥70/EDG≥-5.0/CV≤0.7/μ≥-/TP≥-,188,175,164,11,93.71,3.21,-0.92,7.34,5.616,0.714,14
2026-05,pitcher_strikeouts,OVER,"[-500,-300]",HR≥70/EDG≥-5.0/CV≤0.7/μ≥-/TP≥50,188,175,164,11,93.71,3.21,-0.92,7.34,5.616,0.714,14
2026-05,pitcher_strikeouts,OVER,"[-500,-300]",HR≥70/EDG≥-5.0/CV≤0.7/μ≥-/TP≥55,188,175,164,11,93.71,3.21,-0.92,7.34,5.616,0.714,14
2026-05,pitcher_strikeouts,OVER,"[-500,-300]",HR≥70/EDG≥-5.0/CV≤0.7/μ≥-/TP≥60,188,175,164,11,93.71,3.21,-0.92,7.34,5.616,0.714,14
2026-05,pitcher_strikeouts,OVER,"[-500,-300]",HR≥70/EDG≥-5.0/CV≤0.7/μ≥-/TP≥65,188,175,164,11,93.71,3.21,-0.92,7.34,5.616,0.714,14
2026-05,pitcher_strikeouts,OVER,"[-500,-300]",HR≥70/EDG≥-5.0/CV≤0.7/μ≥0.0/TP≥-,188,175,164,11,93.71,3.21,-0.92,7.34,5.616,0.714,14
2026-05,pitcher_strikeouts,OVER,"[-500,-300]",HR≥70/EDG≥-5.0/CV≤0.7/μ≥0.0/TP≥50,188,175,164,11,93.71,3.21,-0.92,7.34,5.616,0.714,14
2026-05,pitcher_strikeouts,OVER,"[-500,-300]",HR≥70/EDG≥-5.0/CV≤0.7/μ≥0.0/TP≥55,188,175,164,11,93.71,3.21,-0.92,7.34,5.616,0.714,14
2026-05,pitcher_strikeouts,OVER,"[-500,-300]",HR≥70/EDG≥-5.0/CV≤0.7/μ≥0.0/TP≥60,188,175,164,11,93.71,3.21,-0.92,7.34,5.616,0.714,14
2026-05,pitcher_strikeouts,OVER,"[-500,-300]",HR≥70/EDG≥-5.0/CV≤0.7/μ≥0.0/TP≥65,188,175,164,11,93.71,3.21,-0.92,7.34,5.616,0.714,14
2026-05,pitcher_strikeouts,OVER,"[-500,-300]",HR≥70/EDG≥-5.0/CV≤0.7/μ≥0.5/TP≥-,188,175,164,11,93.71,3.21,-0.92,7.34,5.616,0.714,14
2026-05,pitcher_strikeouts,OVER,"[-500,-300]",HR≥70/EDG≥-5.0/CV≤0.7/μ≥0.5/TP≥50,188,175,164,11,93.71,3.21,-0.92,7.34,5.616,0.714,14
2026-05,pitcher_strikeouts,OVER,"[-500,-300]",HR≥70/EDG≥-5.0/CV≤0.7/μ≥0.5/TP≥55,188,175,164,11,93.71,3.21,-0.92,7.34,5.616,0.714,14
2026-05,pitcher_strikeouts,OVER,"[-500,-300]",HR≥70/EDG≥-5.0/CV≤0.7/μ≥0.5/TP≥60,188,175,164,11,93.71,3.21,-0.92,7.34,5.616,0.714,14
2026-05,pitcher_strikeouts,OVER,"[-500,-300]",HR≥70/EDG≥-5.0/CV≤0.7/μ≥0.5/TP≥65,188,175,164,11,93.71,3.21,-0.92,7.34,5.616,0.714,14
2026-05,pitcher_strikeouts,OVER,"[-500,-300]",HR≥70/EDG≥-5.0/CV≤0.7/μ≥1.0/TP≥-,185,173,162,11,93.64,2.92,-1.24,7.08,5.052,0.714,14
2026-05,pitcher_strikeouts,OVER,"[-500,-300]",HR≥70/EDG≥-5.0/CV≤0.7/μ≥1.0/TP≥50,185,173,162,11,93.64,2.92,-1.24,7.08,5.052,0.714,14
2026-05,pitcher_strikeouts,OVER,"[-500,-300]",HR≥70/EDG≥-5.0/CV≤0.7/μ≥1.0/TP≥55,185,173,162,11,93.64,2.92,-1.24,7.08,5.052,0.714,14
2026-05,pitcher_strikeouts,OVER,"[-500,-300]",HR≥70/EDG≥-5.0/CV≤0.7/μ≥1.0/TP≥60,185,173,162,11,93.64,2.92,-1.24,7.08,5.052,0.714,14
2026-05,pitcher_strikeouts,OVER,"[-500,-300]",HR≥70/EDG≥-5.0/CV≤0.7/μ≥1.0/TP≥65,185,173,162,11,93.64,2.92,-1.24,7.08,5.052,0.714,14
2026-05,pitcher_strikeouts,OVER,"[-500,-300]",HR≥70/EDG≥-5.0/CV≤0.6/μ≥-/TP≥-,183,170,160,10,94.12,3.49,-0.58,7.55,5.925,0.643,14
2026-05,pitcher_strikeouts,OVER,"[-500,-300]",HR≥70/EDG≥-5.0/CV≤0.6/μ≥-/TP≥50,183,170,160,10,94.12,3.49,-0.58,7.55,5.925,0.643,14
2026-05,pitcher_strikeouts,OVER,"[-500,-300]",HR≥70/EDG≥-5.0/CV≤0.6/μ≥-/TP≥55,183,170,160,10,94.12,3.49,-0.58,7.55,5.925,0.643,14
2026-05,pitcher_strikeouts,OVER,"[-500,-300]",HR≥70/EDG≥-5.0/CV≤0.6/μ≥-/TP≥60,183,170,160,10,94.12,3.49,-0.58,7.55,5.925,0.643,14
2026-05,pitcher_strikeouts,OVER,"[-500,-300]",HR≥70/EDG≥-5.0/CV≤0.6/μ≥-/TP≥65,183,170,160,10,94.12,3.49,-0.58,7.55,5.925,0.643,14
2026-05,pitcher_strikeouts,OVER,"[-500,-300]",HR≥70/EDG≥-5.0/CV≤0.6/μ≥0.0/TP≥-,183,170,160,10,94.12,3.49,-0.58,7.55,5.925,0.643,14
2026-05,pitcher_strikeouts,OVER,"[-500,-300]",HR≥70/EDG≥-5.0/CV≤0.6/μ≥0.0/TP≥50,183,170,160,10,94.12,3.49,-0.58,7.55,5.925,0.643,14
2026-05,pitcher_strikeouts,OVER,"[-500,-300]",HR≥70/EDG≥-5.0/CV≤0.6/μ≥0.0/TP≥55,183,170,160,10,94.12,3.49,-0.58,7.55,5.925,0.643,14
2026-05,pitcher_strikeouts,OVER,"[-500,-300]",HR≥70/EDG≥-5.0/CV≤0.6/μ≥0.0/TP≥60,183,170,160,10,94.12,3.49,-0.58,7.55,5.925,0.643,14
2026-05,pitcher_strikeouts,OVER,"[-500,-300]",HR≥70/EDG≥-5.0/CV≤0.6/μ≥0.0/TP≥65,183,170,160,10,94.12,3.49,-0.58,7.55,5.925,0.643,14
2026-05,pitcher_strikeouts,OVER,"[-500,-300]",HR≥70/EDG≥-5.0/CV≤0.6/μ≥0.5/TP≥-,183,170,160,10,94.12,3.49,-0.58,7.55,5.925,0.643,14
2026-05,pitcher_strikeouts,OVER,"[-500,-300]",HR≥70/EDG≥-5.0/CV≤0.6/μ≥0.5/TP≥50,183,170,160,10,94.12,3.49,-0.58,7.55,5.925,0.643,14
2026-05,pitcher_strikeouts,OVER,"[-500,-300]",HR≥70/EDG≥-5.0/CV≤0.6/μ≥0.5/TP≥55,183,170,160,10,94.12,3.49,-0.58,7.55,5.925,0.643,14
2026-05,pitcher_strikeouts,OVER,"[-500,-300]",HR≥70/EDG≥-5.0/CV≤0.6/μ≥0.5/TP≥60,183,170,160,10,94.12,3.49,-0.58,7.55,5.925,0.643,14
2026-05,pitcher_strikeouts,OVER,"[-500,-300]",HR≥70/EDG≥-5.0/CV≤0.6/μ≥0.5/TP≥65,183,170,160,10,94.12,3.49,-0.58,7.55,5.925,0.643,14
2026-05,pitcher_strikeouts,OVER,"[-500,-300]",HR≥70/EDG≥-5.0/CV≤0.6/μ≥1.0/TP≥-,180,168,158,10,94.05,3.19,-0.9,7.28,5.36,0.643,14
2026-05,pitcher_strikeouts,OVER,"[-500,-300]",HR≥70/EDG≥-5.0/CV≤0.6/μ≥1.0/TP≥50,180,168,158,10,94.05,3.19,-0.9,7.28,5.36,0.643,14
2026-05,pitcher_strikeouts,OVER,"[-500,-300]",HR≥70/EDG≥-5.0/CV≤0.6/μ≥1.0/TP≥55,180,168,158,10,94.05,3.19,-0.9,7.28,5.36,0.643,14
2026-05,pitcher_strikeouts,OVER,"[-500,-300]",HR≥70/EDG≥-5.0/CV≤0.6/μ≥1.0/TP≥60,180,168,158,10,94.05,3.19,-0.9,7.28,5.36,0.643,14
2026-05,pitcher_strikeouts,OVER,"[-500,-300]",HR≥70/EDG≥-5.0/CV≤0.6/μ≥1.0/TP≥65,180,168,158,10,94.05,3.19,-0.9,7.28,5.36,0.643,14
2026-05,pitcher_strikeouts,OVER,"[-500,-300]",HR≥70/EDG≥-5.0/CV≤0.5/μ≥-/TP≥-,162,151,141,10,93.38,2.66,-1.88,7.2,4.013,0.571,14
2026-05,pitcher_strikeouts,OVER,"[-500,-300]",HR≥70/EDG≥-5.0/CV≤0.5/μ≥-/TP≥50,162,151,141,10,93.38,2.66,-1.88,7.2,4.013,0.571,14
2026-05,pitcher_strikeouts,OVER,"[-500,-300]",HR≥70/EDG≥-5.0/CV≤0.5/μ≥-/TP≥55,162,151,141,10,93.38,2.66,-1.88,7.2,4.013,0.571,14
2026-05,pitcher_strikeouts,OVER,"[-500,-300]",HR≥70/EDG≥-5.0/CV≤0.5/μ≥-/TP≥60,162,151,141,10,93.38,2.66,-1.88,7.2,4.013,0.571,14
2026-05,pitcher_strikeouts,OVER,"[-500,-300]",HR≥70/EDG≥-5.0/CV≤0.5/μ≥-/TP≥65,162,151,141,10,93.38,2.66,-1.88,7.2,4.013,0.571,14
2026-05,pitcher_strikeouts,OVER,"[-500,-300]",HR≥70/EDG≥-5.0/CV≤0.5/μ≥0.0/TP≥-,162,151,141,10,93.38,2.66,-1.88,7.2,4.013,0.571,14
2026-05,pitcher_strikeouts,OVER,"[-500,-300]",HR≥70/EDG≥-5.0/CV≤0.5/μ≥0.0/TP≥50,162,151,141,10,93.38,2.66,-1.88,7.2,4.013,0.571,14
2026-05,pitcher_strikeouts,OVER,"[-500,-300]",HR≥70/EDG≥-5.0/CV≤0.5/μ≥0.0/TP≥55,162,151,141,10,93.38,2.66,-1.88,7.2,4.013,0.571,14
2026-05,pitcher_strikeouts,OVER,"[-500,-300]",HR≥70/EDG≥-5.0/CV≤0.5/μ≥0.0/TP≥60,162,151,141,10,93.38,2.66,-1.88,7.2,4.013,0.571,14
2026-05,pitcher_strikeouts,OVER,"[-500,-300]",HR≥70/EDG≥-5.0/CV≤0.5/μ≥0.0/TP≥65,162,151,141,10,93.38,2.66,-1.88,7.2,4.013,0.571,14
2026-05,pitcher_strikeouts,OVER,"[-500,-300]",HR≥70/EDG≥-5.0/CV≤0.5/μ≥0.5/TP≥-,162,151,141,10,93.38,2.66,-1.88,7.2,4.013,0.571,14
2026-05,pitcher_strikeouts,OVER,"[-500,-300]",HR≥70/EDG≥-5.0/CV≤0.5/μ≥0.5/TP≥50,162,151,141,10,93.38,2.66,-1.88,7.2,4.013,0.571,14
2026-05,pitcher_strikeouts,OVER,"[-500,-300]",HR≥70/EDG≥-5.0/CV≤0.5/μ≥0.5/TP≥55,162,151,141,10,93.38,2.66,-1.88,7.2,4.013,0.571,14
2026-05,pitcher_strikeouts,OVER,"[-500,-300]",HR≥70/EDG≥-5.0/CV≤0.5/μ≥0.5/TP≥60,162,151,141,10,93.38,2.66,-1.88,7.2,4.013,0.571,14
2026-05,pitcher_strikeouts,OVER,"[-500,-300]",HR≥70/EDG≥-5.0/CV≤0.5/μ≥0.5/TP≥65,162,151,141,10,93.38,2.66,-1.88,7.2,4.013,0.571,14
2026-05,pitcher_strikeouts,OVER,"[-500,-300]",HR≥70/EDG≥-5.0/CV≤0.5/μ≥1.0/TP≥-,159,149,139,10,93.29,2.31,-2.26,6.89,3.448,0.571,14
2026-05,pitcher_strikeouts,OVER,"[-500,-300]",HR≥70/EDG≥-5.0/CV≤0.5/μ≥1.0/TP≥50,159,149,139,10,93.29,2.31,-2.26,6.89,3.448,0.571,14
2026-05,pitcher_strikeouts,OVER,"[-500,-300]",HR≥70/EDG≥-5.0/CV≤0.5/μ≥1.0/TP≥55,159,149,139,10,93.29,2.31,-2.26,6.89,3.448,0.571,14
2026-05,pitcher_strikeouts,OVER,"[-500,-300]",HR≥70/EDG≥-5.0/CV≤0.5/μ≥1.0/TP≥60,159,149,139,10,93.29,2.31,-2.26,6.89,3.448,0.571,14
2026-05,pitcher_strikeouts,OVER,"[-500,-300]",HR≥70/EDG≥-5.0/CV≤0.5/μ≥1.0/TP≥65,159,149,139,10,93.29,2.31,-2.26,6.89,3.448,0.571,14
2026-05,pitcher_strikeouts,OVER,"[-500,-300]",HR≥70/EDG≥-5.0/CV≤0.45/μ≥-/TP≥-,139,128,123,5,96.09,5.67,1.73,9.6,7.251,0.786,14
2026-05,pitcher_strikeouts,OVER,"[-500,-300]",HR≥70/EDG≥-5.0/CV≤0.45/μ≥-/TP≥50,139,128,123,5,96.09,5.67,1.73,9.6,7.251,0.786,14
2026-05,pitcher_strikeouts,OVER,"[-500,-300]",HR≥70/EDG≥-5.0/CV≤0.45/μ≥-/TP≥55,139,128,123,5,96.09,5.67,1.73,9.6,7.251,0.786,14
2026-05,pitcher_strikeouts,OVER,"[-500,-300]",HR≥70/EDG≥-5.0/CV≤0.45/μ≥-/TP≥60,139,128,123,5,96.09,5.67,1.73,9.6,7.251,0.786,14
2026-05,pitcher_strikeouts,OVER,"[-500,-300]",HR≥70/EDG≥-5.0/CV≤0.45/μ≥-/TP≥65,139,128,123,5,96.09,5.67,1.73,9.6,7.251,0.786,14
2026-05,pitcher_strikeouts,OVER,"[-500,-300]",HR≥70/EDG≥-5.0/CV≤0.45/μ≥0.0/TP≥-,139,128,123,5,96.09,5.67,1.73,9.6,7.251,0.786,14
2026-05,pitcher_strikeouts,OVER,"[-500,-300]",HR≥70/EDG≥-5.0/CV≤0.45/μ≥0.0/TP≥50,139,128,123,5,96.09,5.67,1.73,9.6,7.251,0.786,14
2026-05,pitcher_strikeouts,OVER,"[-500,-300]",HR≥70/EDG≥-5.0/CV≤0.45/μ≥0.0/TP≥55,139,128,123,5,96.09,5.67,1.73,9.6,7.251,0.786,14
2026-05,pitcher_strikeouts,OVER,"[-500,-300]",HR≥70/EDG≥-5.0/CV≤0.45/μ≥0.0/TP≥60,139,128,123,5,96.09,5.67,1.73,9.6,7.251,0.786,14
2026-05,pitcher_strikeouts,OVER,"[-500,-300]",HR≥70/EDG≥-5.0/CV≤0.45/μ≥0.0/TP≥65,139,128,123,5,96.09,5.67,1.73,9.6,7.251,0.786,14
2026-05,pitcher_strikeouts,OVER,"[-500,-300]",HR≥70/EDG≥-5.0/CV≤0.45/μ≥0.5/TP≥-,139,128,123,5,96.09,5.67,1.73,9.6,7.251,0.786,14
2026-05,pitcher_strikeouts,OVER,"[-500,-300]",HR≥70/EDG≥-5.0/CV≤0.45/μ≥0.5/TP≥50,139,128,123,5,96.09,5.67,1.73,9.6,7.251,0.786,14
2026-05,pitcher_strikeouts,OVER,"[-500,-300]",HR≥70/EDG≥-5.0/CV≤0.45/μ≥0.5/TP≥55,139,128,123,5,96.09,5.67,1.73,9.6,7.251,0.786,14
2026-05,pitcher_strikeouts,OVER,"[-500,-300]",HR≥70/EDG≥-5.0/CV≤0.45/μ≥0.5/TP≥60,139,128,123,5,96.09,5.67,1.73,9.6,7.251,0.786,14
2026-05,pitcher_strikeouts,OVER,"[-500,-300]",HR≥70/EDG≥-5.0/CV≤0.45/μ≥0.5/TP≥65,139,128,123,5,96.09,5.67,1.73,9.6,7.251,0.786,14
2026-05,pitcher_strikeouts,OVER,"[-500,-300]",HR≥70/EDG≥-5.0/CV≤0.45/μ≥1.0/TP≥-,136,126,121,5,96.03,5.31,1.34,9.27,6.687,0.786,14
2026-05,pitcher_strikeouts,OVER,"[-500,-300]",HR≥70/EDG≥-5.0/CV≤0.45/μ≥1.0/TP≥50,136,126,121,5,96.03,5.31,1.34,9.27,6.687,0.786,14
2026-05,pitcher_strikeouts,OVER,"[-500,-300]",HR≥70/EDG≥-5.0/CV≤0.45/μ≥1.0/TP≥55,136,126,121,5,96.03,5.31,1.34,9.27,6.687,0.786,14
2026-05,pitcher_strikeouts,OVER,"[-500,-300]",HR≥70/EDG≥-5.0/CV≤0.45/μ≥1.0/TP≥60,136,126,121,5,96.03,5.31,1.34,9.27,6.687,0.786,14
2026-05,pitcher_strikeouts,OVER,"[-500,-300]",HR≥70/EDG≥-5.0/CV≤0.45/μ≥1.0/TP≥65,136,126,121,5,96.03,5.31,1.34,9.27,6.687,0.786,14
2026-05,pitcher_strikeouts,OVER,"[-500,-300]",HR≥70/EDG≥-5.0/CV≤0.4/μ≥-/TP≥-,103,93,90,3,96.77,6.73,2.43,11.03,6.257,0.769,13
2026-05,pitcher_strikeouts,OVER,"[-500,-300]",HR≥70/EDG≥-5.0/CV≤0.4/μ≥-/TP≥50,103,93,90,3,96.77,6.73,2.43,11.03,6.257,0.769,13
2026-05,pitcher_strikeouts,OVER,"[-500,-300]",HR≥70/EDG≥-5.0/CV≤0.4/μ≥-/TP≥55,103,93,90,3,96.77,6.73,2.43,11.03,6.257,0.769,13
2026-05,pitcher_strikeouts,OVER,"[-500,-300]",HR≥70/EDG≥-5.0/CV≤0.4/μ≥-/TP≥60,103,93,90,3,96.77,6.73,2.43,11.03,6.257,0.769,13
2026-05,pitcher_strikeouts,OVER,"[-500,-300]",HR≥70/EDG≥-5.0/CV≤0.4/μ≥-/TP≥65,103,93,90,3,96.77,6.73,2.43,11.03,6.257,0.769,13
2026-05,pitcher_strikeouts,OVER,"[-500,-300]",HR≥70/EDG≥-5.0/CV≤0.4/μ≥0.0/TP≥-,103,93,90,3,96.77,6.73,2.43,11.03,6.257,0.769,13
2026-05,pitcher_strikeouts,OVER,"[-500,-300]",HR≥70/EDG≥-5.0/CV≤0.4/μ≥0.0/TP≥50,103,93,90,3,96.77,6.73,2.43,11.03,6.257,0.769,13
2026-05,pitcher_strikeouts,OVER,"[-500,-300]",HR≥70/EDG≥-5.0/CV≤0.4/μ≥0.0/TP≥55,103,93,90,3,96.77,6.73,2.43,11.03,6.257,0.769,13
2026-05,pitcher_strikeouts,OVER,"[-500,-300]",HR≥70/EDG≥-5.0/CV≤0.4/μ≥0.0/TP≥60,103,93,90,3,96.77,6.73,2.43,11.03,6.257,0.769,13
2026-05,pitcher_strikeouts,OVER,"[-500,-300]",HR≥70/EDG≥-5.0/CV≤0.4/μ≥0.0/TP≥65,103,93,90,3,96.77,6.73,2.43,11.03,6.257,0.769,13
2026-05,pitcher_strikeouts,OVER,"[-500,-300]",HR≥70/EDG≥-5.0/CV≤0.4/μ≥0.5/TP≥-,103,93,90,3,96.77,6.73,2.43,11.03,6.257,0.769,13
2026-05,pitcher_strikeouts,OVER,"[-500,-300]",HR≥70/EDG≥-5.0/CV≤0.4/μ≥0.5/TP≥50,103,93,90,3,96.77,6.73,2.43,11.03,6.257,0.769,13
2026-05,pitcher_strikeouts,OVER,"[-500,-300]",HR≥70/EDG≥-5.0/CV≤0.4/μ≥0.5/TP≥55,103,93,90,3,96.77,6.73,2.43,11.03,6.257,0.769,13
2026-05,pitcher_strikeouts,OVER,"[-500,-300]",HR≥70/EDG≥-5.0/CV≤0.4/μ≥0.5/TP≥60,103,93,90,3,96.77,6.73,2.43,11.03,6.257,0.769,13
2026-05,pitcher_strikeouts,OVER,"[-500,-300]",HR≥70/EDG≥-5.0/CV≤0.4/μ≥0.5/TP≥65,103,93,90,3,96.77,6.73,2.43,11.03,6.257,0.769,13
2026-05,pitcher_strikeouts,OVER,"[-500,-300]",HR≥70/EDG≥-5.0/CV≤0.4/μ≥1.0/TP≥-,100,91,88,3,96.7,6.25,1.91,10.6,5.692,0.769,13
2026-05,pitcher_strikeouts,OVER,"[-500,-300]",HR≥70/EDG≥-5.0/CV≤0.4/μ≥1.0/TP≥50,100,91,88,3,96.7,6.25,1.91,10.6,5.692,0.769,13
2026-05,pitcher_strikeouts,OVER,"[-500,-300]",HR≥70/EDG≥-5.0/CV≤0.4/μ≥1.0/TP≥55,100,91,88,3,96.7,6.25,1.91,10.6,5.692,0.769,13
2026-05,pitcher_strikeouts,OVER,"[-500,-300]",HR≥70/EDG≥-5.0/CV≤0.4/μ≥1.0/TP≥60,100,91,88,3,96.7,6.25,1.91,10.6,5.692,0.769,13
2026-05,pitcher_strikeouts,OVER,"[-500,-300]",HR≥70/EDG≥-5.0/CV≤0.4/μ≥1.0/TP≥65,100,91,88,3,96.7,6.25,1.91,10.6,5.692,0.769,13
2026-05,pitcher_strikeouts,OVER,"[-500,-300]",HR≥70/EDG≥0.0/CV≤-/μ≥-/TP≥-,84,76,69,7,90.79,2.39,-5.23,10.01,1.817,0.583,12
2026-05,pitcher_strikeouts,OVER,"[-500,-300]",HR≥70/EDG≥0.0/CV≤-/μ≥-/TP≥50,84,76,69,7,90.79,2.39,-5.23,10.01,1.817,0.583,12
2026-05,pitcher_strikeouts,OVER,"[-500,-300]",HR≥70/EDG≥0.0/CV≤-/μ≥-/TP≥55,84,76,69,7,90.79,2.39,-5.23,10.01,1.817,0.583,12
2026-05,pitcher_strikeouts,OVER,"[-500,-300]",HR≥70/EDG≥0.0/CV≤-/μ≥-/TP≥60,84,76,69,7,90.79,2.39,-5.23,10.01,1.817,0.583,12
2026-05,pitcher_strikeouts,OVER,"[-500,-300]",HR≥70/EDG≥0.0/CV≤-/μ≥-/TP≥65,84,76,69,7,90.79,2.39,-5.23,10.01,1.817,0.583,12
2026-05,pitcher_strikeouts,OVER,"[-500,-300]",HR≥70/EDG≥0.0/CV≤-/μ≥0.0/TP≥-,84,76,69,7,90.79,2.39,-5.23,10.01,1.817,0.583,12
2026-05,pitcher_strikeouts,OVER,"[-500,-300]",HR≥70/EDG≥0.0/CV≤-/μ≥0.0/TP≥50,84,76,69,7,90.79,2.39,-5.23,10.01,1.817,0.583,12
2026-05,pitcher_strikeouts,OVER,"[-500,-300]",HR≥70/EDG≥0.0/CV≤-/μ≥0.0/TP≥55,84,76,69,7,90.79,2.39,-5.23,10.01,1.817,0.583,12
2026-05,pitcher_strikeouts,OVER,"[-500,-300]",HR≥70/EDG≥0.0/CV≤-/μ≥0.0/TP≥60,84,76,69,7,90.79,2.39,-5.23,10.01,1.817,0.583,12
2026-05,pitcher_strikeouts,OVER,"[-500,-300]",HR≥70/EDG≥0.0/CV≤-/μ≥0.0/TP≥65,84,76,69,7,90.79,2.39,-5.23,10.01,1.817,0.583,12
2026-05,pitcher_strikeouts,OVER,"[-500,-300]",HR≥70/EDG≥0.0/CV≤-/μ≥0.5/TP≥-,84,76,69,7,90.79,2.39,-5.23,10.01,1.817,0.583,12
2026-05,pitcher_strikeouts,OVER,"[-500,-300]",HR≥70/EDG≥0.0/CV≤-/μ≥0.5/TP≥50,84,76,69,7,90.79,2.39,-5.23,10.01,1.817,0.583,12
2026-05,pitcher_strikeouts,OVER,"[-500,-300]",HR≥70/EDG≥0.0/CV≤-/μ≥0.5/TP≥55,84,76,69,7,90.79,2.39,-5.23,10.01,1.817,0.583,12
2026-05,pitcher_strikeouts,OVER,"[-500,-300]",HR≥70/EDG≥0.0/CV≤-/μ≥0.5/TP≥60,84,76,69,7,90.79,2.39,-5.23,10.01,1.817,0.583,12
2026-05,pitcher_strikeouts,OVER,"[-500,-300]",HR≥70/EDG≥0.0/CV≤-/μ≥0.5/TP≥65,84,76,69,7,90.79,2.39,-5.23,10.01,1.817,0.583,12
2026-05,pitcher_strikeouts,OVER,"[-500,-300]",HR≥70/EDG≥0.0/CV≤-/μ≥1.0/TP≥-,84,76,69,7,90.79,2.39,-5.23,10.01,1.817,0.583,12
2026-05,pitcher_strikeouts,OVER,"[-500,-300]",HR≥70/EDG≥0.0/CV≤-/μ≥1.0/TP≥50,84,76,69,7,90.79,2.39,-5.23,10.01,1.817,0.583,12
2026-05,pitcher_strikeouts,OVER,"[-500,-300]",HR≥70/EDG≥0.0/CV≤-/μ≥1.0/TP≥55,84,76,69,7,90.79,2.39,-5.23,10.01,1.817,0.583,12
2026-05,pitcher_strikeouts,OVER,"[-500,-300]",HR≥70/EDG≥0.0/CV≤-/μ≥1.0/TP≥60,84,76,69,7,90.79,2.39,-5.23,10.01,1.817,0.583,12
2026-05,pitcher_strikeouts,OVER,"[-500,-300]",HR≥70/EDG≥0.0/CV≤-/μ≥1.0/TP≥65,84,76,69,7,90.79,2.39,-5.23,10.01,1.817,0.583,12
2026-05,pitcher_strikeouts,OVER,"[-500,-300]",HR≥70/EDG≥0.0/CV≤0.7/μ≥-/TP≥-,84,76,69,7,90.79,2.39,-5.23,10.01,1.817,0.583,12
2026-05,pitcher_strikeouts,OVER,"[-500,-300]",HR≥70/EDG≥0.0/CV≤0.7/μ≥-/TP≥50,84,76,69,7,90.79,2.39,-5.23,10.01,1.817,0.583,12
2026-05,pitcher_strikeouts,OVER,"[-500,-300]",HR≥70/EDG≥0.0/CV≤0.7/μ≥-/TP≥55,84,76,69,7,90.79,2.39,-5.23,10.01,1.817,0.583,12
2026-05,pitcher_strikeouts,OVER,"[-500,-300]",HR≥70/EDG≥0.0/CV≤0.7/μ≥-/TP≥60,84,76,69,7,90.79,2.39,-5.23,10.01,1.817,0.583,12
2026-05,pitcher_strikeouts,OVER,"[-500,-300]",HR≥70/EDG≥0.0/CV≤0.7/μ≥-/TP≥65,84,76,69,7,90.79,2.39,-5.23,10.01,1.817,0.583,12
2026-05,pitcher_strikeouts,OVER,"[-500,-300]",HR≥70/EDG≥0.0/CV≤0.7/μ≥0.0/TP≥-,84,76,69,7,90.79,2.39,-5.23,10.01,1.817,0.583,12
2026-05,pitcher_strikeouts,OVER,"[-500,-300]",HR≥70/EDG≥0.0/CV≤0.7/μ≥0.0/TP≥50,84,76,69,7,90.79,2.39,-5.23,10.01,1.817,0.583,12
2026-05,pitcher_strikeouts,OVER,"[-500,-300]",HR≥70/EDG≥0.0/CV≤0.7/μ≥0.0/TP≥55,84,76,69,7,90.79,2.39,-5.23,10.01,1.817,0.583,12
2026-05,pitcher_strikeouts,OVER,"[-500,-300]",HR≥70/EDG≥0.0/CV≤0.7/μ≥0.0/TP≥60,84,76,69,7,90.79,2.39,-5.23,10.01,1.817,0.583,12
2026-05,pitcher_strikeouts,OVER,"[-500,-300]",HR≥70/EDG≥0.0/CV≤0.7/μ≥0.0/TP≥65,84,76,69,7,90.79,2.39,-5.23,10.01,1.817,0.583,12
2026-05,pitcher_strikeouts,OVER,"[-500,-300]",HR≥70/EDG≥0.0/CV≤0.7/μ≥0.5/TP≥-,84,76,69,7,90.79,2.39,-5.23,10.01,1.817,0.583,12
2026-05,pitcher_strikeouts,OVER,"[-500,-300]",HR≥70/EDG≥0.0/CV≤0.7/μ≥0.5/TP≥50,84,76,69,7,90.79,2.39,-5.23,10.01,1.817,0.583,12
2026-05,pitcher_strikeouts,OVER,"[-500,-300]",HR≥70/EDG≥0.0/CV≤0.7/μ≥0.5/TP≥55,84,76,69,7,90.79,2.39,-5.23,10.01,1.817,0.583,12
2026-05,pitcher_strikeouts,OVER,"[-500,-300]",HR≥70/EDG≥0.0/CV≤0.7/μ≥0.5/TP≥60,84,76,69,7,90.79,2.39,-5.23,10.01,1.817,0.583,12
2026-05,pitcher_strikeouts,OVER,"[-500,-300]",HR≥70/EDG≥0.0/CV≤0.7/μ≥0.5/TP≥65,84,76,69,7,90.79,2.39,-5.23,10.01,1.817,0.583,12
2026-05,pitcher_strikeouts,OVER,"[-500,-300]",HR≥70/EDG≥0.0/CV≤0.7/μ≥1.0/TP≥-,84,76,69,7,90.79,2.39,-5.23,10.01,1.817,0.583,12
2026-05,pitcher_strikeouts,OVER,"[-500,-300]",HR≥70/EDG≥0.0/CV≤0.7/μ≥1.0/TP≥50,84,76,69,7,90.79,2.39,-5.23,10.01,1.817,0.583,12
2026-05,pitcher_strikeouts,OVER,"[-500,-300]",HR≥70/EDG≥0.0/CV≤0.7/μ≥1.0/TP≥55,84,76,69,7,90.79,2.39,-5.23,10.01,1.817,0.583,12
2026-05,pitcher_strikeouts,OVER,"[-500,-300]",HR≥70/EDG≥0.0/CV≤0.7/μ≥1.0/TP≥60,84,76,69,7,90.79,2.39,-5.23,10.01,1.817,0.583,12
2026-05,pitcher_strikeouts,OVER,"[-500,-300]",HR≥70/EDG≥0.0/CV≤0.7/μ≥1.0/TP≥65,84,76,69,7,90.79,2.39,-5.23,10.01,1.817,0.583,12
2026-05,pitcher_strikeouts,OVER,"[-500,-300]",HR≥70/EDG≥0.0/CV≤0.6/μ≥-/TP≥-,82,74,68,6,91.89,3.67,-3.65,10.99,2.717,0.667,12
2026-05,pitcher_strikeouts,OVER,"[-500,-300]",HR≥70/EDG≥0.0/CV≤0.6/μ≥-/TP≥50,82,74,68,6,91.89,3.67,-3.65,10.99,2.717,0.667,12
2026-05,pitcher_strikeouts,OVER,"[-500,-300]",HR≥70/EDG≥0.0/CV≤0.6/μ≥-/TP≥55,82,74,68,6,91.89,3.67,-3.65,10.99,2.717,0.667,12
2026-05,pitcher_strikeouts,OVER,"[-500,-300]",HR≥70/EDG≥0.0/CV≤0.6/μ≥-/TP≥60,82,74,68,6,91.89,3.67,-3.65,10.99,2.717,0.667,12
2026-05,pitcher_strikeouts,OVER,"[-500,-300]",HR≥70/EDG≥0.0/CV≤0.6/μ≥-/TP≥65,82,74,68,6,91.89,3.67,-3.65,10.99,2.717,0.667,12
2026-05,pitcher_strikeouts,OVER,"[-500,-300]",HR≥70/EDG≥0.0/CV≤0.6/μ≥0.0/TP≥-,82,74,68,6,91.89,3.67,-3.65,10.99,2.717,0.667,12
2026-05,pitcher_strikeouts,OVER,"[-500,-300]",HR≥70/EDG≥0.0/CV≤0.6/μ≥0.0/TP≥50,82,74,68,6,91.89,3.67,-3.65,10.99,2.717,0.667,12
2026-05,pitcher_strikeouts,OVER,"[-500,-300]",HR≥70/EDG≥0.0/CV≤0.6/μ≥0.0/TP≥55,82,74,68,6,91.89,3.67,-3.65,10.99,2.717,0.667,12
2026-05,pitcher_strikeouts,OVER,"[-500,-300]",HR≥70/EDG≥0.0/CV≤0.6/μ≥0.0/TP≥60,82,74,68,6,91.89,3.67,-3.65,10.99,2.717,0.667,12
2026-05,pitcher_strikeouts,OVER,"[-500,-300]",HR≥70/EDG≥0.0/CV≤0.6/μ≥0.0/TP≥65,82,74,68,6,91.89,3.67,-3.65,10.99,2.717,0.667,12
2026-05,pitcher_strikeouts,OVER,"[-500,-300]",HR≥70/EDG≥0.0/CV≤0.6/μ≥0.5/TP≥-,82,74,68,6,91.89,3.67,-3.65,10.99,2.717,0.667,12
2026-05,pitcher_strikeouts,OVER,"[-500,-300]",HR≥70/EDG≥0.0/CV≤0.6/μ≥0.5/TP≥50,82,74,68,6,91.89,3.67,-3.65,10.99,2.717,0.667,12
2026-05,pitcher_strikeouts,OVER,"[-500,-300]",HR≥70/EDG≥0.0/CV≤0.6/μ≥0.5/TP≥55,82,74,68,6,91.89,3.67,-3.65,10.99,2.717,0.667,12
2026-05,pitcher_strikeouts,OVER,"[-500,-300]",HR≥70/EDG≥0.0/CV≤0.6/μ≥0.5/TP≥60,82,74,68,6,91.89,3.67,-3.65,10.99,2.717,0.667,12
2026-05,pitcher_strikeouts,OVER,"[-500,-300]",HR≥70/EDG≥0.0/CV≤0.6/μ≥0.5/TP≥65,82,74,68,6,91.89,3.67,-3.65,10.99,2.717,0.667,12
2026-05,pitcher_strikeouts,OVER,"[-500,-300]",HR≥70/EDG≥0.0/CV≤0.6/μ≥1.0/TP≥-,82,74,68,6,91.89,3.67,-3.65,10.99,2.717,0.667,12
2026-05,pitcher_strikeouts,OVER,"[-500,-300]",HR≥70/EDG≥0.0/CV≤0.6/μ≥1.0/TP≥50,82,74,68,6,91.89,3.67,-3.65,10.99,2.717,0.667,12
2026-05,pitcher_strikeouts,OVER,"[-500,-300]",HR≥70/EDG≥0.0/CV≤0.6/μ≥1.0/TP≥55,82,74,68,6,91.89,3.67,-3.65,10.99,2.717,0.667,12
2026-05,pitcher_strikeouts,OVER,"[-500,-300]",HR≥70/EDG≥0.0/CV≤0.6/μ≥1.0/TP≥60,82,74,68,6,91.89,3.67,-3.65,10.99,2.717,0.667,12
2026-05,pitcher_strikeouts,OVER,"[-500,-300]",HR≥70/EDG≥0.0/CV≤0.6/μ≥1.0/TP≥65,82,74,68,6,91.89,3.67,-3.65,10.99,2.717,0.667,12
2026-05,pitcher_strikeouts,OVER,"[-500,-300]",HR≥70/EDG≥0.0/CV≤0.5/μ≥-/TP≥-,78,70,64,6,91.43,2.72,-4.95,10.39,1.907,0.667,12
2026-05,pitcher_strikeouts,OVER,"[-500,-300]",HR≥70/EDG≥0.0/CV≤0.5/μ≥-/TP≥50,78,70,64,6,91.43,2.72,-4.95,10.39,1.907,0.667,12
2026-05,pitcher_strikeouts,OVER,"[-500,-300]",HR≥70/EDG≥0.0/CV≤0.5/μ≥-/TP≥55,78,70,64,6,91.43,2.72,-4.95,10.39,1.907,0.667,12
2026-05,pitcher_strikeouts,OVER,"[-500,-300]",HR≥70/EDG≥0.0/CV≤0.5/μ≥-/TP≥60,78,70,64,6,91.43,2.72,-4.95,10.39,1.907,0.667,12
2026-05,pitcher_strikeouts,OVER,"[-500,-300]",HR≥70/EDG≥0.0/CV≤0.5/μ≥-/TP≥65,78,70,64,6,91.43,2.72,-4.95,10.39,1.907,0.667,12
2026-05,pitcher_strikeouts,OVER,"[-500,-300]",HR≥70/EDG≥0.0/CV≤0.5/μ≥0.0/TP≥-,78,70,64,6,91.43,2.72,-4.95,10.39,1.907,0.667,12
2026-05,pitcher_strikeouts,OVER,"[-500,-300]",HR≥70/EDG≥0.0/CV≤0.5/μ≥0.0/TP≥50,78,70,64,6,91.43,2.72,-4.95,10.39,1.907,0.667,12
2026-05,pitcher_strikeouts,OVER,"[-500,-300]",HR≥70/EDG≥0.0/CV≤0.5/μ≥0.0/TP≥55,78,70,64,6,91.43,2.72,-4.95,10.39,1.907,0.667,12
2026-05,pitcher_strikeouts,OVER,"[-500,-300]",HR≥70/EDG≥0.0/CV≤0.5/μ≥0.0/TP≥60,78,70,64,6,91.43,2.72,-4.95,10.39,1.907,0.667,12
2026-05,pitcher_strikeouts,OVER,"[-500,-300]",HR≥70/EDG≥0.0/CV≤0.5/μ≥0.0/TP≥65,78,70,64,6,91.43,2.72,-4.95,10.39,1.907,0.667,12
2026-05,pitcher_strikeouts,OVER,"[-500,-300]",HR≥70/EDG≥0.0/CV≤0.5/μ≥0.5/TP≥-,78,70,64,6,91.43,2.72,-4.95,10.39,1.907,0.667,12
2026-05,pitcher_strikeouts,OVER,"[-500,-300]",HR≥70/EDG≥0.0/CV≤0.5/μ≥0.5/TP≥50,78,70,64,6,91.43,2.72,-4.95,10.39,1.907,0.667,12
2026-05,pitcher_strikeouts,OVER,"[-500,-300]",HR≥70/EDG≥0.0/CV≤0.5/μ≥0.5/TP≥55,78,70,64,6,91.43,2.72,-4.95,10.39,1.907,0.667,12
2026-05,pitcher_strikeouts,OVER,"[-500,-300]",HR≥70/EDG≥0.0/CV≤0.5/μ≥0.5/TP≥60,78,70,64,6,91.43,2.72,-4.95,10.39,1.907,0.667,12
2026-05,pitcher_strikeouts,OVER,"[-500,-300]",HR≥70/EDG≥0.0/CV≤0.5/μ≥0.5/TP≥65,78,70,64,6,91.43,2.72,-4.95,10.39,1.907,0.667,12
2026-05,pitcher_strikeouts,OVER,"[-500,-300]",HR≥70/EDG≥0.0/CV≤0.5/μ≥1.0/TP≥-,78,70,64,6,91.43,2.72,-4.95,10.39,1.907,0.667,12
2026-05,pitcher_strikeouts,OVER,"[-500,-300]",HR≥70/EDG≥0.0/CV≤0.5/μ≥1.0/TP≥50,78,70,64,6,91.43,2.72,-4.95,10.39,1.907,0.667,12
2026-05,pitcher_strikeouts,OVER,"[-500,-300]",HR≥70/EDG≥0.0/CV≤0.5/μ≥1.0/TP≥55,78,70,64,6,91.43,2.72,-4.95,10.39,1.907,0.667,12
2026-05,pitcher_strikeouts,OVER,"[-500,-300]",HR≥70/EDG≥0.0/CV≤0.5/μ≥1.0/TP≥60,78,70,64,6,91.43,2.72,-4.95,10.39,1.907,0.667,12
2026-05,pitcher_strikeouts,OVER,"[-500,-300]",HR≥70/EDG≥0.0/CV≤0.5/μ≥1.0/TP≥65,78,70,64,6,91.43,2.72,-4.95,10.39,1.907,0.667,12
2026-05,pitcher_strikeouts,OVER,"[-500,-300]",HR≥70/EDG≥0.0/CV≤0.45/μ≥-/TP≥-,66,58,54,4,93.1,4.85,-2.88,12.58,2.815,0.727,11
2026-05,pitcher_strikeouts,OVER,"[-500,-300]",HR≥70/EDG≥0.0/CV≤0.45/μ≥-/TP≥50,66,58,54,4,93.1,4.85,-2.88,12.58,2.815,0.727,11
2026-05,pitcher_strikeouts,OVER,"[-500,-300]",HR≥70/EDG≥0.0/CV≤0.45/μ≥-/TP≥55,66,58,54,4,93.1,4.85,-2.88,12.58,2.815,0.727,11
2026-05,pitcher_strikeouts,OVER,"[-500,-300]",HR≥70/EDG≥0.0/CV≤0.45/μ≥-/TP≥60,66,58,54,4,93.1,4.85,-2.88,12.58,2.815,0.727,11
2026-05,pitcher_strikeouts,OVER,"[-500,-300]",HR≥70/EDG≥0.0/CV≤0.45/μ≥-/TP≥65,66,58,54,4,93.1,4.85,-2.88,12.58,2.815,0.727,11
2026-05,pitcher_strikeouts,OVER,"[-500,-300]",HR≥70/EDG≥0.0/CV≤0.45/μ≥0.0/TP≥-,66,58,54,4,93.1,4.85,-2.88,12.58,2.815,0.727,11
2026-05,pitcher_strikeouts,OVER,"[-500,-300]",HR≥70/EDG≥0.0/CV≤0.45/μ≥0.0/TP≥50,66,58,54,4,93.1,4.85,-2.88,12.58,2.815,0.727,11
2026-05,pitcher_strikeouts,OVER,"[-500,-300]",HR≥70/EDG≥0.0/CV≤0.45/μ≥0.0/TP≥55,66,58,54,4,93.1,4.85,-2.88,12.58,2.815,0.727,11
2026-05,pitcher_strikeouts,OVER,"[-500,-300]",HR≥70/EDG≥0.0/CV≤0.45/μ≥0.0/TP≥60,66,58,54,4,93.1,4.85,-2.88,12.58,2.815,0.727,11
2026-05,pitcher_strikeouts,OVER,"[-500,-300]",HR≥70/EDG≥0.0/CV≤0.45/μ≥0.0/TP≥65,66,58,54,4,93.1,4.85,-2.88,12.58,2.815,0.727,11
2026-05,pitcher_strikeouts,OVER,"[-500,-300]",HR≥70/EDG≥0.0/CV≤0.45/μ≥0.5/TP≥-,66,58,54,4,93.1,4.85,-2.88,12.58,2.815,0.727,11
2026-05,pitcher_strikeouts,OVER,"[-500,-300]",HR≥70/EDG≥0.0/CV≤0.45/μ≥0.5/TP≥50,66,58,54,4,93.1,4.85,-2.88,12.58,2.815,0.727,11
2026-05,pitcher_strikeouts,OVER,"[-500,-300]",HR≥70/EDG≥0.0/CV≤0.45/μ≥0.5/TP≥55,66,58,54,4,93.1,4.85,-2.88,12.58,2.815,0.727,11
2026-05,pitcher_strikeouts,OVER,"[-500,-300]",HR≥70/EDG≥0.0/CV≤0.45/μ≥0.5/TP≥60,66,58,54,4,93.1,4.85,-2.88,12.58,2.815,0.727,11
2026-05,pitcher_strikeouts,OVER,"[-500,-300]",HR≥70/EDG≥0.0/CV≤0.45/μ≥0.5/TP≥65,66,58,54,4,93.1,4.85,-2.88,12.58,2.815,0.727,11
2026-05,pitcher_strikeouts,OVER,"[-500,-300]",HR≥70/EDG≥0.0/CV≤0.45/μ≥1.0/TP≥-,66,58,54,4,93.1,4.85,-2.88,12.58,2.815,0.727,11
2026-05,pitcher_strikeouts,OVER,"[-500,-300]",HR≥70/EDG≥0.0/CV≤0.45/μ≥1.0/TP≥50,66,58,54,4,93.1,4.85,-2.88,12.58,2.815,0.727,11
2026-05,pitcher_strikeouts,OVER,"[-500,-300]",HR≥70/EDG≥0.0/CV≤0.45/μ≥1.0/TP≥55,66,58,54,4,93.1,4.85,-2.88,12.58,2.815,0.727,11
2026-05,pitcher_strikeouts,OVER,"[-500,-300]",HR≥70/EDG≥0.0/CV≤0.45/μ≥1.0/TP≥60,66,58,54,4,93.1,4.85,-2.88,12.58,2.815,0.727,11
2026-05,pitcher_strikeouts,OVER,"[-500,-300]",HR≥70/EDG≥0.0/CV≤0.45/μ≥1.0/TP≥65,66,58,54,4,93.1,4.85,-2.88,12.58,2.815,0.727,11
2026-05,pitcher_strikeouts,OVER,"[-500,-300]",HR≥70/EDG≥0.0/CV≤0.4/μ≥-/TP≥-,51,44,42,2,95.45,7.54,0.07,15.01,3.318,0.818,11
2026-05,pitcher_strikeouts,OVER,"[-500,-300]",HR≥70/EDG≥0.0/CV≤0.4/μ≥-/TP≥50,51,44,42,2,95.45,7.54,0.07,15.01,3.318,0.818,11
2026-05,pitcher_strikeouts,OVER,"[-500,-300]",HR≥70/EDG≥0.0/CV≤0.4/μ≥-/TP≥55,51,44,42,2,95.45,7.54,0.07,15.01,3.318,0.818,11
2026-05,pitcher_strikeouts,OVER,"[-500,-300]",HR≥70/EDG≥0.0/CV≤0.4/μ≥-/TP≥60,51,44,42,2,95.45,7.54,0.07,15.01,3.318,0.818,11
2026-05,pitcher_strikeouts,OVER,"[-500,-300]",HR≥70/EDG≥0.0/CV≤0.4/μ≥-/TP≥65,51,44,42,2,95.45,7.54,0.07,15.01,3.318,0.818,11
2026-05,pitcher_strikeouts,OVER,"[-500,-300]",HR≥70/EDG≥0.0/CV≤0.4/μ≥0.0/TP≥-,51,44,42,2,95.45,7.54,0.07,15.01,3.318,0.818,11
2026-05,pitcher_strikeouts,OVER,"[-500,-300]",HR≥70/EDG≥0.0/CV≤0.4/μ≥0.0/TP≥50,51,44,42,2,95.45,7.54,0.07,15.01,3.318,0.818,11
2026-05,pitcher_strikeouts,OVER,"[-500,-300]",HR≥70/EDG≥0.0/CV≤0.4/μ≥0.0/TP≥55,51,44,42,2,95.45,7.54,0.07,15.01,3.318,0.818,11
2026-05,pitcher_strikeouts,OVER,"[-500,-300]",HR≥70/EDG≥0.0/CV≤0.4/μ≥0.0/TP≥60,51,44,42,2,95.45,7.54,0.07,15.01,3.318,0.818,11
2026-05,pitcher_strikeouts,OVER,"[-500,-300]",HR≥70/EDG≥0.0/CV≤0.4/μ≥0.0/TP≥65,51,44,42,2,95.45,7.54,0.07,15.01,3.318,0.818,11
2026-05,pitcher_strikeouts,OVER,"[-500,-300]",HR≥70/EDG≥0.0/CV≤0.4/μ≥0.5/TP≥-,51,44,42,2,95.45,7.54,0.07,15.01,3.318,0.818,11
2026-05,pitcher_strikeouts,OVER,"[-500,-300]",HR≥70/EDG≥0.0/CV≤0.4/μ≥0.5/TP≥50,51,44,42,2,95.45,7.54,0.07,15.01,3.318,0.818,11
2026-05,pitcher_strikeouts,OVER,"[-500,-300]",HR≥70/EDG≥0.0/CV≤0.4/μ≥0.5/TP≥55,51,44,42,2,95.45,7.54,0.07,15.01,3.318,0.818,11
2026-05,pitcher_strikeouts,OVER,"[-500,-300]",HR≥70/EDG≥0.0/CV≤0.4/μ≥0.5/TP≥60,51,44,42,2,95.45,7.54,0.07,15.01,3.318,0.818,11
2026-05,pitcher_strikeouts,OVER,"[-500,-300]",HR≥70/EDG≥0.0/CV≤0.4/μ≥0.5/TP≥65,51,44,42,2,95.45,7.54,0.07,15.01,3.318,0.818,11
2026-05,pitcher_strikeouts,OVER,"[-500,-300]",HR≥70/EDG≥0.0/CV≤0.4/μ≥1.0/TP≥-,51,44,42,2,95.45,7.54,0.07,15.01,3.318,0.818,11
2026-05,pitcher_strikeouts,OVER,"[-500,-300]",HR≥70/EDG≥0.0/CV≤0.4/μ≥1.0/TP≥50,51,44,42,2,95.45,7.54,0.07,15.01,3.318,0.818,11
2026-05,pitcher_strikeouts,OVER,"[-500,-300]",HR≥70/EDG≥0.0/CV≤0.4/μ≥1.0/TP≥55,51,44,42,2,95.45,7.54,0.07,15.01,3.318,0.818,11
2026-05,pitcher_strikeouts,OVER,"[-500,-300]",HR≥70/EDG≥0.0/CV≤0.4/μ≥1.0/TP≥60,51,44,42,2,95.45,7.54,0.07,15.01,3.318,0.818,11
2026-05,pitcher_strikeouts,OVER,"[-500,-300]",HR≥70/EDG≥0.0/CV≤0.4/μ≥1.0/TP≥65,51,44,42,2,95.45,7.54,0.07,15.01,3.318,0.818,11
2026-05,pitcher_strikeouts,OVER,"[-500,-300]",HR≥75/EDG≥-/CV≤-/μ≥-/TP≥-,393,370,339,31,91.62,-0.16,-3.32,2.99,-0.596,0.5,14
2026-05,pitcher_strikeouts,OVER,"[-500,-300]",HR≥75/EDG≥-/CV≤-/μ≥-/TP≥50,390,367,337,30,91.83,-0.0,-3.14,3.13,-0.018,0.5,14
2026-05,pitcher_strikeouts,OVER,"[-500,-300]",HR≥75/EDG≥-/CV≤-/μ≥-/TP≥55,388,365,335,30,91.78,-0.12,-3.26,3.03,-0.422,0.5,14
2026-05,pitcher_strikeouts,OVER,"[-500,-300]",HR≥75/EDG≥-/CV≤-/μ≥-/TP≥60,384,361,332,29,91.97,0.0,-3.13,3.13,0.005,0.571,14
2026-05,pitcher_strikeouts,OVER,"[-500,-300]",HR≥75/EDG≥-/CV≤-/μ≥-/TP≥65,371,349,322,27,92.26,0.12,-3.0,3.24,0.424,0.643,14
2026-05,pitcher_strikeouts,OVER,"[-500,-300]",HR≥75/EDG≥-/CV≤-/μ≥0.0/TP≥-,389,366,337,29,92.08,0.27,-2.83,3.36,0.982,0.5,14
2026-05,pitcher_strikeouts,OVER,"[-500,-300]",HR≥75/EDG≥-/CV≤-/μ≥0.0/TP≥50,389,366,337,29,92.08,0.27,-2.83,3.36,0.982,0.5,14
2026-05,pitcher_strikeouts,OVER,"[-500,-300]",HR≥75/EDG≥-/CV≤-/μ≥0.0/TP≥55,387,364,335,29,92.03,0.16,-2.95,3.27,0.578,0.5,14
2026-05,pitcher_strikeouts,OVER,"[-500,-300]",HR≥75/EDG≥-/CV≤-/μ≥0.0/TP≥60,383,360,332,28,92.22,0.28,-2.81,3.37,1.005,0.571,14
2026-05,pitcher_strikeouts,OVER,"[-500,-300]",HR≥75/EDG≥-/CV≤-/μ≥0.0/TP≥65,370,348,322,26,92.53,0.41,-2.67,3.49,1.424,0.643,14
2026-05,pitcher_strikeouts,OVER,"[-500,-300]",HR≥75/EDG≥-/CV≤-/μ≥0.5/TP≥-,378,355,328,27,92.39,0.31,-2.76,3.38,1.098,0.571,14
2026-05,pitcher_strikeouts,OVER,"[-500,-300]",HR≥75/EDG≥-/CV≤-/μ≥0.5/TP≥50,378,355,328,27,92.39,0.31,-2.76,3.38,1.098,0.571,14
2026-05,pitcher_strikeouts,OVER,"[-500,-300]",HR≥75/EDG≥-/CV≤-/μ≥0.5/TP≥55,378,355,328,27,92.39,0.31,-2.76,3.38,1.098,0.571,14
2026-05,pitcher_strikeouts,OVER,"[-500,-300]",HR≥75/EDG≥-/CV≤-/μ≥0.5/TP≥60,377,354,327,27,92.37,0.24,-2.83,3.32,0.862,0.571,14
2026-05,pitcher_strikeouts,OVER,"[-500,-300]",HR≥75/EDG≥-/CV≤-/μ≥0.5/TP≥65,367,345,320,25,92.75,0.56,-2.48,3.61,1.937,0.643,14
2026-05,pitcher_strikeouts,OVER,"[-500,-300]",HR≥75/EDG≥-/CV≤-/μ≥1.0/TP≥-,341,324,302,22,93.21,0.71,-2.33,3.75,2.297,0.571,14
2026-05,pitcher_strikeouts,OVER,"[-500,-300]",HR≥75/EDG≥-/CV≤-/μ≥1.0/TP≥50,341,324,302,22,93.21,0.71,-2.33,3.75,2.297,0.571,14
2026-05,pitcher_strikeouts,OVER,"[-500,-300]",HR≥75/EDG≥-/CV≤-/μ≥1.0/TP≥55,341,324,302,22,93.21,0.71,-2.33,3.75,2.297,0.571,14
2026-05,pitcher_strikeouts,OVER,"[-500,-300]",HR≥75/EDG≥-/CV≤-/μ≥1.0/TP≥60,341,324,302,22,93.21,0.71,-2.33,3.75,2.297,0.571,14
2026-05,pitcher_strikeouts,OVER,"[-500,-300]",HR≥75/EDG≥-/CV≤-/μ≥1.0/TP≥65,339,322,300,22,93.17,0.67,-2.39,3.72,2.141,0.571,14
2026-05,pitcher_strikeouts,OVER,"[-500,-300]",HR≥75/EDG≥-/CV≤0.7/μ≥-/TP≥-,387,364,333,31,91.48,-0.28,-3.48,2.93,-1.007,0.5,14
2026-05,pitcher_strikeouts,OVER,"[-500,-300]",HR≥75/EDG≥-/CV≤0.7/μ≥-/TP≥50,384,361,331,30,91.69,-0.12,-3.3,3.06,-0.429,0.5,14
2026-05,pitcher_strikeouts,OVER,"[-500,-300]",HR≥75/EDG≥-/CV≤0.7/μ≥-/TP≥55,382,359,329,30,91.64,-0.23,-3.43,2.96,-0.833,0.5,14
2026-05,pitcher_strikeouts,OVER,"[-500,-300]",HR≥75/EDG≥-/CV≤0.7/μ≥-/TP≥60,378,355,326,29,91.83,-0.11,-3.29,3.06,-0.406,0.571,14
2026-05,pitcher_strikeouts,OVER,"[-500,-300]",HR≥75/EDG≥-/CV≤0.7/μ≥-/TP≥65,367,345,318,27,92.17,0.05,-3.11,3.2,0.168,0.643,14
2026-05,pitcher_strikeouts,OVER,"[-500,-300]",HR≥75/EDG≥-/CV≤0.7/μ≥0.0/TP≥-,383,360,331,29,91.94,0.16,-2.99,3.3,0.571,0.5,14
2026-05,pitcher_strikeouts,OVER,"[-500,-300]",HR≥75/EDG≥-/CV≤0.7/μ≥0.0/TP≥50,383,360,331,29,91.94,0.16,-2.99,3.3,0.571,0.5,14
2026-05,pitcher_strikeouts,OVER,"[-500,-300]",HR≥75/EDG≥-/CV≤0.7/μ≥0.0/TP≥55,381,358,329,29,91.9,0.05,-3.11,3.21,0.167,0.5,14
2026-05,pitcher_strikeouts,OVER,"[-500,-300]",HR≥75/EDG≥-/CV≤0.7/μ≥0.0/TP≥60,377,354,326,28,92.09,0.17,-2.97,3.31,0.594,0.571,14
2026-05,pitcher_strikeouts,OVER,"[-500,-300]",HR≥75/EDG≥-/CV≤0.7/μ≥0.0/TP≥65,366,344,318,26,92.44,0.34,-2.77,3.45,1.168,0.643,14
2026-05,pitcher_strikeouts,OVER,"[-500,-300]",HR≥75/EDG≥-/CV≤0.7/μ≥0.5/TP≥-,372,349,322,27,92.26,0.2,-2.93,3.32,0.687,0.571,14
2026-05,pitcher_strikeouts,OVER,"[-500,-300]",HR≥75/EDG≥-/CV≤0.7/μ≥0.5/TP≥50,372,349,322,27,92.26,0.2,-2.93,3.32,0.687,0.571,14
2026-05,pitcher_strikeouts,OVER,"[-500,-300]",HR≥75/EDG≥-/CV≤0.7/μ≥0.5/TP≥55,372,349,322,27,92.26,0.2,-2.93,3.32,0.687,0.571,14
2026-05,pitcher_strikeouts,OVER,"[-500,-300]",HR≥75/EDG≥-/CV≤0.7/μ≥0.5/TP≥60,371,348,321,27,92.24,0.13,-3.0,3.26,0.451,0.571,14
2026-05,pitcher_strikeouts,OVER,"[-500,-300]",HR≥75/EDG≥-/CV≤0.7/μ≥0.5/TP≥65,363,341,316,25,92.67,0.49,-2.59,3.57,1.682,0.643,14
2026-05,pitcher_strikeouts,OVER,"[-500,-300]",HR≥75/EDG≥-/CV≤0.7/μ≥1.0/TP≥-,335,318,296,22,93.08,0.59,-2.5,3.68,1.886,0.571,14
2026-05,pitcher_strikeouts,OVER,"[-500,-300]",HR≥75/EDG≥-/CV≤0.7/μ≥1.0/TP≥50,335,318,296,22,93.08,0.59,-2.5,3.68,1.886,0.571,14
2026-05,pitcher_strikeouts,OVER,"[-500,-300]",HR≥75/EDG≥-/CV≤0.7/μ≥1.0/TP≥55,335,318,296,22,93.08,0.59,-2.5,3.68,1.886,0.571,14
2026-05,pitcher_strikeouts,OVER,"[-500,-300]",HR≥75/EDG≥-/CV≤0.7/μ≥1.0/TP≥60,335,318,296,22,93.08,0.59,-2.5,3.68,1.886,0.571,14
2026-05,pitcher_strikeouts,OVER,"[-500,-300]",HR≥75/EDG≥-/CV≤0.7/μ≥1.0/TP≥65,335,318,296,22,93.08,0.59,-2.5,3.68,1.886,0.571,14
2026-05,pitcher_strikeouts,OVER,"[-500,-300]",HR≥75/EDG≥-/CV≤0.6/μ≥-/TP≥-,360,338,309,29,91.42,-0.26,-3.6,3.09,-0.874,0.429,14
2026-05,pitcher_strikeouts,OVER,"[-500,-300]",HR≥75/EDG≥-/CV≤0.6/μ≥-/TP≥50,357,335,307,28,91.64,-0.09,-3.41,3.23,-0.296,0.429,14
2026-05,pitcher_strikeouts,OVER,"[-500,-300]",HR≥75/EDG≥-/CV≤0.6/μ≥-/TP≥55,355,333,305,28,91.59,-0.21,-3.54,3.12,-0.7,0.429,14
2026-05,pitcher_strikeouts,OVER,"[-500,-300]",HR≥75/EDG≥-/CV≤0.6/μ≥-/TP≥60,351,329,302,27,91.79,-0.08,-3.4,3.23,-0.274,0.5,14
2026-05,pitcher_strikeouts,OVER,"[-500,-300]",HR≥75/EDG≥-/CV≤0.6/μ≥-/TP≥65,340,319,294,25,92.16,0.09,-3.19,3.38,0.301,0.571,14
2026-05,pitcher_strikeouts,OVER,"[-500,-300]",HR≥75/EDG≥-/CV≤0.6/μ≥0.0/TP≥-,356,334,307,27,91.92,0.21,-3.07,3.49,0.704,0.429,14
2026-05,pitcher_strikeouts,OVER,"[-500,-300]",HR≥75/EDG≥-/CV≤0.6/μ≥0.0/TP≥50,356,334,307,27,91.92,0.21,-3.07,3.49,0.704,0.429,14
2026-05,pitcher_strikeouts,OVER,"[-500,-300]",HR≥75/EDG≥-/CV≤0.6/μ≥0.0/TP≥55,354,332,305,27,91.87,0.09,-3.2,3.38,0.3,0.429,14
2026-05,pitcher_strikeouts,OVER,"[-500,-300]",HR≥75/EDG≥-/CV≤0.6/μ≥0.0/TP≥60,350,328,302,26,92.07,0.22,-3.05,3.49,0.726,0.5,14
2026-05,pitcher_strikeouts,OVER,"[-500,-300]",HR≥75/EDG≥-/CV≤0.6/μ≥0.0/TP≥65,339,318,294,24,92.45,0.41,-2.83,3.65,1.301,0.571,14
2026-05,pitcher_strikeouts,OVER,"[-500,-300]",HR≥75/EDG≥-/CV≤0.6/μ≥0.5/TP≥-,345,323,298,25,92.26,0.25,-3.0,3.51,0.819,0.5,14
2026-05,pitcher_strikeouts,OVER,"[-500,-300]",HR≥75/EDG≥-/CV≤0.6/μ≥0.5/TP≥50,345,323,298,25,92.26,0.25,-3.0,3.51,0.819,0.5,14
2026-05,pitcher_strikeouts,OVER,"[-500,-300]",HR≥75/EDG≥-/CV≤0.6/μ≥0.5/TP≥55,345,323,298,25,92.26,0.25,-3.0,3.51,0.819,0.5,14
2026-05,pitcher_strikeouts,OVER,"[-500,-300]",HR≥75/EDG≥-/CV≤0.6/μ≥0.5/TP≥60,344,322,297,25,92.24,0.18,-3.08,3.44,0.584,0.5,14
2026-05,pitcher_strikeouts,OVER,"[-500,-300]",HR≥75/EDG≥-/CV≤0.6/μ≥0.5/TP≥65,336,315,292,23,92.7,0.58,-2.63,3.78,1.814,0.571,14
2026-05,pitcher_strikeouts,OVER,"[-500,-300]",HR≥75/EDG≥-/CV≤0.6/μ≥1.0/TP≥-,313,296,275,21,92.91,0.43,-2.82,3.67,1.267,0.5,14
2026-05,pitcher_strikeouts,OVER,"[-500,-300]",HR≥75/EDG≥-/CV≤0.6/μ≥1.0/TP≥50,313,296,275,21,92.91,0.43,-2.82,3.67,1.267,0.5,14
2026-05,pitcher_strikeouts,OVER,"[-500,-300]",HR≥75/EDG≥-/CV≤0.6/μ≥1.0/TP≥55,313,296,275,21,92.91,0.43,-2.82,3.67,1.267,0.5,14
2026-05,pitcher_strikeouts,OVER,"[-500,-300]",HR≥75/EDG≥-/CV≤0.6/μ≥1.0/TP≥60,313,296,275,21,92.91,0.43,-2.82,3.67,1.267,0.5,14
2026-05,pitcher_strikeouts,OVER,"[-500,-300]",HR≥75/EDG≥-/CV≤0.6/μ≥1.0/TP≥65,313,296,275,21,92.91,0.43,-2.82,3.67,1.267,0.5,14
2026-05,pitcher_strikeouts,OVER,"[-500,-300]",HR≥75/EDG≥-/CV≤0.5/μ≥-/TP≥-,309,291,264,27,90.72,-0.85,-4.59,2.89,-2.464,0.5,14
2026-05,pitcher_strikeouts,OVER,"[-500,-300]",HR≥75/EDG≥-/CV≤0.5/μ≥-/TP≥50,306,288,262,26,90.97,-0.65,-4.37,3.06,-1.886,0.5,14
2026-05,pitcher_strikeouts,OVER,"[-500,-300]",HR≥75/EDG≥-/CV≤0.5/μ≥-/TP≥55,304,286,260,26,90.91,-0.8,-4.53,2.93,-2.29,0.5,14
2026-05,pitcher_strikeouts,OVER,"[-500,-300]",HR≥75/EDG≥-/CV≤0.5/μ≥-/TP≥60,301,283,258,25,91.17,-0.58,-4.28,3.13,-1.628,0.571,14
2026-05,pitcher_strikeouts,OVER,"[-500,-300]",HR≥75/EDG≥-/CV≤0.5/μ≥-/TP≥65,292,275,252,23,91.64,-0.27,-3.92,3.39,-0.738,0.643,14
2026-05,pitcher_strikeouts,OVER,"[-500,-300]",HR≥75/EDG≥-/CV≤0.5/μ≥0.0/TP≥-,305,287,262,25,91.29,-0.31,-3.97,3.35,-0.886,0.5,14
2026-05,pitcher_strikeouts,OVER,"[-500,-300]",HR≥75/EDG≥-/CV≤0.5/μ≥0.0/TP≥50,305,287,262,25,91.29,-0.31,-3.97,3.35,-0.886,0.5,14
2026-05,pitcher_strikeouts,OVER,"[-500,-300]",HR≥75/EDG≥-/CV≤0.5/μ≥0.0/TP≥55,303,285,260,25,91.23,-0.45,-4.13,3.23,-1.29,0.5,14
2026-05,pitcher_strikeouts,OVER,"[-500,-300]",HR≥75/EDG≥-/CV≤0.5/μ≥0.0/TP≥60,300,282,258,24,91.49,-0.22,-3.87,3.43,-0.628,0.571,14
2026-05,pitcher_strikeouts,OVER,"[-500,-300]",HR≥75/EDG≥-/CV≤0.5/μ≥0.0/TP≥65,291,274,252,22,91.97,0.1,-3.5,3.69,0.262,0.643,14
2026-05,pitcher_strikeouts,OVER,"[-500,-300]",HR≥75/EDG≥-/CV≤0.5/μ≥0.5/TP≥-,295,277,254,23,91.7,-0.26,-3.88,3.37,-0.715,0.571,14
2026-05,pitcher_strikeouts,OVER,"[-500,-300]",HR≥75/EDG≥-/CV≤0.5/μ≥0.5/TP≥50,295,277,254,23,91.7,-0.26,-3.88,3.37,-0.715,0.571,14
2026-05,pitcher_strikeouts,OVER,"[-500,-300]",HR≥75/EDG≥-/CV≤0.5/μ≥0.5/TP≥55,295,277,254,23,91.7,-0.26,-3.88,3.37,-0.715,0.571,14
2026-05,pitcher_strikeouts,OVER,"[-500,-300]",HR≥75/EDG≥-/CV≤0.5/μ≥0.5/TP≥60,295,277,254,23,91.7,-0.26,-3.88,3.37,-0.715,0.571,14
2026-05,pitcher_strikeouts,OVER,"[-500,-300]",HR≥75/EDG≥-/CV≤0.5/μ≥0.5/TP≥65,288,271,250,21,92.25,0.29,-3.27,3.84,0.775,0.643,14
2026-05,pitcher_strikeouts,OVER,"[-500,-300]",HR≥75/EDG≥-/CV≤0.5/μ≥1.0/TP≥-,269,254,235,19,92.52,0.17,-3.42,3.77,0.439,0.571,14
2026-05,pitcher_strikeouts,OVER,"[-500,-300]",HR≥75/EDG≥-/CV≤0.5/μ≥1.0/TP≥50,269,254,235,19,92.52,0.17,-3.42,3.77,0.439,0.571,14
2026-05,pitcher_strikeouts,OVER,"[-500,-300]",HR≥75/EDG≥-/CV≤0.5/μ≥1.0/TP≥55,269,254,235,19,92.52,0.17,-3.42,3.77,0.439,0.571,14
2026-05,pitcher_strikeouts,OVER,"[-500,-300]",HR≥75/EDG≥-/CV≤0.5/μ≥1.0/TP≥60,269,254,235,19,92.52,0.17,-3.42,3.77,0.439,0.571,14
2026-05,pitcher_strikeouts,OVER,"[-500,-300]",HR≥75/EDG≥-/CV≤0.5/μ≥1.0/TP≥65,269,254,235,19,92.52,0.17,-3.42,3.77,0.439,0.571,14
2026-05,pitcher_strikeouts,OVER,"[-500,-300]",HR≥75/EDG≥-/CV≤0.45/μ≥-/TP≥-,257,240,219,21,91.25,-0.08,-4.11,3.95,-0.191,0.571,14
2026-05,pitcher_strikeouts,OVER,"[-500,-300]",HR≥75/EDG≥-/CV≤0.45/μ≥-/TP≥50,254,237,217,20,91.56,0.16,-3.82,4.15,0.387,0.571,14
2026-05,pitcher_strikeouts,OVER,"[-500,-300]",HR≥75/EDG≥-/CV≤0.45/μ≥-/TP≥55,252,235,215,20,91.49,-0.01,-4.02,4.01,-0.017,0.571,14
2026-05,pitcher_strikeouts,OVER,"[-500,-300]",HR≥75/EDG≥-/CV≤0.45/μ≥-/TP≥60,250,233,214,19,91.85,0.32,-3.63,4.27,0.745,0.643,14
2026-05,pitcher_strikeouts,OVER,"[-500,-300]",HR≥75/EDG≥-/CV≤0.45/μ≥-/TP≥65,243,227,210,17,92.51,0.88,-2.97,4.73,1.99,0.714,14
2026-05,pitcher_strikeouts,OVER,"[-500,-300]",HR≥75/EDG≥-/CV≤0.45/μ≥0.0/TP≥-,253,236,217,19,91.95,0.59,-3.33,4.5,1.387,0.571,14
2026-05,pitcher_strikeouts,OVER,"[-500,-300]",HR≥75/EDG≥-/CV≤0.45/μ≥0.0/TP≥50,253,236,217,19,91.95,0.59,-3.33,4.5,1.387,0.571,14
2026-05,pitcher_strikeouts,OVER,"[-500,-300]",HR≥75/EDG≥-/CV≤0.45/μ≥0.0/TP≥55,251,234,215,19,91.88,0.42,-3.52,4.36,0.983,0.571,14
2026-05,pitcher_strikeouts,OVER,"[-500,-300]",HR≥75/EDG≥-/CV≤0.45/μ≥0.0/TP≥60,249,232,214,18,92.24,0.75,-3.13,4.63,1.745,0.643,14
2026-05,pitcher_strikeouts,OVER,"[-500,-300]",HR≥75/EDG≥-/CV≤0.45/μ≥0.0/TP≥65,242,226,210,16,92.92,1.32,-2.44,5.09,2.99,0.714,14
2026-05,pitcher_strikeouts,OVER,"[-500,-300]",HR≥75/EDG≥-/CV≤0.45/μ≥0.5/TP≥-,244,227,210,17,92.51,0.73,-3.11,4.57,1.658,0.714,14
2026-05,pitcher_strikeouts,OVER,"[-500,-300]",HR≥75/EDG≥-/CV≤0.45/μ≥0.5/TP≥50,244,227,210,17,92.51,0.73,-3.11,4.57,1.658,0.714,14
2026-05,pitcher_strikeouts,OVER,"[-500,-300]",HR≥75/EDG≥-/CV≤0.45/μ≥0.5/TP≥55,244,227,210,17,92.51,0.73,-3.11,4.57,1.658,0.714,14
2026-05,pitcher_strikeouts,OVER,"[-500,-300]",HR≥75/EDG≥-/CV≤0.45/μ≥0.5/TP≥60,244,227,210,17,92.51,0.73,-3.11,4.57,1.658,0.714,14
2026-05,pitcher_strikeouts,OVER,"[-500,-300]",HR≥75/EDG≥-/CV≤0.45/μ≥0.5/TP≥65,239,223,208,15,93.27,1.57,-2.13,5.27,3.504,0.786,14
2026-05,pitcher_strikeouts,OVER,"[-500,-300]",HR≥75/EDG≥-/CV≤0.45/μ≥1.0/TP≥-,222,208,194,14,93.27,1.08,-2.72,4.88,2.251,0.643,14
2026-05,pitcher_strikeouts,OVER,"[-500,-300]",HR≥75/EDG≥-/CV≤0.45/μ≥1.0/TP≥50,222,208,194,14,93.27,1.08,-2.72,4.88,2.251,0.643,14
2026-05,pitcher_strikeouts,OVER,"[-500,-300]",HR≥75/EDG≥-/CV≤0.45/μ≥1.0/TP≥55,222,208,194,14,93.27,1.08,-2.72,4.88,2.251,0.643,14
2026-05,pitcher_strikeouts,OVER,"[-500,-300]",HR≥75/EDG≥-/CV≤0.45/μ≥1.0/TP≥60,222,208,194,14,93.27,1.08,-2.72,4.88,2.251,0.643,14
2026-05,pitcher_strikeouts,OVER,"[-500,-300]",HR≥75/EDG≥-/CV≤0.45/μ≥1.0/TP≥65,222,208,194,14,93.27,1.08,-2.72,4.88,2.251,0.643,14
2026-05,pitcher_strikeouts,OVER,"[-500,-300]",HR≥75/EDG≥-/CV≤0.4/μ≥-/TP≥-,175,163,148,15,90.8,-0.11,-5.14,4.93,-0.172,0.714,14
2026-05,pitcher_strikeouts,OVER,"[-500,-300]",HR≥75/EDG≥-/CV≤0.4/μ≥-/TP≥50,172,160,146,14,91.25,0.25,-4.71,5.22,0.406,0.714,14
2026-05,pitcher_strikeouts,OVER,"[-500,-300]",HR≥75/EDG≥-/CV≤0.4/μ≥-/TP≥55,170,158,144,14,91.14,0.0,-5.01,5.02,0.002,0.714,14
2026-05,pitcher_strikeouts,OVER,"[-500,-300]",HR≥75/EDG≥-/CV≤0.4/μ≥-/TP≥60,168,156,143,13,91.67,0.49,-4.42,5.4,0.764,0.714,14
2026-05,pitcher_strikeouts,OVER,"[-500,-300]",HR≥75/EDG≥-/CV≤0.4/μ≥-/TP≥65,164,152,141,11,92.76,1.42,-3.24,6.08,2.164,0.714,14
2026-05,pitcher_strikeouts,OVER,"[-500,-300]",HR≥75/EDG≥-/CV≤0.4/μ≥0.0/TP≥-,171,159,146,13,91.82,0.88,-3.96,5.72,1.406,0.714,14
2026-05,pitcher_strikeouts,OVER,"[-500,-300]",HR≥75/EDG≥-/CV≤0.4/μ≥0.0/TP≥50,171,159,146,13,91.82,0.88,-3.96,5.72,1.406,0.714,14
2026-05,pitcher_strikeouts,OVER,"[-500,-300]",HR≥75/EDG≥-/CV≤0.4/μ≥0.0/TP≥55,169,157,144,13,91.72,0.64,-4.25,5.53,1.002,0.714,14
2026-05,pitcher_strikeouts,OVER,"[-500,-300]",HR≥75/EDG≥-/CV≤0.4/μ≥0.0/TP≥60,167,155,143,12,92.26,1.14,-3.64,5.91,1.764,0.714,14
2026-05,pitcher_strikeouts,OVER,"[-500,-300]",HR≥75/EDG≥-/CV≤0.4/μ≥0.0/TP≥65,163,151,141,10,93.38,2.1,-2.4,6.59,3.164,0.714,14
2026-05,pitcher_strikeouts,OVER,"[-500,-300]",HR≥75/EDG≥-/CV≤0.4/μ≥0.5/TP≥-,162,150,139,11,92.67,1.12,-3.58,5.82,1.677,0.714,14
2026-05,pitcher_strikeouts,OVER,"[-500,-300]",HR≥75/EDG≥-/CV≤0.4/μ≥0.5/TP≥50,162,150,139,11,92.67,1.12,-3.58,5.82,1.677,0.714,14
2026-05,pitcher_strikeouts,OVER,"[-500,-300]",HR≥75/EDG≥-/CV≤0.4/μ≥0.5/TP≥55,162,150,139,11,92.67,1.12,-3.58,5.82,1.677,0.714,14
2026-05,pitcher_strikeouts,OVER,"[-500,-300]",HR≥75/EDG≥-/CV≤0.4/μ≥0.5/TP≥60,162,150,139,11,92.67,1.12,-3.58,5.82,1.677,0.714,14
2026-05,pitcher_strikeouts,OVER,"[-500,-300]",HR≥75/EDG≥-/CV≤0.4/μ≥0.5/TP≥65,160,148,139,9,93.92,2.48,-1.88,6.85,3.677,0.714,14
2026-05,pitcher_strikeouts,OVER,"[-500,-300]",HR≥75/EDG≥-/CV≤0.4/μ≥1.0/TP≥-,147,137,129,8,94.16,2.23,-2.18,6.65,3.062,0.714,14
2026-05,pitcher_strikeouts,OVER,"[-500,-300]",HR≥75/EDG≥-/CV≤0.4/μ≥1.0/TP≥50,147,137,129,8,94.16,2.23,-2.18,6.65,3.062,0.714,14
2026-05,pitcher_strikeouts,OVER,"[-500,-300]",HR≥75/EDG≥-/CV≤0.4/μ≥1.0/TP≥55,147,137,129,8,94.16,2.23,-2.18,6.65,3.062,0.714,14
2026-05,pitcher_strikeouts,OVER,"[-500,-300]",HR≥75/EDG≥-/CV≤0.4/μ≥1.0/TP≥60,147,137,129,8,94.16,2.23,-2.18,6.65,3.062,0.714,14
2026-05,pitcher_strikeouts,OVER,"[-500,-300]",HR≥75/EDG≥-/CV≤0.4/μ≥1.0/TP≥65,147,137,129,8,94.16,2.23,-2.18,6.65,3.062,0.714,14
2026-05,pitcher_strikeouts,OVER,"[-500,-300]",HR≥75/EDG≥-5.0/CV≤-/μ≥-/TP≥-,169,158,151,7,95.57,4.51,0.81,8.2,7.119,0.786,14
2026-05,pitcher_strikeouts,OVER,"[-500,-300]",HR≥75/EDG≥-5.0/CV≤-/μ≥-/TP≥50,169,158,151,7,95.57,4.51,0.81,8.2,7.119,0.786,14
2026-05,pitcher_strikeouts,OVER,"[-500,-300]",HR≥75/EDG≥-5.0/CV≤-/μ≥-/TP≥55,169,158,151,7,95.57,4.51,0.81,8.2,7.119,0.786,14
2026-05,pitcher_strikeouts,OVER,"[-500,-300]",HR≥75/EDG≥-5.0/CV≤-/μ≥-/TP≥60,169,158,151,7,95.57,4.51,0.81,8.2,7.119,0.786,14
2026-05,pitcher_strikeouts,OVER,"[-500,-300]",HR≥75/EDG≥-5.0/CV≤-/μ≥-/TP≥65,169,158,151,7,95.57,4.51,0.81,8.2,7.119,0.786,14
2026-05,pitcher_strikeouts,OVER,"[-500,-300]",HR≥75/EDG≥-5.0/CV≤-/μ≥0.0/TP≥-,169,158,151,7,95.57,4.51,0.81,8.2,7.119,0.786,14
2026-05,pitcher_strikeouts,OVER,"[-500,-300]",HR≥75/EDG≥-5.0/CV≤-/μ≥0.0/TP≥50,169,158,151,7,95.57,4.51,0.81,8.2,7.119,0.786,14
2026-05,pitcher_strikeouts,OVER,"[-500,-300]",HR≥75/EDG≥-5.0/CV≤-/μ≥0.0/TP≥55,169,158,151,7,95.57,4.51,0.81,8.2,7.119,0.786,14
2026-05,pitcher_strikeouts,OVER,"[-500,-300]",HR≥75/EDG≥-5.0/CV≤-/μ≥0.0/TP≥60,169,158,151,7,95.57,4.51,0.81,8.2,7.119,0.786,14
2026-05,pitcher_strikeouts,OVER,"[-500,-300]",HR≥75/EDG≥-5.0/CV≤-/μ≥0.0/TP≥65,169,158,151,7,95.57,4.51,0.81,8.2,7.119,0.786,14
2026-05,pitcher_strikeouts,OVER,"[-500,-300]",HR≥75/EDG≥-5.0/CV≤-/μ≥0.5/TP≥-,169,158,151,7,95.57,4.51,0.81,8.2,7.119,0.786,14
2026-05,pitcher_strikeouts,OVER,"[-500,-300]",HR≥75/EDG≥-5.0/CV≤-/μ≥0.5/TP≥50,169,158,151,7,95.57,4.51,0.81,8.2,7.119,0.786,14
2026-05,pitcher_strikeouts,OVER,"[-500,-300]",HR≥75/EDG≥-5.0/CV≤-/μ≥0.5/TP≥55,169,158,151,7,95.57,4.51,0.81,8.2,7.119,0.786,14
2026-05,pitcher_strikeouts,OVER,"[-500,-300]",HR≥75/EDG≥-5.0/CV≤-/μ≥0.5/TP≥60,169,158,151,7,95.57,4.51,0.81,8.2,7.119,0.786,14
2026-05,pitcher_strikeouts,OVER,"[-500,-300]",HR≥75/EDG≥-5.0/CV≤-/μ≥0.5/TP≥65,169,158,151,7,95.57,4.51,0.81,8.2,7.119,0.786,14
2026-05,pitcher_strikeouts,OVER,"[-500,-300]",HR≥75/EDG≥-5.0/CV≤-/μ≥1.0/TP≥-,166,156,149,7,95.51,4.2,0.48,7.92,6.554,0.786,14
2026-05,pitcher_strikeouts,OVER,"[-500,-300]",HR≥75/EDG≥-5.0/CV≤-/μ≥1.0/TP≥50,166,156,149,7,95.51,4.2,0.48,7.92,6.554,0.786,14
2026-05,pitcher_strikeouts,OVER,"[-500,-300]",HR≥75/EDG≥-5.0/CV≤-/μ≥1.0/TP≥55,166,156,149,7,95.51,4.2,0.48,7.92,6.554,0.786,14
2026-05,pitcher_strikeouts,OVER,"[-500,-300]",HR≥75/EDG≥-5.0/CV≤-/μ≥1.0/TP≥60,166,156,149,7,95.51,4.2,0.48,7.92,6.554,0.786,14
2026-05,pitcher_strikeouts,OVER,"[-500,-300]",HR≥75/EDG≥-5.0/CV≤-/μ≥1.0/TP≥65,166,156,149,7,95.51,4.2,0.48,7.92,6.554,0.786,14
2026-05,pitcher_strikeouts,OVER,"[-500,-300]",HR≥75/EDG≥-5.0/CV≤0.7/μ≥-/TP≥-,169,158,151,7,95.57,4.51,0.81,8.2,7.119,0.786,14
2026-05,pitcher_strikeouts,OVER,"[-500,-300]",HR≥75/EDG≥-5.0/CV≤0.7/μ≥-/TP≥50,169,158,151,7,95.57,4.51,0.81,8.2,7.119,0.786,14
2026-05,pitcher_strikeouts,OVER,"[-500,-300]",HR≥75/EDG≥-5.0/CV≤0.7/μ≥-/TP≥55,169,158,151,7,95.57,4.51,0.81,8.2,7.119,0.786,14
2026-05,pitcher_strikeouts,OVER,"[-500,-300]",HR≥75/EDG≥-5.0/CV≤0.7/μ≥-/TP≥60,169,158,151,7,95.57,4.51,0.81,8.2,7.119,0.786,14
2026-05,pitcher_strikeouts,OVER,"[-500,-300]",HR≥75/EDG≥-5.0/CV≤0.7/μ≥-/TP≥65,169,158,151,7,95.57,4.51,0.81,8.2,7.119,0.786,14
2026-05,pitcher_strikeouts,OVER,"[-500,-300]",HR≥75/EDG≥-5.0/CV≤0.7/μ≥0.0/TP≥-,169,158,151,7,95.57,4.51,0.81,8.2,7.119,0.786,14
2026-05,pitcher_strikeouts,OVER,"[-500,-300]",HR≥75/EDG≥-5.0/CV≤0.7/μ≥0.0/TP≥50,169,158,151,7,95.57,4.51,0.81,8.2,7.119,0.786,14
2026-05,pitcher_strikeouts,OVER,"[-500,-300]",HR≥75/EDG≥-5.0/CV≤0.7/μ≥0.0/TP≥55,169,158,151,7,95.57,4.51,0.81,8.2,7.119,0.786,14
2026-05,pitcher_strikeouts,OVER,"[-500,-300]",HR≥75/EDG≥-5.0/CV≤0.7/μ≥0.0/TP≥60,169,158,151,7,95.57,4.51,0.81,8.2,7.119,0.786,14
2026-05,pitcher_strikeouts,OVER,"[-500,-300]",HR≥75/EDG≥-5.0/CV≤0.7/μ≥0.0/TP≥65,169,158,151,7,95.57,4.51,0.81,8.2,7.119,0.786,14
2026-05,pitcher_strikeouts,OVER,"[-500,-300]",HR≥75/EDG≥-5.0/CV≤0.7/μ≥0.5/TP≥-,169,158,151,7,95.57,4.51,0.81,8.2,7.119,0.786,14
2026-05,pitcher_strikeouts,OVER,"[-500,-300]",HR≥75/EDG≥-5.0/CV≤0.7/μ≥0.5/TP≥50,169,158,151,7,95.57,4.51,0.81,8.2,7.119,0.786,14
2026-05,pitcher_strikeouts,OVER,"[-500,-300]",HR≥75/EDG≥-5.0/CV≤0.7/μ≥0.5/TP≥55,169,158,151,7,95.57,4.51,0.81,8.2,7.119,0.786,14
2026-05,pitcher_strikeouts,OVER,"[-500,-300]",HR≥75/EDG≥-5.0/CV≤0.7/μ≥0.5/TP≥60,169,158,151,7,95.57,4.51,0.81,8.2,7.119,0.786,14
2026-05,pitcher_strikeouts,OVER,"[-500,-300]",HR≥75/EDG≥-5.0/CV≤0.7/μ≥0.5/TP≥65,169,158,151,7,95.57,4.51,0.81,8.2,7.119,0.786,14
2026-05,pitcher_strikeouts,OVER,"[-500,-300]",HR≥75/EDG≥-5.0/CV≤0.7/μ≥1.0/TP≥-,166,156,149,7,95.51,4.2,0.48,7.92,6.554,0.786,14
2026-05,pitcher_strikeouts,OVER,"[-500,-300]",HR≥75/EDG≥-5.0/CV≤0.7/μ≥1.0/TP≥50,166,156,149,7,95.51,4.2,0.48,7.92,6.554,0.786,14
2026-05,pitcher_strikeouts,OVER,"[-500,-300]",HR≥75/EDG≥-5.0/CV≤0.7/μ≥1.0/TP≥55,166,156,149,7,95.51,4.2,0.48,7.92,6.554,0.786,14
2026-05,pitcher_strikeouts,OVER,"[-500,-300]",HR≥75/EDG≥-5.0/CV≤0.7/μ≥1.0/TP≥60,166,156,149,7,95.51,4.2,0.48,7.92,6.554,0.786,14
2026-05,pitcher_strikeouts,OVER,"[-500,-300]",HR≥75/EDG≥-5.0/CV≤0.7/μ≥1.0/TP≥65,166,156,149,7,95.51,4.2,0.48,7.92,6.554,0.786,14
2026-05,pitcher_strikeouts,OVER,"[-500,-300]",HR≥75/EDG≥-5.0/CV≤0.6/μ≥-/TP≥-,166,155,148,7,95.48,4.33,0.56,8.09,6.709,0.786,14
2026-05,pitcher_strikeouts,OVER,"[-500,-300]",HR≥75/EDG≥-5.0/CV≤0.6/μ≥-/TP≥50,166,155,148,7,95.48,4.33,0.56,8.09,6.709,0.786,14
2026-05,pitcher_strikeouts,OVER,"[-500,-300]",HR≥75/EDG≥-5.0/CV≤0.6/μ≥-/TP≥55,166,155,148,7,95.48,4.33,0.56,8.09,6.709,0.786,14
2026-05,pitcher_strikeouts,OVER,"[-500,-300]",HR≥75/EDG≥-5.0/CV≤0.6/μ≥-/TP≥60,166,155,148,7,95.48,4.33,0.56,8.09,6.709,0.786,14
2026-05,pitcher_strikeouts,OVER,"[-500,-300]",HR≥75/EDG≥-5.0/CV≤0.6/μ≥-/TP≥65,166,155,148,7,95.48,4.33,0.56,8.09,6.709,0.786,14
2026-05,pitcher_strikeouts,OVER,"[-500,-300]",HR≥75/EDG≥-5.0/CV≤0.6/μ≥0.0/TP≥-,166,155,148,7,95.48,4.33,0.56,8.09,6.709,0.786,14
2026-05,pitcher_strikeouts,OVER,"[-500,-300]",HR≥75/EDG≥-5.0/CV≤0.6/μ≥0.0/TP≥50,166,155,148,7,95.48,4.33,0.56,8.09,6.709,0.786,14
2026-05,pitcher_strikeouts,OVER,"[-500,-300]",HR≥75/EDG≥-5.0/CV≤0.6/μ≥0.0/TP≥55,166,155,148,7,95.48,4.33,0.56,8.09,6.709,0.786,14
2026-05,pitcher_strikeouts,OVER,"[-500,-300]",HR≥75/EDG≥-5.0/CV≤0.6/μ≥0.0/TP≥60,166,155,148,7,95.48,4.33,0.56,8.09,6.709,0.786,14
2026-05,pitcher_strikeouts,OVER,"[-500,-300]",HR≥75/EDG≥-5.0/CV≤0.6/μ≥0.0/TP≥65,166,155,148,7,95.48,4.33,0.56,8.09,6.709,0.786,14
2026-05,pitcher_strikeouts,OVER,"[-500,-300]",HR≥75/EDG≥-5.0/CV≤0.6/μ≥0.5/TP≥-,166,155,148,7,95.48,4.33,0.56,8.09,6.709,0.786,14
2026-05,pitcher_strikeouts,OVER,"[-500,-300]",HR≥75/EDG≥-5.0/CV≤0.6/μ≥0.5/TP≥50,166,155,148,7,95.48,4.33,0.56,8.09,6.709,0.786,14
2026-05,pitcher_strikeouts,OVER,"[-500,-300]",HR≥75/EDG≥-5.0/CV≤0.6/μ≥0.5/TP≥55,166,155,148,7,95.48,4.33,0.56,8.09,6.709,0.786,14
2026-05,pitcher_strikeouts,OVER,"[-500,-300]",HR≥75/EDG≥-5.0/CV≤0.6/μ≥0.5/TP≥60,166,155,148,7,95.48,4.33,0.56,8.09,6.709,0.786,14
2026-05,pitcher_strikeouts,OVER,"[-500,-300]",HR≥75/EDG≥-5.0/CV≤0.6/μ≥0.5/TP≥65,166,155,148,7,95.48,4.33,0.56,8.09,6.709,0.786,14
2026-05,pitcher_strikeouts,OVER,"[-500,-300]",HR≥75/EDG≥-5.0/CV≤0.6/μ≥1.0/TP≥-,163,153,146,7,95.42,4.02,0.23,7.8,6.144,0.786,14
2026-05,pitcher_strikeouts,OVER,"[-500,-300]",HR≥75/EDG≥-5.0/CV≤0.6/μ≥1.0/TP≥50,163,153,146,7,95.42,4.02,0.23,7.8,6.144,0.786,14
2026-05,pitcher_strikeouts,OVER,"[-500,-300]",HR≥75/EDG≥-5.0/CV≤0.6/μ≥1.0/TP≥55,163,153,146,7,95.42,4.02,0.23,7.8,6.144,0.786,14
2026-05,pitcher_strikeouts,OVER,"[-500,-300]",HR≥75/EDG≥-5.0/CV≤0.6/μ≥1.0/TP≥60,163,153,146,7,95.42,4.02,0.23,7.8,6.144,0.786,14
2026-05,pitcher_strikeouts,OVER,"[-500,-300]",HR≥75/EDG≥-5.0/CV≤0.6/μ≥1.0/TP≥65,163,153,146,7,95.42,4.02,0.23,7.8,6.144,0.786,14
2026-05,pitcher_strikeouts,OVER,"[-500,-300]",HR≥75/EDG≥-5.0/CV≤0.5/μ≥-/TP≥-,151,140,133,7,95.0,3.9,-0.24,8.05,5.466,0.714,14
2026-05,pitcher_strikeouts,OVER,"[-500,-300]",HR≥75/EDG≥-5.0/CV≤0.5/μ≥-/TP≥50,151,140,133,7,95.0,3.9,-0.24,8.05,5.466,0.714,14
2026-05,pitcher_strikeouts,OVER,"[-500,-300]",HR≥75/EDG≥-5.0/CV≤0.5/μ≥-/TP≥55,151,140,133,7,95.0,3.9,-0.24,8.05,5.466,0.714,14
2026-05,pitcher_strikeouts,OVER,"[-500,-300]",HR≥75/EDG≥-5.0/CV≤0.5/μ≥-/TP≥60,151,140,133,7,95.0,3.9,-0.24,8.05,5.466,0.714,14
2026-05,pitcher_strikeouts,OVER,"[-500,-300]",HR≥75/EDG≥-5.0/CV≤0.5/μ≥-/TP≥65,151,140,133,7,95.0,3.9,-0.24,8.05,5.466,0.714,14
2026-05,pitcher_strikeouts,OVER,"[-500,-300]",HR≥75/EDG≥-5.0/CV≤0.5/μ≥0.0/TP≥-,151,140,133,7,95.0,3.9,-0.24,8.05,5.466,0.714,14
2026-05,pitcher_strikeouts,OVER,"[-500,-300]",HR≥75/EDG≥-5.0/CV≤0.5/μ≥0.0/TP≥50,151,140,133,7,95.0,3.9,-0.24,8.05,5.466,0.714,14
2026-05,pitcher_strikeouts,OVER,"[-500,-300]",HR≥75/EDG≥-5.0/CV≤0.5/μ≥0.0/TP≥55,151,140,133,7,95.0,3.9,-0.24,8.05,5.466,0.714,14
2026-05,pitcher_strikeouts,OVER,"[-500,-300]",HR≥75/EDG≥-5.0/CV≤0.5/μ≥0.0/TP≥60,151,140,133,7,95.0,3.9,-0.24,8.05,5.466,0.714,14
2026-05,pitcher_strikeouts,OVER,"[-500,-300]",HR≥75/EDG≥-5.0/CV≤0.5/μ≥0.0/TP≥65,151,140,133,7,95.0,3.9,-0.24,8.05,5.466,0.714,14
2026-05,pitcher_strikeouts,OVER,"[-500,-300]",HR≥75/EDG≥-5.0/CV≤0.5/μ≥0.5/TP≥-,151,140,133,7,95.0,3.9,-0.24,8.05,5.466,0.714,14
2026-05,pitcher_strikeouts,OVER,"[-500,-300]",HR≥75/EDG≥-5.0/CV≤0.5/μ≥0.5/TP≥50,151,140,133,7,95.0,3.9,-0.24,8.05,5.466,0.714,14
2026-05,pitcher_strikeouts,OVER,"[-500,-300]",HR≥75/EDG≥-5.0/CV≤0.5/μ≥0.5/TP≥55,151,140,133,7,95.0,3.9,-0.24,8.05,5.466,0.714,14
2026-05,pitcher_strikeouts,OVER,"[-500,-300]",HR≥75/EDG≥-5.0/CV≤0.5/μ≥0.5/TP≥60,151,140,133,7,95.0,3.9,-0.24,8.05,5.466,0.714,14
2026-05,pitcher_strikeouts,OVER,"[-500,-300]",HR≥75/EDG≥-5.0/CV≤0.5/μ≥0.5/TP≥65,151,140,133,7,95.0,3.9,-0.24,8.05,5.466,0.714,14
2026-05,pitcher_strikeouts,OVER,"[-500,-300]",HR≥75/EDG≥-5.0/CV≤0.5/μ≥1.0/TP≥-,148,138,131,7,94.93,3.55,-0.63,7.73,4.901,0.714,14
2026-05,pitcher_strikeouts,OVER,"[-500,-300]",HR≥75/EDG≥-5.0/CV≤0.5/μ≥1.0/TP≥50,148,138,131,7,94.93,3.55,-0.63,7.73,4.901,0.714,14
2026-05,pitcher_strikeouts,OVER,"[-500,-300]",HR≥75/EDG≥-5.0/CV≤0.5/μ≥1.0/TP≥55,148,138,131,7,94.93,3.55,-0.63,7.73,4.901,0.714,14
2026-05,pitcher_strikeouts,OVER,"[-500,-300]",HR≥75/EDG≥-5.0/CV≤0.5/μ≥1.0/TP≥60,148,138,131,7,94.93,3.55,-0.63,7.73,4.901,0.714,14
2026-05,pitcher_strikeouts,OVER,"[-500,-300]",HR≥75/EDG≥-5.0/CV≤0.5/μ≥1.0/TP≥65,148,138,131,7,94.93,3.55,-0.63,7.73,4.901,0.714,14
2026-05,pitcher_strikeouts,OVER,"[-500,-300]",HR≥75/EDG≥-5.0/CV≤0.45/μ≥-/TP≥-,132,121,117,4,96.69,5.95,2.19,9.71,7.201,0.786,14
2026-05,pitcher_strikeouts,OVER,"[-500,-300]",HR≥75/EDG≥-5.0/CV≤0.45/μ≥-/TP≥50,132,121,117,4,96.69,5.95,2.19,9.71,7.201,0.786,14
2026-05,pitcher_strikeouts,OVER,"[-500,-300]",HR≥75/EDG≥-5.0/CV≤0.45/μ≥-/TP≥55,132,121,117,4,96.69,5.95,2.19,9.71,7.201,0.786,14
2026-05,pitcher_strikeouts,OVER,"[-500,-300]",HR≥75/EDG≥-5.0/CV≤0.45/μ≥-/TP≥60,132,121,117,4,96.69,5.95,2.19,9.71,7.201,0.786,14
2026-05,pitcher_strikeouts,OVER,"[-500,-300]",HR≥75/EDG≥-5.0/CV≤0.45/μ≥-/TP≥65,132,121,117,4,96.69,5.95,2.19,9.71,7.201,0.786,14
2026-05,pitcher_strikeouts,OVER,"[-500,-300]",HR≥75/EDG≥-5.0/CV≤0.45/μ≥0.0/TP≥-,132,121,117,4,96.69,5.95,2.19,9.71,7.201,0.786,14
2026-05,pitcher_strikeouts,OVER,"[-500,-300]",HR≥75/EDG≥-5.0/CV≤0.45/μ≥0.0/TP≥50,132,121,117,4,96.69,5.95,2.19,9.71,7.201,0.786,14
2026-05,pitcher_strikeouts,OVER,"[-500,-300]",HR≥75/EDG≥-5.0/CV≤0.45/μ≥0.0/TP≥55,132,121,117,4,96.69,5.95,2.19,9.71,7.201,0.786,14
2026-05,pitcher_strikeouts,OVER,"[-500,-300]",HR≥75/EDG≥-5.0/CV≤0.45/μ≥0.0/TP≥60,132,121,117,4,96.69,5.95,2.19,9.71,7.201,0.786,14
2026-05,pitcher_strikeouts,OVER,"[-500,-300]",HR≥75/EDG≥-5.0/CV≤0.45/μ≥0.0/TP≥65,132,121,117,4,96.69,5.95,2.19,9.71,7.201,0.786,14
2026-05,pitcher_strikeouts,OVER,"[-500,-300]",HR≥75/EDG≥-5.0/CV≤0.45/μ≥0.5/TP≥-,132,121,117,4,96.69,5.95,2.19,9.71,7.201,0.786,14
2026-05,pitcher_strikeouts,OVER,"[-500,-300]",HR≥75/EDG≥-5.0/CV≤0.45/μ≥0.5/TP≥50,132,121,117,4,96.69,5.95,2.19,9.71,7.201,0.786,14
2026-05,pitcher_strikeouts,OVER,"[-500,-300]",HR≥75/EDG≥-5.0/CV≤0.45/μ≥0.5/TP≥55,132,121,117,4,96.69,5.95,2.19,9.71,7.201,0.786,14
2026-05,pitcher_strikeouts,OVER,"[-500,-300]",HR≥75/EDG≥-5.0/CV≤0.45/μ≥0.5/TP≥60,132,121,117,4,96.69,5.95,2.19,9.71,7.201,0.786,14
2026-05,pitcher_strikeouts,OVER,"[-500,-300]",HR≥75/EDG≥-5.0/CV≤0.45/μ≥0.5/TP≥65,132,121,117,4,96.69,5.95,2.19,9.71,7.201,0.786,14
2026-05,pitcher_strikeouts,OVER,"[-500,-300]",HR≥75/EDG≥-5.0/CV≤0.45/μ≥1.0/TP≥-,129,119,115,4,96.64,5.58,1.79,9.36,6.636,0.786,14
2026-05,pitcher_strikeouts,OVER,"[-500,-300]",HR≥75/EDG≥-5.0/CV≤0.45/μ≥1.0/TP≥50,129,119,115,4,96.64,5.58,1.79,9.36,6.636,0.786,14
2026-05,pitcher_strikeouts,OVER,"[-500,-300]",HR≥75/EDG≥-5.0/CV≤0.45/μ≥1.0/TP≥55,129,119,115,4,96.64,5.58,1.79,9.36,6.636,0.786,14
2026-05,pitcher_strikeouts,OVER,"[-500,-300]",HR≥75/EDG≥-5.0/CV≤0.45/μ≥1.0/TP≥60,129,119,115,4,96.64,5.58,1.79,9.36,6.636,0.786,14
2026-05,pitcher_strikeouts,OVER,"[-500,-300]",HR≥75/EDG≥-5.0/CV≤0.45/μ≥1.0/TP≥65,129,119,115,4,96.64,5.58,1.79,9.36,6.636,0.786,14
2026-05,pitcher_strikeouts,OVER,"[-500,-300]",HR≥75/EDG≥-5.0/CV≤0.4/μ≥-/TP≥-,97,87,85,2,97.7,7.38,3.51,11.24,6.416,0.846,13
2026-05,pitcher_strikeouts,OVER,"[-500,-300]",HR≥75/EDG≥-5.0/CV≤0.4/μ≥-/TP≥50,97,87,85,2,97.7,7.38,3.51,11.24,6.416,0.846,13
2026-05,pitcher_strikeouts,OVER,"[-500,-300]",HR≥75/EDG≥-5.0/CV≤0.4/μ≥-/TP≥55,97,87,85,2,97.7,7.38,3.51,11.24,6.416,0.846,13
2026-05,pitcher_strikeouts,OVER,"[-500,-300]",HR≥75/EDG≥-5.0/CV≤0.4/μ≥-/TP≥60,97,87,85,2,97.7,7.38,3.51,11.24,6.416,0.846,13
2026-05,pitcher_strikeouts,OVER,"[-500,-300]",HR≥75/EDG≥-5.0/CV≤0.4/μ≥-/TP≥65,97,87,85,2,97.7,7.38,3.51,11.24,6.416,0.846,13
2026-05,pitcher_strikeouts,OVER,"[-500,-300]",HR≥75/EDG≥-5.0/CV≤0.4/μ≥0.0/TP≥-,97,87,85,2,97.7,7.38,3.51,11.24,6.416,0.846,13
2026-05,pitcher_strikeouts,OVER,"[-500,-300]",HR≥75/EDG≥-5.0/CV≤0.4/μ≥0.0/TP≥50,97,87,85,2,97.7,7.38,3.51,11.24,6.416,0.846,13
2026-05,pitcher_strikeouts,OVER,"[-500,-300]",HR≥75/EDG≥-5.0/CV≤0.4/μ≥0.0/TP≥55,97,87,85,2,97.7,7.38,3.51,11.24,6.416,0.846,13
2026-05,pitcher_strikeouts,OVER,"[-500,-300]",HR≥75/EDG≥-5.0/CV≤0.4/μ≥0.0/TP≥60,97,87,85,2,97.7,7.38,3.51,11.24,6.416,0.846,13
2026-05,pitcher_strikeouts,OVER,"[-500,-300]",HR≥75/EDG≥-5.0/CV≤0.4/μ≥0.0/TP≥65,97,87,85,2,97.7,7.38,3.51,11.24,6.416,0.846,13
2026-05,pitcher_strikeouts,OVER,"[-500,-300]",HR≥75/EDG≥-5.0/CV≤0.4/μ≥0.5/TP≥-,97,87,85,2,97.7,7.38,3.51,11.24,6.416,0.846,13
2026-05,pitcher_strikeouts,OVER,"[-500,-300]",HR≥75/EDG≥-5.0/CV≤0.4/μ≥0.5/TP≥50,97,87,85,2,97.7,7.38,3.51,11.24,6.416,0.846,13
2026-05,pitcher_strikeouts,OVER,"[-500,-300]",HR≥75/EDG≥-5.0/CV≤0.4/μ≥0.5/TP≥55,97,87,85,2,97.7,7.38,3.51,11.24,6.416,0.846,13
2026-05,pitcher_strikeouts,OVER,"[-500,-300]",HR≥75/EDG≥-5.0/CV≤0.4/μ≥0.5/TP≥60,97,87,85,2,97.7,7.38,3.51,11.24,6.416,0.846,13
2026-05,pitcher_strikeouts,OVER,"[-500,-300]",HR≥75/EDG≥-5.0/CV≤0.4/μ≥0.5/TP≥65,97,87,85,2,97.7,7.38,3.51,11.24,6.416,0.846,13
2026-05,pitcher_strikeouts,OVER,"[-500,-300]",HR≥75/EDG≥-5.0/CV≤0.4/μ≥1.0/TP≥-,94,85,83,2,97.65,6.88,3.0,10.77,5.852,0.846,13
2026-05,pitcher_strikeouts,OVER,"[-500,-300]",HR≥75/EDG≥-5.0/CV≤0.4/μ≥1.0/TP≥50,94,85,83,2,97.65,6.88,3.0,10.77,5.852,0.846,13
2026-05,pitcher_strikeouts,OVER,"[-500,-300]",HR≥75/EDG≥-5.0/CV≤0.4/μ≥1.0/TP≥55,94,85,83,2,97.65,6.88,3.0,10.77,5.852,0.846,13
2026-05,pitcher_strikeouts,OVER,"[-500,-300]",HR≥75/EDG≥-5.0/CV≤0.4/μ≥1.0/TP≥60,94,85,83,2,97.65,6.88,3.0,10.77,5.852,0.846,13
2026-05,pitcher_strikeouts,OVER,"[-500,-300]",HR≥75/EDG≥-5.0/CV≤0.4/μ≥1.0/TP≥65,94,85,83,2,97.65,6.88,3.0,10.77,5.852,0.846,13
2026-05,pitcher_strikeouts,OVER,"[-500,-300]",HR≥75/EDG≥0.0/CV≤-/μ≥-/TP≥-,77,69,64,5,92.75,3.86,-3.3,11.03,2.664,0.75,12
2026-05,pitcher_strikeouts,OVER,"[-500,-300]",HR≥75/EDG≥0.0/CV≤-/μ≥-/TP≥50,77,69,64,5,92.75,3.86,-3.3,11.03,2.664,0.75,12
2026-05,pitcher_strikeouts,OVER,"[-500,-300]",HR≥75/EDG≥0.0/CV≤-/μ≥-/TP≥55,77,69,64,5,92.75,3.86,-3.3,11.03,2.664,0.75,12
2026-05,pitcher_strikeouts,OVER,"[-500,-300]",HR≥75/EDG≥0.0/CV≤-/μ≥-/TP≥60,77,69,64,5,92.75,3.86,-3.3,11.03,2.664,0.75,12
2026-05,pitcher_strikeouts,OVER,"[-500,-300]",HR≥75/EDG≥0.0/CV≤-/μ≥-/TP≥65,77,69,64,5,92.75,3.86,-3.3,11.03,2.664,0.75,12
2026-05,pitcher_strikeouts,OVER,"[-500,-300]",HR≥75/EDG≥0.0/CV≤-/μ≥0.0/TP≥-,77,69,64,5,92.75,3.86,-3.3,11.03,2.664,0.75,12
2026-05,pitcher_strikeouts,OVER,"[-500,-300]",HR≥75/EDG≥0.0/CV≤-/μ≥0.0/TP≥50,77,69,64,5,92.75,3.86,-3.3,11.03,2.664,0.75,12
2026-05,pitcher_strikeouts,OVER,"[-500,-300]",HR≥75/EDG≥0.0/CV≤-/μ≥0.0/TP≥55,77,69,64,5,92.75,3.86,-3.3,11.03,2.664,0.75,12
2026-05,pitcher_strikeouts,OVER,"[-500,-300]",HR≥75/EDG≥0.0/CV≤-/μ≥0.0/TP≥60,77,69,64,5,92.75,3.86,-3.3,11.03,2.664,0.75,12
2026-05,pitcher_strikeouts,OVER,"[-500,-300]",HR≥75/EDG≥0.0/CV≤-/μ≥0.0/TP≥65,77,69,64,5,92.75,3.86,-3.3,11.03,2.664,0.75,12
2026-05,pitcher_strikeouts,OVER,"[-500,-300]",HR≥75/EDG≥0.0/CV≤-/μ≥0.5/TP≥-,77,69,64,5,92.75,3.86,-3.3,11.03,2.664,0.75,12
2026-05,pitcher_strikeouts,OVER,"[-500,-300]",HR≥75/EDG≥0.0/CV≤-/μ≥0.5/TP≥50,77,69,64,5,92.75,3.86,-3.3,11.03,2.664,0.75,12
2026-05,pitcher_strikeouts,OVER,"[-500,-300]",HR≥75/EDG≥0.0/CV≤-/μ≥0.5/TP≥55,77,69,64,5,92.75,3.86,-3.3,11.03,2.664,0.75,12
2026-05,pitcher_strikeouts,OVER,"[-500,-300]",HR≥75/EDG≥0.0/CV≤-/μ≥0.5/TP≥60,77,69,64,5,92.75,3.86,-3.3,11.03,2.664,0.75,12
2026-05,pitcher_strikeouts,OVER,"[-500,-300]",HR≥75/EDG≥0.0/CV≤-/μ≥0.5/TP≥65,77,69,64,5,92.75,3.86,-3.3,11.03,2.664,0.75,12
2026-05,pitcher_strikeouts,OVER,"[-500,-300]",HR≥75/EDG≥0.0/CV≤-/μ≥1.0/TP≥-,77,69,64,5,92.75,3.86,-3.3,11.03,2.664,0.75,12
2026-05,pitcher_strikeouts,OVER,"[-500,-300]",HR≥75/EDG≥0.0/CV≤-/μ≥1.0/TP≥50,77,69,64,5,92.75,3.86,-3.3,11.03,2.664,0.75,12
2026-05,pitcher_strikeouts,OVER,"[-500,-300]",HR≥75/EDG≥0.0/CV≤-/μ≥1.0/TP≥55,77,69,64,5,92.75,3.86,-3.3,11.03,2.664,0.75,12
2026-05,pitcher_strikeouts,OVER,"[-500,-300]",HR≥75/EDG≥0.0/CV≤-/μ≥1.0/TP≥60,77,69,64,5,92.75,3.86,-3.3,11.03,2.664,0.75,12
2026-05,pitcher_strikeouts,OVER,"[-500,-300]",HR≥75/EDG≥0.0/CV≤-/μ≥1.0/TP≥65,77,69,64,5,92.75,3.86,-3.3,11.03,2.664,0.75,12
2026-05,pitcher_strikeouts,OVER,"[-500,-300]",HR≥75/EDG≥0.0/CV≤0.7/μ≥-/TP≥-,77,69,64,5,92.75,3.86,-3.3,11.03,2.664,0.75,12
2026-05,pitcher_strikeouts,OVER,"[-500,-300]",HR≥75/EDG≥0.0/CV≤0.7/μ≥-/TP≥50,77,69,64,5,92.75,3.86,-3.3,11.03,2.664,0.75,12
2026-05,pitcher_strikeouts,OVER,"[-500,-300]",HR≥75/EDG≥0.0/CV≤0.7/μ≥-/TP≥55,77,69,64,5,92.75,3.86,-3.3,11.03,2.664,0.75,12
2026-05,pitcher_strikeouts,OVER,"[-500,-300]",HR≥75/EDG≥0.0/CV≤0.7/μ≥-/TP≥60,77,69,64,5,92.75,3.86,-3.3,11.03,2.664,0.75,12
2026-05,pitcher_strikeouts,OVER,"[-500,-300]",HR≥75/EDG≥0.0/CV≤0.7/μ≥-/TP≥65,77,69,64,5,92.75,3.86,-3.3,11.03,2.664,0.75,12
2026-05,pitcher_strikeouts,OVER,"[-500,-300]",HR≥75/EDG≥0.0/CV≤0.7/μ≥0.0/TP≥-,77,69,64,5,92.75,3.86,-3.3,11.03,2.664,0.75,12
2026-05,pitcher_strikeouts,OVER,"[-500,-300]",HR≥75/EDG≥0.0/CV≤0.7/μ≥0.0/TP≥50,77,69,64,5,92.75,3.86,-3.3,11.03,2.664,0.75,12
2026-05,pitcher_strikeouts,OVER,"[-500,-300]",HR≥75/EDG≥0.0/CV≤0.7/μ≥0.0/TP≥55,77,69,64,5,92.75,3.86,-3.3,11.03,2.664,0.75,12
2026-05,pitcher_strikeouts,OVER,"[-500,-300]",HR≥75/EDG≥0.0/CV≤0.7/μ≥0.0/TP≥60,77,69,64,5,92.75,3.86,-3.3,11.03,2.664,0.75,12
2026-05,pitcher_strikeouts,OVER,"[-500,-300]",HR≥75/EDG≥0.0/CV≤0.7/μ≥0.0/TP≥65,77,69,64,5,92.75,3.86,-3.3,11.03,2.664,0.75,12
2026-05,pitcher_strikeouts,OVER,"[-500,-300]",HR≥75/EDG≥0.0/CV≤0.7/μ≥0.5/TP≥-,77,69,64,5,92.75,3.86,-3.3,11.03,2.664,0.75,12
2026-05,pitcher_strikeouts,OVER,"[-500,-300]",HR≥75/EDG≥0.0/CV≤0.7/μ≥0.5/TP≥50,77,69,64,5,92.75,3.86,-3.3,11.03,2.664,0.75,12
2026-05,pitcher_strikeouts,OVER,"[-500,-300]",HR≥75/EDG≥0.0/CV≤0.7/μ≥0.5/TP≥55,77,69,64,5,92.75,3.86,-3.3,11.03,2.664,0.75,12
2026-05,pitcher_strikeouts,OVER,"[-500,-300]",HR≥75/EDG≥0.0/CV≤0.7/μ≥0.5/TP≥60,77,69,64,5,92.75,3.86,-3.3,11.03,2.664,0.75,12
2026-05,pitcher_strikeouts,OVER,"[-500,-300]",HR≥75/EDG≥0.0/CV≤0.7/μ≥0.5/TP≥65,77,69,64,5,92.75,3.86,-3.3,11.03,2.664,0.75,12
2026-05,pitcher_strikeouts,OVER,"[-500,-300]",HR≥75/EDG≥0.0/CV≤0.7/μ≥1.0/TP≥-,77,69,64,5,92.75,3.86,-3.3,11.03,2.664,0.75,12
2026-05,pitcher_strikeouts,OVER,"[-500,-300]",HR≥75/EDG≥0.0/CV≤0.7/μ≥1.0/TP≥50,77,69,64,5,92.75,3.86,-3.3,11.03,2.664,0.75,12
2026-05,pitcher_strikeouts,OVER,"[-500,-300]",HR≥75/EDG≥0.0/CV≤0.7/μ≥1.0/TP≥55,77,69,64,5,92.75,3.86,-3.3,11.03,2.664,0.75,12
2026-05,pitcher_strikeouts,OVER,"[-500,-300]",HR≥75/EDG≥0.0/CV≤0.7/μ≥1.0/TP≥60,77,69,64,5,92.75,3.86,-3.3,11.03,2.664,0.75,12
2026-05,pitcher_strikeouts,OVER,"[-500,-300]",HR≥75/EDG≥0.0/CV≤0.7/μ≥1.0/TP≥65,77,69,64,5,92.75,3.86,-3.3,11.03,2.664,0.75,12
2026-05,pitcher_strikeouts,OVER,"[-500,-300]",HR≥75/EDG≥0.0/CV≤0.6/μ≥-/TP≥-,76,68,63,5,92.65,3.77,-3.5,11.04,2.564,0.75,12
2026-05,pitcher_strikeouts,OVER,"[-500,-300]",HR≥75/EDG≥0.0/CV≤0.6/μ≥-/TP≥50,76,68,63,5,92.65,3.77,-3.5,11.04,2.564,0.75,12
2026-05,pitcher_strikeouts,OVER,"[-500,-300]",HR≥75/EDG≥0.0/CV≤0.6/μ≥-/TP≥55,76,68,63,5,92.65,3.77,-3.5,11.04,2.564,0.75,12
2026-05,pitcher_strikeouts,OVER,"[-500,-300]",HR≥75/EDG≥0.0/CV≤0.6/μ≥-/TP≥60,76,68,63,5,92.65,3.77,-3.5,11.04,2.564,0.75,12
2026-05,pitcher_strikeouts,OVER,"[-500,-300]",HR≥75/EDG≥0.0/CV≤0.6/μ≥-/TP≥65,76,68,63,5,92.65,3.77,-3.5,11.04,2.564,0.75,12
2026-05,pitcher_strikeouts,OVER,"[-500,-300]",HR≥75/EDG≥0.0/CV≤0.6/μ≥0.0/TP≥-,76,68,63,5,92.65,3.77,-3.5,11.04,2.564,0.75,12
2026-05,pitcher_strikeouts,OVER,"[-500,-300]",HR≥75/EDG≥0.0/CV≤0.6/μ≥0.0/TP≥50,76,68,63,5,92.65,3.77,-3.5,11.04,2.564,0.75,12
2026-05,pitcher_strikeouts,OVER,"[-500,-300]",HR≥75/EDG≥0.0/CV≤0.6/μ≥0.0/TP≥55,76,68,63,5,92.65,3.77,-3.5,11.04,2.564,0.75,12
2026-05,pitcher_strikeouts,OVER,"[-500,-300]",HR≥75/EDG≥0.0/CV≤0.6/μ≥0.0/TP≥60,76,68,63,5,92.65,3.77,-3.5,11.04,2.564,0.75,12
2026-05,pitcher_strikeouts,OVER,"[-500,-300]",HR≥75/EDG≥0.0/CV≤0.6/μ≥0.0/TP≥65,76,68,63,5,92.65,3.77,-3.5,11.04,2.564,0.75,12
2026-05,pitcher_strikeouts,OVER,"[-500,-300]",HR≥75/EDG≥0.0/CV≤0.6/μ≥0.5/TP≥-,76,68,63,5,92.65,3.77,-3.5,11.04,2.564,0.75,12
2026-05,pitcher_strikeouts,OVER,"[-500,-300]",HR≥75/EDG≥0.0/CV≤0.6/μ≥0.5/TP≥50,76,68,63,5,92.65,3.77,-3.5,11.04,2.564,0.75,12
2026-05,pitcher_strikeouts,OVER,"[-500,-300]",HR≥75/EDG≥0.0/CV≤0.6/μ≥0.5/TP≥55,76,68,63,5,92.65,3.77,-3.5,11.04,2.564,0.75,12
2026-05,pitcher_strikeouts,OVER,"[-500,-300]",HR≥75/EDG≥0.0/CV≤0.6/μ≥0.5/TP≥60,76,68,63,5,92.65,3.77,-3.5,11.04,2.564,0.75,12
2026-05,pitcher_strikeouts,OVER,"[-500,-300]",HR≥75/EDG≥0.0/CV≤0.6/μ≥0.5/TP≥65,76,68,63,5,92.65,3.77,-3.5,11.04,2.564,0.75,12
2026-05,pitcher_strikeouts,OVER,"[-500,-300]",HR≥75/EDG≥0.0/CV≤0.6/μ≥1.0/TP≥-,76,68,63,5,92.65,3.77,-3.5,11.04,2.564,0.75,12
2026-05,pitcher_strikeouts,OVER,"[-500,-300]",HR≥75/EDG≥0.0/CV≤0.6/μ≥1.0/TP≥50,76,68,63,5,92.65,3.77,-3.5,11.04,2.564,0.75,12
2026-05,pitcher_strikeouts,OVER,"[-500,-300]",HR≥75/EDG≥0.0/CV≤0.6/μ≥1.0/TP≥55,76,68,63,5,92.65,3.77,-3.5,11.04,2.564,0.75,12
2026-05,pitcher_strikeouts,OVER,"[-500,-300]",HR≥75/EDG≥0.0/CV≤0.6/μ≥1.0/TP≥60,76,68,63,5,92.65,3.77,-3.5,11.04,2.564,0.75,12
2026-05,pitcher_strikeouts,OVER,"[-500,-300]",HR≥75/EDG≥0.0/CV≤0.6/μ≥1.0/TP≥65,76,68,63,5,92.65,3.77,-3.5,11.04,2.564,0.75,12
2026-05,pitcher_strikeouts,OVER,"[-500,-300]",HR≥75/EDG≥0.0/CV≤0.5/μ≥-/TP≥-,73,65,60,5,92.31,3.14,-4.42,10.7,2.04,0.75,12
2026-05,pitcher_strikeouts,OVER,"[-500,-300]",HR≥75/EDG≥0.0/CV≤0.5/μ≥-/TP≥50,73,65,60,5,92.31,3.14,-4.42,10.7,2.04,0.75,12
2026-05,pitcher_strikeouts,OVER,"[-500,-300]",HR≥75/EDG≥0.0/CV≤0.5/μ≥-/TP≥55,73,65,60,5,92.31,3.14,-4.42,10.7,2.04,0.75,12
2026-05,pitcher_strikeouts,OVER,"[-500,-300]",HR≥75/EDG≥0.0/CV≤0.5/μ≥-/TP≥60,73,65,60,5,92.31,3.14,-4.42,10.7,2.04,0.75,12
2026-05,pitcher_strikeouts,OVER,"[-500,-300]",HR≥75/EDG≥0.0/CV≤0.5/μ≥-/TP≥65,73,65,60,5,92.31,3.14,-4.42,10.7,2.04,0.75,12
2026-05,pitcher_strikeouts,OVER,"[-500,-300]",HR≥75/EDG≥0.0/CV≤0.5/μ≥0.0/TP≥-,73,65,60,5,92.31,3.14,-4.42,10.7,2.04,0.75,12
2026-05,pitcher_strikeouts,OVER,"[-500,-300]",HR≥75/EDG≥0.0/CV≤0.5/μ≥0.0/TP≥50,73,65,60,5,92.31,3.14,-4.42,10.7,2.04,0.75,12
2026-05,pitcher_strikeouts,OVER,"[-500,-300]",HR≥75/EDG≥0.0/CV≤0.5/μ≥0.0/TP≥55,73,65,60,5,92.31,3.14,-4.42,10.7,2.04,0.75,12
2026-05,pitcher_strikeouts,OVER,"[-500,-300]",HR≥75/EDG≥0.0/CV≤0.5/μ≥0.0/TP≥60,73,65,60,5,92.31,3.14,-4.42,10.7,2.04,0.75,12
2026-05,pitcher_strikeouts,OVER,"[-500,-300]",HR≥75/EDG≥0.0/CV≤0.5/μ≥0.0/TP≥65,73,65,60,5,92.31,3.14,-4.42,10.7,2.04,0.75,12
2026-05,pitcher_strikeouts,OVER,"[-500,-300]",HR≥75/EDG≥0.0/CV≤0.5/μ≥0.5/TP≥-,73,65,60,5,92.31,3.14,-4.42,10.7,2.04,0.75,12
2026-05,pitcher_strikeouts,OVER,"[-500,-300]",HR≥75/EDG≥0.0/CV≤0.5/μ≥0.5/TP≥50,73,65,60,5,92.31,3.14,-4.42,10.7,2.04,0.75,12
2026-05,pitcher_strikeouts,OVER,"[-500,-300]",HR≥75/EDG≥0.0/CV≤0.5/μ≥0.5/TP≥55,73,65,60,5,92.31,3.14,-4.42,10.7,2.04,0.75,12
2026-05,pitcher_strikeouts,OVER,"[-500,-300]",HR≥75/EDG≥0.0/CV≤0.5/μ≥0.5/TP≥60,73,65,60,5,92.31,3.14,-4.42,10.7,2.04,0.75,12
2026-05,pitcher_strikeouts,OVER,"[-500,-300]",HR≥75/EDG≥0.0/CV≤0.5/μ≥0.5/TP≥65,73,65,60,5,92.31,3.14,-4.42,10.7,2.04,0.75,12
2026-05,pitcher_strikeouts,OVER,"[-500,-300]",HR≥75/EDG≥0.0/CV≤0.5/μ≥1.0/TP≥-,73,65,60,5,92.31,3.14,-4.42,10.7,2.04,0.75,12
2026-05,pitcher_strikeouts,OVER,"[-500,-300]",HR≥75/EDG≥0.0/CV≤0.5/μ≥1.0/TP≥50,73,65,60,5,92.31,3.14,-4.42,10.7,2.04,0.75,12
2026-05,pitcher_strikeouts,OVER,"[-500,-300]",HR≥75/EDG≥0.0/CV≤0.5/μ≥1.0/TP≥55,73,65,60,5,92.31,3.14,-4.42,10.7,2.04,0.75,12
2026-05,pitcher_strikeouts,OVER,"[-500,-300]",HR≥75/EDG≥0.0/CV≤0.5/μ≥1.0/TP≥60,73,65,60,5,92.31,3.14,-4.42,10.7,2.04,0.75,12
2026-05,pitcher_strikeouts,OVER,"[-500,-300]",HR≥75/EDG≥0.0/CV≤0.5/μ≥1.0/TP≥65,73,65,60,5,92.31,3.14,-4.42,10.7,2.04,0.75,12
2026-05,pitcher_strikeouts,OVER,"[-500,-300]",HR≥75/EDG≥0.0/CV≤0.45/μ≥-/TP≥-,63,55,51,4,92.73,3.92,-4.15,12.0,2.158,0.727,11
2026-05,pitcher_strikeouts,OVER,"[-500,-300]",HR≥75/EDG≥0.0/CV≤0.45/μ≥-/TP≥50,63,55,51,4,92.73,3.92,-4.15,12.0,2.158,0.727,11
2026-05,pitcher_strikeouts,OVER,"[-500,-300]",HR≥75/EDG≥0.0/CV≤0.45/μ≥-/TP≥55,63,55,51,4,92.73,3.92,-4.15,12.0,2.158,0.727,11
2026-05,pitcher_strikeouts,OVER,"[-500,-300]",HR≥75/EDG≥0.0/CV≤0.45/μ≥-/TP≥60,63,55,51,4,92.73,3.92,-4.15,12.0,2.158,0.727,11
2026-05,pitcher_strikeouts,OVER,"[-500,-300]",HR≥75/EDG≥0.0/CV≤0.45/μ≥-/TP≥65,63,55,51,4,92.73,3.92,-4.15,12.0,2.158,0.727,11
2026-05,pitcher_strikeouts,OVER,"[-500,-300]",HR≥75/EDG≥0.0/CV≤0.45/μ≥0.0/TP≥-,63,55,51,4,92.73,3.92,-4.15,12.0,2.158,0.727,11
2026-05,pitcher_strikeouts,OVER,"[-500,-300]",HR≥75/EDG≥0.0/CV≤0.45/μ≥0.0/TP≥50,63,55,51,4,92.73,3.92,-4.15,12.0,2.158,0.727,11
2026-05,pitcher_strikeouts,OVER,"[-500,-300]",HR≥75/EDG≥0.0/CV≤0.45/μ≥0.0/TP≥55,63,55,51,4,92.73,3.92,-4.15,12.0,2.158,0.727,11
2026-05,pitcher_strikeouts,OVER,"[-500,-300]",HR≥75/EDG≥0.0/CV≤0.45/μ≥0.0/TP≥60,63,55,51,4,92.73,3.92,-4.15,12.0,2.158,0.727,11
2026-05,pitcher_strikeouts,OVER,"[-500,-300]",HR≥75/EDG≥0.0/CV≤0.45/μ≥0.0/TP≥65,63,55,51,4,92.73,3.92,-4.15,12.0,2.158,0.727,11
2026-05,pitcher_strikeouts,OVER,"[-500,-300]",HR≥75/EDG≥0.0/CV≤0.45/μ≥0.5/TP≥-,63,55,51,4,92.73,3.92,-4.15,12.0,2.158,0.727,11
2026-05,pitcher_strikeouts,OVER,"[-500,-300]",HR≥75/EDG≥0.0/CV≤0.45/μ≥0.5/TP≥50,63,55,51,4,92.73,3.92,-4.15,12.0,2.158,0.727,11
2026-05,pitcher_strikeouts,OVER,"[-500,-300]",HR≥75/EDG≥0.0/CV≤0.45/μ≥0.5/TP≥55,63,55,51,4,92.73,3.92,-4.15,12.0,2.158,0.727,11
2026-05,pitcher_strikeouts,OVER,"[-500,-300]",HR≥75/EDG≥0.0/CV≤0.45/μ≥0.5/TP≥60,63,55,51,4,92.73,3.92,-4.15,12.0,2.158,0.727,11
2026-05,pitcher_strikeouts,OVER,"[-500,-300]",HR≥75/EDG≥0.0/CV≤0.45/μ≥0.5/TP≥65,63,55,51,4,92.73,3.92,-4.15,12.0,2.158,0.727,11
2026-05,pitcher_strikeouts,OVER,"[-500,-300]",HR≥75/EDG≥0.0/CV≤0.45/μ≥1.0/TP≥-,63,55,51,4,92.73,3.92,-4.15,12.0,2.158,0.727,11
2026-05,pitcher_strikeouts,OVER,"[-500,-300]",HR≥75/EDG≥0.0/CV≤0.45/μ≥1.0/TP≥50,63,55,51,4,92.73,3.92,-4.15,12.0,2.158,0.727,11
2026-05,pitcher_strikeouts,OVER,"[-500,-300]",HR≥75/EDG≥0.0/CV≤0.45/μ≥1.0/TP≥55,63,55,51,4,92.73,3.92,-4.15,12.0,2.158,0.727,11
2026-05,pitcher_strikeouts,OVER,"[-500,-300]",HR≥75/EDG≥0.0/CV≤0.45/μ≥1.0/TP≥60,63,55,51,4,92.73,3.92,-4.15,12.0,2.158,0.727,11
2026-05,pitcher_strikeouts,OVER,"[-500,-300]",HR≥75/EDG≥0.0/CV≤0.45/μ≥1.0/TP≥65,63,55,51,4,92.73,3.92,-4.15,12.0,2.158,0.727,11
2026-05,pitcher_strikeouts,OVER,"[-500,-300]",HR≥75/EDG≥0.0/CV≤0.4/μ≥-/TP≥-,49,42,40,2,95.24,6.84,-0.92,14.6,2.872,0.818,11
2026-05,pitcher_strikeouts,OVER,"[-500,-300]",HR≥75/EDG≥0.0/CV≤0.4/μ≥-/TP≥50,49,42,40,2,95.24,6.84,-0.92,14.6,2.872,0.818,11
2026-05,pitcher_strikeouts,OVER,"[-500,-300]",HR≥75/EDG≥0.0/CV≤0.4/μ≥-/TP≥55,49,42,40,2,95.24,6.84,-0.92,14.6,2.872,0.818,11
2026-05,pitcher_strikeouts,OVER,"[-500,-300]",HR≥75/EDG≥0.0/CV≤0.4/μ≥-/TP≥60,49,42,40,2,95.24,6.84,-0.92,14.6,2.872,0.818,11
2026-05,pitcher_strikeouts,OVER,"[-500,-300]",HR≥75/EDG≥0.0/CV≤0.4/μ≥-/TP≥65,49,42,40,2,95.24,6.84,-0.92,14.6,2.872,0.818,11
2026-05,pitcher_strikeouts,OVER,"[-500,-300]",HR≥75/EDG≥0.0/CV≤0.4/μ≥0.0/TP≥-,49,42,40,2,95.24,6.84,-0.92,14.6,2.872,0.818,11
2026-05,pitcher_strikeouts,OVER,"[-500,-300]",HR≥75/EDG≥0.0/CV≤0.4/μ≥0.0/TP≥50,49,42,40,2,95.24,6.84,-0.92,14.6,2.872,0.818,11
2026-05,pitcher_strikeouts,OVER,"[-500,-300]",HR≥75/EDG≥0.0/CV≤0.4/μ≥0.0/TP≥55,49,42,40,2,95.24,6.84,-0.92,14.6,2.872,0.818,11
2026-05,pitcher_strikeouts,OVER,"[-500,-300]",HR≥75/EDG≥0.0/CV≤0.4/μ≥0.0/TP≥60,49,42,40,2,95.24,6.84,-0.92,14.6,2.872,0.818,11
2026-05,pitcher_strikeouts,OVER,"[-500,-300]",HR≥75/EDG≥0.0/CV≤0.4/μ≥0.0/TP≥65,49,42,40,2,95.24,6.84,-0.92,14.6,2.872,0.818,11
2026-05,pitcher_strikeouts,OVER,"[-500,-300]",HR≥75/EDG≥0.0/CV≤0.4/μ≥0.5/TP≥-,49,42,40,2,95.24,6.84,-0.92,14.6,2.872,0.818,11
2026-05,pitcher_strikeouts,OVER,"[-500,-300]",HR≥75/EDG≥0.0/CV≤0.4/μ≥0.5/TP≥50,49,42,40,2,95.24,6.84,-0.92,14.6,2.872,0.818,11
2026-05,pitcher_strikeouts,OVER,"[-500,-300]",HR≥75/EDG≥0.0/CV≤0.4/μ≥0.5/TP≥55,49,42,40,2,95.24,6.84,-0.92,14.6,2.872,0.818,11
2026-05,pitcher_strikeouts,OVER,"[-500,-300]",HR≥75/EDG≥0.0/CV≤0.4/μ≥0.5/TP≥60,49,42,40,2,95.24,6.84,-0.92,14.6,2.872,0.818,11
2026-05,pitcher_strikeouts,OVER,"[-500,-300]",HR≥75/EDG≥0.0/CV≤0.4/μ≥0.5/TP≥65,49,42,40,2,95.24,6.84,-0.92,14.6,2.872,0.818,11
2026-05,pitcher_strikeouts,OVER,"[-500,-300]",HR≥75/EDG≥0.0/CV≤0.4/μ≥1.0/TP≥-,49,42,40,2,95.24,6.84,-0.92,14.6,2.872,0.818,11
2026-05,pitcher_strikeouts,OVER,"[-500,-300]",HR≥75/EDG≥0.0/CV≤0.4/μ≥1.0/TP≥50,49,42,40,2,95.24,6.84,-0.92,14.6,2.872,0.818,11
2026-05,pitcher_strikeouts,OVER,"[-500,-300]",HR≥75/EDG≥0.0/CV≤0.4/μ≥1.0/TP≥55,49,42,40,2,95.24,6.84,-0.92,14.6,2.872,0.818,11
2026-05,pitcher_strikeouts,OVER,"[-500,-300]",HR≥75/EDG≥0.0/CV≤0.4/μ≥1.0/TP≥60,49,42,40,2,95.24,6.84,-0.92,14.6,2.872,0.818,11
2026-05,pitcher_strikeouts,OVER,"[-500,-300]",HR≥75/EDG≥0.0/CV≤0.4/μ≥1.0/TP≥65,49,42,40,2,95.24,6.84,-0.92,14.6,2.872,0.818,11
2026-05,runs,UNDER,"[-500,-300]",HR≥-/EDG≥-/CV≤-/μ≥-/TP≥-,131,110,95,15,86.36,-4.23,-11.65,3.18,-4.658,0.636,11
2026-05,runs,UNDER,"[-500,-300]",HR≥-/EDG≥-/CV≤-/μ≥-/TP≥50,131,110,95,15,86.36,-4.23,-11.65,3.18,-4.658,0.636,11
2026-05,runs,UNDER,"[-500,-300]",HR≥-/EDG≥-/CV≤-/μ≥-/TP≥55,131,110,95,15,86.36,-4.23,-11.65,3.18,-4.658,0.636,11
2026-05,runs,UNDER,"[-500,-300]",HR≥-/EDG≥-/CV≤-/μ≥-/TP≥60,131,110,95,15,86.36,-4.23,-11.65,3.18,-4.658,0.636,11
2026-05,runs,UNDER,"[-500,-300]",HR≥-/EDG≥-/CV≤-/μ≥-/TP≥65,131,110,95,15,86.36,-4.23,-11.65,3.18,-4.658,0.636,11
2026-05,runs,UNDER,"[-500,-300]",HR≥-/EDG≥-5.0/CV≤-/μ≥-/TP≥-,50,44,43,1,97.73,3.34,-1.74,8.42,1.468,1.0,5
2026-05,runs,UNDER,"[-500,-300]",HR≥-/EDG≥-5.0/CV≤-/μ≥-/TP≥50,50,44,43,1,97.73,3.34,-1.74,8.42,1.468,1.0,5
2026-05,runs,UNDER,"[-500,-300]",HR≥-/EDG≥-5.0/CV≤-/μ≥-/TP≥55,50,44,43,1,97.73,3.34,-1.74,8.42,1.468,1.0,5
2026-05,runs,UNDER,"[-500,-300]",HR≥-/EDG≥-5.0/CV≤-/μ≥-/TP≥60,50,44,43,1,97.73,3.34,-1.74,8.42,1.468,1.0,5
2026-05,runs,UNDER,"[-500,-300]",HR≥-/EDG≥-5.0/CV≤-/μ≥-/TP≥65,50,44,43,1,97.73,3.34,-1.74,8.42,1.468,1.0,5
2026-05,total_bases,OVER,"[-500,-300]",HR≥-/EDG≥-/CV≤-/μ≥-/TP≥-,48,45,29,16,64.44,-15.83,-34.32,2.66,-7.124,0.25,12
2026-05,total_bases,OVER,"[-500,-300]",HR≥-/EDG≥-/CV≤-/μ≥-/TP≥50,48,45,29,16,64.44,-15.83,-34.32,2.66,-7.124,0.25,12
2026-05,total_bases,OVER,"[-500,-300]",HR≥-/EDG≥-/CV≤-/μ≥-/TP≥55,48,45,29,16,64.44,-15.83,-34.32,2.66,-7.124,0.25,12
2026-05,total_bases,OVER,"[-500,-300]",HR≥-/EDG≥-/CV≤-/μ≥-/TP≥60,46,43,29,14,67.44,-11.92,-30.44,6.61,-5.124,0.25,12
2026-05,total_bases,OVER,"[-500,-300]",HR≥-/EDG≥-/CV≤-/μ≥-/TP≥65,40,37,26,11,70.27,-8.39,-27.87,11.1,-3.103,0.364,11
2026-05,total_bases,OVER,"[-500,-300]",HR≥-/EDG≥-/CV≤-/μ≥0.0/TP≥-,48,45,29,16,64.44,-15.83,-34.32,2.66,-7.124,0.25,12
2026-05,total_bases,OVER,"[-500,-300]",HR≥-/EDG≥-/CV≤-/μ≥0.0/TP≥50,48,45,29,16,64.44,-15.83,-34.32,2.66,-7.124,0.25,12
2026-05,total_bases,OVER,"[-500,-300]",HR≥-/EDG≥-/CV≤-/μ≥0.0/TP≥55,48,45,29,16,64.44,-15.83,-34.32,2.66,-7.124,0.25,12
2026-05,total_bases,OVER,"[-500,-300]",HR≥-/EDG≥-/CV≤-/μ≥0.0/TP≥60,46,43,29,14,67.44,-11.92,-30.44,6.61,-5.124,0.25,12
2026-05,total_bases,OVER,"[-500,-300]",HR≥-/EDG≥-/CV≤-/μ≥0.0/TP≥65,40,37,26,11,70.27,-8.39,-27.87,11.1,-3.103,0.364,11
2026-05,total_bases,OVER,"[-500,-300]",HR≥-/EDG≥-/CV≤-/μ≥0.5/TP≥-,46,43,29,14,67.44,-11.92,-30.44,6.61,-5.124,0.25,12
2026-05,total_bases,OVER,"[-500,-300]",HR≥-/EDG≥-/CV≤-/μ≥0.5/TP≥50,46,43,29,14,67.44,-11.92,-30.44,6.61,-5.124,0.25,12
2026-05,total_bases,OVER,"[-500,-300]",HR≥-/EDG≥-/CV≤-/μ≥0.5/TP≥55,46,43,29,14,67.44,-11.92,-30.44,6.61,-5.124,0.25,12
2026-05,total_bases,OVER,"[-500,-300]",HR≥-/EDG≥-/CV≤-/μ≥0.5/TP≥60,46,43,29,14,67.44,-11.92,-30.44,6.61,-5.124,0.25,12
2026-05,total_bases,OVER,"[-500,-300]",HR≥-/EDG≥-/CV≤-/μ≥0.5/TP≥65,40,37,26,11,70.27,-8.39,-27.87,11.1,-3.103,0.364,11
2026-05,total_bases,OVER,"[-500,-300]",HR≥45/EDG≥-/CV≤-/μ≥-/TP≥-,48,45,29,16,64.44,-15.83,-34.32,2.66,-7.124,0.25,12
2026-05,total_bases,OVER,"[-500,-300]",HR≥45/EDG≥-/CV≤-/μ≥-/TP≥50,48,45,29,16,64.44,-15.83,-34.32,2.66,-7.124,0.25,12
2026-05,total_bases,OVER,"[-500,-300]",HR≥45/EDG≥-/CV≤-/μ≥-/TP≥55,48,45,29,16,64.44,-15.83,-34.32,2.66,-7.124,0.25,12
2026-05,total_bases,OVER,"[-500,-300]",HR≥45/EDG≥-/CV≤-/μ≥-/TP≥60,46,43,29,14,67.44,-11.92,-30.44,6.61,-5.124,0.25,12
2026-05,total_bases,OVER,"[-500,-300]",HR≥45/EDG≥-/CV≤-/μ≥-/TP≥65,40,37,26,11,70.27,-8.39,-27.87,11.1,-3.103,0.364,11
2026-05,total_bases,OVER,"[-500,-300]",HR≥45/EDG≥-/CV≤-/μ≥0.0/TP≥-,48,45,29,16,64.44,-15.83,-34.32,2.66,-7.124,0.25,12
2026-05,total_bases,OVER,"[-500,-300]",HR≥45/EDG≥-/CV≤-/μ≥0.0/TP≥50,48,45,29,16,64.44,-15.83,-34.32,2.66,-7.124,0.25,12
2026-05,total_bases,OVER,"[-500,-300]",HR≥45/EDG≥-/CV≤-/μ≥0.0/TP≥55,48,45,29,16,64.44,-15.83,-34.32,2.66,-7.124,0.25,12
2026-05,total_bases,OVER,"[-500,-300]",HR≥45/EDG≥-/CV≤-/μ≥0.0/TP≥60,46,43,29,14,67.44,-11.92,-30.44,6.61,-5.124,0.25,12
2026-05,total_bases,OVER,"[-500,-300]",HR≥45/EDG≥-/CV≤-/μ≥0.0/TP≥65,40,37,26,11,70.27,-8.39,-27.87,11.1,-3.103,0.364,11
2026-05,total_bases,OVER,"[-500,-300]",HR≥45/EDG≥-/CV≤-/μ≥0.5/TP≥-,46,43,29,14,67.44,-11.92,-30.44,6.61,-5.124,0.25,12
2026-05,total_bases,OVER,"[-500,-300]",HR≥45/EDG≥-/CV≤-/μ≥0.5/TP≥50,46,43,29,14,67.44,-11.92,-30.44,6.61,-5.124,0.25,12
2026-05,total_bases,OVER,"[-500,-300]",HR≥45/EDG≥-/CV≤-/μ≥0.5/TP≥55,46,43,29,14,67.44,-11.92,-30.44,6.61,-5.124,0.25,12
2026-05,total_bases,OVER,"[-500,-300]",HR≥45/EDG≥-/CV≤-/μ≥0.5/TP≥60,46,43,29,14,67.44,-11.92,-30.44,6.61,-5.124,0.25,12
2026-05,total_bases,OVER,"[-500,-300]",HR≥45/EDG≥-/CV≤-/μ≥0.5/TP≥65,40,37,26,11,70.27,-8.39,-27.87,11.1,-3.103,0.364,11
2026-05,total_bases,OVER,"[-500,-300]",HR≥50/EDG≥-/CV≤-/μ≥-/TP≥-,48,45,29,16,64.44,-15.83,-34.32,2.66,-7.124,0.25,12
2026-05,total_bases,OVER,"[-500,-300]",HR≥50/EDG≥-/CV≤-/μ≥-/TP≥50,48,45,29,16,64.44,-15.83,-34.32,2.66,-7.124,0.25,12
2026-05,total_bases,OVER,"[-500,-300]",HR≥50/EDG≥-/CV≤-/μ≥-/TP≥55,48,45,29,16,64.44,-15.83,-34.32,2.66,-7.124,0.25,12
2026-05,total_bases,OVER,"[-500,-300]",HR≥50/EDG≥-/CV≤-/μ≥-/TP≥60,46,43,29,14,67.44,-11.92,-30.44,6.61,-5.124,0.25,12
2026-05,total_bases,OVER,"[-500,-300]",HR≥50/EDG≥-/CV≤-/μ≥-/TP≥65,40,37,26,11,70.27,-8.39,-27.87,11.1,-3.103,0.364,11
2026-05,total_bases,OVER,"[-500,-300]",HR≥50/EDG≥-/CV≤-/μ≥0.0/TP≥-,48,45,29,16,64.44,-15.83,-34.32,2.66,-7.124,0.25,12
2026-05,total_bases,OVER,"[-500,-300]",HR≥50/EDG≥-/CV≤-/μ≥0.0/TP≥50,48,45,29,16,64.44,-15.83,-34.32,2.66,-7.124,0.25,12
2026-05,total_bases,OVER,"[-500,-300]",HR≥50/EDG≥-/CV≤-/μ≥0.0/TP≥55,48,45,29,16,64.44,-15.83,-34.32,2.66,-7.124,0.25,12
2026-05,total_bases,OVER,"[-500,-300]",HR≥50/EDG≥-/CV≤-/μ≥0.0/TP≥60,46,43,29,14,67.44,-11.92,-30.44,6.61,-5.124,0.25,12
2026-05,total_bases,OVER,"[-500,-300]",HR≥50/EDG≥-/CV≤-/μ≥0.0/TP≥65,40,37,26,11,70.27,-8.39,-27.87,11.1,-3.103,0.364,11
2026-05,total_bases,OVER,"[-500,-300]",HR≥50/EDG≥-/CV≤-/μ≥0.5/TP≥-,46,43,29,14,67.44,-11.92,-30.44,6.61,-5.124,0.25,12
2026-05,total_bases,OVER,"[-500,-300]",HR≥50/EDG≥-/CV≤-/μ≥0.5/TP≥50,46,43,29,14,67.44,-11.92,-30.44,6.61,-5.124,0.25,12
2026-05,total_bases,OVER,"[-500,-300]",HR≥50/EDG≥-/CV≤-/μ≥0.5/TP≥55,46,43,29,14,67.44,-11.92,-30.44,6.61,-5.124,0.25,12
2026-05,total_bases,OVER,"[-500,-300]",HR≥50/EDG≥-/CV≤-/μ≥0.5/TP≥60,46,43,29,14,67.44,-11.92,-30.44,6.61,-5.124,0.25,12
2026-05,total_bases,OVER,"[-500,-300]",HR≥50/EDG≥-/CV≤-/μ≥0.5/TP≥65,40,37,26,11,70.27,-8.39,-27.87,11.1,-3.103,0.364,11
2026-05,total_bases,OVER,"[-500,-300]",HR≥55/EDG≥-/CV≤-/μ≥-/TP≥-,45,42,27,15,64.29,-16.07,-35.24,3.09,-6.751,0.333,12
2026-05,total_bases,OVER,"[-500,-300]",HR≥55/EDG≥-/CV≤-/μ≥-/TP≥50,45,42,27,15,64.29,-16.07,-35.24,3.09,-6.751,0.333,12
2026-05,total_bases,OVER,"[-500,-300]",HR≥55/EDG≥-/CV≤-/μ≥-/TP≥55,45,42,27,15,64.29,-16.07,-35.24,3.09,-6.751,0.333,12
2026-05,total_bases,OVER,"[-500,-300]",HR≥55/EDG≥-/CV≤-/μ≥-/TP≥60,43,40,27,13,67.5,-11.88,-31.08,7.33,-4.751,0.333,12
2026-05,total_bases,OVER,"[-500,-300]",HR≥55/EDG≥-/CV≤-/μ≥-/TP≥65,38,35,25,10,71.43,-6.85,-26.67,12.97,-2.397,0.455,11
2026-05,total_bases,OVER,"[-500,-300]",HR≥55/EDG≥-/CV≤-/μ≥0.0/TP≥-,45,42,27,15,64.29,-16.07,-35.24,3.09,-6.751,0.333,12
2026-05,total_bases,OVER,"[-500,-300]",HR≥55/EDG≥-/CV≤-/μ≥0.0/TP≥50,45,42,27,15,64.29,-16.07,-35.24,3.09,-6.751,0.333,12
2026-05,total_bases,OVER,"[-500,-300]",HR≥55/EDG≥-/CV≤-/μ≥0.0/TP≥55,45,42,27,15,64.29,-16.07,-35.24,3.09,-6.751,0.333,12
2026-05,total_bases,OVER,"[-500,-300]",HR≥55/EDG≥-/CV≤-/μ≥0.0/TP≥60,43,40,27,13,67.5,-11.88,-31.08,7.33,-4.751,0.333,12
2026-05,total_bases,OVER,"[-500,-300]",HR≥55/EDG≥-/CV≤-/μ≥0.0/TP≥65,38,35,25,10,71.43,-6.85,-26.67,12.97,-2.397,0.455,11
2026-05,total_bases,OVER,"[-500,-300]",HR≥55/EDG≥-/CV≤-/μ≥0.5/TP≥-,43,40,27,13,67.5,-11.88,-31.08,7.33,-4.751,0.333,12
2026-05,total_bases,OVER,"[-500,-300]",HR≥55/EDG≥-/CV≤-/μ≥0.5/TP≥50,43,40,27,13,67.5,-11.88,-31.08,7.33,-4.751,0.333,12
2026-05,total_bases,OVER,"[-500,-300]",HR≥55/EDG≥-/CV≤-/μ≥0.5/TP≥55,43,40,27,13,67.5,-11.88,-31.08,7.33,-4.751,0.333,12
2026-05,total_bases,OVER,"[-500,-300]",HR≥55/EDG≥-/CV≤-/μ≥0.5/TP≥60,43,40,27,13,67.5,-11.88,-31.08,7.33,-4.751,0.333,12
2026-05,total_bases,OVER,"[-500,-300]",HR≥55/EDG≥-/CV≤-/μ≥0.5/TP≥65,38,35,25,10,71.43,-6.85,-26.67,12.97,-2.397,0.455,11
2026-05,total_bases,OVER,"[-500,-300]",HR≥60/EDG≥-/CV≤-/μ≥-/TP≥-,43,40,25,15,62.5,-18.49,-38.32,1.34,-7.397,0.333,12
2026-05,total_bases,OVER,"[-500,-300]",HR≥60/EDG≥-/CV≤-/μ≥-/TP≥50,43,40,25,15,62.5,-18.49,-38.32,1.34,-7.397,0.333,12
2026-05,total_bases,OVER,"[-500,-300]",HR≥60/EDG≥-/CV≤-/μ≥-/TP≥55,43,40,25,15,62.5,-18.49,-38.32,1.34,-7.397,0.333,12
2026-05,total_bases,OVER,"[-500,-300]",HR≥60/EDG≥-/CV≤-/μ≥-/TP≥60,41,38,25,13,65.79,-14.2,-34.15,5.75,-5.397,0.333,12
2026-05,total_bases,OVER,"[-500,-300]",HR≥60/EDG≥-/CV≤-/μ≥-/TP≥65,37,34,24,10,70.59,-8.03,-28.3,12.24,-2.73,0.455,11
2026-05,total_bases,OVER,"[-500,-300]",HR≥60/EDG≥-/CV≤-/μ≥0.0/TP≥-,43,40,25,15,62.5,-18.49,-38.32,1.34,-7.397,0.333,12
2026-05,total_bases,OVER,"[-500,-300]",HR≥60/EDG≥-/CV≤-/μ≥0.0/TP≥50,43,40,25,15,62.5,-18.49,-38.32,1.34,-7.397,0.333,12
2026-05,total_bases,OVER,"[-500,-300]",HR≥60/EDG≥-/CV≤-/μ≥0.0/TP≥55,43,40,25,15,62.5,-18.49,-38.32,1.34,-7.397,0.333,12
2026-05,total_bases,OVER,"[-500,-300]",HR≥60/EDG≥-/CV≤-/μ≥0.0/TP≥60,41,38,25,13,65.79,-14.2,-34.15,5.75,-5.397,0.333,12
2026-05,total_bases,OVER,"[-500,-300]",HR≥60/EDG≥-/CV≤-/μ≥0.0/TP≥65,37,34,24,10,70.59,-8.03,-28.3,12.24,-2.73,0.455,11
2026-05,total_bases,OVER,"[-500,-300]",HR≥60/EDG≥-/CV≤-/μ≥0.5/TP≥-,41,38,25,13,65.79,-14.2,-34.15,5.75,-5.397,0.333,12
2026-05,total_bases,OVER,"[-500,-300]",HR≥60/EDG≥-/CV≤-/μ≥0.5/TP≥50,41,38,25,13,65.79,-14.2,-34.15,5.75,-5.397,0.333,12
2026-05,total_bases,OVER,"[-500,-300]",HR≥60/EDG≥-/CV≤-/μ≥0.5/TP≥55,41,38,25,13,65.79,-14.2,-34.15,5.75,-5.397,0.333,12
2026-05,total_bases,OVER,"[-500,-300]",HR≥60/EDG≥-/CV≤-/μ≥0.5/TP≥60,41,38,25,13,65.79,-14.2,-34.15,5.75,-5.397,0.333,12
2026-05,total_bases,OVER,"[-500,-300]",HR≥60/EDG≥-/CV≤-/μ≥0.5/TP≥65,37,34,24,10,70.59,-8.03,-28.3,12.24,-2.73,0.455,11
2026-05,total_bases,OVER,"[-500,-300]",HR≥65/EDG≥-/CV≤-/μ≥-/TP≥-,43,40,25,15,62.5,-18.49,-38.32,1.34,-7.397,0.333,12
2026-05,total_bases,OVER,"[-500,-300]",HR≥65/EDG≥-/CV≤-/μ≥-/TP≥50,43,40,25,15,62.5,-18.49,-38.32,1.34,-7.397,0.333,12
2026-05,total_bases,OVER,"[-500,-300]",HR≥65/EDG≥-/CV≤-/μ≥-/TP≥55,43,40,25,15,62.5,-18.49,-38.32,1.34,-7.397,0.333,12
2026-05,total_bases,OVER,"[-500,-300]",HR≥65/EDG≥-/CV≤-/μ≥-/TP≥60,41,38,25,13,65.79,-14.2,-34.15,5.75,-5.397,0.333,12
2026-05,total_bases,OVER,"[-500,-300]",HR≥65/EDG≥-/CV≤-/μ≥-/TP≥65,37,34,24,10,70.59,-8.03,-28.3,12.24,-2.73,0.455,11
2026-05,total_bases,OVER,"[-500,-300]",HR≥65/EDG≥-/CV≤-/μ≥0.0/TP≥-,43,40,25,15,62.5,-18.49,-38.32,1.34,-7.397,0.333,12
2026-05,total_bases,OVER,"[-500,-300]",HR≥65/EDG≥-/CV≤-/μ≥0.0/TP≥50,43,40,25,15,62.5,-18.49,-38.32,1.34,-7.397,0.333,12
2026-05,total_bases,OVER,"[-500,-300]",HR≥65/EDG≥-/CV≤-/μ≥0.0/TP≥55,43,40,25,15,62.5,-18.49,-38.32,1.34,-7.397,0.333,12
2026-05,total_bases,OVER,"[-500,-300]",HR≥65/EDG≥-/CV≤-/μ≥0.0/TP≥60,41,38,25,13,65.79,-14.2,-34.15,5.75,-5.397,0.333,12
2026-05,total_bases,OVER,"[-500,-300]",HR≥65/EDG≥-/CV≤-/μ≥0.0/TP≥65,37,34,24,10,70.59,-8.03,-28.3,12.24,-2.73,0.455,11
2026-05,total_bases,OVER,"[-500,-300]",HR≥65/EDG≥-/CV≤-/μ≥0.5/TP≥-,41,38,25,13,65.79,-14.2,-34.15,5.75,-5.397,0.333,12
2026-05,total_bases,OVER,"[-500,-300]",HR≥65/EDG≥-/CV≤-/μ≥0.5/TP≥50,41,38,25,13,65.79,-14.2,-34.15,5.75,-5.397,0.333,12
2026-05,total_bases,OVER,"[-500,-300]",HR≥65/EDG≥-/CV≤-/μ≥0.5/TP≥55,41,38,25,13,65.79,-14.2,-34.15,5.75,-5.397,0.333,12
2026-05,total_bases,OVER,"[-500,-300]",HR≥65/EDG≥-/CV≤-/μ≥0.5/TP≥60,41,38,25,13,65.79,-14.2,-34.15,5.75,-5.397,0.333,12
2026-05,total_bases,OVER,"[-500,-300]",HR≥65/EDG≥-/CV≤-/μ≥0.5/TP≥65,37,34,24,10,70.59,-8.03,-28.3,12.24,-2.73,0.455,11
2026-05,total_bases,OVER,"[-500,-300]",HR≥70/EDG≥-/CV≤-/μ≥-/TP≥-,41,38,24,14,63.16,-17.63,-37.92,2.65,-6.7,0.333,12
2026-05,total_bases,OVER,"[-500,-300]",HR≥70/EDG≥-/CV≤-/μ≥-/TP≥50,41,38,24,14,63.16,-17.63,-37.92,2.65,-6.7,0.333,12
2026-05,total_bases,OVER,"[-500,-300]",HR≥70/EDG≥-/CV≤-/μ≥-/TP≥55,41,38,24,14,63.16,-17.63,-37.92,2.65,-6.7,0.333,12
2026-05,total_bases,OVER,"[-500,-300]",HR≥70/EDG≥-/CV≤-/μ≥-/TP≥60,40,37,24,13,64.86,-15.41,-35.76,4.95,-5.7,0.333,12
2026-05,total_bases,OVER,"[-500,-300]",HR≥70/EDG≥-/CV≤-/μ≥-/TP≥65,36,33,23,10,69.7,-9.19,-29.96,11.57,-3.033,0.455,11
2026-05,total_bases,OVER,"[-500,-300]",HR≥70/EDG≥-/CV≤-/μ≥0.0/TP≥-,41,38,24,14,63.16,-17.63,-37.92,2.65,-6.7,0.333,12
2026-05,total_bases,OVER,"[-500,-300]",HR≥70/EDG≥-/CV≤-/μ≥0.0/TP≥50,41,38,24,14,63.16,-17.63,-37.92,2.65,-6.7,0.333,12
2026-05,total_bases,OVER,"[-500,-300]",HR≥70/EDG≥-/CV≤-/μ≥0.0/TP≥55,41,38,24,14,63.16,-17.63,-37.92,2.65,-6.7,0.333,12
2026-05,total_bases,OVER,"[-500,-300]",HR≥70/EDG≥-/CV≤-/μ≥0.0/TP≥60,40,37,24,13,64.86,-15.41,-35.76,4.95,-5.7,0.333,12
2026-05,total_bases,OVER,"[-500,-300]",HR≥70/EDG≥-/CV≤-/μ≥0.0/TP≥65,36,33,23,10,69.7,-9.19,-29.96,11.57,-3.033,0.455,11
2026-05,total_bases,OVER,"[-500,-300]",HR≥70/EDG≥-/CV≤-/μ≥0.5/TP≥-,40,37,24,13,64.86,-15.41,-35.76,4.95,-5.7,0.333,12
2026-05,total_bases,OVER,"[-500,-300]",HR≥70/EDG≥-/CV≤-/μ≥0.5/TP≥50,40,37,24,13,64.86,-15.41,-35.76,4.95,-5.7,0.333,12
2026-05,total_bases,OVER,"[-500,-300]",HR≥70/EDG≥-/CV≤-/μ≥0.5/TP≥55,40,37,24,13,64.86,-15.41,-35.76,4.95,-5.7,0.333,12
2026-05,total_bases,OVER,"[-500,-300]",HR≥70/EDG≥-/CV≤-/μ≥0.5/TP≥60,40,37,24,13,64.86,-15.41,-35.76,4.95,-5.7,0.333,12
2026-05,total_bases,OVER,"[-500,-300]",HR≥70/EDG≥-/CV≤-/μ≥0.5/TP≥65,36,33,23,10,69.7,-9.19,-29.96,11.57,-3.033,0.455,11
2026-05,total_bases,UNDER,"[-500,-300]",HR≥-/EDG≥-/CV≤-/μ≥-/TP≥-,350,292,212,80,72.6,-5.53,-12.21,1.14,-16.151,0.286,14
2026-05,total_bases,UNDER,"[-500,-300]",HR≥-/EDG≥-/CV≤-/μ≥-/TP≥50,350,292,212,80,72.6,-5.53,-12.21,1.14,-16.151,0.286,14
2026-05,total_bases,UNDER,"[-500,-300]",HR≥-/EDG≥-/CV≤-/μ≥-/TP≥55,350,292,212,80,72.6,-5.53,-12.21,1.14,-16.151,0.286,14
2026-05,total_bases,UNDER,"[-500,-300]",HR≥-/EDG≥-/CV≤-/μ≥-/TP≥60,350,292,212,80,72.6,-5.53,-12.21,1.14,-16.151,0.286,14
2026-05,total_bases,UNDER,"[-500,-300]",HR≥-/EDG≥-/CV≤-/μ≥-/TP≥65,350,292,212,80,72.6,-5.53,-12.21,1.14,-16.151,0.286,14
2026-05,total_bases,UNDER,"[-500,-300]",HR≥-/EDG≥-/CV≤-/μ≥0.0/TP≥-,98,81,61,20,75.31,-2.02,-14.33,10.3,-1.633,0.583,12
2026-05,total_bases,UNDER,"[-500,-300]",HR≥-/EDG≥-/CV≤-/μ≥0.0/TP≥50,98,81,61,20,75.31,-2.02,-14.33,10.3,-1.633,0.583,12
2026-05,total_bases,UNDER,"[-500,-300]",HR≥-/EDG≥-/CV≤-/μ≥0.0/TP≥55,98,81,61,20,75.31,-2.02,-14.33,10.3,-1.633,0.583,12
2026-05,total_bases,UNDER,"[-500,-300]",HR≥-/EDG≥-/CV≤-/μ≥0.0/TP≥60,98,81,61,20,75.31,-2.02,-14.33,10.3,-1.633,0.583,12
2026-05,total_bases,UNDER,"[-500,-300]",HR≥-/EDG≥-/CV≤-/μ≥0.0/TP≥65,98,81,61,20,75.31,-2.02,-14.33,10.3,-1.633,0.583,12
2026-05,total_bases,UNDER,"[-500,-300]",HR≥-/EDG≥-/CV≤-/μ≥0.5/TP≥-,58,49,36,13,73.47,-4.25,-20.55,12.05,-2.083,0.444,9
2026-05,total_bases,UNDER,"[-500,-300]",HR≥-/EDG≥-/CV≤-/μ≥0.5/TP≥50,58,49,36,13,73.47,-4.25,-20.55,12.05,-2.083,0.444,9
2026-05,total_bases,UNDER,"[-500,-300]",HR≥-/EDG≥-/CV≤-/μ≥0.5/TP≥55,58,49,36,13,73.47,-4.25,-20.55,12.05,-2.083,0.444,9
2026-05,total_bases,UNDER,"[-500,-300]",HR≥-/EDG≥-/CV≤-/μ≥0.5/TP≥60,58,49,36,13,73.47,-4.25,-20.55,12.05,-2.083,0.444,9
2026-05,total_bases,UNDER,"[-500,-300]",HR≥-/EDG≥-/CV≤-/μ≥0.5/TP≥65,58,49,36,13,73.47,-4.25,-20.55,12.05,-2.083,0.444,9
2026-05,total_bases,UNDER,"[-500,-300]",HR≥-/EDG≥-/CV≤-/μ≥1.0/TP≥-,34,31,21,10,67.74,-11.43,-33.32,10.46,-3.543,0.444,9
2026-05,total_bases,UNDER,"[-500,-300]",HR≥-/EDG≥-/CV≤-/μ≥1.0/TP≥50,34,31,21,10,67.74,-11.43,-33.32,10.46,-3.543,0.444,9
2026-05,total_bases,UNDER,"[-500,-300]",HR≥-/EDG≥-/CV≤-/μ≥1.0/TP≥55,34,31,21,10,67.74,-11.43,-33.32,10.46,-3.543,0.444,9
2026-05,total_bases,UNDER,"[-500,-300]",HR≥-/EDG≥-/CV≤-/μ≥1.0/TP≥60,34,31,21,10,67.74,-11.43,-33.32,10.46,-3.543,0.444,9
2026-05,total_bases,UNDER,"[-500,-300]",HR≥-/EDG≥-/CV≤-/μ≥1.0/TP≥65,34,31,21,10,67.74,-11.43,-33.32,10.46,-3.543,0.444,9
2026-05,total_bases,UNDER,"[-500,-300]",HR≥-/EDG≥-5.0/CV≤-/μ≥-/TP≥-,86,71,54,17,76.06,-0.78,-13.84,12.27,-0.555,0.5,14
2026-05,total_bases,UNDER,"[-500,-300]",HR≥-/EDG≥-5.0/CV≤-/μ≥-/TP≥50,86,71,54,17,76.06,-0.78,-13.84,12.27,-0.555,0.5,14
2026-05,total_bases,UNDER,"[-500,-300]",HR≥-/EDG≥-5.0/CV≤-/μ≥-/TP≥55,86,71,54,17,76.06,-0.78,-13.84,12.27,-0.555,0.5,14
2026-05,total_bases,UNDER,"[-500,-300]",HR≥-/EDG≥-5.0/CV≤-/μ≥-/TP≥60,86,71,54,17,76.06,-0.78,-13.84,12.27,-0.555,0.5,14
2026-05,total_bases,UNDER,"[-500,-300]",HR≥-/EDG≥-5.0/CV≤-/μ≥-/TP≥65,86,71,54,17,76.06,-0.78,-13.84,12.27,-0.555,0.5,14
2026-05,total_bases,UNDER,"[-500,-300]",HR≥-/EDG≥0.0/CV≤-/μ≥-/TP≥-,60,50,37,13,74.0,-3.36,-19.41,12.7,-1.678,0.462,13
2026-05,total_bases,UNDER,"[-500,-300]",HR≥-/EDG≥0.0/CV≤-/μ≥-/TP≥50,60,50,37,13,74.0,-3.36,-19.41,12.7,-1.678,0.462,13
2026-05,total_bases,UNDER,"[-500,-300]",HR≥-/EDG≥0.0/CV≤-/μ≥-/TP≥55,60,50,37,13,74.0,-3.36,-19.41,12.7,-1.678,0.462,13
2026-05,total_bases,UNDER,"[-500,-300]",HR≥-/EDG≥0.0/CV≤-/μ≥-/TP≥60,60,50,37,13,74.0,-3.36,-19.41,12.7,-1.678,0.462,13
2026-05,total_bases,UNDER,"[-500,-300]",HR≥-/EDG≥0.0/CV≤-/μ≥-/TP≥65,60,50,37,13,74.0,-3.36,-19.41,12.7,-1.678,0.462,13
2026-05,total_bases,UNDER,"[-500,-300]",HR≥-/EDG≥5.0/CV≤-/μ≥-/TP≥-,42,36,27,9,75.0,-2.15,-20.88,16.59,-0.772,0.4,10
2026-05,total_bases,UNDER,"[-500,-300]",HR≥-/EDG≥5.0/CV≤-/μ≥-/TP≥50,42,36,27,9,75.0,-2.15,-20.88,16.59,-0.772,0.4,10
2026-05,total_bases,UNDER,"[-500,-300]",HR≥-/EDG≥5.0/CV≤-/μ≥-/TP≥55,42,36,27,9,75.0,-2.15,-20.88,16.59,-0.772,0.4,10
2026-05,total_bases,UNDER,"[-500,-300]",HR≥-/EDG≥5.0/CV≤-/μ≥-/TP≥60,42,36,27,9,75.0,-2.15,-20.88,16.59,-0.772,0.4,10
2026-05,total_bases,UNDER,"[-500,-300]",HR≥-/EDG≥5.0/CV≤-/μ≥-/TP≥65,42,36,27,9,75.0,-2.15,-20.88,16.59,-0.772,0.4,10
