family,side,band,cfg,may_n,may_gr,may_ROI,may_CI_lo,may_CI_hi,may_PnL,may_cons,jun_n,jun_gr,jun_ROI,jun_CI_lo,jun_CI_hi,jun_PnL,jun_cons,min_ROI,sum_PnL
pitcher_strikeouts,OVER,"[-4999,-3000]",HR≥75/EDG≥-/CV≤0.45/μ≥-/TP≥-,303,303,2.87,2.83,2.92,8.708,1.0,79,78,1.61,-0.98,4.19,1.254,0.962,1.61,9.962
pitcher_strikeouts,OVER,"[-4999,-3000]",HR≥45/EDG≥-/CV≤0.45/μ≥0.0/TP≥-,303,303,2.87,2.83,2.92,8.708,1.0,79,78,1.61,-0.98,4.19,1.254,0.962,1.61,9.962
pitcher_strikeouts,OVER,"[-4999,-3000]",HR≥65/EDG≥-/CV≤0.45/μ≥-/TP≥-,303,303,2.87,2.83,2.92,8.708,1.0,79,78,1.61,-0.98,4.19,1.254,0.962,1.61,9.962
pitcher_strikeouts,OVER,"[-4999,-3000]",HR≥-/EDG≥-/CV≤0.45/μ≥-/TP≥-,303,303,2.87,2.83,2.92,8.708,1.0,79,78,1.61,-0.98,4.19,1.254,0.962,1.61,9.962
pitcher_strikeouts,OVER,"[-4999,-3000]",HR≥65/EDG≥-/CV≤0.45/μ≥0.5/TP≥-,303,303,2.87,2.83,2.92,8.708,1.0,79,78,1.61,-0.98,4.19,1.254,0.962,1.61,9.962
pitcher_strikeouts,OVER,"[-4999,-3000]",HR≥60/EDG≥-/CV≤0.45/μ≥-/TP≥-,303,303,2.87,2.83,2.92,8.708,1.0,79,78,1.61,-0.98,4.19,1.254,0.962,1.61,9.962
pitcher_strikeouts,OVER,"[-4999,-3000]",HR≥75/EDG≥-/CV≤0.45/μ≥0.5/TP≥-,303,303,2.87,2.83,2.92,8.708,1.0,79,78,1.61,-0.98,4.19,1.254,0.962,1.61,9.962
pitcher_strikeouts,OVER,"[-4999,-3000]",HR≥60/EDG≥-/CV≤0.45/μ≥0.0/TP≥-,303,303,2.87,2.83,2.92,8.708,1.0,79,78,1.61,-0.98,4.19,1.254,0.962,1.61,9.962
pitcher_strikeouts,OVER,"[-4999,-3000]",HR≥55/EDG≥-/CV≤0.45/μ≥0.5/TP≥-,303,303,2.87,2.83,2.92,8.708,1.0,79,78,1.61,-0.98,4.19,1.254,0.962,1.61,9.962
pitcher_strikeouts,OVER,"[-4999,-3000]",HR≥70/EDG≥-/CV≤0.45/μ≥-/TP≥-,303,303,2.87,2.83,2.92,8.708,1.0,79,78,1.61,-0.98,4.19,1.254,0.962,1.61,9.962
pitcher_strikeouts,OVER,"[-4999,-3000]",HR≥45/EDG≥-/CV≤0.45/μ≥-/TP≥-,303,303,2.87,2.83,2.92,8.708,1.0,79,78,1.61,-0.98,4.19,1.254,0.962,1.61,9.962
pitcher_strikeouts,OVER,"[-4999,-3000]",HR≥70/EDG≥-/CV≤0.45/μ≥0.0/TP≥-,303,303,2.87,2.83,2.92,8.708,1.0,79,78,1.61,-0.98,4.19,1.254,0.962,1.61,9.962
pitcher_strikeouts,OVER,"[-4999,-3000]",HR≥50/EDG≥-/CV≤0.45/μ≥0.0/TP≥-,303,303,2.87,2.83,2.92,8.708,1.0,79,78,1.61,-0.98,4.19,1.254,0.962,1.61,9.962
pitcher_strikeouts,OVER,"[-4999,-3000]",HR≥60/EDG≥-/CV≤0.45/μ≥0.5/TP≥-,303,303,2.87,2.83,2.92,8.708,1.0,79,78,1.61,-0.98,4.19,1.254,0.962,1.61,9.962
pitcher_strikeouts,OVER,"[-4999,-3000]",HR≥45/EDG≥-/CV≤0.45/μ≥0.5/TP≥-,303,303,2.87,2.83,2.92,8.708,1.0,79,78,1.61,-0.98,4.19,1.254,0.962,1.61,9.962
pitcher_strikeouts,OVER,"[-4999,-3000]",HR≥50/EDG≥-/CV≤0.45/μ≥0.5/TP≥-,303,303,2.87,2.83,2.92,8.708,1.0,79,78,1.61,-0.98,4.19,1.254,0.962,1.61,9.962
pitcher_strikeouts,OVER,"[-4999,-3000]",HR≥55/EDG≥-/CV≤0.45/μ≥-/TP≥-,303,303,2.87,2.83,2.92,8.708,1.0,79,78,1.61,-0.98,4.19,1.254,0.962,1.61,9.962
pitcher_strikeouts,OVER,"[-4999,-3000]",HR≥-/EDG≥-/CV≤0.45/μ≥0.0/TP≥-,303,303,2.87,2.83,2.92,8.708,1.0,79,78,1.61,-0.98,4.19,1.254,0.962,1.61,9.962
pitcher_strikeouts,OVER,"[-4999,-3000]",HR≥75/EDG≥-/CV≤0.45/μ≥0.0/TP≥-,303,303,2.87,2.83,2.92,8.708,1.0,79,78,1.61,-0.98,4.19,1.254,0.962,1.61,9.962
pitcher_strikeouts,OVER,"[-4999,-3000]",HR≥70/EDG≥-/CV≤0.45/μ≥0.5/TP≥-,303,303,2.87,2.83,2.92,8.708,1.0,79,78,1.61,-0.98,4.19,1.254,0.962,1.61,9.962
pitcher_strikeouts,OVER,"[-4999,-3000]",HR≥-/EDG≥-/CV≤0.45/μ≥0.5/TP≥-,303,303,2.87,2.83,2.92,8.708,1.0,79,78,1.61,-0.98,4.19,1.254,0.962,1.61,9.962
pitcher_strikeouts,OVER,"[-4999,-3000]",HR≥55/EDG≥-/CV≤0.45/μ≥0.0/TP≥-,303,303,2.87,2.83,2.92,8.708,1.0,79,78,1.61,-0.98,4.19,1.254,0.962,1.61,9.962
pitcher_strikeouts,OVER,"[-4999,-3000]",HR≥50/EDG≥-/CV≤0.45/μ≥-/TP≥-,303,303,2.87,2.83,2.92,8.708,1.0,79,78,1.61,-0.98,4.19,1.254,0.962,1.61,9.962
pitcher_strikeouts,OVER,"[-4999,-3000]",HR≥65/EDG≥-/CV≤0.45/μ≥0.0/TP≥-,303,303,2.87,2.83,2.92,8.708,1.0,79,78,1.61,-0.98,4.19,1.254,0.962,1.61,9.962
pitcher_strikeouts,OVER,"[-4999,-3000]",HR≥70/EDG≥-/CV≤0.45/μ≥1.0/TP≥-,303,303,2.87,2.83,2.92,8.708,1.0,78,77,1.6,-1.03,4.22,1.229,0.962,1.6,9.937
pitcher_strikeouts,OVER,"[-4999,-3000]",HR≥65/EDG≥-/CV≤0.45/μ≥1.0/TP≥-,303,303,2.87,2.83,2.92,8.708,1.0,78,77,1.6,-1.03,4.22,1.229,0.962,1.6,9.937
pitcher_strikeouts,OVER,"[-4999,-3000]",HR≥75/EDG≥-/CV≤0.45/μ≥1.0/TP≥-,303,303,2.87,2.83,2.92,8.708,1.0,78,77,1.6,-1.03,4.22,1.229,0.962,1.6,9.937
pitcher_strikeouts,OVER,"[-4999,-3000]",HR≥50/EDG≥-/CV≤0.45/μ≥1.0/TP≥-,303,303,2.87,2.83,2.92,8.708,1.0,78,77,1.6,-1.03,4.22,1.229,0.962,1.6,9.937
pitcher_strikeouts,OVER,"[-4999,-3000]",HR≥60/EDG≥-/CV≤0.45/μ≥1.0/TP≥-,303,303,2.87,2.83,2.92,8.708,1.0,78,77,1.6,-1.03,4.22,1.229,0.962,1.6,9.937
pitcher_strikeouts,OVER,"[-4999,-3000]",HR≥45/EDG≥-/CV≤0.45/μ≥1.0/TP≥-,303,303,2.87,2.83,2.92,8.708,1.0,78,77,1.6,-1.03,4.22,1.229,0.962,1.6,9.937
pitcher_strikeouts,OVER,"[-4999,-3000]",HR≥55/EDG≥-/CV≤0.45/μ≥1.0/TP≥-,303,303,2.87,2.83,2.92,8.708,1.0,78,77,1.6,-1.03,4.22,1.229,0.962,1.6,9.937
pitcher_strikeouts,OVER,"[-4999,-3000]",HR≥-/EDG≥-/CV≤0.45/μ≥1.0/TP≥-,303,303,2.87,2.83,2.92,8.708,1.0,78,77,1.6,-1.03,4.22,1.229,0.962,1.6,9.937
pitcher_strikeouts,OVER,"[-4999,-3000]",HR≥75/EDG≥-/CV≤0.7/μ≥0.0/TP≥-,515,515,1.46,0.43,2.49,7.5,0.929,131,130,1.36,-0.83,3.55,1.77,0.926,1.36,9.27
pitcher_strikeouts,OVER,"[-4999,-3000]",HR≥75/EDG≥-/CV≤0.7/μ≥0.5/TP≥-,515,515,1.46,0.43,2.49,7.5,0.929,131,130,1.36,-0.83,3.55,1.77,0.926,1.36,9.27
pitcher_strikeouts,OVER,"[-4999,-3000]",HR≥75/EDG≥-/CV≤0.7/μ≥-/TP≥-,515,515,1.46,0.43,2.49,7.5,0.929,131,130,1.36,-0.83,3.55,1.77,0.926,1.36,9.27
pitcher_strikeouts,OVER,"[-4999,-3000]",HR≥50/EDG≥-5.0/CV≤-/μ≥-/TP≥-,248,248,2.89,2.83,2.94,7.158,1.0,66,66,1.33,-1.72,4.39,0.88,0.958,1.33,8.038
pitcher_strikeouts,OVER,"[-4999,-3000]",HR≥-/EDG≥-5.0/CV≤-/μ≥1.0/TP≥-,248,248,2.89,2.83,2.94,7.158,1.0,66,66,1.33,-1.72,4.39,0.88,0.958,1.33,8.038
pitcher_strikeouts,OVER,"[-4999,-3000]",HR≥65/EDG≥-5.0/CV≤0.7/μ≥0.5/TP≥-,248,248,2.89,2.83,2.94,7.158,1.0,66,66,1.33,-1.72,4.39,0.88,0.958,1.33,8.038
pitcher_strikeouts,OVER,"[-4999,-3000]",HR≥65/EDG≥-5.0/CV≤-/μ≥-/TP≥-,248,248,2.89,2.83,2.94,7.158,1.0,66,66,1.33,-1.72,4.39,0.88,0.958,1.33,8.038
pitcher_strikeouts,OVER,"[-4999,-3000]",HR≥50/EDG≥-5.0/CV≤0.7/μ≥0.0/TP≥-,248,248,2.89,2.83,2.94,7.158,1.0,66,66,1.33,-1.72,4.39,0.88,0.958,1.33,8.038
pitcher_strikeouts,OVER,"[-4999,-3000]",HR≥70/EDG≥-5.0/CV≤0.7/μ≥-/TP≥-,248,248,2.89,2.83,2.94,7.158,1.0,66,66,1.33,-1.72,4.39,0.88,0.958,1.33,8.038
pitcher_strikeouts,OVER,"[-4999,-3000]",HR≥50/EDG≥-5.0/CV≤0.7/μ≥-/TP≥-,248,248,2.89,2.83,2.94,7.158,1.0,66,66,1.33,-1.72,4.39,0.88,0.958,1.33,8.038
pitcher_strikeouts,OVER,"[-4999,-3000]",HR≥55/EDG≥-5.0/CV≤0.6/μ≥-/TP≥-,248,248,2.89,2.83,2.94,7.158,1.0,66,66,1.33,-1.72,4.39,0.88,0.958,1.33,8.038
pitcher_strikeouts,OVER,"[-4999,-3000]",HR≥70/EDG≥-5.0/CV≤-/μ≥0.0/TP≥-,248,248,2.89,2.83,2.94,7.158,1.0,66,66,1.33,-1.72,4.39,0.88,0.958,1.33,8.038
pitcher_strikeouts,OVER,"[-4999,-3000]",HR≥60/EDG≥-5.0/CV≤0.6/μ≥0.0/TP≥-,248,248,2.89,2.83,2.94,7.158,1.0,66,66,1.33,-1.72,4.39,0.88,0.958,1.33,8.038
pitcher_strikeouts,OVER,"[-4999,-3000]",HR≥65/EDG≥-5.0/CV≤0.6/μ≥1.0/TP≥-,248,248,2.89,2.83,2.94,7.158,1.0,66,66,1.33,-1.72,4.39,0.88,0.958,1.33,8.038
pitcher_strikeouts,OVER,"[-4999,-3000]",HR≥50/EDG≥-5.0/CV≤0.6/μ≥1.0/TP≥-,248,248,2.89,2.83,2.94,7.158,1.0,66,66,1.33,-1.72,4.39,0.88,0.958,1.33,8.038
pitcher_strikeouts,OVER,"[-4999,-3000]",HR≥65/EDG≥-5.0/CV≤0.6/μ≥0.5/TP≥-,248,248,2.89,2.83,2.94,7.158,1.0,66,66,1.33,-1.72,4.39,0.88,0.958,1.33,8.038
pitcher_strikeouts,OVER,"[-4999,-3000]",HR≥75/EDG≥-5.0/CV≤0.7/μ≥0.0/TP≥-,248,248,2.89,2.83,2.94,7.158,1.0,66,66,1.33,-1.72,4.39,0.88,0.958,1.33,8.038
pitcher_strikeouts,OVER,"[-4999,-3000]",HR≥70/EDG≥-5.0/CV≤0.6/μ≥-/TP≥-,248,248,2.89,2.83,2.94,7.158,1.0,66,66,1.33,-1.72,4.39,0.88,0.958,1.33,8.038
pitcher_strikeouts,OVER,"[-4999,-3000]",HR≥75/EDG≥-5.0/CV≤0.6/μ≥-/TP≥-,248,248,2.89,2.83,2.94,7.158,1.0,66,66,1.33,-1.72,4.39,0.88,0.958,1.33,8.038
pitcher_strikeouts,OVER,"[-4999,-3000]",HR≥65/EDG≥-5.0/CV≤-/μ≥0.5/TP≥-,248,248,2.89,2.83,2.94,7.158,1.0,66,66,1.33,-1.72,4.39,0.88,0.958,1.33,8.038
pitcher_strikeouts,OVER,"[-4999,-3000]",HR≥65/EDG≥-5.0/CV≤0.6/μ≥0.0/TP≥-,248,248,2.89,2.83,2.94,7.158,1.0,66,66,1.33,-1.72,4.39,0.88,0.958,1.33,8.038
pitcher_strikeouts,OVER,"[-4999,-3000]",HR≥55/EDG≥-5.0/CV≤0.6/μ≥0.5/TP≥-,248,248,2.89,2.83,2.94,7.158,1.0,66,66,1.33,-1.72,4.39,0.88,0.958,1.33,8.038
pitcher_strikeouts,OVER,"[-4999,-3000]",HR≥45/EDG≥-5.0/CV≤0.7/μ≥-/TP≥-,248,248,2.89,2.83,2.94,7.158,1.0,66,66,1.33,-1.72,4.39,0.88,0.958,1.33,8.038
pitcher_strikeouts,OVER,"[-4999,-3000]",HR≥75/EDG≥-5.0/CV≤-/μ≥-/TP≥-,248,248,2.89,2.83,2.94,7.158,1.0,66,66,1.33,-1.72,4.39,0.88,0.958,1.33,8.038
pitcher_strikeouts,OVER,"[-4999,-3000]",HR≥-/EDG≥-5.0/CV≤0.6/μ≥-/TP≥-,248,248,2.89,2.83,2.94,7.158,1.0,66,66,1.33,-1.72,4.39,0.88,0.958,1.33,8.038
pitcher_strikeouts,OVER,"[-4999,-3000]",HR≥50/EDG≥-5.0/CV≤-/μ≥1.0/TP≥-,248,248,2.89,2.83,2.94,7.158,1.0,66,66,1.33,-1.72,4.39,0.88,0.958,1.33,8.038
pitcher_strikeouts,OVER,"[-4999,-3000]",HR≥-/EDG≥-5.0/CV≤0.7/μ≥0.5/TP≥-,248,248,2.89,2.83,2.94,7.158,1.0,66,66,1.33,-1.72,4.39,0.88,0.958,1.33,8.038
pitcher_strikeouts,OVER,"[-4999,-3000]",HR≥60/EDG≥-5.0/CV≤0.6/μ≥-/TP≥-,248,248,2.89,2.83,2.94,7.158,1.0,66,66,1.33,-1.72,4.39,0.88,0.958,1.33,8.038
pitcher_strikeouts,OVER,"[-4999,-3000]",HR≥75/EDG≥-5.0/CV≤0.7/μ≥-/TP≥-,248,248,2.89,2.83,2.94,7.158,1.0,66,66,1.33,-1.72,4.39,0.88,0.958,1.33,8.038
pitcher_strikeouts,OVER,"[-4999,-3000]",HR≥70/EDG≥-5.0/CV≤0.6/μ≥0.5/TP≥-,248,248,2.89,2.83,2.94,7.158,1.0,66,66,1.33,-1.72,4.39,0.88,0.958,1.33,8.038
pitcher_strikeouts,OVER,"[-4999,-3000]",HR≥45/EDG≥-5.0/CV≤0.7/μ≥0.0/TP≥-,248,248,2.89,2.83,2.94,7.158,1.0,66,66,1.33,-1.72,4.39,0.88,0.958,1.33,8.038
pitcher_strikeouts,OVER,"[-4999,-3000]",HR≥50/EDG≥-5.0/CV≤0.6/μ≥0.5/TP≥-,248,248,2.89,2.83,2.94,7.158,1.0,66,66,1.33,-1.72,4.39,0.88,0.958,1.33,8.038
pitcher_strikeouts,OVER,"[-4999,-3000]",HR≥65/EDG≥-5.0/CV≤0.7/μ≥-/TP≥-,248,248,2.89,2.83,2.94,7.158,1.0,66,66,1.33,-1.72,4.39,0.88,0.958,1.33,8.038
pitcher_strikeouts,OVER,"[-4999,-3000]",HR≥55/EDG≥-5.0/CV≤0.7/μ≥0.0/TP≥-,248,248,2.89,2.83,2.94,7.158,1.0,66,66,1.33,-1.72,4.39,0.88,0.958,1.33,8.038
pitcher_strikeouts,OVER,"[-4999,-3000]",HR≥45/EDG≥-5.0/CV≤-/μ≥-/TP≥-,248,248,2.89,2.83,2.94,7.158,1.0,66,66,1.33,-1.72,4.39,0.88,0.958,1.33,8.038
pitcher_strikeouts,OVER,"[-4999,-3000]",HR≥60/EDG≥-5.0/CV≤0.6/μ≥0.5/TP≥-,248,248,2.89,2.83,2.94,7.158,1.0,66,66,1.33,-1.72,4.39,0.88,0.958,1.33,8.038
pitcher_strikeouts,OVER,"[-4999,-3000]",HR≥75/EDG≥-5.0/CV≤0.6/μ≥0.0/TP≥-,248,248,2.89,2.83,2.94,7.158,1.0,66,66,1.33,-1.72,4.39,0.88,0.958,1.33,8.038
pitcher_strikeouts,OVER,"[-4999,-3000]",HR≥70/EDG≥-5.0/CV≤0.7/μ≥1.0/TP≥-,248,248,2.89,2.83,2.94,7.158,1.0,66,66,1.33,-1.72,4.39,0.88,0.958,1.33,8.038
pitcher_strikeouts,OVER,"[-4999,-3000]",HR≥60/EDG≥-5.0/CV≤-/μ≥0.0/TP≥-,248,248,2.89,2.83,2.94,7.158,1.0,66,66,1.33,-1.72,4.39,0.88,0.958,1.33,8.038
pitcher_strikeouts,OVER,"[-4999,-3000]",HR≥45/EDG≥-5.0/CV≤0.6/μ≥1.0/TP≥-,248,248,2.89,2.83,2.94,7.158,1.0,66,66,1.33,-1.72,4.39,0.88,0.958,1.33,8.038
pitcher_strikeouts,OVER,"[-4999,-3000]",HR≥45/EDG≥-5.0/CV≤0.7/μ≥0.5/TP≥-,248,248,2.89,2.83,2.94,7.158,1.0,66,66,1.33,-1.72,4.39,0.88,0.958,1.33,8.038
pitcher_strikeouts,OVER,"[-4999,-3000]",HR≥55/EDG≥-5.0/CV≤0.7/μ≥-/TP≥-,248,248,2.89,2.83,2.94,7.158,1.0,66,66,1.33,-1.72,4.39,0.88,0.958,1.33,8.038
pitcher_strikeouts,OVER,"[-4999,-3000]",HR≥45/EDG≥-5.0/CV≤0.7/μ≥1.0/TP≥-,248,248,2.89,2.83,2.94,7.158,1.0,66,66,1.33,-1.72,4.39,0.88,0.958,1.33,8.038
pitcher_strikeouts,OVER,"[-4999,-3000]",HR≥75/EDG≥-5.0/CV≤-/μ≥1.0/TP≥-,248,248,2.89,2.83,2.94,7.158,1.0,66,66,1.33,-1.72,4.39,0.88,0.958,1.33,8.038
pitcher_strikeouts,OVER,"[-4999,-3000]",HR≥65/EDG≥-5.0/CV≤-/μ≥0.0/TP≥-,248,248,2.89,2.83,2.94,7.158,1.0,66,66,1.33,-1.72,4.39,0.88,0.958,1.33,8.038
pitcher_strikeouts,OVER,"[-4999,-3000]",HR≥55/EDG≥-5.0/CV≤0.7/μ≥0.5/TP≥-,248,248,2.89,2.83,2.94,7.158,1.0,66,66,1.33,-1.72,4.39,0.88,0.958,1.33,8.038
pitcher_strikeouts,OVER,"[-4999,-3000]",HR≥60/EDG≥-5.0/CV≤0.6/μ≥1.0/TP≥-,248,248,2.89,2.83,2.94,7.158,1.0,66,66,1.33,-1.72,4.39,0.88,0.958,1.33,8.038
pitcher_strikeouts,OVER,"[-4999,-3000]",HR≥45/EDG≥-5.0/CV≤0.6/μ≥-/TP≥-,248,248,2.89,2.83,2.94,7.158,1.0,66,66,1.33,-1.72,4.39,0.88,0.958,1.33,8.038
pitcher_strikeouts,OVER,"[-4999,-3000]",HR≥75/EDG≥-5.0/CV≤-/μ≥0.0/TP≥-,248,248,2.89,2.83,2.94,7.158,1.0,66,66,1.33,-1.72,4.39,0.88,0.958,1.33,8.038
pitcher_strikeouts,OVER,"[-4999,-3000]",HR≥75/EDG≥-5.0/CV≤-/μ≥0.5/TP≥-,248,248,2.89,2.83,2.94,7.158,1.0,66,66,1.33,-1.72,4.39,0.88,0.958,1.33,8.038
pitcher_strikeouts,OVER,"[-4999,-3000]",HR≥45/EDG≥-5.0/CV≤-/μ≥1.0/TP≥-,248,248,2.89,2.83,2.94,7.158,1.0,66,66,1.33,-1.72,4.39,0.88,0.958,1.33,8.038
pitcher_strikeouts,OVER,"[-4999,-3000]",HR≥60/EDG≥-5.0/CV≤0.7/μ≥0.0/TP≥-,248,248,2.89,2.83,2.94,7.158,1.0,66,66,1.33,-1.72,4.39,0.88,0.958,1.33,8.038
pitcher_strikeouts,OVER,"[-4999,-3000]",HR≥50/EDG≥-5.0/CV≤-/μ≥0.5/TP≥-,248,248,2.89,2.83,2.94,7.158,1.0,66,66,1.33,-1.72,4.39,0.88,0.958,1.33,8.038
pitcher_strikeouts,OVER,"[-4999,-3000]",HR≥-/EDG≥-5.0/CV≤0.7/μ≥-/TP≥-,248,248,2.89,2.83,2.94,7.158,1.0,66,66,1.33,-1.72,4.39,0.88,0.958,1.33,8.038
pitcher_strikeouts,OVER,"[-4999,-3000]",HR≥-/EDG≥-5.0/CV≤0.7/μ≥1.0/TP≥-,248,248,2.89,2.83,2.94,7.158,1.0,66,66,1.33,-1.72,4.39,0.88,0.958,1.33,8.038
pitcher_strikeouts,OVER,"[-4999,-3000]",HR≥70/EDG≥-5.0/CV≤-/μ≥1.0/TP≥-,248,248,2.89,2.83,2.94,7.158,1.0,66,66,1.33,-1.72,4.39,0.88,0.958,1.33,8.038
pitcher_strikeouts,OVER,"[-4999,-3000]",HR≥-/EDG≥-5.0/CV≤-/μ≥0.5/TP≥-,248,248,2.89,2.83,2.94,7.158,1.0,66,66,1.33,-1.72,4.39,0.88,0.958,1.33,8.038
pitcher_strikeouts,OVER,"[-4999,-3000]",HR≥75/EDG≥-5.0/CV≤0.6/μ≥0.5/TP≥-,248,248,2.89,2.83,2.94,7.158,1.0,66,66,1.33,-1.72,4.39,0.88,0.958,1.33,8.038
pitcher_strikeouts,OVER,"[-4999,-3000]",HR≥-/EDG≥-5.0/CV≤-/μ≥-/TP≥-,248,248,2.89,2.83,2.94,7.158,1.0,66,66,1.33,-1.72,4.39,0.88,0.958,1.33,8.038
pitcher_strikeouts,OVER,"[-4999,-3000]",HR≥50/EDG≥-5.0/CV≤0.6/μ≥-/TP≥-,248,248,2.89,2.83,2.94,7.158,1.0,66,66,1.33,-1.72,4.39,0.88,0.958,1.33,8.038
pitcher_strikeouts,OVER,"[-4999,-3000]",HR≥50/EDG≥-5.0/CV≤0.6/μ≥0.0/TP≥-,248,248,2.89,2.83,2.94,7.158,1.0,66,66,1.33,-1.72,4.39,0.88,0.958,1.33,8.038
pitcher_strikeouts,OVER,"[-4999,-3000]",HR≥70/EDG≥-5.0/CV≤0.6/μ≥1.0/TP≥-,248,248,2.89,2.83,2.94,7.158,1.0,66,66,1.33,-1.72,4.39,0.88,0.958,1.33,8.038
pitcher_strikeouts,OVER,"[-4999,-3000]",HR≥60/EDG≥-5.0/CV≤-/μ≥0.5/TP≥-,248,248,2.89,2.83,2.94,7.158,1.0,66,66,1.33,-1.72,4.39,0.88,0.958,1.33,8.038
pitcher_strikeouts,OVER,"[-4999,-3000]",HR≥-/EDG≥-5.0/CV≤0.6/μ≥1.0/TP≥-,248,248,2.89,2.83,2.94,7.158,1.0,66,66,1.33,-1.72,4.39,0.88,0.958,1.33,8.038
pitcher_strikeouts,OVER,"[-4999,-3000]",HR≥75/EDG≥-5.0/CV≤0.7/μ≥0.5/TP≥-,248,248,2.89,2.83,2.94,7.158,1.0,66,66,1.33,-1.72,4.39,0.88,0.958,1.33,8.038
pitcher_strikeouts,OVER,"[-4999,-3000]",HR≥65/EDG≥-5.0/CV≤0.7/μ≥0.0/TP≥-,248,248,2.89,2.83,2.94,7.158,1.0,66,66,1.33,-1.72,4.39,0.88,0.958,1.33,8.038
pitcher_strikeouts,OVER,"[-4999,-3000]",HR≥60/EDG≥-5.0/CV≤0.7/μ≥1.0/TP≥-,248,248,2.89,2.83,2.94,7.158,1.0,66,66,1.33,-1.72,4.39,0.88,0.958,1.33,8.038
pitcher_strikeouts,OVER,"[-4999,-3000]",HR≥55/EDG≥-5.0/CV≤-/μ≥1.0/TP≥-,248,248,2.89,2.83,2.94,7.158,1.0,66,66,1.33,-1.72,4.39,0.88,0.958,1.33,8.038
pitcher_strikeouts,OVER,"[-4999,-3000]",HR≥50/EDG≥-5.0/CV≤0.7/μ≥0.5/TP≥-,248,248,2.89,2.83,2.94,7.158,1.0,66,66,1.33,-1.72,4.39,0.88,0.958,1.33,8.038
pitcher_strikeouts,OVER,"[-4999,-3000]",HR≥60/EDG≥-5.0/CV≤0.7/μ≥0.5/TP≥-,248,248,2.89,2.83,2.94,7.158,1.0,66,66,1.33,-1.72,4.39,0.88,0.958,1.33,8.038
pitcher_strikeouts,OVER,"[-4999,-3000]",HR≥55/EDG≥-5.0/CV≤-/μ≥-/TP≥-,248,248,2.89,2.83,2.94,7.158,1.0,66,66,1.33,-1.72,4.39,0.88,0.958,1.33,8.038
pitcher_strikeouts,OVER,"[-4999,-3000]",HR≥45/EDG≥-5.0/CV≤0.6/μ≥0.0/TP≥-,248,248,2.89,2.83,2.94,7.158,1.0,66,66,1.33,-1.72,4.39,0.88,0.958,1.33,8.038
pitcher_strikeouts,OVER,"[-4999,-3000]",HR≥50/EDG≥-5.0/CV≤0.7/μ≥1.0/TP≥-,248,248,2.89,2.83,2.94,7.158,1.0,66,66,1.33,-1.72,4.39,0.88,0.958,1.33,8.038
pitcher_strikeouts,OVER,"[-4999,-3000]",HR≥60/EDG≥-5.0/CV≤0.7/μ≥-/TP≥-,248,248,2.89,2.83,2.94,7.158,1.0,66,66,1.33,-1.72,4.39,0.88,0.958,1.33,8.038
pitcher_strikeouts,OVER,"[-4999,-3000]",HR≥75/EDG≥-5.0/CV≤0.7/μ≥1.0/TP≥-,248,248,2.89,2.83,2.94,7.158,1.0,66,66,1.33,-1.72,4.39,0.88,0.958,1.33,8.038
pitcher_strikeouts,OVER,"[-4999,-3000]",HR≥70/EDG≥-5.0/CV≤0.7/μ≥0.5/TP≥-,248,248,2.89,2.83,2.94,7.158,1.0,66,66,1.33,-1.72,4.39,0.88,0.958,1.33,8.038
pitcher_strikeouts,OVER,"[-4999,-3000]",HR≥70/EDG≥-5.0/CV≤0.7/μ≥0.0/TP≥-,248,248,2.89,2.83,2.94,7.158,1.0,66,66,1.33,-1.72,4.39,0.88,0.958,1.33,8.038
pitcher_strikeouts,OVER,"[-4999,-3000]",HR≥-/EDG≥-5.0/CV≤-/μ≥0.0/TP≥-,248,248,2.89,2.83,2.94,7.158,1.0,66,66,1.33,-1.72,4.39,0.88,0.958,1.33,8.038
pitcher_strikeouts,OVER,"[-4999,-3000]",HR≥55/EDG≥-5.0/CV≤-/μ≥0.5/TP≥-,248,248,2.89,2.83,2.94,7.158,1.0,66,66,1.33,-1.72,4.39,0.88,0.958,1.33,8.038
pitcher_strikeouts,OVER,"[-4999,-3000]",HR≥-/EDG≥-5.0/CV≤0.6/μ≥0.0/TP≥-,248,248,2.89,2.83,2.94,7.158,1.0,66,66,1.33,-1.72,4.39,0.88,0.958,1.33,8.038
pitcher_strikeouts,OVER,"[-4999,-3000]",HR≥45/EDG≥-5.0/CV≤-/μ≥0.0/TP≥-,248,248,2.89,2.83,2.94,7.158,1.0,66,66,1.33,-1.72,4.39,0.88,0.958,1.33,8.038
pitcher_strikeouts,OVER,"[-4999,-3000]",HR≥75/EDG≥-5.0/CV≤0.6/μ≥1.0/TP≥-,248,248,2.89,2.83,2.94,7.158,1.0,66,66,1.33,-1.72,4.39,0.88,0.958,1.33,8.038
pitcher_strikeouts,OVER,"[-4999,-3000]",HR≥70/EDG≥-5.0/CV≤-/μ≥-/TP≥-,248,248,2.89,2.83,2.94,7.158,1.0,66,66,1.33,-1.72,4.39,0.88,0.958,1.33,8.038
pitcher_strikeouts,OVER,"[-4999,-3000]",HR≥-/EDG≥-5.0/CV≤0.6/μ≥0.5/TP≥-,248,248,2.89,2.83,2.94,7.158,1.0,66,66,1.33,-1.72,4.39,0.88,0.958,1.33,8.038
pitcher_strikeouts,OVER,"[-4999,-3000]",HR≥45/EDG≥-5.0/CV≤0.6/μ≥0.5/TP≥-,248,248,2.89,2.83,2.94,7.158,1.0,66,66,1.33,-1.72,4.39,0.88,0.958,1.33,8.038
pitcher_strikeouts,OVER,"[-4999,-3000]",HR≥55/EDG≥-5.0/CV≤0.7/μ≥1.0/TP≥-,248,248,2.89,2.83,2.94,7.158,1.0,66,66,1.33,-1.72,4.39,0.88,0.958,1.33,8.038
pitcher_strikeouts,OVER,"[-4999,-3000]",HR≥65/EDG≥-5.0/CV≤0.7/μ≥1.0/TP≥-,248,248,2.89,2.83,2.94,7.158,1.0,66,66,1.33,-1.72,4.39,0.88,0.958,1.33,8.038
pitcher_strikeouts,OVER,"[-4999,-3000]",HR≥70/EDG≥-5.0/CV≤-/μ≥0.5/TP≥-,248,248,2.89,2.83,2.94,7.158,1.0,66,66,1.33,-1.72,4.39,0.88,0.958,1.33,8.038
pitcher_strikeouts,OVER,"[-4999,-3000]",HR≥60/EDG≥-5.0/CV≤-/μ≥1.0/TP≥-,248,248,2.89,2.83,2.94,7.158,1.0,66,66,1.33,-1.72,4.39,0.88,0.958,1.33,8.038
pitcher_strikeouts,OVER,"[-4999,-3000]",HR≥60/EDG≥-5.0/CV≤-/μ≥-/TP≥-,248,248,2.89,2.83,2.94,7.158,1.0,66,66,1.33,-1.72,4.39,0.88,0.958,1.33,8.038
pitcher_strikeouts,OVER,"[-4999,-3000]",HR≥-/EDG≥-5.0/CV≤0.7/μ≥0.0/TP≥-,248,248,2.89,2.83,2.94,7.158,1.0,66,66,1.33,-1.72,4.39,0.88,0.958,1.33,8.038
pitcher_strikeouts,OVER,"[-4999,-3000]",HR≥45/EDG≥-5.0/CV≤-/μ≥0.5/TP≥-,248,248,2.89,2.83,2.94,7.158,1.0,66,66,1.33,-1.72,4.39,0.88,0.958,1.33,8.038
pitcher_strikeouts,OVER,"[-4999,-3000]",HR≥55/EDG≥-5.0/CV≤0.6/μ≥0.0/TP≥-,248,248,2.89,2.83,2.94,7.158,1.0,66,66,1.33,-1.72,4.39,0.88,0.958,1.33,8.038
pitcher_strikeouts,OVER,"[-4999,-3000]",HR≥50/EDG≥-5.0/CV≤-/μ≥0.0/TP≥-,248,248,2.89,2.83,2.94,7.158,1.0,66,66,1.33,-1.72,4.39,0.88,0.958,1.33,8.038
pitcher_strikeouts,OVER,"[-4999,-3000]",HR≥55/EDG≥-5.0/CV≤-/μ≥0.0/TP≥-,248,248,2.89,2.83,2.94,7.158,1.0,66,66,1.33,-1.72,4.39,0.88,0.958,1.33,8.038
pitcher_strikeouts,OVER,"[-4999,-3000]",HR≥65/EDG≥-5.0/CV≤0.6/μ≥-/TP≥-,248,248,2.89,2.83,2.94,7.158,1.0,66,66,1.33,-1.72,4.39,0.88,0.958,1.33,8.038
pitcher_strikeouts,OVER,"[-4999,-3000]",HR≥65/EDG≥-5.0/CV≤-/μ≥1.0/TP≥-,248,248,2.89,2.83,2.94,7.158,1.0,66,66,1.33,-1.72,4.39,0.88,0.958,1.33,8.038
pitcher_strikeouts,OVER,"[-4999,-3000]",HR≥70/EDG≥-5.0/CV≤0.6/μ≥0.0/TP≥-,248,248,2.89,2.83,2.94,7.158,1.0,66,66,1.33,-1.72,4.39,0.88,0.958,1.33,8.038
pitcher_strikeouts,OVER,"[-4999,-3000]",HR≥55/EDG≥-5.0/CV≤0.6/μ≥1.0/TP≥-,248,248,2.89,2.83,2.94,7.158,1.0,66,66,1.33,-1.72,4.39,0.88,0.958,1.33,8.038
pitcher_strikeouts,OVER,"[-4999,-3000]",HR≥75/EDG≥-/CV≤0.7/μ≥1.0/TP≥-,515,515,1.46,0.43,2.49,7.5,0.929,126,125,1.31,-0.97,3.58,1.633,0.926,1.31,9.133
pitcher_strikeouts,OVER,"[-4999,-3000]",HR≥50/EDG≥-5.0/CV≤0.5/μ≥0.0/TP≥-,233,233,2.91,2.86,2.96,6.783,1.0,62,62,1.23,-2.02,4.48,0.763,0.957,1.23,7.546
pitcher_strikeouts,OVER,"[-4999,-3000]",HR≥-/EDG≥-5.0/CV≤0.5/μ≥-/TP≥-,233,233,2.91,2.86,2.96,6.783,1.0,62,62,1.23,-2.02,4.48,0.763,0.957,1.23,7.546
pitcher_strikeouts,OVER,"[-4999,-3000]",HR≥70/EDG≥-5.0/CV≤0.5/μ≥0.5/TP≥-,233,233,2.91,2.86,2.96,6.783,1.0,62,62,1.23,-2.02,4.48,0.763,0.957,1.23,7.546
pitcher_strikeouts,OVER,"[-4999,-3000]",HR≥70/EDG≥-5.0/CV≤0.5/μ≥0.0/TP≥-,233,233,2.91,2.86,2.96,6.783,1.0,62,62,1.23,-2.02,4.48,0.763,0.957,1.23,7.546
pitcher_strikeouts,OVER,"[-4999,-3000]",HR≥75/EDG≥-5.0/CV≤0.5/μ≥1.0/TP≥-,233,233,2.91,2.86,2.96,6.783,1.0,62,62,1.23,-2.02,4.48,0.763,0.957,1.23,7.546
pitcher_strikeouts,OVER,"[-4999,-3000]",HR≥55/EDG≥-5.0/CV≤0.5/μ≥1.0/TP≥-,233,233,2.91,2.86,2.96,6.783,1.0,62,62,1.23,-2.02,4.48,0.763,0.957,1.23,7.546
pitcher_strikeouts,OVER,"[-4999,-3000]",HR≥75/EDG≥-5.0/CV≤0.5/μ≥-/TP≥-,233,233,2.91,2.86,2.96,6.783,1.0,62,62,1.23,-2.02,4.48,0.763,0.957,1.23,7.546
pitcher_strikeouts,OVER,"[-4999,-3000]",HR≥-/EDG≥-5.0/CV≤0.5/μ≥1.0/TP≥-,233,233,2.91,2.86,2.96,6.783,1.0,62,62,1.23,-2.02,4.48,0.763,0.957,1.23,7.546
pitcher_strikeouts,OVER,"[-4999,-3000]",HR≥45/EDG≥-5.0/CV≤0.5/μ≥0.0/TP≥-,233,233,2.91,2.86,2.96,6.783,1.0,62,62,1.23,-2.02,4.48,0.763,0.957,1.23,7.546
pitcher_strikeouts,OVER,"[-4999,-3000]",HR≥-/EDG≥-5.0/CV≤0.5/μ≥0.0/TP≥-,233,233,2.91,2.86,2.96,6.783,1.0,62,62,1.23,-2.02,4.48,0.763,0.957,1.23,7.546
pitcher_strikeouts,OVER,"[-4999,-3000]",HR≥45/EDG≥-5.0/CV≤0.5/μ≥1.0/TP≥-,233,233,2.91,2.86,2.96,6.783,1.0,62,62,1.23,-2.02,4.48,0.763,0.957,1.23,7.546
pitcher_strikeouts,OVER,"[-4999,-3000]",HR≥65/EDG≥-5.0/CV≤0.5/μ≥0.0/TP≥-,233,233,2.91,2.86,2.96,6.783,1.0,62,62,1.23,-2.02,4.48,0.763,0.957,1.23,7.546
pitcher_strikeouts,OVER,"[-4999,-3000]",HR≥75/EDG≥-5.0/CV≤0.5/μ≥0.5/TP≥-,233,233,2.91,2.86,2.96,6.783,1.0,62,62,1.23,-2.02,4.48,0.763,0.957,1.23,7.546
pitcher_strikeouts,OVER,"[-4999,-3000]",HR≥60/EDG≥-5.0/CV≤0.5/μ≥-/TP≥-,233,233,2.91,2.86,2.96,6.783,1.0,62,62,1.23,-2.02,4.48,0.763,0.957,1.23,7.546
pitcher_strikeouts,OVER,"[-4999,-3000]",HR≥65/EDG≥-5.0/CV≤0.5/μ≥0.5/TP≥-,233,233,2.91,2.86,2.96,6.783,1.0,62,62,1.23,-2.02,4.48,0.763,0.957,1.23,7.546
pitcher_strikeouts,OVER,"[-4999,-3000]",HR≥55/EDG≥-5.0/CV≤0.5/μ≥-/TP≥-,233,233,2.91,2.86,2.96,6.783,1.0,62,62,1.23,-2.02,4.48,0.763,0.957,1.23,7.546
pitcher_strikeouts,OVER,"[-4999,-3000]",HR≥45/EDG≥-5.0/CV≤0.5/μ≥0.5/TP≥-,233,233,2.91,2.86,2.96,6.783,1.0,62,62,1.23,-2.02,4.48,0.763,0.957,1.23,7.546
pitcher_strikeouts,OVER,"[-4999,-3000]",HR≥45/EDG≥-5.0/CV≤0.5/μ≥-/TP≥-,233,233,2.91,2.86,2.96,6.783,1.0,62,62,1.23,-2.02,4.48,0.763,0.957,1.23,7.546
pitcher_strikeouts,OVER,"[-4999,-3000]",HR≥65/EDG≥-5.0/CV≤0.5/μ≥-/TP≥-,233,233,2.91,2.86,2.96,6.783,1.0,62,62,1.23,-2.02,4.48,0.763,0.957,1.23,7.546
pitcher_strikeouts,OVER,"[-4999,-3000]",HR≥60/EDG≥-5.0/CV≤0.5/μ≥0.5/TP≥-,233,233,2.91,2.86,2.96,6.783,1.0,62,62,1.23,-2.02,4.48,0.763,0.957,1.23,7.546
pitcher_strikeouts,OVER,"[-4999,-3000]",HR≥70/EDG≥-5.0/CV≤0.5/μ≥-/TP≥-,233,233,2.91,2.86,2.96,6.783,1.0,62,62,1.23,-2.02,4.48,0.763,0.957,1.23,7.546
pitcher_strikeouts,OVER,"[-4999,-3000]",HR≥55/EDG≥-5.0/CV≤0.5/μ≥0.5/TP≥-,233,233,2.91,2.86,2.96,6.783,1.0,62,62,1.23,-2.02,4.48,0.763,0.957,1.23,7.546
pitcher_strikeouts,OVER,"[-4999,-3000]",HR≥60/EDG≥-5.0/CV≤0.5/μ≥0.0/TP≥-,233,233,2.91,2.86,2.96,6.783,1.0,62,62,1.23,-2.02,4.48,0.763,0.957,1.23,7.546
pitcher_strikeouts,OVER,"[-4999,-3000]",HR≥50/EDG≥-5.0/CV≤0.5/μ≥0.5/TP≥-,233,233,2.91,2.86,2.96,6.783,1.0,62,62,1.23,-2.02,4.48,0.763,0.957,1.23,7.546
pitcher_strikeouts,OVER,"[-4999,-3000]",HR≥75/EDG≥-5.0/CV≤0.5/μ≥0.0/TP≥-,233,233,2.91,2.86,2.96,6.783,1.0,62,62,1.23,-2.02,4.48,0.763,0.957,1.23,7.546
pitcher_strikeouts,OVER,"[-4999,-3000]",HR≥60/EDG≥-5.0/CV≤0.5/μ≥1.0/TP≥-,233,233,2.91,2.86,2.96,6.783,1.0,62,62,1.23,-2.02,4.48,0.763,0.957,1.23,7.546
pitcher_strikeouts,OVER,"[-4999,-3000]",HR≥50/EDG≥-5.0/CV≤0.5/μ≥-/TP≥-,233,233,2.91,2.86,2.96,6.783,1.0,62,62,1.23,-2.02,4.48,0.763,0.957,1.23,7.546
pitcher_strikeouts,OVER,"[-4999,-3000]",HR≥55/EDG≥-5.0/CV≤0.5/μ≥0.0/TP≥-,233,233,2.91,2.86,2.96,6.783,1.0,62,62,1.23,-2.02,4.48,0.763,0.957,1.23,7.546
pitcher_strikeouts,OVER,"[-4999,-3000]",HR≥50/EDG≥-5.0/CV≤0.5/μ≥1.0/TP≥-,233,233,2.91,2.86,2.96,6.783,1.0,62,62,1.23,-2.02,4.48,0.763,0.957,1.23,7.546
pitcher_strikeouts,OVER,"[-4999,-3000]",HR≥70/EDG≥-5.0/CV≤0.5/μ≥1.0/TP≥-,233,233,2.91,2.86,2.96,6.783,1.0,62,62,1.23,-2.02,4.48,0.763,0.957,1.23,7.546
pitcher_strikeouts,OVER,"[-4999,-3000]",HR≥-/EDG≥-5.0/CV≤0.5/μ≥0.5/TP≥-,233,233,2.91,2.86,2.96,6.783,1.0,62,62,1.23,-2.02,4.48,0.763,0.957,1.23,7.546
pitcher_strikeouts,OVER,"[-4999,-3000]",HR≥65/EDG≥-5.0/CV≤0.5/μ≥1.0/TP≥-,233,233,2.91,2.86,2.96,6.783,1.0,62,62,1.23,-2.02,4.48,0.763,0.957,1.23,7.546
pitcher_strikeouts,OVER,"[-4999,-3000]",HR≥-/EDG≥-/CV≤0.4/μ≥0.0/TP≥-,226,226,2.98,2.92,3.03,6.725,1.0,61,60,1.18,-2.18,4.55,0.711,0.96,1.18,7.436
pitcher_strikeouts,OVER,"[-4999,-3000]",HR≥-/EDG≥-/CV≤0.4/μ≥0.5/TP≥-,226,226,2.98,2.92,3.03,6.725,1.0,61,60,1.18,-2.18,4.55,0.711,0.96,1.18,7.436
pitcher_strikeouts,OVER,"[-4999,-3000]",HR≥-/EDG≥-/CV≤0.4/μ≥-/TP≥-,226,226,2.98,2.92,3.03,6.725,1.0,61,60,1.18,-2.18,4.55,0.711,0.96,1.18,7.436
pitcher_strikeouts,OVER,"[-4999,-3000]",HR≥75/EDG≥-/CV≤0.4/μ≥0.5/TP≥-,226,226,2.98,2.92,3.03,6.725,1.0,61,60,1.18,-2.18,4.55,0.711,0.96,1.18,7.436
pitcher_strikeouts,OVER,"[-4999,-3000]",HR≥45/EDG≥-/CV≤0.4/μ≥0.0/TP≥-,226,226,2.98,2.92,3.03,6.725,1.0,61,60,1.18,-2.18,4.55,0.711,0.96,1.18,7.436
pitcher_strikeouts,OVER,"[-4999,-3000]",HR≥60/EDG≥-/CV≤0.4/μ≥-/TP≥-,226,226,2.98,2.92,3.03,6.725,1.0,61,60,1.18,-2.18,4.55,0.711,0.96,1.18,7.436
pitcher_strikeouts,OVER,"[-4999,-3000]",HR≥70/EDG≥-/CV≤0.4/μ≥0.0/TP≥-,226,226,2.98,2.92,3.03,6.725,1.0,61,60,1.18,-2.18,4.55,0.711,0.96,1.18,7.436
pitcher_strikeouts,OVER,"[-4999,-3000]",HR≥50/EDG≥-/CV≤0.4/μ≥0.0/TP≥-,226,226,2.98,2.92,3.03,6.725,1.0,61,60,1.18,-2.18,4.55,0.711,0.96,1.18,7.436
pitcher_strikeouts,OVER,"[-4999,-3000]",HR≥55/EDG≥-/CV≤0.4/μ≥0.5/TP≥-,226,226,2.98,2.92,3.03,6.725,1.0,61,60,1.18,-2.18,4.55,0.711,0.96,1.18,7.436
pitcher_strikeouts,OVER,"[-4999,-3000]",HR≥55/EDG≥-/CV≤0.4/μ≥0.0/TP≥-,226,226,2.98,2.92,3.03,6.725,1.0,61,60,1.18,-2.18,4.55,0.711,0.96,1.18,7.436
pitcher_strikeouts,OVER,"[-4999,-3000]",HR≥45/EDG≥-/CV≤0.4/μ≥-/TP≥-,226,226,2.98,2.92,3.03,6.725,1.0,61,60,1.18,-2.18,4.55,0.711,0.96,1.18,7.436
pitcher_strikeouts,OVER,"[-4999,-3000]",HR≥70/EDG≥-/CV≤0.4/μ≥-/TP≥-,226,226,2.98,2.92,3.03,6.725,1.0,61,60,1.18,-2.18,4.55,0.711,0.96,1.18,7.436
pitcher_strikeouts,OVER,"[-4999,-3000]",HR≥55/EDG≥-/CV≤0.4/μ≥-/TP≥-,226,226,2.98,2.92,3.03,6.725,1.0,61,60,1.18,-2.18,4.55,0.711,0.96,1.18,7.436
pitcher_strikeouts,OVER,"[-4999,-3000]",HR≥75/EDG≥-/CV≤0.4/μ≥0.0/TP≥-,226,226,2.98,2.92,3.03,6.725,1.0,61,60,1.18,-2.18,4.55,0.711,0.96,1.18,7.436
pitcher_strikeouts,OVER,"[-4999,-3000]",HR≥65/EDG≥-/CV≤0.4/μ≥0.5/TP≥-,226,226,2.98,2.92,3.03,6.725,1.0,61,60,1.18,-2.18,4.55,0.711,0.96,1.18,7.436
pitcher_strikeouts,OVER,"[-4999,-3000]",HR≥50/EDG≥-/CV≤0.4/μ≥0.5/TP≥-,226,226,2.98,2.92,3.03,6.725,1.0,61,60,1.18,-2.18,4.55,0.711,0.96,1.18,7.436
pitcher_strikeouts,OVER,"[-4999,-3000]",HR≥65/EDG≥-/CV≤0.4/μ≥-/TP≥-,226,226,2.98,2.92,3.03,6.725,1.0,61,60,1.18,-2.18,4.55,0.711,0.96,1.18,7.436
pitcher_strikeouts,OVER,"[-4999,-3000]",HR≥70/EDG≥-/CV≤0.4/μ≥0.5/TP≥-,226,226,2.98,2.92,3.03,6.725,1.0,61,60,1.18,-2.18,4.55,0.711,0.96,1.18,7.436
pitcher_strikeouts,OVER,"[-4999,-3000]",HR≥45/EDG≥-/CV≤0.4/μ≥0.5/TP≥-,226,226,2.98,2.92,3.03,6.725,1.0,61,60,1.18,-2.18,4.55,0.711,0.96,1.18,7.436
pitcher_strikeouts,OVER,"[-4999,-3000]",HR≥60/EDG≥-/CV≤0.4/μ≥0.0/TP≥-,226,226,2.98,2.92,3.03,6.725,1.0,61,60,1.18,-2.18,4.55,0.711,0.96,1.18,7.436
pitcher_strikeouts,OVER,"[-4999,-3000]",HR≥75/EDG≥-/CV≤0.4/μ≥-/TP≥-,226,226,2.98,2.92,3.03,6.725,1.0,61,60,1.18,-2.18,4.55,0.711,0.96,1.18,7.436
pitcher_strikeouts,OVER,"[-4999,-3000]",HR≥60/EDG≥-/CV≤0.4/μ≥0.5/TP≥-,226,226,2.98,2.92,3.03,6.725,1.0,61,60,1.18,-2.18,4.55,0.711,0.96,1.18,7.436
pitcher_strikeouts,OVER,"[-4999,-3000]",HR≥65/EDG≥-/CV≤0.4/μ≥0.0/TP≥-,226,226,2.98,2.92,3.03,6.725,1.0,61,60,1.18,-2.18,4.55,0.711,0.96,1.18,7.436
pitcher_strikeouts,OVER,"[-4999,-3000]",HR≥50/EDG≥-/CV≤0.4/μ≥-/TP≥-,226,226,2.98,2.92,3.03,6.725,1.0,61,60,1.18,-2.18,4.55,0.711,0.96,1.18,7.436
pitcher_strikeouts,OVER,"[-4999,-3000]",HR≥70/EDG≥-/CV≤0.6/μ≥0.5/TP≥-,462,462,1.26,0.12,2.41,5.842,0.929,117,116,1.17,-1.28,3.62,1.358,0.923,1.17,7.2
pitcher_strikeouts,OVER,"[-4999,-3000]",HR≥70/EDG≥-/CV≤0.6/μ≥-/TP≥-,462,462,1.26,0.12,2.41,5.842,0.929,117,116,1.17,-1.28,3.62,1.358,0.923,1.17,7.2
pitcher_strikeouts,OVER,"[-4999,-3000]",HR≥70/EDG≥-/CV≤0.6/μ≥0.0/TP≥-,462,462,1.26,0.12,2.41,5.842,0.929,117,116,1.17,-1.28,3.62,1.358,0.923,1.17,7.2
pitcher_strikeouts,OVER,"[-4999,-3000]",HR≥45/EDG≥-/CV≤0.4/μ≥1.0/TP≥-,226,226,2.98,2.92,3.03,6.725,1.0,60,59,1.16,-2.26,4.58,0.686,0.96,1.16,7.411
pitcher_strikeouts,OVER,"[-4999,-3000]",HR≥-/EDG≥-/CV≤0.4/μ≥1.0/TP≥-,226,226,2.98,2.92,3.03,6.725,1.0,60,59,1.16,-2.26,4.58,0.686,0.96,1.16,7.411
pitcher_strikeouts,OVER,"[-4999,-3000]",HR≥75/EDG≥-/CV≤0.6/μ≥0.5/TP≥-,462,462,1.26,0.12,2.41,5.842,0.929,116,115,1.16,-1.31,3.63,1.333,0.923,1.16,7.175
pitcher_strikeouts,OVER,"[-4999,-3000]",HR≥55/EDG≥-/CV≤0.4/μ≥1.0/TP≥-,226,226,2.98,2.92,3.03,6.725,1.0,60,59,1.16,-2.26,4.58,0.686,0.96,1.16,7.411
pitcher_strikeouts,OVER,"[-4999,-3000]",HR≥50/EDG≥-/CV≤0.4/μ≥1.0/TP≥-,226,226,2.98,2.92,3.03,6.725,1.0,60,59,1.16,-2.26,4.58,0.686,0.96,1.16,7.411
pitcher_strikeouts,OVER,"[-4999,-3000]",HR≥75/EDG≥-/CV≤0.4/μ≥1.0/TP≥-,226,226,2.98,2.92,3.03,6.725,1.0,60,59,1.16,-2.26,4.58,0.686,0.96,1.16,7.411
pitcher_strikeouts,OVER,"[-4999,-3000]",HR≥75/EDG≥-/CV≤0.6/μ≥-/TP≥-,462,462,1.26,0.12,2.41,5.842,0.929,116,115,1.16,-1.31,3.63,1.333,0.923,1.16,7.175
pitcher_strikeouts,OVER,"[-4999,-3000]",HR≥75/EDG≥-/CV≤0.6/μ≥0.0/TP≥-,462,462,1.26,0.12,2.41,5.842,0.929,116,115,1.16,-1.31,3.63,1.333,0.923,1.16,7.175
pitcher_strikeouts,OVER,"[-4999,-3000]",HR≥60/EDG≥-/CV≤0.4/μ≥1.0/TP≥-,226,226,2.98,2.92,3.03,6.725,1.0,60,59,1.16,-2.26,4.58,0.686,0.96,1.16,7.411
pitcher_strikeouts,OVER,"[-4999,-3000]",HR≥65/EDG≥-/CV≤0.4/μ≥1.0/TP≥-,226,226,2.98,2.92,3.03,6.725,1.0,60,59,1.16,-2.26,4.58,0.686,0.96,1.16,7.411
pitcher_strikeouts,OVER,"[-4999,-3000]",HR≥70/EDG≥-/CV≤0.4/μ≥1.0/TP≥-,226,226,2.98,2.92,3.03,6.725,1.0,60,59,1.16,-2.26,4.58,0.686,0.96,1.16,7.411
pitcher_strikeouts,OVER,"[-4999,-3000]",HR≥70/EDG≥-/CV≤0.6/μ≥1.0/TP≥-,462,462,1.26,0.12,2.41,5.842,0.929,115,114,1.14,-1.35,3.63,1.3,0.923,1.14,7.142
pitcher_strikeouts,OVER,"[-4999,-3000]",HR≥75/EDG≥-/CV≤0.6/μ≥1.0/TP≥-,462,462,1.26,0.12,2.41,5.842,0.929,114,113,1.13,-1.39,3.64,1.275,0.923,1.13,7.117
pitcher_strikeouts,OVER,"[-4999,-3000]",HR≥-/EDG≥-5.0/CV≤0.45/μ≥-/TP≥-,198,198,2.95,2.9,3.01,5.85,1.0,53,53,0.95,-2.86,4.75,0.501,0.957,0.95,6.351
pitcher_strikeouts,OVER,"[-4999,-3000]",HR≥75/EDG≥-5.0/CV≤0.45/μ≥0.5/TP≥-,198,198,2.95,2.9,3.01,5.85,1.0,53,53,0.95,-2.86,4.75,0.501,0.957,0.95,6.351
pitcher_strikeouts,OVER,"[-4999,-3000]",HR≥75/EDG≥-5.0/CV≤0.45/μ≥-/TP≥-,198,198,2.95,2.9,3.01,5.85,1.0,53,53,0.95,-2.86,4.75,0.501,0.957,0.95,6.351
pitcher_strikeouts,OVER,"[-4999,-3000]",HR≥55/EDG≥-5.0/CV≤0.45/μ≥0.5/TP≥-,198,198,2.95,2.9,3.01,5.85,1.0,53,53,0.95,-2.86,4.75,0.501,0.957,0.95,6.351
pitcher_strikeouts,OVER,"[-4999,-3000]",HR≥70/EDG≥-5.0/CV≤0.45/μ≥1.0/TP≥-,198,198,2.95,2.9,3.01,5.85,1.0,53,53,0.95,-2.86,4.75,0.501,0.957,0.95,6.351
pitcher_strikeouts,OVER,"[-4999,-3000]",HR≥70/EDG≥-5.0/CV≤0.45/μ≥-/TP≥-,198,198,2.95,2.9,3.01,5.85,1.0,53,53,0.95,-2.86,4.75,0.501,0.957,0.95,6.351
pitcher_strikeouts,OVER,"[-4999,-3000]",HR≥75/EDG≥-5.0/CV≤0.45/μ≥1.0/TP≥-,198,198,2.95,2.9,3.01,5.85,1.0,53,53,0.95,-2.86,4.75,0.501,0.957,0.95,6.351
pitcher_strikeouts,OVER,"[-4999,-3000]",HR≥70/EDG≥-5.0/CV≤0.45/μ≥0.0/TP≥-,198,198,2.95,2.9,3.01,5.85,1.0,53,53,0.95,-2.86,4.75,0.501,0.957,0.95,6.351
pitcher_strikeouts,OVER,"[-4999,-3000]",HR≥60/EDG≥-5.0/CV≤0.45/μ≥1.0/TP≥-,198,198,2.95,2.9,3.01,5.85,1.0,53,53,0.95,-2.86,4.75,0.501,0.957,0.95,6.351
pitcher_strikeouts,OVER,"[-4999,-3000]",HR≥-/EDG≥-5.0/CV≤0.45/μ≥0.5/TP≥-,198,198,2.95,2.9,3.01,5.85,1.0,53,53,0.95,-2.86,4.75,0.501,0.957,0.95,6.351
pitcher_strikeouts,OVER,"[-4999,-3000]",HR≥-/EDG≥-5.0/CV≤0.45/μ≥1.0/TP≥-,198,198,2.95,2.9,3.01,5.85,1.0,53,53,0.95,-2.86,4.75,0.501,0.957,0.95,6.351
pitcher_strikeouts,OVER,"[-4999,-3000]",HR≥50/EDG≥-5.0/CV≤0.45/μ≥1.0/TP≥-,198,198,2.95,2.9,3.01,5.85,1.0,53,53,0.95,-2.86,4.75,0.501,0.957,0.95,6.351
pitcher_strikeouts,OVER,"[-4999,-3000]",HR≥45/EDG≥-5.0/CV≤0.45/μ≥1.0/TP≥-,198,198,2.95,2.9,3.01,5.85,1.0,53,53,0.95,-2.86,4.75,0.501,0.957,0.95,6.351
pitcher_strikeouts,OVER,"[-4999,-3000]",HR≥60/EDG≥-5.0/CV≤0.45/μ≥-/TP≥-,198,198,2.95,2.9,3.01,5.85,1.0,53,53,0.95,-2.86,4.75,0.501,0.957,0.95,6.351
pitcher_strikeouts,OVER,"[-4999,-3000]",HR≥45/EDG≥-5.0/CV≤0.45/μ≥0.5/TP≥-,198,198,2.95,2.9,3.01,5.85,1.0,53,53,0.95,-2.86,4.75,0.501,0.957,0.95,6.351
pitcher_strikeouts,OVER,"[-4999,-3000]",HR≥65/EDG≥-5.0/CV≤0.45/μ≥1.0/TP≥-,198,198,2.95,2.9,3.01,5.85,1.0,53,53,0.95,-2.86,4.75,0.501,0.957,0.95,6.351
pitcher_strikeouts,OVER,"[-4999,-3000]",HR≥65/EDG≥-5.0/CV≤0.45/μ≥0.0/TP≥-,198,198,2.95,2.9,3.01,5.85,1.0,53,53,0.95,-2.86,4.75,0.501,0.957,0.95,6.351
pitcher_strikeouts,OVER,"[-4999,-3000]",HR≥-/EDG≥-5.0/CV≤0.45/μ≥0.0/TP≥-,198,198,2.95,2.9,3.01,5.85,1.0,53,53,0.95,-2.86,4.75,0.501,0.957,0.95,6.351
pitcher_strikeouts,OVER,"[-4999,-3000]",HR≥55/EDG≥-5.0/CV≤0.45/μ≥1.0/TP≥-,198,198,2.95,2.9,3.01,5.85,1.0,53,53,0.95,-2.86,4.75,0.501,0.957,0.95,6.351
pitcher_strikeouts,OVER,"[-4999,-3000]",HR≥50/EDG≥-5.0/CV≤0.45/μ≥0.5/TP≥-,198,198,2.95,2.9,3.01,5.85,1.0,53,53,0.95,-2.86,4.75,0.501,0.957,0.95,6.351
pitcher_strikeouts,OVER,"[-4999,-3000]",HR≥60/EDG≥-5.0/CV≤0.45/μ≥0.0/TP≥-,198,198,2.95,2.9,3.01,5.85,1.0,53,53,0.95,-2.86,4.75,0.501,0.957,0.95,6.351
pitcher_strikeouts,OVER,"[-4999,-3000]",HR≥60/EDG≥-5.0/CV≤0.45/μ≥0.5/TP≥-,198,198,2.95,2.9,3.01,5.85,1.0,53,53,0.95,-2.86,4.75,0.501,0.957,0.95,6.351
pitcher_strikeouts,OVER,"[-4999,-3000]",HR≥75/EDG≥-5.0/CV≤0.45/μ≥0.0/TP≥-,198,198,2.95,2.9,3.01,5.85,1.0,53,53,0.95,-2.86,4.75,0.501,0.957,0.95,6.351
pitcher_strikeouts,OVER,"[-4999,-3000]",HR≥65/EDG≥-5.0/CV≤0.45/μ≥0.5/TP≥-,198,198,2.95,2.9,3.01,5.85,1.0,53,53,0.95,-2.86,4.75,0.501,0.957,0.95,6.351
pitcher_strikeouts,OVER,"[-4999,-3000]",HR≥50/EDG≥-5.0/CV≤0.45/μ≥0.0/TP≥-,198,198,2.95,2.9,3.01,5.85,1.0,53,53,0.95,-2.86,4.75,0.501,0.957,0.95,6.351
pitcher_strikeouts,OVER,"[-4999,-3000]",HR≥45/EDG≥-5.0/CV≤0.45/μ≥0.0/TP≥-,198,198,2.95,2.9,3.01,5.85,1.0,53,53,0.95,-2.86,4.75,0.501,0.957,0.95,6.351
pitcher_strikeouts,OVER,"[-4999,-3000]",HR≥45/EDG≥-5.0/CV≤0.45/μ≥-/TP≥-,198,198,2.95,2.9,3.01,5.85,1.0,53,53,0.95,-2.86,4.75,0.501,0.957,0.95,6.351
pitcher_strikeouts,OVER,"[-4999,-3000]",HR≥65/EDG≥-5.0/CV≤0.45/μ≥-/TP≥-,198,198,2.95,2.9,3.01,5.85,1.0,53,53,0.95,-2.86,4.75,0.501,0.957,0.95,6.351
pitcher_strikeouts,OVER,"[-4999,-3000]",HR≥70/EDG≥-5.0/CV≤0.45/μ≥0.5/TP≥-,198,198,2.95,2.9,3.01,5.85,1.0,53,53,0.95,-2.86,4.75,0.501,0.957,0.95,6.351
pitcher_strikeouts,OVER,"[-4999,-3000]",HR≥55/EDG≥-5.0/CV≤0.45/μ≥-/TP≥-,198,198,2.95,2.9,3.01,5.85,1.0,53,53,0.95,-2.86,4.75,0.501,0.957,0.95,6.351
pitcher_strikeouts,OVER,"[-4999,-3000]",HR≥50/EDG≥-5.0/CV≤0.45/μ≥-/TP≥-,198,198,2.95,2.9,3.01,5.85,1.0,53,53,0.95,-2.86,4.75,0.501,0.957,0.95,6.351
pitcher_strikeouts,OVER,"[-4999,-3000]",HR≥55/EDG≥-5.0/CV≤0.45/μ≥0.0/TP≥-,198,198,2.95,2.9,3.01,5.85,1.0,53,53,0.95,-2.86,4.75,0.501,0.957,0.95,6.351
pitcher_strikeouts,OVER,"[-4999,-3000]",HR≥65/EDG≥-/CV≤0.5/μ≥0.0/TP≥-,398,398,2.84,2.8,2.88,11.3,1.0,99,98,0.84,-2.06,3.74,0.823,0.923,0.84,12.123
pitcher_strikeouts,OVER,"[-4999,-3000]",HR≥45/EDG≥-/CV≤0.5/μ≥0.0/TP≥-,398,398,2.84,2.8,2.88,11.3,1.0,99,98,0.84,-2.06,3.74,0.823,0.923,0.84,12.123
pitcher_strikeouts,OVER,"[-4999,-3000]",HR≥65/EDG≥-/CV≤0.5/μ≥0.5/TP≥-,398,398,2.84,2.8,2.88,11.3,1.0,99,98,0.84,-2.06,3.74,0.823,0.923,0.84,12.123
pitcher_strikeouts,OVER,"[-4999,-3000]",HR≥70/EDG≥-/CV≤0.5/μ≥0.0/TP≥-,398,398,2.84,2.8,2.88,11.3,1.0,99,98,0.84,-2.06,3.74,0.823,0.923,0.84,12.123
pitcher_strikeouts,OVER,"[-4999,-3000]",HR≥75/EDG≥-/CV≤0.5/μ≥-/TP≥-,398,398,2.84,2.8,2.88,11.3,1.0,99,98,0.84,-2.06,3.74,0.823,0.923,0.84,12.123
pitcher_strikeouts,OVER,"[-4999,-3000]",HR≥60/EDG≥-/CV≤0.5/μ≥0.5/TP≥-,398,398,2.84,2.8,2.88,11.3,1.0,99,98,0.84,-2.06,3.74,0.823,0.923,0.84,12.123
pitcher_strikeouts,OVER,"[-4999,-3000]",HR≥45/EDG≥-/CV≤0.5/μ≥-/TP≥-,398,398,2.84,2.8,2.88,11.3,1.0,99,98,0.84,-2.06,3.74,0.823,0.923,0.84,12.123
pitcher_strikeouts,OVER,"[-4999,-3000]",HR≥50/EDG≥-/CV≤0.5/μ≥0.5/TP≥-,398,398,2.84,2.8,2.88,11.3,1.0,99,98,0.84,-2.06,3.74,0.823,0.923,0.84,12.123
pitcher_strikeouts,OVER,"[-4999,-3000]",HR≥-/EDG≥-/CV≤0.5/μ≥0.5/TP≥-,398,398,2.84,2.8,2.88,11.3,1.0,99,98,0.84,-2.06,3.74,0.823,0.923,0.84,12.123
pitcher_strikeouts,OVER,"[-4999,-3000]",HR≥-/EDG≥-/CV≤0.5/μ≥0.0/TP≥-,398,398,2.84,2.8,2.88,11.3,1.0,99,98,0.84,-2.06,3.74,0.823,0.923,0.84,12.123
pitcher_strikeouts,OVER,"[-4999,-3000]",HR≥-/EDG≥-/CV≤0.5/μ≥-/TP≥-,398,398,2.84,2.8,2.88,11.3,1.0,99,98,0.84,-2.06,3.74,0.823,0.923,0.84,12.123
pitcher_strikeouts,OVER,"[-4999,-3000]",HR≥55/EDG≥-/CV≤0.5/μ≥0.5/TP≥-,398,398,2.84,2.8,2.88,11.3,1.0,99,98,0.84,-2.06,3.74,0.823,0.923,0.84,12.123
pitcher_strikeouts,OVER,"[-4999,-3000]",HR≥70/EDG≥-/CV≤0.5/μ≥-/TP≥-,398,398,2.84,2.8,2.88,11.3,1.0,99,98,0.84,-2.06,3.74,0.823,0.923,0.84,12.123
pitcher_strikeouts,OVER,"[-4999,-3000]",HR≥60/EDG≥-/CV≤0.5/μ≥0.0/TP≥-,398,398,2.84,2.8,2.88,11.3,1.0,99,98,0.84,-2.06,3.74,0.823,0.923,0.84,12.123
pitcher_strikeouts,OVER,"[-4999,-3000]",HR≥65/EDG≥-/CV≤0.5/μ≥-/TP≥-,398,398,2.84,2.8,2.88,11.3,1.0,99,98,0.84,-2.06,3.74,0.823,0.923,0.84,12.123
pitcher_strikeouts,OVER,"[-4999,-3000]",HR≥55/EDG≥-/CV≤0.5/μ≥0.0/TP≥-,398,398,2.84,2.8,2.88,11.3,1.0,99,98,0.84,-2.06,3.74,0.823,0.923,0.84,12.123
pitcher_strikeouts,OVER,"[-4999,-3000]",HR≥45/EDG≥-/CV≤0.5/μ≥0.5/TP≥-,398,398,2.84,2.8,2.88,11.3,1.0,99,98,0.84,-2.06,3.74,0.823,0.923,0.84,12.123
pitcher_strikeouts,OVER,"[-4999,-3000]",HR≥50/EDG≥-/CV≤0.5/μ≥-/TP≥-,398,398,2.84,2.8,2.88,11.3,1.0,99,98,0.84,-2.06,3.74,0.823,0.923,0.84,12.123
pitcher_strikeouts,OVER,"[-4999,-3000]",HR≥75/EDG≥-/CV≤0.5/μ≥0.0/TP≥-,398,398,2.84,2.8,2.88,11.3,1.0,99,98,0.84,-2.06,3.74,0.823,0.923,0.84,12.123
pitcher_strikeouts,OVER,"[-4999,-3000]",HR≥60/EDG≥-/CV≤0.5/μ≥-/TP≥-,398,398,2.84,2.8,2.88,11.3,1.0,99,98,0.84,-2.06,3.74,0.823,0.923,0.84,12.123
pitcher_strikeouts,OVER,"[-4999,-3000]",HR≥70/EDG≥-/CV≤0.5/μ≥0.5/TP≥-,398,398,2.84,2.8,2.88,11.3,1.0,99,98,0.84,-2.06,3.74,0.823,0.923,0.84,12.123
pitcher_strikeouts,OVER,"[-4999,-3000]",HR≥75/EDG≥-/CV≤0.5/μ≥0.5/TP≥-,398,398,2.84,2.8,2.88,11.3,1.0,99,98,0.84,-2.06,3.74,0.823,0.923,0.84,12.123
pitcher_strikeouts,OVER,"[-4999,-3000]",HR≥55/EDG≥-/CV≤0.5/μ≥-/TP≥-,398,398,2.84,2.8,2.88,11.3,1.0,99,98,0.84,-2.06,3.74,0.823,0.923,0.84,12.123
pitcher_strikeouts,OVER,"[-4999,-3000]",HR≥50/EDG≥-/CV≤0.5/μ≥0.0/TP≥-,398,398,2.84,2.8,2.88,11.3,1.0,99,98,0.84,-2.06,3.74,0.823,0.923,0.84,12.123
pitcher_strikeouts,OVER,"[-4999,-3000]",HR≥70/EDG≥-/CV≤0.5/μ≥1.0/TP≥-,398,398,2.84,2.8,2.88,11.3,1.0,97,96,0.8,-2.16,3.75,0.764,0.923,0.8,12.064
pitcher_strikeouts,OVER,"[-4999,-3000]",HR≥75/EDG≥-/CV≤0.5/μ≥1.0/TP≥-,398,398,2.84,2.8,2.88,11.3,1.0,97,96,0.8,-2.16,3.75,0.764,0.923,0.8,12.064
pitcher_strikeouts,OVER,"[-4999,-3000]",HR≥65/EDG≥-/CV≤0.5/μ≥1.0/TP≥-,398,398,2.84,2.8,2.88,11.3,1.0,97,96,0.8,-2.16,3.75,0.764,0.923,0.8,12.064
pitcher_strikeouts,OVER,"[-4999,-3000]",HR≥55/EDG≥-/CV≤0.5/μ≥1.0/TP≥-,398,398,2.84,2.8,2.88,11.3,1.0,97,96,0.8,-2.16,3.75,0.764,0.923,0.8,12.064
pitcher_strikeouts,OVER,"[-4999,-3000]",HR≥-/EDG≥-/CV≤0.5/μ≥1.0/TP≥-,398,398,2.84,2.8,2.88,11.3,1.0,97,96,0.8,-2.16,3.75,0.764,0.923,0.8,12.064
pitcher_strikeouts,OVER,"[-4999,-3000]",HR≥50/EDG≥-/CV≤0.5/μ≥1.0/TP≥-,398,398,2.84,2.8,2.88,11.3,1.0,97,96,0.8,-2.16,3.75,0.764,0.923,0.8,12.064
pitcher_strikeouts,OVER,"[-4999,-3000]",HR≥45/EDG≥-/CV≤0.5/μ≥1.0/TP≥-,398,398,2.84,2.8,2.88,11.3,1.0,97,96,0.8,-2.16,3.75,0.764,0.923,0.8,12.064
pitcher_strikeouts,OVER,"[-4999,-3000]",HR≥60/EDG≥-/CV≤0.5/μ≥1.0/TP≥-,398,398,2.84,2.8,2.88,11.3,1.0,97,96,0.8,-2.16,3.75,0.764,0.923,0.8,12.064
pitcher_strikeouts,OVER,"[-4999,-3000]",HR≥75/EDG≥-/CV≤-/μ≥0.5/TP≥-,523,523,1.49,0.47,2.5,7.767,0.929,133,132,0.61,-2.02,3.24,0.804,0.889,0.61,8.571
pitcher_strikeouts,OVER,"[-4999,-3000]",HR≥75/EDG≥-/CV≤-/μ≥0.0/TP≥-,523,523,1.49,0.47,2.5,7.767,0.929,133,132,0.61,-2.02,3.24,0.804,0.889,0.61,8.571
pitcher_strikeouts,OVER,"[-4999,-3000]",HR≥75/EDG≥-/CV≤-/μ≥-/TP≥-,523,523,1.49,0.47,2.5,7.767,0.929,133,132,0.61,-2.02,3.24,0.804,0.889,0.61,8.571
pitcher_strikeouts,OVER,"[-4999,-3000]",HR≥70/EDG≥-/CV≤0.7/μ≥0.0/TP≥-,521,521,1.48,0.46,2.5,7.7,0.929,133,132,0.6,-2.03,3.23,0.795,0.889,0.6,8.495
pitcher_strikeouts,OVER,"[-4999,-3000]",HR≥70/EDG≥-/CV≤0.7/μ≥0.5/TP≥-,521,521,1.48,0.46,2.5,7.7,0.929,133,132,0.6,-2.03,3.23,0.795,0.889,0.6,8.495
pitcher_strikeouts,OVER,"[-4999,-3000]",HR≥70/EDG≥-/CV≤0.7/μ≥-/TP≥-,521,521,1.48,0.46,2.5,7.7,0.929,133,132,0.6,-2.03,3.23,0.795,0.889,0.6,8.495
pitcher_strikeouts,OVER,"[-4999,-3000]",HR≥75/EDG≥-/CV≤-/μ≥1.0/TP≥-,523,523,1.49,0.47,2.5,7.767,0.929,128,127,0.52,-2.21,3.26,0.667,0.889,0.52,8.434
pitcher_strikeouts,OVER,"[-4999,-3000]",HR≥70/EDG≥-/CV≤0.7/μ≥1.0/TP≥-,521,521,1.48,0.46,2.5,7.7,0.929,128,127,0.52,-2.21,3.25,0.658,0.889,0.52,8.358
pitcher_strikeouts,OVER,"[-4999,-3000]",HR≥70/EDG≥-5.0/CV≤0.4/μ≥0.0/TP≥-,169,169,3.0,2.94,3.06,5.067,1.0,40,40,0.27,-4.77,5.31,0.107,0.955,0.27,5.174
pitcher_strikeouts,OVER,"[-4999,-3000]",HR≥70/EDG≥-5.0/CV≤0.4/μ≥1.0/TP≥-,169,169,3.0,2.94,3.06,5.067,1.0,40,40,0.27,-4.77,5.31,0.107,0.955,0.27,5.174
pitcher_strikeouts,OVER,"[-4999,-3000]",HR≥75/EDG≥-5.0/CV≤0.4/μ≥-/TP≥-,169,169,3.0,2.94,3.06,5.067,1.0,40,40,0.27,-4.77,5.31,0.107,0.955,0.27,5.174
pitcher_strikeouts,OVER,"[-4999,-3000]",HR≥55/EDG≥-5.0/CV≤0.4/μ≥0.0/TP≥-,169,169,3.0,2.94,3.06,5.067,1.0,40,40,0.27,-4.77,5.31,0.107,0.955,0.27,5.174
pitcher_strikeouts,OVER,"[-4999,-3000]",HR≥65/EDG≥-5.0/CV≤0.4/μ≥-/TP≥-,169,169,3.0,2.94,3.06,5.067,1.0,40,40,0.27,-4.77,5.31,0.107,0.955,0.27,5.174
pitcher_strikeouts,OVER,"[-4999,-3000]",HR≥50/EDG≥-5.0/CV≤0.4/μ≥-/TP≥-,169,169,3.0,2.94,3.06,5.067,1.0,40,40,0.27,-4.77,5.31,0.107,0.955,0.27,5.174
pitcher_strikeouts,OVER,"[-4999,-3000]",HR≥75/EDG≥-5.0/CV≤0.4/μ≥1.0/TP≥-,169,169,3.0,2.94,3.06,5.067,1.0,40,40,0.27,-4.77,5.31,0.107,0.955,0.27,5.174
pitcher_strikeouts,OVER,"[-4999,-3000]",HR≥60/EDG≥-5.0/CV≤0.4/μ≥-/TP≥-,169,169,3.0,2.94,3.06,5.067,1.0,40,40,0.27,-4.77,5.31,0.107,0.955,0.27,5.174
pitcher_strikeouts,OVER,"[-4999,-3000]",HR≥-/EDG≥-5.0/CV≤0.4/μ≥0.5/TP≥-,169,169,3.0,2.94,3.06,5.067,1.0,40,40,0.27,-4.77,5.31,0.107,0.955,0.27,5.174
pitcher_strikeouts,OVER,"[-4999,-3000]",HR≥65/EDG≥-5.0/CV≤0.4/μ≥0.0/TP≥-,169,169,3.0,2.94,3.06,5.067,1.0,40,40,0.27,-4.77,5.31,0.107,0.955,0.27,5.174
pitcher_strikeouts,OVER,"[-4999,-3000]",HR≥-/EDG≥-5.0/CV≤0.4/μ≥0.0/TP≥-,169,169,3.0,2.94,3.06,5.067,1.0,40,40,0.27,-4.77,5.31,0.107,0.955,0.27,5.174
pitcher_strikeouts,OVER,"[-4999,-3000]",HR≥45/EDG≥-5.0/CV≤0.4/μ≥0.0/TP≥-,169,169,3.0,2.94,3.06,5.067,1.0,40,40,0.27,-4.77,5.31,0.107,0.955,0.27,5.174
pitcher_strikeouts,OVER,"[-4999,-3000]",HR≥-/EDG≥-5.0/CV≤0.4/μ≥1.0/TP≥-,169,169,3.0,2.94,3.06,5.067,1.0,40,40,0.27,-4.77,5.31,0.107,0.955,0.27,5.174
pitcher_strikeouts,OVER,"[-4999,-3000]",HR≥45/EDG≥-5.0/CV≤0.4/μ≥-/TP≥-,169,169,3.0,2.94,3.06,5.067,1.0,40,40,0.27,-4.77,5.31,0.107,0.955,0.27,5.174
pitcher_strikeouts,OVER,"[-4999,-3000]",HR≥-/EDG≥-5.0/CV≤0.4/μ≥-/TP≥-,169,169,3.0,2.94,3.06,5.067,1.0,40,40,0.27,-4.77,5.31,0.107,0.955,0.27,5.174
pitcher_strikeouts,OVER,"[-4999,-3000]",HR≥50/EDG≥-5.0/CV≤0.4/μ≥0.0/TP≥-,169,169,3.0,2.94,3.06,5.067,1.0,40,40,0.27,-4.77,5.31,0.107,0.955,0.27,5.174
pitcher_strikeouts,OVER,"[-4999,-3000]",HR≥60/EDG≥-5.0/CV≤0.4/μ≥1.0/TP≥-,169,169,3.0,2.94,3.06,5.067,1.0,40,40,0.27,-4.77,5.31,0.107,0.955,0.27,5.174
pitcher_strikeouts,OVER,"[-4999,-3000]",HR≥70/EDG≥-5.0/CV≤0.4/μ≥-/TP≥-,169,169,3.0,2.94,3.06,5.067,1.0,40,40,0.27,-4.77,5.31,0.107,0.955,0.27,5.174
pitcher_strikeouts,OVER,"[-4999,-3000]",HR≥65/EDG≥-5.0/CV≤0.4/μ≥0.5/TP≥-,169,169,3.0,2.94,3.06,5.067,1.0,40,40,0.27,-4.77,5.31,0.107,0.955,0.27,5.174
pitcher_strikeouts,OVER,"[-4999,-3000]",HR≥75/EDG≥-5.0/CV≤0.4/μ≥0.0/TP≥-,169,169,3.0,2.94,3.06,5.067,1.0,40,40,0.27,-4.77,5.31,0.107,0.955,0.27,5.174
pitcher_strikeouts,OVER,"[-4999,-3000]",HR≥55/EDG≥-5.0/CV≤0.4/μ≥0.5/TP≥-,169,169,3.0,2.94,3.06,5.067,1.0,40,40,0.27,-4.77,5.31,0.107,0.955,0.27,5.174
pitcher_strikeouts,OVER,"[-4999,-3000]",HR≥45/EDG≥-5.0/CV≤0.4/μ≥0.5/TP≥-,169,169,3.0,2.94,3.06,5.067,1.0,40,40,0.27,-4.77,5.31,0.107,0.955,0.27,5.174
pitcher_strikeouts,OVER,"[-4999,-3000]",HR≥65/EDG≥-5.0/CV≤0.4/μ≥1.0/TP≥-,169,169,3.0,2.94,3.06,5.067,1.0,40,40,0.27,-4.77,5.31,0.107,0.955,0.27,5.174
pitcher_strikeouts,OVER,"[-4999,-3000]",HR≥70/EDG≥-5.0/CV≤0.4/μ≥0.5/TP≥-,169,169,3.0,2.94,3.06,5.067,1.0,40,40,0.27,-4.77,5.31,0.107,0.955,0.27,5.174
pitcher_strikeouts,OVER,"[-4999,-3000]",HR≥50/EDG≥-5.0/CV≤0.4/μ≥0.5/TP≥-,169,169,3.0,2.94,3.06,5.067,1.0,40,40,0.27,-4.77,5.31,0.107,0.955,0.27,5.174
pitcher_strikeouts,OVER,"[-4999,-3000]",HR≥45/EDG≥-5.0/CV≤0.4/μ≥1.0/TP≥-,169,169,3.0,2.94,3.06,5.067,1.0,40,40,0.27,-4.77,5.31,0.107,0.955,0.27,5.174
pitcher_strikeouts,OVER,"[-4999,-3000]",HR≥55/EDG≥-5.0/CV≤0.4/μ≥-/TP≥-,169,169,3.0,2.94,3.06,5.067,1.0,40,40,0.27,-4.77,5.31,0.107,0.955,0.27,5.174
pitcher_strikeouts,OVER,"[-4999,-3000]",HR≥75/EDG≥-5.0/CV≤0.4/μ≥0.5/TP≥-,169,169,3.0,2.94,3.06,5.067,1.0,40,40,0.27,-4.77,5.31,0.107,0.955,0.27,5.174
pitcher_strikeouts,OVER,"[-4999,-3000]",HR≥55/EDG≥-5.0/CV≤0.4/μ≥1.0/TP≥-,169,169,3.0,2.94,3.06,5.067,1.0,40,40,0.27,-4.77,5.31,0.107,0.955,0.27,5.174
pitcher_strikeouts,OVER,"[-4999,-3000]",HR≥60/EDG≥-5.0/CV≤0.4/μ≥0.5/TP≥-,169,169,3.0,2.94,3.06,5.067,1.0,40,40,0.27,-4.77,5.31,0.107,0.955,0.27,5.174
pitcher_strikeouts,OVER,"[-4999,-3000]",HR≥50/EDG≥-5.0/CV≤0.4/μ≥1.0/TP≥-,169,169,3.0,2.94,3.06,5.067,1.0,40,40,0.27,-4.77,5.31,0.107,0.955,0.27,5.174
pitcher_strikeouts,OVER,"[-4999,-3000]",HR≥60/EDG≥-5.0/CV≤0.4/μ≥0.0/TP≥-,169,169,3.0,2.94,3.06,5.067,1.0,40,40,0.27,-4.77,5.31,0.107,0.955,0.27,5.174
pitcher_strikeouts,OVER,"[-4999,-3000]",HR≥-/EDG≥-/CV≤0.7/μ≥0.5/TP≥-,541,541,0.21,-1.17,1.59,1.133,0.857,133,132,0.6,-2.03,3.23,0.795,0.889,0.21,1.928
pitcher_strikeouts,OVER,"[-4999,-3000]",HR≥60/EDG≥-/CV≤0.7/μ≥-/TP≥-,541,541,0.21,-1.17,1.59,1.133,0.857,133,132,0.6,-2.03,3.23,0.795,0.889,0.21,1.928
pitcher_strikeouts,OVER,"[-4999,-3000]",HR≥55/EDG≥-/CV≤0.7/μ≥1.0/TP≥-,541,541,0.21,-1.17,1.59,1.133,0.857,128,127,0.52,-2.21,3.25,0.658,0.889,0.21,1.791
pitcher_strikeouts,OVER,"[-4999,-3000]",HR≥50/EDG≥-/CV≤0.7/μ≥1.0/TP≥-,541,541,0.21,-1.17,1.59,1.133,0.857,128,127,0.52,-2.21,3.25,0.658,0.889,0.21,1.791
pitcher_strikeouts,OVER,"[-4999,-3000]",HR≥65/EDG≥-/CV≤0.7/μ≥-/TP≥-,541,541,0.21,-1.17,1.59,1.133,0.857,133,132,0.6,-2.03,3.23,0.795,0.889,0.21,1.928
pitcher_strikeouts,OVER,"[-4999,-3000]",HR≥55/EDG≥-/CV≤0.7/μ≥0.0/TP≥-,541,541,0.21,-1.17,1.59,1.133,0.857,133,132,0.6,-2.03,3.23,0.795,0.889,0.21,1.928
pitcher_strikeouts,OVER,"[-4999,-3000]",HR≥45/EDG≥-/CV≤0.7/μ≥-/TP≥-,541,541,0.21,-1.17,1.59,1.133,0.857,133,132,0.6,-2.03,3.23,0.795,0.889,0.21,1.928
pitcher_strikeouts,OVER,"[-4999,-3000]",HR≥-/EDG≥-/CV≤0.7/μ≥-/TP≥-,541,541,0.21,-1.17,1.59,1.133,0.857,133,132,0.6,-2.03,3.23,0.795,0.889,0.21,1.928
pitcher_strikeouts,OVER,"[-4999,-3000]",HR≥60/EDG≥-/CV≤0.7/μ≥0.0/TP≥-,541,541,0.21,-1.17,1.59,1.133,0.857,133,132,0.6,-2.03,3.23,0.795,0.889,0.21,1.928
pitcher_strikeouts,OVER,"[-4999,-3000]",HR≥55/EDG≥-/CV≤0.7/μ≥-/TP≥-,541,541,0.21,-1.17,1.59,1.133,0.857,133,132,0.6,-2.03,3.23,0.795,0.889,0.21,1.928
pitcher_strikeouts,OVER,"[-4999,-3000]",HR≥60/EDG≥-/CV≤0.7/μ≥0.5/TP≥-,541,541,0.21,-1.17,1.59,1.133,0.857,133,132,0.6,-2.03,3.23,0.795,0.889,0.21,1.928
pitcher_strikeouts,OVER,"[-4999,-3000]",HR≥-/EDG≥-/CV≤0.7/μ≥0.0/TP≥-,541,541,0.21,-1.17,1.59,1.133,0.857,133,132,0.6,-2.03,3.23,0.795,0.889,0.21,1.928
pitcher_strikeouts,OVER,"[-4999,-3000]",HR≥50/EDG≥-/CV≤0.7/μ≥0.0/TP≥-,541,541,0.21,-1.17,1.59,1.133,0.857,133,132,0.6,-2.03,3.23,0.795,0.889,0.21,1.928
pitcher_strikeouts,OVER,"[-4999,-3000]",HR≥45/EDG≥-/CV≤0.7/μ≥0.5/TP≥-,541,541,0.21,-1.17,1.59,1.133,0.857,133,132,0.6,-2.03,3.23,0.795,0.889,0.21,1.928
pitcher_strikeouts,OVER,"[-4999,-3000]",HR≥-/EDG≥-/CV≤0.7/μ≥1.0/TP≥-,541,541,0.21,-1.17,1.59,1.133,0.857,128,127,0.52,-2.21,3.25,0.658,0.889,0.21,1.791
pitcher_strikeouts,OVER,"[-4999,-3000]",HR≥45/EDG≥-/CV≤0.7/μ≥1.0/TP≥-,541,541,0.21,-1.17,1.59,1.133,0.857,128,127,0.52,-2.21,3.25,0.658,0.889,0.21,1.791
pitcher_strikeouts,OVER,"[-4999,-3000]",HR≥50/EDG≥-/CV≤0.7/μ≥-/TP≥-,541,541,0.21,-1.17,1.59,1.133,0.857,133,132,0.6,-2.03,3.23,0.795,0.889,0.21,1.928
pitcher_strikeouts,OVER,"[-4999,-3000]",HR≥50/EDG≥-/CV≤0.7/μ≥0.5/TP≥-,541,541,0.21,-1.17,1.59,1.133,0.857,133,132,0.6,-2.03,3.23,0.795,0.889,0.21,1.928
pitcher_strikeouts,OVER,"[-4999,-3000]",HR≥65/EDG≥-/CV≤0.7/μ≥1.0/TP≥-,541,541,0.21,-1.17,1.59,1.133,0.857,128,127,0.52,-2.21,3.25,0.658,0.889,0.21,1.791
pitcher_strikeouts,OVER,"[-4999,-3000]",HR≥45/EDG≥-/CV≤0.7/μ≥0.0/TP≥-,541,541,0.21,-1.17,1.59,1.133,0.857,133,132,0.6,-2.03,3.23,0.795,0.889,0.21,1.928
pitcher_strikeouts,OVER,"[-4999,-3000]",HR≥65/EDG≥-/CV≤0.7/μ≥0.0/TP≥-,541,541,0.21,-1.17,1.59,1.133,0.857,133,132,0.6,-2.03,3.23,0.795,0.889,0.21,1.928
pitcher_strikeouts,OVER,"[-4999,-3000]",HR≥55/EDG≥-/CV≤0.7/μ≥0.5/TP≥-,541,541,0.21,-1.17,1.59,1.133,0.857,133,132,0.6,-2.03,3.23,0.795,0.889,0.21,1.928
pitcher_strikeouts,OVER,"[-4999,-3000]",HR≥60/EDG≥-/CV≤0.7/μ≥1.0/TP≥-,541,541,0.21,-1.17,1.59,1.133,0.857,128,127,0.52,-2.21,3.25,0.658,0.889,0.21,1.791
pitcher_strikeouts,OVER,"[-4999,-3000]",HR≥65/EDG≥-/CV≤0.7/μ≥0.5/TP≥-,541,541,0.21,-1.17,1.59,1.133,0.857,133,132,0.6,-2.03,3.23,0.795,0.889,0.21,1.928
pitcher_strikeouts,OVER,"[-2999,-2000]",HR≥50/EDG≥-5.0/CV≤-/μ≥-/TP≥-,157,150,4.2,4.12,4.27,6.296,1.0,64,64,2.83,-0.37,6.03,1.81,0.962,2.83,8.106
pitcher_strikeouts,OVER,"[-2999,-2000]",HR≥-/EDG≥-5.0/CV≤-/μ≥1.0/TP≥-,157,150,4.2,4.12,4.27,6.296,1.0,64,64,2.83,-0.37,6.03,1.81,0.962,2.83,8.106
pitcher_strikeouts,OVER,"[-2999,-2000]",HR≥65/EDG≥-5.0/CV≤0.7/μ≥0.5/TP≥-,150,143,4.21,4.13,4.29,6.016,1.0,64,64,2.83,-0.37,6.03,1.81,0.962,2.83,7.826
pitcher_strikeouts,OVER,"[-2999,-2000]",HR≥65/EDG≥-5.0/CV≤-/μ≥-/TP≥-,150,143,4.21,4.13,4.29,6.016,1.0,64,64,2.83,-0.37,6.03,1.81,0.962,2.83,7.826
pitcher_strikeouts,OVER,"[-2999,-2000]",HR≥50/EDG≥-5.0/CV≤0.7/μ≥0.0/TP≥-,150,143,4.21,4.13,4.29,6.016,1.0,64,64,2.83,-0.37,6.03,1.81,0.962,2.83,7.826
pitcher_strikeouts,OVER,"[-2999,-2000]",HR≥70/EDG≥-5.0/CV≤0.7/μ≥-/TP≥-,150,143,4.21,4.13,4.29,6.016,1.0,64,64,2.83,-0.37,6.03,1.81,0.962,2.83,7.826
pitcher_strikeouts,OVER,"[-2999,-2000]",HR≥50/EDG≥-5.0/CV≤0.7/μ≥-/TP≥-,150,143,4.21,4.13,4.29,6.016,1.0,64,64,2.83,-0.37,6.03,1.81,0.962,2.83,7.826
pitcher_strikeouts,OVER,"[-2999,-2000]",HR≥70/EDG≥-5.0/CV≤-/μ≥0.0/TP≥-,150,143,4.21,4.13,4.29,6.016,1.0,64,64,2.83,-0.37,6.03,1.81,0.962,2.83,7.826
pitcher_strikeouts,OVER,"[-2999,-2000]",HR≥75/EDG≥-5.0/CV≤0.7/μ≥0.0/TP≥-,150,143,4.21,4.13,4.29,6.016,1.0,64,64,2.83,-0.37,6.03,1.81,0.962,2.83,7.826
pitcher_strikeouts,OVER,"[-2999,-2000]",HR≥65/EDG≥-5.0/CV≤-/μ≥0.5/TP≥-,150,143,4.21,4.13,4.29,6.016,1.0,64,64,2.83,-0.37,6.03,1.81,0.962,2.83,7.826
pitcher_strikeouts,OVER,"[-2999,-2000]",HR≥45/EDG≥-5.0/CV≤0.7/μ≥-/TP≥-,150,143,4.21,4.13,4.29,6.016,1.0,64,64,2.83,-0.37,6.03,1.81,0.962,2.83,7.826
pitcher_strikeouts,OVER,"[-2999,-2000]",HR≥75/EDG≥-5.0/CV≤-/μ≥-/TP≥-,150,143,4.21,4.13,4.29,6.016,1.0,64,64,2.83,-0.37,6.03,1.81,0.962,2.83,7.826
pitcher_strikeouts,OVER,"[-2999,-2000]",HR≥50/EDG≥-5.0/CV≤-/μ≥1.0/TP≥-,157,150,4.2,4.12,4.27,6.296,1.0,64,64,2.83,-0.37,6.03,1.81,0.962,2.83,8.106
pitcher_strikeouts,OVER,"[-2999,-2000]",HR≥-/EDG≥-5.0/CV≤0.7/μ≥0.5/TP≥-,150,143,4.21,4.13,4.29,6.016,1.0,64,64,2.83,-0.37,6.03,1.81,0.962,2.83,7.826
pitcher_strikeouts,OVER,"[-2999,-2000]",HR≥75/EDG≥-5.0/CV≤0.7/μ≥-/TP≥-,150,143,4.21,4.13,4.29,6.016,1.0,64,64,2.83,-0.37,6.03,1.81,0.962,2.83,7.826
pitcher_strikeouts,OVER,"[-2999,-2000]",HR≥45/EDG≥-5.0/CV≤0.7/μ≥0.0/TP≥-,150,143,4.21,4.13,4.29,6.016,1.0,64,64,2.83,-0.37,6.03,1.81,0.962,2.83,7.826
pitcher_strikeouts,OVER,"[-2999,-2000]",HR≥65/EDG≥-5.0/CV≤0.7/μ≥-/TP≥-,150,143,4.21,4.13,4.29,6.016,1.0,64,64,2.83,-0.37,6.03,1.81,0.962,2.83,7.826
pitcher_strikeouts,OVER,"[-2999,-2000]",HR≥55/EDG≥-5.0/CV≤0.7/μ≥0.0/TP≥-,150,143,4.21,4.13,4.29,6.016,1.0,64,64,2.83,-0.37,6.03,1.81,0.962,2.83,7.826
pitcher_strikeouts,OVER,"[-2999,-2000]",HR≥45/EDG≥-5.0/CV≤-/μ≥-/TP≥-,157,150,4.2,4.12,4.27,6.296,1.0,64,64,2.83,-0.37,6.03,1.81,0.962,2.83,8.106
pitcher_strikeouts,OVER,"[-2999,-2000]",HR≥70/EDG≥-5.0/CV≤0.7/μ≥1.0/TP≥-,150,143,4.21,4.13,4.29,6.016,1.0,64,64,2.83,-0.37,6.03,1.81,0.962,2.83,7.826
pitcher_strikeouts,OVER,"[-2999,-2000]",HR≥60/EDG≥-5.0/CV≤-/μ≥0.0/TP≥-,157,150,4.2,4.12,4.27,6.296,1.0,64,64,2.83,-0.37,6.03,1.81,0.962,2.83,8.106
pitcher_strikeouts,OVER,"[-2999,-2000]",HR≥45/EDG≥-5.0/CV≤0.7/μ≥0.5/TP≥-,150,143,4.21,4.13,4.29,6.016,1.0,64,64,2.83,-0.37,6.03,1.81,0.962,2.83,7.826
pitcher_strikeouts,OVER,"[-2999,-2000]",HR≥55/EDG≥-5.0/CV≤0.7/μ≥-/TP≥-,150,143,4.21,4.13,4.29,6.016,1.0,64,64,2.83,-0.37,6.03,1.81,0.962,2.83,7.826
pitcher_strikeouts,OVER,"[-2999,-2000]",HR≥45/EDG≥-5.0/CV≤0.7/μ≥1.0/TP≥-,150,143,4.21,4.13,4.29,6.016,1.0,64,64,2.83,-0.37,6.03,1.81,0.962,2.83,7.826
pitcher_strikeouts,OVER,"[-2999,-2000]",HR≥75/EDG≥-5.0/CV≤-/μ≥1.0/TP≥-,150,143,4.21,4.13,4.29,6.016,1.0,64,64,2.83,-0.37,6.03,1.81,0.962,2.83,7.826
pitcher_strikeouts,OVER,"[-2999,-2000]",HR≥65/EDG≥-5.0/CV≤-/μ≥0.0/TP≥-,150,143,4.21,4.13,4.29,6.016,1.0,64,64,2.83,-0.37,6.03,1.81,0.962,2.83,7.826
pitcher_strikeouts,OVER,"[-2999,-2000]",HR≥55/EDG≥-5.0/CV≤0.7/μ≥0.5/TP≥-,150,143,4.21,4.13,4.29,6.016,1.0,64,64,2.83,-0.37,6.03,1.81,0.962,2.83,7.826
pitcher_strikeouts,OVER,"[-2999,-2000]",HR≥75/EDG≥-5.0/CV≤-/μ≥0.0/TP≥-,150,143,4.21,4.13,4.29,6.016,1.0,64,64,2.83,-0.37,6.03,1.81,0.962,2.83,7.826
pitcher_strikeouts,OVER,"[-2999,-2000]",HR≥75/EDG≥-5.0/CV≤-/μ≥0.5/TP≥-,150,143,4.21,4.13,4.29,6.016,1.0,64,64,2.83,-0.37,6.03,1.81,0.962,2.83,7.826
pitcher_strikeouts,OVER,"[-2999,-2000]",HR≥45/EDG≥-5.0/CV≤-/μ≥1.0/TP≥-,157,150,4.2,4.12,4.27,6.296,1.0,64,64,2.83,-0.37,6.03,1.81,0.962,2.83,8.106
pitcher_strikeouts,OVER,"[-2999,-2000]",HR≥60/EDG≥-5.0/CV≤0.7/μ≥0.0/TP≥-,150,143,4.21,4.13,4.29,6.016,1.0,64,64,2.83,-0.37,6.03,1.81,0.962,2.83,7.826
pitcher_strikeouts,OVER,"[-2999,-2000]",HR≥50/EDG≥-5.0/CV≤-/μ≥0.5/TP≥-,157,150,4.2,4.12,4.27,6.296,1.0,64,64,2.83,-0.37,6.03,1.81,0.962,2.83,8.106
pitcher_strikeouts,OVER,"[-2999,-2000]",HR≥-/EDG≥-5.0/CV≤0.7/μ≥-/TP≥-,150,143,4.21,4.13,4.29,6.016,1.0,64,64,2.83,-0.37,6.03,1.81,0.962,2.83,7.826
pitcher_strikeouts,OVER,"[-2999,-2000]",HR≥-/EDG≥-5.0/CV≤0.7/μ≥1.0/TP≥-,150,143,4.21,4.13,4.29,6.016,1.0,64,64,2.83,-0.37,6.03,1.81,0.962,2.83,7.826
pitcher_strikeouts,OVER,"[-2999,-2000]",HR≥70/EDG≥-5.0/CV≤-/μ≥1.0/TP≥-,150,143,4.21,4.13,4.29,6.016,1.0,64,64,2.83,-0.37,6.03,1.81,0.962,2.83,7.826
pitcher_strikeouts,OVER,"[-2999,-2000]",HR≥-/EDG≥-5.0/CV≤-/μ≥0.5/TP≥-,157,150,4.2,4.12,4.27,6.296,1.0,64,64,2.83,-0.37,6.03,1.81,0.962,2.83,8.106
pitcher_strikeouts,OVER,"[-2999,-2000]",HR≥-/EDG≥-5.0/CV≤-/μ≥-/TP≥-,157,150,4.2,4.12,4.27,6.296,1.0,64,64,2.83,-0.37,6.03,1.81,0.962,2.83,8.106
pitcher_strikeouts,OVER,"[-2999,-2000]",HR≥60/EDG≥-5.0/CV≤-/μ≥0.5/TP≥-,157,150,4.2,4.12,4.27,6.296,1.0,64,64,2.83,-0.37,6.03,1.81,0.962,2.83,8.106
pitcher_strikeouts,OVER,"[-2999,-2000]",HR≥75/EDG≥-5.0/CV≤0.7/μ≥0.5/TP≥-,150,143,4.21,4.13,4.29,6.016,1.0,64,64,2.83,-0.37,6.03,1.81,0.962,2.83,7.826
pitcher_strikeouts,OVER,"[-2999,-2000]",HR≥65/EDG≥-5.0/CV≤0.7/μ≥0.0/TP≥-,150,143,4.21,4.13,4.29,6.016,1.0,64,64,2.83,-0.37,6.03,1.81,0.962,2.83,7.826
pitcher_strikeouts,OVER,"[-2999,-2000]",HR≥60/EDG≥-5.0/CV≤0.7/μ≥1.0/TP≥-,150,143,4.21,4.13,4.29,6.016,1.0,64,64,2.83,-0.37,6.03,1.81,0.962,2.83,7.826
pitcher_strikeouts,OVER,"[-2999,-2000]",HR≥55/EDG≥-5.0/CV≤-/μ≥1.0/TP≥-,157,150,4.2,4.12,4.27,6.296,1.0,64,64,2.83,-0.37,6.03,1.81,0.962,2.83,8.106
pitcher_strikeouts,OVER,"[-2999,-2000]",HR≥50/EDG≥-5.0/CV≤0.7/μ≥0.5/TP≥-,150,143,4.21,4.13,4.29,6.016,1.0,64,64,2.83,-0.37,6.03,1.81,0.962,2.83,7.826
pitcher_strikeouts,OVER,"[-2999,-2000]",HR≥60/EDG≥-5.0/CV≤0.7/μ≥0.5/TP≥-,150,143,4.21,4.13,4.29,6.016,1.0,64,64,2.83,-0.37,6.03,1.81,0.962,2.83,7.826
pitcher_strikeouts,OVER,"[-2999,-2000]",HR≥55/EDG≥-5.0/CV≤-/μ≥-/TP≥-,157,150,4.2,4.12,4.27,6.296,1.0,64,64,2.83,-0.37,6.03,1.81,0.962,2.83,8.106
pitcher_strikeouts,OVER,"[-2999,-2000]",HR≥50/EDG≥-5.0/CV≤0.7/μ≥1.0/TP≥-,150,143,4.21,4.13,4.29,6.016,1.0,64,64,2.83,-0.37,6.03,1.81,0.962,2.83,7.826
pitcher_strikeouts,OVER,"[-2999,-2000]",HR≥60/EDG≥-5.0/CV≤0.7/μ≥-/TP≥-,150,143,4.21,4.13,4.29,6.016,1.0,64,64,2.83,-0.37,6.03,1.81,0.962,2.83,7.826
pitcher_strikeouts,OVER,"[-2999,-2000]",HR≥75/EDG≥-5.0/CV≤0.7/μ≥1.0/TP≥-,150,143,4.21,4.13,4.29,6.016,1.0,64,64,2.83,-0.37,6.03,1.81,0.962,2.83,7.826
pitcher_strikeouts,OVER,"[-2999,-2000]",HR≥70/EDG≥-5.0/CV≤0.7/μ≥0.5/TP≥-,150,143,4.21,4.13,4.29,6.016,1.0,64,64,2.83,-0.37,6.03,1.81,0.962,2.83,7.826
pitcher_strikeouts,OVER,"[-2999,-2000]",HR≥70/EDG≥-5.0/CV≤0.7/μ≥0.0/TP≥-,150,143,4.21,4.13,4.29,6.016,1.0,64,64,2.83,-0.37,6.03,1.81,0.962,2.83,7.826
pitcher_strikeouts,OVER,"[-2999,-2000]",HR≥-/EDG≥-5.0/CV≤-/μ≥0.0/TP≥-,157,150,4.2,4.12,4.27,6.296,1.0,64,64,2.83,-0.37,6.03,1.81,0.962,2.83,8.106
pitcher_strikeouts,OVER,"[-2999,-2000]",HR≥55/EDG≥-5.0/CV≤-/μ≥0.5/TP≥-,157,150,4.2,4.12,4.27,6.296,1.0,64,64,2.83,-0.37,6.03,1.81,0.962,2.83,8.106
pitcher_strikeouts,OVER,"[-2999,-2000]",HR≥45/EDG≥-5.0/CV≤-/μ≥0.0/TP≥-,157,150,4.2,4.12,4.27,6.296,1.0,64,64,2.83,-0.37,6.03,1.81,0.962,2.83,8.106
pitcher_strikeouts,OVER,"[-2999,-2000]",HR≥70/EDG≥-5.0/CV≤-/μ≥-/TP≥-,150,143,4.21,4.13,4.29,6.016,1.0,64,64,2.83,-0.37,6.03,1.81,0.962,2.83,7.826
pitcher_strikeouts,OVER,"[-2999,-2000]",HR≥55/EDG≥-5.0/CV≤0.7/μ≥1.0/TP≥-,150,143,4.21,4.13,4.29,6.016,1.0,64,64,2.83,-0.37,6.03,1.81,0.962,2.83,7.826
pitcher_strikeouts,OVER,"[-2999,-2000]",HR≥65/EDG≥-5.0/CV≤0.7/μ≥1.0/TP≥-,150,143,4.21,4.13,4.29,6.016,1.0,64,64,2.83,-0.37,6.03,1.81,0.962,2.83,7.826
pitcher_strikeouts,OVER,"[-2999,-2000]",HR≥70/EDG≥-5.0/CV≤-/μ≥0.5/TP≥-,150,143,4.21,4.13,4.29,6.016,1.0,64,64,2.83,-0.37,6.03,1.81,0.962,2.83,7.826
pitcher_strikeouts,OVER,"[-2999,-2000]",HR≥60/EDG≥-5.0/CV≤-/μ≥1.0/TP≥-,157,150,4.2,4.12,4.27,6.296,1.0,64,64,2.83,-0.37,6.03,1.81,0.962,2.83,8.106
pitcher_strikeouts,OVER,"[-2999,-2000]",HR≥60/EDG≥-5.0/CV≤-/μ≥-/TP≥-,157,150,4.2,4.12,4.27,6.296,1.0,64,64,2.83,-0.37,6.03,1.81,0.962,2.83,8.106
pitcher_strikeouts,OVER,"[-2999,-2000]",HR≥-/EDG≥-5.0/CV≤0.7/μ≥0.0/TP≥-,150,143,4.21,4.13,4.29,6.016,1.0,64,64,2.83,-0.37,6.03,1.81,0.962,2.83,7.826
pitcher_strikeouts,OVER,"[-2999,-2000]",HR≥45/EDG≥-5.0/CV≤-/μ≥0.5/TP≥-,157,150,4.2,4.12,4.27,6.296,1.0,64,64,2.83,-0.37,6.03,1.81,0.962,2.83,8.106
pitcher_strikeouts,OVER,"[-2999,-2000]",HR≥50/EDG≥-5.0/CV≤-/μ≥0.0/TP≥-,157,150,4.2,4.12,4.27,6.296,1.0,64,64,2.83,-0.37,6.03,1.81,0.962,2.83,8.106
pitcher_strikeouts,OVER,"[-2999,-2000]",HR≥55/EDG≥-5.0/CV≤-/μ≥0.0/TP≥-,157,150,4.2,4.12,4.27,6.296,1.0,64,64,2.83,-0.37,6.03,1.81,0.962,2.83,8.106
pitcher_strikeouts,OVER,"[-2999,-2000]",HR≥65/EDG≥-5.0/CV≤-/μ≥1.0/TP≥-,150,143,4.21,4.13,4.29,6.016,1.0,64,64,2.83,-0.37,6.03,1.81,0.962,2.83,7.826
pitcher_strikeouts,OVER,"[-2999,-2000]",HR≥55/EDG≥-5.0/CV≤0.6/μ≥-/TP≥-,150,143,4.21,4.13,4.29,6.016,1.0,62,62,2.79,-0.51,6.09,1.73,0.962,2.79,7.746
pitcher_strikeouts,OVER,"[-2999,-2000]",HR≥60/EDG≥-5.0/CV≤0.6/μ≥0.0/TP≥-,150,143,4.21,4.13,4.29,6.016,1.0,62,62,2.79,-0.51,6.09,1.73,0.962,2.79,7.746
pitcher_strikeouts,OVER,"[-2999,-2000]",HR≥65/EDG≥-5.0/CV≤0.6/μ≥1.0/TP≥-,150,143,4.21,4.13,4.29,6.016,1.0,62,62,2.79,-0.51,6.09,1.73,0.962,2.79,7.746
pitcher_strikeouts,OVER,"[-2999,-2000]",HR≥50/EDG≥-5.0/CV≤0.6/μ≥1.0/TP≥-,150,143,4.21,4.13,4.29,6.016,1.0,62,62,2.79,-0.51,6.09,1.73,0.962,2.79,7.746
pitcher_strikeouts,OVER,"[-2999,-2000]",HR≥65/EDG≥-5.0/CV≤0.6/μ≥0.5/TP≥-,150,143,4.21,4.13,4.29,6.016,1.0,62,62,2.79,-0.51,6.09,1.73,0.962,2.79,7.746
pitcher_strikeouts,OVER,"[-2999,-2000]",HR≥70/EDG≥-5.0/CV≤0.6/μ≥-/TP≥-,150,143,4.21,4.13,4.29,6.016,1.0,62,62,2.79,-0.51,6.09,1.73,0.962,2.79,7.746
pitcher_strikeouts,OVER,"[-2999,-2000]",HR≥75/EDG≥-5.0/CV≤0.6/μ≥-/TP≥-,150,143,4.21,4.13,4.29,6.016,1.0,62,62,2.79,-0.51,6.09,1.73,0.962,2.79,7.746
pitcher_strikeouts,OVER,"[-2999,-2000]",HR≥65/EDG≥-5.0/CV≤0.6/μ≥0.0/TP≥-,150,143,4.21,4.13,4.29,6.016,1.0,62,62,2.79,-0.51,6.09,1.73,0.962,2.79,7.746
pitcher_strikeouts,OVER,"[-2999,-2000]",HR≥55/EDG≥-5.0/CV≤0.6/μ≥0.5/TP≥-,150,143,4.21,4.13,4.29,6.016,1.0,62,62,2.79,-0.51,6.09,1.73,0.962,2.79,7.746
pitcher_strikeouts,OVER,"[-2999,-2000]",HR≥-/EDG≥-5.0/CV≤0.6/μ≥-/TP≥-,150,143,4.21,4.13,4.29,6.016,1.0,62,62,2.79,-0.51,6.09,1.73,0.962,2.79,7.746
pitcher_strikeouts,OVER,"[-2999,-2000]",HR≥60/EDG≥-5.0/CV≤0.6/μ≥-/TP≥-,150,143,4.21,4.13,4.29,6.016,1.0,62,62,2.79,-0.51,6.09,1.73,0.962,2.79,7.746
pitcher_strikeouts,OVER,"[-2999,-2000]",HR≥70/EDG≥-5.0/CV≤0.6/μ≥0.5/TP≥-,150,143,4.21,4.13,4.29,6.016,1.0,62,62,2.79,-0.51,6.09,1.73,0.962,2.79,7.746
pitcher_strikeouts,OVER,"[-2999,-2000]",HR≥50/EDG≥-5.0/CV≤0.6/μ≥0.5/TP≥-,150,143,4.21,4.13,4.29,6.016,1.0,62,62,2.79,-0.51,6.09,1.73,0.962,2.79,7.746
pitcher_strikeouts,OVER,"[-2999,-2000]",HR≥60/EDG≥-5.0/CV≤0.6/μ≥0.5/TP≥-,150,143,4.21,4.13,4.29,6.016,1.0,62,62,2.79,-0.51,6.09,1.73,0.962,2.79,7.746
pitcher_strikeouts,OVER,"[-2999,-2000]",HR≥75/EDG≥-5.0/CV≤0.6/μ≥0.0/TP≥-,150,143,4.21,4.13,4.29,6.016,1.0,62,62,2.79,-0.51,6.09,1.73,0.962,2.79,7.746
pitcher_strikeouts,OVER,"[-2999,-2000]",HR≥45/EDG≥-5.0/CV≤0.6/μ≥1.0/TP≥-,150,143,4.21,4.13,4.29,6.016,1.0,62,62,2.79,-0.51,6.09,1.73,0.962,2.79,7.746
pitcher_strikeouts,OVER,"[-2999,-2000]",HR≥60/EDG≥-5.0/CV≤0.6/μ≥1.0/TP≥-,150,143,4.21,4.13,4.29,6.016,1.0,62,62,2.79,-0.51,6.09,1.73,0.962,2.79,7.746
pitcher_strikeouts,OVER,"[-2999,-2000]",HR≥45/EDG≥-5.0/CV≤0.6/μ≥-/TP≥-,150,143,4.21,4.13,4.29,6.016,1.0,62,62,2.79,-0.51,6.09,1.73,0.962,2.79,7.746
pitcher_strikeouts,OVER,"[-2999,-2000]",HR≥75/EDG≥-5.0/CV≤0.6/μ≥0.5/TP≥-,150,143,4.21,4.13,4.29,6.016,1.0,62,62,2.79,-0.51,6.09,1.73,0.962,2.79,7.746
pitcher_strikeouts,OVER,"[-2999,-2000]",HR≥50/EDG≥-5.0/CV≤0.6/μ≥-/TP≥-,150,143,4.21,4.13,4.29,6.016,1.0,62,62,2.79,-0.51,6.09,1.73,0.962,2.79,7.746
pitcher_strikeouts,OVER,"[-2999,-2000]",HR≥50/EDG≥-5.0/CV≤0.6/μ≥0.0/TP≥-,150,143,4.21,4.13,4.29,6.016,1.0,62,62,2.79,-0.51,6.09,1.73,0.962,2.79,7.746
pitcher_strikeouts,OVER,"[-2999,-2000]",HR≥70/EDG≥-5.0/CV≤0.6/μ≥1.0/TP≥-,150,143,4.21,4.13,4.29,6.016,1.0,62,62,2.79,-0.51,6.09,1.73,0.962,2.79,7.746
pitcher_strikeouts,OVER,"[-2999,-2000]",HR≥-/EDG≥-5.0/CV≤0.6/μ≥1.0/TP≥-,150,143,4.21,4.13,4.29,6.016,1.0,62,62,2.79,-0.51,6.09,1.73,0.962,2.79,7.746
pitcher_strikeouts,OVER,"[-2999,-2000]",HR≥45/EDG≥-5.0/CV≤0.6/μ≥0.0/TP≥-,150,143,4.21,4.13,4.29,6.016,1.0,62,62,2.79,-0.51,6.09,1.73,0.962,2.79,7.746
pitcher_strikeouts,OVER,"[-2999,-2000]",HR≥-/EDG≥-5.0/CV≤0.6/μ≥0.0/TP≥-,150,143,4.21,4.13,4.29,6.016,1.0,62,62,2.79,-0.51,6.09,1.73,0.962,2.79,7.746
pitcher_strikeouts,OVER,"[-2999,-2000]",HR≥75/EDG≥-5.0/CV≤0.6/μ≥1.0/TP≥-,150,143,4.21,4.13,4.29,6.016,1.0,62,62,2.79,-0.51,6.09,1.73,0.962,2.79,7.746
pitcher_strikeouts,OVER,"[-2999,-2000]",HR≥-/EDG≥-5.0/CV≤0.6/μ≥0.5/TP≥-,150,143,4.21,4.13,4.29,6.016,1.0,62,62,2.79,-0.51,6.09,1.73,0.962,2.79,7.746
pitcher_strikeouts,OVER,"[-2999,-2000]",HR≥45/EDG≥-5.0/CV≤0.6/μ≥0.5/TP≥-,150,143,4.21,4.13,4.29,6.016,1.0,62,62,2.79,-0.51,6.09,1.73,0.962,2.79,7.746
pitcher_strikeouts,OVER,"[-2999,-2000]",HR≥55/EDG≥-5.0/CV≤0.6/μ≥0.0/TP≥-,150,143,4.21,4.13,4.29,6.016,1.0,62,62,2.79,-0.51,6.09,1.73,0.962,2.79,7.746
pitcher_strikeouts,OVER,"[-2999,-2000]",HR≥65/EDG≥-5.0/CV≤0.6/μ≥-/TP≥-,150,143,4.21,4.13,4.29,6.016,1.0,62,62,2.79,-0.51,6.09,1.73,0.962,2.79,7.746
pitcher_strikeouts,OVER,"[-2999,-2000]",HR≥70/EDG≥-5.0/CV≤0.6/μ≥0.0/TP≥-,150,143,4.21,4.13,4.29,6.016,1.0,62,62,2.79,-0.51,6.09,1.73,0.962,2.79,7.746
pitcher_strikeouts,OVER,"[-2999,-2000]",HR≥55/EDG≥-5.0/CV≤0.6/μ≥1.0/TP≥-,150,143,4.21,4.13,4.29,6.016,1.0,62,62,2.79,-0.51,6.09,1.73,0.962,2.79,7.746
pitcher_strikeouts,OVER,"[-2999,-2000]",HR≥50/EDG≥-5.0/CV≤0.5/μ≥0.0/TP≥-,123,116,4.13,4.04,4.22,4.789,1.0,59,59,2.7,-0.77,6.17,1.594,0.96,2.7,6.383
pitcher_strikeouts,OVER,"[-2999,-2000]",HR≥-/EDG≥-5.0/CV≤0.5/μ≥-/TP≥-,123,116,4.13,4.04,4.22,4.789,1.0,59,59,2.7,-0.77,6.17,1.594,0.96,2.7,6.383
pitcher_strikeouts,OVER,"[-2999,-2000]",HR≥70/EDG≥-5.0/CV≤0.5/μ≥0.5/TP≥-,123,116,4.13,4.04,4.22,4.789,1.0,59,59,2.7,-0.77,6.17,1.594,0.96,2.7,6.383
pitcher_strikeouts,OVER,"[-2999,-2000]",HR≥70/EDG≥-5.0/CV≤0.5/μ≥0.0/TP≥-,123,116,4.13,4.04,4.22,4.789,1.0,59,59,2.7,-0.77,6.17,1.594,0.96,2.7,6.383
pitcher_strikeouts,OVER,"[-2999,-2000]",HR≥75/EDG≥-5.0/CV≤0.5/μ≥1.0/TP≥-,123,116,4.13,4.04,4.22,4.789,1.0,59,59,2.7,-0.77,6.17,1.594,0.96,2.7,6.383
pitcher_strikeouts,OVER,"[-2999,-2000]",HR≥55/EDG≥-5.0/CV≤0.5/μ≥1.0/TP≥-,123,116,4.13,4.04,4.22,4.789,1.0,59,59,2.7,-0.77,6.17,1.594,0.96,2.7,6.383
pitcher_strikeouts,OVER,"[-2999,-2000]",HR≥75/EDG≥-5.0/CV≤0.5/μ≥-/TP≥-,123,116,4.13,4.04,4.22,4.789,1.0,59,59,2.7,-0.77,6.17,1.594,0.96,2.7,6.383
pitcher_strikeouts,OVER,"[-2999,-2000]",HR≥-/EDG≥-5.0/CV≤0.5/μ≥1.0/TP≥-,123,116,4.13,4.04,4.22,4.789,1.0,59,59,2.7,-0.77,6.17,1.594,0.96,2.7,6.383
pitcher_strikeouts,OVER,"[-2999,-2000]",HR≥45/EDG≥-5.0/CV≤0.5/μ≥0.0/TP≥-,123,116,4.13,4.04,4.22,4.789,1.0,59,59,2.7,-0.77,6.17,1.594,0.96,2.7,6.383
pitcher_strikeouts,OVER,"[-2999,-2000]",HR≥-/EDG≥-5.0/CV≤0.5/μ≥0.0/TP≥-,123,116,4.13,4.04,4.22,4.789,1.0,59,59,2.7,-0.77,6.17,1.594,0.96,2.7,6.383
pitcher_strikeouts,OVER,"[-2999,-2000]",HR≥45/EDG≥-5.0/CV≤0.5/μ≥1.0/TP≥-,123,116,4.13,4.04,4.22,4.789,1.0,59,59,2.7,-0.77,6.17,1.594,0.96,2.7,6.383
pitcher_strikeouts,OVER,"[-2999,-2000]",HR≥65/EDG≥-5.0/CV≤0.5/μ≥0.0/TP≥-,123,116,4.13,4.04,4.22,4.789,1.0,59,59,2.7,-0.77,6.17,1.594,0.96,2.7,6.383
pitcher_strikeouts,OVER,"[-2999,-2000]",HR≥75/EDG≥-5.0/CV≤0.5/μ≥0.5/TP≥-,123,116,4.13,4.04,4.22,4.789,1.0,59,59,2.7,-0.77,6.17,1.594,0.96,2.7,6.383
pitcher_strikeouts,OVER,"[-2999,-2000]",HR≥60/EDG≥-5.0/CV≤0.5/μ≥-/TP≥-,123,116,4.13,4.04,4.22,4.789,1.0,59,59,2.7,-0.77,6.17,1.594,0.96,2.7,6.383
pitcher_strikeouts,OVER,"[-2999,-2000]",HR≥65/EDG≥-5.0/CV≤0.5/μ≥0.5/TP≥-,123,116,4.13,4.04,4.22,4.789,1.0,59,59,2.7,-0.77,6.17,1.594,0.96,2.7,6.383
pitcher_strikeouts,OVER,"[-2999,-2000]",HR≥55/EDG≥-5.0/CV≤0.5/μ≥-/TP≥-,123,116,4.13,4.04,4.22,4.789,1.0,59,59,2.7,-0.77,6.17,1.594,0.96,2.7,6.383
pitcher_strikeouts,OVER,"[-2999,-2000]",HR≥45/EDG≥-5.0/CV≤0.5/μ≥0.5/TP≥-,123,116,4.13,4.04,4.22,4.789,1.0,59,59,2.7,-0.77,6.17,1.594,0.96,2.7,6.383
pitcher_strikeouts,OVER,"[-2999,-2000]",HR≥45/EDG≥-5.0/CV≤0.5/μ≥-/TP≥-,123,116,4.13,4.04,4.22,4.789,1.0,59,59,2.7,-0.77,6.17,1.594,0.96,2.7,6.383
pitcher_strikeouts,OVER,"[-2999,-2000]",HR≥65/EDG≥-5.0/CV≤0.5/μ≥-/TP≥-,123,116,4.13,4.04,4.22,4.789,1.0,59,59,2.7,-0.77,6.17,1.594,0.96,2.7,6.383
pitcher_strikeouts,OVER,"[-2999,-2000]",HR≥60/EDG≥-5.0/CV≤0.5/μ≥0.5/TP≥-,123,116,4.13,4.04,4.22,4.789,1.0,59,59,2.7,-0.77,6.17,1.594,0.96,2.7,6.383
pitcher_strikeouts,OVER,"[-2999,-2000]",HR≥70/EDG≥-5.0/CV≤0.5/μ≥-/TP≥-,123,116,4.13,4.04,4.22,4.789,1.0,59,59,2.7,-0.77,6.17,1.594,0.96,2.7,6.383
pitcher_strikeouts,OVER,"[-2999,-2000]",HR≥55/EDG≥-5.0/CV≤0.5/μ≥0.5/TP≥-,123,116,4.13,4.04,4.22,4.789,1.0,59,59,2.7,-0.77,6.17,1.594,0.96,2.7,6.383
pitcher_strikeouts,OVER,"[-2999,-2000]",HR≥60/EDG≥-5.0/CV≤0.5/μ≥0.0/TP≥-,123,116,4.13,4.04,4.22,4.789,1.0,59,59,2.7,-0.77,6.17,1.594,0.96,2.7,6.383
pitcher_strikeouts,OVER,"[-2999,-2000]",HR≥50/EDG≥-5.0/CV≤0.5/μ≥0.5/TP≥-,123,116,4.13,4.04,4.22,4.789,1.0,59,59,2.7,-0.77,6.17,1.594,0.96,2.7,6.383
pitcher_strikeouts,OVER,"[-2999,-2000]",HR≥75/EDG≥-5.0/CV≤0.5/μ≥0.0/TP≥-,123,116,4.13,4.04,4.22,4.789,1.0,59,59,2.7,-0.77,6.17,1.594,0.96,2.7,6.383
pitcher_strikeouts,OVER,"[-2999,-2000]",HR≥60/EDG≥-5.0/CV≤0.5/μ≥1.0/TP≥-,123,116,4.13,4.04,4.22,4.789,1.0,59,59,2.7,-0.77,6.17,1.594,0.96,2.7,6.383
pitcher_strikeouts,OVER,"[-2999,-2000]",HR≥50/EDG≥-5.0/CV≤0.5/μ≥-/TP≥-,123,116,4.13,4.04,4.22,4.789,1.0,59,59,2.7,-0.77,6.17,1.594,0.96,2.7,6.383
pitcher_strikeouts,OVER,"[-2999,-2000]",HR≥55/EDG≥-5.0/CV≤0.5/μ≥0.0/TP≥-,123,116,4.13,4.04,4.22,4.789,1.0,59,59,2.7,-0.77,6.17,1.594,0.96,2.7,6.383
pitcher_strikeouts,OVER,"[-2999,-2000]",HR≥50/EDG≥-5.0/CV≤0.5/μ≥1.0/TP≥-,123,116,4.13,4.04,4.22,4.789,1.0,59,59,2.7,-0.77,6.17,1.594,0.96,2.7,6.383
pitcher_strikeouts,OVER,"[-2999,-2000]",HR≥70/EDG≥-5.0/CV≤0.5/μ≥1.0/TP≥-,123,116,4.13,4.04,4.22,4.789,1.0,59,59,2.7,-0.77,6.17,1.594,0.96,2.7,6.383
pitcher_strikeouts,OVER,"[-2999,-2000]",HR≥-/EDG≥-5.0/CV≤0.5/μ≥0.5/TP≥-,123,116,4.13,4.04,4.22,4.789,1.0,59,59,2.7,-0.77,6.17,1.594,0.96,2.7,6.383
pitcher_strikeouts,OVER,"[-2999,-2000]",HR≥65/EDG≥-5.0/CV≤0.5/μ≥1.0/TP≥-,123,116,4.13,4.04,4.22,4.789,1.0,59,59,2.7,-0.77,6.17,1.594,0.96,2.7,6.383
pitcher_strikeouts,OVER,"[-2999,-2000]",HR≥-/EDG≥-5.0/CV≤0.45/μ≥-/TP≥-,110,103,4.2,4.1,4.29,4.324,1.0,48,48,2.33,-1.94,6.6,1.118,0.957,2.33,5.442
pitcher_strikeouts,OVER,"[-2999,-2000]",HR≥75/EDG≥-5.0/CV≤0.45/μ≥0.5/TP≥-,110,103,4.2,4.1,4.29,4.324,1.0,48,48,2.33,-1.94,6.6,1.118,0.957,2.33,5.442
pitcher_strikeouts,OVER,"[-2999,-2000]",HR≥75/EDG≥-5.0/CV≤0.45/μ≥-/TP≥-,110,103,4.2,4.1,4.29,4.324,1.0,48,48,2.33,-1.94,6.6,1.118,0.957,2.33,5.442
pitcher_strikeouts,OVER,"[-2999,-2000]",HR≥55/EDG≥-5.0/CV≤0.45/μ≥0.5/TP≥-,110,103,4.2,4.1,4.29,4.324,1.0,48,48,2.33,-1.94,6.6,1.118,0.957,2.33,5.442
pitcher_strikeouts,OVER,"[-2999,-2000]",HR≥70/EDG≥-5.0/CV≤0.45/μ≥1.0/TP≥-,110,103,4.2,4.1,4.29,4.324,1.0,48,48,2.33,-1.94,6.6,1.118,0.957,2.33,5.442
pitcher_strikeouts,OVER,"[-2999,-2000]",HR≥70/EDG≥-5.0/CV≤0.45/μ≥-/TP≥-,110,103,4.2,4.1,4.29,4.324,1.0,48,48,2.33,-1.94,6.6,1.118,0.957,2.33,5.442
pitcher_strikeouts,OVER,"[-2999,-2000]",HR≥75/EDG≥-5.0/CV≤0.45/μ≥1.0/TP≥-,110,103,4.2,4.1,4.29,4.324,1.0,48,48,2.33,-1.94,6.6,1.118,0.957,2.33,5.442
pitcher_strikeouts,OVER,"[-2999,-2000]",HR≥70/EDG≥-5.0/CV≤0.45/μ≥0.0/TP≥-,110,103,4.2,4.1,4.29,4.324,1.0,48,48,2.33,-1.94,6.6,1.118,0.957,2.33,5.442
pitcher_strikeouts,OVER,"[-2999,-2000]",HR≥60/EDG≥-5.0/CV≤0.45/μ≥1.0/TP≥-,110,103,4.2,4.1,4.29,4.324,1.0,48,48,2.33,-1.94,6.6,1.118,0.957,2.33,5.442
pitcher_strikeouts,OVER,"[-2999,-2000]",HR≥-/EDG≥-5.0/CV≤0.45/μ≥0.5/TP≥-,110,103,4.2,4.1,4.29,4.324,1.0,48,48,2.33,-1.94,6.6,1.118,0.957,2.33,5.442
pitcher_strikeouts,OVER,"[-2999,-2000]",HR≥-/EDG≥-5.0/CV≤0.45/μ≥1.0/TP≥-,110,103,4.2,4.1,4.29,4.324,1.0,48,48,2.33,-1.94,6.6,1.118,0.957,2.33,5.442
pitcher_strikeouts,OVER,"[-2999,-2000]",HR≥50/EDG≥-5.0/CV≤0.45/μ≥1.0/TP≥-,110,103,4.2,4.1,4.29,4.324,1.0,48,48,2.33,-1.94,6.6,1.118,0.957,2.33,5.442
pitcher_strikeouts,OVER,"[-2999,-2000]",HR≥45/EDG≥-5.0/CV≤0.45/μ≥1.0/TP≥-,110,103,4.2,4.1,4.29,4.324,1.0,48,48,2.33,-1.94,6.6,1.118,0.957,2.33,5.442
pitcher_strikeouts,OVER,"[-2999,-2000]",HR≥60/EDG≥-5.0/CV≤0.45/μ≥-/TP≥-,110,103,4.2,4.1,4.29,4.324,1.0,48,48,2.33,-1.94,6.6,1.118,0.957,2.33,5.442
pitcher_strikeouts,OVER,"[-2999,-2000]",HR≥45/EDG≥-5.0/CV≤0.45/μ≥0.5/TP≥-,110,103,4.2,4.1,4.29,4.324,1.0,48,48,2.33,-1.94,6.6,1.118,0.957,2.33,5.442
pitcher_strikeouts,OVER,"[-2999,-2000]",HR≥65/EDG≥-5.0/CV≤0.45/μ≥1.0/TP≥-,110,103,4.2,4.1,4.29,4.324,1.0,48,48,2.33,-1.94,6.6,1.118,0.957,2.33,5.442
pitcher_strikeouts,OVER,"[-2999,-2000]",HR≥65/EDG≥-5.0/CV≤0.45/μ≥0.0/TP≥-,110,103,4.2,4.1,4.29,4.324,1.0,48,48,2.33,-1.94,6.6,1.118,0.957,2.33,5.442
pitcher_strikeouts,OVER,"[-2999,-2000]",HR≥-/EDG≥-5.0/CV≤0.45/μ≥0.0/TP≥-,110,103,4.2,4.1,4.29,4.324,1.0,48,48,2.33,-1.94,6.6,1.118,0.957,2.33,5.442
pitcher_strikeouts,OVER,"[-2999,-2000]",HR≥55/EDG≥-5.0/CV≤0.45/μ≥1.0/TP≥-,110,103,4.2,4.1,4.29,4.324,1.0,48,48,2.33,-1.94,6.6,1.118,0.957,2.33,5.442
pitcher_strikeouts,OVER,"[-2999,-2000]",HR≥50/EDG≥-5.0/CV≤0.45/μ≥0.5/TP≥-,110,103,4.2,4.1,4.29,4.324,1.0,48,48,2.33,-1.94,6.6,1.118,0.957,2.33,5.442
pitcher_strikeouts,OVER,"[-2999,-2000]",HR≥60/EDG≥-5.0/CV≤0.45/μ≥0.0/TP≥-,110,103,4.2,4.1,4.29,4.324,1.0,48,48,2.33,-1.94,6.6,1.118,0.957,2.33,5.442
pitcher_strikeouts,OVER,"[-2999,-2000]",HR≥60/EDG≥-5.0/CV≤0.45/μ≥0.5/TP≥-,110,103,4.2,4.1,4.29,4.324,1.0,48,48,2.33,-1.94,6.6,1.118,0.957,2.33,5.442
pitcher_strikeouts,OVER,"[-2999,-2000]",HR≥75/EDG≥-5.0/CV≤0.45/μ≥0.0/TP≥-,110,103,4.2,4.1,4.29,4.324,1.0,48,48,2.33,-1.94,6.6,1.118,0.957,2.33,5.442
pitcher_strikeouts,OVER,"[-2999,-2000]",HR≥65/EDG≥-5.0/CV≤0.45/μ≥0.5/TP≥-,110,103,4.2,4.1,4.29,4.324,1.0,48,48,2.33,-1.94,6.6,1.118,0.957,2.33,5.442
pitcher_strikeouts,OVER,"[-2999,-2000]",HR≥50/EDG≥-5.0/CV≤0.45/μ≥0.0/TP≥-,110,103,4.2,4.1,4.29,4.324,1.0,48,48,2.33,-1.94,6.6,1.118,0.957,2.33,5.442
pitcher_strikeouts,OVER,"[-2999,-2000]",HR≥45/EDG≥-5.0/CV≤0.45/μ≥0.0/TP≥-,110,103,4.2,4.1,4.29,4.324,1.0,48,48,2.33,-1.94,6.6,1.118,0.957,2.33,5.442
pitcher_strikeouts,OVER,"[-2999,-2000]",HR≥45/EDG≥-5.0/CV≤0.45/μ≥-/TP≥-,110,103,4.2,4.1,4.29,4.324,1.0,48,48,2.33,-1.94,6.6,1.118,0.957,2.33,5.442
pitcher_strikeouts,OVER,"[-2999,-2000]",HR≥65/EDG≥-5.0/CV≤0.45/μ≥-/TP≥-,110,103,4.2,4.1,4.29,4.324,1.0,48,48,2.33,-1.94,6.6,1.118,0.957,2.33,5.442
pitcher_strikeouts,OVER,"[-2999,-2000]",HR≥70/EDG≥-5.0/CV≤0.45/μ≥0.5/TP≥-,110,103,4.2,4.1,4.29,4.324,1.0,48,48,2.33,-1.94,6.6,1.118,0.957,2.33,5.442
pitcher_strikeouts,OVER,"[-2999,-2000]",HR≥55/EDG≥-5.0/CV≤0.45/μ≥-/TP≥-,110,103,4.2,4.1,4.29,4.324,1.0,48,48,2.33,-1.94,6.6,1.118,0.957,2.33,5.442
pitcher_strikeouts,OVER,"[-2999,-2000]",HR≥50/EDG≥-5.0/CV≤0.45/μ≥-/TP≥-,110,103,4.2,4.1,4.29,4.324,1.0,48,48,2.33,-1.94,6.6,1.118,0.957,2.33,5.442
pitcher_strikeouts,OVER,"[-2999,-2000]",HR≥55/EDG≥-5.0/CV≤0.45/μ≥0.0/TP≥-,110,103,4.2,4.1,4.29,4.324,1.0,48,48,2.33,-1.94,6.6,1.118,0.957,2.33,5.442
pitcher_strikeouts,OVER,"[-2999,-2000]",HR≥70/EDG≥-5.0/CV≤0.4/μ≥0.0/TP≥-,84,77,4.3,4.19,4.41,3.312,1.0,34,34,1.41,-4.62,7.43,0.479,0.944,1.41,3.791
pitcher_strikeouts,OVER,"[-2999,-2000]",HR≥70/EDG≥-5.0/CV≤0.4/μ≥1.0/TP≥-,84,77,4.3,4.19,4.41,3.312,1.0,34,34,1.41,-4.62,7.43,0.479,0.944,1.41,3.791
pitcher_strikeouts,OVER,"[-2999,-2000]",HR≥75/EDG≥-5.0/CV≤0.4/μ≥-/TP≥-,84,77,4.3,4.19,4.41,3.312,1.0,34,34,1.41,-4.62,7.43,0.479,0.944,1.41,3.791
pitcher_strikeouts,OVER,"[-2999,-2000]",HR≥55/EDG≥-5.0/CV≤0.4/μ≥0.0/TP≥-,84,77,4.3,4.19,4.41,3.312,1.0,34,34,1.41,-4.62,7.43,0.479,0.944,1.41,3.791
pitcher_strikeouts,OVER,"[-2999,-2000]",HR≥65/EDG≥-5.0/CV≤0.4/μ≥-/TP≥-,84,77,4.3,4.19,4.41,3.312,1.0,34,34,1.41,-4.62,7.43,0.479,0.944,1.41,3.791
pitcher_strikeouts,OVER,"[-2999,-2000]",HR≥50/EDG≥-5.0/CV≤0.4/μ≥-/TP≥-,84,77,4.3,4.19,4.41,3.312,1.0,34,34,1.41,-4.62,7.43,0.479,0.944,1.41,3.791
pitcher_strikeouts,OVER,"[-2999,-2000]",HR≥75/EDG≥-5.0/CV≤0.4/μ≥1.0/TP≥-,84,77,4.3,4.19,4.41,3.312,1.0,34,34,1.41,-4.62,7.43,0.479,0.944,1.41,3.791
pitcher_strikeouts,OVER,"[-2999,-2000]",HR≥60/EDG≥-5.0/CV≤0.4/μ≥-/TP≥-,84,77,4.3,4.19,4.41,3.312,1.0,34,34,1.41,-4.62,7.43,0.479,0.944,1.41,3.791
pitcher_strikeouts,OVER,"[-2999,-2000]",HR≥-/EDG≥-5.0/CV≤0.4/μ≥0.5/TP≥-,84,77,4.3,4.19,4.41,3.312,1.0,34,34,1.41,-4.62,7.43,0.479,0.944,1.41,3.791
pitcher_strikeouts,OVER,"[-2999,-2000]",HR≥65/EDG≥-5.0/CV≤0.4/μ≥0.0/TP≥-,84,77,4.3,4.19,4.41,3.312,1.0,34,34,1.41,-4.62,7.43,0.479,0.944,1.41,3.791
pitcher_strikeouts,OVER,"[-2999,-2000]",HR≥-/EDG≥-5.0/CV≤0.4/μ≥0.0/TP≥-,84,77,4.3,4.19,4.41,3.312,1.0,34,34,1.41,-4.62,7.43,0.479,0.944,1.41,3.791
pitcher_strikeouts,OVER,"[-2999,-2000]",HR≥45/EDG≥-5.0/CV≤0.4/μ≥0.0/TP≥-,84,77,4.3,4.19,4.41,3.312,1.0,34,34,1.41,-4.62,7.43,0.479,0.944,1.41,3.791
pitcher_strikeouts,OVER,"[-2999,-2000]",HR≥-/EDG≥-5.0/CV≤0.4/μ≥1.0/TP≥-,84,77,4.3,4.19,4.41,3.312,1.0,34,34,1.41,-4.62,7.43,0.479,0.944,1.41,3.791
pitcher_strikeouts,OVER,"[-2999,-2000]",HR≥45/EDG≥-5.0/CV≤0.4/μ≥-/TP≥-,84,77,4.3,4.19,4.41,3.312,1.0,34,34,1.41,-4.62,7.43,0.479,0.944,1.41,3.791
pitcher_strikeouts,OVER,"[-2999,-2000]",HR≥-/EDG≥-5.0/CV≤0.4/μ≥-/TP≥-,84,77,4.3,4.19,4.41,3.312,1.0,34,34,1.41,-4.62,7.43,0.479,0.944,1.41,3.791
pitcher_strikeouts,OVER,"[-2999,-2000]",HR≥50/EDG≥-5.0/CV≤0.4/μ≥0.0/TP≥-,84,77,4.3,4.19,4.41,3.312,1.0,34,34,1.41,-4.62,7.43,0.479,0.944,1.41,3.791
pitcher_strikeouts,OVER,"[-2999,-2000]",HR≥60/EDG≥-5.0/CV≤0.4/μ≥1.0/TP≥-,84,77,4.3,4.19,4.41,3.312,1.0,34,34,1.41,-4.62,7.43,0.479,0.944,1.41,3.791
pitcher_strikeouts,OVER,"[-2999,-2000]",HR≥70/EDG≥-5.0/CV≤0.4/μ≥-/TP≥-,84,77,4.3,4.19,4.41,3.312,1.0,34,34,1.41,-4.62,7.43,0.479,0.944,1.41,3.791
pitcher_strikeouts,OVER,"[-2999,-2000]",HR≥65/EDG≥-5.0/CV≤0.4/μ≥0.5/TP≥-,84,77,4.3,4.19,4.41,3.312,1.0,34,34,1.41,-4.62,7.43,0.479,0.944,1.41,3.791
pitcher_strikeouts,OVER,"[-2999,-2000]",HR≥75/EDG≥-5.0/CV≤0.4/μ≥0.0/TP≥-,84,77,4.3,4.19,4.41,3.312,1.0,34,34,1.41,-4.62,7.43,0.479,0.944,1.41,3.791
pitcher_strikeouts,OVER,"[-2999,-2000]",HR≥55/EDG≥-5.0/CV≤0.4/μ≥0.5/TP≥-,84,77,4.3,4.19,4.41,3.312,1.0,34,34,1.41,-4.62,7.43,0.479,0.944,1.41,3.791
pitcher_strikeouts,OVER,"[-2999,-2000]",HR≥45/EDG≥-5.0/CV≤0.4/μ≥0.5/TP≥-,84,77,4.3,4.19,4.41,3.312,1.0,34,34,1.41,-4.62,7.43,0.479,0.944,1.41,3.791
pitcher_strikeouts,OVER,"[-2999,-2000]",HR≥65/EDG≥-5.0/CV≤0.4/μ≥1.0/TP≥-,84,77,4.3,4.19,4.41,3.312,1.0,34,34,1.41,-4.62,7.43,0.479,0.944,1.41,3.791
pitcher_strikeouts,OVER,"[-2999,-2000]",HR≥70/EDG≥-5.0/CV≤0.4/μ≥0.5/TP≥-,84,77,4.3,4.19,4.41,3.312,1.0,34,34,1.41,-4.62,7.43,0.479,0.944,1.41,3.791
pitcher_strikeouts,OVER,"[-2999,-2000]",HR≥50/EDG≥-5.0/CV≤0.4/μ≥0.5/TP≥-,84,77,4.3,4.19,4.41,3.312,1.0,34,34,1.41,-4.62,7.43,0.479,0.944,1.41,3.791
pitcher_strikeouts,OVER,"[-2999,-2000]",HR≥45/EDG≥-5.0/CV≤0.4/μ≥1.0/TP≥-,84,77,4.3,4.19,4.41,3.312,1.0,34,34,1.41,-4.62,7.43,0.479,0.944,1.41,3.791
pitcher_strikeouts,OVER,"[-2999,-2000]",HR≥55/EDG≥-5.0/CV≤0.4/μ≥-/TP≥-,84,77,4.3,4.19,4.41,3.312,1.0,34,34,1.41,-4.62,7.43,0.479,0.944,1.41,3.791
pitcher_strikeouts,OVER,"[-2999,-2000]",HR≥75/EDG≥-5.0/CV≤0.4/μ≥0.5/TP≥-,84,77,4.3,4.19,4.41,3.312,1.0,34,34,1.41,-4.62,7.43,0.479,0.944,1.41,3.791
pitcher_strikeouts,OVER,"[-2999,-2000]",HR≥55/EDG≥-5.0/CV≤0.4/μ≥1.0/TP≥-,84,77,4.3,4.19,4.41,3.312,1.0,34,34,1.41,-4.62,7.43,0.479,0.944,1.41,3.791
pitcher_strikeouts,OVER,"[-2999,-2000]",HR≥60/EDG≥-5.0/CV≤0.4/μ≥0.5/TP≥-,84,77,4.3,4.19,4.41,3.312,1.0,34,34,1.41,-4.62,7.43,0.479,0.944,1.41,3.791
pitcher_strikeouts,OVER,"[-2999,-2000]",HR≥50/EDG≥-5.0/CV≤0.4/μ≥1.0/TP≥-,84,77,4.3,4.19,4.41,3.312,1.0,34,34,1.41,-4.62,7.43,0.479,0.944,1.41,3.791
pitcher_strikeouts,OVER,"[-2999,-2000]",HR≥60/EDG≥-5.0/CV≤0.4/μ≥0.0/TP≥-,84,77,4.3,4.19,4.41,3.312,1.0,34,34,1.41,-4.62,7.43,0.479,0.944,1.41,3.791
pitcher_strikeouts,OVER,"[-1999,-1500]",HR≥45/EDG≥-/CV≤0.4/μ≥1.0/TP≥-,154,113,5.71,5.64,5.78,6.453,1.0,34,33,2.87,-3.44,9.17,0.946,0.944,2.87,7.399
pitcher_strikeouts,OVER,"[-1999,-1500]",HR≥-/EDG≥-/CV≤0.4/μ≥1.0/TP≥-,154,113,5.71,5.64,5.78,6.453,1.0,34,33,2.87,-3.44,9.17,0.946,0.944,2.87,7.399
pitcher_strikeouts,OVER,"[-1999,-1500]",HR≥55/EDG≥-/CV≤0.4/μ≥1.0/TP≥-,154,113,5.71,5.64,5.78,6.453,1.0,34,33,2.87,-3.44,9.17,0.946,0.944,2.87,7.399
pitcher_strikeouts,OVER,"[-1999,-1500]",HR≥50/EDG≥-/CV≤0.4/μ≥1.0/TP≥-,154,113,5.71,5.64,5.78,6.453,1.0,34,33,2.87,-3.44,9.17,0.946,0.944,2.87,7.399
pitcher_strikeouts,OVER,"[-1999,-1500]",HR≥75/EDG≥-/CV≤0.4/μ≥1.0/TP≥-,154,113,5.71,5.64,5.78,6.453,1.0,34,33,2.87,-3.44,9.17,0.946,0.944,2.87,7.399
pitcher_strikeouts,OVER,"[-1999,-1500]",HR≥60/EDG≥-/CV≤0.4/μ≥1.0/TP≥-,154,113,5.71,5.64,5.78,6.453,1.0,34,33,2.87,-3.44,9.17,0.946,0.944,2.87,7.399
pitcher_strikeouts,OVER,"[-1999,-1500]",HR≥65/EDG≥-/CV≤0.4/μ≥1.0/TP≥-,154,113,5.71,5.64,5.78,6.453,1.0,34,33,2.87,-3.44,9.17,0.946,0.944,2.87,7.399
pitcher_strikeouts,OVER,"[-1999,-1500]",HR≥70/EDG≥-/CV≤0.4/μ≥1.0/TP≥-,154,113,5.71,5.64,5.78,6.453,1.0,34,33,2.87,-3.44,9.17,0.946,0.944,2.87,7.399
pitcher_strikeouts,OVER,"[-1999,-1500]",HR≥65/EDG≥-/CV≤0.5/μ≥0.0/TP≥-,291,250,2.56,0.24,4.87,6.389,0.929,60,59,2.48,-2.46,7.42,1.461,0.917,2.48,7.85
pitcher_strikeouts,OVER,"[-1999,-1500]",HR≥45/EDG≥-/CV≤0.5/μ≥0.0/TP≥-,298,257,2.67,0.41,4.92,6.856,0.929,60,59,2.48,-2.46,7.42,1.461,0.917,2.48,8.317
pitcher_strikeouts,OVER,"[-1999,-1500]",HR≥45/EDG≥-/CV≤0.5/μ≥-/TP≥-,298,257,2.67,0.41,4.92,6.856,0.929,60,59,2.48,-2.46,7.42,1.461,0.917,2.48,8.317
pitcher_strikeouts,OVER,"[-1999,-1500]",HR≥-/EDG≥-/CV≤0.5/μ≥0.0/TP≥-,298,257,2.67,0.41,4.92,6.856,0.929,60,59,2.48,-2.46,7.42,1.461,0.917,2.48,8.317
pitcher_strikeouts,OVER,"[-1999,-1500]",HR≥-/EDG≥-/CV≤0.5/μ≥-/TP≥-,298,257,2.67,0.41,4.92,6.856,0.929,60,59,2.48,-2.46,7.42,1.461,0.917,2.48,8.317
pitcher_strikeouts,OVER,"[-1999,-1500]",HR≥60/EDG≥-/CV≤0.5/μ≥0.0/TP≥-,291,250,2.56,0.24,4.87,6.389,0.929,60,59,2.48,-2.46,7.42,1.461,0.917,2.48,7.85
pitcher_strikeouts,OVER,"[-1999,-1500]",HR≥65/EDG≥-/CV≤0.5/μ≥-/TP≥-,291,250,2.56,0.24,4.87,6.389,0.929,60,59,2.48,-2.46,7.42,1.461,0.917,2.48,7.85
pitcher_strikeouts,OVER,"[-1999,-1500]",HR≥55/EDG≥-/CV≤0.5/μ≥0.0/TP≥-,298,257,2.67,0.41,4.92,6.856,0.929,60,59,2.48,-2.46,7.42,1.461,0.917,2.48,8.317
pitcher_strikeouts,OVER,"[-1999,-1500]",HR≥50/EDG≥-/CV≤0.5/μ≥-/TP≥-,298,257,2.67,0.41,4.92,6.856,0.929,60,59,2.48,-2.46,7.42,1.461,0.917,2.48,8.317
pitcher_strikeouts,OVER,"[-1999,-1500]",HR≥60/EDG≥-/CV≤0.5/μ≥-/TP≥-,291,250,2.56,0.24,4.87,6.389,0.929,60,59,2.48,-2.46,7.42,1.461,0.917,2.48,7.85
pitcher_strikeouts,OVER,"[-1999,-1500]",HR≥55/EDG≥-/CV≤0.5/μ≥-/TP≥-,298,257,2.67,0.41,4.92,6.856,0.929,60,59,2.48,-2.46,7.42,1.461,0.917,2.48,8.317
pitcher_strikeouts,OVER,"[-1999,-1500]",HR≥50/EDG≥-/CV≤0.5/μ≥0.0/TP≥-,298,257,2.67,0.41,4.92,6.856,0.929,60,59,2.48,-2.46,7.42,1.461,0.917,2.48,8.317
pitcher_strikeouts,OVER,"[-1999,-1500]",HR≥65/EDG≥-/CV≤0.5/μ≥0.5/TP≥-,291,250,2.56,0.24,4.87,6.389,0.929,59,58,2.42,-2.61,7.44,1.402,0.917,2.42,7.791
pitcher_strikeouts,OVER,"[-1999,-1500]",HR≥60/EDG≥-/CV≤0.5/μ≥0.5/TP≥-,291,250,2.56,0.24,4.87,6.389,0.929,59,58,2.42,-2.61,7.44,1.402,0.917,2.42,7.791
pitcher_strikeouts,OVER,"[-1999,-1500]",HR≥50/EDG≥-/CV≤0.5/μ≥0.5/TP≥-,298,257,2.67,0.41,4.92,6.856,0.929,59,58,2.42,-2.61,7.44,1.402,0.917,2.42,8.258
pitcher_strikeouts,OVER,"[-1999,-1500]",HR≥-/EDG≥-/CV≤0.5/μ≥0.5/TP≥-,298,257,2.67,0.41,4.92,6.856,0.929,59,58,2.42,-2.61,7.44,1.402,0.917,2.42,8.258
pitcher_strikeouts,OVER,"[-1999,-1500]",HR≥55/EDG≥-/CV≤0.5/μ≥0.5/TP≥-,298,257,2.67,0.41,4.92,6.856,0.929,59,58,2.42,-2.61,7.44,1.402,0.917,2.42,8.258
pitcher_strikeouts,OVER,"[-1999,-1500]",HR≥45/EDG≥-/CV≤0.5/μ≥0.5/TP≥-,298,257,2.67,0.41,4.92,6.856,0.929,59,58,2.42,-2.61,7.44,1.402,0.917,2.42,8.258
pitcher_strikeouts,OVER,"[-1999,-1500]",HR≥70/EDG≥-/CV≤0.5/μ≥0.0/TP≥-,284,243,2.47,0.09,4.85,6.0,0.929,59,58,2.41,-2.61,7.44,1.399,0.917,2.41,7.399
pitcher_strikeouts,OVER,"[-1999,-1500]",HR≥75/EDG≥-/CV≤0.5/μ≥-/TP≥-,284,243,2.47,0.09,4.85,6.0,0.929,59,58,2.41,-2.61,7.44,1.399,0.917,2.41,7.399
pitcher_strikeouts,OVER,"[-1999,-1500]",HR≥70/EDG≥-/CV≤0.5/μ≥-/TP≥-,284,243,2.47,0.09,4.85,6.0,0.929,59,58,2.41,-2.61,7.44,1.399,0.917,2.41,7.399
pitcher_strikeouts,OVER,"[-1999,-1500]",HR≥75/EDG≥-/CV≤0.5/μ≥0.0/TP≥-,284,243,2.47,0.09,4.85,6.0,0.929,59,58,2.41,-2.61,7.44,1.399,0.917,2.41,7.399
pitcher_strikeouts,OVER,"[-1999,-1500]",HR≥70/EDG≥-/CV≤0.5/μ≥0.5/TP≥-,284,243,2.47,0.09,4.85,6.0,0.929,58,57,2.35,-2.76,7.46,1.34,0.917,2.35,7.34
pitcher_strikeouts,OVER,"[-1999,-1500]",HR≥75/EDG≥-/CV≤0.5/μ≥0.5/TP≥-,284,243,2.47,0.09,4.85,6.0,0.929,58,57,2.35,-2.76,7.46,1.34,0.917,2.35,7.34
pitcher_strikeouts,OVER,"[-1999,-1500]",HR≥65/EDG≥-/CV≤0.5/μ≥1.0/TP≥-,241,200,5.89,5.83,5.95,11.78,1.0,57,56,2.29,-2.92,7.49,1.281,0.917,2.29,13.061
pitcher_strikeouts,OVER,"[-1999,-1500]",HR≥55/EDG≥-/CV≤0.5/μ≥1.0/TP≥-,241,200,5.89,5.83,5.95,11.78,1.0,57,56,2.29,-2.92,7.49,1.281,0.917,2.29,13.061
pitcher_strikeouts,OVER,"[-1999,-1500]",HR≥-/EDG≥-/CV≤0.5/μ≥1.0/TP≥-,241,200,5.89,5.83,5.95,11.78,1.0,57,56,2.29,-2.92,7.49,1.281,0.917,2.29,13.061
pitcher_strikeouts,OVER,"[-1999,-1500]",HR≥50/EDG≥-/CV≤0.5/μ≥1.0/TP≥-,241,200,5.89,5.83,5.95,11.78,1.0,57,56,2.29,-2.92,7.49,1.281,0.917,2.29,13.061
pitcher_strikeouts,OVER,"[-1999,-1500]",HR≥45/EDG≥-/CV≤0.5/μ≥1.0/TP≥-,241,200,5.89,5.83,5.95,11.78,1.0,57,56,2.29,-2.92,7.49,1.281,0.917,2.29,13.061
pitcher_strikeouts,OVER,"[-1999,-1500]",HR≥60/EDG≥-/CV≤0.5/μ≥1.0/TP≥-,241,200,5.89,5.83,5.95,11.78,1.0,57,56,2.29,-2.92,7.49,1.281,0.917,2.29,13.061
pitcher_strikeouts,OVER,"[-1999,-1500]",HR≥70/EDG≥-/CV≤0.5/μ≥1.0/TP≥-,234,193,5.9,5.84,5.97,11.391,1.0,56,55,2.22,-3.08,7.51,1.218,0.917,2.22,12.609
pitcher_strikeouts,OVER,"[-1999,-1500]",HR≥75/EDG≥-/CV≤0.5/μ≥1.0/TP≥-,234,193,5.9,5.84,5.97,11.391,1.0,56,55,2.22,-3.08,7.51,1.218,0.917,2.22,12.609
pitcher_strikeouts,OVER,"[-1999,-1500]",HR≥75/EDG≥-/CV≤0.45/μ≥-/TP≥-,284,243,2.47,0.09,4.85,6.0,0.929,48,47,1.54,-4.65,7.73,0.723,0.905,1.54,6.723
pitcher_strikeouts,OVER,"[-1999,-1500]",HR≥45/EDG≥-/CV≤0.45/μ≥0.0/TP≥-,291,250,2.56,0.24,4.87,6.389,0.929,48,47,1.54,-4.65,7.73,0.723,0.905,1.54,7.112
pitcher_strikeouts,OVER,"[-1999,-1500]",HR≥65/EDG≥-/CV≤0.45/μ≥-/TP≥-,291,250,2.56,0.24,4.87,6.389,0.929,48,47,1.54,-4.65,7.73,0.723,0.905,1.54,7.112
pitcher_strikeouts,OVER,"[-1999,-1500]",HR≥-/EDG≥-/CV≤0.45/μ≥-/TP≥-,291,250,2.56,0.24,4.87,6.389,0.929,48,47,1.54,-4.65,7.73,0.723,0.905,1.54,7.112
pitcher_strikeouts,OVER,"[-1999,-1500]",HR≥60/EDG≥-/CV≤0.45/μ≥-/TP≥-,291,250,2.56,0.24,4.87,6.389,0.929,48,47,1.54,-4.65,7.73,0.723,0.905,1.54,7.112
pitcher_strikeouts,OVER,"[-1999,-1500]",HR≥60/EDG≥-/CV≤0.45/μ≥0.0/TP≥-,291,250,2.56,0.24,4.87,6.389,0.929,48,47,1.54,-4.65,7.73,0.723,0.905,1.54,7.112
pitcher_strikeouts,OVER,"[-1999,-1500]",HR≥70/EDG≥-/CV≤0.45/μ≥-/TP≥-,284,243,2.47,0.09,4.85,6.0,0.929,48,47,1.54,-4.65,7.73,0.723,0.905,1.54,6.723
pitcher_strikeouts,OVER,"[-1999,-1500]",HR≥45/EDG≥-/CV≤0.45/μ≥-/TP≥-,291,250,2.56,0.24,4.87,6.389,0.929,48,47,1.54,-4.65,7.73,0.723,0.905,1.54,7.112
pitcher_strikeouts,OVER,"[-1999,-1500]",HR≥70/EDG≥-/CV≤0.45/μ≥0.0/TP≥-,284,243,2.47,0.09,4.85,6.0,0.929,48,47,1.54,-4.65,7.73,0.723,0.905,1.54,6.723
pitcher_strikeouts,OVER,"[-1999,-1500]",HR≥50/EDG≥-/CV≤0.45/μ≥0.0/TP≥-,291,250,2.56,0.24,4.87,6.389,0.929,48,47,1.54,-4.65,7.73,0.723,0.905,1.54,7.112
pitcher_strikeouts,OVER,"[-1999,-1500]",HR≥55/EDG≥-/CV≤0.45/μ≥-/TP≥-,291,250,2.56,0.24,4.87,6.389,0.929,48,47,1.54,-4.65,7.73,0.723,0.905,1.54,7.112
pitcher_strikeouts,OVER,"[-1999,-1500]",HR≥-/EDG≥-/CV≤0.45/μ≥0.0/TP≥-,291,250,2.56,0.24,4.87,6.389,0.929,48,47,1.54,-4.65,7.73,0.723,0.905,1.54,7.112
pitcher_strikeouts,OVER,"[-1999,-1500]",HR≥75/EDG≥-/CV≤0.45/μ≥0.0/TP≥-,284,243,2.47,0.09,4.85,6.0,0.929,48,47,1.54,-4.65,7.73,0.723,0.905,1.54,6.723
pitcher_strikeouts,OVER,"[-1999,-1500]",HR≥55/EDG≥-/CV≤0.45/μ≥0.0/TP≥-,291,250,2.56,0.24,4.87,6.389,0.929,48,47,1.54,-4.65,7.73,0.723,0.905,1.54,7.112
pitcher_strikeouts,OVER,"[-1999,-1500]",HR≥50/EDG≥-/CV≤0.45/μ≥-/TP≥-,291,250,2.56,0.24,4.87,6.389,0.929,48,47,1.54,-4.65,7.73,0.723,0.905,1.54,7.112
pitcher_strikeouts,OVER,"[-1999,-1500]",HR≥65/EDG≥-/CV≤0.45/μ≥0.0/TP≥-,291,250,2.56,0.24,4.87,6.389,0.929,48,47,1.54,-4.65,7.73,0.723,0.905,1.54,7.112
pitcher_strikeouts,OVER,"[-1999,-1500]",HR≥65/EDG≥-/CV≤0.45/μ≥0.5/TP≥-,291,250,2.56,0.24,4.87,6.389,0.929,47,46,1.44,-4.88,7.76,0.665,0.905,1.44,7.054
pitcher_strikeouts,OVER,"[-1999,-1500]",HR≥75/EDG≥-/CV≤0.45/μ≥0.5/TP≥-,284,243,2.47,0.09,4.85,6.0,0.929,47,46,1.44,-4.88,7.76,0.665,0.905,1.44,6.665
pitcher_strikeouts,OVER,"[-1999,-1500]",HR≥55/EDG≥-/CV≤0.45/μ≥0.5/TP≥-,291,250,2.56,0.24,4.87,6.389,0.929,47,46,1.44,-4.88,7.76,0.665,0.905,1.44,7.054
pitcher_strikeouts,OVER,"[-1999,-1500]",HR≥60/EDG≥-/CV≤0.45/μ≥0.5/TP≥-,291,250,2.56,0.24,4.87,6.389,0.929,47,46,1.44,-4.88,7.76,0.665,0.905,1.44,7.054
pitcher_strikeouts,OVER,"[-1999,-1500]",HR≥45/EDG≥-/CV≤0.45/μ≥0.5/TP≥-,291,250,2.56,0.24,4.87,6.389,0.929,47,46,1.44,-4.88,7.76,0.665,0.905,1.44,7.054
pitcher_strikeouts,OVER,"[-1999,-1500]",HR≥50/EDG≥-/CV≤0.45/μ≥0.5/TP≥-,291,250,2.56,0.24,4.87,6.389,0.929,47,46,1.44,-4.88,7.76,0.665,0.905,1.44,7.054
pitcher_strikeouts,OVER,"[-1999,-1500]",HR≥70/EDG≥-/CV≤0.45/μ≥0.5/TP≥-,284,243,2.47,0.09,4.85,6.0,0.929,47,46,1.44,-4.88,7.76,0.665,0.905,1.44,6.665
pitcher_strikeouts,OVER,"[-1999,-1500]",HR≥-/EDG≥-/CV≤0.45/μ≥0.5/TP≥-,291,250,2.56,0.24,4.87,6.389,0.929,47,46,1.44,-4.88,7.76,0.665,0.905,1.44,7.054
pitcher_strikeouts,OVER,"[-1999,-1500]",HR≥75/EDG≥-/CV≤0.7/μ≥0.0/TP≥-,371,323,3.44,1.64,5.24,11.123,0.929,91,89,1.38,-3.21,5.98,1.232,0.846,1.38,12.355
pitcher_strikeouts,OVER,"[-1999,-1500]",HR≥75/EDG≥-/CV≤0.7/μ≥-/TP≥-,371,323,3.44,1.64,5.24,11.123,0.929,91,89,1.38,-3.21,5.98,1.232,0.846,1.38,12.355
pitcher_strikeouts,OVER,"[-1999,-1500]",HR≥75/EDG≥-/CV≤0.7/μ≥0.5/TP≥-,365,317,3.4,1.57,5.24,10.789,0.929,90,88,1.33,-3.31,5.98,1.173,0.846,1.33,11.962
pitcher_strikeouts,OVER,"[-1999,-1500]",HR≥70/EDG≥-/CV≤0.45/μ≥1.0/TP≥-,234,193,5.9,5.84,5.97,11.391,1.0,45,44,1.23,-5.37,7.84,0.543,0.905,1.23,11.934
pitcher_strikeouts,OVER,"[-1999,-1500]",HR≥65/EDG≥-/CV≤0.45/μ≥1.0/TP≥-,241,200,5.89,5.83,5.95,11.78,1.0,45,44,1.23,-5.37,7.84,0.543,0.905,1.23,12.323
pitcher_strikeouts,OVER,"[-1999,-1500]",HR≥75/EDG≥-/CV≤0.45/μ≥1.0/TP≥-,234,193,5.9,5.84,5.97,11.391,1.0,45,44,1.23,-5.37,7.84,0.543,0.905,1.23,11.934
pitcher_strikeouts,OVER,"[-1999,-1500]",HR≥50/EDG≥-/CV≤0.45/μ≥1.0/TP≥-,241,200,5.89,5.83,5.95,11.78,1.0,45,44,1.23,-5.37,7.84,0.543,0.905,1.23,12.323
pitcher_strikeouts,OVER,"[-1999,-1500]",HR≥60/EDG≥-/CV≤0.45/μ≥1.0/TP≥-,241,200,5.89,5.83,5.95,11.78,1.0,45,44,1.23,-5.37,7.84,0.543,0.905,1.23,12.323
pitcher_strikeouts,OVER,"[-1999,-1500]",HR≥45/EDG≥-/CV≤0.45/μ≥1.0/TP≥-,241,200,5.89,5.83,5.95,11.78,1.0,45,44,1.23,-5.37,7.84,0.543,0.905,1.23,12.323
pitcher_strikeouts,OVER,"[-1999,-1500]",HR≥55/EDG≥-/CV≤0.45/μ≥1.0/TP≥-,241,200,5.89,5.83,5.95,11.78,1.0,45,44,1.23,-5.37,7.84,0.543,0.905,1.23,12.323
pitcher_strikeouts,OVER,"[-1999,-1500]",HR≥-/EDG≥-/CV≤0.45/μ≥1.0/TP≥-,241,200,5.89,5.83,5.95,11.78,1.0,45,44,1.23,-5.37,7.84,0.543,0.905,1.23,12.323
pitcher_strikeouts,OVER,"[-1999,-1500]",HR≥75/EDG≥-/CV≤0.7/μ≥1.0/TP≥-,301,260,6.04,5.98,6.11,15.713,1.0,88,86,1.22,-3.53,5.98,1.052,0.846,1.22,16.765
pitcher_strikeouts,OVER,"[-1999,-1500]",HR≥50/EDG≥-5.0/CV≤-/μ≥-/TP≥-,193,152,5.94,5.86,6.01,9.027,1.0,44,43,1.16,-5.6,7.92,0.499,0.905,1.16,9.526
pitcher_strikeouts,OVER,"[-1999,-1500]",HR≥-/EDG≥-5.0/CV≤-/μ≥1.0/TP≥-,193,152,5.94,5.86,6.01,9.027,1.0,44,43,1.16,-5.6,7.92,0.499,0.905,1.16,9.526
pitcher_strikeouts,OVER,"[-1999,-1500]",HR≥65/EDG≥-5.0/CV≤0.7/μ≥0.5/TP≥-,186,145,5.96,5.88,6.04,8.638,1.0,44,43,1.16,-5.6,7.92,0.499,0.905,1.16,9.137
pitcher_strikeouts,OVER,"[-1999,-1500]",HR≥65/EDG≥-5.0/CV≤-/μ≥-/TP≥-,186,145,5.96,5.88,6.04,8.638,1.0,44,43,1.16,-5.6,7.92,0.499,0.905,1.16,9.137
pitcher_strikeouts,OVER,"[-1999,-1500]",HR≥50/EDG≥-5.0/CV≤0.7/μ≥0.0/TP≥-,186,145,5.96,5.88,6.04,8.638,1.0,44,43,1.16,-5.6,7.92,0.499,0.905,1.16,9.137
pitcher_strikeouts,OVER,"[-1999,-1500]",HR≥70/EDG≥-5.0/CV≤0.7/μ≥-/TP≥-,186,145,5.96,5.88,6.04,8.638,1.0,44,43,1.16,-5.6,7.92,0.499,0.905,1.16,9.137
pitcher_strikeouts,OVER,"[-1999,-1500]",HR≥50/EDG≥-5.0/CV≤0.7/μ≥-/TP≥-,186,145,5.96,5.88,6.04,8.638,1.0,44,43,1.16,-5.6,7.92,0.499,0.905,1.16,9.137
pitcher_strikeouts,OVER,"[-1999,-1500]",HR≥70/EDG≥-5.0/CV≤-/μ≥0.0/TP≥-,186,145,5.96,5.88,6.04,8.638,1.0,44,43,1.16,-5.6,7.92,0.499,0.905,1.16,9.137
pitcher_strikeouts,OVER,"[-1999,-1500]",HR≥75/EDG≥-5.0/CV≤0.7/μ≥0.0/TP≥-,186,145,5.96,5.88,6.04,8.638,1.0,44,43,1.16,-5.6,7.92,0.499,0.905,1.16,9.137
pitcher_strikeouts,OVER,"[-1999,-1500]",HR≥65/EDG≥-5.0/CV≤-/μ≥0.5/TP≥-,186,145,5.96,5.88,6.04,8.638,1.0,44,43,1.16,-5.6,7.92,0.499,0.905,1.16,9.137
pitcher_strikeouts,OVER,"[-1999,-1500]",HR≥45/EDG≥-5.0/CV≤0.7/μ≥-/TP≥-,186,145,5.96,5.88,6.04,8.638,1.0,44,43,1.16,-5.6,7.92,0.499,0.905,1.16,9.137
pitcher_strikeouts,OVER,"[-1999,-1500]",HR≥75/EDG≥-5.0/CV≤-/μ≥-/TP≥-,186,145,5.96,5.88,6.04,8.638,1.0,44,43,1.16,-5.6,7.92,0.499,0.905,1.16,9.137
pitcher_strikeouts,OVER,"[-1999,-1500]",HR≥50/EDG≥-5.0/CV≤-/μ≥1.0/TP≥-,193,152,5.94,5.86,6.01,9.027,1.0,44,43,1.16,-5.6,7.92,0.499,0.905,1.16,9.526
pitcher_strikeouts,OVER,"[-1999,-1500]",HR≥-/EDG≥-5.0/CV≤0.7/μ≥0.5/TP≥-,186,145,5.96,5.88,6.04,8.638,1.0,44,43,1.16,-5.6,7.92,0.499,0.905,1.16,9.137
pitcher_strikeouts,OVER,"[-1999,-1500]",HR≥75/EDG≥-5.0/CV≤0.7/μ≥-/TP≥-,186,145,5.96,5.88,6.04,8.638,1.0,44,43,1.16,-5.6,7.92,0.499,0.905,1.16,9.137
pitcher_strikeouts,OVER,"[-1999,-1500]",HR≥45/EDG≥-5.0/CV≤0.7/μ≥0.0/TP≥-,186,145,5.96,5.88,6.04,8.638,1.0,44,43,1.16,-5.6,7.92,0.499,0.905,1.16,9.137
pitcher_strikeouts,OVER,"[-1999,-1500]",HR≥65/EDG≥-5.0/CV≤0.7/μ≥-/TP≥-,186,145,5.96,5.88,6.04,8.638,1.0,44,43,1.16,-5.6,7.92,0.499,0.905,1.16,9.137
pitcher_strikeouts,OVER,"[-1999,-1500]",HR≥55/EDG≥-5.0/CV≤0.7/μ≥0.0/TP≥-,186,145,5.96,5.88,6.04,8.638,1.0,44,43,1.16,-5.6,7.92,0.499,0.905,1.16,9.137
pitcher_strikeouts,OVER,"[-1999,-1500]",HR≥45/EDG≥-5.0/CV≤-/μ≥-/TP≥-,193,152,5.94,5.86,6.01,9.027,1.0,44,43,1.16,-5.6,7.92,0.499,0.905,1.16,9.526
pitcher_strikeouts,OVER,"[-1999,-1500]",HR≥70/EDG≥-5.0/CV≤0.7/μ≥1.0/TP≥-,186,145,5.96,5.88,6.04,8.638,1.0,44,43,1.16,-5.6,7.92,0.499,0.905,1.16,9.137
pitcher_strikeouts,OVER,"[-1999,-1500]",HR≥60/EDG≥-5.0/CV≤-/μ≥0.0/TP≥-,193,152,5.94,5.86,6.01,9.027,1.0,44,43,1.16,-5.6,7.92,0.499,0.905,1.16,9.526
pitcher_strikeouts,OVER,"[-1999,-1500]",HR≥45/EDG≥-5.0/CV≤0.7/μ≥0.5/TP≥-,186,145,5.96,5.88,6.04,8.638,1.0,44,43,1.16,-5.6,7.92,0.499,0.905,1.16,9.137
pitcher_strikeouts,OVER,"[-1999,-1500]",HR≥55/EDG≥-5.0/CV≤0.7/μ≥-/TP≥-,186,145,5.96,5.88,6.04,8.638,1.0,44,43,1.16,-5.6,7.92,0.499,0.905,1.16,9.137
pitcher_strikeouts,OVER,"[-1999,-1500]",HR≥45/EDG≥-5.0/CV≤0.7/μ≥1.0/TP≥-,186,145,5.96,5.88,6.04,8.638,1.0,44,43,1.16,-5.6,7.92,0.499,0.905,1.16,9.137
pitcher_strikeouts,OVER,"[-1999,-1500]",HR≥75/EDG≥-5.0/CV≤-/μ≥1.0/TP≥-,186,145,5.96,5.88,6.04,8.638,1.0,44,43,1.16,-5.6,7.92,0.499,0.905,1.16,9.137
pitcher_strikeouts,OVER,"[-1999,-1500]",HR≥65/EDG≥-5.0/CV≤-/μ≥0.0/TP≥-,186,145,5.96,5.88,6.04,8.638,1.0,44,43,1.16,-5.6,7.92,0.499,0.905,1.16,9.137
pitcher_strikeouts,OVER,"[-1999,-1500]",HR≥55/EDG≥-5.0/CV≤0.7/μ≥0.5/TP≥-,186,145,5.96,5.88,6.04,8.638,1.0,44,43,1.16,-5.6,7.92,0.499,0.905,1.16,9.137
pitcher_strikeouts,OVER,"[-1999,-1500]",HR≥75/EDG≥-5.0/CV≤-/μ≥0.0/TP≥-,186,145,5.96,5.88,6.04,8.638,1.0,44,43,1.16,-5.6,7.92,0.499,0.905,1.16,9.137
pitcher_strikeouts,OVER,"[-1999,-1500]",HR≥75/EDG≥-5.0/CV≤-/μ≥0.5/TP≥-,186,145,5.96,5.88,6.04,8.638,1.0,44,43,1.16,-5.6,7.92,0.499,0.905,1.16,9.137
pitcher_strikeouts,OVER,"[-1999,-1500]",HR≥45/EDG≥-5.0/CV≤-/μ≥1.0/TP≥-,193,152,5.94,5.86,6.01,9.027,1.0,44,43,1.16,-5.6,7.92,0.499,0.905,1.16,9.526
pitcher_strikeouts,OVER,"[-1999,-1500]",HR≥60/EDG≥-5.0/CV≤0.7/μ≥0.0/TP≥-,186,145,5.96,5.88,6.04,8.638,1.0,44,43,1.16,-5.6,7.92,0.499,0.905,1.16,9.137
pitcher_strikeouts,OVER,"[-1999,-1500]",HR≥50/EDG≥-5.0/CV≤-/μ≥0.5/TP≥-,193,152,5.94,5.86,6.01,9.027,1.0,44,43,1.16,-5.6,7.92,0.499,0.905,1.16,9.526
pitcher_strikeouts,OVER,"[-1999,-1500]",HR≥-/EDG≥-5.0/CV≤0.7/μ≥-/TP≥-,186,145,5.96,5.88,6.04,8.638,1.0,44,43,1.16,-5.6,7.92,0.499,0.905,1.16,9.137
pitcher_strikeouts,OVER,"[-1999,-1500]",HR≥-/EDG≥-5.0/CV≤0.7/μ≥1.0/TP≥-,186,145,5.96,5.88,6.04,8.638,1.0,44,43,1.16,-5.6,7.92,0.499,0.905,1.16,9.137
pitcher_strikeouts,OVER,"[-1999,-1500]",HR≥70/EDG≥-5.0/CV≤-/μ≥1.0/TP≥-,186,145,5.96,5.88,6.04,8.638,1.0,44,43,1.16,-5.6,7.92,0.499,0.905,1.16,9.137
pitcher_strikeouts,OVER,"[-1999,-1500]",HR≥-/EDG≥-5.0/CV≤-/μ≥0.5/TP≥-,193,152,5.94,5.86,6.01,9.027,1.0,44,43,1.16,-5.6,7.92,0.499,0.905,1.16,9.526
pitcher_strikeouts,OVER,"[-1999,-1500]",HR≥-/EDG≥-5.0/CV≤-/μ≥-/TP≥-,193,152,5.94,5.86,6.01,9.027,1.0,44,43,1.16,-5.6,7.92,0.499,0.905,1.16,9.526
pitcher_strikeouts,OVER,"[-1999,-1500]",HR≥60/EDG≥-5.0/CV≤-/μ≥0.5/TP≥-,193,152,5.94,5.86,6.01,9.027,1.0,44,43,1.16,-5.6,7.92,0.499,0.905,1.16,9.526
pitcher_strikeouts,OVER,"[-1999,-1500]",HR≥75/EDG≥-5.0/CV≤0.7/μ≥0.5/TP≥-,186,145,5.96,5.88,6.04,8.638,1.0,44,43,1.16,-5.6,7.92,0.499,0.905,1.16,9.137
pitcher_strikeouts,OVER,"[-1999,-1500]",HR≥65/EDG≥-5.0/CV≤0.7/μ≥0.0/TP≥-,186,145,5.96,5.88,6.04,8.638,1.0,44,43,1.16,-5.6,7.92,0.499,0.905,1.16,9.137
pitcher_strikeouts,OVER,"[-1999,-1500]",HR≥60/EDG≥-5.0/CV≤0.7/μ≥1.0/TP≥-,186,145,5.96,5.88,6.04,8.638,1.0,44,43,1.16,-5.6,7.92,0.499,0.905,1.16,9.137
pitcher_strikeouts,OVER,"[-1999,-1500]",HR≥55/EDG≥-5.0/CV≤-/μ≥1.0/TP≥-,193,152,5.94,5.86,6.01,9.027,1.0,44,43,1.16,-5.6,7.92,0.499,0.905,1.16,9.526
pitcher_strikeouts,OVER,"[-1999,-1500]",HR≥50/EDG≥-5.0/CV≤0.7/μ≥0.5/TP≥-,186,145,5.96,5.88,6.04,8.638,1.0,44,43,1.16,-5.6,7.92,0.499,0.905,1.16,9.137
pitcher_strikeouts,OVER,"[-1999,-1500]",HR≥60/EDG≥-5.0/CV≤0.7/μ≥0.5/TP≥-,186,145,5.96,5.88,6.04,8.638,1.0,44,43,1.16,-5.6,7.92,0.499,0.905,1.16,9.137
pitcher_strikeouts,OVER,"[-1999,-1500]",HR≥55/EDG≥-5.0/CV≤-/μ≥-/TP≥-,193,152,5.94,5.86,6.01,9.027,1.0,44,43,1.16,-5.6,7.92,0.499,0.905,1.16,9.526
pitcher_strikeouts,OVER,"[-1999,-1500]",HR≥50/EDG≥-5.0/CV≤0.7/μ≥1.0/TP≥-,186,145,5.96,5.88,6.04,8.638,1.0,44,43,1.16,-5.6,7.92,0.499,0.905,1.16,9.137
pitcher_strikeouts,OVER,"[-1999,-1500]",HR≥60/EDG≥-5.0/CV≤0.7/μ≥-/TP≥-,186,145,5.96,5.88,6.04,8.638,1.0,44,43,1.16,-5.6,7.92,0.499,0.905,1.16,9.137
pitcher_strikeouts,OVER,"[-1999,-1500]",HR≥75/EDG≥-5.0/CV≤0.7/μ≥1.0/TP≥-,186,145,5.96,5.88,6.04,8.638,1.0,44,43,1.16,-5.6,7.92,0.499,0.905,1.16,9.137
pitcher_strikeouts,OVER,"[-1999,-1500]",HR≥70/EDG≥-5.0/CV≤0.7/μ≥0.5/TP≥-,186,145,5.96,5.88,6.04,8.638,1.0,44,43,1.16,-5.6,7.92,0.499,0.905,1.16,9.137
pitcher_strikeouts,OVER,"[-1999,-1500]",HR≥70/EDG≥-5.0/CV≤0.7/μ≥0.0/TP≥-,186,145,5.96,5.88,6.04,8.638,1.0,44,43,1.16,-5.6,7.92,0.499,0.905,1.16,9.137
pitcher_strikeouts,OVER,"[-1999,-1500]",HR≥-/EDG≥-5.0/CV≤-/μ≥0.0/TP≥-,193,152,5.94,5.86,6.01,9.027,1.0,44,43,1.16,-5.6,7.92,0.499,0.905,1.16,9.526
pitcher_strikeouts,OVER,"[-1999,-1500]",HR≥55/EDG≥-5.0/CV≤-/μ≥0.5/TP≥-,193,152,5.94,5.86,6.01,9.027,1.0,44,43,1.16,-5.6,7.92,0.499,0.905,1.16,9.526
pitcher_strikeouts,OVER,"[-1999,-1500]",HR≥45/EDG≥-5.0/CV≤-/μ≥0.0/TP≥-,193,152,5.94,5.86,6.01,9.027,1.0,44,43,1.16,-5.6,7.92,0.499,0.905,1.16,9.526
pitcher_strikeouts,OVER,"[-1999,-1500]",HR≥70/EDG≥-5.0/CV≤-/μ≥-/TP≥-,186,145,5.96,5.88,6.04,8.638,1.0,44,43,1.16,-5.6,7.92,0.499,0.905,1.16,9.137
pitcher_strikeouts,OVER,"[-1999,-1500]",HR≥55/EDG≥-5.0/CV≤0.7/μ≥1.0/TP≥-,186,145,5.96,5.88,6.04,8.638,1.0,44,43,1.16,-5.6,7.92,0.499,0.905,1.16,9.137
pitcher_strikeouts,OVER,"[-1999,-1500]",HR≥65/EDG≥-5.0/CV≤0.7/μ≥1.0/TP≥-,186,145,5.96,5.88,6.04,8.638,1.0,44,43,1.16,-5.6,7.92,0.499,0.905,1.16,9.137
pitcher_strikeouts,OVER,"[-1999,-1500]",HR≥70/EDG≥-5.0/CV≤-/μ≥0.5/TP≥-,186,145,5.96,5.88,6.04,8.638,1.0,44,43,1.16,-5.6,7.92,0.499,0.905,1.16,9.137
pitcher_strikeouts,OVER,"[-1999,-1500]",HR≥60/EDG≥-5.0/CV≤-/μ≥1.0/TP≥-,193,152,5.94,5.86,6.01,9.027,1.0,44,43,1.16,-5.6,7.92,0.499,0.905,1.16,9.526
pitcher_strikeouts,OVER,"[-1999,-1500]",HR≥60/EDG≥-5.0/CV≤-/μ≥-/TP≥-,193,152,5.94,5.86,6.01,9.027,1.0,44,43,1.16,-5.6,7.92,0.499,0.905,1.16,9.526
pitcher_strikeouts,OVER,"[-1999,-1500]",HR≥-/EDG≥-5.0/CV≤0.7/μ≥0.0/TP≥-,186,145,5.96,5.88,6.04,8.638,1.0,44,43,1.16,-5.6,7.92,0.499,0.905,1.16,9.137
pitcher_strikeouts,OVER,"[-1999,-1500]",HR≥45/EDG≥-5.0/CV≤-/μ≥0.5/TP≥-,193,152,5.94,5.86,6.01,9.027,1.0,44,43,1.16,-5.6,7.92,0.499,0.905,1.16,9.526
pitcher_strikeouts,OVER,"[-1999,-1500]",HR≥50/EDG≥-5.0/CV≤-/μ≥0.0/TP≥-,193,152,5.94,5.86,6.01,9.027,1.0,44,43,1.16,-5.6,7.92,0.499,0.905,1.16,9.526
pitcher_strikeouts,OVER,"[-1999,-1500]",HR≥55/EDG≥-5.0/CV≤-/μ≥0.0/TP≥-,193,152,5.94,5.86,6.01,9.027,1.0,44,43,1.16,-5.6,7.92,0.499,0.905,1.16,9.526
pitcher_strikeouts,OVER,"[-1999,-1500]",HR≥65/EDG≥-5.0/CV≤-/μ≥1.0/TP≥-,186,145,5.96,5.88,6.04,8.638,1.0,44,43,1.16,-5.6,7.92,0.499,0.905,1.16,9.137
pitcher_strikeouts,OVER,"[-1999,-1500]",HR≥-/EDG≥-/CV≤0.4/μ≥0.0/TP≥-,204,163,0.65,-2.87,4.17,1.063,0.909,37,36,3.13,-2.65,8.9,1.126,0.944,0.65,2.189
pitcher_strikeouts,OVER,"[-1999,-1500]",HR≥-/EDG≥-/CV≤0.4/μ≥0.5/TP≥-,204,163,0.65,-2.87,4.17,1.063,0.909,36,35,3.05,-2.89,8.99,1.067,0.944,0.65,2.13
pitcher_strikeouts,OVER,"[-1999,-1500]",HR≥-/EDG≥-/CV≤0.4/μ≥-/TP≥-,204,163,0.65,-2.87,4.17,1.063,0.909,37,36,3.13,-2.65,8.9,1.126,0.944,0.65,2.189
pitcher_strikeouts,OVER,"[-1999,-1500]",HR≥75/EDG≥-/CV≤0.4/μ≥0.5/TP≥-,204,163,0.65,-2.87,4.17,1.063,0.909,36,35,3.05,-2.89,8.99,1.067,0.944,0.65,2.13
pitcher_strikeouts,OVER,"[-1999,-1500]",HR≥45/EDG≥-/CV≤0.4/μ≥0.0/TP≥-,204,163,0.65,-2.87,4.17,1.063,0.909,37,36,3.13,-2.65,8.9,1.126,0.944,0.65,2.189
pitcher_strikeouts,OVER,"[-1999,-1500]",HR≥60/EDG≥-/CV≤0.4/μ≥-/TP≥-,204,163,0.65,-2.87,4.17,1.063,0.909,37,36,3.13,-2.65,8.9,1.126,0.944,0.65,2.189
pitcher_strikeouts,OVER,"[-1999,-1500]",HR≥70/EDG≥-/CV≤0.4/μ≥0.0/TP≥-,204,163,0.65,-2.87,4.17,1.063,0.909,37,36,3.13,-2.65,8.9,1.126,0.944,0.65,2.189
pitcher_strikeouts,OVER,"[-1999,-1500]",HR≥50/EDG≥-/CV≤0.4/μ≥0.0/TP≥-,204,163,0.65,-2.87,4.17,1.063,0.909,37,36,3.13,-2.65,8.9,1.126,0.944,0.65,2.189
pitcher_strikeouts,OVER,"[-1999,-1500]",HR≥55/EDG≥-/CV≤0.4/μ≥0.5/TP≥-,204,163,0.65,-2.87,4.17,1.063,0.909,36,35,3.05,-2.89,8.99,1.067,0.944,0.65,2.13
pitcher_strikeouts,OVER,"[-1999,-1500]",HR≥55/EDG≥-/CV≤0.4/μ≥0.0/TP≥-,204,163,0.65,-2.87,4.17,1.063,0.909,37,36,3.13,-2.65,8.9,1.126,0.944,0.65,2.189
pitcher_strikeouts,OVER,"[-1999,-1500]",HR≥45/EDG≥-/CV≤0.4/μ≥-/TP≥-,204,163,0.65,-2.87,4.17,1.063,0.909,37,36,3.13,-2.65,8.9,1.126,0.944,0.65,2.189
pitcher_strikeouts,OVER,"[-1999,-1500]",HR≥70/EDG≥-/CV≤0.4/μ≥-/TP≥-,204,163,0.65,-2.87,4.17,1.063,0.909,37,36,3.13,-2.65,8.9,1.126,0.944,0.65,2.189
pitcher_strikeouts,OVER,"[-1999,-1500]",HR≥55/EDG≥-/CV≤0.4/μ≥-/TP≥-,204,163,0.65,-2.87,4.17,1.063,0.909,37,36,3.13,-2.65,8.9,1.126,0.944,0.65,2.189
pitcher_strikeouts,OVER,"[-1999,-1500]",HR≥75/EDG≥-/CV≤0.4/μ≥0.0/TP≥-,204,163,0.65,-2.87,4.17,1.063,0.909,37,36,3.13,-2.65,8.9,1.126,0.944,0.65,2.189
pitcher_strikeouts,OVER,"[-1999,-1500]",HR≥65/EDG≥-/CV≤0.4/μ≥0.5/TP≥-,204,163,0.65,-2.87,4.17,1.063,0.909,36,35,3.05,-2.89,8.99,1.067,0.944,0.65,2.13
pitcher_strikeouts,OVER,"[-1999,-1500]",HR≥50/EDG≥-/CV≤0.4/μ≥0.5/TP≥-,204,163,0.65,-2.87,4.17,1.063,0.909,36,35,3.05,-2.89,8.99,1.067,0.944,0.65,2.13
pitcher_strikeouts,OVER,"[-1999,-1500]",HR≥65/EDG≥-/CV≤0.4/μ≥-/TP≥-,204,163,0.65,-2.87,4.17,1.063,0.909,37,36,3.13,-2.65,8.9,1.126,0.944,0.65,2.189
pitcher_strikeouts,OVER,"[-1999,-1500]",HR≥70/EDG≥-/CV≤0.4/μ≥0.5/TP≥-,204,163,0.65,-2.87,4.17,1.063,0.909,36,35,3.05,-2.89,8.99,1.067,0.944,0.65,2.13
pitcher_strikeouts,OVER,"[-1999,-1500]",HR≥45/EDG≥-/CV≤0.4/μ≥0.5/TP≥-,204,163,0.65,-2.87,4.17,1.063,0.909,36,35,3.05,-2.89,8.99,1.067,0.944,0.65,2.13
pitcher_strikeouts,OVER,"[-1999,-1500]",HR≥60/EDG≥-/CV≤0.4/μ≥0.0/TP≥-,204,163,0.65,-2.87,4.17,1.063,0.909,37,36,3.13,-2.65,8.9,1.126,0.944,0.65,2.189
pitcher_strikeouts,OVER,"[-1999,-1500]",HR≥75/EDG≥-/CV≤0.4/μ≥-/TP≥-,204,163,0.65,-2.87,4.17,1.063,0.909,37,36,3.13,-2.65,8.9,1.126,0.944,0.65,2.189
pitcher_strikeouts,OVER,"[-1999,-1500]",HR≥60/EDG≥-/CV≤0.4/μ≥0.5/TP≥-,204,163,0.65,-2.87,4.17,1.063,0.909,36,35,3.05,-2.89,8.99,1.067,0.944,0.65,2.13
pitcher_strikeouts,OVER,"[-1999,-1500]",HR≥65/EDG≥-/CV≤0.4/μ≥0.0/TP≥-,204,163,0.65,-2.87,4.17,1.063,0.909,37,36,3.13,-2.65,8.9,1.126,0.944,0.65,2.189
pitcher_strikeouts,OVER,"[-1999,-1500]",HR≥50/EDG≥-/CV≤0.4/μ≥-/TP≥-,204,163,0.65,-2.87,4.17,1.063,0.909,37,36,3.13,-2.65,8.9,1.126,0.944,0.65,2.189
pitcher_strikeouts,OVER,"[-1999,-1500]",HR≥55/EDG≥-5.0/CV≤0.6/μ≥-/TP≥-,186,145,5.96,5.88,6.04,8.638,1.0,40,39,0.64,-6.8,8.08,0.249,0.895,0.64,8.887
pitcher_strikeouts,OVER,"[-1999,-1500]",HR≥60/EDG≥-5.0/CV≤0.6/μ≥0.0/TP≥-,186,145,5.96,5.88,6.04,8.638,1.0,40,39,0.64,-6.8,8.08,0.249,0.895,0.64,8.887
pitcher_strikeouts,OVER,"[-1999,-1500]",HR≥65/EDG≥-5.0/CV≤0.6/μ≥1.0/TP≥-,186,145,5.96,5.88,6.04,8.638,1.0,40,39,0.64,-6.8,8.08,0.249,0.895,0.64,8.887
pitcher_strikeouts,OVER,"[-1999,-1500]",HR≥50/EDG≥-5.0/CV≤0.6/μ≥1.0/TP≥-,186,145,5.96,5.88,6.04,8.638,1.0,40,39,0.64,-6.8,8.08,0.249,0.895,0.64,8.887
pitcher_strikeouts,OVER,"[-1999,-1500]",HR≥65/EDG≥-5.0/CV≤0.6/μ≥0.5/TP≥-,186,145,5.96,5.88,6.04,8.638,1.0,40,39,0.64,-6.8,8.08,0.249,0.895,0.64,8.887
pitcher_strikeouts,OVER,"[-1999,-1500]",HR≥70/EDG≥-5.0/CV≤0.6/μ≥-/TP≥-,186,145,5.96,5.88,6.04,8.638,1.0,40,39,0.64,-6.8,8.08,0.249,0.895,0.64,8.887
pitcher_strikeouts,OVER,"[-1999,-1500]",HR≥75/EDG≥-5.0/CV≤0.6/μ≥-/TP≥-,186,145,5.96,5.88,6.04,8.638,1.0,40,39,0.64,-6.8,8.08,0.249,0.895,0.64,8.887
pitcher_strikeouts,OVER,"[-1999,-1500]",HR≥65/EDG≥-5.0/CV≤0.6/μ≥0.0/TP≥-,186,145,5.96,5.88,6.04,8.638,1.0,40,39,0.64,-6.8,8.08,0.249,0.895,0.64,8.887
pitcher_strikeouts,OVER,"[-1999,-1500]",HR≥55/EDG≥-5.0/CV≤0.6/μ≥0.5/TP≥-,186,145,5.96,5.88,6.04,8.638,1.0,40,39,0.64,-6.8,8.08,0.249,0.895,0.64,8.887
pitcher_strikeouts,OVER,"[-1999,-1500]",HR≥-/EDG≥-5.0/CV≤0.6/μ≥-/TP≥-,186,145,5.96,5.88,6.04,8.638,1.0,40,39,0.64,-6.8,8.08,0.249,0.895,0.64,8.887
pitcher_strikeouts,OVER,"[-1999,-1500]",HR≥60/EDG≥-5.0/CV≤0.6/μ≥-/TP≥-,186,145,5.96,5.88,6.04,8.638,1.0,40,39,0.64,-6.8,8.08,0.249,0.895,0.64,8.887
pitcher_strikeouts,OVER,"[-1999,-1500]",HR≥70/EDG≥-5.0/CV≤0.6/μ≥0.5/TP≥-,186,145,5.96,5.88,6.04,8.638,1.0,40,39,0.64,-6.8,8.08,0.249,0.895,0.64,8.887
pitcher_strikeouts,OVER,"[-1999,-1500]",HR≥50/EDG≥-5.0/CV≤0.6/μ≥0.5/TP≥-,186,145,5.96,5.88,6.04,8.638,1.0,40,39,0.64,-6.8,8.08,0.249,0.895,0.64,8.887
pitcher_strikeouts,OVER,"[-1999,-1500]",HR≥60/EDG≥-5.0/CV≤0.6/μ≥0.5/TP≥-,186,145,5.96,5.88,6.04,8.638,1.0,40,39,0.64,-6.8,8.08,0.249,0.895,0.64,8.887
pitcher_strikeouts,OVER,"[-1999,-1500]",HR≥75/EDG≥-5.0/CV≤0.6/μ≥0.0/TP≥-,186,145,5.96,5.88,6.04,8.638,1.0,40,39,0.64,-6.8,8.08,0.249,0.895,0.64,8.887
pitcher_strikeouts,OVER,"[-1999,-1500]",HR≥45/EDG≥-5.0/CV≤0.6/μ≥1.0/TP≥-,186,145,5.96,5.88,6.04,8.638,1.0,40,39,0.64,-6.8,8.08,0.249,0.895,0.64,8.887
pitcher_strikeouts,OVER,"[-1999,-1500]",HR≥60/EDG≥-5.0/CV≤0.6/μ≥1.0/TP≥-,186,145,5.96,5.88,6.04,8.638,1.0,40,39,0.64,-6.8,8.08,0.249,0.895,0.64,8.887
pitcher_strikeouts,OVER,"[-1999,-1500]",HR≥45/EDG≥-5.0/CV≤0.6/μ≥-/TP≥-,186,145,5.96,5.88,6.04,8.638,1.0,40,39,0.64,-6.8,8.08,0.249,0.895,0.64,8.887
pitcher_strikeouts,OVER,"[-1999,-1500]",HR≥75/EDG≥-5.0/CV≤0.6/μ≥0.5/TP≥-,186,145,5.96,5.88,6.04,8.638,1.0,40,39,0.64,-6.8,8.08,0.249,0.895,0.64,8.887
pitcher_strikeouts,OVER,"[-1999,-1500]",HR≥50/EDG≥-5.0/CV≤0.6/μ≥-/TP≥-,186,145,5.96,5.88,6.04,8.638,1.0,40,39,0.64,-6.8,8.08,0.249,0.895,0.64,8.887
pitcher_strikeouts,OVER,"[-1999,-1500]",HR≥50/EDG≥-5.0/CV≤0.6/μ≥0.0/TP≥-,186,145,5.96,5.88,6.04,8.638,1.0,40,39,0.64,-6.8,8.08,0.249,0.895,0.64,8.887
pitcher_strikeouts,OVER,"[-1999,-1500]",HR≥70/EDG≥-5.0/CV≤0.6/μ≥1.0/TP≥-,186,145,5.96,5.88,6.04,8.638,1.0,40,39,0.64,-6.8,8.08,0.249,0.895,0.64,8.887
pitcher_strikeouts,OVER,"[-1999,-1500]",HR≥-/EDG≥-5.0/CV≤0.6/μ≥1.0/TP≥-,186,145,5.96,5.88,6.04,8.638,1.0,40,39,0.64,-6.8,8.08,0.249,0.895,0.64,8.887
pitcher_strikeouts,OVER,"[-1999,-1500]",HR≥45/EDG≥-5.0/CV≤0.6/μ≥0.0/TP≥-,186,145,5.96,5.88,6.04,8.638,1.0,40,39,0.64,-6.8,8.08,0.249,0.895,0.64,8.887
pitcher_strikeouts,OVER,"[-1999,-1500]",HR≥-/EDG≥-5.0/CV≤0.6/μ≥0.0/TP≥-,186,145,5.96,5.88,6.04,8.638,1.0,40,39,0.64,-6.8,8.08,0.249,0.895,0.64,8.887
pitcher_strikeouts,OVER,"[-1999,-1500]",HR≥75/EDG≥-5.0/CV≤0.6/μ≥1.0/TP≥-,186,145,5.96,5.88,6.04,8.638,1.0,40,39,0.64,-6.8,8.08,0.249,0.895,0.64,8.887
pitcher_strikeouts,OVER,"[-1999,-1500]",HR≥-/EDG≥-5.0/CV≤0.6/μ≥0.5/TP≥-,186,145,5.96,5.88,6.04,8.638,1.0,40,39,0.64,-6.8,8.08,0.249,0.895,0.64,8.887
pitcher_strikeouts,OVER,"[-1999,-1500]",HR≥45/EDG≥-5.0/CV≤0.6/μ≥0.5/TP≥-,186,145,5.96,5.88,6.04,8.638,1.0,40,39,0.64,-6.8,8.08,0.249,0.895,0.64,8.887
pitcher_strikeouts,OVER,"[-1999,-1500]",HR≥55/EDG≥-5.0/CV≤0.6/μ≥0.0/TP≥-,186,145,5.96,5.88,6.04,8.638,1.0,40,39,0.64,-6.8,8.08,0.249,0.895,0.64,8.887
pitcher_strikeouts,OVER,"[-1999,-1500]",HR≥65/EDG≥-5.0/CV≤0.6/μ≥-/TP≥-,186,145,5.96,5.88,6.04,8.638,1.0,40,39,0.64,-6.8,8.08,0.249,0.895,0.64,8.887
pitcher_strikeouts,OVER,"[-1999,-1500]",HR≥70/EDG≥-5.0/CV≤0.6/μ≥0.0/TP≥-,186,145,5.96,5.88,6.04,8.638,1.0,40,39,0.64,-6.8,8.08,0.249,0.895,0.64,8.887
pitcher_strikeouts,OVER,"[-1999,-1500]",HR≥55/EDG≥-5.0/CV≤0.6/μ≥1.0/TP≥-,186,145,5.96,5.88,6.04,8.638,1.0,40,39,0.64,-6.8,8.08,0.249,0.895,0.64,8.887
pitcher_strikeouts,OVER,"[-1999,-1500]",HR≥75/EDG≥-/CV≤0.6/μ≥-/TP≥-,330,289,3.06,1.06,5.07,8.856,0.929,79,77,0.63,-4.67,5.92,0.484,0.84,0.63,9.34
pitcher_strikeouts,OVER,"[-1999,-1500]",HR≥75/EDG≥-/CV≤0.6/μ≥0.0/TP≥-,330,289,3.06,1.06,5.07,8.856,0.929,79,77,0.63,-4.67,5.92,0.484,0.84,0.63,9.34
pitcher_strikeouts,OVER,"[-1999,-1500]",HR≥45/EDG≥-/CV≤0.7/μ≥-/TP≥-,398,350,3.64,1.98,5.31,12.749,0.929,97,95,0.57,-4.22,5.36,0.542,0.808,0.57,13.291
pitcher_strikeouts,OVER,"[-1999,-1500]",HR≥-/EDG≥-/CV≤0.7/μ≥-/TP≥-,398,350,3.64,1.98,5.31,12.749,0.929,97,95,0.57,-4.22,5.36,0.542,0.808,0.57,13.291
pitcher_strikeouts,OVER,"[-1999,-1500]",HR≥50/EDG≥-/CV≤0.7/μ≥-/TP≥-,398,350,3.64,1.98,5.31,12.749,0.929,97,95,0.57,-4.22,5.36,0.542,0.808,0.57,13.291
pitcher_strikeouts,OVER,"[-1999,-1500]",HR≥75/EDG≥-/CV≤0.6/μ≥0.5/TP≥-,324,283,3.01,0.96,5.06,8.523,0.929,78,76,0.56,-4.81,5.92,0.425,0.84,0.56,8.948
pitcher_strikeouts,OVER,"[-1999,-1500]",HR≥75/EDG≥-/CV≤-/μ≥0.0/TP≥-,385,337,3.55,1.83,5.28,11.978,0.929,98,95,0.56,-4.24,5.35,0.528,0.808,0.56,12.506
pitcher_strikeouts,OVER,"[-1999,-1500]",HR≥75/EDG≥-/CV≤-/μ≥-/TP≥-,385,337,3.55,1.83,5.28,11.978,0.929,98,95,0.56,-4.24,5.35,0.528,0.808,0.56,12.506
pitcher_strikeouts,OVER,"[-1999,-1500]",HR≥60/EDG≥-/CV≤0.7/μ≥-/TP≥-,391,343,3.58,1.88,5.28,12.282,0.929,96,94,0.51,-4.33,5.36,0.483,0.808,0.51,12.765
pitcher_strikeouts,OVER,"[-1999,-1500]",HR≥55/EDG≥-/CV≤0.7/μ≥0.0/TP≥-,392,344,3.61,1.92,5.3,12.416,0.929,96,94,0.51,-4.33,5.36,0.483,0.808,0.51,12.899
pitcher_strikeouts,OVER,"[-1999,-1500]",HR≥60/EDG≥-/CV≤0.7/μ≥0.0/TP≥-,385,337,3.55,1.82,5.27,11.949,0.929,96,94,0.51,-4.33,5.36,0.483,0.808,0.51,12.432
pitcher_strikeouts,OVER,"[-1999,-1500]",HR≥55/EDG≥-/CV≤0.7/μ≥-/TP≥-,398,350,3.64,1.98,5.31,12.749,0.929,96,94,0.51,-4.33,5.36,0.483,0.808,0.51,13.232
pitcher_strikeouts,OVER,"[-1999,-1500]",HR≥-/EDG≥-/CV≤0.7/μ≥0.0/TP≥-,392,344,3.61,1.92,5.3,12.416,0.929,96,94,0.51,-4.33,5.36,0.483,0.808,0.51,12.899
pitcher_strikeouts,OVER,"[-1999,-1500]",HR≥50/EDG≥-/CV≤0.7/μ≥0.0/TP≥-,392,344,3.61,1.92,5.3,12.416,0.929,96,94,0.51,-4.33,5.36,0.483,0.808,0.51,12.899
pitcher_strikeouts,OVER,"[-1999,-1500]",HR≥45/EDG≥-/CV≤0.7/μ≥0.0/TP≥-,392,344,3.61,1.92,5.3,12.416,0.929,96,94,0.51,-4.33,5.36,0.483,0.808,0.51,12.899
pitcher_strikeouts,OVER,"[-1999,-1500]",HR≥75/EDG≥-/CV≤-/μ≥0.5/TP≥-,379,331,3.52,1.76,5.28,11.645,0.929,97,94,0.5,-4.34,5.34,0.469,0.808,0.5,12.114
pitcher_strikeouts,OVER,"[-1999,-1500]",HR≥-/EDG≥-/CV≤0.7/μ≥0.5/TP≥-,386,338,3.57,1.85,5.3,12.082,0.929,95,93,0.46,-4.44,5.35,0.425,0.808,0.46,12.507
pitcher_strikeouts,OVER,"[-1999,-1500]",HR≥60/EDG≥-/CV≤0.7/μ≥0.5/TP≥-,379,331,3.51,1.75,5.27,11.616,0.929,95,93,0.46,-4.44,5.35,0.425,0.808,0.46,12.041
pitcher_strikeouts,OVER,"[-1999,-1500]",HR≥45/EDG≥-/CV≤0.7/μ≥0.5/TP≥-,386,338,3.57,1.85,5.3,12.082,0.929,95,93,0.46,-4.44,5.35,0.425,0.808,0.46,12.507
pitcher_strikeouts,OVER,"[-1999,-1500]",HR≥50/EDG≥-/CV≤0.7/μ≥0.5/TP≥-,386,338,3.57,1.85,5.3,12.082,0.929,95,93,0.46,-4.44,5.35,0.425,0.808,0.46,12.507
pitcher_strikeouts,OVER,"[-1999,-1500]",HR≥55/EDG≥-/CV≤0.7/μ≥0.5/TP≥-,386,338,3.57,1.85,5.3,12.082,0.929,95,93,0.46,-4.44,5.35,0.425,0.808,0.46,12.507
pitcher_strikeouts,OVER,"[-1999,-1500]",HR≥65/EDG≥-/CV≤0.7/μ≥-/TP≥-,391,343,3.58,1.88,5.28,12.282,0.929,95,93,0.45,-4.45,5.34,0.417,0.808,0.45,12.699
pitcher_strikeouts,OVER,"[-1999,-1500]",HR≥65/EDG≥-/CV≤0.7/μ≥0.0/TP≥-,385,337,3.55,1.82,5.27,11.949,0.929,95,93,0.45,-4.45,5.34,0.417,0.808,0.45,12.366
pitcher_strikeouts,OVER,"[-1999,-1500]",HR≥75/EDG≥-/CV≤0.6/μ≥1.0/TP≥-,274,233,5.97,5.91,6.04,13.913,1.0,76,74,0.41,-5.1,5.92,0.304,0.84,0.41,14.217
pitcher_strikeouts,OVER,"[-1999,-1500]",HR≥70/EDG≥-/CV≤0.7/μ≥0.0/TP≥-,371,323,3.44,1.64,5.24,11.123,0.929,94,92,0.39,-4.56,5.33,0.354,0.808,0.39,11.477
pitcher_strikeouts,OVER,"[-1999,-1500]",HR≥70/EDG≥-/CV≤0.7/μ≥-/TP≥-,377,329,3.48,1.71,5.25,11.456,0.929,94,92,0.39,-4.56,5.33,0.354,0.808,0.39,11.81
pitcher_strikeouts,OVER,"[-1999,-1500]",HR≥65/EDG≥-/CV≤0.7/μ≥0.5/TP≥-,379,331,3.51,1.75,5.27,11.616,0.929,94,92,0.39,-4.56,5.33,0.358,0.808,0.39,11.974
pitcher_strikeouts,OVER,"[-1999,-1500]",HR≥75/EDG≥-/CV≤-/μ≥1.0/TP≥-,315,274,6.05,5.99,6.11,16.568,1.0,95,92,0.38,-4.57,5.32,0.347,0.808,0.38,16.915
pitcher_strikeouts,OVER,"[-1999,-1500]",HR≥55/EDG≥-/CV≤0.7/μ≥1.0/TP≥-,315,274,6.04,5.98,6.1,16.539,1.0,93,91,0.33,-4.67,5.33,0.303,0.808,0.33,16.842
pitcher_strikeouts,OVER,"[-1999,-1500]",HR≥50/EDG≥-/CV≤0.7/μ≥1.0/TP≥-,315,274,6.04,5.98,6.1,16.539,1.0,93,91,0.33,-4.67,5.33,0.303,0.808,0.33,16.842
pitcher_strikeouts,OVER,"[-1999,-1500]",HR≥-/EDG≥-/CV≤0.7/μ≥1.0/TP≥-,315,274,6.04,5.98,6.1,16.539,1.0,93,91,0.33,-4.67,5.33,0.303,0.808,0.33,16.842
pitcher_strikeouts,OVER,"[-1999,-1500]",HR≥45/EDG≥-/CV≤0.7/μ≥1.0/TP≥-,315,274,6.04,5.98,6.1,16.539,1.0,93,91,0.33,-4.67,5.33,0.303,0.808,0.33,16.842
pitcher_strikeouts,OVER,"[-1999,-1500]",HR≥60/EDG≥-/CV≤0.7/μ≥1.0/TP≥-,315,274,6.04,5.98,6.1,16.539,1.0,93,91,0.33,-4.67,5.33,0.303,0.808,0.33,16.842
pitcher_strikeouts,OVER,"[-1999,-1500]",HR≥70/EDG≥-/CV≤0.7/μ≥0.5/TP≥-,365,317,3.4,1.57,5.24,10.789,0.929,93,91,0.32,-4.67,5.32,0.296,0.808,0.32,11.085
pitcher_strikeouts,OVER,"[-1999,-1500]",HR≥65/EDG≥-/CV≤0.7/μ≥1.0/TP≥-,315,274,6.04,5.98,6.1,16.539,1.0,92,90,0.26,-4.79,5.32,0.237,0.808,0.26,16.776
pitcher_strikeouts,OVER,"[-1999,-1500]",HR≥70/EDG≥-/CV≤0.7/μ≥1.0/TP≥-,301,260,6.04,5.98,6.11,15.713,1.0,91,89,0.2,-4.91,5.3,0.174,0.808,0.2,15.887
pitcher_strikeouts,OVER,"[-1499,-1000]",HR≥70/EDG≥-5.0/CV≤0.4/μ≥0.0/TP≥-,178,171,3.29,-0.15,6.74,5.633,0.889,36,36,2.46,-5.78,10.7,0.886,0.905,2.46,6.519
pitcher_strikeouts,OVER,"[-1499,-1000]",HR≥70/EDG≥-5.0/CV≤0.4/μ≥1.0/TP≥-,178,171,3.29,-0.15,6.74,5.633,0.889,36,36,2.46,-5.78,10.7,0.886,0.905,2.46,6.519
pitcher_strikeouts,OVER,"[-1499,-1000]",HR≥55/EDG≥-5.0/CV≤0.4/μ≥0.0/TP≥-,178,171,3.29,-0.15,6.74,5.633,0.889,36,36,2.46,-5.78,10.7,0.886,0.905,2.46,6.519
pitcher_strikeouts,OVER,"[-1499,-1000]",HR≥65/EDG≥-5.0/CV≤0.4/μ≥-/TP≥-,178,171,3.29,-0.15,6.74,5.633,0.889,36,36,2.46,-5.78,10.7,0.886,0.905,2.46,6.519
pitcher_strikeouts,OVER,"[-1499,-1000]",HR≥50/EDG≥-5.0/CV≤0.4/μ≥-/TP≥-,178,171,3.29,-0.15,6.74,5.633,0.889,36,36,2.46,-5.78,10.7,0.886,0.905,2.46,6.519
pitcher_strikeouts,OVER,"[-1499,-1000]",HR≥60/EDG≥-5.0/CV≤0.4/μ≥-/TP≥-,178,171,3.29,-0.15,6.74,5.633,0.889,36,36,2.46,-5.78,10.7,0.886,0.905,2.46,6.519
pitcher_strikeouts,OVER,"[-1499,-1000]",HR≥-/EDG≥-5.0/CV≤0.4/μ≥0.5/TP≥-,178,171,3.29,-0.15,6.74,5.633,0.889,36,36,2.46,-5.78,10.7,0.886,0.905,2.46,6.519
pitcher_strikeouts,OVER,"[-1499,-1000]",HR≥65/EDG≥-5.0/CV≤0.4/μ≥0.0/TP≥-,178,171,3.29,-0.15,6.74,5.633,0.889,36,36,2.46,-5.78,10.7,0.886,0.905,2.46,6.519
pitcher_strikeouts,OVER,"[-1499,-1000]",HR≥-/EDG≥-5.0/CV≤0.4/μ≥0.0/TP≥-,178,171,3.29,-0.15,6.74,5.633,0.889,36,36,2.46,-5.78,10.7,0.886,0.905,2.46,6.519
pitcher_strikeouts,OVER,"[-1499,-1000]",HR≥45/EDG≥-5.0/CV≤0.4/μ≥0.0/TP≥-,178,171,3.29,-0.15,6.74,5.633,0.889,36,36,2.46,-5.78,10.7,0.886,0.905,2.46,6.519
pitcher_strikeouts,OVER,"[-1499,-1000]",HR≥-/EDG≥-5.0/CV≤0.4/μ≥1.0/TP≥-,178,171,3.29,-0.15,6.74,5.633,0.889,36,36,2.46,-5.78,10.7,0.886,0.905,2.46,6.519
pitcher_strikeouts,OVER,"[-1499,-1000]",HR≥45/EDG≥-5.0/CV≤0.4/μ≥-/TP≥-,178,171,3.29,-0.15,6.74,5.633,0.889,36,36,2.46,-5.78,10.7,0.886,0.905,2.46,6.519
pitcher_strikeouts,OVER,"[-1499,-1000]",HR≥-/EDG≥-5.0/CV≤0.4/μ≥-/TP≥-,178,171,3.29,-0.15,6.74,5.633,0.889,36,36,2.46,-5.78,10.7,0.886,0.905,2.46,6.519
pitcher_strikeouts,OVER,"[-1499,-1000]",HR≥50/EDG≥-5.0/CV≤0.4/μ≥0.0/TP≥-,178,171,3.29,-0.15,6.74,5.633,0.889,36,36,2.46,-5.78,10.7,0.886,0.905,2.46,6.519
pitcher_strikeouts,OVER,"[-1499,-1000]",HR≥60/EDG≥-5.0/CV≤0.4/μ≥1.0/TP≥-,178,171,3.29,-0.15,6.74,5.633,0.889,36,36,2.46,-5.78,10.7,0.886,0.905,2.46,6.519
pitcher_strikeouts,OVER,"[-1499,-1000]",HR≥70/EDG≥-5.0/CV≤0.4/μ≥-/TP≥-,178,171,3.29,-0.15,6.74,5.633,0.889,36,36,2.46,-5.78,10.7,0.886,0.905,2.46,6.519
pitcher_strikeouts,OVER,"[-1499,-1000]",HR≥65/EDG≥-5.0/CV≤0.4/μ≥0.5/TP≥-,178,171,3.29,-0.15,6.74,5.633,0.889,36,36,2.46,-5.78,10.7,0.886,0.905,2.46,6.519
pitcher_strikeouts,OVER,"[-1499,-1000]",HR≥55/EDG≥-5.0/CV≤0.4/μ≥0.5/TP≥-,178,171,3.29,-0.15,6.74,5.633,0.889,36,36,2.46,-5.78,10.7,0.886,0.905,2.46,6.519
pitcher_strikeouts,OVER,"[-1499,-1000]",HR≥45/EDG≥-5.0/CV≤0.4/μ≥0.5/TP≥-,178,171,3.29,-0.15,6.74,5.633,0.889,36,36,2.46,-5.78,10.7,0.886,0.905,2.46,6.519
pitcher_strikeouts,OVER,"[-1499,-1000]",HR≥65/EDG≥-5.0/CV≤0.4/μ≥1.0/TP≥-,178,171,3.29,-0.15,6.74,5.633,0.889,36,36,2.46,-5.78,10.7,0.886,0.905,2.46,6.519
pitcher_strikeouts,OVER,"[-1499,-1000]",HR≥70/EDG≥-5.0/CV≤0.4/μ≥0.5/TP≥-,178,171,3.29,-0.15,6.74,5.633,0.889,36,36,2.46,-5.78,10.7,0.886,0.905,2.46,6.519
pitcher_strikeouts,OVER,"[-1499,-1000]",HR≥50/EDG≥-5.0/CV≤0.4/μ≥0.5/TP≥-,178,171,3.29,-0.15,6.74,5.633,0.889,36,36,2.46,-5.78,10.7,0.886,0.905,2.46,6.519
pitcher_strikeouts,OVER,"[-1499,-1000]",HR≥45/EDG≥-5.0/CV≤0.4/μ≥1.0/TP≥-,178,171,3.29,-0.15,6.74,5.633,0.889,36,36,2.46,-5.78,10.7,0.886,0.905,2.46,6.519
pitcher_strikeouts,OVER,"[-1499,-1000]",HR≥55/EDG≥-5.0/CV≤0.4/μ≥-/TP≥-,178,171,3.29,-0.15,6.74,5.633,0.889,36,36,2.46,-5.78,10.7,0.886,0.905,2.46,6.519
pitcher_strikeouts,OVER,"[-1499,-1000]",HR≥55/EDG≥-5.0/CV≤0.4/μ≥1.0/TP≥-,178,171,3.29,-0.15,6.74,5.633,0.889,36,36,2.46,-5.78,10.7,0.886,0.905,2.46,6.519
pitcher_strikeouts,OVER,"[-1499,-1000]",HR≥60/EDG≥-5.0/CV≤0.4/μ≥0.5/TP≥-,178,171,3.29,-0.15,6.74,5.633,0.889,36,36,2.46,-5.78,10.7,0.886,0.905,2.46,6.519
pitcher_strikeouts,OVER,"[-1499,-1000]",HR≥50/EDG≥-5.0/CV≤0.4/μ≥1.0/TP≥-,178,171,3.29,-0.15,6.74,5.633,0.889,36,36,2.46,-5.78,10.7,0.886,0.905,2.46,6.519
pitcher_strikeouts,OVER,"[-1499,-1000]",HR≥60/EDG≥-5.0/CV≤0.4/μ≥0.0/TP≥-,178,171,3.29,-0.15,6.74,5.633,0.889,36,36,2.46,-5.78,10.7,0.886,0.905,2.46,6.519
pitcher_strikeouts,OVER,"[-1499,-1000]",HR≥-/EDG≥-/CV≤0.4/μ≥0.0/TP≥-,275,268,2.45,-0.55,5.44,6.559,0.833,71,70,4.01,-1.19,9.21,2.804,0.923,2.45,9.363
pitcher_strikeouts,OVER,"[-1499,-1000]",HR≥-/EDG≥-/CV≤0.4/μ≥0.5/TP≥-,275,268,2.45,-0.55,5.44,6.559,0.833,66,66,3.73,-1.77,9.24,2.465,0.923,2.45,9.024
pitcher_strikeouts,OVER,"[-1499,-1000]",HR≥-/EDG≥-/CV≤0.4/μ≥-/TP≥-,275,268,2.45,-0.55,5.44,6.559,0.833,73,72,4.13,-0.92,9.19,2.976,0.923,2.45,9.535
pitcher_strikeouts,OVER,"[-1499,-1000]",HR≥45/EDG≥-/CV≤0.4/μ≥0.0/TP≥-,275,268,2.45,-0.55,5.44,6.559,0.833,71,70,4.01,-1.19,9.21,2.804,0.923,2.45,9.363
pitcher_strikeouts,OVER,"[-1499,-1000]",HR≥60/EDG≥-/CV≤0.4/μ≥-/TP≥-,275,268,2.45,-0.55,5.44,6.559,0.833,72,71,4.05,-1.08,9.18,2.876,0.923,2.45,9.435
pitcher_strikeouts,OVER,"[-1499,-1000]",HR≥70/EDG≥-/CV≤0.4/μ≥0.0/TP≥-,275,268,2.45,-0.55,5.44,6.559,0.833,71,70,4.01,-1.19,9.21,2.804,0.923,2.45,9.363
pitcher_strikeouts,OVER,"[-1499,-1000]",HR≥50/EDG≥-/CV≤0.4/μ≥0.0/TP≥-,275,268,2.45,-0.55,5.44,6.559,0.833,71,70,4.01,-1.19,9.21,2.804,0.923,2.45,9.363
pitcher_strikeouts,OVER,"[-1499,-1000]",HR≥55/EDG≥-/CV≤0.4/μ≥0.5/TP≥-,275,268,2.45,-0.55,5.44,6.559,0.833,66,66,3.73,-1.77,9.24,2.465,0.923,2.45,9.024
pitcher_strikeouts,OVER,"[-1499,-1000]",HR≥55/EDG≥-/CV≤0.4/μ≥0.0/TP≥-,275,268,2.45,-0.55,5.44,6.559,0.833,71,70,4.01,-1.19,9.21,2.804,0.923,2.45,9.363
pitcher_strikeouts,OVER,"[-1499,-1000]",HR≥45/EDG≥-/CV≤0.4/μ≥-/TP≥-,275,268,2.45,-0.55,5.44,6.559,0.833,72,71,4.05,-1.08,9.18,2.876,0.923,2.45,9.435
pitcher_strikeouts,OVER,"[-1499,-1000]",HR≥70/EDG≥-/CV≤0.4/μ≥-/TP≥-,275,268,2.45,-0.55,5.44,6.559,0.833,72,71,4.05,-1.08,9.18,2.876,0.923,2.45,9.435
pitcher_strikeouts,OVER,"[-1499,-1000]",HR≥55/EDG≥-/CV≤0.4/μ≥-/TP≥-,275,268,2.45,-0.55,5.44,6.559,0.833,72,71,4.05,-1.08,9.18,2.876,0.923,2.45,9.435
pitcher_strikeouts,OVER,"[-1499,-1000]",HR≥65/EDG≥-/CV≤0.4/μ≥0.5/TP≥-,275,268,2.45,-0.55,5.44,6.559,0.833,66,66,3.73,-1.77,9.24,2.465,0.923,2.45,9.024
pitcher_strikeouts,OVER,"[-1499,-1000]",HR≥50/EDG≥-/CV≤0.4/μ≥0.5/TP≥-,275,268,2.45,-0.55,5.44,6.559,0.833,66,66,3.73,-1.77,9.24,2.465,0.923,2.45,9.024
pitcher_strikeouts,OVER,"[-1499,-1000]",HR≥65/EDG≥-/CV≤0.4/μ≥-/TP≥-,275,268,2.45,-0.55,5.44,6.559,0.833,72,71,4.05,-1.08,9.18,2.876,0.923,2.45,9.435
pitcher_strikeouts,OVER,"[-1499,-1000]",HR≥70/EDG≥-/CV≤0.4/μ≥0.5/TP≥-,275,268,2.45,-0.55,5.44,6.559,0.833,66,66,3.73,-1.77,9.24,2.465,0.923,2.45,9.024
pitcher_strikeouts,OVER,"[-1499,-1000]",HR≥45/EDG≥-/CV≤0.4/μ≥0.5/TP≥-,275,268,2.45,-0.55,5.44,6.559,0.833,66,66,3.73,-1.77,9.24,2.465,0.923,2.45,9.024
pitcher_strikeouts,OVER,"[-1499,-1000]",HR≥60/EDG≥-/CV≤0.4/μ≥0.0/TP≥-,275,268,2.45,-0.55,5.44,6.559,0.833,71,70,4.01,-1.19,9.21,2.804,0.923,2.45,9.363
pitcher_strikeouts,OVER,"[-1499,-1000]",HR≥60/EDG≥-/CV≤0.4/μ≥0.5/TP≥-,275,268,2.45,-0.55,5.44,6.559,0.833,66,66,3.73,-1.77,9.24,2.465,0.923,2.45,9.024
pitcher_strikeouts,OVER,"[-1499,-1000]",HR≥65/EDG≥-/CV≤0.4/μ≥0.0/TP≥-,275,268,2.45,-0.55,5.44,6.559,0.833,71,70,4.01,-1.19,9.21,2.804,0.923,2.45,9.363
pitcher_strikeouts,OVER,"[-1499,-1000]",HR≥50/EDG≥-/CV≤0.4/μ≥-/TP≥-,275,268,2.45,-0.55,5.44,6.559,0.833,72,71,4.05,-1.08,9.18,2.876,0.923,2.45,9.435
pitcher_strikeouts,OVER,"[-1499,-1000]",HR≥45/EDG≥-/CV≤0.45/μ≥0.0/TP≥-,398,391,2.43,-0.05,4.92,9.507,0.833,88,86,3.64,-1.23,8.51,3.128,0.889,2.43,12.635
pitcher_strikeouts,OVER,"[-1499,-1000]",HR≥65/EDG≥-/CV≤0.45/μ≥-/TP≥-,398,391,2.43,-0.05,4.92,9.507,0.833,89,87,3.68,-1.14,8.49,3.2,0.889,2.43,12.707
pitcher_strikeouts,OVER,"[-1499,-1000]",HR≥-/EDG≥-/CV≤0.45/μ≥-/TP≥-,398,391,2.43,-0.05,4.92,9.507,0.833,90,88,3.75,-1.01,8.51,3.3,0.889,2.43,12.807
pitcher_strikeouts,OVER,"[-1499,-1000]",HR≥65/EDG≥-/CV≤0.45/μ≥0.5/TP≥-,398,391,2.43,-0.05,4.92,9.507,0.833,82,81,3.32,-1.85,8.48,2.689,0.889,2.43,12.196
pitcher_strikeouts,OVER,"[-1499,-1000]",HR≥60/EDG≥-/CV≤0.45/μ≥-/TP≥-,398,391,2.43,-0.05,4.92,9.507,0.833,89,87,3.68,-1.14,8.49,3.2,0.889,2.43,12.707
pitcher_strikeouts,OVER,"[-1499,-1000]",HR≥60/EDG≥-/CV≤0.45/μ≥0.0/TP≥-,398,391,2.43,-0.05,4.92,9.507,0.833,88,86,3.64,-1.23,8.51,3.128,0.889,2.43,12.635
pitcher_strikeouts,OVER,"[-1499,-1000]",HR≥55/EDG≥-/CV≤0.45/μ≥0.5/TP≥-,398,391,2.43,-0.05,4.92,9.507,0.833,82,81,3.32,-1.85,8.48,2.689,0.889,2.43,12.196
pitcher_strikeouts,OVER,"[-1499,-1000]",HR≥45/EDG≥-/CV≤0.45/μ≥-/TP≥-,398,391,2.43,-0.05,4.92,9.507,0.833,89,87,3.68,-1.14,8.49,3.2,0.889,2.43,12.707
pitcher_strikeouts,OVER,"[-1499,-1000]",HR≥50/EDG≥-/CV≤0.45/μ≥0.0/TP≥-,398,391,2.43,-0.05,4.92,9.507,0.833,88,86,3.64,-1.23,8.51,3.128,0.889,2.43,12.635
pitcher_strikeouts,OVER,"[-1499,-1000]",HR≥60/EDG≥-/CV≤0.45/μ≥0.5/TP≥-,398,391,2.43,-0.05,4.92,9.507,0.833,82,81,3.32,-1.85,8.48,2.689,0.889,2.43,12.196
pitcher_strikeouts,OVER,"[-1499,-1000]",HR≥45/EDG≥-/CV≤0.45/μ≥0.5/TP≥-,398,391,2.43,-0.05,4.92,9.507,0.833,82,81,3.32,-1.85,8.48,2.689,0.889,2.43,12.196
pitcher_strikeouts,OVER,"[-1499,-1000]",HR≥50/EDG≥-/CV≤0.45/μ≥0.5/TP≥-,398,391,2.43,-0.05,4.92,9.507,0.833,82,81,3.32,-1.85,8.48,2.689,0.889,2.43,12.196
pitcher_strikeouts,OVER,"[-1499,-1000]",HR≥55/EDG≥-/CV≤0.45/μ≥-/TP≥-,398,391,2.43,-0.05,4.92,9.507,0.833,89,87,3.68,-1.14,8.49,3.2,0.889,2.43,12.707
pitcher_strikeouts,OVER,"[-1499,-1000]",HR≥65/EDG≥-/CV≤0.45/μ≥0.0/TP≥-,398,391,2.43,-0.05,4.92,9.507,0.833,88,86,3.64,-1.23,8.51,3.128,0.889,2.43,12.635
pitcher_strikeouts,OVER,"[-1499,-1000]",HR≥-/EDG≥-/CV≤0.45/μ≥0.0/TP≥-,398,391,2.43,-0.05,4.92,9.507,0.833,88,86,3.64,-1.23,8.51,3.128,0.889,2.43,12.635
pitcher_strikeouts,OVER,"[-1499,-1000]",HR≥-/EDG≥-/CV≤0.45/μ≥0.5/TP≥-,398,391,2.43,-0.05,4.92,9.507,0.833,82,81,3.32,-1.85,8.48,2.689,0.889,2.43,12.196
pitcher_strikeouts,OVER,"[-1499,-1000]",HR≥55/EDG≥-/CV≤0.45/μ≥0.0/TP≥-,398,391,2.43,-0.05,4.92,9.507,0.833,88,86,3.64,-1.23,8.51,3.128,0.889,2.43,12.635
pitcher_strikeouts,OVER,"[-1499,-1000]",HR≥50/EDG≥-/CV≤0.45/μ≥-/TP≥-,398,391,2.43,-0.05,4.92,9.507,0.833,89,87,3.68,-1.14,8.49,3.2,0.889,2.43,12.707
pitcher_strikeouts,OVER,"[-1499,-1000]",HR≥75/EDG≥-/CV≤0.4/μ≥0.5/TP≥-,269,262,2.33,-0.73,5.39,6.098,0.833,61,61,5.12,0.22,10.03,3.126,0.923,2.33,9.224
pitcher_strikeouts,OVER,"[-1499,-1000]",HR≥75/EDG≥-/CV≤0.4/μ≥0.0/TP≥-,269,262,2.33,-0.73,5.39,6.098,0.833,66,65,5.33,0.73,9.94,3.465,0.923,2.33,9.563
pitcher_strikeouts,OVER,"[-1499,-1000]",HR≥75/EDG≥-/CV≤0.4/μ≥-/TP≥-,269,262,2.33,-0.73,5.39,6.098,0.833,67,66,5.36,0.82,9.89,3.537,0.923,2.33,9.635
pitcher_strikeouts,OVER,"[-1499,-1000]",HR≥70/EDG≥-/CV≤0.45/μ≥-/TP≥-,391,384,2.29,-0.23,4.82,8.807,0.833,89,87,3.68,-1.14,8.49,3.2,0.889,2.29,12.007
pitcher_strikeouts,OVER,"[-1499,-1000]",HR≥70/EDG≥-/CV≤0.45/μ≥0.0/TP≥-,391,384,2.29,-0.23,4.82,8.807,0.833,88,86,3.64,-1.23,8.51,3.128,0.889,2.29,11.935
pitcher_strikeouts,OVER,"[-1499,-1000]",HR≥70/EDG≥-/CV≤0.45/μ≥0.5/TP≥-,391,384,2.29,-0.23,4.82,8.807,0.833,82,81,3.32,-1.85,8.48,2.689,0.889,2.29,11.496
pitcher_strikeouts,OVER,"[-1499,-1000]",HR≥45/EDG≥-/CV≤0.4/μ≥1.0/TP≥-,267,260,2.22,-0.87,5.3,5.759,0.833,59,59,3.11,-3.04,9.25,1.832,0.92,2.22,7.591
pitcher_strikeouts,OVER,"[-1499,-1000]",HR≥-/EDG≥-/CV≤0.4/μ≥1.0/TP≥-,267,260,2.22,-0.87,5.3,5.759,0.833,59,59,3.11,-3.04,9.25,1.832,0.92,2.22,7.591
pitcher_strikeouts,OVER,"[-1499,-1000]",HR≥55/EDG≥-/CV≤0.4/μ≥1.0/TP≥-,267,260,2.22,-0.87,5.3,5.759,0.833,59,59,3.11,-3.04,9.25,1.832,0.92,2.22,7.591
pitcher_strikeouts,OVER,"[-1499,-1000]",HR≥50/EDG≥-/CV≤0.4/μ≥1.0/TP≥-,267,260,2.22,-0.87,5.3,5.759,0.833,59,59,3.11,-3.04,9.25,1.832,0.92,2.22,7.591
pitcher_strikeouts,OVER,"[-1499,-1000]",HR≥60/EDG≥-/CV≤0.4/μ≥1.0/TP≥-,267,260,2.22,-0.87,5.3,5.759,0.833,59,59,3.11,-3.04,9.25,1.832,0.92,2.22,7.591
pitcher_strikeouts,OVER,"[-1499,-1000]",HR≥65/EDG≥-/CV≤0.4/μ≥1.0/TP≥-,267,260,2.22,-0.87,5.3,5.759,0.833,59,59,3.11,-3.04,9.25,1.832,0.92,2.22,7.591
pitcher_strikeouts,OVER,"[-1499,-1000]",HR≥70/EDG≥-/CV≤0.4/μ≥1.0/TP≥-,267,260,2.22,-0.87,5.3,5.759,0.833,59,59,3.11,-3.04,9.25,1.832,0.92,2.22,7.591
pitcher_strikeouts,OVER,"[-1499,-1000]",HR≥75/EDG≥-5.0/CV≤0.4/μ≥-/TP≥-,172,165,3.13,-0.43,6.7,5.171,0.889,34,34,2.17,-6.55,10.89,0.737,0.9,2.17,5.908
pitcher_strikeouts,OVER,"[-1499,-1000]",HR≥75/EDG≥-5.0/CV≤0.4/μ≥1.0/TP≥-,172,165,3.13,-0.43,6.7,5.171,0.889,34,34,2.17,-6.55,10.89,0.737,0.9,2.17,5.908
pitcher_strikeouts,OVER,"[-1499,-1000]",HR≥75/EDG≥-5.0/CV≤0.4/μ≥0.0/TP≥-,172,165,3.13,-0.43,6.7,5.171,0.889,34,34,2.17,-6.55,10.89,0.737,0.9,2.17,5.908
pitcher_strikeouts,OVER,"[-1499,-1000]",HR≥75/EDG≥-5.0/CV≤0.4/μ≥0.5/TP≥-,172,165,3.13,-0.43,6.7,5.171,0.889,34,34,2.17,-6.55,10.89,0.737,0.9,2.17,5.908
pitcher_strikeouts,OVER,"[-1499,-1000]",HR≥75/EDG≥-/CV≤0.45/μ≥-/TP≥-,378,371,2.1,-0.51,4.72,7.807,0.833,84,82,4.71,0.26,9.16,3.86,0.889,2.1,11.667
pitcher_strikeouts,OVER,"[-1499,-1000]",HR≥75/EDG≥-/CV≤0.45/μ≥0.5/TP≥-,378,371,2.1,-0.51,4.72,7.807,0.833,77,76,4.41,-0.39,9.2,3.35,0.889,2.1,11.157
pitcher_strikeouts,OVER,"[-1499,-1000]",HR≥75/EDG≥-/CV≤0.45/μ≥0.0/TP≥-,378,371,2.1,-0.51,4.72,7.807,0.833,83,81,4.68,0.17,9.18,3.789,0.889,2.1,11.596
pitcher_strikeouts,OVER,"[-1499,-1000]",HR≥75/EDG≥-/CV≤0.4/μ≥1.0/TP≥-,261,254,2.09,-1.07,5.24,5.298,0.833,55,55,4.71,-0.72,10.15,2.593,0.92,2.09,7.891
pitcher_strikeouts,OVER,"[-1499,-1000]",HR≥65/EDG≥-/CV≤0.45/μ≥1.0/TP≥-,370,363,1.97,-0.7,4.64,7.156,0.833,75,74,2.78,-2.86,8.42,2.056,0.885,1.97,9.212
pitcher_strikeouts,OVER,"[-1499,-1000]",HR≥50/EDG≥-/CV≤0.45/μ≥1.0/TP≥-,370,363,1.97,-0.7,4.64,7.156,0.833,75,74,2.78,-2.86,8.42,2.056,0.885,1.97,9.212
pitcher_strikeouts,OVER,"[-1499,-1000]",HR≥60/EDG≥-/CV≤0.45/μ≥1.0/TP≥-,370,363,1.97,-0.7,4.64,7.156,0.833,75,74,2.78,-2.86,8.42,2.056,0.885,1.97,9.212
pitcher_strikeouts,OVER,"[-1499,-1000]",HR≥45/EDG≥-/CV≤0.45/μ≥1.0/TP≥-,370,363,1.97,-0.7,4.64,7.156,0.833,75,74,2.78,-2.86,8.42,2.056,0.885,1.97,9.212
pitcher_strikeouts,OVER,"[-1499,-1000]",HR≥55/EDG≥-/CV≤0.45/μ≥1.0/TP≥-,370,363,1.97,-0.7,4.64,7.156,0.833,75,74,2.78,-2.86,8.42,2.056,0.885,1.97,9.212
pitcher_strikeouts,OVER,"[-1499,-1000]",HR≥-/EDG≥-/CV≤0.45/μ≥1.0/TP≥-,370,363,1.97,-0.7,4.64,7.156,0.833,75,74,2.78,-2.86,8.42,2.056,0.885,1.97,9.212
pitcher_strikeouts,OVER,"[-1499,-1000]",HR≥70/EDG≥-/CV≤0.45/μ≥1.0/TP≥-,363,356,1.81,-0.91,4.53,6.456,0.833,75,74,2.78,-2.86,8.42,2.056,0.885,1.81,8.512
pitcher_strikeouts,OVER,"[-1499,-1000]",HR≥75/EDG≥-/CV≤0.45/μ≥1.0/TP≥-,357,350,1.71,-1.05,4.48,5.995,0.833,71,70,4.02,-1.18,9.22,2.817,0.885,1.71,8.812
pitcher_strikeouts,OVER,"[-1499,-1000]",HR≥75/EDG≥-/CV≤0.6/μ≥-/TP≥-,654,607,1.08,-1.11,3.28,6.562,0.692,125,123,1.67,-3.09,6.43,2.054,0.704,1.08,8.616
pitcher_strikeouts,OVER,"[-1499,-1000]",HR≥75/EDG≥-/CV≤0.6/μ≥0.0/TP≥-,654,607,1.08,-1.11,3.28,6.562,0.692,124,122,1.62,-3.18,6.43,1.982,0.704,1.08,8.544
pitcher_strikeouts,OVER,"[-1499,-1000]",HR≥-/EDG≥-5.0/CV≤0.45/μ≥-/TP≥-,228,221,1.06,-2.55,4.66,2.332,0.818,48,47,3.99,-2.35,10.34,1.878,0.909,1.06,4.21
pitcher_strikeouts,OVER,"[-1499,-1000]",HR≥55/EDG≥-5.0/CV≤0.45/μ≥0.5/TP≥-,228,221,1.06,-2.55,4.66,2.332,0.818,48,47,3.99,-2.35,10.34,1.878,0.909,1.06,4.21
pitcher_strikeouts,OVER,"[-1499,-1000]",HR≥70/EDG≥-5.0/CV≤0.45/μ≥1.0/TP≥-,228,221,1.06,-2.55,4.66,2.332,0.818,48,47,3.99,-2.35,10.34,1.878,0.909,1.06,4.21
pitcher_strikeouts,OVER,"[-1499,-1000]",HR≥70/EDG≥-5.0/CV≤0.45/μ≥-/TP≥-,228,221,1.06,-2.55,4.66,2.332,0.818,48,47,3.99,-2.35,10.34,1.878,0.909,1.06,4.21
pitcher_strikeouts,OVER,"[-1499,-1000]",HR≥70/EDG≥-5.0/CV≤0.45/μ≥0.0/TP≥-,228,221,1.06,-2.55,4.66,2.332,0.818,48,47,3.99,-2.35,10.34,1.878,0.909,1.06,4.21
pitcher_strikeouts,OVER,"[-1499,-1000]",HR≥60/EDG≥-5.0/CV≤0.45/μ≥1.0/TP≥-,228,221,1.06,-2.55,4.66,2.332,0.818,48,47,3.99,-2.35,10.34,1.878,0.909,1.06,4.21
pitcher_strikeouts,OVER,"[-1499,-1000]",HR≥-/EDG≥-5.0/CV≤0.45/μ≥0.5/TP≥-,228,221,1.06,-2.55,4.66,2.332,0.818,48,47,3.99,-2.35,10.34,1.878,0.909,1.06,4.21
pitcher_strikeouts,OVER,"[-1499,-1000]",HR≥-/EDG≥-5.0/CV≤0.45/μ≥1.0/TP≥-,228,221,1.06,-2.55,4.66,2.332,0.818,48,47,3.99,-2.35,10.34,1.878,0.909,1.06,4.21
pitcher_strikeouts,OVER,"[-1499,-1000]",HR≥50/EDG≥-5.0/CV≤0.45/μ≥1.0/TP≥-,228,221,1.06,-2.55,4.66,2.332,0.818,48,47,3.99,-2.35,10.34,1.878,0.909,1.06,4.21
pitcher_strikeouts,OVER,"[-1499,-1000]",HR≥45/EDG≥-5.0/CV≤0.45/μ≥1.0/TP≥-,228,221,1.06,-2.55,4.66,2.332,0.818,48,47,3.99,-2.35,10.34,1.878,0.909,1.06,4.21
pitcher_strikeouts,OVER,"[-1499,-1000]",HR≥60/EDG≥-5.0/CV≤0.45/μ≥-/TP≥-,228,221,1.06,-2.55,4.66,2.332,0.818,48,47,3.99,-2.35,10.34,1.878,0.909,1.06,4.21
pitcher_strikeouts,OVER,"[-1499,-1000]",HR≥45/EDG≥-5.0/CV≤0.45/μ≥0.5/TP≥-,228,221,1.06,-2.55,4.66,2.332,0.818,48,47,3.99,-2.35,10.34,1.878,0.909,1.06,4.21
pitcher_strikeouts,OVER,"[-1499,-1000]",HR≥65/EDG≥-5.0/CV≤0.45/μ≥1.0/TP≥-,228,221,1.06,-2.55,4.66,2.332,0.818,48,47,3.99,-2.35,10.34,1.878,0.909,1.06,4.21
pitcher_strikeouts,OVER,"[-1499,-1000]",HR≥65/EDG≥-5.0/CV≤0.45/μ≥0.0/TP≥-,228,221,1.06,-2.55,4.66,2.332,0.818,48,47,3.99,-2.35,10.34,1.878,0.909,1.06,4.21
pitcher_strikeouts,OVER,"[-1499,-1000]",HR≥-/EDG≥-5.0/CV≤0.45/μ≥0.0/TP≥-,228,221,1.06,-2.55,4.66,2.332,0.818,48,47,3.99,-2.35,10.34,1.878,0.909,1.06,4.21
pitcher_strikeouts,OVER,"[-1499,-1000]",HR≥55/EDG≥-5.0/CV≤0.45/μ≥1.0/TP≥-,228,221,1.06,-2.55,4.66,2.332,0.818,48,47,3.99,-2.35,10.34,1.878,0.909,1.06,4.21
pitcher_strikeouts,OVER,"[-1499,-1000]",HR≥50/EDG≥-5.0/CV≤0.45/μ≥0.5/TP≥-,228,221,1.06,-2.55,4.66,2.332,0.818,48,47,3.99,-2.35,10.34,1.878,0.909,1.06,4.21
pitcher_strikeouts,OVER,"[-1499,-1000]",HR≥60/EDG≥-5.0/CV≤0.45/μ≥0.0/TP≥-,228,221,1.06,-2.55,4.66,2.332,0.818,48,47,3.99,-2.35,10.34,1.878,0.909,1.06,4.21
pitcher_strikeouts,OVER,"[-1499,-1000]",HR≥60/EDG≥-5.0/CV≤0.45/μ≥0.5/TP≥-,228,221,1.06,-2.55,4.66,2.332,0.818,48,47,3.99,-2.35,10.34,1.878,0.909,1.06,4.21
pitcher_strikeouts,OVER,"[-1499,-1000]",HR≥65/EDG≥-5.0/CV≤0.45/μ≥0.5/TP≥-,228,221,1.06,-2.55,4.66,2.332,0.818,48,47,3.99,-2.35,10.34,1.878,0.909,1.06,4.21
pitcher_strikeouts,OVER,"[-1499,-1000]",HR≥50/EDG≥-5.0/CV≤0.45/μ≥0.0/TP≥-,228,221,1.06,-2.55,4.66,2.332,0.818,48,47,3.99,-2.35,10.34,1.878,0.909,1.06,4.21
pitcher_strikeouts,OVER,"[-1499,-1000]",HR≥45/EDG≥-5.0/CV≤0.45/μ≥0.0/TP≥-,228,221,1.06,-2.55,4.66,2.332,0.818,48,47,3.99,-2.35,10.34,1.878,0.909,1.06,4.21
pitcher_strikeouts,OVER,"[-1499,-1000]",HR≥45/EDG≥-5.0/CV≤0.45/μ≥-/TP≥-,228,221,1.06,-2.55,4.66,2.332,0.818,48,47,3.99,-2.35,10.34,1.878,0.909,1.06,4.21
pitcher_strikeouts,OVER,"[-1499,-1000]",HR≥65/EDG≥-5.0/CV≤0.45/μ≥-/TP≥-,228,221,1.06,-2.55,4.66,2.332,0.818,48,47,3.99,-2.35,10.34,1.878,0.909,1.06,4.21
pitcher_strikeouts,OVER,"[-1499,-1000]",HR≥70/EDG≥-5.0/CV≤0.45/μ≥0.5/TP≥-,228,221,1.06,-2.55,4.66,2.332,0.818,48,47,3.99,-2.35,10.34,1.878,0.909,1.06,4.21
pitcher_strikeouts,OVER,"[-1499,-1000]",HR≥55/EDG≥-5.0/CV≤0.45/μ≥-/TP≥-,228,221,1.06,-2.55,4.66,2.332,0.818,48,47,3.99,-2.35,10.34,1.878,0.909,1.06,4.21
pitcher_strikeouts,OVER,"[-1499,-1000]",HR≥50/EDG≥-5.0/CV≤0.45/μ≥-/TP≥-,228,221,1.06,-2.55,4.66,2.332,0.818,48,47,3.99,-2.35,10.34,1.878,0.909,1.06,4.21
pitcher_strikeouts,OVER,"[-1499,-1000]",HR≥55/EDG≥-5.0/CV≤0.45/μ≥0.0/TP≥-,228,221,1.06,-2.55,4.66,2.332,0.818,48,47,3.99,-2.35,10.34,1.878,0.909,1.06,4.21
pitcher_strikeouts,OVER,"[-1499,-1000]",HR≥75/EDG≥-/CV≤0.6/μ≥0.5/TP≥-,648,601,0.99,-1.22,3.21,5.962,0.692,118,117,1.32,-3.68,6.32,1.543,0.704,0.99,7.505
pitcher_strikeouts,OVER,"[-1499,-1000]",HR≥75/EDG≥-5.0/CV≤0.45/μ≥0.5/TP≥-,222,215,0.87,-2.83,4.57,1.87,0.818,46,45,3.84,-2.78,10.47,1.729,0.905,0.87,3.599
pitcher_strikeouts,OVER,"[-1499,-1000]",HR≥75/EDG≥-5.0/CV≤0.45/μ≥-/TP≥-,222,215,0.87,-2.83,4.57,1.87,0.818,46,45,3.84,-2.78,10.47,1.729,0.905,0.87,3.599
pitcher_strikeouts,OVER,"[-1499,-1000]",HR≥75/EDG≥-5.0/CV≤0.45/μ≥1.0/TP≥-,222,215,0.87,-2.83,4.57,1.87,0.818,46,45,3.84,-2.78,10.47,1.729,0.905,0.87,3.599
pitcher_strikeouts,OVER,"[-1499,-1000]",HR≥75/EDG≥-5.0/CV≤0.45/μ≥0.0/TP≥-,222,215,0.87,-2.83,4.57,1.87,0.818,46,45,3.84,-2.78,10.47,1.729,0.905,0.87,3.599
pitcher_strikeouts,OVER,"[-1499,-1000]",HR≥70/EDG≥-/CV≤0.6/μ≥0.5/TP≥-,682,628,1.31,-0.81,3.44,8.245,0.692,124,123,0.79,-4.24,5.81,0.966,0.704,0.79,9.211
pitcher_strikeouts,OVER,"[-1499,-1000]",HR≥70/EDG≥-/CV≤-/μ≥1.0/TP≥-,703,662,0.59,-1.58,2.76,3.902,0.615,137,135,0.6,-4.22,5.42,0.806,0.654,0.59,4.708
pitcher_strikeouts,OVER,"[-1499,-1000]",HR≥75/EDG≥-/CV≤0.6/μ≥1.0/TP≥-,599,565,0.49,-1.86,2.84,2.767,0.692,111,110,0.83,-4.48,6.13,0.91,0.692,0.49,3.677
pitcher_strikeouts,OVER,"[-1499,-1000]",HR≥70/EDG≥-/CV≤0.6/μ≥1.0/TP≥-,626,585,0.77,-1.5,3.05,4.511,0.692,115,114,0.13,-5.28,5.54,0.149,0.692,0.13,4.66
pitcher_strikeouts,OVER,"[-1499,-1000]",HR≥70/EDG≥-/CV≤0.7/μ≥1.0/TP≥-,680,639,0.26,-1.98,2.5,1.665,0.615,128,126,0.06,-5.09,5.21,0.073,0.654,0.06,1.738
pitcher_strikeouts,OVER,"[-1499,-1000]",HR≥65/EDG≥-/CV≤0.6/μ≥0.5/TP≥-,717,663,0.56,-1.61,2.72,3.695,0.692,126,125,0.05,-5.15,5.24,0.056,0.704,0.05,3.751
pitcher_strikeouts,OVER,"[-1499,-1000]",HR≥75/EDG≥-/CV≤-/μ≥1.0/TP≥-,653,619,0.02,-2.3,2.33,0.105,0.615,130,128,1.03,-3.81,5.86,1.315,0.654,0.02,1.42
pitcher_strikeouts,OVER,"[-799,-600]",HR≥45/EDG≥-/CV≤0.4/μ≥1.0/TP≥-,78,71,14.48,14.18,14.79,10.284,1.0,42,41,9.22,1.54,16.89,3.778,0.9,9.22,14.062
pitcher_strikeouts,OVER,"[-799,-600]",HR≥-/EDG≥-/CV≤0.4/μ≥1.0/TP≥-,78,71,14.48,14.18,14.79,10.284,1.0,42,41,9.22,1.54,16.89,3.778,0.9,9.22,14.062
pitcher_strikeouts,OVER,"[-799,-600]",HR≥55/EDG≥-/CV≤0.4/μ≥1.0/TP≥-,78,71,14.48,14.18,14.79,10.284,1.0,42,41,9.22,1.54,16.89,3.778,0.9,9.22,14.062
pitcher_strikeouts,OVER,"[-799,-600]",HR≥50/EDG≥-/CV≤0.4/μ≥1.0/TP≥-,78,71,14.48,14.18,14.79,10.284,1.0,42,41,9.22,1.54,16.89,3.778,0.9,9.22,14.062
pitcher_strikeouts,OVER,"[-799,-600]",HR≥60/EDG≥-/CV≤0.4/μ≥1.0/TP≥-,78,71,14.48,14.18,14.79,10.284,1.0,42,41,9.22,1.54,16.89,3.778,0.9,9.22,14.062
pitcher_strikeouts,OVER,"[-799,-600]",HR≥65/EDG≥-/CV≤0.4/μ≥1.0/TP≥-,71,64,14.39,14.06,14.71,9.207,1.0,42,41,9.22,1.54,16.89,3.778,0.9,9.22,12.985
pitcher_strikeouts,OVER,"[-799,-600]",HR≥70/EDG≥-/CV≤0.4/μ≥1.0/TP≥-,71,64,14.39,14.06,14.71,9.207,1.0,40,39,8.96,0.89,17.02,3.493,0.895,8.96,12.7
pitcher_strikeouts,OVER,"[-799,-600]",HR≥75/EDG≥-/CV≤0.4/μ≥1.0/TP≥-,57,50,14.31,13.94,14.68,7.153,1.0,38,37,8.56,0.08,17.04,3.167,0.895,8.56,10.32
pitcher_strikeouts,OVER,"[-799,-600]",HR≥55/EDG≥-5.0/CV≤0.4/μ≥0.0/TP≥-,42,35,14.72,14.26,15.19,5.153,1.0,32,31,7.49,-2.62,17.6,2.321,0.882,7.49,7.474
pitcher_strikeouts,OVER,"[-799,-600]",HR≥65/EDG≥-5.0/CV≤0.4/μ≥-/TP≥-,42,35,14.72,14.26,15.19,5.153,1.0,32,31,7.49,-2.62,17.6,2.321,0.882,7.49,7.474
pitcher_strikeouts,OVER,"[-799,-600]",HR≥50/EDG≥-5.0/CV≤0.4/μ≥-/TP≥-,42,35,14.72,14.26,15.19,5.153,1.0,32,31,7.49,-2.62,17.6,2.321,0.882,7.49,7.474
pitcher_strikeouts,OVER,"[-799,-600]",HR≥60/EDG≥-5.0/CV≤0.4/μ≥-/TP≥-,42,35,14.72,14.26,15.19,5.153,1.0,32,31,7.49,-2.62,17.6,2.321,0.882,7.49,7.474
pitcher_strikeouts,OVER,"[-799,-600]",HR≥-/EDG≥-5.0/CV≤0.4/μ≥0.5/TP≥-,42,35,14.72,14.26,15.19,5.153,1.0,32,31,7.49,-2.62,17.6,2.321,0.882,7.49,7.474
pitcher_strikeouts,OVER,"[-799,-600]",HR≥65/EDG≥-5.0/CV≤0.4/μ≥0.0/TP≥-,42,35,14.72,14.26,15.19,5.153,1.0,32,31,7.49,-2.62,17.6,2.321,0.882,7.49,7.474
pitcher_strikeouts,OVER,"[-799,-600]",HR≥-/EDG≥-5.0/CV≤0.4/μ≥0.0/TP≥-,42,35,14.72,14.26,15.19,5.153,1.0,32,31,7.49,-2.62,17.6,2.321,0.882,7.49,7.474
pitcher_strikeouts,OVER,"[-799,-600]",HR≥45/EDG≥-5.0/CV≤0.4/μ≥0.0/TP≥-,42,35,14.72,14.26,15.19,5.153,1.0,32,31,7.49,-2.62,17.6,2.321,0.882,7.49,7.474
pitcher_strikeouts,OVER,"[-799,-600]",HR≥-/EDG≥-5.0/CV≤0.4/μ≥1.0/TP≥-,42,35,14.72,14.26,15.19,5.153,1.0,32,31,7.49,-2.62,17.6,2.321,0.882,7.49,7.474
pitcher_strikeouts,OVER,"[-799,-600]",HR≥45/EDG≥-5.0/CV≤0.4/μ≥-/TP≥-,42,35,14.72,14.26,15.19,5.153,1.0,32,31,7.49,-2.62,17.6,2.321,0.882,7.49,7.474
pitcher_strikeouts,OVER,"[-799,-600]",HR≥-/EDG≥-5.0/CV≤0.4/μ≥-/TP≥-,42,35,14.72,14.26,15.19,5.153,1.0,32,31,7.49,-2.62,17.6,2.321,0.882,7.49,7.474
pitcher_strikeouts,OVER,"[-799,-600]",HR≥50/EDG≥-5.0/CV≤0.4/μ≥0.0/TP≥-,42,35,14.72,14.26,15.19,5.153,1.0,32,31,7.49,-2.62,17.6,2.321,0.882,7.49,7.474
pitcher_strikeouts,OVER,"[-799,-600]",HR≥60/EDG≥-5.0/CV≤0.4/μ≥1.0/TP≥-,42,35,14.72,14.26,15.19,5.153,1.0,32,31,7.49,-2.62,17.6,2.321,0.882,7.49,7.474
pitcher_strikeouts,OVER,"[-799,-600]",HR≥65/EDG≥-5.0/CV≤0.4/μ≥0.5/TP≥-,42,35,14.72,14.26,15.19,5.153,1.0,32,31,7.49,-2.62,17.6,2.321,0.882,7.49,7.474
pitcher_strikeouts,OVER,"[-799,-600]",HR≥55/EDG≥-5.0/CV≤0.4/μ≥0.5/TP≥-,42,35,14.72,14.26,15.19,5.153,1.0,32,31,7.49,-2.62,17.6,2.321,0.882,7.49,7.474
pitcher_strikeouts,OVER,"[-799,-600]",HR≥45/EDG≥-5.0/CV≤0.4/μ≥0.5/TP≥-,42,35,14.72,14.26,15.19,5.153,1.0,32,31,7.49,-2.62,17.6,2.321,0.882,7.49,7.474
pitcher_strikeouts,OVER,"[-799,-600]",HR≥65/EDG≥-5.0/CV≤0.4/μ≥1.0/TP≥-,42,35,14.72,14.26,15.19,5.153,1.0,32,31,7.49,-2.62,17.6,2.321,0.882,7.49,7.474
pitcher_strikeouts,OVER,"[-799,-600]",HR≥50/EDG≥-5.0/CV≤0.4/μ≥0.5/TP≥-,42,35,14.72,14.26,15.19,5.153,1.0,32,31,7.49,-2.62,17.6,2.321,0.882,7.49,7.474
pitcher_strikeouts,OVER,"[-799,-600]",HR≥45/EDG≥-5.0/CV≤0.4/μ≥1.0/TP≥-,42,35,14.72,14.26,15.19,5.153,1.0,32,31,7.49,-2.62,17.6,2.321,0.882,7.49,7.474
pitcher_strikeouts,OVER,"[-799,-600]",HR≥55/EDG≥-5.0/CV≤0.4/μ≥-/TP≥-,42,35,14.72,14.26,15.19,5.153,1.0,32,31,7.49,-2.62,17.6,2.321,0.882,7.49,7.474
pitcher_strikeouts,OVER,"[-799,-600]",HR≥55/EDG≥-5.0/CV≤0.4/μ≥1.0/TP≥-,42,35,14.72,14.26,15.19,5.153,1.0,32,31,7.49,-2.62,17.6,2.321,0.882,7.49,7.474
pitcher_strikeouts,OVER,"[-799,-600]",HR≥60/EDG≥-5.0/CV≤0.4/μ≥0.5/TP≥-,42,35,14.72,14.26,15.19,5.153,1.0,32,31,7.49,-2.62,17.6,2.321,0.882,7.49,7.474
pitcher_strikeouts,OVER,"[-799,-600]",HR≥50/EDG≥-5.0/CV≤0.4/μ≥1.0/TP≥-,42,35,14.72,14.26,15.19,5.153,1.0,32,31,7.49,-2.62,17.6,2.321,0.882,7.49,7.474
pitcher_strikeouts,OVER,"[-799,-600]",HR≥60/EDG≥-5.0/CV≤0.4/μ≥0.0/TP≥-,42,35,14.72,14.26,15.19,5.153,1.0,32,31,7.49,-2.62,17.6,2.321,0.882,7.49,7.474
pitcher_strikeouts,OVER,"[-799,-600]",HR≥70/EDG≥-5.0/CV≤0.4/μ≥0.0/TP≥-,42,35,14.72,14.26,15.19,5.153,1.0,31,30,7.26,-3.18,17.7,2.179,0.875,7.26,7.332
pitcher_strikeouts,OVER,"[-799,-600]",HR≥70/EDG≥-5.0/CV≤0.4/μ≥1.0/TP≥-,42,35,14.72,14.26,15.19,5.153,1.0,31,30,7.26,-3.18,17.7,2.179,0.875,7.26,7.332
pitcher_strikeouts,OVER,"[-799,-600]",HR≥70/EDG≥-5.0/CV≤0.4/μ≥-/TP≥-,42,35,14.72,14.26,15.19,5.153,1.0,31,30,7.26,-3.18,17.7,2.179,0.875,7.26,7.332
pitcher_strikeouts,OVER,"[-799,-600]",HR≥70/EDG≥-5.0/CV≤0.4/μ≥0.5/TP≥-,42,35,14.72,14.26,15.19,5.153,1.0,31,30,7.26,-3.18,17.7,2.179,0.875,7.26,7.332
pitcher_strikeouts,OVER,"[-799,-600]",HR≥65/EDG≥-/CV≤0.45/μ≥1.0/TP≥-,154,139,8.87,4.68,13.06,12.327,0.909,61,60,7.09,-0.22,14.39,4.251,0.846,7.09,16.578
pitcher_strikeouts,OVER,"[-799,-600]",HR≥50/EDG≥-/CV≤0.45/μ≥1.0/TP≥-,168,153,9.49,5.68,13.31,14.524,0.909,61,60,7.09,-0.22,14.39,4.251,0.846,7.09,18.775
pitcher_strikeouts,OVER,"[-799,-600]",HR≥60/EDG≥-/CV≤0.45/μ≥1.0/TP≥-,161,146,9.18,5.19,13.17,13.404,0.909,61,60,7.09,-0.22,14.39,4.251,0.846,7.09,17.655
pitcher_strikeouts,OVER,"[-799,-600]",HR≥45/EDG≥-/CV≤0.45/μ≥1.0/TP≥-,168,153,9.49,5.68,13.31,14.524,0.909,61,60,7.09,-0.22,14.39,4.251,0.846,7.09,18.775
pitcher_strikeouts,OVER,"[-799,-600]",HR≥55/EDG≥-/CV≤0.45/μ≥1.0/TP≥-,161,146,9.18,5.19,13.17,13.404,0.909,61,60,7.09,-0.22,14.39,4.251,0.846,7.09,17.655
pitcher_strikeouts,OVER,"[-799,-600]",HR≥-/EDG≥-/CV≤0.45/μ≥1.0/TP≥-,168,153,9.49,5.68,13.31,14.524,0.909,61,60,7.09,-0.22,14.39,4.251,0.846,7.09,18.775
pitcher_strikeouts,OVER,"[-799,-600]",HR≥70/EDG≥-/CV≤0.45/μ≥1.0/TP≥-,154,139,8.87,4.68,13.06,12.327,0.909,59,58,6.84,-0.72,14.39,3.966,0.84,6.84,16.293
pitcher_strikeouts,OVER,"[-799,-600]",HR≥70/EDG≥-/CV≤0.4/μ≥0.5/TP≥-,77,70,14.3,13.99,14.6,10.007,1.0,42,41,6.43,-2.85,15.7,2.636,0.842,6.43,12.643
pitcher_strikeouts,OVER,"[-799,-600]",HR≥75/EDG≥-/CV≤0.45/μ≥1.0/TP≥-,118,111,14.66,14.42,14.9,16.273,1.0,56,55,6.38,-1.57,14.33,3.507,0.84,6.38,19.78
pitcher_strikeouts,OVER,"[-799,-600]",HR≥75/EDG≥-/CV≤0.4/μ≥0.5/TP≥-,63,56,14.2,13.86,14.54,7.953,1.0,40,39,5.92,-3.8,15.65,2.31,0.842,5.92,10.263
pitcher_strikeouts,OVER,"[-799,-600]",HR≥55/EDG≥-/CV≤0.45/μ≥0.5/TP≥-,217,195,5.93,1.62,10.24,11.561,0.833,65,64,5.73,-1.87,13.34,3.67,0.815,5.73,15.231
pitcher_strikeouts,OVER,"[-799,-600]",HR≥60/EDG≥-/CV≤0.45/μ≥0.5/TP≥-,217,195,5.93,1.62,10.24,11.561,0.833,65,64,5.73,-1.87,13.34,3.67,0.815,5.73,15.231
pitcher_strikeouts,OVER,"[-799,-600]",HR≥45/EDG≥-/CV≤0.45/μ≥0.5/TP≥-,224,202,6.28,2.11,10.44,12.681,0.833,65,64,5.73,-1.87,13.34,3.67,0.815,5.73,16.351
pitcher_strikeouts,OVER,"[-799,-600]",HR≥50/EDG≥-/CV≤0.45/μ≥0.5/TP≥-,224,202,6.28,2.11,10.44,12.681,0.833,65,64,5.73,-1.87,13.34,3.67,0.815,5.73,16.351
pitcher_strikeouts,OVER,"[-799,-600]",HR≥-/EDG≥-/CV≤0.45/μ≥0.5/TP≥-,224,202,6.28,2.11,10.44,12.681,0.833,65,64,5.73,-1.87,13.34,3.67,0.815,5.73,16.351
pitcher_strikeouts,OVER,"[-799,-600]",HR≥70/EDG≥-/CV≤0.45/μ≥0.5/TP≥-,188,166,9.83,6.31,13.35,16.317,0.917,63,62,5.46,-2.38,13.3,3.385,0.808,5.46,19.702
pitcher_strikeouts,OVER,"[-799,-600]",HR≥-/EDG≥-/CV≤0.4/μ≥0.5/TP≥-,106,99,5.3,-0.88,11.49,5.25,0.857,44,43,6.79,-2.06,15.64,2.921,0.85,5.3,8.171
pitcher_strikeouts,OVER,"[-799,-600]",HR≥55/EDG≥-/CV≤0.4/μ≥0.5/TP≥-,106,99,5.3,-0.88,11.49,5.25,0.857,44,43,6.79,-2.06,15.64,2.921,0.85,5.3,8.171
pitcher_strikeouts,OVER,"[-799,-600]",HR≥50/EDG≥-/CV≤0.4/μ≥0.5/TP≥-,106,99,5.3,-0.88,11.49,5.25,0.857,44,43,6.79,-2.06,15.64,2.921,0.85,5.3,8.171
pitcher_strikeouts,OVER,"[-799,-600]",HR≥45/EDG≥-/CV≤0.4/μ≥0.5/TP≥-,106,99,5.3,-0.88,11.49,5.25,0.857,44,43,6.79,-2.06,15.64,2.921,0.85,5.3,8.171
pitcher_strikeouts,OVER,"[-799,-600]",HR≥60/EDG≥-/CV≤0.4/μ≥0.5/TP≥-,106,99,5.3,-0.88,11.49,5.25,0.857,44,43,6.79,-2.06,15.64,2.921,0.85,5.3,8.171
pitcher_strikeouts,OVER,"[-799,-600]",HR≥75/EDG≥-/CV≤0.45/μ≥0.0/TP≥-,166,152,8.68,4.59,12.77,13.187,0.923,62,61,5.28,-2.69,13.24,3.218,0.808,5.28,16.405
pitcher_strikeouts,OVER,"[-799,-600]",HR≥65/EDG≥-/CV≤0.45/μ≥0.5/TP≥-,203,181,5.15,0.53,9.77,9.317,0.833,65,64,5.73,-1.87,13.34,3.67,0.815,5.15,12.987
pitcher_strikeouts,OVER,"[-799,-600]",HR≥70/EDG≥-/CV≤0.45/μ≥0.0/TP≥-,202,180,5.13,0.49,9.78,9.24,0.857,65,64,5.74,-1.86,13.35,3.677,0.808,5.13,12.917
pitcher_strikeouts,OVER,"[-799,-600]",HR≥75/EDG≥-/CV≤0.45/μ≥0.5/TP≥-,152,138,14.68,14.47,14.9,20.264,1.0,60,59,4.96,-3.26,13.18,2.926,0.808,4.96,23.19
pitcher_strikeouts,OVER,"[-799,-600]",HR≥-/EDG≥-5.0/CV≤0.45/μ≥-/TP≥-,83,76,15.11,14.83,15.39,11.484,1.0,45,44,4.33,-5.54,14.19,1.904,0.826,4.33,13.388
pitcher_strikeouts,OVER,"[-799,-600]",HR≥55/EDG≥-5.0/CV≤0.45/μ≥0.5/TP≥-,83,76,15.11,14.83,15.39,11.484,1.0,45,44,4.33,-5.54,14.19,1.904,0.826,4.33,13.388
pitcher_strikeouts,OVER,"[-799,-600]",HR≥60/EDG≥-5.0/CV≤0.45/μ≥1.0/TP≥-,83,76,15.11,14.83,15.39,11.484,1.0,45,44,4.33,-5.54,14.19,1.904,0.826,4.33,13.388
pitcher_strikeouts,OVER,"[-799,-600]",HR≥-/EDG≥-5.0/CV≤0.45/μ≥0.5/TP≥-,83,76,15.11,14.83,15.39,11.484,1.0,45,44,4.33,-5.54,14.19,1.904,0.826,4.33,13.388
pitcher_strikeouts,OVER,"[-799,-600]",HR≥-/EDG≥-5.0/CV≤0.45/μ≥1.0/TP≥-,83,76,15.11,14.83,15.39,11.484,1.0,45,44,4.33,-5.54,14.19,1.904,0.826,4.33,13.388
pitcher_strikeouts,OVER,"[-799,-600]",HR≥50/EDG≥-5.0/CV≤0.45/μ≥1.0/TP≥-,83,76,15.11,14.83,15.39,11.484,1.0,45,44,4.33,-5.54,14.19,1.904,0.826,4.33,13.388
pitcher_strikeouts,OVER,"[-799,-600]",HR≥45/EDG≥-5.0/CV≤0.45/μ≥1.0/TP≥-,83,76,15.11,14.83,15.39,11.484,1.0,45,44,4.33,-5.54,14.19,1.904,0.826,4.33,13.388
pitcher_strikeouts,OVER,"[-799,-600]",HR≥60/EDG≥-5.0/CV≤0.45/μ≥-/TP≥-,83,76,15.11,14.83,15.39,11.484,1.0,45,44,4.33,-5.54,14.19,1.904,0.826,4.33,13.388
pitcher_strikeouts,OVER,"[-799,-600]",HR≥45/EDG≥-5.0/CV≤0.45/μ≥0.5/TP≥-,83,76,15.11,14.83,15.39,11.484,1.0,45,44,4.33,-5.54,14.19,1.904,0.826,4.33,13.388
pitcher_strikeouts,OVER,"[-799,-600]",HR≥65/EDG≥-5.0/CV≤0.45/μ≥1.0/TP≥-,83,76,15.11,14.83,15.39,11.484,1.0,45,44,4.33,-5.54,14.19,1.904,0.826,4.33,13.388
pitcher_strikeouts,OVER,"[-799,-600]",HR≥65/EDG≥-5.0/CV≤0.45/μ≥0.0/TP≥-,83,76,15.11,14.83,15.39,11.484,1.0,45,44,4.33,-5.54,14.19,1.904,0.826,4.33,13.388
pitcher_strikeouts,OVER,"[-799,-600]",HR≥-/EDG≥-5.0/CV≤0.45/μ≥0.0/TP≥-,83,76,15.11,14.83,15.39,11.484,1.0,45,44,4.33,-5.54,14.19,1.904,0.826,4.33,13.388
pitcher_strikeouts,OVER,"[-799,-600]",HR≥55/EDG≥-5.0/CV≤0.45/μ≥1.0/TP≥-,83,76,15.11,14.83,15.39,11.484,1.0,45,44,4.33,-5.54,14.19,1.904,0.826,4.33,13.388
pitcher_strikeouts,OVER,"[-799,-600]",HR≥50/EDG≥-5.0/CV≤0.45/μ≥0.5/TP≥-,83,76,15.11,14.83,15.39,11.484,1.0,45,44,4.33,-5.54,14.19,1.904,0.826,4.33,13.388
pitcher_strikeouts,OVER,"[-799,-600]",HR≥60/EDG≥-5.0/CV≤0.45/μ≥0.0/TP≥-,83,76,15.11,14.83,15.39,11.484,1.0,45,44,4.33,-5.54,14.19,1.904,0.826,4.33,13.388
pitcher_strikeouts,OVER,"[-799,-600]",HR≥60/EDG≥-5.0/CV≤0.45/μ≥0.5/TP≥-,83,76,15.11,14.83,15.39,11.484,1.0,45,44,4.33,-5.54,14.19,1.904,0.826,4.33,13.388
pitcher_strikeouts,OVER,"[-799,-600]",HR≥65/EDG≥-5.0/CV≤0.45/μ≥0.5/TP≥-,83,76,15.11,14.83,15.39,11.484,1.0,45,44,4.33,-5.54,14.19,1.904,0.826,4.33,13.388
pitcher_strikeouts,OVER,"[-799,-600]",HR≥50/EDG≥-5.0/CV≤0.45/μ≥0.0/TP≥-,83,76,15.11,14.83,15.39,11.484,1.0,45,44,4.33,-5.54,14.19,1.904,0.826,4.33,13.388
pitcher_strikeouts,OVER,"[-799,-600]",HR≥45/EDG≥-5.0/CV≤0.45/μ≥0.0/TP≥-,83,76,15.11,14.83,15.39,11.484,1.0,45,44,4.33,-5.54,14.19,1.904,0.826,4.33,13.388
pitcher_strikeouts,OVER,"[-799,-600]",HR≥45/EDG≥-5.0/CV≤0.45/μ≥-/TP≥-,83,76,15.11,14.83,15.39,11.484,1.0,45,44,4.33,-5.54,14.19,1.904,0.826,4.33,13.388
pitcher_strikeouts,OVER,"[-799,-600]",HR≥65/EDG≥-5.0/CV≤0.45/μ≥-/TP≥-,83,76,15.11,14.83,15.39,11.484,1.0,45,44,4.33,-5.54,14.19,1.904,0.826,4.33,13.388
pitcher_strikeouts,OVER,"[-799,-600]",HR≥55/EDG≥-5.0/CV≤0.45/μ≥-/TP≥-,83,76,15.11,14.83,15.39,11.484,1.0,45,44,4.33,-5.54,14.19,1.904,0.826,4.33,13.388
pitcher_strikeouts,OVER,"[-799,-600]",HR≥50/EDG≥-5.0/CV≤0.45/μ≥-/TP≥-,83,76,15.11,14.83,15.39,11.484,1.0,45,44,4.33,-5.54,14.19,1.904,0.826,4.33,13.388
pitcher_strikeouts,OVER,"[-799,-600]",HR≥55/EDG≥-5.0/CV≤0.45/μ≥0.0/TP≥-,83,76,15.11,14.83,15.39,11.484,1.0,45,44,4.33,-5.54,14.19,1.904,0.826,4.33,13.388
pitcher_strikeouts,OVER,"[-799,-600]",HR≥70/EDG≥-5.0/CV≤0.45/μ≥1.0/TP≥-,83,76,15.11,14.83,15.39,11.484,1.0,44,43,4.1,-5.99,14.18,1.761,0.818,4.1,13.245
pitcher_strikeouts,OVER,"[-799,-600]",HR≥70/EDG≥-5.0/CV≤0.45/μ≥-/TP≥-,83,76,15.11,14.83,15.39,11.484,1.0,44,43,4.1,-5.99,14.18,1.761,0.818,4.1,13.245
pitcher_strikeouts,OVER,"[-799,-600]",HR≥70/EDG≥-5.0/CV≤0.45/μ≥0.0/TP≥-,83,76,15.11,14.83,15.39,11.484,1.0,44,43,4.1,-5.99,14.18,1.761,0.818,4.1,13.245
pitcher_strikeouts,OVER,"[-799,-600]",HR≥70/EDG≥-5.0/CV≤0.45/μ≥0.5/TP≥-,83,76,15.11,14.83,15.39,11.484,1.0,44,43,4.1,-5.99,14.18,1.761,0.818,4.1,13.245
pitcher_strikeouts,OVER,"[-799,-600]",HR≥75/EDG≥-/CV≤0.5/μ≥1.0/TP≥-,158,151,9.19,5.33,13.04,13.87,0.9,64,63,3.84,-4.55,12.23,2.419,0.815,3.84,16.289
pitcher_strikeouts,OVER,"[-799,-600]",HR≥75/EDG≥-5.0/CV≤0.45/μ≥0.5/TP≥-,76,69,15.02,14.72,15.32,10.364,1.0,43,42,3.82,-6.5,14.13,1.602,0.81,3.82,11.966
pitcher_strikeouts,OVER,"[-799,-600]",HR≥75/EDG≥-5.0/CV≤0.45/μ≥-/TP≥-,76,69,15.02,14.72,15.32,10.364,1.0,43,42,3.82,-6.5,14.13,1.602,0.81,3.82,11.966
pitcher_strikeouts,OVER,"[-799,-600]",HR≥75/EDG≥-5.0/CV≤0.45/μ≥1.0/TP≥-,76,69,15.02,14.72,15.32,10.364,1.0,43,42,3.82,-6.5,14.13,1.602,0.81,3.82,11.966
pitcher_strikeouts,OVER,"[-799,-600]",HR≥75/EDG≥-5.0/CV≤0.45/μ≥0.0/TP≥-,76,69,15.02,14.72,15.32,10.364,1.0,43,42,3.82,-6.5,14.13,1.602,0.81,3.82,11.966
pitcher_strikeouts,OVER,"[-799,-600]",HR≥65/EDG≥-/CV≤0.5/μ≥1.0/TP≥-,207,192,6.1,1.88,10.32,11.713,0.833,74,73,3.75,-4.06,11.56,2.737,0.815,3.75,14.45
pitcher_strikeouts,OVER,"[-799,-600]",HR≥55/EDG≥-/CV≤0.5/μ≥1.0/TP≥-,214,199,6.43,2.35,10.51,12.79,0.833,74,73,3.75,-4.06,11.56,2.737,0.815,3.75,15.527
pitcher_strikeouts,OVER,"[-799,-600]",HR≥-/EDG≥-/CV≤0.5/μ≥1.0/TP≥-,221,206,6.75,2.8,10.7,13.91,0.833,74,73,3.75,-4.06,11.56,2.737,0.815,3.75,16.647
pitcher_strikeouts,OVER,"[-799,-600]",HR≥50/EDG≥-/CV≤0.5/μ≥1.0/TP≥-,221,206,6.75,2.8,10.7,13.91,0.833,74,73,3.75,-4.06,11.56,2.737,0.815,3.75,16.647
pitcher_strikeouts,OVER,"[-799,-600]",HR≥45/EDG≥-/CV≤0.5/μ≥1.0/TP≥-,221,206,6.75,2.8,10.7,13.91,0.833,74,73,3.75,-4.06,11.56,2.737,0.815,3.75,16.647
pitcher_strikeouts,OVER,"[-799,-600]",HR≥60/EDG≥-/CV≤0.5/μ≥1.0/TP≥-,214,199,6.43,2.35,10.51,12.79,0.833,74,73,3.75,-4.06,11.56,2.737,0.815,3.75,15.527
pitcher_strikeouts,OVER,"[-799,-600]",HR≥75/EDG≥-/CV≤0.5/μ≥0.0/TP≥-,206,192,5.62,1.25,9.98,10.783,0.846,73,72,3.59,-4.32,11.5,2.586,0.815,3.59,13.369
pitcher_strikeouts,OVER,"[-799,-600]",HR≥65/EDG≥-/CV≤0.4/μ≥0.5/TP≥-,92,85,3.54,-3.6,10.68,3.007,0.857,44,43,6.79,-2.06,15.64,2.921,0.85,3.54,5.928
pitcher_strikeouts,OVER,"[-799,-600]",HR≥70/EDG≥-/CV≤0.4/μ≥0.0/TP≥-,91,84,3.49,-3.74,10.72,2.93,0.875,44,43,6.81,-2.04,15.66,2.928,0.85,3.49,5.858
pitcher_strikeouts,OVER,"[-799,-600]",HR≥50/EDG≥-/CV≤0.5/μ≥0.5/TP≥-,284,255,4.73,0.77,8.69,12.067,0.769,82,81,3.42,-4.09,10.92,2.77,0.815,3.42,14.837
pitcher_strikeouts,OVER,"[-799,-600]",HR≥-/EDG≥-/CV≤0.5/μ≥0.5/TP≥-,284,255,4.73,0.77,8.69,12.067,0.769,82,81,3.42,-4.09,10.92,2.77,0.815,3.42,14.837
pitcher_strikeouts,OVER,"[-799,-600]",HR≥55/EDG≥-/CV≤0.5/μ≥0.5/TP≥-,270,248,4.41,0.35,8.48,10.947,0.769,82,81,3.42,-4.09,10.92,2.77,0.815,3.42,13.717
pitcher_strikeouts,OVER,"[-799,-600]",HR≥45/EDG≥-/CV≤0.5/μ≥0.5/TP≥-,284,255,4.73,0.77,8.69,12.067,0.769,82,81,3.42,-4.09,10.92,2.77,0.815,3.42,14.837
pitcher_strikeouts,OVER,"[-799,-600]",HR≥75/EDG≥-/CV≤0.5/μ≥0.5/TP≥-,192,178,10.03,6.75,13.32,17.86,0.909,71,70,3.28,-4.85,11.4,2.294,0.815,3.28,20.154
pitcher_strikeouts,OVER,"[-799,-600]",HR≥65/EDG≥-/CV≤0.5/μ≥0.5/TP≥-,256,234,3.72,-0.57,8.01,8.704,0.769,81,80,3.26,-4.33,10.86,2.611,0.815,3.26,11.315
pitcher_strikeouts,OVER,"[-799,-600]",HR≥60/EDG≥-/CV≤0.5/μ≥0.5/TP≥-,270,248,4.41,0.35,8.48,10.947,0.769,81,80,3.26,-4.33,10.86,2.611,0.815,3.26,13.558
pitcher_strikeouts,OVER,"[-799,-600]",HR≥75/EDG≥-/CV≤0.45/μ≥-/TP≥-,174,160,3.24,-2.11,8.59,5.187,0.846,64,63,5.56,-2.16,13.28,3.504,0.808,3.24,8.691
pitcher_strikeouts,OVER,"[-799,-600]",HR≥70/EDG≥-/CV≤0.5/μ≥1.0/TP≥-,201,186,5.84,1.48,10.19,10.856,0.818,70,69,3.12,-5.12,11.36,2.154,0.815,3.12,13.01
pitcher_strikeouts,OVER,"[-799,-600]",HR≥70/EDG≥-/CV≤0.5/μ≥0.0/TP≥-,249,227,3.42,-1.0,7.84,7.77,0.786,79,78,2.98,-4.8,10.75,2.321,0.815,2.98,10.091
pitcher_strikeouts,OVER,"[-799,-600]",HR≥70/EDG≥-/CV≤0.5/μ≥0.5/TP≥-,235,213,6.97,3.15,10.79,14.847,0.833,77,76,2.67,-5.3,10.64,2.029,0.815,2.67,16.876
pitcher_strikeouts,OVER,"[-799,-600]",HR≥45/EDG≥-/CV≤0.45/μ≥0.0/TP≥-,238,216,2.59,-2.14,7.33,5.604,0.786,67,66,6.0,-1.38,13.39,3.962,0.815,2.59,9.566
pitcher_strikeouts,OVER,"[-799,-600]",HR≥50/EDG≥-/CV≤0.45/μ≥0.0/TP≥-,238,216,2.59,-2.14,7.33,5.604,0.786,67,66,6.0,-1.38,13.39,3.962,0.815,2.59,9.566
pitcher_strikeouts,OVER,"[-799,-600]",HR≥-/EDG≥-/CV≤0.45/μ≥0.0/TP≥-,238,216,2.59,-2.14,7.33,5.604,0.786,67,66,6.0,-1.38,13.39,3.962,0.815,2.59,9.566
pitcher_strikeouts,OVER,"[-799,-600]",HR≥75/EDG≥-/CV≤0.6/μ≥-/TP≥-,255,241,3.71,-0.56,7.97,8.937,0.769,84,83,2.26,-5.46,9.99,1.879,0.741,2.26,10.816
pitcher_strikeouts,OVER,"[-799,-600]",HR≥45/EDG≥-/CV≤0.5/μ≥0.0/TP≥-,305,276,2.23,-1.99,6.45,6.157,0.714,84,83,3.69,-3.64,11.02,3.062,0.815,2.23,9.219
pitcher_strikeouts,OVER,"[-799,-600]",HR≥-/EDG≥-/CV≤0.5/μ≥0.0/TP≥-,305,276,2.23,-1.99,6.45,6.157,0.714,84,83,3.69,-3.64,11.02,3.062,0.815,2.23,9.219
pitcher_strikeouts,OVER,"[-799,-600]",HR≥50/EDG≥-/CV≤0.5/μ≥0.0/TP≥-,305,276,2.23,-1.99,6.45,6.157,0.714,84,83,3.69,-3.64,11.02,3.062,0.815,2.23,9.219
pitcher_strikeouts,OVER,"[-799,-600]",HR≥60/EDG≥-/CV≤0.45/μ≥0.0/TP≥-,231,209,2.15,-2.74,7.03,4.484,0.786,67,66,6.0,-1.38,13.39,3.962,0.815,2.15,8.446
pitcher_strikeouts,OVER,"[-799,-600]",HR≥55/EDG≥-/CV≤0.45/μ≥0.0/TP≥-,231,209,2.15,-2.74,7.03,4.484,0.786,67,66,6.0,-1.38,13.39,3.962,0.815,2.15,8.446
pitcher_strikeouts,OVER,"[-799,-600]",HR≥70/EDG≥-/CV≤0.6/μ≥-/TP≥-,312,290,2.77,-1.26,6.79,8.024,0.714,92,91,2.11,-5.31,9.52,1.916,0.741,2.11,9.94
pitcher_strikeouts,OVER,"[-799,-600]",HR≥75/EDG≥-/CV≤0.6/μ≥1.0/TP≥-,199,192,10.43,7.38,13.48,20.023,0.9,73,72,1.98,-6.41,10.37,1.427,0.741,1.98,21.45
pitcher_strikeouts,OVER,"[-799,-600]",HR≥75/EDG≥-/CV≤0.6/μ≥0.0/TP≥-,247,233,7.27,3.65,10.89,16.937,0.846,82,81,1.97,-5.94,9.87,1.594,0.741,1.97,18.531
pitcher_strikeouts,OVER,"[-799,-600]",HR≥70/EDG≥-/CV≤0.6/μ≥0.0/TP≥-,304,282,5.68,2.09,9.28,16.024,0.786,90,89,1.83,-5.74,9.4,1.63,0.741,1.83,17.654
pitcher_strikeouts,OVER,"[-799,-600]",HR≥75/EDG≥-/CV≤0.7/μ≥-/TP≥-,275,261,4.64,0.68,8.59,12.104,0.786,90,89,1.76,-5.81,9.33,1.565,0.704,1.76,13.669
pitcher_strikeouts,OVER,"[-799,-600]",HR≥75/EDG≥-/CV≤-/μ≥-/TP≥-,275,261,4.64,0.68,8.59,12.104,0.786,90,89,1.76,-5.81,9.33,1.565,0.704,1.76,13.669
pitcher_strikeouts,OVER,"[-799,-600]",HR≥45/EDG≥-/CV≤0.6/μ≥1.0/TP≥-,283,268,8.58,5.52,11.65,23.008,0.833,89,88,1.7,-5.95,9.36,1.497,0.714,1.7,24.505
pitcher_strikeouts,OVER,"[-799,-600]",HR≥-/EDG≥-/CV≤0.6/μ≥1.0/TP≥-,283,268,8.58,5.52,11.65,23.008,0.833,89,88,1.7,-5.95,9.36,1.497,0.714,1.7,24.505
pitcher_strikeouts,OVER,"[-799,-600]",HR≥50/EDG≥-/CV≤0.6/μ≥1.0/TP≥-,283,268,8.58,5.52,11.65,23.008,0.833,89,88,1.7,-5.95,9.36,1.497,0.714,1.7,24.505
pitcher_strikeouts,OVER,"[-799,-600]",HR≥70/EDG≥-/CV≤0.6/μ≥1.0/TP≥-,249,234,7.67,4.18,11.16,17.943,0.818,80,79,1.67,-6.42,9.77,1.321,0.741,1.67,19.264
pitcher_strikeouts,OVER,"[-799,-600]",HR≥75/EDG≥-/CV≤0.6/μ≥0.5/TP≥-,233,219,10.97,8.28,13.65,24.014,0.909,80,79,1.65,-6.44,9.74,1.301,0.741,1.65,25.315
pitcher_strikeouts,OVER,"[-799,-600]",HR≥60/EDG≥-/CV≤0.6/μ≥1.0/TP≥-,269,254,8.19,4.97,11.42,20.811,0.833,88,87,1.57,-6.17,9.31,1.363,0.714,1.57,22.174
pitcher_strikeouts,OVER,"[-799,-600]",HR≥55/EDG≥-/CV≤0.6/μ≥1.0/TP≥-,269,254,8.19,4.97,11.42,20.811,0.833,88,87,1.57,-6.17,9.31,1.363,0.714,1.57,22.174
pitcher_strikeouts,OVER,"[-799,-600]",HR≥70/EDG≥-/CV≤0.6/μ≥0.5/TP≥-,290,268,8.62,5.56,11.68,23.1,0.833,88,87,1.54,-6.2,9.27,1.338,0.741,1.54,24.438
pitcher_strikeouts,OVER,"[-799,-600]",HR≥60/EDG≥-/CV≤0.5/μ≥0.0/TP≥-,284,262,1.48,-2.95,5.91,3.87,0.714,83,82,3.54,-3.88,10.96,2.903,0.815,1.48,6.773
pitcher_strikeouts,OVER,"[-799,-600]",HR≥55/EDG≥-/CV≤0.5/μ≥0.0/TP≥-,284,262,1.48,-2.95,5.91,3.87,0.714,84,83,3.69,-3.64,11.02,3.062,0.815,1.48,6.932
pitcher_strikeouts,OVER,"[-799,-600]",HR≥75/EDG≥-/CV≤0.7/μ≥0.0/TP≥-,267,253,7.95,4.6,11.3,20.104,0.857,88,87,1.47,-6.26,9.2,1.279,0.704,1.47,21.383
pitcher_strikeouts,OVER,"[-799,-600]",HR≥75/EDG≥-/CV≤-/μ≥0.0/TP≥-,267,253,7.95,4.6,11.3,20.104,0.857,88,87,1.47,-6.26,9.2,1.279,0.704,1.47,21.383
pitcher_strikeouts,OVER,"[-799,-600]",HR≥75/EDG≥-/CV≤-/μ≥1.0/TP≥-,219,212,10.94,8.17,13.71,23.19,0.917,79,78,1.43,-6.76,9.61,1.113,0.704,1.43,24.303
pitcher_strikeouts,OVER,"[-799,-600]",HR≥75/EDG≥-/CV≤0.7/μ≥1.0/TP≥-,219,212,10.94,8.17,13.71,23.19,0.917,79,78,1.43,-6.76,9.61,1.113,0.704,1.43,24.303
pitcher_strikeouts,OVER,"[-799,-600]",HR≥75/EDG≥-/CV≤0.5/μ≥-/TP≥-,214,200,1.39,-3.69,6.47,2.783,0.769,75,74,3.88,-3.83,11.59,2.871,0.815,1.39,5.654
pitcher_strikeouts,OVER,"[-799,-600]",HR≥75/EDG≥-/CV≤0.4/μ≥0.0/TP≥-,77,70,1.25,-7.33,9.84,0.876,0.875,42,41,6.35,-2.92,15.61,2.602,0.85,1.25,3.478
pitcher_strikeouts,OVER,"[-799,-600]",HR≥65/EDG≥-/CV≤0.6/μ≥1.0/TP≥-,262,247,7.99,4.68,11.3,19.734,0.833,86,85,1.25,-6.66,9.16,1.062,0.714,1.25,20.796
pitcher_strikeouts,OVER,"[-799,-600]",HR≥75/EDG≥-/CV≤-/μ≥0.5/TP≥-,253,239,11.37,8.91,13.84,27.18,0.917,86,85,1.16,-6.74,9.06,0.987,0.704,1.16,28.167
pitcher_strikeouts,OVER,"[-799,-600]",HR≥75/EDG≥-/CV≤0.7/μ≥0.5/TP≥-,253,239,11.37,8.91,13.84,27.18,0.917,86,85,1.16,-6.74,9.06,0.987,0.704,1.16,28.167
pitcher_strikeouts,OVER,"[-799,-600]",HR≥65/EDG≥-/CV≤0.45/μ≥0.0/TP≥-,217,195,1.15,-4.06,6.36,2.24,0.786,67,66,6.0,-1.38,13.39,3.962,0.815,1.15,6.202
pitcher_strikeouts,OVER,"[-799,-600]",HR≥70/EDG≥-/CV≤-/μ≥-/TP≥-,346,317,3.87,0.16,7.57,12.267,0.714,100,99,0.74,-6.67,8.15,0.735,0.704,0.74,13.002
pitcher_strikeouts,OVER,"[-799,-600]",HR≥65/EDG≥-/CV≤0.5/μ≥0.0/TP≥-,270,248,0.66,-4.0,5.31,1.627,0.714,83,82,3.54,-3.88,10.96,2.903,0.815,0.66,4.53
pitcher_strikeouts,OVER,"[-799,-600]",HR≥70/EDG≥-/CV≤0.45/μ≥-/TP≥-,210,188,0.66,-4.73,6.05,1.24,0.786,67,66,6.0,-1.38,13.39,3.962,0.808,0.66,5.202
pitcher_strikeouts,OVER,"[-799,-600]",HR≥70/EDG≥-/CV≤0.7/μ≥-/TP≥-,339,317,3.87,0.16,7.57,12.267,0.714,99,98,0.61,-6.87,8.1,0.601,0.704,0.61,12.868
pitcher_strikeouts,OVER,"[-799,-600]",HR≥55/EDG≥-/CV≤-/μ≥1.0/TP≥-,332,303,6.72,3.43,10.01,20.364,0.857,98,97,0.47,-7.08,8.03,0.459,0.679,0.47,20.823
pitcher_strikeouts,OVER,"[-799,-600]",HR≥60/EDG≥-/CV≤-/μ≥1.0/TP≥-,325,296,6.52,3.15,9.88,19.287,0.857,98,97,0.47,-7.08,8.03,0.459,0.679,0.47,19.746
pitcher_strikeouts,OVER,"[-799,-600]",HR≥70/EDG≥-/CV≤-/μ≥0.0/TP≥-,338,309,6.56,3.26,9.86,20.267,0.786,98,97,0.46,-7.09,8.02,0.449,0.704,0.46,20.716
pitcher_strikeouts,OVER,"[-799,-600]",HR≥55/EDG≥-/CV≤0.7/μ≥1.0/TP≥-,296,281,8.92,5.99,11.84,25.054,0.846,97,96,0.34,-7.29,7.97,0.325,0.679,0.34,25.379
pitcher_strikeouts,OVER,"[-799,-600]",HR≥60/EDG≥-/CV≤0.7/μ≥1.0/TP≥-,289,274,8.75,5.75,11.75,23.977,0.846,97,96,0.34,-7.29,7.97,0.325,0.679,0.34,24.302
pitcher_strikeouts,OVER,"[-799,-600]",HR≥70/EDG≥-/CV≤0.7/μ≥0.0/TP≥-,331,309,6.56,3.26,9.86,20.267,0.786,97,96,0.33,-7.3,7.96,0.316,0.704,0.33,20.583
pitcher_strikeouts,OVER,"[-799,-600]",HR≥45/EDG≥-/CV≤0.6/μ≥0.0/TP≥-,381,352,2.68,-1.01,6.36,9.421,0.643,104,103,0.24,-7.15,7.64,0.251,0.643,0.24,9.672
pitcher_strikeouts,OVER,"[-799,-600]",HR≥-/EDG≥-/CV≤0.6/μ≥0.0/TP≥-,381,352,2.68,-1.01,6.36,9.421,0.643,104,103,0.24,-7.15,7.64,0.251,0.643,0.24,9.672
pitcher_strikeouts,OVER,"[-799,-600]",HR≥50/EDG≥-/CV≤0.6/μ≥0.0/TP≥-,381,352,2.68,-1.01,6.36,9.421,0.643,104,103,0.24,-7.15,7.64,0.251,0.643,0.24,9.672
pitcher_strikeouts,OVER,"[-799,-600]",HR≥70/EDG≥-/CV≤-/μ≥0.5/TP≥-,317,288,9.12,6.26,11.98,26.267,0.833,96,95,0.17,-7.54,7.87,0.157,0.704,0.17,26.424
pitcher_strikeouts,OVER,"[-799,-600]",HR≥70/EDG≥-/CV≤-/μ≥1.0/TP≥-,276,254,8.31,5.08,11.54,21.11,0.833,88,87,0.16,-7.9,8.22,0.14,0.704,0.16,21.25
pitcher_strikeouts,OVER,"[-799,-600]",HR≥55/EDG≥-/CV≤0.6/μ≥0.0/TP≥-,353,331,1.83,-2.07,5.73,6.058,0.643,103,102,0.11,-7.35,7.58,0.117,0.643,0.11,6.175
pitcher_strikeouts,OVER,"[-799,-600]",HR≥70/EDG≥-/CV≤0.7/μ≥0.5/TP≥-,310,288,9.12,6.26,11.98,26.267,0.833,95,94,0.03,-7.75,7.8,0.024,0.704,0.03,26.291
pitcher_strikeouts,OVER,"[-799,-600]",HR≥65/EDG≥-/CV≤-/μ≥1.0/TP≥-,289,267,8.58,5.5,11.65,22.9,0.846,95,94,0.02,-7.76,7.79,0.014,0.679,0.02,22.914
pitcher_strikeouts,OVER,"[-799,-600]",HR≥70/EDG≥-/CV≤0.7/μ≥1.0/TP≥-,269,254,8.31,5.08,11.54,21.11,0.833,87,86,0.01,-8.14,8.15,0.006,0.704,0.01,21.116
pitcher_strikeouts,OVER,"[-599,-500]",HR≥75/EDG≥-/CV≤-/μ≥0.5/TP≥-,147,140,18.97,18.8,19.14,26.557,1.0,54,53,9.25,0.77,17.74,4.905,0.833,9.25,31.462
pitcher_strikeouts,OVER,"[-599,-500]",HR≥75/EDG≥-/CV≤0.7/μ≥0.5/TP≥-,147,140,18.97,18.8,19.14,26.557,1.0,54,53,9.25,0.77,17.74,4.905,0.833,9.25,31.462
pitcher_strikeouts,OVER,"[-599,-500]",HR≥75/EDG≥-/CV≤0.6/μ≥0.5/TP≥-,139,132,19.07,18.89,19.24,25.166,1.0,52,51,8.94,0.12,17.75,4.557,0.826,8.94,29.723
pitcher_strikeouts,OVER,"[-599,-500]",HR≥70/EDG≥-/CV≤-/μ≥0.5/TP≥-,182,175,9.58,4.77,14.38,16.757,0.818,63,62,8.72,0.64,16.8,5.407,0.8,8.72,22.164
pitcher_strikeouts,OVER,"[-599,-500]",HR≥75/EDG≥-/CV≤-/μ≥1.0/TP≥-,139,132,18.91,18.73,19.09,24.957,1.0,50,49,8.56,-0.6,17.72,4.194,0.833,8.56,29.151
pitcher_strikeouts,OVER,"[-599,-500]",HR≥75/EDG≥-/CV≤0.7/μ≥1.0/TP≥-,139,132,18.91,18.73,19.09,24.957,1.0,50,49,8.56,-0.6,17.72,4.194,0.833,8.56,29.151
pitcher_strikeouts,OVER,"[-599,-500]",HR≥70/EDG≥-/CV≤0.7/μ≥0.5/TP≥-,182,175,9.58,4.77,14.38,16.757,0.818,62,61,8.55,0.34,16.76,5.216,0.792,8.55,21.973
pitcher_strikeouts,OVER,"[-599,-500]",HR≥75/EDG≥-/CV≤0.6/μ≥1.0/TP≥-,131,124,19.0,18.83,19.18,23.566,1.0,48,47,8.18,-1.36,17.72,3.846,0.826,8.18,27.412
pitcher_strikeouts,OVER,"[-599,-500]",HR≥70/EDG≥-/CV≤0.6/μ≥0.5/TP≥-,174,167,9.2,4.17,14.23,15.366,0.818,59,58,8.09,-0.53,16.72,4.695,0.792,8.09,20.061
pitcher_strikeouts,OVER,"[-599,-500]",HR≥75/EDG≥-/CV≤0.45/μ≥0.5/TP≥-,139,132,19.07,18.89,19.24,25.166,1.0,34,34,7.72,-3.72,19.15,2.624,0.85,7.72,27.79
pitcher_strikeouts,OVER,"[-599,-500]",HR≥45/EDG≥-/CV≤0.45/μ≥0.5/TP≥-,193,186,10.13,5.6,14.66,18.845,0.9,45,45,7.68,-2.26,17.62,3.456,0.826,7.68,22.301
pitcher_strikeouts,OVER,"[-599,-500]",HR≥50/EDG≥-/CV≤0.45/μ≥0.5/TP≥-,193,186,10.13,5.6,14.66,18.845,0.9,45,45,7.68,-2.26,17.62,3.456,0.826,7.68,22.301
pitcher_strikeouts,OVER,"[-599,-500]",HR≥-/EDG≥-/CV≤0.45/μ≥0.5/TP≥-,193,186,10.13,5.6,14.66,18.845,0.9,45,45,7.68,-2.26,17.62,3.456,0.826,7.68,22.301
pitcher_strikeouts,OVER,"[-599,-500]",HR≥75/EDG≥-/CV≤0.5/μ≥0.5/TP≥-,139,132,19.07,18.89,19.24,25.166,1.0,45,45,7.68,-2.26,17.62,3.455,0.81,7.68,28.621
pitcher_strikeouts,OVER,"[-599,-500]",HR≥70/EDG≥-/CV≤-/μ≥1.0/TP≥-,174,167,9.08,4.05,14.1,15.157,0.818,56,55,7.49,-1.58,16.56,4.122,0.8,7.49,19.279
pitcher_strikeouts,OVER,"[-599,-500]",HR≥75/EDG≥-/CV≤0.7/μ≥0.0/TP≥-,147,140,18.97,18.8,19.14,26.557,1.0,56,55,7.46,-1.6,16.53,4.105,0.792,7.46,30.662
pitcher_strikeouts,OVER,"[-599,-500]",HR≥75/EDG≥-/CV≤-/μ≥0.0/TP≥-,147,140,18.97,18.8,19.14,26.557,1.0,56,55,7.46,-1.6,16.53,4.105,0.792,7.46,30.662
pitcher_strikeouts,OVER,"[-599,-500]",HR≥55/EDG≥-/CV≤0.45/μ≥0.5/TP≥-,186,179,9.82,5.12,14.52,17.572,0.9,44,44,7.46,-2.7,17.62,3.282,0.826,7.46,20.854
pitcher_strikeouts,OVER,"[-599,-500]",HR≥70/EDG≥-/CV≤0.7/μ≥1.0/TP≥-,174,167,9.08,4.05,14.1,15.157,0.818,55,54,7.28,-1.95,16.51,3.931,0.792,7.28,19.088
pitcher_strikeouts,OVER,"[-599,-500]",HR≥60/EDG≥-/CV≤0.45/μ≥0.5/TP≥-,179,172,9.48,4.59,14.36,16.299,0.9,43,43,7.19,-3.2,17.58,3.092,0.826,7.19,19.391
pitcher_strikeouts,OVER,"[-599,-500]",HR≥65/EDG≥-/CV≤0.45/μ≥0.5/TP≥-,172,165,9.07,3.99,14.16,14.966,0.9,42,42,6.95,-3.68,17.57,2.918,0.826,6.95,17.884
pitcher_strikeouts,OVER,"[-599,-500]",HR≥75/EDG≥-/CV≤0.6/μ≥0.0/TP≥-,139,132,19.07,18.89,19.24,25.166,1.0,53,52,6.84,-2.73,16.41,3.557,0.783,6.84,28.723
pitcher_strikeouts,OVER,"[-599,-500]",HR≥75/EDG≥-/CV≤0.5/μ≥1.0/TP≥-,131,124,19.0,18.83,19.18,23.566,1.0,41,41,6.69,-4.18,17.57,2.744,0.81,6.69,26.31
pitcher_strikeouts,OVER,"[-599,-500]",HR≥70/EDG≥-/CV≤0.6/μ≥1.0/TP≥-,166,159,8.66,3.39,13.92,13.766,0.818,52,51,6.68,-3.07,16.44,3.409,0.783,6.68,17.175
pitcher_strikeouts,OVER,"[-599,-500]",HR≥70/EDG≥-/CV≤-/μ≥-/TP≥-,209,202,6.64,1.62,11.67,13.418,0.75,73,71,6.66,-1.61,14.92,4.726,0.786,6.64,18.144
pitcher_strikeouts,OVER,"[-599,-500]",HR≥75/EDG≥-/CV≤0.7/μ≥-/TP≥-,154,147,19.02,18.85,19.19,27.957,1.0,63,61,6.6,-2.31,15.51,4.024,0.815,6.6,31.981
pitcher_strikeouts,OVER,"[-599,-500]",HR≥75/EDG≥-/CV≤-/μ≥-/TP≥-,154,147,19.02,18.85,19.19,27.957,1.0,63,61,6.6,-2.31,15.51,4.024,0.815,6.6,31.981
pitcher_strikeouts,OVER,"[-599,-500]",HR≥70/EDG≥-/CV≤0.7/μ≥-/TP≥-,209,202,6.64,1.62,11.67,13.418,0.75,72,70,6.48,-1.9,14.86,4.536,0.778,6.48,17.954
pitcher_strikeouts,OVER,"[-599,-500]",HR≥70/EDG≥-/CV≤0.5/μ≥0.5/TP≥-,166,159,8.66,3.39,13.92,13.766,0.8,50,50,6.42,-3.51,16.36,3.211,0.773,6.42,16.977
pitcher_strikeouts,OVER,"[-599,-500]",HR≥75/EDG≥-/CV≤0.45/μ≥1.0/TP≥-,131,124,19.0,18.83,19.18,23.566,1.0,30,30,6.37,-6.54,19.28,1.912,0.85,6.37,25.478
pitcher_strikeouts,OVER,"[-599,-500]",HR≥70/EDG≥-/CV≤-/μ≥0.0/TP≥-,202,195,6.16,0.97,11.36,12.018,0.727,66,65,7.4,-1.0,15.79,4.807,0.76,6.16,16.825
pitcher_strikeouts,OVER,"[-599,-500]",HR≥70/EDG≥-/CV≤0.7/μ≥0.0/TP≥-,202,195,6.16,0.97,11.36,12.018,0.727,65,64,7.21,-1.31,15.73,4.616,0.75,6.16,16.634
pitcher_strikeouts,OVER,"[-599,-500]",HR≥50/EDG≥-/CV≤0.5/μ≥0.5/TP≥-,200,193,6.14,0.89,11.38,11.845,0.8,57,57,7.86,-0.91,16.62,4.478,0.792,6.14,16.323
pitcher_strikeouts,OVER,"[-599,-500]",HR≥-/EDG≥-/CV≤0.5/μ≥0.5/TP≥-,200,193,6.14,0.89,11.38,11.845,0.8,57,57,7.86,-0.91,16.62,4.478,0.792,6.14,16.323
pitcher_strikeouts,OVER,"[-599,-500]",HR≥45/EDG≥-/CV≤0.5/μ≥0.5/TP≥-,200,193,6.14,0.89,11.38,11.845,0.8,57,57,7.86,-0.91,16.62,4.478,0.792,6.14,16.323
pitcher_strikeouts,OVER,"[-599,-500]",HR≥70/EDG≥-/CV≤0.45/μ≥0.5/TP≥-,159,152,13.66,9.68,17.65,20.766,0.9,39,39,6.1,-5.31,17.51,2.379,0.81,6.1,23.145
pitcher_strikeouts,OVER,"[-599,-500]",HR≥75/EDG≥-/CV≤0.6/μ≥-/TP≥-,146,139,19.11,18.95,19.28,26.566,1.0,60,58,5.99,-3.36,15.34,3.477,0.808,5.99,30.043
pitcher_strikeouts,OVER,"[-599,-500]",HR≥70/EDG≥-/CV≤0.6/μ≥-/TP≥-,201,194,6.2,0.98,11.42,12.027,0.75,68,66,5.78,-3.08,14.64,3.814,0.778,5.78,15.841
pitcher_strikeouts,OVER,"[-599,-500]",HR≥55/EDG≥-/CV≤0.5/μ≥0.5/TP≥-,193,186,5.68,0.25,11.12,10.572,0.8,55,55,7.48,-1.59,16.55,4.114,0.792,5.68,14.686
pitcher_strikeouts,OVER,"[-599,-500]",HR≥70/EDG≥-/CV≤0.6/μ≥0.0/TP≥-,194,187,5.68,0.28,11.09,10.627,0.727,61,60,6.49,-2.57,15.55,3.895,0.75,5.68,14.522
pitcher_strikeouts,OVER,"[-599,-500]",HR≥45/EDG≥-5.0/CV≤0.7/μ≥-/TP≥-,152,152,8.29,2.79,13.8,12.606,0.8,47,46,5.5,-5.27,16.27,2.531,0.773,5.5,15.137
pitcher_strikeouts,OVER,"[-599,-500]",HR≥-/EDG≥-5.0/CV≤0.7/μ≥0.5/TP≥-,152,152,8.29,2.79,13.8,12.606,0.8,47,46,5.5,-5.27,16.27,2.531,0.773,5.5,15.137
pitcher_strikeouts,OVER,"[-599,-500]",HR≥45/EDG≥-5.0/CV≤0.7/μ≥0.0/TP≥-,152,152,8.29,2.79,13.8,12.606,0.8,47,46,5.5,-5.27,16.27,2.531,0.773,5.5,15.137
pitcher_strikeouts,OVER,"[-599,-500]",HR≥45/EDG≥-5.0/CV≤0.7/μ≥0.5/TP≥-,152,152,8.29,2.79,13.8,12.606,0.8,47,46,5.5,-5.27,16.27,2.531,0.773,5.5,15.137
pitcher_strikeouts,OVER,"[-599,-500]",HR≥45/EDG≥-5.0/CV≤0.7/μ≥1.0/TP≥-,152,152,8.29,2.79,13.8,12.606,0.8,47,46,5.5,-5.27,16.27,2.531,0.773,5.5,15.137
pitcher_strikeouts,OVER,"[-599,-500]",HR≥-/EDG≥-5.0/CV≤0.7/μ≥-/TP≥-,152,152,8.29,2.79,13.8,12.606,0.8,47,46,5.5,-5.27,16.27,2.531,0.773,5.5,15.137
pitcher_strikeouts,OVER,"[-599,-500]",HR≥-/EDG≥-5.0/CV≤0.7/μ≥1.0/TP≥-,152,152,8.29,2.79,13.8,12.606,0.8,47,46,5.5,-5.27,16.27,2.531,0.773,5.5,15.137
pitcher_strikeouts,OVER,"[-599,-500]",HR≥-/EDG≥-5.0/CV≤0.7/μ≥0.0/TP≥-,152,152,8.29,2.79,13.8,12.606,0.8,47,46,5.5,-5.27,16.27,2.531,0.773,5.5,15.137
pitcher_strikeouts,OVER,"[-599,-500]",HR≥55/EDG≥-/CV≤0.5/μ≥1.0/TP≥-,164,157,8.51,3.18,13.84,13.366,0.8,46,46,5.39,-5.36,16.15,2.48,0.783,5.39,15.846
pitcher_strikeouts,OVER,"[-599,-500]",HR≥-/EDG≥-/CV≤0.5/μ≥1.0/TP≥-,171,164,8.93,3.82,14.04,14.639,0.8,46,46,5.39,-5.36,16.15,2.48,0.783,5.39,17.119
pitcher_strikeouts,OVER,"[-599,-500]",HR≥50/EDG≥-/CV≤0.5/μ≥1.0/TP≥-,171,164,8.93,3.82,14.04,14.639,0.8,46,46,5.39,-5.36,16.15,2.48,0.783,5.39,17.119
pitcher_strikeouts,OVER,"[-599,-500]",HR≥45/EDG≥-/CV≤0.5/μ≥1.0/TP≥-,171,164,8.93,3.82,14.04,14.639,0.8,46,46,5.39,-5.36,16.15,2.48,0.783,5.39,17.119
pitcher_strikeouts,OVER,"[-599,-500]",HR≥75/EDG≥-/CV≤0.5/μ≥0.0/TP≥-,139,132,19.07,18.89,19.24,25.166,1.0,46,46,5.34,-5.41,16.09,2.455,0.762,5.34,27.621
pitcher_strikeouts,OVER,"[-599,-500]",HR≥50/EDG≥-5.0/CV≤0.7/μ≥0.0/TP≥-,152,152,8.29,2.79,13.8,12.606,0.8,46,45,5.2,-5.79,16.19,2.341,0.773,5.2,14.947
pitcher_strikeouts,OVER,"[-599,-500]",HR≥50/EDG≥-5.0/CV≤0.7/μ≥-/TP≥-,152,152,8.29,2.79,13.8,12.606,0.8,46,45,5.2,-5.79,16.19,2.341,0.773,5.2,14.947
pitcher_strikeouts,OVER,"[-599,-500]",HR≥60/EDG≥-/CV≤0.5/μ≥0.5/TP≥-,186,179,5.2,-0.44,10.83,9.299,0.8,54,54,7.27,-1.96,16.49,3.923,0.792,5.2,13.222
pitcher_strikeouts,OVER,"[-599,-500]",HR≥55/EDG≥-5.0/CV≤0.7/μ≥0.0/TP≥-,139,139,7.2,1.21,13.19,10.006,0.8,46,45,5.2,-5.79,16.19,2.341,0.773,5.2,12.347
pitcher_strikeouts,OVER,"[-599,-500]",HR≥55/EDG≥-5.0/CV≤0.7/μ≥-/TP≥-,139,139,7.2,1.21,13.19,10.006,0.8,46,45,5.2,-5.79,16.19,2.341,0.773,5.2,12.347
pitcher_strikeouts,OVER,"[-599,-500]",HR≥55/EDG≥-5.0/CV≤0.7/μ≥0.5/TP≥-,139,139,7.2,1.21,13.19,10.006,0.8,46,45,5.2,-5.79,16.19,2.341,0.773,5.2,12.347
pitcher_strikeouts,OVER,"[-599,-500]",HR≥50/EDG≥-5.0/CV≤0.7/μ≥0.5/TP≥-,152,152,8.29,2.79,13.8,12.606,0.8,46,45,5.2,-5.79,16.19,2.341,0.773,5.2,14.947
pitcher_strikeouts,OVER,"[-599,-500]",HR≥50/EDG≥-5.0/CV≤0.7/μ≥1.0/TP≥-,152,152,8.29,2.79,13.8,12.606,0.8,46,45,5.2,-5.79,16.19,2.341,0.773,5.2,14.947
pitcher_strikeouts,OVER,"[-599,-500]",HR≥55/EDG≥-5.0/CV≤0.7/μ≥1.0/TP≥-,139,139,7.2,1.21,13.19,10.006,0.8,46,45,5.2,-5.79,16.19,2.341,0.773,5.2,12.347
pitcher_strikeouts,OVER,"[-599,-500]",HR≥75/EDG≥-5.0/CV≤0.7/μ≥0.0/TP≥-,104,104,19.11,18.91,19.3,19.872,1.0,37,36,5.11,-7.2,17.43,1.84,0.789,5.11,21.712
pitcher_strikeouts,OVER,"[-599,-500]",HR≥75/EDG≥-5.0/CV≤-/μ≥-/TP≥-,104,104,19.11,18.91,19.3,19.872,1.0,37,36,5.11,-7.2,17.43,1.84,0.789,5.11,21.712
pitcher_strikeouts,OVER,"[-599,-500]",HR≥75/EDG≥-5.0/CV≤0.7/μ≥-/TP≥-,104,104,19.11,18.91,19.3,19.872,1.0,37,36,5.11,-7.2,17.43,1.84,0.789,5.11,21.712
pitcher_strikeouts,OVER,"[-599,-500]",HR≥75/EDG≥-5.0/CV≤-/μ≥1.0/TP≥-,104,104,19.11,18.91,19.3,19.872,1.0,37,36,5.11,-7.2,17.43,1.84,0.789,5.11,21.712
pitcher_strikeouts,OVER,"[-599,-500]",HR≥75/EDG≥-5.0/CV≤-/μ≥0.0/TP≥-,104,104,19.11,18.91,19.3,19.872,1.0,37,36,5.11,-7.2,17.43,1.84,0.789,5.11,21.712
pitcher_strikeouts,OVER,"[-599,-500]",HR≥75/EDG≥-5.0/CV≤-/μ≥0.5/TP≥-,104,104,19.11,18.91,19.3,19.872,1.0,37,36,5.11,-7.2,17.43,1.84,0.789,5.11,21.712
pitcher_strikeouts,OVER,"[-599,-500]",HR≥75/EDG≥-5.0/CV≤0.7/μ≥0.5/TP≥-,104,104,19.11,18.91,19.3,19.872,1.0,37,36,5.11,-7.2,17.43,1.84,0.789,5.11,21.712
pitcher_strikeouts,OVER,"[-599,-500]",HR≥75/EDG≥-5.0/CV≤0.7/μ≥1.0/TP≥-,104,104,19.11,18.91,19.3,19.872,1.0,37,36,5.11,-7.2,17.43,1.84,0.789,5.11,21.712
pitcher_strikeouts,OVER,"[-599,-500]",HR≥65/EDG≥-/CV≤0.5/μ≥1.0/TP≥-,164,157,8.51,3.18,13.84,13.366,0.8,45,45,5.09,-5.89,16.07,2.29,0.773,5.09,15.656
pitcher_strikeouts,OVER,"[-599,-500]",HR≥60/EDG≥-/CV≤0.5/μ≥1.0/TP≥-,164,157,8.51,3.18,13.84,13.366,0.8,45,45,5.09,-5.89,16.07,2.29,0.773,5.09,15.656
pitcher_strikeouts,OVER,"[-599,-500]",HR≥55/EDG≥-5.0/CV≤0.6/μ≥-/TP≥-,139,139,7.2,1.21,13.19,10.006,0.8,45,44,4.92,-6.31,16.16,2.167,0.773,4.92,12.173
pitcher_strikeouts,OVER,"[-599,-500]",HR≥50/EDG≥-5.0/CV≤0.6/μ≥1.0/TP≥-,152,152,8.29,2.79,13.8,12.606,0.8,45,44,4.92,-6.31,16.16,2.167,0.773,4.92,14.773
pitcher_strikeouts,OVER,"[-599,-500]",HR≥55/EDG≥-5.0/CV≤0.6/μ≥0.5/TP≥-,139,139,7.2,1.21,13.19,10.006,0.8,45,44,4.92,-6.31,16.16,2.167,0.773,4.92,12.173
pitcher_strikeouts,OVER,"[-599,-500]",HR≥-/EDG≥-5.0/CV≤0.6/μ≥-/TP≥-,152,152,8.29,2.79,13.8,12.606,0.8,45,44,4.92,-6.31,16.16,2.167,0.773,4.92,14.773
pitcher_strikeouts,OVER,"[-599,-500]",HR≥50/EDG≥-5.0/CV≤0.6/μ≥0.5/TP≥-,152,152,8.29,2.79,13.8,12.606,0.8,45,44,4.92,-6.31,16.16,2.167,0.773,4.92,14.773
pitcher_strikeouts,OVER,"[-599,-500]",HR≥45/EDG≥-5.0/CV≤0.6/μ≥1.0/TP≥-,152,152,8.29,2.79,13.8,12.606,0.8,45,44,4.92,-6.31,16.16,2.167,0.773,4.92,14.773
pitcher_strikeouts,OVER,"[-599,-500]",HR≥45/EDG≥-5.0/CV≤0.6/μ≥-/TP≥-,152,152,8.29,2.79,13.8,12.606,0.8,45,44,4.92,-6.31,16.16,2.167,0.773,4.92,14.773
pitcher_strikeouts,OVER,"[-599,-500]",HR≥50/EDG≥-5.0/CV≤0.6/μ≥-/TP≥-,152,152,8.29,2.79,13.8,12.606,0.8,45,44,4.92,-6.31,16.16,2.167,0.773,4.92,14.773
pitcher_strikeouts,OVER,"[-599,-500]",HR≥50/EDG≥-5.0/CV≤0.6/μ≥0.0/TP≥-,152,152,8.29,2.79,13.8,12.606,0.8,45,44,4.92,-6.31,16.16,2.167,0.773,4.92,14.773
pitcher_strikeouts,OVER,"[-599,-500]",HR≥-/EDG≥-5.0/CV≤0.6/μ≥1.0/TP≥-,152,152,8.29,2.79,13.8,12.606,0.8,45,44,4.92,-6.31,16.16,2.167,0.773,4.92,14.773
pitcher_strikeouts,OVER,"[-599,-500]",HR≥45/EDG≥-5.0/CV≤0.6/μ≥0.0/TP≥-,152,152,8.29,2.79,13.8,12.606,0.8,45,44,4.92,-6.31,16.16,2.167,0.773,4.92,14.773
pitcher_strikeouts,OVER,"[-599,-500]",HR≥-/EDG≥-5.0/CV≤0.6/μ≥0.0/TP≥-,152,152,8.29,2.79,13.8,12.606,0.8,45,44,4.92,-6.31,16.16,2.167,0.773,4.92,14.773
pitcher_strikeouts,OVER,"[-599,-500]",HR≥-/EDG≥-5.0/CV≤0.6/μ≥0.5/TP≥-,152,152,8.29,2.79,13.8,12.606,0.8,45,44,4.92,-6.31,16.16,2.167,0.773,4.92,14.773
pitcher_strikeouts,OVER,"[-599,-500]",HR≥45/EDG≥-5.0/CV≤0.6/μ≥0.5/TP≥-,152,152,8.29,2.79,13.8,12.606,0.8,45,44,4.92,-6.31,16.16,2.167,0.773,4.92,14.773
pitcher_strikeouts,OVER,"[-599,-500]",HR≥55/EDG≥-5.0/CV≤0.6/μ≥0.0/TP≥-,139,139,7.2,1.21,13.19,10.006,0.8,45,44,4.92,-6.31,16.16,2.167,0.773,4.92,12.173
pitcher_strikeouts,OVER,"[-599,-500]",HR≥55/EDG≥-5.0/CV≤0.6/μ≥1.0/TP≥-,139,139,7.2,1.21,13.19,10.006,0.8,45,44,4.92,-6.31,16.16,2.167,0.773,4.92,12.173
pitcher_strikeouts,OVER,"[-599,-500]",HR≥60/EDG≥-5.0/CV≤0.7/μ≥0.0/TP≥-,139,139,7.2,1.21,13.19,10.006,0.8,45,44,4.89,-6.34,16.11,2.15,0.762,4.89,12.156
pitcher_strikeouts,OVER,"[-599,-500]",HR≥60/EDG≥-5.0/CV≤0.7/μ≥1.0/TP≥-,139,139,7.2,1.21,13.19,10.006,0.8,45,44,4.89,-6.34,16.11,2.15,0.762,4.89,12.156
pitcher_strikeouts,OVER,"[-599,-500]",HR≥60/EDG≥-5.0/CV≤0.7/μ≥0.5/TP≥-,139,139,7.2,1.21,13.19,10.006,0.8,45,44,4.89,-6.34,16.11,2.15,0.762,4.89,12.156
pitcher_strikeouts,OVER,"[-599,-500]",HR≥60/EDG≥-5.0/CV≤0.7/μ≥-/TP≥-,139,139,7.2,1.21,13.19,10.006,0.8,45,44,4.89,-6.34,16.11,2.15,0.762,4.89,12.156
pitcher_strikeouts,OVER,"[-599,-500]",HR≥-/EDG≥-/CV≤0.45/μ≥-/TP≥-,254,247,5.83,1.19,10.46,14.395,0.727,54,53,4.8,-5.38,14.97,2.541,0.76,4.8,16.936
pitcher_strikeouts,OVER,"[-599,-500]",HR≥45/EDG≥-/CV≤0.45/μ≥-/TP≥-,254,247,5.83,1.19,10.46,14.395,0.727,54,53,4.8,-5.38,14.97,2.541,0.76,4.8,16.936
pitcher_strikeouts,OVER,"[-599,-500]",HR≥50/EDG≥-/CV≤0.45/μ≥-/TP≥-,254,247,5.83,1.19,10.46,14.395,0.727,54,53,4.8,-5.38,14.97,2.541,0.76,4.8,16.936
pitcher_strikeouts,OVER,"[-599,-500]",HR≥75/EDG≥-5.0/CV≤0.6/μ≥-/TP≥-,104,104,19.11,18.91,19.3,19.872,1.0,36,35,4.76,-7.89,17.41,1.666,0.789,4.76,21.538
pitcher_strikeouts,OVER,"[-599,-500]",HR≥75/EDG≥-5.0/CV≤0.6/μ≥0.0/TP≥-,104,104,19.11,18.91,19.3,19.872,1.0,36,35,4.76,-7.89,17.41,1.666,0.789,4.76,21.538
pitcher_strikeouts,OVER,"[-599,-500]",HR≥75/EDG≥-5.0/CV≤0.6/μ≥0.5/TP≥-,104,104,19.11,18.91,19.3,19.872,1.0,36,35,4.76,-7.89,17.41,1.666,0.789,4.76,21.538
pitcher_strikeouts,OVER,"[-599,-500]",HR≥75/EDG≥-5.0/CV≤0.6/μ≥1.0/TP≥-,104,104,19.11,18.91,19.3,19.872,1.0,36,35,4.76,-7.89,17.41,1.666,0.789,4.76,21.538
pitcher_strikeouts,OVER,"[-599,-500]",HR≥50/EDG≥-/CV≤0.45/μ≥1.0/TP≥-,164,157,13.78,9.92,17.64,21.639,0.9,35,35,4.71,-7.94,17.36,1.649,0.818,4.71,23.288
pitcher_strikeouts,OVER,"[-599,-500]",HR≥45/EDG≥-/CV≤0.45/μ≥1.0/TP≥-,164,157,13.78,9.92,17.64,21.639,0.9,35,35,4.71,-7.94,17.36,1.649,0.818,4.71,23.288
pitcher_strikeouts,OVER,"[-599,-500]",HR≥55/EDG≥-/CV≤0.45/μ≥1.0/TP≥-,157,150,13.58,9.54,17.62,20.366,0.9,35,35,4.71,-7.94,17.36,1.649,0.818,4.71,22.015
pitcher_strikeouts,OVER,"[-599,-500]",HR≥-/EDG≥-/CV≤0.45/μ≥1.0/TP≥-,164,157,13.78,9.92,17.64,21.639,0.9,35,35,4.71,-7.94,17.36,1.649,0.818,4.71,23.288
pitcher_strikeouts,OVER,"[-599,-500]",HR≥75/EDG≥-/CV≤0.45/μ≥0.0/TP≥-,139,132,19.07,18.89,19.24,25.166,1.0,35,35,4.64,-8.0,17.28,1.624,0.8,4.64,26.79
pitcher_strikeouts,OVER,"[-599,-500]",HR≥65/EDG≥-/CV≤0.5/μ≥0.5/TP≥-,179,172,4.63,-1.22,10.48,7.966,0.8,53,53,7.07,-2.32,16.47,3.749,0.792,4.63,11.715
pitcher_strikeouts,OVER,"[-599,-500]",HR≥60/EDG≥-5.0/CV≤0.6/μ≥0.0/TP≥-,139,139,7.2,1.21,13.19,10.006,0.8,44,43,4.6,-6.88,16.07,1.976,0.762,4.6,11.982
pitcher_strikeouts,OVER,"[-599,-500]",HR≥60/EDG≥-5.0/CV≤0.6/μ≥-/TP≥-,139,139,7.2,1.21,13.19,10.006,0.8,44,43,4.6,-6.88,16.07,1.976,0.762,4.6,11.982
pitcher_strikeouts,OVER,"[-599,-500]",HR≥60/EDG≥-5.0/CV≤0.6/μ≥0.5/TP≥-,139,139,7.2,1.21,13.19,10.006,0.8,44,43,4.6,-6.88,16.07,1.976,0.762,4.6,11.982
pitcher_strikeouts,OVER,"[-599,-500]",HR≥60/EDG≥-5.0/CV≤0.6/μ≥1.0/TP≥-,139,139,7.2,1.21,13.19,10.006,0.8,44,43,4.6,-6.88,16.07,1.976,0.762,4.6,11.982
pitcher_strikeouts,OVER,"[-599,-500]",HR≥75/EDG≥-/CV≤0.5/μ≥-/TP≥-,146,139,19.11,18.95,19.28,26.566,1.0,53,52,4.57,-5.8,14.93,2.375,0.792,4.57,28.941
pitcher_strikeouts,OVER,"[-599,-500]",HR≥55/EDG≥-/CV≤0.45/μ≥-/TP≥-,247,240,5.47,0.71,10.23,13.123,0.727,53,52,4.55,-5.81,14.92,2.367,0.76,4.55,15.49
pitcher_strikeouts,OVER,"[-599,-500]",HR≥65/EDG≥-5.0/CV≤-/μ≥-/TP≥-,132,132,6.57,0.28,12.86,8.672,0.8,44,43,4.52,-6.95,15.99,1.942,0.75,4.52,10.614
pitcher_strikeouts,OVER,"[-599,-500]",HR≥65/EDG≥-5.0/CV≤-/μ≥0.5/TP≥-,132,132,6.57,0.28,12.86,8.672,0.8,44,43,4.52,-6.95,15.99,1.942,0.75,4.52,10.614
pitcher_strikeouts,OVER,"[-599,-500]",HR≥65/EDG≥-5.0/CV≤-/μ≥0.0/TP≥-,132,132,6.57,0.28,12.86,8.672,0.8,44,43,4.52,-6.95,15.99,1.942,0.75,4.52,10.614
pitcher_strikeouts,OVER,"[-599,-500]",HR≥65/EDG≥-5.0/CV≤-/μ≥1.0/TP≥-,132,132,6.57,0.28,12.86,8.672,0.8,44,43,4.52,-6.95,15.99,1.942,0.75,4.52,10.614
pitcher_strikeouts,OVER,"[-599,-500]",HR≥70/EDG≥-/CV≤0.5/μ≥1.0/TP≥-,158,151,8.06,2.53,13.59,12.166,0.8,43,43,4.48,-6.99,15.94,1.926,0.762,4.48,14.092
pitcher_strikeouts,OVER,"[-599,-500]",HR≥65/EDG≥-/CV≤0.45/μ≥0.0/TP≥-,179,172,4.63,-1.22,10.48,7.966,0.8,43,43,4.46,-7.0,15.92,1.918,0.783,4.46,9.884
pitcher_strikeouts,OVER,"[-599,-500]",HR≥65/EDG≥-/CV≤0.45/μ≥1.0/TP≥-,157,150,13.58,9.54,17.62,20.366,0.9,34,34,4.29,-8.71,17.29,1.458,0.81,4.29,21.824
pitcher_strikeouts,OVER,"[-599,-500]",HR≥60/EDG≥-/CV≤0.45/μ≥1.0/TP≥-,157,150,13.58,9.54,17.62,20.366,0.9,34,34,4.29,-8.71,17.29,1.458,0.81,4.29,21.824
pitcher_strikeouts,OVER,"[-599,-500]",HR≥65/EDG≥-5.0/CV≤0.7/μ≥0.5/TP≥-,132,132,6.57,0.28,12.86,8.672,0.8,43,42,4.21,-7.52,15.94,1.768,0.75,4.21,10.44
pitcher_strikeouts,OVER,"[-599,-500]",HR≥65/EDG≥-5.0/CV≤0.7/μ≥-/TP≥-,132,132,6.57,0.28,12.86,8.672,0.8,43,42,4.21,-7.52,15.94,1.768,0.75,4.21,10.44
pitcher_strikeouts,OVER,"[-599,-500]",HR≥65/EDG≥-5.0/CV≤0.7/μ≥0.0/TP≥-,132,132,6.57,0.28,12.86,8.672,0.8,43,42,4.21,-7.52,15.94,1.768,0.75,4.21,10.44
pitcher_strikeouts,OVER,"[-599,-500]",HR≥65/EDG≥-5.0/CV≤0.7/μ≥1.0/TP≥-,132,132,6.57,0.28,12.86,8.672,0.8,43,42,4.21,-7.52,15.94,1.768,0.75,4.21,10.44
pitcher_strikeouts,OVER,"[-599,-500]",HR≥-/EDG≥-/CV≤0.4/μ≥0.5/TP≥-,120,113,4.19,-3.07,11.45,4.733,0.857,34,34,7.8,-3.65,19.24,2.65,0.857,4.19,7.383
pitcher_strikeouts,OVER,"[-599,-500]",HR≥55/EDG≥-/CV≤0.4/μ≥0.5/TP≥-,120,113,4.19,-3.07,11.45,4.733,0.857,33,33,7.5,-4.28,19.29,2.477,0.857,4.19,7.21
pitcher_strikeouts,OVER,"[-599,-500]",HR≥50/EDG≥-/CV≤0.4/μ≥0.5/TP≥-,120,113,4.19,-3.07,11.45,4.733,0.857,34,34,7.8,-3.65,19.24,2.65,0.857,4.19,7.383
pitcher_strikeouts,OVER,"[-599,-500]",HR≥45/EDG≥-/CV≤0.4/μ≥0.5/TP≥-,120,113,4.19,-3.07,11.45,4.733,0.857,34,34,7.8,-3.65,19.24,2.65,0.857,4.19,7.383
pitcher_strikeouts,OVER,"[-599,-500]",HR≥60/EDG≥-/CV≤0.4/μ≥0.5/TP≥-,120,113,4.19,-3.07,11.45,4.733,0.857,32,32,7.14,-4.99,19.28,2.286,0.85,4.19,7.019
pitcher_strikeouts,OVER,"[-599,-500]",HR≥55/EDG≥-/CV≤-/μ≥1.0/TP≥-,221,214,4.1,-1.22,9.41,8.763,0.75,70,68,4.38,-4.75,13.51,2.978,0.778,4.1,11.741
pitcher_strikeouts,OVER,"[-599,-500]",HR≥70/EDG≥-/CV≤0.5/μ≥0.0/TP≥-,173,166,4.08,-1.97,10.12,6.766,0.7,51,51,4.34,-6.23,14.9,2.211,0.727,4.08,8.977
pitcher_strikeouts,OVER,"[-599,-500]",HR≥60/EDG≥-/CV≤0.45/μ≥-/TP≥-,240,233,5.09,0.19,9.98,11.85,0.727,51,50,4.01,-6.75,14.76,2.003,0.76,4.01,13.853
pitcher_strikeouts,OVER,"[-599,-500]",HR≥65/EDG≥-5.0/CV≤0.6/μ≥1.0/TP≥-,132,132,6.57,0.28,12.86,8.672,0.8,42,41,3.89,-8.11,15.89,1.594,0.75,3.89,10.266
pitcher_strikeouts,OVER,"[-599,-500]",HR≥65/EDG≥-5.0/CV≤0.6/μ≥0.5/TP≥-,132,132,6.57,0.28,12.86,8.672,0.8,42,41,3.89,-8.11,15.89,1.594,0.75,3.89,10.266
pitcher_strikeouts,OVER,"[-599,-500]",HR≥65/EDG≥-5.0/CV≤0.6/μ≥0.0/TP≥-,132,132,6.57,0.28,12.86,8.672,0.8,42,41,3.89,-8.11,15.89,1.594,0.75,3.89,10.266
pitcher_strikeouts,OVER,"[-599,-500]",HR≥65/EDG≥-5.0/CV≤0.6/μ≥-/TP≥-,132,132,6.57,0.28,12.86,8.672,0.8,42,41,3.89,-8.11,15.89,1.594,0.75,3.89,10.266
pitcher_strikeouts,OVER,"[-599,-500]",HR≥70/EDG≥-/CV≤0.5/μ≥-/TP≥-,180,173,4.72,-1.1,10.54,8.166,0.727,58,57,3.74,-6.43,13.91,2.13,0.76,3.74,10.296
pitcher_strikeouts,OVER,"[-599,-500]",HR≥60/EDG≥-/CV≤-/μ≥1.0/TP≥-,215,208,3.64,-1.82,9.09,7.563,0.75,66,65,5.55,-3.44,14.53,3.606,0.778,3.64,11.169
pitcher_strikeouts,OVER,"[-599,-500]",HR≥70/EDG≥-5.0/CV≤0.7/μ≥-/TP≥-,132,132,6.57,0.28,12.86,8.672,0.8,41,40,3.51,-8.77,15.79,1.404,0.75,3.51,10.076
pitcher_strikeouts,OVER,"[-599,-500]",HR≥70/EDG≥-5.0/CV≤-/μ≥0.0/TP≥-,132,132,6.57,0.28,12.86,8.672,0.8,41,40,3.51,-8.77,15.79,1.404,0.75,3.51,10.076
pitcher_strikeouts,OVER,"[-599,-500]",HR≥70/EDG≥-5.0/CV≤0.7/μ≥1.0/TP≥-,132,132,6.57,0.28,12.86,8.672,0.8,41,40,3.51,-8.77,15.79,1.404,0.75,3.51,10.076
pitcher_strikeouts,OVER,"[-599,-500]",HR≥70/EDG≥-5.0/CV≤-/μ≥1.0/TP≥-,132,132,6.57,0.28,12.86,8.672,0.8,41,40,3.51,-8.77,15.79,1.404,0.75,3.51,10.076
pitcher_strikeouts,OVER,"[-599,-500]",HR≥70/EDG≥-5.0/CV≤0.7/μ≥0.5/TP≥-,132,132,6.57,0.28,12.86,8.672,0.8,41,40,3.51,-8.77,15.79,1.404,0.75,3.51,10.076
pitcher_strikeouts,OVER,"[-599,-500]",HR≥70/EDG≥-5.0/CV≤0.7/μ≥0.0/TP≥-,132,132,6.57,0.28,12.86,8.672,0.8,41,40,3.51,-8.77,15.79,1.404,0.75,3.51,10.076
pitcher_strikeouts,OVER,"[-599,-500]",HR≥70/EDG≥-5.0/CV≤-/μ≥-/TP≥-,132,132,6.57,0.28,12.86,8.672,0.8,41,40,3.51,-8.77,15.79,1.404,0.75,3.51,10.076
pitcher_strikeouts,OVER,"[-599,-500]",HR≥70/EDG≥-5.0/CV≤-/μ≥0.5/TP≥-,132,132,6.57,0.28,12.86,8.672,0.8,41,40,3.51,-8.77,15.79,1.404,0.75,3.51,10.076
pitcher_strikeouts,OVER,"[-599,-500]",HR≥65/EDG≥-/CV≤0.45/μ≥-/TP≥-,213,206,6.76,1.83,11.68,13.919,0.818,49,48,3.45,-7.73,14.63,1.655,0.76,3.45,15.574
pitcher_strikeouts,OVER,"[-599,-500]",HR≥70/EDG≥-/CV≤0.45/μ≥0.0/TP≥-,166,159,8.66,3.39,13.92,13.766,0.8,40,40,3.45,-8.83,15.72,1.379,0.762,3.45,15.145
pitcher_strikeouts,OVER,"[-599,-500]",HR≥70/EDG≥-/CV≤0.45/μ≥1.0/TP≥-,151,144,13.31,9.11,17.51,19.166,0.9,32,32,3.42,-10.34,17.18,1.094,0.8,3.42,20.26
pitcher_strikeouts,OVER,"[-599,-500]",HR≥75/EDG≥-/CV≤0.45/μ≥-/TP≥-,146,139,19.11,18.95,19.28,26.566,1.0,41,40,3.4,-8.87,15.67,1.361,0.783,3.4,27.927
pitcher_strikeouts,OVER,"[-599,-500]",HR≥65/EDG≥-/CV≤0.5/μ≥-/TP≥-,220,213,3.25,-2.16,8.66,6.919,0.727,61,60,4.45,-5.24,14.14,2.669,0.769,3.25,9.588
pitcher_strikeouts,OVER,"[-599,-500]",HR≥65/EDG≥-/CV≤0.4/μ≥0.5/TP≥-,113,106,3.21,-4.5,10.91,3.399,0.857,31,31,6.81,-5.7,19.33,2.112,0.85,3.21,5.511
pitcher_strikeouts,OVER,"[-599,-500]",HR≥60/EDG≥-5.0/CV≤-/μ≥0.0/TP≥-,147,147,7.9,2.21,13.58,11.606,0.8,48,47,3.19,-8.22,14.6,1.498,0.739,3.19,13.104
pitcher_strikeouts,OVER,"[-599,-500]",HR≥60/EDG≥-5.0/CV≤-/μ≥0.5/TP≥-,147,147,7.9,2.21,13.58,11.606,0.8,48,47,3.19,-8.22,14.6,1.498,0.739,3.19,13.104
pitcher_strikeouts,OVER,"[-599,-500]",HR≥60/EDG≥-5.0/CV≤-/μ≥1.0/TP≥-,147,147,7.9,2.21,13.58,11.606,0.8,48,47,3.19,-8.22,14.6,1.498,0.739,3.19,13.104
pitcher_strikeouts,OVER,"[-599,-500]",HR≥60/EDG≥-5.0/CV≤-/μ≥-/TP≥-,147,147,7.9,2.21,13.58,11.606,0.8,48,47,3.19,-8.22,14.6,1.498,0.739,3.19,13.104
pitcher_strikeouts,OVER,"[-599,-500]",HR≥-/EDG≥-/CV≤0.4/μ≥-/TP≥-,169,162,3.17,-2.98,9.33,5.14,0.778,42,41,3.81,-8.18,15.8,1.562,0.783,3.17,6.702
pitcher_strikeouts,OVER,"[-599,-500]",HR≥45/EDG≥-/CV≤0.4/μ≥-/TP≥-,169,162,3.17,-2.98,9.33,5.14,0.778,42,41,3.81,-8.18,15.8,1.562,0.783,3.17,6.702
pitcher_strikeouts,OVER,"[-599,-500]",HR≥55/EDG≥-/CV≤0.4/μ≥-/TP≥-,169,162,3.17,-2.98,9.33,5.14,0.778,41,40,3.47,-8.81,15.75,1.388,0.783,3.17,6.528
pitcher_strikeouts,OVER,"[-599,-500]",HR≥50/EDG≥-/CV≤0.4/μ≥-/TP≥-,169,162,3.17,-2.98,9.33,5.14,0.778,42,41,3.81,-8.18,15.8,1.562,0.783,3.17,6.702
pitcher_strikeouts,OVER,"[-599,-500]",HR≥70/EDG≥-5.0/CV≤0.6/μ≥-/TP≥-,132,132,6.57,0.28,12.86,8.672,0.8,40,39,3.15,-9.43,15.73,1.23,0.75,3.15,9.902
pitcher_strikeouts,OVER,"[-599,-500]",HR≥70/EDG≥-5.0/CV≤0.6/μ≥0.5/TP≥-,132,132,6.57,0.28,12.86,8.672,0.8,40,39,3.15,-9.43,15.73,1.23,0.75,3.15,9.902
pitcher_strikeouts,OVER,"[-599,-500]",HR≥70/EDG≥-5.0/CV≤0.6/μ≥1.0/TP≥-,132,132,6.57,0.28,12.86,8.672,0.8,40,39,3.15,-9.43,15.73,1.23,0.75,3.15,9.902
pitcher_strikeouts,OVER,"[-599,-500]",HR≥70/EDG≥-5.0/CV≤0.6/μ≥0.0/TP≥-,132,132,6.57,0.28,12.86,8.672,0.8,40,39,3.15,-9.43,15.73,1.23,0.75,3.15,9.902
pitcher_strikeouts,OVER,"[-599,-500]",HR≥55/EDG≥-/CV≤0.7/μ≥1.0/TP≥-,207,200,2.98,-2.67,8.64,5.963,0.75,62,61,6.65,-2.26,15.57,4.058,0.769,2.98,10.021
pitcher_strikeouts,OVER,"[-599,-500]",HR≥60/EDG≥-/CV≤0.7/μ≥1.0/TP≥-,207,200,2.98,-2.67,8.64,5.963,0.75,61,60,6.45,-2.61,15.5,3.868,0.769,2.98,9.831
pitcher_strikeouts,OVER,"[-599,-500]",HR≥45/EDG≥-/CV≤0.45/μ≥0.0/TP≥-,206,199,2.94,-2.75,8.62,5.845,0.7,47,47,5.6,-4.94,16.13,2.63,0.783,2.94,8.475
pitcher_strikeouts,OVER,"[-599,-500]",HR≥50/EDG≥-/CV≤0.45/μ≥0.0/TP≥-,206,199,2.94,-2.75,8.62,5.845,0.7,47,47,5.6,-4.94,16.13,2.63,0.783,2.94,8.475
pitcher_strikeouts,OVER,"[-599,-500]",HR≥-/EDG≥-/CV≤0.45/μ≥0.0/TP≥-,206,199,2.94,-2.75,8.62,5.845,0.7,47,47,5.6,-4.94,16.13,2.63,0.783,2.94,8.475
pitcher_strikeouts,OVER,"[-599,-500]",HR≥45/EDG≥-/CV≤0.5/μ≥-/TP≥-,261,254,2.91,-2.08,7.9,7.395,0.636,67,66,5.67,-3.18,14.53,3.745,0.769,2.91,11.14
pitcher_strikeouts,OVER,"[-599,-500]",HR≥-/EDG≥-/CV≤0.5/μ≥-/TP≥-,261,254,2.91,-2.08,7.9,7.395,0.636,67,66,5.67,-3.18,14.53,3.745,0.769,2.91,11.14
pitcher_strikeouts,OVER,"[-599,-500]",HR≥50/EDG≥-/CV≤0.5/μ≥-/TP≥-,261,254,2.91,-2.08,7.9,7.395,0.636,67,66,5.67,-3.18,14.53,3.745,0.769,2.91,11.14
pitcher_strikeouts,OVER,"[-599,-500]",HR≥60/EDG≥-/CV≤0.4/μ≥-/TP≥-,169,162,3.17,-2.98,9.33,5.14,0.778,39,38,2.69,-10.19,15.58,1.024,0.783,2.69,6.164
pitcher_strikeouts,OVER,"[-599,-500]",HR≥70/EDG≥-/CV≤0.4/μ≥0.0/TP≥-,113,106,3.21,-4.5,10.91,3.399,0.714,30,30,2.49,-12.14,17.13,0.748,0.778,2.49,4.147
pitcher_strikeouts,OVER,"[-599,-500]",HR≥70/EDG≥-/CV≤0.45/μ≥-/TP≥-,173,166,9.14,4.08,14.19,15.166,0.818,46,45,2.48,-9.4,14.36,1.117,0.75,2.48,16.283
pitcher_strikeouts,OVER,"[-599,-500]",HR≥55/EDG≥-/CV≤0.5/μ≥-/TP≥-,254,247,2.48,-2.64,7.6,6.123,0.636,65,64,5.28,-3.83,14.4,3.381,0.769,2.48,9.504
pitcher_strikeouts,OVER,"[-599,-500]",HR≥65/EDG≥-/CV≤-/μ≥1.0/TP≥-,200,193,2.4,-3.44,8.24,4.63,0.75,61,60,6.42,-2.64,15.47,3.85,0.769,2.4,8.48
pitcher_strikeouts,OVER,"[-599,-500]",HR≥65/EDG≥-/CV≤0.7/μ≥1.0/TP≥-,200,193,2.4,-3.44,8.24,4.63,0.75,59,58,6.01,-3.34,15.36,3.486,0.76,2.4,8.116
pitcher_strikeouts,OVER,"[-599,-500]",HR≥60/EDG≥-/CV≤0.6/μ≥1.0/TP≥-,199,192,2.38,-3.49,8.26,4.572,0.75,58,57,5.87,-3.64,15.38,3.346,0.76,2.38,7.918
pitcher_strikeouts,OVER,"[-599,-500]",HR≥55/EDG≥-/CV≤0.45/μ≥0.0/TP≥-,199,192,2.38,-3.49,8.26,4.572,0.7,46,46,5.34,-5.41,16.09,2.456,0.783,2.38,7.028
pitcher_strikeouts,OVER,"[-599,-500]",HR≥55/EDG≥-/CV≤0.6/μ≥1.0/TP≥-,199,192,2.38,-3.49,8.26,4.572,0.75,59,58,6.1,-3.26,15.46,3.536,0.76,2.38,8.108
pitcher_strikeouts,OVER,"[-599,-500]",HR≥-/EDG≥-5.0/CV≤-/μ≥1.0/TP≥-,173,173,9.64,4.78,14.5,16.679,0.833,53,51,2.08,-9.21,13.37,1.061,0.75,2.08,17.74
pitcher_strikeouts,OVER,"[-599,-500]",HR≥45/EDG≥-5.0/CV≤-/μ≥-/TP≥-,173,173,9.64,4.78,14.5,16.679,0.833,53,51,2.08,-9.21,13.37,1.061,0.75,2.08,17.74
pitcher_strikeouts,OVER,"[-599,-500]",HR≥45/EDG≥-5.0/CV≤-/μ≥1.0/TP≥-,173,173,9.64,4.78,14.5,16.679,0.833,53,51,2.08,-9.21,13.37,1.061,0.75,2.08,17.74
pitcher_strikeouts,OVER,"[-599,-500]",HR≥-/EDG≥-5.0/CV≤-/μ≥0.5/TP≥-,173,173,9.64,4.78,14.5,16.679,0.833,53,51,2.08,-9.21,13.37,1.061,0.75,2.08,17.74
pitcher_strikeouts,OVER,"[-599,-500]",HR≥-/EDG≥-5.0/CV≤-/μ≥-/TP≥-,173,173,9.64,4.78,14.5,16.679,0.833,53,51,2.08,-9.21,13.37,1.061,0.75,2.08,17.74
pitcher_strikeouts,OVER,"[-599,-500]",HR≥-/EDG≥-5.0/CV≤-/μ≥0.0/TP≥-,173,173,9.64,4.78,14.5,16.679,0.833,53,51,2.08,-9.21,13.37,1.061,0.75,2.08,17.74
pitcher_strikeouts,OVER,"[-599,-500]",HR≥45/EDG≥-5.0/CV≤-/μ≥0.0/TP≥-,173,173,9.64,4.78,14.5,16.679,0.833,53,51,2.08,-9.21,13.37,1.061,0.75,2.08,17.74
pitcher_strikeouts,OVER,"[-599,-500]",HR≥45/EDG≥-5.0/CV≤-/μ≥0.5/TP≥-,173,173,9.64,4.78,14.5,16.679,0.833,53,51,2.08,-9.21,13.37,1.061,0.75,2.08,17.74
pitcher_strikeouts,OVER,"[-599,-500]",HR≥60/EDG≥-/CV≤-/μ≥0.5/TP≥-,244,237,2.07,-3.26,7.4,4.897,0.75,78,76,5.81,-2.41,14.02,4.413,0.778,2.07,9.31
pitcher_strikeouts,OVER,"[-599,-500]",HR≥60/EDG≥-/CV≤0.5/μ≥-/TP≥-,247,240,2.02,-3.24,7.28,4.85,0.636,63,62,4.87,-4.53,14.26,3.016,0.769,2.02,7.866
pitcher_strikeouts,OVER,"[-599,-500]",HR≥55/EDG≥-/CV≤0.7/μ≥0.5/TP≥-,243,236,1.94,-3.41,7.28,4.569,0.75,73,71,8.26,0.55,15.97,5.865,0.778,1.94,10.434
pitcher_strikeouts,OVER,"[-599,-500]",HR≥60/EDG≥-/CV≤0.45/μ≥0.0/TP≥-,192,185,1.78,-4.3,7.86,3.299,0.7,44,44,4.75,-6.46,15.97,2.092,0.783,1.78,5.391
pitcher_strikeouts,OVER,"[-599,-500]",HR≥65/EDG≥-/CV≤0.6/μ≥1.0/TP≥-,192,185,1.75,-4.33,7.83,3.239,0.75,56,55,5.39,-4.45,15.23,2.964,0.75,1.75,6.203
pitcher_strikeouts,OVER,"[-599,-500]",HR≥50/EDG≥-5.0/CV≤-/μ≥-/TP≥-,173,173,9.64,4.78,14.5,16.679,0.833,52,50,1.74,-9.76,13.24,0.87,0.75,1.74,17.549
pitcher_strikeouts,OVER,"[-599,-500]",HR≥50/EDG≥-5.0/CV≤-/μ≥1.0/TP≥-,173,173,9.64,4.78,14.5,16.679,0.833,52,50,1.74,-9.76,13.24,0.87,0.75,1.74,17.549
pitcher_strikeouts,OVER,"[-599,-500]",HR≥50/EDG≥-5.0/CV≤-/μ≥0.5/TP≥-,173,173,9.64,4.78,14.5,16.679,0.833,52,50,1.74,-9.76,13.24,0.87,0.75,1.74,17.549
pitcher_strikeouts,OVER,"[-599,-500]",HR≥55/EDG≥-5.0/CV≤-/μ≥1.0/TP≥-,153,153,8.37,2.9,13.84,12.806,0.818,52,50,1.74,-9.76,13.24,0.87,0.75,1.74,13.676
pitcher_strikeouts,OVER,"[-599,-500]",HR≥55/EDG≥-5.0/CV≤-/μ≥-/TP≥-,153,153,8.37,2.9,13.84,12.806,0.818,52,50,1.74,-9.76,13.24,0.87,0.75,1.74,13.676
pitcher_strikeouts,OVER,"[-599,-500]",HR≥55/EDG≥-5.0/CV≤-/μ≥0.5/TP≥-,153,153,8.37,2.9,13.84,12.806,0.818,52,50,1.74,-9.76,13.24,0.87,0.75,1.74,13.676
pitcher_strikeouts,OVER,"[-599,-500]",HR≥50/EDG≥-5.0/CV≤-/μ≥0.0/TP≥-,173,173,9.64,4.78,14.5,16.679,0.833,52,50,1.74,-9.76,13.24,0.87,0.75,1.74,17.549
pitcher_strikeouts,OVER,"[-599,-500]",HR≥55/EDG≥-5.0/CV≤-/μ≥0.0/TP≥-,153,153,8.37,2.9,13.84,12.806,0.818,52,50,1.74,-9.76,13.24,0.87,0.75,1.74,13.676
pitcher_strikeouts,OVER,"[-599,-500]",HR≥65/EDG≥-/CV≤0.4/μ≥-/TP≥-,154,147,1.6,-5.13,8.33,2.353,0.778,38,37,2.3,-10.92,15.51,0.85,0.783,1.6,3.203
pitcher_strikeouts,OVER,"[-599,-500]",HR≥60/EDG≥-/CV≤0.7/μ≥0.5/TP≥-,236,229,1.44,-4.06,6.94,3.297,0.75,72,70,8.11,0.29,15.92,5.675,0.778,1.44,8.972
pitcher_strikeouts,OVER,"[-599,-500]",HR≥70/EDG≥-/CV≤0.4/μ≥-/TP≥-,120,113,4.25,-3.02,11.51,4.799,0.75,36,35,1.39,-12.53,15.3,0.485,0.762,1.39,5.284
pitcher_strikeouts,OVER,"[-599,-500]",HR≥60/EDG≥-/CV≤-/μ≥-/TP≥-,318,311,0.87,-3.87,5.61,2.708,0.583,90,87,4.7,-3.28,12.68,4.088,0.786,0.87,6.796
pitcher_strikeouts,OVER,"[-599,-500]",HR≥55/EDG≥-/CV≤0.6/μ≥0.5/TP≥-,228,221,0.8,-4.88,6.49,1.778,0.75,70,68,7.86,-0.18,15.9,5.344,0.778,0.8,7.122
pitcher_strikeouts,OVER,"[-599,-500]",HR≥55/EDG≥-/CV≤0.7/μ≥-/TP≥-,317,310,0.77,-3.98,5.52,2.381,0.583,86,83,6.88,-0.67,14.44,5.714,0.75,0.77,8.095
pitcher_strikeouts,OVER,"[-599,-500]",HR≥45/EDG≥-/CV≤0.6/μ≥1.0/TP≥-,226,219,0.66,-5.07,6.39,1.445,0.667,59,58,6.1,-3.26,15.46,3.536,0.76,0.66,4.981
pitcher_strikeouts,OVER,"[-599,-500]",HR≥-/EDG≥-/CV≤0.6/μ≥1.0/TP≥-,226,219,0.66,-5.07,6.39,1.445,0.667,59,58,6.1,-3.26,15.46,3.536,0.76,0.66,4.981
pitcher_strikeouts,OVER,"[-599,-500]",HR≥50/EDG≥-/CV≤0.6/μ≥1.0/TP≥-,226,219,0.66,-5.07,6.39,1.445,0.667,59,58,6.1,-3.26,15.46,3.536,0.76,0.66,4.981
pitcher_strikeouts,OVER,"[-599,-500]",HR≥65/EDG≥-/CV≤0.5/μ≥0.0/TP≥-,186,179,0.54,-5.82,6.9,0.966,0.7,54,54,5.09,-4.91,15.1,2.749,0.75,0.54,3.715
pitcher_strikeouts,OVER,"[-599,-500]",HR≥60/EDG≥-/CV≤0.7/μ≥-/TP≥-,310,303,0.37,-4.49,5.22,1.108,0.583,84,81,6.6,-1.13,14.34,5.35,0.75,0.37,6.458
pitcher_strikeouts,OVER,"[-599,-500]",HR≥50/EDG≥-5.0/CV≤0.5/μ≥0.0/TP≥-,124,124,5.7,-0.96,12.37,7.072,0.778,33,33,0.34,-14.36,15.03,0.111,0.706,0.34,7.183
pitcher_strikeouts,OVER,"[-599,-500]",HR≥-/EDG≥-5.0/CV≤0.5/μ≥-/TP≥-,124,124,5.7,-0.96,12.37,7.072,0.778,33,33,0.34,-14.36,15.03,0.111,0.706,0.34,7.183
pitcher_strikeouts,OVER,"[-599,-500]",HR≥55/EDG≥-5.0/CV≤0.5/μ≥1.0/TP≥-,124,124,5.7,-0.96,12.37,7.072,0.778,33,33,0.34,-14.36,15.03,0.111,0.706,0.34,7.183
pitcher_strikeouts,OVER,"[-599,-500]",HR≥-/EDG≥-5.0/CV≤0.5/μ≥1.0/TP≥-,124,124,5.7,-0.96,12.37,7.072,0.778,33,33,0.34,-14.36,15.03,0.111,0.706,0.34,7.183
pitcher_strikeouts,OVER,"[-599,-500]",HR≥45/EDG≥-5.0/CV≤0.5/μ≥0.0/TP≥-,124,124,5.7,-0.96,12.37,7.072,0.778,33,33,0.34,-14.36,15.03,0.111,0.706,0.34,7.183
pitcher_strikeouts,OVER,"[-599,-500]",HR≥-/EDG≥-5.0/CV≤0.5/μ≥0.0/TP≥-,124,124,5.7,-0.96,12.37,7.072,0.778,33,33,0.34,-14.36,15.03,0.111,0.706,0.34,7.183
pitcher_strikeouts,OVER,"[-599,-500]",HR≥45/EDG≥-5.0/CV≤0.5/μ≥1.0/TP≥-,124,124,5.7,-0.96,12.37,7.072,0.778,33,33,0.34,-14.36,15.03,0.111,0.706,0.34,7.183
pitcher_strikeouts,OVER,"[-599,-500]",HR≥55/EDG≥-5.0/CV≤0.5/μ≥-/TP≥-,124,124,5.7,-0.96,12.37,7.072,0.778,33,33,0.34,-14.36,15.03,0.111,0.706,0.34,7.183
pitcher_strikeouts,OVER,"[-599,-500]",HR≥45/EDG≥-5.0/CV≤0.5/μ≥0.5/TP≥-,124,124,5.7,-0.96,12.37,7.072,0.778,33,33,0.34,-14.36,15.03,0.111,0.706,0.34,7.183
pitcher_strikeouts,OVER,"[-599,-500]",HR≥45/EDG≥-5.0/CV≤0.5/μ≥-/TP≥-,124,124,5.7,-0.96,12.37,7.072,0.778,33,33,0.34,-14.36,15.03,0.111,0.706,0.34,7.183
pitcher_strikeouts,OVER,"[-599,-500]",HR≥55/EDG≥-5.0/CV≤0.5/μ≥0.5/TP≥-,124,124,5.7,-0.96,12.37,7.072,0.778,33,33,0.34,-14.36,15.03,0.111,0.706,0.34,7.183
pitcher_strikeouts,OVER,"[-599,-500]",HR≥50/EDG≥-5.0/CV≤0.5/μ≥0.5/TP≥-,124,124,5.7,-0.96,12.37,7.072,0.778,33,33,0.34,-14.36,15.03,0.111,0.706,0.34,7.183
pitcher_strikeouts,OVER,"[-599,-500]",HR≥50/EDG≥-5.0/CV≤0.5/μ≥-/TP≥-,124,124,5.7,-0.96,12.37,7.072,0.778,33,33,0.34,-14.36,15.03,0.111,0.706,0.34,7.183
pitcher_strikeouts,OVER,"[-599,-500]",HR≥55/EDG≥-5.0/CV≤0.5/μ≥0.0/TP≥-,124,124,5.7,-0.96,12.37,7.072,0.778,33,33,0.34,-14.36,15.03,0.111,0.706,0.34,7.183
pitcher_strikeouts,OVER,"[-599,-500]",HR≥50/EDG≥-5.0/CV≤0.5/μ≥1.0/TP≥-,124,124,5.7,-0.96,12.37,7.072,0.778,33,33,0.34,-14.36,15.03,0.111,0.706,0.34,7.183
pitcher_strikeouts,OVER,"[-599,-500]",HR≥-/EDG≥-5.0/CV≤0.5/μ≥0.5/TP≥-,124,124,5.7,-0.96,12.37,7.072,0.778,33,33,0.34,-14.36,15.03,0.111,0.706,0.34,7.183
pitcher_strikeouts,OVER,"[-599,-500]",HR≥60/EDG≥0.0/CV≤-/μ≥0.0/TP≥-,90,90,9.91,3.28,16.55,8.922,0.875,33,33,0.31,-14.38,15.0,0.102,0.737,0.31,9.024
pitcher_strikeouts,OVER,"[-599,-500]",HR≥60/EDG≥0.0/CV≤-/μ≥1.0/TP≥-,90,90,9.91,3.28,16.55,8.922,0.875,33,33,0.31,-14.38,15.0,0.102,0.737,0.31,9.024
pitcher_strikeouts,OVER,"[-599,-500]",HR≥60/EDG≥0.0/CV≤-/μ≥-/TP≥-,90,90,9.91,3.28,16.55,8.922,0.875,33,33,0.31,-14.38,15.0,0.102,0.737,0.31,9.024
pitcher_strikeouts,OVER,"[-599,-500]",HR≥60/EDG≥0.0/CV≤-/μ≥0.5/TP≥-,90,90,9.91,3.28,16.55,8.922,0.875,33,33,0.31,-14.38,15.0,0.102,0.737,0.31,9.024
pitcher_strikeouts,OVER,"[-599,-500]",HR≥60/EDG≥-/CV≤0.6/μ≥0.5/TP≥-,221,214,0.24,-5.62,6.09,0.505,0.75,69,67,7.69,-0.46,15.84,5.153,0.778,0.24,5.658
pitcher_strikeouts,OVER,"[-599,-500]",HR≥65/EDG≥-/CV≤0.7/μ≥-/TP≥-,269,262,0.17,-5.07,5.41,0.444,0.667,77,75,5.69,-2.64,14.01,4.265,0.741,0.17,4.709
pitcher_strikeouts,OVER,"[-599,-500]",HR≥65/EDG≥-/CV≤-/μ≥-/TP≥-,269,262,0.17,-5.07,5.41,0.444,0.667,80,78,4.65,-3.79,13.1,3.629,0.75,0.17,4.073
pitcher_strikeouts,OVER,"[-599,-500]",HR≥55/EDG≥-/CV≤-/μ≥0.5/TP≥-,264,257,0.14,-5.2,5.49,0.369,0.667,82,79,4.79,-3.55,13.13,3.785,0.778,0.14,4.154
pitcher_strikeouts,OVER,"[-499,-400]",HR≥55/EDG≥0.0/CV≤-/μ≥0.5/TP≥-,137,137,9.05,2.63,15.48,12.404,0.714,33,33,7.99,-5.92,21.89,2.635,0.833,7.99,15.039
pitcher_strikeouts,OVER,"[-499,-400]",HR≥55/EDG≥0.0/CV≤-/μ≥1.0/TP≥-,137,137,9.05,2.63,15.48,12.404,0.714,33,33,7.99,-5.92,21.89,2.635,0.833,7.99,15.039
pitcher_strikeouts,OVER,"[-499,-400]",HR≥55/EDG≥0.0/CV≤-/μ≥-/TP≥-,137,137,9.05,2.63,15.48,12.404,0.714,33,33,7.99,-5.92,21.89,2.635,0.833,7.99,15.039
pitcher_strikeouts,OVER,"[-499,-400]",HR≥55/EDG≥0.0/CV≤-/μ≥0.0/TP≥-,137,137,9.05,2.63,15.48,12.404,0.714,33,33,7.99,-5.92,21.89,2.635,0.833,7.99,15.039
pitcher_strikeouts,OVER,"[-499,-400]",HR≥60/EDG≥0.0/CV≤-/μ≥0.0/TP≥-,129,129,15.82,11.01,20.63,20.404,0.857,32,32,7.5,-6.81,21.81,2.4,0.826,7.5,22.804
pitcher_strikeouts,OVER,"[-499,-400]",HR≥60/EDG≥0.0/CV≤-/μ≥1.0/TP≥-,129,129,15.82,11.01,20.63,20.404,0.857,32,32,7.5,-6.81,21.81,2.4,0.826,7.5,22.804
pitcher_strikeouts,OVER,"[-499,-400]",HR≥60/EDG≥0.0/CV≤-/μ≥-/TP≥-,129,129,15.82,11.01,20.63,20.404,0.857,32,32,7.5,-6.81,21.81,2.4,0.826,7.5,22.804
pitcher_strikeouts,OVER,"[-499,-400]",HR≥60/EDG≥0.0/CV≤-/μ≥0.5/TP≥-,129,129,15.82,11.01,20.63,20.404,0.857,32,32,7.5,-6.81,21.81,2.4,0.826,7.5,22.804
pitcher_strikeouts,OVER,"[-499,-400]",HR≥55/EDG≥0.0/CV≤0.7/μ≥1.0/TP≥-,129,129,15.82,11.01,20.63,20.404,0.857,32,32,7.45,-6.85,21.76,2.385,0.833,7.45,22.789
pitcher_strikeouts,OVER,"[-499,-400]",HR≥55/EDG≥0.0/CV≤0.7/μ≥-/TP≥-,129,129,15.82,11.01,20.63,20.404,0.857,32,32,7.45,-6.85,21.76,2.385,0.833,7.45,22.789
pitcher_strikeouts,OVER,"[-499,-400]",HR≥55/EDG≥0.0/CV≤0.7/μ≥0.0/TP≥-,129,129,15.82,11.01,20.63,20.404,0.857,32,32,7.45,-6.85,21.76,2.385,0.833,7.45,22.789
pitcher_strikeouts,OVER,"[-499,-400]",HR≥55/EDG≥0.0/CV≤0.7/μ≥0.5/TP≥-,129,129,15.82,11.01,20.63,20.404,0.857,32,32,7.45,-6.85,21.76,2.385,0.833,7.45,22.789
pitcher_strikeouts,OVER,"[-499,-400]",HR≥60/EDG≥0.0/CV≤0.7/μ≥0.0/TP≥-,129,129,15.82,11.01,20.63,20.404,0.857,31,31,6.94,-7.8,21.67,2.15,0.826,6.94,22.554
pitcher_strikeouts,OVER,"[-499,-400]",HR≥60/EDG≥0.0/CV≤0.7/μ≥-/TP≥-,129,129,15.82,11.01,20.63,20.404,0.857,31,31,6.94,-7.8,21.67,2.15,0.826,6.94,22.554
pitcher_strikeouts,OVER,"[-499,-400]",HR≥60/EDG≥0.0/CV≤0.7/μ≥1.0/TP≥-,129,129,15.82,11.01,20.63,20.404,0.857,31,31,6.94,-7.8,21.67,2.15,0.826,6.94,22.554
pitcher_strikeouts,OVER,"[-499,-400]",HR≥60/EDG≥0.0/CV≤0.7/μ≥0.5/TP≥-,129,129,15.82,11.01,20.63,20.404,0.857,31,31,6.94,-7.8,21.67,2.15,0.826,6.94,22.554
pitcher_strikeouts,OVER,"[-499,-400]",HR≥-/EDG≥0.0/CV≤0.7/μ≥-/TP≥-,137,137,16.35,11.81,20.9,22.404,0.857,35,35,5.3,-9.15,19.76,1.856,0.792,5.3,24.26
pitcher_strikeouts,OVER,"[-499,-400]",HR≥45/EDG≥0.0/CV≤0.7/μ≥1.0/TP≥-,137,137,16.35,11.81,20.9,22.404,0.857,35,35,5.3,-9.15,19.76,1.856,0.792,5.3,24.26
pitcher_strikeouts,OVER,"[-499,-400]",HR≥-/EDG≥0.0/CV≤0.7/μ≥0.0/TP≥-,137,137,16.35,11.81,20.9,22.404,0.857,35,35,5.3,-9.15,19.76,1.856,0.792,5.3,24.26
pitcher_strikeouts,OVER,"[-499,-400]",HR≥50/EDG≥0.0/CV≤0.7/μ≥-/TP≥-,137,137,16.35,11.81,20.9,22.404,0.857,35,35,5.3,-9.15,19.76,1.856,0.792,5.3,24.26
pitcher_strikeouts,OVER,"[-499,-400]",HR≥45/EDG≥0.0/CV≤0.7/μ≥0.5/TP≥-,137,137,16.35,11.81,20.9,22.404,0.857,35,35,5.3,-9.15,19.76,1.856,0.792,5.3,24.26
pitcher_strikeouts,OVER,"[-499,-400]",HR≥-/EDG≥0.0/CV≤0.7/μ≥0.5/TP≥-,137,137,16.35,11.81,20.9,22.404,0.857,35,35,5.3,-9.15,19.76,1.856,0.792,5.3,24.26
pitcher_strikeouts,OVER,"[-499,-400]",HR≥-/EDG≥0.0/CV≤0.7/μ≥1.0/TP≥-,137,137,16.35,11.81,20.9,22.404,0.857,35,35,5.3,-9.15,19.76,1.856,0.792,5.3,24.26
pitcher_strikeouts,OVER,"[-499,-400]",HR≥50/EDG≥0.0/CV≤0.7/μ≥0.5/TP≥-,137,137,16.35,11.81,20.9,22.404,0.857,35,35,5.3,-9.15,19.76,1.856,0.792,5.3,24.26
pitcher_strikeouts,OVER,"[-499,-400]",HR≥50/EDG≥0.0/CV≤0.7/μ≥0.0/TP≥-,137,137,16.35,11.81,20.9,22.404,0.857,35,35,5.3,-9.15,19.76,1.856,0.792,5.3,24.26
pitcher_strikeouts,OVER,"[-499,-400]",HR≥50/EDG≥0.0/CV≤0.7/μ≥1.0/TP≥-,137,137,16.35,11.81,20.9,22.404,0.857,35,35,5.3,-9.15,19.76,1.856,0.792,5.3,24.26
pitcher_strikeouts,OVER,"[-499,-400]",HR≥45/EDG≥0.0/CV≤0.7/μ≥-/TP≥-,137,137,16.35,11.81,20.9,22.404,0.857,35,35,5.3,-9.15,19.76,1.856,0.792,5.3,24.26
pitcher_strikeouts,OVER,"[-499,-400]",HR≥45/EDG≥0.0/CV≤0.7/μ≥0.0/TP≥-,137,137,16.35,11.81,20.9,22.404,0.857,35,35,5.3,-9.15,19.76,1.856,0.792,5.3,24.26
pitcher_strikeouts,OVER,"[-499,-400]",HR≥-/EDG≥0.0/CV≤-/μ≥-/TP≥-,145,145,9.93,3.83,16.04,14.404,0.714,38,38,3.49,-10.95,17.94,1.328,0.75,3.49,15.732
pitcher_strikeouts,OVER,"[-499,-400]",HR≥-/EDG≥0.0/CV≤-/μ≥0.0/TP≥-,145,145,9.93,3.83,16.04,14.404,0.714,38,38,3.49,-10.95,17.94,1.328,0.75,3.49,15.732
pitcher_strikeouts,OVER,"[-499,-400]",HR≥-/EDG≥0.0/CV≤-/μ≥1.0/TP≥-,145,145,9.93,3.83,16.04,14.404,0.714,38,38,3.49,-10.95,17.94,1.328,0.75,3.49,15.732
pitcher_strikeouts,OVER,"[-499,-400]",HR≥-/EDG≥0.0/CV≤-/μ≥0.5/TP≥-,145,145,9.93,3.83,16.04,14.404,0.714,38,38,3.49,-10.95,17.94,1.328,0.75,3.49,15.732
pitcher_strikeouts,OVER,"[-499,-400]",HR≥50/EDG≥0.0/CV≤-/μ≥0.5/TP≥-,145,145,9.93,3.83,16.04,14.404,0.714,37,37,2.99,-11.82,17.8,1.106,0.75,2.99,15.51
pitcher_strikeouts,OVER,"[-499,-400]",HR≥50/EDG≥0.0/CV≤-/μ≥0.0/TP≥-,145,145,9.93,3.83,16.04,14.404,0.714,37,37,2.99,-11.82,17.8,1.106,0.75,2.99,15.51
pitcher_strikeouts,OVER,"[-499,-400]",HR≥45/EDG≥0.0/CV≤-/μ≥-/TP≥-,145,145,9.93,3.83,16.04,14.404,0.714,37,37,2.99,-11.82,17.8,1.106,0.75,2.99,15.51
pitcher_strikeouts,OVER,"[-499,-400]",HR≥45/EDG≥0.0/CV≤-/μ≥1.0/TP≥-,145,145,9.93,3.83,16.04,14.404,0.714,37,37,2.99,-11.82,17.8,1.106,0.75,2.99,15.51
pitcher_strikeouts,OVER,"[-499,-400]",HR≥45/EDG≥0.0/CV≤-/μ≥0.0/TP≥-,145,145,9.93,3.83,16.04,14.404,0.714,37,37,2.99,-11.82,17.8,1.106,0.75,2.99,15.51
pitcher_strikeouts,OVER,"[-499,-400]",HR≥50/EDG≥0.0/CV≤-/μ≥1.0/TP≥-,145,145,9.93,3.83,16.04,14.404,0.714,37,37,2.99,-11.82,17.8,1.106,0.75,2.99,15.51
pitcher_strikeouts,OVER,"[-499,-400]",HR≥45/EDG≥0.0/CV≤-/μ≥0.5/TP≥-,145,145,9.93,3.83,16.04,14.404,0.714,37,37,2.99,-11.82,17.8,1.106,0.75,2.99,15.51
pitcher_strikeouts,OVER,"[-499,-400]",HR≥50/EDG≥0.0/CV≤-/μ≥-/TP≥-,145,145,9.93,3.83,16.04,14.404,0.714,37,37,2.99,-11.82,17.8,1.106,0.75,2.99,15.51
pitcher_strikeouts,OVER,"[-499,-400]",HR≥45/EDG≥0.0/CV≤0.6/μ≥1.0/TP≥-,137,137,16.35,11.81,20.9,22.404,0.857,30,30,2.3,-14.35,18.96,0.691,0.783,2.3,23.095
pitcher_strikeouts,OVER,"[-499,-400]",HR≥50/EDG≥0.0/CV≤0.6/μ≥0.0/TP≥-,137,137,16.35,11.81,20.9,22.404,0.857,30,30,2.3,-14.35,18.96,0.691,0.783,2.3,23.095
pitcher_strikeouts,OVER,"[-499,-400]",HR≥50/EDG≥0.0/CV≤0.6/μ≥-/TP≥-,137,137,16.35,11.81,20.9,22.404,0.857,30,30,2.3,-14.35,18.96,0.691,0.783,2.3,23.095
pitcher_strikeouts,OVER,"[-499,-400]",HR≥45/EDG≥0.0/CV≤0.6/μ≥0.0/TP≥-,137,137,16.35,11.81,20.9,22.404,0.857,30,30,2.3,-14.35,18.96,0.691,0.783,2.3,23.095
pitcher_strikeouts,OVER,"[-499,-400]",HR≥50/EDG≥0.0/CV≤0.6/μ≥0.5/TP≥-,137,137,16.35,11.81,20.9,22.404,0.857,30,30,2.3,-14.35,18.96,0.691,0.783,2.3,23.095
pitcher_strikeouts,OVER,"[-499,-400]",HR≥-/EDG≥0.0/CV≤0.6/μ≥0.0/TP≥-,137,137,16.35,11.81,20.9,22.404,0.857,30,30,2.3,-14.35,18.96,0.691,0.783,2.3,23.095
pitcher_strikeouts,OVER,"[-499,-400]",HR≥-/EDG≥0.0/CV≤0.6/μ≥-/TP≥-,137,137,16.35,11.81,20.9,22.404,0.857,30,30,2.3,-14.35,18.96,0.691,0.783,2.3,23.095
pitcher_strikeouts,OVER,"[-499,-400]",HR≥-/EDG≥0.0/CV≤0.6/μ≥1.0/TP≥-,137,137,16.35,11.81,20.9,22.404,0.857,30,30,2.3,-14.35,18.96,0.691,0.783,2.3,23.095
pitcher_strikeouts,OVER,"[-499,-400]",HR≥50/EDG≥0.0/CV≤0.6/μ≥1.0/TP≥-,137,137,16.35,11.81,20.9,22.404,0.857,30,30,2.3,-14.35,18.96,0.691,0.783,2.3,23.095
pitcher_strikeouts,OVER,"[-499,-400]",HR≥45/EDG≥0.0/CV≤0.6/μ≥0.5/TP≥-,137,137,16.35,11.81,20.9,22.404,0.857,30,30,2.3,-14.35,18.96,0.691,0.783,2.3,23.095
pitcher_strikeouts,OVER,"[-499,-400]",HR≥-/EDG≥0.0/CV≤0.6/μ≥0.5/TP≥-,137,137,16.35,11.81,20.9,22.404,0.857,30,30,2.3,-14.35,18.96,0.691,0.783,2.3,23.095
pitcher_strikeouts,OVER,"[-499,-400]",HR≥45/EDG≥0.0/CV≤0.6/μ≥-/TP≥-,137,137,16.35,11.81,20.9,22.404,0.857,30,30,2.3,-14.35,18.96,0.691,0.783,2.3,23.095
pitcher_strikeouts,OVER,"[-399,-300]",HR≥70/EDG≥-/CV≤0.4/μ≥0.5/TP≥-,102,88,29.37,28.93,29.8,25.844,1.0,34,34,17.72,5.2,30.23,6.023,0.85,17.72,31.867
pitcher_strikeouts,OVER,"[-399,-300]",HR≥75/EDG≥-/CV≤0.7/μ≥1.0/TP≥-,84,70,14.84,5.8,23.87,10.385,0.8,37,37,14.78,1.71,27.85,5.468,0.842,14.78,15.853
pitcher_strikeouts,OVER,"[-399,-300]",HR≥75/EDG≥-5.0/CV≤0.7/μ≥0.0/TP≥-,70,56,28.13,27.53,28.73,15.754,1.0,37,36,14.45,1.03,27.87,5.201,0.833,14.45,20.955
pitcher_strikeouts,OVER,"[-399,-300]",HR≥75/EDG≥-5.0/CV≤-/μ≥-/TP≥-,70,56,28.13,27.53,28.73,15.754,1.0,37,36,14.45,1.03,27.87,5.201,0.833,14.45,20.955
pitcher_strikeouts,OVER,"[-399,-300]",HR≥75/EDG≥-5.0/CV≤0.7/μ≥-/TP≥-,70,56,28.13,27.53,28.73,15.754,1.0,37,36,14.45,1.03,27.87,5.201,0.833,14.45,20.955
pitcher_strikeouts,OVER,"[-399,-300]",HR≥75/EDG≥-5.0/CV≤-/μ≥1.0/TP≥-,64,50,27.51,27.1,27.92,13.754,1.0,36,36,14.45,1.03,27.87,5.201,0.833,14.45,18.955
pitcher_strikeouts,OVER,"[-399,-300]",HR≥75/EDG≥-5.0/CV≤-/μ≥0.0/TP≥-,70,56,28.13,27.53,28.73,15.754,1.0,37,36,14.45,1.03,27.87,5.201,0.833,14.45,20.955
pitcher_strikeouts,OVER,"[-399,-300]",HR≥75/EDG≥-5.0/CV≤-/μ≥0.5/TP≥-,70,56,28.13,27.53,28.73,15.754,1.0,37,36,14.45,1.03,27.87,5.201,0.833,14.45,20.955
pitcher_strikeouts,OVER,"[-399,-300]",HR≥75/EDG≥-5.0/CV≤0.7/μ≥0.5/TP≥-,70,56,28.13,27.53,28.73,15.754,1.0,37,36,14.45,1.03,27.87,5.201,0.833,14.45,20.955
pitcher_strikeouts,OVER,"[-399,-300]",HR≥75/EDG≥-5.0/CV≤0.7/μ≥1.0/TP≥-,64,50,27.51,27.1,27.92,13.754,1.0,36,36,14.45,1.03,27.87,5.201,0.833,14.45,18.955
pitcher_strikeouts,OVER,"[-399,-300]",HR≥75/EDG≥-5.0/CV≤0.6/μ≥-/TP≥-,70,56,28.13,27.53,28.73,15.754,1.0,36,35,14.09,0.3,27.88,4.931,0.824,14.09,20.685
pitcher_strikeouts,OVER,"[-399,-300]",HR≥75/EDG≥-5.0/CV≤0.6/μ≥0.0/TP≥-,70,56,28.13,27.53,28.73,15.754,1.0,36,35,14.09,0.3,27.88,4.931,0.824,14.09,20.685
pitcher_strikeouts,OVER,"[-399,-300]",HR≥75/EDG≥-5.0/CV≤0.6/μ≥0.5/TP≥-,70,56,28.13,27.53,28.73,15.754,1.0,36,35,14.09,0.3,27.88,4.931,0.824,14.09,20.685
pitcher_strikeouts,OVER,"[-399,-300]",HR≥75/EDG≥-5.0/CV≤0.6/μ≥1.0/TP≥-,64,50,27.51,27.1,27.92,13.754,1.0,35,35,14.09,0.3,27.88,4.931,0.824,14.09,18.685
pitcher_strikeouts,OVER,"[-399,-300]",HR≥75/EDG≥-/CV≤0.6/μ≥1.0/TP≥-,84,70,14.84,5.8,23.87,10.385,0.8,35,35,14.09,0.3,27.88,4.931,0.824,14.09,15.316
pitcher_strikeouts,OVER,"[-399,-300]",HR≥75/EDG≥-/CV≤0.7/μ≥0.5/TP≥-,104,90,18.17,11.03,25.32,16.357,0.833,44,43,13.92,1.4,26.43,5.984,0.81,13.92,22.341
pitcher_strikeouts,OVER,"[-399,-300]",HR≥75/EDG≥-/CV≤0.6/μ≥0.5/TP≥-,104,90,18.17,11.03,25.32,16.357,0.833,42,41,13.28,0.18,26.38,5.447,0.8,13.28,21.804
pitcher_strikeouts,OVER,"[-399,-300]",HR≥75/EDG≥-/CV≤0.5/μ≥1.0/TP≥-,84,70,14.84,5.8,23.87,10.385,0.8,33,33,13.2,-1.39,27.78,4.355,0.812,13.2,14.74
pitcher_strikeouts,OVER,"[-399,-300]",HR≥75/EDG≥-5.0/CV≤0.5/μ≥1.0/TP≥-,64,50,27.51,27.1,27.92,13.754,1.0,33,33,13.2,-1.39,27.78,4.355,0.812,13.2,18.109
pitcher_strikeouts,OVER,"[-399,-300]",HR≥75/EDG≥-5.0/CV≤0.5/μ≥-/TP≥-,70,56,28.13,27.53,28.73,15.754,1.0,34,33,13.2,-1.39,27.78,4.355,0.812,13.2,20.109
pitcher_strikeouts,OVER,"[-399,-300]",HR≥75/EDG≥-5.0/CV≤0.5/μ≥0.5/TP≥-,70,56,28.13,27.53,28.73,15.754,1.0,34,33,13.2,-1.39,27.78,4.355,0.812,13.2,20.109
pitcher_strikeouts,OVER,"[-399,-300]",HR≥75/EDG≥-5.0/CV≤0.5/μ≥0.0/TP≥-,70,56,28.13,27.53,28.73,15.754,1.0,34,33,13.2,-1.39,27.78,4.355,0.812,13.2,20.109
pitcher_strikeouts,OVER,"[-399,-300]",HR≥75/EDG≥-/CV≤0.5/μ≥0.5/TP≥-,97,83,17.52,9.78,25.25,14.539,0.833,40,39,12.49,-1.24,26.22,4.871,0.789,12.49,19.41
pitcher_strikeouts,OVER,"[-399,-300]",HR≥75/EDG≥-/CV≤-/μ≥1.0/TP≥-,84,70,14.84,5.8,23.87,10.385,0.8,39,39,12.19,-1.5,25.88,4.753,0.789,12.19,15.138
pitcher_strikeouts,OVER,"[-399,-300]",HR≥75/EDG≥-5.0/CV≤0.45/μ≥0.5/TP≥-,63,49,28.34,27.67,29.01,13.887,1.0,32,31,12.14,-3.32,27.61,3.765,0.812,12.14,17.652
pitcher_strikeouts,OVER,"[-399,-300]",HR≥75/EDG≥-5.0/CV≤0.45/μ≥-/TP≥-,63,49,28.34,27.67,29.01,13.887,1.0,32,31,12.14,-3.32,27.61,3.765,0.812,12.14,17.652
pitcher_strikeouts,OVER,"[-399,-300]",HR≥75/EDG≥-5.0/CV≤0.45/μ≥1.0/TP≥-,57,43,27.64,27.18,28.11,11.887,1.0,31,31,12.14,-3.32,27.61,3.765,0.812,12.14,15.652
pitcher_strikeouts,OVER,"[-399,-300]",HR≥75/EDG≥-5.0/CV≤0.45/μ≥0.0/TP≥-,63,49,28.34,27.67,29.01,13.887,1.0,32,31,12.14,-3.32,27.61,3.765,0.812,12.14,17.652
pitcher_strikeouts,OVER,"[-399,-300]",HR≥75/EDG≥-/CV≤0.45/μ≥1.0/TP≥-,71,57,11.85,0.88,22.82,6.754,0.75,31,31,12.14,-3.32,27.61,3.765,0.812,11.85,10.519
pitcher_strikeouts,OVER,"[-399,-300]",HR≥75/EDG≥-/CV≤-/μ≥0.5/TP≥-,104,90,18.17,11.03,25.32,16.357,0.833,46,45,11.71,-1.25,24.67,5.269,0.762,11.71,21.626
pitcher_strikeouts,OVER,"[-399,-300]",HR≥75/EDG≥-/CV≤0.45/μ≥0.5/TP≥-,84,70,15.58,6.48,24.69,10.908,0.833,38,37,11.57,-2.85,25.99,4.281,0.789,11.57,15.189
pitcher_strikeouts,OVER,"[-399,-300]",HR≥70/EDG≥0.0/CV≤0.7/μ≥0.0/TP≥-,84,70,16.79,8.35,25.23,11.754,0.8,34,34,10.03,-5.57,25.63,3.41,0.722,10.03,15.164
pitcher_strikeouts,OVER,"[-399,-300]",HR≥70/EDG≥0.0/CV≤-/μ≥0.5/TP≥-,84,70,16.79,8.35,25.23,11.754,0.8,34,34,10.03,-5.57,25.63,3.41,0.722,10.03,15.164
pitcher_strikeouts,OVER,"[-399,-300]",HR≥70/EDG≥0.0/CV≤0.7/μ≥0.5/TP≥-,84,70,16.79,8.35,25.23,11.754,0.8,34,34,10.03,-5.57,25.63,3.41,0.722,10.03,15.164
pitcher_strikeouts,OVER,"[-399,-300]",HR≥70/EDG≥0.0/CV≤-/μ≥0.0/TP≥-,84,70,16.79,8.35,25.23,11.754,0.8,34,34,10.03,-5.57,25.63,3.41,0.722,10.03,15.164
pitcher_strikeouts,OVER,"[-399,-300]",HR≥70/EDG≥0.0/CV≤0.7/μ≥-/TP≥-,84,70,16.79,8.35,25.23,11.754,0.8,34,34,10.03,-5.57,25.63,3.41,0.722,10.03,15.164
pitcher_strikeouts,OVER,"[-399,-300]",HR≥70/EDG≥0.0/CV≤0.7/μ≥1.0/TP≥-,84,70,16.79,8.35,25.23,11.754,0.8,34,34,10.03,-5.57,25.63,3.41,0.722,10.03,15.164
pitcher_strikeouts,OVER,"[-399,-300]",HR≥70/EDG≥0.0/CV≤-/μ≥-/TP≥-,84,70,16.79,8.35,25.23,11.754,0.8,34,34,10.03,-5.57,25.63,3.41,0.722,10.03,15.164
pitcher_strikeouts,OVER,"[-399,-300]",HR≥70/EDG≥0.0/CV≤-/μ≥1.0/TP≥-,84,70,16.79,8.35,25.23,11.754,0.8,34,34,10.03,-5.57,25.63,3.41,0.722,10.03,15.164
pitcher_strikeouts,OVER,"[-399,-300]",HR≥70/EDG≥0.0/CV≤0.6/μ≥1.0/TP≥-,78,64,27.74,27.4,28.08,17.754,1.0,33,33,9.51,-6.53,25.56,3.14,0.722,9.51,20.894
pitcher_strikeouts,OVER,"[-399,-300]",HR≥70/EDG≥0.0/CV≤0.6/μ≥-/TP≥-,78,64,27.74,27.4,28.08,17.754,1.0,33,33,9.51,-6.53,25.56,3.14,0.722,9.51,20.894
pitcher_strikeouts,OVER,"[-399,-300]",HR≥70/EDG≥0.0/CV≤0.6/μ≥0.0/TP≥-,78,64,27.74,27.4,28.08,17.754,1.0,33,33,9.51,-6.53,25.56,3.14,0.722,9.51,20.894
pitcher_strikeouts,OVER,"[-399,-300]",HR≥70/EDG≥0.0/CV≤0.6/μ≥0.5/TP≥-,78,64,27.74,27.4,28.08,17.754,1.0,33,33,9.51,-6.53,25.56,3.14,0.722,9.51,20.894
pitcher_strikeouts,OVER,"[-399,-300]",HR≥70/EDG≥-/CV≤0.7/μ≥0.5/TP≥-,191,177,9.75,3.02,16.49,17.262,0.857,60,59,9.24,-2.7,21.18,5.45,0.739,9.24,22.712
pitcher_strikeouts,OVER,"[-399,-300]",HR≥70/EDG≥-5.0/CV≤0.6/μ≥-/TP≥-,110,96,10.9,2.07,19.74,10.468,0.833,46,45,8.92,-4.9,22.75,4.014,0.75,8.92,14.482
pitcher_strikeouts,OVER,"[-399,-300]",HR≥70/EDG≥-5.0/CV≤0.6/μ≥0.5/TP≥-,110,96,10.9,2.07,19.74,10.468,0.833,46,45,8.92,-4.9,22.75,4.014,0.75,8.92,14.482
pitcher_strikeouts,OVER,"[-399,-300]",HR≥70/EDG≥-5.0/CV≤0.6/μ≥0.0/TP≥-,110,96,10.9,2.07,19.74,10.468,0.833,46,45,8.92,-4.9,22.75,4.014,0.75,8.92,14.482
pitcher_strikeouts,OVER,"[-399,-300]",HR≥70/EDG≥-/CV≤0.6/μ≥0.5/TP≥-,177,163,12.89,6.38,19.4,21.008,0.857,58,57,8.62,-3.71,20.95,4.913,0.739,8.62,25.921
pitcher_strikeouts,OVER,"[-399,-300]",HR≥70/EDG≥-5.0/CV≤0.6/μ≥1.0/TP≥-,104,90,9.41,0.07,18.75,8.468,0.8,44,44,8.42,-5.68,22.53,3.707,0.75,8.42,12.175
pitcher_strikeouts,OVER,"[-399,-300]",HR≥75/EDG≥-/CV≤0.4/μ≥0.0/TP≥-,92,78,17.5,9.24,25.76,13.651,0.833,31,31,8.01,-8.95,24.98,2.484,0.722,8.01,16.135
pitcher_strikeouts,OVER,"[-399,-300]",HR≥45/EDG≥0.0/CV≤0.6/μ≥1.0/TP≥-,223,201,7.88,1.12,14.63,15.831,0.846,49,49,11.09,-1.76,23.93,5.434,0.667,7.88,21.265
pitcher_strikeouts,OVER,"[-399,-300]",HR≥50/EDG≥0.0/CV≤0.6/μ≥0.0/TP≥-,223,201,7.88,1.12,14.63,15.831,0.846,49,49,11.09,-1.76,23.93,5.434,0.667,7.88,21.265
pitcher_strikeouts,OVER,"[-399,-300]",HR≥50/EDG≥0.0/CV≤0.6/μ≥-/TP≥-,223,201,7.88,1.12,14.63,15.831,0.846,49,49,11.09,-1.76,23.93,5.434,0.667,7.88,21.265
pitcher_strikeouts,OVER,"[-399,-300]",HR≥45/EDG≥0.0/CV≤0.6/μ≥0.0/TP≥-,223,201,7.88,1.12,14.63,15.831,0.846,49,49,11.09,-1.76,23.93,5.434,0.667,7.88,21.265
pitcher_strikeouts,OVER,"[-399,-300]",HR≥50/EDG≥0.0/CV≤0.6/μ≥0.5/TP≥-,223,201,7.88,1.12,14.63,15.831,0.846,49,49,11.09,-1.76,23.93,5.434,0.667,7.88,21.265
pitcher_strikeouts,OVER,"[-399,-300]",HR≥-/EDG≥0.0/CV≤0.6/μ≥0.0/TP≥-,223,201,7.88,1.12,14.63,15.831,0.846,50,50,11.53,-1.08,24.15,5.767,0.714,7.88,21.598
pitcher_strikeouts,OVER,"[-399,-300]",HR≥-/EDG≥0.0/CV≤0.6/μ≥-/TP≥-,223,201,7.88,1.12,14.63,15.831,0.846,50,50,11.53,-1.08,24.15,5.767,0.714,7.88,21.598
pitcher_strikeouts,OVER,"[-399,-300]",HR≥-/EDG≥0.0/CV≤0.6/μ≥1.0/TP≥-,223,201,7.88,1.12,14.63,15.831,0.846,50,50,11.53,-1.08,24.15,5.767,0.714,7.88,21.598
pitcher_strikeouts,OVER,"[-399,-300]",HR≥50/EDG≥0.0/CV≤0.6/μ≥1.0/TP≥-,223,201,7.88,1.12,14.63,15.831,0.846,49,49,11.09,-1.76,23.93,5.434,0.667,7.88,21.265
pitcher_strikeouts,OVER,"[-399,-300]",HR≥45/EDG≥0.0/CV≤0.6/μ≥0.5/TP≥-,223,201,7.88,1.12,14.63,15.831,0.846,49,49,11.09,-1.76,23.93,5.434,0.667,7.88,21.265
pitcher_strikeouts,OVER,"[-399,-300]",HR≥-/EDG≥0.0/CV≤0.6/μ≥0.5/TP≥-,223,201,7.88,1.12,14.63,15.831,0.846,50,50,11.53,-1.08,24.15,5.767,0.714,7.88,21.598
pitcher_strikeouts,OVER,"[-399,-300]",HR≥45/EDG≥0.0/CV≤0.6/μ≥-/TP≥-,223,201,7.88,1.12,14.63,15.831,0.846,49,49,11.09,-1.76,23.93,5.434,0.667,7.88,21.265
pitcher_strikeouts,OVER,"[-399,-300]",HR≥70/EDG≥-/CV≤-/μ≥0.5/TP≥-,191,177,9.75,3.02,16.49,17.262,0.857,62,61,7.76,-4.32,19.85,4.736,0.696,7.76,21.998
pitcher_strikeouts,OVER,"[-399,-300]",HR≥70/EDG≥0.0/CV≤0.5/μ≥0.0/TP≥-,71,57,27.64,27.27,28.01,15.754,1.0,30,30,7.59,-9.93,25.12,2.278,0.706,7.59,18.032
pitcher_strikeouts,OVER,"[-399,-300]",HR≥70/EDG≥0.0/CV≤0.5/μ≥0.5/TP≥-,71,57,27.64,27.27,28.01,15.754,1.0,30,30,7.59,-9.93,25.12,2.278,0.706,7.59,18.032
pitcher_strikeouts,OVER,"[-399,-300]",HR≥70/EDG≥0.0/CV≤0.5/μ≥1.0/TP≥-,71,57,27.64,27.27,28.01,15.754,1.0,30,30,7.59,-9.93,25.12,2.278,0.706,7.59,18.032
pitcher_strikeouts,OVER,"[-399,-300]",HR≥70/EDG≥0.0/CV≤0.5/μ≥-/TP≥-,71,57,27.64,27.27,28.01,15.754,1.0,30,30,7.59,-9.93,25.12,2.278,0.706,7.59,18.032
pitcher_strikeouts,OVER,"[-399,-300]",HR≥70/EDG≥-5.0/CV≤0.5/μ≥0.5/TP≥-,103,89,9.51,0.04,18.99,8.468,0.833,43,42,7.51,-7.22,22.24,3.153,0.737,7.51,11.621
pitcher_strikeouts,OVER,"[-399,-300]",HR≥70/EDG≥-5.0/CV≤0.5/μ≥0.0/TP≥-,103,89,9.51,0.04,18.99,8.468,0.833,43,42,7.51,-7.22,22.24,3.153,0.737,7.51,11.621
pitcher_strikeouts,OVER,"[-399,-300]",HR≥70/EDG≥-5.0/CV≤0.5/μ≥-/TP≥-,103,89,9.51,0.04,18.99,8.468,0.833,43,42,7.51,-7.22,22.24,3.153,0.737,7.51,11.621
pitcher_strikeouts,OVER,"[-399,-300]",HR≥70/EDG≥-5.0/CV≤0.5/μ≥1.0/TP≥-,97,83,7.79,-2.27,17.85,6.468,0.8,41,41,6.94,-8.11,21.99,2.845,0.737,6.94,9.313
pitcher_strikeouts,OVER,"[-399,-300]",HR≥75/EDG≥-/CV≤0.7/μ≥0.0/TP≥-,134,120,13.42,6.0,20.83,16.101,0.857,48,47,6.92,-7.09,20.92,3.25,0.682,6.92,19.351
pitcher_strikeouts,OVER,"[-399,-300]",HR≥50/EDG≥-/CV≤-/μ≥0.5/TP≥-,520,456,6.82,2.25,11.39,31.093,0.692,118,116,7.03,-1.91,15.97,8.154,0.63,6.82,39.247
pitcher_strikeouts,OVER,"[-399,-300]",HR≥70/EDG≥-/CV≤0.5/μ≥0.5/TP≥-,163,149,11.54,4.46,18.62,17.19,0.714,53,52,6.77,-6.65,20.18,3.519,0.727,6.77,20.709
pitcher_strikeouts,OVER,"[-399,-300]",HR≥45/EDG≥0.0/CV≤-/μ≥-/TP≥-,244,222,6.5,-0.09,13.09,14.424,0.769,63,62,8.74,-3.24,20.71,5.417,0.64,6.5,19.841
pitcher_strikeouts,OVER,"[-399,-300]",HR≥45/EDG≥0.0/CV≤-/μ≥1.0/TP≥-,244,222,6.5,-0.09,13.09,14.424,0.769,63,62,8.74,-3.24,20.71,5.417,0.64,6.5,19.841
pitcher_strikeouts,OVER,"[-399,-300]",HR≥45/EDG≥0.0/CV≤-/μ≥0.0/TP≥-,244,222,6.5,-0.09,13.09,14.424,0.769,63,62,8.74,-3.24,20.71,5.417,0.64,6.5,19.841
pitcher_strikeouts,OVER,"[-399,-300]",HR≥-/EDG≥0.0/CV≤-/μ≥-/TP≥-,244,222,6.5,-0.09,13.09,14.424,0.769,64,63,9.13,-2.68,20.94,5.75,0.68,6.5,20.174
pitcher_strikeouts,OVER,"[-399,-300]",HR≥45/EDG≥0.0/CV≤-/μ≥0.5/TP≥-,244,222,6.5,-0.09,13.09,14.424,0.769,63,62,8.74,-3.24,20.71,5.417,0.64,6.5,19.841
pitcher_strikeouts,OVER,"[-399,-300]",HR≥-/EDG≥0.0/CV≤-/μ≥0.0/TP≥-,244,222,6.5,-0.09,13.09,14.424,0.769,64,63,9.13,-2.68,20.94,5.75,0.68,6.5,20.174
pitcher_strikeouts,OVER,"[-399,-300]",HR≥-/EDG≥0.0/CV≤-/μ≥1.0/TP≥-,244,222,6.5,-0.09,13.09,14.424,0.769,64,63,9.13,-2.68,20.94,5.75,0.68,6.5,20.174
pitcher_strikeouts,OVER,"[-399,-300]",HR≥-/EDG≥0.0/CV≤-/μ≥0.5/TP≥-,244,222,6.5,-0.09,13.09,14.424,0.769,64,63,9.13,-2.68,20.94,5.75,0.68,6.5,20.174
pitcher_strikeouts,OVER,"[-399,-300]",HR≥50/EDG≥-/CV≤0.7/μ≥0.5/TP≥-,512,448,6.46,1.82,11.1,28.954,0.615,109,107,7.63,-1.59,16.85,8.164,0.593,6.46,37.118
pitcher_strikeouts,OVER,"[-399,-300]",HR≥70/EDG≥-/CV≤0.4/μ≥0.0/TP≥-,132,118,21.68,16.13,27.24,25.588,0.833,40,40,6.4,-8.99,21.79,2.56,0.682,6.4,28.148
pitcher_strikeouts,OVER,"[-399,-300]",HR≥75/EDG≥-/CV≤0.45/μ≥0.0/TP≥-,114,100,10.65,1.84,19.46,10.651,0.857,41,40,6.37,-9.02,21.76,2.547,0.7,6.37,13.198
pitcher_strikeouts,OVER,"[-399,-300]",HR≥50/EDG≥0.0/CV≤0.5/μ≥1.0/TP≥-,209,187,6.33,-0.89,13.54,11.831,0.846,39,39,13.06,-0.74,26.86,5.093,0.75,6.33,16.924
pitcher_strikeouts,OVER,"[-399,-300]",HR≥45/EDG≥0.0/CV≤0.5/μ≥0.5/TP≥-,209,187,6.33,-0.89,13.54,11.831,0.846,39,39,13.06,-0.74,26.86,5.093,0.75,6.33,16.924
pitcher_strikeouts,OVER,"[-399,-300]",HR≥-/EDG≥0.0/CV≤0.5/μ≥1.0/TP≥-,209,187,6.33,-0.89,13.54,11.831,0.846,40,40,13.57,0.08,27.05,5.426,0.8,6.33,17.257
pitcher_strikeouts,OVER,"[-399,-300]",HR≥45/EDG≥0.0/CV≤0.5/μ≥1.0/TP≥-,209,187,6.33,-0.89,13.54,11.831,0.846,39,39,13.06,-0.74,26.86,5.093,0.75,6.33,16.924
pitcher_strikeouts,OVER,"[-399,-300]",HR≥-/EDG≥0.0/CV≤0.5/μ≥0.0/TP≥-,209,187,6.33,-0.89,13.54,11.831,0.846,40,40,13.57,0.08,27.05,5.426,0.8,6.33,17.257
pitcher_strikeouts,OVER,"[-399,-300]",HR≥50/EDG≥0.0/CV≤0.5/μ≥-/TP≥-,209,187,6.33,-0.89,13.54,11.831,0.846,39,39,13.06,-0.74,26.86,5.093,0.75,6.33,16.924
pitcher_strikeouts,OVER,"[-399,-300]",HR≥-/EDG≥0.0/CV≤0.5/μ≥-/TP≥-,209,187,6.33,-0.89,13.54,11.831,0.846,40,40,13.57,0.08,27.05,5.426,0.8,6.33,17.257
pitcher_strikeouts,OVER,"[-399,-300]",HR≥50/EDG≥0.0/CV≤0.5/μ≥0.5/TP≥-,209,187,6.33,-0.89,13.54,11.831,0.846,39,39,13.06,-0.74,26.86,5.093,0.75,6.33,16.924
pitcher_strikeouts,OVER,"[-399,-300]",HR≥45/EDG≥0.0/CV≤0.5/μ≥0.0/TP≥-,209,187,6.33,-0.89,13.54,11.831,0.846,39,39,13.06,-0.74,26.86,5.093,0.75,6.33,16.924
pitcher_strikeouts,OVER,"[-399,-300]",HR≥50/EDG≥0.0/CV≤0.5/μ≥0.0/TP≥-,209,187,6.33,-0.89,13.54,11.831,0.846,39,39,13.06,-0.74,26.86,5.093,0.75,6.33,16.924
pitcher_strikeouts,OVER,"[-399,-300]",HR≥45/EDG≥0.0/CV≤0.5/μ≥-/TP≥-,209,187,6.33,-0.89,13.54,11.831,0.846,39,39,13.06,-0.74,26.86,5.093,0.75,6.33,16.924
pitcher_strikeouts,OVER,"[-399,-300]",HR≥-/EDG≥0.0/CV≤0.5/μ≥0.5/TP≥-,209,187,6.33,-0.89,13.54,11.831,0.846,40,40,13.57,0.08,27.05,5.426,0.8,6.33,17.257
pitcher_strikeouts,OVER,"[-399,-300]",HR≥70/EDG≥-/CV≤0.6/μ≥1.0/TP≥-,131,117,6.29,-2.5,15.08,7.358,0.667,45,45,8.83,-4.98,22.64,3.973,0.75,6.29,11.331
pitcher_strikeouts,OVER,"[-399,-300]",HR≥70/EDG≥-5.0/CV≤0.7/μ≥-/TP≥-,124,110,6.11,-3.0,15.22,6.722,0.667,47,46,9.31,-4.23,22.86,4.285,0.75,6.11,11.007
pitcher_strikeouts,OVER,"[-399,-300]",HR≥70/EDG≥-5.0/CV≤-/μ≥0.0/TP≥-,124,110,6.11,-3.0,15.22,6.722,0.667,47,46,9.31,-4.23,22.86,4.285,0.75,6.11,11.007
pitcher_strikeouts,OVER,"[-399,-300]",HR≥70/EDG≥-5.0/CV≤0.7/μ≥0.5/TP≥-,124,110,6.11,-3.0,15.22,6.722,0.667,47,46,9.31,-4.23,22.86,4.285,0.75,6.11,11.007
pitcher_strikeouts,OVER,"[-399,-300]",HR≥70/EDG≥-5.0/CV≤0.7/μ≥0.0/TP≥-,124,110,6.11,-3.0,15.22,6.722,0.667,47,46,9.31,-4.23,22.86,4.285,0.75,6.11,11.007
pitcher_strikeouts,OVER,"[-399,-300]",HR≥70/EDG≥-5.0/CV≤-/μ≥-/TP≥-,124,110,6.11,-3.0,15.22,6.722,0.667,47,46,9.31,-4.23,22.86,4.285,0.75,6.11,11.007
pitcher_strikeouts,OVER,"[-399,-300]",HR≥70/EDG≥-5.0/CV≤-/μ≥0.5/TP≥-,124,110,6.11,-3.0,15.22,6.722,0.667,47,46,9.31,-4.23,22.86,4.285,0.75,6.11,11.007
pitcher_strikeouts,OVER,"[-399,-300]",HR≥50/EDG≥-/CV≤0.4/μ≥0.5/TP≥-,209,187,6.09,-1.1,13.29,11.396,0.75,46,46,18.39,7.69,29.08,8.458,0.833,6.09,19.854
pitcher_strikeouts,OVER,"[-399,-300]",HR≥45/EDG≥-/CV≤0.4/μ≥0.5/TP≥-,209,187,6.09,-1.1,13.29,11.396,0.75,46,46,18.39,7.69,29.08,8.458,0.833,6.09,19.854
pitcher_strikeouts,OVER,"[-399,-300]",HR≥75/EDG≥-/CV≤0.6/μ≥0.0/TP≥-,134,120,13.42,6.0,20.83,16.101,0.857,46,45,6.03,-8.55,20.61,2.713,0.667,6.03,18.814
pitcher_strikeouts,OVER,"[-399,-300]",HR≥50/EDG≥-/CV≤0.5/μ≥0.5/TP≥-,394,364,6.01,0.82,11.19,21.862,0.692,76,75,10.6,0.14,21.06,7.951,0.731,6.01,29.813
pitcher_strikeouts,OVER,"[-399,-300]",HR≥45/EDG≥-/CV≤0.5/μ≥0.5/TP≥-,394,364,6.01,0.82,11.19,21.862,0.692,76,75,10.6,0.14,21.06,7.951,0.731,6.01,29.813
pitcher_strikeouts,OVER,"[-399,-300]",HR≥70/EDG≥-5.0/CV≤0.45/μ≥-/TP≥-,70,56,28.37,27.79,28.95,15.887,1.0,40,39,5.86,-9.9,21.61,2.285,0.737,5.86,18.172
pitcher_strikeouts,OVER,"[-399,-300]",HR≥70/EDG≥-5.0/CV≤0.45/μ≥0.0/TP≥-,70,56,28.37,27.79,28.95,15.887,1.0,40,39,5.86,-9.9,21.61,2.285,0.737,5.86,18.172
pitcher_strikeouts,OVER,"[-399,-300]",HR≥70/EDG≥-5.0/CV≤0.45/μ≥0.5/TP≥-,70,56,28.37,27.79,28.95,15.887,1.0,40,39,5.86,-9.9,21.61,2.285,0.737,5.86,18.172
pitcher_strikeouts,OVER,"[-399,-300]",HR≥50/EDG≥-/CV≤0.6/μ≥0.5/TP≥-,471,407,5.82,0.93,10.72,23.701,0.615,95,94,8.77,-0.88,18.41,8.239,0.63,5.82,31.94
pitcher_strikeouts,OVER,"[-399,-300]",HR≥45/EDG≥-/CV≤0.6/μ≥0.5/TP≥-,471,407,5.82,0.93,10.72,23.701,0.615,95,94,8.77,-0.88,18.41,8.239,0.63,5.82,31.94
pitcher_strikeouts,OVER,"[-399,-300]",HR≥45/EDG≥-/CV≤0.4/μ≥0.0/TP≥-,252,230,6.53,0.09,12.96,15.008,0.778,54,54,5.55,-8.01,19.11,2.995,0.6,5.55,18.003
pitcher_strikeouts,OVER,"[-399,-300]",HR≥50/EDG≥-/CV≤0.4/μ≥0.0/TP≥-,252,230,6.53,0.09,12.96,15.008,0.778,54,54,5.55,-8.01,19.11,2.995,0.6,5.55,18.003
pitcher_strikeouts,OVER,"[-399,-300]",HR≥-/EDG≥0.0/CV≤0.7/μ≥-/TP≥-,236,214,5.54,-1.26,12.35,11.859,0.769,58,57,9.26,-3.15,21.66,5.277,0.696,5.54,17.136
pitcher_strikeouts,OVER,"[-399,-300]",HR≥45/EDG≥0.0/CV≤0.7/μ≥1.0/TP≥-,236,214,5.54,-1.26,12.35,11.859,0.769,57,56,8.83,-3.77,21.43,4.944,0.652,5.54,16.803
pitcher_strikeouts,OVER,"[-399,-300]",HR≥-/EDG≥0.0/CV≤0.7/μ≥0.0/TP≥-,236,214,5.54,-1.26,12.35,11.859,0.769,58,57,9.26,-3.15,21.66,5.277,0.696,5.54,17.136
pitcher_strikeouts,OVER,"[-399,-300]",HR≥45/EDG≥0.0/CV≤0.7/μ≥0.5/TP≥-,236,214,5.54,-1.26,12.35,11.859,0.769,57,56,8.83,-3.77,21.43,4.944,0.652,5.54,16.803
pitcher_strikeouts,OVER,"[-399,-300]",HR≥-/EDG≥0.0/CV≤0.7/μ≥0.5/TP≥-,236,214,5.54,-1.26,12.35,11.859,0.769,58,57,9.26,-3.15,21.66,5.277,0.696,5.54,17.136
pitcher_strikeouts,OVER,"[-399,-300]",HR≥-/EDG≥0.0/CV≤0.7/μ≥1.0/TP≥-,236,214,5.54,-1.26,12.35,11.859,0.769,58,57,9.26,-3.15,21.66,5.277,0.696,5.54,17.136
pitcher_strikeouts,OVER,"[-399,-300]",HR≥45/EDG≥0.0/CV≤0.7/μ≥-/TP≥-,236,214,5.54,-1.26,12.35,11.859,0.769,57,56,8.83,-3.77,21.43,4.944,0.652,5.54,16.803
pitcher_strikeouts,OVER,"[-399,-300]",HR≥45/EDG≥0.0/CV≤0.7/μ≥0.0/TP≥-,236,214,5.54,-1.26,12.35,11.859,0.769,57,56,8.83,-3.77,21.43,4.944,0.652,5.54,16.803
pitcher_strikeouts,OVER,"[-399,-300]",HR≥70/EDG≥-/CV≤0.45/μ≥1.0/TP≥-,85,71,15.51,6.55,24.47,11.012,0.75,38,38,5.2,-10.92,21.32,1.977,0.737,5.2,12.989
pitcher_strikeouts,OVER,"[-399,-300]",HR≥70/EDG≥-5.0/CV≤0.45/μ≥1.0/TP≥-,64,50,27.77,27.36,28.18,13.887,1.0,38,38,5.2,-10.92,21.32,1.977,0.737,5.2,15.864
pitcher_strikeouts,OVER,"[-399,-300]",HR≥75/EDG≥-/CV≤-/μ≥0.0/TP≥-,134,120,13.42,6.0,20.83,16.101,0.857,50,49,5.18,-8.95,19.3,2.536,0.636,5.18,18.637
pitcher_strikeouts,OVER,"[-399,-300]",HR≥70/EDG≥-/CV≤0.45/μ≥0.5/TP≥-,124,110,20.77,14.84,26.69,22.844,0.833,49,48,4.99,-9.44,19.42,2.394,0.727,4.99,25.238
pitcher_strikeouts,OVER,"[-399,-300]",HR≥75/EDG≥-/CV≤0.5/μ≥0.0/TP≥-,127,113,12.64,4.78,20.5,14.282,0.857,44,43,4.97,-10.22,20.16,2.138,0.65,4.97,16.42
pitcher_strikeouts,OVER,"[-399,-300]",HR≥70/EDG≥-/CV≤0.5/μ≥1.0/TP≥-,124,110,4.87,-4.42,14.16,5.358,0.667,41,41,6.94,-8.11,21.99,2.845,0.737,4.87,8.203
pitcher_strikeouts,OVER,"[-399,-300]",HR≥50/EDG≥0.0/CV≤-/μ≥0.5/TP≥-,229,207,4.75,-2.26,11.76,9.831,0.769,61,60,7.97,-4.36,20.3,4.781,0.625,4.75,14.612
pitcher_strikeouts,OVER,"[-399,-300]",HR≥50/EDG≥0.0/CV≤-/μ≥0.0/TP≥-,229,207,4.75,-2.26,11.76,9.831,0.769,61,60,7.97,-4.36,20.3,4.781,0.625,4.75,14.612
pitcher_strikeouts,OVER,"[-399,-300]",HR≥50/EDG≥0.0/CV≤0.7/μ≥-/TP≥-,229,207,4.75,-2.26,11.76,9.831,0.769,56,55,8.38,-4.42,21.18,4.611,0.652,4.75,14.442
pitcher_strikeouts,OVER,"[-399,-300]",HR≥50/EDG≥0.0/CV≤-/μ≥1.0/TP≥-,229,207,4.75,-2.26,11.76,9.831,0.769,61,60,7.97,-4.36,20.3,4.781,0.625,4.75,14.612
pitcher_strikeouts,OVER,"[-399,-300]",HR≥50/EDG≥0.0/CV≤0.7/μ≥0.5/TP≥-,229,207,4.75,-2.26,11.76,9.831,0.769,56,55,8.38,-4.42,21.18,4.611,0.652,4.75,14.442
pitcher_strikeouts,OVER,"[-399,-300]",HR≥50/EDG≥0.0/CV≤-/μ≥-/TP≥-,229,207,4.75,-2.26,11.76,9.831,0.769,61,60,7.97,-4.36,20.3,4.781,0.625,4.75,14.612
pitcher_strikeouts,OVER,"[-399,-300]",HR≥50/EDG≥0.0/CV≤0.7/μ≥0.0/TP≥-,229,207,4.75,-2.26,11.76,9.831,0.769,56,55,8.38,-4.42,21.18,4.611,0.652,4.75,14.442
pitcher_strikeouts,OVER,"[-399,-300]",HR≥50/EDG≥0.0/CV≤0.7/μ≥1.0/TP≥-,229,207,4.75,-2.26,11.76,9.831,0.769,56,55,8.38,-4.42,21.18,4.611,0.652,4.75,14.442
pitcher_strikeouts,OVER,"[-399,-300]",HR≥75/EDG≥-/CV≤0.7/μ≥-/TP≥-,142,128,6.33,-2.11,14.76,8.101,0.714,54,53,4.6,-9.12,18.33,2.44,0.636,4.6,10.541
pitcher_strikeouts,OVER,"[-399,-300]",HR≥70/EDG≥-5.0/CV≤0.7/μ≥1.0/TP≥-,118,104,4.54,-5.01,14.09,4.722,0.667,45,45,8.84,-4.98,22.65,3.977,0.75,4.54,8.699
pitcher_strikeouts,OVER,"[-399,-300]",HR≥70/EDG≥-5.0/CV≤-/μ≥1.0/TP≥-,118,104,4.54,-5.01,14.09,4.722,0.667,45,45,8.84,-4.98,22.65,3.977,0.75,4.54,8.699
pitcher_strikeouts,OVER,"[-399,-300]",HR≥75/EDG≥-/CV≤0.4/μ≥-/TP≥-,100,86,6.57,-3.85,17.0,5.651,0.667,37,37,4.52,-11.99,21.03,1.673,0.632,4.52,7.324
pitcher_strikeouts,OVER,"[-399,-300]",HR≥45/EDG≥-/CV≤0.45/μ≥0.5/TP≥-,306,276,4.38,-1.71,10.47,12.088,0.769,66,65,9.64,-1.82,21.11,6.268,0.72,4.38,18.356
pitcher_strikeouts,OVER,"[-399,-300]",HR≥50/EDG≥-/CV≤0.45/μ≥0.5/TP≥-,306,276,4.38,-1.71,10.47,12.088,0.769,66,65,9.64,-1.82,21.11,6.268,0.72,4.38,18.356
pitcher_strikeouts,OVER,"[-399,-300]",HR≥-/EDG≥-/CV≤0.6/μ≥0.5/TP≥-,478,414,4.03,-0.96,9.02,16.701,0.615,96,95,9.02,-0.53,18.58,8.572,0.667,4.03,25.273
pitcher_strikeouts,OVER,"[-399,-300]",HR≥-/EDG≥-/CV≤0.5/μ≥0.5/TP≥-,401,371,4.01,-1.29,9.3,14.862,0.692,77,76,10.9,0.56,21.24,8.284,0.769,4.01,23.146
pitcher_strikeouts,OVER,"[-399,-300]",HR≥55/EDG≥-/CV≤0.4/μ≥0.0/TP≥-,231,209,3.99,-2.99,10.98,8.341,0.778,54,54,5.55,-8.01,19.11,2.995,0.6,3.99,11.336
pitcher_strikeouts,OVER,"[-399,-300]",HR≥55/EDG≥-/CV≤0.6/μ≥0.5/TP≥-,366,310,3.98,-1.7,9.66,12.338,0.75,91,90,9.26,-0.49,19.01,8.333,0.667,3.98,20.671
pitcher_strikeouts,OVER,"[-399,-300]",HR≥70/EDG≥-/CV≤0.4/μ≥-/TP≥-,140,126,13.96,6.6,21.31,17.588,0.667,46,46,3.8,-11.17,18.77,1.749,0.591,3.8,19.337
pitcher_strikeouts,OVER,"[-399,-300]",HR≥75/EDG≥-/CV≤0.6/μ≥-/TP≥-,142,128,6.33,-2.11,14.76,8.101,0.714,52,51,3.73,-10.48,17.94,1.903,0.636,3.73,10.004
pitcher_strikeouts,OVER,"[-399,-300]",HR≥-/EDG≥-5.0/CV≤0.6/μ≥-/TP≥-,326,269,3.72,-2.51,9.95,9.997,0.769,67,66,11.83,1.02,22.65,7.81,0.818,3.72,17.807
pitcher_strikeouts,OVER,"[-399,-300]",HR≥50/EDG≥-5.0/CV≤0.6/μ≥0.5/TP≥-,326,269,3.72,-2.51,9.95,9.997,0.769,66,65,11.5,0.54,22.47,7.476,0.773,3.72,17.473
pitcher_strikeouts,OVER,"[-399,-300]",HR≥45/EDG≥-5.0/CV≤0.6/μ≥-/TP≥-,326,269,3.72,-2.51,9.95,9.997,0.769,66,65,11.5,0.54,22.47,7.476,0.773,3.72,17.473
pitcher_strikeouts,OVER,"[-399,-300]",HR≥50/EDG≥-5.0/CV≤0.6/μ≥-/TP≥-,326,269,3.72,-2.51,9.95,9.997,0.769,66,65,11.5,0.54,22.47,7.476,0.773,3.72,17.473
pitcher_strikeouts,OVER,"[-399,-300]",HR≥50/EDG≥-5.0/CV≤0.6/μ≥0.0/TP≥-,326,269,3.72,-2.51,9.95,9.997,0.769,66,65,11.5,0.54,22.47,7.476,0.773,3.72,17.473
pitcher_strikeouts,OVER,"[-399,-300]",HR≥45/EDG≥-5.0/CV≤0.6/μ≥0.0/TP≥-,326,269,3.72,-2.51,9.95,9.997,0.769,66,65,11.5,0.54,22.47,7.476,0.773,3.72,17.473
pitcher_strikeouts,OVER,"[-399,-300]",HR≥-/EDG≥-5.0/CV≤0.6/μ≥0.0/TP≥-,326,269,3.72,-2.51,9.95,9.997,0.769,67,66,11.83,1.02,22.65,7.81,0.818,3.72,17.807
pitcher_strikeouts,OVER,"[-399,-300]",HR≥-/EDG≥-5.0/CV≤0.6/μ≥0.5/TP≥-,326,269,3.72,-2.51,9.95,9.997,0.769,67,66,11.83,1.02,22.65,7.81,0.818,3.72,17.807
pitcher_strikeouts,OVER,"[-399,-300]",HR≥45/EDG≥-5.0/CV≤0.6/μ≥0.5/TP≥-,326,269,3.72,-2.51,9.95,9.997,0.769,66,65,11.5,0.54,22.47,7.476,0.773,3.72,17.473
pitcher_strikeouts,OVER,"[-399,-300]",HR≥45/EDG≥-5.0/CV≤-/μ≥-/TP≥-,355,298,3.64,-2.29,9.56,10.843,0.692,85,83,9.11,-1.07,19.3,7.565,0.731,3.64,18.408
pitcher_strikeouts,OVER,"[-399,-300]",HR≥-/EDG≥-5.0/CV≤-/μ≥0.5/TP≥-,355,298,3.64,-2.29,9.56,10.843,0.692,86,84,9.4,-0.68,19.49,7.899,0.769,3.64,18.742
pitcher_strikeouts,OVER,"[-399,-300]",HR≥-/EDG≥-5.0/CV≤-/μ≥-/TP≥-,355,298,3.64,-2.29,9.56,10.843,0.692,86,84,9.4,-0.68,19.49,7.899,0.769,3.64,18.742
pitcher_strikeouts,OVER,"[-399,-300]",HR≥-/EDG≥-5.0/CV≤-/μ≥0.0/TP≥-,355,298,3.64,-2.29,9.56,10.843,0.692,86,84,9.4,-0.68,19.49,7.899,0.769,3.64,18.742
pitcher_strikeouts,OVER,"[-399,-300]",HR≥45/EDG≥-5.0/CV≤-/μ≥0.0/TP≥-,355,298,3.64,-2.29,9.56,10.843,0.692,85,83,9.11,-1.07,19.3,7.565,0.731,3.64,18.408
pitcher_strikeouts,OVER,"[-399,-300]",HR≥45/EDG≥-5.0/CV≤-/μ≥0.5/TP≥-,355,298,3.64,-2.29,9.56,10.843,0.692,85,83,9.11,-1.07,19.3,7.565,0.731,3.64,18.408
pitcher_strikeouts,OVER,"[-399,-300]",HR≥-/EDG≥-/CV≤0.4/μ≥0.0/TP≥-,259,237,3.38,-3.27,10.03,8.008,0.667,55,55,6.05,-7.3,19.4,3.328,0.6,3.38,11.336
pitcher_strikeouts,OVER,"[-399,-300]",HR≥45/EDG≥-/CV≤0.4/μ≥-/TP≥-,266,244,3.67,-2.87,10.2,8.944,0.8,64,64,3.33,-9.57,16.22,2.128,0.538,3.33,11.072
pitcher_strikeouts,OVER,"[-399,-300]",HR≥50/EDG≥-/CV≤0.4/μ≥-/TP≥-,266,244,3.67,-2.87,10.2,8.944,0.8,64,64,3.33,-9.57,16.22,2.128,0.538,3.33,11.072
pitcher_strikeouts,OVER,"[-399,-300]",HR≥55/EDG≥-/CV≤-/μ≥0.5/TP≥-,388,332,3.23,-2.31,8.78,10.73,0.75,105,103,7.9,-1.42,17.22,8.136,0.593,3.23,18.866
pitcher_strikeouts,OVER,"[-399,-300]",HR≥75/EDG≥-/CV≤-/μ≥-/TP≥-,142,128,6.33,-2.11,14.76,8.101,0.714,56,55,3.14,-10.63,16.9,1.725,0.591,3.14,9.826
pitcher_strikeouts,OVER,"[-399,-300]",HR≥50/EDG≥-5.0/CV≤0.6/μ≥1.0/TP≥-,320,263,3.04,-3.31,9.39,7.997,0.769,64,64,11.2,0.08,22.32,7.169,0.773,3.04,15.166
pitcher_strikeouts,OVER,"[-399,-300]",HR≥45/EDG≥-5.0/CV≤0.6/μ≥1.0/TP≥-,320,263,3.04,-3.31,9.39,7.997,0.769,64,64,11.2,0.08,22.32,7.169,0.773,3.04,15.166
pitcher_strikeouts,OVER,"[-399,-300]",HR≥-/EDG≥-5.0/CV≤0.6/μ≥1.0/TP≥-,320,263,3.04,-3.31,9.39,7.997,0.769,65,65,11.54,0.57,22.51,7.502,0.818,3.04,15.499
pitcher_strikeouts,OVER,"[-399,-300]",HR≥-/EDG≥-5.0/CV≤-/μ≥1.0/TP≥-,349,292,3.03,-3.0,9.05,8.843,0.692,84,83,9.15,-1.05,19.34,7.591,0.769,3.03,16.434
pitcher_strikeouts,OVER,"[-399,-300]",HR≥45/EDG≥-5.0/CV≤-/μ≥1.0/TP≥-,349,292,3.03,-3.0,9.05,8.843,0.692,83,82,8.85,-1.45,19.15,7.258,0.731,3.03,16.101
pitcher_strikeouts,OVER,"[-399,-300]",HR≥-/EDG≥-/CV≤0.6/μ≥0.0/TP≥-,543,479,3.44,-1.24,8.12,16.477,0.615,113,112,2.87,-6.87,12.6,3.209,0.519,2.87,19.686
pitcher_strikeouts,OVER,"[-399,-300]",HR≥45/EDG≥-5.0/CV≤0.7/μ≥-/TP≥-,347,290,2.85,-3.21,8.92,8.279,0.692,78,76,8.99,-1.7,19.69,6.836,0.76,2.85,15.115
pitcher_strikeouts,OVER,"[-399,-300]",HR≥-/EDG≥-5.0/CV≤0.7/μ≥0.5/TP≥-,347,290,2.85,-3.21,8.92,8.279,0.692,79,77,9.31,-1.26,19.88,7.169,0.8,2.85,15.448
pitcher_strikeouts,OVER,"[-399,-300]",HR≥45/EDG≥-5.0/CV≤0.7/μ≥0.0/TP≥-,347,290,2.85,-3.21,8.92,8.279,0.692,78,76,8.99,-1.7,19.69,6.836,0.76,2.85,15.115
pitcher_strikeouts,OVER,"[-399,-300]",HR≥55/EDG≥-/CV≤0.4/μ≥0.5/TP≥-,188,166,2.85,-5.12,10.82,4.729,0.75,46,46,18.39,7.69,29.08,8.458,0.833,2.85,13.187
pitcher_strikeouts,OVER,"[-399,-300]",HR≥45/EDG≥-5.0/CV≤0.7/μ≥0.5/TP≥-,347,290,2.85,-3.21,8.92,8.279,0.692,78,76,8.99,-1.7,19.69,6.836,0.76,2.85,15.115
pitcher_strikeouts,OVER,"[-399,-300]",HR≥-/EDG≥-5.0/CV≤0.7/μ≥-/TP≥-,347,290,2.85,-3.21,8.92,8.279,0.692,79,77,9.31,-1.26,19.88,7.169,0.8,2.85,15.448
pitcher_strikeouts,OVER,"[-399,-300]",HR≥-/EDG≥-5.0/CV≤0.7/μ≥0.0/TP≥-,347,290,2.85,-3.21,8.92,8.279,0.692,79,77,9.31,-1.26,19.88,7.169,0.8,2.85,15.448
pitcher_strikeouts,OVER,"[-399,-300]",HR≥-/EDG≥-/CV≤0.5/μ≥0.0/TP≥-,458,428,5.29,0.46,10.12,22.638,0.692,88,87,2.83,-8.28,13.94,2.462,0.556,2.83,25.1
pitcher_strikeouts,OVER,"[-399,-300]",HR≥70/EDG≥-/CV≤-/μ≥1.0/TP≥-,145,131,2.76,-6.04,11.55,3.611,0.5,49,49,7.75,-5.73,21.22,3.796,0.714,2.76,7.407
pitcher_strikeouts,OVER,"[-399,-300]",HR≥70/EDG≥-/CV≤0.7/μ≥1.0/TP≥-,145,131,2.76,-6.04,11.55,3.611,0.5,47,47,9.6,-3.66,22.86,4.51,0.762,2.76,8.121
pitcher_strikeouts,OVER,"[-399,-300]",HR≥75/EDG≥-/CV≤0.5/μ≥-/TP≥-,135,121,5.19,-3.69,14.07,6.282,0.714,50,49,2.71,-12.02,17.43,1.327,0.619,2.71,7.609
pitcher_strikeouts,OVER,"[-399,-300]",HR≥55/EDG≥-/CV≤0.7/μ≥0.5/TP≥-,380,324,2.65,-3.01,8.32,8.591,0.75,100,98,8.19,-1.33,17.71,8.022,0.63,2.65,16.613
pitcher_strikeouts,OVER,"[-399,-300]",HR≥45/EDG≥-/CV≤0.5/μ≥0.0/TP≥-,451,421,7.04,2.31,11.77,29.638,0.692,87,86,2.48,-8.74,13.69,2.129,0.519,2.48,31.767
pitcher_strikeouts,OVER,"[-399,-300]",HR≥50/EDG≥-/CV≤0.5/μ≥0.0/TP≥-,451,421,7.04,2.31,11.77,29.638,0.692,87,86,2.48,-8.74,13.69,2.129,0.519,2.48,31.767
pitcher_strikeouts,OVER,"[-399,-300]",HR≥75/EDG≥-/CV≤0.45/μ≥-/TP≥-,122,108,2.45,-7.37,12.28,2.651,0.714,47,46,3.78,-11.19,18.74,1.737,0.667,2.45,4.388
pitcher_strikeouts,OVER,"[-399,-300]",HR≥45/EDG≥-/CV≤-/μ≥1.0/TP≥-,414,357,2.33,-3.15,7.82,8.333,0.714,97,96,5.08,-5.08,15.24,4.876,0.593,2.33,13.209
pitcher_strikeouts,OVER,"[-399,-300]",HR≥-/EDG≥-/CV≤-/μ≥1.0/TP≥-,414,357,2.33,-3.15,7.82,8.333,0.714,100,99,4.54,-5.56,14.64,4.495,0.593,2.33,12.828
pitcher_strikeouts,OVER,"[-399,-300]",HR≥-/EDG≥-/CV≤0.4/μ≥0.5/TP≥-,216,194,2.27,-5.21,9.74,4.396,0.625,47,47,18.7,8.22,29.19,8.791,0.833,2.27,13.187
pitcher_strikeouts,OVER,"[-399,-300]",HR≥50/EDG≥-5.0/CV≤-/μ≥-/TP≥-,340,283,2.21,-3.99,8.4,6.25,0.692,83,81,8.55,-1.86,18.97,6.929,0.72,2.21,13.179
pitcher_strikeouts,OVER,"[-399,-300]",HR≥50/EDG≥-5.0/CV≤0.7/μ≥0.0/TP≥-,340,283,2.21,-3.99,8.4,6.25,0.692,77,75,8.67,-2.15,19.49,6.503,0.76,2.21,12.753
pitcher_strikeouts,OVER,"[-399,-300]",HR≥50/EDG≥-5.0/CV≤0.7/μ≥-/TP≥-,340,283,2.21,-3.99,8.4,6.25,0.692,77,75,8.67,-2.15,19.49,6.503,0.76,2.21,12.753
pitcher_strikeouts,OVER,"[-399,-300]",HR≥45/EDG≥-5.0/CV≤0.7/μ≥1.0/TP≥-,341,284,2.21,-3.96,8.38,6.279,0.692,76,75,8.7,-2.12,19.53,6.528,0.76,2.21,12.807
pitcher_strikeouts,OVER,"[-399,-300]",HR≥50/EDG≥-5.0/CV≤-/μ≥0.5/TP≥-,340,283,2.21,-3.99,8.4,6.25,0.692,83,81,8.55,-1.86,18.97,6.929,0.72,2.21,13.179
pitcher_strikeouts,OVER,"[-399,-300]",HR≥-/EDG≥-5.0/CV≤0.7/μ≥1.0/TP≥-,341,284,2.21,-3.96,8.38,6.279,0.692,77,76,9.03,-1.67,19.72,6.862,0.8,2.21,13.141
pitcher_strikeouts,OVER,"[-399,-300]",HR≥50/EDG≥-5.0/CV≤0.7/μ≥0.5/TP≥-,340,283,2.21,-3.99,8.4,6.25,0.692,77,75,8.67,-2.15,19.49,6.503,0.76,2.21,12.753
pitcher_strikeouts,OVER,"[-399,-300]",HR≥50/EDG≥-5.0/CV≤-/μ≥0.0/TP≥-,340,283,2.21,-3.99,8.4,6.25,0.692,83,81,8.55,-1.86,18.97,6.929,0.72,2.21,13.179
pitcher_strikeouts,OVER,"[-399,-300]",HR≥45/EDG≥-/CV≤-/μ≥0.5/TP≥-,569,505,2.12,-2.54,6.77,10.686,0.714,120,118,7.45,-1.36,16.25,8.79,0.63,2.12,19.476
pitcher_strikeouts,OVER,"[-399,-300]",HR≥60/EDG≥-/CV≤0.4/μ≥0.0/TP≥-,217,195,2.12,-5.3,9.54,4.126,0.75,52,52,4.57,-9.45,18.58,2.376,0.6,2.12,6.502
pitcher_strikeouts,OVER,"[-399,-300]",HR≥50/EDG≥0.0/CV≤0.45/μ≥1.0/TP≥-,182,160,2.06,-6.19,10.31,3.297,0.833,33,33,9.92,-6.19,26.03,3.272,0.737,2.06,6.569
pitcher_strikeouts,OVER,"[-399,-300]",HR≥45/EDG≥0.0/CV≤0.45/μ≥1.0/TP≥-,182,160,2.06,-6.19,10.31,3.297,0.833,33,33,9.92,-6.19,26.03,3.272,0.737,2.06,6.569
pitcher_strikeouts,OVER,"[-399,-300]",HR≥50/EDG≥0.0/CV≤0.45/μ≥0.0/TP≥-,182,160,2.06,-6.19,10.31,3.297,0.833,33,33,9.92,-6.19,26.03,3.272,0.737,2.06,6.569
pitcher_strikeouts,OVER,"[-399,-300]",HR≥50/EDG≥0.0/CV≤0.45/μ≥0.5/TP≥-,182,160,2.06,-6.19,10.31,3.297,0.833,33,33,9.92,-6.19,26.03,3.272,0.737,2.06,6.569
pitcher_strikeouts,OVER,"[-399,-300]",HR≥-/EDG≥0.0/CV≤0.45/μ≥-/TP≥-,182,160,2.06,-6.19,10.31,3.297,0.833,34,34,10.6,-5.08,26.29,3.606,0.789,2.06,6.903
pitcher_strikeouts,OVER,"[-399,-300]",HR≥-/EDG≥0.0/CV≤0.45/μ≥0.0/TP≥-,182,160,2.06,-6.19,10.31,3.297,0.833,34,34,10.6,-5.08,26.29,3.606,0.789,2.06,6.903
pitcher_strikeouts,OVER,"[-399,-300]",HR≥-/EDG≥0.0/CV≤0.45/μ≥0.5/TP≥-,182,160,2.06,-6.19,10.31,3.297,0.833,34,34,10.6,-5.08,26.29,3.606,0.789,2.06,6.903
pitcher_strikeouts,OVER,"[-399,-300]",HR≥50/EDG≥0.0/CV≤0.45/μ≥-/TP≥-,182,160,2.06,-6.19,10.31,3.297,0.833,33,33,9.92,-6.19,26.03,3.272,0.737,2.06,6.569
pitcher_strikeouts,OVER,"[-399,-300]",HR≥-/EDG≥0.0/CV≤0.45/μ≥1.0/TP≥-,182,160,2.06,-6.19,10.31,3.297,0.833,34,34,10.6,-5.08,26.29,3.606,0.789,2.06,6.903
pitcher_strikeouts,OVER,"[-399,-300]",HR≥45/EDG≥0.0/CV≤0.45/μ≥-/TP≥-,182,160,2.06,-6.19,10.31,3.297,0.833,33,33,9.92,-6.19,26.03,3.272,0.737,2.06,6.569
pitcher_strikeouts,OVER,"[-399,-300]",HR≥45/EDG≥0.0/CV≤0.45/μ≥0.0/TP≥-,182,160,2.06,-6.19,10.31,3.297,0.833,33,33,9.92,-6.19,26.03,3.272,0.737,2.06,6.569
pitcher_strikeouts,OVER,"[-399,-300]",HR≥45/EDG≥0.0/CV≤0.45/μ≥0.5/TP≥-,182,160,2.06,-6.19,10.31,3.297,0.833,33,33,9.92,-6.19,26.03,3.272,0.737,2.06,6.569
pitcher_strikeouts,OVER,"[-399,-300]",HR≥-/EDG≥-/CV≤0.6/μ≥-/TP≥-,592,515,3.25,-1.27,7.77,16.748,0.615,128,127,2.0,-7.26,11.27,2.544,0.481,2.0,19.292
pitcher_strikeouts,OVER,"[-399,-300]",HR≥-/EDG≥-/CV≤0.45/μ≥0.0/TP≥-,356,326,2.67,-3.07,8.4,8.701,0.615,76,75,1.96,-10.15,14.07,1.472,0.577,1.96,10.173
pitcher_strikeouts,OVER,"[-399,-300]",HR≥-/EDG≥-/CV≤0.5/μ≥1.0/TP≥-,314,284,1.93,-4.29,8.15,5.481,0.769,58,58,9.49,-2.71,21.68,5.502,0.773,1.93,10.983
pitcher_strikeouts,OVER,"[-399,-300]",HR≥50/EDG≥-/CV≤0.5/μ≥1.0/TP≥-,314,284,1.93,-4.29,8.15,5.481,0.769,57,57,9.07,-3.32,21.45,5.168,0.727,1.93,10.649
pitcher_strikeouts,OVER,"[-399,-300]",HR≥45/EDG≥-/CV≤0.5/μ≥1.0/TP≥-,314,284,1.93,-4.29,8.15,5.481,0.769,57,57,9.07,-3.32,21.45,5.168,0.727,1.93,10.649
pitcher_strikeouts,OVER,"[-399,-300]",HR≥45/EDG≥-/CV≤-/μ≥0.0/TP≥-,653,589,2.79,-1.48,7.06,16.443,0.786,134,132,1.9,-7.16,10.97,2.512,0.519,1.9,18.955
pitcher_strikeouts,OVER,"[-399,-300]",HR≥55/EDG≥-/CV≤0.45/μ≥0.5/TP≥-,244,222,1.89,-5.08,8.85,4.187,0.727,64,63,9.01,-2.79,20.81,5.675,0.72,1.89,9.862
pitcher_strikeouts,OVER,"[-399,-300]",HR≥55/EDG≥-/CV≤0.5/μ≥0.0/TP≥-,354,332,3.1,-2.49,8.68,10.276,0.583,85,84,1.83,-9.62,13.28,1.536,0.519,1.83,11.812
pitcher_strikeouts,OVER,"[-399,-300]",HR≥45/EDG≥-/CV≤0.6/μ≥0.0/TP≥-,536,472,4.97,0.37,9.58,23.477,0.615,109,108,1.82,-8.23,11.86,1.962,0.481,1.82,25.439
pitcher_strikeouts,OVER,"[-399,-300]",HR≥45/EDG≥-/CV≤0.7/μ≥0.0/TP≥-,637,573,2.05,-2.33,6.42,11.74,0.714,124,122,1.82,-7.63,11.27,2.22,0.519,1.82,13.96
pitcher_strikeouts,OVER,"[-399,-300]",HR≥-/EDG≥-/CV≤0.45/μ≥0.5/TP≥-,313,283,1.8,-4.43,8.03,5.088,0.692,67,66,10.0,-1.31,21.32,6.601,0.76,1.8,11.689
pitcher_strikeouts,OVER,"[-399,-300]",HR≥50/EDG≥-5.0/CV≤0.5/μ≥0.0/TP≥-,278,248,1.67,-5.03,8.36,4.13,0.769,54,53,12.43,0.49,24.36,6.587,0.762,1.67,10.717
pitcher_strikeouts,OVER,"[-399,-300]",HR≥-/EDG≥-5.0/CV≤0.5/μ≥-/TP≥-,278,248,1.67,-5.03,8.36,4.13,0.769,55,54,12.81,1.08,24.55,6.92,0.81,1.67,11.05
pitcher_strikeouts,OVER,"[-399,-300]",HR≥45/EDG≥-5.0/CV≤0.5/μ≥0.0/TP≥-,278,248,1.67,-5.03,8.36,4.13,0.769,54,53,12.43,0.49,24.36,6.587,0.762,1.67,10.717
pitcher_strikeouts,OVER,"[-399,-300]",HR≥-/EDG≥-5.0/CV≤0.5/μ≥0.0/TP≥-,278,248,1.67,-5.03,8.36,4.13,0.769,55,54,12.81,1.08,24.55,6.92,0.81,1.67,11.05
pitcher_strikeouts,OVER,"[-399,-300]",HR≥45/EDG≥-5.0/CV≤0.5/μ≥0.5/TP≥-,278,248,1.67,-5.03,8.36,4.13,0.769,54,53,12.43,0.49,24.36,6.587,0.762,1.67,10.717
pitcher_strikeouts,OVER,"[-399,-300]",HR≥45/EDG≥-5.0/CV≤0.5/μ≥-/TP≥-,278,248,1.67,-5.03,8.36,4.13,0.769,54,53,12.43,0.49,24.36,6.587,0.762,1.67,10.717
pitcher_strikeouts,OVER,"[-399,-300]",HR≥50/EDG≥-5.0/CV≤0.5/μ≥0.5/TP≥-,278,248,1.67,-5.03,8.36,4.13,0.769,54,53,12.43,0.49,24.36,6.587,0.762,1.67,10.717
pitcher_strikeouts,OVER,"[-399,-300]",HR≥50/EDG≥-5.0/CV≤0.5/μ≥-/TP≥-,278,248,1.67,-5.03,8.36,4.13,0.769,54,53,12.43,0.49,24.36,6.587,0.762,1.67,10.717
pitcher_strikeouts,OVER,"[-399,-300]",HR≥-/EDG≥-5.0/CV≤0.5/μ≥0.5/TP≥-,278,248,1.67,-5.03,8.36,4.13,0.769,55,54,12.81,1.08,24.55,6.92,0.81,1.67,11.05
pitcher_strikeouts,OVER,"[-399,-300]",HR≥45/EDG≥-/CV≤0.5/μ≥-/TP≥-,472,442,5.81,1.1,10.53,25.695,0.692,98,97,1.62,-9.07,12.32,1.575,0.519,1.62,27.27
pitcher_strikeouts,OVER,"[-399,-300]",HR≥45/EDG≥-/CV≤0.6/μ≥-/TP≥-,585,508,4.67,0.22,9.13,23.748,0.615,122,121,1.62,-7.9,11.14,1.963,0.481,1.62,25.711
pitcher_strikeouts,OVER,"[-399,-300]",HR≥50/EDG≥-/CV≤0.5/μ≥-/TP≥-,472,442,5.81,1.1,10.53,25.695,0.692,98,97,1.62,-9.07,12.32,1.575,0.519,1.62,27.27
pitcher_strikeouts,OVER,"[-399,-300]",HR≥-/EDG≥-/CV≤-/μ≥0.0/TP≥-,660,596,1.58,-2.73,5.9,9.443,0.786,143,141,1.85,-6.93,10.63,2.61,0.519,1.58,12.053
pitcher_strikeouts,OVER,"[-399,-300]",HR≥50/EDG≥-/CV≤0.6/μ≥0.0/TP≥-,536,472,4.97,0.37,9.58,23.477,0.615,108,107,1.57,-8.55,11.7,1.684,0.444,1.57,25.161
pitcher_strikeouts,OVER,"[-399,-300]",HR≥45/EDG≥-/CV≤0.45/μ≥0.0/TP≥-,349,319,4.92,-0.69,10.53,15.701,0.692,75,74,1.54,-10.71,13.78,1.138,0.538,1.54,16.839
pitcher_strikeouts,OVER,"[-399,-300]",HR≥50/EDG≥-/CV≤0.45/μ≥0.0/TP≥-,349,319,4.92,-0.69,10.53,15.701,0.692,75,74,1.54,-10.71,13.78,1.138,0.538,1.54,16.839
pitcher_strikeouts,OVER,"[-399,-300]",HR≥50/EDG≥-5.0/CV≤-/μ≥1.0/TP≥-,334,277,1.53,-4.77,7.84,4.25,0.692,81,80,8.28,-2.25,18.8,6.621,0.72,1.53,10.871
pitcher_strikeouts,OVER,"[-399,-300]",HR≥50/EDG≥-5.0/CV≤0.7/μ≥1.0/TP≥-,334,277,1.53,-4.77,7.84,4.25,0.692,75,74,8.37,-2.58,19.32,6.195,0.76,1.53,10.445
pitcher_strikeouts,OVER,"[-399,-300]",HR≥55/EDG≥-/CV≤0.6/μ≥0.0/TP≥-,431,375,3.23,-2.0,8.47,12.114,0.75,103,102,1.48,-8.91,11.87,1.511,0.481,1.48,13.625
pitcher_strikeouts,OVER,"[-399,-300]",HR≥50/EDG≥-/CV≤0.7/μ≥-/TP≥-,658,581,3.78,-0.46,8.03,21.982,0.615,136,134,1.43,-7.64,10.49,1.913,0.519,1.43,23.895
pitcher_strikeouts,OVER,"[-399,-300]",HR≥50/EDG≥-/CV≤0.6/μ≥-/TP≥-,585,508,4.67,0.22,9.13,23.748,0.615,121,120,1.4,-8.19,10.99,1.686,0.444,1.4,25.434
pitcher_strikeouts,OVER,"[-399,-300]",HR≥50/EDG≥-/CV≤0.7/μ≥0.0/TP≥-,596,532,6.52,2.27,10.78,34.711,0.692,122,120,1.34,-8.24,10.92,1.608,0.481,1.34,36.319
pitcher_strikeouts,OVER,"[-399,-300]",HR≥50/EDG≥-/CV≤-/μ≥0.0/TP≥-,604,540,6.82,2.63,11.02,36.85,0.769,131,129,1.24,-8.0,10.48,1.598,0.481,1.24,38.448
pitcher_strikeouts,OVER,"[-399,-300]",HR≥-/EDG≥-/CV≤0.5/μ≥-/TP≥-,479,449,4.16,-0.64,8.96,18.695,0.692,101,100,1.24,-9.36,11.84,1.242,0.519,1.24,19.937
pitcher_strikeouts,OVER,"[-399,-300]",HR≥45/EDG≥-/CV≤0.7/μ≥0.5/TP≥-,553,489,1.22,-3.56,6.01,5.983,0.643,110,108,7.87,-1.28,17.02,8.497,0.593,1.22,14.48
pitcher_strikeouts,OVER,"[-399,-300]",HR≥55/EDG≥-/CV≤-/μ≥0.0/TP≥-,459,403,3.1,-1.96,8.16,12.487,0.75,117,115,1.14,-8.65,10.94,1.314,0.519,1.14,13.801
pitcher_strikeouts,OVER,"[-399,-300]",HR≥55/EDG≥-/CV≤0.7/μ≥0.0/TP≥-,451,395,2.62,-2.53,7.77,10.348,0.75,112,110,1.09,-8.94,11.12,1.2,0.519,1.09,11.548
pitcher_strikeouts,OVER,"[-399,-300]",HR≥55/EDG≥-/CV≤0.6/μ≥-/TP≥-,445,389,1.56,-3.71,6.82,6.05,0.667,115,114,1.09,-8.8,10.98,1.243,0.444,1.09,7.293
pitcher_strikeouts,OVER,"[-399,-300]",HR≥45/EDG≥-/CV≤0.6/μ≥1.0/TP≥-,370,313,1.07,-4.9,7.04,3.348,0.692,72,72,6.01,-5.58,17.59,4.325,0.625,1.07,7.673
pitcher_strikeouts,OVER,"[-399,-300]",HR≥-/EDG≥-/CV≤0.6/μ≥1.0/TP≥-,370,313,1.07,-4.9,7.04,3.348,0.692,73,73,6.38,-5.07,17.83,4.658,0.667,1.07,8.006
pitcher_strikeouts,OVER,"[-399,-300]",HR≥50/EDG≥-/CV≤0.6/μ≥1.0/TP≥-,370,313,1.07,-4.9,7.04,3.348,0.692,72,72,6.01,-5.58,17.59,4.325,0.625,1.07,7.673
pitcher_strikeouts,OVER,"[-399,-300]",HR≥-/EDG≥-/CV≤0.7/μ≥1.0/TP≥-,398,341,1.06,-4.64,6.77,3.63,0.643,90,89,4.72,-5.92,15.36,4.202,0.63,1.06,7.832
pitcher_strikeouts,OVER,"[-399,-300]",HR≥45/EDG≥-/CV≤0.7/μ≥1.0/TP≥-,398,341,1.06,-4.64,6.77,3.63,0.643,87,86,5.33,-5.39,16.04,4.583,0.63,1.06,8.213
pitcher_strikeouts,OVER,"[-399,-300]",HR≥55/EDG≥-/CV≤0.5/μ≥-/TP≥-,368,346,1.22,-4.41,6.84,4.211,0.583,96,95,1.03,-9.86,11.92,0.981,0.481,1.03,5.192
pitcher_strikeouts,OVER,"[-399,-300]",HR≥55/EDG≥-/CV≤0.4/μ≥-/TP≥-,245,223,1.02,-6.04,8.08,2.277,0.8,64,64,3.33,-9.57,16.22,2.128,0.538,1.02,4.405
pitcher_strikeouts,OVER,"[-399,-300]",HR≥55/EDG≥-/CV≤0.5/μ≥0.5/TP≥-,297,275,0.91,-5.41,7.22,2.499,0.667,74,73,10.08,-0.64,20.8,7.358,0.731,0.91,9.857
pitcher_strikeouts,OVER,"[-399,-300]",HR≥-/EDG≥-5.0/CV≤0.5/μ≥1.0/TP≥-,272,242,0.88,-5.95,7.71,2.13,0.769,53,53,12.48,0.53,24.42,6.612,0.81,0.88,8.742
pitcher_strikeouts,OVER,"[-399,-300]",HR≥45/EDG≥-5.0/CV≤0.5/μ≥1.0/TP≥-,272,242,0.88,-5.95,7.71,2.13,0.769,52,52,12.07,-0.07,24.22,6.279,0.762,0.88,8.409
pitcher_strikeouts,OVER,"[-399,-300]",HR≥50/EDG≥-5.0/CV≤0.5/μ≥1.0/TP≥-,272,242,0.88,-5.95,7.71,2.13,0.769,52,52,12.07,-0.07,24.22,6.279,0.762,0.88,8.409
pitcher_strikeouts,OVER,"[-399,-300]",HR≥-/EDG≥-/CV≤0.7/μ≥0.0/TP≥-,644,580,0.82,-3.6,5.23,4.74,0.714,131,129,2.36,-6.77,11.49,3.047,0.519,0.82,7.787
pitcher_strikeouts,OVER,"[-399,-300]",HR≥-/EDG≥-/CV≤0.4/μ≥-/TP≥-,273,251,0.77,-5.92,7.47,1.944,0.7,66,66,2.21,-10.69,15.12,1.461,0.538,0.77,3.405
pitcher_strikeouts,OVER,"[-399,-300]",HR≥55/EDG≥-/CV≤0.7/μ≥-/TP≥-,465,409,1.05,-4.13,6.22,4.283,0.667,124,122,0.76,-8.82,10.34,0.932,0.481,0.76,5.215
pitcher_strikeouts,OVER,"[-399,-300]",HR≥55/EDG≥-/CV≤0.45/μ≥0.0/TP≥-,287,265,2.94,-3.34,9.23,7.8,0.667,73,72,0.76,-11.78,13.29,0.545,0.538,0.76,8.345
pitcher_strikeouts,OVER,"[-399,-300]",HR≥45/EDG≥-/CV≤-/μ≥-/TP≥-,729,652,1.23,-2.91,5.38,8.047,0.643,151,149,0.75,-7.92,9.41,1.116,0.481,0.75,9.163
pitcher_strikeouts,OVER,"[-399,-300]",HR≥-/EDG≥-/CV≤-/μ≥0.5/TP≥-,576,512,0.72,-3.98,5.42,3.686,0.714,125,123,6.24,-2.56,15.05,7.679,0.593,0.72,11.365
pitcher_strikeouts,OVER,"[-399,-300]",HR≥50/EDG≥-/CV≤-/μ≥1.0/TP≥-,392,335,0.52,-5.28,6.31,1.74,0.692,95,94,4.51,-5.84,14.86,4.239,0.593,0.52,5.979
pitcher_strikeouts,OVER,"[-399,-300]",HR≥60/EDG≥-/CV≤0.5/μ≥0.0/TP≥-,325,303,0.49,-5.55,6.54,1.496,0.583,83,82,1.12,-10.57,12.81,0.917,0.519,0.49,2.413
pitcher_strikeouts,OVER,"[-399,-300]",HR≥50/EDG≥5.0/CV≤0.6/μ≥1.0/TP≥-,139,117,0.34,-9.68,10.35,0.393,0.917,31,31,17.43,3.65,31.2,5.402,0.85,0.34,5.795
pitcher_strikeouts,OVER,"[-399,-300]",HR≥45/EDG≥5.0/CV≤0.6/μ≥-/TP≥-,139,117,0.34,-9.68,10.35,0.393,0.917,31,31,17.43,3.65,31.2,5.402,0.85,0.34,5.795
pitcher_strikeouts,OVER,"[-399,-300]",HR≥-/EDG≥5.0/CV≤0.6/μ≥0.0/TP≥-,139,117,0.34,-9.68,10.35,0.393,0.917,32,32,17.92,4.55,31.29,5.736,0.9,0.34,6.129
pitcher_strikeouts,OVER,"[-399,-300]",HR≥45/EDG≥5.0/CV≤0.6/μ≥1.0/TP≥-,139,117,0.34,-9.68,10.35,0.393,0.917,31,31,17.43,3.65,31.2,5.402,0.85,0.34,5.795
pitcher_strikeouts,OVER,"[-399,-300]",HR≥-/EDG≥5.0/CV≤0.6/μ≥1.0/TP≥-,139,117,0.34,-9.68,10.35,0.393,0.917,32,32,17.92,4.55,31.29,5.736,0.9,0.34,6.129
pitcher_strikeouts,OVER,"[-399,-300]",HR≥45/EDG≥5.0/CV≤0.6/μ≥0.0/TP≥-,139,117,0.34,-9.68,10.35,0.393,0.917,31,31,17.43,3.65,31.2,5.402,0.85,0.34,5.795
pitcher_strikeouts,OVER,"[-399,-300]",HR≥50/EDG≥5.0/CV≤0.6/μ≥0.5/TP≥-,139,117,0.34,-9.68,10.35,0.393,0.917,31,31,17.43,3.65,31.2,5.402,0.85,0.34,5.795
pitcher_strikeouts,OVER,"[-399,-300]",HR≥-/EDG≥5.0/CV≤0.6/μ≥0.5/TP≥-,139,117,0.34,-9.68,10.35,0.393,0.917,32,32,17.92,4.55,31.29,5.736,0.9,0.34,6.129
pitcher_strikeouts,OVER,"[-399,-300]",HR≥50/EDG≥5.0/CV≤0.6/μ≥0.0/TP≥-,139,117,0.34,-9.68,10.35,0.393,0.917,31,31,17.43,3.65,31.2,5.402,0.85,0.34,5.795
pitcher_strikeouts,OVER,"[-399,-300]",HR≥50/EDG≥5.0/CV≤0.6/μ≥-/TP≥-,139,117,0.34,-9.68,10.35,0.393,0.917,31,31,17.43,3.65,31.2,5.402,0.85,0.34,5.795
pitcher_strikeouts,OVER,"[-399,-300]",HR≥60/EDG≥-/CV≤0.4/μ≥0.5/TP≥-,174,152,0.34,-8.26,8.93,0.514,0.714,44,44,17.82,6.66,28.97,7.839,0.826,0.34,8.353
pitcher_strikeouts,OVER,"[-399,-300]",HR≥-/EDG≥5.0/CV≤0.6/μ≥-/TP≥-,139,117,0.34,-9.68,10.35,0.393,0.917,32,32,17.92,4.55,31.29,5.736,0.9,0.34,6.129
pitcher_strikeouts,OVER,"[-399,-300]",HR≥45/EDG≥5.0/CV≤0.6/μ≥0.5/TP≥-,139,117,0.34,-9.68,10.35,0.393,0.917,31,31,17.43,3.65,31.2,5.402,0.85,0.34,5.795
pitcher_strikeouts,OVER,"[-399,-300]",HR≥-/EDG≥-5.0/CV≤0.45/μ≥-/TP≥-,211,181,0.32,-7.62,8.26,0.583,0.833,49,48,10.62,-2.46,23.71,5.099,0.8,0.32,5.682
pitcher_strikeouts,OVER,"[-399,-300]",HR≥-/EDG≥-5.0/CV≤0.45/μ≥0.5/TP≥-,211,181,0.32,-7.62,8.26,0.583,0.833,49,48,10.62,-2.46,23.71,5.099,0.8,0.32,5.682
pitcher_strikeouts,OVER,"[-399,-300]",HR≥45/EDG≥-5.0/CV≤0.45/μ≥0.5/TP≥-,211,181,0.32,-7.62,8.26,0.583,0.833,48,47,10.14,-3.19,23.47,4.766,0.75,0.32,5.349
pitcher_strikeouts,OVER,"[-399,-300]",HR≥-/EDG≥-5.0/CV≤0.45/μ≥0.0/TP≥-,211,181,0.32,-7.62,8.26,0.583,0.833,49,48,10.62,-2.46,23.71,5.099,0.8,0.32,5.682
pitcher_strikeouts,OVER,"[-399,-300]",HR≥45/EDG≥-/CV≤0.45/μ≥-/TP≥-,363,333,2.89,-2.77,8.56,9.636,0.692,85,84,0.32,-11.36,12.0,0.272,0.5,0.32,9.908
pitcher_strikeouts,OVER,"[-399,-300]",HR≥50/EDG≥-5.0/CV≤0.45/μ≥0.5/TP≥-,211,181,0.32,-7.62,8.26,0.583,0.833,48,47,10.14,-3.19,23.47,4.766,0.75,0.32,5.349
pitcher_strikeouts,OVER,"[-399,-300]",HR≥50/EDG≥-5.0/CV≤0.45/μ≥0.0/TP≥-,211,181,0.32,-7.62,8.26,0.583,0.833,48,47,10.14,-3.19,23.47,4.766,0.75,0.32,5.349
pitcher_strikeouts,OVER,"[-399,-300]",HR≥45/EDG≥-5.0/CV≤0.45/μ≥0.0/TP≥-,211,181,0.32,-7.62,8.26,0.583,0.833,48,47,10.14,-3.19,23.47,4.766,0.75,0.32,5.349
pitcher_strikeouts,OVER,"[-399,-300]",HR≥45/EDG≥-5.0/CV≤0.45/μ≥-/TP≥-,211,181,0.32,-7.62,8.26,0.583,0.833,48,47,10.14,-3.19,23.47,4.766,0.75,0.32,5.349
pitcher_strikeouts,OVER,"[-399,-300]",HR≥50/EDG≥-5.0/CV≤0.45/μ≥-/TP≥-,211,181,0.32,-7.62,8.26,0.583,0.833,48,47,10.14,-3.19,23.47,4.766,0.75,0.32,5.349
pitcher_strikeouts,OVER,"[-399,-300]",HR≥50/EDG≥-/CV≤0.45/μ≥-/TP≥-,363,333,2.89,-2.77,8.56,9.636,0.692,85,84,0.32,-11.36,12.0,0.272,0.5,0.32,9.908
pitcher_strikeouts,OVER,"[-399,-300]",HR≥55/EDG≥-/CV≤-/μ≥-/TP≥-,480,424,1.99,-3.03,7.0,8.422,0.667,131,129,0.27,-9.09,9.63,0.344,0.481,0.27,8.766
pitcher_strikeouts,OVER,"[-399,-300]",HR≥50/EDG≥-/CV≤-/μ≥-/TP≥-,680,603,4.72,0.61,8.83,28.454,0.615,148,146,0.14,-8.68,8.95,0.202,0.481,0.14,28.656
pitcher_strikeouts,OVER,"[-399,-300]",HR≥60/EDG≥-/CV≤0.6/μ≥0.5/TP≥-,317,268,0.04,-6.41,6.49,0.102,0.667,87,86,9.82,-0.04,19.68,8.444,0.692,0.04,8.546
pitcher_strikeouts,UNDER,"[-399,-300]",HR≥-/EDG≥-/CV≤0.5/μ≥-/TP≥-,69,62,14.65,4.37,24.93,9.081,0.833,38,37,0.91,-16.41,18.23,0.337,0.682,0.91,9.418
