band,cfg,hr_min,edg_min,cv_max,mu_min,tp_min,n_total,n_graded,wins,losses,HR_pct,ROI_pct,ROI_lo,ROI_hi,P_and_L,consist,grd_days
"[-299,-200]",HR≥-/EDG≥-/CV≤-/μ≥-/TP≥-,69.33,,,,,244,238,165,73,69.33,-2.03,-10.34,6.28,-4.83,0.429,28
"[-299,-200]",HR≥-/EDG≥-/CV≤-/μ≥-/TP≥50,68.49,,,,50.0,225,219,150,69,68.49,-3.25,-11.98,5.48,-7.12,0.464,28
"[-299,-200]",HR≥-/EDG≥-/CV≤-/μ≥-/TP≥55,68.2,,,,55.0,223,217,148,69,68.2,-3.69,-12.48,5.1,-8.005,0.464,28
"[-299,-200]",HR≥-/EDG≥-/CV≤-/μ≥-/TP≥60,68.57,,,,60.0,215,210,144,66,68.57,-3.16,-12.07,5.74,-6.645,0.464,28
"[-299,-200]",HR≥-/EDG≥-/CV≤-/μ≥-/TP≥65,70.27,,,,65.0,190,185,130,55,70.27,-1.12,-10.43,8.19,-2.071,0.519,27
"[-299,-200]",HR≥-/EDG≥-/CV≤-/μ≥0.0/TP≥-,69.23,,,0.0,,213,208,144,64,69.23,-2.3,-11.19,6.59,-4.793,0.464,28
"[-299,-200]",HR≥-/EDG≥-/CV≤-/μ≥0.0/TP≥50,69.23,,,0.0,50.0,213,208,144,64,69.23,-2.3,-11.19,6.59,-4.793,0.464,28
"[-299,-200]",HR≥-/EDG≥-/CV≤-/μ≥0.0/TP≥55,68.93,,,0.0,55.0,211,206,142,64,68.93,-2.76,-11.71,6.2,-5.678,0.464,28
"[-299,-200]",HR≥-/EDG≥-/CV≤-/μ≥0.0/TP≥60,69.35,,,0.0,60.0,203,199,138,61,69.35,-2.17,-11.25,6.91,-4.318,0.5,28
"[-299,-200]",HR≥-/EDG≥-/CV≤-/μ≥0.0/TP≥65,71.19,,,0.0,65.0,181,177,126,51,71.19,0.14,-9.29,9.58,0.256,0.593,27
"[-299,-200]",HR≥-/EDG≥-/CV≤-/μ≥0.5/TP≥-,68.65,,,0.5,,189,185,127,58,68.65,-3.18,-12.66,6.29,-5.889,0.481,27
"[-299,-200]",HR≥-/EDG≥-/CV≤-/μ≥0.5/TP≥50,68.65,,,0.5,50.0,189,185,127,58,68.65,-3.18,-12.66,6.29,-5.889,0.481,27
"[-299,-200]",HR≥-/EDG≥-/CV≤-/μ≥0.5/TP≥55,68.65,,,0.5,55.0,189,185,127,58,68.65,-3.18,-12.66,6.29,-5.889,0.481,27
"[-299,-200]",HR≥-/EDG≥-/CV≤-/μ≥0.5/TP≥60,68.48,,,0.5,60.0,188,184,126,58,68.48,-3.46,-12.97,6.05,-6.365,0.481,27
"[-299,-200]",HR≥-/EDG≥-/CV≤-/μ≥0.5/TP≥65,70.66,,,0.5,65.0,171,167,118,49,70.66,-0.58,-10.34,9.19,-0.964,0.593,27
"[-299,-200]",HR≥-/EDG≥-/CV≤-/μ≥1.0/TP≥-,68.21,,,1.0,,153,151,103,48,68.21,-3.69,-14.23,6.85,-5.569,0.444,27
"[-299,-200]",HR≥-/EDG≥-/CV≤-/μ≥1.0/TP≥50,68.21,,,1.0,50.0,153,151,103,48,68.21,-3.69,-14.23,6.85,-5.569,0.444,27
"[-299,-200]",HR≥-/EDG≥-/CV≤-/μ≥1.0/TP≥55,68.21,,,1.0,55.0,153,151,103,48,68.21,-3.69,-14.23,6.85,-5.569,0.444,27
"[-299,-200]",HR≥-/EDG≥-/CV≤-/μ≥1.0/TP≥60,68.21,,,1.0,60.0,153,151,103,48,68.21,-3.69,-14.23,6.85,-5.569,0.444,27
"[-299,-200]",HR≥-/EDG≥-/CV≤-/μ≥1.0/TP≥65,70.14,,,1.0,65.0,146,144,101,43,70.14,-1.06,-11.66,9.54,-1.526,0.481,27
"[-299,-200]",HR≥-/EDG≥-/CV≤0.7/μ≥-/TP≥-,69.64,,0.7,,,229,224,156,68,69.64,-1.61,-10.15,6.93,-3.604,0.464,28
"[-299,-200]",HR≥-/EDG≥-/CV≤0.7/μ≥-/TP≥50,68.78,,0.7,,50.0,210,205,141,64,68.78,-2.88,-11.87,6.12,-5.895,0.429,28
"[-299,-200]",HR≥-/EDG≥-/CV≤0.7/μ≥-/TP≥55,68.47,,0.7,,55.0,208,203,139,64,68.47,-3.34,-12.4,5.72,-6.78,0.429,28
"[-299,-200]",HR≥-/EDG≥-/CV≤0.7/μ≥-/TP≥60,68.88,,0.7,,60.0,200,196,135,61,68.88,-2.77,-11.96,6.43,-5.42,0.429,28
"[-299,-200]",HR≥-/EDG≥-/CV≤0.7/μ≥-/TP≥65,69.54,,0.7,,65.0,178,174,121,53,69.54,-2.21,-11.87,7.45,-3.846,0.333,27
"[-299,-200]",HR≥-/EDG≥-/CV≤0.7/μ≥0.0/TP≥-,69.9,,0.7,0.0,,200,196,137,59,69.9,-1.38,-10.49,7.72,-2.715,0.464,28
"[-299,-200]",HR≥-/EDG≥-/CV≤0.7/μ≥0.0/TP≥50,69.9,,0.7,0.0,50.0,200,196,137,59,69.9,-1.38,-10.49,7.72,-2.715,0.464,28
"[-299,-200]",HR≥-/EDG≥-/CV≤0.7/μ≥0.0/TP≥55,69.59,,0.7,0.0,55.0,198,194,135,59,69.59,-1.86,-11.03,7.32,-3.599,0.464,28
"[-299,-200]",HR≥-/EDG≥-/CV≤0.7/μ≥0.0/TP≥60,70.05,,0.7,0.0,60.0,190,187,131,56,70.05,-1.2,-10.5,8.11,-2.239,0.5,28
"[-299,-200]",HR≥-/EDG≥-/CV≤0.7/μ≥0.0/TP≥65,70.83,,0.7,0.0,65.0,171,168,119,49,70.83,-0.4,-10.11,9.32,-0.665,0.444,27
"[-299,-200]",HR≥-/EDG≥-/CV≤0.7/μ≥0.5/TP≥-,68.97,,0.7,0.5,,177,174,120,54,68.97,-2.76,-12.5,6.97,-4.811,0.444,27
"[-299,-200]",HR≥-/EDG≥-/CV≤0.7/μ≥0.5/TP≥50,68.97,,0.7,0.5,50.0,177,174,120,54,68.97,-2.76,-12.5,6.97,-4.811,0.444,27
"[-299,-200]",HR≥-/EDG≥-/CV≤0.7/μ≥0.5/TP≥55,68.97,,0.7,0.5,55.0,177,174,120,54,68.97,-2.76,-12.5,6.97,-4.811,0.444,27
"[-299,-200]",HR≥-/EDG≥-/CV≤0.7/μ≥0.5/TP≥60,68.79,,0.7,0.5,60.0,176,173,119,54,68.79,-3.06,-12.83,6.72,-5.287,0.444,27
"[-299,-200]",HR≥-/EDG≥-/CV≤0.7/μ≥0.5/TP≥65,69.81,,0.7,0.5,65.0,162,159,111,48,69.81,-1.81,-11.9,8.27,-2.885,0.444,27
"[-299,-200]",HR≥-/EDG≥-/CV≤0.7/μ≥1.0/TP≥-,68.57,,0.7,1.0,,141,140,96,44,68.57,-3.21,-14.12,7.71,-4.49,0.37,27
"[-299,-200]",HR≥-/EDG≥-/CV≤0.7/μ≥1.0/TP≥50,68.57,,0.7,1.0,50.0,141,140,96,44,68.57,-3.21,-14.12,7.71,-4.49,0.37,27
"[-299,-200]",HR≥-/EDG≥-/CV≤0.7/μ≥1.0/TP≥55,68.57,,0.7,1.0,55.0,141,140,96,44,68.57,-3.21,-14.12,7.71,-4.49,0.37,27
"[-299,-200]",HR≥-/EDG≥-/CV≤0.7/μ≥1.0/TP≥60,68.57,,0.7,1.0,60.0,141,140,96,44,68.57,-3.21,-14.12,7.71,-4.49,0.37,27
"[-299,-200]",HR≥-/EDG≥-/CV≤0.7/μ≥1.0/TP≥65,69.12,,0.7,1.0,65.0,137,136,94,42,69.12,-2.53,-13.55,8.48,-3.447,0.407,27
"[-299,-200]",HR≥-/EDG≥-/CV≤0.6/μ≥-/TP≥-,68.47,,0.6,,,208,203,139,64,68.47,-3.17,-12.25,5.91,-6.434,0.464,28
"[-299,-200]",HR≥-/EDG≥-/CV≤0.6/μ≥-/TP≥50,67.74,,0.6,,50.0,191,186,126,60,67.74,-4.24,-13.78,5.29,-7.896,0.393,28
"[-299,-200]",HR≥-/EDG≥-/CV≤0.6/μ≥-/TP≥55,67.39,,0.6,,55.0,189,184,124,60,67.39,-4.77,-14.39,4.84,-8.78,0.393,28
"[-299,-200]",HR≥-/EDG≥-/CV≤0.6/μ≥-/TP≥60,67.8,,0.6,,60.0,181,177,120,57,67.8,-4.19,-13.97,5.58,-7.42,0.393,28
"[-299,-200]",HR≥-/EDG≥-/CV≤0.6/μ≥-/TP≥65,68.35,,0.6,,65.0,162,158,108,50,68.35,-3.73,-13.99,6.54,-5.892,0.37,27
"[-299,-200]",HR≥-/EDG≥-/CV≤0.6/μ≥0.0/TP≥-,68.72,,0.6,0.0,,183,179,123,56,68.72,-2.91,-12.56,6.73,-5.215,0.429,28
"[-299,-200]",HR≥-/EDG≥-/CV≤0.6/μ≥0.0/TP≥50,68.72,,0.6,0.0,50.0,183,179,123,56,68.72,-2.91,-12.56,6.73,-5.215,0.429,28
"[-299,-200]",HR≥-/EDG≥-/CV≤0.6/μ≥0.0/TP≥55,68.36,,0.6,0.0,55.0,181,177,121,56,68.36,-3.45,-13.17,6.28,-6.1,0.429,28
"[-299,-200]",HR≥-/EDG≥-/CV≤0.6/μ≥0.0/TP≥60,68.82,,0.6,0.0,60.0,173,170,117,53,68.82,-2.79,-12.67,7.1,-4.74,0.429,28
"[-299,-200]",HR≥-/EDG≥-/CV≤0.6/μ≥0.0/TP≥65,69.74,,0.6,0.0,65.0,155,152,106,46,69.74,-1.78,-12.12,8.56,-2.711,0.444,27
"[-299,-200]",HR≥-/EDG≥-/CV≤0.6/μ≥0.5/TP≥-,67.92,,0.6,0.5,,162,159,108,51,67.92,-4.01,-14.32,6.29,-6.38,0.407,27
"[-299,-200]",HR≥-/EDG≥-/CV≤0.6/μ≥0.5/TP≥50,67.92,,0.6,0.5,50.0,162,159,108,51,67.92,-4.01,-14.32,6.29,-6.38,0.407,27
"[-299,-200]",HR≥-/EDG≥-/CV≤0.6/μ≥0.5/TP≥55,67.92,,0.6,0.5,55.0,162,159,108,51,67.92,-4.01,-14.32,6.29,-6.38,0.407,27
"[-299,-200]",HR≥-/EDG≥-/CV≤0.6/μ≥0.5/TP≥60,67.72,,0.6,0.5,60.0,161,158,107,51,67.72,-4.34,-14.69,6.01,-6.856,0.407,27
"[-299,-200]",HR≥-/EDG≥-/CV≤0.6/μ≥0.5/TP≥65,68.75,,0.6,0.5,65.0,147,144,99,45,68.75,-3.09,-13.82,7.63,-4.455,0.407,27
"[-299,-200]",HR≥-/EDG≥-/CV≤0.6/μ≥1.0/TP≥-,66.93,,0.6,1.0,,128,127,85,42,66.93,-5.26,-16.91,6.39,-6.675,0.333,27
"[-299,-200]",HR≥-/EDG≥-/CV≤0.6/μ≥1.0/TP≥50,66.93,,0.6,1.0,50.0,128,127,85,42,66.93,-5.26,-16.91,6.39,-6.675,0.333,27
"[-299,-200]",HR≥-/EDG≥-/CV≤0.6/μ≥1.0/TP≥55,66.93,,0.6,1.0,55.0,128,127,85,42,66.93,-5.26,-16.91,6.39,-6.675,0.333,27
"[-299,-200]",HR≥-/EDG≥-/CV≤0.6/μ≥1.0/TP≥60,66.93,,0.6,1.0,60.0,128,127,85,42,66.93,-5.26,-16.91,6.39,-6.675,0.333,27
"[-299,-200]",HR≥-/EDG≥-/CV≤0.6/μ≥1.0/TP≥65,67.48,,0.6,1.0,65.0,124,123,83,40,67.48,-4.58,-16.35,7.2,-5.632,0.37,27
"[-299,-200]",HR≥-/EDG≥-/CV≤0.5/μ≥-/TP≥-,69.38,,0.5,,,164,160,111,49,69.38,-1.65,-11.83,8.53,-2.642,0.571,28
"[-299,-200]",HR≥-/EDG≥-/CV≤0.5/μ≥-/TP≥50,68.71,,0.5,,50.0,151,147,101,46,68.71,-2.68,-13.35,8.0,-3.939,0.571,28
"[-299,-200]",HR≥-/EDG≥-/CV≤0.5/μ≥-/TP≥55,68.28,,0.5,,55.0,149,145,99,46,68.28,-3.33,-14.11,7.46,-4.823,0.571,28
"[-299,-200]",HR≥-/EDG≥-/CV≤0.5/μ≥-/TP≥60,68.57,,0.5,,60.0,144,140,96,44,68.57,-2.85,-13.8,8.11,-3.987,0.536,28
"[-299,-200]",HR≥-/EDG≥-/CV≤0.5/μ≥-/TP≥65,68.55,,0.5,,65.0,128,124,85,39,68.55,-3.21,-14.82,8.4,-3.982,0.481,27
"[-299,-200]",HR≥-/EDG≥-/CV≤0.5/μ≥0.0/TP≥-,69.5,,0.5,0.0,,144,141,98,43,69.5,-1.6,-12.42,9.22,-2.258,0.519,27
"[-299,-200]",HR≥-/EDG≥-/CV≤0.5/μ≥0.0/TP≥50,69.5,,0.5,0.0,50.0,144,141,98,43,69.5,-1.6,-12.42,9.22,-2.258,0.519,27
"[-299,-200]",HR≥-/EDG≥-/CV≤0.5/μ≥0.0/TP≥55,69.06,,0.5,0.0,55.0,142,139,96,43,69.06,-2.26,-13.2,8.67,-3.143,0.519,27
"[-299,-200]",HR≥-/EDG≥-/CV≤0.5/μ≥0.0/TP≥60,69.4,,0.5,0.0,60.0,137,134,93,41,69.4,-1.72,-12.83,9.39,-2.306,0.481,27
"[-299,-200]",HR≥-/EDG≥-/CV≤0.5/μ≥0.0/TP≥65,69.75,,0.5,0.0,65.0,122,119,83,36,69.75,-1.51,-13.24,10.21,-1.802,0.462,26
"[-299,-200]",HR≥-/EDG≥-/CV≤0.5/μ≥0.5/TP≥-,68.29,,0.5,0.5,,126,123,84,39,68.29,-3.31,-15.02,8.4,-4.072,0.462,26
"[-299,-200]",HR≥-/EDG≥-/CV≤0.5/μ≥0.5/TP≥50,68.29,,0.5,0.5,50.0,126,123,84,39,68.29,-3.31,-15.02,8.4,-4.072,0.462,26
"[-299,-200]",HR≥-/EDG≥-/CV≤0.5/μ≥0.5/TP≥55,68.29,,0.5,0.5,55.0,126,123,84,39,68.29,-3.31,-15.02,8.4,-4.072,0.462,26
"[-299,-200]",HR≥-/EDG≥-/CV≤0.5/μ≥0.5/TP≥60,68.29,,0.5,0.5,60.0,126,123,84,39,68.29,-3.31,-15.02,8.4,-4.072,0.462,26
"[-299,-200]",HR≥-/EDG≥-/CV≤0.5/μ≥0.5/TP≥65,68.75,,0.5,0.5,65.0,115,112,77,35,68.75,-2.85,-15.06,9.36,-3.194,0.423,26
"[-299,-200]",HR≥-/EDG≥-/CV≤0.5/μ≥1.0/TP≥-,67.0,,0.5,1.0,,101,100,67,33,67.0,-4.92,-18.09,8.25,-4.918,0.36,25
"[-299,-200]",HR≥-/EDG≥-/CV≤0.5/μ≥1.0/TP≥50,67.0,,0.5,1.0,50.0,101,100,67,33,67.0,-4.92,-18.09,8.25,-4.918,0.36,25
"[-299,-200]",HR≥-/EDG≥-/CV≤0.5/μ≥1.0/TP≥55,67.0,,0.5,1.0,55.0,101,100,67,33,67.0,-4.92,-18.09,8.25,-4.918,0.36,25
"[-299,-200]",HR≥-/EDG≥-/CV≤0.5/μ≥1.0/TP≥60,67.0,,0.5,1.0,60.0,101,100,67,33,67.0,-4.92,-18.09,8.25,-4.918,0.36,25
"[-299,-200]",HR≥-/EDG≥-/CV≤0.5/μ≥1.0/TP≥65,67.01,,0.5,1.0,65.0,98,97,65,32,67.01,-5.03,-18.38,8.33,-4.875,0.4,25
"[-299,-200]",HR≥-/EDG≥-/CV≤0.45/μ≥-/TP≥-,70.34,,0.45,,,122,118,83,35,70.34,-0.16,-11.93,11.61,-0.187,0.643,28
"[-299,-200]",HR≥-/EDG≥-/CV≤0.45/μ≥-/TP≥50,70.09,,0.45,,50.0,111,107,75,32,70.09,-0.61,-13.0,11.77,-0.656,0.593,27
"[-299,-200]",HR≥-/EDG≥-/CV≤0.45/μ≥-/TP≥55,70.09,,0.45,,55.0,111,107,75,32,70.09,-0.61,-13.0,11.77,-0.656,0.593,27
"[-299,-200]",HR≥-/EDG≥-/CV≤0.45/μ≥-/TP≥60,70.19,,0.45,,60.0,108,104,73,31,70.19,-0.39,-12.95,12.17,-0.403,0.556,27
"[-299,-200]",HR≥-/EDG≥-/CV≤0.45/μ≥-/TP≥65,68.82,,0.45,,65.0,97,93,64,29,68.82,-2.7,-16.11,10.71,-2.51,0.481,27
"[-299,-200]",HR≥-/EDG≥-/CV≤0.45/μ≥0.0/TP≥-,70.59,,0.45,0.0,,105,102,72,30,70.59,0.02,-12.59,12.64,0.024,0.577,26
"[-299,-200]",HR≥-/EDG≥-/CV≤0.45/μ≥0.0/TP≥50,70.59,,0.45,0.0,50.0,105,102,72,30,70.59,0.02,-12.59,12.64,0.024,0.577,26
"[-299,-200]",HR≥-/EDG≥-/CV≤0.45/μ≥0.0/TP≥55,70.59,,0.45,0.0,55.0,105,102,72,30,70.59,0.02,-12.59,12.64,0.024,0.577,26
"[-299,-200]",HR≥-/EDG≥-/CV≤0.45/μ≥0.0/TP≥60,70.71,,0.45,0.0,60.0,102,99,70,29,70.71,0.28,-12.52,13.08,0.277,0.538,26
"[-299,-200]",HR≥-/EDG≥-/CV≤0.45/μ≥0.0/TP≥65,69.66,,0.45,0.0,65.0,92,89,62,27,69.66,-1.49,-15.1,12.11,-1.329,0.462,26
"[-299,-200]",HR≥-/EDG≥-/CV≤0.45/μ≥0.5/TP≥-,68.89,,0.45,0.5,,93,90,62,28,68.89,-2.31,-15.98,11.35,-2.081,0.462,26
"[-299,-200]",HR≥-/EDG≥-/CV≤0.45/μ≥0.5/TP≥50,68.89,,0.45,0.5,50.0,93,90,62,28,68.89,-2.31,-15.98,11.35,-2.081,0.462,26
"[-299,-200]",HR≥-/EDG≥-/CV≤0.45/μ≥0.5/TP≥55,68.89,,0.45,0.5,55.0,93,90,62,28,68.89,-2.31,-15.98,11.35,-2.081,0.462,26
"[-299,-200]",HR≥-/EDG≥-/CV≤0.45/μ≥0.5/TP≥60,68.89,,0.45,0.5,60.0,93,90,62,28,68.89,-2.31,-15.98,11.35,-2.081,0.462,26
"[-299,-200]",HR≥-/EDG≥-/CV≤0.45/μ≥0.5/TP≥65,68.29,,0.45,0.5,65.0,85,82,56,26,68.29,-3.32,-17.69,11.05,-2.722,0.462,26
"[-299,-200]",HR≥-/EDG≥-/CV≤0.45/μ≥1.0/TP≥-,65.28,,0.45,1.0,,73,72,47,25,65.28,-7.26,-23.02,8.5,-5.224,0.36,25
"[-299,-200]",HR≥-/EDG≥-/CV≤0.45/μ≥1.0/TP≥50,65.28,,0.45,1.0,50.0,73,72,47,25,65.28,-7.26,-23.02,8.5,-5.224,0.36,25
"[-299,-200]",HR≥-/EDG≥-/CV≤0.45/μ≥1.0/TP≥55,65.28,,0.45,1.0,55.0,73,72,47,25,65.28,-7.26,-23.02,8.5,-5.224,0.36,25
"[-299,-200]",HR≥-/EDG≥-/CV≤0.45/μ≥1.0/TP≥60,65.28,,0.45,1.0,60.0,73,72,47,25,65.28,-7.26,-23.02,8.5,-5.224,0.36,25
"[-299,-200]",HR≥-/EDG≥-/CV≤0.45/μ≥1.0/TP≥65,65.71,,0.45,1.0,65.0,71,70,46,24,65.71,-6.71,-22.64,9.21,-4.7,0.4,25
"[-299,-200]",HR≥-/EDG≥-/CV≤0.4/μ≥-/TP≥-,73.26,,0.4,,,90,86,63,23,73.26,4.0,-9.39,17.38,3.438,0.615,26
"[-299,-200]",HR≥-/EDG≥-/CV≤0.4/μ≥-/TP≥50,73.33,,0.4,,50.0,79,75,55,20,73.33,3.96,-10.36,18.27,2.968,0.6,25
"[-299,-200]",HR≥-/EDG≥-/CV≤0.4/μ≥-/TP≥55,73.33,,0.4,,55.0,79,75,55,20,73.33,3.96,-10.36,18.27,2.968,0.6,25
"[-299,-200]",HR≥-/EDG≥-/CV≤0.4/μ≥-/TP≥60,74.32,,0.4,,60.0,78,74,55,19,74.32,5.36,-8.88,19.6,3.968,0.6,25
"[-299,-200]",HR≥-/EDG≥-/CV≤0.4/μ≥-/TP≥65,75.0,,0.4,,65.0,72,68,51,17,75.0,5.92,-8.75,20.6,4.027,0.625,24
"[-299,-200]",HR≥-/EDG≥-/CV≤0.4/μ≥0.0/TP≥-,73.61,,0.4,0.0,,75,72,53,19,73.61,4.28,-10.27,18.84,3.084,0.6,25
"[-299,-200]",HR≥-/EDG≥-/CV≤0.4/μ≥0.0/TP≥50,73.61,,0.4,0.0,50.0,75,72,53,19,73.61,4.28,-10.27,18.84,3.084,0.6,25
"[-299,-200]",HR≥-/EDG≥-/CV≤0.4/μ≥0.0/TP≥55,73.61,,0.4,0.0,55.0,75,72,53,19,73.61,4.28,-10.27,18.84,3.084,0.6,25
"[-299,-200]",HR≥-/EDG≥-/CV≤0.4/μ≥0.0/TP≥60,74.65,,0.4,0.0,60.0,74,71,53,18,74.65,5.75,-8.72,20.22,4.084,0.6,25
"[-299,-200]",HR≥-/EDG≥-/CV≤0.4/μ≥0.0/TP≥65,75.76,,0.4,0.0,65.0,69,66,50,16,75.76,7.03,-7.72,21.79,4.642,0.625,24
"[-299,-200]",HR≥-/EDG≥-/CV≤0.4/μ≥0.5/TP≥-,73.02,,0.4,0.5,,66,63,46,17,73.02,3.48,-12.21,19.17,2.191,0.591,22
"[-299,-200]",HR≥-/EDG≥-/CV≤0.4/μ≥0.5/TP≥50,73.02,,0.4,0.5,50.0,66,63,46,17,73.02,3.48,-12.21,19.17,2.191,0.591,22
"[-299,-200]",HR≥-/EDG≥-/CV≤0.4/μ≥0.5/TP≥55,73.02,,0.4,0.5,55.0,66,63,46,17,73.02,3.48,-12.21,19.17,2.191,0.591,22
"[-299,-200]",HR≥-/EDG≥-/CV≤0.4/μ≥0.5/TP≥60,73.02,,0.4,0.5,60.0,66,63,46,17,73.02,3.48,-12.21,19.17,2.191,0.591,22
"[-299,-200]",HR≥-/EDG≥-/CV≤0.4/μ≥0.5/TP≥65,74.58,,0.4,0.5,65.0,62,59,44,15,74.58,5.51,-10.38,21.4,3.25,0.571,21
"[-299,-200]",HR≥-/EDG≥-/CV≤0.4/μ≥1.0/TP≥-,71.15,,0.4,1.0,,53,52,37,15,71.15,1.09,-16.61,18.78,0.564,0.429,21
"[-299,-200]",HR≥-/EDG≥-/CV≤0.4/μ≥1.0/TP≥50,71.15,,0.4,1.0,50.0,53,52,37,15,71.15,1.09,-16.61,18.78,0.564,0.429,21
"[-299,-200]",HR≥-/EDG≥-/CV≤0.4/μ≥1.0/TP≥55,71.15,,0.4,1.0,55.0,53,52,37,15,71.15,1.09,-16.61,18.78,0.564,0.429,21
"[-299,-200]",HR≥-/EDG≥-/CV≤0.4/μ≥1.0/TP≥60,71.15,,0.4,1.0,60.0,53,52,37,15,71.15,1.09,-16.61,18.78,0.564,0.429,21
"[-299,-200]",HR≥-/EDG≥-/CV≤0.4/μ≥1.0/TP≥65,72.0,,0.4,1.0,65.0,51,50,36,14,72.0,2.18,-15.7,20.05,1.088,0.429,21
"[-299,-200]",HR≥-/EDG≥-5.0/CV≤-/μ≥-/TP≥-,68.55,-5.0,,,,163,159,109,50,68.55,-3.09,-13.34,7.17,-4.909,0.444,27
"[-299,-200]",HR≥-/EDG≥-5.0/CV≤-/μ≥-/TP≥50,68.55,-5.0,,,50.0,163,159,109,50,68.55,-3.09,-13.34,7.17,-4.909,0.444,27
"[-299,-200]",HR≥-/EDG≥-5.0/CV≤-/μ≥-/TP≥55,68.55,-5.0,,,55.0,163,159,109,50,68.55,-3.09,-13.34,7.17,-4.909,0.444,27
"[-299,-200]",HR≥-/EDG≥-5.0/CV≤-/μ≥-/TP≥60,68.55,-5.0,,,60.0,163,159,109,50,68.55,-3.09,-13.34,7.17,-4.909,0.444,27
"[-299,-200]",HR≥-/EDG≥-5.0/CV≤-/μ≥-/TP≥65,70.67,-5.0,,,65.0,154,150,106,44,70.67,-0.24,-10.58,10.1,-0.366,0.556,27
"[-299,-200]",HR≥-/EDG≥-5.0/CV≤-/μ≥0.0/TP≥-,68.55,-5.0,,0.0,,163,159,109,50,68.55,-3.09,-13.34,7.17,-4.909,0.444,27
"[-299,-200]",HR≥-/EDG≥-5.0/CV≤-/μ≥0.0/TP≥50,68.55,-5.0,,0.0,50.0,163,159,109,50,68.55,-3.09,-13.34,7.17,-4.909,0.444,27
"[-299,-200]",HR≥-/EDG≥-5.0/CV≤-/μ≥0.0/TP≥55,68.55,-5.0,,0.0,55.0,163,159,109,50,68.55,-3.09,-13.34,7.17,-4.909,0.444,27
"[-299,-200]",HR≥-/EDG≥-5.0/CV≤-/μ≥0.0/TP≥60,68.55,-5.0,,0.0,60.0,163,159,109,50,68.55,-3.09,-13.34,7.17,-4.909,0.444,27
"[-299,-200]",HR≥-/EDG≥-5.0/CV≤-/μ≥0.0/TP≥65,70.67,-5.0,,0.0,65.0,154,150,106,44,70.67,-0.24,-10.58,10.1,-0.366,0.556,27
"[-299,-200]",HR≥-/EDG≥-5.0/CV≤-/μ≥0.5/TP≥-,68.55,-5.0,,0.5,,163,159,109,50,68.55,-3.09,-13.34,7.17,-4.909,0.444,27
"[-299,-200]",HR≥-/EDG≥-5.0/CV≤-/μ≥0.5/TP≥50,68.55,-5.0,,0.5,50.0,163,159,109,50,68.55,-3.09,-13.34,7.17,-4.909,0.444,27
"[-299,-200]",HR≥-/EDG≥-5.0/CV≤-/μ≥0.5/TP≥55,68.55,-5.0,,0.5,55.0,163,159,109,50,68.55,-3.09,-13.34,7.17,-4.909,0.444,27
"[-299,-200]",HR≥-/EDG≥-5.0/CV≤-/μ≥0.5/TP≥60,68.55,-5.0,,0.5,60.0,163,159,109,50,68.55,-3.09,-13.34,7.17,-4.909,0.444,27
"[-299,-200]",HR≥-/EDG≥-5.0/CV≤-/μ≥0.5/TP≥65,70.67,-5.0,,0.5,65.0,154,150,106,44,70.67,-0.24,-10.58,10.1,-0.366,0.556,27
"[-299,-200]",HR≥-/EDG≥-5.0/CV≤-/μ≥1.0/TP≥-,68.28,-5.0,,1.0,,147,145,99,46,68.28,-3.45,-14.22,7.32,-5.004,0.444,27
"[-299,-200]",HR≥-/EDG≥-5.0/CV≤-/μ≥1.0/TP≥50,68.28,-5.0,,1.0,50.0,147,145,99,46,68.28,-3.45,-14.22,7.32,-5.004,0.444,27
"[-299,-200]",HR≥-/EDG≥-5.0/CV≤-/μ≥1.0/TP≥55,68.28,-5.0,,1.0,55.0,147,145,99,46,68.28,-3.45,-14.22,7.32,-5.004,0.444,27
"[-299,-200]",HR≥-/EDG≥-5.0/CV≤-/μ≥1.0/TP≥60,68.28,-5.0,,1.0,60.0,147,145,99,46,68.28,-3.45,-14.22,7.32,-5.004,0.444,27
"[-299,-200]",HR≥-/EDG≥-5.0/CV≤-/μ≥1.0/TP≥65,70.29,-5.0,,1.0,65.0,140,138,97,41,70.29,-0.7,-11.53,10.14,-0.961,0.481,27
"[-299,-200]",HR≥-/EDG≥-5.0/CV≤0.7/μ≥-/TP≥-,68.92,-5.0,0.7,,,151,148,102,46,68.92,-2.59,-13.18,8.01,-3.83,0.444,27
"[-299,-200]",HR≥-/EDG≥-5.0/CV≤0.7/μ≥-/TP≥50,68.92,-5.0,0.7,,50.0,151,148,102,46,68.92,-2.59,-13.18,8.01,-3.83,0.444,27
"[-299,-200]",HR≥-/EDG≥-5.0/CV≤0.7/μ≥-/TP≥55,68.92,-5.0,0.7,,55.0,151,148,102,46,68.92,-2.59,-13.18,8.01,-3.83,0.444,27
"[-299,-200]",HR≥-/EDG≥-5.0/CV≤0.7/μ≥-/TP≥60,68.92,-5.0,0.7,,60.0,151,148,102,46,68.92,-2.59,-13.18,8.01,-3.83,0.444,27
"[-299,-200]",HR≥-/EDG≥-5.0/CV≤0.7/μ≥-/TP≥65,69.72,-5.0,0.7,,65.0,145,142,99,43,69.72,-1.61,-12.33,9.11,-2.287,0.444,27
"[-299,-200]",HR≥-/EDG≥-5.0/CV≤0.7/μ≥0.0/TP≥-,68.92,-5.0,0.7,0.0,,151,148,102,46,68.92,-2.59,-13.18,8.01,-3.83,0.444,27
"[-299,-200]",HR≥-/EDG≥-5.0/CV≤0.7/μ≥0.0/TP≥50,68.92,-5.0,0.7,0.0,50.0,151,148,102,46,68.92,-2.59,-13.18,8.01,-3.83,0.444,27
"[-299,-200]",HR≥-/EDG≥-5.0/CV≤0.7/μ≥0.0/TP≥55,68.92,-5.0,0.7,0.0,55.0,151,148,102,46,68.92,-2.59,-13.18,8.01,-3.83,0.444,27
"[-299,-200]",HR≥-/EDG≥-5.0/CV≤0.7/μ≥0.0/TP≥60,68.92,-5.0,0.7,0.0,60.0,151,148,102,46,68.92,-2.59,-13.18,8.01,-3.83,0.444,27
"[-299,-200]",HR≥-/EDG≥-5.0/CV≤0.7/μ≥0.0/TP≥65,69.72,-5.0,0.7,0.0,65.0,145,142,99,43,69.72,-1.61,-12.33,9.11,-2.287,0.444,27
"[-299,-200]",HR≥-/EDG≥-5.0/CV≤0.7/μ≥0.5/TP≥-,68.92,-5.0,0.7,0.5,,151,148,102,46,68.92,-2.59,-13.18,8.01,-3.83,0.444,27
"[-299,-200]",HR≥-/EDG≥-5.0/CV≤0.7/μ≥0.5/TP≥50,68.92,-5.0,0.7,0.5,50.0,151,148,102,46,68.92,-2.59,-13.18,8.01,-3.83,0.444,27
"[-299,-200]",HR≥-/EDG≥-5.0/CV≤0.7/μ≥0.5/TP≥55,68.92,-5.0,0.7,0.5,55.0,151,148,102,46,68.92,-2.59,-13.18,8.01,-3.83,0.444,27
"[-299,-200]",HR≥-/EDG≥-5.0/CV≤0.7/μ≥0.5/TP≥60,68.92,-5.0,0.7,0.5,60.0,151,148,102,46,68.92,-2.59,-13.18,8.01,-3.83,0.444,27
"[-299,-200]",HR≥-/EDG≥-5.0/CV≤0.7/μ≥0.5/TP≥65,69.72,-5.0,0.7,0.5,65.0,145,142,99,43,69.72,-1.61,-12.33,9.11,-2.287,0.444,27
"[-299,-200]",HR≥-/EDG≥-5.0/CV≤0.7/μ≥1.0/TP≥-,68.66,-5.0,0.7,1.0,,135,134,92,42,68.66,-2.93,-14.1,8.24,-3.926,0.37,27
"[-299,-200]",HR≥-/EDG≥-5.0/CV≤0.7/μ≥1.0/TP≥50,68.66,-5.0,0.7,1.0,50.0,135,134,92,42,68.66,-2.93,-14.1,8.24,-3.926,0.37,27
"[-299,-200]",HR≥-/EDG≥-5.0/CV≤0.7/μ≥1.0/TP≥55,68.66,-5.0,0.7,1.0,55.0,135,134,92,42,68.66,-2.93,-14.1,8.24,-3.926,0.37,27
"[-299,-200]",HR≥-/EDG≥-5.0/CV≤0.7/μ≥1.0/TP≥60,68.66,-5.0,0.7,1.0,60.0,135,134,92,42,68.66,-2.93,-14.1,8.24,-3.926,0.37,27
"[-299,-200]",HR≥-/EDG≥-5.0/CV≤0.7/μ≥1.0/TP≥65,69.23,-5.0,0.7,1.0,65.0,131,130,90,40,69.23,-2.22,-13.49,9.05,-2.883,0.407,27
"[-299,-200]",HR≥-/EDG≥-5.0/CV≤0.6/μ≥-/TP≥-,67.65,-5.0,0.6,,,139,136,92,44,67.65,-4.17,-15.37,7.03,-5.671,0.37,27
"[-299,-200]",HR≥-/EDG≥-5.0/CV≤0.6/μ≥-/TP≥50,67.65,-5.0,0.6,,50.0,139,136,92,44,67.65,-4.17,-15.37,7.03,-5.671,0.37,27
"[-299,-200]",HR≥-/EDG≥-5.0/CV≤0.6/μ≥-/TP≥55,67.65,-5.0,0.6,,55.0,139,136,92,44,67.65,-4.17,-15.37,7.03,-5.671,0.37,27
"[-299,-200]",HR≥-/EDG≥-5.0/CV≤0.6/μ≥-/TP≥60,67.65,-5.0,0.6,,60.0,139,136,92,44,67.65,-4.17,-15.37,7.03,-5.671,0.37,27
"[-299,-200]",HR≥-/EDG≥-5.0/CV≤0.6/μ≥-/TP≥65,68.46,-5.0,0.6,,65.0,133,130,89,41,68.46,-3.18,-14.54,8.19,-4.128,0.333,27
"[-299,-200]",HR≥-/EDG≥-5.0/CV≤0.6/μ≥0.0/TP≥-,67.65,-5.0,0.6,0.0,,139,136,92,44,67.65,-4.17,-15.37,7.03,-5.671,0.37,27
"[-299,-200]",HR≥-/EDG≥-5.0/CV≤0.6/μ≥0.0/TP≥50,67.65,-5.0,0.6,0.0,50.0,139,136,92,44,67.65,-4.17,-15.37,7.03,-5.671,0.37,27
"[-299,-200]",HR≥-/EDG≥-5.0/CV≤0.6/μ≥0.0/TP≥55,67.65,-5.0,0.6,0.0,55.0,139,136,92,44,67.65,-4.17,-15.37,7.03,-5.671,0.37,27
"[-299,-200]",HR≥-/EDG≥-5.0/CV≤0.6/μ≥0.0/TP≥60,67.65,-5.0,0.6,0.0,60.0,139,136,92,44,67.65,-4.17,-15.37,7.03,-5.671,0.37,27
"[-299,-200]",HR≥-/EDG≥-5.0/CV≤0.6/μ≥0.0/TP≥65,68.46,-5.0,0.6,0.0,65.0,133,130,89,41,68.46,-3.18,-14.54,8.19,-4.128,0.333,27
"[-299,-200]",HR≥-/EDG≥-5.0/CV≤0.6/μ≥0.5/TP≥-,67.65,-5.0,0.6,0.5,,139,136,92,44,67.65,-4.17,-15.37,7.03,-5.671,0.37,27
"[-299,-200]",HR≥-/EDG≥-5.0/CV≤0.6/μ≥0.5/TP≥50,67.65,-5.0,0.6,0.5,50.0,139,136,92,44,67.65,-4.17,-15.37,7.03,-5.671,0.37,27
"[-299,-200]",HR≥-/EDG≥-5.0/CV≤0.6/μ≥0.5/TP≥55,67.65,-5.0,0.6,0.5,55.0,139,136,92,44,67.65,-4.17,-15.37,7.03,-5.671,0.37,27
"[-299,-200]",HR≥-/EDG≥-5.0/CV≤0.6/μ≥0.5/TP≥60,67.65,-5.0,0.6,0.5,60.0,139,136,92,44,67.65,-4.17,-15.37,7.03,-5.671,0.37,27
"[-299,-200]",HR≥-/EDG≥-5.0/CV≤0.6/μ≥0.5/TP≥65,68.46,-5.0,0.6,0.5,65.0,133,130,89,41,68.46,-3.18,-14.54,8.19,-4.128,0.333,27
"[-299,-200]",HR≥-/EDG≥-5.0/CV≤0.6/μ≥1.0/TP≥-,67.21,-5.0,0.6,1.0,,123,122,82,40,67.21,-4.73,-16.6,7.15,-5.766,0.333,27
"[-299,-200]",HR≥-/EDG≥-5.0/CV≤0.6/μ≥1.0/TP≥50,67.21,-5.0,0.6,1.0,50.0,123,122,82,40,67.21,-4.73,-16.6,7.15,-5.766,0.333,27
"[-299,-200]",HR≥-/EDG≥-5.0/CV≤0.6/μ≥1.0/TP≥55,67.21,-5.0,0.6,1.0,55.0,123,122,82,40,67.21,-4.73,-16.6,7.15,-5.766,0.333,27
"[-299,-200]",HR≥-/EDG≥-5.0/CV≤0.6/μ≥1.0/TP≥60,67.21,-5.0,0.6,1.0,60.0,123,122,82,40,67.21,-4.73,-16.6,7.15,-5.766,0.333,27
"[-299,-200]",HR≥-/EDG≥-5.0/CV≤0.6/μ≥1.0/TP≥65,67.8,-5.0,0.6,1.0,65.0,119,118,80,38,67.8,-4.0,-16.01,8.01,-4.723,0.37,27
"[-299,-200]",HR≥-/EDG≥-5.0/CV≤0.5/μ≥-/TP≥-,66.36,-5.0,0.5,,,113,110,73,37,66.36,-5.73,-18.35,6.9,-6.299,0.385,26
"[-299,-200]",HR≥-/EDG≥-5.0/CV≤0.5/μ≥-/TP≥50,66.36,-5.0,0.5,,50.0,113,110,73,37,66.36,-5.73,-18.35,6.9,-6.299,0.385,26
"[-299,-200]",HR≥-/EDG≥-5.0/CV≤0.5/μ≥-/TP≥55,66.36,-5.0,0.5,,55.0,113,110,73,37,66.36,-5.73,-18.35,6.9,-6.299,0.385,26
"[-299,-200]",HR≥-/EDG≥-5.0/CV≤0.5/μ≥-/TP≥60,66.36,-5.0,0.5,,60.0,113,110,73,37,66.36,-5.73,-18.35,6.9,-6.299,0.385,26
"[-299,-200]",HR≥-/EDG≥-5.0/CV≤0.5/μ≥-/TP≥65,66.67,-5.0,0.5,,65.0,108,105,70,35,66.67,-5.48,-18.35,7.39,-5.756,0.385,26
"[-299,-200]",HR≥-/EDG≥-5.0/CV≤0.5/μ≥0.0/TP≥-,66.36,-5.0,0.5,0.0,,113,110,73,37,66.36,-5.73,-18.35,6.9,-6.299,0.385,26
"[-299,-200]",HR≥-/EDG≥-5.0/CV≤0.5/μ≥0.0/TP≥50,66.36,-5.0,0.5,0.0,50.0,113,110,73,37,66.36,-5.73,-18.35,6.9,-6.299,0.385,26
"[-299,-200]",HR≥-/EDG≥-5.0/CV≤0.5/μ≥0.0/TP≥55,66.36,-5.0,0.5,0.0,55.0,113,110,73,37,66.36,-5.73,-18.35,6.9,-6.299,0.385,26
"[-299,-200]",HR≥-/EDG≥-5.0/CV≤0.5/μ≥0.0/TP≥60,66.36,-5.0,0.5,0.0,60.0,113,110,73,37,66.36,-5.73,-18.35,6.9,-6.299,0.385,26
"[-299,-200]",HR≥-/EDG≥-5.0/CV≤0.5/μ≥0.0/TP≥65,66.67,-5.0,0.5,0.0,65.0,108,105,70,35,66.67,-5.48,-18.35,7.39,-5.756,0.385,26
"[-299,-200]",HR≥-/EDG≥-5.0/CV≤0.5/μ≥0.5/TP≥-,66.36,-5.0,0.5,0.5,,113,110,73,37,66.36,-5.73,-18.35,6.9,-6.299,0.385,26
"[-299,-200]",HR≥-/EDG≥-5.0/CV≤0.5/μ≥0.5/TP≥50,66.36,-5.0,0.5,0.5,50.0,113,110,73,37,66.36,-5.73,-18.35,6.9,-6.299,0.385,26
"[-299,-200]",HR≥-/EDG≥-5.0/CV≤0.5/μ≥0.5/TP≥55,66.36,-5.0,0.5,0.5,55.0,113,110,73,37,66.36,-5.73,-18.35,6.9,-6.299,0.385,26
"[-299,-200]",HR≥-/EDG≥-5.0/CV≤0.5/μ≥0.5/TP≥60,66.36,-5.0,0.5,0.5,60.0,113,110,73,37,66.36,-5.73,-18.35,6.9,-6.299,0.385,26
"[-299,-200]",HR≥-/EDG≥-5.0/CV≤0.5/μ≥0.5/TP≥65,66.67,-5.0,0.5,0.5,65.0,108,105,70,35,66.67,-5.48,-18.35,7.39,-5.756,0.385,26
"[-299,-200]",HR≥-/EDG≥-5.0/CV≤0.5/μ≥1.0/TP≥-,65.98,-5.0,0.5,1.0,,98,97,64,33,65.98,-6.2,-19.69,7.3,-6.009,0.32,25
"[-299,-200]",HR≥-/EDG≥-5.0/CV≤0.5/μ≥1.0/TP≥50,65.98,-5.0,0.5,1.0,50.0,98,97,64,33,65.98,-6.2,-19.69,7.3,-6.009,0.32,25
"[-299,-200]",HR≥-/EDG≥-5.0/CV≤0.5/μ≥1.0/TP≥55,65.98,-5.0,0.5,1.0,55.0,98,97,64,33,65.98,-6.2,-19.69,7.3,-6.009,0.32,25
"[-299,-200]",HR≥-/EDG≥-5.0/CV≤0.5/μ≥1.0/TP≥60,65.98,-5.0,0.5,1.0,60.0,98,97,64,33,65.98,-6.2,-19.69,7.3,-6.009,0.32,25
"[-299,-200]",HR≥-/EDG≥-5.0/CV≤0.5/μ≥1.0/TP≥65,65.96,-5.0,0.5,1.0,65.0,95,94,62,32,65.96,-6.35,-20.05,7.35,-5.966,0.36,25
"[-299,-200]",HR≥-/EDG≥-5.0/CV≤0.45/μ≥-/TP≥-,67.07,-5.0,0.45,,,85,82,55,27,67.07,-4.73,-19.29,9.84,-3.877,0.385,26
"[-299,-200]",HR≥-/EDG≥-5.0/CV≤0.45/μ≥-/TP≥50,67.07,-5.0,0.45,,50.0,85,82,55,27,67.07,-4.73,-19.29,9.84,-3.877,0.385,26
"[-299,-200]",HR≥-/EDG≥-5.0/CV≤0.45/μ≥-/TP≥55,67.07,-5.0,0.45,,55.0,85,82,55,27,67.07,-4.73,-19.29,9.84,-3.877,0.385,26
"[-299,-200]",HR≥-/EDG≥-5.0/CV≤0.45/μ≥-/TP≥60,67.07,-5.0,0.45,,60.0,85,82,55,27,67.07,-4.73,-19.29,9.84,-3.877,0.385,26
"[-299,-200]",HR≥-/EDG≥-5.0/CV≤0.45/μ≥-/TP≥65,67.09,-5.0,0.45,,65.0,82,79,53,26,67.09,-4.88,-19.69,9.93,-3.853,0.423,26
"[-299,-200]",HR≥-/EDG≥-5.0/CV≤0.45/μ≥0.0/TP≥-,67.07,-5.0,0.45,0.0,,85,82,55,27,67.07,-4.73,-19.29,9.84,-3.877,0.385,26
"[-299,-200]",HR≥-/EDG≥-5.0/CV≤0.45/μ≥0.0/TP≥50,67.07,-5.0,0.45,0.0,50.0,85,82,55,27,67.07,-4.73,-19.29,9.84,-3.877,0.385,26
"[-299,-200]",HR≥-/EDG≥-5.0/CV≤0.45/μ≥0.0/TP≥55,67.07,-5.0,0.45,0.0,55.0,85,82,55,27,67.07,-4.73,-19.29,9.84,-3.877,0.385,26
"[-299,-200]",HR≥-/EDG≥-5.0/CV≤0.45/μ≥0.0/TP≥60,67.07,-5.0,0.45,0.0,60.0,85,82,55,27,67.07,-4.73,-19.29,9.84,-3.877,0.385,26
"[-299,-200]",HR≥-/EDG≥-5.0/CV≤0.45/μ≥0.0/TP≥65,67.09,-5.0,0.45,0.0,65.0,82,79,53,26,67.09,-4.88,-19.69,9.93,-3.853,0.423,26
"[-299,-200]",HR≥-/EDG≥-5.0/CV≤0.45/μ≥0.5/TP≥-,67.07,-5.0,0.45,0.5,,85,82,55,27,67.07,-4.73,-19.29,9.84,-3.877,0.385,26
"[-299,-200]",HR≥-/EDG≥-5.0/CV≤0.45/μ≥0.5/TP≥50,67.07,-5.0,0.45,0.5,50.0,85,82,55,27,67.07,-4.73,-19.29,9.84,-3.877,0.385,26
"[-299,-200]",HR≥-/EDG≥-5.0/CV≤0.45/μ≥0.5/TP≥55,67.07,-5.0,0.45,0.5,55.0,85,82,55,27,67.07,-4.73,-19.29,9.84,-3.877,0.385,26
"[-299,-200]",HR≥-/EDG≥-5.0/CV≤0.45/μ≥0.5/TP≥60,67.07,-5.0,0.45,0.5,60.0,85,82,55,27,67.07,-4.73,-19.29,9.84,-3.877,0.385,26
"[-299,-200]",HR≥-/EDG≥-5.0/CV≤0.45/μ≥0.5/TP≥65,67.09,-5.0,0.45,0.5,65.0,82,79,53,26,67.09,-4.88,-19.69,9.93,-3.853,0.423,26
"[-299,-200]",HR≥-/EDG≥-5.0/CV≤0.45/μ≥1.0/TP≥-,64.79,-5.0,0.45,1.0,,72,71,46,25,64.79,-7.87,-23.81,8.07,-5.587,0.32,25
"[-299,-200]",HR≥-/EDG≥-5.0/CV≤0.45/μ≥1.0/TP≥50,64.79,-5.0,0.45,1.0,50.0,72,71,46,25,64.79,-7.87,-23.81,8.07,-5.587,0.32,25
"[-299,-200]",HR≥-/EDG≥-5.0/CV≤0.45/μ≥1.0/TP≥55,64.79,-5.0,0.45,1.0,55.0,72,71,46,25,64.79,-7.87,-23.81,8.07,-5.587,0.32,25
"[-299,-200]",HR≥-/EDG≥-5.0/CV≤0.45/μ≥1.0/TP≥60,64.79,-5.0,0.45,1.0,60.0,72,71,46,25,64.79,-7.87,-23.81,8.07,-5.587,0.32,25
"[-299,-200]",HR≥-/EDG≥-5.0/CV≤0.45/μ≥1.0/TP≥65,65.22,-5.0,0.45,1.0,65.0,70,69,45,24,65.22,-7.34,-23.45,8.77,-5.064,0.36,25
"[-299,-200]",HR≥-/EDG≥-5.0/CV≤0.4/μ≥-/TP≥-,72.88,-5.0,0.4,,,62,59,43,16,72.88,3.41,-12.86,19.68,2.011,0.571,21
"[-299,-200]",HR≥-/EDG≥-5.0/CV≤0.4/μ≥-/TP≥50,72.88,-5.0,0.4,,50.0,62,59,43,16,72.88,3.41,-12.86,19.68,2.011,0.571,21
"[-299,-200]",HR≥-/EDG≥-5.0/CV≤0.4/μ≥-/TP≥55,72.88,-5.0,0.4,,55.0,62,59,43,16,72.88,3.41,-12.86,19.68,2.011,0.571,21
"[-299,-200]",HR≥-/EDG≥-5.0/CV≤0.4/μ≥-/TP≥60,72.88,-5.0,0.4,,60.0,62,59,43,16,72.88,3.41,-12.86,19.68,2.011,0.571,21
"[-299,-200]",HR≥-/EDG≥-5.0/CV≤0.4/μ≥-/TP≥65,73.68,-5.0,0.4,,65.0,60,57,42,15,73.68,4.45,-11.94,20.83,2.535,0.571,21
"[-299,-200]",HR≥-/EDG≥-5.0/CV≤0.4/μ≥0.0/TP≥-,72.88,-5.0,0.4,0.0,,62,59,43,16,72.88,3.41,-12.86,19.68,2.011,0.571,21
"[-299,-200]",HR≥-/EDG≥-5.0/CV≤0.4/μ≥0.0/TP≥50,72.88,-5.0,0.4,0.0,50.0,62,59,43,16,72.88,3.41,-12.86,19.68,2.011,0.571,21
"[-299,-200]",HR≥-/EDG≥-5.0/CV≤0.4/μ≥0.0/TP≥55,72.88,-5.0,0.4,0.0,55.0,62,59,43,16,72.88,3.41,-12.86,19.68,2.011,0.571,21
"[-299,-200]",HR≥-/EDG≥-5.0/CV≤0.4/μ≥0.0/TP≥60,72.88,-5.0,0.4,0.0,60.0,62,59,43,16,72.88,3.41,-12.86,19.68,2.011,0.571,21
"[-299,-200]",HR≥-/EDG≥-5.0/CV≤0.4/μ≥0.0/TP≥65,73.68,-5.0,0.4,0.0,65.0,60,57,42,15,73.68,4.45,-11.94,20.83,2.535,0.571,21
"[-299,-200]",HR≥-/EDG≥-5.0/CV≤0.4/μ≥0.5/TP≥-,72.88,-5.0,0.4,0.5,,62,59,43,16,72.88,3.41,-12.86,19.68,2.011,0.571,21
"[-299,-200]",HR≥-/EDG≥-5.0/CV≤0.4/μ≥0.5/TP≥50,72.88,-5.0,0.4,0.5,50.0,62,59,43,16,72.88,3.41,-12.86,19.68,2.011,0.571,21
"[-299,-200]",HR≥-/EDG≥-5.0/CV≤0.4/μ≥0.5/TP≥55,72.88,-5.0,0.4,0.5,55.0,62,59,43,16,72.88,3.41,-12.86,19.68,2.011,0.571,21
"[-299,-200]",HR≥-/EDG≥-5.0/CV≤0.4/μ≥0.5/TP≥60,72.88,-5.0,0.4,0.5,60.0,62,59,43,16,72.88,3.41,-12.86,19.68,2.011,0.571,21
"[-299,-200]",HR≥-/EDG≥-5.0/CV≤0.4/μ≥0.5/TP≥65,73.68,-5.0,0.4,0.5,65.0,60,57,42,15,73.68,4.45,-11.94,20.83,2.535,0.571,21
"[-299,-200]",HR≥-/EDG≥-5.0/CV≤0.4/μ≥1.0/TP≥-,70.59,-5.0,0.4,1.0,,52,51,36,15,70.59,0.39,-17.6,18.39,0.201,0.429,21
"[-299,-200]",HR≥-/EDG≥-5.0/CV≤0.4/μ≥1.0/TP≥50,70.59,-5.0,0.4,1.0,50.0,52,51,36,15,70.59,0.39,-17.6,18.39,0.201,0.429,21
"[-299,-200]",HR≥-/EDG≥-5.0/CV≤0.4/μ≥1.0/TP≥55,70.59,-5.0,0.4,1.0,55.0,52,51,36,15,70.59,0.39,-17.6,18.39,0.201,0.429,21
"[-299,-200]",HR≥-/EDG≥-5.0/CV≤0.4/μ≥1.0/TP≥60,70.59,-5.0,0.4,1.0,60.0,52,51,36,15,70.59,0.39,-17.6,18.39,0.201,0.429,21
"[-299,-200]",HR≥-/EDG≥-5.0/CV≤0.4/μ≥1.0/TP≥65,71.43,-5.0,0.4,1.0,65.0,50,49,35,14,71.43,1.48,-16.71,19.67,0.725,0.429,21
"[-299,-200]",HR≥-/EDG≥0.0/CV≤-/μ≥-/TP≥-,68.75,0.0,,,,130,128,88,40,68.75,-2.52,-13.97,8.93,-3.222,0.444,27
"[-299,-200]",HR≥-/EDG≥0.0/CV≤-/μ≥-/TP≥50,68.75,0.0,,,50.0,130,128,88,40,68.75,-2.52,-13.97,8.93,-3.222,0.444,27
"[-299,-200]",HR≥-/EDG≥0.0/CV≤-/μ≥-/TP≥55,68.75,0.0,,,55.0,130,128,88,40,68.75,-2.52,-13.97,8.93,-3.222,0.444,27
"[-299,-200]",HR≥-/EDG≥0.0/CV≤-/μ≥-/TP≥60,68.75,0.0,,,60.0,130,128,88,40,68.75,-2.52,-13.97,8.93,-3.222,0.444,27
"[-299,-200]",HR≥-/EDG≥0.0/CV≤-/μ≥-/TP≥65,70.49,0.0,,,65.0,124,122,86,36,70.49,-0.15,-11.68,11.39,-0.179,0.519,27
"[-299,-200]",HR≥-/EDG≥0.0/CV≤-/μ≥0.0/TP≥-,68.75,0.0,,0.0,,130,128,88,40,68.75,-2.52,-13.97,8.93,-3.222,0.444,27
"[-299,-200]",HR≥-/EDG≥0.0/CV≤-/μ≥0.0/TP≥50,68.75,0.0,,0.0,50.0,130,128,88,40,68.75,-2.52,-13.97,8.93,-3.222,0.444,27
"[-299,-200]",HR≥-/EDG≥0.0/CV≤-/μ≥0.0/TP≥55,68.75,0.0,,0.0,55.0,130,128,88,40,68.75,-2.52,-13.97,8.93,-3.222,0.444,27
"[-299,-200]",HR≥-/EDG≥0.0/CV≤-/μ≥0.0/TP≥60,68.75,0.0,,0.0,60.0,130,128,88,40,68.75,-2.52,-13.97,8.93,-3.222,0.444,27
"[-299,-200]",HR≥-/EDG≥0.0/CV≤-/μ≥0.0/TP≥65,70.49,0.0,,0.0,65.0,124,122,86,36,70.49,-0.15,-11.68,11.39,-0.179,0.519,27
"[-299,-200]",HR≥-/EDG≥0.0/CV≤-/μ≥0.5/TP≥-,68.75,0.0,,0.5,,130,128,88,40,68.75,-2.52,-13.97,8.93,-3.222,0.444,27
"[-299,-200]",HR≥-/EDG≥0.0/CV≤-/μ≥0.5/TP≥50,68.75,0.0,,0.5,50.0,130,128,88,40,68.75,-2.52,-13.97,8.93,-3.222,0.444,27
"[-299,-200]",HR≥-/EDG≥0.0/CV≤-/μ≥0.5/TP≥55,68.75,0.0,,0.5,55.0,130,128,88,40,68.75,-2.52,-13.97,8.93,-3.222,0.444,27
"[-299,-200]",HR≥-/EDG≥0.0/CV≤-/μ≥0.5/TP≥60,68.75,0.0,,0.5,60.0,130,128,88,40,68.75,-2.52,-13.97,8.93,-3.222,0.444,27
"[-299,-200]",HR≥-/EDG≥0.0/CV≤-/μ≥0.5/TP≥65,70.49,0.0,,0.5,65.0,124,122,86,36,70.49,-0.15,-11.68,11.39,-0.179,0.519,27
"[-299,-200]",HR≥-/EDG≥0.0/CV≤-/μ≥1.0/TP≥-,69.35,0.0,,1.0,,125,124,86,38,69.35,-1.6,-13.19,9.98,-1.99,0.481,27
"[-299,-200]",HR≥-/EDG≥0.0/CV≤-/μ≥1.0/TP≥50,69.35,0.0,,1.0,50.0,125,124,86,38,69.35,-1.6,-13.19,9.98,-1.99,0.481,27
"[-299,-200]",HR≥-/EDG≥0.0/CV≤-/μ≥1.0/TP≥55,69.35,0.0,,1.0,55.0,125,124,86,38,69.35,-1.6,-13.19,9.98,-1.99,0.481,27
"[-299,-200]",HR≥-/EDG≥0.0/CV≤-/μ≥1.0/TP≥60,69.35,0.0,,1.0,60.0,125,124,86,38,69.35,-1.6,-13.19,9.98,-1.99,0.481,27
"[-299,-200]",HR≥-/EDG≥0.0/CV≤-/μ≥1.0/TP≥65,71.19,0.0,,1.0,65.0,119,118,84,34,71.19,0.89,-10.76,12.55,1.053,0.519,27
"[-299,-200]",HR≥-/EDG≥0.0/CV≤0.7/μ≥-/TP≥-,68.85,0.0,0.7,,,123,122,84,38,68.85,-2.4,-14.12,9.32,-2.924,0.407,27
"[-299,-200]",HR≥-/EDG≥0.0/CV≤0.7/μ≥-/TP≥50,68.85,0.0,0.7,,50.0,123,122,84,38,68.85,-2.4,-14.12,9.32,-2.924,0.407,27
"[-299,-200]",HR≥-/EDG≥0.0/CV≤0.7/μ≥-/TP≥55,68.85,0.0,0.7,,55.0,123,122,84,38,68.85,-2.4,-14.12,9.32,-2.924,0.407,27
"[-299,-200]",HR≥-/EDG≥0.0/CV≤0.7/μ≥-/TP≥60,68.85,0.0,0.7,,60.0,123,122,84,38,68.85,-2.4,-14.12,9.32,-2.924,0.407,27
"[-299,-200]",HR≥-/EDG≥0.0/CV≤0.7/μ≥-/TP≥65,69.49,0.0,0.7,,65.0,119,118,82,36,69.49,-1.59,-13.43,10.24,-1.881,0.444,27
"[-299,-200]",HR≥-/EDG≥0.0/CV≤0.7/μ≥0.0/TP≥-,68.85,0.0,0.7,0.0,,123,122,84,38,68.85,-2.4,-14.12,9.32,-2.924,0.407,27
"[-299,-200]",HR≥-/EDG≥0.0/CV≤0.7/μ≥0.0/TP≥50,68.85,0.0,0.7,0.0,50.0,123,122,84,38,68.85,-2.4,-14.12,9.32,-2.924,0.407,27
"[-299,-200]",HR≥-/EDG≥0.0/CV≤0.7/μ≥0.0/TP≥55,68.85,0.0,0.7,0.0,55.0,123,122,84,38,68.85,-2.4,-14.12,9.32,-2.924,0.407,27
"[-299,-200]",HR≥-/EDG≥0.0/CV≤0.7/μ≥0.0/TP≥60,68.85,0.0,0.7,0.0,60.0,123,122,84,38,68.85,-2.4,-14.12,9.32,-2.924,0.407,27
"[-299,-200]",HR≥-/EDG≥0.0/CV≤0.7/μ≥0.0/TP≥65,69.49,0.0,0.7,0.0,65.0,119,118,82,36,69.49,-1.59,-13.43,10.24,-1.881,0.444,27
"[-299,-200]",HR≥-/EDG≥0.0/CV≤0.7/μ≥0.5/TP≥-,68.85,0.0,0.7,0.5,,123,122,84,38,68.85,-2.4,-14.12,9.32,-2.924,0.407,27
"[-299,-200]",HR≥-/EDG≥0.0/CV≤0.7/μ≥0.5/TP≥50,68.85,0.0,0.7,0.5,50.0,123,122,84,38,68.85,-2.4,-14.12,9.32,-2.924,0.407,27
"[-299,-200]",HR≥-/EDG≥0.0/CV≤0.7/μ≥0.5/TP≥55,68.85,0.0,0.7,0.5,55.0,123,122,84,38,68.85,-2.4,-14.12,9.32,-2.924,0.407,27
"[-299,-200]",HR≥-/EDG≥0.0/CV≤0.7/μ≥0.5/TP≥60,68.85,0.0,0.7,0.5,60.0,123,122,84,38,68.85,-2.4,-14.12,9.32,-2.924,0.407,27
"[-299,-200]",HR≥-/EDG≥0.0/CV≤0.7/μ≥0.5/TP≥65,69.49,0.0,0.7,0.5,65.0,119,118,82,36,69.49,-1.59,-13.43,10.24,-1.881,0.444,27
"[-299,-200]",HR≥-/EDG≥0.0/CV≤0.7/μ≥1.0/TP≥-,69.49,0.0,0.7,1.0,,118,118,82,36,69.49,-1.43,-13.29,10.42,-1.691,0.407,27
"[-299,-200]",HR≥-/EDG≥0.0/CV≤0.7/μ≥1.0/TP≥50,69.49,0.0,0.7,1.0,50.0,118,118,82,36,69.49,-1.43,-13.29,10.42,-1.691,0.407,27
"[-299,-200]",HR≥-/EDG≥0.0/CV≤0.7/μ≥1.0/TP≥55,69.49,0.0,0.7,1.0,55.0,118,118,82,36,69.49,-1.43,-13.29,10.42,-1.691,0.407,27
"[-299,-200]",HR≥-/EDG≥0.0/CV≤0.7/μ≥1.0/TP≥60,69.49,0.0,0.7,1.0,60.0,118,118,82,36,69.49,-1.43,-13.29,10.42,-1.691,0.407,27
"[-299,-200]",HR≥-/EDG≥0.0/CV≤0.7/μ≥1.0/TP≥65,70.18,0.0,0.7,1.0,65.0,114,114,80,34,70.18,-0.57,-12.54,11.41,-0.648,0.444,27
"[-299,-200]",HR≥-/EDG≥0.0/CV≤0.6/μ≥-/TP≥-,68.1,0.0,0.6,,,117,116,79,37,68.1,-3.36,-15.47,8.75,-3.893,0.37,27
"[-299,-200]",HR≥-/EDG≥0.0/CV≤0.6/μ≥-/TP≥50,68.1,0.0,0.6,,50.0,117,116,79,37,68.1,-3.36,-15.47,8.75,-3.893,0.37,27
"[-299,-200]",HR≥-/EDG≥0.0/CV≤0.6/μ≥-/TP≥55,68.1,0.0,0.6,,55.0,117,116,79,37,68.1,-3.36,-15.47,8.75,-3.893,0.37,27
"[-299,-200]",HR≥-/EDG≥0.0/CV≤0.6/μ≥-/TP≥60,68.1,0.0,0.6,,60.0,117,116,79,37,68.1,-3.36,-15.47,8.75,-3.893,0.37,27
"[-299,-200]",HR≥-/EDG≥0.0/CV≤0.6/μ≥-/TP≥65,68.75,0.0,0.6,,65.0,113,112,77,35,68.75,-2.54,-14.79,9.7,-2.85,0.407,27
"[-299,-200]",HR≥-/EDG≥0.0/CV≤0.6/μ≥0.0/TP≥-,68.1,0.0,0.6,0.0,,117,116,79,37,68.1,-3.36,-15.47,8.75,-3.893,0.37,27
"[-299,-200]",HR≥-/EDG≥0.0/CV≤0.6/μ≥0.0/TP≥50,68.1,0.0,0.6,0.0,50.0,117,116,79,37,68.1,-3.36,-15.47,8.75,-3.893,0.37,27
"[-299,-200]",HR≥-/EDG≥0.0/CV≤0.6/μ≥0.0/TP≥55,68.1,0.0,0.6,0.0,55.0,117,116,79,37,68.1,-3.36,-15.47,8.75,-3.893,0.37,27
"[-299,-200]",HR≥-/EDG≥0.0/CV≤0.6/μ≥0.0/TP≥60,68.1,0.0,0.6,0.0,60.0,117,116,79,37,68.1,-3.36,-15.47,8.75,-3.893,0.37,27
"[-299,-200]",HR≥-/EDG≥0.0/CV≤0.6/μ≥0.0/TP≥65,68.75,0.0,0.6,0.0,65.0,113,112,77,35,68.75,-2.54,-14.79,9.7,-2.85,0.407,27
"[-299,-200]",HR≥-/EDG≥0.0/CV≤0.6/μ≥0.5/TP≥-,68.1,0.0,0.6,0.5,,117,116,79,37,68.1,-3.36,-15.47,8.75,-3.893,0.37,27
"[-299,-200]",HR≥-/EDG≥0.0/CV≤0.6/μ≥0.5/TP≥50,68.1,0.0,0.6,0.5,50.0,117,116,79,37,68.1,-3.36,-15.47,8.75,-3.893,0.37,27
"[-299,-200]",HR≥-/EDG≥0.0/CV≤0.6/μ≥0.5/TP≥55,68.1,0.0,0.6,0.5,55.0,117,116,79,37,68.1,-3.36,-15.47,8.75,-3.893,0.37,27
"[-299,-200]",HR≥-/EDG≥0.0/CV≤0.6/μ≥0.5/TP≥60,68.1,0.0,0.6,0.5,60.0,117,116,79,37,68.1,-3.36,-15.47,8.75,-3.893,0.37,27
"[-299,-200]",HR≥-/EDG≥0.0/CV≤0.6/μ≥0.5/TP≥65,68.75,0.0,0.6,0.5,65.0,113,112,77,35,68.75,-2.54,-14.79,9.7,-2.85,0.407,27
"[-299,-200]",HR≥-/EDG≥0.0/CV≤0.6/μ≥1.0/TP≥-,68.75,0.0,0.6,1.0,,112,112,77,35,68.75,-2.38,-14.64,9.89,-2.661,0.407,27
"[-299,-200]",HR≥-/EDG≥0.0/CV≤0.6/μ≥1.0/TP≥50,68.75,0.0,0.6,1.0,50.0,112,112,77,35,68.75,-2.38,-14.64,9.89,-2.661,0.407,27
"[-299,-200]",HR≥-/EDG≥0.0/CV≤0.6/μ≥1.0/TP≥55,68.75,0.0,0.6,1.0,55.0,112,112,77,35,68.75,-2.38,-14.64,9.89,-2.661,0.407,27
"[-299,-200]",HR≥-/EDG≥0.0/CV≤0.6/μ≥1.0/TP≥60,68.75,0.0,0.6,1.0,60.0,112,112,77,35,68.75,-2.38,-14.64,9.89,-2.661,0.407,27
"[-299,-200]",HR≥-/EDG≥0.0/CV≤0.6/μ≥1.0/TP≥65,69.44,0.0,0.6,1.0,65.0,108,108,75,33,69.44,-1.5,-13.9,10.91,-1.618,0.444,27
"[-299,-200]",HR≥-/EDG≥0.0/CV≤0.5/μ≥-/TP≥-,66.67,0.0,0.5,,,94,93,62,31,66.67,-5.15,-18.88,8.59,-4.786,0.36,25
"[-299,-200]",HR≥-/EDG≥0.0/CV≤0.5/μ≥-/TP≥50,66.67,0.0,0.5,,50.0,94,93,62,31,66.67,-5.15,-18.88,8.59,-4.786,0.36,25
"[-299,-200]",HR≥-/EDG≥0.0/CV≤0.5/μ≥-/TP≥55,66.67,0.0,0.5,,55.0,94,93,62,31,66.67,-5.15,-18.88,8.59,-4.786,0.36,25
"[-299,-200]",HR≥-/EDG≥0.0/CV≤0.5/μ≥-/TP≥60,66.67,0.0,0.5,,60.0,94,93,62,31,66.67,-5.15,-18.88,8.59,-4.786,0.36,25
"[-299,-200]",HR≥-/EDG≥0.0/CV≤0.5/μ≥-/TP≥65,66.67,0.0,0.5,,65.0,91,90,60,30,66.67,-5.27,-19.21,8.67,-4.743,0.4,25
"[-299,-200]",HR≥-/EDG≥0.0/CV≤0.5/μ≥0.0/TP≥-,66.67,0.0,0.5,0.0,,94,93,62,31,66.67,-5.15,-18.88,8.59,-4.786,0.36,25
"[-299,-200]",HR≥-/EDG≥0.0/CV≤0.5/μ≥0.0/TP≥50,66.67,0.0,0.5,0.0,50.0,94,93,62,31,66.67,-5.15,-18.88,8.59,-4.786,0.36,25
"[-299,-200]",HR≥-/EDG≥0.0/CV≤0.5/μ≥0.0/TP≥55,66.67,0.0,0.5,0.0,55.0,94,93,62,31,66.67,-5.15,-18.88,8.59,-4.786,0.36,25
"[-299,-200]",HR≥-/EDG≥0.0/CV≤0.5/μ≥0.0/TP≥60,66.67,0.0,0.5,0.0,60.0,94,93,62,31,66.67,-5.15,-18.88,8.59,-4.786,0.36,25
"[-299,-200]",HR≥-/EDG≥0.0/CV≤0.5/μ≥0.0/TP≥65,66.67,0.0,0.5,0.0,65.0,91,90,60,30,66.67,-5.27,-19.21,8.67,-4.743,0.4,25
"[-299,-200]",HR≥-/EDG≥0.0/CV≤0.5/μ≥0.5/TP≥-,66.67,0.0,0.5,0.5,,94,93,62,31,66.67,-5.15,-18.88,8.59,-4.786,0.36,25
"[-299,-200]",HR≥-/EDG≥0.0/CV≤0.5/μ≥0.5/TP≥50,66.67,0.0,0.5,0.5,50.0,94,93,62,31,66.67,-5.15,-18.88,8.59,-4.786,0.36,25
"[-299,-200]",HR≥-/EDG≥0.0/CV≤0.5/μ≥0.5/TP≥55,66.67,0.0,0.5,0.5,55.0,94,93,62,31,66.67,-5.15,-18.88,8.59,-4.786,0.36,25
"[-299,-200]",HR≥-/EDG≥0.0/CV≤0.5/μ≥0.5/TP≥60,66.67,0.0,0.5,0.5,60.0,94,93,62,31,66.67,-5.15,-18.88,8.59,-4.786,0.36,25
"[-299,-200]",HR≥-/EDG≥0.0/CV≤0.5/μ≥0.5/TP≥65,66.67,0.0,0.5,0.5,65.0,91,90,60,30,66.67,-5.27,-19.21,8.67,-4.743,0.4,25
"[-299,-200]",HR≥-/EDG≥0.0/CV≤0.5/μ≥1.0/TP≥-,67.42,0.0,0.5,1.0,,89,89,60,29,67.42,-3.99,-17.96,9.98,-3.553,0.44,25
"[-299,-200]",HR≥-/EDG≥0.0/CV≤0.5/μ≥1.0/TP≥50,67.42,0.0,0.5,1.0,50.0,89,89,60,29,67.42,-3.99,-17.96,9.98,-3.553,0.44,25
"[-299,-200]",HR≥-/EDG≥0.0/CV≤0.5/μ≥1.0/TP≥55,67.42,0.0,0.5,1.0,55.0,89,89,60,29,67.42,-3.99,-17.96,9.98,-3.553,0.44,25
"[-299,-200]",HR≥-/EDG≥0.0/CV≤0.5/μ≥1.0/TP≥60,67.42,0.0,0.5,1.0,60.0,89,89,60,29,67.42,-3.99,-17.96,9.98,-3.553,0.44,25
"[-299,-200]",HR≥-/EDG≥0.0/CV≤0.5/μ≥1.0/TP≥65,67.44,0.0,0.5,1.0,65.0,86,86,58,28,67.44,-4.08,-18.28,10.11,-3.51,0.48,25
"[-299,-200]",HR≥-/EDG≥0.0/CV≤0.45/μ≥-/TP≥-,65.22,0.0,0.45,,,70,69,45,24,65.22,-7.27,-23.39,8.86,-5.013,0.4,25
"[-299,-200]",HR≥-/EDG≥0.0/CV≤0.45/μ≥-/TP≥50,65.22,0.0,0.45,,50.0,70,69,45,24,65.22,-7.27,-23.39,8.86,-5.013,0.4,25
"[-299,-200]",HR≥-/EDG≥0.0/CV≤0.45/μ≥-/TP≥55,65.22,0.0,0.45,,55.0,70,69,45,24,65.22,-7.27,-23.39,8.86,-5.013,0.4,25
"[-299,-200]",HR≥-/EDG≥0.0/CV≤0.45/μ≥-/TP≥60,65.22,0.0,0.45,,60.0,70,69,45,24,65.22,-7.27,-23.39,8.86,-5.013,0.4,25
"[-299,-200]",HR≥-/EDG≥0.0/CV≤0.45/μ≥-/TP≥65,65.67,0.0,0.45,,65.0,68,67,44,23,65.67,-6.7,-23.0,9.6,-4.489,0.4,25
"[-299,-200]",HR≥-/EDG≥0.0/CV≤0.45/μ≥0.0/TP≥-,65.22,0.0,0.45,0.0,,70,69,45,24,65.22,-7.27,-23.39,8.86,-5.013,0.4,25
"[-299,-200]",HR≥-/EDG≥0.0/CV≤0.45/μ≥0.0/TP≥50,65.22,0.0,0.45,0.0,50.0,70,69,45,24,65.22,-7.27,-23.39,8.86,-5.013,0.4,25
"[-299,-200]",HR≥-/EDG≥0.0/CV≤0.45/μ≥0.0/TP≥55,65.22,0.0,0.45,0.0,55.0,70,69,45,24,65.22,-7.27,-23.39,8.86,-5.013,0.4,25
"[-299,-200]",HR≥-/EDG≥0.0/CV≤0.45/μ≥0.0/TP≥60,65.22,0.0,0.45,0.0,60.0,70,69,45,24,65.22,-7.27,-23.39,8.86,-5.013,0.4,25
"[-299,-200]",HR≥-/EDG≥0.0/CV≤0.45/μ≥0.0/TP≥65,65.67,0.0,0.45,0.0,65.0,68,67,44,23,65.67,-6.7,-23.0,9.6,-4.489,0.4,25
"[-299,-200]",HR≥-/EDG≥0.0/CV≤0.45/μ≥0.5/TP≥-,65.22,0.0,0.45,0.5,,70,69,45,24,65.22,-7.27,-23.39,8.86,-5.013,0.4,25
"[-299,-200]",HR≥-/EDG≥0.0/CV≤0.45/μ≥0.5/TP≥50,65.22,0.0,0.45,0.5,50.0,70,69,45,24,65.22,-7.27,-23.39,8.86,-5.013,0.4,25
"[-299,-200]",HR≥-/EDG≥0.0/CV≤0.45/μ≥0.5/TP≥55,65.22,0.0,0.45,0.5,55.0,70,69,45,24,65.22,-7.27,-23.39,8.86,-5.013,0.4,25
"[-299,-200]",HR≥-/EDG≥0.0/CV≤0.45/μ≥0.5/TP≥60,65.22,0.0,0.45,0.5,60.0,70,69,45,24,65.22,-7.27,-23.39,8.86,-5.013,0.4,25
"[-299,-200]",HR≥-/EDG≥0.0/CV≤0.45/μ≥0.5/TP≥65,65.67,0.0,0.45,0.5,65.0,68,67,44,23,65.67,-6.7,-23.0,9.6,-4.489,0.4,25
"[-299,-200]",HR≥-/EDG≥0.0/CV≤0.45/μ≥1.0/TP≥-,65.15,0.0,0.45,1.0,,66,66,43,23,65.15,-7.24,-23.76,9.28,-4.781,0.36,25
"[-299,-200]",HR≥-/EDG≥0.0/CV≤0.45/μ≥1.0/TP≥50,65.15,0.0,0.45,1.0,50.0,66,66,43,23,65.15,-7.24,-23.76,9.28,-4.781,0.36,25
"[-299,-200]",HR≥-/EDG≥0.0/CV≤0.45/μ≥1.0/TP≥55,65.15,0.0,0.45,1.0,55.0,66,66,43,23,65.15,-7.24,-23.76,9.28,-4.781,0.36,25
"[-299,-200]",HR≥-/EDG≥0.0/CV≤0.45/μ≥1.0/TP≥60,65.15,0.0,0.45,1.0,60.0,66,66,43,23,65.15,-7.24,-23.76,9.28,-4.781,0.36,25
"[-299,-200]",HR≥-/EDG≥0.0/CV≤0.45/μ≥1.0/TP≥65,65.62,0.0,0.45,1.0,65.0,64,64,42,22,65.62,-6.65,-23.36,10.06,-4.257,0.36,25
"[-299,-200]",HR≥-/EDG≥0.0/CV≤0.4/μ≥-/TP≥-,72.0,0.0,0.4,,,51,50,36,14,72.0,2.4,-15.51,20.32,1.201,0.476,21
"[-299,-200]",HR≥-/EDG≥0.0/CV≤0.4/μ≥-/TP≥50,72.0,0.0,0.4,,50.0,51,50,36,14,72.0,2.4,-15.51,20.32,1.201,0.476,21
"[-299,-200]",HR≥-/EDG≥0.0/CV≤0.4/μ≥-/TP≥55,72.0,0.0,0.4,,55.0,51,50,36,14,72.0,2.4,-15.51,20.32,1.201,0.476,21
"[-299,-200]",HR≥-/EDG≥0.0/CV≤0.4/μ≥-/TP≥60,72.0,0.0,0.4,,60.0,51,50,36,14,72.0,2.4,-15.51,20.32,1.201,0.476,21
"[-299,-200]",HR≥-/EDG≥0.0/CV≤0.4/μ≥-/TP≥65,72.92,0.0,0.4,,65.0,49,48,35,13,72.92,3.59,-14.49,21.68,1.725,0.524,21
"[-299,-200]",HR≥-/EDG≥0.0/CV≤0.4/μ≥0.0/TP≥-,72.0,0.0,0.4,0.0,,51,50,36,14,72.0,2.4,-15.51,20.32,1.201,0.476,21
"[-299,-200]",HR≥-/EDG≥0.0/CV≤0.4/μ≥0.0/TP≥50,72.0,0.0,0.4,0.0,50.0,51,50,36,14,72.0,2.4,-15.51,20.32,1.201,0.476,21
"[-299,-200]",HR≥-/EDG≥0.0/CV≤0.4/μ≥0.0/TP≥55,72.0,0.0,0.4,0.0,55.0,51,50,36,14,72.0,2.4,-15.51,20.32,1.201,0.476,21
"[-299,-200]",HR≥-/EDG≥0.0/CV≤0.4/μ≥0.0/TP≥60,72.0,0.0,0.4,0.0,60.0,51,50,36,14,72.0,2.4,-15.51,20.32,1.201,0.476,21
"[-299,-200]",HR≥-/EDG≥0.0/CV≤0.4/μ≥0.0/TP≥65,72.92,0.0,0.4,0.0,65.0,49,48,35,13,72.92,3.59,-14.49,21.68,1.725,0.524,21
"[-299,-200]",HR≥-/EDG≥0.0/CV≤0.4/μ≥0.5/TP≥-,72.0,0.0,0.4,0.5,,51,50,36,14,72.0,2.4,-15.51,20.32,1.201,0.476,21
"[-299,-200]",HR≥-/EDG≥0.0/CV≤0.4/μ≥0.5/TP≥50,72.0,0.0,0.4,0.5,50.0,51,50,36,14,72.0,2.4,-15.51,20.32,1.201,0.476,21
"[-299,-200]",HR≥-/EDG≥0.0/CV≤0.4/μ≥0.5/TP≥55,72.0,0.0,0.4,0.5,55.0,51,50,36,14,72.0,2.4,-15.51,20.32,1.201,0.476,21
"[-299,-200]",HR≥-/EDG≥0.0/CV≤0.4/μ≥0.5/TP≥60,72.0,0.0,0.4,0.5,60.0,51,50,36,14,72.0,2.4,-15.51,20.32,1.201,0.476,21
"[-299,-200]",HR≥-/EDG≥0.0/CV≤0.4/μ≥0.5/TP≥65,72.92,0.0,0.4,0.5,65.0,49,48,35,13,72.92,3.59,-14.49,21.68,1.725,0.524,21
"[-299,-200]",HR≥-/EDG≥0.0/CV≤0.4/μ≥1.0/TP≥-,72.34,0.0,0.4,1.0,,47,47,34,13,72.34,3.05,-15.4,21.5,1.433,0.476,21
"[-299,-200]",HR≥-/EDG≥0.0/CV≤0.4/μ≥1.0/TP≥50,72.34,0.0,0.4,1.0,50.0,47,47,34,13,72.34,3.05,-15.4,21.5,1.433,0.476,21
"[-299,-200]",HR≥-/EDG≥0.0/CV≤0.4/μ≥1.0/TP≥55,72.34,0.0,0.4,1.0,55.0,47,47,34,13,72.34,3.05,-15.4,21.5,1.433,0.476,21
"[-299,-200]",HR≥-/EDG≥0.0/CV≤0.4/μ≥1.0/TP≥60,72.34,0.0,0.4,1.0,60.0,47,47,34,13,72.34,3.05,-15.4,21.5,1.433,0.476,21
"[-299,-200]",HR≥-/EDG≥0.0/CV≤0.4/μ≥1.0/TP≥65,73.33,0.0,0.4,1.0,65.0,45,45,33,12,73.33,4.35,-14.28,22.98,1.957,0.524,21
"[-299,-200]",HR≥-/EDG≥5.0/CV≤-/μ≥-/TP≥-,67.62,5.0,,,,106,105,71,34,67.62,-3.64,-16.47,9.2,-3.817,0.481,27
"[-299,-200]",HR≥-/EDG≥5.0/CV≤-/μ≥-/TP≥50,67.62,5.0,,,50.0,106,105,71,34,67.62,-3.64,-16.47,9.2,-3.817,0.481,27
"[-299,-200]",HR≥-/EDG≥5.0/CV≤-/μ≥-/TP≥55,67.62,5.0,,,55.0,106,105,71,34,67.62,-3.64,-16.47,9.2,-3.817,0.481,27
"[-299,-200]",HR≥-/EDG≥5.0/CV≤-/μ≥-/TP≥60,67.62,5.0,,,60.0,106,105,71,34,67.62,-3.64,-16.47,9.2,-3.817,0.481,27
"[-299,-200]",HR≥-/EDG≥5.0/CV≤-/μ≥-/TP≥65,69.7,5.0,,,65.0,100,99,69,30,69.7,-0.78,-13.76,12.19,-0.774,0.481,27
"[-299,-200]",HR≥-/EDG≥5.0/CV≤-/μ≥0.0/TP≥-,67.62,5.0,,0.0,,106,105,71,34,67.62,-3.64,-16.47,9.2,-3.817,0.481,27
"[-299,-200]",HR≥-/EDG≥5.0/CV≤-/μ≥0.0/TP≥50,67.62,5.0,,0.0,50.0,106,105,71,34,67.62,-3.64,-16.47,9.2,-3.817,0.481,27
"[-299,-200]",HR≥-/EDG≥5.0/CV≤-/μ≥0.0/TP≥55,67.62,5.0,,0.0,55.0,106,105,71,34,67.62,-3.64,-16.47,9.2,-3.817,0.481,27
"[-299,-200]",HR≥-/EDG≥5.0/CV≤-/μ≥0.0/TP≥60,67.62,5.0,,0.0,60.0,106,105,71,34,67.62,-3.64,-16.47,9.2,-3.817,0.481,27
"[-299,-200]",HR≥-/EDG≥5.0/CV≤-/μ≥0.0/TP≥65,69.7,5.0,,0.0,65.0,100,99,69,30,69.7,-0.78,-13.76,12.19,-0.774,0.481,27
"[-299,-200]",HR≥-/EDG≥5.0/CV≤-/μ≥0.5/TP≥-,67.62,5.0,,0.5,,106,105,71,34,67.62,-3.64,-16.47,9.2,-3.817,0.481,27
"[-299,-200]",HR≥-/EDG≥5.0/CV≤-/μ≥0.5/TP≥50,67.62,5.0,,0.5,50.0,106,105,71,34,67.62,-3.64,-16.47,9.2,-3.817,0.481,27
"[-299,-200]",HR≥-/EDG≥5.0/CV≤-/μ≥0.5/TP≥55,67.62,5.0,,0.5,55.0,106,105,71,34,67.62,-3.64,-16.47,9.2,-3.817,0.481,27
"[-299,-200]",HR≥-/EDG≥5.0/CV≤-/μ≥0.5/TP≥60,67.62,5.0,,0.5,60.0,106,105,71,34,67.62,-3.64,-16.47,9.2,-3.817,0.481,27
"[-299,-200]",HR≥-/EDG≥5.0/CV≤-/μ≥0.5/TP≥65,69.7,5.0,,0.5,65.0,100,99,69,30,69.7,-0.78,-13.76,12.19,-0.774,0.481,27
"[-299,-200]",HR≥-/EDG≥5.0/CV≤-/μ≥1.0/TP≥-,68.27,5.0,,1.0,,105,104,71,33,68.27,-2.71,-15.54,10.12,-2.817,0.481,27
"[-299,-200]",HR≥-/EDG≥5.0/CV≤-/μ≥1.0/TP≥50,68.27,5.0,,1.0,50.0,105,104,71,33,68.27,-2.71,-15.54,10.12,-2.817,0.481,27
"[-299,-200]",HR≥-/EDG≥5.0/CV≤-/μ≥1.0/TP≥55,68.27,5.0,,1.0,55.0,105,104,71,33,68.27,-2.71,-15.54,10.12,-2.817,0.481,27
"[-299,-200]",HR≥-/EDG≥5.0/CV≤-/μ≥1.0/TP≥60,68.27,5.0,,1.0,60.0,105,104,71,33,68.27,-2.71,-15.54,10.12,-2.817,0.481,27
"[-299,-200]",HR≥-/EDG≥5.0/CV≤-/μ≥1.0/TP≥65,70.41,5.0,,1.0,65.0,99,98,69,29,70.41,0.23,-12.72,13.18,0.226,0.481,27
"[-299,-200]",HR≥-/EDG≥5.0/CV≤0.7/μ≥-/TP≥-,67.68,5.0,0.7,,,99,99,67,32,67.68,-3.55,-16.77,9.66,-3.518,0.444,27
"[-299,-200]",HR≥-/EDG≥5.0/CV≤0.7/μ≥-/TP≥50,67.68,5.0,0.7,,50.0,99,99,67,32,67.68,-3.55,-16.77,9.66,-3.518,0.444,27
"[-299,-200]",HR≥-/EDG≥5.0/CV≤0.7/μ≥-/TP≥55,67.68,5.0,0.7,,55.0,99,99,67,32,67.68,-3.55,-16.77,9.66,-3.518,0.444,27
"[-299,-200]",HR≥-/EDG≥5.0/CV≤0.7/μ≥-/TP≥60,67.68,5.0,0.7,,60.0,99,99,67,32,67.68,-3.55,-16.77,9.66,-3.518,0.444,27
"[-299,-200]",HR≥-/EDG≥5.0/CV≤0.7/μ≥-/TP≥65,68.42,5.0,0.7,,65.0,95,95,65,30,68.42,-2.61,-16.0,10.79,-2.475,0.481,27
"[-299,-200]",HR≥-/EDG≥5.0/CV≤0.7/μ≥0.0/TP≥-,67.68,5.0,0.7,0.0,,99,99,67,32,67.68,-3.55,-16.77,9.66,-3.518,0.444,27
"[-299,-200]",HR≥-/EDG≥5.0/CV≤0.7/μ≥0.0/TP≥50,67.68,5.0,0.7,0.0,50.0,99,99,67,32,67.68,-3.55,-16.77,9.66,-3.518,0.444,27
"[-299,-200]",HR≥-/EDG≥5.0/CV≤0.7/μ≥0.0/TP≥55,67.68,5.0,0.7,0.0,55.0,99,99,67,32,67.68,-3.55,-16.77,9.66,-3.518,0.444,27
"[-299,-200]",HR≥-/EDG≥5.0/CV≤0.7/μ≥0.0/TP≥60,67.68,5.0,0.7,0.0,60.0,99,99,67,32,67.68,-3.55,-16.77,9.66,-3.518,0.444,27
"[-299,-200]",HR≥-/EDG≥5.0/CV≤0.7/μ≥0.0/TP≥65,68.42,5.0,0.7,0.0,65.0,95,95,65,30,68.42,-2.61,-16.0,10.79,-2.475,0.481,27
"[-299,-200]",HR≥-/EDG≥5.0/CV≤0.7/μ≥0.5/TP≥-,67.68,5.0,0.7,0.5,,99,99,67,32,67.68,-3.55,-16.77,9.66,-3.518,0.444,27
"[-299,-200]",HR≥-/EDG≥5.0/CV≤0.7/μ≥0.5/TP≥50,67.68,5.0,0.7,0.5,50.0,99,99,67,32,67.68,-3.55,-16.77,9.66,-3.518,0.444,27
"[-299,-200]",HR≥-/EDG≥5.0/CV≤0.7/μ≥0.5/TP≥55,67.68,5.0,0.7,0.5,55.0,99,99,67,32,67.68,-3.55,-16.77,9.66,-3.518,0.444,27
"[-299,-200]",HR≥-/EDG≥5.0/CV≤0.7/μ≥0.5/TP≥60,67.68,5.0,0.7,0.5,60.0,99,99,67,32,67.68,-3.55,-16.77,9.66,-3.518,0.444,27
"[-299,-200]",HR≥-/EDG≥5.0/CV≤0.7/μ≥0.5/TP≥65,68.42,5.0,0.7,0.5,65.0,95,95,65,30,68.42,-2.61,-16.0,10.79,-2.475,0.481,27
"[-299,-200]",HR≥-/EDG≥5.0/CV≤0.7/μ≥1.0/TP≥-,68.37,5.0,0.7,1.0,,98,98,67,31,68.37,-2.57,-15.78,10.64,-2.518,0.444,27
"[-299,-200]",HR≥-/EDG≥5.0/CV≤0.7/μ≥1.0/TP≥50,68.37,5.0,0.7,1.0,50.0,98,98,67,31,68.37,-2.57,-15.78,10.64,-2.518,0.444,27
"[-299,-200]",HR≥-/EDG≥5.0/CV≤0.7/μ≥1.0/TP≥55,68.37,5.0,0.7,1.0,55.0,98,98,67,31,68.37,-2.57,-15.78,10.64,-2.518,0.444,27
"[-299,-200]",HR≥-/EDG≥5.0/CV≤0.7/μ≥1.0/TP≥60,68.37,5.0,0.7,1.0,60.0,98,98,67,31,68.37,-2.57,-15.78,10.64,-2.518,0.444,27
"[-299,-200]",HR≥-/EDG≥5.0/CV≤0.7/μ≥1.0/TP≥65,69.15,5.0,0.7,1.0,65.0,94,94,65,29,69.15,-1.57,-14.95,11.81,-1.475,0.481,27
"[-299,-200]",HR≥-/EDG≥5.0/CV≤0.6/μ≥-/TP≥-,67.02,5.0,0.6,,,94,94,63,31,67.02,-4.41,-18.06,9.23,-4.149,0.481,27
"[-299,-200]",HR≥-/EDG≥5.0/CV≤0.6/μ≥-/TP≥50,67.02,5.0,0.6,,50.0,94,94,63,31,67.02,-4.41,-18.06,9.23,-4.149,0.481,27
"[-299,-200]",HR≥-/EDG≥5.0/CV≤0.6/μ≥-/TP≥55,67.02,5.0,0.6,,55.0,94,94,63,31,67.02,-4.41,-18.06,9.23,-4.149,0.481,27
"[-299,-200]",HR≥-/EDG≥5.0/CV≤0.6/μ≥-/TP≥60,67.02,5.0,0.6,,60.0,94,94,63,31,67.02,-4.41,-18.06,9.23,-4.149,0.481,27
"[-299,-200]",HR≥-/EDG≥5.0/CV≤0.6/μ≥-/TP≥65,67.78,5.0,0.6,,65.0,90,90,61,29,67.78,-3.45,-17.3,10.4,-3.106,0.519,27
"[-299,-200]",HR≥-/EDG≥5.0/CV≤0.6/μ≥0.0/TP≥-,67.02,5.0,0.6,0.0,,94,94,63,31,67.02,-4.41,-18.06,9.23,-4.149,0.481,27
"[-299,-200]",HR≥-/EDG≥5.0/CV≤0.6/μ≥0.0/TP≥50,67.02,5.0,0.6,0.0,50.0,94,94,63,31,67.02,-4.41,-18.06,9.23,-4.149,0.481,27
"[-299,-200]",HR≥-/EDG≥5.0/CV≤0.6/μ≥0.0/TP≥55,67.02,5.0,0.6,0.0,55.0,94,94,63,31,67.02,-4.41,-18.06,9.23,-4.149,0.481,27
"[-299,-200]",HR≥-/EDG≥5.0/CV≤0.6/μ≥0.0/TP≥60,67.02,5.0,0.6,0.0,60.0,94,94,63,31,67.02,-4.41,-18.06,9.23,-4.149,0.481,27
"[-299,-200]",HR≥-/EDG≥5.0/CV≤0.6/μ≥0.0/TP≥65,67.78,5.0,0.6,0.0,65.0,90,90,61,29,67.78,-3.45,-17.3,10.4,-3.106,0.519,27
"[-299,-200]",HR≥-/EDG≥5.0/CV≤0.6/μ≥0.5/TP≥-,67.02,5.0,0.6,0.5,,94,94,63,31,67.02,-4.41,-18.06,9.23,-4.149,0.481,27
"[-299,-200]",HR≥-/EDG≥5.0/CV≤0.6/μ≥0.5/TP≥50,67.02,5.0,0.6,0.5,50.0,94,94,63,31,67.02,-4.41,-18.06,9.23,-4.149,0.481,27
"[-299,-200]",HR≥-/EDG≥5.0/CV≤0.6/μ≥0.5/TP≥55,67.02,5.0,0.6,0.5,55.0,94,94,63,31,67.02,-4.41,-18.06,9.23,-4.149,0.481,27
"[-299,-200]",HR≥-/EDG≥5.0/CV≤0.6/μ≥0.5/TP≥60,67.02,5.0,0.6,0.5,60.0,94,94,63,31,67.02,-4.41,-18.06,9.23,-4.149,0.481,27
"[-299,-200]",HR≥-/EDG≥5.0/CV≤0.6/μ≥0.5/TP≥65,67.78,5.0,0.6,0.5,65.0,90,90,61,29,67.78,-3.45,-17.3,10.4,-3.106,0.519,27
"[-299,-200]",HR≥-/EDG≥5.0/CV≤0.6/μ≥1.0/TP≥-,67.74,5.0,0.6,1.0,,93,93,63,30,67.74,-3.39,-17.03,10.26,-3.149,0.481,27
"[-299,-200]",HR≥-/EDG≥5.0/CV≤0.6/μ≥1.0/TP≥50,67.74,5.0,0.6,1.0,50.0,93,93,63,30,67.74,-3.39,-17.03,10.26,-3.149,0.481,27
"[-299,-200]",HR≥-/EDG≥5.0/CV≤0.6/μ≥1.0/TP≥55,67.74,5.0,0.6,1.0,55.0,93,93,63,30,67.74,-3.39,-17.03,10.26,-3.149,0.481,27
"[-299,-200]",HR≥-/EDG≥5.0/CV≤0.6/μ≥1.0/TP≥60,67.74,5.0,0.6,1.0,60.0,93,93,63,30,67.74,-3.39,-17.03,10.26,-3.149,0.481,27
"[-299,-200]",HR≥-/EDG≥5.0/CV≤0.6/μ≥1.0/TP≥65,68.54,5.0,0.6,1.0,65.0,89,89,61,28,68.54,-2.37,-16.21,11.48,-2.106,0.519,27
"[-299,-200]",HR≥-/EDG≥5.0/CV≤0.5/μ≥-/TP≥-,65.79,5.0,0.5,,,76,76,50,26,65.79,-5.98,-21.34,9.39,-4.541,0.5,24
"[-299,-200]",HR≥-/EDG≥5.0/CV≤0.5/μ≥-/TP≥50,65.79,5.0,0.5,,50.0,76,76,50,26,65.79,-5.98,-21.34,9.39,-4.541,0.5,24
"[-299,-200]",HR≥-/EDG≥5.0/CV≤0.5/μ≥-/TP≥55,65.79,5.0,0.5,,55.0,76,76,50,26,65.79,-5.98,-21.34,9.39,-4.541,0.5,24
"[-299,-200]",HR≥-/EDG≥5.0/CV≤0.5/μ≥-/TP≥60,65.79,5.0,0.5,,60.0,76,76,50,26,65.79,-5.98,-21.34,9.39,-4.541,0.5,24
"[-299,-200]",HR≥-/EDG≥5.0/CV≤0.5/μ≥-/TP≥65,65.75,5.0,0.5,,65.0,73,73,48,25,65.75,-6.16,-21.83,9.51,-4.498,0.542,24
"[-299,-200]",HR≥-/EDG≥5.0/CV≤0.5/μ≥0.0/TP≥-,65.79,5.0,0.5,0.0,,76,76,50,26,65.79,-5.98,-21.34,9.39,-4.541,0.5,24
"[-299,-200]",HR≥-/EDG≥5.0/CV≤0.5/μ≥0.0/TP≥50,65.79,5.0,0.5,0.0,50.0,76,76,50,26,65.79,-5.98,-21.34,9.39,-4.541,0.5,24
"[-299,-200]",HR≥-/EDG≥5.0/CV≤0.5/μ≥0.0/TP≥55,65.79,5.0,0.5,0.0,55.0,76,76,50,26,65.79,-5.98,-21.34,9.39,-4.541,0.5,24
"[-299,-200]",HR≥-/EDG≥5.0/CV≤0.5/μ≥0.0/TP≥60,65.79,5.0,0.5,0.0,60.0,76,76,50,26,65.79,-5.98,-21.34,9.39,-4.541,0.5,24
"[-299,-200]",HR≥-/EDG≥5.0/CV≤0.5/μ≥0.0/TP≥65,65.75,5.0,0.5,0.0,65.0,73,73,48,25,65.75,-6.16,-21.83,9.51,-4.498,0.542,24
"[-299,-200]",HR≥-/EDG≥5.0/CV≤0.5/μ≥0.5/TP≥-,65.79,5.0,0.5,0.5,,76,76,50,26,65.79,-5.98,-21.34,9.39,-4.541,0.5,24
"[-299,-200]",HR≥-/EDG≥5.0/CV≤0.5/μ≥0.5/TP≥50,65.79,5.0,0.5,0.5,50.0,76,76,50,26,65.79,-5.98,-21.34,9.39,-4.541,0.5,24
"[-299,-200]",HR≥-/EDG≥5.0/CV≤0.5/μ≥0.5/TP≥55,65.79,5.0,0.5,0.5,55.0,76,76,50,26,65.79,-5.98,-21.34,9.39,-4.541,0.5,24
"[-299,-200]",HR≥-/EDG≥5.0/CV≤0.5/μ≥0.5/TP≥60,65.79,5.0,0.5,0.5,60.0,76,76,50,26,65.79,-5.98,-21.34,9.39,-4.541,0.5,24
"[-299,-200]",HR≥-/EDG≥5.0/CV≤0.5/μ≥0.5/TP≥65,65.75,5.0,0.5,0.5,65.0,73,73,48,25,65.75,-6.16,-21.83,9.51,-4.498,0.542,24
"[-299,-200]",HR≥-/EDG≥5.0/CV≤0.5/μ≥1.0/TP≥-,66.67,5.0,0.5,1.0,,75,75,50,25,66.67,-4.72,-20.1,10.65,-3.541,0.5,24
"[-299,-200]",HR≥-/EDG≥5.0/CV≤0.5/μ≥1.0/TP≥50,66.67,5.0,0.5,1.0,50.0,75,75,50,25,66.67,-4.72,-20.1,10.65,-3.541,0.5,24
"[-299,-200]",HR≥-/EDG≥5.0/CV≤0.5/μ≥1.0/TP≥55,66.67,5.0,0.5,1.0,55.0,75,75,50,25,66.67,-4.72,-20.1,10.65,-3.541,0.5,24
"[-299,-200]",HR≥-/EDG≥5.0/CV≤0.5/μ≥1.0/TP≥60,66.67,5.0,0.5,1.0,60.0,75,75,50,25,66.67,-4.72,-20.1,10.65,-3.541,0.5,24
"[-299,-200]",HR≥-/EDG≥5.0/CV≤0.5/μ≥1.0/TP≥65,66.67,5.0,0.5,1.0,65.0,72,72,48,24,66.67,-4.86,-20.53,10.82,-3.498,0.542,24
"[-299,-200]",HR≥-/EDG≥5.0/CV≤0.45/μ≥-/TP≥-,65.52,5.0,0.45,,,58,58,38,20,65.52,-6.5,-24.14,11.14,-3.769,0.391,23
"[-299,-200]",HR≥-/EDG≥5.0/CV≤0.45/μ≥-/TP≥50,65.52,5.0,0.45,,50.0,58,58,38,20,65.52,-6.5,-24.14,11.14,-3.769,0.391,23
"[-299,-200]",HR≥-/EDG≥5.0/CV≤0.45/μ≥-/TP≥55,65.52,5.0,0.45,,55.0,58,58,38,20,65.52,-6.5,-24.14,11.14,-3.769,0.391,23
"[-299,-200]",HR≥-/EDG≥5.0/CV≤0.45/μ≥-/TP≥60,65.52,5.0,0.45,,60.0,58,58,38,20,65.52,-6.5,-24.14,11.14,-3.769,0.391,23
"[-299,-200]",HR≥-/EDG≥5.0/CV≤0.45/μ≥-/TP≥65,66.07,5.0,0.45,,65.0,56,56,37,19,66.07,-5.8,-23.66,12.07,-3.246,0.435,23
"[-299,-200]",HR≥-/EDG≥5.0/CV≤0.45/μ≥0.0/TP≥-,65.52,5.0,0.45,0.0,,58,58,38,20,65.52,-6.5,-24.14,11.14,-3.769,0.391,23
"[-299,-200]",HR≥-/EDG≥5.0/CV≤0.45/μ≥0.0/TP≥50,65.52,5.0,0.45,0.0,50.0,58,58,38,20,65.52,-6.5,-24.14,11.14,-3.769,0.391,23
"[-299,-200]",HR≥-/EDG≥5.0/CV≤0.45/μ≥0.0/TP≥55,65.52,5.0,0.45,0.0,55.0,58,58,38,20,65.52,-6.5,-24.14,11.14,-3.769,0.391,23
"[-299,-200]",HR≥-/EDG≥5.0/CV≤0.45/μ≥0.0/TP≥60,65.52,5.0,0.45,0.0,60.0,58,58,38,20,65.52,-6.5,-24.14,11.14,-3.769,0.391,23
"[-299,-200]",HR≥-/EDG≥5.0/CV≤0.45/μ≥0.0/TP≥65,66.07,5.0,0.45,0.0,65.0,56,56,37,19,66.07,-5.8,-23.66,12.07,-3.246,0.435,23
"[-299,-200]",HR≥-/EDG≥5.0/CV≤0.45/μ≥0.5/TP≥-,65.52,5.0,0.45,0.5,,58,58,38,20,65.52,-6.5,-24.14,11.14,-3.769,0.391,23
"[-299,-200]",HR≥-/EDG≥5.0/CV≤0.45/μ≥0.5/TP≥50,65.52,5.0,0.45,0.5,50.0,58,58,38,20,65.52,-6.5,-24.14,11.14,-3.769,0.391,23
"[-299,-200]",HR≥-/EDG≥5.0/CV≤0.45/μ≥0.5/TP≥55,65.52,5.0,0.45,0.5,55.0,58,58,38,20,65.52,-6.5,-24.14,11.14,-3.769,0.391,23
"[-299,-200]",HR≥-/EDG≥5.0/CV≤0.45/μ≥0.5/TP≥60,65.52,5.0,0.45,0.5,60.0,58,58,38,20,65.52,-6.5,-24.14,11.14,-3.769,0.391,23
"[-299,-200]",HR≥-/EDG≥5.0/CV≤0.45/μ≥0.5/TP≥65,66.07,5.0,0.45,0.5,65.0,56,56,37,19,66.07,-5.8,-23.66,12.07,-3.246,0.435,23
"[-299,-200]",HR≥-/EDG≥5.0/CV≤0.45/μ≥1.0/TP≥-,66.67,5.0,0.45,1.0,,57,57,38,19,66.67,-4.86,-22.51,12.79,-2.769,0.391,23
"[-299,-200]",HR≥-/EDG≥5.0/CV≤0.45/μ≥1.0/TP≥50,66.67,5.0,0.45,1.0,50.0,57,57,38,19,66.67,-4.86,-22.51,12.79,-2.769,0.391,23
"[-299,-200]",HR≥-/EDG≥5.0/CV≤0.45/μ≥1.0/TP≥55,66.67,5.0,0.45,1.0,55.0,57,57,38,19,66.67,-4.86,-22.51,12.79,-2.769,0.391,23
"[-299,-200]",HR≥-/EDG≥5.0/CV≤0.45/μ≥1.0/TP≥60,66.67,5.0,0.45,1.0,60.0,57,57,38,19,66.67,-4.86,-22.51,12.79,-2.769,0.391,23
"[-299,-200]",HR≥-/EDG≥5.0/CV≤0.45/μ≥1.0/TP≥65,67.27,5.0,0.45,1.0,65.0,55,55,37,18,67.27,-4.08,-21.95,13.79,-2.246,0.435,23
"[-299,-200]",HR≥-/EDG≥5.0/CV≤0.4/μ≥-/TP≥-,71.43,5.0,0.4,,,42,42,30,12,71.43,2.05,-17.74,21.84,0.861,0.474,19
"[-299,-200]",HR≥-/EDG≥5.0/CV≤0.4/μ≥-/TP≥50,71.43,5.0,0.4,,50.0,42,42,30,12,71.43,2.05,-17.74,21.84,0.861,0.474,19
"[-299,-200]",HR≥-/EDG≥5.0/CV≤0.4/μ≥-/TP≥55,71.43,5.0,0.4,,55.0,42,42,30,12,71.43,2.05,-17.74,21.84,0.861,0.474,19
"[-299,-200]",HR≥-/EDG≥5.0/CV≤0.4/μ≥-/TP≥60,71.43,5.0,0.4,,60.0,42,42,30,12,71.43,2.05,-17.74,21.84,0.861,0.474,19
"[-299,-200]",HR≥-/EDG≥5.0/CV≤0.4/μ≥-/TP≥65,72.5,5.0,0.4,,65.0,40,40,29,11,72.5,3.46,-16.57,23.49,1.385,0.526,19
"[-299,-200]",HR≥-/EDG≥5.0/CV≤0.4/μ≥0.0/TP≥-,71.43,5.0,0.4,0.0,,42,42,30,12,71.43,2.05,-17.74,21.84,0.861,0.474,19
"[-299,-200]",HR≥-/EDG≥5.0/CV≤0.4/μ≥0.0/TP≥50,71.43,5.0,0.4,0.0,50.0,42,42,30,12,71.43,2.05,-17.74,21.84,0.861,0.474,19
"[-299,-200]",HR≥-/EDG≥5.0/CV≤0.4/μ≥0.0/TP≥55,71.43,5.0,0.4,0.0,55.0,42,42,30,12,71.43,2.05,-17.74,21.84,0.861,0.474,19
"[-299,-200]",HR≥-/EDG≥5.0/CV≤0.4/μ≥0.0/TP≥60,71.43,5.0,0.4,0.0,60.0,42,42,30,12,71.43,2.05,-17.74,21.84,0.861,0.474,19
"[-299,-200]",HR≥-/EDG≥5.0/CV≤0.4/μ≥0.0/TP≥65,72.5,5.0,0.4,0.0,65.0,40,40,29,11,72.5,3.46,-16.57,23.49,1.385,0.526,19
"[-299,-200]",HR≥-/EDG≥5.0/CV≤0.4/μ≥0.5/TP≥-,71.43,5.0,0.4,0.5,,42,42,30,12,71.43,2.05,-17.74,21.84,0.861,0.474,19
"[-299,-200]",HR≥-/EDG≥5.0/CV≤0.4/μ≥0.5/TP≥50,71.43,5.0,0.4,0.5,50.0,42,42,30,12,71.43,2.05,-17.74,21.84,0.861,0.474,19
"[-299,-200]",HR≥-/EDG≥5.0/CV≤0.4/μ≥0.5/TP≥55,71.43,5.0,0.4,0.5,55.0,42,42,30,12,71.43,2.05,-17.74,21.84,0.861,0.474,19
"[-299,-200]",HR≥-/EDG≥5.0/CV≤0.4/μ≥0.5/TP≥60,71.43,5.0,0.4,0.5,60.0,42,42,30,12,71.43,2.05,-17.74,21.84,0.861,0.474,19
"[-299,-200]",HR≥-/EDG≥5.0/CV≤0.4/μ≥0.5/TP≥65,72.5,5.0,0.4,0.5,65.0,40,40,29,11,72.5,3.46,-16.57,23.49,1.385,0.526,19
"[-299,-200]",HR≥-/EDG≥5.0/CV≤0.4/μ≥1.0/TP≥-,73.17,5.0,0.4,1.0,,41,41,30,11,73.17,4.54,-15.11,24.19,1.861,0.474,19
"[-299,-200]",HR≥-/EDG≥5.0/CV≤0.4/μ≥1.0/TP≥50,73.17,5.0,0.4,1.0,50.0,41,41,30,11,73.17,4.54,-15.11,24.19,1.861,0.474,19
"[-299,-200]",HR≥-/EDG≥5.0/CV≤0.4/μ≥1.0/TP≥55,73.17,5.0,0.4,1.0,55.0,41,41,30,11,73.17,4.54,-15.11,24.19,1.861,0.474,19
"[-299,-200]",HR≥-/EDG≥5.0/CV≤0.4/μ≥1.0/TP≥60,73.17,5.0,0.4,1.0,60.0,41,41,30,11,73.17,4.54,-15.11,24.19,1.861,0.474,19
"[-299,-200]",HR≥-/EDG≥5.0/CV≤0.4/μ≥1.0/TP≥65,74.36,5.0,0.4,1.0,65.0,39,39,29,10,74.36,6.12,-13.73,25.96,2.385,0.526,19
"[-299,-200]",HR≥-/EDG≥10.0/CV≤-/μ≥-/TP≥-,68.06,10.0,,,,73,72,49,23,68.06,-2.45,-18.02,13.12,-1.763,0.64,25
"[-299,-200]",HR≥-/EDG≥10.0/CV≤-/μ≥-/TP≥50,68.06,10.0,,,50.0,73,72,49,23,68.06,-2.45,-18.02,13.12,-1.763,0.64,25
"[-299,-200]",HR≥-/EDG≥10.0/CV≤-/μ≥-/TP≥55,68.06,10.0,,,55.0,73,72,49,23,68.06,-2.45,-18.02,13.12,-1.763,0.64,25
"[-299,-200]",HR≥-/EDG≥10.0/CV≤-/μ≥-/TP≥60,68.06,10.0,,,60.0,73,72,49,23,68.06,-2.45,-18.02,13.12,-1.763,0.64,25
"[-299,-200]",HR≥-/EDG≥10.0/CV≤-/μ≥-/TP≥65,68.57,10.0,,,65.0,71,70,48,22,68.57,-1.77,-17.48,13.94,-1.239,0.64,25
"[-299,-200]",HR≥-/EDG≥10.0/CV≤-/μ≥0.0/TP≥-,68.06,10.0,,0.0,,73,72,49,23,68.06,-2.45,-18.02,13.12,-1.763,0.64,25
"[-299,-200]",HR≥-/EDG≥10.0/CV≤-/μ≥0.0/TP≥50,68.06,10.0,,0.0,50.0,73,72,49,23,68.06,-2.45,-18.02,13.12,-1.763,0.64,25
"[-299,-200]",HR≥-/EDG≥10.0/CV≤-/μ≥0.0/TP≥55,68.06,10.0,,0.0,55.0,73,72,49,23,68.06,-2.45,-18.02,13.12,-1.763,0.64,25
"[-299,-200]",HR≥-/EDG≥10.0/CV≤-/μ≥0.0/TP≥60,68.06,10.0,,0.0,60.0,73,72,49,23,68.06,-2.45,-18.02,13.12,-1.763,0.64,25
"[-299,-200]",HR≥-/EDG≥10.0/CV≤-/μ≥0.0/TP≥65,68.57,10.0,,0.0,65.0,71,70,48,22,68.57,-1.77,-17.48,13.94,-1.239,0.64,25
"[-299,-200]",HR≥-/EDG≥10.0/CV≤-/μ≥0.5/TP≥-,68.06,10.0,,0.5,,73,72,49,23,68.06,-2.45,-18.02,13.12,-1.763,0.64,25
"[-299,-200]",HR≥-/EDG≥10.0/CV≤-/μ≥0.5/TP≥50,68.06,10.0,,0.5,50.0,73,72,49,23,68.06,-2.45,-18.02,13.12,-1.763,0.64,25
"[-299,-200]",HR≥-/EDG≥10.0/CV≤-/μ≥0.5/TP≥55,68.06,10.0,,0.5,55.0,73,72,49,23,68.06,-2.45,-18.02,13.12,-1.763,0.64,25
"[-299,-200]",HR≥-/EDG≥10.0/CV≤-/μ≥0.5/TP≥60,68.06,10.0,,0.5,60.0,73,72,49,23,68.06,-2.45,-18.02,13.12,-1.763,0.64,25
"[-299,-200]",HR≥-/EDG≥10.0/CV≤-/μ≥0.5/TP≥65,68.57,10.0,,0.5,65.0,71,70,48,22,68.57,-1.77,-17.48,13.94,-1.239,0.64,25
"[-299,-200]",HR≥-/EDG≥10.0/CV≤-/μ≥1.0/TP≥-,68.06,10.0,,1.0,,73,72,49,23,68.06,-2.45,-18.02,13.12,-1.763,0.64,25
"[-299,-200]",HR≥-/EDG≥10.0/CV≤-/μ≥1.0/TP≥50,68.06,10.0,,1.0,50.0,73,72,49,23,68.06,-2.45,-18.02,13.12,-1.763,0.64,25
"[-299,-200]",HR≥-/EDG≥10.0/CV≤-/μ≥1.0/TP≥55,68.06,10.0,,1.0,55.0,73,72,49,23,68.06,-2.45,-18.02,13.12,-1.763,0.64,25
"[-299,-200]",HR≥-/EDG≥10.0/CV≤-/μ≥1.0/TP≥60,68.06,10.0,,1.0,60.0,73,72,49,23,68.06,-2.45,-18.02,13.12,-1.763,0.64,25
"[-299,-200]",HR≥-/EDG≥10.0/CV≤-/μ≥1.0/TP≥65,68.57,10.0,,1.0,65.0,71,70,48,22,68.57,-1.77,-17.48,13.94,-1.239,0.64,25
"[-299,-200]",HR≥-/EDG≥10.0/CV≤0.7/μ≥-/TP≥-,67.61,10.0,0.7,,,71,71,48,23,67.61,-3.07,-18.81,12.67,-2.179,0.6,25
"[-299,-200]",HR≥-/EDG≥10.0/CV≤0.7/μ≥-/TP≥50,67.61,10.0,0.7,,50.0,71,71,48,23,67.61,-3.07,-18.81,12.67,-2.179,0.6,25
"[-299,-200]",HR≥-/EDG≥10.0/CV≤0.7/μ≥-/TP≥55,67.61,10.0,0.7,,55.0,71,71,48,23,67.61,-3.07,-18.81,12.67,-2.179,0.6,25
"[-299,-200]",HR≥-/EDG≥10.0/CV≤0.7/μ≥-/TP≥60,67.61,10.0,0.7,,60.0,71,71,48,23,67.61,-3.07,-18.81,12.67,-2.179,0.6,25
"[-299,-200]",HR≥-/EDG≥10.0/CV≤0.7/μ≥-/TP≥65,68.12,10.0,0.7,,65.0,69,69,47,22,68.12,-2.4,-18.29,13.49,-1.655,0.6,25
"[-299,-200]",HR≥-/EDG≥10.0/CV≤0.7/μ≥0.0/TP≥-,67.61,10.0,0.7,0.0,,71,71,48,23,67.61,-3.07,-18.81,12.67,-2.179,0.6,25
"[-299,-200]",HR≥-/EDG≥10.0/CV≤0.7/μ≥0.0/TP≥50,67.61,10.0,0.7,0.0,50.0,71,71,48,23,67.61,-3.07,-18.81,12.67,-2.179,0.6,25
"[-299,-200]",HR≥-/EDG≥10.0/CV≤0.7/μ≥0.0/TP≥55,67.61,10.0,0.7,0.0,55.0,71,71,48,23,67.61,-3.07,-18.81,12.67,-2.179,0.6,25
"[-299,-200]",HR≥-/EDG≥10.0/CV≤0.7/μ≥0.0/TP≥60,67.61,10.0,0.7,0.0,60.0,71,71,48,23,67.61,-3.07,-18.81,12.67,-2.179,0.6,25
"[-299,-200]",HR≥-/EDG≥10.0/CV≤0.7/μ≥0.0/TP≥65,68.12,10.0,0.7,0.0,65.0,69,69,47,22,68.12,-2.4,-18.29,13.49,-1.655,0.6,25
"[-299,-200]",HR≥-/EDG≥10.0/CV≤0.7/μ≥0.5/TP≥-,67.61,10.0,0.7,0.5,,71,71,48,23,67.61,-3.07,-18.81,12.67,-2.179,0.6,25
"[-299,-200]",HR≥-/EDG≥10.0/CV≤0.7/μ≥0.5/TP≥50,67.61,10.0,0.7,0.5,50.0,71,71,48,23,67.61,-3.07,-18.81,12.67,-2.179,0.6,25
"[-299,-200]",HR≥-/EDG≥10.0/CV≤0.7/μ≥0.5/TP≥55,67.61,10.0,0.7,0.5,55.0,71,71,48,23,67.61,-3.07,-18.81,12.67,-2.179,0.6,25
"[-299,-200]",HR≥-/EDG≥10.0/CV≤0.7/μ≥0.5/TP≥60,67.61,10.0,0.7,0.5,60.0,71,71,48,23,67.61,-3.07,-18.81,12.67,-2.179,0.6,25
"[-299,-200]",HR≥-/EDG≥10.0/CV≤0.7/μ≥0.5/TP≥65,68.12,10.0,0.7,0.5,65.0,69,69,47,22,68.12,-2.4,-18.29,13.49,-1.655,0.6,25
"[-299,-200]",HR≥-/EDG≥10.0/CV≤0.7/μ≥1.0/TP≥-,67.61,10.0,0.7,1.0,,71,71,48,23,67.61,-3.07,-18.81,12.67,-2.179,0.6,25
"[-299,-200]",HR≥-/EDG≥10.0/CV≤0.7/μ≥1.0/TP≥50,67.61,10.0,0.7,1.0,50.0,71,71,48,23,67.61,-3.07,-18.81,12.67,-2.179,0.6,25
"[-299,-200]",HR≥-/EDG≥10.0/CV≤0.7/μ≥1.0/TP≥55,67.61,10.0,0.7,1.0,55.0,71,71,48,23,67.61,-3.07,-18.81,12.67,-2.179,0.6,25
"[-299,-200]",HR≥-/EDG≥10.0/CV≤0.7/μ≥1.0/TP≥60,67.61,10.0,0.7,1.0,60.0,71,71,48,23,67.61,-3.07,-18.81,12.67,-2.179,0.6,25
"[-299,-200]",HR≥-/EDG≥10.0/CV≤0.7/μ≥1.0/TP≥65,68.12,10.0,0.7,1.0,65.0,69,69,47,22,68.12,-2.4,-18.29,13.49,-1.655,0.6,25
"[-299,-200]",HR≥-/EDG≥10.0/CV≤0.6/μ≥-/TP≥-,67.16,10.0,0.6,,,67,67,45,22,67.16,-3.6,-19.88,12.69,-2.41,0.56,25
"[-299,-200]",HR≥-/EDG≥10.0/CV≤0.6/μ≥-/TP≥50,67.16,10.0,0.6,,50.0,67,67,45,22,67.16,-3.6,-19.88,12.69,-2.41,0.56,25
"[-299,-200]",HR≥-/EDG≥10.0/CV≤0.6/μ≥-/TP≥55,67.16,10.0,0.6,,55.0,67,67,45,22,67.16,-3.6,-19.88,12.69,-2.41,0.56,25
"[-299,-200]",HR≥-/EDG≥10.0/CV≤0.6/μ≥-/TP≥60,67.16,10.0,0.6,,60.0,67,67,45,22,67.16,-3.6,-19.88,12.69,-2.41,0.56,25
"[-299,-200]",HR≥-/EDG≥10.0/CV≤0.6/μ≥-/TP≥65,67.69,10.0,0.6,,65.0,65,65,44,21,67.69,-2.9,-19.36,13.56,-1.886,0.56,25
"[-299,-200]",HR≥-/EDG≥10.0/CV≤0.6/μ≥0.0/TP≥-,67.16,10.0,0.6,0.0,,67,67,45,22,67.16,-3.6,-19.88,12.69,-2.41,0.56,25
"[-299,-200]",HR≥-/EDG≥10.0/CV≤0.6/μ≥0.0/TP≥50,67.16,10.0,0.6,0.0,50.0,67,67,45,22,67.16,-3.6,-19.88,12.69,-2.41,0.56,25
"[-299,-200]",HR≥-/EDG≥10.0/CV≤0.6/μ≥0.0/TP≥55,67.16,10.0,0.6,0.0,55.0,67,67,45,22,67.16,-3.6,-19.88,12.69,-2.41,0.56,25
"[-299,-200]",HR≥-/EDG≥10.0/CV≤0.6/μ≥0.0/TP≥60,67.16,10.0,0.6,0.0,60.0,67,67,45,22,67.16,-3.6,-19.88,12.69,-2.41,0.56,25
"[-299,-200]",HR≥-/EDG≥10.0/CV≤0.6/μ≥0.0/TP≥65,67.69,10.0,0.6,0.0,65.0,65,65,44,21,67.69,-2.9,-19.36,13.56,-1.886,0.56,25
"[-299,-200]",HR≥-/EDG≥10.0/CV≤0.6/μ≥0.5/TP≥-,67.16,10.0,0.6,0.5,,67,67,45,22,67.16,-3.6,-19.88,12.69,-2.41,0.56,25
"[-299,-200]",HR≥-/EDG≥10.0/CV≤0.6/μ≥0.5/TP≥50,67.16,10.0,0.6,0.5,50.0,67,67,45,22,67.16,-3.6,-19.88,12.69,-2.41,0.56,25
"[-299,-200]",HR≥-/EDG≥10.0/CV≤0.6/μ≥0.5/TP≥55,67.16,10.0,0.6,0.5,55.0,67,67,45,22,67.16,-3.6,-19.88,12.69,-2.41,0.56,25
"[-299,-200]",HR≥-/EDG≥10.0/CV≤0.6/μ≥0.5/TP≥60,67.16,10.0,0.6,0.5,60.0,67,67,45,22,67.16,-3.6,-19.88,12.69,-2.41,0.56,25
"[-299,-200]",HR≥-/EDG≥10.0/CV≤0.6/μ≥0.5/TP≥65,67.69,10.0,0.6,0.5,65.0,65,65,44,21,67.69,-2.9,-19.36,13.56,-1.886,0.56,25
"[-299,-200]",HR≥-/EDG≥10.0/CV≤0.6/μ≥1.0/TP≥-,67.16,10.0,0.6,1.0,,67,67,45,22,67.16,-3.6,-19.88,12.69,-2.41,0.56,25
"[-299,-200]",HR≥-/EDG≥10.0/CV≤0.6/μ≥1.0/TP≥50,67.16,10.0,0.6,1.0,50.0,67,67,45,22,67.16,-3.6,-19.88,12.69,-2.41,0.56,25
"[-299,-200]",HR≥-/EDG≥10.0/CV≤0.6/μ≥1.0/TP≥55,67.16,10.0,0.6,1.0,55.0,67,67,45,22,67.16,-3.6,-19.88,12.69,-2.41,0.56,25
"[-299,-200]",HR≥-/EDG≥10.0/CV≤0.6/μ≥1.0/TP≥60,67.16,10.0,0.6,1.0,60.0,67,67,45,22,67.16,-3.6,-19.88,12.69,-2.41,0.56,25
"[-299,-200]",HR≥-/EDG≥10.0/CV≤0.6/μ≥1.0/TP≥65,67.69,10.0,0.6,1.0,65.0,65,65,44,21,67.69,-2.9,-19.36,13.56,-1.886,0.56,25
"[-299,-200]",HR≥-/EDG≥10.0/CV≤0.5/μ≥-/TP≥-,66.07,10.0,0.5,,,56,56,37,19,66.07,-5.09,-23.09,12.91,-2.849,0.524,21
"[-299,-200]",HR≥-/EDG≥10.0/CV≤0.5/μ≥-/TP≥50,66.07,10.0,0.5,,50.0,56,56,37,19,66.07,-5.09,-23.09,12.91,-2.849,0.524,21
"[-299,-200]",HR≥-/EDG≥10.0/CV≤0.5/μ≥-/TP≥55,66.07,10.0,0.5,,55.0,56,56,37,19,66.07,-5.09,-23.09,12.91,-2.849,0.524,21
"[-299,-200]",HR≥-/EDG≥10.0/CV≤0.5/μ≥-/TP≥60,66.07,10.0,0.5,,60.0,56,56,37,19,66.07,-5.09,-23.09,12.91,-2.849,0.524,21
"[-299,-200]",HR≥-/EDG≥10.0/CV≤0.5/μ≥-/TP≥65,65.45,10.0,0.5,,65.0,55,55,36,19,65.45,-6.05,-24.28,12.19,-3.325,0.524,21
"[-299,-200]",HR≥-/EDG≥10.0/CV≤0.5/μ≥0.0/TP≥-,66.07,10.0,0.5,0.0,,56,56,37,19,66.07,-5.09,-23.09,12.91,-2.849,0.524,21
"[-299,-200]",HR≥-/EDG≥10.0/CV≤0.5/μ≥0.0/TP≥50,66.07,10.0,0.5,0.0,50.0,56,56,37,19,66.07,-5.09,-23.09,12.91,-2.849,0.524,21
"[-299,-200]",HR≥-/EDG≥10.0/CV≤0.5/μ≥0.0/TP≥55,66.07,10.0,0.5,0.0,55.0,56,56,37,19,66.07,-5.09,-23.09,12.91,-2.849,0.524,21
"[-299,-200]",HR≥-/EDG≥10.0/CV≤0.5/μ≥0.0/TP≥60,66.07,10.0,0.5,0.0,60.0,56,56,37,19,66.07,-5.09,-23.09,12.91,-2.849,0.524,21
"[-299,-200]",HR≥-/EDG≥10.0/CV≤0.5/μ≥0.0/TP≥65,65.45,10.0,0.5,0.0,65.0,55,55,36,19,65.45,-6.05,-24.28,12.19,-3.325,0.524,21
"[-299,-200]",HR≥-/EDG≥10.0/CV≤0.5/μ≥0.5/TP≥-,66.07,10.0,0.5,0.5,,56,56,37,19,66.07,-5.09,-23.09,12.91,-2.849,0.524,21
"[-299,-200]",HR≥-/EDG≥10.0/CV≤0.5/μ≥0.5/TP≥50,66.07,10.0,0.5,0.5,50.0,56,56,37,19,66.07,-5.09,-23.09,12.91,-2.849,0.524,21
"[-299,-200]",HR≥-/EDG≥10.0/CV≤0.5/μ≥0.5/TP≥55,66.07,10.0,0.5,0.5,55.0,56,56,37,19,66.07,-5.09,-23.09,12.91,-2.849,0.524,21
"[-299,-200]",HR≥-/EDG≥10.0/CV≤0.5/μ≥0.5/TP≥60,66.07,10.0,0.5,0.5,60.0,56,56,37,19,66.07,-5.09,-23.09,12.91,-2.849,0.524,21
"[-299,-200]",HR≥-/EDG≥10.0/CV≤0.5/μ≥0.5/TP≥65,65.45,10.0,0.5,0.5,65.0,55,55,36,19,65.45,-6.05,-24.28,12.19,-3.325,0.524,21
"[-299,-200]",HR≥-/EDG≥10.0/CV≤0.5/μ≥1.0/TP≥-,66.07,10.0,0.5,1.0,,56,56,37,19,66.07,-5.09,-23.09,12.91,-2.849,0.524,21
"[-299,-200]",HR≥-/EDG≥10.0/CV≤0.5/μ≥1.0/TP≥50,66.07,10.0,0.5,1.0,50.0,56,56,37,19,66.07,-5.09,-23.09,12.91,-2.849,0.524,21
"[-299,-200]",HR≥-/EDG≥10.0/CV≤0.5/μ≥1.0/TP≥55,66.07,10.0,0.5,1.0,55.0,56,56,37,19,66.07,-5.09,-23.09,12.91,-2.849,0.524,21
"[-299,-200]",HR≥-/EDG≥10.0/CV≤0.5/μ≥1.0/TP≥60,66.07,10.0,0.5,1.0,60.0,56,56,37,19,66.07,-5.09,-23.09,12.91,-2.849,0.524,21
"[-299,-200]",HR≥-/EDG≥10.0/CV≤0.5/μ≥1.0/TP≥65,65.45,10.0,0.5,1.0,65.0,55,55,36,19,65.45,-6.05,-24.28,12.19,-3.325,0.524,21
"[-299,-200]",HR≥-/EDG≥10.0/CV≤0.45/μ≥-/TP≥-,70.45,10.0,0.45,,,44,44,31,13,70.45,0.85,-18.7,20.4,0.373,0.524,21
"[-299,-200]",HR≥-/EDG≥10.0/CV≤0.45/μ≥-/TP≥50,70.45,10.0,0.45,,50.0,44,44,31,13,70.45,0.85,-18.7,20.4,0.373,0.524,21
"[-299,-200]",HR≥-/EDG≥10.0/CV≤0.45/μ≥-/TP≥55,70.45,10.0,0.45,,55.0,44,44,31,13,70.45,0.85,-18.7,20.4,0.373,0.524,21
"[-299,-200]",HR≥-/EDG≥10.0/CV≤0.45/μ≥-/TP≥60,70.45,10.0,0.45,,60.0,44,44,31,13,70.45,0.85,-18.7,20.4,0.373,0.524,21
"[-299,-200]",HR≥-/EDG≥10.0/CV≤0.45/μ≥-/TP≥65,69.77,10.0,0.45,,65.0,43,43,30,13,69.77,-0.24,-20.13,19.65,-0.103,0.524,21
"[-299,-200]",HR≥-/EDG≥10.0/CV≤0.45/μ≥0.0/TP≥-,70.45,10.0,0.45,0.0,,44,44,31,13,70.45,0.85,-18.7,20.4,0.373,0.524,21
"[-299,-200]",HR≥-/EDG≥10.0/CV≤0.45/μ≥0.0/TP≥50,70.45,10.0,0.45,0.0,50.0,44,44,31,13,70.45,0.85,-18.7,20.4,0.373,0.524,21
"[-299,-200]",HR≥-/EDG≥10.0/CV≤0.45/μ≥0.0/TP≥55,70.45,10.0,0.45,0.0,55.0,44,44,31,13,70.45,0.85,-18.7,20.4,0.373,0.524,21
"[-299,-200]",HR≥-/EDG≥10.0/CV≤0.45/μ≥0.0/TP≥60,70.45,10.0,0.45,0.0,60.0,44,44,31,13,70.45,0.85,-18.7,20.4,0.373,0.524,21
"[-299,-200]",HR≥-/EDG≥10.0/CV≤0.45/μ≥0.0/TP≥65,69.77,10.0,0.45,0.0,65.0,43,43,30,13,69.77,-0.24,-20.13,19.65,-0.103,0.524,21
"[-299,-200]",HR≥-/EDG≥10.0/CV≤0.45/μ≥0.5/TP≥-,70.45,10.0,0.45,0.5,,44,44,31,13,70.45,0.85,-18.7,20.4,0.373,0.524,21
"[-299,-200]",HR≥-/EDG≥10.0/CV≤0.45/μ≥0.5/TP≥50,70.45,10.0,0.45,0.5,50.0,44,44,31,13,70.45,0.85,-18.7,20.4,0.373,0.524,21
"[-299,-200]",HR≥-/EDG≥10.0/CV≤0.45/μ≥0.5/TP≥55,70.45,10.0,0.45,0.5,55.0,44,44,31,13,70.45,0.85,-18.7,20.4,0.373,0.524,21
"[-299,-200]",HR≥-/EDG≥10.0/CV≤0.45/μ≥0.5/TP≥60,70.45,10.0,0.45,0.5,60.0,44,44,31,13,70.45,0.85,-18.7,20.4,0.373,0.524,21
"[-299,-200]",HR≥-/EDG≥10.0/CV≤0.45/μ≥0.5/TP≥65,69.77,10.0,0.45,0.5,65.0,43,43,30,13,69.77,-0.24,-20.13,19.65,-0.103,0.524,21
"[-299,-200]",HR≥-/EDG≥10.0/CV≤0.45/μ≥1.0/TP≥-,70.45,10.0,0.45,1.0,,44,44,31,13,70.45,0.85,-18.7,20.4,0.373,0.524,21
"[-299,-200]",HR≥-/EDG≥10.0/CV≤0.45/μ≥1.0/TP≥50,70.45,10.0,0.45,1.0,50.0,44,44,31,13,70.45,0.85,-18.7,20.4,0.373,0.524,21
"[-299,-200]",HR≥-/EDG≥10.0/CV≤0.45/μ≥1.0/TP≥55,70.45,10.0,0.45,1.0,55.0,44,44,31,13,70.45,0.85,-18.7,20.4,0.373,0.524,21
"[-299,-200]",HR≥-/EDG≥10.0/CV≤0.45/μ≥1.0/TP≥60,70.45,10.0,0.45,1.0,60.0,44,44,31,13,70.45,0.85,-18.7,20.4,0.373,0.524,21
"[-299,-200]",HR≥-/EDG≥10.0/CV≤0.45/μ≥1.0/TP≥65,69.77,10.0,0.45,1.0,65.0,43,43,30,13,69.77,-0.24,-20.13,19.65,-0.103,0.524,21
"[-299,-200]",HR≥-/EDG≥10.0/CV≤0.4/μ≥-/TP≥-,80.65,10.0,0.4,,,31,31,25,6,80.65,15.99,-4.38,36.37,4.958,0.667,18
"[-299,-200]",HR≥-/EDG≥10.0/CV≤0.4/μ≥-/TP≥50,80.65,10.0,0.4,,50.0,31,31,25,6,80.65,15.99,-4.38,36.37,4.958,0.667,18
"[-299,-200]",HR≥-/EDG≥10.0/CV≤0.4/μ≥-/TP≥55,80.65,10.0,0.4,,55.0,31,31,25,6,80.65,15.99,-4.38,36.37,4.958,0.667,18
"[-299,-200]",HR≥-/EDG≥10.0/CV≤0.4/μ≥-/TP≥60,80.65,10.0,0.4,,60.0,31,31,25,6,80.65,15.99,-4.38,36.37,4.958,0.667,18
"[-299,-200]",HR≥-/EDG≥10.0/CV≤0.4/μ≥-/TP≥65,80.0,10.0,0.4,,65.0,30,30,24,6,80.0,14.94,-6.01,35.89,4.482,0.667,18
"[-299,-200]",HR≥-/EDG≥10.0/CV≤0.4/μ≥0.0/TP≥-,80.65,10.0,0.4,0.0,,31,31,25,6,80.65,15.99,-4.38,36.37,4.958,0.667,18
"[-299,-200]",HR≥-/EDG≥10.0/CV≤0.4/μ≥0.0/TP≥50,80.65,10.0,0.4,0.0,50.0,31,31,25,6,80.65,15.99,-4.38,36.37,4.958,0.667,18
"[-299,-200]",HR≥-/EDG≥10.0/CV≤0.4/μ≥0.0/TP≥55,80.65,10.0,0.4,0.0,55.0,31,31,25,6,80.65,15.99,-4.38,36.37,4.958,0.667,18
"[-299,-200]",HR≥-/EDG≥10.0/CV≤0.4/μ≥0.0/TP≥60,80.65,10.0,0.4,0.0,60.0,31,31,25,6,80.65,15.99,-4.38,36.37,4.958,0.667,18
"[-299,-200]",HR≥-/EDG≥10.0/CV≤0.4/μ≥0.0/TP≥65,80.0,10.0,0.4,0.0,65.0,30,30,24,6,80.0,14.94,-6.01,35.89,4.482,0.667,18
"[-299,-200]",HR≥-/EDG≥10.0/CV≤0.4/μ≥0.5/TP≥-,80.65,10.0,0.4,0.5,,31,31,25,6,80.65,15.99,-4.38,36.37,4.958,0.667,18
"[-299,-200]",HR≥-/EDG≥10.0/CV≤0.4/μ≥0.5/TP≥50,80.65,10.0,0.4,0.5,50.0,31,31,25,6,80.65,15.99,-4.38,36.37,4.958,0.667,18
"[-299,-200]",HR≥-/EDG≥10.0/CV≤0.4/μ≥0.5/TP≥55,80.65,10.0,0.4,0.5,55.0,31,31,25,6,80.65,15.99,-4.38,36.37,4.958,0.667,18
"[-299,-200]",HR≥-/EDG≥10.0/CV≤0.4/μ≥0.5/TP≥60,80.65,10.0,0.4,0.5,60.0,31,31,25,6,80.65,15.99,-4.38,36.37,4.958,0.667,18
"[-299,-200]",HR≥-/EDG≥10.0/CV≤0.4/μ≥0.5/TP≥65,80.0,10.0,0.4,0.5,65.0,30,30,24,6,80.0,14.94,-6.01,35.89,4.482,0.667,18
"[-299,-200]",HR≥-/EDG≥10.0/CV≤0.4/μ≥1.0/TP≥-,80.65,10.0,0.4,1.0,,31,31,25,6,80.65,15.99,-4.38,36.37,4.958,0.667,18
"[-299,-200]",HR≥-/EDG≥10.0/CV≤0.4/μ≥1.0/TP≥50,80.65,10.0,0.4,1.0,50.0,31,31,25,6,80.65,15.99,-4.38,36.37,4.958,0.667,18
"[-299,-200]",HR≥-/EDG≥10.0/CV≤0.4/μ≥1.0/TP≥55,80.65,10.0,0.4,1.0,55.0,31,31,25,6,80.65,15.99,-4.38,36.37,4.958,0.667,18
"[-299,-200]",HR≥-/EDG≥10.0/CV≤0.4/μ≥1.0/TP≥60,80.65,10.0,0.4,1.0,60.0,31,31,25,6,80.65,15.99,-4.38,36.37,4.958,0.667,18
"[-299,-200]",HR≥-/EDG≥10.0/CV≤0.4/μ≥1.0/TP≥65,80.0,10.0,0.4,1.0,65.0,30,30,24,6,80.0,14.94,-6.01,35.89,4.482,0.667,18
"[-299,-200]",HR≥45/EDG≥-/CV≤-/μ≥-/TP≥-,70.75,,,,,217,212,150,62,70.75,-0.1,-8.78,8.59,-0.209,0.5,28
"[-299,-200]",HR≥45/EDG≥-/CV≤-/μ≥-/TP≥50,69.7,,,,50.0,203,198,138,60,69.7,-1.61,-10.69,7.46,-3.194,0.536,28
"[-299,-200]",HR≥45/EDG≥-/CV≤-/μ≥-/TP≥55,69.54,,,,55.0,202,197,137,60,69.54,-1.88,-10.98,7.23,-3.694,0.536,28
"[-299,-200]",HR≥45/EDG≥-/CV≤-/μ≥-/TP≥60,70.0,,,,60.0,195,190,133,57,70.0,-1.23,-10.47,8.01,-2.334,0.536,28
"[-299,-200]",HR≥45/EDG≥-/CV≤-/μ≥-/TP≥65,70.59,,,,65.0,175,170,120,50,70.59,-0.74,-10.42,8.94,-1.261,0.519,27
"[-299,-200]",HR≥45/EDG≥-/CV≤-/μ≥0.0/TP≥-,70.83,,,0.0,,196,192,136,56,70.83,-0.04,-9.16,9.07,-0.079,0.607,28
"[-299,-200]",HR≥45/EDG≥-/CV≤-/μ≥0.0/TP≥50,70.83,,,0.0,50.0,196,192,136,56,70.83,-0.04,-9.16,9.07,-0.079,0.607,28
"[-299,-200]",HR≥45/EDG≥-/CV≤-/μ≥0.0/TP≥55,70.68,,,0.0,55.0,195,191,135,56,70.68,-0.3,-9.45,8.85,-0.579,0.607,28
"[-299,-200]",HR≥45/EDG≥-/CV≤-/μ≥0.0/TP≥60,71.2,,,0.0,60.0,188,184,131,53,71.2,0.42,-8.85,9.7,0.781,0.607,28
"[-299,-200]",HR≥45/EDG≥-/CV≤-/μ≥0.0/TP≥65,72.12,,,0.0,65.0,169,165,119,46,72.12,1.43,-8.24,11.1,2.355,0.63,27
"[-299,-200]",HR≥45/EDG≥-/CV≤-/μ≥0.5/TP≥-,70.35,,,0.5,,176,172,121,51,70.35,-0.76,-10.44,8.91,-1.314,0.63,27
"[-299,-200]",HR≥45/EDG≥-/CV≤-/μ≥0.5/TP≥50,70.35,,,0.5,50.0,176,172,121,51,70.35,-0.76,-10.44,8.91,-1.314,0.63,27
"[-299,-200]",HR≥45/EDG≥-/CV≤-/μ≥0.5/TP≥55,70.35,,,0.5,55.0,176,172,121,51,70.35,-0.76,-10.44,8.91,-1.314,0.63,27
"[-299,-200]",HR≥45/EDG≥-/CV≤-/μ≥0.5/TP≥60,70.18,,,0.5,60.0,175,171,120,51,70.18,-1.05,-10.76,8.67,-1.79,0.63,27
"[-299,-200]",HR≥45/EDG≥-/CV≤-/μ≥0.5/TP≥65,71.34,,,0.5,65.0,161,157,112,45,71.34,0.39,-9.62,10.4,0.611,0.63,27
"[-299,-200]",HR≥45/EDG≥-/CV≤-/μ≥1.0/TP≥-,69.5,,,1.0,,143,141,98,43,69.5,-1.85,-12.64,8.94,-2.609,0.519,27
"[-299,-200]",HR≥45/EDG≥-/CV≤-/μ≥1.0/TP≥50,69.5,,,1.0,50.0,143,141,98,43,69.5,-1.85,-12.64,8.94,-2.609,0.519,27
"[-299,-200]",HR≥45/EDG≥-/CV≤-/μ≥1.0/TP≥55,69.5,,,1.0,55.0,143,141,98,43,69.5,-1.85,-12.64,8.94,-2.609,0.519,27
"[-299,-200]",HR≥45/EDG≥-/CV≤-/μ≥1.0/TP≥60,69.5,,,1.0,60.0,143,141,98,43,69.5,-1.85,-12.64,8.94,-2.609,0.519,27
"[-299,-200]",HR≥45/EDG≥-/CV≤-/μ≥1.0/TP≥65,70.59,,,1.0,65.0,138,136,96,40,70.59,-0.42,-11.28,10.45,-0.566,0.556,27
"[-299,-200]",HR≥45/EDG≥-/CV≤0.7/μ≥-/TP≥-,70.39,,0.7,,,210,206,145,61,70.39,-0.64,-9.48,8.2,-1.311,0.464,28
"[-299,-200]",HR≥45/EDG≥-/CV≤0.7/μ≥-/TP≥50,69.27,,0.7,,50.0,196,192,133,59,69.27,-2.24,-11.49,7.02,-4.296,0.464,28
"[-299,-200]",HR≥45/EDG≥-/CV≤0.7/μ≥-/TP≥55,69.11,,0.7,,55.0,195,191,132,59,69.11,-2.51,-11.8,6.77,-4.796,0.464,28
"[-299,-200]",HR≥45/EDG≥-/CV≤0.7/μ≥-/TP≥60,69.57,,0.7,,60.0,188,184,128,56,69.57,-1.87,-11.29,7.56,-3.436,0.464,28
"[-299,-200]",HR≥45/EDG≥-/CV≤0.7/μ≥-/TP≥65,69.7,,0.7,,65.0,169,165,115,50,69.7,-2.04,-11.94,7.87,-3.362,0.407,27
"[-299,-200]",HR≥45/EDG≥-/CV≤0.7/μ≥0.0/TP≥-,70.43,,0.7,0.0,,189,186,131,55,70.43,-0.63,-9.93,8.66,-1.181,0.536,28
"[-299,-200]",HR≥45/EDG≥-/CV≤0.7/μ≥0.0/TP≥50,70.43,,0.7,0.0,50.0,189,186,131,55,70.43,-0.63,-9.93,8.66,-1.181,0.536,28
"[-299,-200]",HR≥45/EDG≥-/CV≤0.7/μ≥0.0/TP≥55,70.27,,0.7,0.0,55.0,188,185,130,55,70.27,-0.91,-10.24,8.42,-1.681,0.536,28
"[-299,-200]",HR≥45/EDG≥-/CV≤0.7/μ≥0.0/TP≥60,70.79,,0.7,0.0,60.0,181,178,126,52,70.79,-0.18,-9.65,9.29,-0.321,0.536,28
"[-299,-200]",HR≥45/EDG≥-/CV≤0.7/μ≥0.0/TP≥65,71.25,,0.7,0.0,65.0,163,160,114,46,71.25,0.16,-9.75,10.07,0.253,0.519,27
"[-299,-200]",HR≥45/EDG≥-/CV≤0.7/μ≥0.5/TP≥-,69.88,,0.7,0.5,,169,166,116,50,69.88,-1.46,-11.35,8.44,-2.416,0.556,27
"[-299,-200]",HR≥45/EDG≥-/CV≤0.7/μ≥0.5/TP≥50,69.88,,0.7,0.5,50.0,169,166,116,50,69.88,-1.46,-11.35,8.44,-2.416,0.556,27
"[-299,-200]",HR≥45/EDG≥-/CV≤0.7/μ≥0.5/TP≥55,69.88,,0.7,0.5,55.0,169,166,116,50,69.88,-1.46,-11.35,8.44,-2.416,0.556,27
"[-299,-200]",HR≥45/EDG≥-/CV≤0.7/μ≥0.5/TP≥60,69.7,,0.7,0.5,60.0,168,165,115,50,69.7,-1.75,-11.69,8.18,-2.892,0.556,27
"[-299,-200]",HR≥45/EDG≥-/CV≤0.7/μ≥0.5/TP≥65,70.39,,0.7,0.5,65.0,155,152,107,45,70.39,-0.98,-11.24,9.28,-1.49,0.519,27
"[-299,-200]",HR≥45/EDG≥-/CV≤0.7/μ≥1.0/TP≥-,68.89,,0.7,1.0,,136,135,93,42,68.89,-2.75,-13.84,8.34,-3.711,0.407,27
"[-299,-200]",HR≥45/EDG≥-/CV≤0.7/μ≥1.0/TP≥50,68.89,,0.7,1.0,50.0,136,135,93,42,68.89,-2.75,-13.84,8.34,-3.711,0.407,27
"[-299,-200]",HR≥45/EDG≥-/CV≤0.7/μ≥1.0/TP≥55,68.89,,0.7,1.0,55.0,136,135,93,42,68.89,-2.75,-13.84,8.34,-3.711,0.407,27
"[-299,-200]",HR≥45/EDG≥-/CV≤0.7/μ≥1.0/TP≥60,68.89,,0.7,1.0,60.0,136,135,93,42,68.89,-2.75,-13.84,8.34,-3.711,0.407,27
"[-299,-200]",HR≥45/EDG≥-/CV≤0.7/μ≥1.0/TP≥65,69.47,,0.7,1.0,65.0,132,131,91,40,69.47,-2.04,-13.22,9.15,-2.668,0.444,27
"[-299,-200]",HR≥45/EDG≥-/CV≤0.6/μ≥-/TP≥-,68.75,,0.6,,,196,192,132,60,68.75,-2.74,-12.05,6.58,-5.254,0.464,28
"[-299,-200]",HR≥45/EDG≥-/CV≤0.6/μ≥-/TP≥50,67.6,,0.6,,50.0,183,179,121,58,67.6,-4.39,-14.13,5.35,-7.855,0.429,28
"[-299,-200]",HR≥45/EDG≥-/CV≤0.6/μ≥-/TP≥55,67.42,,0.6,,55.0,182,178,120,58,67.42,-4.69,-14.47,5.09,-8.355,0.429,28
"[-299,-200]",HR≥45/EDG≥-/CV≤0.6/μ≥-/TP≥60,67.84,,0.6,,60.0,175,171,116,55,67.84,-4.09,-14.04,5.86,-6.995,0.429,28
"[-299,-200]",HR≥45/EDG≥-/CV≤0.6/μ≥-/TP≥65,67.97,,0.6,,65.0,157,153,104,49,67.97,-4.23,-14.7,6.24,-6.467,0.37,27
"[-299,-200]",HR≥45/EDG≥-/CV≤0.6/μ≥0.0/TP≥-,68.79,,0.6,0.0,,176,173,119,54,68.79,-2.74,-12.55,7.07,-4.74,0.464,28
"[-299,-200]",HR≥45/EDG≥-/CV≤0.6/μ≥0.0/TP≥50,68.79,,0.6,0.0,50.0,176,173,119,54,68.79,-2.74,-12.55,7.07,-4.74,0.464,28
"[-299,-200]",HR≥45/EDG≥-/CV≤0.6/μ≥0.0/TP≥55,68.6,,0.6,0.0,55.0,175,172,118,54,68.6,-3.05,-12.9,6.8,-5.24,0.464,28
"[-299,-200]",HR≥45/EDG≥-/CV≤0.6/μ≥0.0/TP≥60,69.09,,0.6,0.0,60.0,168,165,114,51,69.09,-2.35,-12.37,7.66,-3.88,0.464,28
"[-299,-200]",HR≥45/EDG≥-/CV≤0.6/μ≥0.0/TP≥65,69.59,,0.6,0.0,65.0,151,148,103,45,69.59,-1.93,-12.43,8.57,-2.851,0.444,27
"[-299,-200]",HR≥45/EDG≥-/CV≤0.6/μ≥0.5/TP≥-,68.18,,0.6,0.5,,157,154,105,49,68.18,-3.58,-14.04,6.87,-5.521,0.444,27
"[-299,-200]",HR≥45/EDG≥-/CV≤0.6/μ≥0.5/TP≥50,68.18,,0.6,0.5,50.0,157,154,105,49,68.18,-3.58,-14.04,6.87,-5.521,0.444,27
"[-299,-200]",HR≥45/EDG≥-/CV≤0.6/μ≥0.5/TP≥55,68.18,,0.6,0.5,55.0,157,154,105,49,68.18,-3.58,-14.04,6.87,-5.521,0.444,27
"[-299,-200]",HR≥45/EDG≥-/CV≤0.6/μ≥0.5/TP≥60,67.97,,0.6,0.5,60.0,156,153,104,49,67.97,-3.92,-14.42,6.58,-5.997,0.444,27
"[-299,-200]",HR≥45/EDG≥-/CV≤0.6/μ≥0.5/TP≥65,68.57,,0.6,0.5,65.0,143,140,96,44,68.57,-3.28,-14.19,7.62,-4.595,0.407,27
"[-299,-200]",HR≥45/EDG≥-/CV≤0.6/μ≥1.0/TP≥-,66.94,,0.6,1.0,,125,124,83,41,66.94,-5.19,-16.98,6.61,-6.431,0.333,27
"[-299,-200]",HR≥45/EDG≥-/CV≤0.6/μ≥1.0/TP≥50,66.94,,0.6,1.0,50.0,125,124,83,41,66.94,-5.19,-16.98,6.61,-6.431,0.333,27
"[-299,-200]",HR≥45/EDG≥-/CV≤0.6/μ≥1.0/TP≥55,66.94,,0.6,1.0,55.0,125,124,83,41,66.94,-5.19,-16.98,6.61,-6.431,0.333,27
"[-299,-200]",HR≥45/EDG≥-/CV≤0.6/μ≥1.0/TP≥60,66.94,,0.6,1.0,60.0,125,124,83,41,66.94,-5.19,-16.98,6.61,-6.431,0.333,27
"[-299,-200]",HR≥45/EDG≥-/CV≤0.6/μ≥1.0/TP≥65,67.5,,0.6,1.0,65.0,121,120,81,39,67.5,-4.49,-16.42,7.44,-5.388,0.37,27
"[-299,-200]",HR≥45/EDG≥-/CV≤0.5/μ≥-/TP≥-,69.48,,0.5,,,158,154,107,47,69.48,-1.53,-11.89,8.83,-2.354,0.556,27
"[-299,-200]",HR≥45/EDG≥-/CV≤0.5/μ≥-/TP≥50,68.53,,0.5,,50.0,147,143,98,45,68.53,-2.92,-13.76,7.92,-4.175,0.556,27
"[-299,-200]",HR≥45/EDG≥-/CV≤0.5/μ≥-/TP≥55,68.31,,0.5,,55.0,146,142,97,45,68.31,-3.29,-14.19,7.6,-4.675,0.556,27
"[-299,-200]",HR≥45/EDG≥-/CV≤0.5/μ≥-/TP≥60,68.61,,0.5,,60.0,141,137,94,43,68.61,-2.8,-13.87,8.27,-3.838,0.519,27
"[-299,-200]",HR≥45/EDG≥-/CV≤0.5/μ≥-/TP≥65,68.6,,0.5,,65.0,125,121,83,38,68.6,-3.17,-14.91,8.58,-3.834,0.462,26
"[-299,-200]",HR≥45/EDG≥-/CV≤0.5/μ≥0.0/TP≥-,69.57,,0.5,0.0,,141,138,96,42,69.57,-1.49,-12.43,9.44,-2.059,0.519,27
"[-299,-200]",HR≥45/EDG≥-/CV≤0.5/μ≥0.0/TP≥50,69.57,,0.5,0.0,50.0,141,138,96,42,69.57,-1.49,-12.43,9.44,-2.059,0.519,27
"[-299,-200]",HR≥45/EDG≥-/CV≤0.5/μ≥0.0/TP≥55,69.34,,0.5,0.0,55.0,140,137,95,42,69.34,-1.87,-12.86,9.12,-2.559,0.519,27
"[-299,-200]",HR≥45/EDG≥-/CV≤0.5/μ≥0.0/TP≥60,69.7,,0.5,0.0,60.0,135,132,92,40,69.7,-1.31,-12.47,9.86,-1.723,0.481,27
"[-299,-200]",HR≥45/EDG≥-/CV≤0.5/μ≥0.0/TP≥65,70.09,,0.5,0.0,65.0,120,117,82,35,70.09,-1.04,-12.83,10.75,-1.218,0.462,26
"[-299,-200]",HR≥45/EDG≥-/CV≤0.5/μ≥0.5/TP≥-,68.6,,0.5,0.5,,124,121,83,38,68.6,-2.88,-14.66,8.9,-3.489,0.462,26
"[-299,-200]",HR≥45/EDG≥-/CV≤0.5/μ≥0.5/TP≥50,68.6,,0.5,0.5,50.0,124,121,83,38,68.6,-2.88,-14.66,8.9,-3.489,0.462,26
"[-299,-200]",HR≥45/EDG≥-/CV≤0.5/μ≥0.5/TP≥55,68.6,,0.5,0.5,55.0,124,121,83,38,68.6,-2.88,-14.66,8.9,-3.489,0.462,26
"[-299,-200]",HR≥45/EDG≥-/CV≤0.5/μ≥0.5/TP≥60,68.6,,0.5,0.5,60.0,124,121,83,38,68.6,-2.88,-14.66,8.9,-3.489,0.462,26
"[-299,-200]",HR≥45/EDG≥-/CV≤0.5/μ≥0.5/TP≥65,69.09,,0.5,0.5,65.0,113,110,76,34,69.09,-2.37,-14.66,9.91,-2.611,0.423,26
"[-299,-200]",HR≥45/EDG≥-/CV≤0.5/μ≥1.0/TP≥-,67.35,,0.5,1.0,,99,98,66,32,67.35,-4.42,-17.69,8.85,-4.335,0.36,25
"[-299,-200]",HR≥45/EDG≥-/CV≤0.5/μ≥1.0/TP≥50,67.35,,0.5,1.0,50.0,99,98,66,32,67.35,-4.42,-17.69,8.85,-4.335,0.36,25
"[-299,-200]",HR≥45/EDG≥-/CV≤0.5/μ≥1.0/TP≥55,67.35,,0.5,1.0,55.0,99,98,66,32,67.35,-4.42,-17.69,8.85,-4.335,0.36,25
"[-299,-200]",HR≥45/EDG≥-/CV≤0.5/μ≥1.0/TP≥60,67.35,,0.5,1.0,60.0,99,98,66,32,67.35,-4.42,-17.69,8.85,-4.335,0.36,25
"[-299,-200]",HR≥45/EDG≥-/CV≤0.5/μ≥1.0/TP≥65,67.37,,0.5,1.0,65.0,96,95,64,31,67.37,-4.52,-17.98,8.94,-4.292,0.4,25
"[-299,-200]",HR≥45/EDG≥-/CV≤0.45/μ≥-/TP≥-,70.18,,0.45,,,118,114,80,34,70.18,-0.45,-12.44,11.54,-0.514,0.593,27
"[-299,-200]",HR≥45/EDG≥-/CV≤0.45/μ≥-/TP≥50,69.52,,0.45,,50.0,109,105,73,32,69.52,-1.44,-14.0,11.13,-1.508,0.577,26
"[-299,-200]",HR≥45/EDG≥-/CV≤0.45/μ≥-/TP≥55,69.52,,0.45,,55.0,109,105,73,32,69.52,-1.44,-14.0,11.13,-1.508,0.577,26
"[-299,-200]",HR≥45/EDG≥-/CV≤0.45/μ≥-/TP≥60,69.61,,0.45,,60.0,106,102,71,31,69.61,-1.23,-13.98,11.52,-1.255,0.538,26
"[-299,-200]",HR≥45/EDG≥-/CV≤0.45/μ≥-/TP≥65,68.13,,0.45,,65.0,95,91,62,29,68.13,-3.69,-17.33,9.94,-3.361,0.462,26
"[-299,-200]",HR≥45/EDG≥-/CV≤0.45/μ≥0.0/TP≥-,70.3,,0.45,0.0,,104,101,71,30,70.3,-0.39,-13.1,12.33,-0.392,0.577,26
"[-299,-200]",HR≥45/EDG≥-/CV≤0.45/μ≥0.0/TP≥50,70.3,,0.45,0.0,50.0,104,101,71,30,70.3,-0.39,-13.1,12.33,-0.392,0.577,26
"[-299,-200]",HR≥45/EDG≥-/CV≤0.45/μ≥0.0/TP≥55,70.3,,0.45,0.0,55.0,104,101,71,30,70.3,-0.39,-13.1,12.33,-0.392,0.577,26
"[-299,-200]",HR≥45/EDG≥-/CV≤0.45/μ≥0.0/TP≥60,70.41,,0.45,0.0,60.0,101,98,69,29,70.41,-0.14,-13.05,12.77,-0.139,0.538,26
"[-299,-200]",HR≥45/EDG≥-/CV≤0.45/μ≥0.0/TP≥65,69.32,,0.45,0.0,65.0,91,88,61,27,69.32,-1.98,-15.71,11.74,-1.746,0.462,26
"[-299,-200]",HR≥45/EDG≥-/CV≤0.45/μ≥0.5/TP≥-,68.54,,0.45,0.5,,92,89,61,28,68.54,-2.81,-16.59,10.98,-2.497,0.462,26
"[-299,-200]",HR≥45/EDG≥-/CV≤0.45/μ≥0.5/TP≥50,68.54,,0.45,0.5,50.0,92,89,61,28,68.54,-2.81,-16.59,10.98,-2.497,0.462,26
"[-299,-200]",HR≥45/EDG≥-/CV≤0.45/μ≥0.5/TP≥55,68.54,,0.45,0.5,55.0,92,89,61,28,68.54,-2.81,-16.59,10.98,-2.497,0.462,26
"[-299,-200]",HR≥45/EDG≥-/CV≤0.45/μ≥0.5/TP≥60,68.54,,0.45,0.5,60.0,92,89,61,28,68.54,-2.81,-16.59,10.98,-2.497,0.462,26
"[-299,-200]",HR≥45/EDG≥-/CV≤0.45/μ≥0.5/TP≥65,67.9,,0.45,0.5,65.0,84,81,55,26,67.9,-3.87,-18.38,10.63,-3.139,0.423,26
"[-299,-200]",HR≥45/EDG≥-/CV≤0.45/μ≥1.0/TP≥-,64.79,,0.45,1.0,,72,71,46,25,64.79,-7.94,-23.87,7.98,-5.641,0.36,25
"[-299,-200]",HR≥45/EDG≥-/CV≤0.45/μ≥1.0/TP≥50,64.79,,0.45,1.0,50.0,72,71,46,25,64.79,-7.94,-23.87,7.98,-5.641,0.36,25
"[-299,-200]",HR≥45/EDG≥-/CV≤0.45/μ≥1.0/TP≥55,64.79,,0.45,1.0,55.0,72,71,46,25,64.79,-7.94,-23.87,7.98,-5.641,0.36,25
"[-299,-200]",HR≥45/EDG≥-/CV≤0.45/μ≥1.0/TP≥60,64.79,,0.45,1.0,60.0,72,71,46,25,64.79,-7.94,-23.87,7.98,-5.641,0.36,25
"[-299,-200]",HR≥45/EDG≥-/CV≤0.45/μ≥1.0/TP≥65,65.22,,0.45,1.0,65.0,70,69,45,24,65.22,-7.42,-23.51,8.68,-5.117,0.36,25
"[-299,-200]",HR≥45/EDG≥-/CV≤0.4/μ≥-/TP≥-,73.49,,0.4,,,87,83,61,22,73.49,4.27,-9.31,17.85,3.545,0.654,26
"[-299,-200]",HR≥45/EDG≥-/CV≤0.4/μ≥-/TP≥50,72.97,,0.4,,50.0,78,74,54,20,72.97,3.45,-11.03,17.92,2.552,0.6,25
"[-299,-200]",HR≥45/EDG≥-/CV≤0.4/μ≥-/TP≥55,72.97,,0.4,,55.0,78,74,54,20,72.97,3.45,-11.03,17.92,2.552,0.6,25
"[-299,-200]",HR≥45/EDG≥-/CV≤0.4/μ≥-/TP≥60,73.97,,0.4,,60.0,77,73,54,19,73.97,4.87,-9.54,19.27,3.552,0.6,25
"[-299,-200]",HR≥45/EDG≥-/CV≤0.4/μ≥-/TP≥65,74.63,,0.4,,65.0,71,67,50,17,74.63,5.39,-9.47,20.25,3.61,0.625,24
"[-299,-200]",HR≥45/EDG≥-/CV≤0.4/μ≥0.0/TP≥-,73.24,,0.4,0.0,,74,71,52,19,73.24,3.76,-10.97,18.48,2.667,0.6,25
"[-299,-200]",HR≥45/EDG≥-/CV≤0.4/μ≥0.0/TP≥50,73.24,,0.4,0.0,50.0,74,71,52,19,73.24,3.76,-10.97,18.48,2.667,0.6,25
"[-299,-200]",HR≥45/EDG≥-/CV≤0.4/μ≥0.0/TP≥55,73.24,,0.4,0.0,55.0,74,71,52,19,73.24,3.76,-10.97,18.48,2.667,0.6,25
"[-299,-200]",HR≥45/EDG≥-/CV≤0.4/μ≥0.0/TP≥60,74.29,,0.4,0.0,60.0,73,70,52,18,74.29,5.24,-9.4,19.88,3.667,0.6,25
"[-299,-200]",HR≥45/EDG≥-/CV≤0.4/μ≥0.0/TP≥65,75.38,,0.4,0.0,65.0,68,65,49,16,75.38,6.5,-8.44,21.44,4.226,0.625,24
"[-299,-200]",HR≥45/EDG≥-/CV≤0.4/μ≥0.5/TP≥-,72.58,,0.4,0.5,,65,62,45,17,72.58,2.86,-13.04,18.76,1.774,0.545,22
"[-299,-200]",HR≥45/EDG≥-/CV≤0.4/μ≥0.5/TP≥50,72.58,,0.4,0.5,50.0,65,62,45,17,72.58,2.86,-13.04,18.76,1.774,0.545,22
"[-299,-200]",HR≥45/EDG≥-/CV≤0.4/μ≥0.5/TP≥55,72.58,,0.4,0.5,55.0,65,62,45,17,72.58,2.86,-13.04,18.76,1.774,0.545,22
"[-299,-200]",HR≥45/EDG≥-/CV≤0.4/μ≥0.5/TP≥60,72.58,,0.4,0.5,60.0,65,62,45,17,72.58,2.86,-13.04,18.76,1.774,0.545,22
"[-299,-200]",HR≥45/EDG≥-/CV≤0.4/μ≥0.5/TP≥65,74.14,,0.4,0.5,65.0,61,58,43,15,74.14,4.88,-11.23,21.0,2.833,0.571,21
"[-299,-200]",HR≥45/EDG≥-/CV≤0.4/μ≥1.0/TP≥-,70.59,,0.4,1.0,,52,51,36,15,70.59,0.29,-17.69,18.27,0.148,0.381,21
"[-299,-200]",HR≥45/EDG≥-/CV≤0.4/μ≥1.0/TP≥50,70.59,,0.4,1.0,50.0,52,51,36,15,70.59,0.29,-17.69,18.27,0.148,0.381,21
"[-299,-200]",HR≥45/EDG≥-/CV≤0.4/μ≥1.0/TP≥55,70.59,,0.4,1.0,55.0,52,51,36,15,70.59,0.29,-17.69,18.27,0.148,0.381,21
"[-299,-200]",HR≥45/EDG≥-/CV≤0.4/μ≥1.0/TP≥60,70.59,,0.4,1.0,60.0,52,51,36,15,70.59,0.29,-17.69,18.27,0.148,0.381,21
"[-299,-200]",HR≥45/EDG≥-/CV≤0.4/μ≥1.0/TP≥65,71.43,,0.4,1.0,65.0,50,49,35,14,71.43,1.37,-16.8,19.54,0.672,0.429,21
"[-299,-200]",HR≥45/EDG≥-5.0/CV≤-/μ≥-/TP≥-,69.59,-5.0,,,,152,148,103,45,69.59,-1.58,-12.12,8.96,-2.334,0.519,27
"[-299,-200]",HR≥45/EDG≥-5.0/CV≤-/μ≥-/TP≥50,69.59,-5.0,,,50.0,152,148,103,45,69.59,-1.58,-12.12,8.96,-2.334,0.519,27
"[-299,-200]",HR≥45/EDG≥-5.0/CV≤-/μ≥-/TP≥55,69.59,-5.0,,,55.0,152,148,103,45,69.59,-1.58,-12.12,8.96,-2.334,0.519,27
"[-299,-200]",HR≥45/EDG≥-5.0/CV≤-/μ≥-/TP≥60,69.59,-5.0,,,60.0,152,148,103,45,69.59,-1.58,-12.12,8.96,-2.334,0.519,27
"[-299,-200]",HR≥45/EDG≥-5.0/CV≤-/μ≥-/TP≥65,70.92,-5.0,,,65.0,145,141,100,41,70.92,0.15,-10.5,10.79,0.209,0.519,27
"[-299,-200]",HR≥45/EDG≥-5.0/CV≤-/μ≥0.0/TP≥-,69.59,-5.0,,0.0,,152,148,103,45,69.59,-1.58,-12.12,8.96,-2.334,0.519,27
"[-299,-200]",HR≥45/EDG≥-5.0/CV≤-/μ≥0.0/TP≥50,69.59,-5.0,,0.0,50.0,152,148,103,45,69.59,-1.58,-12.12,8.96,-2.334,0.519,27
"[-299,-200]",HR≥45/EDG≥-5.0/CV≤-/μ≥0.0/TP≥55,69.59,-5.0,,0.0,55.0,152,148,103,45,69.59,-1.58,-12.12,8.96,-2.334,0.519,27
"[-299,-200]",HR≥45/EDG≥-5.0/CV≤-/μ≥0.0/TP≥60,69.59,-5.0,,0.0,60.0,152,148,103,45,69.59,-1.58,-12.12,8.96,-2.334,0.519,27
"[-299,-200]",HR≥45/EDG≥-5.0/CV≤-/μ≥0.0/TP≥65,70.92,-5.0,,0.0,65.0,145,141,100,41,70.92,0.15,-10.5,10.79,0.209,0.519,27
"[-299,-200]",HR≥45/EDG≥-5.0/CV≤-/μ≥0.5/TP≥-,69.59,-5.0,,0.5,,152,148,103,45,69.59,-1.58,-12.12,8.96,-2.334,0.519,27
"[-299,-200]",HR≥45/EDG≥-5.0/CV≤-/μ≥0.5/TP≥50,69.59,-5.0,,0.5,50.0,152,148,103,45,69.59,-1.58,-12.12,8.96,-2.334,0.519,27
"[-299,-200]",HR≥45/EDG≥-5.0/CV≤-/μ≥0.5/TP≥55,69.59,-5.0,,0.5,55.0,152,148,103,45,69.59,-1.58,-12.12,8.96,-2.334,0.519,27
"[-299,-200]",HR≥45/EDG≥-5.0/CV≤-/μ≥0.5/TP≥60,69.59,-5.0,,0.5,60.0,152,148,103,45,69.59,-1.58,-12.12,8.96,-2.334,0.519,27
"[-299,-200]",HR≥45/EDG≥-5.0/CV≤-/μ≥0.5/TP≥65,70.92,-5.0,,0.5,65.0,145,141,100,41,70.92,0.15,-10.5,10.79,0.209,0.519,27
"[-299,-200]",HR≥45/EDG≥-5.0/CV≤-/μ≥1.0/TP≥-,69.63,-5.0,,1.0,,137,135,94,41,69.63,-1.51,-12.55,9.52,-2.045,0.481,27
"[-299,-200]",HR≥45/EDG≥-5.0/CV≤-/μ≥1.0/TP≥50,69.63,-5.0,,1.0,50.0,137,135,94,41,69.63,-1.51,-12.55,9.52,-2.045,0.481,27
"[-299,-200]",HR≥45/EDG≥-5.0/CV≤-/μ≥1.0/TP≥55,69.63,-5.0,,1.0,55.0,137,135,94,41,69.63,-1.51,-12.55,9.52,-2.045,0.481,27
"[-299,-200]",HR≥45/EDG≥-5.0/CV≤-/μ≥1.0/TP≥60,69.63,-5.0,,1.0,60.0,137,135,94,41,69.63,-1.51,-12.55,9.52,-2.045,0.481,27
"[-299,-200]",HR≥45/EDG≥-5.0/CV≤-/μ≥1.0/TP≥65,70.77,-5.0,,1.0,65.0,132,130,92,38,70.77,-0.0,-11.11,11.11,-0.002,0.519,27
"[-299,-200]",HR≥45/EDG≥-5.0/CV≤0.7/μ≥-/TP≥-,69.01,-5.0,0.7,,,145,142,98,44,69.01,-2.42,-13.23,8.39,-3.436,0.407,27
"[-299,-200]",HR≥45/EDG≥-5.0/CV≤0.7/μ≥-/TP≥50,69.01,-5.0,0.7,,50.0,145,142,98,44,69.01,-2.42,-13.23,8.39,-3.436,0.407,27
"[-299,-200]",HR≥45/EDG≥-5.0/CV≤0.7/μ≥-/TP≥55,69.01,-5.0,0.7,,55.0,145,142,98,44,69.01,-2.42,-13.23,8.39,-3.436,0.407,27
"[-299,-200]",HR≥45/EDG≥-5.0/CV≤0.7/μ≥-/TP≥60,69.01,-5.0,0.7,,60.0,145,142,98,44,69.01,-2.42,-13.23,8.39,-3.436,0.407,27
"[-299,-200]",HR≥45/EDG≥-5.0/CV≤0.7/μ≥-/TP≥65,69.85,-5.0,0.7,,65.0,139,136,95,41,69.85,-1.39,-12.34,9.56,-1.893,0.407,27
"[-299,-200]",HR≥45/EDG≥-5.0/CV≤0.7/μ≥0.0/TP≥-,69.01,-5.0,0.7,0.0,,145,142,98,44,69.01,-2.42,-13.23,8.39,-3.436,0.407,27
"[-299,-200]",HR≥45/EDG≥-5.0/CV≤0.7/μ≥0.0/TP≥50,69.01,-5.0,0.7,0.0,50.0,145,142,98,44,69.01,-2.42,-13.23,8.39,-3.436,0.407,27
"[-299,-200]",HR≥45/EDG≥-5.0/CV≤0.7/μ≥0.0/TP≥55,69.01,-5.0,0.7,0.0,55.0,145,142,98,44,69.01,-2.42,-13.23,8.39,-3.436,0.407,27
"[-299,-200]",HR≥45/EDG≥-5.0/CV≤0.7/μ≥0.0/TP≥60,69.01,-5.0,0.7,0.0,60.0,145,142,98,44,69.01,-2.42,-13.23,8.39,-3.436,0.407,27
"[-299,-200]",HR≥45/EDG≥-5.0/CV≤0.7/μ≥0.0/TP≥65,69.85,-5.0,0.7,0.0,65.0,139,136,95,41,69.85,-1.39,-12.34,9.56,-1.893,0.407,27
"[-299,-200]",HR≥45/EDG≥-5.0/CV≤0.7/μ≥0.5/TP≥-,69.01,-5.0,0.7,0.5,,145,142,98,44,69.01,-2.42,-13.23,8.39,-3.436,0.407,27
"[-299,-200]",HR≥45/EDG≥-5.0/CV≤0.7/μ≥0.5/TP≥50,69.01,-5.0,0.7,0.5,50.0,145,142,98,44,69.01,-2.42,-13.23,8.39,-3.436,0.407,27
"[-299,-200]",HR≥45/EDG≥-5.0/CV≤0.7/μ≥0.5/TP≥55,69.01,-5.0,0.7,0.5,55.0,145,142,98,44,69.01,-2.42,-13.23,8.39,-3.436,0.407,27
"[-299,-200]",HR≥45/EDG≥-5.0/CV≤0.7/μ≥0.5/TP≥60,69.01,-5.0,0.7,0.5,60.0,145,142,98,44,69.01,-2.42,-13.23,8.39,-3.436,0.407,27
"[-299,-200]",HR≥45/EDG≥-5.0/CV≤0.7/μ≥0.5/TP≥65,69.85,-5.0,0.7,0.5,65.0,139,136,95,41,69.85,-1.39,-12.34,9.56,-1.893,0.407,27
"[-299,-200]",HR≥45/EDG≥-5.0/CV≤0.7/μ≥1.0/TP≥-,68.99,-5.0,0.7,1.0,,130,129,89,40,68.99,-2.44,-13.79,8.91,-3.146,0.37,27
"[-299,-200]",HR≥45/EDG≥-5.0/CV≤0.7/μ≥1.0/TP≥50,68.99,-5.0,0.7,1.0,50.0,130,129,89,40,68.99,-2.44,-13.79,8.91,-3.146,0.37,27
"[-299,-200]",HR≥45/EDG≥-5.0/CV≤0.7/μ≥1.0/TP≥55,68.99,-5.0,0.7,1.0,55.0,130,129,89,40,68.99,-2.44,-13.79,8.91,-3.146,0.37,27
"[-299,-200]",HR≥45/EDG≥-5.0/CV≤0.7/μ≥1.0/TP≥60,68.99,-5.0,0.7,1.0,60.0,130,129,89,40,68.99,-2.44,-13.79,8.91,-3.146,0.37,27
"[-299,-200]",HR≥45/EDG≥-5.0/CV≤0.7/μ≥1.0/TP≥65,69.6,-5.0,0.7,1.0,65.0,126,125,87,38,69.6,-1.68,-13.14,9.78,-2.103,0.407,27
"[-299,-200]",HR≥45/EDG≥-5.0/CV≤0.6/μ≥-/TP≥-,67.42,-5.0,0.6,,,135,132,89,43,67.42,-4.4,-15.8,7.0,-5.811,0.333,27
"[-299,-200]",HR≥45/EDG≥-5.0/CV≤0.6/μ≥-/TP≥50,67.42,-5.0,0.6,,50.0,135,132,89,43,67.42,-4.4,-15.8,7.0,-5.811,0.333,27
"[-299,-200]",HR≥45/EDG≥-5.0/CV≤0.6/μ≥-/TP≥55,67.42,-5.0,0.6,,55.0,135,132,89,43,67.42,-4.4,-15.8,7.0,-5.811,0.333,27
"[-299,-200]",HR≥45/EDG≥-5.0/CV≤0.6/μ≥-/TP≥60,67.42,-5.0,0.6,,60.0,135,132,89,43,67.42,-4.4,-15.8,7.0,-5.811,0.333,27
"[-299,-200]",HR≥45/EDG≥-5.0/CV≤0.6/μ≥-/TP≥65,68.25,-5.0,0.6,,65.0,129,126,86,40,68.25,-3.39,-14.96,8.18,-4.268,0.333,27
"[-299,-200]",HR≥45/EDG≥-5.0/CV≤0.6/μ≥0.0/TP≥-,67.42,-5.0,0.6,0.0,,135,132,89,43,67.42,-4.4,-15.8,7.0,-5.811,0.333,27
"[-299,-200]",HR≥45/EDG≥-5.0/CV≤0.6/μ≥0.0/TP≥50,67.42,-5.0,0.6,0.0,50.0,135,132,89,43,67.42,-4.4,-15.8,7.0,-5.811,0.333,27
"[-299,-200]",HR≥45/EDG≥-5.0/CV≤0.6/μ≥0.0/TP≥55,67.42,-5.0,0.6,0.0,55.0,135,132,89,43,67.42,-4.4,-15.8,7.0,-5.811,0.333,27
"[-299,-200]",HR≥45/EDG≥-5.0/CV≤0.6/μ≥0.0/TP≥60,67.42,-5.0,0.6,0.0,60.0,135,132,89,43,67.42,-4.4,-15.8,7.0,-5.811,0.333,27
"[-299,-200]",HR≥45/EDG≥-5.0/CV≤0.6/μ≥0.0/TP≥65,68.25,-5.0,0.6,0.0,65.0,129,126,86,40,68.25,-3.39,-14.96,8.18,-4.268,0.333,27
"[-299,-200]",HR≥45/EDG≥-5.0/CV≤0.6/μ≥0.5/TP≥-,67.42,-5.0,0.6,0.5,,135,132,89,43,67.42,-4.4,-15.8,7.0,-5.811,0.333,27
"[-299,-200]",HR≥45/EDG≥-5.0/CV≤0.6/μ≥0.5/TP≥50,67.42,-5.0,0.6,0.5,50.0,135,132,89,43,67.42,-4.4,-15.8,7.0,-5.811,0.333,27
"[-299,-200]",HR≥45/EDG≥-5.0/CV≤0.6/μ≥0.5/TP≥55,67.42,-5.0,0.6,0.5,55.0,135,132,89,43,67.42,-4.4,-15.8,7.0,-5.811,0.333,27
"[-299,-200]",HR≥45/EDG≥-5.0/CV≤0.6/μ≥0.5/TP≥60,67.42,-5.0,0.6,0.5,60.0,135,132,89,43,67.42,-4.4,-15.8,7.0,-5.811,0.333,27
"[-299,-200]",HR≥45/EDG≥-5.0/CV≤0.6/μ≥0.5/TP≥65,68.25,-5.0,0.6,0.5,65.0,129,126,86,40,68.25,-3.39,-14.96,8.18,-4.268,0.333,27
"[-299,-200]",HR≥45/EDG≥-5.0/CV≤0.6/μ≥1.0/TP≥-,67.23,-5.0,0.6,1.0,,120,119,80,39,67.23,-4.64,-16.67,7.39,-5.522,0.333,27
"[-299,-200]",HR≥45/EDG≥-5.0/CV≤0.6/μ≥1.0/TP≥50,67.23,-5.0,0.6,1.0,50.0,120,119,80,39,67.23,-4.64,-16.67,7.39,-5.522,0.333,27
"[-299,-200]",HR≥45/EDG≥-5.0/CV≤0.6/μ≥1.0/TP≥55,67.23,-5.0,0.6,1.0,55.0,120,119,80,39,67.23,-4.64,-16.67,7.39,-5.522,0.333,27
"[-299,-200]",HR≥45/EDG≥-5.0/CV≤0.6/μ≥1.0/TP≥60,67.23,-5.0,0.6,1.0,60.0,120,119,80,39,67.23,-4.64,-16.67,7.39,-5.522,0.333,27
"[-299,-200]",HR≥45/EDG≥-5.0/CV≤0.6/μ≥1.0/TP≥65,67.83,-5.0,0.6,1.0,65.0,116,115,78,37,67.83,-3.89,-16.07,8.28,-4.479,0.37,27
"[-299,-200]",HR≥45/EDG≥-5.0/CV≤0.5/μ≥-/TP≥-,66.67,-5.0,0.5,,,111,108,72,36,66.67,-5.29,-18.01,7.42,-5.715,0.385,26
"[-299,-200]",HR≥45/EDG≥-5.0/CV≤0.5/μ≥-/TP≥50,66.67,-5.0,0.5,,50.0,111,108,72,36,66.67,-5.29,-18.01,7.42,-5.715,0.385,26
"[-299,-200]",HR≥45/EDG≥-5.0/CV≤0.5/μ≥-/TP≥55,66.67,-5.0,0.5,,55.0,111,108,72,36,66.67,-5.29,-18.01,7.42,-5.715,0.385,26
"[-299,-200]",HR≥45/EDG≥-5.0/CV≤0.5/μ≥-/TP≥60,66.67,-5.0,0.5,,60.0,111,108,72,36,66.67,-5.29,-18.01,7.42,-5.715,0.385,26
"[-299,-200]",HR≥45/EDG≥-5.0/CV≤0.5/μ≥-/TP≥65,66.99,-5.0,0.5,,65.0,106,103,69,34,66.99,-5.02,-17.98,7.94,-5.172,0.385,26
"[-299,-200]",HR≥45/EDG≥-5.0/CV≤0.5/μ≥0.0/TP≥-,66.67,-5.0,0.5,0.0,,111,108,72,36,66.67,-5.29,-18.01,7.42,-5.715,0.385,26
"[-299,-200]",HR≥45/EDG≥-5.0/CV≤0.5/μ≥0.0/TP≥50,66.67,-5.0,0.5,0.0,50.0,111,108,72,36,66.67,-5.29,-18.01,7.42,-5.715,0.385,26
"[-299,-200]",HR≥45/EDG≥-5.0/CV≤0.5/μ≥0.0/TP≥55,66.67,-5.0,0.5,0.0,55.0,111,108,72,36,66.67,-5.29,-18.01,7.42,-5.715,0.385,26
"[-299,-200]",HR≥45/EDG≥-5.0/CV≤0.5/μ≥0.0/TP≥60,66.67,-5.0,0.5,0.0,60.0,111,108,72,36,66.67,-5.29,-18.01,7.42,-5.715,0.385,26
"[-299,-200]",HR≥45/EDG≥-5.0/CV≤0.5/μ≥0.0/TP≥65,66.99,-5.0,0.5,0.0,65.0,106,103,69,34,66.99,-5.02,-17.98,7.94,-5.172,0.385,26
"[-299,-200]",HR≥45/EDG≥-5.0/CV≤0.5/μ≥0.5/TP≥-,66.67,-5.0,0.5,0.5,,111,108,72,36,66.67,-5.29,-18.01,7.42,-5.715,0.385,26
"[-299,-200]",HR≥45/EDG≥-5.0/CV≤0.5/μ≥0.5/TP≥50,66.67,-5.0,0.5,0.5,50.0,111,108,72,36,66.67,-5.29,-18.01,7.42,-5.715,0.385,26
"[-299,-200]",HR≥45/EDG≥-5.0/CV≤0.5/μ≥0.5/TP≥55,66.67,-5.0,0.5,0.5,55.0,111,108,72,36,66.67,-5.29,-18.01,7.42,-5.715,0.385,26
"[-299,-200]",HR≥45/EDG≥-5.0/CV≤0.5/μ≥0.5/TP≥60,66.67,-5.0,0.5,0.5,60.0,111,108,72,36,66.67,-5.29,-18.01,7.42,-5.715,0.385,26
"[-299,-200]",HR≥45/EDG≥-5.0/CV≤0.5/μ≥0.5/TP≥65,66.99,-5.0,0.5,0.5,65.0,106,103,69,34,66.99,-5.02,-17.98,7.94,-5.172,0.385,26
"[-299,-200]",HR≥45/EDG≥-5.0/CV≤0.5/μ≥1.0/TP≥-,66.32,-5.0,0.5,1.0,,96,95,63,32,66.32,-5.71,-19.32,7.9,-5.426,0.32,25
"[-299,-200]",HR≥45/EDG≥-5.0/CV≤0.5/μ≥1.0/TP≥50,66.32,-5.0,0.5,1.0,50.0,96,95,63,32,66.32,-5.71,-19.32,7.9,-5.426,0.32,25
"[-299,-200]",HR≥45/EDG≥-5.0/CV≤0.5/μ≥1.0/TP≥55,66.32,-5.0,0.5,1.0,55.0,96,95,63,32,66.32,-5.71,-19.32,7.9,-5.426,0.32,25
"[-299,-200]",HR≥45/EDG≥-5.0/CV≤0.5/μ≥1.0/TP≥60,66.32,-5.0,0.5,1.0,60.0,96,95,63,32,66.32,-5.71,-19.32,7.9,-5.426,0.32,25
"[-299,-200]",HR≥45/EDG≥-5.0/CV≤0.5/μ≥1.0/TP≥65,66.3,-5.0,0.5,1.0,65.0,93,92,61,31,66.3,-5.85,-19.67,7.96,-5.383,0.36,25
"[-299,-200]",HR≥45/EDG≥-5.0/CV≤0.45/μ≥-/TP≥-,66.67,-5.0,0.45,,,84,81,54,27,66.67,-5.3,-20.0,9.4,-4.293,0.385,26
"[-299,-200]",HR≥45/EDG≥-5.0/CV≤0.45/μ≥-/TP≥50,66.67,-5.0,0.45,,50.0,84,81,54,27,66.67,-5.3,-20.0,9.4,-4.293,0.385,26
"[-299,-200]",HR≥45/EDG≥-5.0/CV≤0.45/μ≥-/TP≥55,66.67,-5.0,0.45,,55.0,84,81,54,27,66.67,-5.3,-20.0,9.4,-4.293,0.385,26
"[-299,-200]",HR≥45/EDG≥-5.0/CV≤0.45/μ≥-/TP≥60,66.67,-5.0,0.45,,60.0,84,81,54,27,66.67,-5.3,-20.0,9.4,-4.293,0.385,26
"[-299,-200]",HR≥45/EDG≥-5.0/CV≤0.45/μ≥-/TP≥65,66.67,-5.0,0.45,,65.0,81,78,52,26,66.67,-5.47,-20.43,9.48,-4.27,0.385,26
"[-299,-200]",HR≥45/EDG≥-5.0/CV≤0.45/μ≥0.0/TP≥-,66.67,-5.0,0.45,0.0,,84,81,54,27,66.67,-5.3,-20.0,9.4,-4.293,0.385,26
"[-299,-200]",HR≥45/EDG≥-5.0/CV≤0.45/μ≥0.0/TP≥50,66.67,-5.0,0.45,0.0,50.0,84,81,54,27,66.67,-5.3,-20.0,9.4,-4.293,0.385,26
"[-299,-200]",HR≥45/EDG≥-5.0/CV≤0.45/μ≥0.0/TP≥55,66.67,-5.0,0.45,0.0,55.0,84,81,54,27,66.67,-5.3,-20.0,9.4,-4.293,0.385,26
"[-299,-200]",HR≥45/EDG≥-5.0/CV≤0.45/μ≥0.0/TP≥60,66.67,-5.0,0.45,0.0,60.0,84,81,54,27,66.67,-5.3,-20.0,9.4,-4.293,0.385,26
"[-299,-200]",HR≥45/EDG≥-5.0/CV≤0.45/μ≥0.0/TP≥65,66.67,-5.0,0.45,0.0,65.0,81,78,52,26,66.67,-5.47,-20.43,9.48,-4.27,0.385,26
"[-299,-200]",HR≥45/EDG≥-5.0/CV≤0.45/μ≥0.5/TP≥-,66.67,-5.0,0.45,0.5,,84,81,54,27,66.67,-5.3,-20.0,9.4,-4.293,0.385,26
"[-299,-200]",HR≥45/EDG≥-5.0/CV≤0.45/μ≥0.5/TP≥50,66.67,-5.0,0.45,0.5,50.0,84,81,54,27,66.67,-5.3,-20.0,9.4,-4.293,0.385,26
"[-299,-200]",HR≥45/EDG≥-5.0/CV≤0.45/μ≥0.5/TP≥55,66.67,-5.0,0.45,0.5,55.0,84,81,54,27,66.67,-5.3,-20.0,9.4,-4.293,0.385,26
"[-299,-200]",HR≥45/EDG≥-5.0/CV≤0.45/μ≥0.5/TP≥60,66.67,-5.0,0.45,0.5,60.0,84,81,54,27,66.67,-5.3,-20.0,9.4,-4.293,0.385,26
"[-299,-200]",HR≥45/EDG≥-5.0/CV≤0.45/μ≥0.5/TP≥65,66.67,-5.0,0.45,0.5,65.0,81,78,52,26,66.67,-5.47,-20.43,9.48,-4.27,0.385,26
"[-299,-200]",HR≥45/EDG≥-5.0/CV≤0.45/μ≥1.0/TP≥-,64.29,-5.0,0.45,1.0,,71,70,45,25,64.29,-8.58,-24.68,7.53,-6.004,0.32,25
"[-299,-200]",HR≥45/EDG≥-5.0/CV≤0.45/μ≥1.0/TP≥50,64.29,-5.0,0.45,1.0,50.0,71,70,45,25,64.29,-8.58,-24.68,7.53,-6.004,0.32,25
"[-299,-200]",HR≥45/EDG≥-5.0/CV≤0.45/μ≥1.0/TP≥55,64.29,-5.0,0.45,1.0,55.0,71,70,45,25,64.29,-8.58,-24.68,7.53,-6.004,0.32,25
"[-299,-200]",HR≥45/EDG≥-5.0/CV≤0.45/μ≥1.0/TP≥60,64.29,-5.0,0.45,1.0,60.0,71,70,45,25,64.29,-8.58,-24.68,7.53,-6.004,0.32,25
"[-299,-200]",HR≥45/EDG≥-5.0/CV≤0.45/μ≥1.0/TP≥65,64.71,-5.0,0.45,1.0,65.0,69,68,44,24,64.71,-8.06,-24.35,8.23,-5.48,0.32,25
"[-299,-200]",HR≥45/EDG≥-5.0/CV≤0.4/μ≥-/TP≥-,72.41,-5.0,0.4,,,61,58,42,16,72.41,2.75,-13.75,19.25,1.595,0.524,21
"[-299,-200]",HR≥45/EDG≥-5.0/CV≤0.4/μ≥-/TP≥50,72.41,-5.0,0.4,,50.0,61,58,42,16,72.41,2.75,-13.75,19.25,1.595,0.524,21
"[-299,-200]",HR≥45/EDG≥-5.0/CV≤0.4/μ≥-/TP≥55,72.41,-5.0,0.4,,55.0,61,58,42,16,72.41,2.75,-13.75,19.25,1.595,0.524,21
"[-299,-200]",HR≥45/EDG≥-5.0/CV≤0.4/μ≥-/TP≥60,72.41,-5.0,0.4,,60.0,61,58,42,16,72.41,2.75,-13.75,19.25,1.595,0.524,21
"[-299,-200]",HR≥45/EDG≥-5.0/CV≤0.4/μ≥-/TP≥65,73.21,-5.0,0.4,,65.0,59,56,41,15,73.21,3.78,-12.84,20.41,2.119,0.571,21
"[-299,-200]",HR≥45/EDG≥-5.0/CV≤0.4/μ≥0.0/TP≥-,72.41,-5.0,0.4,0.0,,61,58,42,16,72.41,2.75,-13.75,19.25,1.595,0.524,21
"[-299,-200]",HR≥45/EDG≥-5.0/CV≤0.4/μ≥0.0/TP≥50,72.41,-5.0,0.4,0.0,50.0,61,58,42,16,72.41,2.75,-13.75,19.25,1.595,0.524,21
"[-299,-200]",HR≥45/EDG≥-5.0/CV≤0.4/μ≥0.0/TP≥55,72.41,-5.0,0.4,0.0,55.0,61,58,42,16,72.41,2.75,-13.75,19.25,1.595,0.524,21
"[-299,-200]",HR≥45/EDG≥-5.0/CV≤0.4/μ≥0.0/TP≥60,72.41,-5.0,0.4,0.0,60.0,61,58,42,16,72.41,2.75,-13.75,19.25,1.595,0.524,21
"[-299,-200]",HR≥45/EDG≥-5.0/CV≤0.4/μ≥0.0/TP≥65,73.21,-5.0,0.4,0.0,65.0,59,56,41,15,73.21,3.78,-12.84,20.41,2.119,0.571,21
"[-299,-200]",HR≥45/EDG≥-5.0/CV≤0.4/μ≥0.5/TP≥-,72.41,-5.0,0.4,0.5,,61,58,42,16,72.41,2.75,-13.75,19.25,1.595,0.524,21
"[-299,-200]",HR≥45/EDG≥-5.0/CV≤0.4/μ≥0.5/TP≥50,72.41,-5.0,0.4,0.5,50.0,61,58,42,16,72.41,2.75,-13.75,19.25,1.595,0.524,21
"[-299,-200]",HR≥45/EDG≥-5.0/CV≤0.4/μ≥0.5/TP≥55,72.41,-5.0,0.4,0.5,55.0,61,58,42,16,72.41,2.75,-13.75,19.25,1.595,0.524,21
"[-299,-200]",HR≥45/EDG≥-5.0/CV≤0.4/μ≥0.5/TP≥60,72.41,-5.0,0.4,0.5,60.0,61,58,42,16,72.41,2.75,-13.75,19.25,1.595,0.524,21
"[-299,-200]",HR≥45/EDG≥-5.0/CV≤0.4/μ≥0.5/TP≥65,73.21,-5.0,0.4,0.5,65.0,59,56,41,15,73.21,3.78,-12.84,20.41,2.119,0.571,21
"[-299,-200]",HR≥45/EDG≥-5.0/CV≤0.4/μ≥1.0/TP≥-,70.0,-5.0,0.4,1.0,,51,50,35,15,70.0,-0.43,-18.72,17.85,-0.216,0.381,21
"[-299,-200]",HR≥45/EDG≥-5.0/CV≤0.4/μ≥1.0/TP≥50,70.0,-5.0,0.4,1.0,50.0,51,50,35,15,70.0,-0.43,-18.72,17.85,-0.216,0.381,21
"[-299,-200]",HR≥45/EDG≥-5.0/CV≤0.4/μ≥1.0/TP≥55,70.0,-5.0,0.4,1.0,55.0,51,50,35,15,70.0,-0.43,-18.72,17.85,-0.216,0.381,21
"[-299,-200]",HR≥45/EDG≥-5.0/CV≤0.4/μ≥1.0/TP≥60,70.0,-5.0,0.4,1.0,60.0,51,50,35,15,70.0,-0.43,-18.72,17.85,-0.216,0.381,21
"[-299,-200]",HR≥45/EDG≥-5.0/CV≤0.4/μ≥1.0/TP≥65,70.83,-5.0,0.4,1.0,65.0,49,48,34,14,70.83,0.64,-17.86,19.14,0.308,0.429,21
"[-299,-200]",HR≥45/EDG≥0.0/CV≤-/μ≥-/TP≥-,69.6,0.0,,,,127,125,87,38,69.6,-1.25,-12.76,10.26,-1.561,0.444,27
"[-299,-200]",HR≥45/EDG≥0.0/CV≤-/μ≥-/TP≥50,69.6,0.0,,,50.0,127,125,87,38,69.6,-1.25,-12.76,10.26,-1.561,0.444,27
"[-299,-200]",HR≥45/EDG≥0.0/CV≤-/μ≥-/TP≥55,69.6,0.0,,,55.0,127,125,87,38,69.6,-1.25,-12.76,10.26,-1.561,0.444,27
"[-299,-200]",HR≥45/EDG≥0.0/CV≤-/μ≥-/TP≥60,69.6,0.0,,,60.0,127,125,87,38,69.6,-1.25,-12.76,10.26,-1.561,0.444,27
"[-299,-200]",HR≥45/EDG≥0.0/CV≤-/μ≥-/TP≥65,70.83,0.0,,,65.0,122,120,85,35,70.83,0.4,-11.2,12.0,0.482,0.519,27
"[-299,-200]",HR≥45/EDG≥0.0/CV≤-/μ≥0.0/TP≥-,69.6,0.0,,0.0,,127,125,87,38,69.6,-1.25,-12.76,10.26,-1.561,0.444,27
"[-299,-200]",HR≥45/EDG≥0.0/CV≤-/μ≥0.0/TP≥50,69.6,0.0,,0.0,50.0,127,125,87,38,69.6,-1.25,-12.76,10.26,-1.561,0.444,27
"[-299,-200]",HR≥45/EDG≥0.0/CV≤-/μ≥0.0/TP≥55,69.6,0.0,,0.0,55.0,127,125,87,38,69.6,-1.25,-12.76,10.26,-1.561,0.444,27
"[-299,-200]",HR≥45/EDG≥0.0/CV≤-/μ≥0.0/TP≥60,69.6,0.0,,0.0,60.0,127,125,87,38,69.6,-1.25,-12.76,10.26,-1.561,0.444,27
"[-299,-200]",HR≥45/EDG≥0.0/CV≤-/μ≥0.0/TP≥65,70.83,0.0,,0.0,65.0,122,120,85,35,70.83,0.4,-11.2,12.0,0.482,0.519,27
"[-299,-200]",HR≥45/EDG≥0.0/CV≤-/μ≥0.5/TP≥-,69.6,0.0,,0.5,,127,125,87,38,69.6,-1.25,-12.76,10.26,-1.561,0.444,27
"[-299,-200]",HR≥45/EDG≥0.0/CV≤-/μ≥0.5/TP≥50,69.6,0.0,,0.5,50.0,127,125,87,38,69.6,-1.25,-12.76,10.26,-1.561,0.444,27
"[-299,-200]",HR≥45/EDG≥0.0/CV≤-/μ≥0.5/TP≥55,69.6,0.0,,0.5,55.0,127,125,87,38,69.6,-1.25,-12.76,10.26,-1.561,0.444,27
"[-299,-200]",HR≥45/EDG≥0.0/CV≤-/μ≥0.5/TP≥60,69.6,0.0,,0.5,60.0,127,125,87,38,69.6,-1.25,-12.76,10.26,-1.561,0.444,27
"[-299,-200]",HR≥45/EDG≥0.0/CV≤-/μ≥0.5/TP≥65,70.83,0.0,,0.5,65.0,122,120,85,35,70.83,0.4,-11.2,12.0,0.482,0.519,27
"[-299,-200]",HR≥45/EDG≥0.0/CV≤-/μ≥1.0/TP≥-,70.25,0.0,,1.0,,122,121,85,36,70.25,-0.27,-11.91,11.36,-0.329,0.481,27
"[-299,-200]",HR≥45/EDG≥0.0/CV≤-/μ≥1.0/TP≥50,70.25,0.0,,1.0,50.0,122,121,85,36,70.25,-0.27,-11.91,11.36,-0.329,0.481,27
"[-299,-200]",HR≥45/EDG≥0.0/CV≤-/μ≥1.0/TP≥55,70.25,0.0,,1.0,55.0,122,121,85,36,70.25,-0.27,-11.91,11.36,-0.329,0.481,27
"[-299,-200]",HR≥45/EDG≥0.0/CV≤-/μ≥1.0/TP≥60,70.25,0.0,,1.0,60.0,122,121,85,36,70.25,-0.27,-11.91,11.36,-0.329,0.481,27
"[-299,-200]",HR≥45/EDG≥0.0/CV≤-/μ≥1.0/TP≥65,71.55,0.0,,1.0,65.0,117,116,83,33,71.55,1.48,-10.24,13.2,1.714,0.519,27
"[-299,-200]",HR≥45/EDG≥0.0/CV≤0.7/μ≥-/TP≥-,69.17,0.0,0.7,,,121,120,83,37,69.17,-1.89,-13.68,9.91,-2.263,0.407,27
"[-299,-200]",HR≥45/EDG≥0.0/CV≤0.7/μ≥-/TP≥50,69.17,0.0,0.7,,50.0,121,120,83,37,69.17,-1.89,-13.68,9.91,-2.263,0.407,27
"[-299,-200]",HR≥45/EDG≥0.0/CV≤0.7/μ≥-/TP≥55,69.17,0.0,0.7,,55.0,121,120,83,37,69.17,-1.89,-13.68,9.91,-2.263,0.407,27
"[-299,-200]",HR≥45/EDG≥0.0/CV≤0.7/μ≥-/TP≥60,69.17,0.0,0.7,,60.0,121,120,83,37,69.17,-1.89,-13.68,9.91,-2.263,0.407,27
"[-299,-200]",HR≥45/EDG≥0.0/CV≤0.7/μ≥-/TP≥65,69.83,0.0,0.7,,65.0,117,116,81,35,69.83,-1.05,-12.96,10.86,-1.22,0.444,27
"[-299,-200]",HR≥45/EDG≥0.0/CV≤0.7/μ≥0.0/TP≥-,69.17,0.0,0.7,0.0,,121,120,83,37,69.17,-1.89,-13.68,9.91,-2.263,0.407,27
"[-299,-200]",HR≥45/EDG≥0.0/CV≤0.7/μ≥0.0/TP≥50,69.17,0.0,0.7,0.0,50.0,121,120,83,37,69.17,-1.89,-13.68,9.91,-2.263,0.407,27
"[-299,-200]",HR≥45/EDG≥0.0/CV≤0.7/μ≥0.0/TP≥55,69.17,0.0,0.7,0.0,55.0,121,120,83,37,69.17,-1.89,-13.68,9.91,-2.263,0.407,27
"[-299,-200]",HR≥45/EDG≥0.0/CV≤0.7/μ≥0.0/TP≥60,69.17,0.0,0.7,0.0,60.0,121,120,83,37,69.17,-1.89,-13.68,9.91,-2.263,0.407,27
"[-299,-200]",HR≥45/EDG≥0.0/CV≤0.7/μ≥0.0/TP≥65,69.83,0.0,0.7,0.0,65.0,117,116,81,35,69.83,-1.05,-12.96,10.86,-1.22,0.444,27
"[-299,-200]",HR≥45/EDG≥0.0/CV≤0.7/μ≥0.5/TP≥-,69.17,0.0,0.7,0.5,,121,120,83,37,69.17,-1.89,-13.68,9.91,-2.263,0.407,27
"[-299,-200]",HR≥45/EDG≥0.0/CV≤0.7/μ≥0.5/TP≥50,69.17,0.0,0.7,0.5,50.0,121,120,83,37,69.17,-1.89,-13.68,9.91,-2.263,0.407,27
"[-299,-200]",HR≥45/EDG≥0.0/CV≤0.7/μ≥0.5/TP≥55,69.17,0.0,0.7,0.5,55.0,121,120,83,37,69.17,-1.89,-13.68,9.91,-2.263,0.407,27
"[-299,-200]",HR≥45/EDG≥0.0/CV≤0.7/μ≥0.5/TP≥60,69.17,0.0,0.7,0.5,60.0,121,120,83,37,69.17,-1.89,-13.68,9.91,-2.263,0.407,27
"[-299,-200]",HR≥45/EDG≥0.0/CV≤0.7/μ≥0.5/TP≥65,69.83,0.0,0.7,0.5,65.0,117,116,81,35,69.83,-1.05,-12.96,10.86,-1.22,0.444,27
"[-299,-200]",HR≥45/EDG≥0.0/CV≤0.7/μ≥1.0/TP≥-,69.83,0.0,0.7,1.0,,116,116,81,35,69.83,-0.89,-12.82,11.04,-1.03,0.407,27
"[-299,-200]",HR≥45/EDG≥0.0/CV≤0.7/μ≥1.0/TP≥50,69.83,0.0,0.7,1.0,50.0,116,116,81,35,69.83,-0.89,-12.82,11.04,-1.03,0.407,27
"[-299,-200]",HR≥45/EDG≥0.0/CV≤0.7/μ≥1.0/TP≥55,69.83,0.0,0.7,1.0,55.0,116,116,81,35,69.83,-0.89,-12.82,11.04,-1.03,0.407,27
"[-299,-200]",HR≥45/EDG≥0.0/CV≤0.7/μ≥1.0/TP≥60,69.83,0.0,0.7,1.0,60.0,116,116,81,35,69.83,-0.89,-12.82,11.04,-1.03,0.407,27
"[-299,-200]",HR≥45/EDG≥0.0/CV≤0.7/μ≥1.0/TP≥65,70.54,0.0,0.7,1.0,65.0,112,112,79,33,70.54,0.01,-12.04,12.06,0.013,0.444,27
"[-299,-200]",HR≥45/EDG≥0.0/CV≤0.6/μ≥-/TP≥-,68.42,0.0,0.6,,,115,114,78,36,68.42,-2.84,-15.03,9.36,-3.232,0.37,27
"[-299,-200]",HR≥45/EDG≥0.0/CV≤0.6/μ≥-/TP≥50,68.42,0.0,0.6,,50.0,115,114,78,36,68.42,-2.84,-15.03,9.36,-3.232,0.37,27
"[-299,-200]",HR≥45/EDG≥0.0/CV≤0.6/μ≥-/TP≥55,68.42,0.0,0.6,,55.0,115,114,78,36,68.42,-2.84,-15.03,9.36,-3.232,0.37,27
"[-299,-200]",HR≥45/EDG≥0.0/CV≤0.6/μ≥-/TP≥60,68.42,0.0,0.6,,60.0,115,114,78,36,68.42,-2.84,-15.03,9.36,-3.232,0.37,27
"[-299,-200]",HR≥45/EDG≥0.0/CV≤0.6/μ≥-/TP≥65,69.09,0.0,0.6,,65.0,111,110,76,34,69.09,-1.99,-14.32,10.34,-2.189,0.407,27
"[-299,-200]",HR≥45/EDG≥0.0/CV≤0.6/μ≥0.0/TP≥-,68.42,0.0,0.6,0.0,,115,114,78,36,68.42,-2.84,-15.03,9.36,-3.232,0.37,27
"[-299,-200]",HR≥45/EDG≥0.0/CV≤0.6/μ≥0.0/TP≥50,68.42,0.0,0.6,0.0,50.0,115,114,78,36,68.42,-2.84,-15.03,9.36,-3.232,0.37,27
"[-299,-200]",HR≥45/EDG≥0.0/CV≤0.6/μ≥0.0/TP≥55,68.42,0.0,0.6,0.0,55.0,115,114,78,36,68.42,-2.84,-15.03,9.36,-3.232,0.37,27
"[-299,-200]",HR≥45/EDG≥0.0/CV≤0.6/μ≥0.0/TP≥60,68.42,0.0,0.6,0.0,60.0,115,114,78,36,68.42,-2.84,-15.03,9.36,-3.232,0.37,27
"[-299,-200]",HR≥45/EDG≥0.0/CV≤0.6/μ≥0.0/TP≥65,69.09,0.0,0.6,0.0,65.0,111,110,76,34,69.09,-1.99,-14.32,10.34,-2.189,0.407,27
"[-299,-200]",HR≥45/EDG≥0.0/CV≤0.6/μ≥0.5/TP≥-,68.42,0.0,0.6,0.5,,115,114,78,36,68.42,-2.84,-15.03,9.36,-3.232,0.37,27
"[-299,-200]",HR≥45/EDG≥0.0/CV≤0.6/μ≥0.5/TP≥50,68.42,0.0,0.6,0.5,50.0,115,114,78,36,68.42,-2.84,-15.03,9.36,-3.232,0.37,27
"[-299,-200]",HR≥45/EDG≥0.0/CV≤0.6/μ≥0.5/TP≥55,68.42,0.0,0.6,0.5,55.0,115,114,78,36,68.42,-2.84,-15.03,9.36,-3.232,0.37,27
"[-299,-200]",HR≥45/EDG≥0.0/CV≤0.6/μ≥0.5/TP≥60,68.42,0.0,0.6,0.5,60.0,115,114,78,36,68.42,-2.84,-15.03,9.36,-3.232,0.37,27
"[-299,-200]",HR≥45/EDG≥0.0/CV≤0.6/μ≥0.5/TP≥65,69.09,0.0,0.6,0.5,65.0,111,110,76,34,69.09,-1.99,-14.32,10.34,-2.189,0.407,27
"[-299,-200]",HR≥45/EDG≥0.0/CV≤0.6/μ≥1.0/TP≥-,69.09,0.0,0.6,1.0,,110,110,76,34,69.09,-1.82,-14.17,10.53,-2.0,0.407,27
"[-299,-200]",HR≥45/EDG≥0.0/CV≤0.6/μ≥1.0/TP≥50,69.09,0.0,0.6,1.0,50.0,110,110,76,34,69.09,-1.82,-14.17,10.53,-2.0,0.407,27
"[-299,-200]",HR≥45/EDG≥0.0/CV≤0.6/μ≥1.0/TP≥55,69.09,0.0,0.6,1.0,55.0,110,110,76,34,69.09,-1.82,-14.17,10.53,-2.0,0.407,27
"[-299,-200]",HR≥45/EDG≥0.0/CV≤0.6/μ≥1.0/TP≥60,69.09,0.0,0.6,1.0,60.0,110,110,76,34,69.09,-1.82,-14.17,10.53,-2.0,0.407,27
"[-299,-200]",HR≥45/EDG≥0.0/CV≤0.6/μ≥1.0/TP≥65,69.81,0.0,0.6,1.0,65.0,106,106,74,32,69.81,-0.9,-13.39,11.58,-0.957,0.444,27
"[-299,-200]",HR≥45/EDG≥0.0/CV≤0.5/μ≥-/TP≥-,67.39,0.0,0.5,,,93,92,62,30,67.39,-4.11,-17.84,9.61,-3.786,0.36,25
"[-299,-200]",HR≥45/EDG≥0.0/CV≤0.5/μ≥-/TP≥50,67.39,0.0,0.5,,50.0,93,92,62,30,67.39,-4.11,-17.84,9.61,-3.786,0.36,25
"[-299,-200]",HR≥45/EDG≥0.0/CV≤0.5/μ≥-/TP≥55,67.39,0.0,0.5,,55.0,93,92,62,30,67.39,-4.11,-17.84,9.61,-3.786,0.36,25
"[-299,-200]",HR≥45/EDG≥0.0/CV≤0.5/μ≥-/TP≥60,67.39,0.0,0.5,,60.0,93,92,62,30,67.39,-4.11,-17.84,9.61,-3.786,0.36,25
"[-299,-200]",HR≥45/EDG≥0.0/CV≤0.5/μ≥-/TP≥65,67.42,0.0,0.5,,65.0,90,89,60,29,67.42,-4.21,-18.15,9.74,-3.743,0.4,25
"[-299,-200]",HR≥45/EDG≥0.0/CV≤0.5/μ≥0.0/TP≥-,67.39,0.0,0.5,0.0,,93,92,62,30,67.39,-4.11,-17.84,9.61,-3.786,0.36,25
"[-299,-200]",HR≥45/EDG≥0.0/CV≤0.5/μ≥0.0/TP≥50,67.39,0.0,0.5,0.0,50.0,93,92,62,30,67.39,-4.11,-17.84,9.61,-3.786,0.36,25
"[-299,-200]",HR≥45/EDG≥0.0/CV≤0.5/μ≥0.0/TP≥55,67.39,0.0,0.5,0.0,55.0,93,92,62,30,67.39,-4.11,-17.84,9.61,-3.786,0.36,25
"[-299,-200]",HR≥45/EDG≥0.0/CV≤0.5/μ≥0.0/TP≥60,67.39,0.0,0.5,0.0,60.0,93,92,62,30,67.39,-4.11,-17.84,9.61,-3.786,0.36,25
"[-299,-200]",HR≥45/EDG≥0.0/CV≤0.5/μ≥0.0/TP≥65,67.42,0.0,0.5,0.0,65.0,90,89,60,29,67.42,-4.21,-18.15,9.74,-3.743,0.4,25
"[-299,-200]",HR≥45/EDG≥0.0/CV≤0.5/μ≥0.5/TP≥-,67.39,0.0,0.5,0.5,,93,92,62,30,67.39,-4.11,-17.84,9.61,-3.786,0.36,25
"[-299,-200]",HR≥45/EDG≥0.0/CV≤0.5/μ≥0.5/TP≥50,67.39,0.0,0.5,0.5,50.0,93,92,62,30,67.39,-4.11,-17.84,9.61,-3.786,0.36,25
"[-299,-200]",HR≥45/EDG≥0.0/CV≤0.5/μ≥0.5/TP≥55,67.39,0.0,0.5,0.5,55.0,93,92,62,30,67.39,-4.11,-17.84,9.61,-3.786,0.36,25
"[-299,-200]",HR≥45/EDG≥0.0/CV≤0.5/μ≥0.5/TP≥60,67.39,0.0,0.5,0.5,60.0,93,92,62,30,67.39,-4.11,-17.84,9.61,-3.786,0.36,25
"[-299,-200]",HR≥45/EDG≥0.0/CV≤0.5/μ≥0.5/TP≥65,67.42,0.0,0.5,0.5,65.0,90,89,60,29,67.42,-4.21,-18.15,9.74,-3.743,0.4,25
"[-299,-200]",HR≥45/EDG≥0.0/CV≤0.5/μ≥1.0/TP≥-,68.18,0.0,0.5,1.0,,88,88,60,28,68.18,-2.9,-16.87,11.06,-2.553,0.44,25
"[-299,-200]",HR≥45/EDG≥0.0/CV≤0.5/μ≥1.0/TP≥50,68.18,0.0,0.5,1.0,50.0,88,88,60,28,68.18,-2.9,-16.87,11.06,-2.553,0.44,25
"[-299,-200]",HR≥45/EDG≥0.0/CV≤0.5/μ≥1.0/TP≥55,68.18,0.0,0.5,1.0,55.0,88,88,60,28,68.18,-2.9,-16.87,11.06,-2.553,0.44,25
"[-299,-200]",HR≥45/EDG≥0.0/CV≤0.5/μ≥1.0/TP≥60,68.18,0.0,0.5,1.0,60.0,88,88,60,28,68.18,-2.9,-16.87,11.06,-2.553,0.44,25
"[-299,-200]",HR≥45/EDG≥0.0/CV≤0.5/μ≥1.0/TP≥65,68.24,0.0,0.5,1.0,65.0,85,85,58,27,68.24,-2.95,-17.14,11.23,-2.51,0.48,25
"[-299,-200]",HR≥45/EDG≥0.0/CV≤0.45/μ≥-/TP≥-,65.22,0.0,0.45,,,70,69,45,24,65.22,-7.27,-23.39,8.86,-5.013,0.4,25
"[-299,-200]",HR≥45/EDG≥0.0/CV≤0.45/μ≥-/TP≥50,65.22,0.0,0.45,,50.0,70,69,45,24,65.22,-7.27,-23.39,8.86,-5.013,0.4,25
"[-299,-200]",HR≥45/EDG≥0.0/CV≤0.45/μ≥-/TP≥55,65.22,0.0,0.45,,55.0,70,69,45,24,65.22,-7.27,-23.39,8.86,-5.013,0.4,25
"[-299,-200]",HR≥45/EDG≥0.0/CV≤0.45/μ≥-/TP≥60,65.22,0.0,0.45,,60.0,70,69,45,24,65.22,-7.27,-23.39,8.86,-5.013,0.4,25
"[-299,-200]",HR≥45/EDG≥0.0/CV≤0.45/μ≥-/TP≥65,65.67,0.0,0.45,,65.0,68,67,44,23,65.67,-6.7,-23.0,9.6,-4.489,0.4,25
"[-299,-200]",HR≥45/EDG≥0.0/CV≤0.45/μ≥0.0/TP≥-,65.22,0.0,0.45,0.0,,70,69,45,24,65.22,-7.27,-23.39,8.86,-5.013,0.4,25
"[-299,-200]",HR≥45/EDG≥0.0/CV≤0.45/μ≥0.0/TP≥50,65.22,0.0,0.45,0.0,50.0,70,69,45,24,65.22,-7.27,-23.39,8.86,-5.013,0.4,25
"[-299,-200]",HR≥45/EDG≥0.0/CV≤0.45/μ≥0.0/TP≥55,65.22,0.0,0.45,0.0,55.0,70,69,45,24,65.22,-7.27,-23.39,8.86,-5.013,0.4,25
"[-299,-200]",HR≥45/EDG≥0.0/CV≤0.45/μ≥0.0/TP≥60,65.22,0.0,0.45,0.0,60.0,70,69,45,24,65.22,-7.27,-23.39,8.86,-5.013,0.4,25
"[-299,-200]",HR≥45/EDG≥0.0/CV≤0.45/μ≥0.0/TP≥65,65.67,0.0,0.45,0.0,65.0,68,67,44,23,65.67,-6.7,-23.0,9.6,-4.489,0.4,25
"[-299,-200]",HR≥45/EDG≥0.0/CV≤0.45/μ≥0.5/TP≥-,65.22,0.0,0.45,0.5,,70,69,45,24,65.22,-7.27,-23.39,8.86,-5.013,0.4,25
"[-299,-200]",HR≥45/EDG≥0.0/CV≤0.45/μ≥0.5/TP≥50,65.22,0.0,0.45,0.5,50.0,70,69,45,24,65.22,-7.27,-23.39,8.86,-5.013,0.4,25
"[-299,-200]",HR≥45/EDG≥0.0/CV≤0.45/μ≥0.5/TP≥55,65.22,0.0,0.45,0.5,55.0,70,69,45,24,65.22,-7.27,-23.39,8.86,-5.013,0.4,25
"[-299,-200]",HR≥45/EDG≥0.0/CV≤0.45/μ≥0.5/TP≥60,65.22,0.0,0.45,0.5,60.0,70,69,45,24,65.22,-7.27,-23.39,8.86,-5.013,0.4,25
"[-299,-200]",HR≥45/EDG≥0.0/CV≤0.45/μ≥0.5/TP≥65,65.67,0.0,0.45,0.5,65.0,68,67,44,23,65.67,-6.7,-23.0,9.6,-4.489,0.4,25
"[-299,-200]",HR≥45/EDG≥0.0/CV≤0.45/μ≥1.0/TP≥-,65.15,0.0,0.45,1.0,,66,66,43,23,65.15,-7.24,-23.76,9.28,-4.781,0.36,25
"[-299,-200]",HR≥45/EDG≥0.0/CV≤0.45/μ≥1.0/TP≥50,65.15,0.0,0.45,1.0,50.0,66,66,43,23,65.15,-7.24,-23.76,9.28,-4.781,0.36,25
"[-299,-200]",HR≥45/EDG≥0.0/CV≤0.45/μ≥1.0/TP≥55,65.15,0.0,0.45,1.0,55.0,66,66,43,23,65.15,-7.24,-23.76,9.28,-4.781,0.36,25
"[-299,-200]",HR≥45/EDG≥0.0/CV≤0.45/μ≥1.0/TP≥60,65.15,0.0,0.45,1.0,60.0,66,66,43,23,65.15,-7.24,-23.76,9.28,-4.781,0.36,25
"[-299,-200]",HR≥45/EDG≥0.0/CV≤0.45/μ≥1.0/TP≥65,65.62,0.0,0.45,1.0,65.0,64,64,42,22,65.62,-6.65,-23.36,10.06,-4.257,0.36,25
"[-299,-200]",HR≥45/EDG≥0.0/CV≤0.4/μ≥-/TP≥-,72.0,0.0,0.4,,,51,50,36,14,72.0,2.4,-15.51,20.32,1.201,0.476,21
"[-299,-200]",HR≥45/EDG≥0.0/CV≤0.4/μ≥-/TP≥50,72.0,0.0,0.4,,50.0,51,50,36,14,72.0,2.4,-15.51,20.32,1.201,0.476,21
"[-299,-200]",HR≥45/EDG≥0.0/CV≤0.4/μ≥-/TP≥55,72.0,0.0,0.4,,55.0,51,50,36,14,72.0,2.4,-15.51,20.32,1.201,0.476,21
"[-299,-200]",HR≥45/EDG≥0.0/CV≤0.4/μ≥-/TP≥60,72.0,0.0,0.4,,60.0,51,50,36,14,72.0,2.4,-15.51,20.32,1.201,0.476,21
"[-299,-200]",HR≥45/EDG≥0.0/CV≤0.4/μ≥-/TP≥65,72.92,0.0,0.4,,65.0,49,48,35,13,72.92,3.59,-14.49,21.68,1.725,0.524,21
"[-299,-200]",HR≥45/EDG≥0.0/CV≤0.4/μ≥0.0/TP≥-,72.0,0.0,0.4,0.0,,51,50,36,14,72.0,2.4,-15.51,20.32,1.201,0.476,21
"[-299,-200]",HR≥45/EDG≥0.0/CV≤0.4/μ≥0.0/TP≥50,72.0,0.0,0.4,0.0,50.0,51,50,36,14,72.0,2.4,-15.51,20.32,1.201,0.476,21
"[-299,-200]",HR≥45/EDG≥0.0/CV≤0.4/μ≥0.0/TP≥55,72.0,0.0,0.4,0.0,55.0,51,50,36,14,72.0,2.4,-15.51,20.32,1.201,0.476,21
"[-299,-200]",HR≥45/EDG≥0.0/CV≤0.4/μ≥0.0/TP≥60,72.0,0.0,0.4,0.0,60.0,51,50,36,14,72.0,2.4,-15.51,20.32,1.201,0.476,21
"[-299,-200]",HR≥45/EDG≥0.0/CV≤0.4/μ≥0.0/TP≥65,72.92,0.0,0.4,0.0,65.0,49,48,35,13,72.92,3.59,-14.49,21.68,1.725,0.524,21
"[-299,-200]",HR≥45/EDG≥0.0/CV≤0.4/μ≥0.5/TP≥-,72.0,0.0,0.4,0.5,,51,50,36,14,72.0,2.4,-15.51,20.32,1.201,0.476,21
"[-299,-200]",HR≥45/EDG≥0.0/CV≤0.4/μ≥0.5/TP≥50,72.0,0.0,0.4,0.5,50.0,51,50,36,14,72.0,2.4,-15.51,20.32,1.201,0.476,21
"[-299,-200]",HR≥45/EDG≥0.0/CV≤0.4/μ≥0.5/TP≥55,72.0,0.0,0.4,0.5,55.0,51,50,36,14,72.0,2.4,-15.51,20.32,1.201,0.476,21
"[-299,-200]",HR≥45/EDG≥0.0/CV≤0.4/μ≥0.5/TP≥60,72.0,0.0,0.4,0.5,60.0,51,50,36,14,72.0,2.4,-15.51,20.32,1.201,0.476,21
"[-299,-200]",HR≥45/EDG≥0.0/CV≤0.4/μ≥0.5/TP≥65,72.92,0.0,0.4,0.5,65.0,49,48,35,13,72.92,3.59,-14.49,21.68,1.725,0.524,21
"[-299,-200]",HR≥45/EDG≥0.0/CV≤0.4/μ≥1.0/TP≥-,72.34,0.0,0.4,1.0,,47,47,34,13,72.34,3.05,-15.4,21.5,1.433,0.476,21
"[-299,-200]",HR≥45/EDG≥0.0/CV≤0.4/μ≥1.0/TP≥50,72.34,0.0,0.4,1.0,50.0,47,47,34,13,72.34,3.05,-15.4,21.5,1.433,0.476,21
"[-299,-200]",HR≥45/EDG≥0.0/CV≤0.4/μ≥1.0/TP≥55,72.34,0.0,0.4,1.0,55.0,47,47,34,13,72.34,3.05,-15.4,21.5,1.433,0.476,21
"[-299,-200]",HR≥45/EDG≥0.0/CV≤0.4/μ≥1.0/TP≥60,72.34,0.0,0.4,1.0,60.0,47,47,34,13,72.34,3.05,-15.4,21.5,1.433,0.476,21
"[-299,-200]",HR≥45/EDG≥0.0/CV≤0.4/μ≥1.0/TP≥65,73.33,0.0,0.4,1.0,65.0,45,45,33,12,73.33,4.35,-14.28,22.98,1.957,0.524,21
"[-299,-200]",HR≥45/EDG≥5.0/CV≤-/μ≥-/TP≥-,68.63,5.0,,,,103,102,70,32,68.63,-2.11,-15.04,10.81,-2.156,0.481,27
"[-299,-200]",HR≥45/EDG≥5.0/CV≤-/μ≥-/TP≥50,68.63,5.0,,,50.0,103,102,70,32,68.63,-2.11,-15.04,10.81,-2.156,0.481,27
"[-299,-200]",HR≥45/EDG≥5.0/CV≤-/μ≥-/TP≥55,68.63,5.0,,,55.0,103,102,70,32,68.63,-2.11,-15.04,10.81,-2.156,0.481,27
"[-299,-200]",HR≥45/EDG≥5.0/CV≤-/μ≥-/TP≥60,68.63,5.0,,,60.0,103,102,70,32,68.63,-2.11,-15.04,10.81,-2.156,0.481,27
"[-299,-200]",HR≥45/EDG≥5.0/CV≤-/μ≥-/TP≥65,70.1,5.0,,,65.0,98,97,68,29,70.1,-0.12,-13.19,12.95,-0.113,0.481,27
"[-299,-200]",HR≥45/EDG≥5.0/CV≤-/μ≥0.0/TP≥-,68.63,5.0,,0.0,,103,102,70,32,68.63,-2.11,-15.04,10.81,-2.156,0.481,27
"[-299,-200]",HR≥45/EDG≥5.0/CV≤-/μ≥0.0/TP≥50,68.63,5.0,,0.0,50.0,103,102,70,32,68.63,-2.11,-15.04,10.81,-2.156,0.481,27
"[-299,-200]",HR≥45/EDG≥5.0/CV≤-/μ≥0.0/TP≥55,68.63,5.0,,0.0,55.0,103,102,70,32,68.63,-2.11,-15.04,10.81,-2.156,0.481,27
"[-299,-200]",HR≥45/EDG≥5.0/CV≤-/μ≥0.0/TP≥60,68.63,5.0,,0.0,60.0,103,102,70,32,68.63,-2.11,-15.04,10.81,-2.156,0.481,27
"[-299,-200]",HR≥45/EDG≥5.0/CV≤-/μ≥0.0/TP≥65,70.1,5.0,,0.0,65.0,98,97,68,29,70.1,-0.12,-13.19,12.95,-0.113,0.481,27
"[-299,-200]",HR≥45/EDG≥5.0/CV≤-/μ≥0.5/TP≥-,68.63,5.0,,0.5,,103,102,70,32,68.63,-2.11,-15.04,10.81,-2.156,0.481,27
"[-299,-200]",HR≥45/EDG≥5.0/CV≤-/μ≥0.5/TP≥50,68.63,5.0,,0.5,50.0,103,102,70,32,68.63,-2.11,-15.04,10.81,-2.156,0.481,27
"[-299,-200]",HR≥45/EDG≥5.0/CV≤-/μ≥0.5/TP≥55,68.63,5.0,,0.5,55.0,103,102,70,32,68.63,-2.11,-15.04,10.81,-2.156,0.481,27
"[-299,-200]",HR≥45/EDG≥5.0/CV≤-/μ≥0.5/TP≥60,68.63,5.0,,0.5,60.0,103,102,70,32,68.63,-2.11,-15.04,10.81,-2.156,0.481,27
"[-299,-200]",HR≥45/EDG≥5.0/CV≤-/μ≥0.5/TP≥65,70.1,5.0,,0.5,65.0,98,97,68,29,70.1,-0.12,-13.19,12.95,-0.113,0.481,27
"[-299,-200]",HR≥45/EDG≥5.0/CV≤-/μ≥1.0/TP≥-,69.31,5.0,,1.0,,102,101,70,31,69.31,-1.14,-14.06,11.77,-1.156,0.481,27
"[-299,-200]",HR≥45/EDG≥5.0/CV≤-/μ≥1.0/TP≥50,69.31,5.0,,1.0,50.0,102,101,70,31,69.31,-1.14,-14.06,11.77,-1.156,0.481,27
"[-299,-200]",HR≥45/EDG≥5.0/CV≤-/μ≥1.0/TP≥55,69.31,5.0,,1.0,55.0,102,101,70,31,69.31,-1.14,-14.06,11.77,-1.156,0.481,27
"[-299,-200]",HR≥45/EDG≥5.0/CV≤-/μ≥1.0/TP≥60,69.31,5.0,,1.0,60.0,102,101,70,31,69.31,-1.14,-14.06,11.77,-1.156,0.481,27
"[-299,-200]",HR≥45/EDG≥5.0/CV≤-/μ≥1.0/TP≥65,70.83,5.0,,1.0,65.0,97,96,68,28,70.83,0.92,-12.12,13.97,0.887,0.481,27
"[-299,-200]",HR≥45/EDG≥5.0/CV≤0.7/μ≥-/TP≥-,68.04,5.0,0.7,,,97,97,66,31,68.04,-2.95,-16.27,10.38,-2.857,0.444,27
"[-299,-200]",HR≥45/EDG≥5.0/CV≤0.7/μ≥-/TP≥50,68.04,5.0,0.7,,50.0,97,97,66,31,68.04,-2.95,-16.27,10.38,-2.857,0.444,27
"[-299,-200]",HR≥45/EDG≥5.0/CV≤0.7/μ≥-/TP≥55,68.04,5.0,0.7,,55.0,97,97,66,31,68.04,-2.95,-16.27,10.38,-2.857,0.444,27
"[-299,-200]",HR≥45/EDG≥5.0/CV≤0.7/μ≥-/TP≥60,68.04,5.0,0.7,,60.0,97,97,66,31,68.04,-2.95,-16.27,10.38,-2.857,0.444,27
"[-299,-200]",HR≥45/EDG≥5.0/CV≤0.7/μ≥-/TP≥65,68.82,5.0,0.7,,65.0,93,93,64,29,68.82,-1.95,-15.46,11.56,-1.814,0.481,27
"[-299,-200]",HR≥45/EDG≥5.0/CV≤0.7/μ≥0.0/TP≥-,68.04,5.0,0.7,0.0,,97,97,66,31,68.04,-2.95,-16.27,10.38,-2.857,0.444,27
"[-299,-200]",HR≥45/EDG≥5.0/CV≤0.7/μ≥0.0/TP≥50,68.04,5.0,0.7,0.0,50.0,97,97,66,31,68.04,-2.95,-16.27,10.38,-2.857,0.444,27
"[-299,-200]",HR≥45/EDG≥5.0/CV≤0.7/μ≥0.0/TP≥55,68.04,5.0,0.7,0.0,55.0,97,97,66,31,68.04,-2.95,-16.27,10.38,-2.857,0.444,27
"[-299,-200]",HR≥45/EDG≥5.0/CV≤0.7/μ≥0.0/TP≥60,68.04,5.0,0.7,0.0,60.0,97,97,66,31,68.04,-2.95,-16.27,10.38,-2.857,0.444,27
"[-299,-200]",HR≥45/EDG≥5.0/CV≤0.7/μ≥0.0/TP≥65,68.82,5.0,0.7,0.0,65.0,93,93,64,29,68.82,-1.95,-15.46,11.56,-1.814,0.481,27
"[-299,-200]",HR≥45/EDG≥5.0/CV≤0.7/μ≥0.5/TP≥-,68.04,5.0,0.7,0.5,,97,97,66,31,68.04,-2.95,-16.27,10.38,-2.857,0.444,27
"[-299,-200]",HR≥45/EDG≥5.0/CV≤0.7/μ≥0.5/TP≥50,68.04,5.0,0.7,0.5,50.0,97,97,66,31,68.04,-2.95,-16.27,10.38,-2.857,0.444,27
"[-299,-200]",HR≥45/EDG≥5.0/CV≤0.7/μ≥0.5/TP≥55,68.04,5.0,0.7,0.5,55.0,97,97,66,31,68.04,-2.95,-16.27,10.38,-2.857,0.444,27
"[-299,-200]",HR≥45/EDG≥5.0/CV≤0.7/μ≥0.5/TP≥60,68.04,5.0,0.7,0.5,60.0,97,97,66,31,68.04,-2.95,-16.27,10.38,-2.857,0.444,27
"[-299,-200]",HR≥45/EDG≥5.0/CV≤0.7/μ≥0.5/TP≥65,68.82,5.0,0.7,0.5,65.0,93,93,64,29,68.82,-1.95,-15.46,11.56,-1.814,0.481,27
"[-299,-200]",HR≥45/EDG≥5.0/CV≤0.7/μ≥1.0/TP≥-,68.75,5.0,0.7,1.0,,96,96,66,30,68.75,-1.93,-15.25,11.38,-1.857,0.444,27
"[-299,-200]",HR≥45/EDG≥5.0/CV≤0.7/μ≥1.0/TP≥50,68.75,5.0,0.7,1.0,50.0,96,96,66,30,68.75,-1.93,-15.25,11.38,-1.857,0.444,27
"[-299,-200]",HR≥45/EDG≥5.0/CV≤0.7/μ≥1.0/TP≥55,68.75,5.0,0.7,1.0,55.0,96,96,66,30,68.75,-1.93,-15.25,11.38,-1.857,0.444,27
"[-299,-200]",HR≥45/EDG≥5.0/CV≤0.7/μ≥1.0/TP≥60,68.75,5.0,0.7,1.0,60.0,96,96,66,30,68.75,-1.93,-15.25,11.38,-1.857,0.444,27
"[-299,-200]",HR≥45/EDG≥5.0/CV≤0.7/μ≥1.0/TP≥65,69.57,5.0,0.7,1.0,65.0,92,92,64,28,69.57,-0.89,-14.38,12.61,-0.814,0.481,27
"[-299,-200]",HR≥45/EDG≥5.0/CV≤0.6/μ≥-/TP≥-,67.39,5.0,0.6,,,92,92,62,30,67.39,-3.79,-17.56,9.98,-3.488,0.481,27
"[-299,-200]",HR≥45/EDG≥5.0/CV≤0.6/μ≥-/TP≥50,67.39,5.0,0.6,,50.0,92,92,62,30,67.39,-3.79,-17.56,9.98,-3.488,0.481,27
"[-299,-200]",HR≥45/EDG≥5.0/CV≤0.6/μ≥-/TP≥55,67.39,5.0,0.6,,55.0,92,92,62,30,67.39,-3.79,-17.56,9.98,-3.488,0.481,27
"[-299,-200]",HR≥45/EDG≥5.0/CV≤0.6/μ≥-/TP≥60,67.39,5.0,0.6,,60.0,92,92,62,30,67.39,-3.79,-17.56,9.98,-3.488,0.481,27
"[-299,-200]",HR≥45/EDG≥5.0/CV≤0.6/μ≥-/TP≥65,68.18,5.0,0.6,,65.0,88,88,60,28,68.18,-2.78,-16.75,11.2,-2.445,0.519,27
"[-299,-200]",HR≥45/EDG≥5.0/CV≤0.6/μ≥0.0/TP≥-,67.39,5.0,0.6,0.0,,92,92,62,30,67.39,-3.79,-17.56,9.98,-3.488,0.481,27
"[-299,-200]",HR≥45/EDG≥5.0/CV≤0.6/μ≥0.0/TP≥50,67.39,5.0,0.6,0.0,50.0,92,92,62,30,67.39,-3.79,-17.56,9.98,-3.488,0.481,27
"[-299,-200]",HR≥45/EDG≥5.0/CV≤0.6/μ≥0.0/TP≥55,67.39,5.0,0.6,0.0,55.0,92,92,62,30,67.39,-3.79,-17.56,9.98,-3.488,0.481,27
"[-299,-200]",HR≥45/EDG≥5.0/CV≤0.6/μ≥0.0/TP≥60,67.39,5.0,0.6,0.0,60.0,92,92,62,30,67.39,-3.79,-17.56,9.98,-3.488,0.481,27
"[-299,-200]",HR≥45/EDG≥5.0/CV≤0.6/μ≥0.0/TP≥65,68.18,5.0,0.6,0.0,65.0,88,88,60,28,68.18,-2.78,-16.75,11.2,-2.445,0.519,27
"[-299,-200]",HR≥45/EDG≥5.0/CV≤0.6/μ≥0.5/TP≥-,67.39,5.0,0.6,0.5,,92,92,62,30,67.39,-3.79,-17.56,9.98,-3.488,0.481,27
"[-299,-200]",HR≥45/EDG≥5.0/CV≤0.6/μ≥0.5/TP≥50,67.39,5.0,0.6,0.5,50.0,92,92,62,30,67.39,-3.79,-17.56,9.98,-3.488,0.481,27
"[-299,-200]",HR≥45/EDG≥5.0/CV≤0.6/μ≥0.5/TP≥55,67.39,5.0,0.6,0.5,55.0,92,92,62,30,67.39,-3.79,-17.56,9.98,-3.488,0.481,27
"[-299,-200]",HR≥45/EDG≥5.0/CV≤0.6/μ≥0.5/TP≥60,67.39,5.0,0.6,0.5,60.0,92,92,62,30,67.39,-3.79,-17.56,9.98,-3.488,0.481,27
"[-299,-200]",HR≥45/EDG≥5.0/CV≤0.6/μ≥0.5/TP≥65,68.18,5.0,0.6,0.5,65.0,88,88,60,28,68.18,-2.78,-16.75,11.2,-2.445,0.519,27
"[-299,-200]",HR≥45/EDG≥5.0/CV≤0.6/μ≥1.0/TP≥-,68.13,5.0,0.6,1.0,,91,91,62,29,68.13,-2.73,-16.5,11.03,-2.488,0.481,27
"[-299,-200]",HR≥45/EDG≥5.0/CV≤0.6/μ≥1.0/TP≥50,68.13,5.0,0.6,1.0,50.0,91,91,62,29,68.13,-2.73,-16.5,11.03,-2.488,0.481,27
"[-299,-200]",HR≥45/EDG≥5.0/CV≤0.6/μ≥1.0/TP≥55,68.13,5.0,0.6,1.0,55.0,91,91,62,29,68.13,-2.73,-16.5,11.03,-2.488,0.481,27
"[-299,-200]",HR≥45/EDG≥5.0/CV≤0.6/μ≥1.0/TP≥60,68.13,5.0,0.6,1.0,60.0,91,91,62,29,68.13,-2.73,-16.5,11.03,-2.488,0.481,27
"[-299,-200]",HR≥45/EDG≥5.0/CV≤0.6/μ≥1.0/TP≥65,68.97,5.0,0.6,1.0,65.0,87,87,60,27,68.97,-1.66,-15.62,12.3,-1.445,0.519,27
"[-299,-200]",HR≥45/EDG≥5.0/CV≤0.5/μ≥-/TP≥-,66.67,5.0,0.5,,,75,75,50,25,66.67,-4.72,-20.1,10.65,-3.541,0.5,24
"[-299,-200]",HR≥45/EDG≥5.0/CV≤0.5/μ≥-/TP≥50,66.67,5.0,0.5,,50.0,75,75,50,25,66.67,-4.72,-20.1,10.65,-3.541,0.5,24
"[-299,-200]",HR≥45/EDG≥5.0/CV≤0.5/μ≥-/TP≥55,66.67,5.0,0.5,,55.0,75,75,50,25,66.67,-4.72,-20.1,10.65,-3.541,0.5,24
"[-299,-200]",HR≥45/EDG≥5.0/CV≤0.5/μ≥-/TP≥60,66.67,5.0,0.5,,60.0,75,75,50,25,66.67,-4.72,-20.1,10.65,-3.541,0.5,24
"[-299,-200]",HR≥45/EDG≥5.0/CV≤0.5/μ≥-/TP≥65,66.67,5.0,0.5,,65.0,72,72,48,24,66.67,-4.86,-20.53,10.82,-3.498,0.542,24
"[-299,-200]",HR≥45/EDG≥5.0/CV≤0.5/μ≥0.0/TP≥-,66.67,5.0,0.5,0.0,,75,75,50,25,66.67,-4.72,-20.1,10.65,-3.541,0.5,24
"[-299,-200]",HR≥45/EDG≥5.0/CV≤0.5/μ≥0.0/TP≥50,66.67,5.0,0.5,0.0,50.0,75,75,50,25,66.67,-4.72,-20.1,10.65,-3.541,0.5,24
"[-299,-200]",HR≥45/EDG≥5.0/CV≤0.5/μ≥0.0/TP≥55,66.67,5.0,0.5,0.0,55.0,75,75,50,25,66.67,-4.72,-20.1,10.65,-3.541,0.5,24
"[-299,-200]",HR≥45/EDG≥5.0/CV≤0.5/μ≥0.0/TP≥60,66.67,5.0,0.5,0.0,60.0,75,75,50,25,66.67,-4.72,-20.1,10.65,-3.541,0.5,24
"[-299,-200]",HR≥45/EDG≥5.0/CV≤0.5/μ≥0.0/TP≥65,66.67,5.0,0.5,0.0,65.0,72,72,48,24,66.67,-4.86,-20.53,10.82,-3.498,0.542,24
"[-299,-200]",HR≥45/EDG≥5.0/CV≤0.5/μ≥0.5/TP≥-,66.67,5.0,0.5,0.5,,75,75,50,25,66.67,-4.72,-20.1,10.65,-3.541,0.5,24
"[-299,-200]",HR≥45/EDG≥5.0/CV≤0.5/μ≥0.5/TP≥50,66.67,5.0,0.5,0.5,50.0,75,75,50,25,66.67,-4.72,-20.1,10.65,-3.541,0.5,24
"[-299,-200]",HR≥45/EDG≥5.0/CV≤0.5/μ≥0.5/TP≥55,66.67,5.0,0.5,0.5,55.0,75,75,50,25,66.67,-4.72,-20.1,10.65,-3.541,0.5,24
"[-299,-200]",HR≥45/EDG≥5.0/CV≤0.5/μ≥0.5/TP≥60,66.67,5.0,0.5,0.5,60.0,75,75,50,25,66.67,-4.72,-20.1,10.65,-3.541,0.5,24
"[-299,-200]",HR≥45/EDG≥5.0/CV≤0.5/μ≥0.5/TP≥65,66.67,5.0,0.5,0.5,65.0,72,72,48,24,66.67,-4.86,-20.53,10.82,-3.498,0.542,24
"[-299,-200]",HR≥45/EDG≥5.0/CV≤0.5/μ≥1.0/TP≥-,67.57,5.0,0.5,1.0,,74,74,50,24,67.57,-3.43,-18.81,11.94,-2.541,0.5,24
"[-299,-200]",HR≥45/EDG≥5.0/CV≤0.5/μ≥1.0/TP≥50,67.57,5.0,0.5,1.0,50.0,74,74,50,24,67.57,-3.43,-18.81,11.94,-2.541,0.5,24
"[-299,-200]",HR≥45/EDG≥5.0/CV≤0.5/μ≥1.0/TP≥55,67.57,5.0,0.5,1.0,55.0,74,74,50,24,67.57,-3.43,-18.81,11.94,-2.541,0.5,24
"[-299,-200]",HR≥45/EDG≥5.0/CV≤0.5/μ≥1.0/TP≥60,67.57,5.0,0.5,1.0,60.0,74,74,50,24,67.57,-3.43,-18.81,11.94,-2.541,0.5,24
"[-299,-200]",HR≥45/EDG≥5.0/CV≤0.5/μ≥1.0/TP≥65,67.61,5.0,0.5,1.0,65.0,71,71,48,23,67.61,-3.52,-19.19,12.15,-2.498,0.542,24
"[-299,-200]",HR≥45/EDG≥5.0/CV≤0.45/μ≥-/TP≥-,65.52,5.0,0.45,,,58,58,38,20,65.52,-6.5,-24.14,11.14,-3.769,0.391,23
"[-299,-200]",HR≥45/EDG≥5.0/CV≤0.45/μ≥-/TP≥50,65.52,5.0,0.45,,50.0,58,58,38,20,65.52,-6.5,-24.14,11.14,-3.769,0.391,23
"[-299,-200]",HR≥45/EDG≥5.0/CV≤0.45/μ≥-/TP≥55,65.52,5.0,0.45,,55.0,58,58,38,20,65.52,-6.5,-24.14,11.14,-3.769,0.391,23
"[-299,-200]",HR≥45/EDG≥5.0/CV≤0.45/μ≥-/TP≥60,65.52,5.0,0.45,,60.0,58,58,38,20,65.52,-6.5,-24.14,11.14,-3.769,0.391,23
"[-299,-200]",HR≥45/EDG≥5.0/CV≤0.45/μ≥-/TP≥65,66.07,5.0,0.45,,65.0,56,56,37,19,66.07,-5.8,-23.66,12.07,-3.246,0.435,23
"[-299,-200]",HR≥45/EDG≥5.0/CV≤0.45/μ≥0.0/TP≥-,65.52,5.0,0.45,0.0,,58,58,38,20,65.52,-6.5,-24.14,11.14,-3.769,0.391,23
"[-299,-200]",HR≥45/EDG≥5.0/CV≤0.45/μ≥0.0/TP≥50,65.52,5.0,0.45,0.0,50.0,58,58,38,20,65.52,-6.5,-24.14,11.14,-3.769,0.391,23
"[-299,-200]",HR≥45/EDG≥5.0/CV≤0.45/μ≥0.0/TP≥55,65.52,5.0,0.45,0.0,55.0,58,58,38,20,65.52,-6.5,-24.14,11.14,-3.769,0.391,23
"[-299,-200]",HR≥45/EDG≥5.0/CV≤0.45/μ≥0.0/TP≥60,65.52,5.0,0.45,0.0,60.0,58,58,38,20,65.52,-6.5,-24.14,11.14,-3.769,0.391,23
"[-299,-200]",HR≥45/EDG≥5.0/CV≤0.45/μ≥0.0/TP≥65,66.07,5.0,0.45,0.0,65.0,56,56,37,19,66.07,-5.8,-23.66,12.07,-3.246,0.435,23
"[-299,-200]",HR≥45/EDG≥5.0/CV≤0.45/μ≥0.5/TP≥-,65.52,5.0,0.45,0.5,,58,58,38,20,65.52,-6.5,-24.14,11.14,-3.769,0.391,23
"[-299,-200]",HR≥45/EDG≥5.0/CV≤0.45/μ≥0.5/TP≥50,65.52,5.0,0.45,0.5,50.0,58,58,38,20,65.52,-6.5,-24.14,11.14,-3.769,0.391,23
"[-299,-200]",HR≥45/EDG≥5.0/CV≤0.45/μ≥0.5/TP≥55,65.52,5.0,0.45,0.5,55.0,58,58,38,20,65.52,-6.5,-24.14,11.14,-3.769,0.391,23
"[-299,-200]",HR≥45/EDG≥5.0/CV≤0.45/μ≥0.5/TP≥60,65.52,5.0,0.45,0.5,60.0,58,58,38,20,65.52,-6.5,-24.14,11.14,-3.769,0.391,23
"[-299,-200]",HR≥45/EDG≥5.0/CV≤0.45/μ≥0.5/TP≥65,66.07,5.0,0.45,0.5,65.0,56,56,37,19,66.07,-5.8,-23.66,12.07,-3.246,0.435,23
"[-299,-200]",HR≥45/EDG≥5.0/CV≤0.45/μ≥1.0/TP≥-,66.67,5.0,0.45,1.0,,57,57,38,19,66.67,-4.86,-22.51,12.79,-2.769,0.391,23
"[-299,-200]",HR≥45/EDG≥5.0/CV≤0.45/μ≥1.0/TP≥50,66.67,5.0,0.45,1.0,50.0,57,57,38,19,66.67,-4.86,-22.51,12.79,-2.769,0.391,23
"[-299,-200]",HR≥45/EDG≥5.0/CV≤0.45/μ≥1.0/TP≥55,66.67,5.0,0.45,1.0,55.0,57,57,38,19,66.67,-4.86,-22.51,12.79,-2.769,0.391,23
"[-299,-200]",HR≥45/EDG≥5.0/CV≤0.45/μ≥1.0/TP≥60,66.67,5.0,0.45,1.0,60.0,57,57,38,19,66.67,-4.86,-22.51,12.79,-2.769,0.391,23
"[-299,-200]",HR≥45/EDG≥5.0/CV≤0.45/μ≥1.0/TP≥65,67.27,5.0,0.45,1.0,65.0,55,55,37,18,67.27,-4.08,-21.95,13.79,-2.246,0.435,23
"[-299,-200]",HR≥45/EDG≥5.0/CV≤0.4/μ≥-/TP≥-,71.43,5.0,0.4,,,42,42,30,12,71.43,2.05,-17.74,21.84,0.861,0.474,19
"[-299,-200]",HR≥45/EDG≥5.0/CV≤0.4/μ≥-/TP≥50,71.43,5.0,0.4,,50.0,42,42,30,12,71.43,2.05,-17.74,21.84,0.861,0.474,19
"[-299,-200]",HR≥45/EDG≥5.0/CV≤0.4/μ≥-/TP≥55,71.43,5.0,0.4,,55.0,42,42,30,12,71.43,2.05,-17.74,21.84,0.861,0.474,19
"[-299,-200]",HR≥45/EDG≥5.0/CV≤0.4/μ≥-/TP≥60,71.43,5.0,0.4,,60.0,42,42,30,12,71.43,2.05,-17.74,21.84,0.861,0.474,19
"[-299,-200]",HR≥45/EDG≥5.0/CV≤0.4/μ≥-/TP≥65,72.5,5.0,0.4,,65.0,40,40,29,11,72.5,3.46,-16.57,23.49,1.385,0.526,19
"[-299,-200]",HR≥45/EDG≥5.0/CV≤0.4/μ≥0.0/TP≥-,71.43,5.0,0.4,0.0,,42,42,30,12,71.43,2.05,-17.74,21.84,0.861,0.474,19
"[-299,-200]",HR≥45/EDG≥5.0/CV≤0.4/μ≥0.0/TP≥50,71.43,5.0,0.4,0.0,50.0,42,42,30,12,71.43,2.05,-17.74,21.84,0.861,0.474,19
"[-299,-200]",HR≥45/EDG≥5.0/CV≤0.4/μ≥0.0/TP≥55,71.43,5.0,0.4,0.0,55.0,42,42,30,12,71.43,2.05,-17.74,21.84,0.861,0.474,19
"[-299,-200]",HR≥45/EDG≥5.0/CV≤0.4/μ≥0.0/TP≥60,71.43,5.0,0.4,0.0,60.0,42,42,30,12,71.43,2.05,-17.74,21.84,0.861,0.474,19
"[-299,-200]",HR≥45/EDG≥5.0/CV≤0.4/μ≥0.0/TP≥65,72.5,5.0,0.4,0.0,65.0,40,40,29,11,72.5,3.46,-16.57,23.49,1.385,0.526,19
"[-299,-200]",HR≥45/EDG≥5.0/CV≤0.4/μ≥0.5/TP≥-,71.43,5.0,0.4,0.5,,42,42,30,12,71.43,2.05,-17.74,21.84,0.861,0.474,19
"[-299,-200]",HR≥45/EDG≥5.0/CV≤0.4/μ≥0.5/TP≥50,71.43,5.0,0.4,0.5,50.0,42,42,30,12,71.43,2.05,-17.74,21.84,0.861,0.474,19
"[-299,-200]",HR≥45/EDG≥5.0/CV≤0.4/μ≥0.5/TP≥55,71.43,5.0,0.4,0.5,55.0,42,42,30,12,71.43,2.05,-17.74,21.84,0.861,0.474,19
"[-299,-200]",HR≥45/EDG≥5.0/CV≤0.4/μ≥0.5/TP≥60,71.43,5.0,0.4,0.5,60.0,42,42,30,12,71.43,2.05,-17.74,21.84,0.861,0.474,19
"[-299,-200]",HR≥45/EDG≥5.0/CV≤0.4/μ≥0.5/TP≥65,72.5,5.0,0.4,0.5,65.0,40,40,29,11,72.5,3.46,-16.57,23.49,1.385,0.526,19
"[-299,-200]",HR≥45/EDG≥5.0/CV≤0.4/μ≥1.0/TP≥-,73.17,5.0,0.4,1.0,,41,41,30,11,73.17,4.54,-15.11,24.19,1.861,0.474,19
"[-299,-200]",HR≥45/EDG≥5.0/CV≤0.4/μ≥1.0/TP≥50,73.17,5.0,0.4,1.0,50.0,41,41,30,11,73.17,4.54,-15.11,24.19,1.861,0.474,19
"[-299,-200]",HR≥45/EDG≥5.0/CV≤0.4/μ≥1.0/TP≥55,73.17,5.0,0.4,1.0,55.0,41,41,30,11,73.17,4.54,-15.11,24.19,1.861,0.474,19
"[-299,-200]",HR≥45/EDG≥5.0/CV≤0.4/μ≥1.0/TP≥60,73.17,5.0,0.4,1.0,60.0,41,41,30,11,73.17,4.54,-15.11,24.19,1.861,0.474,19
"[-299,-200]",HR≥45/EDG≥5.0/CV≤0.4/μ≥1.0/TP≥65,74.36,5.0,0.4,1.0,65.0,39,39,29,10,74.36,6.12,-13.73,25.96,2.385,0.526,19
"[-299,-200]",HR≥45/EDG≥10.0/CV≤-/μ≥-/TP≥-,69.01,10.0,,,,72,71,49,22,69.01,-1.07,-16.62,14.48,-0.763,0.64,25
"[-299,-200]",HR≥45/EDG≥10.0/CV≤-/μ≥-/TP≥50,69.01,10.0,,,50.0,72,71,49,22,69.01,-1.07,-16.62,14.48,-0.763,0.64,25
"[-299,-200]",HR≥45/EDG≥10.0/CV≤-/μ≥-/TP≥55,69.01,10.0,,,55.0,72,71,49,22,69.01,-1.07,-16.62,14.48,-0.763,0.64,25
"[-299,-200]",HR≥45/EDG≥10.0/CV≤-/μ≥-/TP≥60,69.01,10.0,,,60.0,72,71,49,22,69.01,-1.07,-16.62,14.48,-0.763,0.64,25
"[-299,-200]",HR≥45/EDG≥10.0/CV≤-/μ≥-/TP≥65,69.57,10.0,,,65.0,70,69,48,21,69.57,-0.35,-16.04,15.34,-0.239,0.64,25
"[-299,-200]",HR≥45/EDG≥10.0/CV≤-/μ≥0.0/TP≥-,69.01,10.0,,0.0,,72,71,49,22,69.01,-1.07,-16.62,14.48,-0.763,0.64,25
"[-299,-200]",HR≥45/EDG≥10.0/CV≤-/μ≥0.0/TP≥50,69.01,10.0,,0.0,50.0,72,71,49,22,69.01,-1.07,-16.62,14.48,-0.763,0.64,25
"[-299,-200]",HR≥45/EDG≥10.0/CV≤-/μ≥0.0/TP≥55,69.01,10.0,,0.0,55.0,72,71,49,22,69.01,-1.07,-16.62,14.48,-0.763,0.64,25
"[-299,-200]",HR≥45/EDG≥10.0/CV≤-/μ≥0.0/TP≥60,69.01,10.0,,0.0,60.0,72,71,49,22,69.01,-1.07,-16.62,14.48,-0.763,0.64,25
"[-299,-200]",HR≥45/EDG≥10.0/CV≤-/μ≥0.0/TP≥65,69.57,10.0,,0.0,65.0,70,69,48,21,69.57,-0.35,-16.04,15.34,-0.239,0.64,25
"[-299,-200]",HR≥45/EDG≥10.0/CV≤-/μ≥0.5/TP≥-,69.01,10.0,,0.5,,72,71,49,22,69.01,-1.07,-16.62,14.48,-0.763,0.64,25
"[-299,-200]",HR≥45/EDG≥10.0/CV≤-/μ≥0.5/TP≥50,69.01,10.0,,0.5,50.0,72,71,49,22,69.01,-1.07,-16.62,14.48,-0.763,0.64,25
"[-299,-200]",HR≥45/EDG≥10.0/CV≤-/μ≥0.5/TP≥55,69.01,10.0,,0.5,55.0,72,71,49,22,69.01,-1.07,-16.62,14.48,-0.763,0.64,25
"[-299,-200]",HR≥45/EDG≥10.0/CV≤-/μ≥0.5/TP≥60,69.01,10.0,,0.5,60.0,72,71,49,22,69.01,-1.07,-16.62,14.48,-0.763,0.64,25
"[-299,-200]",HR≥45/EDG≥10.0/CV≤-/μ≥0.5/TP≥65,69.57,10.0,,0.5,65.0,70,69,48,21,69.57,-0.35,-16.04,15.34,-0.239,0.64,25
"[-299,-200]",HR≥45/EDG≥10.0/CV≤-/μ≥1.0/TP≥-,69.01,10.0,,1.0,,72,71,49,22,69.01,-1.07,-16.62,14.48,-0.763,0.64,25
"[-299,-200]",HR≥45/EDG≥10.0/CV≤-/μ≥1.0/TP≥50,69.01,10.0,,1.0,50.0,72,71,49,22,69.01,-1.07,-16.62,14.48,-0.763,0.64,25
"[-299,-200]",HR≥45/EDG≥10.0/CV≤-/μ≥1.0/TP≥55,69.01,10.0,,1.0,55.0,72,71,49,22,69.01,-1.07,-16.62,14.48,-0.763,0.64,25
"[-299,-200]",HR≥45/EDG≥10.0/CV≤-/μ≥1.0/TP≥60,69.01,10.0,,1.0,60.0,72,71,49,22,69.01,-1.07,-16.62,14.48,-0.763,0.64,25
"[-299,-200]",HR≥45/EDG≥10.0/CV≤-/μ≥1.0/TP≥65,69.57,10.0,,1.0,65.0,70,69,48,21,69.57,-0.35,-16.04,15.34,-0.239,0.64,25
"[-299,-200]",HR≥45/EDG≥10.0/CV≤0.7/μ≥-/TP≥-,68.57,10.0,0.7,,,70,70,48,22,68.57,-1.68,-17.41,14.04,-1.179,0.6,25
"[-299,-200]",HR≥45/EDG≥10.0/CV≤0.7/μ≥-/TP≥50,68.57,10.0,0.7,,50.0,70,70,48,22,68.57,-1.68,-17.41,14.04,-1.179,0.6,25
"[-299,-200]",HR≥45/EDG≥10.0/CV≤0.7/μ≥-/TP≥55,68.57,10.0,0.7,,55.0,70,70,48,22,68.57,-1.68,-17.41,14.04,-1.179,0.6,25
"[-299,-200]",HR≥45/EDG≥10.0/CV≤0.7/μ≥-/TP≥60,68.57,10.0,0.7,,60.0,70,70,48,22,68.57,-1.68,-17.41,14.04,-1.179,0.6,25
"[-299,-200]",HR≥45/EDG≥10.0/CV≤0.7/μ≥-/TP≥65,69.12,10.0,0.7,,65.0,68,68,47,21,69.12,-0.96,-16.84,14.91,-0.655,0.6,25
"[-299,-200]",HR≥45/EDG≥10.0/CV≤0.7/μ≥0.0/TP≥-,68.57,10.0,0.7,0.0,,70,70,48,22,68.57,-1.68,-17.41,14.04,-1.179,0.6,25
"[-299,-200]",HR≥45/EDG≥10.0/CV≤0.7/μ≥0.0/TP≥50,68.57,10.0,0.7,0.0,50.0,70,70,48,22,68.57,-1.68,-17.41,14.04,-1.179,0.6,25
"[-299,-200]",HR≥45/EDG≥10.0/CV≤0.7/μ≥0.0/TP≥55,68.57,10.0,0.7,0.0,55.0,70,70,48,22,68.57,-1.68,-17.41,14.04,-1.179,0.6,25
"[-299,-200]",HR≥45/EDG≥10.0/CV≤0.7/μ≥0.0/TP≥60,68.57,10.0,0.7,0.0,60.0,70,70,48,22,68.57,-1.68,-17.41,14.04,-1.179,0.6,25
"[-299,-200]",HR≥45/EDG≥10.0/CV≤0.7/μ≥0.0/TP≥65,69.12,10.0,0.7,0.0,65.0,68,68,47,21,69.12,-0.96,-16.84,14.91,-0.655,0.6,25
"[-299,-200]",HR≥45/EDG≥10.0/CV≤0.7/μ≥0.5/TP≥-,68.57,10.0,0.7,0.5,,70,70,48,22,68.57,-1.68,-17.41,14.04,-1.179,0.6,25
"[-299,-200]",HR≥45/EDG≥10.0/CV≤0.7/μ≥0.5/TP≥50,68.57,10.0,0.7,0.5,50.0,70,70,48,22,68.57,-1.68,-17.41,14.04,-1.179,0.6,25
"[-299,-200]",HR≥45/EDG≥10.0/CV≤0.7/μ≥0.5/TP≥55,68.57,10.0,0.7,0.5,55.0,70,70,48,22,68.57,-1.68,-17.41,14.04,-1.179,0.6,25
"[-299,-200]",HR≥45/EDG≥10.0/CV≤0.7/μ≥0.5/TP≥60,68.57,10.0,0.7,0.5,60.0,70,70,48,22,68.57,-1.68,-17.41,14.04,-1.179,0.6,25
"[-299,-200]",HR≥45/EDG≥10.0/CV≤0.7/μ≥0.5/TP≥65,69.12,10.0,0.7,0.5,65.0,68,68,47,21,69.12,-0.96,-16.84,14.91,-0.655,0.6,25
"[-299,-200]",HR≥45/EDG≥10.0/CV≤0.7/μ≥1.0/TP≥-,68.57,10.0,0.7,1.0,,70,70,48,22,68.57,-1.68,-17.41,14.04,-1.179,0.6,25
"[-299,-200]",HR≥45/EDG≥10.0/CV≤0.7/μ≥1.0/TP≥50,68.57,10.0,0.7,1.0,50.0,70,70,48,22,68.57,-1.68,-17.41,14.04,-1.179,0.6,25
"[-299,-200]",HR≥45/EDG≥10.0/CV≤0.7/μ≥1.0/TP≥55,68.57,10.0,0.7,1.0,55.0,70,70,48,22,68.57,-1.68,-17.41,14.04,-1.179,0.6,25
"[-299,-200]",HR≥45/EDG≥10.0/CV≤0.7/μ≥1.0/TP≥60,68.57,10.0,0.7,1.0,60.0,70,70,48,22,68.57,-1.68,-17.41,14.04,-1.179,0.6,25
"[-299,-200]",HR≥45/EDG≥10.0/CV≤0.7/μ≥1.0/TP≥65,69.12,10.0,0.7,1.0,65.0,68,68,47,21,69.12,-0.96,-16.84,14.91,-0.655,0.6,25
"[-299,-200]",HR≥45/EDG≥10.0/CV≤0.6/μ≥-/TP≥-,68.18,10.0,0.6,,,66,66,45,21,68.18,-2.14,-18.41,14.14,-1.41,0.6,25
"[-299,-200]",HR≥45/EDG≥10.0/CV≤0.6/μ≥-/TP≥50,68.18,10.0,0.6,,50.0,66,66,45,21,68.18,-2.14,-18.41,14.14,-1.41,0.6,25
"[-299,-200]",HR≥45/EDG≥10.0/CV≤0.6/μ≥-/TP≥55,68.18,10.0,0.6,,55.0,66,66,45,21,68.18,-2.14,-18.41,14.14,-1.41,0.6,25
"[-299,-200]",HR≥45/EDG≥10.0/CV≤0.6/μ≥-/TP≥60,68.18,10.0,0.6,,60.0,66,66,45,21,68.18,-2.14,-18.41,14.14,-1.41,0.6,25
"[-299,-200]",HR≥45/EDG≥10.0/CV≤0.6/μ≥-/TP≥65,68.75,10.0,0.6,,65.0,64,64,44,20,68.75,-1.38,-17.83,15.06,-0.886,0.6,25
"[-299,-200]",HR≥45/EDG≥10.0/CV≤0.6/μ≥0.0/TP≥-,68.18,10.0,0.6,0.0,,66,66,45,21,68.18,-2.14,-18.41,14.14,-1.41,0.6,25
"[-299,-200]",HR≥45/EDG≥10.0/CV≤0.6/μ≥0.0/TP≥50,68.18,10.0,0.6,0.0,50.0,66,66,45,21,68.18,-2.14,-18.41,14.14,-1.41,0.6,25
"[-299,-200]",HR≥45/EDG≥10.0/CV≤0.6/μ≥0.0/TP≥55,68.18,10.0,0.6,0.0,55.0,66,66,45,21,68.18,-2.14,-18.41,14.14,-1.41,0.6,25
"[-299,-200]",HR≥45/EDG≥10.0/CV≤0.6/μ≥0.0/TP≥60,68.18,10.0,0.6,0.0,60.0,66,66,45,21,68.18,-2.14,-18.41,14.14,-1.41,0.6,25
"[-299,-200]",HR≥45/EDG≥10.0/CV≤0.6/μ≥0.0/TP≥65,68.75,10.0,0.6,0.0,65.0,64,64,44,20,68.75,-1.38,-17.83,15.06,-0.886,0.6,25
"[-299,-200]",HR≥45/EDG≥10.0/CV≤0.6/μ≥0.5/TP≥-,68.18,10.0,0.6,0.5,,66,66,45,21,68.18,-2.14,-18.41,14.14,-1.41,0.6,25
"[-299,-200]",HR≥45/EDG≥10.0/CV≤0.6/μ≥0.5/TP≥50,68.18,10.0,0.6,0.5,50.0,66,66,45,21,68.18,-2.14,-18.41,14.14,-1.41,0.6,25
"[-299,-200]",HR≥45/EDG≥10.0/CV≤0.6/μ≥0.5/TP≥55,68.18,10.0,0.6,0.5,55.0,66,66,45,21,68.18,-2.14,-18.41,14.14,-1.41,0.6,25
"[-299,-200]",HR≥45/EDG≥10.0/CV≤0.6/μ≥0.5/TP≥60,68.18,10.0,0.6,0.5,60.0,66,66,45,21,68.18,-2.14,-18.41,14.14,-1.41,0.6,25
"[-299,-200]",HR≥45/EDG≥10.0/CV≤0.6/μ≥0.5/TP≥65,68.75,10.0,0.6,0.5,65.0,64,64,44,20,68.75,-1.38,-17.83,15.06,-0.886,0.6,25
"[-299,-200]",HR≥45/EDG≥10.0/CV≤0.6/μ≥1.0/TP≥-,68.18,10.0,0.6,1.0,,66,66,45,21,68.18,-2.14,-18.41,14.14,-1.41,0.6,25
"[-299,-200]",HR≥45/EDG≥10.0/CV≤0.6/μ≥1.0/TP≥50,68.18,10.0,0.6,1.0,50.0,66,66,45,21,68.18,-2.14,-18.41,14.14,-1.41,0.6,25
"[-299,-200]",HR≥45/EDG≥10.0/CV≤0.6/μ≥1.0/TP≥55,68.18,10.0,0.6,1.0,55.0,66,66,45,21,68.18,-2.14,-18.41,14.14,-1.41,0.6,25
"[-299,-200]",HR≥45/EDG≥10.0/CV≤0.6/μ≥1.0/TP≥60,68.18,10.0,0.6,1.0,60.0,66,66,45,21,68.18,-2.14,-18.41,14.14,-1.41,0.6,25
"[-299,-200]",HR≥45/EDG≥10.0/CV≤0.6/μ≥1.0/TP≥65,68.75,10.0,0.6,1.0,65.0,64,64,44,20,68.75,-1.38,-17.83,15.06,-0.886,0.6,25
"[-299,-200]",HR≥45/EDG≥10.0/CV≤0.5/μ≥-/TP≥-,67.27,10.0,0.5,,,55,55,37,18,67.27,-3.36,-21.37,14.64,-1.849,0.571,21
"[-299,-200]",HR≥45/EDG≥10.0/CV≤0.5/μ≥-/TP≥50,67.27,10.0,0.5,,50.0,55,55,37,18,67.27,-3.36,-21.37,14.64,-1.849,0.571,21
"[-299,-200]",HR≥45/EDG≥10.0/CV≤0.5/μ≥-/TP≥55,67.27,10.0,0.5,,55.0,55,55,37,18,67.27,-3.36,-21.37,14.64,-1.849,0.571,21
"[-299,-200]",HR≥45/EDG≥10.0/CV≤0.5/μ≥-/TP≥60,67.27,10.0,0.5,,60.0,55,55,37,18,67.27,-3.36,-21.37,14.64,-1.849,0.571,21
"[-299,-200]",HR≥45/EDG≥10.0/CV≤0.5/μ≥-/TP≥65,66.67,10.0,0.5,,65.0,54,54,36,18,66.67,-4.31,-22.55,13.94,-2.325,0.571,21
"[-299,-200]",HR≥45/EDG≥10.0/CV≤0.5/μ≥0.0/TP≥-,67.27,10.0,0.5,0.0,,55,55,37,18,67.27,-3.36,-21.37,14.64,-1.849,0.571,21
"[-299,-200]",HR≥45/EDG≥10.0/CV≤0.5/μ≥0.0/TP≥50,67.27,10.0,0.5,0.0,50.0,55,55,37,18,67.27,-3.36,-21.37,14.64,-1.849,0.571,21
"[-299,-200]",HR≥45/EDG≥10.0/CV≤0.5/μ≥0.0/TP≥55,67.27,10.0,0.5,0.0,55.0,55,55,37,18,67.27,-3.36,-21.37,14.64,-1.849,0.571,21
"[-299,-200]",HR≥45/EDG≥10.0/CV≤0.5/μ≥0.0/TP≥60,67.27,10.0,0.5,0.0,60.0,55,55,37,18,67.27,-3.36,-21.37,14.64,-1.849,0.571,21
"[-299,-200]",HR≥45/EDG≥10.0/CV≤0.5/μ≥0.0/TP≥65,66.67,10.0,0.5,0.0,65.0,54,54,36,18,66.67,-4.31,-22.55,13.94,-2.325,0.571,21
"[-299,-200]",HR≥45/EDG≥10.0/CV≤0.5/μ≥0.5/TP≥-,67.27,10.0,0.5,0.5,,55,55,37,18,67.27,-3.36,-21.37,14.64,-1.849,0.571,21
"[-299,-200]",HR≥45/EDG≥10.0/CV≤0.5/μ≥0.5/TP≥50,67.27,10.0,0.5,0.5,50.0,55,55,37,18,67.27,-3.36,-21.37,14.64,-1.849,0.571,21
"[-299,-200]",HR≥45/EDG≥10.0/CV≤0.5/μ≥0.5/TP≥55,67.27,10.0,0.5,0.5,55.0,55,55,37,18,67.27,-3.36,-21.37,14.64,-1.849,0.571,21
"[-299,-200]",HR≥45/EDG≥10.0/CV≤0.5/μ≥0.5/TP≥60,67.27,10.0,0.5,0.5,60.0,55,55,37,18,67.27,-3.36,-21.37,14.64,-1.849,0.571,21
"[-299,-200]",HR≥45/EDG≥10.0/CV≤0.5/μ≥0.5/TP≥65,66.67,10.0,0.5,0.5,65.0,54,54,36,18,66.67,-4.31,-22.55,13.94,-2.325,0.571,21
"[-299,-200]",HR≥45/EDG≥10.0/CV≤0.5/μ≥1.0/TP≥-,67.27,10.0,0.5,1.0,,55,55,37,18,67.27,-3.36,-21.37,14.64,-1.849,0.571,21
"[-299,-200]",HR≥45/EDG≥10.0/CV≤0.5/μ≥1.0/TP≥50,67.27,10.0,0.5,1.0,50.0,55,55,37,18,67.27,-3.36,-21.37,14.64,-1.849,0.571,21
"[-299,-200]",HR≥45/EDG≥10.0/CV≤0.5/μ≥1.0/TP≥55,67.27,10.0,0.5,1.0,55.0,55,55,37,18,67.27,-3.36,-21.37,14.64,-1.849,0.571,21
"[-299,-200]",HR≥45/EDG≥10.0/CV≤0.5/μ≥1.0/TP≥60,67.27,10.0,0.5,1.0,60.0,55,55,37,18,67.27,-3.36,-21.37,14.64,-1.849,0.571,21
"[-299,-200]",HR≥45/EDG≥10.0/CV≤0.5/μ≥1.0/TP≥65,66.67,10.0,0.5,1.0,65.0,54,54,36,18,66.67,-4.31,-22.55,13.94,-2.325,0.571,21
"[-299,-200]",HR≥45/EDG≥10.0/CV≤0.45/μ≥-/TP≥-,70.45,10.0,0.45,,,44,44,31,13,70.45,0.85,-18.7,20.4,0.373,0.524,21
"[-299,-200]",HR≥45/EDG≥10.0/CV≤0.45/μ≥-/TP≥50,70.45,10.0,0.45,,50.0,44,44,31,13,70.45,0.85,-18.7,20.4,0.373,0.524,21
"[-299,-200]",HR≥45/EDG≥10.0/CV≤0.45/μ≥-/TP≥55,70.45,10.0,0.45,,55.0,44,44,31,13,70.45,0.85,-18.7,20.4,0.373,0.524,21
"[-299,-200]",HR≥45/EDG≥10.0/CV≤0.45/μ≥-/TP≥60,70.45,10.0,0.45,,60.0,44,44,31,13,70.45,0.85,-18.7,20.4,0.373,0.524,21
"[-299,-200]",HR≥45/EDG≥10.0/CV≤0.45/μ≥-/TP≥65,69.77,10.0,0.45,,65.0,43,43,30,13,69.77,-0.24,-20.13,19.65,-0.103,0.524,21
"[-299,-200]",HR≥45/EDG≥10.0/CV≤0.45/μ≥0.0/TP≥-,70.45,10.0,0.45,0.0,,44,44,31,13,70.45,0.85,-18.7,20.4,0.373,0.524,21
"[-299,-200]",HR≥45/EDG≥10.0/CV≤0.45/μ≥0.0/TP≥50,70.45,10.0,0.45,0.0,50.0,44,44,31,13,70.45,0.85,-18.7,20.4,0.373,0.524,21
"[-299,-200]",HR≥45/EDG≥10.0/CV≤0.45/μ≥0.0/TP≥55,70.45,10.0,0.45,0.0,55.0,44,44,31,13,70.45,0.85,-18.7,20.4,0.373,0.524,21
"[-299,-200]",HR≥45/EDG≥10.0/CV≤0.45/μ≥0.0/TP≥60,70.45,10.0,0.45,0.0,60.0,44,44,31,13,70.45,0.85,-18.7,20.4,0.373,0.524,21
"[-299,-200]",HR≥45/EDG≥10.0/CV≤0.45/μ≥0.0/TP≥65,69.77,10.0,0.45,0.0,65.0,43,43,30,13,69.77,-0.24,-20.13,19.65,-0.103,0.524,21
"[-299,-200]",HR≥45/EDG≥10.0/CV≤0.45/μ≥0.5/TP≥-,70.45,10.0,0.45,0.5,,44,44,31,13,70.45,0.85,-18.7,20.4,0.373,0.524,21
"[-299,-200]",HR≥45/EDG≥10.0/CV≤0.45/μ≥0.5/TP≥50,70.45,10.0,0.45,0.5,50.0,44,44,31,13,70.45,0.85,-18.7,20.4,0.373,0.524,21
"[-299,-200]",HR≥45/EDG≥10.0/CV≤0.45/μ≥0.5/TP≥55,70.45,10.0,0.45,0.5,55.0,44,44,31,13,70.45,0.85,-18.7,20.4,0.373,0.524,21
"[-299,-200]",HR≥45/EDG≥10.0/CV≤0.45/μ≥0.5/TP≥60,70.45,10.0,0.45,0.5,60.0,44,44,31,13,70.45,0.85,-18.7,20.4,0.373,0.524,21
"[-299,-200]",HR≥45/EDG≥10.0/CV≤0.45/μ≥0.5/TP≥65,69.77,10.0,0.45,0.5,65.0,43,43,30,13,69.77,-0.24,-20.13,19.65,-0.103,0.524,21
"[-299,-200]",HR≥45/EDG≥10.0/CV≤0.45/μ≥1.0/TP≥-,70.45,10.0,0.45,1.0,,44,44,31,13,70.45,0.85,-18.7,20.4,0.373,0.524,21
"[-299,-200]",HR≥45/EDG≥10.0/CV≤0.45/μ≥1.0/TP≥50,70.45,10.0,0.45,1.0,50.0,44,44,31,13,70.45,0.85,-18.7,20.4,0.373,0.524,21
"[-299,-200]",HR≥45/EDG≥10.0/CV≤0.45/μ≥1.0/TP≥55,70.45,10.0,0.45,1.0,55.0,44,44,31,13,70.45,0.85,-18.7,20.4,0.373,0.524,21
"[-299,-200]",HR≥45/EDG≥10.0/CV≤0.45/μ≥1.0/TP≥60,70.45,10.0,0.45,1.0,60.0,44,44,31,13,70.45,0.85,-18.7,20.4,0.373,0.524,21
"[-299,-200]",HR≥45/EDG≥10.0/CV≤0.45/μ≥1.0/TP≥65,69.77,10.0,0.45,1.0,65.0,43,43,30,13,69.77,-0.24,-20.13,19.65,-0.103,0.524,21
"[-299,-200]",HR≥45/EDG≥10.0/CV≤0.4/μ≥-/TP≥-,80.65,10.0,0.4,,,31,31,25,6,80.65,15.99,-4.38,36.37,4.958,0.667,18
"[-299,-200]",HR≥45/EDG≥10.0/CV≤0.4/μ≥-/TP≥50,80.65,10.0,0.4,,50.0,31,31,25,6,80.65,15.99,-4.38,36.37,4.958,0.667,18
"[-299,-200]",HR≥45/EDG≥10.0/CV≤0.4/μ≥-/TP≥55,80.65,10.0,0.4,,55.0,31,31,25,6,80.65,15.99,-4.38,36.37,4.958,0.667,18
"[-299,-200]",HR≥45/EDG≥10.0/CV≤0.4/μ≥-/TP≥60,80.65,10.0,0.4,,60.0,31,31,25,6,80.65,15.99,-4.38,36.37,4.958,0.667,18
"[-299,-200]",HR≥45/EDG≥10.0/CV≤0.4/μ≥-/TP≥65,80.0,10.0,0.4,,65.0,30,30,24,6,80.0,14.94,-6.01,35.89,4.482,0.667,18
"[-299,-200]",HR≥45/EDG≥10.0/CV≤0.4/μ≥0.0/TP≥-,80.65,10.0,0.4,0.0,,31,31,25,6,80.65,15.99,-4.38,36.37,4.958,0.667,18
"[-299,-200]",HR≥45/EDG≥10.0/CV≤0.4/μ≥0.0/TP≥50,80.65,10.0,0.4,0.0,50.0,31,31,25,6,80.65,15.99,-4.38,36.37,4.958,0.667,18
"[-299,-200]",HR≥45/EDG≥10.0/CV≤0.4/μ≥0.0/TP≥55,80.65,10.0,0.4,0.0,55.0,31,31,25,6,80.65,15.99,-4.38,36.37,4.958,0.667,18
"[-299,-200]",HR≥45/EDG≥10.0/CV≤0.4/μ≥0.0/TP≥60,80.65,10.0,0.4,0.0,60.0,31,31,25,6,80.65,15.99,-4.38,36.37,4.958,0.667,18
"[-299,-200]",HR≥45/EDG≥10.0/CV≤0.4/μ≥0.0/TP≥65,80.0,10.0,0.4,0.0,65.0,30,30,24,6,80.0,14.94,-6.01,35.89,4.482,0.667,18
"[-299,-200]",HR≥45/EDG≥10.0/CV≤0.4/μ≥0.5/TP≥-,80.65,10.0,0.4,0.5,,31,31,25,6,80.65,15.99,-4.38,36.37,4.958,0.667,18
"[-299,-200]",HR≥45/EDG≥10.0/CV≤0.4/μ≥0.5/TP≥50,80.65,10.0,0.4,0.5,50.0,31,31,25,6,80.65,15.99,-4.38,36.37,4.958,0.667,18
"[-299,-200]",HR≥45/EDG≥10.0/CV≤0.4/μ≥0.5/TP≥55,80.65,10.0,0.4,0.5,55.0,31,31,25,6,80.65,15.99,-4.38,36.37,4.958,0.667,18
"[-299,-200]",HR≥45/EDG≥10.0/CV≤0.4/μ≥0.5/TP≥60,80.65,10.0,0.4,0.5,60.0,31,31,25,6,80.65,15.99,-4.38,36.37,4.958,0.667,18
"[-299,-200]",HR≥45/EDG≥10.0/CV≤0.4/μ≥0.5/TP≥65,80.0,10.0,0.4,0.5,65.0,30,30,24,6,80.0,14.94,-6.01,35.89,4.482,0.667,18
"[-299,-200]",HR≥45/EDG≥10.0/CV≤0.4/μ≥1.0/TP≥-,80.65,10.0,0.4,1.0,,31,31,25,6,80.65,15.99,-4.38,36.37,4.958,0.667,18
"[-299,-200]",HR≥45/EDG≥10.0/CV≤0.4/μ≥1.0/TP≥50,80.65,10.0,0.4,1.0,50.0,31,31,25,6,80.65,15.99,-4.38,36.37,4.958,0.667,18
"[-299,-200]",HR≥45/EDG≥10.0/CV≤0.4/μ≥1.0/TP≥55,80.65,10.0,0.4,1.0,55.0,31,31,25,6,80.65,15.99,-4.38,36.37,4.958,0.667,18
"[-299,-200]",HR≥45/EDG≥10.0/CV≤0.4/μ≥1.0/TP≥60,80.65,10.0,0.4,1.0,60.0,31,31,25,6,80.65,15.99,-4.38,36.37,4.958,0.667,18
"[-299,-200]",HR≥45/EDG≥10.0/CV≤0.4/μ≥1.0/TP≥65,80.0,10.0,0.4,1.0,65.0,30,30,24,6,80.0,14.94,-6.01,35.89,4.482,0.667,18
"[-299,-200]",HR≥50/EDG≥-/CV≤-/μ≥-/TP≥-,70.81,,,,,213,209,148,61,70.81,-0.02,-8.76,8.72,-0.042,0.5,28
"[-299,-200]",HR≥50/EDG≥-/CV≤-/μ≥-/TP≥50,69.74,,,,50.0,199,195,136,59,69.74,-1.55,-10.7,7.59,-3.028,0.536,28
"[-299,-200]",HR≥50/EDG≥-/CV≤-/μ≥-/TP≥55,69.59,,,,55.0,198,194,135,59,69.59,-1.82,-10.99,7.36,-3.528,0.536,28
"[-299,-200]",HR≥50/EDG≥-/CV≤-/μ≥-/TP≥60,70.05,,,,60.0,191,187,131,56,70.05,-1.16,-10.47,8.15,-2.168,0.536,28
"[-299,-200]",HR≥50/EDG≥-/CV≤-/μ≥-/TP≥65,70.24,,,,65.0,172,168,118,50,70.24,-1.25,-11.02,8.52,-2.094,0.481,27
"[-299,-200]",HR≥50/EDG≥-/CV≤-/μ≥0.0/TP≥-,70.9,,,0.0,,192,189,134,55,70.9,0.05,-9.14,9.23,0.088,0.571,28
"[-299,-200]",HR≥50/EDG≥-/CV≤-/μ≥0.0/TP≥50,70.9,,,0.0,50.0,192,189,134,55,70.9,0.05,-9.14,9.23,0.088,0.571,28
"[-299,-200]",HR≥50/EDG≥-/CV≤-/μ≥0.0/TP≥55,70.74,,,0.0,55.0,191,188,133,55,70.74,-0.22,-9.44,9.0,-0.412,0.571,28
"[-299,-200]",HR≥50/EDG≥-/CV≤-/μ≥0.0/TP≥60,71.27,,,0.0,60.0,184,181,129,52,71.27,0.52,-8.82,9.87,0.948,0.571,28
"[-299,-200]",HR≥50/EDG≥-/CV≤-/μ≥0.0/TP≥65,71.78,,,0.0,65.0,166,163,117,46,71.78,0.93,-8.83,10.7,1.521,0.556,27
"[-299,-200]",HR≥50/EDG≥-/CV≤-/μ≥0.5/TP≥-,70.41,,,0.5,,172,169,119,50,70.41,-0.68,-10.43,9.08,-1.148,0.593,27
"[-299,-200]",HR≥50/EDG≥-/CV≤-/μ≥0.5/TP≥50,70.41,,,0.5,50.0,172,169,119,50,70.41,-0.68,-10.43,9.08,-1.148,0.593,27
"[-299,-200]",HR≥50/EDG≥-/CV≤-/μ≥0.5/TP≥55,70.41,,,0.5,55.0,172,169,119,50,70.41,-0.68,-10.43,9.08,-1.148,0.593,27
"[-299,-200]",HR≥50/EDG≥-/CV≤-/μ≥0.5/TP≥60,70.24,,,0.5,60.0,171,168,118,50,70.24,-0.97,-10.76,8.83,-1.624,0.593,27
"[-299,-200]",HR≥50/EDG≥-/CV≤-/μ≥0.5/TP≥65,70.97,,,0.5,65.0,158,155,110,45,70.97,-0.14,-10.25,9.97,-0.222,0.556,27
"[-299,-200]",HR≥50/EDG≥-/CV≤-/μ≥1.0/TP≥-,69.57,,,1.0,,139,138,96,42,69.57,-1.77,-12.67,9.13,-2.442,0.519,27
"[-299,-200]",HR≥50/EDG≥-/CV≤-/μ≥1.0/TP≥50,69.57,,,1.0,50.0,139,138,96,42,69.57,-1.77,-12.67,9.13,-2.442,0.519,27
"[-299,-200]",HR≥50/EDG≥-/CV≤-/μ≥1.0/TP≥55,69.57,,,1.0,55.0,139,138,96,42,69.57,-1.77,-12.67,9.13,-2.442,0.519,27
"[-299,-200]",HR≥50/EDG≥-/CV≤-/μ≥1.0/TP≥60,69.57,,,1.0,60.0,139,138,96,42,69.57,-1.77,-12.67,9.13,-2.442,0.519,27
"[-299,-200]",HR≥50/EDG≥-/CV≤-/μ≥1.0/TP≥65,70.15,,,1.0,65.0,135,134,94,40,70.15,-1.04,-12.04,9.95,-1.399,0.519,27
"[-299,-200]",HR≥50/EDG≥-/CV≤0.7/μ≥-/TP≥-,70.24,,0.7,,,209,205,144,61,70.24,-0.84,-9.72,8.03,-1.727,0.464,28
"[-299,-200]",HR≥50/EDG≥-/CV≤0.7/μ≥-/TP≥50,69.11,,0.7,,50.0,195,191,132,59,69.11,-2.47,-11.76,6.82,-4.713,0.464,28
"[-299,-200]",HR≥50/EDG≥-/CV≤0.7/μ≥-/TP≥55,68.95,,0.7,,55.0,194,190,131,59,68.95,-2.74,-12.07,6.58,-5.213,0.464,28
"[-299,-200]",HR≥50/EDG≥-/CV≤0.7/μ≥-/TP≥60,69.4,,0.7,,60.0,187,183,127,56,69.4,-2.11,-11.57,7.36,-3.853,0.464,28
"[-299,-200]",HR≥50/EDG≥-/CV≤0.7/μ≥-/TP≥65,69.51,,0.7,,65.0,168,164,114,50,69.51,-2.3,-12.26,7.65,-3.779,0.407,27
"[-299,-200]",HR≥50/EDG≥-/CV≤0.7/μ≥0.0/TP≥-,70.27,,0.7,0.0,,188,185,130,55,70.27,-0.86,-10.2,8.47,-1.597,0.5,28
"[-299,-200]",HR≥50/EDG≥-/CV≤0.7/μ≥0.0/TP≥50,70.27,,0.7,0.0,50.0,188,185,130,55,70.27,-0.86,-10.2,8.47,-1.597,0.5,28
"[-299,-200]",HR≥50/EDG≥-/CV≤0.7/μ≥0.0/TP≥55,70.11,,0.7,0.0,55.0,187,184,129,55,70.11,-1.14,-10.51,8.23,-2.097,0.5,28
"[-299,-200]",HR≥50/EDG≥-/CV≤0.7/μ≥0.0/TP≥60,70.62,,0.7,0.0,60.0,180,177,125,52,70.62,-0.42,-9.93,9.09,-0.737,0.5,28
"[-299,-200]",HR≥50/EDG≥-/CV≤0.7/μ≥0.0/TP≥65,71.07,,0.7,0.0,65.0,162,159,113,46,71.07,-0.1,-10.06,9.86,-0.163,0.481,27
"[-299,-200]",HR≥50/EDG≥-/CV≤0.7/μ≥0.5/TP≥-,69.7,,0.7,0.5,,168,165,115,50,69.7,-1.72,-11.66,8.22,-2.833,0.519,27
"[-299,-200]",HR≥50/EDG≥-/CV≤0.7/μ≥0.5/TP≥50,69.7,,0.7,0.5,50.0,168,165,115,50,69.7,-1.72,-11.66,8.22,-2.833,0.519,27
"[-299,-200]",HR≥50/EDG≥-/CV≤0.7/μ≥0.5/TP≥55,69.7,,0.7,0.5,55.0,168,165,115,50,69.7,-1.72,-11.66,8.22,-2.833,0.519,27
"[-299,-200]",HR≥50/EDG≥-/CV≤0.7/μ≥0.5/TP≥60,69.51,,0.7,0.5,60.0,167,164,114,50,69.51,-2.02,-12.0,7.96,-3.309,0.519,27
"[-299,-200]",HR≥50/EDG≥-/CV≤0.7/μ≥0.5/TP≥65,70.2,,0.7,0.5,65.0,154,151,106,45,70.2,-1.26,-11.58,9.05,-1.907,0.481,27
"[-299,-200]",HR≥50/EDG≥-/CV≤0.7/μ≥1.0/TP≥-,68.66,,0.7,1.0,,135,134,92,42,68.66,-3.08,-14.23,8.07,-4.127,0.407,27
"[-299,-200]",HR≥50/EDG≥-/CV≤0.7/μ≥1.0/TP≥50,68.66,,0.7,1.0,50.0,135,134,92,42,68.66,-3.08,-14.23,8.07,-4.127,0.407,27
"[-299,-200]",HR≥50/EDG≥-/CV≤0.7/μ≥1.0/TP≥55,68.66,,0.7,1.0,55.0,135,134,92,42,68.66,-3.08,-14.23,8.07,-4.127,0.407,27
"[-299,-200]",HR≥50/EDG≥-/CV≤0.7/μ≥1.0/TP≥60,68.66,,0.7,1.0,60.0,135,134,92,42,68.66,-3.08,-14.23,8.07,-4.127,0.407,27
"[-299,-200]",HR≥50/EDG≥-/CV≤0.7/μ≥1.0/TP≥65,69.23,,0.7,1.0,65.0,131,130,90,40,69.23,-2.37,-13.63,8.88,-3.084,0.444,27
"[-299,-200]",HR≥50/EDG≥-/CV≤0.6/μ≥-/TP≥-,68.59,,0.6,,,195,191,131,60,68.59,-2.97,-12.32,6.39,-5.671,0.464,28
"[-299,-200]",HR≥50/EDG≥-/CV≤0.6/μ≥-/TP≥50,67.42,,0.6,,50.0,182,178,120,58,67.42,-4.65,-14.43,5.14,-8.272,0.429,28
"[-299,-200]",HR≥50/EDG≥-/CV≤0.6/μ≥-/TP≥55,67.23,,0.6,,55.0,181,177,119,58,67.23,-4.96,-14.78,4.87,-8.772,0.429,28
"[-299,-200]",HR≥50/EDG≥-/CV≤0.6/μ≥-/TP≥60,67.65,,0.6,,60.0,174,170,115,55,67.65,-4.36,-14.35,5.63,-7.412,0.429,28
"[-299,-200]",HR≥50/EDG≥-/CV≤0.6/μ≥-/TP≥65,67.76,,0.6,,65.0,156,152,103,49,67.76,-4.53,-15.05,5.99,-6.883,0.37,27
"[-299,-200]",HR≥50/EDG≥-/CV≤0.6/μ≥0.0/TP≥-,68.6,,0.6,0.0,,175,172,118,54,68.6,-3.0,-12.85,6.86,-5.157,0.429,28
"[-299,-200]",HR≥50/EDG≥-/CV≤0.6/μ≥0.0/TP≥50,68.6,,0.6,0.0,50.0,175,172,118,54,68.6,-3.0,-12.85,6.86,-5.157,0.429,28
"[-299,-200]",HR≥50/EDG≥-/CV≤0.6/μ≥0.0/TP≥55,68.42,,0.6,0.0,55.0,174,171,117,54,68.42,-3.31,-13.2,6.59,-5.657,0.429,28
"[-299,-200]",HR≥50/EDG≥-/CV≤0.6/μ≥0.0/TP≥60,68.9,,0.6,0.0,60.0,167,164,113,51,68.9,-2.62,-12.68,7.44,-4.297,0.429,28
"[-299,-200]",HR≥50/EDG≥-/CV≤0.6/μ≥0.0/TP≥65,69.39,,0.6,0.0,65.0,150,147,102,45,69.39,-2.22,-12.78,8.33,-3.268,0.407,27
"[-299,-200]",HR≥50/EDG≥-/CV≤0.6/μ≥0.5/TP≥-,67.97,,0.6,0.5,,156,153,104,49,67.97,-3.88,-14.39,6.63,-5.937,0.407,27
"[-299,-200]",HR≥50/EDG≥-/CV≤0.6/μ≥0.5/TP≥50,67.97,,0.6,0.5,50.0,156,153,104,49,67.97,-3.88,-14.39,6.63,-5.937,0.407,27
"[-299,-200]",HR≥50/EDG≥-/CV≤0.6/μ≥0.5/TP≥55,67.97,,0.6,0.5,55.0,156,153,104,49,67.97,-3.88,-14.39,6.63,-5.937,0.407,27
"[-299,-200]",HR≥50/EDG≥-/CV≤0.6/μ≥0.5/TP≥60,67.76,,0.6,0.5,60.0,155,152,103,49,67.76,-4.22,-14.78,6.34,-6.413,0.407,27
"[-299,-200]",HR≥50/EDG≥-/CV≤0.6/μ≥0.5/TP≥65,68.35,,0.6,0.5,65.0,142,139,95,44,68.35,-3.61,-14.57,7.36,-5.012,0.37,27
"[-299,-200]",HR≥50/EDG≥-/CV≤0.6/μ≥1.0/TP≥-,66.67,,0.6,1.0,,124,123,82,41,66.67,-5.57,-17.44,6.3,-6.847,0.333,27
"[-299,-200]",HR≥50/EDG≥-/CV≤0.6/μ≥1.0/TP≥50,66.67,,0.6,1.0,50.0,124,123,82,41,66.67,-5.57,-17.44,6.3,-6.847,0.333,27
"[-299,-200]",HR≥50/EDG≥-/CV≤0.6/μ≥1.0/TP≥55,66.67,,0.6,1.0,55.0,124,123,82,41,66.67,-5.57,-17.44,6.3,-6.847,0.333,27
"[-299,-200]",HR≥50/EDG≥-/CV≤0.6/μ≥1.0/TP≥60,66.67,,0.6,1.0,60.0,124,123,82,41,66.67,-5.57,-17.44,6.3,-6.847,0.333,27
"[-299,-200]",HR≥50/EDG≥-/CV≤0.6/μ≥1.0/TP≥65,67.23,,0.6,1.0,65.0,120,119,80,39,67.23,-4.88,-16.88,7.13,-5.804,0.37,27
"[-299,-200]",HR≥50/EDG≥-/CV≤0.5/μ≥-/TP≥-,69.48,,0.5,,,158,154,107,47,69.48,-1.53,-11.89,8.83,-2.354,0.556,27
"[-299,-200]",HR≥50/EDG≥-/CV≤0.5/μ≥-/TP≥50,68.53,,0.5,,50.0,147,143,98,45,68.53,-2.92,-13.76,7.92,-4.175,0.556,27
"[-299,-200]",HR≥50/EDG≥-/CV≤0.5/μ≥-/TP≥55,68.31,,0.5,,55.0,146,142,97,45,68.31,-3.29,-14.19,7.6,-4.675,0.556,27
"[-299,-200]",HR≥50/EDG≥-/CV≤0.5/μ≥-/TP≥60,68.61,,0.5,,60.0,141,137,94,43,68.61,-2.8,-13.87,8.27,-3.838,0.519,27
"[-299,-200]",HR≥50/EDG≥-/CV≤0.5/μ≥-/TP≥65,68.6,,0.5,,65.0,125,121,83,38,68.6,-3.17,-14.91,8.58,-3.834,0.462,26
"[-299,-200]",HR≥50/EDG≥-/CV≤0.5/μ≥0.0/TP≥-,69.57,,0.5,0.0,,141,138,96,42,69.57,-1.49,-12.43,9.44,-2.059,0.519,27
"[-299,-200]",HR≥50/EDG≥-/CV≤0.5/μ≥0.0/TP≥50,69.57,,0.5,0.0,50.0,141,138,96,42,69.57,-1.49,-12.43,9.44,-2.059,0.519,27
"[-299,-200]",HR≥50/EDG≥-/CV≤0.5/μ≥0.0/TP≥55,69.34,,0.5,0.0,55.0,140,137,95,42,69.34,-1.87,-12.86,9.12,-2.559,0.519,27
"[-299,-200]",HR≥50/EDG≥-/CV≤0.5/μ≥0.0/TP≥60,69.7,,0.5,0.0,60.0,135,132,92,40,69.7,-1.31,-12.47,9.86,-1.723,0.481,27
"[-299,-200]",HR≥50/EDG≥-/CV≤0.5/μ≥0.0/TP≥65,70.09,,0.5,0.0,65.0,120,117,82,35,70.09,-1.04,-12.83,10.75,-1.218,0.462,26
"[-299,-200]",HR≥50/EDG≥-/CV≤0.5/μ≥0.5/TP≥-,68.6,,0.5,0.5,,124,121,83,38,68.6,-2.88,-14.66,8.9,-3.489,0.462,26
"[-299,-200]",HR≥50/EDG≥-/CV≤0.5/μ≥0.5/TP≥50,68.6,,0.5,0.5,50.0,124,121,83,38,68.6,-2.88,-14.66,8.9,-3.489,0.462,26
"[-299,-200]",HR≥50/EDG≥-/CV≤0.5/μ≥0.5/TP≥55,68.6,,0.5,0.5,55.0,124,121,83,38,68.6,-2.88,-14.66,8.9,-3.489,0.462,26
"[-299,-200]",HR≥50/EDG≥-/CV≤0.5/μ≥0.5/TP≥60,68.6,,0.5,0.5,60.0,124,121,83,38,68.6,-2.88,-14.66,8.9,-3.489,0.462,26
"[-299,-200]",HR≥50/EDG≥-/CV≤0.5/μ≥0.5/TP≥65,69.09,,0.5,0.5,65.0,113,110,76,34,69.09,-2.37,-14.66,9.91,-2.611,0.423,26
"[-299,-200]",HR≥50/EDG≥-/CV≤0.5/μ≥1.0/TP≥-,67.35,,0.5,1.0,,99,98,66,32,67.35,-4.42,-17.69,8.85,-4.335,0.36,25
"[-299,-200]",HR≥50/EDG≥-/CV≤0.5/μ≥1.0/TP≥50,67.35,,0.5,1.0,50.0,99,98,66,32,67.35,-4.42,-17.69,8.85,-4.335,0.36,25
"[-299,-200]",HR≥50/EDG≥-/CV≤0.5/μ≥1.0/TP≥55,67.35,,0.5,1.0,55.0,99,98,66,32,67.35,-4.42,-17.69,8.85,-4.335,0.36,25
"[-299,-200]",HR≥50/EDG≥-/CV≤0.5/μ≥1.0/TP≥60,67.35,,0.5,1.0,60.0,99,98,66,32,67.35,-4.42,-17.69,8.85,-4.335,0.36,25
"[-299,-200]",HR≥50/EDG≥-/CV≤0.5/μ≥1.0/TP≥65,67.37,,0.5,1.0,65.0,96,95,64,31,67.37,-4.52,-17.98,8.94,-4.292,0.4,25
"[-299,-200]",HR≥50/EDG≥-/CV≤0.45/μ≥-/TP≥-,70.18,,0.45,,,118,114,80,34,70.18,-0.45,-12.44,11.54,-0.514,0.593,27
"[-299,-200]",HR≥50/EDG≥-/CV≤0.45/μ≥-/TP≥50,69.52,,0.45,,50.0,109,105,73,32,69.52,-1.44,-14.0,11.13,-1.508,0.577,26
"[-299,-200]",HR≥50/EDG≥-/CV≤0.45/μ≥-/TP≥55,69.52,,0.45,,55.0,109,105,73,32,69.52,-1.44,-14.0,11.13,-1.508,0.577,26
"[-299,-200]",HR≥50/EDG≥-/CV≤0.45/μ≥-/TP≥60,69.61,,0.45,,60.0,106,102,71,31,69.61,-1.23,-13.98,11.52,-1.255,0.538,26
"[-299,-200]",HR≥50/EDG≥-/CV≤0.45/μ≥-/TP≥65,68.13,,0.45,,65.0,95,91,62,29,68.13,-3.69,-17.33,9.94,-3.361,0.462,26
"[-299,-200]",HR≥50/EDG≥-/CV≤0.45/μ≥0.0/TP≥-,70.3,,0.45,0.0,,104,101,71,30,70.3,-0.39,-13.1,12.33,-0.392,0.577,26
"[-299,-200]",HR≥50/EDG≥-/CV≤0.45/μ≥0.0/TP≥50,70.3,,0.45,0.0,50.0,104,101,71,30,70.3,-0.39,-13.1,12.33,-0.392,0.577,26
"[-299,-200]",HR≥50/EDG≥-/CV≤0.45/μ≥0.0/TP≥55,70.3,,0.45,0.0,55.0,104,101,71,30,70.3,-0.39,-13.1,12.33,-0.392,0.577,26
"[-299,-200]",HR≥50/EDG≥-/CV≤0.45/μ≥0.0/TP≥60,70.41,,0.45,0.0,60.0,101,98,69,29,70.41,-0.14,-13.05,12.77,-0.139,0.538,26
"[-299,-200]",HR≥50/EDG≥-/CV≤0.45/μ≥0.0/TP≥65,69.32,,0.45,0.0,65.0,91,88,61,27,69.32,-1.98,-15.71,11.74,-1.746,0.462,26
"[-299,-200]",HR≥50/EDG≥-/CV≤0.45/μ≥0.5/TP≥-,68.54,,0.45,0.5,,92,89,61,28,68.54,-2.81,-16.59,10.98,-2.497,0.462,26
"[-299,-200]",HR≥50/EDG≥-/CV≤0.45/μ≥0.5/TP≥50,68.54,,0.45,0.5,50.0,92,89,61,28,68.54,-2.81,-16.59,10.98,-2.497,0.462,26
"[-299,-200]",HR≥50/EDG≥-/CV≤0.45/μ≥0.5/TP≥55,68.54,,0.45,0.5,55.0,92,89,61,28,68.54,-2.81,-16.59,10.98,-2.497,0.462,26
"[-299,-200]",HR≥50/EDG≥-/CV≤0.45/μ≥0.5/TP≥60,68.54,,0.45,0.5,60.0,92,89,61,28,68.54,-2.81,-16.59,10.98,-2.497,0.462,26
"[-299,-200]",HR≥50/EDG≥-/CV≤0.45/μ≥0.5/TP≥65,67.9,,0.45,0.5,65.0,84,81,55,26,67.9,-3.87,-18.38,10.63,-3.139,0.423,26
"[-299,-200]",HR≥50/EDG≥-/CV≤0.45/μ≥1.0/TP≥-,64.79,,0.45,1.0,,72,71,46,25,64.79,-7.94,-23.87,7.98,-5.641,0.36,25
"[-299,-200]",HR≥50/EDG≥-/CV≤0.45/μ≥1.0/TP≥50,64.79,,0.45,1.0,50.0,72,71,46,25,64.79,-7.94,-23.87,7.98,-5.641,0.36,25
"[-299,-200]",HR≥50/EDG≥-/CV≤0.45/μ≥1.0/TP≥55,64.79,,0.45,1.0,55.0,72,71,46,25,64.79,-7.94,-23.87,7.98,-5.641,0.36,25
"[-299,-200]",HR≥50/EDG≥-/CV≤0.45/μ≥1.0/TP≥60,64.79,,0.45,1.0,60.0,72,71,46,25,64.79,-7.94,-23.87,7.98,-5.641,0.36,25
"[-299,-200]",HR≥50/EDG≥-/CV≤0.45/μ≥1.0/TP≥65,65.22,,0.45,1.0,65.0,70,69,45,24,65.22,-7.42,-23.51,8.68,-5.117,0.36,25
"[-299,-200]",HR≥50/EDG≥-/CV≤0.4/μ≥-/TP≥-,73.49,,0.4,,,87,83,61,22,73.49,4.27,-9.31,17.85,3.545,0.654,26
"[-299,-200]",HR≥50/EDG≥-/CV≤0.4/μ≥-/TP≥50,72.97,,0.4,,50.0,78,74,54,20,72.97,3.45,-11.03,17.92,2.552,0.6,25
"[-299,-200]",HR≥50/EDG≥-/CV≤0.4/μ≥-/TP≥55,72.97,,0.4,,55.0,78,74,54,20,72.97,3.45,-11.03,17.92,2.552,0.6,25
"[-299,-200]",HR≥50/EDG≥-/CV≤0.4/μ≥-/TP≥60,73.97,,0.4,,60.0,77,73,54,19,73.97,4.87,-9.54,19.27,3.552,0.6,25
"[-299,-200]",HR≥50/EDG≥-/CV≤0.4/μ≥-/TP≥65,74.63,,0.4,,65.0,71,67,50,17,74.63,5.39,-9.47,20.25,3.61,0.625,24
"[-299,-200]",HR≥50/EDG≥-/CV≤0.4/μ≥0.0/TP≥-,73.24,,0.4,0.0,,74,71,52,19,73.24,3.76,-10.97,18.48,2.667,0.6,25
"[-299,-200]",HR≥50/EDG≥-/CV≤0.4/μ≥0.0/TP≥50,73.24,,0.4,0.0,50.0,74,71,52,19,73.24,3.76,-10.97,18.48,2.667,0.6,25
"[-299,-200]",HR≥50/EDG≥-/CV≤0.4/μ≥0.0/TP≥55,73.24,,0.4,0.0,55.0,74,71,52,19,73.24,3.76,-10.97,18.48,2.667,0.6,25
"[-299,-200]",HR≥50/EDG≥-/CV≤0.4/μ≥0.0/TP≥60,74.29,,0.4,0.0,60.0,73,70,52,18,74.29,5.24,-9.4,19.88,3.667,0.6,25
"[-299,-200]",HR≥50/EDG≥-/CV≤0.4/μ≥0.0/TP≥65,75.38,,0.4,0.0,65.0,68,65,49,16,75.38,6.5,-8.44,21.44,4.226,0.625,24
"[-299,-200]",HR≥50/EDG≥-/CV≤0.4/μ≥0.5/TP≥-,72.58,,0.4,0.5,,65,62,45,17,72.58,2.86,-13.04,18.76,1.774,0.545,22
"[-299,-200]",HR≥50/EDG≥-/CV≤0.4/μ≥0.5/TP≥50,72.58,,0.4,0.5,50.0,65,62,45,17,72.58,2.86,-13.04,18.76,1.774,0.545,22
"[-299,-200]",HR≥50/EDG≥-/CV≤0.4/μ≥0.5/TP≥55,72.58,,0.4,0.5,55.0,65,62,45,17,72.58,2.86,-13.04,18.76,1.774,0.545,22
"[-299,-200]",HR≥50/EDG≥-/CV≤0.4/μ≥0.5/TP≥60,72.58,,0.4,0.5,60.0,65,62,45,17,72.58,2.86,-13.04,18.76,1.774,0.545,22
"[-299,-200]",HR≥50/EDG≥-/CV≤0.4/μ≥0.5/TP≥65,74.14,,0.4,0.5,65.0,61,58,43,15,74.14,4.88,-11.23,21.0,2.833,0.571,21
"[-299,-200]",HR≥50/EDG≥-/CV≤0.4/μ≥1.0/TP≥-,70.59,,0.4,1.0,,52,51,36,15,70.59,0.29,-17.69,18.27,0.148,0.381,21
"[-299,-200]",HR≥50/EDG≥-/CV≤0.4/μ≥1.0/TP≥50,70.59,,0.4,1.0,50.0,52,51,36,15,70.59,0.29,-17.69,18.27,0.148,0.381,21
"[-299,-200]",HR≥50/EDG≥-/CV≤0.4/μ≥1.0/TP≥55,70.59,,0.4,1.0,55.0,52,51,36,15,70.59,0.29,-17.69,18.27,0.148,0.381,21
"[-299,-200]",HR≥50/EDG≥-/CV≤0.4/μ≥1.0/TP≥60,70.59,,0.4,1.0,60.0,52,51,36,15,70.59,0.29,-17.69,18.27,0.148,0.381,21
"[-299,-200]",HR≥50/EDG≥-/CV≤0.4/μ≥1.0/TP≥65,71.43,,0.4,1.0,65.0,50,49,35,14,71.43,1.37,-16.8,19.54,0.672,0.429,21
"[-299,-200]",HR≥50/EDG≥-5.0/CV≤-/μ≥-/TP≥-,69.66,-5.0,,,,148,145,101,44,69.66,-1.49,-12.14,9.15,-2.167,0.519,27
"[-299,-200]",HR≥50/EDG≥-5.0/CV≤-/μ≥-/TP≥50,69.66,-5.0,,,50.0,148,145,101,44,69.66,-1.49,-12.14,9.15,-2.167,0.519,27
"[-299,-200]",HR≥50/EDG≥-5.0/CV≤-/μ≥-/TP≥55,69.66,-5.0,,,55.0,148,145,101,44,69.66,-1.49,-12.14,9.15,-2.167,0.519,27
"[-299,-200]",HR≥50/EDG≥-5.0/CV≤-/μ≥-/TP≥60,69.66,-5.0,,,60.0,148,145,101,44,69.66,-1.49,-12.14,9.15,-2.167,0.519,27
"[-299,-200]",HR≥50/EDG≥-5.0/CV≤-/μ≥-/TP≥65,70.5,-5.0,,,65.0,142,139,98,41,70.5,-0.45,-11.21,10.32,-0.624,0.481,27
"[-299,-200]",HR≥50/EDG≥-5.0/CV≤-/μ≥0.0/TP≥-,69.66,-5.0,,0.0,,148,145,101,44,69.66,-1.49,-12.14,9.15,-2.167,0.519,27
"[-299,-200]",HR≥50/EDG≥-5.0/CV≤-/μ≥0.0/TP≥50,69.66,-5.0,,0.0,50.0,148,145,101,44,69.66,-1.49,-12.14,9.15,-2.167,0.519,27
"[-299,-200]",HR≥50/EDG≥-5.0/CV≤-/μ≥0.0/TP≥55,69.66,-5.0,,0.0,55.0,148,145,101,44,69.66,-1.49,-12.14,9.15,-2.167,0.519,27
"[-299,-200]",HR≥50/EDG≥-5.0/CV≤-/μ≥0.0/TP≥60,69.66,-5.0,,0.0,60.0,148,145,101,44,69.66,-1.49,-12.14,9.15,-2.167,0.519,27
"[-299,-200]",HR≥50/EDG≥-5.0/CV≤-/μ≥0.0/TP≥65,70.5,-5.0,,0.0,65.0,142,139,98,41,70.5,-0.45,-11.21,10.32,-0.624,0.481,27
"[-299,-200]",HR≥50/EDG≥-5.0/CV≤-/μ≥0.5/TP≥-,69.66,-5.0,,0.5,,148,145,101,44,69.66,-1.49,-12.14,9.15,-2.167,0.519,27
"[-299,-200]",HR≥50/EDG≥-5.0/CV≤-/μ≥0.5/TP≥50,69.66,-5.0,,0.5,50.0,148,145,101,44,69.66,-1.49,-12.14,9.15,-2.167,0.519,27
"[-299,-200]",HR≥50/EDG≥-5.0/CV≤-/μ≥0.5/TP≥55,69.66,-5.0,,0.5,55.0,148,145,101,44,69.66,-1.49,-12.14,9.15,-2.167,0.519,27
"[-299,-200]",HR≥50/EDG≥-5.0/CV≤-/μ≥0.5/TP≥60,69.66,-5.0,,0.5,60.0,148,145,101,44,69.66,-1.49,-12.14,9.15,-2.167,0.519,27
"[-299,-200]",HR≥50/EDG≥-5.0/CV≤-/μ≥0.5/TP≥65,70.5,-5.0,,0.5,65.0,142,139,98,41,70.5,-0.45,-11.21,10.32,-0.624,0.481,27
"[-299,-200]",HR≥50/EDG≥-5.0/CV≤-/μ≥1.0/TP≥-,69.7,-5.0,,1.0,,133,132,92,40,69.7,-1.42,-12.58,9.73,-1.878,0.481,27
"[-299,-200]",HR≥50/EDG≥-5.0/CV≤-/μ≥1.0/TP≥50,69.7,-5.0,,1.0,50.0,133,132,92,40,69.7,-1.42,-12.58,9.73,-1.878,0.481,27
"[-299,-200]",HR≥50/EDG≥-5.0/CV≤-/μ≥1.0/TP≥55,69.7,-5.0,,1.0,55.0,133,132,92,40,69.7,-1.42,-12.58,9.73,-1.878,0.481,27
"[-299,-200]",HR≥50/EDG≥-5.0/CV≤-/μ≥1.0/TP≥60,69.7,-5.0,,1.0,60.0,133,132,92,40,69.7,-1.42,-12.58,9.73,-1.878,0.481,27
"[-299,-200]",HR≥50/EDG≥-5.0/CV≤-/μ≥1.0/TP≥65,70.31,-5.0,,1.0,65.0,129,128,90,38,70.31,-0.65,-11.9,10.6,-0.835,0.481,27
"[-299,-200]",HR≥50/EDG≥-5.0/CV≤0.7/μ≥-/TP≥-,68.79,-5.0,0.7,,,144,141,97,44,68.79,-2.73,-13.61,8.14,-3.852,0.407,27
"[-299,-200]",HR≥50/EDG≥-5.0/CV≤0.7/μ≥-/TP≥50,68.79,-5.0,0.7,,50.0,144,141,97,44,68.79,-2.73,-13.61,8.14,-3.852,0.407,27
"[-299,-200]",HR≥50/EDG≥-5.0/CV≤0.7/μ≥-/TP≥55,68.79,-5.0,0.7,,55.0,144,141,97,44,68.79,-2.73,-13.61,8.14,-3.852,0.407,27
"[-299,-200]",HR≥50/EDG≥-5.0/CV≤0.7/μ≥-/TP≥60,68.79,-5.0,0.7,,60.0,144,141,97,44,68.79,-2.73,-13.61,8.14,-3.852,0.407,27
"[-299,-200]",HR≥50/EDG≥-5.0/CV≤0.7/μ≥-/TP≥65,69.63,-5.0,0.7,,65.0,138,135,94,41,69.63,-1.71,-12.72,9.3,-2.309,0.407,27
"[-299,-200]",HR≥50/EDG≥-5.0/CV≤0.7/μ≥0.0/TP≥-,68.79,-5.0,0.7,0.0,,144,141,97,44,68.79,-2.73,-13.61,8.14,-3.852,0.407,27
"[-299,-200]",HR≥50/EDG≥-5.0/CV≤0.7/μ≥0.0/TP≥50,68.79,-5.0,0.7,0.0,50.0,144,141,97,44,68.79,-2.73,-13.61,8.14,-3.852,0.407,27
"[-299,-200]",HR≥50/EDG≥-5.0/CV≤0.7/μ≥0.0/TP≥55,68.79,-5.0,0.7,0.0,55.0,144,141,97,44,68.79,-2.73,-13.61,8.14,-3.852,0.407,27
"[-299,-200]",HR≥50/EDG≥-5.0/CV≤0.7/μ≥0.0/TP≥60,68.79,-5.0,0.7,0.0,60.0,144,141,97,44,68.79,-2.73,-13.61,8.14,-3.852,0.407,27
"[-299,-200]",HR≥50/EDG≥-5.0/CV≤0.7/μ≥0.0/TP≥65,69.63,-5.0,0.7,0.0,65.0,138,135,94,41,69.63,-1.71,-12.72,9.3,-2.309,0.407,27
"[-299,-200]",HR≥50/EDG≥-5.0/CV≤0.7/μ≥0.5/TP≥-,68.79,-5.0,0.7,0.5,,144,141,97,44,68.79,-2.73,-13.61,8.14,-3.852,0.407,27
"[-299,-200]",HR≥50/EDG≥-5.0/CV≤0.7/μ≥0.5/TP≥50,68.79,-5.0,0.7,0.5,50.0,144,141,97,44,68.79,-2.73,-13.61,8.14,-3.852,0.407,27
"[-299,-200]",HR≥50/EDG≥-5.0/CV≤0.7/μ≥0.5/TP≥55,68.79,-5.0,0.7,0.5,55.0,144,141,97,44,68.79,-2.73,-13.61,8.14,-3.852,0.407,27
"[-299,-200]",HR≥50/EDG≥-5.0/CV≤0.7/μ≥0.5/TP≥60,68.79,-5.0,0.7,0.5,60.0,144,141,97,44,68.79,-2.73,-13.61,8.14,-3.852,0.407,27
"[-299,-200]",HR≥50/EDG≥-5.0/CV≤0.7/μ≥0.5/TP≥65,69.63,-5.0,0.7,0.5,65.0,138,135,94,41,69.63,-1.71,-12.72,9.3,-2.309,0.407,27
"[-299,-200]",HR≥50/EDG≥-5.0/CV≤0.7/μ≥1.0/TP≥-,68.75,-5.0,0.7,1.0,,129,128,88,40,68.75,-2.78,-14.21,8.64,-3.563,0.37,27
"[-299,-200]",HR≥50/EDG≥-5.0/CV≤0.7/μ≥1.0/TP≥50,68.75,-5.0,0.7,1.0,50.0,129,128,88,40,68.75,-2.78,-14.21,8.64,-3.563,0.37,27
"[-299,-200]",HR≥50/EDG≥-5.0/CV≤0.7/μ≥1.0/TP≥55,68.75,-5.0,0.7,1.0,55.0,129,128,88,40,68.75,-2.78,-14.21,8.64,-3.563,0.37,27
"[-299,-200]",HR≥50/EDG≥-5.0/CV≤0.7/μ≥1.0/TP≥60,68.75,-5.0,0.7,1.0,60.0,129,128,88,40,68.75,-2.78,-14.21,8.64,-3.563,0.37,27
"[-299,-200]",HR≥50/EDG≥-5.0/CV≤0.7/μ≥1.0/TP≥65,69.35,-5.0,0.7,1.0,65.0,125,124,86,38,69.35,-2.03,-13.56,9.5,-2.52,0.407,27
"[-299,-200]",HR≥50/EDG≥-5.0/CV≤0.6/μ≥-/TP≥-,67.18,-5.0,0.6,,,134,131,88,43,67.18,-4.75,-16.22,6.71,-6.228,0.333,27
"[-299,-200]",HR≥50/EDG≥-5.0/CV≤0.6/μ≥-/TP≥50,67.18,-5.0,0.6,,50.0,134,131,88,43,67.18,-4.75,-16.22,6.71,-6.228,0.333,27
"[-299,-200]",HR≥50/EDG≥-5.0/CV≤0.6/μ≥-/TP≥55,67.18,-5.0,0.6,,55.0,134,131,88,43,67.18,-4.75,-16.22,6.71,-6.228,0.333,27
"[-299,-200]",HR≥50/EDG≥-5.0/CV≤0.6/μ≥-/TP≥60,67.18,-5.0,0.6,,60.0,134,131,88,43,67.18,-4.75,-16.22,6.71,-6.228,0.333,27
"[-299,-200]",HR≥50/EDG≥-5.0/CV≤0.6/μ≥-/TP≥65,68.0,-5.0,0.6,,65.0,128,125,85,40,68.0,-3.75,-15.39,7.9,-4.685,0.333,27
"[-299,-200]",HR≥50/EDG≥-5.0/CV≤0.6/μ≥0.0/TP≥-,67.18,-5.0,0.6,0.0,,134,131,88,43,67.18,-4.75,-16.22,6.71,-6.228,0.333,27
"[-299,-200]",HR≥50/EDG≥-5.0/CV≤0.6/μ≥0.0/TP≥50,67.18,-5.0,0.6,0.0,50.0,134,131,88,43,67.18,-4.75,-16.22,6.71,-6.228,0.333,27
"[-299,-200]",HR≥50/EDG≥-5.0/CV≤0.6/μ≥0.0/TP≥55,67.18,-5.0,0.6,0.0,55.0,134,131,88,43,67.18,-4.75,-16.22,6.71,-6.228,0.333,27
"[-299,-200]",HR≥50/EDG≥-5.0/CV≤0.6/μ≥0.0/TP≥60,67.18,-5.0,0.6,0.0,60.0,134,131,88,43,67.18,-4.75,-16.22,6.71,-6.228,0.333,27
"[-299,-200]",HR≥50/EDG≥-5.0/CV≤0.6/μ≥0.0/TP≥65,68.0,-5.0,0.6,0.0,65.0,128,125,85,40,68.0,-3.75,-15.39,7.9,-4.685,0.333,27
"[-299,-200]",HR≥50/EDG≥-5.0/CV≤0.6/μ≥0.5/TP≥-,67.18,-5.0,0.6,0.5,,134,131,88,43,67.18,-4.75,-16.22,6.71,-6.228,0.333,27
"[-299,-200]",HR≥50/EDG≥-5.0/CV≤0.6/μ≥0.5/TP≥50,67.18,-5.0,0.6,0.5,50.0,134,131,88,43,67.18,-4.75,-16.22,6.71,-6.228,0.333,27
"[-299,-200]",HR≥50/EDG≥-5.0/CV≤0.6/μ≥0.5/TP≥55,67.18,-5.0,0.6,0.5,55.0,134,131,88,43,67.18,-4.75,-16.22,6.71,-6.228,0.333,27
"[-299,-200]",HR≥50/EDG≥-5.0/CV≤0.6/μ≥0.5/TP≥60,67.18,-5.0,0.6,0.5,60.0,134,131,88,43,67.18,-4.75,-16.22,6.71,-6.228,0.333,27
"[-299,-200]",HR≥50/EDG≥-5.0/CV≤0.6/μ≥0.5/TP≥65,68.0,-5.0,0.6,0.5,65.0,128,125,85,40,68.0,-3.75,-15.39,7.9,-4.685,0.333,27
"[-299,-200]",HR≥50/EDG≥-5.0/CV≤0.6/μ≥1.0/TP≥-,66.95,-5.0,0.6,1.0,,119,118,79,39,66.95,-5.03,-17.14,7.08,-5.938,0.333,27
"[-299,-200]",HR≥50/EDG≥-5.0/CV≤0.6/μ≥1.0/TP≥50,66.95,-5.0,0.6,1.0,50.0,119,118,79,39,66.95,-5.03,-17.14,7.08,-5.938,0.333,27
"[-299,-200]",HR≥50/EDG≥-5.0/CV≤0.6/μ≥1.0/TP≥55,66.95,-5.0,0.6,1.0,55.0,119,118,79,39,66.95,-5.03,-17.14,7.08,-5.938,0.333,27
"[-299,-200]",HR≥50/EDG≥-5.0/CV≤0.6/μ≥1.0/TP≥60,66.95,-5.0,0.6,1.0,60.0,119,118,79,39,66.95,-5.03,-17.14,7.08,-5.938,0.333,27
"[-299,-200]",HR≥50/EDG≥-5.0/CV≤0.6/μ≥1.0/TP≥65,67.54,-5.0,0.6,1.0,65.0,115,114,77,37,67.54,-4.29,-16.55,7.96,-4.895,0.37,27
"[-299,-200]",HR≥50/EDG≥-5.0/CV≤0.5/μ≥-/TP≥-,66.67,-5.0,0.5,,,111,108,72,36,66.67,-5.29,-18.01,7.42,-5.715,0.385,26
"[-299,-200]",HR≥50/EDG≥-5.0/CV≤0.5/μ≥-/TP≥50,66.67,-5.0,0.5,,50.0,111,108,72,36,66.67,-5.29,-18.01,7.42,-5.715,0.385,26
"[-299,-200]",HR≥50/EDG≥-5.0/CV≤0.5/μ≥-/TP≥55,66.67,-5.0,0.5,,55.0,111,108,72,36,66.67,-5.29,-18.01,7.42,-5.715,0.385,26
"[-299,-200]",HR≥50/EDG≥-5.0/CV≤0.5/μ≥-/TP≥60,66.67,-5.0,0.5,,60.0,111,108,72,36,66.67,-5.29,-18.01,7.42,-5.715,0.385,26
"[-299,-200]",HR≥50/EDG≥-5.0/CV≤0.5/μ≥-/TP≥65,66.99,-5.0,0.5,,65.0,106,103,69,34,66.99,-5.02,-17.98,7.94,-5.172,0.385,26
"[-299,-200]",HR≥50/EDG≥-5.0/CV≤0.5/μ≥0.0/TP≥-,66.67,-5.0,0.5,0.0,,111,108,72,36,66.67,-5.29,-18.01,7.42,-5.715,0.385,26
"[-299,-200]",HR≥50/EDG≥-5.0/CV≤0.5/μ≥0.0/TP≥50,66.67,-5.0,0.5,0.0,50.0,111,108,72,36,66.67,-5.29,-18.01,7.42,-5.715,0.385,26
"[-299,-200]",HR≥50/EDG≥-5.0/CV≤0.5/μ≥0.0/TP≥55,66.67,-5.0,0.5,0.0,55.0,111,108,72,36,66.67,-5.29,-18.01,7.42,-5.715,0.385,26
"[-299,-200]",HR≥50/EDG≥-5.0/CV≤0.5/μ≥0.0/TP≥60,66.67,-5.0,0.5,0.0,60.0,111,108,72,36,66.67,-5.29,-18.01,7.42,-5.715,0.385,26
"[-299,-200]",HR≥50/EDG≥-5.0/CV≤0.5/μ≥0.0/TP≥65,66.99,-5.0,0.5,0.0,65.0,106,103,69,34,66.99,-5.02,-17.98,7.94,-5.172,0.385,26
"[-299,-200]",HR≥50/EDG≥-5.0/CV≤0.5/μ≥0.5/TP≥-,66.67,-5.0,0.5,0.5,,111,108,72,36,66.67,-5.29,-18.01,7.42,-5.715,0.385,26
"[-299,-200]",HR≥50/EDG≥-5.0/CV≤0.5/μ≥0.5/TP≥50,66.67,-5.0,0.5,0.5,50.0,111,108,72,36,66.67,-5.29,-18.01,7.42,-5.715,0.385,26
"[-299,-200]",HR≥50/EDG≥-5.0/CV≤0.5/μ≥0.5/TP≥55,66.67,-5.0,0.5,0.5,55.0,111,108,72,36,66.67,-5.29,-18.01,7.42,-5.715,0.385,26
"[-299,-200]",HR≥50/EDG≥-5.0/CV≤0.5/μ≥0.5/TP≥60,66.67,-5.0,0.5,0.5,60.0,111,108,72,36,66.67,-5.29,-18.01,7.42,-5.715,0.385,26
"[-299,-200]",HR≥50/EDG≥-5.0/CV≤0.5/μ≥0.5/TP≥65,66.99,-5.0,0.5,0.5,65.0,106,103,69,34,66.99,-5.02,-17.98,7.94,-5.172,0.385,26
"[-299,-200]",HR≥50/EDG≥-5.0/CV≤0.5/μ≥1.0/TP≥-,66.32,-5.0,0.5,1.0,,96,95,63,32,66.32,-5.71,-19.32,7.9,-5.426,0.32,25
"[-299,-200]",HR≥50/EDG≥-5.0/CV≤0.5/μ≥1.0/TP≥50,66.32,-5.0,0.5,1.0,50.0,96,95,63,32,66.32,-5.71,-19.32,7.9,-5.426,0.32,25
"[-299,-200]",HR≥50/EDG≥-5.0/CV≤0.5/μ≥1.0/TP≥55,66.32,-5.0,0.5,1.0,55.0,96,95,63,32,66.32,-5.71,-19.32,7.9,-5.426,0.32,25
"[-299,-200]",HR≥50/EDG≥-5.0/CV≤0.5/μ≥1.0/TP≥60,66.32,-5.0,0.5,1.0,60.0,96,95,63,32,66.32,-5.71,-19.32,7.9,-5.426,0.32,25
"[-299,-200]",HR≥50/EDG≥-5.0/CV≤0.5/μ≥1.0/TP≥65,66.3,-5.0,0.5,1.0,65.0,93,92,61,31,66.3,-5.85,-19.67,7.96,-5.383,0.36,25
"[-299,-200]",HR≥50/EDG≥-5.0/CV≤0.45/μ≥-/TP≥-,66.67,-5.0,0.45,,,84,81,54,27,66.67,-5.3,-20.0,9.4,-4.293,0.385,26
"[-299,-200]",HR≥50/EDG≥-5.0/CV≤0.45/μ≥-/TP≥50,66.67,-5.0,0.45,,50.0,84,81,54,27,66.67,-5.3,-20.0,9.4,-4.293,0.385,26
"[-299,-200]",HR≥50/EDG≥-5.0/CV≤0.45/μ≥-/TP≥55,66.67,-5.0,0.45,,55.0,84,81,54,27,66.67,-5.3,-20.0,9.4,-4.293,0.385,26
"[-299,-200]",HR≥50/EDG≥-5.0/CV≤0.45/μ≥-/TP≥60,66.67,-5.0,0.45,,60.0,84,81,54,27,66.67,-5.3,-20.0,9.4,-4.293,0.385,26
"[-299,-200]",HR≥50/EDG≥-5.0/CV≤0.45/μ≥-/TP≥65,66.67,-5.0,0.45,,65.0,81,78,52,26,66.67,-5.47,-20.43,9.48,-4.27,0.385,26
"[-299,-200]",HR≥50/EDG≥-5.0/CV≤0.45/μ≥0.0/TP≥-,66.67,-5.0,0.45,0.0,,84,81,54,27,66.67,-5.3,-20.0,9.4,-4.293,0.385,26
"[-299,-200]",HR≥50/EDG≥-5.0/CV≤0.45/μ≥0.0/TP≥50,66.67,-5.0,0.45,0.0,50.0,84,81,54,27,66.67,-5.3,-20.0,9.4,-4.293,0.385,26
"[-299,-200]",HR≥50/EDG≥-5.0/CV≤0.45/μ≥0.0/TP≥55,66.67,-5.0,0.45,0.0,55.0,84,81,54,27,66.67,-5.3,-20.0,9.4,-4.293,0.385,26
"[-299,-200]",HR≥50/EDG≥-5.0/CV≤0.45/μ≥0.0/TP≥60,66.67,-5.0,0.45,0.0,60.0,84,81,54,27,66.67,-5.3,-20.0,9.4,-4.293,0.385,26
"[-299,-200]",HR≥50/EDG≥-5.0/CV≤0.45/μ≥0.0/TP≥65,66.67,-5.0,0.45,0.0,65.0,81,78,52,26,66.67,-5.47,-20.43,9.48,-4.27,0.385,26
"[-299,-200]",HR≥50/EDG≥-5.0/CV≤0.45/μ≥0.5/TP≥-,66.67,-5.0,0.45,0.5,,84,81,54,27,66.67,-5.3,-20.0,9.4,-4.293,0.385,26
"[-299,-200]",HR≥50/EDG≥-5.0/CV≤0.45/μ≥0.5/TP≥50,66.67,-5.0,0.45,0.5,50.0,84,81,54,27,66.67,-5.3,-20.0,9.4,-4.293,0.385,26
"[-299,-200]",HR≥50/EDG≥-5.0/CV≤0.45/μ≥0.5/TP≥55,66.67,-5.0,0.45,0.5,55.0,84,81,54,27,66.67,-5.3,-20.0,9.4,-4.293,0.385,26
"[-299,-200]",HR≥50/EDG≥-5.0/CV≤0.45/μ≥0.5/TP≥60,66.67,-5.0,0.45,0.5,60.0,84,81,54,27,66.67,-5.3,-20.0,9.4,-4.293,0.385,26
"[-299,-200]",HR≥50/EDG≥-5.0/CV≤0.45/μ≥0.5/TP≥65,66.67,-5.0,0.45,0.5,65.0,81,78,52,26,66.67,-5.47,-20.43,9.48,-4.27,0.385,26
"[-299,-200]",HR≥50/EDG≥-5.0/CV≤0.45/μ≥1.0/TP≥-,64.29,-5.0,0.45,1.0,,71,70,45,25,64.29,-8.58,-24.68,7.53,-6.004,0.32,25
"[-299,-200]",HR≥50/EDG≥-5.0/CV≤0.45/μ≥1.0/TP≥50,64.29,-5.0,0.45,1.0,50.0,71,70,45,25,64.29,-8.58,-24.68,7.53,-6.004,0.32,25
"[-299,-200]",HR≥50/EDG≥-5.0/CV≤0.45/μ≥1.0/TP≥55,64.29,-5.0,0.45,1.0,55.0,71,70,45,25,64.29,-8.58,-24.68,7.53,-6.004,0.32,25
"[-299,-200]",HR≥50/EDG≥-5.0/CV≤0.45/μ≥1.0/TP≥60,64.29,-5.0,0.45,1.0,60.0,71,70,45,25,64.29,-8.58,-24.68,7.53,-6.004,0.32,25
"[-299,-200]",HR≥50/EDG≥-5.0/CV≤0.45/μ≥1.0/TP≥65,64.71,-5.0,0.45,1.0,65.0,69,68,44,24,64.71,-8.06,-24.35,8.23,-5.48,0.32,25
"[-299,-200]",HR≥50/EDG≥-5.0/CV≤0.4/μ≥-/TP≥-,72.41,-5.0,0.4,,,61,58,42,16,72.41,2.75,-13.75,19.25,1.595,0.524,21
"[-299,-200]",HR≥50/EDG≥-5.0/CV≤0.4/μ≥-/TP≥50,72.41,-5.0,0.4,,50.0,61,58,42,16,72.41,2.75,-13.75,19.25,1.595,0.524,21
"[-299,-200]",HR≥50/EDG≥-5.0/CV≤0.4/μ≥-/TP≥55,72.41,-5.0,0.4,,55.0,61,58,42,16,72.41,2.75,-13.75,19.25,1.595,0.524,21
"[-299,-200]",HR≥50/EDG≥-5.0/CV≤0.4/μ≥-/TP≥60,72.41,-5.0,0.4,,60.0,61,58,42,16,72.41,2.75,-13.75,19.25,1.595,0.524,21
"[-299,-200]",HR≥50/EDG≥-5.0/CV≤0.4/μ≥-/TP≥65,73.21,-5.0,0.4,,65.0,59,56,41,15,73.21,3.78,-12.84,20.41,2.119,0.571,21
"[-299,-200]",HR≥50/EDG≥-5.0/CV≤0.4/μ≥0.0/TP≥-,72.41,-5.0,0.4,0.0,,61,58,42,16,72.41,2.75,-13.75,19.25,1.595,0.524,21
"[-299,-200]",HR≥50/EDG≥-5.0/CV≤0.4/μ≥0.0/TP≥50,72.41,-5.0,0.4,0.0,50.0,61,58,42,16,72.41,2.75,-13.75,19.25,1.595,0.524,21
"[-299,-200]",HR≥50/EDG≥-5.0/CV≤0.4/μ≥0.0/TP≥55,72.41,-5.0,0.4,0.0,55.0,61,58,42,16,72.41,2.75,-13.75,19.25,1.595,0.524,21
"[-299,-200]",HR≥50/EDG≥-5.0/CV≤0.4/μ≥0.0/TP≥60,72.41,-5.0,0.4,0.0,60.0,61,58,42,16,72.41,2.75,-13.75,19.25,1.595,0.524,21
"[-299,-200]",HR≥50/EDG≥-5.0/CV≤0.4/μ≥0.0/TP≥65,73.21,-5.0,0.4,0.0,65.0,59,56,41,15,73.21,3.78,-12.84,20.41,2.119,0.571,21
"[-299,-200]",HR≥50/EDG≥-5.0/CV≤0.4/μ≥0.5/TP≥-,72.41,-5.0,0.4,0.5,,61,58,42,16,72.41,2.75,-13.75,19.25,1.595,0.524,21
"[-299,-200]",HR≥50/EDG≥-5.0/CV≤0.4/μ≥0.5/TP≥50,72.41,-5.0,0.4,0.5,50.0,61,58,42,16,72.41,2.75,-13.75,19.25,1.595,0.524,21
"[-299,-200]",HR≥50/EDG≥-5.0/CV≤0.4/μ≥0.5/TP≥55,72.41,-5.0,0.4,0.5,55.0,61,58,42,16,72.41,2.75,-13.75,19.25,1.595,0.524,21
"[-299,-200]",HR≥50/EDG≥-5.0/CV≤0.4/μ≥0.5/TP≥60,72.41,-5.0,0.4,0.5,60.0,61,58,42,16,72.41,2.75,-13.75,19.25,1.595,0.524,21
"[-299,-200]",HR≥50/EDG≥-5.0/CV≤0.4/μ≥0.5/TP≥65,73.21,-5.0,0.4,0.5,65.0,59,56,41,15,73.21,3.78,-12.84,20.41,2.119,0.571,21
"[-299,-200]",HR≥50/EDG≥-5.0/CV≤0.4/μ≥1.0/TP≥-,70.0,-5.0,0.4,1.0,,51,50,35,15,70.0,-0.43,-18.72,17.85,-0.216,0.381,21
"[-299,-200]",HR≥50/EDG≥-5.0/CV≤0.4/μ≥1.0/TP≥50,70.0,-5.0,0.4,1.0,50.0,51,50,35,15,70.0,-0.43,-18.72,17.85,-0.216,0.381,21
"[-299,-200]",HR≥50/EDG≥-5.0/CV≤0.4/μ≥1.0/TP≥55,70.0,-5.0,0.4,1.0,55.0,51,50,35,15,70.0,-0.43,-18.72,17.85,-0.216,0.381,21
"[-299,-200]",HR≥50/EDG≥-5.0/CV≤0.4/μ≥1.0/TP≥60,70.0,-5.0,0.4,1.0,60.0,51,50,35,15,70.0,-0.43,-18.72,17.85,-0.216,0.381,21
"[-299,-200]",HR≥50/EDG≥-5.0/CV≤0.4/μ≥1.0/TP≥65,70.83,-5.0,0.4,1.0,65.0,49,48,34,14,70.83,0.64,-17.86,19.14,0.308,0.429,21
"[-299,-200]",HR≥50/EDG≥0.0/CV≤-/μ≥-/TP≥-,69.67,0.0,,,,123,122,85,37,69.67,-1.14,-12.79,10.5,-1.395,0.481,27
"[-299,-200]",HR≥50/EDG≥0.0/CV≤-/μ≥-/TP≥50,69.67,0.0,,,50.0,123,122,85,37,69.67,-1.14,-12.79,10.5,-1.395,0.481,27
"[-299,-200]",HR≥50/EDG≥0.0/CV≤-/μ≥-/TP≥55,69.67,0.0,,,55.0,123,122,85,37,69.67,-1.14,-12.79,10.5,-1.395,0.481,27
"[-299,-200]",HR≥50/EDG≥0.0/CV≤-/μ≥-/TP≥60,69.67,0.0,,,60.0,123,122,85,37,69.67,-1.14,-12.79,10.5,-1.395,0.481,27
"[-299,-200]",HR≥50/EDG≥0.0/CV≤-/μ≥-/TP≥65,70.34,0.0,,,65.0,119,118,83,35,70.34,-0.3,-12.05,11.46,-0.351,0.481,27
"[-299,-200]",HR≥50/EDG≥0.0/CV≤-/μ≥0.0/TP≥-,69.67,0.0,,0.0,,123,122,85,37,69.67,-1.14,-12.79,10.5,-1.395,0.481,27
"[-299,-200]",HR≥50/EDG≥0.0/CV≤-/μ≥0.0/TP≥50,69.67,0.0,,0.0,50.0,123,122,85,37,69.67,-1.14,-12.79,10.5,-1.395,0.481,27
"[-299,-200]",HR≥50/EDG≥0.0/CV≤-/μ≥0.0/TP≥55,69.67,0.0,,0.0,55.0,123,122,85,37,69.67,-1.14,-12.79,10.5,-1.395,0.481,27
"[-299,-200]",HR≥50/EDG≥0.0/CV≤-/μ≥0.0/TP≥60,69.67,0.0,,0.0,60.0,123,122,85,37,69.67,-1.14,-12.79,10.5,-1.395,0.481,27
"[-299,-200]",HR≥50/EDG≥0.0/CV≤-/μ≥0.0/TP≥65,70.34,0.0,,0.0,65.0,119,118,83,35,70.34,-0.3,-12.05,11.46,-0.351,0.481,27
"[-299,-200]",HR≥50/EDG≥0.0/CV≤-/μ≥0.5/TP≥-,69.67,0.0,,0.5,,123,122,85,37,69.67,-1.14,-12.79,10.5,-1.395,0.481,27
"[-299,-200]",HR≥50/EDG≥0.0/CV≤-/μ≥0.5/TP≥50,69.67,0.0,,0.5,50.0,123,122,85,37,69.67,-1.14,-12.79,10.5,-1.395,0.481,27
"[-299,-200]",HR≥50/EDG≥0.0/CV≤-/μ≥0.5/TP≥55,69.67,0.0,,0.5,55.0,123,122,85,37,69.67,-1.14,-12.79,10.5,-1.395,0.481,27
"[-299,-200]",HR≥50/EDG≥0.0/CV≤-/μ≥0.5/TP≥60,69.67,0.0,,0.5,60.0,123,122,85,37,69.67,-1.14,-12.79,10.5,-1.395,0.481,27
"[-299,-200]",HR≥50/EDG≥0.0/CV≤-/μ≥0.5/TP≥65,70.34,0.0,,0.5,65.0,119,118,83,35,70.34,-0.3,-12.05,11.46,-0.351,0.481,27
"[-299,-200]",HR≥50/EDG≥0.0/CV≤-/μ≥1.0/TP≥-,70.34,0.0,,1.0,,118,118,83,35,70.34,-0.14,-11.91,11.64,-0.162,0.481,27
"[-299,-200]",HR≥50/EDG≥0.0/CV≤-/μ≥1.0/TP≥50,70.34,0.0,,1.0,50.0,118,118,83,35,70.34,-0.14,-11.91,11.64,-0.162,0.481,27
"[-299,-200]",HR≥50/EDG≥0.0/CV≤-/μ≥1.0/TP≥55,70.34,0.0,,1.0,55.0,118,118,83,35,70.34,-0.14,-11.91,11.64,-0.162,0.481,27
"[-299,-200]",HR≥50/EDG≥0.0/CV≤-/μ≥1.0/TP≥60,70.34,0.0,,1.0,60.0,118,118,83,35,70.34,-0.14,-11.91,11.64,-0.162,0.481,27
"[-299,-200]",HR≥50/EDG≥0.0/CV≤-/μ≥1.0/TP≥65,71.05,0.0,,1.0,65.0,114,114,81,33,71.05,0.77,-11.11,12.66,0.881,0.481,27
"[-299,-200]",HR≥50/EDG≥0.0/CV≤0.7/μ≥-/TP≥-,68.91,0.0,0.7,,,120,119,82,37,68.91,-2.25,-14.12,9.62,-2.679,0.407,27
"[-299,-200]",HR≥50/EDG≥0.0/CV≤0.7/μ≥-/TP≥50,68.91,0.0,0.7,,50.0,120,119,82,37,68.91,-2.25,-14.12,9.62,-2.679,0.407,27
"[-299,-200]",HR≥50/EDG≥0.0/CV≤0.7/μ≥-/TP≥55,68.91,0.0,0.7,,55.0,120,119,82,37,68.91,-2.25,-14.12,9.62,-2.679,0.407,27
"[-299,-200]",HR≥50/EDG≥0.0/CV≤0.7/μ≥-/TP≥60,68.91,0.0,0.7,,60.0,120,119,82,37,68.91,-2.25,-14.12,9.62,-2.679,0.407,27
"[-299,-200]",HR≥50/EDG≥0.0/CV≤0.7/μ≥-/TP≥65,69.57,0.0,0.7,,65.0,116,115,80,35,69.57,-1.42,-13.41,10.57,-1.636,0.444,27
"[-299,-200]",HR≥50/EDG≥0.0/CV≤0.7/μ≥0.0/TP≥-,68.91,0.0,0.7,0.0,,120,119,82,37,68.91,-2.25,-14.12,9.62,-2.679,0.407,27
"[-299,-200]",HR≥50/EDG≥0.0/CV≤0.7/μ≥0.0/TP≥50,68.91,0.0,0.7,0.0,50.0,120,119,82,37,68.91,-2.25,-14.12,9.62,-2.679,0.407,27
"[-299,-200]",HR≥50/EDG≥0.0/CV≤0.7/μ≥0.0/TP≥55,68.91,0.0,0.7,0.0,55.0,120,119,82,37,68.91,-2.25,-14.12,9.62,-2.679,0.407,27
"[-299,-200]",HR≥50/EDG≥0.0/CV≤0.7/μ≥0.0/TP≥60,68.91,0.0,0.7,0.0,60.0,120,119,82,37,68.91,-2.25,-14.12,9.62,-2.679,0.407,27
"[-299,-200]",HR≥50/EDG≥0.0/CV≤0.7/μ≥0.0/TP≥65,69.57,0.0,0.7,0.0,65.0,116,115,80,35,69.57,-1.42,-13.41,10.57,-1.636,0.444,27
"[-299,-200]",HR≥50/EDG≥0.0/CV≤0.7/μ≥0.5/TP≥-,68.91,0.0,0.7,0.5,,120,119,82,37,68.91,-2.25,-14.12,9.62,-2.679,0.407,27
"[-299,-200]",HR≥50/EDG≥0.0/CV≤0.7/μ≥0.5/TP≥50,68.91,0.0,0.7,0.5,50.0,120,119,82,37,68.91,-2.25,-14.12,9.62,-2.679,0.407,27
"[-299,-200]",HR≥50/EDG≥0.0/CV≤0.7/μ≥0.5/TP≥55,68.91,0.0,0.7,0.5,55.0,120,119,82,37,68.91,-2.25,-14.12,9.62,-2.679,0.407,27
"[-299,-200]",HR≥50/EDG≥0.0/CV≤0.7/μ≥0.5/TP≥60,68.91,0.0,0.7,0.5,60.0,120,119,82,37,68.91,-2.25,-14.12,9.62,-2.679,0.407,27
"[-299,-200]",HR≥50/EDG≥0.0/CV≤0.7/μ≥0.5/TP≥65,69.57,0.0,0.7,0.5,65.0,116,115,80,35,69.57,-1.42,-13.41,10.57,-1.636,0.444,27
"[-299,-200]",HR≥50/EDG≥0.0/CV≤0.7/μ≥1.0/TP≥-,69.57,0.0,0.7,1.0,,115,115,80,35,69.57,-1.26,-13.27,10.75,-1.447,0.407,27
"[-299,-200]",HR≥50/EDG≥0.0/CV≤0.7/μ≥1.0/TP≥50,69.57,0.0,0.7,1.0,50.0,115,115,80,35,69.57,-1.26,-13.27,10.75,-1.447,0.407,27
"[-299,-200]",HR≥50/EDG≥0.0/CV≤0.7/μ≥1.0/TP≥55,69.57,0.0,0.7,1.0,55.0,115,115,80,35,69.57,-1.26,-13.27,10.75,-1.447,0.407,27
"[-299,-200]",HR≥50/EDG≥0.0/CV≤0.7/μ≥1.0/TP≥60,69.57,0.0,0.7,1.0,60.0,115,115,80,35,69.57,-1.26,-13.27,10.75,-1.447,0.407,27
"[-299,-200]",HR≥50/EDG≥0.0/CV≤0.7/μ≥1.0/TP≥65,70.27,0.0,0.7,1.0,65.0,111,111,78,33,70.27,-0.36,-12.5,11.77,-0.404,0.444,27
"[-299,-200]",HR≥50/EDG≥0.0/CV≤0.6/μ≥-/TP≥-,68.14,0.0,0.6,,,114,113,77,36,68.14,-3.23,-15.51,9.05,-3.649,0.37,27
"[-299,-200]",HR≥50/EDG≥0.0/CV≤0.6/μ≥-/TP≥50,68.14,0.0,0.6,,50.0,114,113,77,36,68.14,-3.23,-15.51,9.05,-3.649,0.37,27
"[-299,-200]",HR≥50/EDG≥0.0/CV≤0.6/μ≥-/TP≥55,68.14,0.0,0.6,,55.0,114,113,77,36,68.14,-3.23,-15.51,9.05,-3.649,0.37,27
"[-299,-200]",HR≥50/EDG≥0.0/CV≤0.6/μ≥-/TP≥60,68.14,0.0,0.6,,60.0,114,113,77,36,68.14,-3.23,-15.51,9.05,-3.649,0.37,27
"[-299,-200]",HR≥50/EDG≥0.0/CV≤0.6/μ≥-/TP≥65,68.81,0.0,0.6,,65.0,110,109,75,34,68.81,-2.39,-14.81,10.03,-2.606,0.407,27
"[-299,-200]",HR≥50/EDG≥0.0/CV≤0.6/μ≥0.0/TP≥-,68.14,0.0,0.6,0.0,,114,113,77,36,68.14,-3.23,-15.51,9.05,-3.649,0.37,27
"[-299,-200]",HR≥50/EDG≥0.0/CV≤0.6/μ≥0.0/TP≥50,68.14,0.0,0.6,0.0,50.0,114,113,77,36,68.14,-3.23,-15.51,9.05,-3.649,0.37,27
"[-299,-200]",HR≥50/EDG≥0.0/CV≤0.6/μ≥0.0/TP≥55,68.14,0.0,0.6,0.0,55.0,114,113,77,36,68.14,-3.23,-15.51,9.05,-3.649,0.37,27
"[-299,-200]",HR≥50/EDG≥0.0/CV≤0.6/μ≥0.0/TP≥60,68.14,0.0,0.6,0.0,60.0,114,113,77,36,68.14,-3.23,-15.51,9.05,-3.649,0.37,27
"[-299,-200]",HR≥50/EDG≥0.0/CV≤0.6/μ≥0.0/TP≥65,68.81,0.0,0.6,0.0,65.0,110,109,75,34,68.81,-2.39,-14.81,10.03,-2.606,0.407,27
"[-299,-200]",HR≥50/EDG≥0.0/CV≤0.6/μ≥0.5/TP≥-,68.14,0.0,0.6,0.5,,114,113,77,36,68.14,-3.23,-15.51,9.05,-3.649,0.37,27
"[-299,-200]",HR≥50/EDG≥0.0/CV≤0.6/μ≥0.5/TP≥50,68.14,0.0,0.6,0.5,50.0,114,113,77,36,68.14,-3.23,-15.51,9.05,-3.649,0.37,27
"[-299,-200]",HR≥50/EDG≥0.0/CV≤0.6/μ≥0.5/TP≥55,68.14,0.0,0.6,0.5,55.0,114,113,77,36,68.14,-3.23,-15.51,9.05,-3.649,0.37,27
"[-299,-200]",HR≥50/EDG≥0.0/CV≤0.6/μ≥0.5/TP≥60,68.14,0.0,0.6,0.5,60.0,114,113,77,36,68.14,-3.23,-15.51,9.05,-3.649,0.37,27
"[-299,-200]",HR≥50/EDG≥0.0/CV≤0.6/μ≥0.5/TP≥65,68.81,0.0,0.6,0.5,65.0,110,109,75,34,68.81,-2.39,-14.81,10.03,-2.606,0.407,27
"[-299,-200]",HR≥50/EDG≥0.0/CV≤0.6/μ≥1.0/TP≥-,68.81,0.0,0.6,1.0,,109,109,75,34,68.81,-2.22,-14.66,10.22,-2.416,0.407,27
"[-299,-200]",HR≥50/EDG≥0.0/CV≤0.6/μ≥1.0/TP≥50,68.81,0.0,0.6,1.0,50.0,109,109,75,34,68.81,-2.22,-14.66,10.22,-2.416,0.407,27
"[-299,-200]",HR≥50/EDG≥0.0/CV≤0.6/μ≥1.0/TP≥55,68.81,0.0,0.6,1.0,55.0,109,109,75,34,68.81,-2.22,-14.66,10.22,-2.416,0.407,27
"[-299,-200]",HR≥50/EDG≥0.0/CV≤0.6/μ≥1.0/TP≥60,68.81,0.0,0.6,1.0,60.0,109,109,75,34,68.81,-2.22,-14.66,10.22,-2.416,0.407,27
"[-299,-200]",HR≥50/EDG≥0.0/CV≤0.6/μ≥1.0/TP≥65,69.52,0.0,0.6,1.0,65.0,105,105,73,32,69.52,-1.31,-13.89,11.27,-1.373,0.444,27
"[-299,-200]",HR≥50/EDG≥0.0/CV≤0.5/μ≥-/TP≥-,67.39,0.0,0.5,,,93,92,62,30,67.39,-4.11,-17.84,9.61,-3.786,0.36,25
"[-299,-200]",HR≥50/EDG≥0.0/CV≤0.5/μ≥-/TP≥50,67.39,0.0,0.5,,50.0,93,92,62,30,67.39,-4.11,-17.84,9.61,-3.786,0.36,25
"[-299,-200]",HR≥50/EDG≥0.0/CV≤0.5/μ≥-/TP≥55,67.39,0.0,0.5,,55.0,93,92,62,30,67.39,-4.11,-17.84,9.61,-3.786,0.36,25
"[-299,-200]",HR≥50/EDG≥0.0/CV≤0.5/μ≥-/TP≥60,67.39,0.0,0.5,,60.0,93,92,62,30,67.39,-4.11,-17.84,9.61,-3.786,0.36,25
"[-299,-200]",HR≥50/EDG≥0.0/CV≤0.5/μ≥-/TP≥65,67.42,0.0,0.5,,65.0,90,89,60,29,67.42,-4.21,-18.15,9.74,-3.743,0.4,25
"[-299,-200]",HR≥50/EDG≥0.0/CV≤0.5/μ≥0.0/TP≥-,67.39,0.0,0.5,0.0,,93,92,62,30,67.39,-4.11,-17.84,9.61,-3.786,0.36,25
"[-299,-200]",HR≥50/EDG≥0.0/CV≤0.5/μ≥0.0/TP≥50,67.39,0.0,0.5,0.0,50.0,93,92,62,30,67.39,-4.11,-17.84,9.61,-3.786,0.36,25
"[-299,-200]",HR≥50/EDG≥0.0/CV≤0.5/μ≥0.0/TP≥55,67.39,0.0,0.5,0.0,55.0,93,92,62,30,67.39,-4.11,-17.84,9.61,-3.786,0.36,25
"[-299,-200]",HR≥50/EDG≥0.0/CV≤0.5/μ≥0.0/TP≥60,67.39,0.0,0.5,0.0,60.0,93,92,62,30,67.39,-4.11,-17.84,9.61,-3.786,0.36,25
"[-299,-200]",HR≥50/EDG≥0.0/CV≤0.5/μ≥0.0/TP≥65,67.42,0.0,0.5,0.0,65.0,90,89,60,29,67.42,-4.21,-18.15,9.74,-3.743,0.4,25
"[-299,-200]",HR≥50/EDG≥0.0/CV≤0.5/μ≥0.5/TP≥-,67.39,0.0,0.5,0.5,,93,92,62,30,67.39,-4.11,-17.84,9.61,-3.786,0.36,25
"[-299,-200]",HR≥50/EDG≥0.0/CV≤0.5/μ≥0.5/TP≥50,67.39,0.0,0.5,0.5,50.0,93,92,62,30,67.39,-4.11,-17.84,9.61,-3.786,0.36,25
"[-299,-200]",HR≥50/EDG≥0.0/CV≤0.5/μ≥0.5/TP≥55,67.39,0.0,0.5,0.5,55.0,93,92,62,30,67.39,-4.11,-17.84,9.61,-3.786,0.36,25
"[-299,-200]",HR≥50/EDG≥0.0/CV≤0.5/μ≥0.5/TP≥60,67.39,0.0,0.5,0.5,60.0,93,92,62,30,67.39,-4.11,-17.84,9.61,-3.786,0.36,25
"[-299,-200]",HR≥50/EDG≥0.0/CV≤0.5/μ≥0.5/TP≥65,67.42,0.0,0.5,0.5,65.0,90,89,60,29,67.42,-4.21,-18.15,9.74,-3.743,0.4,25
"[-299,-200]",HR≥50/EDG≥0.0/CV≤0.5/μ≥1.0/TP≥-,68.18,0.0,0.5,1.0,,88,88,60,28,68.18,-2.9,-16.87,11.06,-2.553,0.44,25
"[-299,-200]",HR≥50/EDG≥0.0/CV≤0.5/μ≥1.0/TP≥50,68.18,0.0,0.5,1.0,50.0,88,88,60,28,68.18,-2.9,-16.87,11.06,-2.553,0.44,25
"[-299,-200]",HR≥50/EDG≥0.0/CV≤0.5/μ≥1.0/TP≥55,68.18,0.0,0.5,1.0,55.0,88,88,60,28,68.18,-2.9,-16.87,11.06,-2.553,0.44,25
"[-299,-200]",HR≥50/EDG≥0.0/CV≤0.5/μ≥1.0/TP≥60,68.18,0.0,0.5,1.0,60.0,88,88,60,28,68.18,-2.9,-16.87,11.06,-2.553,0.44,25
"[-299,-200]",HR≥50/EDG≥0.0/CV≤0.5/μ≥1.0/TP≥65,68.24,0.0,0.5,1.0,65.0,85,85,58,27,68.24,-2.95,-17.14,11.23,-2.51,0.48,25
"[-299,-200]",HR≥50/EDG≥0.0/CV≤0.45/μ≥-/TP≥-,65.22,0.0,0.45,,,70,69,45,24,65.22,-7.27,-23.39,8.86,-5.013,0.4,25
"[-299,-200]",HR≥50/EDG≥0.0/CV≤0.45/μ≥-/TP≥50,65.22,0.0,0.45,,50.0,70,69,45,24,65.22,-7.27,-23.39,8.86,-5.013,0.4,25
"[-299,-200]",HR≥50/EDG≥0.0/CV≤0.45/μ≥-/TP≥55,65.22,0.0,0.45,,55.0,70,69,45,24,65.22,-7.27,-23.39,8.86,-5.013,0.4,25
"[-299,-200]",HR≥50/EDG≥0.0/CV≤0.45/μ≥-/TP≥60,65.22,0.0,0.45,,60.0,70,69,45,24,65.22,-7.27,-23.39,8.86,-5.013,0.4,25
"[-299,-200]",HR≥50/EDG≥0.0/CV≤0.45/μ≥-/TP≥65,65.67,0.0,0.45,,65.0,68,67,44,23,65.67,-6.7,-23.0,9.6,-4.489,0.4,25
"[-299,-200]",HR≥50/EDG≥0.0/CV≤0.45/μ≥0.0/TP≥-,65.22,0.0,0.45,0.0,,70,69,45,24,65.22,-7.27,-23.39,8.86,-5.013,0.4,25
"[-299,-200]",HR≥50/EDG≥0.0/CV≤0.45/μ≥0.0/TP≥50,65.22,0.0,0.45,0.0,50.0,70,69,45,24,65.22,-7.27,-23.39,8.86,-5.013,0.4,25
"[-299,-200]",HR≥50/EDG≥0.0/CV≤0.45/μ≥0.0/TP≥55,65.22,0.0,0.45,0.0,55.0,70,69,45,24,65.22,-7.27,-23.39,8.86,-5.013,0.4,25
"[-299,-200]",HR≥50/EDG≥0.0/CV≤0.45/μ≥0.0/TP≥60,65.22,0.0,0.45,0.0,60.0,70,69,45,24,65.22,-7.27,-23.39,8.86,-5.013,0.4,25
"[-299,-200]",HR≥50/EDG≥0.0/CV≤0.45/μ≥0.0/TP≥65,65.67,0.0,0.45,0.0,65.0,68,67,44,23,65.67,-6.7,-23.0,9.6,-4.489,0.4,25
"[-299,-200]",HR≥50/EDG≥0.0/CV≤0.45/μ≥0.5/TP≥-,65.22,0.0,0.45,0.5,,70,69,45,24,65.22,-7.27,-23.39,8.86,-5.013,0.4,25
"[-299,-200]",HR≥50/EDG≥0.0/CV≤0.45/μ≥0.5/TP≥50,65.22,0.0,0.45,0.5,50.0,70,69,45,24,65.22,-7.27,-23.39,8.86,-5.013,0.4,25
"[-299,-200]",HR≥50/EDG≥0.0/CV≤0.45/μ≥0.5/TP≥55,65.22,0.0,0.45,0.5,55.0,70,69,45,24,65.22,-7.27,-23.39,8.86,-5.013,0.4,25
"[-299,-200]",HR≥50/EDG≥0.0/CV≤0.45/μ≥0.5/TP≥60,65.22,0.0,0.45,0.5,60.0,70,69,45,24,65.22,-7.27,-23.39,8.86,-5.013,0.4,25
"[-299,-200]",HR≥50/EDG≥0.0/CV≤0.45/μ≥0.5/TP≥65,65.67,0.0,0.45,0.5,65.0,68,67,44,23,65.67,-6.7,-23.0,9.6,-4.489,0.4,25
"[-299,-200]",HR≥50/EDG≥0.0/CV≤0.45/μ≥1.0/TP≥-,65.15,0.0,0.45,1.0,,66,66,43,23,65.15,-7.24,-23.76,9.28,-4.781,0.36,25
"[-299,-200]",HR≥50/EDG≥0.0/CV≤0.45/μ≥1.0/TP≥50,65.15,0.0,0.45,1.0,50.0,66,66,43,23,65.15,-7.24,-23.76,9.28,-4.781,0.36,25
"[-299,-200]",HR≥50/EDG≥0.0/CV≤0.45/μ≥1.0/TP≥55,65.15,0.0,0.45,1.0,55.0,66,66,43,23,65.15,-7.24,-23.76,9.28,-4.781,0.36,25
"[-299,-200]",HR≥50/EDG≥0.0/CV≤0.45/μ≥1.0/TP≥60,65.15,0.0,0.45,1.0,60.0,66,66,43,23,65.15,-7.24,-23.76,9.28,-4.781,0.36,25
"[-299,-200]",HR≥50/EDG≥0.0/CV≤0.45/μ≥1.0/TP≥65,65.62,0.0,0.45,1.0,65.0,64,64,42,22,65.62,-6.65,-23.36,10.06,-4.257,0.36,25
"[-299,-200]",HR≥50/EDG≥0.0/CV≤0.4/μ≥-/TP≥-,72.0,0.0,0.4,,,51,50,36,14,72.0,2.4,-15.51,20.32,1.201,0.476,21
"[-299,-200]",HR≥50/EDG≥0.0/CV≤0.4/μ≥-/TP≥50,72.0,0.0,0.4,,50.0,51,50,36,14,72.0,2.4,-15.51,20.32,1.201,0.476,21
"[-299,-200]",HR≥50/EDG≥0.0/CV≤0.4/μ≥-/TP≥55,72.0,0.0,0.4,,55.0,51,50,36,14,72.0,2.4,-15.51,20.32,1.201,0.476,21
"[-299,-200]",HR≥50/EDG≥0.0/CV≤0.4/μ≥-/TP≥60,72.0,0.0,0.4,,60.0,51,50,36,14,72.0,2.4,-15.51,20.32,1.201,0.476,21
"[-299,-200]",HR≥50/EDG≥0.0/CV≤0.4/μ≥-/TP≥65,72.92,0.0,0.4,,65.0,49,48,35,13,72.92,3.59,-14.49,21.68,1.725,0.524,21
"[-299,-200]",HR≥50/EDG≥0.0/CV≤0.4/μ≥0.0/TP≥-,72.0,0.0,0.4,0.0,,51,50,36,14,72.0,2.4,-15.51,20.32,1.201,0.476,21
"[-299,-200]",HR≥50/EDG≥0.0/CV≤0.4/μ≥0.0/TP≥50,72.0,0.0,0.4,0.0,50.0,51,50,36,14,72.0,2.4,-15.51,20.32,1.201,0.476,21
"[-299,-200]",HR≥50/EDG≥0.0/CV≤0.4/μ≥0.0/TP≥55,72.0,0.0,0.4,0.0,55.0,51,50,36,14,72.0,2.4,-15.51,20.32,1.201,0.476,21
"[-299,-200]",HR≥50/EDG≥0.0/CV≤0.4/μ≥0.0/TP≥60,72.0,0.0,0.4,0.0,60.0,51,50,36,14,72.0,2.4,-15.51,20.32,1.201,0.476,21
"[-299,-200]",HR≥50/EDG≥0.0/CV≤0.4/μ≥0.0/TP≥65,72.92,0.0,0.4,0.0,65.0,49,48,35,13,72.92,3.59,-14.49,21.68,1.725,0.524,21
"[-299,-200]",HR≥50/EDG≥0.0/CV≤0.4/μ≥0.5/TP≥-,72.0,0.0,0.4,0.5,,51,50,36,14,72.0,2.4,-15.51,20.32,1.201,0.476,21
"[-299,-200]",HR≥50/EDG≥0.0/CV≤0.4/μ≥0.5/TP≥50,72.0,0.0,0.4,0.5,50.0,51,50,36,14,72.0,2.4,-15.51,20.32,1.201,0.476,21
"[-299,-200]",HR≥50/EDG≥0.0/CV≤0.4/μ≥0.5/TP≥55,72.0,0.0,0.4,0.5,55.0,51,50,36,14,72.0,2.4,-15.51,20.32,1.201,0.476,21
"[-299,-200]",HR≥50/EDG≥0.0/CV≤0.4/μ≥0.5/TP≥60,72.0,0.0,0.4,0.5,60.0,51,50,36,14,72.0,2.4,-15.51,20.32,1.201,0.476,21
"[-299,-200]",HR≥50/EDG≥0.0/CV≤0.4/μ≥0.5/TP≥65,72.92,0.0,0.4,0.5,65.0,49,48,35,13,72.92,3.59,-14.49,21.68,1.725,0.524,21
"[-299,-200]",HR≥50/EDG≥0.0/CV≤0.4/μ≥1.0/TP≥-,72.34,0.0,0.4,1.0,,47,47,34,13,72.34,3.05,-15.4,21.5,1.433,0.476,21
"[-299,-200]",HR≥50/EDG≥0.0/CV≤0.4/μ≥1.0/TP≥50,72.34,0.0,0.4,1.0,50.0,47,47,34,13,72.34,3.05,-15.4,21.5,1.433,0.476,21
"[-299,-200]",HR≥50/EDG≥0.0/CV≤0.4/μ≥1.0/TP≥55,72.34,0.0,0.4,1.0,55.0,47,47,34,13,72.34,3.05,-15.4,21.5,1.433,0.476,21
"[-299,-200]",HR≥50/EDG≥0.0/CV≤0.4/μ≥1.0/TP≥60,72.34,0.0,0.4,1.0,60.0,47,47,34,13,72.34,3.05,-15.4,21.5,1.433,0.476,21
"[-299,-200]",HR≥50/EDG≥0.0/CV≤0.4/μ≥1.0/TP≥65,73.33,0.0,0.4,1.0,65.0,45,45,33,12,73.33,4.35,-14.28,22.98,1.957,0.524,21
"[-299,-200]",HR≥50/EDG≥5.0/CV≤-/μ≥-/TP≥-,68.69,5.0,,,,99,99,68,31,68.69,-2.01,-15.13,11.11,-1.989,0.423,26
"[-299,-200]",HR≥50/EDG≥5.0/CV≤-/μ≥-/TP≥50,68.69,5.0,,,50.0,99,99,68,31,68.69,-2.01,-15.13,11.11,-1.989,0.423,26
"[-299,-200]",HR≥50/EDG≥5.0/CV≤-/μ≥-/TP≥55,68.69,5.0,,,55.0,99,99,68,31,68.69,-2.01,-15.13,11.11,-1.989,0.423,26
"[-299,-200]",HR≥50/EDG≥5.0/CV≤-/μ≥-/TP≥60,68.69,5.0,,,60.0,99,99,68,31,68.69,-2.01,-15.13,11.11,-1.989,0.423,26
"[-299,-200]",HR≥50/EDG≥5.0/CV≤-/μ≥-/TP≥65,69.47,5.0,,,65.0,95,95,66,29,69.47,-1.0,-14.28,12.29,-0.946,0.462,26
"[-299,-200]",HR≥50/EDG≥5.0/CV≤-/μ≥0.0/TP≥-,68.69,5.0,,0.0,,99,99,68,31,68.69,-2.01,-15.13,11.11,-1.989,0.423,26
"[-299,-200]",HR≥50/EDG≥5.0/CV≤-/μ≥0.0/TP≥50,68.69,5.0,,0.0,50.0,99,99,68,31,68.69,-2.01,-15.13,11.11,-1.989,0.423,26
"[-299,-200]",HR≥50/EDG≥5.0/CV≤-/μ≥0.0/TP≥55,68.69,5.0,,0.0,55.0,99,99,68,31,68.69,-2.01,-15.13,11.11,-1.989,0.423,26
"[-299,-200]",HR≥50/EDG≥5.0/CV≤-/μ≥0.0/TP≥60,68.69,5.0,,0.0,60.0,99,99,68,31,68.69,-2.01,-15.13,11.11,-1.989,0.423,26
"[-299,-200]",HR≥50/EDG≥5.0/CV≤-/μ≥0.0/TP≥65,69.47,5.0,,0.0,65.0,95,95,66,29,69.47,-1.0,-14.28,12.29,-0.946,0.462,26
"[-299,-200]",HR≥50/EDG≥5.0/CV≤-/μ≥0.5/TP≥-,68.69,5.0,,0.5,,99,99,68,31,68.69,-2.01,-15.13,11.11,-1.989,0.423,26
"[-299,-200]",HR≥50/EDG≥5.0/CV≤-/μ≥0.5/TP≥50,68.69,5.0,,0.5,50.0,99,99,68,31,68.69,-2.01,-15.13,11.11,-1.989,0.423,26
"[-299,-200]",HR≥50/EDG≥5.0/CV≤-/μ≥0.5/TP≥55,68.69,5.0,,0.5,55.0,99,99,68,31,68.69,-2.01,-15.13,11.11,-1.989,0.423,26
"[-299,-200]",HR≥50/EDG≥5.0/CV≤-/μ≥0.5/TP≥60,68.69,5.0,,0.5,60.0,99,99,68,31,68.69,-2.01,-15.13,11.11,-1.989,0.423,26
"[-299,-200]",HR≥50/EDG≥5.0/CV≤-/μ≥0.5/TP≥65,69.47,5.0,,0.5,65.0,95,95,66,29,69.47,-1.0,-14.28,12.29,-0.946,0.462,26
"[-299,-200]",HR≥50/EDG≥5.0/CV≤-/μ≥1.0/TP≥-,69.39,5.0,,1.0,,98,98,68,30,69.39,-1.01,-14.12,12.1,-0.989,0.423,26
"[-299,-200]",HR≥50/EDG≥5.0/CV≤-/μ≥1.0/TP≥50,69.39,5.0,,1.0,50.0,98,98,68,30,69.39,-1.01,-14.12,12.1,-0.989,0.423,26
"[-299,-200]",HR≥50/EDG≥5.0/CV≤-/μ≥1.0/TP≥55,69.39,5.0,,1.0,55.0,98,98,68,30,69.39,-1.01,-14.12,12.1,-0.989,0.423,26
"[-299,-200]",HR≥50/EDG≥5.0/CV≤-/μ≥1.0/TP≥60,69.39,5.0,,1.0,60.0,98,98,68,30,69.39,-1.01,-14.12,12.1,-0.989,0.423,26
"[-299,-200]",HR≥50/EDG≥5.0/CV≤-/μ≥1.0/TP≥65,70.21,5.0,,1.0,65.0,94,94,66,28,70.21,0.06,-13.21,13.32,0.054,0.462,26
"[-299,-200]",HR≥50/EDG≥5.0/CV≤0.7/μ≥-/TP≥-,67.71,5.0,0.7,,,96,96,65,31,67.71,-3.41,-16.84,10.02,-3.274,0.423,26
"[-299,-200]",HR≥50/EDG≥5.0/CV≤0.7/μ≥-/TP≥50,67.71,5.0,0.7,,50.0,96,96,65,31,67.71,-3.41,-16.84,10.02,-3.274,0.423,26
"[-299,-200]",HR≥50/EDG≥5.0/CV≤0.7/μ≥-/TP≥55,67.71,5.0,0.7,,55.0,96,96,65,31,67.71,-3.41,-16.84,10.02,-3.274,0.423,26
"[-299,-200]",HR≥50/EDG≥5.0/CV≤0.7/μ≥-/TP≥60,67.71,5.0,0.7,,60.0,96,96,65,31,67.71,-3.41,-16.84,10.02,-3.274,0.423,26
"[-299,-200]",HR≥50/EDG≥5.0/CV≤0.7/μ≥-/TP≥65,68.48,5.0,0.7,,65.0,92,92,63,29,68.48,-2.43,-16.05,11.2,-2.231,0.462,26
"[-299,-200]",HR≥50/EDG≥5.0/CV≤0.7/μ≥0.0/TP≥-,67.71,5.0,0.7,0.0,,96,96,65,31,67.71,-3.41,-16.84,10.02,-3.274,0.423,26
"[-299,-200]",HR≥50/EDG≥5.0/CV≤0.7/μ≥0.0/TP≥50,67.71,5.0,0.7,0.0,50.0,96,96,65,31,67.71,-3.41,-16.84,10.02,-3.274,0.423,26
"[-299,-200]",HR≥50/EDG≥5.0/CV≤0.7/μ≥0.0/TP≥55,67.71,5.0,0.7,0.0,55.0,96,96,65,31,67.71,-3.41,-16.84,10.02,-3.274,0.423,26
"[-299,-200]",HR≥50/EDG≥5.0/CV≤0.7/μ≥0.0/TP≥60,67.71,5.0,0.7,0.0,60.0,96,96,65,31,67.71,-3.41,-16.84,10.02,-3.274,0.423,26
"[-299,-200]",HR≥50/EDG≥5.0/CV≤0.7/μ≥0.0/TP≥65,68.48,5.0,0.7,0.0,65.0,92,92,63,29,68.48,-2.43,-16.05,11.2,-2.231,0.462,26
"[-299,-200]",HR≥50/EDG≥5.0/CV≤0.7/μ≥0.5/TP≥-,67.71,5.0,0.7,0.5,,96,96,65,31,67.71,-3.41,-16.84,10.02,-3.274,0.423,26
"[-299,-200]",HR≥50/EDG≥5.0/CV≤0.7/μ≥0.5/TP≥50,67.71,5.0,0.7,0.5,50.0,96,96,65,31,67.71,-3.41,-16.84,10.02,-3.274,0.423,26
"[-299,-200]",HR≥50/EDG≥5.0/CV≤0.7/μ≥0.5/TP≥55,67.71,5.0,0.7,0.5,55.0,96,96,65,31,67.71,-3.41,-16.84,10.02,-3.274,0.423,26
"[-299,-200]",HR≥50/EDG≥5.0/CV≤0.7/μ≥0.5/TP≥60,67.71,5.0,0.7,0.5,60.0,96,96,65,31,67.71,-3.41,-16.84,10.02,-3.274,0.423,26
"[-299,-200]",HR≥50/EDG≥5.0/CV≤0.7/μ≥0.5/TP≥65,68.48,5.0,0.7,0.5,65.0,92,92,63,29,68.48,-2.43,-16.05,11.2,-2.231,0.462,26
"[-299,-200]",HR≥50/EDG≥5.0/CV≤0.7/μ≥1.0/TP≥-,68.42,5.0,0.7,1.0,,95,95,65,30,68.42,-2.39,-15.82,11.03,-2.274,0.423,26
"[-299,-200]",HR≥50/EDG≥5.0/CV≤0.7/μ≥1.0/TP≥50,68.42,5.0,0.7,1.0,50.0,95,95,65,30,68.42,-2.39,-15.82,11.03,-2.274,0.423,26
"[-299,-200]",HR≥50/EDG≥5.0/CV≤0.7/μ≥1.0/TP≥55,68.42,5.0,0.7,1.0,55.0,95,95,65,30,68.42,-2.39,-15.82,11.03,-2.274,0.423,26
"[-299,-200]",HR≥50/EDG≥5.0/CV≤0.7/μ≥1.0/TP≥60,68.42,5.0,0.7,1.0,60.0,95,95,65,30,68.42,-2.39,-15.82,11.03,-2.274,0.423,26
"[-299,-200]",HR≥50/EDG≥5.0/CV≤0.7/μ≥1.0/TP≥65,69.23,5.0,0.7,1.0,65.0,91,91,63,28,69.23,-1.35,-14.96,12.26,-1.231,0.462,26
"[-299,-200]",HR≥50/EDG≥5.0/CV≤0.6/μ≥-/TP≥-,67.03,5.0,0.6,,,91,91,61,30,67.03,-4.29,-18.18,9.6,-3.905,0.462,26
"[-299,-200]",HR≥50/EDG≥5.0/CV≤0.6/μ≥-/TP≥50,67.03,5.0,0.6,,50.0,91,91,61,30,67.03,-4.29,-18.18,9.6,-3.905,0.462,26
"[-299,-200]",HR≥50/EDG≥5.0/CV≤0.6/μ≥-/TP≥55,67.03,5.0,0.6,,55.0,91,91,61,30,67.03,-4.29,-18.18,9.6,-3.905,0.462,26
"[-299,-200]",HR≥50/EDG≥5.0/CV≤0.6/μ≥-/TP≥60,67.03,5.0,0.6,,60.0,91,91,61,30,67.03,-4.29,-18.18,9.6,-3.905,0.462,26
"[-299,-200]",HR≥50/EDG≥5.0/CV≤0.6/μ≥-/TP≥65,67.82,5.0,0.6,,65.0,87,87,59,28,67.82,-3.29,-17.39,10.81,-2.862,0.5,26
"[-299,-200]",HR≥50/EDG≥5.0/CV≤0.6/μ≥0.0/TP≥-,67.03,5.0,0.6,0.0,,91,91,61,30,67.03,-4.29,-18.18,9.6,-3.905,0.462,26
"[-299,-200]",HR≥50/EDG≥5.0/CV≤0.6/μ≥0.0/TP≥50,67.03,5.0,0.6,0.0,50.0,91,91,61,30,67.03,-4.29,-18.18,9.6,-3.905,0.462,26
"[-299,-200]",HR≥50/EDG≥5.0/CV≤0.6/μ≥0.0/TP≥55,67.03,5.0,0.6,0.0,55.0,91,91,61,30,67.03,-4.29,-18.18,9.6,-3.905,0.462,26
"[-299,-200]",HR≥50/EDG≥5.0/CV≤0.6/μ≥0.0/TP≥60,67.03,5.0,0.6,0.0,60.0,91,91,61,30,67.03,-4.29,-18.18,9.6,-3.905,0.462,26
"[-299,-200]",HR≥50/EDG≥5.0/CV≤0.6/μ≥0.0/TP≥65,67.82,5.0,0.6,0.0,65.0,87,87,59,28,67.82,-3.29,-17.39,10.81,-2.862,0.5,26
"[-299,-200]",HR≥50/EDG≥5.0/CV≤0.6/μ≥0.5/TP≥-,67.03,5.0,0.6,0.5,,91,91,61,30,67.03,-4.29,-18.18,9.6,-3.905,0.462,26
"[-299,-200]",HR≥50/EDG≥5.0/CV≤0.6/μ≥0.5/TP≥50,67.03,5.0,0.6,0.5,50.0,91,91,61,30,67.03,-4.29,-18.18,9.6,-3.905,0.462,26
"[-299,-200]",HR≥50/EDG≥5.0/CV≤0.6/μ≥0.5/TP≥55,67.03,5.0,0.6,0.5,55.0,91,91,61,30,67.03,-4.29,-18.18,9.6,-3.905,0.462,26
"[-299,-200]",HR≥50/EDG≥5.0/CV≤0.6/μ≥0.5/TP≥60,67.03,5.0,0.6,0.5,60.0,91,91,61,30,67.03,-4.29,-18.18,9.6,-3.905,0.462,26
"[-299,-200]",HR≥50/EDG≥5.0/CV≤0.6/μ≥0.5/TP≥65,67.82,5.0,0.6,0.5,65.0,87,87,59,28,67.82,-3.29,-17.39,10.81,-2.862,0.5,26
"[-299,-200]",HR≥50/EDG≥5.0/CV≤0.6/μ≥1.0/TP≥-,67.78,5.0,0.6,1.0,,90,90,61,29,67.78,-3.23,-17.11,10.66,-2.905,0.462,26
"[-299,-200]",HR≥50/EDG≥5.0/CV≤0.6/μ≥1.0/TP≥50,67.78,5.0,0.6,1.0,50.0,90,90,61,29,67.78,-3.23,-17.11,10.66,-2.905,0.462,26
"[-299,-200]",HR≥50/EDG≥5.0/CV≤0.6/μ≥1.0/TP≥55,67.78,5.0,0.6,1.0,55.0,90,90,61,29,67.78,-3.23,-17.11,10.66,-2.905,0.462,26
"[-299,-200]",HR≥50/EDG≥5.0/CV≤0.6/μ≥1.0/TP≥60,67.78,5.0,0.6,1.0,60.0,90,90,61,29,67.78,-3.23,-17.11,10.66,-2.905,0.462,26
"[-299,-200]",HR≥50/EDG≥5.0/CV≤0.6/μ≥1.0/TP≥65,68.6,5.0,0.6,1.0,65.0,86,86,59,27,68.6,-2.16,-16.26,11.93,-1.862,0.5,26
"[-299,-200]",HR≥50/EDG≥5.0/CV≤0.5/μ≥-/TP≥-,66.67,5.0,0.5,,,75,75,50,25,66.67,-4.72,-20.1,10.65,-3.541,0.5,24
"[-299,-200]",HR≥50/EDG≥5.0/CV≤0.5/μ≥-/TP≥50,66.67,5.0,0.5,,50.0,75,75,50,25,66.67,-4.72,-20.1,10.65,-3.541,0.5,24
"[-299,-200]",HR≥50/EDG≥5.0/CV≤0.5/μ≥-/TP≥55,66.67,5.0,0.5,,55.0,75,75,50,25,66.67,-4.72,-20.1,10.65,-3.541,0.5,24
"[-299,-200]",HR≥50/EDG≥5.0/CV≤0.5/μ≥-/TP≥60,66.67,5.0,0.5,,60.0,75,75,50,25,66.67,-4.72,-20.1,10.65,-3.541,0.5,24
"[-299,-200]",HR≥50/EDG≥5.0/CV≤0.5/μ≥-/TP≥65,66.67,5.0,0.5,,65.0,72,72,48,24,66.67,-4.86,-20.53,10.82,-3.498,0.542,24
"[-299,-200]",HR≥50/EDG≥5.0/CV≤0.5/μ≥0.0/TP≥-,66.67,5.0,0.5,0.0,,75,75,50,25,66.67,-4.72,-20.1,10.65,-3.541,0.5,24
"[-299,-200]",HR≥50/EDG≥5.0/CV≤0.5/μ≥0.0/TP≥50,66.67,5.0,0.5,0.0,50.0,75,75,50,25,66.67,-4.72,-20.1,10.65,-3.541,0.5,24
"[-299,-200]",HR≥50/EDG≥5.0/CV≤0.5/μ≥0.0/TP≥55,66.67,5.0,0.5,0.0,55.0,75,75,50,25,66.67,-4.72,-20.1,10.65,-3.541,0.5,24
"[-299,-200]",HR≥50/EDG≥5.0/CV≤0.5/μ≥0.0/TP≥60,66.67,5.0,0.5,0.0,60.0,75,75,50,25,66.67,-4.72,-20.1,10.65,-3.541,0.5,24
"[-299,-200]",HR≥50/EDG≥5.0/CV≤0.5/μ≥0.0/TP≥65,66.67,5.0,0.5,0.0,65.0,72,72,48,24,66.67,-4.86,-20.53,10.82,-3.498,0.542,24
"[-299,-200]",HR≥50/EDG≥5.0/CV≤0.5/μ≥0.5/TP≥-,66.67,5.0,0.5,0.5,,75,75,50,25,66.67,-4.72,-20.1,10.65,-3.541,0.5,24
"[-299,-200]",HR≥50/EDG≥5.0/CV≤0.5/μ≥0.5/TP≥50,66.67,5.0,0.5,0.5,50.0,75,75,50,25,66.67,-4.72,-20.1,10.65,-3.541,0.5,24
"[-299,-200]",HR≥50/EDG≥5.0/CV≤0.5/μ≥0.5/TP≥55,66.67,5.0,0.5,0.5,55.0,75,75,50,25,66.67,-4.72,-20.1,10.65,-3.541,0.5,24
"[-299,-200]",HR≥50/EDG≥5.0/CV≤0.5/μ≥0.5/TP≥60,66.67,5.0,0.5,0.5,60.0,75,75,50,25,66.67,-4.72,-20.1,10.65,-3.541,0.5,24
"[-299,-200]",HR≥50/EDG≥5.0/CV≤0.5/μ≥0.5/TP≥65,66.67,5.0,0.5,0.5,65.0,72,72,48,24,66.67,-4.86,-20.53,10.82,-3.498,0.542,24
"[-299,-200]",HR≥50/EDG≥5.0/CV≤0.5/μ≥1.0/TP≥-,67.57,5.0,0.5,1.0,,74,74,50,24,67.57,-3.43,-18.81,11.94,-2.541,0.5,24
"[-299,-200]",HR≥50/EDG≥5.0/CV≤0.5/μ≥1.0/TP≥50,67.57,5.0,0.5,1.0,50.0,74,74,50,24,67.57,-3.43,-18.81,11.94,-2.541,0.5,24
"[-299,-200]",HR≥50/EDG≥5.0/CV≤0.5/μ≥1.0/TP≥55,67.57,5.0,0.5,1.0,55.0,74,74,50,24,67.57,-3.43,-18.81,11.94,-2.541,0.5,24
"[-299,-200]",HR≥50/EDG≥5.0/CV≤0.5/μ≥1.0/TP≥60,67.57,5.0,0.5,1.0,60.0,74,74,50,24,67.57,-3.43,-18.81,11.94,-2.541,0.5,24
"[-299,-200]",HR≥50/EDG≥5.0/CV≤0.5/μ≥1.0/TP≥65,67.61,5.0,0.5,1.0,65.0,71,71,48,23,67.61,-3.52,-19.19,12.15,-2.498,0.542,24
"[-299,-200]",HR≥50/EDG≥5.0/CV≤0.45/μ≥-/TP≥-,65.52,5.0,0.45,,,58,58,38,20,65.52,-6.5,-24.14,11.14,-3.769,0.391,23
"[-299,-200]",HR≥50/EDG≥5.0/CV≤0.45/μ≥-/TP≥50,65.52,5.0,0.45,,50.0,58,58,38,20,65.52,-6.5,-24.14,11.14,-3.769,0.391,23
"[-299,-200]",HR≥50/EDG≥5.0/CV≤0.45/μ≥-/TP≥55,65.52,5.0,0.45,,55.0,58,58,38,20,65.52,-6.5,-24.14,11.14,-3.769,0.391,23
"[-299,-200]",HR≥50/EDG≥5.0/CV≤0.45/μ≥-/TP≥60,65.52,5.0,0.45,,60.0,58,58,38,20,65.52,-6.5,-24.14,11.14,-3.769,0.391,23
"[-299,-200]",HR≥50/EDG≥5.0/CV≤0.45/μ≥-/TP≥65,66.07,5.0,0.45,,65.0,56,56,37,19,66.07,-5.8,-23.66,12.07,-3.246,0.435,23
"[-299,-200]",HR≥50/EDG≥5.0/CV≤0.45/μ≥0.0/TP≥-,65.52,5.0,0.45,0.0,,58,58,38,20,65.52,-6.5,-24.14,11.14,-3.769,0.391,23
"[-299,-200]",HR≥50/EDG≥5.0/CV≤0.45/μ≥0.0/TP≥50,65.52,5.0,0.45,0.0,50.0,58,58,38,20,65.52,-6.5,-24.14,11.14,-3.769,0.391,23
"[-299,-200]",HR≥50/EDG≥5.0/CV≤0.45/μ≥0.0/TP≥55,65.52,5.0,0.45,0.0,55.0,58,58,38,20,65.52,-6.5,-24.14,11.14,-3.769,0.391,23
"[-299,-200]",HR≥50/EDG≥5.0/CV≤0.45/μ≥0.0/TP≥60,65.52,5.0,0.45,0.0,60.0,58,58,38,20,65.52,-6.5,-24.14,11.14,-3.769,0.391,23
"[-299,-200]",HR≥50/EDG≥5.0/CV≤0.45/μ≥0.0/TP≥65,66.07,5.0,0.45,0.0,65.0,56,56,37,19,66.07,-5.8,-23.66,12.07,-3.246,0.435,23
"[-299,-200]",HR≥50/EDG≥5.0/CV≤0.45/μ≥0.5/TP≥-,65.52,5.0,0.45,0.5,,58,58,38,20,65.52,-6.5,-24.14,11.14,-3.769,0.391,23
"[-299,-200]",HR≥50/EDG≥5.0/CV≤0.45/μ≥0.5/TP≥50,65.52,5.0,0.45,0.5,50.0,58,58,38,20,65.52,-6.5,-24.14,11.14,-3.769,0.391,23
"[-299,-200]",HR≥50/EDG≥5.0/CV≤0.45/μ≥0.5/TP≥55,65.52,5.0,0.45,0.5,55.0,58,58,38,20,65.52,-6.5,-24.14,11.14,-3.769,0.391,23
"[-299,-200]",HR≥50/EDG≥5.0/CV≤0.45/μ≥0.5/TP≥60,65.52,5.0,0.45,0.5,60.0,58,58,38,20,65.52,-6.5,-24.14,11.14,-3.769,0.391,23
"[-299,-200]",HR≥50/EDG≥5.0/CV≤0.45/μ≥0.5/TP≥65,66.07,5.0,0.45,0.5,65.0,56,56,37,19,66.07,-5.8,-23.66,12.07,-3.246,0.435,23
"[-299,-200]",HR≥50/EDG≥5.0/CV≤0.45/μ≥1.0/TP≥-,66.67,5.0,0.45,1.0,,57,57,38,19,66.67,-4.86,-22.51,12.79,-2.769,0.391,23
"[-299,-200]",HR≥50/EDG≥5.0/CV≤0.45/μ≥1.0/TP≥50,66.67,5.0,0.45,1.0,50.0,57,57,38,19,66.67,-4.86,-22.51,12.79,-2.769,0.391,23
"[-299,-200]",HR≥50/EDG≥5.0/CV≤0.45/μ≥1.0/TP≥55,66.67,5.0,0.45,1.0,55.0,57,57,38,19,66.67,-4.86,-22.51,12.79,-2.769,0.391,23
"[-299,-200]",HR≥50/EDG≥5.0/CV≤0.45/μ≥1.0/TP≥60,66.67,5.0,0.45,1.0,60.0,57,57,38,19,66.67,-4.86,-22.51,12.79,-2.769,0.391,23
"[-299,-200]",HR≥50/EDG≥5.0/CV≤0.45/μ≥1.0/TP≥65,67.27,5.0,0.45,1.0,65.0,55,55,37,18,67.27,-4.08,-21.95,13.79,-2.246,0.435,23
"[-299,-200]",HR≥50/EDG≥5.0/CV≤0.4/μ≥-/TP≥-,71.43,5.0,0.4,,,42,42,30,12,71.43,2.05,-17.74,21.84,0.861,0.474,19
"[-299,-200]",HR≥50/EDG≥5.0/CV≤0.4/μ≥-/TP≥50,71.43,5.0,0.4,,50.0,42,42,30,12,71.43,2.05,-17.74,21.84,0.861,0.474,19
"[-299,-200]",HR≥50/EDG≥5.0/CV≤0.4/μ≥-/TP≥55,71.43,5.0,0.4,,55.0,42,42,30,12,71.43,2.05,-17.74,21.84,0.861,0.474,19
"[-299,-200]",HR≥50/EDG≥5.0/CV≤0.4/μ≥-/TP≥60,71.43,5.0,0.4,,60.0,42,42,30,12,71.43,2.05,-17.74,21.84,0.861,0.474,19
"[-299,-200]",HR≥50/EDG≥5.0/CV≤0.4/μ≥-/TP≥65,72.5,5.0,0.4,,65.0,40,40,29,11,72.5,3.46,-16.57,23.49,1.385,0.526,19
"[-299,-200]",HR≥50/EDG≥5.0/CV≤0.4/μ≥0.0/TP≥-,71.43,5.0,0.4,0.0,,42,42,30,12,71.43,2.05,-17.74,21.84,0.861,0.474,19
"[-299,-200]",HR≥50/EDG≥5.0/CV≤0.4/μ≥0.0/TP≥50,71.43,5.0,0.4,0.0,50.0,42,42,30,12,71.43,2.05,-17.74,21.84,0.861,0.474,19
"[-299,-200]",HR≥50/EDG≥5.0/CV≤0.4/μ≥0.0/TP≥55,71.43,5.0,0.4,0.0,55.0,42,42,30,12,71.43,2.05,-17.74,21.84,0.861,0.474,19
"[-299,-200]",HR≥50/EDG≥5.0/CV≤0.4/μ≥0.0/TP≥60,71.43,5.0,0.4,0.0,60.0,42,42,30,12,71.43,2.05,-17.74,21.84,0.861,0.474,19
"[-299,-200]",HR≥50/EDG≥5.0/CV≤0.4/μ≥0.0/TP≥65,72.5,5.0,0.4,0.0,65.0,40,40,29,11,72.5,3.46,-16.57,23.49,1.385,0.526,19
"[-299,-200]",HR≥50/EDG≥5.0/CV≤0.4/μ≥0.5/TP≥-,71.43,5.0,0.4,0.5,,42,42,30,12,71.43,2.05,-17.74,21.84,0.861,0.474,19
"[-299,-200]",HR≥50/EDG≥5.0/CV≤0.4/μ≥0.5/TP≥50,71.43,5.0,0.4,0.5,50.0,42,42,30,12,71.43,2.05,-17.74,21.84,0.861,0.474,19
"[-299,-200]",HR≥50/EDG≥5.0/CV≤0.4/μ≥0.5/TP≥55,71.43,5.0,0.4,0.5,55.0,42,42,30,12,71.43,2.05,-17.74,21.84,0.861,0.474,19
"[-299,-200]",HR≥50/EDG≥5.0/CV≤0.4/μ≥0.5/TP≥60,71.43,5.0,0.4,0.5,60.0,42,42,30,12,71.43,2.05,-17.74,21.84,0.861,0.474,19
"[-299,-200]",HR≥50/EDG≥5.0/CV≤0.4/μ≥0.5/TP≥65,72.5,5.0,0.4,0.5,65.0,40,40,29,11,72.5,3.46,-16.57,23.49,1.385,0.526,19
"[-299,-200]",HR≥50/EDG≥5.0/CV≤0.4/μ≥1.0/TP≥-,73.17,5.0,0.4,1.0,,41,41,30,11,73.17,4.54,-15.11,24.19,1.861,0.474,19
"[-299,-200]",HR≥50/EDG≥5.0/CV≤0.4/μ≥1.0/TP≥50,73.17,5.0,0.4,1.0,50.0,41,41,30,11,73.17,4.54,-15.11,24.19,1.861,0.474,19
"[-299,-200]",HR≥50/EDG≥5.0/CV≤0.4/μ≥1.0/TP≥55,73.17,5.0,0.4,1.0,55.0,41,41,30,11,73.17,4.54,-15.11,24.19,1.861,0.474,19
"[-299,-200]",HR≥50/EDG≥5.0/CV≤0.4/μ≥1.0/TP≥60,73.17,5.0,0.4,1.0,60.0,41,41,30,11,73.17,4.54,-15.11,24.19,1.861,0.474,19
"[-299,-200]",HR≥50/EDG≥5.0/CV≤0.4/μ≥1.0/TP≥65,74.36,5.0,0.4,1.0,65.0,39,39,29,10,74.36,6.12,-13.73,25.96,2.385,0.526,19
"[-299,-200]",HR≥50/EDG≥10.0/CV≤-/μ≥-/TP≥-,68.57,10.0,,,,70,70,48,22,68.57,-1.68,-17.41,14.04,-1.179,0.6,25
"[-299,-200]",HR≥50/EDG≥10.0/CV≤-/μ≥-/TP≥50,68.57,10.0,,,50.0,70,70,48,22,68.57,-1.68,-17.41,14.04,-1.179,0.6,25
"[-299,-200]",HR≥50/EDG≥10.0/CV≤-/μ≥-/TP≥55,68.57,10.0,,,55.0,70,70,48,22,68.57,-1.68,-17.41,14.04,-1.179,0.6,25
"[-299,-200]",HR≥50/EDG≥10.0/CV≤-/μ≥-/TP≥60,68.57,10.0,,,60.0,70,70,48,22,68.57,-1.68,-17.41,14.04,-1.179,0.6,25
"[-299,-200]",HR≥50/EDG≥10.0/CV≤-/μ≥-/TP≥65,69.12,10.0,,,65.0,68,68,47,21,69.12,-0.96,-16.84,14.91,-0.655,0.6,25
"[-299,-200]",HR≥50/EDG≥10.0/CV≤-/μ≥0.0/TP≥-,68.57,10.0,,0.0,,70,70,48,22,68.57,-1.68,-17.41,14.04,-1.179,0.6,25
"[-299,-200]",HR≥50/EDG≥10.0/CV≤-/μ≥0.0/TP≥50,68.57,10.0,,0.0,50.0,70,70,48,22,68.57,-1.68,-17.41,14.04,-1.179,0.6,25
"[-299,-200]",HR≥50/EDG≥10.0/CV≤-/μ≥0.0/TP≥55,68.57,10.0,,0.0,55.0,70,70,48,22,68.57,-1.68,-17.41,14.04,-1.179,0.6,25
"[-299,-200]",HR≥50/EDG≥10.0/CV≤-/μ≥0.0/TP≥60,68.57,10.0,,0.0,60.0,70,70,48,22,68.57,-1.68,-17.41,14.04,-1.179,0.6,25
"[-299,-200]",HR≥50/EDG≥10.0/CV≤-/μ≥0.0/TP≥65,69.12,10.0,,0.0,65.0,68,68,47,21,69.12,-0.96,-16.84,14.91,-0.655,0.6,25
"[-299,-200]",HR≥50/EDG≥10.0/CV≤-/μ≥0.5/TP≥-,68.57,10.0,,0.5,,70,70,48,22,68.57,-1.68,-17.41,14.04,-1.179,0.6,25
"[-299,-200]",HR≥50/EDG≥10.0/CV≤-/μ≥0.5/TP≥50,68.57,10.0,,0.5,50.0,70,70,48,22,68.57,-1.68,-17.41,14.04,-1.179,0.6,25
"[-299,-200]",HR≥50/EDG≥10.0/CV≤-/μ≥0.5/TP≥55,68.57,10.0,,0.5,55.0,70,70,48,22,68.57,-1.68,-17.41,14.04,-1.179,0.6,25
"[-299,-200]",HR≥50/EDG≥10.0/CV≤-/μ≥0.5/TP≥60,68.57,10.0,,0.5,60.0,70,70,48,22,68.57,-1.68,-17.41,14.04,-1.179,0.6,25
"[-299,-200]",HR≥50/EDG≥10.0/CV≤-/μ≥0.5/TP≥65,69.12,10.0,,0.5,65.0,68,68,47,21,69.12,-0.96,-16.84,14.91,-0.655,0.6,25
"[-299,-200]",HR≥50/EDG≥10.0/CV≤-/μ≥1.0/TP≥-,68.57,10.0,,1.0,,70,70,48,22,68.57,-1.68,-17.41,14.04,-1.179,0.6,25
"[-299,-200]",HR≥50/EDG≥10.0/CV≤-/μ≥1.0/TP≥50,68.57,10.0,,1.0,50.0,70,70,48,22,68.57,-1.68,-17.41,14.04,-1.179,0.6,25
"[-299,-200]",HR≥50/EDG≥10.0/CV≤-/μ≥1.0/TP≥55,68.57,10.0,,1.0,55.0,70,70,48,22,68.57,-1.68,-17.41,14.04,-1.179,0.6,25
"[-299,-200]",HR≥50/EDG≥10.0/CV≤-/μ≥1.0/TP≥60,68.57,10.0,,1.0,60.0,70,70,48,22,68.57,-1.68,-17.41,14.04,-1.179,0.6,25
"[-299,-200]",HR≥50/EDG≥10.0/CV≤-/μ≥1.0/TP≥65,69.12,10.0,,1.0,65.0,68,68,47,21,69.12,-0.96,-16.84,14.91,-0.655,0.6,25
"[-299,-200]",HR≥50/EDG≥10.0/CV≤0.7/μ≥-/TP≥-,68.57,10.0,0.7,,,70,70,48,22,68.57,-1.68,-17.41,14.04,-1.179,0.6,25
"[-299,-200]",HR≥50/EDG≥10.0/CV≤0.7/μ≥-/TP≥50,68.57,10.0,0.7,,50.0,70,70,48,22,68.57,-1.68,-17.41,14.04,-1.179,0.6,25
"[-299,-200]",HR≥50/EDG≥10.0/CV≤0.7/μ≥-/TP≥55,68.57,10.0,0.7,,55.0,70,70,48,22,68.57,-1.68,-17.41,14.04,-1.179,0.6,25
"[-299,-200]",HR≥50/EDG≥10.0/CV≤0.7/μ≥-/TP≥60,68.57,10.0,0.7,,60.0,70,70,48,22,68.57,-1.68,-17.41,14.04,-1.179,0.6,25
"[-299,-200]",HR≥50/EDG≥10.0/CV≤0.7/μ≥-/TP≥65,69.12,10.0,0.7,,65.0,68,68,47,21,69.12,-0.96,-16.84,14.91,-0.655,0.6,25
"[-299,-200]",HR≥50/EDG≥10.0/CV≤0.7/μ≥0.0/TP≥-,68.57,10.0,0.7,0.0,,70,70,48,22,68.57,-1.68,-17.41,14.04,-1.179,0.6,25
"[-299,-200]",HR≥50/EDG≥10.0/CV≤0.7/μ≥0.0/TP≥50,68.57,10.0,0.7,0.0,50.0,70,70,48,22,68.57,-1.68,-17.41,14.04,-1.179,0.6,25
"[-299,-200]",HR≥50/EDG≥10.0/CV≤0.7/μ≥0.0/TP≥55,68.57,10.0,0.7,0.0,55.0,70,70,48,22,68.57,-1.68,-17.41,14.04,-1.179,0.6,25
"[-299,-200]",HR≥50/EDG≥10.0/CV≤0.7/μ≥0.0/TP≥60,68.57,10.0,0.7,0.0,60.0,70,70,48,22,68.57,-1.68,-17.41,14.04,-1.179,0.6,25
"[-299,-200]",HR≥50/EDG≥10.0/CV≤0.7/μ≥0.0/TP≥65,69.12,10.0,0.7,0.0,65.0,68,68,47,21,69.12,-0.96,-16.84,14.91,-0.655,0.6,25
"[-299,-200]",HR≥50/EDG≥10.0/CV≤0.7/μ≥0.5/TP≥-,68.57,10.0,0.7,0.5,,70,70,48,22,68.57,-1.68,-17.41,14.04,-1.179,0.6,25
"[-299,-200]",HR≥50/EDG≥10.0/CV≤0.7/μ≥0.5/TP≥50,68.57,10.0,0.7,0.5,50.0,70,70,48,22,68.57,-1.68,-17.41,14.04,-1.179,0.6,25
"[-299,-200]",HR≥50/EDG≥10.0/CV≤0.7/μ≥0.5/TP≥55,68.57,10.0,0.7,0.5,55.0,70,70,48,22,68.57,-1.68,-17.41,14.04,-1.179,0.6,25
"[-299,-200]",HR≥50/EDG≥10.0/CV≤0.7/μ≥0.5/TP≥60,68.57,10.0,0.7,0.5,60.0,70,70,48,22,68.57,-1.68,-17.41,14.04,-1.179,0.6,25
"[-299,-200]",HR≥50/EDG≥10.0/CV≤0.7/μ≥0.5/TP≥65,69.12,10.0,0.7,0.5,65.0,68,68,47,21,69.12,-0.96,-16.84,14.91,-0.655,0.6,25
"[-299,-200]",HR≥50/EDG≥10.0/CV≤0.7/μ≥1.0/TP≥-,68.57,10.0,0.7,1.0,,70,70,48,22,68.57,-1.68,-17.41,14.04,-1.179,0.6,25
"[-299,-200]",HR≥50/EDG≥10.0/CV≤0.7/μ≥1.0/TP≥50,68.57,10.0,0.7,1.0,50.0,70,70,48,22,68.57,-1.68,-17.41,14.04,-1.179,0.6,25
"[-299,-200]",HR≥50/EDG≥10.0/CV≤0.7/μ≥1.0/TP≥55,68.57,10.0,0.7,1.0,55.0,70,70,48,22,68.57,-1.68,-17.41,14.04,-1.179,0.6,25
"[-299,-200]",HR≥50/EDG≥10.0/CV≤0.7/μ≥1.0/TP≥60,68.57,10.0,0.7,1.0,60.0,70,70,48,22,68.57,-1.68,-17.41,14.04,-1.179,0.6,25
"[-299,-200]",HR≥50/EDG≥10.0/CV≤0.7/μ≥1.0/TP≥65,69.12,10.0,0.7,1.0,65.0,68,68,47,21,69.12,-0.96,-16.84,14.91,-0.655,0.6,25
"[-299,-200]",HR≥50/EDG≥10.0/CV≤0.6/μ≥-/TP≥-,68.18,10.0,0.6,,,66,66,45,21,68.18,-2.14,-18.41,14.14,-1.41,0.6,25
"[-299,-200]",HR≥50/EDG≥10.0/CV≤0.6/μ≥-/TP≥50,68.18,10.0,0.6,,50.0,66,66,45,21,68.18,-2.14,-18.41,14.14,-1.41,0.6,25
"[-299,-200]",HR≥50/EDG≥10.0/CV≤0.6/μ≥-/TP≥55,68.18,10.0,0.6,,55.0,66,66,45,21,68.18,-2.14,-18.41,14.14,-1.41,0.6,25
"[-299,-200]",HR≥50/EDG≥10.0/CV≤0.6/μ≥-/TP≥60,68.18,10.0,0.6,,60.0,66,66,45,21,68.18,-2.14,-18.41,14.14,-1.41,0.6,25
"[-299,-200]",HR≥50/EDG≥10.0/CV≤0.6/μ≥-/TP≥65,68.75,10.0,0.6,,65.0,64,64,44,20,68.75,-1.38,-17.83,15.06,-0.886,0.6,25
"[-299,-200]",HR≥50/EDG≥10.0/CV≤0.6/μ≥0.0/TP≥-,68.18,10.0,0.6,0.0,,66,66,45,21,68.18,-2.14,-18.41,14.14,-1.41,0.6,25
"[-299,-200]",HR≥50/EDG≥10.0/CV≤0.6/μ≥0.0/TP≥50,68.18,10.0,0.6,0.0,50.0,66,66,45,21,68.18,-2.14,-18.41,14.14,-1.41,0.6,25
"[-299,-200]",HR≥50/EDG≥10.0/CV≤0.6/μ≥0.0/TP≥55,68.18,10.0,0.6,0.0,55.0,66,66,45,21,68.18,-2.14,-18.41,14.14,-1.41,0.6,25
"[-299,-200]",HR≥50/EDG≥10.0/CV≤0.6/μ≥0.0/TP≥60,68.18,10.0,0.6,0.0,60.0,66,66,45,21,68.18,-2.14,-18.41,14.14,-1.41,0.6,25
"[-299,-200]",HR≥50/EDG≥10.0/CV≤0.6/μ≥0.0/TP≥65,68.75,10.0,0.6,0.0,65.0,64,64,44,20,68.75,-1.38,-17.83,15.06,-0.886,0.6,25
"[-299,-200]",HR≥50/EDG≥10.0/CV≤0.6/μ≥0.5/TP≥-,68.18,10.0,0.6,0.5,,66,66,45,21,68.18,-2.14,-18.41,14.14,-1.41,0.6,25
"[-299,-200]",HR≥50/EDG≥10.0/CV≤0.6/μ≥0.5/TP≥50,68.18,10.0,0.6,0.5,50.0,66,66,45,21,68.18,-2.14,-18.41,14.14,-1.41,0.6,25
"[-299,-200]",HR≥50/EDG≥10.0/CV≤0.6/μ≥0.5/TP≥55,68.18,10.0,0.6,0.5,55.0,66,66,45,21,68.18,-2.14,-18.41,14.14,-1.41,0.6,25
"[-299,-200]",HR≥50/EDG≥10.0/CV≤0.6/μ≥0.5/TP≥60,68.18,10.0,0.6,0.5,60.0,66,66,45,21,68.18,-2.14,-18.41,14.14,-1.41,0.6,25
"[-299,-200]",HR≥50/EDG≥10.0/CV≤0.6/μ≥0.5/TP≥65,68.75,10.0,0.6,0.5,65.0,64,64,44,20,68.75,-1.38,-17.83,15.06,-0.886,0.6,25
"[-299,-200]",HR≥50/EDG≥10.0/CV≤0.6/μ≥1.0/TP≥-,68.18,10.0,0.6,1.0,,66,66,45,21,68.18,-2.14,-18.41,14.14,-1.41,0.6,25
"[-299,-200]",HR≥50/EDG≥10.0/CV≤0.6/μ≥1.0/TP≥50,68.18,10.0,0.6,1.0,50.0,66,66,45,21,68.18,-2.14,-18.41,14.14,-1.41,0.6,25
"[-299,-200]",HR≥50/EDG≥10.0/CV≤0.6/μ≥1.0/TP≥55,68.18,10.0,0.6,1.0,55.0,66,66,45,21,68.18,-2.14,-18.41,14.14,-1.41,0.6,25
"[-299,-200]",HR≥50/EDG≥10.0/CV≤0.6/μ≥1.0/TP≥60,68.18,10.0,0.6,1.0,60.0,66,66,45,21,68.18,-2.14,-18.41,14.14,-1.41,0.6,25
"[-299,-200]",HR≥50/EDG≥10.0/CV≤0.6/μ≥1.0/TP≥65,68.75,10.0,0.6,1.0,65.0,64,64,44,20,68.75,-1.38,-17.83,15.06,-0.886,0.6,25
"[-299,-200]",HR≥50/EDG≥10.0/CV≤0.5/μ≥-/TP≥-,67.27,10.0,0.5,,,55,55,37,18,67.27,-3.36,-21.37,14.64,-1.849,0.571,21
"[-299,-200]",HR≥50/EDG≥10.0/CV≤0.5/μ≥-/TP≥50,67.27,10.0,0.5,,50.0,55,55,37,18,67.27,-3.36,-21.37,14.64,-1.849,0.571,21
"[-299,-200]",HR≥50/EDG≥10.0/CV≤0.5/μ≥-/TP≥55,67.27,10.0,0.5,,55.0,55,55,37,18,67.27,-3.36,-21.37,14.64,-1.849,0.571,21
"[-299,-200]",HR≥50/EDG≥10.0/CV≤0.5/μ≥-/TP≥60,67.27,10.0,0.5,,60.0,55,55,37,18,67.27,-3.36,-21.37,14.64,-1.849,0.571,21
"[-299,-200]",HR≥50/EDG≥10.0/CV≤0.5/μ≥-/TP≥65,66.67,10.0,0.5,,65.0,54,54,36,18,66.67,-4.31,-22.55,13.94,-2.325,0.571,21
"[-299,-200]",HR≥50/EDG≥10.0/CV≤0.5/μ≥0.0/TP≥-,67.27,10.0,0.5,0.0,,55,55,37,18,67.27,-3.36,-21.37,14.64,-1.849,0.571,21
"[-299,-200]",HR≥50/EDG≥10.0/CV≤0.5/μ≥0.0/TP≥50,67.27,10.0,0.5,0.0,50.0,55,55,37,18,67.27,-3.36,-21.37,14.64,-1.849,0.571,21
"[-299,-200]",HR≥50/EDG≥10.0/CV≤0.5/μ≥0.0/TP≥55,67.27,10.0,0.5,0.0,55.0,55,55,37,18,67.27,-3.36,-21.37,14.64,-1.849,0.571,21
"[-299,-200]",HR≥50/EDG≥10.0/CV≤0.5/μ≥0.0/TP≥60,67.27,10.0,0.5,0.0,60.0,55,55,37,18,67.27,-3.36,-21.37,14.64,-1.849,0.571,21
"[-299,-200]",HR≥50/EDG≥10.0/CV≤0.5/μ≥0.0/TP≥65,66.67,10.0,0.5,0.0,65.0,54,54,36,18,66.67,-4.31,-22.55,13.94,-2.325,0.571,21
"[-299,-200]",HR≥50/EDG≥10.0/CV≤0.5/μ≥0.5/TP≥-,67.27,10.0,0.5,0.5,,55,55,37,18,67.27,-3.36,-21.37,14.64,-1.849,0.571,21
"[-299,-200]",HR≥50/EDG≥10.0/CV≤0.5/μ≥0.5/TP≥50,67.27,10.0,0.5,0.5,50.0,55,55,37,18,67.27,-3.36,-21.37,14.64,-1.849,0.571,21
"[-299,-200]",HR≥50/EDG≥10.0/CV≤0.5/μ≥0.5/TP≥55,67.27,10.0,0.5,0.5,55.0,55,55,37,18,67.27,-3.36,-21.37,14.64,-1.849,0.571,21
"[-299,-200]",HR≥50/EDG≥10.0/CV≤0.5/μ≥0.5/TP≥60,67.27,10.0,0.5,0.5,60.0,55,55,37,18,67.27,-3.36,-21.37,14.64,-1.849,0.571,21
"[-299,-200]",HR≥50/EDG≥10.0/CV≤0.5/μ≥0.5/TP≥65,66.67,10.0,0.5,0.5,65.0,54,54,36,18,66.67,-4.31,-22.55,13.94,-2.325,0.571,21
"[-299,-200]",HR≥50/EDG≥10.0/CV≤0.5/μ≥1.0/TP≥-,67.27,10.0,0.5,1.0,,55,55,37,18,67.27,-3.36,-21.37,14.64,-1.849,0.571,21
"[-299,-200]",HR≥50/EDG≥10.0/CV≤0.5/μ≥1.0/TP≥50,67.27,10.0,0.5,1.0,50.0,55,55,37,18,67.27,-3.36,-21.37,14.64,-1.849,0.571,21
"[-299,-200]",HR≥50/EDG≥10.0/CV≤0.5/μ≥1.0/TP≥55,67.27,10.0,0.5,1.0,55.0,55,55,37,18,67.27,-3.36,-21.37,14.64,-1.849,0.571,21
"[-299,-200]",HR≥50/EDG≥10.0/CV≤0.5/μ≥1.0/TP≥60,67.27,10.0,0.5,1.0,60.0,55,55,37,18,67.27,-3.36,-21.37,14.64,-1.849,0.571,21
"[-299,-200]",HR≥50/EDG≥10.0/CV≤0.5/μ≥1.0/TP≥65,66.67,10.0,0.5,1.0,65.0,54,54,36,18,66.67,-4.31,-22.55,13.94,-2.325,0.571,21
"[-299,-200]",HR≥50/EDG≥10.0/CV≤0.45/μ≥-/TP≥-,70.45,10.0,0.45,,,44,44,31,13,70.45,0.85,-18.7,20.4,0.373,0.524,21
"[-299,-200]",HR≥50/EDG≥10.0/CV≤0.45/μ≥-/TP≥50,70.45,10.0,0.45,,50.0,44,44,31,13,70.45,0.85,-18.7,20.4,0.373,0.524,21
"[-299,-200]",HR≥50/EDG≥10.0/CV≤0.45/μ≥-/TP≥55,70.45,10.0,0.45,,55.0,44,44,31,13,70.45,0.85,-18.7,20.4,0.373,0.524,21
"[-299,-200]",HR≥50/EDG≥10.0/CV≤0.45/μ≥-/TP≥60,70.45,10.0,0.45,,60.0,44,44,31,13,70.45,0.85,-18.7,20.4,0.373,0.524,21
"[-299,-200]",HR≥50/EDG≥10.0/CV≤0.45/μ≥-/TP≥65,69.77,10.0,0.45,,65.0,43,43,30,13,69.77,-0.24,-20.13,19.65,-0.103,0.524,21
"[-299,-200]",HR≥50/EDG≥10.0/CV≤0.45/μ≥0.0/TP≥-,70.45,10.0,0.45,0.0,,44,44,31,13,70.45,0.85,-18.7,20.4,0.373,0.524,21
"[-299,-200]",HR≥50/EDG≥10.0/CV≤0.45/μ≥0.0/TP≥50,70.45,10.0,0.45,0.0,50.0,44,44,31,13,70.45,0.85,-18.7,20.4,0.373,0.524,21
"[-299,-200]",HR≥50/EDG≥10.0/CV≤0.45/μ≥0.0/TP≥55,70.45,10.0,0.45,0.0,55.0,44,44,31,13,70.45,0.85,-18.7,20.4,0.373,0.524,21
"[-299,-200]",HR≥50/EDG≥10.0/CV≤0.45/μ≥0.0/TP≥60,70.45,10.0,0.45,0.0,60.0,44,44,31,13,70.45,0.85,-18.7,20.4,0.373,0.524,21
"[-299,-200]",HR≥50/EDG≥10.0/CV≤0.45/μ≥0.0/TP≥65,69.77,10.0,0.45,0.0,65.0,43,43,30,13,69.77,-0.24,-20.13,19.65,-0.103,0.524,21
"[-299,-200]",HR≥50/EDG≥10.0/CV≤0.45/μ≥0.5/TP≥-,70.45,10.0,0.45,0.5,,44,44,31,13,70.45,0.85,-18.7,20.4,0.373,0.524,21
"[-299,-200]",HR≥50/EDG≥10.0/CV≤0.45/μ≥0.5/TP≥50,70.45,10.0,0.45,0.5,50.0,44,44,31,13,70.45,0.85,-18.7,20.4,0.373,0.524,21
"[-299,-200]",HR≥50/EDG≥10.0/CV≤0.45/μ≥0.5/TP≥55,70.45,10.0,0.45,0.5,55.0,44,44,31,13,70.45,0.85,-18.7,20.4,0.373,0.524,21
"[-299,-200]",HR≥50/EDG≥10.0/CV≤0.45/μ≥0.5/TP≥60,70.45,10.0,0.45,0.5,60.0,44,44,31,13,70.45,0.85,-18.7,20.4,0.373,0.524,21
"[-299,-200]",HR≥50/EDG≥10.0/CV≤0.45/μ≥0.5/TP≥65,69.77,10.0,0.45,0.5,65.0,43,43,30,13,69.77,-0.24,-20.13,19.65,-0.103,0.524,21
"[-299,-200]",HR≥50/EDG≥10.0/CV≤0.45/μ≥1.0/TP≥-,70.45,10.0,0.45,1.0,,44,44,31,13,70.45,0.85,-18.7,20.4,0.373,0.524,21
"[-299,-200]",HR≥50/EDG≥10.0/CV≤0.45/μ≥1.0/TP≥50,70.45,10.0,0.45,1.0,50.0,44,44,31,13,70.45,0.85,-18.7,20.4,0.373,0.524,21
"[-299,-200]",HR≥50/EDG≥10.0/CV≤0.45/μ≥1.0/TP≥55,70.45,10.0,0.45,1.0,55.0,44,44,31,13,70.45,0.85,-18.7,20.4,0.373,0.524,21
"[-299,-200]",HR≥50/EDG≥10.0/CV≤0.45/μ≥1.0/TP≥60,70.45,10.0,0.45,1.0,60.0,44,44,31,13,70.45,0.85,-18.7,20.4,0.373,0.524,21
"[-299,-200]",HR≥50/EDG≥10.0/CV≤0.45/μ≥1.0/TP≥65,69.77,10.0,0.45,1.0,65.0,43,43,30,13,69.77,-0.24,-20.13,19.65,-0.103,0.524,21
"[-299,-200]",HR≥50/EDG≥10.0/CV≤0.4/μ≥-/TP≥-,80.65,10.0,0.4,,,31,31,25,6,80.65,15.99,-4.38,36.37,4.958,0.667,18
"[-299,-200]",HR≥50/EDG≥10.0/CV≤0.4/μ≥-/TP≥50,80.65,10.0,0.4,,50.0,31,31,25,6,80.65,15.99,-4.38,36.37,4.958,0.667,18
"[-299,-200]",HR≥50/EDG≥10.0/CV≤0.4/μ≥-/TP≥55,80.65,10.0,0.4,,55.0,31,31,25,6,80.65,15.99,-4.38,36.37,4.958,0.667,18
"[-299,-200]",HR≥50/EDG≥10.0/CV≤0.4/μ≥-/TP≥60,80.65,10.0,0.4,,60.0,31,31,25,6,80.65,15.99,-4.38,36.37,4.958,0.667,18
"[-299,-200]",HR≥50/EDG≥10.0/CV≤0.4/μ≥-/TP≥65,80.0,10.0,0.4,,65.0,30,30,24,6,80.0,14.94,-6.01,35.89,4.482,0.667,18
"[-299,-200]",HR≥50/EDG≥10.0/CV≤0.4/μ≥0.0/TP≥-,80.65,10.0,0.4,0.0,,31,31,25,6,80.65,15.99,-4.38,36.37,4.958,0.667,18
"[-299,-200]",HR≥50/EDG≥10.0/CV≤0.4/μ≥0.0/TP≥50,80.65,10.0,0.4,0.0,50.0,31,31,25,6,80.65,15.99,-4.38,36.37,4.958,0.667,18
"[-299,-200]",HR≥50/EDG≥10.0/CV≤0.4/μ≥0.0/TP≥55,80.65,10.0,0.4,0.0,55.0,31,31,25,6,80.65,15.99,-4.38,36.37,4.958,0.667,18
"[-299,-200]",HR≥50/EDG≥10.0/CV≤0.4/μ≥0.0/TP≥60,80.65,10.0,0.4,0.0,60.0,31,31,25,6,80.65,15.99,-4.38,36.37,4.958,0.667,18
"[-299,-200]",HR≥50/EDG≥10.0/CV≤0.4/μ≥0.0/TP≥65,80.0,10.0,0.4,0.0,65.0,30,30,24,6,80.0,14.94,-6.01,35.89,4.482,0.667,18
"[-299,-200]",HR≥50/EDG≥10.0/CV≤0.4/μ≥0.5/TP≥-,80.65,10.0,0.4,0.5,,31,31,25,6,80.65,15.99,-4.38,36.37,4.958,0.667,18
"[-299,-200]",HR≥50/EDG≥10.0/CV≤0.4/μ≥0.5/TP≥50,80.65,10.0,0.4,0.5,50.0,31,31,25,6,80.65,15.99,-4.38,36.37,4.958,0.667,18
"[-299,-200]",HR≥50/EDG≥10.0/CV≤0.4/μ≥0.5/TP≥55,80.65,10.0,0.4,0.5,55.0,31,31,25,6,80.65,15.99,-4.38,36.37,4.958,0.667,18
"[-299,-200]",HR≥50/EDG≥10.0/CV≤0.4/μ≥0.5/TP≥60,80.65,10.0,0.4,0.5,60.0,31,31,25,6,80.65,15.99,-4.38,36.37,4.958,0.667,18
"[-299,-200]",HR≥50/EDG≥10.0/CV≤0.4/μ≥0.5/TP≥65,80.0,10.0,0.4,0.5,65.0,30,30,24,6,80.0,14.94,-6.01,35.89,4.482,0.667,18
"[-299,-200]",HR≥50/EDG≥10.0/CV≤0.4/μ≥1.0/TP≥-,80.65,10.0,0.4,1.0,,31,31,25,6,80.65,15.99,-4.38,36.37,4.958,0.667,18
"[-299,-200]",HR≥50/EDG≥10.0/CV≤0.4/μ≥1.0/TP≥50,80.65,10.0,0.4,1.0,50.0,31,31,25,6,80.65,15.99,-4.38,36.37,4.958,0.667,18
"[-299,-200]",HR≥50/EDG≥10.0/CV≤0.4/μ≥1.0/TP≥55,80.65,10.0,0.4,1.0,55.0,31,31,25,6,80.65,15.99,-4.38,36.37,4.958,0.667,18
"[-299,-200]",HR≥50/EDG≥10.0/CV≤0.4/μ≥1.0/TP≥60,80.65,10.0,0.4,1.0,60.0,31,31,25,6,80.65,15.99,-4.38,36.37,4.958,0.667,18
"[-299,-200]",HR≥50/EDG≥10.0/CV≤0.4/μ≥1.0/TP≥65,80.0,10.0,0.4,1.0,65.0,30,30,24,6,80.0,14.94,-6.01,35.89,4.482,0.667,18
"[-299,-200]",HR≥55/EDG≥-/CV≤-/μ≥-/TP≥-,68.25,,,,,193,189,129,60,68.25,-3.68,-13.09,5.73,-6.95,0.333,27
"[-299,-200]",HR≥55/EDG≥-/CV≤-/μ≥-/TP≥50,66.86,,,,50.0,179,175,117,58,66.86,-5.68,-15.56,4.21,-9.935,0.37,27
"[-299,-200]",HR≥55/EDG≥-/CV≤-/μ≥-/TP≥55,66.67,,,,55.0,178,174,116,58,66.67,-6.0,-15.92,3.93,-10.435,0.37,27
"[-299,-200]",HR≥55/EDG≥-/CV≤-/μ≥-/TP≥60,67.07,,,,60.0,171,167,112,55,67.07,-5.43,-15.53,4.67,-9.075,0.333,27
"[-299,-200]",HR≥55/EDG≥-/CV≤-/μ≥-/TP≥65,67.33,,,,65.0,154,150,101,49,67.33,-5.37,-15.97,5.24,-8.049,0.346,26
"[-299,-200]",HR≥55/EDG≥-/CV≤-/μ≥0.0/TP≥-,68.05,,,0.0,,172,169,115,54,68.05,-4.04,-14.0,5.93,-6.82,0.37,27
"[-299,-200]",HR≥55/EDG≥-/CV≤-/μ≥0.0/TP≥50,68.05,,,0.0,50.0,172,169,115,54,68.05,-4.04,-14.0,5.93,-6.82,0.37,27
"[-299,-200]",HR≥55/EDG≥-/CV≤-/μ≥0.0/TP≥55,67.86,,,0.0,55.0,171,168,114,54,67.86,-4.36,-14.36,5.65,-7.32,0.37,27
"[-299,-200]",HR≥55/EDG≥-/CV≤-/μ≥0.0/TP≥60,68.32,,,0.0,60.0,164,161,110,51,68.32,-3.7,-13.88,6.48,-5.96,0.333,27
"[-299,-200]",HR≥55/EDG≥-/CV≤-/μ≥0.0/TP≥65,68.97,,,0.0,65.0,148,145,100,45,68.97,-3.06,-13.7,7.58,-4.434,0.385,26
"[-299,-200]",HR≥55/EDG≥-/CV≤-/μ≥0.5/TP≥-,67.11,,,0.5,,152,149,100,49,67.11,-5.41,-16.09,5.28,-8.055,0.346,26
"[-299,-200]",HR≥55/EDG≥-/CV≤-/μ≥0.5/TP≥50,67.11,,,0.5,50.0,152,149,100,49,67.11,-5.41,-16.09,5.28,-8.055,0.346,26
"[-299,-200]",HR≥55/EDG≥-/CV≤-/μ≥0.5/TP≥55,67.11,,,0.5,55.0,152,149,100,49,67.11,-5.41,-16.09,5.28,-8.055,0.346,26
"[-299,-200]",HR≥55/EDG≥-/CV≤-/μ≥0.5/TP≥60,66.89,,,0.5,60.0,151,148,99,49,66.89,-5.76,-16.5,4.97,-8.531,0.346,26
"[-299,-200]",HR≥55/EDG≥-/CV≤-/μ≥0.5/TP≥65,67.88,,,0.5,65.0,140,137,93,44,67.88,-4.51,-15.57,6.55,-6.177,0.385,26
"[-299,-200]",HR≥55/EDG≥-/CV≤-/μ≥1.0/TP≥-,66.12,,,1.0,,122,121,80,41,66.12,-6.73,-18.7,5.24,-8.146,0.385,26
"[-299,-200]",HR≥55/EDG≥-/CV≤-/μ≥1.0/TP≥50,66.12,,,1.0,50.0,122,121,80,41,66.12,-6.73,-18.7,5.24,-8.146,0.385,26
"[-299,-200]",HR≥55/EDG≥-/CV≤-/μ≥1.0/TP≥55,66.12,,,1.0,55.0,122,121,80,41,66.12,-6.73,-18.7,5.24,-8.146,0.385,26
"[-299,-200]",HR≥55/EDG≥-/CV≤-/μ≥1.0/TP≥60,66.12,,,1.0,60.0,122,121,80,41,66.12,-6.73,-18.7,5.24,-8.146,0.385,26
"[-299,-200]",HR≥55/EDG≥-/CV≤-/μ≥1.0/TP≥65,66.95,,,1.0,65.0,119,118,79,39,66.95,-5.62,-17.65,6.42,-6.627,0.423,26
"[-299,-200]",HR≥55/EDG≥-/CV≤0.7/μ≥-/TP≥-,67.74,,0.7,,,190,186,126,60,67.74,-4.38,-13.91,5.14,-8.154,0.333,27
"[-299,-200]",HR≥55/EDG≥-/CV≤0.7/μ≥-/TP≥50,66.28,,0.7,,50.0,176,172,114,58,66.28,-6.48,-16.49,3.54,-11.139,0.333,27
"[-299,-200]",HR≥55/EDG≥-/CV≤0.7/μ≥-/TP≥55,66.08,,0.7,,55.0,175,171,113,58,66.08,-6.81,-16.86,3.25,-11.639,0.333,27
"[-299,-200]",HR≥55/EDG≥-/CV≤0.7/μ≥-/TP≥60,66.46,,0.7,,60.0,168,164,109,55,66.46,-6.27,-16.51,3.97,-10.279,0.333,27
"[-299,-200]",HR≥55/EDG≥-/CV≤0.7/μ≥-/TP≥65,66.67,,0.7,,65.0,151,147,98,49,66.67,-6.29,-17.06,4.47,-9.253,0.346,26
"[-299,-200]",HR≥55/EDG≥-/CV≤0.7/μ≥0.0/TP≥-,67.47,,0.7,0.0,,169,166,112,54,67.47,-4.83,-14.94,5.27,-8.024,0.333,27
"[-299,-200]",HR≥55/EDG≥-/CV≤0.7/μ≥0.0/TP≥50,67.47,,0.7,0.0,50.0,169,166,112,54,67.47,-4.83,-14.94,5.27,-8.024,0.333,27
"[-299,-200]",HR≥55/EDG≥-/CV≤0.7/μ≥0.0/TP≥55,67.27,,0.7,0.0,55.0,168,165,111,54,67.27,-5.17,-15.31,4.98,-8.524,0.333,27
"[-299,-200]",HR≥55/EDG≥-/CV≤0.7/μ≥0.0/TP≥60,67.72,,0.7,0.0,60.0,161,158,107,51,67.72,-4.53,-14.86,5.79,-7.164,0.333,27
"[-299,-200]",HR≥55/EDG≥-/CV≤0.7/μ≥0.0/TP≥65,68.31,,0.7,0.0,65.0,145,142,97,45,68.31,-3.97,-14.79,6.85,-5.638,0.385,26
"[-299,-200]",HR≥55/EDG≥-/CV≤0.7/μ≥0.5/TP≥-,66.44,,0.7,0.5,,149,146,97,49,66.44,-6.34,-17.2,4.51,-9.259,0.346,26
"[-299,-200]",HR≥55/EDG≥-/CV≤0.7/μ≥0.5/TP≥50,66.44,,0.7,0.5,50.0,149,146,97,49,66.44,-6.34,-17.2,4.51,-9.259,0.346,26
"[-299,-200]",HR≥55/EDG≥-/CV≤0.7/μ≥0.5/TP≥55,66.44,,0.7,0.5,55.0,149,146,97,49,66.44,-6.34,-17.2,4.51,-9.259,0.346,26
"[-299,-200]",HR≥55/EDG≥-/CV≤0.7/μ≥0.5/TP≥60,66.21,,0.7,0.5,60.0,148,145,96,49,66.21,-6.71,-17.62,4.19,-9.735,0.346,26
"[-299,-200]",HR≥55/EDG≥-/CV≤0.7/μ≥0.5/TP≥65,67.16,,0.7,0.5,65.0,137,134,90,44,67.16,-5.51,-16.76,5.74,-7.381,0.385,26
"[-299,-200]",HR≥55/EDG≥-/CV≤0.7/μ≥1.0/TP≥-,65.25,,0.7,1.0,,119,118,77,41,65.25,-7.92,-20.12,4.27,-9.351,0.385,26
"[-299,-200]",HR≥55/EDG≥-/CV≤0.7/μ≥1.0/TP≥50,65.25,,0.7,1.0,50.0,119,118,77,41,65.25,-7.92,-20.12,4.27,-9.351,0.385,26
"[-299,-200]",HR≥55/EDG≥-/CV≤0.7/μ≥1.0/TP≥55,65.25,,0.7,1.0,55.0,119,118,77,41,65.25,-7.92,-20.12,4.27,-9.351,0.385,26
"[-299,-200]",HR≥55/EDG≥-/CV≤0.7/μ≥1.0/TP≥60,65.25,,0.7,1.0,60.0,119,118,77,41,65.25,-7.92,-20.12,4.27,-9.351,0.385,26
"[-299,-200]",HR≥55/EDG≥-/CV≤0.7/μ≥1.0/TP≥65,66.09,,0.7,1.0,65.0,116,115,76,39,66.09,-6.81,-19.09,5.47,-7.831,0.423,26
"[-299,-200]",HR≥55/EDG≥-/CV≤0.6/μ≥-/TP≥-,65.7,,0.6,,,176,172,113,59,65.7,-7.03,-17.12,3.05,-12.098,0.37,27
"[-299,-200]",HR≥55/EDG≥-/CV≤0.6/μ≥-/TP≥50,64.15,,0.6,,50.0,163,159,102,57,64.15,-9.24,-19.84,1.35,-14.699,0.333,27
"[-299,-200]",HR≥55/EDG≥-/CV≤0.6/μ≥-/TP≥55,63.92,,0.6,,55.0,162,158,101,57,63.92,-9.62,-20.26,1.02,-15.199,0.333,27
"[-299,-200]",HR≥55/EDG≥-/CV≤0.6/μ≥-/TP≥60,64.24,,0.6,,60.0,155,151,97,54,64.24,-9.16,-20.03,1.7,-13.839,0.296,27
"[-299,-200]",HR≥55/EDG≥-/CV≤0.6/μ≥-/TP≥65,64.44,,0.6,,65.0,139,135,87,48,64.44,-9.15,-20.6,2.29,-12.358,0.308,26
"[-299,-200]",HR≥55/EDG≥-/CV≤0.6/μ≥0.0/TP≥-,65.36,,0.6,0.0,,156,153,100,53,65.36,-7.57,-18.29,3.15,-11.583,0.37,27
"[-299,-200]",HR≥55/EDG≥-/CV≤0.6/μ≥0.0/TP≥50,65.36,,0.6,0.0,50.0,156,153,100,53,65.36,-7.57,-18.29,3.15,-11.583,0.37,27
"[-299,-200]",HR≥55/EDG≥-/CV≤0.6/μ≥0.0/TP≥55,65.13,,0.6,0.0,55.0,155,152,99,53,65.13,-7.95,-18.71,2.81,-12.083,0.37,27
"[-299,-200]",HR≥55/EDG≥-/CV≤0.6/μ≥0.0/TP≥60,65.52,,0.6,0.0,60.0,148,145,95,50,65.52,-7.4,-18.39,3.6,-10.723,0.333,27
"[-299,-200]",HR≥55/EDG≥-/CV≤0.6/μ≥0.0/TP≥65,66.15,,0.6,0.0,65.0,133,130,86,44,66.15,-6.72,-18.26,4.81,-8.742,0.385,26
"[-299,-200]",HR≥55/EDG≥-/CV≤0.6/μ≥0.5/TP≥-,64.18,,0.6,0.5,,137,134,86,48,64.18,-9.23,-20.77,2.32,-12.364,0.308,26
"[-299,-200]",HR≥55/EDG≥-/CV≤0.6/μ≥0.5/TP≥50,64.18,,0.6,0.5,50.0,137,134,86,48,64.18,-9.23,-20.77,2.32,-12.364,0.308,26
"[-299,-200]",HR≥55/EDG≥-/CV≤0.6/μ≥0.5/TP≥55,64.18,,0.6,0.5,55.0,137,134,86,48,64.18,-9.23,-20.77,2.32,-12.364,0.308,26
"[-299,-200]",HR≥55/EDG≥-/CV≤0.6/μ≥0.5/TP≥60,63.91,,0.6,0.5,60.0,136,133,85,48,63.91,-9.65,-21.26,1.95,-12.84,0.308,26
"[-299,-200]",HR≥55/EDG≥-/CV≤0.6/μ≥0.5/TP≥65,64.75,,0.6,0.5,65.0,125,122,79,43,64.75,-8.59,-20.63,3.44,-10.486,0.346,26
"[-299,-200]",HR≥55/EDG≥-/CV≤0.6/μ≥1.0/TP≥-,62.62,,0.6,1.0,,108,107,67,40,62.62,-11.28,-24.35,1.79,-12.071,0.308,26
"[-299,-200]",HR≥55/EDG≥-/CV≤0.6/μ≥1.0/TP≥50,62.62,,0.6,1.0,50.0,108,107,67,40,62.62,-11.28,-24.35,1.79,-12.071,0.308,26
"[-299,-200]",HR≥55/EDG≥-/CV≤0.6/μ≥1.0/TP≥55,62.62,,0.6,1.0,55.0,108,107,67,40,62.62,-11.28,-24.35,1.79,-12.071,0.308,26
"[-299,-200]",HR≥55/EDG≥-/CV≤0.6/μ≥1.0/TP≥60,62.62,,0.6,1.0,60.0,108,107,67,40,62.62,-11.28,-24.35,1.79,-12.071,0.308,26
"[-299,-200]",HR≥55/EDG≥-/CV≤0.6/μ≥1.0/TP≥65,63.46,,0.6,1.0,65.0,105,104,66,38,63.46,-10.15,-23.33,3.04,-10.551,0.346,26
"[-299,-200]",HR≥55/EDG≥-/CV≤0.5/μ≥-/TP≥-,67.81,,0.5,,,150,146,99,47,67.81,-3.91,-14.71,6.89,-5.707,0.519,27
"[-299,-200]",HR≥55/EDG≥-/CV≤0.5/μ≥-/TP≥50,66.67,,0.5,,50.0,139,135,90,45,66.67,-5.58,-16.9,5.75,-7.527,0.481,27
"[-299,-200]",HR≥55/EDG≥-/CV≤0.5/μ≥-/TP≥55,66.42,,0.5,,55.0,138,134,89,45,66.42,-5.99,-17.37,5.39,-8.027,0.481,27
"[-299,-200]",HR≥55/EDG≥-/CV≤0.5/μ≥-/TP≥60,66.67,,0.5,,60.0,133,129,86,43,66.67,-5.57,-17.16,6.01,-7.191,0.444,27
"[-299,-200]",HR≥55/EDG≥-/CV≤0.5/μ≥-/TP≥65,66.67,,0.5,,65.0,118,114,76,38,66.67,-5.89,-18.18,6.41,-6.71,0.385,26
"[-299,-200]",HR≥55/EDG≥-/CV≤0.5/μ≥0.0/TP≥-,67.69,,0.5,0.0,,133,130,88,42,67.69,-4.16,-15.61,7.28,-5.412,0.481,27
"[-299,-200]",HR≥55/EDG≥-/CV≤0.5/μ≥0.0/TP≥50,67.69,,0.5,0.0,50.0,133,130,88,42,67.69,-4.16,-15.61,7.28,-5.412,0.481,27
"[-299,-200]",HR≥55/EDG≥-/CV≤0.5/μ≥0.0/TP≥55,67.44,,0.5,0.0,55.0,132,129,87,42,67.44,-4.58,-16.09,6.92,-5.912,0.481,27
"[-299,-200]",HR≥55/EDG≥-/CV≤0.5/μ≥0.0/TP≥60,67.74,,0.5,0.0,60.0,127,124,84,40,67.74,-4.09,-15.81,7.62,-5.076,0.444,27
"[-299,-200]",HR≥55/EDG≥-/CV≤0.5/μ≥0.0/TP≥65,68.18,,0.5,0.0,65.0,113,110,75,35,68.18,-3.72,-16.09,8.65,-4.095,0.423,26
"[-299,-200]",HR≥55/EDG≥-/CV≤0.5/μ≥0.5/TP≥-,66.37,,0.5,0.5,,116,113,75,38,66.37,-6.05,-18.46,6.35,-6.842,0.423,26
"[-299,-200]",HR≥55/EDG≥-/CV≤0.5/μ≥0.5/TP≥50,66.37,,0.5,0.5,50.0,116,113,75,38,66.37,-6.05,-18.46,6.35,-6.842,0.423,26
"[-299,-200]",HR≥55/EDG≥-/CV≤0.5/μ≥0.5/TP≥55,66.37,,0.5,0.5,55.0,116,113,75,38,66.37,-6.05,-18.46,6.35,-6.842,0.423,26
"[-299,-200]",HR≥55/EDG≥-/CV≤0.5/μ≥0.5/TP≥60,66.37,,0.5,0.5,60.0,116,113,75,38,66.37,-6.05,-18.46,6.35,-6.842,0.423,26
"[-299,-200]",HR≥55/EDG≥-/CV≤0.5/μ≥0.5/TP≥65,66.99,,0.5,0.5,65.0,106,103,69,34,66.99,-5.33,-18.25,7.59,-5.487,0.423,26
"[-299,-200]",HR≥55/EDG≥-/CV≤0.5/μ≥1.0/TP≥-,64.84,,0.5,1.0,,92,91,59,32,64.84,-8.05,-22.06,5.97,-7.324,0.36,25
"[-299,-200]",HR≥55/EDG≥-/CV≤0.5/μ≥1.0/TP≥50,64.84,,0.5,1.0,50.0,92,91,59,32,64.84,-8.05,-22.06,5.97,-7.324,0.36,25
"[-299,-200]",HR≥55/EDG≥-/CV≤0.5/μ≥1.0/TP≥55,64.84,,0.5,1.0,55.0,92,91,59,32,64.84,-8.05,-22.06,5.97,-7.324,0.36,25
"[-299,-200]",HR≥55/EDG≥-/CV≤0.5/μ≥1.0/TP≥60,64.84,,0.5,1.0,60.0,92,91,59,32,64.84,-8.05,-22.06,5.97,-7.324,0.36,25
"[-299,-200]",HR≥55/EDG≥-/CV≤0.5/μ≥1.0/TP≥65,65.17,,0.5,1.0,65.0,90,89,58,31,65.17,-7.65,-21.78,6.49,-6.805,0.4,25
"[-299,-200]",HR≥55/EDG≥-/CV≤0.45/μ≥-/TP≥-,69.09,,0.45,,,114,110,76,34,69.09,-2.06,-14.38,10.26,-2.268,0.556,27
"[-299,-200]",HR≥55/EDG≥-/CV≤0.45/μ≥-/TP≥50,68.32,,0.45,,50.0,105,101,69,32,68.32,-3.23,-16.17,9.71,-3.261,0.577,26
"[-299,-200]",HR≥55/EDG≥-/CV≤0.45/μ≥-/TP≥55,68.32,,0.45,,55.0,105,101,69,32,68.32,-3.23,-16.17,9.71,-3.261,0.577,26
"[-299,-200]",HR≥55/EDG≥-/CV≤0.45/μ≥-/TP≥60,68.37,,0.45,,60.0,102,98,67,31,68.37,-3.07,-16.22,10.08,-3.008,0.538,26
"[-299,-200]",HR≥55/EDG≥-/CV≤0.45/μ≥-/TP≥65,67.05,,0.45,,65.0,92,88,59,29,67.05,-5.27,-19.25,8.71,-4.638,0.462,26
"[-299,-200]",HR≥55/EDG≥-/CV≤0.45/μ≥0.0/TP≥-,69.07,,0.45,0.0,,100,97,67,30,69.07,-2.21,-15.33,10.9,-2.146,0.577,26
"[-299,-200]",HR≥55/EDG≥-/CV≤0.45/μ≥0.0/TP≥50,69.07,,0.45,0.0,50.0,100,97,67,30,69.07,-2.21,-15.33,10.9,-2.146,0.577,26
"[-299,-200]",HR≥55/EDG≥-/CV≤0.45/μ≥0.0/TP≥55,69.07,,0.45,0.0,55.0,100,97,67,30,69.07,-2.21,-15.33,10.9,-2.146,0.577,26
"[-299,-200]",HR≥55/EDG≥-/CV≤0.45/μ≥0.0/TP≥60,69.15,,0.45,0.0,60.0,97,94,65,29,69.15,-2.01,-15.34,11.31,-1.893,0.538,26
"[-299,-200]",HR≥55/EDG≥-/CV≤0.45/μ≥0.0/TP≥65,68.24,,0.45,0.0,65.0,88,85,58,27,68.24,-3.56,-17.65,10.54,-3.023,0.462,26
"[-299,-200]",HR≥55/EDG≥-/CV≤0.45/μ≥0.5/TP≥-,67.06,,0.45,0.5,,88,85,57,28,67.06,-5.0,-19.27,9.26,-4.251,0.423,26
"[-299,-200]",HR≥55/EDG≥-/CV≤0.45/μ≥0.5/TP≥50,67.06,,0.45,0.5,50.0,88,85,57,28,67.06,-5.0,-19.27,9.26,-4.251,0.423,26
"[-299,-200]",HR≥55/EDG≥-/CV≤0.45/μ≥0.5/TP≥55,67.06,,0.45,0.5,55.0,88,85,57,28,67.06,-5.0,-19.27,9.26,-4.251,0.423,26
"[-299,-200]",HR≥55/EDG≥-/CV≤0.45/μ≥0.5/TP≥60,67.06,,0.45,0.5,60.0,88,85,57,28,67.06,-5.0,-19.27,9.26,-4.251,0.423,26
"[-299,-200]",HR≥55/EDG≥-/CV≤0.45/μ≥0.5/TP≥65,66.67,,0.45,0.5,65.0,81,78,52,26,66.67,-5.66,-20.59,9.27,-4.416,0.423,26
"[-299,-200]",HR≥55/EDG≥-/CV≤0.45/μ≥1.0/TP≥-,62.69,,0.45,1.0,,68,67,42,25,62.69,-11.04,-27.62,5.55,-7.394,0.292,24
"[-299,-200]",HR≥55/EDG≥-/CV≤0.45/μ≥1.0/TP≥50,62.69,,0.45,1.0,50.0,68,67,42,25,62.69,-11.04,-27.62,5.55,-7.394,0.292,24
"[-299,-200]",HR≥55/EDG≥-/CV≤0.45/μ≥1.0/TP≥55,62.69,,0.45,1.0,55.0,68,67,42,25,62.69,-11.04,-27.62,5.55,-7.394,0.292,24
"[-299,-200]",HR≥55/EDG≥-/CV≤0.45/μ≥1.0/TP≥60,62.69,,0.45,1.0,60.0,68,67,42,25,62.69,-11.04,-27.62,5.55,-7.394,0.292,24
"[-299,-200]",HR≥55/EDG≥-/CV≤0.45/μ≥1.0/TP≥65,63.64,,0.45,1.0,65.0,67,66,42,24,63.64,-9.69,-26.31,6.94,-6.394,0.333,24
"[-299,-200]",HR≥55/EDG≥-/CV≤0.4/μ≥-/TP≥-,72.15,,0.4,,,83,79,57,22,72.15,2.27,-11.86,16.4,1.792,0.577,26
"[-299,-200]",HR≥55/EDG≥-/CV≤0.4/μ≥-/TP≥50,71.43,,0.4,,50.0,74,70,50,20,71.43,1.14,-13.99,16.27,0.798,0.6,25
"[-299,-200]",HR≥55/EDG≥-/CV≤0.4/μ≥-/TP≥55,71.43,,0.4,,55.0,74,70,50,20,71.43,1.14,-13.99,16.27,0.798,0.6,25
"[-299,-200]",HR≥55/EDG≥-/CV≤0.4/μ≥-/TP≥60,72.46,,0.4,,60.0,73,69,50,19,72.46,2.61,-12.46,17.67,1.798,0.6,25
"[-299,-200]",HR≥55/EDG≥-/CV≤0.4/μ≥-/TP≥65,73.44,,0.4,,65.0,68,64,47,17,73.44,3.65,-11.78,19.07,2.333,0.625,24
"[-299,-200]",HR≥55/EDG≥-/CV≤0.4/μ≥0.0/TP≥-,71.64,,0.4,0.0,,70,67,48,19,71.64,1.36,-14.05,16.78,0.914,0.6,25
"[-299,-200]",HR≥55/EDG≥-/CV≤0.4/μ≥0.0/TP≥50,71.64,,0.4,0.0,50.0,70,67,48,19,71.64,1.36,-14.05,16.78,0.914,0.6,25
"[-299,-200]",HR≥55/EDG≥-/CV≤0.4/μ≥0.0/TP≥55,71.64,,0.4,0.0,55.0,70,67,48,19,71.64,1.36,-14.05,16.78,0.914,0.6,25
"[-299,-200]",HR≥55/EDG≥-/CV≤0.4/μ≥0.0/TP≥60,72.73,,0.4,0.0,60.0,69,66,48,18,72.73,2.9,-12.45,18.25,1.914,0.6,25
"[-299,-200]",HR≥55/EDG≥-/CV≤0.4/μ≥0.0/TP≥65,74.19,,0.4,0.0,65.0,65,62,46,16,74.19,4.76,-10.78,20.29,2.949,0.625,24
"[-299,-200]",HR≥55/EDG≥-/CV≤0.4/μ≥0.5/TP≥-,70.69,,0.4,0.5,,61,58,41,17,70.69,0.04,-16.72,16.79,0.021,0.545,22
"[-299,-200]",HR≥55/EDG≥-/CV≤0.4/μ≥0.5/TP≥50,70.69,,0.4,0.5,50.0,61,58,41,17,70.69,0.04,-16.72,16.79,0.021,0.545,22
"[-299,-200]",HR≥55/EDG≥-/CV≤0.4/μ≥0.5/TP≥55,70.69,,0.4,0.5,55.0,61,58,41,17,70.69,0.04,-16.72,16.79,0.021,0.545,22
"[-299,-200]",HR≥55/EDG≥-/CV≤0.4/μ≥0.5/TP≥60,70.69,,0.4,0.5,60.0,61,58,41,17,70.69,0.04,-16.72,16.79,0.021,0.545,22
"[-299,-200]",HR≥55/EDG≥-/CV≤0.4/μ≥0.5/TP≥65,72.73,,0.4,0.5,65.0,58,55,40,15,72.73,2.83,-14.0,19.66,1.556,0.571,21
"[-299,-200]",HR≥55/EDG≥-/CV≤0.4/μ≥1.0/TP≥-,68.09,,0.4,1.0,,48,47,32,15,68.09,-3.42,-22.56,15.73,-1.606,0.35,20
"[-299,-200]",HR≥55/EDG≥-/CV≤0.4/μ≥1.0/TP≥50,68.09,,0.4,1.0,50.0,48,47,32,15,68.09,-3.42,-22.56,15.73,-1.606,0.35,20
"[-299,-200]",HR≥55/EDG≥-/CV≤0.4/μ≥1.0/TP≥55,68.09,,0.4,1.0,55.0,48,47,32,15,68.09,-3.42,-22.56,15.73,-1.606,0.35,20
"[-299,-200]",HR≥55/EDG≥-/CV≤0.4/μ≥1.0/TP≥60,68.09,,0.4,1.0,60.0,48,47,32,15,68.09,-3.42,-22.56,15.73,-1.606,0.35,20
"[-299,-200]",HR≥55/EDG≥-/CV≤0.4/μ≥1.0/TP≥65,69.57,,0.4,1.0,65.0,47,46,32,14,69.57,-1.32,-20.42,17.79,-0.606,0.4,20
"[-299,-200]",HR≥55/EDG≥-5.0/CV≤-/μ≥-/TP≥-,65.89,-5.0,,,,132,129,85,44,65.89,-6.88,-18.51,4.75,-8.871,0.269,26
"[-299,-200]",HR≥55/EDG≥-5.0/CV≤-/μ≥-/TP≥50,65.89,-5.0,,,50.0,132,129,85,44,65.89,-6.88,-18.51,4.75,-8.871,0.269,26
"[-299,-200]",HR≥55/EDG≥-5.0/CV≤-/μ≥-/TP≥55,65.89,-5.0,,,55.0,132,129,85,44,65.89,-6.88,-18.51,4.75,-8.871,0.269,26
"[-299,-200]",HR≥55/EDG≥-5.0/CV≤-/μ≥-/TP≥60,65.89,-5.0,,,60.0,132,129,85,44,65.89,-6.88,-18.51,4.75,-8.871,0.269,26
"[-299,-200]",HR≥55/EDG≥-5.0/CV≤-/μ≥-/TP≥65,66.94,-5.0,,,65.0,127,124,83,41,66.94,-5.53,-17.28,6.23,-6.852,0.346,26
"[-299,-200]",HR≥55/EDG≥-5.0/CV≤-/μ≥0.0/TP≥-,65.89,-5.0,,0.0,,132,129,85,44,65.89,-6.88,-18.51,4.75,-8.871,0.269,26
"[-299,-200]",HR≥55/EDG≥-5.0/CV≤-/μ≥0.0/TP≥50,65.89,-5.0,,0.0,50.0,132,129,85,44,65.89,-6.88,-18.51,4.75,-8.871,0.269,26
"[-299,-200]",HR≥55/EDG≥-5.0/CV≤-/μ≥0.0/TP≥55,65.89,-5.0,,0.0,55.0,132,129,85,44,65.89,-6.88,-18.51,4.75,-8.871,0.269,26
"[-299,-200]",HR≥55/EDG≥-5.0/CV≤-/μ≥0.0/TP≥60,65.89,-5.0,,0.0,60.0,132,129,85,44,65.89,-6.88,-18.51,4.75,-8.871,0.269,26
"[-299,-200]",HR≥55/EDG≥-5.0/CV≤-/μ≥0.0/TP≥65,66.94,-5.0,,0.0,65.0,127,124,83,41,66.94,-5.53,-17.28,6.23,-6.852,0.346,26
"[-299,-200]",HR≥55/EDG≥-5.0/CV≤-/μ≥0.5/TP≥-,65.89,-5.0,,0.5,,132,129,85,44,65.89,-6.88,-18.51,4.75,-8.871,0.269,26
"[-299,-200]",HR≥55/EDG≥-5.0/CV≤-/μ≥0.5/TP≥50,65.89,-5.0,,0.5,50.0,132,129,85,44,65.89,-6.88,-18.51,4.75,-8.871,0.269,26
"[-299,-200]",HR≥55/EDG≥-5.0/CV≤-/μ≥0.5/TP≥55,65.89,-5.0,,0.5,55.0,132,129,85,44,65.89,-6.88,-18.51,4.75,-8.871,0.269,26
"[-299,-200]",HR≥55/EDG≥-5.0/CV≤-/μ≥0.5/TP≥60,65.89,-5.0,,0.5,60.0,132,129,85,44,65.89,-6.88,-18.51,4.75,-8.871,0.269,26
"[-299,-200]",HR≥55/EDG≥-5.0/CV≤-/μ≥0.5/TP≥65,66.94,-5.0,,0.5,65.0,127,124,83,41,66.94,-5.53,-17.28,6.23,-6.852,0.346,26
"[-299,-200]",HR≥55/EDG≥-5.0/CV≤-/μ≥1.0/TP≥-,65.52,-5.0,,1.0,,117,116,76,40,65.52,-7.4,-19.7,4.9,-8.582,0.346,26
"[-299,-200]",HR≥55/EDG≥-5.0/CV≤-/μ≥1.0/TP≥50,65.52,-5.0,,1.0,50.0,117,116,76,40,65.52,-7.4,-19.7,4.9,-8.582,0.346,26
"[-299,-200]",HR≥55/EDG≥-5.0/CV≤-/μ≥1.0/TP≥55,65.52,-5.0,,1.0,55.0,117,116,76,40,65.52,-7.4,-19.7,4.9,-8.582,0.346,26
"[-299,-200]",HR≥55/EDG≥-5.0/CV≤-/μ≥1.0/TP≥60,65.52,-5.0,,1.0,60.0,117,116,76,40,65.52,-7.4,-19.7,4.9,-8.582,0.346,26
"[-299,-200]",HR≥55/EDG≥-5.0/CV≤-/μ≥1.0/TP≥65,66.37,-5.0,,1.0,65.0,114,113,75,38,66.37,-6.25,-18.63,6.13,-7.063,0.385,26
"[-299,-200]",HR≥55/EDG≥-5.0/CV≤0.7/μ≥-/TP≥-,65.08,-5.0,0.7,,,129,126,82,44,65.08,-8.0,-19.83,3.84,-10.076,0.269,26
"[-299,-200]",HR≥55/EDG≥-5.0/CV≤0.7/μ≥-/TP≥50,65.08,-5.0,0.7,,50.0,129,126,82,44,65.08,-8.0,-19.83,3.84,-10.076,0.269,26
"[-299,-200]",HR≥55/EDG≥-5.0/CV≤0.7/μ≥-/TP≥55,65.08,-5.0,0.7,,55.0,129,126,82,44,65.08,-8.0,-19.83,3.84,-10.076,0.269,26
"[-299,-200]",HR≥55/EDG≥-5.0/CV≤0.7/μ≥-/TP≥60,65.08,-5.0,0.7,,60.0,129,126,82,44,65.08,-8.0,-19.83,3.84,-10.076,0.269,26
"[-299,-200]",HR≥55/EDG≥-5.0/CV≤0.7/μ≥-/TP≥65,66.12,-5.0,0.7,,65.0,124,121,80,41,66.12,-6.66,-18.64,5.32,-8.056,0.346,26
"[-299,-200]",HR≥55/EDG≥-5.0/CV≤0.7/μ≥0.0/TP≥-,65.08,-5.0,0.7,0.0,,129,126,82,44,65.08,-8.0,-19.83,3.84,-10.076,0.269,26
"[-299,-200]",HR≥55/EDG≥-5.0/CV≤0.7/μ≥0.0/TP≥50,65.08,-5.0,0.7,0.0,50.0,129,126,82,44,65.08,-8.0,-19.83,3.84,-10.076,0.269,26
"[-299,-200]",HR≥55/EDG≥-5.0/CV≤0.7/μ≥0.0/TP≥55,65.08,-5.0,0.7,0.0,55.0,129,126,82,44,65.08,-8.0,-19.83,3.84,-10.076,0.269,26
"[-299,-200]",HR≥55/EDG≥-5.0/CV≤0.7/μ≥0.0/TP≥60,65.08,-5.0,0.7,0.0,60.0,129,126,82,44,65.08,-8.0,-19.83,3.84,-10.076,0.269,26
"[-299,-200]",HR≥55/EDG≥-5.0/CV≤0.7/μ≥0.0/TP≥65,66.12,-5.0,0.7,0.0,65.0,124,121,80,41,66.12,-6.66,-18.64,5.32,-8.056,0.346,26
"[-299,-200]",HR≥55/EDG≥-5.0/CV≤0.7/μ≥0.5/TP≥-,65.08,-5.0,0.7,0.5,,129,126,82,44,65.08,-8.0,-19.83,3.84,-10.076,0.269,26
"[-299,-200]",HR≥55/EDG≥-5.0/CV≤0.7/μ≥0.5/TP≥50,65.08,-5.0,0.7,0.5,50.0,129,126,82,44,65.08,-8.0,-19.83,3.84,-10.076,0.269,26
"[-299,-200]",HR≥55/EDG≥-5.0/CV≤0.7/μ≥0.5/TP≥55,65.08,-5.0,0.7,0.5,55.0,129,126,82,44,65.08,-8.0,-19.83,3.84,-10.076,0.269,26
"[-299,-200]",HR≥55/EDG≥-5.0/CV≤0.7/μ≥0.5/TP≥60,65.08,-5.0,0.7,0.5,60.0,129,126,82,44,65.08,-8.0,-19.83,3.84,-10.076,0.269,26
"[-299,-200]",HR≥55/EDG≥-5.0/CV≤0.7/μ≥0.5/TP≥65,66.12,-5.0,0.7,0.5,65.0,124,121,80,41,66.12,-6.66,-18.64,5.32,-8.056,0.346,26
"[-299,-200]",HR≥55/EDG≥-5.0/CV≤0.7/μ≥1.0/TP≥-,64.6,-5.0,0.7,1.0,,114,113,73,40,64.6,-8.66,-21.2,3.88,-9.786,0.346,26
"[-299,-200]",HR≥55/EDG≥-5.0/CV≤0.7/μ≥1.0/TP≥50,64.6,-5.0,0.7,1.0,50.0,114,113,73,40,64.6,-8.66,-21.2,3.88,-9.786,0.346,26
"[-299,-200]",HR≥55/EDG≥-5.0/CV≤0.7/μ≥1.0/TP≥55,64.6,-5.0,0.7,1.0,55.0,114,113,73,40,64.6,-8.66,-21.2,3.88,-9.786,0.346,26
"[-299,-200]",HR≥55/EDG≥-5.0/CV≤0.7/μ≥1.0/TP≥60,64.6,-5.0,0.7,1.0,60.0,114,113,73,40,64.6,-8.66,-21.2,3.88,-9.786,0.346,26
"[-299,-200]",HR≥55/EDG≥-5.0/CV≤0.7/μ≥1.0/TP≥65,65.45,-5.0,0.7,1.0,65.0,111,110,72,38,65.45,-7.52,-20.15,5.12,-8.267,0.385,26
"[-299,-200]",HR≥55/EDG≥-5.0/CV≤0.6/μ≥-/TP≥-,62.93,-5.0,0.6,,,119,116,73,43,62.93,-10.73,-23.28,1.81,-12.451,0.192,26
"[-299,-200]",HR≥55/EDG≥-5.0/CV≤0.6/μ≥-/TP≥50,62.93,-5.0,0.6,,50.0,119,116,73,43,62.93,-10.73,-23.28,1.81,-12.451,0.192,26
"[-299,-200]",HR≥55/EDG≥-5.0/CV≤0.6/μ≥-/TP≥55,62.93,-5.0,0.6,,55.0,119,116,73,43,62.93,-10.73,-23.28,1.81,-12.451,0.192,26
"[-299,-200]",HR≥55/EDG≥-5.0/CV≤0.6/μ≥-/TP≥60,62.93,-5.0,0.6,,60.0,119,116,73,43,62.93,-10.73,-23.28,1.81,-12.451,0.192,26
"[-299,-200]",HR≥55/EDG≥-5.0/CV≤0.6/μ≥-/TP≥65,63.96,-5.0,0.6,,65.0,114,111,71,40,63.96,-9.4,-22.13,3.33,-10.432,0.269,26
"[-299,-200]",HR≥55/EDG≥-5.0/CV≤0.6/μ≥0.0/TP≥-,62.93,-5.0,0.6,0.0,,119,116,73,43,62.93,-10.73,-23.28,1.81,-12.451,0.192,26
"[-299,-200]",HR≥55/EDG≥-5.0/CV≤0.6/μ≥0.0/TP≥50,62.93,-5.0,0.6,0.0,50.0,119,116,73,43,62.93,-10.73,-23.28,1.81,-12.451,0.192,26
"[-299,-200]",HR≥55/EDG≥-5.0/CV≤0.6/μ≥0.0/TP≥55,62.93,-5.0,0.6,0.0,55.0,119,116,73,43,62.93,-10.73,-23.28,1.81,-12.451,0.192,26
"[-299,-200]",HR≥55/EDG≥-5.0/CV≤0.6/μ≥0.0/TP≥60,62.93,-5.0,0.6,0.0,60.0,119,116,73,43,62.93,-10.73,-23.28,1.81,-12.451,0.192,26
"[-299,-200]",HR≥55/EDG≥-5.0/CV≤0.6/μ≥0.0/TP≥65,63.96,-5.0,0.6,0.0,65.0,114,111,71,40,63.96,-9.4,-22.13,3.33,-10.432,0.269,26
"[-299,-200]",HR≥55/EDG≥-5.0/CV≤0.6/μ≥0.5/TP≥-,62.93,-5.0,0.6,0.5,,119,116,73,43,62.93,-10.73,-23.28,1.81,-12.451,0.192,26
"[-299,-200]",HR≥55/EDG≥-5.0/CV≤0.6/μ≥0.5/TP≥50,62.93,-5.0,0.6,0.5,50.0,119,116,73,43,62.93,-10.73,-23.28,1.81,-12.451,0.192,26
"[-299,-200]",HR≥55/EDG≥-5.0/CV≤0.6/μ≥0.5/TP≥55,62.93,-5.0,0.6,0.5,55.0,119,116,73,43,62.93,-10.73,-23.28,1.81,-12.451,0.192,26
"[-299,-200]",HR≥55/EDG≥-5.0/CV≤0.6/μ≥0.5/TP≥60,62.93,-5.0,0.6,0.5,60.0,119,116,73,43,62.93,-10.73,-23.28,1.81,-12.451,0.192,26
"[-299,-200]",HR≥55/EDG≥-5.0/CV≤0.6/μ≥0.5/TP≥65,63.96,-5.0,0.6,0.5,65.0,114,111,71,40,63.96,-9.4,-22.13,3.33,-10.432,0.269,26
"[-299,-200]",HR≥55/EDG≥-5.0/CV≤0.6/μ≥1.0/TP≥-,62.14,-5.0,0.6,1.0,,104,103,64,39,62.14,-11.81,-25.19,1.57,-12.161,0.269,26
"[-299,-200]",HR≥55/EDG≥-5.0/CV≤0.6/μ≥1.0/TP≥50,62.14,-5.0,0.6,1.0,50.0,104,103,64,39,62.14,-11.81,-25.19,1.57,-12.161,0.269,26
"[-299,-200]",HR≥55/EDG≥-5.0/CV≤0.6/μ≥1.0/TP≥55,62.14,-5.0,0.6,1.0,55.0,104,103,64,39,62.14,-11.81,-25.19,1.57,-12.161,0.269,26
"[-299,-200]",HR≥55/EDG≥-5.0/CV≤0.6/μ≥1.0/TP≥60,62.14,-5.0,0.6,1.0,60.0,104,103,64,39,62.14,-11.81,-25.19,1.57,-12.161,0.269,26
"[-299,-200]",HR≥55/EDG≥-5.0/CV≤0.6/μ≥1.0/TP≥65,63.0,-5.0,0.6,1.0,65.0,101,100,63,37,63.0,-10.64,-24.15,2.87,-10.642,0.308,26
"[-299,-200]",HR≥55/EDG≥-5.0/CV≤0.5/μ≥-/TP≥-,64.36,-5.0,0.5,,,104,101,65,36,64.36,-8.62,-21.97,4.74,-8.704,0.308,26
"[-299,-200]",HR≥55/EDG≥-5.0/CV≤0.5/μ≥-/TP≥50,64.36,-5.0,0.5,,50.0,104,101,65,36,64.36,-8.62,-21.97,4.74,-8.704,0.308,26
"[-299,-200]",HR≥55/EDG≥-5.0/CV≤0.5/μ≥-/TP≥55,64.36,-5.0,0.5,,55.0,104,101,65,36,64.36,-8.62,-21.97,4.74,-8.704,0.308,26
"[-299,-200]",HR≥55/EDG≥-5.0/CV≤0.5/μ≥-/TP≥60,64.36,-5.0,0.5,,60.0,104,101,65,36,64.36,-8.62,-21.97,4.74,-8.704,0.308,26
"[-299,-200]",HR≥55/EDG≥-5.0/CV≤0.5/μ≥-/TP≥65,64.95,-5.0,0.5,,65.0,100,97,63,34,64.95,-7.92,-21.48,5.63,-7.685,0.385,26
"[-299,-200]",HR≥55/EDG≥-5.0/CV≤0.5/μ≥0.0/TP≥-,64.36,-5.0,0.5,0.0,,104,101,65,36,64.36,-8.62,-21.97,4.74,-8.704,0.308,26
"[-299,-200]",HR≥55/EDG≥-5.0/CV≤0.5/μ≥0.0/TP≥50,64.36,-5.0,0.5,0.0,50.0,104,101,65,36,64.36,-8.62,-21.97,4.74,-8.704,0.308,26
"[-299,-200]",HR≥55/EDG≥-5.0/CV≤0.5/μ≥0.0/TP≥55,64.36,-5.0,0.5,0.0,55.0,104,101,65,36,64.36,-8.62,-21.97,4.74,-8.704,0.308,26
"[-299,-200]",HR≥55/EDG≥-5.0/CV≤0.5/μ≥0.0/TP≥60,64.36,-5.0,0.5,0.0,60.0,104,101,65,36,64.36,-8.62,-21.97,4.74,-8.704,0.308,26
"[-299,-200]",HR≥55/EDG≥-5.0/CV≤0.5/μ≥0.0/TP≥65,64.95,-5.0,0.5,0.0,65.0,100,97,63,34,64.95,-7.92,-21.48,5.63,-7.685,0.385,26
"[-299,-200]",HR≥55/EDG≥-5.0/CV≤0.5/μ≥0.5/TP≥-,64.36,-5.0,0.5,0.5,,104,101,65,36,64.36,-8.62,-21.97,4.74,-8.704,0.308,26
"[-299,-200]",HR≥55/EDG≥-5.0/CV≤0.5/μ≥0.5/TP≥50,64.36,-5.0,0.5,0.5,50.0,104,101,65,36,64.36,-8.62,-21.97,4.74,-8.704,0.308,26
"[-299,-200]",HR≥55/EDG≥-5.0/CV≤0.5/μ≥0.5/TP≥55,64.36,-5.0,0.5,0.5,55.0,104,101,65,36,64.36,-8.62,-21.97,4.74,-8.704,0.308,26
"[-299,-200]",HR≥55/EDG≥-5.0/CV≤0.5/μ≥0.5/TP≥60,64.36,-5.0,0.5,0.5,60.0,104,101,65,36,64.36,-8.62,-21.97,4.74,-8.704,0.308,26
"[-299,-200]",HR≥55/EDG≥-5.0/CV≤0.5/μ≥0.5/TP≥65,64.95,-5.0,0.5,0.5,65.0,100,97,63,34,64.95,-7.92,-21.48,5.63,-7.685,0.385,26
"[-299,-200]",HR≥55/EDG≥-5.0/CV≤0.5/μ≥1.0/TP≥-,63.64,-5.0,0.5,1.0,,89,88,56,32,63.64,-9.56,-23.95,4.83,-8.415,0.32,25
"[-299,-200]",HR≥55/EDG≥-5.0/CV≤0.5/μ≥1.0/TP≥50,63.64,-5.0,0.5,1.0,50.0,89,88,56,32,63.64,-9.56,-23.95,4.83,-8.415,0.32,25
"[-299,-200]",HR≥55/EDG≥-5.0/CV≤0.5/μ≥1.0/TP≥55,63.64,-5.0,0.5,1.0,55.0,89,88,56,32,63.64,-9.56,-23.95,4.83,-8.415,0.32,25
"[-299,-200]",HR≥55/EDG≥-5.0/CV≤0.5/μ≥1.0/TP≥60,63.64,-5.0,0.5,1.0,60.0,89,88,56,32,63.64,-9.56,-23.95,4.83,-8.415,0.32,25
"[-299,-200]",HR≥55/EDG≥-5.0/CV≤0.5/μ≥1.0/TP≥65,63.95,-5.0,0.5,1.0,65.0,87,86,55,31,63.95,-9.18,-23.7,5.34,-7.896,0.36,25
"[-299,-200]",HR≥55/EDG≥-5.0/CV≤0.45/μ≥-/TP≥-,64.94,-5.0,0.45,,,80,77,50,27,64.94,-7.85,-23.1,7.4,-6.047,0.346,26
"[-299,-200]",HR≥55/EDG≥-5.0/CV≤0.45/μ≥-/TP≥50,64.94,-5.0,0.45,,50.0,80,77,50,27,64.94,-7.85,-23.1,7.4,-6.047,0.346,26
"[-299,-200]",HR≥55/EDG≥-5.0/CV≤0.45/μ≥-/TP≥55,64.94,-5.0,0.45,,55.0,80,77,50,27,64.94,-7.85,-23.1,7.4,-6.047,0.346,26
"[-299,-200]",HR≥55/EDG≥-5.0/CV≤0.45/μ≥-/TP≥60,64.94,-5.0,0.45,,60.0,80,77,50,27,64.94,-7.85,-23.1,7.4,-6.047,0.346,26
"[-299,-200]",HR≥55/EDG≥-5.0/CV≤0.45/μ≥-/TP≥65,65.33,-5.0,0.45,,65.0,78,75,49,26,65.33,-7.4,-22.79,8.0,-5.547,0.385,26
"[-299,-200]",HR≥55/EDG≥-5.0/CV≤0.45/μ≥0.0/TP≥-,64.94,-5.0,0.45,0.0,,80,77,50,27,64.94,-7.85,-23.1,7.4,-6.047,0.346,26
"[-299,-200]",HR≥55/EDG≥-5.0/CV≤0.45/μ≥0.0/TP≥50,64.94,-5.0,0.45,0.0,50.0,80,77,50,27,64.94,-7.85,-23.1,7.4,-6.047,0.346,26
"[-299,-200]",HR≥55/EDG≥-5.0/CV≤0.45/μ≥0.0/TP≥55,64.94,-5.0,0.45,0.0,55.0,80,77,50,27,64.94,-7.85,-23.1,7.4,-6.047,0.346,26
"[-299,-200]",HR≥55/EDG≥-5.0/CV≤0.45/μ≥0.0/TP≥60,64.94,-5.0,0.45,0.0,60.0,80,77,50,27,64.94,-7.85,-23.1,7.4,-6.047,0.346,26
"[-299,-200]",HR≥55/EDG≥-5.0/CV≤0.45/μ≥0.0/TP≥65,65.33,-5.0,0.45,0.0,65.0,78,75,49,26,65.33,-7.4,-22.79,8.0,-5.547,0.385,26
"[-299,-200]",HR≥55/EDG≥-5.0/CV≤0.45/μ≥0.5/TP≥-,64.94,-5.0,0.45,0.5,,80,77,50,27,64.94,-7.85,-23.1,7.4,-6.047,0.346,26
"[-299,-200]",HR≥55/EDG≥-5.0/CV≤0.45/μ≥0.5/TP≥50,64.94,-5.0,0.45,0.5,50.0,80,77,50,27,64.94,-7.85,-23.1,7.4,-6.047,0.346,26
"[-299,-200]",HR≥55/EDG≥-5.0/CV≤0.45/μ≥0.5/TP≥55,64.94,-5.0,0.45,0.5,55.0,80,77,50,27,64.94,-7.85,-23.1,7.4,-6.047,0.346,26
"[-299,-200]",HR≥55/EDG≥-5.0/CV≤0.45/μ≥0.5/TP≥60,64.94,-5.0,0.45,0.5,60.0,80,77,50,27,64.94,-7.85,-23.1,7.4,-6.047,0.346,26
"[-299,-200]",HR≥55/EDG≥-5.0/CV≤0.45/μ≥0.5/TP≥65,65.33,-5.0,0.45,0.5,65.0,78,75,49,26,65.33,-7.4,-22.79,8.0,-5.547,0.385,26
"[-299,-200]",HR≥55/EDG≥-5.0/CV≤0.45/μ≥1.0/TP≥-,62.12,-5.0,0.45,1.0,,67,66,41,25,62.12,-11.75,-28.53,5.02,-7.758,0.25,24
"[-299,-200]",HR≥55/EDG≥-5.0/CV≤0.45/μ≥1.0/TP≥50,62.12,-5.0,0.45,1.0,50.0,67,66,41,25,62.12,-11.75,-28.53,5.02,-7.758,0.25,24
"[-299,-200]",HR≥55/EDG≥-5.0/CV≤0.45/μ≥1.0/TP≥55,62.12,-5.0,0.45,1.0,55.0,67,66,41,25,62.12,-11.75,-28.53,5.02,-7.758,0.25,24
"[-299,-200]",HR≥55/EDG≥-5.0/CV≤0.45/μ≥1.0/TP≥60,62.12,-5.0,0.45,1.0,60.0,67,66,41,25,62.12,-11.75,-28.53,5.02,-7.758,0.25,24
"[-299,-200]",HR≥55/EDG≥-5.0/CV≤0.45/μ≥1.0/TP≥65,63.08,-5.0,0.45,1.0,65.0,66,65,41,24,63.08,-10.4,-27.22,6.43,-6.758,0.292,24
"[-299,-200]",HR≥55/EDG≥-5.0/CV≤0.4/μ≥-/TP≥-,70.37,-5.0,0.4,,,57,54,38,16,70.37,-0.29,-17.75,17.16,-0.159,0.524,21
"[-299,-200]",HR≥55/EDG≥-5.0/CV≤0.4/μ≥-/TP≥50,70.37,-5.0,0.4,,50.0,57,54,38,16,70.37,-0.29,-17.75,17.16,-0.159,0.524,21
"[-299,-200]",HR≥55/EDG≥-5.0/CV≤0.4/μ≥-/TP≥55,70.37,-5.0,0.4,,55.0,57,54,38,16,70.37,-0.29,-17.75,17.16,-0.159,0.524,21
"[-299,-200]",HR≥55/EDG≥-5.0/CV≤0.4/μ≥-/TP≥60,70.37,-5.0,0.4,,60.0,57,54,38,16,70.37,-0.29,-17.75,17.16,-0.159,0.524,21
"[-299,-200]",HR≥55/EDG≥-5.0/CV≤0.4/μ≥-/TP≥65,71.7,-5.0,0.4,,65.0,56,53,38,15,71.7,1.59,-15.8,18.97,0.841,0.571,21
"[-299,-200]",HR≥55/EDG≥-5.0/CV≤0.4/μ≥0.0/TP≥-,70.37,-5.0,0.4,0.0,,57,54,38,16,70.37,-0.29,-17.75,17.16,-0.159,0.524,21
"[-299,-200]",HR≥55/EDG≥-5.0/CV≤0.4/μ≥0.0/TP≥50,70.37,-5.0,0.4,0.0,50.0,57,54,38,16,70.37,-0.29,-17.75,17.16,-0.159,0.524,21
"[-299,-200]",HR≥55/EDG≥-5.0/CV≤0.4/μ≥0.0/TP≥55,70.37,-5.0,0.4,0.0,55.0,57,54,38,16,70.37,-0.29,-17.75,17.16,-0.159,0.524,21
"[-299,-200]",HR≥55/EDG≥-5.0/CV≤0.4/μ≥0.0/TP≥60,70.37,-5.0,0.4,0.0,60.0,57,54,38,16,70.37,-0.29,-17.75,17.16,-0.159,0.524,21
"[-299,-200]",HR≥55/EDG≥-5.0/CV≤0.4/μ≥0.0/TP≥65,71.7,-5.0,0.4,0.0,65.0,56,53,38,15,71.7,1.59,-15.8,18.97,0.841,0.571,21
"[-299,-200]",HR≥55/EDG≥-5.0/CV≤0.4/μ≥0.5/TP≥-,70.37,-5.0,0.4,0.5,,57,54,38,16,70.37,-0.29,-17.75,17.16,-0.159,0.524,21
"[-299,-200]",HR≥55/EDG≥-5.0/CV≤0.4/μ≥0.5/TP≥50,70.37,-5.0,0.4,0.5,50.0,57,54,38,16,70.37,-0.29,-17.75,17.16,-0.159,0.524,21
"[-299,-200]",HR≥55/EDG≥-5.0/CV≤0.4/μ≥0.5/TP≥55,70.37,-5.0,0.4,0.5,55.0,57,54,38,16,70.37,-0.29,-17.75,17.16,-0.159,0.524,21
"[-299,-200]",HR≥55/EDG≥-5.0/CV≤0.4/μ≥0.5/TP≥60,70.37,-5.0,0.4,0.5,60.0,57,54,38,16,70.37,-0.29,-17.75,17.16,-0.159,0.524,21
"[-299,-200]",HR≥55/EDG≥-5.0/CV≤0.4/μ≥0.5/TP≥65,71.7,-5.0,0.4,0.5,65.0,56,53,38,15,71.7,1.59,-15.8,18.97,0.841,0.571,21
"[-299,-200]",HR≥55/EDG≥-5.0/CV≤0.4/μ≥1.0/TP≥-,67.39,-5.0,0.4,1.0,,47,46,31,15,67.39,-4.28,-23.77,15.21,-1.969,0.35,20
"[-299,-200]",HR≥55/EDG≥-5.0/CV≤0.4/μ≥1.0/TP≥50,67.39,-5.0,0.4,1.0,50.0,47,46,31,15,67.39,-4.28,-23.77,15.21,-1.969,0.35,20
"[-299,-200]",HR≥55/EDG≥-5.0/CV≤0.4/μ≥1.0/TP≥55,67.39,-5.0,0.4,1.0,55.0,47,46,31,15,67.39,-4.28,-23.77,15.21,-1.969,0.35,20
"[-299,-200]",HR≥55/EDG≥-5.0/CV≤0.4/μ≥1.0/TP≥60,67.39,-5.0,0.4,1.0,60.0,47,46,31,15,67.39,-4.28,-23.77,15.21,-1.969,0.35,20
"[-299,-200]",HR≥55/EDG≥-5.0/CV≤0.4/μ≥1.0/TP≥65,68.89,-5.0,0.4,1.0,65.0,46,45,31,14,68.89,-2.15,-21.62,17.31,-0.969,0.4,20
"[-299,-200]",HR≥55/EDG≥0.0/CV≤-/μ≥-/TP≥-,65.42,0.0,,,,108,107,70,37,65.42,-7.24,-20.1,5.62,-7.748,0.346,26
"[-299,-200]",HR≥55/EDG≥0.0/CV≤-/μ≥-/TP≥50,65.42,0.0,,,50.0,108,107,70,37,65.42,-7.24,-20.1,5.62,-7.748,0.346,26
"[-299,-200]",HR≥55/EDG≥0.0/CV≤-/μ≥-/TP≥55,65.42,0.0,,,55.0,108,107,70,37,65.42,-7.24,-20.1,5.62,-7.748,0.346,26
"[-299,-200]",HR≥55/EDG≥0.0/CV≤-/μ≥-/TP≥60,65.42,0.0,,,60.0,108,107,70,37,65.42,-7.24,-20.1,5.62,-7.748,0.346,26
"[-299,-200]",HR≥55/EDG≥0.0/CV≤-/μ≥-/TP≥65,66.35,0.0,,,65.0,105,104,69,35,66.35,-5.99,-18.94,6.96,-6.228,0.385,26
"[-299,-200]",HR≥55/EDG≥0.0/CV≤-/μ≥0.0/TP≥-,65.42,0.0,,0.0,,108,107,70,37,65.42,-7.24,-20.1,5.62,-7.748,0.346,26
"[-299,-200]",HR≥55/EDG≥0.0/CV≤-/μ≥0.0/TP≥50,65.42,0.0,,0.0,50.0,108,107,70,37,65.42,-7.24,-20.1,5.62,-7.748,0.346,26
"[-299,-200]",HR≥55/EDG≥0.0/CV≤-/μ≥0.0/TP≥55,65.42,0.0,,0.0,55.0,108,107,70,37,65.42,-7.24,-20.1,5.62,-7.748,0.346,26
"[-299,-200]",HR≥55/EDG≥0.0/CV≤-/μ≥0.0/TP≥60,65.42,0.0,,0.0,60.0,108,107,70,37,65.42,-7.24,-20.1,5.62,-7.748,0.346,26
"[-299,-200]",HR≥55/EDG≥0.0/CV≤-/μ≥0.0/TP≥65,66.35,0.0,,0.0,65.0,105,104,69,35,66.35,-5.99,-18.94,6.96,-6.228,0.385,26
"[-299,-200]",HR≥55/EDG≥0.0/CV≤-/μ≥0.5/TP≥-,65.42,0.0,,0.5,,108,107,70,37,65.42,-7.24,-20.1,5.62,-7.748,0.346,26
"[-299,-200]",HR≥55/EDG≥0.0/CV≤-/μ≥0.5/TP≥50,65.42,0.0,,0.5,50.0,108,107,70,37,65.42,-7.24,-20.1,5.62,-7.748,0.346,26
"[-299,-200]",HR≥55/EDG≥0.0/CV≤-/μ≥0.5/TP≥55,65.42,0.0,,0.5,55.0,108,107,70,37,65.42,-7.24,-20.1,5.62,-7.748,0.346,26
"[-299,-200]",HR≥55/EDG≥0.0/CV≤-/μ≥0.5/TP≥60,65.42,0.0,,0.5,60.0,108,107,70,37,65.42,-7.24,-20.1,5.62,-7.748,0.346,26
"[-299,-200]",HR≥55/EDG≥0.0/CV≤-/μ≥0.5/TP≥65,66.35,0.0,,0.5,65.0,105,104,69,35,66.35,-5.99,-18.94,6.96,-6.228,0.385,26
"[-299,-200]",HR≥55/EDG≥0.0/CV≤-/μ≥1.0/TP≥-,66.02,0.0,,1.0,,103,103,68,35,66.02,-6.33,-19.39,6.74,-6.515,0.385,26
"[-299,-200]",HR≥55/EDG≥0.0/CV≤-/μ≥1.0/TP≥50,66.02,0.0,,1.0,50.0,103,103,68,35,66.02,-6.33,-19.39,6.74,-6.515,0.385,26
"[-299,-200]",HR≥55/EDG≥0.0/CV≤-/μ≥1.0/TP≥55,66.02,0.0,,1.0,55.0,103,103,68,35,66.02,-6.33,-19.39,6.74,-6.515,0.385,26
"[-299,-200]",HR≥55/EDG≥0.0/CV≤-/μ≥1.0/TP≥60,66.02,0.0,,1.0,60.0,103,103,68,35,66.02,-6.33,-19.39,6.74,-6.515,0.385,26
"[-299,-200]",HR≥55/EDG≥0.0/CV≤-/μ≥1.0/TP≥65,67.0,0.0,,1.0,65.0,100,100,67,33,67.0,-5.0,-18.15,8.16,-4.996,0.423,26
"[-299,-200]",HR≥55/EDG≥0.0/CV≤0.7/μ≥-/TP≥-,64.76,0.0,0.7,,,106,105,68,37,64.76,-8.14,-21.19,4.9,-8.552,0.346,26
"[-299,-200]",HR≥55/EDG≥0.0/CV≤0.7/μ≥-/TP≥50,64.76,0.0,0.7,,50.0,106,105,68,37,64.76,-8.14,-21.19,4.9,-8.552,0.346,26
"[-299,-200]",HR≥55/EDG≥0.0/CV≤0.7/μ≥-/TP≥55,64.76,0.0,0.7,,55.0,106,105,68,37,64.76,-8.14,-21.19,4.9,-8.552,0.346,26
"[-299,-200]",HR≥55/EDG≥0.0/CV≤0.7/μ≥-/TP≥60,64.76,0.0,0.7,,60.0,106,105,68,37,64.76,-8.14,-21.19,4.9,-8.552,0.346,26
"[-299,-200]",HR≥55/EDG≥0.0/CV≤0.7/μ≥-/TP≥65,65.69,0.0,0.7,,65.0,103,102,67,35,65.69,-6.89,-20.04,6.25,-7.033,0.385,26
"[-299,-200]",HR≥55/EDG≥0.0/CV≤0.7/μ≥0.0/TP≥-,64.76,0.0,0.7,0.0,,106,105,68,37,64.76,-8.14,-21.19,4.9,-8.552,0.346,26
"[-299,-200]",HR≥55/EDG≥0.0/CV≤0.7/μ≥0.0/TP≥50,64.76,0.0,0.7,0.0,50.0,106,105,68,37,64.76,-8.14,-21.19,4.9,-8.552,0.346,26
"[-299,-200]",HR≥55/EDG≥0.0/CV≤0.7/μ≥0.0/TP≥55,64.76,0.0,0.7,0.0,55.0,106,105,68,37,64.76,-8.14,-21.19,4.9,-8.552,0.346,26
"[-299,-200]",HR≥55/EDG≥0.0/CV≤0.7/μ≥0.0/TP≥60,64.76,0.0,0.7,0.0,60.0,106,105,68,37,64.76,-8.14,-21.19,4.9,-8.552,0.346,26
"[-299,-200]",HR≥55/EDG≥0.0/CV≤0.7/μ≥0.0/TP≥65,65.69,0.0,0.7,0.0,65.0,103,102,67,35,65.69,-6.89,-20.04,6.25,-7.033,0.385,26
"[-299,-200]",HR≥55/EDG≥0.0/CV≤0.7/μ≥0.5/TP≥-,64.76,0.0,0.7,0.5,,106,105,68,37,64.76,-8.14,-21.19,4.9,-8.552,0.346,26
"[-299,-200]",HR≥55/EDG≥0.0/CV≤0.7/μ≥0.5/TP≥50,64.76,0.0,0.7,0.5,50.0,106,105,68,37,64.76,-8.14,-21.19,4.9,-8.552,0.346,26
"[-299,-200]",HR≥55/EDG≥0.0/CV≤0.7/μ≥0.5/TP≥55,64.76,0.0,0.7,0.5,55.0,106,105,68,37,64.76,-8.14,-21.19,4.9,-8.552,0.346,26
"[-299,-200]",HR≥55/EDG≥0.0/CV≤0.7/μ≥0.5/TP≥60,64.76,0.0,0.7,0.5,60.0,106,105,68,37,64.76,-8.14,-21.19,4.9,-8.552,0.346,26
"[-299,-200]",HR≥55/EDG≥0.0/CV≤0.7/μ≥0.5/TP≥65,65.69,0.0,0.7,0.5,65.0,103,102,67,35,65.69,-6.89,-20.04,6.25,-7.033,0.385,26
"[-299,-200]",HR≥55/EDG≥0.0/CV≤0.7/μ≥1.0/TP≥-,65.35,0.0,0.7,1.0,,101,101,66,35,65.35,-7.25,-20.51,6.01,-7.319,0.385,26
"[-299,-200]",HR≥55/EDG≥0.0/CV≤0.7/μ≥1.0/TP≥50,65.35,0.0,0.7,1.0,50.0,101,101,66,35,65.35,-7.25,-20.51,6.01,-7.319,0.385,26
"[-299,-200]",HR≥55/EDG≥0.0/CV≤0.7/μ≥1.0/TP≥55,65.35,0.0,0.7,1.0,55.0,101,101,66,35,65.35,-7.25,-20.51,6.01,-7.319,0.385,26
"[-299,-200]",HR≥55/EDG≥0.0/CV≤0.7/μ≥1.0/TP≥60,65.35,0.0,0.7,1.0,60.0,101,101,66,35,65.35,-7.25,-20.51,6.01,-7.319,0.385,26
"[-299,-200]",HR≥55/EDG≥0.0/CV≤0.7/μ≥1.0/TP≥65,66.33,0.0,0.7,1.0,65.0,98,98,65,33,66.33,-5.92,-19.28,7.44,-5.8,0.423,26
"[-299,-200]",HR≥55/EDG≥0.0/CV≤0.6/μ≥-/TP≥-,63.64,0.0,0.6,,,100,99,63,36,63.64,-9.62,-23.17,3.93,-9.521,0.346,26
"[-299,-200]",HR≥55/EDG≥0.0/CV≤0.6/μ≥-/TP≥50,63.64,0.0,0.6,,50.0,100,99,63,36,63.64,-9.62,-23.17,3.93,-9.521,0.346,26
"[-299,-200]",HR≥55/EDG≥0.0/CV≤0.6/μ≥-/TP≥55,63.64,0.0,0.6,,55.0,100,99,63,36,63.64,-9.62,-23.17,3.93,-9.521,0.346,26
"[-299,-200]",HR≥55/EDG≥0.0/CV≤0.6/μ≥-/TP≥60,63.64,0.0,0.6,,60.0,100,99,63,36,63.64,-9.62,-23.17,3.93,-9.521,0.346,26
"[-299,-200]",HR≥55/EDG≥0.0/CV≤0.6/μ≥-/TP≥65,64.58,0.0,0.6,,65.0,97,96,62,34,64.58,-8.34,-22.01,5.34,-8.002,0.385,26
"[-299,-200]",HR≥55/EDG≥0.0/CV≤0.6/μ≥0.0/TP≥-,63.64,0.0,0.6,0.0,,100,99,63,36,63.64,-9.62,-23.17,3.93,-9.521,0.346,26
"[-299,-200]",HR≥55/EDG≥0.0/CV≤0.6/μ≥0.0/TP≥50,63.64,0.0,0.6,0.0,50.0,100,99,63,36,63.64,-9.62,-23.17,3.93,-9.521,0.346,26
"[-299,-200]",HR≥55/EDG≥0.0/CV≤0.6/μ≥0.0/TP≥55,63.64,0.0,0.6,0.0,55.0,100,99,63,36,63.64,-9.62,-23.17,3.93,-9.521,0.346,26
"[-299,-200]",HR≥55/EDG≥0.0/CV≤0.6/μ≥0.0/TP≥60,63.64,0.0,0.6,0.0,60.0,100,99,63,36,63.64,-9.62,-23.17,3.93,-9.521,0.346,26
"[-299,-200]",HR≥55/EDG≥0.0/CV≤0.6/μ≥0.0/TP≥65,64.58,0.0,0.6,0.0,65.0,97,96,62,34,64.58,-8.34,-22.01,5.34,-8.002,0.385,26
"[-299,-200]",HR≥55/EDG≥0.0/CV≤0.6/μ≥0.5/TP≥-,63.64,0.0,0.6,0.5,,100,99,63,36,63.64,-9.62,-23.17,3.93,-9.521,0.346,26
"[-299,-200]",HR≥55/EDG≥0.0/CV≤0.6/μ≥0.5/TP≥50,63.64,0.0,0.6,0.5,50.0,100,99,63,36,63.64,-9.62,-23.17,3.93,-9.521,0.346,26
"[-299,-200]",HR≥55/EDG≥0.0/CV≤0.6/μ≥0.5/TP≥55,63.64,0.0,0.6,0.5,55.0,100,99,63,36,63.64,-9.62,-23.17,3.93,-9.521,0.346,26
"[-299,-200]",HR≥55/EDG≥0.0/CV≤0.6/μ≥0.5/TP≥60,63.64,0.0,0.6,0.5,60.0,100,99,63,36,63.64,-9.62,-23.17,3.93,-9.521,0.346,26
"[-299,-200]",HR≥55/EDG≥0.0/CV≤0.6/μ≥0.5/TP≥65,64.58,0.0,0.6,0.5,65.0,97,96,62,34,64.58,-8.34,-22.01,5.34,-8.002,0.385,26
"[-299,-200]",HR≥55/EDG≥0.0/CV≤0.6/μ≥1.0/TP≥-,64.21,0.0,0.6,1.0,,95,95,61,34,64.21,-8.72,-22.52,5.07,-8.289,0.385,26
"[-299,-200]",HR≥55/EDG≥0.0/CV≤0.6/μ≥1.0/TP≥50,64.21,0.0,0.6,1.0,50.0,95,95,61,34,64.21,-8.72,-22.52,5.07,-8.289,0.385,26
"[-299,-200]",HR≥55/EDG≥0.0/CV≤0.6/μ≥1.0/TP≥55,64.21,0.0,0.6,1.0,55.0,95,95,61,34,64.21,-8.72,-22.52,5.07,-8.289,0.385,26
"[-299,-200]",HR≥55/EDG≥0.0/CV≤0.6/μ≥1.0/TP≥60,64.21,0.0,0.6,1.0,60.0,95,95,61,34,64.21,-8.72,-22.52,5.07,-8.289,0.385,26
"[-299,-200]",HR≥55/EDG≥0.0/CV≤0.6/μ≥1.0/TP≥65,65.22,0.0,0.6,1.0,65.0,92,92,60,32,65.22,-7.36,-21.28,6.57,-6.77,0.423,26
"[-299,-200]",HR≥55/EDG≥0.0/CV≤0.5/μ≥-/TP≥-,64.71,0.0,0.5,,,86,85,55,30,64.71,-7.97,-22.53,6.59,-6.775,0.36,25
"[-299,-200]",HR≥55/EDG≥0.0/CV≤0.5/μ≥-/TP≥50,64.71,0.0,0.5,,50.0,86,85,55,30,64.71,-7.97,-22.53,6.59,-6.775,0.36,25
"[-299,-200]",HR≥55/EDG≥0.0/CV≤0.5/μ≥-/TP≥55,64.71,0.0,0.5,,55.0,86,85,55,30,64.71,-7.97,-22.53,6.59,-6.775,0.36,25
"[-299,-200]",HR≥55/EDG≥0.0/CV≤0.5/μ≥-/TP≥60,64.71,0.0,0.5,,60.0,86,85,55,30,64.71,-7.97,-22.53,6.59,-6.775,0.36,25
"[-299,-200]",HR≥55/EDG≥0.0/CV≤0.5/μ≥-/TP≥65,65.06,0.0,0.5,,65.0,84,83,54,29,65.06,-7.54,-22.23,7.15,-6.255,0.4,25
"[-299,-200]",HR≥55/EDG≥0.0/CV≤0.5/μ≥0.0/TP≥-,64.71,0.0,0.5,0.0,,86,85,55,30,64.71,-7.97,-22.53,6.59,-6.775,0.36,25
"[-299,-200]",HR≥55/EDG≥0.0/CV≤0.5/μ≥0.0/TP≥50,64.71,0.0,0.5,0.0,50.0,86,85,55,30,64.71,-7.97,-22.53,6.59,-6.775,0.36,25
"[-299,-200]",HR≥55/EDG≥0.0/CV≤0.5/μ≥0.0/TP≥55,64.71,0.0,0.5,0.0,55.0,86,85,55,30,64.71,-7.97,-22.53,6.59,-6.775,0.36,25
"[-299,-200]",HR≥55/EDG≥0.0/CV≤0.5/μ≥0.0/TP≥60,64.71,0.0,0.5,0.0,60.0,86,85,55,30,64.71,-7.97,-22.53,6.59,-6.775,0.36,25
"[-299,-200]",HR≥55/EDG≥0.0/CV≤0.5/μ≥0.0/TP≥65,65.06,0.0,0.5,0.0,65.0,84,83,54,29,65.06,-7.54,-22.23,7.15,-6.255,0.4,25
"[-299,-200]",HR≥55/EDG≥0.0/CV≤0.5/μ≥0.5/TP≥-,64.71,0.0,0.5,0.5,,86,85,55,30,64.71,-7.97,-22.53,6.59,-6.775,0.36,25
"[-299,-200]",HR≥55/EDG≥0.0/CV≤0.5/μ≥0.5/TP≥50,64.71,0.0,0.5,0.5,50.0,86,85,55,30,64.71,-7.97,-22.53,6.59,-6.775,0.36,25
"[-299,-200]",HR≥55/EDG≥0.0/CV≤0.5/μ≥0.5/TP≥55,64.71,0.0,0.5,0.5,55.0,86,85,55,30,64.71,-7.97,-22.53,6.59,-6.775,0.36,25
"[-299,-200]",HR≥55/EDG≥0.0/CV≤0.5/μ≥0.5/TP≥60,64.71,0.0,0.5,0.5,60.0,86,85,55,30,64.71,-7.97,-22.53,6.59,-6.775,0.36,25
"[-299,-200]",HR≥55/EDG≥0.0/CV≤0.5/μ≥0.5/TP≥65,65.06,0.0,0.5,0.5,65.0,84,83,54,29,65.06,-7.54,-22.23,7.15,-6.255,0.4,25
"[-299,-200]",HR≥55/EDG≥0.0/CV≤0.5/μ≥1.0/TP≥-,65.43,0.0,0.5,1.0,,81,81,53,28,65.43,-6.84,-21.71,8.02,-5.542,0.44,25
"[-299,-200]",HR≥55/EDG≥0.0/CV≤0.5/μ≥1.0/TP≥50,65.43,0.0,0.5,1.0,50.0,81,81,53,28,65.43,-6.84,-21.71,8.02,-5.542,0.44,25
"[-299,-200]",HR≥55/EDG≥0.0/CV≤0.5/μ≥1.0/TP≥55,65.43,0.0,0.5,1.0,55.0,81,81,53,28,65.43,-6.84,-21.71,8.02,-5.542,0.44,25
"[-299,-200]",HR≥55/EDG≥0.0/CV≤0.5/μ≥1.0/TP≥60,65.43,0.0,0.5,1.0,60.0,81,81,53,28,65.43,-6.84,-21.71,8.02,-5.542,0.44,25
"[-299,-200]",HR≥55/EDG≥0.0/CV≤0.5/μ≥1.0/TP≥65,65.82,0.0,0.5,1.0,65.0,79,79,52,27,65.82,-6.36,-21.36,8.64,-5.023,0.48,25
"[-299,-200]",HR≥55/EDG≥0.0/CV≤0.45/μ≥-/TP≥-,63.08,0.0,0.45,,,66,65,41,24,63.08,-10.41,-27.23,6.41,-6.766,0.333,24
"[-299,-200]",HR≥55/EDG≥0.0/CV≤0.45/μ≥-/TP≥50,63.08,0.0,0.45,,50.0,66,65,41,24,63.08,-10.41,-27.23,6.41,-6.766,0.333,24
"[-299,-200]",HR≥55/EDG≥0.0/CV≤0.45/μ≥-/TP≥55,63.08,0.0,0.45,,55.0,66,65,41,24,63.08,-10.41,-27.23,6.41,-6.766,0.333,24
"[-299,-200]",HR≥55/EDG≥0.0/CV≤0.45/μ≥-/TP≥60,63.08,0.0,0.45,,60.0,66,65,41,24,63.08,-10.41,-27.23,6.41,-6.766,0.333,24
"[-299,-200]",HR≥55/EDG≥0.0/CV≤0.45/μ≥-/TP≥65,64.06,0.0,0.45,,65.0,65,64,41,23,64.06,-9.01,-25.87,7.85,-5.766,0.375,24
"[-299,-200]",HR≥55/EDG≥0.0/CV≤0.45/μ≥0.0/TP≥-,63.08,0.0,0.45,0.0,,66,65,41,24,63.08,-10.41,-27.23,6.41,-6.766,0.333,24
"[-299,-200]",HR≥55/EDG≥0.0/CV≤0.45/μ≥0.0/TP≥50,63.08,0.0,0.45,0.0,50.0,66,65,41,24,63.08,-10.41,-27.23,6.41,-6.766,0.333,24
"[-299,-200]",HR≥55/EDG≥0.0/CV≤0.45/μ≥0.0/TP≥55,63.08,0.0,0.45,0.0,55.0,66,65,41,24,63.08,-10.41,-27.23,6.41,-6.766,0.333,24
"[-299,-200]",HR≥55/EDG≥0.0/CV≤0.45/μ≥0.0/TP≥60,63.08,0.0,0.45,0.0,60.0,66,65,41,24,63.08,-10.41,-27.23,6.41,-6.766,0.333,24
"[-299,-200]",HR≥55/EDG≥0.0/CV≤0.45/μ≥0.0/TP≥65,64.06,0.0,0.45,0.0,65.0,65,64,41,23,64.06,-9.01,-25.87,7.85,-5.766,0.375,24
"[-299,-200]",HR≥55/EDG≥0.0/CV≤0.45/μ≥0.5/TP≥-,63.08,0.0,0.45,0.5,,66,65,41,24,63.08,-10.41,-27.23,6.41,-6.766,0.333,24
"[-299,-200]",HR≥55/EDG≥0.0/CV≤0.45/μ≥0.5/TP≥50,63.08,0.0,0.45,0.5,50.0,66,65,41,24,63.08,-10.41,-27.23,6.41,-6.766,0.333,24
"[-299,-200]",HR≥55/EDG≥0.0/CV≤0.45/μ≥0.5/TP≥55,63.08,0.0,0.45,0.5,55.0,66,65,41,24,63.08,-10.41,-27.23,6.41,-6.766,0.333,24
"[-299,-200]",HR≥55/EDG≥0.0/CV≤0.45/μ≥0.5/TP≥60,63.08,0.0,0.45,0.5,60.0,66,65,41,24,63.08,-10.41,-27.23,6.41,-6.766,0.333,24
"[-299,-200]",HR≥55/EDG≥0.0/CV≤0.45/μ≥0.5/TP≥65,64.06,0.0,0.45,0.5,65.0,65,64,41,23,64.06,-9.01,-25.87,7.85,-5.766,0.375,24
"[-299,-200]",HR≥55/EDG≥0.0/CV≤0.45/μ≥1.0/TP≥-,62.9,0.0,0.45,1.0,,62,62,39,23,62.9,-10.54,-27.81,6.73,-6.534,0.292,24
"[-299,-200]",HR≥55/EDG≥0.0/CV≤0.45/μ≥1.0/TP≥50,62.9,0.0,0.45,1.0,50.0,62,62,39,23,62.9,-10.54,-27.81,6.73,-6.534,0.292,24
"[-299,-200]",HR≥55/EDG≥0.0/CV≤0.45/μ≥1.0/TP≥55,62.9,0.0,0.45,1.0,55.0,62,62,39,23,62.9,-10.54,-27.81,6.73,-6.534,0.292,24
"[-299,-200]",HR≥55/EDG≥0.0/CV≤0.45/μ≥1.0/TP≥60,62.9,0.0,0.45,1.0,60.0,62,62,39,23,62.9,-10.54,-27.81,6.73,-6.534,0.292,24
"[-299,-200]",HR≥55/EDG≥0.0/CV≤0.45/μ≥1.0/TP≥65,63.93,0.0,0.45,1.0,65.0,61,61,39,22,63.93,-9.07,-26.38,8.24,-5.534,0.333,24
"[-299,-200]",HR≥55/EDG≥0.0/CV≤0.4/μ≥-/TP≥-,69.57,0.0,0.4,,,47,46,32,14,69.57,-1.2,-20.33,17.93,-0.553,0.45,20
"[-299,-200]",HR≥55/EDG≥0.0/CV≤0.4/μ≥-/TP≥50,69.57,0.0,0.4,,50.0,47,46,32,14,69.57,-1.2,-20.33,17.93,-0.553,0.45,20
"[-299,-200]",HR≥55/EDG≥0.0/CV≤0.4/μ≥-/TP≥55,69.57,0.0,0.4,,55.0,47,46,32,14,69.57,-1.2,-20.33,17.93,-0.553,0.45,20
"[-299,-200]",HR≥55/EDG≥0.0/CV≤0.4/μ≥-/TP≥60,69.57,0.0,0.4,,60.0,47,46,32,14,69.57,-1.2,-20.33,17.93,-0.553,0.45,20
"[-299,-200]",HR≥55/EDG≥0.0/CV≤0.4/μ≥-/TP≥65,71.11,0.0,0.4,,65.0,46,45,32,13,71.11,0.99,-18.06,20.05,0.447,0.5,20
"[-299,-200]",HR≥55/EDG≥0.0/CV≤0.4/μ≥0.0/TP≥-,69.57,0.0,0.4,0.0,,47,46,32,14,69.57,-1.2,-20.33,17.93,-0.553,0.45,20
"[-299,-200]",HR≥55/EDG≥0.0/CV≤0.4/μ≥0.0/TP≥50,69.57,0.0,0.4,0.0,50.0,47,46,32,14,69.57,-1.2,-20.33,17.93,-0.553,0.45,20
"[-299,-200]",HR≥55/EDG≥0.0/CV≤0.4/μ≥0.0/TP≥55,69.57,0.0,0.4,0.0,55.0,47,46,32,14,69.57,-1.2,-20.33,17.93,-0.553,0.45,20
"[-299,-200]",HR≥55/EDG≥0.0/CV≤0.4/μ≥0.0/TP≥60,69.57,0.0,0.4,0.0,60.0,47,46,32,14,69.57,-1.2,-20.33,17.93,-0.553,0.45,20
"[-299,-200]",HR≥55/EDG≥0.0/CV≤0.4/μ≥0.0/TP≥65,71.11,0.0,0.4,0.0,65.0,46,45,32,13,71.11,0.99,-18.06,20.05,0.447,0.5,20
"[-299,-200]",HR≥55/EDG≥0.0/CV≤0.4/μ≥0.5/TP≥-,69.57,0.0,0.4,0.5,,47,46,32,14,69.57,-1.2,-20.33,17.93,-0.553,0.45,20
"[-299,-200]",HR≥55/EDG≥0.0/CV≤0.4/μ≥0.5/TP≥50,69.57,0.0,0.4,0.5,50.0,47,46,32,14,69.57,-1.2,-20.33,17.93,-0.553,0.45,20
"[-299,-200]",HR≥55/EDG≥0.0/CV≤0.4/μ≥0.5/TP≥55,69.57,0.0,0.4,0.5,55.0,47,46,32,14,69.57,-1.2,-20.33,17.93,-0.553,0.45,20
"[-299,-200]",HR≥55/EDG≥0.0/CV≤0.4/μ≥0.5/TP≥60,69.57,0.0,0.4,0.5,60.0,47,46,32,14,69.57,-1.2,-20.33,17.93,-0.553,0.45,20
"[-299,-200]",HR≥55/EDG≥0.0/CV≤0.4/μ≥0.5/TP≥65,71.11,0.0,0.4,0.5,65.0,46,45,32,13,71.11,0.99,-18.06,20.05,0.447,0.5,20
"[-299,-200]",HR≥55/EDG≥0.0/CV≤0.4/μ≥1.0/TP≥-,69.77,0.0,0.4,1.0,,43,43,30,13,69.77,-0.74,-20.54,19.05,-0.32,0.45,20
"[-299,-200]",HR≥55/EDG≥0.0/CV≤0.4/μ≥1.0/TP≥50,69.77,0.0,0.4,1.0,50.0,43,43,30,13,69.77,-0.74,-20.54,19.05,-0.32,0.45,20
"[-299,-200]",HR≥55/EDG≥0.0/CV≤0.4/μ≥1.0/TP≥55,69.77,0.0,0.4,1.0,55.0,43,43,30,13,69.77,-0.74,-20.54,19.05,-0.32,0.45,20
"[-299,-200]",HR≥55/EDG≥0.0/CV≤0.4/μ≥1.0/TP≥60,69.77,0.0,0.4,1.0,60.0,43,43,30,13,69.77,-0.74,-20.54,19.05,-0.32,0.45,20
"[-299,-200]",HR≥55/EDG≥0.0/CV≤0.4/μ≥1.0/TP≥65,71.43,0.0,0.4,1.0,65.0,42,42,30,12,71.43,1.62,-18.09,21.33,0.68,0.5,20
"[-299,-200]",HR≥55/EDG≥5.0/CV≤-/μ≥-/TP≥-,64.77,5.0,,,,88,88,57,31,64.77,-7.7,-22.03,6.62,-6.777,0.375,24
"[-299,-200]",HR≥55/EDG≥5.0/CV≤-/μ≥-/TP≥50,64.77,5.0,,,50.0,88,88,57,31,64.77,-7.7,-22.03,6.62,-6.777,0.375,24
"[-299,-200]",HR≥55/EDG≥5.0/CV≤-/μ≥-/TP≥55,64.77,5.0,,,55.0,88,88,57,31,64.77,-7.7,-22.03,6.62,-6.777,0.375,24
"[-299,-200]",HR≥55/EDG≥5.0/CV≤-/μ≥-/TP≥60,64.77,5.0,,,60.0,88,88,57,31,64.77,-7.7,-22.03,6.62,-6.777,0.375,24
"[-299,-200]",HR≥55/EDG≥5.0/CV≤-/μ≥-/TP≥65,65.88,5.0,,,65.0,85,85,56,29,65.88,-6.19,-20.65,8.27,-5.258,0.417,24
"[-299,-200]",HR≥55/EDG≥5.0/CV≤-/μ≥0.0/TP≥-,64.77,5.0,,0.0,,88,88,57,31,64.77,-7.7,-22.03,6.62,-6.777,0.375,24
"[-299,-200]",HR≥55/EDG≥5.0/CV≤-/μ≥0.0/TP≥50,64.77,5.0,,0.0,50.0,88,88,57,31,64.77,-7.7,-22.03,6.62,-6.777,0.375,24
"[-299,-200]",HR≥55/EDG≥5.0/CV≤-/μ≥0.0/TP≥55,64.77,5.0,,0.0,55.0,88,88,57,31,64.77,-7.7,-22.03,6.62,-6.777,0.375,24
"[-299,-200]",HR≥55/EDG≥5.0/CV≤-/μ≥0.0/TP≥60,64.77,5.0,,0.0,60.0,88,88,57,31,64.77,-7.7,-22.03,6.62,-6.777,0.375,24
"[-299,-200]",HR≥55/EDG≥5.0/CV≤-/μ≥0.0/TP≥65,65.88,5.0,,0.0,65.0,85,85,56,29,65.88,-6.19,-20.65,8.27,-5.258,0.417,24
"[-299,-200]",HR≥55/EDG≥5.0/CV≤-/μ≥0.5/TP≥-,64.77,5.0,,0.5,,88,88,57,31,64.77,-7.7,-22.03,6.62,-6.777,0.375,24
"[-299,-200]",HR≥55/EDG≥5.0/CV≤-/μ≥0.5/TP≥50,64.77,5.0,,0.5,50.0,88,88,57,31,64.77,-7.7,-22.03,6.62,-6.777,0.375,24
"[-299,-200]",HR≥55/EDG≥5.0/CV≤-/μ≥0.5/TP≥55,64.77,5.0,,0.5,55.0,88,88,57,31,64.77,-7.7,-22.03,6.62,-6.777,0.375,24
"[-299,-200]",HR≥55/EDG≥5.0/CV≤-/μ≥0.5/TP≥60,64.77,5.0,,0.5,60.0,88,88,57,31,64.77,-7.7,-22.03,6.62,-6.777,0.375,24
"[-299,-200]",HR≥55/EDG≥5.0/CV≤-/μ≥0.5/TP≥65,65.88,5.0,,0.5,65.0,85,85,56,29,65.88,-6.19,-20.65,8.27,-5.258,0.417,24
"[-299,-200]",HR≥55/EDG≥5.0/CV≤-/μ≥1.0/TP≥-,65.52,5.0,,1.0,,87,87,57,30,65.52,-6.64,-20.98,7.7,-5.777,0.375,24
"[-299,-200]",HR≥55/EDG≥5.0/CV≤-/μ≥1.0/TP≥50,65.52,5.0,,1.0,50.0,87,87,57,30,65.52,-6.64,-20.98,7.7,-5.777,0.375,24
"[-299,-200]",HR≥55/EDG≥5.0/CV≤-/μ≥1.0/TP≥55,65.52,5.0,,1.0,55.0,87,87,57,30,65.52,-6.64,-20.98,7.7,-5.777,0.375,24
"[-299,-200]",HR≥55/EDG≥5.0/CV≤-/μ≥1.0/TP≥60,65.52,5.0,,1.0,60.0,87,87,57,30,65.52,-6.64,-20.98,7.7,-5.777,0.375,24
"[-299,-200]",HR≥55/EDG≥5.0/CV≤-/μ≥1.0/TP≥65,66.67,5.0,,1.0,65.0,84,84,56,28,66.67,-5.07,-19.53,9.4,-4.258,0.417,24
"[-299,-200]",HR≥55/EDG≥5.0/CV≤0.7/μ≥-/TP≥-,63.95,5.0,0.7,,,86,86,55,31,63.95,-8.82,-23.39,5.76,-7.581,0.375,24
"[-299,-200]",HR≥55/EDG≥5.0/CV≤0.7/μ≥-/TP≥50,63.95,5.0,0.7,,50.0,86,86,55,31,63.95,-8.82,-23.39,5.76,-7.581,0.375,24
"[-299,-200]",HR≥55/EDG≥5.0/CV≤0.7/μ≥-/TP≥55,63.95,5.0,0.7,,55.0,86,86,55,31,63.95,-8.82,-23.39,5.76,-7.581,0.375,24
"[-299,-200]",HR≥55/EDG≥5.0/CV≤0.7/μ≥-/TP≥60,63.95,5.0,0.7,,60.0,86,86,55,31,63.95,-8.82,-23.39,5.76,-7.581,0.375,24
"[-299,-200]",HR≥55/EDG≥5.0/CV≤0.7/μ≥-/TP≥65,65.06,5.0,0.7,,65.0,83,83,54,29,65.06,-7.3,-22.03,7.42,-6.062,0.417,24
"[-299,-200]",HR≥55/EDG≥5.0/CV≤0.7/μ≥0.0/TP≥-,63.95,5.0,0.7,0.0,,86,86,55,31,63.95,-8.82,-23.39,5.76,-7.581,0.375,24
"[-299,-200]",HR≥55/EDG≥5.0/CV≤0.7/μ≥0.0/TP≥50,63.95,5.0,0.7,0.0,50.0,86,86,55,31,63.95,-8.82,-23.39,5.76,-7.581,0.375,24
"[-299,-200]",HR≥55/EDG≥5.0/CV≤0.7/μ≥0.0/TP≥55,63.95,5.0,0.7,0.0,55.0,86,86,55,31,63.95,-8.82,-23.39,5.76,-7.581,0.375,24
"[-299,-200]",HR≥55/EDG≥5.0/CV≤0.7/μ≥0.0/TP≥60,63.95,5.0,0.7,0.0,60.0,86,86,55,31,63.95,-8.82,-23.39,5.76,-7.581,0.375,24
"[-299,-200]",HR≥55/EDG≥5.0/CV≤0.7/μ≥0.0/TP≥65,65.06,5.0,0.7,0.0,65.0,83,83,54,29,65.06,-7.3,-22.03,7.42,-6.062,0.417,24
"[-299,-200]",HR≥55/EDG≥5.0/CV≤0.7/μ≥0.5/TP≥-,63.95,5.0,0.7,0.5,,86,86,55,31,63.95,-8.82,-23.39,5.76,-7.581,0.375,24
"[-299,-200]",HR≥55/EDG≥5.0/CV≤0.7/μ≥0.5/TP≥50,63.95,5.0,0.7,0.5,50.0,86,86,55,31,63.95,-8.82,-23.39,5.76,-7.581,0.375,24
"[-299,-200]",HR≥55/EDG≥5.0/CV≤0.7/μ≥0.5/TP≥55,63.95,5.0,0.7,0.5,55.0,86,86,55,31,63.95,-8.82,-23.39,5.76,-7.581,0.375,24
"[-299,-200]",HR≥55/EDG≥5.0/CV≤0.7/μ≥0.5/TP≥60,63.95,5.0,0.7,0.5,60.0,86,86,55,31,63.95,-8.82,-23.39,5.76,-7.581,0.375,24
"[-299,-200]",HR≥55/EDG≥5.0/CV≤0.7/μ≥0.5/TP≥65,65.06,5.0,0.7,0.5,65.0,83,83,54,29,65.06,-7.3,-22.03,7.42,-6.062,0.417,24
"[-299,-200]",HR≥55/EDG≥5.0/CV≤0.7/μ≥1.0/TP≥-,64.71,5.0,0.7,1.0,,85,85,55,30,64.71,-7.74,-22.34,6.85,-6.581,0.375,24
"[-299,-200]",HR≥55/EDG≥5.0/CV≤0.7/μ≥1.0/TP≥50,64.71,5.0,0.7,1.0,50.0,85,85,55,30,64.71,-7.74,-22.34,6.85,-6.581,0.375,24
"[-299,-200]",HR≥55/EDG≥5.0/CV≤0.7/μ≥1.0/TP≥55,64.71,5.0,0.7,1.0,55.0,85,85,55,30,64.71,-7.74,-22.34,6.85,-6.581,0.375,24
"[-299,-200]",HR≥55/EDG≥5.0/CV≤0.7/μ≥1.0/TP≥60,64.71,5.0,0.7,1.0,60.0,85,85,55,30,64.71,-7.74,-22.34,6.85,-6.581,0.375,24
"[-299,-200]",HR≥55/EDG≥5.0/CV≤0.7/μ≥1.0/TP≥65,65.85,5.0,0.7,1.0,65.0,82,82,54,28,65.85,-6.17,-20.91,8.56,-5.062,0.417,24
"[-299,-200]",HR≥55/EDG≥5.0/CV≤0.6/μ≥-/TP≥-,62.96,5.0,0.6,,,81,81,51,30,62.96,-10.14,-25.26,4.99,-8.211,0.417,24
"[-299,-200]",HR≥55/EDG≥5.0/CV≤0.6/μ≥-/TP≥50,62.96,5.0,0.6,,50.0,81,81,51,30,62.96,-10.14,-25.26,4.99,-8.211,0.417,24
"[-299,-200]",HR≥55/EDG≥5.0/CV≤0.6/μ≥-/TP≥55,62.96,5.0,0.6,,55.0,81,81,51,30,62.96,-10.14,-25.26,4.99,-8.211,0.417,24
"[-299,-200]",HR≥55/EDG≥5.0/CV≤0.6/μ≥-/TP≥60,62.96,5.0,0.6,,60.0,81,81,51,30,62.96,-10.14,-25.26,4.99,-8.211,0.417,24
"[-299,-200]",HR≥55/EDG≥5.0/CV≤0.6/μ≥-/TP≥65,64.1,5.0,0.6,,65.0,78,78,50,28,64.1,-8.58,-23.88,6.72,-6.692,0.458,24
"[-299,-200]",HR≥55/EDG≥5.0/CV≤0.6/μ≥0.0/TP≥-,62.96,5.0,0.6,0.0,,81,81,51,30,62.96,-10.14,-25.26,4.99,-8.211,0.417,24
"[-299,-200]",HR≥55/EDG≥5.0/CV≤0.6/μ≥0.0/TP≥50,62.96,5.0,0.6,0.0,50.0,81,81,51,30,62.96,-10.14,-25.26,4.99,-8.211,0.417,24
"[-299,-200]",HR≥55/EDG≥5.0/CV≤0.6/μ≥0.0/TP≥55,62.96,5.0,0.6,0.0,55.0,81,81,51,30,62.96,-10.14,-25.26,4.99,-8.211,0.417,24
"[-299,-200]",HR≥55/EDG≥5.0/CV≤0.6/μ≥0.0/TP≥60,62.96,5.0,0.6,0.0,60.0,81,81,51,30,62.96,-10.14,-25.26,4.99,-8.211,0.417,24
"[-299,-200]",HR≥55/EDG≥5.0/CV≤0.6/μ≥0.0/TP≥65,64.1,5.0,0.6,0.0,65.0,78,78,50,28,64.1,-8.58,-23.88,6.72,-6.692,0.458,24
"[-299,-200]",HR≥55/EDG≥5.0/CV≤0.6/μ≥0.5/TP≥-,62.96,5.0,0.6,0.5,,81,81,51,30,62.96,-10.14,-25.26,4.99,-8.211,0.417,24
"[-299,-200]",HR≥55/EDG≥5.0/CV≤0.6/μ≥0.5/TP≥50,62.96,5.0,0.6,0.5,50.0,81,81,51,30,62.96,-10.14,-25.26,4.99,-8.211,0.417,24
"[-299,-200]",HR≥55/EDG≥5.0/CV≤0.6/μ≥0.5/TP≥55,62.96,5.0,0.6,0.5,55.0,81,81,51,30,62.96,-10.14,-25.26,4.99,-8.211,0.417,24
"[-299,-200]",HR≥55/EDG≥5.0/CV≤0.6/μ≥0.5/TP≥60,62.96,5.0,0.6,0.5,60.0,81,81,51,30,62.96,-10.14,-25.26,4.99,-8.211,0.417,24
"[-299,-200]",HR≥55/EDG≥5.0/CV≤0.6/μ≥0.5/TP≥65,64.1,5.0,0.6,0.5,65.0,78,78,50,28,64.1,-8.58,-23.88,6.72,-6.692,0.458,24
"[-299,-200]",HR≥55/EDG≥5.0/CV≤0.6/μ≥1.0/TP≥-,63.75,5.0,0.6,1.0,,80,80,51,29,63.75,-9.01,-24.17,6.14,-7.211,0.417,24
"[-299,-200]",HR≥55/EDG≥5.0/CV≤0.6/μ≥1.0/TP≥50,63.75,5.0,0.6,1.0,50.0,80,80,51,29,63.75,-9.01,-24.17,6.14,-7.211,0.417,24
"[-299,-200]",HR≥55/EDG≥5.0/CV≤0.6/μ≥1.0/TP≥55,63.75,5.0,0.6,1.0,55.0,80,80,51,29,63.75,-9.01,-24.17,6.14,-7.211,0.417,24
"[-299,-200]",HR≥55/EDG≥5.0/CV≤0.6/μ≥1.0/TP≥60,63.75,5.0,0.6,1.0,60.0,80,80,51,29,63.75,-9.01,-24.17,6.14,-7.211,0.417,24
"[-299,-200]",HR≥55/EDG≥5.0/CV≤0.6/μ≥1.0/TP≥65,64.94,5.0,0.6,1.0,65.0,77,77,50,27,64.94,-7.39,-22.72,7.93,-5.692,0.458,24
"[-299,-200]",HR≥55/EDG≥5.0/CV≤0.5/μ≥-/TP≥-,64.29,5.0,0.5,,,70,70,45,25,64.29,-8.11,-24.3,8.07,-5.679,0.478,23
"[-299,-200]",HR≥55/EDG≥5.0/CV≤0.5/μ≥-/TP≥50,64.29,5.0,0.5,,50.0,70,70,45,25,64.29,-8.11,-24.3,8.07,-5.679,0.478,23
"[-299,-200]",HR≥55/EDG≥5.0/CV≤0.5/μ≥-/TP≥55,64.29,5.0,0.5,,55.0,70,70,45,25,64.29,-8.11,-24.3,8.07,-5.679,0.478,23
"[-299,-200]",HR≥55/EDG≥5.0/CV≤0.5/μ≥-/TP≥60,64.29,5.0,0.5,,60.0,70,70,45,25,64.29,-8.11,-24.3,8.07,-5.679,0.478,23
"[-299,-200]",HR≥55/EDG≥5.0/CV≤0.5/μ≥-/TP≥65,64.71,5.0,0.5,,65.0,68,68,44,24,64.71,-7.59,-23.96,8.78,-5.16,0.522,23
"[-299,-200]",HR≥55/EDG≥5.0/CV≤0.5/μ≥0.0/TP≥-,64.29,5.0,0.5,0.0,,70,70,45,25,64.29,-8.11,-24.3,8.07,-5.679,0.478,23
"[-299,-200]",HR≥55/EDG≥5.0/CV≤0.5/μ≥0.0/TP≥50,64.29,5.0,0.5,0.0,50.0,70,70,45,25,64.29,-8.11,-24.3,8.07,-5.679,0.478,23
"[-299,-200]",HR≥55/EDG≥5.0/CV≤0.5/μ≥0.0/TP≥55,64.29,5.0,0.5,0.0,55.0,70,70,45,25,64.29,-8.11,-24.3,8.07,-5.679,0.478,23
"[-299,-200]",HR≥55/EDG≥5.0/CV≤0.5/μ≥0.0/TP≥60,64.29,5.0,0.5,0.0,60.0,70,70,45,25,64.29,-8.11,-24.3,8.07,-5.679,0.478,23
"[-299,-200]",HR≥55/EDG≥5.0/CV≤0.5/μ≥0.0/TP≥65,64.71,5.0,0.5,0.0,65.0,68,68,44,24,64.71,-7.59,-23.96,8.78,-5.16,0.522,23
"[-299,-200]",HR≥55/EDG≥5.0/CV≤0.5/μ≥0.5/TP≥-,64.29,5.0,0.5,0.5,,70,70,45,25,64.29,-8.11,-24.3,8.07,-5.679,0.478,23
"[-299,-200]",HR≥55/EDG≥5.0/CV≤0.5/μ≥0.5/TP≥50,64.29,5.0,0.5,0.5,50.0,70,70,45,25,64.29,-8.11,-24.3,8.07,-5.679,0.478,23
"[-299,-200]",HR≥55/EDG≥5.0/CV≤0.5/μ≥0.5/TP≥55,64.29,5.0,0.5,0.5,55.0,70,70,45,25,64.29,-8.11,-24.3,8.07,-5.679,0.478,23
"[-299,-200]",HR≥55/EDG≥5.0/CV≤0.5/μ≥0.5/TP≥60,64.29,5.0,0.5,0.5,60.0,70,70,45,25,64.29,-8.11,-24.3,8.07,-5.679,0.478,23
"[-299,-200]",HR≥55/EDG≥5.0/CV≤0.5/μ≥0.5/TP≥65,64.71,5.0,0.5,0.5,65.0,68,68,44,24,64.71,-7.59,-23.96,8.78,-5.16,0.522,23
"[-299,-200]",HR≥55/EDG≥5.0/CV≤0.5/μ≥1.0/TP≥-,65.22,5.0,0.5,1.0,,69,69,45,24,65.22,-6.78,-22.99,9.43,-4.679,0.478,23
"[-299,-200]",HR≥55/EDG≥5.0/CV≤0.5/μ≥1.0/TP≥50,65.22,5.0,0.5,1.0,50.0,69,69,45,24,65.22,-6.78,-22.99,9.43,-4.679,0.478,23
"[-299,-200]",HR≥55/EDG≥5.0/CV≤0.5/μ≥1.0/TP≥55,65.22,5.0,0.5,1.0,55.0,69,69,45,24,65.22,-6.78,-22.99,9.43,-4.679,0.478,23
"[-299,-200]",HR≥55/EDG≥5.0/CV≤0.5/μ≥1.0/TP≥60,65.22,5.0,0.5,1.0,60.0,69,69,45,24,65.22,-6.78,-22.99,9.43,-4.679,0.478,23
"[-299,-200]",HR≥55/EDG≥5.0/CV≤0.5/μ≥1.0/TP≥65,65.67,5.0,0.5,1.0,65.0,67,67,44,23,65.67,-6.21,-22.6,10.18,-4.16,0.522,23
"[-299,-200]",HR≥55/EDG≥5.0/CV≤0.45/μ≥-/TP≥-,62.96,5.0,0.45,,,54,54,34,20,62.96,-10.23,-28.79,8.34,-5.523,0.364,22
"[-299,-200]",HR≥55/EDG≥5.0/CV≤0.45/μ≥-/TP≥50,62.96,5.0,0.45,,50.0,54,54,34,20,62.96,-10.23,-28.79,8.34,-5.523,0.364,22
"[-299,-200]",HR≥55/EDG≥5.0/CV≤0.45/μ≥-/TP≥55,62.96,5.0,0.45,,55.0,54,54,34,20,62.96,-10.23,-28.79,8.34,-5.523,0.364,22
"[-299,-200]",HR≥55/EDG≥5.0/CV≤0.45/μ≥-/TP≥60,62.96,5.0,0.45,,60.0,54,54,34,20,62.96,-10.23,-28.79,8.34,-5.523,0.364,22
"[-299,-200]",HR≥55/EDG≥5.0/CV≤0.45/μ≥-/TP≥65,64.15,5.0,0.45,,65.0,53,53,34,19,64.15,-8.53,-27.15,10.08,-4.523,0.409,22
"[-299,-200]",HR≥55/EDG≥5.0/CV≤0.45/μ≥0.0/TP≥-,62.96,5.0,0.45,0.0,,54,54,34,20,62.96,-10.23,-28.79,8.34,-5.523,0.364,22
"[-299,-200]",HR≥55/EDG≥5.0/CV≤0.45/μ≥0.0/TP≥50,62.96,5.0,0.45,0.0,50.0,54,54,34,20,62.96,-10.23,-28.79,8.34,-5.523,0.364,22
"[-299,-200]",HR≥55/EDG≥5.0/CV≤0.45/μ≥0.0/TP≥55,62.96,5.0,0.45,0.0,55.0,54,54,34,20,62.96,-10.23,-28.79,8.34,-5.523,0.364,22
"[-299,-200]",HR≥55/EDG≥5.0/CV≤0.45/μ≥0.0/TP≥60,62.96,5.0,0.45,0.0,60.0,54,54,34,20,62.96,-10.23,-28.79,8.34,-5.523,0.364,22
"[-299,-200]",HR≥55/EDG≥5.0/CV≤0.45/μ≥0.0/TP≥65,64.15,5.0,0.45,0.0,65.0,53,53,34,19,64.15,-8.53,-27.15,10.08,-4.523,0.409,22
"[-299,-200]",HR≥55/EDG≥5.0/CV≤0.45/μ≥0.5/TP≥-,62.96,5.0,0.45,0.5,,54,54,34,20,62.96,-10.23,-28.79,8.34,-5.523,0.364,22
"[-299,-200]",HR≥55/EDG≥5.0/CV≤0.45/μ≥0.5/TP≥50,62.96,5.0,0.45,0.5,50.0,54,54,34,20,62.96,-10.23,-28.79,8.34,-5.523,0.364,22
"[-299,-200]",HR≥55/EDG≥5.0/CV≤0.45/μ≥0.5/TP≥55,62.96,5.0,0.45,0.5,55.0,54,54,34,20,62.96,-10.23,-28.79,8.34,-5.523,0.364,22
"[-299,-200]",HR≥55/EDG≥5.0/CV≤0.45/μ≥0.5/TP≥60,62.96,5.0,0.45,0.5,60.0,54,54,34,20,62.96,-10.23,-28.79,8.34,-5.523,0.364,22
"[-299,-200]",HR≥55/EDG≥5.0/CV≤0.45/μ≥0.5/TP≥65,64.15,5.0,0.45,0.5,65.0,53,53,34,19,64.15,-8.53,-27.15,10.08,-4.523,0.409,22
"[-299,-200]",HR≥55/EDG≥5.0/CV≤0.45/μ≥1.0/TP≥-,64.15,5.0,0.45,1.0,,53,53,34,19,64.15,-8.53,-27.15,10.08,-4.523,0.364,22
"[-299,-200]",HR≥55/EDG≥5.0/CV≤0.45/μ≥1.0/TP≥50,64.15,5.0,0.45,1.0,50.0,53,53,34,19,64.15,-8.53,-27.15,10.08,-4.523,0.364,22
"[-299,-200]",HR≥55/EDG≥5.0/CV≤0.45/μ≥1.0/TP≥55,64.15,5.0,0.45,1.0,55.0,53,53,34,19,64.15,-8.53,-27.15,10.08,-4.523,0.364,22
"[-299,-200]",HR≥55/EDG≥5.0/CV≤0.45/μ≥1.0/TP≥60,64.15,5.0,0.45,1.0,60.0,53,53,34,19,64.15,-8.53,-27.15,10.08,-4.523,0.364,22
"[-299,-200]",HR≥55/EDG≥5.0/CV≤0.45/μ≥1.0/TP≥65,65.38,5.0,0.45,1.0,65.0,52,52,34,18,65.38,-6.77,-25.42,11.87,-3.523,0.409,22
"[-299,-200]",HR≥55/EDG≥5.0/CV≤0.4/μ≥-/TP≥-,68.42,5.0,0.4,,,38,38,26,12,68.42,-2.35,-23.75,19.06,-0.892,0.444,18
"[-299,-200]",HR≥55/EDG≥5.0/CV≤0.4/μ≥-/TP≥50,68.42,5.0,0.4,,50.0,38,38,26,12,68.42,-2.35,-23.75,19.06,-0.892,0.444,18
"[-299,-200]",HR≥55/EDG≥5.0/CV≤0.4/μ≥-/TP≥55,68.42,5.0,0.4,,55.0,38,38,26,12,68.42,-2.35,-23.75,19.06,-0.892,0.444,18
"[-299,-200]",HR≥55/EDG≥5.0/CV≤0.4/μ≥-/TP≥60,68.42,5.0,0.4,,60.0,38,38,26,12,68.42,-2.35,-23.75,19.06,-0.892,0.444,18
"[-299,-200]",HR≥55/EDG≥5.0/CV≤0.4/μ≥-/TP≥65,70.27,5.0,0.4,,65.0,37,37,26,11,70.27,0.29,-21.05,21.63,0.108,0.5,18
"[-299,-200]",HR≥55/EDG≥5.0/CV≤0.4/μ≥0.0/TP≥-,68.42,5.0,0.4,0.0,,38,38,26,12,68.42,-2.35,-23.75,19.06,-0.892,0.444,18
"[-299,-200]",HR≥55/EDG≥5.0/CV≤0.4/μ≥0.0/TP≥50,68.42,5.0,0.4,0.0,50.0,38,38,26,12,68.42,-2.35,-23.75,19.06,-0.892,0.444,18
"[-299,-200]",HR≥55/EDG≥5.0/CV≤0.4/μ≥0.0/TP≥55,68.42,5.0,0.4,0.0,55.0,38,38,26,12,68.42,-2.35,-23.75,19.06,-0.892,0.444,18
"[-299,-200]",HR≥55/EDG≥5.0/CV≤0.4/μ≥0.0/TP≥60,68.42,5.0,0.4,0.0,60.0,38,38,26,12,68.42,-2.35,-23.75,19.06,-0.892,0.444,18
"[-299,-200]",HR≥55/EDG≥5.0/CV≤0.4/μ≥0.0/TP≥65,70.27,5.0,0.4,0.0,65.0,37,37,26,11,70.27,0.29,-21.05,21.63,0.108,0.5,18
"[-299,-200]",HR≥55/EDG≥5.0/CV≤0.4/μ≥0.5/TP≥-,68.42,5.0,0.4,0.5,,38,38,26,12,68.42,-2.35,-23.75,19.06,-0.892,0.444,18
"[-299,-200]",HR≥55/EDG≥5.0/CV≤0.4/μ≥0.5/TP≥50,68.42,5.0,0.4,0.5,50.0,38,38,26,12,68.42,-2.35,-23.75,19.06,-0.892,0.444,18
"[-299,-200]",HR≥55/EDG≥5.0/CV≤0.4/μ≥0.5/TP≥55,68.42,5.0,0.4,0.5,55.0,38,38,26,12,68.42,-2.35,-23.75,19.06,-0.892,0.444,18
"[-299,-200]",HR≥55/EDG≥5.0/CV≤0.4/μ≥0.5/TP≥60,68.42,5.0,0.4,0.5,60.0,38,38,26,12,68.42,-2.35,-23.75,19.06,-0.892,0.444,18
"[-299,-200]",HR≥55/EDG≥5.0/CV≤0.4/μ≥0.5/TP≥65,70.27,5.0,0.4,0.5,65.0,37,37,26,11,70.27,0.29,-21.05,21.63,0.108,0.5,18
"[-299,-200]",HR≥55/EDG≥5.0/CV≤0.4/μ≥1.0/TP≥-,70.27,5.0,0.4,1.0,,37,37,26,11,70.27,0.29,-21.05,21.63,0.108,0.444,18
"[-299,-200]",HR≥55/EDG≥5.0/CV≤0.4/μ≥1.0/TP≥50,70.27,5.0,0.4,1.0,50.0,37,37,26,11,70.27,0.29,-21.05,21.63,0.108,0.444,18
"[-299,-200]",HR≥55/EDG≥5.0/CV≤0.4/μ≥1.0/TP≥55,70.27,5.0,0.4,1.0,55.0,37,37,26,11,70.27,0.29,-21.05,21.63,0.108,0.444,18
"[-299,-200]",HR≥55/EDG≥5.0/CV≤0.4/μ≥1.0/TP≥60,70.27,5.0,0.4,1.0,60.0,37,37,26,11,70.27,0.29,-21.05,21.63,0.108,0.444,18
"[-299,-200]",HR≥55/EDG≥5.0/CV≤0.4/μ≥1.0/TP≥65,72.22,5.0,0.4,1.0,65.0,36,36,26,10,72.22,3.08,-18.13,24.29,1.108,0.5,18
"[-299,-200]",HR≥55/EDG≥10.0/CV≤-/μ≥-/TP≥-,65.08,10.0,,,,63,63,41,22,65.08,-6.82,-23.84,10.19,-4.299,0.545,22
"[-299,-200]",HR≥55/EDG≥10.0/CV≤-/μ≥-/TP≥50,65.08,10.0,,,50.0,63,63,41,22,65.08,-6.82,-23.84,10.19,-4.299,0.545,22
"[-299,-200]",HR≥55/EDG≥10.0/CV≤-/μ≥-/TP≥55,65.08,10.0,,,55.0,63,63,41,22,65.08,-6.82,-23.84,10.19,-4.299,0.545,22
"[-299,-200]",HR≥55/EDG≥10.0/CV≤-/μ≥-/TP≥60,65.08,10.0,,,60.0,63,63,41,22,65.08,-6.82,-23.84,10.19,-4.299,0.545,22
"[-299,-200]",HR≥55/EDG≥10.0/CV≤-/μ≥-/TP≥65,66.13,10.0,,,65.0,62,62,41,21,66.13,-5.32,-22.35,11.71,-3.299,0.545,22
"[-299,-200]",HR≥55/EDG≥10.0/CV≤-/μ≥0.0/TP≥-,65.08,10.0,,0.0,,63,63,41,22,65.08,-6.82,-23.84,10.19,-4.299,0.545,22
"[-299,-200]",HR≥55/EDG≥10.0/CV≤-/μ≥0.0/TP≥50,65.08,10.0,,0.0,50.0,63,63,41,22,65.08,-6.82,-23.84,10.19,-4.299,0.545,22
"[-299,-200]",HR≥55/EDG≥10.0/CV≤-/μ≥0.0/TP≥55,65.08,10.0,,0.0,55.0,63,63,41,22,65.08,-6.82,-23.84,10.19,-4.299,0.545,22
"[-299,-200]",HR≥55/EDG≥10.0/CV≤-/μ≥0.0/TP≥60,65.08,10.0,,0.0,60.0,63,63,41,22,65.08,-6.82,-23.84,10.19,-4.299,0.545,22
"[-299,-200]",HR≥55/EDG≥10.0/CV≤-/μ≥0.0/TP≥65,66.13,10.0,,0.0,65.0,62,62,41,21,66.13,-5.32,-22.35,11.71,-3.299,0.545,22
"[-299,-200]",HR≥55/EDG≥10.0/CV≤-/μ≥0.5/TP≥-,65.08,10.0,,0.5,,63,63,41,22,65.08,-6.82,-23.84,10.19,-4.299,0.545,22
"[-299,-200]",HR≥55/EDG≥10.0/CV≤-/μ≥0.5/TP≥50,65.08,10.0,,0.5,50.0,63,63,41,22,65.08,-6.82,-23.84,10.19,-4.299,0.545,22
"[-299,-200]",HR≥55/EDG≥10.0/CV≤-/μ≥0.5/TP≥55,65.08,10.0,,0.5,55.0,63,63,41,22,65.08,-6.82,-23.84,10.19,-4.299,0.545,22
"[-299,-200]",HR≥55/EDG≥10.0/CV≤-/μ≥0.5/TP≥60,65.08,10.0,,0.5,60.0,63,63,41,22,65.08,-6.82,-23.84,10.19,-4.299,0.545,22
"[-299,-200]",HR≥55/EDG≥10.0/CV≤-/μ≥0.5/TP≥65,66.13,10.0,,0.5,65.0,62,62,41,21,66.13,-5.32,-22.35,11.71,-3.299,0.545,22
"[-299,-200]",HR≥55/EDG≥10.0/CV≤-/μ≥1.0/TP≥-,65.08,10.0,,1.0,,63,63,41,22,65.08,-6.82,-23.84,10.19,-4.299,0.545,22
"[-299,-200]",HR≥55/EDG≥10.0/CV≤-/μ≥1.0/TP≥50,65.08,10.0,,1.0,50.0,63,63,41,22,65.08,-6.82,-23.84,10.19,-4.299,0.545,22
"[-299,-200]",HR≥55/EDG≥10.0/CV≤-/μ≥1.0/TP≥55,65.08,10.0,,1.0,55.0,63,63,41,22,65.08,-6.82,-23.84,10.19,-4.299,0.545,22
"[-299,-200]",HR≥55/EDG≥10.0/CV≤-/μ≥1.0/TP≥60,65.08,10.0,,1.0,60.0,63,63,41,22,65.08,-6.82,-23.84,10.19,-4.299,0.545,22
"[-299,-200]",HR≥55/EDG≥10.0/CV≤-/μ≥1.0/TP≥65,66.13,10.0,,1.0,65.0,62,62,41,21,66.13,-5.32,-22.35,11.71,-3.299,0.545,22
"[-299,-200]",HR≥55/EDG≥10.0/CV≤0.7/μ≥-/TP≥-,65.08,10.0,0.7,,,63,63,41,22,65.08,-6.82,-23.84,10.19,-4.299,0.545,22
"[-299,-200]",HR≥55/EDG≥10.0/CV≤0.7/μ≥-/TP≥50,65.08,10.0,0.7,,50.0,63,63,41,22,65.08,-6.82,-23.84,10.19,-4.299,0.545,22
"[-299,-200]",HR≥55/EDG≥10.0/CV≤0.7/μ≥-/TP≥55,65.08,10.0,0.7,,55.0,63,63,41,22,65.08,-6.82,-23.84,10.19,-4.299,0.545,22
"[-299,-200]",HR≥55/EDG≥10.0/CV≤0.7/μ≥-/TP≥60,65.08,10.0,0.7,,60.0,63,63,41,22,65.08,-6.82,-23.84,10.19,-4.299,0.545,22
"[-299,-200]",HR≥55/EDG≥10.0/CV≤0.7/μ≥-/TP≥65,66.13,10.0,0.7,,65.0,62,62,41,21,66.13,-5.32,-22.35,11.71,-3.299,0.545,22
"[-299,-200]",HR≥55/EDG≥10.0/CV≤0.7/μ≥0.0/TP≥-,65.08,10.0,0.7,0.0,,63,63,41,22,65.08,-6.82,-23.84,10.19,-4.299,0.545,22
"[-299,-200]",HR≥55/EDG≥10.0/CV≤0.7/μ≥0.0/TP≥50,65.08,10.0,0.7,0.0,50.0,63,63,41,22,65.08,-6.82,-23.84,10.19,-4.299,0.545,22
"[-299,-200]",HR≥55/EDG≥10.0/CV≤0.7/μ≥0.0/TP≥55,65.08,10.0,0.7,0.0,55.0,63,63,41,22,65.08,-6.82,-23.84,10.19,-4.299,0.545,22
"[-299,-200]",HR≥55/EDG≥10.0/CV≤0.7/μ≥0.0/TP≥60,65.08,10.0,0.7,0.0,60.0,63,63,41,22,65.08,-6.82,-23.84,10.19,-4.299,0.545,22
"[-299,-200]",HR≥55/EDG≥10.0/CV≤0.7/μ≥0.0/TP≥65,66.13,10.0,0.7,0.0,65.0,62,62,41,21,66.13,-5.32,-22.35,11.71,-3.299,0.545,22
"[-299,-200]",HR≥55/EDG≥10.0/CV≤0.7/μ≥0.5/TP≥-,65.08,10.0,0.7,0.5,,63,63,41,22,65.08,-6.82,-23.84,10.19,-4.299,0.545,22
"[-299,-200]",HR≥55/EDG≥10.0/CV≤0.7/μ≥0.5/TP≥50,65.08,10.0,0.7,0.5,50.0,63,63,41,22,65.08,-6.82,-23.84,10.19,-4.299,0.545,22
"[-299,-200]",HR≥55/EDG≥10.0/CV≤0.7/μ≥0.5/TP≥55,65.08,10.0,0.7,0.5,55.0,63,63,41,22,65.08,-6.82,-23.84,10.19,-4.299,0.545,22
"[-299,-200]",HR≥55/EDG≥10.0/CV≤0.7/μ≥0.5/TP≥60,65.08,10.0,0.7,0.5,60.0,63,63,41,22,65.08,-6.82,-23.84,10.19,-4.299,0.545,22
"[-299,-200]",HR≥55/EDG≥10.0/CV≤0.7/μ≥0.5/TP≥65,66.13,10.0,0.7,0.5,65.0,62,62,41,21,66.13,-5.32,-22.35,11.71,-3.299,0.545,22
"[-299,-200]",HR≥55/EDG≥10.0/CV≤0.7/μ≥1.0/TP≥-,65.08,10.0,0.7,1.0,,63,63,41,22,65.08,-6.82,-23.84,10.19,-4.299,0.545,22
"[-299,-200]",HR≥55/EDG≥10.0/CV≤0.7/μ≥1.0/TP≥50,65.08,10.0,0.7,1.0,50.0,63,63,41,22,65.08,-6.82,-23.84,10.19,-4.299,0.545,22
"[-299,-200]",HR≥55/EDG≥10.0/CV≤0.7/μ≥1.0/TP≥55,65.08,10.0,0.7,1.0,55.0,63,63,41,22,65.08,-6.82,-23.84,10.19,-4.299,0.545,22
"[-299,-200]",HR≥55/EDG≥10.0/CV≤0.7/μ≥1.0/TP≥60,65.08,10.0,0.7,1.0,60.0,63,63,41,22,65.08,-6.82,-23.84,10.19,-4.299,0.545,22
"[-299,-200]",HR≥55/EDG≥10.0/CV≤0.7/μ≥1.0/TP≥65,66.13,10.0,0.7,1.0,65.0,62,62,41,21,66.13,-5.32,-22.35,11.71,-3.299,0.545,22
"[-299,-200]",HR≥55/EDG≥10.0/CV≤0.6/μ≥-/TP≥-,64.41,10.0,0.6,,,59,59,38,21,64.41,-7.68,-25.36,10.01,-4.529,0.545,22
"[-299,-200]",HR≥55/EDG≥10.0/CV≤0.6/μ≥-/TP≥50,64.41,10.0,0.6,,50.0,59,59,38,21,64.41,-7.68,-25.36,10.01,-4.529,0.545,22
"[-299,-200]",HR≥55/EDG≥10.0/CV≤0.6/μ≥-/TP≥55,64.41,10.0,0.6,,55.0,59,59,38,21,64.41,-7.68,-25.36,10.01,-4.529,0.545,22
"[-299,-200]",HR≥55/EDG≥10.0/CV≤0.6/μ≥-/TP≥60,64.41,10.0,0.6,,60.0,59,59,38,21,64.41,-7.68,-25.36,10.01,-4.529,0.545,22
"[-299,-200]",HR≥55/EDG≥10.0/CV≤0.6/μ≥-/TP≥65,65.52,10.0,0.6,,65.0,58,58,38,20,65.52,-6.08,-23.8,11.63,-3.529,0.545,22
"[-299,-200]",HR≥55/EDG≥10.0/CV≤0.6/μ≥0.0/TP≥-,64.41,10.0,0.6,0.0,,59,59,38,21,64.41,-7.68,-25.36,10.01,-4.529,0.545,22
"[-299,-200]",HR≥55/EDG≥10.0/CV≤0.6/μ≥0.0/TP≥50,64.41,10.0,0.6,0.0,50.0,59,59,38,21,64.41,-7.68,-25.36,10.01,-4.529,0.545,22
"[-299,-200]",HR≥55/EDG≥10.0/CV≤0.6/μ≥0.0/TP≥55,64.41,10.0,0.6,0.0,55.0,59,59,38,21,64.41,-7.68,-25.36,10.01,-4.529,0.545,22
"[-299,-200]",HR≥55/EDG≥10.0/CV≤0.6/μ≥0.0/TP≥60,64.41,10.0,0.6,0.0,60.0,59,59,38,21,64.41,-7.68,-25.36,10.01,-4.529,0.545,22
"[-299,-200]",HR≥55/EDG≥10.0/CV≤0.6/μ≥0.0/TP≥65,65.52,10.0,0.6,0.0,65.0,58,58,38,20,65.52,-6.08,-23.8,11.63,-3.529,0.545,22
"[-299,-200]",HR≥55/EDG≥10.0/CV≤0.6/μ≥0.5/TP≥-,64.41,10.0,0.6,0.5,,59,59,38,21,64.41,-7.68,-25.36,10.01,-4.529,0.545,22
"[-299,-200]",HR≥55/EDG≥10.0/CV≤0.6/μ≥0.5/TP≥50,64.41,10.0,0.6,0.5,50.0,59,59,38,21,64.41,-7.68,-25.36,10.01,-4.529,0.545,22
"[-299,-200]",HR≥55/EDG≥10.0/CV≤0.6/μ≥0.5/TP≥55,64.41,10.0,0.6,0.5,55.0,59,59,38,21,64.41,-7.68,-25.36,10.01,-4.529,0.545,22
"[-299,-200]",HR≥55/EDG≥10.0/CV≤0.6/μ≥0.5/TP≥60,64.41,10.0,0.6,0.5,60.0,59,59,38,21,64.41,-7.68,-25.36,10.01,-4.529,0.545,22
"[-299,-200]",HR≥55/EDG≥10.0/CV≤0.6/μ≥0.5/TP≥65,65.52,10.0,0.6,0.5,65.0,58,58,38,20,65.52,-6.08,-23.8,11.63,-3.529,0.545,22
"[-299,-200]",HR≥55/EDG≥10.0/CV≤0.6/μ≥1.0/TP≥-,64.41,10.0,0.6,1.0,,59,59,38,21,64.41,-7.68,-25.36,10.01,-4.529,0.545,22
"[-299,-200]",HR≥55/EDG≥10.0/CV≤0.6/μ≥1.0/TP≥50,64.41,10.0,0.6,1.0,50.0,59,59,38,21,64.41,-7.68,-25.36,10.01,-4.529,0.545,22
"[-299,-200]",HR≥55/EDG≥10.0/CV≤0.6/μ≥1.0/TP≥55,64.41,10.0,0.6,1.0,55.0,59,59,38,21,64.41,-7.68,-25.36,10.01,-4.529,0.545,22
"[-299,-200]",HR≥55/EDG≥10.0/CV≤0.6/μ≥1.0/TP≥60,64.41,10.0,0.6,1.0,60.0,59,59,38,21,64.41,-7.68,-25.36,10.01,-4.529,0.545,22
"[-299,-200]",HR≥55/EDG≥10.0/CV≤0.6/μ≥1.0/TP≥65,65.52,10.0,0.6,1.0,65.0,58,58,38,20,65.52,-6.08,-23.8,11.63,-3.529,0.545,22
"[-299,-200]",HR≥55/EDG≥10.0/CV≤0.5/μ≥-/TP≥-,65.38,10.0,0.5,,,52,52,34,18,65.38,-6.2,-24.96,12.56,-3.225,0.55,20
"[-299,-200]",HR≥55/EDG≥10.0/CV≤0.5/μ≥-/TP≥50,65.38,10.0,0.5,,50.0,52,52,34,18,65.38,-6.2,-24.96,12.56,-3.225,0.55,20
"[-299,-200]",HR≥55/EDG≥10.0/CV≤0.5/μ≥-/TP≥55,65.38,10.0,0.5,,55.0,52,52,34,18,65.38,-6.2,-24.96,12.56,-3.225,0.55,20
"[-299,-200]",HR≥55/EDG≥10.0/CV≤0.5/μ≥-/TP≥60,65.38,10.0,0.5,,60.0,52,52,34,18,65.38,-6.2,-24.96,12.56,-3.225,0.55,20
"[-299,-200]",HR≥55/EDG≥10.0/CV≤0.5/μ≥-/TP≥65,65.38,10.0,0.5,,65.0,52,52,34,18,65.38,-6.2,-24.96,12.56,-3.225,0.55,20
"[-299,-200]",HR≥55/EDG≥10.0/CV≤0.5/μ≥0.0/TP≥-,65.38,10.0,0.5,0.0,,52,52,34,18,65.38,-6.2,-24.96,12.56,-3.225,0.55,20
"[-299,-200]",HR≥55/EDG≥10.0/CV≤0.5/μ≥0.0/TP≥50,65.38,10.0,0.5,0.0,50.0,52,52,34,18,65.38,-6.2,-24.96,12.56,-3.225,0.55,20
"[-299,-200]",HR≥55/EDG≥10.0/CV≤0.5/μ≥0.0/TP≥55,65.38,10.0,0.5,0.0,55.0,52,52,34,18,65.38,-6.2,-24.96,12.56,-3.225,0.55,20
"[-299,-200]",HR≥55/EDG≥10.0/CV≤0.5/μ≥0.0/TP≥60,65.38,10.0,0.5,0.0,60.0,52,52,34,18,65.38,-6.2,-24.96,12.56,-3.225,0.55,20
"[-299,-200]",HR≥55/EDG≥10.0/CV≤0.5/μ≥0.0/TP≥65,65.38,10.0,0.5,0.0,65.0,52,52,34,18,65.38,-6.2,-24.96,12.56,-3.225,0.55,20
"[-299,-200]",HR≥55/EDG≥10.0/CV≤0.5/μ≥0.5/TP≥-,65.38,10.0,0.5,0.5,,52,52,34,18,65.38,-6.2,-24.96,12.56,-3.225,0.55,20
"[-299,-200]",HR≥55/EDG≥10.0/CV≤0.5/μ≥0.5/TP≥50,65.38,10.0,0.5,0.5,50.0,52,52,34,18,65.38,-6.2,-24.96,12.56,-3.225,0.55,20
"[-299,-200]",HR≥55/EDG≥10.0/CV≤0.5/μ≥0.5/TP≥55,65.38,10.0,0.5,0.5,55.0,52,52,34,18,65.38,-6.2,-24.96,12.56,-3.225,0.55,20
"[-299,-200]",HR≥55/EDG≥10.0/CV≤0.5/μ≥0.5/TP≥60,65.38,10.0,0.5,0.5,60.0,52,52,34,18,65.38,-6.2,-24.96,12.56,-3.225,0.55,20
"[-299,-200]",HR≥55/EDG≥10.0/CV≤0.5/μ≥0.5/TP≥65,65.38,10.0,0.5,0.5,65.0,52,52,34,18,65.38,-6.2,-24.96,12.56,-3.225,0.55,20
"[-299,-200]",HR≥55/EDG≥10.0/CV≤0.5/μ≥1.0/TP≥-,65.38,10.0,0.5,1.0,,52,52,34,18,65.38,-6.2,-24.96,12.56,-3.225,0.55,20
"[-299,-200]",HR≥55/EDG≥10.0/CV≤0.5/μ≥1.0/TP≥50,65.38,10.0,0.5,1.0,50.0,52,52,34,18,65.38,-6.2,-24.96,12.56,-3.225,0.55,20
"[-299,-200]",HR≥55/EDG≥10.0/CV≤0.5/μ≥1.0/TP≥55,65.38,10.0,0.5,1.0,55.0,52,52,34,18,65.38,-6.2,-24.96,12.56,-3.225,0.55,20
"[-299,-200]",HR≥55/EDG≥10.0/CV≤0.5/μ≥1.0/TP≥60,65.38,10.0,0.5,1.0,60.0,52,52,34,18,65.38,-6.2,-24.96,12.56,-3.225,0.55,20
"[-299,-200]",HR≥55/EDG≥10.0/CV≤0.5/μ≥1.0/TP≥65,65.38,10.0,0.5,1.0,65.0,52,52,34,18,65.38,-6.2,-24.96,12.56,-3.225,0.55,20
"[-299,-200]",HR≥55/EDG≥10.0/CV≤0.45/μ≥-/TP≥-,68.29,10.0,0.45,,,41,41,28,13,68.29,-2.45,-23.08,18.19,-1.003,0.5,20
"[-299,-200]",HR≥55/EDG≥10.0/CV≤0.45/μ≥-/TP≥50,68.29,10.0,0.45,,50.0,41,41,28,13,68.29,-2.45,-23.08,18.19,-1.003,0.5,20
"[-299,-200]",HR≥55/EDG≥10.0/CV≤0.45/μ≥-/TP≥55,68.29,10.0,0.45,,55.0,41,41,28,13,68.29,-2.45,-23.08,18.19,-1.003,0.5,20
"[-299,-200]",HR≥55/EDG≥10.0/CV≤0.45/μ≥-/TP≥60,68.29,10.0,0.45,,60.0,41,41,28,13,68.29,-2.45,-23.08,18.19,-1.003,0.5,20
"[-299,-200]",HR≥55/EDG≥10.0/CV≤0.45/μ≥-/TP≥65,68.29,10.0,0.45,,65.0,41,41,28,13,68.29,-2.45,-23.08,18.19,-1.003,0.5,20
"[-299,-200]",HR≥55/EDG≥10.0/CV≤0.45/μ≥0.0/TP≥-,68.29,10.0,0.45,0.0,,41,41,28,13,68.29,-2.45,-23.08,18.19,-1.003,0.5,20
"[-299,-200]",HR≥55/EDG≥10.0/CV≤0.45/μ≥0.0/TP≥50,68.29,10.0,0.45,0.0,50.0,41,41,28,13,68.29,-2.45,-23.08,18.19,-1.003,0.5,20
"[-299,-200]",HR≥55/EDG≥10.0/CV≤0.45/μ≥0.0/TP≥55,68.29,10.0,0.45,0.0,55.0,41,41,28,13,68.29,-2.45,-23.08,18.19,-1.003,0.5,20
"[-299,-200]",HR≥55/EDG≥10.0/CV≤0.45/μ≥0.0/TP≥60,68.29,10.0,0.45,0.0,60.0,41,41,28,13,68.29,-2.45,-23.08,18.19,-1.003,0.5,20
"[-299,-200]",HR≥55/EDG≥10.0/CV≤0.45/μ≥0.0/TP≥65,68.29,10.0,0.45,0.0,65.0,41,41,28,13,68.29,-2.45,-23.08,18.19,-1.003,0.5,20
"[-299,-200]",HR≥55/EDG≥10.0/CV≤0.45/μ≥0.5/TP≥-,68.29,10.0,0.45,0.5,,41,41,28,13,68.29,-2.45,-23.08,18.19,-1.003,0.5,20
"[-299,-200]",HR≥55/EDG≥10.0/CV≤0.45/μ≥0.5/TP≥50,68.29,10.0,0.45,0.5,50.0,41,41,28,13,68.29,-2.45,-23.08,18.19,-1.003,0.5,20
"[-299,-200]",HR≥55/EDG≥10.0/CV≤0.45/μ≥0.5/TP≥55,68.29,10.0,0.45,0.5,55.0,41,41,28,13,68.29,-2.45,-23.08,18.19,-1.003,0.5,20
"[-299,-200]",HR≥55/EDG≥10.0/CV≤0.45/μ≥0.5/TP≥60,68.29,10.0,0.45,0.5,60.0,41,41,28,13,68.29,-2.45,-23.08,18.19,-1.003,0.5,20
"[-299,-200]",HR≥55/EDG≥10.0/CV≤0.45/μ≥0.5/TP≥65,68.29,10.0,0.45,0.5,65.0,41,41,28,13,68.29,-2.45,-23.08,18.19,-1.003,0.5,20
"[-299,-200]",HR≥55/EDG≥10.0/CV≤0.45/μ≥1.0/TP≥-,68.29,10.0,0.45,1.0,,41,41,28,13,68.29,-2.45,-23.08,18.19,-1.003,0.5,20
"[-299,-200]",HR≥55/EDG≥10.0/CV≤0.45/μ≥1.0/TP≥50,68.29,10.0,0.45,1.0,50.0,41,41,28,13,68.29,-2.45,-23.08,18.19,-1.003,0.5,20
"[-299,-200]",HR≥55/EDG≥10.0/CV≤0.45/μ≥1.0/TP≥55,68.29,10.0,0.45,1.0,55.0,41,41,28,13,68.29,-2.45,-23.08,18.19,-1.003,0.5,20
"[-299,-200]",HR≥55/EDG≥10.0/CV≤0.45/μ≥1.0/TP≥60,68.29,10.0,0.45,1.0,60.0,41,41,28,13,68.29,-2.45,-23.08,18.19,-1.003,0.5,20
"[-299,-200]",HR≥55/EDG≥10.0/CV≤0.45/μ≥1.0/TP≥65,68.29,10.0,0.45,1.0,65.0,41,41,28,13,68.29,-2.45,-23.08,18.19,-1.003,0.5,20
"[-299,-200]",HR≥60/EDG≥-/CV≤-/μ≥-/TP≥-,66.25,,,,,164,160,106,54,66.25,-6.33,-16.74,4.08,-10.125,0.407,27
"[-299,-200]",HR≥60/EDG≥-/CV≤-/μ≥-/TP≥50,64.63,,,,50.0,151,147,95,52,64.63,-8.67,-19.65,2.31,-12.747,0.385,26
"[-299,-200]",HR≥60/EDG≥-/CV≤-/μ≥-/TP≥55,64.38,,,,55.0,150,146,94,52,64.38,-9.07,-20.1,1.95,-13.247,0.346,26
"[-299,-200]",HR≥60/EDG≥-/CV≤-/μ≥-/TP≥60,65.0,,,,60.0,144,140,91,49,65.0,-8.25,-19.46,2.96,-11.548,0.308,26
"[-299,-200]",HR≥60/EDG≥-/CV≤-/μ≥-/TP≥65,65.6,,,,65.0,129,125,82,43,65.6,-7.69,-19.48,4.09,-9.614,0.423,26
"[-299,-200]",HR≥60/EDG≥-/CV≤-/μ≥0.0/TP≥-,65.49,,,0.0,,145,142,93,49,65.49,-7.49,-18.59,3.62,-10.632,0.385,26
"[-299,-200]",HR≥60/EDG≥-/CV≤-/μ≥0.0/TP≥50,65.49,,,0.0,50.0,145,142,93,49,65.49,-7.49,-18.59,3.62,-10.632,0.385,26
"[-299,-200]",HR≥60/EDG≥-/CV≤-/μ≥0.0/TP≥55,65.25,,,0.0,55.0,144,141,92,49,65.25,-7.89,-19.05,3.26,-11.132,0.346,26
"[-299,-200]",HR≥60/EDG≥-/CV≤-/μ≥0.0/TP≥60,65.93,,,0.0,60.0,138,135,89,46,65.93,-6.99,-18.33,4.35,-9.433,0.308,26
"[-299,-200]",HR≥60/EDG≥-/CV≤-/μ≥0.0/TP≥65,66.94,,,0.0,65.0,124,121,81,40,66.94,-5.78,-17.65,6.08,-6.998,0.423,26
"[-299,-200]",HR≥60/EDG≥-/CV≤-/μ≥0.5/TP≥-,64.8,,,0.5,,128,125,81,44,64.8,-8.62,-20.49,3.26,-10.769,0.308,26
"[-299,-200]",HR≥60/EDG≥-/CV≤-/μ≥0.5/TP≥50,64.8,,,0.5,50.0,128,125,81,44,64.8,-8.62,-20.49,3.26,-10.769,0.308,26
"[-299,-200]",HR≥60/EDG≥-/CV≤-/μ≥0.5/TP≥55,64.8,,,0.5,55.0,128,125,81,44,64.8,-8.62,-20.49,3.26,-10.769,0.308,26
"[-299,-200]",HR≥60/EDG≥-/CV≤-/μ≥0.5/TP≥60,64.52,,,0.5,60.0,127,124,80,44,64.52,-9.07,-21.01,2.87,-11.245,0.269,26
"[-299,-200]",HR≥60/EDG≥-/CV≤-/μ≥0.5/TP≥65,65.79,,,0.5,65.0,117,114,75,39,65.79,-7.36,-19.7,4.98,-8.391,0.346,26
"[-299,-200]",HR≥60/EDG≥-/CV≤-/μ≥1.0/TP≥-,64.71,,,1.0,,103,102,66,36,64.71,-8.69,-21.86,4.49,-8.863,0.308,26
"[-299,-200]",HR≥60/EDG≥-/CV≤-/μ≥1.0/TP≥50,64.71,,,1.0,50.0,103,102,66,36,64.71,-8.69,-21.86,4.49,-8.863,0.308,26
"[-299,-200]",HR≥60/EDG≥-/CV≤-/μ≥1.0/TP≥55,64.71,,,1.0,55.0,103,102,66,36,64.71,-8.69,-21.86,4.49,-8.863,0.308,26
"[-299,-200]",HR≥60/EDG≥-/CV≤-/μ≥1.0/TP≥60,64.71,,,1.0,60.0,103,102,66,36,64.71,-8.69,-21.86,4.49,-8.863,0.308,26
"[-299,-200]",HR≥60/EDG≥-/CV≤-/μ≥1.0/TP≥65,65.66,,,1.0,65.0,100,99,65,34,65.66,-7.42,-20.7,5.86,-7.344,0.346,26
"[-299,-200]",HR≥60/EDG≥-/CV≤0.7/μ≥-/TP≥-,65.82,,0.7,,,162,158,104,54,65.82,-6.92,-17.43,3.59,-10.93,0.407,27
"[-299,-200]",HR≥60/EDG≥-/CV≤0.7/μ≥-/TP≥50,64.14,,0.7,,50.0,149,145,93,52,64.14,-9.35,-20.44,1.74,-13.551,0.385,26
"[-299,-200]",HR≥60/EDG≥-/CV≤0.7/μ≥-/TP≥55,63.89,,0.7,,55.0,148,144,92,52,63.89,-9.76,-20.9,1.38,-14.051,0.346,26
"[-299,-200]",HR≥60/EDG≥-/CV≤0.7/μ≥-/TP≥60,64.49,,0.7,,60.0,142,138,89,49,64.49,-8.95,-20.28,2.38,-12.352,0.308,26
"[-299,-200]",HR≥60/EDG≥-/CV≤0.7/μ≥-/TP≥65,65.04,,0.7,,65.0,127,123,80,43,65.04,-8.47,-20.4,3.46,-10.418,0.423,26
"[-299,-200]",HR≥60/EDG≥-/CV≤0.7/μ≥0.0/TP≥-,65.0,,0.7,0.0,,143,140,91,49,65.0,-8.17,-19.39,3.05,-11.436,0.385,26
"[-299,-200]",HR≥60/EDG≥-/CV≤0.7/μ≥0.0/TP≥50,65.0,,0.7,0.0,50.0,143,140,91,49,65.0,-8.17,-19.39,3.05,-11.436,0.385,26
"[-299,-200]",HR≥60/EDG≥-/CV≤0.7/μ≥0.0/TP≥55,64.75,,0.7,0.0,55.0,142,139,90,49,64.75,-8.59,-19.86,2.69,-11.936,0.346,26
"[-299,-200]",HR≥60/EDG≥-/CV≤0.7/μ≥0.0/TP≥60,65.41,,0.7,0.0,60.0,136,133,87,46,65.41,-7.7,-19.17,3.77,-10.237,0.308,26
"[-299,-200]",HR≥60/EDG≥-/CV≤0.7/μ≥0.0/TP≥65,66.39,,0.7,0.0,65.0,122,119,79,40,66.39,-6.56,-18.57,5.46,-7.802,0.423,26
"[-299,-200]",HR≥60/EDG≥-/CV≤0.7/μ≥0.5/TP≥-,64.23,,0.7,0.5,,126,123,79,44,64.23,-9.41,-21.43,2.61,-11.573,0.308,26
"[-299,-200]",HR≥60/EDG≥-/CV≤0.7/μ≥0.5/TP≥50,64.23,,0.7,0.5,50.0,126,123,79,44,64.23,-9.41,-21.43,2.61,-11.573,0.308,26
"[-299,-200]",HR≥60/EDG≥-/CV≤0.7/μ≥0.5/TP≥55,64.23,,0.7,0.5,55.0,126,123,79,44,64.23,-9.41,-21.43,2.61,-11.573,0.308,26
"[-299,-200]",HR≥60/EDG≥-/CV≤0.7/μ≥0.5/TP≥60,63.93,,0.7,0.5,60.0,125,122,78,44,63.93,-9.88,-21.96,2.2,-12.049,0.269,26
"[-299,-200]",HR≥60/EDG≥-/CV≤0.7/μ≥0.5/TP≥65,65.18,,0.7,0.5,65.0,115,112,73,39,65.18,-8.21,-20.71,4.29,-9.195,0.346,26
"[-299,-200]",HR≥60/EDG≥-/CV≤0.7/μ≥1.0/TP≥-,64.0,,0.7,1.0,,101,100,64,36,64.0,-9.67,-23.04,3.7,-9.667,0.308,26
"[-299,-200]",HR≥60/EDG≥-/CV≤0.7/μ≥1.0/TP≥50,64.0,,0.7,1.0,50.0,101,100,64,36,64.0,-9.67,-23.04,3.7,-9.667,0.308,26
"[-299,-200]",HR≥60/EDG≥-/CV≤0.7/μ≥1.0/TP≥55,64.0,,0.7,1.0,55.0,101,100,64,36,64.0,-9.67,-23.04,3.7,-9.667,0.308,26
"[-299,-200]",HR≥60/EDG≥-/CV≤0.7/μ≥1.0/TP≥60,64.0,,0.7,1.0,60.0,101,100,64,36,64.0,-9.67,-23.04,3.7,-9.667,0.308,26
"[-299,-200]",HR≥60/EDG≥-/CV≤0.7/μ≥1.0/TP≥65,64.95,,0.7,1.0,65.0,98,97,63,34,64.95,-8.4,-21.88,5.08,-8.148,0.346,26
"[-299,-200]",HR≥60/EDG≥-/CV≤0.6/μ≥-/TP≥-,64.19,,0.6,,,152,148,95,53,64.19,-9.06,-20.05,1.94,-13.404,0.407,27
"[-299,-200]",HR≥60/EDG≥-/CV≤0.6/μ≥-/TP≥50,62.5,,0.6,,50.0,140,136,85,51,62.5,-11.5,-23.08,0.08,-15.641,0.346,26
"[-299,-200]",HR≥60/EDG≥-/CV≤0.6/μ≥-/TP≥55,62.22,,0.6,,55.0,139,135,84,51,62.22,-11.96,-23.59,-0.32,-16.141,0.308,26
"[-299,-200]",HR≥60/EDG≥-/CV≤0.6/μ≥-/TP≥60,62.79,,0.6,,60.0,133,129,81,48,62.79,-11.2,-23.06,0.67,-14.442,0.269,26
"[-299,-200]",HR≥60/EDG≥-/CV≤0.6/μ≥-/TP≥65,63.48,,0.6,,65.0,119,115,73,42,63.48,-10.48,-22.96,2.0,-12.053,0.346,26
"[-299,-200]",HR≥60/EDG≥-/CV≤0.6/μ≥0.0/TP≥-,63.36,,0.6,0.0,,134,131,83,48,63.36,-10.33,-22.07,1.42,-13.526,0.346,26
"[-299,-200]",HR≥60/EDG≥-/CV≤0.6/μ≥0.0/TP≥50,63.36,,0.6,0.0,50.0,134,131,83,48,63.36,-10.33,-22.07,1.42,-13.526,0.346,26
"[-299,-200]",HR≥60/EDG≥-/CV≤0.6/μ≥0.0/TP≥55,63.08,,0.6,0.0,55.0,133,130,82,48,63.08,-10.79,-22.59,1.01,-14.026,0.308,26
"[-299,-200]",HR≥60/EDG≥-/CV≤0.6/μ≥0.0/TP≥60,63.71,,0.6,0.0,60.0,127,124,79,45,63.71,-9.94,-21.97,2.09,-12.327,0.269,26
"[-299,-200]",HR≥60/EDG≥-/CV≤0.6/μ≥0.0/TP≥65,64.86,,0.6,0.0,65.0,114,111,72,39,64.86,-8.5,-21.11,4.1,-9.438,0.346,26
"[-299,-200]",HR≥60/EDG≥-/CV≤0.6/μ≥0.5/TP≥-,62.61,,0.6,0.5,,118,115,72,43,62.61,-11.49,-24.06,1.09,-13.209,0.308,26
"[-299,-200]",HR≥60/EDG≥-/CV≤0.6/μ≥0.5/TP≥50,62.61,,0.6,0.5,50.0,118,115,72,43,62.61,-11.49,-24.06,1.09,-13.209,0.308,26
"[-299,-200]",HR≥60/EDG≥-/CV≤0.6/μ≥0.5/TP≥55,62.61,,0.6,0.5,55.0,118,115,72,43,62.61,-11.49,-24.06,1.09,-13.209,0.308,26
"[-299,-200]",HR≥60/EDG≥-/CV≤0.6/μ≥0.5/TP≥60,62.28,,0.6,0.5,60.0,117,114,71,43,62.28,-12.0,-24.65,0.64,-13.685,0.269,26
"[-299,-200]",HR≥60/EDG≥-/CV≤0.6/μ≥0.5/TP≥65,63.46,,0.6,0.5,65.0,107,104,66,38,63.46,-10.41,-23.56,2.73,-10.831,0.308,26
"[-299,-200]",HR≥60/EDG≥-/CV≤0.6/μ≥1.0/TP≥-,61.96,,0.6,1.0,,93,92,57,35,61.96,-12.29,-26.43,1.86,-11.303,0.308,26
"[-299,-200]",HR≥60/EDG≥-/CV≤0.6/μ≥1.0/TP≥50,61.96,,0.6,1.0,50.0,93,92,57,35,61.96,-12.29,-26.43,1.86,-11.303,0.308,26
"[-299,-200]",HR≥60/EDG≥-/CV≤0.6/μ≥1.0/TP≥55,61.96,,0.6,1.0,55.0,93,92,57,35,61.96,-12.29,-26.43,1.86,-11.303,0.308,26
"[-299,-200]",HR≥60/EDG≥-/CV≤0.6/μ≥1.0/TP≥60,61.96,,0.6,1.0,60.0,93,92,57,35,61.96,-12.29,-26.43,1.86,-11.303,0.308,26
"[-299,-200]",HR≥60/EDG≥-/CV≤0.6/μ≥1.0/TP≥65,62.92,,0.6,1.0,65.0,90,89,56,33,62.92,-10.99,-25.29,3.3,-9.784,0.346,26
"[-299,-200]",HR≥60/EDG≥-/CV≤0.5/μ≥-/TP≥-,66.67,,0.5,,,130,126,84,42,66.67,-5.45,-17.19,6.29,-6.869,0.37,27
"[-299,-200]",HR≥60/EDG≥-/CV≤0.5/μ≥-/TP≥50,65.22,,0.5,,50.0,119,115,75,40,65.22,-7.56,-19.97,4.86,-8.69,0.346,26
"[-299,-200]",HR≥60/EDG≥-/CV≤0.5/μ≥-/TP≥55,64.91,,0.5,,55.0,118,114,74,40,64.91,-8.06,-20.54,4.42,-9.19,0.308,26
"[-299,-200]",HR≥60/EDG≥-/CV≤0.5/μ≥-/TP≥60,65.45,,0.5,,60.0,114,110,72,38,65.45,-7.29,-19.95,5.38,-8.015,0.308,26
"[-299,-200]",HR≥60/EDG≥-/CV≤0.5/μ≥-/TP≥65,65.98,,0.5,,65.0,101,97,64,33,65.98,-6.83,-20.24,6.58,-6.626,0.423,26
"[-299,-200]",HR≥60/EDG≥-/CV≤0.5/μ≥0.0/TP≥-,65.77,,0.5,0.0,,114,111,73,38,65.77,-6.82,-19.41,5.76,-7.574,0.385,26
"[-299,-200]",HR≥60/EDG≥-/CV≤0.5/μ≥0.0/TP≥50,65.77,,0.5,0.0,50.0,114,111,73,38,65.77,-6.82,-19.41,5.76,-7.574,0.385,26
"[-299,-200]",HR≥60/EDG≥-/CV≤0.5/μ≥0.0/TP≥55,65.45,,0.5,0.0,55.0,113,110,72,38,65.45,-7.34,-20.0,5.32,-8.074,0.346,26
"[-299,-200]",HR≥60/EDG≥-/CV≤0.5/μ≥0.0/TP≥60,66.04,,0.5,0.0,60.0,109,106,70,36,66.04,-6.51,-19.36,6.34,-6.899,0.346,26
"[-299,-200]",HR≥60/EDG≥-/CV≤0.5/μ≥0.0/TP≥65,67.02,,0.5,0.0,65.0,97,94,63,31,67.02,-5.33,-18.85,8.19,-5.01,0.423,26
"[-299,-200]",HR≥60/EDG≥-/CV≤0.5/μ≥0.5/TP≥-,64.95,,0.5,0.5,,100,97,63,34,64.95,-8.15,-21.67,5.37,-7.906,0.346,26
"[-299,-200]",HR≥60/EDG≥-/CV≤0.5/μ≥0.5/TP≥50,64.95,,0.5,0.5,50.0,100,97,63,34,64.95,-8.15,-21.67,5.37,-7.906,0.346,26
"[-299,-200]",HR≥60/EDG≥-/CV≤0.5/μ≥0.5/TP≥55,64.95,,0.5,0.5,55.0,100,97,63,34,64.95,-8.15,-21.67,5.37,-7.906,0.346,26
"[-299,-200]",HR≥60/EDG≥-/CV≤0.5/μ≥0.5/TP≥60,64.95,,0.5,0.5,60.0,100,97,63,34,64.95,-8.15,-21.67,5.37,-7.906,0.346,26
"[-299,-200]",HR≥60/EDG≥-/CV≤0.5/μ≥0.5/TP≥65,65.91,,0.5,0.5,65.0,91,88,58,30,65.91,-6.88,-20.98,7.22,-6.052,0.423,26
"[-299,-200]",HR≥60/EDG≥-/CV≤0.5/μ≥1.0/TP≥-,64.56,,0.5,1.0,,80,79,51,28,64.56,-8.58,-23.64,6.48,-6.776,0.4,25
"[-299,-200]",HR≥60/EDG≥-/CV≤0.5/μ≥1.0/TP≥50,64.56,,0.5,1.0,50.0,80,79,51,28,64.56,-8.58,-23.64,6.48,-6.776,0.4,25
"[-299,-200]",HR≥60/EDG≥-/CV≤0.5/μ≥1.0/TP≥55,64.56,,0.5,1.0,55.0,80,79,51,28,64.56,-8.58,-23.64,6.48,-6.776,0.4,25
"[-299,-200]",HR≥60/EDG≥-/CV≤0.5/μ≥1.0/TP≥60,64.56,,0.5,1.0,60.0,80,79,51,28,64.56,-8.58,-23.64,6.48,-6.776,0.4,25
"[-299,-200]",HR≥60/EDG≥-/CV≤0.5/μ≥1.0/TP≥65,64.94,,0.5,1.0,65.0,78,77,50,27,64.94,-8.13,-23.33,7.08,-6.257,0.44,25
"[-299,-200]",HR≥60/EDG≥-/CV≤0.45/μ≥-/TP≥-,68.75,,0.45,,,100,96,66,30,68.75,-2.44,-15.68,10.81,-2.338,0.444,27
"[-299,-200]",HR≥60/EDG≥-/CV≤0.45/μ≥-/TP≥50,67.82,,0.45,,50.0,91,87,59,28,67.82,-3.83,-17.86,10.2,-3.332,0.48,25
"[-299,-200]",HR≥60/EDG≥-/CV≤0.45/μ≥-/TP≥55,67.82,,0.45,,55.0,91,87,59,28,67.82,-3.83,-17.86,10.2,-3.332,0.48,25
"[-299,-200]",HR≥60/EDG≥-/CV≤0.45/μ≥-/TP≥60,68.24,,0.45,,60.0,89,85,58,27,68.24,-3.22,-17.37,10.92,-2.74,0.48,25
"[-299,-200]",HR≥60/EDG≥-/CV≤0.45/μ≥-/TP≥65,67.11,,0.45,,65.0,80,76,51,25,67.11,-5.09,-20.16,9.97,-3.87,0.48,25
"[-299,-200]",HR≥60/EDG≥-/CV≤0.45/μ≥0.0/TP≥-,68.67,,0.45,0.0,,86,83,57,26,68.67,-2.67,-16.92,11.58,-2.216,0.48,25
"[-299,-200]",HR≥60/EDG≥-/CV≤0.45/μ≥0.0/TP≥50,68.67,,0.45,0.0,50.0,86,83,57,26,68.67,-2.67,-16.92,11.58,-2.216,0.48,25
"[-299,-200]",HR≥60/EDG≥-/CV≤0.45/μ≥0.0/TP≥55,68.67,,0.45,0.0,55.0,86,83,57,26,68.67,-2.67,-16.92,11.58,-2.216,0.48,25
"[-299,-200]",HR≥60/EDG≥-/CV≤0.45/μ≥0.0/TP≥60,69.14,,0.45,0.0,60.0,84,81,56,25,69.14,-2.01,-16.38,12.37,-1.624,0.48,25
"[-299,-200]",HR≥60/EDG≥-/CV≤0.45/μ≥0.0/TP≥65,68.49,,0.45,0.0,65.0,76,73,50,23,68.49,-3.09,-18.3,12.12,-2.255,0.48,25
"[-299,-200]",HR≥60/EDG≥-/CV≤0.45/μ≥0.5/TP≥-,67.12,,0.45,0.5,,76,73,49,24,67.12,-4.97,-20.36,10.41,-3.631,0.44,25
"[-299,-200]",HR≥60/EDG≥-/CV≤0.45/μ≥0.5/TP≥50,67.12,,0.45,0.5,50.0,76,73,49,24,67.12,-4.97,-20.36,10.41,-3.631,0.44,25
"[-299,-200]",HR≥60/EDG≥-/CV≤0.45/μ≥0.5/TP≥55,67.12,,0.45,0.5,55.0,76,73,49,24,67.12,-4.97,-20.36,10.41,-3.631,0.44,25
"[-299,-200]",HR≥60/EDG≥-/CV≤0.45/μ≥0.5/TP≥60,67.12,,0.45,0.5,60.0,76,73,49,24,67.12,-4.97,-20.36,10.41,-3.631,0.44,25
"[-299,-200]",HR≥60/EDG≥-/CV≤0.45/μ≥0.5/TP≥65,67.16,,0.45,0.5,65.0,70,67,45,22,67.16,-4.92,-20.99,11.15,-3.296,0.48,25
"[-299,-200]",HR≥60/EDG≥-/CV≤0.45/μ≥1.0/TP≥-,64.41,,0.45,1.0,,60,59,38,21,64.41,-8.75,-26.24,8.74,-5.162,0.391,23
"[-299,-200]",HR≥60/EDG≥-/CV≤0.45/μ≥1.0/TP≥50,64.41,,0.45,1.0,50.0,60,59,38,21,64.41,-8.75,-26.24,8.74,-5.162,0.391,23
"[-299,-200]",HR≥60/EDG≥-/CV≤0.45/μ≥1.0/TP≥55,64.41,,0.45,1.0,55.0,60,59,38,21,64.41,-8.75,-26.24,8.74,-5.162,0.391,23
"[-299,-200]",HR≥60/EDG≥-/CV≤0.45/μ≥1.0/TP≥60,64.41,,0.45,1.0,60.0,60,59,38,21,64.41,-8.75,-26.24,8.74,-5.162,0.391,23
"[-299,-200]",HR≥60/EDG≥-/CV≤0.45/μ≥1.0/TP≥65,65.52,,0.45,1.0,65.0,59,58,38,20,65.52,-7.18,-24.69,10.34,-4.162,0.435,23
"[-299,-200]",HR≥60/EDG≥-/CV≤0.4/μ≥-/TP≥-,71.01,,0.4,,,73,69,49,20,71.01,0.81,-14.52,16.15,0.56,0.5,26
"[-299,-200]",HR≥60/EDG≥-/CV≤0.4/μ≥-/TP≥50,70.0,,0.4,,50.0,64,60,42,18,70.0,-0.72,-17.34,15.89,-0.433,0.542,24
"[-299,-200]",HR≥60/EDG≥-/CV≤0.4/μ≥-/TP≥55,70.0,,0.4,,55.0,64,60,42,18,70.0,-0.72,-17.34,15.89,-0.433,0.542,24
"[-299,-200]",HR≥60/EDG≥-/CV≤0.4/μ≥-/TP≥60,71.19,,0.4,,60.0,63,59,42,17,71.19,0.96,-15.6,17.52,0.567,0.542,24
"[-299,-200]",HR≥60/EDG≥-/CV≤0.4/μ≥-/TP≥65,72.22,,0.4,,65.0,58,54,39,15,72.22,2.04,-15.03,19.11,1.102,0.565,23
"[-299,-200]",HR≥60/EDG≥-/CV≤0.4/μ≥0.0/TP≥-,70.18,,0.4,0.0,,60,57,40,17,70.18,-0.56,-17.57,16.45,-0.318,0.542,24
"[-299,-200]",HR≥60/EDG≥-/CV≤0.4/μ≥0.0/TP≥50,70.18,,0.4,0.0,50.0,60,57,40,17,70.18,-0.56,-17.57,16.45,-0.318,0.542,24
"[-299,-200]",HR≥60/EDG≥-/CV≤0.4/μ≥0.0/TP≥55,70.18,,0.4,0.0,55.0,60,57,40,17,70.18,-0.56,-17.57,16.45,-0.318,0.542,24
"[-299,-200]",HR≥60/EDG≥-/CV≤0.4/μ≥0.0/TP≥60,71.43,,0.4,0.0,60.0,59,56,40,16,71.43,1.22,-15.73,18.17,0.682,0.542,24
"[-299,-200]",HR≥60/EDG≥-/CV≤0.4/μ≥0.0/TP≥65,73.08,,0.4,0.0,65.0,55,52,38,14,73.08,3.3,-13.94,20.54,1.717,0.565,23
"[-299,-200]",HR≥60/EDG≥-/CV≤0.4/μ≥0.5/TP≥-,69.39,,0.4,0.5,,52,49,34,15,69.39,-1.75,-20.25,16.74,-0.86,0.476,21
"[-299,-200]",HR≥60/EDG≥-/CV≤0.4/μ≥0.5/TP≥50,69.39,,0.4,0.5,50.0,52,49,34,15,69.39,-1.75,-20.25,16.74,-0.86,0.476,21
"[-299,-200]",HR≥60/EDG≥-/CV≤0.4/μ≥0.5/TP≥55,69.39,,0.4,0.5,55.0,52,49,34,15,69.39,-1.75,-20.25,16.74,-0.86,0.476,21
"[-299,-200]",HR≥60/EDG≥-/CV≤0.4/μ≥0.5/TP≥60,69.39,,0.4,0.5,60.0,52,49,34,15,69.39,-1.75,-20.25,16.74,-0.86,0.476,21
"[-299,-200]",HR≥60/EDG≥-/CV≤0.4/μ≥0.5/TP≥65,71.74,,0.4,0.5,65.0,49,46,33,13,71.74,1.47,-17.18,20.11,0.675,0.5,20
"[-299,-200]",HR≥60/EDG≥-/CV≤0.4/μ≥1.0/TP≥-,68.29,,0.4,1.0,,42,41,28,13,68.29,-3.35,-23.8,17.09,-1.374,0.421,19
"[-299,-200]",HR≥60/EDG≥-/CV≤0.4/μ≥1.0/TP≥50,68.29,,0.4,1.0,50.0,42,41,28,13,68.29,-3.35,-23.8,17.09,-1.374,0.421,19
"[-299,-200]",HR≥60/EDG≥-/CV≤0.4/μ≥1.0/TP≥55,68.29,,0.4,1.0,55.0,42,41,28,13,68.29,-3.35,-23.8,17.09,-1.374,0.421,19
"[-299,-200]",HR≥60/EDG≥-/CV≤0.4/μ≥1.0/TP≥60,68.29,,0.4,1.0,60.0,42,41,28,13,68.29,-3.35,-23.8,17.09,-1.374,0.421,19
"[-299,-200]",HR≥60/EDG≥-/CV≤0.4/μ≥1.0/TP≥65,70.0,,0.4,1.0,65.0,41,40,28,12,70.0,-0.94,-21.33,19.46,-0.374,0.474,19
"[-299,-200]",HR≥60/EDG≥-5.0/CV≤-/μ≥-/TP≥-,62.62,-5.0,,,,110,107,67,40,62.62,-11.4,-24.46,1.65,-12.201,0.231,26
"[-299,-200]",HR≥60/EDG≥-5.0/CV≤-/μ≥-/TP≥50,62.62,-5.0,,,50.0,110,107,67,40,62.62,-11.4,-24.46,1.65,-12.201,0.231,26
"[-299,-200]",HR≥60/EDG≥-5.0/CV≤-/μ≥-/TP≥55,62.62,-5.0,,,55.0,110,107,67,40,62.62,-11.4,-24.46,1.65,-12.201,0.231,26
"[-299,-200]",HR≥60/EDG≥-5.0/CV≤-/μ≥-/TP≥60,62.62,-5.0,,,60.0,110,107,67,40,62.62,-11.4,-24.46,1.65,-12.201,0.231,26
"[-299,-200]",HR≥60/EDG≥-5.0/CV≤-/μ≥-/TP≥65,64.08,-5.0,,,65.0,106,103,66,37,64.08,-9.4,-22.59,3.79,-9.681,0.308,26
"[-299,-200]",HR≥60/EDG≥-5.0/CV≤-/μ≥0.0/TP≥-,62.62,-5.0,,0.0,,110,107,67,40,62.62,-11.4,-24.46,1.65,-12.201,0.231,26
"[-299,-200]",HR≥60/EDG≥-5.0/CV≤-/μ≥0.0/TP≥50,62.62,-5.0,,0.0,50.0,110,107,67,40,62.62,-11.4,-24.46,1.65,-12.201,0.231,26
"[-299,-200]",HR≥60/EDG≥-5.0/CV≤-/μ≥0.0/TP≥55,62.62,-5.0,,0.0,55.0,110,107,67,40,62.62,-11.4,-24.46,1.65,-12.201,0.231,26
"[-299,-200]",HR≥60/EDG≥-5.0/CV≤-/μ≥0.0/TP≥60,62.62,-5.0,,0.0,60.0,110,107,67,40,62.62,-11.4,-24.46,1.65,-12.201,0.231,26
"[-299,-200]",HR≥60/EDG≥-5.0/CV≤-/μ≥0.0/TP≥65,64.08,-5.0,,0.0,65.0,106,103,66,37,64.08,-9.4,-22.59,3.79,-9.681,0.308,26
"[-299,-200]",HR≥60/EDG≥-5.0/CV≤-/μ≥0.5/TP≥-,62.62,-5.0,,0.5,,110,107,67,40,62.62,-11.4,-24.46,1.65,-12.201,0.231,26
"[-299,-200]",HR≥60/EDG≥-5.0/CV≤-/μ≥0.5/TP≥50,62.62,-5.0,,0.5,50.0,110,107,67,40,62.62,-11.4,-24.46,1.65,-12.201,0.231,26
"[-299,-200]",HR≥60/EDG≥-5.0/CV≤-/μ≥0.5/TP≥55,62.62,-5.0,,0.5,55.0,110,107,67,40,62.62,-11.4,-24.46,1.65,-12.201,0.231,26
"[-299,-200]",HR≥60/EDG≥-5.0/CV≤-/μ≥0.5/TP≥60,62.62,-5.0,,0.5,60.0,110,107,67,40,62.62,-11.4,-24.46,1.65,-12.201,0.231,26
"[-299,-200]",HR≥60/EDG≥-5.0/CV≤-/μ≥0.5/TP≥65,64.08,-5.0,,0.5,65.0,106,103,66,37,64.08,-9.4,-22.59,3.79,-9.681,0.308,26
"[-299,-200]",HR≥60/EDG≥-5.0/CV≤-/μ≥1.0/TP≥-,63.27,-5.0,,1.0,,99,98,62,36,63.27,-10.51,-24.1,3.08,-10.299,0.308,26
"[-299,-200]",HR≥60/EDG≥-5.0/CV≤-/μ≥1.0/TP≥50,63.27,-5.0,,1.0,50.0,99,98,62,36,63.27,-10.51,-24.1,3.08,-10.299,0.308,26
"[-299,-200]",HR≥60/EDG≥-5.0/CV≤-/μ≥1.0/TP≥55,63.27,-5.0,,1.0,55.0,99,98,62,36,63.27,-10.51,-24.1,3.08,-10.299,0.308,26
"[-299,-200]",HR≥60/EDG≥-5.0/CV≤-/μ≥1.0/TP≥60,63.27,-5.0,,1.0,60.0,99,98,62,36,63.27,-10.51,-24.1,3.08,-10.299,0.308,26
"[-299,-200]",HR≥60/EDG≥-5.0/CV≤-/μ≥1.0/TP≥65,64.21,-5.0,,1.0,65.0,96,95,61,34,64.21,-9.24,-22.96,4.48,-8.78,0.346,26
"[-299,-200]",HR≥60/EDG≥-5.0/CV≤0.7/μ≥-/TP≥-,61.9,-5.0,0.7,,,108,105,65,40,61.9,-12.39,-25.62,0.84,-13.005,0.231,26
"[-299,-200]",HR≥60/EDG≥-5.0/CV≤0.7/μ≥-/TP≥50,61.9,-5.0,0.7,,50.0,108,105,65,40,61.9,-12.39,-25.62,0.84,-13.005,0.231,26
"[-299,-200]",HR≥60/EDG≥-5.0/CV≤0.7/μ≥-/TP≥55,61.9,-5.0,0.7,,55.0,108,105,65,40,61.9,-12.39,-25.62,0.84,-13.005,0.231,26
"[-299,-200]",HR≥60/EDG≥-5.0/CV≤0.7/μ≥-/TP≥60,61.9,-5.0,0.7,,60.0,108,105,65,40,61.9,-12.39,-25.62,0.84,-13.005,0.231,26
"[-299,-200]",HR≥60/EDG≥-5.0/CV≤0.7/μ≥-/TP≥65,63.37,-5.0,0.7,,65.0,104,101,64,37,63.37,-10.38,-23.76,3.0,-10.486,0.308,26
"[-299,-200]",HR≥60/EDG≥-5.0/CV≤0.7/μ≥0.0/TP≥-,61.9,-5.0,0.7,0.0,,108,105,65,40,61.9,-12.39,-25.62,0.84,-13.005,0.231,26
"[-299,-200]",HR≥60/EDG≥-5.0/CV≤0.7/μ≥0.0/TP≥50,61.9,-5.0,0.7,0.0,50.0,108,105,65,40,61.9,-12.39,-25.62,0.84,-13.005,0.231,26
"[-299,-200]",HR≥60/EDG≥-5.0/CV≤0.7/μ≥0.0/TP≥55,61.9,-5.0,0.7,0.0,55.0,108,105,65,40,61.9,-12.39,-25.62,0.84,-13.005,0.231,26
"[-299,-200]",HR≥60/EDG≥-5.0/CV≤0.7/μ≥0.0/TP≥60,61.9,-5.0,0.7,0.0,60.0,108,105,65,40,61.9,-12.39,-25.62,0.84,-13.005,0.231,26
"[-299,-200]",HR≥60/EDG≥-5.0/CV≤0.7/μ≥0.0/TP≥65,63.37,-5.0,0.7,0.0,65.0,104,101,64,37,63.37,-10.38,-23.76,3.0,-10.486,0.308,26
"[-299,-200]",HR≥60/EDG≥-5.0/CV≤0.7/μ≥0.5/TP≥-,61.9,-5.0,0.7,0.5,,108,105,65,40,61.9,-12.39,-25.62,0.84,-13.005,0.231,26
"[-299,-200]",HR≥60/EDG≥-5.0/CV≤0.7/μ≥0.5/TP≥50,61.9,-5.0,0.7,0.5,50.0,108,105,65,40,61.9,-12.39,-25.62,0.84,-13.005,0.231,26
"[-299,-200]",HR≥60/EDG≥-5.0/CV≤0.7/μ≥0.5/TP≥55,61.9,-5.0,0.7,0.5,55.0,108,105,65,40,61.9,-12.39,-25.62,0.84,-13.005,0.231,26
"[-299,-200]",HR≥60/EDG≥-5.0/CV≤0.7/μ≥0.5/TP≥60,61.9,-5.0,0.7,0.5,60.0,108,105,65,40,61.9,-12.39,-25.62,0.84,-13.005,0.231,26
"[-299,-200]",HR≥60/EDG≥-5.0/CV≤0.7/μ≥0.5/TP≥65,63.37,-5.0,0.7,0.5,65.0,104,101,64,37,63.37,-10.38,-23.76,3.0,-10.486,0.308,26
"[-299,-200]",HR≥60/EDG≥-5.0/CV≤0.7/μ≥1.0/TP≥-,62.5,-5.0,0.7,1.0,,97,96,60,36,62.5,-11.57,-25.36,2.23,-11.103,0.308,26
"[-299,-200]",HR≥60/EDG≥-5.0/CV≤0.7/μ≥1.0/TP≥50,62.5,-5.0,0.7,1.0,50.0,97,96,60,36,62.5,-11.57,-25.36,2.23,-11.103,0.308,26
"[-299,-200]",HR≥60/EDG≥-5.0/CV≤0.7/μ≥1.0/TP≥55,62.5,-5.0,0.7,1.0,55.0,97,96,60,36,62.5,-11.57,-25.36,2.23,-11.103,0.308,26
"[-299,-200]",HR≥60/EDG≥-5.0/CV≤0.7/μ≥1.0/TP≥60,62.5,-5.0,0.7,1.0,60.0,97,96,60,36,62.5,-11.57,-25.36,2.23,-11.103,0.308,26
"[-299,-200]",HR≥60/EDG≥-5.0/CV≤0.7/μ≥1.0/TP≥65,63.44,-5.0,0.7,1.0,65.0,94,93,59,34,63.44,-10.31,-24.24,3.63,-9.584,0.346,26
"[-299,-200]",HR≥60/EDG≥-5.0/CV≤0.6/μ≥-/TP≥-,60.2,-5.0,0.6,,,101,98,59,39,60.2,-14.59,-28.43,-0.75,-14.296,0.231,26
"[-299,-200]",HR≥60/EDG≥-5.0/CV≤0.6/μ≥-/TP≥50,60.2,-5.0,0.6,,50.0,101,98,59,39,60.2,-14.59,-28.43,-0.75,-14.296,0.231,26
"[-299,-200]",HR≥60/EDG≥-5.0/CV≤0.6/μ≥-/TP≥55,60.2,-5.0,0.6,,55.0,101,98,59,39,60.2,-14.59,-28.43,-0.75,-14.296,0.231,26
"[-299,-200]",HR≥60/EDG≥-5.0/CV≤0.6/μ≥-/TP≥60,60.2,-5.0,0.6,,60.0,101,98,59,39,60.2,-14.59,-28.43,-0.75,-14.296,0.231,26
"[-299,-200]",HR≥60/EDG≥-5.0/CV≤0.6/μ≥-/TP≥65,61.7,-5.0,0.6,,65.0,97,94,58,36,61.7,-12.53,-26.55,1.5,-11.776,0.308,26
"[-299,-200]",HR≥60/EDG≥-5.0/CV≤0.6/μ≥0.0/TP≥-,60.2,-5.0,0.6,0.0,,101,98,59,39,60.2,-14.59,-28.43,-0.75,-14.296,0.231,26
"[-299,-200]",HR≥60/EDG≥-5.0/CV≤0.6/μ≥0.0/TP≥50,60.2,-5.0,0.6,0.0,50.0,101,98,59,39,60.2,-14.59,-28.43,-0.75,-14.296,0.231,26
"[-299,-200]",HR≥60/EDG≥-5.0/CV≤0.6/μ≥0.0/TP≥55,60.2,-5.0,0.6,0.0,55.0,101,98,59,39,60.2,-14.59,-28.43,-0.75,-14.296,0.231,26
"[-299,-200]",HR≥60/EDG≥-5.0/CV≤0.6/μ≥0.0/TP≥60,60.2,-5.0,0.6,0.0,60.0,101,98,59,39,60.2,-14.59,-28.43,-0.75,-14.296,0.231,26
"[-299,-200]",HR≥60/EDG≥-5.0/CV≤0.6/μ≥0.0/TP≥65,61.7,-5.0,0.6,0.0,65.0,97,94,58,36,61.7,-12.53,-26.55,1.5,-11.776,0.308,26
"[-299,-200]",HR≥60/EDG≥-5.0/CV≤0.6/μ≥0.5/TP≥-,60.2,-5.0,0.6,0.5,,101,98,59,39,60.2,-14.59,-28.43,-0.75,-14.296,0.231,26
"[-299,-200]",HR≥60/EDG≥-5.0/CV≤0.6/μ≥0.5/TP≥50,60.2,-5.0,0.6,0.5,50.0,101,98,59,39,60.2,-14.59,-28.43,-0.75,-14.296,0.231,26
"[-299,-200]",HR≥60/EDG≥-5.0/CV≤0.6/μ≥0.5/TP≥55,60.2,-5.0,0.6,0.5,55.0,101,98,59,39,60.2,-14.59,-28.43,-0.75,-14.296,0.231,26
"[-299,-200]",HR≥60/EDG≥-5.0/CV≤0.6/μ≥0.5/TP≥60,60.2,-5.0,0.6,0.5,60.0,101,98,59,39,60.2,-14.59,-28.43,-0.75,-14.296,0.231,26
"[-299,-200]",HR≥60/EDG≥-5.0/CV≤0.6/μ≥0.5/TP≥65,61.7,-5.0,0.6,0.5,65.0,97,94,58,36,61.7,-12.53,-26.55,1.5,-11.776,0.308,26
"[-299,-200]",HR≥60/EDG≥-5.0/CV≤0.6/μ≥1.0/TP≥-,60.67,-5.0,0.6,1.0,,90,89,54,35,60.67,-13.93,-28.43,0.57,-12.394,0.308,26
"[-299,-200]",HR≥60/EDG≥-5.0/CV≤0.6/μ≥1.0/TP≥50,60.67,-5.0,0.6,1.0,50.0,90,89,54,35,60.67,-13.93,-28.43,0.57,-12.394,0.308,26
"[-299,-200]",HR≥60/EDG≥-5.0/CV≤0.6/μ≥1.0/TP≥55,60.67,-5.0,0.6,1.0,55.0,90,89,54,35,60.67,-13.93,-28.43,0.57,-12.394,0.308,26
"[-299,-200]",HR≥60/EDG≥-5.0/CV≤0.6/μ≥1.0/TP≥60,60.67,-5.0,0.6,1.0,60.0,90,89,54,35,60.67,-13.93,-28.43,0.57,-12.394,0.308,26
"[-299,-200]",HR≥60/EDG≥-5.0/CV≤0.6/μ≥1.0/TP≥65,61.63,-5.0,0.6,1.0,65.0,87,86,53,33,61.63,-12.64,-27.32,2.03,-10.875,0.346,26
"[-299,-200]",HR≥60/EDG≥-5.0/CV≤0.5/μ≥-/TP≥-,62.35,-5.0,0.5,,,88,85,53,32,62.35,-11.49,-26.22,3.24,-9.769,0.346,26
"[-299,-200]",HR≥60/EDG≥-5.0/CV≤0.5/μ≥-/TP≥50,62.35,-5.0,0.5,,50.0,88,85,53,32,62.35,-11.49,-26.22,3.24,-9.769,0.346,26
"[-299,-200]",HR≥60/EDG≥-5.0/CV≤0.5/μ≥-/TP≥55,62.35,-5.0,0.5,,55.0,88,85,53,32,62.35,-11.49,-26.22,3.24,-9.769,0.346,26
"[-299,-200]",HR≥60/EDG≥-5.0/CV≤0.5/μ≥-/TP≥60,62.35,-5.0,0.5,,60.0,88,85,53,32,62.35,-11.49,-26.22,3.24,-9.769,0.346,26
"[-299,-200]",HR≥60/EDG≥-5.0/CV≤0.5/μ≥-/TP≥65,63.41,-5.0,0.5,,65.0,85,82,52,30,63.41,-10.06,-24.96,4.84,-8.249,0.423,26
"[-299,-200]",HR≥60/EDG≥-5.0/CV≤0.5/μ≥0.0/TP≥-,62.35,-5.0,0.5,0.0,,88,85,53,32,62.35,-11.49,-26.22,3.24,-9.769,0.346,26
"[-299,-200]",HR≥60/EDG≥-5.0/CV≤0.5/μ≥0.0/TP≥50,62.35,-5.0,0.5,0.0,50.0,88,85,53,32,62.35,-11.49,-26.22,3.24,-9.769,0.346,26
"[-299,-200]",HR≥60/EDG≥-5.0/CV≤0.5/μ≥0.0/TP≥55,62.35,-5.0,0.5,0.0,55.0,88,85,53,32,62.35,-11.49,-26.22,3.24,-9.769,0.346,26
"[-299,-200]",HR≥60/EDG≥-5.0/CV≤0.5/μ≥0.0/TP≥60,62.35,-5.0,0.5,0.0,60.0,88,85,53,32,62.35,-11.49,-26.22,3.24,-9.769,0.346,26
"[-299,-200]",HR≥60/EDG≥-5.0/CV≤0.5/μ≥0.0/TP≥65,63.41,-5.0,0.5,0.0,65.0,85,82,52,30,63.41,-10.06,-24.96,4.84,-8.249,0.423,26
"[-299,-200]",HR≥60/EDG≥-5.0/CV≤0.5/μ≥0.5/TP≥-,62.35,-5.0,0.5,0.5,,88,85,53,32,62.35,-11.49,-26.22,3.24,-9.769,0.346,26
"[-299,-200]",HR≥60/EDG≥-5.0/CV≤0.5/μ≥0.5/TP≥50,62.35,-5.0,0.5,0.5,50.0,88,85,53,32,62.35,-11.49,-26.22,3.24,-9.769,0.346,26
"[-299,-200]",HR≥60/EDG≥-5.0/CV≤0.5/μ≥0.5/TP≥55,62.35,-5.0,0.5,0.5,55.0,88,85,53,32,62.35,-11.49,-26.22,3.24,-9.769,0.346,26
"[-299,-200]",HR≥60/EDG≥-5.0/CV≤0.5/μ≥0.5/TP≥60,62.35,-5.0,0.5,0.5,60.0,88,85,53,32,62.35,-11.49,-26.22,3.24,-9.769,0.346,26
"[-299,-200]",HR≥60/EDG≥-5.0/CV≤0.5/μ≥0.5/TP≥65,63.41,-5.0,0.5,0.5,65.0,85,82,52,30,63.41,-10.06,-24.96,4.84,-8.249,0.423,26
"[-299,-200]",HR≥60/EDG≥-5.0/CV≤0.5/μ≥1.0/TP≥-,63.16,-5.0,0.5,1.0,,77,76,48,28,63.16,-10.35,-25.87,5.17,-7.867,0.4,25
"[-299,-200]",HR≥60/EDG≥-5.0/CV≤0.5/μ≥1.0/TP≥50,63.16,-5.0,0.5,1.0,50.0,77,76,48,28,63.16,-10.35,-25.87,5.17,-7.867,0.4,25
"[-299,-200]",HR≥60/EDG≥-5.0/CV≤0.5/μ≥1.0/TP≥55,63.16,-5.0,0.5,1.0,55.0,77,76,48,28,63.16,-10.35,-25.87,5.17,-7.867,0.4,25
"[-299,-200]",HR≥60/EDG≥-5.0/CV≤0.5/μ≥1.0/TP≥60,63.16,-5.0,0.5,1.0,60.0,77,76,48,28,63.16,-10.35,-25.87,5.17,-7.867,0.4,25
"[-299,-200]",HR≥60/EDG≥-5.0/CV≤0.5/μ≥1.0/TP≥65,63.51,-5.0,0.5,1.0,65.0,75,74,47,27,63.51,-9.93,-25.62,5.76,-7.348,0.44,25
"[-299,-200]",HR≥60/EDG≥-5.0/CV≤0.45/μ≥-/TP≥-,64.62,-5.0,0.45,,,68,65,42,23,64.62,-8.35,-24.99,8.29,-5.428,0.4,25
"[-299,-200]",HR≥60/EDG≥-5.0/CV≤0.45/μ≥-/TP≥50,64.62,-5.0,0.45,,50.0,68,65,42,23,64.62,-8.35,-24.99,8.29,-5.428,0.4,25
"[-299,-200]",HR≥60/EDG≥-5.0/CV≤0.45/μ≥-/TP≥55,64.62,-5.0,0.45,,55.0,68,65,42,23,64.62,-8.35,-24.99,8.29,-5.428,0.4,25
"[-299,-200]",HR≥60/EDG≥-5.0/CV≤0.45/μ≥-/TP≥60,64.62,-5.0,0.45,,60.0,68,65,42,23,64.62,-8.35,-24.99,8.29,-5.428,0.4,25
"[-299,-200]",HR≥60/EDG≥-5.0/CV≤0.45/μ≥-/TP≥65,65.62,-5.0,0.45,,65.0,67,64,42,22,65.62,-6.92,-23.58,9.74,-4.428,0.44,25
"[-299,-200]",HR≥60/EDG≥-5.0/CV≤0.45/μ≥0.0/TP≥-,64.62,-5.0,0.45,0.0,,68,65,42,23,64.62,-8.35,-24.99,8.29,-5.428,0.4,25
"[-299,-200]",HR≥60/EDG≥-5.0/CV≤0.45/μ≥0.0/TP≥50,64.62,-5.0,0.45,0.0,50.0,68,65,42,23,64.62,-8.35,-24.99,8.29,-5.428,0.4,25
"[-299,-200]",HR≥60/EDG≥-5.0/CV≤0.45/μ≥0.0/TP≥55,64.62,-5.0,0.45,0.0,55.0,68,65,42,23,64.62,-8.35,-24.99,8.29,-5.428,0.4,25
"[-299,-200]",HR≥60/EDG≥-5.0/CV≤0.45/μ≥0.0/TP≥60,64.62,-5.0,0.45,0.0,60.0,68,65,42,23,64.62,-8.35,-24.99,8.29,-5.428,0.4,25
"[-299,-200]",HR≥60/EDG≥-5.0/CV≤0.45/μ≥0.0/TP≥65,65.62,-5.0,0.45,0.0,65.0,67,64,42,22,65.62,-6.92,-23.58,9.74,-4.428,0.44,25
"[-299,-200]",HR≥60/EDG≥-5.0/CV≤0.45/μ≥0.5/TP≥-,64.62,-5.0,0.45,0.5,,68,65,42,23,64.62,-8.35,-24.99,8.29,-5.428,0.4,25
"[-299,-200]",HR≥60/EDG≥-5.0/CV≤0.45/μ≥0.5/TP≥50,64.62,-5.0,0.45,0.5,50.0,68,65,42,23,64.62,-8.35,-24.99,8.29,-5.428,0.4,25
"[-299,-200]",HR≥60/EDG≥-5.0/CV≤0.45/μ≥0.5/TP≥55,64.62,-5.0,0.45,0.5,55.0,68,65,42,23,64.62,-8.35,-24.99,8.29,-5.428,0.4,25
"[-299,-200]",HR≥60/EDG≥-5.0/CV≤0.45/μ≥0.5/TP≥60,64.62,-5.0,0.45,0.5,60.0,68,65,42,23,64.62,-8.35,-24.99,8.29,-5.428,0.4,25
"[-299,-200]",HR≥60/EDG≥-5.0/CV≤0.45/μ≥0.5/TP≥65,65.62,-5.0,0.45,0.5,65.0,67,64,42,22,65.62,-6.92,-23.58,9.74,-4.428,0.44,25
"[-299,-200]",HR≥60/EDG≥-5.0/CV≤0.45/μ≥1.0/TP≥-,63.79,-5.0,0.45,1.0,,59,58,37,21,63.79,-9.53,-27.25,8.2,-5.526,0.348,23
"[-299,-200]",HR≥60/EDG≥-5.0/CV≤0.45/μ≥1.0/TP≥50,63.79,-5.0,0.45,1.0,50.0,59,58,37,21,63.79,-9.53,-27.25,8.2,-5.526,0.348,23
"[-299,-200]",HR≥60/EDG≥-5.0/CV≤0.45/μ≥1.0/TP≥55,63.79,-5.0,0.45,1.0,55.0,59,58,37,21,63.79,-9.53,-27.25,8.2,-5.526,0.348,23
"[-299,-200]",HR≥60/EDG≥-5.0/CV≤0.45/μ≥1.0/TP≥60,63.79,-5.0,0.45,1.0,60.0,59,58,37,21,63.79,-9.53,-27.25,8.2,-5.526,0.348,23
"[-299,-200]",HR≥60/EDG≥-5.0/CV≤0.45/μ≥1.0/TP≥65,64.91,-5.0,0.45,1.0,65.0,58,57,37,20,64.91,-7.94,-25.7,9.82,-4.526,0.391,23
"[-299,-200]",HR≥60/EDG≥-5.0/CV≤0.4/μ≥-/TP≥-,68.89,-5.0,0.4,,,48,45,31,14,68.89,-2.31,-21.74,17.12,-1.039,0.45,20
"[-299,-200]",HR≥60/EDG≥-5.0/CV≤0.4/μ≥-/TP≥50,68.89,-5.0,0.4,,50.0,48,45,31,14,68.89,-2.31,-21.74,17.12,-1.039,0.45,20
"[-299,-200]",HR≥60/EDG≥-5.0/CV≤0.4/μ≥-/TP≥55,68.89,-5.0,0.4,,55.0,48,45,31,14,68.89,-2.31,-21.74,17.12,-1.039,0.45,20
"[-299,-200]",HR≥60/EDG≥-5.0/CV≤0.4/μ≥-/TP≥60,68.89,-5.0,0.4,,60.0,48,45,31,14,68.89,-2.31,-21.74,17.12,-1.039,0.45,20
"[-299,-200]",HR≥60/EDG≥-5.0/CV≤0.4/μ≥-/TP≥65,70.45,-5.0,0.4,,65.0,47,44,31,13,70.45,-0.09,-19.46,19.28,-0.039,0.5,20
"[-299,-200]",HR≥60/EDG≥-5.0/CV≤0.4/μ≥0.0/TP≥-,68.89,-5.0,0.4,0.0,,48,45,31,14,68.89,-2.31,-21.74,17.12,-1.039,0.45,20
"[-299,-200]",HR≥60/EDG≥-5.0/CV≤0.4/μ≥0.0/TP≥50,68.89,-5.0,0.4,0.0,50.0,48,45,31,14,68.89,-2.31,-21.74,17.12,-1.039,0.45,20
"[-299,-200]",HR≥60/EDG≥-5.0/CV≤0.4/μ≥0.0/TP≥55,68.89,-5.0,0.4,0.0,55.0,48,45,31,14,68.89,-2.31,-21.74,17.12,-1.039,0.45,20
"[-299,-200]",HR≥60/EDG≥-5.0/CV≤0.4/μ≥0.0/TP≥60,68.89,-5.0,0.4,0.0,60.0,48,45,31,14,68.89,-2.31,-21.74,17.12,-1.039,0.45,20
"[-299,-200]",HR≥60/EDG≥-5.0/CV≤0.4/μ≥0.0/TP≥65,70.45,-5.0,0.4,0.0,65.0,47,44,31,13,70.45,-0.09,-19.46,19.28,-0.039,0.5,20
"[-299,-200]",HR≥60/EDG≥-5.0/CV≤0.4/μ≥0.5/TP≥-,68.89,-5.0,0.4,0.5,,48,45,31,14,68.89,-2.31,-21.74,17.12,-1.039,0.45,20
"[-299,-200]",HR≥60/EDG≥-5.0/CV≤0.4/μ≥0.5/TP≥50,68.89,-5.0,0.4,0.5,50.0,48,45,31,14,68.89,-2.31,-21.74,17.12,-1.039,0.45,20
"[-299,-200]",HR≥60/EDG≥-5.0/CV≤0.4/μ≥0.5/TP≥55,68.89,-5.0,0.4,0.5,55.0,48,45,31,14,68.89,-2.31,-21.74,17.12,-1.039,0.45,20
"[-299,-200]",HR≥60/EDG≥-5.0/CV≤0.4/μ≥0.5/TP≥60,68.89,-5.0,0.4,0.5,60.0,48,45,31,14,68.89,-2.31,-21.74,17.12,-1.039,0.45,20
"[-299,-200]",HR≥60/EDG≥-5.0/CV≤0.4/μ≥0.5/TP≥65,70.45,-5.0,0.4,0.5,65.0,47,44,31,13,70.45,-0.09,-19.46,19.28,-0.039,0.5,20
"[-299,-200]",HR≥60/EDG≥-5.0/CV≤0.4/μ≥1.0/TP≥-,67.5,-5.0,0.4,1.0,,41,40,27,13,67.5,-4.34,-25.21,16.52,-1.738,0.421,19
"[-299,-200]",HR≥60/EDG≥-5.0/CV≤0.4/μ≥1.0/TP≥50,67.5,-5.0,0.4,1.0,50.0,41,40,27,13,67.5,-4.34,-25.21,16.52,-1.738,0.421,19
"[-299,-200]",HR≥60/EDG≥-5.0/CV≤0.4/μ≥1.0/TP≥55,67.5,-5.0,0.4,1.0,55.0,41,40,27,13,67.5,-4.34,-25.21,16.52,-1.738,0.421,19
"[-299,-200]",HR≥60/EDG≥-5.0/CV≤0.4/μ≥1.0/TP≥60,67.5,-5.0,0.4,1.0,60.0,41,40,27,13,67.5,-4.34,-25.21,16.52,-1.738,0.421,19
"[-299,-200]",HR≥60/EDG≥-5.0/CV≤0.4/μ≥1.0/TP≥65,69.23,-5.0,0.4,1.0,65.0,40,39,27,12,69.23,-1.89,-22.72,18.94,-0.738,0.474,19
"[-299,-200]",HR≥60/EDG≥0.0/CV≤-/μ≥-/TP≥-,63.33,0.0,,,,91,90,57,33,63.33,-10.12,-24.35,4.11,-9.111,0.346,26
"[-299,-200]",HR≥60/EDG≥0.0/CV≤-/μ≥-/TP≥50,63.33,0.0,,,50.0,91,90,57,33,63.33,-10.12,-24.35,4.11,-9.111,0.346,26
"[-299,-200]",HR≥60/EDG≥0.0/CV≤-/μ≥-/TP≥55,63.33,0.0,,,55.0,91,90,57,33,63.33,-10.12,-24.35,4.11,-9.111,0.346,26
"[-299,-200]",HR≥60/EDG≥0.0/CV≤-/μ≥-/TP≥60,63.33,0.0,,,60.0,91,90,57,33,63.33,-10.12,-24.35,4.11,-9.111,0.346,26
"[-299,-200]",HR≥60/EDG≥0.0/CV≤-/μ≥-/TP≥65,64.37,0.0,,,65.0,88,87,56,31,64.37,-8.73,-23.1,5.65,-7.592,0.385,26
"[-299,-200]",HR≥60/EDG≥0.0/CV≤-/μ≥0.0/TP≥-,63.33,0.0,,0.0,,91,90,57,33,63.33,-10.12,-24.35,4.11,-9.111,0.346,26
"[-299,-200]",HR≥60/EDG≥0.0/CV≤-/μ≥0.0/TP≥50,63.33,0.0,,0.0,50.0,91,90,57,33,63.33,-10.12,-24.35,4.11,-9.111,0.346,26
"[-299,-200]",HR≥60/EDG≥0.0/CV≤-/μ≥0.0/TP≥55,63.33,0.0,,0.0,55.0,91,90,57,33,63.33,-10.12,-24.35,4.11,-9.111,0.346,26
"[-299,-200]",HR≥60/EDG≥0.0/CV≤-/μ≥0.0/TP≥60,63.33,0.0,,0.0,60.0,91,90,57,33,63.33,-10.12,-24.35,4.11,-9.111,0.346,26
"[-299,-200]",HR≥60/EDG≥0.0/CV≤-/μ≥0.0/TP≥65,64.37,0.0,,0.0,65.0,88,87,56,31,64.37,-8.73,-23.1,5.65,-7.592,0.385,26
"[-299,-200]",HR≥60/EDG≥0.0/CV≤-/μ≥0.5/TP≥-,63.33,0.0,,0.5,,91,90,57,33,63.33,-10.12,-24.35,4.11,-9.111,0.346,26
"[-299,-200]",HR≥60/EDG≥0.0/CV≤-/μ≥0.5/TP≥50,63.33,0.0,,0.5,50.0,91,90,57,33,63.33,-10.12,-24.35,4.11,-9.111,0.346,26
"[-299,-200]",HR≥60/EDG≥0.0/CV≤-/μ≥0.5/TP≥55,63.33,0.0,,0.5,55.0,91,90,57,33,63.33,-10.12,-24.35,4.11,-9.111,0.346,26
"[-299,-200]",HR≥60/EDG≥0.0/CV≤-/μ≥0.5/TP≥60,63.33,0.0,,0.5,60.0,91,90,57,33,63.33,-10.12,-24.35,4.11,-9.111,0.346,26
"[-299,-200]",HR≥60/EDG≥0.0/CV≤-/μ≥0.5/TP≥65,64.37,0.0,,0.5,65.0,88,87,56,31,64.37,-8.73,-23.1,5.65,-7.592,0.385,26
"[-299,-200]",HR≥60/EDG≥0.0/CV≤-/μ≥1.0/TP≥-,64.77,0.0,,1.0,,88,88,57,31,64.77,-8.08,-22.35,6.19,-7.111,0.385,26
"[-299,-200]",HR≥60/EDG≥0.0/CV≤-/μ≥1.0/TP≥50,64.77,0.0,,1.0,50.0,88,88,57,31,64.77,-8.08,-22.35,6.19,-7.111,0.385,26
"[-299,-200]",HR≥60/EDG≥0.0/CV≤-/μ≥1.0/TP≥55,64.77,0.0,,1.0,55.0,88,88,57,31,64.77,-8.08,-22.35,6.19,-7.111,0.385,26
"[-299,-200]",HR≥60/EDG≥0.0/CV≤-/μ≥1.0/TP≥60,64.77,0.0,,1.0,60.0,88,88,57,31,64.77,-8.08,-22.35,6.19,-7.111,0.385,26
"[-299,-200]",HR≥60/EDG≥0.0/CV≤-/μ≥1.0/TP≥65,65.88,0.0,,1.0,65.0,85,85,56,29,65.88,-6.58,-20.98,7.82,-5.592,0.423,26
"[-299,-200]",HR≥60/EDG≥0.0/CV≤0.7/μ≥-/TP≥-,62.5,0.0,0.7,,,89,88,55,33,62.5,-11.27,-25.73,3.2,-9.915,0.346,26
"[-299,-200]",HR≥60/EDG≥0.0/CV≤0.7/μ≥-/TP≥50,62.5,0.0,0.7,,50.0,89,88,55,33,62.5,-11.27,-25.73,3.2,-9.915,0.346,26
"[-299,-200]",HR≥60/EDG≥0.0/CV≤0.7/μ≥-/TP≥55,62.5,0.0,0.7,,55.0,89,88,55,33,62.5,-11.27,-25.73,3.2,-9.915,0.346,26
"[-299,-200]",HR≥60/EDG≥0.0/CV≤0.7/μ≥-/TP≥60,62.5,0.0,0.7,,60.0,89,88,55,33,62.5,-11.27,-25.73,3.2,-9.915,0.346,26
"[-299,-200]",HR≥60/EDG≥0.0/CV≤0.7/μ≥-/TP≥65,63.53,0.0,0.7,,65.0,86,85,54,31,63.53,-9.88,-24.5,4.75,-8.396,0.385,26
"[-299,-200]",HR≥60/EDG≥0.0/CV≤0.7/μ≥0.0/TP≥-,62.5,0.0,0.7,0.0,,89,88,55,33,62.5,-11.27,-25.73,3.2,-9.915,0.346,26
"[-299,-200]",HR≥60/EDG≥0.0/CV≤0.7/μ≥0.0/TP≥50,62.5,0.0,0.7,0.0,50.0,89,88,55,33,62.5,-11.27,-25.73,3.2,-9.915,0.346,26
"[-299,-200]",HR≥60/EDG≥0.0/CV≤0.7/μ≥0.0/TP≥55,62.5,0.0,0.7,0.0,55.0,89,88,55,33,62.5,-11.27,-25.73,3.2,-9.915,0.346,26
"[-299,-200]",HR≥60/EDG≥0.0/CV≤0.7/μ≥0.0/TP≥60,62.5,0.0,0.7,0.0,60.0,89,88,55,33,62.5,-11.27,-25.73,3.2,-9.915,0.346,26
"[-299,-200]",HR≥60/EDG≥0.0/CV≤0.7/μ≥0.0/TP≥65,63.53,0.0,0.7,0.0,65.0,86,85,54,31,63.53,-9.88,-24.5,4.75,-8.396,0.385,26
"[-299,-200]",HR≥60/EDG≥0.0/CV≤0.7/μ≥0.5/TP≥-,62.5,0.0,0.7,0.5,,89,88,55,33,62.5,-11.27,-25.73,3.2,-9.915,0.346,26
"[-299,-200]",HR≥60/EDG≥0.0/CV≤0.7/μ≥0.5/TP≥50,62.5,0.0,0.7,0.5,50.0,89,88,55,33,62.5,-11.27,-25.73,3.2,-9.915,0.346,26
"[-299,-200]",HR≥60/EDG≥0.0/CV≤0.7/μ≥0.5/TP≥55,62.5,0.0,0.7,0.5,55.0,89,88,55,33,62.5,-11.27,-25.73,3.2,-9.915,0.346,26
"[-299,-200]",HR≥60/EDG≥0.0/CV≤0.7/μ≥0.5/TP≥60,62.5,0.0,0.7,0.5,60.0,89,88,55,33,62.5,-11.27,-25.73,3.2,-9.915,0.346,26
"[-299,-200]",HR≥60/EDG≥0.0/CV≤0.7/μ≥0.5/TP≥65,63.53,0.0,0.7,0.5,65.0,86,85,54,31,63.53,-9.88,-24.5,4.75,-8.396,0.385,26
"[-299,-200]",HR≥60/EDG≥0.0/CV≤0.7/μ≥1.0/TP≥-,63.95,0.0,0.7,1.0,,86,86,55,31,63.95,-9.2,-23.72,5.31,-7.915,0.385,26
"[-299,-200]",HR≥60/EDG≥0.0/CV≤0.7/μ≥1.0/TP≥50,63.95,0.0,0.7,1.0,50.0,86,86,55,31,63.95,-9.2,-23.72,5.31,-7.915,0.385,26
"[-299,-200]",HR≥60/EDG≥0.0/CV≤0.7/μ≥1.0/TP≥55,63.95,0.0,0.7,1.0,55.0,86,86,55,31,63.95,-9.2,-23.72,5.31,-7.915,0.385,26
"[-299,-200]",HR≥60/EDG≥0.0/CV≤0.7/μ≥1.0/TP≥60,63.95,0.0,0.7,1.0,60.0,86,86,55,31,63.95,-9.2,-23.72,5.31,-7.915,0.385,26
"[-299,-200]",HR≥60/EDG≥0.0/CV≤0.7/μ≥1.0/TP≥65,65.06,0.0,0.7,1.0,65.0,83,83,54,29,65.06,-7.71,-22.37,6.96,-6.396,0.423,26
"[-299,-200]",HR≥60/EDG≥0.0/CV≤0.6/μ≥-/TP≥-,61.45,0.0,0.6,,,84,83,51,32,61.45,-12.68,-27.67,2.32,-10.521,0.385,26
"[-299,-200]",HR≥60/EDG≥0.0/CV≤0.6/μ≥-/TP≥50,61.45,0.0,0.6,,50.0,84,83,51,32,61.45,-12.68,-27.67,2.32,-10.521,0.385,26
"[-299,-200]",HR≥60/EDG≥0.0/CV≤0.6/μ≥-/TP≥55,61.45,0.0,0.6,,55.0,84,83,51,32,61.45,-12.68,-27.67,2.32,-10.521,0.385,26
"[-299,-200]",HR≥60/EDG≥0.0/CV≤0.6/μ≥-/TP≥60,61.45,0.0,0.6,,60.0,84,83,51,32,61.45,-12.68,-27.67,2.32,-10.521,0.385,26
"[-299,-200]",HR≥60/EDG≥0.0/CV≤0.6/μ≥-/TP≥65,62.5,0.0,0.6,,65.0,81,80,50,30,62.5,-11.25,-26.43,3.93,-9.002,0.423,26
"[-299,-200]",HR≥60/EDG≥0.0/CV≤0.6/μ≥0.0/TP≥-,61.45,0.0,0.6,0.0,,84,83,51,32,61.45,-12.68,-27.67,2.32,-10.521,0.385,26
"[-299,-200]",HR≥60/EDG≥0.0/CV≤0.6/μ≥0.0/TP≥50,61.45,0.0,0.6,0.0,50.0,84,83,51,32,61.45,-12.68,-27.67,2.32,-10.521,0.385,26
"[-299,-200]",HR≥60/EDG≥0.0/CV≤0.6/μ≥0.0/TP≥55,61.45,0.0,0.6,0.0,55.0,84,83,51,32,61.45,-12.68,-27.67,2.32,-10.521,0.385,26
"[-299,-200]",HR≥60/EDG≥0.0/CV≤0.6/μ≥0.0/TP≥60,61.45,0.0,0.6,0.0,60.0,84,83,51,32,61.45,-12.68,-27.67,2.32,-10.521,0.385,26
"[-299,-200]",HR≥60/EDG≥0.0/CV≤0.6/μ≥0.0/TP≥65,62.5,0.0,0.6,0.0,65.0,81,80,50,30,62.5,-11.25,-26.43,3.93,-9.002,0.423,26
"[-299,-200]",HR≥60/EDG≥0.0/CV≤0.6/μ≥0.5/TP≥-,61.45,0.0,0.6,0.5,,84,83,51,32,61.45,-12.68,-27.67,2.32,-10.521,0.385,26
"[-299,-200]",HR≥60/EDG≥0.0/CV≤0.6/μ≥0.5/TP≥50,61.45,0.0,0.6,0.5,50.0,84,83,51,32,61.45,-12.68,-27.67,2.32,-10.521,0.385,26
"[-299,-200]",HR≥60/EDG≥0.0/CV≤0.6/μ≥0.5/TP≥55,61.45,0.0,0.6,0.5,55.0,84,83,51,32,61.45,-12.68,-27.67,2.32,-10.521,0.385,26
"[-299,-200]",HR≥60/EDG≥0.0/CV≤0.6/μ≥0.5/TP≥60,61.45,0.0,0.6,0.5,60.0,84,83,51,32,61.45,-12.68,-27.67,2.32,-10.521,0.385,26
"[-299,-200]",HR≥60/EDG≥0.0/CV≤0.6/μ≥0.5/TP≥65,62.5,0.0,0.6,0.5,65.0,81,80,50,30,62.5,-11.25,-26.43,3.93,-9.002,0.423,26
"[-299,-200]",HR≥60/EDG≥0.0/CV≤0.6/μ≥1.0/TP≥-,62.96,0.0,0.6,1.0,,81,81,51,30,62.96,-10.52,-25.58,4.54,-8.521,0.423,26
"[-299,-200]",HR≥60/EDG≥0.0/CV≤0.6/μ≥1.0/TP≥50,62.96,0.0,0.6,1.0,50.0,81,81,51,30,62.96,-10.52,-25.58,4.54,-8.521,0.423,26
"[-299,-200]",HR≥60/EDG≥0.0/CV≤0.6/μ≥1.0/TP≥55,62.96,0.0,0.6,1.0,55.0,81,81,51,30,62.96,-10.52,-25.58,4.54,-8.521,0.423,26
"[-299,-200]",HR≥60/EDG≥0.0/CV≤0.6/μ≥1.0/TP≥60,62.96,0.0,0.6,1.0,60.0,81,81,51,30,62.96,-10.52,-25.58,4.54,-8.521,0.423,26
"[-299,-200]",HR≥60/EDG≥0.0/CV≤0.6/μ≥1.0/TP≥65,64.1,0.0,0.6,1.0,65.0,78,78,50,28,64.1,-8.98,-24.21,6.26,-7.002,0.462,26
"[-299,-200]",HR≥60/EDG≥0.0/CV≤0.5/μ≥-/TP≥-,63.38,0.0,0.5,,,72,71,45,26,63.38,-9.85,-25.93,6.23,-6.994,0.48,25
"[-299,-200]",HR≥60/EDG≥0.0/CV≤0.5/μ≥-/TP≥50,63.38,0.0,0.5,,50.0,72,71,45,26,63.38,-9.85,-25.93,6.23,-6.994,0.48,25
"[-299,-200]",HR≥60/EDG≥0.0/CV≤0.5/μ≥-/TP≥55,63.38,0.0,0.5,,55.0,72,71,45,26,63.38,-9.85,-25.93,6.23,-6.994,0.48,25
"[-299,-200]",HR≥60/EDG≥0.0/CV≤0.5/μ≥-/TP≥60,63.38,0.0,0.5,,60.0,72,71,45,26,63.38,-9.85,-25.93,6.23,-6.994,0.48,25
"[-299,-200]",HR≥60/EDG≥0.0/CV≤0.5/μ≥-/TP≥65,63.77,0.0,0.5,,65.0,70,69,44,25,63.77,-9.38,-25.65,6.88,-6.475,0.52,25
"[-299,-200]",HR≥60/EDG≥0.0/CV≤0.5/μ≥0.0/TP≥-,63.38,0.0,0.5,0.0,,72,71,45,26,63.38,-9.85,-25.93,6.23,-6.994,0.48,25
"[-299,-200]",HR≥60/EDG≥0.0/CV≤0.5/μ≥0.0/TP≥50,63.38,0.0,0.5,0.0,50.0,72,71,45,26,63.38,-9.85,-25.93,6.23,-6.994,0.48,25
"[-299,-200]",HR≥60/EDG≥0.0/CV≤0.5/μ≥0.0/TP≥55,63.38,0.0,0.5,0.0,55.0,72,71,45,26,63.38,-9.85,-25.93,6.23,-6.994,0.48,25
"[-299,-200]",HR≥60/EDG≥0.0/CV≤0.5/μ≥0.0/TP≥60,63.38,0.0,0.5,0.0,60.0,72,71,45,26,63.38,-9.85,-25.93,6.23,-6.994,0.48,25
"[-299,-200]",HR≥60/EDG≥0.0/CV≤0.5/μ≥0.0/TP≥65,63.77,0.0,0.5,0.0,65.0,70,69,44,25,63.77,-9.38,-25.65,6.88,-6.475,0.52,25
"[-299,-200]",HR≥60/EDG≥0.0/CV≤0.5/μ≥0.5/TP≥-,63.38,0.0,0.5,0.5,,72,71,45,26,63.38,-9.85,-25.93,6.23,-6.994,0.48,25
"[-299,-200]",HR≥60/EDG≥0.0/CV≤0.5/μ≥0.5/TP≥50,63.38,0.0,0.5,0.5,50.0,72,71,45,26,63.38,-9.85,-25.93,6.23,-6.994,0.48,25
"[-299,-200]",HR≥60/EDG≥0.0/CV≤0.5/μ≥0.5/TP≥55,63.38,0.0,0.5,0.5,55.0,72,71,45,26,63.38,-9.85,-25.93,6.23,-6.994,0.48,25
"[-299,-200]",HR≥60/EDG≥0.0/CV≤0.5/μ≥0.5/TP≥60,63.38,0.0,0.5,0.5,60.0,72,71,45,26,63.38,-9.85,-25.93,6.23,-6.994,0.48,25
"[-299,-200]",HR≥60/EDG≥0.0/CV≤0.5/μ≥0.5/TP≥65,63.77,0.0,0.5,0.5,65.0,70,69,44,25,63.77,-9.38,-25.65,6.88,-6.475,0.52,25
"[-299,-200]",HR≥60/EDG≥0.0/CV≤0.5/μ≥1.0/TP≥-,65.22,0.0,0.5,1.0,,69,69,45,24,65.22,-7.24,-23.37,8.89,-4.994,0.52,25
"[-299,-200]",HR≥60/EDG≥0.0/CV≤0.5/μ≥1.0/TP≥50,65.22,0.0,0.5,1.0,50.0,69,69,45,24,65.22,-7.24,-23.37,8.89,-4.994,0.52,25
"[-299,-200]",HR≥60/EDG≥0.0/CV≤0.5/μ≥1.0/TP≥55,65.22,0.0,0.5,1.0,55.0,69,69,45,24,65.22,-7.24,-23.37,8.89,-4.994,0.52,25
"[-299,-200]",HR≥60/EDG≥0.0/CV≤0.5/μ≥1.0/TP≥60,65.22,0.0,0.5,1.0,60.0,69,69,45,24,65.22,-7.24,-23.37,8.89,-4.994,0.52,25
"[-299,-200]",HR≥60/EDG≥0.0/CV≤0.5/μ≥1.0/TP≥65,65.67,0.0,0.5,1.0,65.0,67,67,44,23,65.67,-6.68,-22.99,9.63,-4.475,0.56,25
"[-299,-200]",HR≥60/EDG≥0.0/CV≤0.45/μ≥-/TP≥-,63.64,0.0,0.45,,,56,55,35,20,63.64,-9.64,-27.89,8.61,-5.302,0.391,23
"[-299,-200]",HR≥60/EDG≥0.0/CV≤0.45/μ≥-/TP≥50,63.64,0.0,0.45,,50.0,56,55,35,20,63.64,-9.64,-27.89,8.61,-5.302,0.391,23
"[-299,-200]",HR≥60/EDG≥0.0/CV≤0.45/μ≥-/TP≥55,63.64,0.0,0.45,,55.0,56,55,35,20,63.64,-9.64,-27.89,8.61,-5.302,0.391,23
"[-299,-200]",HR≥60/EDG≥0.0/CV≤0.45/μ≥-/TP≥60,63.64,0.0,0.45,,60.0,56,55,35,20,63.64,-9.64,-27.89,8.61,-5.302,0.391,23
"[-299,-200]",HR≥60/EDG≥0.0/CV≤0.45/μ≥-/TP≥65,64.81,0.0,0.45,,65.0,55,54,35,19,64.81,-7.97,-26.25,10.32,-4.302,0.435,23
"[-299,-200]",HR≥60/EDG≥0.0/CV≤0.45/μ≥0.0/TP≥-,63.64,0.0,0.45,0.0,,56,55,35,20,63.64,-9.64,-27.89,8.61,-5.302,0.391,23
"[-299,-200]",HR≥60/EDG≥0.0/CV≤0.45/μ≥0.0/TP≥50,63.64,0.0,0.45,0.0,50.0,56,55,35,20,63.64,-9.64,-27.89,8.61,-5.302,0.391,23
"[-299,-200]",HR≥60/EDG≥0.0/CV≤0.45/μ≥0.0/TP≥55,63.64,0.0,0.45,0.0,55.0,56,55,35,20,63.64,-9.64,-27.89,8.61,-5.302,0.391,23
"[-299,-200]",HR≥60/EDG≥0.0/CV≤0.45/μ≥0.0/TP≥60,63.64,0.0,0.45,0.0,60.0,56,55,35,20,63.64,-9.64,-27.89,8.61,-5.302,0.391,23
"[-299,-200]",HR≥60/EDG≥0.0/CV≤0.45/μ≥0.0/TP≥65,64.81,0.0,0.45,0.0,65.0,55,54,35,19,64.81,-7.97,-26.25,10.32,-4.302,0.435,23
"[-299,-200]",HR≥60/EDG≥0.0/CV≤0.45/μ≥0.5/TP≥-,63.64,0.0,0.45,0.5,,56,55,35,20,63.64,-9.64,-27.89,8.61,-5.302,0.391,23
"[-299,-200]",HR≥60/EDG≥0.0/CV≤0.45/μ≥0.5/TP≥50,63.64,0.0,0.45,0.5,50.0,56,55,35,20,63.64,-9.64,-27.89,8.61,-5.302,0.391,23
"[-299,-200]",HR≥60/EDG≥0.0/CV≤0.45/μ≥0.5/TP≥55,63.64,0.0,0.45,0.5,55.0,56,55,35,20,63.64,-9.64,-27.89,8.61,-5.302,0.391,23
"[-299,-200]",HR≥60/EDG≥0.0/CV≤0.45/μ≥0.5/TP≥60,63.64,0.0,0.45,0.5,60.0,56,55,35,20,63.64,-9.64,-27.89,8.61,-5.302,0.391,23
"[-299,-200]",HR≥60/EDG≥0.0/CV≤0.45/μ≥0.5/TP≥65,64.81,0.0,0.45,0.5,65.0,55,54,35,19,64.81,-7.97,-26.25,10.32,-4.302,0.435,23
"[-299,-200]",HR≥60/EDG≥0.0/CV≤0.45/μ≥1.0/TP≥-,64.81,0.0,0.45,1.0,,54,54,35,19,64.81,-7.97,-26.25,10.32,-4.302,0.391,23
"[-299,-200]",HR≥60/EDG≥0.0/CV≤0.45/μ≥1.0/TP≥50,64.81,0.0,0.45,1.0,50.0,54,54,35,19,64.81,-7.97,-26.25,10.32,-4.302,0.391,23
"[-299,-200]",HR≥60/EDG≥0.0/CV≤0.45/μ≥1.0/TP≥55,64.81,0.0,0.45,1.0,55.0,54,54,35,19,64.81,-7.97,-26.25,10.32,-4.302,0.391,23
"[-299,-200]",HR≥60/EDG≥0.0/CV≤0.45/μ≥1.0/TP≥60,64.81,0.0,0.45,1.0,60.0,54,54,35,19,64.81,-7.97,-26.25,10.32,-4.302,0.391,23
"[-299,-200]",HR≥60/EDG≥0.0/CV≤0.45/μ≥1.0/TP≥65,66.04,0.0,0.45,1.0,65.0,53,53,35,18,66.04,-6.23,-24.54,12.08,-3.302,0.435,23
"[-299,-200]",HR≥60/EDG≥0.0/CV≤0.4/μ≥-/TP≥-,68.42,0.0,0.4,,,39,38,26,12,68.42,-2.86,-24.16,18.43,-1.089,0.526,19
"[-299,-200]",HR≥60/EDG≥0.0/CV≤0.4/μ≥-/TP≥50,68.42,0.0,0.4,,50.0,39,38,26,12,68.42,-2.86,-24.16,18.43,-1.089,0.526,19
"[-299,-200]",HR≥60/EDG≥0.0/CV≤0.4/μ≥-/TP≥55,68.42,0.0,0.4,,55.0,39,38,26,12,68.42,-2.86,-24.16,18.43,-1.089,0.526,19
"[-299,-200]",HR≥60/EDG≥0.0/CV≤0.4/μ≥-/TP≥60,68.42,0.0,0.4,,60.0,39,38,26,12,68.42,-2.86,-24.16,18.43,-1.089,0.526,19
"[-299,-200]",HR≥60/EDG≥0.0/CV≤0.4/μ≥-/TP≥65,70.27,0.0,0.4,,65.0,38,37,26,11,70.27,-0.24,-21.47,20.99,-0.089,0.579,19
"[-299,-200]",HR≥60/EDG≥0.0/CV≤0.4/μ≥0.0/TP≥-,68.42,0.0,0.4,0.0,,39,38,26,12,68.42,-2.86,-24.16,18.43,-1.089,0.526,19
"[-299,-200]",HR≥60/EDG≥0.0/CV≤0.4/μ≥0.0/TP≥50,68.42,0.0,0.4,0.0,50.0,39,38,26,12,68.42,-2.86,-24.16,18.43,-1.089,0.526,19
"[-299,-200]",HR≥60/EDG≥0.0/CV≤0.4/μ≥0.0/TP≥55,68.42,0.0,0.4,0.0,55.0,39,38,26,12,68.42,-2.86,-24.16,18.43,-1.089,0.526,19
"[-299,-200]",HR≥60/EDG≥0.0/CV≤0.4/μ≥0.0/TP≥60,68.42,0.0,0.4,0.0,60.0,39,38,26,12,68.42,-2.86,-24.16,18.43,-1.089,0.526,19
"[-299,-200]",HR≥60/EDG≥0.0/CV≤0.4/μ≥0.0/TP≥65,70.27,0.0,0.4,0.0,65.0,38,37,26,11,70.27,-0.24,-21.47,20.99,-0.089,0.579,19
"[-299,-200]",HR≥60/EDG≥0.0/CV≤0.4/μ≥0.5/TP≥-,68.42,0.0,0.4,0.5,,39,38,26,12,68.42,-2.86,-24.16,18.43,-1.089,0.526,19
"[-299,-200]",HR≥60/EDG≥0.0/CV≤0.4/μ≥0.5/TP≥50,68.42,0.0,0.4,0.5,50.0,39,38,26,12,68.42,-2.86,-24.16,18.43,-1.089,0.526,19
"[-299,-200]",HR≥60/EDG≥0.0/CV≤0.4/μ≥0.5/TP≥55,68.42,0.0,0.4,0.5,55.0,39,38,26,12,68.42,-2.86,-24.16,18.43,-1.089,0.526,19
"[-299,-200]",HR≥60/EDG≥0.0/CV≤0.4/μ≥0.5/TP≥60,68.42,0.0,0.4,0.5,60.0,39,38,26,12,68.42,-2.86,-24.16,18.43,-1.089,0.526,19
"[-299,-200]",HR≥60/EDG≥0.0/CV≤0.4/μ≥0.5/TP≥65,70.27,0.0,0.4,0.5,65.0,38,37,26,11,70.27,-0.24,-21.47,20.99,-0.089,0.579,19
"[-299,-200]",HR≥60/EDG≥0.0/CV≤0.4/μ≥1.0/TP≥-,70.27,0.0,0.4,1.0,,37,37,26,11,70.27,-0.24,-21.47,20.99,-0.089,0.526,19
"[-299,-200]",HR≥60/EDG≥0.0/CV≤0.4/μ≥1.0/TP≥50,70.27,0.0,0.4,1.0,50.0,37,37,26,11,70.27,-0.24,-21.47,20.99,-0.089,0.526,19
"[-299,-200]",HR≥60/EDG≥0.0/CV≤0.4/μ≥1.0/TP≥55,70.27,0.0,0.4,1.0,55.0,37,37,26,11,70.27,-0.24,-21.47,20.99,-0.089,0.526,19
"[-299,-200]",HR≥60/EDG≥0.0/CV≤0.4/μ≥1.0/TP≥60,70.27,0.0,0.4,1.0,60.0,37,37,26,11,70.27,-0.24,-21.47,20.99,-0.089,0.526,19
"[-299,-200]",HR≥60/EDG≥0.0/CV≤0.4/μ≥1.0/TP≥65,72.22,0.0,0.4,1.0,65.0,36,36,26,10,72.22,2.53,-18.57,23.64,0.911,0.579,19
"[-299,-200]",HR≥60/EDG≥5.0/CV≤-/μ≥-/TP≥-,64.47,5.0,,,,76,76,49,27,64.47,-8.04,-23.51,7.43,-6.109,0.5,24
"[-299,-200]",HR≥60/EDG≥5.0/CV≤-/μ≥-/TP≥50,64.47,5.0,,,50.0,76,76,49,27,64.47,-8.04,-23.51,7.43,-6.109,0.5,24
"[-299,-200]",HR≥60/EDG≥5.0/CV≤-/μ≥-/TP≥55,64.47,5.0,,,55.0,76,76,49,27,64.47,-8.04,-23.51,7.43,-6.109,0.5,24
"[-299,-200]",HR≥60/EDG≥5.0/CV≤-/μ≥-/TP≥60,64.47,5.0,,,60.0,76,76,49,27,64.47,-8.04,-23.51,7.43,-6.109,0.5,24
"[-299,-200]",HR≥60/EDG≥5.0/CV≤-/μ≥-/TP≥65,65.75,5.0,,,65.0,73,73,48,25,65.75,-6.29,-21.93,9.36,-4.59,0.542,24
"[-299,-200]",HR≥60/EDG≥5.0/CV≤-/μ≥0.0/TP≥-,64.47,5.0,,0.0,,76,76,49,27,64.47,-8.04,-23.51,7.43,-6.109,0.5,24
"[-299,-200]",HR≥60/EDG≥5.0/CV≤-/μ≥0.0/TP≥50,64.47,5.0,,0.0,50.0,76,76,49,27,64.47,-8.04,-23.51,7.43,-6.109,0.5,24
"[-299,-200]",HR≥60/EDG≥5.0/CV≤-/μ≥0.0/TP≥55,64.47,5.0,,0.0,55.0,76,76,49,27,64.47,-8.04,-23.51,7.43,-6.109,0.5,24
"[-299,-200]",HR≥60/EDG≥5.0/CV≤-/μ≥0.0/TP≥60,64.47,5.0,,0.0,60.0,76,76,49,27,64.47,-8.04,-23.51,7.43,-6.109,0.5,24
"[-299,-200]",HR≥60/EDG≥5.0/CV≤-/μ≥0.0/TP≥65,65.75,5.0,,0.0,65.0,73,73,48,25,65.75,-6.29,-21.93,9.36,-4.59,0.542,24
"[-299,-200]",HR≥60/EDG≥5.0/CV≤-/μ≥0.5/TP≥-,64.47,5.0,,0.5,,76,76,49,27,64.47,-8.04,-23.51,7.43,-6.109,0.5,24
"[-299,-200]",HR≥60/EDG≥5.0/CV≤-/μ≥0.5/TP≥50,64.47,5.0,,0.5,50.0,76,76,49,27,64.47,-8.04,-23.51,7.43,-6.109,0.5,24
"[-299,-200]",HR≥60/EDG≥5.0/CV≤-/μ≥0.5/TP≥55,64.47,5.0,,0.5,55.0,76,76,49,27,64.47,-8.04,-23.51,7.43,-6.109,0.5,24
"[-299,-200]",HR≥60/EDG≥5.0/CV≤-/μ≥0.5/TP≥60,64.47,5.0,,0.5,60.0,76,76,49,27,64.47,-8.04,-23.51,7.43,-6.109,0.5,24
"[-299,-200]",HR≥60/EDG≥5.0/CV≤-/μ≥0.5/TP≥65,65.75,5.0,,0.5,65.0,73,73,48,25,65.75,-6.29,-21.93,9.36,-4.59,0.542,24
"[-299,-200]",HR≥60/EDG≥5.0/CV≤-/μ≥1.0/TP≥-,65.33,5.0,,1.0,,75,75,49,26,65.33,-6.81,-22.3,8.68,-5.109,0.5,24
"[-299,-200]",HR≥60/EDG≥5.0/CV≤-/μ≥1.0/TP≥50,65.33,5.0,,1.0,50.0,75,75,49,26,65.33,-6.81,-22.3,8.68,-5.109,0.5,24
"[-299,-200]",HR≥60/EDG≥5.0/CV≤-/μ≥1.0/TP≥55,65.33,5.0,,1.0,55.0,75,75,49,26,65.33,-6.81,-22.3,8.68,-5.109,0.5,24
"[-299,-200]",HR≥60/EDG≥5.0/CV≤-/μ≥1.0/TP≥60,65.33,5.0,,1.0,60.0,75,75,49,26,65.33,-6.81,-22.3,8.68,-5.109,0.5,24
"[-299,-200]",HR≥60/EDG≥5.0/CV≤-/μ≥1.0/TP≥65,66.67,5.0,,1.0,65.0,72,72,48,24,66.67,-4.99,-20.64,10.67,-3.59,0.542,24
"[-299,-200]",HR≥60/EDG≥5.0/CV≤0.7/μ≥-/TP≥-,63.51,5.0,0.7,,,74,74,47,27,63.51,-9.34,-25.13,6.44,-6.913,0.5,24
"[-299,-200]",HR≥60/EDG≥5.0/CV≤0.7/μ≥-/TP≥50,63.51,5.0,0.7,,50.0,74,74,47,27,63.51,-9.34,-25.13,6.44,-6.913,0.5,24
"[-299,-200]",HR≥60/EDG≥5.0/CV≤0.7/μ≥-/TP≥55,63.51,5.0,0.7,,55.0,74,74,47,27,63.51,-9.34,-25.13,6.44,-6.913,0.5,24
"[-299,-200]",HR≥60/EDG≥5.0/CV≤0.7/μ≥-/TP≥60,63.51,5.0,0.7,,60.0,74,74,47,27,63.51,-9.34,-25.13,6.44,-6.913,0.5,24
"[-299,-200]",HR≥60/EDG≥5.0/CV≤0.7/μ≥-/TP≥65,64.79,5.0,0.7,,65.0,71,71,46,25,64.79,-7.6,-23.58,8.38,-5.394,0.542,24
"[-299,-200]",HR≥60/EDG≥5.0/CV≤0.7/μ≥0.0/TP≥-,63.51,5.0,0.7,0.0,,74,74,47,27,63.51,-9.34,-25.13,6.44,-6.913,0.5,24
"[-299,-200]",HR≥60/EDG≥5.0/CV≤0.7/μ≥0.0/TP≥50,63.51,5.0,0.7,0.0,50.0,74,74,47,27,63.51,-9.34,-25.13,6.44,-6.913,0.5,24
"[-299,-200]",HR≥60/EDG≥5.0/CV≤0.7/μ≥0.0/TP≥55,63.51,5.0,0.7,0.0,55.0,74,74,47,27,63.51,-9.34,-25.13,6.44,-6.913,0.5,24
"[-299,-200]",HR≥60/EDG≥5.0/CV≤0.7/μ≥0.0/TP≥60,63.51,5.0,0.7,0.0,60.0,74,74,47,27,63.51,-9.34,-25.13,6.44,-6.913,0.5,24
"[-299,-200]",HR≥60/EDG≥5.0/CV≤0.7/μ≥0.0/TP≥65,64.79,5.0,0.7,0.0,65.0,71,71,46,25,64.79,-7.6,-23.58,8.38,-5.394,0.542,24
"[-299,-200]",HR≥60/EDG≥5.0/CV≤0.7/μ≥0.5/TP≥-,63.51,5.0,0.7,0.5,,74,74,47,27,63.51,-9.34,-25.13,6.44,-6.913,0.5,24
"[-299,-200]",HR≥60/EDG≥5.0/CV≤0.7/μ≥0.5/TP≥50,63.51,5.0,0.7,0.5,50.0,74,74,47,27,63.51,-9.34,-25.13,6.44,-6.913,0.5,24
"[-299,-200]",HR≥60/EDG≥5.0/CV≤0.7/μ≥0.5/TP≥55,63.51,5.0,0.7,0.5,55.0,74,74,47,27,63.51,-9.34,-25.13,6.44,-6.913,0.5,24
"[-299,-200]",HR≥60/EDG≥5.0/CV≤0.7/μ≥0.5/TP≥60,63.51,5.0,0.7,0.5,60.0,74,74,47,27,63.51,-9.34,-25.13,6.44,-6.913,0.5,24
"[-299,-200]",HR≥60/EDG≥5.0/CV≤0.7/μ≥0.5/TP≥65,64.79,5.0,0.7,0.5,65.0,71,71,46,25,64.79,-7.6,-23.58,8.38,-5.394,0.542,24
"[-299,-200]",HR≥60/EDG≥5.0/CV≤0.7/μ≥1.0/TP≥-,64.38,5.0,0.7,1.0,,73,73,47,26,64.38,-8.1,-23.91,7.71,-5.913,0.5,24
"[-299,-200]",HR≥60/EDG≥5.0/CV≤0.7/μ≥1.0/TP≥50,64.38,5.0,0.7,1.0,50.0,73,73,47,26,64.38,-8.1,-23.91,7.71,-5.913,0.5,24
"[-299,-200]",HR≥60/EDG≥5.0/CV≤0.7/μ≥1.0/TP≥55,64.38,5.0,0.7,1.0,55.0,73,73,47,26,64.38,-8.1,-23.91,7.71,-5.913,0.5,24
"[-299,-200]",HR≥60/EDG≥5.0/CV≤0.7/μ≥1.0/TP≥60,64.38,5.0,0.7,1.0,60.0,73,73,47,26,64.38,-8.1,-23.91,7.71,-5.913,0.5,24
"[-299,-200]",HR≥60/EDG≥5.0/CV≤0.7/μ≥1.0/TP≥65,65.71,5.0,0.7,1.0,65.0,70,70,46,24,65.71,-6.28,-22.27,9.72,-4.394,0.542,24
"[-299,-200]",HR≥60/EDG≥5.0/CV≤0.6/μ≥-/TP≥-,62.86,5.0,0.6,,,70,70,44,26,62.86,-10.26,-26.56,6.04,-7.18,0.542,24
"[-299,-200]",HR≥60/EDG≥5.0/CV≤0.6/μ≥-/TP≥50,62.86,5.0,0.6,,50.0,70,70,44,26,62.86,-10.26,-26.56,6.04,-7.18,0.542,24
"[-299,-200]",HR≥60/EDG≥5.0/CV≤0.6/μ≥-/TP≥55,62.86,5.0,0.6,,55.0,70,70,44,26,62.86,-10.26,-26.56,6.04,-7.18,0.542,24
"[-299,-200]",HR≥60/EDG≥5.0/CV≤0.6/μ≥-/TP≥60,62.86,5.0,0.6,,60.0,70,70,44,26,62.86,-10.26,-26.56,6.04,-7.18,0.542,24
"[-299,-200]",HR≥60/EDG≥5.0/CV≤0.6/μ≥-/TP≥65,64.18,5.0,0.6,,65.0,67,67,43,24,64.18,-8.45,-24.97,8.08,-5.661,0.583,24
"[-299,-200]",HR≥60/EDG≥5.0/CV≤0.6/μ≥0.0/TP≥-,62.86,5.0,0.6,0.0,,70,70,44,26,62.86,-10.26,-26.56,6.04,-7.18,0.542,24
"[-299,-200]",HR≥60/EDG≥5.0/CV≤0.6/μ≥0.0/TP≥50,62.86,5.0,0.6,0.0,50.0,70,70,44,26,62.86,-10.26,-26.56,6.04,-7.18,0.542,24
"[-299,-200]",HR≥60/EDG≥5.0/CV≤0.6/μ≥0.0/TP≥55,62.86,5.0,0.6,0.0,55.0,70,70,44,26,62.86,-10.26,-26.56,6.04,-7.18,0.542,24
"[-299,-200]",HR≥60/EDG≥5.0/CV≤0.6/μ≥0.0/TP≥60,62.86,5.0,0.6,0.0,60.0,70,70,44,26,62.86,-10.26,-26.56,6.04,-7.18,0.542,24
"[-299,-200]",HR≥60/EDG≥5.0/CV≤0.6/μ≥0.0/TP≥65,64.18,5.0,0.6,0.0,65.0,67,67,43,24,64.18,-8.45,-24.97,8.08,-5.661,0.583,24
"[-299,-200]",HR≥60/EDG≥5.0/CV≤0.6/μ≥0.5/TP≥-,62.86,5.0,0.6,0.5,,70,70,44,26,62.86,-10.26,-26.56,6.04,-7.18,0.542,24
"[-299,-200]",HR≥60/EDG≥5.0/CV≤0.6/μ≥0.5/TP≥50,62.86,5.0,0.6,0.5,50.0,70,70,44,26,62.86,-10.26,-26.56,6.04,-7.18,0.542,24
"[-299,-200]",HR≥60/EDG≥5.0/CV≤0.6/μ≥0.5/TP≥55,62.86,5.0,0.6,0.5,55.0,70,70,44,26,62.86,-10.26,-26.56,6.04,-7.18,0.542,24
"[-299,-200]",HR≥60/EDG≥5.0/CV≤0.6/μ≥0.5/TP≥60,62.86,5.0,0.6,0.5,60.0,70,70,44,26,62.86,-10.26,-26.56,6.04,-7.18,0.542,24
"[-299,-200]",HR≥60/EDG≥5.0/CV≤0.6/μ≥0.5/TP≥65,64.18,5.0,0.6,0.5,65.0,67,67,43,24,64.18,-8.45,-24.97,8.08,-5.661,0.583,24
"[-299,-200]",HR≥60/EDG≥5.0/CV≤0.6/μ≥1.0/TP≥-,63.77,5.0,0.6,1.0,,69,69,44,25,63.77,-8.96,-25.29,7.38,-6.18,0.542,24
"[-299,-200]",HR≥60/EDG≥5.0/CV≤0.6/μ≥1.0/TP≥50,63.77,5.0,0.6,1.0,50.0,69,69,44,25,63.77,-8.96,-25.29,7.38,-6.18,0.542,24
"[-299,-200]",HR≥60/EDG≥5.0/CV≤0.6/μ≥1.0/TP≥55,63.77,5.0,0.6,1.0,55.0,69,69,44,25,63.77,-8.96,-25.29,7.38,-6.18,0.542,24
"[-299,-200]",HR≥60/EDG≥5.0/CV≤0.6/μ≥1.0/TP≥60,63.77,5.0,0.6,1.0,60.0,69,69,44,25,63.77,-8.96,-25.29,7.38,-6.18,0.542,24
"[-299,-200]",HR≥60/EDG≥5.0/CV≤0.6/μ≥1.0/TP≥65,65.15,5.0,0.6,1.0,65.0,66,66,43,23,65.15,-7.06,-23.61,9.49,-4.661,0.583,24
"[-299,-200]",HR≥60/EDG≥5.0/CV≤0.5/μ≥-/TP≥-,65.57,5.0,0.5,,,61,61,40,21,65.57,-6.34,-23.54,10.86,-3.868,0.609,23
"[-299,-200]",HR≥60/EDG≥5.0/CV≤0.5/μ≥-/TP≥50,65.57,5.0,0.5,,50.0,61,61,40,21,65.57,-6.34,-23.54,10.86,-3.868,0.609,23
"[-299,-200]",HR≥60/EDG≥5.0/CV≤0.5/μ≥-/TP≥55,65.57,5.0,0.5,,55.0,61,61,40,21,65.57,-6.34,-23.54,10.86,-3.868,0.609,23
"[-299,-200]",HR≥60/EDG≥5.0/CV≤0.5/μ≥-/TP≥60,65.57,5.0,0.5,,60.0,61,61,40,21,65.57,-6.34,-23.54,10.86,-3.868,0.609,23
"[-299,-200]",HR≥60/EDG≥5.0/CV≤0.5/μ≥-/TP≥65,66.1,5.0,0.5,,65.0,59,59,39,20,66.1,-5.68,-23.09,11.74,-3.348,0.652,23
"[-299,-200]",HR≥60/EDG≥5.0/CV≤0.5/μ≥0.0/TP≥-,65.57,5.0,0.5,0.0,,61,61,40,21,65.57,-6.34,-23.54,10.86,-3.868,0.609,23
"[-299,-200]",HR≥60/EDG≥5.0/CV≤0.5/μ≥0.0/TP≥50,65.57,5.0,0.5,0.0,50.0,61,61,40,21,65.57,-6.34,-23.54,10.86,-3.868,0.609,23
"[-299,-200]",HR≥60/EDG≥5.0/CV≤0.5/μ≥0.0/TP≥55,65.57,5.0,0.5,0.0,55.0,61,61,40,21,65.57,-6.34,-23.54,10.86,-3.868,0.609,23
"[-299,-200]",HR≥60/EDG≥5.0/CV≤0.5/μ≥0.0/TP≥60,65.57,5.0,0.5,0.0,60.0,61,61,40,21,65.57,-6.34,-23.54,10.86,-3.868,0.609,23
"[-299,-200]",HR≥60/EDG≥5.0/CV≤0.5/μ≥0.0/TP≥65,66.1,5.0,0.5,0.0,65.0,59,59,39,20,66.1,-5.68,-23.09,11.74,-3.348,0.652,23
"[-299,-200]",HR≥60/EDG≥5.0/CV≤0.5/μ≥0.5/TP≥-,65.57,5.0,0.5,0.5,,61,61,40,21,65.57,-6.34,-23.54,10.86,-3.868,0.609,23
"[-299,-200]",HR≥60/EDG≥5.0/CV≤0.5/μ≥0.5/TP≥50,65.57,5.0,0.5,0.5,50.0,61,61,40,21,65.57,-6.34,-23.54,10.86,-3.868,0.609,23
"[-299,-200]",HR≥60/EDG≥5.0/CV≤0.5/μ≥0.5/TP≥55,65.57,5.0,0.5,0.5,55.0,61,61,40,21,65.57,-6.34,-23.54,10.86,-3.868,0.609,23
"[-299,-200]",HR≥60/EDG≥5.0/CV≤0.5/μ≥0.5/TP≥60,65.57,5.0,0.5,0.5,60.0,61,61,40,21,65.57,-6.34,-23.54,10.86,-3.868,0.609,23
"[-299,-200]",HR≥60/EDG≥5.0/CV≤0.5/μ≥0.5/TP≥65,66.1,5.0,0.5,0.5,65.0,59,59,39,20,66.1,-5.68,-23.09,11.74,-3.348,0.652,23
"[-299,-200]",HR≥60/EDG≥5.0/CV≤0.5/μ≥1.0/TP≥-,66.67,5.0,0.5,1.0,,60,60,40,20,66.67,-4.78,-21.99,12.43,-2.868,0.609,23
"[-299,-200]",HR≥60/EDG≥5.0/CV≤0.5/μ≥1.0/TP≥50,66.67,5.0,0.5,1.0,50.0,60,60,40,20,66.67,-4.78,-21.99,12.43,-2.868,0.609,23
"[-299,-200]",HR≥60/EDG≥5.0/CV≤0.5/μ≥1.0/TP≥55,66.67,5.0,0.5,1.0,55.0,60,60,40,20,66.67,-4.78,-21.99,12.43,-2.868,0.609,23
"[-299,-200]",HR≥60/EDG≥5.0/CV≤0.5/μ≥1.0/TP≥60,66.67,5.0,0.5,1.0,60.0,60,60,40,20,66.67,-4.78,-21.99,12.43,-2.868,0.609,23
"[-299,-200]",HR≥60/EDG≥5.0/CV≤0.5/μ≥1.0/TP≥65,67.24,5.0,0.5,1.0,65.0,58,58,39,19,67.24,-4.05,-21.47,13.37,-2.348,0.652,23
"[-299,-200]",HR≥60/EDG≥5.0/CV≤0.45/μ≥-/TP≥-,65.96,5.0,0.45,,,47,47,31,16,65.96,-5.94,-25.5,13.62,-2.791,0.5,22
"[-299,-200]",HR≥60/EDG≥5.0/CV≤0.45/μ≥-/TP≥50,65.96,5.0,0.45,,50.0,47,47,31,16,65.96,-5.94,-25.5,13.62,-2.791,0.5,22
"[-299,-200]",HR≥60/EDG≥5.0/CV≤0.45/μ≥-/TP≥55,65.96,5.0,0.45,,55.0,47,47,31,16,65.96,-5.94,-25.5,13.62,-2.791,0.5,22
"[-299,-200]",HR≥60/EDG≥5.0/CV≤0.45/μ≥-/TP≥60,65.96,5.0,0.45,,60.0,47,47,31,16,65.96,-5.94,-25.5,13.62,-2.791,0.5,22
"[-299,-200]",HR≥60/EDG≥5.0/CV≤0.45/μ≥-/TP≥65,67.39,5.0,0.45,,65.0,46,46,31,15,67.39,-3.89,-23.46,15.67,-1.791,0.545,22
"[-299,-200]",HR≥60/EDG≥5.0/CV≤0.45/μ≥0.0/TP≥-,65.96,5.0,0.45,0.0,,47,47,31,16,65.96,-5.94,-25.5,13.62,-2.791,0.5,22
"[-299,-200]",HR≥60/EDG≥5.0/CV≤0.45/μ≥0.0/TP≥50,65.96,5.0,0.45,0.0,50.0,47,47,31,16,65.96,-5.94,-25.5,13.62,-2.791,0.5,22
"[-299,-200]",HR≥60/EDG≥5.0/CV≤0.45/μ≥0.0/TP≥55,65.96,5.0,0.45,0.0,55.0,47,47,31,16,65.96,-5.94,-25.5,13.62,-2.791,0.5,22
"[-299,-200]",HR≥60/EDG≥5.0/CV≤0.45/μ≥0.0/TP≥60,65.96,5.0,0.45,0.0,60.0,47,47,31,16,65.96,-5.94,-25.5,13.62,-2.791,0.5,22
"[-299,-200]",HR≥60/EDG≥5.0/CV≤0.45/μ≥0.0/TP≥65,67.39,5.0,0.45,0.0,65.0,46,46,31,15,67.39,-3.89,-23.46,15.67,-1.791,0.545,22
"[-299,-200]",HR≥60/EDG≥5.0/CV≤0.45/μ≥0.5/TP≥-,65.96,5.0,0.45,0.5,,47,47,31,16,65.96,-5.94,-25.5,13.62,-2.791,0.5,22
"[-299,-200]",HR≥60/EDG≥5.0/CV≤0.45/μ≥0.5/TP≥50,65.96,5.0,0.45,0.5,50.0,47,47,31,16,65.96,-5.94,-25.5,13.62,-2.791,0.5,22
"[-299,-200]",HR≥60/EDG≥5.0/CV≤0.45/μ≥0.5/TP≥55,65.96,5.0,0.45,0.5,55.0,47,47,31,16,65.96,-5.94,-25.5,13.62,-2.791,0.5,22
"[-299,-200]",HR≥60/EDG≥5.0/CV≤0.45/μ≥0.5/TP≥60,65.96,5.0,0.45,0.5,60.0,47,47,31,16,65.96,-5.94,-25.5,13.62,-2.791,0.5,22
"[-299,-200]",HR≥60/EDG≥5.0/CV≤0.45/μ≥0.5/TP≥65,67.39,5.0,0.45,0.5,65.0,46,46,31,15,67.39,-3.89,-23.46,15.67,-1.791,0.545,22
"[-299,-200]",HR≥60/EDG≥5.0/CV≤0.45/μ≥1.0/TP≥-,67.39,5.0,0.45,1.0,,46,46,31,15,67.39,-3.89,-23.46,15.67,-1.791,0.5,22
"[-299,-200]",HR≥60/EDG≥5.0/CV≤0.45/μ≥1.0/TP≥50,67.39,5.0,0.45,1.0,50.0,46,46,31,15,67.39,-3.89,-23.46,15.67,-1.791,0.5,22
"[-299,-200]",HR≥60/EDG≥5.0/CV≤0.45/μ≥1.0/TP≥55,67.39,5.0,0.45,1.0,55.0,46,46,31,15,67.39,-3.89,-23.46,15.67,-1.791,0.5,22
"[-299,-200]",HR≥60/EDG≥5.0/CV≤0.45/μ≥1.0/TP≥60,67.39,5.0,0.45,1.0,60.0,46,46,31,15,67.39,-3.89,-23.46,15.67,-1.791,0.5,22
"[-299,-200]",HR≥60/EDG≥5.0/CV≤0.45/μ≥1.0/TP≥65,68.89,5.0,0.45,1.0,65.0,45,45,31,14,68.89,-1.76,-21.3,17.78,-0.791,0.545,22
"[-299,-200]",HR≥60/EDG≥5.0/CV≤0.4/μ≥-/TP≥-,69.7,5.0,0.4,,,33,33,23,10,69.7,-0.49,-23.25,22.28,-0.161,0.556,18
"[-299,-200]",HR≥60/EDG≥5.0/CV≤0.4/μ≥-/TP≥50,69.7,5.0,0.4,,50.0,33,33,23,10,69.7,-0.49,-23.25,22.28,-0.161,0.556,18
"[-299,-200]",HR≥60/EDG≥5.0/CV≤0.4/μ≥-/TP≥55,69.7,5.0,0.4,,55.0,33,33,23,10,69.7,-0.49,-23.25,22.28,-0.161,0.556,18
"[-299,-200]",HR≥60/EDG≥5.0/CV≤0.4/μ≥-/TP≥60,69.7,5.0,0.4,,60.0,33,33,23,10,69.7,-0.49,-23.25,22.28,-0.161,0.556,18
"[-299,-200]",HR≥60/EDG≥5.0/CV≤0.4/μ≥-/TP≥65,71.88,5.0,0.4,,65.0,32,32,23,9,71.88,2.62,-20.01,25.26,0.839,0.611,18
"[-299,-200]",HR≥60/EDG≥5.0/CV≤0.4/μ≥0.0/TP≥-,69.7,5.0,0.4,0.0,,33,33,23,10,69.7,-0.49,-23.25,22.28,-0.161,0.556,18
"[-299,-200]",HR≥60/EDG≥5.0/CV≤0.4/μ≥0.0/TP≥50,69.7,5.0,0.4,0.0,50.0,33,33,23,10,69.7,-0.49,-23.25,22.28,-0.161,0.556,18
"[-299,-200]",HR≥60/EDG≥5.0/CV≤0.4/μ≥0.0/TP≥55,69.7,5.0,0.4,0.0,55.0,33,33,23,10,69.7,-0.49,-23.25,22.28,-0.161,0.556,18
"[-299,-200]",HR≥60/EDG≥5.0/CV≤0.4/μ≥0.0/TP≥60,69.7,5.0,0.4,0.0,60.0,33,33,23,10,69.7,-0.49,-23.25,22.28,-0.161,0.556,18
"[-299,-200]",HR≥60/EDG≥5.0/CV≤0.4/μ≥0.0/TP≥65,71.88,5.0,0.4,0.0,65.0,32,32,23,9,71.88,2.62,-20.01,25.26,0.839,0.611,18
"[-299,-200]",HR≥60/EDG≥5.0/CV≤0.4/μ≥0.5/TP≥-,69.7,5.0,0.4,0.5,,33,33,23,10,69.7,-0.49,-23.25,22.28,-0.161,0.556,18
"[-299,-200]",HR≥60/EDG≥5.0/CV≤0.4/μ≥0.5/TP≥50,69.7,5.0,0.4,0.5,50.0,33,33,23,10,69.7,-0.49,-23.25,22.28,-0.161,0.556,18
"[-299,-200]",HR≥60/EDG≥5.0/CV≤0.4/μ≥0.5/TP≥55,69.7,5.0,0.4,0.5,55.0,33,33,23,10,69.7,-0.49,-23.25,22.28,-0.161,0.556,18
"[-299,-200]",HR≥60/EDG≥5.0/CV≤0.4/μ≥0.5/TP≥60,69.7,5.0,0.4,0.5,60.0,33,33,23,10,69.7,-0.49,-23.25,22.28,-0.161,0.556,18
"[-299,-200]",HR≥60/EDG≥5.0/CV≤0.4/μ≥0.5/TP≥65,71.88,5.0,0.4,0.5,65.0,32,32,23,9,71.88,2.62,-20.01,25.26,0.839,0.611,18
"[-299,-200]",HR≥60/EDG≥5.0/CV≤0.4/μ≥1.0/TP≥-,71.88,5.0,0.4,1.0,,32,32,23,9,71.88,2.62,-20.01,25.26,0.839,0.556,18
"[-299,-200]",HR≥60/EDG≥5.0/CV≤0.4/μ≥1.0/TP≥50,71.88,5.0,0.4,1.0,50.0,32,32,23,9,71.88,2.62,-20.01,25.26,0.839,0.556,18
"[-299,-200]",HR≥60/EDG≥5.0/CV≤0.4/μ≥1.0/TP≥55,71.88,5.0,0.4,1.0,55.0,32,32,23,9,71.88,2.62,-20.01,25.26,0.839,0.556,18
"[-299,-200]",HR≥60/EDG≥5.0/CV≤0.4/μ≥1.0/TP≥60,71.88,5.0,0.4,1.0,60.0,32,32,23,9,71.88,2.62,-20.01,25.26,0.839,0.556,18
"[-299,-200]",HR≥60/EDG≥5.0/CV≤0.4/μ≥1.0/TP≥65,74.19,5.0,0.4,1.0,65.0,31,31,23,8,74.19,5.93,-16.46,28.33,1.839,0.611,18
"[-299,-200]",HR≥60/EDG≥10.0/CV≤-/μ≥-/TP≥-,66.04,10.0,,,,53,53,35,18,66.04,-5.37,-23.84,13.1,-2.847,0.619,21
"[-299,-200]",HR≥60/EDG≥10.0/CV≤-/μ≥-/TP≥50,66.04,10.0,,,50.0,53,53,35,18,66.04,-5.37,-23.84,13.1,-2.847,0.619,21
"[-299,-200]",HR≥60/EDG≥10.0/CV≤-/μ≥-/TP≥55,66.04,10.0,,,55.0,53,53,35,18,66.04,-5.37,-23.84,13.1,-2.847,0.619,21
"[-299,-200]",HR≥60/EDG≥10.0/CV≤-/μ≥-/TP≥60,66.04,10.0,,,60.0,53,53,35,18,66.04,-5.37,-23.84,13.1,-2.847,0.619,21
"[-299,-200]",HR≥60/EDG≥10.0/CV≤-/μ≥-/TP≥65,67.31,10.0,,,65.0,52,52,35,17,67.31,-3.55,-22.03,14.92,-1.847,0.619,21
"[-299,-200]",HR≥60/EDG≥10.0/CV≤-/μ≥0.0/TP≥-,66.04,10.0,,0.0,,53,53,35,18,66.04,-5.37,-23.84,13.1,-2.847,0.619,21
"[-299,-200]",HR≥60/EDG≥10.0/CV≤-/μ≥0.0/TP≥50,66.04,10.0,,0.0,50.0,53,53,35,18,66.04,-5.37,-23.84,13.1,-2.847,0.619,21
"[-299,-200]",HR≥60/EDG≥10.0/CV≤-/μ≥0.0/TP≥55,66.04,10.0,,0.0,55.0,53,53,35,18,66.04,-5.37,-23.84,13.1,-2.847,0.619,21
"[-299,-200]",HR≥60/EDG≥10.0/CV≤-/μ≥0.0/TP≥60,66.04,10.0,,0.0,60.0,53,53,35,18,66.04,-5.37,-23.84,13.1,-2.847,0.619,21
"[-299,-200]",HR≥60/EDG≥10.0/CV≤-/μ≥0.0/TP≥65,67.31,10.0,,0.0,65.0,52,52,35,17,67.31,-3.55,-22.03,14.92,-1.847,0.619,21
"[-299,-200]",HR≥60/EDG≥10.0/CV≤-/μ≥0.5/TP≥-,66.04,10.0,,0.5,,53,53,35,18,66.04,-5.37,-23.84,13.1,-2.847,0.619,21
"[-299,-200]",HR≥60/EDG≥10.0/CV≤-/μ≥0.5/TP≥50,66.04,10.0,,0.5,50.0,53,53,35,18,66.04,-5.37,-23.84,13.1,-2.847,0.619,21
"[-299,-200]",HR≥60/EDG≥10.0/CV≤-/μ≥0.5/TP≥55,66.04,10.0,,0.5,55.0,53,53,35,18,66.04,-5.37,-23.84,13.1,-2.847,0.619,21
"[-299,-200]",HR≥60/EDG≥10.0/CV≤-/μ≥0.5/TP≥60,66.04,10.0,,0.5,60.0,53,53,35,18,66.04,-5.37,-23.84,13.1,-2.847,0.619,21
"[-299,-200]",HR≥60/EDG≥10.0/CV≤-/μ≥0.5/TP≥65,67.31,10.0,,0.5,65.0,52,52,35,17,67.31,-3.55,-22.03,14.92,-1.847,0.619,21
"[-299,-200]",HR≥60/EDG≥10.0/CV≤-/μ≥1.0/TP≥-,66.04,10.0,,1.0,,53,53,35,18,66.04,-5.37,-23.84,13.1,-2.847,0.619,21
"[-299,-200]",HR≥60/EDG≥10.0/CV≤-/μ≥1.0/TP≥50,66.04,10.0,,1.0,50.0,53,53,35,18,66.04,-5.37,-23.84,13.1,-2.847,0.619,21
"[-299,-200]",HR≥60/EDG≥10.0/CV≤-/μ≥1.0/TP≥55,66.04,10.0,,1.0,55.0,53,53,35,18,66.04,-5.37,-23.84,13.1,-2.847,0.619,21
"[-299,-200]",HR≥60/EDG≥10.0/CV≤-/μ≥1.0/TP≥60,66.04,10.0,,1.0,60.0,53,53,35,18,66.04,-5.37,-23.84,13.1,-2.847,0.619,21
"[-299,-200]",HR≥60/EDG≥10.0/CV≤-/μ≥1.0/TP≥65,67.31,10.0,,1.0,65.0,52,52,35,17,67.31,-3.55,-22.03,14.92,-1.847,0.619,21
"[-299,-200]",HR≥60/EDG≥10.0/CV≤0.7/μ≥-/TP≥-,66.04,10.0,0.7,,,53,53,35,18,66.04,-5.37,-23.84,13.1,-2.847,0.619,21
"[-299,-200]",HR≥60/EDG≥10.0/CV≤0.7/μ≥-/TP≥50,66.04,10.0,0.7,,50.0,53,53,35,18,66.04,-5.37,-23.84,13.1,-2.847,0.619,21
"[-299,-200]",HR≥60/EDG≥10.0/CV≤0.7/μ≥-/TP≥55,66.04,10.0,0.7,,55.0,53,53,35,18,66.04,-5.37,-23.84,13.1,-2.847,0.619,21
"[-299,-200]",HR≥60/EDG≥10.0/CV≤0.7/μ≥-/TP≥60,66.04,10.0,0.7,,60.0,53,53,35,18,66.04,-5.37,-23.84,13.1,-2.847,0.619,21
"[-299,-200]",HR≥60/EDG≥10.0/CV≤0.7/μ≥-/TP≥65,67.31,10.0,0.7,,65.0,52,52,35,17,67.31,-3.55,-22.03,14.92,-1.847,0.619,21
"[-299,-200]",HR≥60/EDG≥10.0/CV≤0.7/μ≥0.0/TP≥-,66.04,10.0,0.7,0.0,,53,53,35,18,66.04,-5.37,-23.84,13.1,-2.847,0.619,21
"[-299,-200]",HR≥60/EDG≥10.0/CV≤0.7/μ≥0.0/TP≥50,66.04,10.0,0.7,0.0,50.0,53,53,35,18,66.04,-5.37,-23.84,13.1,-2.847,0.619,21
"[-299,-200]",HR≥60/EDG≥10.0/CV≤0.7/μ≥0.0/TP≥55,66.04,10.0,0.7,0.0,55.0,53,53,35,18,66.04,-5.37,-23.84,13.1,-2.847,0.619,21
"[-299,-200]",HR≥60/EDG≥10.0/CV≤0.7/μ≥0.0/TP≥60,66.04,10.0,0.7,0.0,60.0,53,53,35,18,66.04,-5.37,-23.84,13.1,-2.847,0.619,21
"[-299,-200]",HR≥60/EDG≥10.0/CV≤0.7/μ≥0.0/TP≥65,67.31,10.0,0.7,0.0,65.0,52,52,35,17,67.31,-3.55,-22.03,14.92,-1.847,0.619,21
"[-299,-200]",HR≥60/EDG≥10.0/CV≤0.7/μ≥0.5/TP≥-,66.04,10.0,0.7,0.5,,53,53,35,18,66.04,-5.37,-23.84,13.1,-2.847,0.619,21
"[-299,-200]",HR≥60/EDG≥10.0/CV≤0.7/μ≥0.5/TP≥50,66.04,10.0,0.7,0.5,50.0,53,53,35,18,66.04,-5.37,-23.84,13.1,-2.847,0.619,21
"[-299,-200]",HR≥60/EDG≥10.0/CV≤0.7/μ≥0.5/TP≥55,66.04,10.0,0.7,0.5,55.0,53,53,35,18,66.04,-5.37,-23.84,13.1,-2.847,0.619,21
"[-299,-200]",HR≥60/EDG≥10.0/CV≤0.7/μ≥0.5/TP≥60,66.04,10.0,0.7,0.5,60.0,53,53,35,18,66.04,-5.37,-23.84,13.1,-2.847,0.619,21
"[-299,-200]",HR≥60/EDG≥10.0/CV≤0.7/μ≥0.5/TP≥65,67.31,10.0,0.7,0.5,65.0,52,52,35,17,67.31,-3.55,-22.03,14.92,-1.847,0.619,21
"[-299,-200]",HR≥60/EDG≥10.0/CV≤0.7/μ≥1.0/TP≥-,66.04,10.0,0.7,1.0,,53,53,35,18,66.04,-5.37,-23.84,13.1,-2.847,0.619,21
"[-299,-200]",HR≥60/EDG≥10.0/CV≤0.7/μ≥1.0/TP≥50,66.04,10.0,0.7,1.0,50.0,53,53,35,18,66.04,-5.37,-23.84,13.1,-2.847,0.619,21
"[-299,-200]",HR≥60/EDG≥10.0/CV≤0.7/μ≥1.0/TP≥55,66.04,10.0,0.7,1.0,55.0,53,53,35,18,66.04,-5.37,-23.84,13.1,-2.847,0.619,21
"[-299,-200]",HR≥60/EDG≥10.0/CV≤0.7/μ≥1.0/TP≥60,66.04,10.0,0.7,1.0,60.0,53,53,35,18,66.04,-5.37,-23.84,13.1,-2.847,0.619,21
"[-299,-200]",HR≥60/EDG≥10.0/CV≤0.7/μ≥1.0/TP≥65,67.31,10.0,0.7,1.0,65.0,52,52,35,17,67.31,-3.55,-22.03,14.92,-1.847,0.619,21
"[-299,-200]",HR≥60/EDG≥10.0/CV≤0.6/μ≥-/TP≥-,66.0,10.0,0.6,,,50,50,33,17,66.0,-5.43,-24.46,13.6,-2.714,0.619,21
"[-299,-200]",HR≥60/EDG≥10.0/CV≤0.6/μ≥-/TP≥50,66.0,10.0,0.6,,50.0,50,50,33,17,66.0,-5.43,-24.46,13.6,-2.714,0.619,21
"[-299,-200]",HR≥60/EDG≥10.0/CV≤0.6/μ≥-/TP≥55,66.0,10.0,0.6,,55.0,50,50,33,17,66.0,-5.43,-24.46,13.6,-2.714,0.619,21
"[-299,-200]",HR≥60/EDG≥10.0/CV≤0.6/μ≥-/TP≥60,66.0,10.0,0.6,,60.0,50,50,33,17,66.0,-5.43,-24.46,13.6,-2.714,0.619,21
"[-299,-200]",HR≥60/EDG≥10.0/CV≤0.6/μ≥-/TP≥65,67.35,10.0,0.6,,65.0,49,49,33,16,67.35,-3.5,-22.54,15.54,-1.714,0.619,21
"[-299,-200]",HR≥60/EDG≥10.0/CV≤0.6/μ≥0.0/TP≥-,66.0,10.0,0.6,0.0,,50,50,33,17,66.0,-5.43,-24.46,13.6,-2.714,0.619,21
"[-299,-200]",HR≥60/EDG≥10.0/CV≤0.6/μ≥0.0/TP≥50,66.0,10.0,0.6,0.0,50.0,50,50,33,17,66.0,-5.43,-24.46,13.6,-2.714,0.619,21
"[-299,-200]",HR≥60/EDG≥10.0/CV≤0.6/μ≥0.0/TP≥55,66.0,10.0,0.6,0.0,55.0,50,50,33,17,66.0,-5.43,-24.46,13.6,-2.714,0.619,21
"[-299,-200]",HR≥60/EDG≥10.0/CV≤0.6/μ≥0.0/TP≥60,66.0,10.0,0.6,0.0,60.0,50,50,33,17,66.0,-5.43,-24.46,13.6,-2.714,0.619,21
"[-299,-200]",HR≥60/EDG≥10.0/CV≤0.6/μ≥0.0/TP≥65,67.35,10.0,0.6,0.0,65.0,49,49,33,16,67.35,-3.5,-22.54,15.54,-1.714,0.619,21
"[-299,-200]",HR≥60/EDG≥10.0/CV≤0.6/μ≥0.5/TP≥-,66.0,10.0,0.6,0.5,,50,50,33,17,66.0,-5.43,-24.46,13.6,-2.714,0.619,21
"[-299,-200]",HR≥60/EDG≥10.0/CV≤0.6/μ≥0.5/TP≥50,66.0,10.0,0.6,0.5,50.0,50,50,33,17,66.0,-5.43,-24.46,13.6,-2.714,0.619,21
"[-299,-200]",HR≥60/EDG≥10.0/CV≤0.6/μ≥0.5/TP≥55,66.0,10.0,0.6,0.5,55.0,50,50,33,17,66.0,-5.43,-24.46,13.6,-2.714,0.619,21
"[-299,-200]",HR≥60/EDG≥10.0/CV≤0.6/μ≥0.5/TP≥60,66.0,10.0,0.6,0.5,60.0,50,50,33,17,66.0,-5.43,-24.46,13.6,-2.714,0.619,21
"[-299,-200]",HR≥60/EDG≥10.0/CV≤0.6/μ≥0.5/TP≥65,67.35,10.0,0.6,0.5,65.0,49,49,33,16,67.35,-3.5,-22.54,15.54,-1.714,0.619,21
"[-299,-200]",HR≥60/EDG≥10.0/CV≤0.6/μ≥1.0/TP≥-,66.0,10.0,0.6,1.0,,50,50,33,17,66.0,-5.43,-24.46,13.6,-2.714,0.619,21
"[-299,-200]",HR≥60/EDG≥10.0/CV≤0.6/μ≥1.0/TP≥50,66.0,10.0,0.6,1.0,50.0,50,50,33,17,66.0,-5.43,-24.46,13.6,-2.714,0.619,21
"[-299,-200]",HR≥60/EDG≥10.0/CV≤0.6/μ≥1.0/TP≥55,66.0,10.0,0.6,1.0,55.0,50,50,33,17,66.0,-5.43,-24.46,13.6,-2.714,0.619,21
"[-299,-200]",HR≥60/EDG≥10.0/CV≤0.6/μ≥1.0/TP≥60,66.0,10.0,0.6,1.0,60.0,50,50,33,17,66.0,-5.43,-24.46,13.6,-2.714,0.619,21
"[-299,-200]",HR≥60/EDG≥10.0/CV≤0.6/μ≥1.0/TP≥65,67.35,10.0,0.6,1.0,65.0,49,49,33,16,67.35,-3.5,-22.54,15.54,-1.714,0.619,21
"[-299,-200]",HR≥60/EDG≥10.0/CV≤0.5/μ≥-/TP≥-,68.18,10.0,0.5,,,44,44,30,14,68.18,-2.26,-22.25,17.73,-0.993,0.65,20
"[-299,-200]",HR≥60/EDG≥10.0/CV≤0.5/μ≥-/TP≥50,68.18,10.0,0.5,,50.0,44,44,30,14,68.18,-2.26,-22.25,17.73,-0.993,0.65,20
"[-299,-200]",HR≥60/EDG≥10.0/CV≤0.5/μ≥-/TP≥55,68.18,10.0,0.5,,55.0,44,44,30,14,68.18,-2.26,-22.25,17.73,-0.993,0.65,20
"[-299,-200]",HR≥60/EDG≥10.0/CV≤0.5/μ≥-/TP≥60,68.18,10.0,0.5,,60.0,44,44,30,14,68.18,-2.26,-22.25,17.73,-0.993,0.65,20
"[-299,-200]",HR≥60/EDG≥10.0/CV≤0.5/μ≥-/TP≥65,68.18,10.0,0.5,,65.0,44,44,30,14,68.18,-2.26,-22.25,17.73,-0.993,0.65,20
"[-299,-200]",HR≥60/EDG≥10.0/CV≤0.5/μ≥0.0/TP≥-,68.18,10.0,0.5,0.0,,44,44,30,14,68.18,-2.26,-22.25,17.73,-0.993,0.65,20
"[-299,-200]",HR≥60/EDG≥10.0/CV≤0.5/μ≥0.0/TP≥50,68.18,10.0,0.5,0.0,50.0,44,44,30,14,68.18,-2.26,-22.25,17.73,-0.993,0.65,20
"[-299,-200]",HR≥60/EDG≥10.0/CV≤0.5/μ≥0.0/TP≥55,68.18,10.0,0.5,0.0,55.0,44,44,30,14,68.18,-2.26,-22.25,17.73,-0.993,0.65,20
"[-299,-200]",HR≥60/EDG≥10.0/CV≤0.5/μ≥0.0/TP≥60,68.18,10.0,0.5,0.0,60.0,44,44,30,14,68.18,-2.26,-22.25,17.73,-0.993,0.65,20
"[-299,-200]",HR≥60/EDG≥10.0/CV≤0.5/μ≥0.0/TP≥65,68.18,10.0,0.5,0.0,65.0,44,44,30,14,68.18,-2.26,-22.25,17.73,-0.993,0.65,20
"[-299,-200]",HR≥60/EDG≥10.0/CV≤0.5/μ≥0.5/TP≥-,68.18,10.0,0.5,0.5,,44,44,30,14,68.18,-2.26,-22.25,17.73,-0.993,0.65,20
"[-299,-200]",HR≥60/EDG≥10.0/CV≤0.5/μ≥0.5/TP≥50,68.18,10.0,0.5,0.5,50.0,44,44,30,14,68.18,-2.26,-22.25,17.73,-0.993,0.65,20
"[-299,-200]",HR≥60/EDG≥10.0/CV≤0.5/μ≥0.5/TP≥55,68.18,10.0,0.5,0.5,55.0,44,44,30,14,68.18,-2.26,-22.25,17.73,-0.993,0.65,20
"[-299,-200]",HR≥60/EDG≥10.0/CV≤0.5/μ≥0.5/TP≥60,68.18,10.0,0.5,0.5,60.0,44,44,30,14,68.18,-2.26,-22.25,17.73,-0.993,0.65,20
"[-299,-200]",HR≥60/EDG≥10.0/CV≤0.5/μ≥0.5/TP≥65,68.18,10.0,0.5,0.5,65.0,44,44,30,14,68.18,-2.26,-22.25,17.73,-0.993,0.65,20
"[-299,-200]",HR≥60/EDG≥10.0/CV≤0.5/μ≥1.0/TP≥-,68.18,10.0,0.5,1.0,,44,44,30,14,68.18,-2.26,-22.25,17.73,-0.993,0.65,20
"[-299,-200]",HR≥60/EDG≥10.0/CV≤0.5/μ≥1.0/TP≥50,68.18,10.0,0.5,1.0,50.0,44,44,30,14,68.18,-2.26,-22.25,17.73,-0.993,0.65,20
"[-299,-200]",HR≥60/EDG≥10.0/CV≤0.5/μ≥1.0/TP≥55,68.18,10.0,0.5,1.0,55.0,44,44,30,14,68.18,-2.26,-22.25,17.73,-0.993,0.65,20
"[-299,-200]",HR≥60/EDG≥10.0/CV≤0.5/μ≥1.0/TP≥60,68.18,10.0,0.5,1.0,60.0,44,44,30,14,68.18,-2.26,-22.25,17.73,-0.993,0.65,20
"[-299,-200]",HR≥60/EDG≥10.0/CV≤0.5/μ≥1.0/TP≥65,68.18,10.0,0.5,1.0,65.0,44,44,30,14,68.18,-2.26,-22.25,17.73,-0.993,0.65,20
"[-299,-200]",HR≥60/EDG≥10.0/CV≤0.45/μ≥-/TP≥-,73.53,10.0,0.45,,,34,34,25,9,73.53,5.08,-16.47,26.64,1.729,0.65,20
"[-299,-200]",HR≥60/EDG≥10.0/CV≤0.45/μ≥-/TP≥50,73.53,10.0,0.45,,50.0,34,34,25,9,73.53,5.08,-16.47,26.64,1.729,0.65,20
"[-299,-200]",HR≥60/EDG≥10.0/CV≤0.45/μ≥-/TP≥55,73.53,10.0,0.45,,55.0,34,34,25,9,73.53,5.08,-16.47,26.64,1.729,0.65,20
"[-299,-200]",HR≥60/EDG≥10.0/CV≤0.45/μ≥-/TP≥60,73.53,10.0,0.45,,60.0,34,34,25,9,73.53,5.08,-16.47,26.64,1.729,0.65,20
"[-299,-200]",HR≥60/EDG≥10.0/CV≤0.45/μ≥-/TP≥65,73.53,10.0,0.45,,65.0,34,34,25,9,73.53,5.08,-16.47,26.64,1.729,0.65,20
"[-299,-200]",HR≥60/EDG≥10.0/CV≤0.45/μ≥0.0/TP≥-,73.53,10.0,0.45,0.0,,34,34,25,9,73.53,5.08,-16.47,26.64,1.729,0.65,20
"[-299,-200]",HR≥60/EDG≥10.0/CV≤0.45/μ≥0.0/TP≥50,73.53,10.0,0.45,0.0,50.0,34,34,25,9,73.53,5.08,-16.47,26.64,1.729,0.65,20
"[-299,-200]",HR≥60/EDG≥10.0/CV≤0.45/μ≥0.0/TP≥55,73.53,10.0,0.45,0.0,55.0,34,34,25,9,73.53,5.08,-16.47,26.64,1.729,0.65,20
"[-299,-200]",HR≥60/EDG≥10.0/CV≤0.45/μ≥0.0/TP≥60,73.53,10.0,0.45,0.0,60.0,34,34,25,9,73.53,5.08,-16.47,26.64,1.729,0.65,20
"[-299,-200]",HR≥60/EDG≥10.0/CV≤0.45/μ≥0.0/TP≥65,73.53,10.0,0.45,0.0,65.0,34,34,25,9,73.53,5.08,-16.47,26.64,1.729,0.65,20
"[-299,-200]",HR≥60/EDG≥10.0/CV≤0.45/μ≥0.5/TP≥-,73.53,10.0,0.45,0.5,,34,34,25,9,73.53,5.08,-16.47,26.64,1.729,0.65,20
"[-299,-200]",HR≥60/EDG≥10.0/CV≤0.45/μ≥0.5/TP≥50,73.53,10.0,0.45,0.5,50.0,34,34,25,9,73.53,5.08,-16.47,26.64,1.729,0.65,20
"[-299,-200]",HR≥60/EDG≥10.0/CV≤0.45/μ≥0.5/TP≥55,73.53,10.0,0.45,0.5,55.0,34,34,25,9,73.53,5.08,-16.47,26.64,1.729,0.65,20
"[-299,-200]",HR≥60/EDG≥10.0/CV≤0.45/μ≥0.5/TP≥60,73.53,10.0,0.45,0.5,60.0,34,34,25,9,73.53,5.08,-16.47,26.64,1.729,0.65,20
"[-299,-200]",HR≥60/EDG≥10.0/CV≤0.45/μ≥0.5/TP≥65,73.53,10.0,0.45,0.5,65.0,34,34,25,9,73.53,5.08,-16.47,26.64,1.729,0.65,20
"[-299,-200]",HR≥60/EDG≥10.0/CV≤0.45/μ≥1.0/TP≥-,73.53,10.0,0.45,1.0,,34,34,25,9,73.53,5.08,-16.47,26.64,1.729,0.65,20
"[-299,-200]",HR≥60/EDG≥10.0/CV≤0.45/μ≥1.0/TP≥50,73.53,10.0,0.45,1.0,50.0,34,34,25,9,73.53,5.08,-16.47,26.64,1.729,0.65,20
"[-299,-200]",HR≥60/EDG≥10.0/CV≤0.45/μ≥1.0/TP≥55,73.53,10.0,0.45,1.0,55.0,34,34,25,9,73.53,5.08,-16.47,26.64,1.729,0.65,20
"[-299,-200]",HR≥60/EDG≥10.0/CV≤0.45/μ≥1.0/TP≥60,73.53,10.0,0.45,1.0,60.0,34,34,25,9,73.53,5.08,-16.47,26.64,1.729,0.65,20
"[-299,-200]",HR≥60/EDG≥10.0/CV≤0.45/μ≥1.0/TP≥65,73.53,10.0,0.45,1.0,65.0,34,34,25,9,73.53,5.08,-16.47,26.64,1.729,0.65,20
"[-299,-200]",HR≥65/EDG≥-/CV≤-/μ≥-/TP≥-,63.96,,,,,114,111,71,40,63.96,-9.75,-22.42,2.93,-10.821,0.37,27
"[-299,-200]",HR≥65/EDG≥-/CV≤-/μ≥-/TP≥50,62.14,,,,50.0,106,103,64,39,62.14,-12.34,-25.64,0.96,-12.711,0.269,26
"[-299,-200]",HR≥65/EDG≥-/CV≤-/μ≥-/TP≥55,62.14,,,,55.0,106,103,64,39,62.14,-12.34,-25.64,0.96,-12.711,0.269,26
"[-299,-200]",HR≥65/EDG≥-/CV≤-/μ≥-/TP≥60,63.27,,,,60.0,101,98,62,36,63.27,-10.75,-24.3,2.8,-10.536,0.28,25
"[-299,-200]",HR≥65/EDG≥-/CV≤-/μ≥-/TP≥65,62.92,,,,65.0,92,89,56,33,62.92,-11.44,-25.66,2.78,-10.182,0.4,25
"[-299,-200]",HR≥65/EDG≥-/CV≤-/μ≥0.0/TP≥-,63.64,,,0.0,,101,99,63,36,63.64,-10.31,-23.75,3.13,-10.211,0.308,26
"[-299,-200]",HR≥65/EDG≥-/CV≤-/μ≥0.0/TP≥50,63.64,,,0.0,50.0,101,99,63,36,63.64,-10.31,-23.75,3.13,-10.211,0.308,26
"[-299,-200]",HR≥65/EDG≥-/CV≤-/μ≥0.0/TP≥55,63.64,,,0.0,55.0,101,99,63,36,63.64,-10.31,-23.75,3.13,-10.211,0.308,26
"[-299,-200]",HR≥65/EDG≥-/CV≤-/μ≥0.0/TP≥60,64.89,,,0.0,60.0,96,94,61,33,64.89,-8.55,-22.24,5.14,-8.036,0.32,25
"[-299,-200]",HR≥65/EDG≥-/CV≤-/μ≥0.0/TP≥65,65.12,,,0.0,65.0,88,86,56,30,65.12,-8.35,-22.63,5.93,-7.182,0.44,25
"[-299,-200]",HR≥65/EDG≥-/CV≤-/μ≥0.5/TP≥-,64.44,,,0.5,,92,90,58,32,64.44,-9.12,-23.16,4.93,-8.208,0.36,25
"[-299,-200]",HR≥65/EDG≥-/CV≤-/μ≥0.5/TP≥50,64.44,,,0.5,50.0,92,90,58,32,64.44,-9.12,-23.16,4.93,-8.208,0.36,25
"[-299,-200]",HR≥65/EDG≥-/CV≤-/μ≥0.5/TP≥55,64.44,,,0.5,55.0,92,90,58,32,64.44,-9.12,-23.16,4.93,-8.208,0.36,25
"[-299,-200]",HR≥65/EDG≥-/CV≤-/μ≥0.5/TP≥60,64.44,,,0.5,60.0,92,90,58,32,64.44,-9.12,-23.16,4.93,-8.208,0.36,25
"[-299,-200]",HR≥65/EDG≥-/CV≤-/μ≥0.5/TP≥65,63.86,,,0.5,65.0,85,83,53,30,63.86,-10.06,-24.73,4.6,-8.353,0.44,25
"[-299,-200]",HR≥65/EDG≥-/CV≤-/μ≥1.0/TP≥-,65.28,,,1.0,,72,72,47,25,65.28,-7.93,-23.57,7.72,-5.706,0.417,24
"[-299,-200]",HR≥65/EDG≥-/CV≤-/μ≥1.0/TP≥50,65.28,,,1.0,50.0,72,72,47,25,65.28,-7.93,-23.57,7.72,-5.706,0.417,24
"[-299,-200]",HR≥65/EDG≥-/CV≤-/μ≥1.0/TP≥55,65.28,,,1.0,55.0,72,72,47,25,65.28,-7.93,-23.57,7.72,-5.706,0.417,24
"[-299,-200]",HR≥65/EDG≥-/CV≤-/μ≥1.0/TP≥60,65.28,,,1.0,60.0,72,72,47,25,65.28,-7.93,-23.57,7.72,-5.706,0.417,24
"[-299,-200]",HR≥65/EDG≥-/CV≤-/μ≥1.0/TP≥65,64.79,,,1.0,65.0,71,71,46,25,64.79,-8.71,-24.5,7.07,-6.187,0.417,24
"[-299,-200]",HR≥65/EDG≥-/CV≤0.7/μ≥-/TP≥-,63.96,,0.7,,,114,111,71,40,63.96,-9.75,-22.42,2.93,-10.821,0.37,27
"[-299,-200]",HR≥65/EDG≥-/CV≤0.7/μ≥-/TP≥50,62.14,,0.7,,50.0,106,103,64,39,62.14,-12.34,-25.64,0.96,-12.711,0.269,26
"[-299,-200]",HR≥65/EDG≥-/CV≤0.7/μ≥-/TP≥55,62.14,,0.7,,55.0,106,103,64,39,62.14,-12.34,-25.64,0.96,-12.711,0.269,26
"[-299,-200]",HR≥65/EDG≥-/CV≤0.7/μ≥-/TP≥60,63.27,,0.7,,60.0,101,98,62,36,63.27,-10.75,-24.3,2.8,-10.536,0.28,25
"[-299,-200]",HR≥65/EDG≥-/CV≤0.7/μ≥-/TP≥65,62.92,,0.7,,65.0,92,89,56,33,62.92,-11.44,-25.66,2.78,-10.182,0.4,25
"[-299,-200]",HR≥65/EDG≥-/CV≤0.7/μ≥0.0/TP≥-,63.64,,0.7,0.0,,101,99,63,36,63.64,-10.31,-23.75,3.13,-10.211,0.308,26
"[-299,-200]",HR≥65/EDG≥-/CV≤0.7/μ≥0.0/TP≥50,63.64,,0.7,0.0,50.0,101,99,63,36,63.64,-10.31,-23.75,3.13,-10.211,0.308,26
"[-299,-200]",HR≥65/EDG≥-/CV≤0.7/μ≥0.0/TP≥55,63.64,,0.7,0.0,55.0,101,99,63,36,63.64,-10.31,-23.75,3.13,-10.211,0.308,26
"[-299,-200]",HR≥65/EDG≥-/CV≤0.7/μ≥0.0/TP≥60,64.89,,0.7,0.0,60.0,96,94,61,33,64.89,-8.55,-22.24,5.14,-8.036,0.32,25
"[-299,-200]",HR≥65/EDG≥-/CV≤0.7/μ≥0.0/TP≥65,65.12,,0.7,0.0,65.0,88,86,56,30,65.12,-8.35,-22.63,5.93,-7.182,0.44,25
"[-299,-200]",HR≥65/EDG≥-/CV≤0.7/μ≥0.5/TP≥-,64.44,,0.7,0.5,,92,90,58,32,64.44,-9.12,-23.16,4.93,-8.208,0.36,25
"[-299,-200]",HR≥65/EDG≥-/CV≤0.7/μ≥0.5/TP≥50,64.44,,0.7,0.5,50.0,92,90,58,32,64.44,-9.12,-23.16,4.93,-8.208,0.36,25
"[-299,-200]",HR≥65/EDG≥-/CV≤0.7/μ≥0.5/TP≥55,64.44,,0.7,0.5,55.0,92,90,58,32,64.44,-9.12,-23.16,4.93,-8.208,0.36,25
"[-299,-200]",HR≥65/EDG≥-/CV≤0.7/μ≥0.5/TP≥60,64.44,,0.7,0.5,60.0,92,90,58,32,64.44,-9.12,-23.16,4.93,-8.208,0.36,25
"[-299,-200]",HR≥65/EDG≥-/CV≤0.7/μ≥0.5/TP≥65,63.86,,0.7,0.5,65.0,85,83,53,30,63.86,-10.06,-24.73,4.6,-8.353,0.44,25
"[-299,-200]",HR≥65/EDG≥-/CV≤0.7/μ≥1.0/TP≥-,65.28,,0.7,1.0,,72,72,47,25,65.28,-7.93,-23.57,7.72,-5.706,0.417,24
"[-299,-200]",HR≥65/EDG≥-/CV≤0.7/μ≥1.0/TP≥50,65.28,,0.7,1.0,50.0,72,72,47,25,65.28,-7.93,-23.57,7.72,-5.706,0.417,24
"[-299,-200]",HR≥65/EDG≥-/CV≤0.7/μ≥1.0/TP≥55,65.28,,0.7,1.0,55.0,72,72,47,25,65.28,-7.93,-23.57,7.72,-5.706,0.417,24
"[-299,-200]",HR≥65/EDG≥-/CV≤0.7/μ≥1.0/TP≥60,65.28,,0.7,1.0,60.0,72,72,47,25,65.28,-7.93,-23.57,7.72,-5.706,0.417,24
"[-299,-200]",HR≥65/EDG≥-/CV≤0.7/μ≥1.0/TP≥65,64.79,,0.7,1.0,65.0,71,71,46,25,64.79,-8.71,-24.5,7.07,-6.187,0.417,24
"[-299,-200]",HR≥65/EDG≥-/CV≤0.6/μ≥-/TP≥-,62.96,,0.6,,,111,108,68,40,62.96,-11.01,-23.96,1.93,-11.896,0.37,27
"[-299,-200]",HR≥65/EDG≥-/CV≤0.6/μ≥-/TP≥50,61.0,,0.6,,50.0,103,100,61,39,61.0,-13.79,-27.38,-0.19,-13.785,0.269,26
"[-299,-200]",HR≥65/EDG≥-/CV≤0.6/μ≥-/TP≥55,61.0,,0.6,,55.0,103,100,61,39,61.0,-13.79,-27.38,-0.19,-13.785,0.269,26
"[-299,-200]",HR≥65/EDG≥-/CV≤0.6/μ≥-/TP≥60,62.11,,0.6,,60.0,98,95,59,36,62.11,-12.22,-26.1,1.66,-11.61,0.28,25
"[-299,-200]",HR≥65/EDG≥-/CV≤0.6/μ≥-/TP≥65,61.63,,0.6,,65.0,89,86,53,33,61.63,-13.09,-27.69,1.51,-11.256,0.36,25
"[-299,-200]",HR≥65/EDG≥-/CV≤0.6/μ≥0.0/TP≥-,62.5,,0.6,0.0,,98,96,60,36,62.5,-11.76,-25.52,2.01,-11.285,0.308,26
"[-299,-200]",HR≥65/EDG≥-/CV≤0.6/μ≥0.0/TP≥50,62.5,,0.6,0.0,50.0,98,96,60,36,62.5,-11.76,-25.52,2.01,-11.285,0.308,26
"[-299,-200]",HR≥65/EDG≥-/CV≤0.6/μ≥0.0/TP≥55,62.5,,0.6,0.0,55.0,98,96,60,36,62.5,-11.76,-25.52,2.01,-11.285,0.308,26
"[-299,-200]",HR≥65/EDG≥-/CV≤0.6/μ≥0.0/TP≥60,63.74,,0.6,0.0,60.0,93,91,58,33,63.74,-10.01,-24.05,4.03,-9.11,0.32,25
"[-299,-200]",HR≥65/EDG≥-/CV≤0.6/μ≥0.0/TP≥65,63.86,,0.6,0.0,65.0,85,83,53,30,63.86,-9.95,-24.63,4.74,-8.256,0.4,25
"[-299,-200]",HR≥65/EDG≥-/CV≤0.6/μ≥0.5/TP≥-,63.22,,0.6,0.5,,89,87,55,32,63.22,-10.67,-25.09,3.75,-9.282,0.36,25
"[-299,-200]",HR≥65/EDG≥-/CV≤0.6/μ≥0.5/TP≥50,63.22,,0.6,0.5,50.0,89,87,55,32,63.22,-10.67,-25.09,3.75,-9.282,0.36,25
"[-299,-200]",HR≥65/EDG≥-/CV≤0.6/μ≥0.5/TP≥55,63.22,,0.6,0.5,55.0,89,87,55,32,63.22,-10.67,-25.09,3.75,-9.282,0.36,25
"[-299,-200]",HR≥65/EDG≥-/CV≤0.6/μ≥0.5/TP≥60,63.22,,0.6,0.5,60.0,89,87,55,32,63.22,-10.67,-25.09,3.75,-9.282,0.36,25
"[-299,-200]",HR≥65/EDG≥-/CV≤0.6/μ≥0.5/TP≥65,62.5,,0.6,0.5,65.0,82,80,50,30,62.5,-11.78,-26.87,3.3,-9.428,0.4,25
"[-299,-200]",HR≥65/EDG≥-/CV≤0.6/μ≥1.0/TP≥-,63.77,,0.6,1.0,,69,69,44,25,63.77,-9.83,-26.01,6.35,-6.781,0.417,24
"[-299,-200]",HR≥65/EDG≥-/CV≤0.6/μ≥1.0/TP≥50,63.77,,0.6,1.0,50.0,69,69,44,25,63.77,-9.83,-26.01,6.35,-6.781,0.417,24
"[-299,-200]",HR≥65/EDG≥-/CV≤0.6/μ≥1.0/TP≥55,63.77,,0.6,1.0,55.0,69,69,44,25,63.77,-9.83,-26.01,6.35,-6.781,0.417,24
"[-299,-200]",HR≥65/EDG≥-/CV≤0.6/μ≥1.0/TP≥60,63.77,,0.6,1.0,60.0,69,69,44,25,63.77,-9.83,-26.01,6.35,-6.781,0.417,24
"[-299,-200]",HR≥65/EDG≥-/CV≤0.6/μ≥1.0/TP≥65,63.24,,0.6,1.0,65.0,68,68,43,25,63.24,-10.68,-27.01,5.65,-7.262,0.417,24
"[-299,-200]",HR≥65/EDG≥-/CV≤0.5/μ≥-/TP≥-,66.67,,0.5,,,99,96,64,32,66.67,-5.8,-19.21,7.61,-5.568,0.423,26
"[-299,-200]",HR≥65/EDG≥-/CV≤0.5/μ≥-/TP≥50,64.77,,0.5,,50.0,91,88,57,31,64.77,-8.47,-22.68,5.73,-7.457,0.32,25
"[-299,-200]",HR≥65/EDG≥-/CV≤0.5/μ≥-/TP≥55,64.77,,0.5,,55.0,91,88,57,31,64.77,-8.47,-22.68,5.73,-7.457,0.32,25
"[-299,-200]",HR≥65/EDG≥-/CV≤0.5/μ≥-/TP≥60,65.48,,0.5,,60.0,87,84,55,29,65.48,-7.48,-21.95,7.0,-6.282,0.36,25
"[-299,-200]",HR≥65/EDG≥-/CV≤0.5/μ≥-/TP≥65,65.33,,0.5,,65.0,78,75,49,26,65.33,-7.9,-23.21,7.4,-5.928,0.44,25
"[-299,-200]",HR≥65/EDG≥-/CV≤0.5/μ≥0.0/TP≥-,65.88,,0.5,0.0,,87,85,56,29,65.88,-7.01,-21.34,7.32,-5.957,0.28,25
"[-299,-200]",HR≥65/EDG≥-/CV≤0.5/μ≥0.0/TP≥50,65.88,,0.5,0.0,50.0,87,85,56,29,65.88,-7.01,-21.34,7.32,-5.957,0.28,25
"[-299,-200]",HR≥65/EDG≥-/CV≤0.5/μ≥0.0/TP≥55,65.88,,0.5,0.0,55.0,87,85,56,29,65.88,-7.01,-21.34,7.32,-5.957,0.28,25
"[-299,-200]",HR≥65/EDG≥-/CV≤0.5/μ≥0.0/TP≥60,66.67,,0.5,0.0,60.0,83,81,54,27,66.67,-5.9,-20.51,8.7,-4.782,0.32,25
"[-299,-200]",HR≥65/EDG≥-/CV≤0.5/μ≥0.0/TP≥65,67.12,,0.5,0.0,65.0,75,73,49,24,67.12,-5.38,-20.7,9.94,-3.928,0.44,25
"[-299,-200]",HR≥65/EDG≥-/CV≤0.5/μ≥0.5/TP≥-,66.23,,0.5,0.5,,79,77,51,26,66.23,-6.43,-21.48,8.61,-4.954,0.36,25
"[-299,-200]",HR≥65/EDG≥-/CV≤0.5/μ≥0.5/TP≥50,66.23,,0.5,0.5,50.0,79,77,51,26,66.23,-6.43,-21.48,8.61,-4.954,0.36,25
"[-299,-200]",HR≥65/EDG≥-/CV≤0.5/μ≥0.5/TP≥55,66.23,,0.5,0.5,55.0,79,77,51,26,66.23,-6.43,-21.48,8.61,-4.954,0.36,25
"[-299,-200]",HR≥65/EDG≥-/CV≤0.5/μ≥0.5/TP≥60,66.23,,0.5,0.5,60.0,79,77,51,26,66.23,-6.43,-21.48,8.61,-4.954,0.36,25
"[-299,-200]",HR≥65/EDG≥-/CV≤0.5/μ≥0.5/TP≥65,65.71,,0.5,0.5,65.0,72,70,46,24,65.71,-7.29,-23.11,8.54,-5.1,0.44,25
"[-299,-200]",HR≥65/EDG≥-/CV≤0.5/μ≥1.0/TP≥-,66.13,,0.5,1.0,,62,62,41,21,66.13,-6.56,-23.37,10.25,-4.068,0.458,24
"[-299,-200]",HR≥65/EDG≥-/CV≤0.5/μ≥1.0/TP≥50,66.13,,0.5,1.0,50.0,62,62,41,21,66.13,-6.56,-23.37,10.25,-4.068,0.458,24
"[-299,-200]",HR≥65/EDG≥-/CV≤0.5/μ≥1.0/TP≥55,66.13,,0.5,1.0,55.0,62,62,41,21,66.13,-6.56,-23.37,10.25,-4.068,0.458,24
"[-299,-200]",HR≥65/EDG≥-/CV≤0.5/μ≥1.0/TP≥60,66.13,,0.5,1.0,60.0,62,62,41,21,66.13,-6.56,-23.37,10.25,-4.068,0.458,24
"[-299,-200]",HR≥65/EDG≥-/CV≤0.5/μ≥1.0/TP≥65,65.57,,0.5,1.0,65.0,61,61,40,21,65.57,-7.46,-24.45,9.54,-4.549,0.458,24
"[-299,-200]",HR≥65/EDG≥-/CV≤0.45/μ≥-/TP≥-,70.27,,0.45,,,77,74,52,22,70.27,-0.63,-15.48,14.22,-0.466,0.52,25
"[-299,-200]",HR≥65/EDG≥-/CV≤0.45/μ≥-/TP≥50,68.66,,0.45,,50.0,70,67,46,21,68.66,-2.99,-18.83,12.85,-2.004,0.478,23
"[-299,-200]",HR≥65/EDG≥-/CV≤0.45/μ≥-/TP≥55,68.66,,0.45,,55.0,70,67,46,21,68.66,-2.99,-18.83,12.85,-2.004,0.478,23
"[-299,-200]",HR≥65/EDG≥-/CV≤0.45/μ≥-/TP≥60,69.23,,0.45,,60.0,68,65,45,20,69.23,-2.17,-18.18,13.83,-1.413,0.522,23
"[-299,-200]",HR≥65/EDG≥-/CV≤0.45/μ≥-/TP≥65,67.8,,0.45,,65.0,62,59,40,19,67.8,-4.37,-21.36,12.62,-2.578,0.522,23
"[-299,-200]",HR≥65/EDG≥-/CV≤0.45/μ≥0.0/TP≥-,70.31,,0.45,0.0,,66,64,45,19,70.31,-0.79,-16.73,15.16,-0.504,0.435,23
"[-299,-200]",HR≥65/EDG≥-/CV≤0.45/μ≥0.0/TP≥50,70.31,,0.45,0.0,50.0,66,64,45,19,70.31,-0.79,-16.73,15.16,-0.504,0.435,23
"[-299,-200]",HR≥65/EDG≥-/CV≤0.45/μ≥0.0/TP≥55,70.31,,0.45,0.0,55.0,66,64,45,19,70.31,-0.79,-16.73,15.16,-0.504,0.435,23
"[-299,-200]",HR≥65/EDG≥-/CV≤0.45/μ≥0.0/TP≥60,70.97,,0.45,0.0,60.0,64,62,44,18,70.97,0.14,-15.96,16.24,0.087,0.478,23
"[-299,-200]",HR≥65/EDG≥-/CV≤0.45/μ≥0.0/TP≥65,70.18,,0.45,0.0,65.0,59,57,40,17,70.18,-1.01,-17.94,15.92,-0.578,0.522,23
"[-299,-200]",HR≥65/EDG≥-/CV≤0.45/μ≥0.5/TP≥-,69.49,,0.45,0.5,,61,59,41,18,69.49,-1.84,-18.6,14.93,-1.084,0.478,23
"[-299,-200]",HR≥65/EDG≥-/CV≤0.45/μ≥0.5/TP≥50,69.49,,0.45,0.5,50.0,61,59,41,18,69.49,-1.84,-18.6,14.93,-1.084,0.478,23
"[-299,-200]",HR≥65/EDG≥-/CV≤0.45/μ≥0.5/TP≥55,69.49,,0.45,0.5,55.0,61,59,41,18,69.49,-1.84,-18.6,14.93,-1.084,0.478,23
"[-299,-200]",HR≥65/EDG≥-/CV≤0.45/μ≥0.5/TP≥60,69.49,,0.45,0.5,60.0,61,59,41,18,69.49,-1.84,-18.6,14.93,-1.084,0.478,23
"[-299,-200]",HR≥65/EDG≥-/CV≤0.45/μ≥0.5/TP≥65,68.52,,0.45,0.5,65.0,56,54,37,17,68.52,-3.24,-20.93,14.45,-1.75,0.522,23
"[-299,-200]",HR≥65/EDG≥-/CV≤0.45/μ≥1.0/TP≥-,67.39,,0.45,1.0,,46,46,31,15,67.39,-4.78,-24.16,14.6,-2.199,0.5,22
"[-299,-200]",HR≥65/EDG≥-/CV≤0.45/μ≥1.0/TP≥50,67.39,,0.45,1.0,50.0,46,46,31,15,67.39,-4.78,-24.16,14.6,-2.199,0.5,22
"[-299,-200]",HR≥65/EDG≥-/CV≤0.45/μ≥1.0/TP≥55,67.39,,0.45,1.0,55.0,46,46,31,15,67.39,-4.78,-24.16,14.6,-2.199,0.5,22
"[-299,-200]",HR≥65/EDG≥-/CV≤0.45/μ≥1.0/TP≥60,67.39,,0.45,1.0,60.0,46,46,31,15,67.39,-4.78,-24.16,14.6,-2.199,0.5,22
"[-299,-200]",HR≥65/EDG≥-/CV≤0.45/μ≥1.0/TP≥65,67.39,,0.45,1.0,65.0,46,46,31,15,67.39,-4.78,-24.16,14.6,-2.199,0.5,22
"[-299,-200]",HR≥65/EDG≥-/CV≤0.4/μ≥-/TP≥-,73.47,,0.4,,,52,49,36,13,73.47,3.87,-13.81,21.56,1.898,0.545,22
"[-299,-200]",HR≥65/EDG≥-/CV≤0.4/μ≥-/TP≥50,71.43,,0.4,,50.0,45,42,30,12,71.43,0.85,-18.7,20.41,0.359,0.526,19
"[-299,-200]",HR≥65/EDG≥-/CV≤0.4/μ≥-/TP≥55,71.43,,0.4,,55.0,45,42,30,12,71.43,0.85,-18.7,20.41,0.359,0.526,19
"[-299,-200]",HR≥65/EDG≥-/CV≤0.4/μ≥-/TP≥60,73.17,,0.4,,60.0,44,41,30,11,73.17,3.31,-16.11,22.74,1.359,0.579,19
"[-299,-200]",HR≥65/EDG≥-/CV≤0.4/μ≥-/TP≥65,73.68,,0.4,,65.0,41,38,28,10,73.68,3.67,-16.33,23.66,1.394,0.611,18
"[-299,-200]",HR≥65/EDG≥-/CV≤0.4/μ≥0.0/TP≥-,72.5,,0.4,0.0,,42,40,29,11,72.5,2.15,-17.63,21.92,0.859,0.526,19
"[-299,-200]",HR≥65/EDG≥-/CV≤0.4/μ≥0.0/TP≥50,72.5,,0.4,0.0,50.0,42,40,29,11,72.5,2.15,-17.63,21.92,0.859,0.526,19
"[-299,-200]",HR≥65/EDG≥-/CV≤0.4/μ≥0.0/TP≥55,72.5,,0.4,0.0,55.0,42,40,29,11,72.5,2.15,-17.63,21.92,0.859,0.526,19
"[-299,-200]",HR≥65/EDG≥-/CV≤0.4/μ≥0.0/TP≥60,74.36,,0.4,0.0,60.0,41,39,29,10,74.36,4.77,-14.83,24.36,1.859,0.579,19
"[-299,-200]",HR≥65/EDG≥-/CV≤0.4/μ≥0.0/TP≥65,75.68,,0.4,0.0,65.0,39,37,28,9,75.68,6.47,-13.28,26.22,2.394,0.611,18
"[-299,-200]",HR≥65/EDG≥-/CV≤0.4/μ≥0.5/TP≥-,72.22,,0.4,0.5,,38,36,26,10,72.22,1.91,-19.07,22.88,0.687,0.529,17
"[-299,-200]",HR≥65/EDG≥-/CV≤0.4/μ≥0.5/TP≥50,72.22,,0.4,0.5,50.0,38,36,26,10,72.22,1.91,-19.07,22.88,0.687,0.529,17
"[-299,-200]",HR≥65/EDG≥-/CV≤0.4/μ≥0.5/TP≥55,72.22,,0.4,0.5,55.0,38,36,26,10,72.22,1.91,-19.07,22.88,0.687,0.529,17
"[-299,-200]",HR≥65/EDG≥-/CV≤0.4/μ≥0.5/TP≥60,72.22,,0.4,0.5,60.0,38,36,26,10,72.22,1.91,-19.07,22.88,0.687,0.529,17
"[-299,-200]",HR≥65/EDG≥-/CV≤0.4/μ≥0.5/TP≥65,73.53,,0.4,0.5,65.0,36,34,25,9,73.53,3.59,-17.65,24.84,1.222,0.562,16
"[-299,-200]",HR≥65/EDG≥-5.0/CV≤-/μ≥-/TP≥-,62.82,-5.0,,,,80,78,49,29,62.82,-11.22,-26.5,4.06,-8.752,0.36,25
"[-299,-200]",HR≥65/EDG≥-5.0/CV≤-/μ≥-/TP≥50,62.82,-5.0,,,50.0,80,78,49,29,62.82,-11.22,-26.5,4.06,-8.752,0.36,25
"[-299,-200]",HR≥65/EDG≥-5.0/CV≤-/μ≥-/TP≥55,62.82,-5.0,,,55.0,80,78,49,29,62.82,-11.22,-26.5,4.06,-8.752,0.36,25
"[-299,-200]",HR≥65/EDG≥-5.0/CV≤-/μ≥-/TP≥60,62.82,-5.0,,,60.0,80,78,49,29,62.82,-11.22,-26.5,4.06,-8.752,0.36,25
"[-299,-200]",HR≥65/EDG≥-5.0/CV≤-/μ≥-/TP≥65,63.16,-5.0,,,65.0,78,76,48,28,63.16,-10.83,-26.27,4.6,-8.233,0.4,25
"[-299,-200]",HR≥65/EDG≥-5.0/CV≤-/μ≥0.0/TP≥-,62.82,-5.0,,0.0,,80,78,49,29,62.82,-11.22,-26.5,4.06,-8.752,0.36,25
"[-299,-200]",HR≥65/EDG≥-5.0/CV≤-/μ≥0.0/TP≥50,62.82,-5.0,,0.0,50.0,80,78,49,29,62.82,-11.22,-26.5,4.06,-8.752,0.36,25
"[-299,-200]",HR≥65/EDG≥-5.0/CV≤-/μ≥0.0/TP≥55,62.82,-5.0,,0.0,55.0,80,78,49,29,62.82,-11.22,-26.5,4.06,-8.752,0.36,25
"[-299,-200]",HR≥65/EDG≥-5.0/CV≤-/μ≥0.0/TP≥60,62.82,-5.0,,0.0,60.0,80,78,49,29,62.82,-11.22,-26.5,4.06,-8.752,0.36,25
"[-299,-200]",HR≥65/EDG≥-5.0/CV≤-/μ≥0.0/TP≥65,63.16,-5.0,,0.0,65.0,78,76,48,28,63.16,-10.83,-26.27,4.6,-8.233,0.4,25
"[-299,-200]",HR≥65/EDG≥-5.0/CV≤-/μ≥0.5/TP≥-,62.82,-5.0,,0.5,,80,78,49,29,62.82,-11.22,-26.5,4.06,-8.752,0.36,25
"[-299,-200]",HR≥65/EDG≥-5.0/CV≤-/μ≥0.5/TP≥50,62.82,-5.0,,0.5,50.0,80,78,49,29,62.82,-11.22,-26.5,4.06,-8.752,0.36,25
"[-299,-200]",HR≥65/EDG≥-5.0/CV≤-/μ≥0.5/TP≥55,62.82,-5.0,,0.5,55.0,80,78,49,29,62.82,-11.22,-26.5,4.06,-8.752,0.36,25
"[-299,-200]",HR≥65/EDG≥-5.0/CV≤-/μ≥0.5/TP≥60,62.82,-5.0,,0.5,60.0,80,78,49,29,62.82,-11.22,-26.5,4.06,-8.752,0.36,25
"[-299,-200]",HR≥65/EDG≥-5.0/CV≤-/μ≥0.5/TP≥65,63.16,-5.0,,0.5,65.0,78,76,48,28,63.16,-10.83,-26.27,4.6,-8.233,0.4,25
"[-299,-200]",HR≥65/EDG≥-5.0/CV≤-/μ≥1.0/TP≥-,64.29,-5.0,,1.0,,70,70,45,25,64.29,-9.19,-25.19,6.8,-6.434,0.417,24
"[-299,-200]",HR≥65/EDG≥-5.0/CV≤-/μ≥1.0/TP≥50,64.29,-5.0,,1.0,50.0,70,70,45,25,64.29,-9.19,-25.19,6.8,-6.434,0.417,24
"[-299,-200]",HR≥65/EDG≥-5.0/CV≤-/μ≥1.0/TP≥55,64.29,-5.0,,1.0,55.0,70,70,45,25,64.29,-9.19,-25.19,6.8,-6.434,0.417,24
"[-299,-200]",HR≥65/EDG≥-5.0/CV≤-/μ≥1.0/TP≥60,64.29,-5.0,,1.0,60.0,70,70,45,25,64.29,-9.19,-25.19,6.8,-6.434,0.417,24
"[-299,-200]",HR≥65/EDG≥-5.0/CV≤-/μ≥1.0/TP≥65,63.77,-5.0,,1.0,65.0,69,69,44,25,63.77,-10.02,-26.16,6.12,-6.914,0.417,24
"[-299,-200]",HR≥65/EDG≥-5.0/CV≤0.7/μ≥-/TP≥-,62.82,-5.0,0.7,,,80,78,49,29,62.82,-11.22,-26.5,4.06,-8.752,0.36,25
"[-299,-200]",HR≥65/EDG≥-5.0/CV≤0.7/μ≥-/TP≥50,62.82,-5.0,0.7,,50.0,80,78,49,29,62.82,-11.22,-26.5,4.06,-8.752,0.36,25
"[-299,-200]",HR≥65/EDG≥-5.0/CV≤0.7/μ≥-/TP≥55,62.82,-5.0,0.7,,55.0,80,78,49,29,62.82,-11.22,-26.5,4.06,-8.752,0.36,25
"[-299,-200]",HR≥65/EDG≥-5.0/CV≤0.7/μ≥-/TP≥60,62.82,-5.0,0.7,,60.0,80,78,49,29,62.82,-11.22,-26.5,4.06,-8.752,0.36,25
"[-299,-200]",HR≥65/EDG≥-5.0/CV≤0.7/μ≥-/TP≥65,63.16,-5.0,0.7,,65.0,78,76,48,28,63.16,-10.83,-26.27,4.6,-8.233,0.4,25
"[-299,-200]",HR≥65/EDG≥-5.0/CV≤0.7/μ≥0.0/TP≥-,62.82,-5.0,0.7,0.0,,80,78,49,29,62.82,-11.22,-26.5,4.06,-8.752,0.36,25
"[-299,-200]",HR≥65/EDG≥-5.0/CV≤0.7/μ≥0.0/TP≥50,62.82,-5.0,0.7,0.0,50.0,80,78,49,29,62.82,-11.22,-26.5,4.06,-8.752,0.36,25
"[-299,-200]",HR≥65/EDG≥-5.0/CV≤0.7/μ≥0.0/TP≥55,62.82,-5.0,0.7,0.0,55.0,80,78,49,29,62.82,-11.22,-26.5,4.06,-8.752,0.36,25
"[-299,-200]",HR≥65/EDG≥-5.0/CV≤0.7/μ≥0.0/TP≥60,62.82,-5.0,0.7,0.0,60.0,80,78,49,29,62.82,-11.22,-26.5,4.06,-8.752,0.36,25
"[-299,-200]",HR≥65/EDG≥-5.0/CV≤0.7/μ≥0.0/TP≥65,63.16,-5.0,0.7,0.0,65.0,78,76,48,28,63.16,-10.83,-26.27,4.6,-8.233,0.4,25
"[-299,-200]",HR≥65/EDG≥-5.0/CV≤0.7/μ≥0.5/TP≥-,62.82,-5.0,0.7,0.5,,80,78,49,29,62.82,-11.22,-26.5,4.06,-8.752,0.36,25
"[-299,-200]",HR≥65/EDG≥-5.0/CV≤0.7/μ≥0.5/TP≥50,62.82,-5.0,0.7,0.5,50.0,80,78,49,29,62.82,-11.22,-26.5,4.06,-8.752,0.36,25
"[-299,-200]",HR≥65/EDG≥-5.0/CV≤0.7/μ≥0.5/TP≥55,62.82,-5.0,0.7,0.5,55.0,80,78,49,29,62.82,-11.22,-26.5,4.06,-8.752,0.36,25
"[-299,-200]",HR≥65/EDG≥-5.0/CV≤0.7/μ≥0.5/TP≥60,62.82,-5.0,0.7,0.5,60.0,80,78,49,29,62.82,-11.22,-26.5,4.06,-8.752,0.36,25
"[-299,-200]",HR≥65/EDG≥-5.0/CV≤0.7/μ≥0.5/TP≥65,63.16,-5.0,0.7,0.5,65.0,78,76,48,28,63.16,-10.83,-26.27,4.6,-8.233,0.4,25
"[-299,-200]",HR≥65/EDG≥-5.0/CV≤0.7/μ≥1.0/TP≥-,64.29,-5.0,0.7,1.0,,70,70,45,25,64.29,-9.19,-25.19,6.8,-6.434,0.417,24
"[-299,-200]",HR≥65/EDG≥-5.0/CV≤0.7/μ≥1.0/TP≥50,64.29,-5.0,0.7,1.0,50.0,70,70,45,25,64.29,-9.19,-25.19,6.8,-6.434,0.417,24
"[-299,-200]",HR≥65/EDG≥-5.0/CV≤0.7/μ≥1.0/TP≥55,64.29,-5.0,0.7,1.0,55.0,70,70,45,25,64.29,-9.19,-25.19,6.8,-6.434,0.417,24
"[-299,-200]",HR≥65/EDG≥-5.0/CV≤0.7/μ≥1.0/TP≥60,64.29,-5.0,0.7,1.0,60.0,70,70,45,25,64.29,-9.19,-25.19,6.8,-6.434,0.417,24
"[-299,-200]",HR≥65/EDG≥-5.0/CV≤0.7/μ≥1.0/TP≥65,63.77,-5.0,0.7,1.0,65.0,69,69,44,25,63.77,-10.02,-26.16,6.12,-6.914,0.417,24
"[-299,-200]",HR≥65/EDG≥-5.0/CV≤0.6/μ≥-/TP≥-,61.33,-5.0,0.6,,,77,75,46,29,61.33,-13.1,-28.84,2.64,-9.827,0.36,25
"[-299,-200]",HR≥65/EDG≥-5.0/CV≤0.6/μ≥-/TP≥50,61.33,-5.0,0.6,,50.0,77,75,46,29,61.33,-13.1,-28.84,2.64,-9.827,0.36,25
"[-299,-200]",HR≥65/EDG≥-5.0/CV≤0.6/μ≥-/TP≥55,61.33,-5.0,0.6,,55.0,77,75,46,29,61.33,-13.1,-28.84,2.64,-9.827,0.36,25
"[-299,-200]",HR≥65/EDG≥-5.0/CV≤0.6/μ≥-/TP≥60,61.33,-5.0,0.6,,60.0,77,75,46,29,61.33,-13.1,-28.84,2.64,-9.827,0.36,25
"[-299,-200]",HR≥65/EDG≥-5.0/CV≤0.6/μ≥-/TP≥65,61.64,-5.0,0.6,,65.0,75,73,45,28,61.64,-12.75,-28.67,3.17,-9.307,0.4,25
"[-299,-200]",HR≥65/EDG≥-5.0/CV≤0.6/μ≥0.0/TP≥-,61.33,-5.0,0.6,0.0,,77,75,46,29,61.33,-13.1,-28.84,2.64,-9.827,0.36,25
"[-299,-200]",HR≥65/EDG≥-5.0/CV≤0.6/μ≥0.0/TP≥50,61.33,-5.0,0.6,0.0,50.0,77,75,46,29,61.33,-13.1,-28.84,2.64,-9.827,0.36,25
"[-299,-200]",HR≥65/EDG≥-5.0/CV≤0.6/μ≥0.0/TP≥55,61.33,-5.0,0.6,0.0,55.0,77,75,46,29,61.33,-13.1,-28.84,2.64,-9.827,0.36,25
"[-299,-200]",HR≥65/EDG≥-5.0/CV≤0.6/μ≥0.0/TP≥60,61.33,-5.0,0.6,0.0,60.0,77,75,46,29,61.33,-13.1,-28.84,2.64,-9.827,0.36,25
"[-299,-200]",HR≥65/EDG≥-5.0/CV≤0.6/μ≥0.0/TP≥65,61.64,-5.0,0.6,0.0,65.0,75,73,45,28,61.64,-12.75,-28.67,3.17,-9.307,0.4,25
"[-299,-200]",HR≥65/EDG≥-5.0/CV≤0.6/μ≥0.5/TP≥-,61.33,-5.0,0.6,0.5,,77,75,46,29,61.33,-13.1,-28.84,2.64,-9.827,0.36,25
"[-299,-200]",HR≥65/EDG≥-5.0/CV≤0.6/μ≥0.5/TP≥50,61.33,-5.0,0.6,0.5,50.0,77,75,46,29,61.33,-13.1,-28.84,2.64,-9.827,0.36,25
"[-299,-200]",HR≥65/EDG≥-5.0/CV≤0.6/μ≥0.5/TP≥55,61.33,-5.0,0.6,0.5,55.0,77,75,46,29,61.33,-13.1,-28.84,2.64,-9.827,0.36,25
"[-299,-200]",HR≥65/EDG≥-5.0/CV≤0.6/μ≥0.5/TP≥60,61.33,-5.0,0.6,0.5,60.0,77,75,46,29,61.33,-13.1,-28.84,2.64,-9.827,0.36,25
"[-299,-200]",HR≥65/EDG≥-5.0/CV≤0.6/μ≥0.5/TP≥65,61.64,-5.0,0.6,0.5,65.0,75,73,45,28,61.64,-12.75,-28.67,3.17,-9.307,0.4,25
"[-299,-200]",HR≥65/EDG≥-5.0/CV≤0.6/μ≥1.0/TP≥-,62.69,-5.0,0.6,1.0,,67,67,42,25,62.69,-11.21,-27.76,5.34,-7.508,0.417,24
"[-299,-200]",HR≥65/EDG≥-5.0/CV≤0.6/μ≥1.0/TP≥50,62.69,-5.0,0.6,1.0,50.0,67,67,42,25,62.69,-11.21,-27.76,5.34,-7.508,0.417,24
"[-299,-200]",HR≥65/EDG≥-5.0/CV≤0.6/μ≥1.0/TP≥55,62.69,-5.0,0.6,1.0,55.0,67,67,42,25,62.69,-11.21,-27.76,5.34,-7.508,0.417,24
"[-299,-200]",HR≥65/EDG≥-5.0/CV≤0.6/μ≥1.0/TP≥60,62.69,-5.0,0.6,1.0,60.0,67,67,42,25,62.69,-11.21,-27.76,5.34,-7.508,0.417,24
"[-299,-200]",HR≥65/EDG≥-5.0/CV≤0.6/μ≥1.0/TP≥65,62.12,-5.0,0.6,1.0,65.0,66,66,41,25,62.12,-12.1,-28.81,4.6,-7.989,0.417,24
"[-299,-200]",HR≥65/EDG≥-5.0/CV≤0.5/μ≥-/TP≥-,63.24,-5.0,0.5,,,70,68,43,25,63.24,-10.46,-26.83,5.91,-7.114,0.4,25
"[-299,-200]",HR≥65/EDG≥-5.0/CV≤0.5/μ≥-/TP≥50,63.24,-5.0,0.5,,50.0,70,68,43,25,63.24,-10.46,-26.83,5.91,-7.114,0.4,25
"[-299,-200]",HR≥65/EDG≥-5.0/CV≤0.5/μ≥-/TP≥55,63.24,-5.0,0.5,,55.0,70,68,43,25,63.24,-10.46,-26.83,5.91,-7.114,0.4,25
"[-299,-200]",HR≥65/EDG≥-5.0/CV≤0.5/μ≥-/TP≥60,63.24,-5.0,0.5,,60.0,70,68,43,25,63.24,-10.46,-26.83,5.91,-7.114,0.4,25
"[-299,-200]",HR≥65/EDG≥-5.0/CV≤0.5/μ≥-/TP≥65,63.64,-5.0,0.5,,65.0,68,66,42,24,63.64,-9.99,-26.56,6.57,-6.595,0.44,25
"[-299,-200]",HR≥65/EDG≥-5.0/CV≤0.5/μ≥0.0/TP≥-,63.24,-5.0,0.5,0.0,,70,68,43,25,63.24,-10.46,-26.83,5.91,-7.114,0.4,25
"[-299,-200]",HR≥65/EDG≥-5.0/CV≤0.5/μ≥0.0/TP≥50,63.24,-5.0,0.5,0.0,50.0,70,68,43,25,63.24,-10.46,-26.83,5.91,-7.114,0.4,25
"[-299,-200]",HR≥65/EDG≥-5.0/CV≤0.5/μ≥0.0/TP≥55,63.24,-5.0,0.5,0.0,55.0,70,68,43,25,63.24,-10.46,-26.83,5.91,-7.114,0.4,25
"[-299,-200]",HR≥65/EDG≥-5.0/CV≤0.5/μ≥0.0/TP≥60,63.24,-5.0,0.5,0.0,60.0,70,68,43,25,63.24,-10.46,-26.83,5.91,-7.114,0.4,25
"[-299,-200]",HR≥65/EDG≥-5.0/CV≤0.5/μ≥0.0/TP≥65,63.64,-5.0,0.5,0.0,65.0,68,66,42,24,63.64,-9.99,-26.56,6.57,-6.595,0.44,25
"[-299,-200]",HR≥65/EDG≥-5.0/CV≤0.5/μ≥0.5/TP≥-,63.24,-5.0,0.5,0.5,,70,68,43,25,63.24,-10.46,-26.83,5.91,-7.114,0.4,25
"[-299,-200]",HR≥65/EDG≥-5.0/CV≤0.5/μ≥0.5/TP≥50,63.24,-5.0,0.5,0.5,50.0,70,68,43,25,63.24,-10.46,-26.83,5.91,-7.114,0.4,25
"[-299,-200]",HR≥65/EDG≥-5.0/CV≤0.5/μ≥0.5/TP≥55,63.24,-5.0,0.5,0.5,55.0,70,68,43,25,63.24,-10.46,-26.83,5.91,-7.114,0.4,25
"[-299,-200]",HR≥65/EDG≥-5.0/CV≤0.5/μ≥0.5/TP≥60,63.24,-5.0,0.5,0.5,60.0,70,68,43,25,63.24,-10.46,-26.83,5.91,-7.114,0.4,25
"[-299,-200]",HR≥65/EDG≥-5.0/CV≤0.5/μ≥0.5/TP≥65,63.64,-5.0,0.5,0.5,65.0,68,66,42,24,63.64,-9.99,-26.56,6.57,-6.595,0.44,25
"[-299,-200]",HR≥65/EDG≥-5.0/CV≤0.5/μ≥1.0/TP≥-,65.0,-5.0,0.5,1.0,,60,60,39,21,65.0,-7.99,-25.25,9.26,-4.796,0.458,24
"[-299,-200]",HR≥65/EDG≥-5.0/CV≤0.5/μ≥1.0/TP≥50,65.0,-5.0,0.5,1.0,50.0,60,60,39,21,65.0,-7.99,-25.25,9.26,-4.796,0.458,24
"[-299,-200]",HR≥65/EDG≥-5.0/CV≤0.5/μ≥1.0/TP≥55,65.0,-5.0,0.5,1.0,55.0,60,60,39,21,65.0,-7.99,-25.25,9.26,-4.796,0.458,24
"[-299,-200]",HR≥65/EDG≥-5.0/CV≤0.5/μ≥1.0/TP≥60,65.0,-5.0,0.5,1.0,60.0,60,60,39,21,65.0,-7.99,-25.25,9.26,-4.796,0.458,24
"[-299,-200]",HR≥65/EDG≥-5.0/CV≤0.5/μ≥1.0/TP≥65,64.41,-5.0,0.5,1.0,65.0,59,59,38,21,64.41,-8.94,-26.39,8.5,-5.276,0.458,24
"[-299,-200]",HR≥65/EDG≥-5.0/CV≤0.45/μ≥-/TP≥-,66.67,-5.0,0.45,,,53,51,34,17,66.67,-5.65,-24.17,12.87,-2.881,0.478,23
"[-299,-200]",HR≥65/EDG≥-5.0/CV≤0.45/μ≥-/TP≥50,66.67,-5.0,0.45,,50.0,53,51,34,17,66.67,-5.65,-24.17,12.87,-2.881,0.478,23
"[-299,-200]",HR≥65/EDG≥-5.0/CV≤0.45/μ≥-/TP≥55,66.67,-5.0,0.45,,55.0,53,51,34,17,66.67,-5.65,-24.17,12.87,-2.881,0.478,23
"[-299,-200]",HR≥65/EDG≥-5.0/CV≤0.45/μ≥-/TP≥60,66.67,-5.0,0.45,,60.0,53,51,34,17,66.67,-5.65,-24.17,12.87,-2.881,0.478,23
"[-299,-200]",HR≥65/EDG≥-5.0/CV≤0.45/μ≥-/TP≥65,66.67,-5.0,0.45,,65.0,53,51,34,17,66.67,-5.65,-24.17,12.87,-2.881,0.478,23
"[-299,-200]",HR≥65/EDG≥-5.0/CV≤0.45/μ≥0.0/TP≥-,66.67,-5.0,0.45,0.0,,53,51,34,17,66.67,-5.65,-24.17,12.87,-2.881,0.478,23
"[-299,-200]",HR≥65/EDG≥-5.0/CV≤0.45/μ≥0.0/TP≥50,66.67,-5.0,0.45,0.0,50.0,53,51,34,17,66.67,-5.65,-24.17,12.87,-2.881,0.478,23
"[-299,-200]",HR≥65/EDG≥-5.0/CV≤0.45/μ≥0.0/TP≥55,66.67,-5.0,0.45,0.0,55.0,53,51,34,17,66.67,-5.65,-24.17,12.87,-2.881,0.478,23
"[-299,-200]",HR≥65/EDG≥-5.0/CV≤0.45/μ≥0.0/TP≥60,66.67,-5.0,0.45,0.0,60.0,53,51,34,17,66.67,-5.65,-24.17,12.87,-2.881,0.478,23
"[-299,-200]",HR≥65/EDG≥-5.0/CV≤0.45/μ≥0.0/TP≥65,66.67,-5.0,0.45,0.0,65.0,53,51,34,17,66.67,-5.65,-24.17,12.87,-2.881,0.478,23
"[-299,-200]",HR≥65/EDG≥-5.0/CV≤0.45/μ≥0.5/TP≥-,66.67,-5.0,0.45,0.5,,53,51,34,17,66.67,-5.65,-24.17,12.87,-2.881,0.478,23
"[-299,-200]",HR≥65/EDG≥-5.0/CV≤0.45/μ≥0.5/TP≥50,66.67,-5.0,0.45,0.5,50.0,53,51,34,17,66.67,-5.65,-24.17,12.87,-2.881,0.478,23
"[-299,-200]",HR≥65/EDG≥-5.0/CV≤0.45/μ≥0.5/TP≥55,66.67,-5.0,0.45,0.5,55.0,53,51,34,17,66.67,-5.65,-24.17,12.87,-2.881,0.478,23
"[-299,-200]",HR≥65/EDG≥-5.0/CV≤0.45/μ≥0.5/TP≥60,66.67,-5.0,0.45,0.5,60.0,53,51,34,17,66.67,-5.65,-24.17,12.87,-2.881,0.478,23
"[-299,-200]",HR≥65/EDG≥-5.0/CV≤0.45/μ≥0.5/TP≥65,66.67,-5.0,0.45,0.5,65.0,53,51,34,17,66.67,-5.65,-24.17,12.87,-2.881,0.478,23
"[-299,-200]",HR≥65/EDG≥-5.0/CV≤0.45/μ≥1.0/TP≥-,66.67,-5.0,0.45,1.0,,45,45,30,15,66.67,-5.69,-25.43,14.04,-2.562,0.455,22
"[-299,-200]",HR≥65/EDG≥-5.0/CV≤0.45/μ≥1.0/TP≥50,66.67,-5.0,0.45,1.0,50.0,45,45,30,15,66.67,-5.69,-25.43,14.04,-2.562,0.455,22
"[-299,-200]",HR≥65/EDG≥-5.0/CV≤0.45/μ≥1.0/TP≥55,66.67,-5.0,0.45,1.0,55.0,45,45,30,15,66.67,-5.69,-25.43,14.04,-2.562,0.455,22
"[-299,-200]",HR≥65/EDG≥-5.0/CV≤0.45/μ≥1.0/TP≥60,66.67,-5.0,0.45,1.0,60.0,45,45,30,15,66.67,-5.69,-25.43,14.04,-2.562,0.455,22
"[-299,-200]",HR≥65/EDG≥-5.0/CV≤0.45/μ≥1.0/TP≥65,66.67,-5.0,0.45,1.0,65.0,45,45,30,15,66.67,-5.69,-25.43,14.04,-2.562,0.455,22
"[-299,-200]",HR≥65/EDG≥-5.0/CV≤0.4/μ≥-/TP≥-,71.88,-5.0,0.4,,,34,32,23,9,71.88,1.59,-20.82,23.99,0.508,0.562,16
"[-299,-200]",HR≥65/EDG≥-5.0/CV≤0.4/μ≥-/TP≥50,71.88,-5.0,0.4,,50.0,34,32,23,9,71.88,1.59,-20.82,23.99,0.508,0.562,16
"[-299,-200]",HR≥65/EDG≥-5.0/CV≤0.4/μ≥-/TP≥55,71.88,-5.0,0.4,,55.0,34,32,23,9,71.88,1.59,-20.82,23.99,0.508,0.562,16
"[-299,-200]",HR≥65/EDG≥-5.0/CV≤0.4/μ≥-/TP≥60,71.88,-5.0,0.4,,60.0,34,32,23,9,71.88,1.59,-20.82,23.99,0.508,0.562,16
"[-299,-200]",HR≥65/EDG≥-5.0/CV≤0.4/μ≥-/TP≥65,71.88,-5.0,0.4,,65.0,34,32,23,9,71.88,1.59,-20.82,23.99,0.508,0.562,16
"[-299,-200]",HR≥65/EDG≥-5.0/CV≤0.4/μ≥0.0/TP≥-,71.88,-5.0,0.4,0.0,,34,32,23,9,71.88,1.59,-20.82,23.99,0.508,0.562,16
"[-299,-200]",HR≥65/EDG≥-5.0/CV≤0.4/μ≥0.0/TP≥50,71.88,-5.0,0.4,0.0,50.0,34,32,23,9,71.88,1.59,-20.82,23.99,0.508,0.562,16
"[-299,-200]",HR≥65/EDG≥-5.0/CV≤0.4/μ≥0.0/TP≥55,71.88,-5.0,0.4,0.0,55.0,34,32,23,9,71.88,1.59,-20.82,23.99,0.508,0.562,16
"[-299,-200]",HR≥65/EDG≥-5.0/CV≤0.4/μ≥0.0/TP≥60,71.88,-5.0,0.4,0.0,60.0,34,32,23,9,71.88,1.59,-20.82,23.99,0.508,0.562,16
"[-299,-200]",HR≥65/EDG≥-5.0/CV≤0.4/μ≥0.0/TP≥65,71.88,-5.0,0.4,0.0,65.0,34,32,23,9,71.88,1.59,-20.82,23.99,0.508,0.562,16
"[-299,-200]",HR≥65/EDG≥-5.0/CV≤0.4/μ≥0.5/TP≥-,71.88,-5.0,0.4,0.5,,34,32,23,9,71.88,1.59,-20.82,23.99,0.508,0.562,16
"[-299,-200]",HR≥65/EDG≥-5.0/CV≤0.4/μ≥0.5/TP≥50,71.88,-5.0,0.4,0.5,50.0,34,32,23,9,71.88,1.59,-20.82,23.99,0.508,0.562,16
"[-299,-200]",HR≥65/EDG≥-5.0/CV≤0.4/μ≥0.5/TP≥55,71.88,-5.0,0.4,0.5,55.0,34,32,23,9,71.88,1.59,-20.82,23.99,0.508,0.562,16
"[-299,-200]",HR≥65/EDG≥-5.0/CV≤0.4/μ≥0.5/TP≥60,71.88,-5.0,0.4,0.5,60.0,34,32,23,9,71.88,1.59,-20.82,23.99,0.508,0.562,16
"[-299,-200]",HR≥65/EDG≥-5.0/CV≤0.4/μ≥0.5/TP≥65,71.88,-5.0,0.4,0.5,65.0,34,32,23,9,71.88,1.59,-20.82,23.99,0.508,0.562,16
"[-299,-200]",HR≥65/EDG≥0.0/CV≤-/μ≥-/TP≥-,63.08,0.0,,,,66,65,41,24,63.08,-10.62,-27.4,6.15,-6.906,0.375,24
"[-299,-200]",HR≥65/EDG≥0.0/CV≤-/μ≥-/TP≥50,63.08,0.0,,,50.0,66,65,41,24,63.08,-10.62,-27.4,6.15,-6.906,0.375,24
"[-299,-200]",HR≥65/EDG≥0.0/CV≤-/μ≥-/TP≥55,63.08,0.0,,,55.0,66,65,41,24,63.08,-10.62,-27.4,6.15,-6.906,0.375,24
"[-299,-200]",HR≥65/EDG≥0.0/CV≤-/μ≥-/TP≥60,63.08,0.0,,,60.0,66,65,41,24,63.08,-10.62,-27.4,6.15,-6.906,0.375,24
"[-299,-200]",HR≥65/EDG≥0.0/CV≤-/μ≥-/TP≥65,62.5,0.0,,,65.0,65,64,40,24,62.5,-11.54,-28.48,5.4,-7.387,0.375,24
"[-299,-200]",HR≥65/EDG≥0.0/CV≤-/μ≥0.0/TP≥-,63.08,0.0,,0.0,,66,65,41,24,63.08,-10.62,-27.4,6.15,-6.906,0.375,24
"[-299,-200]",HR≥65/EDG≥0.0/CV≤-/μ≥0.0/TP≥50,63.08,0.0,,0.0,50.0,66,65,41,24,63.08,-10.62,-27.4,6.15,-6.906,0.375,24
"[-299,-200]",HR≥65/EDG≥0.0/CV≤-/μ≥0.0/TP≥55,63.08,0.0,,0.0,55.0,66,65,41,24,63.08,-10.62,-27.4,6.15,-6.906,0.375,24
"[-299,-200]",HR≥65/EDG≥0.0/CV≤-/μ≥0.0/TP≥60,63.08,0.0,,0.0,60.0,66,65,41,24,63.08,-10.62,-27.4,6.15,-6.906,0.375,24
"[-299,-200]",HR≥65/EDG≥0.0/CV≤-/μ≥0.0/TP≥65,62.5,0.0,,0.0,65.0,65,64,40,24,62.5,-11.54,-28.48,5.4,-7.387,0.375,24
"[-299,-200]",HR≥65/EDG≥0.0/CV≤-/μ≥0.5/TP≥-,63.08,0.0,,0.5,,66,65,41,24,63.08,-10.62,-27.4,6.15,-6.906,0.375,24
"[-299,-200]",HR≥65/EDG≥0.0/CV≤-/μ≥0.5/TP≥50,63.08,0.0,,0.5,50.0,66,65,41,24,63.08,-10.62,-27.4,6.15,-6.906,0.375,24
"[-299,-200]",HR≥65/EDG≥0.0/CV≤-/μ≥0.5/TP≥55,63.08,0.0,,0.5,55.0,66,65,41,24,63.08,-10.62,-27.4,6.15,-6.906,0.375,24
"[-299,-200]",HR≥65/EDG≥0.0/CV≤-/μ≥0.5/TP≥60,63.08,0.0,,0.5,60.0,66,65,41,24,63.08,-10.62,-27.4,6.15,-6.906,0.375,24
"[-299,-200]",HR≥65/EDG≥0.0/CV≤-/μ≥0.5/TP≥65,62.5,0.0,,0.5,65.0,65,64,40,24,62.5,-11.54,-28.48,5.4,-7.387,0.375,24
"[-299,-200]",HR≥65/EDG≥0.0/CV≤-/μ≥1.0/TP≥-,65.08,0.0,,1.0,,63,63,41,22,65.08,-7.79,-24.63,9.05,-4.906,0.417,24
"[-299,-200]",HR≥65/EDG≥0.0/CV≤-/μ≥1.0/TP≥50,65.08,0.0,,1.0,50.0,63,63,41,22,65.08,-7.79,-24.63,9.05,-4.906,0.417,24
"[-299,-200]",HR≥65/EDG≥0.0/CV≤-/μ≥1.0/TP≥55,65.08,0.0,,1.0,55.0,63,63,41,22,65.08,-7.79,-24.63,9.05,-4.906,0.417,24
"[-299,-200]",HR≥65/EDG≥0.0/CV≤-/μ≥1.0/TP≥60,65.08,0.0,,1.0,60.0,63,63,41,22,65.08,-7.79,-24.63,9.05,-4.906,0.417,24
"[-299,-200]",HR≥65/EDG≥0.0/CV≤-/μ≥1.0/TP≥65,64.52,0.0,,1.0,65.0,62,62,40,22,64.52,-8.69,-25.71,8.33,-5.387,0.417,24
"[-299,-200]",HR≥65/EDG≥0.0/CV≤0.7/μ≥-/TP≥-,63.08,0.0,0.7,,,66,65,41,24,63.08,-10.62,-27.4,6.15,-6.906,0.375,24
"[-299,-200]",HR≥65/EDG≥0.0/CV≤0.7/μ≥-/TP≥50,63.08,0.0,0.7,,50.0,66,65,41,24,63.08,-10.62,-27.4,6.15,-6.906,0.375,24
"[-299,-200]",HR≥65/EDG≥0.0/CV≤0.7/μ≥-/TP≥55,63.08,0.0,0.7,,55.0,66,65,41,24,63.08,-10.62,-27.4,6.15,-6.906,0.375,24
"[-299,-200]",HR≥65/EDG≥0.0/CV≤0.7/μ≥-/TP≥60,63.08,0.0,0.7,,60.0,66,65,41,24,63.08,-10.62,-27.4,6.15,-6.906,0.375,24
"[-299,-200]",HR≥65/EDG≥0.0/CV≤0.7/μ≥-/TP≥65,62.5,0.0,0.7,,65.0,65,64,40,24,62.5,-11.54,-28.48,5.4,-7.387,0.375,24
"[-299,-200]",HR≥65/EDG≥0.0/CV≤0.7/μ≥0.0/TP≥-,63.08,0.0,0.7,0.0,,66,65,41,24,63.08,-10.62,-27.4,6.15,-6.906,0.375,24
"[-299,-200]",HR≥65/EDG≥0.0/CV≤0.7/μ≥0.0/TP≥50,63.08,0.0,0.7,0.0,50.0,66,65,41,24,63.08,-10.62,-27.4,6.15,-6.906,0.375,24
"[-299,-200]",HR≥65/EDG≥0.0/CV≤0.7/μ≥0.0/TP≥55,63.08,0.0,0.7,0.0,55.0,66,65,41,24,63.08,-10.62,-27.4,6.15,-6.906,0.375,24
"[-299,-200]",HR≥65/EDG≥0.0/CV≤0.7/μ≥0.0/TP≥60,63.08,0.0,0.7,0.0,60.0,66,65,41,24,63.08,-10.62,-27.4,6.15,-6.906,0.375,24
"[-299,-200]",HR≥65/EDG≥0.0/CV≤0.7/μ≥0.0/TP≥65,62.5,0.0,0.7,0.0,65.0,65,64,40,24,62.5,-11.54,-28.48,5.4,-7.387,0.375,24
"[-299,-200]",HR≥65/EDG≥0.0/CV≤0.7/μ≥0.5/TP≥-,63.08,0.0,0.7,0.5,,66,65,41,24,63.08,-10.62,-27.4,6.15,-6.906,0.375,24
"[-299,-200]",HR≥65/EDG≥0.0/CV≤0.7/μ≥0.5/TP≥50,63.08,0.0,0.7,0.5,50.0,66,65,41,24,63.08,-10.62,-27.4,6.15,-6.906,0.375,24
"[-299,-200]",HR≥65/EDG≥0.0/CV≤0.7/μ≥0.5/TP≥55,63.08,0.0,0.7,0.5,55.0,66,65,41,24,63.08,-10.62,-27.4,6.15,-6.906,0.375,24
"[-299,-200]",HR≥65/EDG≥0.0/CV≤0.7/μ≥0.5/TP≥60,63.08,0.0,0.7,0.5,60.0,66,65,41,24,63.08,-10.62,-27.4,6.15,-6.906,0.375,24
"[-299,-200]",HR≥65/EDG≥0.0/CV≤0.7/μ≥0.5/TP≥65,62.5,0.0,0.7,0.5,65.0,65,64,40,24,62.5,-11.54,-28.48,5.4,-7.387,0.375,24
"[-299,-200]",HR≥65/EDG≥0.0/CV≤0.7/μ≥1.0/TP≥-,65.08,0.0,0.7,1.0,,63,63,41,22,65.08,-7.79,-24.63,9.05,-4.906,0.417,24
"[-299,-200]",HR≥65/EDG≥0.0/CV≤0.7/μ≥1.0/TP≥50,65.08,0.0,0.7,1.0,50.0,63,63,41,22,65.08,-7.79,-24.63,9.05,-4.906,0.417,24
"[-299,-200]",HR≥65/EDG≥0.0/CV≤0.7/μ≥1.0/TP≥55,65.08,0.0,0.7,1.0,55.0,63,63,41,22,65.08,-7.79,-24.63,9.05,-4.906,0.417,24
"[-299,-200]",HR≥65/EDG≥0.0/CV≤0.7/μ≥1.0/TP≥60,65.08,0.0,0.7,1.0,60.0,63,63,41,22,65.08,-7.79,-24.63,9.05,-4.906,0.417,24
"[-299,-200]",HR≥65/EDG≥0.0/CV≤0.7/μ≥1.0/TP≥65,64.52,0.0,0.7,1.0,65.0,62,62,40,22,64.52,-8.69,-25.71,8.33,-5.387,0.417,24
"[-299,-200]",HR≥65/EDG≥0.0/CV≤0.6/μ≥-/TP≥-,61.9,0.0,0.6,,,64,63,39,24,61.9,-12.12,-29.3,5.06,-7.635,0.375,24
"[-299,-200]",HR≥65/EDG≥0.0/CV≤0.6/μ≥-/TP≥50,61.9,0.0,0.6,,50.0,64,63,39,24,61.9,-12.12,-29.3,5.06,-7.635,0.375,24
"[-299,-200]",HR≥65/EDG≥0.0/CV≤0.6/μ≥-/TP≥55,61.9,0.0,0.6,,55.0,64,63,39,24,61.9,-12.12,-29.3,5.06,-7.635,0.375,24
"[-299,-200]",HR≥65/EDG≥0.0/CV≤0.6/μ≥-/TP≥60,61.9,0.0,0.6,,60.0,64,63,39,24,61.9,-12.12,-29.3,5.06,-7.635,0.375,24
"[-299,-200]",HR≥65/EDG≥0.0/CV≤0.6/μ≥-/TP≥65,61.29,0.0,0.6,,65.0,63,62,38,24,61.29,-13.09,-30.44,4.26,-8.116,0.375,24
"[-299,-200]",HR≥65/EDG≥0.0/CV≤0.6/μ≥0.0/TP≥-,61.9,0.0,0.6,0.0,,64,63,39,24,61.9,-12.12,-29.3,5.06,-7.635,0.375,24
"[-299,-200]",HR≥65/EDG≥0.0/CV≤0.6/μ≥0.0/TP≥50,61.9,0.0,0.6,0.0,50.0,64,63,39,24,61.9,-12.12,-29.3,5.06,-7.635,0.375,24
"[-299,-200]",HR≥65/EDG≥0.0/CV≤0.6/μ≥0.0/TP≥55,61.9,0.0,0.6,0.0,55.0,64,63,39,24,61.9,-12.12,-29.3,5.06,-7.635,0.375,24
"[-299,-200]",HR≥65/EDG≥0.0/CV≤0.6/μ≥0.0/TP≥60,61.9,0.0,0.6,0.0,60.0,64,63,39,24,61.9,-12.12,-29.3,5.06,-7.635,0.375,24
"[-299,-200]",HR≥65/EDG≥0.0/CV≤0.6/μ≥0.0/TP≥65,61.29,0.0,0.6,0.0,65.0,63,62,38,24,61.29,-13.09,-30.44,4.26,-8.116,0.375,24
"[-299,-200]",HR≥65/EDG≥0.0/CV≤0.6/μ≥0.5/TP≥-,61.9,0.0,0.6,0.5,,64,63,39,24,61.9,-12.12,-29.3,5.06,-7.635,0.375,24
"[-299,-200]",HR≥65/EDG≥0.0/CV≤0.6/μ≥0.5/TP≥50,61.9,0.0,0.6,0.5,50.0,64,63,39,24,61.9,-12.12,-29.3,5.06,-7.635,0.375,24
"[-299,-200]",HR≥65/EDG≥0.0/CV≤0.6/μ≥0.5/TP≥55,61.9,0.0,0.6,0.5,55.0,64,63,39,24,61.9,-12.12,-29.3,5.06,-7.635,0.375,24
"[-299,-200]",HR≥65/EDG≥0.0/CV≤0.6/μ≥0.5/TP≥60,61.9,0.0,0.6,0.5,60.0,64,63,39,24,61.9,-12.12,-29.3,5.06,-7.635,0.375,24
"[-299,-200]",HR≥65/EDG≥0.0/CV≤0.6/μ≥0.5/TP≥65,61.29,0.0,0.6,0.5,65.0,63,62,38,24,61.29,-13.09,-30.44,4.26,-8.116,0.375,24
"[-299,-200]",HR≥65/EDG≥0.0/CV≤0.6/μ≥1.0/TP≥-,63.93,0.0,0.6,1.0,,61,61,39,22,63.93,-9.24,-26.51,8.03,-5.635,0.417,24
"[-299,-200]",HR≥65/EDG≥0.0/CV≤0.6/μ≥1.0/TP≥50,63.93,0.0,0.6,1.0,50.0,61,61,39,22,63.93,-9.24,-26.51,8.03,-5.635,0.417,24
"[-299,-200]",HR≥65/EDG≥0.0/CV≤0.6/μ≥1.0/TP≥55,63.93,0.0,0.6,1.0,55.0,61,61,39,22,63.93,-9.24,-26.51,8.03,-5.635,0.417,24
"[-299,-200]",HR≥65/EDG≥0.0/CV≤0.6/μ≥1.0/TP≥60,63.93,0.0,0.6,1.0,60.0,61,61,39,22,63.93,-9.24,-26.51,8.03,-5.635,0.417,24
"[-299,-200]",HR≥65/EDG≥0.0/CV≤0.6/μ≥1.0/TP≥65,63.33,0.0,0.6,1.0,65.0,60,60,38,22,63.33,-10.19,-27.65,7.27,-6.116,0.417,24
"[-299,-200]",HR≥65/EDG≥0.0/CV≤0.5/μ≥-/TP≥-,63.16,0.0,0.5,,,58,57,36,21,63.16,-10.39,-28.34,7.56,-5.923,0.417,24
"[-299,-200]",HR≥65/EDG≥0.0/CV≤0.5/μ≥-/TP≥50,63.16,0.0,0.5,,50.0,58,57,36,21,63.16,-10.39,-28.34,7.56,-5.923,0.417,24
"[-299,-200]",HR≥65/EDG≥0.0/CV≤0.5/μ≥-/TP≥55,63.16,0.0,0.5,,55.0,58,57,36,21,63.16,-10.39,-28.34,7.56,-5.923,0.417,24
"[-299,-200]",HR≥65/EDG≥0.0/CV≤0.5/μ≥-/TP≥60,63.16,0.0,0.5,,60.0,58,57,36,21,63.16,-10.39,-28.34,7.56,-5.923,0.417,24
"[-299,-200]",HR≥65/EDG≥0.0/CV≤0.5/μ≥-/TP≥65,62.5,0.0,0.5,,65.0,57,56,35,21,62.5,-11.43,-29.59,6.72,-6.404,0.417,24
"[-299,-200]",HR≥65/EDG≥0.0/CV≤0.5/μ≥0.0/TP≥-,63.16,0.0,0.5,0.0,,58,57,36,21,63.16,-10.39,-28.34,7.56,-5.923,0.417,24
"[-299,-200]",HR≥65/EDG≥0.0/CV≤0.5/μ≥0.0/TP≥50,63.16,0.0,0.5,0.0,50.0,58,57,36,21,63.16,-10.39,-28.34,7.56,-5.923,0.417,24
"[-299,-200]",HR≥65/EDG≥0.0/CV≤0.5/μ≥0.0/TP≥55,63.16,0.0,0.5,0.0,55.0,58,57,36,21,63.16,-10.39,-28.34,7.56,-5.923,0.417,24
"[-299,-200]",HR≥65/EDG≥0.0/CV≤0.5/μ≥0.0/TP≥60,63.16,0.0,0.5,0.0,60.0,58,57,36,21,63.16,-10.39,-28.34,7.56,-5.923,0.417,24
"[-299,-200]",HR≥65/EDG≥0.0/CV≤0.5/μ≥0.0/TP≥65,62.5,0.0,0.5,0.0,65.0,57,56,35,21,62.5,-11.43,-29.59,6.72,-6.404,0.417,24
"[-299,-200]",HR≥65/EDG≥0.0/CV≤0.5/μ≥0.5/TP≥-,63.16,0.0,0.5,0.5,,58,57,36,21,63.16,-10.39,-28.34,7.56,-5.923,0.417,24
"[-299,-200]",HR≥65/EDG≥0.0/CV≤0.5/μ≥0.5/TP≥50,63.16,0.0,0.5,0.5,50.0,58,57,36,21,63.16,-10.39,-28.34,7.56,-5.923,0.417,24
"[-299,-200]",HR≥65/EDG≥0.0/CV≤0.5/μ≥0.5/TP≥55,63.16,0.0,0.5,0.5,55.0,58,57,36,21,63.16,-10.39,-28.34,7.56,-5.923,0.417,24
"[-299,-200]",HR≥65/EDG≥0.0/CV≤0.5/μ≥0.5/TP≥60,63.16,0.0,0.5,0.5,60.0,58,57,36,21,63.16,-10.39,-28.34,7.56,-5.923,0.417,24
"[-299,-200]",HR≥65/EDG≥0.0/CV≤0.5/μ≥0.5/TP≥65,62.5,0.0,0.5,0.5,65.0,57,56,35,21,62.5,-11.43,-29.59,6.72,-6.404,0.417,24
"[-299,-200]",HR≥65/EDG≥0.0/CV≤0.5/μ≥1.0/TP≥-,65.45,0.0,0.5,1.0,,55,55,36,19,65.45,-7.13,-25.15,10.89,-3.923,0.458,24
"[-299,-200]",HR≥65/EDG≥0.0/CV≤0.5/μ≥1.0/TP≥50,65.45,0.0,0.5,1.0,50.0,55,55,36,19,65.45,-7.13,-25.15,10.89,-3.923,0.458,24
"[-299,-200]",HR≥65/EDG≥0.0/CV≤0.5/μ≥1.0/TP≥55,65.45,0.0,0.5,1.0,55.0,55,55,36,19,65.45,-7.13,-25.15,10.89,-3.923,0.458,24
"[-299,-200]",HR≥65/EDG≥0.0/CV≤0.5/μ≥1.0/TP≥60,65.45,0.0,0.5,1.0,60.0,55,55,36,19,65.45,-7.13,-25.15,10.89,-3.923,0.458,24
"[-299,-200]",HR≥65/EDG≥0.0/CV≤0.5/μ≥1.0/TP≥65,64.81,0.0,0.5,1.0,65.0,54,54,35,19,64.81,-8.15,-26.4,10.09,-4.404,0.458,24
"[-299,-200]",HR≥65/EDG≥0.0/CV≤0.45/μ≥-/TP≥-,65.12,0.0,0.45,,,44,43,28,15,65.12,-7.76,-28.21,12.68,-3.339,0.455,22
"[-299,-200]",HR≥65/EDG≥0.0/CV≤0.45/μ≥-/TP≥50,65.12,0.0,0.45,,50.0,44,43,28,15,65.12,-7.76,-28.21,12.68,-3.339,0.455,22
"[-299,-200]",HR≥65/EDG≥0.0/CV≤0.45/μ≥-/TP≥55,65.12,0.0,0.45,,55.0,44,43,28,15,65.12,-7.76,-28.21,12.68,-3.339,0.455,22
"[-299,-200]",HR≥65/EDG≥0.0/CV≤0.45/μ≥-/TP≥60,65.12,0.0,0.45,,60.0,44,43,28,15,65.12,-7.76,-28.21,12.68,-3.339,0.455,22
"[-299,-200]",HR≥65/EDG≥0.0/CV≤0.45/μ≥-/TP≥65,65.12,0.0,0.45,,65.0,44,43,28,15,65.12,-7.76,-28.21,12.68,-3.339,0.455,22
"[-299,-200]",HR≥65/EDG≥0.0/CV≤0.45/μ≥0.0/TP≥-,65.12,0.0,0.45,0.0,,44,43,28,15,65.12,-7.76,-28.21,12.68,-3.339,0.455,22
"[-299,-200]",HR≥65/EDG≥0.0/CV≤0.45/μ≥0.0/TP≥50,65.12,0.0,0.45,0.0,50.0,44,43,28,15,65.12,-7.76,-28.21,12.68,-3.339,0.455,22
"[-299,-200]",HR≥65/EDG≥0.0/CV≤0.45/μ≥0.0/TP≥55,65.12,0.0,0.45,0.0,55.0,44,43,28,15,65.12,-7.76,-28.21,12.68,-3.339,0.455,22
"[-299,-200]",HR≥65/EDG≥0.0/CV≤0.45/μ≥0.0/TP≥60,65.12,0.0,0.45,0.0,60.0,44,43,28,15,65.12,-7.76,-28.21,12.68,-3.339,0.455,22
"[-299,-200]",HR≥65/EDG≥0.0/CV≤0.45/μ≥0.0/TP≥65,65.12,0.0,0.45,0.0,65.0,44,43,28,15,65.12,-7.76,-28.21,12.68,-3.339,0.455,22
"[-299,-200]",HR≥65/EDG≥0.0/CV≤0.45/μ≥0.5/TP≥-,65.12,0.0,0.45,0.5,,44,43,28,15,65.12,-7.76,-28.21,12.68,-3.339,0.455,22
"[-299,-200]",HR≥65/EDG≥0.0/CV≤0.45/μ≥0.5/TP≥50,65.12,0.0,0.45,0.5,50.0,44,43,28,15,65.12,-7.76,-28.21,12.68,-3.339,0.455,22
"[-299,-200]",HR≥65/EDG≥0.0/CV≤0.45/μ≥0.5/TP≥55,65.12,0.0,0.45,0.5,55.0,44,43,28,15,65.12,-7.76,-28.21,12.68,-3.339,0.455,22
"[-299,-200]",HR≥65/EDG≥0.0/CV≤0.45/μ≥0.5/TP≥60,65.12,0.0,0.45,0.5,60.0,44,43,28,15,65.12,-7.76,-28.21,12.68,-3.339,0.455,22
"[-299,-200]",HR≥65/EDG≥0.0/CV≤0.45/μ≥0.5/TP≥65,65.12,0.0,0.45,0.5,65.0,44,43,28,15,65.12,-7.76,-28.21,12.68,-3.339,0.455,22
"[-299,-200]",HR≥65/EDG≥0.0/CV≤0.45/μ≥1.0/TP≥-,66.67,0.0,0.45,1.0,,42,42,28,14,66.67,-5.57,-26.04,14.9,-2.339,0.455,22
"[-299,-200]",HR≥65/EDG≥0.0/CV≤0.45/μ≥1.0/TP≥50,66.67,0.0,0.45,1.0,50.0,42,42,28,14,66.67,-5.57,-26.04,14.9,-2.339,0.455,22
"[-299,-200]",HR≥65/EDG≥0.0/CV≤0.45/μ≥1.0/TP≥55,66.67,0.0,0.45,1.0,55.0,42,42,28,14,66.67,-5.57,-26.04,14.9,-2.339,0.455,22
"[-299,-200]",HR≥65/EDG≥0.0/CV≤0.45/μ≥1.0/TP≥60,66.67,0.0,0.45,1.0,60.0,42,42,28,14,66.67,-5.57,-26.04,14.9,-2.339,0.455,22
"[-299,-200]",HR≥65/EDG≥0.0/CV≤0.45/μ≥1.0/TP≥65,66.67,0.0,0.45,1.0,65.0,42,42,28,14,66.67,-5.57,-26.04,14.9,-2.339,0.455,22
"[-299,-200]",HR≥65/EDG≥5.0/CV≤-/μ≥-/TP≥-,64.81,5.0,,,,54,54,35,19,64.81,-7.78,-26.1,10.54,-4.202,0.545,22
"[-299,-200]",HR≥65/EDG≥5.0/CV≤-/μ≥-/TP≥50,64.81,5.0,,,50.0,54,54,35,19,64.81,-7.78,-26.1,10.54,-4.202,0.545,22
"[-299,-200]",HR≥65/EDG≥5.0/CV≤-/μ≥-/TP≥55,64.81,5.0,,,55.0,54,54,35,19,64.81,-7.78,-26.1,10.54,-4.202,0.545,22
"[-299,-200]",HR≥65/EDG≥5.0/CV≤-/μ≥-/TP≥60,64.81,5.0,,,60.0,54,54,35,19,64.81,-7.78,-26.1,10.54,-4.202,0.545,22
"[-299,-200]",HR≥65/EDG≥5.0/CV≤-/μ≥-/TP≥65,64.15,5.0,,,65.0,53,53,34,19,64.15,-8.84,-27.38,9.71,-4.683,0.545,22
"[-299,-200]",HR≥65/EDG≥5.0/CV≤-/μ≥0.0/TP≥-,64.81,5.0,,0.0,,54,54,35,19,64.81,-7.78,-26.1,10.54,-4.202,0.545,22
"[-299,-200]",HR≥65/EDG≥5.0/CV≤-/μ≥0.0/TP≥50,64.81,5.0,,0.0,50.0,54,54,35,19,64.81,-7.78,-26.1,10.54,-4.202,0.545,22
"[-299,-200]",HR≥65/EDG≥5.0/CV≤-/μ≥0.0/TP≥55,64.81,5.0,,0.0,55.0,54,54,35,19,64.81,-7.78,-26.1,10.54,-4.202,0.545,22
"[-299,-200]",HR≥65/EDG≥5.0/CV≤-/μ≥0.0/TP≥60,64.81,5.0,,0.0,60.0,54,54,35,19,64.81,-7.78,-26.1,10.54,-4.202,0.545,22
"[-299,-200]",HR≥65/EDG≥5.0/CV≤-/μ≥0.0/TP≥65,64.15,5.0,,0.0,65.0,53,53,34,19,64.15,-8.84,-27.38,9.71,-4.683,0.545,22
"[-299,-200]",HR≥65/EDG≥5.0/CV≤-/μ≥0.5/TP≥-,64.81,5.0,,0.5,,54,54,35,19,64.81,-7.78,-26.1,10.54,-4.202,0.545,22
"[-299,-200]",HR≥65/EDG≥5.0/CV≤-/μ≥0.5/TP≥50,64.81,5.0,,0.5,50.0,54,54,35,19,64.81,-7.78,-26.1,10.54,-4.202,0.545,22
"[-299,-200]",HR≥65/EDG≥5.0/CV≤-/μ≥0.5/TP≥55,64.81,5.0,,0.5,55.0,54,54,35,19,64.81,-7.78,-26.1,10.54,-4.202,0.545,22
"[-299,-200]",HR≥65/EDG≥5.0/CV≤-/μ≥0.5/TP≥60,64.81,5.0,,0.5,60.0,54,54,35,19,64.81,-7.78,-26.1,10.54,-4.202,0.545,22
"[-299,-200]",HR≥65/EDG≥5.0/CV≤-/μ≥0.5/TP≥65,64.15,5.0,,0.5,65.0,53,53,34,19,64.15,-8.84,-27.38,9.71,-4.683,0.545,22
"[-299,-200]",HR≥65/EDG≥5.0/CV≤-/μ≥1.0/TP≥-,66.04,5.0,,1.0,,53,53,35,18,66.04,-6.04,-24.38,12.3,-3.202,0.545,22
"[-299,-200]",HR≥65/EDG≥5.0/CV≤-/μ≥1.0/TP≥50,66.04,5.0,,1.0,50.0,53,53,35,18,66.04,-6.04,-24.38,12.3,-3.202,0.545,22
"[-299,-200]",HR≥65/EDG≥5.0/CV≤-/μ≥1.0/TP≥55,66.04,5.0,,1.0,55.0,53,53,35,18,66.04,-6.04,-24.38,12.3,-3.202,0.545,22
"[-299,-200]",HR≥65/EDG≥5.0/CV≤-/μ≥1.0/TP≥60,66.04,5.0,,1.0,60.0,53,53,35,18,66.04,-6.04,-24.38,12.3,-3.202,0.545,22
"[-299,-200]",HR≥65/EDG≥5.0/CV≤-/μ≥1.0/TP≥65,65.38,5.0,,1.0,65.0,52,52,34,18,65.38,-7.08,-25.66,11.5,-3.683,0.545,22
"[-299,-200]",HR≥65/EDG≥5.0/CV≤0.7/μ≥-/TP≥-,64.81,5.0,0.7,,,54,54,35,19,64.81,-7.78,-26.1,10.54,-4.202,0.545,22
"[-299,-200]",HR≥65/EDG≥5.0/CV≤0.7/μ≥-/TP≥50,64.81,5.0,0.7,,50.0,54,54,35,19,64.81,-7.78,-26.1,10.54,-4.202,0.545,22
"[-299,-200]",HR≥65/EDG≥5.0/CV≤0.7/μ≥-/TP≥55,64.81,5.0,0.7,,55.0,54,54,35,19,64.81,-7.78,-26.1,10.54,-4.202,0.545,22
"[-299,-200]",HR≥65/EDG≥5.0/CV≤0.7/μ≥-/TP≥60,64.81,5.0,0.7,,60.0,54,54,35,19,64.81,-7.78,-26.1,10.54,-4.202,0.545,22
"[-299,-200]",HR≥65/EDG≥5.0/CV≤0.7/μ≥-/TP≥65,64.15,5.0,0.7,,65.0,53,53,34,19,64.15,-8.84,-27.38,9.71,-4.683,0.545,22
"[-299,-200]",HR≥65/EDG≥5.0/CV≤0.7/μ≥0.0/TP≥-,64.81,5.0,0.7,0.0,,54,54,35,19,64.81,-7.78,-26.1,10.54,-4.202,0.545,22
"[-299,-200]",HR≥65/EDG≥5.0/CV≤0.7/μ≥0.0/TP≥50,64.81,5.0,0.7,0.0,50.0,54,54,35,19,64.81,-7.78,-26.1,10.54,-4.202,0.545,22
"[-299,-200]",HR≥65/EDG≥5.0/CV≤0.7/μ≥0.0/TP≥55,64.81,5.0,0.7,0.0,55.0,54,54,35,19,64.81,-7.78,-26.1,10.54,-4.202,0.545,22
"[-299,-200]",HR≥65/EDG≥5.0/CV≤0.7/μ≥0.0/TP≥60,64.81,5.0,0.7,0.0,60.0,54,54,35,19,64.81,-7.78,-26.1,10.54,-4.202,0.545,22
"[-299,-200]",HR≥65/EDG≥5.0/CV≤0.7/μ≥0.0/TP≥65,64.15,5.0,0.7,0.0,65.0,53,53,34,19,64.15,-8.84,-27.38,9.71,-4.683,0.545,22
"[-299,-200]",HR≥65/EDG≥5.0/CV≤0.7/μ≥0.5/TP≥-,64.81,5.0,0.7,0.5,,54,54,35,19,64.81,-7.78,-26.1,10.54,-4.202,0.545,22
"[-299,-200]",HR≥65/EDG≥5.0/CV≤0.7/μ≥0.5/TP≥50,64.81,5.0,0.7,0.5,50.0,54,54,35,19,64.81,-7.78,-26.1,10.54,-4.202,0.545,22
"[-299,-200]",HR≥65/EDG≥5.0/CV≤0.7/μ≥0.5/TP≥55,64.81,5.0,0.7,0.5,55.0,54,54,35,19,64.81,-7.78,-26.1,10.54,-4.202,0.545,22
"[-299,-200]",HR≥65/EDG≥5.0/CV≤0.7/μ≥0.5/TP≥60,64.81,5.0,0.7,0.5,60.0,54,54,35,19,64.81,-7.78,-26.1,10.54,-4.202,0.545,22
"[-299,-200]",HR≥65/EDG≥5.0/CV≤0.7/μ≥0.5/TP≥65,64.15,5.0,0.7,0.5,65.0,53,53,34,19,64.15,-8.84,-27.38,9.71,-4.683,0.545,22
"[-299,-200]",HR≥65/EDG≥5.0/CV≤0.7/μ≥1.0/TP≥-,66.04,5.0,0.7,1.0,,53,53,35,18,66.04,-6.04,-24.38,12.3,-3.202,0.545,22
"[-299,-200]",HR≥65/EDG≥5.0/CV≤0.7/μ≥1.0/TP≥50,66.04,5.0,0.7,1.0,50.0,53,53,35,18,66.04,-6.04,-24.38,12.3,-3.202,0.545,22
"[-299,-200]",HR≥65/EDG≥5.0/CV≤0.7/μ≥1.0/TP≥55,66.04,5.0,0.7,1.0,55.0,53,53,35,18,66.04,-6.04,-24.38,12.3,-3.202,0.545,22
"[-299,-200]",HR≥65/EDG≥5.0/CV≤0.7/μ≥1.0/TP≥60,66.04,5.0,0.7,1.0,60.0,53,53,35,18,66.04,-6.04,-24.38,12.3,-3.202,0.545,22
"[-299,-200]",HR≥65/EDG≥5.0/CV≤0.7/μ≥1.0/TP≥65,65.38,5.0,0.7,1.0,65.0,52,52,34,18,65.38,-7.08,-25.66,11.5,-3.683,0.545,22
"[-299,-200]",HR≥65/EDG≥5.0/CV≤0.6/μ≥-/TP≥-,64.15,5.0,0.6,,,53,53,34,19,64.15,-8.67,-27.25,9.92,-4.593,0.545,22
"[-299,-200]",HR≥65/EDG≥5.0/CV≤0.6/μ≥-/TP≥50,64.15,5.0,0.6,,50.0,53,53,34,19,64.15,-8.67,-27.25,9.92,-4.593,0.545,22
"[-299,-200]",HR≥65/EDG≥5.0/CV≤0.6/μ≥-/TP≥55,64.15,5.0,0.6,,55.0,53,53,34,19,64.15,-8.67,-27.25,9.92,-4.593,0.545,22
"[-299,-200]",HR≥65/EDG≥5.0/CV≤0.6/μ≥-/TP≥60,64.15,5.0,0.6,,60.0,53,53,34,19,64.15,-8.67,-27.25,9.92,-4.593,0.545,22
"[-299,-200]",HR≥65/EDG≥5.0/CV≤0.6/μ≥-/TP≥65,63.46,5.0,0.6,,65.0,52,52,33,19,63.46,-9.76,-28.57,9.06,-5.073,0.545,22
"[-299,-200]",HR≥65/EDG≥5.0/CV≤0.6/μ≥0.0/TP≥-,64.15,5.0,0.6,0.0,,53,53,34,19,64.15,-8.67,-27.25,9.92,-4.593,0.545,22
"[-299,-200]",HR≥65/EDG≥5.0/CV≤0.6/μ≥0.0/TP≥50,64.15,5.0,0.6,0.0,50.0,53,53,34,19,64.15,-8.67,-27.25,9.92,-4.593,0.545,22
"[-299,-200]",HR≥65/EDG≥5.0/CV≤0.6/μ≥0.0/TP≥55,64.15,5.0,0.6,0.0,55.0,53,53,34,19,64.15,-8.67,-27.25,9.92,-4.593,0.545,22
"[-299,-200]",HR≥65/EDG≥5.0/CV≤0.6/μ≥0.0/TP≥60,64.15,5.0,0.6,0.0,60.0,53,53,34,19,64.15,-8.67,-27.25,9.92,-4.593,0.545,22
"[-299,-200]",HR≥65/EDG≥5.0/CV≤0.6/μ≥0.0/TP≥65,63.46,5.0,0.6,0.0,65.0,52,52,33,19,63.46,-9.76,-28.57,9.06,-5.073,0.545,22
"[-299,-200]",HR≥65/EDG≥5.0/CV≤0.6/μ≥0.5/TP≥-,64.15,5.0,0.6,0.5,,53,53,34,19,64.15,-8.67,-27.25,9.92,-4.593,0.545,22
"[-299,-200]",HR≥65/EDG≥5.0/CV≤0.6/μ≥0.5/TP≥50,64.15,5.0,0.6,0.5,50.0,53,53,34,19,64.15,-8.67,-27.25,9.92,-4.593,0.545,22
"[-299,-200]",HR≥65/EDG≥5.0/CV≤0.6/μ≥0.5/TP≥55,64.15,5.0,0.6,0.5,55.0,53,53,34,19,64.15,-8.67,-27.25,9.92,-4.593,0.545,22
"[-299,-200]",HR≥65/EDG≥5.0/CV≤0.6/μ≥0.5/TP≥60,64.15,5.0,0.6,0.5,60.0,53,53,34,19,64.15,-8.67,-27.25,9.92,-4.593,0.545,22
"[-299,-200]",HR≥65/EDG≥5.0/CV≤0.6/μ≥0.5/TP≥65,63.46,5.0,0.6,0.5,65.0,52,52,33,19,63.46,-9.76,-28.57,9.06,-5.073,0.545,22
"[-299,-200]",HR≥65/EDG≥5.0/CV≤0.6/μ≥1.0/TP≥-,65.38,5.0,0.6,1.0,,52,52,34,18,65.38,-6.91,-25.52,11.71,-3.593,0.545,22
"[-299,-200]",HR≥65/EDG≥5.0/CV≤0.6/μ≥1.0/TP≥50,65.38,5.0,0.6,1.0,50.0,52,52,34,18,65.38,-6.91,-25.52,11.71,-3.593,0.545,22
"[-299,-200]",HR≥65/EDG≥5.0/CV≤0.6/μ≥1.0/TP≥55,65.38,5.0,0.6,1.0,55.0,52,52,34,18,65.38,-6.91,-25.52,11.71,-3.593,0.545,22
"[-299,-200]",HR≥65/EDG≥5.0/CV≤0.6/μ≥1.0/TP≥60,65.38,5.0,0.6,1.0,60.0,52,52,34,18,65.38,-6.91,-25.52,11.71,-3.593,0.545,22
"[-299,-200]",HR≥65/EDG≥5.0/CV≤0.6/μ≥1.0/TP≥65,64.71,5.0,0.6,1.0,65.0,51,51,33,18,64.71,-7.99,-26.85,10.87,-4.073,0.545,22
"[-299,-200]",HR≥65/EDG≥5.0/CV≤0.5/μ≥-/TP≥-,65.31,5.0,0.5,,,49,49,32,17,65.31,-7.03,-26.23,12.17,-3.445,0.545,22
"[-299,-200]",HR≥65/EDG≥5.0/CV≤0.5/μ≥-/TP≥50,65.31,5.0,0.5,,50.0,49,49,32,17,65.31,-7.03,-26.23,12.17,-3.445,0.545,22
"[-299,-200]",HR≥65/EDG≥5.0/CV≤0.5/μ≥-/TP≥55,65.31,5.0,0.5,,55.0,49,49,32,17,65.31,-7.03,-26.23,12.17,-3.445,0.545,22
"[-299,-200]",HR≥65/EDG≥5.0/CV≤0.5/μ≥-/TP≥60,65.31,5.0,0.5,,60.0,49,49,32,17,65.31,-7.03,-26.23,12.17,-3.445,0.545,22
"[-299,-200]",HR≥65/EDG≥5.0/CV≤0.5/μ≥-/TP≥65,64.58,5.0,0.5,,65.0,48,48,31,17,64.58,-8.18,-27.65,11.29,-3.926,0.545,22
"[-299,-200]",HR≥65/EDG≥5.0/CV≤0.5/μ≥0.0/TP≥-,65.31,5.0,0.5,0.0,,49,49,32,17,65.31,-7.03,-26.23,12.17,-3.445,0.545,22
"[-299,-200]",HR≥65/EDG≥5.0/CV≤0.5/μ≥0.0/TP≥50,65.31,5.0,0.5,0.0,50.0,49,49,32,17,65.31,-7.03,-26.23,12.17,-3.445,0.545,22
"[-299,-200]",HR≥65/EDG≥5.0/CV≤0.5/μ≥0.0/TP≥55,65.31,5.0,0.5,0.0,55.0,49,49,32,17,65.31,-7.03,-26.23,12.17,-3.445,0.545,22
"[-299,-200]",HR≥65/EDG≥5.0/CV≤0.5/μ≥0.0/TP≥60,65.31,5.0,0.5,0.0,60.0,49,49,32,17,65.31,-7.03,-26.23,12.17,-3.445,0.545,22
"[-299,-200]",HR≥65/EDG≥5.0/CV≤0.5/μ≥0.0/TP≥65,64.58,5.0,0.5,0.0,65.0,48,48,31,17,64.58,-8.18,-27.65,11.29,-3.926,0.545,22
"[-299,-200]",HR≥65/EDG≥5.0/CV≤0.5/μ≥0.5/TP≥-,65.31,5.0,0.5,0.5,,49,49,32,17,65.31,-7.03,-26.23,12.17,-3.445,0.545,22
"[-299,-200]",HR≥65/EDG≥5.0/CV≤0.5/μ≥0.5/TP≥50,65.31,5.0,0.5,0.5,50.0,49,49,32,17,65.31,-7.03,-26.23,12.17,-3.445,0.545,22
"[-299,-200]",HR≥65/EDG≥5.0/CV≤0.5/μ≥0.5/TP≥55,65.31,5.0,0.5,0.5,55.0,49,49,32,17,65.31,-7.03,-26.23,12.17,-3.445,0.545,22
"[-299,-200]",HR≥65/EDG≥5.0/CV≤0.5/μ≥0.5/TP≥60,65.31,5.0,0.5,0.5,60.0,49,49,32,17,65.31,-7.03,-26.23,12.17,-3.445,0.545,22
"[-299,-200]",HR≥65/EDG≥5.0/CV≤0.5/μ≥0.5/TP≥65,64.58,5.0,0.5,0.5,65.0,48,48,31,17,64.58,-8.18,-27.65,11.29,-3.926,0.545,22
"[-299,-200]",HR≥65/EDG≥5.0/CV≤0.5/μ≥1.0/TP≥-,66.67,5.0,0.5,1.0,,48,48,32,16,66.67,-5.09,-24.31,14.12,-2.445,0.545,22
"[-299,-200]",HR≥65/EDG≥5.0/CV≤0.5/μ≥1.0/TP≥50,66.67,5.0,0.5,1.0,50.0,48,48,32,16,66.67,-5.09,-24.31,14.12,-2.445,0.545,22
"[-299,-200]",HR≥65/EDG≥5.0/CV≤0.5/μ≥1.0/TP≥55,66.67,5.0,0.5,1.0,55.0,48,48,32,16,66.67,-5.09,-24.31,14.12,-2.445,0.545,22
"[-299,-200]",HR≥65/EDG≥5.0/CV≤0.5/μ≥1.0/TP≥60,66.67,5.0,0.5,1.0,60.0,48,48,32,16,66.67,-5.09,-24.31,14.12,-2.445,0.545,22
"[-299,-200]",HR≥65/EDG≥5.0/CV≤0.5/μ≥1.0/TP≥65,65.96,5.0,0.5,1.0,65.0,47,47,31,16,65.96,-6.23,-25.72,13.27,-2.926,0.545,22
"[-299,-200]",HR≥65/EDG≥5.0/CV≤0.45/μ≥-/TP≥-,67.57,5.0,0.45,,,37,37,25,12,67.57,-3.99,-25.75,17.77,-1.477,0.571,21
"[-299,-200]",HR≥65/EDG≥5.0/CV≤0.45/μ≥-/TP≥50,67.57,5.0,0.45,,50.0,37,37,25,12,67.57,-3.99,-25.75,17.77,-1.477,0.571,21
"[-299,-200]",HR≥65/EDG≥5.0/CV≤0.45/μ≥-/TP≥55,67.57,5.0,0.45,,55.0,37,37,25,12,67.57,-3.99,-25.75,17.77,-1.477,0.571,21
"[-299,-200]",HR≥65/EDG≥5.0/CV≤0.45/μ≥-/TP≥60,67.57,5.0,0.45,,60.0,37,37,25,12,67.57,-3.99,-25.75,17.77,-1.477,0.571,21
"[-299,-200]",HR≥65/EDG≥5.0/CV≤0.45/μ≥-/TP≥65,67.57,5.0,0.45,,65.0,37,37,25,12,67.57,-3.99,-25.75,17.77,-1.477,0.571,21
"[-299,-200]",HR≥65/EDG≥5.0/CV≤0.45/μ≥0.0/TP≥-,67.57,5.0,0.45,0.0,,37,37,25,12,67.57,-3.99,-25.75,17.77,-1.477,0.571,21
"[-299,-200]",HR≥65/EDG≥5.0/CV≤0.45/μ≥0.0/TP≥50,67.57,5.0,0.45,0.0,50.0,37,37,25,12,67.57,-3.99,-25.75,17.77,-1.477,0.571,21
"[-299,-200]",HR≥65/EDG≥5.0/CV≤0.45/μ≥0.0/TP≥55,67.57,5.0,0.45,0.0,55.0,37,37,25,12,67.57,-3.99,-25.75,17.77,-1.477,0.571,21
"[-299,-200]",HR≥65/EDG≥5.0/CV≤0.45/μ≥0.0/TP≥60,67.57,5.0,0.45,0.0,60.0,37,37,25,12,67.57,-3.99,-25.75,17.77,-1.477,0.571,21
"[-299,-200]",HR≥65/EDG≥5.0/CV≤0.45/μ≥0.0/TP≥65,67.57,5.0,0.45,0.0,65.0,37,37,25,12,67.57,-3.99,-25.75,17.77,-1.477,0.571,21
"[-299,-200]",HR≥65/EDG≥5.0/CV≤0.45/μ≥0.5/TP≥-,67.57,5.0,0.45,0.5,,37,37,25,12,67.57,-3.99,-25.75,17.77,-1.477,0.571,21
"[-299,-200]",HR≥65/EDG≥5.0/CV≤0.45/μ≥0.5/TP≥50,67.57,5.0,0.45,0.5,50.0,37,37,25,12,67.57,-3.99,-25.75,17.77,-1.477,0.571,21
"[-299,-200]",HR≥65/EDG≥5.0/CV≤0.45/μ≥0.5/TP≥55,67.57,5.0,0.45,0.5,55.0,37,37,25,12,67.57,-3.99,-25.75,17.77,-1.477,0.571,21
"[-299,-200]",HR≥65/EDG≥5.0/CV≤0.45/μ≥0.5/TP≥60,67.57,5.0,0.45,0.5,60.0,37,37,25,12,67.57,-3.99,-25.75,17.77,-1.477,0.571,21
"[-299,-200]",HR≥65/EDG≥5.0/CV≤0.45/μ≥0.5/TP≥65,67.57,5.0,0.45,0.5,65.0,37,37,25,12,67.57,-3.99,-25.75,17.77,-1.477,0.571,21
"[-299,-200]",HR≥65/EDG≥5.0/CV≤0.45/μ≥1.0/TP≥-,69.44,5.0,0.45,1.0,,36,36,25,11,69.44,-1.32,-23.04,20.4,-0.477,0.571,21
"[-299,-200]",HR≥65/EDG≥5.0/CV≤0.45/μ≥1.0/TP≥50,69.44,5.0,0.45,1.0,50.0,36,36,25,11,69.44,-1.32,-23.04,20.4,-0.477,0.571,21
"[-299,-200]",HR≥65/EDG≥5.0/CV≤0.45/μ≥1.0/TP≥55,69.44,5.0,0.45,1.0,55.0,36,36,25,11,69.44,-1.32,-23.04,20.4,-0.477,0.571,21
"[-299,-200]",HR≥65/EDG≥5.0/CV≤0.45/μ≥1.0/TP≥60,69.44,5.0,0.45,1.0,60.0,36,36,25,11,69.44,-1.32,-23.04,20.4,-0.477,0.571,21
"[-299,-200]",HR≥65/EDG≥5.0/CV≤0.45/μ≥1.0/TP≥65,69.44,5.0,0.45,1.0,65.0,36,36,25,11,69.44,-1.32,-23.04,20.4,-0.477,0.571,21
"[-299,-200]",HR≥65/EDG≥10.0/CV≤-/μ≥-/TP≥-,67.57,10.0,,,,37,37,25,12,67.57,-3.67,-25.5,18.16,-1.359,0.55,20
"[-299,-200]",HR≥65/EDG≥10.0/CV≤-/μ≥-/TP≥50,67.57,10.0,,,50.0,37,37,25,12,67.57,-3.67,-25.5,18.16,-1.359,0.55,20
"[-299,-200]",HR≥65/EDG≥10.0/CV≤-/μ≥-/TP≥55,67.57,10.0,,,55.0,37,37,25,12,67.57,-3.67,-25.5,18.16,-1.359,0.55,20
"[-299,-200]",HR≥65/EDG≥10.0/CV≤-/μ≥-/TP≥60,67.57,10.0,,,60.0,37,37,25,12,67.57,-3.67,-25.5,18.16,-1.359,0.55,20
"[-299,-200]",HR≥65/EDG≥10.0/CV≤-/μ≥-/TP≥65,67.57,10.0,,,65.0,37,37,25,12,67.57,-3.67,-25.5,18.16,-1.359,0.55,20
"[-299,-200]",HR≥65/EDG≥10.0/CV≤-/μ≥0.0/TP≥-,67.57,10.0,,0.0,,37,37,25,12,67.57,-3.67,-25.5,18.16,-1.359,0.55,20
"[-299,-200]",HR≥65/EDG≥10.0/CV≤-/μ≥0.0/TP≥50,67.57,10.0,,0.0,50.0,37,37,25,12,67.57,-3.67,-25.5,18.16,-1.359,0.55,20
"[-299,-200]",HR≥65/EDG≥10.0/CV≤-/μ≥0.0/TP≥55,67.57,10.0,,0.0,55.0,37,37,25,12,67.57,-3.67,-25.5,18.16,-1.359,0.55,20
"[-299,-200]",HR≥65/EDG≥10.0/CV≤-/μ≥0.0/TP≥60,67.57,10.0,,0.0,60.0,37,37,25,12,67.57,-3.67,-25.5,18.16,-1.359,0.55,20
"[-299,-200]",HR≥65/EDG≥10.0/CV≤-/μ≥0.0/TP≥65,67.57,10.0,,0.0,65.0,37,37,25,12,67.57,-3.67,-25.5,18.16,-1.359,0.55,20
"[-299,-200]",HR≥65/EDG≥10.0/CV≤-/μ≥0.5/TP≥-,67.57,10.0,,0.5,,37,37,25,12,67.57,-3.67,-25.5,18.16,-1.359,0.55,20
"[-299,-200]",HR≥65/EDG≥10.0/CV≤-/μ≥0.5/TP≥50,67.57,10.0,,0.5,50.0,37,37,25,12,67.57,-3.67,-25.5,18.16,-1.359,0.55,20
"[-299,-200]",HR≥65/EDG≥10.0/CV≤-/μ≥0.5/TP≥55,67.57,10.0,,0.5,55.0,37,37,25,12,67.57,-3.67,-25.5,18.16,-1.359,0.55,20
"[-299,-200]",HR≥65/EDG≥10.0/CV≤-/μ≥0.5/TP≥60,67.57,10.0,,0.5,60.0,37,37,25,12,67.57,-3.67,-25.5,18.16,-1.359,0.55,20
"[-299,-200]",HR≥65/EDG≥10.0/CV≤-/μ≥0.5/TP≥65,67.57,10.0,,0.5,65.0,37,37,25,12,67.57,-3.67,-25.5,18.16,-1.359,0.55,20
"[-299,-200]",HR≥65/EDG≥10.0/CV≤-/μ≥1.0/TP≥-,67.57,10.0,,1.0,,37,37,25,12,67.57,-3.67,-25.5,18.16,-1.359,0.55,20
"[-299,-200]",HR≥65/EDG≥10.0/CV≤-/μ≥1.0/TP≥50,67.57,10.0,,1.0,50.0,37,37,25,12,67.57,-3.67,-25.5,18.16,-1.359,0.55,20
"[-299,-200]",HR≥65/EDG≥10.0/CV≤-/μ≥1.0/TP≥55,67.57,10.0,,1.0,55.0,37,37,25,12,67.57,-3.67,-25.5,18.16,-1.359,0.55,20
"[-299,-200]",HR≥65/EDG≥10.0/CV≤-/μ≥1.0/TP≥60,67.57,10.0,,1.0,60.0,37,37,25,12,67.57,-3.67,-25.5,18.16,-1.359,0.55,20
"[-299,-200]",HR≥65/EDG≥10.0/CV≤-/μ≥1.0/TP≥65,67.57,10.0,,1.0,65.0,37,37,25,12,67.57,-3.67,-25.5,18.16,-1.359,0.55,20
"[-299,-200]",HR≥65/EDG≥10.0/CV≤0.7/μ≥-/TP≥-,67.57,10.0,0.7,,,37,37,25,12,67.57,-3.67,-25.5,18.16,-1.359,0.55,20
"[-299,-200]",HR≥65/EDG≥10.0/CV≤0.7/μ≥-/TP≥50,67.57,10.0,0.7,,50.0,37,37,25,12,67.57,-3.67,-25.5,18.16,-1.359,0.55,20
"[-299,-200]",HR≥65/EDG≥10.0/CV≤0.7/μ≥-/TP≥55,67.57,10.0,0.7,,55.0,37,37,25,12,67.57,-3.67,-25.5,18.16,-1.359,0.55,20
"[-299,-200]",HR≥65/EDG≥10.0/CV≤0.7/μ≥-/TP≥60,67.57,10.0,0.7,,60.0,37,37,25,12,67.57,-3.67,-25.5,18.16,-1.359,0.55,20
"[-299,-200]",HR≥65/EDG≥10.0/CV≤0.7/μ≥-/TP≥65,67.57,10.0,0.7,,65.0,37,37,25,12,67.57,-3.67,-25.5,18.16,-1.359,0.55,20
"[-299,-200]",HR≥65/EDG≥10.0/CV≤0.7/μ≥0.0/TP≥-,67.57,10.0,0.7,0.0,,37,37,25,12,67.57,-3.67,-25.5,18.16,-1.359,0.55,20
"[-299,-200]",HR≥65/EDG≥10.0/CV≤0.7/μ≥0.0/TP≥50,67.57,10.0,0.7,0.0,50.0,37,37,25,12,67.57,-3.67,-25.5,18.16,-1.359,0.55,20
"[-299,-200]",HR≥65/EDG≥10.0/CV≤0.7/μ≥0.0/TP≥55,67.57,10.0,0.7,0.0,55.0,37,37,25,12,67.57,-3.67,-25.5,18.16,-1.359,0.55,20
"[-299,-200]",HR≥65/EDG≥10.0/CV≤0.7/μ≥0.0/TP≥60,67.57,10.0,0.7,0.0,60.0,37,37,25,12,67.57,-3.67,-25.5,18.16,-1.359,0.55,20
"[-299,-200]",HR≥65/EDG≥10.0/CV≤0.7/μ≥0.0/TP≥65,67.57,10.0,0.7,0.0,65.0,37,37,25,12,67.57,-3.67,-25.5,18.16,-1.359,0.55,20
"[-299,-200]",HR≥65/EDG≥10.0/CV≤0.7/μ≥0.5/TP≥-,67.57,10.0,0.7,0.5,,37,37,25,12,67.57,-3.67,-25.5,18.16,-1.359,0.55,20
"[-299,-200]",HR≥65/EDG≥10.0/CV≤0.7/μ≥0.5/TP≥50,67.57,10.0,0.7,0.5,50.0,37,37,25,12,67.57,-3.67,-25.5,18.16,-1.359,0.55,20
"[-299,-200]",HR≥65/EDG≥10.0/CV≤0.7/μ≥0.5/TP≥55,67.57,10.0,0.7,0.5,55.0,37,37,25,12,67.57,-3.67,-25.5,18.16,-1.359,0.55,20
"[-299,-200]",HR≥65/EDG≥10.0/CV≤0.7/μ≥0.5/TP≥60,67.57,10.0,0.7,0.5,60.0,37,37,25,12,67.57,-3.67,-25.5,18.16,-1.359,0.55,20
"[-299,-200]",HR≥65/EDG≥10.0/CV≤0.7/μ≥0.5/TP≥65,67.57,10.0,0.7,0.5,65.0,37,37,25,12,67.57,-3.67,-25.5,18.16,-1.359,0.55,20
"[-299,-200]",HR≥65/EDG≥10.0/CV≤0.7/μ≥1.0/TP≥-,67.57,10.0,0.7,1.0,,37,37,25,12,67.57,-3.67,-25.5,18.16,-1.359,0.55,20
"[-299,-200]",HR≥65/EDG≥10.0/CV≤0.7/μ≥1.0/TP≥50,67.57,10.0,0.7,1.0,50.0,37,37,25,12,67.57,-3.67,-25.5,18.16,-1.359,0.55,20
"[-299,-200]",HR≥65/EDG≥10.0/CV≤0.7/μ≥1.0/TP≥55,67.57,10.0,0.7,1.0,55.0,37,37,25,12,67.57,-3.67,-25.5,18.16,-1.359,0.55,20
"[-299,-200]",HR≥65/EDG≥10.0/CV≤0.7/μ≥1.0/TP≥60,67.57,10.0,0.7,1.0,60.0,37,37,25,12,67.57,-3.67,-25.5,18.16,-1.359,0.55,20
"[-299,-200]",HR≥65/EDG≥10.0/CV≤0.7/μ≥1.0/TP≥65,67.57,10.0,0.7,1.0,65.0,37,37,25,12,67.57,-3.67,-25.5,18.16,-1.359,0.55,20
"[-299,-200]",HR≥65/EDG≥10.0/CV≤0.6/μ≥-/TP≥-,66.67,10.0,0.6,,,36,36,24,12,66.67,-4.86,-27.18,17.46,-1.749,0.55,20
"[-299,-200]",HR≥65/EDG≥10.0/CV≤0.6/μ≥-/TP≥50,66.67,10.0,0.6,,50.0,36,36,24,12,66.67,-4.86,-27.18,17.46,-1.749,0.55,20
"[-299,-200]",HR≥65/EDG≥10.0/CV≤0.6/μ≥-/TP≥55,66.67,10.0,0.6,,55.0,36,36,24,12,66.67,-4.86,-27.18,17.46,-1.749,0.55,20
"[-299,-200]",HR≥65/EDG≥10.0/CV≤0.6/μ≥-/TP≥60,66.67,10.0,0.6,,60.0,36,36,24,12,66.67,-4.86,-27.18,17.46,-1.749,0.55,20
"[-299,-200]",HR≥65/EDG≥10.0/CV≤0.6/μ≥-/TP≥65,66.67,10.0,0.6,,65.0,36,36,24,12,66.67,-4.86,-27.18,17.46,-1.749,0.55,20
"[-299,-200]",HR≥65/EDG≥10.0/CV≤0.6/μ≥0.0/TP≥-,66.67,10.0,0.6,0.0,,36,36,24,12,66.67,-4.86,-27.18,17.46,-1.749,0.55,20
"[-299,-200]",HR≥65/EDG≥10.0/CV≤0.6/μ≥0.0/TP≥50,66.67,10.0,0.6,0.0,50.0,36,36,24,12,66.67,-4.86,-27.18,17.46,-1.749,0.55,20
"[-299,-200]",HR≥65/EDG≥10.0/CV≤0.6/μ≥0.0/TP≥55,66.67,10.0,0.6,0.0,55.0,36,36,24,12,66.67,-4.86,-27.18,17.46,-1.749,0.55,20
"[-299,-200]",HR≥65/EDG≥10.0/CV≤0.6/μ≥0.0/TP≥60,66.67,10.0,0.6,0.0,60.0,36,36,24,12,66.67,-4.86,-27.18,17.46,-1.749,0.55,20
"[-299,-200]",HR≥65/EDG≥10.0/CV≤0.6/μ≥0.0/TP≥65,66.67,10.0,0.6,0.0,65.0,36,36,24,12,66.67,-4.86,-27.18,17.46,-1.749,0.55,20
"[-299,-200]",HR≥65/EDG≥10.0/CV≤0.6/μ≥0.5/TP≥-,66.67,10.0,0.6,0.5,,36,36,24,12,66.67,-4.86,-27.18,17.46,-1.749,0.55,20
"[-299,-200]",HR≥65/EDG≥10.0/CV≤0.6/μ≥0.5/TP≥50,66.67,10.0,0.6,0.5,50.0,36,36,24,12,66.67,-4.86,-27.18,17.46,-1.749,0.55,20
"[-299,-200]",HR≥65/EDG≥10.0/CV≤0.6/μ≥0.5/TP≥55,66.67,10.0,0.6,0.5,55.0,36,36,24,12,66.67,-4.86,-27.18,17.46,-1.749,0.55,20
"[-299,-200]",HR≥65/EDG≥10.0/CV≤0.6/μ≥0.5/TP≥60,66.67,10.0,0.6,0.5,60.0,36,36,24,12,66.67,-4.86,-27.18,17.46,-1.749,0.55,20
"[-299,-200]",HR≥65/EDG≥10.0/CV≤0.6/μ≥0.5/TP≥65,66.67,10.0,0.6,0.5,65.0,36,36,24,12,66.67,-4.86,-27.18,17.46,-1.749,0.55,20
"[-299,-200]",HR≥65/EDG≥10.0/CV≤0.6/μ≥1.0/TP≥-,66.67,10.0,0.6,1.0,,36,36,24,12,66.67,-4.86,-27.18,17.46,-1.749,0.55,20
"[-299,-200]",HR≥65/EDG≥10.0/CV≤0.6/μ≥1.0/TP≥50,66.67,10.0,0.6,1.0,50.0,36,36,24,12,66.67,-4.86,-27.18,17.46,-1.749,0.55,20
"[-299,-200]",HR≥65/EDG≥10.0/CV≤0.6/μ≥1.0/TP≥55,66.67,10.0,0.6,1.0,55.0,36,36,24,12,66.67,-4.86,-27.18,17.46,-1.749,0.55,20
"[-299,-200]",HR≥65/EDG≥10.0/CV≤0.6/μ≥1.0/TP≥60,66.67,10.0,0.6,1.0,60.0,36,36,24,12,66.67,-4.86,-27.18,17.46,-1.749,0.55,20
"[-299,-200]",HR≥65/EDG≥10.0/CV≤0.6/μ≥1.0/TP≥65,66.67,10.0,0.6,1.0,65.0,36,36,24,12,66.67,-4.86,-27.18,17.46,-1.749,0.55,20
"[-299,-200]",HR≥65/EDG≥10.0/CV≤0.5/μ≥-/TP≥-,65.71,10.0,0.5,,,35,35,23,12,65.71,-6.27,-29.05,16.52,-2.194,0.55,20
"[-299,-200]",HR≥65/EDG≥10.0/CV≤0.5/μ≥-/TP≥50,65.71,10.0,0.5,,50.0,35,35,23,12,65.71,-6.27,-29.05,16.52,-2.194,0.55,20
"[-299,-200]",HR≥65/EDG≥10.0/CV≤0.5/μ≥-/TP≥55,65.71,10.0,0.5,,55.0,35,35,23,12,65.71,-6.27,-29.05,16.52,-2.194,0.55,20
"[-299,-200]",HR≥65/EDG≥10.0/CV≤0.5/μ≥-/TP≥60,65.71,10.0,0.5,,60.0,35,35,23,12,65.71,-6.27,-29.05,16.52,-2.194,0.55,20
"[-299,-200]",HR≥65/EDG≥10.0/CV≤0.5/μ≥-/TP≥65,65.71,10.0,0.5,,65.0,35,35,23,12,65.71,-6.27,-29.05,16.52,-2.194,0.55,20
"[-299,-200]",HR≥65/EDG≥10.0/CV≤0.5/μ≥0.0/TP≥-,65.71,10.0,0.5,0.0,,35,35,23,12,65.71,-6.27,-29.05,16.52,-2.194,0.55,20
"[-299,-200]",HR≥65/EDG≥10.0/CV≤0.5/μ≥0.0/TP≥50,65.71,10.0,0.5,0.0,50.0,35,35,23,12,65.71,-6.27,-29.05,16.52,-2.194,0.55,20
"[-299,-200]",HR≥65/EDG≥10.0/CV≤0.5/μ≥0.0/TP≥55,65.71,10.0,0.5,0.0,55.0,35,35,23,12,65.71,-6.27,-29.05,16.52,-2.194,0.55,20
"[-299,-200]",HR≥65/EDG≥10.0/CV≤0.5/μ≥0.0/TP≥60,65.71,10.0,0.5,0.0,60.0,35,35,23,12,65.71,-6.27,-29.05,16.52,-2.194,0.55,20
"[-299,-200]",HR≥65/EDG≥10.0/CV≤0.5/μ≥0.0/TP≥65,65.71,10.0,0.5,0.0,65.0,35,35,23,12,65.71,-6.27,-29.05,16.52,-2.194,0.55,20
"[-299,-200]",HR≥65/EDG≥10.0/CV≤0.5/μ≥0.5/TP≥-,65.71,10.0,0.5,0.5,,35,35,23,12,65.71,-6.27,-29.05,16.52,-2.194,0.55,20
"[-299,-200]",HR≥65/EDG≥10.0/CV≤0.5/μ≥0.5/TP≥50,65.71,10.0,0.5,0.5,50.0,35,35,23,12,65.71,-6.27,-29.05,16.52,-2.194,0.55,20
"[-299,-200]",HR≥65/EDG≥10.0/CV≤0.5/μ≥0.5/TP≥55,65.71,10.0,0.5,0.5,55.0,35,35,23,12,65.71,-6.27,-29.05,16.52,-2.194,0.55,20
"[-299,-200]",HR≥65/EDG≥10.0/CV≤0.5/μ≥0.5/TP≥60,65.71,10.0,0.5,0.5,60.0,35,35,23,12,65.71,-6.27,-29.05,16.52,-2.194,0.55,20
"[-299,-200]",HR≥65/EDG≥10.0/CV≤0.5/μ≥0.5/TP≥65,65.71,10.0,0.5,0.5,65.0,35,35,23,12,65.71,-6.27,-29.05,16.52,-2.194,0.55,20
"[-299,-200]",HR≥65/EDG≥10.0/CV≤0.5/μ≥1.0/TP≥-,65.71,10.0,0.5,1.0,,35,35,23,12,65.71,-6.27,-29.05,16.52,-2.194,0.55,20
"[-299,-200]",HR≥65/EDG≥10.0/CV≤0.5/μ≥1.0/TP≥50,65.71,10.0,0.5,1.0,50.0,35,35,23,12,65.71,-6.27,-29.05,16.52,-2.194,0.55,20
"[-299,-200]",HR≥65/EDG≥10.0/CV≤0.5/μ≥1.0/TP≥55,65.71,10.0,0.5,1.0,55.0,35,35,23,12,65.71,-6.27,-29.05,16.52,-2.194,0.55,20
"[-299,-200]",HR≥65/EDG≥10.0/CV≤0.5/μ≥1.0/TP≥60,65.71,10.0,0.5,1.0,60.0,35,35,23,12,65.71,-6.27,-29.05,16.52,-2.194,0.55,20
"[-299,-200]",HR≥65/EDG≥10.0/CV≤0.5/μ≥1.0/TP≥65,65.71,10.0,0.5,1.0,65.0,35,35,23,12,65.71,-6.27,-29.05,16.52,-2.194,0.55,20
"[-299,-200]",HR≥70/EDG≥-/CV≤-/μ≥-/TP≥-,63.01,,,,,75,73,46,27,63.01,-11.05,-26.82,4.71,-8.069,0.385,26
"[-299,-200]",HR≥70/EDG≥-/CV≤-/μ≥-/TP≥50,62.32,,,,50.0,71,69,43,26,62.32,-12.1,-28.37,4.18,-8.347,0.32,25
"[-299,-200]",HR≥70/EDG≥-/CV≤-/μ≥-/TP≥55,62.32,,,,55.0,71,69,43,26,62.32,-12.1,-28.37,4.18,-8.347,0.32,25
"[-299,-200]",HR≥70/EDG≥-/CV≤-/μ≥-/TP≥60,63.64,,,,60.0,68,66,42,24,63.64,-10.25,-26.77,6.27,-6.763,0.36,25
"[-299,-200]",HR≥70/EDG≥-/CV≤-/μ≥-/TP≥65,64.52,,,,65.0,64,62,40,22,64.52,-9.24,-26.16,7.68,-5.728,0.417,24
"[-299,-200]",HR≥70/EDG≥-/CV≤-/μ≥0.0/TP≥-,63.64,,,0.0,,68,66,42,24,63.64,-10.37,-26.87,6.12,-6.847,0.32,25
"[-299,-200]",HR≥70/EDG≥-/CV≤-/μ≥0.0/TP≥50,63.64,,,0.0,50.0,68,66,42,24,63.64,-10.37,-26.87,6.12,-6.847,0.32,25
"[-299,-200]",HR≥70/EDG≥-/CV≤-/μ≥0.0/TP≥55,63.64,,,0.0,55.0,68,66,42,24,63.64,-10.37,-26.87,6.12,-6.847,0.32,25
"[-299,-200]",HR≥70/EDG≥-/CV≤-/μ≥0.0/TP≥60,65.08,,,0.0,60.0,65,63,41,22,65.08,-8.35,-25.09,8.38,-5.263,0.36,25
"[-299,-200]",HR≥70/EDG≥-/CV≤-/μ≥0.0/TP≥65,66.67,,,0.0,65.0,62,60,40,20,66.67,-6.21,-23.17,10.74,-3.728,0.417,24
"[-299,-200]",HR≥70/EDG≥-/CV≤-/μ≥0.5/TP≥-,63.33,,,0.5,,62,60,38,22,63.33,-10.73,-28.09,6.64,-6.435,0.36,25
"[-299,-200]",HR≥70/EDG≥-/CV≤-/μ≥0.5/TP≥50,63.33,,,0.5,50.0,62,60,38,22,63.33,-10.73,-28.09,6.64,-6.435,0.36,25
"[-299,-200]",HR≥70/EDG≥-/CV≤-/μ≥0.5/TP≥55,63.33,,,0.5,55.0,62,60,38,22,63.33,-10.73,-28.09,6.64,-6.435,0.36,25
"[-299,-200]",HR≥70/EDG≥-/CV≤-/μ≥0.5/TP≥60,63.33,,,0.5,60.0,62,60,38,22,63.33,-10.73,-28.09,6.64,-6.435,0.36,25
"[-299,-200]",HR≥70/EDG≥-/CV≤-/μ≥0.5/TP≥65,64.91,,,0.5,65.0,59,57,37,20,64.91,-8.6,-26.23,9.03,-4.9,0.417,24
"[-299,-200]",HR≥70/EDG≥-/CV≤-/μ≥1.0/TP≥-,64.58,,,1.0,,48,48,31,17,64.58,-8.92,-28.23,10.4,-4.279,0.435,23
"[-299,-200]",HR≥70/EDG≥-/CV≤-/μ≥1.0/TP≥50,64.58,,,1.0,50.0,48,48,31,17,64.58,-8.92,-28.23,10.4,-4.279,0.435,23
"[-299,-200]",HR≥70/EDG≥-/CV≤-/μ≥1.0/TP≥55,64.58,,,1.0,55.0,48,48,31,17,64.58,-8.92,-28.23,10.4,-4.279,0.435,23
"[-299,-200]",HR≥70/EDG≥-/CV≤-/μ≥1.0/TP≥60,64.58,,,1.0,60.0,48,48,31,17,64.58,-8.92,-28.23,10.4,-4.279,0.435,23
"[-299,-200]",HR≥70/EDG≥-/CV≤-/μ≥1.0/TP≥65,64.58,,,1.0,65.0,48,48,31,17,64.58,-8.92,-28.23,10.4,-4.279,0.435,23
"[-299,-200]",HR≥70/EDG≥-/CV≤0.7/μ≥-/TP≥-,63.01,,0.7,,,75,73,46,27,63.01,-11.05,-26.82,4.71,-8.069,0.385,26
"[-299,-200]",HR≥70/EDG≥-/CV≤0.7/μ≥-/TP≥50,62.32,,0.7,,50.0,71,69,43,26,62.32,-12.1,-28.37,4.18,-8.347,0.32,25
"[-299,-200]",HR≥70/EDG≥-/CV≤0.7/μ≥-/TP≥55,62.32,,0.7,,55.0,71,69,43,26,62.32,-12.1,-28.37,4.18,-8.347,0.32,25
"[-299,-200]",HR≥70/EDG≥-/CV≤0.7/μ≥-/TP≥60,63.64,,0.7,,60.0,68,66,42,24,63.64,-10.25,-26.77,6.27,-6.763,0.36,25
"[-299,-200]",HR≥70/EDG≥-/CV≤0.7/μ≥-/TP≥65,64.52,,0.7,,65.0,64,62,40,22,64.52,-9.24,-26.16,7.68,-5.728,0.417,24
"[-299,-200]",HR≥70/EDG≥-/CV≤0.7/μ≥0.0/TP≥-,63.64,,0.7,0.0,,68,66,42,24,63.64,-10.37,-26.87,6.12,-6.847,0.32,25
"[-299,-200]",HR≥70/EDG≥-/CV≤0.7/μ≥0.0/TP≥50,63.64,,0.7,0.0,50.0,68,66,42,24,63.64,-10.37,-26.87,6.12,-6.847,0.32,25
"[-299,-200]",HR≥70/EDG≥-/CV≤0.7/μ≥0.0/TP≥55,63.64,,0.7,0.0,55.0,68,66,42,24,63.64,-10.37,-26.87,6.12,-6.847,0.32,25
"[-299,-200]",HR≥70/EDG≥-/CV≤0.7/μ≥0.0/TP≥60,65.08,,0.7,0.0,60.0,65,63,41,22,65.08,-8.35,-25.09,8.38,-5.263,0.36,25
"[-299,-200]",HR≥70/EDG≥-/CV≤0.7/μ≥0.0/TP≥65,66.67,,0.7,0.0,65.0,62,60,40,20,66.67,-6.21,-23.17,10.74,-3.728,0.417,24
"[-299,-200]",HR≥70/EDG≥-/CV≤0.7/μ≥0.5/TP≥-,63.33,,0.7,0.5,,62,60,38,22,63.33,-10.73,-28.09,6.64,-6.435,0.36,25
"[-299,-200]",HR≥70/EDG≥-/CV≤0.7/μ≥0.5/TP≥50,63.33,,0.7,0.5,50.0,62,60,38,22,63.33,-10.73,-28.09,6.64,-6.435,0.36,25
"[-299,-200]",HR≥70/EDG≥-/CV≤0.7/μ≥0.5/TP≥55,63.33,,0.7,0.5,55.0,62,60,38,22,63.33,-10.73,-28.09,6.64,-6.435,0.36,25
"[-299,-200]",HR≥70/EDG≥-/CV≤0.7/μ≥0.5/TP≥60,63.33,,0.7,0.5,60.0,62,60,38,22,63.33,-10.73,-28.09,6.64,-6.435,0.36,25
"[-299,-200]",HR≥70/EDG≥-/CV≤0.7/μ≥0.5/TP≥65,64.91,,0.7,0.5,65.0,59,57,37,20,64.91,-8.6,-26.23,9.03,-4.9,0.417,24
"[-299,-200]",HR≥70/EDG≥-/CV≤0.7/μ≥1.0/TP≥-,64.58,,0.7,1.0,,48,48,31,17,64.58,-8.92,-28.23,10.4,-4.279,0.435,23
"[-299,-200]",HR≥70/EDG≥-/CV≤0.7/μ≥1.0/TP≥50,64.58,,0.7,1.0,50.0,48,48,31,17,64.58,-8.92,-28.23,10.4,-4.279,0.435,23
"[-299,-200]",HR≥70/EDG≥-/CV≤0.7/μ≥1.0/TP≥55,64.58,,0.7,1.0,55.0,48,48,31,17,64.58,-8.92,-28.23,10.4,-4.279,0.435,23
"[-299,-200]",HR≥70/EDG≥-/CV≤0.7/μ≥1.0/TP≥60,64.58,,0.7,1.0,60.0,48,48,31,17,64.58,-8.92,-28.23,10.4,-4.279,0.435,23
"[-299,-200]",HR≥70/EDG≥-/CV≤0.7/μ≥1.0/TP≥65,64.58,,0.7,1.0,65.0,48,48,31,17,64.58,-8.92,-28.23,10.4,-4.279,0.435,23
"[-299,-200]",HR≥70/EDG≥-/CV≤0.6/μ≥-/TP≥-,62.5,,0.6,,,74,72,45,27,62.5,-11.68,-27.61,4.26,-8.408,0.385,26
"[-299,-200]",HR≥70/EDG≥-/CV≤0.6/μ≥-/TP≥50,61.76,,0.6,,50.0,70,68,42,26,61.76,-12.77,-29.23,3.69,-8.686,0.32,25
"[-299,-200]",HR≥70/EDG≥-/CV≤0.6/μ≥-/TP≥55,61.76,,0.6,,55.0,70,68,42,26,61.76,-12.77,-29.23,3.69,-8.686,0.32,25
"[-299,-200]",HR≥70/EDG≥-/CV≤0.6/μ≥-/TP≥60,63.08,,0.6,,60.0,67,65,41,24,63.08,-10.93,-27.65,5.8,-7.102,0.36,25
"[-299,-200]",HR≥70/EDG≥-/CV≤0.6/μ≥-/TP≥65,63.93,,0.6,,65.0,63,61,39,22,63.93,-9.95,-27.09,7.19,-6.067,0.417,24
"[-299,-200]",HR≥70/EDG≥-/CV≤0.6/μ≥0.0/TP≥-,63.08,,0.6,0.0,,67,65,41,24,63.08,-11.05,-27.75,5.64,-7.186,0.32,25
"[-299,-200]",HR≥70/EDG≥-/CV≤0.6/μ≥0.0/TP≥50,63.08,,0.6,0.0,50.0,67,65,41,24,63.08,-11.05,-27.75,5.64,-7.186,0.32,25
"[-299,-200]",HR≥70/EDG≥-/CV≤0.6/μ≥0.0/TP≥55,63.08,,0.6,0.0,55.0,67,65,41,24,63.08,-11.05,-27.75,5.64,-7.186,0.32,25
"[-299,-200]",HR≥70/EDG≥-/CV≤0.6/μ≥0.0/TP≥60,64.52,,0.6,0.0,60.0,64,62,40,22,64.52,-9.04,-25.99,7.92,-5.602,0.36,25
"[-299,-200]",HR≥70/EDG≥-/CV≤0.6/μ≥0.0/TP≥65,66.1,,0.6,0.0,65.0,61,59,39,20,66.1,-6.89,-24.08,10.29,-4.067,0.417,24
"[-299,-200]",HR≥70/EDG≥-/CV≤0.6/μ≥0.5/TP≥-,62.71,,0.6,0.5,,61,59,37,22,62.71,-11.48,-29.08,6.11,-6.774,0.36,25
"[-299,-200]",HR≥70/EDG≥-/CV≤0.6/μ≥0.5/TP≥50,62.71,,0.6,0.5,50.0,61,59,37,22,62.71,-11.48,-29.08,6.11,-6.774,0.36,25
"[-299,-200]",HR≥70/EDG≥-/CV≤0.6/μ≥0.5/TP≥55,62.71,,0.6,0.5,55.0,61,59,37,22,62.71,-11.48,-29.08,6.11,-6.774,0.36,25
"[-299,-200]",HR≥70/EDG≥-/CV≤0.6/μ≥0.5/TP≥60,62.71,,0.6,0.5,60.0,61,59,37,22,62.71,-11.48,-29.08,6.11,-6.774,0.36,25
"[-299,-200]",HR≥70/EDG≥-/CV≤0.6/μ≥0.5/TP≥65,64.29,,0.6,0.5,65.0,58,56,36,20,64.29,-9.36,-27.24,8.53,-5.239,0.417,24
"[-299,-200]",HR≥70/EDG≥-/CV≤0.6/μ≥1.0/TP≥-,63.83,,0.6,1.0,,47,47,30,17,63.83,-9.83,-29.48,9.82,-4.618,0.409,22
"[-299,-200]",HR≥70/EDG≥-/CV≤0.6/μ≥1.0/TP≥50,63.83,,0.6,1.0,50.0,47,47,30,17,63.83,-9.83,-29.48,9.82,-4.618,0.409,22
"[-299,-200]",HR≥70/EDG≥-/CV≤0.6/μ≥1.0/TP≥55,63.83,,0.6,1.0,55.0,47,47,30,17,63.83,-9.83,-29.48,9.82,-4.618,0.409,22
"[-299,-200]",HR≥70/EDG≥-/CV≤0.6/μ≥1.0/TP≥60,63.83,,0.6,1.0,60.0,47,47,30,17,63.83,-9.83,-29.48,9.82,-4.618,0.409,22
"[-299,-200]",HR≥70/EDG≥-/CV≤0.6/μ≥1.0/TP≥65,63.83,,0.6,1.0,65.0,47,47,30,17,63.83,-9.83,-29.48,9.82,-4.618,0.409,22
"[-299,-200]",HR≥70/EDG≥-/CV≤0.5/μ≥-/TP≥-,62.32,,0.5,,,71,69,43,26,62.32,-11.92,-28.23,4.38,-8.227,0.385,26
"[-299,-200]",HR≥70/EDG≥-/CV≤0.5/μ≥-/TP≥50,61.54,,0.5,,50.0,67,65,40,25,61.54,-13.08,-29.95,3.78,-8.505,0.32,25
"[-299,-200]",HR≥70/EDG≥-/CV≤0.5/μ≥-/TP≥55,61.54,,0.5,,55.0,67,65,40,25,61.54,-13.08,-29.95,3.78,-8.505,0.32,25
"[-299,-200]",HR≥70/EDG≥-/CV≤0.5/μ≥-/TP≥60,62.9,,0.5,,60.0,64,62,39,23,62.9,-11.16,-28.31,5.99,-6.922,0.36,25
"[-299,-200]",HR≥70/EDG≥-/CV≤0.5/μ≥-/TP≥65,63.79,,0.5,,65.0,60,58,37,21,63.79,-10.15,-27.75,7.45,-5.887,0.417,24
"[-299,-200]",HR≥70/EDG≥-/CV≤0.5/μ≥0.0/TP≥-,62.9,,0.5,0.0,,64,62,39,23,62.9,-11.3,-28.42,5.82,-7.005,0.32,25
"[-299,-200]",HR≥70/EDG≥-/CV≤0.5/μ≥0.0/TP≥50,62.9,,0.5,0.0,50.0,64,62,39,23,62.9,-11.3,-28.42,5.82,-7.005,0.32,25
"[-299,-200]",HR≥70/EDG≥-/CV≤0.5/μ≥0.0/TP≥55,62.9,,0.5,0.0,55.0,64,62,39,23,62.9,-11.3,-28.42,5.82,-7.005,0.32,25
"[-299,-200]",HR≥70/EDG≥-/CV≤0.5/μ≥0.0/TP≥60,64.41,,0.5,0.0,60.0,61,59,38,21,64.41,-9.19,-26.59,8.21,-5.422,0.36,25
"[-299,-200]",HR≥70/EDG≥-/CV≤0.5/μ≥0.0/TP≥65,66.07,,0.5,0.0,65.0,58,56,37,19,66.07,-6.94,-24.6,10.71,-3.887,0.417,24
"[-299,-200]",HR≥70/EDG≥-/CV≤0.5/μ≥0.5/TP≥-,62.5,,0.5,0.5,,58,56,35,21,62.5,-11.77,-29.87,6.32,-6.593,0.36,25
"[-299,-200]",HR≥70/EDG≥-/CV≤0.5/μ≥0.5/TP≥50,62.5,,0.5,0.5,50.0,58,56,35,21,62.5,-11.77,-29.87,6.32,-6.593,0.36,25
"[-299,-200]",HR≥70/EDG≥-/CV≤0.5/μ≥0.5/TP≥55,62.5,,0.5,0.5,55.0,58,56,35,21,62.5,-11.77,-29.87,6.32,-6.593,0.36,25
"[-299,-200]",HR≥70/EDG≥-/CV≤0.5/μ≥0.5/TP≥60,62.5,,0.5,0.5,60.0,58,56,35,21,62.5,-11.77,-29.87,6.32,-6.593,0.36,25
"[-299,-200]",HR≥70/EDG≥-/CV≤0.5/μ≥0.5/TP≥65,64.15,,0.5,0.5,65.0,55,53,34,19,64.15,-9.54,-27.96,8.87,-5.059,0.417,24
"[-299,-200]",HR≥70/EDG≥-/CV≤0.5/μ≥1.0/TP≥-,64.44,,0.5,1.0,,45,45,29,16,64.44,-9.01,-29.01,11.0,-4.053,0.409,22
"[-299,-200]",HR≥70/EDG≥-/CV≤0.5/μ≥1.0/TP≥50,64.44,,0.5,1.0,50.0,45,45,29,16,64.44,-9.01,-29.01,11.0,-4.053,0.409,22
"[-299,-200]",HR≥70/EDG≥-/CV≤0.5/μ≥1.0/TP≥55,64.44,,0.5,1.0,55.0,45,45,29,16,64.44,-9.01,-29.01,11.0,-4.053,0.409,22
"[-299,-200]",HR≥70/EDG≥-/CV≤0.5/μ≥1.0/TP≥60,64.44,,0.5,1.0,60.0,45,45,29,16,64.44,-9.01,-29.01,11.0,-4.053,0.409,22
"[-299,-200]",HR≥70/EDG≥-/CV≤0.5/μ≥1.0/TP≥65,64.44,,0.5,1.0,65.0,45,45,29,16,64.44,-9.01,-29.01,11.0,-4.053,0.409,22
"[-299,-200]",HR≥70/EDG≥-/CV≤0.45/μ≥-/TP≥-,66.07,,0.45,,,58,56,37,19,66.07,-6.35,-24.11,11.42,-3.555,0.48,25
"[-299,-200]",HR≥70/EDG≥-/CV≤0.45/μ≥-/TP≥50,65.38,,0.45,,50.0,54,52,34,18,65.38,-7.37,-25.9,11.16,-3.833,0.435,23
"[-299,-200]",HR≥70/EDG≥-/CV≤0.45/μ≥-/TP≥55,65.38,,0.45,,55.0,54,52,34,18,65.38,-7.37,-25.9,11.16,-3.833,0.435,23
"[-299,-200]",HR≥70/EDG≥-/CV≤0.45/μ≥-/TP≥60,66.67,,0.45,,60.0,53,51,34,17,66.67,-5.55,-24.1,12.99,-2.833,0.478,23
"[-299,-200]",HR≥70/EDG≥-/CV≤0.45/μ≥-/TP≥65,66.67,,0.45,,65.0,50,48,32,16,66.67,-5.83,-24.9,13.24,-2.798,0.522,23
"[-299,-200]",HR≥70/EDG≥-/CV≤0.45/μ≥0.0/TP≥-,67.35,,0.45,0.0,,51,49,33,16,67.35,-4.76,-23.55,14.03,-2.333,0.435,23
"[-299,-200]",HR≥70/EDG≥-/CV≤0.45/μ≥0.0/TP≥50,67.35,,0.45,0.0,50.0,51,49,33,16,67.35,-4.76,-23.55,14.03,-2.333,0.435,23
"[-299,-200]",HR≥70/EDG≥-/CV≤0.45/μ≥0.0/TP≥55,67.35,,0.45,0.0,55.0,51,49,33,16,67.35,-4.76,-23.55,14.03,-2.333,0.435,23
"[-299,-200]",HR≥70/EDG≥-/CV≤0.45/μ≥0.0/TP≥60,68.75,,0.45,0.0,60.0,50,48,33,15,68.75,-2.78,-21.55,16.0,-1.333,0.478,23
"[-299,-200]",HR≥70/EDG≥-/CV≤0.45/μ≥0.0/TP≥65,69.57,,0.45,0.0,65.0,48,46,32,14,69.57,-1.73,-20.76,17.29,-0.798,0.522,23
"[-299,-200]",HR≥70/EDG≥-/CV≤0.45/μ≥0.5/TP≥-,66.67,,0.45,0.5,,47,45,30,15,66.67,-5.57,-25.33,14.2,-2.505,0.478,23
"[-299,-200]",HR≥70/EDG≥-/CV≤0.45/μ≥0.5/TP≥50,66.67,,0.45,0.5,50.0,47,45,30,15,66.67,-5.57,-25.33,14.2,-2.505,0.478,23
"[-299,-200]",HR≥70/EDG≥-/CV≤0.45/μ≥0.5/TP≥55,66.67,,0.45,0.5,55.0,47,45,30,15,66.67,-5.57,-25.33,14.2,-2.505,0.478,23
"[-299,-200]",HR≥70/EDG≥-/CV≤0.45/μ≥0.5/TP≥60,66.67,,0.45,0.5,60.0,47,45,30,15,66.67,-5.57,-25.33,14.2,-2.505,0.478,23
"[-299,-200]",HR≥70/EDG≥-/CV≤0.45/μ≥0.5/TP≥65,67.44,,0.45,0.5,65.0,45,43,29,14,67.44,-4.58,-24.67,15.51,-1.97,0.522,23
"[-299,-200]",HR≥70/EDG≥-/CV≤0.45/μ≥1.0/TP≥-,66.67,,0.45,1.0,,36,36,24,12,66.67,-5.46,-27.64,16.73,-1.964,0.476,21
"[-299,-200]",HR≥70/EDG≥-/CV≤0.45/μ≥1.0/TP≥50,66.67,,0.45,1.0,50.0,36,36,24,12,66.67,-5.46,-27.64,16.73,-1.964,0.476,21
"[-299,-200]",HR≥70/EDG≥-/CV≤0.45/μ≥1.0/TP≥55,66.67,,0.45,1.0,55.0,36,36,24,12,66.67,-5.46,-27.64,16.73,-1.964,0.476,21
"[-299,-200]",HR≥70/EDG≥-/CV≤0.45/μ≥1.0/TP≥60,66.67,,0.45,1.0,60.0,36,36,24,12,66.67,-5.46,-27.64,16.73,-1.964,0.476,21
"[-299,-200]",HR≥70/EDG≥-/CV≤0.45/μ≥1.0/TP≥65,66.67,,0.45,1.0,65.0,36,36,24,12,66.67,-5.46,-27.64,16.73,-1.964,0.476,21
"[-299,-200]",HR≥70/EDG≥-/CV≤0.4/μ≥-/TP≥-,70.0,,0.4,,,42,40,28,12,70.0,-0.81,-21.22,19.6,-0.324,0.524,21
"[-299,-200]",HR≥70/EDG≥-/CV≤0.4/μ≥-/TP≥50,69.44,,0.4,,50.0,38,36,25,11,69.44,-1.67,-23.32,19.97,-0.602,0.526,19
"[-299,-200]",HR≥70/EDG≥-/CV≤0.4/μ≥-/TP≥55,69.44,,0.4,,55.0,38,36,25,11,69.44,-1.67,-23.32,19.97,-0.602,0.526,19
"[-299,-200]",HR≥70/EDG≥-/CV≤0.4/μ≥-/TP≥60,71.43,,0.4,,60.0,37,35,25,10,71.43,1.14,-20.4,22.68,0.398,0.579,19
"[-299,-200]",HR≥70/EDG≥-/CV≤0.4/μ≥-/TP≥65,71.88,,0.4,,65.0,34,32,23,9,71.88,1.35,-21.0,23.71,0.433,0.611,18
"[-299,-200]",HR≥70/EDG≥-/CV≤0.4/μ≥0.0/TP≥-,70.59,,0.4,0.0,,36,34,24,10,70.59,-0.3,-22.29,21.69,-0.102,0.526,19
"[-299,-200]",HR≥70/EDG≥-/CV≤0.4/μ≥0.0/TP≥50,70.59,,0.4,0.0,50.0,36,34,24,10,70.59,-0.3,-22.29,21.69,-0.102,0.526,19
"[-299,-200]",HR≥70/EDG≥-/CV≤0.4/μ≥0.0/TP≥55,70.59,,0.4,0.0,55.0,36,34,24,10,70.59,-0.3,-22.29,21.69,-0.102,0.526,19
"[-299,-200]",HR≥70/EDG≥-/CV≤0.4/μ≥0.0/TP≥60,72.73,,0.4,0.0,60.0,35,33,24,9,72.73,2.72,-19.11,24.55,0.898,0.579,19
"[-299,-200]",HR≥70/EDG≥-/CV≤0.4/μ≥0.0/TP≥65,74.19,,0.4,0.0,65.0,33,31,23,8,74.19,4.62,-17.5,26.74,1.433,0.611,18
"[-299,-200]",HR≥70/EDG≥-/CV≤0.4/μ≥0.5/TP≥-,70.0,,0.4,0.5,,32,30,21,9,70.0,-0.91,-24.56,22.73,-0.274,0.529,17
"[-299,-200]",HR≥70/EDG≥-/CV≤0.4/μ≥0.5/TP≥50,70.0,,0.4,0.5,50.0,32,30,21,9,70.0,-0.91,-24.56,22.73,-0.274,0.529,17
"[-299,-200]",HR≥70/EDG≥-/CV≤0.4/μ≥0.5/TP≥55,70.0,,0.4,0.5,55.0,32,30,21,9,70.0,-0.91,-24.56,22.73,-0.274,0.529,17
"[-299,-200]",HR≥70/EDG≥-/CV≤0.4/μ≥0.5/TP≥60,70.0,,0.4,0.5,60.0,32,30,21,9,70.0,-0.91,-24.56,22.73,-0.274,0.529,17
"[-299,-200]",HR≥70/EDG≥-5.0/CV≤-/μ≥-/TP≥-,61.11,-5.0,,,,56,54,33,21,61.11,-13.73,-32.29,4.82,-7.416,0.4,25
"[-299,-200]",HR≥70/EDG≥-5.0/CV≤-/μ≥-/TP≥50,61.11,-5.0,,,50.0,56,54,33,21,61.11,-13.73,-32.29,4.82,-7.416,0.4,25
"[-299,-200]",HR≥70/EDG≥-5.0/CV≤-/μ≥-/TP≥55,61.11,-5.0,,,55.0,56,54,33,21,61.11,-13.73,-32.29,4.82,-7.416,0.4,25
"[-299,-200]",HR≥70/EDG≥-5.0/CV≤-/μ≥-/TP≥60,61.11,-5.0,,,60.0,56,54,33,21,61.11,-13.73,-32.29,4.82,-7.416,0.4,25
"[-299,-200]",HR≥70/EDG≥-5.0/CV≤-/μ≥-/TP≥65,62.26,-5.0,,,65.0,55,53,33,20,62.26,-12.11,-30.74,6.52,-6.416,0.417,24
"[-299,-200]",HR≥70/EDG≥-5.0/CV≤-/μ≥0.0/TP≥-,61.11,-5.0,,0.0,,56,54,33,21,61.11,-13.73,-32.29,4.82,-7.416,0.4,25
"[-299,-200]",HR≥70/EDG≥-5.0/CV≤-/μ≥0.0/TP≥50,61.11,-5.0,,0.0,50.0,56,54,33,21,61.11,-13.73,-32.29,4.82,-7.416,0.4,25
"[-299,-200]",HR≥70/EDG≥-5.0/CV≤-/μ≥0.0/TP≥55,61.11,-5.0,,0.0,55.0,56,54,33,21,61.11,-13.73,-32.29,4.82,-7.416,0.4,25
"[-299,-200]",HR≥70/EDG≥-5.0/CV≤-/μ≥0.0/TP≥60,61.11,-5.0,,0.0,60.0,56,54,33,21,61.11,-13.73,-32.29,4.82,-7.416,0.4,25
"[-299,-200]",HR≥70/EDG≥-5.0/CV≤-/μ≥0.0/TP≥65,62.26,-5.0,,0.0,65.0,55,53,33,20,62.26,-12.11,-30.74,6.52,-6.416,0.417,24
"[-299,-200]",HR≥70/EDG≥-5.0/CV≤-/μ≥0.5/TP≥-,61.11,-5.0,,0.5,,56,54,33,21,61.11,-13.73,-32.29,4.82,-7.416,0.4,25
"[-299,-200]",HR≥70/EDG≥-5.0/CV≤-/μ≥0.5/TP≥50,61.11,-5.0,,0.5,50.0,56,54,33,21,61.11,-13.73,-32.29,4.82,-7.416,0.4,25
"[-299,-200]",HR≥70/EDG≥-5.0/CV≤-/μ≥0.5/TP≥55,61.11,-5.0,,0.5,55.0,56,54,33,21,61.11,-13.73,-32.29,4.82,-7.416,0.4,25
"[-299,-200]",HR≥70/EDG≥-5.0/CV≤-/μ≥0.5/TP≥60,61.11,-5.0,,0.5,60.0,56,54,33,21,61.11,-13.73,-32.29,4.82,-7.416,0.4,25
"[-299,-200]",HR≥70/EDG≥-5.0/CV≤-/μ≥0.5/TP≥65,62.26,-5.0,,0.5,65.0,55,53,33,20,62.26,-12.11,-30.74,6.52,-6.416,0.417,24
"[-299,-200]",HR≥70/EDG≥-5.0/CV≤-/μ≥1.0/TP≥-,63.83,-5.0,,1.0,,47,47,30,17,63.83,-9.88,-29.52,9.76,-4.643,0.435,23
"[-299,-200]",HR≥70/EDG≥-5.0/CV≤-/μ≥1.0/TP≥50,63.83,-5.0,,1.0,50.0,47,47,30,17,63.83,-9.88,-29.52,9.76,-4.643,0.435,23
"[-299,-200]",HR≥70/EDG≥-5.0/CV≤-/μ≥1.0/TP≥55,63.83,-5.0,,1.0,55.0,47,47,30,17,63.83,-9.88,-29.52,9.76,-4.643,0.435,23
"[-299,-200]",HR≥70/EDG≥-5.0/CV≤-/μ≥1.0/TP≥60,63.83,-5.0,,1.0,60.0,47,47,30,17,63.83,-9.88,-29.52,9.76,-4.643,0.435,23
"[-299,-200]",HR≥70/EDG≥-5.0/CV≤-/μ≥1.0/TP≥65,63.83,-5.0,,1.0,65.0,47,47,30,17,63.83,-9.88,-29.52,9.76,-4.643,0.435,23
"[-299,-200]",HR≥70/EDG≥-5.0/CV≤0.7/μ≥-/TP≥-,61.11,-5.0,0.7,,,56,54,33,21,61.11,-13.73,-32.29,4.82,-7.416,0.4,25
"[-299,-200]",HR≥70/EDG≥-5.0/CV≤0.7/μ≥-/TP≥50,61.11,-5.0,0.7,,50.0,56,54,33,21,61.11,-13.73,-32.29,4.82,-7.416,0.4,25
"[-299,-200]",HR≥70/EDG≥-5.0/CV≤0.7/μ≥-/TP≥55,61.11,-5.0,0.7,,55.0,56,54,33,21,61.11,-13.73,-32.29,4.82,-7.416,0.4,25
"[-299,-200]",HR≥70/EDG≥-5.0/CV≤0.7/μ≥-/TP≥60,61.11,-5.0,0.7,,60.0,56,54,33,21,61.11,-13.73,-32.29,4.82,-7.416,0.4,25
"[-299,-200]",HR≥70/EDG≥-5.0/CV≤0.7/μ≥-/TP≥65,62.26,-5.0,0.7,,65.0,55,53,33,20,62.26,-12.11,-30.74,6.52,-6.416,0.417,24
"[-299,-200]",HR≥70/EDG≥-5.0/CV≤0.7/μ≥0.0/TP≥-,61.11,-5.0,0.7,0.0,,56,54,33,21,61.11,-13.73,-32.29,4.82,-7.416,0.4,25
"[-299,-200]",HR≥70/EDG≥-5.0/CV≤0.7/μ≥0.0/TP≥50,61.11,-5.0,0.7,0.0,50.0,56,54,33,21,61.11,-13.73,-32.29,4.82,-7.416,0.4,25
"[-299,-200]",HR≥70/EDG≥-5.0/CV≤0.7/μ≥0.0/TP≥55,61.11,-5.0,0.7,0.0,55.0,56,54,33,21,61.11,-13.73,-32.29,4.82,-7.416,0.4,25
"[-299,-200]",HR≥70/EDG≥-5.0/CV≤0.7/μ≥0.0/TP≥60,61.11,-5.0,0.7,0.0,60.0,56,54,33,21,61.11,-13.73,-32.29,4.82,-7.416,0.4,25
"[-299,-200]",HR≥70/EDG≥-5.0/CV≤0.7/μ≥0.0/TP≥65,62.26,-5.0,0.7,0.0,65.0,55,53,33,20,62.26,-12.11,-30.74,6.52,-6.416,0.417,24
"[-299,-200]",HR≥70/EDG≥-5.0/CV≤0.7/μ≥0.5/TP≥-,61.11,-5.0,0.7,0.5,,56,54,33,21,61.11,-13.73,-32.29,4.82,-7.416,0.4,25
"[-299,-200]",HR≥70/EDG≥-5.0/CV≤0.7/μ≥0.5/TP≥50,61.11,-5.0,0.7,0.5,50.0,56,54,33,21,61.11,-13.73,-32.29,4.82,-7.416,0.4,25
"[-299,-200]",HR≥70/EDG≥-5.0/CV≤0.7/μ≥0.5/TP≥55,61.11,-5.0,0.7,0.5,55.0,56,54,33,21,61.11,-13.73,-32.29,4.82,-7.416,0.4,25
"[-299,-200]",HR≥70/EDG≥-5.0/CV≤0.7/μ≥0.5/TP≥60,61.11,-5.0,0.7,0.5,60.0,56,54,33,21,61.11,-13.73,-32.29,4.82,-7.416,0.4,25
"[-299,-200]",HR≥70/EDG≥-5.0/CV≤0.7/μ≥0.5/TP≥65,62.26,-5.0,0.7,0.5,65.0,55,53,33,20,62.26,-12.11,-30.74,6.52,-6.416,0.417,24
"[-299,-200]",HR≥70/EDG≥-5.0/CV≤0.7/μ≥1.0/TP≥-,63.83,-5.0,0.7,1.0,,47,47,30,17,63.83,-9.88,-29.52,9.76,-4.643,0.435,23
"[-299,-200]",HR≥70/EDG≥-5.0/CV≤0.7/μ≥1.0/TP≥50,63.83,-5.0,0.7,1.0,50.0,47,47,30,17,63.83,-9.88,-29.52,9.76,-4.643,0.435,23
"[-299,-200]",HR≥70/EDG≥-5.0/CV≤0.7/μ≥1.0/TP≥55,63.83,-5.0,0.7,1.0,55.0,47,47,30,17,63.83,-9.88,-29.52,9.76,-4.643,0.435,23
"[-299,-200]",HR≥70/EDG≥-5.0/CV≤0.7/μ≥1.0/TP≥60,63.83,-5.0,0.7,1.0,60.0,47,47,30,17,63.83,-9.88,-29.52,9.76,-4.643,0.435,23
"[-299,-200]",HR≥70/EDG≥-5.0/CV≤0.7/μ≥1.0/TP≥65,63.83,-5.0,0.7,1.0,65.0,47,47,30,17,63.83,-9.88,-29.52,9.76,-4.643,0.435,23
"[-299,-200]",HR≥70/EDG≥-5.0/CV≤0.6/μ≥-/TP≥-,60.38,-5.0,0.6,,,55,53,32,21,60.38,-14.63,-33.46,4.19,-7.755,0.375,24
"[-299,-200]",HR≥70/EDG≥-5.0/CV≤0.6/μ≥-/TP≥50,60.38,-5.0,0.6,,50.0,55,53,32,21,60.38,-14.63,-33.46,4.19,-7.755,0.375,24
"[-299,-200]",HR≥70/EDG≥-5.0/CV≤0.6/μ≥-/TP≥55,60.38,-5.0,0.6,,55.0,55,53,32,21,60.38,-14.63,-33.46,4.19,-7.755,0.375,24
"[-299,-200]",HR≥70/EDG≥-5.0/CV≤0.6/μ≥-/TP≥60,60.38,-5.0,0.6,,60.0,55,53,32,21,60.38,-14.63,-33.46,4.19,-7.755,0.375,24
"[-299,-200]",HR≥70/EDG≥-5.0/CV≤0.6/μ≥-/TP≥65,61.54,-5.0,0.6,,65.0,54,52,32,20,61.54,-12.99,-31.9,5.92,-6.755,0.391,23
"[-299,-200]",HR≥70/EDG≥-5.0/CV≤0.6/μ≥0.0/TP≥-,60.38,-5.0,0.6,0.0,,55,53,32,21,60.38,-14.63,-33.46,4.19,-7.755,0.375,24
"[-299,-200]",HR≥70/EDG≥-5.0/CV≤0.6/μ≥0.0/TP≥50,60.38,-5.0,0.6,0.0,50.0,55,53,32,21,60.38,-14.63,-33.46,4.19,-7.755,0.375,24
"[-299,-200]",HR≥70/EDG≥-5.0/CV≤0.6/μ≥0.0/TP≥55,60.38,-5.0,0.6,0.0,55.0,55,53,32,21,60.38,-14.63,-33.46,4.19,-7.755,0.375,24
"[-299,-200]",HR≥70/EDG≥-5.0/CV≤0.6/μ≥0.0/TP≥60,60.38,-5.0,0.6,0.0,60.0,55,53,32,21,60.38,-14.63,-33.46,4.19,-7.755,0.375,24
"[-299,-200]",HR≥70/EDG≥-5.0/CV≤0.6/μ≥0.0/TP≥65,61.54,-5.0,0.6,0.0,65.0,54,52,32,20,61.54,-12.99,-31.9,5.92,-6.755,0.391,23
"[-299,-200]",HR≥70/EDG≥-5.0/CV≤0.6/μ≥0.5/TP≥-,60.38,-5.0,0.6,0.5,,55,53,32,21,60.38,-14.63,-33.46,4.19,-7.755,0.375,24
"[-299,-200]",HR≥70/EDG≥-5.0/CV≤0.6/μ≥0.5/TP≥50,60.38,-5.0,0.6,0.5,50.0,55,53,32,21,60.38,-14.63,-33.46,4.19,-7.755,0.375,24
"[-299,-200]",HR≥70/EDG≥-5.0/CV≤0.6/μ≥0.5/TP≥55,60.38,-5.0,0.6,0.5,55.0,55,53,32,21,60.38,-14.63,-33.46,4.19,-7.755,0.375,24
"[-299,-200]",HR≥70/EDG≥-5.0/CV≤0.6/μ≥0.5/TP≥60,60.38,-5.0,0.6,0.5,60.0,55,53,32,21,60.38,-14.63,-33.46,4.19,-7.755,0.375,24
"[-299,-200]",HR≥70/EDG≥-5.0/CV≤0.6/μ≥0.5/TP≥65,61.54,-5.0,0.6,0.5,65.0,54,52,32,20,61.54,-12.99,-31.9,5.92,-6.755,0.391,23
"[-299,-200]",HR≥70/EDG≥-5.0/CV≤0.6/μ≥1.0/TP≥-,63.04,-5.0,0.6,1.0,,46,46,29,17,63.04,-10.83,-30.81,9.15,-4.982,0.409,22
"[-299,-200]",HR≥70/EDG≥-5.0/CV≤0.6/μ≥1.0/TP≥50,63.04,-5.0,0.6,1.0,50.0,46,46,29,17,63.04,-10.83,-30.81,9.15,-4.982,0.409,22
"[-299,-200]",HR≥70/EDG≥-5.0/CV≤0.6/μ≥1.0/TP≥55,63.04,-5.0,0.6,1.0,55.0,46,46,29,17,63.04,-10.83,-30.81,9.15,-4.982,0.409,22
"[-299,-200]",HR≥70/EDG≥-5.0/CV≤0.6/μ≥1.0/TP≥60,63.04,-5.0,0.6,1.0,60.0,46,46,29,17,63.04,-10.83,-30.81,9.15,-4.982,0.409,22
"[-299,-200]",HR≥70/EDG≥-5.0/CV≤0.6/μ≥1.0/TP≥65,63.04,-5.0,0.6,1.0,65.0,46,46,29,17,63.04,-10.83,-30.81,9.15,-4.982,0.409,22
"[-299,-200]",HR≥70/EDG≥-5.0/CV≤0.5/μ≥-/TP≥-,60.78,-5.0,0.5,,,53,51,31,20,60.78,-14.1,-33.25,5.06,-7.19,0.375,24
"[-299,-200]",HR≥70/EDG≥-5.0/CV≤0.5/μ≥-/TP≥50,60.78,-5.0,0.5,,50.0,53,51,31,20,60.78,-14.1,-33.25,5.06,-7.19,0.375,24
"[-299,-200]",HR≥70/EDG≥-5.0/CV≤0.5/μ≥-/TP≥55,60.78,-5.0,0.5,,55.0,53,51,31,20,60.78,-14.1,-33.25,5.06,-7.19,0.375,24
"[-299,-200]",HR≥70/EDG≥-5.0/CV≤0.5/μ≥-/TP≥60,60.78,-5.0,0.5,,60.0,53,51,31,20,60.78,-14.1,-33.25,5.06,-7.19,0.375,24
"[-299,-200]",HR≥70/EDG≥-5.0/CV≤0.5/μ≥-/TP≥65,62.0,-5.0,0.5,,65.0,52,50,31,19,62.0,-12.38,-31.62,6.86,-6.19,0.391,23
"[-299,-200]",HR≥70/EDG≥-5.0/CV≤0.5/μ≥0.0/TP≥-,60.78,-5.0,0.5,0.0,,53,51,31,20,60.78,-14.1,-33.25,5.06,-7.19,0.375,24
"[-299,-200]",HR≥70/EDG≥-5.0/CV≤0.5/μ≥0.0/TP≥50,60.78,-5.0,0.5,0.0,50.0,53,51,31,20,60.78,-14.1,-33.25,5.06,-7.19,0.375,24
"[-299,-200]",HR≥70/EDG≥-5.0/CV≤0.5/μ≥0.0/TP≥55,60.78,-5.0,0.5,0.0,55.0,53,51,31,20,60.78,-14.1,-33.25,5.06,-7.19,0.375,24
"[-299,-200]",HR≥70/EDG≥-5.0/CV≤0.5/μ≥0.0/TP≥60,60.78,-5.0,0.5,0.0,60.0,53,51,31,20,60.78,-14.1,-33.25,5.06,-7.19,0.375,24
"[-299,-200]",HR≥70/EDG≥-5.0/CV≤0.5/μ≥0.0/TP≥65,62.0,-5.0,0.5,0.0,65.0,52,50,31,19,62.0,-12.38,-31.62,6.86,-6.19,0.391,23
"[-299,-200]",HR≥70/EDG≥-5.0/CV≤0.5/μ≥0.5/TP≥-,60.78,-5.0,0.5,0.5,,53,51,31,20,60.78,-14.1,-33.25,5.06,-7.19,0.375,24
"[-299,-200]",HR≥70/EDG≥-5.0/CV≤0.5/μ≥0.5/TP≥50,60.78,-5.0,0.5,0.5,50.0,53,51,31,20,60.78,-14.1,-33.25,5.06,-7.19,0.375,24
"[-299,-200]",HR≥70/EDG≥-5.0/CV≤0.5/μ≥0.5/TP≥55,60.78,-5.0,0.5,0.5,55.0,53,51,31,20,60.78,-14.1,-33.25,5.06,-7.19,0.375,24
"[-299,-200]",HR≥70/EDG≥-5.0/CV≤0.5/μ≥0.5/TP≥60,60.78,-5.0,0.5,0.5,60.0,53,51,31,20,60.78,-14.1,-33.25,5.06,-7.19,0.375,24
"[-299,-200]",HR≥70/EDG≥-5.0/CV≤0.5/μ≥0.5/TP≥65,62.0,-5.0,0.5,0.5,65.0,52,50,31,19,62.0,-12.38,-31.62,6.86,-6.19,0.391,23
"[-299,-200]",HR≥70/EDG≥-5.0/CV≤0.5/μ≥1.0/TP≥-,63.64,-5.0,0.5,1.0,,44,44,28,16,63.64,-10.04,-30.4,10.32,-4.417,0.409,22
"[-299,-200]",HR≥70/EDG≥-5.0/CV≤0.5/μ≥1.0/TP≥50,63.64,-5.0,0.5,1.0,50.0,44,44,28,16,63.64,-10.04,-30.4,10.32,-4.417,0.409,22
"[-299,-200]",HR≥70/EDG≥-5.0/CV≤0.5/μ≥1.0/TP≥55,63.64,-5.0,0.5,1.0,55.0,44,44,28,16,63.64,-10.04,-30.4,10.32,-4.417,0.409,22
"[-299,-200]",HR≥70/EDG≥-5.0/CV≤0.5/μ≥1.0/TP≥60,63.64,-5.0,0.5,1.0,60.0,44,44,28,16,63.64,-10.04,-30.4,10.32,-4.417,0.409,22
"[-299,-200]",HR≥70/EDG≥-5.0/CV≤0.5/μ≥1.0/TP≥65,63.64,-5.0,0.5,1.0,65.0,44,44,28,16,63.64,-10.04,-30.4,10.32,-4.417,0.409,22
"[-299,-200]",HR≥70/EDG≥-5.0/CV≤0.45/μ≥-/TP≥-,65.85,-5.0,0.45,,,43,41,27,14,65.85,-6.68,-27.54,14.19,-2.737,0.5,22
"[-299,-200]",HR≥70/EDG≥-5.0/CV≤0.45/μ≥-/TP≥50,65.85,-5.0,0.45,,50.0,43,41,27,14,65.85,-6.68,-27.54,14.19,-2.737,0.5,22
"[-299,-200]",HR≥70/EDG≥-5.0/CV≤0.45/μ≥-/TP≥55,65.85,-5.0,0.45,,55.0,43,41,27,14,65.85,-6.68,-27.54,14.19,-2.737,0.5,22
"[-299,-200]",HR≥70/EDG≥-5.0/CV≤0.45/μ≥-/TP≥60,65.85,-5.0,0.45,,60.0,43,41,27,14,65.85,-6.68,-27.54,14.19,-2.737,0.5,22
"[-299,-200]",HR≥70/EDG≥-5.0/CV≤0.45/μ≥-/TP≥65,65.85,-5.0,0.45,,65.0,43,41,27,14,65.85,-6.68,-27.54,14.19,-2.737,0.5,22
"[-299,-200]",HR≥70/EDG≥-5.0/CV≤0.45/μ≥0.0/TP≥-,65.85,-5.0,0.45,0.0,,43,41,27,14,65.85,-6.68,-27.54,14.19,-2.737,0.5,22
"[-299,-200]",HR≥70/EDG≥-5.0/CV≤0.45/μ≥0.0/TP≥50,65.85,-5.0,0.45,0.0,50.0,43,41,27,14,65.85,-6.68,-27.54,14.19,-2.737,0.5,22
"[-299,-200]",HR≥70/EDG≥-5.0/CV≤0.45/μ≥0.0/TP≥55,65.85,-5.0,0.45,0.0,55.0,43,41,27,14,65.85,-6.68,-27.54,14.19,-2.737,0.5,22
"[-299,-200]",HR≥70/EDG≥-5.0/CV≤0.45/μ≥0.0/TP≥60,65.85,-5.0,0.45,0.0,60.0,43,41,27,14,65.85,-6.68,-27.54,14.19,-2.737,0.5,22
"[-299,-200]",HR≥70/EDG≥-5.0/CV≤0.45/μ≥0.0/TP≥65,65.85,-5.0,0.45,0.0,65.0,43,41,27,14,65.85,-6.68,-27.54,14.19,-2.737,0.5,22
"[-299,-200]",HR≥70/EDG≥-5.0/CV≤0.45/μ≥0.5/TP≥-,65.85,-5.0,0.45,0.5,,43,41,27,14,65.85,-6.68,-27.54,14.19,-2.737,0.5,22
"[-299,-200]",HR≥70/EDG≥-5.0/CV≤0.45/μ≥0.5/TP≥50,65.85,-5.0,0.45,0.5,50.0,43,41,27,14,65.85,-6.68,-27.54,14.19,-2.737,0.5,22
"[-299,-200]",HR≥70/EDG≥-5.0/CV≤0.45/μ≥0.5/TP≥55,65.85,-5.0,0.45,0.5,55.0,43,41,27,14,65.85,-6.68,-27.54,14.19,-2.737,0.5,22
"[-299,-200]",HR≥70/EDG≥-5.0/CV≤0.45/μ≥0.5/TP≥60,65.85,-5.0,0.45,0.5,60.0,43,41,27,14,65.85,-6.68,-27.54,14.19,-2.737,0.5,22
"[-299,-200]",HR≥70/EDG≥-5.0/CV≤0.45/μ≥0.5/TP≥65,65.85,-5.0,0.45,0.5,65.0,43,41,27,14,65.85,-6.68,-27.54,14.19,-2.737,0.5,22
"[-299,-200]",HR≥70/EDG≥-5.0/CV≤0.45/μ≥1.0/TP≥-,66.67,-5.0,0.45,1.0,,36,36,24,12,66.67,-5.46,-27.64,16.73,-1.964,0.476,21
"[-299,-200]",HR≥70/EDG≥-5.0/CV≤0.45/μ≥1.0/TP≥50,66.67,-5.0,0.45,1.0,50.0,36,36,24,12,66.67,-5.46,-27.64,16.73,-1.964,0.476,21
"[-299,-200]",HR≥70/EDG≥-5.0/CV≤0.45/μ≥1.0/TP≥55,66.67,-5.0,0.45,1.0,55.0,36,36,24,12,66.67,-5.46,-27.64,16.73,-1.964,0.476,21
"[-299,-200]",HR≥70/EDG≥-5.0/CV≤0.45/μ≥1.0/TP≥60,66.67,-5.0,0.45,1.0,60.0,36,36,24,12,66.67,-5.46,-27.64,16.73,-1.964,0.476,21
"[-299,-200]",HR≥70/EDG≥-5.0/CV≤0.45/μ≥1.0/TP≥65,66.67,-5.0,0.45,1.0,65.0,36,36,24,12,66.67,-5.46,-27.64,16.73,-1.964,0.476,21
"[-299,-200]",HR≥70/EDG≥0.0/CV≤-/μ≥-/TP≥-,63.04,0.0,,,,47,46,29,17,63.04,-10.86,-30.83,9.12,-4.994,0.435,23
"[-299,-200]",HR≥70/EDG≥0.0/CV≤-/μ≥-/TP≥50,63.04,0.0,,,50.0,47,46,29,17,63.04,-10.86,-30.83,9.12,-4.994,0.435,23
"[-299,-200]",HR≥70/EDG≥0.0/CV≤-/μ≥-/TP≥55,63.04,0.0,,,55.0,47,46,29,17,63.04,-10.86,-30.83,9.12,-4.994,0.435,23
"[-299,-200]",HR≥70/EDG≥0.0/CV≤-/μ≥-/TP≥60,63.04,0.0,,,60.0,47,46,29,17,63.04,-10.86,-30.83,9.12,-4.994,0.435,23
"[-299,-200]",HR≥70/EDG≥0.0/CV≤-/μ≥-/TP≥65,63.04,0.0,,,65.0,47,46,29,17,63.04,-10.86,-30.83,9.12,-4.994,0.435,23
"[-299,-200]",HR≥70/EDG≥0.0/CV≤-/μ≥0.0/TP≥-,63.04,0.0,,0.0,,47,46,29,17,63.04,-10.86,-30.83,9.12,-4.994,0.435,23
"[-299,-200]",HR≥70/EDG≥0.0/CV≤-/μ≥0.0/TP≥50,63.04,0.0,,0.0,50.0,47,46,29,17,63.04,-10.86,-30.83,9.12,-4.994,0.435,23
"[-299,-200]",HR≥70/EDG≥0.0/CV≤-/μ≥0.0/TP≥55,63.04,0.0,,0.0,55.0,47,46,29,17,63.04,-10.86,-30.83,9.12,-4.994,0.435,23
"[-299,-200]",HR≥70/EDG≥0.0/CV≤-/μ≥0.0/TP≥60,63.04,0.0,,0.0,60.0,47,46,29,17,63.04,-10.86,-30.83,9.12,-4.994,0.435,23
"[-299,-200]",HR≥70/EDG≥0.0/CV≤-/μ≥0.0/TP≥65,63.04,0.0,,0.0,65.0,47,46,29,17,63.04,-10.86,-30.83,9.12,-4.994,0.435,23
"[-299,-200]",HR≥70/EDG≥0.0/CV≤-/μ≥0.5/TP≥-,63.04,0.0,,0.5,,47,46,29,17,63.04,-10.86,-30.83,9.12,-4.994,0.435,23
"[-299,-200]",HR≥70/EDG≥0.0/CV≤-/μ≥0.5/TP≥50,63.04,0.0,,0.5,50.0,47,46,29,17,63.04,-10.86,-30.83,9.12,-4.994,0.435,23
"[-299,-200]",HR≥70/EDG≥0.0/CV≤-/μ≥0.5/TP≥55,63.04,0.0,,0.5,55.0,47,46,29,17,63.04,-10.86,-30.83,9.12,-4.994,0.435,23
"[-299,-200]",HR≥70/EDG≥0.0/CV≤-/μ≥0.5/TP≥60,63.04,0.0,,0.5,60.0,47,46,29,17,63.04,-10.86,-30.83,9.12,-4.994,0.435,23
"[-299,-200]",HR≥70/EDG≥0.0/CV≤-/μ≥0.5/TP≥65,63.04,0.0,,0.5,65.0,47,46,29,17,63.04,-10.86,-30.83,9.12,-4.994,0.435,23
"[-299,-200]",HR≥70/EDG≥0.0/CV≤-/μ≥1.0/TP≥-,65.91,0.0,,1.0,,44,44,29,15,65.91,-6.8,-26.87,13.27,-2.994,0.478,23
"[-299,-200]",HR≥70/EDG≥0.0/CV≤-/μ≥1.0/TP≥50,65.91,0.0,,1.0,50.0,44,44,29,15,65.91,-6.8,-26.87,13.27,-2.994,0.478,23
"[-299,-200]",HR≥70/EDG≥0.0/CV≤-/μ≥1.0/TP≥55,65.91,0.0,,1.0,55.0,44,44,29,15,65.91,-6.8,-26.87,13.27,-2.994,0.478,23
"[-299,-200]",HR≥70/EDG≥0.0/CV≤-/μ≥1.0/TP≥60,65.91,0.0,,1.0,60.0,44,44,29,15,65.91,-6.8,-26.87,13.27,-2.994,0.478,23
"[-299,-200]",HR≥70/EDG≥0.0/CV≤-/μ≥1.0/TP≥65,65.91,0.0,,1.0,65.0,44,44,29,15,65.91,-6.8,-26.87,13.27,-2.994,0.478,23
"[-299,-200]",HR≥70/EDG≥0.0/CV≤0.7/μ≥-/TP≥-,63.04,0.0,0.7,,,47,46,29,17,63.04,-10.86,-30.83,9.12,-4.994,0.435,23
"[-299,-200]",HR≥70/EDG≥0.0/CV≤0.7/μ≥-/TP≥50,63.04,0.0,0.7,,50.0,47,46,29,17,63.04,-10.86,-30.83,9.12,-4.994,0.435,23
"[-299,-200]",HR≥70/EDG≥0.0/CV≤0.7/μ≥-/TP≥55,63.04,0.0,0.7,,55.0,47,46,29,17,63.04,-10.86,-30.83,9.12,-4.994,0.435,23
"[-299,-200]",HR≥70/EDG≥0.0/CV≤0.7/μ≥-/TP≥60,63.04,0.0,0.7,,60.0,47,46,29,17,63.04,-10.86,-30.83,9.12,-4.994,0.435,23
"[-299,-200]",HR≥70/EDG≥0.0/CV≤0.7/μ≥-/TP≥65,63.04,0.0,0.7,,65.0,47,46,29,17,63.04,-10.86,-30.83,9.12,-4.994,0.435,23
"[-299,-200]",HR≥70/EDG≥0.0/CV≤0.7/μ≥0.0/TP≥-,63.04,0.0,0.7,0.0,,47,46,29,17,63.04,-10.86,-30.83,9.12,-4.994,0.435,23
"[-299,-200]",HR≥70/EDG≥0.0/CV≤0.7/μ≥0.0/TP≥50,63.04,0.0,0.7,0.0,50.0,47,46,29,17,63.04,-10.86,-30.83,9.12,-4.994,0.435,23
"[-299,-200]",HR≥70/EDG≥0.0/CV≤0.7/μ≥0.0/TP≥55,63.04,0.0,0.7,0.0,55.0,47,46,29,17,63.04,-10.86,-30.83,9.12,-4.994,0.435,23
"[-299,-200]",HR≥70/EDG≥0.0/CV≤0.7/μ≥0.0/TP≥60,63.04,0.0,0.7,0.0,60.0,47,46,29,17,63.04,-10.86,-30.83,9.12,-4.994,0.435,23
"[-299,-200]",HR≥70/EDG≥0.0/CV≤0.7/μ≥0.0/TP≥65,63.04,0.0,0.7,0.0,65.0,47,46,29,17,63.04,-10.86,-30.83,9.12,-4.994,0.435,23
"[-299,-200]",HR≥70/EDG≥0.0/CV≤0.7/μ≥0.5/TP≥-,63.04,0.0,0.7,0.5,,47,46,29,17,63.04,-10.86,-30.83,9.12,-4.994,0.435,23
"[-299,-200]",HR≥70/EDG≥0.0/CV≤0.7/μ≥0.5/TP≥50,63.04,0.0,0.7,0.5,50.0,47,46,29,17,63.04,-10.86,-30.83,9.12,-4.994,0.435,23
"[-299,-200]",HR≥70/EDG≥0.0/CV≤0.7/μ≥0.5/TP≥55,63.04,0.0,0.7,0.5,55.0,47,46,29,17,63.04,-10.86,-30.83,9.12,-4.994,0.435,23
"[-299,-200]",HR≥70/EDG≥0.0/CV≤0.7/μ≥0.5/TP≥60,63.04,0.0,0.7,0.5,60.0,47,46,29,17,63.04,-10.86,-30.83,9.12,-4.994,0.435,23
"[-299,-200]",HR≥70/EDG≥0.0/CV≤0.7/μ≥0.5/TP≥65,63.04,0.0,0.7,0.5,65.0,47,46,29,17,63.04,-10.86,-30.83,9.12,-4.994,0.435,23
"[-299,-200]",HR≥70/EDG≥0.0/CV≤0.7/μ≥1.0/TP≥-,65.91,0.0,0.7,1.0,,44,44,29,15,65.91,-6.8,-26.87,13.27,-2.994,0.478,23
"[-299,-200]",HR≥70/EDG≥0.0/CV≤0.7/μ≥1.0/TP≥50,65.91,0.0,0.7,1.0,50.0,44,44,29,15,65.91,-6.8,-26.87,13.27,-2.994,0.478,23
"[-299,-200]",HR≥70/EDG≥0.0/CV≤0.7/μ≥1.0/TP≥55,65.91,0.0,0.7,1.0,55.0,44,44,29,15,65.91,-6.8,-26.87,13.27,-2.994,0.478,23
"[-299,-200]",HR≥70/EDG≥0.0/CV≤0.7/μ≥1.0/TP≥60,65.91,0.0,0.7,1.0,60.0,44,44,29,15,65.91,-6.8,-26.87,13.27,-2.994,0.478,23
"[-299,-200]",HR≥70/EDG≥0.0/CV≤0.7/μ≥1.0/TP≥65,65.91,0.0,0.7,1.0,65.0,44,44,29,15,65.91,-6.8,-26.87,13.27,-2.994,0.478,23
"[-299,-200]",HR≥70/EDG≥0.0/CV≤0.6/μ≥-/TP≥-,62.22,0.0,0.6,,,46,45,28,17,62.22,-11.85,-32.18,8.48,-5.333,0.409,22
"[-299,-200]",HR≥70/EDG≥0.0/CV≤0.6/μ≥-/TP≥50,62.22,0.0,0.6,,50.0,46,45,28,17,62.22,-11.85,-32.18,8.48,-5.333,0.409,22
"[-299,-200]",HR≥70/EDG≥0.0/CV≤0.6/μ≥-/TP≥55,62.22,0.0,0.6,,55.0,46,45,28,17,62.22,-11.85,-32.18,8.48,-5.333,0.409,22
"[-299,-200]",HR≥70/EDG≥0.0/CV≤0.6/μ≥-/TP≥60,62.22,0.0,0.6,,60.0,46,45,28,17,62.22,-11.85,-32.18,8.48,-5.333,0.409,22
"[-299,-200]",HR≥70/EDG≥0.0/CV≤0.6/μ≥-/TP≥65,62.22,0.0,0.6,,65.0,46,45,28,17,62.22,-11.85,-32.18,8.48,-5.333,0.409,22
"[-299,-200]",HR≥70/EDG≥0.0/CV≤0.6/μ≥0.0/TP≥-,62.22,0.0,0.6,0.0,,46,45,28,17,62.22,-11.85,-32.18,8.48,-5.333,0.409,22
"[-299,-200]",HR≥70/EDG≥0.0/CV≤0.6/μ≥0.0/TP≥50,62.22,0.0,0.6,0.0,50.0,46,45,28,17,62.22,-11.85,-32.18,8.48,-5.333,0.409,22
"[-299,-200]",HR≥70/EDG≥0.0/CV≤0.6/μ≥0.0/TP≥55,62.22,0.0,0.6,0.0,55.0,46,45,28,17,62.22,-11.85,-32.18,8.48,-5.333,0.409,22
"[-299,-200]",HR≥70/EDG≥0.0/CV≤0.6/μ≥0.0/TP≥60,62.22,0.0,0.6,0.0,60.0,46,45,28,17,62.22,-11.85,-32.18,8.48,-5.333,0.409,22
"[-299,-200]",HR≥70/EDG≥0.0/CV≤0.6/μ≥0.0/TP≥65,62.22,0.0,0.6,0.0,65.0,46,45,28,17,62.22,-11.85,-32.18,8.48,-5.333,0.409,22
"[-299,-200]",HR≥70/EDG≥0.0/CV≤0.6/μ≥0.5/TP≥-,62.22,0.0,0.6,0.5,,46,45,28,17,62.22,-11.85,-32.18,8.48,-5.333,0.409,22
"[-299,-200]",HR≥70/EDG≥0.0/CV≤0.6/μ≥0.5/TP≥50,62.22,0.0,0.6,0.5,50.0,46,45,28,17,62.22,-11.85,-32.18,8.48,-5.333,0.409,22
"[-299,-200]",HR≥70/EDG≥0.0/CV≤0.6/μ≥0.5/TP≥55,62.22,0.0,0.6,0.5,55.0,46,45,28,17,62.22,-11.85,-32.18,8.48,-5.333,0.409,22
"[-299,-200]",HR≥70/EDG≥0.0/CV≤0.6/μ≥0.5/TP≥60,62.22,0.0,0.6,0.5,60.0,46,45,28,17,62.22,-11.85,-32.18,8.48,-5.333,0.409,22
"[-299,-200]",HR≥70/EDG≥0.0/CV≤0.6/μ≥0.5/TP≥65,62.22,0.0,0.6,0.5,65.0,46,45,28,17,62.22,-11.85,-32.18,8.48,-5.333,0.409,22
"[-299,-200]",HR≥70/EDG≥0.0/CV≤0.6/μ≥1.0/TP≥-,65.12,0.0,0.6,1.0,,43,43,28,15,65.12,-7.75,-28.21,12.7,-3.333,0.455,22
"[-299,-200]",HR≥70/EDG≥0.0/CV≤0.6/μ≥1.0/TP≥50,65.12,0.0,0.6,1.0,50.0,43,43,28,15,65.12,-7.75,-28.21,12.7,-3.333,0.455,22
"[-299,-200]",HR≥70/EDG≥0.0/CV≤0.6/μ≥1.0/TP≥55,65.12,0.0,0.6,1.0,55.0,43,43,28,15,65.12,-7.75,-28.21,12.7,-3.333,0.455,22
"[-299,-200]",HR≥70/EDG≥0.0/CV≤0.6/μ≥1.0/TP≥60,65.12,0.0,0.6,1.0,60.0,43,43,28,15,65.12,-7.75,-28.21,12.7,-3.333,0.455,22
"[-299,-200]",HR≥70/EDG≥0.0/CV≤0.6/μ≥1.0/TP≥65,65.12,0.0,0.6,1.0,65.0,43,43,28,15,65.12,-7.75,-28.21,12.7,-3.333,0.455,22
"[-299,-200]",HR≥70/EDG≥0.0/CV≤0.5/μ≥-/TP≥-,62.79,0.0,0.5,,,44,43,27,16,62.79,-11.09,-31.82,9.65,-4.768,0.409,22
"[-299,-200]",HR≥70/EDG≥0.0/CV≤0.5/μ≥-/TP≥50,62.79,0.0,0.5,,50.0,44,43,27,16,62.79,-11.09,-31.82,9.65,-4.768,0.409,22
"[-299,-200]",HR≥70/EDG≥0.0/CV≤0.5/μ≥-/TP≥55,62.79,0.0,0.5,,55.0,44,43,27,16,62.79,-11.09,-31.82,9.65,-4.768,0.409,22
"[-299,-200]",HR≥70/EDG≥0.0/CV≤0.5/μ≥-/TP≥60,62.79,0.0,0.5,,60.0,44,43,27,16,62.79,-11.09,-31.82,9.65,-4.768,0.409,22
"[-299,-200]",HR≥70/EDG≥0.0/CV≤0.5/μ≥-/TP≥65,62.79,0.0,0.5,,65.0,44,43,27,16,62.79,-11.09,-31.82,9.65,-4.768,0.409,22
"[-299,-200]",HR≥70/EDG≥0.0/CV≤0.5/μ≥0.0/TP≥-,62.79,0.0,0.5,0.0,,44,43,27,16,62.79,-11.09,-31.82,9.65,-4.768,0.409,22
"[-299,-200]",HR≥70/EDG≥0.0/CV≤0.5/μ≥0.0/TP≥50,62.79,0.0,0.5,0.0,50.0,44,43,27,16,62.79,-11.09,-31.82,9.65,-4.768,0.409,22
"[-299,-200]",HR≥70/EDG≥0.0/CV≤0.5/μ≥0.0/TP≥55,62.79,0.0,0.5,0.0,55.0,44,43,27,16,62.79,-11.09,-31.82,9.65,-4.768,0.409,22
"[-299,-200]",HR≥70/EDG≥0.0/CV≤0.5/μ≥0.0/TP≥60,62.79,0.0,0.5,0.0,60.0,44,43,27,16,62.79,-11.09,-31.82,9.65,-4.768,0.409,22
"[-299,-200]",HR≥70/EDG≥0.0/CV≤0.5/μ≥0.0/TP≥65,62.79,0.0,0.5,0.0,65.0,44,43,27,16,62.79,-11.09,-31.82,9.65,-4.768,0.409,22
"[-299,-200]",HR≥70/EDG≥0.0/CV≤0.5/μ≥0.5/TP≥-,62.79,0.0,0.5,0.5,,44,43,27,16,62.79,-11.09,-31.82,9.65,-4.768,0.409,22
"[-299,-200]",HR≥70/EDG≥0.0/CV≤0.5/μ≥0.5/TP≥50,62.79,0.0,0.5,0.5,50.0,44,43,27,16,62.79,-11.09,-31.82,9.65,-4.768,0.409,22
"[-299,-200]",HR≥70/EDG≥0.0/CV≤0.5/μ≥0.5/TP≥55,62.79,0.0,0.5,0.5,55.0,44,43,27,16,62.79,-11.09,-31.82,9.65,-4.768,0.409,22
"[-299,-200]",HR≥70/EDG≥0.0/CV≤0.5/μ≥0.5/TP≥60,62.79,0.0,0.5,0.5,60.0,44,43,27,16,62.79,-11.09,-31.82,9.65,-4.768,0.409,22
"[-299,-200]",HR≥70/EDG≥0.0/CV≤0.5/μ≥0.5/TP≥65,62.79,0.0,0.5,0.5,65.0,44,43,27,16,62.79,-11.09,-31.82,9.65,-4.768,0.409,22
"[-299,-200]",HR≥70/EDG≥0.0/CV≤0.5/μ≥1.0/TP≥-,65.85,0.0,0.5,1.0,,41,41,27,14,65.85,-6.75,-27.6,14.1,-2.768,0.455,22
"[-299,-200]",HR≥70/EDG≥0.0/CV≤0.5/μ≥1.0/TP≥50,65.85,0.0,0.5,1.0,50.0,41,41,27,14,65.85,-6.75,-27.6,14.1,-2.768,0.455,22
"[-299,-200]",HR≥70/EDG≥0.0/CV≤0.5/μ≥1.0/TP≥55,65.85,0.0,0.5,1.0,55.0,41,41,27,14,65.85,-6.75,-27.6,14.1,-2.768,0.455,22
"[-299,-200]",HR≥70/EDG≥0.0/CV≤0.5/μ≥1.0/TP≥60,65.85,0.0,0.5,1.0,60.0,41,41,27,14,65.85,-6.75,-27.6,14.1,-2.768,0.455,22
"[-299,-200]",HR≥70/EDG≥0.0/CV≤0.5/μ≥1.0/TP≥65,65.85,0.0,0.5,1.0,65.0,41,41,27,14,65.85,-6.75,-27.6,14.1,-2.768,0.455,22
"[-299,-200]",HR≥70/EDG≥0.0/CV≤0.45/μ≥-/TP≥-,66.67,0.0,0.45,,,37,36,24,12,66.67,-5.46,-27.64,16.73,-1.964,0.524,21
"[-299,-200]",HR≥70/EDG≥0.0/CV≤0.45/μ≥-/TP≥50,66.67,0.0,0.45,,50.0,37,36,24,12,66.67,-5.46,-27.64,16.73,-1.964,0.524,21
"[-299,-200]",HR≥70/EDG≥0.0/CV≤0.45/μ≥-/TP≥55,66.67,0.0,0.45,,55.0,37,36,24,12,66.67,-5.46,-27.64,16.73,-1.964,0.524,21
"[-299,-200]",HR≥70/EDG≥0.0/CV≤0.45/μ≥-/TP≥60,66.67,0.0,0.45,,60.0,37,36,24,12,66.67,-5.46,-27.64,16.73,-1.964,0.524,21
"[-299,-200]",HR≥70/EDG≥0.0/CV≤0.45/μ≥-/TP≥65,66.67,0.0,0.45,,65.0,37,36,24,12,66.67,-5.46,-27.64,16.73,-1.964,0.524,21
"[-299,-200]",HR≥70/EDG≥0.0/CV≤0.45/μ≥0.0/TP≥-,66.67,0.0,0.45,0.0,,37,36,24,12,66.67,-5.46,-27.64,16.73,-1.964,0.524,21
"[-299,-200]",HR≥70/EDG≥0.0/CV≤0.45/μ≥0.0/TP≥50,66.67,0.0,0.45,0.0,50.0,37,36,24,12,66.67,-5.46,-27.64,16.73,-1.964,0.524,21
"[-299,-200]",HR≥70/EDG≥0.0/CV≤0.45/μ≥0.0/TP≥55,66.67,0.0,0.45,0.0,55.0,37,36,24,12,66.67,-5.46,-27.64,16.73,-1.964,0.524,21
"[-299,-200]",HR≥70/EDG≥0.0/CV≤0.45/μ≥0.0/TP≥60,66.67,0.0,0.45,0.0,60.0,37,36,24,12,66.67,-5.46,-27.64,16.73,-1.964,0.524,21
"[-299,-200]",HR≥70/EDG≥0.0/CV≤0.45/μ≥0.0/TP≥65,66.67,0.0,0.45,0.0,65.0,37,36,24,12,66.67,-5.46,-27.64,16.73,-1.964,0.524,21
"[-299,-200]",HR≥70/EDG≥0.0/CV≤0.45/μ≥0.5/TP≥-,66.67,0.0,0.45,0.5,,37,36,24,12,66.67,-5.46,-27.64,16.73,-1.964,0.524,21
"[-299,-200]",HR≥70/EDG≥0.0/CV≤0.45/μ≥0.5/TP≥50,66.67,0.0,0.45,0.5,50.0,37,36,24,12,66.67,-5.46,-27.64,16.73,-1.964,0.524,21
"[-299,-200]",HR≥70/EDG≥0.0/CV≤0.45/μ≥0.5/TP≥55,66.67,0.0,0.45,0.5,55.0,37,36,24,12,66.67,-5.46,-27.64,16.73,-1.964,0.524,21
"[-299,-200]",HR≥70/EDG≥0.0/CV≤0.45/μ≥0.5/TP≥60,66.67,0.0,0.45,0.5,60.0,37,36,24,12,66.67,-5.46,-27.64,16.73,-1.964,0.524,21
"[-299,-200]",HR≥70/EDG≥0.0/CV≤0.45/μ≥0.5/TP≥65,66.67,0.0,0.45,0.5,65.0,37,36,24,12,66.67,-5.46,-27.64,16.73,-1.964,0.524,21
"[-299,-200]",HR≥70/EDG≥0.0/CV≤0.45/μ≥1.0/TP≥-,68.57,0.0,0.45,1.0,,35,35,24,11,68.57,-2.75,-24.92,19.41,-0.964,0.524,21
"[-299,-200]",HR≥70/EDG≥0.0/CV≤0.45/μ≥1.0/TP≥50,68.57,0.0,0.45,1.0,50.0,35,35,24,11,68.57,-2.75,-24.92,19.41,-0.964,0.524,21
"[-299,-200]",HR≥70/EDG≥0.0/CV≤0.45/μ≥1.0/TP≥55,68.57,0.0,0.45,1.0,55.0,35,35,24,11,68.57,-2.75,-24.92,19.41,-0.964,0.524,21
"[-299,-200]",HR≥70/EDG≥0.0/CV≤0.45/μ≥1.0/TP≥60,68.57,0.0,0.45,1.0,60.0,35,35,24,11,68.57,-2.75,-24.92,19.41,-0.964,0.524,21
"[-299,-200]",HR≥70/EDG≥0.0/CV≤0.45/μ≥1.0/TP≥65,68.57,0.0,0.45,1.0,65.0,35,35,24,11,68.57,-2.75,-24.92,19.41,-0.964,0.524,21
"[-299,-200]",HR≥70/EDG≥5.0/CV≤-/μ≥-/TP≥-,65.79,5.0,,,,38,38,25,13,65.79,-6.55,-28.3,15.2,-2.489,0.55,20
"[-299,-200]",HR≥70/EDG≥5.0/CV≤-/μ≥-/TP≥50,65.79,5.0,,,50.0,38,38,25,13,65.79,-6.55,-28.3,15.2,-2.489,0.55,20
"[-299,-200]",HR≥70/EDG≥5.0/CV≤-/μ≥-/TP≥55,65.79,5.0,,,55.0,38,38,25,13,65.79,-6.55,-28.3,15.2,-2.489,0.55,20
"[-299,-200]",HR≥70/EDG≥5.0/CV≤-/μ≥-/TP≥60,65.79,5.0,,,60.0,38,38,25,13,65.79,-6.55,-28.3,15.2,-2.489,0.55,20
"[-299,-200]",HR≥70/EDG≥5.0/CV≤-/μ≥-/TP≥65,65.79,5.0,,,65.0,38,38,25,13,65.79,-6.55,-28.3,15.2,-2.489,0.55,20
"[-299,-200]",HR≥70/EDG≥5.0/CV≤-/μ≥0.0/TP≥-,65.79,5.0,,0.0,,38,38,25,13,65.79,-6.55,-28.3,15.2,-2.489,0.55,20
"[-299,-200]",HR≥70/EDG≥5.0/CV≤-/μ≥0.0/TP≥50,65.79,5.0,,0.0,50.0,38,38,25,13,65.79,-6.55,-28.3,15.2,-2.489,0.55,20
"[-299,-200]",HR≥70/EDG≥5.0/CV≤-/μ≥0.0/TP≥55,65.79,5.0,,0.0,55.0,38,38,25,13,65.79,-6.55,-28.3,15.2,-2.489,0.55,20
"[-299,-200]",HR≥70/EDG≥5.0/CV≤-/μ≥0.0/TP≥60,65.79,5.0,,0.0,60.0,38,38,25,13,65.79,-6.55,-28.3,15.2,-2.489,0.55,20
"[-299,-200]",HR≥70/EDG≥5.0/CV≤-/μ≥0.0/TP≥65,65.79,5.0,,0.0,65.0,38,38,25,13,65.79,-6.55,-28.3,15.2,-2.489,0.55,20
"[-299,-200]",HR≥70/EDG≥5.0/CV≤-/μ≥0.5/TP≥-,65.79,5.0,,0.5,,38,38,25,13,65.79,-6.55,-28.3,15.2,-2.489,0.55,20
"[-299,-200]",HR≥70/EDG≥5.0/CV≤-/μ≥0.5/TP≥50,65.79,5.0,,0.5,50.0,38,38,25,13,65.79,-6.55,-28.3,15.2,-2.489,0.55,20
"[-299,-200]",HR≥70/EDG≥5.0/CV≤-/μ≥0.5/TP≥55,65.79,5.0,,0.5,55.0,38,38,25,13,65.79,-6.55,-28.3,15.2,-2.489,0.55,20
"[-299,-200]",HR≥70/EDG≥5.0/CV≤-/μ≥0.5/TP≥60,65.79,5.0,,0.5,60.0,38,38,25,13,65.79,-6.55,-28.3,15.2,-2.489,0.55,20
"[-299,-200]",HR≥70/EDG≥5.0/CV≤-/μ≥0.5/TP≥65,65.79,5.0,,0.5,65.0,38,38,25,13,65.79,-6.55,-28.3,15.2,-2.489,0.55,20
"[-299,-200]",HR≥70/EDG≥5.0/CV≤-/μ≥1.0/TP≥-,67.57,5.0,,1.0,,37,37,25,12,67.57,-4.02,-25.78,17.74,-1.489,0.55,20
"[-299,-200]",HR≥70/EDG≥5.0/CV≤-/μ≥1.0/TP≥50,67.57,5.0,,1.0,50.0,37,37,25,12,67.57,-4.02,-25.78,17.74,-1.489,0.55,20
"[-299,-200]",HR≥70/EDG≥5.0/CV≤-/μ≥1.0/TP≥55,67.57,5.0,,1.0,55.0,37,37,25,12,67.57,-4.02,-25.78,17.74,-1.489,0.55,20
"[-299,-200]",HR≥70/EDG≥5.0/CV≤-/μ≥1.0/TP≥60,67.57,5.0,,1.0,60.0,37,37,25,12,67.57,-4.02,-25.78,17.74,-1.489,0.55,20
"[-299,-200]",HR≥70/EDG≥5.0/CV≤-/μ≥1.0/TP≥65,67.57,5.0,,1.0,65.0,37,37,25,12,67.57,-4.02,-25.78,17.74,-1.489,0.55,20
"[-299,-200]",HR≥70/EDG≥5.0/CV≤0.7/μ≥-/TP≥-,65.79,5.0,0.7,,,38,38,25,13,65.79,-6.55,-28.3,15.2,-2.489,0.55,20
"[-299,-200]",HR≥70/EDG≥5.0/CV≤0.7/μ≥-/TP≥50,65.79,5.0,0.7,,50.0,38,38,25,13,65.79,-6.55,-28.3,15.2,-2.489,0.55,20
"[-299,-200]",HR≥70/EDG≥5.0/CV≤0.7/μ≥-/TP≥55,65.79,5.0,0.7,,55.0,38,38,25,13,65.79,-6.55,-28.3,15.2,-2.489,0.55,20
"[-299,-200]",HR≥70/EDG≥5.0/CV≤0.7/μ≥-/TP≥60,65.79,5.0,0.7,,60.0,38,38,25,13,65.79,-6.55,-28.3,15.2,-2.489,0.55,20
"[-299,-200]",HR≥70/EDG≥5.0/CV≤0.7/μ≥-/TP≥65,65.79,5.0,0.7,,65.0,38,38,25,13,65.79,-6.55,-28.3,15.2,-2.489,0.55,20
"[-299,-200]",HR≥70/EDG≥5.0/CV≤0.7/μ≥0.0/TP≥-,65.79,5.0,0.7,0.0,,38,38,25,13,65.79,-6.55,-28.3,15.2,-2.489,0.55,20
"[-299,-200]",HR≥70/EDG≥5.0/CV≤0.7/μ≥0.0/TP≥50,65.79,5.0,0.7,0.0,50.0,38,38,25,13,65.79,-6.55,-28.3,15.2,-2.489,0.55,20
"[-299,-200]",HR≥70/EDG≥5.0/CV≤0.7/μ≥0.0/TP≥55,65.79,5.0,0.7,0.0,55.0,38,38,25,13,65.79,-6.55,-28.3,15.2,-2.489,0.55,20
"[-299,-200]",HR≥70/EDG≥5.0/CV≤0.7/μ≥0.0/TP≥60,65.79,5.0,0.7,0.0,60.0,38,38,25,13,65.79,-6.55,-28.3,15.2,-2.489,0.55,20
"[-299,-200]",HR≥70/EDG≥5.0/CV≤0.7/μ≥0.0/TP≥65,65.79,5.0,0.7,0.0,65.0,38,38,25,13,65.79,-6.55,-28.3,15.2,-2.489,0.55,20
"[-299,-200]",HR≥70/EDG≥5.0/CV≤0.7/μ≥0.5/TP≥-,65.79,5.0,0.7,0.5,,38,38,25,13,65.79,-6.55,-28.3,15.2,-2.489,0.55,20
"[-299,-200]",HR≥70/EDG≥5.0/CV≤0.7/μ≥0.5/TP≥50,65.79,5.0,0.7,0.5,50.0,38,38,25,13,65.79,-6.55,-28.3,15.2,-2.489,0.55,20
"[-299,-200]",HR≥70/EDG≥5.0/CV≤0.7/μ≥0.5/TP≥55,65.79,5.0,0.7,0.5,55.0,38,38,25,13,65.79,-6.55,-28.3,15.2,-2.489,0.55,20
"[-299,-200]",HR≥70/EDG≥5.0/CV≤0.7/μ≥0.5/TP≥60,65.79,5.0,0.7,0.5,60.0,38,38,25,13,65.79,-6.55,-28.3,15.2,-2.489,0.55,20
"[-299,-200]",HR≥70/EDG≥5.0/CV≤0.7/μ≥0.5/TP≥65,65.79,5.0,0.7,0.5,65.0,38,38,25,13,65.79,-6.55,-28.3,15.2,-2.489,0.55,20
"[-299,-200]",HR≥70/EDG≥5.0/CV≤0.7/μ≥1.0/TP≥-,67.57,5.0,0.7,1.0,,37,37,25,12,67.57,-4.02,-25.78,17.74,-1.489,0.55,20
"[-299,-200]",HR≥70/EDG≥5.0/CV≤0.7/μ≥1.0/TP≥50,67.57,5.0,0.7,1.0,50.0,37,37,25,12,67.57,-4.02,-25.78,17.74,-1.489,0.55,20
"[-299,-200]",HR≥70/EDG≥5.0/CV≤0.7/μ≥1.0/TP≥55,67.57,5.0,0.7,1.0,55.0,37,37,25,12,67.57,-4.02,-25.78,17.74,-1.489,0.55,20
"[-299,-200]",HR≥70/EDG≥5.0/CV≤0.7/μ≥1.0/TP≥60,67.57,5.0,0.7,1.0,60.0,37,37,25,12,67.57,-4.02,-25.78,17.74,-1.489,0.55,20
"[-299,-200]",HR≥70/EDG≥5.0/CV≤0.7/μ≥1.0/TP≥65,67.57,5.0,0.7,1.0,65.0,37,37,25,12,67.57,-4.02,-25.78,17.74,-1.489,0.55,20
"[-299,-200]",HR≥70/EDG≥5.0/CV≤0.6/μ≥-/TP≥-,65.79,5.0,0.6,,,38,38,25,13,65.79,-6.55,-28.3,15.2,-2.489,0.55,20
"[-299,-200]",HR≥70/EDG≥5.0/CV≤0.6/μ≥-/TP≥50,65.79,5.0,0.6,,50.0,38,38,25,13,65.79,-6.55,-28.3,15.2,-2.489,0.55,20
"[-299,-200]",HR≥70/EDG≥5.0/CV≤0.6/μ≥-/TP≥55,65.79,5.0,0.6,,55.0,38,38,25,13,65.79,-6.55,-28.3,15.2,-2.489,0.55,20
"[-299,-200]",HR≥70/EDG≥5.0/CV≤0.6/μ≥-/TP≥60,65.79,5.0,0.6,,60.0,38,38,25,13,65.79,-6.55,-28.3,15.2,-2.489,0.55,20
"[-299,-200]",HR≥70/EDG≥5.0/CV≤0.6/μ≥-/TP≥65,65.79,5.0,0.6,,65.0,38,38,25,13,65.79,-6.55,-28.3,15.2,-2.489,0.55,20
"[-299,-200]",HR≥70/EDG≥5.0/CV≤0.6/μ≥0.0/TP≥-,65.79,5.0,0.6,0.0,,38,38,25,13,65.79,-6.55,-28.3,15.2,-2.489,0.55,20
"[-299,-200]",HR≥70/EDG≥5.0/CV≤0.6/μ≥0.0/TP≥50,65.79,5.0,0.6,0.0,50.0,38,38,25,13,65.79,-6.55,-28.3,15.2,-2.489,0.55,20
"[-299,-200]",HR≥70/EDG≥5.0/CV≤0.6/μ≥0.0/TP≥55,65.79,5.0,0.6,0.0,55.0,38,38,25,13,65.79,-6.55,-28.3,15.2,-2.489,0.55,20
"[-299,-200]",HR≥70/EDG≥5.0/CV≤0.6/μ≥0.0/TP≥60,65.79,5.0,0.6,0.0,60.0,38,38,25,13,65.79,-6.55,-28.3,15.2,-2.489,0.55,20
"[-299,-200]",HR≥70/EDG≥5.0/CV≤0.6/μ≥0.0/TP≥65,65.79,5.0,0.6,0.0,65.0,38,38,25,13,65.79,-6.55,-28.3,15.2,-2.489,0.55,20
"[-299,-200]",HR≥70/EDG≥5.0/CV≤0.6/μ≥0.5/TP≥-,65.79,5.0,0.6,0.5,,38,38,25,13,65.79,-6.55,-28.3,15.2,-2.489,0.55,20
"[-299,-200]",HR≥70/EDG≥5.0/CV≤0.6/μ≥0.5/TP≥50,65.79,5.0,0.6,0.5,50.0,38,38,25,13,65.79,-6.55,-28.3,15.2,-2.489,0.55,20
"[-299,-200]",HR≥70/EDG≥5.0/CV≤0.6/μ≥0.5/TP≥55,65.79,5.0,0.6,0.5,55.0,38,38,25,13,65.79,-6.55,-28.3,15.2,-2.489,0.55,20
"[-299,-200]",HR≥70/EDG≥5.0/CV≤0.6/μ≥0.5/TP≥60,65.79,5.0,0.6,0.5,60.0,38,38,25,13,65.79,-6.55,-28.3,15.2,-2.489,0.55,20
"[-299,-200]",HR≥70/EDG≥5.0/CV≤0.6/μ≥0.5/TP≥65,65.79,5.0,0.6,0.5,65.0,38,38,25,13,65.79,-6.55,-28.3,15.2,-2.489,0.55,20
"[-299,-200]",HR≥70/EDG≥5.0/CV≤0.6/μ≥1.0/TP≥-,67.57,5.0,0.6,1.0,,37,37,25,12,67.57,-4.02,-25.78,17.74,-1.489,0.55,20
"[-299,-200]",HR≥70/EDG≥5.0/CV≤0.6/μ≥1.0/TP≥50,67.57,5.0,0.6,1.0,50.0,37,37,25,12,67.57,-4.02,-25.78,17.74,-1.489,0.55,20
"[-299,-200]",HR≥70/EDG≥5.0/CV≤0.6/μ≥1.0/TP≥55,67.57,5.0,0.6,1.0,55.0,37,37,25,12,67.57,-4.02,-25.78,17.74,-1.489,0.55,20
"[-299,-200]",HR≥70/EDG≥5.0/CV≤0.6/μ≥1.0/TP≥60,67.57,5.0,0.6,1.0,60.0,37,37,25,12,67.57,-4.02,-25.78,17.74,-1.489,0.55,20
"[-299,-200]",HR≥70/EDG≥5.0/CV≤0.6/μ≥1.0/TP≥65,67.57,5.0,0.6,1.0,65.0,37,37,25,12,67.57,-4.02,-25.78,17.74,-1.489,0.55,20
"[-299,-200]",HR≥70/EDG≥5.0/CV≤0.5/μ≥-/TP≥-,67.57,5.0,0.5,,,37,37,25,12,67.57,-4.02,-25.78,17.74,-1.489,0.55,20
"[-299,-200]",HR≥70/EDG≥5.0/CV≤0.5/μ≥-/TP≥50,67.57,5.0,0.5,,50.0,37,37,25,12,67.57,-4.02,-25.78,17.74,-1.489,0.55,20
"[-299,-200]",HR≥70/EDG≥5.0/CV≤0.5/μ≥-/TP≥55,67.57,5.0,0.5,,55.0,37,37,25,12,67.57,-4.02,-25.78,17.74,-1.489,0.55,20
"[-299,-200]",HR≥70/EDG≥5.0/CV≤0.5/μ≥-/TP≥60,67.57,5.0,0.5,,60.0,37,37,25,12,67.57,-4.02,-25.78,17.74,-1.489,0.55,20
"[-299,-200]",HR≥70/EDG≥5.0/CV≤0.5/μ≥-/TP≥65,67.57,5.0,0.5,,65.0,37,37,25,12,67.57,-4.02,-25.78,17.74,-1.489,0.55,20
"[-299,-200]",HR≥70/EDG≥5.0/CV≤0.5/μ≥0.0/TP≥-,67.57,5.0,0.5,0.0,,37,37,25,12,67.57,-4.02,-25.78,17.74,-1.489,0.55,20
"[-299,-200]",HR≥70/EDG≥5.0/CV≤0.5/μ≥0.0/TP≥50,67.57,5.0,0.5,0.0,50.0,37,37,25,12,67.57,-4.02,-25.78,17.74,-1.489,0.55,20
"[-299,-200]",HR≥70/EDG≥5.0/CV≤0.5/μ≥0.0/TP≥55,67.57,5.0,0.5,0.0,55.0,37,37,25,12,67.57,-4.02,-25.78,17.74,-1.489,0.55,20
"[-299,-200]",HR≥70/EDG≥5.0/CV≤0.5/μ≥0.0/TP≥60,67.57,5.0,0.5,0.0,60.0,37,37,25,12,67.57,-4.02,-25.78,17.74,-1.489,0.55,20
"[-299,-200]",HR≥70/EDG≥5.0/CV≤0.5/μ≥0.0/TP≥65,67.57,5.0,0.5,0.0,65.0,37,37,25,12,67.57,-4.02,-25.78,17.74,-1.489,0.55,20
"[-299,-200]",HR≥70/EDG≥5.0/CV≤0.5/μ≥0.5/TP≥-,67.57,5.0,0.5,0.5,,37,37,25,12,67.57,-4.02,-25.78,17.74,-1.489,0.55,20
"[-299,-200]",HR≥70/EDG≥5.0/CV≤0.5/μ≥0.5/TP≥50,67.57,5.0,0.5,0.5,50.0,37,37,25,12,67.57,-4.02,-25.78,17.74,-1.489,0.55,20
"[-299,-200]",HR≥70/EDG≥5.0/CV≤0.5/μ≥0.5/TP≥55,67.57,5.0,0.5,0.5,55.0,37,37,25,12,67.57,-4.02,-25.78,17.74,-1.489,0.55,20
"[-299,-200]",HR≥70/EDG≥5.0/CV≤0.5/μ≥0.5/TP≥60,67.57,5.0,0.5,0.5,60.0,37,37,25,12,67.57,-4.02,-25.78,17.74,-1.489,0.55,20
"[-299,-200]",HR≥70/EDG≥5.0/CV≤0.5/μ≥0.5/TP≥65,67.57,5.0,0.5,0.5,65.0,37,37,25,12,67.57,-4.02,-25.78,17.74,-1.489,0.55,20
"[-299,-200]",HR≥70/EDG≥5.0/CV≤0.5/μ≥1.0/TP≥-,69.44,5.0,0.5,1.0,,36,36,25,11,69.44,-1.36,-23.08,20.36,-0.489,0.55,20
"[-299,-200]",HR≥70/EDG≥5.0/CV≤0.5/μ≥1.0/TP≥50,69.44,5.0,0.5,1.0,50.0,36,36,25,11,69.44,-1.36,-23.08,20.36,-0.489,0.55,20
"[-299,-200]",HR≥70/EDG≥5.0/CV≤0.5/μ≥1.0/TP≥55,69.44,5.0,0.5,1.0,55.0,36,36,25,11,69.44,-1.36,-23.08,20.36,-0.489,0.55,20
"[-299,-200]",HR≥70/EDG≥5.0/CV≤0.5/μ≥1.0/TP≥60,69.44,5.0,0.5,1.0,60.0,36,36,25,11,69.44,-1.36,-23.08,20.36,-0.489,0.55,20
"[-299,-200]",HR≥70/EDG≥5.0/CV≤0.5/μ≥1.0/TP≥65,69.44,5.0,0.5,1.0,65.0,36,36,25,11,69.44,-1.36,-23.08,20.36,-0.489,0.55,20
"[-299,-200]",HR≥70/EDG≥5.0/CV≤0.45/μ≥-/TP≥-,70.97,5.0,0.45,,,31,31,22,9,70.97,1.01,-22.15,24.18,0.315,0.632,19
"[-299,-200]",HR≥70/EDG≥5.0/CV≤0.45/μ≥-/TP≥50,70.97,5.0,0.45,,50.0,31,31,22,9,70.97,1.01,-22.15,24.18,0.315,0.632,19
"[-299,-200]",HR≥70/EDG≥5.0/CV≤0.45/μ≥-/TP≥55,70.97,5.0,0.45,,55.0,31,31,22,9,70.97,1.01,-22.15,24.18,0.315,0.632,19
"[-299,-200]",HR≥70/EDG≥5.0/CV≤0.45/μ≥-/TP≥60,70.97,5.0,0.45,,60.0,31,31,22,9,70.97,1.01,-22.15,24.18,0.315,0.632,19
"[-299,-200]",HR≥70/EDG≥5.0/CV≤0.45/μ≥-/TP≥65,70.97,5.0,0.45,,65.0,31,31,22,9,70.97,1.01,-22.15,24.18,0.315,0.632,19
"[-299,-200]",HR≥70/EDG≥5.0/CV≤0.45/μ≥0.0/TP≥-,70.97,5.0,0.45,0.0,,31,31,22,9,70.97,1.01,-22.15,24.18,0.315,0.632,19
"[-299,-200]",HR≥70/EDG≥5.0/CV≤0.45/μ≥0.0/TP≥50,70.97,5.0,0.45,0.0,50.0,31,31,22,9,70.97,1.01,-22.15,24.18,0.315,0.632,19
"[-299,-200]",HR≥70/EDG≥5.0/CV≤0.45/μ≥0.0/TP≥55,70.97,5.0,0.45,0.0,55.0,31,31,22,9,70.97,1.01,-22.15,24.18,0.315,0.632,19
"[-299,-200]",HR≥70/EDG≥5.0/CV≤0.45/μ≥0.0/TP≥60,70.97,5.0,0.45,0.0,60.0,31,31,22,9,70.97,1.01,-22.15,24.18,0.315,0.632,19
"[-299,-200]",HR≥70/EDG≥5.0/CV≤0.45/μ≥0.0/TP≥65,70.97,5.0,0.45,0.0,65.0,31,31,22,9,70.97,1.01,-22.15,24.18,0.315,0.632,19
"[-299,-200]",HR≥70/EDG≥5.0/CV≤0.45/μ≥0.5/TP≥-,70.97,5.0,0.45,0.5,,31,31,22,9,70.97,1.01,-22.15,24.18,0.315,0.632,19
"[-299,-200]",HR≥70/EDG≥5.0/CV≤0.45/μ≥0.5/TP≥50,70.97,5.0,0.45,0.5,50.0,31,31,22,9,70.97,1.01,-22.15,24.18,0.315,0.632,19
"[-299,-200]",HR≥70/EDG≥5.0/CV≤0.45/μ≥0.5/TP≥55,70.97,5.0,0.45,0.5,55.0,31,31,22,9,70.97,1.01,-22.15,24.18,0.315,0.632,19
"[-299,-200]",HR≥70/EDG≥5.0/CV≤0.45/μ≥0.5/TP≥60,70.97,5.0,0.45,0.5,60.0,31,31,22,9,70.97,1.01,-22.15,24.18,0.315,0.632,19
"[-299,-200]",HR≥70/EDG≥5.0/CV≤0.45/μ≥0.5/TP≥65,70.97,5.0,0.45,0.5,65.0,31,31,22,9,70.97,1.01,-22.15,24.18,0.315,0.632,19
"[-299,-200]",HR≥70/EDG≥5.0/CV≤0.45/μ≥1.0/TP≥-,73.33,5.0,0.45,1.0,,30,30,22,8,73.33,4.38,-18.57,27.34,1.315,0.632,19
"[-299,-200]",HR≥70/EDG≥5.0/CV≤0.45/μ≥1.0/TP≥50,73.33,5.0,0.45,1.0,50.0,30,30,22,8,73.33,4.38,-18.57,27.34,1.315,0.632,19
"[-299,-200]",HR≥70/EDG≥5.0/CV≤0.45/μ≥1.0/TP≥55,73.33,5.0,0.45,1.0,55.0,30,30,22,8,73.33,4.38,-18.57,27.34,1.315,0.632,19
"[-299,-200]",HR≥70/EDG≥5.0/CV≤0.45/μ≥1.0/TP≥60,73.33,5.0,0.45,1.0,60.0,30,30,22,8,73.33,4.38,-18.57,27.34,1.315,0.632,19
"[-299,-200]",HR≥70/EDG≥5.0/CV≤0.45/μ≥1.0/TP≥65,73.33,5.0,0.45,1.0,65.0,30,30,22,8,73.33,4.38,-18.57,27.34,1.315,0.632,19
"[-299,-200]",HR≥75/EDG≥-/CV≤-/μ≥-/TP≥-,61.22,,,,,50,49,30,19,61.22,-13.92,-33.33,5.49,-6.822,0.375,24
"[-299,-200]",HR≥75/EDG≥-/CV≤-/μ≥-/TP≥50,61.7,,,,50.0,48,47,29,18,61.7,-13.33,-33.09,6.43,-6.266,0.417,24
"[-299,-200]",HR≥75/EDG≥-/CV≤-/μ≥-/TP≥55,61.7,,,,55.0,48,47,29,18,61.7,-13.33,-33.09,6.43,-6.266,0.417,24
"[-299,-200]",HR≥75/EDG≥-/CV≤-/μ≥-/TP≥60,63.64,,,,60.0,45,44,28,16,63.64,-10.64,-30.87,9.58,-4.683,0.458,24
"[-299,-200]",HR≥75/EDG≥-/CV≤-/μ≥-/TP≥65,65.85,,,,65.0,42,41,27,14,65.85,-7.76,-28.38,12.85,-3.183,0.476,21
"[-299,-200]",HR≥75/EDG≥-/CV≤-/μ≥0.0/TP≥-,60.87,,,0.0,,47,46,28,18,60.87,-14.71,-34.72,5.3,-6.766,0.391,23
"[-299,-200]",HR≥75/EDG≥-/CV≤-/μ≥0.0/TP≥50,60.87,,,0.0,50.0,47,46,28,18,60.87,-14.71,-34.72,5.3,-6.766,0.391,23
"[-299,-200]",HR≥75/EDG≥-/CV≤-/μ≥0.0/TP≥55,60.87,,,0.0,55.0,47,46,28,18,60.87,-14.71,-34.72,5.3,-6.766,0.391,23
"[-299,-200]",HR≥75/EDG≥-/CV≤-/μ≥0.0/TP≥60,62.79,,,0.0,60.0,44,43,27,16,62.79,-12.05,-32.56,8.45,-5.183,0.435,23
"[-299,-200]",HR≥75/EDG≥-/CV≤-/μ≥0.0/TP≥65,65.85,,,0.0,65.0,42,41,27,14,65.85,-7.76,-28.38,12.85,-3.183,0.476,21
"[-299,-200]",HR≥75/EDG≥-/CV≤-/μ≥0.5/TP≥-,61.9,,,0.5,,43,42,26,16,61.9,-13.29,-34.14,7.56,-5.583,0.435,23
"[-299,-200]",HR≥75/EDG≥-/CV≤-/μ≥0.5/TP≥50,61.9,,,0.5,50.0,43,42,26,16,61.9,-13.29,-34.14,7.56,-5.583,0.435,23
"[-299,-200]",HR≥75/EDG≥-/CV≤-/μ≥0.5/TP≥55,61.9,,,0.5,55.0,43,42,26,16,61.9,-13.29,-34.14,7.56,-5.583,0.435,23
"[-299,-200]",HR≥75/EDG≥-/CV≤-/μ≥0.5/TP≥60,61.9,,,0.5,60.0,43,42,26,16,61.9,-13.29,-34.14,7.56,-5.583,0.435,23
"[-299,-200]",HR≥75/EDG≥-/CV≤-/μ≥0.5/TP≥65,65.0,,,0.5,65.0,41,40,26,14,65.0,-8.96,-29.96,12.04,-3.583,0.476,21
"[-299,-200]",HR≥75/EDG≥-/CV≤-/μ≥1.0/TP≥-,65.71,,,1.0,,35,35,23,12,65.71,-7.89,-30.29,14.51,-2.761,0.476,21
"[-299,-200]",HR≥75/EDG≥-/CV≤-/μ≥1.0/TP≥50,65.71,,,1.0,50.0,35,35,23,12,65.71,-7.89,-30.29,14.51,-2.761,0.476,21
"[-299,-200]",HR≥75/EDG≥-/CV≤-/μ≥1.0/TP≥55,65.71,,,1.0,55.0,35,35,23,12,65.71,-7.89,-30.29,14.51,-2.761,0.476,21
"[-299,-200]",HR≥75/EDG≥-/CV≤-/μ≥1.0/TP≥60,65.71,,,1.0,60.0,35,35,23,12,65.71,-7.89,-30.29,14.51,-2.761,0.476,21
"[-299,-200]",HR≥75/EDG≥-/CV≤-/μ≥1.0/TP≥65,65.71,,,1.0,65.0,35,35,23,12,65.71,-7.89,-30.29,14.51,-2.761,0.476,21
"[-299,-200]",HR≥75/EDG≥-/CV≤0.7/μ≥-/TP≥-,61.22,,0.7,,,50,49,30,19,61.22,-13.92,-33.33,5.49,-6.822,0.375,24
"[-299,-200]",HR≥75/EDG≥-/CV≤0.7/μ≥-/TP≥50,61.7,,0.7,,50.0,48,47,29,18,61.7,-13.33,-33.09,6.43,-6.266,0.417,24
"[-299,-200]",HR≥75/EDG≥-/CV≤0.7/μ≥-/TP≥55,61.7,,0.7,,55.0,48,47,29,18,61.7,-13.33,-33.09,6.43,-6.266,0.417,24
"[-299,-200]",HR≥75/EDG≥-/CV≤0.7/μ≥-/TP≥60,63.64,,0.7,,60.0,45,44,28,16,63.64,-10.64,-30.87,9.58,-4.683,0.458,24
"[-299,-200]",HR≥75/EDG≥-/CV≤0.7/μ≥-/TP≥65,65.85,,0.7,,65.0,42,41,27,14,65.85,-7.76,-28.38,12.85,-3.183,0.476,21
"[-299,-200]",HR≥75/EDG≥-/CV≤0.7/μ≥0.0/TP≥-,60.87,,0.7,0.0,,47,46,28,18,60.87,-14.71,-34.72,5.3,-6.766,0.391,23
"[-299,-200]",HR≥75/EDG≥-/CV≤0.7/μ≥0.0/TP≥50,60.87,,0.7,0.0,50.0,47,46,28,18,60.87,-14.71,-34.72,5.3,-6.766,0.391,23
"[-299,-200]",HR≥75/EDG≥-/CV≤0.7/μ≥0.0/TP≥55,60.87,,0.7,0.0,55.0,47,46,28,18,60.87,-14.71,-34.72,5.3,-6.766,0.391,23
"[-299,-200]",HR≥75/EDG≥-/CV≤0.7/μ≥0.0/TP≥60,62.79,,0.7,0.0,60.0,44,43,27,16,62.79,-12.05,-32.56,8.45,-5.183,0.435,23
"[-299,-200]",HR≥75/EDG≥-/CV≤0.7/μ≥0.0/TP≥65,65.85,,0.7,0.0,65.0,42,41,27,14,65.85,-7.76,-28.38,12.85,-3.183,0.476,21
"[-299,-200]",HR≥75/EDG≥-/CV≤0.7/μ≥0.5/TP≥-,61.9,,0.7,0.5,,43,42,26,16,61.9,-13.29,-34.14,7.56,-5.583,0.435,23
"[-299,-200]",HR≥75/EDG≥-/CV≤0.7/μ≥0.5/TP≥50,61.9,,0.7,0.5,50.0,43,42,26,16,61.9,-13.29,-34.14,7.56,-5.583,0.435,23
"[-299,-200]",HR≥75/EDG≥-/CV≤0.7/μ≥0.5/TP≥55,61.9,,0.7,0.5,55.0,43,42,26,16,61.9,-13.29,-34.14,7.56,-5.583,0.435,23
"[-299,-200]",HR≥75/EDG≥-/CV≤0.7/μ≥0.5/TP≥60,61.9,,0.7,0.5,60.0,43,42,26,16,61.9,-13.29,-34.14,7.56,-5.583,0.435,23
"[-299,-200]",HR≥75/EDG≥-/CV≤0.7/μ≥0.5/TP≥65,65.0,,0.7,0.5,65.0,41,40,26,14,65.0,-8.96,-29.96,12.04,-3.583,0.476,21
"[-299,-200]",HR≥75/EDG≥-/CV≤0.7/μ≥1.0/TP≥-,65.71,,0.7,1.0,,35,35,23,12,65.71,-7.89,-30.29,14.51,-2.761,0.476,21
"[-299,-200]",HR≥75/EDG≥-/CV≤0.7/μ≥1.0/TP≥50,65.71,,0.7,1.0,50.0,35,35,23,12,65.71,-7.89,-30.29,14.51,-2.761,0.476,21
"[-299,-200]",HR≥75/EDG≥-/CV≤0.7/μ≥1.0/TP≥55,65.71,,0.7,1.0,55.0,35,35,23,12,65.71,-7.89,-30.29,14.51,-2.761,0.476,21
"[-299,-200]",HR≥75/EDG≥-/CV≤0.7/μ≥1.0/TP≥60,65.71,,0.7,1.0,60.0,35,35,23,12,65.71,-7.89,-30.29,14.51,-2.761,0.476,21
"[-299,-200]",HR≥75/EDG≥-/CV≤0.7/μ≥1.0/TP≥65,65.71,,0.7,1.0,65.0,35,35,23,12,65.71,-7.89,-30.29,14.51,-2.761,0.476,21
"[-299,-200]",HR≥75/EDG≥-/CV≤0.6/μ≥-/TP≥-,61.22,,0.6,,,50,49,30,19,61.22,-13.92,-33.33,5.49,-6.822,0.375,24
"[-299,-200]",HR≥75/EDG≥-/CV≤0.6/μ≥-/TP≥50,61.7,,0.6,,50.0,48,47,29,18,61.7,-13.33,-33.09,6.43,-6.266,0.417,24
"[-299,-200]",HR≥75/EDG≥-/CV≤0.6/μ≥-/TP≥55,61.7,,0.6,,55.0,48,47,29,18,61.7,-13.33,-33.09,6.43,-6.266,0.417,24
"[-299,-200]",HR≥75/EDG≥-/CV≤0.6/μ≥-/TP≥60,63.64,,0.6,,60.0,45,44,28,16,63.64,-10.64,-30.87,9.58,-4.683,0.458,24
"[-299,-200]",HR≥75/EDG≥-/CV≤0.6/μ≥-/TP≥65,65.85,,0.6,,65.0,42,41,27,14,65.85,-7.76,-28.38,12.85,-3.183,0.476,21
"[-299,-200]",HR≥75/EDG≥-/CV≤0.6/μ≥0.0/TP≥-,60.87,,0.6,0.0,,47,46,28,18,60.87,-14.71,-34.72,5.3,-6.766,0.391,23
"[-299,-200]",HR≥75/EDG≥-/CV≤0.6/μ≥0.0/TP≥50,60.87,,0.6,0.0,50.0,47,46,28,18,60.87,-14.71,-34.72,5.3,-6.766,0.391,23
"[-299,-200]",HR≥75/EDG≥-/CV≤0.6/μ≥0.0/TP≥55,60.87,,0.6,0.0,55.0,47,46,28,18,60.87,-14.71,-34.72,5.3,-6.766,0.391,23
"[-299,-200]",HR≥75/EDG≥-/CV≤0.6/μ≥0.0/TP≥60,62.79,,0.6,0.0,60.0,44,43,27,16,62.79,-12.05,-32.56,8.45,-5.183,0.435,23
"[-299,-200]",HR≥75/EDG≥-/CV≤0.6/μ≥0.0/TP≥65,65.85,,0.6,0.0,65.0,42,41,27,14,65.85,-7.76,-28.38,12.85,-3.183,0.476,21
"[-299,-200]",HR≥75/EDG≥-/CV≤0.6/μ≥0.5/TP≥-,61.9,,0.6,0.5,,43,42,26,16,61.9,-13.29,-34.14,7.56,-5.583,0.435,23
"[-299,-200]",HR≥75/EDG≥-/CV≤0.6/μ≥0.5/TP≥50,61.9,,0.6,0.5,50.0,43,42,26,16,61.9,-13.29,-34.14,7.56,-5.583,0.435,23
"[-299,-200]",HR≥75/EDG≥-/CV≤0.6/μ≥0.5/TP≥55,61.9,,0.6,0.5,55.0,43,42,26,16,61.9,-13.29,-34.14,7.56,-5.583,0.435,23
"[-299,-200]",HR≥75/EDG≥-/CV≤0.6/μ≥0.5/TP≥60,61.9,,0.6,0.5,60.0,43,42,26,16,61.9,-13.29,-34.14,7.56,-5.583,0.435,23
"[-299,-200]",HR≥75/EDG≥-/CV≤0.6/μ≥0.5/TP≥65,65.0,,0.6,0.5,65.0,41,40,26,14,65.0,-8.96,-29.96,12.04,-3.583,0.476,21
"[-299,-200]",HR≥75/EDG≥-/CV≤0.6/μ≥1.0/TP≥-,65.71,,0.6,1.0,,35,35,23,12,65.71,-7.89,-30.29,14.51,-2.761,0.476,21
"[-299,-200]",HR≥75/EDG≥-/CV≤0.6/μ≥1.0/TP≥50,65.71,,0.6,1.0,50.0,35,35,23,12,65.71,-7.89,-30.29,14.51,-2.761,0.476,21
"[-299,-200]",HR≥75/EDG≥-/CV≤0.6/μ≥1.0/TP≥55,65.71,,0.6,1.0,55.0,35,35,23,12,65.71,-7.89,-30.29,14.51,-2.761,0.476,21
"[-299,-200]",HR≥75/EDG≥-/CV≤0.6/μ≥1.0/TP≥60,65.71,,0.6,1.0,60.0,35,35,23,12,65.71,-7.89,-30.29,14.51,-2.761,0.476,21
"[-299,-200]",HR≥75/EDG≥-/CV≤0.6/μ≥1.0/TP≥65,65.71,,0.6,1.0,65.0,35,35,23,12,65.71,-7.89,-30.29,14.51,-2.761,0.476,21
"[-299,-200]",HR≥75/EDG≥-/CV≤0.5/μ≥-/TP≥-,61.7,,0.5,,,48,47,29,18,61.7,-13.31,-33.08,6.46,-6.256,0.417,24
"[-299,-200]",HR≥75/EDG≥-/CV≤0.5/μ≥-/TP≥50,62.22,,0.5,,50.0,46,45,28,17,62.22,-12.67,-32.81,7.47,-5.701,0.458,24
"[-299,-200]",HR≥75/EDG≥-/CV≤0.5/μ≥-/TP≥55,62.22,,0.5,,55.0,46,45,28,17,62.22,-12.67,-32.81,7.47,-5.701,0.458,24
"[-299,-200]",HR≥75/EDG≥-/CV≤0.5/μ≥-/TP≥60,64.29,,0.5,,60.0,43,42,27,15,64.29,-9.8,-30.42,10.81,-4.117,0.5,24
"[-299,-200]",HR≥75/EDG≥-/CV≤0.5/μ≥-/TP≥65,66.67,,0.5,,65.0,40,39,26,13,66.67,-6.71,-27.72,14.3,-2.617,0.524,21
"[-299,-200]",HR≥75/EDG≥-/CV≤0.5/μ≥0.0/TP≥-,61.36,,0.5,0.0,,45,44,27,17,61.36,-14.09,-34.5,6.31,-6.201,0.435,23
"[-299,-200]",HR≥75/EDG≥-/CV≤0.5/μ≥0.0/TP≥50,61.36,,0.5,0.0,50.0,45,44,27,17,61.36,-14.09,-34.5,6.31,-6.201,0.435,23
"[-299,-200]",HR≥75/EDG≥-/CV≤0.5/μ≥0.0/TP≥55,61.36,,0.5,0.0,55.0,45,44,27,17,61.36,-14.09,-34.5,6.31,-6.201,0.435,23
"[-299,-200]",HR≥75/EDG≥-/CV≤0.5/μ≥0.0/TP≥60,63.41,,0.5,0.0,60.0,42,41,26,15,63.41,-11.26,-32.18,9.66,-4.617,0.478,23
"[-299,-200]",HR≥75/EDG≥-/CV≤0.5/μ≥0.0/TP≥65,66.67,,0.5,0.0,65.0,40,39,26,13,66.67,-6.71,-27.72,14.3,-2.617,0.524,21
"[-299,-200]",HR≥75/EDG≥-/CV≤0.5/μ≥0.5/TP≥-,62.5,,0.5,0.5,,41,40,25,15,62.5,-12.54,-33.84,8.75,-5.017,0.478,23
"[-299,-200]",HR≥75/EDG≥-/CV≤0.5/μ≥0.5/TP≥50,62.5,,0.5,0.5,50.0,41,40,25,15,62.5,-12.54,-33.84,8.75,-5.017,0.478,23
"[-299,-200]",HR≥75/EDG≥-/CV≤0.5/μ≥0.5/TP≥55,62.5,,0.5,0.5,55.0,41,40,25,15,62.5,-12.54,-33.84,8.75,-5.017,0.478,23
"[-299,-200]",HR≥75/EDG≥-/CV≤0.5/μ≥0.5/TP≥60,62.5,,0.5,0.5,60.0,41,40,25,15,62.5,-12.54,-33.84,8.75,-5.017,0.478,23
"[-299,-200]",HR≥75/EDG≥-/CV≤0.5/μ≥0.5/TP≥65,65.79,,0.5,0.5,65.0,39,38,25,13,65.79,-7.94,-29.37,13.49,-3.017,0.524,21
"[-299,-200]",HR≥75/EDG≥-/CV≤0.5/μ≥1.0/TP≥-,66.67,,0.5,1.0,,33,33,22,11,66.67,-6.65,-29.56,16.25,-2.195,0.524,21
"[-299,-200]",HR≥75/EDG≥-/CV≤0.5/μ≥1.0/TP≥50,66.67,,0.5,1.0,50.0,33,33,22,11,66.67,-6.65,-29.56,16.25,-2.195,0.524,21
"[-299,-200]",HR≥75/EDG≥-/CV≤0.5/μ≥1.0/TP≥55,66.67,,0.5,1.0,55.0,33,33,22,11,66.67,-6.65,-29.56,16.25,-2.195,0.524,21
"[-299,-200]",HR≥75/EDG≥-/CV≤0.5/μ≥1.0/TP≥60,66.67,,0.5,1.0,60.0,33,33,22,11,66.67,-6.65,-29.56,16.25,-2.195,0.524,21
"[-299,-200]",HR≥75/EDG≥-/CV≤0.5/μ≥1.0/TP≥65,66.67,,0.5,1.0,65.0,33,33,22,11,66.67,-6.65,-29.56,16.25,-2.195,0.524,21
"[-299,-200]",HR≥75/EDG≥-/CV≤0.45/μ≥-/TP≥-,64.86,,0.45,,,38,37,24,13,64.86,-8.4,-30.46,13.66,-3.108,0.5,22
"[-299,-200]",HR≥75/EDG≥-/CV≤0.45/μ≥-/TP≥50,65.71,,0.45,,50.0,36,35,23,12,65.71,-7.29,-29.84,15.26,-2.552,0.524,21
"[-299,-200]",HR≥75/EDG≥-/CV≤0.45/μ≥-/TP≥55,65.71,,0.45,,55.0,36,35,23,12,65.71,-7.29,-29.84,15.26,-2.552,0.524,21
"[-299,-200]",HR≥75/EDG≥-/CV≤0.45/μ≥-/TP≥60,67.65,,0.45,,60.0,35,34,23,11,67.65,-4.57,-27.13,18.0,-1.552,0.571,21
"[-299,-200]",HR≥75/EDG≥-/CV≤0.45/μ≥-/TP≥65,68.75,,0.45,,65.0,33,32,22,10,68.75,-3.29,-26.28,19.71,-1.052,0.579,19
"[-299,-200]",HR≥75/EDG≥-/CV≤0.45/μ≥0.0/TP≥-,64.71,,0.45,0.0,,35,34,22,12,64.71,-8.98,-31.95,13.99,-3.052,0.5,20
"[-299,-200]",HR≥75/EDG≥-/CV≤0.45/μ≥0.0/TP≥50,64.71,,0.45,0.0,50.0,35,34,22,12,64.71,-8.98,-31.95,13.99,-3.052,0.5,20
"[-299,-200]",HR≥75/EDG≥-/CV≤0.45/μ≥0.0/TP≥55,64.71,,0.45,0.0,55.0,35,34,22,12,64.71,-8.98,-31.95,13.99,-3.052,0.5,20
"[-299,-200]",HR≥75/EDG≥-/CV≤0.45/μ≥0.0/TP≥60,66.67,,0.45,0.0,60.0,34,33,22,11,66.67,-6.22,-29.23,16.8,-2.052,0.55,20
"[-299,-200]",HR≥75/EDG≥-/CV≤0.45/μ≥0.0/TP≥65,68.75,,0.45,0.0,65.0,33,32,22,10,68.75,-3.29,-26.28,19.71,-1.052,0.579,19
"[-299,-200]",HR≥75/EDG≥-/CV≤0.45/μ≥0.5/TP≥-,65.62,,0.45,0.5,,33,32,21,11,65.62,-7.66,-31.23,15.9,-2.452,0.55,20
"[-299,-200]",HR≥75/EDG≥-/CV≤0.45/μ≥0.5/TP≥50,65.62,,0.45,0.5,50.0,33,32,21,11,65.62,-7.66,-31.23,15.9,-2.452,0.55,20
"[-299,-200]",HR≥75/EDG≥-/CV≤0.45/μ≥0.5/TP≥55,65.62,,0.45,0.5,55.0,33,32,21,11,65.62,-7.66,-31.23,15.9,-2.452,0.55,20
"[-299,-200]",HR≥75/EDG≥-/CV≤0.45/μ≥0.5/TP≥60,65.62,,0.45,0.5,60.0,33,32,21,11,65.62,-7.66,-31.23,15.9,-2.452,0.55,20
"[-299,-200]",HR≥75/EDG≥-/CV≤0.45/μ≥0.5/TP≥65,67.74,,0.45,0.5,65.0,32,31,21,10,67.74,-4.68,-28.26,18.89,-1.452,0.579,19
"[-299,-200]",HR≥75/EDG≥-5.0/CV≤-/μ≥-/TP≥-,61.54,-5.0,,,,40,39,24,15,61.54,-13.58,-35.34,8.17,-5.297,0.455,22
"[-299,-200]",HR≥75/EDG≥-5.0/CV≤-/μ≥-/TP≥50,61.54,-5.0,,,50.0,40,39,24,15,61.54,-13.58,-35.34,8.17,-5.297,0.455,22
"[-299,-200]",HR≥75/EDG≥-5.0/CV≤-/μ≥-/TP≥55,61.54,-5.0,,,55.0,40,39,24,15,61.54,-13.58,-35.34,8.17,-5.297,0.455,22
"[-299,-200]",HR≥75/EDG≥-5.0/CV≤-/μ≥-/TP≥60,61.54,-5.0,,,60.0,40,39,24,15,61.54,-13.58,-35.34,8.17,-5.297,0.455,22
"[-299,-200]",HR≥75/EDG≥-5.0/CV≤-/μ≥-/TP≥65,63.16,-5.0,,,65.0,39,38,24,14,63.16,-11.31,-33.17,10.55,-4.297,0.476,21
"[-299,-200]",HR≥75/EDG≥-5.0/CV≤-/μ≥0.0/TP≥-,61.54,-5.0,,0.0,,40,39,24,15,61.54,-13.58,-35.34,8.17,-5.297,0.455,22
"[-299,-200]",HR≥75/EDG≥-5.0/CV≤-/μ≥0.0/TP≥50,61.54,-5.0,,0.0,50.0,40,39,24,15,61.54,-13.58,-35.34,8.17,-5.297,0.455,22
"[-299,-200]",HR≥75/EDG≥-5.0/CV≤-/μ≥0.0/TP≥55,61.54,-5.0,,0.0,55.0,40,39,24,15,61.54,-13.58,-35.34,8.17,-5.297,0.455,22
"[-299,-200]",HR≥75/EDG≥-5.0/CV≤-/μ≥0.0/TP≥60,61.54,-5.0,,0.0,60.0,40,39,24,15,61.54,-13.58,-35.34,8.17,-5.297,0.455,22
"[-299,-200]",HR≥75/EDG≥-5.0/CV≤-/μ≥0.0/TP≥65,63.16,-5.0,,0.0,65.0,39,38,24,14,63.16,-11.31,-33.17,10.55,-4.297,0.476,21
"[-299,-200]",HR≥75/EDG≥-5.0/CV≤-/μ≥0.5/TP≥-,61.54,-5.0,,0.5,,40,39,24,15,61.54,-13.58,-35.34,8.17,-5.297,0.455,22
"[-299,-200]",HR≥75/EDG≥-5.0/CV≤-/μ≥0.5/TP≥50,61.54,-5.0,,0.5,50.0,40,39,24,15,61.54,-13.58,-35.34,8.17,-5.297,0.455,22
"[-299,-200]",HR≥75/EDG≥-5.0/CV≤-/μ≥0.5/TP≥55,61.54,-5.0,,0.5,55.0,40,39,24,15,61.54,-13.58,-35.34,8.17,-5.297,0.455,22
"[-299,-200]",HR≥75/EDG≥-5.0/CV≤-/μ≥0.5/TP≥60,61.54,-5.0,,0.5,60.0,40,39,24,15,61.54,-13.58,-35.34,8.17,-5.297,0.455,22
"[-299,-200]",HR≥75/EDG≥-5.0/CV≤-/μ≥0.5/TP≥65,63.16,-5.0,,0.5,65.0,39,38,24,14,63.16,-11.31,-33.17,10.55,-4.297,0.476,21
"[-299,-200]",HR≥75/EDG≥-5.0/CV≤-/μ≥1.0/TP≥-,64.71,-5.0,,1.0,,34,34,22,12,64.71,-9.19,-32.11,13.73,-3.124,0.476,21
"[-299,-200]",HR≥75/EDG≥-5.0/CV≤-/μ≥1.0/TP≥50,64.71,-5.0,,1.0,50.0,34,34,22,12,64.71,-9.19,-32.11,13.73,-3.124,0.476,21
"[-299,-200]",HR≥75/EDG≥-5.0/CV≤-/μ≥1.0/TP≥55,64.71,-5.0,,1.0,55.0,34,34,22,12,64.71,-9.19,-32.11,13.73,-3.124,0.476,21
"[-299,-200]",HR≥75/EDG≥-5.0/CV≤-/μ≥1.0/TP≥60,64.71,-5.0,,1.0,60.0,34,34,22,12,64.71,-9.19,-32.11,13.73,-3.124,0.476,21
"[-299,-200]",HR≥75/EDG≥-5.0/CV≤-/μ≥1.0/TP≥65,64.71,-5.0,,1.0,65.0,34,34,22,12,64.71,-9.19,-32.11,13.73,-3.124,0.476,21
"[-299,-200]",HR≥75/EDG≥-5.0/CV≤0.7/μ≥-/TP≥-,61.54,-5.0,0.7,,,40,39,24,15,61.54,-13.58,-35.34,8.17,-5.297,0.455,22
"[-299,-200]",HR≥75/EDG≥-5.0/CV≤0.7/μ≥-/TP≥50,61.54,-5.0,0.7,,50.0,40,39,24,15,61.54,-13.58,-35.34,8.17,-5.297,0.455,22
"[-299,-200]",HR≥75/EDG≥-5.0/CV≤0.7/μ≥-/TP≥55,61.54,-5.0,0.7,,55.0,40,39,24,15,61.54,-13.58,-35.34,8.17,-5.297,0.455,22
"[-299,-200]",HR≥75/EDG≥-5.0/CV≤0.7/μ≥-/TP≥60,61.54,-5.0,0.7,,60.0,40,39,24,15,61.54,-13.58,-35.34,8.17,-5.297,0.455,22
"[-299,-200]",HR≥75/EDG≥-5.0/CV≤0.7/μ≥-/TP≥65,63.16,-5.0,0.7,,65.0,39,38,24,14,63.16,-11.31,-33.17,10.55,-4.297,0.476,21
"[-299,-200]",HR≥75/EDG≥-5.0/CV≤0.7/μ≥0.0/TP≥-,61.54,-5.0,0.7,0.0,,40,39,24,15,61.54,-13.58,-35.34,8.17,-5.297,0.455,22
"[-299,-200]",HR≥75/EDG≥-5.0/CV≤0.7/μ≥0.0/TP≥50,61.54,-5.0,0.7,0.0,50.0,40,39,24,15,61.54,-13.58,-35.34,8.17,-5.297,0.455,22
"[-299,-200]",HR≥75/EDG≥-5.0/CV≤0.7/μ≥0.0/TP≥55,61.54,-5.0,0.7,0.0,55.0,40,39,24,15,61.54,-13.58,-35.34,8.17,-5.297,0.455,22
"[-299,-200]",HR≥75/EDG≥-5.0/CV≤0.7/μ≥0.0/TP≥60,61.54,-5.0,0.7,0.0,60.0,40,39,24,15,61.54,-13.58,-35.34,8.17,-5.297,0.455,22
"[-299,-200]",HR≥75/EDG≥-5.0/CV≤0.7/μ≥0.0/TP≥65,63.16,-5.0,0.7,0.0,65.0,39,38,24,14,63.16,-11.31,-33.17,10.55,-4.297,0.476,21
"[-299,-200]",HR≥75/EDG≥-5.0/CV≤0.7/μ≥0.5/TP≥-,61.54,-5.0,0.7,0.5,,40,39,24,15,61.54,-13.58,-35.34,8.17,-5.297,0.455,22
"[-299,-200]",HR≥75/EDG≥-5.0/CV≤0.7/μ≥0.5/TP≥50,61.54,-5.0,0.7,0.5,50.0,40,39,24,15,61.54,-13.58,-35.34,8.17,-5.297,0.455,22
"[-299,-200]",HR≥75/EDG≥-5.0/CV≤0.7/μ≥0.5/TP≥55,61.54,-5.0,0.7,0.5,55.0,40,39,24,15,61.54,-13.58,-35.34,8.17,-5.297,0.455,22
"[-299,-200]",HR≥75/EDG≥-5.0/CV≤0.7/μ≥0.5/TP≥60,61.54,-5.0,0.7,0.5,60.0,40,39,24,15,61.54,-13.58,-35.34,8.17,-5.297,0.455,22
"[-299,-200]",HR≥75/EDG≥-5.0/CV≤0.7/μ≥0.5/TP≥65,63.16,-5.0,0.7,0.5,65.0,39,38,24,14,63.16,-11.31,-33.17,10.55,-4.297,0.476,21
"[-299,-200]",HR≥75/EDG≥-5.0/CV≤0.7/μ≥1.0/TP≥-,64.71,-5.0,0.7,1.0,,34,34,22,12,64.71,-9.19,-32.11,13.73,-3.124,0.476,21
"[-299,-200]",HR≥75/EDG≥-5.0/CV≤0.7/μ≥1.0/TP≥50,64.71,-5.0,0.7,1.0,50.0,34,34,22,12,64.71,-9.19,-32.11,13.73,-3.124,0.476,21
"[-299,-200]",HR≥75/EDG≥-5.0/CV≤0.7/μ≥1.0/TP≥55,64.71,-5.0,0.7,1.0,55.0,34,34,22,12,64.71,-9.19,-32.11,13.73,-3.124,0.476,21
"[-299,-200]",HR≥75/EDG≥-5.0/CV≤0.7/μ≥1.0/TP≥60,64.71,-5.0,0.7,1.0,60.0,34,34,22,12,64.71,-9.19,-32.11,13.73,-3.124,0.476,21
"[-299,-200]",HR≥75/EDG≥-5.0/CV≤0.7/μ≥1.0/TP≥65,64.71,-5.0,0.7,1.0,65.0,34,34,22,12,64.71,-9.19,-32.11,13.73,-3.124,0.476,21
"[-299,-200]",HR≥75/EDG≥-5.0/CV≤0.6/μ≥-/TP≥-,61.54,-5.0,0.6,,,40,39,24,15,61.54,-13.58,-35.34,8.17,-5.297,0.455,22
"[-299,-200]",HR≥75/EDG≥-5.0/CV≤0.6/μ≥-/TP≥50,61.54,-5.0,0.6,,50.0,40,39,24,15,61.54,-13.58,-35.34,8.17,-5.297,0.455,22
"[-299,-200]",HR≥75/EDG≥-5.0/CV≤0.6/μ≥-/TP≥55,61.54,-5.0,0.6,,55.0,40,39,24,15,61.54,-13.58,-35.34,8.17,-5.297,0.455,22
"[-299,-200]",HR≥75/EDG≥-5.0/CV≤0.6/μ≥-/TP≥60,61.54,-5.0,0.6,,60.0,40,39,24,15,61.54,-13.58,-35.34,8.17,-5.297,0.455,22
"[-299,-200]",HR≥75/EDG≥-5.0/CV≤0.6/μ≥-/TP≥65,63.16,-5.0,0.6,,65.0,39,38,24,14,63.16,-11.31,-33.17,10.55,-4.297,0.476,21
"[-299,-200]",HR≥75/EDG≥-5.0/CV≤0.6/μ≥0.0/TP≥-,61.54,-5.0,0.6,0.0,,40,39,24,15,61.54,-13.58,-35.34,8.17,-5.297,0.455,22
"[-299,-200]",HR≥75/EDG≥-5.0/CV≤0.6/μ≥0.0/TP≥50,61.54,-5.0,0.6,0.0,50.0,40,39,24,15,61.54,-13.58,-35.34,8.17,-5.297,0.455,22
"[-299,-200]",HR≥75/EDG≥-5.0/CV≤0.6/μ≥0.0/TP≥55,61.54,-5.0,0.6,0.0,55.0,40,39,24,15,61.54,-13.58,-35.34,8.17,-5.297,0.455,22
"[-299,-200]",HR≥75/EDG≥-5.0/CV≤0.6/μ≥0.0/TP≥60,61.54,-5.0,0.6,0.0,60.0,40,39,24,15,61.54,-13.58,-35.34,8.17,-5.297,0.455,22
"[-299,-200]",HR≥75/EDG≥-5.0/CV≤0.6/μ≥0.0/TP≥65,63.16,-5.0,0.6,0.0,65.0,39,38,24,14,63.16,-11.31,-33.17,10.55,-4.297,0.476,21
"[-299,-200]",HR≥75/EDG≥-5.0/CV≤0.6/μ≥0.5/TP≥-,61.54,-5.0,0.6,0.5,,40,39,24,15,61.54,-13.58,-35.34,8.17,-5.297,0.455,22
"[-299,-200]",HR≥75/EDG≥-5.0/CV≤0.6/μ≥0.5/TP≥50,61.54,-5.0,0.6,0.5,50.0,40,39,24,15,61.54,-13.58,-35.34,8.17,-5.297,0.455,22
"[-299,-200]",HR≥75/EDG≥-5.0/CV≤0.6/μ≥0.5/TP≥55,61.54,-5.0,0.6,0.5,55.0,40,39,24,15,61.54,-13.58,-35.34,8.17,-5.297,0.455,22
"[-299,-200]",HR≥75/EDG≥-5.0/CV≤0.6/μ≥0.5/TP≥60,61.54,-5.0,0.6,0.5,60.0,40,39,24,15,61.54,-13.58,-35.34,8.17,-5.297,0.455,22
"[-299,-200]",HR≥75/EDG≥-5.0/CV≤0.6/μ≥0.5/TP≥65,63.16,-5.0,0.6,0.5,65.0,39,38,24,14,63.16,-11.31,-33.17,10.55,-4.297,0.476,21
"[-299,-200]",HR≥75/EDG≥-5.0/CV≤0.6/μ≥1.0/TP≥-,64.71,-5.0,0.6,1.0,,34,34,22,12,64.71,-9.19,-32.11,13.73,-3.124,0.476,21
"[-299,-200]",HR≥75/EDG≥-5.0/CV≤0.6/μ≥1.0/TP≥50,64.71,-5.0,0.6,1.0,50.0,34,34,22,12,64.71,-9.19,-32.11,13.73,-3.124,0.476,21
"[-299,-200]",HR≥75/EDG≥-5.0/CV≤0.6/μ≥1.0/TP≥55,64.71,-5.0,0.6,1.0,55.0,34,34,22,12,64.71,-9.19,-32.11,13.73,-3.124,0.476,21
"[-299,-200]",HR≥75/EDG≥-5.0/CV≤0.6/μ≥1.0/TP≥60,64.71,-5.0,0.6,1.0,60.0,34,34,22,12,64.71,-9.19,-32.11,13.73,-3.124,0.476,21
"[-299,-200]",HR≥75/EDG≥-5.0/CV≤0.6/μ≥1.0/TP≥65,64.71,-5.0,0.6,1.0,65.0,34,34,22,12,64.71,-9.19,-32.11,13.73,-3.124,0.476,21
"[-299,-200]",HR≥75/EDG≥-5.0/CV≤0.5/μ≥-/TP≥-,62.16,-5.0,0.5,,,38,37,23,14,62.16,-12.79,-35.05,9.47,-4.732,0.5,22
"[-299,-200]",HR≥75/EDG≥-5.0/CV≤0.5/μ≥-/TP≥50,62.16,-5.0,0.5,,50.0,38,37,23,14,62.16,-12.79,-35.05,9.47,-4.732,0.5,22
"[-299,-200]",HR≥75/EDG≥-5.0/CV≤0.5/μ≥-/TP≥55,62.16,-5.0,0.5,,55.0,38,37,23,14,62.16,-12.79,-35.05,9.47,-4.732,0.5,22
"[-299,-200]",HR≥75/EDG≥-5.0/CV≤0.5/μ≥-/TP≥60,62.16,-5.0,0.5,,60.0,38,37,23,14,62.16,-12.79,-35.05,9.47,-4.732,0.5,22
"[-299,-200]",HR≥75/EDG≥-5.0/CV≤0.5/μ≥-/TP≥65,63.89,-5.0,0.5,,65.0,37,36,23,13,63.89,-10.37,-32.73,11.99,-3.732,0.524,21
"[-299,-200]",HR≥75/EDG≥-5.0/CV≤0.5/μ≥0.0/TP≥-,62.16,-5.0,0.5,0.0,,38,37,23,14,62.16,-12.79,-35.05,9.47,-4.732,0.5,22
"[-299,-200]",HR≥75/EDG≥-5.0/CV≤0.5/μ≥0.0/TP≥50,62.16,-5.0,0.5,0.0,50.0,38,37,23,14,62.16,-12.79,-35.05,9.47,-4.732,0.5,22
"[-299,-200]",HR≥75/EDG≥-5.0/CV≤0.5/μ≥0.0/TP≥55,62.16,-5.0,0.5,0.0,55.0,38,37,23,14,62.16,-12.79,-35.05,9.47,-4.732,0.5,22
"[-299,-200]",HR≥75/EDG≥-5.0/CV≤0.5/μ≥0.0/TP≥60,62.16,-5.0,0.5,0.0,60.0,38,37,23,14,62.16,-12.79,-35.05,9.47,-4.732,0.5,22
"[-299,-200]",HR≥75/EDG≥-5.0/CV≤0.5/μ≥0.0/TP≥65,63.89,-5.0,0.5,0.0,65.0,37,36,23,13,63.89,-10.37,-32.73,11.99,-3.732,0.524,21
"[-299,-200]",HR≥75/EDG≥-5.0/CV≤0.5/μ≥0.5/TP≥-,62.16,-5.0,0.5,0.5,,38,37,23,14,62.16,-12.79,-35.05,9.47,-4.732,0.5,22
"[-299,-200]",HR≥75/EDG≥-5.0/CV≤0.5/μ≥0.5/TP≥50,62.16,-5.0,0.5,0.5,50.0,38,37,23,14,62.16,-12.79,-35.05,9.47,-4.732,0.5,22
"[-299,-200]",HR≥75/EDG≥-5.0/CV≤0.5/μ≥0.5/TP≥55,62.16,-5.0,0.5,0.5,55.0,38,37,23,14,62.16,-12.79,-35.05,9.47,-4.732,0.5,22
"[-299,-200]",HR≥75/EDG≥-5.0/CV≤0.5/μ≥0.5/TP≥60,62.16,-5.0,0.5,0.5,60.0,38,37,23,14,62.16,-12.79,-35.05,9.47,-4.732,0.5,22
"[-299,-200]",HR≥75/EDG≥-5.0/CV≤0.5/μ≥0.5/TP≥65,63.89,-5.0,0.5,0.5,65.0,37,36,23,13,63.89,-10.37,-32.73,11.99,-3.732,0.524,21
"[-299,-200]",HR≥75/EDG≥-5.0/CV≤0.5/μ≥1.0/TP≥-,65.62,-5.0,0.5,1.0,,32,32,21,11,65.62,-8.0,-31.47,15.48,-2.559,0.524,21
"[-299,-200]",HR≥75/EDG≥-5.0/CV≤0.5/μ≥1.0/TP≥50,65.62,-5.0,0.5,1.0,50.0,32,32,21,11,65.62,-8.0,-31.47,15.48,-2.559,0.524,21
"[-299,-200]",HR≥75/EDG≥-5.0/CV≤0.5/μ≥1.0/TP≥55,65.62,-5.0,0.5,1.0,55.0,32,32,21,11,65.62,-8.0,-31.47,15.48,-2.559,0.524,21
"[-299,-200]",HR≥75/EDG≥-5.0/CV≤0.5/μ≥1.0/TP≥60,65.62,-5.0,0.5,1.0,60.0,32,32,21,11,65.62,-8.0,-31.47,15.48,-2.559,0.524,21
"[-299,-200]",HR≥75/EDG≥-5.0/CV≤0.5/μ≥1.0/TP≥65,65.62,-5.0,0.5,1.0,65.0,32,32,21,11,65.62,-8.0,-31.47,15.48,-2.559,0.524,21
"[-299,-200]",HR≥75/EDG≥-5.0/CV≤0.45/μ≥-/TP≥-,66.67,-5.0,0.45,,,31,30,20,10,66.67,-6.01,-30.24,18.22,-1.803,0.556,18
"[-299,-200]",HR≥75/EDG≥-5.0/CV≤0.45/μ≥-/TP≥50,66.67,-5.0,0.45,,50.0,31,30,20,10,66.67,-6.01,-30.24,18.22,-1.803,0.556,18
"[-299,-200]",HR≥75/EDG≥-5.0/CV≤0.45/μ≥-/TP≥55,66.67,-5.0,0.45,,55.0,31,30,20,10,66.67,-6.01,-30.24,18.22,-1.803,0.556,18
"[-299,-200]",HR≥75/EDG≥-5.0/CV≤0.45/μ≥-/TP≥60,66.67,-5.0,0.45,,60.0,31,30,20,10,66.67,-6.01,-30.24,18.22,-1.803,0.556,18
"[-299,-200]",HR≥75/EDG≥-5.0/CV≤0.45/μ≥-/TP≥65,66.67,-5.0,0.45,,65.0,31,30,20,10,66.67,-6.01,-30.24,18.22,-1.803,0.556,18
"[-299,-200]",HR≥75/EDG≥-5.0/CV≤0.45/μ≥0.0/TP≥-,66.67,-5.0,0.45,0.0,,31,30,20,10,66.67,-6.01,-30.24,18.22,-1.803,0.556,18
"[-299,-200]",HR≥75/EDG≥-5.0/CV≤0.45/μ≥0.0/TP≥50,66.67,-5.0,0.45,0.0,50.0,31,30,20,10,66.67,-6.01,-30.24,18.22,-1.803,0.556,18
"[-299,-200]",HR≥75/EDG≥-5.0/CV≤0.45/μ≥0.0/TP≥55,66.67,-5.0,0.45,0.0,55.0,31,30,20,10,66.67,-6.01,-30.24,18.22,-1.803,0.556,18
"[-299,-200]",HR≥75/EDG≥-5.0/CV≤0.45/μ≥0.0/TP≥60,66.67,-5.0,0.45,0.0,60.0,31,30,20,10,66.67,-6.01,-30.24,18.22,-1.803,0.556,18
"[-299,-200]",HR≥75/EDG≥-5.0/CV≤0.45/μ≥0.0/TP≥65,66.67,-5.0,0.45,0.0,65.0,31,30,20,10,66.67,-6.01,-30.24,18.22,-1.803,0.556,18
"[-299,-200]",HR≥75/EDG≥-5.0/CV≤0.45/μ≥0.5/TP≥-,66.67,-5.0,0.45,0.5,,31,30,20,10,66.67,-6.01,-30.24,18.22,-1.803,0.556,18
"[-299,-200]",HR≥75/EDG≥-5.0/CV≤0.45/μ≥0.5/TP≥50,66.67,-5.0,0.45,0.5,50.0,31,30,20,10,66.67,-6.01,-30.24,18.22,-1.803,0.556,18
"[-299,-200]",HR≥75/EDG≥-5.0/CV≤0.45/μ≥0.5/TP≥55,66.67,-5.0,0.45,0.5,55.0,31,30,20,10,66.67,-6.01,-30.24,18.22,-1.803,0.556,18
"[-299,-200]",HR≥75/EDG≥-5.0/CV≤0.45/μ≥0.5/TP≥60,66.67,-5.0,0.45,0.5,60.0,31,30,20,10,66.67,-6.01,-30.24,18.22,-1.803,0.556,18
"[-299,-200]",HR≥75/EDG≥-5.0/CV≤0.45/μ≥0.5/TP≥65,66.67,-5.0,0.45,0.5,65.0,31,30,20,10,66.67,-6.01,-30.24,18.22,-1.803,0.556,18
"[-299,-200]",HR≥75/EDG≥0.0/CV≤-/μ≥-/TP≥-,65.62,0.0,,,,33,32,21,11,65.62,-7.73,-31.28,15.81,-2.475,0.526,19
"[-299,-200]",HR≥75/EDG≥0.0/CV≤-/μ≥-/TP≥50,65.62,0.0,,,50.0,33,32,21,11,65.62,-7.73,-31.28,15.81,-2.475,0.526,19
"[-299,-200]",HR≥75/EDG≥0.0/CV≤-/μ≥-/TP≥55,65.62,0.0,,,55.0,33,32,21,11,65.62,-7.73,-31.28,15.81,-2.475,0.526,19
"[-299,-200]",HR≥75/EDG≥0.0/CV≤-/μ≥-/TP≥60,65.62,0.0,,,60.0,33,32,21,11,65.62,-7.73,-31.28,15.81,-2.475,0.526,19
"[-299,-200]",HR≥75/EDG≥0.0/CV≤-/μ≥-/TP≥65,65.62,0.0,,,65.0,33,32,21,11,65.62,-7.73,-31.28,15.81,-2.475,0.526,19
"[-299,-200]",HR≥75/EDG≥0.0/CV≤-/μ≥0.0/TP≥-,65.62,0.0,,0.0,,33,32,21,11,65.62,-7.73,-31.28,15.81,-2.475,0.526,19
"[-299,-200]",HR≥75/EDG≥0.0/CV≤-/μ≥0.0/TP≥50,65.62,0.0,,0.0,50.0,33,32,21,11,65.62,-7.73,-31.28,15.81,-2.475,0.526,19
"[-299,-200]",HR≥75/EDG≥0.0/CV≤-/μ≥0.0/TP≥55,65.62,0.0,,0.0,55.0,33,32,21,11,65.62,-7.73,-31.28,15.81,-2.475,0.526,19
"[-299,-200]",HR≥75/EDG≥0.0/CV≤-/μ≥0.0/TP≥60,65.62,0.0,,0.0,60.0,33,32,21,11,65.62,-7.73,-31.28,15.81,-2.475,0.526,19
"[-299,-200]",HR≥75/EDG≥0.0/CV≤-/μ≥0.0/TP≥65,65.62,0.0,,0.0,65.0,33,32,21,11,65.62,-7.73,-31.28,15.81,-2.475,0.526,19
"[-299,-200]",HR≥75/EDG≥0.0/CV≤-/μ≥0.5/TP≥-,65.62,0.0,,0.5,,33,32,21,11,65.62,-7.73,-31.28,15.81,-2.475,0.526,19
"[-299,-200]",HR≥75/EDG≥0.0/CV≤-/μ≥0.5/TP≥50,65.62,0.0,,0.5,50.0,33,32,21,11,65.62,-7.73,-31.28,15.81,-2.475,0.526,19
"[-299,-200]",HR≥75/EDG≥0.0/CV≤-/μ≥0.5/TP≥55,65.62,0.0,,0.5,55.0,33,32,21,11,65.62,-7.73,-31.28,15.81,-2.475,0.526,19
"[-299,-200]",HR≥75/EDG≥0.0/CV≤-/μ≥0.5/TP≥60,65.62,0.0,,0.5,60.0,33,32,21,11,65.62,-7.73,-31.28,15.81,-2.475,0.526,19
"[-299,-200]",HR≥75/EDG≥0.0/CV≤-/μ≥0.5/TP≥65,65.62,0.0,,0.5,65.0,33,32,21,11,65.62,-7.73,-31.28,15.81,-2.475,0.526,19
"[-299,-200]",HR≥75/EDG≥0.0/CV≤-/μ≥1.0/TP≥-,67.74,0.0,,1.0,,31,31,21,10,67.74,-4.76,-28.31,18.8,-1.475,0.526,19
"[-299,-200]",HR≥75/EDG≥0.0/CV≤-/μ≥1.0/TP≥50,67.74,0.0,,1.0,50.0,31,31,21,10,67.74,-4.76,-28.31,18.8,-1.475,0.526,19
"[-299,-200]",HR≥75/EDG≥0.0/CV≤-/μ≥1.0/TP≥55,67.74,0.0,,1.0,55.0,31,31,21,10,67.74,-4.76,-28.31,18.8,-1.475,0.526,19
"[-299,-200]",HR≥75/EDG≥0.0/CV≤-/μ≥1.0/TP≥60,67.74,0.0,,1.0,60.0,31,31,21,10,67.74,-4.76,-28.31,18.8,-1.475,0.526,19
"[-299,-200]",HR≥75/EDG≥0.0/CV≤-/μ≥1.0/TP≥65,67.74,0.0,,1.0,65.0,31,31,21,10,67.74,-4.76,-28.31,18.8,-1.475,0.526,19
"[-299,-200]",HR≥75/EDG≥0.0/CV≤0.7/μ≥-/TP≥-,65.62,0.0,0.7,,,33,32,21,11,65.62,-7.73,-31.28,15.81,-2.475,0.526,19
"[-299,-200]",HR≥75/EDG≥0.0/CV≤0.7/μ≥-/TP≥50,65.62,0.0,0.7,,50.0,33,32,21,11,65.62,-7.73,-31.28,15.81,-2.475,0.526,19
"[-299,-200]",HR≥75/EDG≥0.0/CV≤0.7/μ≥-/TP≥55,65.62,0.0,0.7,,55.0,33,32,21,11,65.62,-7.73,-31.28,15.81,-2.475,0.526,19
"[-299,-200]",HR≥75/EDG≥0.0/CV≤0.7/μ≥-/TP≥60,65.62,0.0,0.7,,60.0,33,32,21,11,65.62,-7.73,-31.28,15.81,-2.475,0.526,19
"[-299,-200]",HR≥75/EDG≥0.0/CV≤0.7/μ≥-/TP≥65,65.62,0.0,0.7,,65.0,33,32,21,11,65.62,-7.73,-31.28,15.81,-2.475,0.526,19
"[-299,-200]",HR≥75/EDG≥0.0/CV≤0.7/μ≥0.0/TP≥-,65.62,0.0,0.7,0.0,,33,32,21,11,65.62,-7.73,-31.28,15.81,-2.475,0.526,19
"[-299,-200]",HR≥75/EDG≥0.0/CV≤0.7/μ≥0.0/TP≥50,65.62,0.0,0.7,0.0,50.0,33,32,21,11,65.62,-7.73,-31.28,15.81,-2.475,0.526,19
"[-299,-200]",HR≥75/EDG≥0.0/CV≤0.7/μ≥0.0/TP≥55,65.62,0.0,0.7,0.0,55.0,33,32,21,11,65.62,-7.73,-31.28,15.81,-2.475,0.526,19
"[-299,-200]",HR≥75/EDG≥0.0/CV≤0.7/μ≥0.0/TP≥60,65.62,0.0,0.7,0.0,60.0,33,32,21,11,65.62,-7.73,-31.28,15.81,-2.475,0.526,19
"[-299,-200]",HR≥75/EDG≥0.0/CV≤0.7/μ≥0.0/TP≥65,65.62,0.0,0.7,0.0,65.0,33,32,21,11,65.62,-7.73,-31.28,15.81,-2.475,0.526,19
"[-299,-200]",HR≥75/EDG≥0.0/CV≤0.7/μ≥0.5/TP≥-,65.62,0.0,0.7,0.5,,33,32,21,11,65.62,-7.73,-31.28,15.81,-2.475,0.526,19
"[-299,-200]",HR≥75/EDG≥0.0/CV≤0.7/μ≥0.5/TP≥50,65.62,0.0,0.7,0.5,50.0,33,32,21,11,65.62,-7.73,-31.28,15.81,-2.475,0.526,19
"[-299,-200]",HR≥75/EDG≥0.0/CV≤0.7/μ≥0.5/TP≥55,65.62,0.0,0.7,0.5,55.0,33,32,21,11,65.62,-7.73,-31.28,15.81,-2.475,0.526,19
"[-299,-200]",HR≥75/EDG≥0.0/CV≤0.7/μ≥0.5/TP≥60,65.62,0.0,0.7,0.5,60.0,33,32,21,11,65.62,-7.73,-31.28,15.81,-2.475,0.526,19
"[-299,-200]",HR≥75/EDG≥0.0/CV≤0.7/μ≥0.5/TP≥65,65.62,0.0,0.7,0.5,65.0,33,32,21,11,65.62,-7.73,-31.28,15.81,-2.475,0.526,19
"[-299,-200]",HR≥75/EDG≥0.0/CV≤0.7/μ≥1.0/TP≥-,67.74,0.0,0.7,1.0,,31,31,21,10,67.74,-4.76,-28.31,18.8,-1.475,0.526,19
"[-299,-200]",HR≥75/EDG≥0.0/CV≤0.7/μ≥1.0/TP≥50,67.74,0.0,0.7,1.0,50.0,31,31,21,10,67.74,-4.76,-28.31,18.8,-1.475,0.526,19
"[-299,-200]",HR≥75/EDG≥0.0/CV≤0.7/μ≥1.0/TP≥55,67.74,0.0,0.7,1.0,55.0,31,31,21,10,67.74,-4.76,-28.31,18.8,-1.475,0.526,19
"[-299,-200]",HR≥75/EDG≥0.0/CV≤0.7/μ≥1.0/TP≥60,67.74,0.0,0.7,1.0,60.0,31,31,21,10,67.74,-4.76,-28.31,18.8,-1.475,0.526,19
"[-299,-200]",HR≥75/EDG≥0.0/CV≤0.7/μ≥1.0/TP≥65,67.74,0.0,0.7,1.0,65.0,31,31,21,10,67.74,-4.76,-28.31,18.8,-1.475,0.526,19
"[-299,-200]",HR≥75/EDG≥0.0/CV≤0.6/μ≥-/TP≥-,65.62,0.0,0.6,,,33,32,21,11,65.62,-7.73,-31.28,15.81,-2.475,0.526,19
"[-299,-200]",HR≥75/EDG≥0.0/CV≤0.6/μ≥-/TP≥50,65.62,0.0,0.6,,50.0,33,32,21,11,65.62,-7.73,-31.28,15.81,-2.475,0.526,19
"[-299,-200]",HR≥75/EDG≥0.0/CV≤0.6/μ≥-/TP≥55,65.62,0.0,0.6,,55.0,33,32,21,11,65.62,-7.73,-31.28,15.81,-2.475,0.526,19
"[-299,-200]",HR≥75/EDG≥0.0/CV≤0.6/μ≥-/TP≥60,65.62,0.0,0.6,,60.0,33,32,21,11,65.62,-7.73,-31.28,15.81,-2.475,0.526,19
"[-299,-200]",HR≥75/EDG≥0.0/CV≤0.6/μ≥-/TP≥65,65.62,0.0,0.6,,65.0,33,32,21,11,65.62,-7.73,-31.28,15.81,-2.475,0.526,19
"[-299,-200]",HR≥75/EDG≥0.0/CV≤0.6/μ≥0.0/TP≥-,65.62,0.0,0.6,0.0,,33,32,21,11,65.62,-7.73,-31.28,15.81,-2.475,0.526,19
"[-299,-200]",HR≥75/EDG≥0.0/CV≤0.6/μ≥0.0/TP≥50,65.62,0.0,0.6,0.0,50.0,33,32,21,11,65.62,-7.73,-31.28,15.81,-2.475,0.526,19
"[-299,-200]",HR≥75/EDG≥0.0/CV≤0.6/μ≥0.0/TP≥55,65.62,0.0,0.6,0.0,55.0,33,32,21,11,65.62,-7.73,-31.28,15.81,-2.475,0.526,19
"[-299,-200]",HR≥75/EDG≥0.0/CV≤0.6/μ≥0.0/TP≥60,65.62,0.0,0.6,0.0,60.0,33,32,21,11,65.62,-7.73,-31.28,15.81,-2.475,0.526,19
"[-299,-200]",HR≥75/EDG≥0.0/CV≤0.6/μ≥0.0/TP≥65,65.62,0.0,0.6,0.0,65.0,33,32,21,11,65.62,-7.73,-31.28,15.81,-2.475,0.526,19
"[-299,-200]",HR≥75/EDG≥0.0/CV≤0.6/μ≥0.5/TP≥-,65.62,0.0,0.6,0.5,,33,32,21,11,65.62,-7.73,-31.28,15.81,-2.475,0.526,19
"[-299,-200]",HR≥75/EDG≥0.0/CV≤0.6/μ≥0.5/TP≥50,65.62,0.0,0.6,0.5,50.0,33,32,21,11,65.62,-7.73,-31.28,15.81,-2.475,0.526,19
"[-299,-200]",HR≥75/EDG≥0.0/CV≤0.6/μ≥0.5/TP≥55,65.62,0.0,0.6,0.5,55.0,33,32,21,11,65.62,-7.73,-31.28,15.81,-2.475,0.526,19
"[-299,-200]",HR≥75/EDG≥0.0/CV≤0.6/μ≥0.5/TP≥60,65.62,0.0,0.6,0.5,60.0,33,32,21,11,65.62,-7.73,-31.28,15.81,-2.475,0.526,19
"[-299,-200]",HR≥75/EDG≥0.0/CV≤0.6/μ≥0.5/TP≥65,65.62,0.0,0.6,0.5,65.0,33,32,21,11,65.62,-7.73,-31.28,15.81,-2.475,0.526,19
"[-299,-200]",HR≥75/EDG≥0.0/CV≤0.6/μ≥1.0/TP≥-,67.74,0.0,0.6,1.0,,31,31,21,10,67.74,-4.76,-28.31,18.8,-1.475,0.526,19
"[-299,-200]",HR≥75/EDG≥0.0/CV≤0.6/μ≥1.0/TP≥50,67.74,0.0,0.6,1.0,50.0,31,31,21,10,67.74,-4.76,-28.31,18.8,-1.475,0.526,19
"[-299,-200]",HR≥75/EDG≥0.0/CV≤0.6/μ≥1.0/TP≥55,67.74,0.0,0.6,1.0,55.0,31,31,21,10,67.74,-4.76,-28.31,18.8,-1.475,0.526,19
"[-299,-200]",HR≥75/EDG≥0.0/CV≤0.6/μ≥1.0/TP≥60,67.74,0.0,0.6,1.0,60.0,31,31,21,10,67.74,-4.76,-28.31,18.8,-1.475,0.526,19
"[-299,-200]",HR≥75/EDG≥0.0/CV≤0.6/μ≥1.0/TP≥65,67.74,0.0,0.6,1.0,65.0,31,31,21,10,67.74,-4.76,-28.31,18.8,-1.475,0.526,19
"[-299,-200]",HR≥75/EDG≥0.0/CV≤0.5/μ≥-/TP≥-,66.67,0.0,0.5,,,31,30,20,10,66.67,-6.37,-30.5,17.77,-1.91,0.579,19
"[-299,-200]",HR≥75/EDG≥0.0/CV≤0.5/μ≥-/TP≥50,66.67,0.0,0.5,,50.0,31,30,20,10,66.67,-6.37,-30.5,17.77,-1.91,0.579,19
"[-299,-200]",HR≥75/EDG≥0.0/CV≤0.5/μ≥-/TP≥55,66.67,0.0,0.5,,55.0,31,30,20,10,66.67,-6.37,-30.5,17.77,-1.91,0.579,19
"[-299,-200]",HR≥75/EDG≥0.0/CV≤0.5/μ≥-/TP≥60,66.67,0.0,0.5,,60.0,31,30,20,10,66.67,-6.37,-30.5,17.77,-1.91,0.579,19
"[-299,-200]",HR≥75/EDG≥0.0/CV≤0.5/μ≥-/TP≥65,66.67,0.0,0.5,,65.0,31,30,20,10,66.67,-6.37,-30.5,17.77,-1.91,0.579,19
"[-299,-200]",HR≥75/EDG≥0.0/CV≤0.5/μ≥0.0/TP≥-,66.67,0.0,0.5,0.0,,31,30,20,10,66.67,-6.37,-30.5,17.77,-1.91,0.579,19
"[-299,-200]",HR≥75/EDG≥0.0/CV≤0.5/μ≥0.0/TP≥50,66.67,0.0,0.5,0.0,50.0,31,30,20,10,66.67,-6.37,-30.5,17.77,-1.91,0.579,19
"[-299,-200]",HR≥75/EDG≥0.0/CV≤0.5/μ≥0.0/TP≥55,66.67,0.0,0.5,0.0,55.0,31,30,20,10,66.67,-6.37,-30.5,17.77,-1.91,0.579,19
"[-299,-200]",HR≥75/EDG≥0.0/CV≤0.5/μ≥0.0/TP≥60,66.67,0.0,0.5,0.0,60.0,31,30,20,10,66.67,-6.37,-30.5,17.77,-1.91,0.579,19
"[-299,-200]",HR≥75/EDG≥0.0/CV≤0.5/μ≥0.0/TP≥65,66.67,0.0,0.5,0.0,65.0,31,30,20,10,66.67,-6.37,-30.5,17.77,-1.91,0.579,19
"[-299,-200]",HR≥75/EDG≥0.0/CV≤0.5/μ≥0.5/TP≥-,66.67,0.0,0.5,0.5,,31,30,20,10,66.67,-6.37,-30.5,17.77,-1.91,0.579,19
"[-299,-200]",HR≥75/EDG≥0.0/CV≤0.5/μ≥0.5/TP≥50,66.67,0.0,0.5,0.5,50.0,31,30,20,10,66.67,-6.37,-30.5,17.77,-1.91,0.579,19
"[-299,-200]",HR≥75/EDG≥0.0/CV≤0.5/μ≥0.5/TP≥55,66.67,0.0,0.5,0.5,55.0,31,30,20,10,66.67,-6.37,-30.5,17.77,-1.91,0.579,19
"[-299,-200]",HR≥75/EDG≥0.0/CV≤0.5/μ≥0.5/TP≥60,66.67,0.0,0.5,0.5,60.0,31,30,20,10,66.67,-6.37,-30.5,17.77,-1.91,0.579,19
"[-299,-200]",HR≥75/EDG≥0.0/CV≤0.5/μ≥0.5/TP≥65,66.67,0.0,0.5,0.5,65.0,31,30,20,10,66.67,-6.37,-30.5,17.77,-1.91,0.579,19
"[-199,-150]",HR≥-/EDG≥-/CV≤-/μ≥-/TP≥-,59.5,,,,,201,200,119,81,59.5,-5.34,-16.21,5.52,-10.689,0.464,28
"[-199,-150]",HR≥-/EDG≥-/CV≤-/μ≥-/TP≥50,60.11,,,,50.0,189,188,113,75,60.11,-4.39,-15.57,6.79,-8.249,0.536,28
"[-199,-150]",HR≥-/EDG≥-/CV≤-/μ≥-/TP≥55,60.44,,,,55.0,183,182,110,72,60.44,-3.86,-15.21,7.49,-7.027,0.5,28
"[-199,-150]",HR≥-/EDG≥-/CV≤-/μ≥-/TP≥60,62.79,,,,60.0,86,86,54,32,62.79,-2.78,-18.7,13.14,-2.391,0.577,26
"[-199,-150]",HR≥-/EDG≥-/CV≤-/μ≥-/TP≥65,65.0,,,,65.0,40,40,26,14,65.0,0.55,-22.62,23.72,0.221,0.529,17
"[-199,-150]",HR≥-/EDG≥-/CV≤-/μ≥0.0/TP≥-,61.39,,,0.0,,159,158,97,61,61.39,-2.57,-14.67,9.53,-4.06,0.536,28
"[-199,-150]",HR≥-/EDG≥-/CV≤-/μ≥0.0/TP≥50,61.39,,,0.0,50.0,159,158,97,61,61.39,-2.57,-14.67,9.53,-4.06,0.536,28
"[-199,-150]",HR≥-/EDG≥-/CV≤-/μ≥0.0/TP≥55,61.44,,,0.0,55.0,154,153,94,59,61.44,-2.51,-14.81,9.79,-3.838,0.5,28
"[-199,-150]",HR≥-/EDG≥-/CV≤-/μ≥0.0/TP≥60,63.29,,,0.0,60.0,79,79,50,29,63.29,-1.93,-18.52,14.65,-1.526,0.577,26
"[-199,-150]",HR≥-/EDG≥-/CV≤-/μ≥0.0/TP≥65,65.0,,,0.0,65.0,40,40,26,14,65.0,0.55,-22.62,23.72,0.221,0.529,17
"[-199,-150]",HR≥-/EDG≥-/CV≤-/μ≥0.5/TP≥-,61.65,,,0.5,,134,133,82,51,61.65,-2.15,-15.33,11.04,-2.856,0.556,27
"[-199,-150]",HR≥-/EDG≥-/CV≤-/μ≥0.5/TP≥50,61.65,,,0.5,50.0,134,133,82,51,61.65,-2.15,-15.33,11.04,-2.856,0.556,27
"[-199,-150]",HR≥-/EDG≥-/CV≤-/μ≥0.5/TP≥55,61.65,,,0.5,55.0,134,133,82,51,61.65,-2.15,-15.33,11.04,-2.856,0.556,27
"[-199,-150]",HR≥-/EDG≥-/CV≤-/μ≥0.5/TP≥60,62.5,,,0.5,60.0,72,72,45,27,62.5,-3.13,-20.6,14.33,-2.255,0.583,24
"[-199,-150]",HR≥-/EDG≥-/CV≤-/μ≥0.5/TP≥65,65.0,,,0.5,65.0,40,40,26,14,65.0,0.55,-22.62,23.72,0.221,0.529,17
"[-199,-150]",HR≥-/EDG≥-/CV≤-/μ≥1.0/TP≥-,61.54,,,1.0,,104,104,64,40,61.54,-2.56,-17.45,12.34,-2.657,0.481,27
"[-199,-150]",HR≥-/EDG≥-/CV≤-/μ≥1.0/TP≥50,61.54,,,1.0,50.0,104,104,64,40,61.54,-2.56,-17.45,12.34,-2.657,0.481,27
"[-199,-150]",HR≥-/EDG≥-/CV≤-/μ≥1.0/TP≥55,61.54,,,1.0,55.0,104,104,64,40,61.54,-2.56,-17.45,12.34,-2.657,0.481,27
"[-199,-150]",HR≥-/EDG≥-/CV≤-/μ≥1.0/TP≥60,63.33,,,1.0,60.0,60,60,38,22,63.33,-1.77,-20.85,17.31,-1.062,0.583,24
"[-199,-150]",HR≥-/EDG≥-/CV≤-/μ≥1.0/TP≥65,61.11,,,1.0,65.0,36,36,22,14,61.11,-5.49,-30.48,19.5,-1.978,0.5,16
"[-199,-150]",HR≥-/EDG≥-/CV≤0.7/μ≥-/TP≥-,60.77,,0.7,,,182,181,110,71,60.77,-3.25,-14.62,8.12,-5.878,0.536,28
"[-199,-150]",HR≥-/EDG≥-/CV≤0.7/μ≥-/TP≥50,61.4,,0.7,,50.0,172,171,105,66,61.4,-2.27,-13.93,9.39,-3.883,0.571,28
"[-199,-150]",HR≥-/EDG≥-/CV≤0.7/μ≥-/TP≥55,61.45,,0.7,,55.0,167,166,102,64,61.45,-2.21,-14.04,9.63,-3.66,0.536,28
"[-199,-150]",HR≥-/EDG≥-/CV≤0.7/μ≥-/TP≥60,64.1,,0.7,,60.0,78,78,50,28,64.1,-0.61,-17.23,16.01,-0.475,0.538,26
"[-199,-150]",HR≥-/EDG≥-/CV≤0.7/μ≥-/TP≥65,65.79,,0.7,,65.0,38,38,25,13,65.79,1.87,-21.81,25.56,0.711,0.529,17
"[-199,-150]",HR≥-/EDG≥-/CV≤0.7/μ≥0.0/TP≥-,62.5,,0.7,0.0,,145,144,90,54,62.5,-0.74,-13.36,11.88,-1.061,0.607,28
"[-199,-150]",HR≥-/EDG≥-/CV≤0.7/μ≥0.0/TP≥50,62.5,,0.7,0.0,50.0,145,144,90,54,62.5,-0.74,-13.36,11.88,-1.061,0.607,28
"[-199,-150]",HR≥-/EDG≥-/CV≤0.7/μ≥0.0/TP≥55,62.14,,0.7,0.0,55.0,141,140,87,53,62.14,-1.31,-14.14,11.51,-1.838,0.571,28
"[-199,-150]",HR≥-/EDG≥-/CV≤0.7/μ≥0.0/TP≥60,64.79,,0.7,0.0,60.0,71,71,46,25,64.79,0.55,-16.83,17.93,0.39,0.577,26
"[-199,-150]",HR≥-/EDG≥-/CV≤0.7/μ≥0.0/TP≥65,65.79,,0.7,0.0,65.0,38,38,25,13,65.79,1.87,-21.81,25.56,0.711,0.529,17
"[-199,-150]",HR≥-/EDG≥-/CV≤0.7/μ≥0.5/TP≥-,62.3,,0.7,0.5,,123,122,76,46,62.3,-1.02,-14.76,12.72,-1.247,0.63,27
"[-199,-150]",HR≥-/EDG≥-/CV≤0.7/μ≥0.5/TP≥50,62.3,,0.7,0.5,50.0,123,122,76,46,62.3,-1.02,-14.76,12.72,-1.247,0.63,27
"[-199,-150]",HR≥-/EDG≥-/CV≤0.7/μ≥0.5/TP≥55,62.3,,0.7,0.5,55.0,123,122,76,46,62.3,-1.02,-14.76,12.72,-1.247,0.63,27
"[-199,-150]",HR≥-/EDG≥-/CV≤0.7/μ≥0.5/TP≥60,64.06,,0.7,0.5,60.0,64,64,41,23,64.06,-0.53,-18.94,17.88,-0.338,0.583,24
"[-199,-150]",HR≥-/EDG≥-/CV≤0.7/μ≥0.5/TP≥65,65.79,,0.7,0.5,65.0,38,38,25,13,65.79,1.87,-21.81,25.56,0.711,0.529,17
"[-199,-150]",HR≥-/EDG≥-/CV≤0.7/μ≥1.0/TP≥-,62.24,,0.7,1.0,,98,98,61,37,62.24,-1.37,-16.67,13.94,-1.338,0.519,27
"[-199,-150]",HR≥-/EDG≥-/CV≤0.7/μ≥1.0/TP≥50,62.24,,0.7,1.0,50.0,98,98,61,37,62.24,-1.37,-16.67,13.94,-1.338,0.519,27
"[-199,-150]",HR≥-/EDG≥-/CV≤0.7/μ≥1.0/TP≥55,62.24,,0.7,1.0,55.0,98,98,61,37,62.24,-1.37,-16.67,13.94,-1.338,0.519,27
"[-199,-150]",HR≥-/EDG≥-/CV≤0.7/μ≥1.0/TP≥60,65.45,,0.7,1.0,60.0,55,55,36,19,65.45,1.65,-18.06,21.36,0.907,0.625,24
"[-199,-150]",HR≥-/EDG≥-/CV≤0.7/μ≥1.0/TP≥65,61.76,,0.7,1.0,65.0,34,34,21,13,61.76,-4.38,-30.06,21.31,-1.488,0.5,16
"[-199,-150]",HR≥-/EDG≥-/CV≤0.6/μ≥-/TP≥-,59.46,,0.6,,,149,148,88,60,59.46,-5.47,-18.1,7.17,-8.089,0.393,28
"[-199,-150]",HR≥-/EDG≥-/CV≤0.6/μ≥-/TP≥50,59.29,,0.6,,50.0,141,140,83,57,59.29,-5.78,-18.78,7.22,-8.094,0.429,28
"[-199,-150]",HR≥-/EDG≥-/CV≤0.6/μ≥-/TP≥55,59.56,,0.6,,55.0,137,136,81,55,59.56,-5.37,-18.54,7.8,-7.3,0.464,28
"[-199,-150]",HR≥-/EDG≥-/CV≤0.6/μ≥-/TP≥60,62.69,,0.6,,60.0,67,67,42,25,62.69,-2.75,-20.87,15.36,-1.846,0.48,25
"[-199,-150]",HR≥-/EDG≥-/CV≤0.6/μ≥-/TP≥65,63.64,,0.6,,65.0,33,33,21,12,63.64,-1.4,-27.24,24.44,-0.463,0.5,16
"[-199,-150]",HR≥-/EDG≥-/CV≤0.6/μ≥0.0/TP≥-,60.83,,0.6,0.0,,121,120,73,47,60.83,-3.55,-17.47,10.38,-4.258,0.464,28
"[-199,-150]",HR≥-/EDG≥-/CV≤0.6/μ≥0.0/TP≥50,60.83,,0.6,0.0,50.0,121,120,73,47,60.83,-3.55,-17.47,10.38,-4.258,0.464,28
"[-199,-150]",HR≥-/EDG≥-/CV≤0.6/μ≥0.0/TP≥55,60.68,,0.6,0.0,55.0,118,117,71,46,60.68,-3.82,-17.92,10.29,-4.464,0.464,28
"[-199,-150]",HR≥-/EDG≥-/CV≤0.6/μ≥0.0/TP≥60,64.52,,0.6,0.0,60.0,62,62,40,22,64.52,0.12,-18.53,18.76,0.073,0.52,25
"[-199,-150]",HR≥-/EDG≥-/CV≤0.6/μ≥0.0/TP≥65,63.64,,0.6,0.0,65.0,33,33,21,12,63.64,-1.4,-27.24,24.44,-0.463,0.5,16
"[-199,-150]",HR≥-/EDG≥-/CV≤0.6/μ≥0.5/TP≥-,61.0,,0.6,0.5,,101,100,61,39,61.0,-3.31,-18.56,11.94,-3.314,0.481,27
"[-199,-150]",HR≥-/EDG≥-/CV≤0.6/μ≥0.5/TP≥50,61.0,,0.6,0.5,50.0,101,100,61,39,61.0,-3.31,-18.56,11.94,-3.314,0.481,27
"[-199,-150]",HR≥-/EDG≥-/CV≤0.6/μ≥0.5/TP≥55,61.0,,0.6,0.5,55.0,101,100,61,39,61.0,-3.31,-18.56,11.94,-3.314,0.481,27
"[-199,-150]",HR≥-/EDG≥-/CV≤0.6/μ≥0.5/TP≥60,63.64,,0.6,0.5,60.0,55,55,35,20,63.64,-1.19,-21.13,18.74,-0.656,0.522,23
"[-199,-150]",HR≥-/EDG≥-/CV≤0.6/μ≥0.5/TP≥65,63.64,,0.6,0.5,65.0,33,33,21,12,63.64,-1.4,-27.24,24.44,-0.463,0.5,16
"[-199,-150]",HR≥-/EDG≥-/CV≤0.6/μ≥1.0/TP≥-,61.73,,0.6,1.0,,81,81,50,31,61.73,-2.36,-19.23,14.51,-1.91,0.593,27
"[-199,-150]",HR≥-/EDG≥-/CV≤0.6/μ≥1.0/TP≥50,61.73,,0.6,1.0,50.0,81,81,50,31,61.73,-2.36,-19.23,14.51,-1.91,0.593,27
"[-199,-150]",HR≥-/EDG≥-/CV≤0.6/μ≥1.0/TP≥55,61.73,,0.6,1.0,55.0,81,81,50,31,61.73,-2.36,-19.23,14.51,-1.91,0.593,27
"[-199,-150]",HR≥-/EDG≥-/CV≤0.6/μ≥1.0/TP≥60,65.96,,0.6,1.0,60.0,47,47,31,16,65.96,2.44,-18.85,23.72,1.145,0.609,23
"[-199,-150]",HR≥-/EDG≥-/CV≤0.5/μ≥-/TP≥-,56.76,,0.5,,,111,111,63,48,56.76,-9.54,-24.32,5.23,-10.595,0.429,28
"[-199,-150]",HR≥-/EDG≥-/CV≤0.5/μ≥-/TP≥50,56.19,,0.5,,50.0,105,105,59,46,56.19,-10.45,-25.67,4.76,-10.975,0.429,28
"[-199,-150]",HR≥-/EDG≥-/CV≤0.5/μ≥-/TP≥55,56.44,,0.5,,55.0,101,101,57,44,56.44,-10.08,-25.59,5.43,-10.181,0.429,28
"[-199,-150]",HR≥-/EDG≥-/CV≤0.5/μ≥-/TP≥60,56.25,,0.5,,60.0,48,48,27,21,56.25,-12.78,-34.78,9.22,-6.134,0.56,25
"[-199,-150]",HR≥-/EDG≥-/CV≤0.5/μ≥0.0/TP≥-,57.78,,0.5,0.0,,90,90,52,38,57.78,-8.09,-24.43,8.26,-7.279,0.464,28
"[-199,-150]",HR≥-/EDG≥-/CV≤0.5/μ≥0.0/TP≥50,57.78,,0.5,0.0,50.0,90,90,52,38,57.78,-8.09,-24.43,8.26,-7.279,0.464,28
"[-199,-150]",HR≥-/EDG≥-/CV≤0.5/μ≥0.0/TP≥55,57.47,,0.5,0.0,55.0,87,87,50,37,57.47,-8.6,-25.24,8.04,-7.485,0.464,28
"[-199,-150]",HR≥-/EDG≥-/CV≤0.5/μ≥0.0/TP≥60,58.14,,0.5,0.0,60.0,43,43,25,18,58.14,-9.8,-32.96,13.36,-4.216,0.583,24
"[-199,-150]",HR≥-/EDG≥-/CV≤0.5/μ≥0.5/TP≥-,58.9,,0.5,0.5,,73,73,43,30,58.9,-6.44,-24.52,11.64,-4.702,0.519,27
"[-199,-150]",HR≥-/EDG≥-/CV≤0.5/μ≥0.5/TP≥50,58.9,,0.5,0.5,50.0,73,73,43,30,58.9,-6.44,-24.52,11.64,-4.702,0.519,27
"[-199,-150]",HR≥-/EDG≥-/CV≤0.5/μ≥0.5/TP≥55,58.9,,0.5,0.5,55.0,73,73,43,30,58.9,-6.44,-24.52,11.64,-4.702,0.519,27
"[-199,-150]",HR≥-/EDG≥-/CV≤0.5/μ≥0.5/TP≥60,58.97,,0.5,0.5,60.0,39,39,23,16,58.97,-8.49,-32.77,15.79,-3.312,0.591,22
"[-199,-150]",HR≥-/EDG≥-/CV≤0.5/μ≥1.0/TP≥-,55.38,,0.5,1.0,,65,65,36,29,55.38,-12.17,-31.5,7.17,-7.907,0.481,27
"[-199,-150]",HR≥-/EDG≥-/CV≤0.5/μ≥1.0/TP≥50,55.38,,0.5,1.0,50.0,65,65,36,29,55.38,-12.17,-31.5,7.17,-7.907,0.481,27
"[-199,-150]",HR≥-/EDG≥-/CV≤0.5/μ≥1.0/TP≥55,55.38,,0.5,1.0,55.0,65,65,36,29,55.38,-12.17,-31.5,7.17,-7.907,0.481,27
"[-199,-150]",HR≥-/EDG≥-/CV≤0.5/μ≥1.0/TP≥60,58.33,,0.5,1.0,60.0,36,36,21,15,58.33,-9.42,-34.8,15.95,-3.393,0.524,21
"[-199,-150]",HR≥-/EDG≥-/CV≤0.45/μ≥-/TP≥-,55.32,,0.45,,,94,94,52,42,55.32,-11.7,-27.85,4.44,-11.002,0.357,28
"[-199,-150]",HR≥-/EDG≥-/CV≤0.45/μ≥-/TP≥50,55.06,,0.45,,50.0,89,89,49,40,55.06,-12.18,-28.78,4.42,-10.842,0.37,27
"[-199,-150]",HR≥-/EDG≥-/CV≤0.45/μ≥-/TP≥55,55.81,,0.45,,55.0,86,86,48,38,55.81,-11.01,-27.86,5.85,-9.467,0.37,27
"[-199,-150]",HR≥-/EDG≥-/CV≤0.45/μ≥-/TP≥60,56.1,,0.45,,60.0,41,41,23,18,56.1,-12.8,-36.72,11.12,-5.249,0.565,23
"[-199,-150]",HR≥-/EDG≥-/CV≤0.45/μ≥0.0/TP≥-,57.33,,0.45,0.0,,75,75,43,32,57.33,-8.69,-26.66,9.28,-6.521,0.444,27
"[-199,-150]",HR≥-/EDG≥-/CV≤0.45/μ≥0.0/TP≥50,57.33,,0.45,0.0,50.0,75,75,43,32,57.33,-8.69,-26.66,9.28,-6.521,0.444,27
"[-199,-150]",HR≥-/EDG≥-/CV≤0.45/μ≥0.0/TP≥55,57.53,,0.45,0.0,55.0,73,73,42,31,57.53,-8.42,-26.62,9.78,-6.146,0.444,27
"[-199,-150]",HR≥-/EDG≥-/CV≤0.45/μ≥0.0/TP≥60,58.33,,0.45,0.0,60.0,36,36,21,15,58.33,-9.25,-34.68,16.17,-3.331,0.591,22
"[-199,-150]",HR≥-/EDG≥-/CV≤0.45/μ≥0.5/TP≥-,57.38,,0.45,0.5,,61,61,35,26,57.38,-8.79,-28.71,11.13,-5.363,0.462,26
"[-199,-150]",HR≥-/EDG≥-/CV≤0.45/μ≥0.5/TP≥50,57.38,,0.45,0.5,50.0,61,61,35,26,57.38,-8.79,-28.71,11.13,-5.363,0.462,26
"[-199,-150]",HR≥-/EDG≥-/CV≤0.45/μ≥0.5/TP≥55,57.38,,0.45,0.5,55.0,61,61,35,26,57.38,-8.79,-28.71,11.13,-5.363,0.462,26
"[-199,-150]",HR≥-/EDG≥-/CV≤0.45/μ≥0.5/TP≥60,59.38,,0.45,0.5,60.0,32,32,19,13,59.38,-7.58,-34.51,19.34,-2.427,0.579,19
"[-199,-150]",HR≥-/EDG≥-/CV≤0.45/μ≥1.0/TP≥-,53.7,,0.45,1.0,,54,54,29,25,53.7,-14.63,-36.0,6.73,-7.901,0.462,26
"[-199,-150]",HR≥-/EDG≥-/CV≤0.45/μ≥1.0/TP≥50,53.7,,0.45,1.0,50.0,54,54,29,25,53.7,-14.63,-36.0,6.73,-7.901,0.462,26
"[-199,-150]",HR≥-/EDG≥-/CV≤0.45/μ≥1.0/TP≥55,53.7,,0.45,1.0,55.0,54,54,29,25,53.7,-14.63,-36.0,6.73,-7.901,0.462,26
"[-199,-150]",HR≥-/EDG≥-/CV≤0.4/μ≥-/TP≥-,50.72,,0.4,,,69,69,35,34,50.72,-18.77,-37.82,0.28,-12.951,0.385,26
"[-199,-150]",HR≥-/EDG≥-/CV≤0.4/μ≥-/TP≥50,50.0,,0.4,,50.0,64,64,32,32,50.0,-19.99,-39.77,-0.2,-12.791,0.4,25
"[-199,-150]",HR≥-/EDG≥-/CV≤0.4/μ≥-/TP≥55,50.82,,0.4,,55.0,61,61,31,30,50.82,-18.71,-38.97,1.54,-11.416,0.4,25
"[-199,-150]",HR≥-/EDG≥-/CV≤0.4/μ≥0.0/TP≥-,52.0,,0.4,0.0,,50,50,26,24,52.0,-16.94,-39.31,5.43,-8.47,0.417,24
"[-199,-150]",HR≥-/EDG≥-/CV≤0.4/μ≥0.0/TP≥50,52.0,,0.4,0.0,50.0,50,50,26,24,52.0,-16.94,-39.31,5.43,-8.47,0.417,24
"[-199,-150]",HR≥-/EDG≥-/CV≤0.4/μ≥0.0/TP≥55,52.08,,0.4,0.0,55.0,48,48,25,23,52.08,-16.86,-39.69,5.96,-8.095,0.417,24
"[-199,-150]",HR≥-/EDG≥-/CV≤0.4/μ≥0.5/TP≥-,53.85,,0.4,0.5,,39,39,21,18,53.85,-14.0,-39.35,11.34,-5.462,0.455,22
"[-199,-150]",HR≥-/EDG≥-/CV≤0.4/μ≥0.5/TP≥50,53.85,,0.4,0.5,50.0,39,39,21,18,53.85,-14.0,-39.35,11.34,-5.462,0.455,22
"[-199,-150]",HR≥-/EDG≥-/CV≤0.4/μ≥0.5/TP≥55,53.85,,0.4,0.5,55.0,39,39,21,18,53.85,-14.0,-39.35,11.34,-5.462,0.455,22
"[-199,-150]",HR≥-/EDG≥-/CV≤0.4/μ≥1.0/TP≥-,54.05,,0.4,1.0,,37,37,20,17,54.05,-13.8,-39.8,12.19,-5.107,0.455,22
"[-199,-150]",HR≥-/EDG≥-/CV≤0.4/μ≥1.0/TP≥50,54.05,,0.4,1.0,50.0,37,37,20,17,54.05,-13.8,-39.8,12.19,-5.107,0.455,22
"[-199,-150]",HR≥-/EDG≥-/CV≤0.4/μ≥1.0/TP≥55,54.05,,0.4,1.0,55.0,37,37,20,17,54.05,-13.8,-39.8,12.19,-5.107,0.455,22
"[-199,-150]",HR≥-/EDG≥-5.0/CV≤-/μ≥-/TP≥-,61.36,-5.0,,,,133,132,81,51,61.36,-2.51,-15.77,10.76,-3.309,0.519,27
"[-199,-150]",HR≥-/EDG≥-5.0/CV≤-/μ≥-/TP≥50,61.36,-5.0,,,50.0,133,132,81,51,61.36,-2.51,-15.77,10.76,-3.309,0.519,27
"[-199,-150]",HR≥-/EDG≥-5.0/CV≤-/μ≥-/TP≥55,61.36,-5.0,,,55.0,133,132,81,51,61.36,-2.51,-15.77,10.76,-3.309,0.519,27
"[-199,-150]",HR≥-/EDG≥-5.0/CV≤-/μ≥-/TP≥60,61.97,-5.0,,,60.0,71,71,44,27,61.97,-3.9,-21.54,13.75,-2.767,0.583,24
"[-199,-150]",HR≥-/EDG≥-5.0/CV≤-/μ≥-/TP≥65,65.0,-5.0,,,65.0,40,40,26,14,65.0,0.55,-22.62,23.72,0.221,0.529,17
"[-199,-150]",HR≥-/EDG≥-5.0/CV≤-/μ≥0.0/TP≥-,61.36,-5.0,,0.0,,133,132,81,51,61.36,-2.51,-15.77,10.76,-3.309,0.519,27
"[-199,-150]",HR≥-/EDG≥-5.0/CV≤-/μ≥0.0/TP≥50,61.36,-5.0,,0.0,50.0,133,132,81,51,61.36,-2.51,-15.77,10.76,-3.309,0.519,27
"[-199,-150]",HR≥-/EDG≥-5.0/CV≤-/μ≥0.0/TP≥55,61.36,-5.0,,0.0,55.0,133,132,81,51,61.36,-2.51,-15.77,10.76,-3.309,0.519,27
"[-199,-150]",HR≥-/EDG≥-5.0/CV≤-/μ≥0.0/TP≥60,61.97,-5.0,,0.0,60.0,71,71,44,27,61.97,-3.9,-21.54,13.75,-2.767,0.583,24
"[-199,-150]",HR≥-/EDG≥-5.0/CV≤-/μ≥0.0/TP≥65,65.0,-5.0,,0.0,65.0,40,40,26,14,65.0,0.55,-22.62,23.72,0.221,0.529,17
"[-199,-150]",HR≥-/EDG≥-5.0/CV≤-/μ≥0.5/TP≥-,61.24,-5.0,,0.5,,130,129,79,50,61.24,-2.65,-16.09,10.78,-3.421,0.556,27
"[-199,-150]",HR≥-/EDG≥-5.0/CV≤-/μ≥0.5/TP≥50,61.24,-5.0,,0.5,50.0,130,129,79,50,61.24,-2.65,-16.09,10.78,-3.421,0.556,27
"[-199,-150]",HR≥-/EDG≥-5.0/CV≤-/μ≥0.5/TP≥55,61.24,-5.0,,0.5,55.0,130,129,79,50,61.24,-2.65,-16.09,10.78,-3.421,0.556,27
"[-199,-150]",HR≥-/EDG≥-5.0/CV≤-/μ≥0.5/TP≥60,61.43,-5.0,,0.5,60.0,70,70,43,27,61.43,-4.72,-22.55,13.1,-3.307,0.583,24
"[-199,-150]",HR≥-/EDG≥-5.0/CV≤-/μ≥0.5/TP≥65,65.0,-5.0,,0.5,65.0,40,40,26,14,65.0,0.55,-22.62,23.72,0.221,0.529,17
"[-199,-150]",HR≥-/EDG≥-5.0/CV≤-/μ≥1.0/TP≥-,61.54,-5.0,,1.0,,104,104,64,40,61.54,-2.56,-17.45,12.34,-2.657,0.481,27
"[-199,-150]",HR≥-/EDG≥-5.0/CV≤-/μ≥1.0/TP≥50,61.54,-5.0,,1.0,50.0,104,104,64,40,61.54,-2.56,-17.45,12.34,-2.657,0.481,27
"[-199,-150]",HR≥-/EDG≥-5.0/CV≤-/μ≥1.0/TP≥55,61.54,-5.0,,1.0,55.0,104,104,64,40,61.54,-2.56,-17.45,12.34,-2.657,0.481,27
"[-199,-150]",HR≥-/EDG≥-5.0/CV≤-/μ≥1.0/TP≥60,63.33,-5.0,,1.0,60.0,60,60,38,22,63.33,-1.77,-20.85,17.31,-1.062,0.583,24
"[-199,-150]",HR≥-/EDG≥-5.0/CV≤-/μ≥1.0/TP≥65,61.11,-5.0,,1.0,65.0,36,36,22,14,61.11,-5.49,-30.48,19.5,-1.978,0.5,16
"[-199,-150]",HR≥-/EDG≥-5.0/CV≤0.7/μ≥-/TP≥-,62.1,-5.0,0.7,,,125,124,77,47,62.1,-1.33,-14.97,12.31,-1.648,0.556,27
"[-199,-150]",HR≥-/EDG≥-5.0/CV≤0.7/μ≥-/TP≥50,62.1,-5.0,0.7,,50.0,125,124,77,47,62.1,-1.33,-14.97,12.31,-1.648,0.556,27
"[-199,-150]",HR≥-/EDG≥-5.0/CV≤0.7/μ≥-/TP≥55,62.1,-5.0,0.7,,55.0,125,124,77,47,62.1,-1.33,-14.97,12.31,-1.648,0.556,27
"[-199,-150]",HR≥-/EDG≥-5.0/CV≤0.7/μ≥-/TP≥60,64.62,-5.0,0.7,,60.0,65,65,42,23,64.62,0.31,-17.89,18.51,0.202,0.583,24
"[-199,-150]",HR≥-/EDG≥-5.0/CV≤0.7/μ≥-/TP≥65,65.79,-5.0,0.7,,65.0,38,38,25,13,65.79,1.87,-21.81,25.56,0.711,0.529,17
"[-199,-150]",HR≥-/EDG≥-5.0/CV≤0.7/μ≥0.0/TP≥-,62.1,-5.0,0.7,0.0,,125,124,77,47,62.1,-1.33,-14.97,12.31,-1.648,0.556,27
"[-199,-150]",HR≥-/EDG≥-5.0/CV≤0.7/μ≥0.0/TP≥50,62.1,-5.0,0.7,0.0,50.0,125,124,77,47,62.1,-1.33,-14.97,12.31,-1.648,0.556,27
"[-199,-150]",HR≥-/EDG≥-5.0/CV≤0.7/μ≥0.0/TP≥55,62.1,-5.0,0.7,0.0,55.0,125,124,77,47,62.1,-1.33,-14.97,12.31,-1.648,0.556,27
"[-199,-150]",HR≥-/EDG≥-5.0/CV≤0.7/μ≥0.0/TP≥60,64.62,-5.0,0.7,0.0,60.0,65,65,42,23,64.62,0.31,-17.89,18.51,0.202,0.583,24
"[-199,-150]",HR≥-/EDG≥-5.0/CV≤0.7/μ≥0.0/TP≥65,65.79,-5.0,0.7,0.0,65.0,38,38,25,13,65.79,1.87,-21.81,25.56,0.711,0.529,17
"[-199,-150]",HR≥-/EDG≥-5.0/CV≤0.7/μ≥0.5/TP≥-,61.98,-5.0,0.7,0.5,,122,121,75,46,61.98,-1.45,-15.28,12.37,-1.76,0.593,27
"[-199,-150]",HR≥-/EDG≥-5.0/CV≤0.7/μ≥0.5/TP≥50,61.98,-5.0,0.7,0.5,50.0,122,121,75,46,61.98,-1.45,-15.28,12.37,-1.76,0.593,27
"[-199,-150]",HR≥-/EDG≥-5.0/CV≤0.7/μ≥0.5/TP≥55,61.98,-5.0,0.7,0.5,55.0,122,121,75,46,61.98,-1.45,-15.28,12.37,-1.76,0.593,27
"[-199,-150]",HR≥-/EDG≥-5.0/CV≤0.7/μ≥0.5/TP≥60,64.06,-5.0,0.7,0.5,60.0,64,64,41,23,64.06,-0.53,-18.94,17.88,-0.338,0.583,24
"[-199,-150]",HR≥-/EDG≥-5.0/CV≤0.7/μ≥0.5/TP≥65,65.79,-5.0,0.7,0.5,65.0,38,38,25,13,65.79,1.87,-21.81,25.56,0.711,0.529,17
"[-199,-150]",HR≥-/EDG≥-5.0/CV≤0.7/μ≥1.0/TP≥-,62.24,-5.0,0.7,1.0,,98,98,61,37,62.24,-1.37,-16.67,13.94,-1.338,0.519,27
"[-199,-150]",HR≥-/EDG≥-5.0/CV≤0.7/μ≥1.0/TP≥50,62.24,-5.0,0.7,1.0,50.0,98,98,61,37,62.24,-1.37,-16.67,13.94,-1.338,0.519,27
"[-199,-150]",HR≥-/EDG≥-5.0/CV≤0.7/μ≥1.0/TP≥55,62.24,-5.0,0.7,1.0,55.0,98,98,61,37,62.24,-1.37,-16.67,13.94,-1.338,0.519,27
"[-199,-150]",HR≥-/EDG≥-5.0/CV≤0.7/μ≥1.0/TP≥60,65.45,-5.0,0.7,1.0,60.0,55,55,36,19,65.45,1.65,-18.06,21.36,0.907,0.625,24
"[-199,-150]",HR≥-/EDG≥-5.0/CV≤0.7/μ≥1.0/TP≥65,61.76,-5.0,0.7,1.0,65.0,34,34,21,13,61.76,-4.38,-30.06,21.31,-1.488,0.5,16
"[-199,-150]",HR≥-/EDG≥-5.0/CV≤0.6/μ≥-/TP≥-,60.78,-5.0,0.6,,,103,102,62,40,60.78,-3.64,-18.76,11.47,-3.715,0.407,27
"[-199,-150]",HR≥-/EDG≥-5.0/CV≤0.6/μ≥-/TP≥50,60.78,-5.0,0.6,,50.0,103,102,62,40,60.78,-3.64,-18.76,11.47,-3.715,0.407,27
"[-199,-150]",HR≥-/EDG≥-5.0/CV≤0.6/μ≥-/TP≥55,60.78,-5.0,0.6,,55.0,103,102,62,40,60.78,-3.64,-18.76,11.47,-3.715,0.407,27
"[-199,-150]",HR≥-/EDG≥-5.0/CV≤0.6/μ≥-/TP≥60,64.29,-5.0,0.6,,60.0,56,56,36,20,64.29,-0.21,-19.88,19.46,-0.116,0.522,23
"[-199,-150]",HR≥-/EDG≥-5.0/CV≤0.6/μ≥-/TP≥65,63.64,-5.0,0.6,,65.0,33,33,21,12,63.64,-1.4,-27.24,24.44,-0.463,0.5,16
"[-199,-150]",HR≥-/EDG≥-5.0/CV≤0.6/μ≥0.0/TP≥-,60.78,-5.0,0.6,0.0,,103,102,62,40,60.78,-3.64,-18.76,11.47,-3.715,0.407,27
"[-199,-150]",HR≥-/EDG≥-5.0/CV≤0.6/μ≥0.0/TP≥50,60.78,-5.0,0.6,0.0,50.0,103,102,62,40,60.78,-3.64,-18.76,11.47,-3.715,0.407,27
"[-199,-150]",HR≥-/EDG≥-5.0/CV≤0.6/μ≥0.0/TP≥55,60.78,-5.0,0.6,0.0,55.0,103,102,62,40,60.78,-3.64,-18.76,11.47,-3.715,0.407,27
"[-199,-150]",HR≥-/EDG≥-5.0/CV≤0.6/μ≥0.0/TP≥60,64.29,-5.0,0.6,0.0,60.0,56,56,36,20,64.29,-0.21,-19.88,19.46,-0.116,0.522,23
"[-199,-150]",HR≥-/EDG≥-5.0/CV≤0.6/μ≥0.0/TP≥65,63.64,-5.0,0.6,0.0,65.0,33,33,21,12,63.64,-1.4,-27.24,24.44,-0.463,0.5,16
"[-199,-150]",HR≥-/EDG≥-5.0/CV≤0.6/μ≥0.5/TP≥-,60.61,-5.0,0.6,0.5,,100,99,60,39,60.61,-3.87,-19.23,11.5,-3.827,0.444,27
"[-199,-150]",HR≥-/EDG≥-5.0/CV≤0.6/μ≥0.5/TP≥50,60.61,-5.0,0.6,0.5,50.0,100,99,60,39,60.61,-3.87,-19.23,11.5,-3.827,0.444,27
"[-199,-150]",HR≥-/EDG≥-5.0/CV≤0.6/μ≥0.5/TP≥55,60.61,-5.0,0.6,0.5,55.0,100,99,60,39,60.61,-3.87,-19.23,11.5,-3.827,0.444,27
"[-199,-150]",HR≥-/EDG≥-5.0/CV≤0.6/μ≥0.5/TP≥60,63.64,-5.0,0.6,0.5,60.0,55,55,35,20,63.64,-1.19,-21.13,18.74,-0.656,0.522,23
"[-199,-150]",HR≥-/EDG≥-5.0/CV≤0.6/μ≥0.5/TP≥65,63.64,-5.0,0.6,0.5,65.0,33,33,21,12,63.64,-1.4,-27.24,24.44,-0.463,0.5,16
"[-199,-150]",HR≥-/EDG≥-5.0/CV≤0.6/μ≥1.0/TP≥-,61.73,-5.0,0.6,1.0,,81,81,50,31,61.73,-2.36,-19.23,14.51,-1.91,0.593,27
"[-199,-150]",HR≥-/EDG≥-5.0/CV≤0.6/μ≥1.0/TP≥50,61.73,-5.0,0.6,1.0,50.0,81,81,50,31,61.73,-2.36,-19.23,14.51,-1.91,0.593,27
"[-199,-150]",HR≥-/EDG≥-5.0/CV≤0.6/μ≥1.0/TP≥55,61.73,-5.0,0.6,1.0,55.0,81,81,50,31,61.73,-2.36,-19.23,14.51,-1.91,0.593,27
"[-199,-150]",HR≥-/EDG≥-5.0/CV≤0.6/μ≥1.0/TP≥60,65.96,-5.0,0.6,1.0,60.0,47,47,31,16,65.96,2.44,-18.85,23.72,1.145,0.609,23
"[-199,-150]",HR≥-/EDG≥-5.0/CV≤0.5/μ≥-/TP≥-,58.67,-5.0,0.5,,,75,75,44,31,58.67,-6.8,-24.65,11.04,-5.103,0.481,27
"[-199,-150]",HR≥-/EDG≥-5.0/CV≤0.5/μ≥-/TP≥50,58.67,-5.0,0.5,,50.0,75,75,44,31,58.67,-6.8,-24.65,11.04,-5.103,0.481,27
"[-199,-150]",HR≥-/EDG≥-5.0/CV≤0.5/μ≥-/TP≥55,58.67,-5.0,0.5,,55.0,75,75,44,31,58.67,-6.8,-24.65,11.04,-5.103,0.481,27
"[-199,-150]",HR≥-/EDG≥-5.0/CV≤0.5/μ≥-/TP≥60,60.0,-5.0,0.5,,60.0,40,40,24,16,60.0,-6.93,-30.79,16.94,-2.771,0.636,22
"[-199,-150]",HR≥-/EDG≥-5.0/CV≤0.5/μ≥0.0/TP≥-,58.67,-5.0,0.5,0.0,,75,75,44,31,58.67,-6.8,-24.65,11.04,-5.103,0.481,27
"[-199,-150]",HR≥-/EDG≥-5.0/CV≤0.5/μ≥0.0/TP≥50,58.67,-5.0,0.5,0.0,50.0,75,75,44,31,58.67,-6.8,-24.65,11.04,-5.103,0.481,27
"[-199,-150]",HR≥-/EDG≥-5.0/CV≤0.5/μ≥0.0/TP≥55,58.67,-5.0,0.5,0.0,55.0,75,75,44,31,58.67,-6.8,-24.65,11.04,-5.103,0.481,27
"[-199,-150]",HR≥-/EDG≥-5.0/CV≤0.5/μ≥0.0/TP≥60,60.0,-5.0,0.5,0.0,60.0,40,40,24,16,60.0,-6.93,-30.79,16.94,-2.771,0.636,22
"[-199,-150]",HR≥-/EDG≥-5.0/CV≤0.5/μ≥0.5/TP≥-,58.33,-5.0,0.5,0.5,,72,72,42,30,58.33,-7.24,-25.5,11.02,-5.215,0.481,27
"[-199,-150]",HR≥-/EDG≥-5.0/CV≤0.5/μ≥0.5/TP≥50,58.33,-5.0,0.5,0.5,50.0,72,72,42,30,58.33,-7.24,-25.5,11.02,-5.215,0.481,27
"[-199,-150]",HR≥-/EDG≥-5.0/CV≤0.5/μ≥0.5/TP≥55,58.33,-5.0,0.5,0.5,55.0,72,72,42,30,58.33,-7.24,-25.5,11.02,-5.215,0.481,27
"[-199,-150]",HR≥-/EDG≥-5.0/CV≤0.5/μ≥0.5/TP≥60,58.97,-5.0,0.5,0.5,60.0,39,39,23,16,58.97,-8.49,-32.77,15.79,-3.312,0.591,22
"[-199,-150]",HR≥-/EDG≥-5.0/CV≤0.5/μ≥1.0/TP≥-,55.38,-5.0,0.5,1.0,,65,65,36,29,55.38,-12.17,-31.5,7.17,-7.907,0.481,27
"[-199,-150]",HR≥-/EDG≥-5.0/CV≤0.5/μ≥1.0/TP≥50,55.38,-5.0,0.5,1.0,50.0,65,65,36,29,55.38,-12.17,-31.5,7.17,-7.907,0.481,27
"[-199,-150]",HR≥-/EDG≥-5.0/CV≤0.5/μ≥1.0/TP≥55,55.38,-5.0,0.5,1.0,55.0,65,65,36,29,55.38,-12.17,-31.5,7.17,-7.907,0.481,27
"[-199,-150]",HR≥-/EDG≥-5.0/CV≤0.5/μ≥1.0/TP≥60,58.33,-5.0,0.5,1.0,60.0,36,36,21,15,58.33,-9.42,-34.8,15.95,-3.393,0.524,21
"[-199,-150]",HR≥-/EDG≥-5.0/CV≤0.45/μ≥-/TP≥-,58.06,-5.0,0.45,,,62,62,36,26,58.06,-7.68,-27.4,12.03,-4.763,0.462,26
"[-199,-150]",HR≥-/EDG≥-5.0/CV≤0.45/μ≥-/TP≥50,58.06,-5.0,0.45,,50.0,62,62,36,26,58.06,-7.68,-27.4,12.03,-4.763,0.462,26
"[-199,-150]",HR≥-/EDG≥-5.0/CV≤0.45/μ≥-/TP≥55,58.06,-5.0,0.45,,55.0,62,62,36,26,58.06,-7.68,-27.4,12.03,-4.763,0.462,26
"[-199,-150]",HR≥-/EDG≥-5.0/CV≤0.45/μ≥-/TP≥60,60.61,-5.0,0.45,,60.0,33,33,20,13,60.61,-5.72,-32.07,20.64,-1.886,0.632,19
"[-199,-150]",HR≥-/EDG≥-5.0/CV≤0.45/μ≥0.0/TP≥-,58.06,-5.0,0.45,0.0,,62,62,36,26,58.06,-7.68,-27.4,12.03,-4.763,0.462,26
"[-199,-150]",HR≥-/EDG≥-5.0/CV≤0.45/μ≥0.0/TP≥50,58.06,-5.0,0.45,0.0,50.0,62,62,36,26,58.06,-7.68,-27.4,12.03,-4.763,0.462,26
"[-199,-150]",HR≥-/EDG≥-5.0/CV≤0.45/μ≥0.0/TP≥55,58.06,-5.0,0.45,0.0,55.0,62,62,36,26,58.06,-7.68,-27.4,12.03,-4.763,0.462,26
"[-199,-150]",HR≥-/EDG≥-5.0/CV≤0.45/μ≥0.0/TP≥60,60.61,-5.0,0.45,0.0,60.0,33,33,20,13,60.61,-5.72,-32.07,20.64,-1.886,0.632,19
"[-199,-150]",HR≥-/EDG≥-5.0/CV≤0.45/μ≥0.5/TP≥-,56.67,-5.0,0.45,0.5,,60,60,34,26,56.67,-9.79,-29.95,10.36,-5.875,0.462,26
"[-199,-150]",HR≥-/EDG≥-5.0/CV≤0.45/μ≥0.5/TP≥50,56.67,-5.0,0.45,0.5,50.0,60,60,34,26,56.67,-9.79,-29.95,10.36,-5.875,0.462,26
"[-199,-150]",HR≥-/EDG≥-5.0/CV≤0.45/μ≥0.5/TP≥55,56.67,-5.0,0.45,0.5,55.0,60,60,34,26,56.67,-9.79,-29.95,10.36,-5.875,0.462,26
"[-199,-150]",HR≥-/EDG≥-5.0/CV≤0.45/μ≥0.5/TP≥60,59.38,-5.0,0.45,0.5,60.0,32,32,19,13,59.38,-7.58,-34.51,19.34,-2.427,0.579,19
"[-199,-150]",HR≥-/EDG≥-5.0/CV≤0.45/μ≥1.0/TP≥-,53.7,-5.0,0.45,1.0,,54,54,29,25,53.7,-14.63,-36.0,6.73,-7.901,0.462,26
"[-199,-150]",HR≥-/EDG≥-5.0/CV≤0.45/μ≥1.0/TP≥50,53.7,-5.0,0.45,1.0,50.0,54,54,29,25,53.7,-14.63,-36.0,6.73,-7.901,0.462,26
"[-199,-150]",HR≥-/EDG≥-5.0/CV≤0.45/μ≥1.0/TP≥55,53.7,-5.0,0.45,1.0,55.0,54,54,29,25,53.7,-14.63,-36.0,6.73,-7.901,0.462,26
"[-199,-150]",HR≥-/EDG≥-5.0/CV≤0.4/μ≥-/TP≥-,56.1,-5.0,0.4,,,41,41,23,18,56.1,-10.61,-35.15,13.93,-4.35,0.455,22
"[-199,-150]",HR≥-/EDG≥-5.0/CV≤0.4/μ≥-/TP≥50,56.1,-5.0,0.4,,50.0,41,41,23,18,56.1,-10.61,-35.15,13.93,-4.35,0.455,22
"[-199,-150]",HR≥-/EDG≥-5.0/CV≤0.4/μ≥-/TP≥55,56.1,-5.0,0.4,,55.0,41,41,23,18,56.1,-10.61,-35.15,13.93,-4.35,0.455,22
"[-199,-150]",HR≥-/EDG≥-5.0/CV≤0.4/μ≥0.0/TP≥-,56.1,-5.0,0.4,0.0,,41,41,23,18,56.1,-10.61,-35.15,13.93,-4.35,0.455,22
"[-199,-150]",HR≥-/EDG≥-5.0/CV≤0.4/μ≥0.0/TP≥50,56.1,-5.0,0.4,0.0,50.0,41,41,23,18,56.1,-10.61,-35.15,13.93,-4.35,0.455,22
"[-199,-150]",HR≥-/EDG≥-5.0/CV≤0.4/μ≥0.0/TP≥55,56.1,-5.0,0.4,0.0,55.0,41,41,23,18,56.1,-10.61,-35.15,13.93,-4.35,0.455,22
"[-199,-150]",HR≥-/EDG≥-5.0/CV≤0.4/μ≥0.5/TP≥-,53.85,-5.0,0.4,0.5,,39,39,21,18,53.85,-14.0,-39.35,11.34,-5.462,0.455,22
"[-199,-150]",HR≥-/EDG≥-5.0/CV≤0.4/μ≥0.5/TP≥50,53.85,-5.0,0.4,0.5,50.0,39,39,21,18,53.85,-14.0,-39.35,11.34,-5.462,0.455,22
"[-199,-150]",HR≥-/EDG≥-5.0/CV≤0.4/μ≥0.5/TP≥55,53.85,-5.0,0.4,0.5,55.0,39,39,21,18,53.85,-14.0,-39.35,11.34,-5.462,0.455,22
"[-199,-150]",HR≥-/EDG≥-5.0/CV≤0.4/μ≥1.0/TP≥-,54.05,-5.0,0.4,1.0,,37,37,20,17,54.05,-13.8,-39.8,12.19,-5.107,0.455,22
"[-199,-150]",HR≥-/EDG≥-5.0/CV≤0.4/μ≥1.0/TP≥50,54.05,-5.0,0.4,1.0,50.0,37,37,20,17,54.05,-13.8,-39.8,12.19,-5.107,0.455,22
"[-199,-150]",HR≥-/EDG≥-5.0/CV≤0.4/μ≥1.0/TP≥55,54.05,-5.0,0.4,1.0,55.0,37,37,20,17,54.05,-13.8,-39.8,12.19,-5.107,0.455,22
"[-199,-150]",HR≥-/EDG≥0.0/CV≤-/μ≥-/TP≥-,61.98,0.0,,,,122,121,75,46,61.98,-1.56,-15.37,12.25,-1.887,0.556,27
"[-199,-150]",HR≥-/EDG≥0.0/CV≤-/μ≥-/TP≥50,61.98,0.0,,,50.0,122,121,75,46,61.98,-1.56,-15.37,12.25,-1.887,0.556,27
"[-199,-150]",HR≥-/EDG≥0.0/CV≤-/μ≥-/TP≥55,61.98,0.0,,,55.0,122,121,75,46,61.98,-1.56,-15.37,12.25,-1.887,0.556,27
"[-199,-150]",HR≥-/EDG≥0.0/CV≤-/μ≥-/TP≥60,64.62,0.0,,,60.0,65,65,42,23,64.62,0.26,-17.93,18.44,0.166,0.667,24
"[-199,-150]",HR≥-/EDG≥0.0/CV≤-/μ≥-/TP≥65,65.79,0.0,,,65.0,38,38,25,13,65.79,1.83,-21.85,25.5,0.695,0.529,17
"[-199,-150]",HR≥-/EDG≥0.0/CV≤-/μ≥0.0/TP≥-,61.98,0.0,,0.0,,122,121,75,46,61.98,-1.56,-15.37,12.25,-1.887,0.556,27
"[-199,-150]",HR≥-/EDG≥0.0/CV≤-/μ≥0.0/TP≥50,61.98,0.0,,0.0,50.0,122,121,75,46,61.98,-1.56,-15.37,12.25,-1.887,0.556,27
"[-199,-150]",HR≥-/EDG≥0.0/CV≤-/μ≥0.0/TP≥55,61.98,0.0,,0.0,55.0,122,121,75,46,61.98,-1.56,-15.37,12.25,-1.887,0.556,27
"[-199,-150]",HR≥-/EDG≥0.0/CV≤-/μ≥0.0/TP≥60,64.62,0.0,,0.0,60.0,65,65,42,23,64.62,0.26,-17.93,18.44,0.166,0.667,24
"[-199,-150]",HR≥-/EDG≥0.0/CV≤-/μ≥0.0/TP≥65,65.79,0.0,,0.0,65.0,38,38,25,13,65.79,1.83,-21.85,25.5,0.695,0.529,17
"[-199,-150]",HR≥-/EDG≥0.0/CV≤-/μ≥0.5/TP≥-,61.98,0.0,,0.5,,122,121,75,46,61.98,-1.56,-15.37,12.25,-1.887,0.556,27
"[-199,-150]",HR≥-/EDG≥0.0/CV≤-/μ≥0.5/TP≥50,61.98,0.0,,0.5,50.0,122,121,75,46,61.98,-1.56,-15.37,12.25,-1.887,0.556,27
"[-199,-150]",HR≥-/EDG≥0.0/CV≤-/μ≥0.5/TP≥55,61.98,0.0,,0.5,55.0,122,121,75,46,61.98,-1.56,-15.37,12.25,-1.887,0.556,27
"[-199,-150]",HR≥-/EDG≥0.0/CV≤-/μ≥0.5/TP≥60,64.62,0.0,,0.5,60.0,65,65,42,23,64.62,0.26,-17.93,18.44,0.166,0.667,24
"[-199,-150]",HR≥-/EDG≥0.0/CV≤-/μ≥0.5/TP≥65,65.79,0.0,,0.5,65.0,38,38,25,13,65.79,1.83,-21.85,25.5,0.695,0.529,17
"[-199,-150]",HR≥-/EDG≥0.0/CV≤-/μ≥1.0/TP≥-,61.76,0.0,,1.0,,102,102,63,39,61.76,-2.14,-17.18,12.9,-2.184,0.519,27
"[-199,-150]",HR≥-/EDG≥0.0/CV≤-/μ≥1.0/TP≥50,61.76,0.0,,1.0,50.0,102,102,63,39,61.76,-2.14,-17.18,12.9,-2.184,0.519,27
"[-199,-150]",HR≥-/EDG≥0.0/CV≤-/μ≥1.0/TP≥55,61.76,0.0,,1.0,55.0,102,102,63,39,61.76,-2.14,-17.18,12.9,-2.184,0.519,27
"[-199,-150]",HR≥-/EDG≥0.0/CV≤-/μ≥1.0/TP≥60,63.79,0.0,,1.0,60.0,58,58,37,21,63.79,-1.01,-20.39,18.36,-0.588,0.583,24
"[-199,-150]",HR≥-/EDG≥0.0/CV≤-/μ≥1.0/TP≥65,61.76,0.0,,1.0,65.0,34,34,21,13,61.76,-4.42,-30.1,21.25,-1.504,0.5,16
"[-199,-150]",HR≥-/EDG≥0.0/CV≤0.7/μ≥-/TP≥-,62.28,0.0,0.7,,,115,114,71,43,62.28,-1.07,-15.29,13.14,-1.225,0.556,27
"[-199,-150]",HR≥-/EDG≥0.0/CV≤0.7/μ≥-/TP≥50,62.28,0.0,0.7,,50.0,115,114,71,43,62.28,-1.07,-15.29,13.14,-1.225,0.556,27
"[-199,-150]",HR≥-/EDG≥0.0/CV≤0.7/μ≥-/TP≥55,62.28,0.0,0.7,,55.0,115,114,71,43,62.28,-1.07,-15.29,13.14,-1.225,0.556,27
"[-199,-150]",HR≥-/EDG≥0.0/CV≤0.7/μ≥-/TP≥60,66.67,0.0,0.7,,60.0,60,60,40,20,66.67,3.56,-15.14,22.26,2.135,0.667,24
"[-199,-150]",HR≥-/EDG≥0.0/CV≤0.7/μ≥-/TP≥65,64.86,0.0,0.7,,65.0,37,37,24,13,64.86,0.5,-23.68,24.68,0.185,0.529,17
"[-199,-150]",HR≥-/EDG≥0.0/CV≤0.7/μ≥0.0/TP≥-,62.28,0.0,0.7,0.0,,115,114,71,43,62.28,-1.07,-15.29,13.14,-1.225,0.556,27
"[-199,-150]",HR≥-/EDG≥0.0/CV≤0.7/μ≥0.0/TP≥50,62.28,0.0,0.7,0.0,50.0,115,114,71,43,62.28,-1.07,-15.29,13.14,-1.225,0.556,27
"[-199,-150]",HR≥-/EDG≥0.0/CV≤0.7/μ≥0.0/TP≥55,62.28,0.0,0.7,0.0,55.0,115,114,71,43,62.28,-1.07,-15.29,13.14,-1.225,0.556,27
"[-199,-150]",HR≥-/EDG≥0.0/CV≤0.7/μ≥0.0/TP≥60,66.67,0.0,0.7,0.0,60.0,60,60,40,20,66.67,3.56,-15.14,22.26,2.135,0.667,24
"[-199,-150]",HR≥-/EDG≥0.0/CV≤0.7/μ≥0.0/TP≥65,64.86,0.0,0.7,0.0,65.0,37,37,24,13,64.86,0.5,-23.68,24.68,0.185,0.529,17
"[-199,-150]",HR≥-/EDG≥0.0/CV≤0.7/μ≥0.5/TP≥-,62.28,0.0,0.7,0.5,,115,114,71,43,62.28,-1.07,-15.29,13.14,-1.225,0.556,27
"[-199,-150]",HR≥-/EDG≥0.0/CV≤0.7/μ≥0.5/TP≥50,62.28,0.0,0.7,0.5,50.0,115,114,71,43,62.28,-1.07,-15.29,13.14,-1.225,0.556,27
"[-199,-150]",HR≥-/EDG≥0.0/CV≤0.7/μ≥0.5/TP≥55,62.28,0.0,0.7,0.5,55.0,115,114,71,43,62.28,-1.07,-15.29,13.14,-1.225,0.556,27
"[-199,-150]",HR≥-/EDG≥0.0/CV≤0.7/μ≥0.5/TP≥60,66.67,0.0,0.7,0.5,60.0,60,60,40,20,66.67,3.56,-15.14,22.26,2.135,0.667,24
"[-199,-150]",HR≥-/EDG≥0.0/CV≤0.7/μ≥0.5/TP≥65,64.86,0.0,0.7,0.5,65.0,37,37,24,13,64.86,0.5,-23.68,24.68,0.185,0.529,17
"[-199,-150]",HR≥-/EDG≥0.0/CV≤0.7/μ≥1.0/TP≥-,61.86,0.0,0.7,1.0,,97,97,60,37,61.86,-1.92,-17.35,13.51,-1.864,0.519,27
"[-199,-150]",HR≥-/EDG≥0.0/CV≤0.7/μ≥1.0/TP≥50,61.86,0.0,0.7,1.0,50.0,97,97,60,37,61.86,-1.92,-17.35,13.51,-1.864,0.519,27
"[-199,-150]",HR≥-/EDG≥0.0/CV≤0.7/μ≥1.0/TP≥55,61.86,0.0,0.7,1.0,55.0,97,97,60,37,61.86,-1.92,-17.35,13.51,-1.864,0.519,27
"[-199,-150]",HR≥-/EDG≥0.0/CV≤0.7/μ≥1.0/TP≥60,64.81,0.0,0.7,1.0,60.0,54,54,35,19,64.81,0.7,-19.29,20.69,0.381,0.625,24
"[-199,-150]",HR≥-/EDG≥0.0/CV≤0.7/μ≥1.0/TP≥65,60.61,0.0,0.7,1.0,65.0,33,33,20,13,60.61,-6.1,-32.35,20.14,-2.014,0.5,16
"[-199,-150]",HR≥-/EDG≥0.0/CV≤0.6/μ≥-/TP≥-,62.11,0.0,0.6,,,96,95,59,36,62.11,-1.42,-17.01,14.16,-1.353,0.481,27
"[-199,-150]",HR≥-/EDG≥0.0/CV≤0.6/μ≥-/TP≥50,62.11,0.0,0.6,,50.0,96,95,59,36,62.11,-1.42,-17.01,14.16,-1.353,0.481,27
"[-199,-150]",HR≥-/EDG≥0.0/CV≤0.6/μ≥-/TP≥55,62.11,0.0,0.6,,55.0,96,95,59,36,62.11,-1.42,-17.01,14.16,-1.353,0.481,27
"[-199,-150]",HR≥-/EDG≥0.0/CV≤0.6/μ≥-/TP≥60,66.67,0.0,0.6,,60.0,51,51,34,17,66.67,3.56,-16.75,23.88,1.817,0.591,22
"[-199,-150]",HR≥-/EDG≥0.0/CV≤0.6/μ≥-/TP≥65,62.5,0.0,0.6,,65.0,32,32,20,12,62.5,-3.09,-29.53,23.35,-0.989,0.467,15
"[-199,-150]",HR≥-/EDG≥0.0/CV≤0.6/μ≥0.0/TP≥-,62.11,0.0,0.6,0.0,,96,95,59,36,62.11,-1.42,-17.01,14.16,-1.353,0.481,27
"[-199,-150]",HR≥-/EDG≥0.0/CV≤0.6/μ≥0.0/TP≥50,62.11,0.0,0.6,0.0,50.0,96,95,59,36,62.11,-1.42,-17.01,14.16,-1.353,0.481,27
"[-199,-150]",HR≥-/EDG≥0.0/CV≤0.6/μ≥0.0/TP≥55,62.11,0.0,0.6,0.0,55.0,96,95,59,36,62.11,-1.42,-17.01,14.16,-1.353,0.481,27
"[-199,-150]",HR≥-/EDG≥0.0/CV≤0.6/μ≥0.0/TP≥60,66.67,0.0,0.6,0.0,60.0,51,51,34,17,66.67,3.56,-16.75,23.88,1.817,0.591,22
"[-199,-150]",HR≥-/EDG≥0.0/CV≤0.6/μ≥0.0/TP≥65,62.5,0.0,0.6,0.0,65.0,32,32,20,12,62.5,-3.09,-29.53,23.35,-0.989,0.467,15
"[-199,-150]",HR≥-/EDG≥0.0/CV≤0.6/μ≥0.5/TP≥-,62.11,0.0,0.6,0.5,,96,95,59,36,62.11,-1.42,-17.01,14.16,-1.353,0.481,27
"[-199,-150]",HR≥-/EDG≥0.0/CV≤0.6/μ≥0.5/TP≥50,62.11,0.0,0.6,0.5,50.0,96,95,59,36,62.11,-1.42,-17.01,14.16,-1.353,0.481,27
"[-199,-150]",HR≥-/EDG≥0.0/CV≤0.6/μ≥0.5/TP≥55,62.11,0.0,0.6,0.5,55.0,96,95,59,36,62.11,-1.42,-17.01,14.16,-1.353,0.481,27
"[-199,-150]",HR≥-/EDG≥0.0/CV≤0.6/μ≥0.5/TP≥60,66.67,0.0,0.6,0.5,60.0,51,51,34,17,66.67,3.56,-16.75,23.88,1.817,0.591,22
"[-199,-150]",HR≥-/EDG≥0.0/CV≤0.6/μ≥0.5/TP≥65,62.5,0.0,0.6,0.5,65.0,32,32,20,12,62.5,-3.09,-29.53,23.35,-0.989,0.467,15
"[-199,-150]",HR≥-/EDG≥0.0/CV≤0.6/μ≥1.0/TP≥-,61.25,0.0,0.6,1.0,,80,80,49,31,61.25,-3.05,-20.07,13.98,-2.436,0.577,26
"[-199,-150]",HR≥-/EDG≥0.0/CV≤0.6/μ≥1.0/TP≥50,61.25,0.0,0.6,1.0,50.0,80,80,49,31,61.25,-3.05,-20.07,13.98,-2.436,0.577,26
"[-199,-150]",HR≥-/EDG≥0.0/CV≤0.6/μ≥1.0/TP≥55,61.25,0.0,0.6,1.0,55.0,80,80,49,31,61.25,-3.05,-20.07,13.98,-2.436,0.577,26
"[-199,-150]",HR≥-/EDG≥0.0/CV≤0.6/μ≥1.0/TP≥60,65.22,0.0,0.6,1.0,60.0,46,46,30,16,65.22,1.34,-20.3,22.98,0.618,0.591,22
"[-199,-150]",HR≥-/EDG≥0.0/CV≤0.5/μ≥-/TP≥-,58.57,0.0,0.5,,,70,70,41,29,58.57,-6.77,-25.3,11.75,-4.741,0.462,26
"[-199,-150]",HR≥-/EDG≥0.0/CV≤0.5/μ≥-/TP≥50,58.57,0.0,0.5,,50.0,70,70,41,29,58.57,-6.77,-25.3,11.75,-4.741,0.462,26
"[-199,-150]",HR≥-/EDG≥0.0/CV≤0.5/μ≥-/TP≥55,58.57,0.0,0.5,,55.0,70,70,41,29,58.57,-6.77,-25.3,11.75,-4.741,0.462,26
"[-199,-150]",HR≥-/EDG≥0.0/CV≤0.5/μ≥-/TP≥60,59.46,0.0,0.5,,60.0,37,37,22,15,59.46,-7.67,-32.59,17.25,-2.838,0.571,21
"[-199,-150]",HR≥-/EDG≥0.0/CV≤0.5/μ≥0.0/TP≥-,58.57,0.0,0.5,0.0,,70,70,41,29,58.57,-6.77,-25.3,11.75,-4.741,0.462,26
"[-199,-150]",HR≥-/EDG≥0.0/CV≤0.5/μ≥0.0/TP≥50,58.57,0.0,0.5,0.0,50.0,70,70,41,29,58.57,-6.77,-25.3,11.75,-4.741,0.462,26
"[-199,-150]",HR≥-/EDG≥0.0/CV≤0.5/μ≥0.0/TP≥55,58.57,0.0,0.5,0.0,55.0,70,70,41,29,58.57,-6.77,-25.3,11.75,-4.741,0.462,26
"[-199,-150]",HR≥-/EDG≥0.0/CV≤0.5/μ≥0.0/TP≥60,59.46,0.0,0.5,0.0,60.0,37,37,22,15,59.46,-7.67,-32.59,17.25,-2.838,0.571,21
"[-199,-150]",HR≥-/EDG≥0.0/CV≤0.5/μ≥0.5/TP≥-,58.57,0.0,0.5,0.5,,70,70,41,29,58.57,-6.77,-25.3,11.75,-4.741,0.462,26
"[-199,-150]",HR≥-/EDG≥0.0/CV≤0.5/μ≥0.5/TP≥50,58.57,0.0,0.5,0.5,50.0,70,70,41,29,58.57,-6.77,-25.3,11.75,-4.741,0.462,26
"[-199,-150]",HR≥-/EDG≥0.0/CV≤0.5/μ≥0.5/TP≥55,58.57,0.0,0.5,0.5,55.0,70,70,41,29,58.57,-6.77,-25.3,11.75,-4.741,0.462,26
"[-199,-150]",HR≥-/EDG≥0.0/CV≤0.5/μ≥0.5/TP≥60,59.46,0.0,0.5,0.5,60.0,37,37,22,15,59.46,-7.67,-32.59,17.25,-2.838,0.571,21
"[-199,-150]",HR≥-/EDG≥0.0/CV≤0.5/μ≥1.0/TP≥-,54.69,0.0,0.5,1.0,,64,64,35,29,54.69,-13.18,-32.72,6.36,-8.434,0.462,26
"[-199,-150]",HR≥-/EDG≥0.0/CV≤0.5/μ≥1.0/TP≥50,54.69,0.0,0.5,1.0,50.0,64,64,35,29,54.69,-13.18,-32.72,6.36,-8.434,0.462,26
"[-199,-150]",HR≥-/EDG≥0.0/CV≤0.5/μ≥1.0/TP≥55,54.69,0.0,0.5,1.0,55.0,64,64,35,29,54.69,-13.18,-32.72,6.36,-8.434,0.462,26
"[-199,-150]",HR≥-/EDG≥0.0/CV≤0.5/μ≥1.0/TP≥60,57.14,0.0,0.5,1.0,60.0,35,35,20,15,57.14,-11.2,-37.06,14.67,-3.919,0.5,20
"[-199,-150]",HR≥-/EDG≥0.0/CV≤0.45/μ≥-/TP≥-,56.9,0.0,0.45,,,58,58,33,25,56.9,-9.31,-29.83,11.2,-5.402,0.44,25
"[-199,-150]",HR≥-/EDG≥0.0/CV≤0.45/μ≥-/TP≥50,56.9,0.0,0.45,,50.0,58,58,33,25,56.9,-9.31,-29.83,11.2,-5.402,0.44,25
"[-199,-150]",HR≥-/EDG≥0.0/CV≤0.45/μ≥-/TP≥55,56.9,0.0,0.45,,55.0,58,58,33,25,56.9,-9.31,-29.83,11.2,-5.402,0.44,25
"[-199,-150]",HR≥-/EDG≥0.0/CV≤0.45/μ≥-/TP≥60,60.0,0.0,0.45,,60.0,30,30,18,12,60.0,-6.51,-34.31,21.29,-1.953,0.556,18
"[-199,-150]",HR≥-/EDG≥0.0/CV≤0.45/μ≥0.0/TP≥-,56.9,0.0,0.45,0.0,,58,58,33,25,56.9,-9.31,-29.83,11.2,-5.402,0.44,25
"[-199,-150]",HR≥-/EDG≥0.0/CV≤0.45/μ≥0.0/TP≥50,56.9,0.0,0.45,0.0,50.0,58,58,33,25,56.9,-9.31,-29.83,11.2,-5.402,0.44,25
"[-199,-150]",HR≥-/EDG≥0.0/CV≤0.45/μ≥0.0/TP≥55,56.9,0.0,0.45,0.0,55.0,58,58,33,25,56.9,-9.31,-29.83,11.2,-5.402,0.44,25
"[-199,-150]",HR≥-/EDG≥0.0/CV≤0.45/μ≥0.0/TP≥60,60.0,0.0,0.45,0.0,60.0,30,30,18,12,60.0,-6.51,-34.31,21.29,-1.953,0.556,18
"[-199,-150]",HR≥-/EDG≥0.0/CV≤0.45/μ≥0.5/TP≥-,56.9,0.0,0.45,0.5,,58,58,33,25,56.9,-9.31,-29.83,11.2,-5.402,0.44,25
"[-199,-150]",HR≥-/EDG≥0.0/CV≤0.45/μ≥0.5/TP≥50,56.9,0.0,0.45,0.5,50.0,58,58,33,25,56.9,-9.31,-29.83,11.2,-5.402,0.44,25
"[-199,-150]",HR≥-/EDG≥0.0/CV≤0.45/μ≥0.5/TP≥55,56.9,0.0,0.45,0.5,55.0,58,58,33,25,56.9,-9.31,-29.83,11.2,-5.402,0.44,25
"[-199,-150]",HR≥-/EDG≥0.0/CV≤0.45/μ≥0.5/TP≥60,60.0,0.0,0.45,0.5,60.0,30,30,18,12,60.0,-6.51,-34.31,21.29,-1.953,0.556,18
"[-199,-150]",HR≥-/EDG≥0.0/CV≤0.45/μ≥1.0/TP≥-,52.83,0.0,0.45,1.0,,53,53,28,25,52.83,-15.9,-37.53,5.72,-8.428,0.44,25
"[-199,-150]",HR≥-/EDG≥0.0/CV≤0.45/μ≥1.0/TP≥50,52.83,0.0,0.45,1.0,50.0,53,53,28,25,52.83,-15.9,-37.53,5.72,-8.428,0.44,25
"[-199,-150]",HR≥-/EDG≥0.0/CV≤0.45/μ≥1.0/TP≥55,52.83,0.0,0.45,1.0,55.0,53,53,28,25,52.83,-15.9,-37.53,5.72,-8.428,0.44,25
"[-199,-150]",HR≥-/EDG≥0.0/CV≤0.4/μ≥-/TP≥-,54.05,0.0,0.4,,,37,37,20,17,54.05,-13.48,-39.57,12.61,-4.988,0.429,21
"[-199,-150]",HR≥-/EDG≥0.0/CV≤0.4/μ≥-/TP≥50,54.05,0.0,0.4,,50.0,37,37,20,17,54.05,-13.48,-39.57,12.61,-4.988,0.429,21
"[-199,-150]",HR≥-/EDG≥0.0/CV≤0.4/μ≥-/TP≥55,54.05,0.0,0.4,,55.0,37,37,20,17,54.05,-13.48,-39.57,12.61,-4.988,0.429,21
"[-199,-150]",HR≥-/EDG≥0.0/CV≤0.4/μ≥0.0/TP≥-,54.05,0.0,0.4,0.0,,37,37,20,17,54.05,-13.48,-39.57,12.61,-4.988,0.429,21
"[-199,-150]",HR≥-/EDG≥0.0/CV≤0.4/μ≥0.0/TP≥50,54.05,0.0,0.4,0.0,50.0,37,37,20,17,54.05,-13.48,-39.57,12.61,-4.988,0.429,21
"[-199,-150]",HR≥-/EDG≥0.0/CV≤0.4/μ≥0.0/TP≥55,54.05,0.0,0.4,0.0,55.0,37,37,20,17,54.05,-13.48,-39.57,12.61,-4.988,0.429,21
"[-199,-150]",HR≥-/EDG≥0.0/CV≤0.4/μ≥0.5/TP≥-,54.05,0.0,0.4,0.5,,37,37,20,17,54.05,-13.48,-39.57,12.61,-4.988,0.429,21
"[-199,-150]",HR≥-/EDG≥0.0/CV≤0.4/μ≥0.5/TP≥50,54.05,0.0,0.4,0.5,50.0,37,37,20,17,54.05,-13.48,-39.57,12.61,-4.988,0.429,21
"[-199,-150]",HR≥-/EDG≥0.0/CV≤0.4/μ≥0.5/TP≥55,54.05,0.0,0.4,0.5,55.0,37,37,20,17,54.05,-13.48,-39.57,12.61,-4.988,0.429,21
"[-199,-150]",HR≥-/EDG≥0.0/CV≤0.4/μ≥1.0/TP≥-,52.78,0.0,0.4,1.0,,36,36,19,17,52.78,-15.65,-42.12,10.82,-5.633,0.429,21
"[-199,-150]",HR≥-/EDG≥0.0/CV≤0.4/μ≥1.0/TP≥50,52.78,0.0,0.4,1.0,50.0,36,36,19,17,52.78,-15.65,-42.12,10.82,-5.633,0.429,21
"[-199,-150]",HR≥-/EDG≥0.0/CV≤0.4/μ≥1.0/TP≥55,52.78,0.0,0.4,1.0,55.0,36,36,19,17,52.78,-15.65,-42.12,10.82,-5.633,0.429,21
"[-199,-150]",HR≥-/EDG≥5.0/CV≤-/μ≥-/TP≥-,60.42,5.0,,,,96,96,58,38,60.42,-3.95,-19.61,11.7,-3.794,0.481,27
"[-199,-150]",HR≥-/EDG≥5.0/CV≤-/μ≥-/TP≥50,60.42,5.0,,,50.0,96,96,58,38,60.42,-3.95,-19.61,11.7,-3.794,0.481,27
"[-199,-150]",HR≥-/EDG≥5.0/CV≤-/μ≥-/TP≥55,60.42,5.0,,,55.0,96,96,58,38,60.42,-3.95,-19.61,11.7,-3.794,0.481,27
"[-199,-150]",HR≥-/EDG≥5.0/CV≤-/μ≥-/TP≥60,61.54,5.0,,,60.0,52,52,32,20,61.54,-4.42,-25.17,16.33,-2.298,0.545,22
"[-199,-150]",HR≥-/EDG≥5.0/CV≤-/μ≥-/TP≥65,58.06,5.0,,,65.0,31,31,18,13,58.06,-10.0,-37.38,17.39,-3.099,0.467,15
"[-199,-150]",HR≥-/EDG≥5.0/CV≤-/μ≥0.0/TP≥-,60.42,5.0,,0.0,,96,96,58,38,60.42,-3.95,-19.61,11.7,-3.794,0.481,27
"[-199,-150]",HR≥-/EDG≥5.0/CV≤-/μ≥0.0/TP≥50,60.42,5.0,,0.0,50.0,96,96,58,38,60.42,-3.95,-19.61,11.7,-3.794,0.481,27
"[-199,-150]",HR≥-/EDG≥5.0/CV≤-/μ≥0.0/TP≥55,60.42,5.0,,0.0,55.0,96,96,58,38,60.42,-3.95,-19.61,11.7,-3.794,0.481,27
"[-199,-150]",HR≥-/EDG≥5.0/CV≤-/μ≥0.0/TP≥60,61.54,5.0,,0.0,60.0,52,52,32,20,61.54,-4.42,-25.17,16.33,-2.298,0.545,22
"[-199,-150]",HR≥-/EDG≥5.0/CV≤-/μ≥0.0/TP≥65,58.06,5.0,,0.0,65.0,31,31,18,13,58.06,-10.0,-37.38,17.39,-3.099,0.467,15
"[-199,-150]",HR≥-/EDG≥5.0/CV≤-/μ≥0.5/TP≥-,60.42,5.0,,0.5,,96,96,58,38,60.42,-3.95,-19.61,11.7,-3.794,0.481,27
"[-199,-150]",HR≥-/EDG≥5.0/CV≤-/μ≥0.5/TP≥50,60.42,5.0,,0.5,50.0,96,96,58,38,60.42,-3.95,-19.61,11.7,-3.794,0.481,27
"[-199,-150]",HR≥-/EDG≥5.0/CV≤-/μ≥0.5/TP≥55,60.42,5.0,,0.5,55.0,96,96,58,38,60.42,-3.95,-19.61,11.7,-3.794,0.481,27
"[-199,-150]",HR≥-/EDG≥5.0/CV≤-/μ≥0.5/TP≥60,61.54,5.0,,0.5,60.0,52,52,32,20,61.54,-4.42,-25.17,16.33,-2.298,0.545,22
"[-199,-150]",HR≥-/EDG≥5.0/CV≤-/μ≥0.5/TP≥65,58.06,5.0,,0.5,65.0,31,31,18,13,58.06,-10.0,-37.38,17.39,-3.099,0.467,15
"[-199,-150]",HR≥-/EDG≥5.0/CV≤-/μ≥1.0/TP≥-,59.57,5.0,,1.0,,94,94,56,38,59.57,-5.43,-21.29,10.42,-5.105,0.481,27
"[-199,-150]",HR≥-/EDG≥5.0/CV≤-/μ≥1.0/TP≥50,59.57,5.0,,1.0,50.0,94,94,56,38,59.57,-5.43,-21.29,10.42,-5.105,0.481,27
"[-199,-150]",HR≥-/EDG≥5.0/CV≤-/μ≥1.0/TP≥55,59.57,5.0,,1.0,55.0,94,94,56,38,59.57,-5.43,-21.29,10.42,-5.105,0.481,27
"[-199,-150]",HR≥-/EDG≥5.0/CV≤-/μ≥1.0/TP≥60,61.54,5.0,,1.0,60.0,52,52,32,20,61.54,-4.42,-25.17,16.33,-2.298,0.545,22
"[-199,-150]",HR≥-/EDG≥5.0/CV≤-/μ≥1.0/TP≥65,58.06,5.0,,1.0,65.0,31,31,18,13,58.06,-10.0,-37.38,17.39,-3.099,0.467,15
"[-199,-150]",HR≥-/EDG≥5.0/CV≤0.7/μ≥-/TP≥-,60.44,5.0,0.7,,,91,91,55,36,60.44,-3.82,-19.92,12.28,-3.474,0.481,27
"[-199,-150]",HR≥-/EDG≥5.0/CV≤0.7/μ≥-/TP≥50,60.44,5.0,0.7,,50.0,91,91,55,36,60.44,-3.82,-19.92,12.28,-3.474,0.481,27
"[-199,-150]",HR≥-/EDG≥5.0/CV≤0.7/μ≥-/TP≥55,60.44,5.0,0.7,,55.0,91,91,55,36,60.44,-3.82,-19.92,12.28,-3.474,0.481,27
"[-199,-150]",HR≥-/EDG≥5.0/CV≤0.7/μ≥-/TP≥60,62.5,5.0,0.7,,60.0,48,48,30,18,62.5,-2.77,-24.31,18.78,-1.329,0.571,21
"[-199,-150]",HR≥-/EDG≥5.0/CV≤0.7/μ≥-/TP≥65,56.67,5.0,0.7,,65.0,30,30,17,13,56.67,-12.03,-40.04,15.98,-3.609,0.429,14
"[-199,-150]",HR≥-/EDG≥5.0/CV≤0.7/μ≥0.0/TP≥-,60.44,5.0,0.7,0.0,,91,91,55,36,60.44,-3.82,-19.92,12.28,-3.474,0.481,27
"[-199,-150]",HR≥-/EDG≥5.0/CV≤0.7/μ≥0.0/TP≥50,60.44,5.0,0.7,0.0,50.0,91,91,55,36,60.44,-3.82,-19.92,12.28,-3.474,0.481,27
"[-199,-150]",HR≥-/EDG≥5.0/CV≤0.7/μ≥0.0/TP≥55,60.44,5.0,0.7,0.0,55.0,91,91,55,36,60.44,-3.82,-19.92,12.28,-3.474,0.481,27
"[-199,-150]",HR≥-/EDG≥5.0/CV≤0.7/μ≥0.0/TP≥60,62.5,5.0,0.7,0.0,60.0,48,48,30,18,62.5,-2.77,-24.31,18.78,-1.329,0.571,21
"[-199,-150]",HR≥-/EDG≥5.0/CV≤0.7/μ≥0.0/TP≥65,56.67,5.0,0.7,0.0,65.0,30,30,17,13,56.67,-12.03,-40.04,15.98,-3.609,0.429,14
"[-199,-150]",HR≥-/EDG≥5.0/CV≤0.7/μ≥0.5/TP≥-,60.44,5.0,0.7,0.5,,91,91,55,36,60.44,-3.82,-19.92,12.28,-3.474,0.481,27
"[-199,-150]",HR≥-/EDG≥5.0/CV≤0.7/μ≥0.5/TP≥50,60.44,5.0,0.7,0.5,50.0,91,91,55,36,60.44,-3.82,-19.92,12.28,-3.474,0.481,27
"[-199,-150]",HR≥-/EDG≥5.0/CV≤0.7/μ≥0.5/TP≥55,60.44,5.0,0.7,0.5,55.0,91,91,55,36,60.44,-3.82,-19.92,12.28,-3.474,0.481,27
"[-199,-150]",HR≥-/EDG≥5.0/CV≤0.7/μ≥0.5/TP≥60,62.5,5.0,0.7,0.5,60.0,48,48,30,18,62.5,-2.77,-24.31,18.78,-1.329,0.571,21
"[-199,-150]",HR≥-/EDG≥5.0/CV≤0.7/μ≥0.5/TP≥65,56.67,5.0,0.7,0.5,65.0,30,30,17,13,56.67,-12.03,-40.04,15.98,-3.609,0.429,14
"[-199,-150]",HR≥-/EDG≥5.0/CV≤0.7/μ≥1.0/TP≥-,59.55,5.0,0.7,1.0,,89,89,53,36,59.55,-5.38,-21.69,10.94,-4.786,0.481,27
"[-199,-150]",HR≥-/EDG≥5.0/CV≤0.7/μ≥1.0/TP≥50,59.55,5.0,0.7,1.0,50.0,89,89,53,36,59.55,-5.38,-21.69,10.94,-4.786,0.481,27
"[-199,-150]",HR≥-/EDG≥5.0/CV≤0.7/μ≥1.0/TP≥55,59.55,5.0,0.7,1.0,55.0,89,89,53,36,59.55,-5.38,-21.69,10.94,-4.786,0.481,27
"[-199,-150]",HR≥-/EDG≥5.0/CV≤0.7/μ≥1.0/TP≥60,62.5,5.0,0.7,1.0,60.0,48,48,30,18,62.5,-2.77,-24.31,18.78,-1.329,0.571,21
"[-199,-150]",HR≥-/EDG≥5.0/CV≤0.7/μ≥1.0/TP≥65,56.67,5.0,0.7,1.0,65.0,30,30,17,13,56.67,-12.03,-40.04,15.98,-3.609,0.429,14
"[-199,-150]",HR≥-/EDG≥5.0/CV≤0.6/μ≥-/TP≥-,59.74,5.0,0.6,,,77,77,46,31,59.74,-5.07,-22.61,12.48,-3.902,0.56,25
"[-199,-150]",HR≥-/EDG≥5.0/CV≤0.6/μ≥-/TP≥50,59.74,5.0,0.6,,50.0,77,77,46,31,59.74,-5.07,-22.61,12.48,-3.902,0.56,25
"[-199,-150]",HR≥-/EDG≥5.0/CV≤0.6/μ≥-/TP≥55,59.74,5.0,0.6,,55.0,77,77,46,31,59.74,-5.07,-22.61,12.48,-3.902,0.56,25
"[-199,-150]",HR≥-/EDG≥5.0/CV≤0.6/μ≥-/TP≥60,62.79,5.0,0.6,,60.0,43,43,27,16,62.79,-2.2,-24.99,20.58,-0.947,0.55,20
"[-199,-150]",HR≥-/EDG≥5.0/CV≤0.6/μ≥0.0/TP≥-,59.74,5.0,0.6,0.0,,77,77,46,31,59.74,-5.07,-22.61,12.48,-3.902,0.56,25
"[-199,-150]",HR≥-/EDG≥5.0/CV≤0.6/μ≥0.0/TP≥50,59.74,5.0,0.6,0.0,50.0,77,77,46,31,59.74,-5.07,-22.61,12.48,-3.902,0.56,25
"[-199,-150]",HR≥-/EDG≥5.0/CV≤0.6/μ≥0.0/TP≥55,59.74,5.0,0.6,0.0,55.0,77,77,46,31,59.74,-5.07,-22.61,12.48,-3.902,0.56,25
"[-199,-150]",HR≥-/EDG≥5.0/CV≤0.6/μ≥0.0/TP≥60,62.79,5.0,0.6,0.0,60.0,43,43,27,16,62.79,-2.2,-24.99,20.58,-0.947,0.55,20
"[-199,-150]",HR≥-/EDG≥5.0/CV≤0.6/μ≥0.5/TP≥-,59.74,5.0,0.6,0.5,,77,77,46,31,59.74,-5.07,-22.61,12.48,-3.902,0.56,25
"[-199,-150]",HR≥-/EDG≥5.0/CV≤0.6/μ≥0.5/TP≥50,59.74,5.0,0.6,0.5,50.0,77,77,46,31,59.74,-5.07,-22.61,12.48,-3.902,0.56,25
"[-199,-150]",HR≥-/EDG≥5.0/CV≤0.6/μ≥0.5/TP≥55,59.74,5.0,0.6,0.5,55.0,77,77,46,31,59.74,-5.07,-22.61,12.48,-3.902,0.56,25
"[-199,-150]",HR≥-/EDG≥5.0/CV≤0.6/μ≥0.5/TP≥60,62.79,5.0,0.6,0.5,60.0,43,43,27,16,62.79,-2.2,-24.99,20.58,-0.947,0.55,20
"[-199,-150]",HR≥-/EDG≥5.0/CV≤0.6/μ≥1.0/TP≥-,58.67,5.0,0.6,1.0,,75,75,44,31,58.67,-6.95,-24.77,10.87,-5.214,0.56,25
"[-199,-150]",HR≥-/EDG≥5.0/CV≤0.6/μ≥1.0/TP≥50,58.67,5.0,0.6,1.0,50.0,75,75,44,31,58.67,-6.95,-24.77,10.87,-5.214,0.56,25
"[-199,-150]",HR≥-/EDG≥5.0/CV≤0.6/μ≥1.0/TP≥55,58.67,5.0,0.6,1.0,55.0,75,75,44,31,58.67,-6.95,-24.77,10.87,-5.214,0.56,25
"[-199,-150]",HR≥-/EDG≥5.0/CV≤0.6/μ≥1.0/TP≥60,62.79,5.0,0.6,1.0,60.0,43,43,27,16,62.79,-2.2,-24.99,20.58,-0.947,0.55,20
"[-199,-150]",HR≥-/EDG≥5.0/CV≤0.5/μ≥-/TP≥-,53.23,5.0,0.5,,,62,62,33,29,53.23,-15.21,-35.18,4.76,-9.431,0.4,25
"[-199,-150]",HR≥-/EDG≥5.0/CV≤0.5/μ≥-/TP≥50,53.23,5.0,0.5,,50.0,62,62,33,29,53.23,-15.21,-35.18,4.76,-9.431,0.4,25
"[-199,-150]",HR≥-/EDG≥5.0/CV≤0.5/μ≥-/TP≥55,53.23,5.0,0.5,,55.0,62,62,33,29,53.23,-15.21,-35.18,4.76,-9.431,0.4,25
"[-199,-150]",HR≥-/EDG≥5.0/CV≤0.5/μ≥-/TP≥60,54.55,5.0,0.5,,60.0,33,33,18,15,54.55,-15.02,-41.91,11.88,-4.956,0.444,18
"[-199,-150]",HR≥-/EDG≥5.0/CV≤0.5/μ≥0.0/TP≥-,53.23,5.0,0.5,0.0,,62,62,33,29,53.23,-15.21,-35.18,4.76,-9.431,0.4,25
"[-199,-150]",HR≥-/EDG≥5.0/CV≤0.5/μ≥0.0/TP≥50,53.23,5.0,0.5,0.0,50.0,62,62,33,29,53.23,-15.21,-35.18,4.76,-9.431,0.4,25
"[-199,-150]",HR≥-/EDG≥5.0/CV≤0.5/μ≥0.0/TP≥55,53.23,5.0,0.5,0.0,55.0,62,62,33,29,53.23,-15.21,-35.18,4.76,-9.431,0.4,25
"[-199,-150]",HR≥-/EDG≥5.0/CV≤0.5/μ≥0.0/TP≥60,54.55,5.0,0.5,0.0,60.0,33,33,18,15,54.55,-15.02,-41.91,11.88,-4.956,0.444,18
"[-199,-150]",HR≥-/EDG≥5.0/CV≤0.5/μ≥0.5/TP≥-,53.23,5.0,0.5,0.5,,62,62,33,29,53.23,-15.21,-35.18,4.76,-9.431,0.4,25
"[-199,-150]",HR≥-/EDG≥5.0/CV≤0.5/μ≥0.5/TP≥50,53.23,5.0,0.5,0.5,50.0,62,62,33,29,53.23,-15.21,-35.18,4.76,-9.431,0.4,25
"[-199,-150]",HR≥-/EDG≥5.0/CV≤0.5/μ≥0.5/TP≥55,53.23,5.0,0.5,0.5,55.0,62,62,33,29,53.23,-15.21,-35.18,4.76,-9.431,0.4,25
"[-199,-150]",HR≥-/EDG≥5.0/CV≤0.5/μ≥0.5/TP≥60,54.55,5.0,0.5,0.5,60.0,33,33,18,15,54.55,-15.02,-41.91,11.88,-4.956,0.444,18
"[-199,-150]",HR≥-/EDG≥5.0/CV≤0.5/μ≥1.0/TP≥-,52.46,5.0,0.5,1.0,,61,61,32,29,52.46,-16.52,-36.65,3.61,-10.076,0.4,25
"[-199,-150]",HR≥-/EDG≥5.0/CV≤0.5/μ≥1.0/TP≥50,52.46,5.0,0.5,1.0,50.0,61,61,32,29,52.46,-16.52,-36.65,3.61,-10.076,0.4,25
"[-199,-150]",HR≥-/EDG≥5.0/CV≤0.5/μ≥1.0/TP≥55,52.46,5.0,0.5,1.0,55.0,61,61,32,29,52.46,-16.52,-36.65,3.61,-10.076,0.4,25
"[-199,-150]",HR≥-/EDG≥5.0/CV≤0.5/μ≥1.0/TP≥60,54.55,5.0,0.5,1.0,60.0,33,33,18,15,54.55,-15.02,-41.91,11.88,-4.956,0.444,18
"[-199,-150]",HR≥-/EDG≥5.0/CV≤0.45/μ≥-/TP≥-,53.7,5.0,0.45,,,54,54,29,25,53.7,-14.41,-35.83,7.01,-7.782,0.44,25
"[-199,-150]",HR≥-/EDG≥5.0/CV≤0.45/μ≥-/TP≥50,53.7,5.0,0.45,,50.0,54,54,29,25,53.7,-14.41,-35.83,7.01,-7.782,0.44,25
"[-199,-150]",HR≥-/EDG≥5.0/CV≤0.45/μ≥-/TP≥55,53.7,5.0,0.45,,55.0,54,54,29,25,53.7,-14.41,-35.83,7.01,-7.782,0.44,25
"[-199,-150]",HR≥-/EDG≥5.0/CV≤0.45/μ≥0.0/TP≥-,53.7,5.0,0.45,0.0,,54,54,29,25,53.7,-14.41,-35.83,7.01,-7.782,0.44,25
"[-199,-150]",HR≥-/EDG≥5.0/CV≤0.45/μ≥0.0/TP≥50,53.7,5.0,0.45,0.0,50.0,54,54,29,25,53.7,-14.41,-35.83,7.01,-7.782,0.44,25
"[-199,-150]",HR≥-/EDG≥5.0/CV≤0.45/μ≥0.0/TP≥55,53.7,5.0,0.45,0.0,55.0,54,54,29,25,53.7,-14.41,-35.83,7.01,-7.782,0.44,25
"[-199,-150]",HR≥-/EDG≥5.0/CV≤0.45/μ≥0.5/TP≥-,53.7,5.0,0.45,0.5,,54,54,29,25,53.7,-14.41,-35.83,7.01,-7.782,0.44,25
"[-199,-150]",HR≥-/EDG≥5.0/CV≤0.45/μ≥0.5/TP≥50,53.7,5.0,0.45,0.5,50.0,54,54,29,25,53.7,-14.41,-35.83,7.01,-7.782,0.44,25
"[-199,-150]",HR≥-/EDG≥5.0/CV≤0.45/μ≥0.5/TP≥55,53.7,5.0,0.45,0.5,55.0,54,54,29,25,53.7,-14.41,-35.83,7.01,-7.782,0.44,25
"[-199,-150]",HR≥-/EDG≥5.0/CV≤0.45/μ≥1.0/TP≥-,52.83,5.0,0.45,1.0,,53,53,28,25,52.83,-15.9,-37.53,5.72,-8.428,0.44,25
"[-199,-150]",HR≥-/EDG≥5.0/CV≤0.45/μ≥1.0/TP≥50,52.83,5.0,0.45,1.0,50.0,53,53,28,25,52.83,-15.9,-37.53,5.72,-8.428,0.44,25
"[-199,-150]",HR≥-/EDG≥5.0/CV≤0.45/μ≥1.0/TP≥55,52.83,5.0,0.45,1.0,55.0,53,53,28,25,52.83,-15.9,-37.53,5.72,-8.428,0.44,25
"[-199,-150]",HR≥-/EDG≥5.0/CV≤0.4/μ≥-/TP≥-,54.05,5.0,0.4,,,37,37,20,17,54.05,-13.48,-39.57,12.61,-4.988,0.429,21
"[-199,-150]",HR≥-/EDG≥5.0/CV≤0.4/μ≥-/TP≥50,54.05,5.0,0.4,,50.0,37,37,20,17,54.05,-13.48,-39.57,12.61,-4.988,0.429,21
"[-199,-150]",HR≥-/EDG≥5.0/CV≤0.4/μ≥-/TP≥55,54.05,5.0,0.4,,55.0,37,37,20,17,54.05,-13.48,-39.57,12.61,-4.988,0.429,21
"[-199,-150]",HR≥-/EDG≥5.0/CV≤0.4/μ≥0.0/TP≥-,54.05,5.0,0.4,0.0,,37,37,20,17,54.05,-13.48,-39.57,12.61,-4.988,0.429,21
"[-199,-150]",HR≥-/EDG≥5.0/CV≤0.4/μ≥0.0/TP≥50,54.05,5.0,0.4,0.0,50.0,37,37,20,17,54.05,-13.48,-39.57,12.61,-4.988,0.429,21
"[-199,-150]",HR≥-/EDG≥5.0/CV≤0.4/μ≥0.0/TP≥55,54.05,5.0,0.4,0.0,55.0,37,37,20,17,54.05,-13.48,-39.57,12.61,-4.988,0.429,21
"[-199,-150]",HR≥-/EDG≥5.0/CV≤0.4/μ≥0.5/TP≥-,54.05,5.0,0.4,0.5,,37,37,20,17,54.05,-13.48,-39.57,12.61,-4.988,0.429,21
"[-199,-150]",HR≥-/EDG≥5.0/CV≤0.4/μ≥0.5/TP≥50,54.05,5.0,0.4,0.5,50.0,37,37,20,17,54.05,-13.48,-39.57,12.61,-4.988,0.429,21
"[-199,-150]",HR≥-/EDG≥5.0/CV≤0.4/μ≥0.5/TP≥55,54.05,5.0,0.4,0.5,55.0,37,37,20,17,54.05,-13.48,-39.57,12.61,-4.988,0.429,21
"[-199,-150]",HR≥-/EDG≥5.0/CV≤0.4/μ≥1.0/TP≥-,52.78,5.0,0.4,1.0,,36,36,19,17,52.78,-15.65,-42.12,10.82,-5.633,0.429,21
"[-199,-150]",HR≥-/EDG≥5.0/CV≤0.4/μ≥1.0/TP≥50,52.78,5.0,0.4,1.0,50.0,36,36,19,17,52.78,-15.65,-42.12,10.82,-5.633,0.429,21
"[-199,-150]",HR≥-/EDG≥5.0/CV≤0.4/μ≥1.0/TP≥55,52.78,5.0,0.4,1.0,55.0,36,36,19,17,52.78,-15.65,-42.12,10.82,-5.633,0.429,21
"[-199,-150]",HR≥-/EDG≥10.0/CV≤-/μ≥-/TP≥-,61.25,10.0,,,,80,80,49,31,61.25,-2.34,-19.5,14.81,-1.876,0.556,27
"[-199,-150]",HR≥-/EDG≥10.0/CV≤-/μ≥-/TP≥50,61.25,10.0,,,50.0,80,80,49,31,61.25,-2.34,-19.5,14.81,-1.876,0.556,27
"[-199,-150]",HR≥-/EDG≥10.0/CV≤-/μ≥-/TP≥55,61.25,10.0,,,55.0,80,80,49,31,61.25,-2.34,-19.5,14.81,-1.876,0.556,27
"[-199,-150]",HR≥-/EDG≥10.0/CV≤-/μ≥-/TP≥60,62.5,10.0,,,60.0,40,40,25,15,62.5,-2.67,-26.34,21.0,-1.068,0.632,19
"[-199,-150]",HR≥-/EDG≥10.0/CV≤-/μ≥0.0/TP≥-,61.25,10.0,,0.0,,80,80,49,31,61.25,-2.34,-19.5,14.81,-1.876,0.556,27
"[-199,-150]",HR≥-/EDG≥10.0/CV≤-/μ≥0.0/TP≥50,61.25,10.0,,0.0,50.0,80,80,49,31,61.25,-2.34,-19.5,14.81,-1.876,0.556,27
"[-199,-150]",HR≥-/EDG≥10.0/CV≤-/μ≥0.0/TP≥55,61.25,10.0,,0.0,55.0,80,80,49,31,61.25,-2.34,-19.5,14.81,-1.876,0.556,27
"[-199,-150]",HR≥-/EDG≥10.0/CV≤-/μ≥0.0/TP≥60,62.5,10.0,,0.0,60.0,40,40,25,15,62.5,-2.67,-26.34,21.0,-1.068,0.632,19
"[-199,-150]",HR≥-/EDG≥10.0/CV≤-/μ≥0.5/TP≥-,61.25,10.0,,0.5,,80,80,49,31,61.25,-2.34,-19.5,14.81,-1.876,0.556,27
"[-199,-150]",HR≥-/EDG≥10.0/CV≤-/μ≥0.5/TP≥50,61.25,10.0,,0.5,50.0,80,80,49,31,61.25,-2.34,-19.5,14.81,-1.876,0.556,27
"[-199,-150]",HR≥-/EDG≥10.0/CV≤-/μ≥0.5/TP≥55,61.25,10.0,,0.5,55.0,80,80,49,31,61.25,-2.34,-19.5,14.81,-1.876,0.556,27
"[-199,-150]",HR≥-/EDG≥10.0/CV≤-/μ≥0.5/TP≥60,62.5,10.0,,0.5,60.0,40,40,25,15,62.5,-2.67,-26.34,21.0,-1.068,0.632,19
"[-199,-150]",HR≥-/EDG≥10.0/CV≤-/μ≥1.0/TP≥-,61.25,10.0,,1.0,,80,80,49,31,61.25,-2.34,-19.5,14.81,-1.876,0.556,27
"[-199,-150]",HR≥-/EDG≥10.0/CV≤-/μ≥1.0/TP≥50,61.25,10.0,,1.0,50.0,80,80,49,31,61.25,-2.34,-19.5,14.81,-1.876,0.556,27
"[-199,-150]",HR≥-/EDG≥10.0/CV≤-/μ≥1.0/TP≥55,61.25,10.0,,1.0,55.0,80,80,49,31,61.25,-2.34,-19.5,14.81,-1.876,0.556,27
"[-199,-150]",HR≥-/EDG≥10.0/CV≤-/μ≥1.0/TP≥60,62.5,10.0,,1.0,60.0,40,40,25,15,62.5,-2.67,-26.34,21.0,-1.068,0.632,19
"[-199,-150]",HR≥-/EDG≥10.0/CV≤0.7/μ≥-/TP≥-,62.34,10.0,0.7,,,77,77,48,29,62.34,-0.68,-18.06,16.7,-0.525,0.519,27
"[-199,-150]",HR≥-/EDG≥10.0/CV≤0.7/μ≥-/TP≥50,62.34,10.0,0.7,,50.0,77,77,48,29,62.34,-0.68,-18.06,16.7,-0.525,0.519,27
"[-199,-150]",HR≥-/EDG≥10.0/CV≤0.7/μ≥-/TP≥55,62.34,10.0,0.7,,55.0,77,77,48,29,62.34,-0.68,-18.06,16.7,-0.525,0.519,27
"[-199,-150]",HR≥-/EDG≥10.0/CV≤0.7/μ≥-/TP≥60,65.79,10.0,0.7,,60.0,38,38,25,13,65.79,2.45,-21.37,26.27,0.932,0.632,19
"[-199,-150]",HR≥-/EDG≥10.0/CV≤0.7/μ≥0.0/TP≥-,62.34,10.0,0.7,0.0,,77,77,48,29,62.34,-0.68,-18.06,16.7,-0.525,0.519,27
"[-199,-150]",HR≥-/EDG≥10.0/CV≤0.7/μ≥0.0/TP≥50,62.34,10.0,0.7,0.0,50.0,77,77,48,29,62.34,-0.68,-18.06,16.7,-0.525,0.519,27
"[-199,-150]",HR≥-/EDG≥10.0/CV≤0.7/μ≥0.0/TP≥55,62.34,10.0,0.7,0.0,55.0,77,77,48,29,62.34,-0.68,-18.06,16.7,-0.525,0.519,27
"[-199,-150]",HR≥-/EDG≥10.0/CV≤0.7/μ≥0.0/TP≥60,65.79,10.0,0.7,0.0,60.0,38,38,25,13,65.79,2.45,-21.37,26.27,0.932,0.632,19
"[-199,-150]",HR≥-/EDG≥10.0/CV≤0.7/μ≥0.5/TP≥-,62.34,10.0,0.7,0.5,,77,77,48,29,62.34,-0.68,-18.06,16.7,-0.525,0.519,27
"[-199,-150]",HR≥-/EDG≥10.0/CV≤0.7/μ≥0.5/TP≥50,62.34,10.0,0.7,0.5,50.0,77,77,48,29,62.34,-0.68,-18.06,16.7,-0.525,0.519,27
"[-199,-150]",HR≥-/EDG≥10.0/CV≤0.7/μ≥0.5/TP≥55,62.34,10.0,0.7,0.5,55.0,77,77,48,29,62.34,-0.68,-18.06,16.7,-0.525,0.519,27
"[-199,-150]",HR≥-/EDG≥10.0/CV≤0.7/μ≥0.5/TP≥60,65.79,10.0,0.7,0.5,60.0,38,38,25,13,65.79,2.45,-21.37,26.27,0.932,0.632,19
"[-199,-150]",HR≥-/EDG≥10.0/CV≤0.7/μ≥1.0/TP≥-,62.34,10.0,0.7,1.0,,77,77,48,29,62.34,-0.68,-18.06,16.7,-0.525,0.519,27
"[-199,-150]",HR≥-/EDG≥10.0/CV≤0.7/μ≥1.0/TP≥50,62.34,10.0,0.7,1.0,50.0,77,77,48,29,62.34,-0.68,-18.06,16.7,-0.525,0.519,27
"[-199,-150]",HR≥-/EDG≥10.0/CV≤0.7/μ≥1.0/TP≥55,62.34,10.0,0.7,1.0,55.0,77,77,48,29,62.34,-0.68,-18.06,16.7,-0.525,0.519,27
"[-199,-150]",HR≥-/EDG≥10.0/CV≤0.7/μ≥1.0/TP≥60,65.79,10.0,0.7,1.0,60.0,38,38,25,13,65.79,2.45,-21.37,26.27,0.932,0.632,19
"[-199,-150]",HR≥-/EDG≥10.0/CV≤0.6/μ≥-/TP≥-,62.12,10.0,0.6,,,66,66,41,25,62.12,-1.37,-20.12,17.37,-0.906,0.56,25
"[-199,-150]",HR≥-/EDG≥10.0/CV≤0.6/μ≥-/TP≥50,62.12,10.0,0.6,,50.0,66,66,41,25,62.12,-1.37,-20.12,17.37,-0.906,0.56,25
"[-199,-150]",HR≥-/EDG≥10.0/CV≤0.6/μ≥-/TP≥55,62.12,10.0,0.6,,55.0,66,66,41,25,62.12,-1.37,-20.12,17.37,-0.906,0.56,25
"[-199,-150]",HR≥-/EDG≥10.0/CV≤0.6/μ≥-/TP≥60,66.67,10.0,0.6,,60.0,36,36,24,12,66.67,3.78,-20.55,28.11,1.36,0.632,19
"[-199,-150]",HR≥-/EDG≥10.0/CV≤0.6/μ≥0.0/TP≥-,62.12,10.0,0.6,0.0,,66,66,41,25,62.12,-1.37,-20.12,17.37,-0.906,0.56,25
"[-199,-150]",HR≥-/EDG≥10.0/CV≤0.6/μ≥0.0/TP≥50,62.12,10.0,0.6,0.0,50.0,66,66,41,25,62.12,-1.37,-20.12,17.37,-0.906,0.56,25
"[-199,-150]",HR≥-/EDG≥10.0/CV≤0.6/μ≥0.0/TP≥55,62.12,10.0,0.6,0.0,55.0,66,66,41,25,62.12,-1.37,-20.12,17.37,-0.906,0.56,25
"[-199,-150]",HR≥-/EDG≥10.0/CV≤0.6/μ≥0.0/TP≥60,66.67,10.0,0.6,0.0,60.0,36,36,24,12,66.67,3.78,-20.55,28.11,1.36,0.632,19
"[-199,-150]",HR≥-/EDG≥10.0/CV≤0.6/μ≥0.5/TP≥-,62.12,10.0,0.6,0.5,,66,66,41,25,62.12,-1.37,-20.12,17.37,-0.906,0.56,25
"[-199,-150]",HR≥-/EDG≥10.0/CV≤0.6/μ≥0.5/TP≥50,62.12,10.0,0.6,0.5,50.0,66,66,41,25,62.12,-1.37,-20.12,17.37,-0.906,0.56,25
"[-199,-150]",HR≥-/EDG≥10.0/CV≤0.6/μ≥0.5/TP≥55,62.12,10.0,0.6,0.5,55.0,66,66,41,25,62.12,-1.37,-20.12,17.37,-0.906,0.56,25
"[-199,-150]",HR≥-/EDG≥10.0/CV≤0.6/μ≥0.5/TP≥60,66.67,10.0,0.6,0.5,60.0,36,36,24,12,66.67,3.78,-20.55,28.11,1.36,0.632,19
"[-199,-150]",HR≥-/EDG≥10.0/CV≤0.6/μ≥1.0/TP≥-,62.12,10.0,0.6,1.0,,66,66,41,25,62.12,-1.37,-20.12,17.37,-0.906,0.56,25
"[-199,-150]",HR≥-/EDG≥10.0/CV≤0.6/μ≥1.0/TP≥50,62.12,10.0,0.6,1.0,50.0,66,66,41,25,62.12,-1.37,-20.12,17.37,-0.906,0.56,25
"[-199,-150]",HR≥-/EDG≥10.0/CV≤0.6/μ≥1.0/TP≥55,62.12,10.0,0.6,1.0,55.0,66,66,41,25,62.12,-1.37,-20.12,17.37,-0.906,0.56,25
"[-199,-150]",HR≥-/EDG≥10.0/CV≤0.6/μ≥1.0/TP≥60,66.67,10.0,0.6,1.0,60.0,36,36,24,12,66.67,3.78,-20.55,28.11,1.36,0.632,19
"[-199,-150]",HR≥-/EDG≥10.0/CV≤0.5/μ≥-/TP≥-,55.56,10.0,0.5,,,54,54,30,24,55.56,-11.57,-32.89,9.75,-6.248,0.52,25
"[-199,-150]",HR≥-/EDG≥10.0/CV≤0.5/μ≥-/TP≥50,55.56,10.0,0.5,,50.0,54,54,30,24,55.56,-11.57,-32.89,9.75,-6.248,0.52,25
"[-199,-150]",HR≥-/EDG≥10.0/CV≤0.5/μ≥-/TP≥55,55.56,10.0,0.5,,55.0,54,54,30,24,55.56,-11.57,-32.89,9.75,-6.248,0.52,25
"[-199,-150]",HR≥-/EDG≥10.0/CV≤0.5/μ≥0.0/TP≥-,55.56,10.0,0.5,0.0,,54,54,30,24,55.56,-11.57,-32.89,9.75,-6.248,0.52,25
"[-199,-150]",HR≥-/EDG≥10.0/CV≤0.5/μ≥0.0/TP≥50,55.56,10.0,0.5,0.0,50.0,54,54,30,24,55.56,-11.57,-32.89,9.75,-6.248,0.52,25
"[-199,-150]",HR≥-/EDG≥10.0/CV≤0.5/μ≥0.0/TP≥55,55.56,10.0,0.5,0.0,55.0,54,54,30,24,55.56,-11.57,-32.89,9.75,-6.248,0.52,25
"[-199,-150]",HR≥-/EDG≥10.0/CV≤0.5/μ≥0.5/TP≥-,55.56,10.0,0.5,0.5,,54,54,30,24,55.56,-11.57,-32.89,9.75,-6.248,0.52,25
"[-199,-150]",HR≥-/EDG≥10.0/CV≤0.5/μ≥0.5/TP≥50,55.56,10.0,0.5,0.5,50.0,54,54,30,24,55.56,-11.57,-32.89,9.75,-6.248,0.52,25
"[-199,-150]",HR≥-/EDG≥10.0/CV≤0.5/μ≥0.5/TP≥55,55.56,10.0,0.5,0.5,55.0,54,54,30,24,55.56,-11.57,-32.89,9.75,-6.248,0.52,25
"[-199,-150]",HR≥-/EDG≥10.0/CV≤0.5/μ≥1.0/TP≥-,55.56,10.0,0.5,1.0,,54,54,30,24,55.56,-11.57,-32.89,9.75,-6.248,0.52,25
"[-199,-150]",HR≥-/EDG≥10.0/CV≤0.5/μ≥1.0/TP≥50,55.56,10.0,0.5,1.0,50.0,54,54,30,24,55.56,-11.57,-32.89,9.75,-6.248,0.52,25
"[-199,-150]",HR≥-/EDG≥10.0/CV≤0.5/μ≥1.0/TP≥55,55.56,10.0,0.5,1.0,55.0,54,54,30,24,55.56,-11.57,-32.89,9.75,-6.248,0.52,25
"[-199,-150]",HR≥-/EDG≥10.0/CV≤0.45/μ≥-/TP≥-,55.32,10.0,0.45,,,47,47,26,21,55.32,-11.91,-34.82,10.99,-5.599,0.52,25
"[-199,-150]",HR≥-/EDG≥10.0/CV≤0.45/μ≥-/TP≥50,55.32,10.0,0.45,,50.0,47,47,26,21,55.32,-11.91,-34.82,10.99,-5.599,0.52,25
"[-199,-150]",HR≥-/EDG≥10.0/CV≤0.45/μ≥-/TP≥55,55.32,10.0,0.45,,55.0,47,47,26,21,55.32,-11.91,-34.82,10.99,-5.599,0.52,25
"[-199,-150]",HR≥-/EDG≥10.0/CV≤0.45/μ≥0.0/TP≥-,55.32,10.0,0.45,0.0,,47,47,26,21,55.32,-11.91,-34.82,10.99,-5.599,0.52,25
"[-199,-150]",HR≥-/EDG≥10.0/CV≤0.45/μ≥0.0/TP≥50,55.32,10.0,0.45,0.0,50.0,47,47,26,21,55.32,-11.91,-34.82,10.99,-5.599,0.52,25
"[-199,-150]",HR≥-/EDG≥10.0/CV≤0.45/μ≥0.0/TP≥55,55.32,10.0,0.45,0.0,55.0,47,47,26,21,55.32,-11.91,-34.82,10.99,-5.599,0.52,25
"[-199,-150]",HR≥-/EDG≥10.0/CV≤0.45/μ≥0.5/TP≥-,55.32,10.0,0.45,0.5,,47,47,26,21,55.32,-11.91,-34.82,10.99,-5.599,0.52,25
"[-199,-150]",HR≥-/EDG≥10.0/CV≤0.45/μ≥0.5/TP≥50,55.32,10.0,0.45,0.5,50.0,47,47,26,21,55.32,-11.91,-34.82,10.99,-5.599,0.52,25
"[-199,-150]",HR≥-/EDG≥10.0/CV≤0.45/μ≥0.5/TP≥55,55.32,10.0,0.45,0.5,55.0,47,47,26,21,55.32,-11.91,-34.82,10.99,-5.599,0.52,25
"[-199,-150]",HR≥-/EDG≥10.0/CV≤0.45/μ≥1.0/TP≥-,55.32,10.0,0.45,1.0,,47,47,26,21,55.32,-11.91,-34.82,10.99,-5.599,0.52,25
"[-199,-150]",HR≥-/EDG≥10.0/CV≤0.45/μ≥1.0/TP≥50,55.32,10.0,0.45,1.0,50.0,47,47,26,21,55.32,-11.91,-34.82,10.99,-5.599,0.52,25
"[-199,-150]",HR≥-/EDG≥10.0/CV≤0.45/μ≥1.0/TP≥55,55.32,10.0,0.45,1.0,55.0,47,47,26,21,55.32,-11.91,-34.82,10.99,-5.599,0.52,25
"[-199,-150]",HR≥-/EDG≥10.0/CV≤0.4/μ≥-/TP≥-,58.06,10.0,0.4,,,31,31,18,13,58.06,-7.35,-35.57,20.87,-2.278,0.45,20
"[-199,-150]",HR≥-/EDG≥10.0/CV≤0.4/μ≥-/TP≥50,58.06,10.0,0.4,,50.0,31,31,18,13,58.06,-7.35,-35.57,20.87,-2.278,0.45,20
"[-199,-150]",HR≥-/EDG≥10.0/CV≤0.4/μ≥-/TP≥55,58.06,10.0,0.4,,55.0,31,31,18,13,58.06,-7.35,-35.57,20.87,-2.278,0.45,20
"[-199,-150]",HR≥-/EDG≥10.0/CV≤0.4/μ≥0.0/TP≥-,58.06,10.0,0.4,0.0,,31,31,18,13,58.06,-7.35,-35.57,20.87,-2.278,0.45,20
"[-199,-150]",HR≥-/EDG≥10.0/CV≤0.4/μ≥0.0/TP≥50,58.06,10.0,0.4,0.0,50.0,31,31,18,13,58.06,-7.35,-35.57,20.87,-2.278,0.45,20
"[-199,-150]",HR≥-/EDG≥10.0/CV≤0.4/μ≥0.0/TP≥55,58.06,10.0,0.4,0.0,55.0,31,31,18,13,58.06,-7.35,-35.57,20.87,-2.278,0.45,20
"[-199,-150]",HR≥-/EDG≥10.0/CV≤0.4/μ≥0.5/TP≥-,58.06,10.0,0.4,0.5,,31,31,18,13,58.06,-7.35,-35.57,20.87,-2.278,0.45,20
"[-199,-150]",HR≥-/EDG≥10.0/CV≤0.4/μ≥0.5/TP≥50,58.06,10.0,0.4,0.5,50.0,31,31,18,13,58.06,-7.35,-35.57,20.87,-2.278,0.45,20
"[-199,-150]",HR≥-/EDG≥10.0/CV≤0.4/μ≥0.5/TP≥55,58.06,10.0,0.4,0.5,55.0,31,31,18,13,58.06,-7.35,-35.57,20.87,-2.278,0.45,20
"[-199,-150]",HR≥-/EDG≥10.0/CV≤0.4/μ≥1.0/TP≥-,58.06,10.0,0.4,1.0,,31,31,18,13,58.06,-7.35,-35.57,20.87,-2.278,0.45,20
"[-199,-150]",HR≥-/EDG≥10.0/CV≤0.4/μ≥1.0/TP≥50,58.06,10.0,0.4,1.0,50.0,31,31,18,13,58.06,-7.35,-35.57,20.87,-2.278,0.45,20
"[-199,-150]",HR≥-/EDG≥10.0/CV≤0.4/μ≥1.0/TP≥55,58.06,10.0,0.4,1.0,55.0,31,31,18,13,58.06,-7.35,-35.57,20.87,-2.278,0.45,20
"[-199,-150]",HR≥45/EDG≥-/CV≤-/μ≥-/TP≥-,58.62,,,,,146,145,85,60,58.62,-6.87,-19.66,5.93,-9.959,0.464,28
"[-199,-150]",HR≥45/EDG≥-/CV≤-/μ≥-/TP≥50,58.99,,,,50.0,140,139,82,57,58.99,-6.33,-19.38,6.72,-8.799,0.429,28
"[-199,-150]",HR≥45/EDG≥-/CV≤-/μ≥-/TP≥55,59.7,,,,55.0,135,134,80,54,59.7,-5.23,-18.48,8.02,-7.005,0.429,28
"[-199,-150]",HR≥45/EDG≥-/CV≤-/μ≥-/TP≥60,62.32,,,,60.0,69,69,43,26,62.32,-3.34,-21.21,14.53,-2.304,0.5,26
"[-199,-150]",HR≥45/EDG≥-/CV≤-/μ≥-/TP≥65,60.61,,,,65.0,33,33,20,13,60.61,-6.2,-32.41,20.02,-2.046,0.467,15
"[-199,-150]",HR≥45/EDG≥-/CV≤-/μ≥0.0/TP≥-,60.32,,,0.0,,127,126,76,50,60.32,-4.32,-17.94,9.3,-5.445,0.464,28
"[-199,-150]",HR≥45/EDG≥-/CV≤-/μ≥0.0/TP≥50,60.32,,,0.0,50.0,127,126,76,50,60.32,-4.32,-17.94,9.3,-5.445,0.464,28
"[-199,-150]",HR≥45/EDG≥-/CV≤-/μ≥0.0/TP≥55,60.66,,,0.0,55.0,123,122,74,48,60.66,-3.81,-17.63,10.01,-4.651,0.464,28
"[-199,-150]",HR≥45/EDG≥-/CV≤-/μ≥0.0/TP≥60,62.12,,,0.0,60.0,66,66,41,25,62.12,-3.62,-21.92,14.69,-2.386,0.5,26
"[-199,-150]",HR≥45/EDG≥-/CV≤-/μ≥0.0/TP≥65,60.61,,,0.0,65.0,33,33,20,13,60.61,-6.2,-32.41,20.02,-2.046,0.467,15
"[-199,-150]",HR≥45/EDG≥-/CV≤-/μ≥0.5/TP≥-,60.75,,,0.5,,108,107,65,42,60.75,-3.62,-18.39,11.15,-3.874,0.481,27
"[-199,-150]",HR≥45/EDG≥-/CV≤-/μ≥0.5/TP≥50,60.75,,,0.5,50.0,108,107,65,42,60.75,-3.62,-18.39,11.15,-3.874,0.481,27
"[-199,-150]",HR≥45/EDG≥-/CV≤-/μ≥0.5/TP≥55,60.75,,,0.5,55.0,108,107,65,42,60.75,-3.62,-18.39,11.15,-3.874,0.481,27
"[-199,-150]",HR≥45/EDG≥-/CV≤-/μ≥0.5/TP≥60,61.67,,,0.5,60.0,60,60,37,23,61.67,-4.29,-23.56,14.98,-2.575,0.542,24
"[-199,-150]",HR≥45/EDG≥-/CV≤-/μ≥0.5/TP≥65,60.61,,,0.5,65.0,33,33,20,13,60.61,-6.2,-32.41,20.02,-2.046,0.467,15
"[-199,-150]",HR≥45/EDG≥-/CV≤-/μ≥1.0/TP≥-,61.96,,,1.0,,92,92,57,35,61.96,-1.76,-17.6,14.08,-1.621,0.481,27
"[-199,-150]",HR≥45/EDG≥-/CV≤-/μ≥1.0/TP≥50,61.96,,,1.0,50.0,92,92,57,35,61.96,-1.76,-17.6,14.08,-1.621,0.481,27
"[-199,-150]",HR≥45/EDG≥-/CV≤-/μ≥1.0/TP≥55,61.96,,,1.0,55.0,92,92,57,35,61.96,-1.76,-17.6,14.08,-1.621,0.481,27
"[-199,-150]",HR≥45/EDG≥-/CV≤-/μ≥1.0/TP≥60,62.96,,,1.0,60.0,54,54,34,20,62.96,-2.22,-22.42,17.99,-1.197,0.565,23
"[-199,-150]",HR≥45/EDG≥-/CV≤-/μ≥1.0/TP≥65,58.06,,,1.0,65.0,31,31,18,13,58.06,-10.04,-37.41,17.33,-3.113,0.467,15
"[-199,-150]",HR≥45/EDG≥-/CV≤0.7/μ≥-/TP≥-,59.29,,0.7,,,141,140,83,57,59.29,-5.81,-18.8,7.19,-8.129,0.5,28
"[-199,-150]",HR≥45/EDG≥-/CV≤0.7/μ≥-/TP≥50,59.7,,0.7,,50.0,135,134,80,54,59.7,-5.2,-18.45,8.05,-6.969,0.464,28
"[-199,-150]",HR≥45/EDG≥-/CV≤0.7/μ≥-/TP≥55,60.0,,0.7,,55.0,131,130,78,52,60.0,-4.75,-18.19,8.69,-6.175,0.464,28
"[-199,-150]",HR≥45/EDG≥-/CV≤0.7/μ≥-/TP≥60,62.69,,0.7,,60.0,67,67,42,25,62.69,-2.72,-20.84,15.39,-1.825,0.5,26
"[-199,-150]",HR≥45/EDG≥-/CV≤0.7/μ≥-/TP≥65,60.61,,0.7,,65.0,33,33,20,13,60.61,-6.2,-32.41,20.02,-2.046,0.467,15
"[-199,-150]",HR≥45/EDG≥-/CV≤0.7/μ≥0.0/TP≥-,60.66,,0.7,0.0,,123,122,74,48,60.66,-3.78,-17.61,10.04,-4.615,0.464,28
"[-199,-150]",HR≥45/EDG≥-/CV≤0.7/μ≥0.0/TP≥50,60.66,,0.7,0.0,50.0,123,122,74,48,60.66,-3.78,-17.61,10.04,-4.615,0.464,28
"[-199,-150]",HR≥45/EDG≥-/CV≤0.7/μ≥0.0/TP≥55,60.5,,0.7,0.0,55.0,120,119,72,47,60.5,-4.05,-18.06,9.95,-4.822,0.464,28
"[-199,-150]",HR≥45/EDG≥-/CV≤0.7/μ≥0.0/TP≥60,62.5,,0.7,0.0,60.0,64,64,40,24,62.5,-2.98,-21.55,15.59,-1.907,0.538,26
"[-199,-150]",HR≥45/EDG≥-/CV≤0.7/μ≥0.0/TP≥65,60.61,,0.7,0.0,65.0,33,33,20,13,60.61,-6.2,-32.41,20.02,-2.046,0.467,15
"[-199,-150]",HR≥45/EDG≥-/CV≤0.7/μ≥0.5/TP≥-,60.58,,0.7,0.5,,105,104,63,41,60.58,-3.89,-18.88,11.11,-4.044,0.519,27
"[-199,-150]",HR≥45/EDG≥-/CV≤0.7/μ≥0.5/TP≥50,60.58,,0.7,0.5,50.0,105,104,63,41,60.58,-3.89,-18.88,11.11,-4.044,0.519,27
"[-199,-150]",HR≥45/EDG≥-/CV≤0.7/μ≥0.5/TP≥55,60.58,,0.7,0.5,55.0,105,104,63,41,60.58,-3.89,-18.88,11.11,-4.044,0.519,27
"[-199,-150]",HR≥45/EDG≥-/CV≤0.7/μ≥0.5/TP≥60,62.07,,0.7,0.5,60.0,58,58,36,22,62.07,-3.61,-23.19,15.96,-2.095,0.583,24
"[-199,-150]",HR≥45/EDG≥-/CV≤0.7/μ≥0.5/TP≥65,60.61,,0.7,0.5,65.0,33,33,20,13,60.61,-6.2,-32.41,20.02,-2.046,0.467,15
"[-199,-150]",HR≥45/EDG≥-/CV≤0.7/μ≥1.0/TP≥-,61.8,,0.7,1.0,,89,89,55,34,61.8,-2.01,-18.13,14.11,-1.791,0.519,27
"[-199,-150]",HR≥45/EDG≥-/CV≤0.7/μ≥1.0/TP≥50,61.8,,0.7,1.0,50.0,89,89,55,34,61.8,-2.01,-18.13,14.11,-1.791,0.519,27
"[-199,-150]",HR≥45/EDG≥-/CV≤0.7/μ≥1.0/TP≥55,61.8,,0.7,1.0,55.0,89,89,55,34,61.8,-2.01,-18.13,14.11,-1.791,0.519,27
"[-199,-150]",HR≥45/EDG≥-/CV≤0.7/μ≥1.0/TP≥60,63.46,,0.7,1.0,60.0,52,52,33,19,63.46,-1.38,-21.93,19.17,-0.718,0.609,23
"[-199,-150]",HR≥45/EDG≥-/CV≤0.7/μ≥1.0/TP≥65,58.06,,0.7,1.0,65.0,31,31,18,13,58.06,-10.04,-37.41,17.33,-3.113,0.467,15
"[-199,-150]",HR≥45/EDG≥-/CV≤0.6/μ≥-/TP≥-,58.68,,0.6,,,122,121,71,50,58.68,-6.85,-20.86,7.15,-8.289,0.464,28
"[-199,-150]",HR≥45/EDG≥-/CV≤0.6/μ≥-/TP≥50,59.13,,0.6,,50.0,116,115,68,47,59.13,-6.2,-20.53,8.14,-7.129,0.5,28
"[-199,-150]",HR≥45/EDG≥-/CV≤0.6/μ≥-/TP≥55,59.46,,0.6,,55.0,112,111,66,45,59.46,-5.71,-20.28,8.86,-6.335,0.5,28
"[-199,-150]",HR≥45/EDG≥-/CV≤0.6/μ≥-/TP≥60,62.71,,0.6,,60.0,59,59,37,22,62.71,-2.74,-22.05,16.57,-1.617,0.48,25
"[-199,-150]",HR≥45/EDG≥-/CV≤0.6/μ≥0.0/TP≥-,59.05,,0.6,0.0,,106,105,62,43,59.05,-6.45,-21.45,8.54,-6.775,0.5,28
"[-199,-150]",HR≥45/EDG≥-/CV≤0.6/μ≥0.0/TP≥50,59.05,,0.6,0.0,50.0,106,105,62,43,59.05,-6.45,-21.45,8.54,-6.775,0.5,28
"[-199,-150]",HR≥45/EDG≥-/CV≤0.6/μ≥0.0/TP≥55,58.82,,0.6,0.0,55.0,103,102,60,42,58.82,-6.84,-22.07,8.38,-6.982,0.5,28
"[-199,-150]",HR≥45/EDG≥-/CV≤0.6/μ≥0.0/TP≥60,62.5,,0.6,0.0,60.0,56,56,35,21,62.5,-3.03,-22.9,16.83,-1.699,0.52,25
"[-199,-150]",HR≥45/EDG≥-/CV≤0.6/μ≥0.5/TP≥-,59.09,,0.6,0.5,,89,88,52,36,59.09,-6.42,-22.8,9.97,-5.646,0.481,27
"[-199,-150]",HR≥45/EDG≥-/CV≤0.6/μ≥0.5/TP≥50,59.09,,0.6,0.5,50.0,89,88,52,36,59.09,-6.42,-22.8,9.97,-5.646,0.481,27
"[-199,-150]",HR≥45/EDG≥-/CV≤0.6/μ≥0.5/TP≥55,59.09,,0.6,0.5,55.0,89,88,52,36,59.09,-6.42,-22.8,9.97,-5.646,0.481,27
"[-199,-150]",HR≥45/EDG≥-/CV≤0.6/μ≥0.5/TP≥60,62.0,,0.6,0.5,60.0,50,50,31,19,62.0,-3.77,-24.88,17.33,-1.887,0.565,23
"[-199,-150]",HR≥45/EDG≥-/CV≤0.6/μ≥1.0/TP≥-,60.81,,0.6,1.0,,74,74,45,29,60.81,-3.83,-21.57,13.9,-2.837,0.538,26
"[-199,-150]",HR≥45/EDG≥-/CV≤0.6/μ≥1.0/TP≥50,60.81,,0.6,1.0,50.0,74,74,45,29,60.81,-3.83,-21.57,13.9,-2.837,0.538,26
"[-199,-150]",HR≥45/EDG≥-/CV≤0.6/μ≥1.0/TP≥55,60.81,,0.6,1.0,55.0,74,74,45,29,60.81,-3.83,-21.57,13.9,-2.837,0.538,26
"[-199,-150]",HR≥45/EDG≥-/CV≤0.6/μ≥1.0/TP≥60,64.44,,0.6,1.0,60.0,45,45,29,16,64.44,0.1,-21.88,22.09,0.046,0.591,22
"[-199,-150]",HR≥45/EDG≥-/CV≤0.5/μ≥-/TP≥-,57.14,,0.5,,,98,98,56,42,57.14,-8.83,-24.56,6.91,-8.651,0.5,28
"[-199,-150]",HR≥45/EDG≥-/CV≤0.5/μ≥-/TP≥50,56.99,,0.5,,50.0,93,93,53,40,56.99,-9.13,-25.28,7.02,-8.49,0.444,27
"[-199,-150]",HR≥45/EDG≥-/CV≤0.5/μ≥-/TP≥55,57.3,,0.5,,55.0,89,89,51,38,57.3,-8.65,-25.15,7.85,-7.696,0.407,27
"[-199,-150]",HR≥45/EDG≥-/CV≤0.5/μ≥-/TP≥60,56.82,,0.5,,60.0,44,44,25,19,56.82,-11.78,-34.78,11.22,-5.184,0.545,22
"[-199,-150]",HR≥45/EDG≥-/CV≤0.5/μ≥0.0/TP≥-,57.14,,0.5,0.0,,84,84,48,36,57.14,-8.96,-25.95,8.02,-7.53,0.5,26
"[-199,-150]",HR≥45/EDG≥-/CV≤0.5/μ≥0.0/TP≥50,57.14,,0.5,0.0,50.0,84,84,48,36,57.14,-8.96,-25.95,8.02,-7.53,0.5,26
"[-199,-150]",HR≥45/EDG≥-/CV≤0.5/μ≥0.0/TP≥55,56.79,,0.5,0.0,55.0,81,81,46,35,56.79,-9.55,-26.86,7.76,-7.737,0.462,26
"[-199,-150]",HR≥45/EDG≥-/CV≤0.5/μ≥0.0/TP≥60,56.1,,0.5,0.0,60.0,41,41,23,18,56.1,-12.84,-36.75,11.06,-5.266,0.545,22
"[-199,-150]",HR≥45/EDG≥-/CV≤0.5/μ≥0.5/TP≥-,57.97,,0.5,0.5,,69,69,40,29,57.97,-7.69,-26.4,11.01,-5.308,0.52,25
"[-199,-150]",HR≥45/EDG≥-/CV≤0.5/μ≥0.5/TP≥50,57.97,,0.5,0.5,50.0,69,69,40,29,57.97,-7.69,-26.4,11.01,-5.308,0.52,25
"[-199,-150]",HR≥45/EDG≥-/CV≤0.5/μ≥0.5/TP≥55,57.97,,0.5,0.5,55.0,69,69,40,29,57.97,-7.69,-26.4,11.01,-5.308,0.52,25
"[-199,-150]",HR≥45/EDG≥-/CV≤0.5/μ≥0.5/TP≥60,56.76,,0.5,0.5,60.0,37,37,21,16,56.76,-11.79,-36.96,13.38,-4.362,0.55,20
"[-199,-150]",HR≥45/EDG≥-/CV≤0.5/μ≥1.0/TP≥-,54.84,,0.5,1.0,,62,62,34,28,54.84,-12.86,-32.73,7.01,-7.973,0.48,25
"[-199,-150]",HR≥45/EDG≥-/CV≤0.5/μ≥1.0/TP≥50,54.84,,0.5,1.0,50.0,62,62,34,28,54.84,-12.86,-32.73,7.01,-7.973,0.48,25
"[-199,-150]",HR≥45/EDG≥-/CV≤0.5/μ≥1.0/TP≥55,54.84,,0.5,1.0,55.0,62,62,34,28,54.84,-12.86,-32.73,7.01,-7.973,0.48,25
"[-199,-150]",HR≥45/EDG≥-/CV≤0.5/μ≥1.0/TP≥60,57.14,,0.5,1.0,60.0,35,35,20,15,57.14,-11.15,-37.03,14.73,-3.903,0.5,20
"[-199,-150]",HR≥45/EDG≥-/CV≤0.45/μ≥-/TP≥-,55.95,,0.45,,,84,84,47,37,55.95,-10.72,-27.79,6.34,-9.007,0.429,28
"[-199,-150]",HR≥45/EDG≥-/CV≤0.45/μ≥-/TP≥50,55.7,,0.45,,50.0,79,79,44,35,55.7,-11.2,-28.8,6.4,-8.847,0.407,27
"[-199,-150]",HR≥45/EDG≥-/CV≤0.45/μ≥-/TP≥55,56.58,,0.45,,55.0,76,76,43,33,56.58,-9.83,-27.73,8.07,-7.472,0.37,27
"[-199,-150]",HR≥45/EDG≥-/CV≤0.45/μ≥-/TP≥60,57.89,,0.45,,60.0,38,38,22,16,57.89,-9.97,-34.72,14.78,-3.789,0.571,21
"[-199,-150]",HR≥45/EDG≥-/CV≤0.45/μ≥0.0/TP≥-,56.34,,0.45,0.0,,71,71,40,31,56.34,-10.23,-28.77,8.31,-7.262,0.462,26
"[-199,-150]",HR≥45/EDG≥-/CV≤0.45/μ≥0.0/TP≥50,56.34,,0.45,0.0,50.0,71,71,40,31,56.34,-10.23,-28.77,8.31,-7.262,0.462,26
"[-199,-150]",HR≥45/EDG≥-/CV≤0.45/μ≥0.0/TP≥55,56.52,,0.45,0.0,55.0,69,69,39,30,56.52,-9.98,-28.77,8.81,-6.887,0.423,26
"[-199,-150]",HR≥45/EDG≥-/CV≤0.45/μ≥0.0/TP≥60,57.14,,0.45,0.0,60.0,35,35,20,15,57.14,-11.06,-36.97,14.84,-3.871,0.571,21
"[-199,-150]",HR≥45/EDG≥-/CV≤0.45/μ≥0.5/TP≥-,56.9,,0.45,0.5,,58,58,33,25,56.9,-9.41,-29.91,11.09,-5.459,0.48,25
"[-199,-150]",HR≥45/EDG≥-/CV≤0.45/μ≥0.5/TP≥50,56.9,,0.45,0.5,50.0,58,58,33,25,56.9,-9.41,-29.91,11.09,-5.459,0.48,25
"[-199,-150]",HR≥45/EDG≥-/CV≤0.45/μ≥0.5/TP≥55,56.9,,0.45,0.5,55.0,58,58,33,25,56.9,-9.41,-29.91,11.09,-5.459,0.48,25
"[-199,-150]",HR≥45/EDG≥-/CV≤0.45/μ≥0.5/TP≥60,58.06,,0.45,0.5,60.0,31,31,18,13,58.06,-9.57,-37.09,17.95,-2.967,0.556,18
"[-199,-150]",HR≥45/EDG≥-/CV≤0.45/μ≥1.0/TP≥-,53.85,,0.45,1.0,,52,52,28,24,53.85,-14.34,-36.13,7.45,-7.457,0.48,25
"[-199,-150]",HR≥45/EDG≥-/CV≤0.45/μ≥1.0/TP≥50,53.85,,0.45,1.0,50.0,52,52,28,24,53.85,-14.34,-36.13,7.45,-7.457,0.48,25
"[-199,-150]",HR≥45/EDG≥-/CV≤0.45/μ≥1.0/TP≥55,53.85,,0.45,1.0,55.0,52,52,28,24,53.85,-14.34,-36.13,7.45,-7.457,0.48,25
"[-199,-150]",HR≥45/EDG≥-/CV≤0.4/μ≥-/TP≥-,53.23,,0.4,,,62,62,33,29,53.23,-14.86,-34.92,5.19,-9.215,0.385,26
"[-199,-150]",HR≥45/EDG≥-/CV≤0.4/μ≥-/TP≥50,52.63,,0.4,,50.0,57,57,30,27,52.63,-15.89,-36.81,5.04,-9.055,0.4,25
"[-199,-150]",HR≥45/EDG≥-/CV≤0.4/μ≥-/TP≥55,53.7,,0.4,,55.0,54,54,29,25,53.7,-14.22,-35.69,7.25,-7.68,0.4,25
"[-199,-150]",HR≥45/EDG≥-/CV≤0.4/μ≥0.0/TP≥-,53.06,,0.4,0.0,,49,49,26,23,53.06,-15.24,-37.82,7.33,-7.47,0.435,23
"[-199,-150]",HR≥45/EDG≥-/CV≤0.4/μ≥0.0/TP≥50,53.06,,0.4,0.0,50.0,49,49,26,23,53.06,-15.24,-37.82,7.33,-7.47,0.435,23
"[-199,-150]",HR≥45/EDG≥-/CV≤0.4/μ≥0.0/TP≥55,53.19,,0.4,0.0,55.0,47,47,25,22,53.19,-15.1,-38.14,7.95,-7.095,0.435,23
"[-199,-150]",HR≥45/EDG≥-/CV≤0.4/μ≥0.5/TP≥-,55.26,,0.4,0.5,,38,38,21,17,55.26,-11.74,-37.37,13.88,-4.462,0.476,21
"[-199,-150]",HR≥45/EDG≥-/CV≤0.4/μ≥0.5/TP≥50,55.26,,0.4,0.5,50.0,38,38,21,17,55.26,-11.74,-37.37,13.88,-4.462,0.476,21
"[-199,-150]",HR≥45/EDG≥-/CV≤0.4/μ≥0.5/TP≥55,55.26,,0.4,0.5,55.0,38,38,21,17,55.26,-11.74,-37.37,13.88,-4.462,0.476,21
"[-199,-150]",HR≥45/EDG≥-/CV≤0.4/μ≥1.0/TP≥-,55.56,,0.4,1.0,,36,36,20,16,55.56,-11.41,-37.7,14.88,-4.107,0.476,21
"[-199,-150]",HR≥45/EDG≥-/CV≤0.4/μ≥1.0/TP≥50,55.56,,0.4,1.0,50.0,36,36,20,16,55.56,-11.41,-37.7,14.88,-4.107,0.476,21
"[-199,-150]",HR≥45/EDG≥-/CV≤0.4/μ≥1.0/TP≥55,55.56,,0.4,1.0,55.0,36,36,20,16,55.56,-11.41,-37.7,14.88,-4.107,0.476,21
"[-199,-150]",HR≥45/EDG≥-5.0/CV≤-/μ≥-/TP≥-,61.11,-5.0,,,,109,108,66,42,61.11,-3.03,-17.71,11.64,-3.275,0.481,27
"[-199,-150]",HR≥45/EDG≥-5.0/CV≤-/μ≥-/TP≥50,61.11,-5.0,,,50.0,109,108,66,42,61.11,-3.03,-17.71,11.64,-3.275,0.481,27
"[-199,-150]",HR≥45/EDG≥-5.0/CV≤-/μ≥-/TP≥55,61.11,-5.0,,,55.0,109,108,66,42,61.11,-3.03,-17.71,11.64,-3.275,0.481,27
"[-199,-150]",HR≥45/EDG≥-5.0/CV≤-/μ≥-/TP≥60,62.3,-5.0,,,60.0,61,61,38,23,62.3,-3.33,-22.37,15.71,-2.034,0.542,24
"[-199,-150]",HR≥45/EDG≥-5.0/CV≤-/μ≥-/TP≥65,60.61,-5.0,,,65.0,33,33,20,13,60.61,-6.2,-32.41,20.02,-2.046,0.467,15
"[-199,-150]",HR≥45/EDG≥-5.0/CV≤-/μ≥0.0/TP≥-,61.11,-5.0,,0.0,,109,108,66,42,61.11,-3.03,-17.71,11.64,-3.275,0.481,27
"[-199,-150]",HR≥45/EDG≥-5.0/CV≤-/μ≥0.0/TP≥50,61.11,-5.0,,0.0,50.0,109,108,66,42,61.11,-3.03,-17.71,11.64,-3.275,0.481,27
"[-199,-150]",HR≥45/EDG≥-5.0/CV≤-/μ≥0.0/TP≥55,61.11,-5.0,,0.0,55.0,109,108,66,42,61.11,-3.03,-17.71,11.64,-3.275,0.481,27
"[-199,-150]",HR≥45/EDG≥-5.0/CV≤-/μ≥0.0/TP≥60,62.3,-5.0,,0.0,60.0,61,61,38,23,62.3,-3.33,-22.37,15.71,-2.034,0.542,24
"[-199,-150]",HR≥45/EDG≥-5.0/CV≤-/μ≥0.0/TP≥65,60.61,-5.0,,0.0,65.0,33,33,20,13,60.61,-6.2,-32.41,20.02,-2.046,0.467,15
"[-199,-150]",HR≥45/EDG≥-5.0/CV≤-/μ≥0.5/TP≥-,60.38,-5.0,,0.5,,107,106,64,42,60.38,-4.14,-19.01,10.74,-4.387,0.444,27
"[-199,-150]",HR≥45/EDG≥-5.0/CV≤-/μ≥0.5/TP≥50,60.38,-5.0,,0.5,50.0,107,106,64,42,60.38,-4.14,-19.01,10.74,-4.387,0.444,27
"[-199,-150]",HR≥45/EDG≥-5.0/CV≤-/μ≥0.5/TP≥55,60.38,-5.0,,0.5,55.0,107,106,64,42,60.38,-4.14,-19.01,10.74,-4.387,0.444,27
"[-199,-150]",HR≥45/EDG≥-5.0/CV≤-/μ≥0.5/TP≥60,61.67,-5.0,,0.5,60.0,60,60,37,23,61.67,-4.29,-23.56,14.98,-2.575,0.542,24
"[-199,-150]",HR≥45/EDG≥-5.0/CV≤-/μ≥0.5/TP≥65,60.61,-5.0,,0.5,65.0,33,33,20,13,60.61,-6.2,-32.41,20.02,-2.046,0.467,15
"[-199,-150]",HR≥45/EDG≥-5.0/CV≤-/μ≥1.0/TP≥-,61.96,-5.0,,1.0,,92,92,57,35,61.96,-1.76,-17.6,14.08,-1.621,0.481,27
"[-199,-150]",HR≥45/EDG≥-5.0/CV≤-/μ≥1.0/TP≥50,61.96,-5.0,,1.0,50.0,92,92,57,35,61.96,-1.76,-17.6,14.08,-1.621,0.481,27
"[-199,-150]",HR≥45/EDG≥-5.0/CV≤-/μ≥1.0/TP≥55,61.96,-5.0,,1.0,55.0,92,92,57,35,61.96,-1.76,-17.6,14.08,-1.621,0.481,27
"[-199,-150]",HR≥45/EDG≥-5.0/CV≤-/μ≥1.0/TP≥60,62.96,-5.0,,1.0,60.0,54,54,34,20,62.96,-2.22,-22.42,17.99,-1.197,0.565,23
"[-199,-150]",HR≥45/EDG≥-5.0/CV≤-/μ≥1.0/TP≥65,58.06,-5.0,,1.0,65.0,31,31,18,13,58.06,-10.04,-37.41,17.33,-3.113,0.467,15
"[-199,-150]",HR≥45/EDG≥-5.0/CV≤0.7/μ≥-/TP≥-,60.95,-5.0,0.7,,,106,105,64,41,60.95,-3.28,-18.18,11.62,-3.445,0.519,27
"[-199,-150]",HR≥45/EDG≥-5.0/CV≤0.7/μ≥-/TP≥50,60.95,-5.0,0.7,,50.0,106,105,64,41,60.95,-3.28,-18.18,11.62,-3.445,0.519,27
"[-199,-150]",HR≥45/EDG≥-5.0/CV≤0.7/μ≥-/TP≥55,60.95,-5.0,0.7,,55.0,106,105,64,41,60.95,-3.28,-18.18,11.62,-3.445,0.519,27
"[-199,-150]",HR≥45/EDG≥-5.0/CV≤0.7/μ≥-/TP≥60,62.71,-5.0,0.7,,60.0,59,59,37,22,62.71,-2.64,-21.97,16.7,-1.555,0.583,24
"[-199,-150]",HR≥45/EDG≥-5.0/CV≤0.7/μ≥-/TP≥65,60.61,-5.0,0.7,,65.0,33,33,20,13,60.61,-6.2,-32.41,20.02,-2.046,0.467,15
"[-199,-150]",HR≥45/EDG≥-5.0/CV≤0.7/μ≥0.0/TP≥-,60.95,-5.0,0.7,0.0,,106,105,64,41,60.95,-3.28,-18.18,11.62,-3.445,0.519,27
"[-199,-150]",HR≥45/EDG≥-5.0/CV≤0.7/μ≥0.0/TP≥50,60.95,-5.0,0.7,0.0,50.0,106,105,64,41,60.95,-3.28,-18.18,11.62,-3.445,0.519,27
"[-199,-150]",HR≥45/EDG≥-5.0/CV≤0.7/μ≥0.0/TP≥55,60.95,-5.0,0.7,0.0,55.0,106,105,64,41,60.95,-3.28,-18.18,11.62,-3.445,0.519,27
"[-199,-150]",HR≥45/EDG≥-5.0/CV≤0.7/μ≥0.0/TP≥60,62.71,-5.0,0.7,0.0,60.0,59,59,37,22,62.71,-2.64,-21.97,16.7,-1.555,0.583,24
"[-199,-150]",HR≥45/EDG≥-5.0/CV≤0.7/μ≥0.0/TP≥65,60.61,-5.0,0.7,0.0,65.0,33,33,20,13,60.61,-6.2,-32.41,20.02,-2.046,0.467,15
"[-199,-150]",HR≥45/EDG≥-5.0/CV≤0.7/μ≥0.5/TP≥-,60.19,-5.0,0.7,0.5,,104,103,62,41,60.19,-4.42,-19.53,10.68,-4.557,0.481,27
"[-199,-150]",HR≥45/EDG≥-5.0/CV≤0.7/μ≥0.5/TP≥50,60.19,-5.0,0.7,0.5,50.0,104,103,62,41,60.19,-4.42,-19.53,10.68,-4.557,0.481,27
"[-199,-150]",HR≥45/EDG≥-5.0/CV≤0.7/μ≥0.5/TP≥55,60.19,-5.0,0.7,0.5,55.0,104,103,62,41,60.19,-4.42,-19.53,10.68,-4.557,0.481,27
"[-199,-150]",HR≥45/EDG≥-5.0/CV≤0.7/μ≥0.5/TP≥60,62.07,-5.0,0.7,0.5,60.0,58,58,36,22,62.07,-3.61,-23.19,15.96,-2.095,0.583,24
"[-199,-150]",HR≥45/EDG≥-5.0/CV≤0.7/μ≥0.5/TP≥65,60.61,-5.0,0.7,0.5,65.0,33,33,20,13,60.61,-6.2,-32.41,20.02,-2.046,0.467,15
"[-199,-150]",HR≥45/EDG≥-5.0/CV≤0.7/μ≥1.0/TP≥-,61.8,-5.0,0.7,1.0,,89,89,55,34,61.8,-2.01,-18.13,14.11,-1.791,0.519,27
"[-199,-150]",HR≥45/EDG≥-5.0/CV≤0.7/μ≥1.0/TP≥50,61.8,-5.0,0.7,1.0,50.0,89,89,55,34,61.8,-2.01,-18.13,14.11,-1.791,0.519,27
"[-199,-150]",HR≥45/EDG≥-5.0/CV≤0.7/μ≥1.0/TP≥55,61.8,-5.0,0.7,1.0,55.0,89,89,55,34,61.8,-2.01,-18.13,14.11,-1.791,0.519,27
"[-199,-150]",HR≥45/EDG≥-5.0/CV≤0.7/μ≥1.0/TP≥60,63.46,-5.0,0.7,1.0,60.0,52,52,33,19,63.46,-1.38,-21.93,19.17,-0.718,0.609,23
"[-199,-150]",HR≥45/EDG≥-5.0/CV≤0.7/μ≥1.0/TP≥65,58.06,-5.0,0.7,1.0,65.0,31,31,18,13,58.06,-10.04,-37.41,17.33,-3.113,0.467,15
"[-199,-150]",HR≥45/EDG≥-5.0/CV≤0.6/μ≥-/TP≥-,59.55,-5.0,0.6,,,90,89,53,36,59.55,-5.67,-21.94,10.6,-5.046,0.444,27
"[-199,-150]",HR≥45/EDG≥-5.0/CV≤0.6/μ≥-/TP≥50,59.55,-5.0,0.6,,50.0,90,89,53,36,59.55,-5.67,-21.94,10.6,-5.046,0.444,27
"[-199,-150]",HR≥45/EDG≥-5.0/CV≤0.6/μ≥-/TP≥55,59.55,-5.0,0.6,,55.0,90,89,53,36,59.55,-5.67,-21.94,10.6,-5.046,0.444,27
"[-199,-150]",HR≥45/EDG≥-5.0/CV≤0.6/μ≥-/TP≥60,62.75,-5.0,0.6,,60.0,51,51,32,19,62.75,-2.64,-23.45,18.17,-1.346,0.565,23
"[-199,-150]",HR≥45/EDG≥-5.0/CV≤0.6/μ≥0.0/TP≥-,59.55,-5.0,0.6,0.0,,90,89,53,36,59.55,-5.67,-21.94,10.6,-5.046,0.444,27
"[-199,-150]",HR≥45/EDG≥-5.0/CV≤0.6/μ≥0.0/TP≥50,59.55,-5.0,0.6,0.0,50.0,90,89,53,36,59.55,-5.67,-21.94,10.6,-5.046,0.444,27
"[-199,-150]",HR≥45/EDG≥-5.0/CV≤0.6/μ≥0.0/TP≥55,59.55,-5.0,0.6,0.0,55.0,90,89,53,36,59.55,-5.67,-21.94,10.6,-5.046,0.444,27
"[-199,-150]",HR≥45/EDG≥-5.0/CV≤0.6/μ≥0.0/TP≥60,62.75,-5.0,0.6,0.0,60.0,51,51,32,19,62.75,-2.64,-23.45,18.17,-1.346,0.565,23
"[-199,-150]",HR≥45/EDG≥-5.0/CV≤0.6/μ≥0.5/TP≥-,58.62,-5.0,0.6,0.5,,88,87,51,36,58.62,-7.08,-23.6,9.44,-6.158,0.444,27
"[-199,-150]",HR≥45/EDG≥-5.0/CV≤0.6/μ≥0.5/TP≥50,58.62,-5.0,0.6,0.5,50.0,88,87,51,36,58.62,-7.08,-23.6,9.44,-6.158,0.444,27
"[-199,-150]",HR≥45/EDG≥-5.0/CV≤0.6/μ≥0.5/TP≥55,58.62,-5.0,0.6,0.5,55.0,88,87,51,36,58.62,-7.08,-23.6,9.44,-6.158,0.444,27
"[-199,-150]",HR≥45/EDG≥-5.0/CV≤0.6/μ≥0.5/TP≥60,62.0,-5.0,0.6,0.5,60.0,50,50,31,19,62.0,-3.77,-24.88,17.33,-1.887,0.565,23
"[-199,-150]",HR≥45/EDG≥-5.0/CV≤0.6/μ≥1.0/TP≥-,60.81,-5.0,0.6,1.0,,74,74,45,29,60.81,-3.83,-21.57,13.9,-2.837,0.538,26
"[-199,-150]",HR≥45/EDG≥-5.0/CV≤0.6/μ≥1.0/TP≥50,60.81,-5.0,0.6,1.0,50.0,74,74,45,29,60.81,-3.83,-21.57,13.9,-2.837,0.538,26
"[-199,-150]",HR≥45/EDG≥-5.0/CV≤0.6/μ≥1.0/TP≥55,60.81,-5.0,0.6,1.0,55.0,74,74,45,29,60.81,-3.83,-21.57,13.9,-2.837,0.538,26
"[-199,-150]",HR≥45/EDG≥-5.0/CV≤0.6/μ≥1.0/TP≥60,64.44,-5.0,0.6,1.0,60.0,45,45,29,16,64.44,0.1,-21.88,22.09,0.046,0.591,22
"[-199,-150]",HR≥45/EDG≥-5.0/CV≤0.5/μ≥-/TP≥-,58.57,-5.0,0.5,,,70,70,41,29,58.57,-6.73,-25.26,11.81,-4.709,0.48,25
"[-199,-150]",HR≥45/EDG≥-5.0/CV≤0.5/μ≥-/TP≥50,58.57,-5.0,0.5,,50.0,70,70,41,29,58.57,-6.73,-25.26,11.81,-4.709,0.48,25
"[-199,-150]",HR≥45/EDG≥-5.0/CV≤0.5/μ≥-/TP≥55,58.57,-5.0,0.5,,55.0,70,70,41,29,58.57,-6.73,-25.26,11.81,-4.709,0.48,25
"[-199,-150]",HR≥45/EDG≥-5.0/CV≤0.5/μ≥-/TP≥60,57.89,-5.0,0.5,,60.0,38,38,22,16,57.89,-10.06,-34.79,14.67,-3.822,0.6,20
"[-199,-150]",HR≥45/EDG≥-5.0/CV≤0.5/μ≥0.0/TP≥-,58.57,-5.0,0.5,0.0,,70,70,41,29,58.57,-6.73,-25.26,11.81,-4.709,0.48,25
"[-199,-150]",HR≥45/EDG≥-5.0/CV≤0.5/μ≥0.0/TP≥50,58.57,-5.0,0.5,0.0,50.0,70,70,41,29,58.57,-6.73,-25.26,11.81,-4.709,0.48,25
"[-199,-150]",HR≥45/EDG≥-5.0/CV≤0.5/μ≥0.0/TP≥55,58.57,-5.0,0.5,0.0,55.0,70,70,41,29,58.57,-6.73,-25.26,11.81,-4.709,0.48,25
"[-199,-150]",HR≥45/EDG≥-5.0/CV≤0.5/μ≥0.0/TP≥60,57.89,-5.0,0.5,0.0,60.0,38,38,22,16,57.89,-10.06,-34.79,14.67,-3.822,0.6,20
"[-199,-150]",HR≥45/EDG≥-5.0/CV≤0.5/μ≥0.5/TP≥-,57.35,-5.0,0.5,0.5,,68,68,39,29,57.35,-8.56,-27.47,10.35,-5.821,0.48,25
"[-199,-150]",HR≥45/EDG≥-5.0/CV≤0.5/μ≥0.5/TP≥50,57.35,-5.0,0.5,0.5,50.0,68,68,39,29,57.35,-8.56,-27.47,10.35,-5.821,0.48,25
"[-199,-150]",HR≥45/EDG≥-5.0/CV≤0.5/μ≥0.5/TP≥55,57.35,-5.0,0.5,0.5,55.0,68,68,39,29,57.35,-8.56,-27.47,10.35,-5.821,0.48,25
"[-199,-150]",HR≥45/EDG≥-5.0/CV≤0.5/μ≥0.5/TP≥60,56.76,-5.0,0.5,0.5,60.0,37,37,21,16,56.76,-11.79,-36.96,13.38,-4.362,0.55,20
"[-199,-150]",HR≥45/EDG≥-5.0/CV≤0.5/μ≥1.0/TP≥-,54.84,-5.0,0.5,1.0,,62,62,34,28,54.84,-12.86,-32.73,7.01,-7.973,0.48,25
"[-199,-150]",HR≥45/EDG≥-5.0/CV≤0.5/μ≥1.0/TP≥50,54.84,-5.0,0.5,1.0,50.0,62,62,34,28,54.84,-12.86,-32.73,7.01,-7.973,0.48,25
"[-199,-150]",HR≥45/EDG≥-5.0/CV≤0.5/μ≥1.0/TP≥55,54.84,-5.0,0.5,1.0,55.0,62,62,34,28,54.84,-12.86,-32.73,7.01,-7.973,0.48,25
"[-199,-150]",HR≥45/EDG≥-5.0/CV≤0.5/μ≥1.0/TP≥60,57.14,-5.0,0.5,1.0,60.0,35,35,20,15,57.14,-11.15,-37.03,14.73,-3.903,0.5,20
"[-199,-150]",HR≥45/EDG≥-5.0/CV≤0.45/μ≥-/TP≥-,57.63,-5.0,0.45,,,59,59,34,25,57.63,-8.24,-28.51,12.04,-4.86,0.48,25
"[-199,-150]",HR≥45/EDG≥-5.0/CV≤0.45/μ≥-/TP≥50,57.63,-5.0,0.45,,50.0,59,59,34,25,57.63,-8.24,-28.51,12.04,-4.86,0.48,25
"[-199,-150]",HR≥45/EDG≥-5.0/CV≤0.45/μ≥-/TP≥55,57.63,-5.0,0.45,,55.0,59,59,34,25,57.63,-8.24,-28.51,12.04,-4.86,0.48,25
"[-199,-150]",HR≥45/EDG≥-5.0/CV≤0.45/μ≥-/TP≥60,59.38,-5.0,0.45,,60.0,32,32,19,13,59.38,-7.58,-34.51,19.34,-2.427,0.611,18
"[-199,-150]",HR≥45/EDG≥-5.0/CV≤0.45/μ≥0.0/TP≥-,57.63,-5.0,0.45,0.0,,59,59,34,25,57.63,-8.24,-28.51,12.04,-4.86,0.48,25
"[-199,-150]",HR≥45/EDG≥-5.0/CV≤0.45/μ≥0.0/TP≥50,57.63,-5.0,0.45,0.0,50.0,59,59,34,25,57.63,-8.24,-28.51,12.04,-4.86,0.48,25
"[-199,-150]",HR≥45/EDG≥-5.0/CV≤0.45/μ≥0.0/TP≥55,57.63,-5.0,0.45,0.0,55.0,59,59,34,25,57.63,-8.24,-28.51,12.04,-4.86,0.48,25
"[-199,-150]",HR≥45/EDG≥-5.0/CV≤0.45/μ≥0.0/TP≥60,59.38,-5.0,0.45,0.0,60.0,32,32,19,13,59.38,-7.58,-34.51,19.34,-2.427,0.611,18
"[-199,-150]",HR≥45/EDG≥-5.0/CV≤0.45/μ≥0.5/TP≥-,56.14,-5.0,0.45,0.5,,57,57,32,25,56.14,-10.48,-31.23,10.28,-5.972,0.48,25
"[-199,-150]",HR≥45/EDG≥-5.0/CV≤0.45/μ≥0.5/TP≥50,56.14,-5.0,0.45,0.5,50.0,57,57,32,25,56.14,-10.48,-31.23,10.28,-5.972,0.48,25
"[-199,-150]",HR≥45/EDG≥-5.0/CV≤0.45/μ≥0.5/TP≥55,56.14,-5.0,0.45,0.5,55.0,57,57,32,25,56.14,-10.48,-31.23,10.28,-5.972,0.48,25
"[-199,-150]",HR≥45/EDG≥-5.0/CV≤0.45/μ≥0.5/TP≥60,58.06,-5.0,0.45,0.5,60.0,31,31,18,13,58.06,-9.57,-37.09,17.95,-2.967,0.556,18
"[-199,-150]",HR≥45/EDG≥-5.0/CV≤0.45/μ≥1.0/TP≥-,53.85,-5.0,0.45,1.0,,52,52,28,24,53.85,-14.34,-36.13,7.45,-7.457,0.48,25
"[-199,-150]",HR≥45/EDG≥-5.0/CV≤0.45/μ≥1.0/TP≥50,53.85,-5.0,0.45,1.0,50.0,52,52,28,24,53.85,-14.34,-36.13,7.45,-7.457,0.48,25
"[-199,-150]",HR≥45/EDG≥-5.0/CV≤0.45/μ≥1.0/TP≥55,53.85,-5.0,0.45,1.0,55.0,52,52,28,24,53.85,-14.34,-36.13,7.45,-7.457,0.48,25
"[-199,-150]",HR≥45/EDG≥-5.0/CV≤0.4/μ≥-/TP≥-,57.5,-5.0,0.4,,,40,40,23,17,57.5,-8.37,-33.13,16.38,-3.35,0.476,21
"[-199,-150]",HR≥45/EDG≥-5.0/CV≤0.4/μ≥-/TP≥50,57.5,-5.0,0.4,,50.0,40,40,23,17,57.5,-8.37,-33.13,16.38,-3.35,0.476,21
"[-199,-150]",HR≥45/EDG≥-5.0/CV≤0.4/μ≥-/TP≥55,57.5,-5.0,0.4,,55.0,40,40,23,17,57.5,-8.37,-33.13,16.38,-3.35,0.476,21
"[-199,-150]",HR≥45/EDG≥-5.0/CV≤0.4/μ≥0.0/TP≥-,57.5,-5.0,0.4,0.0,,40,40,23,17,57.5,-8.37,-33.13,16.38,-3.35,0.476,21
"[-199,-150]",HR≥45/EDG≥-5.0/CV≤0.4/μ≥0.0/TP≥50,57.5,-5.0,0.4,0.0,50.0,40,40,23,17,57.5,-8.37,-33.13,16.38,-3.35,0.476,21
"[-199,-150]",HR≥45/EDG≥-5.0/CV≤0.4/μ≥0.0/TP≥55,57.5,-5.0,0.4,0.0,55.0,40,40,23,17,57.5,-8.37,-33.13,16.38,-3.35,0.476,21
"[-199,-150]",HR≥45/EDG≥-5.0/CV≤0.4/μ≥0.5/TP≥-,55.26,-5.0,0.4,0.5,,38,38,21,17,55.26,-11.74,-37.37,13.88,-4.462,0.476,21
"[-199,-150]",HR≥45/EDG≥-5.0/CV≤0.4/μ≥0.5/TP≥50,55.26,-5.0,0.4,0.5,50.0,38,38,21,17,55.26,-11.74,-37.37,13.88,-4.462,0.476,21
"[-199,-150]",HR≥45/EDG≥-5.0/CV≤0.4/μ≥0.5/TP≥55,55.26,-5.0,0.4,0.5,55.0,38,38,21,17,55.26,-11.74,-37.37,13.88,-4.462,0.476,21
"[-199,-150]",HR≥45/EDG≥-5.0/CV≤0.4/μ≥1.0/TP≥-,55.56,-5.0,0.4,1.0,,36,36,20,16,55.56,-11.41,-37.7,14.88,-4.107,0.476,21
"[-199,-150]",HR≥45/EDG≥-5.0/CV≤0.4/μ≥1.0/TP≥50,55.56,-5.0,0.4,1.0,50.0,36,36,20,16,55.56,-11.41,-37.7,14.88,-4.107,0.476,21
"[-199,-150]",HR≥45/EDG≥-5.0/CV≤0.4/μ≥1.0/TP≥55,55.56,-5.0,0.4,1.0,55.0,36,36,20,16,55.56,-11.41,-37.7,14.88,-4.107,0.476,21
"[-199,-150]",HR≥45/EDG≥0.0/CV≤-/μ≥-/TP≥-,61.17,0.0,,,,104,103,63,40,61.17,-2.83,-17.88,12.22,-2.913,0.444,27
"[-199,-150]",HR≥45/EDG≥0.0/CV≤-/μ≥-/TP≥50,61.17,0.0,,,50.0,104,103,63,40,61.17,-2.83,-17.88,12.22,-2.913,0.444,27
"[-199,-150]",HR≥45/EDG≥0.0/CV≤-/μ≥-/TP≥55,61.17,0.0,,,55.0,104,103,63,40,61.17,-2.83,-17.88,12.22,-2.913,0.444,27
"[-199,-150]",HR≥45/EDG≥0.0/CV≤-/μ≥-/TP≥60,63.16,0.0,,,60.0,57,57,36,21,63.16,-1.93,-21.56,17.7,-1.101,0.583,24
"[-199,-150]",HR≥45/EDG≥0.0/CV≤-/μ≥-/TP≥65,59.38,0.0,,,65.0,32,32,19,13,59.38,-8.04,-34.83,18.75,-2.572,0.467,15
"[-199,-150]",HR≥45/EDG≥0.0/CV≤-/μ≥0.0/TP≥-,61.17,0.0,,0.0,,104,103,63,40,61.17,-2.83,-17.88,12.22,-2.913,0.444,27
"[-199,-150]",HR≥45/EDG≥0.0/CV≤-/μ≥0.0/TP≥50,61.17,0.0,,0.0,50.0,104,103,63,40,61.17,-2.83,-17.88,12.22,-2.913,0.444,27
"[-199,-150]",HR≥45/EDG≥0.0/CV≤-/μ≥0.0/TP≥55,61.17,0.0,,0.0,55.0,104,103,63,40,61.17,-2.83,-17.88,12.22,-2.913,0.444,27
"[-199,-150]",HR≥45/EDG≥0.0/CV≤-/μ≥0.0/TP≥60,63.16,0.0,,0.0,60.0,57,57,36,21,63.16,-1.93,-21.56,17.7,-1.101,0.583,24
"[-199,-150]",HR≥45/EDG≥0.0/CV≤-/μ≥0.0/TP≥65,59.38,0.0,,0.0,65.0,32,32,19,13,59.38,-8.04,-34.83,18.75,-2.572,0.467,15
"[-199,-150]",HR≥45/EDG≥0.0/CV≤-/μ≥0.5/TP≥-,61.17,0.0,,0.5,,104,103,63,40,61.17,-2.83,-17.88,12.22,-2.913,0.444,27
"[-199,-150]",HR≥45/EDG≥0.0/CV≤-/μ≥0.5/TP≥50,61.17,0.0,,0.5,50.0,104,103,63,40,61.17,-2.83,-17.88,12.22,-2.913,0.444,27
"[-199,-150]",HR≥45/EDG≥0.0/CV≤-/μ≥0.5/TP≥55,61.17,0.0,,0.5,55.0,104,103,63,40,61.17,-2.83,-17.88,12.22,-2.913,0.444,27
"[-199,-150]",HR≥45/EDG≥0.0/CV≤-/μ≥0.5/TP≥60,63.16,0.0,,0.5,60.0,57,57,36,21,63.16,-1.93,-21.56,17.7,-1.101,0.583,24
"[-199,-150]",HR≥45/EDG≥0.0/CV≤-/μ≥0.5/TP≥65,59.38,0.0,,0.5,65.0,32,32,19,13,59.38,-8.04,-34.83,18.75,-2.572,0.467,15
"[-199,-150]",HR≥45/EDG≥0.0/CV≤-/μ≥1.0/TP≥-,61.54,0.0,,1.0,,91,91,56,35,61.54,-2.36,-18.33,13.61,-2.147,0.481,27
"[-199,-150]",HR≥45/EDG≥0.0/CV≤-/μ≥1.0/TP≥50,61.54,0.0,,1.0,50.0,91,91,56,35,61.54,-2.36,-18.33,13.61,-2.147,0.481,27
"[-199,-150]",HR≥45/EDG≥0.0/CV≤-/μ≥1.0/TP≥55,61.54,0.0,,1.0,55.0,91,91,56,35,61.54,-2.36,-18.33,13.61,-2.147,0.481,27
"[-199,-150]",HR≥45/EDG≥0.0/CV≤-/μ≥1.0/TP≥60,62.26,0.0,,1.0,60.0,53,53,33,20,62.26,-3.25,-23.74,17.23,-1.723,0.565,23
"[-199,-150]",HR≥45/EDG≥0.0/CV≤-/μ≥1.0/TP≥65,56.67,0.0,,1.0,65.0,30,30,17,13,56.67,-12.13,-40.11,15.85,-3.639,0.467,15
"[-199,-150]",HR≥45/EDG≥0.0/CV≤0.7/μ≥-/TP≥-,61.0,0.0,0.7,,,101,100,61,39,61.0,-3.08,-18.37,12.2,-3.083,0.481,27
"[-199,-150]",HR≥45/EDG≥0.0/CV≤0.7/μ≥-/TP≥50,61.0,0.0,0.7,,50.0,101,100,61,39,61.0,-3.08,-18.37,12.2,-3.083,0.481,27
"[-199,-150]",HR≥45/EDG≥0.0/CV≤0.7/μ≥-/TP≥55,61.0,0.0,0.7,,55.0,101,100,61,39,61.0,-3.08,-18.37,12.2,-3.083,0.481,27
"[-199,-150]",HR≥45/EDG≥0.0/CV≤0.7/μ≥-/TP≥60,63.64,0.0,0.7,,60.0,55,55,35,20,63.64,-1.13,-21.08,18.82,-0.622,0.625,24
"[-199,-150]",HR≥45/EDG≥0.0/CV≤0.7/μ≥-/TP≥65,59.38,0.0,0.7,,65.0,32,32,19,13,59.38,-8.04,-34.83,18.75,-2.572,0.467,15
"[-199,-150]",HR≥45/EDG≥0.0/CV≤0.7/μ≥0.0/TP≥-,61.0,0.0,0.7,0.0,,101,100,61,39,61.0,-3.08,-18.37,12.2,-3.083,0.481,27
"[-199,-150]",HR≥45/EDG≥0.0/CV≤0.7/μ≥0.0/TP≥50,61.0,0.0,0.7,0.0,50.0,101,100,61,39,61.0,-3.08,-18.37,12.2,-3.083,0.481,27
"[-199,-150]",HR≥45/EDG≥0.0/CV≤0.7/μ≥0.0/TP≥55,61.0,0.0,0.7,0.0,55.0,101,100,61,39,61.0,-3.08,-18.37,12.2,-3.083,0.481,27
"[-199,-150]",HR≥45/EDG≥0.0/CV≤0.7/μ≥0.0/TP≥60,63.64,0.0,0.7,0.0,60.0,55,55,35,20,63.64,-1.13,-21.08,18.82,-0.622,0.625,24
"[-199,-150]",HR≥45/EDG≥0.0/CV≤0.7/μ≥0.0/TP≥65,59.38,0.0,0.7,0.0,65.0,32,32,19,13,59.38,-8.04,-34.83,18.75,-2.572,0.467,15
"[-199,-150]",HR≥45/EDG≥0.0/CV≤0.7/μ≥0.5/TP≥-,61.0,0.0,0.7,0.5,,101,100,61,39,61.0,-3.08,-18.37,12.2,-3.083,0.481,27
"[-199,-150]",HR≥45/EDG≥0.0/CV≤0.7/μ≥0.5/TP≥50,61.0,0.0,0.7,0.5,50.0,101,100,61,39,61.0,-3.08,-18.37,12.2,-3.083,0.481,27
"[-199,-150]",HR≥45/EDG≥0.0/CV≤0.7/μ≥0.5/TP≥55,61.0,0.0,0.7,0.5,55.0,101,100,61,39,61.0,-3.08,-18.37,12.2,-3.083,0.481,27
"[-199,-150]",HR≥45/EDG≥0.0/CV≤0.7/μ≥0.5/TP≥60,63.64,0.0,0.7,0.5,60.0,55,55,35,20,63.64,-1.13,-21.08,18.82,-0.622,0.625,24
"[-199,-150]",HR≥45/EDG≥0.0/CV≤0.7/μ≥0.5/TP≥65,59.38,0.0,0.7,0.5,65.0,32,32,19,13,59.38,-8.04,-34.83,18.75,-2.572,0.467,15
"[-199,-150]",HR≥45/EDG≥0.0/CV≤0.7/μ≥1.0/TP≥-,61.36,0.0,0.7,1.0,,88,88,54,34,61.36,-2.63,-18.89,13.62,-2.317,0.519,27
"[-199,-150]",HR≥45/EDG≥0.0/CV≤0.7/μ≥1.0/TP≥50,61.36,0.0,0.7,1.0,50.0,88,88,54,34,61.36,-2.63,-18.89,13.62,-2.317,0.519,27
"[-199,-150]",HR≥45/EDG≥0.0/CV≤0.7/μ≥1.0/TP≥55,61.36,0.0,0.7,1.0,55.0,88,88,54,34,61.36,-2.63,-18.89,13.62,-2.317,0.519,27
"[-199,-150]",HR≥45/EDG≥0.0/CV≤0.7/μ≥1.0/TP≥60,62.75,0.0,0.7,1.0,60.0,51,51,32,19,62.75,-2.44,-23.29,18.41,-1.244,0.609,23
"[-199,-150]",HR≥45/EDG≥0.0/CV≤0.7/μ≥1.0/TP≥65,56.67,0.0,0.7,1.0,65.0,30,30,17,13,56.67,-12.13,-40.11,15.85,-3.639,0.467,15
"[-199,-150]",HR≥45/EDG≥0.0/CV≤0.6/μ≥-/TP≥-,59.52,0.0,0.6,,,85,84,50,34,59.52,-5.58,-22.35,11.2,-4.685,0.481,27
"[-199,-150]",HR≥45/EDG≥0.0/CV≤0.6/μ≥-/TP≥50,59.52,0.0,0.6,,50.0,85,84,50,34,59.52,-5.58,-22.35,11.2,-4.685,0.481,27
"[-199,-150]",HR≥45/EDG≥0.0/CV≤0.6/μ≥-/TP≥55,59.52,0.0,0.6,,55.0,85,84,50,34,59.52,-5.58,-22.35,11.2,-4.685,0.481,27
"[-199,-150]",HR≥45/EDG≥0.0/CV≤0.6/μ≥-/TP≥60,63.83,0.0,0.6,,60.0,47,47,30,17,63.83,-0.88,-22.46,20.7,-0.413,0.591,22
"[-199,-150]",HR≥45/EDG≥0.0/CV≤0.6/μ≥0.0/TP≥-,59.52,0.0,0.6,0.0,,85,84,50,34,59.52,-5.58,-22.35,11.2,-4.685,0.481,27
"[-199,-150]",HR≥45/EDG≥0.0/CV≤0.6/μ≥0.0/TP≥50,59.52,0.0,0.6,0.0,50.0,85,84,50,34,59.52,-5.58,-22.35,11.2,-4.685,0.481,27
"[-199,-150]",HR≥45/EDG≥0.0/CV≤0.6/μ≥0.0/TP≥55,59.52,0.0,0.6,0.0,55.0,85,84,50,34,59.52,-5.58,-22.35,11.2,-4.685,0.481,27
"[-199,-150]",HR≥45/EDG≥0.0/CV≤0.6/μ≥0.0/TP≥60,63.83,0.0,0.6,0.0,60.0,47,47,30,17,63.83,-0.88,-22.46,20.7,-0.413,0.591,22
"[-199,-150]",HR≥45/EDG≥0.0/CV≤0.6/μ≥0.5/TP≥-,59.52,0.0,0.6,0.5,,85,84,50,34,59.52,-5.58,-22.35,11.2,-4.685,0.481,27
"[-199,-150]",HR≥45/EDG≥0.0/CV≤0.6/μ≥0.5/TP≥50,59.52,0.0,0.6,0.5,50.0,85,84,50,34,59.52,-5.58,-22.35,11.2,-4.685,0.481,27
"[-199,-150]",HR≥45/EDG≥0.0/CV≤0.6/μ≥0.5/TP≥55,59.52,0.0,0.6,0.5,55.0,85,84,50,34,59.52,-5.58,-22.35,11.2,-4.685,0.481,27
"[-199,-150]",HR≥45/EDG≥0.0/CV≤0.6/μ≥0.5/TP≥60,63.83,0.0,0.6,0.5,60.0,47,47,30,17,63.83,-0.88,-22.46,20.7,-0.413,0.591,22
"[-199,-150]",HR≥45/EDG≥0.0/CV≤0.6/μ≥1.0/TP≥-,60.27,0.0,0.6,1.0,,73,73,44,29,60.27,-4.61,-22.52,13.31,-3.363,0.52,25
"[-199,-150]",HR≥45/EDG≥0.0/CV≤0.6/μ≥1.0/TP≥50,60.27,0.0,0.6,1.0,50.0,73,73,44,29,60.27,-4.61,-22.52,13.31,-3.363,0.52,25
"[-199,-150]",HR≥45/EDG≥0.0/CV≤0.6/μ≥1.0/TP≥55,60.27,0.0,0.6,1.0,55.0,73,73,44,29,60.27,-4.61,-22.52,13.31,-3.363,0.52,25
"[-199,-150]",HR≥45/EDG≥0.0/CV≤0.6/μ≥1.0/TP≥60,63.64,0.0,0.6,1.0,60.0,44,44,28,16,63.64,-1.09,-23.45,21.27,-0.48,0.571,21
"[-199,-150]",HR≥45/EDG≥0.0/CV≤0.5/μ≥-/TP≥-,57.58,0.0,0.5,,,66,66,38,28,57.58,-8.1,-27.31,11.1,-5.348,0.458,24
"[-199,-150]",HR≥45/EDG≥0.0/CV≤0.5/μ≥-/TP≥50,57.58,0.0,0.5,,50.0,66,66,38,28,57.58,-8.1,-27.31,11.1,-5.348,0.458,24
"[-199,-150]",HR≥45/EDG≥0.0/CV≤0.5/μ≥-/TP≥55,57.58,0.0,0.5,,55.0,66,66,38,28,57.58,-8.1,-27.31,11.1,-5.348,0.458,24
"[-199,-150]",HR≥45/EDG≥0.0/CV≤0.5/μ≥-/TP≥60,57.14,0.0,0.5,,60.0,35,35,20,15,57.14,-11.11,-37.0,14.78,-3.889,0.526,19
"[-199,-150]",HR≥45/EDG≥0.0/CV≤0.5/μ≥0.0/TP≥-,57.58,0.0,0.5,0.0,,66,66,38,28,57.58,-8.1,-27.31,11.1,-5.348,0.458,24
"[-199,-150]",HR≥45/EDG≥0.0/CV≤0.5/μ≥0.0/TP≥50,57.58,0.0,0.5,0.0,50.0,66,66,38,28,57.58,-8.1,-27.31,11.1,-5.348,0.458,24
"[-199,-150]",HR≥45/EDG≥0.0/CV≤0.5/μ≥0.0/TP≥55,57.58,0.0,0.5,0.0,55.0,66,66,38,28,57.58,-8.1,-27.31,11.1,-5.348,0.458,24
"[-199,-150]",HR≥45/EDG≥0.0/CV≤0.5/μ≥0.0/TP≥60,57.14,0.0,0.5,0.0,60.0,35,35,20,15,57.14,-11.11,-37.0,14.78,-3.889,0.526,19
"[-199,-150]",HR≥45/EDG≥0.0/CV≤0.5/μ≥0.5/TP≥-,57.58,0.0,0.5,0.5,,66,66,38,28,57.58,-8.1,-27.31,11.1,-5.348,0.458,24
"[-199,-150]",HR≥45/EDG≥0.0/CV≤0.5/μ≥0.5/TP≥50,57.58,0.0,0.5,0.5,50.0,66,66,38,28,57.58,-8.1,-27.31,11.1,-5.348,0.458,24
"[-199,-150]",HR≥45/EDG≥0.0/CV≤0.5/μ≥0.5/TP≥55,57.58,0.0,0.5,0.5,55.0,66,66,38,28,57.58,-8.1,-27.31,11.1,-5.348,0.458,24
"[-199,-150]",HR≥45/EDG≥0.0/CV≤0.5/μ≥0.5/TP≥60,57.14,0.0,0.5,0.5,60.0,35,35,20,15,57.14,-11.11,-37.0,14.78,-3.889,0.526,19
"[-199,-150]",HR≥45/EDG≥0.0/CV≤0.5/μ≥1.0/TP≥-,54.1,0.0,0.5,1.0,,61,61,33,28,54.1,-13.93,-34.02,6.15,-8.499,0.458,24
"[-199,-150]",HR≥45/EDG≥0.0/CV≤0.5/μ≥1.0/TP≥50,54.1,0.0,0.5,1.0,50.0,61,61,33,28,54.1,-13.93,-34.02,6.15,-8.499,0.458,24
"[-199,-150]",HR≥45/EDG≥0.0/CV≤0.5/μ≥1.0/TP≥55,54.1,0.0,0.5,1.0,55.0,61,61,33,28,54.1,-13.93,-34.02,6.15,-8.499,0.458,24
"[-199,-150]",HR≥45/EDG≥0.0/CV≤0.5/μ≥1.0/TP≥60,55.88,0.0,0.5,1.0,60.0,34,34,19,15,55.88,-13.03,-39.41,13.35,-4.429,0.474,19
"[-199,-150]",HR≥45/EDG≥0.0/CV≤0.45/μ≥-/TP≥-,56.36,0.0,0.45,,,55,55,31,24,56.36,-10.0,-31.15,11.15,-5.498,0.458,24
"[-199,-150]",HR≥45/EDG≥0.0/CV≤0.45/μ≥-/TP≥50,56.36,0.0,0.45,,50.0,55,55,31,24,56.36,-10.0,-31.15,11.15,-5.498,0.458,24
"[-199,-150]",HR≥45/EDG≥0.0/CV≤0.45/μ≥-/TP≥55,56.36,0.0,0.45,,55.0,55,55,31,24,56.36,-10.0,-31.15,11.15,-5.498,0.458,24
"[-199,-150]",HR≥45/EDG≥0.0/CV≤0.45/μ≥0.0/TP≥-,56.36,0.0,0.45,0.0,,55,55,31,24,56.36,-10.0,-31.15,11.15,-5.498,0.458,24
"[-199,-150]",HR≥45/EDG≥0.0/CV≤0.45/μ≥0.0/TP≥50,56.36,0.0,0.45,0.0,50.0,55,55,31,24,56.36,-10.0,-31.15,11.15,-5.498,0.458,24
"[-199,-150]",HR≥45/EDG≥0.0/CV≤0.45/μ≥0.0/TP≥55,56.36,0.0,0.45,0.0,55.0,55,55,31,24,56.36,-10.0,-31.15,11.15,-5.498,0.458,24
"[-199,-150]",HR≥45/EDG≥0.0/CV≤0.45/μ≥0.5/TP≥-,56.36,0.0,0.45,0.5,,55,55,31,24,56.36,-10.0,-31.15,11.15,-5.498,0.458,24
"[-199,-150]",HR≥45/EDG≥0.0/CV≤0.45/μ≥0.5/TP≥50,56.36,0.0,0.45,0.5,50.0,55,55,31,24,56.36,-10.0,-31.15,11.15,-5.498,0.458,24
"[-199,-150]",HR≥45/EDG≥0.0/CV≤0.45/μ≥0.5/TP≥55,56.36,0.0,0.45,0.5,55.0,55,55,31,24,56.36,-10.0,-31.15,11.15,-5.498,0.458,24
"[-199,-150]",HR≥45/EDG≥0.0/CV≤0.45/μ≥1.0/TP≥-,52.94,0.0,0.45,1.0,,51,51,27,24,52.94,-15.65,-37.72,6.42,-7.983,0.458,24
"[-199,-150]",HR≥45/EDG≥0.0/CV≤0.45/μ≥1.0/TP≥50,52.94,0.0,0.45,1.0,50.0,51,51,27,24,52.94,-15.65,-37.72,6.42,-7.983,0.458,24
"[-199,-150]",HR≥45/EDG≥0.0/CV≤0.45/μ≥1.0/TP≥55,52.94,0.0,0.45,1.0,55.0,51,51,27,24,52.94,-15.65,-37.72,6.42,-7.983,0.458,24
"[-199,-150]",HR≥45/EDG≥0.0/CV≤0.4/μ≥-/TP≥-,55.56,0.0,0.4,,,36,36,20,16,55.56,-11.08,-37.46,15.31,-3.988,0.45,20
"[-199,-150]",HR≥45/EDG≥0.0/CV≤0.4/μ≥-/TP≥50,55.56,0.0,0.4,,50.0,36,36,20,16,55.56,-11.08,-37.46,15.31,-3.988,0.45,20
"[-199,-150]",HR≥45/EDG≥0.0/CV≤0.4/μ≥-/TP≥55,55.56,0.0,0.4,,55.0,36,36,20,16,55.56,-11.08,-37.46,15.31,-3.988,0.45,20
"[-199,-150]",HR≥45/EDG≥0.0/CV≤0.4/μ≥0.0/TP≥-,55.56,0.0,0.4,0.0,,36,36,20,16,55.56,-11.08,-37.46,15.31,-3.988,0.45,20
"[-199,-150]",HR≥45/EDG≥0.0/CV≤0.4/μ≥0.0/TP≥50,55.56,0.0,0.4,0.0,50.0,36,36,20,16,55.56,-11.08,-37.46,15.31,-3.988,0.45,20
"[-199,-150]",HR≥45/EDG≥0.0/CV≤0.4/μ≥0.0/TP≥55,55.56,0.0,0.4,0.0,55.0,36,36,20,16,55.56,-11.08,-37.46,15.31,-3.988,0.45,20
"[-199,-150]",HR≥45/EDG≥0.0/CV≤0.4/μ≥0.5/TP≥-,55.56,0.0,0.4,0.5,,36,36,20,16,55.56,-11.08,-37.46,15.31,-3.988,0.45,20
"[-199,-150]",HR≥45/EDG≥0.0/CV≤0.4/μ≥0.5/TP≥50,55.56,0.0,0.4,0.5,50.0,36,36,20,16,55.56,-11.08,-37.46,15.31,-3.988,0.45,20
"[-199,-150]",HR≥45/EDG≥0.0/CV≤0.4/μ≥0.5/TP≥55,55.56,0.0,0.4,0.5,55.0,36,36,20,16,55.56,-11.08,-37.46,15.31,-3.988,0.45,20
"[-199,-150]",HR≥45/EDG≥0.0/CV≤0.4/μ≥1.0/TP≥-,54.29,0.0,0.4,1.0,,35,35,19,16,54.29,-13.24,-40.04,13.56,-4.633,0.45,20
"[-199,-150]",HR≥45/EDG≥0.0/CV≤0.4/μ≥1.0/TP≥50,54.29,0.0,0.4,1.0,50.0,35,35,19,16,54.29,-13.24,-40.04,13.56,-4.633,0.45,20
"[-199,-150]",HR≥45/EDG≥0.0/CV≤0.4/μ≥1.0/TP≥55,54.29,0.0,0.4,1.0,55.0,35,35,19,16,54.29,-13.24,-40.04,13.56,-4.633,0.45,20
"[-199,-150]",HR≥45/EDG≥5.0/CV≤-/μ≥-/TP≥-,60.47,5.0,,,,86,86,52,34,60.47,-3.85,-20.4,12.71,-3.307,0.444,27
"[-199,-150]",HR≥45/EDG≥5.0/CV≤-/μ≥-/TP≥50,60.47,5.0,,,50.0,86,86,52,34,60.47,-3.85,-20.4,12.71,-3.307,0.444,27
"[-199,-150]",HR≥45/EDG≥5.0/CV≤-/μ≥-/TP≥55,60.47,5.0,,,55.0,86,86,52,34,60.47,-3.85,-20.4,12.71,-3.307,0.444,27
"[-199,-150]",HR≥45/EDG≥5.0/CV≤-/μ≥-/TP≥60,60.42,5.0,,,60.0,48,48,29,19,60.42,-6.09,-27.83,15.66,-2.923,0.524,21
"[-199,-150]",HR≥45/EDG≥5.0/CV≤-/μ≥0.0/TP≥-,60.47,5.0,,0.0,,86,86,52,34,60.47,-3.85,-20.4,12.71,-3.307,0.444,27
"[-199,-150]",HR≥45/EDG≥5.0/CV≤-/μ≥0.0/TP≥50,60.47,5.0,,0.0,50.0,86,86,52,34,60.47,-3.85,-20.4,12.71,-3.307,0.444,27
"[-199,-150]",HR≥45/EDG≥5.0/CV≤-/μ≥0.0/TP≥55,60.47,5.0,,0.0,55.0,86,86,52,34,60.47,-3.85,-20.4,12.71,-3.307,0.444,27
"[-199,-150]",HR≥45/EDG≥5.0/CV≤-/μ≥0.0/TP≥60,60.42,5.0,,0.0,60.0,48,48,29,19,60.42,-6.09,-27.83,15.66,-2.923,0.524,21
"[-199,-150]",HR≥45/EDG≥5.0/CV≤-/μ≥0.5/TP≥-,60.47,5.0,,0.5,,86,86,52,34,60.47,-3.85,-20.4,12.71,-3.307,0.444,27
"[-199,-150]",HR≥45/EDG≥5.0/CV≤-/μ≥0.5/TP≥50,60.47,5.0,,0.5,50.0,86,86,52,34,60.47,-3.85,-20.4,12.71,-3.307,0.444,27
"[-199,-150]",HR≥45/EDG≥5.0/CV≤-/μ≥0.5/TP≥55,60.47,5.0,,0.5,55.0,86,86,52,34,60.47,-3.85,-20.4,12.71,-3.307,0.444,27
"[-199,-150]",HR≥45/EDG≥5.0/CV≤-/μ≥0.5/TP≥60,60.42,5.0,,0.5,60.0,48,48,29,19,60.42,-6.09,-27.83,15.66,-2.923,0.524,21
"[-199,-150]",HR≥45/EDG≥5.0/CV≤-/μ≥1.0/TP≥-,60.0,5.0,,1.0,,85,85,51,34,60.0,-4.65,-21.32,12.02,-3.952,0.444,27
"[-199,-150]",HR≥45/EDG≥5.0/CV≤-/μ≥1.0/TP≥50,60.0,5.0,,1.0,50.0,85,85,51,34,60.0,-4.65,-21.32,12.02,-3.952,0.444,27
"[-199,-150]",HR≥45/EDG≥5.0/CV≤-/μ≥1.0/TP≥55,60.0,5.0,,1.0,55.0,85,85,51,34,60.0,-4.65,-21.32,12.02,-3.952,0.444,27
"[-199,-150]",HR≥45/EDG≥5.0/CV≤-/μ≥1.0/TP≥60,60.42,5.0,,1.0,60.0,48,48,29,19,60.42,-6.09,-27.83,15.66,-2.923,0.524,21
"[-199,-150]",HR≥45/EDG≥5.0/CV≤0.7/μ≥-/TP≥-,60.24,5.0,0.7,,,83,83,50,33,60.24,-4.19,-21.06,12.68,-3.477,0.481,27
"[-199,-150]",HR≥45/EDG≥5.0/CV≤0.7/μ≥-/TP≥50,60.24,5.0,0.7,,50.0,83,83,50,33,60.24,-4.19,-21.06,12.68,-3.477,0.481,27
"[-199,-150]",HR≥45/EDG≥5.0/CV≤0.7/μ≥-/TP≥55,60.24,5.0,0.7,,55.0,83,83,50,33,60.24,-4.19,-21.06,12.68,-3.477,0.481,27
"[-199,-150]",HR≥45/EDG≥5.0/CV≤0.7/μ≥-/TP≥60,60.87,5.0,0.7,,60.0,46,46,28,18,60.87,-5.31,-27.51,16.88,-2.443,0.571,21
"[-199,-150]",HR≥45/EDG≥5.0/CV≤0.7/μ≥0.0/TP≥-,60.24,5.0,0.7,0.0,,83,83,50,33,60.24,-4.19,-21.06,12.68,-3.477,0.481,27
"[-199,-150]",HR≥45/EDG≥5.0/CV≤0.7/μ≥0.0/TP≥50,60.24,5.0,0.7,0.0,50.0,83,83,50,33,60.24,-4.19,-21.06,12.68,-3.477,0.481,27
"[-199,-150]",HR≥45/EDG≥5.0/CV≤0.7/μ≥0.0/TP≥55,60.24,5.0,0.7,0.0,55.0,83,83,50,33,60.24,-4.19,-21.06,12.68,-3.477,0.481,27
"[-199,-150]",HR≥45/EDG≥5.0/CV≤0.7/μ≥0.0/TP≥60,60.87,5.0,0.7,0.0,60.0,46,46,28,18,60.87,-5.31,-27.51,16.88,-2.443,0.571,21
"[-199,-150]",HR≥45/EDG≥5.0/CV≤0.7/μ≥0.5/TP≥-,60.24,5.0,0.7,0.5,,83,83,50,33,60.24,-4.19,-21.06,12.68,-3.477,0.481,27
"[-199,-150]",HR≥45/EDG≥5.0/CV≤0.7/μ≥0.5/TP≥50,60.24,5.0,0.7,0.5,50.0,83,83,50,33,60.24,-4.19,-21.06,12.68,-3.477,0.481,27
"[-199,-150]",HR≥45/EDG≥5.0/CV≤0.7/μ≥0.5/TP≥55,60.24,5.0,0.7,0.5,55.0,83,83,50,33,60.24,-4.19,-21.06,12.68,-3.477,0.481,27
"[-199,-150]",HR≥45/EDG≥5.0/CV≤0.7/μ≥0.5/TP≥60,60.87,5.0,0.7,0.5,60.0,46,46,28,18,60.87,-5.31,-27.51,16.88,-2.443,0.571,21
"[-199,-150]",HR≥45/EDG≥5.0/CV≤0.7/μ≥1.0/TP≥-,59.76,5.0,0.7,1.0,,82,82,49,33,59.76,-5.03,-22.02,11.97,-4.122,0.481,27
"[-199,-150]",HR≥45/EDG≥5.0/CV≤0.7/μ≥1.0/TP≥50,59.76,5.0,0.7,1.0,50.0,82,82,49,33,59.76,-5.03,-22.02,11.97,-4.122,0.481,27
"[-199,-150]",HR≥45/EDG≥5.0/CV≤0.7/μ≥1.0/TP≥55,59.76,5.0,0.7,1.0,55.0,82,82,49,33,59.76,-5.03,-22.02,11.97,-4.122,0.481,27
"[-199,-150]",HR≥45/EDG≥5.0/CV≤0.7/μ≥1.0/TP≥60,60.87,5.0,0.7,1.0,60.0,46,46,28,18,60.87,-5.31,-27.51,16.88,-2.443,0.571,21
"[-199,-150]",HR≥45/EDG≥5.0/CV≤0.6/μ≥-/TP≥-,59.15,5.0,0.6,,,71,71,42,29,59.15,-6.17,-24.46,12.12,-4.379,0.52,25
"[-199,-150]",HR≥45/EDG≥5.0/CV≤0.6/μ≥-/TP≥50,59.15,5.0,0.6,,50.0,71,71,42,29,59.15,-6.17,-24.46,12.12,-4.379,0.52,25
"[-199,-150]",HR≥45/EDG≥5.0/CV≤0.6/μ≥-/TP≥55,59.15,5.0,0.6,,55.0,71,71,42,29,59.15,-6.17,-24.46,12.12,-4.379,0.52,25
"[-199,-150]",HR≥45/EDG≥5.0/CV≤0.6/μ≥-/TP≥60,61.9,5.0,0.6,,60.0,42,42,26,16,61.9,-3.66,-26.81,19.49,-1.536,0.55,20
"[-199,-150]",HR≥45/EDG≥5.0/CV≤0.6/μ≥0.0/TP≥-,59.15,5.0,0.6,0.0,,71,71,42,29,59.15,-6.17,-24.46,12.12,-4.379,0.52,25
"[-199,-150]",HR≥45/EDG≥5.0/CV≤0.6/μ≥0.0/TP≥50,59.15,5.0,0.6,0.0,50.0,71,71,42,29,59.15,-6.17,-24.46,12.12,-4.379,0.52,25
"[-199,-150]",HR≥45/EDG≥5.0/CV≤0.6/μ≥0.0/TP≥55,59.15,5.0,0.6,0.0,55.0,71,71,42,29,59.15,-6.17,-24.46,12.12,-4.379,0.52,25
"[-199,-150]",HR≥45/EDG≥5.0/CV≤0.6/μ≥0.0/TP≥60,61.9,5.0,0.6,0.0,60.0,42,42,26,16,61.9,-3.66,-26.81,19.49,-1.536,0.55,20
"[-199,-150]",HR≥45/EDG≥5.0/CV≤0.6/μ≥0.5/TP≥-,59.15,5.0,0.6,0.5,,71,71,42,29,59.15,-6.17,-24.46,12.12,-4.379,0.52,25
"[-199,-150]",HR≥45/EDG≥5.0/CV≤0.6/μ≥0.5/TP≥50,59.15,5.0,0.6,0.5,50.0,71,71,42,29,59.15,-6.17,-24.46,12.12,-4.379,0.52,25
"[-199,-150]",HR≥45/EDG≥5.0/CV≤0.6/μ≥0.5/TP≥55,59.15,5.0,0.6,0.5,55.0,71,71,42,29,59.15,-6.17,-24.46,12.12,-4.379,0.52,25
"[-199,-150]",HR≥45/EDG≥5.0/CV≤0.6/μ≥0.5/TP≥60,61.9,5.0,0.6,0.5,60.0,42,42,26,16,61.9,-3.66,-26.81,19.49,-1.536,0.55,20
"[-199,-150]",HR≥45/EDG≥5.0/CV≤0.6/μ≥1.0/TP≥-,58.57,5.0,0.6,1.0,,70,70,41,29,58.57,-7.18,-25.62,11.27,-5.024,0.52,25
"[-199,-150]",HR≥45/EDG≥5.0/CV≤0.6/μ≥1.0/TP≥50,58.57,5.0,0.6,1.0,50.0,70,70,41,29,58.57,-7.18,-25.62,11.27,-5.024,0.52,25
"[-199,-150]",HR≥45/EDG≥5.0/CV≤0.6/μ≥1.0/TP≥55,58.57,5.0,0.6,1.0,55.0,70,70,41,29,58.57,-7.18,-25.62,11.27,-5.024,0.52,25
"[-199,-150]",HR≥45/EDG≥5.0/CV≤0.6/μ≥1.0/TP≥60,61.9,5.0,0.6,1.0,60.0,42,42,26,16,61.9,-3.66,-26.81,19.49,-1.536,0.55,20
"[-199,-150]",HR≥45/EDG≥5.0/CV≤0.5/μ≥-/TP≥-,53.33,5.0,0.5,,,60,60,32,28,53.33,-14.98,-35.3,5.34,-8.987,0.417,24
"[-199,-150]",HR≥45/EDG≥5.0/CV≤0.5/μ≥-/TP≥50,53.33,5.0,0.5,,50.0,60,60,32,28,53.33,-14.98,-35.3,5.34,-8.987,0.417,24
"[-199,-150]",HR≥45/EDG≥5.0/CV≤0.5/μ≥-/TP≥55,53.33,5.0,0.5,,55.0,60,60,32,28,53.33,-14.98,-35.3,5.34,-8.987,0.417,24
"[-199,-150]",HR≥45/EDG≥5.0/CV≤0.5/μ≥-/TP≥60,54.55,5.0,0.5,,60.0,33,33,18,15,54.55,-15.02,-41.91,11.88,-4.956,0.444,18
"[-199,-150]",HR≥45/EDG≥5.0/CV≤0.5/μ≥0.0/TP≥-,53.33,5.0,0.5,0.0,,60,60,32,28,53.33,-14.98,-35.3,5.34,-8.987,0.417,24
"[-199,-150]",HR≥45/EDG≥5.0/CV≤0.5/μ≥0.0/TP≥50,53.33,5.0,0.5,0.0,50.0,60,60,32,28,53.33,-14.98,-35.3,5.34,-8.987,0.417,24
"[-199,-150]",HR≥45/EDG≥5.0/CV≤0.5/μ≥0.0/TP≥55,53.33,5.0,0.5,0.0,55.0,60,60,32,28,53.33,-14.98,-35.3,5.34,-8.987,0.417,24
"[-199,-150]",HR≥45/EDG≥5.0/CV≤0.5/μ≥0.0/TP≥60,54.55,5.0,0.5,0.0,60.0,33,33,18,15,54.55,-15.02,-41.91,11.88,-4.956,0.444,18
"[-199,-150]",HR≥45/EDG≥5.0/CV≤0.5/μ≥0.5/TP≥-,53.33,5.0,0.5,0.5,,60,60,32,28,53.33,-14.98,-35.3,5.34,-8.987,0.417,24
"[-199,-150]",HR≥45/EDG≥5.0/CV≤0.5/μ≥0.5/TP≥50,53.33,5.0,0.5,0.5,50.0,60,60,32,28,53.33,-14.98,-35.3,5.34,-8.987,0.417,24
"[-199,-150]",HR≥45/EDG≥5.0/CV≤0.5/μ≥0.5/TP≥55,53.33,5.0,0.5,0.5,55.0,60,60,32,28,53.33,-14.98,-35.3,5.34,-8.987,0.417,24
"[-199,-150]",HR≥45/EDG≥5.0/CV≤0.5/μ≥0.5/TP≥60,54.55,5.0,0.5,0.5,60.0,33,33,18,15,54.55,-15.02,-41.91,11.88,-4.956,0.444,18
"[-199,-150]",HR≥45/EDG≥5.0/CV≤0.5/μ≥1.0/TP≥-,52.54,5.0,0.5,1.0,,59,59,31,28,52.54,-16.33,-36.82,4.16,-9.632,0.417,24
"[-199,-150]",HR≥45/EDG≥5.0/CV≤0.5/μ≥1.0/TP≥50,52.54,5.0,0.5,1.0,50.0,59,59,31,28,52.54,-16.33,-36.82,4.16,-9.632,0.417,24
"[-199,-150]",HR≥45/EDG≥5.0/CV≤0.5/μ≥1.0/TP≥55,52.54,5.0,0.5,1.0,55.0,59,59,31,28,52.54,-16.33,-36.82,4.16,-9.632,0.417,24
"[-199,-150]",HR≥45/EDG≥5.0/CV≤0.5/μ≥1.0/TP≥60,54.55,5.0,0.5,1.0,60.0,33,33,18,15,54.55,-15.02,-41.91,11.88,-4.956,0.444,18
"[-199,-150]",HR≥45/EDG≥5.0/CV≤0.45/μ≥-/TP≥-,53.85,5.0,0.45,,,52,52,28,24,53.85,-14.11,-35.96,7.74,-7.338,0.458,24
"[-199,-150]",HR≥45/EDG≥5.0/CV≤0.45/μ≥-/TP≥50,53.85,5.0,0.45,,50.0,52,52,28,24,53.85,-14.11,-35.96,7.74,-7.338,0.458,24
"[-199,-150]",HR≥45/EDG≥5.0/CV≤0.45/μ≥-/TP≥55,53.85,5.0,0.45,,55.0,52,52,28,24,53.85,-14.11,-35.96,7.74,-7.338,0.458,24
"[-199,-150]",HR≥45/EDG≥5.0/CV≤0.45/μ≥0.0/TP≥-,53.85,5.0,0.45,0.0,,52,52,28,24,53.85,-14.11,-35.96,7.74,-7.338,0.458,24
"[-199,-150]",HR≥45/EDG≥5.0/CV≤0.45/μ≥0.0/TP≥50,53.85,5.0,0.45,0.0,50.0,52,52,28,24,53.85,-14.11,-35.96,7.74,-7.338,0.458,24
"[-199,-150]",HR≥45/EDG≥5.0/CV≤0.45/μ≥0.0/TP≥55,53.85,5.0,0.45,0.0,55.0,52,52,28,24,53.85,-14.11,-35.96,7.74,-7.338,0.458,24
"[-199,-150]",HR≥45/EDG≥5.0/CV≤0.45/μ≥0.5/TP≥-,53.85,5.0,0.45,0.5,,52,52,28,24,53.85,-14.11,-35.96,7.74,-7.338,0.458,24
"[-199,-150]",HR≥45/EDG≥5.0/CV≤0.45/μ≥0.5/TP≥50,53.85,5.0,0.45,0.5,50.0,52,52,28,24,53.85,-14.11,-35.96,7.74,-7.338,0.458,24
"[-199,-150]",HR≥45/EDG≥5.0/CV≤0.45/μ≥0.5/TP≥55,53.85,5.0,0.45,0.5,55.0,52,52,28,24,53.85,-14.11,-35.96,7.74,-7.338,0.458,24
"[-199,-150]",HR≥45/EDG≥5.0/CV≤0.45/μ≥1.0/TP≥-,52.94,5.0,0.45,1.0,,51,51,27,24,52.94,-15.65,-37.72,6.42,-7.983,0.458,24
"[-199,-150]",HR≥45/EDG≥5.0/CV≤0.45/μ≥1.0/TP≥50,52.94,5.0,0.45,1.0,50.0,51,51,27,24,52.94,-15.65,-37.72,6.42,-7.983,0.458,24
"[-199,-150]",HR≥45/EDG≥5.0/CV≤0.45/μ≥1.0/TP≥55,52.94,5.0,0.45,1.0,55.0,51,51,27,24,52.94,-15.65,-37.72,6.42,-7.983,0.458,24
"[-199,-150]",HR≥45/EDG≥5.0/CV≤0.4/μ≥-/TP≥-,55.56,5.0,0.4,,,36,36,20,16,55.56,-11.08,-37.46,15.31,-3.988,0.45,20
"[-199,-150]",HR≥45/EDG≥5.0/CV≤0.4/μ≥-/TP≥50,55.56,5.0,0.4,,50.0,36,36,20,16,55.56,-11.08,-37.46,15.31,-3.988,0.45,20
"[-199,-150]",HR≥45/EDG≥5.0/CV≤0.4/μ≥-/TP≥55,55.56,5.0,0.4,,55.0,36,36,20,16,55.56,-11.08,-37.46,15.31,-3.988,0.45,20
"[-199,-150]",HR≥45/EDG≥5.0/CV≤0.4/μ≥0.0/TP≥-,55.56,5.0,0.4,0.0,,36,36,20,16,55.56,-11.08,-37.46,15.31,-3.988,0.45,20
"[-199,-150]",HR≥45/EDG≥5.0/CV≤0.4/μ≥0.0/TP≥50,55.56,5.0,0.4,0.0,50.0,36,36,20,16,55.56,-11.08,-37.46,15.31,-3.988,0.45,20
"[-199,-150]",HR≥45/EDG≥5.0/CV≤0.4/μ≥0.0/TP≥55,55.56,5.0,0.4,0.0,55.0,36,36,20,16,55.56,-11.08,-37.46,15.31,-3.988,0.45,20
"[-199,-150]",HR≥45/EDG≥5.0/CV≤0.4/μ≥0.5/TP≥-,55.56,5.0,0.4,0.5,,36,36,20,16,55.56,-11.08,-37.46,15.31,-3.988,0.45,20
"[-199,-150]",HR≥45/EDG≥5.0/CV≤0.4/μ≥0.5/TP≥50,55.56,5.0,0.4,0.5,50.0,36,36,20,16,55.56,-11.08,-37.46,15.31,-3.988,0.45,20
"[-199,-150]",HR≥45/EDG≥5.0/CV≤0.4/μ≥0.5/TP≥55,55.56,5.0,0.4,0.5,55.0,36,36,20,16,55.56,-11.08,-37.46,15.31,-3.988,0.45,20
"[-199,-150]",HR≥45/EDG≥5.0/CV≤0.4/μ≥1.0/TP≥-,54.29,5.0,0.4,1.0,,35,35,19,16,54.29,-13.24,-40.04,13.56,-4.633,0.45,20
"[-199,-150]",HR≥45/EDG≥5.0/CV≤0.4/μ≥1.0/TP≥50,54.29,5.0,0.4,1.0,50.0,35,35,19,16,54.29,-13.24,-40.04,13.56,-4.633,0.45,20
"[-199,-150]",HR≥45/EDG≥5.0/CV≤0.4/μ≥1.0/TP≥55,54.29,5.0,0.4,1.0,55.0,35,35,19,16,54.29,-13.24,-40.04,13.56,-4.633,0.45,20
"[-199,-150]",HR≥45/EDG≥10.0/CV≤-/μ≥-/TP≥-,62.16,10.0,,,,74,74,46,28,62.16,-0.93,-18.68,16.83,-0.686,0.593,27
"[-199,-150]",HR≥45/EDG≥10.0/CV≤-/μ≥-/TP≥50,62.16,10.0,,,50.0,74,74,46,28,62.16,-0.93,-18.68,16.83,-0.686,0.593,27
"[-199,-150]",HR≥45/EDG≥10.0/CV≤-/μ≥-/TP≥55,62.16,10.0,,,55.0,74,74,46,28,62.16,-0.93,-18.68,16.83,-0.686,0.593,27
"[-199,-150]",HR≥45/EDG≥10.0/CV≤-/μ≥-/TP≥60,63.16,10.0,,,60.0,38,38,24,14,63.16,-1.73,-25.93,22.47,-0.656,0.579,19
"[-199,-150]",HR≥45/EDG≥10.0/CV≤-/μ≥0.0/TP≥-,62.16,10.0,,0.0,,74,74,46,28,62.16,-0.93,-18.68,16.83,-0.686,0.593,27
"[-199,-150]",HR≥45/EDG≥10.0/CV≤-/μ≥0.0/TP≥50,62.16,10.0,,0.0,50.0,74,74,46,28,62.16,-0.93,-18.68,16.83,-0.686,0.593,27
"[-199,-150]",HR≥45/EDG≥10.0/CV≤-/μ≥0.0/TP≥55,62.16,10.0,,0.0,55.0,74,74,46,28,62.16,-0.93,-18.68,16.83,-0.686,0.593,27
"[-199,-150]",HR≥45/EDG≥10.0/CV≤-/μ≥0.0/TP≥60,63.16,10.0,,0.0,60.0,38,38,24,14,63.16,-1.73,-25.93,22.47,-0.656,0.579,19
"[-199,-150]",HR≥45/EDG≥10.0/CV≤-/μ≥0.5/TP≥-,62.16,10.0,,0.5,,74,74,46,28,62.16,-0.93,-18.68,16.83,-0.686,0.593,27
"[-199,-150]",HR≥45/EDG≥10.0/CV≤-/μ≥0.5/TP≥50,62.16,10.0,,0.5,50.0,74,74,46,28,62.16,-0.93,-18.68,16.83,-0.686,0.593,27
"[-199,-150]",HR≥45/EDG≥10.0/CV≤-/μ≥0.5/TP≥55,62.16,10.0,,0.5,55.0,74,74,46,28,62.16,-0.93,-18.68,16.83,-0.686,0.593,27
"[-199,-150]",HR≥45/EDG≥10.0/CV≤-/μ≥0.5/TP≥60,63.16,10.0,,0.5,60.0,38,38,24,14,63.16,-1.73,-25.93,22.47,-0.656,0.579,19
"[-199,-150]",HR≥45/EDG≥10.0/CV≤-/μ≥1.0/TP≥-,62.16,10.0,,1.0,,74,74,46,28,62.16,-0.93,-18.68,16.83,-0.686,0.593,27
"[-199,-150]",HR≥45/EDG≥10.0/CV≤-/μ≥1.0/TP≥50,62.16,10.0,,1.0,50.0,74,74,46,28,62.16,-0.93,-18.68,16.83,-0.686,0.593,27
"[-199,-150]",HR≥45/EDG≥10.0/CV≤-/μ≥1.0/TP≥55,62.16,10.0,,1.0,55.0,74,74,46,28,62.16,-0.93,-18.68,16.83,-0.686,0.593,27
"[-199,-150]",HR≥45/EDG≥10.0/CV≤-/μ≥1.0/TP≥60,63.16,10.0,,1.0,60.0,38,38,24,14,63.16,-1.73,-25.93,22.47,-0.656,0.579,19
"[-199,-150]",HR≥45/EDG≥10.0/CV≤0.7/μ≥-/TP≥-,62.5,10.0,0.7,,,72,72,45,27,62.5,-0.47,-18.42,17.49,-0.336,0.593,27
"[-199,-150]",HR≥45/EDG≥10.0/CV≤0.7/μ≥-/TP≥50,62.5,10.0,0.7,,50.0,72,72,45,27,62.5,-0.47,-18.42,17.49,-0.336,0.593,27
"[-199,-150]",HR≥45/EDG≥10.0/CV≤0.7/μ≥-/TP≥55,62.5,10.0,0.7,,55.0,72,72,45,27,62.5,-0.47,-18.42,17.49,-0.336,0.593,27
"[-199,-150]",HR≥45/EDG≥10.0/CV≤0.7/μ≥-/TP≥60,64.86,10.0,0.7,,60.0,37,37,24,13,64.86,0.93,-23.35,25.21,0.344,0.579,19
"[-199,-150]",HR≥45/EDG≥10.0/CV≤0.7/μ≥0.0/TP≥-,62.5,10.0,0.7,0.0,,72,72,45,27,62.5,-0.47,-18.42,17.49,-0.336,0.593,27
"[-199,-150]",HR≥45/EDG≥10.0/CV≤0.7/μ≥0.0/TP≥50,62.5,10.0,0.7,0.0,50.0,72,72,45,27,62.5,-0.47,-18.42,17.49,-0.336,0.593,27
"[-199,-150]",HR≥45/EDG≥10.0/CV≤0.7/μ≥0.0/TP≥55,62.5,10.0,0.7,0.0,55.0,72,72,45,27,62.5,-0.47,-18.42,17.49,-0.336,0.593,27
"[-199,-150]",HR≥45/EDG≥10.0/CV≤0.7/μ≥0.0/TP≥60,64.86,10.0,0.7,0.0,60.0,37,37,24,13,64.86,0.93,-23.35,25.21,0.344,0.579,19
"[-199,-150]",HR≥45/EDG≥10.0/CV≤0.7/μ≥0.5/TP≥-,62.5,10.0,0.7,0.5,,72,72,45,27,62.5,-0.47,-18.42,17.49,-0.336,0.593,27
"[-199,-150]",HR≥45/EDG≥10.0/CV≤0.7/μ≥0.5/TP≥50,62.5,10.0,0.7,0.5,50.0,72,72,45,27,62.5,-0.47,-18.42,17.49,-0.336,0.593,27
"[-199,-150]",HR≥45/EDG≥10.0/CV≤0.7/μ≥0.5/TP≥55,62.5,10.0,0.7,0.5,55.0,72,72,45,27,62.5,-0.47,-18.42,17.49,-0.336,0.593,27
"[-199,-150]",HR≥45/EDG≥10.0/CV≤0.7/μ≥0.5/TP≥60,64.86,10.0,0.7,0.5,60.0,37,37,24,13,64.86,0.93,-23.35,25.21,0.344,0.579,19
"[-199,-150]",HR≥45/EDG≥10.0/CV≤0.7/μ≥1.0/TP≥-,62.5,10.0,0.7,1.0,,72,72,45,27,62.5,-0.47,-18.42,17.49,-0.336,0.593,27
"[-199,-150]",HR≥45/EDG≥10.0/CV≤0.7/μ≥1.0/TP≥50,62.5,10.0,0.7,1.0,50.0,72,72,45,27,62.5,-0.47,-18.42,17.49,-0.336,0.593,27
"[-199,-150]",HR≥45/EDG≥10.0/CV≤0.7/μ≥1.0/TP≥55,62.5,10.0,0.7,1.0,55.0,72,72,45,27,62.5,-0.47,-18.42,17.49,-0.336,0.593,27
"[-199,-150]",HR≥45/EDG≥10.0/CV≤0.7/μ≥1.0/TP≥60,64.86,10.0,0.7,1.0,60.0,37,37,24,13,64.86,0.93,-23.35,25.21,0.344,0.579,19
"[-199,-150]",HR≥45/EDG≥10.0/CV≤0.6/μ≥-/TP≥-,61.29,10.0,0.6,,,62,62,38,24,61.29,-2.77,-22.19,16.65,-1.717,0.6,25
"[-199,-150]",HR≥45/EDG≥10.0/CV≤0.6/μ≥-/TP≥50,61.29,10.0,0.6,,50.0,62,62,38,24,61.29,-2.77,-22.19,16.65,-1.717,0.6,25
"[-199,-150]",HR≥45/EDG≥10.0/CV≤0.6/μ≥-/TP≥55,61.29,10.0,0.6,,55.0,62,62,38,24,61.29,-2.77,-22.19,16.65,-1.717,0.6,25
"[-199,-150]",HR≥45/EDG≥10.0/CV≤0.6/μ≥-/TP≥60,65.71,10.0,0.6,,60.0,35,35,23,12,65.71,2.21,-22.62,27.04,0.772,0.579,19
"[-199,-150]",HR≥45/EDG≥10.0/CV≤0.6/μ≥0.0/TP≥-,61.29,10.0,0.6,0.0,,62,62,38,24,61.29,-2.77,-22.19,16.65,-1.717,0.6,25
"[-199,-150]",HR≥45/EDG≥10.0/CV≤0.6/μ≥0.0/TP≥50,61.29,10.0,0.6,0.0,50.0,62,62,38,24,61.29,-2.77,-22.19,16.65,-1.717,0.6,25
"[-199,-150]",HR≥45/EDG≥10.0/CV≤0.6/μ≥0.0/TP≥55,61.29,10.0,0.6,0.0,55.0,62,62,38,24,61.29,-2.77,-22.19,16.65,-1.717,0.6,25
"[-199,-150]",HR≥45/EDG≥10.0/CV≤0.6/μ≥0.0/TP≥60,65.71,10.0,0.6,0.0,60.0,35,35,23,12,65.71,2.21,-22.62,27.04,0.772,0.579,19
"[-199,-150]",HR≥45/EDG≥10.0/CV≤0.6/μ≥0.5/TP≥-,61.29,10.0,0.6,0.5,,62,62,38,24,61.29,-2.77,-22.19,16.65,-1.717,0.6,25
"[-199,-150]",HR≥45/EDG≥10.0/CV≤0.6/μ≥0.5/TP≥50,61.29,10.0,0.6,0.5,50.0,62,62,38,24,61.29,-2.77,-22.19,16.65,-1.717,0.6,25
"[-199,-150]",HR≥45/EDG≥10.0/CV≤0.6/μ≥0.5/TP≥55,61.29,10.0,0.6,0.5,55.0,62,62,38,24,61.29,-2.77,-22.19,16.65,-1.717,0.6,25
"[-199,-150]",HR≥45/EDG≥10.0/CV≤0.6/μ≥0.5/TP≥60,65.71,10.0,0.6,0.5,60.0,35,35,23,12,65.71,2.21,-22.62,27.04,0.772,0.579,19
"[-199,-150]",HR≥45/EDG≥10.0/CV≤0.6/μ≥1.0/TP≥-,61.29,10.0,0.6,1.0,,62,62,38,24,61.29,-2.77,-22.19,16.65,-1.717,0.6,25
"[-199,-150]",HR≥45/EDG≥10.0/CV≤0.6/μ≥1.0/TP≥50,61.29,10.0,0.6,1.0,50.0,62,62,38,24,61.29,-2.77,-22.19,16.65,-1.717,0.6,25
"[-199,-150]",HR≥45/EDG≥10.0/CV≤0.6/μ≥1.0/TP≥55,61.29,10.0,0.6,1.0,55.0,62,62,38,24,61.29,-2.77,-22.19,16.65,-1.717,0.6,25
"[-199,-150]",HR≥45/EDG≥10.0/CV≤0.6/μ≥1.0/TP≥60,65.71,10.0,0.6,1.0,60.0,35,35,23,12,65.71,2.21,-22.62,27.04,0.772,0.579,19
"[-199,-150]",HR≥45/EDG≥10.0/CV≤0.5/μ≥-/TP≥-,55.77,10.0,0.5,,,52,52,29,23,55.77,-11.16,-32.9,10.58,-5.803,0.542,24
"[-199,-150]",HR≥45/EDG≥10.0/CV≤0.5/μ≥-/TP≥50,55.77,10.0,0.5,,50.0,52,52,29,23,55.77,-11.16,-32.9,10.58,-5.803,0.542,24
"[-199,-150]",HR≥45/EDG≥10.0/CV≤0.5/μ≥-/TP≥55,55.77,10.0,0.5,,55.0,52,52,29,23,55.77,-11.16,-32.9,10.58,-5.803,0.542,24
"[-199,-150]",HR≥45/EDG≥10.0/CV≤0.5/μ≥0.0/TP≥-,55.77,10.0,0.5,0.0,,52,52,29,23,55.77,-11.16,-32.9,10.58,-5.803,0.542,24
"[-199,-150]",HR≥45/EDG≥10.0/CV≤0.5/μ≥0.0/TP≥50,55.77,10.0,0.5,0.0,50.0,52,52,29,23,55.77,-11.16,-32.9,10.58,-5.803,0.542,24
"[-199,-150]",HR≥45/EDG≥10.0/CV≤0.5/μ≥0.0/TP≥55,55.77,10.0,0.5,0.0,55.0,52,52,29,23,55.77,-11.16,-32.9,10.58,-5.803,0.542,24
"[-199,-150]",HR≥45/EDG≥10.0/CV≤0.5/μ≥0.5/TP≥-,55.77,10.0,0.5,0.5,,52,52,29,23,55.77,-11.16,-32.9,10.58,-5.803,0.542,24
"[-199,-150]",HR≥45/EDG≥10.0/CV≤0.5/μ≥0.5/TP≥50,55.77,10.0,0.5,0.5,50.0,52,52,29,23,55.77,-11.16,-32.9,10.58,-5.803,0.542,24
"[-199,-150]",HR≥45/EDG≥10.0/CV≤0.5/μ≥0.5/TP≥55,55.77,10.0,0.5,0.5,55.0,52,52,29,23,55.77,-11.16,-32.9,10.58,-5.803,0.542,24
"[-199,-150]",HR≥45/EDG≥10.0/CV≤0.5/μ≥1.0/TP≥-,55.77,10.0,0.5,1.0,,52,52,29,23,55.77,-11.16,-32.9,10.58,-5.803,0.542,24
"[-199,-150]",HR≥45/EDG≥10.0/CV≤0.5/μ≥1.0/TP≥50,55.77,10.0,0.5,1.0,50.0,52,52,29,23,55.77,-11.16,-32.9,10.58,-5.803,0.542,24
"[-199,-150]",HR≥45/EDG≥10.0/CV≤0.5/μ≥1.0/TP≥55,55.77,10.0,0.5,1.0,55.0,52,52,29,23,55.77,-11.16,-32.9,10.58,-5.803,0.542,24
"[-199,-150]",HR≥45/EDG≥10.0/CV≤0.45/μ≥-/TP≥-,55.56,10.0,0.45,,,45,45,25,20,55.56,-11.45,-34.88,11.98,-5.155,0.542,24
"[-199,-150]",HR≥45/EDG≥10.0/CV≤0.45/μ≥-/TP≥50,55.56,10.0,0.45,,50.0,45,45,25,20,55.56,-11.45,-34.88,11.98,-5.155,0.542,24
"[-199,-150]",HR≥45/EDG≥10.0/CV≤0.45/μ≥-/TP≥55,55.56,10.0,0.45,,55.0,45,45,25,20,55.56,-11.45,-34.88,11.98,-5.155,0.542,24
"[-199,-150]",HR≥45/EDG≥10.0/CV≤0.45/μ≥0.0/TP≥-,55.56,10.0,0.45,0.0,,45,45,25,20,55.56,-11.45,-34.88,11.98,-5.155,0.542,24
"[-199,-150]",HR≥45/EDG≥10.0/CV≤0.45/μ≥0.0/TP≥50,55.56,10.0,0.45,0.0,50.0,45,45,25,20,55.56,-11.45,-34.88,11.98,-5.155,0.542,24
"[-199,-150]",HR≥45/EDG≥10.0/CV≤0.45/μ≥0.0/TP≥55,55.56,10.0,0.45,0.0,55.0,45,45,25,20,55.56,-11.45,-34.88,11.98,-5.155,0.542,24
"[-199,-150]",HR≥45/EDG≥10.0/CV≤0.45/μ≥0.5/TP≥-,55.56,10.0,0.45,0.5,,45,45,25,20,55.56,-11.45,-34.88,11.98,-5.155,0.542,24
"[-199,-150]",HR≥45/EDG≥10.0/CV≤0.45/μ≥0.5/TP≥50,55.56,10.0,0.45,0.5,50.0,45,45,25,20,55.56,-11.45,-34.88,11.98,-5.155,0.542,24
"[-199,-150]",HR≥45/EDG≥10.0/CV≤0.45/μ≥0.5/TP≥55,55.56,10.0,0.45,0.5,55.0,45,45,25,20,55.56,-11.45,-34.88,11.98,-5.155,0.542,24
"[-199,-150]",HR≥45/EDG≥10.0/CV≤0.45/μ≥1.0/TP≥-,55.56,10.0,0.45,1.0,,45,45,25,20,55.56,-11.45,-34.88,11.98,-5.155,0.542,24
"[-199,-150]",HR≥45/EDG≥10.0/CV≤0.45/μ≥1.0/TP≥50,55.56,10.0,0.45,1.0,50.0,45,45,25,20,55.56,-11.45,-34.88,11.98,-5.155,0.542,24
"[-199,-150]",HR≥45/EDG≥10.0/CV≤0.45/μ≥1.0/TP≥55,55.56,10.0,0.45,1.0,55.0,45,45,25,20,55.56,-11.45,-34.88,11.98,-5.155,0.542,24
"[-199,-150]",HR≥45/EDG≥10.0/CV≤0.4/μ≥-/TP≥-,60.0,10.0,0.4,,,30,30,18,12,60.0,-4.26,-32.76,24.23,-1.278,0.474,19
"[-199,-150]",HR≥45/EDG≥10.0/CV≤0.4/μ≥-/TP≥50,60.0,10.0,0.4,,50.0,30,30,18,12,60.0,-4.26,-32.76,24.23,-1.278,0.474,19
"[-199,-150]",HR≥45/EDG≥10.0/CV≤0.4/μ≥-/TP≥55,60.0,10.0,0.4,,55.0,30,30,18,12,60.0,-4.26,-32.76,24.23,-1.278,0.474,19
"[-199,-150]",HR≥45/EDG≥10.0/CV≤0.4/μ≥0.0/TP≥-,60.0,10.0,0.4,0.0,,30,30,18,12,60.0,-4.26,-32.76,24.23,-1.278,0.474,19
"[-199,-150]",HR≥45/EDG≥10.0/CV≤0.4/μ≥0.0/TP≥50,60.0,10.0,0.4,0.0,50.0,30,30,18,12,60.0,-4.26,-32.76,24.23,-1.278,0.474,19
"[-199,-150]",HR≥45/EDG≥10.0/CV≤0.4/μ≥0.0/TP≥55,60.0,10.0,0.4,0.0,55.0,30,30,18,12,60.0,-4.26,-32.76,24.23,-1.278,0.474,19
"[-199,-150]",HR≥45/EDG≥10.0/CV≤0.4/μ≥0.5/TP≥-,60.0,10.0,0.4,0.5,,30,30,18,12,60.0,-4.26,-32.76,24.23,-1.278,0.474,19
"[-199,-150]",HR≥45/EDG≥10.0/CV≤0.4/μ≥0.5/TP≥50,60.0,10.0,0.4,0.5,50.0,30,30,18,12,60.0,-4.26,-32.76,24.23,-1.278,0.474,19
"[-199,-150]",HR≥45/EDG≥10.0/CV≤0.4/μ≥0.5/TP≥55,60.0,10.0,0.4,0.5,55.0,30,30,18,12,60.0,-4.26,-32.76,24.23,-1.278,0.474,19
"[-199,-150]",HR≥45/EDG≥10.0/CV≤0.4/μ≥1.0/TP≥-,60.0,10.0,0.4,1.0,,30,30,18,12,60.0,-4.26,-32.76,24.23,-1.278,0.474,19
"[-199,-150]",HR≥45/EDG≥10.0/CV≤0.4/μ≥1.0/TP≥50,60.0,10.0,0.4,1.0,50.0,30,30,18,12,60.0,-4.26,-32.76,24.23,-1.278,0.474,19
"[-199,-150]",HR≥45/EDG≥10.0/CV≤0.4/μ≥1.0/TP≥55,60.0,10.0,0.4,1.0,55.0,30,30,18,12,60.0,-4.26,-32.76,24.23,-1.278,0.474,19
"[-199,-150]",HR≥50/EDG≥-/CV≤-/μ≥-/TP≥-,58.46,,,,,131,130,76,54,58.46,-7.01,-20.55,6.54,-9.11,0.519,27
"[-199,-150]",HR≥50/EDG≥-/CV≤-/μ≥-/TP≥50,58.4,,,,50.0,126,125,73,52,58.4,-7.16,-20.97,6.65,-8.949,0.481,27
"[-199,-150]",HR≥50/EDG≥-/CV≤-/μ≥-/TP≥55,58.68,,,,55.0,122,121,71,50,58.68,-6.74,-20.76,7.28,-8.156,0.444,27
"[-199,-150]",HR≥50/EDG≥-/CV≤-/μ≥-/TP≥60,60.66,,,,60.0,61,61,37,24,60.66,-5.83,-25.03,13.37,-3.557,0.478,23
"[-199,-150]",HR≥50/EDG≥-/CV≤-/μ≥-/TP≥65,56.67,,,,65.0,30,30,17,13,56.67,-12.31,-40.23,15.61,-3.694,0.429,14
"[-199,-150]",HR≥50/EDG≥-/CV≤-/μ≥0.0/TP≥-,59.65,,,0.0,,115,114,68,46,59.65,-5.25,-19.64,9.13,-5.99,0.462,26
"[-199,-150]",HR≥50/EDG≥-/CV≤-/μ≥0.0/TP≥50,59.65,,,0.0,50.0,115,114,68,46,59.65,-5.25,-19.64,9.13,-5.99,0.462,26
"[-199,-150]",HR≥50/EDG≥-/CV≤-/μ≥0.0/TP≥55,59.46,,,0.0,55.0,112,111,66,45,59.46,-5.58,-20.17,9.01,-6.196,0.423,26
"[-199,-150]",HR≥50/EDG≥-/CV≤-/μ≥0.0/TP≥60,60.34,,,0.0,60.0,58,58,35,23,60.34,-6.27,-26.01,13.46,-3.639,0.522,23
"[-199,-150]",HR≥50/EDG≥-/CV≤-/μ≥0.0/TP≥65,56.67,,,0.0,65.0,30,30,17,13,56.67,-12.31,-40.23,15.61,-3.694,0.429,14
"[-199,-150]",HR≥50/EDG≥-/CV≤-/μ≥0.5/TP≥-,58.76,,,0.5,,98,97,57,40,58.76,-6.62,-22.29,9.05,-6.419,0.462,26
"[-199,-150]",HR≥50/EDG≥-/CV≤-/μ≥0.5/TP≥50,58.76,,,0.5,50.0,98,97,57,40,58.76,-6.62,-22.29,9.05,-6.419,0.462,26
"[-199,-150]",HR≥50/EDG≥-/CV≤-/μ≥0.5/TP≥55,58.76,,,0.5,55.0,98,97,57,40,58.76,-6.62,-22.29,9.05,-6.419,0.462,26
"[-199,-150]",HR≥50/EDG≥-/CV≤-/μ≥0.5/TP≥60,58.49,,,0.5,60.0,53,53,31,22,58.49,-9.11,-29.93,11.72,-4.827,0.545,22
"[-199,-150]",HR≥50/EDG≥-/CV≤-/μ≥0.5/TP≥65,56.67,,,0.5,65.0,30,30,17,13,56.67,-12.31,-40.23,15.61,-3.694,0.429,14
"[-199,-150]",HR≥50/EDG≥-/CV≤-/μ≥1.0/TP≥-,59.04,,,1.0,,83,83,49,34,59.04,-6.22,-23.15,10.71,-5.165,0.44,25
"[-199,-150]",HR≥50/EDG≥-/CV≤-/μ≥1.0/TP≥50,59.04,,,1.0,50.0,83,83,49,34,59.04,-6.22,-23.15,10.71,-5.165,0.44,25
"[-199,-150]",HR≥50/EDG≥-/CV≤-/μ≥1.0/TP≥55,59.04,,,1.0,55.0,83,83,49,34,59.04,-6.22,-23.15,10.71,-5.165,0.44,25
"[-199,-150]",HR≥50/EDG≥-/CV≤-/μ≥1.0/TP≥60,59.57,,,1.0,60.0,47,47,28,19,59.57,-7.34,-29.41,14.73,-3.45,0.571,21
"[-199,-150]",HR≥50/EDG≥-/CV≤0.7/μ≥-/TP≥-,58.59,,0.7,,,129,128,75,53,58.59,-6.84,-20.48,6.79,-8.759,0.519,27
"[-199,-150]",HR≥50/EDG≥-/CV≤0.7/μ≥-/TP≥50,58.54,,0.7,,50.0,124,123,72,51,58.54,-6.99,-20.9,6.92,-8.599,0.481,27
"[-199,-150]",HR≥50/EDG≥-/CV≤0.7/μ≥-/TP≥55,58.82,,0.7,,55.0,120,119,70,49,58.82,-6.56,-20.68,7.57,-7.805,0.444,27
"[-199,-150]",HR≥50/EDG≥-/CV≤0.7/μ≥-/TP≥60,60.66,,0.7,,60.0,61,61,37,24,60.66,-5.83,-25.03,13.37,-3.557,0.478,23
"[-199,-150]",HR≥50/EDG≥-/CV≤0.7/μ≥-/TP≥65,56.67,,0.7,,65.0,30,30,17,13,56.67,-12.31,-40.23,15.61,-3.694,0.429,14
"[-199,-150]",HR≥50/EDG≥-/CV≤0.7/μ≥0.0/TP≥-,59.29,,0.7,0.0,,114,113,67,46,59.29,-5.88,-20.34,8.59,-6.639,0.462,26
"[-199,-150]",HR≥50/EDG≥-/CV≤0.7/μ≥0.0/TP≥50,59.29,,0.7,0.0,50.0,114,113,67,46,59.29,-5.88,-20.34,8.59,-6.639,0.462,26
"[-199,-150]",HR≥50/EDG≥-/CV≤0.7/μ≥0.0/TP≥55,59.09,,0.7,0.0,55.0,111,110,65,45,59.09,-6.22,-20.89,8.44,-6.845,0.423,26
"[-199,-150]",HR≥50/EDG≥-/CV≤0.7/μ≥0.0/TP≥60,60.34,,0.7,0.0,60.0,58,58,35,23,60.34,-6.27,-26.01,13.46,-3.639,0.522,23
"[-199,-150]",HR≥50/EDG≥-/CV≤0.7/μ≥0.0/TP≥65,56.67,,0.7,0.0,65.0,30,30,17,13,56.67,-12.31,-40.23,15.61,-3.694,0.429,14
"[-199,-150]",HR≥50/EDG≥-/CV≤0.7/μ≥0.5/TP≥-,58.33,,0.7,0.5,,97,96,56,40,58.33,-7.36,-23.13,8.4,-7.068,0.462,26
"[-199,-150]",HR≥50/EDG≥-/CV≤0.7/μ≥0.5/TP≥50,58.33,,0.7,0.5,50.0,97,96,56,40,58.33,-7.36,-23.13,8.4,-7.068,0.462,26
"[-199,-150]",HR≥50/EDG≥-/CV≤0.7/μ≥0.5/TP≥55,58.33,,0.7,0.5,55.0,97,96,56,40,58.33,-7.36,-23.13,8.4,-7.068,0.462,26
"[-199,-150]",HR≥50/EDG≥-/CV≤0.7/μ≥0.5/TP≥60,58.49,,0.7,0.5,60.0,53,53,31,22,58.49,-9.11,-29.93,11.72,-4.827,0.545,22
"[-199,-150]",HR≥50/EDG≥-/CV≤0.7/μ≥0.5/TP≥65,56.67,,0.7,0.5,65.0,30,30,17,13,56.67,-12.31,-40.23,15.61,-3.694,0.429,14
"[-199,-150]",HR≥50/EDG≥-/CV≤0.7/μ≥1.0/TP≥-,58.54,,0.7,1.0,,82,82,48,34,58.54,-7.09,-24.14,9.96,-5.815,0.44,25
"[-199,-150]",HR≥50/EDG≥-/CV≤0.7/μ≥1.0/TP≥50,58.54,,0.7,1.0,50.0,82,82,48,34,58.54,-7.09,-24.14,9.96,-5.815,0.44,25
"[-199,-150]",HR≥50/EDG≥-/CV≤0.7/μ≥1.0/TP≥55,58.54,,0.7,1.0,55.0,82,82,48,34,58.54,-7.09,-24.14,9.96,-5.815,0.44,25
"[-199,-150]",HR≥50/EDG≥-/CV≤0.7/μ≥1.0/TP≥60,59.57,,0.7,1.0,60.0,47,47,28,19,59.57,-7.34,-29.41,14.73,-3.45,0.571,21
"[-199,-150]",HR≥50/EDG≥-/CV≤0.6/μ≥-/TP≥-,58.41,,0.6,,,114,113,66,47,58.41,-7.23,-21.75,7.29,-8.167,0.519,27
"[-199,-150]",HR≥50/EDG≥-/CV≤0.6/μ≥-/TP≥50,58.33,,0.6,,50.0,109,108,63,45,58.33,-7.41,-22.26,7.43,-8.007,0.519,27
"[-199,-150]",HR≥50/EDG≥-/CV≤0.6/μ≥-/TP≥55,58.65,,0.6,,55.0,105,104,61,43,58.65,-6.94,-22.05,8.17,-7.213,0.481,27
"[-199,-150]",HR≥50/EDG≥-/CV≤0.6/μ≥-/TP≥60,61.82,,0.6,,60.0,55,55,34,21,61.82,-4.04,-24.17,16.09,-2.222,0.455,22
"[-199,-150]",HR≥50/EDG≥-/CV≤0.6/μ≥0.0/TP≥-,58.59,,0.6,0.0,,100,99,58,41,58.59,-7.12,-22.6,8.36,-7.047,0.5,26
"[-199,-150]",HR≥50/EDG≥-/CV≤0.6/μ≥0.0/TP≥50,58.59,,0.6,0.0,50.0,100,99,58,41,58.59,-7.12,-22.6,8.36,-7.047,0.5,26
"[-199,-150]",HR≥50/EDG≥-/CV≤0.6/μ≥0.0/TP≥55,58.33,,0.6,0.0,55.0,97,96,56,40,58.33,-7.56,-23.29,8.18,-7.253,0.462,26
"[-199,-150]",HR≥50/EDG≥-/CV≤0.6/μ≥0.0/TP≥60,61.54,,0.6,0.0,60.0,52,52,32,20,61.54,-4.43,-25.18,16.32,-2.304,0.5,22
"[-199,-150]",HR≥50/EDG≥-/CV≤0.6/μ≥0.5/TP≥-,57.83,,0.6,0.5,,84,83,48,35,57.83,-8.33,-25.3,8.63,-6.917,0.423,26
"[-199,-150]",HR≥50/EDG≥-/CV≤0.6/μ≥0.5/TP≥50,57.83,,0.6,0.5,50.0,84,83,48,35,57.83,-8.33,-25.3,8.63,-6.917,0.423,26
"[-199,-150]",HR≥50/EDG≥-/CV≤0.6/μ≥0.5/TP≥55,57.83,,0.6,0.5,55.0,84,83,48,35,57.83,-8.33,-25.3,8.63,-6.917,0.423,26
"[-199,-150]",HR≥50/EDG≥-/CV≤0.6/μ≥0.5/TP≥60,59.57,,0.6,0.5,60.0,47,47,28,19,59.57,-7.43,-29.48,14.62,-3.492,0.524,21
"[-199,-150]",HR≥50/EDG≥-/CV≤0.6/μ≥1.0/TP≥-,58.57,,0.6,1.0,,70,70,41,29,58.57,-7.3,-25.72,11.12,-5.108,0.48,25
"[-199,-150]",HR≥50/EDG≥-/CV≤0.6/μ≥1.0/TP≥50,58.57,,0.6,1.0,50.0,70,70,41,29,58.57,-7.3,-25.72,11.12,-5.108,0.48,25
"[-199,-150]",HR≥50/EDG≥-/CV≤0.6/μ≥1.0/TP≥55,58.57,,0.6,1.0,55.0,70,70,41,29,58.57,-7.3,-25.72,11.12,-5.108,0.48,25
"[-199,-150]",HR≥50/EDG≥-/CV≤0.6/μ≥1.0/TP≥60,61.9,,0.6,1.0,60.0,42,42,26,16,61.9,-3.71,-26.85,19.42,-1.559,0.55,20
"[-199,-150]",HR≥50/EDG≥-/CV≤0.5/μ≥-/TP≥-,57.29,,0.5,,,96,96,55,41,57.29,-8.66,-24.54,7.21,-8.317,0.519,27
"[-199,-150]",HR≥50/EDG≥-/CV≤0.5/μ≥-/TP≥50,57.14,,0.5,,50.0,91,91,52,39,57.14,-8.96,-25.27,7.35,-8.157,0.462,26
"[-199,-150]",HR≥50/EDG≥-/CV≤0.5/μ≥-/TP≥55,57.47,,0.5,,55.0,87,87,50,37,57.47,-8.46,-25.13,8.2,-7.363,0.423,26
"[-199,-150]",HR≥50/EDG≥-/CV≤0.5/μ≥-/TP≥60,58.14,,0.5,,60.0,43,43,25,18,58.14,-9.73,-32.91,13.45,-4.184,0.571,21
"[-199,-150]",HR≥50/EDG≥-/CV≤0.5/μ≥0.0/TP≥-,57.32,,0.5,0.0,,82,82,47,35,57.32,-8.78,-25.94,8.39,-7.197,0.52,25
"[-199,-150]",HR≥50/EDG≥-/CV≤0.5/μ≥0.0/TP≥50,57.32,,0.5,0.0,50.0,82,82,47,35,57.32,-8.78,-25.94,8.39,-7.197,0.52,25
"[-199,-150]",HR≥50/EDG≥-/CV≤0.5/μ≥0.0/TP≥55,56.96,,0.5,0.0,55.0,79,79,45,34,56.96,-9.37,-26.88,8.13,-7.403,0.48,25
"[-199,-150]",HR≥50/EDG≥-/CV≤0.5/μ≥0.0/TP≥60,57.5,,0.5,0.0,60.0,40,40,23,17,57.5,-10.67,-34.78,13.45,-4.266,0.571,21
"[-199,-150]",HR≥50/EDG≥-/CV≤0.5/μ≥0.5/TP≥-,57.35,,0.5,0.5,,68,68,39,29,57.35,-8.79,-27.65,10.07,-5.975,0.48,25
"[-199,-150]",HR≥50/EDG≥-/CV≤0.5/μ≥0.5/TP≥50,57.35,,0.5,0.5,50.0,68,68,39,29,57.35,-8.79,-27.65,10.07,-5.975,0.48,25
"[-199,-150]",HR≥50/EDG≥-/CV≤0.5/μ≥0.5/TP≥55,57.35,,0.5,0.5,55.0,68,68,39,29,57.35,-8.79,-27.65,10.07,-5.975,0.48,25
"[-199,-150]",HR≥50/EDG≥-/CV≤0.5/μ≥0.5/TP≥60,56.76,,0.5,0.5,60.0,37,37,21,16,56.76,-11.79,-36.96,13.38,-4.362,0.55,20
"[-199,-150]",HR≥50/EDG≥-/CV≤0.5/μ≥1.0/TP≥-,54.1,,0.5,1.0,,61,61,33,28,54.1,-14.16,-34.19,5.87,-8.64,0.44,25
"[-199,-150]",HR≥50/EDG≥-/CV≤0.5/μ≥1.0/TP≥50,54.1,,0.5,1.0,50.0,61,61,33,28,54.1,-14.16,-34.19,5.87,-8.64,0.44,25
"[-199,-150]",HR≥50/EDG≥-/CV≤0.5/μ≥1.0/TP≥55,54.1,,0.5,1.0,55.0,61,61,33,28,54.1,-14.16,-34.19,5.87,-8.64,0.44,25
"[-199,-150]",HR≥50/EDG≥-/CV≤0.5/μ≥1.0/TP≥60,57.14,,0.5,1.0,60.0,35,35,20,15,57.14,-11.15,-37.03,14.73,-3.903,0.5,20
"[-199,-150]",HR≥50/EDG≥-/CV≤0.45/μ≥-/TP≥-,56.1,,0.45,,,82,82,46,36,56.1,-10.58,-27.83,6.67,-8.674,0.444,27
"[-199,-150]",HR≥50/EDG≥-/CV≤0.45/μ≥-/TP≥50,55.84,,0.45,,50.0,77,77,43,34,55.84,-11.06,-28.86,6.75,-8.513,0.423,26
"[-199,-150]",HR≥50/EDG≥-/CV≤0.45/μ≥-/TP≥55,56.76,,0.45,,55.0,74,74,42,32,56.76,-9.65,-27.76,8.47,-7.138,0.385,26
"[-199,-150]",HR≥50/EDG≥-/CV≤0.45/μ≥-/TP≥60,59.46,,0.45,,60.0,37,37,22,15,59.46,-7.54,-32.49,17.42,-2.789,0.6,20
"[-199,-150]",HR≥50/EDG≥-/CV≤0.45/μ≥0.0/TP≥-,56.52,,0.45,0.0,,69,69,39,30,56.52,-10.04,-28.82,8.74,-6.929,0.48,25
"[-199,-150]",HR≥50/EDG≥-/CV≤0.45/μ≥0.0/TP≥50,56.52,,0.45,0.0,50.0,69,69,39,30,56.52,-10.04,-28.82,8.74,-6.929,0.48,25
"[-199,-150]",HR≥50/EDG≥-/CV≤0.45/μ≥0.0/TP≥55,56.72,,0.45,0.0,55.0,67,67,38,29,56.72,-9.78,-28.82,9.26,-6.554,0.44,25
"[-199,-150]",HR≥50/EDG≥-/CV≤0.45/μ≥0.0/TP≥60,58.82,,0.45,0.0,60.0,34,34,20,14,58.82,-8.44,-34.6,17.71,-2.871,0.6,20
"[-199,-150]",HR≥50/EDG≥-/CV≤0.45/μ≥0.5/TP≥-,56.14,,0.45,0.5,,57,57,32,25,56.14,-10.75,-31.44,9.94,-6.125,0.44,25
"[-199,-150]",HR≥50/EDG≥-/CV≤0.45/μ≥0.5/TP≥50,56.14,,0.45,0.5,50.0,57,57,32,25,56.14,-10.75,-31.44,9.94,-6.125,0.44,25
"[-199,-150]",HR≥50/EDG≥-/CV≤0.45/μ≥0.5/TP≥55,56.14,,0.45,0.5,55.0,57,57,32,25,56.14,-10.75,-31.44,9.94,-6.125,0.44,25
"[-199,-150]",HR≥50/EDG≥-/CV≤0.45/μ≥0.5/TP≥60,58.06,,0.45,0.5,60.0,31,31,18,13,58.06,-9.57,-37.09,17.95,-2.967,0.556,18
"[-199,-150]",HR≥50/EDG≥-/CV≤0.45/μ≥1.0/TP≥-,52.94,,0.45,1.0,,51,51,27,24,52.94,-15.93,-37.92,6.07,-8.123,0.44,25
"[-199,-150]",HR≥50/EDG≥-/CV≤0.45/μ≥1.0/TP≥50,52.94,,0.45,1.0,50.0,51,51,27,24,52.94,-15.93,-37.92,6.07,-8.123,0.44,25
"[-199,-150]",HR≥50/EDG≥-/CV≤0.45/μ≥1.0/TP≥55,52.94,,0.45,1.0,55.0,51,51,27,24,52.94,-15.93,-37.92,6.07,-8.123,0.44,25
"[-199,-150]",HR≥50/EDG≥-/CV≤0.4/μ≥-/TP≥-,53.33,,0.4,,,60,60,32,28,53.33,-14.8,-35.16,5.56,-8.882,0.4,25
"[-199,-150]",HR≥50/EDG≥-/CV≤0.4/μ≥-/TP≥50,52.73,,0.4,,50.0,55,55,29,26,52.73,-15.86,-37.13,5.42,-8.721,0.417,24
"[-199,-150]",HR≥50/EDG≥-/CV≤0.4/μ≥-/TP≥55,53.85,,0.4,,55.0,52,52,28,24,53.85,-14.13,-35.98,7.72,-7.346,0.417,24
"[-199,-150]",HR≥50/EDG≥-/CV≤0.4/μ≥0.0/TP≥-,53.19,,0.4,0.0,,47,47,25,22,53.19,-15.18,-38.21,7.84,-7.137,0.455,22
"[-199,-150]",HR≥50/EDG≥-/CV≤0.4/μ≥0.0/TP≥50,53.19,,0.4,0.0,50.0,47,47,25,22,53.19,-15.18,-38.21,7.84,-7.137,0.455,22
"[-199,-150]",HR≥50/EDG≥-/CV≤0.4/μ≥0.0/TP≥55,53.33,,0.4,0.0,55.0,45,45,24,21,53.33,-15.03,-38.54,8.49,-6.762,0.455,22
"[-199,-150]",HR≥50/EDG≥-/CV≤0.4/μ≥0.5/TP≥-,54.05,,0.4,0.5,,37,37,20,17,54.05,-13.86,-39.84,12.12,-5.129,0.476,21
"[-199,-150]",HR≥50/EDG≥-/CV≤0.4/μ≥0.5/TP≥50,54.05,,0.4,0.5,50.0,37,37,20,17,54.05,-13.86,-39.84,12.12,-5.129,0.476,21
"[-199,-150]",HR≥50/EDG≥-/CV≤0.4/μ≥0.5/TP≥55,54.05,,0.4,0.5,55.0,37,37,20,17,54.05,-13.86,-39.84,12.12,-5.129,0.476,21
"[-199,-150]",HR≥50/EDG≥-/CV≤0.4/μ≥1.0/TP≥-,54.29,,0.4,1.0,,35,35,19,16,54.29,-13.64,-40.31,13.04,-4.774,0.476,21
"[-199,-150]",HR≥50/EDG≥-/CV≤0.4/μ≥1.0/TP≥50,54.29,,0.4,1.0,50.0,35,35,19,16,54.29,-13.64,-40.31,13.04,-4.774,0.476,21
"[-199,-150]",HR≥50/EDG≥-/CV≤0.4/μ≥1.0/TP≥55,54.29,,0.4,1.0,55.0,35,35,19,16,54.29,-13.64,-40.31,13.04,-4.774,0.476,21
"[-199,-150]",HR≥50/EDG≥-5.0/CV≤-/μ≥-/TP≥-,59.18,-5.0,,,,99,98,58,40,59.18,-5.94,-21.5,9.63,-5.82,0.5,26
"[-199,-150]",HR≥50/EDG≥-5.0/CV≤-/μ≥-/TP≥50,59.18,-5.0,,,50.0,99,98,58,40,59.18,-5.94,-21.5,9.63,-5.82,0.5,26
"[-199,-150]",HR≥50/EDG≥-5.0/CV≤-/μ≥-/TP≥55,59.18,-5.0,,,55.0,99,98,58,40,59.18,-5.94,-21.5,9.63,-5.82,0.5,26
"[-199,-150]",HR≥50/EDG≥-5.0/CV≤-/μ≥-/TP≥60,59.26,-5.0,,,60.0,54,54,32,22,59.26,-7.94,-28.5,12.62,-4.287,0.545,22
"[-199,-150]",HR≥50/EDG≥-5.0/CV≤-/μ≥-/TP≥65,56.67,-5.0,,,65.0,30,30,17,13,56.67,-12.31,-40.23,15.61,-3.694,0.429,14
"[-199,-150]",HR≥50/EDG≥-5.0/CV≤-/μ≥0.0/TP≥-,59.18,-5.0,,0.0,,99,98,58,40,59.18,-5.94,-21.5,9.63,-5.82,0.5,26
"[-199,-150]",HR≥50/EDG≥-5.0/CV≤-/μ≥0.0/TP≥50,59.18,-5.0,,0.0,50.0,99,98,58,40,59.18,-5.94,-21.5,9.63,-5.82,0.5,26
"[-199,-150]",HR≥50/EDG≥-5.0/CV≤-/μ≥0.0/TP≥55,59.18,-5.0,,0.0,55.0,99,98,58,40,59.18,-5.94,-21.5,9.63,-5.82,0.5,26
"[-199,-150]",HR≥50/EDG≥-5.0/CV≤-/μ≥0.0/TP≥60,59.26,-5.0,,0.0,60.0,54,54,32,22,59.26,-7.94,-28.5,12.62,-4.287,0.545,22
"[-199,-150]",HR≥50/EDG≥-5.0/CV≤-/μ≥0.0/TP≥65,56.67,-5.0,,0.0,65.0,30,30,17,13,56.67,-12.31,-40.23,15.61,-3.694,0.429,14
"[-199,-150]",HR≥50/EDG≥-5.0/CV≤-/μ≥0.5/TP≥-,58.33,-5.0,,0.5,,97,96,56,40,58.33,-7.22,-23.01,8.57,-6.931,0.423,26
"[-199,-150]",HR≥50/EDG≥-5.0/CV≤-/μ≥0.5/TP≥50,58.33,-5.0,,0.5,50.0,97,96,56,40,58.33,-7.22,-23.01,8.57,-6.931,0.423,26
"[-199,-150]",HR≥50/EDG≥-5.0/CV≤-/μ≥0.5/TP≥55,58.33,-5.0,,0.5,55.0,97,96,56,40,58.33,-7.22,-23.01,8.57,-6.931,0.423,26
"[-199,-150]",HR≥50/EDG≥-5.0/CV≤-/μ≥0.5/TP≥60,58.49,-5.0,,0.5,60.0,53,53,31,22,58.49,-9.11,-29.93,11.72,-4.827,0.545,22
"[-199,-150]",HR≥50/EDG≥-5.0/CV≤-/μ≥0.5/TP≥65,56.67,-5.0,,0.5,65.0,30,30,17,13,56.67,-12.31,-40.23,15.61,-3.694,0.429,14
"[-199,-150]",HR≥50/EDG≥-5.0/CV≤-/μ≥1.0/TP≥-,59.04,-5.0,,1.0,,83,83,49,34,59.04,-6.22,-23.15,10.71,-5.165,0.44,25
"[-199,-150]",HR≥50/EDG≥-5.0/CV≤-/μ≥1.0/TP≥50,59.04,-5.0,,1.0,50.0,83,83,49,34,59.04,-6.22,-23.15,10.71,-5.165,0.44,25
"[-199,-150]",HR≥50/EDG≥-5.0/CV≤-/μ≥1.0/TP≥55,59.04,-5.0,,1.0,55.0,83,83,49,34,59.04,-6.22,-23.15,10.71,-5.165,0.44,25
"[-199,-150]",HR≥50/EDG≥-5.0/CV≤-/μ≥1.0/TP≥60,59.57,-5.0,,1.0,60.0,47,47,28,19,59.57,-7.34,-29.41,14.73,-3.45,0.571,21
"[-199,-150]",HR≥50/EDG≥-5.0/CV≤0.7/μ≥-/TP≥-,58.76,-5.0,0.7,,,98,97,57,40,58.76,-6.67,-22.33,8.99,-6.469,0.5,26
"[-199,-150]",HR≥50/EDG≥-5.0/CV≤0.7/μ≥-/TP≥50,58.76,-5.0,0.7,,50.0,98,97,57,40,58.76,-6.67,-22.33,8.99,-6.469,0.5,26
"[-199,-150]",HR≥50/EDG≥-5.0/CV≤0.7/μ≥-/TP≥55,58.76,-5.0,0.7,,55.0,98,97,57,40,58.76,-6.67,-22.33,8.99,-6.469,0.5,26
"[-199,-150]",HR≥50/EDG≥-5.0/CV≤0.7/μ≥-/TP≥60,59.26,-5.0,0.7,,60.0,54,54,32,22,59.26,-7.94,-28.5,12.62,-4.287,0.545,22
"[-199,-150]",HR≥50/EDG≥-5.0/CV≤0.7/μ≥-/TP≥65,56.67,-5.0,0.7,,65.0,30,30,17,13,56.67,-12.31,-40.23,15.61,-3.694,0.429,14
"[-199,-150]",HR≥50/EDG≥-5.0/CV≤0.7/μ≥0.0/TP≥-,58.76,-5.0,0.7,0.0,,98,97,57,40,58.76,-6.67,-22.33,8.99,-6.469,0.5,26
"[-199,-150]",HR≥50/EDG≥-5.0/CV≤0.7/μ≥0.0/TP≥50,58.76,-5.0,0.7,0.0,50.0,98,97,57,40,58.76,-6.67,-22.33,8.99,-6.469,0.5,26
"[-199,-150]",HR≥50/EDG≥-5.0/CV≤0.7/μ≥0.0/TP≥55,58.76,-5.0,0.7,0.0,55.0,98,97,57,40,58.76,-6.67,-22.33,8.99,-6.469,0.5,26
"[-199,-150]",HR≥50/EDG≥-5.0/CV≤0.7/μ≥0.0/TP≥60,59.26,-5.0,0.7,0.0,60.0,54,54,32,22,59.26,-7.94,-28.5,12.62,-4.287,0.545,22
"[-199,-150]",HR≥50/EDG≥-5.0/CV≤0.7/μ≥0.0/TP≥65,56.67,-5.0,0.7,0.0,65.0,30,30,17,13,56.67,-12.31,-40.23,15.61,-3.694,0.429,14
"[-199,-150]",HR≥50/EDG≥-5.0/CV≤0.7/μ≥0.5/TP≥-,57.89,-5.0,0.7,0.5,,96,95,55,40,57.89,-7.98,-23.86,7.9,-7.581,0.423,26
"[-199,-150]",HR≥50/EDG≥-5.0/CV≤0.7/μ≥0.5/TP≥50,57.89,-5.0,0.7,0.5,50.0,96,95,55,40,57.89,-7.98,-23.86,7.9,-7.581,0.423,26
"[-199,-150]",HR≥50/EDG≥-5.0/CV≤0.7/μ≥0.5/TP≥55,57.89,-5.0,0.7,0.5,55.0,96,95,55,40,57.89,-7.98,-23.86,7.9,-7.581,0.423,26
"[-199,-150]",HR≥50/EDG≥-5.0/CV≤0.7/μ≥0.5/TP≥60,58.49,-5.0,0.7,0.5,60.0,53,53,31,22,58.49,-9.11,-29.93,11.72,-4.827,0.545,22
"[-199,-150]",HR≥50/EDG≥-5.0/CV≤0.7/μ≥0.5/TP≥65,56.67,-5.0,0.7,0.5,65.0,30,30,17,13,56.67,-12.31,-40.23,15.61,-3.694,0.429,14
"[-199,-150]",HR≥50/EDG≥-5.0/CV≤0.7/μ≥1.0/TP≥-,58.54,-5.0,0.7,1.0,,82,82,48,34,58.54,-7.09,-24.14,9.96,-5.815,0.44,25
"[-199,-150]",HR≥50/EDG≥-5.0/CV≤0.7/μ≥1.0/TP≥50,58.54,-5.0,0.7,1.0,50.0,82,82,48,34,58.54,-7.09,-24.14,9.96,-5.815,0.44,25
"[-199,-150]",HR≥50/EDG≥-5.0/CV≤0.7/μ≥1.0/TP≥55,58.54,-5.0,0.7,1.0,55.0,82,82,48,34,58.54,-7.09,-24.14,9.96,-5.815,0.44,25
"[-199,-150]",HR≥50/EDG≥-5.0/CV≤0.7/μ≥1.0/TP≥60,59.57,-5.0,0.7,1.0,60.0,47,47,28,19,59.57,-7.34,-29.41,14.73,-3.45,0.571,21
"[-199,-150]",HR≥50/EDG≥-5.0/CV≤0.6/μ≥-/TP≥-,58.33,-5.0,0.6,,,85,84,49,35,58.33,-7.52,-24.36,9.31,-6.318,0.423,26
"[-199,-150]",HR≥50/EDG≥-5.0/CV≤0.6/μ≥-/TP≥50,58.33,-5.0,0.6,,50.0,85,84,49,35,58.33,-7.52,-24.36,9.31,-6.318,0.423,26
"[-199,-150]",HR≥50/EDG≥-5.0/CV≤0.6/μ≥-/TP≥55,58.33,-5.0,0.6,,55.0,85,84,49,35,58.33,-7.52,-24.36,9.31,-6.318,0.423,26
"[-199,-150]",HR≥50/EDG≥-5.0/CV≤0.6/μ≥-/TP≥60,60.42,-5.0,0.6,,60.0,48,48,29,19,60.42,-6.15,-27.88,15.58,-2.952,0.524,21
"[-199,-150]",HR≥50/EDG≥-5.0/CV≤0.6/μ≥0.0/TP≥-,58.33,-5.0,0.6,0.0,,85,84,49,35,58.33,-7.52,-24.36,9.31,-6.318,0.423,26
"[-199,-150]",HR≥50/EDG≥-5.0/CV≤0.6/μ≥0.0/TP≥50,58.33,-5.0,0.6,0.0,50.0,85,84,49,35,58.33,-7.52,-24.36,9.31,-6.318,0.423,26
"[-199,-150]",HR≥50/EDG≥-5.0/CV≤0.6/μ≥0.0/TP≥55,58.33,-5.0,0.6,0.0,55.0,85,84,49,35,58.33,-7.52,-24.36,9.31,-6.318,0.423,26
"[-199,-150]",HR≥50/EDG≥-5.0/CV≤0.6/μ≥0.0/TP≥60,60.42,-5.0,0.6,0.0,60.0,48,48,29,19,60.42,-6.15,-27.88,15.58,-2.952,0.524,21
"[-199,-150]",HR≥50/EDG≥-5.0/CV≤0.6/μ≥0.5/TP≥-,57.32,-5.0,0.6,0.5,,83,82,47,35,57.32,-9.06,-26.17,8.05,-7.43,0.385,26
"[-199,-150]",HR≥50/EDG≥-5.0/CV≤0.6/μ≥0.5/TP≥50,57.32,-5.0,0.6,0.5,50.0,83,82,47,35,57.32,-9.06,-26.17,8.05,-7.43,0.385,26
"[-199,-150]",HR≥50/EDG≥-5.0/CV≤0.6/μ≥0.5/TP≥55,57.32,-5.0,0.6,0.5,55.0,83,82,47,35,57.32,-9.06,-26.17,8.05,-7.43,0.385,26
"[-199,-150]",HR≥50/EDG≥-5.0/CV≤0.6/μ≥0.5/TP≥60,59.57,-5.0,0.6,0.5,60.0,47,47,28,19,59.57,-7.43,-29.48,14.62,-3.492,0.524,21
"[-199,-150]",HR≥50/EDG≥-5.0/CV≤0.6/μ≥1.0/TP≥-,58.57,-5.0,0.6,1.0,,70,70,41,29,58.57,-7.3,-25.72,11.12,-5.108,0.48,25
"[-199,-150]",HR≥50/EDG≥-5.0/CV≤0.6/μ≥1.0/TP≥50,58.57,-5.0,0.6,1.0,50.0,70,70,41,29,58.57,-7.3,-25.72,11.12,-5.108,0.48,25
"[-199,-150]",HR≥50/EDG≥-5.0/CV≤0.6/μ≥1.0/TP≥55,58.57,-5.0,0.6,1.0,55.0,70,70,41,29,58.57,-7.3,-25.72,11.12,-5.108,0.48,25
"[-199,-150]",HR≥50/EDG≥-5.0/CV≤0.6/μ≥1.0/TP≥60,61.9,-5.0,0.6,1.0,60.0,42,42,26,16,61.9,-3.71,-26.85,19.42,-1.559,0.55,20
"[-199,-150]",HR≥50/EDG≥-5.0/CV≤0.5/μ≥-/TP≥-,57.97,-5.0,0.5,,,69,69,40,29,57.97,-7.79,-26.48,10.89,-5.376,0.48,25
"[-199,-150]",HR≥50/EDG≥-5.0/CV≤0.5/μ≥-/TP≥50,57.97,-5.0,0.5,,50.0,69,69,40,29,57.97,-7.79,-26.48,10.89,-5.376,0.48,25
"[-199,-150]",HR≥50/EDG≥-5.0/CV≤0.5/μ≥-/TP≥55,57.97,-5.0,0.5,,55.0,69,69,40,29,57.97,-7.79,-26.48,10.89,-5.376,0.48,25
"[-199,-150]",HR≥50/EDG≥-5.0/CV≤0.5/μ≥-/TP≥60,57.89,-5.0,0.5,,60.0,38,38,22,16,57.89,-10.06,-34.79,14.67,-3.822,0.6,20
"[-199,-150]",HR≥50/EDG≥-5.0/CV≤0.5/μ≥0.0/TP≥-,57.97,-5.0,0.5,0.0,,69,69,40,29,57.97,-7.79,-26.48,10.89,-5.376,0.48,25
"[-199,-150]",HR≥50/EDG≥-5.0/CV≤0.5/μ≥0.0/TP≥50,57.97,-5.0,0.5,0.0,50.0,69,69,40,29,57.97,-7.79,-26.48,10.89,-5.376,0.48,25
"[-199,-150]",HR≥50/EDG≥-5.0/CV≤0.5/μ≥0.0/TP≥55,57.97,-5.0,0.5,0.0,55.0,69,69,40,29,57.97,-7.79,-26.48,10.89,-5.376,0.48,25
"[-199,-150]",HR≥50/EDG≥-5.0/CV≤0.5/μ≥0.0/TP≥60,57.89,-5.0,0.5,0.0,60.0,38,38,22,16,57.89,-10.06,-34.79,14.67,-3.822,0.6,20
"[-199,-150]",HR≥50/EDG≥-5.0/CV≤0.5/μ≥0.5/TP≥-,56.72,-5.0,0.5,0.5,,67,67,38,29,56.72,-9.68,-28.74,9.38,-6.488,0.44,25
"[-199,-150]",HR≥50/EDG≥-5.0/CV≤0.5/μ≥0.5/TP≥50,56.72,-5.0,0.5,0.5,50.0,67,67,38,29,56.72,-9.68,-28.74,9.38,-6.488,0.44,25
"[-199,-150]",HR≥50/EDG≥-5.0/CV≤0.5/μ≥0.5/TP≥55,56.72,-5.0,0.5,0.5,55.0,67,67,38,29,56.72,-9.68,-28.74,9.38,-6.488,0.44,25
"[-199,-150]",HR≥50/EDG≥-5.0/CV≤0.5/μ≥0.5/TP≥60,56.76,-5.0,0.5,0.5,60.0,37,37,21,16,56.76,-11.79,-36.96,13.38,-4.362,0.55,20
"[-199,-150]",HR≥50/EDG≥-5.0/CV≤0.5/μ≥1.0/TP≥-,54.1,-5.0,0.5,1.0,,61,61,33,28,54.1,-14.16,-34.19,5.87,-8.64,0.44,25
"[-199,-150]",HR≥50/EDG≥-5.0/CV≤0.5/μ≥1.0/TP≥50,54.1,-5.0,0.5,1.0,50.0,61,61,33,28,54.1,-14.16,-34.19,5.87,-8.64,0.44,25
"[-199,-150]",HR≥50/EDG≥-5.0/CV≤0.5/μ≥1.0/TP≥55,54.1,-5.0,0.5,1.0,55.0,61,61,33,28,54.1,-14.16,-34.19,5.87,-8.64,0.44,25
"[-199,-150]",HR≥50/EDG≥-5.0/CV≤0.5/μ≥1.0/TP≥60,57.14,-5.0,0.5,1.0,60.0,35,35,20,15,57.14,-11.15,-37.03,14.73,-3.903,0.5,20
"[-199,-150]",HR≥50/EDG≥-5.0/CV≤0.45/μ≥-/TP≥-,56.9,-5.0,0.45,,,58,58,33,25,56.9,-9.53,-30.0,10.94,-5.526,0.48,25
"[-199,-150]",HR≥50/EDG≥-5.0/CV≤0.45/μ≥-/TP≥50,56.9,-5.0,0.45,,50.0,58,58,33,25,56.9,-9.53,-30.0,10.94,-5.526,0.48,25
"[-199,-150]",HR≥50/EDG≥-5.0/CV≤0.45/μ≥-/TP≥55,56.9,-5.0,0.45,,55.0,58,58,33,25,56.9,-9.53,-30.0,10.94,-5.526,0.48,25
"[-199,-150]",HR≥50/EDG≥-5.0/CV≤0.45/μ≥-/TP≥60,59.38,-5.0,0.45,,60.0,32,32,19,13,59.38,-7.58,-34.51,19.34,-2.427,0.611,18
"[-199,-150]",HR≥50/EDG≥-5.0/CV≤0.45/μ≥0.0/TP≥-,56.9,-5.0,0.45,0.0,,58,58,33,25,56.9,-9.53,-30.0,10.94,-5.526,0.48,25
"[-199,-150]",HR≥50/EDG≥-5.0/CV≤0.45/μ≥0.0/TP≥50,56.9,-5.0,0.45,0.0,50.0,58,58,33,25,56.9,-9.53,-30.0,10.94,-5.526,0.48,25
"[-199,-150]",HR≥50/EDG≥-5.0/CV≤0.45/μ≥0.0/TP≥55,56.9,-5.0,0.45,0.0,55.0,58,58,33,25,56.9,-9.53,-30.0,10.94,-5.526,0.48,25
"[-199,-150]",HR≥50/EDG≥-5.0/CV≤0.45/μ≥0.0/TP≥60,59.38,-5.0,0.45,0.0,60.0,32,32,19,13,59.38,-7.58,-34.51,19.34,-2.427,0.611,18
"[-199,-150]",HR≥50/EDG≥-5.0/CV≤0.45/μ≥0.5/TP≥-,55.36,-5.0,0.45,0.5,,56,56,31,25,55.36,-11.85,-32.8,9.09,-6.638,0.44,25
"[-199,-150]",HR≥50/EDG≥-5.0/CV≤0.45/μ≥0.5/TP≥50,55.36,-5.0,0.45,0.5,50.0,56,56,31,25,55.36,-11.85,-32.8,9.09,-6.638,0.44,25
"[-199,-150]",HR≥50/EDG≥-5.0/CV≤0.45/μ≥0.5/TP≥55,55.36,-5.0,0.45,0.5,55.0,56,56,31,25,55.36,-11.85,-32.8,9.09,-6.638,0.44,25
"[-199,-150]",HR≥50/EDG≥-5.0/CV≤0.45/μ≥0.5/TP≥60,58.06,-5.0,0.45,0.5,60.0,31,31,18,13,58.06,-9.57,-37.09,17.95,-2.967,0.556,18
"[-199,-150]",HR≥50/EDG≥-5.0/CV≤0.45/μ≥1.0/TP≥-,52.94,-5.0,0.45,1.0,,51,51,27,24,52.94,-15.93,-37.92,6.07,-8.123,0.44,25
"[-199,-150]",HR≥50/EDG≥-5.0/CV≤0.45/μ≥1.0/TP≥50,52.94,-5.0,0.45,1.0,50.0,51,51,27,24,52.94,-15.93,-37.92,6.07,-8.123,0.44,25
"[-199,-150]",HR≥50/EDG≥-5.0/CV≤0.45/μ≥1.0/TP≥55,52.94,-5.0,0.45,1.0,55.0,51,51,27,24,52.94,-15.93,-37.92,6.07,-8.123,0.44,25
"[-199,-150]",HR≥50/EDG≥-5.0/CV≤0.4/μ≥-/TP≥-,56.41,-5.0,0.4,,,39,39,22,17,56.41,-10.3,-35.4,14.81,-4.017,0.476,21
"[-199,-150]",HR≥50/EDG≥-5.0/CV≤0.4/μ≥-/TP≥50,56.41,-5.0,0.4,,50.0,39,39,22,17,56.41,-10.3,-35.4,14.81,-4.017,0.476,21
"[-199,-150]",HR≥50/EDG≥-5.0/CV≤0.4/μ≥-/TP≥55,56.41,-5.0,0.4,,55.0,39,39,22,17,56.41,-10.3,-35.4,14.81,-4.017,0.476,21
"[-199,-150]",HR≥50/EDG≥-5.0/CV≤0.4/μ≥0.0/TP≥-,56.41,-5.0,0.4,0.0,,39,39,22,17,56.41,-10.3,-35.4,14.81,-4.017,0.476,21
"[-199,-150]",HR≥50/EDG≥-5.0/CV≤0.4/μ≥0.0/TP≥50,56.41,-5.0,0.4,0.0,50.0,39,39,22,17,56.41,-10.3,-35.4,14.81,-4.017,0.476,21
"[-199,-150]",HR≥50/EDG≥-5.0/CV≤0.4/μ≥0.0/TP≥55,56.41,-5.0,0.4,0.0,55.0,39,39,22,17,56.41,-10.3,-35.4,14.81,-4.017,0.476,21
"[-199,-150]",HR≥50/EDG≥-5.0/CV≤0.4/μ≥0.5/TP≥-,54.05,-5.0,0.4,0.5,,37,37,20,17,54.05,-13.86,-39.84,12.12,-5.129,0.476,21
"[-199,-150]",HR≥50/EDG≥-5.0/CV≤0.4/μ≥0.5/TP≥50,54.05,-5.0,0.4,0.5,50.0,37,37,20,17,54.05,-13.86,-39.84,12.12,-5.129,0.476,21
"[-199,-150]",HR≥50/EDG≥-5.0/CV≤0.4/μ≥0.5/TP≥55,54.05,-5.0,0.4,0.5,55.0,37,37,20,17,54.05,-13.86,-39.84,12.12,-5.129,0.476,21
"[-199,-150]",HR≥50/EDG≥-5.0/CV≤0.4/μ≥1.0/TP≥-,54.29,-5.0,0.4,1.0,,35,35,19,16,54.29,-13.64,-40.31,13.04,-4.774,0.476,21
"[-199,-150]",HR≥50/EDG≥-5.0/CV≤0.4/μ≥1.0/TP≥50,54.29,-5.0,0.4,1.0,50.0,35,35,19,16,54.29,-13.64,-40.31,13.04,-4.774,0.476,21
"[-199,-150]",HR≥50/EDG≥-5.0/CV≤0.4/μ≥1.0/TP≥55,54.29,-5.0,0.4,1.0,55.0,35,35,19,16,54.29,-13.64,-40.31,13.04,-4.774,0.476,21
"[-199,-150]",HR≥50/EDG≥0.0/CV≤-/μ≥-/TP≥-,59.14,0.0,,,,94,93,55,38,59.14,-5.87,-21.88,10.14,-5.458,0.385,26
"[-199,-150]",HR≥50/EDG≥0.0/CV≤-/μ≥-/TP≥50,59.14,0.0,,,50.0,94,93,55,38,59.14,-5.87,-21.88,10.14,-5.458,0.385,26
"[-199,-150]",HR≥50/EDG≥0.0/CV≤-/μ≥-/TP≥55,59.14,0.0,,,55.0,94,93,55,38,59.14,-5.87,-21.88,10.14,-5.458,0.385,26
"[-199,-150]",HR≥50/EDG≥0.0/CV≤-/μ≥-/TP≥60,60.0,0.0,,,60.0,50,50,30,20,60.0,-6.71,-28.05,14.63,-3.354,0.571,21
"[-199,-150]",HR≥50/EDG≥0.0/CV≤-/μ≥0.0/TP≥-,59.14,0.0,,0.0,,94,93,55,38,59.14,-5.87,-21.88,10.14,-5.458,0.385,26
"[-199,-150]",HR≥50/EDG≥0.0/CV≤-/μ≥0.0/TP≥50,59.14,0.0,,0.0,50.0,94,93,55,38,59.14,-5.87,-21.88,10.14,-5.458,0.385,26
"[-199,-150]",HR≥50/EDG≥0.0/CV≤-/μ≥0.0/TP≥55,59.14,0.0,,0.0,55.0,94,93,55,38,59.14,-5.87,-21.88,10.14,-5.458,0.385,26
"[-199,-150]",HR≥50/EDG≥0.0/CV≤-/μ≥0.0/TP≥60,60.0,0.0,,0.0,60.0,50,50,30,20,60.0,-6.71,-28.05,14.63,-3.354,0.571,21
"[-199,-150]",HR≥50/EDG≥0.0/CV≤-/μ≥0.5/TP≥-,59.14,0.0,,0.5,,94,93,55,38,59.14,-5.87,-21.88,10.14,-5.458,0.385,26
"[-199,-150]",HR≥50/EDG≥0.0/CV≤-/μ≥0.5/TP≥50,59.14,0.0,,0.5,50.0,94,93,55,38,59.14,-5.87,-21.88,10.14,-5.458,0.385,26
"[-199,-150]",HR≥50/EDG≥0.0/CV≤-/μ≥0.5/TP≥55,59.14,0.0,,0.5,55.0,94,93,55,38,59.14,-5.87,-21.88,10.14,-5.458,0.385,26
"[-199,-150]",HR≥50/EDG≥0.0/CV≤-/μ≥0.5/TP≥60,60.0,0.0,,0.5,60.0,50,50,30,20,60.0,-6.71,-28.05,14.63,-3.354,0.571,21
"[-199,-150]",HR≥50/EDG≥0.0/CV≤-/μ≥1.0/TP≥-,58.54,0.0,,1.0,,82,82,48,34,58.54,-6.94,-24.02,10.14,-5.692,0.44,25
"[-199,-150]",HR≥50/EDG≥0.0/CV≤-/μ≥1.0/TP≥50,58.54,0.0,,1.0,50.0,82,82,48,34,58.54,-6.94,-24.02,10.14,-5.692,0.44,25
"[-199,-150]",HR≥50/EDG≥0.0/CV≤-/μ≥1.0/TP≥55,58.54,0.0,,1.0,55.0,82,82,48,34,58.54,-6.94,-24.02,10.14,-5.692,0.44,25
"[-199,-150]",HR≥50/EDG≥0.0/CV≤-/μ≥1.0/TP≥60,58.7,0.0,,1.0,60.0,46,46,27,19,58.7,-8.64,-31.05,13.76,-3.976,0.55,20
"[-199,-150]",HR≥50/EDG≥0.0/CV≤0.7/μ≥-/TP≥-,58.7,0.0,0.7,,,93,92,54,38,58.7,-6.64,-22.75,9.47,-6.107,0.385,26
"[-199,-150]",HR≥50/EDG≥0.0/CV≤0.7/μ≥-/TP≥50,58.7,0.0,0.7,,50.0,93,92,54,38,58.7,-6.64,-22.75,9.47,-6.107,0.385,26
"[-199,-150]",HR≥50/EDG≥0.0/CV≤0.7/μ≥-/TP≥55,58.7,0.0,0.7,,55.0,93,92,54,38,58.7,-6.64,-22.75,9.47,-6.107,0.385,26
"[-199,-150]",HR≥50/EDG≥0.0/CV≤0.7/μ≥-/TP≥60,60.0,0.0,0.7,,60.0,50,50,30,20,60.0,-6.71,-28.05,14.63,-3.354,0.571,21
"[-199,-150]",HR≥50/EDG≥0.0/CV≤0.7/μ≥0.0/TP≥-,58.7,0.0,0.7,0.0,,93,92,54,38,58.7,-6.64,-22.75,9.47,-6.107,0.385,26
"[-199,-150]",HR≥50/EDG≥0.0/CV≤0.7/μ≥0.0/TP≥50,58.7,0.0,0.7,0.0,50.0,93,92,54,38,58.7,-6.64,-22.75,9.47,-6.107,0.385,26
"[-199,-150]",HR≥50/EDG≥0.0/CV≤0.7/μ≥0.0/TP≥55,58.7,0.0,0.7,0.0,55.0,93,92,54,38,58.7,-6.64,-22.75,9.47,-6.107,0.385,26
"[-199,-150]",HR≥50/EDG≥0.0/CV≤0.7/μ≥0.0/TP≥60,60.0,0.0,0.7,0.0,60.0,50,50,30,20,60.0,-6.71,-28.05,14.63,-3.354,0.571,21
"[-199,-150]",HR≥50/EDG≥0.0/CV≤0.7/μ≥0.5/TP≥-,58.7,0.0,0.7,0.5,,93,92,54,38,58.7,-6.64,-22.75,9.47,-6.107,0.385,26
"[-199,-150]",HR≥50/EDG≥0.0/CV≤0.7/μ≥0.5/TP≥50,58.7,0.0,0.7,0.5,50.0,93,92,54,38,58.7,-6.64,-22.75,9.47,-6.107,0.385,26
"[-199,-150]",HR≥50/EDG≥0.0/CV≤0.7/μ≥0.5/TP≥55,58.7,0.0,0.7,0.5,55.0,93,92,54,38,58.7,-6.64,-22.75,9.47,-6.107,0.385,26
"[-199,-150]",HR≥50/EDG≥0.0/CV≤0.7/μ≥0.5/TP≥60,60.0,0.0,0.7,0.5,60.0,50,50,30,20,60.0,-6.71,-28.05,14.63,-3.354,0.571,21
"[-199,-150]",HR≥50/EDG≥0.0/CV≤0.7/μ≥1.0/TP≥-,58.02,0.0,0.7,1.0,,81,81,47,34,58.02,-7.83,-25.03,9.37,-6.341,0.44,25
"[-199,-150]",HR≥50/EDG≥0.0/CV≤0.7/μ≥1.0/TP≥50,58.02,0.0,0.7,1.0,50.0,81,81,47,34,58.02,-7.83,-25.03,9.37,-6.341,0.44,25
"[-199,-150]",HR≥50/EDG≥0.0/CV≤0.7/μ≥1.0/TP≥55,58.02,0.0,0.7,1.0,55.0,81,81,47,34,58.02,-7.83,-25.03,9.37,-6.341,0.44,25
"[-199,-150]",HR≥50/EDG≥0.0/CV≤0.7/μ≥1.0/TP≥60,58.7,0.0,0.7,1.0,60.0,46,46,27,19,58.7,-8.64,-31.05,13.76,-3.976,0.55,20
"[-199,-150]",HR≥50/EDG≥0.0/CV≤0.6/μ≥-/TP≥-,58.23,0.0,0.6,,,80,79,46,33,58.23,-7.54,-24.94,9.86,-5.956,0.423,26
"[-199,-150]",HR≥50/EDG≥0.0/CV≤0.6/μ≥-/TP≥50,58.23,0.0,0.6,,50.0,80,79,46,33,58.23,-7.54,-24.94,9.86,-5.956,0.423,26
"[-199,-150]",HR≥50/EDG≥0.0/CV≤0.6/μ≥-/TP≥55,58.23,0.0,0.6,,55.0,80,79,46,33,58.23,-7.54,-24.94,9.86,-5.956,0.423,26
"[-199,-150]",HR≥50/EDG≥0.0/CV≤0.6/μ≥-/TP≥60,61.36,0.0,0.6,,60.0,44,44,27,17,61.36,-4.59,-27.23,18.06,-2.018,0.55,20
"[-199,-150]",HR≥50/EDG≥0.0/CV≤0.6/μ≥0.0/TP≥-,58.23,0.0,0.6,0.0,,80,79,46,33,58.23,-7.54,-24.94,9.86,-5.956,0.423,26
"[-199,-150]",HR≥50/EDG≥0.0/CV≤0.6/μ≥0.0/TP≥50,58.23,0.0,0.6,0.0,50.0,80,79,46,33,58.23,-7.54,-24.94,9.86,-5.956,0.423,26
"[-199,-150]",HR≥50/EDG≥0.0/CV≤0.6/μ≥0.0/TP≥55,58.23,0.0,0.6,0.0,55.0,80,79,46,33,58.23,-7.54,-24.94,9.86,-5.956,0.423,26
"[-199,-150]",HR≥50/EDG≥0.0/CV≤0.6/μ≥0.0/TP≥60,61.36,0.0,0.6,0.0,60.0,44,44,27,17,61.36,-4.59,-27.23,18.06,-2.018,0.55,20
"[-199,-150]",HR≥50/EDG≥0.0/CV≤0.6/μ≥0.5/TP≥-,58.23,0.0,0.6,0.5,,80,79,46,33,58.23,-7.54,-24.94,9.86,-5.956,0.423,26
"[-199,-150]",HR≥50/EDG≥0.0/CV≤0.6/μ≥0.5/TP≥50,58.23,0.0,0.6,0.5,50.0,80,79,46,33,58.23,-7.54,-24.94,9.86,-5.956,0.423,26
"[-199,-150]",HR≥50/EDG≥0.0/CV≤0.6/μ≥0.5/TP≥55,58.23,0.0,0.6,0.5,55.0,80,79,46,33,58.23,-7.54,-24.94,9.86,-5.956,0.423,26
"[-199,-150]",HR≥50/EDG≥0.0/CV≤0.6/μ≥0.5/TP≥60,61.36,0.0,0.6,0.5,60.0,44,44,27,17,61.36,-4.59,-27.23,18.06,-2.018,0.55,20
"[-199,-150]",HR≥50/EDG≥0.0/CV≤0.6/μ≥1.0/TP≥-,57.97,0.0,0.6,1.0,,69,69,40,29,57.97,-8.17,-26.77,10.44,-5.635,0.458,24
"[-199,-150]",HR≥50/EDG≥0.0/CV≤0.6/μ≥1.0/TP≥50,57.97,0.0,0.6,1.0,50.0,69,69,40,29,57.97,-8.17,-26.77,10.44,-5.635,0.458,24
"[-199,-150]",HR≥50/EDG≥0.0/CV≤0.6/μ≥1.0/TP≥55,57.97,0.0,0.6,1.0,55.0,69,69,40,29,57.97,-8.17,-26.77,10.44,-5.635,0.458,24
"[-199,-150]",HR≥50/EDG≥0.0/CV≤0.6/μ≥1.0/TP≥60,60.98,0.0,0.6,1.0,60.0,41,41,25,16,60.98,-5.09,-28.63,18.46,-2.085,0.526,19
"[-199,-150]",HR≥50/EDG≥0.0/CV≤0.5/μ≥-/TP≥-,56.92,0.0,0.5,,,65,65,37,28,56.92,-9.25,-28.62,10.11,-6.014,0.417,24
"[-199,-150]",HR≥50/EDG≥0.0/CV≤0.5/μ≥-/TP≥50,56.92,0.0,0.5,,50.0,65,65,37,28,56.92,-9.25,-28.62,10.11,-6.014,0.417,24
"[-199,-150]",HR≥50/EDG≥0.0/CV≤0.5/μ≥-/TP≥55,56.92,0.0,0.5,,55.0,65,65,37,28,56.92,-9.25,-28.62,10.11,-6.014,0.417,24
"[-199,-150]",HR≥50/EDG≥0.0/CV≤0.5/μ≥-/TP≥60,57.14,0.0,0.5,,60.0,35,35,20,15,57.14,-11.11,-37.0,14.78,-3.889,0.526,19
"[-199,-150]",HR≥50/EDG≥0.0/CV≤0.5/μ≥0.0/TP≥-,56.92,0.0,0.5,0.0,,65,65,37,28,56.92,-9.25,-28.62,10.11,-6.014,0.417,24
"[-199,-150]",HR≥50/EDG≥0.0/CV≤0.5/μ≥0.0/TP≥50,56.92,0.0,0.5,0.0,50.0,65,65,37,28,56.92,-9.25,-28.62,10.11,-6.014,0.417,24
"[-199,-150]",HR≥50/EDG≥0.0/CV≤0.5/μ≥0.0/TP≥55,56.92,0.0,0.5,0.0,55.0,65,65,37,28,56.92,-9.25,-28.62,10.11,-6.014,0.417,24
"[-199,-150]",HR≥50/EDG≥0.0/CV≤0.5/μ≥0.0/TP≥60,57.14,0.0,0.5,0.0,60.0,35,35,20,15,57.14,-11.11,-37.0,14.78,-3.889,0.526,19
"[-199,-150]",HR≥50/EDG≥0.0/CV≤0.5/μ≥0.5/TP≥-,56.92,0.0,0.5,0.5,,65,65,37,28,56.92,-9.25,-28.62,10.11,-6.014,0.417,24
"[-199,-150]",HR≥50/EDG≥0.0/CV≤0.5/μ≥0.5/TP≥50,56.92,0.0,0.5,0.5,50.0,65,65,37,28,56.92,-9.25,-28.62,10.11,-6.014,0.417,24
"[-199,-150]",HR≥50/EDG≥0.0/CV≤0.5/μ≥0.5/TP≥55,56.92,0.0,0.5,0.5,55.0,65,65,37,28,56.92,-9.25,-28.62,10.11,-6.014,0.417,24
"[-199,-150]",HR≥50/EDG≥0.0/CV≤0.5/μ≥0.5/TP≥60,57.14,0.0,0.5,0.5,60.0,35,35,20,15,57.14,-11.11,-37.0,14.78,-3.889,0.526,19
"[-199,-150]",HR≥50/EDG≥0.0/CV≤0.5/μ≥1.0/TP≥-,53.33,0.0,0.5,1.0,,60,60,32,28,53.33,-15.28,-35.52,4.97,-9.166,0.417,24
"[-199,-150]",HR≥50/EDG≥0.0/CV≤0.5/μ≥1.0/TP≥50,53.33,0.0,0.5,1.0,50.0,60,60,32,28,53.33,-15.28,-35.52,4.97,-9.166,0.417,24
"[-199,-150]",HR≥50/EDG≥0.0/CV≤0.5/μ≥1.0/TP≥55,53.33,0.0,0.5,1.0,55.0,60,60,32,28,53.33,-15.28,-35.52,4.97,-9.166,0.417,24
"[-199,-150]",HR≥50/EDG≥0.0/CV≤0.5/μ≥1.0/TP≥60,55.88,0.0,0.5,1.0,60.0,34,34,19,15,55.88,-13.03,-39.41,13.35,-4.429,0.474,19
"[-199,-150]",HR≥50/EDG≥0.0/CV≤0.45/μ≥-/TP≥-,55.56,0.0,0.45,,,54,54,30,24,55.56,-11.42,-32.77,9.94,-6.165,0.417,24
"[-199,-150]",HR≥50/EDG≥0.0/CV≤0.45/μ≥-/TP≥50,55.56,0.0,0.45,,50.0,54,54,30,24,55.56,-11.42,-32.77,9.94,-6.165,0.417,24
"[-199,-150]",HR≥50/EDG≥0.0/CV≤0.45/μ≥-/TP≥55,55.56,0.0,0.45,,55.0,54,54,30,24,55.56,-11.42,-32.77,9.94,-6.165,0.417,24
"[-199,-150]",HR≥50/EDG≥0.0/CV≤0.45/μ≥0.0/TP≥-,55.56,0.0,0.45,0.0,,54,54,30,24,55.56,-11.42,-32.77,9.94,-6.165,0.417,24
"[-199,-150]",HR≥50/EDG≥0.0/CV≤0.45/μ≥0.0/TP≥50,55.56,0.0,0.45,0.0,50.0,54,54,30,24,55.56,-11.42,-32.77,9.94,-6.165,0.417,24
"[-199,-150]",HR≥50/EDG≥0.0/CV≤0.45/μ≥0.0/TP≥55,55.56,0.0,0.45,0.0,55.0,54,54,30,24,55.56,-11.42,-32.77,9.94,-6.165,0.417,24
"[-199,-150]",HR≥50/EDG≥0.0/CV≤0.45/μ≥0.5/TP≥-,55.56,0.0,0.45,0.5,,54,54,30,24,55.56,-11.42,-32.77,9.94,-6.165,0.417,24
"[-199,-150]",HR≥50/EDG≥0.0/CV≤0.45/μ≥0.5/TP≥50,55.56,0.0,0.45,0.5,50.0,54,54,30,24,55.56,-11.42,-32.77,9.94,-6.165,0.417,24
"[-199,-150]",HR≥50/EDG≥0.0/CV≤0.45/μ≥0.5/TP≥55,55.56,0.0,0.45,0.5,55.0,54,54,30,24,55.56,-11.42,-32.77,9.94,-6.165,0.417,24
"[-199,-150]",HR≥50/EDG≥0.0/CV≤0.45/μ≥1.0/TP≥-,52.0,0.0,0.45,1.0,,50,50,26,24,52.0,-17.3,-39.57,4.97,-8.65,0.417,24
"[-199,-150]",HR≥50/EDG≥0.0/CV≤0.45/μ≥1.0/TP≥50,52.0,0.0,0.45,1.0,50.0,50,50,26,24,52.0,-17.3,-39.57,4.97,-8.65,0.417,24
"[-199,-150]",HR≥50/EDG≥0.0/CV≤0.45/μ≥1.0/TP≥55,52.0,0.0,0.45,1.0,55.0,50,50,26,24,52.0,-17.3,-39.57,4.97,-8.65,0.417,24
"[-199,-150]",HR≥50/EDG≥0.0/CV≤0.4/μ≥-/TP≥-,54.29,0.0,0.4,,,35,35,19,16,54.29,-13.3,-40.08,13.48,-4.655,0.45,20
"[-199,-150]",HR≥50/EDG≥0.0/CV≤0.4/μ≥-/TP≥50,54.29,0.0,0.4,,50.0,35,35,19,16,54.29,-13.3,-40.08,13.48,-4.655,0.45,20
"[-199,-150]",HR≥50/EDG≥0.0/CV≤0.4/μ≥-/TP≥55,54.29,0.0,0.4,,55.0,35,35,19,16,54.29,-13.3,-40.08,13.48,-4.655,0.45,20
"[-199,-150]",HR≥50/EDG≥0.0/CV≤0.4/μ≥0.0/TP≥-,54.29,0.0,0.4,0.0,,35,35,19,16,54.29,-13.3,-40.08,13.48,-4.655,0.45,20
"[-199,-150]",HR≥50/EDG≥0.0/CV≤0.4/μ≥0.0/TP≥50,54.29,0.0,0.4,0.0,50.0,35,35,19,16,54.29,-13.3,-40.08,13.48,-4.655,0.45,20
"[-199,-150]",HR≥50/EDG≥0.0/CV≤0.4/μ≥0.0/TP≥55,54.29,0.0,0.4,0.0,55.0,35,35,19,16,54.29,-13.3,-40.08,13.48,-4.655,0.45,20
"[-199,-150]",HR≥50/EDG≥0.0/CV≤0.4/μ≥0.5/TP≥-,54.29,0.0,0.4,0.5,,35,35,19,16,54.29,-13.3,-40.08,13.48,-4.655,0.45,20
"[-199,-150]",HR≥50/EDG≥0.0/CV≤0.4/μ≥0.5/TP≥50,54.29,0.0,0.4,0.5,50.0,35,35,19,16,54.29,-13.3,-40.08,13.48,-4.655,0.45,20
"[-199,-150]",HR≥50/EDG≥0.0/CV≤0.4/μ≥0.5/TP≥55,54.29,0.0,0.4,0.5,55.0,35,35,19,16,54.29,-13.3,-40.08,13.48,-4.655,0.45,20
"[-199,-150]",HR≥50/EDG≥0.0/CV≤0.4/μ≥1.0/TP≥-,52.94,0.0,0.4,1.0,,34,34,18,16,52.94,-15.59,-42.78,11.6,-5.3,0.45,20
"[-199,-150]",HR≥50/EDG≥0.0/CV≤0.4/μ≥1.0/TP≥50,52.94,0.0,0.4,1.0,50.0,34,34,18,16,52.94,-15.59,-42.78,11.6,-5.3,0.45,20
"[-199,-150]",HR≥50/EDG≥0.0/CV≤0.4/μ≥1.0/TP≥55,52.94,0.0,0.4,1.0,55.0,34,34,18,16,52.94,-15.59,-42.78,11.6,-5.3,0.45,20
"[-199,-150]",HR≥50/EDG≥5.0/CV≤-/μ≥-/TP≥-,57.69,5.0,,,,78,78,45,33,57.69,-8.07,-25.68,9.53,-6.296,0.4,25
"[-199,-150]",HR≥50/EDG≥5.0/CV≤-/μ≥-/TP≥50,57.69,5.0,,,50.0,78,78,45,33,57.69,-8.07,-25.68,9.53,-6.296,0.4,25
"[-199,-150]",HR≥50/EDG≥5.0/CV≤-/μ≥-/TP≥55,57.69,5.0,,,55.0,78,78,45,33,57.69,-8.07,-25.68,9.53,-6.296,0.4,25
"[-199,-150]",HR≥50/EDG≥5.0/CV≤-/μ≥-/TP≥60,57.14,5.0,,,60.0,42,42,24,18,57.14,-11.0,-34.61,12.61,-4.62,0.526,19
"[-199,-150]",HR≥50/EDG≥5.0/CV≤-/μ≥0.0/TP≥-,57.69,5.0,,0.0,,78,78,45,33,57.69,-8.07,-25.68,9.53,-6.296,0.4,25
"[-199,-150]",HR≥50/EDG≥5.0/CV≤-/μ≥0.0/TP≥50,57.69,5.0,,0.0,50.0,78,78,45,33,57.69,-8.07,-25.68,9.53,-6.296,0.4,25
"[-199,-150]",HR≥50/EDG≥5.0/CV≤-/μ≥0.0/TP≥55,57.69,5.0,,0.0,55.0,78,78,45,33,57.69,-8.07,-25.68,9.53,-6.296,0.4,25
"[-199,-150]",HR≥50/EDG≥5.0/CV≤-/μ≥0.0/TP≥60,57.14,5.0,,0.0,60.0,42,42,24,18,57.14,-11.0,-34.61,12.61,-4.62,0.526,19
"[-199,-150]",HR≥50/EDG≥5.0/CV≤-/μ≥0.5/TP≥-,57.69,5.0,,0.5,,78,78,45,33,57.69,-8.07,-25.68,9.53,-6.296,0.4,25
"[-199,-150]",HR≥50/EDG≥5.0/CV≤-/μ≥0.5/TP≥50,57.69,5.0,,0.5,50.0,78,78,45,33,57.69,-8.07,-25.68,9.53,-6.296,0.4,25
"[-199,-150]",HR≥50/EDG≥5.0/CV≤-/μ≥0.5/TP≥55,57.69,5.0,,0.5,55.0,78,78,45,33,57.69,-8.07,-25.68,9.53,-6.296,0.4,25
"[-199,-150]",HR≥50/EDG≥5.0/CV≤-/μ≥0.5/TP≥60,57.14,5.0,,0.5,60.0,42,42,24,18,57.14,-11.0,-34.61,12.61,-4.62,0.526,19
"[-199,-150]",HR≥50/EDG≥5.0/CV≤-/μ≥1.0/TP≥-,57.14,5.0,,1.0,,77,77,44,33,57.14,-9.01,-26.75,8.72,-6.941,0.4,25
"[-199,-150]",HR≥50/EDG≥5.0/CV≤-/μ≥1.0/TP≥50,57.14,5.0,,1.0,50.0,77,77,44,33,57.14,-9.01,-26.75,8.72,-6.941,0.4,25
"[-199,-150]",HR≥50/EDG≥5.0/CV≤-/μ≥1.0/TP≥55,57.14,5.0,,1.0,55.0,77,77,44,33,57.14,-9.01,-26.75,8.72,-6.941,0.4,25
"[-199,-150]",HR≥50/EDG≥5.0/CV≤-/μ≥1.0/TP≥60,57.14,5.0,,1.0,60.0,42,42,24,18,57.14,-11.0,-34.61,12.61,-4.62,0.526,19
"[-199,-150]",HR≥50/EDG≥5.0/CV≤0.7/μ≥-/TP≥-,57.14,5.0,0.7,,,77,77,44,33,57.14,-9.02,-26.76,8.72,-6.946,0.4,25
"[-199,-150]",HR≥50/EDG≥5.0/CV≤0.7/μ≥-/TP≥50,57.14,5.0,0.7,,50.0,77,77,44,33,57.14,-9.02,-26.76,8.72,-6.946,0.4,25
"[-199,-150]",HR≥50/EDG≥5.0/CV≤0.7/μ≥-/TP≥55,57.14,5.0,0.7,,55.0,77,77,44,33,57.14,-9.02,-26.76,8.72,-6.946,0.4,25
"[-199,-150]",HR≥50/EDG≥5.0/CV≤0.7/μ≥-/TP≥60,57.14,5.0,0.7,,60.0,42,42,24,18,57.14,-11.0,-34.61,12.61,-4.62,0.526,19
"[-199,-150]",HR≥50/EDG≥5.0/CV≤0.7/μ≥0.0/TP≥-,57.14,5.0,0.7,0.0,,77,77,44,33,57.14,-9.02,-26.76,8.72,-6.946,0.4,25
"[-199,-150]",HR≥50/EDG≥5.0/CV≤0.7/μ≥0.0/TP≥50,57.14,5.0,0.7,0.0,50.0,77,77,44,33,57.14,-9.02,-26.76,8.72,-6.946,0.4,25
"[-199,-150]",HR≥50/EDG≥5.0/CV≤0.7/μ≥0.0/TP≥55,57.14,5.0,0.7,0.0,55.0,77,77,44,33,57.14,-9.02,-26.76,8.72,-6.946,0.4,25
"[-199,-150]",HR≥50/EDG≥5.0/CV≤0.7/μ≥0.0/TP≥60,57.14,5.0,0.7,0.0,60.0,42,42,24,18,57.14,-11.0,-34.61,12.61,-4.62,0.526,19
"[-199,-150]",HR≥50/EDG≥5.0/CV≤0.7/μ≥0.5/TP≥-,57.14,5.0,0.7,0.5,,77,77,44,33,57.14,-9.02,-26.76,8.72,-6.946,0.4,25
"[-199,-150]",HR≥50/EDG≥5.0/CV≤0.7/μ≥0.5/TP≥50,57.14,5.0,0.7,0.5,50.0,77,77,44,33,57.14,-9.02,-26.76,8.72,-6.946,0.4,25
"[-199,-150]",HR≥50/EDG≥5.0/CV≤0.7/μ≥0.5/TP≥55,57.14,5.0,0.7,0.5,55.0,77,77,44,33,57.14,-9.02,-26.76,8.72,-6.946,0.4,25
"[-199,-150]",HR≥50/EDG≥5.0/CV≤0.7/μ≥0.5/TP≥60,57.14,5.0,0.7,0.5,60.0,42,42,24,18,57.14,-11.0,-34.61,12.61,-4.62,0.526,19
"[-199,-150]",HR≥50/EDG≥5.0/CV≤0.7/μ≥1.0/TP≥-,56.58,5.0,0.7,1.0,,76,76,43,33,56.58,-9.99,-27.86,7.88,-7.591,0.4,25
"[-199,-150]",HR≥50/EDG≥5.0/CV≤0.7/μ≥1.0/TP≥50,56.58,5.0,0.7,1.0,50.0,76,76,43,33,56.58,-9.99,-27.86,7.88,-7.591,0.4,25
"[-199,-150]",HR≥50/EDG≥5.0/CV≤0.7/μ≥1.0/TP≥55,56.58,5.0,0.7,1.0,55.0,76,76,43,33,56.58,-9.99,-27.86,7.88,-7.591,0.4,25
"[-199,-150]",HR≥50/EDG≥5.0/CV≤0.7/μ≥1.0/TP≥60,57.14,5.0,0.7,1.0,60.0,42,42,24,18,57.14,-11.0,-34.61,12.61,-4.62,0.526,19
"[-199,-150]",HR≥50/EDG≥5.0/CV≤0.6/μ≥-/TP≥-,56.72,5.0,0.6,,,67,67,38,29,56.72,-9.93,-28.93,9.08,-6.651,0.458,24
"[-199,-150]",HR≥50/EDG≥5.0/CV≤0.6/μ≥-/TP≥50,56.72,5.0,0.6,,50.0,67,67,38,29,56.72,-9.93,-28.93,9.08,-6.651,0.458,24
"[-199,-150]",HR≥50/EDG≥5.0/CV≤0.6/μ≥-/TP≥55,56.72,5.0,0.6,,55.0,67,67,38,29,56.72,-9.93,-28.93,9.08,-6.651,0.458,24
"[-199,-150]",HR≥50/EDG≥5.0/CV≤0.6/μ≥-/TP≥60,58.97,5.0,0.6,,60.0,39,39,23,16,58.97,-8.05,-32.45,16.35,-3.141,0.5,18
"[-199,-150]",HR≥50/EDG≥5.0/CV≤0.6/μ≥0.0/TP≥-,56.72,5.0,0.6,0.0,,67,67,38,29,56.72,-9.93,-28.93,9.08,-6.651,0.458,24
"[-199,-150]",HR≥50/EDG≥5.0/CV≤0.6/μ≥0.0/TP≥50,56.72,5.0,0.6,0.0,50.0,67,67,38,29,56.72,-9.93,-28.93,9.08,-6.651,0.458,24
"[-199,-150]",HR≥50/EDG≥5.0/CV≤0.6/μ≥0.0/TP≥55,56.72,5.0,0.6,0.0,55.0,67,67,38,29,56.72,-9.93,-28.93,9.08,-6.651,0.458,24
"[-199,-150]",HR≥50/EDG≥5.0/CV≤0.6/μ≥0.0/TP≥60,58.97,5.0,0.6,0.0,60.0,39,39,23,16,58.97,-8.05,-32.45,16.35,-3.141,0.5,18
"[-199,-150]",HR≥50/EDG≥5.0/CV≤0.6/μ≥0.5/TP≥-,56.72,5.0,0.6,0.5,,67,67,38,29,56.72,-9.93,-28.93,9.08,-6.651,0.458,24
"[-199,-150]",HR≥50/EDG≥5.0/CV≤0.6/μ≥0.5/TP≥50,56.72,5.0,0.6,0.5,50.0,67,67,38,29,56.72,-9.93,-28.93,9.08,-6.651,0.458,24
"[-199,-150]",HR≥50/EDG≥5.0/CV≤0.6/μ≥0.5/TP≥55,56.72,5.0,0.6,0.5,55.0,67,67,38,29,56.72,-9.93,-28.93,9.08,-6.651,0.458,24
"[-199,-150]",HR≥50/EDG≥5.0/CV≤0.6/μ≥0.5/TP≥60,58.97,5.0,0.6,0.5,60.0,39,39,23,16,58.97,-8.05,-32.45,16.35,-3.141,0.5,18
"[-199,-150]",HR≥50/EDG≥5.0/CV≤0.6/μ≥1.0/TP≥-,56.06,5.0,0.6,1.0,,66,66,37,29,56.06,-11.05,-30.22,8.11,-7.296,0.458,24
"[-199,-150]",HR≥50/EDG≥5.0/CV≤0.6/μ≥1.0/TP≥50,56.06,5.0,0.6,1.0,50.0,66,66,37,29,56.06,-11.05,-30.22,8.11,-7.296,0.458,24
"[-199,-150]",HR≥50/EDG≥5.0/CV≤0.6/μ≥1.0/TP≥55,56.06,5.0,0.6,1.0,55.0,66,66,37,29,56.06,-11.05,-30.22,8.11,-7.296,0.458,24
"[-199,-150]",HR≥50/EDG≥5.0/CV≤0.6/μ≥1.0/TP≥60,58.97,5.0,0.6,1.0,60.0,39,39,23,16,58.97,-8.05,-32.45,16.35,-3.141,0.5,18
"[-199,-150]",HR≥50/EDG≥5.0/CV≤0.5/μ≥-/TP≥-,52.54,5.0,0.5,,,59,59,31,28,52.54,-16.36,-36.84,4.12,-9.653,0.375,24
"[-199,-150]",HR≥50/EDG≥5.0/CV≤0.5/μ≥-/TP≥50,52.54,5.0,0.5,,50.0,59,59,31,28,52.54,-16.36,-36.84,4.12,-9.653,0.375,24
"[-199,-150]",HR≥50/EDG≥5.0/CV≤0.5/μ≥-/TP≥55,52.54,5.0,0.5,,55.0,59,59,31,28,52.54,-16.36,-36.84,4.12,-9.653,0.375,24
"[-199,-150]",HR≥50/EDG≥5.0/CV≤0.5/μ≥-/TP≥60,54.55,5.0,0.5,,60.0,33,33,18,15,54.55,-15.02,-41.91,11.88,-4.956,0.444,18
"[-199,-150]",HR≥50/EDG≥5.0/CV≤0.5/μ≥0.0/TP≥-,52.54,5.0,0.5,0.0,,59,59,31,28,52.54,-16.36,-36.84,4.12,-9.653,0.375,24
"[-199,-150]",HR≥50/EDG≥5.0/CV≤0.5/μ≥0.0/TP≥50,52.54,5.0,0.5,0.0,50.0,59,59,31,28,52.54,-16.36,-36.84,4.12,-9.653,0.375,24
"[-199,-150]",HR≥50/EDG≥5.0/CV≤0.5/μ≥0.0/TP≥55,52.54,5.0,0.5,0.0,55.0,59,59,31,28,52.54,-16.36,-36.84,4.12,-9.653,0.375,24
"[-199,-150]",HR≥50/EDG≥5.0/CV≤0.5/μ≥0.0/TP≥60,54.55,5.0,0.5,0.0,60.0,33,33,18,15,54.55,-15.02,-41.91,11.88,-4.956,0.444,18
"[-199,-150]",HR≥50/EDG≥5.0/CV≤0.5/μ≥0.5/TP≥-,52.54,5.0,0.5,0.5,,59,59,31,28,52.54,-16.36,-36.84,4.12,-9.653,0.375,24
"[-199,-150]",HR≥50/EDG≥5.0/CV≤0.5/μ≥0.5/TP≥50,52.54,5.0,0.5,0.5,50.0,59,59,31,28,52.54,-16.36,-36.84,4.12,-9.653,0.375,24
"[-199,-150]",HR≥50/EDG≥5.0/CV≤0.5/μ≥0.5/TP≥55,52.54,5.0,0.5,0.5,55.0,59,59,31,28,52.54,-16.36,-36.84,4.12,-9.653,0.375,24
"[-199,-150]",HR≥50/EDG≥5.0/CV≤0.5/μ≥0.5/TP≥60,54.55,5.0,0.5,0.5,60.0,33,33,18,15,54.55,-15.02,-41.91,11.88,-4.956,0.444,18
"[-199,-150]",HR≥50/EDG≥5.0/CV≤0.5/μ≥1.0/TP≥-,51.72,5.0,0.5,1.0,,58,58,30,28,51.72,-17.76,-38.41,2.89,-10.299,0.375,24
"[-199,-150]",HR≥50/EDG≥5.0/CV≤0.5/μ≥1.0/TP≥50,51.72,5.0,0.5,1.0,50.0,58,58,30,28,51.72,-17.76,-38.41,2.89,-10.299,0.375,24
"[-199,-150]",HR≥50/EDG≥5.0/CV≤0.5/μ≥1.0/TP≥55,51.72,5.0,0.5,1.0,55.0,58,58,30,28,51.72,-17.76,-38.41,2.89,-10.299,0.375,24
"[-199,-150]",HR≥50/EDG≥5.0/CV≤0.5/μ≥1.0/TP≥60,54.55,5.0,0.5,1.0,60.0,33,33,18,15,54.55,-15.02,-41.91,11.88,-4.956,0.444,18
"[-199,-150]",HR≥50/EDG≥5.0/CV≤0.45/μ≥-/TP≥-,52.94,5.0,0.45,,,51,51,27,24,52.94,-15.7,-37.75,6.36,-8.005,0.417,24
"[-199,-150]",HR≥50/EDG≥5.0/CV≤0.45/μ≥-/TP≥50,52.94,5.0,0.45,,50.0,51,51,27,24,52.94,-15.7,-37.75,6.36,-8.005,0.417,24
"[-199,-150]",HR≥50/EDG≥5.0/CV≤0.45/μ≥-/TP≥55,52.94,5.0,0.45,,55.0,51,51,27,24,52.94,-15.7,-37.75,6.36,-8.005,0.417,24
"[-199,-150]",HR≥50/EDG≥5.0/CV≤0.45/μ≥0.0/TP≥-,52.94,5.0,0.45,0.0,,51,51,27,24,52.94,-15.7,-37.75,6.36,-8.005,0.417,24
"[-199,-150]",HR≥50/EDG≥5.0/CV≤0.45/μ≥0.0/TP≥50,52.94,5.0,0.45,0.0,50.0,51,51,27,24,52.94,-15.7,-37.75,6.36,-8.005,0.417,24
"[-199,-150]",HR≥50/EDG≥5.0/CV≤0.45/μ≥0.0/TP≥55,52.94,5.0,0.45,0.0,55.0,51,51,27,24,52.94,-15.7,-37.75,6.36,-8.005,0.417,24
"[-199,-150]",HR≥50/EDG≥5.0/CV≤0.45/μ≥0.5/TP≥-,52.94,5.0,0.45,0.5,,51,51,27,24,52.94,-15.7,-37.75,6.36,-8.005,0.417,24
"[-199,-150]",HR≥50/EDG≥5.0/CV≤0.45/μ≥0.5/TP≥50,52.94,5.0,0.45,0.5,50.0,51,51,27,24,52.94,-15.7,-37.75,6.36,-8.005,0.417,24
"[-199,-150]",HR≥50/EDG≥5.0/CV≤0.45/μ≥0.5/TP≥55,52.94,5.0,0.45,0.5,55.0,51,51,27,24,52.94,-15.7,-37.75,6.36,-8.005,0.417,24
"[-199,-150]",HR≥50/EDG≥5.0/CV≤0.45/μ≥1.0/TP≥-,52.0,5.0,0.45,1.0,,50,50,26,24,52.0,-17.3,-39.57,4.97,-8.65,0.417,24
"[-199,-150]",HR≥50/EDG≥5.0/CV≤0.45/μ≥1.0/TP≥50,52.0,5.0,0.45,1.0,50.0,50,50,26,24,52.0,-17.3,-39.57,4.97,-8.65,0.417,24
"[-199,-150]",HR≥50/EDG≥5.0/CV≤0.45/μ≥1.0/TP≥55,52.0,5.0,0.45,1.0,55.0,50,50,26,24,52.0,-17.3,-39.57,4.97,-8.65,0.417,24
"[-199,-150]",HR≥50/EDG≥5.0/CV≤0.4/μ≥-/TP≥-,54.29,5.0,0.4,,,35,35,19,16,54.29,-13.3,-40.08,13.48,-4.655,0.45,20
"[-199,-150]",HR≥50/EDG≥5.0/CV≤0.4/μ≥-/TP≥50,54.29,5.0,0.4,,50.0,35,35,19,16,54.29,-13.3,-40.08,13.48,-4.655,0.45,20
"[-199,-150]",HR≥50/EDG≥5.0/CV≤0.4/μ≥-/TP≥55,54.29,5.0,0.4,,55.0,35,35,19,16,54.29,-13.3,-40.08,13.48,-4.655,0.45,20
"[-199,-150]",HR≥50/EDG≥5.0/CV≤0.4/μ≥0.0/TP≥-,54.29,5.0,0.4,0.0,,35,35,19,16,54.29,-13.3,-40.08,13.48,-4.655,0.45,20
"[-199,-150]",HR≥50/EDG≥5.0/CV≤0.4/μ≥0.0/TP≥50,54.29,5.0,0.4,0.0,50.0,35,35,19,16,54.29,-13.3,-40.08,13.48,-4.655,0.45,20
"[-199,-150]",HR≥50/EDG≥5.0/CV≤0.4/μ≥0.0/TP≥55,54.29,5.0,0.4,0.0,55.0,35,35,19,16,54.29,-13.3,-40.08,13.48,-4.655,0.45,20
"[-199,-150]",HR≥50/EDG≥5.0/CV≤0.4/μ≥0.5/TP≥-,54.29,5.0,0.4,0.5,,35,35,19,16,54.29,-13.3,-40.08,13.48,-4.655,0.45,20
"[-199,-150]",HR≥50/EDG≥5.0/CV≤0.4/μ≥0.5/TP≥50,54.29,5.0,0.4,0.5,50.0,35,35,19,16,54.29,-13.3,-40.08,13.48,-4.655,0.45,20
"[-199,-150]",HR≥50/EDG≥5.0/CV≤0.4/μ≥0.5/TP≥55,54.29,5.0,0.4,0.5,55.0,35,35,19,16,54.29,-13.3,-40.08,13.48,-4.655,0.45,20
"[-199,-150]",HR≥50/EDG≥5.0/CV≤0.4/μ≥1.0/TP≥-,52.94,5.0,0.4,1.0,,34,34,18,16,52.94,-15.59,-42.78,11.6,-5.3,0.45,20
"[-199,-150]",HR≥50/EDG≥5.0/CV≤0.4/μ≥1.0/TP≥50,52.94,5.0,0.4,1.0,50.0,34,34,18,16,52.94,-15.59,-42.78,11.6,-5.3,0.45,20
"[-199,-150]",HR≥50/EDG≥5.0/CV≤0.4/μ≥1.0/TP≥55,52.94,5.0,0.4,1.0,55.0,34,34,18,16,52.94,-15.59,-42.78,11.6,-5.3,0.45,20
"[-199,-150]",HR≥50/EDG≥10.0/CV≤-/μ≥-/TP≥-,60.29,10.0,,,,68,68,41,27,60.29,-3.87,-22.57,14.83,-2.634,0.52,25
"[-199,-150]",HR≥50/EDG≥10.0/CV≤-/μ≥-/TP≥50,60.29,10.0,,,50.0,68,68,41,27,60.29,-3.87,-22.57,14.83,-2.634,0.52,25
"[-199,-150]",HR≥50/EDG≥10.0/CV≤-/μ≥-/TP≥55,60.29,10.0,,,55.0,68,68,41,27,60.29,-3.87,-22.57,14.83,-2.634,0.52,25
"[-199,-150]",HR≥50/EDG≥10.0/CV≤-/μ≥-/TP≥60,61.76,10.0,,,60.0,34,34,21,13,61.76,-3.86,-29.68,21.96,-1.312,0.556,18
"[-199,-150]",HR≥50/EDG≥10.0/CV≤-/μ≥0.0/TP≥-,60.29,10.0,,0.0,,68,68,41,27,60.29,-3.87,-22.57,14.83,-2.634,0.52,25
"[-199,-150]",HR≥50/EDG≥10.0/CV≤-/μ≥0.0/TP≥50,60.29,10.0,,0.0,50.0,68,68,41,27,60.29,-3.87,-22.57,14.83,-2.634,0.52,25
"[-199,-150]",HR≥50/EDG≥10.0/CV≤-/μ≥0.0/TP≥55,60.29,10.0,,0.0,55.0,68,68,41,27,60.29,-3.87,-22.57,14.83,-2.634,0.52,25
"[-199,-150]",HR≥50/EDG≥10.0/CV≤-/μ≥0.0/TP≥60,61.76,10.0,,0.0,60.0,34,34,21,13,61.76,-3.86,-29.68,21.96,-1.312,0.556,18
"[-199,-150]",HR≥50/EDG≥10.0/CV≤-/μ≥0.5/TP≥-,60.29,10.0,,0.5,,68,68,41,27,60.29,-3.87,-22.57,14.83,-2.634,0.52,25
"[-199,-150]",HR≥50/EDG≥10.0/CV≤-/μ≥0.5/TP≥50,60.29,10.0,,0.5,50.0,68,68,41,27,60.29,-3.87,-22.57,14.83,-2.634,0.52,25
"[-199,-150]",HR≥50/EDG≥10.0/CV≤-/μ≥0.5/TP≥55,60.29,10.0,,0.5,55.0,68,68,41,27,60.29,-3.87,-22.57,14.83,-2.634,0.52,25
"[-199,-150]",HR≥50/EDG≥10.0/CV≤-/μ≥0.5/TP≥60,61.76,10.0,,0.5,60.0,34,34,21,13,61.76,-3.86,-29.68,21.96,-1.312,0.556,18
"[-199,-150]",HR≥50/EDG≥10.0/CV≤-/μ≥1.0/TP≥-,60.29,10.0,,1.0,,68,68,41,27,60.29,-3.87,-22.57,14.83,-2.634,0.52,25
"[-199,-150]",HR≥50/EDG≥10.0/CV≤-/μ≥1.0/TP≥50,60.29,10.0,,1.0,50.0,68,68,41,27,60.29,-3.87,-22.57,14.83,-2.634,0.52,25
"[-199,-150]",HR≥50/EDG≥10.0/CV≤-/μ≥1.0/TP≥55,60.29,10.0,,1.0,55.0,68,68,41,27,60.29,-3.87,-22.57,14.83,-2.634,0.52,25
"[-199,-150]",HR≥50/EDG≥10.0/CV≤-/μ≥1.0/TP≥60,61.76,10.0,,1.0,60.0,34,34,21,13,61.76,-3.86,-29.68,21.96,-1.312,0.556,18
"[-199,-150]",HR≥50/EDG≥10.0/CV≤0.7/μ≥-/TP≥-,59.7,10.0,0.7,,,67,67,40,27,59.7,-4.9,-23.77,13.97,-3.283,0.52,25
"[-199,-150]",HR≥50/EDG≥10.0/CV≤0.7/μ≥-/TP≥50,59.7,10.0,0.7,,50.0,67,67,40,27,59.7,-4.9,-23.77,13.97,-3.283,0.52,25
"[-199,-150]",HR≥50/EDG≥10.0/CV≤0.7/μ≥-/TP≥55,59.7,10.0,0.7,,55.0,67,67,40,27,59.7,-4.9,-23.77,13.97,-3.283,0.52,25
"[-199,-150]",HR≥50/EDG≥10.0/CV≤0.7/μ≥-/TP≥60,61.76,10.0,0.7,,60.0,34,34,21,13,61.76,-3.86,-29.68,21.96,-1.312,0.556,18
"[-199,-150]",HR≥50/EDG≥10.0/CV≤0.7/μ≥0.0/TP≥-,59.7,10.0,0.7,0.0,,67,67,40,27,59.7,-4.9,-23.77,13.97,-3.283,0.52,25
"[-199,-150]",HR≥50/EDG≥10.0/CV≤0.7/μ≥0.0/TP≥50,59.7,10.0,0.7,0.0,50.0,67,67,40,27,59.7,-4.9,-23.77,13.97,-3.283,0.52,25
"[-199,-150]",HR≥50/EDG≥10.0/CV≤0.7/μ≥0.0/TP≥55,59.7,10.0,0.7,0.0,55.0,67,67,40,27,59.7,-4.9,-23.77,13.97,-3.283,0.52,25
"[-199,-150]",HR≥50/EDG≥10.0/CV≤0.7/μ≥0.0/TP≥60,61.76,10.0,0.7,0.0,60.0,34,34,21,13,61.76,-3.86,-29.68,21.96,-1.312,0.556,18
"[-199,-150]",HR≥50/EDG≥10.0/CV≤0.7/μ≥0.5/TP≥-,59.7,10.0,0.7,0.5,,67,67,40,27,59.7,-4.9,-23.77,13.97,-3.283,0.52,25
"[-199,-150]",HR≥50/EDG≥10.0/CV≤0.7/μ≥0.5/TP≥50,59.7,10.0,0.7,0.5,50.0,67,67,40,27,59.7,-4.9,-23.77,13.97,-3.283,0.52,25
"[-199,-150]",HR≥50/EDG≥10.0/CV≤0.7/μ≥0.5/TP≥55,59.7,10.0,0.7,0.5,55.0,67,67,40,27,59.7,-4.9,-23.77,13.97,-3.283,0.52,25
"[-199,-150]",HR≥50/EDG≥10.0/CV≤0.7/μ≥0.5/TP≥60,61.76,10.0,0.7,0.5,60.0,34,34,21,13,61.76,-3.86,-29.68,21.96,-1.312,0.556,18
"[-199,-150]",HR≥50/EDG≥10.0/CV≤0.7/μ≥1.0/TP≥-,59.7,10.0,0.7,1.0,,67,67,40,27,59.7,-4.9,-23.77,13.97,-3.283,0.52,25
"[-199,-150]",HR≥50/EDG≥10.0/CV≤0.7/μ≥1.0/TP≥50,59.7,10.0,0.7,1.0,50.0,67,67,40,27,59.7,-4.9,-23.77,13.97,-3.283,0.52,25
"[-199,-150]",HR≥50/EDG≥10.0/CV≤0.7/μ≥1.0/TP≥55,59.7,10.0,0.7,1.0,55.0,67,67,40,27,59.7,-4.9,-23.77,13.97,-3.283,0.52,25
"[-199,-150]",HR≥50/EDG≥10.0/CV≤0.7/μ≥1.0/TP≥60,61.76,10.0,0.7,1.0,60.0,34,34,21,13,61.76,-3.86,-29.68,21.96,-1.312,0.556,18
"[-199,-150]",HR≥50/EDG≥10.0/CV≤0.6/μ≥-/TP≥-,59.32,10.0,0.6,,,59,59,35,24,59.32,-5.88,-25.96,14.21,-3.468,0.542,24
"[-199,-150]",HR≥50/EDG≥10.0/CV≤0.6/μ≥-/TP≥50,59.32,10.0,0.6,,50.0,59,59,35,24,59.32,-5.88,-25.96,14.21,-3.468,0.542,24
"[-199,-150]",HR≥50/EDG≥10.0/CV≤0.6/μ≥-/TP≥55,59.32,10.0,0.6,,55.0,59,59,35,24,59.32,-5.88,-25.96,14.21,-3.468,0.542,24
"[-199,-150]",HR≥50/EDG≥10.0/CV≤0.6/μ≥-/TP≥60,63.64,10.0,0.6,,60.0,33,33,21,12,63.64,-0.95,-26.9,25.01,-0.312,0.556,18
"[-199,-150]",HR≥50/EDG≥10.0/CV≤0.6/μ≥0.0/TP≥-,59.32,10.0,0.6,0.0,,59,59,35,24,59.32,-5.88,-25.96,14.21,-3.468,0.542,24
"[-199,-150]",HR≥50/EDG≥10.0/CV≤0.6/μ≥0.0/TP≥50,59.32,10.0,0.6,0.0,50.0,59,59,35,24,59.32,-5.88,-25.96,14.21,-3.468,0.542,24
"[-199,-150]",HR≥50/EDG≥10.0/CV≤0.6/μ≥0.0/TP≥55,59.32,10.0,0.6,0.0,55.0,59,59,35,24,59.32,-5.88,-25.96,14.21,-3.468,0.542,24
"[-199,-150]",HR≥50/EDG≥10.0/CV≤0.6/μ≥0.0/TP≥60,63.64,10.0,0.6,0.0,60.0,33,33,21,12,63.64,-0.95,-26.9,25.01,-0.312,0.556,18
"[-199,-150]",HR≥50/EDG≥10.0/CV≤0.6/μ≥0.5/TP≥-,59.32,10.0,0.6,0.5,,59,59,35,24,59.32,-5.88,-25.96,14.21,-3.468,0.542,24
"[-199,-150]",HR≥50/EDG≥10.0/CV≤0.6/μ≥0.5/TP≥50,59.32,10.0,0.6,0.5,50.0,59,59,35,24,59.32,-5.88,-25.96,14.21,-3.468,0.542,24
"[-199,-150]",HR≥50/EDG≥10.0/CV≤0.6/μ≥0.5/TP≥55,59.32,10.0,0.6,0.5,55.0,59,59,35,24,59.32,-5.88,-25.96,14.21,-3.468,0.542,24
"[-199,-150]",HR≥50/EDG≥10.0/CV≤0.6/μ≥0.5/TP≥60,63.64,10.0,0.6,0.5,60.0,33,33,21,12,63.64,-0.95,-26.9,25.01,-0.312,0.556,18
"[-199,-150]",HR≥50/EDG≥10.0/CV≤0.6/μ≥1.0/TP≥-,59.32,10.0,0.6,1.0,,59,59,35,24,59.32,-5.88,-25.96,14.21,-3.468,0.542,24
"[-199,-150]",HR≥50/EDG≥10.0/CV≤0.6/μ≥1.0/TP≥50,59.32,10.0,0.6,1.0,50.0,59,59,35,24,59.32,-5.88,-25.96,14.21,-3.468,0.542,24
"[-199,-150]",HR≥50/EDG≥10.0/CV≤0.6/μ≥1.0/TP≥55,59.32,10.0,0.6,1.0,55.0,59,59,35,24,59.32,-5.88,-25.96,14.21,-3.468,0.542,24
"[-199,-150]",HR≥50/EDG≥10.0/CV≤0.6/μ≥1.0/TP≥60,63.64,10.0,0.6,1.0,60.0,33,33,21,12,63.64,-0.95,-26.9,25.01,-0.312,0.556,18
"[-199,-150]",HR≥50/EDG≥10.0/CV≤0.5/μ≥-/TP≥-,54.9,10.0,0.5,,,51,51,28,23,54.9,-12.69,-34.65,9.27,-6.47,0.5,24
"[-199,-150]",HR≥50/EDG≥10.0/CV≤0.5/μ≥-/TP≥50,54.9,10.0,0.5,,50.0,51,51,28,23,54.9,-12.69,-34.65,9.27,-6.47,0.5,24
"[-199,-150]",HR≥50/EDG≥10.0/CV≤0.5/μ≥-/TP≥55,54.9,10.0,0.5,,55.0,51,51,28,23,54.9,-12.69,-34.65,9.27,-6.47,0.5,24
"[-199,-150]",HR≥50/EDG≥10.0/CV≤0.5/μ≥0.0/TP≥-,54.9,10.0,0.5,0.0,,51,51,28,23,54.9,-12.69,-34.65,9.27,-6.47,0.5,24
"[-199,-150]",HR≥50/EDG≥10.0/CV≤0.5/μ≥0.0/TP≥50,54.9,10.0,0.5,0.0,50.0,51,51,28,23,54.9,-12.69,-34.65,9.27,-6.47,0.5,24
"[-199,-150]",HR≥50/EDG≥10.0/CV≤0.5/μ≥0.0/TP≥55,54.9,10.0,0.5,0.0,55.0,51,51,28,23,54.9,-12.69,-34.65,9.27,-6.47,0.5,24
"[-199,-150]",HR≥50/EDG≥10.0/CV≤0.5/μ≥0.5/TP≥-,54.9,10.0,0.5,0.5,,51,51,28,23,54.9,-12.69,-34.65,9.27,-6.47,0.5,24
"[-199,-150]",HR≥50/EDG≥10.0/CV≤0.5/μ≥0.5/TP≥50,54.9,10.0,0.5,0.5,50.0,51,51,28,23,54.9,-12.69,-34.65,9.27,-6.47,0.5,24
"[-199,-150]",HR≥50/EDG≥10.0/CV≤0.5/μ≥0.5/TP≥55,54.9,10.0,0.5,0.5,55.0,51,51,28,23,54.9,-12.69,-34.65,9.27,-6.47,0.5,24
"[-199,-150]",HR≥50/EDG≥10.0/CV≤0.5/μ≥1.0/TP≥-,54.9,10.0,0.5,1.0,,51,51,28,23,54.9,-12.69,-34.65,9.27,-6.47,0.5,24
"[-199,-150]",HR≥50/EDG≥10.0/CV≤0.5/μ≥1.0/TP≥50,54.9,10.0,0.5,1.0,50.0,51,51,28,23,54.9,-12.69,-34.65,9.27,-6.47,0.5,24
"[-199,-150]",HR≥50/EDG≥10.0/CV≤0.5/μ≥1.0/TP≥55,54.9,10.0,0.5,1.0,55.0,51,51,28,23,54.9,-12.69,-34.65,9.27,-6.47,0.5,24
"[-199,-150]",HR≥50/EDG≥10.0/CV≤0.45/μ≥-/TP≥-,54.55,10.0,0.45,,,44,44,24,20,54.55,-13.23,-36.93,10.47,-5.821,0.5,24
"[-199,-150]",HR≥50/EDG≥10.0/CV≤0.45/μ≥-/TP≥50,54.55,10.0,0.45,,50.0,44,44,24,20,54.55,-13.23,-36.93,10.47,-5.821,0.5,24
"[-199,-150]",HR≥50/EDG≥10.0/CV≤0.45/μ≥-/TP≥55,54.55,10.0,0.45,,55.0,44,44,24,20,54.55,-13.23,-36.93,10.47,-5.821,0.5,24
"[-199,-150]",HR≥50/EDG≥10.0/CV≤0.45/μ≥0.0/TP≥-,54.55,10.0,0.45,0.0,,44,44,24,20,54.55,-13.23,-36.93,10.47,-5.821,0.5,24
"[-199,-150]",HR≥50/EDG≥10.0/CV≤0.45/μ≥0.0/TP≥50,54.55,10.0,0.45,0.0,50.0,44,44,24,20,54.55,-13.23,-36.93,10.47,-5.821,0.5,24
"[-199,-150]",HR≥50/EDG≥10.0/CV≤0.45/μ≥0.0/TP≥55,54.55,10.0,0.45,0.0,55.0,44,44,24,20,54.55,-13.23,-36.93,10.47,-5.821,0.5,24
"[-199,-150]",HR≥50/EDG≥10.0/CV≤0.45/μ≥0.5/TP≥-,54.55,10.0,0.45,0.5,,44,44,24,20,54.55,-13.23,-36.93,10.47,-5.821,0.5,24
"[-199,-150]",HR≥50/EDG≥10.0/CV≤0.45/μ≥0.5/TP≥50,54.55,10.0,0.45,0.5,50.0,44,44,24,20,54.55,-13.23,-36.93,10.47,-5.821,0.5,24
"[-199,-150]",HR≥50/EDG≥10.0/CV≤0.45/μ≥0.5/TP≥55,54.55,10.0,0.45,0.5,55.0,44,44,24,20,54.55,-13.23,-36.93,10.47,-5.821,0.5,24
"[-199,-150]",HR≥50/EDG≥10.0/CV≤0.45/μ≥1.0/TP≥-,54.55,10.0,0.45,1.0,,44,44,24,20,54.55,-13.23,-36.93,10.47,-5.821,0.5,24
"[-199,-150]",HR≥50/EDG≥10.0/CV≤0.45/μ≥1.0/TP≥50,54.55,10.0,0.45,1.0,50.0,44,44,24,20,54.55,-13.23,-36.93,10.47,-5.821,0.5,24
"[-199,-150]",HR≥50/EDG≥10.0/CV≤0.45/μ≥1.0/TP≥55,54.55,10.0,0.45,1.0,55.0,44,44,24,20,54.55,-13.23,-36.93,10.47,-5.821,0.5,24
"[-199,-150]",HR≥55/EDG≥-/CV≤-/μ≥-/TP≥-,55.56,,,,,100,99,55,44,55.56,-11.54,-27.23,4.14,-11.429,0.462,26
"[-199,-150]",HR≥55/EDG≥-/CV≤-/μ≥-/TP≥50,55.32,,,,50.0,95,94,52,42,55.32,-11.99,-28.08,4.11,-11.269,0.462,26
"[-199,-150]",HR≥55/EDG≥-/CV≤-/μ≥-/TP≥55,56.04,,,,55.0,92,91,51,40,56.04,-10.87,-27.2,5.46,-9.894,0.423,26
"[-199,-150]",HR≥55/EDG≥-/CV≤-/μ≥-/TP≥60,56.52,,,,60.0,46,46,26,20,56.52,-12.23,-34.73,10.27,-5.626,0.476,21
"[-199,-150]",HR≥55/EDG≥-/CV≤-/μ≥0.0/TP≥-,55.95,,,0.0,,85,84,47,37,55.95,-11.08,-28.08,5.91,-9.309,0.48,25
"[-199,-150]",HR≥55/EDG≥-/CV≤-/μ≥0.0/TP≥50,55.95,,,0.0,50.0,85,84,47,37,55.95,-11.08,-28.08,5.91,-9.309,0.48,25
"[-199,-150]",HR≥55/EDG≥-/CV≤-/μ≥0.0/TP≥55,56.1,,,0.0,55.0,83,82,46,36,56.1,-10.89,-28.08,6.29,-8.934,0.44,25
"[-199,-150]",HR≥55/EDG≥-/CV≤-/μ≥0.0/TP≥60,55.81,,,0.0,60.0,43,43,24,19,55.81,-13.27,-36.62,10.08,-5.707,0.5,20
"[-199,-150]",HR≥55/EDG≥-/CV≤-/μ≥0.5/TP≥-,56.94,,,0.5,,73,72,41,31,56.94,-9.47,-27.81,8.86,-6.822,0.44,25
"[-199,-150]",HR≥55/EDG≥-/CV≤-/μ≥0.5/TP≥50,56.94,,,0.5,50.0,73,72,41,31,56.94,-9.47,-27.81,8.86,-6.822,0.44,25
"[-199,-150]",HR≥55/EDG≥-/CV≤-/μ≥0.5/TP≥55,56.94,,,0.5,55.0,73,72,41,31,56.94,-9.47,-27.81,8.86,-6.822,0.44,25
"[-199,-150]",HR≥55/EDG≥-/CV≤-/μ≥0.5/TP≥60,55.0,,,0.5,60.0,40,40,22,18,55.0,-14.42,-38.73,9.89,-5.769,0.474,19
"[-199,-150]",HR≥55/EDG≥-/CV≤-/μ≥1.0/TP≥-,56.67,,,1.0,,60,60,34,26,56.67,-9.84,-29.98,10.31,-5.902,0.435,23
"[-199,-150]",HR≥55/EDG≥-/CV≤-/μ≥1.0/TP≥50,56.67,,,1.0,50.0,60,60,34,26,56.67,-9.84,-29.98,10.31,-5.902,0.435,23
"[-199,-150]",HR≥55/EDG≥-/CV≤-/μ≥1.0/TP≥55,56.67,,,1.0,55.0,60,60,34,26,56.67,-9.84,-29.98,10.31,-5.902,0.435,23
"[-199,-150]",HR≥55/EDG≥-/CV≤-/μ≥1.0/TP≥60,55.88,,,1.0,60.0,34,34,19,15,55.88,-12.92,-39.33,13.5,-4.391,0.5,18
"[-199,-150]",HR≥55/EDG≥-/CV≤0.7/μ≥-/TP≥-,55.1,,0.7,,,99,98,54,44,55.1,-12.33,-28.09,3.44,-12.079,0.462,26
"[-199,-150]",HR≥55/EDG≥-/CV≤0.7/μ≥-/TP≥50,54.84,,0.7,,50.0,94,93,51,42,54.84,-12.82,-29.0,3.37,-11.918,0.462,26
"[-199,-150]",HR≥55/EDG≥-/CV≤0.7/μ≥-/TP≥55,55.56,,0.7,,55.0,91,90,50,40,55.56,-11.71,-28.14,4.71,-10.543,0.423,26
"[-199,-150]",HR≥55/EDG≥-/CV≤0.7/μ≥-/TP≥60,56.52,,0.7,,60.0,46,46,26,20,56.52,-12.23,-34.73,10.27,-5.626,0.476,21
"[-199,-150]",HR≥55/EDG≥-/CV≤0.7/μ≥0.0/TP≥-,55.42,,0.7,0.0,,84,83,46,37,55.42,-12.0,-29.1,5.11,-9.958,0.48,25
"[-199,-150]",HR≥55/EDG≥-/CV≤0.7/μ≥0.0/TP≥50,55.42,,0.7,0.0,50.0,84,83,46,37,55.42,-12.0,-29.1,5.11,-9.958,0.48,25
"[-199,-150]",HR≥55/EDG≥-/CV≤0.7/μ≥0.0/TP≥55,55.56,,0.7,0.0,55.0,82,81,45,36,55.56,-11.83,-29.13,5.47,-9.583,0.44,25
"[-199,-150]",HR≥55/EDG≥-/CV≤0.7/μ≥0.0/TP≥60,55.81,,0.7,0.0,60.0,43,43,24,19,55.81,-13.27,-36.62,10.08,-5.707,0.5,20
"[-199,-150]",HR≥55/EDG≥-/CV≤0.7/μ≥0.5/TP≥-,56.34,,0.7,0.5,,72,71,40,31,56.34,-10.52,-29.0,7.95,-7.471,0.44,25
"[-199,-150]",HR≥55/EDG≥-/CV≤0.7/μ≥0.5/TP≥50,56.34,,0.7,0.5,50.0,72,71,40,31,56.34,-10.52,-29.0,7.95,-7.471,0.44,25
"[-199,-150]",HR≥55/EDG≥-/CV≤0.7/μ≥0.5/TP≥55,56.34,,0.7,0.5,55.0,72,71,40,31,56.34,-10.52,-29.0,7.95,-7.471,0.44,25
"[-199,-150]",HR≥55/EDG≥-/CV≤0.7/μ≥0.5/TP≥60,55.0,,0.7,0.5,60.0,40,40,22,18,55.0,-14.42,-38.73,9.89,-5.769,0.474,19
"[-199,-150]",HR≥55/EDG≥-/CV≤0.7/μ≥1.0/TP≥-,55.93,,0.7,1.0,,59,59,33,26,55.93,-11.1,-31.43,9.23,-6.551,0.435,23
"[-199,-150]",HR≥55/EDG≥-/CV≤0.7/μ≥1.0/TP≥50,55.93,,0.7,1.0,50.0,59,59,33,26,55.93,-11.1,-31.43,9.23,-6.551,0.435,23
"[-199,-150]",HR≥55/EDG≥-/CV≤0.7/μ≥1.0/TP≥55,55.93,,0.7,1.0,55.0,59,59,33,26,55.93,-11.1,-31.43,9.23,-6.551,0.435,23
"[-199,-150]",HR≥55/EDG≥-/CV≤0.7/μ≥1.0/TP≥60,55.88,,0.7,1.0,60.0,34,34,19,15,55.88,-12.92,-39.33,13.5,-4.391,0.5,18
"[-199,-150]",HR≥55/EDG≥-/CV≤0.6/μ≥-/TP≥-,55.06,,0.6,,,90,89,49,40,55.06,-12.41,-28.96,4.15,-11.044,0.462,26
"[-199,-150]",HR≥55/EDG≥-/CV≤0.6/μ≥-/TP≥50,54.76,,0.6,,50.0,85,84,46,38,54.76,-12.96,-30.0,4.08,-10.884,0.423,26
"[-199,-150]",HR≥55/EDG≥-/CV≤0.6/μ≥-/TP≥55,55.56,,0.6,,55.0,82,81,45,36,55.56,-11.74,-29.06,5.58,-9.509,0.385,26
"[-199,-150]",HR≥55/EDG≥-/CV≤0.6/μ≥-/TP≥60,57.14,,0.6,,60.0,42,42,24,18,57.14,-11.2,-34.75,12.36,-4.702,0.45,20
"[-199,-150]",HR≥55/EDG≥-/CV≤0.6/μ≥0.0/TP≥-,54.67,,0.6,0.0,,76,75,41,34,54.67,-13.23,-31.26,4.79,-9.924,0.44,25
"[-199,-150]",HR≥55/EDG≥-/CV≤0.6/μ≥0.0/TP≥50,54.67,,0.6,0.0,50.0,76,75,41,34,54.67,-13.23,-31.26,4.79,-9.924,0.44,25
"[-199,-150]",HR≥55/EDG≥-/CV≤0.6/μ≥0.0/TP≥55,54.79,,0.6,0.0,55.0,74,73,40,33,54.79,-13.08,-31.34,5.18,-9.549,0.4,25
"[-199,-150]",HR≥55/EDG≥-/CV≤0.6/μ≥0.0/TP≥60,56.41,,0.6,0.0,60.0,39,39,22,17,56.41,-12.27,-36.8,12.27,-4.784,0.474,19
"[-199,-150]",HR≥55/EDG≥-/CV≤0.6/μ≥0.5/TP≥-,55.56,,0.6,0.5,,64,63,35,28,55.56,-11.8,-31.46,7.86,-7.436,0.44,25
"[-199,-150]",HR≥55/EDG≥-/CV≤0.6/μ≥0.5/TP≥50,55.56,,0.6,0.5,50.0,64,63,35,28,55.56,-11.8,-31.46,7.86,-7.436,0.44,25
"[-199,-150]",HR≥55/EDG≥-/CV≤0.6/μ≥0.5/TP≥55,55.56,,0.6,0.5,55.0,64,63,35,28,55.56,-11.8,-31.46,7.86,-7.436,0.44,25
"[-199,-150]",HR≥55/EDG≥-/CV≤0.6/μ≥0.5/TP≥60,55.56,,0.6,0.5,60.0,36,36,20,16,55.56,-13.46,-39.12,12.2,-4.845,0.444,18
"[-199,-150]",HR≥55/EDG≥-/CV≤0.6/μ≥1.0/TP≥-,55.77,,0.6,1.0,,52,52,29,23,55.77,-11.46,-33.13,10.2,-5.961,0.435,23
"[-199,-150]",HR≥55/EDG≥-/CV≤0.6/μ≥1.0/TP≥50,55.77,,0.6,1.0,50.0,52,52,29,23,55.77,-11.46,-33.13,10.2,-5.961,0.435,23
"[-199,-150]",HR≥55/EDG≥-/CV≤0.6/μ≥1.0/TP≥55,55.77,,0.6,1.0,55.0,52,52,29,23,55.77,-11.46,-33.13,10.2,-5.961,0.435,23
"[-199,-150]",HR≥55/EDG≥-/CV≤0.6/μ≥1.0/TP≥60,58.06,,0.6,1.0,60.0,31,31,18,13,58.06,-9.39,-36.97,18.18,-2.912,0.471,17
"[-199,-150]",HR≥55/EDG≥-/CV≤0.5/μ≥-/TP≥-,55.7,,0.5,,,79,79,44,35,55.7,-11.12,-28.74,6.49,-8.787,0.462,26
"[-199,-150]",HR≥55/EDG≥-/CV≤0.5/μ≥-/TP≥50,55.41,,0.5,,50.0,74,74,41,33,55.41,-11.66,-29.86,6.55,-8.627,0.48,25
"[-199,-150]",HR≥55/EDG≥-/CV≤0.5/μ≥-/TP≥55,56.34,,0.5,,55.0,71,71,40,31,56.34,-10.21,-28.75,8.33,-7.252,0.44,25
"[-199,-150]",HR≥55/EDG≥-/CV≤0.5/μ≥-/TP≥60,55.88,,0.5,,60.0,34,34,19,15,55.88,-13.07,-39.44,13.29,-4.445,0.526,19
"[-199,-150]",HR≥55/EDG≥-/CV≤0.5/μ≥0.0/TP≥-,55.38,,0.5,0.0,,65,65,36,29,55.38,-11.8,-31.21,7.62,-7.667,0.542,24
"[-199,-150]",HR≥55/EDG≥-/CV≤0.5/μ≥0.0/TP≥50,55.38,,0.5,0.0,50.0,65,65,36,29,55.38,-11.8,-31.21,7.62,-7.667,0.542,24
"[-199,-150]",HR≥55/EDG≥-/CV≤0.5/μ≥0.0/TP≥55,55.56,,0.5,0.0,55.0,63,63,35,28,55.56,-11.57,-31.29,8.14,-7.292,0.5,24
"[-199,-150]",HR≥55/EDG≥-/CV≤0.5/μ≥0.0/TP≥60,54.84,,0.5,0.0,60.0,31,31,17,14,54.84,-14.6,-42.35,13.15,-4.527,0.5,18
"[-199,-150]",HR≥55/EDG≥-/CV≤0.5/μ≥0.5/TP≥-,57.41,,0.5,0.5,,54,54,31,23,57.41,-8.63,-29.84,12.59,-4.659,0.542,24
"[-199,-150]",HR≥55/EDG≥-/CV≤0.5/μ≥0.5/TP≥50,57.41,,0.5,0.5,50.0,54,54,31,23,57.41,-8.63,-29.84,12.59,-4.659,0.542,24
"[-199,-150]",HR≥55/EDG≥-/CV≤0.5/μ≥0.5/TP≥55,57.41,,0.5,0.5,55.0,54,54,31,23,57.41,-8.63,-29.84,12.59,-4.659,0.542,24
"[-199,-150]",HR≥55/EDG≥-/CV≤0.5/μ≥1.0/TP≥-,54.17,,0.5,1.0,,48,48,26,22,54.17,-13.87,-36.55,8.81,-6.657,0.478,23
"[-199,-150]",HR≥55/EDG≥-/CV≤0.5/μ≥1.0/TP≥50,54.17,,0.5,1.0,50.0,48,48,26,22,54.17,-13.87,-36.55,8.81,-6.657,0.478,23
"[-199,-150]",HR≥55/EDG≥-/CV≤0.5/μ≥1.0/TP≥55,54.17,,0.5,1.0,55.0,48,48,26,22,54.17,-13.87,-36.55,8.81,-6.657,0.478,23
"[-199,-150]",HR≥55/EDG≥-/CV≤0.45/μ≥-/TP≥-,54.29,,0.45,,,70,70,38,32,54.29,-13.38,-32.16,5.39,-9.369,0.44,25
"[-199,-150]",HR≥55/EDG≥-/CV≤0.45/μ≥-/TP≥50,53.85,,0.45,,50.0,65,65,35,30,53.85,-14.17,-33.66,5.33,-9.209,0.435,23
"[-199,-150]",HR≥55/EDG≥-/CV≤0.45/μ≥-/TP≥55,54.84,,0.45,,55.0,62,62,34,28,54.84,-12.64,-32.56,7.29,-7.834,0.391,23
"[-199,-150]",HR≥55/EDG≥-/CV≤0.45/μ≥-/TP≥60,56.67,,0.45,,60.0,30,30,17,13,56.67,-11.75,-39.85,16.36,-3.524,0.556,18
"[-199,-150]",HR≥55/EDG≥-/CV≤0.45/μ≥0.0/TP≥-,54.39,,0.45,0.0,,57,57,31,26,54.39,-13.38,-34.18,7.43,-7.624,0.476,21
"[-199,-150]",HR≥55/EDG≥-/CV≤0.45/μ≥0.0/TP≥50,54.39,,0.45,0.0,50.0,57,57,31,26,54.39,-13.38,-34.18,7.43,-7.624,0.476,21
"[-199,-150]",HR≥55/EDG≥-/CV≤0.45/μ≥0.0/TP≥55,54.55,,0.45,0.0,55.0,55,55,30,25,54.55,-13.18,-34.35,7.98,-7.249,0.429,21
"[-199,-150]",HR≥55/EDG≥-/CV≤0.45/μ≥0.5/TP≥-,55.32,,0.45,0.5,,47,47,26,21,55.32,-11.95,-34.85,10.95,-5.616,0.429,21
"[-199,-150]",HR≥55/EDG≥-/CV≤0.45/μ≥0.5/TP≥50,55.32,,0.45,0.5,50.0,47,47,26,21,55.32,-11.95,-34.85,10.95,-5.616,0.429,21
"[-199,-150]",HR≥55/EDG≥-/CV≤0.45/μ≥0.5/TP≥55,55.32,,0.45,0.5,55.0,47,47,26,21,55.32,-11.95,-34.85,10.95,-5.616,0.429,21
"[-199,-150]",HR≥55/EDG≥-/CV≤0.45/μ≥1.0/TP≥-,51.22,,0.45,1.0,,41,41,21,20,51.22,-18.57,-43.22,6.08,-7.614,0.4,20
"[-199,-150]",HR≥55/EDG≥-/CV≤0.45/μ≥1.0/TP≥50,51.22,,0.45,1.0,50.0,41,41,21,20,51.22,-18.57,-43.22,6.08,-7.614,0.4,20
"[-199,-150]",HR≥55/EDG≥-/CV≤0.45/μ≥1.0/TP≥55,51.22,,0.45,1.0,55.0,41,41,21,20,51.22,-18.57,-43.22,6.08,-7.614,0.4,20
"[-199,-150]",HR≥55/EDG≥-/CV≤0.4/μ≥-/TP≥-,50.98,,0.4,,,51,51,26,25,50.98,-18.38,-40.59,3.83,-9.373,0.409,22
"[-199,-150]",HR≥55/EDG≥-/CV≤0.4/μ≥-/TP≥50,50.0,,0.4,,50.0,46,46,23,23,50.0,-20.03,-43.42,3.37,-9.212,0.368,19
"[-199,-150]",HR≥55/EDG≥-/CV≤0.4/μ≥-/TP≥55,51.16,,0.4,,55.0,43,43,22,21,51.16,-18.23,-42.42,5.97,-7.837,0.368,19
"[-199,-150]",HR≥55/EDG≥-/CV≤0.4/μ≥0.0/TP≥-,50.0,,0.4,0.0,,38,38,19,19,50.0,-20.07,-45.85,5.71,-7.627,0.375,16
"[-199,-150]",HR≥55/EDG≥-/CV≤0.4/μ≥0.0/TP≥50,50.0,,0.4,0.0,50.0,38,38,19,19,50.0,-20.07,-45.85,5.71,-7.627,0.375,16
"[-199,-150]",HR≥55/EDG≥-/CV≤0.4/μ≥0.0/TP≥55,50.0,,0.4,0.0,55.0,36,36,18,18,50.0,-20.15,-46.63,6.34,-7.252,0.375,16
"[-199,-150]",HR≥55/EDG≥-5.0/CV≤-/μ≥-/TP≥-,57.53,-5.0,,,,74,73,42,31,57.53,-8.52,-26.7,9.65,-6.222,0.44,25
"[-199,-150]",HR≥55/EDG≥-5.0/CV≤-/μ≥-/TP≥50,57.53,-5.0,,,50.0,74,73,42,31,57.53,-8.52,-26.7,9.65,-6.222,0.44,25
"[-199,-150]",HR≥55/EDG≥-5.0/CV≤-/μ≥-/TP≥55,57.53,-5.0,,,55.0,74,73,42,31,57.53,-8.52,-26.7,9.65,-6.222,0.44,25
"[-199,-150]",HR≥55/EDG≥-5.0/CV≤-/μ≥-/TP≥60,56.1,-5.0,,,60.0,41,41,23,18,56.1,-12.75,-36.68,11.18,-5.228,0.526,19
"[-199,-150]",HR≥55/EDG≥-5.0/CV≤-/μ≥0.0/TP≥-,57.53,-5.0,,0.0,,74,73,42,31,57.53,-8.52,-26.7,9.65,-6.222,0.44,25
"[-199,-150]",HR≥55/EDG≥-5.0/CV≤-/μ≥0.0/TP≥50,57.53,-5.0,,0.0,50.0,74,73,42,31,57.53,-8.52,-26.7,9.65,-6.222,0.44,25
"[-199,-150]",HR≥55/EDG≥-5.0/CV≤-/μ≥0.0/TP≥55,57.53,-5.0,,0.0,55.0,74,73,42,31,57.53,-8.52,-26.7,9.65,-6.222,0.44,25
"[-199,-150]",HR≥55/EDG≥-5.0/CV≤-/μ≥0.0/TP≥60,56.1,-5.0,,0.0,60.0,41,41,23,18,56.1,-12.75,-36.68,11.18,-5.228,0.526,19
"[-199,-150]",HR≥55/EDG≥-5.0/CV≤-/μ≥0.5/TP≥-,56.34,-5.0,,0.5,,72,71,40,31,56.34,-10.33,-28.84,8.18,-7.334,0.4,25
"[-199,-150]",HR≥55/EDG≥-5.0/CV≤-/μ≥0.5/TP≥50,56.34,-5.0,,0.5,50.0,72,71,40,31,56.34,-10.33,-28.84,8.18,-7.334,0.4,25
"[-199,-150]",HR≥55/EDG≥-5.0/CV≤-/μ≥0.5/TP≥55,56.34,-5.0,,0.5,55.0,72,71,40,31,56.34,-10.33,-28.84,8.18,-7.334,0.4,25
"[-199,-150]",HR≥55/EDG≥-5.0/CV≤-/μ≥0.5/TP≥60,55.0,-5.0,,0.5,60.0,40,40,22,18,55.0,-14.42,-38.73,9.89,-5.769,0.474,19
"[-199,-150]",HR≥55/EDG≥-5.0/CV≤-/μ≥1.0/TP≥-,56.67,-5.0,,1.0,,60,60,34,26,56.67,-9.84,-29.98,10.31,-5.902,0.435,23
"[-199,-150]",HR≥55/EDG≥-5.0/CV≤-/μ≥1.0/TP≥50,56.67,-5.0,,1.0,50.0,60,60,34,26,56.67,-9.84,-29.98,10.31,-5.902,0.435,23
"[-199,-150]",HR≥55/EDG≥-5.0/CV≤-/μ≥1.0/TP≥55,56.67,-5.0,,1.0,55.0,60,60,34,26,56.67,-9.84,-29.98,10.31,-5.902,0.435,23
"[-199,-150]",HR≥55/EDG≥-5.0/CV≤-/μ≥1.0/TP≥60,55.88,-5.0,,1.0,60.0,34,34,19,15,55.88,-12.92,-39.33,13.5,-4.391,0.5,18
"[-199,-150]",HR≥55/EDG≥-5.0/CV≤0.7/μ≥-/TP≥-,56.94,-5.0,0.7,,,73,72,41,31,56.94,-9.54,-27.86,8.77,-6.872,0.44,25
"[-199,-150]",HR≥55/EDG≥-5.0/CV≤0.7/μ≥-/TP≥50,56.94,-5.0,0.7,,50.0,73,72,41,31,56.94,-9.54,-27.86,8.77,-6.872,0.44,25
"[-199,-150]",HR≥55/EDG≥-5.0/CV≤0.7/μ≥-/TP≥55,56.94,-5.0,0.7,,55.0,73,72,41,31,56.94,-9.54,-27.86,8.77,-6.872,0.44,25
"[-199,-150]",HR≥55/EDG≥-5.0/CV≤0.7/μ≥-/TP≥60,56.1,-5.0,0.7,,60.0,41,41,23,18,56.1,-12.75,-36.68,11.18,-5.228,0.526,19
"[-199,-150]",HR≥55/EDG≥-5.0/CV≤0.7/μ≥0.0/TP≥-,56.94,-5.0,0.7,0.0,,73,72,41,31,56.94,-9.54,-27.86,8.77,-6.872,0.44,25
"[-199,-150]",HR≥55/EDG≥-5.0/CV≤0.7/μ≥0.0/TP≥50,56.94,-5.0,0.7,0.0,50.0,73,72,41,31,56.94,-9.54,-27.86,8.77,-6.872,0.44,25
"[-199,-150]",HR≥55/EDG≥-5.0/CV≤0.7/μ≥0.0/TP≥55,56.94,-5.0,0.7,0.0,55.0,73,72,41,31,56.94,-9.54,-27.86,8.77,-6.872,0.44,25
"[-199,-150]",HR≥55/EDG≥-5.0/CV≤0.7/μ≥0.0/TP≥60,56.1,-5.0,0.7,0.0,60.0,41,41,23,18,56.1,-12.75,-36.68,11.18,-5.228,0.526,19
"[-199,-150]",HR≥55/EDG≥-5.0/CV≤0.7/μ≥0.5/TP≥-,55.71,-5.0,0.7,0.5,,71,70,39,31,55.71,-11.41,-30.06,7.25,-7.984,0.4,25
"[-199,-150]",HR≥55/EDG≥-5.0/CV≤0.7/μ≥0.5/TP≥50,55.71,-5.0,0.7,0.5,50.0,71,70,39,31,55.71,-11.41,-30.06,7.25,-7.984,0.4,25
"[-199,-150]",HR≥55/EDG≥-5.0/CV≤0.7/μ≥0.5/TP≥55,55.71,-5.0,0.7,0.5,55.0,71,70,39,31,55.71,-11.41,-30.06,7.25,-7.984,0.4,25
"[-199,-150]",HR≥55/EDG≥-5.0/CV≤0.7/μ≥0.5/TP≥60,55.0,-5.0,0.7,0.5,60.0,40,40,22,18,55.0,-14.42,-38.73,9.89,-5.769,0.474,19
"[-199,-150]",HR≥55/EDG≥-5.0/CV≤0.7/μ≥1.0/TP≥-,55.93,-5.0,0.7,1.0,,59,59,33,26,55.93,-11.1,-31.43,9.23,-6.551,0.435,23
"[-199,-150]",HR≥55/EDG≥-5.0/CV≤0.7/μ≥1.0/TP≥50,55.93,-5.0,0.7,1.0,50.0,59,59,33,26,55.93,-11.1,-31.43,9.23,-6.551,0.435,23
"[-199,-150]",HR≥55/EDG≥-5.0/CV≤0.7/μ≥1.0/TP≥55,55.93,-5.0,0.7,1.0,55.0,59,59,33,26,55.93,-11.1,-31.43,9.23,-6.551,0.435,23
"[-199,-150]",HR≥55/EDG≥-5.0/CV≤0.7/μ≥1.0/TP≥60,55.88,-5.0,0.7,1.0,60.0,34,34,19,15,55.88,-12.92,-39.33,13.5,-4.391,0.5,18
"[-199,-150]",HR≥55/EDG≥-5.0/CV≤0.6/μ≥-/TP≥-,56.25,-5.0,0.6,,,65,64,36,28,56.25,-10.68,-30.16,8.79,-6.837,0.44,25
"[-199,-150]",HR≥55/EDG≥-5.0/CV≤0.6/μ≥-/TP≥50,56.25,-5.0,0.6,,50.0,65,64,36,28,56.25,-10.68,-30.16,8.79,-6.837,0.44,25
"[-199,-150]",HR≥55/EDG≥-5.0/CV≤0.6/μ≥-/TP≥55,56.25,-5.0,0.6,,55.0,65,64,36,28,56.25,-10.68,-30.16,8.79,-6.837,0.44,25
"[-199,-150]",HR≥55/EDG≥-5.0/CV≤0.6/μ≥-/TP≥60,56.76,-5.0,0.6,,60.0,37,37,21,16,56.76,-11.63,-36.85,13.58,-4.305,0.5,18
"[-199,-150]",HR≥55/EDG≥-5.0/CV≤0.6/μ≥0.0/TP≥-,56.25,-5.0,0.6,0.0,,65,64,36,28,56.25,-10.68,-30.16,8.79,-6.837,0.44,25
"[-199,-150]",HR≥55/EDG≥-5.0/CV≤0.6/μ≥0.0/TP≥50,56.25,-5.0,0.6,0.0,50.0,65,64,36,28,56.25,-10.68,-30.16,8.79,-6.837,0.44,25
"[-199,-150]",HR≥55/EDG≥-5.0/CV≤0.6/μ≥0.0/TP≥55,56.25,-5.0,0.6,0.0,55.0,65,64,36,28,56.25,-10.68,-30.16,8.79,-6.837,0.44,25
"[-199,-150]",HR≥55/EDG≥-5.0/CV≤0.6/μ≥0.0/TP≥60,56.76,-5.0,0.6,0.0,60.0,37,37,21,16,56.76,-11.63,-36.85,13.58,-4.305,0.5,18
"[-199,-150]",HR≥55/EDG≥-5.0/CV≤0.6/μ≥0.5/TP≥-,54.84,-5.0,0.6,0.5,,63,62,34,28,54.84,-12.82,-32.7,7.06,-7.949,0.4,25
"[-199,-150]",HR≥55/EDG≥-5.0/CV≤0.6/μ≥0.5/TP≥50,54.84,-5.0,0.6,0.5,50.0,63,62,34,28,54.84,-12.82,-32.7,7.06,-7.949,0.4,25
"[-199,-150]",HR≥55/EDG≥-5.0/CV≤0.6/μ≥0.5/TP≥55,54.84,-5.0,0.6,0.5,55.0,63,62,34,28,54.84,-12.82,-32.7,7.06,-7.949,0.4,25
"[-199,-150]",HR≥55/EDG≥-5.0/CV≤0.6/μ≥0.5/TP≥60,55.56,-5.0,0.6,0.5,60.0,36,36,20,16,55.56,-13.46,-39.12,12.2,-4.845,0.444,18
"[-199,-150]",HR≥55/EDG≥-5.0/CV≤0.6/μ≥1.0/TP≥-,55.77,-5.0,0.6,1.0,,52,52,29,23,55.77,-11.46,-33.13,10.2,-5.961,0.435,23
"[-199,-150]",HR≥55/EDG≥-5.0/CV≤0.6/μ≥1.0/TP≥50,55.77,-5.0,0.6,1.0,50.0,52,52,29,23,55.77,-11.46,-33.13,10.2,-5.961,0.435,23
"[-199,-150]",HR≥55/EDG≥-5.0/CV≤0.6/μ≥1.0/TP≥55,55.77,-5.0,0.6,1.0,55.0,52,52,29,23,55.77,-11.46,-33.13,10.2,-5.961,0.435,23
"[-199,-150]",HR≥55/EDG≥-5.0/CV≤0.6/μ≥1.0/TP≥60,58.06,-5.0,0.6,1.0,60.0,31,31,18,13,58.06,-9.39,-36.97,18.18,-2.912,0.471,17
"[-199,-150]",HR≥55/EDG≥-5.0/CV≤0.5/μ≥-/TP≥-,58.18,-5.0,0.5,,,55,55,32,23,58.18,-7.38,-28.35,13.59,-4.06,0.542,24
"[-199,-150]",HR≥55/EDG≥-5.0/CV≤0.5/μ≥-/TP≥50,58.18,-5.0,0.5,,50.0,55,55,32,23,58.18,-7.38,-28.35,13.59,-4.06,0.542,24
"[-199,-150]",HR≥55/EDG≥-5.0/CV≤0.5/μ≥-/TP≥55,58.18,-5.0,0.5,,55.0,55,55,32,23,58.18,-7.38,-28.35,13.59,-4.06,0.542,24
"[-199,-150]",HR≥55/EDG≥-5.0/CV≤0.5/μ≥-/TP≥60,56.67,-5.0,0.5,,60.0,30,30,17,13,56.67,-11.76,-39.86,16.35,-3.527,0.529,17
"[-199,-150]",HR≥55/EDG≥-5.0/CV≤0.5/μ≥0.0/TP≥-,58.18,-5.0,0.5,0.0,,55,55,32,23,58.18,-7.38,-28.35,13.59,-4.06,0.542,24
"[-199,-150]",HR≥55/EDG≥-5.0/CV≤0.5/μ≥0.0/TP≥50,58.18,-5.0,0.5,0.0,50.0,55,55,32,23,58.18,-7.38,-28.35,13.59,-4.06,0.542,24
"[-199,-150]",HR≥55/EDG≥-5.0/CV≤0.5/μ≥0.0/TP≥55,58.18,-5.0,0.5,0.0,55.0,55,55,32,23,58.18,-7.38,-28.35,13.59,-4.06,0.542,24
"[-199,-150]",HR≥55/EDG≥-5.0/CV≤0.5/μ≥0.0/TP≥60,56.67,-5.0,0.5,0.0,60.0,30,30,17,13,56.67,-11.76,-39.86,16.35,-3.527,0.529,17
"[-199,-150]",HR≥55/EDG≥-5.0/CV≤0.5/μ≥0.5/TP≥-,56.6,-5.0,0.5,0.5,,53,53,30,23,56.6,-9.76,-31.26,11.75,-5.172,0.5,24
"[-199,-150]",HR≥55/EDG≥-5.0/CV≤0.5/μ≥0.5/TP≥50,56.6,-5.0,0.5,0.5,50.0,53,53,30,23,56.6,-9.76,-31.26,11.75,-5.172,0.5,24
"[-199,-150]",HR≥55/EDG≥-5.0/CV≤0.5/μ≥0.5/TP≥55,56.6,-5.0,0.5,0.5,55.0,53,53,30,23,56.6,-9.76,-31.26,11.75,-5.172,0.5,24
"[-199,-150]",HR≥55/EDG≥-5.0/CV≤0.5/μ≥1.0/TP≥-,54.17,-5.0,0.5,1.0,,48,48,26,22,54.17,-13.87,-36.55,8.81,-6.657,0.478,23
"[-199,-150]",HR≥55/EDG≥-5.0/CV≤0.5/μ≥1.0/TP≥50,54.17,-5.0,0.5,1.0,50.0,48,48,26,22,54.17,-13.87,-36.55,8.81,-6.657,0.478,23
"[-199,-150]",HR≥55/EDG≥-5.0/CV≤0.5/μ≥1.0/TP≥55,54.17,-5.0,0.5,1.0,55.0,48,48,26,22,54.17,-13.87,-36.55,8.81,-6.657,0.478,23
"[-199,-150]",HR≥55/EDG≥-5.0/CV≤0.45/μ≥-/TP≥-,56.25,-5.0,0.45,,,48,48,27,21,56.25,-10.45,-33.06,12.15,-5.017,0.476,21
"[-199,-150]",HR≥55/EDG≥-5.0/CV≤0.45/μ≥-/TP≥50,56.25,-5.0,0.45,,50.0,48,48,27,21,56.25,-10.45,-33.06,12.15,-5.017,0.476,21
"[-199,-150]",HR≥55/EDG≥-5.0/CV≤0.45/μ≥-/TP≥55,56.25,-5.0,0.45,,55.0,48,48,27,21,56.25,-10.45,-33.06,12.15,-5.017,0.476,21
"[-199,-150]",HR≥55/EDG≥-5.0/CV≤0.45/μ≥0.0/TP≥-,56.25,-5.0,0.45,0.0,,48,48,27,21,56.25,-10.45,-33.06,12.15,-5.017,0.476,21
"[-199,-150]",HR≥55/EDG≥-5.0/CV≤0.45/μ≥0.0/TP≥50,56.25,-5.0,0.45,0.0,50.0,48,48,27,21,56.25,-10.45,-33.06,12.15,-5.017,0.476,21
"[-199,-150]",HR≥55/EDG≥-5.0/CV≤0.45/μ≥0.0/TP≥55,56.25,-5.0,0.45,0.0,55.0,48,48,27,21,56.25,-10.45,-33.06,12.15,-5.017,0.476,21
"[-199,-150]",HR≥55/EDG≥-5.0/CV≤0.45/μ≥0.5/TP≥-,54.35,-5.0,0.45,0.5,,46,46,25,21,54.35,-13.32,-36.56,9.91,-6.129,0.429,21
"[-199,-150]",HR≥55/EDG≥-5.0/CV≤0.45/μ≥0.5/TP≥50,54.35,-5.0,0.45,0.5,50.0,46,46,25,21,54.35,-13.32,-36.56,9.91,-6.129,0.429,21
"[-199,-150]",HR≥55/EDG≥-5.0/CV≤0.45/μ≥0.5/TP≥55,54.35,-5.0,0.45,0.5,55.0,46,46,25,21,54.35,-13.32,-36.56,9.91,-6.129,0.429,21
"[-199,-150]",HR≥55/EDG≥-5.0/CV≤0.45/μ≥1.0/TP≥-,51.22,-5.0,0.45,1.0,,41,41,21,20,51.22,-18.57,-43.22,6.08,-7.614,0.4,20
"[-199,-150]",HR≥55/EDG≥-5.0/CV≤0.45/μ≥1.0/TP≥50,51.22,-5.0,0.45,1.0,50.0,41,41,21,20,51.22,-18.57,-43.22,6.08,-7.614,0.4,20
"[-199,-150]",HR≥55/EDG≥-5.0/CV≤0.45/μ≥1.0/TP≥55,51.22,-5.0,0.45,1.0,55.0,41,41,21,20,51.22,-18.57,-43.22,6.08,-7.614,0.4,20
"[-199,-150]",HR≥55/EDG≥-5.0/CV≤0.4/μ≥-/TP≥-,53.33,-5.0,0.4,,,30,30,16,14,53.33,-15.02,-43.99,13.94,-4.507,0.4,15
"[-199,-150]",HR≥55/EDG≥-5.0/CV≤0.4/μ≥-/TP≥50,53.33,-5.0,0.4,,50.0,30,30,16,14,53.33,-15.02,-43.99,13.94,-4.507,0.4,15
"[-199,-150]",HR≥55/EDG≥-5.0/CV≤0.4/μ≥-/TP≥55,53.33,-5.0,0.4,,55.0,30,30,16,14,53.33,-15.02,-43.99,13.94,-4.507,0.4,15
"[-199,-150]",HR≥55/EDG≥-5.0/CV≤0.4/μ≥0.0/TP≥-,53.33,-5.0,0.4,0.0,,30,30,16,14,53.33,-15.02,-43.99,13.94,-4.507,0.4,15
"[-199,-150]",HR≥55/EDG≥-5.0/CV≤0.4/μ≥0.0/TP≥50,53.33,-5.0,0.4,0.0,50.0,30,30,16,14,53.33,-15.02,-43.99,13.94,-4.507,0.4,15
"[-199,-150]",HR≥55/EDG≥-5.0/CV≤0.4/μ≥0.0/TP≥55,53.33,-5.0,0.4,0.0,55.0,30,30,16,14,53.33,-15.02,-43.99,13.94,-4.507,0.4,15
"[-199,-150]",HR≥55/EDG≥0.0/CV≤-/μ≥-/TP≥-,57.35,0.0,,,,69,68,39,29,57.35,-8.62,-27.51,10.27,-5.861,0.44,25
"[-199,-150]",HR≥55/EDG≥0.0/CV≤-/μ≥-/TP≥50,57.35,0.0,,,50.0,69,68,39,29,57.35,-8.62,-27.51,10.27,-5.861,0.44,25
"[-199,-150]",HR≥55/EDG≥0.0/CV≤-/μ≥-/TP≥55,57.35,0.0,,,55.0,69,68,39,29,57.35,-8.62,-27.51,10.27,-5.861,0.44,25
"[-199,-150]",HR≥55/EDG≥0.0/CV≤-/μ≥-/TP≥60,56.76,0.0,,,60.0,37,37,21,16,56.76,-11.61,-36.83,13.61,-4.295,0.5,18
"[-199,-150]",HR≥55/EDG≥0.0/CV≤-/μ≥0.0/TP≥-,57.35,0.0,,0.0,,69,68,39,29,57.35,-8.62,-27.51,10.27,-5.861,0.44,25
"[-199,-150]",HR≥55/EDG≥0.0/CV≤-/μ≥0.0/TP≥50,57.35,0.0,,0.0,50.0,69,68,39,29,57.35,-8.62,-27.51,10.27,-5.861,0.44,25
"[-199,-150]",HR≥55/EDG≥0.0/CV≤-/μ≥0.0/TP≥55,57.35,0.0,,0.0,55.0,69,68,39,29,57.35,-8.62,-27.51,10.27,-5.861,0.44,25
"[-199,-150]",HR≥55/EDG≥0.0/CV≤-/μ≥0.0/TP≥60,56.76,0.0,,0.0,60.0,37,37,21,16,56.76,-11.61,-36.83,13.61,-4.295,0.5,18
"[-199,-150]",HR≥55/EDG≥0.0/CV≤-/μ≥0.5/TP≥-,57.35,0.0,,0.5,,69,68,39,29,57.35,-8.62,-27.51,10.27,-5.861,0.44,25
"[-199,-150]",HR≥55/EDG≥0.0/CV≤-/μ≥0.5/TP≥50,57.35,0.0,,0.5,50.0,69,68,39,29,57.35,-8.62,-27.51,10.27,-5.861,0.44,25
"[-199,-150]",HR≥55/EDG≥0.0/CV≤-/μ≥0.5/TP≥55,57.35,0.0,,0.5,55.0,69,68,39,29,57.35,-8.62,-27.51,10.27,-5.861,0.44,25
"[-199,-150]",HR≥55/EDG≥0.0/CV≤-/μ≥0.5/TP≥60,56.76,0.0,,0.5,60.0,37,37,21,16,56.76,-11.61,-36.83,13.61,-4.295,0.5,18
"[-199,-150]",HR≥55/EDG≥0.0/CV≤-/μ≥1.0/TP≥-,55.93,0.0,,1.0,,59,59,33,26,55.93,-10.89,-31.27,9.48,-6.428,0.435,23
"[-199,-150]",HR≥55/EDG≥0.0/CV≤-/μ≥1.0/TP≥50,55.93,0.0,,1.0,50.0,59,59,33,26,55.93,-10.89,-31.27,9.48,-6.428,0.435,23
"[-199,-150]",HR≥55/EDG≥0.0/CV≤-/μ≥1.0/TP≥55,55.93,0.0,,1.0,55.0,59,59,33,26,55.93,-10.89,-31.27,9.48,-6.428,0.435,23
"[-199,-150]",HR≥55/EDG≥0.0/CV≤-/μ≥1.0/TP≥60,54.55,0.0,,1.0,60.0,33,33,18,15,54.55,-14.9,-41.83,12.03,-4.918,0.471,17
"[-199,-150]",HR≥55/EDG≥0.0/CV≤0.7/μ≥-/TP≥-,56.72,0.0,0.7,,,68,67,38,29,56.72,-9.72,-28.77,9.33,-6.51,0.44,25
"[-199,-150]",HR≥55/EDG≥0.0/CV≤0.7/μ≥-/TP≥50,56.72,0.0,0.7,,50.0,68,67,38,29,56.72,-9.72,-28.77,9.33,-6.51,0.44,25
"[-199,-150]",HR≥55/EDG≥0.0/CV≤0.7/μ≥-/TP≥55,56.72,0.0,0.7,,55.0,68,67,38,29,56.72,-9.72,-28.77,9.33,-6.51,0.44,25
"[-199,-150]",HR≥55/EDG≥0.0/CV≤0.7/μ≥-/TP≥60,56.76,0.0,0.7,,60.0,37,37,21,16,56.76,-11.61,-36.83,13.61,-4.295,0.5,18
"[-199,-150]",HR≥55/EDG≥0.0/CV≤0.7/μ≥0.0/TP≥-,56.72,0.0,0.7,0.0,,68,67,38,29,56.72,-9.72,-28.77,9.33,-6.51,0.44,25
"[-199,-150]",HR≥55/EDG≥0.0/CV≤0.7/μ≥0.0/TP≥50,56.72,0.0,0.7,0.0,50.0,68,67,38,29,56.72,-9.72,-28.77,9.33,-6.51,0.44,25
"[-199,-150]",HR≥55/EDG≥0.0/CV≤0.7/μ≥0.0/TP≥55,56.72,0.0,0.7,0.0,55.0,68,67,38,29,56.72,-9.72,-28.77,9.33,-6.51,0.44,25
"[-199,-150]",HR≥55/EDG≥0.0/CV≤0.7/μ≥0.0/TP≥60,56.76,0.0,0.7,0.0,60.0,37,37,21,16,56.76,-11.61,-36.83,13.61,-4.295,0.5,18
"[-199,-150]",HR≥55/EDG≥0.0/CV≤0.7/μ≥0.5/TP≥-,56.72,0.0,0.7,0.5,,68,67,38,29,56.72,-9.72,-28.77,9.33,-6.51,0.44,25
"[-199,-150]",HR≥55/EDG≥0.0/CV≤0.7/μ≥0.5/TP≥50,56.72,0.0,0.7,0.5,50.0,68,67,38,29,56.72,-9.72,-28.77,9.33,-6.51,0.44,25
"[-199,-150]",HR≥55/EDG≥0.0/CV≤0.7/μ≥0.5/TP≥55,56.72,0.0,0.7,0.5,55.0,68,67,38,29,56.72,-9.72,-28.77,9.33,-6.51,0.44,25
"[-199,-150]",HR≥55/EDG≥0.0/CV≤0.7/μ≥0.5/TP≥60,56.76,0.0,0.7,0.5,60.0,37,37,21,16,56.76,-11.61,-36.83,13.61,-4.295,0.5,18
"[-199,-150]",HR≥55/EDG≥0.0/CV≤0.7/μ≥1.0/TP≥-,55.17,0.0,0.7,1.0,,58,58,32,26,55.17,-12.2,-32.77,8.37,-7.077,0.435,23
"[-199,-150]",HR≥55/EDG≥0.0/CV≤0.7/μ≥1.0/TP≥50,55.17,0.0,0.7,1.0,50.0,58,58,32,26,55.17,-12.2,-32.77,8.37,-7.077,0.435,23
"[-199,-150]",HR≥55/EDG≥0.0/CV≤0.7/μ≥1.0/TP≥55,55.17,0.0,0.7,1.0,55.0,58,58,32,26,55.17,-12.2,-32.77,8.37,-7.077,0.435,23
"[-199,-150]",HR≥55/EDG≥0.0/CV≤0.7/μ≥1.0/TP≥60,54.55,0.0,0.7,1.0,60.0,33,33,18,15,54.55,-14.9,-41.83,12.03,-4.918,0.471,17
"[-199,-150]",HR≥55/EDG≥0.0/CV≤0.6/μ≥-/TP≥-,55.93,0.0,0.6,,,60,59,33,26,55.93,-10.98,-31.34,9.38,-6.476,0.417,24
"[-199,-150]",HR≥55/EDG≥0.0/CV≤0.6/μ≥-/TP≥50,55.93,0.0,0.6,,50.0,60,59,33,26,55.93,-10.98,-31.34,9.38,-6.476,0.417,24
"[-199,-150]",HR≥55/EDG≥0.0/CV≤0.6/μ≥-/TP≥55,55.93,0.0,0.6,,55.0,60,59,33,26,55.93,-10.98,-31.34,9.38,-6.476,0.417,24
"[-199,-150]",HR≥55/EDG≥0.0/CV≤0.6/μ≥-/TP≥60,57.58,0.0,0.6,,60.0,33,33,19,14,57.58,-10.22,-36.94,16.5,-3.372,0.471,17
"[-199,-150]",HR≥55/EDG≥0.0/CV≤0.6/μ≥0.0/TP≥-,55.93,0.0,0.6,0.0,,60,59,33,26,55.93,-10.98,-31.34,9.38,-6.476,0.417,24
"[-199,-150]",HR≥55/EDG≥0.0/CV≤0.6/μ≥0.0/TP≥50,55.93,0.0,0.6,0.0,50.0,60,59,33,26,55.93,-10.98,-31.34,9.38,-6.476,0.417,24
"[-199,-150]",HR≥55/EDG≥0.0/CV≤0.6/μ≥0.0/TP≥55,55.93,0.0,0.6,0.0,55.0,60,59,33,26,55.93,-10.98,-31.34,9.38,-6.476,0.417,24
"[-199,-150]",HR≥55/EDG≥0.0/CV≤0.6/μ≥0.0/TP≥60,57.58,0.0,0.6,0.0,60.0,33,33,19,14,57.58,-10.22,-36.94,16.5,-3.372,0.471,17
"[-199,-150]",HR≥55/EDG≥0.0/CV≤0.6/μ≥0.5/TP≥-,55.93,0.0,0.6,0.5,,60,59,33,26,55.93,-10.98,-31.34,9.38,-6.476,0.417,24
"[-199,-150]",HR≥55/EDG≥0.0/CV≤0.6/μ≥0.5/TP≥50,55.93,0.0,0.6,0.5,50.0,60,59,33,26,55.93,-10.98,-31.34,9.38,-6.476,0.417,24
"[-199,-150]",HR≥55/EDG≥0.0/CV≤0.6/μ≥0.5/TP≥55,55.93,0.0,0.6,0.5,55.0,60,59,33,26,55.93,-10.98,-31.34,9.38,-6.476,0.417,24
"[-199,-150]",HR≥55/EDG≥0.0/CV≤0.6/μ≥0.5/TP≥60,57.58,0.0,0.6,0.5,60.0,33,33,19,14,57.58,-10.22,-36.94,16.5,-3.372,0.471,17
"[-199,-150]",HR≥55/EDG≥0.0/CV≤0.6/μ≥1.0/TP≥-,54.9,0.0,0.6,1.0,,51,51,28,23,54.9,-12.72,-34.67,9.23,-6.487,0.409,22
"[-199,-150]",HR≥55/EDG≥0.0/CV≤0.6/μ≥1.0/TP≥50,54.9,0.0,0.6,1.0,50.0,51,51,28,23,54.9,-12.72,-34.67,9.23,-6.487,0.409,22
"[-199,-150]",HR≥55/EDG≥0.0/CV≤0.6/μ≥1.0/TP≥55,54.9,0.0,0.6,1.0,55.0,51,51,28,23,54.9,-12.72,-34.67,9.23,-6.487,0.409,22
"[-199,-150]",HR≥55/EDG≥0.0/CV≤0.6/μ≥1.0/TP≥60,56.67,0.0,0.6,1.0,60.0,30,30,17,13,56.67,-11.46,-39.66,16.74,-3.438,0.438,16
"[-199,-150]",HR≥55/EDG≥0.0/CV≤0.5/μ≥-/TP≥-,56.86,0.0,0.5,,,51,51,29,22,56.86,-9.21,-31.16,12.73,-4.698,0.478,23
"[-199,-150]",HR≥55/EDG≥0.0/CV≤0.5/μ≥-/TP≥50,56.86,0.0,0.5,,50.0,51,51,29,22,56.86,-9.21,-31.16,12.73,-4.698,0.478,23
"[-199,-150]",HR≥55/EDG≥0.0/CV≤0.5/μ≥-/TP≥55,56.86,0.0,0.5,,55.0,51,51,29,22,56.86,-9.21,-31.16,12.73,-4.698,0.478,23
"[-199,-150]",HR≥55/EDG≥0.0/CV≤0.5/μ≥0.0/TP≥-,56.86,0.0,0.5,0.0,,51,51,29,22,56.86,-9.21,-31.16,12.73,-4.698,0.478,23
"[-199,-150]",HR≥55/EDG≥0.0/CV≤0.5/μ≥0.0/TP≥50,56.86,0.0,0.5,0.0,50.0,51,51,29,22,56.86,-9.21,-31.16,12.73,-4.698,0.478,23
"[-199,-150]",HR≥55/EDG≥0.0/CV≤0.5/μ≥0.0/TP≥55,56.86,0.0,0.5,0.0,55.0,51,51,29,22,56.86,-9.21,-31.16,12.73,-4.698,0.478,23
"[-199,-150]",HR≥55/EDG≥0.0/CV≤0.5/μ≥0.5/TP≥-,56.86,0.0,0.5,0.5,,51,51,29,22,56.86,-9.21,-31.16,12.73,-4.698,0.478,23
"[-199,-150]",HR≥55/EDG≥0.0/CV≤0.5/μ≥0.5/TP≥50,56.86,0.0,0.5,0.5,50.0,51,51,29,22,56.86,-9.21,-31.16,12.73,-4.698,0.478,23
"[-199,-150]",HR≥55/EDG≥0.0/CV≤0.5/μ≥0.5/TP≥55,56.86,0.0,0.5,0.5,55.0,51,51,29,22,56.86,-9.21,-31.16,12.73,-4.698,0.478,23
"[-199,-150]",HR≥55/EDG≥0.0/CV≤0.5/μ≥1.0/TP≥-,53.19,0.0,0.5,1.0,,47,47,25,22,53.19,-15.28,-38.27,7.71,-7.183,0.455,22
"[-199,-150]",HR≥55/EDG≥0.0/CV≤0.5/μ≥1.0/TP≥50,53.19,0.0,0.5,1.0,50.0,47,47,25,22,53.19,-15.28,-38.27,7.71,-7.183,0.455,22
"[-199,-150]",HR≥55/EDG≥0.0/CV≤0.5/μ≥1.0/TP≥55,53.19,0.0,0.5,1.0,55.0,47,47,25,22,53.19,-15.28,-38.27,7.71,-7.183,0.455,22
"[-199,-150]",HR≥55/EDG≥0.0/CV≤0.45/μ≥-/TP≥-,54.55,0.0,0.45,,,44,44,24,20,54.55,-12.85,-36.66,10.95,-5.655,0.4,20
"[-199,-150]",HR≥55/EDG≥0.0/CV≤0.45/μ≥-/TP≥50,54.55,0.0,0.45,,50.0,44,44,24,20,54.55,-12.85,-36.66,10.95,-5.655,0.4,20
"[-199,-150]",HR≥55/EDG≥0.0/CV≤0.45/μ≥-/TP≥55,54.55,0.0,0.45,,55.0,44,44,24,20,54.55,-12.85,-36.66,10.95,-5.655,0.4,20
"[-199,-150]",HR≥55/EDG≥0.0/CV≤0.45/μ≥0.0/TP≥-,54.55,0.0,0.45,0.0,,44,44,24,20,54.55,-12.85,-36.66,10.95,-5.655,0.4,20
"[-199,-150]",HR≥55/EDG≥0.0/CV≤0.45/μ≥0.0/TP≥50,54.55,0.0,0.45,0.0,50.0,44,44,24,20,54.55,-12.85,-36.66,10.95,-5.655,0.4,20
"[-199,-150]",HR≥55/EDG≥0.0/CV≤0.45/μ≥0.0/TP≥55,54.55,0.0,0.45,0.0,55.0,44,44,24,20,54.55,-12.85,-36.66,10.95,-5.655,0.4,20
"[-199,-150]",HR≥55/EDG≥0.0/CV≤0.45/μ≥0.5/TP≥-,54.55,0.0,0.45,0.5,,44,44,24,20,54.55,-12.85,-36.66,10.95,-5.655,0.4,20
"[-199,-150]",HR≥55/EDG≥0.0/CV≤0.45/μ≥0.5/TP≥50,54.55,0.0,0.45,0.5,50.0,44,44,24,20,54.55,-12.85,-36.66,10.95,-5.655,0.4,20
"[-199,-150]",HR≥55/EDG≥0.0/CV≤0.45/μ≥0.5/TP≥55,54.55,0.0,0.45,0.5,55.0,44,44,24,20,54.55,-12.85,-36.66,10.95,-5.655,0.4,20
"[-199,-150]",HR≥55/EDG≥0.0/CV≤0.45/μ≥1.0/TP≥-,50.0,0.0,0.45,1.0,,40,40,20,20,50.0,-20.35,-45.37,4.67,-8.14,0.368,19
"[-199,-150]",HR≥55/EDG≥0.0/CV≤0.45/μ≥1.0/TP≥50,50.0,0.0,0.45,1.0,50.0,40,40,20,20,50.0,-20.35,-45.37,4.67,-8.14,0.368,19
"[-199,-150]",HR≥55/EDG≥0.0/CV≤0.45/μ≥1.0/TP≥55,50.0,0.0,0.45,1.0,55.0,40,40,20,20,50.0,-20.35,-45.37,4.67,-8.14,0.368,19
"[-199,-150]",HR≥55/EDG≥5.0/CV≤-/μ≥-/TP≥-,56.9,5.0,,,,58,58,33,25,56.9,-9.29,-29.81,11.23,-5.389,0.435,23
"[-199,-150]",HR≥55/EDG≥5.0/CV≤-/μ≥-/TP≥50,56.9,5.0,,,50.0,58,58,33,25,56.9,-9.29,-29.81,11.23,-5.389,0.435,23
"[-199,-150]",HR≥55/EDG≥5.0/CV≤-/μ≥-/TP≥55,56.9,5.0,,,55.0,58,58,33,25,56.9,-9.29,-29.81,11.23,-5.389,0.435,23
"[-199,-150]",HR≥55/EDG≥5.0/CV≤-/μ≥-/TP≥60,56.25,5.0,,,60.0,32,32,18,14,56.25,-12.24,-39.5,15.02,-3.918,0.471,17
"[-199,-150]",HR≥55/EDG≥5.0/CV≤-/μ≥0.0/TP≥-,56.9,5.0,,0.0,,58,58,33,25,56.9,-9.29,-29.81,11.23,-5.389,0.435,23
"[-199,-150]",HR≥55/EDG≥5.0/CV≤-/μ≥0.0/TP≥50,56.9,5.0,,0.0,50.0,58,58,33,25,56.9,-9.29,-29.81,11.23,-5.389,0.435,23
"[-199,-150]",HR≥55/EDG≥5.0/CV≤-/μ≥0.0/TP≥55,56.9,5.0,,0.0,55.0,58,58,33,25,56.9,-9.29,-29.81,11.23,-5.389,0.435,23
"[-199,-150]",HR≥55/EDG≥5.0/CV≤-/μ≥0.0/TP≥60,56.25,5.0,,0.0,60.0,32,32,18,14,56.25,-12.24,-39.5,15.02,-3.918,0.471,17
"[-199,-150]",HR≥55/EDG≥5.0/CV≤-/μ≥0.5/TP≥-,56.9,5.0,,0.5,,58,58,33,25,56.9,-9.29,-29.81,11.23,-5.389,0.435,23
"[-199,-150]",HR≥55/EDG≥5.0/CV≤-/μ≥0.5/TP≥50,56.9,5.0,,0.5,50.0,58,58,33,25,56.9,-9.29,-29.81,11.23,-5.389,0.435,23
"[-199,-150]",HR≥55/EDG≥5.0/CV≤-/μ≥0.5/TP≥55,56.9,5.0,,0.5,55.0,58,58,33,25,56.9,-9.29,-29.81,11.23,-5.389,0.435,23
"[-199,-150]",HR≥55/EDG≥5.0/CV≤-/μ≥0.5/TP≥60,56.25,5.0,,0.5,60.0,32,32,18,14,56.25,-12.24,-39.5,15.02,-3.918,0.471,17
"[-199,-150]",HR≥55/EDG≥5.0/CV≤-/μ≥1.0/TP≥-,56.14,5.0,,1.0,,57,57,32,25,56.14,-10.59,-31.31,10.14,-6.034,0.435,23
"[-199,-150]",HR≥55/EDG≥5.0/CV≤-/μ≥1.0/TP≥50,56.14,5.0,,1.0,50.0,57,57,32,25,56.14,-10.59,-31.31,10.14,-6.034,0.435,23
"[-199,-150]",HR≥55/EDG≥5.0/CV≤-/μ≥1.0/TP≥55,56.14,5.0,,1.0,55.0,57,57,32,25,56.14,-10.59,-31.31,10.14,-6.034,0.435,23
"[-199,-150]",HR≥55/EDG≥5.0/CV≤-/μ≥1.0/TP≥60,56.25,5.0,,1.0,60.0,32,32,18,14,56.25,-12.24,-39.5,15.02,-3.918,0.471,17
"[-199,-150]",HR≥55/EDG≥5.0/CV≤0.7/μ≥-/TP≥-,56.14,5.0,0.7,,,57,57,32,25,56.14,-10.59,-31.31,10.13,-6.038,0.435,23
"[-199,-150]",HR≥55/EDG≥5.0/CV≤0.7/μ≥-/TP≥50,56.14,5.0,0.7,,50.0,57,57,32,25,56.14,-10.59,-31.31,10.13,-6.038,0.435,23
"[-199,-150]",HR≥55/EDG≥5.0/CV≤0.7/μ≥-/TP≥55,56.14,5.0,0.7,,55.0,57,57,32,25,56.14,-10.59,-31.31,10.13,-6.038,0.435,23
"[-199,-150]",HR≥55/EDG≥5.0/CV≤0.7/μ≥-/TP≥60,56.25,5.0,0.7,,60.0,32,32,18,14,56.25,-12.24,-39.5,15.02,-3.918,0.471,17
"[-199,-150]",HR≥55/EDG≥5.0/CV≤0.7/μ≥0.0/TP≥-,56.14,5.0,0.7,0.0,,57,57,32,25,56.14,-10.59,-31.31,10.13,-6.038,0.435,23
"[-199,-150]",HR≥55/EDG≥5.0/CV≤0.7/μ≥0.0/TP≥50,56.14,5.0,0.7,0.0,50.0,57,57,32,25,56.14,-10.59,-31.31,10.13,-6.038,0.435,23
"[-199,-150]",HR≥55/EDG≥5.0/CV≤0.7/μ≥0.0/TP≥55,56.14,5.0,0.7,0.0,55.0,57,57,32,25,56.14,-10.59,-31.31,10.13,-6.038,0.435,23
"[-199,-150]",HR≥55/EDG≥5.0/CV≤0.7/μ≥0.0/TP≥60,56.25,5.0,0.7,0.0,60.0,32,32,18,14,56.25,-12.24,-39.5,15.02,-3.918,0.471,17
"[-199,-150]",HR≥55/EDG≥5.0/CV≤0.7/μ≥0.5/TP≥-,56.14,5.0,0.7,0.5,,57,57,32,25,56.14,-10.59,-31.31,10.13,-6.038,0.435,23
"[-199,-150]",HR≥55/EDG≥5.0/CV≤0.7/μ≥0.5/TP≥50,56.14,5.0,0.7,0.5,50.0,57,57,32,25,56.14,-10.59,-31.31,10.13,-6.038,0.435,23
"[-199,-150]",HR≥55/EDG≥5.0/CV≤0.7/μ≥0.5/TP≥55,56.14,5.0,0.7,0.5,55.0,57,57,32,25,56.14,-10.59,-31.31,10.13,-6.038,0.435,23
"[-199,-150]",HR≥55/EDG≥5.0/CV≤0.7/μ≥0.5/TP≥60,56.25,5.0,0.7,0.5,60.0,32,32,18,14,56.25,-12.24,-39.5,15.02,-3.918,0.471,17
"[-199,-150]",HR≥55/EDG≥5.0/CV≤0.7/μ≥1.0/TP≥-,55.36,5.0,0.7,1.0,,56,56,31,25,55.36,-11.93,-32.86,8.99,-6.683,0.435,23
"[-199,-150]",HR≥55/EDG≥5.0/CV≤0.7/μ≥1.0/TP≥50,55.36,5.0,0.7,1.0,50.0,56,56,31,25,55.36,-11.93,-32.86,8.99,-6.683,0.435,23
"[-199,-150]",HR≥55/EDG≥5.0/CV≤0.7/μ≥1.0/TP≥55,55.36,5.0,0.7,1.0,55.0,56,56,31,25,55.36,-11.93,-32.86,8.99,-6.683,0.435,23
"[-199,-150]",HR≥55/EDG≥5.0/CV≤0.7/μ≥1.0/TP≥60,56.25,5.0,0.7,1.0,60.0,32,32,18,14,56.25,-12.24,-39.5,15.02,-3.918,0.471,17
"[-199,-150]",HR≥55/EDG≥5.0/CV≤0.6/μ≥-/TP≥-,54.9,5.0,0.6,,,51,51,28,23,54.9,-12.64,-34.61,9.33,-6.448,0.409,22
"[-199,-150]",HR≥55/EDG≥5.0/CV≤0.6/μ≥-/TP≥50,54.9,5.0,0.6,,50.0,51,51,28,23,54.9,-12.64,-34.61,9.33,-6.448,0.409,22
"[-199,-150]",HR≥55/EDG≥5.0/CV≤0.6/μ≥-/TP≥55,54.9,5.0,0.6,,55.0,51,51,28,23,54.9,-12.64,-34.61,9.33,-6.448,0.409,22
"[-199,-150]",HR≥55/EDG≥5.0/CV≤0.6/μ≥-/TP≥60,56.67,5.0,0.6,,60.0,30,30,17,13,56.67,-11.46,-39.66,16.74,-3.438,0.438,16
"[-199,-150]",HR≥55/EDG≥5.0/CV≤0.6/μ≥0.0/TP≥-,54.9,5.0,0.6,0.0,,51,51,28,23,54.9,-12.64,-34.61,9.33,-6.448,0.409,22
"[-199,-150]",HR≥55/EDG≥5.0/CV≤0.6/μ≥0.0/TP≥50,54.9,5.0,0.6,0.0,50.0,51,51,28,23,54.9,-12.64,-34.61,9.33,-6.448,0.409,22
"[-199,-150]",HR≥55/EDG≥5.0/CV≤0.6/μ≥0.0/TP≥55,54.9,5.0,0.6,0.0,55.0,51,51,28,23,54.9,-12.64,-34.61,9.33,-6.448,0.409,22
"[-199,-150]",HR≥55/EDG≥5.0/CV≤0.6/μ≥0.0/TP≥60,56.67,5.0,0.6,0.0,60.0,30,30,17,13,56.67,-11.46,-39.66,16.74,-3.438,0.438,16
"[-199,-150]",HR≥55/EDG≥5.0/CV≤0.6/μ≥0.5/TP≥-,54.9,5.0,0.6,0.5,,51,51,28,23,54.9,-12.64,-34.61,9.33,-6.448,0.409,22
"[-199,-150]",HR≥55/EDG≥5.0/CV≤0.6/μ≥0.5/TP≥50,54.9,5.0,0.6,0.5,50.0,51,51,28,23,54.9,-12.64,-34.61,9.33,-6.448,0.409,22
"[-199,-150]",HR≥55/EDG≥5.0/CV≤0.6/μ≥0.5/TP≥55,54.9,5.0,0.6,0.5,55.0,51,51,28,23,54.9,-12.64,-34.61,9.33,-6.448,0.409,22
"[-199,-150]",HR≥55/EDG≥5.0/CV≤0.6/μ≥0.5/TP≥60,56.67,5.0,0.6,0.5,60.0,30,30,17,13,56.67,-11.46,-39.66,16.74,-3.438,0.438,16
"[-199,-150]",HR≥55/EDG≥5.0/CV≤0.6/μ≥1.0/TP≥-,54.0,5.0,0.6,1.0,,50,50,27,23,54.0,-14.19,-36.39,8.01,-7.093,0.409,22
"[-199,-150]",HR≥55/EDG≥5.0/CV≤0.6/μ≥1.0/TP≥50,54.0,5.0,0.6,1.0,50.0,50,50,27,23,54.0,-14.19,-36.39,8.01,-7.093,0.409,22
"[-199,-150]",HR≥55/EDG≥5.0/CV≤0.6/μ≥1.0/TP≥55,54.0,5.0,0.6,1.0,55.0,50,50,27,23,54.0,-14.19,-36.39,8.01,-7.093,0.409,22
"[-199,-150]",HR≥55/EDG≥5.0/CV≤0.6/μ≥1.0/TP≥60,56.67,5.0,0.6,1.0,60.0,30,30,17,13,56.67,-11.46,-39.66,16.74,-3.438,0.438,16
"[-199,-150]",HR≥55/EDG≥5.0/CV≤0.5/μ≥-/TP≥-,53.19,5.0,0.5,,,47,47,25,22,53.19,-15.2,-38.21,7.81,-7.144,0.409,22
"[-199,-150]",HR≥55/EDG≥5.0/CV≤0.5/μ≥-/TP≥50,53.19,5.0,0.5,,50.0,47,47,25,22,53.19,-15.2,-38.21,7.81,-7.144,0.409,22
"[-199,-150]",HR≥55/EDG≥5.0/CV≤0.5/μ≥-/TP≥55,53.19,5.0,0.5,,55.0,47,47,25,22,53.19,-15.2,-38.21,7.81,-7.144,0.409,22
"[-199,-150]",HR≥55/EDG≥5.0/CV≤0.5/μ≥0.0/TP≥-,53.19,5.0,0.5,0.0,,47,47,25,22,53.19,-15.2,-38.21,7.81,-7.144,0.409,22
"[-199,-150]",HR≥55/EDG≥5.0/CV≤0.5/μ≥0.0/TP≥50,53.19,5.0,0.5,0.0,50.0,47,47,25,22,53.19,-15.2,-38.21,7.81,-7.144,0.409,22
"[-199,-150]",HR≥55/EDG≥5.0/CV≤0.5/μ≥0.0/TP≥55,53.19,5.0,0.5,0.0,55.0,47,47,25,22,53.19,-15.2,-38.21,7.81,-7.144,0.409,22
"[-199,-150]",HR≥55/EDG≥5.0/CV≤0.5/μ≥0.5/TP≥-,53.19,5.0,0.5,0.5,,47,47,25,22,53.19,-15.2,-38.21,7.81,-7.144,0.409,22
"[-199,-150]",HR≥55/EDG≥5.0/CV≤0.5/μ≥0.5/TP≥50,53.19,5.0,0.5,0.5,50.0,47,47,25,22,53.19,-15.2,-38.21,7.81,-7.144,0.409,22
"[-199,-150]",HR≥55/EDG≥5.0/CV≤0.5/μ≥0.5/TP≥55,53.19,5.0,0.5,0.5,55.0,47,47,25,22,53.19,-15.2,-38.21,7.81,-7.144,0.409,22
"[-199,-150]",HR≥55/EDG≥5.0/CV≤0.5/μ≥1.0/TP≥-,52.17,5.0,0.5,1.0,,46,46,24,22,52.17,-16.93,-40.2,6.33,-7.789,0.409,22
"[-199,-150]",HR≥55/EDG≥5.0/CV≤0.5/μ≥1.0/TP≥50,52.17,5.0,0.5,1.0,50.0,46,46,24,22,52.17,-16.93,-40.2,6.33,-7.789,0.409,22
"[-199,-150]",HR≥55/EDG≥5.0/CV≤0.5/μ≥1.0/TP≥55,52.17,5.0,0.5,1.0,55.0,46,46,24,22,52.17,-16.93,-40.2,6.33,-7.789,0.409,22
"[-199,-150]",HR≥55/EDG≥5.0/CV≤0.45/μ≥-/TP≥-,51.22,5.0,0.45,,,41,41,21,20,51.22,-18.28,-43.02,6.46,-7.495,0.368,19
"[-199,-150]",HR≥55/EDG≥5.0/CV≤0.45/μ≥-/TP≥50,51.22,5.0,0.45,,50.0,41,41,21,20,51.22,-18.28,-43.02,6.46,-7.495,0.368,19
"[-199,-150]",HR≥55/EDG≥5.0/CV≤0.45/μ≥-/TP≥55,51.22,5.0,0.45,,55.0,41,41,21,20,51.22,-18.28,-43.02,6.46,-7.495,0.368,19
"[-199,-150]",HR≥55/EDG≥5.0/CV≤0.45/μ≥0.0/TP≥-,51.22,5.0,0.45,0.0,,41,41,21,20,51.22,-18.28,-43.02,6.46,-7.495,0.368,19
"[-199,-150]",HR≥55/EDG≥5.0/CV≤0.45/μ≥0.0/TP≥50,51.22,5.0,0.45,0.0,50.0,41,41,21,20,51.22,-18.28,-43.02,6.46,-7.495,0.368,19
"[-199,-150]",HR≥55/EDG≥5.0/CV≤0.45/μ≥0.0/TP≥55,51.22,5.0,0.45,0.0,55.0,41,41,21,20,51.22,-18.28,-43.02,6.46,-7.495,0.368,19
"[-199,-150]",HR≥55/EDG≥5.0/CV≤0.45/μ≥0.5/TP≥-,51.22,5.0,0.45,0.5,,41,41,21,20,51.22,-18.28,-43.02,6.46,-7.495,0.368,19
"[-199,-150]",HR≥55/EDG≥5.0/CV≤0.45/μ≥0.5/TP≥50,51.22,5.0,0.45,0.5,50.0,41,41,21,20,51.22,-18.28,-43.02,6.46,-7.495,0.368,19
"[-199,-150]",HR≥55/EDG≥5.0/CV≤0.45/μ≥0.5/TP≥55,51.22,5.0,0.45,0.5,55.0,41,41,21,20,51.22,-18.28,-43.02,6.46,-7.495,0.368,19
"[-199,-150]",HR≥55/EDG≥5.0/CV≤0.45/μ≥1.0/TP≥-,50.0,5.0,0.45,1.0,,40,40,20,20,50.0,-20.35,-45.37,4.67,-8.14,0.368,19
"[-199,-150]",HR≥55/EDG≥5.0/CV≤0.45/μ≥1.0/TP≥50,50.0,5.0,0.45,1.0,50.0,40,40,20,20,50.0,-20.35,-45.37,4.67,-8.14,0.368,19
"[-199,-150]",HR≥55/EDG≥5.0/CV≤0.45/μ≥1.0/TP≥55,50.0,5.0,0.45,1.0,55.0,40,40,20,20,50.0,-20.35,-45.37,4.67,-8.14,0.368,19
"[-199,-150]",HR≥55/EDG≥10.0/CV≤-/μ≥-/TP≥-,59.18,10.0,,,,49,49,29,20,59.18,-5.56,-27.78,16.65,-2.726,0.522,23
"[-199,-150]",HR≥55/EDG≥10.0/CV≤-/μ≥-/TP≥50,59.18,10.0,,,50.0,49,49,29,20,59.18,-5.56,-27.78,16.65,-2.726,0.522,23
"[-199,-150]",HR≥55/EDG≥10.0/CV≤-/μ≥-/TP≥55,59.18,10.0,,,55.0,49,49,29,20,59.18,-5.56,-27.78,16.65,-2.726,0.522,23
"[-199,-150]",HR≥55/EDG≥10.0/CV≤-/μ≥0.0/TP≥-,59.18,10.0,,0.0,,49,49,29,20,59.18,-5.56,-27.78,16.65,-2.726,0.522,23
"[-199,-150]",HR≥55/EDG≥10.0/CV≤-/μ≥0.0/TP≥50,59.18,10.0,,0.0,50.0,49,49,29,20,59.18,-5.56,-27.78,16.65,-2.726,0.522,23
"[-199,-150]",HR≥55/EDG≥10.0/CV≤-/μ≥0.0/TP≥55,59.18,10.0,,0.0,55.0,49,49,29,20,59.18,-5.56,-27.78,16.65,-2.726,0.522,23
"[-199,-150]",HR≥55/EDG≥10.0/CV≤-/μ≥0.5/TP≥-,59.18,10.0,,0.5,,49,49,29,20,59.18,-5.56,-27.78,16.65,-2.726,0.522,23
"[-199,-150]",HR≥55/EDG≥10.0/CV≤-/μ≥0.5/TP≥50,59.18,10.0,,0.5,50.0,49,49,29,20,59.18,-5.56,-27.78,16.65,-2.726,0.522,23
"[-199,-150]",HR≥55/EDG≥10.0/CV≤-/μ≥0.5/TP≥55,59.18,10.0,,0.5,55.0,49,49,29,20,59.18,-5.56,-27.78,16.65,-2.726,0.522,23
"[-199,-150]",HR≥55/EDG≥10.0/CV≤-/μ≥1.0/TP≥-,59.18,10.0,,1.0,,49,49,29,20,59.18,-5.56,-27.78,16.65,-2.726,0.522,23
"[-199,-150]",HR≥55/EDG≥10.0/CV≤-/μ≥1.0/TP≥50,59.18,10.0,,1.0,50.0,49,49,29,20,59.18,-5.56,-27.78,16.65,-2.726,0.522,23
"[-199,-150]",HR≥55/EDG≥10.0/CV≤-/μ≥1.0/TP≥55,59.18,10.0,,1.0,55.0,49,49,29,20,59.18,-5.56,-27.78,16.65,-2.726,0.522,23
"[-199,-150]",HR≥55/EDG≥10.0/CV≤0.7/μ≥-/TP≥-,58.33,10.0,0.7,,,48,48,28,20,58.33,-7.03,-29.52,15.46,-3.376,0.522,23
"[-199,-150]",HR≥55/EDG≥10.0/CV≤0.7/μ≥-/TP≥50,58.33,10.0,0.7,,50.0,48,48,28,20,58.33,-7.03,-29.52,15.46,-3.376,0.522,23
"[-199,-150]",HR≥55/EDG≥10.0/CV≤0.7/μ≥-/TP≥55,58.33,10.0,0.7,,55.0,48,48,28,20,58.33,-7.03,-29.52,15.46,-3.376,0.522,23
"[-199,-150]",HR≥55/EDG≥10.0/CV≤0.7/μ≥0.0/TP≥-,58.33,10.0,0.7,0.0,,48,48,28,20,58.33,-7.03,-29.52,15.46,-3.376,0.522,23
"[-199,-150]",HR≥55/EDG≥10.0/CV≤0.7/μ≥0.0/TP≥50,58.33,10.0,0.7,0.0,50.0,48,48,28,20,58.33,-7.03,-29.52,15.46,-3.376,0.522,23
"[-199,-150]",HR≥55/EDG≥10.0/CV≤0.7/μ≥0.0/TP≥55,58.33,10.0,0.7,0.0,55.0,48,48,28,20,58.33,-7.03,-29.52,15.46,-3.376,0.522,23
"[-199,-150]",HR≥55/EDG≥10.0/CV≤0.7/μ≥0.5/TP≥-,58.33,10.0,0.7,0.5,,48,48,28,20,58.33,-7.03,-29.52,15.46,-3.376,0.522,23
"[-199,-150]",HR≥55/EDG≥10.0/CV≤0.7/μ≥0.5/TP≥50,58.33,10.0,0.7,0.5,50.0,48,48,28,20,58.33,-7.03,-29.52,15.46,-3.376,0.522,23
"[-199,-150]",HR≥55/EDG≥10.0/CV≤0.7/μ≥0.5/TP≥55,58.33,10.0,0.7,0.5,55.0,48,48,28,20,58.33,-7.03,-29.52,15.46,-3.376,0.522,23
"[-199,-150]",HR≥55/EDG≥10.0/CV≤0.7/μ≥1.0/TP≥-,58.33,10.0,0.7,1.0,,48,48,28,20,58.33,-7.03,-29.52,15.46,-3.376,0.522,23
"[-199,-150]",HR≥55/EDG≥10.0/CV≤0.7/μ≥1.0/TP≥50,58.33,10.0,0.7,1.0,50.0,48,48,28,20,58.33,-7.03,-29.52,15.46,-3.376,0.522,23
"[-199,-150]",HR≥55/EDG≥10.0/CV≤0.7/μ≥1.0/TP≥55,58.33,10.0,0.7,1.0,55.0,48,48,28,20,58.33,-7.03,-29.52,15.46,-3.376,0.522,23
"[-199,-150]",HR≥55/EDG≥10.0/CV≤0.6/μ≥-/TP≥-,58.14,10.0,0.6,,,43,43,25,18,58.14,-7.59,-31.33,16.15,-3.265,0.5,22
"[-199,-150]",HR≥55/EDG≥10.0/CV≤0.6/μ≥-/TP≥50,58.14,10.0,0.6,,50.0,43,43,25,18,58.14,-7.59,-31.33,16.15,-3.265,0.5,22
"[-199,-150]",HR≥55/EDG≥10.0/CV≤0.6/μ≥-/TP≥55,58.14,10.0,0.6,,55.0,43,43,25,18,58.14,-7.59,-31.33,16.15,-3.265,0.5,22
"[-199,-150]",HR≥55/EDG≥10.0/CV≤0.6/μ≥0.0/TP≥-,58.14,10.0,0.6,0.0,,43,43,25,18,58.14,-7.59,-31.33,16.15,-3.265,0.5,22
"[-199,-150]",HR≥55/EDG≥10.0/CV≤0.6/μ≥0.0/TP≥50,58.14,10.0,0.6,0.0,50.0,43,43,25,18,58.14,-7.59,-31.33,16.15,-3.265,0.5,22
"[-199,-150]",HR≥55/EDG≥10.0/CV≤0.6/μ≥0.0/TP≥55,58.14,10.0,0.6,0.0,55.0,43,43,25,18,58.14,-7.59,-31.33,16.15,-3.265,0.5,22
"[-199,-150]",HR≥55/EDG≥10.0/CV≤0.6/μ≥0.5/TP≥-,58.14,10.0,0.6,0.5,,43,43,25,18,58.14,-7.59,-31.33,16.15,-3.265,0.5,22
"[-199,-150]",HR≥55/EDG≥10.0/CV≤0.6/μ≥0.5/TP≥50,58.14,10.0,0.6,0.5,50.0,43,43,25,18,58.14,-7.59,-31.33,16.15,-3.265,0.5,22
"[-199,-150]",HR≥55/EDG≥10.0/CV≤0.6/μ≥0.5/TP≥55,58.14,10.0,0.6,0.5,55.0,43,43,25,18,58.14,-7.59,-31.33,16.15,-3.265,0.5,22
"[-199,-150]",HR≥55/EDG≥10.0/CV≤0.6/μ≥1.0/TP≥-,58.14,10.0,0.6,1.0,,43,43,25,18,58.14,-7.59,-31.33,16.15,-3.265,0.5,22
"[-199,-150]",HR≥55/EDG≥10.0/CV≤0.6/μ≥1.0/TP≥50,58.14,10.0,0.6,1.0,50.0,43,43,25,18,58.14,-7.59,-31.33,16.15,-3.265,0.5,22
"[-199,-150]",HR≥55/EDG≥10.0/CV≤0.6/μ≥1.0/TP≥55,58.14,10.0,0.6,1.0,55.0,43,43,25,18,58.14,-7.59,-31.33,16.15,-3.265,0.5,22
"[-199,-150]",HR≥55/EDG≥10.0/CV≤0.5/μ≥-/TP≥-,56.41,10.0,0.5,,,39,39,22,17,56.41,-10.16,-35.3,14.98,-3.961,0.524,21
"[-199,-150]",HR≥55/EDG≥10.0/CV≤0.5/μ≥-/TP≥50,56.41,10.0,0.5,,50.0,39,39,22,17,56.41,-10.16,-35.3,14.98,-3.961,0.524,21
"[-199,-150]",HR≥55/EDG≥10.0/CV≤0.5/μ≥-/TP≥55,56.41,10.0,0.5,,55.0,39,39,22,17,56.41,-10.16,-35.3,14.98,-3.961,0.524,21
"[-199,-150]",HR≥55/EDG≥10.0/CV≤0.5/μ≥0.0/TP≥-,56.41,10.0,0.5,0.0,,39,39,22,17,56.41,-10.16,-35.3,14.98,-3.961,0.524,21
"[-199,-150]",HR≥55/EDG≥10.0/CV≤0.5/μ≥0.0/TP≥50,56.41,10.0,0.5,0.0,50.0,39,39,22,17,56.41,-10.16,-35.3,14.98,-3.961,0.524,21
"[-199,-150]",HR≥55/EDG≥10.0/CV≤0.5/μ≥0.0/TP≥55,56.41,10.0,0.5,0.0,55.0,39,39,22,17,56.41,-10.16,-35.3,14.98,-3.961,0.524,21
"[-199,-150]",HR≥55/EDG≥10.0/CV≤0.5/μ≥0.5/TP≥-,56.41,10.0,0.5,0.5,,39,39,22,17,56.41,-10.16,-35.3,14.98,-3.961,0.524,21
"[-199,-150]",HR≥55/EDG≥10.0/CV≤0.5/μ≥0.5/TP≥50,56.41,10.0,0.5,0.5,50.0,39,39,22,17,56.41,-10.16,-35.3,14.98,-3.961,0.524,21
"[-199,-150]",HR≥55/EDG≥10.0/CV≤0.5/μ≥0.5/TP≥55,56.41,10.0,0.5,0.5,55.0,39,39,22,17,56.41,-10.16,-35.3,14.98,-3.961,0.524,21
"[-199,-150]",HR≥55/EDG≥10.0/CV≤0.5/μ≥1.0/TP≥-,56.41,10.0,0.5,1.0,,39,39,22,17,56.41,-10.16,-35.3,14.98,-3.961,0.524,21
"[-199,-150]",HR≥55/EDG≥10.0/CV≤0.5/μ≥1.0/TP≥50,56.41,10.0,0.5,1.0,50.0,39,39,22,17,56.41,-10.16,-35.3,14.98,-3.961,0.524,21
"[-199,-150]",HR≥55/EDG≥10.0/CV≤0.5/μ≥1.0/TP≥55,56.41,10.0,0.5,1.0,55.0,39,39,22,17,56.41,-10.16,-35.3,14.98,-3.961,0.524,21
"[-199,-150]",HR≥55/EDG≥10.0/CV≤0.45/μ≥-/TP≥-,52.94,10.0,0.45,,,34,34,18,16,52.94,-15.62,-42.79,11.55,-5.312,0.444,18
"[-199,-150]",HR≥55/EDG≥10.0/CV≤0.45/μ≥-/TP≥50,52.94,10.0,0.45,,50.0,34,34,18,16,52.94,-15.62,-42.79,11.55,-5.312,0.444,18
"[-199,-150]",HR≥55/EDG≥10.0/CV≤0.45/μ≥-/TP≥55,52.94,10.0,0.45,,55.0,34,34,18,16,52.94,-15.62,-42.79,11.55,-5.312,0.444,18
"[-199,-150]",HR≥55/EDG≥10.0/CV≤0.45/μ≥0.0/TP≥-,52.94,10.0,0.45,0.0,,34,34,18,16,52.94,-15.62,-42.79,11.55,-5.312,0.444,18
"[-199,-150]",HR≥55/EDG≥10.0/CV≤0.45/μ≥0.0/TP≥50,52.94,10.0,0.45,0.0,50.0,34,34,18,16,52.94,-15.62,-42.79,11.55,-5.312,0.444,18
"[-199,-150]",HR≥55/EDG≥10.0/CV≤0.45/μ≥0.0/TP≥55,52.94,10.0,0.45,0.0,55.0,34,34,18,16,52.94,-15.62,-42.79,11.55,-5.312,0.444,18
"[-199,-150]",HR≥55/EDG≥10.0/CV≤0.45/μ≥0.5/TP≥-,52.94,10.0,0.45,0.5,,34,34,18,16,52.94,-15.62,-42.79,11.55,-5.312,0.444,18
"[-199,-150]",HR≥55/EDG≥10.0/CV≤0.45/μ≥0.5/TP≥50,52.94,10.0,0.45,0.5,50.0,34,34,18,16,52.94,-15.62,-42.79,11.55,-5.312,0.444,18
"[-199,-150]",HR≥55/EDG≥10.0/CV≤0.45/μ≥0.5/TP≥55,52.94,10.0,0.45,0.5,55.0,34,34,18,16,52.94,-15.62,-42.79,11.55,-5.312,0.444,18
"[-199,-150]",HR≥55/EDG≥10.0/CV≤0.45/μ≥1.0/TP≥-,52.94,10.0,0.45,1.0,,34,34,18,16,52.94,-15.62,-42.79,11.55,-5.312,0.444,18
"[-199,-150]",HR≥55/EDG≥10.0/CV≤0.45/μ≥1.0/TP≥50,52.94,10.0,0.45,1.0,50.0,34,34,18,16,52.94,-15.62,-42.79,11.55,-5.312,0.444,18
"[-199,-150]",HR≥55/EDG≥10.0/CV≤0.45/μ≥1.0/TP≥55,52.94,10.0,0.45,1.0,55.0,34,34,18,16,52.94,-15.62,-42.79,11.55,-5.312,0.444,18
"[-199,-150]",HR≥60/EDG≥-/CV≤-/μ≥-/TP≥-,56.34,,,,,72,71,40,31,56.34,-10.57,-29.03,7.9,-7.503,0.56,25
"[-199,-150]",HR≥60/EDG≥-/CV≤-/μ≥-/TP≥50,56.06,,,,50.0,67,66,37,29,56.06,-11.12,-30.28,8.03,-7.342,0.52,25
"[-199,-150]",HR≥60/EDG≥-/CV≤-/μ≥-/TP≥55,57.14,,,,55.0,64,63,36,27,57.14,-9.47,-29.01,10.07,-5.967,0.56,25
"[-199,-150]",HR≥60/EDG≥-/CV≤-/μ≥-/TP≥60,52.63,,,,60.0,38,38,20,18,52.63,-18.47,-43.41,6.46,-7.02,0.476,21
"[-199,-150]",HR≥60/EDG≥-/CV≤-/μ≥0.0/TP≥-,55.74,,,0.0,,62,61,34,27,55.74,-11.56,-31.53,8.41,-7.049,0.56,25
"[-199,-150]",HR≥60/EDG≥-/CV≤-/μ≥0.0/TP≥50,55.74,,,0.0,50.0,62,61,34,27,55.74,-11.56,-31.53,8.41,-7.049,0.56,25
"[-199,-150]",HR≥60/EDG≥-/CV≤-/μ≥0.0/TP≥55,55.93,,,0.0,55.0,60,59,33,26,55.93,-11.31,-31.6,8.98,-6.674,0.56,25
"[-199,-150]",HR≥60/EDG≥-/CV≤-/μ≥0.0/TP≥60,50.0,,,0.0,60.0,36,36,18,18,50.0,-22.51,-48.19,3.18,-8.102,0.45,20
"[-199,-150]",HR≥60/EDG≥-/CV≤-/μ≥0.5/TP≥-,54.9,,,0.5,,52,51,28,23,54.9,-12.87,-34.79,9.05,-6.562,0.5,24
"[-199,-150]",HR≥60/EDG≥-/CV≤-/μ≥0.5/TP≥50,54.9,,,0.5,50.0,52,51,28,23,54.9,-12.87,-34.79,9.05,-6.562,0.5,24
"[-199,-150]",HR≥60/EDG≥-/CV≤-/μ≥0.5/TP≥55,54.9,,,0.5,55.0,52,51,28,23,54.9,-12.87,-34.79,9.05,-6.562,0.5,24
"[-199,-150]",HR≥60/EDG≥-/CV≤-/μ≥0.5/TP≥60,48.48,,,0.5,60.0,33,33,16,17,48.48,-24.74,-51.63,2.16,-8.163,0.421,19
"[-199,-150]",HR≥60/EDG≥-/CV≤-/μ≥1.0/TP≥-,52.38,,,1.0,,42,42,22,20,52.38,-16.69,-41.03,7.66,-7.009,0.5,22
"[-199,-150]",HR≥60/EDG≥-/CV≤-/μ≥1.0/TP≥50,52.38,,,1.0,50.0,42,42,22,20,52.38,-16.69,-41.03,7.66,-7.009,0.5,22
"[-199,-150]",HR≥60/EDG≥-/CV≤-/μ≥1.0/TP≥55,52.38,,,1.0,55.0,42,42,22,20,52.38,-16.69,-41.03,7.66,-7.009,0.5,22
"[-199,-150]",HR≥60/EDG≥-/CV≤0.7/μ≥-/TP≥-,55.71,,0.7,,,71,70,39,31,55.71,-11.65,-30.26,6.96,-8.152,0.56,25
"[-199,-150]",HR≥60/EDG≥-/CV≤0.7/μ≥-/TP≥50,55.38,,0.7,,50.0,66,65,36,29,55.38,-12.29,-31.61,7.02,-7.992,0.52,25
"[-199,-150]",HR≥60/EDG≥-/CV≤0.7/μ≥-/TP≥55,56.45,,0.7,,55.0,63,62,35,27,56.45,-10.67,-30.39,9.04,-6.617,0.56,25
"[-199,-150]",HR≥60/EDG≥-/CV≤0.7/μ≥-/TP≥60,52.63,,0.7,,60.0,38,38,20,18,52.63,-18.47,-43.41,6.46,-7.02,0.476,21
"[-199,-150]",HR≥60/EDG≥-/CV≤0.7/μ≥0.0/TP≥-,55.0,,0.7,0.0,,61,60,33,27,55.0,-12.83,-32.98,7.31,-7.699,0.56,25
"[-199,-150]",HR≥60/EDG≥-/CV≤0.7/μ≥0.0/TP≥50,55.0,,0.7,0.0,50.0,61,60,33,27,55.0,-12.83,-32.98,7.31,-7.699,0.56,25
"[-199,-150]",HR≥60/EDG≥-/CV≤0.7/μ≥0.0/TP≥55,55.17,,0.7,0.0,55.0,59,58,32,26,55.17,-12.63,-33.1,7.85,-7.324,0.56,25
"[-199,-150]",HR≥60/EDG≥-/CV≤0.7/μ≥0.0/TP≥60,50.0,,0.7,0.0,60.0,36,36,18,18,50.0,-22.51,-48.19,3.18,-8.102,0.45,20
"[-199,-150]",HR≥60/EDG≥-/CV≤0.7/μ≥0.5/TP≥-,54.0,,0.7,0.5,,51,50,27,23,54.0,-14.42,-36.57,7.72,-7.211,0.5,24
"[-199,-150]",HR≥60/EDG≥-/CV≤0.7/μ≥0.5/TP≥50,54.0,,0.7,0.5,50.0,51,50,27,23,54.0,-14.42,-36.57,7.72,-7.211,0.5,24
"[-199,-150]",HR≥60/EDG≥-/CV≤0.7/μ≥0.5/TP≥55,54.0,,0.7,0.5,55.0,51,50,27,23,54.0,-14.42,-36.57,7.72,-7.211,0.5,24
"[-199,-150]",HR≥60/EDG≥-/CV≤0.7/μ≥0.5/TP≥60,48.48,,0.7,0.5,60.0,33,33,16,17,48.48,-24.74,-51.63,2.16,-8.163,0.421,19
"[-199,-150]",HR≥60/EDG≥-/CV≤0.7/μ≥1.0/TP≥-,51.22,,0.7,1.0,,41,41,21,20,51.22,-18.68,-43.3,5.94,-7.658,0.5,22
"[-199,-150]",HR≥60/EDG≥-/CV≤0.7/μ≥1.0/TP≥50,51.22,,0.7,1.0,50.0,41,41,21,20,51.22,-18.68,-43.3,5.94,-7.658,0.5,22
"[-199,-150]",HR≥60/EDG≥-/CV≤0.7/μ≥1.0/TP≥55,51.22,,0.7,1.0,55.0,41,41,21,20,51.22,-18.68,-43.3,5.94,-7.658,0.5,22
"[-199,-150]",HR≥60/EDG≥-/CV≤0.6/μ≥-/TP≥-,55.56,,0.6,,,64,63,35,28,55.56,-11.93,-31.57,7.7,-7.519,0.522,23
"[-199,-150]",HR≥60/EDG≥-/CV≤0.6/μ≥-/TP≥50,55.17,,0.6,,50.0,59,58,32,26,55.17,-12.69,-33.14,7.77,-7.358,0.478,23
"[-199,-150]",HR≥60/EDG≥-/CV≤0.6/μ≥-/TP≥55,56.36,,0.6,,55.0,56,55,31,24,56.36,-10.88,-31.82,10.06,-5.983,0.522,23
"[-199,-150]",HR≥60/EDG≥-/CV≤0.6/μ≥-/TP≥60,52.94,,0.6,,60.0,34,34,18,16,52.94,-17.93,-44.34,8.48,-6.097,0.45,20
"[-199,-150]",HR≥60/EDG≥-/CV≤0.6/μ≥0.0/TP≥-,54.72,,0.6,0.0,,54,53,29,24,54.72,-13.33,-34.79,8.13,-7.065,0.522,23
"[-199,-150]",HR≥60/EDG≥-/CV≤0.6/μ≥0.0/TP≥50,54.72,,0.6,0.0,50.0,54,53,29,24,54.72,-13.33,-34.79,8.13,-7.065,0.522,23
"[-199,-150]",HR≥60/EDG≥-/CV≤0.6/μ≥0.0/TP≥55,54.9,,0.6,0.0,55.0,52,51,28,23,54.9,-13.12,-34.97,8.74,-6.69,0.522,23
"[-199,-150]",HR≥60/EDG≥-/CV≤0.6/μ≥0.0/TP≥60,50.0,,0.6,0.0,60.0,32,32,16,16,50.0,-22.43,-49.75,4.89,-7.178,0.421,19
"[-199,-150]",HR≥60/EDG≥-/CV≤0.6/μ≥0.5/TP≥-,53.49,,0.6,0.5,,44,43,23,20,53.49,-15.3,-39.22,8.62,-6.578,0.455,22
"[-199,-150]",HR≥60/EDG≥-/CV≤0.6/μ≥0.5/TP≥50,53.49,,0.6,0.5,50.0,44,43,23,20,53.49,-15.3,-39.22,8.62,-6.578,0.455,22
"[-199,-150]",HR≥60/EDG≥-/CV≤0.6/μ≥0.5/TP≥55,53.49,,0.6,0.5,55.0,44,43,23,20,53.49,-15.3,-39.22,8.62,-6.578,0.455,22
"[-199,-150]",HR≥60/EDG≥-/CV≤0.6/μ≥1.0/TP≥-,51.43,,0.6,1.0,,35,35,18,17,51.43,-18.48,-45.14,8.17,-6.469,0.45,20
"[-199,-150]",HR≥60/EDG≥-/CV≤0.6/μ≥1.0/TP≥50,51.43,,0.6,1.0,50.0,35,35,18,17,51.43,-18.48,-45.14,8.17,-6.469,0.45,20
"[-199,-150]",HR≥60/EDG≥-/CV≤0.6/μ≥1.0/TP≥55,51.43,,0.6,1.0,55.0,35,35,18,17,51.43,-18.48,-45.14,8.17,-6.469,0.45,20
"[-199,-150]",HR≥60/EDG≥-/CV≤0.5/μ≥-/TP≥-,54.55,,0.5,,,55,55,30,25,54.55,-13.2,-34.36,7.95,-7.262,0.435,23
"[-199,-150]",HR≥60/EDG≥-/CV≤0.5/μ≥-/TP≥50,54.0,,0.5,,50.0,50,50,27,23,54.0,-14.2,-36.4,8.0,-7.102,0.429,21
"[-199,-150]",HR≥60/EDG≥-/CV≤0.5/μ≥-/TP≥55,55.32,,0.5,,55.0,47,47,26,21,55.32,-12.18,-35.02,10.65,-5.727,0.476,21
"[-199,-150]",HR≥60/EDG≥-/CV≤0.5/μ≥0.0/TP≥-,53.33,,0.5,0.0,,45,45,24,21,53.33,-15.13,-38.62,8.36,-6.808,0.476,21
"[-199,-150]",HR≥60/EDG≥-/CV≤0.5/μ≥0.0/TP≥50,53.33,,0.5,0.0,50.0,45,45,24,21,53.33,-15.13,-38.62,8.36,-6.808,0.476,21
"[-199,-150]",HR≥60/EDG≥-/CV≤0.5/μ≥0.0/TP≥55,53.49,,0.5,0.0,55.0,43,43,23,20,53.49,-14.96,-38.98,9.05,-6.433,0.476,21
"[-199,-150]",HR≥60/EDG≥-/CV≤0.5/μ≥0.5/TP≥-,52.78,,0.5,0.5,,36,36,19,17,52.78,-16.11,-42.44,10.21,-5.8,0.5,20
"[-199,-150]",HR≥60/EDG≥-/CV≤0.5/μ≥0.5/TP≥50,52.78,,0.5,0.5,50.0,36,36,19,17,52.78,-16.11,-42.44,10.21,-5.8,0.5,20
"[-199,-150]",HR≥60/EDG≥-/CV≤0.5/μ≥0.5/TP≥55,52.78,,0.5,0.5,55.0,36,36,19,17,52.78,-16.11,-42.44,10.21,-5.8,0.5,20
"[-199,-150]",HR≥60/EDG≥-/CV≤0.5/μ≥1.0/TP≥-,48.39,,0.5,1.0,,31,31,15,16,48.39,-23.11,-51.56,5.33,-7.165,0.474,19
"[-199,-150]",HR≥60/EDG≥-/CV≤0.5/μ≥1.0/TP≥50,48.39,,0.5,1.0,50.0,31,31,15,16,48.39,-23.11,-51.56,5.33,-7.165,0.474,19
"[-199,-150]",HR≥60/EDG≥-/CV≤0.5/μ≥1.0/TP≥55,48.39,,0.5,1.0,55.0,31,31,15,16,48.39,-23.11,-51.56,5.33,-7.165,0.474,19
"[-199,-150]",HR≥60/EDG≥-/CV≤0.45/μ≥-/TP≥-,55.1,,0.45,,,49,49,27,22,55.1,-12.33,-34.75,10.08,-6.043,0.478,23
"[-199,-150]",HR≥60/EDG≥-/CV≤0.45/μ≥-/TP≥50,54.55,,0.45,,50.0,44,44,24,20,54.55,-13.37,-37.04,10.3,-5.882,0.476,21
"[-199,-150]",HR≥60/EDG≥-/CV≤0.45/μ≥-/TP≥55,56.1,,0.45,,55.0,41,41,23,18,56.1,-10.99,-35.43,13.44,-4.507,0.524,21
"[-199,-150]",HR≥60/EDG≥-/CV≤0.45/μ≥0.0/TP≥-,55.0,,0.45,0.0,,40,40,22,18,55.0,-12.41,-37.31,12.49,-4.964,0.5,20
"[-199,-150]",HR≥60/EDG≥-/CV≤0.45/μ≥0.0/TP≥50,55.0,,0.45,0.0,50.0,40,40,22,18,55.0,-12.41,-37.31,12.49,-4.964,0.5,20
"[-199,-150]",HR≥60/EDG≥-/CV≤0.45/μ≥0.0/TP≥55,55.26,,0.45,0.0,55.0,38,38,21,17,55.26,-12.08,-37.6,13.45,-4.589,0.5,20
"[-199,-150]",HR≥60/EDG≥-/CV≤0.45/μ≥0.5/TP≥-,53.12,,0.45,0.5,,32,32,17,15,53.12,-15.49,-43.47,12.5,-4.956,0.526,19
"[-199,-150]",HR≥60/EDG≥-/CV≤0.45/μ≥0.5/TP≥50,53.12,,0.45,0.5,50.0,32,32,17,15,53.12,-15.49,-43.47,12.5,-4.956,0.526,19
"[-199,-150]",HR≥60/EDG≥-/CV≤0.45/μ≥0.5/TP≥55,53.12,,0.45,0.5,55.0,32,32,17,15,53.12,-15.49,-43.47,12.5,-4.956,0.526,19
"[-199,-150]",HR≥60/EDG≥-/CV≤0.4/μ≥-/TP≥-,54.05,,0.4,,,37,37,20,17,54.05,-13.81,-39.8,12.17,-5.111,0.474,19
"[-199,-150]",HR≥60/EDG≥-/CV≤0.4/μ≥-/TP≥50,53.12,,0.4,,50.0,32,32,17,15,53.12,-15.47,-43.46,12.52,-4.951,0.438,16
"[-199,-150]",HR≥60/EDG≥-5.0/CV≤-/μ≥-/TP≥-,55.77,-5.0,,,,53,52,29,23,55.77,-11.47,-33.13,10.2,-5.963,0.542,24
"[-199,-150]",HR≥60/EDG≥-5.0/CV≤-/μ≥-/TP≥50,55.77,-5.0,,,50.0,53,52,29,23,55.77,-11.47,-33.13,10.2,-5.963,0.542,24
"[-199,-150]",HR≥60/EDG≥-5.0/CV≤-/μ≥-/TP≥55,55.77,-5.0,,,55.0,53,52,29,23,55.77,-11.47,-33.13,10.2,-5.963,0.542,24
"[-199,-150]",HR≥60/EDG≥-5.0/CV≤-/μ≥-/TP≥60,50.0,-5.0,,,60.0,34,34,17,17,50.0,-22.42,-48.9,4.06,-7.623,0.474,19
"[-199,-150]",HR≥60/EDG≥-5.0/CV≤-/μ≥0.0/TP≥-,55.77,-5.0,,0.0,,53,52,29,23,55.77,-11.47,-33.13,10.2,-5.963,0.542,24
"[-199,-150]",HR≥60/EDG≥-5.0/CV≤-/μ≥0.0/TP≥50,55.77,-5.0,,0.0,50.0,53,52,29,23,55.77,-11.47,-33.13,10.2,-5.963,0.542,24
"[-199,-150]",HR≥60/EDG≥-5.0/CV≤-/μ≥0.0/TP≥55,55.77,-5.0,,0.0,55.0,53,52,29,23,55.77,-11.47,-33.13,10.2,-5.963,0.542,24
"[-199,-150]",HR≥60/EDG≥-5.0/CV≤-/μ≥0.0/TP≥60,50.0,-5.0,,0.0,60.0,34,34,17,17,50.0,-22.42,-48.9,4.06,-7.623,0.474,19
"[-199,-150]",HR≥60/EDG≥-5.0/CV≤-/μ≥0.5/TP≥-,54.0,-5.0,,0.5,,51,50,27,23,54.0,-14.15,-36.36,8.07,-7.075,0.5,24
"[-199,-150]",HR≥60/EDG≥-5.0/CV≤-/μ≥0.5/TP≥50,54.0,-5.0,,0.5,50.0,51,50,27,23,54.0,-14.15,-36.36,8.07,-7.075,0.5,24
"[-199,-150]",HR≥60/EDG≥-5.0/CV≤-/μ≥0.5/TP≥55,54.0,-5.0,,0.5,55.0,51,50,27,23,54.0,-14.15,-36.36,8.07,-7.075,0.5,24
"[-199,-150]",HR≥60/EDG≥-5.0/CV≤-/μ≥0.5/TP≥60,48.48,-5.0,,0.5,60.0,33,33,16,17,48.48,-24.74,-51.63,2.16,-8.163,0.421,19
"[-199,-150]",HR≥60/EDG≥-5.0/CV≤-/μ≥1.0/TP≥-,52.38,-5.0,,1.0,,42,42,22,20,52.38,-16.69,-41.03,7.66,-7.009,0.5,22
"[-199,-150]",HR≥60/EDG≥-5.0/CV≤-/μ≥1.0/TP≥50,52.38,-5.0,,1.0,50.0,42,42,22,20,52.38,-16.69,-41.03,7.66,-7.009,0.5,22
"[-199,-150]",HR≥60/EDG≥-5.0/CV≤-/μ≥1.0/TP≥55,52.38,-5.0,,1.0,55.0,42,42,22,20,52.38,-16.69,-41.03,7.66,-7.009,0.5,22
"[-199,-150]",HR≥60/EDG≥-5.0/CV≤0.7/μ≥-/TP≥-,54.9,-5.0,0.7,,,52,51,28,23,54.9,-12.96,-34.86,8.93,-6.612,0.542,24
"[-199,-150]",HR≥60/EDG≥-5.0/CV≤0.7/μ≥-/TP≥50,54.9,-5.0,0.7,,50.0,52,51,28,23,54.9,-12.96,-34.86,8.93,-6.612,0.542,24
"[-199,-150]",HR≥60/EDG≥-5.0/CV≤0.7/μ≥-/TP≥55,54.9,-5.0,0.7,,55.0,52,51,28,23,54.9,-12.96,-34.86,8.93,-6.612,0.542,24
"[-199,-150]",HR≥60/EDG≥-5.0/CV≤0.7/μ≥-/TP≥60,50.0,-5.0,0.7,,60.0,34,34,17,17,50.0,-22.42,-48.9,4.06,-7.623,0.474,19
"[-199,-150]",HR≥60/EDG≥-5.0/CV≤0.7/μ≥0.0/TP≥-,54.9,-5.0,0.7,0.0,,52,51,28,23,54.9,-12.96,-34.86,8.93,-6.612,0.542,24
"[-199,-150]",HR≥60/EDG≥-5.0/CV≤0.7/μ≥0.0/TP≥50,54.9,-5.0,0.7,0.0,50.0,52,51,28,23,54.9,-12.96,-34.86,8.93,-6.612,0.542,24
"[-199,-150]",HR≥60/EDG≥-5.0/CV≤0.7/μ≥0.0/TP≥55,54.9,-5.0,0.7,0.0,55.0,52,51,28,23,54.9,-12.96,-34.86,8.93,-6.612,0.542,24
"[-199,-150]",HR≥60/EDG≥-5.0/CV≤0.7/μ≥0.0/TP≥60,50.0,-5.0,0.7,0.0,60.0,34,34,17,17,50.0,-22.42,-48.9,4.06,-7.623,0.474,19
"[-199,-150]",HR≥60/EDG≥-5.0/CV≤0.7/μ≥0.5/TP≥-,53.06,-5.0,0.7,0.5,,50,49,26,23,53.06,-15.76,-38.21,6.68,-7.724,0.5,24
"[-199,-150]",HR≥60/EDG≥-5.0/CV≤0.7/μ≥0.5/TP≥50,53.06,-5.0,0.7,0.5,50.0,50,49,26,23,53.06,-15.76,-38.21,6.68,-7.724,0.5,24
"[-199,-150]",HR≥60/EDG≥-5.0/CV≤0.7/μ≥0.5/TP≥55,53.06,-5.0,0.7,0.5,55.0,50,49,26,23,53.06,-15.76,-38.21,6.68,-7.724,0.5,24
"[-199,-150]",HR≥60/EDG≥-5.0/CV≤0.7/μ≥0.5/TP≥60,48.48,-5.0,0.7,0.5,60.0,33,33,16,17,48.48,-24.74,-51.63,2.16,-8.163,0.421,19
"[-199,-150]",HR≥60/EDG≥-5.0/CV≤0.7/μ≥1.0/TP≥-,51.22,-5.0,0.7,1.0,,41,41,21,20,51.22,-18.68,-43.3,5.94,-7.658,0.5,22
"[-199,-150]",HR≥60/EDG≥-5.0/CV≤0.7/μ≥1.0/TP≥50,51.22,-5.0,0.7,1.0,50.0,41,41,21,20,51.22,-18.68,-43.3,5.94,-7.658,0.5,22
"[-199,-150]",HR≥60/EDG≥-5.0/CV≤0.7/μ≥1.0/TP≥55,51.22,-5.0,0.7,1.0,55.0,41,41,21,20,51.22,-18.68,-43.3,5.94,-7.658,0.5,22
"[-199,-150]",HR≥60/EDG≥-5.0/CV≤0.6/μ≥-/TP≥-,54.55,-5.0,0.6,,,45,44,24,20,54.55,-13.59,-37.19,10.02,-5.979,0.5,22
"[-199,-150]",HR≥60/EDG≥-5.0/CV≤0.6/μ≥-/TP≥50,54.55,-5.0,0.6,,50.0,45,44,24,20,54.55,-13.59,-37.19,10.02,-5.979,0.5,22
"[-199,-150]",HR≥60/EDG≥-5.0/CV≤0.6/μ≥-/TP≥55,54.55,-5.0,0.6,,55.0,45,44,24,20,54.55,-13.59,-37.19,10.02,-5.979,0.5,22
"[-199,-150]",HR≥60/EDG≥-5.0/CV≤0.6/μ≥-/TP≥60,50.0,-5.0,0.6,,60.0,30,30,15,15,50.0,-22.33,-50.61,5.95,-6.699,0.444,18
"[-199,-150]",HR≥60/EDG≥-5.0/CV≤0.6/μ≥0.0/TP≥-,54.55,-5.0,0.6,0.0,,45,44,24,20,54.55,-13.59,-37.19,10.02,-5.979,0.5,22
"[-199,-150]",HR≥60/EDG≥-5.0/CV≤0.6/μ≥0.0/TP≥50,54.55,-5.0,0.6,0.0,50.0,45,44,24,20,54.55,-13.59,-37.19,10.02,-5.979,0.5,22
"[-199,-150]",HR≥60/EDG≥-5.0/CV≤0.6/μ≥0.0/TP≥55,54.55,-5.0,0.6,0.0,55.0,45,44,24,20,54.55,-13.59,-37.19,10.02,-5.979,0.5,22
"[-199,-150]",HR≥60/EDG≥-5.0/CV≤0.6/μ≥0.0/TP≥60,50.0,-5.0,0.6,0.0,60.0,30,30,15,15,50.0,-22.33,-50.61,5.95,-6.699,0.444,18
"[-199,-150]",HR≥60/EDG≥-5.0/CV≤0.6/μ≥0.5/TP≥-,52.38,-5.0,0.6,0.5,,43,42,22,20,52.38,-16.88,-41.17,7.41,-7.091,0.455,22
"[-199,-150]",HR≥60/EDG≥-5.0/CV≤0.6/μ≥0.5/TP≥50,52.38,-5.0,0.6,0.5,50.0,43,42,22,20,52.38,-16.88,-41.17,7.41,-7.091,0.455,22
"[-199,-150]",HR≥60/EDG≥-5.0/CV≤0.6/μ≥0.5/TP≥55,52.38,-5.0,0.6,0.5,55.0,43,42,22,20,52.38,-16.88,-41.17,7.41,-7.091,0.455,22
"[-199,-150]",HR≥60/EDG≥-5.0/CV≤0.6/μ≥1.0/TP≥-,51.43,-5.0,0.6,1.0,,35,35,18,17,51.43,-18.48,-45.14,8.17,-6.469,0.45,20
"[-199,-150]",HR≥60/EDG≥-5.0/CV≤0.6/μ≥1.0/TP≥50,51.43,-5.0,0.6,1.0,50.0,35,35,18,17,51.43,-18.48,-45.14,8.17,-6.469,0.45,20
"[-199,-150]",HR≥60/EDG≥-5.0/CV≤0.6/μ≥1.0/TP≥55,51.43,-5.0,0.6,1.0,55.0,35,35,18,17,51.43,-18.48,-45.14,8.17,-6.469,0.45,20
"[-199,-150]",HR≥60/EDG≥-5.0/CV≤0.5/μ≥-/TP≥-,54.05,-5.0,0.5,,,37,37,20,17,54.05,-14.06,-39.97,11.86,-5.201,0.5,20
"[-199,-150]",HR≥60/EDG≥-5.0/CV≤0.5/μ≥-/TP≥50,54.05,-5.0,0.5,,50.0,37,37,20,17,54.05,-14.06,-39.97,11.86,-5.201,0.5,20
"[-199,-150]",HR≥60/EDG≥-5.0/CV≤0.5/μ≥-/TP≥55,54.05,-5.0,0.5,,55.0,37,37,20,17,54.05,-14.06,-39.97,11.86,-5.201,0.5,20
"[-199,-150]",HR≥60/EDG≥-5.0/CV≤0.5/μ≥0.0/TP≥-,54.05,-5.0,0.5,0.0,,37,37,20,17,54.05,-14.06,-39.97,11.86,-5.201,0.5,20
"[-199,-150]",HR≥60/EDG≥-5.0/CV≤0.5/μ≥0.0/TP≥50,54.05,-5.0,0.5,0.0,50.0,37,37,20,17,54.05,-14.06,-39.97,11.86,-5.201,0.5,20
"[-199,-150]",HR≥60/EDG≥-5.0/CV≤0.5/μ≥0.0/TP≥55,54.05,-5.0,0.5,0.0,55.0,37,37,20,17,54.05,-14.06,-39.97,11.86,-5.201,0.5,20
"[-199,-150]",HR≥60/EDG≥-5.0/CV≤0.5/μ≥0.5/TP≥-,51.43,-5.0,0.5,0.5,,35,35,18,17,51.43,-18.04,-44.85,8.77,-6.313,0.5,20
"[-199,-150]",HR≥60/EDG≥-5.0/CV≤0.5/μ≥0.5/TP≥50,51.43,-5.0,0.5,0.5,50.0,35,35,18,17,51.43,-18.04,-44.85,8.77,-6.313,0.5,20
"[-199,-150]",HR≥60/EDG≥-5.0/CV≤0.5/μ≥0.5/TP≥55,51.43,-5.0,0.5,0.5,55.0,35,35,18,17,51.43,-18.04,-44.85,8.77,-6.313,0.5,20
"[-199,-150]",HR≥60/EDG≥-5.0/CV≤0.5/μ≥1.0/TP≥-,48.39,-5.0,0.5,1.0,,31,31,15,16,48.39,-23.11,-51.56,5.33,-7.165,0.474,19
"[-199,-150]",HR≥60/EDG≥-5.0/CV≤0.5/μ≥1.0/TP≥50,48.39,-5.0,0.5,1.0,50.0,31,31,15,16,48.39,-23.11,-51.56,5.33,-7.165,0.474,19
"[-199,-150]",HR≥60/EDG≥-5.0/CV≤0.5/μ≥1.0/TP≥55,48.39,-5.0,0.5,1.0,55.0,31,31,15,16,48.39,-23.11,-51.56,5.33,-7.165,0.474,19
"[-199,-150]",HR≥60/EDG≥-5.0/CV≤0.45/μ≥-/TP≥-,54.55,-5.0,0.45,,,33,33,18,15,54.55,-13.2,-40.69,14.29,-4.357,0.526,19
"[-199,-150]",HR≥60/EDG≥-5.0/CV≤0.45/μ≥-/TP≥50,54.55,-5.0,0.45,,50.0,33,33,18,15,54.55,-13.2,-40.69,14.29,-4.357,0.526,19
"[-199,-150]",HR≥60/EDG≥-5.0/CV≤0.45/μ≥-/TP≥55,54.55,-5.0,0.45,,55.0,33,33,18,15,54.55,-13.2,-40.69,14.29,-4.357,0.526,19
"[-199,-150]",HR≥60/EDG≥-5.0/CV≤0.45/μ≥0.0/TP≥-,54.55,-5.0,0.45,0.0,,33,33,18,15,54.55,-13.2,-40.69,14.29,-4.357,0.526,19
"[-199,-150]",HR≥60/EDG≥-5.0/CV≤0.45/μ≥0.0/TP≥50,54.55,-5.0,0.45,0.0,50.0,33,33,18,15,54.55,-13.2,-40.69,14.29,-4.357,0.526,19
"[-199,-150]",HR≥60/EDG≥-5.0/CV≤0.45/μ≥0.0/TP≥55,54.55,-5.0,0.45,0.0,55.0,33,33,18,15,54.55,-13.2,-40.69,14.29,-4.357,0.526,19
"[-199,-150]",HR≥60/EDG≥-5.0/CV≤0.45/μ≥0.5/TP≥-,51.61,-5.0,0.45,0.5,,31,31,16,15,51.61,-17.64,-46.22,10.93,-5.469,0.526,19
"[-199,-150]",HR≥60/EDG≥-5.0/CV≤0.45/μ≥0.5/TP≥50,51.61,-5.0,0.45,0.5,50.0,31,31,16,15,51.61,-17.64,-46.22,10.93,-5.469,0.526,19
"[-199,-150]",HR≥60/EDG≥-5.0/CV≤0.45/μ≥0.5/TP≥55,51.61,-5.0,0.45,0.5,55.0,31,31,16,15,51.61,-17.64,-46.22,10.93,-5.469,0.526,19
"[-199,-150]",HR≥60/EDG≥0.0/CV≤-/μ≥-/TP≥-,54.17,0.0,,,,49,48,26,22,54.17,-13.75,-36.46,8.96,-6.601,0.478,23
"[-199,-150]",HR≥60/EDG≥0.0/CV≤-/μ≥-/TP≥50,54.17,0.0,,,50.0,49,48,26,22,54.17,-13.75,-36.46,8.96,-6.601,0.478,23
"[-199,-150]",HR≥60/EDG≥0.0/CV≤-/μ≥-/TP≥55,54.17,0.0,,,55.0,49,48,26,22,54.17,-13.75,-36.46,8.96,-6.601,0.478,23
"[-199,-150]",HR≥60/EDG≥0.0/CV≤-/μ≥-/TP≥60,48.39,0.0,,,60.0,31,31,15,16,48.39,-24.81,-52.61,3.0,-7.69,0.389,18
"[-199,-150]",HR≥60/EDG≥0.0/CV≤-/μ≥0.0/TP≥-,54.17,0.0,,0.0,,49,48,26,22,54.17,-13.75,-36.46,8.96,-6.601,0.478,23
"[-199,-150]",HR≥60/EDG≥0.0/CV≤-/μ≥0.0/TP≥50,54.17,0.0,,0.0,50.0,49,48,26,22,54.17,-13.75,-36.46,8.96,-6.601,0.478,23
"[-199,-150]",HR≥60/EDG≥0.0/CV≤-/μ≥0.0/TP≥55,54.17,0.0,,0.0,55.0,49,48,26,22,54.17,-13.75,-36.46,8.96,-6.601,0.478,23
"[-199,-150]",HR≥60/EDG≥0.0/CV≤-/μ≥0.0/TP≥60,48.39,0.0,,0.0,60.0,31,31,15,16,48.39,-24.81,-52.61,3.0,-7.69,0.389,18
"[-199,-150]",HR≥60/EDG≥0.0/CV≤-/μ≥0.5/TP≥-,54.17,0.0,,0.5,,49,48,26,22,54.17,-13.75,-36.46,8.96,-6.601,0.478,23
"[-199,-150]",HR≥60/EDG≥0.0/CV≤-/μ≥0.5/TP≥50,54.17,0.0,,0.5,50.0,49,48,26,22,54.17,-13.75,-36.46,8.96,-6.601,0.478,23
"[-199,-150]",HR≥60/EDG≥0.0/CV≤-/μ≥0.5/TP≥55,54.17,0.0,,0.5,55.0,49,48,26,22,54.17,-13.75,-36.46,8.96,-6.601,0.478,23
"[-199,-150]",HR≥60/EDG≥0.0/CV≤-/μ≥0.5/TP≥60,48.39,0.0,,0.5,60.0,31,31,15,16,48.39,-24.81,-52.61,3.0,-7.69,0.389,18
"[-199,-150]",HR≥60/EDG≥0.0/CV≤-/μ≥1.0/TP≥-,51.22,0.0,,1.0,,41,41,21,20,51.22,-18.38,-43.09,6.33,-7.535,0.476,21
"[-199,-150]",HR≥60/EDG≥0.0/CV≤-/μ≥1.0/TP≥50,51.22,0.0,,1.0,50.0,41,41,21,20,51.22,-18.38,-43.09,6.33,-7.535,0.476,21
"[-199,-150]",HR≥60/EDG≥0.0/CV≤-/μ≥1.0/TP≥55,51.22,0.0,,1.0,55.0,41,41,21,20,51.22,-18.38,-43.09,6.33,-7.535,0.476,21
"[-199,-150]",HR≥60/EDG≥0.0/CV≤0.7/μ≥-/TP≥-,53.19,0.0,0.7,,,48,47,25,22,53.19,-15.43,-38.38,7.53,-7.25,0.478,23
"[-199,-150]",HR≥60/EDG≥0.0/CV≤0.7/μ≥-/TP≥50,53.19,0.0,0.7,,50.0,48,47,25,22,53.19,-15.43,-38.38,7.53,-7.25,0.478,23
"[-199,-150]",HR≥60/EDG≥0.0/CV≤0.7/μ≥-/TP≥55,53.19,0.0,0.7,,55.0,48,47,25,22,53.19,-15.43,-38.38,7.53,-7.25,0.478,23
"[-199,-150]",HR≥60/EDG≥0.0/CV≤0.7/μ≥-/TP≥60,48.39,0.0,0.7,,60.0,31,31,15,16,48.39,-24.81,-52.61,3.0,-7.69,0.389,18
"[-199,-150]",HR≥60/EDG≥0.0/CV≤0.7/μ≥0.0/TP≥-,53.19,0.0,0.7,0.0,,48,47,25,22,53.19,-15.43,-38.38,7.53,-7.25,0.478,23
"[-199,-150]",HR≥60/EDG≥0.0/CV≤0.7/μ≥0.0/TP≥50,53.19,0.0,0.7,0.0,50.0,48,47,25,22,53.19,-15.43,-38.38,7.53,-7.25,0.478,23
"[-199,-150]",HR≥60/EDG≥0.0/CV≤0.7/μ≥0.0/TP≥55,53.19,0.0,0.7,0.0,55.0,48,47,25,22,53.19,-15.43,-38.38,7.53,-7.25,0.478,23
"[-199,-150]",HR≥60/EDG≥0.0/CV≤0.7/μ≥0.0/TP≥60,48.39,0.0,0.7,0.0,60.0,31,31,15,16,48.39,-24.81,-52.61,3.0,-7.69,0.389,18
"[-199,-150]",HR≥60/EDG≥0.0/CV≤0.7/μ≥0.5/TP≥-,53.19,0.0,0.7,0.5,,48,47,25,22,53.19,-15.43,-38.38,7.53,-7.25,0.478,23
"[-199,-150]",HR≥60/EDG≥0.0/CV≤0.7/μ≥0.5/TP≥50,53.19,0.0,0.7,0.5,50.0,48,47,25,22,53.19,-15.43,-38.38,7.53,-7.25,0.478,23
"[-199,-150]",HR≥60/EDG≥0.0/CV≤0.7/μ≥0.5/TP≥55,53.19,0.0,0.7,0.5,55.0,48,47,25,22,53.19,-15.43,-38.38,7.53,-7.25,0.478,23
"[-199,-150]",HR≥60/EDG≥0.0/CV≤0.7/μ≥0.5/TP≥60,48.39,0.0,0.7,0.5,60.0,31,31,15,16,48.39,-24.81,-52.61,3.0,-7.69,0.389,18
"[-199,-150]",HR≥60/EDG≥0.0/CV≤0.7/μ≥1.0/TP≥-,50.0,0.0,0.7,1.0,,40,40,20,20,50.0,-20.46,-45.45,4.53,-8.185,0.476,21
"[-199,-150]",HR≥60/EDG≥0.0/CV≤0.7/μ≥1.0/TP≥50,50.0,0.0,0.7,1.0,50.0,40,40,20,20,50.0,-20.46,-45.45,4.53,-8.185,0.476,21
"[-199,-150]",HR≥60/EDG≥0.0/CV≤0.7/μ≥1.0/TP≥55,50.0,0.0,0.7,1.0,55.0,40,40,20,20,50.0,-20.46,-45.45,4.53,-8.185,0.476,21
"[-199,-150]",HR≥60/EDG≥0.0/CV≤0.6/μ≥-/TP≥-,52.5,0.0,0.6,,,41,40,21,19,52.5,-16.54,-41.49,8.4,-6.617,0.429,21
"[-199,-150]",HR≥60/EDG≥0.0/CV≤0.6/μ≥-/TP≥50,52.5,0.0,0.6,,50.0,41,40,21,19,52.5,-16.54,-41.49,8.4,-6.617,0.429,21
"[-199,-150]",HR≥60/EDG≥0.0/CV≤0.6/μ≥-/TP≥55,52.5,0.0,0.6,,55.0,41,40,21,19,52.5,-16.54,-41.49,8.4,-6.617,0.429,21
"[-199,-150]",HR≥60/EDG≥0.0/CV≤0.6/μ≥0.0/TP≥-,52.5,0.0,0.6,0.0,,41,40,21,19,52.5,-16.54,-41.49,8.4,-6.617,0.429,21
"[-199,-150]",HR≥60/EDG≥0.0/CV≤0.6/μ≥0.0/TP≥50,52.5,0.0,0.6,0.0,50.0,41,40,21,19,52.5,-16.54,-41.49,8.4,-6.617,0.429,21
"[-199,-150]",HR≥60/EDG≥0.0/CV≤0.6/μ≥0.0/TP≥55,52.5,0.0,0.6,0.0,55.0,41,40,21,19,52.5,-16.54,-41.49,8.4,-6.617,0.429,21
"[-199,-150]",HR≥60/EDG≥0.0/CV≤0.6/μ≥0.5/TP≥-,52.5,0.0,0.6,0.5,,41,40,21,19,52.5,-16.54,-41.49,8.4,-6.617,0.429,21
"[-199,-150]",HR≥60/EDG≥0.0/CV≤0.6/μ≥0.5/TP≥50,52.5,0.0,0.6,0.5,50.0,41,40,21,19,52.5,-16.54,-41.49,8.4,-6.617,0.429,21
"[-199,-150]",HR≥60/EDG≥0.0/CV≤0.6/μ≥0.5/TP≥55,52.5,0.0,0.6,0.5,55.0,41,40,21,19,52.5,-16.54,-41.49,8.4,-6.617,0.429,21
"[-199,-150]",HR≥60/EDG≥0.0/CV≤0.6/μ≥1.0/TP≥-,50.0,0.0,0.6,1.0,,34,34,17,17,50.0,-20.58,-47.7,6.55,-6.996,0.421,19
"[-199,-150]",HR≥60/EDG≥0.0/CV≤0.6/μ≥1.0/TP≥50,50.0,0.0,0.6,1.0,50.0,34,34,17,17,50.0,-20.58,-47.7,6.55,-6.996,0.421,19
"[-199,-150]",HR≥60/EDG≥0.0/CV≤0.6/μ≥1.0/TP≥55,50.0,0.0,0.6,1.0,55.0,34,34,17,17,50.0,-20.58,-47.7,6.55,-6.996,0.421,19
"[-199,-150]",HR≥60/EDG≥0.0/CV≤0.5/μ≥-/TP≥-,51.52,0.0,0.5,,,33,33,17,16,51.52,-17.7,-45.39,10.0,-5.839,0.474,19
"[-199,-150]",HR≥60/EDG≥0.0/CV≤0.5/μ≥-/TP≥50,51.52,0.0,0.5,,50.0,33,33,17,16,51.52,-17.7,-45.39,10.0,-5.839,0.474,19
"[-199,-150]",HR≥60/EDG≥0.0/CV≤0.5/μ≥-/TP≥55,51.52,0.0,0.5,,55.0,33,33,17,16,51.52,-17.7,-45.39,10.0,-5.839,0.474,19
"[-199,-150]",HR≥60/EDG≥0.0/CV≤0.5/μ≥0.0/TP≥-,51.52,0.0,0.5,0.0,,33,33,17,16,51.52,-17.7,-45.39,10.0,-5.839,0.474,19
"[-199,-150]",HR≥60/EDG≥0.0/CV≤0.5/μ≥0.0/TP≥50,51.52,0.0,0.5,0.0,50.0,33,33,17,16,51.52,-17.7,-45.39,10.0,-5.839,0.474,19
"[-199,-150]",HR≥60/EDG≥0.0/CV≤0.5/μ≥0.0/TP≥55,51.52,0.0,0.5,0.0,55.0,33,33,17,16,51.52,-17.7,-45.39,10.0,-5.839,0.474,19
"[-199,-150]",HR≥60/EDG≥0.0/CV≤0.5/μ≥0.5/TP≥-,51.52,0.0,0.5,0.5,,33,33,17,16,51.52,-17.7,-45.39,10.0,-5.839,0.474,19
"[-199,-150]",HR≥60/EDG≥0.0/CV≤0.5/μ≥0.5/TP≥50,51.52,0.0,0.5,0.5,50.0,33,33,17,16,51.52,-17.7,-45.39,10.0,-5.839,0.474,19
"[-199,-150]",HR≥60/EDG≥0.0/CV≤0.5/μ≥0.5/TP≥55,51.52,0.0,0.5,0.5,55.0,33,33,17,16,51.52,-17.7,-45.39,10.0,-5.839,0.474,19
"[-199,-150]",HR≥60/EDG≥0.0/CV≤0.5/μ≥1.0/TP≥-,46.67,0.0,0.5,1.0,,30,30,14,16,46.67,-25.64,-54.6,3.33,-7.692,0.444,18
"[-199,-150]",HR≥60/EDG≥0.0/CV≤0.5/μ≥1.0/TP≥50,46.67,0.0,0.5,1.0,50.0,30,30,14,16,46.67,-25.64,-54.6,3.33,-7.692,0.444,18
"[-199,-150]",HR≥60/EDG≥0.0/CV≤0.5/μ≥1.0/TP≥55,46.67,0.0,0.5,1.0,55.0,30,30,14,16,46.67,-25.64,-54.6,3.33,-7.692,0.444,18
"[-199,-150]",HR≥60/EDG≥5.0/CV≤-/μ≥-/TP≥-,53.66,5.0,,,,41,41,22,19,53.66,-14.37,-39.06,10.33,-5.89,0.476,21
"[-199,-150]",HR≥60/EDG≥5.0/CV≤-/μ≥-/TP≥50,53.66,5.0,,,50.0,41,41,22,19,53.66,-14.37,-39.06,10.33,-5.89,0.476,21
"[-199,-150]",HR≥60/EDG≥5.0/CV≤-/μ≥-/TP≥55,53.66,5.0,,,55.0,41,41,22,19,53.66,-14.37,-39.06,10.33,-5.89,0.476,21
"[-199,-150]",HR≥60/EDG≥5.0/CV≤-/μ≥0.0/TP≥-,53.66,5.0,,0.0,,41,41,22,19,53.66,-14.37,-39.06,10.33,-5.89,0.476,21
"[-199,-150]",HR≥60/EDG≥5.0/CV≤-/μ≥0.0/TP≥50,53.66,5.0,,0.0,50.0,41,41,22,19,53.66,-14.37,-39.06,10.33,-5.89,0.476,21
"[-199,-150]",HR≥60/EDG≥5.0/CV≤-/μ≥0.0/TP≥55,53.66,5.0,,0.0,55.0,41,41,22,19,53.66,-14.37,-39.06,10.33,-5.89,0.476,21
"[-199,-150]",HR≥60/EDG≥5.0/CV≤-/μ≥0.5/TP≥-,53.66,5.0,,0.5,,41,41,22,19,53.66,-14.37,-39.06,10.33,-5.89,0.476,21
"[-199,-150]",HR≥60/EDG≥5.0/CV≤-/μ≥0.5/TP≥50,53.66,5.0,,0.5,50.0,41,41,22,19,53.66,-14.37,-39.06,10.33,-5.89,0.476,21
"[-199,-150]",HR≥60/EDG≥5.0/CV≤-/μ≥0.5/TP≥55,53.66,5.0,,0.5,55.0,41,41,22,19,53.66,-14.37,-39.06,10.33,-5.89,0.476,21
"[-199,-150]",HR≥60/EDG≥5.0/CV≤-/μ≥1.0/TP≥-,52.5,5.0,,1.0,,40,40,21,19,52.5,-16.34,-41.34,8.67,-6.535,0.476,21
"[-199,-150]",HR≥60/EDG≥5.0/CV≤-/μ≥1.0/TP≥50,52.5,5.0,,1.0,50.0,40,40,21,19,52.5,-16.34,-41.34,8.67,-6.535,0.476,21
"[-199,-150]",HR≥60/EDG≥5.0/CV≤-/μ≥1.0/TP≥55,52.5,5.0,,1.0,55.0,40,40,21,19,52.5,-16.34,-41.34,8.67,-6.535,0.476,21
"[-199,-150]",HR≥60/EDG≥5.0/CV≤0.7/μ≥-/TP≥-,52.5,5.0,0.7,,,40,40,21,19,52.5,-16.35,-41.35,8.65,-6.539,0.476,21
"[-199,-150]",HR≥60/EDG≥5.0/CV≤0.7/μ≥-/TP≥50,52.5,5.0,0.7,,50.0,40,40,21,19,52.5,-16.35,-41.35,8.65,-6.539,0.476,21
"[-199,-150]",HR≥60/EDG≥5.0/CV≤0.7/μ≥-/TP≥55,52.5,5.0,0.7,,55.0,40,40,21,19,52.5,-16.35,-41.35,8.65,-6.539,0.476,21
"[-199,-150]",HR≥60/EDG≥5.0/CV≤0.7/μ≥0.0/TP≥-,52.5,5.0,0.7,0.0,,40,40,21,19,52.5,-16.35,-41.35,8.65,-6.539,0.476,21
"[-199,-150]",HR≥60/EDG≥5.0/CV≤0.7/μ≥0.0/TP≥50,52.5,5.0,0.7,0.0,50.0,40,40,21,19,52.5,-16.35,-41.35,8.65,-6.539,0.476,21
"[-199,-150]",HR≥60/EDG≥5.0/CV≤0.7/μ≥0.0/TP≥55,52.5,5.0,0.7,0.0,55.0,40,40,21,19,52.5,-16.35,-41.35,8.65,-6.539,0.476,21
"[-199,-150]",HR≥60/EDG≥5.0/CV≤0.7/μ≥0.5/TP≥-,52.5,5.0,0.7,0.5,,40,40,21,19,52.5,-16.35,-41.35,8.65,-6.539,0.476,21
"[-199,-150]",HR≥60/EDG≥5.0/CV≤0.7/μ≥0.5/TP≥50,52.5,5.0,0.7,0.5,50.0,40,40,21,19,52.5,-16.35,-41.35,8.65,-6.539,0.476,21
"[-199,-150]",HR≥60/EDG≥5.0/CV≤0.7/μ≥0.5/TP≥55,52.5,5.0,0.7,0.5,55.0,40,40,21,19,52.5,-16.35,-41.35,8.65,-6.539,0.476,21
"[-199,-150]",HR≥60/EDG≥5.0/CV≤0.7/μ≥1.0/TP≥-,51.28,5.0,0.7,1.0,,39,39,20,19,51.28,-18.42,-43.73,6.89,-7.185,0.476,21
"[-199,-150]",HR≥60/EDG≥5.0/CV≤0.7/μ≥1.0/TP≥50,51.28,5.0,0.7,1.0,50.0,39,39,20,19,51.28,-18.42,-43.73,6.89,-7.185,0.476,21
"[-199,-150]",HR≥60/EDG≥5.0/CV≤0.7/μ≥1.0/TP≥55,51.28,5.0,0.7,1.0,55.0,39,39,20,19,51.28,-18.42,-43.73,6.89,-7.185,0.476,21
"[-199,-150]",HR≥60/EDG≥5.0/CV≤0.6/μ≥-/TP≥-,51.43,5.0,0.6,,,35,35,18,17,51.43,-18.14,-44.91,8.62,-6.351,0.421,19
"[-199,-150]",HR≥60/EDG≥5.0/CV≤0.6/μ≥-/TP≥50,51.43,5.0,0.6,,50.0,35,35,18,17,51.43,-18.14,-44.91,8.62,-6.351,0.421,19
"[-199,-150]",HR≥60/EDG≥5.0/CV≤0.6/μ≥-/TP≥55,51.43,5.0,0.6,,55.0,35,35,18,17,51.43,-18.14,-44.91,8.62,-6.351,0.421,19
"[-199,-150]",HR≥60/EDG≥5.0/CV≤0.6/μ≥0.0/TP≥-,51.43,5.0,0.6,0.0,,35,35,18,17,51.43,-18.14,-44.91,8.62,-6.351,0.421,19
"[-199,-150]",HR≥60/EDG≥5.0/CV≤0.6/μ≥0.0/TP≥50,51.43,5.0,0.6,0.0,50.0,35,35,18,17,51.43,-18.14,-44.91,8.62,-6.351,0.421,19
"[-199,-150]",HR≥60/EDG≥5.0/CV≤0.6/μ≥0.0/TP≥55,51.43,5.0,0.6,0.0,55.0,35,35,18,17,51.43,-18.14,-44.91,8.62,-6.351,0.421,19
"[-199,-150]",HR≥60/EDG≥5.0/CV≤0.6/μ≥0.5/TP≥-,51.43,5.0,0.6,0.5,,35,35,18,17,51.43,-18.14,-44.91,8.62,-6.351,0.421,19
"[-199,-150]",HR≥60/EDG≥5.0/CV≤0.6/μ≥0.5/TP≥50,51.43,5.0,0.6,0.5,50.0,35,35,18,17,51.43,-18.14,-44.91,8.62,-6.351,0.421,19
"[-199,-150]",HR≥60/EDG≥5.0/CV≤0.6/μ≥0.5/TP≥55,51.43,5.0,0.6,0.5,55.0,35,35,18,17,51.43,-18.14,-44.91,8.62,-6.351,0.421,19
"[-199,-150]",HR≥60/EDG≥5.0/CV≤0.6/μ≥1.0/TP≥-,50.0,5.0,0.6,1.0,,34,34,17,17,50.0,-20.58,-47.7,6.55,-6.996,0.421,19
"[-199,-150]",HR≥60/EDG≥5.0/CV≤0.6/μ≥1.0/TP≥50,50.0,5.0,0.6,1.0,50.0,34,34,17,17,50.0,-20.58,-47.7,6.55,-6.996,0.421,19
"[-199,-150]",HR≥60/EDG≥5.0/CV≤0.6/μ≥1.0/TP≥55,50.0,5.0,0.6,1.0,55.0,34,34,17,17,50.0,-20.58,-47.7,6.55,-6.996,0.421,19
"[-199,-150]",HR≥60/EDG≥5.0/CV≤0.5/μ≥-/TP≥-,48.39,5.0,0.5,,,31,31,15,16,48.39,-22.73,-51.32,5.86,-7.047,0.444,18
"[-199,-150]",HR≥60/EDG≥5.0/CV≤0.5/μ≥-/TP≥50,48.39,5.0,0.5,,50.0,31,31,15,16,48.39,-22.73,-51.32,5.86,-7.047,0.444,18
"[-199,-150]",HR≥60/EDG≥5.0/CV≤0.5/μ≥-/TP≥55,48.39,5.0,0.5,,55.0,31,31,15,16,48.39,-22.73,-51.32,5.86,-7.047,0.444,18
"[-199,-150]",HR≥60/EDG≥5.0/CV≤0.5/μ≥0.0/TP≥-,48.39,5.0,0.5,0.0,,31,31,15,16,48.39,-22.73,-51.32,5.86,-7.047,0.444,18
"[-199,-150]",HR≥60/EDG≥5.0/CV≤0.5/μ≥0.0/TP≥50,48.39,5.0,0.5,0.0,50.0,31,31,15,16,48.39,-22.73,-51.32,5.86,-7.047,0.444,18
"[-199,-150]",HR≥60/EDG≥5.0/CV≤0.5/μ≥0.0/TP≥55,48.39,5.0,0.5,0.0,55.0,31,31,15,16,48.39,-22.73,-51.32,5.86,-7.047,0.444,18
"[-199,-150]",HR≥60/EDG≥5.0/CV≤0.5/μ≥0.5/TP≥-,48.39,5.0,0.5,0.5,,31,31,15,16,48.39,-22.73,-51.32,5.86,-7.047,0.444,18
"[-199,-150]",HR≥60/EDG≥5.0/CV≤0.5/μ≥0.5/TP≥50,48.39,5.0,0.5,0.5,50.0,31,31,15,16,48.39,-22.73,-51.32,5.86,-7.047,0.444,18
"[-199,-150]",HR≥60/EDG≥5.0/CV≤0.5/μ≥0.5/TP≥55,48.39,5.0,0.5,0.5,55.0,31,31,15,16,48.39,-22.73,-51.32,5.86,-7.047,0.444,18
"[-199,-150]",HR≥60/EDG≥5.0/CV≤0.5/μ≥1.0/TP≥-,46.67,5.0,0.5,1.0,,30,30,14,16,46.67,-25.64,-54.6,3.33,-7.692,0.444,18
"[-199,-150]",HR≥60/EDG≥5.0/CV≤0.5/μ≥1.0/TP≥50,46.67,5.0,0.5,1.0,50.0,30,30,14,16,46.67,-25.64,-54.6,3.33,-7.692,0.444,18
"[-199,-150]",HR≥60/EDG≥5.0/CV≤0.5/μ≥1.0/TP≥55,46.67,5.0,0.5,1.0,55.0,30,30,14,16,46.67,-25.64,-54.6,3.33,-7.692,0.444,18
"[-199,-150]",HR≥60/EDG≥10.0/CV≤-/μ≥-/TP≥-,54.55,10.0,,,,33,33,18,15,54.55,-12.81,-40.42,14.8,-4.228,0.55,20
"[-199,-150]",HR≥60/EDG≥10.0/CV≤-/μ≥-/TP≥50,54.55,10.0,,,50.0,33,33,18,15,54.55,-12.81,-40.42,14.8,-4.228,0.55,20
"[-199,-150]",HR≥60/EDG≥10.0/CV≤-/μ≥-/TP≥55,54.55,10.0,,,55.0,33,33,18,15,54.55,-12.81,-40.42,14.8,-4.228,0.55,20
"[-199,-150]",HR≥60/EDG≥10.0/CV≤-/μ≥0.0/TP≥-,54.55,10.0,,0.0,,33,33,18,15,54.55,-12.81,-40.42,14.8,-4.228,0.55,20
"[-199,-150]",HR≥60/EDG≥10.0/CV≤-/μ≥0.0/TP≥50,54.55,10.0,,0.0,50.0,33,33,18,15,54.55,-12.81,-40.42,14.8,-4.228,0.55,20
"[-199,-150]",HR≥60/EDG≥10.0/CV≤-/μ≥0.0/TP≥55,54.55,10.0,,0.0,55.0,33,33,18,15,54.55,-12.81,-40.42,14.8,-4.228,0.55,20
"[-199,-150]",HR≥60/EDG≥10.0/CV≤-/μ≥0.5/TP≥-,54.55,10.0,,0.5,,33,33,18,15,54.55,-12.81,-40.42,14.8,-4.228,0.55,20
"[-199,-150]",HR≥60/EDG≥10.0/CV≤-/μ≥0.5/TP≥50,54.55,10.0,,0.5,50.0,33,33,18,15,54.55,-12.81,-40.42,14.8,-4.228,0.55,20
"[-199,-150]",HR≥60/EDG≥10.0/CV≤-/μ≥0.5/TP≥55,54.55,10.0,,0.5,55.0,33,33,18,15,54.55,-12.81,-40.42,14.8,-4.228,0.55,20
"[-199,-150]",HR≥60/EDG≥10.0/CV≤-/μ≥1.0/TP≥-,54.55,10.0,,1.0,,33,33,18,15,54.55,-12.81,-40.42,14.8,-4.228,0.55,20
"[-199,-150]",HR≥60/EDG≥10.0/CV≤-/μ≥1.0/TP≥50,54.55,10.0,,1.0,50.0,33,33,18,15,54.55,-12.81,-40.42,14.8,-4.228,0.55,20
"[-199,-150]",HR≥60/EDG≥10.0/CV≤-/μ≥1.0/TP≥55,54.55,10.0,,1.0,55.0,33,33,18,15,54.55,-12.81,-40.42,14.8,-4.228,0.55,20
"[-199,-150]",HR≥60/EDG≥10.0/CV≤0.7/μ≥-/TP≥-,53.12,10.0,0.7,,,32,32,17,15,53.12,-15.24,-43.3,12.82,-4.877,0.55,20
"[-199,-150]",HR≥60/EDG≥10.0/CV≤0.7/μ≥-/TP≥50,53.12,10.0,0.7,,50.0,32,32,17,15,53.12,-15.24,-43.3,12.82,-4.877,0.55,20
"[-199,-150]",HR≥60/EDG≥10.0/CV≤0.7/μ≥-/TP≥55,53.12,10.0,0.7,,55.0,32,32,17,15,53.12,-15.24,-43.3,12.82,-4.877,0.55,20
"[-199,-150]",HR≥60/EDG≥10.0/CV≤0.7/μ≥0.0/TP≥-,53.12,10.0,0.7,0.0,,32,32,17,15,53.12,-15.24,-43.3,12.82,-4.877,0.55,20
"[-199,-150]",HR≥60/EDG≥10.0/CV≤0.7/μ≥0.0/TP≥50,53.12,10.0,0.7,0.0,50.0,32,32,17,15,53.12,-15.24,-43.3,12.82,-4.877,0.55,20
"[-199,-150]",HR≥60/EDG≥10.0/CV≤0.7/μ≥0.0/TP≥55,53.12,10.0,0.7,0.0,55.0,32,32,17,15,53.12,-15.24,-43.3,12.82,-4.877,0.55,20
"[-199,-150]",HR≥60/EDG≥10.0/CV≤0.7/μ≥0.5/TP≥-,53.12,10.0,0.7,0.5,,32,32,17,15,53.12,-15.24,-43.3,12.82,-4.877,0.55,20
"[-199,-150]",HR≥60/EDG≥10.0/CV≤0.7/μ≥0.5/TP≥50,53.12,10.0,0.7,0.5,50.0,32,32,17,15,53.12,-15.24,-43.3,12.82,-4.877,0.55,20
"[-199,-150]",HR≥60/EDG≥10.0/CV≤0.7/μ≥0.5/TP≥55,53.12,10.0,0.7,0.5,55.0,32,32,17,15,53.12,-15.24,-43.3,12.82,-4.877,0.55,20
"[-199,-150]",HR≥60/EDG≥10.0/CV≤0.7/μ≥1.0/TP≥-,53.12,10.0,0.7,1.0,,32,32,17,15,53.12,-15.24,-43.3,12.82,-4.877,0.55,20
"[-199,-150]",HR≥60/EDG≥10.0/CV≤0.7/μ≥1.0/TP≥50,53.12,10.0,0.7,1.0,50.0,32,32,17,15,53.12,-15.24,-43.3,12.82,-4.877,0.55,20
"[-199,-150]",HR≥60/EDG≥10.0/CV≤0.7/μ≥1.0/TP≥55,53.12,10.0,0.7,1.0,55.0,32,32,17,15,53.12,-15.24,-43.3,12.82,-4.877,0.55,20
"[-199,-150]",HR≥65/EDG≥-/CV≤-/μ≥-/TP≥-,56.25,,,,,49,48,27,21,56.25,-11.01,-33.48,11.45,-5.287,0.522,23
"[-199,-150]",HR≥65/EDG≥-/CV≤-/μ≥-/TP≥50,54.55,,,,50.0,45,44,24,20,54.55,-13.92,-37.44,9.59,-6.126,0.522,23
"[-199,-150]",HR≥65/EDG≥-/CV≤-/μ≥-/TP≥55,57.14,,,,55.0,43,42,24,18,57.14,-9.82,-33.76,14.11,-4.126,0.545,22
"[-199,-150]",HR≥65/EDG≥-/CV≤-/μ≥0.0/TP≥-,55.0,,,0.0,,41,40,22,18,55.0,-13.02,-37.75,11.71,-5.208,0.522,23
"[-199,-150]",HR≥65/EDG≥-/CV≤-/μ≥0.0/TP≥50,55.0,,,0.0,50.0,41,40,22,18,55.0,-13.02,-37.75,11.71,-5.208,0.522,23
"[-199,-150]",HR≥65/EDG≥-/CV≤-/μ≥0.0/TP≥55,56.41,,,0.0,55.0,40,39,22,17,56.41,-10.79,-35.76,14.18,-4.208,0.545,22
"[-199,-150]",HR≥65/EDG≥-/CV≤-/μ≥0.5/TP≥-,56.25,,,0.5,,33,32,18,14,56.25,-10.72,-38.48,17.05,-3.429,0.526,19
"[-199,-150]",HR≥65/EDG≥-/CV≤-/μ≥0.5/TP≥50,56.25,,,0.5,50.0,33,32,18,14,56.25,-10.72,-38.48,17.05,-3.429,0.526,19
"[-199,-150]",HR≥65/EDG≥-/CV≤-/μ≥0.5/TP≥55,56.25,,,0.5,55.0,33,32,18,14,56.25,-10.72,-38.48,17.05,-3.429,0.526,19
"[-199,-150]",HR≥65/EDG≥-/CV≤0.7/μ≥-/TP≥-,55.32,,0.7,,,48,47,26,21,55.32,-12.63,-35.35,10.09,-5.936,0.522,23
"[-199,-150]",HR≥65/EDG≥-/CV≤0.7/μ≥-/TP≥50,53.49,,0.7,,50.0,44,43,23,20,53.49,-15.76,-39.54,8.03,-6.776,0.522,23
"[-199,-150]",HR≥65/EDG≥-/CV≤0.7/μ≥-/TP≥55,56.1,,0.7,,55.0,42,41,23,18,56.1,-11.65,-35.9,12.61,-4.776,0.545,22
"[-199,-150]",HR≥65/EDG≥-/CV≤0.7/μ≥0.0/TP≥-,53.85,,0.7,0.0,,40,39,21,18,53.85,-15.02,-40.07,10.03,-5.857,0.522,23
"[-199,-150]",HR≥65/EDG≥-/CV≤0.7/μ≥0.0/TP≥50,53.85,,0.7,0.0,50.0,40,39,21,18,53.85,-15.02,-40.07,10.03,-5.857,0.522,23
"[-199,-150]",HR≥65/EDG≥-/CV≤0.7/μ≥0.0/TP≥55,55.26,,0.7,0.0,55.0,39,38,21,17,55.26,-12.78,-38.1,12.54,-4.857,0.545,22
"[-199,-150]",HR≥65/EDG≥-/CV≤0.7/μ≥0.5/TP≥-,54.84,,0.7,0.5,,32,31,17,14,54.84,-13.16,-41.4,15.09,-4.078,0.526,19
"[-199,-150]",HR≥65/EDG≥-/CV≤0.7/μ≥0.5/TP≥50,54.84,,0.7,0.5,50.0,32,31,17,14,54.84,-13.16,-41.4,15.09,-4.078,0.526,19
"[-199,-150]",HR≥65/EDG≥-/CV≤0.7/μ≥0.5/TP≥55,54.84,,0.7,0.5,55.0,32,31,17,14,54.84,-13.16,-41.4,15.09,-4.078,0.526,19
"[-199,-150]",HR≥65/EDG≥-/CV≤0.6/μ≥-/TP≥-,56.82,,0.6,,,45,44,25,19,56.82,-10.13,-33.58,13.32,-4.457,0.5,22
"[-199,-150]",HR≥65/EDG≥-/CV≤0.6/μ≥-/TP≥50,55.0,,0.6,,50.0,41,40,22,18,55.0,-13.24,-37.9,11.42,-5.296,0.5,22
"[-199,-150]",HR≥65/EDG≥-/CV≤0.6/μ≥-/TP≥55,57.89,,0.6,,55.0,39,38,22,16,57.89,-8.67,-33.8,16.45,-3.296,0.524,21
"[-199,-150]",HR≥65/EDG≥-/CV≤0.6/μ≥0.0/TP≥-,55.56,,0.6,0.0,,37,36,20,16,55.56,-12.16,-38.22,13.9,-4.378,0.5,22
"[-199,-150]",HR≥65/EDG≥-/CV≤0.6/μ≥0.0/TP≥50,55.56,,0.6,0.0,50.0,37,36,20,16,55.56,-12.16,-38.22,13.9,-4.378,0.5,22
"[-199,-150]",HR≥65/EDG≥-/CV≤0.6/μ≥0.0/TP≥55,57.14,,0.6,0.0,55.0,36,35,20,15,57.14,-9.65,-35.99,16.68,-3.378,0.524,21
"[-199,-150]",HR≥65/EDG≥-/CV≤0.5/μ≥-/TP≥-,58.97,,0.5,,,39,39,23,16,58.97,-6.42,-31.27,18.43,-2.504,0.524,21
"[-199,-150]",HR≥65/EDG≥-/CV≤0.5/μ≥-/TP≥50,57.14,,0.5,,50.0,35,35,20,15,57.14,-9.55,-35.92,16.81,-3.344,0.55,20
"[-199,-150]",HR≥65/EDG≥-/CV≤0.5/μ≥-/TP≥55,60.61,,0.5,,55.0,33,33,20,13,60.61,-4.07,-30.91,22.76,-1.344,0.579,19
"[-199,-150]",HR≥65/EDG≥-/CV≤0.5/μ≥0.0/TP≥-,58.06,,0.5,0.0,,31,31,18,13,58.06,-7.82,-35.89,20.25,-2.425,0.55,20
"[-199,-150]",HR≥65/EDG≥-/CV≤0.5/μ≥0.0/TP≥50,58.06,,0.5,0.0,50.0,31,31,18,13,58.06,-7.82,-35.89,20.25,-2.425,0.55,20
"[-199,-150]",HR≥65/EDG≥-/CV≤0.5/μ≥0.0/TP≥55,60.0,,0.5,0.0,55.0,30,30,18,12,60.0,-4.75,-33.1,23.59,-1.425,0.579,19
"[-199,-150]",HR≥65/EDG≥-/CV≤0.45/μ≥-/TP≥-,60.0,,0.45,,,35,35,21,14,60.0,-4.74,-30.92,21.44,-1.66,0.524,21
"[-199,-150]",HR≥65/EDG≥-/CV≤0.45/μ≥-/TP≥50,58.06,,0.45,,50.0,31,31,18,13,58.06,-8.06,-36.06,19.94,-2.499,0.55,20
"[-199,-150]",HR≥65/EDG≥-5.0/CV≤-/μ≥-/TP≥-,57.58,-5.0,,,,34,33,19,14,57.58,-8.58,-35.81,18.65,-2.83,0.55,20
"[-199,-150]",HR≥65/EDG≥-5.0/CV≤-/μ≥-/TP≥50,57.58,-5.0,,,50.0,34,33,19,14,57.58,-8.58,-35.81,18.65,-2.83,0.55,20
"[-199,-150]",HR≥65/EDG≥-5.0/CV≤-/μ≥-/TP≥55,57.58,-5.0,,,55.0,34,33,19,14,57.58,-8.58,-35.81,18.65,-2.83,0.55,20
"[-199,-150]",HR≥65/EDG≥-5.0/CV≤-/μ≥0.0/TP≥-,57.58,-5.0,,0.0,,34,33,19,14,57.58,-8.58,-35.81,18.65,-2.83,0.55,20
"[-199,-150]",HR≥65/EDG≥-5.0/CV≤-/μ≥0.0/TP≥50,57.58,-5.0,,0.0,50.0,34,33,19,14,57.58,-8.58,-35.81,18.65,-2.83,0.55,20
"[-199,-150]",HR≥65/EDG≥-5.0/CV≤-/μ≥0.0/TP≥55,57.58,-5.0,,0.0,55.0,34,33,19,14,57.58,-8.58,-35.81,18.65,-2.83,0.55,20
"[-199,-150]",HR≥65/EDG≥-5.0/CV≤-/μ≥0.5/TP≥-,54.84,-5.0,,0.5,,32,31,17,14,54.84,-12.72,-41.1,15.67,-3.942,0.526,19
"[-199,-150]",HR≥65/EDG≥-5.0/CV≤-/μ≥0.5/TP≥50,54.84,-5.0,,0.5,50.0,32,31,17,14,54.84,-12.72,-41.1,15.67,-3.942,0.526,19
"[-199,-150]",HR≥65/EDG≥-5.0/CV≤-/μ≥0.5/TP≥55,54.84,-5.0,,0.5,55.0,32,31,17,14,54.84,-12.72,-41.1,15.67,-3.942,0.526,19
"[-199,-150]",HR≥65/EDG≥-5.0/CV≤0.7/μ≥-/TP≥-,56.25,-5.0,0.7,,,33,32,18,14,56.25,-10.87,-38.58,16.83,-3.479,0.55,20
"[-199,-150]",HR≥65/EDG≥-5.0/CV≤0.7/μ≥-/TP≥50,56.25,-5.0,0.7,,50.0,33,32,18,14,56.25,-10.87,-38.58,16.83,-3.479,0.55,20
"[-199,-150]",HR≥65/EDG≥-5.0/CV≤0.7/μ≥-/TP≥55,56.25,-5.0,0.7,,55.0,33,32,18,14,56.25,-10.87,-38.58,16.83,-3.479,0.55,20
"[-199,-150]",HR≥65/EDG≥-5.0/CV≤0.7/μ≥0.0/TP≥-,56.25,-5.0,0.7,0.0,,33,32,18,14,56.25,-10.87,-38.58,16.83,-3.479,0.55,20
"[-199,-150]",HR≥65/EDG≥-5.0/CV≤0.7/μ≥0.0/TP≥50,56.25,-5.0,0.7,0.0,50.0,33,32,18,14,56.25,-10.87,-38.58,16.83,-3.479,0.55,20
"[-199,-150]",HR≥65/EDG≥-5.0/CV≤0.7/μ≥0.0/TP≥55,56.25,-5.0,0.7,0.0,55.0,33,32,18,14,56.25,-10.87,-38.58,16.83,-3.479,0.55,20
"[-199,-150]",HR≥65/EDG≥-5.0/CV≤0.7/μ≥0.5/TP≥-,53.33,-5.0,0.7,0.5,,31,30,16,14,53.33,-15.3,-44.18,13.57,-4.591,0.526,19
"[-199,-150]",HR≥65/EDG≥-5.0/CV≤0.7/μ≥0.5/TP≥50,53.33,-5.0,0.7,0.5,50.0,31,30,16,14,53.33,-15.3,-44.18,13.57,-4.591,0.526,19
"[-199,-150]",HR≥65/EDG≥-5.0/CV≤0.7/μ≥0.5/TP≥55,53.33,-5.0,0.7,0.5,55.0,31,30,16,14,53.33,-15.3,-44.18,13.57,-4.591,0.526,19
"[-199,-150]",HR≥65/EDG≥0.0/CV≤-/μ≥-/TP≥-,54.84,0.0,,,,32,31,17,14,54.84,-12.72,-41.1,15.67,-3.942,0.526,19
"[-199,-150]",HR≥65/EDG≥0.0/CV≤-/μ≥-/TP≥50,54.84,0.0,,,50.0,32,31,17,14,54.84,-12.72,-41.1,15.67,-3.942,0.526,19
"[-199,-150]",HR≥65/EDG≥0.0/CV≤-/μ≥-/TP≥55,54.84,0.0,,,55.0,32,31,17,14,54.84,-12.72,-41.1,15.67,-3.942,0.526,19
"[-199,-150]",HR≥65/EDG≥0.0/CV≤-/μ≥0.0/TP≥-,54.84,0.0,,0.0,,32,31,17,14,54.84,-12.72,-41.1,15.67,-3.942,0.526,19
"[-199,-150]",HR≥65/EDG≥0.0/CV≤-/μ≥0.0/TP≥50,54.84,0.0,,0.0,50.0,32,31,17,14,54.84,-12.72,-41.1,15.67,-3.942,0.526,19
"[-199,-150]",HR≥65/EDG≥0.0/CV≤-/μ≥0.0/TP≥55,54.84,0.0,,0.0,55.0,32,31,17,14,54.84,-12.72,-41.1,15.67,-3.942,0.526,19
"[-199,-150]",HR≥65/EDG≥0.0/CV≤-/μ≥0.5/TP≥-,54.84,0.0,,0.5,,32,31,17,14,54.84,-12.72,-41.1,15.67,-3.942,0.526,19
"[-199,-150]",HR≥65/EDG≥0.0/CV≤-/μ≥0.5/TP≥50,54.84,0.0,,0.5,50.0,32,31,17,14,54.84,-12.72,-41.1,15.67,-3.942,0.526,19
"[-199,-150]",HR≥65/EDG≥0.0/CV≤-/μ≥0.5/TP≥55,54.84,0.0,,0.5,55.0,32,31,17,14,54.84,-12.72,-41.1,15.67,-3.942,0.526,19
"[-199,-150]",HR≥65/EDG≥0.0/CV≤0.7/μ≥-/TP≥-,53.33,0.0,0.7,,,31,30,16,14,53.33,-15.3,-44.18,13.57,-4.591,0.526,19
"[-199,-150]",HR≥65/EDG≥0.0/CV≤0.7/μ≥-/TP≥50,53.33,0.0,0.7,,50.0,31,30,16,14,53.33,-15.3,-44.18,13.57,-4.591,0.526,19
"[-199,-150]",HR≥65/EDG≥0.0/CV≤0.7/μ≥-/TP≥55,53.33,0.0,0.7,,55.0,31,30,16,14,53.33,-15.3,-44.18,13.57,-4.591,0.526,19
"[-199,-150]",HR≥65/EDG≥0.0/CV≤0.7/μ≥0.0/TP≥-,53.33,0.0,0.7,0.0,,31,30,16,14,53.33,-15.3,-44.18,13.57,-4.591,0.526,19
"[-199,-150]",HR≥65/EDG≥0.0/CV≤0.7/μ≥0.0/TP≥50,53.33,0.0,0.7,0.0,50.0,31,30,16,14,53.33,-15.3,-44.18,13.57,-4.591,0.526,19
"[-199,-150]",HR≥65/EDG≥0.0/CV≤0.7/μ≥0.0/TP≥55,53.33,0.0,0.7,0.0,55.0,31,30,16,14,53.33,-15.3,-44.18,13.57,-4.591,0.526,19
"[-199,-150]",HR≥65/EDG≥0.0/CV≤0.7/μ≥0.5/TP≥-,53.33,0.0,0.7,0.5,,31,30,16,14,53.33,-15.3,-44.18,13.57,-4.591,0.526,19
"[-199,-150]",HR≥65/EDG≥0.0/CV≤0.7/μ≥0.5/TP≥50,53.33,0.0,0.7,0.5,50.0,31,30,16,14,53.33,-15.3,-44.18,13.57,-4.591,0.526,19
"[-199,-150]",HR≥65/EDG≥0.0/CV≤0.7/μ≥0.5/TP≥55,53.33,0.0,0.7,0.5,55.0,31,30,16,14,53.33,-15.3,-44.18,13.57,-4.591,0.526,19
"[-199,-150]",HR≥70/EDG≥-/CV≤-/μ≥-/TP≥-,54.84,,,,,31,31,17,14,54.84,-13.76,-41.8,14.28,-4.266,0.421,19
"[-199,-150]",HR≥70/EDG≥-/CV≤0.7/μ≥-/TP≥-,54.84,,0.7,,,31,31,17,14,54.84,-13.76,-41.8,14.28,-4.266,0.421,19
"[-149,-110]",HR≥-/EDG≥-/CV≤-/μ≥-/TP≥-,55.45,,,,,216,211,117,94,55.45,-0.99,-13.02,11.03,-2.097,0.571,28
"[-149,-110]",HR≥-/EDG≥-/CV≤-/μ≥-/TP≥50,56.59,,,,50.0,210,205,116,89,56.59,0.97,-11.19,13.13,1.994,0.536,28
"[-149,-110]",HR≥-/EDG≥-/CV≤-/μ≥-/TP≥55,57.14,,,,55.0,79,77,44,33,57.14,-2.14,-21.2,16.92,-1.648,0.444,27
"[-149,-110]",HR≥-/EDG≥-/CV≤-/μ≥0.0/TP≥-,56.49,,,0.0,,158,154,87,67,56.49,1.05,-13.02,15.13,1.623,0.571,28
"[-149,-110]",HR≥-/EDG≥-/CV≤-/μ≥0.0/TP≥50,57.33,,,0.0,50.0,154,150,86,64,57.33,2.48,-11.74,16.7,3.714,0.607,28
"[-149,-110]",HR≥-/EDG≥-/CV≤-/μ≥0.0/TP≥55,57.14,,,0.0,55.0,50,49,28,21,57.14,-2.09,-26.08,21.91,-1.023,0.545,22
"[-149,-110]",HR≥-/EDG≥-/CV≤-/μ≥0.5/TP≥-,53.28,,,0.5,,125,122,65,57,53.28,-5.02,-20.89,10.86,-6.123,0.556,27
"[-149,-110]",HR≥-/EDG≥-/CV≤-/μ≥0.5/TP≥50,54.24,,,0.5,50.0,121,118,64,54,54.24,-3.42,-19.52,12.69,-4.032,0.538,26
"[-149,-110]",HR≥-/EDG≥-/CV≤-/μ≥0.5/TP≥55,57.14,,,0.5,55.0,43,42,24,18,57.14,-2.03,-28.01,23.95,-0.852,0.524,21
"[-149,-110]",HR≥-/EDG≥-/CV≤-/μ≥1.0/TP≥-,54.65,,,1.0,,88,86,47,39,54.65,-2.86,-21.71,15.98,-2.463,0.48,25
"[-149,-110]",HR≥-/EDG≥-/CV≤-/μ≥1.0/TP≥50,55.42,,,1.0,50.0,85,83,46,37,55.42,-1.65,-20.78,17.47,-1.372,0.5,24
"[-149,-110]",HR≥-/EDG≥-/CV≤-/μ≥1.0/TP≥55,66.67,,,1.0,55.0,31,30,20,10,66.67,13.92,-15.41,43.24,4.175,0.579,19
"[-149,-110]",HR≥-/EDG≥-/CV≤0.7/μ≥-/TP≥-,56.32,,0.7,,,195,190,107,83,56.32,0.58,-12.07,13.23,1.102,0.607,28
"[-149,-110]",HR≥-/EDG≥-/CV≤0.7/μ≥-/TP≥50,57.61,,0.7,,50.0,189,184,106,78,57.61,2.82,-9.98,15.63,5.193,0.607,28
"[-149,-110]",HR≥-/EDG≥-/CV≤0.7/μ≥-/TP≥55,61.9,,0.7,,55.0,65,63,39,24,61.9,5.99,-14.71,26.69,3.774,0.538,26
"[-149,-110]",HR≥-/EDG≥-/CV≤0.7/μ≥0.0/TP≥-,56.43,,0.7,0.0,,144,140,79,61,56.43,0.9,-13.87,15.66,1.256,0.571,28
"[-149,-110]",HR≥-/EDG≥-/CV≤0.7/μ≥0.0/TP≥50,57.35,,0.7,0.0,50.0,140,136,78,58,57.35,2.46,-12.47,17.39,3.347,0.607,28
"[-149,-110]",HR≥-/EDG≥-/CV≤0.7/μ≥0.0/TP≥55,60.98,,0.7,0.0,55.0,42,41,25,16,60.98,4.47,-21.44,30.38,1.833,0.591,22
"[-149,-110]",HR≥-/EDG≥-/CV≤0.7/μ≥0.5/TP≥-,52.25,,0.7,0.5,,114,111,58,53,52.25,-6.98,-23.62,9.66,-7.749,0.519,27
"[-149,-110]",HR≥-/EDG≥-/CV≤0.7/μ≥0.5/TP≥50,53.27,,0.7,0.5,50.0,110,107,57,50,53.27,-5.29,-22.2,11.62,-5.659,0.5,26
"[-149,-110]",HR≥-/EDG≥-/CV≤0.7/μ≥0.5/TP≥55,60.0,,0.7,0.5,55.0,36,35,21,14,60.0,2.87,-25.38,31.11,1.004,0.5,20
"[-149,-110]",HR≥-/EDG≥-/CV≤0.7/μ≥1.0/TP≥-,53.85,,0.7,1.0,,80,78,42,36,53.85,-4.29,-24.12,15.54,-3.347,0.44,25
"[-149,-110]",HR≥-/EDG≥-/CV≤0.7/μ≥1.0/TP≥50,54.67,,0.7,1.0,50.0,77,75,41,34,54.67,-3.01,-23.17,17.15,-2.256,0.458,24
"[-149,-110]",HR≥-/EDG≥-/CV≤0.6/μ≥-/TP≥-,56.55,,0.6,,,172,168,95,73,56.55,0.96,-12.49,14.4,1.606,0.593,27
"[-149,-110]",HR≥-/EDG≥-/CV≤0.6/μ≥-/TP≥50,57.67,,0.6,,50.0,167,163,94,69,57.67,2.88,-10.72,16.48,4.697,0.577,26
"[-149,-110]",HR≥-/EDG≥-/CV≤0.6/μ≥-/TP≥55,60.66,,0.6,,55.0,63,61,37,24,60.66,3.89,-17.29,25.07,2.374,0.538,26
"[-149,-110]",HR≥-/EDG≥-/CV≤0.6/μ≥0.0/TP≥-,57.6,,0.6,0.0,,128,125,72,53,57.6,2.97,-12.61,18.54,3.708,0.63,27
"[-149,-110]",HR≥-/EDG≥-/CV≤0.6/μ≥0.0/TP≥50,58.2,,0.6,0.0,50.0,125,122,71,51,58.2,3.93,-11.79,19.66,4.799,0.615,26
"[-149,-110]",HR≥-/EDG≥-/CV≤0.6/μ≥0.0/TP≥55,60.98,,0.6,0.0,55.0,42,41,25,16,60.98,4.47,-21.44,30.38,1.833,0.591,22
"[-149,-110]",HR≥-/EDG≥-/CV≤0.6/μ≥0.5/TP≥-,53.47,,0.6,0.5,,103,101,54,47,53.47,-4.84,-22.27,12.59,-4.89,0.481,27
"[-149,-110]",HR≥-/EDG≥-/CV≤0.6/μ≥0.5/TP≥50,54.08,,0.6,0.5,50.0,100,98,53,45,54.08,-3.88,-21.53,13.78,-3.799,0.462,26
"[-149,-110]",HR≥-/EDG≥-/CV≤0.6/μ≥0.5/TP≥55,60.0,,0.6,0.5,55.0,36,35,21,14,60.0,2.87,-25.38,31.11,1.004,0.5,20
"[-149,-110]",HR≥-/EDG≥-/CV≤0.6/μ≥1.0/TP≥-,55.56,,0.6,1.0,,73,72,40,32,55.56,-1.27,-21.85,19.32,-0.913,0.48,25
"[-149,-110]",HR≥-/EDG≥-/CV≤0.6/μ≥1.0/TP≥50,55.71,,0.6,1.0,50.0,71,70,39,31,55.71,-1.17,-22.0,19.66,-0.822,0.458,24
"[-149,-110]",HR≥-/EDG≥-/CV≤0.5/μ≥-/TP≥-,57.48,,0.5,,,131,127,73,54,57.48,2.41,-13.0,17.81,3.054,0.654,26
"[-149,-110]",HR≥-/EDG≥-/CV≤0.5/μ≥-/TP≥50,59.35,,0.5,,50.0,127,123,73,50,59.35,5.74,-9.82,21.3,7.054,0.654,26
"[-149,-110]",HR≥-/EDG≥-/CV≤0.5/μ≥-/TP≥55,60.42,,0.5,,55.0,50,48,29,19,60.42,3.14,-20.73,27.02,1.508,0.6,25
"[-149,-110]",HR≥-/EDG≥-/CV≤0.5/μ≥0.0/TP≥-,57.73,,0.5,0.0,,100,97,56,41,57.73,2.81,-14.82,20.44,2.723,0.6,25
"[-149,-110]",HR≥-/EDG≥-/CV≤0.5/μ≥0.0/TP≥50,58.95,,0.5,0.0,50.0,98,95,56,39,58.95,4.97,-12.77,22.71,4.723,0.6,25
"[-149,-110]",HR≥-/EDG≥-/CV≤0.5/μ≥0.0/TP≥55,60.0,,0.5,0.0,55.0,36,35,21,14,60.0,2.41,-25.7,30.53,0.845,0.65,20
"[-149,-110]",HR≥-/EDG≥-/CV≤0.5/μ≥0.5/TP≥-,55.0,,0.5,0.5,,82,80,44,36,55.0,-2.32,-21.84,17.19,-1.858,0.542,24
"[-149,-110]",HR≥-/EDG≥-/CV≤0.5/μ≥0.5/TP≥50,56.41,,0.5,0.5,50.0,80,78,44,34,56.41,0.18,-19.52,19.89,0.142,0.542,24
"[-149,-110]",HR≥-/EDG≥-/CV≤0.5/μ≥0.5/TP≥55,60.0,,0.5,0.5,55.0,31,30,18,12,60.0,2.43,-28.02,32.89,0.73,0.556,18
"[-149,-110]",HR≥-/EDG≥-/CV≤0.5/μ≥1.0/TP≥-,55.0,,0.5,1.0,,61,60,33,27,55.0,-2.64,-25.16,19.87,-1.587,0.476,21
"[-149,-110]",HR≥-/EDG≥-/CV≤0.5/μ≥1.0/TP≥50,55.93,,0.5,1.0,50.0,60,59,33,26,55.93,-0.99,-23.66,21.67,-0.587,0.476,21
"[-149,-110]",HR≥-/EDG≥-/CV≤0.45/μ≥-/TP≥-,56.12,,0.45,,,102,98,55,43,56.12,-0.52,-18.06,17.02,-0.509,0.538,26
"[-149,-110]",HR≥-/EDG≥-/CV≤0.45/μ≥-/TP≥50,58.51,,0.45,,50.0,98,94,55,39,58.51,3.71,-14.07,21.5,3.491,0.538,26
"[-149,-110]",HR≥-/EDG≥-/CV≤0.45/μ≥-/TP≥55,60.0,,0.45,,55.0,42,40,24,16,60.0,2.26,-23.95,28.46,0.902,0.56,25
"[-149,-110]",HR≥-/EDG≥-/CV≤0.45/μ≥0.0/TP≥-,57.53,,0.45,0.0,,76,73,42,31,57.53,1.9,-18.36,22.15,1.385,0.52,25
"[-149,-110]",HR≥-/EDG≥-/CV≤0.45/μ≥0.0/TP≥50,59.15,,0.45,0.0,50.0,74,71,42,29,59.15,4.77,-15.66,25.2,3.385,0.56,25
"[-149,-110]",HR≥-/EDG≥-/CV≤0.45/μ≥0.5/TP≥-,53.33,,0.45,0.5,,62,60,32,28,53.33,-5.81,-28.33,16.71,-3.486,0.417,24
"[-149,-110]",HR≥-/EDG≥-/CV≤0.45/μ≥0.5/TP≥50,55.17,,0.45,0.5,50.0,60,58,32,26,55.17,-2.56,-25.4,20.28,-1.486,0.417,24
"[-149,-110]",HR≥-/EDG≥-/CV≤0.45/μ≥1.0/TP≥-,55.32,,0.45,1.0,,48,47,26,21,55.32,-2.71,-28.02,22.6,-1.274,0.476,21
"[-149,-110]",HR≥-/EDG≥-/CV≤0.45/μ≥1.0/TP≥50,56.52,,0.45,1.0,50.0,47,46,26,20,56.52,-0.59,-26.11,24.92,-0.274,0.476,21
"[-149,-110]",HR≥-/EDG≥-/CV≤0.4/μ≥-/TP≥-,61.64,,0.4,,,76,73,45,28,61.64,9.37,-10.6,29.34,6.843,0.615,26
"[-149,-110]",HR≥-/EDG≥-/CV≤0.4/μ≥-/TP≥50,64.29,,0.4,,50.0,73,70,45,25,64.29,14.06,-6.04,34.17,9.843,0.615,26
"[-149,-110]",HR≥-/EDG≥-/CV≤0.4/μ≥-/TP≥55,63.33,,0.4,,55.0,32,30,19,11,63.33,7.93,-21.96,37.83,2.38,0.619,21
"[-149,-110]",HR≥-/EDG≥-/CV≤0.4/μ≥0.0/TP≥-,66.04,,0.4,0.0,,55,53,35,18,66.04,16.99,-5.86,39.84,9.006,0.652,23
"[-149,-110]",HR≥-/EDG≥-/CV≤0.4/μ≥0.0/TP≥50,67.31,,0.4,0.0,50.0,54,52,35,17,67.31,19.24,-3.61,42.1,10.006,0.652,23
"[-149,-110]",HR≥-/EDG≥-/CV≤0.4/μ≥0.5/TP≥-,61.36,,0.4,0.5,,45,44,27,17,61.36,8.4,-17.36,34.15,3.695,0.524,21
"[-149,-110]",HR≥-/EDG≥-/CV≤0.4/μ≥0.5/TP≥50,62.79,,0.4,0.5,50.0,44,43,27,16,62.79,10.92,-14.95,36.79,4.695,0.524,21
"[-149,-110]",HR≥-/EDG≥-/CV≤0.4/μ≥1.0/TP≥-,61.11,,0.4,1.0,,37,36,22,14,61.11,7.43,-21.01,35.88,2.676,0.526,19
"[-149,-110]",HR≥-/EDG≥-/CV≤0.4/μ≥1.0/TP≥50,62.86,,0.4,1.0,50.0,36,35,22,13,62.86,10.5,-18.1,39.11,3.676,0.526,19
"[-149,-110]",HR≥-/EDG≥-5.0/CV≤-/μ≥-/TP≥-,57.05,-5.0,,,,153,149,85,64,57.05,2.11,-12.19,16.41,3.147,0.571,28
"[-149,-110]",HR≥-/EDG≥-5.0/CV≤-/μ≥-/TP≥50,57.93,-5.0,,,50.0,149,145,84,61,57.93,3.61,-10.83,18.06,5.238,0.607,28
"[-149,-110]",HR≥-/EDG≥-5.0/CV≤-/μ≥-/TP≥55,58.7,-5.0,,,55.0,47,46,27,19,58.7,0.53,-24.12,25.17,0.242,0.571,21
"[-149,-110]",HR≥-/EDG≥-5.0/CV≤-/μ≥0.0/TP≥-,57.43,-5.0,,0.0,,152,148,85,63,57.43,2.8,-11.53,17.14,4.147,0.571,28
"[-149,-110]",HR≥-/EDG≥-5.0/CV≤-/μ≥0.0/TP≥50,58.33,-5.0,,0.0,50.0,148,144,84,60,58.33,4.33,-10.15,18.81,6.238,0.607,28
"[-149,-110]",HR≥-/EDG≥-5.0/CV≤-/μ≥0.0/TP≥55,58.7,-5.0,,0.0,55.0,47,46,27,19,58.7,0.53,-24.12,25.17,0.242,0.571,21
"[-149,-110]",HR≥-/EDG≥-5.0/CV≤-/μ≥0.5/TP≥-,53.28,-5.0,,0.5,,125,122,65,57,53.28,-5.02,-20.89,10.86,-6.123,0.556,27
"[-149,-110]",HR≥-/EDG≥-5.0/CV≤-/μ≥0.5/TP≥50,54.24,-5.0,,0.5,50.0,121,118,64,54,54.24,-3.42,-19.52,12.69,-4.032,0.538,26
"[-149,-110]",HR≥-/EDG≥-5.0/CV≤-/μ≥0.5/TP≥55,57.14,-5.0,,0.5,55.0,43,42,24,18,57.14,-2.03,-28.01,23.95,-0.852,0.524,21
"[-149,-110]",HR≥-/EDG≥-5.0/CV≤-/μ≥1.0/TP≥-,54.65,-5.0,,1.0,,88,86,47,39,54.65,-2.86,-21.71,15.98,-2.463,0.48,25
"[-149,-110]",HR≥-/EDG≥-5.0/CV≤-/μ≥1.0/TP≥50,55.42,-5.0,,1.0,50.0,85,83,46,37,55.42,-1.65,-20.78,17.47,-1.372,0.5,24
"[-149,-110]",HR≥-/EDG≥-5.0/CV≤-/μ≥1.0/TP≥55,66.67,-5.0,,1.0,55.0,31,30,20,10,66.67,13.92,-15.41,43.24,4.175,0.579,19
"[-149,-110]",HR≥-/EDG≥-5.0/CV≤0.7/μ≥-/TP≥-,56.52,-5.0,0.7,,,142,138,78,60,56.52,1.1,-13.77,15.98,1.521,0.571,28
"[-149,-110]",HR≥-/EDG≥-5.0/CV≤0.7/μ≥-/TP≥50,57.46,-5.0,0.7,,50.0,138,134,77,57,57.46,2.7,-12.35,17.74,3.612,0.607,28
"[-149,-110]",HR≥-/EDG≥-5.0/CV≤0.7/μ≥-/TP≥55,61.54,-5.0,0.7,,55.0,40,39,24,15,61.54,5.38,-21.12,31.88,2.098,0.6,20
"[-149,-110]",HR≥-/EDG≥-5.0/CV≤0.7/μ≥0.0/TP≥-,56.93,-5.0,0.7,0.0,,141,137,78,59,56.93,1.84,-13.07,16.75,2.521,0.571,28
"[-149,-110]",HR≥-/EDG≥-5.0/CV≤0.7/μ≥0.0/TP≥50,57.89,-5.0,0.7,0.0,50.0,137,133,77,56,57.89,3.47,-11.61,18.55,4.612,0.607,28
"[-149,-110]",HR≥-/EDG≥-5.0/CV≤0.7/μ≥0.0/TP≥55,61.54,-5.0,0.7,0.0,55.0,40,39,24,15,61.54,5.38,-21.12,31.88,2.098,0.6,20
"[-149,-110]",HR≥-/EDG≥-5.0/CV≤0.7/μ≥0.5/TP≥-,52.25,-5.0,0.7,0.5,,114,111,58,53,52.25,-6.98,-23.62,9.66,-7.749,0.519,27
"[-149,-110]",HR≥-/EDG≥-5.0/CV≤0.7/μ≥0.5/TP≥50,53.27,-5.0,0.7,0.5,50.0,110,107,57,50,53.27,-5.29,-22.2,11.62,-5.659,0.5,26
"[-149,-110]",HR≥-/EDG≥-5.0/CV≤0.7/μ≥0.5/TP≥55,60.0,-5.0,0.7,0.5,55.0,36,35,21,14,60.0,2.87,-25.38,31.11,1.004,0.5,20
"[-149,-110]",HR≥-/EDG≥-5.0/CV≤0.7/μ≥1.0/TP≥-,53.85,-5.0,0.7,1.0,,80,78,42,36,53.85,-4.29,-24.12,15.54,-3.347,0.44,25
"[-149,-110]",HR≥-/EDG≥-5.0/CV≤0.7/μ≥1.0/TP≥50,54.67,-5.0,0.7,1.0,50.0,77,75,41,34,54.67,-3.01,-23.17,17.15,-2.256,0.458,24
"[-149,-110]",HR≥-/EDG≥-5.0/CV≤0.6/μ≥-/TP≥-,57.72,-5.0,0.6,,,126,123,71,52,57.72,3.23,-12.48,18.94,3.972,0.593,27
"[-149,-110]",HR≥-/EDG≥-5.0/CV≤0.6/μ≥-/TP≥50,58.33,-5.0,0.6,,50.0,123,120,70,50,58.33,4.22,-11.64,20.07,5.063,0.577,26
"[-149,-110]",HR≥-/EDG≥-5.0/CV≤0.6/μ≥-/TP≥55,61.54,-5.0,0.6,,55.0,40,39,24,15,61.54,5.38,-21.12,31.88,2.098,0.6,20
"[-149,-110]",HR≥-/EDG≥-5.0/CV≤0.6/μ≥0.0/TP≥-,58.2,-5.0,0.6,0.0,,125,122,71,51,58.2,4.08,-11.67,19.82,4.972,0.593,27
"[-149,-110]",HR≥-/EDG≥-5.0/CV≤0.6/μ≥0.0/TP≥50,58.82,-5.0,0.6,0.0,50.0,122,119,70,49,58.82,5.1,-10.8,20.99,6.063,0.577,26
"[-149,-110]",HR≥-/EDG≥-5.0/CV≤0.6/μ≥0.0/TP≥55,61.54,-5.0,0.6,0.0,55.0,40,39,24,15,61.54,5.38,-21.12,31.88,2.098,0.6,20
"[-149,-110]",HR≥-/EDG≥-5.0/CV≤0.6/μ≥0.5/TP≥-,53.47,-5.0,0.6,0.5,,103,101,54,47,53.47,-4.84,-22.27,12.59,-4.89,0.481,27
"[-149,-110]",HR≥-/EDG≥-5.0/CV≤0.6/μ≥0.5/TP≥50,54.08,-5.0,0.6,0.5,50.0,100,98,53,45,54.08,-3.88,-21.53,13.78,-3.799,0.462,26
"[-149,-110]",HR≥-/EDG≥-5.0/CV≤0.6/μ≥0.5/TP≥55,60.0,-5.0,0.6,0.5,55.0,36,35,21,14,60.0,2.87,-25.38,31.11,1.004,0.5,20
"[-149,-110]",HR≥-/EDG≥-5.0/CV≤0.6/μ≥1.0/TP≥-,55.56,-5.0,0.6,1.0,,73,72,40,32,55.56,-1.27,-21.85,19.32,-0.913,0.48,25
"[-149,-110]",HR≥-/EDG≥-5.0/CV≤0.6/μ≥1.0/TP≥50,55.71,-5.0,0.6,1.0,50.0,71,70,39,31,55.71,-1.17,-22.0,19.66,-0.822,0.458,24
"[-149,-110]",HR≥-/EDG≥-5.0/CV≤0.5/μ≥-/TP≥-,57.29,-5.0,0.5,,,99,96,55,41,57.29,2.07,-15.68,19.82,1.988,0.56,25
"[-149,-110]",HR≥-/EDG≥-5.0/CV≤0.5/μ≥-/TP≥50,58.51,-5.0,0.5,,50.0,97,94,55,39,58.51,4.24,-13.63,22.12,3.988,0.56,25
"[-149,-110]",HR≥-/EDG≥-5.0/CV≤0.5/μ≥-/TP≥55,60.61,-5.0,0.5,,55.0,34,33,20,13,60.61,3.36,-25.52,32.25,1.11,0.667,18
"[-149,-110]",HR≥-/EDG≥-5.0/CV≤0.5/μ≥0.0/TP≥-,57.89,-5.0,0.5,0.0,,98,95,55,40,57.89,3.14,-14.67,20.96,2.988,0.56,25
"[-149,-110]",HR≥-/EDG≥-5.0/CV≤0.5/μ≥0.0/TP≥50,59.14,-5.0,0.5,0.0,50.0,96,93,55,38,59.14,5.36,-12.57,23.29,4.988,0.56,25
"[-149,-110]",HR≥-/EDG≥-5.0/CV≤0.5/μ≥0.0/TP≥55,60.61,-5.0,0.5,0.0,55.0,34,33,20,13,60.61,3.36,-25.52,32.25,1.11,0.667,18
"[-149,-110]",HR≥-/EDG≥-5.0/CV≤0.5/μ≥0.5/TP≥-,55.0,-5.0,0.5,0.5,,82,80,44,36,55.0,-2.32,-21.84,17.19,-1.858,0.542,24
"[-149,-110]",HR≥-/EDG≥-5.0/CV≤0.5/μ≥0.5/TP≥50,56.41,-5.0,0.5,0.5,50.0,80,78,44,34,56.41,0.18,-19.52,19.89,0.142,0.542,24
"[-149,-110]",HR≥-/EDG≥-5.0/CV≤0.5/μ≥0.5/TP≥55,60.0,-5.0,0.5,0.5,55.0,31,30,18,12,60.0,2.43,-28.02,32.89,0.73,0.556,18
"[-149,-110]",HR≥-/EDG≥-5.0/CV≤0.5/μ≥1.0/TP≥-,55.0,-5.0,0.5,1.0,,61,60,33,27,55.0,-2.64,-25.16,19.87,-1.587,0.476,21
"[-149,-110]",HR≥-/EDG≥-5.0/CV≤0.5/μ≥1.0/TP≥50,55.93,-5.0,0.5,1.0,50.0,60,59,33,26,55.93,-0.99,-23.66,21.67,-0.587,0.476,21
"[-149,-110]",HR≥-/EDG≥-5.0/CV≤0.45/μ≥-/TP≥-,56.94,-5.0,0.45,,,75,72,41,31,56.94,0.9,-19.54,21.35,0.65,0.48,25
"[-149,-110]",HR≥-/EDG≥-5.0/CV≤0.45/μ≥-/TP≥50,58.57,-5.0,0.45,,50.0,73,70,41,29,58.57,3.79,-16.85,24.42,2.65,0.52,25
"[-149,-110]",HR≥-/EDG≥-5.0/CV≤0.45/μ≥0.0/TP≥-,57.75,-5.0,0.45,0.0,,74,71,41,30,57.75,2.32,-18.22,22.86,1.65,0.48,25
"[-149,-110]",HR≥-/EDG≥-5.0/CV≤0.45/μ≥0.0/TP≥50,59.42,-5.0,0.45,0.0,50.0,72,69,41,28,59.42,5.29,-15.43,26.01,3.65,0.52,25
"[-149,-110]",HR≥-/EDG≥-5.0/CV≤0.45/μ≥0.5/TP≥-,53.33,-5.0,0.45,0.5,,62,60,32,28,53.33,-5.81,-28.33,16.71,-3.486,0.417,24
"[-149,-110]",HR≥-/EDG≥-5.0/CV≤0.45/μ≥0.5/TP≥50,55.17,-5.0,0.45,0.5,50.0,60,58,32,26,55.17,-2.56,-25.4,20.28,-1.486,0.417,24
"[-149,-110]",HR≥-/EDG≥-5.0/CV≤0.45/μ≥1.0/TP≥-,55.32,-5.0,0.45,1.0,,48,47,26,21,55.32,-2.71,-28.02,22.6,-1.274,0.476,21
"[-149,-110]",HR≥-/EDG≥-5.0/CV≤0.45/μ≥1.0/TP≥50,56.52,-5.0,0.45,1.0,50.0,47,46,26,20,56.52,-0.59,-26.11,24.92,-0.274,0.476,21
"[-149,-110]",HR≥-/EDG≥-5.0/CV≤0.4/μ≥-/TP≥-,66.67,-5.0,0.4,,,53,51,34,17,66.67,18.18,-5.03,41.39,9.271,0.609,23
"[-149,-110]",HR≥-/EDG≥-5.0/CV≤0.4/μ≥-/TP≥50,68.0,-5.0,0.4,,50.0,52,50,34,16,68.0,20.54,-2.66,43.75,10.271,0.609,23
"[-149,-110]",HR≥-/EDG≥-5.0/CV≤0.4/μ≥0.0/TP≥-,66.67,-5.0,0.4,0.0,,53,51,34,17,66.67,18.18,-5.03,41.39,9.271,0.609,23
"[-149,-110]",HR≥-/EDG≥-5.0/CV≤0.4/μ≥0.0/TP≥50,68.0,-5.0,0.4,0.0,50.0,52,50,34,16,68.0,20.54,-2.66,43.75,10.271,0.609,23
"[-149,-110]",HR≥-/EDG≥-5.0/CV≤0.4/μ≥0.5/TP≥-,61.36,-5.0,0.4,0.5,,45,44,27,17,61.36,8.4,-17.36,34.15,3.695,0.524,21
"[-149,-110]",HR≥-/EDG≥-5.0/CV≤0.4/μ≥0.5/TP≥50,62.79,-5.0,0.4,0.5,50.0,44,43,27,16,62.79,10.92,-14.95,36.79,4.695,0.524,21
"[-149,-110]",HR≥-/EDG≥-5.0/CV≤0.4/μ≥1.0/TP≥-,61.11,-5.0,0.4,1.0,,37,36,22,14,61.11,7.43,-21.01,35.88,2.676,0.526,19
"[-149,-110]",HR≥-/EDG≥-5.0/CV≤0.4/μ≥1.0/TP≥50,62.86,-5.0,0.4,1.0,50.0,36,35,22,13,62.86,10.5,-18.1,39.11,3.676,0.526,19
"[-149,-110]",HR≥-/EDG≥0.0/CV≤-/μ≥-/TP≥-,56.3,0.0,,,,139,135,76,59,56.3,0.82,-14.25,15.88,1.103,0.607,28
"[-149,-110]",HR≥-/EDG≥0.0/CV≤-/μ≥-/TP≥50,57.25,0.0,,,50.0,135,131,75,56,57.25,2.44,-12.81,17.68,3.194,0.643,28
"[-149,-110]",HR≥-/EDG≥0.0/CV≤-/μ≥-/TP≥55,58.54,0.0,,,55.0,42,41,24,17,58.54,0.36,-25.83,26.55,0.148,0.524,21
"[-149,-110]",HR≥-/EDG≥0.0/CV≤-/μ≥0.0/TP≥-,56.3,0.0,,0.0,,139,135,76,59,56.3,0.82,-14.25,15.88,1.103,0.607,28
"[-149,-110]",HR≥-/EDG≥0.0/CV≤-/μ≥0.0/TP≥50,57.25,0.0,,0.0,50.0,135,131,75,56,57.25,2.44,-12.81,17.68,3.194,0.643,28
"[-149,-110]",HR≥-/EDG≥0.0/CV≤-/μ≥0.0/TP≥55,58.54,0.0,,0.0,55.0,42,41,24,17,58.54,0.36,-25.83,26.55,0.148,0.524,21
"[-149,-110]",HR≥-/EDG≥0.0/CV≤-/μ≥0.5/TP≥-,53.72,0.0,,0.5,,124,121,65,56,53.72,-4.23,-20.17,11.7,-5.123,0.556,27
"[-149,-110]",HR≥-/EDG≥0.0/CV≤-/μ≥0.5/TP≥50,54.7,0.0,,0.5,50.0,120,117,64,53,54.7,-2.59,-18.75,13.57,-3.032,0.538,26
"[-149,-110]",HR≥-/EDG≥0.0/CV≤-/μ≥0.5/TP≥55,58.54,0.0,,0.5,55.0,42,41,24,17,58.54,0.36,-25.83,26.55,0.148,0.524,21
"[-149,-110]",HR≥-/EDG≥0.0/CV≤-/μ≥1.0/TP≥-,54.65,0.0,,1.0,,88,86,47,39,54.65,-2.86,-21.71,15.98,-2.463,0.48,25
"[-149,-110]",HR≥-/EDG≥0.0/CV≤-/μ≥1.0/TP≥50,55.42,0.0,,1.0,50.0,85,83,46,37,55.42,-1.65,-20.78,17.47,-1.372,0.5,24
"[-149,-110]",HR≥-/EDG≥0.0/CV≤-/μ≥1.0/TP≥55,66.67,0.0,,1.0,55.0,31,30,20,10,66.67,13.92,-15.41,43.24,4.175,0.579,19
"[-149,-110]",HR≥-/EDG≥0.0/CV≤0.7/μ≥-/TP≥-,55.65,0.0,0.7,,,128,124,69,55,55.65,-0.42,-16.16,15.32,-0.523,0.571,28
"[-149,-110]",HR≥-/EDG≥0.0/CV≤0.7/μ≥-/TP≥50,56.67,0.0,0.7,,50.0,124,120,68,52,56.67,1.31,-14.64,17.25,1.568,0.607,28
"[-149,-110]",HR≥-/EDG≥0.0/CV≤0.7/μ≥-/TP≥55,61.76,0.0,0.7,,55.0,35,34,21,13,61.76,5.89,-22.55,34.34,2.004,0.526,19
"[-149,-110]",HR≥-/EDG≥0.0/CV≤0.7/μ≥0.0/TP≥-,55.65,0.0,0.7,0.0,,128,124,69,55,55.65,-0.42,-16.16,15.32,-0.523,0.571,28
"[-149,-110]",HR≥-/EDG≥0.0/CV≤0.7/μ≥0.0/TP≥50,56.67,0.0,0.7,0.0,50.0,124,120,68,52,56.67,1.31,-14.64,17.25,1.568,0.607,28
"[-149,-110]",HR≥-/EDG≥0.0/CV≤0.7/μ≥0.0/TP≥55,61.76,0.0,0.7,0.0,55.0,35,34,21,13,61.76,5.89,-22.55,34.34,2.004,0.526,19
"[-149,-110]",HR≥-/EDG≥0.0/CV≤0.7/μ≥0.5/TP≥-,52.73,0.0,0.7,0.5,,113,110,58,52,52.73,-6.14,-22.85,10.58,-6.749,0.519,27
"[-149,-110]",HR≥-/EDG≥0.0/CV≤0.7/μ≥0.5/TP≥50,53.77,0.0,0.7,0.5,50.0,109,106,57,49,53.77,-4.39,-21.38,12.59,-4.659,0.5,26
"[-149,-110]",HR≥-/EDG≥0.0/CV≤0.7/μ≥0.5/TP≥55,61.76,0.0,0.7,0.5,55.0,35,34,21,13,61.76,5.89,-22.55,34.34,2.004,0.526,19
"[-149,-110]",HR≥-/EDG≥0.0/CV≤0.7/μ≥1.0/TP≥-,53.85,0.0,0.7,1.0,,80,78,42,36,53.85,-4.29,-24.12,15.54,-3.347,0.44,25
"[-149,-110]",HR≥-/EDG≥0.0/CV≤0.7/μ≥1.0/TP≥50,54.67,0.0,0.7,1.0,50.0,77,75,41,34,54.67,-3.01,-23.17,17.15,-2.256,0.458,24
"[-149,-110]",HR≥-/EDG≥0.0/CV≤0.6/μ≥-/TP≥-,55.86,0.0,0.6,,,114,111,62,49,55.86,-0.06,-16.7,16.57,-0.072,0.556,27
"[-149,-110]",HR≥-/EDG≥0.0/CV≤0.6/μ≥-/TP≥50,56.48,0.0,0.6,,50.0,111,108,61,47,56.48,0.94,-15.88,17.76,1.019,0.538,26
"[-149,-110]",HR≥-/EDG≥0.0/CV≤0.6/μ≥-/TP≥55,61.76,0.0,0.6,,55.0,35,34,21,13,61.76,5.89,-22.55,34.34,2.004,0.526,19
"[-149,-110]",HR≥-/EDG≥0.0/CV≤0.6/μ≥0.0/TP≥-,55.86,0.0,0.6,0.0,,114,111,62,49,55.86,-0.06,-16.7,16.57,-0.072,0.556,27
"[-149,-110]",HR≥-/EDG≥0.0/CV≤0.6/μ≥0.0/TP≥50,56.48,0.0,0.6,0.0,50.0,111,108,61,47,56.48,0.94,-15.88,17.76,1.019,0.538,26
"[-149,-110]",HR≥-/EDG≥0.0/CV≤0.6/μ≥0.0/TP≥55,61.76,0.0,0.6,0.0,55.0,35,34,21,13,61.76,5.89,-22.55,34.34,2.004,0.526,19
"[-149,-110]",HR≥-/EDG≥0.0/CV≤0.6/μ≥0.5/TP≥-,54.0,0.0,0.6,0.5,,102,100,54,46,54.0,-3.89,-21.39,13.61,-3.89,0.519,27
"[-149,-110]",HR≥-/EDG≥0.0/CV≤0.6/μ≥0.5/TP≥50,54.64,0.0,0.6,0.5,50.0,99,97,53,44,54.64,-2.89,-20.62,14.85,-2.799,0.5,26
"[-149,-110]",HR≥-/EDG≥0.0/CV≤0.6/μ≥0.5/TP≥55,61.76,0.0,0.6,0.5,55.0,35,34,21,13,61.76,5.89,-22.55,34.34,2.004,0.526,19
"[-149,-110]",HR≥-/EDG≥0.0/CV≤0.6/μ≥1.0/TP≥-,55.56,0.0,0.6,1.0,,73,72,40,32,55.56,-1.27,-21.85,19.32,-0.913,0.48,25
"[-149,-110]",HR≥-/EDG≥0.0/CV≤0.6/μ≥1.0/TP≥50,55.71,0.0,0.6,1.0,50.0,71,70,39,31,55.71,-1.17,-22.0,19.66,-0.822,0.458,24
"[-149,-110]",HR≥-/EDG≥0.0/CV≤0.5/μ≥-/TP≥-,55.17,0.0,0.5,,,90,87,48,39,55.17,-1.77,-20.52,16.97,-1.542,0.48,25
"[-149,-110]",HR≥-/EDG≥0.0/CV≤0.5/μ≥-/TP≥50,56.47,0.0,0.5,,50.0,88,85,48,37,56.47,0.54,-18.37,19.45,0.458,0.48,25
"[-149,-110]",HR≥-/EDG≥0.0/CV≤0.5/μ≥-/TP≥55,60.0,0.0,0.5,,55.0,31,30,18,12,60.0,2.43,-28.02,32.89,0.73,0.556,18
"[-149,-110]",HR≥-/EDG≥0.0/CV≤0.5/μ≥0.0/TP≥-,55.17,0.0,0.5,0.0,,90,87,48,39,55.17,-1.77,-20.52,16.97,-1.542,0.48,25
"[-149,-110]",HR≥-/EDG≥0.0/CV≤0.5/μ≥0.0/TP≥50,56.47,0.0,0.5,0.0,50.0,88,85,48,37,56.47,0.54,-18.37,19.45,0.458,0.48,25
"[-149,-110]",HR≥-/EDG≥0.0/CV≤0.5/μ≥0.0/TP≥55,60.0,0.0,0.5,0.0,55.0,31,30,18,12,60.0,2.43,-28.02,32.89,0.73,0.556,18
"[-149,-110]",HR≥-/EDG≥0.0/CV≤0.5/μ≥0.5/TP≥-,55.0,0.0,0.5,0.5,,82,80,44,36,55.0,-2.32,-21.84,17.19,-1.858,0.542,24
"[-149,-110]",HR≥-/EDG≥0.0/CV≤0.5/μ≥0.5/TP≥50,56.41,0.0,0.5,0.5,50.0,80,78,44,34,56.41,0.18,-19.52,19.89,0.142,0.542,24
"[-149,-110]",HR≥-/EDG≥0.0/CV≤0.5/μ≥0.5/TP≥55,60.0,0.0,0.5,0.5,55.0,31,30,18,12,60.0,2.43,-28.02,32.89,0.73,0.556,18
"[-149,-110]",HR≥-/EDG≥0.0/CV≤0.5/μ≥1.0/TP≥-,55.0,0.0,0.5,1.0,,61,60,33,27,55.0,-2.64,-25.16,19.87,-1.587,0.476,21
"[-149,-110]",HR≥-/EDG≥0.0/CV≤0.5/μ≥1.0/TP≥50,55.93,0.0,0.5,1.0,50.0,60,59,33,26,55.93,-0.99,-23.66,21.67,-0.587,0.476,21
"[-149,-110]",HR≥-/EDG≥0.0/CV≤0.45/μ≥-/TP≥-,53.85,0.0,0.45,,,68,65,35,30,53.85,-4.69,-26.34,16.96,-3.047,0.44,25
"[-149,-110]",HR≥-/EDG≥0.0/CV≤0.45/μ≥-/TP≥50,55.56,0.0,0.45,,50.0,66,63,35,28,55.56,-1.66,-23.59,20.27,-1.047,0.48,25
"[-149,-110]",HR≥-/EDG≥0.0/CV≤0.45/μ≥0.0/TP≥-,53.85,0.0,0.45,0.0,,68,65,35,30,53.85,-4.69,-26.34,16.96,-3.047,0.44,25
"[-149,-110]",HR≥-/EDG≥0.0/CV≤0.45/μ≥0.0/TP≥50,55.56,0.0,0.45,0.0,50.0,66,63,35,28,55.56,-1.66,-23.59,20.27,-1.047,0.48,25
"[-149,-110]",HR≥-/EDG≥0.0/CV≤0.45/μ≥0.5/TP≥-,53.33,0.0,0.45,0.5,,62,60,32,28,53.33,-5.81,-28.33,16.71,-3.486,0.417,24
"[-149,-110]",HR≥-/EDG≥0.0/CV≤0.45/μ≥0.5/TP≥50,55.17,0.0,0.45,0.5,50.0,60,58,32,26,55.17,-2.56,-25.4,20.28,-1.486,0.417,24
"[-149,-110]",HR≥-/EDG≥0.0/CV≤0.45/μ≥1.0/TP≥-,55.32,0.0,0.45,1.0,,48,47,26,21,55.32,-2.71,-28.02,22.6,-1.274,0.476,21
"[-149,-110]",HR≥-/EDG≥0.0/CV≤0.45/μ≥1.0/TP≥50,56.52,0.0,0.45,1.0,50.0,47,46,26,20,56.52,-0.59,-26.11,24.92,-0.274,0.476,21
"[-149,-110]",HR≥-/EDG≥0.0/CV≤0.4/μ≥-/TP≥-,63.83,0.0,0.4,,,49,47,30,17,63.83,13.05,-11.59,37.69,6.134,0.591,22
"[-149,-110]",HR≥-/EDG≥0.0/CV≤0.4/μ≥-/TP≥50,65.22,0.0,0.4,,50.0,48,46,30,16,65.22,15.51,-9.19,40.2,7.134,0.591,22
"[-149,-110]",HR≥-/EDG≥0.0/CV≤0.4/μ≥0.0/TP≥-,63.83,0.0,0.4,0.0,,49,47,30,17,63.83,13.05,-11.59,37.69,6.134,0.591,22
"[-149,-110]",HR≥-/EDG≥0.0/CV≤0.4/μ≥0.0/TP≥50,65.22,0.0,0.4,0.0,50.0,48,46,30,16,65.22,15.51,-9.19,40.2,7.134,0.591,22
"[-149,-110]",HR≥-/EDG≥0.0/CV≤0.4/μ≥0.5/TP≥-,61.36,0.0,0.4,0.5,,45,44,27,17,61.36,8.4,-17.36,34.15,3.695,0.524,21
"[-149,-110]",HR≥-/EDG≥0.0/CV≤0.4/μ≥0.5/TP≥50,62.79,0.0,0.4,0.5,50.0,44,43,27,16,62.79,10.92,-14.95,36.79,4.695,0.524,21
"[-149,-110]",HR≥-/EDG≥0.0/CV≤0.4/μ≥1.0/TP≥-,61.11,0.0,0.4,1.0,,37,36,22,14,61.11,7.43,-21.01,35.88,2.676,0.526,19
"[-149,-110]",HR≥-/EDG≥0.0/CV≤0.4/μ≥1.0/TP≥50,62.86,0.0,0.4,1.0,50.0,36,35,22,13,62.86,10.5,-18.1,39.11,3.676,0.526,19
"[-149,-110]",HR≥-/EDG≥5.0/CV≤-/μ≥-/TP≥-,56.25,5.0,,,,116,112,63,49,56.25,0.35,-16.15,16.84,0.387,0.481,27
"[-149,-110]",HR≥-/EDG≥5.0/CV≤-/μ≥-/TP≥50,57.41,5.0,,,50.0,112,108,62,46,57.41,2.29,-14.43,19.02,2.478,0.462,26
"[-149,-110]",HR≥-/EDG≥5.0/CV≤-/μ≥-/TP≥55,65.71,5.0,,,55.0,36,35,23,12,65.71,12.74,-14.65,40.12,4.459,0.55,20
"[-149,-110]",HR≥-/EDG≥5.0/CV≤-/μ≥0.0/TP≥-,56.25,5.0,,0.0,,116,112,63,49,56.25,0.35,-16.15,16.84,0.387,0.481,27
"[-149,-110]",HR≥-/EDG≥5.0/CV≤-/μ≥0.0/TP≥50,57.41,5.0,,0.0,50.0,112,108,62,46,57.41,2.29,-14.43,19.02,2.478,0.462,26
"[-149,-110]",HR≥-/EDG≥5.0/CV≤-/μ≥0.0/TP≥55,65.71,5.0,,0.0,55.0,36,35,23,12,65.71,12.74,-14.65,40.12,4.459,0.55,20
"[-149,-110]",HR≥-/EDG≥5.0/CV≤-/μ≥0.5/TP≥-,56.25,5.0,,0.5,,115,112,63,49,56.25,0.35,-16.15,16.84,0.387,0.481,27
"[-149,-110]",HR≥-/EDG≥5.0/CV≤-/μ≥0.5/TP≥50,57.41,5.0,,0.5,50.0,111,108,62,46,57.41,2.29,-14.43,19.02,2.478,0.462,26
"[-149,-110]",HR≥-/EDG≥5.0/CV≤-/μ≥0.5/TP≥55,65.71,5.0,,0.5,55.0,36,35,23,12,65.71,12.74,-14.65,40.12,4.459,0.55,20
"[-149,-110]",HR≥-/EDG≥5.0/CV≤-/μ≥1.0/TP≥-,54.65,5.0,,1.0,,88,86,47,39,54.65,-2.86,-21.71,15.98,-2.463,0.48,25
"[-149,-110]",HR≥-/EDG≥5.0/CV≤-/μ≥1.0/TP≥50,55.42,5.0,,1.0,50.0,85,83,46,37,55.42,-1.65,-20.78,17.47,-1.372,0.5,24
"[-149,-110]",HR≥-/EDG≥5.0/CV≤-/μ≥1.0/TP≥55,66.67,5.0,,1.0,55.0,31,30,20,10,66.67,13.92,-15.41,43.24,4.175,0.579,19
"[-149,-110]",HR≥-/EDG≥5.0/CV≤0.7/μ≥-/TP≥-,54.9,5.0,0.7,,,106,102,56,46,54.9,-2.2,-19.51,15.12,-2.239,0.481,27
"[-149,-110]",HR≥-/EDG≥5.0/CV≤0.7/μ≥-/TP≥50,56.12,5.0,0.7,,50.0,102,98,55,43,56.12,-0.15,-17.75,17.45,-0.148,0.462,26
"[-149,-110]",HR≥-/EDG≥5.0/CV≤0.7/μ≥0.0/TP≥-,54.9,5.0,0.7,0.0,,106,102,56,46,54.9,-2.2,-19.51,15.12,-2.239,0.481,27
"[-149,-110]",HR≥-/EDG≥5.0/CV≤0.7/μ≥0.0/TP≥50,56.12,5.0,0.7,0.0,50.0,102,98,55,43,56.12,-0.15,-17.75,17.45,-0.148,0.462,26
"[-149,-110]",HR≥-/EDG≥5.0/CV≤0.7/μ≥0.5/TP≥-,54.9,5.0,0.7,0.5,,105,102,56,46,54.9,-2.2,-19.51,15.12,-2.239,0.481,27
"[-149,-110]",HR≥-/EDG≥5.0/CV≤0.7/μ≥0.5/TP≥50,56.12,5.0,0.7,0.5,50.0,101,98,55,43,56.12,-0.15,-17.75,17.45,-0.148,0.462,26
"[-149,-110]",HR≥-/EDG≥5.0/CV≤0.7/μ≥1.0/TP≥-,53.85,5.0,0.7,1.0,,80,78,42,36,53.85,-4.29,-24.12,15.54,-3.347,0.44,25
"[-149,-110]",HR≥-/EDG≥5.0/CV≤0.7/μ≥1.0/TP≥50,54.67,5.0,0.7,1.0,50.0,77,75,41,34,54.67,-3.01,-23.17,17.15,-2.256,0.458,24
"[-149,-110]",HR≥-/EDG≥5.0/CV≤0.6/μ≥-/TP≥-,56.52,5.0,0.6,,,95,92,52,40,56.52,0.67,-17.5,18.85,0.621,0.481,27
"[-149,-110]",HR≥-/EDG≥5.0/CV≤0.6/μ≥-/TP≥50,57.3,5.0,0.6,,50.0,92,89,51,38,57.3,1.92,-16.49,20.34,1.712,0.462,26
"[-149,-110]",HR≥-/EDG≥5.0/CV≤0.6/μ≥0.0/TP≥-,56.52,5.0,0.6,0.0,,95,92,52,40,56.52,0.67,-17.5,18.85,0.621,0.481,27
"[-149,-110]",HR≥-/EDG≥5.0/CV≤0.6/μ≥0.0/TP≥50,57.3,5.0,0.6,0.0,50.0,92,89,51,38,57.3,1.92,-16.49,20.34,1.712,0.462,26
"[-149,-110]",HR≥-/EDG≥5.0/CV≤0.6/μ≥0.5/TP≥-,56.52,5.0,0.6,0.5,,94,92,52,40,56.52,0.67,-17.5,18.85,0.621,0.481,27
"[-149,-110]",HR≥-/EDG≥5.0/CV≤0.6/μ≥0.5/TP≥50,57.3,5.0,0.6,0.5,50.0,91,89,51,38,57.3,1.92,-16.49,20.34,1.712,0.462,26
"[-149,-110]",HR≥-/EDG≥5.0/CV≤0.6/μ≥1.0/TP≥-,55.56,5.0,0.6,1.0,,73,72,40,32,55.56,-1.27,-21.85,19.32,-0.913,0.48,25
"[-149,-110]",HR≥-/EDG≥5.0/CV≤0.6/μ≥1.0/TP≥50,55.71,5.0,0.6,1.0,50.0,71,70,39,31,55.71,-1.17,-22.0,19.66,-0.822,0.458,24
"[-149,-110]",HR≥-/EDG≥5.0/CV≤0.5/μ≥-/TP≥-,57.53,5.0,0.5,,,76,73,42,31,57.53,2.26,-18.07,22.59,1.652,0.542,24
"[-149,-110]",HR≥-/EDG≥5.0/CV≤0.5/μ≥-/TP≥50,59.15,5.0,0.5,,50.0,74,71,42,29,59.15,5.14,-15.36,25.65,3.652,0.542,24
"[-149,-110]",HR≥-/EDG≥5.0/CV≤0.5/μ≥0.0/TP≥-,57.53,5.0,0.5,0.0,,76,73,42,31,57.53,2.26,-18.07,22.59,1.652,0.542,24
"[-149,-110]",HR≥-/EDG≥5.0/CV≤0.5/μ≥0.0/TP≥50,59.15,5.0,0.5,0.0,50.0,74,71,42,29,59.15,5.14,-15.36,25.65,3.652,0.542,24
"[-149,-110]",HR≥-/EDG≥5.0/CV≤0.5/μ≥0.5/TP≥-,57.53,5.0,0.5,0.5,,75,73,42,31,57.53,2.26,-18.07,22.59,1.652,0.542,24
"[-149,-110]",HR≥-/EDG≥5.0/CV≤0.5/μ≥0.5/TP≥50,59.15,5.0,0.5,0.5,50.0,73,71,42,29,59.15,5.14,-15.36,25.65,3.652,0.542,24
"[-149,-110]",HR≥-/EDG≥5.0/CV≤0.5/μ≥1.0/TP≥-,55.0,5.0,0.5,1.0,,61,60,33,27,55.0,-2.64,-25.16,19.87,-1.587,0.476,21
"[-149,-110]",HR≥-/EDG≥5.0/CV≤0.5/μ≥1.0/TP≥50,55.93,5.0,0.5,1.0,50.0,60,59,33,26,55.93,-0.99,-23.66,21.67,-0.587,0.476,21
"[-149,-110]",HR≥-/EDG≥5.0/CV≤0.45/μ≥-/TP≥-,57.14,5.0,0.45,,,59,56,32,24,57.14,0.92,-22.22,24.05,0.514,0.5,24
"[-149,-110]",HR≥-/EDG≥5.0/CV≤0.45/μ≥-/TP≥50,59.26,5.0,0.45,,50.0,57,54,32,22,59.26,4.66,-18.75,28.06,2.514,0.5,24
"[-149,-110]",HR≥-/EDG≥5.0/CV≤0.45/μ≥0.0/TP≥-,57.14,5.0,0.45,0.0,,59,56,32,24,57.14,0.92,-22.22,24.05,0.514,0.5,24
"[-149,-110]",HR≥-/EDG≥5.0/CV≤0.45/μ≥0.0/TP≥50,59.26,5.0,0.45,0.0,50.0,57,54,32,22,59.26,4.66,-18.75,28.06,2.514,0.5,24
"[-149,-110]",HR≥-/EDG≥5.0/CV≤0.45/μ≥0.5/TP≥-,57.14,5.0,0.45,0.5,,58,56,32,24,57.14,0.92,-22.22,24.05,0.514,0.5,24
"[-149,-110]",HR≥-/EDG≥5.0/CV≤0.45/μ≥0.5/TP≥50,59.26,5.0,0.45,0.5,50.0,56,54,32,22,59.26,4.66,-18.75,28.06,2.514,0.5,24
"[-149,-110]",HR≥-/EDG≥5.0/CV≤0.45/μ≥1.0/TP≥-,55.32,5.0,0.45,1.0,,48,47,26,21,55.32,-2.71,-28.02,22.6,-1.274,0.476,21
"[-149,-110]",HR≥-/EDG≥5.0/CV≤0.45/μ≥1.0/TP≥50,56.52,5.0,0.45,1.0,50.0,47,46,26,20,56.52,-0.59,-26.11,24.92,-0.274,0.476,21
"[-149,-110]",HR≥-/EDG≥5.0/CV≤0.4/μ≥-/TP≥-,64.29,5.0,0.4,,,44,42,27,15,64.29,13.56,-12.4,39.52,5.695,0.524,21
"[-149,-110]",HR≥-/EDG≥5.0/CV≤0.4/μ≥-/TP≥50,65.85,5.0,0.4,,50.0,43,41,27,14,65.85,16.33,-9.69,42.34,6.695,0.524,21
"[-149,-110]",HR≥-/EDG≥5.0/CV≤0.4/μ≥0.0/TP≥-,64.29,5.0,0.4,0.0,,44,42,27,15,64.29,13.56,-12.4,39.52,5.695,0.524,21
"[-149,-110]",HR≥-/EDG≥5.0/CV≤0.4/μ≥0.0/TP≥50,65.85,5.0,0.4,0.0,50.0,43,41,27,14,65.85,16.33,-9.69,42.34,6.695,0.524,21
"[-149,-110]",HR≥-/EDG≥5.0/CV≤0.4/μ≥0.5/TP≥-,64.29,5.0,0.4,0.5,,43,42,27,15,64.29,13.56,-12.4,39.52,5.695,0.524,21
"[-149,-110]",HR≥-/EDG≥5.0/CV≤0.4/μ≥0.5/TP≥50,65.85,5.0,0.4,0.5,50.0,42,41,27,14,65.85,16.33,-9.69,42.34,6.695,0.524,21
"[-149,-110]",HR≥-/EDG≥5.0/CV≤0.4/μ≥1.0/TP≥-,61.11,5.0,0.4,1.0,,37,36,22,14,61.11,7.43,-21.01,35.88,2.676,0.526,19
"[-149,-110]",HR≥-/EDG≥5.0/CV≤0.4/μ≥1.0/TP≥50,62.86,5.0,0.4,1.0,50.0,36,35,22,13,62.86,10.5,-18.1,39.11,3.676,0.526,19
"[-149,-110]",HR≥-/EDG≥10.0/CV≤-/μ≥-/TP≥-,52.13,10.0,,,,97,94,49,45,52.13,-7.25,-25.35,10.85,-6.814,0.407,27
"[-149,-110]",HR≥-/EDG≥10.0/CV≤-/μ≥-/TP≥50,53.33,10.0,,,50.0,93,90,48,42,53.33,-5.25,-23.69,13.2,-4.723,0.385,26
"[-149,-110]",HR≥-/EDG≥10.0/CV≤-/μ≥0.0/TP≥-,52.13,10.0,,0.0,,97,94,49,45,52.13,-7.25,-25.35,10.85,-6.814,0.407,27
"[-149,-110]",HR≥-/EDG≥10.0/CV≤-/μ≥0.0/TP≥50,53.33,10.0,,0.0,50.0,93,90,48,42,53.33,-5.25,-23.69,13.2,-4.723,0.385,26
"[-149,-110]",HR≥-/EDG≥10.0/CV≤-/μ≥0.5/TP≥-,52.13,10.0,,0.5,,97,94,49,45,52.13,-7.25,-25.35,10.85,-6.814,0.407,27
"[-149,-110]",HR≥-/EDG≥10.0/CV≤-/μ≥0.5/TP≥50,53.33,10.0,,0.5,50.0,93,90,48,42,53.33,-5.25,-23.69,13.2,-4.723,0.385,26
"[-149,-110]",HR≥-/EDG≥10.0/CV≤-/μ≥1.0/TP≥-,53.01,10.0,,1.0,,85,83,44,39,53.01,-5.62,-24.89,13.65,-4.668,0.417,24
"[-149,-110]",HR≥-/EDG≥10.0/CV≤-/μ≥1.0/TP≥50,53.75,10.0,,1.0,50.0,82,80,43,37,53.75,-4.47,-24.05,15.11,-3.577,0.435,23
"[-149,-110]",HR≥-/EDG≥10.0/CV≤0.7/μ≥-/TP≥-,51.72,10.0,0.7,,,90,87,45,42,51.72,-8.05,-26.86,10.76,-7.003,0.407,27
"[-149,-110]",HR≥-/EDG≥10.0/CV≤0.7/μ≥-/TP≥50,53.01,10.0,0.7,,50.0,86,83,44,39,53.01,-5.92,-25.12,13.29,-4.912,0.385,26
"[-149,-110]",HR≥-/EDG≥10.0/CV≤0.7/μ≥0.0/TP≥-,51.72,10.0,0.7,0.0,,90,87,45,42,51.72,-8.05,-26.86,10.76,-7.003,0.407,27
"[-149,-110]",HR≥-/EDG≥10.0/CV≤0.7/μ≥0.0/TP≥50,53.01,10.0,0.7,0.0,50.0,86,83,44,39,53.01,-5.92,-25.12,13.29,-4.912,0.385,26
"[-149,-110]",HR≥-/EDG≥10.0/CV≤0.7/μ≥0.5/TP≥-,51.72,10.0,0.7,0.5,,90,87,45,42,51.72,-8.05,-26.86,10.76,-7.003,0.407,27
"[-149,-110]",HR≥-/EDG≥10.0/CV≤0.7/μ≥0.5/TP≥50,53.01,10.0,0.7,0.5,50.0,86,83,44,39,53.01,-5.92,-25.12,13.29,-4.912,0.385,26
"[-149,-110]",HR≥-/EDG≥10.0/CV≤0.7/μ≥1.0/TP≥-,52.63,10.0,0.7,1.0,,78,76,40,36,52.63,-6.39,-26.53,13.75,-4.857,0.417,24
"[-149,-110]",HR≥-/EDG≥10.0/CV≤0.7/μ≥1.0/TP≥50,53.42,10.0,0.7,1.0,50.0,75,73,39,34,53.42,-5.16,-25.65,15.33,-3.766,0.435,23
"[-149,-110]",HR≥-/EDG≥10.0/CV≤0.6/μ≥-/TP≥-,53.16,10.0,0.6,,,81,79,42,37,53.16,-5.46,-25.18,14.27,-4.31,0.444,27
"[-149,-110]",HR≥-/EDG≥10.0/CV≤0.6/μ≥-/TP≥50,53.95,10.0,0.6,,50.0,78,76,41,35,53.95,-4.24,-24.3,15.83,-3.219,0.423,26
"[-149,-110]",HR≥-/EDG≥10.0/CV≤0.6/μ≥0.0/TP≥-,53.16,10.0,0.6,0.0,,81,79,42,37,53.16,-5.46,-25.18,14.27,-4.31,0.444,27
"[-149,-110]",HR≥-/EDG≥10.0/CV≤0.6/μ≥0.0/TP≥50,53.95,10.0,0.6,0.0,50.0,78,76,41,35,53.95,-4.24,-24.3,15.83,-3.219,0.423,26
"[-149,-110]",HR≥-/EDG≥10.0/CV≤0.6/μ≥0.5/TP≥-,53.16,10.0,0.6,0.5,,81,79,42,37,53.16,-5.46,-25.18,14.27,-4.31,0.444,27
"[-149,-110]",HR≥-/EDG≥10.0/CV≤0.6/μ≥0.5/TP≥50,53.95,10.0,0.6,0.5,50.0,78,76,41,35,53.95,-4.24,-24.3,15.83,-3.219,0.423,26
"[-149,-110]",HR≥-/EDG≥10.0/CV≤0.6/μ≥1.0/TP≥-,54.29,10.0,0.6,1.0,,71,70,38,32,54.29,-3.46,-24.41,17.49,-2.423,0.458,24
"[-149,-110]",HR≥-/EDG≥10.0/CV≤0.6/μ≥1.0/TP≥50,54.41,10.0,0.6,1.0,50.0,69,68,37,31,54.41,-3.43,-24.64,17.78,-2.332,0.435,23
"[-149,-110]",HR≥-/EDG≥10.0/CV≤0.5/μ≥-/TP≥-,53.85,10.0,0.5,,,67,65,35,30,53.85,-4.59,-26.27,17.09,-2.983,0.435,23
"[-149,-110]",HR≥-/EDG≥10.0/CV≤0.5/μ≥-/TP≥50,55.56,10.0,0.5,,50.0,65,63,35,28,55.56,-1.56,-23.52,20.4,-0.983,0.435,23
"[-149,-110]",HR≥-/EDG≥10.0/CV≤0.5/μ≥0.0/TP≥-,53.85,10.0,0.5,0.0,,67,65,35,30,53.85,-4.59,-26.27,17.09,-2.983,0.435,23
"[-149,-110]",HR≥-/EDG≥10.0/CV≤0.5/μ≥0.0/TP≥50,55.56,10.0,0.5,0.0,50.0,65,63,35,28,55.56,-1.56,-23.52,20.4,-0.983,0.435,23
"[-149,-110]",HR≥-/EDG≥10.0/CV≤0.5/μ≥0.5/TP≥-,53.85,10.0,0.5,0.5,,67,65,35,30,53.85,-4.59,-26.27,17.09,-2.983,0.435,23
"[-149,-110]",HR≥-/EDG≥10.0/CV≤0.5/μ≥0.5/TP≥50,55.56,10.0,0.5,0.5,50.0,65,63,35,28,55.56,-1.56,-23.52,20.4,-0.983,0.435,23
"[-149,-110]",HR≥-/EDG≥10.0/CV≤0.5/μ≥1.0/TP≥-,54.24,10.0,0.5,1.0,,60,59,32,27,54.24,-3.94,-26.7,18.81,-2.328,0.429,21
"[-149,-110]",HR≥-/EDG≥10.0/CV≤0.5/μ≥1.0/TP≥50,55.17,10.0,0.5,1.0,50.0,59,58,32,26,55.17,-2.29,-25.2,20.62,-1.328,0.429,21
"[-149,-110]",HR≥-/EDG≥10.0/CV≤0.45/μ≥-/TP≥-,53.85,10.0,0.45,,,54,52,28,24,53.85,-5.21,-29.33,18.91,-2.711,0.478,23
"[-149,-110]",HR≥-/EDG≥10.0/CV≤0.45/μ≥-/TP≥50,56.0,10.0,0.45,,50.0,52,50,28,22,56.0,-1.42,-25.93,23.08,-0.711,0.478,23
"[-149,-110]",HR≥-/EDG≥10.0/CV≤0.45/μ≥0.0/TP≥-,53.85,10.0,0.45,0.0,,54,52,28,24,53.85,-5.21,-29.33,18.91,-2.711,0.478,23
"[-149,-110]",HR≥-/EDG≥10.0/CV≤0.45/μ≥0.0/TP≥50,56.0,10.0,0.45,0.0,50.0,52,50,28,22,56.0,-1.42,-25.93,23.08,-0.711,0.478,23
"[-149,-110]",HR≥-/EDG≥10.0/CV≤0.45/μ≥0.5/TP≥-,53.85,10.0,0.45,0.5,,54,52,28,24,53.85,-5.21,-29.33,18.91,-2.711,0.478,23
"[-149,-110]",HR≥-/EDG≥10.0/CV≤0.45/μ≥0.5/TP≥50,56.0,10.0,0.45,0.5,50.0,52,50,28,22,56.0,-1.42,-25.93,23.08,-0.711,0.478,23
"[-149,-110]",HR≥-/EDG≥10.0/CV≤0.45/μ≥1.0/TP≥-,55.32,10.0,0.45,1.0,,48,47,26,21,55.32,-2.71,-28.02,22.6,-1.274,0.476,21
"[-149,-110]",HR≥-/EDG≥10.0/CV≤0.45/μ≥1.0/TP≥50,56.52,10.0,0.45,1.0,50.0,47,46,26,20,56.52,-0.59,-26.11,24.92,-0.274,0.476,21
"[-149,-110]",HR≥-/EDG≥10.0/CV≤0.4/μ≥-/TP≥-,60.53,10.0,0.4,,,39,38,23,15,60.53,6.5,-21.26,34.26,2.47,0.5,20
"[-149,-110]",HR≥-/EDG≥10.0/CV≤0.4/μ≥-/TP≥50,62.16,10.0,0.4,,50.0,38,37,23,14,62.16,9.38,-18.55,37.3,3.47,0.5,20
"[-149,-110]",HR≥-/EDG≥10.0/CV≤0.4/μ≥0.0/TP≥-,60.53,10.0,0.4,0.0,,39,38,23,15,60.53,6.5,-21.26,34.26,2.47,0.5,20
"[-149,-110]",HR≥-/EDG≥10.0/CV≤0.4/μ≥0.0/TP≥50,62.16,10.0,0.4,0.0,50.0,38,37,23,14,62.16,9.38,-18.55,37.3,3.47,0.5,20
"[-149,-110]",HR≥-/EDG≥10.0/CV≤0.4/μ≥0.5/TP≥-,60.53,10.0,0.4,0.5,,39,38,23,15,60.53,6.5,-21.26,34.26,2.47,0.5,20
"[-149,-110]",HR≥-/EDG≥10.0/CV≤0.4/μ≥0.5/TP≥50,62.16,10.0,0.4,0.5,50.0,38,37,23,14,62.16,9.38,-18.55,37.3,3.47,0.5,20
"[-149,-110]",HR≥-/EDG≥10.0/CV≤0.4/μ≥1.0/TP≥-,61.11,10.0,0.4,1.0,,37,36,22,14,61.11,7.43,-21.01,35.88,2.676,0.526,19
"[-149,-110]",HR≥-/EDG≥10.0/CV≤0.4/μ≥1.0/TP≥50,62.86,10.0,0.4,1.0,50.0,36,35,22,13,62.86,10.5,-18.1,39.11,3.676,0.526,19
"[-149,-110]",HR≥45/EDG≥-/CV≤-/μ≥-/TP≥-,54.03,,,,,126,124,67,57,54.03,-3.94,-19.63,11.74,-4.887,0.462,26
"[-149,-110]",HR≥45/EDG≥-/CV≤-/μ≥-/TP≥50,54.92,,,,50.0,124,122,67,55,54.92,-2.37,-18.16,13.42,-2.887,0.462,26
"[-149,-110]",HR≥45/EDG≥-/CV≤-/μ≥-/TP≥55,58.7,,,,55.0,47,46,27,19,58.7,0.27,-24.31,24.85,0.122,0.5,26
"[-149,-110]",HR≥45/EDG≥-/CV≤-/μ≥0.0/TP≥-,55.77,,,0.0,,105,104,58,46,55.77,-0.96,-18.02,16.11,-0.996,0.462,26
"[-149,-110]",HR≥45/EDG≥-/CV≤-/μ≥0.0/TP≥50,56.86,,,0.0,50.0,103,102,58,44,56.86,0.98,-16.2,18.17,1.004,0.462,26
"[-149,-110]",HR≥45/EDG≥-/CV≤-/μ≥0.0/TP≥55,59.46,,,0.0,55.0,37,37,22,15,59.46,1.48,-25.9,28.86,0.549,0.545,22
"[-149,-110]",HR≥45/EDG≥-/CV≤-/μ≥0.5/TP≥-,51.76,,,0.5,,85,85,44,41,51.76,-8.19,-27.18,10.79,-6.962,0.423,26
"[-149,-110]",HR≥45/EDG≥-/CV≤-/μ≥0.5/TP≥50,53.01,,,0.5,50.0,83,83,44,39,53.01,-5.98,-25.17,13.21,-4.962,0.423,26
"[-149,-110]",HR≥45/EDG≥-/CV≤-/μ≥0.5/TP≥55,56.25,,,0.5,55.0,32,32,18,14,56.25,-4.0,-33.81,25.81,-1.28,0.476,21
"[-149,-110]",HR≥45/EDG≥-/CV≤-/μ≥1.0/TP≥-,57.38,,,1.0,,61,61,35,26,57.38,1.78,-20.46,24.02,1.086,0.524,21
"[-149,-110]",HR≥45/EDG≥-/CV≤-/μ≥1.0/TP≥50,58.33,,,1.0,50.0,60,60,35,25,58.33,3.48,-18.89,25.84,2.086,0.524,21
"[-149,-110]",HR≥45/EDG≥-/CV≤0.7/μ≥-/TP≥-,53.45,,0.7,,,118,116,62,54,53.45,-4.98,-21.22,11.25,-5.782,0.462,26
"[-149,-110]",HR≥45/EDG≥-/CV≤0.7/μ≥-/TP≥50,54.39,,0.7,,50.0,116,114,62,52,54.39,-3.32,-19.67,13.04,-3.782,0.462,26
"[-149,-110]",HR≥45/EDG≥-/CV≤0.7/μ≥-/TP≥55,59.52,,0.7,,55.0,43,42,25,17,59.52,1.69,-23.99,27.36,0.708,0.538,26
"[-149,-110]",HR≥45/EDG≥-/CV≤0.7/μ≥0.0/TP≥-,55.67,,0.7,0.0,,98,97,54,43,55.67,-1.21,-18.87,16.46,-1.17,0.462,26
"[-149,-110]",HR≥45/EDG≥-/CV≤0.7/μ≥0.0/TP≥50,56.84,,0.7,0.0,50.0,96,95,54,41,56.84,0.87,-16.93,18.67,0.83,0.462,26
"[-149,-110]",HR≥45/EDG≥-/CV≤0.7/μ≥0.0/TP≥55,61.76,,0.7,0.0,55.0,34,34,21,13,61.76,5.46,-22.86,33.77,1.855,0.591,22
"[-149,-110]",HR≥45/EDG≥-/CV≤0.7/μ≥0.5/TP≥-,51.25,,0.7,0.5,,80,80,41,39,51.25,-9.25,-28.8,10.3,-7.397,0.423,26
"[-149,-110]",HR≥45/EDG≥-/CV≤0.7/μ≥0.5/TP≥50,52.56,,0.7,0.5,50.0,78,78,41,37,52.56,-6.92,-26.7,12.86,-5.397,0.423,26
"[-149,-110]",HR≥45/EDG≥-/CV≤0.7/μ≥1.0/TP≥-,57.14,,0.7,1.0,,56,56,32,24,57.14,1.16,-22.04,24.36,0.651,0.524,21
"[-149,-110]",HR≥45/EDG≥-/CV≤0.7/μ≥1.0/TP≥50,58.18,,0.7,1.0,50.0,55,55,32,23,58.18,3.0,-20.34,26.34,1.651,0.55,20
"[-149,-110]",HR≥45/EDG≥-/CV≤0.6/μ≥-/TP≥-,54.55,,0.6,,,112,110,60,50,54.55,-3.08,-19.72,13.56,-3.384,0.5,26
"[-149,-110]",HR≥45/EDG≥-/CV≤0.6/μ≥-/TP≥50,55.56,,0.6,,50.0,110,108,60,48,55.56,-1.28,-18.04,15.48,-1.384,0.5,26
"[-149,-110]",HR≥45/EDG≥-/CV≤0.6/μ≥-/TP≥55,59.52,,0.6,,55.0,43,42,25,17,59.52,1.69,-23.99,27.36,0.708,0.538,26
"[-149,-110]",HR≥45/EDG≥-/CV≤0.6/μ≥0.0/TP≥-,56.52,,0.6,0.0,,93,92,52,40,56.52,0.25,-17.85,18.34,0.227,0.5,26
"[-149,-110]",HR≥45/EDG≥-/CV≤0.6/μ≥0.0/TP≥50,57.78,,0.6,0.0,50.0,91,90,52,38,57.78,2.47,-15.76,20.71,2.227,0.5,26
"[-149,-110]",HR≥45/EDG≥-/CV≤0.6/μ≥0.0/TP≥55,61.76,,0.6,0.0,55.0,34,34,21,13,61.76,5.46,-22.86,33.77,1.855,0.591,22
"[-149,-110]",HR≥45/EDG≥-/CV≤0.6/μ≥0.5/TP≥-,51.95,,0.6,0.5,,77,77,40,37,51.95,-8.09,-28.0,11.82,-6.23,0.423,26
"[-149,-110]",HR≥45/EDG≥-/CV≤0.6/μ≥0.5/TP≥50,53.33,,0.6,0.5,50.0,75,75,40,35,53.33,-5.64,-25.78,14.51,-4.23,0.423,26
"[-149,-110]",HR≥45/EDG≥-/CV≤0.6/μ≥1.0/TP≥-,59.26,,0.6,1.0,,54,54,32,22,59.26,4.91,-18.56,28.38,2.651,0.524,21
"[-149,-110]",HR≥45/EDG≥-/CV≤0.6/μ≥1.0/TP≥50,60.38,,0.6,1.0,50.0,53,53,32,21,60.38,6.89,-16.7,30.48,3.651,0.55,20
"[-149,-110]",HR≥45/EDG≥-/CV≤0.5/μ≥-/TP≥-,58.43,,0.5,,,91,89,52,37,58.43,3.78,-14.55,22.11,3.364,0.615,26
"[-149,-110]",HR≥45/EDG≥-/CV≤0.5/μ≥-/TP≥50,59.77,,0.5,,50.0,89,87,52,35,59.77,6.17,-12.28,24.61,5.364,0.615,26
"[-149,-110]",HR≥45/EDG≥-/CV≤0.5/μ≥-/TP≥55,61.11,,0.5,,55.0,37,36,22,14,61.11,4.14,-23.39,31.66,1.489,0.583,24
"[-149,-110]",HR≥45/EDG≥-/CV≤0.5/μ≥0.0/TP≥-,60.0,,0.5,0.0,,76,75,45,30,60.0,6.46,-13.38,26.3,4.844,0.542,24
"[-149,-110]",HR≥45/EDG≥-/CV≤0.5/μ≥0.0/TP≥50,61.64,,0.5,0.0,50.0,74,73,45,28,61.64,9.38,-10.59,29.35,6.844,0.542,24
"[-149,-110]",HR≥45/EDG≥-/CV≤0.5/μ≥0.5/TP≥-,56.45,,0.5,0.5,,62,62,35,27,56.45,-0.16,-22.2,21.89,-0.098,0.5,24
"[-149,-110]",HR≥45/EDG≥-/CV≤0.5/μ≥0.5/TP≥50,58.33,,0.5,0.5,50.0,60,60,35,25,58.33,3.17,-19.12,25.46,1.902,0.5,24
"[-149,-110]",HR≥45/EDG≥-/CV≤0.5/μ≥1.0/TP≥-,61.7,,0.5,1.0,,47,47,29,18,61.7,9.09,-15.8,33.98,4.272,0.6,20
"[-149,-110]",HR≥45/EDG≥-/CV≤0.5/μ≥1.0/TP≥50,63.04,,0.5,1.0,50.0,46,46,29,17,63.04,11.46,-13.53,36.45,5.272,0.632,19
"[-149,-110]",HR≥45/EDG≥-/CV≤0.45/μ≥-/TP≥-,59.15,,0.45,,,73,71,42,29,59.15,4.64,-15.77,25.04,3.292,0.538,26
"[-149,-110]",HR≥45/EDG≥-/CV≤0.45/μ≥-/TP≥50,60.87,,0.45,,50.0,71,69,42,27,60.87,7.67,-12.89,28.23,5.292,0.577,26
"[-149,-110]",HR≥45/EDG≥-/CV≤0.45/μ≥-/TP≥55,61.29,,0.45,,55.0,32,31,19,12,61.29,4.45,-25.26,34.16,1.379,0.583,24
"[-149,-110]",HR≥45/EDG≥-/CV≤0.45/μ≥0.0/TP≥-,61.4,,0.45,0.0,,58,57,35,22,61.4,8.37,-14.17,30.92,4.773,0.625,24
"[-149,-110]",HR≥45/EDG≥-/CV≤0.45/μ≥0.0/TP≥50,63.64,,0.45,0.0,50.0,56,55,35,20,63.64,12.31,-10.37,35.0,6.773,0.625,24
"[-149,-110]",HR≥45/EDG≥-/CV≤0.45/μ≥0.5/TP≥-,57.45,,0.45,0.5,,47,47,27,20,57.45,1.15,-24.05,26.35,0.541,0.542,24
"[-149,-110]",HR≥45/EDG≥-/CV≤0.45/μ≥0.5/TP≥50,60.0,,0.45,0.5,50.0,45,45,27,18,60.0,5.65,-19.88,31.18,2.541,0.542,24
"[-149,-110]",HR≥45/EDG≥-/CV≤0.45/μ≥1.0/TP≥-,63.89,,0.45,1.0,,36,36,23,13,63.89,12.42,-15.64,40.47,4.47,0.65,20
"[-149,-110]",HR≥45/EDG≥-/CV≤0.45/μ≥1.0/TP≥50,65.71,,0.45,1.0,50.0,35,35,23,12,65.71,15.63,-12.51,43.76,5.47,0.684,19
"[-149,-110]",HR≥45/EDG≥-/CV≤0.4/μ≥-/TP≥-,65.38,,0.4,,,54,52,34,18,65.38,15.77,-7.4,38.94,8.199,0.615,26
"[-149,-110]",HR≥45/EDG≥-/CV≤0.4/μ≥-/TP≥50,66.67,,0.4,,50.0,53,51,34,17,66.67,18.04,-5.15,41.23,9.199,0.615,26
"[-149,-110]",HR≥45/EDG≥-/CV≤0.4/μ≥0.0/TP≥-,70.0,,0.4,0.0,,41,40,28,12,70.0,23.49,-1.94,48.91,9.394,0.636,22
"[-149,-110]",HR≥45/EDG≥-/CV≤0.4/μ≥0.0/TP≥50,71.79,,0.4,0.0,50.0,40,39,28,11,71.79,26.65,1.36,51.95,10.394,0.636,22
"[-149,-110]",HR≥45/EDG≥-/CV≤0.4/μ≥0.5/TP≥-,66.67,,0.4,0.5,,33,33,22,11,66.67,17.34,-11.47,46.14,5.721,0.571,21
"[-149,-110]",HR≥45/EDG≥-/CV≤0.4/μ≥0.5/TP≥50,68.75,,0.4,0.5,50.0,32,32,22,10,68.75,21.0,-7.77,49.78,6.721,0.571,21
"[-149,-110]",HR≥45/EDG≥-5.0/CV≤-/μ≥-/TP≥-,55.45,-5.0,,,,102,101,56,45,55.45,-1.46,-18.8,15.89,-1.472,0.462,26
"[-149,-110]",HR≥45/EDG≥-5.0/CV≤-/μ≥-/TP≥50,56.57,-5.0,,,50.0,100,99,56,43,56.57,0.53,-16.94,18.01,0.528,0.462,26
"[-149,-110]",HR≥45/EDG≥-5.0/CV≤-/μ≥-/TP≥55,60.0,-5.0,,,55.0,35,35,21,14,60.0,2.33,-25.76,30.42,0.814,0.571,21
"[-149,-110]",HR≥45/EDG≥-5.0/CV≤-/μ≥0.0/TP≥-,56.0,-5.0,,0.0,,101,100,56,44,56.0,-0.47,-17.88,16.94,-0.472,0.462,26
"[-149,-110]",HR≥45/EDG≥-5.0/CV≤-/μ≥0.0/TP≥50,57.14,-5.0,,0.0,50.0,99,98,56,42,57.14,1.56,-15.98,19.09,1.528,0.462,26
"[-149,-110]",HR≥45/EDG≥-5.0/CV≤-/μ≥0.0/TP≥55,60.0,-5.0,,0.0,55.0,35,35,21,14,60.0,2.33,-25.76,30.42,0.814,0.571,21
"[-149,-110]",HR≥45/EDG≥-5.0/CV≤-/μ≥0.5/TP≥-,51.76,-5.0,,0.5,,85,85,44,41,51.76,-8.19,-27.18,10.79,-6.962,0.423,26
"[-149,-110]",HR≥45/EDG≥-5.0/CV≤-/μ≥0.5/TP≥50,53.01,-5.0,,0.5,50.0,83,83,44,39,53.01,-5.98,-25.17,13.21,-4.962,0.423,26
"[-149,-110]",HR≥45/EDG≥-5.0/CV≤-/μ≥0.5/TP≥55,56.25,-5.0,,0.5,55.0,32,32,18,14,56.25,-4.0,-33.81,25.81,-1.28,0.476,21
"[-149,-110]",HR≥45/EDG≥-5.0/CV≤-/μ≥1.0/TP≥-,57.38,-5.0,,1.0,,61,61,35,26,57.38,1.78,-20.46,24.02,1.086,0.524,21
"[-149,-110]",HR≥45/EDG≥-5.0/CV≤-/μ≥1.0/TP≥50,58.33,-5.0,,1.0,50.0,60,60,35,25,58.33,3.48,-18.89,25.84,2.086,0.524,21
"[-149,-110]",HR≥45/EDG≥-5.0/CV≤0.7/μ≥-/TP≥-,55.21,-5.0,0.7,,,97,96,53,43,55.21,-1.99,-19.77,15.8,-1.906,0.462,26
"[-149,-110]",HR≥45/EDG≥-5.0/CV≤0.7/μ≥-/TP≥50,56.38,-5.0,0.7,,50.0,95,94,53,41,56.38,0.1,-17.82,18.03,0.094,0.462,26
"[-149,-110]",HR≥45/EDG≥-5.0/CV≤0.7/μ≥-/TP≥55,62.5,-5.0,0.7,,55.0,32,32,20,12,62.5,6.62,-22.46,35.7,2.119,0.6,20
"[-149,-110]",HR≥45/EDG≥-5.0/CV≤0.7/μ≥0.0/TP≥-,55.79,-5.0,0.7,0.0,,96,95,53,42,55.79,-0.95,-18.81,16.9,-0.906,0.462,26
"[-149,-110]",HR≥45/EDG≥-5.0/CV≤0.7/μ≥0.0/TP≥50,56.99,-5.0,0.7,0.0,50.0,94,93,53,40,56.99,1.18,-16.82,19.17,1.094,0.462,26
"[-149,-110]",HR≥45/EDG≥-5.0/CV≤0.7/μ≥0.0/TP≥55,62.5,-5.0,0.7,0.0,55.0,32,32,20,12,62.5,6.62,-22.46,35.7,2.119,0.6,20
"[-149,-110]",HR≥45/EDG≥-5.0/CV≤0.7/μ≥0.5/TP≥-,51.25,-5.0,0.7,0.5,,80,80,41,39,51.25,-9.25,-28.8,10.3,-7.397,0.423,26
"[-149,-110]",HR≥45/EDG≥-5.0/CV≤0.7/μ≥0.5/TP≥50,52.56,-5.0,0.7,0.5,50.0,78,78,41,37,52.56,-6.92,-26.7,12.86,-5.397,0.423,26
"[-149,-110]",HR≥45/EDG≥-5.0/CV≤0.7/μ≥1.0/TP≥-,57.14,-5.0,0.7,1.0,,56,56,32,24,57.14,1.16,-22.04,24.36,0.651,0.524,21
"[-149,-110]",HR≥45/EDG≥-5.0/CV≤0.7/μ≥1.0/TP≥50,58.18,-5.0,0.7,1.0,50.0,55,55,32,23,58.18,3.0,-20.34,26.34,1.651,0.55,20
"[-149,-110]",HR≥45/EDG≥-5.0/CV≤0.6/μ≥-/TP≥-,56.04,-5.0,0.6,,,92,91,51,40,56.04,-0.56,-18.79,17.67,-0.508,0.423,26
"[-149,-110]",HR≥45/EDG≥-5.0/CV≤0.6/μ≥-/TP≥50,57.3,-5.0,0.6,,50.0,90,89,51,38,57.3,1.68,-16.69,20.05,1.492,0.423,26
"[-149,-110]",HR≥45/EDG≥-5.0/CV≤0.6/μ≥-/TP≥55,62.5,-5.0,0.6,,55.0,32,32,20,12,62.5,6.62,-22.46,35.7,2.119,0.6,20
"[-149,-110]",HR≥45/EDG≥-5.0/CV≤0.6/μ≥0.0/TP≥-,56.67,-5.0,0.6,0.0,,91,90,51,39,56.67,0.55,-17.75,18.85,0.492,0.462,26
"[-149,-110]",HR≥45/EDG≥-5.0/CV≤0.6/μ≥0.0/TP≥50,57.95,-5.0,0.6,0.0,50.0,89,88,51,37,57.95,2.83,-15.61,21.27,2.492,0.462,26
"[-149,-110]",HR≥45/EDG≥-5.0/CV≤0.6/μ≥0.0/TP≥55,62.5,-5.0,0.6,0.0,55.0,32,32,20,12,62.5,6.62,-22.46,35.7,2.119,0.6,20
"[-149,-110]",HR≥45/EDG≥-5.0/CV≤0.6/μ≥0.5/TP≥-,51.95,-5.0,0.6,0.5,,77,77,40,37,51.95,-8.09,-28.0,11.82,-6.23,0.423,26
"[-149,-110]",HR≥45/EDG≥-5.0/CV≤0.6/μ≥0.5/TP≥50,53.33,-5.0,0.6,0.5,50.0,75,75,40,35,53.33,-5.64,-25.78,14.51,-4.23,0.423,26
"[-149,-110]",HR≥45/EDG≥-5.0/CV≤0.6/μ≥1.0/TP≥-,59.26,-5.0,0.6,1.0,,54,54,32,22,59.26,4.91,-18.56,28.38,2.651,0.524,21
"[-149,-110]",HR≥45/EDG≥-5.0/CV≤0.6/μ≥1.0/TP≥50,60.38,-5.0,0.6,1.0,50.0,53,53,32,21,60.38,6.89,-16.7,30.48,3.651,0.55,20
"[-149,-110]",HR≥45/EDG≥-5.0/CV≤0.5/μ≥-/TP≥-,59.46,-5.0,0.5,,,75,74,44,30,59.46,5.55,-14.48,25.59,4.109,0.458,24
"[-149,-110]",HR≥45/EDG≥-5.0/CV≤0.5/μ≥-/TP≥50,61.11,-5.0,0.5,,50.0,73,72,44,28,61.11,8.48,-11.69,28.66,6.109,0.458,24
"[-149,-110]",HR≥45/EDG≥-5.0/CV≤0.5/μ≥0.0/TP≥-,60.27,-5.0,0.5,0.0,,74,73,44,29,60.27,7.0,-13.11,27.1,5.109,0.5,24
"[-149,-110]",HR≥45/EDG≥-5.0/CV≤0.5/μ≥0.0/TP≥50,61.97,-5.0,0.5,0.0,50.0,72,71,44,27,61.97,10.01,-10.22,30.24,7.109,0.5,24
"[-149,-110]",HR≥45/EDG≥-5.0/CV≤0.5/μ≥0.5/TP≥-,56.45,-5.0,0.5,0.5,,62,62,35,27,56.45,-0.16,-22.2,21.89,-0.098,0.5,24
"[-149,-110]",HR≥45/EDG≥-5.0/CV≤0.5/μ≥0.5/TP≥50,58.33,-5.0,0.5,0.5,50.0,60,60,35,25,58.33,3.17,-19.12,25.46,1.902,0.5,24
"[-149,-110]",HR≥45/EDG≥-5.0/CV≤0.5/μ≥1.0/TP≥-,61.7,-5.0,0.5,1.0,,47,47,29,18,61.7,9.09,-15.8,33.98,4.272,0.6,20
"[-149,-110]",HR≥45/EDG≥-5.0/CV≤0.5/μ≥1.0/TP≥50,63.04,-5.0,0.5,1.0,50.0,46,46,29,17,63.04,11.46,-13.53,36.45,5.272,0.632,19
"[-149,-110]",HR≥45/EDG≥-5.0/CV≤0.45/μ≥-/TP≥-,60.71,-5.0,0.45,,,57,56,34,22,60.71,7.21,-15.62,30.04,4.038,0.542,24
"[-149,-110]",HR≥45/EDG≥-5.0/CV≤0.45/μ≥-/TP≥50,62.96,-5.0,0.45,,50.0,55,54,34,20,62.96,11.18,-11.82,34.18,6.038,0.542,24
"[-149,-110]",HR≥45/EDG≥-5.0/CV≤0.45/μ≥0.0/TP≥-,61.82,-5.0,0.45,0.0,,56,55,34,21,61.82,9.16,-13.76,32.08,5.038,0.583,24
"[-149,-110]",HR≥45/EDG≥-5.0/CV≤0.45/μ≥0.0/TP≥50,64.15,-5.0,0.45,0.0,50.0,54,53,34,19,64.15,13.28,-9.78,36.34,7.038,0.583,24
"[-149,-110]",HR≥45/EDG≥-5.0/CV≤0.45/μ≥0.5/TP≥-,57.45,-5.0,0.45,0.5,,47,47,27,20,57.45,1.15,-24.05,26.35,0.541,0.542,24
"[-149,-110]",HR≥45/EDG≥-5.0/CV≤0.45/μ≥0.5/TP≥50,60.0,-5.0,0.45,0.5,50.0,45,45,27,18,60.0,5.65,-19.88,31.18,2.541,0.542,24
"[-149,-110]",HR≥45/EDG≥-5.0/CV≤0.45/μ≥1.0/TP≥-,63.89,-5.0,0.45,1.0,,36,36,23,13,63.89,12.42,-15.64,40.47,4.47,0.65,20
"[-149,-110]",HR≥45/EDG≥-5.0/CV≤0.45/μ≥1.0/TP≥50,65.71,-5.0,0.45,1.0,50.0,35,35,23,12,65.71,15.63,-12.51,43.76,5.47,0.684,19
"[-149,-110]",HR≥45/EDG≥-5.0/CV≤0.4/μ≥-/TP≥-,71.05,-5.0,0.4,,,39,38,27,11,71.05,25.42,-0.43,51.27,9.659,0.591,22
"[-149,-110]",HR≥45/EDG≥-5.0/CV≤0.4/μ≥-/TP≥50,72.97,-5.0,0.4,,50.0,38,37,27,10,72.97,28.81,3.14,54.47,10.659,0.591,22
"[-149,-110]",HR≥45/EDG≥-5.0/CV≤0.4/μ≥0.0/TP≥-,71.05,-5.0,0.4,0.0,,39,38,27,11,71.05,25.42,-0.43,51.27,9.659,0.591,22
"[-149,-110]",HR≥45/EDG≥-5.0/CV≤0.4/μ≥0.0/TP≥50,72.97,-5.0,0.4,0.0,50.0,38,37,27,10,72.97,28.81,3.14,54.47,10.659,0.591,22
"[-149,-110]",HR≥45/EDG≥-5.0/CV≤0.4/μ≥0.5/TP≥-,66.67,-5.0,0.4,0.5,,33,33,22,11,66.67,17.34,-11.47,46.14,5.721,0.571,21
"[-149,-110]",HR≥45/EDG≥-5.0/CV≤0.4/μ≥0.5/TP≥50,68.75,-5.0,0.4,0.5,50.0,32,32,22,10,68.75,21.0,-7.77,49.78,6.721,0.571,21
"[-149,-110]",HR≥45/EDG≥0.0/CV≤-/μ≥-/TP≥-,52.81,0.0,,,,90,89,47,42,52.81,-6.2,-24.76,12.36,-5.516,0.423,26
"[-149,-110]",HR≥45/EDG≥0.0/CV≤-/μ≥-/TP≥50,54.02,0.0,,,50.0,88,87,47,40,54.02,-4.04,-22.78,14.7,-3.516,0.423,26
"[-149,-110]",HR≥45/EDG≥0.0/CV≤-/μ≥-/TP≥55,58.06,0.0,,,55.0,31,31,18,13,58.06,-0.9,-31.05,29.24,-0.28,0.5,20
"[-149,-110]",HR≥45/EDG≥0.0/CV≤-/μ≥0.0/TP≥-,52.81,0.0,,0.0,,90,89,47,42,52.81,-6.2,-24.76,12.36,-5.516,0.423,26
"[-149,-110]",HR≥45/EDG≥0.0/CV≤-/μ≥0.0/TP≥50,54.02,0.0,,0.0,50.0,88,87,47,40,54.02,-4.04,-22.78,14.7,-3.516,0.423,26
"[-149,-110]",HR≥45/EDG≥0.0/CV≤-/μ≥0.0/TP≥55,58.06,0.0,,0.0,55.0,31,31,18,13,58.06,-0.9,-31.05,29.24,-0.28,0.5,20
"[-149,-110]",HR≥45/EDG≥0.0/CV≤-/μ≥0.5/TP≥-,52.38,0.0,,0.5,,84,84,44,40,52.38,-7.1,-26.19,11.99,-5.962,0.423,26
"[-149,-110]",HR≥45/EDG≥0.0/CV≤-/μ≥0.5/TP≥50,53.66,0.0,,0.5,50.0,82,82,44,38,53.66,-4.83,-24.13,14.46,-3.962,0.423,26
"[-149,-110]",HR≥45/EDG≥0.0/CV≤-/μ≥0.5/TP≥55,58.06,0.0,,0.5,55.0,31,31,18,13,58.06,-0.9,-31.05,29.24,-0.28,0.5,20
"[-149,-110]",HR≥45/EDG≥0.0/CV≤-/μ≥1.0/TP≥-,57.38,0.0,,1.0,,61,61,35,26,57.38,1.78,-20.46,24.02,1.086,0.524,21
"[-149,-110]",HR≥45/EDG≥0.0/CV≤-/μ≥1.0/TP≥50,58.33,0.0,,1.0,50.0,60,60,35,25,58.33,3.48,-18.89,25.84,2.086,0.524,21
"[-149,-110]",HR≥45/EDG≥0.0/CV≤0.7/μ≥-/TP≥-,52.38,0.0,0.7,,,85,84,44,40,52.38,-7.08,-26.17,12.01,-5.95,0.423,26
"[-149,-110]",HR≥45/EDG≥0.0/CV≤0.7/μ≥-/TP≥50,53.66,0.0,0.7,,50.0,83,82,44,38,53.66,-4.82,-24.11,14.48,-3.95,0.423,26
"[-149,-110]",HR≥45/EDG≥0.0/CV≤0.7/μ≥0.0/TP≥-,52.38,0.0,0.7,0.0,,85,84,44,40,52.38,-7.08,-26.17,12.01,-5.95,0.423,26
"[-149,-110]",HR≥45/EDG≥0.0/CV≤0.7/μ≥0.0/TP≥50,53.66,0.0,0.7,0.0,50.0,83,82,44,38,53.66,-4.82,-24.11,14.48,-3.95,0.423,26
"[-149,-110]",HR≥45/EDG≥0.0/CV≤0.7/μ≥0.5/TP≥-,51.9,0.0,0.7,0.5,,79,79,41,38,51.9,-8.1,-27.76,11.57,-6.397,0.423,26
"[-149,-110]",HR≥45/EDG≥0.0/CV≤0.7/μ≥0.5/TP≥50,53.25,0.0,0.7,0.5,50.0,77,77,41,36,53.25,-5.71,-25.61,14.19,-4.397,0.423,26
"[-149,-110]",HR≥45/EDG≥0.0/CV≤0.7/μ≥1.0/TP≥-,57.14,0.0,0.7,1.0,,56,56,32,24,57.14,1.16,-22.04,24.36,0.651,0.524,21
"[-149,-110]",HR≥45/EDG≥0.0/CV≤0.7/μ≥1.0/TP≥50,58.18,0.0,0.7,1.0,50.0,55,55,32,23,58.18,3.0,-20.34,26.34,1.651,0.55,20
"[-149,-110]",HR≥45/EDG≥0.0/CV≤0.6/μ≥-/TP≥-,52.5,0.0,0.6,,,81,80,42,38,52.5,-6.94,-26.49,12.61,-5.553,0.423,26
"[-149,-110]",HR≥45/EDG≥0.0/CV≤0.6/μ≥-/TP≥50,53.85,0.0,0.6,,50.0,79,78,42,36,53.85,-4.55,-24.33,15.22,-3.553,0.423,26
"[-149,-110]",HR≥45/EDG≥0.0/CV≤0.6/μ≥0.0/TP≥-,52.5,0.0,0.6,0.0,,81,80,42,38,52.5,-6.94,-26.49,12.61,-5.553,0.423,26
"[-149,-110]",HR≥45/EDG≥0.0/CV≤0.6/μ≥0.0/TP≥50,53.85,0.0,0.6,0.0,50.0,79,78,42,36,53.85,-4.55,-24.33,15.22,-3.553,0.423,26
"[-149,-110]",HR≥45/EDG≥0.0/CV≤0.6/μ≥0.5/TP≥-,52.63,0.0,0.6,0.5,,76,76,40,36,52.63,-6.88,-26.91,13.15,-5.23,0.423,26
"[-149,-110]",HR≥45/EDG≥0.0/CV≤0.6/μ≥0.5/TP≥50,54.05,0.0,0.6,0.5,50.0,74,74,40,34,54.05,-4.36,-24.63,15.9,-3.23,0.423,26
"[-149,-110]",HR≥45/EDG≥0.0/CV≤0.6/μ≥1.0/TP≥-,59.26,0.0,0.6,1.0,,54,54,32,22,59.26,4.91,-18.56,28.38,2.651,0.524,21
"[-149,-110]",HR≥45/EDG≥0.0/CV≤0.6/μ≥1.0/TP≥50,60.38,0.0,0.6,1.0,50.0,53,53,32,21,60.38,6.89,-16.7,30.48,3.651,0.55,20
"[-149,-110]",HR≥45/EDG≥0.0/CV≤0.5/μ≥-/TP≥-,56.06,0.0,0.5,,,67,66,37,29,56.06,-0.64,-22.06,20.79,-0.421,0.458,24
"[-149,-110]",HR≥45/EDG≥0.0/CV≤0.5/μ≥-/TP≥50,57.81,0.0,0.5,,50.0,65,64,37,27,57.81,2.47,-19.19,24.12,1.579,0.458,24
"[-149,-110]",HR≥45/EDG≥0.0/CV≤0.5/μ≥0.0/TP≥-,56.06,0.0,0.5,0.0,,67,66,37,29,56.06,-0.64,-22.06,20.79,-0.421,0.458,24
"[-149,-110]",HR≥45/EDG≥0.0/CV≤0.5/μ≥0.0/TP≥50,57.81,0.0,0.5,0.0,50.0,65,64,37,27,57.81,2.47,-19.19,24.12,1.579,0.458,24
"[-149,-110]",HR≥45/EDG≥0.0/CV≤0.5/μ≥0.5/TP≥-,56.45,0.0,0.5,0.5,,62,62,35,27,56.45,-0.16,-22.2,21.89,-0.098,0.5,24
"[-149,-110]",HR≥45/EDG≥0.0/CV≤0.5/μ≥0.5/TP≥50,58.33,0.0,0.5,0.5,50.0,60,60,35,25,58.33,3.17,-19.12,25.46,1.902,0.5,24
"[-149,-110]",HR≥45/EDG≥0.0/CV≤0.5/μ≥1.0/TP≥-,61.7,0.0,0.5,1.0,,47,47,29,18,61.7,9.09,-15.8,33.98,4.272,0.6,20
"[-149,-110]",HR≥45/EDG≥0.0/CV≤0.5/μ≥1.0/TP≥50,63.04,0.0,0.5,1.0,50.0,46,46,29,17,63.04,11.46,-13.53,36.45,5.272,0.632,19
"[-149,-110]",HR≥45/EDG≥0.0/CV≤0.45/μ≥-/TP≥-,57.14,0.0,0.45,,,50,49,28,21,57.14,0.7,-24.01,25.4,0.341,0.542,24
"[-149,-110]",HR≥45/EDG≥0.0/CV≤0.45/μ≥-/TP≥50,59.57,0.0,0.45,,50.0,48,47,28,19,59.57,4.98,-20.05,30.01,2.341,0.542,24
"[-149,-110]",HR≥45/EDG≥0.0/CV≤0.45/μ≥0.0/TP≥-,57.14,0.0,0.45,0.0,,50,49,28,21,57.14,0.7,-24.01,25.4,0.341,0.542,24
"[-149,-110]",HR≥45/EDG≥0.0/CV≤0.45/μ≥0.0/TP≥50,59.57,0.0,0.45,0.0,50.0,48,47,28,19,59.57,4.98,-20.05,30.01,2.341,0.542,24
"[-149,-110]",HR≥45/EDG≥0.0/CV≤0.45/μ≥0.5/TP≥-,57.45,0.0,0.45,0.5,,47,47,27,20,57.45,1.15,-24.05,26.35,0.541,0.542,24
"[-149,-110]",HR≥45/EDG≥0.0/CV≤0.45/μ≥0.5/TP≥50,60.0,0.0,0.45,0.5,50.0,45,45,27,18,60.0,5.65,-19.88,31.18,2.541,0.542,24
"[-149,-110]",HR≥45/EDG≥0.0/CV≤0.45/μ≥1.0/TP≥-,63.89,0.0,0.45,1.0,,36,36,23,13,63.89,12.42,-15.64,40.47,4.47,0.65,20
"[-149,-110]",HR≥45/EDG≥0.0/CV≤0.45/μ≥1.0/TP≥50,65.71,0.0,0.45,1.0,50.0,35,35,23,12,65.71,15.63,-12.51,43.76,5.47,0.684,19
"[-149,-110]",HR≥45/EDG≥0.0/CV≤0.4/μ≥-/TP≥-,67.65,0.0,0.4,,,35,34,23,11,67.65,19.18,-9.0,47.36,6.521,0.571,21
"[-149,-110]",HR≥45/EDG≥0.0/CV≤0.4/μ≥-/TP≥50,69.7,0.0,0.4,,50.0,34,33,23,10,69.7,22.79,-5.32,50.9,7.521,0.571,21
"[-149,-110]",HR≥45/EDG≥0.0/CV≤0.4/μ≥0.0/TP≥-,67.65,0.0,0.4,0.0,,35,34,23,11,67.65,19.18,-9.0,47.36,6.521,0.571,21
"[-149,-110]",HR≥45/EDG≥0.0/CV≤0.4/μ≥0.0/TP≥50,69.7,0.0,0.4,0.0,50.0,34,33,23,10,69.7,22.79,-5.32,50.9,7.521,0.571,21
"[-149,-110]",HR≥45/EDG≥0.0/CV≤0.4/μ≥0.5/TP≥-,66.67,0.0,0.4,0.5,,33,33,22,11,66.67,17.34,-11.47,46.14,5.721,0.571,21
"[-149,-110]",HR≥45/EDG≥0.0/CV≤0.4/μ≥0.5/TP≥50,68.75,0.0,0.4,0.5,50.0,32,32,22,10,68.75,21.0,-7.77,49.78,6.721,0.571,21
"[-149,-110]",HR≥45/EDG≥5.0/CV≤-/μ≥-/TP≥-,55.84,5.0,,,,78,77,43,34,55.84,-0.85,-20.71,19.01,-0.652,0.52,25
"[-149,-110]",HR≥45/EDG≥5.0/CV≤-/μ≥-/TP≥50,57.33,5.0,,,50.0,76,75,43,32,57.33,1.8,-18.25,21.84,1.348,0.52,25
"[-149,-110]",HR≥45/EDG≥5.0/CV≤-/μ≥0.0/TP≥-,55.84,5.0,,0.0,,78,77,43,34,55.84,-0.85,-20.71,19.01,-0.652,0.52,25
"[-149,-110]",HR≥45/EDG≥5.0/CV≤-/μ≥0.0/TP≥50,57.33,5.0,,0.0,50.0,76,75,43,32,57.33,1.8,-18.25,21.84,1.348,0.52,25
"[-149,-110]",HR≥45/EDG≥5.0/CV≤-/μ≥0.5/TP≥-,55.84,5.0,,0.5,,77,77,43,34,55.84,-0.85,-20.71,19.01,-0.652,0.52,25
"[-149,-110]",HR≥45/EDG≥5.0/CV≤-/μ≥0.5/TP≥50,57.33,5.0,,0.5,50.0,75,75,43,32,57.33,1.8,-18.25,21.84,1.348,0.52,25
"[-149,-110]",HR≥45/EDG≥5.0/CV≤-/μ≥1.0/TP≥-,57.38,5.0,,1.0,,61,61,35,26,57.38,1.78,-20.46,24.02,1.086,0.524,21
"[-149,-110]",HR≥45/EDG≥5.0/CV≤-/μ≥1.0/TP≥50,58.33,5.0,,1.0,50.0,60,60,35,25,58.33,3.48,-18.89,25.84,2.086,0.524,21
"[-149,-110]",HR≥45/EDG≥5.0/CV≤0.7/μ≥-/TP≥-,55.56,5.0,0.7,,,73,72,40,32,55.56,-1.51,-22.04,19.02,-1.086,0.52,25
"[-149,-110]",HR≥45/EDG≥5.0/CV≤0.7/μ≥-/TP≥50,57.14,5.0,0.7,,50.0,71,70,40,30,57.14,1.31,-19.43,22.04,0.914,0.52,25
"[-149,-110]",HR≥45/EDG≥5.0/CV≤0.7/μ≥0.0/TP≥-,55.56,5.0,0.7,0.0,,73,72,40,32,55.56,-1.51,-22.04,19.02,-1.086,0.52,25
"[-149,-110]",HR≥45/EDG≥5.0/CV≤0.7/μ≥0.0/TP≥50,57.14,5.0,0.7,0.0,50.0,71,70,40,30,57.14,1.31,-19.43,22.04,0.914,0.52,25
"[-149,-110]",HR≥45/EDG≥5.0/CV≤0.7/μ≥0.5/TP≥-,55.56,5.0,0.7,0.5,,72,72,40,32,55.56,-1.51,-22.04,19.02,-1.086,0.52,25
"[-149,-110]",HR≥45/EDG≥5.0/CV≤0.7/μ≥0.5/TP≥50,57.14,5.0,0.7,0.5,50.0,70,70,40,30,57.14,1.31,-19.43,22.04,0.914,0.52,25
"[-149,-110]",HR≥45/EDG≥5.0/CV≤0.7/μ≥1.0/TP≥-,57.14,5.0,0.7,1.0,,56,56,32,24,57.14,1.16,-22.04,24.36,0.651,0.524,21
"[-149,-110]",HR≥45/EDG≥5.0/CV≤0.7/μ≥1.0/TP≥50,58.18,5.0,0.7,1.0,50.0,55,55,32,23,58.18,3.0,-20.34,26.34,1.651,0.55,20
"[-149,-110]",HR≥45/EDG≥5.0/CV≤0.6/μ≥-/TP≥-,56.52,5.0,0.6,,,70,69,39,30,56.52,0.12,-20.79,21.02,0.08,0.52,25
"[-149,-110]",HR≥45/EDG≥5.0/CV≤0.6/μ≥-/TP≥50,58.21,5.0,0.6,,50.0,68,67,39,28,58.21,3.11,-18.01,24.22,2.08,0.52,25
"[-149,-110]",HR≥45/EDG≥5.0/CV≤0.6/μ≥0.0/TP≥-,56.52,5.0,0.6,0.0,,70,69,39,30,56.52,0.12,-20.79,21.02,0.08,0.52,25
"[-149,-110]",HR≥45/EDG≥5.0/CV≤0.6/μ≥0.0/TP≥50,58.21,5.0,0.6,0.0,50.0,68,67,39,28,58.21,3.11,-18.01,24.22,2.08,0.52,25
"[-149,-110]",HR≥45/EDG≥5.0/CV≤0.6/μ≥0.5/TP≥-,56.52,5.0,0.6,0.5,,69,69,39,30,56.52,0.12,-20.79,21.02,0.08,0.52,25
"[-149,-110]",HR≥45/EDG≥5.0/CV≤0.6/μ≥0.5/TP≥50,58.21,5.0,0.6,0.5,50.0,67,67,39,28,58.21,3.11,-18.01,24.22,2.08,0.52,25
"[-149,-110]",HR≥45/EDG≥5.0/CV≤0.6/μ≥1.0/TP≥-,59.26,5.0,0.6,1.0,,54,54,32,22,59.26,4.91,-18.56,28.38,2.651,0.524,21
"[-149,-110]",HR≥45/EDG≥5.0/CV≤0.6/μ≥1.0/TP≥50,60.38,5.0,0.6,1.0,50.0,53,53,32,21,60.38,6.89,-16.7,30.48,3.651,0.55,20
"[-149,-110]",HR≥45/EDG≥5.0/CV≤0.5/μ≥-/TP≥-,60.71,5.0,0.5,,,57,56,34,22,60.71,7.52,-15.38,30.43,4.212,0.609,23
"[-149,-110]",HR≥45/EDG≥5.0/CV≤0.5/μ≥-/TP≥50,62.96,5.0,0.5,,50.0,55,54,34,20,62.96,11.5,-11.57,34.58,6.212,0.609,23
"[-149,-110]",HR≥45/EDG≥5.0/CV≤0.5/μ≥0.0/TP≥-,60.71,5.0,0.5,0.0,,57,56,34,22,60.71,7.52,-15.38,30.43,4.212,0.609,23
"[-149,-110]",HR≥45/EDG≥5.0/CV≤0.5/μ≥0.0/TP≥50,62.96,5.0,0.5,0.0,50.0,55,54,34,20,62.96,11.5,-11.57,34.58,6.212,0.609,23
"[-149,-110]",HR≥45/EDG≥5.0/CV≤0.5/μ≥0.5/TP≥-,60.71,5.0,0.5,0.5,,56,56,34,22,60.71,7.52,-15.38,30.43,4.212,0.609,23
"[-149,-110]",HR≥45/EDG≥5.0/CV≤0.5/μ≥0.5/TP≥50,62.96,5.0,0.5,0.5,50.0,54,54,34,20,62.96,11.5,-11.57,34.58,6.212,0.609,23
"[-149,-110]",HR≥45/EDG≥5.0/CV≤0.5/μ≥1.0/TP≥-,61.7,5.0,0.5,1.0,,47,47,29,18,61.7,9.09,-15.8,33.98,4.272,0.6,20
"[-149,-110]",HR≥45/EDG≥5.0/CV≤0.5/μ≥1.0/TP≥50,63.04,5.0,0.5,1.0,50.0,46,46,29,17,63.04,11.46,-13.53,36.45,5.272,0.632,19
"[-149,-110]",HR≥45/EDG≥5.0/CV≤0.45/μ≥-/TP≥-,62.79,5.0,0.45,,,44,43,27,16,62.79,10.56,-15.22,36.34,4.541,0.652,23
"[-149,-110]",HR≥45/EDG≥5.0/CV≤0.45/μ≥-/TP≥50,65.85,5.0,0.45,,50.0,42,41,27,14,65.85,15.95,-9.97,41.88,6.541,0.652,23
"[-149,-110]",HR≥45/EDG≥5.0/CV≤0.45/μ≥0.0/TP≥-,62.79,5.0,0.45,0.0,,44,43,27,16,62.79,10.56,-15.22,36.34,4.541,0.652,23
"[-149,-110]",HR≥45/EDG≥5.0/CV≤0.45/μ≥0.0/TP≥50,65.85,5.0,0.45,0.0,50.0,42,41,27,14,65.85,15.95,-9.97,41.88,6.541,0.652,23
"[-149,-110]",HR≥45/EDG≥5.0/CV≤0.45/μ≥0.5/TP≥-,62.79,5.0,0.45,0.5,,43,43,27,16,62.79,10.56,-15.22,36.34,4.541,0.652,23
"[-149,-110]",HR≥45/EDG≥5.0/CV≤0.45/μ≥0.5/TP≥50,65.85,5.0,0.45,0.5,50.0,41,41,27,14,65.85,15.95,-9.97,41.88,6.541,0.652,23
"[-149,-110]",HR≥45/EDG≥5.0/CV≤0.45/μ≥1.0/TP≥-,63.89,5.0,0.45,1.0,,36,36,23,13,63.89,12.42,-15.64,40.47,4.47,0.65,20
"[-149,-110]",HR≥45/EDG≥5.0/CV≤0.45/μ≥1.0/TP≥50,65.71,5.0,0.45,1.0,50.0,35,35,23,12,65.71,15.63,-12.51,43.76,5.47,0.684,19
"[-149,-110]",HR≥45/EDG≥5.0/CV≤0.4/μ≥-/TP≥-,70.97,5.0,0.4,,,32,31,22,9,70.97,24.91,-3.74,53.56,7.721,0.6,20
"[-149,-110]",HR≥45/EDG≥5.0/CV≤0.4/μ≥-/TP≥50,73.33,5.0,0.4,,50.0,31,30,22,8,73.33,29.07,0.67,57.47,8.721,0.632,19
"[-149,-110]",HR≥45/EDG≥5.0/CV≤0.4/μ≥0.0/TP≥-,70.97,5.0,0.4,0.0,,32,31,22,9,70.97,24.91,-3.74,53.56,7.721,0.6,20
"[-149,-110]",HR≥45/EDG≥5.0/CV≤0.4/μ≥0.0/TP≥50,73.33,5.0,0.4,0.0,50.0,31,30,22,8,73.33,29.07,0.67,57.47,8.721,0.632,19
"[-149,-110]",HR≥45/EDG≥5.0/CV≤0.4/μ≥0.5/TP≥-,70.97,5.0,0.4,0.5,,31,31,22,9,70.97,24.91,-3.74,53.56,7.721,0.6,20
"[-149,-110]",HR≥45/EDG≥5.0/CV≤0.4/μ≥0.5/TP≥50,73.33,5.0,0.4,0.5,50.0,30,30,22,8,73.33,29.07,0.67,57.47,8.721,0.632,19
"[-149,-110]",HR≥45/EDG≥10.0/CV≤-/μ≥-/TP≥-,53.73,10.0,,,,67,67,36,31,53.73,-4.5,-25.92,16.92,-3.018,0.52,25
"[-149,-110]",HR≥45/EDG≥10.0/CV≤-/μ≥-/TP≥50,55.38,10.0,,,50.0,65,65,36,29,55.38,-1.57,-23.25,20.12,-1.018,0.52,25
"[-149,-110]",HR≥45/EDG≥10.0/CV≤-/μ≥0.0/TP≥-,53.73,10.0,,0.0,,67,67,36,31,53.73,-4.5,-25.92,16.92,-3.018,0.52,25
"[-149,-110]",HR≥45/EDG≥10.0/CV≤-/μ≥0.0/TP≥50,55.38,10.0,,0.0,50.0,65,65,36,29,55.38,-1.57,-23.25,20.12,-1.018,0.52,25
"[-149,-110]",HR≥45/EDG≥10.0/CV≤-/μ≥0.5/TP≥-,53.73,10.0,,0.5,,67,67,36,31,53.73,-4.5,-25.92,16.92,-3.018,0.52,25
"[-149,-110]",HR≥45/EDG≥10.0/CV≤-/μ≥0.5/TP≥50,55.38,10.0,,0.5,50.0,65,65,36,29,55.38,-1.57,-23.25,20.12,-1.018,0.52,25
"[-149,-110]",HR≥45/EDG≥10.0/CV≤-/μ≥1.0/TP≥-,55.93,10.0,,1.0,,59,59,33,26,55.93,-0.59,-23.35,22.16,-0.35,0.524,21
"[-149,-110]",HR≥45/EDG≥10.0/CV≤-/μ≥1.0/TP≥50,56.9,10.0,,1.0,50.0,58,58,33,25,56.9,1.12,-21.78,24.02,0.65,0.524,21
"[-149,-110]",HR≥45/EDG≥10.0/CV≤0.7/μ≥-/TP≥-,53.97,10.0,0.7,,,63,63,34,29,53.97,-4.38,-26.4,17.65,-2.757,0.52,25
"[-149,-110]",HR≥45/EDG≥10.0/CV≤0.7/μ≥-/TP≥50,55.74,10.0,0.7,,50.0,61,61,34,27,55.74,-1.24,-23.55,21.07,-0.757,0.52,25
"[-149,-110]",HR≥45/EDG≥10.0/CV≤0.7/μ≥0.0/TP≥-,53.97,10.0,0.7,0.0,,63,63,34,29,53.97,-4.38,-26.4,17.65,-2.757,0.52,25
"[-149,-110]",HR≥45/EDG≥10.0/CV≤0.7/μ≥0.0/TP≥50,55.74,10.0,0.7,0.0,50.0,61,61,34,27,55.74,-1.24,-23.55,21.07,-0.757,0.52,25
"[-149,-110]",HR≥45/EDG≥10.0/CV≤0.7/μ≥0.5/TP≥-,53.97,10.0,0.7,0.5,,63,63,34,29,53.97,-4.38,-26.4,17.65,-2.757,0.52,25
"[-149,-110]",HR≥45/EDG≥10.0/CV≤0.7/μ≥0.5/TP≥50,55.74,10.0,0.7,0.5,50.0,61,61,34,27,55.74,-1.24,-23.55,21.07,-0.757,0.52,25
"[-149,-110]",HR≥45/EDG≥10.0/CV≤0.7/μ≥1.0/TP≥-,56.36,10.0,0.7,1.0,,55,55,31,24,56.36,-0.16,-23.64,23.32,-0.089,0.524,21
"[-149,-110]",HR≥45/EDG≥10.0/CV≤0.7/μ≥1.0/TP≥50,57.41,10.0,0.7,1.0,50.0,54,54,31,23,57.41,1.69,-21.94,25.32,0.911,0.55,20
"[-149,-110]",HR≥45/EDG≥10.0/CV≤0.6/μ≥-/TP≥-,55.74,10.0,0.6,,,61,61,34,27,55.74,-1.24,-23.55,21.07,-0.757,0.52,25
"[-149,-110]",HR≥45/EDG≥10.0/CV≤0.6/μ≥-/TP≥50,57.63,10.0,0.6,,50.0,59,59,34,25,57.63,2.11,-20.47,24.68,1.243,0.52,25
"[-149,-110]",HR≥45/EDG≥10.0/CV≤0.6/μ≥0.0/TP≥-,55.74,10.0,0.6,0.0,,61,61,34,27,55.74,-1.24,-23.55,21.07,-0.757,0.52,25
"[-149,-110]",HR≥45/EDG≥10.0/CV≤0.6/μ≥0.0/TP≥50,57.63,10.0,0.6,0.0,50.0,59,59,34,25,57.63,2.11,-20.47,24.68,1.243,0.52,25
"[-149,-110]",HR≥45/EDG≥10.0/CV≤0.6/μ≥0.5/TP≥-,55.74,10.0,0.6,0.5,,61,61,34,27,55.74,-1.24,-23.55,21.07,-0.757,0.52,25
"[-149,-110]",HR≥45/EDG≥10.0/CV≤0.6/μ≥0.5/TP≥50,57.63,10.0,0.6,0.5,50.0,59,59,34,25,57.63,2.11,-20.47,24.68,1.243,0.52,25
"[-149,-110]",HR≥45/EDG≥10.0/CV≤0.6/μ≥1.0/TP≥-,58.49,10.0,0.6,1.0,,53,53,31,22,58.49,3.61,-20.17,27.38,1.911,0.524,21
"[-149,-110]",HR≥45/EDG≥10.0/CV≤0.6/μ≥1.0/TP≥50,59.62,10.0,0.6,1.0,50.0,52,52,31,21,59.62,5.6,-18.31,29.5,2.911,0.55,20
"[-149,-110]",HR≥45/EDG≥10.0/CV≤0.5/μ≥-/TP≥-,58.82,10.0,0.5,,,51,51,30,21,58.82,4.11,-20.09,28.3,2.094,0.591,22
"[-149,-110]",HR≥45/EDG≥10.0/CV≤0.5/μ≥-/TP≥50,61.22,10.0,0.5,,50.0,49,49,30,19,61.22,8.35,-16.09,32.8,4.094,0.591,22
"[-149,-110]",HR≥45/EDG≥10.0/CV≤0.5/μ≥0.0/TP≥-,58.82,10.0,0.5,0.0,,51,51,30,21,58.82,4.11,-20.09,28.3,2.094,0.591,22
"[-149,-110]",HR≥45/EDG≥10.0/CV≤0.5/μ≥0.0/TP≥50,61.22,10.0,0.5,0.0,50.0,49,49,30,19,61.22,8.35,-16.09,32.8,4.094,0.591,22
"[-149,-110]",HR≥45/EDG≥10.0/CV≤0.5/μ≥0.5/TP≥-,58.82,10.0,0.5,0.5,,51,51,30,21,58.82,4.11,-20.09,28.3,2.094,0.591,22
"[-149,-110]",HR≥45/EDG≥10.0/CV≤0.5/μ≥0.5/TP≥50,61.22,10.0,0.5,0.5,50.0,49,49,30,19,61.22,8.35,-16.09,32.8,4.094,0.591,22
"[-149,-110]",HR≥45/EDG≥10.0/CV≤0.5/μ≥1.0/TP≥-,60.87,10.0,0.5,1.0,,46,46,28,18,60.87,7.68,-17.6,32.96,3.531,0.6,20
"[-149,-110]",HR≥45/EDG≥10.0/CV≤0.5/μ≥1.0/TP≥50,62.22,10.0,0.5,1.0,50.0,45,45,28,17,62.22,10.07,-15.33,35.47,4.531,0.632,19
"[-149,-110]",HR≥45/EDG≥10.0/CV≤0.45/μ≥-/TP≥-,60.98,10.0,0.45,,,41,41,25,16,60.98,7.4,-19.28,34.07,3.033,0.636,22
"[-149,-110]",HR≥45/EDG≥10.0/CV≤0.45/μ≥-/TP≥50,64.1,10.0,0.45,,50.0,39,39,25,14,64.1,12.9,-14.01,39.82,5.033,0.636,22
"[-149,-110]",HR≥45/EDG≥10.0/CV≤0.45/μ≥0.0/TP≥-,60.98,10.0,0.45,0.0,,41,41,25,16,60.98,7.4,-19.28,34.07,3.033,0.636,22
"[-149,-110]",HR≥45/EDG≥10.0/CV≤0.45/μ≥0.0/TP≥50,64.1,10.0,0.45,0.0,50.0,39,39,25,14,64.1,12.9,-14.01,39.82,5.033,0.636,22
"[-149,-110]",HR≥45/EDG≥10.0/CV≤0.45/μ≥0.5/TP≥-,60.98,10.0,0.45,0.5,,41,41,25,16,60.98,7.4,-19.28,34.07,3.033,0.636,22
"[-149,-110]",HR≥45/EDG≥10.0/CV≤0.45/μ≥0.5/TP≥50,64.1,10.0,0.45,0.5,50.0,39,39,25,14,64.1,12.9,-14.01,39.82,5.033,0.636,22
"[-149,-110]",HR≥45/EDG≥10.0/CV≤0.45/μ≥1.0/TP≥-,63.89,10.0,0.45,1.0,,36,36,23,13,63.89,12.42,-15.64,40.47,4.47,0.65,20
"[-149,-110]",HR≥45/EDG≥10.0/CV≤0.45/μ≥1.0/TP≥50,65.71,10.0,0.45,1.0,50.0,35,35,23,12,65.71,15.63,-12.51,43.76,5.47,0.684,19
"[-149,-110]",HR≥50/EDG≥-/CV≤-/μ≥-/TP≥-,54.13,,,,,111,109,59,50,54.13,-3.96,-20.66,12.74,-4.316,0.5,26
"[-149,-110]",HR≥50/EDG≥-/CV≤-/μ≥-/TP≥50,54.63,,,,50.0,110,108,59,49,54.63,-3.07,-19.84,13.7,-3.316,0.5,26
"[-149,-110]",HR≥50/EDG≥-/CV≤-/μ≥-/TP≥55,58.54,,,,55.0,42,41,24,17,58.54,-0.06,-26.13,26.01,-0.026,0.56,25
"[-149,-110]",HR≥50/EDG≥-/CV≤-/μ≥0.0/TP≥-,56.99,,,0.0,,94,93,53,40,56.99,0.78,-17.14,18.7,0.723,0.5,26
"[-149,-110]",HR≥50/EDG≥-/CV≤-/μ≥0.0/TP≥50,57.61,,,0.0,50.0,93,92,53,39,57.61,1.87,-16.11,19.86,1.723,0.5,26
"[-149,-110]",HR≥50/EDG≥-/CV≤-/μ≥0.0/TP≥55,62.86,,,0.0,55.0,35,35,22,13,62.86,7.28,-20.44,35.01,2.549,0.619,21
"[-149,-110]",HR≥50/EDG≥-/CV≤-/μ≥0.5/TP≥-,53.16,,,0.5,,79,79,42,37,53.16,-5.95,-25.57,13.68,-4.697,0.44,25
"[-149,-110]",HR≥50/EDG≥-/CV≤-/μ≥0.5/TP≥50,53.85,,,0.5,50.0,78,78,42,36,53.85,-4.74,-24.47,14.99,-3.697,0.44,25
"[-149,-110]",HR≥50/EDG≥-/CV≤-/μ≥0.5/TP≥55,60.0,,,0.5,55.0,30,30,18,12,60.0,2.4,-28.04,32.84,0.72,0.55,20
"[-149,-110]",HR≥50/EDG≥-/CV≤-/μ≥1.0/TP≥-,57.63,,,1.0,,59,59,34,25,57.63,2.01,-20.55,24.57,1.185,0.524,21
"[-149,-110]",HR≥50/EDG≥-/CV≤-/μ≥1.0/TP≥50,58.62,,,1.0,50.0,58,58,34,24,58.62,3.77,-18.91,26.45,2.185,0.524,21
"[-149,-110]",HR≥50/EDG≥-/CV≤0.7/μ≥-/TP≥-,53.92,,0.7,,,104,102,55,47,53.92,-4.4,-21.67,12.86,-4.491,0.5,26
"[-149,-110]",HR≥50/EDG≥-/CV≤0.7/μ≥-/TP≥50,54.46,,0.7,,50.0,103,101,55,46,54.46,-3.46,-20.79,13.88,-3.491,0.5,26
"[-149,-110]",HR≥50/EDG≥-/CV≤0.7/μ≥-/TP≥55,60.53,,0.7,,55.0,39,38,23,15,60.53,3.37,-23.54,30.27,1.28,0.6,25
"[-149,-110]",HR≥50/EDG≥-/CV≤0.7/μ≥0.0/TP≥-,56.98,,0.7,0.0,,87,86,49,37,56.98,0.64,-17.98,19.26,0.549,0.538,26
"[-149,-110]",HR≥50/EDG≥-/CV≤0.7/μ≥0.0/TP≥50,57.65,,0.7,0.0,50.0,86,85,49,36,57.65,1.82,-16.87,20.52,1.549,0.538,26
"[-149,-110]",HR≥50/EDG≥-/CV≤0.7/μ≥0.0/TP≥55,65.62,,0.7,0.0,55.0,32,32,21,11,65.62,12.05,-16.51,40.6,3.855,0.667,21
"[-149,-110]",HR≥50/EDG≥-/CV≤0.7/μ≥0.5/TP≥-,52.7,,0.7,0.5,,74,74,39,35,52.7,-6.93,-27.19,13.32,-5.131,0.44,25
"[-149,-110]",HR≥50/EDG≥-/CV≤0.7/μ≥0.5/TP≥50,53.42,,0.7,0.5,50.0,73,73,39,34,53.42,-5.66,-26.04,14.72,-4.131,0.44,25
"[-149,-110]",HR≥50/EDG≥-/CV≤0.7/μ≥1.0/TP≥-,57.41,,0.7,1.0,,54,54,31,23,57.41,1.39,-22.17,24.95,0.751,0.524,21
"[-149,-110]",HR≥50/EDG≥-/CV≤0.7/μ≥1.0/TP≥50,58.49,,0.7,1.0,50.0,53,53,31,22,58.49,3.3,-20.4,27.0,1.751,0.55,20
"[-149,-110]",HR≥50/EDG≥-/CV≤0.6/μ≥-/TP≥-,54.55,,0.6,,,101,99,54,45,54.55,-3.29,-20.8,14.22,-3.26,0.538,26
"[-149,-110]",HR≥50/EDG≥-/CV≤0.6/μ≥-/TP≥50,55.1,,0.6,,50.0,100,98,54,44,55.1,-2.31,-19.89,15.27,-2.26,0.538,26
"[-149,-110]",HR≥50/EDG≥-/CV≤0.6/μ≥-/TP≥55,60.53,,0.6,,55.0,39,38,23,15,60.53,3.37,-23.54,30.27,1.28,0.6,25
"[-149,-110]",HR≥50/EDG≥-/CV≤0.6/μ≥0.0/TP≥-,57.83,,0.6,0.0,,84,83,48,35,57.83,2.14,-16.77,21.05,1.779,0.577,26
"[-149,-110]",HR≥50/EDG≥-/CV≤0.6/μ≥0.0/TP≥50,58.54,,0.6,0.0,50.0,83,82,48,34,58.54,3.39,-15.59,22.37,2.779,0.577,26
"[-149,-110]",HR≥50/EDG≥-/CV≤0.6/μ≥0.0/TP≥55,65.62,,0.6,0.0,55.0,32,32,21,11,65.62,12.05,-16.51,40.6,3.855,0.667,21
"[-149,-110]",HR≥50/EDG≥-/CV≤0.6/μ≥0.5/TP≥-,54.17,,0.6,0.5,,72,72,39,33,54.17,-4.35,-24.85,16.15,-3.131,0.44,25
"[-149,-110]",HR≥50/EDG≥-/CV≤0.6/μ≥0.5/TP≥50,54.93,,0.6,0.5,50.0,71,71,39,32,54.93,-3.0,-23.62,17.62,-2.131,0.44,25
"[-149,-110]",HR≥50/EDG≥-/CV≤0.6/μ≥1.0/TP≥-,59.62,,0.6,1.0,,52,52,31,21,59.62,5.29,-18.54,29.12,2.751,0.524,21
"[-149,-110]",HR≥50/EDG≥-/CV≤0.6/μ≥1.0/TP≥50,60.78,,0.6,1.0,50.0,51,51,31,20,60.78,7.35,-16.6,31.3,3.751,0.55,20
"[-149,-110]",HR≥50/EDG≥-/CV≤0.5/μ≥-/TP≥-,58.75,,0.5,,,82,80,47,33,58.75,4.11,-15.17,23.38,3.287,0.615,26
"[-149,-110]",HR≥50/EDG≥-/CV≤0.5/μ≥-/TP≥50,59.49,,0.5,,50.0,81,79,47,32,59.49,5.43,-13.92,24.77,4.287,0.615,26
"[-149,-110]",HR≥50/EDG≥-/CV≤0.5/μ≥-/TP≥55,60.61,,0.5,,55.0,34,33,20,13,60.61,3.21,-25.62,32.05,1.061,0.609,23
"[-149,-110]",HR≥50/EDG≥-/CV≤0.5/μ≥0.0/TP≥-,61.76,,0.5,0.0,,69,68,42,26,61.76,9.11,-11.48,29.71,6.197,0.625,24
"[-149,-110]",HR≥50/EDG≥-/CV≤0.5/μ≥0.0/TP≥50,62.69,,0.5,0.0,50.0,68,67,42,25,62.69,10.74,-9.91,31.39,7.197,0.625,24
"[-149,-110]",HR≥50/EDG≥-/CV≤0.5/μ≥0.5/TP≥-,58.62,,0.5,0.5,,58,58,34,24,58.62,3.45,-19.15,26.05,2.001,0.522,23
"[-149,-110]",HR≥50/EDG≥-/CV≤0.5/μ≥0.5/TP≥50,59.65,,0.5,0.5,50.0,57,57,34,23,59.65,5.26,-17.45,27.98,3.001,0.522,23
"[-149,-110]",HR≥50/EDG≥-/CV≤0.5/μ≥1.0/TP≥-,62.22,,0.5,1.0,,45,45,28,17,62.22,9.71,-15.6,35.02,4.371,0.6,20
"[-149,-110]",HR≥50/EDG≥-/CV≤0.5/μ≥1.0/TP≥50,63.64,,0.5,1.0,50.0,44,44,28,16,63.64,12.21,-13.2,37.61,5.371,0.632,19
"[-149,-110]",HR≥50/EDG≥-/CV≤0.45/μ≥-/TP≥-,60.0,,0.45,,,67,65,39,26,60.0,6.14,-15.13,27.42,3.994,0.577,26
"[-149,-110]",HR≥50/EDG≥-/CV≤0.45/μ≥-/TP≥50,60.94,,0.45,,50.0,66,64,39,25,60.94,7.8,-13.55,29.16,4.994,0.577,26
"[-149,-110]",HR≥50/EDG≥-/CV≤0.45/μ≥0.0/TP≥-,64.15,,0.45,0.0,,54,53,34,19,64.15,13.03,-9.98,36.03,6.903,0.667,24
"[-149,-110]",HR≥50/EDG≥-/CV≤0.45/μ≥0.0/TP≥50,65.38,,0.45,0.0,50.0,53,52,34,18,65.38,15.2,-7.85,38.24,7.903,0.667,24
"[-149,-110]",HR≥50/EDG≥-/CV≤0.45/μ≥0.5/TP≥-,61.36,,0.45,0.5,,44,44,27,17,61.36,8.05,-17.62,33.72,3.541,0.565,23
"[-149,-110]",HR≥50/EDG≥-/CV≤0.45/μ≥0.5/TP≥50,62.79,,0.45,0.5,50.0,43,43,27,16,62.79,10.56,-15.22,36.34,4.541,0.565,23
"[-149,-110]",HR≥50/EDG≥-/CV≤0.45/μ≥1.0/TP≥-,65.71,,0.45,1.0,,35,35,23,12,65.71,15.63,-12.51,43.76,5.47,0.65,20
"[-149,-110]",HR≥50/EDG≥-/CV≤0.45/μ≥1.0/TP≥50,67.65,,0.45,1.0,50.0,34,34,23,11,67.65,19.03,-9.12,47.18,6.47,0.684,19
"[-149,-110]",HR≥50/EDG≥-/CV≤0.4/μ≥-/TP≥-,66.0,,0.4,,,52,50,33,17,66.0,16.97,-6.59,40.53,8.485,0.615,26
"[-149,-110]",HR≥50/EDG≥-/CV≤0.4/μ≥-/TP≥50,67.35,,0.4,,50.0,51,49,33,16,67.35,19.36,-4.21,42.92,9.485,0.615,26
"[-149,-110]",HR≥50/EDG≥-/CV≤0.4/μ≥0.0/TP≥-,71.79,,0.4,0.0,,40,39,28,11,71.79,26.65,1.36,51.95,10.394,0.682,22
"[-149,-110]",HR≥50/EDG≥-/CV≤0.4/μ≥0.0/TP≥50,73.68,,0.4,0.0,50.0,39,38,28,10,73.68,29.98,4.9,55.07,11.394,0.682,22
"[-149,-110]",HR≥50/EDG≥-/CV≤0.4/μ≥0.5/TP≥-,68.75,,0.4,0.5,,32,32,22,10,68.75,21.0,-7.77,49.78,6.721,0.6,20
"[-149,-110]",HR≥50/EDG≥-/CV≤0.4/μ≥0.5/TP≥50,70.97,,0.4,0.5,50.0,31,31,22,9,70.97,24.91,-3.74,53.56,7.721,0.6,20
"[-149,-110]",HR≥50/EDG≥-5.0/CV≤-/μ≥-/TP≥-,56.67,-5.0,,,,91,90,51,39,56.67,0.27,-17.97,18.52,0.247,0.538,26
"[-149,-110]",HR≥50/EDG≥-5.0/CV≤-/μ≥-/TP≥50,57.3,-5.0,,,50.0,90,89,51,38,57.3,1.4,-16.92,19.72,1.247,0.538,26
"[-149,-110]",HR≥50/EDG≥-5.0/CV≤-/μ≥-/TP≥55,63.64,-5.0,,,55.0,33,33,21,12,63.64,8.53,-19.91,36.96,2.814,0.65,20
"[-149,-110]",HR≥50/EDG≥-5.0/CV≤-/μ≥0.0/TP≥-,57.3,-5.0,,0.0,,90,89,51,38,57.3,1.4,-16.92,19.72,1.247,0.538,26
"[-149,-110]",HR≥50/EDG≥-5.0/CV≤-/μ≥0.0/TP≥50,57.95,-5.0,,0.0,50.0,89,88,51,37,57.95,2.55,-15.83,20.94,2.247,0.538,26
"[-149,-110]",HR≥50/EDG≥-5.0/CV≤-/μ≥0.0/TP≥55,63.64,-5.0,,0.0,55.0,33,33,21,12,63.64,8.53,-19.91,36.96,2.814,0.65,20
"[-149,-110]",HR≥50/EDG≥-5.0/CV≤-/μ≥0.5/TP≥-,53.16,-5.0,,0.5,,79,79,42,37,53.16,-5.95,-25.57,13.68,-4.697,0.44,25
"[-149,-110]",HR≥50/EDG≥-5.0/CV≤-/μ≥0.5/TP≥50,53.85,-5.0,,0.5,50.0,78,78,42,36,53.85,-4.74,-24.47,14.99,-3.697,0.44,25
"[-149,-110]",HR≥50/EDG≥-5.0/CV≤-/μ≥0.5/TP≥55,60.0,-5.0,,0.5,55.0,30,30,18,12,60.0,2.4,-28.04,32.84,0.72,0.55,20
"[-149,-110]",HR≥50/EDG≥-5.0/CV≤-/μ≥1.0/TP≥-,57.63,-5.0,,1.0,,59,59,34,25,57.63,2.01,-20.55,24.57,1.185,0.524,21
"[-149,-110]",HR≥50/EDG≥-5.0/CV≤-/μ≥1.0/TP≥50,58.62,-5.0,,1.0,50.0,58,58,34,24,58.62,3.77,-18.91,26.45,2.185,0.524,21
"[-149,-110]",HR≥50/EDG≥-5.0/CV≤0.7/μ≥-/TP≥-,56.47,-5.0,0.7,,,86,85,48,37,56.47,-0.22,-18.98,18.54,-0.187,0.5,26
"[-149,-110]",HR≥50/EDG≥-5.0/CV≤0.7/μ≥-/TP≥50,57.14,-5.0,0.7,,50.0,85,84,48,36,57.14,0.97,-17.87,19.81,0.813,0.5,26
"[-149,-110]",HR≥50/EDG≥-5.0/CV≤0.7/μ≥-/TP≥55,66.67,-5.0,0.7,,55.0,30,30,20,10,66.67,13.73,-15.55,43.01,4.119,0.684,19
"[-149,-110]",HR≥50/EDG≥-5.0/CV≤0.7/μ≥0.0/TP≥-,57.14,-5.0,0.7,0.0,,85,84,48,36,57.14,0.97,-17.87,19.81,0.813,0.538,26
"[-149,-110]",HR≥50/EDG≥-5.0/CV≤0.7/μ≥0.0/TP≥50,57.83,-5.0,0.7,0.0,50.0,84,83,48,35,57.83,2.18,-16.73,21.1,1.813,0.538,26
"[-149,-110]",HR≥50/EDG≥-5.0/CV≤0.7/μ≥0.0/TP≥55,66.67,-5.0,0.7,0.0,55.0,30,30,20,10,66.67,13.73,-15.55,43.01,4.119,0.684,19
"[-149,-110]",HR≥50/EDG≥-5.0/CV≤0.7/μ≥0.5/TP≥-,52.7,-5.0,0.7,0.5,,74,74,39,35,52.7,-6.93,-27.19,13.32,-5.131,0.44,25
"[-149,-110]",HR≥50/EDG≥-5.0/CV≤0.7/μ≥0.5/TP≥50,53.42,-5.0,0.7,0.5,50.0,73,73,39,34,53.42,-5.66,-26.04,14.72,-4.131,0.44,25
"[-149,-110]",HR≥50/EDG≥-5.0/CV≤0.7/μ≥1.0/TP≥-,57.41,-5.0,0.7,1.0,,54,54,31,23,57.41,1.39,-22.17,24.95,0.751,0.524,21
"[-149,-110]",HR≥50/EDG≥-5.0/CV≤0.7/μ≥1.0/TP≥50,58.49,-5.0,0.7,1.0,50.0,53,53,31,22,58.49,3.3,-20.4,27.0,1.751,0.55,20
"[-149,-110]",HR≥50/EDG≥-5.0/CV≤0.6/μ≥-/TP≥-,57.32,-5.0,0.6,,,83,82,47,35,57.32,1.27,-17.79,20.34,1.044,0.5,26
"[-149,-110]",HR≥50/EDG≥-5.0/CV≤0.6/μ≥-/TP≥50,58.02,-5.0,0.6,,50.0,82,81,47,34,58.02,2.52,-16.62,21.66,2.044,0.5,26
"[-149,-110]",HR≥50/EDG≥-5.0/CV≤0.6/μ≥-/TP≥55,66.67,-5.0,0.6,,55.0,30,30,20,10,66.67,13.73,-15.55,43.01,4.119,0.684,19
"[-149,-110]",HR≥50/EDG≥-5.0/CV≤0.6/μ≥0.0/TP≥-,58.02,-5.0,0.6,0.0,,82,81,47,34,58.02,2.52,-16.62,21.66,2.044,0.538,26
"[-149,-110]",HR≥50/EDG≥-5.0/CV≤0.6/μ≥0.0/TP≥50,58.75,-5.0,0.6,0.0,50.0,81,80,47,33,58.75,3.81,-15.41,23.02,3.044,0.538,26
"[-149,-110]",HR≥50/EDG≥-5.0/CV≤0.6/μ≥0.0/TP≥55,66.67,-5.0,0.6,0.0,55.0,30,30,20,10,66.67,13.73,-15.55,43.01,4.119,0.684,19
"[-149,-110]",HR≥50/EDG≥-5.0/CV≤0.6/μ≥0.5/TP≥-,54.17,-5.0,0.6,0.5,,72,72,39,33,54.17,-4.35,-24.85,16.15,-3.131,0.44,25
"[-149,-110]",HR≥50/EDG≥-5.0/CV≤0.6/μ≥0.5/TP≥50,54.93,-5.0,0.6,0.5,50.0,71,71,39,32,54.93,-3.0,-23.62,17.62,-2.131,0.44,25
"[-149,-110]",HR≥50/EDG≥-5.0/CV≤0.6/μ≥1.0/TP≥-,59.62,-5.0,0.6,1.0,,52,52,31,21,59.62,5.29,-18.54,29.12,2.751,0.524,21
"[-149,-110]",HR≥50/EDG≥-5.0/CV≤0.6/μ≥1.0/TP≥50,60.78,-5.0,0.6,1.0,50.0,51,51,31,20,60.78,7.35,-16.6,31.3,3.751,0.55,20
"[-149,-110]",HR≥50/EDG≥-5.0/CV≤0.5/μ≥-/TP≥-,61.19,-5.0,0.5,,,68,67,41,26,61.19,8.15,-12.67,28.97,5.461,0.542,24
"[-149,-110]",HR≥50/EDG≥-5.0/CV≤0.5/μ≥-/TP≥50,62.12,-5.0,0.5,,50.0,67,66,41,25,62.12,9.79,-11.09,30.67,6.461,0.542,24
"[-149,-110]",HR≥50/EDG≥-5.0/CV≤0.5/μ≥0.0/TP≥-,62.12,-5.0,0.5,0.0,,67,66,41,25,62.12,9.79,-11.09,30.67,6.461,0.583,24
"[-149,-110]",HR≥50/EDG≥-5.0/CV≤0.5/μ≥0.0/TP≥50,63.08,-5.0,0.5,0.0,50.0,66,65,41,24,63.08,11.48,-9.46,32.42,7.461,0.583,24
"[-149,-110]",HR≥50/EDG≥-5.0/CV≤0.5/μ≥0.5/TP≥-,58.62,-5.0,0.5,0.5,,58,58,34,24,58.62,3.45,-19.15,26.05,2.001,0.522,23
"[-149,-110]",HR≥50/EDG≥-5.0/CV≤0.5/μ≥0.5/TP≥50,59.65,-5.0,0.5,0.5,50.0,57,57,34,23,59.65,5.26,-17.45,27.98,3.001,0.522,23
"[-149,-110]",HR≥50/EDG≥-5.0/CV≤0.5/μ≥1.0/TP≥-,62.22,-5.0,0.5,1.0,,45,45,28,17,62.22,9.71,-15.6,35.02,4.371,0.6,20
"[-149,-110]",HR≥50/EDG≥-5.0/CV≤0.5/μ≥1.0/TP≥50,63.64,-5.0,0.5,1.0,50.0,44,44,28,16,63.64,12.21,-13.2,37.61,5.371,0.632,19
"[-149,-110]",HR≥50/EDG≥-5.0/CV≤0.45/μ≥-/TP≥-,63.46,-5.0,0.45,,,53,52,33,19,63.46,11.86,-11.47,35.2,6.168,0.583,24
"[-149,-110]",HR≥50/EDG≥-5.0/CV≤0.45/μ≥-/TP≥50,64.71,-5.0,0.45,,50.0,52,51,33,18,64.71,14.05,-9.34,37.45,7.168,0.583,24
"[-149,-110]",HR≥50/EDG≥-5.0/CV≤0.45/μ≥0.0/TP≥-,64.71,-5.0,0.45,0.0,,52,51,33,18,64.71,14.05,-9.34,37.45,7.168,0.625,24
"[-149,-110]",HR≥50/EDG≥-5.0/CV≤0.45/μ≥0.0/TP≥50,66.0,-5.0,0.45,0.0,50.0,51,50,33,17,66.0,16.34,-7.09,39.76,8.168,0.625,24
"[-149,-110]",HR≥50/EDG≥-5.0/CV≤0.45/μ≥0.5/TP≥-,61.36,-5.0,0.45,0.5,,44,44,27,17,61.36,8.05,-17.62,33.72,3.541,0.565,23
"[-149,-110]",HR≥50/EDG≥-5.0/CV≤0.45/μ≥0.5/TP≥50,62.79,-5.0,0.45,0.5,50.0,43,43,27,16,62.79,10.56,-15.22,36.34,4.541,0.565,23
"[-149,-110]",HR≥50/EDG≥-5.0/CV≤0.45/μ≥1.0/TP≥-,65.71,-5.0,0.45,1.0,,35,35,23,12,65.71,15.63,-12.51,43.76,5.47,0.65,20
"[-149,-110]",HR≥50/EDG≥-5.0/CV≤0.45/μ≥1.0/TP≥50,67.65,-5.0,0.45,1.0,50.0,34,34,23,11,67.65,19.03,-9.12,47.18,6.47,0.684,19
"[-149,-110]",HR≥50/EDG≥-5.0/CV≤0.4/μ≥-/TP≥-,72.97,-5.0,0.4,,,38,37,27,10,72.97,28.81,3.14,54.47,10.659,0.636,22
"[-149,-110]",HR≥50/EDG≥-5.0/CV≤0.4/μ≥-/TP≥50,75.0,-5.0,0.4,,50.0,37,36,27,9,75.0,32.39,7.0,57.77,11.659,0.636,22
"[-149,-110]",HR≥50/EDG≥-5.0/CV≤0.4/μ≥0.0/TP≥-,72.97,-5.0,0.4,0.0,,38,37,27,10,72.97,28.81,3.14,54.47,10.659,0.636,22
"[-149,-110]",HR≥50/EDG≥-5.0/CV≤0.4/μ≥0.0/TP≥50,75.0,-5.0,0.4,0.0,50.0,37,36,27,9,75.0,32.39,7.0,57.77,11.659,0.636,22
"[-149,-110]",HR≥50/EDG≥-5.0/CV≤0.4/μ≥0.5/TP≥-,68.75,-5.0,0.4,0.5,,32,32,22,10,68.75,21.0,-7.77,49.78,6.721,0.6,20
"[-149,-110]",HR≥50/EDG≥-5.0/CV≤0.4/μ≥0.5/TP≥50,70.97,-5.0,0.4,0.5,50.0,31,31,22,9,70.97,24.91,-3.74,53.56,7.721,0.6,20
"[-149,-110]",HR≥50/EDG≥0.0/CV≤-/μ≥-/TP≥-,54.32,0.0,,,,82,81,44,37,54.32,-3.86,-23.21,15.49,-3.127,0.48,25
"[-149,-110]",HR≥50/EDG≥0.0/CV≤-/μ≥-/TP≥50,55.0,0.0,,,50.0,81,80,44,36,55.0,-2.66,-22.11,16.79,-2.127,0.48,25
"[-149,-110]",HR≥50/EDG≥0.0/CV≤-/μ≥0.0/TP≥-,54.32,0.0,,0.0,,82,81,44,37,54.32,-3.86,-23.21,15.49,-3.127,0.48,25
"[-149,-110]",HR≥50/EDG≥0.0/CV≤-/μ≥0.0/TP≥50,55.0,0.0,,0.0,50.0,81,80,44,36,55.0,-2.66,-22.11,16.79,-2.127,0.48,25
"[-149,-110]",HR≥50/EDG≥0.0/CV≤-/μ≥0.5/TP≥-,53.85,0.0,,0.5,,78,78,42,36,53.85,-4.74,-24.47,14.99,-3.697,0.44,25
"[-149,-110]",HR≥50/EDG≥0.0/CV≤-/μ≥0.5/TP≥50,54.55,0.0,,0.5,50.0,77,77,42,35,54.55,-3.5,-23.34,16.34,-2.697,0.44,25
"[-149,-110]",HR≥50/EDG≥0.0/CV≤-/μ≥1.0/TP≥-,57.63,0.0,,1.0,,59,59,34,25,57.63,2.01,-20.55,24.57,1.185,0.524,21
"[-149,-110]",HR≥50/EDG≥0.0/CV≤-/μ≥1.0/TP≥50,58.62,0.0,,1.0,50.0,58,58,34,24,58.62,3.77,-18.91,26.45,2.185,0.524,21
"[-149,-110]",HR≥50/EDG≥0.0/CV≤0.7/μ≥-/TP≥-,53.95,0.0,0.7,,,77,76,41,35,53.95,-4.69,-24.65,15.28,-3.562,0.48,25
"[-149,-110]",HR≥50/EDG≥0.0/CV≤0.7/μ≥-/TP≥50,54.67,0.0,0.7,,50.0,76,75,41,34,54.67,-3.42,-23.49,16.66,-2.562,0.48,25
"[-149,-110]",HR≥50/EDG≥0.0/CV≤0.7/μ≥0.0/TP≥-,53.95,0.0,0.7,0.0,,77,76,41,35,53.95,-4.69,-24.65,15.28,-3.562,0.48,25
"[-149,-110]",HR≥50/EDG≥0.0/CV≤0.7/μ≥0.0/TP≥50,54.67,0.0,0.7,0.0,50.0,76,75,41,34,54.67,-3.42,-23.49,16.66,-2.562,0.48,25
"[-149,-110]",HR≥50/EDG≥0.0/CV≤0.7/μ≥0.5/TP≥-,53.42,0.0,0.7,0.5,,73,73,39,34,53.42,-5.66,-26.04,14.72,-4.131,0.44,25
"[-149,-110]",HR≥50/EDG≥0.0/CV≤0.7/μ≥0.5/TP≥50,54.17,0.0,0.7,0.5,50.0,72,72,39,33,54.17,-4.35,-24.85,16.15,-3.131,0.44,25
"[-149,-110]",HR≥50/EDG≥0.0/CV≤0.7/μ≥1.0/TP≥-,57.41,0.0,0.7,1.0,,54,54,31,23,57.41,1.39,-22.17,24.95,0.751,0.524,21
"[-149,-110]",HR≥50/EDG≥0.0/CV≤0.7/μ≥1.0/TP≥50,58.49,0.0,0.7,1.0,50.0,53,53,31,22,58.49,3.3,-20.4,27.0,1.751,0.55,20
"[-149,-110]",HR≥50/EDG≥0.0/CV≤0.6/μ≥-/TP≥-,54.79,0.0,0.6,,,74,73,40,33,54.79,-3.19,-23.54,17.15,-2.331,0.48,25
"[-149,-110]",HR≥50/EDG≥0.0/CV≤0.6/μ≥-/TP≥50,55.56,0.0,0.6,,50.0,73,72,40,32,55.56,-1.85,-22.3,18.61,-1.331,0.48,25
"[-149,-110]",HR≥50/EDG≥0.0/CV≤0.6/μ≥0.0/TP≥-,54.79,0.0,0.6,0.0,,74,73,40,33,54.79,-3.19,-23.54,17.15,-2.331,0.48,25
"[-149,-110]",HR≥50/EDG≥0.0/CV≤0.6/μ≥0.0/TP≥50,55.56,0.0,0.6,0.0,50.0,73,72,40,32,55.56,-1.85,-22.3,18.61,-1.331,0.48,25
"[-149,-110]",HR≥50/EDG≥0.0/CV≤0.6/μ≥0.5/TP≥-,54.93,0.0,0.6,0.5,,71,71,39,32,54.93,-3.0,-23.62,17.62,-2.131,0.44,25
"[-149,-110]",HR≥50/EDG≥0.0/CV≤0.6/μ≥0.5/TP≥50,55.71,0.0,0.6,0.5,50.0,70,70,39,31,55.71,-1.62,-22.35,19.12,-1.131,0.44,25
"[-149,-110]",HR≥50/EDG≥0.0/CV≤0.6/μ≥1.0/TP≥-,59.62,0.0,0.6,1.0,,52,52,31,21,59.62,5.29,-18.54,29.12,2.751,0.524,21
"[-149,-110]",HR≥50/EDG≥0.0/CV≤0.6/μ≥1.0/TP≥50,60.78,0.0,0.6,1.0,50.0,51,51,31,20,60.78,7.35,-16.6,31.3,3.751,0.55,20
"[-149,-110]",HR≥50/EDG≥0.0/CV≤0.5/μ≥-/TP≥-,58.33,0.0,0.5,,,61,60,35,25,58.33,3.0,-19.25,25.25,1.801,0.522,23
"[-149,-110]",HR≥50/EDG≥0.0/CV≤0.5/μ≥-/TP≥50,59.32,0.0,0.5,,50.0,60,59,35,24,59.32,4.75,-17.62,27.11,2.801,0.522,23
"[-149,-110]",HR≥50/EDG≥0.0/CV≤0.5/μ≥0.0/TP≥-,58.33,0.0,0.5,0.0,,61,60,35,25,58.33,3.0,-19.25,25.25,1.801,0.522,23
"[-149,-110]",HR≥50/EDG≥0.0/CV≤0.5/μ≥0.0/TP≥50,59.32,0.0,0.5,0.0,50.0,60,59,35,24,59.32,4.75,-17.62,27.11,2.801,0.522,23
"[-149,-110]",HR≥50/EDG≥0.0/CV≤0.5/μ≥0.5/TP≥-,58.62,0.0,0.5,0.5,,58,58,34,24,58.62,3.45,-19.15,26.05,2.001,0.522,23
"[-149,-110]",HR≥50/EDG≥0.0/CV≤0.5/μ≥0.5/TP≥50,59.65,0.0,0.5,0.5,50.0,57,57,34,23,59.65,5.26,-17.45,27.98,3.001,0.522,23
"[-149,-110]",HR≥50/EDG≥0.0/CV≤0.5/μ≥1.0/TP≥-,62.22,0.0,0.5,1.0,,45,45,28,17,62.22,9.71,-15.6,35.02,4.371,0.6,20
"[-149,-110]",HR≥50/EDG≥0.0/CV≤0.5/μ≥1.0/TP≥50,63.64,0.0,0.5,1.0,50.0,44,44,28,16,63.64,12.21,-13.2,37.61,5.371,0.632,19
"[-149,-110]",HR≥50/EDG≥0.0/CV≤0.45/μ≥-/TP≥-,60.87,0.0,0.45,,,47,46,28,18,60.87,7.26,-17.91,32.43,3.341,0.565,23
"[-149,-110]",HR≥50/EDG≥0.0/CV≤0.45/μ≥-/TP≥50,62.22,0.0,0.45,,50.0,46,45,28,17,62.22,9.65,-15.64,34.93,4.341,0.565,23
"[-149,-110]",HR≥50/EDG≥0.0/CV≤0.45/μ≥0.0/TP≥-,60.87,0.0,0.45,0.0,,47,46,28,18,60.87,7.26,-17.91,32.43,3.341,0.565,23
"[-149,-110]",HR≥50/EDG≥0.0/CV≤0.45/μ≥0.0/TP≥50,62.22,0.0,0.45,0.0,50.0,46,45,28,17,62.22,9.65,-15.64,34.93,4.341,0.565,23
"[-149,-110]",HR≥50/EDG≥0.0/CV≤0.45/μ≥0.5/TP≥-,61.36,0.0,0.45,0.5,,44,44,27,17,61.36,8.05,-17.62,33.72,3.541,0.565,23
"[-149,-110]",HR≥50/EDG≥0.0/CV≤0.45/μ≥0.5/TP≥50,62.79,0.0,0.45,0.5,50.0,43,43,27,16,62.79,10.56,-15.22,36.34,4.541,0.565,23
"[-149,-110]",HR≥50/EDG≥0.0/CV≤0.45/μ≥1.0/TP≥-,65.71,0.0,0.45,1.0,,35,35,23,12,65.71,15.63,-12.51,43.76,5.47,0.65,20
"[-149,-110]",HR≥50/EDG≥0.0/CV≤0.45/μ≥1.0/TP≥50,67.65,0.0,0.45,1.0,50.0,34,34,23,11,67.65,19.03,-9.12,47.18,6.47,0.684,19
"[-149,-110]",HR≥50/EDG≥0.0/CV≤0.4/μ≥-/TP≥-,69.7,0.0,0.4,,,34,33,23,10,69.7,22.79,-5.32,50.9,7.521,0.6,20
"[-149,-110]",HR≥50/EDG≥0.0/CV≤0.4/μ≥-/TP≥50,71.88,0.0,0.4,,50.0,33,32,23,9,71.88,26.63,-1.32,54.58,8.521,0.6,20
"[-149,-110]",HR≥50/EDG≥0.0/CV≤0.4/μ≥0.0/TP≥-,69.7,0.0,0.4,0.0,,34,33,23,10,69.7,22.79,-5.32,50.9,7.521,0.6,20
"[-149,-110]",HR≥50/EDG≥0.0/CV≤0.4/μ≥0.0/TP≥50,71.88,0.0,0.4,0.0,50.0,33,32,23,9,71.88,26.63,-1.32,54.58,8.521,0.6,20
"[-149,-110]",HR≥50/EDG≥0.0/CV≤0.4/μ≥0.5/TP≥-,68.75,0.0,0.4,0.5,,32,32,22,10,68.75,21.0,-7.77,49.78,6.721,0.6,20
"[-149,-110]",HR≥50/EDG≥0.0/CV≤0.4/μ≥0.5/TP≥50,70.97,0.0,0.4,0.5,50.0,31,31,22,9,70.97,24.91,-3.74,53.56,7.721,0.6,20
"[-149,-110]",HR≥50/EDG≥5.0/CV≤-/μ≥-/TP≥-,56.94,5.0,,,,73,72,41,31,56.94,0.85,-19.58,21.29,0.614,0.52,25
"[-149,-110]",HR≥50/EDG≥5.0/CV≤-/μ≥-/TP≥50,57.75,5.0,,,50.0,72,71,41,30,57.75,2.27,-18.26,22.8,1.614,0.52,25
"[-149,-110]",HR≥50/EDG≥5.0/CV≤-/μ≥0.0/TP≥-,56.94,5.0,,0.0,,73,72,41,31,56.94,0.85,-19.58,21.29,0.614,0.52,25
"[-149,-110]",HR≥50/EDG≥5.0/CV≤-/μ≥0.0/TP≥50,57.75,5.0,,0.0,50.0,72,71,41,30,57.75,2.27,-18.26,22.8,1.614,0.52,25
"[-149,-110]",HR≥50/EDG≥5.0/CV≤-/μ≥0.5/TP≥-,56.94,5.0,,0.5,,72,72,41,31,56.94,0.85,-19.58,21.29,0.614,0.52,25
"[-149,-110]",HR≥50/EDG≥5.0/CV≤-/μ≥0.5/TP≥50,57.75,5.0,,0.5,50.0,71,71,41,30,57.75,2.27,-18.26,22.8,1.614,0.52,25
"[-149,-110]",HR≥50/EDG≥5.0/CV≤-/μ≥1.0/TP≥-,57.63,5.0,,1.0,,59,59,34,25,57.63,2.01,-20.55,24.57,1.185,0.524,21
"[-149,-110]",HR≥50/EDG≥5.0/CV≤-/μ≥1.0/TP≥50,58.62,5.0,,1.0,50.0,58,58,34,24,58.62,3.77,-18.91,26.45,2.185,0.524,21
"[-149,-110]",HR≥50/EDG≥5.0/CV≤0.7/μ≥-/TP≥-,56.72,5.0,0.7,,,68,67,38,29,56.72,0.27,-20.9,21.44,0.18,0.52,25
"[-149,-110]",HR≥50/EDG≥5.0/CV≤0.7/μ≥-/TP≥50,57.58,5.0,0.7,,50.0,67,66,38,28,57.58,1.79,-19.49,23.07,1.18,0.52,25
"[-149,-110]",HR≥50/EDG≥5.0/CV≤0.7/μ≥0.0/TP≥-,56.72,5.0,0.7,0.0,,68,67,38,29,56.72,0.27,-20.9,21.44,0.18,0.52,25
"[-149,-110]",HR≥50/EDG≥5.0/CV≤0.7/μ≥0.0/TP≥50,57.58,5.0,0.7,0.0,50.0,67,66,38,28,57.58,1.79,-19.49,23.07,1.18,0.52,25
"[-149,-110]",HR≥50/EDG≥5.0/CV≤0.7/μ≥0.5/TP≥-,56.72,5.0,0.7,0.5,,67,67,38,29,56.72,0.27,-20.9,21.44,0.18,0.52,25
"[-149,-110]",HR≥50/EDG≥5.0/CV≤0.7/μ≥0.5/TP≥50,57.58,5.0,0.7,0.5,50.0,66,66,38,28,57.58,1.79,-19.49,23.07,1.18,0.52,25
"[-149,-110]",HR≥50/EDG≥5.0/CV≤0.7/μ≥1.0/TP≥-,57.41,5.0,0.7,1.0,,54,54,31,23,57.41,1.39,-22.17,24.95,0.751,0.524,21
"[-149,-110]",HR≥50/EDG≥5.0/CV≤0.7/μ≥1.0/TP≥50,58.49,5.0,0.7,1.0,50.0,53,53,31,22,58.49,3.3,-20.4,27.0,1.751,0.55,20
"[-149,-110]",HR≥50/EDG≥5.0/CV≤0.6/μ≥-/TP≥-,58.46,5.0,0.6,,,66,65,38,27,58.46,3.35,-18.03,24.74,2.18,0.52,25
"[-149,-110]",HR≥50/EDG≥5.0/CV≤0.6/μ≥-/TP≥50,59.38,5.0,0.6,,50.0,65,64,38,26,59.38,4.97,-16.51,26.45,3.18,0.52,25
"[-149,-110]",HR≥50/EDG≥5.0/CV≤0.6/μ≥0.0/TP≥-,58.46,5.0,0.6,0.0,,66,65,38,27,58.46,3.35,-18.03,24.74,2.18,0.52,25
"[-149,-110]",HR≥50/EDG≥5.0/CV≤0.6/μ≥0.0/TP≥50,59.38,5.0,0.6,0.0,50.0,65,64,38,26,59.38,4.97,-16.51,26.45,3.18,0.52,25
"[-149,-110]",HR≥50/EDG≥5.0/CV≤0.6/μ≥0.5/TP≥-,58.46,5.0,0.6,0.5,,65,65,38,27,58.46,3.35,-18.03,24.74,2.18,0.52,25
"[-149,-110]",HR≥50/EDG≥5.0/CV≤0.6/μ≥0.5/TP≥50,59.38,5.0,0.6,0.5,50.0,64,64,38,26,59.38,4.97,-16.51,26.45,3.18,0.52,25
"[-149,-110]",HR≥50/EDG≥5.0/CV≤0.6/μ≥1.0/TP≥-,59.62,5.0,0.6,1.0,,52,52,31,21,59.62,5.29,-18.54,29.12,2.751,0.524,21
"[-149,-110]",HR≥50/EDG≥5.0/CV≤0.6/μ≥1.0/TP≥50,60.78,5.0,0.6,1.0,50.0,51,51,31,20,60.78,7.35,-16.6,31.3,3.751,0.55,20
"[-149,-110]",HR≥50/EDG≥5.0/CV≤0.5/μ≥-/TP≥-,62.26,5.0,0.5,,,54,53,33,20,62.26,10.02,-13.3,33.35,5.311,0.609,23
"[-149,-110]",HR≥50/EDG≥5.0/CV≤0.5/μ≥-/TP≥50,63.46,5.0,0.5,,50.0,53,52,33,19,63.46,12.14,-11.26,35.54,6.311,0.609,23
"[-149,-110]",HR≥50/EDG≥5.0/CV≤0.5/μ≥0.0/TP≥-,62.26,5.0,0.5,0.0,,54,53,33,20,62.26,10.02,-13.3,33.35,5.311,0.609,23
"[-149,-110]",HR≥50/EDG≥5.0/CV≤0.5/μ≥0.0/TP≥50,63.46,5.0,0.5,0.0,50.0,53,52,33,19,63.46,12.14,-11.26,35.54,6.311,0.609,23
"[-149,-110]",HR≥50/EDG≥5.0/CV≤0.5/μ≥0.5/TP≥-,62.26,5.0,0.5,0.5,,53,53,33,20,62.26,10.02,-13.3,33.35,5.311,0.609,23
"[-149,-110]",HR≥50/EDG≥5.0/CV≤0.5/μ≥0.5/TP≥50,63.46,5.0,0.5,0.5,50.0,52,52,33,19,63.46,12.14,-11.26,35.54,6.311,0.609,23
"[-149,-110]",HR≥50/EDG≥5.0/CV≤0.5/μ≥1.0/TP≥-,62.22,5.0,0.5,1.0,,45,45,28,17,62.22,9.71,-15.6,35.02,4.371,0.6,20
"[-149,-110]",HR≥50/EDG≥5.0/CV≤0.5/μ≥1.0/TP≥50,63.64,5.0,0.5,1.0,50.0,44,44,28,16,63.64,12.21,-13.2,37.61,5.371,0.632,19
"[-149,-110]",HR≥50/EDG≥5.0/CV≤0.45/μ≥-/TP≥-,65.85,5.0,0.45,,,42,41,27,14,65.85,15.95,-9.97,41.88,6.541,0.652,23
"[-149,-110]",HR≥50/EDG≥5.0/CV≤0.45/μ≥-/TP≥50,67.5,5.0,0.45,,50.0,41,40,27,13,67.5,18.85,-7.08,44.79,7.541,0.652,23
"[-149,-110]",HR≥50/EDG≥5.0/CV≤0.45/μ≥0.0/TP≥-,65.85,5.0,0.45,0.0,,42,41,27,14,65.85,15.95,-9.97,41.88,6.541,0.652,23
"[-149,-110]",HR≥50/EDG≥5.0/CV≤0.45/μ≥0.0/TP≥50,67.5,5.0,0.45,0.0,50.0,41,40,27,13,67.5,18.85,-7.08,44.79,7.541,0.652,23
"[-149,-110]",HR≥50/EDG≥5.0/CV≤0.45/μ≥0.5/TP≥-,65.85,5.0,0.45,0.5,,41,41,27,14,65.85,15.95,-9.97,41.88,6.541,0.652,23
"[-149,-110]",HR≥50/EDG≥5.0/CV≤0.45/μ≥0.5/TP≥50,67.5,5.0,0.45,0.5,50.0,40,40,27,13,67.5,18.85,-7.08,44.79,7.541,0.652,23
"[-149,-110]",HR≥50/EDG≥5.0/CV≤0.45/μ≥1.0/TP≥-,65.71,5.0,0.45,1.0,,35,35,23,12,65.71,15.63,-12.51,43.76,5.47,0.65,20
"[-149,-110]",HR≥50/EDG≥5.0/CV≤0.45/μ≥1.0/TP≥50,67.65,5.0,0.45,1.0,50.0,34,34,23,11,67.65,19.03,-9.12,47.18,6.47,0.684,19
"[-149,-110]",HR≥50/EDG≥5.0/CV≤0.4/μ≥-/TP≥-,70.97,5.0,0.4,,,32,31,22,9,70.97,24.91,-3.74,53.56,7.721,0.6,20
"[-149,-110]",HR≥50/EDG≥5.0/CV≤0.4/μ≥-/TP≥50,73.33,5.0,0.4,,50.0,31,30,22,8,73.33,29.07,0.67,57.47,8.721,0.632,19
"[-149,-110]",HR≥50/EDG≥5.0/CV≤0.4/μ≥0.0/TP≥-,70.97,5.0,0.4,0.0,,32,31,22,9,70.97,24.91,-3.74,53.56,7.721,0.6,20
"[-149,-110]",HR≥50/EDG≥5.0/CV≤0.4/μ≥0.0/TP≥50,73.33,5.0,0.4,0.0,50.0,31,30,22,8,73.33,29.07,0.67,57.47,8.721,0.632,19
"[-149,-110]",HR≥50/EDG≥5.0/CV≤0.4/μ≥0.5/TP≥-,70.97,5.0,0.4,0.5,,31,31,22,9,70.97,24.91,-3.74,53.56,7.721,0.6,20
"[-149,-110]",HR≥50/EDG≥5.0/CV≤0.4/μ≥0.5/TP≥50,73.33,5.0,0.4,0.5,50.0,30,30,22,8,73.33,29.07,0.67,57.47,8.721,0.632,19
"[-149,-110]",HR≥50/EDG≥10.0/CV≤-/μ≥-/TP≥-,55.56,10.0,,,,63,63,35,28,55.56,-1.46,-23.44,20.52,-0.918,0.52,25
"[-149,-110]",HR≥50/EDG≥10.0/CV≤-/μ≥-/TP≥50,56.45,10.0,,,50.0,62,62,35,27,56.45,0.13,-21.98,22.24,0.082,0.52,25
"[-149,-110]",HR≥50/EDG≥10.0/CV≤-/μ≥0.0/TP≥-,55.56,10.0,,0.0,,63,63,35,28,55.56,-1.46,-23.44,20.52,-0.918,0.52,25
"[-149,-110]",HR≥50/EDG≥10.0/CV≤-/μ≥0.0/TP≥50,56.45,10.0,,0.0,50.0,62,62,35,27,56.45,0.13,-21.98,22.24,0.082,0.52,25
"[-149,-110]",HR≥50/EDG≥10.0/CV≤-/μ≥0.5/TP≥-,55.56,10.0,,0.5,,63,63,35,28,55.56,-1.46,-23.44,20.52,-0.918,0.52,25
"[-149,-110]",HR≥50/EDG≥10.0/CV≤-/μ≥0.5/TP≥50,56.45,10.0,,0.5,50.0,62,62,35,27,56.45,0.13,-21.98,22.24,0.082,0.52,25
"[-149,-110]",HR≥50/EDG≥10.0/CV≤-/μ≥1.0/TP≥-,56.14,10.0,,1.0,,57,57,32,25,56.14,-0.44,-23.53,22.66,-0.251,0.524,21
"[-149,-110]",HR≥50/EDG≥10.0/CV≤-/μ≥1.0/TP≥50,57.14,10.0,,1.0,50.0,56,56,32,24,57.14,1.34,-21.9,24.58,0.749,0.524,21
"[-149,-110]",HR≥50/EDG≥10.0/CV≤0.7/μ≥-/TP≥-,55.93,10.0,0.7,,,59,59,33,26,55.93,-1.12,-23.74,21.51,-0.658,0.52,25
"[-149,-110]",HR≥50/EDG≥10.0/CV≤0.7/μ≥-/TP≥50,56.9,10.0,0.7,,50.0,58,58,33,25,56.9,0.59,-22.18,23.36,0.342,0.52,25
"[-149,-110]",HR≥50/EDG≥10.0/CV≤0.7/μ≥0.0/TP≥-,55.93,10.0,0.7,0.0,,59,59,33,26,55.93,-1.12,-23.74,21.51,-0.658,0.52,25
"[-149,-110]",HR≥50/EDG≥10.0/CV≤0.7/μ≥0.0/TP≥50,56.9,10.0,0.7,0.0,50.0,58,58,33,25,56.9,0.59,-22.18,23.36,0.342,0.52,25
"[-149,-110]",HR≥50/EDG≥10.0/CV≤0.7/μ≥0.5/TP≥-,55.93,10.0,0.7,0.5,,59,59,33,26,55.93,-1.12,-23.74,21.51,-0.658,0.52,25
"[-149,-110]",HR≥50/EDG≥10.0/CV≤0.7/μ≥0.5/TP≥50,56.9,10.0,0.7,0.5,50.0,58,58,33,25,56.9,0.59,-22.18,23.36,0.342,0.52,25
"[-149,-110]",HR≥50/EDG≥10.0/CV≤0.7/μ≥1.0/TP≥-,56.6,10.0,0.7,1.0,,53,53,30,23,56.6,0.02,-23.83,23.87,0.01,0.524,21
"[-149,-110]",HR≥50/EDG≥10.0/CV≤0.7/μ≥1.0/TP≥50,57.69,10.0,0.7,1.0,50.0,52,52,30,22,57.69,1.94,-22.06,25.95,1.01,0.55,20
"[-149,-110]",HR≥50/EDG≥10.0/CV≤0.6/μ≥-/TP≥-,57.89,10.0,0.6,,,57,57,33,24,57.89,2.35,-20.55,25.26,1.342,0.52,25
"[-149,-110]",HR≥50/EDG≥10.0/CV≤0.6/μ≥-/TP≥50,58.93,10.0,0.6,,50.0,56,56,33,23,58.93,4.18,-18.85,27.21,2.342,0.52,25
"[-149,-110]",HR≥50/EDG≥10.0/CV≤0.6/μ≥0.0/TP≥-,57.89,10.0,0.6,0.0,,57,57,33,24,57.89,2.35,-20.55,25.26,1.342,0.52,25
"[-149,-110]",HR≥50/EDG≥10.0/CV≤0.6/μ≥0.0/TP≥50,58.93,10.0,0.6,0.0,50.0,56,56,33,23,58.93,4.18,-18.85,27.21,2.342,0.52,25
"[-149,-110]",HR≥50/EDG≥10.0/CV≤0.6/μ≥0.5/TP≥-,57.89,10.0,0.6,0.5,,57,57,33,24,57.89,2.35,-20.55,25.26,1.342,0.52,25
"[-149,-110]",HR≥50/EDG≥10.0/CV≤0.6/μ≥0.5/TP≥50,58.93,10.0,0.6,0.5,50.0,56,56,33,23,58.93,4.18,-18.85,27.21,2.342,0.52,25
"[-149,-110]",HR≥50/EDG≥10.0/CV≤0.6/μ≥1.0/TP≥-,58.82,10.0,0.6,1.0,,51,51,30,21,58.82,3.94,-20.21,28.09,2.01,0.524,21
"[-149,-110]",HR≥50/EDG≥10.0/CV≤0.6/μ≥1.0/TP≥50,60.0,10.0,0.6,1.0,50.0,50,50,30,20,60.0,6.02,-18.27,30.31,3.01,0.55,20
"[-149,-110]",HR≥50/EDG≥10.0/CV≤0.5/μ≥-/TP≥-,60.42,10.0,0.5,,,48,48,29,19,60.42,6.65,-18.08,31.38,3.193,0.591,22
"[-149,-110]",HR≥50/EDG≥10.0/CV≤0.5/μ≥-/TP≥50,61.7,10.0,0.5,,50.0,47,47,29,18,61.7,8.92,-15.93,33.77,4.193,0.591,22
"[-149,-110]",HR≥50/EDG≥10.0/CV≤0.5/μ≥0.0/TP≥-,60.42,10.0,0.5,0.0,,48,48,29,19,60.42,6.65,-18.08,31.38,3.193,0.591,22
"[-149,-110]",HR≥50/EDG≥10.0/CV≤0.5/μ≥0.0/TP≥50,61.7,10.0,0.5,0.0,50.0,47,47,29,18,61.7,8.92,-15.93,33.77,4.193,0.591,22
"[-149,-110]",HR≥50/EDG≥10.0/CV≤0.5/μ≥0.5/TP≥-,60.42,10.0,0.5,0.5,,48,48,29,19,60.42,6.65,-18.08,31.38,3.193,0.591,22
"[-149,-110]",HR≥50/EDG≥10.0/CV≤0.5/μ≥0.5/TP≥50,61.7,10.0,0.5,0.5,50.0,47,47,29,18,61.7,8.92,-15.93,33.77,4.193,0.591,22
"[-149,-110]",HR≥50/EDG≥10.0/CV≤0.5/μ≥1.0/TP≥-,61.36,10.0,0.5,1.0,,44,44,27,17,61.36,8.25,-17.48,33.98,3.63,0.6,20
"[-149,-110]",HR≥50/EDG≥10.0/CV≤0.5/μ≥1.0/TP≥50,62.79,10.0,0.5,1.0,50.0,43,43,27,16,62.79,10.77,-15.08,36.61,4.63,0.632,19
"[-149,-110]",HR≥50/EDG≥10.0/CV≤0.45/μ≥-/TP≥-,64.1,10.0,0.45,,,39,39,25,14,64.1,12.9,-14.01,39.82,5.033,0.636,22
"[-149,-110]",HR≥50/EDG≥10.0/CV≤0.45/μ≥-/TP≥50,65.79,10.0,0.45,,50.0,38,38,25,13,65.79,15.88,-11.1,42.85,6.033,0.636,22
"[-149,-110]",HR≥50/EDG≥10.0/CV≤0.45/μ≥0.0/TP≥-,64.1,10.0,0.45,0.0,,39,39,25,14,64.1,12.9,-14.01,39.82,5.033,0.636,22
"[-149,-110]",HR≥50/EDG≥10.0/CV≤0.45/μ≥0.0/TP≥50,65.79,10.0,0.45,0.0,50.0,38,38,25,13,65.79,15.88,-11.1,42.85,6.033,0.636,22
"[-149,-110]",HR≥50/EDG≥10.0/CV≤0.45/μ≥0.5/TP≥-,64.1,10.0,0.45,0.5,,39,39,25,14,64.1,12.9,-14.01,39.82,5.033,0.636,22
"[-149,-110]",HR≥50/EDG≥10.0/CV≤0.45/μ≥0.5/TP≥50,65.79,10.0,0.45,0.5,50.0,38,38,25,13,65.79,15.88,-11.1,42.85,6.033,0.636,22
"[-149,-110]",HR≥50/EDG≥10.0/CV≤0.45/μ≥1.0/TP≥-,65.71,10.0,0.45,1.0,,35,35,23,12,65.71,15.63,-12.51,43.76,5.47,0.65,20
"[-149,-110]",HR≥50/EDG≥10.0/CV≤0.45/μ≥1.0/TP≥50,67.65,10.0,0.45,1.0,50.0,34,34,23,11,67.65,19.03,-9.12,47.18,6.47,0.684,19
"[-149,-110]",HR≥55/EDG≥-/CV≤-/μ≥-/TP≥-,53.73,,,,,69,67,36,31,53.73,-5.01,-26.31,16.29,-3.354,0.44,25
"[-149,-110]",HR≥55/EDG≥-/CV≤-/μ≥-/TP≥50,54.55,,,,50.0,68,66,36,30,54.55,-3.57,-25.0,17.87,-2.354,0.44,25
"[-149,-110]",HR≥55/EDG≥-/CV≤-/μ≥0.0/TP≥-,56.67,,,0.0,,61,60,34,26,56.67,-0.12,-22.44,22.2,-0.071,0.48,25
"[-149,-110]",HR≥55/EDG≥-/CV≤-/μ≥0.0/TP≥50,57.63,,,0.0,50.0,60,59,34,25,57.63,1.58,-20.88,24.03,0.929,0.48,25
"[-149,-110]",HR≥55/EDG≥-/CV≤-/μ≥0.5/TP≥-,54.0,,,0.5,,50,50,27,23,54.0,-4.87,-29.49,19.76,-2.433,0.458,24
"[-149,-110]",HR≥55/EDG≥-/CV≤-/μ≥0.5/TP≥50,55.1,,,0.5,50.0,49,49,27,22,55.1,-2.92,-27.75,21.9,-1.433,0.458,24
"[-149,-110]",HR≥55/EDG≥-/CV≤-/μ≥1.0/TP≥-,53.85,,,1.0,,39,39,21,18,53.85,-5.23,-33.17,22.72,-2.039,0.444,18
"[-149,-110]",HR≥55/EDG≥-/CV≤-/μ≥1.0/TP≥50,55.26,,,1.0,50.0,38,38,21,17,55.26,-2.73,-30.98,25.51,-1.039,0.444,18
"[-149,-110]",HR≥55/EDG≥-/CV≤0.7/μ≥-/TP≥-,54.69,,0.7,,,66,64,35,29,54.69,-3.2,-24.99,18.59,-2.048,0.48,25
"[-149,-110]",HR≥55/EDG≥-/CV≤0.7/μ≥-/TP≥50,55.56,,0.7,,50.0,65,63,35,28,55.56,-1.66,-23.59,20.26,-1.048,0.48,25
"[-149,-110]",HR≥55/EDG≥-/CV≤0.7/μ≥0.0/TP≥-,57.89,,0.7,0.0,,58,57,33,24,57.89,2.17,-20.69,25.02,1.235,0.52,25
"[-149,-110]",HR≥55/EDG≥-/CV≤0.7/μ≥0.0/TP≥50,58.93,,0.7,0.0,50.0,57,56,33,23,58.93,3.99,-18.99,26.97,2.235,0.52,25
"[-149,-110]",HR≥55/EDG≥-/CV≤0.7/μ≥0.5/TP≥-,54.17,,0.7,0.5,,48,48,26,22,54.17,-4.43,-29.6,20.74,-2.128,0.458,24
"[-149,-110]",HR≥55/EDG≥-/CV≤0.7/μ≥0.5/TP≥50,55.32,,0.7,0.5,50.0,47,47,26,21,55.32,-2.4,-27.79,22.99,-1.128,0.458,24
"[-149,-110]",HR≥55/EDG≥-/CV≤0.7/μ≥1.0/TP≥-,54.05,,0.7,1.0,,37,37,20,17,54.05,-4.68,-33.44,24.07,-1.733,0.444,18
"[-149,-110]",HR≥55/EDG≥-/CV≤0.7/μ≥1.0/TP≥50,55.56,,0.7,1.0,50.0,36,36,20,16,55.56,-2.04,-31.12,27.04,-0.733,0.471,17
"[-149,-110]",HR≥55/EDG≥-/CV≤0.6/μ≥-/TP≥-,56.45,,0.6,,,64,62,35,27,56.45,-0.08,-22.14,21.98,-0.048,0.52,25
"[-149,-110]",HR≥55/EDG≥-/CV≤0.6/μ≥-/TP≥50,57.38,,0.6,,50.0,63,61,35,26,57.38,1.56,-20.63,23.75,0.952,0.52,25
"[-149,-110]",HR≥55/EDG≥-/CV≤0.6/μ≥0.0/TP≥-,60.0,,0.6,0.0,,56,55,33,22,60.0,5.88,-17.22,28.98,3.235,0.56,25
"[-149,-110]",HR≥55/EDG≥-/CV≤0.6/μ≥0.0/TP≥50,61.11,,0.6,0.0,50.0,55,54,33,21,61.11,7.84,-15.36,31.04,4.235,0.56,25
"[-149,-110]",HR≥55/EDG≥-/CV≤0.6/μ≥0.5/TP≥-,56.52,,0.6,0.5,,46,46,26,20,56.52,-0.28,-25.87,25.32,-0.128,0.5,22
"[-149,-110]",HR≥55/EDG≥-/CV≤0.6/μ≥0.5/TP≥50,57.78,,0.6,0.5,50.0,45,45,26,19,57.78,1.94,-23.85,27.73,0.872,0.5,22
"[-149,-110]",HR≥55/EDG≥-/CV≤0.6/μ≥1.0/TP≥-,57.14,,0.6,1.0,,35,35,20,15,57.14,0.76,-28.62,30.15,0.267,0.5,16
"[-149,-110]",HR≥55/EDG≥-/CV≤0.6/μ≥1.0/TP≥50,58.82,,0.6,1.0,50.0,34,34,20,14,58.82,3.73,-25.94,33.39,1.267,0.533,15
"[-149,-110]",HR≥55/EDG≥-/CV≤0.5/μ≥-/TP≥-,60.0,,0.5,,,57,55,33,22,60.0,6.02,-17.11,29.15,3.313,0.5,24
"[-149,-110]",HR≥55/EDG≥-/CV≤0.5/μ≥-/TP≥50,61.11,,0.5,,50.0,56,54,33,21,61.11,7.99,-15.25,31.22,4.313,0.5,24
"[-149,-110]",HR≥55/EDG≥-/CV≤0.5/μ≥0.0/TP≥-,65.31,,0.5,0.0,,50,49,32,17,65.31,15.24,-8.57,39.05,7.466,0.609,23
"[-149,-110]",HR≥55/EDG≥-/CV≤0.5/μ≥0.0/TP≥50,66.67,,0.5,0.0,50.0,49,48,32,16,66.67,17.64,-6.19,41.47,8.466,0.609,23
"[-149,-110]",HR≥55/EDG≥-/CV≤0.5/μ≥0.5/TP≥-,62.5,,0.5,0.5,,40,40,25,15,62.5,10.26,-16.6,37.12,4.103,0.6,20
"[-149,-110]",HR≥55/EDG≥-/CV≤0.5/μ≥0.5/TP≥50,64.1,,0.5,0.5,50.0,39,39,25,14,64.1,13.08,-13.88,40.05,5.103,0.6,20
"[-149,-110]",HR≥55/EDG≥-/CV≤0.5/μ≥1.0/TP≥-,62.5,,0.5,1.0,,32,32,20,12,62.5,10.21,-19.9,40.32,3.267,0.6,15
"[-149,-110]",HR≥55/EDG≥-/CV≤0.5/μ≥1.0/TP≥50,64.52,,0.5,1.0,50.0,31,31,20,11,64.52,13.76,-16.49,44.02,4.267,0.643,14
"[-149,-110]",HR≥55/EDG≥-/CV≤0.45/μ≥-/TP≥-,61.36,,0.45,,,46,44,27,17,61.36,8.17,-17.53,33.86,3.594,0.542,24
"[-149,-110]",HR≥55/EDG≥-/CV≤0.45/μ≥-/TP≥50,62.79,,0.45,,50.0,45,43,27,16,62.79,10.68,-15.13,36.49,4.594,0.542,24
"[-149,-110]",HR≥55/EDG≥-/CV≤0.45/μ≥0.0/TP≥-,68.42,,0.45,0.0,,39,38,26,12,68.42,20.38,-6.02,46.79,7.746,0.65,20
"[-149,-110]",HR≥55/EDG≥-/CV≤0.45/μ≥0.0/TP≥50,70.27,,0.45,0.0,50.0,38,37,26,11,70.27,23.64,-2.68,49.96,8.746,0.65,20
"[-149,-110]",HR≥55/EDG≥-/CV≤0.4/μ≥-/TP≥-,63.64,,0.4,,,35,33,21,12,63.64,12.38,-17.1,41.86,4.084,0.609,23
"[-149,-110]",HR≥55/EDG≥-/CV≤0.4/μ≥-/TP≥50,65.62,,0.4,,50.0,34,32,21,11,65.62,15.89,-13.68,45.46,5.084,0.609,23
"[-149,-110]",HR≥55/EDG≥-5.0/CV≤-/μ≥-/TP≥-,57.89,-5.0,,,,58,57,33,24,57.89,2.09,-20.75,24.94,1.194,0.52,25
"[-149,-110]",HR≥55/EDG≥-5.0/CV≤-/μ≥-/TP≥50,58.93,-5.0,,,50.0,57,56,33,23,58.93,3.92,-19.05,26.88,2.194,0.52,25
"[-149,-110]",HR≥55/EDG≥-5.0/CV≤-/μ≥0.0/TP≥-,57.89,-5.0,,0.0,,58,57,33,24,57.89,2.09,-20.75,24.94,1.194,0.52,25
"[-149,-110]",HR≥55/EDG≥-5.0/CV≤-/μ≥0.0/TP≥50,58.93,-5.0,,0.0,50.0,57,56,33,23,58.93,3.92,-19.05,26.88,2.194,0.52,25
"[-149,-110]",HR≥55/EDG≥-5.0/CV≤-/μ≥0.5/TP≥-,54.0,-5.0,,0.5,,50,50,27,23,54.0,-4.87,-29.49,19.76,-2.433,0.458,24
"[-149,-110]",HR≥55/EDG≥-5.0/CV≤-/μ≥0.5/TP≥50,55.1,-5.0,,0.5,50.0,49,49,27,22,55.1,-2.92,-27.75,21.9,-1.433,0.458,24
"[-149,-110]",HR≥55/EDG≥-5.0/CV≤-/μ≥1.0/TP≥-,53.85,-5.0,,1.0,,39,39,21,18,53.85,-5.23,-33.17,22.72,-2.039,0.444,18
"[-149,-110]",HR≥55/EDG≥-5.0/CV≤-/μ≥1.0/TP≥50,55.26,-5.0,,1.0,50.0,38,38,21,17,55.26,-2.73,-30.98,25.51,-1.039,0.444,18
"[-149,-110]",HR≥55/EDG≥-5.0/CV≤0.7/μ≥-/TP≥-,58.18,-5.0,0.7,,,56,55,32,23,58.18,2.73,-20.54,25.99,1.5,0.52,25
"[-149,-110]",HR≥55/EDG≥-5.0/CV≤0.7/μ≥-/TP≥50,59.26,-5.0,0.7,,50.0,55,54,32,22,59.26,4.63,-18.77,28.02,2.5,0.52,25
"[-149,-110]",HR≥55/EDG≥-5.0/CV≤0.7/μ≥0.0/TP≥-,58.18,-5.0,0.7,0.0,,56,55,32,23,58.18,2.73,-20.54,25.99,1.5,0.52,25
"[-149,-110]",HR≥55/EDG≥-5.0/CV≤0.7/μ≥0.0/TP≥50,59.26,-5.0,0.7,0.0,50.0,55,54,32,22,59.26,4.63,-18.77,28.02,2.5,0.52,25
"[-149,-110]",HR≥55/EDG≥-5.0/CV≤0.7/μ≥0.5/TP≥-,54.17,-5.0,0.7,0.5,,48,48,26,22,54.17,-4.43,-29.6,20.74,-2.128,0.458,24
"[-149,-110]",HR≥55/EDG≥-5.0/CV≤0.7/μ≥0.5/TP≥50,55.32,-5.0,0.7,0.5,50.0,47,47,26,21,55.32,-2.4,-27.79,22.99,-1.128,0.458,24
"[-149,-110]",HR≥55/EDG≥-5.0/CV≤0.7/μ≥1.0/TP≥-,54.05,-5.0,0.7,1.0,,37,37,20,17,54.05,-4.68,-33.44,24.07,-1.733,0.444,18
"[-149,-110]",HR≥55/EDG≥-5.0/CV≤0.7/μ≥1.0/TP≥50,55.56,-5.0,0.7,1.0,50.0,36,36,20,16,55.56,-2.04,-31.12,27.04,-0.733,0.471,17
"[-149,-110]",HR≥55/EDG≥-5.0/CV≤0.6/μ≥-/TP≥-,60.38,-5.0,0.6,,,54,53,32,21,60.38,6.6,-16.91,30.12,3.5,0.565,23
"[-149,-110]",HR≥55/EDG≥-5.0/CV≤0.6/μ≥-/TP≥50,61.54,-5.0,0.6,,50.0,53,52,32,20,61.54,8.65,-14.96,32.27,4.5,0.565,23
"[-149,-110]",HR≥55/EDG≥-5.0/CV≤0.6/μ≥0.0/TP≥-,60.38,-5.0,0.6,0.0,,54,53,32,21,60.38,6.6,-16.91,30.12,3.5,0.565,23
"[-149,-110]",HR≥55/EDG≥-5.0/CV≤0.6/μ≥0.0/TP≥50,61.54,-5.0,0.6,0.0,50.0,53,52,32,20,61.54,8.65,-14.96,32.27,4.5,0.565,23
"[-149,-110]",HR≥55/EDG≥-5.0/CV≤0.6/μ≥0.5/TP≥-,56.52,-5.0,0.6,0.5,,46,46,26,20,56.52,-0.28,-25.87,25.32,-0.128,0.5,22
"[-149,-110]",HR≥55/EDG≥-5.0/CV≤0.6/μ≥0.5/TP≥50,57.78,-5.0,0.6,0.5,50.0,45,45,26,19,57.78,1.94,-23.85,27.73,0.872,0.5,22
"[-149,-110]",HR≥55/EDG≥-5.0/CV≤0.6/μ≥1.0/TP≥-,57.14,-5.0,0.6,1.0,,35,35,20,15,57.14,0.76,-28.62,30.15,0.267,0.5,16
"[-149,-110]",HR≥55/EDG≥-5.0/CV≤0.6/μ≥1.0/TP≥50,58.82,-5.0,0.6,1.0,50.0,34,34,20,14,58.82,3.73,-25.94,33.39,1.267,0.533,15
"[-149,-110]",HR≥55/EDG≥-5.0/CV≤0.5/μ≥-/TP≥-,65.96,-5.0,0.5,,,48,47,31,16,65.96,16.45,-7.78,40.67,7.73,0.619,21
"[-149,-110]",HR≥55/EDG≥-5.0/CV≤0.5/μ≥-/TP≥50,67.39,-5.0,0.5,,50.0,47,46,31,15,67.39,18.98,-5.26,43.21,8.73,0.619,21
"[-149,-110]",HR≥55/EDG≥-5.0/CV≤0.5/μ≥0.0/TP≥-,65.96,-5.0,0.5,0.0,,48,47,31,16,65.96,16.45,-7.78,40.67,7.73,0.619,21
"[-149,-110]",HR≥55/EDG≥-5.0/CV≤0.5/μ≥0.0/TP≥50,67.39,-5.0,0.5,0.0,50.0,47,46,31,15,67.39,18.98,-5.26,43.21,8.73,0.619,21
"[-149,-110]",HR≥55/EDG≥-5.0/CV≤0.5/μ≥0.5/TP≥-,62.5,-5.0,0.5,0.5,,40,40,25,15,62.5,10.26,-16.6,37.12,4.103,0.6,20
"[-149,-110]",HR≥55/EDG≥-5.0/CV≤0.5/μ≥0.5/TP≥50,64.1,-5.0,0.5,0.5,50.0,39,39,25,14,64.1,13.08,-13.88,40.05,5.103,0.6,20
"[-149,-110]",HR≥55/EDG≥-5.0/CV≤0.5/μ≥1.0/TP≥-,62.5,-5.0,0.5,1.0,,32,32,20,12,62.5,10.21,-19.9,40.32,3.267,0.6,15
"[-149,-110]",HR≥55/EDG≥-5.0/CV≤0.5/μ≥1.0/TP≥50,64.52,-5.0,0.5,1.0,50.0,31,31,20,11,64.52,13.76,-16.49,44.02,4.267,0.643,14
"[-149,-110]",HR≥55/EDG≥-5.0/CV≤0.45/μ≥-/TP≥-,69.44,-5.0,0.45,,,37,36,25,11,69.44,22.25,-4.67,49.17,8.011,0.667,18
"[-149,-110]",HR≥55/EDG≥-5.0/CV≤0.45/μ≥-/TP≥50,71.43,-5.0,0.45,,50.0,36,35,25,10,71.43,25.75,-1.04,52.53,9.011,0.667,18
"[-149,-110]",HR≥55/EDG≥-5.0/CV≤0.45/μ≥0.0/TP≥-,69.44,-5.0,0.45,0.0,,37,36,25,11,69.44,22.25,-4.67,49.17,8.011,0.667,18
"[-149,-110]",HR≥55/EDG≥-5.0/CV≤0.45/μ≥0.0/TP≥50,71.43,-5.0,0.45,0.0,50.0,36,35,25,10,71.43,25.75,-1.04,52.53,9.011,0.667,18
"[-149,-110]",HR≥55/EDG≥0.0/CV≤-/μ≥-/TP≥-,53.85,0.0,,,,53,52,28,24,53.85,-5.06,-29.22,19.1,-2.633,0.458,24
"[-149,-110]",HR≥55/EDG≥0.0/CV≤-/μ≥-/TP≥50,54.9,0.0,,,50.0,52,51,28,23,54.9,-3.2,-27.56,21.15,-1.633,0.458,24
"[-149,-110]",HR≥55/EDG≥0.0/CV≤-/μ≥0.0/TP≥-,53.85,0.0,,0.0,,53,52,28,24,53.85,-5.06,-29.22,19.1,-2.633,0.458,24
"[-149,-110]",HR≥55/EDG≥0.0/CV≤-/μ≥0.0/TP≥50,54.9,0.0,,0.0,50.0,52,51,28,23,54.9,-3.2,-27.56,21.15,-1.633,0.458,24
"[-149,-110]",HR≥55/EDG≥0.0/CV≤-/μ≥0.5/TP≥-,54.0,0.0,,0.5,,50,50,27,23,54.0,-4.87,-29.49,19.76,-2.433,0.458,24
"[-149,-110]",HR≥55/EDG≥0.0/CV≤-/μ≥0.5/TP≥50,55.1,0.0,,0.5,50.0,49,49,27,22,55.1,-2.92,-27.75,21.9,-1.433,0.458,24
"[-149,-110]",HR≥55/EDG≥0.0/CV≤-/μ≥1.0/TP≥-,53.85,0.0,,1.0,,39,39,21,18,53.85,-5.23,-33.17,22.72,-2.039,0.444,18
"[-149,-110]",HR≥55/EDG≥0.0/CV≤-/μ≥1.0/TP≥50,55.26,0.0,,1.0,50.0,38,38,21,17,55.26,-2.73,-30.98,25.51,-1.039,0.444,18
"[-149,-110]",HR≥55/EDG≥0.0/CV≤0.7/μ≥-/TP≥-,54.0,0.0,0.7,,,51,50,27,23,54.0,-4.66,-29.33,20.02,-2.328,0.458,24
"[-149,-110]",HR≥55/EDG≥0.0/CV≤0.7/μ≥-/TP≥50,55.1,0.0,0.7,,50.0,50,49,27,22,55.1,-2.71,-27.59,22.17,-1.328,0.458,24
"[-149,-110]",HR≥55/EDG≥0.0/CV≤0.7/μ≥0.0/TP≥-,54.0,0.0,0.7,0.0,,51,50,27,23,54.0,-4.66,-29.33,20.02,-2.328,0.458,24
"[-149,-110]",HR≥55/EDG≥0.0/CV≤0.7/μ≥0.0/TP≥50,55.1,0.0,0.7,0.0,50.0,50,49,27,22,55.1,-2.71,-27.59,22.17,-1.328,0.458,24
"[-149,-110]",HR≥55/EDG≥0.0/CV≤0.7/μ≥0.5/TP≥-,54.17,0.0,0.7,0.5,,48,48,26,22,54.17,-4.43,-29.6,20.74,-2.128,0.458,24
"[-149,-110]",HR≥55/EDG≥0.0/CV≤0.7/μ≥0.5/TP≥50,55.32,0.0,0.7,0.5,50.0,47,47,26,21,55.32,-2.4,-27.79,22.99,-1.128,0.458,24
"[-149,-110]",HR≥55/EDG≥0.0/CV≤0.7/μ≥1.0/TP≥-,54.05,0.0,0.7,1.0,,37,37,20,17,54.05,-4.68,-33.44,24.07,-1.733,0.444,18
"[-149,-110]",HR≥55/EDG≥0.0/CV≤0.7/μ≥1.0/TP≥50,55.56,0.0,0.7,1.0,50.0,36,36,20,16,55.56,-2.04,-31.12,27.04,-0.733,0.471,17
"[-149,-110]",HR≥55/EDG≥0.0/CV≤0.6/μ≥-/TP≥-,56.25,0.0,0.6,,,49,48,27,21,56.25,-0.68,-25.76,24.4,-0.328,0.5,22
"[-149,-110]",HR≥55/EDG≥0.0/CV≤0.6/μ≥-/TP≥50,57.45,0.0,0.6,,50.0,48,47,27,20,57.45,1.43,-23.84,26.7,0.672,0.5,22
"[-149,-110]",HR≥55/EDG≥0.0/CV≤0.6/μ≥0.0/TP≥-,56.25,0.0,0.6,0.0,,49,48,27,21,56.25,-0.68,-25.76,24.4,-0.328,0.5,22
"[-149,-110]",HR≥55/EDG≥0.0/CV≤0.6/μ≥0.0/TP≥50,57.45,0.0,0.6,0.0,50.0,48,47,27,20,57.45,1.43,-23.84,26.7,0.672,0.5,22
"[-149,-110]",HR≥55/EDG≥0.0/CV≤0.6/μ≥0.5/TP≥-,56.52,0.0,0.6,0.5,,46,46,26,20,56.52,-0.28,-25.87,25.32,-0.128,0.5,22
"[-149,-110]",HR≥55/EDG≥0.0/CV≤0.6/μ≥0.5/TP≥50,57.78,0.0,0.6,0.5,50.0,45,45,26,19,57.78,1.94,-23.85,27.73,0.872,0.5,22
"[-149,-110]",HR≥55/EDG≥0.0/CV≤0.6/μ≥1.0/TP≥-,57.14,0.0,0.6,1.0,,35,35,20,15,57.14,0.76,-28.62,30.15,0.267,0.5,16
"[-149,-110]",HR≥55/EDG≥0.0/CV≤0.6/μ≥1.0/TP≥50,58.82,0.0,0.6,1.0,50.0,34,34,20,14,58.82,3.73,-25.94,33.39,1.267,0.533,15
"[-149,-110]",HR≥55/EDG≥0.0/CV≤0.5/μ≥-/TP≥-,61.9,0.0,0.5,,,43,42,26,16,61.9,9.29,-17.0,35.59,3.903,0.55,20
"[-149,-110]",HR≥55/EDG≥0.0/CV≤0.5/μ≥-/TP≥50,63.41,0.0,0.5,,50.0,42,41,26,15,63.41,11.96,-14.45,38.36,4.903,0.55,20
"[-149,-110]",HR≥55/EDG≥0.0/CV≤0.5/μ≥0.0/TP≥-,61.9,0.0,0.5,0.0,,43,42,26,16,61.9,9.29,-17.0,35.59,3.903,0.55,20
"[-149,-110]",HR≥55/EDG≥0.0/CV≤0.5/μ≥0.0/TP≥50,63.41,0.0,0.5,0.0,50.0,42,41,26,15,63.41,11.96,-14.45,38.36,4.903,0.55,20
"[-149,-110]",HR≥55/EDG≥0.0/CV≤0.5/μ≥0.5/TP≥-,62.5,0.0,0.5,0.5,,40,40,25,15,62.5,10.26,-16.6,37.12,4.103,0.6,20
"[-149,-110]",HR≥55/EDG≥0.0/CV≤0.5/μ≥0.5/TP≥50,64.1,0.0,0.5,0.5,50.0,39,39,25,14,64.1,13.08,-13.88,40.05,5.103,0.6,20
"[-149,-110]",HR≥55/EDG≥0.0/CV≤0.5/μ≥1.0/TP≥-,62.5,0.0,0.5,1.0,,32,32,20,12,62.5,10.21,-19.9,40.32,3.267,0.6,15
"[-149,-110]",HR≥55/EDG≥0.0/CV≤0.5/μ≥1.0/TP≥50,64.52,0.0,0.5,1.0,50.0,31,31,20,11,64.52,13.76,-16.49,44.02,4.267,0.643,14
"[-149,-110]",HR≥55/EDG≥0.0/CV≤0.45/μ≥-/TP≥-,64.52,0.0,0.45,,,32,31,20,11,64.52,13.5,-16.67,43.66,4.184,0.647,17
"[-149,-110]",HR≥55/EDG≥0.0/CV≤0.45/μ≥-/TP≥50,66.67,0.0,0.45,,50.0,31,30,20,10,66.67,17.28,-12.96,47.51,5.184,0.647,17
"[-149,-110]",HR≥55/EDG≥0.0/CV≤0.45/μ≥0.0/TP≥-,64.52,0.0,0.45,0.0,,32,31,20,11,64.52,13.5,-16.67,43.66,4.184,0.647,17
"[-149,-110]",HR≥55/EDG≥0.0/CV≤0.45/μ≥0.0/TP≥50,66.67,0.0,0.45,0.0,50.0,31,30,20,10,66.67,17.28,-12.96,47.51,5.184,0.647,17
"[-149,-110]",HR≥55/EDG≥5.0/CV≤-/μ≥-/TP≥-,56.52,5.0,,,,47,46,26,20,56.52,-0.27,-25.87,25.33,-0.123,0.5,22
"[-149,-110]",HR≥55/EDG≥5.0/CV≤-/μ≥-/TP≥50,57.78,5.0,,,50.0,46,45,26,19,57.78,1.95,-23.85,27.74,0.877,0.5,22
"[-149,-110]",HR≥55/EDG≥5.0/CV≤-/μ≥0.0/TP≥-,56.52,5.0,,0.0,,47,46,26,20,56.52,-0.27,-25.87,25.33,-0.123,0.5,22
"[-149,-110]",HR≥55/EDG≥5.0/CV≤-/μ≥0.0/TP≥50,57.78,5.0,,0.0,50.0,46,45,26,19,57.78,1.95,-23.85,27.74,0.877,0.5,22
"[-149,-110]",HR≥55/EDG≥5.0/CV≤-/μ≥0.5/TP≥-,56.52,5.0,,0.5,,46,46,26,20,56.52,-0.27,-25.87,25.33,-0.123,0.5,22
"[-149,-110]",HR≥55/EDG≥5.0/CV≤-/μ≥0.5/TP≥50,57.78,5.0,,0.5,50.0,45,45,26,19,57.78,1.95,-23.85,27.74,0.877,0.5,22
"[-149,-110]",HR≥55/EDG≥5.0/CV≤-/μ≥1.0/TP≥-,53.85,5.0,,1.0,,39,39,21,18,53.85,-5.23,-33.17,22.72,-2.039,0.444,18
"[-149,-110]",HR≥55/EDG≥5.0/CV≤-/μ≥1.0/TP≥50,55.26,5.0,,1.0,50.0,38,38,21,17,55.26,-2.73,-30.98,25.51,-1.039,0.444,18
"[-149,-110]",HR≥55/EDG≥5.0/CV≤0.7/μ≥-/TP≥-,56.82,5.0,0.7,,,45,44,25,19,56.82,0.42,-25.79,26.62,0.183,0.5,22
"[-149,-110]",HR≥55/EDG≥5.0/CV≤0.7/μ≥-/TP≥50,58.14,5.0,0.7,,50.0,44,43,25,18,58.14,2.75,-23.66,29.16,1.183,0.524,21
"[-149,-110]",HR≥55/EDG≥5.0/CV≤0.7/μ≥0.0/TP≥-,56.82,5.0,0.7,0.0,,45,44,25,19,56.82,0.42,-25.79,26.62,0.183,0.5,22
"[-149,-110]",HR≥55/EDG≥5.0/CV≤0.7/μ≥0.0/TP≥50,58.14,5.0,0.7,0.0,50.0,44,43,25,18,58.14,2.75,-23.66,29.16,1.183,0.524,21
"[-149,-110]",HR≥55/EDG≥5.0/CV≤0.7/μ≥0.5/TP≥-,56.82,5.0,0.7,0.5,,44,44,25,19,56.82,0.42,-25.79,26.62,0.183,0.5,22
"[-149,-110]",HR≥55/EDG≥5.0/CV≤0.7/μ≥0.5/TP≥50,58.14,5.0,0.7,0.5,50.0,43,43,25,18,58.14,2.75,-23.66,29.16,1.183,0.524,21
"[-149,-110]",HR≥55/EDG≥5.0/CV≤0.7/μ≥1.0/TP≥-,54.05,5.0,0.7,1.0,,37,37,20,17,54.05,-4.68,-33.44,24.07,-1.733,0.444,18
"[-149,-110]",HR≥55/EDG≥5.0/CV≤0.7/μ≥1.0/TP≥50,55.56,5.0,0.7,1.0,50.0,36,36,20,16,55.56,-2.04,-31.12,27.04,-0.733,0.471,17
"[-149,-110]",HR≥55/EDG≥5.0/CV≤0.6/μ≥-/TP≥-,59.52,5.0,0.6,,,43,42,25,17,59.52,5.2,-21.4,31.8,2.183,0.55,20
"[-149,-110]",HR≥55/EDG≥5.0/CV≤0.6/μ≥-/TP≥50,60.98,5.0,0.6,,50.0,42,41,25,16,60.98,7.76,-19.0,34.53,3.183,0.579,19
"[-149,-110]",HR≥55/EDG≥5.0/CV≤0.6/μ≥0.0/TP≥-,59.52,5.0,0.6,0.0,,43,42,25,17,59.52,5.2,-21.4,31.8,2.183,0.55,20
"[-149,-110]",HR≥55/EDG≥5.0/CV≤0.6/μ≥0.0/TP≥50,60.98,5.0,0.6,0.0,50.0,42,41,25,16,60.98,7.76,-19.0,34.53,3.183,0.579,19
"[-149,-110]",HR≥55/EDG≥5.0/CV≤0.6/μ≥0.5/TP≥-,59.52,5.0,0.6,0.5,,42,42,25,17,59.52,5.2,-21.4,31.8,2.183,0.55,20
"[-149,-110]",HR≥55/EDG≥5.0/CV≤0.6/μ≥0.5/TP≥50,60.98,5.0,0.6,0.5,50.0,41,41,25,16,60.98,7.76,-19.0,34.53,3.183,0.579,19
"[-149,-110]",HR≥55/EDG≥5.0/CV≤0.6/μ≥1.0/TP≥-,57.14,5.0,0.6,1.0,,35,35,20,15,57.14,0.76,-28.62,30.15,0.267,0.5,16
"[-149,-110]",HR≥55/EDG≥5.0/CV≤0.6/μ≥1.0/TP≥50,58.82,5.0,0.6,1.0,50.0,34,34,20,14,58.82,3.73,-25.94,33.39,1.267,0.533,15
"[-149,-110]",HR≥55/EDG≥5.0/CV≤0.5/μ≥-/TP≥-,66.67,5.0,0.5,,,37,36,24,12,66.67,17.82,-9.85,45.48,6.413,0.667,18
"[-149,-110]",HR≥55/EDG≥5.0/CV≤0.5/μ≥-/TP≥50,68.57,5.0,0.5,,50.0,36,35,24,11,68.57,21.18,-6.46,48.82,7.413,0.706,17
"[-149,-110]",HR≥55/EDG≥5.0/CV≤0.5/μ≥0.0/TP≥-,66.67,5.0,0.5,0.0,,37,36,24,12,66.67,17.82,-9.85,45.48,6.413,0.667,18
"[-149,-110]",HR≥55/EDG≥5.0/CV≤0.5/μ≥0.0/TP≥50,68.57,5.0,0.5,0.0,50.0,36,35,24,11,68.57,21.18,-6.46,48.82,7.413,0.706,17
"[-149,-110]",HR≥55/EDG≥5.0/CV≤0.5/μ≥0.5/TP≥-,66.67,5.0,0.5,0.5,,36,36,24,12,66.67,17.82,-9.85,45.48,6.413,0.667,18
"[-149,-110]",HR≥55/EDG≥5.0/CV≤0.5/μ≥0.5/TP≥50,68.57,5.0,0.5,0.5,50.0,35,35,24,11,68.57,21.18,-6.46,48.82,7.413,0.706,17
"[-149,-110]",HR≥55/EDG≥5.0/CV≤0.5/μ≥1.0/TP≥-,62.5,5.0,0.5,1.0,,32,32,20,12,62.5,10.21,-19.9,40.32,3.267,0.6,15
"[-149,-110]",HR≥55/EDG≥5.0/CV≤0.5/μ≥1.0/TP≥50,64.52,5.0,0.5,1.0,50.0,31,31,20,11,64.52,13.76,-16.49,44.02,4.267,0.643,14
"[-149,-110]",HR≥55/EDG≥10.0/CV≤-/μ≥-/TP≥-,53.85,10.0,,,,39,39,21,18,53.85,-4.96,-32.98,23.06,-1.936,0.5,20
"[-149,-110]",HR≥55/EDG≥10.0/CV≤-/μ≥-/TP≥50,55.26,10.0,,,50.0,38,38,21,17,55.26,-2.46,-30.79,25.86,-0.936,0.5,20
"[-149,-110]",HR≥55/EDG≥10.0/CV≤-/μ≥0.0/TP≥-,53.85,10.0,,0.0,,39,39,21,18,53.85,-4.96,-32.98,23.06,-1.936,0.5,20
"[-149,-110]",HR≥55/EDG≥10.0/CV≤-/μ≥0.0/TP≥50,55.26,10.0,,0.0,50.0,38,38,21,17,55.26,-2.46,-30.79,25.86,-0.936,0.5,20
"[-149,-110]",HR≥55/EDG≥10.0/CV≤-/μ≥0.5/TP≥-,53.85,10.0,,0.5,,39,39,21,18,53.85,-4.96,-32.98,23.06,-1.936,0.5,20
"[-149,-110]",HR≥55/EDG≥10.0/CV≤-/μ≥0.5/TP≥50,55.26,10.0,,0.5,50.0,38,38,21,17,55.26,-2.46,-30.79,25.86,-0.936,0.5,20
"[-149,-110]",HR≥55/EDG≥10.0/CV≤-/μ≥1.0/TP≥-,51.35,10.0,,1.0,,37,37,19,18,51.35,-9.39,-38.25,19.47,-3.474,0.444,18
"[-149,-110]",HR≥55/EDG≥10.0/CV≤-/μ≥1.0/TP≥50,52.78,10.0,,1.0,50.0,36,36,19,17,52.78,-6.87,-36.11,22.36,-2.474,0.444,18
"[-149,-110]",HR≥55/EDG≥10.0/CV≤0.7/μ≥-/TP≥-,55.26,10.0,0.7,,,38,38,21,17,55.26,-2.46,-30.79,25.86,-0.936,0.5,20
"[-149,-110]",HR≥55/EDG≥10.0/CV≤0.7/μ≥-/TP≥50,56.76,10.0,0.7,,50.0,37,37,21,16,56.76,0.17,-28.44,28.79,0.064,0.526,19
"[-149,-110]",HR≥55/EDG≥10.0/CV≤0.7/μ≥0.0/TP≥-,55.26,10.0,0.7,0.0,,38,38,21,17,55.26,-2.46,-30.79,25.86,-0.936,0.5,20
"[-149,-110]",HR≥55/EDG≥10.0/CV≤0.7/μ≥0.0/TP≥50,56.76,10.0,0.7,0.0,50.0,37,37,21,16,56.76,0.17,-28.44,28.79,0.064,0.526,19
"[-149,-110]",HR≥55/EDG≥10.0/CV≤0.7/μ≥0.5/TP≥-,55.26,10.0,0.7,0.5,,38,38,21,17,55.26,-2.46,-30.79,25.86,-0.936,0.5,20
"[-149,-110]",HR≥55/EDG≥10.0/CV≤0.7/μ≥0.5/TP≥50,56.76,10.0,0.7,0.5,50.0,37,37,21,16,56.76,0.17,-28.44,28.79,0.064,0.526,19
"[-149,-110]",HR≥55/EDG≥10.0/CV≤0.7/μ≥1.0/TP≥-,52.78,10.0,0.7,1.0,,36,36,19,17,52.78,-6.87,-36.11,22.36,-2.474,0.444,18
"[-149,-110]",HR≥55/EDG≥10.0/CV≤0.7/μ≥1.0/TP≥50,54.29,10.0,0.7,1.0,50.0,35,35,19,16,54.29,-4.21,-33.81,25.39,-1.474,0.471,17
"[-149,-110]",HR≥55/EDG≥10.0/CV≤0.6/μ≥-/TP≥-,58.33,10.0,0.6,,,36,36,21,15,58.33,2.96,-25.92,31.83,1.064,0.556,18
"[-149,-110]",HR≥55/EDG≥10.0/CV≤0.6/μ≥-/TP≥50,60.0,10.0,0.6,,50.0,35,35,21,14,60.0,5.9,-23.22,35.02,2.064,0.588,17
"[-149,-110]",HR≥55/EDG≥10.0/CV≤0.6/μ≥0.0/TP≥-,58.33,10.0,0.6,0.0,,36,36,21,15,58.33,2.96,-25.92,31.83,1.064,0.556,18
"[-149,-110]",HR≥55/EDG≥10.0/CV≤0.6/μ≥0.0/TP≥50,60.0,10.0,0.6,0.0,50.0,35,35,21,14,60.0,5.9,-23.22,35.02,2.064,0.588,17
"[-149,-110]",HR≥55/EDG≥10.0/CV≤0.6/μ≥0.5/TP≥-,58.33,10.0,0.6,0.5,,36,36,21,15,58.33,2.96,-25.92,31.83,1.064,0.556,18
"[-149,-110]",HR≥55/EDG≥10.0/CV≤0.6/μ≥0.5/TP≥50,60.0,10.0,0.6,0.5,50.0,35,35,21,14,60.0,5.9,-23.22,35.02,2.064,0.588,17
"[-149,-110]",HR≥55/EDG≥10.0/CV≤0.6/μ≥1.0/TP≥-,55.88,10.0,0.6,1.0,,34,34,19,15,55.88,-1.39,-31.34,28.55,-0.474,0.5,16
"[-149,-110]",HR≥55/EDG≥10.0/CV≤0.6/μ≥1.0/TP≥50,57.58,10.0,0.6,1.0,50.0,33,33,19,14,57.58,1.59,-28.68,31.87,0.526,0.533,15
"[-149,-110]",HR≥55/EDG≥10.0/CV≤0.5/μ≥-/TP≥-,62.5,10.0,0.5,,,32,32,20,12,62.5,10.3,-19.84,40.43,3.295,0.625,16
"[-149,-110]",HR≥55/EDG≥10.0/CV≤0.5/μ≥-/TP≥50,64.52,10.0,0.5,,50.0,31,31,20,11,64.52,13.86,-16.43,44.14,4.295,0.667,15
"[-149,-110]",HR≥55/EDG≥10.0/CV≤0.5/μ≥0.0/TP≥-,62.5,10.0,0.5,0.0,,32,32,20,12,62.5,10.3,-19.84,40.43,3.295,0.625,16
"[-149,-110]",HR≥55/EDG≥10.0/CV≤0.5/μ≥0.0/TP≥50,64.52,10.0,0.5,0.0,50.0,31,31,20,11,64.52,13.86,-16.43,44.14,4.295,0.667,15
"[-149,-110]",HR≥55/EDG≥10.0/CV≤0.5/μ≥0.5/TP≥-,62.5,10.0,0.5,0.5,,32,32,20,12,62.5,10.3,-19.84,40.43,3.295,0.625,16
"[-149,-110]",HR≥55/EDG≥10.0/CV≤0.5/μ≥0.5/TP≥50,64.52,10.0,0.5,0.5,50.0,31,31,20,11,64.52,13.86,-16.43,44.14,4.295,0.667,15
"[-149,-110]",HR≥55/EDG≥10.0/CV≤0.5/μ≥1.0/TP≥-,61.29,10.0,0.5,1.0,,31,31,19,12,61.29,8.15,-22.67,38.97,2.526,0.6,15
"[-149,-110]",HR≥55/EDG≥10.0/CV≤0.5/μ≥1.0/TP≥50,63.33,10.0,0.5,1.0,50.0,30,30,19,11,63.33,11.75,-19.26,42.77,3.526,0.643,14
"[-149,-110]",HR≥60/EDG≥-/CV≤-/μ≥-/TP≥-,57.14,,,,,50,49,28,21,57.14,1.24,-23.6,26.09,0.609,0.6,25
"[-149,-110]",HR≥60/EDG≥-/CV≤-/μ≥-/TP≥50,57.14,,,,50.0,50,49,28,21,57.14,1.24,-23.6,26.09,0.609,0.6,25
"[-149,-110]",HR≥60/EDG≥-/CV≤-/μ≥0.0/TP≥-,59.09,,,0.0,,45,44,26,18,59.09,4.3,-21.68,30.28,1.892,0.583,24
"[-149,-110]",HR≥60/EDG≥-/CV≤-/μ≥0.0/TP≥50,59.09,,,0.0,50.0,45,44,26,18,59.09,4.3,-21.68,30.28,1.892,0.583,24
"[-149,-110]",HR≥60/EDG≥-/CV≤-/μ≥0.5/TP≥-,54.05,,,0.5,,37,37,20,17,54.05,-4.42,-33.25,24.41,-1.637,0.455,22
"[-149,-110]",HR≥60/EDG≥-/CV≤-/μ≥0.5/TP≥50,54.05,,,0.5,50.0,37,37,20,17,54.05,-4.42,-33.25,24.41,-1.637,0.455,22
"[-149,-110]",HR≥60/EDG≥-/CV≤0.7/μ≥-/TP≥-,58.33,,0.7,,,49,48,28,20,58.33,3.35,-21.66,28.37,1.609,0.6,25
"[-149,-110]",HR≥60/EDG≥-/CV≤0.7/μ≥-/TP≥50,58.33,,0.7,,50.0,49,48,28,20,58.33,3.35,-21.66,28.37,1.609,0.6,25
"[-149,-110]",HR≥60/EDG≥-/CV≤0.7/μ≥0.0/TP≥-,60.47,,0.7,0.0,,44,43,26,17,60.47,6.73,-19.42,32.87,2.892,0.583,24
"[-149,-110]",HR≥60/EDG≥-/CV≤0.7/μ≥0.0/TP≥50,60.47,,0.7,0.0,50.0,44,43,26,17,60.47,6.73,-19.42,32.87,2.892,0.583,24
"[-149,-110]",HR≥60/EDG≥-/CV≤0.7/μ≥0.5/TP≥-,55.56,,0.7,0.5,,36,36,20,16,55.56,-1.77,-30.92,27.39,-0.637,0.455,22
"[-149,-110]",HR≥60/EDG≥-/CV≤0.7/μ≥0.5/TP≥50,55.56,,0.7,0.5,50.0,36,36,20,16,55.56,-1.77,-30.92,27.39,-0.637,0.455,22
"[-149,-110]",HR≥60/EDG≥-/CV≤0.6/μ≥-/TP≥-,59.57,,0.6,,,48,47,28,19,59.57,5.55,-19.62,30.72,2.609,0.6,25
"[-149,-110]",HR≥60/EDG≥-/CV≤0.6/μ≥-/TP≥50,59.57,,0.6,,50.0,48,47,28,19,59.57,5.55,-19.62,30.72,2.609,0.6,25
"[-149,-110]",HR≥60/EDG≥-/CV≤0.6/μ≥0.0/TP≥-,61.9,,0.6,0.0,,43,42,26,16,61.9,9.27,-17.02,35.55,3.892,0.583,24
"[-149,-110]",HR≥60/EDG≥-/CV≤0.6/μ≥0.0/TP≥50,61.9,,0.6,0.0,50.0,43,42,26,16,61.9,9.27,-17.02,35.55,3.892,0.583,24
"[-149,-110]",HR≥60/EDG≥-/CV≤0.6/μ≥0.5/TP≥-,57.14,,0.6,0.5,,35,35,20,15,57.14,1.04,-28.42,30.5,0.363,0.476,21
"[-149,-110]",HR≥60/EDG≥-/CV≤0.6/μ≥0.5/TP≥50,57.14,,0.6,0.5,50.0,35,35,20,15,57.14,1.04,-28.42,30.5,0.363,0.476,21
"[-149,-110]",HR≥60/EDG≥-/CV≤0.5/μ≥-/TP≥-,64.29,,0.5,,,43,42,27,15,64.29,13.67,-12.32,39.65,5.74,0.583,24
"[-149,-110]",HR≥60/EDG≥-/CV≤0.5/μ≥-/TP≥50,64.29,,0.5,,50.0,43,42,27,15,64.29,13.67,-12.32,39.65,5.74,0.583,24
"[-149,-110]",HR≥60/EDG≥-/CV≤0.5/μ≥0.0/TP≥-,68.42,,0.5,0.0,,39,38,26,12,68.42,20.77,-5.72,47.26,7.892,0.652,23
"[-149,-110]",HR≥60/EDG≥-/CV≤0.5/μ≥0.0/TP≥50,68.42,,0.5,0.0,50.0,39,38,26,12,68.42,20.77,-5.72,47.26,7.892,0.652,23
"[-149,-110]",HR≥60/EDG≥-/CV≤0.5/μ≥0.5/TP≥-,64.52,,0.5,0.5,,31,31,20,11,64.52,14.07,-16.26,44.41,4.363,0.6,20
"[-149,-110]",HR≥60/EDG≥-/CV≤0.5/μ≥0.5/TP≥50,64.52,,0.5,0.5,50.0,31,31,20,11,64.52,14.07,-16.26,44.41,4.363,0.6,20
"[-149,-110]",HR≥60/EDG≥-/CV≤0.45/μ≥-/TP≥-,65.62,,0.45,,,33,32,21,11,65.62,15.69,-13.83,45.21,5.02,0.652,23
"[-149,-110]",HR≥60/EDG≥-/CV≤0.45/μ≥-/TP≥50,65.62,,0.45,,50.0,33,32,21,11,65.62,15.69,-13.83,45.21,5.02,0.652,23
"[-149,-110]",HR≥60/EDG≥-5.0/CV≤-/μ≥-/TP≥-,59.52,-5.0,,,,43,42,25,17,59.52,5.14,-21.45,31.72,2.157,0.565,23
"[-149,-110]",HR≥60/EDG≥-5.0/CV≤-/μ≥-/TP≥50,59.52,-5.0,,,50.0,43,42,25,17,59.52,5.14,-21.45,31.72,2.157,0.565,23
"[-149,-110]",HR≥60/EDG≥-5.0/CV≤-/μ≥0.0/TP≥-,59.52,-5.0,,0.0,,43,42,25,17,59.52,5.14,-21.45,31.72,2.157,0.565,23
"[-149,-110]",HR≥60/EDG≥-5.0/CV≤-/μ≥0.0/TP≥50,59.52,-5.0,,0.0,50.0,43,42,25,17,59.52,5.14,-21.45,31.72,2.157,0.565,23
"[-149,-110]",HR≥60/EDG≥-5.0/CV≤-/μ≥0.5/TP≥-,54.05,-5.0,,0.5,,37,37,20,17,54.05,-4.42,-33.25,24.41,-1.637,0.455,22
"[-149,-110]",HR≥60/EDG≥-5.0/CV≤-/μ≥0.5/TP≥50,54.05,-5.0,,0.5,50.0,37,37,20,17,54.05,-4.42,-33.25,24.41,-1.637,0.455,22
"[-149,-110]",HR≥60/EDG≥-5.0/CV≤0.7/μ≥-/TP≥-,60.98,-5.0,0.7,,,42,41,25,16,60.98,7.7,-19.05,34.45,3.157,0.565,23
"[-149,-110]",HR≥60/EDG≥-5.0/CV≤0.7/μ≥-/TP≥50,60.98,-5.0,0.7,,50.0,42,41,25,16,60.98,7.7,-19.05,34.45,3.157,0.565,23
"[-149,-110]",HR≥60/EDG≥-5.0/CV≤0.7/μ≥0.0/TP≥-,60.98,-5.0,0.7,0.0,,42,41,25,16,60.98,7.7,-19.05,34.45,3.157,0.565,23
"[-149,-110]",HR≥60/EDG≥-5.0/CV≤0.7/μ≥0.0/TP≥50,60.98,-5.0,0.7,0.0,50.0,42,41,25,16,60.98,7.7,-19.05,34.45,3.157,0.565,23
"[-149,-110]",HR≥60/EDG≥-5.0/CV≤0.7/μ≥0.5/TP≥-,55.56,-5.0,0.7,0.5,,36,36,20,16,55.56,-1.77,-30.92,27.39,-0.637,0.455,22
"[-149,-110]",HR≥60/EDG≥-5.0/CV≤0.7/μ≥0.5/TP≥50,55.56,-5.0,0.7,0.5,50.0,36,36,20,16,55.56,-1.77,-30.92,27.39,-0.637,0.455,22
"[-149,-110]",HR≥60/EDG≥-5.0/CV≤0.6/μ≥-/TP≥-,62.5,-5.0,0.6,,,41,40,25,15,62.5,10.39,-16.49,37.28,4.157,0.591,22
"[-149,-110]",HR≥60/EDG≥-5.0/CV≤0.6/μ≥-/TP≥50,62.5,-5.0,0.6,,50.0,41,40,25,15,62.5,10.39,-16.49,37.28,4.157,0.591,22
"[-149,-110]",HR≥60/EDG≥-5.0/CV≤0.6/μ≥0.0/TP≥-,62.5,-5.0,0.6,0.0,,41,40,25,15,62.5,10.39,-16.49,37.28,4.157,0.591,22
"[-149,-110]",HR≥60/EDG≥-5.0/CV≤0.6/μ≥0.0/TP≥50,62.5,-5.0,0.6,0.0,50.0,41,40,25,15,62.5,10.39,-16.49,37.28,4.157,0.591,22
"[-149,-110]",HR≥60/EDG≥-5.0/CV≤0.6/μ≥0.5/TP≥-,57.14,-5.0,0.6,0.5,,35,35,20,15,57.14,1.04,-28.42,30.5,0.363,0.476,21
"[-149,-110]",HR≥60/EDG≥-5.0/CV≤0.6/μ≥0.5/TP≥50,57.14,-5.0,0.6,0.5,50.0,35,35,20,15,57.14,1.04,-28.42,30.5,0.363,0.476,21
"[-149,-110]",HR≥60/EDG≥-5.0/CV≤0.5/μ≥-/TP≥-,69.44,-5.0,0.5,,,37,36,25,11,69.44,22.66,-4.36,49.67,8.157,0.667,21
"[-149,-110]",HR≥60/EDG≥-5.0/CV≤0.5/μ≥-/TP≥50,69.44,-5.0,0.5,,50.0,37,36,25,11,69.44,22.66,-4.36,49.67,8.157,0.667,21
"[-149,-110]",HR≥60/EDG≥-5.0/CV≤0.5/μ≥0.0/TP≥-,69.44,-5.0,0.5,0.0,,37,36,25,11,69.44,22.66,-4.36,49.67,8.157,0.667,21
"[-149,-110]",HR≥60/EDG≥-5.0/CV≤0.5/μ≥0.0/TP≥50,69.44,-5.0,0.5,0.0,50.0,37,36,25,11,69.44,22.66,-4.36,49.67,8.157,0.667,21
"[-149,-110]",HR≥60/EDG≥-5.0/CV≤0.5/μ≥0.5/TP≥-,64.52,-5.0,0.5,0.5,,31,31,20,11,64.52,14.07,-16.26,44.41,4.363,0.6,20
"[-149,-110]",HR≥60/EDG≥-5.0/CV≤0.5/μ≥0.5/TP≥50,64.52,-5.0,0.5,0.5,50.0,31,31,20,11,64.52,14.07,-16.26,44.41,4.363,0.6,20
"[-149,-110]",HR≥60/EDG≥0.0/CV≤-/μ≥-/TP≥-,55.26,0.0,,,,39,38,21,17,55.26,-2.2,-30.6,26.19,-0.837,0.5,22
"[-149,-110]",HR≥60/EDG≥0.0/CV≤-/μ≥-/TP≥50,55.26,0.0,,,50.0,39,38,21,17,55.26,-2.2,-30.6,26.19,-0.837,0.5,22
"[-149,-110]",HR≥60/EDG≥0.0/CV≤-/μ≥0.0/TP≥-,55.26,0.0,,0.0,,39,38,21,17,55.26,-2.2,-30.6,26.19,-0.837,0.5,22
"[-149,-110]",HR≥60/EDG≥0.0/CV≤-/μ≥0.0/TP≥50,55.26,0.0,,0.0,50.0,39,38,21,17,55.26,-2.2,-30.6,26.19,-0.837,0.5,22
"[-149,-110]",HR≥60/EDG≥0.0/CV≤-/μ≥0.5/TP≥-,54.05,0.0,,0.5,,37,37,20,17,54.05,-4.42,-33.25,24.41,-1.637,0.455,22
"[-149,-110]",HR≥60/EDG≥0.0/CV≤-/μ≥0.5/TP≥50,54.05,0.0,,0.5,50.0,37,37,20,17,54.05,-4.42,-33.25,24.41,-1.637,0.455,22
"[-149,-110]",HR≥60/EDG≥0.0/CV≤0.7/μ≥-/TP≥-,56.76,0.0,0.7,,,38,37,21,16,56.76,0.44,-28.24,29.13,0.163,0.5,22
"[-149,-110]",HR≥60/EDG≥0.0/CV≤0.7/μ≥-/TP≥50,56.76,0.0,0.7,,50.0,38,37,21,16,56.76,0.44,-28.24,29.13,0.163,0.5,22
"[-149,-110]",HR≥60/EDG≥0.0/CV≤0.7/μ≥0.0/TP≥-,56.76,0.0,0.7,0.0,,38,37,21,16,56.76,0.44,-28.24,29.13,0.163,0.5,22
"[-149,-110]",HR≥60/EDG≥0.0/CV≤0.7/μ≥0.0/TP≥50,56.76,0.0,0.7,0.0,50.0,38,37,21,16,56.76,0.44,-28.24,29.13,0.163,0.5,22
"[-149,-110]",HR≥60/EDG≥0.0/CV≤0.7/μ≥0.5/TP≥-,55.56,0.0,0.7,0.5,,36,36,20,16,55.56,-1.77,-30.92,27.39,-0.637,0.455,22
"[-149,-110]",HR≥60/EDG≥0.0/CV≤0.7/μ≥0.5/TP≥50,55.56,0.0,0.7,0.5,50.0,36,36,20,16,55.56,-1.77,-30.92,27.39,-0.637,0.455,22
"[-149,-110]",HR≥60/EDG≥0.0/CV≤0.6/μ≥-/TP≥-,58.33,0.0,0.6,,,37,36,21,15,58.33,3.23,-25.72,32.18,1.163,0.524,21
"[-149,-110]",HR≥60/EDG≥0.0/CV≤0.6/μ≥-/TP≥50,58.33,0.0,0.6,,50.0,37,36,21,15,58.33,3.23,-25.72,32.18,1.163,0.524,21
"[-149,-110]",HR≥60/EDG≥0.0/CV≤0.6/μ≥0.0/TP≥-,58.33,0.0,0.6,0.0,,37,36,21,15,58.33,3.23,-25.72,32.18,1.163,0.524,21
"[-149,-110]",HR≥60/EDG≥0.0/CV≤0.6/μ≥0.0/TP≥50,58.33,0.0,0.6,0.0,50.0,37,36,21,15,58.33,3.23,-25.72,32.18,1.163,0.524,21
"[-149,-110]",HR≥60/EDG≥0.0/CV≤0.6/μ≥0.5/TP≥-,57.14,0.0,0.6,0.5,,35,35,20,15,57.14,1.04,-28.42,30.5,0.363,0.476,21
"[-149,-110]",HR≥60/EDG≥0.0/CV≤0.6/μ≥0.5/TP≥50,57.14,0.0,0.6,0.5,50.0,35,35,20,15,57.14,1.04,-28.42,30.5,0.363,0.476,21
"[-149,-110]",HR≥60/EDG≥0.0/CV≤0.5/μ≥-/TP≥-,65.62,0.0,0.5,,,33,32,21,11,65.62,16.13,-13.51,45.78,5.163,0.6,20
"[-149,-110]",HR≥60/EDG≥0.0/CV≤0.5/μ≥-/TP≥50,65.62,0.0,0.5,,50.0,33,32,21,11,65.62,16.13,-13.51,45.78,5.163,0.6,20
"[-149,-110]",HR≥60/EDG≥0.0/CV≤0.5/μ≥0.0/TP≥-,65.62,0.0,0.5,0.0,,33,32,21,11,65.62,16.13,-13.51,45.78,5.163,0.6,20
"[-149,-110]",HR≥60/EDG≥0.0/CV≤0.5/μ≥0.0/TP≥50,65.62,0.0,0.5,0.0,50.0,33,32,21,11,65.62,16.13,-13.51,45.78,5.163,0.6,20
"[-149,-110]",HR≥60/EDG≥0.0/CV≤0.5/μ≥0.5/TP≥-,64.52,0.0,0.5,0.5,,31,31,20,11,64.52,14.07,-16.26,44.41,4.363,0.6,20
"[-149,-110]",HR≥60/EDG≥0.0/CV≤0.5/μ≥0.5/TP≥50,64.52,0.0,0.5,0.5,50.0,31,31,20,11,64.52,14.07,-16.26,44.41,4.363,0.6,20
"[-149,-110]",HR≥60/EDG≥5.0/CV≤-/μ≥-/TP≥-,57.58,5.0,,,,34,33,19,14,57.58,2.04,-28.36,32.44,0.673,0.5,20
"[-149,-110]",HR≥60/EDG≥5.0/CV≤-/μ≥-/TP≥50,57.58,5.0,,,50.0,34,33,19,14,57.58,2.04,-28.36,32.44,0.673,0.5,20
"[-149,-110]",HR≥60/EDG≥5.0/CV≤-/μ≥0.0/TP≥-,57.58,5.0,,0.0,,34,33,19,14,57.58,2.04,-28.36,32.44,0.673,0.5,20
"[-149,-110]",HR≥60/EDG≥5.0/CV≤-/μ≥0.0/TP≥50,57.58,5.0,,0.0,50.0,34,33,19,14,57.58,2.04,-28.36,32.44,0.673,0.5,20
"[-149,-110]",HR≥60/EDG≥5.0/CV≤-/μ≥0.5/TP≥-,57.58,5.0,,0.5,,33,33,19,14,57.58,2.04,-28.36,32.44,0.673,0.5,20
"[-149,-110]",HR≥60/EDG≥5.0/CV≤-/μ≥0.5/TP≥50,57.58,5.0,,0.5,50.0,33,33,19,14,57.58,2.04,-28.36,32.44,0.673,0.5,20
"[-149,-110]",HR≥60/EDG≥5.0/CV≤0.7/μ≥-/TP≥-,59.38,5.0,0.7,,,33,32,19,13,59.38,5.23,-25.46,35.92,1.673,0.526,19
"[-149,-110]",HR≥60/EDG≥5.0/CV≤0.7/μ≥-/TP≥50,59.38,5.0,0.7,,50.0,33,32,19,13,59.38,5.23,-25.46,35.92,1.673,0.526,19
"[-149,-110]",HR≥60/EDG≥5.0/CV≤0.7/μ≥0.0/TP≥-,59.38,5.0,0.7,0.0,,33,32,19,13,59.38,5.23,-25.46,35.92,1.673,0.526,19
"[-149,-110]",HR≥60/EDG≥5.0/CV≤0.7/μ≥0.0/TP≥50,59.38,5.0,0.7,0.0,50.0,33,32,19,13,59.38,5.23,-25.46,35.92,1.673,0.526,19
"[-149,-110]",HR≥60/EDG≥5.0/CV≤0.7/μ≥0.5/TP≥-,59.38,5.0,0.7,0.5,,32,32,19,13,59.38,5.23,-25.46,35.92,1.673,0.526,19
"[-149,-110]",HR≥60/EDG≥5.0/CV≤0.7/μ≥0.5/TP≥50,59.38,5.0,0.7,0.5,50.0,32,32,19,13,59.38,5.23,-25.46,35.92,1.673,0.526,19
"[-149,-110]",HR≥60/EDG≥5.0/CV≤0.6/μ≥-/TP≥-,61.29,5.0,0.6,,,32,31,19,12,61.29,8.62,-22.32,39.57,2.673,0.556,18
"[-149,-110]",HR≥60/EDG≥5.0/CV≤0.6/μ≥-/TP≥50,61.29,5.0,0.6,,50.0,32,31,19,12,61.29,8.62,-22.32,39.57,2.673,0.556,18
"[-149,-110]",HR≥60/EDG≥5.0/CV≤0.6/μ≥0.0/TP≥-,61.29,5.0,0.6,0.0,,32,31,19,12,61.29,8.62,-22.32,39.57,2.673,0.556,18
"[-149,-110]",HR≥60/EDG≥5.0/CV≤0.6/μ≥0.0/TP≥50,61.29,5.0,0.6,0.0,50.0,32,31,19,12,61.29,8.62,-22.32,39.57,2.673,0.556,18
"[-149,-110]",HR≥60/EDG≥5.0/CV≤0.6/μ≥0.5/TP≥-,61.29,5.0,0.6,0.5,,31,31,19,12,61.29,8.62,-22.32,39.57,2.673,0.556,18
"[-149,-110]",HR≥60/EDG≥5.0/CV≤0.6/μ≥0.5/TP≥50,61.29,5.0,0.6,0.5,50.0,31,31,19,12,61.29,8.62,-22.32,39.57,2.673,0.556,18
"[-109,+100]",HR≥-/EDG≥-/CV≤-/μ≥-/TP≥-,47.54,,,,,63,61,29,32,47.54,-6.84,-31.61,17.93,-4.172,0.462,26
"[-109,+100]",HR≥-/EDG≥-/CV≤-/μ≥0.0/TP≥-,44.19,,,0.0,,45,43,19,24,44.19,-13.24,-42.73,16.25,-5.694,0.474,19
"[-109,+100]",HR≥-/EDG≥-/CV≤-/μ≥0.5/TP≥-,42.86,,,0.5,,36,35,15,20,42.86,-15.99,-48.6,16.62,-5.597,0.412,17
"[-109,+100]",HR≥-/EDG≥-/CV≤0.7/μ≥-/TP≥-,45.61,,0.7,,,58,57,26,31,45.61,-10.65,-36.2,14.91,-6.069,0.423,26
"[-109,+100]",HR≥-/EDG≥-/CV≤0.7/μ≥0.0/TP≥-,43.9,,0.7,0.0,,42,41,18,23,43.9,-13.82,-44.01,16.38,-5.665,0.5,18
"[-109,+100]",HR≥-/EDG≥-/CV≤0.7/μ≥0.5/TP≥-,44.12,,0.7,0.5,,34,34,15,19,44.12,-13.52,-46.73,19.69,-4.597,0.471,17
"[-109,+100]",HR≥-/EDG≥-/CV≤0.6/μ≥-/TP≥-,48.15,,0.6,,,55,54,26,28,48.15,-5.68,-32.04,20.67,-3.069,0.462,26
"[-109,+100]",HR≥-/EDG≥-/CV≤0.6/μ≥0.0/TP≥-,47.37,,0.6,0.0,,39,38,18,20,47.37,-7.01,-38.6,24.58,-2.665,0.556,18
"[-109,+100]",HR≥-/EDG≥-/CV≤0.6/μ≥0.5/TP≥-,45.45,,0.6,0.5,,33,33,15,18,45.45,-10.9,-44.72,22.92,-3.597,0.471,17
"[-109,+100]",HR≥-/EDG≥-/CV≤0.5/μ≥-/TP≥-,52.38,,0.5,,,43,42,22,20,52.38,2.63,-27.33,32.58,1.103,0.478,23
"[-109,+100]",HR≥-/EDG≥-/CV≤0.45/μ≥-/TP≥-,56.25,,0.45,,,33,32,18,14,56.25,9.87,-24.24,43.99,3.16,0.524,21
"[-109,+100]",HR≥-/EDG≥-5.0/CV≤-/μ≥-/TP≥-,45.83,-5.0,,,,50,48,22,26,45.83,-10.13,-38.07,17.8,-4.863,0.455,22
"[-109,+100]",HR≥-/EDG≥-5.0/CV≤-/μ≥0.0/TP≥-,44.19,-5.0,,0.0,,45,43,19,24,44.19,-13.24,-42.73,16.25,-5.694,0.474,19
"[-109,+100]",HR≥-/EDG≥-5.0/CV≤-/μ≥0.5/TP≥-,42.86,-5.0,,0.5,,36,35,15,20,42.86,-15.99,-48.6,16.62,-5.597,0.412,17
"[-109,+100]",HR≥-/EDG≥-5.0/CV≤0.7/μ≥-/TP≥-,45.65,-5.0,0.7,,,47,46,21,25,45.65,-10.51,-39.04,18.02,-4.834,0.476,21
"[-109,+100]",HR≥-/EDG≥-5.0/CV≤0.7/μ≥0.0/TP≥-,43.9,-5.0,0.7,0.0,,42,41,18,23,43.9,-13.82,-44.01,16.38,-5.665,0.5,18
"[-109,+100]",HR≥-/EDG≥-5.0/CV≤0.7/μ≥0.5/TP≥-,44.12,-5.0,0.7,0.5,,34,34,15,19,44.12,-13.52,-46.73,19.69,-4.597,0.471,17
"[-109,+100]",HR≥-/EDG≥-5.0/CV≤0.6/μ≥-/TP≥-,48.84,-5.0,0.6,,,44,43,21,22,48.84,-4.26,-33.9,25.37,-1.834,0.524,21
"[-109,+100]",HR≥-/EDG≥-5.0/CV≤0.6/μ≥0.0/TP≥-,47.37,-5.0,0.6,0.0,,39,38,18,20,47.37,-7.01,-38.6,24.58,-2.665,0.556,18
"[-109,+100]",HR≥-/EDG≥-5.0/CV≤0.6/μ≥0.5/TP≥-,45.45,-5.0,0.6,0.5,,33,33,15,18,45.45,-10.9,-44.72,22.92,-3.597,0.471,17
"[-109,+100]",HR≥-/EDG≥-5.0/CV≤0.5/μ≥-/TP≥-,53.12,-5.0,0.5,,,33,32,17,15,53.12,4.18,-30.27,38.64,1.338,0.526,19
"[-109,+100]",HR≥-/EDG≥0.0/CV≤-/μ≥-/TP≥-,45.24,0.0,,,,44,42,19,23,45.24,-11.18,-41.09,18.74,-4.694,0.474,19
"[-109,+100]",HR≥-/EDG≥0.0/CV≤-/μ≥0.0/TP≥-,45.24,0.0,,0.0,,44,42,19,23,45.24,-11.18,-41.09,18.74,-4.694,0.474,19
"[-109,+100]",HR≥-/EDG≥0.0/CV≤-/μ≥0.5/TP≥-,42.86,0.0,,0.5,,36,35,15,20,42.86,-15.99,-48.6,16.62,-5.597,0.412,17
"[-109,+100]",HR≥-/EDG≥0.0/CV≤0.7/μ≥-/TP≥-,45.0,0.0,0.7,,,41,40,18,22,45.0,-11.66,-42.32,18.99,-4.665,0.5,18
"[-109,+100]",HR≥-/EDG≥0.0/CV≤0.7/μ≥0.0/TP≥-,45.0,0.0,0.7,0.0,,41,40,18,22,45.0,-11.66,-42.32,18.99,-4.665,0.5,18
"[-109,+100]",HR≥-/EDG≥0.0/CV≤0.7/μ≥0.5/TP≥-,44.12,0.0,0.7,0.5,,34,34,15,19,44.12,-13.52,-46.73,19.69,-4.597,0.471,17
"[-109,+100]",HR≥-/EDG≥0.0/CV≤0.6/μ≥-/TP≥-,47.37,0.0,0.6,,,39,38,18,20,47.37,-7.01,-38.6,24.58,-2.665,0.556,18
"[-109,+100]",HR≥-/EDG≥0.0/CV≤0.6/μ≥0.0/TP≥-,47.37,0.0,0.6,0.0,,39,38,18,20,47.37,-7.01,-38.6,24.58,-2.665,0.556,18
"[-109,+100]",HR≥-/EDG≥0.0/CV≤0.6/μ≥0.5/TP≥-,45.45,0.0,0.6,0.5,,33,33,15,18,45.45,-10.9,-44.72,22.92,-3.597,0.471,17
"[-109,+100]",HR≥-/EDG≥5.0/CV≤-/μ≥-/TP≥-,47.22,5.0,,,,38,36,17,19,47.22,-7.4,-39.84,25.03,-2.665,0.5,18
"[-109,+100]",HR≥-/EDG≥5.0/CV≤-/μ≥0.0/TP≥-,47.22,5.0,,0.0,,38,36,17,19,47.22,-7.4,-39.84,25.03,-2.665,0.5,18
"[-109,+100]",HR≥-/EDG≥5.0/CV≤-/μ≥0.5/TP≥-,44.12,5.0,,0.5,,35,34,15,19,44.12,-13.52,-46.73,19.69,-4.597,0.471,17
"[-109,+100]",HR≥-/EDG≥5.0/CV≤0.7/μ≥-/TP≥-,47.22,5.0,0.7,,,37,36,17,19,47.22,-7.4,-39.84,25.03,-2.665,0.5,18
"[-109,+100]",HR≥-/EDG≥5.0/CV≤0.7/μ≥0.0/TP≥-,47.22,5.0,0.7,0.0,,37,36,17,19,47.22,-7.4,-39.84,25.03,-2.665,0.5,18
"[-109,+100]",HR≥-/EDG≥5.0/CV≤0.7/μ≥0.5/TP≥-,44.12,5.0,0.7,0.5,,34,34,15,19,44.12,-13.52,-46.73,19.69,-4.597,0.471,17
"[-109,+100]",HR≥-/EDG≥5.0/CV≤0.6/μ≥-/TP≥-,48.57,5.0,0.6,,,36,35,17,18,48.57,-4.76,-37.7,28.19,-1.665,0.5,18
"[-109,+100]",HR≥-/EDG≥5.0/CV≤0.6/μ≥0.0/TP≥-,48.57,5.0,0.6,0.0,,36,35,17,18,48.57,-4.76,-37.7,28.19,-1.665,0.5,18
"[-109,+100]",HR≥-/EDG≥5.0/CV≤0.6/μ≥0.5/TP≥-,45.45,5.0,0.6,0.5,,33,33,15,18,45.45,-10.9,-44.72,22.92,-3.597,0.471,17
"[-109,+100]",HR≥-/EDG≥10.0/CV≤-/μ≥-/TP≥-,45.45,10.0,,,,34,33,15,18,45.45,-10.82,-44.67,23.04,-3.569,0.438,16
"[-109,+100]",HR≥-/EDG≥10.0/CV≤-/μ≥0.0/TP≥-,45.45,10.0,,0.0,,34,33,15,18,45.45,-10.82,-44.67,23.04,-3.569,0.438,16
"[-109,+100]",HR≥-/EDG≥10.0/CV≤-/μ≥0.5/TP≥-,43.75,10.0,,0.5,,33,32,14,18,43.75,-14.22,-48.46,20.03,-4.55,0.438,16
"[-109,+100]",HR≥-/EDG≥10.0/CV≤0.7/μ≥-/TP≥-,45.45,10.0,0.7,,,33,33,15,18,45.45,-10.82,-44.67,23.04,-3.569,0.438,16
"[-109,+100]",HR≥-/EDG≥10.0/CV≤0.7/μ≥0.0/TP≥-,45.45,10.0,0.7,0.0,,33,33,15,18,45.45,-10.82,-44.67,23.04,-3.569,0.438,16
"[-109,+100]",HR≥-/EDG≥10.0/CV≤0.7/μ≥0.5/TP≥-,43.75,10.0,0.7,0.5,,32,32,14,18,43.75,-14.22,-48.46,20.03,-4.55,0.438,16
"[-109,+100]",HR≥-/EDG≥10.0/CV≤0.6/μ≥-/TP≥-,46.88,10.0,0.6,,,32,32,15,17,46.88,-8.03,-42.5,26.44,-2.569,0.438,16
"[-109,+100]",HR≥-/EDG≥10.0/CV≤0.6/μ≥0.0/TP≥-,46.88,10.0,0.6,0.0,,32,32,15,17,46.88,-8.03,-42.5,26.44,-2.569,0.438,16
"[-109,+100]",HR≥-/EDG≥10.0/CV≤0.6/μ≥0.5/TP≥-,45.16,10.0,0.6,0.5,,31,31,14,17,45.16,-11.45,-46.37,23.47,-3.55,0.438,16
"[-109,+100]",HR≥45/EDG≥-/CV≤-/μ≥-/TP≥-,50.0,,,,,35,34,17,17,50.0,-2.13,-35.53,31.26,-0.725,0.571,21
"[-109,+100]",HR≥45/EDG≥-/CV≤0.7/μ≥-/TP≥-,50.0,,0.7,,,35,34,17,17,50.0,-2.13,-35.53,31.26,-0.725,0.571,21
"[-109,+100]",HR≥45/EDG≥-/CV≤0.6/μ≥-/TP≥-,51.52,,0.6,,,34,33,17,16,51.52,0.83,-33.07,34.73,0.275,0.571,21
"[-109,+100]",HR≥45/EDG≥-5.0/CV≤-/μ≥-/TP≥-,48.39,-5.0,,,,32,31,15,16,48.39,-5.14,-40.21,29.92,-1.595,0.579,19
"[-109,+100]",HR≥45/EDG≥-5.0/CV≤0.7/μ≥-/TP≥-,48.39,-5.0,0.7,,,32,31,15,16,48.39,-5.14,-40.21,29.92,-1.595,0.579,19
"[-109,+100]",HR≥45/EDG≥-5.0/CV≤0.6/μ≥-/TP≥-,50.0,-5.0,0.6,,,31,30,15,15,50.0,-1.98,-37.66,33.7,-0.595,0.579,19
"[+101,+200]",HR≥-/EDG≥-/CV≤-/μ≥-/TP≥-,42.22,,,,,273,270,114,156,42.22,-5.68,-18.9,7.54,-15.34,0.5,28
"[+101,+200]",HR≥-/EDG≥-/CV≤-/μ≥0.0/TP≥-,42.07,,,0.0,,146,145,61,84,42.07,-6.14,-24.19,11.9,-8.91,0.519,27
"[+101,+200]",HR≥-/EDG≥-/CV≤-/μ≥0.5/TP≥-,46.3,,,0.5,,109,108,50,58,46.3,3.09,-18.02,24.2,3.34,0.593,27
"[+101,+200]",HR≥-/EDG≥-/CV≤-/μ≥1.0/TP≥-,49.28,,,1.0,,69,69,34,35,49.28,9.64,-16.9,36.17,6.65,0.615,26
"[+101,+200]",HR≥-/EDG≥-/CV≤0.7/μ≥-/TP≥-,43.27,,0.7,,,248,245,106,139,43.27,-3.25,-17.19,10.69,-7.96,0.556,27
"[+101,+200]",HR≥-/EDG≥-/CV≤0.7/μ≥0.0/TP≥-,43.61,,0.7,0.0,,134,133,58,75,43.61,-2.53,-21.5,16.44,-3.37,0.519,27
"[+101,+200]",HR≥-/EDG≥-/CV≤0.7/μ≥0.5/TP≥-,47.0,,0.7,0.5,,101,100,47,53,47.0,4.88,-17.14,26.9,4.88,0.593,27
"[+101,+200]",HR≥-/EDG≥-/CV≤0.7/μ≥1.0/TP≥-,47.69,,0.7,1.0,,65,65,31,34,47.69,6.45,-20.96,33.86,4.19,0.615,26
"[+101,+200]",HR≥-/EDG≥-/CV≤0.6/μ≥-/TP≥-,43.54,,0.6,,,212,209,91,118,43.54,-2.83,-17.91,12.26,-5.91,0.481,27
"[+101,+200]",HR≥-/EDG≥-/CV≤0.6/μ≥0.0/TP≥-,47.46,,0.6,0.0,,119,118,56,62,47.46,5.83,-14.42,26.08,6.88,0.556,27
"[+101,+200]",HR≥-/EDG≥-/CV≤0.6/μ≥0.5/TP≥-,50.56,,0.6,0.5,,90,89,45,44,50.56,12.51,-10.83,35.84,11.13,0.63,27
"[+101,+200]",HR≥-/EDG≥-/CV≤0.6/μ≥1.0/TP≥-,52.54,,0.6,1.0,,59,59,31,28,52.54,17.27,-11.53,46.07,10.19,0.68,25
"[+101,+200]",HR≥-/EDG≥-/CV≤0.5/μ≥-/TP≥-,44.44,,0.5,,,164,162,72,90,44.44,-1.01,-18.16,16.15,-1.63,0.444,27
"[+101,+200]",HR≥-/EDG≥-/CV≤0.5/μ≥0.0/TP≥-,46.88,,0.5,0.0,,97,96,45,51,46.88,4.49,-17.97,26.94,4.31,0.519,27
"[+101,+200]",HR≥-/EDG≥-/CV≤0.5/μ≥0.5/TP≥-,50.0,,0.5,0.5,,77,76,38,38,50.0,11.28,-14.01,36.56,8.57,0.556,27
"[+101,+200]",HR≥-/EDG≥-/CV≤0.5/μ≥1.0/TP≥-,53.06,,0.5,1.0,,49,49,26,23,53.06,18.33,-13.29,49.95,8.98,0.667,24
"[+101,+200]",HR≥-/EDG≥-/CV≤0.45/μ≥-/TP≥-,44.27,,0.45,,,133,131,58,73,44.27,-1.18,-20.3,17.95,-1.54,0.481,27
"[+101,+200]",HR≥-/EDG≥-/CV≤0.45/μ≥0.0/TP≥-,49.37,,0.45,0.0,,80,79,39,40,49.37,10.65,-14.32,35.61,8.41,0.519,27
"[+101,+200]",HR≥-/EDG≥-/CV≤0.45/μ≥0.5/TP≥-,52.46,,0.45,0.5,,62,61,32,29,52.46,17.49,-10.92,45.9,10.67,0.556,27
"[+101,+200]",HR≥-/EDG≥-/CV≤0.45/μ≥1.0/TP≥-,52.5,,0.45,1.0,,40,40,21,19,52.5,17.82,-17.49,53.14,7.13,0.565,23
"[+101,+200]",HR≥-/EDG≥-/CV≤0.4/μ≥-/TP≥-,41.24,,0.4,,,99,97,40,57,41.24,-7.47,-29.63,14.69,-7.25,0.519,27
"[+101,+200]",HR≥-/EDG≥-/CV≤0.4/μ≥0.0/TP≥-,49.02,,0.4,0.0,,52,51,25,26,49.02,10.49,-20.85,41.83,5.35,0.52,25
"[+101,+200]",HR≥-/EDG≥-/CV≤0.4/μ≥0.5/TP≥-,52.5,,0.4,0.5,,41,40,21,19,52.5,18.58,-16.94,54.09,7.43,0.565,23
"[+101,+200]",HR≥-/EDG≥-5.0/CV≤-/μ≥-/TP≥-,41.62,-5.0,,,,186,185,77,108,41.62,-6.85,-22.84,9.13,-12.68,0.481,27
"[+101,+200]",HR≥-/EDG≥-5.0/CV≤-/μ≥0.0/TP≥-,42.07,-5.0,,0.0,,146,145,61,84,42.07,-6.14,-24.19,11.9,-8.91,0.519,27
"[+101,+200]",HR≥-/EDG≥-5.0/CV≤-/μ≥0.5/TP≥-,46.3,-5.0,,0.5,,109,108,50,58,46.3,3.09,-18.02,24.2,3.34,0.593,27
"[+101,+200]",HR≥-/EDG≥-5.0/CV≤-/μ≥1.0/TP≥-,49.28,-5.0,,1.0,,69,69,34,35,49.28,9.64,-16.9,36.17,6.65,0.615,26
"[+101,+200]",HR≥-/EDG≥-5.0/CV≤0.7/μ≥-/TP≥-,42.51,-5.0,0.7,,,168,167,71,96,42.51,-4.67,-21.59,12.24,-7.8,0.481,27
"[+101,+200]",HR≥-/EDG≥-5.0/CV≤0.7/μ≥0.0/TP≥-,43.61,-5.0,0.7,0.0,,134,133,58,75,43.61,-2.53,-21.5,16.44,-3.37,0.519,27
"[+101,+200]",HR≥-/EDG≥-5.0/CV≤0.7/μ≥0.5/TP≥-,47.0,-5.0,0.7,0.5,,101,100,47,53,47.0,4.88,-17.14,26.9,4.88,0.593,27
"[+101,+200]",HR≥-/EDG≥-5.0/CV≤0.7/μ≥1.0/TP≥-,47.69,-5.0,0.7,1.0,,65,65,31,34,47.69,6.45,-20.96,33.86,4.19,0.615,26
"[+101,+200]",HR≥-/EDG≥-5.0/CV≤0.6/μ≥-/TP≥-,44.59,-5.0,0.6,,,149,148,66,82,44.59,-0.22,-18.26,17.81,-0.33,0.519,27
"[+101,+200]",HR≥-/EDG≥-5.0/CV≤0.6/μ≥0.0/TP≥-,47.46,-5.0,0.6,0.0,,119,118,56,62,47.46,5.83,-14.42,26.08,6.88,0.556,27
"[+101,+200]",HR≥-/EDG≥-5.0/CV≤0.6/μ≥0.5/TP≥-,50.56,-5.0,0.6,0.5,,90,89,45,44,50.56,12.51,-10.83,35.84,11.13,0.63,27
"[+101,+200]",HR≥-/EDG≥-5.0/CV≤0.6/μ≥1.0/TP≥-,52.54,-5.0,0.6,1.0,,59,59,31,28,52.54,17.27,-11.53,46.07,10.19,0.68,25
"[+101,+200]",HR≥-/EDG≥-5.0/CV≤0.5/μ≥-/TP≥-,46.15,-5.0,0.5,,,118,117,54,63,46.15,3.21,-17.15,23.58,3.76,0.556,27
"[+101,+200]",HR≥-/EDG≥-5.0/CV≤0.5/μ≥0.0/TP≥-,46.88,-5.0,0.5,0.0,,97,96,45,51,46.88,4.49,-17.97,26.94,4.31,0.519,27
"[+101,+200]",HR≥-/EDG≥-5.0/CV≤0.5/μ≥0.5/TP≥-,50.0,-5.0,0.5,0.5,,77,76,38,38,50.0,11.28,-14.01,36.56,8.57,0.556,27
"[+101,+200]",HR≥-/EDG≥-5.0/CV≤0.5/μ≥1.0/TP≥-,53.06,-5.0,0.5,1.0,,49,49,26,23,53.06,18.33,-13.29,49.95,8.98,0.667,24
"[+101,+200]",HR≥-/EDG≥-5.0/CV≤0.45/μ≥-/TP≥-,46.81,-5.0,0.45,,,95,94,44,50,46.81,5.06,-17.78,27.9,4.76,0.481,27
"[+101,+200]",HR≥-/EDG≥-5.0/CV≤0.45/μ≥0.0/TP≥-,49.37,-5.0,0.45,0.0,,80,79,39,40,49.37,10.65,-14.32,35.61,8.41,0.519,27
"[+101,+200]",HR≥-/EDG≥-5.0/CV≤0.45/μ≥0.5/TP≥-,52.46,-5.0,0.45,0.5,,62,61,32,29,52.46,17.49,-10.92,45.9,10.67,0.556,27
"[+101,+200]",HR≥-/EDG≥-5.0/CV≤0.45/μ≥1.0/TP≥-,52.5,-5.0,0.45,1.0,,40,40,21,19,52.5,17.82,-17.49,53.14,7.13,0.565,23
"[+101,+200]",HR≥-/EDG≥-5.0/CV≤0.4/μ≥-/TP≥-,43.75,-5.0,0.4,,,65,64,28,36,43.75,-1.09,-28.87,26.68,-0.7,0.407,27
"[+101,+200]",HR≥-/EDG≥-5.0/CV≤0.4/μ≥0.0/TP≥-,49.02,-5.0,0.4,0.0,,52,51,25,26,49.02,10.49,-20.85,41.83,5.35,0.52,25
"[+101,+200]",HR≥-/EDG≥-5.0/CV≤0.4/μ≥0.5/TP≥-,52.5,-5.0,0.4,0.5,,41,40,21,19,52.5,18.58,-16.94,54.09,7.43,0.565,23
"[+101,+200]",HR≥-/EDG≥0.0/CV≤-/μ≥-/TP≥-,39.88,0.0,,,,169,168,67,101,39.88,-10.96,-27.59,5.67,-18.41,0.481,27
"[+101,+200]",HR≥-/EDG≥0.0/CV≤-/μ≥0.0/TP≥-,42.07,0.0,,0.0,,146,145,61,84,42.07,-6.14,-24.19,11.9,-8.91,0.519,27
"[+101,+200]",HR≥-/EDG≥0.0/CV≤-/μ≥0.5/TP≥-,46.3,0.0,,0.5,,109,108,50,58,46.3,3.09,-18.02,24.2,3.34,0.593,27
"[+101,+200]",HR≥-/EDG≥0.0/CV≤-/μ≥1.0/TP≥-,49.28,0.0,,1.0,,69,69,34,35,49.28,9.64,-16.9,36.17,6.65,0.615,26
"[+101,+200]",HR≥-/EDG≥0.0/CV≤0.7/μ≥-/TP≥-,41.18,0.0,0.7,,,154,153,63,90,41.18,-7.89,-25.44,9.67,-12.07,0.444,27
"[+101,+200]",HR≥-/EDG≥0.0/CV≤0.7/μ≥0.0/TP≥-,43.61,0.0,0.7,0.0,,134,133,58,75,43.61,-2.53,-21.5,16.44,-3.37,0.519,27
"[+101,+200]",HR≥-/EDG≥0.0/CV≤0.7/μ≥0.5/TP≥-,47.0,0.0,0.7,0.5,,101,100,47,53,47.0,4.88,-17.14,26.9,4.88,0.593,27
"[+101,+200]",HR≥-/EDG≥0.0/CV≤0.7/μ≥1.0/TP≥-,47.69,0.0,0.7,1.0,,65,65,31,34,47.69,6.45,-20.96,33.86,4.19,0.615,26
"[+101,+200]",HR≥-/EDG≥0.0/CV≤0.6/μ≥-/TP≥-,44.12,0.0,0.6,,,137,136,60,76,44.12,-1.45,-20.22,17.32,-1.97,0.556,27
"[+101,+200]",HR≥-/EDG≥0.0/CV≤0.6/μ≥0.0/TP≥-,47.46,0.0,0.6,0.0,,119,118,56,62,47.46,5.83,-14.42,26.08,6.88,0.556,27
"[+101,+200]",HR≥-/EDG≥0.0/CV≤0.6/μ≥0.5/TP≥-,50.56,0.0,0.6,0.5,,90,89,45,44,50.56,12.51,-10.83,35.84,11.13,0.63,27
"[+101,+200]",HR≥-/EDG≥0.0/CV≤0.6/μ≥1.0/TP≥-,52.54,0.0,0.6,1.0,,59,59,31,28,52.54,17.27,-11.53,46.07,10.19,0.68,25
"[+101,+200]",HR≥-/EDG≥0.0/CV≤0.5/μ≥-/TP≥-,44.95,0.0,0.5,,,110,109,49,60,44.95,0.42,-20.61,21.45,0.46,0.556,27
"[+101,+200]",HR≥-/EDG≥0.0/CV≤0.5/μ≥0.0/TP≥-,46.88,0.0,0.5,0.0,,97,96,45,51,46.88,4.49,-17.97,26.94,4.31,0.519,27
"[+101,+200]",HR≥-/EDG≥0.0/CV≤0.5/μ≥0.5/TP≥-,50.0,0.0,0.5,0.5,,77,76,38,38,50.0,11.28,-14.01,36.56,8.57,0.556,27
"[+101,+200]",HR≥-/EDG≥0.0/CV≤0.5/μ≥1.0/TP≥-,53.06,0.0,0.5,1.0,,49,49,26,23,53.06,18.33,-13.29,49.95,8.98,0.667,24
"[+101,+200]",HR≥-/EDG≥0.0/CV≤0.45/μ≥-/TP≥-,46.59,0.0,0.45,,,89,88,41,47,46.59,4.5,-19.09,28.09,3.96,0.519,27
"[+101,+200]",HR≥-/EDG≥0.0/CV≤0.45/μ≥0.0/TP≥-,49.37,0.0,0.45,0.0,,80,79,39,40,49.37,10.65,-14.32,35.61,8.41,0.519,27
"[+101,+200]",HR≥-/EDG≥0.0/CV≤0.45/μ≥0.5/TP≥-,52.46,0.0,0.45,0.5,,62,61,32,29,52.46,17.49,-10.92,45.9,10.67,0.556,27
"[+101,+200]",HR≥-/EDG≥0.0/CV≤0.45/μ≥1.0/TP≥-,52.5,0.0,0.45,1.0,,40,40,21,19,52.5,17.82,-17.49,53.14,7.13,0.565,23
"[+101,+200]",HR≥-/EDG≥0.0/CV≤0.4/μ≥-/TP≥-,44.07,0.0,0.4,,,60,59,26,33,44.07,-0.51,-29.44,28.42,-0.3,0.444,27
"[+101,+200]",HR≥-/EDG≥0.0/CV≤0.4/μ≥0.0/TP≥-,49.02,0.0,0.4,0.0,,52,51,25,26,49.02,10.49,-20.85,41.83,5.35,0.52,25
"[+101,+200]",HR≥-/EDG≥0.0/CV≤0.4/μ≥0.5/TP≥-,52.5,0.0,0.4,0.5,,41,40,21,19,52.5,18.58,-16.94,54.09,7.43,0.565,23
"[+101,+200]",HR≥-/EDG≥5.0/CV≤-/μ≥-/TP≥-,41.1,5.0,,,,147,146,60,86,41.1,-8.21,-26.15,9.74,-11.98,0.519,27
"[+101,+200]",HR≥-/EDG≥5.0/CV≤-/μ≥0.0/TP≥-,42.25,5.0,,0.0,,143,142,60,82,42.25,-5.62,-23.89,12.65,-7.98,0.519,27
"[+101,+200]",HR≥-/EDG≥5.0/CV≤-/μ≥0.5/TP≥-,46.3,5.0,,0.5,,109,108,50,58,46.3,3.09,-18.02,24.2,3.34,0.593,27
"[+101,+200]",HR≥-/EDG≥5.0/CV≤-/μ≥1.0/TP≥-,49.28,5.0,,1.0,,69,69,34,35,49.28,9.64,-16.9,36.17,6.65,0.615,26
"[+101,+200]",HR≥-/EDG≥5.0/CV≤0.7/μ≥-/TP≥-,42.22,5.0,0.7,,,136,135,57,78,42.22,-5.51,-24.29,13.26,-7.44,0.481,27
"[+101,+200]",HR≥-/EDG≥5.0/CV≤0.7/μ≥0.0/TP≥-,43.51,5.0,0.7,0.0,,132,131,57,74,43.51,-2.63,-21.76,16.51,-3.44,0.519,27
"[+101,+200]",HR≥-/EDG≥5.0/CV≤0.7/μ≥0.5/TP≥-,47.0,5.0,0.7,0.5,,101,100,47,53,47.0,4.88,-17.14,26.9,4.88,0.593,27
"[+101,+200]",HR≥-/EDG≥5.0/CV≤0.7/μ≥1.0/TP≥-,47.69,5.0,0.7,1.0,,65,65,31,34,47.69,6.45,-20.96,33.86,4.19,0.615,26
"[+101,+200]",HR≥-/EDG≥5.0/CV≤0.6/μ≥-/TP≥-,45.83,5.0,0.6,,,121,120,55,65,45.83,2.34,-17.72,22.4,2.81,0.519,27
"[+101,+200]",HR≥-/EDG≥5.0/CV≤0.6/μ≥0.0/TP≥-,47.41,5.0,0.6,0.0,,117,116,55,61,47.41,5.87,-14.58,26.32,6.81,0.556,27
"[+101,+200]",HR≥-/EDG≥5.0/CV≤0.6/μ≥0.5/TP≥-,50.56,5.0,0.6,0.5,,90,89,45,44,50.56,12.51,-10.83,35.84,11.13,0.63,27
"[+101,+200]",HR≥-/EDG≥5.0/CV≤0.6/μ≥1.0/TP≥-,52.54,5.0,0.6,1.0,,59,59,31,28,52.54,17.27,-11.53,46.07,10.19,0.68,25
"[+101,+200]",HR≥-/EDG≥5.0/CV≤0.5/μ≥-/TP≥-,45.92,5.0,0.5,,,99,98,45,53,45.92,2.36,-19.83,24.55,2.31,0.481,27
"[+101,+200]",HR≥-/EDG≥5.0/CV≤0.5/μ≥0.0/TP≥-,47.37,5.0,0.5,0.0,,96,95,45,50,47.37,5.59,-17.0,28.18,5.31,0.519,27
"[+101,+200]",HR≥-/EDG≥5.0/CV≤0.5/μ≥0.5/TP≥-,50.0,5.0,0.5,0.5,,77,76,38,38,50.0,11.28,-14.01,36.56,8.57,0.556,27
"[+101,+200]",HR≥-/EDG≥5.0/CV≤0.5/μ≥1.0/TP≥-,53.06,5.0,0.5,1.0,,49,49,26,23,53.06,18.33,-13.29,49.95,8.98,0.667,24
"[+101,+200]",HR≥-/EDG≥5.0/CV≤0.45/μ≥-/TP≥-,48.15,5.0,0.45,,,82,81,39,42,48.15,7.91,-16.72,32.55,6.41,0.519,27
"[+101,+200]",HR≥-/EDG≥5.0/CV≤0.45/μ≥0.0/TP≥-,50.0,5.0,0.45,0.0,,79,78,39,39,50.0,12.06,-13.06,37.19,9.41,0.519,27
"[+101,+200]",HR≥-/EDG≥5.0/CV≤0.45/μ≥0.5/TP≥-,52.46,5.0,0.45,0.5,,62,61,32,29,52.46,17.49,-10.92,45.9,10.67,0.556,27
"[+101,+200]",HR≥-/EDG≥5.0/CV≤0.45/μ≥1.0/TP≥-,52.5,5.0,0.45,1.0,,40,40,21,19,52.5,17.82,-17.49,53.14,7.13,0.565,23
"[+101,+200]",HR≥-/EDG≥5.0/CV≤0.4/μ≥-/TP≥-,47.17,5.0,0.4,,,54,53,25,28,47.17,6.32,-24.36,37.0,3.35,0.462,26
"[+101,+200]",HR≥-/EDG≥5.0/CV≤0.4/μ≥0.0/TP≥-,50.0,5.0,0.4,0.0,,51,50,25,25,50.0,12.7,-18.96,44.36,6.35,0.52,25
"[+101,+200]",HR≥-/EDG≥5.0/CV≤0.4/μ≥0.5/TP≥-,52.5,5.0,0.4,0.5,,41,40,21,19,52.5,18.58,-16.94,54.09,7.43,0.565,23
"[+101,+200]",HR≥-/EDG≥10.0/CV≤-/μ≥-/TP≥-,43.41,10.0,,,,130,129,56,73,43.41,-2.87,-22.14,16.41,-3.7,0.593,27
"[+101,+200]",HR≥-/EDG≥10.0/CV≤-/μ≥0.0/TP≥-,43.41,10.0,,0.0,,130,129,56,73,43.41,-2.87,-22.14,16.41,-3.7,0.593,27
"[+101,+200]",HR≥-/EDG≥10.0/CV≤-/μ≥0.5/TP≥-,46.23,10.0,,0.5,,107,106,49,57,46.23,3.06,-18.28,24.39,3.24,0.63,27
"[+101,+200]",HR≥-/EDG≥10.0/CV≤-/μ≥1.0/TP≥-,49.28,10.0,,1.0,,69,69,34,35,49.28,9.64,-16.9,36.17,6.65,0.615,26
"[+101,+200]",HR≥-/EDG≥10.0/CV≤0.7/μ≥-/TP≥-,43.8,10.0,0.7,,,122,121,53,68,43.8,-1.79,-21.76,18.19,-2.16,0.519,27
"[+101,+200]",HR≥-/EDG≥10.0/CV≤0.7/μ≥0.0/TP≥-,43.8,10.0,0.7,0.0,,122,121,53,68,43.8,-1.79,-21.76,18.19,-2.16,0.519,27
"[+101,+200]",HR≥-/EDG≥10.0/CV≤0.7/μ≥0.5/TP≥-,46.46,10.0,0.7,0.5,,100,99,46,53,46.46,3.82,-18.32,25.96,3.78,0.593,27
"[+101,+200]",HR≥-/EDG≥10.0/CV≤0.7/μ≥1.0/TP≥-,47.69,10.0,0.7,1.0,,65,65,31,34,47.69,6.45,-20.96,33.86,4.19,0.615,26
"[+101,+200]",HR≥-/EDG≥10.0/CV≤0.6/μ≥-/TP≥-,48.11,10.0,0.6,,,107,106,51,55,48.11,7.63,-13.83,29.09,8.09,0.556,27
"[+101,+200]",HR≥-/EDG≥10.0/CV≤0.6/μ≥0.0/TP≥-,48.11,10.0,0.6,0.0,,107,106,51,55,48.11,7.63,-13.83,29.09,8.09,0.556,27
"[+101,+200]",HR≥-/EDG≥10.0/CV≤0.6/μ≥0.5/TP≥-,50.0,10.0,0.6,0.5,,89,88,44,44,50.0,11.4,-12.1,34.89,10.03,0.63,27
"[+101,+200]",HR≥-/EDG≥10.0/CV≤0.6/μ≥1.0/TP≥-,52.54,10.0,0.6,1.0,,59,59,31,28,52.54,17.27,-11.53,46.07,10.19,0.68,25
"[+101,+200]",HR≥-/EDG≥10.0/CV≤0.5/μ≥-/TP≥-,48.86,10.0,0.5,,,89,88,43,45,48.86,9.1,-14.45,32.65,8.01,0.556,27
"[+101,+200]",HR≥-/EDG≥10.0/CV≤0.5/μ≥0.0/TP≥-,48.86,10.0,0.5,0.0,,89,88,43,45,48.86,9.1,-14.45,32.65,8.01,0.556,27
"[+101,+200]",HR≥-/EDG≥10.0/CV≤0.5/μ≥0.5/TP≥-,50.0,10.0,0.5,0.5,,77,76,38,38,50.0,11.28,-14.01,36.56,8.57,0.556,27
"[+101,+200]",HR≥-/EDG≥10.0/CV≤0.5/μ≥1.0/TP≥-,53.06,10.0,0.5,1.0,,49,49,26,23,53.06,18.33,-13.29,49.95,8.98,0.667,24
"[+101,+200]",HR≥-/EDG≥10.0/CV≤0.45/μ≥-/TP≥-,52.11,10.0,0.45,,,72,71,37,34,52.11,17.06,-9.34,43.45,12.11,0.556,27
"[+101,+200]",HR≥-/EDG≥10.0/CV≤0.45/μ≥0.0/TP≥-,52.11,10.0,0.45,0.0,,72,71,37,34,52.11,17.06,-9.34,43.45,12.11,0.556,27
"[+101,+200]",HR≥-/EDG≥10.0/CV≤0.45/μ≥0.5/TP≥-,52.46,10.0,0.45,0.5,,62,61,32,29,52.46,17.49,-10.92,45.9,10.67,0.556,27
"[+101,+200]",HR≥-/EDG≥10.0/CV≤0.45/μ≥1.0/TP≥-,52.5,10.0,0.45,1.0,,40,40,21,19,52.5,17.82,-17.49,53.14,7.13,0.565,23
"[+101,+200]",HR≥-/EDG≥10.0/CV≤0.4/μ≥-/TP≥-,52.17,10.0,0.4,,,47,46,24,22,52.17,18.02,-15.1,51.15,8.29,0.52,25
"[+101,+200]",HR≥-/EDG≥10.0/CV≤0.4/μ≥0.0/TP≥-,52.17,10.0,0.4,0.0,,47,46,24,22,52.17,18.02,-15.1,51.15,8.29,0.52,25
"[+101,+200]",HR≥-/EDG≥10.0/CV≤0.4/μ≥0.5/TP≥-,52.5,10.0,0.4,0.5,,41,40,21,19,52.5,18.58,-16.94,54.09,7.43,0.565,23
"[+101,+200]",HR≥45/EDG≥-/CV≤-/μ≥-/TP≥-,40.86,,,,,93,93,38,55,40.86,-9.73,-31.99,12.53,-9.05,0.423,26
"[+101,+200]",HR≥45/EDG≥-/CV≤-/μ≥0.0/TP≥-,39.13,,,0.0,,69,69,27,42,39.13,-13.17,-39.0,12.65,-9.09,0.462,26
"[+101,+200]",HR≥45/EDG≥-/CV≤-/μ≥0.5/TP≥-,44.23,,,0.5,,52,52,23,29,44.23,-2.69,-32.77,27.39,-1.4,0.577,26
"[+101,+200]",HR≥45/EDG≥-/CV≤-/μ≥1.0/TP≥-,44.74,,,1.0,,38,38,17,21,44.74,-2.55,-37.54,32.43,-0.97,0.5,22
"[+101,+200]",HR≥45/EDG≥-/CV≤0.7/μ≥-/TP≥-,40.45,,0.7,,,89,89,36,53,40.45,-10.6,-33.33,12.14,-9.43,0.462,26
"[+101,+200]",HR≥45/EDG≥-/CV≤0.7/μ≥0.0/TP≥-,37.88,,0.7,0.0,,66,66,25,41,37.88,-15.86,-42.15,10.42,-10.47,0.462,26
"[+101,+200]",HR≥45/EDG≥-/CV≤0.7/μ≥0.5/TP≥-,42.86,,0.7,0.5,,49,49,21,28,42.86,-5.67,-36.58,25.23,-2.78,0.538,26
"[+101,+200]",HR≥45/EDG≥-/CV≤0.7/μ≥1.0/TP≥-,41.67,,0.7,1.0,,36,36,15,21,41.67,-9.31,-44.94,26.33,-3.35,0.429,21
"[+101,+200]",HR≥45/EDG≥-/CV≤0.6/μ≥-/TP≥-,41.98,,0.6,,,81,81,34,47,41.98,-6.95,-31.0,17.1,-5.63,0.462,26
"[+101,+200]",HR≥45/EDG≥-/CV≤0.6/μ≥0.0/TP≥-,41.67,,0.6,0.0,,60,60,25,35,41.67,-7.45,-35.49,20.59,-4.47,0.5,26
"[+101,+200]",HR≥45/EDG≥-/CV≤0.6/μ≥0.5/TP≥-,48.84,,0.6,0.5,,43,43,21,22,48.84,7.49,-25.9,40.87,3.22,0.538,26
"[+101,+200]",HR≥45/EDG≥-/CV≤0.6/μ≥1.0/TP≥-,48.39,,0.6,1.0,,31,31,15,16,48.39,5.32,-33.71,44.35,1.65,0.45,20
"[+101,+200]",HR≥45/EDG≥-/CV≤0.5/μ≥-/TP≥-,43.24,,0.5,,,74,74,32,42,43.24,-4.12,-29.4,21.16,-3.05,0.5,26
"[+101,+200]",HR≥45/EDG≥-/CV≤0.5/μ≥0.0/TP≥-,43.4,,0.5,0.0,,53,53,23,30,43.4,-3.57,-33.62,26.48,-1.89,0.577,26
"[+101,+200]",HR≥45/EDG≥-/CV≤0.5/μ≥0.5/TP≥-,50.0,,0.5,0.5,,40,40,20,20,50.0,10.3,-24.44,45.04,4.12,0.538,26
"[+101,+200]",HR≥45/EDG≥-/CV≤0.45/μ≥-/TP≥-,46.77,,0.45,,,62,62,29,33,46.77,3.76,-24.12,31.63,2.33,0.64,25
"[+101,+200]",HR≥45/EDG≥-/CV≤0.45/μ≥0.0/TP≥-,48.84,,0.45,0.0,,43,43,21,22,48.84,9.09,-24.82,43.01,3.91,0.696,23
"[+101,+200]",HR≥45/EDG≥-/CV≤0.45/μ≥0.5/TP≥-,58.06,,0.45,0.5,,31,31,18,13,58.06,28.77,-10.55,68.1,8.92,0.682,22
"[+101,+200]",HR≥45/EDG≥-/CV≤0.4/μ≥-/TP≥-,45.45,,0.4,,,44,44,20,24,45.45,1.32,-31.96,34.6,0.58,0.619,21
"[+101,+200]",HR≥45/EDG≥-5.0/CV≤-/μ≥-/TP≥-,39.47,-5.0,,,,76,76,30,46,39.47,-12.55,-37.13,12.03,-9.54,0.462,26
"[+101,+200]",HR≥45/EDG≥-5.0/CV≤-/μ≥0.0/TP≥-,39.13,-5.0,,0.0,,69,69,27,42,39.13,-13.17,-39.0,12.65,-9.09,0.462,26
"[+101,+200]",HR≥45/EDG≥-5.0/CV≤-/μ≥0.5/TP≥-,44.23,-5.0,,0.5,,52,52,23,29,44.23,-2.69,-32.77,27.39,-1.4,0.577,26
"[+101,+200]",HR≥45/EDG≥-5.0/CV≤-/μ≥1.0/TP≥-,44.74,-5.0,,1.0,,38,38,17,21,44.74,-2.55,-37.54,32.43,-0.97,0.5,22
"[+101,+200]",HR≥45/EDG≥-5.0/CV≤0.7/μ≥-/TP≥-,38.89,-5.0,0.7,,,72,72,28,44,38.89,-13.78,-39.0,11.44,-9.92,0.462,26
"[+101,+200]",HR≥45/EDG≥-5.0/CV≤0.7/μ≥0.0/TP≥-,37.88,-5.0,0.7,0.0,,66,66,25,41,37.88,-15.86,-42.15,10.42,-10.47,0.462,26
"[+101,+200]",HR≥45/EDG≥-5.0/CV≤0.7/μ≥0.5/TP≥-,42.86,-5.0,0.7,0.5,,49,49,21,28,42.86,-5.67,-36.58,25.23,-2.78,0.538,26
"[+101,+200]",HR≥45/EDG≥-5.0/CV≤0.7/μ≥1.0/TP≥-,41.67,-5.0,0.7,1.0,,36,36,15,21,41.67,-9.31,-44.94,26.33,-3.35,0.429,21
"[+101,+200]",HR≥45/EDG≥-5.0/CV≤0.6/μ≥-/TP≥-,41.54,-5.0,0.6,,,65,65,27,38,41.54,-7.8,-34.69,19.09,-5.07,0.462,26
"[+101,+200]",HR≥45/EDG≥-5.0/CV≤0.6/μ≥0.0/TP≥-,41.67,-5.0,0.6,0.0,,60,60,25,35,41.67,-7.45,-35.49,20.59,-4.47,0.5,26
"[+101,+200]",HR≥45/EDG≥-5.0/CV≤0.6/μ≥0.5/TP≥-,48.84,-5.0,0.6,0.5,,43,43,21,22,48.84,7.49,-25.9,40.87,3.22,0.538,26
"[+101,+200]",HR≥45/EDG≥-5.0/CV≤0.6/μ≥1.0/TP≥-,48.39,-5.0,0.6,1.0,,31,31,15,16,48.39,5.32,-33.71,44.35,1.65,0.45,20
"[+101,+200]",HR≥45/EDG≥-5.0/CV≤0.5/μ≥-/TP≥-,43.1,-5.0,0.5,,,58,58,25,33,43.1,-4.29,-32.94,24.35,-2.49,0.538,26
"[+101,+200]",HR≥45/EDG≥-5.0/CV≤0.5/μ≥0.0/TP≥-,43.4,-5.0,0.5,0.0,,53,53,23,30,43.4,-3.57,-33.62,26.48,-1.89,0.577,26
"[+101,+200]",HR≥45/EDG≥-5.0/CV≤0.5/μ≥0.5/TP≥-,50.0,-5.0,0.5,0.5,,40,40,20,20,50.0,10.3,-24.44,45.04,4.12,0.538,26
"[+101,+200]",HR≥45/EDG≥-5.0/CV≤0.45/μ≥-/TP≥-,47.92,-5.0,0.45,,,48,48,23,25,47.92,6.9,-25.09,38.88,3.31,0.652,23
"[+101,+200]",HR≥45/EDG≥-5.0/CV≤0.45/μ≥0.0/TP≥-,48.84,-5.0,0.45,0.0,,43,43,21,22,48.84,9.09,-24.82,43.01,3.91,0.696,23
"[+101,+200]",HR≥45/EDG≥-5.0/CV≤0.45/μ≥0.5/TP≥-,58.06,-5.0,0.45,0.5,,31,31,18,13,58.06,28.77,-10.55,68.1,8.92,0.682,22
"[+101,+200]",HR≥45/EDG≥-5.0/CV≤0.4/μ≥-/TP≥-,46.67,-5.0,0.4,,,30,30,14,16,46.67,5.2,-35.87,46.27,1.56,0.632,19
"[+101,+200]",HR≥45/EDG≥0.0/CV≤-/μ≥-/TP≥-,39.44,0.0,,,,71,71,28,43,39.44,-12.59,-38.05,12.87,-8.94,0.5,26
"[+101,+200]",HR≥45/EDG≥0.0/CV≤-/μ≥0.0/TP≥-,39.13,0.0,,0.0,,69,69,27,42,39.13,-13.17,-39.0,12.65,-9.09,0.462,26
"[+101,+200]",HR≥45/EDG≥0.0/CV≤-/μ≥0.5/TP≥-,44.23,0.0,,0.5,,52,52,23,29,44.23,-2.69,-32.77,27.39,-1.4,0.577,26
"[+101,+200]",HR≥45/EDG≥0.0/CV≤-/μ≥1.0/TP≥-,44.74,0.0,,1.0,,38,38,17,21,44.74,-2.55,-37.54,32.43,-0.97,0.5,22
"[+101,+200]",HR≥45/EDG≥0.0/CV≤0.7/μ≥-/TP≥-,38.24,0.0,0.7,,,68,68,26,42,38.24,-15.18,-41.08,10.72,-10.32,0.5,26
"[+101,+200]",HR≥45/EDG≥0.0/CV≤0.7/μ≥0.0/TP≥-,37.88,0.0,0.7,0.0,,66,66,25,41,37.88,-15.86,-42.15,10.42,-10.47,0.462,26
"[+101,+200]",HR≥45/EDG≥0.0/CV≤0.7/μ≥0.5/TP≥-,42.86,0.0,0.7,0.5,,49,49,21,28,42.86,-5.67,-36.58,25.23,-2.78,0.538,26
"[+101,+200]",HR≥45/EDG≥0.0/CV≤0.7/μ≥1.0/TP≥-,41.67,0.0,0.7,1.0,,36,36,15,21,41.67,-9.31,-44.94,26.33,-3.35,0.429,21
"[+101,+200]",HR≥45/EDG≥0.0/CV≤0.6/μ≥-/TP≥-,40.98,0.0,0.6,,,61,61,25,36,40.98,-8.97,-36.71,18.77,-5.47,0.5,26
"[+101,+200]",HR≥45/EDG≥0.0/CV≤0.6/μ≥0.0/TP≥-,41.67,0.0,0.6,0.0,,60,60,25,35,41.67,-7.45,-35.49,20.59,-4.47,0.5,26
"[+101,+200]",HR≥45/EDG≥0.0/CV≤0.6/μ≥0.5/TP≥-,48.84,0.0,0.6,0.5,,43,43,21,22,48.84,7.49,-25.9,40.87,3.22,0.538,26
"[+101,+200]",HR≥45/EDG≥0.0/CV≤0.6/μ≥1.0/TP≥-,48.39,0.0,0.6,1.0,,31,31,15,16,48.39,5.32,-33.71,44.35,1.65,0.45,20
"[+101,+200]",HR≥45/EDG≥0.0/CV≤0.5/μ≥-/TP≥-,42.59,0.0,0.5,,,54,54,23,31,42.59,-5.35,-35.05,24.34,-2.89,0.538,26
"[+101,+200]",HR≥45/EDG≥0.0/CV≤0.5/μ≥0.0/TP≥-,43.4,0.0,0.5,0.0,,53,53,23,30,43.4,-3.57,-33.62,26.48,-1.89,0.577,26
"[+101,+200]",HR≥45/EDG≥0.0/CV≤0.5/μ≥0.5/TP≥-,50.0,0.0,0.5,0.5,,40,40,20,20,50.0,10.3,-24.44,45.04,4.12,0.538,26
"[+101,+200]",HR≥45/EDG≥0.0/CV≤0.45/μ≥-/TP≥-,47.73,0.0,0.45,,,44,44,21,23,47.73,6.61,-26.88,40.1,2.91,0.696,23
"[+101,+200]",HR≥45/EDG≥0.0/CV≤0.45/μ≥0.0/TP≥-,48.84,0.0,0.45,0.0,,43,43,21,22,48.84,9.09,-24.82,43.01,3.91,0.696,23
"[+101,+200]",HR≥45/EDG≥0.0/CV≤0.45/μ≥0.5/TP≥-,58.06,0.0,0.45,0.5,,31,31,18,13,58.06,28.77,-10.55,68.1,8.92,0.682,22
"[+101,+200]",HR≥45/EDG≥5.0/CV≤-/μ≥-/TP≥-,39.13,5.0,,,,69,69,27,42,39.13,-13.17,-39.0,12.65,-9.09,0.462,26
"[+101,+200]",HR≥45/EDG≥5.0/CV≤-/μ≥0.0/TP≥-,39.71,5.0,,0.0,,68,68,27,41,39.71,-11.9,-37.98,14.19,-8.09,0.462,26
"[+101,+200]",HR≥45/EDG≥5.0/CV≤-/μ≥0.5/TP≥-,44.23,5.0,,0.5,,52,52,23,29,44.23,-2.69,-32.77,27.39,-1.4,0.577,26
"[+101,+200]",HR≥45/EDG≥5.0/CV≤-/μ≥1.0/TP≥-,44.74,5.0,,1.0,,38,38,17,21,44.74,-2.55,-37.54,32.43,-0.97,0.5,22
"[+101,+200]",HR≥45/EDG≥5.0/CV≤0.7/μ≥-/TP≥-,37.88,5.0,0.7,,,66,66,25,41,37.88,-15.86,-42.15,10.42,-10.47,0.462,26
"[+101,+200]",HR≥45/EDG≥5.0/CV≤0.7/μ≥0.0/TP≥-,38.46,5.0,0.7,0.0,,65,65,25,40,38.46,-14.57,-41.13,12.0,-9.47,0.462,26
"[+101,+200]",HR≥45/EDG≥5.0/CV≤0.7/μ≥0.5/TP≥-,42.86,5.0,0.7,0.5,,49,49,21,28,42.86,-5.67,-36.58,25.23,-2.78,0.538,26
"[+101,+200]",HR≥45/EDG≥5.0/CV≤0.7/μ≥1.0/TP≥-,41.67,5.0,0.7,1.0,,36,36,15,21,41.67,-9.31,-44.94,26.33,-3.35,0.429,21
"[+101,+200]",HR≥45/EDG≥5.0/CV≤0.6/μ≥-/TP≥-,41.67,5.0,0.6,,,60,60,25,35,41.67,-7.45,-35.49,20.59,-4.47,0.5,26
"[+101,+200]",HR≥45/EDG≥5.0/CV≤0.6/μ≥0.0/TP≥-,42.37,5.0,0.6,0.0,,59,59,25,34,42.37,-5.88,-34.23,22.47,-3.47,0.5,26
"[+101,+200]",HR≥45/EDG≥5.0/CV≤0.6/μ≥0.5/TP≥-,48.84,5.0,0.6,0.5,,43,43,21,22,48.84,7.49,-25.9,40.87,3.22,0.538,26
"[+101,+200]",HR≥45/EDG≥5.0/CV≤0.6/μ≥1.0/TP≥-,48.39,5.0,0.6,1.0,,31,31,15,16,48.39,5.32,-33.71,44.35,1.65,0.45,20
"[+101,+200]",HR≥45/EDG≥5.0/CV≤0.5/μ≥-/TP≥-,43.4,5.0,0.5,,,53,53,23,30,43.4,-3.57,-33.62,26.48,-1.89,0.538,26
"[+101,+200]",HR≥45/EDG≥5.0/CV≤0.5/μ≥0.0/TP≥-,44.23,5.0,0.5,0.0,,52,52,23,29,44.23,-1.71,-32.12,28.7,-0.89,0.577,26
"[+101,+200]",HR≥45/EDG≥5.0/CV≤0.5/μ≥0.5/TP≥-,50.0,5.0,0.5,0.5,,40,40,20,20,50.0,10.3,-24.44,45.04,4.12,0.538,26
"[+101,+200]",HR≥45/EDG≥5.0/CV≤0.45/μ≥-/TP≥-,48.84,5.0,0.45,,,43,43,21,22,48.84,9.09,-24.82,43.01,3.91,0.696,23
"[+101,+200]",HR≥45/EDG≥5.0/CV≤0.45/μ≥0.0/TP≥-,50.0,5.0,0.45,0.0,,42,42,21,21,50.0,11.69,-22.65,46.03,4.91,0.696,23
"[+101,+200]",HR≥45/EDG≥5.0/CV≤0.45/μ≥0.5/TP≥-,58.06,5.0,0.45,0.5,,31,31,18,13,58.06,28.77,-10.55,68.1,8.92,0.682,22
"[+101,+200]",HR≥45/EDG≥10.0/CV≤-/μ≥-/TP≥-,40.32,10.0,,,,62,62,25,37,40.32,-10.44,-37.87,17.0,-6.47,0.423,26
"[+101,+200]",HR≥45/EDG≥10.0/CV≤-/μ≥0.0/TP≥-,40.32,10.0,,0.0,,62,62,25,37,40.32,-10.44,-37.87,17.0,-6.47,0.423,26
"[+101,+200]",HR≥45/EDG≥10.0/CV≤-/μ≥0.5/TP≥-,44.23,10.0,,0.5,,52,52,23,29,44.23,-2.69,-32.77,27.39,-1.4,0.577,26
"[+101,+200]",HR≥45/EDG≥10.0/CV≤-/μ≥1.0/TP≥-,44.74,10.0,,1.0,,38,38,17,21,44.74,-2.55,-37.54,32.43,-0.97,0.5,22
"[+101,+200]",HR≥45/EDG≥10.0/CV≤0.7/μ≥-/TP≥-,38.98,10.0,0.7,,,59,59,23,36,38.98,-13.31,-41.32,14.71,-7.85,0.385,26
"[+101,+200]",HR≥45/EDG≥10.0/CV≤0.7/μ≥0.0/TP≥-,38.98,10.0,0.7,0.0,,59,59,23,36,38.98,-13.31,-41.32,14.71,-7.85,0.385,26
"[+101,+200]",HR≥45/EDG≥10.0/CV≤0.7/μ≥0.5/TP≥-,42.86,10.0,0.7,0.5,,49,49,21,28,42.86,-5.67,-36.58,25.23,-2.78,0.538,26
"[+101,+200]",HR≥45/EDG≥10.0/CV≤0.7/μ≥1.0/TP≥-,41.67,10.0,0.7,1.0,,36,36,15,21,41.67,-9.31,-44.94,26.33,-3.35,0.429,21
"[+101,+200]",HR≥45/EDG≥10.0/CV≤0.6/μ≥-/TP≥-,43.4,10.0,0.6,,,53,53,23,30,43.4,-3.49,-33.56,26.58,-1.85,0.423,26
"[+101,+200]",HR≥45/EDG≥10.0/CV≤0.6/μ≥0.0/TP≥-,43.4,10.0,0.6,0.0,,53,53,23,30,43.4,-3.49,-33.56,26.58,-1.85,0.423,26
"[+101,+200]",HR≥45/EDG≥10.0/CV≤0.6/μ≥0.5/TP≥-,48.84,10.0,0.6,0.5,,43,43,21,22,48.84,7.49,-25.9,40.87,3.22,0.538,26
"[+101,+200]",HR≥45/EDG≥10.0/CV≤0.6/μ≥1.0/TP≥-,48.39,10.0,0.6,1.0,,31,31,15,16,48.39,5.32,-33.71,44.35,1.65,0.45,20
"[+101,+200]",HR≥45/EDG≥10.0/CV≤0.5/μ≥-/TP≥-,46.81,10.0,0.5,,,47,47,22,25,46.81,4.36,-27.92,36.64,2.05,0.577,26
"[+101,+200]",HR≥45/EDG≥10.0/CV≤0.5/μ≥0.0/TP≥-,46.81,10.0,0.5,0.0,,47,47,22,25,46.81,4.36,-27.92,36.64,2.05,0.577,26
"[+101,+200]",HR≥45/EDG≥10.0/CV≤0.5/μ≥0.5/TP≥-,50.0,10.0,0.5,0.5,,40,40,20,20,50.0,10.3,-24.44,45.04,4.12,0.538,26
"[+101,+200]",HR≥45/EDG≥10.0/CV≤0.45/μ≥-/TP≥-,54.05,10.0,0.45,,,37,37,20,17,54.05,21.22,-15.46,57.89,7.85,0.696,23
"[+101,+200]",HR≥45/EDG≥10.0/CV≤0.45/μ≥0.0/TP≥-,54.05,10.0,0.45,0.0,,37,37,20,17,54.05,21.22,-15.46,57.89,7.85,0.696,23
"[+101,+200]",HR≥45/EDG≥10.0/CV≤0.45/μ≥0.5/TP≥-,58.06,10.0,0.45,0.5,,31,31,18,13,58.06,28.77,-10.55,68.1,8.92,0.682,22
"[+101,+200]",HR≥50/EDG≥-/CV≤-/μ≥-/TP≥-,43.06,,,,,72,72,31,41,43.06,-4.5,-30.13,21.13,-3.24,0.462,26
"[+101,+200]",HR≥50/EDG≥-/CV≤-/μ≥0.0/TP≥-,42.59,,,0.0,,54,54,23,31,42.59,-5.24,-34.96,24.48,-2.83,0.52,25
"[+101,+200]",HR≥50/EDG≥-/CV≤-/μ≥0.5/TP≥-,46.34,,,0.5,,41,41,19,22,46.34,2.1,-32.05,36.24,0.86,0.56,25
"[+101,+200]",HR≥50/EDG≥-/CV≤-/μ≥1.0/TP≥-,48.39,,,1.0,,31,31,15,16,48.39,5.9,-33.35,45.15,1.83,0.571,21
"[+101,+200]",HR≥50/EDG≥-/CV≤0.7/μ≥-/TP≥-,42.03,,0.7,,,69,69,29,40,42.03,-6.7,-32.83,19.43,-4.62,0.5,26
"[+101,+200]",HR≥50/EDG≥-/CV≤0.7/μ≥0.0/TP≥-,40.38,,0.7,0.0,,52,52,21,31,40.38,-10.02,-40.13,20.09,-5.21,0.48,25
"[+101,+200]",HR≥50/EDG≥-/CV≤0.7/μ≥0.5/TP≥-,43.59,,0.7,0.5,,39,39,17,22,43.59,-3.9,-38.76,30.96,-1.52,0.52,25
"[+101,+200]",HR≥50/EDG≥-/CV≤0.6/μ≥-/TP≥-,43.55,,0.6,,,62,62,27,35,43.55,-2.94,-30.76,24.89,-1.82,0.5,26
"[+101,+200]",HR≥50/EDG≥-/CV≤0.6/μ≥0.0/TP≥-,44.68,,0.6,0.0,,47,47,21,26,44.68,-0.45,-32.58,31.68,-0.21,0.5,24
"[+101,+200]",HR≥50/EDG≥-/CV≤0.6/μ≥0.5/TP≥-,50.0,,0.6,0.5,,34,34,17,17,50.0,10.24,-27.5,47.97,3.48,0.542,24
"[+101,+200]",HR≥50/EDG≥-/CV≤0.5/μ≥-/TP≥-,45.61,,0.5,,,57,57,26,31,45.61,1.51,-27.62,30.64,0.86,0.538,26
"[+101,+200]",HR≥50/EDG≥-/CV≤0.5/μ≥0.0/TP≥-,47.62,,0.5,0.0,,42,42,20,22,47.62,5.88,-28.25,40.01,2.47,0.583,24
"[+101,+200]",HR≥50/EDG≥-/CV≤0.5/μ≥0.5/TP≥-,53.12,,0.5,0.5,,32,32,17,15,53.12,17.12,-21.74,55.99,5.48,0.542,24
"[+101,+200]",HR≥50/EDG≥-/CV≤0.45/μ≥-/TP≥-,48.98,,0.45,,,49,49,24,25,48.98,8.86,-22.69,40.4,4.34,0.56,25
"[+101,+200]",HR≥50/EDG≥-/CV≤0.45/μ≥0.0/TP≥-,52.78,,0.45,0.0,,36,36,19,17,52.78,17.69,-19.35,54.74,6.37,0.636,22
"[+101,+200]",HR≥50/EDG≥-/CV≤0.4/μ≥-/TP≥-,45.45,,0.4,,,33,33,15,18,45.45,1.79,-36.96,40.53,0.59,0.55,20
"[+101,+200]",HR≥50/EDG≥-5.0/CV≤-/μ≥-/TP≥-,44.07,-5.0,,,,59,59,26,33,44.07,-2.17,-30.62,26.29,-1.28,0.5,26
"[+101,+200]",HR≥50/EDG≥-5.0/CV≤-/μ≥0.0/TP≥-,42.59,-5.0,,0.0,,54,54,23,31,42.59,-5.24,-34.96,24.48,-2.83,0.52,25
"[+101,+200]",HR≥50/EDG≥-5.0/CV≤-/μ≥0.5/TP≥-,46.34,-5.0,,0.5,,41,41,19,22,46.34,2.1,-32.05,36.24,0.86,0.56,25
"[+101,+200]",HR≥50/EDG≥-5.0/CV≤-/μ≥1.0/TP≥-,48.39,-5.0,,1.0,,31,31,15,16,48.39,5.9,-33.35,45.15,1.83,0.571,21
"[+101,+200]",HR≥50/EDG≥-5.0/CV≤0.7/μ≥-/TP≥-,42.86,-5.0,0.7,,,56,56,24,32,42.86,-4.75,-33.91,24.41,-2.66,0.5,26
"[+101,+200]",HR≥50/EDG≥-5.0/CV≤0.7/μ≥0.0/TP≥-,40.38,-5.0,0.7,0.0,,52,52,21,31,40.38,-10.02,-40.13,20.09,-5.21,0.48,25
"[+101,+200]",HR≥50/EDG≥-5.0/CV≤0.7/μ≥0.5/TP≥-,43.59,-5.0,0.7,0.5,,39,39,17,22,43.59,-3.9,-38.76,30.96,-1.52,0.52,25
"[+101,+200]",HR≥50/EDG≥-5.0/CV≤0.6/μ≥-/TP≥-,46.0,-5.0,0.6,,,50,50,23,27,46.0,2.38,-28.79,33.55,1.19,0.48,25
"[+101,+200]",HR≥50/EDG≥-5.0/CV≤0.6/μ≥0.0/TP≥-,44.68,-5.0,0.6,0.0,,47,47,21,26,44.68,-0.45,-32.58,31.68,-0.21,0.5,24
"[+101,+200]",HR≥50/EDG≥-5.0/CV≤0.6/μ≥0.5/TP≥-,50.0,-5.0,0.6,0.5,,34,34,17,17,50.0,10.24,-27.5,47.97,3.48,0.542,24
"[+101,+200]",HR≥50/EDG≥-5.0/CV≤0.5/μ≥-/TP≥-,48.89,-5.0,0.5,,,45,45,22,23,48.89,8.6,-24.33,41.53,3.87,0.56,25
"[+101,+200]",HR≥50/EDG≥-5.0/CV≤0.5/μ≥0.0/TP≥-,47.62,-5.0,0.5,0.0,,42,42,20,22,47.62,5.88,-28.25,40.01,2.47,0.583,24
"[+101,+200]",HR≥50/EDG≥-5.0/CV≤0.5/μ≥0.5/TP≥-,53.12,-5.0,0.5,0.5,,32,32,17,15,53.12,17.12,-21.74,55.99,5.48,0.542,24
"[+101,+200]",HR≥50/EDG≥-5.0/CV≤0.45/μ≥-/TP≥-,53.85,-5.0,0.45,,,39,39,21,18,53.85,19.92,-15.52,55.37,7.77,0.609,23
"[+101,+200]",HR≥50/EDG≥-5.0/CV≤0.45/μ≥0.0/TP≥-,52.78,-5.0,0.45,0.0,,36,36,19,17,52.78,17.69,-19.35,54.74,6.37,0.636,22
"[+101,+200]",HR≥50/EDG≥0.0/CV≤-/μ≥-/TP≥-,43.64,0.0,,,,55,55,24,31,43.64,-3.05,-32.54,26.43,-1.68,0.56,25
"[+101,+200]",HR≥50/EDG≥0.0/CV≤-/μ≥0.0/TP≥-,42.59,0.0,,0.0,,54,54,23,31,42.59,-5.24,-34.96,24.48,-2.83,0.52,25
"[+101,+200]",HR≥50/EDG≥0.0/CV≤-/μ≥0.5/TP≥-,46.34,0.0,,0.5,,41,41,19,22,46.34,2.1,-32.05,36.24,0.86,0.56,25
"[+101,+200]",HR≥50/EDG≥0.0/CV≤-/μ≥1.0/TP≥-,48.39,0.0,,1.0,,31,31,15,16,48.39,5.9,-33.35,45.15,1.83,0.571,21
"[+101,+200]",HR≥50/EDG≥0.0/CV≤0.7/μ≥-/TP≥-,41.51,0.0,0.7,,,53,53,22,31,41.51,-7.66,-37.55,22.23,-4.06,0.52,25
"[+101,+200]",HR≥50/EDG≥0.0/CV≤0.7/μ≥0.0/TP≥-,40.38,0.0,0.7,0.0,,52,52,21,31,40.38,-10.02,-40.13,20.09,-5.21,0.48,25
"[+101,+200]",HR≥50/EDG≥0.0/CV≤0.7/μ≥0.5/TP≥-,43.59,0.0,0.7,0.5,,39,39,17,22,43.59,-3.9,-38.76,30.96,-1.52,0.52,25
"[+101,+200]",HR≥50/EDG≥0.0/CV≤0.6/μ≥-/TP≥-,44.68,0.0,0.6,,,47,47,21,26,44.68,-0.45,-32.58,31.68,-0.21,0.5,24
"[+101,+200]",HR≥50/EDG≥0.0/CV≤0.6/μ≥0.0/TP≥-,44.68,0.0,0.6,0.0,,47,47,21,26,44.68,-0.45,-32.58,31.68,-0.21,0.5,24
"[+101,+200]",HR≥50/EDG≥0.0/CV≤0.6/μ≥0.5/TP≥-,50.0,0.0,0.6,0.5,,34,34,17,17,50.0,10.24,-27.5,47.97,3.48,0.542,24
"[+101,+200]",HR≥50/EDG≥0.0/CV≤0.5/μ≥-/TP≥-,47.62,0.0,0.5,,,42,42,20,22,47.62,5.88,-28.25,40.01,2.47,0.583,24
"[+101,+200]",HR≥50/EDG≥0.0/CV≤0.5/μ≥0.0/TP≥-,47.62,0.0,0.5,0.0,,42,42,20,22,47.62,5.88,-28.25,40.01,2.47,0.583,24
"[+101,+200]",HR≥50/EDG≥0.0/CV≤0.5/μ≥0.5/TP≥-,53.12,0.0,0.5,0.5,,32,32,17,15,53.12,17.12,-21.74,55.99,5.48,0.542,24
"[+101,+200]",HR≥50/EDG≥0.0/CV≤0.45/μ≥-/TP≥-,52.78,0.0,0.45,,,36,36,19,17,52.78,17.69,-19.35,54.74,6.37,0.636,22
"[+101,+200]",HR≥50/EDG≥0.0/CV≤0.45/μ≥0.0/TP≥-,52.78,0.0,0.45,0.0,,36,36,19,17,52.78,17.69,-19.35,54.74,6.37,0.636,22
"[+101,+200]",HR≥50/EDG≥5.0/CV≤-/μ≥-/TP≥-,43.4,5.0,,,,53,53,23,30,43.4,-3.45,-33.53,26.62,-1.83,0.52,25
"[+101,+200]",HR≥50/EDG≥5.0/CV≤-/μ≥0.0/TP≥-,43.4,5.0,,0.0,,53,53,23,30,43.4,-3.45,-33.53,26.62,-1.83,0.52,25
"[+101,+200]",HR≥50/EDG≥5.0/CV≤-/μ≥0.5/TP≥-,46.34,5.0,,0.5,,41,41,19,22,46.34,2.1,-32.05,36.24,0.86,0.56,25
"[+101,+200]",HR≥50/EDG≥5.0/CV≤-/μ≥1.0/TP≥-,48.39,5.0,,1.0,,31,31,15,16,48.39,5.9,-33.35,45.15,1.83,0.571,21
"[+101,+200]",HR≥50/EDG≥5.0/CV≤0.7/μ≥-/TP≥-,41.18,5.0,0.7,,,51,51,21,30,41.18,-8.25,-38.75,22.24,-4.21,0.48,25
"[+101,+200]",HR≥50/EDG≥5.0/CV≤0.7/μ≥0.0/TP≥-,41.18,5.0,0.7,0.0,,51,51,21,30,41.18,-8.25,-38.75,22.24,-4.21,0.48,25
"[+101,+200]",HR≥50/EDG≥5.0/CV≤0.7/μ≥0.5/TP≥-,43.59,5.0,0.7,0.5,,39,39,17,22,43.59,-3.9,-38.76,30.96,-1.52,0.52,25
"[+101,+200]",HR≥50/EDG≥5.0/CV≤0.6/μ≥-/TP≥-,45.65,5.0,0.6,,,46,46,21,25,45.65,1.72,-30.83,34.27,0.79,0.5,24
"[+101,+200]",HR≥50/EDG≥5.0/CV≤0.6/μ≥0.0/TP≥-,45.65,5.0,0.6,0.0,,46,46,21,25,45.65,1.72,-30.83,34.27,0.79,0.5,24
"[+101,+200]",HR≥50/EDG≥5.0/CV≤0.6/μ≥0.5/TP≥-,50.0,5.0,0.6,0.5,,34,34,17,17,50.0,10.24,-27.5,47.97,3.48,0.542,24
"[+101,+200]",HR≥50/EDG≥5.0/CV≤0.5/μ≥-/TP≥-,48.78,5.0,0.5,,,41,41,20,21,48.78,8.46,-26.12,43.05,3.47,0.583,24
"[+101,+200]",HR≥50/EDG≥5.0/CV≤0.5/μ≥0.0/TP≥-,48.78,5.0,0.5,0.0,,41,41,20,21,48.78,8.46,-26.12,43.05,3.47,0.583,24
"[+101,+200]",HR≥50/EDG≥5.0/CV≤0.5/μ≥0.5/TP≥-,53.12,5.0,0.5,0.5,,32,32,17,15,53.12,17.12,-21.74,55.99,5.48,0.542,24
"[+101,+200]",HR≥50/EDG≥5.0/CV≤0.45/μ≥-/TP≥-,54.29,5.0,0.45,,,35,35,19,16,54.29,21.06,-16.46,58.57,7.37,0.636,22
"[+101,+200]",HR≥50/EDG≥5.0/CV≤0.45/μ≥0.0/TP≥-,54.29,5.0,0.45,0.0,,35,35,19,16,54.29,21.06,-16.46,58.57,7.37,0.636,22
"[+101,+200]",HR≥50/EDG≥10.0/CV≤-/μ≥-/TP≥-,42.86,10.0,,,,49,49,21,28,42.86,-4.51,-35.81,26.79,-2.21,0.48,25
"[+101,+200]",HR≥50/EDG≥10.0/CV≤-/μ≥0.0/TP≥-,42.86,10.0,,0.0,,49,49,21,28,42.86,-4.51,-35.81,26.79,-2.21,0.48,25
"[+101,+200]",HR≥50/EDG≥10.0/CV≤-/μ≥0.5/TP≥-,46.34,10.0,,0.5,,41,41,19,22,46.34,2.1,-32.05,36.24,0.86,0.56,25
"[+101,+200]",HR≥50/EDG≥10.0/CV≤-/μ≥1.0/TP≥-,48.39,10.0,,1.0,,31,31,15,16,48.39,5.9,-33.35,45.15,1.83,0.571,21
"[+101,+200]",HR≥50/EDG≥10.0/CV≤0.7/μ≥-/TP≥-,40.43,10.0,0.7,,,47,47,19,28,40.43,-9.77,-41.53,22.0,-4.59,0.44,25
"[+101,+200]",HR≥50/EDG≥10.0/CV≤0.7/μ≥0.0/TP≥-,40.43,10.0,0.7,0.0,,47,47,19,28,40.43,-9.77,-41.53,22.0,-4.59,0.44,25
"[+101,+200]",HR≥50/EDG≥10.0/CV≤0.7/μ≥0.5/TP≥-,43.59,10.0,0.7,0.5,,39,39,17,22,43.59,-3.9,-38.76,30.96,-1.52,0.52,25
"[+101,+200]",HR≥50/EDG≥10.0/CV≤0.6/μ≥-/TP≥-,45.24,10.0,0.6,,,42,42,19,23,45.24,0.98,-33.16,35.11,0.41,0.458,24
"[+101,+200]",HR≥50/EDG≥10.0/CV≤0.6/μ≥0.0/TP≥-,45.24,10.0,0.6,0.0,,42,42,19,23,45.24,0.98,-33.16,35.11,0.41,0.458,24
"[+101,+200]",HR≥50/EDG≥10.0/CV≤0.6/μ≥0.5/TP≥-,50.0,10.0,0.6,0.5,,34,34,17,17,50.0,10.24,-27.5,47.97,3.48,0.542,24
"[+101,+200]",HR≥50/EDG≥10.0/CV≤0.5/μ≥-/TP≥-,50.0,10.0,0.5,,,38,38,19,19,50.0,11.61,-24.5,47.71,4.41,0.583,24
"[+101,+200]",HR≥50/EDG≥10.0/CV≤0.5/μ≥0.0/TP≥-,50.0,10.0,0.5,0.0,,38,38,19,19,50.0,11.61,-24.5,47.71,4.41,0.583,24
"[+101,+200]",HR≥50/EDG≥10.0/CV≤0.5/μ≥0.5/TP≥-,53.12,10.0,0.5,0.5,,32,32,17,15,53.12,17.12,-21.74,55.99,5.48,0.542,24
"[+101,+200]",HR≥50/EDG≥10.0/CV≤0.45/μ≥-/TP≥-,56.25,10.0,0.45,,,32,32,18,14,56.25,25.97,-13.32,65.26,8.31,0.636,22
"[+101,+200]",HR≥50/EDG≥10.0/CV≤0.45/μ≥0.0/TP≥-,56.25,10.0,0.45,0.0,,32,32,18,14,56.25,25.97,-13.32,65.26,8.31,0.636,22
"[+101,+200]",HR≥55/EDG≥-/CV≤-/μ≥-/TP≥-,39.39,,,,,33,33,13,20,39.39,-14.88,-51.55,21.79,-4.91,0.545,22
"[+101,+200]",HR≥55/EDG≥-/CV≤0.7/μ≥-/TP≥-,37.5,,0.7,,,32,32,12,20,37.5,-18.72,-55.75,18.31,-5.99,0.524,21
