band,cfg,hr_min,edg_min,cv_max,mu_min,tp_min,n_total,n_graded,wins,losses,HR_pct,ROI_pct,ROI_lo,ROI_hi,P_and_L,consist,grd_days
"[-299,-200]",HR≥-/EDG≥-/CV≤-/μ≥-/TP≥-,59.52,,,,,699,620,369,251,59.52,-14.06,-19.65,-8.47,-87.172,0.0,13
"[-299,-200]",HR≥-/EDG≥-/CV≤-/μ≥-/TP≥50,59.48,,,,50.0,696,617,367,250,59.48,-14.08,-19.69,-8.48,-86.899,0.0,13
"[-299,-200]",HR≥-/EDG≥-/CV≤-/μ≥-/TP≥55,59.51,,,,55.0,693,615,366,249,59.51,-14.03,-19.65,-8.41,-86.284,0.0,13
"[-299,-200]",HR≥-/EDG≥-/CV≤-/μ≥-/TP≥60,59.74,,,,60.0,687,611,365,246,59.74,-13.7,-19.33,-8.07,-83.684,0.0,13
"[-299,-200]",HR≥-/EDG≥-/CV≤-/μ≥-/TP≥65,61.66,,,,65.0,481,433,267,166,61.66,-11.97,-18.52,-5.42,-51.828,0.231,13
"[-299,-200]",HR≥-/EDG≥-/CV≤-/μ≥0.0/TP≥-,59.63,,,0.0,,675,597,356,241,59.63,-13.88,-19.58,-8.18,-82.871,0.0,13
"[-299,-200]",HR≥-/EDG≥-/CV≤-/μ≥0.0/TP≥50,59.63,,,0.0,50.0,675,597,356,241,59.63,-13.88,-19.58,-8.18,-82.871,0.0,13
"[-299,-200]",HR≥-/EDG≥-/CV≤-/μ≥0.0/TP≥55,59.66,,,0.0,55.0,672,595,355,240,59.66,-13.82,-19.53,-8.12,-82.255,0.0,13
"[-299,-200]",HR≥-/EDG≥-/CV≤-/μ≥0.0/TP≥60,59.9,,,0.0,60.0,666,591,354,237,59.9,-13.48,-19.2,-7.76,-79.655,0.0,13
"[-299,-200]",HR≥-/EDG≥-/CV≤-/μ≥0.0/TP≥65,61.76,,,0.0,65.0,468,421,260,161,61.76,-11.84,-18.48,-5.2,-49.845,0.308,13
"[-299,-200]",HR≥-/EDG≥-/CV≤-/μ≥0.5/TP≥-,62.9,,,0.5,,354,310,195,115,62.9,-9.45,-17.22,-1.69,-29.31,0.154,13
"[-299,-200]",HR≥-/EDG≥-/CV≤-/μ≥0.5/TP≥50,62.9,,,0.5,50.0,354,310,195,115,62.9,-9.45,-17.22,-1.69,-29.31,0.154,13
"[-299,-200]",HR≥-/EDG≥-/CV≤-/μ≥0.5/TP≥55,62.9,,,0.5,55.0,354,310,195,115,62.9,-9.45,-17.22,-1.69,-29.31,0.154,13
"[-299,-200]",HR≥-/EDG≥-/CV≤-/μ≥0.5/TP≥60,62.9,,,0.5,60.0,354,310,195,115,62.9,-9.45,-17.22,-1.69,-29.31,0.154,13
"[-299,-200]",HR≥-/EDG≥-/CV≤-/μ≥0.5/TP≥65,64.76,,,0.5,65.0,257,227,147,80,64.76,-7.92,-16.79,0.95,-17.974,0.308,13
"[-299,-200]",HR≥-/EDG≥-/CV≤-/μ≥1.0/TP≥-,61.04,,,1.0,,93,77,47,30,61.04,-12.8,-28.49,2.9,-9.853,0.4,10
"[-299,-200]",HR≥-/EDG≥-/CV≤-/μ≥1.0/TP≥50,61.04,,,1.0,50.0,93,77,47,30,61.04,-12.8,-28.49,2.9,-9.853,0.4,10
"[-299,-200]",HR≥-/EDG≥-/CV≤-/μ≥1.0/TP≥55,61.04,,,1.0,55.0,93,77,47,30,61.04,-12.8,-28.49,2.9,-9.853,0.4,10
"[-299,-200]",HR≥-/EDG≥-/CV≤-/μ≥1.0/TP≥60,61.04,,,1.0,60.0,93,77,47,30,61.04,-12.8,-28.49,2.9,-9.853,0.4,10
"[-299,-200]",HR≥-/EDG≥-/CV≤-/μ≥1.0/TP≥65,63.79,,,1.0,65.0,69,58,37,21,63.79,-10.01,-27.64,7.61,-5.808,0.3,10
"[-299,-200]",HR≥-/EDG≥-/CV≤0.7/μ≥-/TP≥-,59.82,,0.7,,,128,112,67,45,59.82,-14.85,-27.85,-1.85,-16.636,0.25,12
"[-299,-200]",HR≥-/EDG≥-/CV≤0.7/μ≥-/TP≥50,59.82,,0.7,,50.0,128,112,67,45,59.82,-14.85,-27.85,-1.85,-16.636,0.25,12
"[-299,-200]",HR≥-/EDG≥-/CV≤0.7/μ≥-/TP≥55,59.82,,0.7,,55.0,127,112,67,45,59.82,-14.85,-27.85,-1.85,-16.636,0.25,12
"[-299,-200]",HR≥-/EDG≥-/CV≤0.7/μ≥-/TP≥60,60.36,,0.7,,60.0,126,111,67,44,60.36,-14.09,-27.12,-1.06,-15.636,0.25,12
"[-299,-200]",HR≥-/EDG≥-/CV≤0.7/μ≥-/TP≥65,63.83,,0.7,,65.0,105,94,60,34,63.83,-9.71,-23.54,4.12,-9.126,0.417,12
"[-299,-200]",HR≥-/EDG≥-/CV≤0.7/μ≥0.0/TP≥-,59.63,,0.7,0.0,,125,109,65,44,59.63,-15.13,-28.32,-1.94,-16.487,0.25,12
"[-299,-200]",HR≥-/EDG≥-/CV≤0.7/μ≥0.0/TP≥50,59.63,,0.7,0.0,50.0,125,109,65,44,59.63,-15.13,-28.32,-1.94,-16.487,0.25,12
"[-299,-200]",HR≥-/EDG≥-/CV≤0.7/μ≥0.0/TP≥55,59.63,,0.7,0.0,55.0,124,109,65,44,59.63,-15.13,-28.32,-1.94,-16.487,0.25,12
"[-299,-200]",HR≥-/EDG≥-/CV≤0.7/μ≥0.0/TP≥60,60.19,,0.7,0.0,60.0,123,108,65,43,60.19,-14.34,-27.56,-1.12,-15.487,0.25,12
"[-299,-200]",HR≥-/EDG≥-/CV≤0.7/μ≥0.0/TP≥65,63.74,,0.7,0.0,65.0,102,91,58,33,63.74,-9.87,-23.93,4.2,-8.978,0.417,12
"[-299,-200]",HR≥-/EDG≥-/CV≤0.7/μ≥0.5/TP≥-,63.64,,0.7,0.5,,75,66,42,24,63.64,-9.83,-26.43,6.77,-6.49,0.333,12
"[-299,-200]",HR≥-/EDG≥-/CV≤0.7/μ≥0.5/TP≥50,63.64,,0.7,0.5,50.0,75,66,42,24,63.64,-9.83,-26.43,6.77,-6.49,0.333,12
"[-299,-200]",HR≥-/EDG≥-/CV≤0.7/μ≥0.5/TP≥55,63.64,,0.7,0.5,55.0,75,66,42,24,63.64,-9.83,-26.43,6.77,-6.49,0.333,12
"[-299,-200]",HR≥-/EDG≥-/CV≤0.7/μ≥0.5/TP≥60,63.64,,0.7,0.5,60.0,75,66,42,24,63.64,-9.83,-26.43,6.77,-6.49,0.333,12
"[-299,-200]",HR≥-/EDG≥-/CV≤0.7/μ≥0.5/TP≥65,66.67,,0.7,0.5,65.0,63,57,38,19,66.67,-6.11,-23.53,11.31,-3.481,0.417,12
"[-299,-200]",HR≥-/EDG≥-/CV≤0.6/μ≥-/TP≥-,60.0,,0.6,,,40,35,21,14,60.0,-14.14,-37.74,9.46,-4.949,0.417,12
"[-299,-200]",HR≥-/EDG≥-/CV≤0.6/μ≥-/TP≥50,60.0,,0.6,,50.0,40,35,21,14,60.0,-14.14,-37.74,9.46,-4.949,0.417,12
"[-299,-200]",HR≥-/EDG≥-/CV≤0.6/μ≥-/TP≥55,60.0,,0.6,,55.0,40,35,21,14,60.0,-14.14,-37.74,9.46,-4.949,0.417,12
"[-299,-200]",HR≥-/EDG≥-/CV≤0.6/μ≥-/TP≥60,61.76,,0.6,,60.0,39,34,21,13,61.76,-11.61,-35.38,12.15,-3.949,0.417,12
"[-299,-200]",HR≥-/EDG≥-/CV≤0.6/μ≥0.0/TP≥-,60.0,,0.6,0.0,,40,35,21,14,60.0,-14.14,-37.74,9.46,-4.949,0.417,12
"[-299,-200]",HR≥-/EDG≥-/CV≤0.6/μ≥0.0/TP≥50,60.0,,0.6,0.0,50.0,40,35,21,14,60.0,-14.14,-37.74,9.46,-4.949,0.417,12
"[-299,-200]",HR≥-/EDG≥-/CV≤0.6/μ≥0.0/TP≥55,60.0,,0.6,0.0,55.0,40,35,21,14,60.0,-14.14,-37.74,9.46,-4.949,0.417,12
"[-299,-200]",HR≥-/EDG≥-/CV≤0.6/μ≥0.0/TP≥60,61.76,,0.6,0.0,60.0,39,34,21,13,61.76,-11.61,-35.38,12.15,-3.949,0.417,12
"[-299,-200]",HR≥-/EDG≥-5.0/CV≤-/μ≥-/TP≥-,61.49,-5.0,,,,497,444,273,171,61.49,-11.16,-17.72,-4.6,-49.541,0.154,13
"[-299,-200]",HR≥-/EDG≥-5.0/CV≤-/μ≥-/TP≥50,61.49,-5.0,,,50.0,497,444,273,171,61.49,-11.16,-17.72,-4.6,-49.541,0.154,13
"[-299,-200]",HR≥-/EDG≥-5.0/CV≤-/μ≥-/TP≥55,61.49,-5.0,,,55.0,497,444,273,171,61.49,-11.16,-17.72,-4.6,-49.541,0.154,13
"[-299,-200]",HR≥-/EDG≥-5.0/CV≤-/μ≥-/TP≥60,61.49,-5.0,,,60.0,497,444,273,171,61.49,-11.16,-17.72,-4.6,-49.541,0.154,13
"[-299,-200]",HR≥-/EDG≥-5.0/CV≤-/μ≥-/TP≥65,63.21,-5.0,,,65.0,352,318,201,117,63.21,-9.77,-17.36,-2.18,-31.062,0.385,13
"[-299,-200]",HR≥-/EDG≥-5.0/CV≤-/μ≥0.0/TP≥-,61.49,-5.0,,0.0,,497,444,273,171,61.49,-11.16,-17.72,-4.6,-49.541,0.154,13
"[-299,-200]",HR≥-/EDG≥-5.0/CV≤-/μ≥0.0/TP≥50,61.49,-5.0,,0.0,50.0,497,444,273,171,61.49,-11.16,-17.72,-4.6,-49.541,0.154,13
"[-299,-200]",HR≥-/EDG≥-5.0/CV≤-/μ≥0.0/TP≥55,61.49,-5.0,,0.0,55.0,497,444,273,171,61.49,-11.16,-17.72,-4.6,-49.541,0.154,13
"[-299,-200]",HR≥-/EDG≥-5.0/CV≤-/μ≥0.0/TP≥60,61.49,-5.0,,0.0,60.0,497,444,273,171,61.49,-11.16,-17.72,-4.6,-49.541,0.154,13
"[-299,-200]",HR≥-/EDG≥-5.0/CV≤-/μ≥0.0/TP≥65,63.21,-5.0,,0.0,65.0,352,318,201,117,63.21,-9.77,-17.36,-2.18,-31.062,0.385,13
"[-299,-200]",HR≥-/EDG≥-5.0/CV≤-/μ≥0.5/TP≥-,62.9,-5.0,,0.5,,354,310,195,115,62.9,-9.45,-17.22,-1.69,-29.31,0.154,13
"[-299,-200]",HR≥-/EDG≥-5.0/CV≤-/μ≥0.5/TP≥50,62.9,-5.0,,0.5,50.0,354,310,195,115,62.9,-9.45,-17.22,-1.69,-29.31,0.154,13
"[-299,-200]",HR≥-/EDG≥-5.0/CV≤-/μ≥0.5/TP≥55,62.9,-5.0,,0.5,55.0,354,310,195,115,62.9,-9.45,-17.22,-1.69,-29.31,0.154,13
"[-299,-200]",HR≥-/EDG≥-5.0/CV≤-/μ≥0.5/TP≥60,62.9,-5.0,,0.5,60.0,354,310,195,115,62.9,-9.45,-17.22,-1.69,-29.31,0.154,13
"[-299,-200]",HR≥-/EDG≥-5.0/CV≤-/μ≥0.5/TP≥65,64.76,-5.0,,0.5,65.0,257,227,147,80,64.76,-7.92,-16.79,0.95,-17.974,0.308,13
"[-299,-200]",HR≥-/EDG≥-5.0/CV≤-/μ≥1.0/TP≥-,61.04,-5.0,,1.0,,93,77,47,30,61.04,-12.8,-28.49,2.9,-9.853,0.4,10
"[-299,-200]",HR≥-/EDG≥-5.0/CV≤-/μ≥1.0/TP≥50,61.04,-5.0,,1.0,50.0,93,77,47,30,61.04,-12.8,-28.49,2.9,-9.853,0.4,10
"[-299,-200]",HR≥-/EDG≥-5.0/CV≤-/μ≥1.0/TP≥55,61.04,-5.0,,1.0,55.0,93,77,47,30,61.04,-12.8,-28.49,2.9,-9.853,0.4,10
"[-299,-200]",HR≥-/EDG≥-5.0/CV≤-/μ≥1.0/TP≥60,61.04,-5.0,,1.0,60.0,93,77,47,30,61.04,-12.8,-28.49,2.9,-9.853,0.4,10
"[-299,-200]",HR≥-/EDG≥-5.0/CV≤-/μ≥1.0/TP≥65,63.79,-5.0,,1.0,65.0,69,58,37,21,63.79,-10.01,-27.64,7.61,-5.808,0.3,10
"[-299,-200]",HR≥-/EDG≥-5.0/CV≤0.7/μ≥-/TP≥-,60.0,-5.0,0.7,,,107,95,57,38,60.0,-14.56,-28.69,-0.44,-13.834,0.25,12
"[-299,-200]",HR≥-/EDG≥-5.0/CV≤0.7/μ≥-/TP≥50,60.0,-5.0,0.7,,50.0,107,95,57,38,60.0,-14.56,-28.69,-0.44,-13.834,0.25,12
"[-299,-200]",HR≥-/EDG≥-5.0/CV≤0.7/μ≥-/TP≥55,60.0,-5.0,0.7,,55.0,107,95,57,38,60.0,-14.56,-28.69,-0.44,-13.834,0.25,12
"[-299,-200]",HR≥-/EDG≥-5.0/CV≤0.7/μ≥-/TP≥60,60.0,-5.0,0.7,,60.0,107,95,57,38,60.0,-14.56,-28.69,-0.44,-13.834,0.25,12
"[-299,-200]",HR≥-/EDG≥-5.0/CV≤0.7/μ≥-/TP≥65,63.29,-5.0,0.7,,65.0,87,79,50,29,63.29,-10.54,-25.68,4.61,-8.324,0.417,12
"[-299,-200]",HR≥-/EDG≥-5.0/CV≤0.7/μ≥0.0/TP≥-,60.0,-5.0,0.7,0.0,,107,95,57,38,60.0,-14.56,-28.69,-0.44,-13.834,0.25,12
"[-299,-200]",HR≥-/EDG≥-5.0/CV≤0.7/μ≥0.0/TP≥50,60.0,-5.0,0.7,0.0,50.0,107,95,57,38,60.0,-14.56,-28.69,-0.44,-13.834,0.25,12
"[-299,-200]",HR≥-/EDG≥-5.0/CV≤0.7/μ≥0.0/TP≥55,60.0,-5.0,0.7,0.0,55.0,107,95,57,38,60.0,-14.56,-28.69,-0.44,-13.834,0.25,12
"[-299,-200]",HR≥-/EDG≥-5.0/CV≤0.7/μ≥0.0/TP≥60,60.0,-5.0,0.7,0.0,60.0,107,95,57,38,60.0,-14.56,-28.69,-0.44,-13.834,0.25,12
"[-299,-200]",HR≥-/EDG≥-5.0/CV≤0.7/μ≥0.0/TP≥65,63.29,-5.0,0.7,0.0,65.0,87,79,50,29,63.29,-10.54,-25.68,4.61,-8.324,0.417,12
"[-299,-200]",HR≥-/EDG≥-5.0/CV≤0.7/μ≥0.5/TP≥-,63.64,-5.0,0.7,0.5,,75,66,42,24,63.64,-9.83,-26.43,6.77,-6.49,0.333,12
"[-299,-200]",HR≥-/EDG≥-5.0/CV≤0.7/μ≥0.5/TP≥50,63.64,-5.0,0.7,0.5,50.0,75,66,42,24,63.64,-9.83,-26.43,6.77,-6.49,0.333,12
"[-299,-200]",HR≥-/EDG≥-5.0/CV≤0.7/μ≥0.5/TP≥55,63.64,-5.0,0.7,0.5,55.0,75,66,42,24,63.64,-9.83,-26.43,6.77,-6.49,0.333,12
"[-299,-200]",HR≥-/EDG≥-5.0/CV≤0.7/μ≥0.5/TP≥60,63.64,-5.0,0.7,0.5,60.0,75,66,42,24,63.64,-9.83,-26.43,6.77,-6.49,0.333,12
"[-299,-200]",HR≥-/EDG≥-5.0/CV≤0.7/μ≥0.5/TP≥65,66.67,-5.0,0.7,0.5,65.0,63,57,38,19,66.67,-6.11,-23.53,11.31,-3.481,0.417,12
"[-299,-200]",HR≥-/EDG≥-5.0/CV≤0.6/μ≥-/TP≥-,65.62,-5.0,0.6,,,36,32,21,11,65.62,-6.09,-30.06,17.88,-1.949,0.417,12
"[-299,-200]",HR≥-/EDG≥-5.0/CV≤0.6/μ≥-/TP≥50,65.62,-5.0,0.6,,50.0,36,32,21,11,65.62,-6.09,-30.06,17.88,-1.949,0.417,12
"[-299,-200]",HR≥-/EDG≥-5.0/CV≤0.6/μ≥-/TP≥55,65.62,-5.0,0.6,,55.0,36,32,21,11,65.62,-6.09,-30.06,17.88,-1.949,0.417,12
"[-299,-200]",HR≥-/EDG≥-5.0/CV≤0.6/μ≥-/TP≥60,65.62,-5.0,0.6,,60.0,36,32,21,11,65.62,-6.09,-30.06,17.88,-1.949,0.417,12
"[-299,-200]",HR≥-/EDG≥-5.0/CV≤0.6/μ≥0.0/TP≥-,65.62,-5.0,0.6,0.0,,36,32,21,11,65.62,-6.09,-30.06,17.88,-1.949,0.417,12
"[-299,-200]",HR≥-/EDG≥-5.0/CV≤0.6/μ≥0.0/TP≥50,65.62,-5.0,0.6,0.0,50.0,36,32,21,11,65.62,-6.09,-30.06,17.88,-1.949,0.417,12
"[-299,-200]",HR≥-/EDG≥-5.0/CV≤0.6/μ≥0.0/TP≥55,65.62,-5.0,0.6,0.0,55.0,36,32,21,11,65.62,-6.09,-30.06,17.88,-1.949,0.417,12
"[-299,-200]",HR≥-/EDG≥-5.0/CV≤0.6/μ≥0.0/TP≥60,65.62,-5.0,0.6,0.0,60.0,36,32,21,11,65.62,-6.09,-30.06,17.88,-1.949,0.417,12
"[-299,-200]",HR≥-/EDG≥0.0/CV≤-/μ≥-/TP≥-,63.9,0.0,,,,397,349,223,126,63.9,-7.65,-14.95,-0.34,-26.694,0.308,13
"[-299,-200]",HR≥-/EDG≥0.0/CV≤-/μ≥-/TP≥50,63.9,0.0,,,50.0,397,349,223,126,63.9,-7.65,-14.95,-0.34,-26.694,0.308,13
"[-299,-200]",HR≥-/EDG≥0.0/CV≤-/μ≥-/TP≥55,63.9,0.0,,,55.0,397,349,223,126,63.9,-7.65,-14.95,-0.34,-26.694,0.308,13
"[-299,-200]",HR≥-/EDG≥0.0/CV≤-/μ≥-/TP≥60,63.9,0.0,,,60.0,397,349,223,126,63.9,-7.65,-14.95,-0.34,-26.694,0.308,13
"[-299,-200]",HR≥-/EDG≥0.0/CV≤-/μ≥-/TP≥65,65.32,0.0,,,65.0,279,248,162,86,65.32,-6.76,-15.24,1.73,-16.757,0.308,13
"[-299,-200]",HR≥-/EDG≥0.0/CV≤-/μ≥0.0/TP≥-,63.9,0.0,,0.0,,397,349,223,126,63.9,-7.65,-14.95,-0.34,-26.694,0.308,13
"[-299,-200]",HR≥-/EDG≥0.0/CV≤-/μ≥0.0/TP≥50,63.9,0.0,,0.0,50.0,397,349,223,126,63.9,-7.65,-14.95,-0.34,-26.694,0.308,13
"[-299,-200]",HR≥-/EDG≥0.0/CV≤-/μ≥0.0/TP≥55,63.9,0.0,,0.0,55.0,397,349,223,126,63.9,-7.65,-14.95,-0.34,-26.694,0.308,13
"[-299,-200]",HR≥-/EDG≥0.0/CV≤-/μ≥0.0/TP≥60,63.9,0.0,,0.0,60.0,397,349,223,126,63.9,-7.65,-14.95,-0.34,-26.694,0.308,13
"[-299,-200]",HR≥-/EDG≥0.0/CV≤-/μ≥0.0/TP≥65,65.32,0.0,,0.0,65.0,279,248,162,86,65.32,-6.76,-15.24,1.73,-16.757,0.308,13
"[-299,-200]",HR≥-/EDG≥0.0/CV≤-/μ≥0.5/TP≥-,62.76,0.0,,0.5,,334,290,182,108,62.76,-9.57,-17.62,-1.53,-27.762,0.231,13
"[-299,-200]",HR≥-/EDG≥0.0/CV≤-/μ≥0.5/TP≥50,62.76,0.0,,0.5,50.0,334,290,182,108,62.76,-9.57,-17.62,-1.53,-27.762,0.231,13
"[-299,-200]",HR≥-/EDG≥0.0/CV≤-/μ≥0.5/TP≥55,62.76,0.0,,0.5,55.0,334,290,182,108,62.76,-9.57,-17.62,-1.53,-27.762,0.231,13
"[-299,-200]",HR≥-/EDG≥0.0/CV≤-/μ≥0.5/TP≥60,62.76,0.0,,0.5,60.0,334,290,182,108,62.76,-9.57,-17.62,-1.53,-27.762,0.231,13
"[-299,-200]",HR≥-/EDG≥0.0/CV≤-/μ≥0.5/TP≥65,65.07,0.0,,0.5,65.0,239,209,136,73,65.07,-7.38,-16.62,1.85,-15.427,0.308,13
"[-299,-200]",HR≥-/EDG≥0.0/CV≤-/μ≥1.0/TP≥-,61.04,0.0,,1.0,,93,77,47,30,61.04,-12.8,-28.49,2.9,-9.853,0.4,10
"[-299,-200]",HR≥-/EDG≥0.0/CV≤-/μ≥1.0/TP≥50,61.04,0.0,,1.0,50.0,93,77,47,30,61.04,-12.8,-28.49,2.9,-9.853,0.4,10
"[-299,-200]",HR≥-/EDG≥0.0/CV≤-/μ≥1.0/TP≥55,61.04,0.0,,1.0,55.0,93,77,47,30,61.04,-12.8,-28.49,2.9,-9.853,0.4,10
"[-299,-200]",HR≥-/EDG≥0.0/CV≤-/μ≥1.0/TP≥60,61.04,0.0,,1.0,60.0,93,77,47,30,61.04,-12.8,-28.49,2.9,-9.853,0.4,10
"[-299,-200]",HR≥-/EDG≥0.0/CV≤-/μ≥1.0/TP≥65,63.79,0.0,,1.0,65.0,69,58,37,21,63.79,-10.01,-27.64,7.61,-5.808,0.3,10
"[-299,-200]",HR≥-/EDG≥0.0/CV≤0.7/μ≥-/TP≥-,62.2,0.0,0.7,,,91,82,51,31,62.2,-11.51,-26.56,3.55,-9.437,0.417,12
"[-299,-200]",HR≥-/EDG≥0.0/CV≤0.7/μ≥-/TP≥50,62.2,0.0,0.7,,50.0,91,82,51,31,62.2,-11.51,-26.56,3.55,-9.437,0.417,12
"[-299,-200]",HR≥-/EDG≥0.0/CV≤0.7/μ≥-/TP≥55,62.2,0.0,0.7,,55.0,91,82,51,31,62.2,-11.51,-26.56,3.55,-9.437,0.417,12
"[-299,-200]",HR≥-/EDG≥0.0/CV≤0.7/μ≥-/TP≥60,62.2,0.0,0.7,,60.0,91,82,51,31,62.2,-11.51,-26.56,3.55,-9.437,0.417,12
"[-299,-200]",HR≥-/EDG≥0.0/CV≤0.7/μ≥-/TP≥65,63.77,0.0,0.7,,65.0,75,69,44,25,63.77,-10.04,-26.18,6.1,-6.927,0.417,12
"[-299,-200]",HR≥-/EDG≥0.0/CV≤0.7/μ≥0.0/TP≥-,62.2,0.0,0.7,0.0,,91,82,51,31,62.2,-11.51,-26.56,3.55,-9.437,0.417,12
"[-299,-200]",HR≥-/EDG≥0.0/CV≤0.7/μ≥0.0/TP≥50,62.2,0.0,0.7,0.0,50.0,91,82,51,31,62.2,-11.51,-26.56,3.55,-9.437,0.417,12
"[-299,-200]",HR≥-/EDG≥0.0/CV≤0.7/μ≥0.0/TP≥55,62.2,0.0,0.7,0.0,55.0,91,82,51,31,62.2,-11.51,-26.56,3.55,-9.437,0.417,12
"[-299,-200]",HR≥-/EDG≥0.0/CV≤0.7/μ≥0.0/TP≥60,62.2,0.0,0.7,0.0,60.0,91,82,51,31,62.2,-11.51,-26.56,3.55,-9.437,0.417,12
"[-299,-200]",HR≥-/EDG≥0.0/CV≤0.7/μ≥0.0/TP≥65,63.77,0.0,0.7,0.0,65.0,75,69,44,25,63.77,-10.04,-26.18,6.1,-6.927,0.417,12
"[-299,-200]",HR≥-/EDG≥0.0/CV≤0.7/μ≥0.5/TP≥-,63.64,0.0,0.7,0.5,,75,66,42,24,63.64,-9.83,-26.43,6.77,-6.49,0.333,12
"[-299,-200]",HR≥-/EDG≥0.0/CV≤0.7/μ≥0.5/TP≥50,63.64,0.0,0.7,0.5,50.0,75,66,42,24,63.64,-9.83,-26.43,6.77,-6.49,0.333,12
"[-299,-200]",HR≥-/EDG≥0.0/CV≤0.7/μ≥0.5/TP≥55,63.64,0.0,0.7,0.5,55.0,75,66,42,24,63.64,-9.83,-26.43,6.77,-6.49,0.333,12
"[-299,-200]",HR≥-/EDG≥0.0/CV≤0.7/μ≥0.5/TP≥60,63.64,0.0,0.7,0.5,60.0,75,66,42,24,63.64,-9.83,-26.43,6.77,-6.49,0.333,12
"[-299,-200]",HR≥-/EDG≥0.0/CV≤0.7/μ≥0.5/TP≥65,66.67,0.0,0.7,0.5,65.0,63,57,38,19,66.67,-6.11,-23.53,11.31,-3.481,0.417,12
"[-299,-200]",HR≥-/EDG≥5.0/CV≤-/μ≥-/TP≥-,62.21,5.0,,,,300,262,163,99,62.21,-10.13,-18.64,-1.62,-26.534,0.231,13
"[-299,-200]",HR≥-/EDG≥5.0/CV≤-/μ≥-/TP≥50,62.21,5.0,,,50.0,300,262,163,99,62.21,-10.13,-18.64,-1.62,-26.534,0.231,13
"[-299,-200]",HR≥-/EDG≥5.0/CV≤-/μ≥-/TP≥55,62.21,5.0,,,55.0,300,262,163,99,62.21,-10.13,-18.64,-1.62,-26.534,0.231,13
"[-299,-200]",HR≥-/EDG≥5.0/CV≤-/μ≥-/TP≥60,62.21,5.0,,,60.0,300,262,163,99,62.21,-10.13,-18.64,-1.62,-26.534,0.231,13
"[-299,-200]",HR≥-/EDG≥5.0/CV≤-/μ≥-/TP≥65,64.32,5.0,,,65.0,211,185,119,66,64.32,-8.26,-18.15,1.63,-15.28,0.231,13
"[-299,-200]",HR≥-/EDG≥5.0/CV≤-/μ≥0.0/TP≥-,62.21,5.0,,0.0,,300,262,163,99,62.21,-10.13,-18.64,-1.62,-26.534,0.231,13
"[-299,-200]",HR≥-/EDG≥5.0/CV≤-/μ≥0.0/TP≥50,62.21,5.0,,0.0,50.0,300,262,163,99,62.21,-10.13,-18.64,-1.62,-26.534,0.231,13
"[-299,-200]",HR≥-/EDG≥5.0/CV≤-/μ≥0.0/TP≥55,62.21,5.0,,0.0,55.0,300,262,163,99,62.21,-10.13,-18.64,-1.62,-26.534,0.231,13
"[-299,-200]",HR≥-/EDG≥5.0/CV≤-/μ≥0.0/TP≥60,62.21,5.0,,0.0,60.0,300,262,163,99,62.21,-10.13,-18.64,-1.62,-26.534,0.231,13
"[-299,-200]",HR≥-/EDG≥5.0/CV≤-/μ≥0.0/TP≥65,64.32,5.0,,0.0,65.0,211,185,119,66,64.32,-8.26,-18.15,1.63,-15.28,0.231,13
"[-299,-200]",HR≥-/EDG≥5.0/CV≤-/μ≥0.5/TP≥-,61.92,5.0,,0.5,,277,239,148,91,61.92,-10.73,-19.63,-1.82,-25.636,0.077,13
"[-299,-200]",HR≥-/EDG≥5.0/CV≤-/μ≥0.5/TP≥50,61.92,5.0,,0.5,50.0,277,239,148,91,61.92,-10.73,-19.63,-1.82,-25.636,0.077,13
"[-299,-200]",HR≥-/EDG≥5.0/CV≤-/μ≥0.5/TP≥55,61.92,5.0,,0.5,55.0,277,239,148,91,61.92,-10.73,-19.63,-1.82,-25.636,0.077,13
"[-299,-200]",HR≥-/EDG≥5.0/CV≤-/μ≥0.5/TP≥60,61.92,5.0,,0.5,60.0,277,239,148,91,61.92,-10.73,-19.63,-1.82,-25.636,0.077,13
"[-299,-200]",HR≥-/EDG≥5.0/CV≤-/μ≥0.5/TP≥65,64.71,5.0,,0.5,65.0,196,170,110,60,64.71,-7.89,-18.16,2.38,-13.418,0.231,13
"[-299,-200]",HR≥-/EDG≥5.0/CV≤-/μ≥1.0/TP≥-,61.04,5.0,,1.0,,93,77,47,30,61.04,-12.8,-28.49,2.9,-9.853,0.4,10
"[-299,-200]",HR≥-/EDG≥5.0/CV≤-/μ≥1.0/TP≥50,61.04,5.0,,1.0,50.0,93,77,47,30,61.04,-12.8,-28.49,2.9,-9.853,0.4,10
"[-299,-200]",HR≥-/EDG≥5.0/CV≤-/μ≥1.0/TP≥55,61.04,5.0,,1.0,55.0,93,77,47,30,61.04,-12.8,-28.49,2.9,-9.853,0.4,10
"[-299,-200]",HR≥-/EDG≥5.0/CV≤-/μ≥1.0/TP≥60,61.04,5.0,,1.0,60.0,93,77,47,30,61.04,-12.8,-28.49,2.9,-9.853,0.4,10
"[-299,-200]",HR≥-/EDG≥5.0/CV≤-/μ≥1.0/TP≥65,63.79,5.0,,1.0,65.0,69,58,37,21,63.79,-10.01,-27.64,7.61,-5.808,0.3,10
"[-299,-200]",HR≥-/EDG≥5.0/CV≤0.7/μ≥-/TP≥-,61.43,5.0,0.7,,,79,70,43,27,61.43,-12.5,-28.89,3.89,-8.748,0.25,12
"[-299,-200]",HR≥-/EDG≥5.0/CV≤0.7/μ≥-/TP≥50,61.43,5.0,0.7,,50.0,79,70,43,27,61.43,-12.5,-28.89,3.89,-8.748,0.25,12
"[-299,-200]",HR≥-/EDG≥5.0/CV≤0.7/μ≥-/TP≥55,61.43,5.0,0.7,,55.0,79,70,43,27,61.43,-12.5,-28.89,3.89,-8.748,0.25,12
"[-299,-200]",HR≥-/EDG≥5.0/CV≤0.7/μ≥-/TP≥60,61.43,5.0,0.7,,60.0,79,70,43,27,61.43,-12.5,-28.89,3.89,-8.748,0.25,12
"[-299,-200]",HR≥-/EDG≥5.0/CV≤0.7/μ≥-/TP≥65,63.79,5.0,0.7,,65.0,64,58,37,21,63.79,-9.89,-27.54,7.76,-5.738,0.417,12
"[-299,-200]",HR≥-/EDG≥5.0/CV≤0.7/μ≥0.0/TP≥-,61.43,5.0,0.7,0.0,,79,70,43,27,61.43,-12.5,-28.89,3.89,-8.748,0.25,12
"[-299,-200]",HR≥-/EDG≥5.0/CV≤0.7/μ≥0.0/TP≥50,61.43,5.0,0.7,0.0,50.0,79,70,43,27,61.43,-12.5,-28.89,3.89,-8.748,0.25,12
"[-299,-200]",HR≥-/EDG≥5.0/CV≤0.7/μ≥0.0/TP≥55,61.43,5.0,0.7,0.0,55.0,79,70,43,27,61.43,-12.5,-28.89,3.89,-8.748,0.25,12
"[-299,-200]",HR≥-/EDG≥5.0/CV≤0.7/μ≥0.0/TP≥60,61.43,5.0,0.7,0.0,60.0,79,70,43,27,61.43,-12.5,-28.89,3.89,-8.748,0.25,12
"[-299,-200]",HR≥-/EDG≥5.0/CV≤0.7/μ≥0.0/TP≥65,63.79,5.0,0.7,0.0,65.0,64,58,37,21,63.79,-9.89,-27.54,7.76,-5.738,0.417,12
"[-299,-200]",HR≥-/EDG≥5.0/CV≤0.7/μ≥0.5/TP≥-,61.9,5.0,0.7,0.5,,72,63,39,24,61.9,-12.16,-29.34,5.03,-7.659,0.25,12
"[-299,-200]",HR≥-/EDG≥5.0/CV≤0.7/μ≥0.5/TP≥50,61.9,5.0,0.7,0.5,50.0,72,63,39,24,61.9,-12.16,-29.34,5.03,-7.659,0.25,12
"[-299,-200]",HR≥-/EDG≥5.0/CV≤0.7/μ≥0.5/TP≥55,61.9,5.0,0.7,0.5,55.0,72,63,39,24,61.9,-12.16,-29.34,5.03,-7.659,0.25,12
"[-299,-200]",HR≥-/EDG≥5.0/CV≤0.7/μ≥0.5/TP≥60,61.9,5.0,0.7,0.5,60.0,72,63,39,24,61.9,-12.16,-29.34,5.03,-7.659,0.25,12
"[-299,-200]",HR≥-/EDG≥5.0/CV≤0.7/μ≥0.5/TP≥65,64.81,5.0,0.7,0.5,65.0,60,54,35,19,64.81,-8.61,-26.77,9.55,-4.649,0.417,12
"[-299,-200]",HR≥-/EDG≥10.0/CV≤-/μ≥-/TP≥-,61.66,10.0,,,,223,193,119,74,61.66,-10.7,-20.67,-0.72,-20.648,0.077,13
"[-299,-200]",HR≥-/EDG≥10.0/CV≤-/μ≥-/TP≥50,61.66,10.0,,,50.0,223,193,119,74,61.66,-10.7,-20.67,-0.72,-20.648,0.077,13
"[-299,-200]",HR≥-/EDG≥10.0/CV≤-/μ≥-/TP≥55,61.66,10.0,,,55.0,223,193,119,74,61.66,-10.7,-20.67,-0.72,-20.648,0.077,13
"[-299,-200]",HR≥-/EDG≥10.0/CV≤-/μ≥-/TP≥60,61.66,10.0,,,60.0,223,193,119,74,61.66,-10.7,-20.67,-0.72,-20.648,0.077,13
"[-299,-200]",HR≥-/EDG≥10.0/CV≤-/μ≥-/TP≥65,63.85,10.0,,,65.0,149,130,83,47,63.85,-8.83,-20.68,3.03,-11.476,0.231,13
"[-299,-200]",HR≥-/EDG≥10.0/CV≤-/μ≥0.0/TP≥-,61.66,10.0,,0.0,,223,193,119,74,61.66,-10.7,-20.67,-0.72,-20.648,0.077,13
"[-299,-200]",HR≥-/EDG≥10.0/CV≤-/μ≥0.0/TP≥50,61.66,10.0,,0.0,50.0,223,193,119,74,61.66,-10.7,-20.67,-0.72,-20.648,0.077,13
"[-299,-200]",HR≥-/EDG≥10.0/CV≤-/μ≥0.0/TP≥55,61.66,10.0,,0.0,55.0,223,193,119,74,61.66,-10.7,-20.67,-0.72,-20.648,0.077,13
"[-299,-200]",HR≥-/EDG≥10.0/CV≤-/μ≥0.0/TP≥60,61.66,10.0,,0.0,60.0,223,193,119,74,61.66,-10.7,-20.67,-0.72,-20.648,0.077,13
"[-299,-200]",HR≥-/EDG≥10.0/CV≤-/μ≥0.0/TP≥65,63.85,10.0,,0.0,65.0,149,130,83,47,63.85,-8.83,-20.68,3.03,-11.476,0.231,13
"[-299,-200]",HR≥-/EDG≥10.0/CV≤-/μ≥0.5/TP≥-,60.33,10.0,,0.5,,214,184,111,73,60.33,-12.71,-22.98,-2.44,-23.385,0.077,13
"[-299,-200]",HR≥-/EDG≥10.0/CV≤-/μ≥0.5/TP≥50,60.33,10.0,,0.5,50.0,214,184,111,73,60.33,-12.71,-22.98,-2.44,-23.385,0.077,13
"[-299,-200]",HR≥-/EDG≥10.0/CV≤-/μ≥0.5/TP≥55,60.33,10.0,,0.5,55.0,214,184,111,73,60.33,-12.71,-22.98,-2.44,-23.385,0.077,13
"[-299,-200]",HR≥-/EDG≥10.0/CV≤-/μ≥0.5/TP≥60,60.33,10.0,,0.5,60.0,214,184,111,73,60.33,-12.71,-22.98,-2.44,-23.385,0.077,13
"[-299,-200]",HR≥-/EDG≥10.0/CV≤-/μ≥0.5/TP≥65,62.4,10.0,,0.5,65.0,144,125,78,47,62.4,-10.99,-23.17,1.19,-13.736,0.231,13
"[-299,-200]",HR≥-/EDG≥10.0/CV≤-/μ≥1.0/TP≥-,60.53,10.0,,1.0,,92,76,46,30,60.53,-13.41,-29.26,2.44,-10.192,0.4,10
"[-299,-200]",HR≥-/EDG≥10.0/CV≤-/μ≥1.0/TP≥50,60.53,10.0,,1.0,50.0,92,76,46,30,60.53,-13.41,-29.26,2.44,-10.192,0.4,10
"[-299,-200]",HR≥-/EDG≥10.0/CV≤-/μ≥1.0/TP≥55,60.53,10.0,,1.0,55.0,92,76,46,30,60.53,-13.41,-29.26,2.44,-10.192,0.4,10
"[-299,-200]",HR≥-/EDG≥10.0/CV≤-/μ≥1.0/TP≥60,60.53,10.0,,1.0,60.0,92,76,46,30,60.53,-13.41,-29.26,2.44,-10.192,0.4,10
"[-299,-200]",HR≥-/EDG≥10.0/CV≤-/μ≥1.0/TP≥65,63.16,10.0,,1.0,65.0,68,57,36,21,63.16,-10.78,-28.65,7.09,-6.146,0.3,10
"[-299,-200]",HR≥-/EDG≥10.0/CV≤0.7/μ≥-/TP≥-,64.41,10.0,0.7,,,67,59,38,21,64.41,-8.32,-25.89,9.26,-4.908,0.25,12
"[-299,-200]",HR≥-/EDG≥10.0/CV≤0.7/μ≥-/TP≥50,64.41,10.0,0.7,,50.0,67,59,38,21,64.41,-8.32,-25.89,9.26,-4.908,0.25,12
"[-299,-200]",HR≥-/EDG≥10.0/CV≤0.7/μ≥-/TP≥55,64.41,10.0,0.7,,55.0,67,59,38,21,64.41,-8.32,-25.89,9.26,-4.908,0.25,12
"[-299,-200]",HR≥-/EDG≥10.0/CV≤0.7/μ≥-/TP≥60,64.41,10.0,0.7,,60.0,67,59,38,21,64.41,-8.32,-25.89,9.26,-4.908,0.25,12
"[-299,-200]",HR≥-/EDG≥10.0/CV≤0.7/μ≥-/TP≥65,66.0,10.0,0.7,,65.0,55,50,33,17,66.0,-6.8,-25.56,11.97,-3.398,0.417,12
"[-299,-200]",HR≥-/EDG≥10.0/CV≤0.7/μ≥0.0/TP≥-,64.41,10.0,0.7,0.0,,67,59,38,21,64.41,-8.32,-25.89,9.26,-4.908,0.25,12
"[-299,-200]",HR≥-/EDG≥10.0/CV≤0.7/μ≥0.0/TP≥50,64.41,10.0,0.7,0.0,50.0,67,59,38,21,64.41,-8.32,-25.89,9.26,-4.908,0.25,12
"[-299,-200]",HR≥-/EDG≥10.0/CV≤0.7/μ≥0.0/TP≥55,64.41,10.0,0.7,0.0,55.0,67,59,38,21,64.41,-8.32,-25.89,9.26,-4.908,0.25,12
"[-299,-200]",HR≥-/EDG≥10.0/CV≤0.7/μ≥0.0/TP≥60,64.41,10.0,0.7,0.0,60.0,67,59,38,21,64.41,-8.32,-25.89,9.26,-4.908,0.25,12
"[-299,-200]",HR≥-/EDG≥10.0/CV≤0.7/μ≥0.0/TP≥65,66.0,10.0,0.7,0.0,65.0,55,50,33,17,66.0,-6.8,-25.56,11.97,-3.398,0.417,12
"[-299,-200]",HR≥-/EDG≥10.0/CV≤0.7/μ≥0.5/TP≥-,62.5,10.0,0.7,0.5,,64,56,35,21,62.5,-11.28,-29.48,6.91,-6.319,0.182,11
"[-299,-200]",HR≥-/EDG≥10.0/CV≤0.7/μ≥0.5/TP≥50,62.5,10.0,0.7,0.5,50.0,64,56,35,21,62.5,-11.28,-29.48,6.91,-6.319,0.182,11
"[-299,-200]",HR≥-/EDG≥10.0/CV≤0.7/μ≥0.5/TP≥55,62.5,10.0,0.7,0.5,55.0,64,56,35,21,62.5,-11.28,-29.48,6.91,-6.319,0.182,11
"[-299,-200]",HR≥-/EDG≥10.0/CV≤0.7/μ≥0.5/TP≥60,62.5,10.0,0.7,0.5,60.0,64,56,35,21,62.5,-11.28,-29.48,6.91,-6.319,0.182,11
"[-299,-200]",HR≥-/EDG≥10.0/CV≤0.7/μ≥0.5/TP≥65,64.58,10.0,0.7,0.5,65.0,53,48,31,17,64.58,-8.98,-28.28,10.32,-4.309,0.364,11
"[-299,-200]",HR≥45/EDG≥-/CV≤-/μ≥-/TP≥-,59.16,,,,,668,595,352,243,59.16,-14.61,-20.32,-8.9,-86.93,0.0,13
"[-299,-200]",HR≥45/EDG≥-/CV≤-/μ≥-/TP≥50,59.19,,,,50.0,666,593,351,242,59.19,-14.55,-20.28,-8.83,-86.294,0.0,13
"[-299,-200]",HR≥45/EDG≥-/CV≤-/μ≥-/TP≥55,59.22,,,,55.0,663,591,350,241,59.22,-14.5,-20.23,-8.76,-85.678,0.0,13
"[-299,-200]",HR≥45/EDG≥-/CV≤-/μ≥-/TP≥60,59.35,,,,60.0,658,588,349,239,59.35,-14.3,-20.04,-8.55,-84.078,0.0,13
"[-299,-200]",HR≥45/EDG≥-/CV≤-/μ≥-/TP≥65,61.15,,,,65.0,462,417,255,162,61.15,-12.78,-19.47,-6.09,-53.292,0.308,13
"[-299,-200]",HR≥45/EDG≥-/CV≤-/μ≥0.0/TP≥-,59.2,,,0.0,,649,576,341,235,59.2,-14.54,-20.35,-8.74,-83.765,0.0,13
"[-299,-200]",HR≥45/EDG≥-/CV≤-/μ≥0.0/TP≥50,59.2,,,0.0,50.0,649,576,341,235,59.2,-14.54,-20.35,-8.74,-83.765,0.0,13
"[-299,-200]",HR≥45/EDG≥-/CV≤-/μ≥0.0/TP≥55,59.23,,,0.0,55.0,646,574,340,234,59.23,-14.49,-20.3,-8.67,-83.15,0.0,13
"[-299,-200]",HR≥45/EDG≥-/CV≤-/μ≥0.0/TP≥60,59.37,,,0.0,60.0,641,571,339,232,59.37,-14.28,-20.11,-8.45,-81.55,0.0,13
"[-299,-200]",HR≥45/EDG≥-/CV≤-/μ≥0.0/TP≥65,61.08,,,0.0,65.0,451,406,248,158,61.08,-12.88,-19.66,-6.1,-52.309,0.308,13
"[-299,-200]",HR≥45/EDG≥-/CV≤-/μ≥0.5/TP≥-,62.33,,,0.5,,343,300,187,113,62.33,-10.35,-18.26,-2.44,-31.044,0.077,13
"[-299,-200]",HR≥45/EDG≥-/CV≤-/μ≥0.5/TP≥50,62.33,,,0.5,50.0,343,300,187,113,62.33,-10.35,-18.26,-2.44,-31.044,0.077,13
"[-299,-200]",HR≥45/EDG≥-/CV≤-/μ≥0.5/TP≥55,62.33,,,0.5,55.0,343,300,187,113,62.33,-10.35,-18.26,-2.44,-31.044,0.077,13
"[-299,-200]",HR≥45/EDG≥-/CV≤-/μ≥0.5/TP≥60,62.33,,,0.5,60.0,343,300,187,113,62.33,-10.35,-18.26,-2.44,-31.044,0.077,13
"[-299,-200]",HR≥45/EDG≥-/CV≤-/μ≥0.5/TP≥65,64.55,,,0.5,65.0,250,220,142,78,64.55,-8.31,-17.32,0.71,-18.278,0.308,13
"[-299,-200]",HR≥45/EDG≥-/CV≤-/μ≥1.0/TP≥-,61.33,,,1.0,,91,75,46,29,61.33,-12.47,-28.33,3.39,-9.353,0.4,10
"[-299,-200]",HR≥45/EDG≥-/CV≤-/μ≥1.0/TP≥50,61.33,,,1.0,50.0,91,75,46,29,61.33,-12.47,-28.33,3.39,-9.353,0.4,10
"[-299,-200]",HR≥45/EDG≥-/CV≤-/μ≥1.0/TP≥55,61.33,,,1.0,55.0,91,75,46,29,61.33,-12.47,-28.33,3.39,-9.353,0.4,10
"[-299,-200]",HR≥45/EDG≥-/CV≤-/μ≥1.0/TP≥60,61.33,,,1.0,60.0,91,75,46,29,61.33,-12.47,-28.33,3.39,-9.353,0.4,10
"[-299,-200]",HR≥45/EDG≥-/CV≤-/μ≥1.0/TP≥65,64.29,,,1.0,65.0,67,56,36,20,64.29,-9.48,-27.33,8.38,-5.308,0.4,10
"[-299,-200]",HR≥45/EDG≥-/CV≤0.7/μ≥-/TP≥-,59.82,,0.7,,,128,112,67,45,59.82,-14.85,-27.85,-1.85,-16.636,0.25,12
"[-299,-200]",HR≥45/EDG≥-/CV≤0.7/μ≥-/TP≥50,59.82,,0.7,,50.0,128,112,67,45,59.82,-14.85,-27.85,-1.85,-16.636,0.25,12
"[-299,-200]",HR≥45/EDG≥-/CV≤0.7/μ≥-/TP≥55,59.82,,0.7,,55.0,127,112,67,45,59.82,-14.85,-27.85,-1.85,-16.636,0.25,12
"[-299,-200]",HR≥45/EDG≥-/CV≤0.7/μ≥-/TP≥60,60.36,,0.7,,60.0,126,111,67,44,60.36,-14.09,-27.12,-1.06,-15.636,0.25,12
"[-299,-200]",HR≥45/EDG≥-/CV≤0.7/μ≥-/TP≥65,63.83,,0.7,,65.0,105,94,60,34,63.83,-9.71,-23.54,4.12,-9.126,0.417,12
"[-299,-200]",HR≥45/EDG≥-/CV≤0.7/μ≥0.0/TP≥-,59.63,,0.7,0.0,,125,109,65,44,59.63,-15.13,-28.32,-1.94,-16.487,0.25,12
"[-299,-200]",HR≥45/EDG≥-/CV≤0.7/μ≥0.0/TP≥50,59.63,,0.7,0.0,50.0,125,109,65,44,59.63,-15.13,-28.32,-1.94,-16.487,0.25,12
"[-299,-200]",HR≥45/EDG≥-/CV≤0.7/μ≥0.0/TP≥55,59.63,,0.7,0.0,55.0,124,109,65,44,59.63,-15.13,-28.32,-1.94,-16.487,0.25,12
"[-299,-200]",HR≥45/EDG≥-/CV≤0.7/μ≥0.0/TP≥60,60.19,,0.7,0.0,60.0,123,108,65,43,60.19,-14.34,-27.56,-1.12,-15.487,0.25,12
"[-299,-200]",HR≥45/EDG≥-/CV≤0.7/μ≥0.0/TP≥65,63.74,,0.7,0.0,65.0,102,91,58,33,63.74,-9.87,-23.93,4.2,-8.978,0.417,12
"[-299,-200]",HR≥45/EDG≥-/CV≤0.7/μ≥0.5/TP≥-,63.64,,0.7,0.5,,75,66,42,24,63.64,-9.83,-26.43,6.77,-6.49,0.333,12
"[-299,-200]",HR≥45/EDG≥-/CV≤0.7/μ≥0.5/TP≥50,63.64,,0.7,0.5,50.0,75,66,42,24,63.64,-9.83,-26.43,6.77,-6.49,0.333,12
"[-299,-200]",HR≥45/EDG≥-/CV≤0.7/μ≥0.5/TP≥55,63.64,,0.7,0.5,55.0,75,66,42,24,63.64,-9.83,-26.43,6.77,-6.49,0.333,12
"[-299,-200]",HR≥45/EDG≥-/CV≤0.7/μ≥0.5/TP≥60,63.64,,0.7,0.5,60.0,75,66,42,24,63.64,-9.83,-26.43,6.77,-6.49,0.333,12
"[-299,-200]",HR≥45/EDG≥-/CV≤0.7/μ≥0.5/TP≥65,66.67,,0.7,0.5,65.0,63,57,38,19,66.67,-6.11,-23.53,11.31,-3.481,0.417,12
"[-299,-200]",HR≥45/EDG≥-/CV≤0.6/μ≥-/TP≥-,60.0,,0.6,,,40,35,21,14,60.0,-14.14,-37.74,9.46,-4.949,0.417,12
"[-299,-200]",HR≥45/EDG≥-/CV≤0.6/μ≥-/TP≥50,60.0,,0.6,,50.0,40,35,21,14,60.0,-14.14,-37.74,9.46,-4.949,0.417,12
"[-299,-200]",HR≥45/EDG≥-/CV≤0.6/μ≥-/TP≥55,60.0,,0.6,,55.0,40,35,21,14,60.0,-14.14,-37.74,9.46,-4.949,0.417,12
"[-299,-200]",HR≥45/EDG≥-/CV≤0.6/μ≥-/TP≥60,61.76,,0.6,,60.0,39,34,21,13,61.76,-11.61,-35.38,12.15,-3.949,0.417,12
"[-299,-200]",HR≥45/EDG≥-/CV≤0.6/μ≥0.0/TP≥-,60.0,,0.6,0.0,,40,35,21,14,60.0,-14.14,-37.74,9.46,-4.949,0.417,12
"[-299,-200]",HR≥45/EDG≥-/CV≤0.6/μ≥0.0/TP≥50,60.0,,0.6,0.0,50.0,40,35,21,14,60.0,-14.14,-37.74,9.46,-4.949,0.417,12
"[-299,-200]",HR≥45/EDG≥-/CV≤0.6/μ≥0.0/TP≥55,60.0,,0.6,0.0,55.0,40,35,21,14,60.0,-14.14,-37.74,9.46,-4.949,0.417,12
"[-299,-200]",HR≥45/EDG≥-/CV≤0.6/μ≥0.0/TP≥60,61.76,,0.6,0.0,60.0,39,34,21,13,61.76,-11.61,-35.38,12.15,-3.949,0.417,12
"[-299,-200]",HR≥45/EDG≥-5.0/CV≤-/μ≥-/TP≥-,60.75,-5.0,,,,479,428,260,168,60.75,-12.28,-18.98,-5.58,-52.565,0.154,13
"[-299,-200]",HR≥45/EDG≥-5.0/CV≤-/μ≥-/TP≥50,60.75,-5.0,,,50.0,479,428,260,168,60.75,-12.28,-18.98,-5.58,-52.565,0.154,13
"[-299,-200]",HR≥45/EDG≥-5.0/CV≤-/μ≥-/TP≥55,60.75,-5.0,,,55.0,479,428,260,168,60.75,-12.28,-18.98,-5.58,-52.565,0.154,13
"[-299,-200]",HR≥45/EDG≥-5.0/CV≤-/μ≥-/TP≥60,60.75,-5.0,,,60.0,479,428,260,168,60.75,-12.28,-18.98,-5.58,-52.565,0.154,13
"[-299,-200]",HR≥45/EDG≥-5.0/CV≤-/μ≥-/TP≥65,62.42,-5.0,,,65.0,340,306,191,115,62.42,-11.0,-18.76,-3.24,-33.654,0.308,13
"[-299,-200]",HR≥45/EDG≥-5.0/CV≤-/μ≥0.0/TP≥-,60.75,-5.0,,0.0,,479,428,260,168,60.75,-12.28,-18.98,-5.58,-52.565,0.154,13
"[-299,-200]",HR≥45/EDG≥-5.0/CV≤-/μ≥0.0/TP≥50,60.75,-5.0,,0.0,50.0,479,428,260,168,60.75,-12.28,-18.98,-5.58,-52.565,0.154,13
"[-299,-200]",HR≥45/EDG≥-5.0/CV≤-/μ≥0.0/TP≥55,60.75,-5.0,,0.0,55.0,479,428,260,168,60.75,-12.28,-18.98,-5.58,-52.565,0.154,13
"[-299,-200]",HR≥45/EDG≥-5.0/CV≤-/μ≥0.0/TP≥60,60.75,-5.0,,0.0,60.0,479,428,260,168,60.75,-12.28,-18.98,-5.58,-52.565,0.154,13
"[-299,-200]",HR≥45/EDG≥-5.0/CV≤-/μ≥0.0/TP≥65,62.42,-5.0,,0.0,65.0,340,306,191,115,62.42,-11.0,-18.76,-3.24,-33.654,0.308,13
"[-299,-200]",HR≥45/EDG≥-5.0/CV≤-/μ≥0.5/TP≥-,62.33,-5.0,,0.5,,343,300,187,113,62.33,-10.35,-18.26,-2.44,-31.044,0.077,13
"[-299,-200]",HR≥45/EDG≥-5.0/CV≤-/μ≥0.5/TP≥50,62.33,-5.0,,0.5,50.0,343,300,187,113,62.33,-10.35,-18.26,-2.44,-31.044,0.077,13
"[-299,-200]",HR≥45/EDG≥-5.0/CV≤-/μ≥0.5/TP≥55,62.33,-5.0,,0.5,55.0,343,300,187,113,62.33,-10.35,-18.26,-2.44,-31.044,0.077,13
"[-299,-200]",HR≥45/EDG≥-5.0/CV≤-/μ≥0.5/TP≥60,62.33,-5.0,,0.5,60.0,343,300,187,113,62.33,-10.35,-18.26,-2.44,-31.044,0.077,13
"[-299,-200]",HR≥45/EDG≥-5.0/CV≤-/μ≥0.5/TP≥65,64.55,-5.0,,0.5,65.0,250,220,142,78,64.55,-8.31,-17.32,0.71,-18.278,0.308,13
"[-299,-200]",HR≥45/EDG≥-5.0/CV≤-/μ≥1.0/TP≥-,61.33,-5.0,,1.0,,91,75,46,29,61.33,-12.47,-28.33,3.39,-9.353,0.4,10
"[-299,-200]",HR≥45/EDG≥-5.0/CV≤-/μ≥1.0/TP≥50,61.33,-5.0,,1.0,50.0,91,75,46,29,61.33,-12.47,-28.33,3.39,-9.353,0.4,10
"[-299,-200]",HR≥45/EDG≥-5.0/CV≤-/μ≥1.0/TP≥55,61.33,-5.0,,1.0,55.0,91,75,46,29,61.33,-12.47,-28.33,3.39,-9.353,0.4,10
"[-299,-200]",HR≥45/EDG≥-5.0/CV≤-/μ≥1.0/TP≥60,61.33,-5.0,,1.0,60.0,91,75,46,29,61.33,-12.47,-28.33,3.39,-9.353,0.4,10
"[-299,-200]",HR≥45/EDG≥-5.0/CV≤-/μ≥1.0/TP≥65,64.29,-5.0,,1.0,65.0,67,56,36,20,64.29,-9.48,-27.33,8.38,-5.308,0.4,10
"[-299,-200]",HR≥45/EDG≥-5.0/CV≤0.7/μ≥-/TP≥-,60.0,-5.0,0.7,,,107,95,57,38,60.0,-14.56,-28.69,-0.44,-13.834,0.25,12
"[-299,-200]",HR≥45/EDG≥-5.0/CV≤0.7/μ≥-/TP≥50,60.0,-5.0,0.7,,50.0,107,95,57,38,60.0,-14.56,-28.69,-0.44,-13.834,0.25,12
"[-299,-200]",HR≥45/EDG≥-5.0/CV≤0.7/μ≥-/TP≥55,60.0,-5.0,0.7,,55.0,107,95,57,38,60.0,-14.56,-28.69,-0.44,-13.834,0.25,12
"[-299,-200]",HR≥45/EDG≥-5.0/CV≤0.7/μ≥-/TP≥60,60.0,-5.0,0.7,,60.0,107,95,57,38,60.0,-14.56,-28.69,-0.44,-13.834,0.25,12
"[-299,-200]",HR≥45/EDG≥-5.0/CV≤0.7/μ≥-/TP≥65,63.29,-5.0,0.7,,65.0,87,79,50,29,63.29,-10.54,-25.68,4.61,-8.324,0.417,12
"[-299,-200]",HR≥45/EDG≥-5.0/CV≤0.7/μ≥0.0/TP≥-,60.0,-5.0,0.7,0.0,,107,95,57,38,60.0,-14.56,-28.69,-0.44,-13.834,0.25,12
"[-299,-200]",HR≥45/EDG≥-5.0/CV≤0.7/μ≥0.0/TP≥50,60.0,-5.0,0.7,0.0,50.0,107,95,57,38,60.0,-14.56,-28.69,-0.44,-13.834,0.25,12
"[-299,-200]",HR≥45/EDG≥-5.0/CV≤0.7/μ≥0.0/TP≥55,60.0,-5.0,0.7,0.0,55.0,107,95,57,38,60.0,-14.56,-28.69,-0.44,-13.834,0.25,12
"[-299,-200]",HR≥45/EDG≥-5.0/CV≤0.7/μ≥0.0/TP≥60,60.0,-5.0,0.7,0.0,60.0,107,95,57,38,60.0,-14.56,-28.69,-0.44,-13.834,0.25,12
"[-299,-200]",HR≥45/EDG≥-5.0/CV≤0.7/μ≥0.0/TP≥65,63.29,-5.0,0.7,0.0,65.0,87,79,50,29,63.29,-10.54,-25.68,4.61,-8.324,0.417,12
"[-299,-200]",HR≥45/EDG≥-5.0/CV≤0.7/μ≥0.5/TP≥-,63.64,-5.0,0.7,0.5,,75,66,42,24,63.64,-9.83,-26.43,6.77,-6.49,0.333,12
"[-299,-200]",HR≥45/EDG≥-5.0/CV≤0.7/μ≥0.5/TP≥50,63.64,-5.0,0.7,0.5,50.0,75,66,42,24,63.64,-9.83,-26.43,6.77,-6.49,0.333,12
"[-299,-200]",HR≥45/EDG≥-5.0/CV≤0.7/μ≥0.5/TP≥55,63.64,-5.0,0.7,0.5,55.0,75,66,42,24,63.64,-9.83,-26.43,6.77,-6.49,0.333,12
"[-299,-200]",HR≥45/EDG≥-5.0/CV≤0.7/μ≥0.5/TP≥60,63.64,-5.0,0.7,0.5,60.0,75,66,42,24,63.64,-9.83,-26.43,6.77,-6.49,0.333,12
"[-299,-200]",HR≥45/EDG≥-5.0/CV≤0.7/μ≥0.5/TP≥65,66.67,-5.0,0.7,0.5,65.0,63,57,38,19,66.67,-6.11,-23.53,11.31,-3.481,0.417,12
"[-299,-200]",HR≥45/EDG≥-5.0/CV≤0.6/μ≥-/TP≥-,65.62,-5.0,0.6,,,36,32,21,11,65.62,-6.09,-30.06,17.88,-1.949,0.417,12
"[-299,-200]",HR≥45/EDG≥-5.0/CV≤0.6/μ≥-/TP≥50,65.62,-5.0,0.6,,50.0,36,32,21,11,65.62,-6.09,-30.06,17.88,-1.949,0.417,12
"[-299,-200]",HR≥45/EDG≥-5.0/CV≤0.6/μ≥-/TP≥55,65.62,-5.0,0.6,,55.0,36,32,21,11,65.62,-6.09,-30.06,17.88,-1.949,0.417,12
"[-299,-200]",HR≥45/EDG≥-5.0/CV≤0.6/μ≥-/TP≥60,65.62,-5.0,0.6,,60.0,36,32,21,11,65.62,-6.09,-30.06,17.88,-1.949,0.417,12
"[-299,-200]",HR≥45/EDG≥-5.0/CV≤0.6/μ≥0.0/TP≥-,65.62,-5.0,0.6,0.0,,36,32,21,11,65.62,-6.09,-30.06,17.88,-1.949,0.417,12
"[-299,-200]",HR≥45/EDG≥-5.0/CV≤0.6/μ≥0.0/TP≥50,65.62,-5.0,0.6,0.0,50.0,36,32,21,11,65.62,-6.09,-30.06,17.88,-1.949,0.417,12
"[-299,-200]",HR≥45/EDG≥-5.0/CV≤0.6/μ≥0.0/TP≥55,65.62,-5.0,0.6,0.0,55.0,36,32,21,11,65.62,-6.09,-30.06,17.88,-1.949,0.417,12
"[-299,-200]",HR≥45/EDG≥-5.0/CV≤0.6/μ≥0.0/TP≥60,65.62,-5.0,0.6,0.0,60.0,36,32,21,11,65.62,-6.09,-30.06,17.88,-1.949,0.417,12
"[-299,-200]",HR≥45/EDG≥0.0/CV≤-/μ≥-/TP≥-,63.53,0.0,,,,387,340,216,124,63.53,-8.25,-15.66,-0.84,-28.053,0.308,13
"[-299,-200]",HR≥45/EDG≥0.0/CV≤-/μ≥-/TP≥50,63.53,0.0,,,50.0,387,340,216,124,63.53,-8.25,-15.66,-0.84,-28.053,0.308,13
"[-299,-200]",HR≥45/EDG≥0.0/CV≤-/μ≥-/TP≥55,63.53,0.0,,,55.0,387,340,216,124,63.53,-8.25,-15.66,-0.84,-28.053,0.308,13
"[-299,-200]",HR≥45/EDG≥0.0/CV≤-/μ≥-/TP≥60,63.53,0.0,,,60.0,387,340,216,124,63.53,-8.25,-15.66,-0.84,-28.053,0.308,13
"[-299,-200]",HR≥45/EDG≥0.0/CV≤-/μ≥-/TP≥65,65.15,0.0,,,65.0,272,241,157,84,65.15,-7.13,-15.74,1.48,-17.186,0.385,13
"[-299,-200]",HR≥45/EDG≥0.0/CV≤-/μ≥0.0/TP≥-,63.53,0.0,,0.0,,387,340,216,124,63.53,-8.25,-15.66,-0.84,-28.053,0.308,13
"[-299,-200]",HR≥45/EDG≥0.0/CV≤-/μ≥0.0/TP≥50,63.53,0.0,,0.0,50.0,387,340,216,124,63.53,-8.25,-15.66,-0.84,-28.053,0.308,13
"[-299,-200]",HR≥45/EDG≥0.0/CV≤-/μ≥0.0/TP≥55,63.53,0.0,,0.0,55.0,387,340,216,124,63.53,-8.25,-15.66,-0.84,-28.053,0.308,13
"[-299,-200]",HR≥45/EDG≥0.0/CV≤-/μ≥0.0/TP≥60,63.53,0.0,,0.0,60.0,387,340,216,124,63.53,-8.25,-15.66,-0.84,-28.053,0.308,13
"[-299,-200]",HR≥45/EDG≥0.0/CV≤-/μ≥0.0/TP≥65,65.15,0.0,,0.0,65.0,272,241,157,84,65.15,-7.13,-15.74,1.48,-17.186,0.385,13
"[-299,-200]",HR≥45/EDG≥0.0/CV≤-/μ≥0.5/TP≥-,62.41,0.0,,0.5,,325,282,176,106,62.41,-10.16,-18.32,-1.99,-28.645,0.231,13
"[-299,-200]",HR≥45/EDG≥0.0/CV≤-/μ≥0.5/TP≥50,62.41,0.0,,0.5,50.0,325,282,176,106,62.41,-10.16,-18.32,-1.99,-28.645,0.231,13
"[-299,-200]",HR≥45/EDG≥0.0/CV≤-/μ≥0.5/TP≥55,62.41,0.0,,0.5,55.0,325,282,176,106,62.41,-10.16,-18.32,-1.99,-28.645,0.231,13
"[-299,-200]",HR≥45/EDG≥0.0/CV≤-/μ≥0.5/TP≥60,62.41,0.0,,0.5,60.0,325,282,176,106,62.41,-10.16,-18.32,-1.99,-28.645,0.231,13
"[-299,-200]",HR≥45/EDG≥0.0/CV≤-/μ≥0.5/TP≥65,65.02,0.0,,0.5,65.0,233,203,132,71,65.02,-7.58,-16.94,1.79,-15.379,0.308,13
"[-299,-200]",HR≥45/EDG≥0.0/CV≤-/μ≥1.0/TP≥-,61.33,0.0,,1.0,,91,75,46,29,61.33,-12.47,-28.33,3.39,-9.353,0.4,10
"[-299,-200]",HR≥45/EDG≥0.0/CV≤-/μ≥1.0/TP≥50,61.33,0.0,,1.0,50.0,91,75,46,29,61.33,-12.47,-28.33,3.39,-9.353,0.4,10
"[-299,-200]",HR≥45/EDG≥0.0/CV≤-/μ≥1.0/TP≥55,61.33,0.0,,1.0,55.0,91,75,46,29,61.33,-12.47,-28.33,3.39,-9.353,0.4,10
"[-299,-200]",HR≥45/EDG≥0.0/CV≤-/μ≥1.0/TP≥60,61.33,0.0,,1.0,60.0,91,75,46,29,61.33,-12.47,-28.33,3.39,-9.353,0.4,10
"[-299,-200]",HR≥45/EDG≥0.0/CV≤-/μ≥1.0/TP≥65,64.29,0.0,,1.0,65.0,67,56,36,20,64.29,-9.48,-27.33,8.38,-5.308,0.4,10
"[-299,-200]",HR≥45/EDG≥0.0/CV≤0.7/μ≥-/TP≥-,62.2,0.0,0.7,,,91,82,51,31,62.2,-11.51,-26.56,3.55,-9.437,0.417,12
"[-299,-200]",HR≥45/EDG≥0.0/CV≤0.7/μ≥-/TP≥50,62.2,0.0,0.7,,50.0,91,82,51,31,62.2,-11.51,-26.56,3.55,-9.437,0.417,12
"[-299,-200]",HR≥45/EDG≥0.0/CV≤0.7/μ≥-/TP≥55,62.2,0.0,0.7,,55.0,91,82,51,31,62.2,-11.51,-26.56,3.55,-9.437,0.417,12
"[-299,-200]",HR≥45/EDG≥0.0/CV≤0.7/μ≥-/TP≥60,62.2,0.0,0.7,,60.0,91,82,51,31,62.2,-11.51,-26.56,3.55,-9.437,0.417,12
"[-299,-200]",HR≥45/EDG≥0.0/CV≤0.7/μ≥-/TP≥65,63.77,0.0,0.7,,65.0,75,69,44,25,63.77,-10.04,-26.18,6.1,-6.927,0.417,12
"[-299,-200]",HR≥45/EDG≥0.0/CV≤0.7/μ≥0.0/TP≥-,62.2,0.0,0.7,0.0,,91,82,51,31,62.2,-11.51,-26.56,3.55,-9.437,0.417,12
"[-299,-200]",HR≥45/EDG≥0.0/CV≤0.7/μ≥0.0/TP≥50,62.2,0.0,0.7,0.0,50.0,91,82,51,31,62.2,-11.51,-26.56,3.55,-9.437,0.417,12
"[-299,-200]",HR≥45/EDG≥0.0/CV≤0.7/μ≥0.0/TP≥55,62.2,0.0,0.7,0.0,55.0,91,82,51,31,62.2,-11.51,-26.56,3.55,-9.437,0.417,12
"[-299,-200]",HR≥45/EDG≥0.0/CV≤0.7/μ≥0.0/TP≥60,62.2,0.0,0.7,0.0,60.0,91,82,51,31,62.2,-11.51,-26.56,3.55,-9.437,0.417,12
"[-299,-200]",HR≥45/EDG≥0.0/CV≤0.7/μ≥0.0/TP≥65,63.77,0.0,0.7,0.0,65.0,75,69,44,25,63.77,-10.04,-26.18,6.1,-6.927,0.417,12
"[-299,-200]",HR≥45/EDG≥0.0/CV≤0.7/μ≥0.5/TP≥-,63.64,0.0,0.7,0.5,,75,66,42,24,63.64,-9.83,-26.43,6.77,-6.49,0.333,12
"[-299,-200]",HR≥45/EDG≥0.0/CV≤0.7/μ≥0.5/TP≥50,63.64,0.0,0.7,0.5,50.0,75,66,42,24,63.64,-9.83,-26.43,6.77,-6.49,0.333,12
"[-299,-200]",HR≥45/EDG≥0.0/CV≤0.7/μ≥0.5/TP≥55,63.64,0.0,0.7,0.5,55.0,75,66,42,24,63.64,-9.83,-26.43,6.77,-6.49,0.333,12
"[-299,-200]",HR≥45/EDG≥0.0/CV≤0.7/μ≥0.5/TP≥60,63.64,0.0,0.7,0.5,60.0,75,66,42,24,63.64,-9.83,-26.43,6.77,-6.49,0.333,12
"[-299,-200]",HR≥45/EDG≥0.0/CV≤0.7/μ≥0.5/TP≥65,66.67,0.0,0.7,0.5,65.0,63,57,38,19,66.67,-6.11,-23.53,11.31,-3.481,0.417,12
"[-299,-200]",HR≥45/EDG≥5.0/CV≤-/μ≥-/TP≥-,61.87,5.0,,,,295,257,159,98,61.87,-10.69,-19.3,-2.09,-27.486,0.154,13
"[-299,-200]",HR≥45/EDG≥5.0/CV≤-/μ≥-/TP≥50,61.87,5.0,,,50.0,295,257,159,98,61.87,-10.69,-19.3,-2.09,-27.486,0.154,13
"[-299,-200]",HR≥45/EDG≥5.0/CV≤-/μ≥-/TP≥55,61.87,5.0,,,55.0,295,257,159,98,61.87,-10.69,-19.3,-2.09,-27.486,0.154,13
"[-299,-200]",HR≥45/EDG≥5.0/CV≤-/μ≥-/TP≥60,61.87,5.0,,,60.0,295,257,159,98,61.87,-10.69,-19.3,-2.09,-27.486,0.154,13
"[-299,-200]",HR≥45/EDG≥5.0/CV≤-/μ≥-/TP≥65,64.09,5.0,,,65.0,207,181,116,65,64.09,-8.71,-18.7,1.29,-15.756,0.231,13
"[-299,-200]",HR≥45/EDG≥5.0/CV≤-/μ≥0.0/TP≥-,61.87,5.0,,0.0,,295,257,159,98,61.87,-10.69,-19.3,-2.09,-27.486,0.154,13
"[-299,-200]",HR≥45/EDG≥5.0/CV≤-/μ≥0.0/TP≥50,61.87,5.0,,0.0,50.0,295,257,159,98,61.87,-10.69,-19.3,-2.09,-27.486,0.154,13
"[-299,-200]",HR≥45/EDG≥5.0/CV≤-/μ≥0.0/TP≥55,61.87,5.0,,0.0,55.0,295,257,159,98,61.87,-10.69,-19.3,-2.09,-27.486,0.154,13
"[-299,-200]",HR≥45/EDG≥5.0/CV≤-/μ≥0.0/TP≥60,61.87,5.0,,0.0,60.0,295,257,159,98,61.87,-10.69,-19.3,-2.09,-27.486,0.154,13
"[-299,-200]",HR≥45/EDG≥5.0/CV≤-/μ≥0.0/TP≥65,64.09,5.0,,0.0,65.0,207,181,116,65,64.09,-8.71,-18.7,1.29,-15.756,0.231,13
"[-299,-200]",HR≥45/EDG≥5.0/CV≤-/μ≥0.5/TP≥-,61.54,5.0,,0.5,,272,234,144,90,61.54,-11.36,-20.38,-2.35,-26.588,0.077,13
"[-299,-200]",HR≥45/EDG≥5.0/CV≤-/μ≥0.5/TP≥50,61.54,5.0,,0.5,50.0,272,234,144,90,61.54,-11.36,-20.38,-2.35,-26.588,0.077,13
"[-299,-200]",HR≥45/EDG≥5.0/CV≤-/μ≥0.5/TP≥55,61.54,5.0,,0.5,55.0,272,234,144,90,61.54,-11.36,-20.38,-2.35,-26.588,0.077,13
"[-299,-200]",HR≥45/EDG≥5.0/CV≤-/μ≥0.5/TP≥60,61.54,5.0,,0.5,60.0,272,234,144,90,61.54,-11.36,-20.38,-2.35,-26.588,0.077,13
"[-299,-200]",HR≥45/EDG≥5.0/CV≤-/μ≥0.5/TP≥65,64.46,5.0,,0.5,65.0,192,166,107,59,64.46,-8.37,-18.77,2.03,-13.894,0.231,13
"[-299,-200]",HR≥45/EDG≥5.0/CV≤-/μ≥1.0/TP≥-,61.33,5.0,,1.0,,91,75,46,29,61.33,-12.47,-28.33,3.39,-9.353,0.4,10
"[-299,-200]",HR≥45/EDG≥5.0/CV≤-/μ≥1.0/TP≥50,61.33,5.0,,1.0,50.0,91,75,46,29,61.33,-12.47,-28.33,3.39,-9.353,0.4,10
"[-299,-200]",HR≥45/EDG≥5.0/CV≤-/μ≥1.0/TP≥55,61.33,5.0,,1.0,55.0,91,75,46,29,61.33,-12.47,-28.33,3.39,-9.353,0.4,10
"[-299,-200]",HR≥45/EDG≥5.0/CV≤-/μ≥1.0/TP≥60,61.33,5.0,,1.0,60.0,91,75,46,29,61.33,-12.47,-28.33,3.39,-9.353,0.4,10
"[-299,-200]",HR≥45/EDG≥5.0/CV≤-/μ≥1.0/TP≥65,64.29,5.0,,1.0,65.0,67,56,36,20,64.29,-9.48,-27.33,8.38,-5.308,0.4,10
"[-299,-200]",HR≥45/EDG≥5.0/CV≤0.7/μ≥-/TP≥-,61.43,5.0,0.7,,,79,70,43,27,61.43,-12.5,-28.89,3.89,-8.748,0.25,12
"[-299,-200]",HR≥45/EDG≥5.0/CV≤0.7/μ≥-/TP≥50,61.43,5.0,0.7,,50.0,79,70,43,27,61.43,-12.5,-28.89,3.89,-8.748,0.25,12
"[-299,-200]",HR≥45/EDG≥5.0/CV≤0.7/μ≥-/TP≥55,61.43,5.0,0.7,,55.0,79,70,43,27,61.43,-12.5,-28.89,3.89,-8.748,0.25,12
"[-299,-200]",HR≥45/EDG≥5.0/CV≤0.7/μ≥-/TP≥60,61.43,5.0,0.7,,60.0,79,70,43,27,61.43,-12.5,-28.89,3.89,-8.748,0.25,12
"[-299,-200]",HR≥45/EDG≥5.0/CV≤0.7/μ≥-/TP≥65,63.79,5.0,0.7,,65.0,64,58,37,21,63.79,-9.89,-27.54,7.76,-5.738,0.417,12
"[-299,-200]",HR≥45/EDG≥5.0/CV≤0.7/μ≥0.0/TP≥-,61.43,5.0,0.7,0.0,,79,70,43,27,61.43,-12.5,-28.89,3.89,-8.748,0.25,12
"[-299,-200]",HR≥45/EDG≥5.0/CV≤0.7/μ≥0.0/TP≥50,61.43,5.0,0.7,0.0,50.0,79,70,43,27,61.43,-12.5,-28.89,3.89,-8.748,0.25,12
"[-299,-200]",HR≥45/EDG≥5.0/CV≤0.7/μ≥0.0/TP≥55,61.43,5.0,0.7,0.0,55.0,79,70,43,27,61.43,-12.5,-28.89,3.89,-8.748,0.25,12
"[-299,-200]",HR≥45/EDG≥5.0/CV≤0.7/μ≥0.0/TP≥60,61.43,5.0,0.7,0.0,60.0,79,70,43,27,61.43,-12.5,-28.89,3.89,-8.748,0.25,12
"[-299,-200]",HR≥45/EDG≥5.0/CV≤0.7/μ≥0.0/TP≥65,63.79,5.0,0.7,0.0,65.0,64,58,37,21,63.79,-9.89,-27.54,7.76,-5.738,0.417,12
"[-299,-200]",HR≥45/EDG≥5.0/CV≤0.7/μ≥0.5/TP≥-,61.9,5.0,0.7,0.5,,72,63,39,24,61.9,-12.16,-29.34,5.03,-7.659,0.25,12
"[-299,-200]",HR≥45/EDG≥5.0/CV≤0.7/μ≥0.5/TP≥50,61.9,5.0,0.7,0.5,50.0,72,63,39,24,61.9,-12.16,-29.34,5.03,-7.659,0.25,12
"[-299,-200]",HR≥45/EDG≥5.0/CV≤0.7/μ≥0.5/TP≥55,61.9,5.0,0.7,0.5,55.0,72,63,39,24,61.9,-12.16,-29.34,5.03,-7.659,0.25,12
"[-299,-200]",HR≥45/EDG≥5.0/CV≤0.7/μ≥0.5/TP≥60,61.9,5.0,0.7,0.5,60.0,72,63,39,24,61.9,-12.16,-29.34,5.03,-7.659,0.25,12
"[-299,-200]",HR≥45/EDG≥5.0/CV≤0.7/μ≥0.5/TP≥65,64.81,5.0,0.7,0.5,65.0,60,54,35,19,64.81,-8.61,-26.77,9.55,-4.649,0.417,12
"[-299,-200]",HR≥45/EDG≥10.0/CV≤-/μ≥-/TP≥-,61.58,10.0,,,,220,190,117,73,61.58,-10.85,-20.91,-0.8,-20.624,0.154,13
"[-299,-200]",HR≥45/EDG≥10.0/CV≤-/μ≥-/TP≥50,61.58,10.0,,,50.0,220,190,117,73,61.58,-10.85,-20.91,-0.8,-20.624,0.154,13
"[-299,-200]",HR≥45/EDG≥10.0/CV≤-/μ≥-/TP≥55,61.58,10.0,,,55.0,220,190,117,73,61.58,-10.85,-20.91,-0.8,-20.624,0.154,13
"[-299,-200]",HR≥45/EDG≥10.0/CV≤-/μ≥-/TP≥60,61.58,10.0,,,60.0,220,190,117,73,61.58,-10.85,-20.91,-0.8,-20.624,0.154,13
"[-299,-200]",HR≥45/EDG≥10.0/CV≤-/μ≥-/TP≥65,64.06,10.0,,,65.0,147,128,82,46,64.06,-8.57,-20.5,3.35,-10.976,0.231,13
"[-299,-200]",HR≥45/EDG≥10.0/CV≤-/μ≥0.0/TP≥-,61.58,10.0,,0.0,,220,190,117,73,61.58,-10.85,-20.91,-0.8,-20.624,0.154,13
"[-299,-200]",HR≥45/EDG≥10.0/CV≤-/μ≥0.0/TP≥50,61.58,10.0,,0.0,50.0,220,190,117,73,61.58,-10.85,-20.91,-0.8,-20.624,0.154,13
"[-299,-200]",HR≥45/EDG≥10.0/CV≤-/μ≥0.0/TP≥55,61.58,10.0,,0.0,55.0,220,190,117,73,61.58,-10.85,-20.91,-0.8,-20.624,0.154,13
"[-299,-200]",HR≥45/EDG≥10.0/CV≤-/μ≥0.0/TP≥60,61.58,10.0,,0.0,60.0,220,190,117,73,61.58,-10.85,-20.91,-0.8,-20.624,0.154,13
"[-299,-200]",HR≥45/EDG≥10.0/CV≤-/μ≥0.0/TP≥65,64.06,10.0,,0.0,65.0,147,128,82,46,64.06,-8.57,-20.5,3.35,-10.976,0.231,13
"[-299,-200]",HR≥45/EDG≥10.0/CV≤-/μ≥0.5/TP≥-,60.22,10.0,,0.5,,211,181,109,72,60.22,-12.91,-23.26,-2.55,-23.361,0.154,13
"[-299,-200]",HR≥45/EDG≥10.0/CV≤-/μ≥0.5/TP≥50,60.22,10.0,,0.5,50.0,211,181,109,72,60.22,-12.91,-23.26,-2.55,-23.361,0.154,13
"[-299,-200]",HR≥45/EDG≥10.0/CV≤-/μ≥0.5/TP≥55,60.22,10.0,,0.5,55.0,211,181,109,72,60.22,-12.91,-23.26,-2.55,-23.361,0.154,13
"[-299,-200]",HR≥45/EDG≥10.0/CV≤-/μ≥0.5/TP≥60,60.22,10.0,,0.5,60.0,211,181,109,72,60.22,-12.91,-23.26,-2.55,-23.361,0.154,13
"[-299,-200]",HR≥45/EDG≥10.0/CV≤-/μ≥0.5/TP≥65,62.6,10.0,,0.5,65.0,142,123,77,46,62.6,-10.76,-23.02,1.49,-13.236,0.231,13
"[-299,-200]",HR≥45/EDG≥10.0/CV≤-/μ≥1.0/TP≥-,60.81,10.0,,1.0,,90,74,45,29,60.81,-13.1,-29.13,2.93,-9.692,0.4,10
"[-299,-200]",HR≥45/EDG≥10.0/CV≤-/μ≥1.0/TP≥50,60.81,10.0,,1.0,50.0,90,74,45,29,60.81,-13.1,-29.13,2.93,-9.692,0.4,10
"[-299,-200]",HR≥45/EDG≥10.0/CV≤-/μ≥1.0/TP≥55,60.81,10.0,,1.0,55.0,90,74,45,29,60.81,-13.1,-29.13,2.93,-9.692,0.4,10
"[-299,-200]",HR≥45/EDG≥10.0/CV≤-/μ≥1.0/TP≥60,60.81,10.0,,1.0,60.0,90,74,45,29,60.81,-13.1,-29.13,2.93,-9.692,0.4,10
"[-299,-200]",HR≥45/EDG≥10.0/CV≤-/μ≥1.0/TP≥65,63.64,10.0,,1.0,65.0,66,55,35,20,63.64,-10.27,-28.38,7.85,-5.646,0.4,10
"[-299,-200]",HR≥45/EDG≥10.0/CV≤0.7/μ≥-/TP≥-,64.41,10.0,0.7,,,67,59,38,21,64.41,-8.32,-25.89,9.26,-4.908,0.25,12
"[-299,-200]",HR≥45/EDG≥10.0/CV≤0.7/μ≥-/TP≥50,64.41,10.0,0.7,,50.0,67,59,38,21,64.41,-8.32,-25.89,9.26,-4.908,0.25,12
"[-299,-200]",HR≥45/EDG≥10.0/CV≤0.7/μ≥-/TP≥55,64.41,10.0,0.7,,55.0,67,59,38,21,64.41,-8.32,-25.89,9.26,-4.908,0.25,12
"[-299,-200]",HR≥45/EDG≥10.0/CV≤0.7/μ≥-/TP≥60,64.41,10.0,0.7,,60.0,67,59,38,21,64.41,-8.32,-25.89,9.26,-4.908,0.25,12
"[-299,-200]",HR≥45/EDG≥10.0/CV≤0.7/μ≥-/TP≥65,66.0,10.0,0.7,,65.0,55,50,33,17,66.0,-6.8,-25.56,11.97,-3.398,0.417,12
"[-299,-200]",HR≥45/EDG≥10.0/CV≤0.7/μ≥0.0/TP≥-,64.41,10.0,0.7,0.0,,67,59,38,21,64.41,-8.32,-25.89,9.26,-4.908,0.25,12
"[-299,-200]",HR≥45/EDG≥10.0/CV≤0.7/μ≥0.0/TP≥50,64.41,10.0,0.7,0.0,50.0,67,59,38,21,64.41,-8.32,-25.89,9.26,-4.908,0.25,12
"[-299,-200]",HR≥45/EDG≥10.0/CV≤0.7/μ≥0.0/TP≥55,64.41,10.0,0.7,0.0,55.0,67,59,38,21,64.41,-8.32,-25.89,9.26,-4.908,0.25,12
"[-299,-200]",HR≥45/EDG≥10.0/CV≤0.7/μ≥0.0/TP≥60,64.41,10.0,0.7,0.0,60.0,67,59,38,21,64.41,-8.32,-25.89,9.26,-4.908,0.25,12
"[-299,-200]",HR≥45/EDG≥10.0/CV≤0.7/μ≥0.0/TP≥65,66.0,10.0,0.7,0.0,65.0,55,50,33,17,66.0,-6.8,-25.56,11.97,-3.398,0.417,12
"[-299,-200]",HR≥45/EDG≥10.0/CV≤0.7/μ≥0.5/TP≥-,62.5,10.0,0.7,0.5,,64,56,35,21,62.5,-11.28,-29.48,6.91,-6.319,0.182,11
"[-299,-200]",HR≥45/EDG≥10.0/CV≤0.7/μ≥0.5/TP≥50,62.5,10.0,0.7,0.5,50.0,64,56,35,21,62.5,-11.28,-29.48,6.91,-6.319,0.182,11
"[-299,-200]",HR≥45/EDG≥10.0/CV≤0.7/μ≥0.5/TP≥55,62.5,10.0,0.7,0.5,55.0,64,56,35,21,62.5,-11.28,-29.48,6.91,-6.319,0.182,11
"[-299,-200]",HR≥45/EDG≥10.0/CV≤0.7/μ≥0.5/TP≥60,62.5,10.0,0.7,0.5,60.0,64,56,35,21,62.5,-11.28,-29.48,6.91,-6.319,0.182,11
"[-299,-200]",HR≥45/EDG≥10.0/CV≤0.7/μ≥0.5/TP≥65,64.58,10.0,0.7,0.5,65.0,53,48,31,17,64.58,-8.98,-28.28,10.32,-4.309,0.364,11
"[-299,-200]",HR≥50/EDG≥-/CV≤-/μ≥-/TP≥-,59.08,,,,,655,584,345,239,59.08,-14.78,-20.54,-9.01,-86.306,0.0,13
"[-299,-200]",HR≥50/EDG≥-/CV≤-/μ≥-/TP≥50,59.11,,,,50.0,653,582,344,238,59.11,-14.72,-20.5,-8.94,-85.67,0.0,13
"[-299,-200]",HR≥50/EDG≥-/CV≤-/μ≥-/TP≥55,59.14,,,,55.0,650,580,343,237,59.14,-14.66,-20.45,-8.88,-85.055,0.0,13
"[-299,-200]",HR≥50/EDG≥-/CV≤-/μ≥-/TP≥60,59.27,,,,60.0,645,577,342,235,59.27,-14.46,-20.26,-8.67,-83.455,0.0,13
"[-299,-200]",HR≥50/EDG≥-/CV≤-/μ≥-/TP≥65,60.87,,,,65.0,458,414,252,162,60.87,-13.2,-19.92,-6.49,-54.668,0.308,13
"[-299,-200]",HR≥50/EDG≥-/CV≤-/μ≥0.0/TP≥-,59.15,,,0.0,,639,568,336,232,59.15,-14.66,-20.5,-8.81,-83.241,0.0,13
"[-299,-200]",HR≥50/EDG≥-/CV≤-/μ≥0.0/TP≥50,59.15,,,0.0,50.0,639,568,336,232,59.15,-14.66,-20.5,-8.81,-83.241,0.0,13
"[-299,-200]",HR≥50/EDG≥-/CV≤-/μ≥0.0/TP≥55,59.19,,,0.0,55.0,636,566,335,231,59.19,-14.6,-20.45,-8.74,-82.626,0.0,13
"[-299,-200]",HR≥50/EDG≥-/CV≤-/μ≥0.0/TP≥60,59.33,,,0.0,60.0,631,563,334,229,59.33,-14.39,-20.26,-8.52,-81.026,0.0,13
"[-299,-200]",HR≥50/EDG≥-/CV≤-/μ≥0.0/TP≥65,60.89,,,0.0,65.0,448,404,246,158,60.89,-13.19,-19.99,-6.39,-53.285,0.308,13
"[-299,-200]",HR≥50/EDG≥-/CV≤-/μ≥0.5/TP≥-,61.95,,,0.5,,339,297,184,113,61.95,-10.96,-18.92,-3.0,-32.544,0.0,13
"[-299,-200]",HR≥50/EDG≥-/CV≤-/μ≥0.5/TP≥50,61.95,,,0.5,50.0,339,297,184,113,61.95,-10.96,-18.92,-3.0,-32.544,0.0,13
"[-299,-200]",HR≥50/EDG≥-/CV≤-/μ≥0.5/TP≥55,61.95,,,0.5,55.0,339,297,184,113,61.95,-10.96,-18.92,-3.0,-32.544,0.0,13
"[-299,-200]",HR≥50/EDG≥-/CV≤-/μ≥0.5/TP≥60,61.95,,,0.5,60.0,339,297,184,113,61.95,-10.96,-18.92,-3.0,-32.544,0.0,13
"[-299,-200]",HR≥50/EDG≥-/CV≤-/μ≥0.5/TP≥65,64.38,,,0.5,65.0,248,219,141,78,64.38,-8.57,-17.61,0.47,-18.778,0.308,13
"[-299,-200]",HR≥50/EDG≥-/CV≤-/μ≥1.0/TP≥-,60.81,,,1.0,,89,74,45,29,60.81,-13.31,-29.31,2.68,-9.853,0.4,10
"[-299,-200]",HR≥50/EDG≥-/CV≤-/μ≥1.0/TP≥50,60.81,,,1.0,50.0,89,74,45,29,60.81,-13.31,-29.31,2.68,-9.853,0.4,10
"[-299,-200]",HR≥50/EDG≥-/CV≤-/μ≥1.0/TP≥55,60.81,,,1.0,55.0,89,74,45,29,60.81,-13.31,-29.31,2.68,-9.853,0.4,10
"[-299,-200]",HR≥50/EDG≥-/CV≤-/μ≥1.0/TP≥60,60.81,,,1.0,60.0,89,74,45,29,60.81,-13.31,-29.31,2.68,-9.853,0.4,10
"[-299,-200]",HR≥50/EDG≥-/CV≤-/μ≥1.0/TP≥65,64.29,,,1.0,65.0,66,56,36,20,64.29,-9.48,-27.33,8.38,-5.308,0.4,10
"[-299,-200]",HR≥50/EDG≥-/CV≤0.7/μ≥-/TP≥-,59.82,,0.7,,,128,112,67,45,59.82,-14.85,-27.85,-1.85,-16.636,0.25,12
"[-299,-200]",HR≥50/EDG≥-/CV≤0.7/μ≥-/TP≥50,59.82,,0.7,,50.0,128,112,67,45,59.82,-14.85,-27.85,-1.85,-16.636,0.25,12
"[-299,-200]",HR≥50/EDG≥-/CV≤0.7/μ≥-/TP≥55,59.82,,0.7,,55.0,127,112,67,45,59.82,-14.85,-27.85,-1.85,-16.636,0.25,12
"[-299,-200]",HR≥50/EDG≥-/CV≤0.7/μ≥-/TP≥60,60.36,,0.7,,60.0,126,111,67,44,60.36,-14.09,-27.12,-1.06,-15.636,0.25,12
"[-299,-200]",HR≥50/EDG≥-/CV≤0.7/μ≥-/TP≥65,63.83,,0.7,,65.0,105,94,60,34,63.83,-9.71,-23.54,4.12,-9.126,0.417,12
"[-299,-200]",HR≥50/EDG≥-/CV≤0.7/μ≥0.0/TP≥-,59.63,,0.7,0.0,,125,109,65,44,59.63,-15.13,-28.32,-1.94,-16.487,0.25,12
"[-299,-200]",HR≥50/EDG≥-/CV≤0.7/μ≥0.0/TP≥50,59.63,,0.7,0.0,50.0,125,109,65,44,59.63,-15.13,-28.32,-1.94,-16.487,0.25,12
"[-299,-200]",HR≥50/EDG≥-/CV≤0.7/μ≥0.0/TP≥55,59.63,,0.7,0.0,55.0,124,109,65,44,59.63,-15.13,-28.32,-1.94,-16.487,0.25,12
"[-299,-200]",HR≥50/EDG≥-/CV≤0.7/μ≥0.0/TP≥60,60.19,,0.7,0.0,60.0,123,108,65,43,60.19,-14.34,-27.56,-1.12,-15.487,0.25,12
"[-299,-200]",HR≥50/EDG≥-/CV≤0.7/μ≥0.0/TP≥65,63.74,,0.7,0.0,65.0,102,91,58,33,63.74,-9.87,-23.93,4.2,-8.978,0.417,12
"[-299,-200]",HR≥50/EDG≥-/CV≤0.7/μ≥0.5/TP≥-,63.64,,0.7,0.5,,75,66,42,24,63.64,-9.83,-26.43,6.77,-6.49,0.333,12
"[-299,-200]",HR≥50/EDG≥-/CV≤0.7/μ≥0.5/TP≥50,63.64,,0.7,0.5,50.0,75,66,42,24,63.64,-9.83,-26.43,6.77,-6.49,0.333,12
"[-299,-200]",HR≥50/EDG≥-/CV≤0.7/μ≥0.5/TP≥55,63.64,,0.7,0.5,55.0,75,66,42,24,63.64,-9.83,-26.43,6.77,-6.49,0.333,12
"[-299,-200]",HR≥50/EDG≥-/CV≤0.7/μ≥0.5/TP≥60,63.64,,0.7,0.5,60.0,75,66,42,24,63.64,-9.83,-26.43,6.77,-6.49,0.333,12
"[-299,-200]",HR≥50/EDG≥-/CV≤0.7/μ≥0.5/TP≥65,66.67,,0.7,0.5,65.0,63,57,38,19,66.67,-6.11,-23.53,11.31,-3.481,0.417,12
"[-299,-200]",HR≥50/EDG≥-/CV≤0.6/μ≥-/TP≥-,60.0,,0.6,,,40,35,21,14,60.0,-14.14,-37.74,9.46,-4.949,0.417,12
"[-299,-200]",HR≥50/EDG≥-/CV≤0.6/μ≥-/TP≥50,60.0,,0.6,,50.0,40,35,21,14,60.0,-14.14,-37.74,9.46,-4.949,0.417,12
"[-299,-200]",HR≥50/EDG≥-/CV≤0.6/μ≥-/TP≥55,60.0,,0.6,,55.0,40,35,21,14,60.0,-14.14,-37.74,9.46,-4.949,0.417,12
"[-299,-200]",HR≥50/EDG≥-/CV≤0.6/μ≥-/TP≥60,61.76,,0.6,,60.0,39,34,21,13,61.76,-11.61,-35.38,12.15,-3.949,0.417,12
"[-299,-200]",HR≥50/EDG≥-/CV≤0.6/μ≥0.0/TP≥-,60.0,,0.6,0.0,,40,35,21,14,60.0,-14.14,-37.74,9.46,-4.949,0.417,12
"[-299,-200]",HR≥50/EDG≥-/CV≤0.6/μ≥0.0/TP≥50,60.0,,0.6,0.0,50.0,40,35,21,14,60.0,-14.14,-37.74,9.46,-4.949,0.417,12
"[-299,-200]",HR≥50/EDG≥-/CV≤0.6/μ≥0.0/TP≥55,60.0,,0.6,0.0,55.0,40,35,21,14,60.0,-14.14,-37.74,9.46,-4.949,0.417,12
"[-299,-200]",HR≥50/EDG≥-/CV≤0.6/μ≥0.0/TP≥60,61.76,,0.6,0.0,60.0,39,34,21,13,61.76,-11.61,-35.38,12.15,-3.949,0.417,12
"[-299,-200]",HR≥50/EDG≥-5.0/CV≤-/μ≥-/TP≥-,60.47,-5.0,,,,474,425,257,168,60.47,-12.72,-19.45,-5.99,-54.065,0.154,13
"[-299,-200]",HR≥50/EDG≥-5.0/CV≤-/μ≥-/TP≥50,60.47,-5.0,,,50.0,474,425,257,168,60.47,-12.72,-19.45,-5.99,-54.065,0.154,13
"[-299,-200]",HR≥50/EDG≥-5.0/CV≤-/μ≥-/TP≥55,60.47,-5.0,,,55.0,474,425,257,168,60.47,-12.72,-19.45,-5.99,-54.065,0.154,13
"[-299,-200]",HR≥50/EDG≥-5.0/CV≤-/μ≥-/TP≥60,60.47,-5.0,,,60.0,474,425,257,168,60.47,-12.72,-19.45,-5.99,-54.065,0.154,13
"[-299,-200]",HR≥50/EDG≥-5.0/CV≤-/μ≥-/TP≥65,62.3,-5.0,,,65.0,338,305,190,115,62.3,-11.2,-18.97,-3.42,-34.154,0.308,13
"[-299,-200]",HR≥50/EDG≥-5.0/CV≤-/μ≥0.0/TP≥-,60.47,-5.0,,0.0,,474,425,257,168,60.47,-12.72,-19.45,-5.99,-54.065,0.154,13
"[-299,-200]",HR≥50/EDG≥-5.0/CV≤-/μ≥0.0/TP≥50,60.47,-5.0,,0.0,50.0,474,425,257,168,60.47,-12.72,-19.45,-5.99,-54.065,0.154,13
"[-299,-200]",HR≥50/EDG≥-5.0/CV≤-/μ≥0.0/TP≥55,60.47,-5.0,,0.0,55.0,474,425,257,168,60.47,-12.72,-19.45,-5.99,-54.065,0.154,13
"[-299,-200]",HR≥50/EDG≥-5.0/CV≤-/μ≥0.0/TP≥60,60.47,-5.0,,0.0,60.0,474,425,257,168,60.47,-12.72,-19.45,-5.99,-54.065,0.154,13
"[-299,-200]",HR≥50/EDG≥-5.0/CV≤-/μ≥0.0/TP≥65,62.3,-5.0,,0.0,65.0,338,305,190,115,62.3,-11.2,-18.97,-3.42,-34.154,0.308,13
"[-299,-200]",HR≥50/EDG≥-5.0/CV≤-/μ≥0.5/TP≥-,61.95,-5.0,,0.5,,339,297,184,113,61.95,-10.96,-18.92,-3.0,-32.544,0.0,13
"[-299,-200]",HR≥50/EDG≥-5.0/CV≤-/μ≥0.5/TP≥50,61.95,-5.0,,0.5,50.0,339,297,184,113,61.95,-10.96,-18.92,-3.0,-32.544,0.0,13
"[-299,-200]",HR≥50/EDG≥-5.0/CV≤-/μ≥0.5/TP≥55,61.95,-5.0,,0.5,55.0,339,297,184,113,61.95,-10.96,-18.92,-3.0,-32.544,0.0,13
"[-299,-200]",HR≥50/EDG≥-5.0/CV≤-/μ≥0.5/TP≥60,61.95,-5.0,,0.5,60.0,339,297,184,113,61.95,-10.96,-18.92,-3.0,-32.544,0.0,13
"[-299,-200]",HR≥50/EDG≥-5.0/CV≤-/μ≥0.5/TP≥65,64.38,-5.0,,0.5,65.0,248,219,141,78,64.38,-8.57,-17.61,0.47,-18.778,0.308,13
"[-299,-200]",HR≥50/EDG≥-5.0/CV≤-/μ≥1.0/TP≥-,60.81,-5.0,,1.0,,89,74,45,29,60.81,-13.31,-29.31,2.68,-9.853,0.4,10
"[-299,-200]",HR≥50/EDG≥-5.0/CV≤-/μ≥1.0/TP≥50,60.81,-5.0,,1.0,50.0,89,74,45,29,60.81,-13.31,-29.31,2.68,-9.853,0.4,10
"[-299,-200]",HR≥50/EDG≥-5.0/CV≤-/μ≥1.0/TP≥55,60.81,-5.0,,1.0,55.0,89,74,45,29,60.81,-13.31,-29.31,2.68,-9.853,0.4,10
"[-299,-200]",HR≥50/EDG≥-5.0/CV≤-/μ≥1.0/TP≥60,60.81,-5.0,,1.0,60.0,89,74,45,29,60.81,-13.31,-29.31,2.68,-9.853,0.4,10
"[-299,-200]",HR≥50/EDG≥-5.0/CV≤-/μ≥1.0/TP≥65,64.29,-5.0,,1.0,65.0,66,56,36,20,64.29,-9.48,-27.33,8.38,-5.308,0.4,10
"[-299,-200]",HR≥50/EDG≥-5.0/CV≤0.7/μ≥-/TP≥-,60.0,-5.0,0.7,,,107,95,57,38,60.0,-14.56,-28.69,-0.44,-13.834,0.25,12
"[-299,-200]",HR≥50/EDG≥-5.0/CV≤0.7/μ≥-/TP≥50,60.0,-5.0,0.7,,50.0,107,95,57,38,60.0,-14.56,-28.69,-0.44,-13.834,0.25,12
"[-299,-200]",HR≥50/EDG≥-5.0/CV≤0.7/μ≥-/TP≥55,60.0,-5.0,0.7,,55.0,107,95,57,38,60.0,-14.56,-28.69,-0.44,-13.834,0.25,12
"[-299,-200]",HR≥50/EDG≥-5.0/CV≤0.7/μ≥-/TP≥60,60.0,-5.0,0.7,,60.0,107,95,57,38,60.0,-14.56,-28.69,-0.44,-13.834,0.25,12
"[-299,-200]",HR≥50/EDG≥-5.0/CV≤0.7/μ≥-/TP≥65,63.29,-5.0,0.7,,65.0,87,79,50,29,63.29,-10.54,-25.68,4.61,-8.324,0.417,12
"[-299,-200]",HR≥50/EDG≥-5.0/CV≤0.7/μ≥0.0/TP≥-,60.0,-5.0,0.7,0.0,,107,95,57,38,60.0,-14.56,-28.69,-0.44,-13.834,0.25,12
"[-299,-200]",HR≥50/EDG≥-5.0/CV≤0.7/μ≥0.0/TP≥50,60.0,-5.0,0.7,0.0,50.0,107,95,57,38,60.0,-14.56,-28.69,-0.44,-13.834,0.25,12
"[-299,-200]",HR≥50/EDG≥-5.0/CV≤0.7/μ≥0.0/TP≥55,60.0,-5.0,0.7,0.0,55.0,107,95,57,38,60.0,-14.56,-28.69,-0.44,-13.834,0.25,12
"[-299,-200]",HR≥50/EDG≥-5.0/CV≤0.7/μ≥0.0/TP≥60,60.0,-5.0,0.7,0.0,60.0,107,95,57,38,60.0,-14.56,-28.69,-0.44,-13.834,0.25,12
"[-299,-200]",HR≥50/EDG≥-5.0/CV≤0.7/μ≥0.0/TP≥65,63.29,-5.0,0.7,0.0,65.0,87,79,50,29,63.29,-10.54,-25.68,4.61,-8.324,0.417,12
"[-299,-200]",HR≥50/EDG≥-5.0/CV≤0.7/μ≥0.5/TP≥-,63.64,-5.0,0.7,0.5,,75,66,42,24,63.64,-9.83,-26.43,6.77,-6.49,0.333,12
"[-299,-200]",HR≥50/EDG≥-5.0/CV≤0.7/μ≥0.5/TP≥50,63.64,-5.0,0.7,0.5,50.0,75,66,42,24,63.64,-9.83,-26.43,6.77,-6.49,0.333,12
"[-299,-200]",HR≥50/EDG≥-5.0/CV≤0.7/μ≥0.5/TP≥55,63.64,-5.0,0.7,0.5,55.0,75,66,42,24,63.64,-9.83,-26.43,6.77,-6.49,0.333,12
"[-299,-200]",HR≥50/EDG≥-5.0/CV≤0.7/μ≥0.5/TP≥60,63.64,-5.0,0.7,0.5,60.0,75,66,42,24,63.64,-9.83,-26.43,6.77,-6.49,0.333,12
"[-299,-200]",HR≥50/EDG≥-5.0/CV≤0.7/μ≥0.5/TP≥65,66.67,-5.0,0.7,0.5,65.0,63,57,38,19,66.67,-6.11,-23.53,11.31,-3.481,0.417,12
"[-299,-200]",HR≥50/EDG≥-5.0/CV≤0.6/μ≥-/TP≥-,65.62,-5.0,0.6,,,36,32,21,11,65.62,-6.09,-30.06,17.88,-1.949,0.417,12
"[-299,-200]",HR≥50/EDG≥-5.0/CV≤0.6/μ≥-/TP≥50,65.62,-5.0,0.6,,50.0,36,32,21,11,65.62,-6.09,-30.06,17.88,-1.949,0.417,12
"[-299,-200]",HR≥50/EDG≥-5.0/CV≤0.6/μ≥-/TP≥55,65.62,-5.0,0.6,,55.0,36,32,21,11,65.62,-6.09,-30.06,17.88,-1.949,0.417,12
"[-299,-200]",HR≥50/EDG≥-5.0/CV≤0.6/μ≥-/TP≥60,65.62,-5.0,0.6,,60.0,36,32,21,11,65.62,-6.09,-30.06,17.88,-1.949,0.417,12
"[-299,-200]",HR≥50/EDG≥-5.0/CV≤0.6/μ≥0.0/TP≥-,65.62,-5.0,0.6,0.0,,36,32,21,11,65.62,-6.09,-30.06,17.88,-1.949,0.417,12
"[-299,-200]",HR≥50/EDG≥-5.0/CV≤0.6/μ≥0.0/TP≥50,65.62,-5.0,0.6,0.0,50.0,36,32,21,11,65.62,-6.09,-30.06,17.88,-1.949,0.417,12
"[-299,-200]",HR≥50/EDG≥-5.0/CV≤0.6/μ≥0.0/TP≥55,65.62,-5.0,0.6,0.0,55.0,36,32,21,11,65.62,-6.09,-30.06,17.88,-1.949,0.417,12
"[-299,-200]",HR≥50/EDG≥-5.0/CV≤0.6/μ≥0.0/TP≥60,65.62,-5.0,0.6,0.0,60.0,36,32,21,11,65.62,-6.09,-30.06,17.88,-1.949,0.417,12
"[-299,-200]",HR≥50/EDG≥0.0/CV≤-/μ≥-/TP≥-,63.2,0.0,,,,382,337,213,124,63.2,-8.77,-16.22,-1.31,-29.553,0.308,13
"[-299,-200]",HR≥50/EDG≥0.0/CV≤-/μ≥-/TP≥50,63.2,0.0,,,50.0,382,337,213,124,63.2,-8.77,-16.22,-1.31,-29.553,0.308,13
"[-299,-200]",HR≥50/EDG≥0.0/CV≤-/μ≥-/TP≥55,63.2,0.0,,,55.0,382,337,213,124,63.2,-8.77,-16.22,-1.31,-29.553,0.308,13
"[-299,-200]",HR≥50/EDG≥0.0/CV≤-/μ≥-/TP≥60,63.2,0.0,,,60.0,382,337,213,124,63.2,-8.77,-16.22,-1.31,-29.553,0.308,13
"[-299,-200]",HR≥50/EDG≥0.0/CV≤-/μ≥-/TP≥65,65.0,0.0,,,65.0,270,240,156,84,65.0,-7.37,-16.0,1.26,-17.686,0.385,13
"[-299,-200]",HR≥50/EDG≥0.0/CV≤-/μ≥0.0/TP≥-,63.2,0.0,,0.0,,382,337,213,124,63.2,-8.77,-16.22,-1.31,-29.553,0.308,13
"[-299,-200]",HR≥50/EDG≥0.0/CV≤-/μ≥0.0/TP≥50,63.2,0.0,,0.0,50.0,382,337,213,124,63.2,-8.77,-16.22,-1.31,-29.553,0.308,13
"[-299,-200]",HR≥50/EDG≥0.0/CV≤-/μ≥0.0/TP≥55,63.2,0.0,,0.0,55.0,382,337,213,124,63.2,-8.77,-16.22,-1.31,-29.553,0.308,13
"[-299,-200]",HR≥50/EDG≥0.0/CV≤-/μ≥0.0/TP≥60,63.2,0.0,,0.0,60.0,382,337,213,124,63.2,-8.77,-16.22,-1.31,-29.553,0.308,13
"[-299,-200]",HR≥50/EDG≥0.0/CV≤-/μ≥0.0/TP≥65,65.0,0.0,,0.0,65.0,270,240,156,84,65.0,-7.37,-16.0,1.26,-17.686,0.385,13
"[-299,-200]",HR≥50/EDG≥0.0/CV≤-/μ≥0.5/TP≥-,62.01,0.0,,0.5,,321,279,173,106,62.01,-10.8,-19.03,-2.58,-30.145,0.154,13
"[-299,-200]",HR≥50/EDG≥0.0/CV≤-/μ≥0.5/TP≥50,62.01,0.0,,0.5,50.0,321,279,173,106,62.01,-10.8,-19.03,-2.58,-30.145,0.154,13
"[-299,-200]",HR≥50/EDG≥0.0/CV≤-/μ≥0.5/TP≥55,62.01,0.0,,0.5,55.0,321,279,173,106,62.01,-10.8,-19.03,-2.58,-30.145,0.154,13
"[-299,-200]",HR≥50/EDG≥0.0/CV≤-/μ≥0.5/TP≥60,62.01,0.0,,0.5,60.0,321,279,173,106,62.01,-10.8,-19.03,-2.58,-30.145,0.154,13
"[-299,-200]",HR≥50/EDG≥0.0/CV≤-/μ≥0.5/TP≥65,64.85,0.0,,0.5,65.0,231,202,131,71,64.85,-7.86,-17.25,1.53,-15.879,0.308,13
"[-299,-200]",HR≥50/EDG≥0.0/CV≤-/μ≥1.0/TP≥-,60.81,0.0,,1.0,,89,74,45,29,60.81,-13.31,-29.31,2.68,-9.853,0.4,10
"[-299,-200]",HR≥50/EDG≥0.0/CV≤-/μ≥1.0/TP≥50,60.81,0.0,,1.0,50.0,89,74,45,29,60.81,-13.31,-29.31,2.68,-9.853,0.4,10
"[-299,-200]",HR≥50/EDG≥0.0/CV≤-/μ≥1.0/TP≥55,60.81,0.0,,1.0,55.0,89,74,45,29,60.81,-13.31,-29.31,2.68,-9.853,0.4,10
"[-299,-200]",HR≥50/EDG≥0.0/CV≤-/μ≥1.0/TP≥60,60.81,0.0,,1.0,60.0,89,74,45,29,60.81,-13.31,-29.31,2.68,-9.853,0.4,10
"[-299,-200]",HR≥50/EDG≥0.0/CV≤-/μ≥1.0/TP≥65,64.29,0.0,,1.0,65.0,66,56,36,20,64.29,-9.48,-27.33,8.38,-5.308,0.4,10
"[-299,-200]",HR≥50/EDG≥0.0/CV≤0.7/μ≥-/TP≥-,62.2,0.0,0.7,,,91,82,51,31,62.2,-11.51,-26.56,3.55,-9.437,0.417,12
"[-299,-200]",HR≥50/EDG≥0.0/CV≤0.7/μ≥-/TP≥50,62.2,0.0,0.7,,50.0,91,82,51,31,62.2,-11.51,-26.56,3.55,-9.437,0.417,12
"[-299,-200]",HR≥50/EDG≥0.0/CV≤0.7/μ≥-/TP≥55,62.2,0.0,0.7,,55.0,91,82,51,31,62.2,-11.51,-26.56,3.55,-9.437,0.417,12
"[-299,-200]",HR≥50/EDG≥0.0/CV≤0.7/μ≥-/TP≥60,62.2,0.0,0.7,,60.0,91,82,51,31,62.2,-11.51,-26.56,3.55,-9.437,0.417,12
"[-299,-200]",HR≥50/EDG≥0.0/CV≤0.7/μ≥-/TP≥65,63.77,0.0,0.7,,65.0,75,69,44,25,63.77,-10.04,-26.18,6.1,-6.927,0.417,12
"[-299,-200]",HR≥50/EDG≥0.0/CV≤0.7/μ≥0.0/TP≥-,62.2,0.0,0.7,0.0,,91,82,51,31,62.2,-11.51,-26.56,3.55,-9.437,0.417,12
"[-299,-200]",HR≥50/EDG≥0.0/CV≤0.7/μ≥0.0/TP≥50,62.2,0.0,0.7,0.0,50.0,91,82,51,31,62.2,-11.51,-26.56,3.55,-9.437,0.417,12
"[-299,-200]",HR≥50/EDG≥0.0/CV≤0.7/μ≥0.0/TP≥55,62.2,0.0,0.7,0.0,55.0,91,82,51,31,62.2,-11.51,-26.56,3.55,-9.437,0.417,12
"[-299,-200]",HR≥50/EDG≥0.0/CV≤0.7/μ≥0.0/TP≥60,62.2,0.0,0.7,0.0,60.0,91,82,51,31,62.2,-11.51,-26.56,3.55,-9.437,0.417,12
"[-299,-200]",HR≥50/EDG≥0.0/CV≤0.7/μ≥0.0/TP≥65,63.77,0.0,0.7,0.0,65.0,75,69,44,25,63.77,-10.04,-26.18,6.1,-6.927,0.417,12
"[-299,-200]",HR≥50/EDG≥0.0/CV≤0.7/μ≥0.5/TP≥-,63.64,0.0,0.7,0.5,,75,66,42,24,63.64,-9.83,-26.43,6.77,-6.49,0.333,12
"[-299,-200]",HR≥50/EDG≥0.0/CV≤0.7/μ≥0.5/TP≥50,63.64,0.0,0.7,0.5,50.0,75,66,42,24,63.64,-9.83,-26.43,6.77,-6.49,0.333,12
"[-299,-200]",HR≥50/EDG≥0.0/CV≤0.7/μ≥0.5/TP≥55,63.64,0.0,0.7,0.5,55.0,75,66,42,24,63.64,-9.83,-26.43,6.77,-6.49,0.333,12
"[-299,-200]",HR≥50/EDG≥0.0/CV≤0.7/μ≥0.5/TP≥60,63.64,0.0,0.7,0.5,60.0,75,66,42,24,63.64,-9.83,-26.43,6.77,-6.49,0.333,12
"[-299,-200]",HR≥50/EDG≥0.0/CV≤0.7/μ≥0.5/TP≥65,66.67,0.0,0.7,0.5,65.0,63,57,38,19,66.67,-6.11,-23.53,11.31,-3.481,0.417,12
"[-299,-200]",HR≥50/EDG≥5.0/CV≤-/μ≥-/TP≥-,61.42,5.0,,,,291,254,156,98,61.42,-11.41,-20.08,-2.75,-28.986,0.154,13
"[-299,-200]",HR≥50/EDG≥5.0/CV≤-/μ≥-/TP≥50,61.42,5.0,,,50.0,291,254,156,98,61.42,-11.41,-20.08,-2.75,-28.986,0.154,13
"[-299,-200]",HR≥50/EDG≥5.0/CV≤-/μ≥-/TP≥55,61.42,5.0,,,55.0,291,254,156,98,61.42,-11.41,-20.08,-2.75,-28.986,0.154,13
"[-299,-200]",HR≥50/EDG≥5.0/CV≤-/μ≥-/TP≥60,61.42,5.0,,,60.0,291,254,156,98,61.42,-11.41,-20.08,-2.75,-28.986,0.154,13
"[-299,-200]",HR≥50/EDG≥5.0/CV≤-/μ≥-/TP≥65,63.89,5.0,,,65.0,205,180,115,65,63.89,-9.03,-19.06,1.0,-16.256,0.231,13
"[-299,-200]",HR≥50/EDG≥5.0/CV≤-/μ≥0.0/TP≥-,61.42,5.0,,0.0,,291,254,156,98,61.42,-11.41,-20.08,-2.75,-28.986,0.154,13
"[-299,-200]",HR≥50/EDG≥5.0/CV≤-/μ≥0.0/TP≥50,61.42,5.0,,0.0,50.0,291,254,156,98,61.42,-11.41,-20.08,-2.75,-28.986,0.154,13
"[-299,-200]",HR≥50/EDG≥5.0/CV≤-/μ≥0.0/TP≥55,61.42,5.0,,0.0,55.0,291,254,156,98,61.42,-11.41,-20.08,-2.75,-28.986,0.154,13
"[-299,-200]",HR≥50/EDG≥5.0/CV≤-/μ≥0.0/TP≥60,61.42,5.0,,0.0,60.0,291,254,156,98,61.42,-11.41,-20.08,-2.75,-28.986,0.154,13
"[-299,-200]",HR≥50/EDG≥5.0/CV≤-/μ≥0.0/TP≥65,63.89,5.0,,0.0,65.0,205,180,115,65,63.89,-9.03,-19.06,1.0,-16.256,0.231,13
"[-299,-200]",HR≥50/EDG≥5.0/CV≤-/μ≥0.5/TP≥-,61.04,5.0,,0.5,,268,231,141,90,61.04,-12.16,-21.24,-3.07,-28.088,0.077,13
"[-299,-200]",HR≥50/EDG≥5.0/CV≤-/μ≥0.5/TP≥50,61.04,5.0,,0.5,50.0,268,231,141,90,61.04,-12.16,-21.24,-3.07,-28.088,0.077,13
"[-299,-200]",HR≥50/EDG≥5.0/CV≤-/μ≥0.5/TP≥55,61.04,5.0,,0.5,55.0,268,231,141,90,61.04,-12.16,-21.24,-3.07,-28.088,0.077,13
"[-299,-200]",HR≥50/EDG≥5.0/CV≤-/μ≥0.5/TP≥60,61.04,5.0,,0.5,60.0,268,231,141,90,61.04,-12.16,-21.24,-3.07,-28.088,0.077,13
"[-299,-200]",HR≥50/EDG≥5.0/CV≤-/μ≥0.5/TP≥65,64.24,5.0,,0.5,65.0,190,165,106,59,64.24,-8.72,-19.16,1.71,-14.394,0.231,13
"[-299,-200]",HR≥50/EDG≥5.0/CV≤-/μ≥1.0/TP≥-,60.81,5.0,,1.0,,89,74,45,29,60.81,-13.31,-29.31,2.68,-9.853,0.4,10
"[-299,-200]",HR≥50/EDG≥5.0/CV≤-/μ≥1.0/TP≥50,60.81,5.0,,1.0,50.0,89,74,45,29,60.81,-13.31,-29.31,2.68,-9.853,0.4,10
"[-299,-200]",HR≥50/EDG≥5.0/CV≤-/μ≥1.0/TP≥55,60.81,5.0,,1.0,55.0,89,74,45,29,60.81,-13.31,-29.31,2.68,-9.853,0.4,10
"[-299,-200]",HR≥50/EDG≥5.0/CV≤-/μ≥1.0/TP≥60,60.81,5.0,,1.0,60.0,89,74,45,29,60.81,-13.31,-29.31,2.68,-9.853,0.4,10
"[-299,-200]",HR≥50/EDG≥5.0/CV≤-/μ≥1.0/TP≥65,64.29,5.0,,1.0,65.0,66,56,36,20,64.29,-9.48,-27.33,8.38,-5.308,0.4,10
"[-299,-200]",HR≥50/EDG≥5.0/CV≤0.7/μ≥-/TP≥-,61.43,5.0,0.7,,,79,70,43,27,61.43,-12.5,-28.89,3.89,-8.748,0.25,12
"[-299,-200]",HR≥50/EDG≥5.0/CV≤0.7/μ≥-/TP≥50,61.43,5.0,0.7,,50.0,79,70,43,27,61.43,-12.5,-28.89,3.89,-8.748,0.25,12
"[-299,-200]",HR≥50/EDG≥5.0/CV≤0.7/μ≥-/TP≥55,61.43,5.0,0.7,,55.0,79,70,43,27,61.43,-12.5,-28.89,3.89,-8.748,0.25,12
"[-299,-200]",HR≥50/EDG≥5.0/CV≤0.7/μ≥-/TP≥60,61.43,5.0,0.7,,60.0,79,70,43,27,61.43,-12.5,-28.89,3.89,-8.748,0.25,12
"[-299,-200]",HR≥50/EDG≥5.0/CV≤0.7/μ≥-/TP≥65,63.79,5.0,0.7,,65.0,64,58,37,21,63.79,-9.89,-27.54,7.76,-5.738,0.417,12
"[-299,-200]",HR≥50/EDG≥5.0/CV≤0.7/μ≥0.0/TP≥-,61.43,5.0,0.7,0.0,,79,70,43,27,61.43,-12.5,-28.89,3.89,-8.748,0.25,12
"[-299,-200]",HR≥50/EDG≥5.0/CV≤0.7/μ≥0.0/TP≥50,61.43,5.0,0.7,0.0,50.0,79,70,43,27,61.43,-12.5,-28.89,3.89,-8.748,0.25,12
"[-299,-200]",HR≥50/EDG≥5.0/CV≤0.7/μ≥0.0/TP≥55,61.43,5.0,0.7,0.0,55.0,79,70,43,27,61.43,-12.5,-28.89,3.89,-8.748,0.25,12
"[-299,-200]",HR≥50/EDG≥5.0/CV≤0.7/μ≥0.0/TP≥60,61.43,5.0,0.7,0.0,60.0,79,70,43,27,61.43,-12.5,-28.89,3.89,-8.748,0.25,12
"[-299,-200]",HR≥50/EDG≥5.0/CV≤0.7/μ≥0.0/TP≥65,63.79,5.0,0.7,0.0,65.0,64,58,37,21,63.79,-9.89,-27.54,7.76,-5.738,0.417,12
"[-299,-200]",HR≥50/EDG≥5.0/CV≤0.7/μ≥0.5/TP≥-,61.9,5.0,0.7,0.5,,72,63,39,24,61.9,-12.16,-29.34,5.03,-7.659,0.25,12
"[-299,-200]",HR≥50/EDG≥5.0/CV≤0.7/μ≥0.5/TP≥50,61.9,5.0,0.7,0.5,50.0,72,63,39,24,61.9,-12.16,-29.34,5.03,-7.659,0.25,12
"[-299,-200]",HR≥50/EDG≥5.0/CV≤0.7/μ≥0.5/TP≥55,61.9,5.0,0.7,0.5,55.0,72,63,39,24,61.9,-12.16,-29.34,5.03,-7.659,0.25,12
"[-299,-200]",HR≥50/EDG≥5.0/CV≤0.7/μ≥0.5/TP≥60,61.9,5.0,0.7,0.5,60.0,72,63,39,24,61.9,-12.16,-29.34,5.03,-7.659,0.25,12
"[-299,-200]",HR≥50/EDG≥5.0/CV≤0.7/μ≥0.5/TP≥65,64.81,5.0,0.7,0.5,65.0,60,54,35,19,64.81,-8.61,-26.77,9.55,-4.649,0.417,12
"[-299,-200]",HR≥50/EDG≥10.0/CV≤-/μ≥-/TP≥-,61.17,10.0,,,,217,188,115,73,61.17,-11.5,-21.62,-1.38,-21.624,0.154,13
"[-299,-200]",HR≥50/EDG≥10.0/CV≤-/μ≥-/TP≥50,61.17,10.0,,,50.0,217,188,115,73,61.17,-11.5,-21.62,-1.38,-21.624,0.154,13
"[-299,-200]",HR≥50/EDG≥10.0/CV≤-/μ≥-/TP≥55,61.17,10.0,,,55.0,217,188,115,73,61.17,-11.5,-21.62,-1.38,-21.624,0.154,13
"[-299,-200]",HR≥50/EDG≥10.0/CV≤-/μ≥-/TP≥60,61.17,10.0,,,60.0,217,188,115,73,61.17,-11.5,-21.62,-1.38,-21.624,0.154,13
"[-299,-200]",HR≥50/EDG≥10.0/CV≤-/μ≥-/TP≥65,64.06,10.0,,,65.0,146,128,82,46,64.06,-8.57,-20.5,3.35,-10.976,0.231,13
"[-299,-200]",HR≥50/EDG≥10.0/CV≤-/μ≥0.0/TP≥-,61.17,10.0,,0.0,,217,188,115,73,61.17,-11.5,-21.62,-1.38,-21.624,0.154,13
"[-299,-200]",HR≥50/EDG≥10.0/CV≤-/μ≥0.0/TP≥50,61.17,10.0,,0.0,50.0,217,188,115,73,61.17,-11.5,-21.62,-1.38,-21.624,0.154,13
"[-299,-200]",HR≥50/EDG≥10.0/CV≤-/μ≥0.0/TP≥55,61.17,10.0,,0.0,55.0,217,188,115,73,61.17,-11.5,-21.62,-1.38,-21.624,0.154,13
"[-299,-200]",HR≥50/EDG≥10.0/CV≤-/μ≥0.0/TP≥60,61.17,10.0,,0.0,60.0,217,188,115,73,61.17,-11.5,-21.62,-1.38,-21.624,0.154,13
"[-299,-200]",HR≥50/EDG≥10.0/CV≤-/μ≥0.0/TP≥65,64.06,10.0,,0.0,65.0,146,128,82,46,64.06,-8.57,-20.5,3.35,-10.976,0.231,13
"[-299,-200]",HR≥50/EDG≥10.0/CV≤-/μ≥0.5/TP≥-,59.78,10.0,,0.5,,208,179,107,72,59.78,-13.61,-24.04,-3.18,-24.361,0.154,13
"[-299,-200]",HR≥50/EDG≥10.0/CV≤-/μ≥0.5/TP≥50,59.78,10.0,,0.5,50.0,208,179,107,72,59.78,-13.61,-24.04,-3.18,-24.361,0.154,13
"[-299,-200]",HR≥50/EDG≥10.0/CV≤-/μ≥0.5/TP≥55,59.78,10.0,,0.5,55.0,208,179,107,72,59.78,-13.61,-24.04,-3.18,-24.361,0.154,13
"[-299,-200]",HR≥50/EDG≥10.0/CV≤-/μ≥0.5/TP≥60,59.78,10.0,,0.5,60.0,208,179,107,72,59.78,-13.61,-24.04,-3.18,-24.361,0.154,13
"[-299,-200]",HR≥50/EDG≥10.0/CV≤-/μ≥0.5/TP≥65,62.6,10.0,,0.5,65.0,141,123,77,46,62.6,-10.76,-23.02,1.49,-13.236,0.231,13
"[-299,-200]",HR≥50/EDG≥10.0/CV≤-/μ≥1.0/TP≥-,60.27,10.0,,1.0,,88,73,44,29,60.27,-13.96,-30.12,2.2,-10.192,0.4,10
"[-299,-200]",HR≥50/EDG≥10.0/CV≤-/μ≥1.0/TP≥50,60.27,10.0,,1.0,50.0,88,73,44,29,60.27,-13.96,-30.12,2.2,-10.192,0.4,10
"[-299,-200]",HR≥50/EDG≥10.0/CV≤-/μ≥1.0/TP≥55,60.27,10.0,,1.0,55.0,88,73,44,29,60.27,-13.96,-30.12,2.2,-10.192,0.4,10
"[-299,-200]",HR≥50/EDG≥10.0/CV≤-/μ≥1.0/TP≥60,60.27,10.0,,1.0,60.0,88,73,44,29,60.27,-13.96,-30.12,2.2,-10.192,0.4,10
"[-299,-200]",HR≥50/EDG≥10.0/CV≤-/μ≥1.0/TP≥65,63.64,10.0,,1.0,65.0,65,55,35,20,63.64,-10.27,-28.38,7.85,-5.646,0.4,10
"[-299,-200]",HR≥50/EDG≥10.0/CV≤0.7/μ≥-/TP≥-,64.41,10.0,0.7,,,67,59,38,21,64.41,-8.32,-25.89,9.26,-4.908,0.25,12
"[-299,-200]",HR≥50/EDG≥10.0/CV≤0.7/μ≥-/TP≥50,64.41,10.0,0.7,,50.0,67,59,38,21,64.41,-8.32,-25.89,9.26,-4.908,0.25,12
"[-299,-200]",HR≥50/EDG≥10.0/CV≤0.7/μ≥-/TP≥55,64.41,10.0,0.7,,55.0,67,59,38,21,64.41,-8.32,-25.89,9.26,-4.908,0.25,12
"[-299,-200]",HR≥50/EDG≥10.0/CV≤0.7/μ≥-/TP≥60,64.41,10.0,0.7,,60.0,67,59,38,21,64.41,-8.32,-25.89,9.26,-4.908,0.25,12
"[-299,-200]",HR≥50/EDG≥10.0/CV≤0.7/μ≥-/TP≥65,66.0,10.0,0.7,,65.0,55,50,33,17,66.0,-6.8,-25.56,11.97,-3.398,0.417,12
"[-299,-200]",HR≥50/EDG≥10.0/CV≤0.7/μ≥0.0/TP≥-,64.41,10.0,0.7,0.0,,67,59,38,21,64.41,-8.32,-25.89,9.26,-4.908,0.25,12
"[-299,-200]",HR≥50/EDG≥10.0/CV≤0.7/μ≥0.0/TP≥50,64.41,10.0,0.7,0.0,50.0,67,59,38,21,64.41,-8.32,-25.89,9.26,-4.908,0.25,12
"[-299,-200]",HR≥50/EDG≥10.0/CV≤0.7/μ≥0.0/TP≥55,64.41,10.0,0.7,0.0,55.0,67,59,38,21,64.41,-8.32,-25.89,9.26,-4.908,0.25,12
"[-299,-200]",HR≥50/EDG≥10.0/CV≤0.7/μ≥0.0/TP≥60,64.41,10.0,0.7,0.0,60.0,67,59,38,21,64.41,-8.32,-25.89,9.26,-4.908,0.25,12
"[-299,-200]",HR≥50/EDG≥10.0/CV≤0.7/μ≥0.0/TP≥65,66.0,10.0,0.7,0.0,65.0,55,50,33,17,66.0,-6.8,-25.56,11.97,-3.398,0.417,12
"[-299,-200]",HR≥50/EDG≥10.0/CV≤0.7/μ≥0.5/TP≥-,62.5,10.0,0.7,0.5,,64,56,35,21,62.5,-11.28,-29.48,6.91,-6.319,0.182,11
"[-299,-200]",HR≥50/EDG≥10.0/CV≤0.7/μ≥0.5/TP≥50,62.5,10.0,0.7,0.5,50.0,64,56,35,21,62.5,-11.28,-29.48,6.91,-6.319,0.182,11
"[-299,-200]",HR≥50/EDG≥10.0/CV≤0.7/μ≥0.5/TP≥55,62.5,10.0,0.7,0.5,55.0,64,56,35,21,62.5,-11.28,-29.48,6.91,-6.319,0.182,11
"[-299,-200]",HR≥50/EDG≥10.0/CV≤0.7/μ≥0.5/TP≥60,62.5,10.0,0.7,0.5,60.0,64,56,35,21,62.5,-11.28,-29.48,6.91,-6.319,0.182,11
"[-299,-200]",HR≥50/EDG≥10.0/CV≤0.7/μ≥0.5/TP≥65,64.58,10.0,0.7,0.5,65.0,53,48,31,17,64.58,-8.98,-28.28,10.32,-4.309,0.364,11
"[-299,-200]",HR≥55/EDG≥-/CV≤-/μ≥-/TP≥-,58.79,,,,,613,546,321,225,58.79,-15.23,-21.19,-9.26,-83.144,0.0,13
"[-299,-200]",HR≥55/EDG≥-/CV≤-/μ≥-/TP≥50,58.9,,,,50.0,612,545,321,224,58.9,-15.07,-21.04,-9.1,-82.144,0.0,13
"[-299,-200]",HR≥55/EDG≥-/CV≤-/μ≥-/TP≥55,58.93,,,,55.0,609,543,320,223,58.93,-15.01,-21.0,-9.03,-81.529,0.0,13
"[-299,-200]",HR≥55/EDG≥-/CV≤-/μ≥-/TP≥60,59.07,,,,60.0,605,540,319,221,59.07,-14.8,-20.8,-8.81,-79.929,0.0,13
"[-299,-200]",HR≥55/EDG≥-/CV≤-/μ≥-/TP≥65,60.36,,,,65.0,433,391,236,155,60.36,-13.99,-20.91,-7.06,-54.688,0.308,13
"[-299,-200]",HR≥55/EDG≥-/CV≤-/μ≥0.0/TP≥-,59.18,,,0.0,,601,534,316,218,59.18,-14.67,-20.7,-8.65,-78.361,0.077,13
"[-299,-200]",HR≥55/EDG≥-/CV≤-/μ≥0.0/TP≥50,59.18,,,0.0,50.0,601,534,316,218,59.18,-14.67,-20.7,-8.65,-78.361,0.077,13
"[-299,-200]",HR≥55/EDG≥-/CV≤-/μ≥0.0/TP≥55,59.21,,,0.0,55.0,598,532,315,217,59.21,-14.61,-20.65,-8.58,-77.746,0.077,13
"[-299,-200]",HR≥55/EDG≥-/CV≤-/μ≥0.0/TP≥60,59.36,,,0.0,60.0,594,529,314,215,59.36,-14.39,-20.44,-8.34,-76.146,0.077,13
"[-299,-200]",HR≥55/EDG≥-/CV≤-/μ≥0.0/TP≥65,60.47,,,0.0,65.0,424,382,231,151,60.47,-13.85,-20.85,-6.85,-52.905,0.308,13
"[-299,-200]",HR≥55/EDG≥-/CV≤-/μ≥0.5/TP≥-,61.48,,,0.5,,323,283,174,109,61.48,-11.68,-19.86,-3.51,-33.068,0.0,13
"[-299,-200]",HR≥55/EDG≥-/CV≤-/μ≥0.5/TP≥50,61.48,,,0.5,50.0,323,283,174,109,61.48,-11.68,-19.86,-3.51,-33.068,0.0,13
"[-299,-200]",HR≥55/EDG≥-/CV≤-/μ≥0.5/TP≥55,61.48,,,0.5,55.0,323,283,174,109,61.48,-11.68,-19.86,-3.51,-33.068,0.0,13
"[-299,-200]",HR≥55/EDG≥-/CV≤-/μ≥0.5/TP≥60,61.48,,,0.5,60.0,323,283,174,109,61.48,-11.68,-19.86,-3.51,-33.068,0.0,13
"[-299,-200]",HR≥55/EDG≥-/CV≤-/μ≥0.5/TP≥65,63.46,,,0.5,65.0,235,208,132,76,63.46,-10.0,-19.32,-0.68,-20.802,0.385,13
"[-299,-200]",HR≥55/EDG≥-/CV≤-/μ≥1.0/TP≥-,60.81,,,1.0,,89,74,45,29,60.81,-13.31,-29.31,2.68,-9.853,0.4,10
"[-299,-200]",HR≥55/EDG≥-/CV≤-/μ≥1.0/TP≥50,60.81,,,1.0,50.0,89,74,45,29,60.81,-13.31,-29.31,2.68,-9.853,0.4,10
"[-299,-200]",HR≥55/EDG≥-/CV≤-/μ≥1.0/TP≥55,60.81,,,1.0,55.0,89,74,45,29,60.81,-13.31,-29.31,2.68,-9.853,0.4,10
"[-299,-200]",HR≥55/EDG≥-/CV≤-/μ≥1.0/TP≥60,60.81,,,1.0,60.0,89,74,45,29,60.81,-13.31,-29.31,2.68,-9.853,0.4,10
"[-299,-200]",HR≥55/EDG≥-/CV≤-/μ≥1.0/TP≥65,64.29,,,1.0,65.0,66,56,36,20,64.29,-9.48,-27.33,8.38,-5.308,0.4,10
"[-299,-200]",HR≥55/EDG≥-/CV≤0.7/μ≥-/TP≥-,60.75,,0.7,,,122,107,65,42,60.75,-13.57,-26.81,-0.32,-14.516,0.333,12
"[-299,-200]",HR≥55/EDG≥-/CV≤0.7/μ≥-/TP≥50,60.75,,0.7,,50.0,122,107,65,42,60.75,-13.57,-26.81,-0.32,-14.516,0.333,12
"[-299,-200]",HR≥55/EDG≥-/CV≤0.7/μ≥-/TP≥55,60.75,,0.7,,55.0,121,107,65,42,60.75,-13.57,-26.81,-0.32,-14.516,0.333,12
"[-299,-200]",HR≥55/EDG≥-/CV≤0.7/μ≥-/TP≥60,61.32,,0.7,,60.0,120,106,65,41,61.32,-12.75,-26.03,0.52,-13.516,0.333,12
"[-299,-200]",HR≥55/EDG≥-/CV≤0.7/μ≥-/TP≥65,63.74,,0.7,,65.0,102,91,58,33,63.74,-9.9,-23.96,4.16,-9.006,0.5,12
"[-299,-200]",HR≥55/EDG≥-/CV≤0.7/μ≥0.0/TP≥-,60.58,,0.7,0.0,,119,104,63,41,60.58,-13.81,-27.26,-0.37,-14.367,0.333,12
"[-299,-200]",HR≥55/EDG≥-/CV≤0.7/μ≥0.0/TP≥50,60.58,,0.7,0.0,50.0,119,104,63,41,60.58,-13.81,-27.26,-0.37,-14.367,0.333,12
"[-299,-200]",HR≥55/EDG≥-/CV≤0.7/μ≥0.0/TP≥55,60.58,,0.7,0.0,55.0,118,104,63,41,60.58,-13.81,-27.26,-0.37,-14.367,0.333,12
"[-299,-200]",HR≥55/EDG≥-/CV≤0.7/μ≥0.0/TP≥60,61.17,,0.7,0.0,60.0,117,103,63,40,61.17,-12.98,-26.46,0.5,-13.367,0.333,12
"[-299,-200]",HR≥55/EDG≥-/CV≤0.7/μ≥0.0/TP≥65,63.64,,0.7,0.0,65.0,99,88,56,32,63.64,-10.07,-24.37,4.24,-8.858,0.5,12
"[-299,-200]",HR≥55/EDG≥-/CV≤0.7/μ≥0.5/TP≥-,63.64,,0.7,0.5,,75,66,42,24,63.64,-9.83,-26.43,6.77,-6.49,0.333,12
"[-299,-200]",HR≥55/EDG≥-/CV≤0.7/μ≥0.5/TP≥50,63.64,,0.7,0.5,50.0,75,66,42,24,63.64,-9.83,-26.43,6.77,-6.49,0.333,12
"[-299,-200]",HR≥55/EDG≥-/CV≤0.7/μ≥0.5/TP≥55,63.64,,0.7,0.5,55.0,75,66,42,24,63.64,-9.83,-26.43,6.77,-6.49,0.333,12
"[-299,-200]",HR≥55/EDG≥-/CV≤0.7/μ≥0.5/TP≥60,63.64,,0.7,0.5,60.0,75,66,42,24,63.64,-9.83,-26.43,6.77,-6.49,0.333,12
"[-299,-200]",HR≥55/EDG≥-/CV≤0.7/μ≥0.5/TP≥65,66.67,,0.7,0.5,65.0,63,57,38,19,66.67,-6.11,-23.53,11.31,-3.481,0.417,12
"[-299,-200]",HR≥55/EDG≥-/CV≤0.6/μ≥-/TP≥-,60.0,,0.6,,,40,35,21,14,60.0,-14.14,-37.74,9.46,-4.949,0.417,12
"[-299,-200]",HR≥55/EDG≥-/CV≤0.6/μ≥-/TP≥50,60.0,,0.6,,50.0,40,35,21,14,60.0,-14.14,-37.74,9.46,-4.949,0.417,12
"[-299,-200]",HR≥55/EDG≥-/CV≤0.6/μ≥-/TP≥55,60.0,,0.6,,55.0,40,35,21,14,60.0,-14.14,-37.74,9.46,-4.949,0.417,12
"[-299,-200]",HR≥55/EDG≥-/CV≤0.6/μ≥-/TP≥60,61.76,,0.6,,60.0,39,34,21,13,61.76,-11.61,-35.38,12.15,-3.949,0.417,12
"[-299,-200]",HR≥55/EDG≥-/CV≤0.6/μ≥0.0/TP≥-,60.0,,0.6,0.0,,40,35,21,14,60.0,-14.14,-37.74,9.46,-4.949,0.417,12
"[-299,-200]",HR≥55/EDG≥-/CV≤0.6/μ≥0.0/TP≥50,60.0,,0.6,0.0,50.0,40,35,21,14,60.0,-14.14,-37.74,9.46,-4.949,0.417,12
"[-299,-200]",HR≥55/EDG≥-/CV≤0.6/μ≥0.0/TP≥55,60.0,,0.6,0.0,55.0,40,35,21,14,60.0,-14.14,-37.74,9.46,-4.949,0.417,12
"[-299,-200]",HR≥55/EDG≥-/CV≤0.6/μ≥0.0/TP≥60,61.76,,0.6,0.0,60.0,39,34,21,13,61.76,-11.61,-35.38,12.15,-3.949,0.417,12
"[-299,-200]",HR≥55/EDG≥-5.0/CV≤-/μ≥-/TP≥-,60.4,-5.0,,,,450,404,244,160,60.4,-12.85,-19.75,-5.95,-51.898,0.154,13
"[-299,-200]",HR≥55/EDG≥-5.0/CV≤-/μ≥-/TP≥50,60.4,-5.0,,,50.0,450,404,244,160,60.4,-12.85,-19.75,-5.95,-51.898,0.154,13
"[-299,-200]",HR≥55/EDG≥-5.0/CV≤-/μ≥-/TP≥55,60.4,-5.0,,,55.0,450,404,244,160,60.4,-12.85,-19.75,-5.95,-51.898,0.154,13
"[-299,-200]",HR≥55/EDG≥-5.0/CV≤-/μ≥-/TP≥60,60.4,-5.0,,,60.0,450,404,244,160,60.4,-12.85,-19.75,-5.95,-51.898,0.154,13
"[-299,-200]",HR≥55/EDG≥-5.0/CV≤-/μ≥-/TP≥65,61.38,-5.0,,,65.0,321,290,178,112,61.38,-12.58,-20.59,-4.58,-36.487,0.231,13
"[-299,-200]",HR≥55/EDG≥-5.0/CV≤-/μ≥0.0/TP≥-,60.4,-5.0,,0.0,,450,404,244,160,60.4,-12.85,-19.75,-5.95,-51.898,0.154,13
"[-299,-200]",HR≥55/EDG≥-5.0/CV≤-/μ≥0.0/TP≥50,60.4,-5.0,,0.0,50.0,450,404,244,160,60.4,-12.85,-19.75,-5.95,-51.898,0.154,13
"[-299,-200]",HR≥55/EDG≥-5.0/CV≤-/μ≥0.0/TP≥55,60.4,-5.0,,0.0,55.0,450,404,244,160,60.4,-12.85,-19.75,-5.95,-51.898,0.154,13
"[-299,-200]",HR≥55/EDG≥-5.0/CV≤-/μ≥0.0/TP≥60,60.4,-5.0,,0.0,60.0,450,404,244,160,60.4,-12.85,-19.75,-5.95,-51.898,0.154,13
"[-299,-200]",HR≥55/EDG≥-5.0/CV≤-/μ≥0.0/TP≥65,61.38,-5.0,,0.0,65.0,321,290,178,112,61.38,-12.58,-20.59,-4.58,-36.487,0.231,13
"[-299,-200]",HR≥55/EDG≥-5.0/CV≤-/μ≥0.5/TP≥-,61.48,-5.0,,0.5,,323,283,174,109,61.48,-11.68,-19.86,-3.51,-33.068,0.0,13
"[-299,-200]",HR≥55/EDG≥-5.0/CV≤-/μ≥0.5/TP≥50,61.48,-5.0,,0.5,50.0,323,283,174,109,61.48,-11.68,-19.86,-3.51,-33.068,0.0,13
"[-299,-200]",HR≥55/EDG≥-5.0/CV≤-/μ≥0.5/TP≥55,61.48,-5.0,,0.5,55.0,323,283,174,109,61.48,-11.68,-19.86,-3.51,-33.068,0.0,13
"[-299,-200]",HR≥55/EDG≥-5.0/CV≤-/μ≥0.5/TP≥60,61.48,-5.0,,0.5,60.0,323,283,174,109,61.48,-11.68,-19.86,-3.51,-33.068,0.0,13
"[-299,-200]",HR≥55/EDG≥-5.0/CV≤-/μ≥0.5/TP≥65,63.46,-5.0,,0.5,65.0,235,208,132,76,63.46,-10.0,-19.32,-0.68,-20.802,0.385,13
"[-299,-200]",HR≥55/EDG≥-5.0/CV≤-/μ≥1.0/TP≥-,60.81,-5.0,,1.0,,89,74,45,29,60.81,-13.31,-29.31,2.68,-9.853,0.4,10
"[-299,-200]",HR≥55/EDG≥-5.0/CV≤-/μ≥1.0/TP≥50,60.81,-5.0,,1.0,50.0,89,74,45,29,60.81,-13.31,-29.31,2.68,-9.853,0.4,10
"[-299,-200]",HR≥55/EDG≥-5.0/CV≤-/μ≥1.0/TP≥55,60.81,-5.0,,1.0,55.0,89,74,45,29,60.81,-13.31,-29.31,2.68,-9.853,0.4,10
"[-299,-200]",HR≥55/EDG≥-5.0/CV≤-/μ≥1.0/TP≥60,60.81,-5.0,,1.0,60.0,89,74,45,29,60.81,-13.31,-29.31,2.68,-9.853,0.4,10
"[-299,-200]",HR≥55/EDG≥-5.0/CV≤-/μ≥1.0/TP≥65,64.29,-5.0,,1.0,65.0,66,56,36,20,64.29,-9.48,-27.33,8.38,-5.308,0.4,10
"[-299,-200]",HR≥55/EDG≥-5.0/CV≤0.7/μ≥-/TP≥-,60.87,-5.0,0.7,,,103,92,56,36,60.87,-13.36,-27.65,0.94,-12.288,0.333,12
"[-299,-200]",HR≥55/EDG≥-5.0/CV≤0.7/μ≥-/TP≥50,60.87,-5.0,0.7,,50.0,103,92,56,36,60.87,-13.36,-27.65,0.94,-12.288,0.333,12
"[-299,-200]",HR≥55/EDG≥-5.0/CV≤0.7/μ≥-/TP≥55,60.87,-5.0,0.7,,55.0,103,92,56,36,60.87,-13.36,-27.65,0.94,-12.288,0.333,12
"[-299,-200]",HR≥55/EDG≥-5.0/CV≤0.7/μ≥-/TP≥60,60.87,-5.0,0.7,,60.0,103,92,56,36,60.87,-13.36,-27.65,0.94,-12.288,0.333,12
"[-299,-200]",HR≥55/EDG≥-5.0/CV≤0.7/μ≥-/TP≥65,62.82,-5.0,0.7,,65.0,86,78,49,29,62.82,-11.25,-26.53,4.02,-8.778,0.417,12
"[-299,-200]",HR≥55/EDG≥-5.0/CV≤0.7/μ≥0.0/TP≥-,60.87,-5.0,0.7,0.0,,103,92,56,36,60.87,-13.36,-27.65,0.94,-12.288,0.333,12
"[-299,-200]",HR≥55/EDG≥-5.0/CV≤0.7/μ≥0.0/TP≥50,60.87,-5.0,0.7,0.0,50.0,103,92,56,36,60.87,-13.36,-27.65,0.94,-12.288,0.333,12
"[-299,-200]",HR≥55/EDG≥-5.0/CV≤0.7/μ≥0.0/TP≥55,60.87,-5.0,0.7,0.0,55.0,103,92,56,36,60.87,-13.36,-27.65,0.94,-12.288,0.333,12
"[-299,-200]",HR≥55/EDG≥-5.0/CV≤0.7/μ≥0.0/TP≥60,60.87,-5.0,0.7,0.0,60.0,103,92,56,36,60.87,-13.36,-27.65,0.94,-12.288,0.333,12
"[-299,-200]",HR≥55/EDG≥-5.0/CV≤0.7/μ≥0.0/TP≥65,62.82,-5.0,0.7,0.0,65.0,86,78,49,29,62.82,-11.25,-26.53,4.02,-8.778,0.417,12
"[-299,-200]",HR≥55/EDG≥-5.0/CV≤0.7/μ≥0.5/TP≥-,63.64,-5.0,0.7,0.5,,75,66,42,24,63.64,-9.83,-26.43,6.77,-6.49,0.333,12
"[-299,-200]",HR≥55/EDG≥-5.0/CV≤0.7/μ≥0.5/TP≥50,63.64,-5.0,0.7,0.5,50.0,75,66,42,24,63.64,-9.83,-26.43,6.77,-6.49,0.333,12
"[-299,-200]",HR≥55/EDG≥-5.0/CV≤0.7/μ≥0.5/TP≥55,63.64,-5.0,0.7,0.5,55.0,75,66,42,24,63.64,-9.83,-26.43,6.77,-6.49,0.333,12
"[-299,-200]",HR≥55/EDG≥-5.0/CV≤0.7/μ≥0.5/TP≥60,63.64,-5.0,0.7,0.5,60.0,75,66,42,24,63.64,-9.83,-26.43,6.77,-6.49,0.333,12
"[-299,-200]",HR≥55/EDG≥-5.0/CV≤0.7/μ≥0.5/TP≥65,66.67,-5.0,0.7,0.5,65.0,63,57,38,19,66.67,-6.11,-23.53,11.31,-3.481,0.417,12
"[-299,-200]",HR≥55/EDG≥-5.0/CV≤0.6/μ≥-/TP≥-,65.62,-5.0,0.6,,,36,32,21,11,65.62,-6.09,-30.06,17.88,-1.949,0.417,12
"[-299,-200]",HR≥55/EDG≥-5.0/CV≤0.6/μ≥-/TP≥50,65.62,-5.0,0.6,,50.0,36,32,21,11,65.62,-6.09,-30.06,17.88,-1.949,0.417,12
"[-299,-200]",HR≥55/EDG≥-5.0/CV≤0.6/μ≥-/TP≥55,65.62,-5.0,0.6,,55.0,36,32,21,11,65.62,-6.09,-30.06,17.88,-1.949,0.417,12
"[-299,-200]",HR≥55/EDG≥-5.0/CV≤0.6/μ≥-/TP≥60,65.62,-5.0,0.6,,60.0,36,32,21,11,65.62,-6.09,-30.06,17.88,-1.949,0.417,12
"[-299,-200]",HR≥55/EDG≥-5.0/CV≤0.6/μ≥0.0/TP≥-,65.62,-5.0,0.6,0.0,,36,32,21,11,65.62,-6.09,-30.06,17.88,-1.949,0.417,12
"[-299,-200]",HR≥55/EDG≥-5.0/CV≤0.6/μ≥0.0/TP≥50,65.62,-5.0,0.6,0.0,50.0,36,32,21,11,65.62,-6.09,-30.06,17.88,-1.949,0.417,12
"[-299,-200]",HR≥55/EDG≥-5.0/CV≤0.6/μ≥0.0/TP≥55,65.62,-5.0,0.6,0.0,55.0,36,32,21,11,65.62,-6.09,-30.06,17.88,-1.949,0.417,12
"[-299,-200]",HR≥55/EDG≥-5.0/CV≤0.6/μ≥0.0/TP≥60,65.62,-5.0,0.6,0.0,60.0,36,32,21,11,65.62,-6.09,-30.06,17.88,-1.949,0.417,12
"[-299,-200]",HR≥55/EDG≥0.0/CV≤-/μ≥-/TP≥-,63.16,0.0,,,,366,323,204,119,63.16,-8.86,-16.48,-1.25,-28.623,0.308,13
"[-299,-200]",HR≥55/EDG≥0.0/CV≤-/μ≥-/TP≥50,63.16,0.0,,,50.0,366,323,204,119,63.16,-8.86,-16.48,-1.25,-28.623,0.308,13
"[-299,-200]",HR≥55/EDG≥0.0/CV≤-/μ≥-/TP≥55,63.16,0.0,,,55.0,366,323,204,119,63.16,-8.86,-16.48,-1.25,-28.623,0.308,13
"[-299,-200]",HR≥55/EDG≥0.0/CV≤-/μ≥-/TP≥60,63.16,0.0,,,60.0,366,323,204,119,63.16,-8.86,-16.48,-1.25,-28.623,0.308,13
"[-299,-200]",HR≥55/EDG≥0.0/CV≤-/μ≥-/TP≥65,64.63,0.0,,,65.0,257,229,148,81,64.63,-7.97,-16.82,0.88,-18.255,0.385,13
"[-299,-200]",HR≥55/EDG≥0.0/CV≤-/μ≥0.0/TP≥-,63.16,0.0,,0.0,,366,323,204,119,63.16,-8.86,-16.48,-1.25,-28.623,0.308,13
"[-299,-200]",HR≥55/EDG≥0.0/CV≤-/μ≥0.0/TP≥50,63.16,0.0,,0.0,50.0,366,323,204,119,63.16,-8.86,-16.48,-1.25,-28.623,0.308,13
"[-299,-200]",HR≥55/EDG≥0.0/CV≤-/μ≥0.0/TP≥55,63.16,0.0,,0.0,55.0,366,323,204,119,63.16,-8.86,-16.48,-1.25,-28.623,0.308,13
"[-299,-200]",HR≥55/EDG≥0.0/CV≤-/μ≥0.0/TP≥60,63.16,0.0,,0.0,60.0,366,323,204,119,63.16,-8.86,-16.48,-1.25,-28.623,0.308,13
"[-299,-200]",HR≥55/EDG≥0.0/CV≤-/μ≥0.0/TP≥65,64.63,0.0,,0.0,65.0,257,229,148,81,64.63,-7.97,-16.82,0.88,-18.255,0.385,13
"[-299,-200]",HR≥55/EDG≥0.0/CV≤-/μ≥0.5/TP≥-,61.8,0.0,,0.5,,307,267,165,102,61.8,-11.15,-19.56,-2.74,-29.76,0.154,13
"[-299,-200]",HR≥55/EDG≥0.0/CV≤-/μ≥0.5/TP≥50,61.8,0.0,,0.5,50.0,307,267,165,102,61.8,-11.15,-19.56,-2.74,-29.76,0.154,13
"[-299,-200]",HR≥55/EDG≥0.0/CV≤-/μ≥0.5/TP≥55,61.8,0.0,,0.5,55.0,307,267,165,102,61.8,-11.15,-19.56,-2.74,-29.76,0.154,13
"[-299,-200]",HR≥55/EDG≥0.0/CV≤-/μ≥0.5/TP≥60,61.8,0.0,,0.5,60.0,307,267,165,102,61.8,-11.15,-19.56,-2.74,-29.76,0.154,13
"[-299,-200]",HR≥55/EDG≥0.0/CV≤-/μ≥0.5/TP≥65,64.25,0.0,,0.5,65.0,220,193,124,69,64.25,-8.81,-18.44,0.83,-16.994,0.385,13
"[-299,-200]",HR≥55/EDG≥0.0/CV≤-/μ≥1.0/TP≥-,60.81,0.0,,1.0,,89,74,45,29,60.81,-13.31,-29.31,2.68,-9.853,0.4,10
"[-299,-200]",HR≥55/EDG≥0.0/CV≤-/μ≥1.0/TP≥50,60.81,0.0,,1.0,50.0,89,74,45,29,60.81,-13.31,-29.31,2.68,-9.853,0.4,10
"[-299,-200]",HR≥55/EDG≥0.0/CV≤-/μ≥1.0/TP≥55,60.81,0.0,,1.0,55.0,89,74,45,29,60.81,-13.31,-29.31,2.68,-9.853,0.4,10
"[-299,-200]",HR≥55/EDG≥0.0/CV≤-/μ≥1.0/TP≥60,60.81,0.0,,1.0,60.0,89,74,45,29,60.81,-13.31,-29.31,2.68,-9.853,0.4,10
"[-299,-200]",HR≥55/EDG≥0.0/CV≤-/μ≥1.0/TP≥65,64.29,0.0,,1.0,65.0,66,56,36,20,64.29,-9.48,-27.33,8.38,-5.308,0.4,10
"[-299,-200]",HR≥55/EDG≥0.0/CV≤0.7/μ≥-/TP≥-,62.2,0.0,0.7,,,91,82,51,31,62.2,-11.51,-26.56,3.55,-9.437,0.417,12
"[-299,-200]",HR≥55/EDG≥0.0/CV≤0.7/μ≥-/TP≥50,62.2,0.0,0.7,,50.0,91,82,51,31,62.2,-11.51,-26.56,3.55,-9.437,0.417,12
"[-299,-200]",HR≥55/EDG≥0.0/CV≤0.7/μ≥-/TP≥55,62.2,0.0,0.7,,55.0,91,82,51,31,62.2,-11.51,-26.56,3.55,-9.437,0.417,12
"[-299,-200]",HR≥55/EDG≥0.0/CV≤0.7/μ≥-/TP≥60,62.2,0.0,0.7,,60.0,91,82,51,31,62.2,-11.51,-26.56,3.55,-9.437,0.417,12
"[-299,-200]",HR≥55/EDG≥0.0/CV≤0.7/μ≥-/TP≥65,63.77,0.0,0.7,,65.0,75,69,44,25,63.77,-10.04,-26.18,6.1,-6.927,0.417,12
"[-299,-200]",HR≥55/EDG≥0.0/CV≤0.7/μ≥0.0/TP≥-,62.2,0.0,0.7,0.0,,91,82,51,31,62.2,-11.51,-26.56,3.55,-9.437,0.417,12
"[-299,-200]",HR≥55/EDG≥0.0/CV≤0.7/μ≥0.0/TP≥50,62.2,0.0,0.7,0.0,50.0,91,82,51,31,62.2,-11.51,-26.56,3.55,-9.437,0.417,12
"[-299,-200]",HR≥55/EDG≥0.0/CV≤0.7/μ≥0.0/TP≥55,62.2,0.0,0.7,0.0,55.0,91,82,51,31,62.2,-11.51,-26.56,3.55,-9.437,0.417,12
"[-299,-200]",HR≥55/EDG≥0.0/CV≤0.7/μ≥0.0/TP≥60,62.2,0.0,0.7,0.0,60.0,91,82,51,31,62.2,-11.51,-26.56,3.55,-9.437,0.417,12
"[-299,-200]",HR≥55/EDG≥0.0/CV≤0.7/μ≥0.0/TP≥65,63.77,0.0,0.7,0.0,65.0,75,69,44,25,63.77,-10.04,-26.18,6.1,-6.927,0.417,12
"[-299,-200]",HR≥55/EDG≥0.0/CV≤0.7/μ≥0.5/TP≥-,63.64,0.0,0.7,0.5,,75,66,42,24,63.64,-9.83,-26.43,6.77,-6.49,0.333,12
"[-299,-200]",HR≥55/EDG≥0.0/CV≤0.7/μ≥0.5/TP≥50,63.64,0.0,0.7,0.5,50.0,75,66,42,24,63.64,-9.83,-26.43,6.77,-6.49,0.333,12
"[-299,-200]",HR≥55/EDG≥0.0/CV≤0.7/μ≥0.5/TP≥55,63.64,0.0,0.7,0.5,55.0,75,66,42,24,63.64,-9.83,-26.43,6.77,-6.49,0.333,12
"[-299,-200]",HR≥55/EDG≥0.0/CV≤0.7/μ≥0.5/TP≥60,63.64,0.0,0.7,0.5,60.0,75,66,42,24,63.64,-9.83,-26.43,6.77,-6.49,0.333,12
"[-299,-200]",HR≥55/EDG≥0.0/CV≤0.7/μ≥0.5/TP≥65,66.67,0.0,0.7,0.5,65.0,63,57,38,19,66.67,-6.11,-23.53,11.31,-3.481,0.417,12
"[-299,-200]",HR≥55/EDG≥5.0/CV≤-/μ≥-/TP≥-,61.32,5.0,,,,279,243,149,94,61.32,-11.59,-20.46,-2.73,-28.175,0.231,13
"[-299,-200]",HR≥55/EDG≥5.0/CV≤-/μ≥-/TP≥50,61.32,5.0,,,50.0,279,243,149,94,61.32,-11.59,-20.46,-2.73,-28.175,0.231,13
"[-299,-200]",HR≥55/EDG≥5.0/CV≤-/μ≥-/TP≥55,61.32,5.0,,,55.0,279,243,149,94,61.32,-11.59,-20.46,-2.73,-28.175,0.231,13
"[-299,-200]",HR≥55/EDG≥5.0/CV≤-/μ≥-/TP≥60,61.32,5.0,,,60.0,279,243,149,94,61.32,-11.59,-20.46,-2.73,-28.175,0.231,13
"[-299,-200]",HR≥55/EDG≥5.0/CV≤-/μ≥-/TP≥65,63.37,5.0,,,65.0,196,172,109,63,63.37,-9.85,-20.14,0.43,-16.946,0.385,13
"[-299,-200]",HR≥55/EDG≥5.0/CV≤-/μ≥0.0/TP≥-,61.32,5.0,,0.0,,279,243,149,94,61.32,-11.59,-20.46,-2.73,-28.175,0.231,13
"[-299,-200]",HR≥55/EDG≥5.0/CV≤-/μ≥0.0/TP≥50,61.32,5.0,,0.0,50.0,279,243,149,94,61.32,-11.59,-20.46,-2.73,-28.175,0.231,13
"[-299,-200]",HR≥55/EDG≥5.0/CV≤-/μ≥0.0/TP≥55,61.32,5.0,,0.0,55.0,279,243,149,94,61.32,-11.59,-20.46,-2.73,-28.175,0.231,13
"[-299,-200]",HR≥55/EDG≥5.0/CV≤-/μ≥0.0/TP≥60,61.32,5.0,,0.0,60.0,279,243,149,94,61.32,-11.59,-20.46,-2.73,-28.175,0.231,13
"[-299,-200]",HR≥55/EDG≥5.0/CV≤-/μ≥0.0/TP≥65,63.37,5.0,,0.0,65.0,196,172,109,63,63.37,-9.85,-20.14,0.43,-16.946,0.385,13
"[-299,-200]",HR≥55/EDG≥5.0/CV≤-/μ≥0.5/TP≥-,60.63,5.0,,0.5,,257,221,134,87,60.63,-12.8,-22.1,-3.49,-28.277,0.077,13
"[-299,-200]",HR≥55/EDG≥5.0/CV≤-/μ≥0.5/TP≥50,60.63,5.0,,0.5,50.0,257,221,134,87,60.63,-12.8,-22.1,-3.49,-28.277,0.077,13
"[-299,-200]",HR≥55/EDG≥5.0/CV≤-/μ≥0.5/TP≥55,60.63,5.0,,0.5,55.0,257,221,134,87,60.63,-12.8,-22.1,-3.49,-28.277,0.077,13
"[-299,-200]",HR≥55/EDG≥5.0/CV≤-/μ≥0.5/TP≥60,60.63,5.0,,0.5,60.0,257,221,134,87,60.63,-12.8,-22.1,-3.49,-28.277,0.077,13
"[-299,-200]",HR≥55/EDG≥5.0/CV≤-/μ≥0.5/TP≥65,63.29,5.0,,0.5,65.0,182,158,100,58,63.29,-10.18,-20.89,0.54,-16.084,0.231,13
"[-299,-200]",HR≥55/EDG≥5.0/CV≤-/μ≥1.0/TP≥-,60.81,5.0,,1.0,,89,74,45,29,60.81,-13.31,-29.31,2.68,-9.853,0.4,10
"[-299,-200]",HR≥55/EDG≥5.0/CV≤-/μ≥1.0/TP≥50,60.81,5.0,,1.0,50.0,89,74,45,29,60.81,-13.31,-29.31,2.68,-9.853,0.4,10
"[-299,-200]",HR≥55/EDG≥5.0/CV≤-/μ≥1.0/TP≥55,60.81,5.0,,1.0,55.0,89,74,45,29,60.81,-13.31,-29.31,2.68,-9.853,0.4,10
"[-299,-200]",HR≥55/EDG≥5.0/CV≤-/μ≥1.0/TP≥60,60.81,5.0,,1.0,60.0,89,74,45,29,60.81,-13.31,-29.31,2.68,-9.853,0.4,10
"[-299,-200]",HR≥55/EDG≥5.0/CV≤-/μ≥1.0/TP≥65,64.29,5.0,,1.0,65.0,66,56,36,20,64.29,-9.48,-27.33,8.38,-5.308,0.4,10
"[-299,-200]",HR≥55/EDG≥5.0/CV≤0.7/μ≥-/TP≥-,61.43,5.0,0.7,,,79,70,43,27,61.43,-12.5,-28.89,3.89,-8.748,0.25,12
"[-299,-200]",HR≥55/EDG≥5.0/CV≤0.7/μ≥-/TP≥50,61.43,5.0,0.7,,50.0,79,70,43,27,61.43,-12.5,-28.89,3.89,-8.748,0.25,12
"[-299,-200]",HR≥55/EDG≥5.0/CV≤0.7/μ≥-/TP≥55,61.43,5.0,0.7,,55.0,79,70,43,27,61.43,-12.5,-28.89,3.89,-8.748,0.25,12
"[-299,-200]",HR≥55/EDG≥5.0/CV≤0.7/μ≥-/TP≥60,61.43,5.0,0.7,,60.0,79,70,43,27,61.43,-12.5,-28.89,3.89,-8.748,0.25,12
"[-299,-200]",HR≥55/EDG≥5.0/CV≤0.7/μ≥-/TP≥65,63.79,5.0,0.7,,65.0,64,58,37,21,63.79,-9.89,-27.54,7.76,-5.738,0.417,12
"[-299,-200]",HR≥55/EDG≥5.0/CV≤0.7/μ≥0.0/TP≥-,61.43,5.0,0.7,0.0,,79,70,43,27,61.43,-12.5,-28.89,3.89,-8.748,0.25,12
"[-299,-200]",HR≥55/EDG≥5.0/CV≤0.7/μ≥0.0/TP≥50,61.43,5.0,0.7,0.0,50.0,79,70,43,27,61.43,-12.5,-28.89,3.89,-8.748,0.25,12
"[-299,-200]",HR≥55/EDG≥5.0/CV≤0.7/μ≥0.0/TP≥55,61.43,5.0,0.7,0.0,55.0,79,70,43,27,61.43,-12.5,-28.89,3.89,-8.748,0.25,12
"[-299,-200]",HR≥55/EDG≥5.0/CV≤0.7/μ≥0.0/TP≥60,61.43,5.0,0.7,0.0,60.0,79,70,43,27,61.43,-12.5,-28.89,3.89,-8.748,0.25,12
"[-299,-200]",HR≥55/EDG≥5.0/CV≤0.7/μ≥0.0/TP≥65,63.79,5.0,0.7,0.0,65.0,64,58,37,21,63.79,-9.89,-27.54,7.76,-5.738,0.417,12
"[-299,-200]",HR≥55/EDG≥5.0/CV≤0.7/μ≥0.5/TP≥-,61.9,5.0,0.7,0.5,,72,63,39,24,61.9,-12.16,-29.34,5.03,-7.659,0.25,12
"[-299,-200]",HR≥55/EDG≥5.0/CV≤0.7/μ≥0.5/TP≥50,61.9,5.0,0.7,0.5,50.0,72,63,39,24,61.9,-12.16,-29.34,5.03,-7.659,0.25,12
"[-299,-200]",HR≥55/EDG≥5.0/CV≤0.7/μ≥0.5/TP≥55,61.9,5.0,0.7,0.5,55.0,72,63,39,24,61.9,-12.16,-29.34,5.03,-7.659,0.25,12
"[-299,-200]",HR≥55/EDG≥5.0/CV≤0.7/μ≥0.5/TP≥60,61.9,5.0,0.7,0.5,60.0,72,63,39,24,61.9,-12.16,-29.34,5.03,-7.659,0.25,12
"[-299,-200]",HR≥55/EDG≥5.0/CV≤0.7/μ≥0.5/TP≥65,64.81,5.0,0.7,0.5,65.0,60,54,35,19,64.81,-8.61,-26.77,9.55,-4.649,0.417,12
"[-299,-200]",HR≥55/EDG≥10.0/CV≤-/μ≥-/TP≥-,61.41,10.0,,,,213,184,113,71,61.41,-11.17,-21.39,-0.96,-20.559,0.154,13
"[-299,-200]",HR≥55/EDG≥10.0/CV≤-/μ≥-/TP≥50,61.41,10.0,,,50.0,213,184,113,71,61.41,-11.17,-21.39,-0.96,-20.559,0.154,13
"[-299,-200]",HR≥55/EDG≥10.0/CV≤-/μ≥-/TP≥55,61.41,10.0,,,55.0,213,184,113,71,61.41,-11.17,-21.39,-0.96,-20.559,0.154,13
"[-299,-200]",HR≥55/EDG≥10.0/CV≤-/μ≥-/TP≥60,61.41,10.0,,,60.0,213,184,113,71,61.41,-11.17,-21.39,-0.96,-20.559,0.154,13
"[-299,-200]",HR≥55/EDG≥10.0/CV≤-/μ≥-/TP≥65,63.49,10.0,,,65.0,144,126,80,46,63.49,-9.45,-21.51,2.6,-11.91,0.231,13
"[-299,-200]",HR≥55/EDG≥10.0/CV≤-/μ≥0.0/TP≥-,61.41,10.0,,0.0,,213,184,113,71,61.41,-11.17,-21.39,-0.96,-20.559,0.154,13
"[-299,-200]",HR≥55/EDG≥10.0/CV≤-/μ≥0.0/TP≥50,61.41,10.0,,0.0,50.0,213,184,113,71,61.41,-11.17,-21.39,-0.96,-20.559,0.154,13
"[-299,-200]",HR≥55/EDG≥10.0/CV≤-/μ≥0.0/TP≥55,61.41,10.0,,0.0,55.0,213,184,113,71,61.41,-11.17,-21.39,-0.96,-20.559,0.154,13
"[-299,-200]",HR≥55/EDG≥10.0/CV≤-/μ≥0.0/TP≥60,61.41,10.0,,0.0,60.0,213,184,113,71,61.41,-11.17,-21.39,-0.96,-20.559,0.154,13
"[-299,-200]",HR≥55/EDG≥10.0/CV≤-/μ≥0.0/TP≥65,63.49,10.0,,0.0,65.0,144,126,80,46,63.49,-9.45,-21.51,2.6,-11.91,0.231,13
"[-299,-200]",HR≥55/EDG≥10.0/CV≤-/μ≥0.5/TP≥-,60.0,10.0,,0.5,,204,175,105,70,60.0,-13.31,-23.84,-2.78,-23.296,0.154,13
"[-299,-200]",HR≥55/EDG≥10.0/CV≤-/μ≥0.5/TP≥50,60.0,10.0,,0.5,50.0,204,175,105,70,60.0,-13.31,-23.84,-2.78,-23.296,0.154,13
"[-299,-200]",HR≥55/EDG≥10.0/CV≤-/μ≥0.5/TP≥55,60.0,10.0,,0.5,55.0,204,175,105,70,60.0,-13.31,-23.84,-2.78,-23.296,0.154,13
"[-299,-200]",HR≥55/EDG≥10.0/CV≤-/μ≥0.5/TP≥60,60.0,10.0,,0.5,60.0,204,175,105,70,60.0,-13.31,-23.84,-2.78,-23.296,0.154,13
"[-299,-200]",HR≥55/EDG≥10.0/CV≤-/μ≥0.5/TP≥65,61.98,10.0,,0.5,65.0,139,121,75,46,61.98,-11.71,-24.1,0.68,-14.171,0.231,13
"[-299,-200]",HR≥55/EDG≥10.0/CV≤-/μ≥1.0/TP≥-,60.27,10.0,,1.0,,88,73,44,29,60.27,-13.96,-30.12,2.2,-10.192,0.4,10
"[-299,-200]",HR≥55/EDG≥10.0/CV≤-/μ≥1.0/TP≥50,60.27,10.0,,1.0,50.0,88,73,44,29,60.27,-13.96,-30.12,2.2,-10.192,0.4,10
"[-299,-200]",HR≥55/EDG≥10.0/CV≤-/μ≥1.0/TP≥55,60.27,10.0,,1.0,55.0,88,73,44,29,60.27,-13.96,-30.12,2.2,-10.192,0.4,10
"[-299,-200]",HR≥55/EDG≥10.0/CV≤-/μ≥1.0/TP≥60,60.27,10.0,,1.0,60.0,88,73,44,29,60.27,-13.96,-30.12,2.2,-10.192,0.4,10
"[-299,-200]",HR≥55/EDG≥10.0/CV≤-/μ≥1.0/TP≥65,63.64,10.0,,1.0,65.0,65,55,35,20,63.64,-10.27,-28.38,7.85,-5.646,0.4,10
"[-299,-200]",HR≥55/EDG≥10.0/CV≤0.7/μ≥-/TP≥-,64.41,10.0,0.7,,,67,59,38,21,64.41,-8.32,-25.89,9.26,-4.908,0.25,12
"[-299,-200]",HR≥55/EDG≥10.0/CV≤0.7/μ≥-/TP≥50,64.41,10.0,0.7,,50.0,67,59,38,21,64.41,-8.32,-25.89,9.26,-4.908,0.25,12
"[-299,-200]",HR≥55/EDG≥10.0/CV≤0.7/μ≥-/TP≥55,64.41,10.0,0.7,,55.0,67,59,38,21,64.41,-8.32,-25.89,9.26,-4.908,0.25,12
"[-299,-200]",HR≥55/EDG≥10.0/CV≤0.7/μ≥-/TP≥60,64.41,10.0,0.7,,60.0,67,59,38,21,64.41,-8.32,-25.89,9.26,-4.908,0.25,12
"[-299,-200]",HR≥55/EDG≥10.0/CV≤0.7/μ≥-/TP≥65,66.0,10.0,0.7,,65.0,55,50,33,17,66.0,-6.8,-25.56,11.97,-3.398,0.417,12
"[-299,-200]",HR≥55/EDG≥10.0/CV≤0.7/μ≥0.0/TP≥-,64.41,10.0,0.7,0.0,,67,59,38,21,64.41,-8.32,-25.89,9.26,-4.908,0.25,12
"[-299,-200]",HR≥55/EDG≥10.0/CV≤0.7/μ≥0.0/TP≥50,64.41,10.0,0.7,0.0,50.0,67,59,38,21,64.41,-8.32,-25.89,9.26,-4.908,0.25,12
"[-299,-200]",HR≥55/EDG≥10.0/CV≤0.7/μ≥0.0/TP≥55,64.41,10.0,0.7,0.0,55.0,67,59,38,21,64.41,-8.32,-25.89,9.26,-4.908,0.25,12
"[-299,-200]",HR≥55/EDG≥10.0/CV≤0.7/μ≥0.0/TP≥60,64.41,10.0,0.7,0.0,60.0,67,59,38,21,64.41,-8.32,-25.89,9.26,-4.908,0.25,12
"[-299,-200]",HR≥55/EDG≥10.0/CV≤0.7/μ≥0.0/TP≥65,66.0,10.0,0.7,0.0,65.0,55,50,33,17,66.0,-6.8,-25.56,11.97,-3.398,0.417,12
"[-299,-200]",HR≥55/EDG≥10.0/CV≤0.7/μ≥0.5/TP≥-,62.5,10.0,0.7,0.5,,64,56,35,21,62.5,-11.28,-29.48,6.91,-6.319,0.182,11
"[-299,-200]",HR≥55/EDG≥10.0/CV≤0.7/μ≥0.5/TP≥50,62.5,10.0,0.7,0.5,50.0,64,56,35,21,62.5,-11.28,-29.48,6.91,-6.319,0.182,11
"[-299,-200]",HR≥55/EDG≥10.0/CV≤0.7/μ≥0.5/TP≥55,62.5,10.0,0.7,0.5,55.0,64,56,35,21,62.5,-11.28,-29.48,6.91,-6.319,0.182,11
"[-299,-200]",HR≥55/EDG≥10.0/CV≤0.7/μ≥0.5/TP≥60,62.5,10.0,0.7,0.5,60.0,64,56,35,21,62.5,-11.28,-29.48,6.91,-6.319,0.182,11
"[-299,-200]",HR≥55/EDG≥10.0/CV≤0.7/μ≥0.5/TP≥65,64.58,10.0,0.7,0.5,65.0,53,48,31,17,64.58,-8.98,-28.28,10.32,-4.309,0.364,11
"[-299,-200]",HR≥60/EDG≥-/CV≤-/μ≥-/TP≥-,58.39,,,,,501,447,261,186,58.39,-15.92,-22.51,-9.32,-71.147,0.077,13
"[-299,-200]",HR≥60/EDG≥-/CV≤-/μ≥-/TP≥50,58.52,,,,50.0,500,446,261,185,58.52,-15.73,-22.33,-9.13,-70.147,0.077,13
"[-299,-200]",HR≥60/EDG≥-/CV≤-/μ≥-/TP≥55,58.56,,,,55.0,497,444,260,184,58.56,-15.66,-22.28,-9.04,-69.531,0.077,13
"[-299,-200]",HR≥60/EDG≥-/CV≤-/μ≥-/TP≥60,58.73,,,,60.0,493,441,259,182,58.73,-15.4,-22.04,-8.77,-67.931,0.154,13
"[-299,-200]",HR≥60/EDG≥-/CV≤-/μ≥-/TP≥65,59.75,,,,65.0,357,323,193,130,59.75,-14.94,-22.57,-7.31,-48.255,0.308,13
"[-299,-200]",HR≥60/EDG≥-/CV≤-/μ≥0.0/TP≥-,58.77,,,0.0,,493,439,258,181,58.77,-15.37,-22.02,-8.72,-67.474,0.077,13
"[-299,-200]",HR≥60/EDG≥-/CV≤-/μ≥0.0/TP≥50,58.77,,,0.0,50.0,493,439,258,181,58.77,-15.37,-22.02,-8.72,-67.474,0.077,13
"[-299,-200]",HR≥60/EDG≥-/CV≤-/μ≥0.0/TP≥55,58.81,,,0.0,55.0,490,437,257,180,58.81,-15.3,-21.96,-8.64,-66.859,0.077,13
"[-299,-200]",HR≥60/EDG≥-/CV≤-/μ≥0.0/TP≥60,58.99,,,0.0,60.0,486,434,256,178,58.99,-15.04,-21.72,-8.35,-65.259,0.154,13
"[-299,-200]",HR≥60/EDG≥-/CV≤-/μ≥0.0/TP≥65,59.94,,,0.0,65.0,351,317,190,127,59.94,-14.69,-22.39,-7.0,-46.583,0.308,13
"[-299,-200]",HR≥60/EDG≥-/CV≤-/μ≥0.5/TP≥-,61.11,,,0.5,,265,234,143,91,61.11,-12.24,-21.25,-3.24,-28.651,0.231,13
"[-299,-200]",HR≥60/EDG≥-/CV≤-/μ≥0.5/TP≥50,61.11,,,0.5,50.0,265,234,143,91,61.11,-12.24,-21.25,-3.24,-28.651,0.231,13
"[-299,-200]",HR≥60/EDG≥-/CV≤-/μ≥0.5/TP≥55,61.11,,,0.5,55.0,265,234,143,91,61.11,-12.24,-21.25,-3.24,-28.651,0.231,13
"[-299,-200]",HR≥60/EDG≥-/CV≤-/μ≥0.5/TP≥60,61.11,,,0.5,60.0,265,234,143,91,61.11,-12.24,-21.25,-3.24,-28.651,0.231,13
"[-299,-200]",HR≥60/EDG≥-/CV≤-/μ≥0.5/TP≥65,63.22,,,0.5,65.0,195,174,110,64,63.22,-10.31,-20.51,-0.1,-17.931,0.385,13
"[-299,-200]",HR≥60/EDG≥-/CV≤-/μ≥1.0/TP≥-,61.29,,,1.0,,76,62,38,24,61.29,-12.99,-30.37,4.39,-8.054,0.4,10
"[-299,-200]",HR≥60/EDG≥-/CV≤-/μ≥1.0/TP≥50,61.29,,,1.0,50.0,76,62,38,24,61.29,-12.99,-30.37,4.39,-8.054,0.4,10
"[-299,-200]",HR≥60/EDG≥-/CV≤-/μ≥1.0/TP≥55,61.29,,,1.0,55.0,76,62,38,24,61.29,-12.99,-30.37,4.39,-8.054,0.4,10
"[-299,-200]",HR≥60/EDG≥-/CV≤-/μ≥1.0/TP≥60,61.29,,,1.0,60.0,76,62,38,24,61.29,-12.99,-30.37,4.39,-8.054,0.4,10
"[-299,-200]",HR≥60/EDG≥-/CV≤-/μ≥1.0/TP≥65,65.31,,,1.0,65.0,59,49,32,17,65.31,-8.18,-27.14,10.78,-4.008,0.6,10
"[-299,-200]",HR≥60/EDG≥-/CV≤0.7/μ≥-/TP≥-,60.75,,0.7,,,122,107,65,42,60.75,-13.57,-26.81,-0.32,-14.516,0.333,12
"[-299,-200]",HR≥60/EDG≥-/CV≤0.7/μ≥-/TP≥50,60.75,,0.7,,50.0,122,107,65,42,60.75,-13.57,-26.81,-0.32,-14.516,0.333,12
"[-299,-200]",HR≥60/EDG≥-/CV≤0.7/μ≥-/TP≥55,60.75,,0.7,,55.0,121,107,65,42,60.75,-13.57,-26.81,-0.32,-14.516,0.333,12
"[-299,-200]",HR≥60/EDG≥-/CV≤0.7/μ≥-/TP≥60,61.32,,0.7,,60.0,120,106,65,41,61.32,-12.75,-26.03,0.52,-13.516,0.333,12
"[-299,-200]",HR≥60/EDG≥-/CV≤0.7/μ≥-/TP≥65,63.74,,0.7,,65.0,102,91,58,33,63.74,-9.9,-23.96,4.16,-9.006,0.5,12
"[-299,-200]",HR≥60/EDG≥-/CV≤0.7/μ≥0.0/TP≥-,60.58,,0.7,0.0,,119,104,63,41,60.58,-13.81,-27.26,-0.37,-14.367,0.333,12
"[-299,-200]",HR≥60/EDG≥-/CV≤0.7/μ≥0.0/TP≥50,60.58,,0.7,0.0,50.0,119,104,63,41,60.58,-13.81,-27.26,-0.37,-14.367,0.333,12
"[-299,-200]",HR≥60/EDG≥-/CV≤0.7/μ≥0.0/TP≥55,60.58,,0.7,0.0,55.0,118,104,63,41,60.58,-13.81,-27.26,-0.37,-14.367,0.333,12
"[-299,-200]",HR≥60/EDG≥-/CV≤0.7/μ≥0.0/TP≥60,61.17,,0.7,0.0,60.0,117,103,63,40,61.17,-12.98,-26.46,0.5,-13.367,0.333,12
"[-299,-200]",HR≥60/EDG≥-/CV≤0.7/μ≥0.0/TP≥65,63.64,,0.7,0.0,65.0,99,88,56,32,63.64,-10.07,-24.37,4.24,-8.858,0.5,12
"[-299,-200]",HR≥60/EDG≥-/CV≤0.7/μ≥0.5/TP≥-,63.64,,0.7,0.5,,75,66,42,24,63.64,-9.83,-26.43,6.77,-6.49,0.333,12
"[-299,-200]",HR≥60/EDG≥-/CV≤0.7/μ≥0.5/TP≥50,63.64,,0.7,0.5,50.0,75,66,42,24,63.64,-9.83,-26.43,6.77,-6.49,0.333,12
"[-299,-200]",HR≥60/EDG≥-/CV≤0.7/μ≥0.5/TP≥55,63.64,,0.7,0.5,55.0,75,66,42,24,63.64,-9.83,-26.43,6.77,-6.49,0.333,12
"[-299,-200]",HR≥60/EDG≥-/CV≤0.7/μ≥0.5/TP≥60,63.64,,0.7,0.5,60.0,75,66,42,24,63.64,-9.83,-26.43,6.77,-6.49,0.333,12
"[-299,-200]",HR≥60/EDG≥-/CV≤0.7/μ≥0.5/TP≥65,66.67,,0.7,0.5,65.0,63,57,38,19,66.67,-6.11,-23.53,11.31,-3.481,0.417,12
"[-299,-200]",HR≥60/EDG≥-/CV≤0.6/μ≥-/TP≥-,60.0,,0.6,,,40,35,21,14,60.0,-14.14,-37.74,9.46,-4.949,0.417,12
"[-299,-200]",HR≥60/EDG≥-/CV≤0.6/μ≥-/TP≥50,60.0,,0.6,,50.0,40,35,21,14,60.0,-14.14,-37.74,9.46,-4.949,0.417,12
"[-299,-200]",HR≥60/EDG≥-/CV≤0.6/μ≥-/TP≥55,60.0,,0.6,,55.0,40,35,21,14,60.0,-14.14,-37.74,9.46,-4.949,0.417,12
"[-299,-200]",HR≥60/EDG≥-/CV≤0.6/μ≥-/TP≥60,61.76,,0.6,,60.0,39,34,21,13,61.76,-11.61,-35.38,12.15,-3.949,0.417,12
"[-299,-200]",HR≥60/EDG≥-/CV≤0.6/μ≥0.0/TP≥-,60.0,,0.6,0.0,,40,35,21,14,60.0,-14.14,-37.74,9.46,-4.949,0.417,12
"[-299,-200]",HR≥60/EDG≥-/CV≤0.6/μ≥0.0/TP≥50,60.0,,0.6,0.0,50.0,40,35,21,14,60.0,-14.14,-37.74,9.46,-4.949,0.417,12
"[-299,-200]",HR≥60/EDG≥-/CV≤0.6/μ≥0.0/TP≥55,60.0,,0.6,0.0,55.0,40,35,21,14,60.0,-14.14,-37.74,9.46,-4.949,0.417,12
"[-299,-200]",HR≥60/EDG≥-/CV≤0.6/μ≥0.0/TP≥60,61.76,,0.6,0.0,60.0,39,34,21,13,61.76,-11.61,-35.38,12.15,-3.949,0.417,12
"[-299,-200]",HR≥60/EDG≥-5.0/CV≤-/μ≥-/TP≥-,60.18,-5.0,,,,369,334,201,133,60.18,-13.19,-20.78,-5.59,-44.044,0.231,13
"[-299,-200]",HR≥60/EDG≥-5.0/CV≤-/μ≥-/TP≥50,60.18,-5.0,,,50.0,369,334,201,133,60.18,-13.19,-20.78,-5.59,-44.044,0.231,13
"[-299,-200]",HR≥60/EDG≥-5.0/CV≤-/μ≥-/TP≥55,60.18,-5.0,,,55.0,369,334,201,133,60.18,-13.19,-20.78,-5.59,-44.044,0.231,13
"[-299,-200]",HR≥60/EDG≥-5.0/CV≤-/μ≥-/TP≥60,60.18,-5.0,,,60.0,369,334,201,133,60.18,-13.19,-20.78,-5.59,-44.044,0.231,13
"[-299,-200]",HR≥60/EDG≥-5.0/CV≤-/μ≥-/TP≥65,60.74,-5.0,,,65.0,266,242,147,95,60.74,-13.51,-22.3,-4.72,-32.698,0.231,13
"[-299,-200]",HR≥60/EDG≥-5.0/CV≤-/μ≥0.0/TP≥-,60.18,-5.0,,0.0,,369,334,201,133,60.18,-13.19,-20.78,-5.59,-44.044,0.231,13
"[-299,-200]",HR≥60/EDG≥-5.0/CV≤-/μ≥0.0/TP≥50,60.18,-5.0,,0.0,50.0,369,334,201,133,60.18,-13.19,-20.78,-5.59,-44.044,0.231,13
"[-299,-200]",HR≥60/EDG≥-5.0/CV≤-/μ≥0.0/TP≥55,60.18,-5.0,,0.0,55.0,369,334,201,133,60.18,-13.19,-20.78,-5.59,-44.044,0.231,13
"[-299,-200]",HR≥60/EDG≥-5.0/CV≤-/μ≥0.0/TP≥60,60.18,-5.0,,0.0,60.0,369,334,201,133,60.18,-13.19,-20.78,-5.59,-44.044,0.231,13
"[-299,-200]",HR≥60/EDG≥-5.0/CV≤-/μ≥0.0/TP≥65,60.74,-5.0,,0.0,65.0,266,242,147,95,60.74,-13.51,-22.3,-4.72,-32.698,0.231,13
"[-299,-200]",HR≥60/EDG≥-5.0/CV≤-/μ≥0.5/TP≥-,61.11,-5.0,,0.5,,265,234,143,91,61.11,-12.24,-21.25,-3.24,-28.651,0.231,13
"[-299,-200]",HR≥60/EDG≥-5.0/CV≤-/μ≥0.5/TP≥50,61.11,-5.0,,0.5,50.0,265,234,143,91,61.11,-12.24,-21.25,-3.24,-28.651,0.231,13
"[-299,-200]",HR≥60/EDG≥-5.0/CV≤-/μ≥0.5/TP≥55,61.11,-5.0,,0.5,55.0,265,234,143,91,61.11,-12.24,-21.25,-3.24,-28.651,0.231,13
"[-299,-200]",HR≥60/EDG≥-5.0/CV≤-/μ≥0.5/TP≥60,61.11,-5.0,,0.5,60.0,265,234,143,91,61.11,-12.24,-21.25,-3.24,-28.651,0.231,13
"[-299,-200]",HR≥60/EDG≥-5.0/CV≤-/μ≥0.5/TP≥65,63.22,-5.0,,0.5,65.0,195,174,110,64,63.22,-10.31,-20.51,-0.1,-17.931,0.385,13
"[-299,-200]",HR≥60/EDG≥-5.0/CV≤-/μ≥1.0/TP≥-,61.29,-5.0,,1.0,,76,62,38,24,61.29,-12.99,-30.37,4.39,-8.054,0.4,10
"[-299,-200]",HR≥60/EDG≥-5.0/CV≤-/μ≥1.0/TP≥50,61.29,-5.0,,1.0,50.0,76,62,38,24,61.29,-12.99,-30.37,4.39,-8.054,0.4,10
"[-299,-200]",HR≥60/EDG≥-5.0/CV≤-/μ≥1.0/TP≥55,61.29,-5.0,,1.0,55.0,76,62,38,24,61.29,-12.99,-30.37,4.39,-8.054,0.4,10
"[-299,-200]",HR≥60/EDG≥-5.0/CV≤-/μ≥1.0/TP≥60,61.29,-5.0,,1.0,60.0,76,62,38,24,61.29,-12.99,-30.37,4.39,-8.054,0.4,10
"[-299,-200]",HR≥60/EDG≥-5.0/CV≤-/μ≥1.0/TP≥65,65.31,-5.0,,1.0,65.0,59,49,32,17,65.31,-8.18,-27.14,10.78,-4.008,0.6,10
"[-299,-200]",HR≥60/EDG≥-5.0/CV≤0.7/μ≥-/TP≥-,60.87,-5.0,0.7,,,103,92,56,36,60.87,-13.36,-27.65,0.94,-12.288,0.333,12
"[-299,-200]",HR≥60/EDG≥-5.0/CV≤0.7/μ≥-/TP≥50,60.87,-5.0,0.7,,50.0,103,92,56,36,60.87,-13.36,-27.65,0.94,-12.288,0.333,12
"[-299,-200]",HR≥60/EDG≥-5.0/CV≤0.7/μ≥-/TP≥55,60.87,-5.0,0.7,,55.0,103,92,56,36,60.87,-13.36,-27.65,0.94,-12.288,0.333,12
"[-299,-200]",HR≥60/EDG≥-5.0/CV≤0.7/μ≥-/TP≥60,60.87,-5.0,0.7,,60.0,103,92,56,36,60.87,-13.36,-27.65,0.94,-12.288,0.333,12
"[-299,-200]",HR≥60/EDG≥-5.0/CV≤0.7/μ≥-/TP≥65,62.82,-5.0,0.7,,65.0,86,78,49,29,62.82,-11.25,-26.53,4.02,-8.778,0.417,12
"[-299,-200]",HR≥60/EDG≥-5.0/CV≤0.7/μ≥0.0/TP≥-,60.87,-5.0,0.7,0.0,,103,92,56,36,60.87,-13.36,-27.65,0.94,-12.288,0.333,12
"[-299,-200]",HR≥60/EDG≥-5.0/CV≤0.7/μ≥0.0/TP≥50,60.87,-5.0,0.7,0.0,50.0,103,92,56,36,60.87,-13.36,-27.65,0.94,-12.288,0.333,12
"[-299,-200]",HR≥60/EDG≥-5.0/CV≤0.7/μ≥0.0/TP≥55,60.87,-5.0,0.7,0.0,55.0,103,92,56,36,60.87,-13.36,-27.65,0.94,-12.288,0.333,12
"[-299,-200]",HR≥60/EDG≥-5.0/CV≤0.7/μ≥0.0/TP≥60,60.87,-5.0,0.7,0.0,60.0,103,92,56,36,60.87,-13.36,-27.65,0.94,-12.288,0.333,12
"[-299,-200]",HR≥60/EDG≥-5.0/CV≤0.7/μ≥0.0/TP≥65,62.82,-5.0,0.7,0.0,65.0,86,78,49,29,62.82,-11.25,-26.53,4.02,-8.778,0.417,12
"[-299,-200]",HR≥60/EDG≥-5.0/CV≤0.7/μ≥0.5/TP≥-,63.64,-5.0,0.7,0.5,,75,66,42,24,63.64,-9.83,-26.43,6.77,-6.49,0.333,12
"[-299,-200]",HR≥60/EDG≥-5.0/CV≤0.7/μ≥0.5/TP≥50,63.64,-5.0,0.7,0.5,50.0,75,66,42,24,63.64,-9.83,-26.43,6.77,-6.49,0.333,12
"[-299,-200]",HR≥60/EDG≥-5.0/CV≤0.7/μ≥0.5/TP≥55,63.64,-5.0,0.7,0.5,55.0,75,66,42,24,63.64,-9.83,-26.43,6.77,-6.49,0.333,12
"[-299,-200]",HR≥60/EDG≥-5.0/CV≤0.7/μ≥0.5/TP≥60,63.64,-5.0,0.7,0.5,60.0,75,66,42,24,63.64,-9.83,-26.43,6.77,-6.49,0.333,12
"[-299,-200]",HR≥60/EDG≥-5.0/CV≤0.7/μ≥0.5/TP≥65,66.67,-5.0,0.7,0.5,65.0,63,57,38,19,66.67,-6.11,-23.53,11.31,-3.481,0.417,12
"[-299,-200]",HR≥60/EDG≥-5.0/CV≤0.6/μ≥-/TP≥-,65.62,-5.0,0.6,,,36,32,21,11,65.62,-6.09,-30.06,17.88,-1.949,0.417,12
"[-299,-200]",HR≥60/EDG≥-5.0/CV≤0.6/μ≥-/TP≥50,65.62,-5.0,0.6,,50.0,36,32,21,11,65.62,-6.09,-30.06,17.88,-1.949,0.417,12
"[-299,-200]",HR≥60/EDG≥-5.0/CV≤0.6/μ≥-/TP≥55,65.62,-5.0,0.6,,55.0,36,32,21,11,65.62,-6.09,-30.06,17.88,-1.949,0.417,12
"[-299,-200]",HR≥60/EDG≥-5.0/CV≤0.6/μ≥-/TP≥60,65.62,-5.0,0.6,,60.0,36,32,21,11,65.62,-6.09,-30.06,17.88,-1.949,0.417,12
"[-299,-200]",HR≥60/EDG≥-5.0/CV≤0.6/μ≥0.0/TP≥-,65.62,-5.0,0.6,0.0,,36,32,21,11,65.62,-6.09,-30.06,17.88,-1.949,0.417,12
"[-299,-200]",HR≥60/EDG≥-5.0/CV≤0.6/μ≥0.0/TP≥50,65.62,-5.0,0.6,0.0,50.0,36,32,21,11,65.62,-6.09,-30.06,17.88,-1.949,0.417,12
"[-299,-200]",HR≥60/EDG≥-5.0/CV≤0.6/μ≥0.0/TP≥55,65.62,-5.0,0.6,0.0,55.0,36,32,21,11,65.62,-6.09,-30.06,17.88,-1.949,0.417,12
"[-299,-200]",HR≥60/EDG≥-5.0/CV≤0.6/μ≥0.0/TP≥60,65.62,-5.0,0.6,0.0,60.0,36,32,21,11,65.62,-6.09,-30.06,17.88,-1.949,0.417,12
"[-299,-200]",HR≥60/EDG≥0.0/CV≤-/μ≥-/TP≥-,63.02,0.0,,,,298,265,167,98,63.02,-9.12,-17.53,-0.71,-24.175,0.308,13
"[-299,-200]",HR≥60/EDG≥0.0/CV≤-/μ≥-/TP≥50,63.02,0.0,,,50.0,298,265,167,98,63.02,-9.12,-17.53,-0.71,-24.175,0.308,13
"[-299,-200]",HR≥60/EDG≥0.0/CV≤-/μ≥-/TP≥55,63.02,0.0,,,55.0,298,265,167,98,63.02,-9.12,-17.53,-0.71,-24.175,0.308,13
"[-299,-200]",HR≥60/EDG≥0.0/CV≤-/μ≥-/TP≥60,63.02,0.0,,,60.0,298,265,167,98,63.02,-9.12,-17.53,-0.71,-24.175,0.308,13
"[-299,-200]",HR≥60/EDG≥0.0/CV≤-/μ≥-/TP≥65,64.36,0.0,,,65.0,210,188,121,67,64.36,-8.43,-18.21,1.35,-15.853,0.385,13
"[-299,-200]",HR≥60/EDG≥0.0/CV≤-/μ≥0.0/TP≥-,63.02,0.0,,0.0,,298,265,167,98,63.02,-9.12,-17.53,-0.71,-24.175,0.308,13
"[-299,-200]",HR≥60/EDG≥0.0/CV≤-/μ≥0.0/TP≥50,63.02,0.0,,0.0,50.0,298,265,167,98,63.02,-9.12,-17.53,-0.71,-24.175,0.308,13
"[-299,-200]",HR≥60/EDG≥0.0/CV≤-/μ≥0.0/TP≥55,63.02,0.0,,0.0,55.0,298,265,167,98,63.02,-9.12,-17.53,-0.71,-24.175,0.308,13
"[-299,-200]",HR≥60/EDG≥0.0/CV≤-/μ≥0.0/TP≥60,63.02,0.0,,0.0,60.0,298,265,167,98,63.02,-9.12,-17.53,-0.71,-24.175,0.308,13
"[-299,-200]",HR≥60/EDG≥0.0/CV≤-/μ≥0.0/TP≥65,64.36,0.0,,0.0,65.0,210,188,121,67,64.36,-8.43,-18.21,1.35,-15.853,0.385,13
"[-299,-200]",HR≥60/EDG≥0.0/CV≤-/μ≥0.5/TP≥-,61.64,0.0,,0.5,,250,219,135,84,61.64,-11.42,-20.71,-2.13,-25.005,0.231,13
"[-299,-200]",HR≥60/EDG≥0.0/CV≤-/μ≥0.5/TP≥50,61.64,0.0,,0.5,50.0,250,219,135,84,61.64,-11.42,-20.71,-2.13,-25.005,0.231,13
"[-299,-200]",HR≥60/EDG≥0.0/CV≤-/μ≥0.5/TP≥55,61.64,0.0,,0.5,55.0,250,219,135,84,61.64,-11.42,-20.71,-2.13,-25.005,0.231,13
"[-299,-200]",HR≥60/EDG≥0.0/CV≤-/μ≥0.5/TP≥60,61.64,0.0,,0.5,60.0,250,219,135,84,61.64,-11.42,-20.71,-2.13,-25.005,0.231,13
"[-299,-200]",HR≥60/EDG≥0.0/CV≤-/μ≥0.5/TP≥65,64.38,0.0,,0.5,65.0,181,160,103,57,64.38,-8.62,-19.2,1.97,-13.784,0.385,13
"[-299,-200]",HR≥60/EDG≥0.0/CV≤-/μ≥1.0/TP≥-,61.29,0.0,,1.0,,76,62,38,24,61.29,-12.99,-30.37,4.39,-8.054,0.4,10
"[-299,-200]",HR≥60/EDG≥0.0/CV≤-/μ≥1.0/TP≥50,61.29,0.0,,1.0,50.0,76,62,38,24,61.29,-12.99,-30.37,4.39,-8.054,0.4,10
"[-299,-200]",HR≥60/EDG≥0.0/CV≤-/μ≥1.0/TP≥55,61.29,0.0,,1.0,55.0,76,62,38,24,61.29,-12.99,-30.37,4.39,-8.054,0.4,10
"[-299,-200]",HR≥60/EDG≥0.0/CV≤-/μ≥1.0/TP≥60,61.29,0.0,,1.0,60.0,76,62,38,24,61.29,-12.99,-30.37,4.39,-8.054,0.4,10
"[-299,-200]",HR≥60/EDG≥0.0/CV≤-/μ≥1.0/TP≥65,65.31,0.0,,1.0,65.0,59,49,32,17,65.31,-8.18,-27.14,10.78,-4.008,0.6,10
"[-299,-200]",HR≥60/EDG≥0.0/CV≤0.7/μ≥-/TP≥-,62.2,0.0,0.7,,,91,82,51,31,62.2,-11.51,-26.56,3.55,-9.437,0.417,12
"[-299,-200]",HR≥60/EDG≥0.0/CV≤0.7/μ≥-/TP≥50,62.2,0.0,0.7,,50.0,91,82,51,31,62.2,-11.51,-26.56,3.55,-9.437,0.417,12
"[-299,-200]",HR≥60/EDG≥0.0/CV≤0.7/μ≥-/TP≥55,62.2,0.0,0.7,,55.0,91,82,51,31,62.2,-11.51,-26.56,3.55,-9.437,0.417,12
"[-299,-200]",HR≥60/EDG≥0.0/CV≤0.7/μ≥-/TP≥60,62.2,0.0,0.7,,60.0,91,82,51,31,62.2,-11.51,-26.56,3.55,-9.437,0.417,12
"[-299,-200]",HR≥60/EDG≥0.0/CV≤0.7/μ≥-/TP≥65,63.77,0.0,0.7,,65.0,75,69,44,25,63.77,-10.04,-26.18,6.1,-6.927,0.417,12
"[-299,-200]",HR≥60/EDG≥0.0/CV≤0.7/μ≥0.0/TP≥-,62.2,0.0,0.7,0.0,,91,82,51,31,62.2,-11.51,-26.56,3.55,-9.437,0.417,12
"[-299,-200]",HR≥60/EDG≥0.0/CV≤0.7/μ≥0.0/TP≥50,62.2,0.0,0.7,0.0,50.0,91,82,51,31,62.2,-11.51,-26.56,3.55,-9.437,0.417,12
"[-299,-200]",HR≥60/EDG≥0.0/CV≤0.7/μ≥0.0/TP≥55,62.2,0.0,0.7,0.0,55.0,91,82,51,31,62.2,-11.51,-26.56,3.55,-9.437,0.417,12
"[-299,-200]",HR≥60/EDG≥0.0/CV≤0.7/μ≥0.0/TP≥60,62.2,0.0,0.7,0.0,60.0,91,82,51,31,62.2,-11.51,-26.56,3.55,-9.437,0.417,12
"[-299,-200]",HR≥60/EDG≥0.0/CV≤0.7/μ≥0.0/TP≥65,63.77,0.0,0.7,0.0,65.0,75,69,44,25,63.77,-10.04,-26.18,6.1,-6.927,0.417,12
"[-299,-200]",HR≥60/EDG≥0.0/CV≤0.7/μ≥0.5/TP≥-,63.64,0.0,0.7,0.5,,75,66,42,24,63.64,-9.83,-26.43,6.77,-6.49,0.333,12
"[-299,-200]",HR≥60/EDG≥0.0/CV≤0.7/μ≥0.5/TP≥50,63.64,0.0,0.7,0.5,50.0,75,66,42,24,63.64,-9.83,-26.43,6.77,-6.49,0.333,12
"[-299,-200]",HR≥60/EDG≥0.0/CV≤0.7/μ≥0.5/TP≥55,63.64,0.0,0.7,0.5,55.0,75,66,42,24,63.64,-9.83,-26.43,6.77,-6.49,0.333,12
"[-299,-200]",HR≥60/EDG≥0.0/CV≤0.7/μ≥0.5/TP≥60,63.64,0.0,0.7,0.5,60.0,75,66,42,24,63.64,-9.83,-26.43,6.77,-6.49,0.333,12
"[-299,-200]",HR≥60/EDG≥0.0/CV≤0.7/μ≥0.5/TP≥65,66.67,0.0,0.7,0.5,65.0,63,57,38,19,66.67,-6.11,-23.53,11.31,-3.481,0.417,12
"[-299,-200]",HR≥60/EDG≥5.0/CV≤-/μ≥-/TP≥-,61.42,5.0,,,,224,197,121,76,61.42,-11.53,-21.36,-1.69,-22.707,0.385,13
"[-299,-200]",HR≥60/EDG≥5.0/CV≤-/μ≥-/TP≥50,61.42,5.0,,,50.0,224,197,121,76,61.42,-11.53,-21.36,-1.69,-22.707,0.385,13
"[-299,-200]",HR≥60/EDG≥5.0/CV≤-/μ≥-/TP≥55,61.42,5.0,,,55.0,224,197,121,76,61.42,-11.53,-21.36,-1.69,-22.707,0.385,13
"[-299,-200]",HR≥60/EDG≥5.0/CV≤-/μ≥-/TP≥60,61.42,5.0,,,60.0,224,197,121,76,61.42,-11.53,-21.36,-1.69,-22.707,0.385,13
"[-299,-200]",HR≥60/EDG≥5.0/CV≤-/μ≥-/TP≥65,63.57,5.0,,,65.0,158,140,89,51,63.57,-9.66,-21.04,1.73,-13.522,0.538,13
"[-299,-200]",HR≥60/EDG≥5.0/CV≤-/μ≥0.0/TP≥-,61.42,5.0,,0.0,,224,197,121,76,61.42,-11.53,-21.36,-1.69,-22.707,0.385,13
"[-299,-200]",HR≥60/EDG≥5.0/CV≤-/μ≥0.0/TP≥50,61.42,5.0,,0.0,50.0,224,197,121,76,61.42,-11.53,-21.36,-1.69,-22.707,0.385,13
"[-299,-200]",HR≥60/EDG≥5.0/CV≤-/μ≥0.0/TP≥55,61.42,5.0,,0.0,55.0,224,197,121,76,61.42,-11.53,-21.36,-1.69,-22.707,0.385,13
"[-299,-200]",HR≥60/EDG≥5.0/CV≤-/μ≥0.0/TP≥60,61.42,5.0,,0.0,60.0,224,197,121,76,61.42,-11.53,-21.36,-1.69,-22.707,0.385,13
"[-299,-200]",HR≥60/EDG≥5.0/CV≤-/μ≥0.0/TP≥65,63.57,5.0,,0.0,65.0,158,140,89,51,63.57,-9.66,-21.04,1.73,-13.522,0.538,13
"[-299,-200]",HR≥60/EDG≥5.0/CV≤-/μ≥0.5/TP≥-,61.33,5.0,,0.5,,208,181,111,70,61.33,-11.83,-22.08,-1.58,-21.412,0.231,13
"[-299,-200]",HR≥60/EDG≥5.0/CV≤-/μ≥0.5/TP≥50,61.33,5.0,,0.5,50.0,208,181,111,70,61.33,-11.83,-22.08,-1.58,-21.412,0.231,13
"[-299,-200]",HR≥60/EDG≥5.0/CV≤-/μ≥0.5/TP≥55,61.33,5.0,,0.5,55.0,208,181,111,70,61.33,-11.83,-22.08,-1.58,-21.412,0.231,13
"[-299,-200]",HR≥60/EDG≥5.0/CV≤-/μ≥0.5/TP≥60,61.33,5.0,,0.5,60.0,208,181,111,70,61.33,-11.83,-22.08,-1.58,-21.412,0.231,13
"[-299,-200]",HR≥60/EDG≥5.0/CV≤-/μ≥0.5/TP≥65,64.12,5.0,,0.5,65.0,149,131,84,47,64.12,-8.98,-20.7,2.74,-11.764,0.538,13
"[-299,-200]",HR≥60/EDG≥5.0/CV≤-/μ≥1.0/TP≥-,61.29,5.0,,1.0,,76,62,38,24,61.29,-12.99,-30.37,4.39,-8.054,0.4,10
"[-299,-200]",HR≥60/EDG≥5.0/CV≤-/μ≥1.0/TP≥50,61.29,5.0,,1.0,50.0,76,62,38,24,61.29,-12.99,-30.37,4.39,-8.054,0.4,10
"[-299,-200]",HR≥60/EDG≥5.0/CV≤-/μ≥1.0/TP≥55,61.29,5.0,,1.0,55.0,76,62,38,24,61.29,-12.99,-30.37,4.39,-8.054,0.4,10
"[-299,-200]",HR≥60/EDG≥5.0/CV≤-/μ≥1.0/TP≥60,61.29,5.0,,1.0,60.0,76,62,38,24,61.29,-12.99,-30.37,4.39,-8.054,0.4,10
"[-299,-200]",HR≥60/EDG≥5.0/CV≤-/μ≥1.0/TP≥65,65.31,5.0,,1.0,65.0,59,49,32,17,65.31,-8.18,-27.14,10.78,-4.008,0.6,10
"[-299,-200]",HR≥60/EDG≥5.0/CV≤0.7/μ≥-/TP≥-,61.43,5.0,0.7,,,79,70,43,27,61.43,-12.5,-28.89,3.89,-8.748,0.25,12
"[-299,-200]",HR≥60/EDG≥5.0/CV≤0.7/μ≥-/TP≥50,61.43,5.0,0.7,,50.0,79,70,43,27,61.43,-12.5,-28.89,3.89,-8.748,0.25,12
"[-299,-200]",HR≥60/EDG≥5.0/CV≤0.7/μ≥-/TP≥55,61.43,5.0,0.7,,55.0,79,70,43,27,61.43,-12.5,-28.89,3.89,-8.748,0.25,12
"[-299,-200]",HR≥60/EDG≥5.0/CV≤0.7/μ≥-/TP≥60,61.43,5.0,0.7,,60.0,79,70,43,27,61.43,-12.5,-28.89,3.89,-8.748,0.25,12
"[-299,-200]",HR≥60/EDG≥5.0/CV≤0.7/μ≥-/TP≥65,63.79,5.0,0.7,,65.0,64,58,37,21,63.79,-9.89,-27.54,7.76,-5.738,0.417,12
"[-299,-200]",HR≥60/EDG≥5.0/CV≤0.7/μ≥0.0/TP≥-,61.43,5.0,0.7,0.0,,79,70,43,27,61.43,-12.5,-28.89,3.89,-8.748,0.25,12
"[-299,-200]",HR≥60/EDG≥5.0/CV≤0.7/μ≥0.0/TP≥50,61.43,5.0,0.7,0.0,50.0,79,70,43,27,61.43,-12.5,-28.89,3.89,-8.748,0.25,12
"[-299,-200]",HR≥60/EDG≥5.0/CV≤0.7/μ≥0.0/TP≥55,61.43,5.0,0.7,0.0,55.0,79,70,43,27,61.43,-12.5,-28.89,3.89,-8.748,0.25,12
"[-299,-200]",HR≥60/EDG≥5.0/CV≤0.7/μ≥0.0/TP≥60,61.43,5.0,0.7,0.0,60.0,79,70,43,27,61.43,-12.5,-28.89,3.89,-8.748,0.25,12
"[-299,-200]",HR≥60/EDG≥5.0/CV≤0.7/μ≥0.0/TP≥65,63.79,5.0,0.7,0.0,65.0,64,58,37,21,63.79,-9.89,-27.54,7.76,-5.738,0.417,12
"[-299,-200]",HR≥60/EDG≥5.0/CV≤0.7/μ≥0.5/TP≥-,61.9,5.0,0.7,0.5,,72,63,39,24,61.9,-12.16,-29.34,5.03,-7.659,0.25,12
"[-299,-200]",HR≥60/EDG≥5.0/CV≤0.7/μ≥0.5/TP≥50,61.9,5.0,0.7,0.5,50.0,72,63,39,24,61.9,-12.16,-29.34,5.03,-7.659,0.25,12
"[-299,-200]",HR≥60/EDG≥5.0/CV≤0.7/μ≥0.5/TP≥55,61.9,5.0,0.7,0.5,55.0,72,63,39,24,61.9,-12.16,-29.34,5.03,-7.659,0.25,12
"[-299,-200]",HR≥60/EDG≥5.0/CV≤0.7/μ≥0.5/TP≥60,61.9,5.0,0.7,0.5,60.0,72,63,39,24,61.9,-12.16,-29.34,5.03,-7.659,0.25,12
"[-299,-200]",HR≥60/EDG≥5.0/CV≤0.7/μ≥0.5/TP≥65,64.81,5.0,0.7,0.5,65.0,60,54,35,19,64.81,-8.61,-26.77,9.55,-4.649,0.417,12
"[-299,-200]",HR≥60/EDG≥10.0/CV≤-/μ≥-/TP≥-,62.16,10.0,,,,171,148,92,56,62.16,-10.23,-21.57,1.11,-15.138,0.385,13
"[-299,-200]",HR≥60/EDG≥10.0/CV≤-/μ≥-/TP≥50,62.16,10.0,,,50.0,171,148,92,56,62.16,-10.23,-21.57,1.11,-15.138,0.385,13
"[-299,-200]",HR≥60/EDG≥10.0/CV≤-/μ≥-/TP≥55,62.16,10.0,,,55.0,171,148,92,56,62.16,-10.23,-21.57,1.11,-15.138,0.385,13
"[-299,-200]",HR≥60/EDG≥10.0/CV≤-/μ≥-/TP≥60,62.16,10.0,,,60.0,171,148,92,56,62.16,-10.23,-21.57,1.11,-15.138,0.385,13
"[-299,-200]",HR≥60/EDG≥10.0/CV≤-/μ≥-/TP≥65,65.05,10.0,,,65.0,118,103,67,36,65.05,-7.32,-20.52,5.89,-7.535,0.538,13
"[-299,-200]",HR≥60/EDG≥10.0/CV≤-/μ≥0.0/TP≥-,62.16,10.0,,0.0,,171,148,92,56,62.16,-10.23,-21.57,1.11,-15.138,0.385,13
"[-299,-200]",HR≥60/EDG≥10.0/CV≤-/μ≥0.0/TP≥50,62.16,10.0,,0.0,50.0,171,148,92,56,62.16,-10.23,-21.57,1.11,-15.138,0.385,13
"[-299,-200]",HR≥60/EDG≥10.0/CV≤-/μ≥0.0/TP≥55,62.16,10.0,,0.0,55.0,171,148,92,56,62.16,-10.23,-21.57,1.11,-15.138,0.385,13
"[-299,-200]",HR≥60/EDG≥10.0/CV≤-/μ≥0.0/TP≥60,62.16,10.0,,0.0,60.0,171,148,92,56,62.16,-10.23,-21.57,1.11,-15.138,0.385,13
"[-299,-200]",HR≥60/EDG≥10.0/CV≤-/μ≥0.0/TP≥65,65.05,10.0,,0.0,65.0,118,103,67,36,65.05,-7.32,-20.52,5.89,-7.535,0.538,13
"[-299,-200]",HR≥60/EDG≥10.0/CV≤-/μ≥0.5/TP≥-,61.27,10.0,,0.5,,165,142,87,55,61.27,-11.59,-23.21,0.03,-16.454,0.385,13
"[-299,-200]",HR≥60/EDG≥10.0/CV≤-/μ≥0.5/TP≥50,61.27,10.0,,0.5,50.0,165,142,87,55,61.27,-11.59,-23.21,0.03,-16.454,0.385,13
"[-299,-200]",HR≥60/EDG≥10.0/CV≤-/μ≥0.5/TP≥55,61.27,10.0,,0.5,55.0,165,142,87,55,61.27,-11.59,-23.21,0.03,-16.454,0.385,13
"[-299,-200]",HR≥60/EDG≥10.0/CV≤-/μ≥0.5/TP≥60,61.27,10.0,,0.5,60.0,165,142,87,55,61.27,-11.59,-23.21,0.03,-16.454,0.385,13
"[-299,-200]",HR≥60/EDG≥10.0/CV≤-/μ≥0.5/TP≥65,64.0,10.0,,0.5,65.0,115,100,64,36,64.0,-8.87,-22.36,4.61,-8.875,0.538,13
"[-299,-200]",HR≥60/EDG≥10.0/CV≤-/μ≥1.0/TP≥-,60.66,10.0,,1.0,,75,61,37,24,60.66,-13.76,-31.36,3.84,-8.393,0.4,10
"[-299,-200]",HR≥60/EDG≥10.0/CV≤-/μ≥1.0/TP≥50,60.66,10.0,,1.0,50.0,75,61,37,24,60.66,-13.76,-31.36,3.84,-8.393,0.4,10
"[-299,-200]",HR≥60/EDG≥10.0/CV≤-/μ≥1.0/TP≥55,60.66,10.0,,1.0,55.0,75,61,37,24,60.66,-13.76,-31.36,3.84,-8.393,0.4,10
"[-299,-200]",HR≥60/EDG≥10.0/CV≤-/μ≥1.0/TP≥60,60.66,10.0,,1.0,60.0,75,61,37,24,60.66,-13.76,-31.36,3.84,-8.393,0.4,10
"[-299,-200]",HR≥60/EDG≥10.0/CV≤-/μ≥1.0/TP≥65,64.58,10.0,,1.0,65.0,58,48,31,17,64.58,-9.06,-28.34,10.22,-4.347,0.6,10
"[-299,-200]",HR≥60/EDG≥10.0/CV≤0.7/μ≥-/TP≥-,64.41,10.0,0.7,,,67,59,38,21,64.41,-8.32,-25.89,9.26,-4.908,0.25,12
"[-299,-200]",HR≥60/EDG≥10.0/CV≤0.7/μ≥-/TP≥50,64.41,10.0,0.7,,50.0,67,59,38,21,64.41,-8.32,-25.89,9.26,-4.908,0.25,12
"[-299,-200]",HR≥60/EDG≥10.0/CV≤0.7/μ≥-/TP≥55,64.41,10.0,0.7,,55.0,67,59,38,21,64.41,-8.32,-25.89,9.26,-4.908,0.25,12
"[-299,-200]",HR≥60/EDG≥10.0/CV≤0.7/μ≥-/TP≥60,64.41,10.0,0.7,,60.0,67,59,38,21,64.41,-8.32,-25.89,9.26,-4.908,0.25,12
"[-299,-200]",HR≥60/EDG≥10.0/CV≤0.7/μ≥-/TP≥65,66.0,10.0,0.7,,65.0,55,50,33,17,66.0,-6.8,-25.56,11.97,-3.398,0.417,12
"[-299,-200]",HR≥60/EDG≥10.0/CV≤0.7/μ≥0.0/TP≥-,64.41,10.0,0.7,0.0,,67,59,38,21,64.41,-8.32,-25.89,9.26,-4.908,0.25,12
"[-299,-200]",HR≥60/EDG≥10.0/CV≤0.7/μ≥0.0/TP≥50,64.41,10.0,0.7,0.0,50.0,67,59,38,21,64.41,-8.32,-25.89,9.26,-4.908,0.25,12
"[-299,-200]",HR≥60/EDG≥10.0/CV≤0.7/μ≥0.0/TP≥55,64.41,10.0,0.7,0.0,55.0,67,59,38,21,64.41,-8.32,-25.89,9.26,-4.908,0.25,12
"[-299,-200]",HR≥60/EDG≥10.0/CV≤0.7/μ≥0.0/TP≥60,64.41,10.0,0.7,0.0,60.0,67,59,38,21,64.41,-8.32,-25.89,9.26,-4.908,0.25,12
"[-299,-200]",HR≥60/EDG≥10.0/CV≤0.7/μ≥0.0/TP≥65,66.0,10.0,0.7,0.0,65.0,55,50,33,17,66.0,-6.8,-25.56,11.97,-3.398,0.417,12
"[-299,-200]",HR≥60/EDG≥10.0/CV≤0.7/μ≥0.5/TP≥-,62.5,10.0,0.7,0.5,,64,56,35,21,62.5,-11.28,-29.48,6.91,-6.319,0.182,11
"[-299,-200]",HR≥60/EDG≥10.0/CV≤0.7/μ≥0.5/TP≥50,62.5,10.0,0.7,0.5,50.0,64,56,35,21,62.5,-11.28,-29.48,6.91,-6.319,0.182,11
"[-299,-200]",HR≥60/EDG≥10.0/CV≤0.7/μ≥0.5/TP≥55,62.5,10.0,0.7,0.5,55.0,64,56,35,21,62.5,-11.28,-29.48,6.91,-6.319,0.182,11
"[-299,-200]",HR≥60/EDG≥10.0/CV≤0.7/μ≥0.5/TP≥60,62.5,10.0,0.7,0.5,60.0,64,56,35,21,62.5,-11.28,-29.48,6.91,-6.319,0.182,11
"[-299,-200]",HR≥60/EDG≥10.0/CV≤0.7/μ≥0.5/TP≥65,64.58,10.0,0.7,0.5,65.0,53,48,31,17,64.58,-8.98,-28.28,10.32,-4.309,0.364,11
"[-299,-200]",HR≥65/EDG≥-/CV≤-/μ≥-/TP≥-,59.23,,,,,404,363,215,148,59.23,-14.82,-22.11,-7.53,-53.789,0.154,13
"[-299,-200]",HR≥65/EDG≥-/CV≤-/μ≥-/TP≥50,59.39,,,,50.0,403,362,215,147,59.39,-14.58,-21.88,-7.29,-52.789,0.154,13
"[-299,-200]",HR≥65/EDG≥-/CV≤-/μ≥-/TP≥55,59.44,,,,55.0,400,360,214,146,59.44,-14.49,-21.81,-7.18,-52.174,0.077,13
"[-299,-200]",HR≥65/EDG≥-/CV≤-/μ≥-/TP≥60,59.66,,,,60.0,397,357,213,144,59.66,-14.17,-21.51,-6.82,-50.574,0.077,13
"[-299,-200]",HR≥65/EDG≥-/CV≤-/μ≥-/TP≥65,60.0,,,,65.0,300,270,162,108,60.0,-14.66,-22.99,-6.32,-39.571,0.385,13
"[-299,-200]",HR≥65/EDG≥-/CV≤-/μ≥0.0/TP≥-,59.66,,,0.0,,398,357,213,144,59.66,-14.19,-21.53,-6.84,-50.641,0.077,13
"[-299,-200]",HR≥65/EDG≥-/CV≤-/μ≥0.0/TP≥50,59.66,,,0.0,50.0,398,357,213,144,59.66,-14.19,-21.53,-6.84,-50.641,0.077,13
"[-299,-200]",HR≥65/EDG≥-/CV≤-/μ≥0.0/TP≥55,59.72,,,0.0,55.0,395,355,212,143,59.72,-14.09,-21.45,-6.73,-50.025,0.077,13
"[-299,-200]",HR≥65/EDG≥-/CV≤-/μ≥0.0/TP≥60,59.94,,,0.0,60.0,392,352,211,141,59.94,-13.76,-21.14,-6.37,-48.425,0.154,13
"[-299,-200]",HR≥65/EDG≥-/CV≤-/μ≥0.0/TP≥65,60.15,,,0.0,65.0,296,266,160,106,60.15,-14.44,-22.84,-6.05,-38.422,0.385,13
"[-299,-200]",HR≥65/EDG≥-/CV≤-/μ≥0.5/TP≥-,62.07,,,0.5,,228,203,126,77,62.07,-10.87,-20.49,-1.24,-22.058,0.231,13
"[-299,-200]",HR≥65/EDG≥-/CV≤-/μ≥0.5/TP≥50,62.07,,,0.5,50.0,228,203,126,77,62.07,-10.87,-20.49,-1.24,-22.058,0.231,13
"[-299,-200]",HR≥65/EDG≥-/CV≤-/μ≥0.5/TP≥55,62.07,,,0.5,55.0,228,203,126,77,62.07,-10.87,-20.49,-1.24,-22.058,0.231,13
"[-299,-200]",HR≥65/EDG≥-/CV≤-/μ≥0.5/TP≥60,62.07,,,0.5,60.0,228,203,126,77,62.07,-10.87,-20.49,-1.24,-22.058,0.231,13
"[-299,-200]",HR≥65/EDG≥-/CV≤-/μ≥0.5/TP≥65,62.99,,,0.5,65.0,171,154,97,57,62.99,-10.62,-21.49,0.26,-16.349,0.385,13
"[-299,-200]",HR≥65/EDG≥-/CV≤-/μ≥1.0/TP≥-,62.96,,,1.0,,66,54,34,20,62.96,-10.99,-29.4,7.42,-5.934,0.4,10
"[-299,-200]",HR≥65/EDG≥-/CV≤-/μ≥1.0/TP≥50,62.96,,,1.0,50.0,66,54,34,20,62.96,-10.99,-29.4,7.42,-5.934,0.4,10
"[-299,-200]",HR≥65/EDG≥-/CV≤-/μ≥1.0/TP≥55,62.96,,,1.0,55.0,66,54,34,20,62.96,-10.99,-29.4,7.42,-5.934,0.4,10
"[-299,-200]",HR≥65/EDG≥-/CV≤-/μ≥1.0/TP≥60,62.96,,,1.0,60.0,66,54,34,20,62.96,-10.99,-29.4,7.42,-5.934,0.4,10
"[-299,-200]",HR≥65/EDG≥-/CV≤-/μ≥1.0/TP≥65,65.22,,,1.0,65.0,55,46,30,16,65.22,-8.45,-28.01,11.11,-3.888,0.6,10
"[-299,-200]",HR≥65/EDG≥-/CV≤0.7/μ≥-/TP≥-,61.32,,0.7,,,121,106,65,41,61.32,-12.75,-26.03,0.52,-13.516,0.333,12
"[-299,-200]",HR≥65/EDG≥-/CV≤0.7/μ≥-/TP≥50,61.32,,0.7,,50.0,121,106,65,41,61.32,-12.75,-26.03,0.52,-13.516,0.333,12
"[-299,-200]",HR≥65/EDG≥-/CV≤0.7/μ≥-/TP≥55,61.32,,0.7,,55.0,120,106,65,41,61.32,-12.75,-26.03,0.52,-13.516,0.333,12
"[-299,-200]",HR≥65/EDG≥-/CV≤0.7/μ≥-/TP≥60,61.9,,0.7,,60.0,119,105,65,40,61.9,-11.92,-25.22,1.38,-12.516,0.333,12
"[-299,-200]",HR≥65/EDG≥-/CV≤0.7/μ≥-/TP≥65,64.44,,0.7,,65.0,101,90,58,32,64.44,-8.9,-22.97,5.18,-8.006,0.5,12
"[-299,-200]",HR≥65/EDG≥-/CV≤0.7/μ≥0.0/TP≥-,61.17,,0.7,0.0,,118,103,63,40,61.17,-12.98,-26.46,0.5,-13.367,0.333,12
"[-299,-200]",HR≥65/EDG≥-/CV≤0.7/μ≥0.0/TP≥50,61.17,,0.7,0.0,50.0,118,103,63,40,61.17,-12.98,-26.46,0.5,-13.367,0.333,12
"[-299,-200]",HR≥65/EDG≥-/CV≤0.7/μ≥0.0/TP≥55,61.17,,0.7,0.0,55.0,117,103,63,40,61.17,-12.98,-26.46,0.5,-13.367,0.333,12
"[-299,-200]",HR≥65/EDG≥-/CV≤0.7/μ≥0.0/TP≥60,61.76,,0.7,0.0,60.0,116,102,63,39,61.76,-12.12,-25.63,1.38,-12.367,0.333,12
"[-299,-200]",HR≥65/EDG≥-/CV≤0.7/μ≥0.0/TP≥65,64.37,,0.7,0.0,65.0,98,87,56,31,64.37,-9.03,-23.36,5.29,-7.858,0.5,12
"[-299,-200]",HR≥65/EDG≥-/CV≤0.7/μ≥0.5/TP≥-,63.64,,0.7,0.5,,75,66,42,24,63.64,-9.83,-26.43,6.77,-6.49,0.333,12
"[-299,-200]",HR≥65/EDG≥-/CV≤0.7/μ≥0.5/TP≥50,63.64,,0.7,0.5,50.0,75,66,42,24,63.64,-9.83,-26.43,6.77,-6.49,0.333,12
"[-299,-200]",HR≥65/EDG≥-/CV≤0.7/μ≥0.5/TP≥55,63.64,,0.7,0.5,55.0,75,66,42,24,63.64,-9.83,-26.43,6.77,-6.49,0.333,12
"[-299,-200]",HR≥65/EDG≥-/CV≤0.7/μ≥0.5/TP≥60,63.64,,0.7,0.5,60.0,75,66,42,24,63.64,-9.83,-26.43,6.77,-6.49,0.333,12
"[-299,-200]",HR≥65/EDG≥-/CV≤0.7/μ≥0.5/TP≥65,66.67,,0.7,0.5,65.0,63,57,38,19,66.67,-6.11,-23.53,11.31,-3.481,0.417,12
"[-299,-200]",HR≥65/EDG≥-/CV≤0.6/μ≥-/TP≥-,60.0,,0.6,,,40,35,21,14,60.0,-14.14,-37.74,9.46,-4.949,0.417,12
"[-299,-200]",HR≥65/EDG≥-/CV≤0.6/μ≥-/TP≥50,60.0,,0.6,,50.0,40,35,21,14,60.0,-14.14,-37.74,9.46,-4.949,0.417,12
"[-299,-200]",HR≥65/EDG≥-/CV≤0.6/μ≥-/TP≥55,60.0,,0.6,,55.0,40,35,21,14,60.0,-14.14,-37.74,9.46,-4.949,0.417,12
"[-299,-200]",HR≥65/EDG≥-/CV≤0.6/μ≥-/TP≥60,61.76,,0.6,,60.0,39,34,21,13,61.76,-11.61,-35.38,12.15,-3.949,0.417,12
"[-299,-200]",HR≥65/EDG≥-/CV≤0.6/μ≥0.0/TP≥-,60.0,,0.6,0.0,,40,35,21,14,60.0,-14.14,-37.74,9.46,-4.949,0.417,12
"[-299,-200]",HR≥65/EDG≥-/CV≤0.6/μ≥0.0/TP≥50,60.0,,0.6,0.0,50.0,40,35,21,14,60.0,-14.14,-37.74,9.46,-4.949,0.417,12
"[-299,-200]",HR≥65/EDG≥-/CV≤0.6/μ≥0.0/TP≥55,60.0,,0.6,0.0,55.0,40,35,21,14,60.0,-14.14,-37.74,9.46,-4.949,0.417,12
"[-299,-200]",HR≥65/EDG≥-/CV≤0.6/μ≥0.0/TP≥60,61.76,,0.6,0.0,60.0,39,34,21,13,61.76,-11.61,-35.38,12.15,-3.949,0.417,12
"[-299,-200]",HR≥65/EDG≥-5.0/CV≤-/μ≥-/TP≥-,61.67,-5.0,,,,316,287,177,110,61.67,-11.06,-19.2,-2.92,-31.737,0.154,13
"[-299,-200]",HR≥65/EDG≥-5.0/CV≤-/μ≥-/TP≥50,61.67,-5.0,,,50.0,316,287,177,110,61.67,-11.06,-19.2,-2.92,-31.737,0.154,13
"[-299,-200]",HR≥65/EDG≥-5.0/CV≤-/μ≥-/TP≥55,61.67,-5.0,,,55.0,316,287,177,110,61.67,-11.06,-19.2,-2.92,-31.737,0.154,13
"[-299,-200]",HR≥65/EDG≥-5.0/CV≤-/μ≥-/TP≥60,61.67,-5.0,,,60.0,316,287,177,110,61.67,-11.06,-19.2,-2.92,-31.737,0.154,13
"[-299,-200]",HR≥65/EDG≥-5.0/CV≤-/μ≥-/TP≥65,61.5,-5.0,,,65.0,233,213,131,82,61.5,-12.4,-21.74,-3.06,-26.416,0.308,13
"[-299,-200]",HR≥65/EDG≥-5.0/CV≤-/μ≥0.0/TP≥-,61.67,-5.0,,0.0,,316,287,177,110,61.67,-11.06,-19.2,-2.92,-31.737,0.154,13
"[-299,-200]",HR≥65/EDG≥-5.0/CV≤-/μ≥0.0/TP≥50,61.67,-5.0,,0.0,50.0,316,287,177,110,61.67,-11.06,-19.2,-2.92,-31.737,0.154,13
"[-299,-200]",HR≥65/EDG≥-5.0/CV≤-/μ≥0.0/TP≥55,61.67,-5.0,,0.0,55.0,316,287,177,110,61.67,-11.06,-19.2,-2.92,-31.737,0.154,13
"[-299,-200]",HR≥65/EDG≥-5.0/CV≤-/μ≥0.0/TP≥60,61.67,-5.0,,0.0,60.0,316,287,177,110,61.67,-11.06,-19.2,-2.92,-31.737,0.154,13
"[-299,-200]",HR≥65/EDG≥-5.0/CV≤-/μ≥0.0/TP≥65,61.5,-5.0,,0.0,65.0,233,213,131,82,61.5,-12.4,-21.74,-3.06,-26.416,0.308,13
"[-299,-200]",HR≥65/EDG≥-5.0/CV≤-/μ≥0.5/TP≥-,62.07,-5.0,,0.5,,228,203,126,77,62.07,-10.87,-20.49,-1.24,-22.058,0.231,13
"[-299,-200]",HR≥65/EDG≥-5.0/CV≤-/μ≥0.5/TP≥50,62.07,-5.0,,0.5,50.0,228,203,126,77,62.07,-10.87,-20.49,-1.24,-22.058,0.231,13
"[-299,-200]",HR≥65/EDG≥-5.0/CV≤-/μ≥0.5/TP≥55,62.07,-5.0,,0.5,55.0,228,203,126,77,62.07,-10.87,-20.49,-1.24,-22.058,0.231,13
"[-299,-200]",HR≥65/EDG≥-5.0/CV≤-/μ≥0.5/TP≥60,62.07,-5.0,,0.5,60.0,228,203,126,77,62.07,-10.87,-20.49,-1.24,-22.058,0.231,13
"[-299,-200]",HR≥65/EDG≥-5.0/CV≤-/μ≥0.5/TP≥65,62.99,-5.0,,0.5,65.0,171,154,97,57,62.99,-10.62,-21.49,0.26,-16.349,0.385,13
"[-299,-200]",HR≥65/EDG≥-5.0/CV≤-/μ≥1.0/TP≥-,62.96,-5.0,,1.0,,66,54,34,20,62.96,-10.99,-29.4,7.42,-5.934,0.4,10
"[-299,-200]",HR≥65/EDG≥-5.0/CV≤-/μ≥1.0/TP≥50,62.96,-5.0,,1.0,50.0,66,54,34,20,62.96,-10.99,-29.4,7.42,-5.934,0.4,10
"[-299,-200]",HR≥65/EDG≥-5.0/CV≤-/μ≥1.0/TP≥55,62.96,-5.0,,1.0,55.0,66,54,34,20,62.96,-10.99,-29.4,7.42,-5.934,0.4,10
"[-299,-200]",HR≥65/EDG≥-5.0/CV≤-/μ≥1.0/TP≥60,62.96,-5.0,,1.0,60.0,66,54,34,20,62.96,-10.99,-29.4,7.42,-5.934,0.4,10
"[-299,-200]",HR≥65/EDG≥-5.0/CV≤-/μ≥1.0/TP≥65,65.22,-5.0,,1.0,65.0,55,46,30,16,65.22,-8.45,-28.01,11.11,-3.888,0.6,10
"[-299,-200]",HR≥65/EDG≥-5.0/CV≤0.7/μ≥-/TP≥-,61.54,-5.0,0.7,,,102,91,56,35,61.54,-12.4,-26.74,1.93,-11.288,0.333,12
"[-299,-200]",HR≥65/EDG≥-5.0/CV≤0.7/μ≥-/TP≥50,61.54,-5.0,0.7,,50.0,102,91,56,35,61.54,-12.4,-26.74,1.93,-11.288,0.333,12
"[-299,-200]",HR≥65/EDG≥-5.0/CV≤0.7/μ≥-/TP≥55,61.54,-5.0,0.7,,55.0,102,91,56,35,61.54,-12.4,-26.74,1.93,-11.288,0.333,12
"[-299,-200]",HR≥65/EDG≥-5.0/CV≤0.7/μ≥-/TP≥60,61.54,-5.0,0.7,,60.0,102,91,56,35,61.54,-12.4,-26.74,1.93,-11.288,0.333,12
"[-299,-200]",HR≥65/EDG≥-5.0/CV≤0.7/μ≥-/TP≥65,63.64,-5.0,0.7,,65.0,85,77,49,28,63.64,-10.1,-25.4,5.2,-7.778,0.417,12
"[-299,-200]",HR≥65/EDG≥-5.0/CV≤0.7/μ≥0.0/TP≥-,61.54,-5.0,0.7,0.0,,102,91,56,35,61.54,-12.4,-26.74,1.93,-11.288,0.333,12
"[-299,-200]",HR≥65/EDG≥-5.0/CV≤0.7/μ≥0.0/TP≥50,61.54,-5.0,0.7,0.0,50.0,102,91,56,35,61.54,-12.4,-26.74,1.93,-11.288,0.333,12
"[-299,-200]",HR≥65/EDG≥-5.0/CV≤0.7/μ≥0.0/TP≥55,61.54,-5.0,0.7,0.0,55.0,102,91,56,35,61.54,-12.4,-26.74,1.93,-11.288,0.333,12
"[-299,-200]",HR≥65/EDG≥-5.0/CV≤0.7/μ≥0.0/TP≥60,61.54,-5.0,0.7,0.0,60.0,102,91,56,35,61.54,-12.4,-26.74,1.93,-11.288,0.333,12
"[-299,-200]",HR≥65/EDG≥-5.0/CV≤0.7/μ≥0.0/TP≥65,63.64,-5.0,0.7,0.0,65.0,85,77,49,28,63.64,-10.1,-25.4,5.2,-7.778,0.417,12
"[-299,-200]",HR≥65/EDG≥-5.0/CV≤0.7/μ≥0.5/TP≥-,63.64,-5.0,0.7,0.5,,75,66,42,24,63.64,-9.83,-26.43,6.77,-6.49,0.333,12
"[-299,-200]",HR≥65/EDG≥-5.0/CV≤0.7/μ≥0.5/TP≥50,63.64,-5.0,0.7,0.5,50.0,75,66,42,24,63.64,-9.83,-26.43,6.77,-6.49,0.333,12
"[-299,-200]",HR≥65/EDG≥-5.0/CV≤0.7/μ≥0.5/TP≥55,63.64,-5.0,0.7,0.5,55.0,75,66,42,24,63.64,-9.83,-26.43,6.77,-6.49,0.333,12
"[-299,-200]",HR≥65/EDG≥-5.0/CV≤0.7/μ≥0.5/TP≥60,63.64,-5.0,0.7,0.5,60.0,75,66,42,24,63.64,-9.83,-26.43,6.77,-6.49,0.333,12
"[-299,-200]",HR≥65/EDG≥-5.0/CV≤0.7/μ≥0.5/TP≥65,66.67,-5.0,0.7,0.5,65.0,63,57,38,19,66.67,-6.11,-23.53,11.31,-3.481,0.417,12
"[-299,-200]",HR≥65/EDG≥-5.0/CV≤0.6/μ≥-/TP≥-,65.62,-5.0,0.6,,,36,32,21,11,65.62,-6.09,-30.06,17.88,-1.949,0.417,12
"[-299,-200]",HR≥65/EDG≥-5.0/CV≤0.6/μ≥-/TP≥50,65.62,-5.0,0.6,,50.0,36,32,21,11,65.62,-6.09,-30.06,17.88,-1.949,0.417,12
"[-299,-200]",HR≥65/EDG≥-5.0/CV≤0.6/μ≥-/TP≥55,65.62,-5.0,0.6,,55.0,36,32,21,11,65.62,-6.09,-30.06,17.88,-1.949,0.417,12
"[-299,-200]",HR≥65/EDG≥-5.0/CV≤0.6/μ≥-/TP≥60,65.62,-5.0,0.6,,60.0,36,32,21,11,65.62,-6.09,-30.06,17.88,-1.949,0.417,12
"[-299,-200]",HR≥65/EDG≥-5.0/CV≤0.6/μ≥0.0/TP≥-,65.62,-5.0,0.6,0.0,,36,32,21,11,65.62,-6.09,-30.06,17.88,-1.949,0.417,12
"[-299,-200]",HR≥65/EDG≥-5.0/CV≤0.6/μ≥0.0/TP≥50,65.62,-5.0,0.6,0.0,50.0,36,32,21,11,65.62,-6.09,-30.06,17.88,-1.949,0.417,12
"[-299,-200]",HR≥65/EDG≥-5.0/CV≤0.6/μ≥0.0/TP≥55,65.62,-5.0,0.6,0.0,55.0,36,32,21,11,65.62,-6.09,-30.06,17.88,-1.949,0.417,12
"[-299,-200]",HR≥65/EDG≥-5.0/CV≤0.6/μ≥0.0/TP≥60,65.62,-5.0,0.6,0.0,60.0,36,32,21,11,65.62,-6.09,-30.06,17.88,-1.949,0.417,12
"[-299,-200]",HR≥65/EDG≥0.0/CV≤-/μ≥-/TP≥-,63.4,0.0,,,,262,235,149,86,63.4,-8.55,-17.47,0.37,-20.097,0.308,13
"[-299,-200]",HR≥65/EDG≥0.0/CV≤-/μ≥-/TP≥50,63.4,0.0,,,50.0,262,235,149,86,63.4,-8.55,-17.47,0.37,-20.097,0.308,13
"[-299,-200]",HR≥65/EDG≥0.0/CV≤-/μ≥-/TP≥55,63.4,0.0,,,55.0,262,235,149,86,63.4,-8.55,-17.47,0.37,-20.097,0.308,13
"[-299,-200]",HR≥65/EDG≥0.0/CV≤-/μ≥-/TP≥60,63.4,0.0,,,60.0,262,235,149,86,63.4,-8.55,-17.47,0.37,-20.097,0.308,13
"[-299,-200]",HR≥65/EDG≥0.0/CV≤-/μ≥-/TP≥65,63.16,0.0,,,65.0,189,171,108,63,63.16,-10.12,-20.45,0.22,-17.3,0.462,13
"[-299,-200]",HR≥65/EDG≥0.0/CV≤-/μ≥0.0/TP≥-,63.4,0.0,,0.0,,262,235,149,86,63.4,-8.55,-17.47,0.37,-20.097,0.308,13
"[-299,-200]",HR≥65/EDG≥0.0/CV≤-/μ≥0.0/TP≥50,63.4,0.0,,0.0,50.0,262,235,149,86,63.4,-8.55,-17.47,0.37,-20.097,0.308,13
"[-299,-200]",HR≥65/EDG≥0.0/CV≤-/μ≥0.0/TP≥55,63.4,0.0,,0.0,55.0,262,235,149,86,63.4,-8.55,-17.47,0.37,-20.097,0.308,13
"[-299,-200]",HR≥65/EDG≥0.0/CV≤-/μ≥0.0/TP≥60,63.4,0.0,,0.0,60.0,262,235,149,86,63.4,-8.55,-17.47,0.37,-20.097,0.308,13
"[-299,-200]",HR≥65/EDG≥0.0/CV≤-/μ≥0.0/TP≥65,63.16,0.0,,0.0,65.0,189,171,108,63,63.16,-10.12,-20.45,0.22,-17.3,0.462,13
"[-299,-200]",HR≥65/EDG≥0.0/CV≤-/μ≥0.5/TP≥-,61.98,0.0,,0.5,,217,192,119,73,61.98,-10.93,-20.85,-1.02,-20.995,0.231,13
"[-299,-200]",HR≥65/EDG≥0.0/CV≤-/μ≥0.5/TP≥50,61.98,0.0,,0.5,50.0,217,192,119,73,61.98,-10.93,-20.85,-1.02,-20.995,0.231,13
"[-299,-200]",HR≥65/EDG≥0.0/CV≤-/μ≥0.5/TP≥55,61.98,0.0,,0.5,55.0,217,192,119,73,61.98,-10.93,-20.85,-1.02,-20.995,0.231,13
"[-299,-200]",HR≥65/EDG≥0.0/CV≤-/μ≥0.5/TP≥60,61.98,0.0,,0.5,60.0,217,192,119,73,61.98,-10.93,-20.85,-1.02,-20.995,0.231,13
"[-299,-200]",HR≥65/EDG≥0.0/CV≤-/μ≥0.5/TP≥65,63.19,0.0,,0.5,65.0,161,144,91,53,63.19,-10.27,-21.51,0.97,-14.786,0.385,13
"[-299,-200]",HR≥65/EDG≥0.0/CV≤-/μ≥1.0/TP≥-,62.96,0.0,,1.0,,66,54,34,20,62.96,-10.99,-29.4,7.42,-5.934,0.4,10
"[-299,-200]",HR≥65/EDG≥0.0/CV≤-/μ≥1.0/TP≥50,62.96,0.0,,1.0,50.0,66,54,34,20,62.96,-10.99,-29.4,7.42,-5.934,0.4,10
"[-299,-200]",HR≥65/EDG≥0.0/CV≤-/μ≥1.0/TP≥55,62.96,0.0,,1.0,55.0,66,54,34,20,62.96,-10.99,-29.4,7.42,-5.934,0.4,10
"[-299,-200]",HR≥65/EDG≥0.0/CV≤-/μ≥1.0/TP≥60,62.96,0.0,,1.0,60.0,66,54,34,20,62.96,-10.99,-29.4,7.42,-5.934,0.4,10
"[-299,-200]",HR≥65/EDG≥0.0/CV≤-/μ≥1.0/TP≥65,65.22,0.0,,1.0,65.0,55,46,30,16,65.22,-8.45,-28.01,11.11,-3.888,0.6,10
"[-299,-200]",HR≥65/EDG≥0.0/CV≤0.7/μ≥-/TP≥-,62.2,0.0,0.7,,,91,82,51,31,62.2,-11.51,-26.56,3.55,-9.437,0.417,12
"[-299,-200]",HR≥65/EDG≥0.0/CV≤0.7/μ≥-/TP≥50,62.2,0.0,0.7,,50.0,91,82,51,31,62.2,-11.51,-26.56,3.55,-9.437,0.417,12
"[-299,-200]",HR≥65/EDG≥0.0/CV≤0.7/μ≥-/TP≥55,62.2,0.0,0.7,,55.0,91,82,51,31,62.2,-11.51,-26.56,3.55,-9.437,0.417,12
"[-299,-200]",HR≥65/EDG≥0.0/CV≤0.7/μ≥-/TP≥60,62.2,0.0,0.7,,60.0,91,82,51,31,62.2,-11.51,-26.56,3.55,-9.437,0.417,12
"[-299,-200]",HR≥65/EDG≥0.0/CV≤0.7/μ≥-/TP≥65,63.77,0.0,0.7,,65.0,75,69,44,25,63.77,-10.04,-26.18,6.1,-6.927,0.417,12
"[-299,-200]",HR≥65/EDG≥0.0/CV≤0.7/μ≥0.0/TP≥-,62.2,0.0,0.7,0.0,,91,82,51,31,62.2,-11.51,-26.56,3.55,-9.437,0.417,12
"[-299,-200]",HR≥65/EDG≥0.0/CV≤0.7/μ≥0.0/TP≥50,62.2,0.0,0.7,0.0,50.0,91,82,51,31,62.2,-11.51,-26.56,3.55,-9.437,0.417,12
"[-299,-200]",HR≥65/EDG≥0.0/CV≤0.7/μ≥0.0/TP≥55,62.2,0.0,0.7,0.0,55.0,91,82,51,31,62.2,-11.51,-26.56,3.55,-9.437,0.417,12
"[-299,-200]",HR≥65/EDG≥0.0/CV≤0.7/μ≥0.0/TP≥60,62.2,0.0,0.7,0.0,60.0,91,82,51,31,62.2,-11.51,-26.56,3.55,-9.437,0.417,12
"[-299,-200]",HR≥65/EDG≥0.0/CV≤0.7/μ≥0.0/TP≥65,63.77,0.0,0.7,0.0,65.0,75,69,44,25,63.77,-10.04,-26.18,6.1,-6.927,0.417,12
"[-299,-200]",HR≥65/EDG≥0.0/CV≤0.7/μ≥0.5/TP≥-,63.64,0.0,0.7,0.5,,75,66,42,24,63.64,-9.83,-26.43,6.77,-6.49,0.333,12
"[-299,-200]",HR≥65/EDG≥0.0/CV≤0.7/μ≥0.5/TP≥50,63.64,0.0,0.7,0.5,50.0,75,66,42,24,63.64,-9.83,-26.43,6.77,-6.49,0.333,12
"[-299,-200]",HR≥65/EDG≥0.0/CV≤0.7/μ≥0.5/TP≥55,63.64,0.0,0.7,0.5,55.0,75,66,42,24,63.64,-9.83,-26.43,6.77,-6.49,0.333,12
"[-299,-200]",HR≥65/EDG≥0.0/CV≤0.7/μ≥0.5/TP≥60,63.64,0.0,0.7,0.5,60.0,75,66,42,24,63.64,-9.83,-26.43,6.77,-6.49,0.333,12
"[-299,-200]",HR≥65/EDG≥0.0/CV≤0.7/μ≥0.5/TP≥65,66.67,0.0,0.7,0.5,65.0,63,57,38,19,66.67,-6.11,-23.53,11.31,-3.481,0.417,12
"[-299,-200]",HR≥65/EDG≥5.0/CV≤-/μ≥-/TP≥-,61.71,5.0,,,,196,175,108,67,61.71,-11.14,-21.56,-0.72,-19.497,0.308,13
"[-299,-200]",HR≥65/EDG≥5.0/CV≤-/μ≥-/TP≥50,61.71,5.0,,,50.0,196,175,108,67,61.71,-11.14,-21.56,-0.72,-19.497,0.308,13
"[-299,-200]",HR≥65/EDG≥5.0/CV≤-/μ≥-/TP≥55,61.71,5.0,,,55.0,196,175,108,67,61.71,-11.14,-21.56,-0.72,-19.497,0.308,13
"[-299,-200]",HR≥65/EDG≥5.0/CV≤-/μ≥-/TP≥60,61.71,5.0,,,60.0,196,175,108,67,61.71,-11.14,-21.56,-0.72,-19.497,0.308,13
"[-299,-200]",HR≥65/EDG≥5.0/CV≤-/μ≥-/TP≥65,62.99,5.0,,,65.0,141,127,80,47,62.99,-10.49,-22.49,1.51,-13.324,0.538,13
"[-299,-200]",HR≥65/EDG≥5.0/CV≤-/μ≥0.0/TP≥-,61.71,5.0,,0.0,,196,175,108,67,61.71,-11.14,-21.56,-0.72,-19.497,0.308,13
"[-299,-200]",HR≥65/EDG≥5.0/CV≤-/μ≥0.0/TP≥50,61.71,5.0,,0.0,50.0,196,175,108,67,61.71,-11.14,-21.56,-0.72,-19.497,0.308,13
"[-299,-200]",HR≥65/EDG≥5.0/CV≤-/μ≥0.0/TP≥55,61.71,5.0,,0.0,55.0,196,175,108,67,61.71,-11.14,-21.56,-0.72,-19.497,0.308,13
"[-299,-200]",HR≥65/EDG≥5.0/CV≤-/μ≥0.0/TP≥60,61.71,5.0,,0.0,60.0,196,175,108,67,61.71,-11.14,-21.56,-0.72,-19.497,0.308,13
"[-299,-200]",HR≥65/EDG≥5.0/CV≤-/μ≥0.0/TP≥65,62.99,5.0,,0.0,65.0,141,127,80,47,62.99,-10.49,-22.49,1.51,-13.324,0.538,13
"[-299,-200]",HR≥65/EDG≥5.0/CV≤-/μ≥0.5/TP≥-,61.88,5.0,,0.5,,181,160,99,61,61.88,-11.07,-21.94,-0.2,-17.714,0.308,13
"[-299,-200]",HR≥65/EDG≥5.0/CV≤-/μ≥0.5/TP≥50,61.88,5.0,,0.5,50.0,181,160,99,61,61.88,-11.07,-21.94,-0.2,-17.714,0.308,13
"[-299,-200]",HR≥65/EDG≥5.0/CV≤-/μ≥0.5/TP≥55,61.88,5.0,,0.5,55.0,181,160,99,61,61.88,-11.07,-21.94,-0.2,-17.714,0.308,13
"[-299,-200]",HR≥65/EDG≥5.0/CV≤-/μ≥0.5/TP≥60,61.88,5.0,,0.5,60.0,181,160,99,61,61.88,-11.07,-21.94,-0.2,-17.714,0.308,13
"[-299,-200]",HR≥65/EDG≥5.0/CV≤-/μ≥0.5/TP≥65,63.56,5.0,,0.5,65.0,132,118,75,43,63.56,-9.8,-22.2,2.59,-11.566,0.538,13
"[-299,-200]",HR≥65/EDG≥5.0/CV≤-/μ≥1.0/TP≥-,62.96,5.0,,1.0,,66,54,34,20,62.96,-10.99,-29.4,7.42,-5.934,0.4,10
"[-299,-200]",HR≥65/EDG≥5.0/CV≤-/μ≥1.0/TP≥50,62.96,5.0,,1.0,50.0,66,54,34,20,62.96,-10.99,-29.4,7.42,-5.934,0.4,10
"[-299,-200]",HR≥65/EDG≥5.0/CV≤-/μ≥1.0/TP≥55,62.96,5.0,,1.0,55.0,66,54,34,20,62.96,-10.99,-29.4,7.42,-5.934,0.4,10
"[-299,-200]",HR≥65/EDG≥5.0/CV≤-/μ≥1.0/TP≥60,62.96,5.0,,1.0,60.0,66,54,34,20,62.96,-10.99,-29.4,7.42,-5.934,0.4,10
"[-299,-200]",HR≥65/EDG≥5.0/CV≤-/μ≥1.0/TP≥65,65.22,5.0,,1.0,65.0,55,46,30,16,65.22,-8.45,-28.01,11.11,-3.888,0.6,10
"[-299,-200]",HR≥65/EDG≥5.0/CV≤0.7/μ≥-/TP≥-,61.43,5.0,0.7,,,79,70,43,27,61.43,-12.5,-28.89,3.89,-8.748,0.25,12
"[-299,-200]",HR≥65/EDG≥5.0/CV≤0.7/μ≥-/TP≥50,61.43,5.0,0.7,,50.0,79,70,43,27,61.43,-12.5,-28.89,3.89,-8.748,0.25,12
"[-299,-200]",HR≥65/EDG≥5.0/CV≤0.7/μ≥-/TP≥55,61.43,5.0,0.7,,55.0,79,70,43,27,61.43,-12.5,-28.89,3.89,-8.748,0.25,12
"[-299,-200]",HR≥65/EDG≥5.0/CV≤0.7/μ≥-/TP≥60,61.43,5.0,0.7,,60.0,79,70,43,27,61.43,-12.5,-28.89,3.89,-8.748,0.25,12
"[-299,-200]",HR≥65/EDG≥5.0/CV≤0.7/μ≥-/TP≥65,63.79,5.0,0.7,,65.0,64,58,37,21,63.79,-9.89,-27.54,7.76,-5.738,0.417,12
"[-299,-200]",HR≥65/EDG≥5.0/CV≤0.7/μ≥0.0/TP≥-,61.43,5.0,0.7,0.0,,79,70,43,27,61.43,-12.5,-28.89,3.89,-8.748,0.25,12
"[-299,-200]",HR≥65/EDG≥5.0/CV≤0.7/μ≥0.0/TP≥50,61.43,5.0,0.7,0.0,50.0,79,70,43,27,61.43,-12.5,-28.89,3.89,-8.748,0.25,12
"[-299,-200]",HR≥65/EDG≥5.0/CV≤0.7/μ≥0.0/TP≥55,61.43,5.0,0.7,0.0,55.0,79,70,43,27,61.43,-12.5,-28.89,3.89,-8.748,0.25,12
"[-299,-200]",HR≥65/EDG≥5.0/CV≤0.7/μ≥0.0/TP≥60,61.43,5.0,0.7,0.0,60.0,79,70,43,27,61.43,-12.5,-28.89,3.89,-8.748,0.25,12
"[-299,-200]",HR≥65/EDG≥5.0/CV≤0.7/μ≥0.0/TP≥65,63.79,5.0,0.7,0.0,65.0,64,58,37,21,63.79,-9.89,-27.54,7.76,-5.738,0.417,12
"[-299,-200]",HR≥65/EDG≥5.0/CV≤0.7/μ≥0.5/TP≥-,61.9,5.0,0.7,0.5,,72,63,39,24,61.9,-12.16,-29.34,5.03,-7.659,0.25,12
"[-299,-200]",HR≥65/EDG≥5.0/CV≤0.7/μ≥0.5/TP≥50,61.9,5.0,0.7,0.5,50.0,72,63,39,24,61.9,-12.16,-29.34,5.03,-7.659,0.25,12
"[-299,-200]",HR≥65/EDG≥5.0/CV≤0.7/μ≥0.5/TP≥55,61.9,5.0,0.7,0.5,55.0,72,63,39,24,61.9,-12.16,-29.34,5.03,-7.659,0.25,12
"[-299,-200]",HR≥65/EDG≥5.0/CV≤0.7/μ≥0.5/TP≥60,61.9,5.0,0.7,0.5,60.0,72,63,39,24,61.9,-12.16,-29.34,5.03,-7.659,0.25,12
"[-299,-200]",HR≥65/EDG≥5.0/CV≤0.7/μ≥0.5/TP≥65,64.81,5.0,0.7,0.5,65.0,60,54,35,19,64.81,-8.61,-26.77,9.55,-4.649,0.417,12
"[-299,-200]",HR≥65/EDG≥10.0/CV≤-/μ≥-/TP≥-,62.69,10.0,,,,153,134,84,50,62.69,-9.55,-21.43,2.33,-12.791,0.385,13
"[-299,-200]",HR≥65/EDG≥10.0/CV≤-/μ≥-/TP≥50,62.69,10.0,,,50.0,153,134,84,50,62.69,-9.55,-21.43,2.33,-12.791,0.385,13
"[-299,-200]",HR≥65/EDG≥10.0/CV≤-/μ≥-/TP≥55,62.69,10.0,,,55.0,153,134,84,50,62.69,-9.55,-21.43,2.33,-12.791,0.385,13
"[-299,-200]",HR≥65/EDG≥10.0/CV≤-/μ≥-/TP≥60,62.69,10.0,,,60.0,153,134,84,50,62.69,-9.55,-21.43,2.33,-12.791,0.385,13
"[-299,-200]",HR≥65/EDG≥10.0/CV≤-/μ≥-/TP≥65,64.89,10.0,,,65.0,107,94,61,33,64.89,-7.65,-21.47,6.18,-7.189,0.538,13
"[-299,-200]",HR≥65/EDG≥10.0/CV≤-/μ≥0.0/TP≥-,62.69,10.0,,0.0,,153,134,84,50,62.69,-9.55,-21.43,2.33,-12.791,0.385,13
"[-299,-200]",HR≥65/EDG≥10.0/CV≤-/μ≥0.0/TP≥50,62.69,10.0,,0.0,50.0,153,134,84,50,62.69,-9.55,-21.43,2.33,-12.791,0.385,13
"[-299,-200]",HR≥65/EDG≥10.0/CV≤-/μ≥0.0/TP≥55,62.69,10.0,,0.0,55.0,153,134,84,50,62.69,-9.55,-21.43,2.33,-12.791,0.385,13
"[-299,-200]",HR≥65/EDG≥10.0/CV≤-/μ≥0.0/TP≥60,62.69,10.0,,0.0,60.0,153,134,84,50,62.69,-9.55,-21.43,2.33,-12.791,0.385,13
"[-299,-200]",HR≥65/EDG≥10.0/CV≤-/μ≥0.0/TP≥65,64.89,10.0,,0.0,65.0,107,94,61,33,64.89,-7.65,-21.47,6.18,-7.189,0.538,13
"[-299,-200]",HR≥65/EDG≥10.0/CV≤-/μ≥0.5/TP≥-,61.72,10.0,,0.5,,147,128,79,49,61.72,-11.02,-23.23,1.19,-14.108,0.385,13
"[-299,-200]",HR≥65/EDG≥10.0/CV≤-/μ≥0.5/TP≥50,61.72,10.0,,0.5,50.0,147,128,79,49,61.72,-11.02,-23.23,1.19,-14.108,0.385,13
"[-299,-200]",HR≥65/EDG≥10.0/CV≤-/μ≥0.5/TP≥55,61.72,10.0,,0.5,55.0,147,128,79,49,61.72,-11.02,-23.23,1.19,-14.108,0.385,13
"[-299,-200]",HR≥65/EDG≥10.0/CV≤-/μ≥0.5/TP≥60,61.72,10.0,,0.5,60.0,147,128,79,49,61.72,-11.02,-23.23,1.19,-14.108,0.385,13
"[-299,-200]",HR≥65/EDG≥10.0/CV≤-/μ≥0.5/TP≥65,63.74,10.0,,0.5,65.0,104,91,58,33,63.74,-9.37,-23.52,4.77,-8.529,0.538,13
"[-299,-200]",HR≥65/EDG≥10.0/CV≤-/μ≥1.0/TP≥-,62.26,10.0,,1.0,,65,53,33,20,62.26,-11.84,-30.52,6.85,-6.273,0.4,10
"[-299,-200]",HR≥65/EDG≥10.0/CV≤-/μ≥1.0/TP≥50,62.26,10.0,,1.0,50.0,65,53,33,20,62.26,-11.84,-30.52,6.85,-6.273,0.4,10
"[-299,-200]",HR≥65/EDG≥10.0/CV≤-/μ≥1.0/TP≥55,62.26,10.0,,1.0,55.0,65,53,33,20,62.26,-11.84,-30.52,6.85,-6.273,0.4,10
"[-299,-200]",HR≥65/EDG≥10.0/CV≤-/μ≥1.0/TP≥60,62.26,10.0,,1.0,60.0,65,53,33,20,62.26,-11.84,-30.52,6.85,-6.273,0.4,10
"[-299,-200]",HR≥65/EDG≥10.0/CV≤-/μ≥1.0/TP≥65,64.44,10.0,,1.0,65.0,54,45,29,16,64.44,-9.39,-29.31,10.52,-4.227,0.6,10
"[-299,-200]",HR≥65/EDG≥10.0/CV≤0.7/μ≥-/TP≥-,64.41,10.0,0.7,,,67,59,38,21,64.41,-8.32,-25.89,9.26,-4.908,0.25,12
"[-299,-200]",HR≥65/EDG≥10.0/CV≤0.7/μ≥-/TP≥50,64.41,10.0,0.7,,50.0,67,59,38,21,64.41,-8.32,-25.89,9.26,-4.908,0.25,12
"[-299,-200]",HR≥65/EDG≥10.0/CV≤0.7/μ≥-/TP≥55,64.41,10.0,0.7,,55.0,67,59,38,21,64.41,-8.32,-25.89,9.26,-4.908,0.25,12
"[-299,-200]",HR≥65/EDG≥10.0/CV≤0.7/μ≥-/TP≥60,64.41,10.0,0.7,,60.0,67,59,38,21,64.41,-8.32,-25.89,9.26,-4.908,0.25,12
"[-299,-200]",HR≥65/EDG≥10.0/CV≤0.7/μ≥-/TP≥65,66.0,10.0,0.7,,65.0,55,50,33,17,66.0,-6.8,-25.56,11.97,-3.398,0.417,12
"[-299,-200]",HR≥65/EDG≥10.0/CV≤0.7/μ≥0.0/TP≥-,64.41,10.0,0.7,0.0,,67,59,38,21,64.41,-8.32,-25.89,9.26,-4.908,0.25,12
"[-299,-200]",HR≥65/EDG≥10.0/CV≤0.7/μ≥0.0/TP≥50,64.41,10.0,0.7,0.0,50.0,67,59,38,21,64.41,-8.32,-25.89,9.26,-4.908,0.25,12
"[-299,-200]",HR≥65/EDG≥10.0/CV≤0.7/μ≥0.0/TP≥55,64.41,10.0,0.7,0.0,55.0,67,59,38,21,64.41,-8.32,-25.89,9.26,-4.908,0.25,12
"[-299,-200]",HR≥65/EDG≥10.0/CV≤0.7/μ≥0.0/TP≥60,64.41,10.0,0.7,0.0,60.0,67,59,38,21,64.41,-8.32,-25.89,9.26,-4.908,0.25,12
"[-299,-200]",HR≥65/EDG≥10.0/CV≤0.7/μ≥0.0/TP≥65,66.0,10.0,0.7,0.0,65.0,55,50,33,17,66.0,-6.8,-25.56,11.97,-3.398,0.417,12
"[-299,-200]",HR≥65/EDG≥10.0/CV≤0.7/μ≥0.5/TP≥-,62.5,10.0,0.7,0.5,,64,56,35,21,62.5,-11.28,-29.48,6.91,-6.319,0.182,11
"[-299,-200]",HR≥65/EDG≥10.0/CV≤0.7/μ≥0.5/TP≥50,62.5,10.0,0.7,0.5,50.0,64,56,35,21,62.5,-11.28,-29.48,6.91,-6.319,0.182,11
"[-299,-200]",HR≥65/EDG≥10.0/CV≤0.7/μ≥0.5/TP≥55,62.5,10.0,0.7,0.5,55.0,64,56,35,21,62.5,-11.28,-29.48,6.91,-6.319,0.182,11
"[-299,-200]",HR≥65/EDG≥10.0/CV≤0.7/μ≥0.5/TP≥60,62.5,10.0,0.7,0.5,60.0,64,56,35,21,62.5,-11.28,-29.48,6.91,-6.319,0.182,11
"[-299,-200]",HR≥65/EDG≥10.0/CV≤0.7/μ≥0.5/TP≥65,64.58,10.0,0.7,0.5,65.0,53,48,31,17,64.58,-8.98,-28.28,10.32,-4.309,0.364,11
"[-299,-200]",HR≥70/EDG≥-/CV≤-/μ≥-/TP≥-,61.62,,,,,314,284,175,109,61.62,-11.46,-19.61,-3.3,-32.536,0.154,13
"[-299,-200]",HR≥70/EDG≥-/CV≤-/μ≥-/TP≥50,61.84,,,,50.0,313,283,175,108,61.84,-11.14,-19.3,-2.98,-31.536,0.154,13
"[-299,-200]",HR≥70/EDG≥-/CV≤-/μ≥-/TP≥55,62.06,,,,55.0,311,282,175,107,62.06,-10.83,-18.99,-2.66,-30.536,0.154,13
"[-299,-200]",HR≥70/EDG≥-/CV≤-/μ≥-/TP≥60,62.37,,,,60.0,308,279,174,105,62.37,-10.37,-18.57,-2.17,-28.936,0.308,13
"[-299,-200]",HR≥70/EDG≥-/CV≤-/μ≥-/TP≥65,62.39,,,,65.0,242,218,136,82,62.39,-11.27,-20.45,-2.09,-24.563,0.308,13
"[-299,-200]",HR≥70/EDG≥-/CV≤-/μ≥0.0/TP≥-,61.92,,,0.0,,311,281,174,107,61.92,-11.02,-19.2,-2.83,-30.953,0.231,13
"[-299,-200]",HR≥70/EDG≥-/CV≤-/μ≥0.0/TP≥50,61.92,,,0.0,50.0,311,281,174,107,61.92,-11.02,-19.2,-2.83,-30.953,0.231,13
"[-299,-200]",HR≥70/EDG≥-/CV≤-/μ≥0.0/TP≥55,62.14,,,0.0,55.0,309,280,174,106,62.14,-10.7,-18.89,-2.51,-29.953,0.231,13
"[-299,-200]",HR≥70/EDG≥-/CV≤-/μ≥0.0/TP≥60,62.45,,,0.0,60.0,306,277,173,104,62.45,-10.24,-18.46,-2.01,-28.353,0.308,13
"[-299,-200]",HR≥70/EDG≥-/CV≤-/μ≥0.0/TP≥65,62.5,,,0.0,65.0,240,216,135,81,62.5,-11.1,-20.32,-1.88,-23.979,0.308,13
"[-299,-200]",HR≥70/EDG≥-/CV≤-/μ≥0.5/TP≥-,64.24,,,0.5,,183,165,106,59,64.24,-7.98,-18.51,2.54,-13.174,0.462,13
"[-299,-200]",HR≥70/EDG≥-/CV≤-/μ≥0.5/TP≥50,64.24,,,0.5,50.0,183,165,106,59,64.24,-7.98,-18.51,2.54,-13.174,0.462,13
"[-299,-200]",HR≥70/EDG≥-/CV≤-/μ≥0.5/TP≥55,64.24,,,0.5,55.0,183,165,106,59,64.24,-7.98,-18.51,2.54,-13.174,0.462,13
"[-299,-200]",HR≥70/EDG≥-/CV≤-/μ≥0.5/TP≥60,64.24,,,0.5,60.0,183,165,106,59,64.24,-7.98,-18.51,2.54,-13.174,0.462,13
"[-299,-200]",HR≥70/EDG≥-/CV≤-/μ≥0.5/TP≥65,64.44,,,0.5,65.0,150,135,87,48,64.44,-8.56,-20.07,2.96,-11.55,0.385,13
"[-299,-200]",HR≥70/EDG≥-/CV≤-/μ≥1.0/TP≥-,64.58,,,1.0,,58,48,31,17,64.58,-8.73,-28.08,10.63,-4.189,0.5,10
"[-299,-200]",HR≥70/EDG≥-/CV≤-/μ≥1.0/TP≥50,64.58,,,1.0,50.0,58,48,31,17,64.58,-8.73,-28.08,10.63,-4.189,0.5,10
"[-299,-200]",HR≥70/EDG≥-/CV≤-/μ≥1.0/TP≥55,64.58,,,1.0,55.0,58,48,31,17,64.58,-8.73,-28.08,10.63,-4.189,0.5,10
"[-299,-200]",HR≥70/EDG≥-/CV≤-/μ≥1.0/TP≥60,64.58,,,1.0,60.0,58,48,31,17,64.58,-8.73,-28.08,10.63,-4.189,0.5,10
"[-299,-200]",HR≥70/EDG≥-/CV≤-/μ≥1.0/TP≥65,65.12,,,1.0,65.0,51,43,28,15,65.12,-8.47,-28.76,11.81,-3.644,0.5,10
"[-299,-200]",HR≥70/EDG≥-/CV≤0.7/μ≥-/TP≥-,61.22,,0.7,,,109,98,60,38,61.22,-13.07,-26.86,0.72,-12.805,0.333,12
"[-299,-200]",HR≥70/EDG≥-/CV≤0.7/μ≥-/TP≥50,61.22,,0.7,,50.0,109,98,60,38,61.22,-13.07,-26.86,0.72,-12.805,0.333,12
"[-299,-200]",HR≥70/EDG≥-/CV≤0.7/μ≥-/TP≥55,61.22,,0.7,,55.0,108,98,60,38,61.22,-13.07,-26.86,0.72,-12.805,0.333,12
"[-299,-200]",HR≥70/EDG≥-/CV≤0.7/μ≥-/TP≥60,61.86,,0.7,,60.0,107,97,60,37,61.86,-12.17,-25.99,1.65,-11.805,0.333,12
"[-299,-200]",HR≥70/EDG≥-/CV≤0.7/μ≥-/TP≥65,64.29,,0.7,,65.0,93,84,54,30,64.29,-9.28,-23.85,5.29,-7.795,0.417,12
"[-299,-200]",HR≥70/EDG≥-/CV≤0.7/μ≥0.0/TP≥-,61.46,,0.7,0.0,,107,96,59,37,61.46,-12.73,-26.65,1.19,-12.221,0.333,12
"[-299,-200]",HR≥70/EDG≥-/CV≤0.7/μ≥0.0/TP≥50,61.46,,0.7,0.0,50.0,107,96,59,37,61.46,-12.73,-26.65,1.19,-12.221,0.333,12
"[-299,-200]",HR≥70/EDG≥-/CV≤0.7/μ≥0.0/TP≥55,61.46,,0.7,0.0,55.0,106,96,59,37,61.46,-12.73,-26.65,1.19,-12.221,0.333,12
"[-299,-200]",HR≥70/EDG≥-/CV≤0.7/μ≥0.0/TP≥60,62.11,,0.7,0.0,60.0,105,95,59,36,62.11,-11.81,-25.76,2.14,-11.221,0.333,12
"[-299,-200]",HR≥70/EDG≥-/CV≤0.7/μ≥0.0/TP≥65,64.63,,0.7,0.0,65.0,91,82,53,29,64.63,-8.79,-23.51,5.92,-7.212,0.417,12
"[-299,-200]",HR≥70/EDG≥-/CV≤0.7/μ≥0.5/TP≥-,64.06,,0.7,0.5,,70,64,41,23,64.06,-9.36,-26.15,7.43,-5.99,0.333,12
"[-299,-200]",HR≥70/EDG≥-/CV≤0.7/μ≥0.5/TP≥50,64.06,,0.7,0.5,50.0,70,64,41,23,64.06,-9.36,-26.15,7.43,-5.99,0.333,12
"[-299,-200]",HR≥70/EDG≥-/CV≤0.7/μ≥0.5/TP≥55,64.06,,0.7,0.5,55.0,70,64,41,23,64.06,-9.36,-26.15,7.43,-5.99,0.333,12
"[-299,-200]",HR≥70/EDG≥-/CV≤0.7/μ≥0.5/TP≥60,64.06,,0.7,0.5,60.0,70,64,41,23,64.06,-9.36,-26.15,7.43,-5.99,0.333,12
"[-299,-200]",HR≥70/EDG≥-/CV≤0.7/μ≥0.5/TP≥65,66.67,,0.7,0.5,65.0,62,57,38,19,66.67,-6.11,-23.53,11.31,-3.481,0.417,12
"[-299,-200]",HR≥70/EDG≥-/CV≤0.6/μ≥-/TP≥-,60.0,,0.6,,,40,35,21,14,60.0,-14.14,-37.74,9.46,-4.949,0.417,12
"[-299,-200]",HR≥70/EDG≥-/CV≤0.6/μ≥-/TP≥50,60.0,,0.6,,50.0,40,35,21,14,60.0,-14.14,-37.74,9.46,-4.949,0.417,12
"[-299,-200]",HR≥70/EDG≥-/CV≤0.6/μ≥-/TP≥55,60.0,,0.6,,55.0,40,35,21,14,60.0,-14.14,-37.74,9.46,-4.949,0.417,12
"[-299,-200]",HR≥70/EDG≥-/CV≤0.6/μ≥-/TP≥60,61.76,,0.6,,60.0,39,34,21,13,61.76,-11.61,-35.38,12.15,-3.949,0.417,12
"[-299,-200]",HR≥70/EDG≥-/CV≤0.6/μ≥0.0/TP≥-,60.0,,0.6,0.0,,40,35,21,14,60.0,-14.14,-37.74,9.46,-4.949,0.417,12
"[-299,-200]",HR≥70/EDG≥-/CV≤0.6/μ≥0.0/TP≥50,60.0,,0.6,0.0,50.0,40,35,21,14,60.0,-14.14,-37.74,9.46,-4.949,0.417,12
"[-299,-200]",HR≥70/EDG≥-/CV≤0.6/μ≥0.0/TP≥55,60.0,,0.6,0.0,55.0,40,35,21,14,60.0,-14.14,-37.74,9.46,-4.949,0.417,12
"[-299,-200]",HR≥70/EDG≥-/CV≤0.6/μ≥0.0/TP≥60,61.76,,0.6,0.0,60.0,39,34,21,13,61.76,-11.61,-35.38,12.15,-3.949,0.417,12
"[-299,-200]",HR≥70/EDG≥-5.0/CV≤-/μ≥-/TP≥-,64.66,-5.0,,,,254,232,150,82,64.66,-6.92,-15.81,1.97,-16.065,0.308,13
"[-299,-200]",HR≥70/EDG≥-5.0/CV≤-/μ≥-/TP≥50,64.66,-5.0,,,50.0,254,232,150,82,64.66,-6.92,-15.81,1.97,-16.065,0.308,13
"[-299,-200]",HR≥70/EDG≥-5.0/CV≤-/μ≥-/TP≥55,64.66,-5.0,,,55.0,254,232,150,82,64.66,-6.92,-15.81,1.97,-16.065,0.308,13
"[-299,-200]",HR≥70/EDG≥-5.0/CV≤-/μ≥-/TP≥60,64.66,-5.0,,,60.0,254,232,150,82,64.66,-6.92,-15.81,1.97,-16.065,0.308,13
"[-299,-200]",HR≥70/EDG≥-5.0/CV≤-/μ≥-/TP≥65,64.04,-5.0,,,65.0,196,178,114,64,64.04,-8.89,-18.96,1.18,-15.827,0.308,13
"[-299,-200]",HR≥70/EDG≥-5.0/CV≤-/μ≥0.0/TP≥-,64.66,-5.0,,0.0,,254,232,150,82,64.66,-6.92,-15.81,1.97,-16.065,0.308,13
"[-299,-200]",HR≥70/EDG≥-5.0/CV≤-/μ≥0.0/TP≥50,64.66,-5.0,,0.0,50.0,254,232,150,82,64.66,-6.92,-15.81,1.97,-16.065,0.308,13
"[-299,-200]",HR≥70/EDG≥-5.0/CV≤-/μ≥0.0/TP≥55,64.66,-5.0,,0.0,55.0,254,232,150,82,64.66,-6.92,-15.81,1.97,-16.065,0.308,13
"[-299,-200]",HR≥70/EDG≥-5.0/CV≤-/μ≥0.0/TP≥60,64.66,-5.0,,0.0,60.0,254,232,150,82,64.66,-6.92,-15.81,1.97,-16.065,0.308,13
"[-299,-200]",HR≥70/EDG≥-5.0/CV≤-/μ≥0.0/TP≥65,64.04,-5.0,,0.0,65.0,196,178,114,64,64.04,-8.89,-18.96,1.18,-15.827,0.308,13
"[-299,-200]",HR≥70/EDG≥-5.0/CV≤-/μ≥0.5/TP≥-,64.24,-5.0,,0.5,,183,165,106,59,64.24,-7.98,-18.51,2.54,-13.174,0.462,13
"[-299,-200]",HR≥70/EDG≥-5.0/CV≤-/μ≥0.5/TP≥50,64.24,-5.0,,0.5,50.0,183,165,106,59,64.24,-7.98,-18.51,2.54,-13.174,0.462,13
"[-299,-200]",HR≥70/EDG≥-5.0/CV≤-/μ≥0.5/TP≥55,64.24,-5.0,,0.5,55.0,183,165,106,59,64.24,-7.98,-18.51,2.54,-13.174,0.462,13
"[-299,-200]",HR≥70/EDG≥-5.0/CV≤-/μ≥0.5/TP≥60,64.24,-5.0,,0.5,60.0,183,165,106,59,64.24,-7.98,-18.51,2.54,-13.174,0.462,13
"[-299,-200]",HR≥70/EDG≥-5.0/CV≤-/μ≥0.5/TP≥65,64.44,-5.0,,0.5,65.0,150,135,87,48,64.44,-8.56,-20.07,2.96,-11.55,0.385,13
"[-299,-200]",HR≥70/EDG≥-5.0/CV≤-/μ≥1.0/TP≥-,64.58,-5.0,,1.0,,58,48,31,17,64.58,-8.73,-28.08,10.63,-4.189,0.5,10
"[-299,-200]",HR≥70/EDG≥-5.0/CV≤-/μ≥1.0/TP≥50,64.58,-5.0,,1.0,50.0,58,48,31,17,64.58,-8.73,-28.08,10.63,-4.189,0.5,10
"[-299,-200]",HR≥70/EDG≥-5.0/CV≤-/μ≥1.0/TP≥55,64.58,-5.0,,1.0,55.0,58,48,31,17,64.58,-8.73,-28.08,10.63,-4.189,0.5,10
"[-299,-200]",HR≥70/EDG≥-5.0/CV≤-/μ≥1.0/TP≥60,64.58,-5.0,,1.0,60.0,58,48,31,17,64.58,-8.73,-28.08,10.63,-4.189,0.5,10
"[-299,-200]",HR≥70/EDG≥-5.0/CV≤-/μ≥1.0/TP≥65,65.12,-5.0,,1.0,65.0,51,43,28,15,65.12,-8.47,-28.76,11.81,-3.644,0.5,10
"[-299,-200]",HR≥70/EDG≥-5.0/CV≤0.7/μ≥-/TP≥-,62.79,-5.0,0.7,,,94,86,54,32,62.79,-10.77,-25.4,3.86,-9.264,0.333,12
"[-299,-200]",HR≥70/EDG≥-5.0/CV≤0.7/μ≥-/TP≥50,62.79,-5.0,0.7,,50.0,94,86,54,32,62.79,-10.77,-25.4,3.86,-9.264,0.333,12
"[-299,-200]",HR≥70/EDG≥-5.0/CV≤0.7/μ≥-/TP≥55,62.79,-5.0,0.7,,55.0,94,86,54,32,62.79,-10.77,-25.4,3.86,-9.264,0.333,12
"[-299,-200]",HR≥70/EDG≥-5.0/CV≤0.7/μ≥-/TP≥60,62.79,-5.0,0.7,,60.0,94,86,54,32,62.79,-10.77,-25.4,3.86,-9.264,0.333,12
"[-299,-200]",HR≥70/EDG≥-5.0/CV≤0.7/μ≥-/TP≥65,64.86,-5.0,0.7,,65.0,81,74,48,26,64.86,-8.45,-23.93,7.03,-6.255,0.417,12
"[-299,-200]",HR≥70/EDG≥-5.0/CV≤0.7/μ≥0.0/TP≥-,62.79,-5.0,0.7,0.0,,94,86,54,32,62.79,-10.77,-25.4,3.86,-9.264,0.333,12
"[-299,-200]",HR≥70/EDG≥-5.0/CV≤0.7/μ≥0.0/TP≥50,62.79,-5.0,0.7,0.0,50.0,94,86,54,32,62.79,-10.77,-25.4,3.86,-9.264,0.333,12
"[-299,-200]",HR≥70/EDG≥-5.0/CV≤0.7/μ≥0.0/TP≥55,62.79,-5.0,0.7,0.0,55.0,94,86,54,32,62.79,-10.77,-25.4,3.86,-9.264,0.333,12
"[-299,-200]",HR≥70/EDG≥-5.0/CV≤0.7/μ≥0.0/TP≥60,62.79,-5.0,0.7,0.0,60.0,94,86,54,32,62.79,-10.77,-25.4,3.86,-9.264,0.333,12
"[-299,-200]",HR≥70/EDG≥-5.0/CV≤0.7/μ≥0.0/TP≥65,64.86,-5.0,0.7,0.0,65.0,81,74,48,26,64.86,-8.45,-23.93,7.03,-6.255,0.417,12
"[-299,-200]",HR≥70/EDG≥-5.0/CV≤0.7/μ≥0.5/TP≥-,64.06,-5.0,0.7,0.5,,70,64,41,23,64.06,-9.36,-26.15,7.43,-5.99,0.333,12
"[-299,-200]",HR≥70/EDG≥-5.0/CV≤0.7/μ≥0.5/TP≥50,64.06,-5.0,0.7,0.5,50.0,70,64,41,23,64.06,-9.36,-26.15,7.43,-5.99,0.333,12
"[-299,-200]",HR≥70/EDG≥-5.0/CV≤0.7/μ≥0.5/TP≥55,64.06,-5.0,0.7,0.5,55.0,70,64,41,23,64.06,-9.36,-26.15,7.43,-5.99,0.333,12
"[-299,-200]",HR≥70/EDG≥-5.0/CV≤0.7/μ≥0.5/TP≥60,64.06,-5.0,0.7,0.5,60.0,70,64,41,23,64.06,-9.36,-26.15,7.43,-5.99,0.333,12
"[-299,-200]",HR≥70/EDG≥-5.0/CV≤0.7/μ≥0.5/TP≥65,66.67,-5.0,0.7,0.5,65.0,62,57,38,19,66.67,-6.11,-23.53,11.31,-3.481,0.417,12
"[-299,-200]",HR≥70/EDG≥-5.0/CV≤0.6/μ≥-/TP≥-,65.62,-5.0,0.6,,,36,32,21,11,65.62,-6.09,-30.06,17.88,-1.949,0.417,12
"[-299,-200]",HR≥70/EDG≥-5.0/CV≤0.6/μ≥-/TP≥50,65.62,-5.0,0.6,,50.0,36,32,21,11,65.62,-6.09,-30.06,17.88,-1.949,0.417,12
"[-299,-200]",HR≥70/EDG≥-5.0/CV≤0.6/μ≥-/TP≥55,65.62,-5.0,0.6,,55.0,36,32,21,11,65.62,-6.09,-30.06,17.88,-1.949,0.417,12
"[-299,-200]",HR≥70/EDG≥-5.0/CV≤0.6/μ≥-/TP≥60,65.62,-5.0,0.6,,60.0,36,32,21,11,65.62,-6.09,-30.06,17.88,-1.949,0.417,12
"[-299,-200]",HR≥70/EDG≥-5.0/CV≤0.6/μ≥0.0/TP≥-,65.62,-5.0,0.6,0.0,,36,32,21,11,65.62,-6.09,-30.06,17.88,-1.949,0.417,12
"[-299,-200]",HR≥70/EDG≥-5.0/CV≤0.6/μ≥0.0/TP≥50,65.62,-5.0,0.6,0.0,50.0,36,32,21,11,65.62,-6.09,-30.06,17.88,-1.949,0.417,12
"[-299,-200]",HR≥70/EDG≥-5.0/CV≤0.6/μ≥0.0/TP≥55,65.62,-5.0,0.6,0.0,55.0,36,32,21,11,65.62,-6.09,-30.06,17.88,-1.949,0.417,12
"[-299,-200]",HR≥70/EDG≥-5.0/CV≤0.6/μ≥0.0/TP≥60,65.62,-5.0,0.6,0.0,60.0,36,32,21,11,65.62,-6.09,-30.06,17.88,-1.949,0.417,12
"[-299,-200]",HR≥70/EDG≥0.0/CV≤-/μ≥-/TP≥-,65.31,0.0,,,,216,196,128,68,65.31,-5.95,-15.59,3.69,-11.668,0.385,13
"[-299,-200]",HR≥70/EDG≥0.0/CV≤-/μ≥-/TP≥50,65.31,0.0,,,50.0,216,196,128,68,65.31,-5.95,-15.59,3.69,-11.668,0.385,13
"[-299,-200]",HR≥70/EDG≥0.0/CV≤-/μ≥-/TP≥55,65.31,0.0,,,55.0,216,196,128,68,65.31,-5.95,-15.59,3.69,-11.668,0.385,13
"[-299,-200]",HR≥70/EDG≥0.0/CV≤-/μ≥-/TP≥60,65.31,0.0,,,60.0,216,196,128,68,65.31,-5.95,-15.59,3.69,-11.668,0.385,13
"[-299,-200]",HR≥70/EDG≥0.0/CV≤-/μ≥-/TP≥65,64.0,0.0,,,65.0,166,150,96,54,64.0,-8.97,-19.95,2.01,-13.455,0.462,13
"[-299,-200]",HR≥70/EDG≥0.0/CV≤-/μ≥0.0/TP≥-,65.31,0.0,,0.0,,216,196,128,68,65.31,-5.95,-15.59,3.69,-11.668,0.385,13
"[-299,-200]",HR≥70/EDG≥0.0/CV≤-/μ≥0.0/TP≥50,65.31,0.0,,0.0,50.0,216,196,128,68,65.31,-5.95,-15.59,3.69,-11.668,0.385,13
"[-299,-200]",HR≥70/EDG≥0.0/CV≤-/μ≥0.0/TP≥55,65.31,0.0,,0.0,55.0,216,196,128,68,65.31,-5.95,-15.59,3.69,-11.668,0.385,13
"[-299,-200]",HR≥70/EDG≥0.0/CV≤-/μ≥0.0/TP≥60,65.31,0.0,,0.0,60.0,216,196,128,68,65.31,-5.95,-15.59,3.69,-11.668,0.385,13
"[-299,-200]",HR≥70/EDG≥0.0/CV≤-/μ≥0.0/TP≥65,64.0,0.0,,0.0,65.0,166,150,96,54,64.0,-8.97,-19.95,2.01,-13.455,0.462,13
"[-299,-200]",HR≥70/EDG≥0.0/CV≤-/μ≥0.5/TP≥-,64.56,0.0,,0.5,,176,158,102,56,64.56,-7.43,-18.18,3.32,-11.74,0.385,13
"[-299,-200]",HR≥70/EDG≥0.0/CV≤-/μ≥0.5/TP≥50,64.56,0.0,,0.5,50.0,176,158,102,56,64.56,-7.43,-18.18,3.32,-11.74,0.385,13
"[-299,-200]",HR≥70/EDG≥0.0/CV≤-/μ≥0.5/TP≥55,64.56,0.0,,0.5,55.0,176,158,102,56,64.56,-7.43,-18.18,3.32,-11.74,0.385,13
"[-299,-200]",HR≥70/EDG≥0.0/CV≤-/μ≥0.5/TP≥60,64.56,0.0,,0.5,60.0,176,158,102,56,64.56,-7.43,-18.18,3.32,-11.74,0.385,13
"[-299,-200]",HR≥70/EDG≥0.0/CV≤-/μ≥0.5/TP≥65,64.84,0.0,,0.5,65.0,143,128,83,45,64.84,-7.9,-19.72,3.91,-10.115,0.462,13
"[-299,-200]",HR≥70/EDG≥0.0/CV≤-/μ≥1.0/TP≥-,64.58,0.0,,1.0,,58,48,31,17,64.58,-8.73,-28.08,10.63,-4.189,0.5,10
"[-299,-200]",HR≥70/EDG≥0.0/CV≤-/μ≥1.0/TP≥50,64.58,0.0,,1.0,50.0,58,48,31,17,64.58,-8.73,-28.08,10.63,-4.189,0.5,10
"[-299,-200]",HR≥70/EDG≥0.0/CV≤-/μ≥1.0/TP≥55,64.58,0.0,,1.0,55.0,58,48,31,17,64.58,-8.73,-28.08,10.63,-4.189,0.5,10
"[-299,-200]",HR≥70/EDG≥0.0/CV≤-/μ≥1.0/TP≥60,64.58,0.0,,1.0,60.0,58,48,31,17,64.58,-8.73,-28.08,10.63,-4.189,0.5,10
"[-299,-200]",HR≥70/EDG≥0.0/CV≤-/μ≥1.0/TP≥65,65.12,0.0,,1.0,65.0,51,43,28,15,65.12,-8.47,-28.76,11.81,-3.644,0.5,10
"[-299,-200]",HR≥70/EDG≥0.0/CV≤0.7/μ≥-/TP≥-,62.82,0.0,0.7,,,84,78,49,29,62.82,-10.79,-26.14,4.57,-8.413,0.417,12
"[-299,-200]",HR≥70/EDG≥0.0/CV≤0.7/μ≥-/TP≥50,62.82,0.0,0.7,,50.0,84,78,49,29,62.82,-10.79,-26.14,4.57,-8.413,0.417,12
"[-299,-200]",HR≥70/EDG≥0.0/CV≤0.7/μ≥-/TP≥55,62.82,0.0,0.7,,55.0,84,78,49,29,62.82,-10.79,-26.14,4.57,-8.413,0.417,12
"[-299,-200]",HR≥70/EDG≥0.0/CV≤0.7/μ≥-/TP≥60,62.82,0.0,0.7,,60.0,84,78,49,29,62.82,-10.79,-26.14,4.57,-8.413,0.417,12
"[-299,-200]",HR≥70/EDG≥0.0/CV≤0.7/μ≥-/TP≥65,64.18,0.0,0.7,,65.0,72,67,43,24,64.18,-9.56,-25.88,6.77,-6.403,0.417,12
"[-299,-200]",HR≥70/EDG≥0.0/CV≤0.7/μ≥0.0/TP≥-,62.82,0.0,0.7,0.0,,84,78,49,29,62.82,-10.79,-26.14,4.57,-8.413,0.417,12
"[-299,-200]",HR≥70/EDG≥0.0/CV≤0.7/μ≥0.0/TP≥50,62.82,0.0,0.7,0.0,50.0,84,78,49,29,62.82,-10.79,-26.14,4.57,-8.413,0.417,12
"[-299,-200]",HR≥70/EDG≥0.0/CV≤0.7/μ≥0.0/TP≥55,62.82,0.0,0.7,0.0,55.0,84,78,49,29,62.82,-10.79,-26.14,4.57,-8.413,0.417,12
"[-299,-200]",HR≥70/EDG≥0.0/CV≤0.7/μ≥0.0/TP≥60,62.82,0.0,0.7,0.0,60.0,84,78,49,29,62.82,-10.79,-26.14,4.57,-8.413,0.417,12
"[-299,-200]",HR≥70/EDG≥0.0/CV≤0.7/μ≥0.0/TP≥65,64.18,0.0,0.7,0.0,65.0,72,67,43,24,64.18,-9.56,-25.88,6.77,-6.403,0.417,12
"[-299,-200]",HR≥70/EDG≥0.0/CV≤0.7/μ≥0.5/TP≥-,64.06,0.0,0.7,0.5,,70,64,41,23,64.06,-9.36,-26.15,7.43,-5.99,0.333,12
"[-299,-200]",HR≥70/EDG≥0.0/CV≤0.7/μ≥0.5/TP≥50,64.06,0.0,0.7,0.5,50.0,70,64,41,23,64.06,-9.36,-26.15,7.43,-5.99,0.333,12
"[-299,-200]",HR≥70/EDG≥0.0/CV≤0.7/μ≥0.5/TP≥55,64.06,0.0,0.7,0.5,55.0,70,64,41,23,64.06,-9.36,-26.15,7.43,-5.99,0.333,12
"[-299,-200]",HR≥70/EDG≥0.0/CV≤0.7/μ≥0.5/TP≥60,64.06,0.0,0.7,0.5,60.0,70,64,41,23,64.06,-9.36,-26.15,7.43,-5.99,0.333,12
"[-299,-200]",HR≥70/EDG≥0.0/CV≤0.7/μ≥0.5/TP≥65,66.67,0.0,0.7,0.5,65.0,62,57,38,19,66.67,-6.11,-23.53,11.31,-3.481,0.417,12
"[-299,-200]",HR≥70/EDG≥5.0/CV≤-/μ≥-/TP≥-,64.38,5.0,,,,161,146,94,52,64.38,-7.43,-18.66,3.8,-10.847,0.538,13
"[-299,-200]",HR≥70/EDG≥5.0/CV≤-/μ≥-/TP≥50,64.38,5.0,,,50.0,161,146,94,52,64.38,-7.43,-18.66,3.8,-10.847,0.538,13
"[-299,-200]",HR≥70/EDG≥5.0/CV≤-/μ≥-/TP≥55,64.38,5.0,,,55.0,161,146,94,52,64.38,-7.43,-18.66,3.8,-10.847,0.538,13
"[-299,-200]",HR≥70/EDG≥5.0/CV≤-/μ≥-/TP≥60,64.38,5.0,,,60.0,161,146,94,52,64.38,-7.43,-18.66,3.8,-10.847,0.538,13
"[-299,-200]",HR≥70/EDG≥5.0/CV≤-/μ≥-/TP≥65,64.6,5.0,,,65.0,125,113,73,40,64.6,-8.14,-20.75,4.47,-9.199,0.538,13
"[-299,-200]",HR≥70/EDG≥5.0/CV≤-/μ≥0.0/TP≥-,64.38,5.0,,0.0,,161,146,94,52,64.38,-7.43,-18.66,3.8,-10.847,0.538,13
"[-299,-200]",HR≥70/EDG≥5.0/CV≤-/μ≥0.0/TP≥50,64.38,5.0,,0.0,50.0,161,146,94,52,64.38,-7.43,-18.66,3.8,-10.847,0.538,13
"[-299,-200]",HR≥70/EDG≥5.0/CV≤-/μ≥0.0/TP≥55,64.38,5.0,,0.0,55.0,161,146,94,52,64.38,-7.43,-18.66,3.8,-10.847,0.538,13
"[-299,-200]",HR≥70/EDG≥5.0/CV≤-/μ≥0.0/TP≥60,64.38,5.0,,0.0,60.0,161,146,94,52,64.38,-7.43,-18.66,3.8,-10.847,0.538,13
"[-299,-200]",HR≥70/EDG≥5.0/CV≤-/μ≥0.0/TP≥65,64.6,5.0,,0.0,65.0,125,113,73,40,64.6,-8.14,-20.75,4.47,-9.199,0.538,13
"[-299,-200]",HR≥70/EDG≥5.0/CV≤-/μ≥0.5/TP≥-,64.93,5.0,,0.5,,149,134,87,47,64.93,-6.82,-18.48,4.84,-9.142,0.538,13
"[-299,-200]",HR≥70/EDG≥5.0/CV≤-/μ≥0.5/TP≥50,64.93,5.0,,0.5,50.0,149,134,87,47,64.93,-6.82,-18.48,4.84,-9.142,0.538,13
"[-299,-200]",HR≥70/EDG≥5.0/CV≤-/μ≥0.5/TP≥55,64.93,5.0,,0.5,55.0,149,134,87,47,64.93,-6.82,-18.48,4.84,-9.142,0.538,13
"[-299,-200]",HR≥70/EDG≥5.0/CV≤-/μ≥0.5/TP≥60,64.93,5.0,,0.5,60.0,149,134,87,47,64.93,-6.82,-18.48,4.84,-9.142,0.538,13
"[-299,-200]",HR≥70/EDG≥5.0/CV≤-/μ≥0.5/TP≥65,65.42,5.0,,0.5,65.0,119,107,70,37,65.42,-7.03,-19.91,5.86,-7.518,0.538,13
"[-299,-200]",HR≥70/EDG≥5.0/CV≤-/μ≥1.0/TP≥-,64.58,5.0,,1.0,,58,48,31,17,64.58,-8.73,-28.08,10.63,-4.189,0.5,10
"[-299,-200]",HR≥70/EDG≥5.0/CV≤-/μ≥1.0/TP≥50,64.58,5.0,,1.0,50.0,58,48,31,17,64.58,-8.73,-28.08,10.63,-4.189,0.5,10
"[-299,-200]",HR≥70/EDG≥5.0/CV≤-/μ≥1.0/TP≥55,64.58,5.0,,1.0,55.0,58,48,31,17,64.58,-8.73,-28.08,10.63,-4.189,0.5,10
"[-299,-200]",HR≥70/EDG≥5.0/CV≤-/μ≥1.0/TP≥60,64.58,5.0,,1.0,60.0,58,48,31,17,64.58,-8.73,-28.08,10.63,-4.189,0.5,10
"[-299,-200]",HR≥70/EDG≥5.0/CV≤-/μ≥1.0/TP≥65,65.12,5.0,,1.0,65.0,51,43,28,15,65.12,-8.47,-28.76,11.81,-3.644,0.5,10
"[-299,-200]",HR≥70/EDG≥5.0/CV≤0.7/μ≥-/TP≥-,62.12,5.0,0.7,,,72,66,41,25,62.12,-11.7,-28.49,5.09,-7.724,0.25,12
"[-299,-200]",HR≥70/EDG≥5.0/CV≤0.7/μ≥-/TP≥50,62.12,5.0,0.7,,50.0,72,66,41,25,62.12,-11.7,-28.49,5.09,-7.724,0.25,12
"[-299,-200]",HR≥70/EDG≥5.0/CV≤0.7/μ≥-/TP≥55,62.12,5.0,0.7,,55.0,72,66,41,25,62.12,-11.7,-28.49,5.09,-7.724,0.25,12
"[-299,-200]",HR≥70/EDG≥5.0/CV≤0.7/μ≥-/TP≥60,62.12,5.0,0.7,,60.0,72,66,41,25,62.12,-11.7,-28.49,5.09,-7.724,0.25,12
"[-299,-200]",HR≥70/EDG≥5.0/CV≤0.7/μ≥-/TP≥65,64.29,5.0,0.7,,65.0,61,56,36,20,64.29,-9.31,-27.2,8.58,-5.214,0.417,12
"[-299,-200]",HR≥70/EDG≥5.0/CV≤0.7/μ≥0.0/TP≥-,62.12,5.0,0.7,0.0,,72,66,41,25,62.12,-11.7,-28.49,5.09,-7.724,0.25,12
"[-299,-200]",HR≥70/EDG≥5.0/CV≤0.7/μ≥0.0/TP≥50,62.12,5.0,0.7,0.0,50.0,72,66,41,25,62.12,-11.7,-28.49,5.09,-7.724,0.25,12
"[-299,-200]",HR≥70/EDG≥5.0/CV≤0.7/μ≥0.0/TP≥55,62.12,5.0,0.7,0.0,55.0,72,66,41,25,62.12,-11.7,-28.49,5.09,-7.724,0.25,12
"[-299,-200]",HR≥70/EDG≥5.0/CV≤0.7/μ≥0.0/TP≥60,62.12,5.0,0.7,0.0,60.0,72,66,41,25,62.12,-11.7,-28.49,5.09,-7.724,0.25,12
"[-299,-200]",HR≥70/EDG≥5.0/CV≤0.7/μ≥0.0/TP≥65,64.29,5.0,0.7,0.0,65.0,61,56,36,20,64.29,-9.31,-27.2,8.58,-5.214,0.417,12
"[-299,-200]",HR≥70/EDG≥5.0/CV≤0.7/μ≥0.5/TP≥-,62.3,5.0,0.7,0.5,,67,61,38,23,62.3,-11.74,-29.14,5.67,-7.159,0.25,12
"[-299,-200]",HR≥70/EDG≥5.0/CV≤0.7/μ≥0.5/TP≥50,62.3,5.0,0.7,0.5,50.0,67,61,38,23,62.3,-11.74,-29.14,5.67,-7.159,0.25,12
"[-299,-200]",HR≥70/EDG≥5.0/CV≤0.7/μ≥0.5/TP≥55,62.3,5.0,0.7,0.5,55.0,67,61,38,23,62.3,-11.74,-29.14,5.67,-7.159,0.25,12
"[-299,-200]",HR≥70/EDG≥5.0/CV≤0.7/μ≥0.5/TP≥60,62.3,5.0,0.7,0.5,60.0,67,61,38,23,62.3,-11.74,-29.14,5.67,-7.159,0.25,12
"[-299,-200]",HR≥70/EDG≥5.0/CV≤0.7/μ≥0.5/TP≥65,64.81,5.0,0.7,0.5,65.0,59,54,35,19,64.81,-8.61,-26.77,9.55,-4.649,0.417,12
"[-299,-200]",HR≥70/EDG≥10.0/CV≤-/μ≥-/TP≥-,66.67,10.0,,,,127,114,76,38,66.67,-4.07,-16.6,8.46,-4.639,0.462,13
"[-299,-200]",HR≥70/EDG≥10.0/CV≤-/μ≥-/TP≥50,66.67,10.0,,,50.0,127,114,76,38,66.67,-4.07,-16.6,8.46,-4.639,0.462,13
"[-299,-200]",HR≥70/EDG≥10.0/CV≤-/μ≥-/TP≥55,66.67,10.0,,,55.0,127,114,76,38,66.67,-4.07,-16.6,8.46,-4.639,0.462,13
"[-299,-200]",HR≥70/EDG≥10.0/CV≤-/μ≥-/TP≥60,66.67,10.0,,,60.0,127,114,76,38,66.67,-4.07,-16.6,8.46,-4.639,0.462,13
"[-299,-200]",HR≥70/EDG≥10.0/CV≤-/μ≥-/TP≥65,66.67,10.0,,,65.0,98,87,58,29,66.67,-5.21,-19.4,8.98,-4.536,0.538,13
"[-299,-200]",HR≥70/EDG≥10.0/CV≤-/μ≥0.0/TP≥-,66.67,10.0,,0.0,,127,114,76,38,66.67,-4.07,-16.6,8.46,-4.639,0.462,13
"[-299,-200]",HR≥70/EDG≥10.0/CV≤-/μ≥0.0/TP≥50,66.67,10.0,,0.0,50.0,127,114,76,38,66.67,-4.07,-16.6,8.46,-4.639,0.462,13
"[-299,-200]",HR≥70/EDG≥10.0/CV≤-/μ≥0.0/TP≥55,66.67,10.0,,0.0,55.0,127,114,76,38,66.67,-4.07,-16.6,8.46,-4.639,0.462,13
"[-299,-200]",HR≥70/EDG≥10.0/CV≤-/μ≥0.0/TP≥60,66.67,10.0,,0.0,60.0,127,114,76,38,66.67,-4.07,-16.6,8.46,-4.639,0.462,13
"[-299,-200]",HR≥70/EDG≥10.0/CV≤-/μ≥0.0/TP≥65,66.67,10.0,,0.0,65.0,98,87,58,29,66.67,-5.21,-19.4,8.98,-4.536,0.538,13
"[-299,-200]",HR≥70/EDG≥10.0/CV≤-/μ≥0.5/TP≥-,66.06,10.0,,0.5,,122,109,72,37,66.06,-5.03,-17.89,7.84,-5.479,0.462,13
"[-299,-200]",HR≥70/EDG≥10.0/CV≤-/μ≥0.5/TP≥50,66.06,10.0,,0.5,50.0,122,109,72,37,66.06,-5.03,-17.89,7.84,-5.479,0.462,13
"[-299,-200]",HR≥70/EDG≥10.0/CV≤-/μ≥0.5/TP≥55,66.06,10.0,,0.5,55.0,122,109,72,37,66.06,-5.03,-17.89,7.84,-5.479,0.462,13
"[-299,-200]",HR≥70/EDG≥10.0/CV≤-/μ≥0.5/TP≥60,66.06,10.0,,0.5,60.0,122,109,72,37,66.06,-5.03,-17.89,7.84,-5.479,0.462,13
"[-299,-200]",HR≥70/EDG≥10.0/CV≤-/μ≥0.5/TP≥65,65.88,10.0,,0.5,65.0,96,85,56,29,65.88,-6.35,-20.79,8.08,-5.4,0.538,13
"[-299,-200]",HR≥70/EDG≥10.0/CV≤-/μ≥1.0/TP≥-,64.58,10.0,,1.0,,58,48,31,17,64.58,-8.73,-28.08,10.63,-4.189,0.5,10
"[-299,-200]",HR≥70/EDG≥10.0/CV≤-/μ≥1.0/TP≥50,64.58,10.0,,1.0,50.0,58,48,31,17,64.58,-8.73,-28.08,10.63,-4.189,0.5,10
"[-299,-200]",HR≥70/EDG≥10.0/CV≤-/μ≥1.0/TP≥55,64.58,10.0,,1.0,55.0,58,48,31,17,64.58,-8.73,-28.08,10.63,-4.189,0.5,10
"[-299,-200]",HR≥70/EDG≥10.0/CV≤-/μ≥1.0/TP≥60,64.58,10.0,,1.0,60.0,58,48,31,17,64.58,-8.73,-28.08,10.63,-4.189,0.5,10
"[-299,-200]",HR≥70/EDG≥10.0/CV≤-/μ≥1.0/TP≥65,65.12,10.0,,1.0,65.0,51,43,28,15,65.12,-8.47,-28.76,11.81,-3.644,0.5,10
"[-299,-200]",HR≥70/EDG≥10.0/CV≤0.7/μ≥-/TP≥-,64.29,10.0,0.7,,,61,56,36,20,64.29,-8.72,-26.74,9.29,-4.884,0.25,12
"[-299,-200]",HR≥70/EDG≥10.0/CV≤0.7/μ≥-/TP≥50,64.29,10.0,0.7,,50.0,61,56,36,20,64.29,-8.72,-26.74,9.29,-4.884,0.25,12
"[-299,-200]",HR≥70/EDG≥10.0/CV≤0.7/μ≥-/TP≥55,64.29,10.0,0.7,,55.0,61,56,36,20,64.29,-8.72,-26.74,9.29,-4.884,0.25,12
"[-299,-200]",HR≥70/EDG≥10.0/CV≤0.7/μ≥-/TP≥60,64.29,10.0,0.7,,60.0,61,56,36,20,64.29,-8.72,-26.74,9.29,-4.884,0.25,12
"[-299,-200]",HR≥70/EDG≥10.0/CV≤0.7/μ≥-/TP≥65,65.31,10.0,0.7,,65.0,53,49,32,17,65.31,-7.91,-26.93,11.11,-3.874,0.417,12
"[-299,-200]",HR≥70/EDG≥10.0/CV≤0.7/μ≥0.0/TP≥-,64.29,10.0,0.7,0.0,,61,56,36,20,64.29,-8.72,-26.74,9.29,-4.884,0.25,12
"[-299,-200]",HR≥70/EDG≥10.0/CV≤0.7/μ≥0.0/TP≥50,64.29,10.0,0.7,0.0,50.0,61,56,36,20,64.29,-8.72,-26.74,9.29,-4.884,0.25,12
"[-299,-200]",HR≥70/EDG≥10.0/CV≤0.7/μ≥0.0/TP≥55,64.29,10.0,0.7,0.0,55.0,61,56,36,20,64.29,-8.72,-26.74,9.29,-4.884,0.25,12
"[-299,-200]",HR≥70/EDG≥10.0/CV≤0.7/μ≥0.0/TP≥60,64.29,10.0,0.7,0.0,60.0,61,56,36,20,64.29,-8.72,-26.74,9.29,-4.884,0.25,12
"[-299,-200]",HR≥70/EDG≥10.0/CV≤0.7/μ≥0.0/TP≥65,65.31,10.0,0.7,0.0,65.0,53,49,32,17,65.31,-7.91,-26.93,11.11,-3.874,0.417,12
"[-299,-200]",HR≥70/EDG≥10.0/CV≤0.7/μ≥0.5/TP≥-,62.96,10.0,0.7,0.5,,59,54,34,20,62.96,-10.78,-29.23,7.68,-5.819,0.182,11
"[-299,-200]",HR≥70/EDG≥10.0/CV≤0.7/μ≥0.5/TP≥50,62.96,10.0,0.7,0.5,50.0,59,54,34,20,62.96,-10.78,-29.23,7.68,-5.819,0.182,11
"[-299,-200]",HR≥70/EDG≥10.0/CV≤0.7/μ≥0.5/TP≥55,62.96,10.0,0.7,0.5,55.0,59,54,34,20,62.96,-10.78,-29.23,7.68,-5.819,0.182,11
"[-299,-200]",HR≥70/EDG≥10.0/CV≤0.7/μ≥0.5/TP≥60,62.96,10.0,0.7,0.5,60.0,59,54,34,20,62.96,-10.78,-29.23,7.68,-5.819,0.182,11
"[-299,-200]",HR≥70/EDG≥10.0/CV≤0.7/μ≥0.5/TP≥65,64.58,10.0,0.7,0.5,65.0,52,48,31,17,64.58,-8.98,-28.28,10.32,-4.309,0.364,11
"[-299,-200]",HR≥75/EDG≥-/CV≤-/μ≥-/TP≥-,63.69,,,,,196,179,114,65,63.69,-8.94,-19.06,1.18,-16.0,0.231,13
"[-299,-200]",HR≥75/EDG≥-/CV≤-/μ≥-/TP≥50,64.04,,,,50.0,195,178,114,64,64.04,-8.43,-18.55,1.7,-15.0,0.231,13
"[-299,-200]",HR≥75/EDG≥-/CV≤-/μ≥-/TP≥55,64.04,,,,55.0,195,178,114,64,64.04,-8.43,-18.55,1.7,-15.0,0.231,13
"[-299,-200]",HR≥75/EDG≥-/CV≤-/μ≥-/TP≥60,64.77,,,,60.0,193,176,114,62,64.77,-7.39,-17.52,2.75,-13.0,0.231,13
"[-299,-200]",HR≥75/EDG≥-/CV≤-/μ≥-/TP≥65,66.2,,,,65.0,156,142,94,48,66.2,-6.19,-17.27,4.9,-8.784,0.333,12
"[-299,-200]",HR≥75/EDG≥-/CV≤-/μ≥0.0/TP≥-,64.2,,,0.0,,193,176,113,63,64.2,-8.19,-18.37,1.98,-14.416,0.231,13
"[-299,-200]",HR≥75/EDG≥-/CV≤-/μ≥0.0/TP≥50,64.2,,,0.0,50.0,193,176,113,63,64.2,-8.19,-18.37,1.98,-14.416,0.231,13
"[-299,-200]",HR≥75/EDG≥-/CV≤-/μ≥0.0/TP≥55,64.2,,,0.0,55.0,193,176,113,63,64.2,-8.19,-18.37,1.98,-14.416,0.231,13
"[-299,-200]",HR≥75/EDG≥-/CV≤-/μ≥0.0/TP≥60,64.94,,,0.0,60.0,191,174,113,61,64.94,-7.14,-17.32,3.05,-12.416,0.308,13
"[-299,-200]",HR≥75/EDG≥-/CV≤-/μ≥0.0/TP≥65,66.43,,,0.0,65.0,154,140,93,47,66.43,-5.86,-17.0,5.29,-8.201,0.333,12
"[-299,-200]",HR≥75/EDG≥-/CV≤-/μ≥0.5/TP≥-,67.77,,,0.5,,133,121,82,39,67.77,-3.17,-15.14,8.8,-3.836,0.385,13
"[-299,-200]",HR≥75/EDG≥-/CV≤-/μ≥0.5/TP≥50,67.77,,,0.5,50.0,133,121,82,39,67.77,-3.17,-15.14,8.8,-3.836,0.385,13
"[-299,-200]",HR≥75/EDG≥-/CV≤-/μ≥0.5/TP≥55,67.77,,,0.5,55.0,133,121,82,39,67.77,-3.17,-15.14,8.8,-3.836,0.385,13
"[-299,-200]",HR≥75/EDG≥-/CV≤-/μ≥0.5/TP≥60,67.77,,,0.5,60.0,133,121,82,39,67.77,-3.17,-15.14,8.8,-3.836,0.385,13
"[-299,-200]",HR≥75/EDG≥-/CV≤-/μ≥0.5/TP≥65,70.1,,,0.5,65.0,107,97,68,29,70.1,-0.78,-13.77,12.21,-0.757,0.583,12
"[-299,-200]",HR≥75/EDG≥-/CV≤-/μ≥1.0/TP≥-,65.85,,,1.0,,49,41,27,14,65.85,-7.02,-27.81,13.76,-2.88,0.5,10
"[-299,-200]",HR≥75/EDG≥-/CV≤-/μ≥1.0/TP≥50,65.85,,,1.0,50.0,49,41,27,14,65.85,-7.02,-27.81,13.76,-2.88,0.5,10
"[-299,-200]",HR≥75/EDG≥-/CV≤-/μ≥1.0/TP≥55,65.85,,,1.0,55.0,49,41,27,14,65.85,-7.02,-27.81,13.76,-2.88,0.5,10
"[-299,-200]",HR≥75/EDG≥-/CV≤-/μ≥1.0/TP≥60,65.85,,,1.0,60.0,49,41,27,14,65.85,-7.02,-27.81,13.76,-2.88,0.5,10
"[-299,-200]",HR≥75/EDG≥-/CV≤-/μ≥1.0/TP≥65,66.67,,,1.0,65.0,42,36,24,12,66.67,-6.49,-28.43,15.46,-2.335,0.4,10
"[-299,-200]",HR≥75/EDG≥-/CV≤0.7/μ≥-/TP≥-,64.86,,0.7,,,82,74,48,26,64.86,-8.4,-23.89,7.09,-6.215,0.333,12
"[-299,-200]",HR≥75/EDG≥-/CV≤0.7/μ≥-/TP≥50,64.86,,0.7,,50.0,82,74,48,26,64.86,-8.4,-23.89,7.09,-6.215,0.333,12
"[-299,-200]",HR≥75/EDG≥-/CV≤0.7/μ≥-/TP≥55,64.86,,0.7,,55.0,82,74,48,26,64.86,-8.4,-23.89,7.09,-6.215,0.333,12
"[-299,-200]",HR≥75/EDG≥-/CV≤0.7/μ≥-/TP≥60,65.75,,0.7,,60.0,81,73,48,25,65.75,-7.14,-22.65,8.36,-5.215,0.333,12
"[-299,-200]",HR≥75/EDG≥-/CV≤0.7/μ≥-/TP≥65,69.23,,0.7,,65.0,72,65,45,20,69.23,-2.62,-18.55,13.31,-1.705,0.417,12
"[-299,-200]",HR≥75/EDG≥-/CV≤0.7/μ≥0.0/TP≥-,65.28,,0.7,0.0,,80,72,47,25,65.28,-7.82,-23.49,7.84,-5.631,0.333,12
"[-299,-200]",HR≥75/EDG≥-/CV≤0.7/μ≥0.0/TP≥50,65.28,,0.7,0.0,50.0,80,72,47,25,65.28,-7.82,-23.49,7.84,-5.631,0.333,12
"[-299,-200]",HR≥75/EDG≥-/CV≤0.7/μ≥0.0/TP≥55,65.28,,0.7,0.0,55.0,80,72,47,25,65.28,-7.82,-23.49,7.84,-5.631,0.333,12
"[-299,-200]",HR≥75/EDG≥-/CV≤0.7/μ≥0.0/TP≥60,66.2,,0.7,0.0,60.0,79,71,47,24,66.2,-6.52,-22.2,9.15,-4.631,0.333,12
"[-299,-200]",HR≥75/EDG≥-/CV≤0.7/μ≥0.0/TP≥65,69.84,,0.7,0.0,65.0,70,63,44,19,69.84,-1.78,-17.87,14.31,-1.122,0.417,12
"[-299,-200]",HR≥75/EDG≥-/CV≤0.7/μ≥0.5/TP≥-,70.37,,0.7,0.5,,59,54,38,16,70.37,-0.78,-18.15,16.59,-0.421,0.583,12
"[-299,-200]",HR≥75/EDG≥-/CV≤0.7/μ≥0.5/TP≥50,70.37,,0.7,0.5,50.0,59,54,38,16,70.37,-0.78,-18.15,16.59,-0.421,0.583,12
"[-299,-200]",HR≥75/EDG≥-/CV≤0.7/μ≥0.5/TP≥55,70.37,,0.7,0.5,55.0,59,54,38,16,70.37,-0.78,-18.15,16.59,-0.421,0.583,12
"[-299,-200]",HR≥75/EDG≥-/CV≤0.7/μ≥0.5/TP≥60,70.37,,0.7,0.5,60.0,59,54,38,16,70.37,-0.78,-18.15,16.59,-0.421,0.583,12
"[-299,-200]",HR≥75/EDG≥-/CV≤0.7/μ≥0.5/TP≥65,75.0,,0.7,0.5,65.0,52,48,36,12,75.0,5.39,-12.04,22.83,2.589,0.667,12
"[-299,-200]",HR≥75/EDG≥-/CV≤0.6/μ≥-/TP≥-,64.52,,0.6,,,35,31,20,11,64.52,-7.9,-32.38,16.58,-2.449,0.455,11
"[-299,-200]",HR≥75/EDG≥-/CV≤0.6/μ≥-/TP≥50,64.52,,0.6,,50.0,35,31,20,11,64.52,-7.9,-32.38,16.58,-2.449,0.455,11
"[-299,-200]",HR≥75/EDG≥-/CV≤0.6/μ≥-/TP≥55,64.52,,0.6,,55.0,35,31,20,11,64.52,-7.9,-32.38,16.58,-2.449,0.455,11
"[-299,-200]",HR≥75/EDG≥-/CV≤0.6/μ≥-/TP≥60,66.67,,0.6,,60.0,34,30,20,10,66.67,-4.83,-29.37,19.71,-1.449,0.455,11
"[-299,-200]",HR≥75/EDG≥-/CV≤0.6/μ≥0.0/TP≥-,64.52,,0.6,0.0,,35,31,20,11,64.52,-7.9,-32.38,16.58,-2.449,0.455,11
"[-299,-200]",HR≥75/EDG≥-/CV≤0.6/μ≥0.0/TP≥50,64.52,,0.6,0.0,50.0,35,31,20,11,64.52,-7.9,-32.38,16.58,-2.449,0.455,11
"[-299,-200]",HR≥75/EDG≥-/CV≤0.6/μ≥0.0/TP≥55,64.52,,0.6,0.0,55.0,35,31,20,11,64.52,-7.9,-32.38,16.58,-2.449,0.455,11
"[-299,-200]",HR≥75/EDG≥-/CV≤0.6/μ≥0.0/TP≥60,66.67,,0.6,0.0,60.0,34,30,20,10,66.67,-4.83,-29.37,19.71,-1.449,0.455,11
"[-299,-200]",HR≥75/EDG≥-5.0/CV≤-/μ≥-/TP≥-,67.11,-5.0,,,,165,152,102,50,67.11,-3.83,-14.59,6.93,-5.827,0.385,13
"[-299,-200]",HR≥75/EDG≥-5.0/CV≤-/μ≥-/TP≥50,67.11,-5.0,,,50.0,165,152,102,50,67.11,-3.83,-14.59,6.93,-5.827,0.385,13
"[-299,-200]",HR≥75/EDG≥-5.0/CV≤-/μ≥-/TP≥55,67.11,-5.0,,,55.0,165,152,102,50,67.11,-3.83,-14.59,6.93,-5.827,0.385,13
"[-299,-200]",HR≥75/EDG≥-5.0/CV≤-/μ≥-/TP≥60,67.11,-5.0,,,60.0,165,152,102,50,67.11,-3.83,-14.59,6.93,-5.827,0.385,13
"[-299,-200]",HR≥75/EDG≥-5.0/CV≤-/μ≥-/TP≥65,68.6,-5.0,,,65.0,132,121,83,38,68.6,-2.68,-14.49,9.12,-3.248,0.417,12
"[-299,-200]",HR≥75/EDG≥-5.0/CV≤-/μ≥0.0/TP≥-,67.11,-5.0,,0.0,,165,152,102,50,67.11,-3.83,-14.59,6.93,-5.827,0.385,13
"[-299,-200]",HR≥75/EDG≥-5.0/CV≤-/μ≥0.0/TP≥50,67.11,-5.0,,0.0,50.0,165,152,102,50,67.11,-3.83,-14.59,6.93,-5.827,0.385,13
"[-299,-200]",HR≥75/EDG≥-5.0/CV≤-/μ≥0.0/TP≥55,67.11,-5.0,,0.0,55.0,165,152,102,50,67.11,-3.83,-14.59,6.93,-5.827,0.385,13
"[-299,-200]",HR≥75/EDG≥-5.0/CV≤-/μ≥0.0/TP≥60,67.11,-5.0,,0.0,60.0,165,152,102,50,67.11,-3.83,-14.59,6.93,-5.827,0.385,13
"[-299,-200]",HR≥75/EDG≥-5.0/CV≤-/μ≥0.0/TP≥65,68.6,-5.0,,0.0,65.0,132,121,83,38,68.6,-2.68,-14.49,9.12,-3.248,0.417,12
"[-299,-200]",HR≥75/EDG≥-5.0/CV≤-/μ≥0.5/TP≥-,67.77,-5.0,,0.5,,133,121,82,39,67.77,-3.17,-15.14,8.8,-3.836,0.385,13
"[-299,-200]",HR≥75/EDG≥-5.0/CV≤-/μ≥0.5/TP≥50,67.77,-5.0,,0.5,50.0,133,121,82,39,67.77,-3.17,-15.14,8.8,-3.836,0.385,13
"[-299,-200]",HR≥75/EDG≥-5.0/CV≤-/μ≥0.5/TP≥55,67.77,-5.0,,0.5,55.0,133,121,82,39,67.77,-3.17,-15.14,8.8,-3.836,0.385,13
"[-299,-200]",HR≥75/EDG≥-5.0/CV≤-/μ≥0.5/TP≥60,67.77,-5.0,,0.5,60.0,133,121,82,39,67.77,-3.17,-15.14,8.8,-3.836,0.385,13
"[-299,-200]",HR≥75/EDG≥-5.0/CV≤-/μ≥0.5/TP≥65,70.1,-5.0,,0.5,65.0,107,97,68,29,70.1,-0.78,-13.77,12.21,-0.757,0.583,12
"[-299,-200]",HR≥75/EDG≥-5.0/CV≤-/μ≥1.0/TP≥-,65.85,-5.0,,1.0,,49,41,27,14,65.85,-7.02,-27.81,13.76,-2.88,0.5,10
"[-299,-200]",HR≥75/EDG≥-5.0/CV≤-/μ≥1.0/TP≥50,65.85,-5.0,,1.0,50.0,49,41,27,14,65.85,-7.02,-27.81,13.76,-2.88,0.5,10
"[-299,-200]",HR≥75/EDG≥-5.0/CV≤-/μ≥1.0/TP≥55,65.85,-5.0,,1.0,55.0,49,41,27,14,65.85,-7.02,-27.81,13.76,-2.88,0.5,10
"[-299,-200]",HR≥75/EDG≥-5.0/CV≤-/μ≥1.0/TP≥60,65.85,-5.0,,1.0,60.0,49,41,27,14,65.85,-7.02,-27.81,13.76,-2.88,0.5,10
"[-299,-200]",HR≥75/EDG≥-5.0/CV≤-/μ≥1.0/TP≥65,66.67,-5.0,,1.0,65.0,42,36,24,12,66.67,-6.49,-28.43,15.46,-2.335,0.4,10
"[-299,-200]",HR≥75/EDG≥-5.0/CV≤0.7/μ≥-/TP≥-,66.18,-5.0,0.7,,,74,68,45,23,66.18,-6.46,-22.5,9.58,-4.395,0.417,12
"[-299,-200]",HR≥75/EDG≥-5.0/CV≤0.7/μ≥-/TP≥50,66.18,-5.0,0.7,,50.0,74,68,45,23,66.18,-6.46,-22.5,9.58,-4.395,0.417,12
"[-299,-200]",HR≥75/EDG≥-5.0/CV≤0.7/μ≥-/TP≥55,66.18,-5.0,0.7,,55.0,74,68,45,23,66.18,-6.46,-22.5,9.58,-4.395,0.417,12
"[-299,-200]",HR≥75/EDG≥-5.0/CV≤0.7/μ≥-/TP≥60,66.18,-5.0,0.7,,60.0,74,68,45,23,66.18,-6.46,-22.5,9.58,-4.395,0.417,12
"[-299,-200]",HR≥75/EDG≥-5.0/CV≤0.7/μ≥-/TP≥65,70.0,-5.0,0.7,,65.0,65,60,42,18,70.0,-1.48,-17.96,15.01,-0.885,0.5,12
"[-299,-200]",HR≥75/EDG≥-5.0/CV≤0.7/μ≥0.0/TP≥-,66.18,-5.0,0.7,0.0,,74,68,45,23,66.18,-6.46,-22.5,9.58,-4.395,0.417,12
"[-299,-200]",HR≥75/EDG≥-5.0/CV≤0.7/μ≥0.0/TP≥50,66.18,-5.0,0.7,0.0,50.0,74,68,45,23,66.18,-6.46,-22.5,9.58,-4.395,0.417,12
"[-299,-200]",HR≥75/EDG≥-5.0/CV≤0.7/μ≥0.0/TP≥55,66.18,-5.0,0.7,0.0,55.0,74,68,45,23,66.18,-6.46,-22.5,9.58,-4.395,0.417,12
"[-299,-200]",HR≥75/EDG≥-5.0/CV≤0.7/μ≥0.0/TP≥60,66.18,-5.0,0.7,0.0,60.0,74,68,45,23,66.18,-6.46,-22.5,9.58,-4.395,0.417,12
"[-299,-200]",HR≥75/EDG≥-5.0/CV≤0.7/μ≥0.0/TP≥65,70.0,-5.0,0.7,0.0,65.0,65,60,42,18,70.0,-1.48,-17.96,15.01,-0.885,0.5,12
"[-299,-200]",HR≥75/EDG≥-5.0/CV≤0.7/μ≥0.5/TP≥-,70.37,-5.0,0.7,0.5,,59,54,38,16,70.37,-0.78,-18.15,16.59,-0.421,0.583,12
"[-299,-200]",HR≥75/EDG≥-5.0/CV≤0.7/μ≥0.5/TP≥50,70.37,-5.0,0.7,0.5,50.0,59,54,38,16,70.37,-0.78,-18.15,16.59,-0.421,0.583,12
"[-299,-200]",HR≥75/EDG≥-5.0/CV≤0.7/μ≥0.5/TP≥55,70.37,-5.0,0.7,0.5,55.0,59,54,38,16,70.37,-0.78,-18.15,16.59,-0.421,0.583,12
"[-299,-200]",HR≥75/EDG≥-5.0/CV≤0.7/μ≥0.5/TP≥60,70.37,-5.0,0.7,0.5,60.0,59,54,38,16,70.37,-0.78,-18.15,16.59,-0.421,0.583,12
"[-299,-200]",HR≥75/EDG≥-5.0/CV≤0.7/μ≥0.5/TP≥65,75.0,-5.0,0.7,0.5,65.0,52,48,36,12,75.0,5.39,-12.04,22.83,2.589,0.667,12
"[-299,-200]",HR≥75/EDG≥0.0/CV≤-/μ≥-/TP≥-,67.18,0.0,,,,143,131,88,43,67.18,-3.77,-15.36,7.82,-4.939,0.462,13
"[-299,-200]",HR≥75/EDG≥0.0/CV≤-/μ≥-/TP≥50,67.18,0.0,,,50.0,143,131,88,43,67.18,-3.77,-15.36,7.82,-4.939,0.462,13
"[-299,-200]",HR≥75/EDG≥0.0/CV≤-/μ≥-/TP≥55,67.18,0.0,,,55.0,143,131,88,43,67.18,-3.77,-15.36,7.82,-4.939,0.462,13
"[-299,-200]",HR≥75/EDG≥0.0/CV≤-/μ≥-/TP≥60,67.18,0.0,,,60.0,143,131,88,43,67.18,-3.77,-15.36,7.82,-4.939,0.462,13
"[-299,-200]",HR≥75/EDG≥0.0/CV≤-/μ≥-/TP≥65,68.27,0.0,,,65.0,114,104,71,33,68.27,-3.23,-15.99,9.53,-3.36,0.417,12
"[-299,-200]",HR≥75/EDG≥0.0/CV≤-/μ≥0.0/TP≥-,67.18,0.0,,0.0,,143,131,88,43,67.18,-3.77,-15.36,7.82,-4.939,0.462,13
"[-299,-200]",HR≥75/EDG≥0.0/CV≤-/μ≥0.0/TP≥50,67.18,0.0,,0.0,50.0,143,131,88,43,67.18,-3.77,-15.36,7.82,-4.939,0.462,13
"[-299,-200]",HR≥75/EDG≥0.0/CV≤-/μ≥0.0/TP≥55,67.18,0.0,,0.0,55.0,143,131,88,43,67.18,-3.77,-15.36,7.82,-4.939,0.462,13
"[-299,-200]",HR≥75/EDG≥0.0/CV≤-/μ≥0.0/TP≥60,67.18,0.0,,0.0,60.0,143,131,88,43,67.18,-3.77,-15.36,7.82,-4.939,0.462,13
"[-299,-200]",HR≥75/EDG≥0.0/CV≤-/μ≥0.0/TP≥65,68.27,0.0,,0.0,65.0,114,104,71,33,68.27,-3.23,-15.99,9.53,-3.36,0.417,12
"[-299,-200]",HR≥75/EDG≥0.0/CV≤-/μ≥0.5/TP≥-,68.38,0.0,,0.5,,129,117,80,37,68.38,-2.24,-14.37,9.88,-2.625,0.462,13
"[-299,-200]",HR≥75/EDG≥0.0/CV≤-/μ≥0.5/TP≥50,68.38,0.0,,0.5,50.0,129,117,80,37,68.38,-2.24,-14.37,9.88,-2.625,0.462,13
"[-299,-200]",HR≥75/EDG≥0.0/CV≤-/μ≥0.5/TP≥55,68.38,0.0,,0.5,55.0,129,117,80,37,68.38,-2.24,-14.37,9.88,-2.625,0.462,13
"[-299,-200]",HR≥75/EDG≥0.0/CV≤-/μ≥0.5/TP≥60,68.38,0.0,,0.5,60.0,129,117,80,37,68.38,-2.24,-14.37,9.88,-2.625,0.462,13
"[-299,-200]",HR≥75/EDG≥0.0/CV≤-/μ≥0.5/TP≥65,70.97,0.0,,0.5,65.0,103,93,66,27,70.97,0.49,-12.67,13.65,0.454,0.583,12
"[-299,-200]",HR≥75/EDG≥0.0/CV≤-/μ≥1.0/TP≥-,65.85,0.0,,1.0,,49,41,27,14,65.85,-7.02,-27.81,13.76,-2.88,0.5,10
"[-299,-200]",HR≥75/EDG≥0.0/CV≤-/μ≥1.0/TP≥50,65.85,0.0,,1.0,50.0,49,41,27,14,65.85,-7.02,-27.81,13.76,-2.88,0.5,10
"[-299,-200]",HR≥75/EDG≥0.0/CV≤-/μ≥1.0/TP≥55,65.85,0.0,,1.0,55.0,49,41,27,14,65.85,-7.02,-27.81,13.76,-2.88,0.5,10
"[-299,-200]",HR≥75/EDG≥0.0/CV≤-/μ≥1.0/TP≥60,65.85,0.0,,1.0,60.0,49,41,27,14,65.85,-7.02,-27.81,13.76,-2.88,0.5,10
"[-299,-200]",HR≥75/EDG≥0.0/CV≤-/μ≥1.0/TP≥65,66.67,0.0,,1.0,65.0,42,36,24,12,66.67,-6.49,-28.43,15.46,-2.335,0.4,10
"[-299,-200]",HR≥75/EDG≥0.0/CV≤0.7/μ≥-/TP≥-,67.74,0.0,0.7,,,67,62,42,20,67.74,-4.25,-20.86,12.37,-2.634,0.5,12
"[-299,-200]",HR≥75/EDG≥0.0/CV≤0.7/μ≥-/TP≥50,67.74,0.0,0.7,,50.0,67,62,42,20,67.74,-4.25,-20.86,12.37,-2.634,0.5,12
"[-299,-200]",HR≥75/EDG≥0.0/CV≤0.7/μ≥-/TP≥55,67.74,0.0,0.7,,55.0,67,62,42,20,67.74,-4.25,-20.86,12.37,-2.634,0.5,12
"[-299,-200]",HR≥75/EDG≥0.0/CV≤0.7/μ≥-/TP≥60,67.74,0.0,0.7,,60.0,67,62,42,20,67.74,-4.25,-20.86,12.37,-2.634,0.5,12
"[-299,-200]",HR≥75/EDG≥0.0/CV≤0.7/μ≥-/TP≥65,70.91,0.0,0.7,,65.0,59,55,39,16,70.91,-0.23,-17.3,16.85,-0.124,0.5,12
"[-299,-200]",HR≥75/EDG≥0.0/CV≤0.7/μ≥0.0/TP≥-,67.74,0.0,0.7,0.0,,67,62,42,20,67.74,-4.25,-20.86,12.37,-2.634,0.5,12
"[-299,-200]",HR≥75/EDG≥0.0/CV≤0.7/μ≥0.0/TP≥50,67.74,0.0,0.7,0.0,50.0,67,62,42,20,67.74,-4.25,-20.86,12.37,-2.634,0.5,12
"[-299,-200]",HR≥75/EDG≥0.0/CV≤0.7/μ≥0.0/TP≥55,67.74,0.0,0.7,0.0,55.0,67,62,42,20,67.74,-4.25,-20.86,12.37,-2.634,0.5,12
"[-299,-200]",HR≥75/EDG≥0.0/CV≤0.7/μ≥0.0/TP≥60,67.74,0.0,0.7,0.0,60.0,67,62,42,20,67.74,-4.25,-20.86,12.37,-2.634,0.5,12
"[-299,-200]",HR≥75/EDG≥0.0/CV≤0.7/μ≥0.0/TP≥65,70.91,0.0,0.7,0.0,65.0,59,55,39,16,70.91,-0.23,-17.3,16.85,-0.124,0.5,12
"[-299,-200]",HR≥75/EDG≥0.0/CV≤0.7/μ≥0.5/TP≥-,70.37,0.0,0.7,0.5,,59,54,38,16,70.37,-0.78,-18.15,16.59,-0.421,0.583,12
"[-299,-200]",HR≥75/EDG≥0.0/CV≤0.7/μ≥0.5/TP≥50,70.37,0.0,0.7,0.5,50.0,59,54,38,16,70.37,-0.78,-18.15,16.59,-0.421,0.583,12
"[-299,-200]",HR≥75/EDG≥0.0/CV≤0.7/μ≥0.5/TP≥55,70.37,0.0,0.7,0.5,55.0,59,54,38,16,70.37,-0.78,-18.15,16.59,-0.421,0.583,12
"[-299,-200]",HR≥75/EDG≥0.0/CV≤0.7/μ≥0.5/TP≥60,70.37,0.0,0.7,0.5,60.0,59,54,38,16,70.37,-0.78,-18.15,16.59,-0.421,0.583,12
"[-299,-200]",HR≥75/EDG≥0.0/CV≤0.7/μ≥0.5/TP≥65,75.0,0.0,0.7,0.5,65.0,52,48,36,12,75.0,5.39,-12.04,22.83,2.589,0.667,12
"[-299,-200]",HR≥75/EDG≥5.0/CV≤-/μ≥-/TP≥-,66.99,5.0,,,,114,103,69,34,66.99,-4.16,-17.25,8.92,-4.287,0.462,13
"[-299,-200]",HR≥75/EDG≥5.0/CV≤-/μ≥-/TP≥50,66.99,5.0,,,50.0,114,103,69,34,66.99,-4.16,-17.25,8.92,-4.287,0.462,13
"[-299,-200]",HR≥75/EDG≥5.0/CV≤-/μ≥-/TP≥55,66.99,5.0,,,55.0,114,103,69,34,66.99,-4.16,-17.25,8.92,-4.287,0.462,13
"[-299,-200]",HR≥75/EDG≥5.0/CV≤-/μ≥-/TP≥60,66.99,5.0,,,60.0,114,103,69,34,66.99,-4.16,-17.25,8.92,-4.287,0.462,13
"[-299,-200]",HR≥75/EDG≥5.0/CV≤-/μ≥-/TP≥65,69.51,5.0,,,65.0,91,82,57,25,69.51,-1.47,-15.71,12.76,-1.208,0.583,12
"[-299,-200]",HR≥75/EDG≥5.0/CV≤-/μ≥0.0/TP≥-,66.99,5.0,,0.0,,114,103,69,34,66.99,-4.16,-17.25,8.92,-4.287,0.462,13
"[-299,-200]",HR≥75/EDG≥5.0/CV≤-/μ≥0.0/TP≥50,66.99,5.0,,0.0,50.0,114,103,69,34,66.99,-4.16,-17.25,8.92,-4.287,0.462,13
"[-299,-200]",HR≥75/EDG≥5.0/CV≤-/μ≥0.0/TP≥55,66.99,5.0,,0.0,55.0,114,103,69,34,66.99,-4.16,-17.25,8.92,-4.287,0.462,13
"[-299,-200]",HR≥75/EDG≥5.0/CV≤-/μ≥0.0/TP≥60,66.99,5.0,,0.0,60.0,114,103,69,34,66.99,-4.16,-17.25,8.92,-4.287,0.462,13
"[-299,-200]",HR≥75/EDG≥5.0/CV≤-/μ≥0.0/TP≥65,69.51,5.0,,0.0,65.0,91,82,57,25,69.51,-1.47,-15.71,12.76,-1.208,0.583,12
"[-299,-200]",HR≥75/EDG≥5.0/CV≤-/μ≥0.5/TP≥-,67.65,5.0,,0.5,,113,102,69,33,67.65,-3.22,-16.3,9.86,-3.287,0.462,13
"[-299,-200]",HR≥75/EDG≥5.0/CV≤-/μ≥0.5/TP≥50,67.65,5.0,,0.5,50.0,113,102,69,33,67.65,-3.22,-16.3,9.86,-3.287,0.462,13
"[-299,-200]",HR≥75/EDG≥5.0/CV≤-/μ≥0.5/TP≥55,67.65,5.0,,0.5,55.0,113,102,69,33,67.65,-3.22,-16.3,9.86,-3.287,0.462,13
"[-299,-200]",HR≥75/EDG≥5.0/CV≤-/μ≥0.5/TP≥60,67.65,5.0,,0.5,60.0,113,102,69,33,67.65,-3.22,-16.3,9.86,-3.287,0.462,13
"[-299,-200]",HR≥75/EDG≥5.0/CV≤-/μ≥0.5/TP≥65,70.37,5.0,,0.5,65.0,90,81,57,24,70.37,-0.26,-14.47,13.95,-0.208,0.583,12
"[-299,-200]",HR≥75/EDG≥5.0/CV≤-/μ≥1.0/TP≥-,65.85,5.0,,1.0,,49,41,27,14,65.85,-7.02,-27.81,13.76,-2.88,0.5,10
"[-299,-200]",HR≥75/EDG≥5.0/CV≤-/μ≥1.0/TP≥50,65.85,5.0,,1.0,50.0,49,41,27,14,65.85,-7.02,-27.81,13.76,-2.88,0.5,10
"[-299,-200]",HR≥75/EDG≥5.0/CV≤-/μ≥1.0/TP≥55,65.85,5.0,,1.0,55.0,49,41,27,14,65.85,-7.02,-27.81,13.76,-2.88,0.5,10
"[-299,-200]",HR≥75/EDG≥5.0/CV≤-/μ≥1.0/TP≥60,65.85,5.0,,1.0,60.0,49,41,27,14,65.85,-7.02,-27.81,13.76,-2.88,0.5,10
"[-299,-200]",HR≥75/EDG≥5.0/CV≤-/μ≥1.0/TP≥65,66.67,5.0,,1.0,65.0,42,36,24,12,66.67,-6.49,-28.43,15.46,-2.335,0.4,10
"[-299,-200]",HR≥75/EDG≥5.0/CV≤0.7/μ≥-/TP≥-,67.31,5.0,0.7,,,57,52,35,17,67.31,-4.98,-23.19,13.23,-2.589,0.455,11
"[-299,-200]",HR≥75/EDG≥5.0/CV≤0.7/μ≥-/TP≥50,67.31,5.0,0.7,,50.0,57,52,35,17,67.31,-4.98,-23.19,13.23,-2.589,0.455,11
"[-299,-200]",HR≥75/EDG≥5.0/CV≤0.7/μ≥-/TP≥55,67.31,5.0,0.7,,55.0,57,52,35,17,67.31,-4.98,-23.19,13.23,-2.589,0.455,11
"[-299,-200]",HR≥75/EDG≥5.0/CV≤0.7/μ≥-/TP≥60,67.31,5.0,0.7,,60.0,57,52,35,17,67.31,-4.98,-23.19,13.23,-2.589,0.455,11
"[-299,-200]",HR≥75/EDG≥5.0/CV≤0.7/μ≥-/TP≥65,71.74,5.0,0.7,,65.0,50,46,33,13,71.74,0.91,-17.63,19.46,0.421,0.545,11
"[-299,-200]",HR≥75/EDG≥5.0/CV≤0.7/μ≥0.0/TP≥-,67.31,5.0,0.7,0.0,,57,52,35,17,67.31,-4.98,-23.19,13.23,-2.589,0.455,11
"[-299,-200]",HR≥75/EDG≥5.0/CV≤0.7/μ≥0.0/TP≥50,67.31,5.0,0.7,0.0,50.0,57,52,35,17,67.31,-4.98,-23.19,13.23,-2.589,0.455,11
"[-299,-200]",HR≥75/EDG≥5.0/CV≤0.7/μ≥0.0/TP≥55,67.31,5.0,0.7,0.0,55.0,57,52,35,17,67.31,-4.98,-23.19,13.23,-2.589,0.455,11
"[-299,-200]",HR≥75/EDG≥5.0/CV≤0.7/μ≥0.0/TP≥60,67.31,5.0,0.7,0.0,60.0,57,52,35,17,67.31,-4.98,-23.19,13.23,-2.589,0.455,11
"[-299,-200]",HR≥75/EDG≥5.0/CV≤0.7/μ≥0.0/TP≥65,71.74,5.0,0.7,0.0,65.0,50,46,33,13,71.74,0.91,-17.63,19.46,0.421,0.545,11
"[-299,-200]",HR≥75/EDG≥5.0/CV≤0.7/μ≥0.5/TP≥-,68.63,5.0,0.7,0.5,,56,51,35,16,68.63,-3.12,-21.31,15.08,-1.589,0.545,11
"[-299,-200]",HR≥75/EDG≥5.0/CV≤0.7/μ≥0.5/TP≥50,68.63,5.0,0.7,0.5,50.0,56,51,35,16,68.63,-3.12,-21.31,15.08,-1.589,0.545,11
"[-299,-200]",HR≥75/EDG≥5.0/CV≤0.7/μ≥0.5/TP≥55,68.63,5.0,0.7,0.5,55.0,56,51,35,16,68.63,-3.12,-21.31,15.08,-1.589,0.545,11
"[-299,-200]",HR≥75/EDG≥5.0/CV≤0.7/μ≥0.5/TP≥60,68.63,5.0,0.7,0.5,60.0,56,51,35,16,68.63,-3.12,-21.31,15.08,-1.589,0.545,11
"[-299,-200]",HR≥75/EDG≥5.0/CV≤0.7/μ≥0.5/TP≥65,73.33,5.0,0.7,0.5,65.0,49,45,33,12,73.33,3.16,-15.26,21.58,1.421,0.636,11
"[-299,-200]",HR≥75/EDG≥10.0/CV≤-/μ≥-/TP≥-,69.41,10.0,,,,95,85,59,26,69.41,-0.57,-14.71,13.58,-0.48,0.462,13
"[-299,-200]",HR≥75/EDG≥10.0/CV≤-/μ≥-/TP≥50,69.41,10.0,,,50.0,95,85,59,26,69.41,-0.57,-14.71,13.58,-0.48,0.462,13
"[-299,-200]",HR≥75/EDG≥10.0/CV≤-/μ≥-/TP≥55,69.41,10.0,,,55.0,95,85,59,26,69.41,-0.57,-14.71,13.58,-0.48,0.462,13
"[-299,-200]",HR≥75/EDG≥10.0/CV≤-/μ≥-/TP≥60,69.41,10.0,,,60.0,95,85,59,26,69.41,-0.57,-14.71,13.58,-0.48,0.462,13
"[-299,-200]",HR≥75/EDG≥10.0/CV≤-/μ≥-/TP≥65,71.21,10.0,,,65.0,74,66,47,19,71.21,0.91,-14.72,16.54,0.599,0.583,12
"[-299,-200]",HR≥75/EDG≥10.0/CV≤-/μ≥0.0/TP≥-,69.41,10.0,,0.0,,95,85,59,26,69.41,-0.57,-14.71,13.58,-0.48,0.462,13
"[-299,-200]",HR≥75/EDG≥10.0/CV≤-/μ≥0.0/TP≥50,69.41,10.0,,0.0,50.0,95,85,59,26,69.41,-0.57,-14.71,13.58,-0.48,0.462,13
"[-299,-200]",HR≥75/EDG≥10.0/CV≤-/μ≥0.0/TP≥55,69.41,10.0,,0.0,55.0,95,85,59,26,69.41,-0.57,-14.71,13.58,-0.48,0.462,13
"[-299,-200]",HR≥75/EDG≥10.0/CV≤-/μ≥0.0/TP≥60,69.41,10.0,,0.0,60.0,95,85,59,26,69.41,-0.57,-14.71,13.58,-0.48,0.462,13
"[-299,-200]",HR≥75/EDG≥10.0/CV≤-/μ≥0.0/TP≥65,71.21,10.0,,0.0,65.0,74,66,47,19,71.21,0.91,-14.72,16.54,0.599,0.583,12
"[-299,-200]",HR≥75/EDG≥10.0/CV≤-/μ≥0.5/TP≥-,69.41,10.0,,0.5,,95,85,59,26,69.41,-0.57,-14.71,13.58,-0.48,0.462,13
"[-299,-200]",HR≥75/EDG≥10.0/CV≤-/μ≥0.5/TP≥50,69.41,10.0,,0.5,50.0,95,85,59,26,69.41,-0.57,-14.71,13.58,-0.48,0.462,13
"[-299,-200]",HR≥75/EDG≥10.0/CV≤-/μ≥0.5/TP≥55,69.41,10.0,,0.5,55.0,95,85,59,26,69.41,-0.57,-14.71,13.58,-0.48,0.462,13
"[-299,-200]",HR≥75/EDG≥10.0/CV≤-/μ≥0.5/TP≥60,69.41,10.0,,0.5,60.0,95,85,59,26,69.41,-0.57,-14.71,13.58,-0.48,0.462,13
"[-299,-200]",HR≥75/EDG≥10.0/CV≤-/μ≥0.5/TP≥65,71.21,10.0,,0.5,65.0,74,66,47,19,71.21,0.91,-14.72,16.54,0.599,0.583,12
"[-299,-200]",HR≥75/EDG≥10.0/CV≤-/μ≥1.0/TP≥-,65.85,10.0,,1.0,,49,41,27,14,65.85,-7.02,-27.81,13.76,-2.88,0.5,10
"[-299,-200]",HR≥75/EDG≥10.0/CV≤-/μ≥1.0/TP≥50,65.85,10.0,,1.0,50.0,49,41,27,14,65.85,-7.02,-27.81,13.76,-2.88,0.5,10
"[-299,-200]",HR≥75/EDG≥10.0/CV≤-/μ≥1.0/TP≥55,65.85,10.0,,1.0,55.0,49,41,27,14,65.85,-7.02,-27.81,13.76,-2.88,0.5,10
"[-299,-200]",HR≥75/EDG≥10.0/CV≤-/μ≥1.0/TP≥60,65.85,10.0,,1.0,60.0,49,41,27,14,65.85,-7.02,-27.81,13.76,-2.88,0.5,10
"[-299,-200]",HR≥75/EDG≥10.0/CV≤-/μ≥1.0/TP≥65,66.67,10.0,,1.0,65.0,42,36,24,12,66.67,-6.49,-28.43,15.46,-2.335,0.4,10
"[-299,-200]",HR≥75/EDG≥10.0/CV≤0.7/μ≥-/TP≥-,69.57,10.0,0.7,,,50,46,32,14,69.57,-1.73,-20.76,17.3,-0.795,0.545,11
"[-299,-200]",HR≥75/EDG≥10.0/CV≤0.7/μ≥-/TP≥50,69.57,10.0,0.7,,50.0,50,46,32,14,69.57,-1.73,-20.76,17.3,-0.795,0.545,11
"[-299,-200]",HR≥75/EDG≥10.0/CV≤0.7/μ≥-/TP≥55,69.57,10.0,0.7,,55.0,50,46,32,14,69.57,-1.73,-20.76,17.3,-0.795,0.545,11
"[-299,-200]",HR≥75/EDG≥10.0/CV≤0.7/μ≥-/TP≥60,69.57,10.0,0.7,,60.0,50,46,32,14,69.57,-1.73,-20.76,17.3,-0.795,0.545,11
"[-299,-200]",HR≥75/EDG≥10.0/CV≤0.7/μ≥-/TP≥65,73.17,10.0,0.7,,65.0,44,41,30,11,73.17,2.96,-16.4,22.32,1.215,0.636,11
"[-299,-200]",HR≥75/EDG≥10.0/CV≤0.7/μ≥0.0/TP≥-,69.57,10.0,0.7,0.0,,50,46,32,14,69.57,-1.73,-20.76,17.3,-0.795,0.545,11
"[-299,-200]",HR≥75/EDG≥10.0/CV≤0.7/μ≥0.0/TP≥50,69.57,10.0,0.7,0.0,50.0,50,46,32,14,69.57,-1.73,-20.76,17.3,-0.795,0.545,11
"[-299,-200]",HR≥75/EDG≥10.0/CV≤0.7/μ≥0.0/TP≥55,69.57,10.0,0.7,0.0,55.0,50,46,32,14,69.57,-1.73,-20.76,17.3,-0.795,0.545,11
"[-299,-200]",HR≥75/EDG≥10.0/CV≤0.7/μ≥0.0/TP≥60,69.57,10.0,0.7,0.0,60.0,50,46,32,14,69.57,-1.73,-20.76,17.3,-0.795,0.545,11
"[-299,-200]",HR≥75/EDG≥10.0/CV≤0.7/μ≥0.0/TP≥65,73.17,10.0,0.7,0.0,65.0,44,41,30,11,73.17,2.96,-16.4,22.32,1.215,0.636,11
"[-299,-200]",HR≥75/EDG≥10.0/CV≤0.7/μ≥0.5/TP≥-,69.57,10.0,0.7,0.5,,50,46,32,14,69.57,-1.73,-20.76,17.3,-0.795,0.545,11
"[-299,-200]",HR≥75/EDG≥10.0/CV≤0.7/μ≥0.5/TP≥50,69.57,10.0,0.7,0.5,50.0,50,46,32,14,69.57,-1.73,-20.76,17.3,-0.795,0.545,11
"[-299,-200]",HR≥75/EDG≥10.0/CV≤0.7/μ≥0.5/TP≥55,69.57,10.0,0.7,0.5,55.0,50,46,32,14,69.57,-1.73,-20.76,17.3,-0.795,0.545,11
"[-299,-200]",HR≥75/EDG≥10.0/CV≤0.7/μ≥0.5/TP≥60,69.57,10.0,0.7,0.5,60.0,50,46,32,14,69.57,-1.73,-20.76,17.3,-0.795,0.545,11
"[-299,-200]",HR≥75/EDG≥10.0/CV≤0.7/μ≥0.5/TP≥65,73.17,10.0,0.7,0.5,65.0,44,41,30,11,73.17,2.96,-16.4,22.32,1.215,0.636,11
"[-199,-150]",HR≥-/EDG≥-/CV≤-/μ≥-/TP≥-,57.6,,,,,1084,901,519,382,57.6,-8.4,-13.54,-3.26,-75.7,0.231,13
"[-199,-150]",HR≥-/EDG≥-/CV≤-/μ≥-/TP≥50,57.73,,,,50.0,1080,899,519,380,57.73,-8.2,-13.34,-3.05,-73.7,0.231,13
"[-199,-150]",HR≥-/EDG≥-/CV≤-/μ≥-/TP≥55,57.54,,,,55.0,1075,895,515,380,57.54,-8.5,-13.65,-3.34,-76.042,0.154,13
"[-199,-150]",HR≥-/EDG≥-/CV≤-/μ≥-/TP≥60,58.62,,,,60.0,618,522,306,216,58.62,-8.55,-15.15,-1.94,-44.607,0.231,13
"[-199,-150]",HR≥-/EDG≥-/CV≤-/μ≥0.0/TP≥-,58.35,,,0.0,,1001,838,489,349,58.35,-7.23,-12.55,-1.92,-60.593,0.308,13
"[-199,-150]",HR≥-/EDG≥-/CV≤-/μ≥0.0/TP≥50,58.35,,,0.0,50.0,1001,838,489,349,58.35,-7.23,-12.55,-1.92,-60.593,0.308,13
"[-199,-150]",HR≥-/EDG≥-/CV≤-/μ≥0.0/TP≥55,58.15,,,0.0,55.0,996,834,485,349,58.15,-7.55,-12.88,-2.21,-62.935,0.308,13
"[-199,-150]",HR≥-/EDG≥-/CV≤-/μ≥0.0/TP≥60,58.74,,,0.0,60.0,581,492,289,203,58.74,-8.38,-15.18,-1.59,-41.241,0.231,13
"[-199,-150]",HR≥-/EDG≥-/CV≤-/μ≥0.5/TP≥-,66.08,,,0.5,,397,339,224,115,66.08,4.76,-3.26,12.77,16.121,0.692,13
"[-199,-150]",HR≥-/EDG≥-/CV≤-/μ≥0.5/TP≥50,66.08,,,0.5,50.0,397,339,224,115,66.08,4.76,-3.26,12.77,16.121,0.692,13
"[-199,-150]",HR≥-/EDG≥-/CV≤-/μ≥0.5/TP≥55,66.08,,,0.5,55.0,397,339,224,115,66.08,4.76,-3.26,12.77,16.121,0.692,13
"[-199,-150]",HR≥-/EDG≥-/CV≤-/μ≥0.5/TP≥60,68.54,,,0.5,60.0,245,213,146,67,68.54,6.92,-2.84,16.68,14.739,0.692,13
"[-199,-150]",HR≥-/EDG≥-/CV≤-/μ≥1.0/TP≥-,73.17,,,1.0,,96,82,60,22,73.17,15.87,0.57,31.18,13.015,0.778,9
"[-199,-150]",HR≥-/EDG≥-/CV≤-/μ≥1.0/TP≥50,73.17,,,1.0,50.0,96,82,60,22,73.17,15.87,0.57,31.18,13.015,0.778,9
"[-199,-150]",HR≥-/EDG≥-/CV≤-/μ≥1.0/TP≥55,73.17,,,1.0,55.0,96,82,60,22,73.17,15.87,0.57,31.18,13.015,0.778,9
"[-199,-150]",HR≥-/EDG≥-/CV≤-/μ≥1.0/TP≥60,75.0,,,1.0,60.0,72,60,45,15,75.0,17.6,0.25,34.94,10.559,0.667,9
"[-199,-150]",HR≥-/EDG≥-/CV≤0.7/μ≥-/TP≥-,61.94,,0.7,,,149,134,83,51,61.94,-1.38,-14.53,11.78,-1.844,0.5,12
"[-199,-150]",HR≥-/EDG≥-/CV≤0.7/μ≥-/TP≥50,61.94,,0.7,,50.0,149,134,83,51,61.94,-1.38,-14.53,11.78,-1.844,0.5,12
"[-199,-150]",HR≥-/EDG≥-/CV≤0.7/μ≥-/TP≥55,61.94,,0.7,,55.0,149,134,83,51,61.94,-1.38,-14.53,11.78,-1.844,0.5,12
"[-199,-150]",HR≥-/EDG≥-/CV≤0.7/μ≥-/TP≥60,59.09,,0.7,,60.0,98,88,52,36,59.09,-7.36,-23.58,8.85,-6.481,0.583,12
"[-199,-150]",HR≥-/EDG≥-/CV≤0.7/μ≥0.0/TP≥-,61.83,,0.7,0.0,,145,131,81,50,61.83,-1.57,-14.88,11.74,-2.06,0.5,12
"[-199,-150]",HR≥-/EDG≥-/CV≤0.7/μ≥0.0/TP≥50,61.83,,0.7,0.0,50.0,145,131,81,50,61.83,-1.57,-14.88,11.74,-2.06,0.5,12
"[-199,-150]",HR≥-/EDG≥-/CV≤0.7/μ≥0.0/TP≥55,61.83,,0.7,0.0,55.0,145,131,81,50,61.83,-1.57,-14.88,11.74,-2.06,0.5,12
"[-199,-150]",HR≥-/EDG≥-/CV≤0.7/μ≥0.0/TP≥60,58.62,,0.7,0.0,60.0,96,87,51,36,58.62,-8.11,-24.44,8.23,-7.052,0.5,12
"[-199,-150]",HR≥-/EDG≥-/CV≤0.7/μ≥0.5/TP≥-,63.01,,0.7,0.5,,81,73,46,27,63.01,0.21,-17.54,17.96,0.153,0.5,10
"[-199,-150]",HR≥-/EDG≥-/CV≤0.7/μ≥0.5/TP≥50,63.01,,0.7,0.5,50.0,81,73,46,27,63.01,0.21,-17.54,17.96,0.153,0.5,10
"[-199,-150]",HR≥-/EDG≥-/CV≤0.7/μ≥0.5/TP≥55,63.01,,0.7,0.5,55.0,81,73,46,27,63.01,0.21,-17.54,17.96,0.153,0.5,10
"[-199,-150]",HR≥-/EDG≥-/CV≤0.7/μ≥0.5/TP≥60,63.27,,0.7,0.5,60.0,55,49,31,18,63.27,-0.67,-22.1,20.76,-0.327,0.5,8
"[-199,-150]",HR≥-/EDG≥-/CV≤0.6/μ≥-/TP≥-,53.49,,0.6,,,47,43,23,20,53.49,-14.75,-38.83,9.32,-6.344,0.444,9
"[-199,-150]",HR≥-/EDG≥-/CV≤0.6/μ≥-/TP≥50,53.49,,0.6,,50.0,47,43,23,20,53.49,-14.75,-38.83,9.32,-6.344,0.444,9
"[-199,-150]",HR≥-/EDG≥-/CV≤0.6/μ≥-/TP≥55,53.49,,0.6,,55.0,47,43,23,20,53.49,-14.75,-38.83,9.32,-6.344,0.444,9
"[-199,-150]",HR≥-/EDG≥-/CV≤0.6/μ≥0.0/TP≥-,54.76,,0.6,0.0,,46,42,23,19,54.76,-12.72,-37.04,11.59,-5.344,0.444,9
"[-199,-150]",HR≥-/EDG≥-/CV≤0.6/μ≥0.0/TP≥50,54.76,,0.6,0.0,50.0,46,42,23,19,54.76,-12.72,-37.04,11.59,-5.344,0.444,9
"[-199,-150]",HR≥-/EDG≥-/CV≤0.6/μ≥0.0/TP≥55,54.76,,0.6,0.0,55.0,46,42,23,19,54.76,-12.72,-37.04,11.59,-5.344,0.444,9
"[-199,-150]",HR≥-/EDG≥-/CV≤0.6/μ≥0.5/TP≥-,53.12,,0.6,0.5,,36,32,17,15,53.12,-15.15,-43.24,12.95,-4.846,0.5,8
"[-199,-150]",HR≥-/EDG≥-/CV≤0.6/μ≥0.5/TP≥50,53.12,,0.6,0.5,50.0,36,32,17,15,53.12,-15.15,-43.24,12.95,-4.846,0.5,8
"[-199,-150]",HR≥-/EDG≥-/CV≤0.6/μ≥0.5/TP≥55,53.12,,0.6,0.5,55.0,36,32,17,15,53.12,-15.15,-43.24,12.95,-4.846,0.5,8
"[-199,-150]",HR≥-/EDG≥-5.0/CV≤-/μ≥-/TP≥-,60.37,-5.0,,,,841,704,425,279,60.37,-3.9,-9.66,1.86,-27.454,0.385,13
"[-199,-150]",HR≥-/EDG≥-5.0/CV≤-/μ≥-/TP≥50,60.37,-5.0,,,50.0,841,704,425,279,60.37,-3.9,-9.66,1.86,-27.454,0.385,13
"[-199,-150]",HR≥-/EDG≥-5.0/CV≤-/μ≥-/TP≥55,60.37,-5.0,,,55.0,841,704,425,279,60.37,-3.9,-9.66,1.86,-27.454,0.385,13
"[-199,-150]",HR≥-/EDG≥-5.0/CV≤-/μ≥-/TP≥60,61.31,-5.0,,,60.0,486,411,252,159,61.31,-4.28,-11.65,3.08,-17.598,0.385,13
"[-199,-150]",HR≥-/EDG≥-5.0/CV≤-/μ≥0.0/TP≥-,60.37,-5.0,,0.0,,841,704,425,279,60.37,-3.9,-9.66,1.86,-27.454,0.385,13
"[-199,-150]",HR≥-/EDG≥-5.0/CV≤-/μ≥0.0/TP≥50,60.37,-5.0,,0.0,50.0,841,704,425,279,60.37,-3.9,-9.66,1.86,-27.454,0.385,13
"[-199,-150]",HR≥-/EDG≥-5.0/CV≤-/μ≥0.0/TP≥55,60.37,-5.0,,0.0,55.0,841,704,425,279,60.37,-3.9,-9.66,1.86,-27.454,0.385,13
"[-199,-150]",HR≥-/EDG≥-5.0/CV≤-/μ≥0.0/TP≥60,61.31,-5.0,,0.0,60.0,486,411,252,159,61.31,-4.28,-11.65,3.08,-17.598,0.385,13
"[-199,-150]",HR≥-/EDG≥-5.0/CV≤-/μ≥0.5/TP≥-,66.08,-5.0,,0.5,,397,339,224,115,66.08,4.76,-3.26,12.77,16.121,0.692,13
"[-199,-150]",HR≥-/EDG≥-5.0/CV≤-/μ≥0.5/TP≥50,66.08,-5.0,,0.5,50.0,397,339,224,115,66.08,4.76,-3.26,12.77,16.121,0.692,13
"[-199,-150]",HR≥-/EDG≥-5.0/CV≤-/μ≥0.5/TP≥55,66.08,-5.0,,0.5,55.0,397,339,224,115,66.08,4.76,-3.26,12.77,16.121,0.692,13
"[-199,-150]",HR≥-/EDG≥-5.0/CV≤-/μ≥0.5/TP≥60,68.54,-5.0,,0.5,60.0,245,213,146,67,68.54,6.92,-2.84,16.68,14.739,0.692,13
"[-199,-150]",HR≥-/EDG≥-5.0/CV≤-/μ≥1.0/TP≥-,73.17,-5.0,,1.0,,96,82,60,22,73.17,15.87,0.57,31.18,13.015,0.778,9
"[-199,-150]",HR≥-/EDG≥-5.0/CV≤-/μ≥1.0/TP≥50,73.17,-5.0,,1.0,50.0,96,82,60,22,73.17,15.87,0.57,31.18,13.015,0.778,9
"[-199,-150]",HR≥-/EDG≥-5.0/CV≤-/μ≥1.0/TP≥55,73.17,-5.0,,1.0,55.0,96,82,60,22,73.17,15.87,0.57,31.18,13.015,0.778,9
"[-199,-150]",HR≥-/EDG≥-5.0/CV≤-/μ≥1.0/TP≥60,75.0,-5.0,,1.0,60.0,72,60,45,15,75.0,17.6,0.25,34.94,10.559,0.667,9
"[-199,-150]",HR≥-/EDG≥-5.0/CV≤0.7/μ≥-/TP≥-,63.2,-5.0,0.7,,,138,125,79,46,63.2,0.63,-12.9,14.16,0.788,0.5,12
"[-199,-150]",HR≥-/EDG≥-5.0/CV≤0.7/μ≥-/TP≥50,63.2,-5.0,0.7,,50.0,138,125,79,46,63.2,0.63,-12.9,14.16,0.788,0.5,12
"[-199,-150]",HR≥-/EDG≥-5.0/CV≤0.7/μ≥-/TP≥55,63.2,-5.0,0.7,,55.0,138,125,79,46,63.2,0.63,-12.9,14.16,0.788,0.5,12
"[-199,-150]",HR≥-/EDG≥-5.0/CV≤0.7/μ≥-/TP≥60,60.24,-5.0,0.7,,60.0,91,83,50,33,60.24,-5.52,-22.15,11.11,-4.579,0.583,12
"[-199,-150]",HR≥-/EDG≥-5.0/CV≤0.7/μ≥0.0/TP≥-,63.2,-5.0,0.7,0.0,,138,125,79,46,63.2,0.63,-12.9,14.16,0.788,0.5,12
"[-199,-150]",HR≥-/EDG≥-5.0/CV≤0.7/μ≥0.0/TP≥50,63.2,-5.0,0.7,0.0,50.0,138,125,79,46,63.2,0.63,-12.9,14.16,0.788,0.5,12
"[-199,-150]",HR≥-/EDG≥-5.0/CV≤0.7/μ≥0.0/TP≥55,63.2,-5.0,0.7,0.0,55.0,138,125,79,46,63.2,0.63,-12.9,14.16,0.788,0.5,12
"[-199,-150]",HR≥-/EDG≥-5.0/CV≤0.7/μ≥0.0/TP≥60,60.24,-5.0,0.7,0.0,60.0,91,83,50,33,60.24,-5.52,-22.15,11.11,-4.579,0.583,12
"[-199,-150]",HR≥-/EDG≥-5.0/CV≤0.7/μ≥0.5/TP≥-,63.01,-5.0,0.7,0.5,,81,73,46,27,63.01,0.21,-17.54,17.96,0.153,0.5,10
"[-199,-150]",HR≥-/EDG≥-5.0/CV≤0.7/μ≥0.5/TP≥50,63.01,-5.0,0.7,0.5,50.0,81,73,46,27,63.01,0.21,-17.54,17.96,0.153,0.5,10
"[-199,-150]",HR≥-/EDG≥-5.0/CV≤0.7/μ≥0.5/TP≥55,63.01,-5.0,0.7,0.5,55.0,81,73,46,27,63.01,0.21,-17.54,17.96,0.153,0.5,10
"[-199,-150]",HR≥-/EDG≥-5.0/CV≤0.7/μ≥0.5/TP≥60,63.27,-5.0,0.7,0.5,60.0,55,49,31,18,63.27,-0.67,-22.1,20.76,-0.327,0.5,8
"[-199,-150]",HR≥-/EDG≥-5.0/CV≤0.6/μ≥-/TP≥-,57.5,-5.0,0.6,,,44,40,23,17,57.5,-8.36,-33.12,16.4,-3.344,0.556,9
"[-199,-150]",HR≥-/EDG≥-5.0/CV≤0.6/μ≥-/TP≥50,57.5,-5.0,0.6,,50.0,44,40,23,17,57.5,-8.36,-33.12,16.4,-3.344,0.556,9
"[-199,-150]",HR≥-/EDG≥-5.0/CV≤0.6/μ≥-/TP≥55,57.5,-5.0,0.6,,55.0,44,40,23,17,57.5,-8.36,-33.12,16.4,-3.344,0.556,9
"[-199,-150]",HR≥-/EDG≥-5.0/CV≤0.6/μ≥0.0/TP≥-,57.5,-5.0,0.6,0.0,,44,40,23,17,57.5,-8.36,-33.12,16.4,-3.344,0.556,9
"[-199,-150]",HR≥-/EDG≥-5.0/CV≤0.6/μ≥0.0/TP≥50,57.5,-5.0,0.6,0.0,50.0,44,40,23,17,57.5,-8.36,-33.12,16.4,-3.344,0.556,9
"[-199,-150]",HR≥-/EDG≥-5.0/CV≤0.6/μ≥0.0/TP≥55,57.5,-5.0,0.6,0.0,55.0,44,40,23,17,57.5,-8.36,-33.12,16.4,-3.344,0.556,9
"[-199,-150]",HR≥-/EDG≥-5.0/CV≤0.6/μ≥0.5/TP≥-,53.12,-5.0,0.6,0.5,,36,32,17,15,53.12,-15.15,-43.24,12.95,-4.846,0.5,8
"[-199,-150]",HR≥-/EDG≥-5.0/CV≤0.6/μ≥0.5/TP≥50,53.12,-5.0,0.6,0.5,50.0,36,32,17,15,53.12,-15.15,-43.24,12.95,-4.846,0.5,8
"[-199,-150]",HR≥-/EDG≥-5.0/CV≤0.6/μ≥0.5/TP≥55,53.12,-5.0,0.6,0.5,55.0,36,32,17,15,53.12,-15.15,-43.24,12.95,-4.846,0.5,8
"[-199,-150]",HR≥-/EDG≥0.0/CV≤-/μ≥-/TP≥-,61.55,0.0,,,,679,567,349,218,61.55,-1.94,-8.33,4.45,-11.002,0.385,13
"[-199,-150]",HR≥-/EDG≥0.0/CV≤-/μ≥-/TP≥50,61.55,0.0,,,50.0,679,567,349,218,61.55,-1.94,-8.33,4.45,-11.002,0.385,13
"[-199,-150]",HR≥-/EDG≥0.0/CV≤-/μ≥-/TP≥55,61.55,0.0,,,55.0,679,567,349,218,61.55,-1.94,-8.33,4.45,-11.002,0.385,13
"[-199,-150]",HR≥-/EDG≥0.0/CV≤-/μ≥-/TP≥60,62.73,0.0,,,60.0,383,322,202,120,62.73,-2.04,-10.31,6.22,-6.583,0.462,13
"[-199,-150]",HR≥-/EDG≥0.0/CV≤-/μ≥0.0/TP≥-,61.55,0.0,,0.0,,679,567,349,218,61.55,-1.94,-8.33,4.45,-11.002,0.385,13
"[-199,-150]",HR≥-/EDG≥0.0/CV≤-/μ≥0.0/TP≥50,61.55,0.0,,0.0,50.0,679,567,349,218,61.55,-1.94,-8.33,4.45,-11.002,0.385,13
"[-199,-150]",HR≥-/EDG≥0.0/CV≤-/μ≥0.0/TP≥55,61.55,0.0,,0.0,55.0,679,567,349,218,61.55,-1.94,-8.33,4.45,-11.002,0.385,13
"[-199,-150]",HR≥-/EDG≥0.0/CV≤-/μ≥0.0/TP≥60,62.73,0.0,,0.0,60.0,383,322,202,120,62.73,-2.04,-10.31,6.22,-6.583,0.462,13
"[-199,-150]",HR≥-/EDG≥0.0/CV≤-/μ≥0.5/TP≥-,66.08,0.0,,0.5,,397,339,224,115,66.08,4.76,-3.26,12.77,16.121,0.692,13
"[-199,-150]",HR≥-/EDG≥0.0/CV≤-/μ≥0.5/TP≥50,66.08,0.0,,0.5,50.0,397,339,224,115,66.08,4.76,-3.26,12.77,16.121,0.692,13
"[-199,-150]",HR≥-/EDG≥0.0/CV≤-/μ≥0.5/TP≥55,66.08,0.0,,0.5,55.0,397,339,224,115,66.08,4.76,-3.26,12.77,16.121,0.692,13
"[-199,-150]",HR≥-/EDG≥0.0/CV≤-/μ≥0.5/TP≥60,68.54,0.0,,0.5,60.0,245,213,146,67,68.54,6.92,-2.84,16.68,14.739,0.692,13
"[-199,-150]",HR≥-/EDG≥0.0/CV≤-/μ≥1.0/TP≥-,73.17,0.0,,1.0,,96,82,60,22,73.17,15.87,0.57,31.18,13.015,0.778,9
"[-199,-150]",HR≥-/EDG≥0.0/CV≤-/μ≥1.0/TP≥50,73.17,0.0,,1.0,50.0,96,82,60,22,73.17,15.87,0.57,31.18,13.015,0.778,9
"[-199,-150]",HR≥-/EDG≥0.0/CV≤-/μ≥1.0/TP≥55,73.17,0.0,,1.0,55.0,96,82,60,22,73.17,15.87,0.57,31.18,13.015,0.778,9
"[-199,-150]",HR≥-/EDG≥0.0/CV≤-/μ≥1.0/TP≥60,75.0,0.0,,1.0,60.0,72,60,45,15,75.0,17.6,0.25,34.94,10.559,0.667,9
"[-199,-150]",HR≥-/EDG≥0.0/CV≤0.7/μ≥-/TP≥-,66.06,0.0,0.7,,,120,109,72,37,66.06,5.26,-8.99,19.51,5.731,0.583,12
"[-199,-150]",HR≥-/EDG≥0.0/CV≤0.7/μ≥-/TP≥50,66.06,0.0,0.7,,50.0,120,109,72,37,66.06,5.26,-8.99,19.51,5.731,0.583,12
"[-199,-150]",HR≥-/EDG≥0.0/CV≤0.7/μ≥-/TP≥55,66.06,0.0,0.7,,55.0,120,109,72,37,66.06,5.26,-8.99,19.51,5.731,0.583,12
"[-199,-150]",HR≥-/EDG≥0.0/CV≤0.7/μ≥-/TP≥60,65.22,0.0,0.7,,60.0,76,69,45,24,65.22,2.37,-15.42,20.16,1.637,0.667,12
"[-199,-150]",HR≥-/EDG≥0.0/CV≤0.7/μ≥0.0/TP≥-,66.06,0.0,0.7,0.0,,120,109,72,37,66.06,5.26,-8.99,19.51,5.731,0.583,12
"[-199,-150]",HR≥-/EDG≥0.0/CV≤0.7/μ≥0.0/TP≥50,66.06,0.0,0.7,0.0,50.0,120,109,72,37,66.06,5.26,-8.99,19.51,5.731,0.583,12
"[-199,-150]",HR≥-/EDG≥0.0/CV≤0.7/μ≥0.0/TP≥55,66.06,0.0,0.7,0.0,55.0,120,109,72,37,66.06,5.26,-8.99,19.51,5.731,0.583,12
"[-199,-150]",HR≥-/EDG≥0.0/CV≤0.7/μ≥0.0/TP≥60,65.22,0.0,0.7,0.0,60.0,76,69,45,24,65.22,2.37,-15.42,20.16,1.637,0.667,12
"[-199,-150]",HR≥-/EDG≥0.0/CV≤0.7/μ≥0.5/TP≥-,63.01,0.0,0.7,0.5,,81,73,46,27,63.01,0.21,-17.54,17.96,0.153,0.5,10
"[-199,-150]",HR≥-/EDG≥0.0/CV≤0.7/μ≥0.5/TP≥50,63.01,0.0,0.7,0.5,50.0,81,73,46,27,63.01,0.21,-17.54,17.96,0.153,0.5,10
"[-199,-150]",HR≥-/EDG≥0.0/CV≤0.7/μ≥0.5/TP≥55,63.01,0.0,0.7,0.5,55.0,81,73,46,27,63.01,0.21,-17.54,17.96,0.153,0.5,10
"[-199,-150]",HR≥-/EDG≥0.0/CV≤0.7/μ≥0.5/TP≥60,63.27,0.0,0.7,0.5,60.0,55,49,31,18,63.27,-0.67,-22.1,20.76,-0.327,0.5,8
"[-199,-150]",HR≥-/EDG≥0.0/CV≤0.6/μ≥-/TP≥-,57.5,0.0,0.6,,,44,40,23,17,57.5,-8.36,-33.12,16.4,-3.344,0.556,9
"[-199,-150]",HR≥-/EDG≥0.0/CV≤0.6/μ≥-/TP≥50,57.5,0.0,0.6,,50.0,44,40,23,17,57.5,-8.36,-33.12,16.4,-3.344,0.556,9
"[-199,-150]",HR≥-/EDG≥0.0/CV≤0.6/μ≥-/TP≥55,57.5,0.0,0.6,,55.0,44,40,23,17,57.5,-8.36,-33.12,16.4,-3.344,0.556,9
"[-199,-150]",HR≥-/EDG≥0.0/CV≤0.6/μ≥0.0/TP≥-,57.5,0.0,0.6,0.0,,44,40,23,17,57.5,-8.36,-33.12,16.4,-3.344,0.556,9
"[-199,-150]",HR≥-/EDG≥0.0/CV≤0.6/μ≥0.0/TP≥50,57.5,0.0,0.6,0.0,50.0,44,40,23,17,57.5,-8.36,-33.12,16.4,-3.344,0.556,9
"[-199,-150]",HR≥-/EDG≥0.0/CV≤0.6/μ≥0.0/TP≥55,57.5,0.0,0.6,0.0,55.0,44,40,23,17,57.5,-8.36,-33.12,16.4,-3.344,0.556,9
"[-199,-150]",HR≥-/EDG≥0.0/CV≤0.6/μ≥0.5/TP≥-,53.12,0.0,0.6,0.5,,36,32,17,15,53.12,-15.15,-43.24,12.95,-4.846,0.5,8
"[-199,-150]",HR≥-/EDG≥0.0/CV≤0.6/μ≥0.5/TP≥50,53.12,0.0,0.6,0.5,50.0,36,32,17,15,53.12,-15.15,-43.24,12.95,-4.846,0.5,8
"[-199,-150]",HR≥-/EDG≥0.0/CV≤0.6/μ≥0.5/TP≥55,53.12,0.0,0.6,0.5,55.0,36,32,17,15,53.12,-15.15,-43.24,12.95,-4.846,0.5,8
"[-199,-150]",HR≥-/EDG≥5.0/CV≤-/μ≥-/TP≥-,63.45,5.0,,,,526,446,283,163,63.45,1.03,-6.11,8.16,4.581,0.538,13
"[-199,-150]",HR≥-/EDG≥5.0/CV≤-/μ≥-/TP≥50,63.45,5.0,,,50.0,526,446,283,163,63.45,1.03,-6.11,8.16,4.581,0.538,13
"[-199,-150]",HR≥-/EDG≥5.0/CV≤-/μ≥-/TP≥55,63.45,5.0,,,55.0,526,446,283,163,63.45,1.03,-6.11,8.16,4.581,0.538,13
"[-199,-150]",HR≥-/EDG≥5.0/CV≤-/μ≥-/TP≥60,63.98,5.0,,,60.0,304,261,167,94,63.98,-0.09,-9.2,9.03,-0.224,0.615,13
"[-199,-150]",HR≥-/EDG≥5.0/CV≤-/μ≥0.0/TP≥-,63.45,5.0,,0.0,,526,446,283,163,63.45,1.03,-6.11,8.16,4.581,0.538,13
"[-199,-150]",HR≥-/EDG≥5.0/CV≤-/μ≥0.0/TP≥50,63.45,5.0,,0.0,50.0,526,446,283,163,63.45,1.03,-6.11,8.16,4.581,0.538,13
"[-199,-150]",HR≥-/EDG≥5.0/CV≤-/μ≥0.0/TP≥55,63.45,5.0,,0.0,55.0,526,446,283,163,63.45,1.03,-6.11,8.16,4.581,0.538,13
"[-199,-150]",HR≥-/EDG≥5.0/CV≤-/μ≥0.0/TP≥60,63.98,5.0,,0.0,60.0,304,261,167,94,63.98,-0.09,-9.2,9.03,-0.224,0.615,13
"[-199,-150]",HR≥-/EDG≥5.0/CV≤-/μ≥0.5/TP≥-,65.85,5.0,,0.5,,383,325,214,111,65.85,4.48,-3.72,12.68,14.56,0.769,13
"[-199,-150]",HR≥-/EDG≥5.0/CV≤-/μ≥0.5/TP≥50,65.85,5.0,,0.5,50.0,383,325,214,111,65.85,4.48,-3.72,12.68,14.56,0.769,13
"[-199,-150]",HR≥-/EDG≥5.0/CV≤-/μ≥0.5/TP≥55,65.85,5.0,,0.5,55.0,383,325,214,111,65.85,4.48,-3.72,12.68,14.56,0.769,13
"[-199,-150]",HR≥-/EDG≥5.0/CV≤-/μ≥0.5/TP≥60,68.32,5.0,,0.5,60.0,234,202,138,64,68.32,6.63,-3.42,16.68,13.39,0.692,13
"[-199,-150]",HR≥-/EDG≥5.0/CV≤-/μ≥1.0/TP≥-,73.17,5.0,,1.0,,96,82,60,22,73.17,15.87,0.57,31.18,13.015,0.778,9
"[-199,-150]",HR≥-/EDG≥5.0/CV≤-/μ≥1.0/TP≥50,73.17,5.0,,1.0,50.0,96,82,60,22,73.17,15.87,0.57,31.18,13.015,0.778,9
"[-199,-150]",HR≥-/EDG≥5.0/CV≤-/μ≥1.0/TP≥55,73.17,5.0,,1.0,55.0,96,82,60,22,73.17,15.87,0.57,31.18,13.015,0.778,9
"[-199,-150]",HR≥-/EDG≥5.0/CV≤-/μ≥1.0/TP≥60,75.0,5.0,,1.0,60.0,72,60,45,15,75.0,17.6,0.25,34.94,10.559,0.667,9
"[-199,-150]",HR≥-/EDG≥5.0/CV≤0.7/μ≥-/TP≥-,66.02,5.0,0.7,,,114,103,68,35,66.02,5.11,-9.54,19.77,5.268,0.583,12
"[-199,-150]",HR≥-/EDG≥5.0/CV≤0.7/μ≥-/TP≥50,66.02,5.0,0.7,,50.0,114,103,68,35,66.02,5.11,-9.54,19.77,5.268,0.583,12
"[-199,-150]",HR≥-/EDG≥5.0/CV≤0.7/μ≥-/TP≥55,66.02,5.0,0.7,,55.0,114,103,68,35,66.02,5.11,-9.54,19.77,5.268,0.583,12
"[-199,-150]",HR≥-/EDG≥5.0/CV≤0.7/μ≥-/TP≥60,65.15,5.0,0.7,,60.0,73,66,43,23,65.15,2.22,-15.97,20.41,1.465,0.667,12
"[-199,-150]",HR≥-/EDG≥5.0/CV≤0.7/μ≥0.0/TP≥-,66.02,5.0,0.7,0.0,,114,103,68,35,66.02,5.11,-9.54,19.77,5.268,0.583,12
"[-199,-150]",HR≥-/EDG≥5.0/CV≤0.7/μ≥0.0/TP≥50,66.02,5.0,0.7,0.0,50.0,114,103,68,35,66.02,5.11,-9.54,19.77,5.268,0.583,12
"[-199,-150]",HR≥-/EDG≥5.0/CV≤0.7/μ≥0.0/TP≥55,66.02,5.0,0.7,0.0,55.0,114,103,68,35,66.02,5.11,-9.54,19.77,5.268,0.583,12
"[-199,-150]",HR≥-/EDG≥5.0/CV≤0.7/μ≥0.0/TP≥60,65.15,5.0,0.7,0.0,60.0,73,66,43,23,65.15,2.22,-15.97,20.41,1.465,0.667,12
"[-199,-150]",HR≥-/EDG≥5.0/CV≤0.7/μ≥0.5/TP≥-,63.01,5.0,0.7,0.5,,81,73,46,27,63.01,0.21,-17.54,17.96,0.153,0.5,10
"[-199,-150]",HR≥-/EDG≥5.0/CV≤0.7/μ≥0.5/TP≥50,63.01,5.0,0.7,0.5,50.0,81,73,46,27,63.01,0.21,-17.54,17.96,0.153,0.5,10
"[-199,-150]",HR≥-/EDG≥5.0/CV≤0.7/μ≥0.5/TP≥55,63.01,5.0,0.7,0.5,55.0,81,73,46,27,63.01,0.21,-17.54,17.96,0.153,0.5,10
"[-199,-150]",HR≥-/EDG≥5.0/CV≤0.7/μ≥0.5/TP≥60,63.27,5.0,0.7,0.5,60.0,55,49,31,18,63.27,-0.67,-22.1,20.76,-0.327,0.5,8
"[-199,-150]",HR≥-/EDG≥5.0/CV≤0.6/μ≥-/TP≥-,58.97,5.0,0.6,,,43,39,23,16,58.97,-6.01,-30.97,18.95,-2.344,0.556,9
"[-199,-150]",HR≥-/EDG≥5.0/CV≤0.6/μ≥-/TP≥50,58.97,5.0,0.6,,50.0,43,39,23,16,58.97,-6.01,-30.97,18.95,-2.344,0.556,9
"[-199,-150]",HR≥-/EDG≥5.0/CV≤0.6/μ≥-/TP≥55,58.97,5.0,0.6,,55.0,43,39,23,16,58.97,-6.01,-30.97,18.95,-2.344,0.556,9
"[-199,-150]",HR≥-/EDG≥5.0/CV≤0.6/μ≥0.0/TP≥-,58.97,5.0,0.6,0.0,,43,39,23,16,58.97,-6.01,-30.97,18.95,-2.344,0.556,9
"[-199,-150]",HR≥-/EDG≥5.0/CV≤0.6/μ≥0.0/TP≥50,58.97,5.0,0.6,0.0,50.0,43,39,23,16,58.97,-6.01,-30.97,18.95,-2.344,0.556,9
"[-199,-150]",HR≥-/EDG≥5.0/CV≤0.6/μ≥0.0/TP≥55,58.97,5.0,0.6,0.0,55.0,43,39,23,16,58.97,-6.01,-30.97,18.95,-2.344,0.556,9
"[-199,-150]",HR≥-/EDG≥5.0/CV≤0.6/μ≥0.5/TP≥-,53.12,5.0,0.6,0.5,,36,32,17,15,53.12,-15.15,-43.24,12.95,-4.846,0.5,8
"[-199,-150]",HR≥-/EDG≥5.0/CV≤0.6/μ≥0.5/TP≥50,53.12,5.0,0.6,0.5,50.0,36,32,17,15,53.12,-15.15,-43.24,12.95,-4.846,0.5,8
"[-199,-150]",HR≥-/EDG≥5.0/CV≤0.6/μ≥0.5/TP≥55,53.12,5.0,0.6,0.5,55.0,36,32,17,15,53.12,-15.15,-43.24,12.95,-4.846,0.5,8
"[-199,-150]",HR≥-/EDG≥10.0/CV≤-/μ≥-/TP≥-,64.81,10.0,,,,397,341,221,120,64.81,3.04,-5.04,11.12,10.364,0.462,13
"[-199,-150]",HR≥-/EDG≥10.0/CV≤-/μ≥-/TP≥50,64.81,10.0,,,50.0,397,341,221,120,64.81,3.04,-5.04,11.12,10.364,0.462,13
"[-199,-150]",HR≥-/EDG≥10.0/CV≤-/μ≥-/TP≥55,64.81,10.0,,,55.0,397,341,221,120,64.81,3.04,-5.04,11.12,10.364,0.462,13
"[-199,-150]",HR≥-/EDG≥10.0/CV≤-/μ≥-/TP≥60,66.99,10.0,,,60.0,236,206,138,68,66.99,4.63,-5.43,14.7,9.547,0.615,13
"[-199,-150]",HR≥-/EDG≥10.0/CV≤-/μ≥0.0/TP≥-,64.81,10.0,,0.0,,397,341,221,120,64.81,3.04,-5.04,11.12,10.364,0.462,13
"[-199,-150]",HR≥-/EDG≥10.0/CV≤-/μ≥0.0/TP≥50,64.81,10.0,,0.0,50.0,397,341,221,120,64.81,3.04,-5.04,11.12,10.364,0.462,13
"[-199,-150]",HR≥-/EDG≥10.0/CV≤-/μ≥0.0/TP≥55,64.81,10.0,,0.0,55.0,397,341,221,120,64.81,3.04,-5.04,11.12,10.364,0.462,13
"[-199,-150]",HR≥-/EDG≥10.0/CV≤-/μ≥0.0/TP≥60,66.99,10.0,,0.0,60.0,236,206,138,68,66.99,4.63,-5.43,14.7,9.547,0.615,13
"[-199,-150]",HR≥-/EDG≥10.0/CV≤-/μ≥0.5/TP≥-,66.67,10.0,,0.5,,339,288,192,96,66.67,5.78,-2.89,14.44,16.641,0.692,13
"[-199,-150]",HR≥-/EDG≥10.0/CV≤-/μ≥0.5/TP≥50,66.67,10.0,,0.5,50.0,339,288,192,96,66.67,5.78,-2.89,14.44,16.641,0.692,13
"[-199,-150]",HR≥-/EDG≥10.0/CV≤-/μ≥0.5/TP≥55,66.67,10.0,,0.5,55.0,339,288,192,96,66.67,5.78,-2.89,14.44,16.641,0.692,13
"[-199,-150]",HR≥-/EDG≥10.0/CV≤-/μ≥0.5/TP≥60,68.72,10.0,,0.5,60.0,207,179,123,56,68.72,7.22,-3.41,17.86,12.93,0.692,13
"[-199,-150]",HR≥-/EDG≥10.0/CV≤-/μ≥1.0/TP≥-,72.84,10.0,,1.0,,95,81,59,22,72.84,15.44,-0.03,30.9,12.503,0.667,9
"[-199,-150]",HR≥-/EDG≥10.0/CV≤-/μ≥1.0/TP≥50,72.84,10.0,,1.0,50.0,95,81,59,22,72.84,15.44,-0.03,30.9,12.503,0.667,9
"[-199,-150]",HR≥-/EDG≥10.0/CV≤-/μ≥1.0/TP≥55,72.84,10.0,,1.0,55.0,95,81,59,22,72.84,15.44,-0.03,30.9,12.503,0.667,9
"[-199,-150]",HR≥-/EDG≥10.0/CV≤-/μ≥1.0/TP≥60,74.58,10.0,,1.0,60.0,71,59,44,15,74.58,17.03,-0.58,34.63,10.046,0.667,9
"[-199,-150]",HR≥-/EDG≥10.0/CV≤0.7/μ≥-/TP≥-,64.84,10.0,0.7,,,100,91,59,32,64.84,3.46,-12.3,19.22,3.149,0.667,12
"[-199,-150]",HR≥-/EDG≥10.0/CV≤0.7/μ≥-/TP≥50,64.84,10.0,0.7,,50.0,100,91,59,32,64.84,3.46,-12.3,19.22,3.149,0.667,12
"[-199,-150]",HR≥-/EDG≥10.0/CV≤0.7/μ≥-/TP≥55,64.84,10.0,0.7,,55.0,100,91,59,32,64.84,3.46,-12.3,19.22,3.149,0.667,12
"[-199,-150]",HR≥-/EDG≥10.0/CV≤0.7/μ≥-/TP≥60,64.41,10.0,0.7,,60.0,66,59,38,21,64.41,1.41,-18.01,20.83,0.833,0.636,11
"[-199,-150]",HR≥-/EDG≥10.0/CV≤0.7/μ≥0.0/TP≥-,64.84,10.0,0.7,0.0,,100,91,59,32,64.84,3.46,-12.3,19.22,3.149,0.667,12
"[-199,-150]",HR≥-/EDG≥10.0/CV≤0.7/μ≥0.0/TP≥50,64.84,10.0,0.7,0.0,50.0,100,91,59,32,64.84,3.46,-12.3,19.22,3.149,0.667,12
"[-199,-150]",HR≥-/EDG≥10.0/CV≤0.7/μ≥0.0/TP≥55,64.84,10.0,0.7,0.0,55.0,100,91,59,32,64.84,3.46,-12.3,19.22,3.149,0.667,12
"[-199,-150]",HR≥-/EDG≥10.0/CV≤0.7/μ≥0.0/TP≥60,64.41,10.0,0.7,0.0,60.0,66,59,38,21,64.41,1.41,-18.01,20.83,0.833,0.636,11
"[-199,-150]",HR≥-/EDG≥10.0/CV≤0.7/μ≥0.5/TP≥-,63.01,10.0,0.7,0.5,,81,73,46,27,63.01,0.21,-17.54,17.96,0.153,0.5,10
"[-199,-150]",HR≥-/EDG≥10.0/CV≤0.7/μ≥0.5/TP≥50,63.01,10.0,0.7,0.5,50.0,81,73,46,27,63.01,0.21,-17.54,17.96,0.153,0.5,10
"[-199,-150]",HR≥-/EDG≥10.0/CV≤0.7/μ≥0.5/TP≥55,63.01,10.0,0.7,0.5,55.0,81,73,46,27,63.01,0.21,-17.54,17.96,0.153,0.5,10
"[-199,-150]",HR≥-/EDG≥10.0/CV≤0.7/μ≥0.5/TP≥60,63.27,10.0,0.7,0.5,60.0,55,49,31,18,63.27,-0.67,-22.1,20.76,-0.327,0.5,8
"[-199,-150]",HR≥-/EDG≥10.0/CV≤0.6/μ≥-/TP≥-,57.89,10.0,0.6,,,42,38,22,16,57.89,-7.52,-32.97,17.93,-2.857,0.556,9
"[-199,-150]",HR≥-/EDG≥10.0/CV≤0.6/μ≥-/TP≥50,57.89,10.0,0.6,,50.0,42,38,22,16,57.89,-7.52,-32.97,17.93,-2.857,0.556,9
"[-199,-150]",HR≥-/EDG≥10.0/CV≤0.6/μ≥-/TP≥55,57.89,10.0,0.6,,55.0,42,38,22,16,57.89,-7.52,-32.97,17.93,-2.857,0.556,9
"[-199,-150]",HR≥-/EDG≥10.0/CV≤0.6/μ≥0.0/TP≥-,57.89,10.0,0.6,0.0,,42,38,22,16,57.89,-7.52,-32.97,17.93,-2.857,0.556,9
"[-199,-150]",HR≥-/EDG≥10.0/CV≤0.6/μ≥0.0/TP≥50,57.89,10.0,0.6,0.0,50.0,42,38,22,16,57.89,-7.52,-32.97,17.93,-2.857,0.556,9
"[-199,-150]",HR≥-/EDG≥10.0/CV≤0.6/μ≥0.0/TP≥55,57.89,10.0,0.6,0.0,55.0,42,38,22,16,57.89,-7.52,-32.97,17.93,-2.857,0.556,9
"[-199,-150]",HR≥-/EDG≥10.0/CV≤0.6/μ≥0.5/TP≥-,53.12,10.0,0.6,0.5,,36,32,17,15,53.12,-15.15,-43.24,12.95,-4.846,0.5,8
"[-199,-150]",HR≥-/EDG≥10.0/CV≤0.6/μ≥0.5/TP≥50,53.12,10.0,0.6,0.5,50.0,36,32,17,15,53.12,-15.15,-43.24,12.95,-4.846,0.5,8
"[-199,-150]",HR≥-/EDG≥10.0/CV≤0.6/μ≥0.5/TP≥55,53.12,10.0,0.6,0.5,55.0,36,32,17,15,53.12,-15.15,-43.24,12.95,-4.846,0.5,8
"[-199,-150]",HR≥45/EDG≥-/CV≤-/μ≥-/TP≥-,58.77,,,,,952,798,469,329,58.77,-6.57,-12.01,-1.13,-52.414,0.231,13
"[-199,-150]",HR≥45/EDG≥-/CV≤-/μ≥-/TP≥50,58.77,,,,50.0,952,798,469,329,58.77,-6.57,-12.01,-1.13,-52.414,0.231,13
"[-199,-150]",HR≥45/EDG≥-/CV≤-/μ≥-/TP≥55,58.62,,,,55.0,948,795,466,329,58.62,-6.81,-12.26,-1.36,-54.131,0.231,13
"[-199,-150]",HR≥45/EDG≥-/CV≤-/μ≥-/TP≥60,58.65,,,,60.0,561,474,278,196,58.65,-8.49,-15.42,-1.56,-40.242,0.231,13
"[-199,-150]",HR≥45/EDG≥-/CV≤-/μ≥0.0/TP≥-,58.71,,,0.0,,898,758,445,313,58.71,-6.68,-12.26,-1.09,-50.604,0.154,13
"[-199,-150]",HR≥45/EDG≥-/CV≤-/μ≥0.0/TP≥50,58.71,,,0.0,50.0,898,758,445,313,58.71,-6.68,-12.26,-1.09,-50.604,0.154,13
"[-199,-150]",HR≥45/EDG≥-/CV≤-/μ≥0.0/TP≥55,58.54,,,0.0,55.0,894,755,442,313,58.54,-6.93,-12.53,-1.33,-52.321,0.154,13
"[-199,-150]",HR≥45/EDG≥-/CV≤-/μ≥0.0/TP≥60,58.28,,,0.0,60.0,535,453,264,189,58.28,-9.08,-16.17,-1.98,-41.112,0.231,13
"[-199,-150]",HR≥45/EDG≥-/CV≤-/μ≥0.5/TP≥-,65.83,,,0.5,,371,319,210,109,65.83,4.43,-3.85,12.71,14.143,0.692,13
"[-199,-150]",HR≥45/EDG≥-/CV≤-/μ≥0.5/TP≥50,65.83,,,0.5,50.0,371,319,210,109,65.83,4.43,-3.85,12.71,14.143,0.692,13
"[-199,-150]",HR≥45/EDG≥-/CV≤-/μ≥0.5/TP≥55,65.83,,,0.5,55.0,371,319,210,109,65.83,4.43,-3.85,12.71,14.143,0.692,13
"[-199,-150]",HR≥45/EDG≥-/CV≤-/μ≥0.5/TP≥60,68.34,,,0.5,60.0,230,199,136,63,68.34,6.69,-3.44,16.81,13.304,0.769,13
"[-199,-150]",HR≥45/EDG≥-/CV≤-/μ≥1.0/TP≥-,72.37,,,1.0,,90,76,55,21,72.37,14.87,-1.22,30.95,11.299,0.778,9
"[-199,-150]",HR≥45/EDG≥-/CV≤-/μ≥1.0/TP≥50,72.37,,,1.0,50.0,90,76,55,21,72.37,14.87,-1.22,30.95,11.299,0.778,9
"[-199,-150]",HR≥45/EDG≥-/CV≤-/μ≥1.0/TP≥55,72.37,,,1.0,55.0,90,76,55,21,72.37,14.87,-1.22,30.95,11.299,0.778,9
"[-199,-150]",HR≥45/EDG≥-/CV≤-/μ≥1.0/TP≥60,74.07,,,1.0,60.0,66,54,40,14,74.07,16.37,-2.18,34.93,8.842,0.625,8
"[-199,-150]",HR≥45/EDG≥-/CV≤0.7/μ≥-/TP≥-,62.41,,0.7,,,148,133,83,50,62.41,-0.63,-13.81,12.54,-0.844,0.5,12
"[-199,-150]",HR≥45/EDG≥-/CV≤0.7/μ≥-/TP≥50,62.41,,0.7,,50.0,148,133,83,50,62.41,-0.63,-13.81,12.54,-0.844,0.5,12
"[-199,-150]",HR≥45/EDG≥-/CV≤0.7/μ≥-/TP≥55,62.41,,0.7,,55.0,148,133,83,50,62.41,-0.63,-13.81,12.54,-0.844,0.5,12
"[-199,-150]",HR≥45/EDG≥-/CV≤0.7/μ≥-/TP≥60,59.09,,0.7,,60.0,98,88,52,36,59.09,-7.36,-23.58,8.85,-6.481,0.583,12
"[-199,-150]",HR≥45/EDG≥-/CV≤0.7/μ≥0.0/TP≥-,61.83,,0.7,0.0,,145,131,81,50,61.83,-1.57,-14.88,11.74,-2.06,0.5,12
"[-199,-150]",HR≥45/EDG≥-/CV≤0.7/μ≥0.0/TP≥50,61.83,,0.7,0.0,50.0,145,131,81,50,61.83,-1.57,-14.88,11.74,-2.06,0.5,12
"[-199,-150]",HR≥45/EDG≥-/CV≤0.7/μ≥0.0/TP≥55,61.83,,0.7,0.0,55.0,145,131,81,50,61.83,-1.57,-14.88,11.74,-2.06,0.5,12
"[-199,-150]",HR≥45/EDG≥-/CV≤0.7/μ≥0.0/TP≥60,58.62,,0.7,0.0,60.0,96,87,51,36,58.62,-8.11,-24.44,8.23,-7.052,0.5,12
"[-199,-150]",HR≥45/EDG≥-/CV≤0.7/μ≥0.5/TP≥-,63.01,,0.7,0.5,,81,73,46,27,63.01,0.21,-17.54,17.96,0.153,0.5,10
"[-199,-150]",HR≥45/EDG≥-/CV≤0.7/μ≥0.5/TP≥50,63.01,,0.7,0.5,50.0,81,73,46,27,63.01,0.21,-17.54,17.96,0.153,0.5,10
"[-199,-150]",HR≥45/EDG≥-/CV≤0.7/μ≥0.5/TP≥55,63.01,,0.7,0.5,55.0,81,73,46,27,63.01,0.21,-17.54,17.96,0.153,0.5,10
"[-199,-150]",HR≥45/EDG≥-/CV≤0.7/μ≥0.5/TP≥60,63.27,,0.7,0.5,60.0,55,49,31,18,63.27,-0.67,-22.1,20.76,-0.327,0.5,8
"[-199,-150]",HR≥45/EDG≥-/CV≤0.6/μ≥-/TP≥-,54.76,,0.6,,,46,42,23,19,54.76,-12.72,-37.04,11.59,-5.344,0.444,9
"[-199,-150]",HR≥45/EDG≥-/CV≤0.6/μ≥-/TP≥50,54.76,,0.6,,50.0,46,42,23,19,54.76,-12.72,-37.04,11.59,-5.344,0.444,9
"[-199,-150]",HR≥45/EDG≥-/CV≤0.6/μ≥-/TP≥55,54.76,,0.6,,55.0,46,42,23,19,54.76,-12.72,-37.04,11.59,-5.344,0.444,9
"[-199,-150]",HR≥45/EDG≥-/CV≤0.6/μ≥0.0/TP≥-,54.76,,0.6,0.0,,46,42,23,19,54.76,-12.72,-37.04,11.59,-5.344,0.444,9
"[-199,-150]",HR≥45/EDG≥-/CV≤0.6/μ≥0.0/TP≥50,54.76,,0.6,0.0,50.0,46,42,23,19,54.76,-12.72,-37.04,11.59,-5.344,0.444,9
"[-199,-150]",HR≥45/EDG≥-/CV≤0.6/μ≥0.0/TP≥55,54.76,,0.6,0.0,55.0,46,42,23,19,54.76,-12.72,-37.04,11.59,-5.344,0.444,9
"[-199,-150]",HR≥45/EDG≥-/CV≤0.6/μ≥0.5/TP≥-,53.12,,0.6,0.5,,36,32,17,15,53.12,-15.15,-43.24,12.95,-4.846,0.5,8
"[-199,-150]",HR≥45/EDG≥-/CV≤0.6/μ≥0.5/TP≥50,53.12,,0.6,0.5,50.0,36,32,17,15,53.12,-15.15,-43.24,12.95,-4.846,0.5,8
"[-199,-150]",HR≥45/EDG≥-/CV≤0.6/μ≥0.5/TP≥55,53.12,,0.6,0.5,55.0,36,32,17,15,53.12,-15.15,-43.24,12.95,-4.846,0.5,8
"[-199,-150]",HR≥45/EDG≥-5.0/CV≤-/μ≥-/TP≥-,60.43,-5.0,,,,770,647,391,256,60.43,-3.78,-9.79,2.24,-24.428,0.462,13
"[-199,-150]",HR≥45/EDG≥-5.0/CV≤-/μ≥-/TP≥50,60.43,-5.0,,,50.0,770,647,391,256,60.43,-3.78,-9.79,2.24,-24.428,0.462,13
"[-199,-150]",HR≥45/EDG≥-5.0/CV≤-/μ≥-/TP≥55,60.43,-5.0,,,55.0,770,647,391,256,60.43,-3.78,-9.79,2.24,-24.428,0.462,13
"[-199,-150]",HR≥45/EDG≥-5.0/CV≤-/μ≥-/TP≥60,60.95,-5.0,,,60.0,451,379,231,148,60.95,-4.78,-12.47,2.91,-18.111,0.308,13
"[-199,-150]",HR≥45/EDG≥-5.0/CV≤-/μ≥0.0/TP≥-,60.43,-5.0,,0.0,,770,647,391,256,60.43,-3.78,-9.79,2.24,-24.428,0.462,13
"[-199,-150]",HR≥45/EDG≥-5.0/CV≤-/μ≥0.0/TP≥50,60.43,-5.0,,0.0,50.0,770,647,391,256,60.43,-3.78,-9.79,2.24,-24.428,0.462,13
"[-199,-150]",HR≥45/EDG≥-5.0/CV≤-/μ≥0.0/TP≥55,60.43,-5.0,,0.0,55.0,770,647,391,256,60.43,-3.78,-9.79,2.24,-24.428,0.462,13
"[-199,-150]",HR≥45/EDG≥-5.0/CV≤-/μ≥0.0/TP≥60,60.95,-5.0,,0.0,60.0,451,379,231,148,60.95,-4.78,-12.47,2.91,-18.111,0.308,13
"[-199,-150]",HR≥45/EDG≥-5.0/CV≤-/μ≥0.5/TP≥-,65.83,-5.0,,0.5,,371,319,210,109,65.83,4.43,-3.85,12.71,14.143,0.692,13
"[-199,-150]",HR≥45/EDG≥-5.0/CV≤-/μ≥0.5/TP≥50,65.83,-5.0,,0.5,50.0,371,319,210,109,65.83,4.43,-3.85,12.71,14.143,0.692,13
"[-199,-150]",HR≥45/EDG≥-5.0/CV≤-/μ≥0.5/TP≥55,65.83,-5.0,,0.5,55.0,371,319,210,109,65.83,4.43,-3.85,12.71,14.143,0.692,13
"[-199,-150]",HR≥45/EDG≥-5.0/CV≤-/μ≥0.5/TP≥60,68.34,-5.0,,0.5,60.0,230,199,136,63,68.34,6.69,-3.44,16.81,13.304,0.769,13
"[-199,-150]",HR≥45/EDG≥-5.0/CV≤-/μ≥1.0/TP≥-,72.37,-5.0,,1.0,,90,76,55,21,72.37,14.87,-1.22,30.95,11.299,0.778,9
"[-199,-150]",HR≥45/EDG≥-5.0/CV≤-/μ≥1.0/TP≥50,72.37,-5.0,,1.0,50.0,90,76,55,21,72.37,14.87,-1.22,30.95,11.299,0.778,9
"[-199,-150]",HR≥45/EDG≥-5.0/CV≤-/μ≥1.0/TP≥55,72.37,-5.0,,1.0,55.0,90,76,55,21,72.37,14.87,-1.22,30.95,11.299,0.778,9
"[-199,-150]",HR≥45/EDG≥-5.0/CV≤-/μ≥1.0/TP≥60,74.07,-5.0,,1.0,60.0,66,54,40,14,74.07,16.37,-2.18,34.93,8.842,0.625,8
"[-199,-150]",HR≥45/EDG≥-5.0/CV≤0.7/μ≥-/TP≥-,63.2,-5.0,0.7,,,138,125,79,46,63.2,0.63,-12.9,14.16,0.788,0.5,12
"[-199,-150]",HR≥45/EDG≥-5.0/CV≤0.7/μ≥-/TP≥50,63.2,-5.0,0.7,,50.0,138,125,79,46,63.2,0.63,-12.9,14.16,0.788,0.5,12
"[-199,-150]",HR≥45/EDG≥-5.0/CV≤0.7/μ≥-/TP≥55,63.2,-5.0,0.7,,55.0,138,125,79,46,63.2,0.63,-12.9,14.16,0.788,0.5,12
"[-199,-150]",HR≥45/EDG≥-5.0/CV≤0.7/μ≥-/TP≥60,60.24,-5.0,0.7,,60.0,91,83,50,33,60.24,-5.52,-22.15,11.11,-4.579,0.583,12
"[-199,-150]",HR≥45/EDG≥-5.0/CV≤0.7/μ≥0.0/TP≥-,63.2,-5.0,0.7,0.0,,138,125,79,46,63.2,0.63,-12.9,14.16,0.788,0.5,12
"[-199,-150]",HR≥45/EDG≥-5.0/CV≤0.7/μ≥0.0/TP≥50,63.2,-5.0,0.7,0.0,50.0,138,125,79,46,63.2,0.63,-12.9,14.16,0.788,0.5,12
"[-199,-150]",HR≥45/EDG≥-5.0/CV≤0.7/μ≥0.0/TP≥55,63.2,-5.0,0.7,0.0,55.0,138,125,79,46,63.2,0.63,-12.9,14.16,0.788,0.5,12
"[-199,-150]",HR≥45/EDG≥-5.0/CV≤0.7/μ≥0.0/TP≥60,60.24,-5.0,0.7,0.0,60.0,91,83,50,33,60.24,-5.52,-22.15,11.11,-4.579,0.583,12
"[-199,-150]",HR≥45/EDG≥-5.0/CV≤0.7/μ≥0.5/TP≥-,63.01,-5.0,0.7,0.5,,81,73,46,27,63.01,0.21,-17.54,17.96,0.153,0.5,10
"[-199,-150]",HR≥45/EDG≥-5.0/CV≤0.7/μ≥0.5/TP≥50,63.01,-5.0,0.7,0.5,50.0,81,73,46,27,63.01,0.21,-17.54,17.96,0.153,0.5,10
"[-199,-150]",HR≥45/EDG≥-5.0/CV≤0.7/μ≥0.5/TP≥55,63.01,-5.0,0.7,0.5,55.0,81,73,46,27,63.01,0.21,-17.54,17.96,0.153,0.5,10
"[-199,-150]",HR≥45/EDG≥-5.0/CV≤0.7/μ≥0.5/TP≥60,63.27,-5.0,0.7,0.5,60.0,55,49,31,18,63.27,-0.67,-22.1,20.76,-0.327,0.5,8
"[-199,-150]",HR≥45/EDG≥-5.0/CV≤0.6/μ≥-/TP≥-,57.5,-5.0,0.6,,,44,40,23,17,57.5,-8.36,-33.12,16.4,-3.344,0.556,9
"[-199,-150]",HR≥45/EDG≥-5.0/CV≤0.6/μ≥-/TP≥50,57.5,-5.0,0.6,,50.0,44,40,23,17,57.5,-8.36,-33.12,16.4,-3.344,0.556,9
"[-199,-150]",HR≥45/EDG≥-5.0/CV≤0.6/μ≥-/TP≥55,57.5,-5.0,0.6,,55.0,44,40,23,17,57.5,-8.36,-33.12,16.4,-3.344,0.556,9
"[-199,-150]",HR≥45/EDG≥-5.0/CV≤0.6/μ≥0.0/TP≥-,57.5,-5.0,0.6,0.0,,44,40,23,17,57.5,-8.36,-33.12,16.4,-3.344,0.556,9
"[-199,-150]",HR≥45/EDG≥-5.0/CV≤0.6/μ≥0.0/TP≥50,57.5,-5.0,0.6,0.0,50.0,44,40,23,17,57.5,-8.36,-33.12,16.4,-3.344,0.556,9
"[-199,-150]",HR≥45/EDG≥-5.0/CV≤0.6/μ≥0.0/TP≥55,57.5,-5.0,0.6,0.0,55.0,44,40,23,17,57.5,-8.36,-33.12,16.4,-3.344,0.556,9
"[-199,-150]",HR≥45/EDG≥-5.0/CV≤0.6/μ≥0.5/TP≥-,53.12,-5.0,0.6,0.5,,36,32,17,15,53.12,-15.15,-43.24,12.95,-4.846,0.5,8
"[-199,-150]",HR≥45/EDG≥-5.0/CV≤0.6/μ≥0.5/TP≥50,53.12,-5.0,0.6,0.5,50.0,36,32,17,15,53.12,-15.15,-43.24,12.95,-4.846,0.5,8
"[-199,-150]",HR≥45/EDG≥-5.0/CV≤0.6/μ≥0.5/TP≥55,53.12,-5.0,0.6,0.5,55.0,36,32,17,15,53.12,-15.15,-43.24,12.95,-4.846,0.5,8
"[-199,-150]",HR≥45/EDG≥0.0/CV≤-/μ≥-/TP≥-,61.64,0.0,,,,627,524,323,201,61.64,-1.78,-8.43,4.86,-9.346,0.385,13
"[-199,-150]",HR≥45/EDG≥0.0/CV≤-/μ≥-/TP≥50,61.64,0.0,,,50.0,627,524,323,201,61.64,-1.78,-8.43,4.86,-9.346,0.385,13
"[-199,-150]",HR≥45/EDG≥0.0/CV≤-/μ≥-/TP≥55,61.64,0.0,,,55.0,627,524,323,201,61.64,-1.78,-8.43,4.86,-9.346,0.385,13
"[-199,-150]",HR≥45/EDG≥0.0/CV≤-/μ≥-/TP≥60,62.75,0.0,,,60.0,358,298,187,111,62.75,-1.95,-10.54,6.65,-5.799,0.385,13
"[-199,-150]",HR≥45/EDG≥0.0/CV≤-/μ≥0.0/TP≥-,61.64,0.0,,0.0,,627,524,323,201,61.64,-1.78,-8.43,4.86,-9.346,0.385,13
"[-199,-150]",HR≥45/EDG≥0.0/CV≤-/μ≥0.0/TP≥50,61.64,0.0,,0.0,50.0,627,524,323,201,61.64,-1.78,-8.43,4.86,-9.346,0.385,13
"[-199,-150]",HR≥45/EDG≥0.0/CV≤-/μ≥0.0/TP≥55,61.64,0.0,,0.0,55.0,627,524,323,201,61.64,-1.78,-8.43,4.86,-9.346,0.385,13
"[-199,-150]",HR≥45/EDG≥0.0/CV≤-/μ≥0.0/TP≥60,62.75,0.0,,0.0,60.0,358,298,187,111,62.75,-1.95,-10.54,6.65,-5.799,0.385,13
"[-199,-150]",HR≥45/EDG≥0.0/CV≤-/μ≥0.5/TP≥-,65.83,0.0,,0.5,,371,319,210,109,65.83,4.43,-3.85,12.71,14.143,0.692,13
"[-199,-150]",HR≥45/EDG≥0.0/CV≤-/μ≥0.5/TP≥50,65.83,0.0,,0.5,50.0,371,319,210,109,65.83,4.43,-3.85,12.71,14.143,0.692,13
"[-199,-150]",HR≥45/EDG≥0.0/CV≤-/μ≥0.5/TP≥55,65.83,0.0,,0.5,55.0,371,319,210,109,65.83,4.43,-3.85,12.71,14.143,0.692,13
"[-199,-150]",HR≥45/EDG≥0.0/CV≤-/μ≥0.5/TP≥60,68.34,0.0,,0.5,60.0,230,199,136,63,68.34,6.69,-3.44,16.81,13.304,0.769,13
"[-199,-150]",HR≥45/EDG≥0.0/CV≤-/μ≥1.0/TP≥-,72.37,0.0,,1.0,,90,76,55,21,72.37,14.87,-1.22,30.95,11.299,0.778,9
"[-199,-150]",HR≥45/EDG≥0.0/CV≤-/μ≥1.0/TP≥50,72.37,0.0,,1.0,50.0,90,76,55,21,72.37,14.87,-1.22,30.95,11.299,0.778,9
"[-199,-150]",HR≥45/EDG≥0.0/CV≤-/μ≥1.0/TP≥55,72.37,0.0,,1.0,55.0,90,76,55,21,72.37,14.87,-1.22,30.95,11.299,0.778,9
"[-199,-150]",HR≥45/EDG≥0.0/CV≤-/μ≥1.0/TP≥60,74.07,0.0,,1.0,60.0,66,54,40,14,74.07,16.37,-2.18,34.93,8.842,0.625,8
"[-199,-150]",HR≥45/EDG≥0.0/CV≤0.7/μ≥-/TP≥-,66.06,0.0,0.7,,,120,109,72,37,66.06,5.26,-8.99,19.51,5.731,0.583,12
"[-199,-150]",HR≥45/EDG≥0.0/CV≤0.7/μ≥-/TP≥50,66.06,0.0,0.7,,50.0,120,109,72,37,66.06,5.26,-8.99,19.51,5.731,0.583,12
"[-199,-150]",HR≥45/EDG≥0.0/CV≤0.7/μ≥-/TP≥55,66.06,0.0,0.7,,55.0,120,109,72,37,66.06,5.26,-8.99,19.51,5.731,0.583,12
"[-199,-150]",HR≥45/EDG≥0.0/CV≤0.7/μ≥-/TP≥60,65.22,0.0,0.7,,60.0,76,69,45,24,65.22,2.37,-15.42,20.16,1.637,0.667,12
"[-199,-150]",HR≥45/EDG≥0.0/CV≤0.7/μ≥0.0/TP≥-,66.06,0.0,0.7,0.0,,120,109,72,37,66.06,5.26,-8.99,19.51,5.731,0.583,12
"[-199,-150]",HR≥45/EDG≥0.0/CV≤0.7/μ≥0.0/TP≥50,66.06,0.0,0.7,0.0,50.0,120,109,72,37,66.06,5.26,-8.99,19.51,5.731,0.583,12
"[-199,-150]",HR≥45/EDG≥0.0/CV≤0.7/μ≥0.0/TP≥55,66.06,0.0,0.7,0.0,55.0,120,109,72,37,66.06,5.26,-8.99,19.51,5.731,0.583,12
"[-199,-150]",HR≥45/EDG≥0.0/CV≤0.7/μ≥0.0/TP≥60,65.22,0.0,0.7,0.0,60.0,76,69,45,24,65.22,2.37,-15.42,20.16,1.637,0.667,12
"[-199,-150]",HR≥45/EDG≥0.0/CV≤0.7/μ≥0.5/TP≥-,63.01,0.0,0.7,0.5,,81,73,46,27,63.01,0.21,-17.54,17.96,0.153,0.5,10
"[-199,-150]",HR≥45/EDG≥0.0/CV≤0.7/μ≥0.5/TP≥50,63.01,0.0,0.7,0.5,50.0,81,73,46,27,63.01,0.21,-17.54,17.96,0.153,0.5,10
"[-199,-150]",HR≥45/EDG≥0.0/CV≤0.7/μ≥0.5/TP≥55,63.01,0.0,0.7,0.5,55.0,81,73,46,27,63.01,0.21,-17.54,17.96,0.153,0.5,10
"[-199,-150]",HR≥45/EDG≥0.0/CV≤0.7/μ≥0.5/TP≥60,63.27,0.0,0.7,0.5,60.0,55,49,31,18,63.27,-0.67,-22.1,20.76,-0.327,0.5,8
"[-199,-150]",HR≥45/EDG≥0.0/CV≤0.6/μ≥-/TP≥-,57.5,0.0,0.6,,,44,40,23,17,57.5,-8.36,-33.12,16.4,-3.344,0.556,9
"[-199,-150]",HR≥45/EDG≥0.0/CV≤0.6/μ≥-/TP≥50,57.5,0.0,0.6,,50.0,44,40,23,17,57.5,-8.36,-33.12,16.4,-3.344,0.556,9
"[-199,-150]",HR≥45/EDG≥0.0/CV≤0.6/μ≥-/TP≥55,57.5,0.0,0.6,,55.0,44,40,23,17,57.5,-8.36,-33.12,16.4,-3.344,0.556,9
"[-199,-150]",HR≥45/EDG≥0.0/CV≤0.6/μ≥0.0/TP≥-,57.5,0.0,0.6,0.0,,44,40,23,17,57.5,-8.36,-33.12,16.4,-3.344,0.556,9
"[-199,-150]",HR≥45/EDG≥0.0/CV≤0.6/μ≥0.0/TP≥50,57.5,0.0,0.6,0.0,50.0,44,40,23,17,57.5,-8.36,-33.12,16.4,-3.344,0.556,9
"[-199,-150]",HR≥45/EDG≥0.0/CV≤0.6/μ≥0.0/TP≥55,57.5,0.0,0.6,0.0,55.0,44,40,23,17,57.5,-8.36,-33.12,16.4,-3.344,0.556,9
"[-199,-150]",HR≥45/EDG≥0.0/CV≤0.6/μ≥0.5/TP≥-,53.12,0.0,0.6,0.5,,36,32,17,15,53.12,-15.15,-43.24,12.95,-4.846,0.5,8
"[-199,-150]",HR≥45/EDG≥0.0/CV≤0.6/μ≥0.5/TP≥50,53.12,0.0,0.6,0.5,50.0,36,32,17,15,53.12,-15.15,-43.24,12.95,-4.846,0.5,8
"[-199,-150]",HR≥45/EDG≥0.0/CV≤0.6/μ≥0.5/TP≥55,53.12,0.0,0.6,0.5,55.0,36,32,17,15,53.12,-15.15,-43.24,12.95,-4.846,0.5,8
"[-199,-150]",HR≥45/EDG≥5.0/CV≤-/μ≥-/TP≥-,63.64,5.0,,,,490,418,266,152,63.64,1.34,-6.02,8.7,5.597,0.538,13
"[-199,-150]",HR≥45/EDG≥5.0/CV≤-/μ≥-/TP≥50,63.64,5.0,,,50.0,490,418,266,152,63.64,1.34,-6.02,8.7,5.597,0.538,13
"[-199,-150]",HR≥45/EDG≥5.0/CV≤-/μ≥-/TP≥55,63.64,5.0,,,55.0,490,418,266,152,63.64,1.34,-6.02,8.7,5.597,0.538,13
"[-199,-150]",HR≥45/EDG≥5.0/CV≤-/μ≥-/TP≥60,64.61,5.0,,,60.0,285,243,157,86,64.61,0.94,-8.48,10.37,2.296,0.615,13
"[-199,-150]",HR≥45/EDG≥5.0/CV≤-/μ≥0.0/TP≥-,63.64,5.0,,0.0,,490,418,266,152,63.64,1.34,-6.02,8.7,5.597,0.538,13
"[-199,-150]",HR≥45/EDG≥5.0/CV≤-/μ≥0.0/TP≥50,63.64,5.0,,0.0,50.0,490,418,266,152,63.64,1.34,-6.02,8.7,5.597,0.538,13
"[-199,-150]",HR≥45/EDG≥5.0/CV≤-/μ≥0.0/TP≥55,63.64,5.0,,0.0,55.0,490,418,266,152,63.64,1.34,-6.02,8.7,5.597,0.538,13
"[-199,-150]",HR≥45/EDG≥5.0/CV≤-/μ≥0.0/TP≥60,64.61,5.0,,0.0,60.0,285,243,157,86,64.61,0.94,-8.48,10.37,2.296,0.615,13
"[-199,-150]",HR≥45/EDG≥5.0/CV≤-/μ≥0.5/TP≥-,65.69,5.0,,0.5,,358,306,201,105,65.69,4.28,-4.19,12.75,13.108,0.769,13
"[-199,-150]",HR≥45/EDG≥5.0/CV≤-/μ≥0.5/TP≥50,65.69,5.0,,0.5,50.0,358,306,201,105,65.69,4.28,-4.19,12.75,13.108,0.769,13
"[-199,-150]",HR≥45/EDG≥5.0/CV≤-/μ≥0.5/TP≥55,65.69,5.0,,0.5,55.0,358,306,201,105,65.69,4.28,-4.19,12.75,13.108,0.769,13
"[-199,-150]",HR≥45/EDG≥5.0/CV≤-/μ≥0.5/TP≥60,68.25,5.0,,0.5,60.0,220,189,129,60,68.25,6.6,-3.8,17.01,12.481,0.692,13
"[-199,-150]",HR≥45/EDG≥5.0/CV≤-/μ≥1.0/TP≥-,72.37,5.0,,1.0,,90,76,55,21,72.37,14.87,-1.22,30.95,11.299,0.778,9
"[-199,-150]",HR≥45/EDG≥5.0/CV≤-/μ≥1.0/TP≥50,72.37,5.0,,1.0,50.0,90,76,55,21,72.37,14.87,-1.22,30.95,11.299,0.778,9
"[-199,-150]",HR≥45/EDG≥5.0/CV≤-/μ≥1.0/TP≥55,72.37,5.0,,1.0,55.0,90,76,55,21,72.37,14.87,-1.22,30.95,11.299,0.778,9
"[-199,-150]",HR≥45/EDG≥5.0/CV≤-/μ≥1.0/TP≥60,74.07,5.0,,1.0,60.0,66,54,40,14,74.07,16.37,-2.18,34.93,8.842,0.625,8
"[-199,-150]",HR≥45/EDG≥5.0/CV≤0.7/μ≥-/TP≥-,66.02,5.0,0.7,,,114,103,68,35,66.02,5.11,-9.54,19.77,5.268,0.583,12
"[-199,-150]",HR≥45/EDG≥5.0/CV≤0.7/μ≥-/TP≥50,66.02,5.0,0.7,,50.0,114,103,68,35,66.02,5.11,-9.54,19.77,5.268,0.583,12
"[-199,-150]",HR≥45/EDG≥5.0/CV≤0.7/μ≥-/TP≥55,66.02,5.0,0.7,,55.0,114,103,68,35,66.02,5.11,-9.54,19.77,5.268,0.583,12
"[-199,-150]",HR≥45/EDG≥5.0/CV≤0.7/μ≥-/TP≥60,65.15,5.0,0.7,,60.0,73,66,43,23,65.15,2.22,-15.97,20.41,1.465,0.667,12
"[-199,-150]",HR≥45/EDG≥5.0/CV≤0.7/μ≥0.0/TP≥-,66.02,5.0,0.7,0.0,,114,103,68,35,66.02,5.11,-9.54,19.77,5.268,0.583,12
"[-199,-150]",HR≥45/EDG≥5.0/CV≤0.7/μ≥0.0/TP≥50,66.02,5.0,0.7,0.0,50.0,114,103,68,35,66.02,5.11,-9.54,19.77,5.268,0.583,12
"[-199,-150]",HR≥45/EDG≥5.0/CV≤0.7/μ≥0.0/TP≥55,66.02,5.0,0.7,0.0,55.0,114,103,68,35,66.02,5.11,-9.54,19.77,5.268,0.583,12
"[-199,-150]",HR≥45/EDG≥5.0/CV≤0.7/μ≥0.0/TP≥60,65.15,5.0,0.7,0.0,60.0,73,66,43,23,65.15,2.22,-15.97,20.41,1.465,0.667,12
"[-199,-150]",HR≥45/EDG≥5.0/CV≤0.7/μ≥0.5/TP≥-,63.01,5.0,0.7,0.5,,81,73,46,27,63.01,0.21,-17.54,17.96,0.153,0.5,10
"[-199,-150]",HR≥45/EDG≥5.0/CV≤0.7/μ≥0.5/TP≥50,63.01,5.0,0.7,0.5,50.0,81,73,46,27,63.01,0.21,-17.54,17.96,0.153,0.5,10
"[-199,-150]",HR≥45/EDG≥5.0/CV≤0.7/μ≥0.5/TP≥55,63.01,5.0,0.7,0.5,55.0,81,73,46,27,63.01,0.21,-17.54,17.96,0.153,0.5,10
"[-199,-150]",HR≥45/EDG≥5.0/CV≤0.7/μ≥0.5/TP≥60,63.27,5.0,0.7,0.5,60.0,55,49,31,18,63.27,-0.67,-22.1,20.76,-0.327,0.5,8
"[-199,-150]",HR≥45/EDG≥5.0/CV≤0.6/μ≥-/TP≥-,58.97,5.0,0.6,,,43,39,23,16,58.97,-6.01,-30.97,18.95,-2.344,0.556,9
"[-199,-150]",HR≥45/EDG≥5.0/CV≤0.6/μ≥-/TP≥50,58.97,5.0,0.6,,50.0,43,39,23,16,58.97,-6.01,-30.97,18.95,-2.344,0.556,9
"[-199,-150]",HR≥45/EDG≥5.0/CV≤0.6/μ≥-/TP≥55,58.97,5.0,0.6,,55.0,43,39,23,16,58.97,-6.01,-30.97,18.95,-2.344,0.556,9
"[-199,-150]",HR≥45/EDG≥5.0/CV≤0.6/μ≥0.0/TP≥-,58.97,5.0,0.6,0.0,,43,39,23,16,58.97,-6.01,-30.97,18.95,-2.344,0.556,9
"[-199,-150]",HR≥45/EDG≥5.0/CV≤0.6/μ≥0.0/TP≥50,58.97,5.0,0.6,0.0,50.0,43,39,23,16,58.97,-6.01,-30.97,18.95,-2.344,0.556,9
"[-199,-150]",HR≥45/EDG≥5.0/CV≤0.6/μ≥0.0/TP≥55,58.97,5.0,0.6,0.0,55.0,43,39,23,16,58.97,-6.01,-30.97,18.95,-2.344,0.556,9
"[-199,-150]",HR≥45/EDG≥5.0/CV≤0.6/μ≥0.5/TP≥-,53.12,5.0,0.6,0.5,,36,32,17,15,53.12,-15.15,-43.24,12.95,-4.846,0.5,8
"[-199,-150]",HR≥45/EDG≥5.0/CV≤0.6/μ≥0.5/TP≥50,53.12,5.0,0.6,0.5,50.0,36,32,17,15,53.12,-15.15,-43.24,12.95,-4.846,0.5,8
"[-199,-150]",HR≥45/EDG≥5.0/CV≤0.6/μ≥0.5/TP≥55,53.12,5.0,0.6,0.5,55.0,36,32,17,15,53.12,-15.15,-43.24,12.95,-4.846,0.5,8
"[-199,-150]",HR≥45/EDG≥10.0/CV≤-/μ≥-/TP≥-,65.41,10.0,,,,367,318,208,110,65.41,4.04,-4.3,12.38,12.851,0.615,13
"[-199,-150]",HR≥45/EDG≥10.0/CV≤-/μ≥-/TP≥50,65.41,10.0,,,50.0,367,318,208,110,65.41,4.04,-4.3,12.38,12.851,0.615,13
"[-199,-150]",HR≥45/EDG≥10.0/CV≤-/μ≥-/TP≥55,65.41,10.0,,,55.0,367,318,208,110,65.41,4.04,-4.3,12.38,12.851,0.615,13
"[-199,-150]",HR≥45/EDG≥10.0/CV≤-/μ≥-/TP≥60,67.89,10.0,,,60.0,219,190,129,61,67.89,6.13,-4.29,16.54,11.638,0.615,13
"[-199,-150]",HR≥45/EDG≥10.0/CV≤-/μ≥0.0/TP≥-,65.41,10.0,,0.0,,367,318,208,110,65.41,4.04,-4.3,12.38,12.851,0.615,13
"[-199,-150]",HR≥45/EDG≥10.0/CV≤-/μ≥0.0/TP≥50,65.41,10.0,,0.0,50.0,367,318,208,110,65.41,4.04,-4.3,12.38,12.851,0.615,13
"[-199,-150]",HR≥45/EDG≥10.0/CV≤-/μ≥0.0/TP≥55,65.41,10.0,,0.0,55.0,367,318,208,110,65.41,4.04,-4.3,12.38,12.851,0.615,13
"[-199,-150]",HR≥45/EDG≥10.0/CV≤-/μ≥0.0/TP≥60,67.89,10.0,,0.0,60.0,219,190,129,61,67.89,6.13,-4.29,16.54,11.638,0.615,13
"[-199,-150]",HR≥45/EDG≥10.0/CV≤-/μ≥0.5/TP≥-,66.67,10.0,,0.5,,315,270,180,90,66.67,5.85,-3.11,14.81,15.795,0.615,13
"[-199,-150]",HR≥45/EDG≥10.0/CV≤-/μ≥0.5/TP≥50,66.67,10.0,,0.5,50.0,315,270,180,90,66.67,5.85,-3.11,14.81,15.795,0.615,13
"[-199,-150]",HR≥45/EDG≥10.0/CV≤-/μ≥0.5/TP≥55,66.67,10.0,,0.5,55.0,315,270,180,90,66.67,5.85,-3.11,14.81,15.795,0.615,13
"[-199,-150]",HR≥45/EDG≥10.0/CV≤-/μ≥0.5/TP≥60,68.67,10.0,,0.5,60.0,193,166,114,52,68.67,7.24,-3.82,18.3,12.022,0.692,13
"[-199,-150]",HR≥45/EDG≥10.0/CV≤-/μ≥1.0/TP≥-,72.0,10.0,,1.0,,89,75,54,21,72.0,14.38,-1.89,30.65,10.786,0.667,9
"[-199,-150]",HR≥45/EDG≥10.0/CV≤-/μ≥1.0/TP≥50,72.0,10.0,,1.0,50.0,89,75,54,21,72.0,14.38,-1.89,30.65,10.786,0.667,9
"[-199,-150]",HR≥45/EDG≥10.0/CV≤-/μ≥1.0/TP≥55,72.0,10.0,,1.0,55.0,89,75,54,21,72.0,14.38,-1.89,30.65,10.786,0.667,9
"[-199,-150]",HR≥45/EDG≥10.0/CV≤-/μ≥1.0/TP≥60,73.58,10.0,,1.0,60.0,65,53,39,14,73.58,15.71,-3.15,34.58,8.329,0.625,8
"[-199,-150]",HR≥45/EDG≥10.0/CV≤0.7/μ≥-/TP≥-,64.84,10.0,0.7,,,100,91,59,32,64.84,3.46,-12.3,19.22,3.149,0.667,12
"[-199,-150]",HR≥45/EDG≥10.0/CV≤0.7/μ≥-/TP≥50,64.84,10.0,0.7,,50.0,100,91,59,32,64.84,3.46,-12.3,19.22,3.149,0.667,12
"[-199,-150]",HR≥45/EDG≥10.0/CV≤0.7/μ≥-/TP≥55,64.84,10.0,0.7,,55.0,100,91,59,32,64.84,3.46,-12.3,19.22,3.149,0.667,12
"[-199,-150]",HR≥45/EDG≥10.0/CV≤0.7/μ≥-/TP≥60,64.41,10.0,0.7,,60.0,66,59,38,21,64.41,1.41,-18.01,20.83,0.833,0.636,11
"[-199,-150]",HR≥45/EDG≥10.0/CV≤0.7/μ≥0.0/TP≥-,64.84,10.0,0.7,0.0,,100,91,59,32,64.84,3.46,-12.3,19.22,3.149,0.667,12
"[-199,-150]",HR≥45/EDG≥10.0/CV≤0.7/μ≥0.0/TP≥50,64.84,10.0,0.7,0.0,50.0,100,91,59,32,64.84,3.46,-12.3,19.22,3.149,0.667,12
"[-199,-150]",HR≥45/EDG≥10.0/CV≤0.7/μ≥0.0/TP≥55,64.84,10.0,0.7,0.0,55.0,100,91,59,32,64.84,3.46,-12.3,19.22,3.149,0.667,12
"[-199,-150]",HR≥45/EDG≥10.0/CV≤0.7/μ≥0.0/TP≥60,64.41,10.0,0.7,0.0,60.0,66,59,38,21,64.41,1.41,-18.01,20.83,0.833,0.636,11
"[-199,-150]",HR≥45/EDG≥10.0/CV≤0.7/μ≥0.5/TP≥-,63.01,10.0,0.7,0.5,,81,73,46,27,63.01,0.21,-17.54,17.96,0.153,0.5,10
"[-199,-150]",HR≥45/EDG≥10.0/CV≤0.7/μ≥0.5/TP≥50,63.01,10.0,0.7,0.5,50.0,81,73,46,27,63.01,0.21,-17.54,17.96,0.153,0.5,10
"[-199,-150]",HR≥45/EDG≥10.0/CV≤0.7/μ≥0.5/TP≥55,63.01,10.0,0.7,0.5,55.0,81,73,46,27,63.01,0.21,-17.54,17.96,0.153,0.5,10
"[-199,-150]",HR≥45/EDG≥10.0/CV≤0.7/μ≥0.5/TP≥60,63.27,10.0,0.7,0.5,60.0,55,49,31,18,63.27,-0.67,-22.1,20.76,-0.327,0.5,8
"[-199,-150]",HR≥45/EDG≥10.0/CV≤0.6/μ≥-/TP≥-,57.89,10.0,0.6,,,42,38,22,16,57.89,-7.52,-32.97,17.93,-2.857,0.556,9
"[-199,-150]",HR≥45/EDG≥10.0/CV≤0.6/μ≥-/TP≥50,57.89,10.0,0.6,,50.0,42,38,22,16,57.89,-7.52,-32.97,17.93,-2.857,0.556,9
"[-199,-150]",HR≥45/EDG≥10.0/CV≤0.6/μ≥-/TP≥55,57.89,10.0,0.6,,55.0,42,38,22,16,57.89,-7.52,-32.97,17.93,-2.857,0.556,9
"[-199,-150]",HR≥45/EDG≥10.0/CV≤0.6/μ≥0.0/TP≥-,57.89,10.0,0.6,0.0,,42,38,22,16,57.89,-7.52,-32.97,17.93,-2.857,0.556,9
"[-199,-150]",HR≥45/EDG≥10.0/CV≤0.6/μ≥0.0/TP≥50,57.89,10.0,0.6,0.0,50.0,42,38,22,16,57.89,-7.52,-32.97,17.93,-2.857,0.556,9
"[-199,-150]",HR≥45/EDG≥10.0/CV≤0.6/μ≥0.0/TP≥55,57.89,10.0,0.6,0.0,55.0,42,38,22,16,57.89,-7.52,-32.97,17.93,-2.857,0.556,9
"[-199,-150]",HR≥45/EDG≥10.0/CV≤0.6/μ≥0.5/TP≥-,53.12,10.0,0.6,0.5,,36,32,17,15,53.12,-15.15,-43.24,12.95,-4.846,0.5,8
"[-199,-150]",HR≥45/EDG≥10.0/CV≤0.6/μ≥0.5/TP≥50,53.12,10.0,0.6,0.5,50.0,36,32,17,15,53.12,-15.15,-43.24,12.95,-4.846,0.5,8
"[-199,-150]",HR≥45/EDG≥10.0/CV≤0.6/μ≥0.5/TP≥55,53.12,10.0,0.6,0.5,55.0,36,32,17,15,53.12,-15.15,-43.24,12.95,-4.846,0.5,8
"[-199,-150]",HR≥50/EDG≥-/CV≤-/μ≥-/TP≥-,58.65,,,,,895,757,444,313,58.65,-6.77,-12.36,-1.18,-51.242,0.231,13
"[-199,-150]",HR≥50/EDG≥-/CV≤-/μ≥-/TP≥50,58.65,,,,50.0,895,757,444,313,58.65,-6.77,-12.36,-1.18,-51.242,0.231,13
"[-199,-150]",HR≥50/EDG≥-/CV≤-/μ≥-/TP≥55,58.49,,,,55.0,891,754,441,313,58.49,-7.02,-12.62,-1.42,-52.959,0.231,13
"[-199,-150]",HR≥50/EDG≥-/CV≤-/μ≥-/TP≥60,58.35,,,,60.0,534,449,262,187,58.35,-8.99,-16.11,-1.86,-40.352,0.231,13
"[-199,-150]",HR≥50/EDG≥-/CV≤-/μ≥0.0/TP≥-,58.86,,,0.0,,851,722,425,297,58.86,-6.45,-12.16,-0.73,-46.543,0.231,13
"[-199,-150]",HR≥50/EDG≥-/CV≤-/μ≥0.0/TP≥50,58.86,,,0.0,50.0,851,722,425,297,58.86,-6.45,-12.16,-0.73,-46.543,0.231,13
"[-199,-150]",HR≥50/EDG≥-/CV≤-/μ≥0.0/TP≥55,58.69,,,0.0,55.0,847,719,422,297,58.69,-6.71,-12.44,-0.98,-48.261,0.231,13
"[-199,-150]",HR≥50/EDG≥-/CV≤-/μ≥0.0/TP≥60,58.33,,,0.0,60.0,512,432,252,180,58.33,-9.01,-16.28,-1.75,-38.939,0.231,13
"[-199,-150]",HR≥50/EDG≥-/CV≤-/μ≥0.5/TP≥-,66.01,,,0.5,,350,303,200,103,66.01,4.72,-3.77,13.21,14.296,0.692,13
"[-199,-150]",HR≥50/EDG≥-/CV≤-/μ≥0.5/TP≥50,66.01,,,0.5,50.0,350,303,200,103,66.01,4.72,-3.77,13.21,14.296,0.692,13
"[-199,-150]",HR≥50/EDG≥-/CV≤-/μ≥0.5/TP≥55,66.01,,,0.5,55.0,350,303,200,103,66.01,4.72,-3.77,13.21,14.296,0.692,13
"[-199,-150]",HR≥50/EDG≥-/CV≤-/μ≥0.5/TP≥60,68.62,,,0.5,60.0,219,188,129,59,68.62,7.1,-3.29,17.49,13.354,0.692,13
"[-199,-150]",HR≥50/EDG≥-/CV≤-/μ≥1.0/TP≥-,75.0,,,1.0,,86,72,54,18,75.0,19.02,3.01,35.03,13.693,0.889,9
"[-199,-150]",HR≥50/EDG≥-/CV≤-/μ≥1.0/TP≥50,75.0,,,1.0,50.0,86,72,54,18,75.0,19.02,3.01,35.03,13.693,0.889,9
"[-199,-150]",HR≥50/EDG≥-/CV≤-/μ≥1.0/TP≥55,75.0,,,1.0,55.0,86,72,54,18,75.0,19.02,3.01,35.03,13.693,0.889,9
"[-199,-150]",HR≥50/EDG≥-/CV≤-/μ≥1.0/TP≥60,78.0,,,1.0,60.0,62,50,39,11,78.0,22.47,4.24,40.71,11.236,0.75,8
"[-199,-150]",HR≥50/EDG≥-/CV≤0.7/μ≥-/TP≥-,62.41,,0.7,,,148,133,83,50,62.41,-0.63,-13.81,12.54,-0.844,0.5,12
"[-199,-150]",HR≥50/EDG≥-/CV≤0.7/μ≥-/TP≥50,62.41,,0.7,,50.0,148,133,83,50,62.41,-0.63,-13.81,12.54,-0.844,0.5,12
"[-199,-150]",HR≥50/EDG≥-/CV≤0.7/μ≥-/TP≥55,62.41,,0.7,,55.0,148,133,83,50,62.41,-0.63,-13.81,12.54,-0.844,0.5,12
"[-199,-150]",HR≥50/EDG≥-/CV≤0.7/μ≥-/TP≥60,59.09,,0.7,,60.0,98,88,52,36,59.09,-7.36,-23.58,8.85,-6.481,0.583,12
"[-199,-150]",HR≥50/EDG≥-/CV≤0.7/μ≥0.0/TP≥-,61.83,,0.7,0.0,,145,131,81,50,61.83,-1.57,-14.88,11.74,-2.06,0.5,12
"[-199,-150]",HR≥50/EDG≥-/CV≤0.7/μ≥0.0/TP≥50,61.83,,0.7,0.0,50.0,145,131,81,50,61.83,-1.57,-14.88,11.74,-2.06,0.5,12
"[-199,-150]",HR≥50/EDG≥-/CV≤0.7/μ≥0.0/TP≥55,61.83,,0.7,0.0,55.0,145,131,81,50,61.83,-1.57,-14.88,11.74,-2.06,0.5,12
"[-199,-150]",HR≥50/EDG≥-/CV≤0.7/μ≥0.0/TP≥60,58.62,,0.7,0.0,60.0,96,87,51,36,58.62,-8.11,-24.44,8.23,-7.052,0.5,12
"[-199,-150]",HR≥50/EDG≥-/CV≤0.7/μ≥0.5/TP≥-,63.01,,0.7,0.5,,81,73,46,27,63.01,0.21,-17.54,17.96,0.153,0.5,10
"[-199,-150]",HR≥50/EDG≥-/CV≤0.7/μ≥0.5/TP≥50,63.01,,0.7,0.5,50.0,81,73,46,27,63.01,0.21,-17.54,17.96,0.153,0.5,10
"[-199,-150]",HR≥50/EDG≥-/CV≤0.7/μ≥0.5/TP≥55,63.01,,0.7,0.5,55.0,81,73,46,27,63.01,0.21,-17.54,17.96,0.153,0.5,10
"[-199,-150]",HR≥50/EDG≥-/CV≤0.7/μ≥0.5/TP≥60,63.27,,0.7,0.5,60.0,55,49,31,18,63.27,-0.67,-22.1,20.76,-0.327,0.5,8
"[-199,-150]",HR≥50/EDG≥-/CV≤0.6/μ≥-/TP≥-,54.76,,0.6,,,46,42,23,19,54.76,-12.72,-37.04,11.59,-5.344,0.444,9
"[-199,-150]",HR≥50/EDG≥-/CV≤0.6/μ≥-/TP≥50,54.76,,0.6,,50.0,46,42,23,19,54.76,-12.72,-37.04,11.59,-5.344,0.444,9
"[-199,-150]",HR≥50/EDG≥-/CV≤0.6/μ≥-/TP≥55,54.76,,0.6,,55.0,46,42,23,19,54.76,-12.72,-37.04,11.59,-5.344,0.444,9
"[-199,-150]",HR≥50/EDG≥-/CV≤0.6/μ≥0.0/TP≥-,54.76,,0.6,0.0,,46,42,23,19,54.76,-12.72,-37.04,11.59,-5.344,0.444,9
"[-199,-150]",HR≥50/EDG≥-/CV≤0.6/μ≥0.0/TP≥50,54.76,,0.6,0.0,50.0,46,42,23,19,54.76,-12.72,-37.04,11.59,-5.344,0.444,9
"[-199,-150]",HR≥50/EDG≥-/CV≤0.6/μ≥0.0/TP≥55,54.76,,0.6,0.0,55.0,46,42,23,19,54.76,-12.72,-37.04,11.59,-5.344,0.444,9
"[-199,-150]",HR≥50/EDG≥-/CV≤0.6/μ≥0.5/TP≥-,53.12,,0.6,0.5,,36,32,17,15,53.12,-15.15,-43.24,12.95,-4.846,0.5,8
"[-199,-150]",HR≥50/EDG≥-/CV≤0.6/μ≥0.5/TP≥50,53.12,,0.6,0.5,50.0,36,32,17,15,53.12,-15.15,-43.24,12.95,-4.846,0.5,8
"[-199,-150]",HR≥50/EDG≥-/CV≤0.6/μ≥0.5/TP≥55,53.12,,0.6,0.5,55.0,36,32,17,15,53.12,-15.15,-43.24,12.95,-4.846,0.5,8
"[-199,-150]",HR≥50/EDG≥-5.0/CV≤-/μ≥-/TP≥-,60.36,-5.0,,,,733,618,373,245,60.36,-3.91,-10.07,2.24,-24.186,0.385,13
"[-199,-150]",HR≥50/EDG≥-5.0/CV≤-/μ≥-/TP≥50,60.36,-5.0,,,50.0,733,618,373,245,60.36,-3.91,-10.07,2.24,-24.186,0.385,13
"[-199,-150]",HR≥50/EDG≥-5.0/CV≤-/μ≥-/TP≥55,60.36,-5.0,,,55.0,733,618,373,245,60.36,-3.91,-10.07,2.24,-24.186,0.385,13
"[-199,-150]",HR≥50/EDG≥-5.0/CV≤-/μ≥-/TP≥60,61.22,-5.0,,,60.0,432,361,221,140,61.22,-4.36,-12.23,3.5,-15.757,0.462,13
"[-199,-150]",HR≥50/EDG≥-5.0/CV≤-/μ≥0.0/TP≥-,60.36,-5.0,,0.0,,733,618,373,245,60.36,-3.91,-10.07,2.24,-24.186,0.385,13
"[-199,-150]",HR≥50/EDG≥-5.0/CV≤-/μ≥0.0/TP≥50,60.36,-5.0,,0.0,50.0,733,618,373,245,60.36,-3.91,-10.07,2.24,-24.186,0.385,13
"[-199,-150]",HR≥50/EDG≥-5.0/CV≤-/μ≥0.0/TP≥55,60.36,-5.0,,0.0,55.0,733,618,373,245,60.36,-3.91,-10.07,2.24,-24.186,0.385,13
"[-199,-150]",HR≥50/EDG≥-5.0/CV≤-/μ≥0.0/TP≥60,61.22,-5.0,,0.0,60.0,432,361,221,140,61.22,-4.36,-12.23,3.5,-15.757,0.462,13
"[-199,-150]",HR≥50/EDG≥-5.0/CV≤-/μ≥0.5/TP≥-,66.01,-5.0,,0.5,,350,303,200,103,66.01,4.72,-3.77,13.21,14.296,0.692,13
"[-199,-150]",HR≥50/EDG≥-5.0/CV≤-/μ≥0.5/TP≥50,66.01,-5.0,,0.5,50.0,350,303,200,103,66.01,4.72,-3.77,13.21,14.296,0.692,13
"[-199,-150]",HR≥50/EDG≥-5.0/CV≤-/μ≥0.5/TP≥55,66.01,-5.0,,0.5,55.0,350,303,200,103,66.01,4.72,-3.77,13.21,14.296,0.692,13
"[-199,-150]",HR≥50/EDG≥-5.0/CV≤-/μ≥0.5/TP≥60,68.62,-5.0,,0.5,60.0,219,188,129,59,68.62,7.1,-3.29,17.49,13.354,0.692,13
"[-199,-150]",HR≥50/EDG≥-5.0/CV≤-/μ≥1.0/TP≥-,75.0,-5.0,,1.0,,86,72,54,18,75.0,19.02,3.01,35.03,13.693,0.889,9
"[-199,-150]",HR≥50/EDG≥-5.0/CV≤-/μ≥1.0/TP≥50,75.0,-5.0,,1.0,50.0,86,72,54,18,75.0,19.02,3.01,35.03,13.693,0.889,9
"[-199,-150]",HR≥50/EDG≥-5.0/CV≤-/μ≥1.0/TP≥55,75.0,-5.0,,1.0,55.0,86,72,54,18,75.0,19.02,3.01,35.03,13.693,0.889,9
"[-199,-150]",HR≥50/EDG≥-5.0/CV≤-/μ≥1.0/TP≥60,78.0,-5.0,,1.0,60.0,62,50,39,11,78.0,22.47,4.24,40.71,11.236,0.75,8
"[-199,-150]",HR≥50/EDG≥-5.0/CV≤0.7/μ≥-/TP≥-,63.2,-5.0,0.7,,,138,125,79,46,63.2,0.63,-12.9,14.16,0.788,0.5,12
"[-199,-150]",HR≥50/EDG≥-5.0/CV≤0.7/μ≥-/TP≥50,63.2,-5.0,0.7,,50.0,138,125,79,46,63.2,0.63,-12.9,14.16,0.788,0.5,12
"[-199,-150]",HR≥50/EDG≥-5.0/CV≤0.7/μ≥-/TP≥55,63.2,-5.0,0.7,,55.0,138,125,79,46,63.2,0.63,-12.9,14.16,0.788,0.5,12
"[-199,-150]",HR≥50/EDG≥-5.0/CV≤0.7/μ≥-/TP≥60,60.24,-5.0,0.7,,60.0,91,83,50,33,60.24,-5.52,-22.15,11.11,-4.579,0.583,12
"[-199,-150]",HR≥50/EDG≥-5.0/CV≤0.7/μ≥0.0/TP≥-,63.2,-5.0,0.7,0.0,,138,125,79,46,63.2,0.63,-12.9,14.16,0.788,0.5,12
"[-199,-150]",HR≥50/EDG≥-5.0/CV≤0.7/μ≥0.0/TP≥50,63.2,-5.0,0.7,0.0,50.0,138,125,79,46,63.2,0.63,-12.9,14.16,0.788,0.5,12
"[-199,-150]",HR≥50/EDG≥-5.0/CV≤0.7/μ≥0.0/TP≥55,63.2,-5.0,0.7,0.0,55.0,138,125,79,46,63.2,0.63,-12.9,14.16,0.788,0.5,12
"[-199,-150]",HR≥50/EDG≥-5.0/CV≤0.7/μ≥0.0/TP≥60,60.24,-5.0,0.7,0.0,60.0,91,83,50,33,60.24,-5.52,-22.15,11.11,-4.579,0.583,12
"[-199,-150]",HR≥50/EDG≥-5.0/CV≤0.7/μ≥0.5/TP≥-,63.01,-5.0,0.7,0.5,,81,73,46,27,63.01,0.21,-17.54,17.96,0.153,0.5,10
"[-199,-150]",HR≥50/EDG≥-5.0/CV≤0.7/μ≥0.5/TP≥50,63.01,-5.0,0.7,0.5,50.0,81,73,46,27,63.01,0.21,-17.54,17.96,0.153,0.5,10
"[-199,-150]",HR≥50/EDG≥-5.0/CV≤0.7/μ≥0.5/TP≥55,63.01,-5.0,0.7,0.5,55.0,81,73,46,27,63.01,0.21,-17.54,17.96,0.153,0.5,10
"[-199,-150]",HR≥50/EDG≥-5.0/CV≤0.7/μ≥0.5/TP≥60,63.27,-5.0,0.7,0.5,60.0,55,49,31,18,63.27,-0.67,-22.1,20.76,-0.327,0.5,8
"[-199,-150]",HR≥50/EDG≥-5.0/CV≤0.6/μ≥-/TP≥-,57.5,-5.0,0.6,,,44,40,23,17,57.5,-8.36,-33.12,16.4,-3.344,0.556,9
"[-199,-150]",HR≥50/EDG≥-5.0/CV≤0.6/μ≥-/TP≥50,57.5,-5.0,0.6,,50.0,44,40,23,17,57.5,-8.36,-33.12,16.4,-3.344,0.556,9
"[-199,-150]",HR≥50/EDG≥-5.0/CV≤0.6/μ≥-/TP≥55,57.5,-5.0,0.6,,55.0,44,40,23,17,57.5,-8.36,-33.12,16.4,-3.344,0.556,9
"[-199,-150]",HR≥50/EDG≥-5.0/CV≤0.6/μ≥0.0/TP≥-,57.5,-5.0,0.6,0.0,,44,40,23,17,57.5,-8.36,-33.12,16.4,-3.344,0.556,9
"[-199,-150]",HR≥50/EDG≥-5.0/CV≤0.6/μ≥0.0/TP≥50,57.5,-5.0,0.6,0.0,50.0,44,40,23,17,57.5,-8.36,-33.12,16.4,-3.344,0.556,9
"[-199,-150]",HR≥50/EDG≥-5.0/CV≤0.6/μ≥0.0/TP≥55,57.5,-5.0,0.6,0.0,55.0,44,40,23,17,57.5,-8.36,-33.12,16.4,-3.344,0.556,9
"[-199,-150]",HR≥50/EDG≥-5.0/CV≤0.6/μ≥0.5/TP≥-,53.12,-5.0,0.6,0.5,,36,32,17,15,53.12,-15.15,-43.24,12.95,-4.846,0.5,8
"[-199,-150]",HR≥50/EDG≥-5.0/CV≤0.6/μ≥0.5/TP≥50,53.12,-5.0,0.6,0.5,50.0,36,32,17,15,53.12,-15.15,-43.24,12.95,-4.846,0.5,8
"[-199,-150]",HR≥50/EDG≥-5.0/CV≤0.6/μ≥0.5/TP≥55,53.12,-5.0,0.6,0.5,55.0,36,32,17,15,53.12,-15.15,-43.24,12.95,-4.846,0.5,8
"[-199,-150]",HR≥50/EDG≥0.0/CV≤-/μ≥-/TP≥-,61.71,0.0,,,,601,504,311,193,61.71,-1.66,-8.44,5.12,-8.359,0.385,13
"[-199,-150]",HR≥50/EDG≥0.0/CV≤-/μ≥-/TP≥50,61.71,0.0,,,50.0,601,504,311,193,61.71,-1.66,-8.44,5.12,-8.359,0.385,13
"[-199,-150]",HR≥50/EDG≥0.0/CV≤-/μ≥-/TP≥55,61.71,0.0,,,55.0,601,504,311,193,61.71,-1.66,-8.44,5.12,-8.359,0.385,13
"[-199,-150]",HR≥50/EDG≥0.0/CV≤-/μ≥-/TP≥60,63.03,0.0,,,60.0,344,284,179,105,63.03,-1.51,-10.31,7.29,-4.289,0.385,13
"[-199,-150]",HR≥50/EDG≥0.0/CV≤-/μ≥0.0/TP≥-,61.71,0.0,,0.0,,601,504,311,193,61.71,-1.66,-8.44,5.12,-8.359,0.385,13
"[-199,-150]",HR≥50/EDG≥0.0/CV≤-/μ≥0.0/TP≥50,61.71,0.0,,0.0,50.0,601,504,311,193,61.71,-1.66,-8.44,5.12,-8.359,0.385,13
"[-199,-150]",HR≥50/EDG≥0.0/CV≤-/μ≥0.0/TP≥55,61.71,0.0,,0.0,55.0,601,504,311,193,61.71,-1.66,-8.44,5.12,-8.359,0.385,13
"[-199,-150]",HR≥50/EDG≥0.0/CV≤-/μ≥0.0/TP≥60,63.03,0.0,,0.0,60.0,344,284,179,105,63.03,-1.51,-10.31,7.29,-4.289,0.385,13
"[-199,-150]",HR≥50/EDG≥0.0/CV≤-/μ≥0.5/TP≥-,66.01,0.0,,0.5,,350,303,200,103,66.01,4.72,-3.77,13.21,14.296,0.692,13
"[-199,-150]",HR≥50/EDG≥0.0/CV≤-/μ≥0.5/TP≥50,66.01,0.0,,0.5,50.0,350,303,200,103,66.01,4.72,-3.77,13.21,14.296,0.692,13
"[-199,-150]",HR≥50/EDG≥0.0/CV≤-/μ≥0.5/TP≥55,66.01,0.0,,0.5,55.0,350,303,200,103,66.01,4.72,-3.77,13.21,14.296,0.692,13
"[-199,-150]",HR≥50/EDG≥0.0/CV≤-/μ≥0.5/TP≥60,68.62,0.0,,0.5,60.0,219,188,129,59,68.62,7.1,-3.29,17.49,13.354,0.692,13
"[-199,-150]",HR≥50/EDG≥0.0/CV≤-/μ≥1.0/TP≥-,75.0,0.0,,1.0,,86,72,54,18,75.0,19.02,3.01,35.03,13.693,0.889,9
"[-199,-150]",HR≥50/EDG≥0.0/CV≤-/μ≥1.0/TP≥50,75.0,0.0,,1.0,50.0,86,72,54,18,75.0,19.02,3.01,35.03,13.693,0.889,9
"[-199,-150]",HR≥50/EDG≥0.0/CV≤-/μ≥1.0/TP≥55,75.0,0.0,,1.0,55.0,86,72,54,18,75.0,19.02,3.01,35.03,13.693,0.889,9
"[-199,-150]",HR≥50/EDG≥0.0/CV≤-/μ≥1.0/TP≥60,78.0,0.0,,1.0,60.0,62,50,39,11,78.0,22.47,4.24,40.71,11.236,0.75,8
"[-199,-150]",HR≥50/EDG≥0.0/CV≤0.7/μ≥-/TP≥-,66.06,0.0,0.7,,,120,109,72,37,66.06,5.26,-8.99,19.51,5.731,0.583,12
"[-199,-150]",HR≥50/EDG≥0.0/CV≤0.7/μ≥-/TP≥50,66.06,0.0,0.7,,50.0,120,109,72,37,66.06,5.26,-8.99,19.51,5.731,0.583,12
"[-199,-150]",HR≥50/EDG≥0.0/CV≤0.7/μ≥-/TP≥55,66.06,0.0,0.7,,55.0,120,109,72,37,66.06,5.26,-8.99,19.51,5.731,0.583,12
"[-199,-150]",HR≥50/EDG≥0.0/CV≤0.7/μ≥-/TP≥60,65.22,0.0,0.7,,60.0,76,69,45,24,65.22,2.37,-15.42,20.16,1.637,0.667,12
"[-199,-150]",HR≥50/EDG≥0.0/CV≤0.7/μ≥0.0/TP≥-,66.06,0.0,0.7,0.0,,120,109,72,37,66.06,5.26,-8.99,19.51,5.731,0.583,12
"[-199,-150]",HR≥50/EDG≥0.0/CV≤0.7/μ≥0.0/TP≥50,66.06,0.0,0.7,0.0,50.0,120,109,72,37,66.06,5.26,-8.99,19.51,5.731,0.583,12
"[-199,-150]",HR≥50/EDG≥0.0/CV≤0.7/μ≥0.0/TP≥55,66.06,0.0,0.7,0.0,55.0,120,109,72,37,66.06,5.26,-8.99,19.51,5.731,0.583,12
"[-199,-150]",HR≥50/EDG≥0.0/CV≤0.7/μ≥0.0/TP≥60,65.22,0.0,0.7,0.0,60.0,76,69,45,24,65.22,2.37,-15.42,20.16,1.637,0.667,12
"[-199,-150]",HR≥50/EDG≥0.0/CV≤0.7/μ≥0.5/TP≥-,63.01,0.0,0.7,0.5,,81,73,46,27,63.01,0.21,-17.54,17.96,0.153,0.5,10
"[-199,-150]",HR≥50/EDG≥0.0/CV≤0.7/μ≥0.5/TP≥50,63.01,0.0,0.7,0.5,50.0,81,73,46,27,63.01,0.21,-17.54,17.96,0.153,0.5,10
"[-199,-150]",HR≥50/EDG≥0.0/CV≤0.7/μ≥0.5/TP≥55,63.01,0.0,0.7,0.5,55.0,81,73,46,27,63.01,0.21,-17.54,17.96,0.153,0.5,10
"[-199,-150]",HR≥50/EDG≥0.0/CV≤0.7/μ≥0.5/TP≥60,63.27,0.0,0.7,0.5,60.0,55,49,31,18,63.27,-0.67,-22.1,20.76,-0.327,0.5,8
"[-199,-150]",HR≥50/EDG≥0.0/CV≤0.6/μ≥-/TP≥-,57.5,0.0,0.6,,,44,40,23,17,57.5,-8.36,-33.12,16.4,-3.344,0.556,9
"[-199,-150]",HR≥50/EDG≥0.0/CV≤0.6/μ≥-/TP≥50,57.5,0.0,0.6,,50.0,44,40,23,17,57.5,-8.36,-33.12,16.4,-3.344,0.556,9
"[-199,-150]",HR≥50/EDG≥0.0/CV≤0.6/μ≥-/TP≥55,57.5,0.0,0.6,,55.0,44,40,23,17,57.5,-8.36,-33.12,16.4,-3.344,0.556,9
"[-199,-150]",HR≥50/EDG≥0.0/CV≤0.6/μ≥0.0/TP≥-,57.5,0.0,0.6,0.0,,44,40,23,17,57.5,-8.36,-33.12,16.4,-3.344,0.556,9
"[-199,-150]",HR≥50/EDG≥0.0/CV≤0.6/μ≥0.0/TP≥50,57.5,0.0,0.6,0.0,50.0,44,40,23,17,57.5,-8.36,-33.12,16.4,-3.344,0.556,9
"[-199,-150]",HR≥50/EDG≥0.0/CV≤0.6/μ≥0.0/TP≥55,57.5,0.0,0.6,0.0,55.0,44,40,23,17,57.5,-8.36,-33.12,16.4,-3.344,0.556,9
"[-199,-150]",HR≥50/EDG≥0.0/CV≤0.6/μ≥0.5/TP≥-,53.12,0.0,0.6,0.5,,36,32,17,15,53.12,-15.15,-43.24,12.95,-4.846,0.5,8
"[-199,-150]",HR≥50/EDG≥0.0/CV≤0.6/μ≥0.5/TP≥50,53.12,0.0,0.6,0.5,50.0,36,32,17,15,53.12,-15.15,-43.24,12.95,-4.846,0.5,8
"[-199,-150]",HR≥50/EDG≥0.0/CV≤0.6/μ≥0.5/TP≥55,53.12,0.0,0.6,0.5,55.0,36,32,17,15,53.12,-15.15,-43.24,12.95,-4.846,0.5,8
"[-199,-150]",HR≥50/EDG≥5.0/CV≤-/μ≥-/TP≥-,63.75,5.0,,,,466,400,255,145,63.75,1.53,-5.99,9.05,6.124,0.538,13
"[-199,-150]",HR≥50/EDG≥5.0/CV≤-/μ≥-/TP≥50,63.75,5.0,,,50.0,466,400,255,145,63.75,1.53,-5.99,9.05,6.124,0.538,13
"[-199,-150]",HR≥50/EDG≥5.0/CV≤-/μ≥-/TP≥55,63.75,5.0,,,55.0,466,400,255,145,63.75,1.53,-5.99,9.05,6.124,0.538,13
"[-199,-150]",HR≥50/EDG≥5.0/CV≤-/μ≥-/TP≥60,64.94,5.0,,,60.0,273,231,150,81,64.94,1.45,-8.19,11.09,3.346,0.615,13
"[-199,-150]",HR≥50/EDG≥5.0/CV≤-/μ≥0.0/TP≥-,63.75,5.0,,0.0,,466,400,255,145,63.75,1.53,-5.99,9.05,6.124,0.538,13
"[-199,-150]",HR≥50/EDG≥5.0/CV≤-/μ≥0.0/TP≥50,63.75,5.0,,0.0,50.0,466,400,255,145,63.75,1.53,-5.99,9.05,6.124,0.538,13
"[-199,-150]",HR≥50/EDG≥5.0/CV≤-/μ≥0.0/TP≥55,63.75,5.0,,0.0,55.0,466,400,255,145,63.75,1.53,-5.99,9.05,6.124,0.538,13
"[-199,-150]",HR≥50/EDG≥5.0/CV≤-/μ≥0.0/TP≥60,64.94,5.0,,0.0,60.0,273,231,150,81,64.94,1.45,-8.19,11.09,3.346,0.615,13
"[-199,-150]",HR≥50/EDG≥5.0/CV≤-/μ≥0.5/TP≥-,65.86,5.0,,0.5,,337,290,191,99,65.86,4.57,-4.12,13.26,13.261,0.769,13
"[-199,-150]",HR≥50/EDG≥5.0/CV≤-/μ≥0.5/TP≥50,65.86,5.0,,0.5,50.0,337,290,191,99,65.86,4.57,-4.12,13.26,13.261,0.769,13
"[-199,-150]",HR≥50/EDG≥5.0/CV≤-/μ≥0.5/TP≥55,65.86,5.0,,0.5,55.0,337,290,191,99,65.86,4.57,-4.12,13.26,13.261,0.769,13
"[-199,-150]",HR≥50/EDG≥5.0/CV≤-/μ≥0.5/TP≥60,68.54,5.0,,0.5,60.0,209,178,122,56,68.54,7.04,-3.65,17.73,12.531,0.538,13
"[-199,-150]",HR≥50/EDG≥5.0/CV≤-/μ≥1.0/TP≥-,75.0,5.0,,1.0,,86,72,54,18,75.0,19.02,3.01,35.03,13.693,0.889,9
"[-199,-150]",HR≥50/EDG≥5.0/CV≤-/μ≥1.0/TP≥50,75.0,5.0,,1.0,50.0,86,72,54,18,75.0,19.02,3.01,35.03,13.693,0.889,9
"[-199,-150]",HR≥50/EDG≥5.0/CV≤-/μ≥1.0/TP≥55,75.0,5.0,,1.0,55.0,86,72,54,18,75.0,19.02,3.01,35.03,13.693,0.889,9
"[-199,-150]",HR≥50/EDG≥5.0/CV≤-/μ≥1.0/TP≥60,78.0,5.0,,1.0,60.0,62,50,39,11,78.0,22.47,4.24,40.71,11.236,0.75,8
"[-199,-150]",HR≥50/EDG≥5.0/CV≤0.7/μ≥-/TP≥-,66.02,5.0,0.7,,,114,103,68,35,66.02,5.11,-9.54,19.77,5.268,0.583,12
"[-199,-150]",HR≥50/EDG≥5.0/CV≤0.7/μ≥-/TP≥50,66.02,5.0,0.7,,50.0,114,103,68,35,66.02,5.11,-9.54,19.77,5.268,0.583,12
"[-199,-150]",HR≥50/EDG≥5.0/CV≤0.7/μ≥-/TP≥55,66.02,5.0,0.7,,55.0,114,103,68,35,66.02,5.11,-9.54,19.77,5.268,0.583,12
"[-199,-150]",HR≥50/EDG≥5.0/CV≤0.7/μ≥-/TP≥60,65.15,5.0,0.7,,60.0,73,66,43,23,65.15,2.22,-15.97,20.41,1.465,0.667,12
"[-199,-150]",HR≥50/EDG≥5.0/CV≤0.7/μ≥0.0/TP≥-,66.02,5.0,0.7,0.0,,114,103,68,35,66.02,5.11,-9.54,19.77,5.268,0.583,12
"[-199,-150]",HR≥50/EDG≥5.0/CV≤0.7/μ≥0.0/TP≥50,66.02,5.0,0.7,0.0,50.0,114,103,68,35,66.02,5.11,-9.54,19.77,5.268,0.583,12
"[-199,-150]",HR≥50/EDG≥5.0/CV≤0.7/μ≥0.0/TP≥55,66.02,5.0,0.7,0.0,55.0,114,103,68,35,66.02,5.11,-9.54,19.77,5.268,0.583,12
"[-199,-150]",HR≥50/EDG≥5.0/CV≤0.7/μ≥0.0/TP≥60,65.15,5.0,0.7,0.0,60.0,73,66,43,23,65.15,2.22,-15.97,20.41,1.465,0.667,12
"[-199,-150]",HR≥50/EDG≥5.0/CV≤0.7/μ≥0.5/TP≥-,63.01,5.0,0.7,0.5,,81,73,46,27,63.01,0.21,-17.54,17.96,0.153,0.5,10
"[-199,-150]",HR≥50/EDG≥5.0/CV≤0.7/μ≥0.5/TP≥50,63.01,5.0,0.7,0.5,50.0,81,73,46,27,63.01,0.21,-17.54,17.96,0.153,0.5,10
"[-199,-150]",HR≥50/EDG≥5.0/CV≤0.7/μ≥0.5/TP≥55,63.01,5.0,0.7,0.5,55.0,81,73,46,27,63.01,0.21,-17.54,17.96,0.153,0.5,10
"[-199,-150]",HR≥50/EDG≥5.0/CV≤0.7/μ≥0.5/TP≥60,63.27,5.0,0.7,0.5,60.0,55,49,31,18,63.27,-0.67,-22.1,20.76,-0.327,0.5,8
"[-199,-150]",HR≥50/EDG≥5.0/CV≤0.6/μ≥-/TP≥-,58.97,5.0,0.6,,,43,39,23,16,58.97,-6.01,-30.97,18.95,-2.344,0.556,9
"[-199,-150]",HR≥50/EDG≥5.0/CV≤0.6/μ≥-/TP≥50,58.97,5.0,0.6,,50.0,43,39,23,16,58.97,-6.01,-30.97,18.95,-2.344,0.556,9
"[-199,-150]",HR≥50/EDG≥5.0/CV≤0.6/μ≥-/TP≥55,58.97,5.0,0.6,,55.0,43,39,23,16,58.97,-6.01,-30.97,18.95,-2.344,0.556,9
"[-199,-150]",HR≥50/EDG≥5.0/CV≤0.6/μ≥0.0/TP≥-,58.97,5.0,0.6,0.0,,43,39,23,16,58.97,-6.01,-30.97,18.95,-2.344,0.556,9
"[-199,-150]",HR≥50/EDG≥5.0/CV≤0.6/μ≥0.0/TP≥50,58.97,5.0,0.6,0.0,50.0,43,39,23,16,58.97,-6.01,-30.97,18.95,-2.344,0.556,9
"[-199,-150]",HR≥50/EDG≥5.0/CV≤0.6/μ≥0.0/TP≥55,58.97,5.0,0.6,0.0,55.0,43,39,23,16,58.97,-6.01,-30.97,18.95,-2.344,0.556,9
"[-199,-150]",HR≥50/EDG≥5.0/CV≤0.6/μ≥0.5/TP≥-,53.12,5.0,0.6,0.5,,36,32,17,15,53.12,-15.15,-43.24,12.95,-4.846,0.5,8
"[-199,-150]",HR≥50/EDG≥5.0/CV≤0.6/μ≥0.5/TP≥50,53.12,5.0,0.6,0.5,50.0,36,32,17,15,53.12,-15.15,-43.24,12.95,-4.846,0.5,8
"[-199,-150]",HR≥50/EDG≥5.0/CV≤0.6/μ≥0.5/TP≥55,53.12,5.0,0.6,0.5,55.0,36,32,17,15,53.12,-15.15,-43.24,12.95,-4.846,0.5,8
"[-199,-150]",HR≥50/EDG≥10.0/CV≤-/μ≥-/TP≥-,65.68,10.0,,,,349,303,199,104,65.68,4.48,-4.05,13.01,13.56,0.692,13
"[-199,-150]",HR≥50/EDG≥10.0/CV≤-/μ≥-/TP≥50,65.68,10.0,,,50.0,349,303,199,104,65.68,4.48,-4.05,13.01,13.56,0.692,13
"[-199,-150]",HR≥50/EDG≥10.0/CV≤-/μ≥-/TP≥55,65.68,10.0,,,55.0,349,303,199,104,65.68,4.48,-4.05,13.01,13.56,0.692,13
"[-199,-150]",HR≥50/EDG≥10.0/CV≤-/μ≥-/TP≥60,68.33,10.0,,,60.0,209,180,123,57,68.33,6.8,-3.86,17.46,12.244,0.615,13
"[-199,-150]",HR≥50/EDG≥10.0/CV≤-/μ≥0.0/TP≥-,65.68,10.0,,0.0,,349,303,199,104,65.68,4.48,-4.05,13.01,13.56,0.692,13
"[-199,-150]",HR≥50/EDG≥10.0/CV≤-/μ≥0.0/TP≥50,65.68,10.0,,0.0,50.0,349,303,199,104,65.68,4.48,-4.05,13.01,13.56,0.692,13
"[-199,-150]",HR≥50/EDG≥10.0/CV≤-/μ≥0.0/TP≥55,65.68,10.0,,0.0,55.0,349,303,199,104,65.68,4.48,-4.05,13.01,13.56,0.692,13
"[-199,-150]",HR≥50/EDG≥10.0/CV≤-/μ≥0.0/TP≥60,68.33,10.0,,0.0,60.0,209,180,123,57,68.33,6.8,-3.86,17.46,12.244,0.615,13
"[-199,-150]",HR≥50/EDG≥10.0/CV≤-/μ≥0.5/TP≥-,67.06,10.0,,0.5,,297,255,171,84,67.06,6.47,-2.72,15.66,16.504,0.692,13
"[-199,-150]",HR≥50/EDG≥10.0/CV≤-/μ≥0.5/TP≥50,67.06,10.0,,0.5,50.0,297,255,171,84,67.06,6.47,-2.72,15.66,16.504,0.692,13
"[-199,-150]",HR≥50/EDG≥10.0/CV≤-/μ≥0.5/TP≥55,67.06,10.0,,0.5,55.0,297,255,171,84,67.06,6.47,-2.72,15.66,16.504,0.692,13
"[-199,-150]",HR≥50/EDG≥10.0/CV≤-/μ≥0.5/TP≥60,69.23,10.0,,0.5,60.0,183,156,108,48,69.23,8.09,-3.26,19.45,12.627,0.583,12
"[-199,-150]",HR≥50/EDG≥10.0/CV≤-/μ≥1.0/TP≥-,74.65,10.0,,1.0,,85,71,53,18,74.65,18.56,2.35,34.77,13.18,0.778,9
"[-199,-150]",HR≥50/EDG≥10.0/CV≤-/μ≥1.0/TP≥50,74.65,10.0,,1.0,50.0,85,71,53,18,74.65,18.56,2.35,34.77,13.18,0.778,9
"[-199,-150]",HR≥50/EDG≥10.0/CV≤-/μ≥1.0/TP≥55,74.65,10.0,,1.0,55.0,85,71,53,18,74.65,18.56,2.35,34.77,13.18,0.778,9
"[-199,-150]",HR≥50/EDG≥10.0/CV≤-/μ≥1.0/TP≥60,77.55,10.0,,1.0,60.0,61,49,38,11,77.55,21.88,3.31,40.46,10.723,0.75,8
"[-199,-150]",HR≥50/EDG≥10.0/CV≤0.7/μ≥-/TP≥-,64.84,10.0,0.7,,,100,91,59,32,64.84,3.46,-12.3,19.22,3.149,0.667,12
"[-199,-150]",HR≥50/EDG≥10.0/CV≤0.7/μ≥-/TP≥50,64.84,10.0,0.7,,50.0,100,91,59,32,64.84,3.46,-12.3,19.22,3.149,0.667,12
"[-199,-150]",HR≥50/EDG≥10.0/CV≤0.7/μ≥-/TP≥55,64.84,10.0,0.7,,55.0,100,91,59,32,64.84,3.46,-12.3,19.22,3.149,0.667,12
"[-199,-150]",HR≥50/EDG≥10.0/CV≤0.7/μ≥-/TP≥60,64.41,10.0,0.7,,60.0,66,59,38,21,64.41,1.41,-18.01,20.83,0.833,0.636,11
"[-199,-150]",HR≥50/EDG≥10.0/CV≤0.7/μ≥0.0/TP≥-,64.84,10.0,0.7,0.0,,100,91,59,32,64.84,3.46,-12.3,19.22,3.149,0.667,12
"[-199,-150]",HR≥50/EDG≥10.0/CV≤0.7/μ≥0.0/TP≥50,64.84,10.0,0.7,0.0,50.0,100,91,59,32,64.84,3.46,-12.3,19.22,3.149,0.667,12
"[-199,-150]",HR≥50/EDG≥10.0/CV≤0.7/μ≥0.0/TP≥55,64.84,10.0,0.7,0.0,55.0,100,91,59,32,64.84,3.46,-12.3,19.22,3.149,0.667,12
"[-199,-150]",HR≥50/EDG≥10.0/CV≤0.7/μ≥0.0/TP≥60,64.41,10.0,0.7,0.0,60.0,66,59,38,21,64.41,1.41,-18.01,20.83,0.833,0.636,11
"[-199,-150]",HR≥50/EDG≥10.0/CV≤0.7/μ≥0.5/TP≥-,63.01,10.0,0.7,0.5,,81,73,46,27,63.01,0.21,-17.54,17.96,0.153,0.5,10
"[-199,-150]",HR≥50/EDG≥10.0/CV≤0.7/μ≥0.5/TP≥50,63.01,10.0,0.7,0.5,50.0,81,73,46,27,63.01,0.21,-17.54,17.96,0.153,0.5,10
"[-199,-150]",HR≥50/EDG≥10.0/CV≤0.7/μ≥0.5/TP≥55,63.01,10.0,0.7,0.5,55.0,81,73,46,27,63.01,0.21,-17.54,17.96,0.153,0.5,10
"[-199,-150]",HR≥50/EDG≥10.0/CV≤0.7/μ≥0.5/TP≥60,63.27,10.0,0.7,0.5,60.0,55,49,31,18,63.27,-0.67,-22.1,20.76,-0.327,0.5,8
"[-199,-150]",HR≥50/EDG≥10.0/CV≤0.6/μ≥-/TP≥-,57.89,10.0,0.6,,,42,38,22,16,57.89,-7.52,-32.97,17.93,-2.857,0.556,9
"[-199,-150]",HR≥50/EDG≥10.0/CV≤0.6/μ≥-/TP≥50,57.89,10.0,0.6,,50.0,42,38,22,16,57.89,-7.52,-32.97,17.93,-2.857,0.556,9
"[-199,-150]",HR≥50/EDG≥10.0/CV≤0.6/μ≥-/TP≥55,57.89,10.0,0.6,,55.0,42,38,22,16,57.89,-7.52,-32.97,17.93,-2.857,0.556,9
"[-199,-150]",HR≥50/EDG≥10.0/CV≤0.6/μ≥0.0/TP≥-,57.89,10.0,0.6,0.0,,42,38,22,16,57.89,-7.52,-32.97,17.93,-2.857,0.556,9
"[-199,-150]",HR≥50/EDG≥10.0/CV≤0.6/μ≥0.0/TP≥50,57.89,10.0,0.6,0.0,50.0,42,38,22,16,57.89,-7.52,-32.97,17.93,-2.857,0.556,9
"[-199,-150]",HR≥50/EDG≥10.0/CV≤0.6/μ≥0.0/TP≥55,57.89,10.0,0.6,0.0,55.0,42,38,22,16,57.89,-7.52,-32.97,17.93,-2.857,0.556,9
"[-199,-150]",HR≥50/EDG≥10.0/CV≤0.6/μ≥0.5/TP≥-,53.12,10.0,0.6,0.5,,36,32,17,15,53.12,-15.15,-43.24,12.95,-4.846,0.5,8
"[-199,-150]",HR≥50/EDG≥10.0/CV≤0.6/μ≥0.5/TP≥50,53.12,10.0,0.6,0.5,50.0,36,32,17,15,53.12,-15.15,-43.24,12.95,-4.846,0.5,8
"[-199,-150]",HR≥50/EDG≥10.0/CV≤0.6/μ≥0.5/TP≥55,53.12,10.0,0.6,0.5,55.0,36,32,17,15,53.12,-15.15,-43.24,12.95,-4.846,0.5,8
"[-199,-150]",HR≥55/EDG≥-/CV≤-/μ≥-/TP≥-,59.17,,,,,794,671,397,274,59.17,-5.94,-11.87,-0.02,-39.875,0.385,13
"[-199,-150]",HR≥55/EDG≥-/CV≤-/μ≥-/TP≥50,59.17,,,,50.0,794,671,397,274,59.17,-5.94,-11.87,-0.02,-39.875,0.385,13
"[-199,-150]",HR≥55/EDG≥-/CV≤-/μ≥-/TP≥55,59.04,,,,55.0,791,669,395,274,59.04,-6.13,-12.07,-0.2,-41.021,0.385,13
"[-199,-150]",HR≥55/EDG≥-/CV≤-/μ≥-/TP≥60,58.56,,,,60.0,479,403,236,167,58.56,-8.62,-16.14,-1.1,-34.733,0.231,13
"[-199,-150]",HR≥55/EDG≥-/CV≤-/μ≥0.0/TP≥-,59.32,,,0.0,,769,649,385,264,59.32,-5.69,-11.71,0.33,-36.917,0.385,13
"[-199,-150]",HR≥55/EDG≥-/CV≤-/μ≥0.0/TP≥50,59.32,,,0.0,50.0,769,649,385,264,59.32,-5.69,-11.71,0.33,-36.917,0.385,13
"[-199,-150]",HR≥55/EDG≥-/CV≤-/μ≥0.0/TP≥55,59.2,,,0.0,55.0,766,647,383,264,59.2,-5.88,-11.92,0.15,-38.063,0.385,13
"[-199,-150]",HR≥55/EDG≥-/CV≤-/μ≥0.0/TP≥60,58.42,,,0.0,60.0,466,392,229,163,58.42,-8.83,-16.46,-1.2,-34.596,0.308,13
"[-199,-150]",HR≥55/EDG≥-/CV≤-/μ≥0.5/TP≥-,65.48,,,0.5,,325,281,184,97,65.48,3.95,-4.9,12.81,11.112,0.615,13
"[-199,-150]",HR≥55/EDG≥-/CV≤-/μ≥0.5/TP≥50,65.48,,,0.5,50.0,325,281,184,97,65.48,3.95,-4.9,12.81,11.112,0.615,13
"[-199,-150]",HR≥55/EDG≥-/CV≤-/μ≥0.5/TP≥55,65.48,,,0.5,55.0,325,281,184,97,65.48,3.95,-4.9,12.81,11.112,0.615,13
"[-199,-150]",HR≥55/EDG≥-/CV≤-/μ≥0.5/TP≥60,67.63,,,0.5,60.0,202,173,117,56,67.63,5.63,-5.3,16.56,9.734,0.692,13
"[-199,-150]",HR≥55/EDG≥-/CV≤-/μ≥1.0/TP≥-,74.29,,,1.0,,83,70,52,18,74.29,17.79,1.42,34.17,12.454,0.889,9
"[-199,-150]",HR≥55/EDG≥-/CV≤-/μ≥1.0/TP≥50,74.29,,,1.0,50.0,83,70,52,18,74.29,17.79,1.42,34.17,12.454,0.889,9
"[-199,-150]",HR≥55/EDG≥-/CV≤-/μ≥1.0/TP≥55,74.29,,,1.0,55.0,83,70,52,18,74.29,17.79,1.42,34.17,12.454,0.889,9
"[-199,-150]",HR≥55/EDG≥-/CV≤-/μ≥1.0/TP≥60,77.55,,,1.0,60.0,60,49,38,11,77.55,21.76,3.21,40.32,10.664,0.75,8
"[-199,-150]",HR≥55/EDG≥-/CV≤0.7/μ≥-/TP≥-,63.36,,0.7,,,146,131,83,48,63.36,0.88,-12.32,14.09,1.156,0.5,12
"[-199,-150]",HR≥55/EDG≥-/CV≤0.7/μ≥-/TP≥50,63.36,,0.7,,50.0,146,131,83,48,63.36,0.88,-12.32,14.09,1.156,0.5,12
"[-199,-150]",HR≥55/EDG≥-/CV≤0.7/μ≥-/TP≥55,63.36,,0.7,,55.0,146,131,83,48,63.36,0.88,-12.32,14.09,1.156,0.5,12
"[-199,-150]",HR≥55/EDG≥-/CV≤0.7/μ≥-/TP≥60,60.47,,0.7,,60.0,96,86,52,34,60.47,-5.21,-21.52,11.1,-4.481,0.583,12
"[-199,-150]",HR≥55/EDG≥-/CV≤0.7/μ≥0.0/TP≥-,62.79,,0.7,0.0,,143,129,81,48,62.79,-0.05,-13.39,13.3,-0.06,0.5,12
"[-199,-150]",HR≥55/EDG≥-/CV≤0.7/μ≥0.0/TP≥50,62.79,,0.7,0.0,50.0,143,129,81,48,62.79,-0.05,-13.39,13.3,-0.06,0.5,12
"[-199,-150]",HR≥55/EDG≥-/CV≤0.7/μ≥0.0/TP≥55,62.79,,0.7,0.0,55.0,143,129,81,48,62.79,-0.05,-13.39,13.3,-0.06,0.5,12
"[-199,-150]",HR≥55/EDG≥-/CV≤0.7/μ≥0.0/TP≥60,60.0,,0.7,0.0,60.0,94,85,51,34,60.0,-5.94,-22.38,10.49,-5.052,0.5,12
"[-199,-150]",HR≥55/EDG≥-/CV≤0.7/μ≥0.5/TP≥-,63.01,,0.7,0.5,,81,73,46,27,63.01,0.21,-17.54,17.96,0.153,0.5,10
"[-199,-150]",HR≥55/EDG≥-/CV≤0.7/μ≥0.5/TP≥50,63.01,,0.7,0.5,50.0,81,73,46,27,63.01,0.21,-17.54,17.96,0.153,0.5,10
"[-199,-150]",HR≥55/EDG≥-/CV≤0.7/μ≥0.5/TP≥55,63.01,,0.7,0.5,55.0,81,73,46,27,63.01,0.21,-17.54,17.96,0.153,0.5,10
"[-199,-150]",HR≥55/EDG≥-/CV≤0.7/μ≥0.5/TP≥60,63.27,,0.7,0.5,60.0,55,49,31,18,63.27,-0.67,-22.1,20.76,-0.327,0.5,8
"[-199,-150]",HR≥55/EDG≥-/CV≤0.6/μ≥-/TP≥-,54.76,,0.6,,,46,42,23,19,54.76,-12.72,-37.04,11.59,-5.344,0.444,9
"[-199,-150]",HR≥55/EDG≥-/CV≤0.6/μ≥-/TP≥50,54.76,,0.6,,50.0,46,42,23,19,54.76,-12.72,-37.04,11.59,-5.344,0.444,9
"[-199,-150]",HR≥55/EDG≥-/CV≤0.6/μ≥-/TP≥55,54.76,,0.6,,55.0,46,42,23,19,54.76,-12.72,-37.04,11.59,-5.344,0.444,9
"[-199,-150]",HR≥55/EDG≥-/CV≤0.6/μ≥0.0/TP≥-,54.76,,0.6,0.0,,46,42,23,19,54.76,-12.72,-37.04,11.59,-5.344,0.444,9
"[-199,-150]",HR≥55/EDG≥-/CV≤0.6/μ≥0.0/TP≥50,54.76,,0.6,0.0,50.0,46,42,23,19,54.76,-12.72,-37.04,11.59,-5.344,0.444,9
"[-199,-150]",HR≥55/EDG≥-/CV≤0.6/μ≥0.0/TP≥55,54.76,,0.6,0.0,55.0,46,42,23,19,54.76,-12.72,-37.04,11.59,-5.344,0.444,9
"[-199,-150]",HR≥55/EDG≥-/CV≤0.6/μ≥0.5/TP≥-,53.12,,0.6,0.5,,36,32,17,15,53.12,-15.15,-43.24,12.95,-4.846,0.5,8
"[-199,-150]",HR≥55/EDG≥-/CV≤0.6/μ≥0.5/TP≥50,53.12,,0.6,0.5,50.0,36,32,17,15,53.12,-15.15,-43.24,12.95,-4.846,0.5,8
"[-199,-150]",HR≥55/EDG≥-/CV≤0.6/μ≥0.5/TP≥55,53.12,,0.6,0.5,55.0,36,32,17,15,53.12,-15.15,-43.24,12.95,-4.846,0.5,8
"[-199,-150]",HR≥55/EDG≥-5.0/CV≤-/μ≥-/TP≥-,60.46,-5.0,,,,672,564,341,223,60.46,-3.72,-10.16,2.72,-20.991,0.462,13
"[-199,-150]",HR≥55/EDG≥-5.0/CV≤-/μ≥-/TP≥50,60.46,-5.0,,,50.0,672,564,341,223,60.46,-3.72,-10.16,2.72,-20.991,0.462,13
"[-199,-150]",HR≥55/EDG≥-5.0/CV≤-/μ≥-/TP≥55,60.46,-5.0,,,55.0,672,564,341,223,60.46,-3.72,-10.16,2.72,-20.991,0.462,13
"[-199,-150]",HR≥55/EDG≥-5.0/CV≤-/μ≥-/TP≥60,61.03,-5.0,,,60.0,398,331,202,129,61.03,-4.61,-12.84,3.62,-15.249,0.385,13
"[-199,-150]",HR≥55/EDG≥-5.0/CV≤-/μ≥0.0/TP≥-,60.46,-5.0,,0.0,,672,564,341,223,60.46,-3.72,-10.16,2.72,-20.991,0.462,13
"[-199,-150]",HR≥55/EDG≥-5.0/CV≤-/μ≥0.0/TP≥50,60.46,-5.0,,0.0,50.0,672,564,341,223,60.46,-3.72,-10.16,2.72,-20.991,0.462,13
"[-199,-150]",HR≥55/EDG≥-5.0/CV≤-/μ≥0.0/TP≥55,60.46,-5.0,,0.0,55.0,672,564,341,223,60.46,-3.72,-10.16,2.72,-20.991,0.462,13
"[-199,-150]",HR≥55/EDG≥-5.0/CV≤-/μ≥0.0/TP≥60,61.03,-5.0,,0.0,60.0,398,331,202,129,61.03,-4.61,-12.84,3.62,-15.249,0.385,13
"[-199,-150]",HR≥55/EDG≥-5.0/CV≤-/μ≥0.5/TP≥-,65.48,-5.0,,0.5,,325,281,184,97,65.48,3.95,-4.9,12.81,11.112,0.615,13
"[-199,-150]",HR≥55/EDG≥-5.0/CV≤-/μ≥0.5/TP≥50,65.48,-5.0,,0.5,50.0,325,281,184,97,65.48,3.95,-4.9,12.81,11.112,0.615,13
"[-199,-150]",HR≥55/EDG≥-5.0/CV≤-/μ≥0.5/TP≥55,65.48,-5.0,,0.5,55.0,325,281,184,97,65.48,3.95,-4.9,12.81,11.112,0.615,13
"[-199,-150]",HR≥55/EDG≥-5.0/CV≤-/μ≥0.5/TP≥60,67.63,-5.0,,0.5,60.0,202,173,117,56,67.63,5.63,-5.3,16.56,9.734,0.692,13
"[-199,-150]",HR≥55/EDG≥-5.0/CV≤-/μ≥1.0/TP≥-,74.29,-5.0,,1.0,,83,70,52,18,74.29,17.79,1.42,34.17,12.454,0.889,9
"[-199,-150]",HR≥55/EDG≥-5.0/CV≤-/μ≥1.0/TP≥50,74.29,-5.0,,1.0,50.0,83,70,52,18,74.29,17.79,1.42,34.17,12.454,0.889,9
"[-199,-150]",HR≥55/EDG≥-5.0/CV≤-/μ≥1.0/TP≥55,74.29,-5.0,,1.0,55.0,83,70,52,18,74.29,17.79,1.42,34.17,12.454,0.889,9
"[-199,-150]",HR≥55/EDG≥-5.0/CV≤-/μ≥1.0/TP≥60,77.55,-5.0,,1.0,60.0,60,49,38,11,77.55,21.76,3.21,40.32,10.664,0.75,8
"[-199,-150]",HR≥55/EDG≥-5.0/CV≤0.7/μ≥-/TP≥-,64.23,-5.0,0.7,,,136,123,79,44,64.23,2.27,-11.29,15.83,2.788,0.5,12
"[-199,-150]",HR≥55/EDG≥-5.0/CV≤0.7/μ≥-/TP≥50,64.23,-5.0,0.7,,50.0,136,123,79,44,64.23,2.27,-11.29,15.83,2.788,0.5,12
"[-199,-150]",HR≥55/EDG≥-5.0/CV≤0.7/μ≥-/TP≥55,64.23,-5.0,0.7,,55.0,136,123,79,44,64.23,2.27,-11.29,15.83,2.788,0.5,12
"[-199,-150]",HR≥55/EDG≥-5.0/CV≤0.7/μ≥-/TP≥60,61.73,-5.0,0.7,,60.0,89,81,50,31,61.73,-3.18,-19.9,13.54,-2.579,0.583,12
"[-199,-150]",HR≥55/EDG≥-5.0/CV≤0.7/μ≥0.0/TP≥-,64.23,-5.0,0.7,0.0,,136,123,79,44,64.23,2.27,-11.29,15.83,2.788,0.5,12
"[-199,-150]",HR≥55/EDG≥-5.0/CV≤0.7/μ≥0.0/TP≥50,64.23,-5.0,0.7,0.0,50.0,136,123,79,44,64.23,2.27,-11.29,15.83,2.788,0.5,12
"[-199,-150]",HR≥55/EDG≥-5.0/CV≤0.7/μ≥0.0/TP≥55,64.23,-5.0,0.7,0.0,55.0,136,123,79,44,64.23,2.27,-11.29,15.83,2.788,0.5,12
"[-199,-150]",HR≥55/EDG≥-5.0/CV≤0.7/μ≥0.0/TP≥60,61.73,-5.0,0.7,0.0,60.0,89,81,50,31,61.73,-3.18,-19.9,13.54,-2.579,0.583,12
"[-199,-150]",HR≥55/EDG≥-5.0/CV≤0.7/μ≥0.5/TP≥-,63.01,-5.0,0.7,0.5,,81,73,46,27,63.01,0.21,-17.54,17.96,0.153,0.5,10
"[-199,-150]",HR≥55/EDG≥-5.0/CV≤0.7/μ≥0.5/TP≥50,63.01,-5.0,0.7,0.5,50.0,81,73,46,27,63.01,0.21,-17.54,17.96,0.153,0.5,10
"[-199,-150]",HR≥55/EDG≥-5.0/CV≤0.7/μ≥0.5/TP≥55,63.01,-5.0,0.7,0.5,55.0,81,73,46,27,63.01,0.21,-17.54,17.96,0.153,0.5,10
"[-199,-150]",HR≥55/EDG≥-5.0/CV≤0.7/μ≥0.5/TP≥60,63.27,-5.0,0.7,0.5,60.0,55,49,31,18,63.27,-0.67,-22.1,20.76,-0.327,0.5,8
"[-199,-150]",HR≥55/EDG≥-5.0/CV≤0.6/μ≥-/TP≥-,57.5,-5.0,0.6,,,44,40,23,17,57.5,-8.36,-33.12,16.4,-3.344,0.556,9
"[-199,-150]",HR≥55/EDG≥-5.0/CV≤0.6/μ≥-/TP≥50,57.5,-5.0,0.6,,50.0,44,40,23,17,57.5,-8.36,-33.12,16.4,-3.344,0.556,9
"[-199,-150]",HR≥55/EDG≥-5.0/CV≤0.6/μ≥-/TP≥55,57.5,-5.0,0.6,,55.0,44,40,23,17,57.5,-8.36,-33.12,16.4,-3.344,0.556,9
"[-199,-150]",HR≥55/EDG≥-5.0/CV≤0.6/μ≥0.0/TP≥-,57.5,-5.0,0.6,0.0,,44,40,23,17,57.5,-8.36,-33.12,16.4,-3.344,0.556,9
"[-199,-150]",HR≥55/EDG≥-5.0/CV≤0.6/μ≥0.0/TP≥50,57.5,-5.0,0.6,0.0,50.0,44,40,23,17,57.5,-8.36,-33.12,16.4,-3.344,0.556,9
"[-199,-150]",HR≥55/EDG≥-5.0/CV≤0.6/μ≥0.0/TP≥55,57.5,-5.0,0.6,0.0,55.0,44,40,23,17,57.5,-8.36,-33.12,16.4,-3.344,0.556,9
"[-199,-150]",HR≥55/EDG≥-5.0/CV≤0.6/μ≥0.5/TP≥-,53.12,-5.0,0.6,0.5,,36,32,17,15,53.12,-15.15,-43.24,12.95,-4.846,0.5,8
"[-199,-150]",HR≥55/EDG≥-5.0/CV≤0.6/μ≥0.5/TP≥50,53.12,-5.0,0.6,0.5,50.0,36,32,17,15,53.12,-15.15,-43.24,12.95,-4.846,0.5,8
"[-199,-150]",HR≥55/EDG≥-5.0/CV≤0.6/μ≥0.5/TP≥55,53.12,-5.0,0.6,0.5,55.0,36,32,17,15,53.12,-15.15,-43.24,12.95,-4.846,0.5,8
"[-199,-150]",HR≥55/EDG≥0.0/CV≤-/μ≥-/TP≥-,61.9,0.0,,,,552,462,286,176,61.9,-1.28,-8.36,5.8,-5.918,0.538,13
"[-199,-150]",HR≥55/EDG≥0.0/CV≤-/μ≥-/TP≥50,61.9,0.0,,,50.0,552,462,286,176,61.9,-1.28,-8.36,5.8,-5.918,0.538,13
"[-199,-150]",HR≥55/EDG≥0.0/CV≤-/μ≥-/TP≥55,61.9,0.0,,,55.0,552,462,286,176,61.9,-1.28,-8.36,5.8,-5.918,0.538,13
"[-199,-150]",HR≥55/EDG≥0.0/CV≤-/μ≥-/TP≥60,62.69,0.0,,,60.0,316,260,163,97,62.69,-1.97,-11.19,7.25,-5.119,0.385,13
"[-199,-150]",HR≥55/EDG≥0.0/CV≤-/μ≥0.0/TP≥-,61.9,0.0,,0.0,,552,462,286,176,61.9,-1.28,-8.36,5.8,-5.918,0.538,13
"[-199,-150]",HR≥55/EDG≥0.0/CV≤-/μ≥0.0/TP≥50,61.9,0.0,,0.0,50.0,552,462,286,176,61.9,-1.28,-8.36,5.8,-5.918,0.538,13
"[-199,-150]",HR≥55/EDG≥0.0/CV≤-/μ≥0.0/TP≥55,61.9,0.0,,0.0,55.0,552,462,286,176,61.9,-1.28,-8.36,5.8,-5.918,0.538,13
"[-199,-150]",HR≥55/EDG≥0.0/CV≤-/μ≥0.0/TP≥60,62.69,0.0,,0.0,60.0,316,260,163,97,62.69,-1.97,-11.19,7.25,-5.119,0.385,13
"[-199,-150]",HR≥55/EDG≥0.0/CV≤-/μ≥0.5/TP≥-,65.48,0.0,,0.5,,325,281,184,97,65.48,3.95,-4.9,12.81,11.112,0.615,13
"[-199,-150]",HR≥55/EDG≥0.0/CV≤-/μ≥0.5/TP≥50,65.48,0.0,,0.5,50.0,325,281,184,97,65.48,3.95,-4.9,12.81,11.112,0.615,13
"[-199,-150]",HR≥55/EDG≥0.0/CV≤-/μ≥0.5/TP≥55,65.48,0.0,,0.5,55.0,325,281,184,97,65.48,3.95,-4.9,12.81,11.112,0.615,13
"[-199,-150]",HR≥55/EDG≥0.0/CV≤-/μ≥0.5/TP≥60,67.63,0.0,,0.5,60.0,202,173,117,56,67.63,5.63,-5.3,16.56,9.734,0.692,13
"[-199,-150]",HR≥55/EDG≥0.0/CV≤-/μ≥1.0/TP≥-,74.29,0.0,,1.0,,83,70,52,18,74.29,17.79,1.42,34.17,12.454,0.889,9
"[-199,-150]",HR≥55/EDG≥0.0/CV≤-/μ≥1.0/TP≥50,74.29,0.0,,1.0,50.0,83,70,52,18,74.29,17.79,1.42,34.17,12.454,0.889,9
"[-199,-150]",HR≥55/EDG≥0.0/CV≤-/μ≥1.0/TP≥55,74.29,0.0,,1.0,55.0,83,70,52,18,74.29,17.79,1.42,34.17,12.454,0.889,9
"[-199,-150]",HR≥55/EDG≥0.0/CV≤-/μ≥1.0/TP≥60,77.55,0.0,,1.0,60.0,60,49,38,11,77.55,21.76,3.21,40.32,10.664,0.75,8
"[-199,-150]",HR≥55/EDG≥0.0/CV≤0.7/μ≥-/TP≥-,66.06,0.0,0.7,,,120,109,72,37,66.06,5.26,-8.99,19.51,5.731,0.583,12
"[-199,-150]",HR≥55/EDG≥0.0/CV≤0.7/μ≥-/TP≥50,66.06,0.0,0.7,,50.0,120,109,72,37,66.06,5.26,-8.99,19.51,5.731,0.583,12
"[-199,-150]",HR≥55/EDG≥0.0/CV≤0.7/μ≥-/TP≥55,66.06,0.0,0.7,,55.0,120,109,72,37,66.06,5.26,-8.99,19.51,5.731,0.583,12
"[-199,-150]",HR≥55/EDG≥0.0/CV≤0.7/μ≥-/TP≥60,65.22,0.0,0.7,,60.0,76,69,45,24,65.22,2.37,-15.42,20.16,1.637,0.667,12
"[-199,-150]",HR≥55/EDG≥0.0/CV≤0.7/μ≥0.0/TP≥-,66.06,0.0,0.7,0.0,,120,109,72,37,66.06,5.26,-8.99,19.51,5.731,0.583,12
"[-199,-150]",HR≥55/EDG≥0.0/CV≤0.7/μ≥0.0/TP≥50,66.06,0.0,0.7,0.0,50.0,120,109,72,37,66.06,5.26,-8.99,19.51,5.731,0.583,12
"[-199,-150]",HR≥55/EDG≥0.0/CV≤0.7/μ≥0.0/TP≥55,66.06,0.0,0.7,0.0,55.0,120,109,72,37,66.06,5.26,-8.99,19.51,5.731,0.583,12
"[-199,-150]",HR≥55/EDG≥0.0/CV≤0.7/μ≥0.0/TP≥60,65.22,0.0,0.7,0.0,60.0,76,69,45,24,65.22,2.37,-15.42,20.16,1.637,0.667,12
"[-199,-150]",HR≥55/EDG≥0.0/CV≤0.7/μ≥0.5/TP≥-,63.01,0.0,0.7,0.5,,81,73,46,27,63.01,0.21,-17.54,17.96,0.153,0.5,10
"[-199,-150]",HR≥55/EDG≥0.0/CV≤0.7/μ≥0.5/TP≥50,63.01,0.0,0.7,0.5,50.0,81,73,46,27,63.01,0.21,-17.54,17.96,0.153,0.5,10
"[-199,-150]",HR≥55/EDG≥0.0/CV≤0.7/μ≥0.5/TP≥55,63.01,0.0,0.7,0.5,55.0,81,73,46,27,63.01,0.21,-17.54,17.96,0.153,0.5,10
"[-199,-150]",HR≥55/EDG≥0.0/CV≤0.7/μ≥0.5/TP≥60,63.27,0.0,0.7,0.5,60.0,55,49,31,18,63.27,-0.67,-22.1,20.76,-0.327,0.5,8
"[-199,-150]",HR≥55/EDG≥0.0/CV≤0.6/μ≥-/TP≥-,57.5,0.0,0.6,,,44,40,23,17,57.5,-8.36,-33.12,16.4,-3.344,0.556,9
"[-199,-150]",HR≥55/EDG≥0.0/CV≤0.6/μ≥-/TP≥50,57.5,0.0,0.6,,50.0,44,40,23,17,57.5,-8.36,-33.12,16.4,-3.344,0.556,9
"[-199,-150]",HR≥55/EDG≥0.0/CV≤0.6/μ≥-/TP≥55,57.5,0.0,0.6,,55.0,44,40,23,17,57.5,-8.36,-33.12,16.4,-3.344,0.556,9
"[-199,-150]",HR≥55/EDG≥0.0/CV≤0.6/μ≥0.0/TP≥-,57.5,0.0,0.6,0.0,,44,40,23,17,57.5,-8.36,-33.12,16.4,-3.344,0.556,9
"[-199,-150]",HR≥55/EDG≥0.0/CV≤0.6/μ≥0.0/TP≥50,57.5,0.0,0.6,0.0,50.0,44,40,23,17,57.5,-8.36,-33.12,16.4,-3.344,0.556,9
"[-199,-150]",HR≥55/EDG≥0.0/CV≤0.6/μ≥0.0/TP≥55,57.5,0.0,0.6,0.0,55.0,44,40,23,17,57.5,-8.36,-33.12,16.4,-3.344,0.556,9
"[-199,-150]",HR≥55/EDG≥0.0/CV≤0.6/μ≥0.5/TP≥-,53.12,0.0,0.6,0.5,,36,32,17,15,53.12,-15.15,-43.24,12.95,-4.846,0.5,8
"[-199,-150]",HR≥55/EDG≥0.0/CV≤0.6/μ≥0.5/TP≥50,53.12,0.0,0.6,0.5,50.0,36,32,17,15,53.12,-15.15,-43.24,12.95,-4.846,0.5,8
"[-199,-150]",HR≥55/EDG≥0.0/CV≤0.6/μ≥0.5/TP≥55,53.12,0.0,0.6,0.5,55.0,36,32,17,15,53.12,-15.15,-43.24,12.95,-4.846,0.5,8
"[-199,-150]",HR≥55/EDG≥5.0/CV≤-/μ≥-/TP≥-,63.69,5.0,,,,430,369,235,134,63.69,1.49,-6.35,9.33,5.499,0.538,13
"[-199,-150]",HR≥55/EDG≥5.0/CV≤-/μ≥-/TP≥50,63.69,5.0,,,50.0,430,369,235,134,63.69,1.49,-6.35,9.33,5.499,0.538,13
"[-199,-150]",HR≥55/EDG≥5.0/CV≤-/μ≥-/TP≥55,63.69,5.0,,,55.0,430,369,235,134,63.69,1.49,-6.35,9.33,5.499,0.538,13
"[-199,-150]",HR≥55/EDG≥5.0/CV≤-/μ≥-/TP≥60,64.62,5.0,,,60.0,251,212,137,75,64.62,1.04,-9.06,11.13,2.2,0.615,13
"[-199,-150]",HR≥55/EDG≥5.0/CV≤-/μ≥0.0/TP≥-,63.69,5.0,,0.0,,430,369,235,134,63.69,1.49,-6.35,9.33,5.499,0.538,13
"[-199,-150]",HR≥55/EDG≥5.0/CV≤-/μ≥0.0/TP≥50,63.69,5.0,,0.0,50.0,430,369,235,134,63.69,1.49,-6.35,9.33,5.499,0.538,13
"[-199,-150]",HR≥55/EDG≥5.0/CV≤-/μ≥0.0/TP≥55,63.69,5.0,,0.0,55.0,430,369,235,134,63.69,1.49,-6.35,9.33,5.499,0.538,13
"[-199,-150]",HR≥55/EDG≥5.0/CV≤-/μ≥0.0/TP≥60,64.62,5.0,,0.0,60.0,251,212,137,75,64.62,1.04,-9.06,11.13,2.2,0.615,13
"[-199,-150]",HR≥55/EDG≥5.0/CV≤-/μ≥0.5/TP≥-,65.3,5.0,,0.5,,312,268,175,93,65.3,3.76,-5.32,12.84,10.076,0.692,13
"[-199,-150]",HR≥55/EDG≥5.0/CV≤-/μ≥0.5/TP≥50,65.3,5.0,,0.5,50.0,312,268,175,93,65.3,3.76,-5.32,12.84,10.076,0.692,13
"[-199,-150]",HR≥55/EDG≥5.0/CV≤-/μ≥0.5/TP≥55,65.3,5.0,,0.5,55.0,312,268,175,93,65.3,3.76,-5.32,12.84,10.076,0.692,13
"[-199,-150]",HR≥55/EDG≥5.0/CV≤-/μ≥0.5/TP≥60,67.48,5.0,,0.5,60.0,192,163,110,53,67.48,5.47,-5.82,16.75,8.911,0.615,13
"[-199,-150]",HR≥55/EDG≥5.0/CV≤-/μ≥1.0/TP≥-,74.29,5.0,,1.0,,83,70,52,18,74.29,17.79,1.42,34.17,12.454,0.889,9
"[-199,-150]",HR≥55/EDG≥5.0/CV≤-/μ≥1.0/TP≥50,74.29,5.0,,1.0,50.0,83,70,52,18,74.29,17.79,1.42,34.17,12.454,0.889,9
"[-199,-150]",HR≥55/EDG≥5.0/CV≤-/μ≥1.0/TP≥55,74.29,5.0,,1.0,55.0,83,70,52,18,74.29,17.79,1.42,34.17,12.454,0.889,9
"[-199,-150]",HR≥55/EDG≥5.0/CV≤-/μ≥1.0/TP≥60,77.55,5.0,,1.0,60.0,60,49,38,11,77.55,21.76,3.21,40.32,10.664,0.75,8
"[-199,-150]",HR≥55/EDG≥5.0/CV≤0.7/μ≥-/TP≥-,66.02,5.0,0.7,,,114,103,68,35,66.02,5.11,-9.54,19.77,5.268,0.583,12
"[-199,-150]",HR≥55/EDG≥5.0/CV≤0.7/μ≥-/TP≥50,66.02,5.0,0.7,,50.0,114,103,68,35,66.02,5.11,-9.54,19.77,5.268,0.583,12
"[-199,-150]",HR≥55/EDG≥5.0/CV≤0.7/μ≥-/TP≥55,66.02,5.0,0.7,,55.0,114,103,68,35,66.02,5.11,-9.54,19.77,5.268,0.583,12
"[-199,-150]",HR≥55/EDG≥5.0/CV≤0.7/μ≥-/TP≥60,65.15,5.0,0.7,,60.0,73,66,43,23,65.15,2.22,-15.97,20.41,1.465,0.667,12
"[-199,-150]",HR≥55/EDG≥5.0/CV≤0.7/μ≥0.0/TP≥-,66.02,5.0,0.7,0.0,,114,103,68,35,66.02,5.11,-9.54,19.77,5.268,0.583,12
"[-199,-150]",HR≥55/EDG≥5.0/CV≤0.7/μ≥0.0/TP≥50,66.02,5.0,0.7,0.0,50.0,114,103,68,35,66.02,5.11,-9.54,19.77,5.268,0.583,12
"[-199,-150]",HR≥55/EDG≥5.0/CV≤0.7/μ≥0.0/TP≥55,66.02,5.0,0.7,0.0,55.0,114,103,68,35,66.02,5.11,-9.54,19.77,5.268,0.583,12
"[-199,-150]",HR≥55/EDG≥5.0/CV≤0.7/μ≥0.0/TP≥60,65.15,5.0,0.7,0.0,60.0,73,66,43,23,65.15,2.22,-15.97,20.41,1.465,0.667,12
"[-199,-150]",HR≥55/EDG≥5.0/CV≤0.7/μ≥0.5/TP≥-,63.01,5.0,0.7,0.5,,81,73,46,27,63.01,0.21,-17.54,17.96,0.153,0.5,10
"[-199,-150]",HR≥55/EDG≥5.0/CV≤0.7/μ≥0.5/TP≥50,63.01,5.0,0.7,0.5,50.0,81,73,46,27,63.01,0.21,-17.54,17.96,0.153,0.5,10
"[-199,-150]",HR≥55/EDG≥5.0/CV≤0.7/μ≥0.5/TP≥55,63.01,5.0,0.7,0.5,55.0,81,73,46,27,63.01,0.21,-17.54,17.96,0.153,0.5,10
"[-199,-150]",HR≥55/EDG≥5.0/CV≤0.7/μ≥0.5/TP≥60,63.27,5.0,0.7,0.5,60.0,55,49,31,18,63.27,-0.67,-22.1,20.76,-0.327,0.5,8
"[-199,-150]",HR≥55/EDG≥5.0/CV≤0.6/μ≥-/TP≥-,58.97,5.0,0.6,,,43,39,23,16,58.97,-6.01,-30.97,18.95,-2.344,0.556,9
"[-199,-150]",HR≥55/EDG≥5.0/CV≤0.6/μ≥-/TP≥50,58.97,5.0,0.6,,50.0,43,39,23,16,58.97,-6.01,-30.97,18.95,-2.344,0.556,9
"[-199,-150]",HR≥55/EDG≥5.0/CV≤0.6/μ≥-/TP≥55,58.97,5.0,0.6,,55.0,43,39,23,16,58.97,-6.01,-30.97,18.95,-2.344,0.556,9
"[-199,-150]",HR≥55/EDG≥5.0/CV≤0.6/μ≥0.0/TP≥-,58.97,5.0,0.6,0.0,,43,39,23,16,58.97,-6.01,-30.97,18.95,-2.344,0.556,9
"[-199,-150]",HR≥55/EDG≥5.0/CV≤0.6/μ≥0.0/TP≥50,58.97,5.0,0.6,0.0,50.0,43,39,23,16,58.97,-6.01,-30.97,18.95,-2.344,0.556,9
"[-199,-150]",HR≥55/EDG≥5.0/CV≤0.6/μ≥0.0/TP≥55,58.97,5.0,0.6,0.0,55.0,43,39,23,16,58.97,-6.01,-30.97,18.95,-2.344,0.556,9
"[-199,-150]",HR≥55/EDG≥5.0/CV≤0.6/μ≥0.5/TP≥-,53.12,5.0,0.6,0.5,,36,32,17,15,53.12,-15.15,-43.24,12.95,-4.846,0.5,8
"[-199,-150]",HR≥55/EDG≥5.0/CV≤0.6/μ≥0.5/TP≥50,53.12,5.0,0.6,0.5,50.0,36,32,17,15,53.12,-15.15,-43.24,12.95,-4.846,0.5,8
"[-199,-150]",HR≥55/EDG≥5.0/CV≤0.6/μ≥0.5/TP≥55,53.12,5.0,0.6,0.5,55.0,36,32,17,15,53.12,-15.15,-43.24,12.95,-4.846,0.5,8
"[-199,-150]",HR≥55/EDG≥10.0/CV≤-/μ≥-/TP≥-,65.12,10.0,,,,324,281,183,98,65.12,3.6,-5.29,12.49,10.124,0.615,13
"[-199,-150]",HR≥55/EDG≥10.0/CV≤-/μ≥-/TP≥50,65.12,10.0,,,50.0,324,281,183,98,65.12,3.6,-5.29,12.49,10.124,0.615,13
"[-199,-150]",HR≥55/EDG≥10.0/CV≤-/μ≥-/TP≥55,65.12,10.0,,,55.0,324,281,183,98,65.12,3.6,-5.29,12.49,10.124,0.615,13
"[-199,-150]",HR≥55/EDG≥10.0/CV≤-/μ≥-/TP≥60,67.26,10.0,,,60.0,195,168,113,55,67.26,5.18,-5.96,16.32,8.706,0.5,12
"[-199,-150]",HR≥55/EDG≥10.0/CV≤-/μ≥0.0/TP≥-,65.12,10.0,,0.0,,324,281,183,98,65.12,3.6,-5.29,12.49,10.124,0.615,13
"[-199,-150]",HR≥55/EDG≥10.0/CV≤-/μ≥0.0/TP≥50,65.12,10.0,,0.0,50.0,324,281,183,98,65.12,3.6,-5.29,12.49,10.124,0.615,13
"[-199,-150]",HR≥55/EDG≥10.0/CV≤-/μ≥0.0/TP≥55,65.12,10.0,,0.0,55.0,324,281,183,98,65.12,3.6,-5.29,12.49,10.124,0.615,13
"[-199,-150]",HR≥55/EDG≥10.0/CV≤-/μ≥0.0/TP≥60,67.26,10.0,,0.0,60.0,195,168,113,55,67.26,5.18,-5.96,16.32,8.706,0.5,12
"[-199,-150]",HR≥55/EDG≥10.0/CV≤-/μ≥0.5/TP≥-,65.97,10.0,,0.5,,277,238,157,81,65.97,4.79,-4.81,14.39,11.401,0.692,13
"[-199,-150]",HR≥55/EDG≥10.0/CV≤-/μ≥0.5/TP≥50,65.97,10.0,,0.5,50.0,277,238,157,81,65.97,4.79,-4.81,14.39,11.401,0.692,13
"[-199,-150]",HR≥55/EDG≥10.0/CV≤-/μ≥0.5/TP≥55,65.97,10.0,,0.5,55.0,277,238,157,81,65.97,4.79,-4.81,14.39,11.401,0.692,13
"[-199,-150]",HR≥55/EDG≥10.0/CV≤-/μ≥0.5/TP≥60,67.59,10.0,,0.5,60.0,170,145,98,47,67.59,5.58,-6.37,17.53,8.089,0.636,11
"[-199,-150]",HR≥55/EDG≥10.0/CV≤-/μ≥1.0/TP≥-,73.91,10.0,,1.0,,82,69,51,18,73.91,17.31,0.72,33.89,11.942,0.778,9
"[-199,-150]",HR≥55/EDG≥10.0/CV≤-/μ≥1.0/TP≥50,73.91,10.0,,1.0,50.0,82,69,51,18,73.91,17.31,0.72,33.89,11.942,0.778,9
"[-199,-150]",HR≥55/EDG≥10.0/CV≤-/μ≥1.0/TP≥55,73.91,10.0,,1.0,55.0,82,69,51,18,73.91,17.31,0.72,33.89,11.942,0.778,9
"[-199,-150]",HR≥55/EDG≥10.0/CV≤-/μ≥1.0/TP≥60,77.08,10.0,,1.0,60.0,59,48,37,11,77.08,21.15,2.24,40.06,10.151,0.75,8
"[-199,-150]",HR≥55/EDG≥10.0/CV≤0.7/μ≥-/TP≥-,64.84,10.0,0.7,,,100,91,59,32,64.84,3.46,-12.3,19.22,3.149,0.667,12
"[-199,-150]",HR≥55/EDG≥10.0/CV≤0.7/μ≥-/TP≥50,64.84,10.0,0.7,,50.0,100,91,59,32,64.84,3.46,-12.3,19.22,3.149,0.667,12
"[-199,-150]",HR≥55/EDG≥10.0/CV≤0.7/μ≥-/TP≥55,64.84,10.0,0.7,,55.0,100,91,59,32,64.84,3.46,-12.3,19.22,3.149,0.667,12
"[-199,-150]",HR≥55/EDG≥10.0/CV≤0.7/μ≥-/TP≥60,64.41,10.0,0.7,,60.0,66,59,38,21,64.41,1.41,-18.01,20.83,0.833,0.636,11
"[-199,-150]",HR≥55/EDG≥10.0/CV≤0.7/μ≥0.0/TP≥-,64.84,10.0,0.7,0.0,,100,91,59,32,64.84,3.46,-12.3,19.22,3.149,0.667,12
"[-199,-150]",HR≥55/EDG≥10.0/CV≤0.7/μ≥0.0/TP≥50,64.84,10.0,0.7,0.0,50.0,100,91,59,32,64.84,3.46,-12.3,19.22,3.149,0.667,12
"[-199,-150]",HR≥55/EDG≥10.0/CV≤0.7/μ≥0.0/TP≥55,64.84,10.0,0.7,0.0,55.0,100,91,59,32,64.84,3.46,-12.3,19.22,3.149,0.667,12
"[-199,-150]",HR≥55/EDG≥10.0/CV≤0.7/μ≥0.0/TP≥60,64.41,10.0,0.7,0.0,60.0,66,59,38,21,64.41,1.41,-18.01,20.83,0.833,0.636,11
"[-199,-150]",HR≥55/EDG≥10.0/CV≤0.7/μ≥0.5/TP≥-,63.01,10.0,0.7,0.5,,81,73,46,27,63.01,0.21,-17.54,17.96,0.153,0.5,10
"[-199,-150]",HR≥55/EDG≥10.0/CV≤0.7/μ≥0.5/TP≥50,63.01,10.0,0.7,0.5,50.0,81,73,46,27,63.01,0.21,-17.54,17.96,0.153,0.5,10
"[-199,-150]",HR≥55/EDG≥10.0/CV≤0.7/μ≥0.5/TP≥55,63.01,10.0,0.7,0.5,55.0,81,73,46,27,63.01,0.21,-17.54,17.96,0.153,0.5,10
"[-199,-150]",HR≥55/EDG≥10.0/CV≤0.7/μ≥0.5/TP≥60,63.27,10.0,0.7,0.5,60.0,55,49,31,18,63.27,-0.67,-22.1,20.76,-0.327,0.5,8
"[-199,-150]",HR≥55/EDG≥10.0/CV≤0.6/μ≥-/TP≥-,57.89,10.0,0.6,,,42,38,22,16,57.89,-7.52,-32.97,17.93,-2.857,0.556,9
"[-199,-150]",HR≥55/EDG≥10.0/CV≤0.6/μ≥-/TP≥50,57.89,10.0,0.6,,50.0,42,38,22,16,57.89,-7.52,-32.97,17.93,-2.857,0.556,9
"[-199,-150]",HR≥55/EDG≥10.0/CV≤0.6/μ≥-/TP≥55,57.89,10.0,0.6,,55.0,42,38,22,16,57.89,-7.52,-32.97,17.93,-2.857,0.556,9
"[-199,-150]",HR≥55/EDG≥10.0/CV≤0.6/μ≥0.0/TP≥-,57.89,10.0,0.6,0.0,,42,38,22,16,57.89,-7.52,-32.97,17.93,-2.857,0.556,9
"[-199,-150]",HR≥55/EDG≥10.0/CV≤0.6/μ≥0.0/TP≥50,57.89,10.0,0.6,0.0,50.0,42,38,22,16,57.89,-7.52,-32.97,17.93,-2.857,0.556,9
"[-199,-150]",HR≥55/EDG≥10.0/CV≤0.6/μ≥0.0/TP≥55,57.89,10.0,0.6,0.0,55.0,42,38,22,16,57.89,-7.52,-32.97,17.93,-2.857,0.556,9
"[-199,-150]",HR≥55/EDG≥10.0/CV≤0.6/μ≥0.5/TP≥-,53.12,10.0,0.6,0.5,,36,32,17,15,53.12,-15.15,-43.24,12.95,-4.846,0.5,8
"[-199,-150]",HR≥55/EDG≥10.0/CV≤0.6/μ≥0.5/TP≥50,53.12,10.0,0.6,0.5,50.0,36,32,17,15,53.12,-15.15,-43.24,12.95,-4.846,0.5,8
"[-199,-150]",HR≥55/EDG≥10.0/CV≤0.6/μ≥0.5/TP≥55,53.12,10.0,0.6,0.5,55.0,36,32,17,15,53.12,-15.15,-43.24,12.95,-4.846,0.5,8
"[-199,-150]",HR≥60/EDG≥-/CV≤-/μ≥-/TP≥-,60.3,,,,,629,539,325,214,60.3,-4.09,-10.67,2.5,-22.023,0.462,13
"[-199,-150]",HR≥60/EDG≥-/CV≤-/μ≥-/TP≥50,60.3,,,,50.0,629,539,325,214,60.3,-4.09,-10.67,2.5,-22.023,0.462,13
"[-199,-150]",HR≥60/EDG≥-/CV≤-/μ≥-/TP≥55,60.15,,,,55.0,626,537,323,214,60.15,-4.31,-10.92,2.29,-23.169,0.462,13
"[-199,-150]",HR≥60/EDG≥-/CV≤-/μ≥-/TP≥60,60.56,,,,60.0,376,322,195,127,60.56,-5.42,-13.78,2.93,-17.456,0.462,13
"[-199,-150]",HR≥60/EDG≥-/CV≤-/μ≥0.0/TP≥-,60.54,,,0.0,,611,522,316,206,60.54,-3.69,-10.37,3.0,-19.251,0.462,13
"[-199,-150]",HR≥60/EDG≥-/CV≤-/μ≥0.0/TP≥50,60.54,,,0.0,50.0,611,522,316,206,60.54,-3.69,-10.37,3.0,-19.251,0.462,13
"[-199,-150]",HR≥60/EDG≥-/CV≤-/μ≥0.0/TP≥55,60.38,,,0.0,55.0,608,520,314,206,60.38,-3.92,-10.63,2.78,-20.396,0.462,13
"[-199,-150]",HR≥60/EDG≥-/CV≤-/μ≥0.0/TP≥60,60.38,,,0.0,60.0,366,313,189,124,60.38,-5.67,-14.15,2.81,-17.747,0.385,13
"[-199,-150]",HR≥60/EDG≥-/CV≤-/μ≥0.5/TP≥-,67.63,,,0.5,,278,241,163,78,67.63,7.45,-1.97,16.87,17.955,0.769,13
"[-199,-150]",HR≥60/EDG≥-/CV≤-/μ≥0.5/TP≥50,67.63,,,0.5,50.0,278,241,163,78,67.63,7.45,-1.97,16.87,17.955,0.769,13
"[-199,-150]",HR≥60/EDG≥-/CV≤-/μ≥0.5/TP≥55,67.63,,,0.5,55.0,278,241,163,78,67.63,7.45,-1.97,16.87,17.955,0.769,13
"[-199,-150]",HR≥60/EDG≥-/CV≤-/μ≥0.5/TP≥60,70.55,,,0.5,60.0,170,146,103,43,70.55,10.26,-1.34,21.87,14.985,0.615,13
"[-199,-150]",HR≥60/EDG≥-/CV≤-/μ≥1.0/TP≥-,76.79,,,1.0,,68,56,43,13,76.79,21.82,4.09,39.56,12.222,0.625,8
"[-199,-150]",HR≥60/EDG≥-/CV≤-/μ≥1.0/TP≥50,76.79,,,1.0,50.0,68,56,43,13,76.79,21.82,4.09,39.56,12.222,0.625,8
"[-199,-150]",HR≥60/EDG≥-/CV≤-/μ≥1.0/TP≥55,76.79,,,1.0,55.0,68,56,43,13,76.79,21.82,4.09,39.56,12.222,0.625,8
"[-199,-150]",HR≥60/EDG≥-/CV≤-/μ≥1.0/TP≥60,82.05,,,1.0,60.0,49,39,32,7,82.05,28.95,9.74,48.15,11.289,0.75,8
"[-199,-150]",HR≥60/EDG≥-/CV≤0.7/μ≥-/TP≥-,63.36,,0.7,,,146,131,83,48,63.36,0.88,-12.32,14.09,1.156,0.5,12
"[-199,-150]",HR≥60/EDG≥-/CV≤0.7/μ≥-/TP≥50,63.36,,0.7,,50.0,146,131,83,48,63.36,0.88,-12.32,14.09,1.156,0.5,12
"[-199,-150]",HR≥60/EDG≥-/CV≤0.7/μ≥-/TP≥55,63.36,,0.7,,55.0,146,131,83,48,63.36,0.88,-12.32,14.09,1.156,0.5,12
"[-199,-150]",HR≥60/EDG≥-/CV≤0.7/μ≥-/TP≥60,60.47,,0.7,,60.0,96,86,52,34,60.47,-5.21,-21.52,11.1,-4.481,0.583,12
"[-199,-150]",HR≥60/EDG≥-/CV≤0.7/μ≥0.0/TP≥-,62.79,,0.7,0.0,,143,129,81,48,62.79,-0.05,-13.39,13.3,-0.06,0.5,12
"[-199,-150]",HR≥60/EDG≥-/CV≤0.7/μ≥0.0/TP≥50,62.79,,0.7,0.0,50.0,143,129,81,48,62.79,-0.05,-13.39,13.3,-0.06,0.5,12
"[-199,-150]",HR≥60/EDG≥-/CV≤0.7/μ≥0.0/TP≥55,62.79,,0.7,0.0,55.0,143,129,81,48,62.79,-0.05,-13.39,13.3,-0.06,0.5,12
"[-199,-150]",HR≥60/EDG≥-/CV≤0.7/μ≥0.0/TP≥60,60.0,,0.7,0.0,60.0,94,85,51,34,60.0,-5.94,-22.38,10.49,-5.052,0.5,12
"[-199,-150]",HR≥60/EDG≥-/CV≤0.7/μ≥0.5/TP≥-,63.01,,0.7,0.5,,81,73,46,27,63.01,0.21,-17.54,17.96,0.153,0.5,10
"[-199,-150]",HR≥60/EDG≥-/CV≤0.7/μ≥0.5/TP≥50,63.01,,0.7,0.5,50.0,81,73,46,27,63.01,0.21,-17.54,17.96,0.153,0.5,10
"[-199,-150]",HR≥60/EDG≥-/CV≤0.7/μ≥0.5/TP≥55,63.01,,0.7,0.5,55.0,81,73,46,27,63.01,0.21,-17.54,17.96,0.153,0.5,10
"[-199,-150]",HR≥60/EDG≥-/CV≤0.7/μ≥0.5/TP≥60,63.27,,0.7,0.5,60.0,55,49,31,18,63.27,-0.67,-22.1,20.76,-0.327,0.5,8
"[-199,-150]",HR≥60/EDG≥-/CV≤0.6/μ≥-/TP≥-,54.76,,0.6,,,46,42,23,19,54.76,-12.72,-37.04,11.59,-5.344,0.444,9
"[-199,-150]",HR≥60/EDG≥-/CV≤0.6/μ≥-/TP≥50,54.76,,0.6,,50.0,46,42,23,19,54.76,-12.72,-37.04,11.59,-5.344,0.444,9
"[-199,-150]",HR≥60/EDG≥-/CV≤0.6/μ≥-/TP≥55,54.76,,0.6,,55.0,46,42,23,19,54.76,-12.72,-37.04,11.59,-5.344,0.444,9
"[-199,-150]",HR≥60/EDG≥-/CV≤0.6/μ≥0.0/TP≥-,54.76,,0.6,0.0,,46,42,23,19,54.76,-12.72,-37.04,11.59,-5.344,0.444,9
"[-199,-150]",HR≥60/EDG≥-/CV≤0.6/μ≥0.0/TP≥50,54.76,,0.6,0.0,50.0,46,42,23,19,54.76,-12.72,-37.04,11.59,-5.344,0.444,9
"[-199,-150]",HR≥60/EDG≥-/CV≤0.6/μ≥0.0/TP≥55,54.76,,0.6,0.0,55.0,46,42,23,19,54.76,-12.72,-37.04,11.59,-5.344,0.444,9
"[-199,-150]",HR≥60/EDG≥-/CV≤0.6/μ≥0.5/TP≥-,53.12,,0.6,0.5,,36,32,17,15,53.12,-15.15,-43.24,12.95,-4.846,0.5,8
"[-199,-150]",HR≥60/EDG≥-/CV≤0.6/μ≥0.5/TP≥50,53.12,,0.6,0.5,50.0,36,32,17,15,53.12,-15.15,-43.24,12.95,-4.846,0.5,8
"[-199,-150]",HR≥60/EDG≥-/CV≤0.6/μ≥0.5/TP≥55,53.12,,0.6,0.5,55.0,36,32,17,15,53.12,-15.15,-43.24,12.95,-4.846,0.5,8
"[-199,-150]",HR≥60/EDG≥-5.0/CV≤-/μ≥-/TP≥-,62.02,-5.0,,,,547,466,289,177,62.02,-1.23,-8.27,5.8,-5.74,0.615,13
"[-199,-150]",HR≥60/EDG≥-5.0/CV≤-/μ≥-/TP≥50,62.02,-5.0,,,50.0,547,466,289,177,62.02,-1.23,-8.27,5.8,-5.74,0.615,13
"[-199,-150]",HR≥60/EDG≥-5.0/CV≤-/μ≥-/TP≥55,62.02,-5.0,,,55.0,547,466,289,177,62.02,-1.23,-8.27,5.8,-5.74,0.615,13
"[-199,-150]",HR≥60/EDG≥-5.0/CV≤-/μ≥-/TP≥60,63.6,-5.0,,,60.0,321,272,173,99,63.6,-0.54,-9.5,8.43,-1.465,0.538,13
"[-199,-150]",HR≥60/EDG≥-5.0/CV≤-/μ≥0.0/TP≥-,62.02,-5.0,,0.0,,547,466,289,177,62.02,-1.23,-8.27,5.8,-5.74,0.615,13
"[-199,-150]",HR≥60/EDG≥-5.0/CV≤-/μ≥0.0/TP≥50,62.02,-5.0,,0.0,50.0,547,466,289,177,62.02,-1.23,-8.27,5.8,-5.74,0.615,13
"[-199,-150]",HR≥60/EDG≥-5.0/CV≤-/μ≥0.0/TP≥55,62.02,-5.0,,0.0,55.0,547,466,289,177,62.02,-1.23,-8.27,5.8,-5.74,0.615,13
"[-199,-150]",HR≥60/EDG≥-5.0/CV≤-/μ≥0.0/TP≥60,63.6,-5.0,,0.0,60.0,321,272,173,99,63.6,-0.54,-9.5,8.43,-1.465,0.538,13
"[-199,-150]",HR≥60/EDG≥-5.0/CV≤-/μ≥0.5/TP≥-,67.63,-5.0,,0.5,,278,241,163,78,67.63,7.45,-1.97,16.87,17.955,0.769,13
"[-199,-150]",HR≥60/EDG≥-5.0/CV≤-/μ≥0.5/TP≥50,67.63,-5.0,,0.5,50.0,278,241,163,78,67.63,7.45,-1.97,16.87,17.955,0.769,13
"[-199,-150]",HR≥60/EDG≥-5.0/CV≤-/μ≥0.5/TP≥55,67.63,-5.0,,0.5,55.0,278,241,163,78,67.63,7.45,-1.97,16.87,17.955,0.769,13
"[-199,-150]",HR≥60/EDG≥-5.0/CV≤-/μ≥0.5/TP≥60,70.55,-5.0,,0.5,60.0,170,146,103,43,70.55,10.26,-1.34,21.87,14.985,0.615,13
"[-199,-150]",HR≥60/EDG≥-5.0/CV≤-/μ≥1.0/TP≥-,76.79,-5.0,,1.0,,68,56,43,13,76.79,21.82,4.09,39.56,12.222,0.625,8
"[-199,-150]",HR≥60/EDG≥-5.0/CV≤-/μ≥1.0/TP≥50,76.79,-5.0,,1.0,50.0,68,56,43,13,76.79,21.82,4.09,39.56,12.222,0.625,8
"[-199,-150]",HR≥60/EDG≥-5.0/CV≤-/μ≥1.0/TP≥55,76.79,-5.0,,1.0,55.0,68,56,43,13,76.79,21.82,4.09,39.56,12.222,0.625,8
"[-199,-150]",HR≥60/EDG≥-5.0/CV≤-/μ≥1.0/TP≥60,82.05,-5.0,,1.0,60.0,49,39,32,7,82.05,28.95,9.74,48.15,11.289,0.75,8
"[-199,-150]",HR≥60/EDG≥-5.0/CV≤0.7/μ≥-/TP≥-,64.23,-5.0,0.7,,,136,123,79,44,64.23,2.27,-11.29,15.83,2.788,0.5,12
"[-199,-150]",HR≥60/EDG≥-5.0/CV≤0.7/μ≥-/TP≥50,64.23,-5.0,0.7,,50.0,136,123,79,44,64.23,2.27,-11.29,15.83,2.788,0.5,12
"[-199,-150]",HR≥60/EDG≥-5.0/CV≤0.7/μ≥-/TP≥55,64.23,-5.0,0.7,,55.0,136,123,79,44,64.23,2.27,-11.29,15.83,2.788,0.5,12
"[-199,-150]",HR≥60/EDG≥-5.0/CV≤0.7/μ≥-/TP≥60,61.73,-5.0,0.7,,60.0,89,81,50,31,61.73,-3.18,-19.9,13.54,-2.579,0.583,12
"[-199,-150]",HR≥60/EDG≥-5.0/CV≤0.7/μ≥0.0/TP≥-,64.23,-5.0,0.7,0.0,,136,123,79,44,64.23,2.27,-11.29,15.83,2.788,0.5,12
"[-199,-150]",HR≥60/EDG≥-5.0/CV≤0.7/μ≥0.0/TP≥50,64.23,-5.0,0.7,0.0,50.0,136,123,79,44,64.23,2.27,-11.29,15.83,2.788,0.5,12
"[-199,-150]",HR≥60/EDG≥-5.0/CV≤0.7/μ≥0.0/TP≥55,64.23,-5.0,0.7,0.0,55.0,136,123,79,44,64.23,2.27,-11.29,15.83,2.788,0.5,12
"[-199,-150]",HR≥60/EDG≥-5.0/CV≤0.7/μ≥0.0/TP≥60,61.73,-5.0,0.7,0.0,60.0,89,81,50,31,61.73,-3.18,-19.9,13.54,-2.579,0.583,12
"[-199,-150]",HR≥60/EDG≥-5.0/CV≤0.7/μ≥0.5/TP≥-,63.01,-5.0,0.7,0.5,,81,73,46,27,63.01,0.21,-17.54,17.96,0.153,0.5,10
"[-199,-150]",HR≥60/EDG≥-5.0/CV≤0.7/μ≥0.5/TP≥50,63.01,-5.0,0.7,0.5,50.0,81,73,46,27,63.01,0.21,-17.54,17.96,0.153,0.5,10
"[-199,-150]",HR≥60/EDG≥-5.0/CV≤0.7/μ≥0.5/TP≥55,63.01,-5.0,0.7,0.5,55.0,81,73,46,27,63.01,0.21,-17.54,17.96,0.153,0.5,10
"[-199,-150]",HR≥60/EDG≥-5.0/CV≤0.7/μ≥0.5/TP≥60,63.27,-5.0,0.7,0.5,60.0,55,49,31,18,63.27,-0.67,-22.1,20.76,-0.327,0.5,8
"[-199,-150]",HR≥60/EDG≥-5.0/CV≤0.6/μ≥-/TP≥-,57.5,-5.0,0.6,,,44,40,23,17,57.5,-8.36,-33.12,16.4,-3.344,0.556,9
"[-199,-150]",HR≥60/EDG≥-5.0/CV≤0.6/μ≥-/TP≥50,57.5,-5.0,0.6,,50.0,44,40,23,17,57.5,-8.36,-33.12,16.4,-3.344,0.556,9
"[-199,-150]",HR≥60/EDG≥-5.0/CV≤0.6/μ≥-/TP≥55,57.5,-5.0,0.6,,55.0,44,40,23,17,57.5,-8.36,-33.12,16.4,-3.344,0.556,9
"[-199,-150]",HR≥60/EDG≥-5.0/CV≤0.6/μ≥0.0/TP≥-,57.5,-5.0,0.6,0.0,,44,40,23,17,57.5,-8.36,-33.12,16.4,-3.344,0.556,9
"[-199,-150]",HR≥60/EDG≥-5.0/CV≤0.6/μ≥0.0/TP≥50,57.5,-5.0,0.6,0.0,50.0,44,40,23,17,57.5,-8.36,-33.12,16.4,-3.344,0.556,9
"[-199,-150]",HR≥60/EDG≥-5.0/CV≤0.6/μ≥0.0/TP≥55,57.5,-5.0,0.6,0.0,55.0,44,40,23,17,57.5,-8.36,-33.12,16.4,-3.344,0.556,9
"[-199,-150]",HR≥60/EDG≥-5.0/CV≤0.6/μ≥0.5/TP≥-,53.12,-5.0,0.6,0.5,,36,32,17,15,53.12,-15.15,-43.24,12.95,-4.846,0.5,8
"[-199,-150]",HR≥60/EDG≥-5.0/CV≤0.6/μ≥0.5/TP≥50,53.12,-5.0,0.6,0.5,50.0,36,32,17,15,53.12,-15.15,-43.24,12.95,-4.846,0.5,8
"[-199,-150]",HR≥60/EDG≥-5.0/CV≤0.6/μ≥0.5/TP≥55,53.12,-5.0,0.6,0.5,55.0,36,32,17,15,53.12,-15.15,-43.24,12.95,-4.846,0.5,8
"[-199,-150]",HR≥60/EDG≥0.0/CV≤-/μ≥-/TP≥-,64.01,0.0,,,,457,389,249,140,64.01,2.1,-5.53,9.72,8.15,0.615,13
"[-199,-150]",HR≥60/EDG≥0.0/CV≤-/μ≥-/TP≥50,64.01,0.0,,,50.0,457,389,249,140,64.01,2.1,-5.53,9.72,8.15,0.615,13
"[-199,-150]",HR≥60/EDG≥0.0/CV≤-/μ≥-/TP≥55,64.01,0.0,,,55.0,457,389,249,140,64.01,2.1,-5.53,9.72,8.15,0.615,13
"[-199,-150]",HR≥60/EDG≥0.0/CV≤-/μ≥-/TP≥60,66.51,0.0,,,60.0,256,215,143,72,66.51,4.05,-5.85,13.95,8.712,0.538,13
"[-199,-150]",HR≥60/EDG≥0.0/CV≤-/μ≥0.0/TP≥-,64.01,0.0,,0.0,,457,389,249,140,64.01,2.1,-5.53,9.72,8.15,0.615,13
"[-199,-150]",HR≥60/EDG≥0.0/CV≤-/μ≥0.0/TP≥50,64.01,0.0,,0.0,50.0,457,389,249,140,64.01,2.1,-5.53,9.72,8.15,0.615,13
"[-199,-150]",HR≥60/EDG≥0.0/CV≤-/μ≥0.0/TP≥55,64.01,0.0,,0.0,55.0,457,389,249,140,64.01,2.1,-5.53,9.72,8.15,0.615,13
"[-199,-150]",HR≥60/EDG≥0.0/CV≤-/μ≥0.0/TP≥60,66.51,0.0,,0.0,60.0,256,215,143,72,66.51,4.05,-5.85,13.95,8.712,0.538,13
"[-199,-150]",HR≥60/EDG≥0.0/CV≤-/μ≥0.5/TP≥-,67.63,0.0,,0.5,,278,241,163,78,67.63,7.45,-1.97,16.87,17.955,0.769,13
"[-199,-150]",HR≥60/EDG≥0.0/CV≤-/μ≥0.5/TP≥50,67.63,0.0,,0.5,50.0,278,241,163,78,67.63,7.45,-1.97,16.87,17.955,0.769,13
"[-199,-150]",HR≥60/EDG≥0.0/CV≤-/μ≥0.5/TP≥55,67.63,0.0,,0.5,55.0,278,241,163,78,67.63,7.45,-1.97,16.87,17.955,0.769,13
"[-199,-150]",HR≥60/EDG≥0.0/CV≤-/μ≥0.5/TP≥60,70.55,0.0,,0.5,60.0,170,146,103,43,70.55,10.26,-1.34,21.87,14.985,0.615,13
"[-199,-150]",HR≥60/EDG≥0.0/CV≤-/μ≥1.0/TP≥-,76.79,0.0,,1.0,,68,56,43,13,76.79,21.82,4.09,39.56,12.222,0.625,8
"[-199,-150]",HR≥60/EDG≥0.0/CV≤-/μ≥1.0/TP≥50,76.79,0.0,,1.0,50.0,68,56,43,13,76.79,21.82,4.09,39.56,12.222,0.625,8
"[-199,-150]",HR≥60/EDG≥0.0/CV≤-/μ≥1.0/TP≥55,76.79,0.0,,1.0,55.0,68,56,43,13,76.79,21.82,4.09,39.56,12.222,0.625,8
"[-199,-150]",HR≥60/EDG≥0.0/CV≤-/μ≥1.0/TP≥60,82.05,0.0,,1.0,60.0,49,39,32,7,82.05,28.95,9.74,48.15,11.289,0.75,8
"[-199,-150]",HR≥60/EDG≥0.0/CV≤0.7/μ≥-/TP≥-,66.06,0.0,0.7,,,120,109,72,37,66.06,5.26,-8.99,19.51,5.731,0.583,12
"[-199,-150]",HR≥60/EDG≥0.0/CV≤0.7/μ≥-/TP≥50,66.06,0.0,0.7,,50.0,120,109,72,37,66.06,5.26,-8.99,19.51,5.731,0.583,12
"[-199,-150]",HR≥60/EDG≥0.0/CV≤0.7/μ≥-/TP≥55,66.06,0.0,0.7,,55.0,120,109,72,37,66.06,5.26,-8.99,19.51,5.731,0.583,12
"[-199,-150]",HR≥60/EDG≥0.0/CV≤0.7/μ≥-/TP≥60,65.22,0.0,0.7,,60.0,76,69,45,24,65.22,2.37,-15.42,20.16,1.637,0.667,12
"[-199,-150]",HR≥60/EDG≥0.0/CV≤0.7/μ≥0.0/TP≥-,66.06,0.0,0.7,0.0,,120,109,72,37,66.06,5.26,-8.99,19.51,5.731,0.583,12
"[-199,-150]",HR≥60/EDG≥0.0/CV≤0.7/μ≥0.0/TP≥50,66.06,0.0,0.7,0.0,50.0,120,109,72,37,66.06,5.26,-8.99,19.51,5.731,0.583,12
"[-199,-150]",HR≥60/EDG≥0.0/CV≤0.7/μ≥0.0/TP≥55,66.06,0.0,0.7,0.0,55.0,120,109,72,37,66.06,5.26,-8.99,19.51,5.731,0.583,12
"[-199,-150]",HR≥60/EDG≥0.0/CV≤0.7/μ≥0.0/TP≥60,65.22,0.0,0.7,0.0,60.0,76,69,45,24,65.22,2.37,-15.42,20.16,1.637,0.667,12
"[-199,-150]",HR≥60/EDG≥0.0/CV≤0.7/μ≥0.5/TP≥-,63.01,0.0,0.7,0.5,,81,73,46,27,63.01,0.21,-17.54,17.96,0.153,0.5,10
"[-199,-150]",HR≥60/EDG≥0.0/CV≤0.7/μ≥0.5/TP≥50,63.01,0.0,0.7,0.5,50.0,81,73,46,27,63.01,0.21,-17.54,17.96,0.153,0.5,10
"[-199,-150]",HR≥60/EDG≥0.0/CV≤0.7/μ≥0.5/TP≥55,63.01,0.0,0.7,0.5,55.0,81,73,46,27,63.01,0.21,-17.54,17.96,0.153,0.5,10
"[-199,-150]",HR≥60/EDG≥0.0/CV≤0.7/μ≥0.5/TP≥60,63.27,0.0,0.7,0.5,60.0,55,49,31,18,63.27,-0.67,-22.1,20.76,-0.327,0.5,8
"[-199,-150]",HR≥60/EDG≥0.0/CV≤0.6/μ≥-/TP≥-,57.5,0.0,0.6,,,44,40,23,17,57.5,-8.36,-33.12,16.4,-3.344,0.556,9
"[-199,-150]",HR≥60/EDG≥0.0/CV≤0.6/μ≥-/TP≥50,57.5,0.0,0.6,,50.0,44,40,23,17,57.5,-8.36,-33.12,16.4,-3.344,0.556,9
"[-199,-150]",HR≥60/EDG≥0.0/CV≤0.6/μ≥-/TP≥55,57.5,0.0,0.6,,55.0,44,40,23,17,57.5,-8.36,-33.12,16.4,-3.344,0.556,9
"[-199,-150]",HR≥60/EDG≥0.0/CV≤0.6/μ≥0.0/TP≥-,57.5,0.0,0.6,0.0,,44,40,23,17,57.5,-8.36,-33.12,16.4,-3.344,0.556,9
"[-199,-150]",HR≥60/EDG≥0.0/CV≤0.6/μ≥0.0/TP≥50,57.5,0.0,0.6,0.0,50.0,44,40,23,17,57.5,-8.36,-33.12,16.4,-3.344,0.556,9
"[-199,-150]",HR≥60/EDG≥0.0/CV≤0.6/μ≥0.0/TP≥55,57.5,0.0,0.6,0.0,55.0,44,40,23,17,57.5,-8.36,-33.12,16.4,-3.344,0.556,9
"[-199,-150]",HR≥60/EDG≥0.0/CV≤0.6/μ≥0.5/TP≥-,53.12,0.0,0.6,0.5,,36,32,17,15,53.12,-15.15,-43.24,12.95,-4.846,0.5,8
"[-199,-150]",HR≥60/EDG≥0.0/CV≤0.6/μ≥0.5/TP≥50,53.12,0.0,0.6,0.5,50.0,36,32,17,15,53.12,-15.15,-43.24,12.95,-4.846,0.5,8
"[-199,-150]",HR≥60/EDG≥0.0/CV≤0.6/μ≥0.5/TP≥55,53.12,0.0,0.6,0.5,55.0,36,32,17,15,53.12,-15.15,-43.24,12.95,-4.846,0.5,8
"[-199,-150]",HR≥60/EDG≥5.0/CV≤-/μ≥-/TP≥-,66.77,5.0,,,,359,313,209,104,66.77,6.43,-1.91,14.77,20.125,0.692,13
"[-199,-150]",HR≥60/EDG≥5.0/CV≤-/μ≥-/TP≥50,66.77,5.0,,,50.0,359,313,209,104,66.77,6.43,-1.91,14.77,20.125,0.692,13
"[-199,-150]",HR≥60/EDG≥5.0/CV≤-/μ≥-/TP≥55,66.77,5.0,,,55.0,359,313,209,104,66.77,6.43,-1.91,14.77,20.125,0.692,13
"[-199,-150]",HR≥60/EDG≥5.0/CV≤-/μ≥-/TP≥60,70.29,5.0,,,60.0,203,175,123,52,70.29,9.95,-0.68,20.59,17.421,0.692,13
"[-199,-150]",HR≥60/EDG≥5.0/CV≤-/μ≥0.0/TP≥-,66.77,5.0,,0.0,,359,313,209,104,66.77,6.43,-1.91,14.77,20.125,0.692,13
"[-199,-150]",HR≥60/EDG≥5.0/CV≤-/μ≥0.0/TP≥50,66.77,5.0,,0.0,50.0,359,313,209,104,66.77,6.43,-1.91,14.77,20.125,0.692,13
"[-199,-150]",HR≥60/EDG≥5.0/CV≤-/μ≥0.0/TP≥55,66.77,5.0,,0.0,55.0,359,313,209,104,66.77,6.43,-1.91,14.77,20.125,0.692,13
"[-199,-150]",HR≥60/EDG≥5.0/CV≤-/μ≥0.0/TP≥60,70.29,5.0,,0.0,60.0,203,175,123,52,70.29,9.95,-0.68,20.59,17.421,0.692,13
"[-199,-150]",HR≥60/EDG≥5.0/CV≤-/μ≥0.5/TP≥-,67.39,5.0,,0.5,,267,230,155,75,67.39,7.15,-2.52,16.82,16.446,0.769,13
"[-199,-150]",HR≥60/EDG≥5.0/CV≤-/μ≥0.5/TP≥50,67.39,5.0,,0.5,50.0,267,230,155,75,67.39,7.15,-2.52,16.82,16.446,0.769,13
"[-199,-150]",HR≥60/EDG≥5.0/CV≤-/μ≥0.5/TP≥55,67.39,5.0,,0.5,55.0,267,230,155,75,67.39,7.15,-2.52,16.82,16.446,0.769,13
"[-199,-150]",HR≥60/EDG≥5.0/CV≤-/μ≥0.5/TP≥60,70.8,5.0,,0.5,60.0,161,137,97,40,70.8,10.72,-1.24,22.68,14.688,0.615,13
"[-199,-150]",HR≥60/EDG≥5.0/CV≤-/μ≥1.0/TP≥-,76.79,5.0,,1.0,,68,56,43,13,76.79,21.82,4.09,39.56,12.222,0.625,8
"[-199,-150]",HR≥60/EDG≥5.0/CV≤-/μ≥1.0/TP≥50,76.79,5.0,,1.0,50.0,68,56,43,13,76.79,21.82,4.09,39.56,12.222,0.625,8
"[-199,-150]",HR≥60/EDG≥5.0/CV≤-/μ≥1.0/TP≥55,76.79,5.0,,1.0,55.0,68,56,43,13,76.79,21.82,4.09,39.56,12.222,0.625,8
"[-199,-150]",HR≥60/EDG≥5.0/CV≤-/μ≥1.0/TP≥60,82.05,5.0,,1.0,60.0,49,39,32,7,82.05,28.95,9.74,48.15,11.289,0.75,8
"[-199,-150]",HR≥60/EDG≥5.0/CV≤0.7/μ≥-/TP≥-,66.02,5.0,0.7,,,114,103,68,35,66.02,5.11,-9.54,19.77,5.268,0.583,12
"[-199,-150]",HR≥60/EDG≥5.0/CV≤0.7/μ≥-/TP≥50,66.02,5.0,0.7,,50.0,114,103,68,35,66.02,5.11,-9.54,19.77,5.268,0.583,12
"[-199,-150]",HR≥60/EDG≥5.0/CV≤0.7/μ≥-/TP≥55,66.02,5.0,0.7,,55.0,114,103,68,35,66.02,5.11,-9.54,19.77,5.268,0.583,12
"[-199,-150]",HR≥60/EDG≥5.0/CV≤0.7/μ≥-/TP≥60,65.15,5.0,0.7,,60.0,73,66,43,23,65.15,2.22,-15.97,20.41,1.465,0.667,12
"[-199,-150]",HR≥60/EDG≥5.0/CV≤0.7/μ≥0.0/TP≥-,66.02,5.0,0.7,0.0,,114,103,68,35,66.02,5.11,-9.54,19.77,5.268,0.583,12
"[-199,-150]",HR≥60/EDG≥5.0/CV≤0.7/μ≥0.0/TP≥50,66.02,5.0,0.7,0.0,50.0,114,103,68,35,66.02,5.11,-9.54,19.77,5.268,0.583,12
"[-199,-150]",HR≥60/EDG≥5.0/CV≤0.7/μ≥0.0/TP≥55,66.02,5.0,0.7,0.0,55.0,114,103,68,35,66.02,5.11,-9.54,19.77,5.268,0.583,12
"[-199,-150]",HR≥60/EDG≥5.0/CV≤0.7/μ≥0.0/TP≥60,65.15,5.0,0.7,0.0,60.0,73,66,43,23,65.15,2.22,-15.97,20.41,1.465,0.667,12
"[-199,-150]",HR≥60/EDG≥5.0/CV≤0.7/μ≥0.5/TP≥-,63.01,5.0,0.7,0.5,,81,73,46,27,63.01,0.21,-17.54,17.96,0.153,0.5,10
"[-199,-150]",HR≥60/EDG≥5.0/CV≤0.7/μ≥0.5/TP≥50,63.01,5.0,0.7,0.5,50.0,81,73,46,27,63.01,0.21,-17.54,17.96,0.153,0.5,10
"[-199,-150]",HR≥60/EDG≥5.0/CV≤0.7/μ≥0.5/TP≥55,63.01,5.0,0.7,0.5,55.0,81,73,46,27,63.01,0.21,-17.54,17.96,0.153,0.5,10
"[-199,-150]",HR≥60/EDG≥5.0/CV≤0.7/μ≥0.5/TP≥60,63.27,5.0,0.7,0.5,60.0,55,49,31,18,63.27,-0.67,-22.1,20.76,-0.327,0.5,8
"[-199,-150]",HR≥60/EDG≥5.0/CV≤0.6/μ≥-/TP≥-,58.97,5.0,0.6,,,43,39,23,16,58.97,-6.01,-30.97,18.95,-2.344,0.556,9
"[-199,-150]",HR≥60/EDG≥5.0/CV≤0.6/μ≥-/TP≥50,58.97,5.0,0.6,,50.0,43,39,23,16,58.97,-6.01,-30.97,18.95,-2.344,0.556,9
"[-199,-150]",HR≥60/EDG≥5.0/CV≤0.6/μ≥-/TP≥55,58.97,5.0,0.6,,55.0,43,39,23,16,58.97,-6.01,-30.97,18.95,-2.344,0.556,9
"[-199,-150]",HR≥60/EDG≥5.0/CV≤0.6/μ≥0.0/TP≥-,58.97,5.0,0.6,0.0,,43,39,23,16,58.97,-6.01,-30.97,18.95,-2.344,0.556,9
"[-199,-150]",HR≥60/EDG≥5.0/CV≤0.6/μ≥0.0/TP≥50,58.97,5.0,0.6,0.0,50.0,43,39,23,16,58.97,-6.01,-30.97,18.95,-2.344,0.556,9
"[-199,-150]",HR≥60/EDG≥5.0/CV≤0.6/μ≥0.0/TP≥55,58.97,5.0,0.6,0.0,55.0,43,39,23,16,58.97,-6.01,-30.97,18.95,-2.344,0.556,9
"[-199,-150]",HR≥60/EDG≥5.0/CV≤0.6/μ≥0.5/TP≥-,53.12,5.0,0.6,0.5,,36,32,17,15,53.12,-15.15,-43.24,12.95,-4.846,0.5,8
"[-199,-150]",HR≥60/EDG≥5.0/CV≤0.6/μ≥0.5/TP≥50,53.12,5.0,0.6,0.5,50.0,36,32,17,15,53.12,-15.15,-43.24,12.95,-4.846,0.5,8
"[-199,-150]",HR≥60/EDG≥5.0/CV≤0.6/μ≥0.5/TP≥55,53.12,5.0,0.6,0.5,55.0,36,32,17,15,53.12,-15.15,-43.24,12.95,-4.846,0.5,8
"[-199,-150]",HR≥60/EDG≥10.0/CV≤-/μ≥-/TP≥-,67.63,10.0,,,,275,241,163,78,67.63,7.66,-1.78,17.09,18.449,0.769,13
"[-199,-150]",HR≥60/EDG≥10.0/CV≤-/μ≥-/TP≥50,67.63,10.0,,,50.0,275,241,163,78,67.63,7.66,-1.78,17.09,18.449,0.769,13
"[-199,-150]",HR≥60/EDG≥10.0/CV≤-/μ≥-/TP≥55,67.63,10.0,,,55.0,275,241,163,78,67.63,7.66,-1.78,17.09,18.449,0.769,13
"[-199,-150]",HR≥60/EDG≥10.0/CV≤-/μ≥-/TP≥60,71.63,10.0,,,60.0,162,141,101,40,71.63,12.1,0.4,23.8,17.063,0.583,12
"[-199,-150]",HR≥60/EDG≥10.0/CV≤-/μ≥0.0/TP≥-,67.63,10.0,,0.0,,275,241,163,78,67.63,7.66,-1.78,17.09,18.449,0.769,13
"[-199,-150]",HR≥60/EDG≥10.0/CV≤-/μ≥0.0/TP≥50,67.63,10.0,,0.0,50.0,275,241,163,78,67.63,7.66,-1.78,17.09,18.449,0.769,13
"[-199,-150]",HR≥60/EDG≥10.0/CV≤-/μ≥0.0/TP≥55,67.63,10.0,,0.0,55.0,275,241,163,78,67.63,7.66,-1.78,17.09,18.449,0.769,13
"[-199,-150]",HR≥60/EDG≥10.0/CV≤-/μ≥0.0/TP≥60,71.63,10.0,,0.0,60.0,162,141,101,40,71.63,12.1,0.4,23.8,17.063,0.583,12
"[-199,-150]",HR≥60/EDG≥10.0/CV≤-/μ≥0.5/TP≥-,68.14,10.0,,0.5,,236,204,139,65,68.14,8.29,-1.91,18.49,16.907,0.769,13
"[-199,-150]",HR≥60/EDG≥10.0/CV≤-/μ≥0.5/TP≥50,68.14,10.0,,0.5,50.0,236,204,139,65,68.14,8.29,-1.91,18.49,16.907,0.769,13
"[-199,-150]",HR≥60/EDG≥10.0/CV≤-/μ≥0.5/TP≥55,68.14,10.0,,0.5,55.0,236,204,139,65,68.14,8.29,-1.91,18.49,16.907,0.769,13
"[-199,-150]",HR≥60/EDG≥10.0/CV≤-/μ≥0.5/TP≥60,71.31,10.0,,0.5,60.0,142,122,87,35,71.31,11.48,-1.14,24.09,14.002,0.636,11
"[-199,-150]",HR≥60/EDG≥10.0/CV≤-/μ≥1.0/TP≥-,76.36,10.0,,1.0,,67,55,42,13,76.36,21.29,3.26,39.32,11.709,0.625,8
"[-199,-150]",HR≥60/EDG≥10.0/CV≤-/μ≥1.0/TP≥50,76.36,10.0,,1.0,50.0,67,55,42,13,76.36,21.29,3.26,39.32,11.709,0.625,8
"[-199,-150]",HR≥60/EDG≥10.0/CV≤-/μ≥1.0/TP≥55,76.36,10.0,,1.0,55.0,67,55,42,13,76.36,21.29,3.26,39.32,11.709,0.625,8
"[-199,-150]",HR≥60/EDG≥10.0/CV≤-/μ≥1.0/TP≥60,81.58,10.0,,1.0,60.0,48,38,31,7,81.58,28.36,8.67,48.04,10.776,0.75,8
"[-199,-150]",HR≥60/EDG≥10.0/CV≤0.7/μ≥-/TP≥-,64.84,10.0,0.7,,,100,91,59,32,64.84,3.46,-12.3,19.22,3.149,0.667,12
"[-199,-150]",HR≥60/EDG≥10.0/CV≤0.7/μ≥-/TP≥50,64.84,10.0,0.7,,50.0,100,91,59,32,64.84,3.46,-12.3,19.22,3.149,0.667,12
"[-199,-150]",HR≥60/EDG≥10.0/CV≤0.7/μ≥-/TP≥55,64.84,10.0,0.7,,55.0,100,91,59,32,64.84,3.46,-12.3,19.22,3.149,0.667,12
"[-199,-150]",HR≥60/EDG≥10.0/CV≤0.7/μ≥-/TP≥60,64.41,10.0,0.7,,60.0,66,59,38,21,64.41,1.41,-18.01,20.83,0.833,0.636,11
"[-199,-150]",HR≥60/EDG≥10.0/CV≤0.7/μ≥0.0/TP≥-,64.84,10.0,0.7,0.0,,100,91,59,32,64.84,3.46,-12.3,19.22,3.149,0.667,12
"[-199,-150]",HR≥60/EDG≥10.0/CV≤0.7/μ≥0.0/TP≥50,64.84,10.0,0.7,0.0,50.0,100,91,59,32,64.84,3.46,-12.3,19.22,3.149,0.667,12
"[-199,-150]",HR≥60/EDG≥10.0/CV≤0.7/μ≥0.0/TP≥55,64.84,10.0,0.7,0.0,55.0,100,91,59,32,64.84,3.46,-12.3,19.22,3.149,0.667,12
"[-199,-150]",HR≥60/EDG≥10.0/CV≤0.7/μ≥0.0/TP≥60,64.41,10.0,0.7,0.0,60.0,66,59,38,21,64.41,1.41,-18.01,20.83,0.833,0.636,11
"[-199,-150]",HR≥60/EDG≥10.0/CV≤0.7/μ≥0.5/TP≥-,63.01,10.0,0.7,0.5,,81,73,46,27,63.01,0.21,-17.54,17.96,0.153,0.5,10
"[-199,-150]",HR≥60/EDG≥10.0/CV≤0.7/μ≥0.5/TP≥50,63.01,10.0,0.7,0.5,50.0,81,73,46,27,63.01,0.21,-17.54,17.96,0.153,0.5,10
"[-199,-150]",HR≥60/EDG≥10.0/CV≤0.7/μ≥0.5/TP≥55,63.01,10.0,0.7,0.5,55.0,81,73,46,27,63.01,0.21,-17.54,17.96,0.153,0.5,10
"[-199,-150]",HR≥60/EDG≥10.0/CV≤0.7/μ≥0.5/TP≥60,63.27,10.0,0.7,0.5,60.0,55,49,31,18,63.27,-0.67,-22.1,20.76,-0.327,0.5,8
"[-199,-150]",HR≥60/EDG≥10.0/CV≤0.6/μ≥-/TP≥-,57.89,10.0,0.6,,,42,38,22,16,57.89,-7.52,-32.97,17.93,-2.857,0.556,9
"[-199,-150]",HR≥60/EDG≥10.0/CV≤0.6/μ≥-/TP≥50,57.89,10.0,0.6,,50.0,42,38,22,16,57.89,-7.52,-32.97,17.93,-2.857,0.556,9
"[-199,-150]",HR≥60/EDG≥10.0/CV≤0.6/μ≥-/TP≥55,57.89,10.0,0.6,,55.0,42,38,22,16,57.89,-7.52,-32.97,17.93,-2.857,0.556,9
"[-199,-150]",HR≥60/EDG≥10.0/CV≤0.6/μ≥0.0/TP≥-,57.89,10.0,0.6,0.0,,42,38,22,16,57.89,-7.52,-32.97,17.93,-2.857,0.556,9
"[-199,-150]",HR≥60/EDG≥10.0/CV≤0.6/μ≥0.0/TP≥50,57.89,10.0,0.6,0.0,50.0,42,38,22,16,57.89,-7.52,-32.97,17.93,-2.857,0.556,9
"[-199,-150]",HR≥60/EDG≥10.0/CV≤0.6/μ≥0.0/TP≥55,57.89,10.0,0.6,0.0,55.0,42,38,22,16,57.89,-7.52,-32.97,17.93,-2.857,0.556,9
"[-199,-150]",HR≥60/EDG≥10.0/CV≤0.6/μ≥0.5/TP≥-,53.12,10.0,0.6,0.5,,36,32,17,15,53.12,-15.15,-43.24,12.95,-4.846,0.5,8
"[-199,-150]",HR≥60/EDG≥10.0/CV≤0.6/μ≥0.5/TP≥50,53.12,10.0,0.6,0.5,50.0,36,32,17,15,53.12,-15.15,-43.24,12.95,-4.846,0.5,8
"[-199,-150]",HR≥60/EDG≥10.0/CV≤0.6/μ≥0.5/TP≥55,53.12,10.0,0.6,0.5,55.0,36,32,17,15,53.12,-15.15,-43.24,12.95,-4.846,0.5,8
"[-199,-150]",HR≥65/EDG≥-/CV≤-/μ≥-/TP≥-,61.48,,,,,459,392,241,151,61.48,-2.16,-9.84,5.53,-8.45,0.308,13
"[-199,-150]",HR≥65/EDG≥-/CV≤-/μ≥-/TP≥50,61.48,,,,50.0,459,392,241,151,61.48,-2.16,-9.84,5.53,-8.45,0.308,13
"[-199,-150]",HR≥65/EDG≥-/CV≤-/μ≥-/TP≥55,61.28,,,,55.0,456,390,239,151,61.28,-2.46,-10.17,5.25,-9.596,0.308,13
"[-199,-150]",HR≥65/EDG≥-/CV≤-/μ≥-/TP≥60,61.37,,,,60.0,275,233,143,90,61.37,-4.1,-13.9,5.69,-9.561,0.385,13
"[-199,-150]",HR≥65/EDG≥-/CV≤-/μ≥0.0/TP≥-,61.78,,,0.0,,448,382,236,146,61.78,-1.68,-9.45,6.1,-6.414,0.385,13
"[-199,-150]",HR≥65/EDG≥-/CV≤-/μ≥0.0/TP≥50,61.78,,,0.0,50.0,448,382,236,146,61.78,-1.68,-9.45,6.1,-6.414,0.385,13
"[-199,-150]",HR≥65/EDG≥-/CV≤-/μ≥0.0/TP≥55,61.58,,,0.0,55.0,445,380,234,146,61.58,-1.99,-9.79,5.81,-7.56,0.385,13
"[-199,-150]",HR≥65/EDG≥-/CV≤-/μ≥0.0/TP≥60,60.87,,,0.0,60.0,271,230,140,90,60.87,-4.88,-14.76,5.01,-11.213,0.385,13
"[-199,-150]",HR≥65/EDG≥-/CV≤-/μ≥0.5/TP≥-,67.65,,,0.5,,238,204,138,66,67.65,7.55,-2.7,17.8,15.402,0.769,13
"[-199,-150]",HR≥65/EDG≥-/CV≤-/μ≥0.5/TP≥50,67.65,,,0.5,50.0,238,204,138,66,67.65,7.55,-2.7,17.8,15.402,0.769,13
"[-199,-150]",HR≥65/EDG≥-/CV≤-/μ≥0.5/TP≥55,67.65,,,0.5,55.0,238,204,138,66,67.65,7.55,-2.7,17.8,15.402,0.769,13
"[-199,-150]",HR≥65/EDG≥-/CV≤-/μ≥0.5/TP≥60,70.49,,,0.5,60.0,144,122,86,36,70.49,10.23,-2.49,22.95,12.476,0.615,13
"[-199,-150]",HR≥65/EDG≥-/CV≤-/μ≥1.0/TP≥-,75.47,,,1.0,,65,53,40,13,75.47,19.78,1.19,38.37,10.483,0.625,8
"[-199,-150]",HR≥65/EDG≥-/CV≤-/μ≥1.0/TP≥50,75.47,,,1.0,50.0,65,53,40,13,75.47,19.78,1.19,38.37,10.483,0.625,8
"[-199,-150]",HR≥65/EDG≥-/CV≤-/μ≥1.0/TP≥55,75.47,,,1.0,55.0,65,53,40,13,75.47,19.78,1.19,38.37,10.483,0.625,8
"[-199,-150]",HR≥65/EDG≥-/CV≤-/μ≥1.0/TP≥60,80.56,,,1.0,60.0,46,36,29,7,80.56,26.53,5.9,47.16,9.551,0.75,8
"[-199,-150]",HR≥65/EDG≥-/CV≤0.7/μ≥-/TP≥-,62.79,,0.7,,,144,129,81,48,62.79,0.01,-13.34,13.36,0.013,0.5,12
"[-199,-150]",HR≥65/EDG≥-/CV≤0.7/μ≥-/TP≥50,62.79,,0.7,,50.0,144,129,81,48,62.79,0.01,-13.34,13.36,0.013,0.5,12
"[-199,-150]",HR≥65/EDG≥-/CV≤0.7/μ≥-/TP≥55,62.79,,0.7,,55.0,144,129,81,48,62.79,0.01,-13.34,13.36,0.013,0.5,12
"[-199,-150]",HR≥65/EDG≥-/CV≤0.7/μ≥-/TP≥60,59.52,,0.7,,60.0,94,84,50,34,59.52,-6.69,-23.26,9.87,-5.624,0.5,12
"[-199,-150]",HR≥65/EDG≥-/CV≤0.7/μ≥0.0/TP≥-,62.5,,0.7,0.0,,142,128,80,48,62.5,-0.49,-13.92,12.93,-0.632,0.5,12
"[-199,-150]",HR≥65/EDG≥-/CV≤0.7/μ≥0.0/TP≥50,62.5,,0.7,0.0,50.0,142,128,80,48,62.5,-0.49,-13.92,12.93,-0.632,0.5,12
"[-199,-150]",HR≥65/EDG≥-/CV≤0.7/μ≥0.0/TP≥55,62.5,,0.7,0.0,55.0,142,128,80,48,62.5,-0.49,-13.92,12.93,-0.632,0.5,12
"[-199,-150]",HR≥65/EDG≥-/CV≤0.7/μ≥0.0/TP≥60,59.52,,0.7,0.0,60.0,93,84,50,34,59.52,-6.69,-23.26,9.87,-5.624,0.5,12
"[-199,-150]",HR≥65/EDG≥-/CV≤0.7/μ≥0.5/TP≥-,63.01,,0.7,0.5,,81,73,46,27,63.01,0.21,-17.54,17.96,0.153,0.5,10
"[-199,-150]",HR≥65/EDG≥-/CV≤0.7/μ≥0.5/TP≥50,63.01,,0.7,0.5,50.0,81,73,46,27,63.01,0.21,-17.54,17.96,0.153,0.5,10
"[-199,-150]",HR≥65/EDG≥-/CV≤0.7/μ≥0.5/TP≥55,63.01,,0.7,0.5,55.0,81,73,46,27,63.01,0.21,-17.54,17.96,0.153,0.5,10
"[-199,-150]",HR≥65/EDG≥-/CV≤0.7/μ≥0.5/TP≥60,63.27,,0.7,0.5,60.0,55,49,31,18,63.27,-0.67,-22.1,20.76,-0.327,0.5,8
"[-199,-150]",HR≥65/EDG≥-/CV≤0.6/μ≥-/TP≥-,54.76,,0.6,,,46,42,23,19,54.76,-12.72,-37.04,11.59,-5.344,0.444,9
"[-199,-150]",HR≥65/EDG≥-/CV≤0.6/μ≥-/TP≥50,54.76,,0.6,,50.0,46,42,23,19,54.76,-12.72,-37.04,11.59,-5.344,0.444,9
"[-199,-150]",HR≥65/EDG≥-/CV≤0.6/μ≥-/TP≥55,54.76,,0.6,,55.0,46,42,23,19,54.76,-12.72,-37.04,11.59,-5.344,0.444,9
"[-199,-150]",HR≥65/EDG≥-/CV≤0.6/μ≥0.0/TP≥-,54.76,,0.6,0.0,,46,42,23,19,54.76,-12.72,-37.04,11.59,-5.344,0.444,9
"[-199,-150]",HR≥65/EDG≥-/CV≤0.6/μ≥0.0/TP≥50,54.76,,0.6,0.0,50.0,46,42,23,19,54.76,-12.72,-37.04,11.59,-5.344,0.444,9
"[-199,-150]",HR≥65/EDG≥-/CV≤0.6/μ≥0.0/TP≥55,54.76,,0.6,0.0,55.0,46,42,23,19,54.76,-12.72,-37.04,11.59,-5.344,0.444,9
"[-199,-150]",HR≥65/EDG≥-/CV≤0.6/μ≥0.5/TP≥-,53.12,,0.6,0.5,,36,32,17,15,53.12,-15.15,-43.24,12.95,-4.846,0.5,8
"[-199,-150]",HR≥65/EDG≥-/CV≤0.6/μ≥0.5/TP≥50,53.12,,0.6,0.5,50.0,36,32,17,15,53.12,-15.15,-43.24,12.95,-4.846,0.5,8
"[-199,-150]",HR≥65/EDG≥-/CV≤0.6/μ≥0.5/TP≥55,53.12,,0.6,0.5,55.0,36,32,17,15,53.12,-15.15,-43.24,12.95,-4.846,0.5,8
"[-199,-150]",HR≥65/EDG≥-5.0/CV≤-/μ≥-/TP≥-,63.56,-5.0,,,,416,354,225,129,63.56,1.18,-6.82,9.18,4.185,0.538,13
"[-199,-150]",HR≥65/EDG≥-5.0/CV≤-/μ≥-/TP≥50,63.56,-5.0,,,50.0,416,354,225,129,63.56,1.18,-6.82,9.18,4.185,0.538,13
"[-199,-150]",HR≥65/EDG≥-5.0/CV≤-/μ≥-/TP≥55,63.56,-5.0,,,55.0,416,354,225,129,63.56,1.18,-6.82,9.18,4.185,0.538,13
"[-199,-150]",HR≥65/EDG≥-5.0/CV≤-/μ≥-/TP≥60,64.45,-5.0,,,60.0,250,211,136,75,64.45,0.8,-9.34,10.93,1.681,0.462,13
"[-199,-150]",HR≥65/EDG≥-5.0/CV≤-/μ≥0.0/TP≥-,63.56,-5.0,,0.0,,416,354,225,129,63.56,1.18,-6.82,9.18,4.185,0.538,13
"[-199,-150]",HR≥65/EDG≥-5.0/CV≤-/μ≥0.0/TP≥50,63.56,-5.0,,0.0,50.0,416,354,225,129,63.56,1.18,-6.82,9.18,4.185,0.538,13
"[-199,-150]",HR≥65/EDG≥-5.0/CV≤-/μ≥0.0/TP≥55,63.56,-5.0,,0.0,55.0,416,354,225,129,63.56,1.18,-6.82,9.18,4.185,0.538,13
"[-199,-150]",HR≥65/EDG≥-5.0/CV≤-/μ≥0.0/TP≥60,64.45,-5.0,,0.0,60.0,250,211,136,75,64.45,0.8,-9.34,10.93,1.681,0.462,13
"[-199,-150]",HR≥65/EDG≥-5.0/CV≤-/μ≥0.5/TP≥-,67.65,-5.0,,0.5,,238,204,138,66,67.65,7.55,-2.7,17.8,15.402,0.769,13
"[-199,-150]",HR≥65/EDG≥-5.0/CV≤-/μ≥0.5/TP≥50,67.65,-5.0,,0.5,50.0,238,204,138,66,67.65,7.55,-2.7,17.8,15.402,0.769,13
"[-199,-150]",HR≥65/EDG≥-5.0/CV≤-/μ≥0.5/TP≥55,67.65,-5.0,,0.5,55.0,238,204,138,66,67.65,7.55,-2.7,17.8,15.402,0.769,13
"[-199,-150]",HR≥65/EDG≥-5.0/CV≤-/μ≥0.5/TP≥60,70.49,-5.0,,0.5,60.0,144,122,86,36,70.49,10.23,-2.49,22.95,12.476,0.615,13
"[-199,-150]",HR≥65/EDG≥-5.0/CV≤-/μ≥1.0/TP≥-,75.47,-5.0,,1.0,,65,53,40,13,75.47,19.78,1.19,38.37,10.483,0.625,8
"[-199,-150]",HR≥65/EDG≥-5.0/CV≤-/μ≥1.0/TP≥50,75.47,-5.0,,1.0,50.0,65,53,40,13,75.47,19.78,1.19,38.37,10.483,0.625,8
"[-199,-150]",HR≥65/EDG≥-5.0/CV≤-/μ≥1.0/TP≥55,75.47,-5.0,,1.0,55.0,65,53,40,13,75.47,19.78,1.19,38.37,10.483,0.625,8
"[-199,-150]",HR≥65/EDG≥-5.0/CV≤-/μ≥1.0/TP≥60,80.56,-5.0,,1.0,60.0,46,36,29,7,80.56,26.53,5.9,47.16,9.551,0.75,8
"[-199,-150]",HR≥65/EDG≥-5.0/CV≤0.7/μ≥-/TP≥-,63.93,-5.0,0.7,,,135,122,78,44,63.93,1.82,-11.83,15.46,2.217,0.5,12
"[-199,-150]",HR≥65/EDG≥-5.0/CV≤0.7/μ≥-/TP≥50,63.93,-5.0,0.7,,50.0,135,122,78,44,63.93,1.82,-11.83,15.46,2.217,0.5,12
"[-199,-150]",HR≥65/EDG≥-5.0/CV≤0.7/μ≥-/TP≥55,63.93,-5.0,0.7,,55.0,135,122,78,44,63.93,1.82,-11.83,15.46,2.217,0.5,12
"[-199,-150]",HR≥65/EDG≥-5.0/CV≤0.7/μ≥-/TP≥60,61.25,-5.0,0.7,,60.0,88,80,49,31,61.25,-3.94,-20.8,12.93,-3.15,0.583,12
"[-199,-150]",HR≥65/EDG≥-5.0/CV≤0.7/μ≥0.0/TP≥-,63.93,-5.0,0.7,0.0,,135,122,78,44,63.93,1.82,-11.83,15.46,2.217,0.5,12
"[-199,-150]",HR≥65/EDG≥-5.0/CV≤0.7/μ≥0.0/TP≥50,63.93,-5.0,0.7,0.0,50.0,135,122,78,44,63.93,1.82,-11.83,15.46,2.217,0.5,12
"[-199,-150]",HR≥65/EDG≥-5.0/CV≤0.7/μ≥0.0/TP≥55,63.93,-5.0,0.7,0.0,55.0,135,122,78,44,63.93,1.82,-11.83,15.46,2.217,0.5,12
"[-199,-150]",HR≥65/EDG≥-5.0/CV≤0.7/μ≥0.0/TP≥60,61.25,-5.0,0.7,0.0,60.0,88,80,49,31,61.25,-3.94,-20.8,12.93,-3.15,0.583,12
"[-199,-150]",HR≥65/EDG≥-5.0/CV≤0.7/μ≥0.5/TP≥-,63.01,-5.0,0.7,0.5,,81,73,46,27,63.01,0.21,-17.54,17.96,0.153,0.5,10
"[-199,-150]",HR≥65/EDG≥-5.0/CV≤0.7/μ≥0.5/TP≥50,63.01,-5.0,0.7,0.5,50.0,81,73,46,27,63.01,0.21,-17.54,17.96,0.153,0.5,10
"[-199,-150]",HR≥65/EDG≥-5.0/CV≤0.7/μ≥0.5/TP≥55,63.01,-5.0,0.7,0.5,55.0,81,73,46,27,63.01,0.21,-17.54,17.96,0.153,0.5,10
"[-199,-150]",HR≥65/EDG≥-5.0/CV≤0.7/μ≥0.5/TP≥60,63.27,-5.0,0.7,0.5,60.0,55,49,31,18,63.27,-0.67,-22.1,20.76,-0.327,0.5,8
"[-199,-150]",HR≥65/EDG≥-5.0/CV≤0.6/μ≥-/TP≥-,57.5,-5.0,0.6,,,44,40,23,17,57.5,-8.36,-33.12,16.4,-3.344,0.556,9
"[-199,-150]",HR≥65/EDG≥-5.0/CV≤0.6/μ≥-/TP≥50,57.5,-5.0,0.6,,50.0,44,40,23,17,57.5,-8.36,-33.12,16.4,-3.344,0.556,9
"[-199,-150]",HR≥65/EDG≥-5.0/CV≤0.6/μ≥-/TP≥55,57.5,-5.0,0.6,,55.0,44,40,23,17,57.5,-8.36,-33.12,16.4,-3.344,0.556,9
"[-199,-150]",HR≥65/EDG≥-5.0/CV≤0.6/μ≥0.0/TP≥-,57.5,-5.0,0.6,0.0,,44,40,23,17,57.5,-8.36,-33.12,16.4,-3.344,0.556,9
"[-199,-150]",HR≥65/EDG≥-5.0/CV≤0.6/μ≥0.0/TP≥50,57.5,-5.0,0.6,0.0,50.0,44,40,23,17,57.5,-8.36,-33.12,16.4,-3.344,0.556,9
"[-199,-150]",HR≥65/EDG≥-5.0/CV≤0.6/μ≥0.0/TP≥55,57.5,-5.0,0.6,0.0,55.0,44,40,23,17,57.5,-8.36,-33.12,16.4,-3.344,0.556,9
"[-199,-150]",HR≥65/EDG≥-5.0/CV≤0.6/μ≥0.5/TP≥-,53.12,-5.0,0.6,0.5,,36,32,17,15,53.12,-15.15,-43.24,12.95,-4.846,0.5,8
"[-199,-150]",HR≥65/EDG≥-5.0/CV≤0.6/μ≥0.5/TP≥50,53.12,-5.0,0.6,0.5,50.0,36,32,17,15,53.12,-15.15,-43.24,12.95,-4.846,0.5,8
"[-199,-150]",HR≥65/EDG≥-5.0/CV≤0.6/μ≥0.5/TP≥55,53.12,-5.0,0.6,0.5,55.0,36,32,17,15,53.12,-15.15,-43.24,12.95,-4.846,0.5,8
"[-199,-150]",HR≥65/EDG≥0.0/CV≤-/μ≥-/TP≥-,65.36,0.0,,,,360,306,200,106,65.36,4.16,-4.36,12.68,12.734,0.615,13
"[-199,-150]",HR≥65/EDG≥0.0/CV≤-/μ≥-/TP≥50,65.36,0.0,,,50.0,360,306,200,106,65.36,4.16,-4.36,12.68,12.734,0.615,13
"[-199,-150]",HR≥65/EDG≥0.0/CV≤-/μ≥-/TP≥55,65.36,0.0,,,55.0,360,306,200,106,65.36,4.16,-4.36,12.68,12.734,0.615,13
"[-199,-150]",HR≥65/EDG≥0.0/CV≤-/μ≥-/TP≥60,67.82,0.0,,,60.0,209,174,118,56,67.82,6.11,-4.79,17.02,10.638,0.692,13
"[-199,-150]",HR≥65/EDG≥0.0/CV≤-/μ≥0.0/TP≥-,65.36,0.0,,0.0,,360,306,200,106,65.36,4.16,-4.36,12.68,12.734,0.615,13
"[-199,-150]",HR≥65/EDG≥0.0/CV≤-/μ≥0.0/TP≥50,65.36,0.0,,0.0,50.0,360,306,200,106,65.36,4.16,-4.36,12.68,12.734,0.615,13
"[-199,-150]",HR≥65/EDG≥0.0/CV≤-/μ≥0.0/TP≥55,65.36,0.0,,0.0,55.0,360,306,200,106,65.36,4.16,-4.36,12.68,12.734,0.615,13
"[-199,-150]",HR≥65/EDG≥0.0/CV≤-/μ≥0.0/TP≥60,67.82,0.0,,0.0,60.0,209,174,118,56,67.82,6.11,-4.79,17.02,10.638,0.692,13
"[-199,-150]",HR≥65/EDG≥0.0/CV≤-/μ≥0.5/TP≥-,67.65,0.0,,0.5,,238,204,138,66,67.65,7.55,-2.7,17.8,15.402,0.769,13
"[-199,-150]",HR≥65/EDG≥0.0/CV≤-/μ≥0.5/TP≥50,67.65,0.0,,0.5,50.0,238,204,138,66,67.65,7.55,-2.7,17.8,15.402,0.769,13
"[-199,-150]",HR≥65/EDG≥0.0/CV≤-/μ≥0.5/TP≥55,67.65,0.0,,0.5,55.0,238,204,138,66,67.65,7.55,-2.7,17.8,15.402,0.769,13
"[-199,-150]",HR≥65/EDG≥0.0/CV≤-/μ≥0.5/TP≥60,70.49,0.0,,0.5,60.0,144,122,86,36,70.49,10.23,-2.49,22.95,12.476,0.615,13
"[-199,-150]",HR≥65/EDG≥0.0/CV≤-/μ≥1.0/TP≥-,75.47,0.0,,1.0,,65,53,40,13,75.47,19.78,1.19,38.37,10.483,0.625,8
"[-199,-150]",HR≥65/EDG≥0.0/CV≤-/μ≥1.0/TP≥50,75.47,0.0,,1.0,50.0,65,53,40,13,75.47,19.78,1.19,38.37,10.483,0.625,8
"[-199,-150]",HR≥65/EDG≥0.0/CV≤-/μ≥1.0/TP≥55,75.47,0.0,,1.0,55.0,65,53,40,13,75.47,19.78,1.19,38.37,10.483,0.625,8
"[-199,-150]",HR≥65/EDG≥0.0/CV≤-/μ≥1.0/TP≥60,80.56,0.0,,1.0,60.0,46,36,29,7,80.56,26.53,5.9,47.16,9.551,0.75,8
"[-199,-150]",HR≥65/EDG≥0.0/CV≤0.7/μ≥-/TP≥-,66.06,0.0,0.7,,,120,109,72,37,66.06,5.26,-8.99,19.51,5.731,0.583,12
"[-199,-150]",HR≥65/EDG≥0.0/CV≤0.7/μ≥-/TP≥50,66.06,0.0,0.7,,50.0,120,109,72,37,66.06,5.26,-8.99,19.51,5.731,0.583,12
"[-199,-150]",HR≥65/EDG≥0.0/CV≤0.7/μ≥-/TP≥55,66.06,0.0,0.7,,55.0,120,109,72,37,66.06,5.26,-8.99,19.51,5.731,0.583,12
"[-199,-150]",HR≥65/EDG≥0.0/CV≤0.7/μ≥-/TP≥60,65.22,0.0,0.7,,60.0,76,69,45,24,65.22,2.37,-15.42,20.16,1.637,0.667,12
"[-199,-150]",HR≥65/EDG≥0.0/CV≤0.7/μ≥0.0/TP≥-,66.06,0.0,0.7,0.0,,120,109,72,37,66.06,5.26,-8.99,19.51,5.731,0.583,12
"[-199,-150]",HR≥65/EDG≥0.0/CV≤0.7/μ≥0.0/TP≥50,66.06,0.0,0.7,0.0,50.0,120,109,72,37,66.06,5.26,-8.99,19.51,5.731,0.583,12
"[-199,-150]",HR≥65/EDG≥0.0/CV≤0.7/μ≥0.0/TP≥55,66.06,0.0,0.7,0.0,55.0,120,109,72,37,66.06,5.26,-8.99,19.51,5.731,0.583,12
"[-199,-150]",HR≥65/EDG≥0.0/CV≤0.7/μ≥0.0/TP≥60,65.22,0.0,0.7,0.0,60.0,76,69,45,24,65.22,2.37,-15.42,20.16,1.637,0.667,12
"[-199,-150]",HR≥65/EDG≥0.0/CV≤0.7/μ≥0.5/TP≥-,63.01,0.0,0.7,0.5,,81,73,46,27,63.01,0.21,-17.54,17.96,0.153,0.5,10
"[-199,-150]",HR≥65/EDG≥0.0/CV≤0.7/μ≥0.5/TP≥50,63.01,0.0,0.7,0.5,50.0,81,73,46,27,63.01,0.21,-17.54,17.96,0.153,0.5,10
"[-199,-150]",HR≥65/EDG≥0.0/CV≤0.7/μ≥0.5/TP≥55,63.01,0.0,0.7,0.5,55.0,81,73,46,27,63.01,0.21,-17.54,17.96,0.153,0.5,10
"[-199,-150]",HR≥65/EDG≥0.0/CV≤0.7/μ≥0.5/TP≥60,63.27,0.0,0.7,0.5,60.0,55,49,31,18,63.27,-0.67,-22.1,20.76,-0.327,0.5,8
"[-199,-150]",HR≥65/EDG≥0.0/CV≤0.6/μ≥-/TP≥-,57.5,0.0,0.6,,,44,40,23,17,57.5,-8.36,-33.12,16.4,-3.344,0.556,9
"[-199,-150]",HR≥65/EDG≥0.0/CV≤0.6/μ≥-/TP≥50,57.5,0.0,0.6,,50.0,44,40,23,17,57.5,-8.36,-33.12,16.4,-3.344,0.556,9
"[-199,-150]",HR≥65/EDG≥0.0/CV≤0.6/μ≥-/TP≥55,57.5,0.0,0.6,,55.0,44,40,23,17,57.5,-8.36,-33.12,16.4,-3.344,0.556,9
"[-199,-150]",HR≥65/EDG≥0.0/CV≤0.6/μ≥0.0/TP≥-,57.5,0.0,0.6,0.0,,44,40,23,17,57.5,-8.36,-33.12,16.4,-3.344,0.556,9
"[-199,-150]",HR≥65/EDG≥0.0/CV≤0.6/μ≥0.0/TP≥50,57.5,0.0,0.6,0.0,50.0,44,40,23,17,57.5,-8.36,-33.12,16.4,-3.344,0.556,9
"[-199,-150]",HR≥65/EDG≥0.0/CV≤0.6/μ≥0.0/TP≥55,57.5,0.0,0.6,0.0,55.0,44,40,23,17,57.5,-8.36,-33.12,16.4,-3.344,0.556,9
"[-199,-150]",HR≥65/EDG≥0.0/CV≤0.6/μ≥0.5/TP≥-,53.12,0.0,0.6,0.5,,36,32,17,15,53.12,-15.15,-43.24,12.95,-4.846,0.5,8
"[-199,-150]",HR≥65/EDG≥0.0/CV≤0.6/μ≥0.5/TP≥50,53.12,0.0,0.6,0.5,50.0,36,32,17,15,53.12,-15.15,-43.24,12.95,-4.846,0.5,8
"[-199,-150]",HR≥65/EDG≥0.0/CV≤0.6/μ≥0.5/TP≥55,53.12,0.0,0.6,0.5,55.0,36,32,17,15,53.12,-15.15,-43.24,12.95,-4.846,0.5,8
"[-199,-150]",HR≥65/EDG≥5.0/CV≤-/μ≥-/TP≥-,66.54,5.0,,,,304,263,175,88,66.54,5.93,-3.18,15.04,15.595,0.692,13
"[-199,-150]",HR≥65/EDG≥5.0/CV≤-/μ≥-/TP≥50,66.54,5.0,,,50.0,304,263,175,88,66.54,5.93,-3.18,15.04,15.595,0.692,13
"[-199,-150]",HR≥65/EDG≥5.0/CV≤-/μ≥-/TP≥55,66.54,5.0,,,55.0,304,263,175,88,66.54,5.93,-3.18,15.04,15.595,0.692,13
"[-199,-150]",HR≥65/EDG≥5.0/CV≤-/μ≥-/TP≥60,69.54,5.0,,,60.0,177,151,105,46,69.54,8.75,-2.79,20.28,13.205,0.692,13
"[-199,-150]",HR≥65/EDG≥5.0/CV≤-/μ≥0.0/TP≥-,66.54,5.0,,0.0,,304,263,175,88,66.54,5.93,-3.18,15.04,15.595,0.692,13
"[-199,-150]",HR≥65/EDG≥5.0/CV≤-/μ≥0.0/TP≥50,66.54,5.0,,0.0,50.0,304,263,175,88,66.54,5.93,-3.18,15.04,15.595,0.692,13
"[-199,-150]",HR≥65/EDG≥5.0/CV≤-/μ≥0.0/TP≥55,66.54,5.0,,0.0,55.0,304,263,175,88,66.54,5.93,-3.18,15.04,15.595,0.692,13
"[-199,-150]",HR≥65/EDG≥5.0/CV≤-/μ≥0.0/TP≥60,69.54,5.0,,0.0,60.0,177,151,105,46,69.54,8.75,-2.79,20.28,13.205,0.692,13
"[-199,-150]",HR≥65/EDG≥5.0/CV≤-/μ≥0.5/TP≥-,67.5,5.0,,0.5,,234,200,135,65,67.5,7.36,-3.01,17.72,14.714,0.769,13
"[-199,-150]",HR≥65/EDG≥5.0/CV≤-/μ≥0.5/TP≥50,67.5,5.0,,0.5,50.0,234,200,135,65,67.5,7.36,-3.01,17.72,14.714,0.769,13
"[-199,-150]",HR≥65/EDG≥5.0/CV≤-/μ≥0.5/TP≥55,67.5,5.0,,0.5,55.0,234,200,135,65,67.5,7.36,-3.01,17.72,14.714,0.769,13
"[-199,-150]",HR≥65/EDG≥5.0/CV≤-/μ≥0.5/TP≥60,70.59,5.0,,0.5,60.0,141,119,84,35,70.59,10.42,-2.46,23.29,12.394,0.615,13
"[-199,-150]",HR≥65/EDG≥5.0/CV≤-/μ≥1.0/TP≥-,75.47,5.0,,1.0,,65,53,40,13,75.47,19.78,1.19,38.37,10.483,0.625,8
"[-199,-150]",HR≥65/EDG≥5.0/CV≤-/μ≥1.0/TP≥50,75.47,5.0,,1.0,50.0,65,53,40,13,75.47,19.78,1.19,38.37,10.483,0.625,8
"[-199,-150]",HR≥65/EDG≥5.0/CV≤-/μ≥1.0/TP≥55,75.47,5.0,,1.0,55.0,65,53,40,13,75.47,19.78,1.19,38.37,10.483,0.625,8
"[-199,-150]",HR≥65/EDG≥5.0/CV≤-/μ≥1.0/TP≥60,80.56,5.0,,1.0,60.0,46,36,29,7,80.56,26.53,5.9,47.16,9.551,0.75,8
"[-199,-150]",HR≥65/EDG≥5.0/CV≤0.7/μ≥-/TP≥-,66.02,5.0,0.7,,,114,103,68,35,66.02,5.11,-9.54,19.77,5.268,0.583,12
"[-199,-150]",HR≥65/EDG≥5.0/CV≤0.7/μ≥-/TP≥50,66.02,5.0,0.7,,50.0,114,103,68,35,66.02,5.11,-9.54,19.77,5.268,0.583,12
"[-199,-150]",HR≥65/EDG≥5.0/CV≤0.7/μ≥-/TP≥55,66.02,5.0,0.7,,55.0,114,103,68,35,66.02,5.11,-9.54,19.77,5.268,0.583,12
"[-199,-150]",HR≥65/EDG≥5.0/CV≤0.7/μ≥-/TP≥60,65.15,5.0,0.7,,60.0,73,66,43,23,65.15,2.22,-15.97,20.41,1.465,0.667,12
"[-199,-150]",HR≥65/EDG≥5.0/CV≤0.7/μ≥0.0/TP≥-,66.02,5.0,0.7,0.0,,114,103,68,35,66.02,5.11,-9.54,19.77,5.268,0.583,12
"[-199,-150]",HR≥65/EDG≥5.0/CV≤0.7/μ≥0.0/TP≥50,66.02,5.0,0.7,0.0,50.0,114,103,68,35,66.02,5.11,-9.54,19.77,5.268,0.583,12
"[-199,-150]",HR≥65/EDG≥5.0/CV≤0.7/μ≥0.0/TP≥55,66.02,5.0,0.7,0.0,55.0,114,103,68,35,66.02,5.11,-9.54,19.77,5.268,0.583,12
"[-199,-150]",HR≥65/EDG≥5.0/CV≤0.7/μ≥0.0/TP≥60,65.15,5.0,0.7,0.0,60.0,73,66,43,23,65.15,2.22,-15.97,20.41,1.465,0.667,12
"[-199,-150]",HR≥65/EDG≥5.0/CV≤0.7/μ≥0.5/TP≥-,63.01,5.0,0.7,0.5,,81,73,46,27,63.01,0.21,-17.54,17.96,0.153,0.5,10
"[-199,-150]",HR≥65/EDG≥5.0/CV≤0.7/μ≥0.5/TP≥50,63.01,5.0,0.7,0.5,50.0,81,73,46,27,63.01,0.21,-17.54,17.96,0.153,0.5,10
"[-199,-150]",HR≥65/EDG≥5.0/CV≤0.7/μ≥0.5/TP≥55,63.01,5.0,0.7,0.5,55.0,81,73,46,27,63.01,0.21,-17.54,17.96,0.153,0.5,10
"[-199,-150]",HR≥65/EDG≥5.0/CV≤0.7/μ≥0.5/TP≥60,63.27,5.0,0.7,0.5,60.0,55,49,31,18,63.27,-0.67,-22.1,20.76,-0.327,0.5,8
"[-199,-150]",HR≥65/EDG≥5.0/CV≤0.6/μ≥-/TP≥-,58.97,5.0,0.6,,,43,39,23,16,58.97,-6.01,-30.97,18.95,-2.344,0.556,9
"[-199,-150]",HR≥65/EDG≥5.0/CV≤0.6/μ≥-/TP≥50,58.97,5.0,0.6,,50.0,43,39,23,16,58.97,-6.01,-30.97,18.95,-2.344,0.556,9
"[-199,-150]",HR≥65/EDG≥5.0/CV≤0.6/μ≥-/TP≥55,58.97,5.0,0.6,,55.0,43,39,23,16,58.97,-6.01,-30.97,18.95,-2.344,0.556,9
"[-199,-150]",HR≥65/EDG≥5.0/CV≤0.6/μ≥0.0/TP≥-,58.97,5.0,0.6,0.0,,43,39,23,16,58.97,-6.01,-30.97,18.95,-2.344,0.556,9
"[-199,-150]",HR≥65/EDG≥5.0/CV≤0.6/μ≥0.0/TP≥50,58.97,5.0,0.6,0.0,50.0,43,39,23,16,58.97,-6.01,-30.97,18.95,-2.344,0.556,9
"[-199,-150]",HR≥65/EDG≥5.0/CV≤0.6/μ≥0.0/TP≥55,58.97,5.0,0.6,0.0,55.0,43,39,23,16,58.97,-6.01,-30.97,18.95,-2.344,0.556,9
"[-199,-150]",HR≥65/EDG≥5.0/CV≤0.6/μ≥0.5/TP≥-,53.12,5.0,0.6,0.5,,36,32,17,15,53.12,-15.15,-43.24,12.95,-4.846,0.5,8
"[-199,-150]",HR≥65/EDG≥5.0/CV≤0.6/μ≥0.5/TP≥50,53.12,5.0,0.6,0.5,50.0,36,32,17,15,53.12,-15.15,-43.24,12.95,-4.846,0.5,8
"[-199,-150]",HR≥65/EDG≥5.0/CV≤0.6/μ≥0.5/TP≥55,53.12,5.0,0.6,0.5,55.0,36,32,17,15,53.12,-15.15,-43.24,12.95,-4.846,0.5,8
"[-199,-150]",HR≥65/EDG≥10.0/CV≤-/μ≥-/TP≥-,68.25,10.0,,,,245,211,144,67,68.25,8.63,-1.41,18.67,18.207,0.769,13
"[-199,-150]",HR≥65/EDG≥10.0/CV≤-/μ≥-/TP≥50,68.25,10.0,,,50.0,245,211,144,67,68.25,8.63,-1.41,18.67,18.207,0.769,13
"[-199,-150]",HR≥65/EDG≥10.0/CV≤-/μ≥-/TP≥55,68.25,10.0,,,55.0,245,211,144,67,68.25,8.63,-1.41,18.67,18.207,0.769,13
"[-199,-150]",HR≥65/EDG≥10.0/CV≤-/μ≥-/TP≥60,70.31,10.0,,,60.0,149,128,90,38,70.31,10.11,-2.34,22.57,12.947,0.583,12
"[-199,-150]",HR≥65/EDG≥10.0/CV≤-/μ≥0.0/TP≥-,68.25,10.0,,0.0,,245,211,144,67,68.25,8.63,-1.41,18.67,18.207,0.769,13
"[-199,-150]",HR≥65/EDG≥10.0/CV≤-/μ≥0.0/TP≥50,68.25,10.0,,0.0,50.0,245,211,144,67,68.25,8.63,-1.41,18.67,18.207,0.769,13
"[-199,-150]",HR≥65/EDG≥10.0/CV≤-/μ≥0.0/TP≥55,68.25,10.0,,0.0,55.0,245,211,144,67,68.25,8.63,-1.41,18.67,18.207,0.769,13
"[-199,-150]",HR≥65/EDG≥10.0/CV≤-/μ≥0.0/TP≥60,70.31,10.0,,0.0,60.0,149,128,90,38,70.31,10.11,-2.34,22.57,12.947,0.583,12
"[-199,-150]",HR≥65/EDG≥10.0/CV≤-/μ≥0.5/TP≥-,68.13,10.0,,0.5,,214,182,124,58,68.13,8.3,-2.5,19.11,15.11,0.769,13
"[-199,-150]",HR≥65/EDG≥10.0/CV≤-/μ≥0.5/TP≥50,68.13,10.0,,0.5,50.0,214,182,124,58,68.13,8.3,-2.5,19.11,15.11,0.769,13
"[-199,-150]",HR≥65/EDG≥10.0/CV≤-/μ≥0.5/TP≥55,68.13,10.0,,0.5,55.0,214,182,124,58,68.13,8.3,-2.5,19.11,15.11,0.769,13
"[-199,-150]",HR≥65/EDG≥10.0/CV≤-/μ≥0.5/TP≥60,70.27,10.0,,0.5,60.0,131,111,78,33,70.27,9.91,-3.47,23.28,10.998,0.636,11
"[-199,-150]",HR≥65/EDG≥10.0/CV≤-/μ≥1.0/TP≥-,75.0,10.0,,1.0,,64,52,39,13,75.0,19.17,0.26,38.09,9.971,0.5,8
"[-199,-150]",HR≥65/EDG≥10.0/CV≤-/μ≥1.0/TP≥50,75.0,10.0,,1.0,50.0,64,52,39,13,75.0,19.17,0.26,38.09,9.971,0.5,8
"[-199,-150]",HR≥65/EDG≥10.0/CV≤-/μ≥1.0/TP≥55,75.0,10.0,,1.0,55.0,64,52,39,13,75.0,19.17,0.26,38.09,9.971,0.5,8
"[-199,-150]",HR≥65/EDG≥10.0/CV≤-/μ≥1.0/TP≥60,80.0,10.0,,1.0,60.0,45,35,28,7,80.0,25.82,4.64,47.0,9.038,0.75,8
"[-199,-150]",HR≥65/EDG≥10.0/CV≤0.7/μ≥-/TP≥-,64.84,10.0,0.7,,,100,91,59,32,64.84,3.46,-12.3,19.22,3.149,0.667,12
"[-199,-150]",HR≥65/EDG≥10.0/CV≤0.7/μ≥-/TP≥50,64.84,10.0,0.7,,50.0,100,91,59,32,64.84,3.46,-12.3,19.22,3.149,0.667,12
"[-199,-150]",HR≥65/EDG≥10.0/CV≤0.7/μ≥-/TP≥55,64.84,10.0,0.7,,55.0,100,91,59,32,64.84,3.46,-12.3,19.22,3.149,0.667,12
"[-199,-150]",HR≥65/EDG≥10.0/CV≤0.7/μ≥-/TP≥60,64.41,10.0,0.7,,60.0,66,59,38,21,64.41,1.41,-18.01,20.83,0.833,0.636,11
"[-199,-150]",HR≥65/EDG≥10.0/CV≤0.7/μ≥0.0/TP≥-,64.84,10.0,0.7,0.0,,100,91,59,32,64.84,3.46,-12.3,19.22,3.149,0.667,12
"[-199,-150]",HR≥65/EDG≥10.0/CV≤0.7/μ≥0.0/TP≥50,64.84,10.0,0.7,0.0,50.0,100,91,59,32,64.84,3.46,-12.3,19.22,3.149,0.667,12
"[-199,-150]",HR≥65/EDG≥10.0/CV≤0.7/μ≥0.0/TP≥55,64.84,10.0,0.7,0.0,55.0,100,91,59,32,64.84,3.46,-12.3,19.22,3.149,0.667,12
"[-199,-150]",HR≥65/EDG≥10.0/CV≤0.7/μ≥0.0/TP≥60,64.41,10.0,0.7,0.0,60.0,66,59,38,21,64.41,1.41,-18.01,20.83,0.833,0.636,11
"[-199,-150]",HR≥65/EDG≥10.0/CV≤0.7/μ≥0.5/TP≥-,63.01,10.0,0.7,0.5,,81,73,46,27,63.01,0.21,-17.54,17.96,0.153,0.5,10
"[-199,-150]",HR≥65/EDG≥10.0/CV≤0.7/μ≥0.5/TP≥50,63.01,10.0,0.7,0.5,50.0,81,73,46,27,63.01,0.21,-17.54,17.96,0.153,0.5,10
"[-199,-150]",HR≥65/EDG≥10.0/CV≤0.7/μ≥0.5/TP≥55,63.01,10.0,0.7,0.5,55.0,81,73,46,27,63.01,0.21,-17.54,17.96,0.153,0.5,10
"[-199,-150]",HR≥65/EDG≥10.0/CV≤0.7/μ≥0.5/TP≥60,63.27,10.0,0.7,0.5,60.0,55,49,31,18,63.27,-0.67,-22.1,20.76,-0.327,0.5,8
"[-199,-150]",HR≥65/EDG≥10.0/CV≤0.6/μ≥-/TP≥-,57.89,10.0,0.6,,,42,38,22,16,57.89,-7.52,-32.97,17.93,-2.857,0.556,9
"[-199,-150]",HR≥65/EDG≥10.0/CV≤0.6/μ≥-/TP≥50,57.89,10.0,0.6,,50.0,42,38,22,16,57.89,-7.52,-32.97,17.93,-2.857,0.556,9
"[-199,-150]",HR≥65/EDG≥10.0/CV≤0.6/μ≥-/TP≥55,57.89,10.0,0.6,,55.0,42,38,22,16,57.89,-7.52,-32.97,17.93,-2.857,0.556,9
"[-199,-150]",HR≥65/EDG≥10.0/CV≤0.6/μ≥0.0/TP≥-,57.89,10.0,0.6,0.0,,42,38,22,16,57.89,-7.52,-32.97,17.93,-2.857,0.556,9
"[-199,-150]",HR≥65/EDG≥10.0/CV≤0.6/μ≥0.0/TP≥50,57.89,10.0,0.6,0.0,50.0,42,38,22,16,57.89,-7.52,-32.97,17.93,-2.857,0.556,9
"[-199,-150]",HR≥65/EDG≥10.0/CV≤0.6/μ≥0.0/TP≥55,57.89,10.0,0.6,0.0,55.0,42,38,22,16,57.89,-7.52,-32.97,17.93,-2.857,0.556,9
"[-199,-150]",HR≥65/EDG≥10.0/CV≤0.6/μ≥0.5/TP≥-,53.12,10.0,0.6,0.5,,36,32,17,15,53.12,-15.15,-43.24,12.95,-4.846,0.5,8
"[-199,-150]",HR≥65/EDG≥10.0/CV≤0.6/μ≥0.5/TP≥50,53.12,10.0,0.6,0.5,50.0,36,32,17,15,53.12,-15.15,-43.24,12.95,-4.846,0.5,8
"[-199,-150]",HR≥65/EDG≥10.0/CV≤0.6/μ≥0.5/TP≥55,53.12,10.0,0.6,0.5,55.0,36,32,17,15,53.12,-15.15,-43.24,12.95,-4.846,0.5,8
"[-199,-150]",HR≥70/EDG≥-/CV≤-/μ≥-/TP≥-,61.45,,,,,294,249,153,96,61.45,-2.43,-12.06,7.2,-6.052,0.615,13
"[-199,-150]",HR≥70/EDG≥-/CV≤-/μ≥-/TP≥50,61.45,,,,50.0,294,249,153,96,61.45,-2.43,-12.06,7.2,-6.052,0.615,13
"[-199,-150]",HR≥70/EDG≥-/CV≤-/μ≥-/TP≥55,61.29,,,,55.0,293,248,152,96,61.29,-2.65,-12.31,7.01,-6.573,0.538,13
"[-199,-150]",HR≥70/EDG≥-/CV≤-/μ≥-/TP≥60,62.66,,,,60.0,186,158,99,59,62.66,-2.16,-13.99,9.66,-3.419,0.538,13
"[-199,-150]",HR≥70/EDG≥-/CV≤-/μ≥0.0/TP≥-,61.48,,,0.0,,289,244,150,94,61.48,-2.37,-12.1,7.36,-5.778,0.615,13
"[-199,-150]",HR≥70/EDG≥-/CV≤-/μ≥0.0/TP≥50,61.48,,,0.0,50.0,289,244,150,94,61.48,-2.37,-12.1,7.36,-5.778,0.615,13
"[-199,-150]",HR≥70/EDG≥-/CV≤-/μ≥0.0/TP≥55,61.32,,,0.0,55.0,288,243,149,94,61.32,-2.59,-12.35,7.17,-6.299,0.615,13
"[-199,-150]",HR≥70/EDG≥-/CV≤-/μ≥0.0/TP≥60,62.18,,,0.0,60.0,184,156,97,59,62.18,-2.88,-14.82,9.05,-4.5,0.538,13
"[-199,-150]",HR≥70/EDG≥-/CV≤-/μ≥0.5/TP≥-,67.39,,,0.5,,158,138,93,45,67.39,7.02,-5.46,19.51,9.693,0.692,13
"[-199,-150]",HR≥70/EDG≥-/CV≤-/μ≥0.5/TP≥50,67.39,,,0.5,50.0,158,138,93,45,67.39,7.02,-5.46,19.51,9.693,0.692,13
"[-199,-150]",HR≥70/EDG≥-/CV≤-/μ≥0.5/TP≥55,67.39,,,0.5,55.0,158,138,93,45,67.39,7.02,-5.46,19.51,9.693,0.692,13
"[-199,-150]",HR≥70/EDG≥-/CV≤-/μ≥0.5/TP≥60,69.66,,,0.5,60.0,102,89,62,27,69.66,8.98,-6.07,24.02,7.99,0.538,13
"[-199,-150]",HR≥70/EDG≥-/CV≤-/μ≥1.0/TP≥-,75.68,,,1.0,,44,37,28,9,75.68,20.32,-2.0,42.64,7.518,0.625,8
"[-199,-150]",HR≥70/EDG≥-/CV≤-/μ≥1.0/TP≥50,75.68,,,1.0,50.0,44,37,28,9,75.68,20.32,-2.0,42.64,7.518,0.625,8
"[-199,-150]",HR≥70/EDG≥-/CV≤-/μ≥1.0/TP≥55,75.68,,,1.0,55.0,44,37,28,9,75.68,20.32,-2.0,42.64,7.518,0.625,8
"[-199,-150]",HR≥70/EDG≥-/CV≤0.7/μ≥-/TP≥-,61.05,,0.7,,,107,95,58,37,61.05,-2.92,-18.61,12.78,-2.77,0.5,12
"[-199,-150]",HR≥70/EDG≥-/CV≤0.7/μ≥-/TP≥50,61.05,,0.7,,50.0,107,95,58,37,61.05,-2.92,-18.61,12.78,-2.77,0.5,12
"[-199,-150]",HR≥70/EDG≥-/CV≤0.7/μ≥-/TP≥55,61.05,,0.7,,55.0,107,95,58,37,61.05,-2.92,-18.61,12.78,-2.77,0.5,12
"[-199,-150]",HR≥70/EDG≥-/CV≤0.7/μ≥-/TP≥60,60.32,,0.7,,60.0,70,63,38,25,60.32,-5.54,-24.63,13.55,-3.49,0.364,11
"[-199,-150]",HR≥70/EDG≥-/CV≤0.7/μ≥0.0/TP≥-,60.64,,0.7,0.0,,106,94,57,37,60.64,-3.63,-19.43,12.17,-3.415,0.5,12
"[-199,-150]",HR≥70/EDG≥-/CV≤0.7/μ≥0.0/TP≥50,60.64,,0.7,0.0,50.0,106,94,57,37,60.64,-3.63,-19.43,12.17,-3.415,0.5,12
"[-199,-150]",HR≥70/EDG≥-/CV≤0.7/μ≥0.0/TP≥55,60.64,,0.7,0.0,55.0,106,94,57,37,60.64,-3.63,-19.43,12.17,-3.415,0.5,12
"[-199,-150]",HR≥70/EDG≥-/CV≤0.7/μ≥0.0/TP≥60,60.32,,0.7,0.0,60.0,70,63,38,25,60.32,-5.54,-24.63,13.55,-3.49,0.364,11
"[-199,-150]",HR≥70/EDG≥-/CV≤0.7/μ≥0.5/TP≥-,61.82,,0.7,0.5,,61,55,34,21,61.82,-1.93,-22.51,18.66,-1.06,0.556,9
"[-199,-150]",HR≥70/EDG≥-/CV≤0.7/μ≥0.5/TP≥50,61.82,,0.7,0.5,50.0,61,55,34,21,61.82,-1.93,-22.51,18.66,-1.06,0.556,9
"[-199,-150]",HR≥70/EDG≥-/CV≤0.7/μ≥0.5/TP≥55,61.82,,0.7,0.5,55.0,61,55,34,21,61.82,-1.93,-22.51,18.66,-1.06,0.556,9
"[-199,-150]",HR≥70/EDG≥-/CV≤0.7/μ≥0.5/TP≥60,65.79,,0.7,0.5,60.0,42,38,25,13,65.79,3.32,-20.71,27.35,1.261,0.625,8
"[-199,-150]",HR≥70/EDG≥-/CV≤0.6/μ≥-/TP≥-,53.66,,0.6,,,45,41,22,19,53.66,-14.61,-39.23,10.02,-5.989,0.333,9
"[-199,-150]",HR≥70/EDG≥-/CV≤0.6/μ≥-/TP≥50,53.66,,0.6,,50.0,45,41,22,19,53.66,-14.61,-39.23,10.02,-5.989,0.333,9
"[-199,-150]",HR≥70/EDG≥-/CV≤0.6/μ≥-/TP≥55,53.66,,0.6,,55.0,45,41,22,19,53.66,-14.61,-39.23,10.02,-5.989,0.333,9
"[-199,-150]",HR≥70/EDG≥-/CV≤0.6/μ≥0.0/TP≥-,53.66,,0.6,0.0,,45,41,22,19,53.66,-14.61,-39.23,10.02,-5.989,0.333,9
"[-199,-150]",HR≥70/EDG≥-/CV≤0.6/μ≥0.0/TP≥50,53.66,,0.6,0.0,50.0,45,41,22,19,53.66,-14.61,-39.23,10.02,-5.989,0.333,9
"[-199,-150]",HR≥70/EDG≥-/CV≤0.6/μ≥0.0/TP≥55,53.66,,0.6,0.0,55.0,45,41,22,19,53.66,-14.61,-39.23,10.02,-5.989,0.333,9
"[-199,-150]",HR≥70/EDG≥-/CV≤0.6/μ≥0.5/TP≥-,51.61,,0.6,0.5,,35,31,16,15,51.61,-17.71,-46.26,10.83,-5.492,0.429,7
"[-199,-150]",HR≥70/EDG≥-/CV≤0.6/μ≥0.5/TP≥50,51.61,,0.6,0.5,50.0,35,31,16,15,51.61,-17.71,-46.26,10.83,-5.492,0.429,7
"[-199,-150]",HR≥70/EDG≥-/CV≤0.6/μ≥0.5/TP≥55,51.61,,0.6,0.5,55.0,35,31,16,15,51.61,-17.71,-46.26,10.83,-5.492,0.429,7
"[-199,-150]",HR≥70/EDG≥-5.0/CV≤-/μ≥-/TP≥-,63.6,-5.0,,,,270,228,145,83,63.6,1.1,-8.86,11.07,2.51,0.692,13
"[-199,-150]",HR≥70/EDG≥-5.0/CV≤-/μ≥-/TP≥50,63.6,-5.0,,,50.0,270,228,145,83,63.6,1.1,-8.86,11.07,2.51,0.692,13
"[-199,-150]",HR≥70/EDG≥-5.0/CV≤-/μ≥-/TP≥55,63.6,-5.0,,,55.0,270,228,145,83,63.6,1.1,-8.86,11.07,2.51,0.692,13
"[-199,-150]",HR≥70/EDG≥-5.0/CV≤-/μ≥-/TP≥60,65.28,-5.0,,,60.0,170,144,94,50,65.28,2.04,-10.17,14.25,2.934,0.615,13
"[-199,-150]",HR≥70/EDG≥-5.0/CV≤-/μ≥0.0/TP≥-,63.6,-5.0,,0.0,,270,228,145,83,63.6,1.1,-8.86,11.07,2.51,0.692,13
"[-199,-150]",HR≥70/EDG≥-5.0/CV≤-/μ≥0.0/TP≥50,63.6,-5.0,,0.0,50.0,270,228,145,83,63.6,1.1,-8.86,11.07,2.51,0.692,13
"[-199,-150]",HR≥70/EDG≥-5.0/CV≤-/μ≥0.0/TP≥55,63.6,-5.0,,0.0,55.0,270,228,145,83,63.6,1.1,-8.86,11.07,2.51,0.692,13
"[-199,-150]",HR≥70/EDG≥-5.0/CV≤-/μ≥0.0/TP≥60,65.28,-5.0,,0.0,60.0,170,144,94,50,65.28,2.04,-10.17,14.25,2.934,0.615,13
"[-199,-150]",HR≥70/EDG≥-5.0/CV≤-/μ≥0.5/TP≥-,67.39,-5.0,,0.5,,158,138,93,45,67.39,7.02,-5.46,19.51,9.693,0.692,13
"[-199,-150]",HR≥70/EDG≥-5.0/CV≤-/μ≥0.5/TP≥50,67.39,-5.0,,0.5,50.0,158,138,93,45,67.39,7.02,-5.46,19.51,9.693,0.692,13
"[-199,-150]",HR≥70/EDG≥-5.0/CV≤-/μ≥0.5/TP≥55,67.39,-5.0,,0.5,55.0,158,138,93,45,67.39,7.02,-5.46,19.51,9.693,0.692,13
"[-199,-150]",HR≥70/EDG≥-5.0/CV≤-/μ≥0.5/TP≥60,69.66,-5.0,,0.5,60.0,102,89,62,27,69.66,8.98,-6.07,24.02,7.99,0.538,13
"[-199,-150]",HR≥70/EDG≥-5.0/CV≤-/μ≥1.0/TP≥-,75.68,-5.0,,1.0,,44,37,28,9,75.68,20.32,-2.0,42.64,7.518,0.625,8
"[-199,-150]",HR≥70/EDG≥-5.0/CV≤-/μ≥1.0/TP≥50,75.68,-5.0,,1.0,50.0,44,37,28,9,75.68,20.32,-2.0,42.64,7.518,0.625,8
"[-199,-150]",HR≥70/EDG≥-5.0/CV≤-/μ≥1.0/TP≥55,75.68,-5.0,,1.0,55.0,44,37,28,9,75.68,20.32,-2.0,42.64,7.518,0.625,8
"[-199,-150]",HR≥70/EDG≥-5.0/CV≤0.7/μ≥-/TP≥-,62.5,-5.0,0.7,,,99,88,55,33,62.5,-0.64,-16.84,15.55,-0.566,0.417,12
"[-199,-150]",HR≥70/EDG≥-5.0/CV≤0.7/μ≥-/TP≥50,62.5,-5.0,0.7,,50.0,99,88,55,33,62.5,-0.64,-16.84,15.55,-0.566,0.417,12
"[-199,-150]",HR≥70/EDG≥-5.0/CV≤0.7/μ≥-/TP≥55,62.5,-5.0,0.7,,55.0,99,88,55,33,62.5,-0.64,-16.84,15.55,-0.566,0.417,12
"[-199,-150]",HR≥70/EDG≥-5.0/CV≤0.7/μ≥-/TP≥60,62.71,-5.0,0.7,,60.0,65,59,37,22,62.71,-1.72,-21.25,17.8,-1.017,0.455,11
"[-199,-150]",HR≥70/EDG≥-5.0/CV≤0.7/μ≥0.0/TP≥-,62.5,-5.0,0.7,0.0,,99,88,55,33,62.5,-0.64,-16.84,15.55,-0.566,0.417,12
"[-199,-150]",HR≥70/EDG≥-5.0/CV≤0.7/μ≥0.0/TP≥50,62.5,-5.0,0.7,0.0,50.0,99,88,55,33,62.5,-0.64,-16.84,15.55,-0.566,0.417,12
"[-199,-150]",HR≥70/EDG≥-5.0/CV≤0.7/μ≥0.0/TP≥55,62.5,-5.0,0.7,0.0,55.0,99,88,55,33,62.5,-0.64,-16.84,15.55,-0.566,0.417,12
"[-199,-150]",HR≥70/EDG≥-5.0/CV≤0.7/μ≥0.0/TP≥60,62.71,-5.0,0.7,0.0,60.0,65,59,37,22,62.71,-1.72,-21.25,17.8,-1.017,0.455,11
"[-199,-150]",HR≥70/EDG≥-5.0/CV≤0.7/μ≥0.5/TP≥-,61.82,-5.0,0.7,0.5,,61,55,34,21,61.82,-1.93,-22.51,18.66,-1.06,0.556,9
"[-199,-150]",HR≥70/EDG≥-5.0/CV≤0.7/μ≥0.5/TP≥50,61.82,-5.0,0.7,0.5,50.0,61,55,34,21,61.82,-1.93,-22.51,18.66,-1.06,0.556,9
"[-199,-150]",HR≥70/EDG≥-5.0/CV≤0.7/μ≥0.5/TP≥55,61.82,-5.0,0.7,0.5,55.0,61,55,34,21,61.82,-1.93,-22.51,18.66,-1.06,0.556,9
"[-199,-150]",HR≥70/EDG≥-5.0/CV≤0.7/μ≥0.5/TP≥60,65.79,-5.0,0.7,0.5,60.0,42,38,25,13,65.79,3.32,-20.71,27.35,1.261,0.625,8
"[-199,-150]",HR≥70/EDG≥-5.0/CV≤0.6/μ≥-/TP≥-,56.41,-5.0,0.6,,,43,39,22,17,56.41,-10.23,-35.36,14.9,-3.989,0.556,9
"[-199,-150]",HR≥70/EDG≥-5.0/CV≤0.6/μ≥-/TP≥50,56.41,-5.0,0.6,,50.0,43,39,22,17,56.41,-10.23,-35.36,14.9,-3.989,0.556,9
"[-199,-150]",HR≥70/EDG≥-5.0/CV≤0.6/μ≥-/TP≥55,56.41,-5.0,0.6,,55.0,43,39,22,17,56.41,-10.23,-35.36,14.9,-3.989,0.556,9
"[-199,-150]",HR≥70/EDG≥-5.0/CV≤0.6/μ≥0.0/TP≥-,56.41,-5.0,0.6,0.0,,43,39,22,17,56.41,-10.23,-35.36,14.9,-3.989,0.556,9
"[-199,-150]",HR≥70/EDG≥-5.0/CV≤0.6/μ≥0.0/TP≥50,56.41,-5.0,0.6,0.0,50.0,43,39,22,17,56.41,-10.23,-35.36,14.9,-3.989,0.556,9
"[-199,-150]",HR≥70/EDG≥-5.0/CV≤0.6/μ≥0.0/TP≥55,56.41,-5.0,0.6,0.0,55.0,43,39,22,17,56.41,-10.23,-35.36,14.9,-3.989,0.556,9
"[-199,-150]",HR≥70/EDG≥-5.0/CV≤0.6/μ≥0.5/TP≥-,51.61,-5.0,0.6,0.5,,35,31,16,15,51.61,-17.71,-46.26,10.83,-5.492,0.429,7
"[-199,-150]",HR≥70/EDG≥-5.0/CV≤0.6/μ≥0.5/TP≥50,51.61,-5.0,0.6,0.5,50.0,35,31,16,15,51.61,-17.71,-46.26,10.83,-5.492,0.429,7
"[-199,-150]",HR≥70/EDG≥-5.0/CV≤0.6/μ≥0.5/TP≥55,51.61,-5.0,0.6,0.5,55.0,35,31,16,15,51.61,-17.71,-46.26,10.83,-5.492,0.429,7
"[-199,-150]",HR≥70/EDG≥0.0/CV≤-/μ≥-/TP≥-,65.98,0.0,,,,230,194,128,66,65.98,5.02,-5.63,15.68,9.742,0.615,13
"[-199,-150]",HR≥70/EDG≥0.0/CV≤-/μ≥-/TP≥50,65.98,0.0,,,50.0,230,194,128,66,65.98,5.02,-5.63,15.68,9.742,0.615,13
"[-199,-150]",HR≥70/EDG≥0.0/CV≤-/μ≥-/TP≥55,65.98,0.0,,,55.0,230,194,128,66,65.98,5.02,-5.63,15.68,9.742,0.615,13
"[-199,-150]",HR≥70/EDG≥0.0/CV≤-/μ≥-/TP≥60,69.83,0.0,,,60.0,139,116,81,35,69.83,9.25,-3.89,22.39,10.731,0.692,13
"[-199,-150]",HR≥70/EDG≥0.0/CV≤-/μ≥0.0/TP≥-,65.98,0.0,,0.0,,230,194,128,66,65.98,5.02,-5.63,15.68,9.742,0.615,13
"[-199,-150]",HR≥70/EDG≥0.0/CV≤-/μ≥0.0/TP≥50,65.98,0.0,,0.0,50.0,230,194,128,66,65.98,5.02,-5.63,15.68,9.742,0.615,13
"[-199,-150]",HR≥70/EDG≥0.0/CV≤-/μ≥0.0/TP≥55,65.98,0.0,,0.0,55.0,230,194,128,66,65.98,5.02,-5.63,15.68,9.742,0.615,13
"[-199,-150]",HR≥70/EDG≥0.0/CV≤-/μ≥0.0/TP≥60,69.83,0.0,,0.0,60.0,139,116,81,35,69.83,9.25,-3.89,22.39,10.731,0.692,13
"[-199,-150]",HR≥70/EDG≥0.0/CV≤-/μ≥0.5/TP≥-,67.39,0.0,,0.5,,158,138,93,45,67.39,7.02,-5.46,19.51,9.693,0.692,13
"[-199,-150]",HR≥70/EDG≥0.0/CV≤-/μ≥0.5/TP≥50,67.39,0.0,,0.5,50.0,158,138,93,45,67.39,7.02,-5.46,19.51,9.693,0.692,13
"[-199,-150]",HR≥70/EDG≥0.0/CV≤-/μ≥0.5/TP≥55,67.39,0.0,,0.5,55.0,158,138,93,45,67.39,7.02,-5.46,19.51,9.693,0.692,13
"[-199,-150]",HR≥70/EDG≥0.0/CV≤-/μ≥0.5/TP≥60,69.66,0.0,,0.5,60.0,102,89,62,27,69.66,8.98,-6.07,24.02,7.99,0.538,13
"[-199,-150]",HR≥70/EDG≥0.0/CV≤-/μ≥1.0/TP≥-,75.68,0.0,,1.0,,44,37,28,9,75.68,20.32,-2.0,42.64,7.518,0.625,8
"[-199,-150]",HR≥70/EDG≥0.0/CV≤-/μ≥1.0/TP≥50,75.68,0.0,,1.0,50.0,44,37,28,9,75.68,20.32,-2.0,42.64,7.518,0.625,8
"[-199,-150]",HR≥70/EDG≥0.0/CV≤-/μ≥1.0/TP≥55,75.68,0.0,,1.0,55.0,44,37,28,9,75.68,20.32,-2.0,42.64,7.518,0.625,8
"[-199,-150]",HR≥70/EDG≥0.0/CV≤0.7/μ≥-/TP≥-,64.47,0.0,0.7,,,85,76,49,27,64.47,2.56,-14.69,19.82,1.948,0.5,12
"[-199,-150]",HR≥70/EDG≥0.0/CV≤0.7/μ≥-/TP≥50,64.47,0.0,0.7,,50.0,85,76,49,27,64.47,2.56,-14.69,19.82,1.948,0.5,12
"[-199,-150]",HR≥70/EDG≥0.0/CV≤0.7/μ≥-/TP≥55,64.47,0.0,0.7,,55.0,85,76,49,27,64.47,2.56,-14.69,19.82,1.948,0.5,12
"[-199,-150]",HR≥70/EDG≥0.0/CV≤0.7/μ≥-/TP≥60,67.35,0.0,0.7,,60.0,54,49,33,16,67.35,5.65,-15.18,26.49,2.77,0.727,11
"[-199,-150]",HR≥70/EDG≥0.0/CV≤0.7/μ≥0.0/TP≥-,64.47,0.0,0.7,0.0,,85,76,49,27,64.47,2.56,-14.69,19.82,1.948,0.5,12
"[-199,-150]",HR≥70/EDG≥0.0/CV≤0.7/μ≥0.0/TP≥50,64.47,0.0,0.7,0.0,50.0,85,76,49,27,64.47,2.56,-14.69,19.82,1.948,0.5,12
"[-199,-150]",HR≥70/EDG≥0.0/CV≤0.7/μ≥0.0/TP≥55,64.47,0.0,0.7,0.0,55.0,85,76,49,27,64.47,2.56,-14.69,19.82,1.948,0.5,12
"[-199,-150]",HR≥70/EDG≥0.0/CV≤0.7/μ≥0.0/TP≥60,67.35,0.0,0.7,0.0,60.0,54,49,33,16,67.35,5.65,-15.18,26.49,2.77,0.727,11
"[-199,-150]",HR≥70/EDG≥0.0/CV≤0.7/μ≥0.5/TP≥-,61.82,0.0,0.7,0.5,,61,55,34,21,61.82,-1.93,-22.51,18.66,-1.06,0.556,9
"[-199,-150]",HR≥70/EDG≥0.0/CV≤0.7/μ≥0.5/TP≥50,61.82,0.0,0.7,0.5,50.0,61,55,34,21,61.82,-1.93,-22.51,18.66,-1.06,0.556,9
"[-199,-150]",HR≥70/EDG≥0.0/CV≤0.7/μ≥0.5/TP≥55,61.82,0.0,0.7,0.5,55.0,61,55,34,21,61.82,-1.93,-22.51,18.66,-1.06,0.556,9
"[-199,-150]",HR≥70/EDG≥0.0/CV≤0.7/μ≥0.5/TP≥60,65.79,0.0,0.7,0.5,60.0,42,38,25,13,65.79,3.32,-20.71,27.35,1.261,0.625,8
"[-199,-150]",HR≥70/EDG≥0.0/CV≤0.6/μ≥-/TP≥-,56.41,0.0,0.6,,,43,39,22,17,56.41,-10.23,-35.36,14.9,-3.989,0.556,9
"[-199,-150]",HR≥70/EDG≥0.0/CV≤0.6/μ≥-/TP≥50,56.41,0.0,0.6,,50.0,43,39,22,17,56.41,-10.23,-35.36,14.9,-3.989,0.556,9
"[-199,-150]",HR≥70/EDG≥0.0/CV≤0.6/μ≥-/TP≥55,56.41,0.0,0.6,,55.0,43,39,22,17,56.41,-10.23,-35.36,14.9,-3.989,0.556,9
"[-199,-150]",HR≥70/EDG≥0.0/CV≤0.6/μ≥0.0/TP≥-,56.41,0.0,0.6,0.0,,43,39,22,17,56.41,-10.23,-35.36,14.9,-3.989,0.556,9
"[-199,-150]",HR≥70/EDG≥0.0/CV≤0.6/μ≥0.0/TP≥50,56.41,0.0,0.6,0.0,50.0,43,39,22,17,56.41,-10.23,-35.36,14.9,-3.989,0.556,9
"[-199,-150]",HR≥70/EDG≥0.0/CV≤0.6/μ≥0.0/TP≥55,56.41,0.0,0.6,0.0,55.0,43,39,22,17,56.41,-10.23,-35.36,14.9,-3.989,0.556,9
"[-199,-150]",HR≥70/EDG≥0.0/CV≤0.6/μ≥0.5/TP≥-,51.61,0.0,0.6,0.5,,35,31,16,15,51.61,-17.71,-46.26,10.83,-5.492,0.429,7
"[-199,-150]",HR≥70/EDG≥0.0/CV≤0.6/μ≥0.5/TP≥50,51.61,0.0,0.6,0.5,50.0,35,31,16,15,51.61,-17.71,-46.26,10.83,-5.492,0.429,7
"[-199,-150]",HR≥70/EDG≥0.0/CV≤0.6/μ≥0.5/TP≥55,51.61,0.0,0.6,0.5,55.0,35,31,16,15,51.61,-17.71,-46.26,10.83,-5.492,0.429,7
"[-199,-150]",HR≥70/EDG≥5.0/CV≤-/μ≥-/TP≥-,66.67,5.0,,,,196,171,114,57,66.67,6.07,-5.22,17.37,10.385,0.769,13
"[-199,-150]",HR≥70/EDG≥5.0/CV≤-/μ≥-/TP≥50,66.67,5.0,,,50.0,196,171,114,57,66.67,6.07,-5.22,17.37,10.385,0.769,13
"[-199,-150]",HR≥70/EDG≥5.0/CV≤-/μ≥-/TP≥55,66.67,5.0,,,55.0,196,171,114,57,66.67,6.07,-5.22,17.37,10.385,0.769,13
"[-199,-150]",HR≥70/EDG≥5.0/CV≤-/μ≥-/TP≥60,70.19,5.0,,,60.0,119,104,73,31,70.19,9.87,-3.97,23.72,10.267,0.692,13
"[-199,-150]",HR≥70/EDG≥5.0/CV≤-/μ≥0.0/TP≥-,66.67,5.0,,0.0,,196,171,114,57,66.67,6.07,-5.22,17.37,10.385,0.769,13
"[-199,-150]",HR≥70/EDG≥5.0/CV≤-/μ≥0.0/TP≥50,66.67,5.0,,0.0,50.0,196,171,114,57,66.67,6.07,-5.22,17.37,10.385,0.769,13
"[-199,-150]",HR≥70/EDG≥5.0/CV≤-/μ≥0.0/TP≥55,66.67,5.0,,0.0,55.0,196,171,114,57,66.67,6.07,-5.22,17.37,10.385,0.769,13
"[-199,-150]",HR≥70/EDG≥5.0/CV≤-/μ≥0.0/TP≥60,70.19,5.0,,0.0,60.0,119,104,73,31,70.19,9.87,-3.97,23.72,10.267,0.692,13
"[-199,-150]",HR≥70/EDG≥5.0/CV≤-/μ≥0.5/TP≥-,67.41,5.0,,0.5,,155,135,91,44,67.41,7.12,-5.51,19.75,9.611,0.769,13
"[-199,-150]",HR≥70/EDG≥5.0/CV≤-/μ≥0.5/TP≥50,67.41,5.0,,0.5,50.0,155,135,91,44,67.41,7.12,-5.51,19.75,9.611,0.769,13
"[-199,-150]",HR≥70/EDG≥5.0/CV≤-/μ≥0.5/TP≥55,67.41,5.0,,0.5,55.0,155,135,91,44,67.41,7.12,-5.51,19.75,9.611,0.769,13
"[-199,-150]",HR≥70/EDG≥5.0/CV≤-/μ≥0.5/TP≥60,69.77,5.0,,0.5,60.0,99,86,60,26,69.77,9.2,-6.1,24.5,7.909,0.538,13
"[-199,-150]",HR≥70/EDG≥5.0/CV≤-/μ≥1.0/TP≥-,75.68,5.0,,1.0,,44,37,28,9,75.68,20.32,-2.0,42.64,7.518,0.625,8
"[-199,-150]",HR≥70/EDG≥5.0/CV≤-/μ≥1.0/TP≥50,75.68,5.0,,1.0,50.0,44,37,28,9,75.68,20.32,-2.0,42.64,7.518,0.625,8
"[-199,-150]",HR≥70/EDG≥5.0/CV≤-/μ≥1.0/TP≥55,75.68,5.0,,1.0,55.0,44,37,28,9,75.68,20.32,-2.0,42.64,7.518,0.625,8
"[-199,-150]",HR≥70/EDG≥5.0/CV≤0.7/μ≥-/TP≥-,65.28,5.0,0.7,,,81,72,47,25,65.28,3.83,-13.81,21.46,2.755,0.5,12
"[-199,-150]",HR≥70/EDG≥5.0/CV≤0.7/μ≥-/TP≥50,65.28,5.0,0.7,,50.0,81,72,47,25,65.28,3.83,-13.81,21.46,2.755,0.5,12
"[-199,-150]",HR≥70/EDG≥5.0/CV≤0.7/μ≥-/TP≥55,65.28,5.0,0.7,,55.0,81,72,47,25,65.28,3.83,-13.81,21.46,2.755,0.5,12
"[-199,-150]",HR≥70/EDG≥5.0/CV≤0.7/μ≥-/TP≥60,68.09,5.0,0.7,,60.0,52,47,32,15,68.09,6.9,-14.28,28.08,3.244,0.727,11
"[-199,-150]",HR≥70/EDG≥5.0/CV≤0.7/μ≥0.0/TP≥-,65.28,5.0,0.7,0.0,,81,72,47,25,65.28,3.83,-13.81,21.46,2.755,0.5,12
"[-199,-150]",HR≥70/EDG≥5.0/CV≤0.7/μ≥0.0/TP≥50,65.28,5.0,0.7,0.0,50.0,81,72,47,25,65.28,3.83,-13.81,21.46,2.755,0.5,12
"[-199,-150]",HR≥70/EDG≥5.0/CV≤0.7/μ≥0.0/TP≥55,65.28,5.0,0.7,0.0,55.0,81,72,47,25,65.28,3.83,-13.81,21.46,2.755,0.5,12
"[-199,-150]",HR≥70/EDG≥5.0/CV≤0.7/μ≥0.0/TP≥60,68.09,5.0,0.7,0.0,60.0,52,47,32,15,68.09,6.9,-14.28,28.08,3.244,0.727,11
"[-199,-150]",HR≥70/EDG≥5.0/CV≤0.7/μ≥0.5/TP≥-,61.82,5.0,0.7,0.5,,61,55,34,21,61.82,-1.93,-22.51,18.66,-1.06,0.556,9
"[-199,-150]",HR≥70/EDG≥5.0/CV≤0.7/μ≥0.5/TP≥50,61.82,5.0,0.7,0.5,50.0,61,55,34,21,61.82,-1.93,-22.51,18.66,-1.06,0.556,9
"[-199,-150]",HR≥70/EDG≥5.0/CV≤0.7/μ≥0.5/TP≥55,61.82,5.0,0.7,0.5,55.0,61,55,34,21,61.82,-1.93,-22.51,18.66,-1.06,0.556,9
"[-199,-150]",HR≥70/EDG≥5.0/CV≤0.7/μ≥0.5/TP≥60,65.79,5.0,0.7,0.5,60.0,42,38,25,13,65.79,3.32,-20.71,27.35,1.261,0.625,8
"[-199,-150]",HR≥70/EDG≥5.0/CV≤0.6/μ≥-/TP≥-,57.89,5.0,0.6,,,42,38,22,16,57.89,-7.87,-33.22,17.49,-2.989,0.556,9
"[-199,-150]",HR≥70/EDG≥5.0/CV≤0.6/μ≥-/TP≥50,57.89,5.0,0.6,,50.0,42,38,22,16,57.89,-7.87,-33.22,17.49,-2.989,0.556,9
"[-199,-150]",HR≥70/EDG≥5.0/CV≤0.6/μ≥-/TP≥55,57.89,5.0,0.6,,55.0,42,38,22,16,57.89,-7.87,-33.22,17.49,-2.989,0.556,9
"[-199,-150]",HR≥70/EDG≥5.0/CV≤0.6/μ≥0.0/TP≥-,57.89,5.0,0.6,0.0,,42,38,22,16,57.89,-7.87,-33.22,17.49,-2.989,0.556,9
"[-199,-150]",HR≥70/EDG≥5.0/CV≤0.6/μ≥0.0/TP≥50,57.89,5.0,0.6,0.0,50.0,42,38,22,16,57.89,-7.87,-33.22,17.49,-2.989,0.556,9
"[-199,-150]",HR≥70/EDG≥5.0/CV≤0.6/μ≥0.0/TP≥55,57.89,5.0,0.6,0.0,55.0,42,38,22,16,57.89,-7.87,-33.22,17.49,-2.989,0.556,9
"[-199,-150]",HR≥70/EDG≥5.0/CV≤0.6/μ≥0.5/TP≥-,51.61,5.0,0.6,0.5,,35,31,16,15,51.61,-17.71,-46.26,10.83,-5.492,0.429,7
"[-199,-150]",HR≥70/EDG≥5.0/CV≤0.6/μ≥0.5/TP≥50,51.61,5.0,0.6,0.5,50.0,35,31,16,15,51.61,-17.71,-46.26,10.83,-5.492,0.429,7
"[-199,-150]",HR≥70/EDG≥5.0/CV≤0.6/μ≥0.5/TP≥55,51.61,5.0,0.6,0.5,55.0,35,31,16,15,51.61,-17.71,-46.26,10.83,-5.492,0.429,7
"[-199,-150]",HR≥70/EDG≥10.0/CV≤-/μ≥-/TP≥-,68.49,10.0,,,,168,146,100,46,68.49,8.82,-3.21,20.85,12.878,0.667,12
"[-199,-150]",HR≥70/EDG≥10.0/CV≤-/μ≥-/TP≥50,68.49,10.0,,,50.0,168,146,100,46,68.49,8.82,-3.21,20.85,12.878,0.667,12
"[-199,-150]",HR≥70/EDG≥10.0/CV≤-/μ≥-/TP≥55,68.49,10.0,,,55.0,168,146,100,46,68.49,8.82,-3.21,20.85,12.878,0.667,12
"[-199,-150]",HR≥70/EDG≥10.0/CV≤-/μ≥-/TP≥60,71.28,10.0,,,60.0,108,94,67,27,71.28,11.58,-2.83,25.99,10.885,0.667,12
"[-199,-150]",HR≥70/EDG≥10.0/CV≤-/μ≥0.0/TP≥-,68.49,10.0,,0.0,,168,146,100,46,68.49,8.82,-3.21,20.85,12.878,0.667,12
"[-199,-150]",HR≥70/EDG≥10.0/CV≤-/μ≥0.0/TP≥50,68.49,10.0,,0.0,50.0,168,146,100,46,68.49,8.82,-3.21,20.85,12.878,0.667,12
"[-199,-150]",HR≥70/EDG≥10.0/CV≤-/μ≥0.0/TP≥55,68.49,10.0,,0.0,55.0,168,146,100,46,68.49,8.82,-3.21,20.85,12.878,0.667,12
"[-199,-150]",HR≥70/EDG≥10.0/CV≤-/μ≥0.0/TP≥60,71.28,10.0,,0.0,60.0,108,94,67,27,71.28,11.58,-2.83,25.99,10.885,0.667,12
"[-199,-150]",HR≥70/EDG≥10.0/CV≤-/μ≥0.5/TP≥-,68.25,10.0,,0.5,,146,126,86,40,68.25,8.29,-4.68,21.25,10.442,0.833,12
"[-199,-150]",HR≥70/EDG≥10.0/CV≤-/μ≥0.5/TP≥50,68.25,10.0,,0.5,50.0,146,126,86,40,68.25,8.29,-4.68,21.25,10.442,0.833,12
"[-199,-150]",HR≥70/EDG≥10.0/CV≤-/μ≥0.5/TP≥55,68.25,10.0,,0.5,55.0,146,126,86,40,68.25,8.29,-4.68,21.25,10.442,0.833,12
"[-199,-150]",HR≥70/EDG≥10.0/CV≤-/μ≥0.5/TP≥60,70.73,10.0,,0.5,60.0,95,82,58,24,70.73,10.58,-4.93,26.09,8.677,0.545,11
"[-199,-150]",HR≥70/EDG≥10.0/CV≤-/μ≥1.0/TP≥-,75.68,10.0,,1.0,,44,37,28,9,75.68,20.32,-2.0,42.64,7.518,0.625,8
"[-199,-150]",HR≥70/EDG≥10.0/CV≤-/μ≥1.0/TP≥50,75.68,10.0,,1.0,50.0,44,37,28,9,75.68,20.32,-2.0,42.64,7.518,0.625,8
"[-199,-150]",HR≥70/EDG≥10.0/CV≤-/μ≥1.0/TP≥55,75.68,10.0,,1.0,55.0,44,37,28,9,75.68,20.32,-2.0,42.64,7.518,0.625,8
"[-199,-150]",HR≥70/EDG≥10.0/CV≤0.7/μ≥-/TP≥-,65.15,10.0,0.7,,,73,66,43,23,65.15,3.68,-14.78,22.14,2.431,0.5,12
"[-199,-150]",HR≥70/EDG≥10.0/CV≤0.7/μ≥-/TP≥50,65.15,10.0,0.7,,50.0,73,66,43,23,65.15,3.68,-14.78,22.14,2.431,0.5,12
"[-199,-150]",HR≥70/EDG≥10.0/CV≤0.7/μ≥-/TP≥55,65.15,10.0,0.7,,55.0,73,66,43,23,65.15,3.68,-14.78,22.14,2.431,0.5,12
"[-199,-150]",HR≥70/EDG≥10.0/CV≤0.7/μ≥-/TP≥60,68.18,10.0,0.7,,60.0,49,44,30,14,68.18,7.25,-14.68,29.18,3.19,0.7,10
"[-199,-150]",HR≥70/EDG≥10.0/CV≤0.7/μ≥0.0/TP≥-,65.15,10.0,0.7,0.0,,73,66,43,23,65.15,3.68,-14.78,22.14,2.431,0.5,12
"[-199,-150]",HR≥70/EDG≥10.0/CV≤0.7/μ≥0.0/TP≥50,65.15,10.0,0.7,0.0,50.0,73,66,43,23,65.15,3.68,-14.78,22.14,2.431,0.5,12
"[-199,-150]",HR≥70/EDG≥10.0/CV≤0.7/μ≥0.0/TP≥55,65.15,10.0,0.7,0.0,55.0,73,66,43,23,65.15,3.68,-14.78,22.14,2.431,0.5,12
"[-199,-150]",HR≥70/EDG≥10.0/CV≤0.7/μ≥0.0/TP≥60,68.18,10.0,0.7,0.0,60.0,49,44,30,14,68.18,7.25,-14.68,29.18,3.19,0.7,10
"[-199,-150]",HR≥70/EDG≥10.0/CV≤0.7/μ≥0.5/TP≥-,61.82,10.0,0.7,0.5,,61,55,34,21,61.82,-1.93,-22.51,18.66,-1.06,0.556,9
"[-199,-150]",HR≥70/EDG≥10.0/CV≤0.7/μ≥0.5/TP≥50,61.82,10.0,0.7,0.5,50.0,61,55,34,21,61.82,-1.93,-22.51,18.66,-1.06,0.556,9
"[-199,-150]",HR≥70/EDG≥10.0/CV≤0.7/μ≥0.5/TP≥55,61.82,10.0,0.7,0.5,55.0,61,55,34,21,61.82,-1.93,-22.51,18.66,-1.06,0.556,9
"[-199,-150]",HR≥70/EDG≥10.0/CV≤0.7/μ≥0.5/TP≥60,65.79,10.0,0.7,0.5,60.0,42,38,25,13,65.79,3.32,-20.71,27.35,1.261,0.625,8
"[-199,-150]",HR≥70/EDG≥10.0/CV≤0.6/μ≥-/TP≥-,56.76,10.0,0.6,,,41,37,21,16,56.76,-9.47,-35.32,16.38,-3.502,0.556,9
"[-199,-150]",HR≥70/EDG≥10.0/CV≤0.6/μ≥-/TP≥50,56.76,10.0,0.6,,50.0,41,37,21,16,56.76,-9.47,-35.32,16.38,-3.502,0.556,9
"[-199,-150]",HR≥70/EDG≥10.0/CV≤0.6/μ≥-/TP≥55,56.76,10.0,0.6,,55.0,41,37,21,16,56.76,-9.47,-35.32,16.38,-3.502,0.556,9
"[-199,-150]",HR≥70/EDG≥10.0/CV≤0.6/μ≥0.0/TP≥-,56.76,10.0,0.6,0.0,,41,37,21,16,56.76,-9.47,-35.32,16.38,-3.502,0.556,9
"[-199,-150]",HR≥70/EDG≥10.0/CV≤0.6/μ≥0.0/TP≥50,56.76,10.0,0.6,0.0,50.0,41,37,21,16,56.76,-9.47,-35.32,16.38,-3.502,0.556,9
"[-199,-150]",HR≥70/EDG≥10.0/CV≤0.6/μ≥0.0/TP≥55,56.76,10.0,0.6,0.0,55.0,41,37,21,16,56.76,-9.47,-35.32,16.38,-3.502,0.556,9
"[-199,-150]",HR≥70/EDG≥10.0/CV≤0.6/μ≥0.5/TP≥-,51.61,10.0,0.6,0.5,,35,31,16,15,51.61,-17.71,-46.26,10.83,-5.492,0.429,7
"[-199,-150]",HR≥70/EDG≥10.0/CV≤0.6/μ≥0.5/TP≥50,51.61,10.0,0.6,0.5,50.0,35,31,16,15,51.61,-17.71,-46.26,10.83,-5.492,0.429,7
"[-199,-150]",HR≥70/EDG≥10.0/CV≤0.6/μ≥0.5/TP≥55,51.61,10.0,0.6,0.5,55.0,35,31,16,15,51.61,-17.71,-46.26,10.83,-5.492,0.429,7
"[-199,-150]",HR≥75/EDG≥-/CV≤-/μ≥-/TP≥-,65.55,,,,,140,119,78,41,65.55,4.07,-9.57,17.7,4.838,0.667,12
"[-199,-150]",HR≥75/EDG≥-/CV≤-/μ≥-/TP≥50,65.55,,,,50.0,140,119,78,41,65.55,4.07,-9.57,17.7,4.838,0.667,12
"[-199,-150]",HR≥75/EDG≥-/CV≤-/μ≥-/TP≥55,65.55,,,,55.0,140,119,78,41,65.55,4.07,-9.57,17.7,4.838,0.667,12
"[-199,-150]",HR≥75/EDG≥-/CV≤-/μ≥-/TP≥60,66.25,,,,60.0,91,80,53,27,66.25,3.61,-12.72,19.94,2.889,0.5,12
"[-199,-150]",HR≥75/EDG≥-/CV≤-/μ≥0.0/TP≥-,65.25,,,0.0,,139,118,77,41,65.25,3.55,-10.16,17.27,4.193,0.667,12
"[-199,-150]",HR≥75/EDG≥-/CV≤-/μ≥0.0/TP≥50,65.25,,,0.0,50.0,139,118,77,41,65.25,3.55,-10.16,17.27,4.193,0.667,12
"[-199,-150]",HR≥75/EDG≥-/CV≤-/μ≥0.0/TP≥55,65.25,,,0.0,55.0,139,118,77,41,65.25,3.55,-10.16,17.27,4.193,0.667,12
"[-199,-150]",HR≥75/EDG≥-/CV≤-/μ≥0.0/TP≥60,66.25,,,0.0,60.0,91,80,53,27,66.25,3.61,-12.72,19.94,2.889,0.5,12
"[-199,-150]",HR≥75/EDG≥-/CV≤-/μ≥0.5/TP≥-,73.33,,,0.5,,85,75,55,20,73.33,16.23,0.23,32.23,12.175,0.8,10
"[-199,-150]",HR≥75/EDG≥-/CV≤-/μ≥0.5/TP≥50,73.33,,,0.5,50.0,85,75,55,20,73.33,16.23,0.23,32.23,12.175,0.8,10
"[-199,-150]",HR≥75/EDG≥-/CV≤-/μ≥0.5/TP≥55,73.33,,,0.5,55.0,85,75,55,20,73.33,16.23,0.23,32.23,12.175,0.8,10
"[-199,-150]",HR≥75/EDG≥-/CV≤-/μ≥0.5/TP≥60,76.47,,,0.5,60.0,57,51,39,12,76.47,19.84,1.38,38.3,10.12,0.6,10
"[-199,-150]",HR≥75/EDG≥-/CV≤0.7/μ≥-/TP≥-,63.93,,0.7,,,67,61,39,22,63.93,1.86,-17.52,21.25,1.137,0.545,11
"[-199,-150]",HR≥75/EDG≥-/CV≤0.7/μ≥-/TP≥50,63.93,,0.7,,50.0,67,61,39,22,63.93,1.86,-17.52,21.25,1.137,0.545,11
"[-199,-150]",HR≥75/EDG≥-/CV≤0.7/μ≥-/TP≥55,63.93,,0.7,,55.0,67,61,39,22,63.93,1.86,-17.52,21.25,1.137,0.545,11
"[-199,-150]",HR≥75/EDG≥-/CV≤0.7/μ≥-/TP≥60,64.1,,0.7,,60.0,41,39,25,14,64.1,0.54,-23.41,24.49,0.209,0.667,9
"[-199,-150]",HR≥75/EDG≥-/CV≤0.7/μ≥0.0/TP≥-,63.33,,0.7,0.0,,66,60,38,22,63.33,0.82,-18.78,20.42,0.492,0.545,11
"[-199,-150]",HR≥75/EDG≥-/CV≤0.7/μ≥0.0/TP≥50,63.33,,0.7,0.0,50.0,66,60,38,22,63.33,0.82,-18.78,20.42,0.492,0.545,11
"[-199,-150]",HR≥75/EDG≥-/CV≤0.7/μ≥0.0/TP≥55,63.33,,0.7,0.0,55.0,66,60,38,22,63.33,0.82,-18.78,20.42,0.492,0.545,11
"[-199,-150]",HR≥75/EDG≥-/CV≤0.7/μ≥0.0/TP≥60,64.1,,0.7,0.0,60.0,41,39,25,14,64.1,0.54,-23.41,24.49,0.209,0.667,9
"[-199,-150]",HR≥75/EDG≥-/CV≤0.7/μ≥0.5/TP≥-,67.5,,0.7,0.5,,43,40,27,13,67.5,7.17,-16.2,30.54,2.867,0.75,8
"[-199,-150]",HR≥75/EDG≥-/CV≤0.7/μ≥0.5/TP≥50,67.5,,0.7,0.5,50.0,43,40,27,13,67.5,7.17,-16.2,30.54,2.867,0.75,8
"[-199,-150]",HR≥75/EDG≥-/CV≤0.7/μ≥0.5/TP≥55,67.5,,0.7,0.5,55.0,43,40,27,13,67.5,7.17,-16.2,30.54,2.867,0.75,8
"[-199,-150]",HR≥75/EDG≥-5.0/CV≤-/μ≥-/TP≥-,68.18,-5.0,,,,129,110,75,35,68.18,8.32,-5.59,22.24,9.154,0.75,12
"[-199,-150]",HR≥75/EDG≥-5.0/CV≤-/μ≥-/TP≥50,68.18,-5.0,,,50.0,129,110,75,35,68.18,8.32,-5.59,22.24,9.154,0.75,12
"[-199,-150]",HR≥75/EDG≥-5.0/CV≤-/μ≥-/TP≥55,68.18,-5.0,,,55.0,129,110,75,35,68.18,8.32,-5.59,22.24,9.154,0.75,12
"[-199,-150]",HR≥75/EDG≥-5.0/CV≤-/μ≥-/TP≥60,69.86,-5.0,,,60.0,83,73,51,22,69.86,9.38,-7.23,26.0,6.85,0.583,12
"[-199,-150]",HR≥75/EDG≥-5.0/CV≤-/μ≥0.0/TP≥-,68.18,-5.0,,0.0,,129,110,75,35,68.18,8.32,-5.59,22.24,9.154,0.75,12
"[-199,-150]",HR≥75/EDG≥-5.0/CV≤-/μ≥0.0/TP≥50,68.18,-5.0,,0.0,50.0,129,110,75,35,68.18,8.32,-5.59,22.24,9.154,0.75,12
"[-199,-150]",HR≥75/EDG≥-5.0/CV≤-/μ≥0.0/TP≥55,68.18,-5.0,,0.0,55.0,129,110,75,35,68.18,8.32,-5.59,22.24,9.154,0.75,12
"[-199,-150]",HR≥75/EDG≥-5.0/CV≤-/μ≥0.0/TP≥60,69.86,-5.0,,0.0,60.0,83,73,51,22,69.86,9.38,-7.23,26.0,6.85,0.583,12
"[-199,-150]",HR≥75/EDG≥-5.0/CV≤-/μ≥0.5/TP≥-,73.33,-5.0,,0.5,,85,75,55,20,73.33,16.23,0.23,32.23,12.175,0.8,10
"[-199,-150]",HR≥75/EDG≥-5.0/CV≤-/μ≥0.5/TP≥50,73.33,-5.0,,0.5,50.0,85,75,55,20,73.33,16.23,0.23,32.23,12.175,0.8,10
"[-199,-150]",HR≥75/EDG≥-5.0/CV≤-/μ≥0.5/TP≥55,73.33,-5.0,,0.5,55.0,85,75,55,20,73.33,16.23,0.23,32.23,12.175,0.8,10
"[-199,-150]",HR≥75/EDG≥-5.0/CV≤-/μ≥0.5/TP≥60,76.47,-5.0,,0.5,60.0,57,51,39,12,76.47,19.84,1.38,38.3,10.12,0.6,10
"[-199,-150]",HR≥75/EDG≥-5.0/CV≤0.7/μ≥-/TP≥-,65.52,-5.0,0.7,,,64,58,38,20,65.52,4.3,-15.38,23.97,2.492,0.6,10
"[-199,-150]",HR≥75/EDG≥-5.0/CV≤0.7/μ≥-/TP≥50,65.52,-5.0,0.7,,50.0,64,58,38,20,65.52,4.3,-15.38,23.97,2.492,0.6,10
"[-199,-150]",HR≥75/EDG≥-5.0/CV≤0.7/μ≥-/TP≥55,65.52,-5.0,0.7,,55.0,64,58,38,20,65.52,4.3,-15.38,23.97,2.492,0.6,10
"[-199,-150]",HR≥75/EDG≥-5.0/CV≤0.7/μ≥-/TP≥60,65.79,-5.0,0.7,,60.0,40,38,25,13,65.79,3.18,-20.82,27.19,1.209,0.667,9
"[-199,-150]",HR≥75/EDG≥-5.0/CV≤0.7/μ≥0.0/TP≥-,65.52,-5.0,0.7,0.0,,64,58,38,20,65.52,4.3,-15.38,23.97,2.492,0.6,10
"[-199,-150]",HR≥75/EDG≥-5.0/CV≤0.7/μ≥0.0/TP≥50,65.52,-5.0,0.7,0.0,50.0,64,58,38,20,65.52,4.3,-15.38,23.97,2.492,0.6,10
"[-199,-150]",HR≥75/EDG≥-5.0/CV≤0.7/μ≥0.0/TP≥55,65.52,-5.0,0.7,0.0,55.0,64,58,38,20,65.52,4.3,-15.38,23.97,2.492,0.6,10
"[-199,-150]",HR≥75/EDG≥-5.0/CV≤0.7/μ≥0.0/TP≥60,65.79,-5.0,0.7,0.0,60.0,40,38,25,13,65.79,3.18,-20.82,27.19,1.209,0.667,9
"[-199,-150]",HR≥75/EDG≥-5.0/CV≤0.7/μ≥0.5/TP≥-,67.5,-5.0,0.7,0.5,,43,40,27,13,67.5,7.17,-16.2,30.54,2.867,0.75,8
"[-199,-150]",HR≥75/EDG≥-5.0/CV≤0.7/μ≥0.5/TP≥50,67.5,-5.0,0.7,0.5,50.0,43,40,27,13,67.5,7.17,-16.2,30.54,2.867,0.75,8
"[-199,-150]",HR≥75/EDG≥-5.0/CV≤0.7/μ≥0.5/TP≥55,67.5,-5.0,0.7,0.5,55.0,43,40,27,13,67.5,7.17,-16.2,30.54,2.867,0.75,8
"[-199,-150]",HR≥75/EDG≥0.0/CV≤-/μ≥-/TP≥-,70.41,0.0,,,,114,98,69,29,70.41,11.87,-2.59,26.33,11.63,0.833,12
"[-199,-150]",HR≥75/EDG≥0.0/CV≤-/μ≥-/TP≥50,70.41,0.0,,,50.0,114,98,69,29,70.41,11.87,-2.59,26.33,11.63,0.833,12
"[-199,-150]",HR≥75/EDG≥0.0/CV≤-/μ≥-/TP≥55,70.41,0.0,,,55.0,114,98,69,29,70.41,11.87,-2.59,26.33,11.63,0.833,12
"[-199,-150]",HR≥75/EDG≥0.0/CV≤-/μ≥-/TP≥60,74.6,0.0,,,60.0,71,63,47,16,74.6,16.92,-0.09,33.93,10.659,0.583,12
"[-199,-150]",HR≥75/EDG≥0.0/CV≤-/μ≥0.0/TP≥-,70.41,0.0,,0.0,,114,98,69,29,70.41,11.87,-2.59,26.33,11.63,0.833,12
"[-199,-150]",HR≥75/EDG≥0.0/CV≤-/μ≥0.0/TP≥50,70.41,0.0,,0.0,50.0,114,98,69,29,70.41,11.87,-2.59,26.33,11.63,0.833,12
"[-199,-150]",HR≥75/EDG≥0.0/CV≤-/μ≥0.0/TP≥55,70.41,0.0,,0.0,55.0,114,98,69,29,70.41,11.87,-2.59,26.33,11.63,0.833,12
"[-199,-150]",HR≥75/EDG≥0.0/CV≤-/μ≥0.0/TP≥60,74.6,0.0,,0.0,60.0,71,63,47,16,74.6,16.92,-0.09,33.93,10.659,0.583,12
"[-199,-150]",HR≥75/EDG≥0.0/CV≤-/μ≥0.5/TP≥-,73.33,0.0,,0.5,,85,75,55,20,73.33,16.23,0.23,32.23,12.175,0.8,10
"[-199,-150]",HR≥75/EDG≥0.0/CV≤-/μ≥0.5/TP≥50,73.33,0.0,,0.5,50.0,85,75,55,20,73.33,16.23,0.23,32.23,12.175,0.8,10
"[-199,-150]",HR≥75/EDG≥0.0/CV≤-/μ≥0.5/TP≥55,73.33,0.0,,0.5,55.0,85,75,55,20,73.33,16.23,0.23,32.23,12.175,0.8,10
"[-199,-150]",HR≥75/EDG≥0.0/CV≤-/μ≥0.5/TP≥60,76.47,0.0,,0.5,60.0,57,51,39,12,76.47,19.84,1.38,38.3,10.12,0.6,10
"[-199,-150]",HR≥75/EDG≥0.0/CV≤0.7/μ≥-/TP≥-,67.92,0.0,0.7,,,58,53,36,17,67.92,8.09,-12.13,28.31,4.287,0.6,10
"[-199,-150]",HR≥75/EDG≥0.0/CV≤0.7/μ≥-/TP≥50,67.92,0.0,0.7,,50.0,58,53,36,17,67.92,8.09,-12.13,28.31,4.287,0.6,10
"[-199,-150]",HR≥75/EDG≥0.0/CV≤0.7/μ≥-/TP≥55,67.92,0.0,0.7,,55.0,58,53,36,17,67.92,8.09,-12.13,28.31,4.287,0.6,10
"[-199,-150]",HR≥75/EDG≥0.0/CV≤0.7/μ≥-/TP≥60,70.59,0.0,0.7,,60.0,35,34,24,10,70.59,10.8,-13.64,35.24,3.671,0.778,9
"[-199,-150]",HR≥75/EDG≥0.0/CV≤0.7/μ≥0.0/TP≥-,67.92,0.0,0.7,0.0,,58,53,36,17,67.92,8.09,-12.13,28.31,4.287,0.6,10
"[-199,-150]",HR≥75/EDG≥0.0/CV≤0.7/μ≥0.0/TP≥50,67.92,0.0,0.7,0.0,50.0,58,53,36,17,67.92,8.09,-12.13,28.31,4.287,0.6,10
"[-199,-150]",HR≥75/EDG≥0.0/CV≤0.7/μ≥0.0/TP≥55,67.92,0.0,0.7,0.0,55.0,58,53,36,17,67.92,8.09,-12.13,28.31,4.287,0.6,10
"[-199,-150]",HR≥75/EDG≥0.0/CV≤0.7/μ≥0.0/TP≥60,70.59,0.0,0.7,0.0,60.0,35,34,24,10,70.59,10.8,-13.64,35.24,3.671,0.778,9
"[-199,-150]",HR≥75/EDG≥0.0/CV≤0.7/μ≥0.5/TP≥-,67.5,0.0,0.7,0.5,,43,40,27,13,67.5,7.17,-16.2,30.54,2.867,0.75,8
"[-199,-150]",HR≥75/EDG≥0.0/CV≤0.7/μ≥0.5/TP≥50,67.5,0.0,0.7,0.5,50.0,43,40,27,13,67.5,7.17,-16.2,30.54,2.867,0.75,8
"[-199,-150]",HR≥75/EDG≥0.0/CV≤0.7/μ≥0.5/TP≥55,67.5,0.0,0.7,0.5,55.0,43,40,27,13,67.5,7.17,-16.2,30.54,2.867,0.75,8
"[-199,-150]",HR≥75/EDG≥5.0/CV≤-/μ≥-/TP≥-,71.59,5.0,,,,101,88,63,25,71.59,13.71,-1.37,28.79,12.069,0.818,11
"[-199,-150]",HR≥75/EDG≥5.0/CV≤-/μ≥-/TP≥50,71.59,5.0,,,50.0,101,88,63,25,71.59,13.71,-1.37,28.79,12.069,0.818,11
"[-199,-150]",HR≥75/EDG≥5.0/CV≤-/μ≥-/TP≥55,71.59,5.0,,,55.0,101,88,63,25,71.59,13.71,-1.37,28.79,12.069,0.818,11
"[-199,-150]",HR≥75/EDG≥5.0/CV≤-/μ≥-/TP≥60,76.79,5.0,,,60.0,62,56,43,13,76.79,20.38,2.85,37.9,11.41,0.7,10
"[-199,-150]",HR≥75/EDG≥5.0/CV≤-/μ≥0.0/TP≥-,71.59,5.0,,0.0,,101,88,63,25,71.59,13.71,-1.37,28.79,12.069,0.818,11
"[-199,-150]",HR≥75/EDG≥5.0/CV≤-/μ≥0.0/TP≥50,71.59,5.0,,0.0,50.0,101,88,63,25,71.59,13.71,-1.37,28.79,12.069,0.818,11
"[-199,-150]",HR≥75/EDG≥5.0/CV≤-/μ≥0.0/TP≥55,71.59,5.0,,0.0,55.0,101,88,63,25,71.59,13.71,-1.37,28.79,12.069,0.818,11
"[-199,-150]",HR≥75/EDG≥5.0/CV≤-/μ≥0.0/TP≥60,76.79,5.0,,0.0,60.0,62,56,43,13,76.79,20.38,2.85,37.9,11.41,0.7,10
"[-199,-150]",HR≥75/EDG≥5.0/CV≤-/μ≥0.5/TP≥-,73.33,5.0,,0.5,,85,75,55,20,73.33,16.23,0.23,32.23,12.175,0.8,10
"[-199,-150]",HR≥75/EDG≥5.0/CV≤-/μ≥0.5/TP≥50,73.33,5.0,,0.5,50.0,85,75,55,20,73.33,16.23,0.23,32.23,12.175,0.8,10
"[-199,-150]",HR≥75/EDG≥5.0/CV≤-/μ≥0.5/TP≥55,73.33,5.0,,0.5,55.0,85,75,55,20,73.33,16.23,0.23,32.23,12.175,0.8,10
"[-199,-150]",HR≥75/EDG≥5.0/CV≤-/μ≥0.5/TP≥60,76.47,5.0,,0.5,60.0,57,51,39,12,76.47,19.84,1.38,38.3,10.12,0.6,10
"[-199,-150]",HR≥75/EDG≥5.0/CV≤0.7/μ≥-/TP≥-,68.0,5.0,0.7,,,55,50,34,16,68.0,8.19,-12.62,29.0,4.094,0.6,10
"[-199,-150]",HR≥75/EDG≥5.0/CV≤0.7/μ≥-/TP≥50,68.0,5.0,0.7,,50.0,55,50,34,16,68.0,8.19,-12.62,29.0,4.094,0.6,10
"[-199,-150]",HR≥75/EDG≥5.0/CV≤0.7/μ≥-/TP≥55,68.0,5.0,0.7,,55.0,55,50,34,16,68.0,8.19,-12.62,29.0,4.094,0.6,10
"[-199,-150]",HR≥75/EDG≥5.0/CV≤0.7/μ≥-/TP≥60,71.88,5.0,0.7,,60.0,33,32,23,9,71.88,12.95,-11.96,37.86,4.145,0.778,9
"[-199,-150]",HR≥75/EDG≥5.0/CV≤0.7/μ≥0.0/TP≥-,68.0,5.0,0.7,0.0,,55,50,34,16,68.0,8.19,-12.62,29.0,4.094,0.6,10
"[-199,-150]",HR≥75/EDG≥5.0/CV≤0.7/μ≥0.0/TP≥50,68.0,5.0,0.7,0.0,50.0,55,50,34,16,68.0,8.19,-12.62,29.0,4.094,0.6,10
"[-199,-150]",HR≥75/EDG≥5.0/CV≤0.7/μ≥0.0/TP≥55,68.0,5.0,0.7,0.0,55.0,55,50,34,16,68.0,8.19,-12.62,29.0,4.094,0.6,10
"[-199,-150]",HR≥75/EDG≥5.0/CV≤0.7/μ≥0.0/TP≥60,71.88,5.0,0.7,0.0,60.0,33,32,23,9,71.88,12.95,-11.96,37.86,4.145,0.778,9
"[-199,-150]",HR≥75/EDG≥5.0/CV≤0.7/μ≥0.5/TP≥-,67.5,5.0,0.7,0.5,,43,40,27,13,67.5,7.17,-16.2,30.54,2.867,0.75,8
"[-199,-150]",HR≥75/EDG≥5.0/CV≤0.7/μ≥0.5/TP≥50,67.5,5.0,0.7,0.5,50.0,43,40,27,13,67.5,7.17,-16.2,30.54,2.867,0.75,8
"[-199,-150]",HR≥75/EDG≥5.0/CV≤0.7/μ≥0.5/TP≥55,67.5,5.0,0.7,0.5,55.0,43,40,27,13,67.5,7.17,-16.2,30.54,2.867,0.75,8
"[-199,-150]",HR≥75/EDG≥10.0/CV≤-/μ≥-/TP≥-,76.25,10.0,,,,91,80,61,19,76.25,21.14,6.2,36.08,16.911,0.909,11
"[-199,-150]",HR≥75/EDG≥10.0/CV≤-/μ≥-/TP≥50,76.25,10.0,,,50.0,91,80,61,19,76.25,21.14,6.2,36.08,16.911,0.909,11
"[-199,-150]",HR≥75/EDG≥10.0/CV≤-/μ≥-/TP≥55,76.25,10.0,,,55.0,91,80,61,19,76.25,21.14,6.2,36.08,16.911,0.909,11
"[-199,-150]",HR≥75/EDG≥10.0/CV≤-/μ≥-/TP≥60,80.77,10.0,,,60.0,58,52,42,10,80.77,26.73,9.72,43.73,13.897,0.8,10
"[-199,-150]",HR≥75/EDG≥10.0/CV≤-/μ≥0.0/TP≥-,76.25,10.0,,0.0,,91,80,61,19,76.25,21.14,6.2,36.08,16.911,0.909,11
"[-199,-150]",HR≥75/EDG≥10.0/CV≤-/μ≥0.0/TP≥50,76.25,10.0,,0.0,50.0,91,80,61,19,76.25,21.14,6.2,36.08,16.911,0.909,11
"[-199,-150]",HR≥75/EDG≥10.0/CV≤-/μ≥0.0/TP≥55,76.25,10.0,,0.0,55.0,91,80,61,19,76.25,21.14,6.2,36.08,16.911,0.909,11
"[-199,-150]",HR≥75/EDG≥10.0/CV≤-/μ≥0.0/TP≥60,80.77,10.0,,0.0,60.0,58,52,42,10,80.77,26.73,9.72,43.73,13.897,0.8,10
"[-199,-150]",HR≥75/EDG≥10.0/CV≤-/μ≥0.5/TP≥-,75.34,10.0,,0.5,,83,73,55,18,75.34,19.42,3.61,35.23,14.175,0.9,10
"[-199,-150]",HR≥75/EDG≥10.0/CV≤-/μ≥0.5/TP≥50,75.34,10.0,,0.5,50.0,83,73,55,18,75.34,19.42,3.61,35.23,14.175,0.9,10
"[-199,-150]",HR≥75/EDG≥10.0/CV≤-/μ≥0.5/TP≥55,75.34,10.0,,0.5,55.0,83,73,55,18,75.34,19.42,3.61,35.23,14.175,0.9,10
"[-199,-150]",HR≥75/EDG≥10.0/CV≤-/μ≥0.5/TP≥60,79.59,10.0,,0.5,60.0,55,49,39,10,79.59,24.73,6.83,42.64,12.12,0.667,9
"[-199,-150]",HR≥75/EDG≥10.0/CV≤0.7/μ≥-/TP≥-,69.57,10.0,0.7,,,49,46,32,14,69.57,10.73,-10.7,32.16,4.936,0.7,10
"[-199,-150]",HR≥75/EDG≥10.0/CV≤0.7/μ≥-/TP≥50,69.57,10.0,0.7,,50.0,49,46,32,14,69.57,10.73,-10.7,32.16,4.936,0.7,10
"[-199,-150]",HR≥75/EDG≥10.0/CV≤0.7/μ≥-/TP≥55,69.57,10.0,0.7,,55.0,49,46,32,14,69.57,10.73,-10.7,32.16,4.936,0.7,10
"[-199,-150]",HR≥75/EDG≥10.0/CV≤0.7/μ≥-/TP≥60,73.33,10.0,0.7,,60.0,31,30,22,8,73.33,15.44,-9.94,40.82,4.632,0.778,9
"[-199,-150]",HR≥75/EDG≥10.0/CV≤0.7/μ≥0.0/TP≥-,69.57,10.0,0.7,0.0,,49,46,32,14,69.57,10.73,-10.7,32.16,4.936,0.7,10
"[-199,-150]",HR≥75/EDG≥10.0/CV≤0.7/μ≥0.0/TP≥50,69.57,10.0,0.7,0.0,50.0,49,46,32,14,69.57,10.73,-10.7,32.16,4.936,0.7,10
"[-199,-150]",HR≥75/EDG≥10.0/CV≤0.7/μ≥0.0/TP≥55,69.57,10.0,0.7,0.0,55.0,49,46,32,14,69.57,10.73,-10.7,32.16,4.936,0.7,10
"[-199,-150]",HR≥75/EDG≥10.0/CV≤0.7/μ≥0.0/TP≥60,73.33,10.0,0.7,0.0,60.0,31,30,22,8,73.33,15.44,-9.94,40.82,4.632,0.778,9
"[-199,-150]",HR≥75/EDG≥10.0/CV≤0.7/μ≥0.5/TP≥-,67.5,10.0,0.7,0.5,,43,40,27,13,67.5,7.17,-16.2,30.54,2.867,0.75,8
"[-199,-150]",HR≥75/EDG≥10.0/CV≤0.7/μ≥0.5/TP≥50,67.5,10.0,0.7,0.5,50.0,43,40,27,13,67.5,7.17,-16.2,30.54,2.867,0.75,8
"[-199,-150]",HR≥75/EDG≥10.0/CV≤0.7/μ≥0.5/TP≥55,67.5,10.0,0.7,0.5,55.0,43,40,27,13,67.5,7.17,-16.2,30.54,2.867,0.75,8
"[-149,-110]",HR≥-/EDG≥-/CV≤-/μ≥-/TP≥-,51.47,,,,,685,579,298,281,51.47,-8.8,-16.03,-1.57,-50.948,0.231,13
"[-149,-110]",HR≥-/EDG≥-/CV≤-/μ≥-/TP≥50,51.77,,,,50.0,665,566,293,273,51.77,-8.35,-15.66,-1.05,-47.282,0.231,13
"[-149,-110]",HR≥-/EDG≥-/CV≤-/μ≥-/TP≥55,53.01,,,,55.0,309,266,141,125,53.01,-8.4,-18.79,1.99,-22.344,0.231,13
"[-149,-110]",HR≥-/EDG≥-/CV≤-/μ≥0.0/TP≥-,53.9,,,0.0,,522,449,242,207,53.9,-4.78,-12.95,3.39,-21.459,0.231,13
"[-149,-110]",HR≥-/EDG≥-/CV≤-/μ≥0.0/TP≥50,54.32,,,0.0,50.0,510,440,239,201,54.32,-4.13,-12.37,4.11,-18.17,0.231,13
"[-149,-110]",HR≥-/EDG≥-/CV≤-/μ≥0.0/TP≥55,55.11,,,0.0,55.0,256,225,124,101,55.11,-4.76,-16.02,6.5,-10.713,0.308,13
"[-149,-110]",HR≥-/EDG≥-/CV≤-/μ≥0.5/TP≥-,56.73,,,0.5,,124,104,59,45,56.73,-0.67,-17.44,16.1,-0.697,0.5,12
"[-149,-110]",HR≥-/EDG≥-/CV≤-/μ≥0.5/TP≥50,56.31,,,0.5,50.0,123,103,58,45,56.31,-1.56,-18.4,15.28,-1.606,0.417,12
"[-149,-110]",HR≥-/EDG≥-/CV≤-/μ≥0.5/TP≥55,57.81,,,0.5,55.0,76,64,37,27,57.81,-0.44,-21.45,20.57,-0.282,0.636,11
"[-149,-110]",HR≥-/EDG≥-5.0/CV≤-/μ≥-/TP≥-,53.72,-5.0,,,,502,430,231,199,53.72,-4.75,-13.13,3.63,-20.42,0.308,13
"[-149,-110]",HR≥-/EDG≥-5.0/CV≤-/μ≥-/TP≥50,54.05,-5.0,,,50.0,489,420,227,193,54.05,-4.3,-12.76,4.17,-18.04,0.385,13
"[-149,-110]",HR≥-/EDG≥-5.0/CV≤-/μ≥-/TP≥55,55.07,-5.0,,,55.0,238,207,114,93,55.07,-4.69,-16.45,7.07,-9.707,0.308,13
"[-149,-110]",HR≥-/EDG≥-5.0/CV≤-/μ≥0.0/TP≥-,53.55,-5.0,,0.0,,494,422,226,196,53.55,-5.19,-13.64,3.26,-21.904,0.308,13
"[-149,-110]",HR≥-/EDG≥-5.0/CV≤-/μ≥0.0/TP≥50,54.0,-5.0,,0.0,50.0,482,413,223,190,54.0,-4.51,-13.03,4.02,-18.615,0.308,13
"[-149,-110]",HR≥-/EDG≥-5.0/CV≤-/μ≥0.0/TP≥55,55.07,-5.0,,0.0,55.0,238,207,114,93,55.07,-4.69,-16.45,7.07,-9.707,0.308,13
"[-149,-110]",HR≥-/EDG≥-5.0/CV≤-/μ≥0.5/TP≥-,56.73,-5.0,,0.5,,124,104,59,45,56.73,-0.67,-17.44,16.1,-0.697,0.5,12
"[-149,-110]",HR≥-/EDG≥-5.0/CV≤-/μ≥0.5/TP≥50,56.31,-5.0,,0.5,50.0,123,103,58,45,56.31,-1.56,-18.4,15.28,-1.606,0.417,12
"[-149,-110]",HR≥-/EDG≥-5.0/CV≤-/μ≥0.5/TP≥55,57.81,-5.0,,0.5,55.0,76,64,37,27,57.81,-0.44,-21.45,20.57,-0.282,0.636,11
"[-149,-110]",HR≥-/EDG≥0.0/CV≤-/μ≥-/TP≥-,53.87,0.0,,,,410,349,188,161,53.87,-4.61,-13.9,4.68,-16.093,0.308,13
"[-149,-110]",HR≥-/EDG≥0.0/CV≤-/μ≥-/TP≥50,54.41,0.0,,,50.0,401,340,185,155,54.41,-3.77,-13.16,5.62,-12.804,0.385,13
"[-149,-110]",HR≥-/EDG≥0.0/CV≤-/μ≥-/TP≥55,55.49,0.0,,,55.0,202,173,96,77,55.49,-4.09,-16.93,8.75,-7.073,0.385,13
"[-149,-110]",HR≥-/EDG≥0.0/CV≤-/μ≥0.0/TP≥-,53.87,0.0,,0.0,,410,349,188,161,53.87,-4.61,-13.9,4.68,-16.093,0.308,13
"[-149,-110]",HR≥-/EDG≥0.0/CV≤-/μ≥0.0/TP≥50,54.41,0.0,,0.0,50.0,401,340,185,155,54.41,-3.77,-13.16,5.62,-12.804,0.385,13
"[-149,-110]",HR≥-/EDG≥0.0/CV≤-/μ≥0.0/TP≥55,55.49,0.0,,0.0,55.0,202,173,96,77,55.49,-4.09,-16.93,8.75,-7.073,0.385,13
"[-149,-110]",HR≥-/EDG≥0.0/CV≤-/μ≥0.5/TP≥-,56.73,0.0,,0.5,,124,104,59,45,56.73,-0.67,-17.44,16.1,-0.697,0.5,12
"[-149,-110]",HR≥-/EDG≥0.0/CV≤-/μ≥0.5/TP≥50,56.31,0.0,,0.5,50.0,123,103,58,45,56.31,-1.56,-18.4,15.28,-1.606,0.417,12
"[-149,-110]",HR≥-/EDG≥0.0/CV≤-/μ≥0.5/TP≥55,57.81,0.0,,0.5,55.0,76,64,37,27,57.81,-0.44,-21.45,20.57,-0.282,0.636,11
"[-149,-110]",HR≥-/EDG≥5.0/CV≤-/μ≥-/TP≥-,54.55,5.0,,,,312,264,144,120,54.55,-3.56,-14.22,7.09,-9.407,0.462,13
"[-149,-110]",HR≥-/EDG≥5.0/CV≤-/μ≥-/TP≥50,55.25,5.0,,,50.0,305,257,142,115,55.25,-2.42,-13.19,8.35,-6.225,0.462,13
"[-149,-110]",HR≥-/EDG≥5.0/CV≤-/μ≥-/TP≥55,56.15,5.0,,,55.0,155,130,73,57,56.15,-3.11,-17.89,11.67,-4.038,0.538,13
"[-149,-110]",HR≥-/EDG≥5.0/CV≤-/μ≥0.0/TP≥-,54.55,5.0,,0.0,,312,264,144,120,54.55,-3.56,-14.22,7.09,-9.407,0.462,13
"[-149,-110]",HR≥-/EDG≥5.0/CV≤-/μ≥0.0/TP≥50,55.25,5.0,,0.0,50.0,305,257,142,115,55.25,-2.42,-13.19,8.35,-6.225,0.462,13
"[-149,-110]",HR≥-/EDG≥5.0/CV≤-/μ≥0.0/TP≥55,56.15,5.0,,0.0,55.0,155,130,73,57,56.15,-3.11,-17.89,11.67,-4.038,0.538,13
"[-149,-110]",HR≥-/EDG≥5.0/CV≤-/μ≥0.5/TP≥-,56.73,5.0,,0.5,,124,104,59,45,56.73,-0.67,-17.44,16.1,-0.697,0.5,12
"[-149,-110]",HR≥-/EDG≥5.0/CV≤-/μ≥0.5/TP≥50,56.31,5.0,,0.5,50.0,123,103,58,45,56.31,-1.56,-18.4,15.28,-1.606,0.417,12
"[-149,-110]",HR≥-/EDG≥5.0/CV≤-/μ≥0.5/TP≥55,57.81,5.0,,0.5,55.0,76,64,37,27,57.81,-0.44,-21.45,20.57,-0.282,0.636,11
"[-149,-110]",HR≥-/EDG≥10.0/CV≤-/μ≥-/TP≥-,53.27,10.0,,,,241,199,106,93,53.27,-6.19,-18.44,6.06,-12.32,0.385,13
"[-149,-110]",HR≥-/EDG≥10.0/CV≤-/μ≥-/TP≥50,53.3,10.0,,,50.0,239,197,105,92,53.3,-6.21,-18.51,6.1,-12.23,0.385,13
"[-149,-110]",HR≥-/EDG≥10.0/CV≤-/μ≥-/TP≥55,54.0,10.0,,,55.0,124,100,54,46,54.0,-6.87,-23.81,10.06,-6.874,0.308,13
"[-149,-110]",HR≥-/EDG≥10.0/CV≤-/μ≥0.0/TP≥-,53.27,10.0,,0.0,,241,199,106,93,53.27,-6.19,-18.44,6.06,-12.32,0.385,13
"[-149,-110]",HR≥-/EDG≥10.0/CV≤-/μ≥0.0/TP≥50,53.3,10.0,,0.0,50.0,239,197,105,92,53.3,-6.21,-18.51,6.1,-12.23,0.385,13
"[-149,-110]",HR≥-/EDG≥10.0/CV≤-/μ≥0.0/TP≥55,54.0,10.0,,0.0,55.0,124,100,54,46,54.0,-6.87,-23.81,10.06,-6.874,0.308,13
"[-149,-110]",HR≥-/EDG≥10.0/CV≤-/μ≥0.5/TP≥-,55.88,10.0,,0.5,,122,102,57,45,55.88,-2.08,-19.07,14.9,-2.126,0.417,12
"[-149,-110]",HR≥-/EDG≥10.0/CV≤-/μ≥0.5/TP≥50,55.45,10.0,,0.5,50.0,121,101,56,45,55.45,-3.0,-20.06,14.05,-3.035,0.417,12
"[-149,-110]",HR≥-/EDG≥10.0/CV≤-/μ≥0.5/TP≥55,56.45,10.0,,0.5,55.0,74,62,35,27,56.45,-2.76,-24.2,18.68,-1.711,0.636,11
"[-149,-110]",HR≥45/EDG≥-/CV≤-/μ≥-/TP≥-,51.41,,,,,454,391,201,190,51.41,-9.09,-17.88,-0.31,-35.552,0.231,13
"[-149,-110]",HR≥45/EDG≥-/CV≤-/μ≥-/TP≥50,52.09,,,,50.0,441,382,199,183,52.09,-7.95,-16.83,0.93,-30.37,0.231,13
"[-149,-110]",HR≥45/EDG≥-/CV≤-/μ≥-/TP≥55,52.02,,,,55.0,222,198,103,95,52.02,-10.23,-22.27,1.81,-20.257,0.308,13
"[-149,-110]",HR≥45/EDG≥-/CV≤-/μ≥0.0/TP≥-,53.12,,,0.0,,387,337,179,158,53.12,-6.24,-15.67,3.19,-21.019,0.25,12
"[-149,-110]",HR≥45/EDG≥-/CV≤-/μ≥0.0/TP≥50,53.94,,,0.0,50.0,378,330,178,152,53.94,-4.83,-14.34,4.69,-15.928,0.417,12
"[-149,-110]",HR≥45/EDG≥-/CV≤-/μ≥0.0/TP≥55,53.11,,,0.0,55.0,198,177,94,83,53.11,-8.3,-21.04,4.43,-14.698,0.333,12
"[-149,-110]",HR≥45/EDG≥-/CV≤-/μ≥0.5/TP≥-,57.47,,,0.5,,103,87,50,37,57.47,0.64,-17.68,18.96,0.556,0.333,12
"[-149,-110]",HR≥45/EDG≥-/CV≤-/μ≥0.5/TP≥50,56.98,,,0.5,50.0,102,86,49,37,56.98,-0.41,-18.83,18.0,-0.353,0.333,12
"[-149,-110]",HR≥45/EDG≥-/CV≤-/μ≥0.5/TP≥55,57.14,,,0.5,55.0,66,56,32,24,57.14,-1.53,-24.07,21.02,-0.855,0.545,11
"[-149,-110]",HR≥45/EDG≥-5.0/CV≤-/μ≥-/TP≥-,53.37,-5.0,,,,376,326,174,152,53.37,-5.44,-15.07,4.18,-17.75,0.333,12
"[-149,-110]",HR≥45/EDG≥-5.0/CV≤-/μ≥-/TP≥50,54.09,-5.0,,,50.0,366,318,172,146,54.09,-4.27,-13.99,5.46,-13.569,0.417,12
"[-149,-110]",HR≥45/EDG≥-5.0/CV≤-/μ≥-/TP≥55,52.44,-5.0,,,55.0,185,164,86,78,52.44,-9.33,-22.59,3.93,-15.297,0.417,12
"[-149,-110]",HR≥45/EDG≥-5.0/CV≤-/μ≥0.0/TP≥-,52.96,-5.0,,0.0,,371,321,170,151,52.96,-6.35,-16.03,3.33,-20.387,0.333,12
"[-149,-110]",HR≥45/EDG≥-5.0/CV≤-/μ≥0.0/TP≥50,53.82,-5.0,,0.0,50.0,362,314,169,145,53.82,-4.87,-14.65,4.9,-15.296,0.417,12
"[-149,-110]",HR≥45/EDG≥-5.0/CV≤-/μ≥0.0/TP≥55,52.44,-5.0,,0.0,55.0,185,164,86,78,52.44,-9.33,-22.59,3.93,-15.297,0.417,12
"[-149,-110]",HR≥45/EDG≥-5.0/CV≤-/μ≥0.5/TP≥-,57.47,-5.0,,0.5,,103,87,50,37,57.47,0.64,-17.68,18.96,0.556,0.333,12
"[-149,-110]",HR≥45/EDG≥-5.0/CV≤-/μ≥0.5/TP≥50,56.98,-5.0,,0.5,50.0,102,86,49,37,56.98,-0.41,-18.83,18.0,-0.353,0.333,12
"[-149,-110]",HR≥45/EDG≥-5.0/CV≤-/μ≥0.5/TP≥55,57.14,-5.0,,0.5,55.0,66,56,32,24,57.14,-1.53,-24.07,21.02,-0.855,0.545,11
"[-149,-110]",HR≥45/EDG≥0.0/CV≤-/μ≥-/TP≥-,53.07,0.0,,,,322,277,147,130,53.07,-6.17,-16.59,4.26,-17.082,0.417,12
"[-149,-110]",HR≥45/EDG≥0.0/CV≤-/μ≥-/TP≥50,54.07,0.0,,,50.0,315,270,146,124,54.07,-4.44,-14.98,6.1,-11.991,0.417,12
"[-149,-110]",HR≥45/EDG≥0.0/CV≤-/μ≥-/TP≥55,52.78,0.0,,,55.0,164,144,76,68,52.78,-8.88,-23.01,5.25,-12.79,0.417,12
"[-149,-110]",HR≥45/EDG≥0.0/CV≤-/μ≥0.0/TP≥-,53.07,0.0,,0.0,,322,277,147,130,53.07,-6.17,-16.59,4.26,-17.082,0.417,12
"[-149,-110]",HR≥45/EDG≥0.0/CV≤-/μ≥0.0/TP≥50,54.07,0.0,,0.0,50.0,315,270,146,124,54.07,-4.44,-14.98,6.1,-11.991,0.417,12
"[-149,-110]",HR≥45/EDG≥0.0/CV≤-/μ≥0.0/TP≥55,52.78,0.0,,0.0,55.0,164,144,76,68,52.78,-8.88,-23.01,5.25,-12.79,0.417,12
"[-149,-110]",HR≥45/EDG≥0.0/CV≤-/μ≥0.5/TP≥-,57.47,0.0,,0.5,,103,87,50,37,57.47,0.64,-17.68,18.96,0.556,0.333,12
"[-149,-110]",HR≥45/EDG≥0.0/CV≤-/μ≥0.5/TP≥50,56.98,0.0,,0.5,50.0,102,86,49,37,56.98,-0.41,-18.83,18.0,-0.353,0.333,12
"[-149,-110]",HR≥45/EDG≥0.0/CV≤-/μ≥0.5/TP≥55,57.14,0.0,,0.5,55.0,66,56,32,24,57.14,-1.53,-24.07,21.02,-0.855,0.545,11
"[-149,-110]",HR≥45/EDG≥5.0/CV≤-/μ≥-/TP≥-,55.4,5.0,,,,251,213,118,95,55.4,-1.91,-13.78,9.95,-4.075,0.583,12
"[-149,-110]",HR≥45/EDG≥5.0/CV≤-/μ≥-/TP≥50,56.52,5.0,,,50.0,245,207,117,90,56.52,0.01,-11.99,12.0,0.016,0.667,12
"[-149,-110]",HR≥45/EDG≥5.0/CV≤-/μ≥-/TP≥55,55.14,5.0,,,55.0,127,107,59,48,55.14,-4.96,-21.29,11.36,-5.312,0.583,12
"[-149,-110]",HR≥45/EDG≥5.0/CV≤-/μ≥0.0/TP≥-,55.4,5.0,,0.0,,251,213,118,95,55.4,-1.91,-13.78,9.95,-4.075,0.583,12
"[-149,-110]",HR≥45/EDG≥5.0/CV≤-/μ≥0.0/TP≥50,56.52,5.0,,0.0,50.0,245,207,117,90,56.52,0.01,-11.99,12.0,0.016,0.667,12
"[-149,-110]",HR≥45/EDG≥5.0/CV≤-/μ≥0.0/TP≥55,55.14,5.0,,0.0,55.0,127,107,59,48,55.14,-4.96,-21.29,11.36,-5.312,0.583,12
"[-149,-110]",HR≥45/EDG≥5.0/CV≤-/μ≥0.5/TP≥-,57.47,5.0,,0.5,,103,87,50,37,57.47,0.64,-17.68,18.96,0.556,0.333,12
"[-149,-110]",HR≥45/EDG≥5.0/CV≤-/μ≥0.5/TP≥50,56.98,5.0,,0.5,50.0,102,86,49,37,56.98,-0.41,-18.83,18.0,-0.353,0.333,12
"[-149,-110]",HR≥45/EDG≥5.0/CV≤-/μ≥0.5/TP≥55,57.14,5.0,,0.5,55.0,66,56,32,24,57.14,-1.53,-24.07,21.02,-0.855,0.545,11
"[-149,-110]",HR≥45/EDG≥10.0/CV≤-/μ≥-/TP≥-,52.87,10.0,,,,192,157,83,74,52.87,-6.77,-20.6,7.07,-10.624,0.333,12
"[-149,-110]",HR≥45/EDG≥10.0/CV≤-/μ≥-/TP≥50,52.9,10.0,,,50.0,190,155,82,73,52.9,-6.8,-20.7,7.11,-10.533,0.333,12
"[-149,-110]",HR≥45/EDG≥10.0/CV≤-/μ≥-/TP≥55,51.22,10.0,,,55.0,102,82,42,40,51.22,-11.82,-30.57,6.92,-9.693,0.417,12
"[-149,-110]",HR≥45/EDG≥10.0/CV≤-/μ≥0.0/TP≥-,52.87,10.0,,0.0,,192,157,83,74,52.87,-6.77,-20.6,7.07,-10.624,0.333,12
"[-149,-110]",HR≥45/EDG≥10.0/CV≤-/μ≥0.0/TP≥50,52.9,10.0,,0.0,50.0,190,155,82,73,52.9,-6.8,-20.7,7.11,-10.533,0.333,12
"[-149,-110]",HR≥45/EDG≥10.0/CV≤-/μ≥0.0/TP≥55,51.22,10.0,,0.0,55.0,102,82,42,40,51.22,-11.82,-30.57,6.92,-9.693,0.417,12
"[-149,-110]",HR≥45/EDG≥10.0/CV≤-/μ≥0.5/TP≥-,56.47,10.0,,0.5,,101,85,48,37,56.47,-1.03,-19.63,17.58,-0.873,0.333,12
"[-149,-110]",HR≥45/EDG≥10.0/CV≤-/μ≥0.5/TP≥50,55.95,10.0,,0.5,50.0,100,84,47,37,55.95,-2.12,-20.82,16.58,-1.782,0.25,12
"[-149,-110]",HR≥45/EDG≥10.0/CV≤-/μ≥0.5/TP≥55,55.56,10.0,,0.5,55.0,64,54,30,24,55.56,-4.23,-27.3,18.84,-2.284,0.545,11
"[-149,-110]",HR≥50/EDG≥-/CV≤-/μ≥-/TP≥-,51.94,,,,,357,310,161,149,51.94,-8.46,-18.29,1.38,-26.214,0.308,13
"[-149,-110]",HR≥50/EDG≥-/CV≤-/μ≥-/TP≥50,52.63,,,,50.0,349,304,160,144,52.63,-7.28,-17.19,2.64,-22.123,0.308,13
"[-149,-110]",HR≥50/EDG≥-/CV≤-/μ≥-/TP≥55,54.49,,,,55.0,188,167,91,76,54.49,-5.85,-18.95,7.24,-9.776,0.462,13
"[-149,-110]",HR≥50/EDG≥-/CV≤-/μ≥0.0/TP≥-,52.88,,,0.0,,317,278,147,131,52.88,-6.73,-17.11,3.65,-18.714,0.333,12
"[-149,-110]",HR≥50/EDG≥-/CV≤-/μ≥0.0/TP≥50,53.48,,,0.0,50.0,311,273,146,127,53.48,-5.72,-16.19,4.74,-15.624,0.417,12
"[-149,-110]",HR≥50/EDG≥-/CV≤-/μ≥0.0/TP≥55,53.95,,,0.0,55.0,171,152,82,70,53.95,-6.72,-20.47,7.03,-10.217,0.417,12
"[-149,-110]",HR≥50/EDG≥-/CV≤-/μ≥0.5/TP≥-,55.56,,,0.5,,95,81,45,36,55.56,-2.64,-21.74,16.47,-2.137,0.333,12
"[-149,-110]",HR≥50/EDG≥-/CV≤-/μ≥0.5/TP≥50,55.0,,,0.5,50.0,94,80,44,36,55.0,-3.81,-23.01,15.4,-3.046,0.333,12
"[-149,-110]",HR≥50/EDG≥-/CV≤-/μ≥0.5/TP≥55,54.9,,,0.5,55.0,60,51,28,23,54.9,-5.32,-29.11,18.47,-2.714,0.545,11
"[-149,-110]",HR≥50/EDG≥-5.0/CV≤-/μ≥-/TP≥-,53.16,-5.0,,,,308,269,143,126,53.16,-6.1,-16.67,4.47,-16.409,0.333,12
"[-149,-110]",HR≥50/EDG≥-5.0/CV≤-/μ≥-/TP≥50,53.79,-5.0,,,50.0,302,264,142,122,53.79,-5.04,-15.7,5.61,-13.318,0.333,12
"[-149,-110]",HR≥50/EDG≥-5.0/CV≤-/μ≥-/TP≥55,54.17,-5.0,,,55.0,163,144,78,66,54.17,-6.29,-20.42,7.85,-9.051,0.5,12
"[-149,-110]",HR≥50/EDG≥-5.0/CV≤-/μ≥0.0/TP≥-,52.99,-5.0,,0.0,,307,268,142,126,52.99,-6.46,-17.04,4.12,-17.318,0.333,12
"[-149,-110]",HR≥50/EDG≥-5.0/CV≤-/μ≥0.0/TP≥50,53.61,-5.0,,0.0,50.0,301,263,141,122,53.61,-5.41,-16.08,5.26,-14.227,0.333,12
"[-149,-110]",HR≥50/EDG≥-5.0/CV≤-/μ≥0.0/TP≥55,54.17,-5.0,,0.0,55.0,163,144,78,66,54.17,-6.29,-20.42,7.85,-9.051,0.5,12
"[-149,-110]",HR≥50/EDG≥-5.0/CV≤-/μ≥0.5/TP≥-,55.56,-5.0,,0.5,,95,81,45,36,55.56,-2.64,-21.74,16.47,-2.137,0.333,12
"[-149,-110]",HR≥50/EDG≥-5.0/CV≤-/μ≥0.5/TP≥50,55.0,-5.0,,0.5,50.0,94,80,44,36,55.0,-3.81,-23.01,15.4,-3.046,0.333,12
"[-149,-110]",HR≥50/EDG≥-5.0/CV≤-/μ≥0.5/TP≥55,54.9,-5.0,,0.5,55.0,60,51,28,23,54.9,-5.32,-29.11,18.47,-2.714,0.545,11
"[-149,-110]",HR≥50/EDG≥0.0/CV≤-/μ≥-/TP≥-,52.99,0.0,,,,271,234,124,110,52.99,-6.45,-17.78,4.88,-15.086,0.333,12
"[-149,-110]",HR≥50/EDG≥0.0/CV≤-/μ≥-/TP≥50,53.71,0.0,,,50.0,266,229,123,106,53.71,-5.24,-16.67,6.19,-11.995,0.417,12
"[-149,-110]",HR≥50/EDG≥0.0/CV≤-/μ≥-/TP≥55,53.54,0.0,,,55.0,145,127,68,59,53.54,-7.51,-22.56,7.53,-9.544,0.417,12
"[-149,-110]",HR≥50/EDG≥0.0/CV≤-/μ≥0.0/TP≥-,52.99,0.0,,0.0,,271,234,124,110,52.99,-6.45,-17.78,4.88,-15.086,0.333,12
"[-149,-110]",HR≥50/EDG≥0.0/CV≤-/μ≥0.0/TP≥50,53.71,0.0,,0.0,50.0,266,229,123,106,53.71,-5.24,-16.67,6.19,-11.995,0.417,12
"[-149,-110]",HR≥50/EDG≥0.0/CV≤-/μ≥0.0/TP≥55,53.54,0.0,,0.0,55.0,145,127,68,59,53.54,-7.51,-22.56,7.53,-9.544,0.417,12
"[-149,-110]",HR≥50/EDG≥0.0/CV≤-/μ≥0.5/TP≥-,55.56,0.0,,0.5,,95,81,45,36,55.56,-2.64,-21.74,16.47,-2.137,0.333,12
"[-149,-110]",HR≥50/EDG≥0.0/CV≤-/μ≥0.5/TP≥50,55.0,0.0,,0.5,50.0,94,80,44,36,55.0,-3.81,-23.01,15.4,-3.046,0.333,12
"[-149,-110]",HR≥50/EDG≥0.0/CV≤-/μ≥0.5/TP≥55,54.9,0.0,,0.5,55.0,60,51,28,23,54.9,-5.32,-29.11,18.47,-2.714,0.545,11
"[-149,-110]",HR≥50/EDG≥5.0/CV≤-/μ≥-/TP≥-,55.91,5.0,,,,217,186,104,82,55.91,-1.11,-13.79,11.56,-2.071,0.5,12
"[-149,-110]",HR≥50/EDG≥5.0/CV≤-/μ≥-/TP≥50,56.59,5.0,,,50.0,213,182,103,79,56.59,0.01,-12.77,12.79,0.019,0.583,12
"[-149,-110]",HR≥50/EDG≥5.0/CV≤-/μ≥-/TP≥55,54.74,5.0,,,55.0,113,95,52,43,54.74,-5.63,-22.99,11.72,-5.352,0.417,12
"[-149,-110]",HR≥50/EDG≥5.0/CV≤-/μ≥0.0/TP≥-,55.91,5.0,,0.0,,217,186,104,82,55.91,-1.11,-13.79,11.56,-2.071,0.5,12
"[-149,-110]",HR≥50/EDG≥5.0/CV≤-/μ≥0.0/TP≥50,56.59,5.0,,0.0,50.0,213,182,103,79,56.59,0.01,-12.77,12.79,0.019,0.583,12
"[-149,-110]",HR≥50/EDG≥5.0/CV≤-/μ≥0.0/TP≥55,54.74,5.0,,0.0,55.0,113,95,52,43,54.74,-5.63,-22.99,11.72,-5.352,0.417,12
"[-149,-110]",HR≥50/EDG≥5.0/CV≤-/μ≥0.5/TP≥-,55.56,5.0,,0.5,,95,81,45,36,55.56,-2.64,-21.74,16.47,-2.137,0.333,12
"[-149,-110]",HR≥50/EDG≥5.0/CV≤-/μ≥0.5/TP≥50,55.0,5.0,,0.5,50.0,94,80,44,36,55.0,-3.81,-23.01,15.4,-3.046,0.333,12
"[-149,-110]",HR≥50/EDG≥5.0/CV≤-/μ≥0.5/TP≥55,54.9,5.0,,0.5,55.0,60,51,28,23,54.9,-5.32,-29.11,18.47,-2.714,0.545,11
"[-149,-110]",HR≥50/EDG≥10.0/CV≤-/μ≥-/TP≥-,54.17,10.0,,,,175,144,78,66,54.17,-4.38,-18.81,10.06,-6.301,0.5,12
"[-149,-110]",HR≥50/EDG≥10.0/CV≤-/μ≥-/TP≥50,54.23,10.0,,,50.0,173,142,77,65,54.23,-4.37,-18.89,10.15,-6.21,0.5,12
"[-149,-110]",HR≥50/EDG≥10.0/CV≤-/μ≥-/TP≥55,51.35,10.0,,,55.0,92,74,38,36,51.35,-11.54,-31.29,8.22,-8.537,0.25,12
"[-149,-110]",HR≥50/EDG≥10.0/CV≤-/μ≥0.0/TP≥-,54.17,10.0,,0.0,,175,144,78,66,54.17,-4.38,-18.81,10.06,-6.301,0.5,12
"[-149,-110]",HR≥50/EDG≥10.0/CV≤-/μ≥0.0/TP≥50,54.23,10.0,,0.0,50.0,173,142,77,65,54.23,-4.37,-18.89,10.15,-6.21,0.5,12
"[-149,-110]",HR≥50/EDG≥10.0/CV≤-/μ≥0.0/TP≥55,51.35,10.0,,0.0,55.0,92,74,38,36,51.35,-11.54,-31.29,8.22,-8.537,0.25,12
"[-149,-110]",HR≥50/EDG≥10.0/CV≤-/μ≥0.5/TP≥-,55.0,10.0,,0.5,,94,80,44,36,55.0,-3.56,-22.82,15.69,-2.851,0.333,12
"[-149,-110]",HR≥50/EDG≥10.0/CV≤-/μ≥0.5/TP≥50,54.43,10.0,,0.5,50.0,93,79,43,36,54.43,-4.76,-24.12,14.6,-3.76,0.25,12
"[-149,-110]",HR≥50/EDG≥10.0/CV≤-/μ≥0.5/TP≥55,54.0,10.0,,0.5,55.0,59,50,27,23,54.0,-6.86,-30.93,17.22,-3.428,0.455,11
"[-149,-110]",HR≥55/EDG≥-/CV≤-/μ≥-/TP≥-,53.68,,,,,262,231,124,107,53.68,-5.61,-16.96,5.74,-12.96,0.308,13
"[-149,-110]",HR≥55/EDG≥-/CV≤-/μ≥-/TP≥50,54.42,,,,50.0,255,226,123,103,54.42,-4.37,-15.82,7.08,-9.869,0.385,13
"[-149,-110]",HR≥55/EDG≥-/CV≤-/μ≥-/TP≥55,56.06,,,,55.0,147,132,74,58,56.06,-3.29,-17.96,11.38,-4.34,0.462,13
"[-149,-110]",HR≥55/EDG≥-/CV≤-/μ≥0.0/TP≥-,55.24,,,0.0,,235,210,116,94,55.24,-2.75,-14.63,9.14,-5.773,0.417,12
"[-149,-110]",HR≥55/EDG≥-/CV≤-/μ≥0.0/TP≥50,55.83,,,0.0,50.0,230,206,115,91,55.83,-1.79,-13.76,10.19,-3.682,0.417,12
"[-149,-110]",HR≥55/EDG≥-/CV≤-/μ≥0.0/TP≥55,55.37,,,0.0,55.0,134,121,67,54,55.37,-4.42,-19.78,10.94,-5.352,0.417,12
"[-149,-110]",HR≥55/EDG≥-/CV≤-/μ≥0.5/TP≥-,57.81,,,0.5,,75,64,37,27,57.81,1.41,-20.01,22.83,0.901,0.583,12
"[-149,-110]",HR≥55/EDG≥-/CV≤-/μ≥0.5/TP≥50,57.14,,,0.5,50.0,74,63,36,27,57.14,-0.01,-21.59,21.56,-0.009,0.583,12
"[-149,-110]",HR≥55/EDG≥-/CV≤-/μ≥0.5/TP≥55,58.54,,,0.5,55.0,48,41,24,17,58.54,0.91,-25.41,27.24,0.374,0.818,11
"[-149,-110]",HR≥55/EDG≥-5.0/CV≤-/μ≥-/TP≥-,54.9,-5.0,,,,229,204,112,92,54.9,-3.28,-15.35,8.8,-6.687,0.417,12
"[-149,-110]",HR≥55/EDG≥-5.0/CV≤-/μ≥-/TP≥50,55.5,-5.0,,,50.0,224,200,111,89,55.5,-2.3,-14.47,9.87,-4.596,0.417,12
"[-149,-110]",HR≥55/EDG≥-5.0/CV≤-/μ≥-/TP≥55,55.17,-5.0,,,55.0,129,116,64,52,55.17,-4.74,-20.44,10.96,-5.497,0.5,12
"[-149,-110]",HR≥55/EDG≥-5.0/CV≤-/μ≥0.0/TP≥-,54.9,-5.0,,0.0,,229,204,112,92,54.9,-3.28,-15.35,8.8,-6.687,0.417,12
"[-149,-110]",HR≥55/EDG≥-5.0/CV≤-/μ≥0.0/TP≥50,55.5,-5.0,,0.0,50.0,224,200,111,89,55.5,-2.3,-14.47,9.87,-4.596,0.417,12
"[-149,-110]",HR≥55/EDG≥-5.0/CV≤-/μ≥0.0/TP≥55,55.17,-5.0,,0.0,55.0,129,116,64,52,55.17,-4.74,-20.44,10.96,-5.497,0.5,12
"[-149,-110]",HR≥55/EDG≥-5.0/CV≤-/μ≥0.5/TP≥-,57.81,-5.0,,0.5,,75,64,37,27,57.81,1.41,-20.01,22.83,0.901,0.583,12
"[-149,-110]",HR≥55/EDG≥-5.0/CV≤-/μ≥0.5/TP≥50,57.14,-5.0,,0.5,50.0,74,63,36,27,57.14,-0.01,-21.59,21.56,-0.009,0.583,12
"[-149,-110]",HR≥55/EDG≥-5.0/CV≤-/μ≥0.5/TP≥55,58.54,-5.0,,0.5,55.0,48,41,24,17,58.54,0.91,-25.41,27.24,0.374,0.818,11
"[-149,-110]",HR≥55/EDG≥0.0/CV≤-/μ≥-/TP≥-,54.75,0.0,,,,203,179,98,81,54.75,-3.48,-16.39,9.42,-6.238,0.417,12
"[-149,-110]",HR≥55/EDG≥0.0/CV≤-/μ≥-/TP≥50,55.43,0.0,,,50.0,199,175,97,78,55.43,-2.37,-15.4,10.66,-4.147,0.5,12
"[-149,-110]",HR≥55/EDG≥0.0/CV≤-/μ≥-/TP≥55,54.81,0.0,,,55.0,117,104,57,47,54.81,-5.43,-22.02,11.17,-5.642,0.417,12
"[-149,-110]",HR≥55/EDG≥0.0/CV≤-/μ≥0.0/TP≥-,54.75,0.0,,0.0,,203,179,98,81,54.75,-3.48,-16.39,9.42,-6.238,0.417,12
"[-149,-110]",HR≥55/EDG≥0.0/CV≤-/μ≥0.0/TP≥50,55.43,0.0,,0.0,50.0,199,175,97,78,55.43,-2.37,-15.4,10.66,-4.147,0.5,12
"[-149,-110]",HR≥55/EDG≥0.0/CV≤-/μ≥0.0/TP≥55,54.81,0.0,,0.0,55.0,117,104,57,47,54.81,-5.43,-22.02,11.17,-5.642,0.417,12
"[-149,-110]",HR≥55/EDG≥0.0/CV≤-/μ≥0.5/TP≥-,57.81,0.0,,0.5,,75,64,37,27,57.81,1.41,-20.01,22.83,0.901,0.583,12
"[-149,-110]",HR≥55/EDG≥0.0/CV≤-/μ≥0.5/TP≥50,57.14,0.0,,0.5,50.0,74,63,36,27,57.14,-0.01,-21.59,21.56,-0.009,0.583,12
"[-149,-110]",HR≥55/EDG≥0.0/CV≤-/μ≥0.5/TP≥55,58.54,0.0,,0.5,55.0,48,41,24,17,58.54,0.91,-25.41,27.24,0.374,0.818,11
"[-149,-110]",HR≥55/EDG≥5.0/CV≤-/μ≥-/TP≥-,58.04,5.0,,,,164,143,83,60,58.04,2.56,-11.81,16.92,3.659,0.667,12
"[-149,-110]",HR≥55/EDG≥5.0/CV≤-/μ≥-/TP≥50,58.57,5.0,,,50.0,161,140,82,58,58.57,3.39,-11.09,17.87,4.75,0.667,12
"[-149,-110]",HR≥55/EDG≥5.0/CV≤-/μ≥-/TP≥55,56.96,5.0,,,55.0,92,79,45,34,56.96,-1.77,-20.73,17.18,-1.402,0.5,12
"[-149,-110]",HR≥55/EDG≥5.0/CV≤-/μ≥0.0/TP≥-,58.04,5.0,,0.0,,164,143,83,60,58.04,2.56,-11.81,16.92,3.659,0.667,12
"[-149,-110]",HR≥55/EDG≥5.0/CV≤-/μ≥0.0/TP≥50,58.57,5.0,,0.0,50.0,161,140,82,58,58.57,3.39,-11.09,17.87,4.75,0.667,12
"[-149,-110]",HR≥55/EDG≥5.0/CV≤-/μ≥0.0/TP≥55,56.96,5.0,,0.0,55.0,92,79,45,34,56.96,-1.77,-20.73,17.18,-1.402,0.5,12
"[-149,-110]",HR≥55/EDG≥5.0/CV≤-/μ≥0.5/TP≥-,57.81,5.0,,0.5,,75,64,37,27,57.81,1.41,-20.01,22.83,0.901,0.583,12
"[-149,-110]",HR≥55/EDG≥5.0/CV≤-/μ≥0.5/TP≥50,57.14,5.0,,0.5,50.0,74,63,36,27,57.14,-0.01,-21.59,21.56,-0.009,0.583,12
"[-149,-110]",HR≥55/EDG≥5.0/CV≤-/μ≥0.5/TP≥55,58.54,5.0,,0.5,55.0,48,41,24,17,58.54,0.91,-25.41,27.24,0.374,0.818,11
"[-149,-110]",HR≥55/EDG≥10.0/CV≤-/μ≥-/TP≥-,56.76,10.0,,,,132,111,63,48,56.76,0.24,-16.14,16.61,0.263,0.583,12
"[-149,-110]",HR≥55/EDG≥10.0/CV≤-/μ≥-/TP≥50,56.36,10.0,,,50.0,131,110,62,48,56.36,-0.59,-17.03,15.86,-0.646,0.5,12
"[-149,-110]",HR≥55/EDG≥10.0/CV≤-/μ≥-/TP≥55,55.0,10.0,,,55.0,73,60,33,27,55.0,-5.27,-27.14,16.6,-3.163,0.5,12
"[-149,-110]",HR≥55/EDG≥10.0/CV≤-/μ≥0.0/TP≥-,56.76,10.0,,0.0,,132,111,63,48,56.76,0.24,-16.14,16.61,0.263,0.583,12
"[-149,-110]",HR≥55/EDG≥10.0/CV≤-/μ≥0.0/TP≥50,56.36,10.0,,0.0,50.0,131,110,62,48,56.36,-0.59,-17.03,15.86,-0.646,0.5,12
"[-149,-110]",HR≥55/EDG≥10.0/CV≤-/μ≥0.0/TP≥55,55.0,10.0,,0.0,55.0,73,60,33,27,55.0,-5.27,-27.14,16.6,-3.163,0.5,12
"[-149,-110]",HR≥55/EDG≥10.0/CV≤-/μ≥0.5/TP≥-,57.14,10.0,,0.5,,74,63,36,27,57.14,0.3,-21.35,21.95,0.186,0.583,12
"[-149,-110]",HR≥55/EDG≥10.0/CV≤-/μ≥0.5/TP≥50,56.45,10.0,,0.5,50.0,73,62,35,27,56.45,-1.17,-22.97,20.64,-0.723,0.5,12
"[-149,-110]",HR≥55/EDG≥10.0/CV≤-/μ≥0.5/TP≥55,57.5,10.0,,0.5,55.0,47,40,23,17,57.5,-0.85,-27.61,25.91,-0.341,0.727,11
"[-149,-110]",HR≥60/EDG≥-/CV≤-/μ≥-/TP≥-,56.6,,,,,179,159,90,69,56.6,-0.3,-13.93,13.33,-0.476,0.583,12
"[-149,-110]",HR≥60/EDG≥-/CV≤-/μ≥-/TP≥50,57.05,,,,50.0,174,156,89,67,57.05,0.39,-13.34,14.13,0.615,0.667,12
"[-149,-110]",HR≥60/EDG≥-/CV≤-/μ≥-/TP≥55,57.78,,,,55.0,100,90,52,38,57.78,-0.45,-18.14,17.24,-0.407,0.583,12
"[-149,-110]",HR≥60/EDG≥-/CV≤-/μ≥0.0/TP≥-,57.43,,,0.0,,166,148,85,63,57.43,1.31,-12.81,15.43,1.936,0.667,12
"[-149,-110]",HR≥60/EDG≥-/CV≤-/μ≥0.0/TP≥50,57.93,,,0.0,50.0,162,145,84,61,57.93,2.09,-12.14,16.32,3.027,0.667,12
"[-149,-110]",HR≥60/EDG≥-/CV≤-/μ≥0.0/TP≥55,56.47,,,0.0,55.0,95,85,48,37,56.47,-2.58,-20.88,15.72,-2.195,0.5,12
"[-149,-110]",HR≥60/EDG≥-/CV≤-/μ≥0.5/TP≥-,57.14,,,0.5,,57,49,28,21,57.14,0.36,-24.27,24.98,0.175,0.5,12
"[-149,-110]",HR≥60/EDG≥-/CV≤-/μ≥0.5/TP≥50,56.25,,,0.5,50.0,56,48,27,21,56.25,-1.53,-26.39,23.33,-0.734,0.417,12
"[-149,-110]",HR≥60/EDG≥-/CV≤-/μ≥0.5/TP≥55,60.61,,,0.5,55.0,39,33,20,13,60.61,4.63,-24.6,33.87,1.529,0.636,11
"[-149,-110]",HR≥60/EDG≥-5.0/CV≤-/μ≥-/TP≥-,57.34,-5.0,,,,161,143,82,61,57.34,1.21,-13.17,15.59,1.736,0.667,12
"[-149,-110]",HR≥60/EDG≥-5.0/CV≤-/μ≥-/TP≥50,57.86,-5.0,,,50.0,157,140,81,59,57.86,2.02,-12.48,16.52,2.827,0.667,12
"[-149,-110]",HR≥60/EDG≥-5.0/CV≤-/μ≥-/TP≥55,56.79,-5.0,,,55.0,91,81,46,35,56.79,-2.01,-20.74,16.73,-1.625,0.5,12
"[-149,-110]",HR≥60/EDG≥-5.0/CV≤-/μ≥0.0/TP≥-,57.34,-5.0,,0.0,,161,143,82,61,57.34,1.21,-13.17,15.59,1.736,0.667,12
"[-149,-110]",HR≥60/EDG≥-5.0/CV≤-/μ≥0.0/TP≥50,57.86,-5.0,,0.0,50.0,157,140,81,59,57.86,2.02,-12.48,16.52,2.827,0.667,12
"[-149,-110]",HR≥60/EDG≥-5.0/CV≤-/μ≥0.0/TP≥55,56.79,-5.0,,0.0,55.0,91,81,46,35,56.79,-2.01,-20.74,16.73,-1.625,0.5,12
"[-149,-110]",HR≥60/EDG≥-5.0/CV≤-/μ≥0.5/TP≥-,57.14,-5.0,,0.5,,57,49,28,21,57.14,0.36,-24.27,24.98,0.175,0.5,12
"[-149,-110]",HR≥60/EDG≥-5.0/CV≤-/μ≥0.5/TP≥50,56.25,-5.0,,0.5,50.0,56,48,27,21,56.25,-1.53,-26.39,23.33,-0.734,0.417,12
"[-149,-110]",HR≥60/EDG≥-5.0/CV≤-/μ≥0.5/TP≥55,60.61,-5.0,,0.5,55.0,39,33,20,13,60.61,4.63,-24.6,33.87,1.529,0.636,11
"[-149,-110]",HR≥60/EDG≥0.0/CV≤-/μ≥-/TP≥-,56.69,0.0,,,,144,127,72,55,56.69,0.11,-15.2,15.41,0.135,0.5,12
"[-149,-110]",HR≥60/EDG≥0.0/CV≤-/μ≥-/TP≥50,57.26,0.0,,,50.0,141,124,71,53,57.26,0.99,-14.46,16.43,1.226,0.5,12
"[-149,-110]",HR≥60/EDG≥0.0/CV≤-/μ≥-/TP≥55,56.16,0.0,,,55.0,83,73,41,32,56.16,-3.23,-22.98,16.52,-2.358,0.5,12
"[-149,-110]",HR≥60/EDG≥0.0/CV≤-/μ≥0.0/TP≥-,56.69,0.0,,0.0,,144,127,72,55,56.69,0.11,-15.2,15.41,0.135,0.5,12
"[-149,-110]",HR≥60/EDG≥0.0/CV≤-/μ≥0.0/TP≥50,57.26,0.0,,0.0,50.0,141,124,71,53,57.26,0.99,-14.46,16.43,1.226,0.5,12
"[-149,-110]",HR≥60/EDG≥0.0/CV≤-/μ≥0.0/TP≥55,56.16,0.0,,0.0,55.0,83,73,41,32,56.16,-3.23,-22.98,16.52,-2.358,0.5,12
"[-149,-110]",HR≥60/EDG≥0.0/CV≤-/μ≥0.5/TP≥-,57.14,0.0,,0.5,,57,49,28,21,57.14,0.36,-24.27,24.98,0.175,0.5,12
"[-149,-110]",HR≥60/EDG≥0.0/CV≤-/μ≥0.5/TP≥50,56.25,0.0,,0.5,50.0,56,48,27,21,56.25,-1.53,-26.39,23.33,-0.734,0.417,12
"[-149,-110]",HR≥60/EDG≥0.0/CV≤-/μ≥0.5/TP≥55,60.61,0.0,,0.5,55.0,39,33,20,13,60.61,4.63,-24.6,33.87,1.529,0.636,11
"[-149,-110]",HR≥60/EDG≥5.0/CV≤-/μ≥-/TP≥-,57.69,5.0,,,,120,104,60,44,57.69,2.17,-14.76,19.1,2.256,0.667,12
"[-149,-110]",HR≥60/EDG≥5.0/CV≤-/μ≥-/TP≥50,58.42,5.0,,,50.0,117,101,59,42,58.42,3.31,-13.8,20.43,3.347,0.667,12
"[-149,-110]",HR≥60/EDG≥5.0/CV≤-/μ≥-/TP≥55,56.14,5.0,,,55.0,67,57,32,25,56.14,-3.32,-25.71,19.06,-1.894,0.417,12
"[-149,-110]",HR≥60/EDG≥5.0/CV≤-/μ≥0.0/TP≥-,57.69,5.0,,0.0,,120,104,60,44,57.69,2.17,-14.76,19.1,2.256,0.667,12
"[-149,-110]",HR≥60/EDG≥5.0/CV≤-/μ≥0.0/TP≥50,58.42,5.0,,0.0,50.0,117,101,59,42,58.42,3.31,-13.8,20.43,3.347,0.667,12
"[-149,-110]",HR≥60/EDG≥5.0/CV≤-/μ≥0.0/TP≥55,56.14,5.0,,0.0,55.0,67,57,32,25,56.14,-3.32,-25.71,19.06,-1.894,0.417,12
"[-149,-110]",HR≥60/EDG≥5.0/CV≤-/μ≥0.5/TP≥-,57.14,5.0,,0.5,,57,49,28,21,57.14,0.36,-24.27,24.98,0.175,0.5,12
"[-149,-110]",HR≥60/EDG≥5.0/CV≤-/μ≥0.5/TP≥50,56.25,5.0,,0.5,50.0,56,48,27,21,56.25,-1.53,-26.39,23.33,-0.734,0.417,12
"[-149,-110]",HR≥60/EDG≥5.0/CV≤-/μ≥0.5/TP≥55,60.61,5.0,,0.5,55.0,39,33,20,13,60.61,4.63,-24.6,33.87,1.529,0.636,11
"[-149,-110]",HR≥60/EDG≥10.0/CV≤-/μ≥-/TP≥-,56.79,10.0,,,,97,81,46,35,56.79,0.38,-18.84,19.6,0.309,0.583,12
"[-149,-110]",HR≥60/EDG≥10.0/CV≤-/μ≥-/TP≥50,56.25,10.0,,,50.0,96,80,45,35,56.25,-0.75,-20.08,18.58,-0.6,0.5,12
"[-149,-110]",HR≥60/EDG≥10.0/CV≤-/μ≥-/TP≥55,55.32,10.0,,,55.0,57,47,26,21,55.32,-4.69,-29.45,20.06,-2.206,0.417,12
"[-149,-110]",HR≥60/EDG≥10.0/CV≤-/μ≥0.0/TP≥-,56.79,10.0,,0.0,,97,81,46,35,56.79,0.38,-18.84,19.6,0.309,0.583,12
"[-149,-110]",HR≥60/EDG≥10.0/CV≤-/μ≥0.0/TP≥50,56.25,10.0,,0.0,50.0,96,80,45,35,56.25,-0.75,-20.08,18.58,-0.6,0.5,12
"[-149,-110]",HR≥60/EDG≥10.0/CV≤-/μ≥0.0/TP≥55,55.32,10.0,,0.0,55.0,57,47,26,21,55.32,-4.69,-29.45,20.06,-2.206,0.417,12
"[-149,-110]",HR≥60/EDG≥10.0/CV≤-/μ≥0.5/TP≥-,57.14,10.0,,0.5,,57,49,28,21,57.14,0.36,-24.27,24.98,0.175,0.5,12
"[-149,-110]",HR≥60/EDG≥10.0/CV≤-/μ≥0.5/TP≥50,56.25,10.0,,0.5,50.0,56,48,27,21,56.25,-1.53,-26.39,23.33,-0.734,0.417,12
"[-149,-110]",HR≥60/EDG≥10.0/CV≤-/μ≥0.5/TP≥55,60.61,10.0,,0.5,55.0,39,33,20,13,60.61,4.63,-24.6,33.87,1.529,0.636,11
"[-149,-110]",HR≥65/EDG≥-/CV≤-/μ≥-/TP≥-,61.11,,,,,116,108,66,42,61.11,7.95,-8.4,24.3,8.583,0.75,12
"[-149,-110]",HR≥65/EDG≥-/CV≤-/μ≥-/TP≥50,61.9,,,,50.0,113,105,65,40,61.9,9.21,-7.28,25.71,9.674,0.75,12
"[-149,-110]",HR≥65/EDG≥-/CV≤-/μ≥-/TP≥55,61.67,,,,55.0,65,60,37,23,61.67,6.05,-15.29,27.39,3.63,0.583,12
"[-149,-110]",HR≥65/EDG≥-/CV≤-/μ≥0.0/TP≥-,60.38,,,0.0,,114,106,64,42,60.38,6.79,-9.79,23.37,7.194,0.667,12
"[-149,-110]",HR≥65/EDG≥-/CV≤-/μ≥0.0/TP≥50,61.17,,,0.0,50.0,111,103,63,40,61.17,8.04,-8.7,24.78,8.285,0.667,12
"[-149,-110]",HR≥65/EDG≥-/CV≤-/μ≥0.0/TP≥55,60.34,,,0.0,55.0,63,58,35,23,60.34,3.86,-18.0,25.73,2.241,0.583,12
"[-149,-110]",HR≥65/EDG≥-/CV≤-/μ≥0.5/TP≥-,56.1,,,0.5,,45,41,23,18,56.1,-1.66,-28.67,25.34,-0.682,0.5,12
"[-149,-110]",HR≥65/EDG≥-/CV≤-/μ≥0.5/TP≥50,55.0,,,0.5,50.0,44,40,22,18,55.0,-3.98,-31.27,23.32,-1.591,0.417,12
"[-149,-110]",HR≥65/EDG≥-5.0/CV≤-/μ≥-/TP≥-,61.54,-5.0,,,,112,104,64,40,61.54,8.84,-7.81,25.49,9.194,0.667,12
"[-149,-110]",HR≥65/EDG≥-5.0/CV≤-/μ≥-/TP≥50,62.38,-5.0,,,50.0,109,101,63,38,62.38,10.18,-6.62,26.99,10.285,0.667,12
"[-149,-110]",HR≥65/EDG≥-5.0/CV≤-/μ≥-/TP≥55,62.5,-5.0,,,55.0,61,56,35,21,62.5,7.57,-14.46,29.6,4.241,0.583,12
"[-149,-110]",HR≥65/EDG≥-5.0/CV≤-/μ≥0.0/TP≥-,61.54,-5.0,,0.0,,112,104,64,40,61.54,8.84,-7.81,25.49,9.194,0.667,12
"[-149,-110]",HR≥65/EDG≥-5.0/CV≤-/μ≥0.0/TP≥50,62.38,-5.0,,0.0,50.0,109,101,63,38,62.38,10.18,-6.62,26.99,10.285,0.667,12
"[-149,-110]",HR≥65/EDG≥-5.0/CV≤-/μ≥0.0/TP≥55,62.5,-5.0,,0.0,55.0,61,56,35,21,62.5,7.57,-14.46,29.6,4.241,0.583,12
"[-149,-110]",HR≥65/EDG≥-5.0/CV≤-/μ≥0.5/TP≥-,56.1,-5.0,,0.5,,45,41,23,18,56.1,-1.66,-28.67,25.34,-0.682,0.5,12
"[-149,-110]",HR≥65/EDG≥-5.0/CV≤-/μ≥0.5/TP≥50,55.0,-5.0,,0.5,50.0,44,40,22,18,55.0,-3.98,-31.27,23.32,-1.591,0.417,12
"[-149,-110]",HR≥65/EDG≥0.0/CV≤-/μ≥-/TP≥-,60.64,0.0,,,,102,94,57,37,60.64,7.36,-10.25,24.98,6.92,0.667,12
"[-149,-110]",HR≥65/EDG≥0.0/CV≤-/μ≥-/TP≥50,61.54,0.0,,,50.0,99,91,56,35,61.54,8.8,-9.0,26.61,8.011,0.667,12
"[-149,-110]",HR≥65/EDG≥0.0/CV≤-/μ≥-/TP≥55,60.78,0.0,,,55.0,56,51,31,20,60.78,4.46,-18.8,27.73,2.277,0.583,12
"[-149,-110]",HR≥65/EDG≥0.0/CV≤-/μ≥0.0/TP≥-,60.64,0.0,,0.0,,102,94,57,37,60.64,7.36,-10.25,24.98,6.92,0.667,12
"[-149,-110]",HR≥65/EDG≥0.0/CV≤-/μ≥0.0/TP≥50,61.54,0.0,,0.0,50.0,99,91,56,35,61.54,8.8,-9.0,26.61,8.011,0.667,12
"[-149,-110]",HR≥65/EDG≥0.0/CV≤-/μ≥0.0/TP≥55,60.78,0.0,,0.0,55.0,56,51,31,20,60.78,4.46,-18.8,27.73,2.277,0.583,12
"[-149,-110]",HR≥65/EDG≥0.0/CV≤-/μ≥0.5/TP≥-,56.1,0.0,,0.5,,45,41,23,18,56.1,-1.66,-28.67,25.34,-0.682,0.5,12
"[-149,-110]",HR≥65/EDG≥0.0/CV≤-/μ≥0.5/TP≥50,55.0,0.0,,0.5,50.0,44,40,22,18,55.0,-3.98,-31.27,23.32,-1.591,0.417,12
"[-149,-110]",HR≥65/EDG≥5.0/CV≤-/μ≥-/TP≥-,61.45,5.0,,,,90,83,51,32,61.45,8.93,-9.79,27.64,7.408,0.75,12
"[-149,-110]",HR≥65/EDG≥5.0/CV≤-/μ≥-/TP≥50,62.5,5.0,,,50.0,87,80,50,30,62.5,10.62,-8.31,29.56,8.499,0.75,12
"[-149,-110]",HR≥65/EDG≥5.0/CV≤-/μ≥-/TP≥55,61.36,5.0,,,55.0,49,44,27,17,61.36,5.38,-19.62,30.38,2.367,0.667,12
"[-149,-110]",HR≥65/EDG≥5.0/CV≤-/μ≥0.0/TP≥-,61.45,5.0,,0.0,,90,83,51,32,61.45,8.93,-9.79,27.64,7.408,0.75,12
"[-149,-110]",HR≥65/EDG≥5.0/CV≤-/μ≥0.0/TP≥50,62.5,5.0,,0.0,50.0,87,80,50,30,62.5,10.62,-8.31,29.56,8.499,0.75,12
"[-149,-110]",HR≥65/EDG≥5.0/CV≤-/μ≥0.0/TP≥55,61.36,5.0,,0.0,55.0,49,44,27,17,61.36,5.38,-19.62,30.38,2.367,0.667,12
"[-149,-110]",HR≥65/EDG≥5.0/CV≤-/μ≥0.5/TP≥-,56.1,5.0,,0.5,,45,41,23,18,56.1,-1.66,-28.67,25.34,-0.682,0.5,12
"[-149,-110]",HR≥65/EDG≥5.0/CV≤-/μ≥0.5/TP≥50,55.0,5.0,,0.5,50.0,44,40,22,18,55.0,-3.98,-31.27,23.32,-1.591,0.417,12
"[-149,-110]",HR≥65/EDG≥10.0/CV≤-/μ≥-/TP≥-,61.29,10.0,,,,69,62,38,24,61.29,8.49,-13.2,30.17,5.261,0.75,12
"[-149,-110]",HR≥65/EDG≥10.0/CV≤-/μ≥-/TP≥50,60.66,10.0,,,50.0,68,61,37,24,60.66,7.13,-14.74,29.01,4.352,0.75,12
"[-149,-110]",HR≥65/EDG≥10.0/CV≤-/μ≥-/TP≥55,60.0,10.0,,,55.0,40,35,21,14,60.0,3.01,-25.26,31.29,1.055,0.583,12
"[-149,-110]",HR≥65/EDG≥10.0/CV≤-/μ≥0.0/TP≥-,61.29,10.0,,0.0,,69,62,38,24,61.29,8.49,-13.2,30.17,5.261,0.75,12
"[-149,-110]",HR≥65/EDG≥10.0/CV≤-/μ≥0.0/TP≥50,60.66,10.0,,0.0,50.0,68,61,37,24,60.66,7.13,-14.74,29.01,4.352,0.75,12
"[-149,-110]",HR≥65/EDG≥10.0/CV≤-/μ≥0.0/TP≥55,60.0,10.0,,0.0,55.0,40,35,21,14,60.0,3.01,-25.26,31.29,1.055,0.583,12
"[-149,-110]",HR≥65/EDG≥10.0/CV≤-/μ≥0.5/TP≥-,56.1,10.0,,0.5,,45,41,23,18,56.1,-1.66,-28.67,25.34,-0.682,0.5,12
"[-149,-110]",HR≥65/EDG≥10.0/CV≤-/μ≥0.5/TP≥50,55.0,10.0,,0.5,50.0,44,40,22,18,55.0,-3.98,-31.27,23.32,-1.591,0.417,12
"[-149,-110]",HR≥70/EDG≥-/CV≤-/μ≥-/TP≥-,57.81,,,,,69,64,37,27,57.81,2.13,-19.46,23.72,1.363,0.583,12
"[-149,-110]",HR≥70/EDG≥-/CV≤-/μ≥-/TP≥50,59.02,,,,50.0,66,61,36,25,59.02,4.02,-17.95,26.0,2.454,0.5,12
"[-149,-110]",HR≥70/EDG≥-/CV≤-/μ≥-/TP≥55,58.82,,,,55.0,37,34,20,14,58.82,0.83,-27.95,29.62,0.283,0.5,12
"[-149,-110]",HR≥70/EDG≥-/CV≤-/μ≥0.0/TP≥-,57.81,,,0.0,,69,64,37,27,57.81,2.13,-19.46,23.72,1.363,0.583,12
"[-149,-110]",HR≥70/EDG≥-/CV≤-/μ≥0.0/TP≥50,59.02,,,0.0,50.0,66,61,36,25,59.02,4.02,-17.95,26.0,2.454,0.5,12
"[-149,-110]",HR≥70/EDG≥-/CV≤-/μ≥0.0/TP≥55,58.82,,,0.0,55.0,37,34,20,14,58.82,0.83,-27.95,29.62,0.283,0.5,12
"[-149,-110]",HR≥70/EDG≥-5.0/CV≤-/μ≥-/TP≥-,58.73,-5.0,,,,68,63,37,26,58.73,3.75,-17.94,25.44,2.363,0.583,12
"[-149,-110]",HR≥70/EDG≥-5.0/CV≤-/μ≥-/TP≥50,60.0,-5.0,,,50.0,65,60,36,24,60.0,5.76,-16.32,27.83,3.454,0.5,12
"[-149,-110]",HR≥70/EDG≥-5.0/CV≤-/μ≥-/TP≥55,60.61,-5.0,,,55.0,36,33,20,13,60.61,3.89,-25.14,32.91,1.283,0.5,12
"[-149,-110]",HR≥70/EDG≥-5.0/CV≤-/μ≥0.0/TP≥-,58.73,-5.0,,0.0,,68,63,37,26,58.73,3.75,-17.94,25.44,2.363,0.583,12
"[-149,-110]",HR≥70/EDG≥-5.0/CV≤-/μ≥0.0/TP≥50,60.0,-5.0,,0.0,50.0,65,60,36,24,60.0,5.76,-16.32,27.83,3.454,0.5,12
"[-149,-110]",HR≥70/EDG≥-5.0/CV≤-/μ≥0.0/TP≥55,60.61,-5.0,,0.0,55.0,36,33,20,13,60.61,3.89,-25.14,32.91,1.283,0.5,12
"[-149,-110]",HR≥70/EDG≥0.0/CV≤-/μ≥-/TP≥-,56.9,0.0,,,,63,58,33,25,56.9,0.75,-22.06,23.56,0.433,0.583,12
"[-149,-110]",HR≥70/EDG≥0.0/CV≤-/μ≥-/TP≥50,58.18,0.0,,,50.0,60,55,32,23,58.18,2.77,-20.51,26.05,1.524,0.5,12
"[-149,-110]",HR≥70/EDG≥0.0/CV≤-/μ≥-/TP≥55,58.06,0.0,,,55.0,34,31,18,13,58.06,-0.34,-30.65,29.97,-0.107,0.5,12
"[-149,-110]",HR≥70/EDG≥0.0/CV≤-/μ≥0.0/TP≥-,56.9,0.0,,0.0,,63,58,33,25,56.9,0.75,-22.06,23.56,0.433,0.583,12
"[-149,-110]",HR≥70/EDG≥0.0/CV≤-/μ≥0.0/TP≥50,58.18,0.0,,0.0,50.0,60,55,32,23,58.18,2.77,-20.51,26.05,1.524,0.5,12
"[-149,-110]",HR≥70/EDG≥0.0/CV≤-/μ≥0.0/TP≥55,58.06,0.0,,0.0,55.0,34,31,18,13,58.06,-0.34,-30.65,29.97,-0.107,0.5,12
"[-149,-110]",HR≥70/EDG≥5.0/CV≤-/μ≥-/TP≥-,61.54,5.0,,,,56,52,32,20,61.54,8.97,-14.73,32.67,4.663,0.667,12
"[-149,-110]",HR≥70/EDG≥5.0/CV≤-/μ≥-/TP≥50,63.27,5.0,,,50.0,53,49,31,18,63.27,11.74,-12.4,35.89,5.754,0.667,12
"[-149,-110]",HR≥70/EDG≥5.0/CV≤-/μ≥0.0/TP≥-,61.54,5.0,,0.0,,56,52,32,20,61.54,8.97,-14.73,32.67,4.663,0.667,12
"[-149,-110]",HR≥70/EDG≥5.0/CV≤-/μ≥0.0/TP≥50,63.27,5.0,,0.0,50.0,53,49,31,18,63.27,11.74,-12.4,35.89,5.754,0.667,12
"[-149,-110]",HR≥70/EDG≥10.0/CV≤-/μ≥-/TP≥-,68.29,10.0,,,,45,41,28,13,68.29,20.87,-4.72,46.46,8.556,0.636,11
"[-149,-110]",HR≥70/EDG≥10.0/CV≤-/μ≥-/TP≥50,67.5,10.0,,,50.0,44,40,27,13,67.5,19.12,-6.89,45.12,7.647,0.545,11
"[-149,-110]",HR≥70/EDG≥10.0/CV≤-/μ≥0.0/TP≥-,68.29,10.0,,0.0,,45,41,28,13,68.29,20.87,-4.72,46.46,8.556,0.636,11
"[-149,-110]",HR≥70/EDG≥10.0/CV≤-/μ≥0.0/TP≥50,67.5,10.0,,0.0,50.0,44,40,27,13,67.5,19.12,-6.89,45.12,7.647,0.545,11
"[-109,+100]",HR≥-/EDG≥-/CV≤-/μ≥-/TP≥-,40.0,,,,,80,60,24,36,40.0,-21.61,-46.11,2.9,-12.964,0.25,12
"[-109,+100]",HR≥-/EDG≥-/CV≤-/μ≥0.0/TP≥-,36.96,,,0.0,,60,46,17,29,36.96,-27.83,-55.37,-0.29,-12.801,0.25,12
"[-109,+100]",HR≥-/EDG≥-5.0/CV≤-/μ≥-/TP≥-,38.78,-5.0,,,,65,49,19,30,38.78,-24.18,-51.14,2.77,-11.849,0.25,12
"[-109,+100]",HR≥-/EDG≥-5.0/CV≤-/μ≥0.0/TP≥-,36.96,-5.0,,0.0,,60,46,17,29,36.96,-27.83,-55.37,-0.29,-12.801,0.25,12
"[-109,+100]",HR≥-/EDG≥0.0/CV≤-/μ≥-/TP≥-,34.09,0.0,,,,56,44,15,29,34.09,-33.42,-61.1,-5.75,-14.706,0.182,11
"[-109,+100]",HR≥-/EDG≥0.0/CV≤-/μ≥0.0/TP≥-,34.09,0.0,,0.0,,56,44,15,29,34.09,-33.42,-61.1,-5.75,-14.706,0.182,11
"[-109,+100]",HR≥-/EDG≥5.0/CV≤-/μ≥-/TP≥-,33.33,5.0,,,,45,36,12,24,33.33,-35.03,-65.47,-4.59,-12.611,0.182,11
"[-109,+100]",HR≥-/EDG≥5.0/CV≤-/μ≥0.0/TP≥-,33.33,5.0,,0.0,,45,36,12,24,33.33,-35.03,-65.47,-4.59,-12.611,0.182,11
"[-109,+100]",HR≥45/EDG≥-/CV≤-/μ≥-/TP≥-,38.71,,,,,42,31,12,19,38.71,-24.47,-58.48,9.54,-7.585,0.417,12
"[-109,+100]",HR≥45/EDG≥-5.0/CV≤-/μ≥-/TP≥-,40.0,-5.0,,,,40,30,12,18,40.0,-21.95,-56.74,12.84,-6.585,0.417,12
"[+101,+200]",HR≥-/EDG≥-/CV≤-/μ≥-/TP≥-,48.72,,,,,51,39,19,20,48.72,3.95,-30.03,37.93,1.54,0.583,12
"[+101,+200]",HR≥-/EDG≥-5.0/CV≤-/μ≥-/TP≥-,44.12,-5.0,,,,43,34,15,19,44.12,-5.82,-42.06,30.42,-1.98,0.6,10
"[+101,+200]",HR≥-/EDG≥0.0/CV≤-/μ≥-/TP≥-,40.0,0.0,,,,38,30,12,18,40.0,-14.87,-52.88,23.14,-4.46,0.5,10
