band,cfg,hr_min,edg_min,cv_max,mu_min,tp_min,n_total,n_graded,wins,losses,HR_pct,ROI_pct,ROI_lo,ROI_hi,P_and_L,consist,grd_days
"[-299,-200]",HR≥-/EDG≥-/CV≤-/μ≥-/TP≥-,59.67,,,,,680,605,361,244,59.67,-13.92,-19.57,-8.26,-84.194,0.077,13
"[-299,-200]",HR≥-/EDG≥-/CV≤-/μ≥-/TP≥50,59.6,,,,50.0,678,604,360,244,59.6,-14.0,-19.66,-8.34,-84.558,0.077,13
"[-299,-200]",HR≥-/EDG≥-/CV≤-/μ≥-/TP≥55,59.66,,,,55.0,664,590,352,238,59.66,-13.91,-19.64,-8.19,-82.077,0.077,13
"[-299,-200]",HR≥-/EDG≥-/CV≤-/μ≥-/TP≥60,60.61,,,,60.0,633,561,340,221,60.61,-12.53,-18.38,-6.69,-70.317,0.154,13
"[-299,-200]",HR≥-/EDG≥-/CV≤-/μ≥-/TP≥65,58.41,,,,65.0,510,452,264,188,58.41,-16.06,-22.6,-9.51,-72.569,0.077,13
"[-299,-200]",HR≥-/EDG≥-/CV≤-/μ≥0.0/TP≥-,59.6,,,0.0,,678,604,360,244,59.6,-14.0,-19.66,-8.34,-84.558,0.077,13
"[-299,-200]",HR≥-/EDG≥-/CV≤-/μ≥0.0/TP≥50,59.6,,,0.0,50.0,678,604,360,244,59.6,-14.0,-19.66,-8.34,-84.558,0.077,13
"[-299,-200]",HR≥-/EDG≥-/CV≤-/μ≥0.0/TP≥55,59.66,,,0.0,55.0,664,590,352,238,59.66,-13.91,-19.64,-8.19,-82.077,0.077,13
"[-299,-200]",HR≥-/EDG≥-/CV≤-/μ≥0.0/TP≥60,60.61,,,0.0,60.0,633,561,340,221,60.61,-12.53,-18.38,-6.69,-70.317,0.154,13
"[-299,-200]",HR≥-/EDG≥-/CV≤-/μ≥0.0/TP≥65,58.41,,,0.0,65.0,510,452,264,188,58.41,-16.06,-22.6,-9.51,-72.569,0.077,13
"[-299,-200]",HR≥-/EDG≥-/CV≤-/μ≥0.5/TP≥-,60.8,,,0.5,,586,523,318,205,60.8,-12.35,-18.4,-6.31,-64.61,0.077,13
"[-299,-200]",HR≥-/EDG≥-/CV≤-/μ≥0.5/TP≥50,60.8,,,0.5,50.0,586,523,318,205,60.8,-12.35,-18.4,-6.31,-64.61,0.077,13
"[-299,-200]",HR≥-/EDG≥-/CV≤-/μ≥0.5/TP≥55,60.8,,,0.5,55.0,586,523,318,205,60.8,-12.35,-18.4,-6.31,-64.61,0.077,13
"[-299,-200]",HR≥-/EDG≥-/CV≤-/μ≥0.5/TP≥60,60.62,,,0.5,60.0,581,518,314,204,60.62,-12.61,-18.69,-6.53,-65.314,0.077,13
"[-299,-200]",HR≥-/EDG≥-/CV≤-/μ≥0.5/TP≥65,58.74,,,0.5,65.0,481,429,252,177,58.74,-15.61,-22.32,-8.9,-66.959,0.077,13
"[-299,-200]",HR≥-/EDG≥-/CV≤-/μ≥1.0/TP≥-,62.5,,,1.0,,375,328,205,123,62.5,-9.95,-17.53,-2.38,-32.645,0.154,13
"[-299,-200]",HR≥-/EDG≥-/CV≤-/μ≥1.0/TP≥50,62.5,,,1.0,50.0,375,328,205,123,62.5,-9.95,-17.53,-2.38,-32.645,0.154,13
"[-299,-200]",HR≥-/EDG≥-/CV≤-/μ≥1.0/TP≥55,62.5,,,1.0,55.0,375,328,205,123,62.5,-9.95,-17.53,-2.38,-32.645,0.154,13
"[-299,-200]",HR≥-/EDG≥-/CV≤-/μ≥1.0/TP≥60,62.5,,,1.0,60.0,375,328,205,123,62.5,-9.95,-17.53,-2.38,-32.645,0.154,13
"[-299,-200]",HR≥-/EDG≥-/CV≤-/μ≥1.0/TP≥65,62.5,,,1.0,65.0,349,304,190,114,62.5,-10.2,-18.04,-2.35,-31.004,0.231,13
"[-299,-200]",HR≥-/EDG≥-/CV≤0.7/μ≥-/TP≥-,54.0,,0.7,,,55,50,27,23,54.0,-23.0,-42.94,-3.07,-11.502,0.182,11
"[-299,-200]",HR≥-/EDG≥-/CV≤0.7/μ≥-/TP≥50,54.0,,0.7,,50.0,55,50,27,23,54.0,-23.0,-42.94,-3.07,-11.502,0.182,11
"[-299,-200]",HR≥-/EDG≥-/CV≤0.7/μ≥-/TP≥55,54.0,,0.7,,55.0,55,50,27,23,54.0,-23.0,-42.94,-3.07,-11.502,0.182,11
"[-299,-200]",HR≥-/EDG≥-/CV≤0.7/μ≥-/TP≥60,55.1,,0.7,,60.0,54,49,27,22,55.1,-21.43,-41.53,-1.33,-10.502,0.182,11
"[-299,-200]",HR≥-/EDG≥-/CV≤0.7/μ≥-/TP≥65,57.78,,0.7,,65.0,50,45,26,19,57.78,-17.78,-38.59,3.03,-8.002,0.273,11
"[-299,-200]",HR≥-/EDG≥-/CV≤0.7/μ≥0.0/TP≥-,54.0,,0.7,0.0,,55,50,27,23,54.0,-23.0,-42.94,-3.07,-11.502,0.182,11
"[-299,-200]",HR≥-/EDG≥-/CV≤0.7/μ≥0.0/TP≥50,54.0,,0.7,0.0,50.0,55,50,27,23,54.0,-23.0,-42.94,-3.07,-11.502,0.182,11
"[-299,-200]",HR≥-/EDG≥-/CV≤0.7/μ≥0.0/TP≥55,54.0,,0.7,0.0,55.0,55,50,27,23,54.0,-23.0,-42.94,-3.07,-11.502,0.182,11
"[-299,-200]",HR≥-/EDG≥-/CV≤0.7/μ≥0.0/TP≥60,55.1,,0.7,0.0,60.0,54,49,27,22,55.1,-21.43,-41.53,-1.33,-10.502,0.182,11
"[-299,-200]",HR≥-/EDG≥-/CV≤0.7/μ≥0.0/TP≥65,57.78,,0.7,0.0,65.0,50,45,26,19,57.78,-17.78,-38.59,3.03,-8.002,0.273,11
"[-299,-200]",HR≥-/EDG≥-/CV≤0.7/μ≥0.5/TP≥-,56.82,,0.7,0.5,,48,44,25,19,56.82,-19.22,-40.31,1.87,-8.456,0.182,11
"[-299,-200]",HR≥-/EDG≥-/CV≤0.7/μ≥0.5/TP≥50,56.82,,0.7,0.5,50.0,48,44,25,19,56.82,-19.22,-40.31,1.87,-8.456,0.182,11
"[-299,-200]",HR≥-/EDG≥-/CV≤0.7/μ≥0.5/TP≥55,56.82,,0.7,0.5,55.0,48,44,25,19,56.82,-19.22,-40.31,1.87,-8.456,0.182,11
"[-299,-200]",HR≥-/EDG≥-/CV≤0.7/μ≥0.5/TP≥60,56.82,,0.7,0.5,60.0,48,44,25,19,56.82,-19.22,-40.31,1.87,-8.456,0.182,11
"[-299,-200]",HR≥-/EDG≥-/CV≤0.7/μ≥0.5/TP≥65,60.0,,0.7,0.5,65.0,44,40,24,16,60.0,-14.89,-36.75,6.96,-5.956,0.364,11
"[-299,-200]",HR≥-/EDG≥-/CV≤0.7/μ≥1.0/TP≥-,65.62,,0.7,1.0,,35,32,21,11,65.62,-6.83,-30.63,16.98,-2.185,0.636,11
"[-299,-200]",HR≥-/EDG≥-/CV≤0.7/μ≥1.0/TP≥50,65.62,,0.7,1.0,50.0,35,32,21,11,65.62,-6.83,-30.63,16.98,-2.185,0.636,11
"[-299,-200]",HR≥-/EDG≥-/CV≤0.7/μ≥1.0/TP≥55,65.62,,0.7,1.0,55.0,35,32,21,11,65.62,-6.83,-30.63,16.98,-2.185,0.636,11
"[-299,-200]",HR≥-/EDG≥-/CV≤0.7/μ≥1.0/TP≥60,65.62,,0.7,1.0,60.0,35,32,21,11,65.62,-6.83,-30.63,16.98,-2.185,0.636,11
"[-299,-200]",HR≥-/EDG≥-/CV≤0.7/μ≥1.0/TP≥65,64.52,,0.7,1.0,65.0,34,31,20,11,64.52,-8.66,-32.97,15.64,-2.685,0.636,11
"[-299,-200]",HR≥-/EDG≥-5.0/CV≤-/μ≥-/TP≥-,60.4,-5.0,,,,560,495,299,196,60.4,-12.65,-18.9,-6.41,-62.623,0.154,13
"[-299,-200]",HR≥-/EDG≥-5.0/CV≤-/μ≥-/TP≥50,60.4,-5.0,,,50.0,560,495,299,196,60.4,-12.65,-18.9,-6.41,-62.623,0.154,13
"[-299,-200]",HR≥-/EDG≥-5.0/CV≤-/μ≥-/TP≥55,60.4,-5.0,,,55.0,560,495,299,196,60.4,-12.65,-18.9,-6.41,-62.623,0.154,13
"[-299,-200]",HR≥-/EDG≥-5.0/CV≤-/μ≥-/TP≥60,60.4,-5.0,,,60.0,560,495,299,196,60.4,-12.65,-18.9,-6.41,-62.623,0.154,13
"[-299,-200]",HR≥-/EDG≥-5.0/CV≤-/μ≥-/TP≥65,59.08,-5.0,,,65.0,492,435,257,178,59.08,-14.99,-21.65,-8.32,-65.205,0.077,13
"[-299,-200]",HR≥-/EDG≥-5.0/CV≤-/μ≥0.0/TP≥-,60.4,-5.0,,0.0,,560,495,299,196,60.4,-12.65,-18.9,-6.41,-62.623,0.154,13
"[-299,-200]",HR≥-/EDG≥-5.0/CV≤-/μ≥0.0/TP≥50,60.4,-5.0,,0.0,50.0,560,495,299,196,60.4,-12.65,-18.9,-6.41,-62.623,0.154,13
"[-299,-200]",HR≥-/EDG≥-5.0/CV≤-/μ≥0.0/TP≥55,60.4,-5.0,,0.0,55.0,560,495,299,196,60.4,-12.65,-18.9,-6.41,-62.623,0.154,13
"[-299,-200]",HR≥-/EDG≥-5.0/CV≤-/μ≥0.0/TP≥60,60.4,-5.0,,0.0,60.0,560,495,299,196,60.4,-12.65,-18.9,-6.41,-62.623,0.154,13
"[-299,-200]",HR≥-/EDG≥-5.0/CV≤-/μ≥0.0/TP≥65,59.08,-5.0,,0.0,65.0,492,435,257,178,59.08,-14.99,-21.65,-8.32,-65.205,0.077,13
"[-299,-200]",HR≥-/EDG≥-5.0/CV≤-/μ≥0.5/TP≥-,60.39,-5.0,,0.5,,526,467,282,185,60.39,-12.76,-19.18,-6.34,-59.589,0.154,13
"[-299,-200]",HR≥-/EDG≥-5.0/CV≤-/μ≥0.5/TP≥50,60.39,-5.0,,0.5,50.0,526,467,282,185,60.39,-12.76,-19.18,-6.34,-59.589,0.154,13
"[-299,-200]",HR≥-/EDG≥-5.0/CV≤-/μ≥0.5/TP≥55,60.39,-5.0,,0.5,55.0,526,467,282,185,60.39,-12.76,-19.18,-6.34,-59.589,0.154,13
"[-299,-200]",HR≥-/EDG≥-5.0/CV≤-/μ≥0.5/TP≥60,60.39,-5.0,,0.5,60.0,526,467,282,185,60.39,-12.76,-19.18,-6.34,-59.589,0.154,13
"[-299,-200]",HR≥-/EDG≥-5.0/CV≤-/μ≥0.5/TP≥65,59.42,-5.0,,0.5,65.0,465,414,246,168,59.42,-14.54,-21.36,-7.72,-60.195,0.077,13
"[-299,-200]",HR≥-/EDG≥-5.0/CV≤-/μ≥1.0/TP≥-,62.85,-5.0,,1.0,,370,323,203,120,62.85,-9.4,-17.02,-1.78,-30.369,0.154,13
"[-299,-200]",HR≥-/EDG≥-5.0/CV≤-/μ≥1.0/TP≥50,62.85,-5.0,,1.0,50.0,370,323,203,120,62.85,-9.4,-17.02,-1.78,-30.369,0.154,13
"[-299,-200]",HR≥-/EDG≥-5.0/CV≤-/μ≥1.0/TP≥55,62.85,-5.0,,1.0,55.0,370,323,203,120,62.85,-9.4,-17.02,-1.78,-30.369,0.154,13
"[-299,-200]",HR≥-/EDG≥-5.0/CV≤-/μ≥1.0/TP≥60,62.85,-5.0,,1.0,60.0,370,323,203,120,62.85,-9.4,-17.02,-1.78,-30.369,0.154,13
"[-299,-200]",HR≥-/EDG≥-5.0/CV≤-/μ≥1.0/TP≥65,62.67,-5.0,,1.0,65.0,345,300,188,112,62.67,-9.91,-17.8,-2.01,-29.728,0.231,13
"[-299,-200]",HR≥-/EDG≥-5.0/CV≤0.7/μ≥-/TP≥-,56.25,-5.0,0.7,,,53,48,27,21,56.25,-19.8,-40.06,0.47,-9.502,0.182,11
"[-299,-200]",HR≥-/EDG≥-5.0/CV≤0.7/μ≥-/TP≥50,56.25,-5.0,0.7,,50.0,53,48,27,21,56.25,-19.8,-40.06,0.47,-9.502,0.182,11
"[-299,-200]",HR≥-/EDG≥-5.0/CV≤0.7/μ≥-/TP≥55,56.25,-5.0,0.7,,55.0,53,48,27,21,56.25,-19.8,-40.06,0.47,-9.502,0.182,11
"[-299,-200]",HR≥-/EDG≥-5.0/CV≤0.7/μ≥-/TP≥60,56.25,-5.0,0.7,,60.0,53,48,27,21,56.25,-19.8,-40.06,0.47,-9.502,0.182,11
"[-299,-200]",HR≥-/EDG≥-5.0/CV≤0.7/μ≥-/TP≥65,57.78,-5.0,0.7,,65.0,50,45,26,19,57.78,-17.78,-38.59,3.03,-8.002,0.273,11
"[-299,-200]",HR≥-/EDG≥-5.0/CV≤0.7/μ≥0.0/TP≥-,56.25,-5.0,0.7,0.0,,53,48,27,21,56.25,-19.8,-40.06,0.47,-9.502,0.182,11
"[-299,-200]",HR≥-/EDG≥-5.0/CV≤0.7/μ≥0.0/TP≥50,56.25,-5.0,0.7,0.0,50.0,53,48,27,21,56.25,-19.8,-40.06,0.47,-9.502,0.182,11
"[-299,-200]",HR≥-/EDG≥-5.0/CV≤0.7/μ≥0.0/TP≥55,56.25,-5.0,0.7,0.0,55.0,53,48,27,21,56.25,-19.8,-40.06,0.47,-9.502,0.182,11
"[-299,-200]",HR≥-/EDG≥-5.0/CV≤0.7/μ≥0.0/TP≥60,56.25,-5.0,0.7,0.0,60.0,53,48,27,21,56.25,-19.8,-40.06,0.47,-9.502,0.182,11
"[-299,-200]",HR≥-/EDG≥-5.0/CV≤0.7/μ≥0.0/TP≥65,57.78,-5.0,0.7,0.0,65.0,50,45,26,19,57.78,-17.78,-38.59,3.03,-8.002,0.273,11
"[-299,-200]",HR≥-/EDG≥-5.0/CV≤0.7/μ≥0.5/TP≥-,58.14,-5.0,0.7,0.5,,47,43,25,18,58.14,-17.34,-38.6,3.92,-7.456,0.273,11
"[-299,-200]",HR≥-/EDG≥-5.0/CV≤0.7/μ≥0.5/TP≥50,58.14,-5.0,0.7,0.5,50.0,47,43,25,18,58.14,-17.34,-38.6,3.92,-7.456,0.273,11
"[-299,-200]",HR≥-/EDG≥-5.0/CV≤0.7/μ≥0.5/TP≥55,58.14,-5.0,0.7,0.5,55.0,47,43,25,18,58.14,-17.34,-38.6,3.92,-7.456,0.273,11
"[-299,-200]",HR≥-/EDG≥-5.0/CV≤0.7/μ≥0.5/TP≥60,58.14,-5.0,0.7,0.5,60.0,47,43,25,18,58.14,-17.34,-38.6,3.92,-7.456,0.273,11
"[-299,-200]",HR≥-/EDG≥-5.0/CV≤0.7/μ≥0.5/TP≥65,60.0,-5.0,0.7,0.5,65.0,44,40,24,16,60.0,-14.89,-36.75,6.96,-5.956,0.364,11
"[-299,-200]",HR≥-/EDG≥-5.0/CV≤0.7/μ≥1.0/TP≥-,65.62,-5.0,0.7,1.0,,35,32,21,11,65.62,-6.83,-30.63,16.98,-2.185,0.636,11
"[-299,-200]",HR≥-/EDG≥-5.0/CV≤0.7/μ≥1.0/TP≥50,65.62,-5.0,0.7,1.0,50.0,35,32,21,11,65.62,-6.83,-30.63,16.98,-2.185,0.636,11
"[-299,-200]",HR≥-/EDG≥-5.0/CV≤0.7/μ≥1.0/TP≥55,65.62,-5.0,0.7,1.0,55.0,35,32,21,11,65.62,-6.83,-30.63,16.98,-2.185,0.636,11
"[-299,-200]",HR≥-/EDG≥-5.0/CV≤0.7/μ≥1.0/TP≥60,65.62,-5.0,0.7,1.0,60.0,35,32,21,11,65.62,-6.83,-30.63,16.98,-2.185,0.636,11
"[-299,-200]",HR≥-/EDG≥-5.0/CV≤0.7/μ≥1.0/TP≥65,64.52,-5.0,0.7,1.0,65.0,34,31,20,11,64.52,-8.66,-32.97,15.64,-2.685,0.636,11
"[-299,-200]",HR≥-/EDG≥0.0/CV≤-/μ≥-/TP≥-,59.85,0.0,,,,451,396,237,159,59.85,-13.53,-20.53,-6.54,-53.584,0.077,13
"[-299,-200]",HR≥-/EDG≥0.0/CV≤-/μ≥-/TP≥50,59.85,0.0,,,50.0,451,396,237,159,59.85,-13.53,-20.53,-6.54,-53.584,0.077,13
"[-299,-200]",HR≥-/EDG≥0.0/CV≤-/μ≥-/TP≥55,59.85,0.0,,,55.0,451,396,237,159,59.85,-13.53,-20.53,-6.54,-53.584,0.077,13
"[-299,-200]",HR≥-/EDG≥0.0/CV≤-/μ≥-/TP≥60,59.85,0.0,,,60.0,451,396,237,159,59.85,-13.53,-20.53,-6.54,-53.584,0.077,13
"[-299,-200]",HR≥-/EDG≥0.0/CV≤-/μ≥-/TP≥65,59.57,0.0,,,65.0,423,371,221,150,59.57,-14.15,-21.37,-6.94,-52.512,0.077,13
"[-299,-200]",HR≥-/EDG≥0.0/CV≤-/μ≥0.0/TP≥-,59.85,0.0,,0.0,,451,396,237,159,59.85,-13.53,-20.53,-6.54,-53.584,0.077,13
"[-299,-200]",HR≥-/EDG≥0.0/CV≤-/μ≥0.0/TP≥50,59.85,0.0,,0.0,50.0,451,396,237,159,59.85,-13.53,-20.53,-6.54,-53.584,0.077,13
"[-299,-200]",HR≥-/EDG≥0.0/CV≤-/μ≥0.0/TP≥55,59.85,0.0,,0.0,55.0,451,396,237,159,59.85,-13.53,-20.53,-6.54,-53.584,0.077,13
"[-299,-200]",HR≥-/EDG≥0.0/CV≤-/μ≥0.0/TP≥60,59.85,0.0,,0.0,60.0,451,396,237,159,59.85,-13.53,-20.53,-6.54,-53.584,0.077,13
"[-299,-200]",HR≥-/EDG≥0.0/CV≤-/μ≥0.0/TP≥65,59.57,0.0,,0.0,65.0,423,371,221,150,59.57,-14.15,-21.37,-6.94,-52.512,0.077,13
"[-299,-200]",HR≥-/EDG≥0.0/CV≤-/μ≥0.5/TP≥-,59.59,0.0,,0.5,,437,386,230,156,59.59,-13.99,-21.08,-6.9,-54.003,0.077,13
"[-299,-200]",HR≥-/EDG≥0.0/CV≤-/μ≥0.5/TP≥50,59.59,0.0,,0.5,50.0,437,386,230,156,59.59,-13.99,-21.08,-6.9,-54.003,0.077,13
"[-299,-200]",HR≥-/EDG≥0.0/CV≤-/μ≥0.5/TP≥55,59.59,0.0,,0.5,55.0,437,386,230,156,59.59,-13.99,-21.08,-6.9,-54.003,0.077,13
"[-299,-200]",HR≥-/EDG≥0.0/CV≤-/μ≥0.5/TP≥60,59.59,0.0,,0.5,60.0,437,386,230,156,59.59,-13.99,-21.08,-6.9,-54.003,0.077,13
"[-299,-200]",HR≥-/EDG≥0.0/CV≤-/μ≥0.5/TP≥65,59.39,0.0,,0.5,65.0,410,362,215,147,59.39,-14.48,-21.79,-7.18,-52.432,0.077,13
"[-299,-200]",HR≥-/EDG≥0.0/CV≤-/μ≥1.0/TP≥-,61.76,0.0,,1.0,,352,306,189,117,61.76,-10.91,-18.79,-3.03,-33.391,0.077,13
"[-299,-200]",HR≥-/EDG≥0.0/CV≤-/μ≥1.0/TP≥50,61.76,0.0,,1.0,50.0,352,306,189,117,61.76,-10.91,-18.79,-3.03,-33.391,0.077,13
"[-299,-200]",HR≥-/EDG≥0.0/CV≤-/μ≥1.0/TP≥55,61.76,0.0,,1.0,55.0,352,306,189,117,61.76,-10.91,-18.79,-3.03,-33.391,0.077,13
"[-299,-200]",HR≥-/EDG≥0.0/CV≤-/μ≥1.0/TP≥60,61.76,0.0,,1.0,60.0,352,306,189,117,61.76,-10.91,-18.79,-3.03,-33.391,0.077,13
"[-299,-200]",HR≥-/EDG≥0.0/CV≤-/μ≥1.0/TP≥65,61.75,0.0,,1.0,65.0,329,285,176,109,61.75,-11.16,-19.31,-3.02,-31.82,0.154,13
"[-299,-200]",HR≥-/EDG≥0.0/CV≤0.7/μ≥-/TP≥-,58.7,0.0,0.7,,,51,46,27,19,58.7,-16.31,-36.86,4.25,-7.502,0.273,11
"[-299,-200]",HR≥-/EDG≥0.0/CV≤0.7/μ≥-/TP≥50,58.7,0.0,0.7,,50.0,51,46,27,19,58.7,-16.31,-36.86,4.25,-7.502,0.273,11
"[-299,-200]",HR≥-/EDG≥0.0/CV≤0.7/μ≥-/TP≥55,58.7,0.0,0.7,,55.0,51,46,27,19,58.7,-16.31,-36.86,4.25,-7.502,0.273,11
"[-299,-200]",HR≥-/EDG≥0.0/CV≤0.7/μ≥-/TP≥60,58.7,0.0,0.7,,60.0,51,46,27,19,58.7,-16.31,-36.86,4.25,-7.502,0.273,11
"[-299,-200]",HR≥-/EDG≥0.0/CV≤0.7/μ≥-/TP≥65,57.78,0.0,0.7,,65.0,50,45,26,19,57.78,-17.78,-38.59,3.03,-8.002,0.273,11
"[-299,-200]",HR≥-/EDG≥0.0/CV≤0.7/μ≥0.0/TP≥-,58.7,0.0,0.7,0.0,,51,46,27,19,58.7,-16.31,-36.86,4.25,-7.502,0.273,11
"[-299,-200]",HR≥-/EDG≥0.0/CV≤0.7/μ≥0.0/TP≥50,58.7,0.0,0.7,0.0,50.0,51,46,27,19,58.7,-16.31,-36.86,4.25,-7.502,0.273,11
"[-299,-200]",HR≥-/EDG≥0.0/CV≤0.7/μ≥0.0/TP≥55,58.7,0.0,0.7,0.0,55.0,51,46,27,19,58.7,-16.31,-36.86,4.25,-7.502,0.273,11
"[-299,-200]",HR≥-/EDG≥0.0/CV≤0.7/μ≥0.0/TP≥60,58.7,0.0,0.7,0.0,60.0,51,46,27,19,58.7,-16.31,-36.86,4.25,-7.502,0.273,11
"[-299,-200]",HR≥-/EDG≥0.0/CV≤0.7/μ≥0.0/TP≥65,57.78,0.0,0.7,0.0,65.0,50,45,26,19,57.78,-17.78,-38.59,3.03,-8.002,0.273,11
"[-299,-200]",HR≥-/EDG≥0.0/CV≤0.7/μ≥0.5/TP≥-,60.98,0.0,0.7,0.5,,45,41,25,16,60.98,-13.31,-34.85,8.23,-5.456,0.364,11
"[-299,-200]",HR≥-/EDG≥0.0/CV≤0.7/μ≥0.5/TP≥50,60.98,0.0,0.7,0.5,50.0,45,41,25,16,60.98,-13.31,-34.85,8.23,-5.456,0.364,11
"[-299,-200]",HR≥-/EDG≥0.0/CV≤0.7/μ≥0.5/TP≥55,60.98,0.0,0.7,0.5,55.0,45,41,25,16,60.98,-13.31,-34.85,8.23,-5.456,0.364,11
"[-299,-200]",HR≥-/EDG≥0.0/CV≤0.7/μ≥0.5/TP≥60,60.98,0.0,0.7,0.5,60.0,45,41,25,16,60.98,-13.31,-34.85,8.23,-5.456,0.364,11
"[-299,-200]",HR≥-/EDG≥0.0/CV≤0.7/μ≥0.5/TP≥65,60.0,0.0,0.7,0.5,65.0,44,40,24,16,60.0,-14.89,-36.75,6.96,-5.956,0.364,11
"[-299,-200]",HR≥-/EDG≥0.0/CV≤0.7/μ≥1.0/TP≥-,65.62,0.0,0.7,1.0,,35,32,21,11,65.62,-6.83,-30.63,16.98,-2.185,0.636,11
"[-299,-200]",HR≥-/EDG≥0.0/CV≤0.7/μ≥1.0/TP≥50,65.62,0.0,0.7,1.0,50.0,35,32,21,11,65.62,-6.83,-30.63,16.98,-2.185,0.636,11
"[-299,-200]",HR≥-/EDG≥0.0/CV≤0.7/μ≥1.0/TP≥55,65.62,0.0,0.7,1.0,55.0,35,32,21,11,65.62,-6.83,-30.63,16.98,-2.185,0.636,11
"[-299,-200]",HR≥-/EDG≥0.0/CV≤0.7/μ≥1.0/TP≥60,65.62,0.0,0.7,1.0,60.0,35,32,21,11,65.62,-6.83,-30.63,16.98,-2.185,0.636,11
"[-299,-200]",HR≥-/EDG≥0.0/CV≤0.7/μ≥1.0/TP≥65,64.52,0.0,0.7,1.0,65.0,34,31,20,11,64.52,-8.66,-32.97,15.64,-2.685,0.636,11
"[-299,-200]",HR≥-/EDG≥5.0/CV≤-/μ≥-/TP≥-,61.96,5.0,,,,375,326,202,124,61.96,-10.57,-18.2,-2.95,-34.474,0.077,13
"[-299,-200]",HR≥-/EDG≥5.0/CV≤-/μ≥-/TP≥50,61.96,5.0,,,50.0,375,326,202,124,61.96,-10.57,-18.2,-2.95,-34.474,0.077,13
"[-299,-200]",HR≥-/EDG≥5.0/CV≤-/μ≥-/TP≥55,61.96,5.0,,,55.0,375,326,202,124,61.96,-10.57,-18.2,-2.95,-34.474,0.077,13
"[-299,-200]",HR≥-/EDG≥5.0/CV≤-/μ≥-/TP≥60,61.96,5.0,,,60.0,375,326,202,124,61.96,-10.57,-18.2,-2.95,-34.474,0.077,13
"[-299,-200]",HR≥-/EDG≥5.0/CV≤-/μ≥-/TP≥65,61.76,5.0,,,65.0,352,306,189,117,61.76,-11.08,-18.94,-3.21,-33.903,0.231,13
"[-299,-200]",HR≥-/EDG≥5.0/CV≤-/μ≥0.0/TP≥-,61.96,5.0,,0.0,,375,326,202,124,61.96,-10.57,-18.2,-2.95,-34.474,0.077,13
"[-299,-200]",HR≥-/EDG≥5.0/CV≤-/μ≥0.0/TP≥50,61.96,5.0,,0.0,50.0,375,326,202,124,61.96,-10.57,-18.2,-2.95,-34.474,0.077,13
"[-299,-200]",HR≥-/EDG≥5.0/CV≤-/μ≥0.0/TP≥55,61.96,5.0,,0.0,55.0,375,326,202,124,61.96,-10.57,-18.2,-2.95,-34.474,0.077,13
"[-299,-200]",HR≥-/EDG≥5.0/CV≤-/μ≥0.0/TP≥60,61.96,5.0,,0.0,60.0,375,326,202,124,61.96,-10.57,-18.2,-2.95,-34.474,0.077,13
"[-299,-200]",HR≥-/EDG≥5.0/CV≤-/μ≥0.0/TP≥65,61.76,5.0,,0.0,65.0,352,306,189,117,61.76,-11.08,-18.94,-3.21,-33.903,0.231,13
"[-299,-200]",HR≥-/EDG≥5.0/CV≤-/μ≥0.5/TP≥-,62.11,5.0,,0.5,,369,322,200,122,62.11,-10.4,-18.06,-2.73,-33.474,0.077,13
"[-299,-200]",HR≥-/EDG≥5.0/CV≤-/μ≥0.5/TP≥50,62.11,5.0,,0.5,50.0,369,322,200,122,62.11,-10.4,-18.06,-2.73,-33.474,0.077,13
"[-299,-200]",HR≥-/EDG≥5.0/CV≤-/μ≥0.5/TP≥55,62.11,5.0,,0.5,55.0,369,322,200,122,62.11,-10.4,-18.06,-2.73,-33.474,0.077,13
"[-299,-200]",HR≥-/EDG≥5.0/CV≤-/μ≥0.5/TP≥60,62.11,5.0,,0.5,60.0,369,322,200,122,62.11,-10.4,-18.06,-2.73,-33.474,0.077,13
"[-299,-200]",HR≥-/EDG≥5.0/CV≤-/μ≥0.5/TP≥65,61.92,5.0,,0.5,65.0,346,302,187,115,61.92,-10.89,-18.8,-2.99,-32.903,0.154,13
"[-299,-200]",HR≥-/EDG≥5.0/CV≤-/μ≥1.0/TP≥-,62.86,5.0,,1.0,,324,280,176,104,62.86,-9.31,-17.5,-1.12,-26.069,0.231,13
"[-299,-200]",HR≥-/EDG≥5.0/CV≤-/μ≥1.0/TP≥50,62.86,5.0,,1.0,50.0,324,280,176,104,62.86,-9.31,-17.5,-1.12,-26.069,0.231,13
"[-299,-200]",HR≥-/EDG≥5.0/CV≤-/μ≥1.0/TP≥55,62.86,5.0,,1.0,55.0,324,280,176,104,62.86,-9.31,-17.5,-1.12,-26.069,0.231,13
"[-299,-200]",HR≥-/EDG≥5.0/CV≤-/μ≥1.0/TP≥60,62.86,5.0,,1.0,60.0,324,280,176,104,62.86,-9.31,-17.5,-1.12,-26.069,0.231,13
"[-299,-200]",HR≥-/EDG≥5.0/CV≤-/μ≥1.0/TP≥65,62.69,5.0,,1.0,65.0,302,260,163,97,62.69,-9.81,-18.29,-1.32,-25.497,0.308,13
"[-299,-200]",HR≥-/EDG≥5.0/CV≤0.7/μ≥-/TP≥-,58.54,5.0,0.7,,,46,41,24,17,58.54,-16.53,-38.35,5.29,-6.776,0.364,11
"[-299,-200]",HR≥-/EDG≥5.0/CV≤0.7/μ≥-/TP≥50,58.54,5.0,0.7,,50.0,46,41,24,17,58.54,-16.53,-38.35,5.29,-6.776,0.364,11
"[-299,-200]",HR≥-/EDG≥5.0/CV≤0.7/μ≥-/TP≥55,58.54,5.0,0.7,,55.0,46,41,24,17,58.54,-16.53,-38.35,5.29,-6.776,0.364,11
"[-299,-200]",HR≥-/EDG≥5.0/CV≤0.7/μ≥-/TP≥60,58.54,5.0,0.7,,60.0,46,41,24,17,58.54,-16.53,-38.35,5.29,-6.776,0.364,11
"[-299,-200]",HR≥-/EDG≥5.0/CV≤0.7/μ≥-/TP≥65,57.5,5.0,0.7,,65.0,45,40,23,17,57.5,-18.19,-40.31,3.93,-7.276,0.273,11
"[-299,-200]",HR≥-/EDG≥5.0/CV≤0.7/μ≥0.0/TP≥-,58.54,5.0,0.7,0.0,,46,41,24,17,58.54,-16.53,-38.35,5.29,-6.776,0.364,11
"[-299,-200]",HR≥-/EDG≥5.0/CV≤0.7/μ≥0.0/TP≥50,58.54,5.0,0.7,0.0,50.0,46,41,24,17,58.54,-16.53,-38.35,5.29,-6.776,0.364,11
"[-299,-200]",HR≥-/EDG≥5.0/CV≤0.7/μ≥0.0/TP≥55,58.54,5.0,0.7,0.0,55.0,46,41,24,17,58.54,-16.53,-38.35,5.29,-6.776,0.364,11
"[-299,-200]",HR≥-/EDG≥5.0/CV≤0.7/μ≥0.0/TP≥60,58.54,5.0,0.7,0.0,60.0,46,41,24,17,58.54,-16.53,-38.35,5.29,-6.776,0.364,11
"[-299,-200]",HR≥-/EDG≥5.0/CV≤0.7/μ≥0.0/TP≥65,57.5,5.0,0.7,0.0,65.0,45,40,23,17,57.5,-18.19,-40.31,3.93,-7.276,0.273,11
"[-299,-200]",HR≥-/EDG≥5.0/CV≤0.7/μ≥0.5/TP≥-,60.53,5.0,0.7,0.5,,42,38,23,15,60.53,-13.88,-36.34,8.58,-5.276,0.455,11
"[-299,-200]",HR≥-/EDG≥5.0/CV≤0.7/μ≥0.5/TP≥50,60.53,5.0,0.7,0.5,50.0,42,38,23,15,60.53,-13.88,-36.34,8.58,-5.276,0.455,11
"[-299,-200]",HR≥-/EDG≥5.0/CV≤0.7/μ≥0.5/TP≥55,60.53,5.0,0.7,0.5,55.0,42,38,23,15,60.53,-13.88,-36.34,8.58,-5.276,0.455,11
"[-299,-200]",HR≥-/EDG≥5.0/CV≤0.7/μ≥0.5/TP≥60,60.53,5.0,0.7,0.5,60.0,42,38,23,15,60.53,-13.88,-36.34,8.58,-5.276,0.455,11
"[-299,-200]",HR≥-/EDG≥5.0/CV≤0.7/μ≥0.5/TP≥65,59.46,5.0,0.7,0.5,65.0,41,37,22,15,59.46,-15.61,-38.42,7.2,-5.776,0.364,11
"[-299,-200]",HR≥-/EDG≥5.0/CV≤0.7/μ≥1.0/TP≥-,65.62,5.0,0.7,1.0,,35,32,21,11,65.62,-6.83,-30.63,16.98,-2.185,0.636,11
"[-299,-200]",HR≥-/EDG≥5.0/CV≤0.7/μ≥1.0/TP≥50,65.62,5.0,0.7,1.0,50.0,35,32,21,11,65.62,-6.83,-30.63,16.98,-2.185,0.636,11
"[-299,-200]",HR≥-/EDG≥5.0/CV≤0.7/μ≥1.0/TP≥55,65.62,5.0,0.7,1.0,55.0,35,32,21,11,65.62,-6.83,-30.63,16.98,-2.185,0.636,11
"[-299,-200]",HR≥-/EDG≥5.0/CV≤0.7/μ≥1.0/TP≥60,65.62,5.0,0.7,1.0,60.0,35,32,21,11,65.62,-6.83,-30.63,16.98,-2.185,0.636,11
"[-299,-200]",HR≥-/EDG≥5.0/CV≤0.7/μ≥1.0/TP≥65,64.52,5.0,0.7,1.0,65.0,34,31,20,11,64.52,-8.66,-32.97,15.64,-2.685,0.636,11
"[-299,-200]",HR≥-/EDG≥10.0/CV≤-/μ≥-/TP≥-,65.1,10.0,,,,297,255,166,89,65.1,-5.9,-14.38,2.59,-15.036,0.308,13
"[-299,-200]",HR≥-/EDG≥10.0/CV≤-/μ≥-/TP≥50,65.1,10.0,,,50.0,297,255,166,89,65.1,-5.9,-14.38,2.59,-15.036,0.308,13
"[-299,-200]",HR≥-/EDG≥10.0/CV≤-/μ≥-/TP≥55,65.1,10.0,,,55.0,297,255,166,89,65.1,-5.9,-14.38,2.59,-15.036,0.308,13
"[-299,-200]",HR≥-/EDG≥10.0/CV≤-/μ≥-/TP≥60,65.1,10.0,,,60.0,297,255,166,89,65.1,-5.9,-14.38,2.59,-15.036,0.308,13
"[-299,-200]",HR≥-/EDG≥10.0/CV≤-/μ≥-/TP≥65,64.58,10.0,,,65.0,281,240,155,85,64.58,-6.87,-15.63,1.89,-16.488,0.385,13
"[-299,-200]",HR≥-/EDG≥10.0/CV≤-/μ≥0.0/TP≥-,65.1,10.0,,0.0,,297,255,166,89,65.1,-5.9,-14.38,2.59,-15.036,0.308,13
"[-299,-200]",HR≥-/EDG≥10.0/CV≤-/μ≥0.0/TP≥50,65.1,10.0,,0.0,50.0,297,255,166,89,65.1,-5.9,-14.38,2.59,-15.036,0.308,13
"[-299,-200]",HR≥-/EDG≥10.0/CV≤-/μ≥0.0/TP≥55,65.1,10.0,,0.0,55.0,297,255,166,89,65.1,-5.9,-14.38,2.59,-15.036,0.308,13
"[-299,-200]",HR≥-/EDG≥10.0/CV≤-/μ≥0.0/TP≥60,65.1,10.0,,0.0,60.0,297,255,166,89,65.1,-5.9,-14.38,2.59,-15.036,0.308,13
"[-299,-200]",HR≥-/EDG≥10.0/CV≤-/μ≥0.0/TP≥65,64.58,10.0,,0.0,65.0,281,240,155,85,64.58,-6.87,-15.63,1.89,-16.488,0.385,13
"[-299,-200]",HR≥-/EDG≥10.0/CV≤-/μ≥0.5/TP≥-,65.1,10.0,,0.5,,296,255,166,89,65.1,-5.9,-14.38,2.59,-15.036,0.308,13
"[-299,-200]",HR≥-/EDG≥10.0/CV≤-/μ≥0.5/TP≥50,65.1,10.0,,0.5,50.0,296,255,166,89,65.1,-5.9,-14.38,2.59,-15.036,0.308,13
"[-299,-200]",HR≥-/EDG≥10.0/CV≤-/μ≥0.5/TP≥55,65.1,10.0,,0.5,55.0,296,255,166,89,65.1,-5.9,-14.38,2.59,-15.036,0.308,13
"[-299,-200]",HR≥-/EDG≥10.0/CV≤-/μ≥0.5/TP≥60,65.1,10.0,,0.5,60.0,296,255,166,89,65.1,-5.9,-14.38,2.59,-15.036,0.308,13
"[-299,-200]",HR≥-/EDG≥10.0/CV≤-/μ≥0.5/TP≥65,64.58,10.0,,0.5,65.0,280,240,155,85,64.58,-6.87,-15.63,1.89,-16.488,0.385,13
"[-299,-200]",HR≥-/EDG≥10.0/CV≤-/μ≥1.0/TP≥-,64.83,10.0,,1.0,,275,236,153,83,64.83,-6.36,-15.19,2.47,-15.013,0.385,13
"[-299,-200]",HR≥-/EDG≥10.0/CV≤-/μ≥1.0/TP≥50,64.83,10.0,,1.0,50.0,275,236,153,83,64.83,-6.36,-15.19,2.47,-15.013,0.385,13
"[-299,-200]",HR≥-/EDG≥10.0/CV≤-/μ≥1.0/TP≥55,64.83,10.0,,1.0,55.0,275,236,153,83,64.83,-6.36,-15.19,2.47,-15.013,0.385,13
"[-299,-200]",HR≥-/EDG≥10.0/CV≤-/μ≥1.0/TP≥60,64.83,10.0,,1.0,60.0,275,236,153,83,64.83,-6.36,-15.19,2.47,-15.013,0.385,13
"[-299,-200]",HR≥-/EDG≥10.0/CV≤-/μ≥1.0/TP≥65,64.25,10.0,,1.0,65.0,259,221,142,79,64.25,-7.45,-16.59,1.69,-16.466,0.308,13
"[-299,-200]",HR≥-/EDG≥10.0/CV≤0.7/μ≥-/TP≥-,66.67,10.0,0.7,,,37,33,22,11,66.67,-4.93,-28.28,18.43,-1.627,0.545,11
"[-299,-200]",HR≥-/EDG≥10.0/CV≤0.7/μ≥-/TP≥50,66.67,10.0,0.7,,50.0,37,33,22,11,66.67,-4.93,-28.28,18.43,-1.627,0.545,11
"[-299,-200]",HR≥-/EDG≥10.0/CV≤0.7/μ≥-/TP≥55,66.67,10.0,0.7,,55.0,37,33,22,11,66.67,-4.93,-28.28,18.43,-1.627,0.545,11
"[-299,-200]",HR≥-/EDG≥10.0/CV≤0.7/μ≥-/TP≥60,66.67,10.0,0.7,,60.0,37,33,22,11,66.67,-4.93,-28.28,18.43,-1.627,0.545,11
"[-299,-200]",HR≥-/EDG≥10.0/CV≤0.7/μ≥-/TP≥65,65.62,10.0,0.7,,65.0,36,32,21,11,65.62,-6.65,-30.49,17.2,-2.127,0.545,11
"[-299,-200]",HR≥-/EDG≥10.0/CV≤0.7/μ≥0.0/TP≥-,66.67,10.0,0.7,0.0,,37,33,22,11,66.67,-4.93,-28.28,18.43,-1.627,0.545,11
"[-299,-200]",HR≥-/EDG≥10.0/CV≤0.7/μ≥0.0/TP≥50,66.67,10.0,0.7,0.0,50.0,37,33,22,11,66.67,-4.93,-28.28,18.43,-1.627,0.545,11
"[-299,-200]",HR≥-/EDG≥10.0/CV≤0.7/μ≥0.0/TP≥55,66.67,10.0,0.7,0.0,55.0,37,33,22,11,66.67,-4.93,-28.28,18.43,-1.627,0.545,11
"[-299,-200]",HR≥-/EDG≥10.0/CV≤0.7/μ≥0.0/TP≥60,66.67,10.0,0.7,0.0,60.0,37,33,22,11,66.67,-4.93,-28.28,18.43,-1.627,0.545,11
"[-299,-200]",HR≥-/EDG≥10.0/CV≤0.7/μ≥0.0/TP≥65,65.62,10.0,0.7,0.0,65.0,36,32,21,11,65.62,-6.65,-30.49,17.2,-2.127,0.545,11
"[-299,-200]",HR≥-/EDG≥10.0/CV≤0.7/μ≥0.5/TP≥-,66.67,10.0,0.7,0.5,,37,33,22,11,66.67,-4.93,-28.28,18.43,-1.627,0.545,11
"[-299,-200]",HR≥-/EDG≥10.0/CV≤0.7/μ≥0.5/TP≥50,66.67,10.0,0.7,0.5,50.0,37,33,22,11,66.67,-4.93,-28.28,18.43,-1.627,0.545,11
"[-299,-200]",HR≥-/EDG≥10.0/CV≤0.7/μ≥0.5/TP≥55,66.67,10.0,0.7,0.5,55.0,37,33,22,11,66.67,-4.93,-28.28,18.43,-1.627,0.545,11
"[-299,-200]",HR≥-/EDG≥10.0/CV≤0.7/μ≥0.5/TP≥60,66.67,10.0,0.7,0.5,60.0,37,33,22,11,66.67,-4.93,-28.28,18.43,-1.627,0.545,11
"[-299,-200]",HR≥-/EDG≥10.0/CV≤0.7/μ≥0.5/TP≥65,65.62,10.0,0.7,0.5,65.0,36,32,21,11,65.62,-6.65,-30.49,17.2,-2.127,0.545,11
"[-299,-200]",HR≥-/EDG≥10.0/CV≤0.7/μ≥1.0/TP≥-,66.67,10.0,0.7,1.0,,33,30,20,10,66.67,-5.12,-29.61,19.37,-1.536,0.636,11
"[-299,-200]",HR≥-/EDG≥10.0/CV≤0.7/μ≥1.0/TP≥50,66.67,10.0,0.7,1.0,50.0,33,30,20,10,66.67,-5.12,-29.61,19.37,-1.536,0.636,11
"[-299,-200]",HR≥-/EDG≥10.0/CV≤0.7/μ≥1.0/TP≥55,66.67,10.0,0.7,1.0,55.0,33,30,20,10,66.67,-5.12,-29.61,19.37,-1.536,0.636,11
"[-299,-200]",HR≥-/EDG≥10.0/CV≤0.7/μ≥1.0/TP≥60,66.67,10.0,0.7,1.0,60.0,33,30,20,10,66.67,-5.12,-29.61,19.37,-1.536,0.636,11
"[-299,-200]",HR≥45/EDG≥-/CV≤-/μ≥-/TP≥-,59.14,,,,,649,580,343,237,59.14,-14.76,-20.54,-8.98,-85.609,0.077,13
"[-299,-200]",HR≥45/EDG≥-/CV≤-/μ≥-/TP≥50,59.07,,,,50.0,648,579,342,237,59.07,-14.85,-20.64,-9.06,-85.973,0.077,13
"[-299,-200]",HR≥45/EDG≥-/CV≤-/μ≥-/TP≥55,59.01,,,,55.0,635,566,334,232,59.01,-14.93,-20.78,-9.07,-84.492,0.077,13
"[-299,-200]",HR≥45/EDG≥-/CV≤-/μ≥-/TP≥60,59.74,,,,60.0,608,539,322,217,59.74,-13.86,-19.85,-7.88,-74.732,0.154,13
"[-299,-200]",HR≥45/EDG≥-/CV≤-/μ≥-/TP≥65,57.86,,,,65.0,494,439,254,185,57.86,-16.9,-23.55,-10.24,-74.174,0.077,13
"[-299,-200]",HR≥45/EDG≥-/CV≤-/μ≥0.0/TP≥-,59.07,,,0.0,,648,579,342,237,59.07,-14.85,-20.64,-9.06,-85.973,0.077,13
"[-299,-200]",HR≥45/EDG≥-/CV≤-/μ≥0.0/TP≥50,59.07,,,0.0,50.0,648,579,342,237,59.07,-14.85,-20.64,-9.06,-85.973,0.077,13
"[-299,-200]",HR≥45/EDG≥-/CV≤-/μ≥0.0/TP≥55,59.01,,,0.0,55.0,635,566,334,232,59.01,-14.93,-20.78,-9.07,-84.492,0.077,13
"[-299,-200]",HR≥45/EDG≥-/CV≤-/μ≥0.0/TP≥60,59.74,,,0.0,60.0,608,539,322,217,59.74,-13.86,-19.85,-7.88,-74.732,0.154,13
"[-299,-200]",HR≥45/EDG≥-/CV≤-/μ≥0.0/TP≥65,57.86,,,0.0,65.0,494,439,254,185,57.86,-16.9,-23.55,-10.24,-74.174,0.077,13
"[-299,-200]",HR≥45/EDG≥-/CV≤-/μ≥0.5/TP≥-,60.12,,,0.5,,565,504,303,201,60.12,-13.43,-19.6,-7.26,-67.679,0.077,13
"[-299,-200]",HR≥45/EDG≥-/CV≤-/μ≥0.5/TP≥50,60.12,,,0.5,50.0,565,504,303,201,60.12,-13.43,-19.6,-7.26,-67.679,0.077,13
"[-299,-200]",HR≥45/EDG≥-/CV≤-/μ≥0.5/TP≥55,60.12,,,0.5,55.0,565,504,303,201,60.12,-13.43,-19.6,-7.26,-67.679,0.077,13
"[-299,-200]",HR≥45/EDG≥-/CV≤-/μ≥0.5/TP≥60,59.8,,,0.5,60.0,561,500,299,201,59.8,-13.88,-20.08,-7.67,-69.384,0.077,13
"[-299,-200]",HR≥45/EDG≥-/CV≤-/μ≥0.5/TP≥65,58.27,,,0.5,65.0,467,417,243,174,58.27,-16.33,-23.14,-9.52,-68.098,0.077,13
"[-299,-200]",HR≥45/EDG≥-/CV≤-/μ≥1.0/TP≥-,61.59,,,1.0,,360,315,194,121,61.59,-11.4,-19.16,-3.65,-35.925,0.154,13
"[-299,-200]",HR≥45/EDG≥-/CV≤-/μ≥1.0/TP≥50,61.59,,,1.0,50.0,360,315,194,121,61.59,-11.4,-19.16,-3.65,-35.925,0.154,13
"[-299,-200]",HR≥45/EDG≥-/CV≤-/μ≥1.0/TP≥55,61.59,,,1.0,55.0,360,315,194,121,61.59,-11.4,-19.16,-3.65,-35.925,0.154,13
"[-299,-200]",HR≥45/EDG≥-/CV≤-/μ≥1.0/TP≥60,61.59,,,1.0,60.0,360,315,194,121,61.59,-11.4,-19.16,-3.65,-35.925,0.154,13
"[-299,-200]",HR≥45/EDG≥-/CV≤-/μ≥1.0/TP≥65,62.16,,,1.0,65.0,339,296,184,112,62.16,-10.75,-18.71,-2.79,-31.809,0.231,13
"[-299,-200]",HR≥45/EDG≥-/CV≤0.7/μ≥-/TP≥-,54.0,,0.7,,,55,50,27,23,54.0,-23.0,-42.94,-3.07,-11.502,0.182,11
"[-299,-200]",HR≥45/EDG≥-/CV≤0.7/μ≥-/TP≥50,54.0,,0.7,,50.0,55,50,27,23,54.0,-23.0,-42.94,-3.07,-11.502,0.182,11
"[-299,-200]",HR≥45/EDG≥-/CV≤0.7/μ≥-/TP≥55,54.0,,0.7,,55.0,55,50,27,23,54.0,-23.0,-42.94,-3.07,-11.502,0.182,11
"[-299,-200]",HR≥45/EDG≥-/CV≤0.7/μ≥-/TP≥60,55.1,,0.7,,60.0,54,49,27,22,55.1,-21.43,-41.53,-1.33,-10.502,0.182,11
"[-299,-200]",HR≥45/EDG≥-/CV≤0.7/μ≥-/TP≥65,57.78,,0.7,,65.0,50,45,26,19,57.78,-17.78,-38.59,3.03,-8.002,0.273,11
"[-299,-200]",HR≥45/EDG≥-/CV≤0.7/μ≥0.0/TP≥-,54.0,,0.7,0.0,,55,50,27,23,54.0,-23.0,-42.94,-3.07,-11.502,0.182,11
"[-299,-200]",HR≥45/EDG≥-/CV≤0.7/μ≥0.0/TP≥50,54.0,,0.7,0.0,50.0,55,50,27,23,54.0,-23.0,-42.94,-3.07,-11.502,0.182,11
"[-299,-200]",HR≥45/EDG≥-/CV≤0.7/μ≥0.0/TP≥55,54.0,,0.7,0.0,55.0,55,50,27,23,54.0,-23.0,-42.94,-3.07,-11.502,0.182,11
"[-299,-200]",HR≥45/EDG≥-/CV≤0.7/μ≥0.0/TP≥60,55.1,,0.7,0.0,60.0,54,49,27,22,55.1,-21.43,-41.53,-1.33,-10.502,0.182,11
"[-299,-200]",HR≥45/EDG≥-/CV≤0.7/μ≥0.0/TP≥65,57.78,,0.7,0.0,65.0,50,45,26,19,57.78,-17.78,-38.59,3.03,-8.002,0.273,11
"[-299,-200]",HR≥45/EDG≥-/CV≤0.7/μ≥0.5/TP≥-,56.82,,0.7,0.5,,48,44,25,19,56.82,-19.22,-40.31,1.87,-8.456,0.182,11
"[-299,-200]",HR≥45/EDG≥-/CV≤0.7/μ≥0.5/TP≥50,56.82,,0.7,0.5,50.0,48,44,25,19,56.82,-19.22,-40.31,1.87,-8.456,0.182,11
"[-299,-200]",HR≥45/EDG≥-/CV≤0.7/μ≥0.5/TP≥55,56.82,,0.7,0.5,55.0,48,44,25,19,56.82,-19.22,-40.31,1.87,-8.456,0.182,11
"[-299,-200]",HR≥45/EDG≥-/CV≤0.7/μ≥0.5/TP≥60,56.82,,0.7,0.5,60.0,48,44,25,19,56.82,-19.22,-40.31,1.87,-8.456,0.182,11
"[-299,-200]",HR≥45/EDG≥-/CV≤0.7/μ≥0.5/TP≥65,60.0,,0.7,0.5,65.0,44,40,24,16,60.0,-14.89,-36.75,6.96,-5.956,0.364,11
"[-299,-200]",HR≥45/EDG≥-/CV≤0.7/μ≥1.0/TP≥-,65.62,,0.7,1.0,,35,32,21,11,65.62,-6.83,-30.63,16.98,-2.185,0.636,11
"[-299,-200]",HR≥45/EDG≥-/CV≤0.7/μ≥1.0/TP≥50,65.62,,0.7,1.0,50.0,35,32,21,11,65.62,-6.83,-30.63,16.98,-2.185,0.636,11
"[-299,-200]",HR≥45/EDG≥-/CV≤0.7/μ≥1.0/TP≥55,65.62,,0.7,1.0,55.0,35,32,21,11,65.62,-6.83,-30.63,16.98,-2.185,0.636,11
"[-299,-200]",HR≥45/EDG≥-/CV≤0.7/μ≥1.0/TP≥60,65.62,,0.7,1.0,60.0,35,32,21,11,65.62,-6.83,-30.63,16.98,-2.185,0.636,11
"[-299,-200]",HR≥45/EDG≥-/CV≤0.7/μ≥1.0/TP≥65,64.52,,0.7,1.0,65.0,34,31,20,11,64.52,-8.66,-32.97,15.64,-2.685,0.636,11
"[-299,-200]",HR≥45/EDG≥-5.0/CV≤-/μ≥-/TP≥-,59.45,-5.0,,,,538,476,283,193,59.45,-14.11,-20.5,-7.72,-67.157,0.077,13
"[-299,-200]",HR≥45/EDG≥-5.0/CV≤-/μ≥-/TP≥50,59.45,-5.0,,,50.0,538,476,283,193,59.45,-14.11,-20.5,-7.72,-67.157,0.077,13
"[-299,-200]",HR≥45/EDG≥-5.0/CV≤-/μ≥-/TP≥55,59.45,-5.0,,,55.0,538,476,283,193,59.45,-14.11,-20.5,-7.72,-67.157,0.077,13
"[-299,-200]",HR≥45/EDG≥-5.0/CV≤-/μ≥-/TP≥60,59.45,-5.0,,,60.0,538,476,283,193,59.45,-14.11,-20.5,-7.72,-67.157,0.077,13
"[-299,-200]",HR≥45/EDG≥-5.0/CV≤-/μ≥-/TP≥65,58.39,-5.0,,,65.0,477,423,247,176,58.39,-16.03,-22.8,-9.26,-67.809,0.077,13
"[-299,-200]",HR≥45/EDG≥-5.0/CV≤-/μ≥0.0/TP≥-,59.45,-5.0,,0.0,,538,476,283,193,59.45,-14.11,-20.5,-7.72,-67.157,0.077,13
"[-299,-200]",HR≥45/EDG≥-5.0/CV≤-/μ≥0.0/TP≥50,59.45,-5.0,,0.0,50.0,538,476,283,193,59.45,-14.11,-20.5,-7.72,-67.157,0.077,13
"[-299,-200]",HR≥45/EDG≥-5.0/CV≤-/μ≥0.0/TP≥55,59.45,-5.0,,0.0,55.0,538,476,283,193,59.45,-14.11,-20.5,-7.72,-67.157,0.077,13
"[-299,-200]",HR≥45/EDG≥-5.0/CV≤-/μ≥0.0/TP≥60,59.45,-5.0,,0.0,60.0,538,476,283,193,59.45,-14.11,-20.5,-7.72,-67.157,0.077,13
"[-299,-200]",HR≥45/EDG≥-5.0/CV≤-/μ≥0.0/TP≥65,58.39,-5.0,,0.0,65.0,477,423,247,176,58.39,-16.03,-22.8,-9.26,-67.809,0.077,13
"[-299,-200]",HR≥45/EDG≥-5.0/CV≤-/μ≥0.5/TP≥-,59.33,-5.0,,0.5,,507,450,267,183,59.33,-14.37,-20.94,-7.8,-64.658,0.154,13
"[-299,-200]",HR≥45/EDG≥-5.0/CV≤-/μ≥0.5/TP≥50,59.33,-5.0,,0.5,50.0,507,450,267,183,59.33,-14.37,-20.94,-7.8,-64.658,0.154,13
"[-299,-200]",HR≥45/EDG≥-5.0/CV≤-/μ≥0.5/TP≥55,59.33,-5.0,,0.5,55.0,507,450,267,183,59.33,-14.37,-20.94,-7.8,-64.658,0.154,13
"[-299,-200]",HR≥45/EDG≥-5.0/CV≤-/μ≥0.5/TP≥60,59.33,-5.0,,0.5,60.0,507,450,267,183,59.33,-14.37,-20.94,-7.8,-64.658,0.154,13
"[-299,-200]",HR≥45/EDG≥-5.0/CV≤-/μ≥0.5/TP≥65,58.81,-5.0,,0.5,65.0,452,403,237,166,58.81,-15.47,-22.39,-8.54,-62.334,0.077,13
"[-299,-200]",HR≥45/EDG≥-5.0/CV≤-/μ≥1.0/TP≥-,61.94,-5.0,,1.0,,355,310,192,118,61.94,-10.85,-18.66,-3.05,-33.649,0.154,13
"[-299,-200]",HR≥45/EDG≥-5.0/CV≤-/μ≥1.0/TP≥50,61.94,-5.0,,1.0,50.0,355,310,192,118,61.94,-10.85,-18.66,-3.05,-33.649,0.154,13
"[-299,-200]",HR≥45/EDG≥-5.0/CV≤-/μ≥1.0/TP≥55,61.94,-5.0,,1.0,55.0,355,310,192,118,61.94,-10.85,-18.66,-3.05,-33.649,0.154,13
"[-299,-200]",HR≥45/EDG≥-5.0/CV≤-/μ≥1.0/TP≥60,61.94,-5.0,,1.0,60.0,355,310,192,118,61.94,-10.85,-18.66,-3.05,-33.649,0.154,13
"[-299,-200]",HR≥45/EDG≥-5.0/CV≤-/μ≥1.0/TP≥65,62.33,-5.0,,1.0,65.0,335,292,182,110,62.33,-10.46,-18.47,-2.45,-30.532,0.231,13
"[-299,-200]",HR≥45/EDG≥-5.0/CV≤0.7/μ≥-/TP≥-,56.25,-5.0,0.7,,,53,48,27,21,56.25,-19.8,-40.06,0.47,-9.502,0.182,11
"[-299,-200]",HR≥45/EDG≥-5.0/CV≤0.7/μ≥-/TP≥50,56.25,-5.0,0.7,,50.0,53,48,27,21,56.25,-19.8,-40.06,0.47,-9.502,0.182,11
"[-299,-200]",HR≥45/EDG≥-5.0/CV≤0.7/μ≥-/TP≥55,56.25,-5.0,0.7,,55.0,53,48,27,21,56.25,-19.8,-40.06,0.47,-9.502,0.182,11
"[-299,-200]",HR≥45/EDG≥-5.0/CV≤0.7/μ≥-/TP≥60,56.25,-5.0,0.7,,60.0,53,48,27,21,56.25,-19.8,-40.06,0.47,-9.502,0.182,11
"[-299,-200]",HR≥45/EDG≥-5.0/CV≤0.7/μ≥-/TP≥65,57.78,-5.0,0.7,,65.0,50,45,26,19,57.78,-17.78,-38.59,3.03,-8.002,0.273,11
"[-299,-200]",HR≥45/EDG≥-5.0/CV≤0.7/μ≥0.0/TP≥-,56.25,-5.0,0.7,0.0,,53,48,27,21,56.25,-19.8,-40.06,0.47,-9.502,0.182,11
"[-299,-200]",HR≥45/EDG≥-5.0/CV≤0.7/μ≥0.0/TP≥50,56.25,-5.0,0.7,0.0,50.0,53,48,27,21,56.25,-19.8,-40.06,0.47,-9.502,0.182,11
"[-299,-200]",HR≥45/EDG≥-5.0/CV≤0.7/μ≥0.0/TP≥55,56.25,-5.0,0.7,0.0,55.0,53,48,27,21,56.25,-19.8,-40.06,0.47,-9.502,0.182,11
"[-299,-200]",HR≥45/EDG≥-5.0/CV≤0.7/μ≥0.0/TP≥60,56.25,-5.0,0.7,0.0,60.0,53,48,27,21,56.25,-19.8,-40.06,0.47,-9.502,0.182,11
"[-299,-200]",HR≥45/EDG≥-5.0/CV≤0.7/μ≥0.0/TP≥65,57.78,-5.0,0.7,0.0,65.0,50,45,26,19,57.78,-17.78,-38.59,3.03,-8.002,0.273,11
"[-299,-200]",HR≥45/EDG≥-5.0/CV≤0.7/μ≥0.5/TP≥-,58.14,-5.0,0.7,0.5,,47,43,25,18,58.14,-17.34,-38.6,3.92,-7.456,0.273,11
"[-299,-200]",HR≥45/EDG≥-5.0/CV≤0.7/μ≥0.5/TP≥50,58.14,-5.0,0.7,0.5,50.0,47,43,25,18,58.14,-17.34,-38.6,3.92,-7.456,0.273,11
"[-299,-200]",HR≥45/EDG≥-5.0/CV≤0.7/μ≥0.5/TP≥55,58.14,-5.0,0.7,0.5,55.0,47,43,25,18,58.14,-17.34,-38.6,3.92,-7.456,0.273,11
"[-299,-200]",HR≥45/EDG≥-5.0/CV≤0.7/μ≥0.5/TP≥60,58.14,-5.0,0.7,0.5,60.0,47,43,25,18,58.14,-17.34,-38.6,3.92,-7.456,0.273,11
"[-299,-200]",HR≥45/EDG≥-5.0/CV≤0.7/μ≥0.5/TP≥65,60.0,-5.0,0.7,0.5,65.0,44,40,24,16,60.0,-14.89,-36.75,6.96,-5.956,0.364,11
"[-299,-200]",HR≥45/EDG≥-5.0/CV≤0.7/μ≥1.0/TP≥-,65.62,-5.0,0.7,1.0,,35,32,21,11,65.62,-6.83,-30.63,16.98,-2.185,0.636,11
"[-299,-200]",HR≥45/EDG≥-5.0/CV≤0.7/μ≥1.0/TP≥50,65.62,-5.0,0.7,1.0,50.0,35,32,21,11,65.62,-6.83,-30.63,16.98,-2.185,0.636,11
"[-299,-200]",HR≥45/EDG≥-5.0/CV≤0.7/μ≥1.0/TP≥55,65.62,-5.0,0.7,1.0,55.0,35,32,21,11,65.62,-6.83,-30.63,16.98,-2.185,0.636,11
"[-299,-200]",HR≥45/EDG≥-5.0/CV≤0.7/μ≥1.0/TP≥60,65.62,-5.0,0.7,1.0,60.0,35,32,21,11,65.62,-6.83,-30.63,16.98,-2.185,0.636,11
"[-299,-200]",HR≥45/EDG≥-5.0/CV≤0.7/μ≥1.0/TP≥65,64.52,-5.0,0.7,1.0,65.0,34,31,20,11,64.52,-8.66,-32.97,15.64,-2.685,0.636,11
"[-299,-200]",HR≥45/EDG≥0.0/CV≤-/μ≥-/TP≥-,58.79,0.0,,,,434,381,224,157,58.79,-15.17,-22.32,-8.02,-57.784,0.077,13
"[-299,-200]",HR≥45/EDG≥0.0/CV≤-/μ≥-/TP≥50,58.79,0.0,,,50.0,434,381,224,157,58.79,-15.17,-22.32,-8.02,-57.784,0.077,13
"[-299,-200]",HR≥45/EDG≥0.0/CV≤-/μ≥-/TP≥55,58.79,0.0,,,55.0,434,381,224,157,58.79,-15.17,-22.32,-8.02,-57.784,0.077,13
"[-299,-200]",HR≥45/EDG≥0.0/CV≤-/μ≥-/TP≥60,58.79,0.0,,,60.0,434,381,224,157,58.79,-15.17,-22.32,-8.02,-57.784,0.077,13
"[-299,-200]",HR≥45/EDG≥0.0/CV≤-/μ≥-/TP≥65,59.0,0.0,,,65.0,411,361,213,148,59.0,-15.02,-22.35,-7.7,-54.236,0.077,13
"[-299,-200]",HR≥45/EDG≥0.0/CV≤-/μ≥0.0/TP≥-,58.79,0.0,,0.0,,434,381,224,157,58.79,-15.17,-22.32,-8.02,-57.784,0.077,13
"[-299,-200]",HR≥45/EDG≥0.0/CV≤-/μ≥0.0/TP≥50,58.79,0.0,,0.0,50.0,434,381,224,157,58.79,-15.17,-22.32,-8.02,-57.784,0.077,13
"[-299,-200]",HR≥45/EDG≥0.0/CV≤-/μ≥0.0/TP≥55,58.79,0.0,,0.0,55.0,434,381,224,157,58.79,-15.17,-22.32,-8.02,-57.784,0.077,13
"[-299,-200]",HR≥45/EDG≥0.0/CV≤-/μ≥0.0/TP≥60,58.79,0.0,,0.0,60.0,434,381,224,157,58.79,-15.17,-22.32,-8.02,-57.784,0.077,13
"[-299,-200]",HR≥45/EDG≥0.0/CV≤-/μ≥0.0/TP≥65,59.0,0.0,,0.0,65.0,411,361,213,148,59.0,-15.02,-22.35,-7.7,-54.236,0.077,13
"[-299,-200]",HR≥45/EDG≥0.0/CV≤-/μ≥0.5/TP≥-,58.6,0.0,,0.5,,421,372,218,154,58.6,-15.52,-22.76,-8.29,-57.738,0.077,13
"[-299,-200]",HR≥45/EDG≥0.0/CV≤-/μ≥0.5/TP≥50,58.6,0.0,,0.5,50.0,421,372,218,154,58.6,-15.52,-22.76,-8.29,-57.738,0.077,13
"[-299,-200]",HR≥45/EDG≥0.0/CV≤-/μ≥0.5/TP≥55,58.6,0.0,,0.5,55.0,421,372,218,154,58.6,-15.52,-22.76,-8.29,-57.738,0.077,13
"[-299,-200]",HR≥45/EDG≥0.0/CV≤-/μ≥0.5/TP≥60,58.6,0.0,,0.5,60.0,421,372,218,154,58.6,-15.52,-22.76,-8.29,-57.738,0.077,13
"[-299,-200]",HR≥45/EDG≥0.0/CV≤-/μ≥0.5/TP≥65,58.92,0.0,,0.5,65.0,399,353,208,145,58.92,-15.21,-22.62,-7.8,-53.691,0.077,13
"[-299,-200]",HR≥45/EDG≥0.0/CV≤-/μ≥1.0/TP≥-,60.75,0.0,,1.0,,337,293,178,115,60.75,-12.52,-20.59,-4.44,-36.672,0.077,13
"[-299,-200]",HR≥45/EDG≥0.0/CV≤-/μ≥1.0/TP≥50,60.75,0.0,,1.0,50.0,337,293,178,115,60.75,-12.52,-20.59,-4.44,-36.672,0.077,13
"[-299,-200]",HR≥45/EDG≥0.0/CV≤-/μ≥1.0/TP≥55,60.75,0.0,,1.0,55.0,337,293,178,115,60.75,-12.52,-20.59,-4.44,-36.672,0.077,13
"[-299,-200]",HR≥45/EDG≥0.0/CV≤-/μ≥1.0/TP≥60,60.75,0.0,,1.0,60.0,337,293,178,115,60.75,-12.52,-20.59,-4.44,-36.672,0.077,13
"[-299,-200]",HR≥45/EDG≥0.0/CV≤-/μ≥1.0/TP≥65,61.37,0.0,,1.0,65.0,319,277,170,107,61.37,-11.78,-20.05,-3.51,-32.624,0.154,13
"[-299,-200]",HR≥45/EDG≥0.0/CV≤0.7/μ≥-/TP≥-,58.7,0.0,0.7,,,51,46,27,19,58.7,-16.31,-36.86,4.25,-7.502,0.273,11
"[-299,-200]",HR≥45/EDG≥0.0/CV≤0.7/μ≥-/TP≥50,58.7,0.0,0.7,,50.0,51,46,27,19,58.7,-16.31,-36.86,4.25,-7.502,0.273,11
"[-299,-200]",HR≥45/EDG≥0.0/CV≤0.7/μ≥-/TP≥55,58.7,0.0,0.7,,55.0,51,46,27,19,58.7,-16.31,-36.86,4.25,-7.502,0.273,11
"[-299,-200]",HR≥45/EDG≥0.0/CV≤0.7/μ≥-/TP≥60,58.7,0.0,0.7,,60.0,51,46,27,19,58.7,-16.31,-36.86,4.25,-7.502,0.273,11
"[-299,-200]",HR≥45/EDG≥0.0/CV≤0.7/μ≥-/TP≥65,57.78,0.0,0.7,,65.0,50,45,26,19,57.78,-17.78,-38.59,3.03,-8.002,0.273,11
"[-299,-200]",HR≥45/EDG≥0.0/CV≤0.7/μ≥0.0/TP≥-,58.7,0.0,0.7,0.0,,51,46,27,19,58.7,-16.31,-36.86,4.25,-7.502,0.273,11
"[-299,-200]",HR≥45/EDG≥0.0/CV≤0.7/μ≥0.0/TP≥50,58.7,0.0,0.7,0.0,50.0,51,46,27,19,58.7,-16.31,-36.86,4.25,-7.502,0.273,11
"[-299,-200]",HR≥45/EDG≥0.0/CV≤0.7/μ≥0.0/TP≥55,58.7,0.0,0.7,0.0,55.0,51,46,27,19,58.7,-16.31,-36.86,4.25,-7.502,0.273,11
"[-299,-200]",HR≥45/EDG≥0.0/CV≤0.7/μ≥0.0/TP≥60,58.7,0.0,0.7,0.0,60.0,51,46,27,19,58.7,-16.31,-36.86,4.25,-7.502,0.273,11
"[-299,-200]",HR≥45/EDG≥0.0/CV≤0.7/μ≥0.0/TP≥65,57.78,0.0,0.7,0.0,65.0,50,45,26,19,57.78,-17.78,-38.59,3.03,-8.002,0.273,11
"[-299,-200]",HR≥45/EDG≥0.0/CV≤0.7/μ≥0.5/TP≥-,60.98,0.0,0.7,0.5,,45,41,25,16,60.98,-13.31,-34.85,8.23,-5.456,0.364,11
"[-299,-200]",HR≥45/EDG≥0.0/CV≤0.7/μ≥0.5/TP≥50,60.98,0.0,0.7,0.5,50.0,45,41,25,16,60.98,-13.31,-34.85,8.23,-5.456,0.364,11
"[-299,-200]",HR≥45/EDG≥0.0/CV≤0.7/μ≥0.5/TP≥55,60.98,0.0,0.7,0.5,55.0,45,41,25,16,60.98,-13.31,-34.85,8.23,-5.456,0.364,11
"[-299,-200]",HR≥45/EDG≥0.0/CV≤0.7/μ≥0.5/TP≥60,60.98,0.0,0.7,0.5,60.0,45,41,25,16,60.98,-13.31,-34.85,8.23,-5.456,0.364,11
"[-299,-200]",HR≥45/EDG≥0.0/CV≤0.7/μ≥0.5/TP≥65,60.0,0.0,0.7,0.5,65.0,44,40,24,16,60.0,-14.89,-36.75,6.96,-5.956,0.364,11
"[-299,-200]",HR≥45/EDG≥0.0/CV≤0.7/μ≥1.0/TP≥-,65.62,0.0,0.7,1.0,,35,32,21,11,65.62,-6.83,-30.63,16.98,-2.185,0.636,11
"[-299,-200]",HR≥45/EDG≥0.0/CV≤0.7/μ≥1.0/TP≥50,65.62,0.0,0.7,1.0,50.0,35,32,21,11,65.62,-6.83,-30.63,16.98,-2.185,0.636,11
"[-299,-200]",HR≥45/EDG≥0.0/CV≤0.7/μ≥1.0/TP≥55,65.62,0.0,0.7,1.0,55.0,35,32,21,11,65.62,-6.83,-30.63,16.98,-2.185,0.636,11
"[-299,-200]",HR≥45/EDG≥0.0/CV≤0.7/μ≥1.0/TP≥60,65.62,0.0,0.7,1.0,60.0,35,32,21,11,65.62,-6.83,-30.63,16.98,-2.185,0.636,11
"[-299,-200]",HR≥45/EDG≥0.0/CV≤0.7/μ≥1.0/TP≥65,64.52,0.0,0.7,1.0,65.0,34,31,20,11,64.52,-8.66,-32.97,15.64,-2.685,0.636,11
"[-299,-200]",HR≥45/EDG≥5.0/CV≤-/μ≥-/TP≥-,61.02,5.0,,,,360,313,191,122,61.02,-12.05,-19.86,-4.24,-37.709,0.077,13
"[-299,-200]",HR≥45/EDG≥5.0/CV≤-/μ≥-/TP≥50,61.02,5.0,,,50.0,360,313,191,122,61.02,-12.05,-19.86,-4.24,-37.709,0.077,13
"[-299,-200]",HR≥45/EDG≥5.0/CV≤-/μ≥-/TP≥55,61.02,5.0,,,55.0,360,313,191,122,61.02,-12.05,-19.86,-4.24,-37.709,0.077,13
"[-299,-200]",HR≥45/EDG≥5.0/CV≤-/μ≥-/TP≥60,61.02,5.0,,,60.0,360,313,191,122,61.02,-12.05,-19.86,-4.24,-37.709,0.077,13
"[-299,-200]",HR≥45/EDG≥5.0/CV≤-/μ≥-/TP≥65,61.41,5.0,,,65.0,342,298,183,115,61.41,-11.63,-19.61,-3.65,-34.662,0.231,13
"[-299,-200]",HR≥45/EDG≥5.0/CV≤-/μ≥0.0/TP≥-,61.02,5.0,,0.0,,360,313,191,122,61.02,-12.05,-19.86,-4.24,-37.709,0.077,13
"[-299,-200]",HR≥45/EDG≥5.0/CV≤-/μ≥0.0/TP≥50,61.02,5.0,,0.0,50.0,360,313,191,122,61.02,-12.05,-19.86,-4.24,-37.709,0.077,13
"[-299,-200]",HR≥45/EDG≥5.0/CV≤-/μ≥0.0/TP≥55,61.02,5.0,,0.0,55.0,360,313,191,122,61.02,-12.05,-19.86,-4.24,-37.709,0.077,13
"[-299,-200]",HR≥45/EDG≥5.0/CV≤-/μ≥0.0/TP≥60,61.02,5.0,,0.0,60.0,360,313,191,122,61.02,-12.05,-19.86,-4.24,-37.709,0.077,13
"[-299,-200]",HR≥45/EDG≥5.0/CV≤-/μ≥0.0/TP≥65,61.41,5.0,,0.0,65.0,342,298,183,115,61.41,-11.63,-19.61,-3.65,-34.662,0.231,13
"[-299,-200]",HR≥45/EDG≥5.0/CV≤-/μ≥0.5/TP≥-,61.17,5.0,,0.5,,354,309,189,120,61.17,-11.88,-19.73,-4.03,-36.709,0.0,13
"[-299,-200]",HR≥45/EDG≥5.0/CV≤-/μ≥0.5/TP≥50,61.17,5.0,,0.5,50.0,354,309,189,120,61.17,-11.88,-19.73,-4.03,-36.709,0.0,13
"[-299,-200]",HR≥45/EDG≥5.0/CV≤-/μ≥0.5/TP≥55,61.17,5.0,,0.5,55.0,354,309,189,120,61.17,-11.88,-19.73,-4.03,-36.709,0.0,13
"[-299,-200]",HR≥45/EDG≥5.0/CV≤-/μ≥0.5/TP≥60,61.17,5.0,,0.5,60.0,354,309,189,120,61.17,-11.88,-19.73,-4.03,-36.709,0.0,13
"[-299,-200]",HR≥45/EDG≥5.0/CV≤-/μ≥0.5/TP≥65,61.56,5.0,,0.5,65.0,336,294,181,113,61.56,-11.45,-19.47,-3.43,-33.662,0.154,13
"[-299,-200]",HR≥45/EDG≥5.0/CV≤-/μ≥1.0/TP≥-,61.94,5.0,,1.0,,310,268,166,102,61.94,-10.76,-19.17,-2.36,-28.849,0.154,13
"[-299,-200]",HR≥45/EDG≥5.0/CV≤-/μ≥1.0/TP≥50,61.94,5.0,,1.0,50.0,310,268,166,102,61.94,-10.76,-19.17,-2.36,-28.849,0.154,13
"[-299,-200]",HR≥45/EDG≥5.0/CV≤-/μ≥1.0/TP≥55,61.94,5.0,,1.0,55.0,310,268,166,102,61.94,-10.76,-19.17,-2.36,-28.849,0.154,13
"[-299,-200]",HR≥45/EDG≥5.0/CV≤-/μ≥1.0/TP≥60,61.94,5.0,,1.0,60.0,310,268,166,102,61.94,-10.76,-19.17,-2.36,-28.849,0.154,13
"[-299,-200]",HR≥45/EDG≥5.0/CV≤-/μ≥1.0/TP≥65,62.45,5.0,,1.0,65.0,293,253,158,95,62.45,-10.2,-18.81,-1.59,-25.801,0.308,13
"[-299,-200]",HR≥45/EDG≥5.0/CV≤0.7/μ≥-/TP≥-,58.54,5.0,0.7,,,46,41,24,17,58.54,-16.53,-38.35,5.29,-6.776,0.364,11
"[-299,-200]",HR≥45/EDG≥5.0/CV≤0.7/μ≥-/TP≥50,58.54,5.0,0.7,,50.0,46,41,24,17,58.54,-16.53,-38.35,5.29,-6.776,0.364,11
"[-299,-200]",HR≥45/EDG≥5.0/CV≤0.7/μ≥-/TP≥55,58.54,5.0,0.7,,55.0,46,41,24,17,58.54,-16.53,-38.35,5.29,-6.776,0.364,11
"[-299,-200]",HR≥45/EDG≥5.0/CV≤0.7/μ≥-/TP≥60,58.54,5.0,0.7,,60.0,46,41,24,17,58.54,-16.53,-38.35,5.29,-6.776,0.364,11
"[-299,-200]",HR≥45/EDG≥5.0/CV≤0.7/μ≥-/TP≥65,57.5,5.0,0.7,,65.0,45,40,23,17,57.5,-18.19,-40.31,3.93,-7.276,0.273,11
"[-299,-200]",HR≥45/EDG≥5.0/CV≤0.7/μ≥0.0/TP≥-,58.54,5.0,0.7,0.0,,46,41,24,17,58.54,-16.53,-38.35,5.29,-6.776,0.364,11
"[-299,-200]",HR≥45/EDG≥5.0/CV≤0.7/μ≥0.0/TP≥50,58.54,5.0,0.7,0.0,50.0,46,41,24,17,58.54,-16.53,-38.35,5.29,-6.776,0.364,11
"[-299,-200]",HR≥45/EDG≥5.0/CV≤0.7/μ≥0.0/TP≥55,58.54,5.0,0.7,0.0,55.0,46,41,24,17,58.54,-16.53,-38.35,5.29,-6.776,0.364,11
"[-299,-200]",HR≥45/EDG≥5.0/CV≤0.7/μ≥0.0/TP≥60,58.54,5.0,0.7,0.0,60.0,46,41,24,17,58.54,-16.53,-38.35,5.29,-6.776,0.364,11
"[-299,-200]",HR≥45/EDG≥5.0/CV≤0.7/μ≥0.0/TP≥65,57.5,5.0,0.7,0.0,65.0,45,40,23,17,57.5,-18.19,-40.31,3.93,-7.276,0.273,11
"[-299,-200]",HR≥45/EDG≥5.0/CV≤0.7/μ≥0.5/TP≥-,60.53,5.0,0.7,0.5,,42,38,23,15,60.53,-13.88,-36.34,8.58,-5.276,0.455,11
"[-299,-200]",HR≥45/EDG≥5.0/CV≤0.7/μ≥0.5/TP≥50,60.53,5.0,0.7,0.5,50.0,42,38,23,15,60.53,-13.88,-36.34,8.58,-5.276,0.455,11
"[-299,-200]",HR≥45/EDG≥5.0/CV≤0.7/μ≥0.5/TP≥55,60.53,5.0,0.7,0.5,55.0,42,38,23,15,60.53,-13.88,-36.34,8.58,-5.276,0.455,11
"[-299,-200]",HR≥45/EDG≥5.0/CV≤0.7/μ≥0.5/TP≥60,60.53,5.0,0.7,0.5,60.0,42,38,23,15,60.53,-13.88,-36.34,8.58,-5.276,0.455,11
"[-299,-200]",HR≥45/EDG≥5.0/CV≤0.7/μ≥0.5/TP≥65,59.46,5.0,0.7,0.5,65.0,41,37,22,15,59.46,-15.61,-38.42,7.2,-5.776,0.364,11
"[-299,-200]",HR≥45/EDG≥5.0/CV≤0.7/μ≥1.0/TP≥-,65.62,5.0,0.7,1.0,,35,32,21,11,65.62,-6.83,-30.63,16.98,-2.185,0.636,11
"[-299,-200]",HR≥45/EDG≥5.0/CV≤0.7/μ≥1.0/TP≥50,65.62,5.0,0.7,1.0,50.0,35,32,21,11,65.62,-6.83,-30.63,16.98,-2.185,0.636,11
"[-299,-200]",HR≥45/EDG≥5.0/CV≤0.7/μ≥1.0/TP≥55,65.62,5.0,0.7,1.0,55.0,35,32,21,11,65.62,-6.83,-30.63,16.98,-2.185,0.636,11
"[-299,-200]",HR≥45/EDG≥5.0/CV≤0.7/μ≥1.0/TP≥60,65.62,5.0,0.7,1.0,60.0,35,32,21,11,65.62,-6.83,-30.63,16.98,-2.185,0.636,11
"[-299,-200]",HR≥45/EDG≥5.0/CV≤0.7/μ≥1.0/TP≥65,64.52,5.0,0.7,1.0,65.0,34,31,20,11,64.52,-8.66,-32.97,15.64,-2.685,0.636,11
"[-299,-200]",HR≥45/EDG≥10.0/CV≤-/μ≥-/TP≥-,64.23,10.0,,,,287,246,158,88,64.23,-7.25,-15.93,1.43,-17.84,0.308,13
"[-299,-200]",HR≥45/EDG≥10.0/CV≤-/μ≥-/TP≥50,64.23,10.0,,,50.0,287,246,158,88,64.23,-7.25,-15.93,1.43,-17.84,0.308,13
"[-299,-200]",HR≥45/EDG≥10.0/CV≤-/μ≥-/TP≥55,64.23,10.0,,,55.0,287,246,158,88,64.23,-7.25,-15.93,1.43,-17.84,0.308,13
"[-299,-200]",HR≥45/EDG≥10.0/CV≤-/μ≥-/TP≥60,64.23,10.0,,,60.0,287,246,158,88,64.23,-7.25,-15.93,1.43,-17.84,0.308,13
"[-299,-200]",HR≥45/EDG≥10.0/CV≤-/μ≥-/TP≥65,64.26,10.0,,,65.0,275,235,151,84,64.26,-7.36,-16.23,1.51,-17.293,0.385,13
"[-299,-200]",HR≥45/EDG≥10.0/CV≤-/μ≥0.0/TP≥-,64.23,10.0,,0.0,,287,246,158,88,64.23,-7.25,-15.93,1.43,-17.84,0.308,13
"[-299,-200]",HR≥45/EDG≥10.0/CV≤-/μ≥0.0/TP≥50,64.23,10.0,,0.0,50.0,287,246,158,88,64.23,-7.25,-15.93,1.43,-17.84,0.308,13
"[-299,-200]",HR≥45/EDG≥10.0/CV≤-/μ≥0.0/TP≥55,64.23,10.0,,0.0,55.0,287,246,158,88,64.23,-7.25,-15.93,1.43,-17.84,0.308,13
"[-299,-200]",HR≥45/EDG≥10.0/CV≤-/μ≥0.0/TP≥60,64.23,10.0,,0.0,60.0,287,246,158,88,64.23,-7.25,-15.93,1.43,-17.84,0.308,13
"[-299,-200]",HR≥45/EDG≥10.0/CV≤-/μ≥0.0/TP≥65,64.26,10.0,,0.0,65.0,275,235,151,84,64.26,-7.36,-16.23,1.51,-17.293,0.385,13
"[-299,-200]",HR≥45/EDG≥10.0/CV≤-/μ≥0.5/TP≥-,64.23,10.0,,0.5,,286,246,158,88,64.23,-7.25,-15.93,1.43,-17.84,0.308,13
"[-299,-200]",HR≥45/EDG≥10.0/CV≤-/μ≥0.5/TP≥50,64.23,10.0,,0.5,50.0,286,246,158,88,64.23,-7.25,-15.93,1.43,-17.84,0.308,13
"[-299,-200]",HR≥45/EDG≥10.0/CV≤-/μ≥0.5/TP≥55,64.23,10.0,,0.5,55.0,286,246,158,88,64.23,-7.25,-15.93,1.43,-17.84,0.308,13
"[-299,-200]",HR≥45/EDG≥10.0/CV≤-/μ≥0.5/TP≥60,64.23,10.0,,0.5,60.0,286,246,158,88,64.23,-7.25,-15.93,1.43,-17.84,0.308,13
"[-299,-200]",HR≥45/EDG≥10.0/CV≤-/μ≥0.5/TP≥65,64.26,10.0,,0.5,65.0,274,235,151,84,64.26,-7.36,-16.23,1.51,-17.293,0.385,13
"[-299,-200]",HR≥45/EDG≥10.0/CV≤-/μ≥1.0/TP≥-,63.88,10.0,,1.0,,265,227,145,82,63.88,-7.85,-16.9,1.2,-17.818,0.385,13
"[-299,-200]",HR≥45/EDG≥10.0/CV≤-/μ≥1.0/TP≥50,63.88,10.0,,1.0,50.0,265,227,145,82,63.88,-7.85,-16.9,1.2,-17.818,0.385,13
"[-299,-200]",HR≥45/EDG≥10.0/CV≤-/μ≥1.0/TP≥55,63.88,10.0,,1.0,55.0,265,227,145,82,63.88,-7.85,-16.9,1.2,-17.818,0.385,13
"[-299,-200]",HR≥45/EDG≥10.0/CV≤-/μ≥1.0/TP≥60,63.88,10.0,,1.0,60.0,265,227,145,82,63.88,-7.85,-16.9,1.2,-17.818,0.385,13
"[-299,-200]",HR≥45/EDG≥10.0/CV≤-/μ≥1.0/TP≥65,63.89,10.0,,1.0,65.0,253,216,138,78,63.89,-8.0,-17.26,1.27,-17.27,0.308,13
"[-299,-200]",HR≥45/EDG≥10.0/CV≤0.7/μ≥-/TP≥-,66.67,10.0,0.7,,,37,33,22,11,66.67,-4.93,-28.28,18.43,-1.627,0.545,11
"[-299,-200]",HR≥45/EDG≥10.0/CV≤0.7/μ≥-/TP≥50,66.67,10.0,0.7,,50.0,37,33,22,11,66.67,-4.93,-28.28,18.43,-1.627,0.545,11
"[-299,-200]",HR≥45/EDG≥10.0/CV≤0.7/μ≥-/TP≥55,66.67,10.0,0.7,,55.0,37,33,22,11,66.67,-4.93,-28.28,18.43,-1.627,0.545,11
"[-299,-200]",HR≥45/EDG≥10.0/CV≤0.7/μ≥-/TP≥60,66.67,10.0,0.7,,60.0,37,33,22,11,66.67,-4.93,-28.28,18.43,-1.627,0.545,11
"[-299,-200]",HR≥45/EDG≥10.0/CV≤0.7/μ≥-/TP≥65,65.62,10.0,0.7,,65.0,36,32,21,11,65.62,-6.65,-30.49,17.2,-2.127,0.545,11
"[-299,-200]",HR≥45/EDG≥10.0/CV≤0.7/μ≥0.0/TP≥-,66.67,10.0,0.7,0.0,,37,33,22,11,66.67,-4.93,-28.28,18.43,-1.627,0.545,11
"[-299,-200]",HR≥45/EDG≥10.0/CV≤0.7/μ≥0.0/TP≥50,66.67,10.0,0.7,0.0,50.0,37,33,22,11,66.67,-4.93,-28.28,18.43,-1.627,0.545,11
"[-299,-200]",HR≥45/EDG≥10.0/CV≤0.7/μ≥0.0/TP≥55,66.67,10.0,0.7,0.0,55.0,37,33,22,11,66.67,-4.93,-28.28,18.43,-1.627,0.545,11
"[-299,-200]",HR≥45/EDG≥10.0/CV≤0.7/μ≥0.0/TP≥60,66.67,10.0,0.7,0.0,60.0,37,33,22,11,66.67,-4.93,-28.28,18.43,-1.627,0.545,11
"[-299,-200]",HR≥45/EDG≥10.0/CV≤0.7/μ≥0.0/TP≥65,65.62,10.0,0.7,0.0,65.0,36,32,21,11,65.62,-6.65,-30.49,17.2,-2.127,0.545,11
"[-299,-200]",HR≥45/EDG≥10.0/CV≤0.7/μ≥0.5/TP≥-,66.67,10.0,0.7,0.5,,37,33,22,11,66.67,-4.93,-28.28,18.43,-1.627,0.545,11
"[-299,-200]",HR≥45/EDG≥10.0/CV≤0.7/μ≥0.5/TP≥50,66.67,10.0,0.7,0.5,50.0,37,33,22,11,66.67,-4.93,-28.28,18.43,-1.627,0.545,11
"[-299,-200]",HR≥45/EDG≥10.0/CV≤0.7/μ≥0.5/TP≥55,66.67,10.0,0.7,0.5,55.0,37,33,22,11,66.67,-4.93,-28.28,18.43,-1.627,0.545,11
"[-299,-200]",HR≥45/EDG≥10.0/CV≤0.7/μ≥0.5/TP≥60,66.67,10.0,0.7,0.5,60.0,37,33,22,11,66.67,-4.93,-28.28,18.43,-1.627,0.545,11
"[-299,-200]",HR≥45/EDG≥10.0/CV≤0.7/μ≥0.5/TP≥65,65.62,10.0,0.7,0.5,65.0,36,32,21,11,65.62,-6.65,-30.49,17.2,-2.127,0.545,11
"[-299,-200]",HR≥45/EDG≥10.0/CV≤0.7/μ≥1.0/TP≥-,66.67,10.0,0.7,1.0,,33,30,20,10,66.67,-5.12,-29.61,19.37,-1.536,0.636,11
"[-299,-200]",HR≥45/EDG≥10.0/CV≤0.7/μ≥1.0/TP≥50,66.67,10.0,0.7,1.0,50.0,33,30,20,10,66.67,-5.12,-29.61,19.37,-1.536,0.636,11
"[-299,-200]",HR≥45/EDG≥10.0/CV≤0.7/μ≥1.0/TP≥55,66.67,10.0,0.7,1.0,55.0,33,30,20,10,66.67,-5.12,-29.61,19.37,-1.536,0.636,11
"[-299,-200]",HR≥45/EDG≥10.0/CV≤0.7/μ≥1.0/TP≥60,66.67,10.0,0.7,1.0,60.0,33,30,20,10,66.67,-5.12,-29.61,19.37,-1.536,0.636,11
"[-299,-200]",HR≥50/EDG≥-/CV≤-/μ≥-/TP≥-,59.02,,,,,640,571,337,234,59.02,-14.94,-20.76,-9.11,-85.291,0.077,13
"[-299,-200]",HR≥50/EDG≥-/CV≤-/μ≥-/TP≥50,58.95,,,,50.0,639,570,336,234,58.95,-15.03,-20.86,-9.19,-85.655,0.077,13
"[-299,-200]",HR≥50/EDG≥-/CV≤-/μ≥-/TP≥55,58.86,,,,55.0,628,559,329,230,58.86,-15.17,-21.06,-9.27,-84.774,0.077,13
"[-299,-200]",HR≥50/EDG≥-/CV≤-/μ≥-/TP≥60,59.59,,,,60.0,601,532,317,215,59.59,-14.1,-20.13,-8.07,-75.014,0.077,13
"[-299,-200]",HR≥50/EDG≥-/CV≤-/μ≥-/TP≥65,57.93,,,,65.0,490,435,252,183,57.93,-16.81,-23.49,-10.13,-73.128,0.077,13
"[-299,-200]",HR≥50/EDG≥-/CV≤-/μ≥0.0/TP≥-,58.95,,,0.0,,639,570,336,234,58.95,-15.03,-20.86,-9.19,-85.655,0.077,13
"[-299,-200]",HR≥50/EDG≥-/CV≤-/μ≥0.0/TP≥50,58.95,,,0.0,50.0,639,570,336,234,58.95,-15.03,-20.86,-9.19,-85.655,0.077,13
"[-299,-200]",HR≥50/EDG≥-/CV≤-/μ≥0.0/TP≥55,58.86,,,0.0,55.0,628,559,329,230,58.86,-15.17,-21.06,-9.27,-84.774,0.077,13
"[-299,-200]",HR≥50/EDG≥-/CV≤-/μ≥0.0/TP≥60,59.59,,,0.0,60.0,601,532,317,215,59.59,-14.1,-20.13,-8.07,-75.014,0.077,13
"[-299,-200]",HR≥50/EDG≥-/CV≤-/μ≥0.0/TP≥65,57.93,,,0.0,65.0,490,435,252,183,57.93,-16.81,-23.49,-10.13,-73.128,0.077,13
"[-299,-200]",HR≥50/EDG≥-/CV≤-/μ≥0.5/TP≥-,59.8,,,0.5,,561,500,299,201,59.8,-13.91,-20.11,-7.7,-69.527,0.077,13
"[-299,-200]",HR≥50/EDG≥-/CV≤-/μ≥0.5/TP≥50,59.8,,,0.5,50.0,561,500,299,201,59.8,-13.91,-20.11,-7.7,-69.527,0.077,13
"[-299,-200]",HR≥50/EDG≥-/CV≤-/μ≥0.5/TP≥55,59.8,,,0.5,55.0,561,500,299,201,59.8,-13.91,-20.11,-7.7,-69.527,0.077,13
"[-299,-200]",HR≥50/EDG≥-/CV≤-/μ≥0.5/TP≥60,59.48,,,0.5,60.0,557,496,295,201,59.48,-14.36,-20.6,-8.12,-71.231,0.077,13
"[-299,-200]",HR≥50/EDG≥-/CV≤-/μ≥0.5/TP≥65,58.07,,,0.5,65.0,465,415,241,174,58.07,-16.64,-23.47,-9.81,-69.053,0.077,13
"[-299,-200]",HR≥50/EDG≥-/CV≤-/μ≥1.0/TP≥-,61.46,,,1.0,,359,314,193,121,61.46,-11.59,-19.35,-3.82,-36.38,0.154,13
"[-299,-200]",HR≥50/EDG≥-/CV≤-/μ≥1.0/TP≥50,61.46,,,1.0,50.0,359,314,193,121,61.46,-11.59,-19.35,-3.82,-36.38,0.154,13
"[-299,-200]",HR≥50/EDG≥-/CV≤-/μ≥1.0/TP≥55,61.46,,,1.0,55.0,359,314,193,121,61.46,-11.59,-19.35,-3.82,-36.38,0.154,13
"[-299,-200]",HR≥50/EDG≥-/CV≤-/μ≥1.0/TP≥60,61.46,,,1.0,60.0,359,314,193,121,61.46,-11.59,-19.35,-3.82,-36.38,0.154,13
"[-299,-200]",HR≥50/EDG≥-/CV≤-/μ≥1.0/TP≥65,62.03,,,1.0,65.0,338,295,183,112,62.03,-10.94,-18.91,-2.96,-32.263,0.231,13
"[-299,-200]",HR≥50/EDG≥-/CV≤0.7/μ≥-/TP≥-,54.0,,0.7,,,55,50,27,23,54.0,-23.0,-42.94,-3.07,-11.502,0.182,11
"[-299,-200]",HR≥50/EDG≥-/CV≤0.7/μ≥-/TP≥50,54.0,,0.7,,50.0,55,50,27,23,54.0,-23.0,-42.94,-3.07,-11.502,0.182,11
"[-299,-200]",HR≥50/EDG≥-/CV≤0.7/μ≥-/TP≥55,54.0,,0.7,,55.0,55,50,27,23,54.0,-23.0,-42.94,-3.07,-11.502,0.182,11
"[-299,-200]",HR≥50/EDG≥-/CV≤0.7/μ≥-/TP≥60,55.1,,0.7,,60.0,54,49,27,22,55.1,-21.43,-41.53,-1.33,-10.502,0.182,11
"[-299,-200]",HR≥50/EDG≥-/CV≤0.7/μ≥-/TP≥65,57.78,,0.7,,65.0,50,45,26,19,57.78,-17.78,-38.59,3.03,-8.002,0.273,11
"[-299,-200]",HR≥50/EDG≥-/CV≤0.7/μ≥0.0/TP≥-,54.0,,0.7,0.0,,55,50,27,23,54.0,-23.0,-42.94,-3.07,-11.502,0.182,11
"[-299,-200]",HR≥50/EDG≥-/CV≤0.7/μ≥0.0/TP≥50,54.0,,0.7,0.0,50.0,55,50,27,23,54.0,-23.0,-42.94,-3.07,-11.502,0.182,11
"[-299,-200]",HR≥50/EDG≥-/CV≤0.7/μ≥0.0/TP≥55,54.0,,0.7,0.0,55.0,55,50,27,23,54.0,-23.0,-42.94,-3.07,-11.502,0.182,11
"[-299,-200]",HR≥50/EDG≥-/CV≤0.7/μ≥0.0/TP≥60,55.1,,0.7,0.0,60.0,54,49,27,22,55.1,-21.43,-41.53,-1.33,-10.502,0.182,11
"[-299,-200]",HR≥50/EDG≥-/CV≤0.7/μ≥0.0/TP≥65,57.78,,0.7,0.0,65.0,50,45,26,19,57.78,-17.78,-38.59,3.03,-8.002,0.273,11
"[-299,-200]",HR≥50/EDG≥-/CV≤0.7/μ≥0.5/TP≥-,56.82,,0.7,0.5,,48,44,25,19,56.82,-19.22,-40.31,1.87,-8.456,0.182,11
"[-299,-200]",HR≥50/EDG≥-/CV≤0.7/μ≥0.5/TP≥50,56.82,,0.7,0.5,50.0,48,44,25,19,56.82,-19.22,-40.31,1.87,-8.456,0.182,11
"[-299,-200]",HR≥50/EDG≥-/CV≤0.7/μ≥0.5/TP≥55,56.82,,0.7,0.5,55.0,48,44,25,19,56.82,-19.22,-40.31,1.87,-8.456,0.182,11
"[-299,-200]",HR≥50/EDG≥-/CV≤0.7/μ≥0.5/TP≥60,56.82,,0.7,0.5,60.0,48,44,25,19,56.82,-19.22,-40.31,1.87,-8.456,0.182,11
"[-299,-200]",HR≥50/EDG≥-/CV≤0.7/μ≥0.5/TP≥65,60.0,,0.7,0.5,65.0,44,40,24,16,60.0,-14.89,-36.75,6.96,-5.956,0.364,11
"[-299,-200]",HR≥50/EDG≥-/CV≤0.7/μ≥1.0/TP≥-,65.62,,0.7,1.0,,35,32,21,11,65.62,-6.83,-30.63,16.98,-2.185,0.636,11
"[-299,-200]",HR≥50/EDG≥-/CV≤0.7/μ≥1.0/TP≥50,65.62,,0.7,1.0,50.0,35,32,21,11,65.62,-6.83,-30.63,16.98,-2.185,0.636,11
"[-299,-200]",HR≥50/EDG≥-/CV≤0.7/μ≥1.0/TP≥55,65.62,,0.7,1.0,55.0,35,32,21,11,65.62,-6.83,-30.63,16.98,-2.185,0.636,11
"[-299,-200]",HR≥50/EDG≥-/CV≤0.7/μ≥1.0/TP≥60,65.62,,0.7,1.0,60.0,35,32,21,11,65.62,-6.83,-30.63,16.98,-2.185,0.636,11
"[-299,-200]",HR≥50/EDG≥-/CV≤0.7/μ≥1.0/TP≥65,64.52,,0.7,1.0,65.0,34,31,20,11,64.52,-8.66,-32.97,15.64,-2.685,0.636,11
"[-299,-200]",HR≥50/EDG≥-5.0/CV≤-/μ≥-/TP≥-,59.45,-5.0,,,,533,471,280,191,59.45,-14.14,-20.56,-7.72,-66.588,0.077,13
"[-299,-200]",HR≥50/EDG≥-5.0/CV≤-/μ≥-/TP≥50,59.45,-5.0,,,50.0,533,471,280,191,59.45,-14.14,-20.56,-7.72,-66.588,0.077,13
"[-299,-200]",HR≥50/EDG≥-5.0/CV≤-/μ≥-/TP≥55,59.45,-5.0,,,55.0,533,471,280,191,59.45,-14.14,-20.56,-7.72,-66.588,0.077,13
"[-299,-200]",HR≥50/EDG≥-5.0/CV≤-/μ≥-/TP≥60,59.45,-5.0,,,60.0,533,471,280,191,59.45,-14.14,-20.56,-7.72,-66.588,0.077,13
"[-299,-200]",HR≥50/EDG≥-5.0/CV≤-/μ≥-/TP≥65,58.47,-5.0,,,65.0,473,419,245,174,58.47,-15.93,-22.73,-9.13,-66.764,0.077,13
"[-299,-200]",HR≥50/EDG≥-5.0/CV≤-/μ≥0.0/TP≥-,59.45,-5.0,,0.0,,533,471,280,191,59.45,-14.14,-20.56,-7.72,-66.588,0.077,13
"[-299,-200]",HR≥50/EDG≥-5.0/CV≤-/μ≥0.0/TP≥50,59.45,-5.0,,0.0,50.0,533,471,280,191,59.45,-14.14,-20.56,-7.72,-66.588,0.077,13
"[-299,-200]",HR≥50/EDG≥-5.0/CV≤-/μ≥0.0/TP≥55,59.45,-5.0,,0.0,55.0,533,471,280,191,59.45,-14.14,-20.56,-7.72,-66.588,0.077,13
"[-299,-200]",HR≥50/EDG≥-5.0/CV≤-/μ≥0.0/TP≥60,59.45,-5.0,,0.0,60.0,533,471,280,191,59.45,-14.14,-20.56,-7.72,-66.588,0.077,13
"[-299,-200]",HR≥50/EDG≥-5.0/CV≤-/μ≥0.0/TP≥65,58.47,-5.0,,0.0,65.0,473,419,245,174,58.47,-15.93,-22.73,-9.13,-66.764,0.077,13
"[-299,-200]",HR≥50/EDG≥-5.0/CV≤-/μ≥0.5/TP≥-,59.06,-5.0,,0.5,,504,447,264,183,59.06,-14.79,-21.38,-8.19,-66.089,0.154,13
"[-299,-200]",HR≥50/EDG≥-5.0/CV≤-/μ≥0.5/TP≥50,59.06,-5.0,,0.5,50.0,504,447,264,183,59.06,-14.79,-21.38,-8.19,-66.089,0.154,13
"[-299,-200]",HR≥50/EDG≥-5.0/CV≤-/μ≥0.5/TP≥55,59.06,-5.0,,0.5,55.0,504,447,264,183,59.06,-14.79,-21.38,-8.19,-66.089,0.154,13
"[-299,-200]",HR≥50/EDG≥-5.0/CV≤-/μ≥0.5/TP≥60,59.06,-5.0,,0.5,60.0,504,447,264,183,59.06,-14.79,-21.38,-8.19,-66.089,0.154,13
"[-299,-200]",HR≥50/EDG≥-5.0/CV≤-/μ≥0.5/TP≥65,58.6,-5.0,,0.5,65.0,450,401,235,166,58.6,-15.78,-22.73,-8.84,-63.288,0.077,13
"[-299,-200]",HR≥50/EDG≥-5.0/CV≤-/μ≥1.0/TP≥-,61.81,-5.0,,1.0,,354,309,191,118,61.81,-11.04,-18.86,-3.22,-34.104,0.154,13
"[-299,-200]",HR≥50/EDG≥-5.0/CV≤-/μ≥1.0/TP≥50,61.81,-5.0,,1.0,50.0,354,309,191,118,61.81,-11.04,-18.86,-3.22,-34.104,0.154,13
"[-299,-200]",HR≥50/EDG≥-5.0/CV≤-/μ≥1.0/TP≥55,61.81,-5.0,,1.0,55.0,354,309,191,118,61.81,-11.04,-18.86,-3.22,-34.104,0.154,13
"[-299,-200]",HR≥50/EDG≥-5.0/CV≤-/μ≥1.0/TP≥60,61.81,-5.0,,1.0,60.0,354,309,191,118,61.81,-11.04,-18.86,-3.22,-34.104,0.154,13
"[-299,-200]",HR≥50/EDG≥-5.0/CV≤-/μ≥1.0/TP≥65,62.2,-5.0,,1.0,65.0,334,291,181,110,62.2,-10.65,-18.68,-2.62,-30.987,0.231,13
"[-299,-200]",HR≥50/EDG≥-5.0/CV≤0.7/μ≥-/TP≥-,56.25,-5.0,0.7,,,53,48,27,21,56.25,-19.8,-40.06,0.47,-9.502,0.182,11
"[-299,-200]",HR≥50/EDG≥-5.0/CV≤0.7/μ≥-/TP≥50,56.25,-5.0,0.7,,50.0,53,48,27,21,56.25,-19.8,-40.06,0.47,-9.502,0.182,11
"[-299,-200]",HR≥50/EDG≥-5.0/CV≤0.7/μ≥-/TP≥55,56.25,-5.0,0.7,,55.0,53,48,27,21,56.25,-19.8,-40.06,0.47,-9.502,0.182,11
"[-299,-200]",HR≥50/EDG≥-5.0/CV≤0.7/μ≥-/TP≥60,56.25,-5.0,0.7,,60.0,53,48,27,21,56.25,-19.8,-40.06,0.47,-9.502,0.182,11
"[-299,-200]",HR≥50/EDG≥-5.0/CV≤0.7/μ≥-/TP≥65,57.78,-5.0,0.7,,65.0,50,45,26,19,57.78,-17.78,-38.59,3.03,-8.002,0.273,11
"[-299,-200]",HR≥50/EDG≥-5.0/CV≤0.7/μ≥0.0/TP≥-,56.25,-5.0,0.7,0.0,,53,48,27,21,56.25,-19.8,-40.06,0.47,-9.502,0.182,11
"[-299,-200]",HR≥50/EDG≥-5.0/CV≤0.7/μ≥0.0/TP≥50,56.25,-5.0,0.7,0.0,50.0,53,48,27,21,56.25,-19.8,-40.06,0.47,-9.502,0.182,11
"[-299,-200]",HR≥50/EDG≥-5.0/CV≤0.7/μ≥0.0/TP≥55,56.25,-5.0,0.7,0.0,55.0,53,48,27,21,56.25,-19.8,-40.06,0.47,-9.502,0.182,11
"[-299,-200]",HR≥50/EDG≥-5.0/CV≤0.7/μ≥0.0/TP≥60,56.25,-5.0,0.7,0.0,60.0,53,48,27,21,56.25,-19.8,-40.06,0.47,-9.502,0.182,11
"[-299,-200]",HR≥50/EDG≥-5.0/CV≤0.7/μ≥0.0/TP≥65,57.78,-5.0,0.7,0.0,65.0,50,45,26,19,57.78,-17.78,-38.59,3.03,-8.002,0.273,11
"[-299,-200]",HR≥50/EDG≥-5.0/CV≤0.7/μ≥0.5/TP≥-,58.14,-5.0,0.7,0.5,,47,43,25,18,58.14,-17.34,-38.6,3.92,-7.456,0.273,11
"[-299,-200]",HR≥50/EDG≥-5.0/CV≤0.7/μ≥0.5/TP≥50,58.14,-5.0,0.7,0.5,50.0,47,43,25,18,58.14,-17.34,-38.6,3.92,-7.456,0.273,11
"[-299,-200]",HR≥50/EDG≥-5.0/CV≤0.7/μ≥0.5/TP≥55,58.14,-5.0,0.7,0.5,55.0,47,43,25,18,58.14,-17.34,-38.6,3.92,-7.456,0.273,11
"[-299,-200]",HR≥50/EDG≥-5.0/CV≤0.7/μ≥0.5/TP≥60,58.14,-5.0,0.7,0.5,60.0,47,43,25,18,58.14,-17.34,-38.6,3.92,-7.456,0.273,11
"[-299,-200]",HR≥50/EDG≥-5.0/CV≤0.7/μ≥0.5/TP≥65,60.0,-5.0,0.7,0.5,65.0,44,40,24,16,60.0,-14.89,-36.75,6.96,-5.956,0.364,11
"[-299,-200]",HR≥50/EDG≥-5.0/CV≤0.7/μ≥1.0/TP≥-,65.62,-5.0,0.7,1.0,,35,32,21,11,65.62,-6.83,-30.63,16.98,-2.185,0.636,11
"[-299,-200]",HR≥50/EDG≥-5.0/CV≤0.7/μ≥1.0/TP≥50,65.62,-5.0,0.7,1.0,50.0,35,32,21,11,65.62,-6.83,-30.63,16.98,-2.185,0.636,11
"[-299,-200]",HR≥50/EDG≥-5.0/CV≤0.7/μ≥1.0/TP≥55,65.62,-5.0,0.7,1.0,55.0,35,32,21,11,65.62,-6.83,-30.63,16.98,-2.185,0.636,11
"[-299,-200]",HR≥50/EDG≥-5.0/CV≤0.7/μ≥1.0/TP≥60,65.62,-5.0,0.7,1.0,60.0,35,32,21,11,65.62,-6.83,-30.63,16.98,-2.185,0.636,11
"[-299,-200]",HR≥50/EDG≥-5.0/CV≤0.7/μ≥1.0/TP≥65,64.52,-5.0,0.7,1.0,65.0,34,31,20,11,64.52,-8.66,-32.97,15.64,-2.685,0.636,11
"[-299,-200]",HR≥50/EDG≥0.0/CV≤-/μ≥-/TP≥-,58.58,0.0,,,,432,379,222,157,58.58,-15.5,-22.67,-8.32,-58.738,0.077,13
"[-299,-200]",HR≥50/EDG≥0.0/CV≤-/μ≥-/TP≥50,58.58,0.0,,,50.0,432,379,222,157,58.58,-15.5,-22.67,-8.32,-58.738,0.077,13
"[-299,-200]",HR≥50/EDG≥0.0/CV≤-/μ≥-/TP≥55,58.58,0.0,,,55.0,432,379,222,157,58.58,-15.5,-22.67,-8.32,-58.738,0.077,13
"[-299,-200]",HR≥50/EDG≥0.0/CV≤-/μ≥-/TP≥60,58.58,0.0,,,60.0,432,379,222,157,58.58,-15.5,-22.67,-8.32,-58.738,0.077,13
"[-299,-200]",HR≥50/EDG≥0.0/CV≤-/μ≥-/TP≥65,58.77,0.0,,,65.0,409,359,211,148,58.77,-15.37,-22.73,-8.02,-55.191,0.077,13
"[-299,-200]",HR≥50/EDG≥0.0/CV≤-/μ≥0.0/TP≥-,58.58,0.0,,0.0,,432,379,222,157,58.58,-15.5,-22.67,-8.32,-58.738,0.077,13
"[-299,-200]",HR≥50/EDG≥0.0/CV≤-/μ≥0.0/TP≥50,58.58,0.0,,0.0,50.0,432,379,222,157,58.58,-15.5,-22.67,-8.32,-58.738,0.077,13
"[-299,-200]",HR≥50/EDG≥0.0/CV≤-/μ≥0.0/TP≥55,58.58,0.0,,0.0,55.0,432,379,222,157,58.58,-15.5,-22.67,-8.32,-58.738,0.077,13
"[-299,-200]",HR≥50/EDG≥0.0/CV≤-/μ≥0.0/TP≥60,58.58,0.0,,0.0,60.0,432,379,222,157,58.58,-15.5,-22.67,-8.32,-58.738,0.077,13
"[-299,-200]",HR≥50/EDG≥0.0/CV≤-/μ≥0.0/TP≥65,58.77,0.0,,0.0,65.0,409,359,211,148,58.77,-15.37,-22.73,-8.02,-55.191,0.077,13
"[-299,-200]",HR≥50/EDG≥0.0/CV≤-/μ≥0.5/TP≥-,58.38,0.0,,0.5,,419,370,216,154,58.38,-15.86,-23.12,-8.6,-58.693,0.077,13
"[-299,-200]",HR≥50/EDG≥0.0/CV≤-/μ≥0.5/TP≥50,58.38,0.0,,0.5,50.0,419,370,216,154,58.38,-15.86,-23.12,-8.6,-58.693,0.077,13
"[-299,-200]",HR≥50/EDG≥0.0/CV≤-/μ≥0.5/TP≥55,58.38,0.0,,0.5,55.0,419,370,216,154,58.38,-15.86,-23.12,-8.6,-58.693,0.077,13
"[-299,-200]",HR≥50/EDG≥0.0/CV≤-/μ≥0.5/TP≥60,58.38,0.0,,0.5,60.0,419,370,216,154,58.38,-15.86,-23.12,-8.6,-58.693,0.077,13
"[-299,-200]",HR≥50/EDG≥0.0/CV≤-/μ≥0.5/TP≥65,58.69,0.0,,0.5,65.0,397,351,206,145,58.69,-15.57,-23.0,-8.14,-54.645,0.077,13
"[-299,-200]",HR≥50/EDG≥0.0/CV≤-/μ≥1.0/TP≥-,60.62,0.0,,1.0,,336,292,177,115,60.62,-12.71,-20.81,-4.62,-37.126,0.077,13
"[-299,-200]",HR≥50/EDG≥0.0/CV≤-/μ≥1.0/TP≥50,60.62,0.0,,1.0,50.0,336,292,177,115,60.62,-12.71,-20.81,-4.62,-37.126,0.077,13
"[-299,-200]",HR≥50/EDG≥0.0/CV≤-/μ≥1.0/TP≥55,60.62,0.0,,1.0,55.0,336,292,177,115,60.62,-12.71,-20.81,-4.62,-37.126,0.077,13
"[-299,-200]",HR≥50/EDG≥0.0/CV≤-/μ≥1.0/TP≥60,60.62,0.0,,1.0,60.0,336,292,177,115,60.62,-12.71,-20.81,-4.62,-37.126,0.077,13
"[-299,-200]",HR≥50/EDG≥0.0/CV≤-/μ≥1.0/TP≥65,61.23,0.0,,1.0,65.0,318,276,169,107,61.23,-11.98,-20.28,-3.69,-33.078,0.154,13
"[-299,-200]",HR≥50/EDG≥0.0/CV≤0.7/μ≥-/TP≥-,58.7,0.0,0.7,,,51,46,27,19,58.7,-16.31,-36.86,4.25,-7.502,0.273,11
"[-299,-200]",HR≥50/EDG≥0.0/CV≤0.7/μ≥-/TP≥50,58.7,0.0,0.7,,50.0,51,46,27,19,58.7,-16.31,-36.86,4.25,-7.502,0.273,11
"[-299,-200]",HR≥50/EDG≥0.0/CV≤0.7/μ≥-/TP≥55,58.7,0.0,0.7,,55.0,51,46,27,19,58.7,-16.31,-36.86,4.25,-7.502,0.273,11
"[-299,-200]",HR≥50/EDG≥0.0/CV≤0.7/μ≥-/TP≥60,58.7,0.0,0.7,,60.0,51,46,27,19,58.7,-16.31,-36.86,4.25,-7.502,0.273,11
"[-299,-200]",HR≥50/EDG≥0.0/CV≤0.7/μ≥-/TP≥65,57.78,0.0,0.7,,65.0,50,45,26,19,57.78,-17.78,-38.59,3.03,-8.002,0.273,11
"[-299,-200]",HR≥50/EDG≥0.0/CV≤0.7/μ≥0.0/TP≥-,58.7,0.0,0.7,0.0,,51,46,27,19,58.7,-16.31,-36.86,4.25,-7.502,0.273,11
"[-299,-200]",HR≥50/EDG≥0.0/CV≤0.7/μ≥0.0/TP≥50,58.7,0.0,0.7,0.0,50.0,51,46,27,19,58.7,-16.31,-36.86,4.25,-7.502,0.273,11
"[-299,-200]",HR≥50/EDG≥0.0/CV≤0.7/μ≥0.0/TP≥55,58.7,0.0,0.7,0.0,55.0,51,46,27,19,58.7,-16.31,-36.86,4.25,-7.502,0.273,11
"[-299,-200]",HR≥50/EDG≥0.0/CV≤0.7/μ≥0.0/TP≥60,58.7,0.0,0.7,0.0,60.0,51,46,27,19,58.7,-16.31,-36.86,4.25,-7.502,0.273,11
"[-299,-200]",HR≥50/EDG≥0.0/CV≤0.7/μ≥0.0/TP≥65,57.78,0.0,0.7,0.0,65.0,50,45,26,19,57.78,-17.78,-38.59,3.03,-8.002,0.273,11
"[-299,-200]",HR≥50/EDG≥0.0/CV≤0.7/μ≥0.5/TP≥-,60.98,0.0,0.7,0.5,,45,41,25,16,60.98,-13.31,-34.85,8.23,-5.456,0.364,11
"[-299,-200]",HR≥50/EDG≥0.0/CV≤0.7/μ≥0.5/TP≥50,60.98,0.0,0.7,0.5,50.0,45,41,25,16,60.98,-13.31,-34.85,8.23,-5.456,0.364,11
"[-299,-200]",HR≥50/EDG≥0.0/CV≤0.7/μ≥0.5/TP≥55,60.98,0.0,0.7,0.5,55.0,45,41,25,16,60.98,-13.31,-34.85,8.23,-5.456,0.364,11
"[-299,-200]",HR≥50/EDG≥0.0/CV≤0.7/μ≥0.5/TP≥60,60.98,0.0,0.7,0.5,60.0,45,41,25,16,60.98,-13.31,-34.85,8.23,-5.456,0.364,11
"[-299,-200]",HR≥50/EDG≥0.0/CV≤0.7/μ≥0.5/TP≥65,60.0,0.0,0.7,0.5,65.0,44,40,24,16,60.0,-14.89,-36.75,6.96,-5.956,0.364,11
"[-299,-200]",HR≥50/EDG≥0.0/CV≤0.7/μ≥1.0/TP≥-,65.62,0.0,0.7,1.0,,35,32,21,11,65.62,-6.83,-30.63,16.98,-2.185,0.636,11
"[-299,-200]",HR≥50/EDG≥0.0/CV≤0.7/μ≥1.0/TP≥50,65.62,0.0,0.7,1.0,50.0,35,32,21,11,65.62,-6.83,-30.63,16.98,-2.185,0.636,11
"[-299,-200]",HR≥50/EDG≥0.0/CV≤0.7/μ≥1.0/TP≥55,65.62,0.0,0.7,1.0,55.0,35,32,21,11,65.62,-6.83,-30.63,16.98,-2.185,0.636,11
"[-299,-200]",HR≥50/EDG≥0.0/CV≤0.7/μ≥1.0/TP≥60,65.62,0.0,0.7,1.0,60.0,35,32,21,11,65.62,-6.83,-30.63,16.98,-2.185,0.636,11
"[-299,-200]",HR≥50/EDG≥0.0/CV≤0.7/μ≥1.0/TP≥65,64.52,0.0,0.7,1.0,65.0,34,31,20,11,64.52,-8.66,-32.97,15.64,-2.685,0.636,11
"[-299,-200]",HR≥50/EDG≥5.0/CV≤-/μ≥-/TP≥-,60.77,5.0,,,,358,311,189,122,60.77,-12.43,-20.28,-4.59,-38.664,0.077,13
"[-299,-200]",HR≥50/EDG≥5.0/CV≤-/μ≥-/TP≥50,60.77,5.0,,,50.0,358,311,189,122,60.77,-12.43,-20.28,-4.59,-38.664,0.077,13
"[-299,-200]",HR≥50/EDG≥5.0/CV≤-/μ≥-/TP≥55,60.77,5.0,,,55.0,358,311,189,122,60.77,-12.43,-20.28,-4.59,-38.664,0.077,13
"[-299,-200]",HR≥50/EDG≥5.0/CV≤-/μ≥-/TP≥60,60.77,5.0,,,60.0,358,311,189,122,60.77,-12.43,-20.28,-4.59,-38.664,0.077,13
"[-299,-200]",HR≥50/EDG≥5.0/CV≤-/μ≥-/TP≥65,61.15,5.0,,,65.0,340,296,181,115,61.15,-12.03,-20.05,-4.02,-35.616,0.231,13
"[-299,-200]",HR≥50/EDG≥5.0/CV≤-/μ≥0.0/TP≥-,60.77,5.0,,0.0,,358,311,189,122,60.77,-12.43,-20.28,-4.59,-38.664,0.077,13
"[-299,-200]",HR≥50/EDG≥5.0/CV≤-/μ≥0.0/TP≥50,60.77,5.0,,0.0,50.0,358,311,189,122,60.77,-12.43,-20.28,-4.59,-38.664,0.077,13
"[-299,-200]",HR≥50/EDG≥5.0/CV≤-/μ≥0.0/TP≥55,60.77,5.0,,0.0,55.0,358,311,189,122,60.77,-12.43,-20.28,-4.59,-38.664,0.077,13
"[-299,-200]",HR≥50/EDG≥5.0/CV≤-/μ≥0.0/TP≥60,60.77,5.0,,0.0,60.0,358,311,189,122,60.77,-12.43,-20.28,-4.59,-38.664,0.077,13
"[-299,-200]",HR≥50/EDG≥5.0/CV≤-/μ≥0.0/TP≥65,61.15,5.0,,0.0,65.0,340,296,181,115,61.15,-12.03,-20.05,-4.02,-35.616,0.231,13
"[-299,-200]",HR≥50/EDG≥5.0/CV≤-/μ≥0.5/TP≥-,60.91,5.0,,0.5,,352,307,187,120,60.91,-12.27,-20.16,-4.38,-37.664,0.0,13
"[-299,-200]",HR≥50/EDG≥5.0/CV≤-/μ≥0.5/TP≥50,60.91,5.0,,0.5,50.0,352,307,187,120,60.91,-12.27,-20.16,-4.38,-37.664,0.0,13
"[-299,-200]",HR≥50/EDG≥5.0/CV≤-/μ≥0.5/TP≥55,60.91,5.0,,0.5,55.0,352,307,187,120,60.91,-12.27,-20.16,-4.38,-37.664,0.0,13
"[-299,-200]",HR≥50/EDG≥5.0/CV≤-/μ≥0.5/TP≥60,60.91,5.0,,0.5,60.0,352,307,187,120,60.91,-12.27,-20.16,-4.38,-37.664,0.0,13
"[-299,-200]",HR≥50/EDG≥5.0/CV≤-/μ≥0.5/TP≥65,61.3,5.0,,0.5,65.0,334,292,179,113,61.3,-11.85,-19.91,-3.8,-34.616,0.154,13
"[-299,-200]",HR≥50/EDG≥5.0/CV≤-/μ≥1.0/TP≥-,61.8,5.0,,1.0,,309,267,165,102,61.8,-10.98,-19.4,-2.55,-29.304,0.154,13
"[-299,-200]",HR≥50/EDG≥5.0/CV≤-/μ≥1.0/TP≥50,61.8,5.0,,1.0,50.0,309,267,165,102,61.8,-10.98,-19.4,-2.55,-29.304,0.154,13
"[-299,-200]",HR≥50/EDG≥5.0/CV≤-/μ≥1.0/TP≥55,61.8,5.0,,1.0,55.0,309,267,165,102,61.8,-10.98,-19.4,-2.55,-29.304,0.154,13
"[-299,-200]",HR≥50/EDG≥5.0/CV≤-/μ≥1.0/TP≥60,61.8,5.0,,1.0,60.0,309,267,165,102,61.8,-10.98,-19.4,-2.55,-29.304,0.154,13
"[-299,-200]",HR≥50/EDG≥5.0/CV≤-/μ≥1.0/TP≥65,62.3,5.0,,1.0,65.0,292,252,157,95,62.3,-10.42,-19.05,-1.78,-26.256,0.308,13
"[-299,-200]",HR≥50/EDG≥5.0/CV≤0.7/μ≥-/TP≥-,58.54,5.0,0.7,,,46,41,24,17,58.54,-16.53,-38.35,5.29,-6.776,0.364,11
"[-299,-200]",HR≥50/EDG≥5.0/CV≤0.7/μ≥-/TP≥50,58.54,5.0,0.7,,50.0,46,41,24,17,58.54,-16.53,-38.35,5.29,-6.776,0.364,11
"[-299,-200]",HR≥50/EDG≥5.0/CV≤0.7/μ≥-/TP≥55,58.54,5.0,0.7,,55.0,46,41,24,17,58.54,-16.53,-38.35,5.29,-6.776,0.364,11
"[-299,-200]",HR≥50/EDG≥5.0/CV≤0.7/μ≥-/TP≥60,58.54,5.0,0.7,,60.0,46,41,24,17,58.54,-16.53,-38.35,5.29,-6.776,0.364,11
"[-299,-200]",HR≥50/EDG≥5.0/CV≤0.7/μ≥-/TP≥65,57.5,5.0,0.7,,65.0,45,40,23,17,57.5,-18.19,-40.31,3.93,-7.276,0.273,11
"[-299,-200]",HR≥50/EDG≥5.0/CV≤0.7/μ≥0.0/TP≥-,58.54,5.0,0.7,0.0,,46,41,24,17,58.54,-16.53,-38.35,5.29,-6.776,0.364,11
"[-299,-200]",HR≥50/EDG≥5.0/CV≤0.7/μ≥0.0/TP≥50,58.54,5.0,0.7,0.0,50.0,46,41,24,17,58.54,-16.53,-38.35,5.29,-6.776,0.364,11
"[-299,-200]",HR≥50/EDG≥5.0/CV≤0.7/μ≥0.0/TP≥55,58.54,5.0,0.7,0.0,55.0,46,41,24,17,58.54,-16.53,-38.35,5.29,-6.776,0.364,11
"[-299,-200]",HR≥50/EDG≥5.0/CV≤0.7/μ≥0.0/TP≥60,58.54,5.0,0.7,0.0,60.0,46,41,24,17,58.54,-16.53,-38.35,5.29,-6.776,0.364,11
"[-299,-200]",HR≥50/EDG≥5.0/CV≤0.7/μ≥0.0/TP≥65,57.5,5.0,0.7,0.0,65.0,45,40,23,17,57.5,-18.19,-40.31,3.93,-7.276,0.273,11
"[-299,-200]",HR≥50/EDG≥5.0/CV≤0.7/μ≥0.5/TP≥-,60.53,5.0,0.7,0.5,,42,38,23,15,60.53,-13.88,-36.34,8.58,-5.276,0.455,11
"[-299,-200]",HR≥50/EDG≥5.0/CV≤0.7/μ≥0.5/TP≥50,60.53,5.0,0.7,0.5,50.0,42,38,23,15,60.53,-13.88,-36.34,8.58,-5.276,0.455,11
"[-299,-200]",HR≥50/EDG≥5.0/CV≤0.7/μ≥0.5/TP≥55,60.53,5.0,0.7,0.5,55.0,42,38,23,15,60.53,-13.88,-36.34,8.58,-5.276,0.455,11
"[-299,-200]",HR≥50/EDG≥5.0/CV≤0.7/μ≥0.5/TP≥60,60.53,5.0,0.7,0.5,60.0,42,38,23,15,60.53,-13.88,-36.34,8.58,-5.276,0.455,11
"[-299,-200]",HR≥50/EDG≥5.0/CV≤0.7/μ≥0.5/TP≥65,59.46,5.0,0.7,0.5,65.0,41,37,22,15,59.46,-15.61,-38.42,7.2,-5.776,0.364,11
"[-299,-200]",HR≥50/EDG≥5.0/CV≤0.7/μ≥1.0/TP≥-,65.62,5.0,0.7,1.0,,35,32,21,11,65.62,-6.83,-30.63,16.98,-2.185,0.636,11
"[-299,-200]",HR≥50/EDG≥5.0/CV≤0.7/μ≥1.0/TP≥50,65.62,5.0,0.7,1.0,50.0,35,32,21,11,65.62,-6.83,-30.63,16.98,-2.185,0.636,11
"[-299,-200]",HR≥50/EDG≥5.0/CV≤0.7/μ≥1.0/TP≥55,65.62,5.0,0.7,1.0,55.0,35,32,21,11,65.62,-6.83,-30.63,16.98,-2.185,0.636,11
"[-299,-200]",HR≥50/EDG≥5.0/CV≤0.7/μ≥1.0/TP≥60,65.62,5.0,0.7,1.0,60.0,35,32,21,11,65.62,-6.83,-30.63,16.98,-2.185,0.636,11
"[-299,-200]",HR≥50/EDG≥5.0/CV≤0.7/μ≥1.0/TP≥65,64.52,5.0,0.7,1.0,65.0,34,31,20,11,64.52,-8.66,-32.97,15.64,-2.685,0.636,11
"[-299,-200]",HR≥50/EDG≥10.0/CV≤-/μ≥-/TP≥-,63.93,10.0,,,,285,244,156,88,63.93,-7.7,-16.43,1.03,-18.795,0.308,13
"[-299,-200]",HR≥50/EDG≥10.0/CV≤-/μ≥-/TP≥50,63.93,10.0,,,50.0,285,244,156,88,63.93,-7.7,-16.43,1.03,-18.795,0.308,13
"[-299,-200]",HR≥50/EDG≥10.0/CV≤-/μ≥-/TP≥55,63.93,10.0,,,55.0,285,244,156,88,63.93,-7.7,-16.43,1.03,-18.795,0.308,13
"[-299,-200]",HR≥50/EDG≥10.0/CV≤-/μ≥-/TP≥60,63.93,10.0,,,60.0,285,244,156,88,63.93,-7.7,-16.43,1.03,-18.795,0.308,13
"[-299,-200]",HR≥50/EDG≥10.0/CV≤-/μ≥-/TP≥65,63.95,10.0,,,65.0,273,233,149,84,63.95,-7.83,-16.75,1.09,-18.247,0.385,13
"[-299,-200]",HR≥50/EDG≥10.0/CV≤-/μ≥0.0/TP≥-,63.93,10.0,,0.0,,285,244,156,88,63.93,-7.7,-16.43,1.03,-18.795,0.308,13
"[-299,-200]",HR≥50/EDG≥10.0/CV≤-/μ≥0.0/TP≥50,63.93,10.0,,0.0,50.0,285,244,156,88,63.93,-7.7,-16.43,1.03,-18.795,0.308,13
"[-299,-200]",HR≥50/EDG≥10.0/CV≤-/μ≥0.0/TP≥55,63.93,10.0,,0.0,55.0,285,244,156,88,63.93,-7.7,-16.43,1.03,-18.795,0.308,13
"[-299,-200]",HR≥50/EDG≥10.0/CV≤-/μ≥0.0/TP≥60,63.93,10.0,,0.0,60.0,285,244,156,88,63.93,-7.7,-16.43,1.03,-18.795,0.308,13
"[-299,-200]",HR≥50/EDG≥10.0/CV≤-/μ≥0.0/TP≥65,63.95,10.0,,0.0,65.0,273,233,149,84,63.95,-7.83,-16.75,1.09,-18.247,0.385,13
"[-299,-200]",HR≥50/EDG≥10.0/CV≤-/μ≥0.5/TP≥-,63.93,10.0,,0.5,,284,244,156,88,63.93,-7.7,-16.43,1.03,-18.795,0.308,13
"[-299,-200]",HR≥50/EDG≥10.0/CV≤-/μ≥0.5/TP≥50,63.93,10.0,,0.5,50.0,284,244,156,88,63.93,-7.7,-16.43,1.03,-18.795,0.308,13
"[-299,-200]",HR≥50/EDG≥10.0/CV≤-/μ≥0.5/TP≥55,63.93,10.0,,0.5,55.0,284,244,156,88,63.93,-7.7,-16.43,1.03,-18.795,0.308,13
"[-299,-200]",HR≥50/EDG≥10.0/CV≤-/μ≥0.5/TP≥60,63.93,10.0,,0.5,60.0,284,244,156,88,63.93,-7.7,-16.43,1.03,-18.795,0.308,13
"[-299,-200]",HR≥50/EDG≥10.0/CV≤-/μ≥0.5/TP≥65,63.95,10.0,,0.5,65.0,272,233,149,84,63.95,-7.83,-16.75,1.09,-18.247,0.385,13
"[-299,-200]",HR≥50/EDG≥10.0/CV≤-/μ≥1.0/TP≥-,63.72,10.0,,1.0,,264,226,144,82,63.72,-8.09,-17.16,0.99,-18.272,0.385,13
"[-299,-200]",HR≥50/EDG≥10.0/CV≤-/μ≥1.0/TP≥50,63.72,10.0,,1.0,50.0,264,226,144,82,63.72,-8.09,-17.16,0.99,-18.272,0.385,13
"[-299,-200]",HR≥50/EDG≥10.0/CV≤-/μ≥1.0/TP≥55,63.72,10.0,,1.0,55.0,264,226,144,82,63.72,-8.09,-17.16,0.99,-18.272,0.385,13
"[-299,-200]",HR≥50/EDG≥10.0/CV≤-/μ≥1.0/TP≥60,63.72,10.0,,1.0,60.0,264,226,144,82,63.72,-8.09,-17.16,0.99,-18.272,0.385,13
"[-299,-200]",HR≥50/EDG≥10.0/CV≤-/μ≥1.0/TP≥65,63.72,10.0,,1.0,65.0,252,215,137,78,63.72,-8.24,-17.54,1.05,-17.725,0.308,13
"[-299,-200]",HR≥50/EDG≥10.0/CV≤0.7/μ≥-/TP≥-,66.67,10.0,0.7,,,37,33,22,11,66.67,-4.93,-28.28,18.43,-1.627,0.545,11
"[-299,-200]",HR≥50/EDG≥10.0/CV≤0.7/μ≥-/TP≥50,66.67,10.0,0.7,,50.0,37,33,22,11,66.67,-4.93,-28.28,18.43,-1.627,0.545,11
"[-299,-200]",HR≥50/EDG≥10.0/CV≤0.7/μ≥-/TP≥55,66.67,10.0,0.7,,55.0,37,33,22,11,66.67,-4.93,-28.28,18.43,-1.627,0.545,11
"[-299,-200]",HR≥50/EDG≥10.0/CV≤0.7/μ≥-/TP≥60,66.67,10.0,0.7,,60.0,37,33,22,11,66.67,-4.93,-28.28,18.43,-1.627,0.545,11
"[-299,-200]",HR≥50/EDG≥10.0/CV≤0.7/μ≥-/TP≥65,65.62,10.0,0.7,,65.0,36,32,21,11,65.62,-6.65,-30.49,17.2,-2.127,0.545,11
"[-299,-200]",HR≥50/EDG≥10.0/CV≤0.7/μ≥0.0/TP≥-,66.67,10.0,0.7,0.0,,37,33,22,11,66.67,-4.93,-28.28,18.43,-1.627,0.545,11
"[-299,-200]",HR≥50/EDG≥10.0/CV≤0.7/μ≥0.0/TP≥50,66.67,10.0,0.7,0.0,50.0,37,33,22,11,66.67,-4.93,-28.28,18.43,-1.627,0.545,11
"[-299,-200]",HR≥50/EDG≥10.0/CV≤0.7/μ≥0.0/TP≥55,66.67,10.0,0.7,0.0,55.0,37,33,22,11,66.67,-4.93,-28.28,18.43,-1.627,0.545,11
"[-299,-200]",HR≥50/EDG≥10.0/CV≤0.7/μ≥0.0/TP≥60,66.67,10.0,0.7,0.0,60.0,37,33,22,11,66.67,-4.93,-28.28,18.43,-1.627,0.545,11
"[-299,-200]",HR≥50/EDG≥10.0/CV≤0.7/μ≥0.0/TP≥65,65.62,10.0,0.7,0.0,65.0,36,32,21,11,65.62,-6.65,-30.49,17.2,-2.127,0.545,11
"[-299,-200]",HR≥50/EDG≥10.0/CV≤0.7/μ≥0.5/TP≥-,66.67,10.0,0.7,0.5,,37,33,22,11,66.67,-4.93,-28.28,18.43,-1.627,0.545,11
"[-299,-200]",HR≥50/EDG≥10.0/CV≤0.7/μ≥0.5/TP≥50,66.67,10.0,0.7,0.5,50.0,37,33,22,11,66.67,-4.93,-28.28,18.43,-1.627,0.545,11
"[-299,-200]",HR≥50/EDG≥10.0/CV≤0.7/μ≥0.5/TP≥55,66.67,10.0,0.7,0.5,55.0,37,33,22,11,66.67,-4.93,-28.28,18.43,-1.627,0.545,11
"[-299,-200]",HR≥50/EDG≥10.0/CV≤0.7/μ≥0.5/TP≥60,66.67,10.0,0.7,0.5,60.0,37,33,22,11,66.67,-4.93,-28.28,18.43,-1.627,0.545,11
"[-299,-200]",HR≥50/EDG≥10.0/CV≤0.7/μ≥0.5/TP≥65,65.62,10.0,0.7,0.5,65.0,36,32,21,11,65.62,-6.65,-30.49,17.2,-2.127,0.545,11
"[-299,-200]",HR≥50/EDG≥10.0/CV≤0.7/μ≥1.0/TP≥-,66.67,10.0,0.7,1.0,,33,30,20,10,66.67,-5.12,-29.61,19.37,-1.536,0.636,11
"[-299,-200]",HR≥50/EDG≥10.0/CV≤0.7/μ≥1.0/TP≥50,66.67,10.0,0.7,1.0,50.0,33,30,20,10,66.67,-5.12,-29.61,19.37,-1.536,0.636,11
"[-299,-200]",HR≥50/EDG≥10.0/CV≤0.7/μ≥1.0/TP≥55,66.67,10.0,0.7,1.0,55.0,33,30,20,10,66.67,-5.12,-29.61,19.37,-1.536,0.636,11
"[-299,-200]",HR≥50/EDG≥10.0/CV≤0.7/μ≥1.0/TP≥60,66.67,10.0,0.7,1.0,60.0,33,30,20,10,66.67,-5.12,-29.61,19.37,-1.536,0.636,11
"[-299,-200]",HR≥55/EDG≥-/CV≤-/μ≥-/TP≥-,58.81,,,,,604,539,317,222,58.81,-15.24,-21.25,-9.24,-82.167,0.077,13
"[-299,-200]",HR≥55/EDG≥-/CV≤-/μ≥-/TP≥50,58.81,,,,50.0,604,539,317,222,58.81,-15.24,-21.25,-9.24,-82.167,0.077,13
"[-299,-200]",HR≥55/EDG≥-/CV≤-/μ≥-/TP≥55,58.79,,,,55.0,594,529,311,218,58.79,-15.28,-21.34,-9.22,-80.832,0.077,13
"[-299,-200]",HR≥55/EDG≥-/CV≤-/μ≥-/TP≥60,59.49,,,,60.0,571,506,301,205,59.49,-14.26,-20.44,-8.08,-72.172,0.077,13
"[-299,-200]",HR≥55/EDG≥-/CV≤-/μ≥-/TP≥65,57.73,,,,65.0,466,414,239,175,57.73,-17.12,-23.97,-10.27,-70.878,0.077,13
"[-299,-200]",HR≥55/EDG≥-/CV≤-/μ≥0.0/TP≥-,58.81,,,0.0,,604,539,317,222,58.81,-15.24,-21.25,-9.24,-82.167,0.077,13
"[-299,-200]",HR≥55/EDG≥-/CV≤-/μ≥0.0/TP≥50,58.81,,,0.0,50.0,604,539,317,222,58.81,-15.24,-21.25,-9.24,-82.167,0.077,13
"[-299,-200]",HR≥55/EDG≥-/CV≤-/μ≥0.0/TP≥55,58.79,,,0.0,55.0,594,529,311,218,58.79,-15.28,-21.34,-9.22,-80.832,0.077,13
"[-299,-200]",HR≥55/EDG≥-/CV≤-/μ≥0.0/TP≥60,59.49,,,0.0,60.0,571,506,301,205,59.49,-14.26,-20.44,-8.08,-72.172,0.077,13
"[-299,-200]",HR≥55/EDG≥-/CV≤-/μ≥0.0/TP≥65,57.73,,,0.0,65.0,466,414,239,175,57.73,-17.12,-23.97,-10.27,-70.878,0.077,13
"[-299,-200]",HR≥55/EDG≥-/CV≤-/μ≥0.5/TP≥-,59.63,,,0.5,,541,483,288,195,59.63,-14.12,-20.44,-7.81,-68.222,0.077,13
"[-299,-200]",HR≥55/EDG≥-/CV≤-/μ≥0.5/TP≥50,59.63,,,0.5,50.0,541,483,288,195,59.63,-14.12,-20.44,-7.81,-68.222,0.077,13
"[-299,-200]",HR≥55/EDG≥-/CV≤-/μ≥0.5/TP≥55,59.63,,,0.5,55.0,541,483,288,195,59.63,-14.12,-20.44,-7.81,-68.222,0.077,13
"[-299,-200]",HR≥55/EDG≥-/CV≤-/μ≥0.5/TP≥60,59.38,,,0.5,60.0,538,480,285,195,59.38,-14.48,-20.83,-8.14,-69.526,0.077,13
"[-299,-200]",HR≥55/EDG≥-/CV≤-/μ≥0.5/TP≥65,57.75,,,0.5,65.0,448,400,231,169,57.75,-17.09,-24.06,-10.12,-68.348,0.077,13
"[-299,-200]",HR≥55/EDG≥-/CV≤-/μ≥1.0/TP≥-,60.98,,,1.0,,348,305,186,119,60.98,-12.25,-20.15,-4.35,-37.368,0.154,13
"[-299,-200]",HR≥55/EDG≥-/CV≤-/μ≥1.0/TP≥50,60.98,,,1.0,50.0,348,305,186,119,60.98,-12.25,-20.15,-4.35,-37.368,0.154,13
"[-299,-200]",HR≥55/EDG≥-/CV≤-/μ≥1.0/TP≥55,60.98,,,1.0,55.0,348,305,186,119,60.98,-12.25,-20.15,-4.35,-37.368,0.154,13
"[-299,-200]",HR≥55/EDG≥-/CV≤-/μ≥1.0/TP≥60,60.98,,,1.0,60.0,348,305,186,119,60.98,-12.25,-20.15,-4.35,-37.368,0.154,13
"[-299,-200]",HR≥55/EDG≥-/CV≤-/μ≥1.0/TP≥65,61.54,,,1.0,65.0,327,286,176,110,61.54,-11.63,-19.75,-3.5,-33.251,0.231,13
"[-299,-200]",HR≥55/EDG≥-/CV≤0.7/μ≥-/TP≥-,55.56,,0.7,,,49,45,25,20,55.56,-21.01,-41.93,-0.1,-9.456,0.182,11
"[-299,-200]",HR≥55/EDG≥-/CV≤0.7/μ≥-/TP≥50,55.56,,0.7,,50.0,49,45,25,20,55.56,-21.01,-41.93,-0.1,-9.456,0.182,11
"[-299,-200]",HR≥55/EDG≥-/CV≤0.7/μ≥-/TP≥55,55.56,,0.7,,55.0,49,45,25,20,55.56,-21.01,-41.93,-0.1,-9.456,0.182,11
"[-299,-200]",HR≥55/EDG≥-/CV≤0.7/μ≥-/TP≥60,56.82,,0.7,,60.0,48,44,25,19,56.82,-19.22,-40.31,1.87,-8.456,0.182,11
"[-299,-200]",HR≥55/EDG≥-/CV≤0.7/μ≥-/TP≥65,60.0,,0.7,,65.0,44,40,24,16,60.0,-14.89,-36.75,6.96,-5.956,0.364,11
"[-299,-200]",HR≥55/EDG≥-/CV≤0.7/μ≥0.0/TP≥-,55.56,,0.7,0.0,,49,45,25,20,55.56,-21.01,-41.93,-0.1,-9.456,0.182,11
"[-299,-200]",HR≥55/EDG≥-/CV≤0.7/μ≥0.0/TP≥50,55.56,,0.7,0.0,50.0,49,45,25,20,55.56,-21.01,-41.93,-0.1,-9.456,0.182,11
"[-299,-200]",HR≥55/EDG≥-/CV≤0.7/μ≥0.0/TP≥55,55.56,,0.7,0.0,55.0,49,45,25,20,55.56,-21.01,-41.93,-0.1,-9.456,0.182,11
"[-299,-200]",HR≥55/EDG≥-/CV≤0.7/μ≥0.0/TP≥60,56.82,,0.7,0.0,60.0,48,44,25,19,56.82,-19.22,-40.31,1.87,-8.456,0.182,11
"[-299,-200]",HR≥55/EDG≥-/CV≤0.7/μ≥0.0/TP≥65,60.0,,0.7,0.0,65.0,44,40,24,16,60.0,-14.89,-36.75,6.96,-5.956,0.364,11
"[-299,-200]",HR≥55/EDG≥-/CV≤0.7/μ≥0.5/TP≥-,56.82,,0.7,0.5,,48,44,25,19,56.82,-19.22,-40.31,1.87,-8.456,0.182,11
"[-299,-200]",HR≥55/EDG≥-/CV≤0.7/μ≥0.5/TP≥50,56.82,,0.7,0.5,50.0,48,44,25,19,56.82,-19.22,-40.31,1.87,-8.456,0.182,11
"[-299,-200]",HR≥55/EDG≥-/CV≤0.7/μ≥0.5/TP≥55,56.82,,0.7,0.5,55.0,48,44,25,19,56.82,-19.22,-40.31,1.87,-8.456,0.182,11
"[-299,-200]",HR≥55/EDG≥-/CV≤0.7/μ≥0.5/TP≥60,56.82,,0.7,0.5,60.0,48,44,25,19,56.82,-19.22,-40.31,1.87,-8.456,0.182,11
"[-299,-200]",HR≥55/EDG≥-/CV≤0.7/μ≥0.5/TP≥65,60.0,,0.7,0.5,65.0,44,40,24,16,60.0,-14.89,-36.75,6.96,-5.956,0.364,11
"[-299,-200]",HR≥55/EDG≥-/CV≤0.7/μ≥1.0/TP≥-,65.62,,0.7,1.0,,35,32,21,11,65.62,-6.83,-30.63,16.98,-2.185,0.636,11
"[-299,-200]",HR≥55/EDG≥-/CV≤0.7/μ≥1.0/TP≥50,65.62,,0.7,1.0,50.0,35,32,21,11,65.62,-6.83,-30.63,16.98,-2.185,0.636,11
"[-299,-200]",HR≥55/EDG≥-/CV≤0.7/μ≥1.0/TP≥55,65.62,,0.7,1.0,55.0,35,32,21,11,65.62,-6.83,-30.63,16.98,-2.185,0.636,11
"[-299,-200]",HR≥55/EDG≥-/CV≤0.7/μ≥1.0/TP≥60,65.62,,0.7,1.0,60.0,35,32,21,11,65.62,-6.83,-30.63,16.98,-2.185,0.636,11
"[-299,-200]",HR≥55/EDG≥-/CV≤0.7/μ≥1.0/TP≥65,64.52,,0.7,1.0,65.0,34,31,20,11,64.52,-8.66,-32.97,15.64,-2.685,0.636,11
"[-299,-200]",HR≥55/EDG≥-5.0/CV≤-/μ≥-/TP≥-,59.24,-5.0,,,,508,449,266,183,59.24,-14.44,-21.02,-7.86,-64.838,0.154,13
"[-299,-200]",HR≥55/EDG≥-5.0/CV≤-/μ≥-/TP≥50,59.24,-5.0,,,50.0,508,449,266,183,59.24,-14.44,-21.02,-7.86,-64.838,0.154,13
"[-299,-200]",HR≥55/EDG≥-5.0/CV≤-/μ≥-/TP≥55,59.24,-5.0,,,55.0,508,449,266,183,59.24,-14.44,-21.02,-7.86,-64.838,0.154,13
"[-299,-200]",HR≥55/EDG≥-5.0/CV≤-/μ≥-/TP≥60,59.24,-5.0,,,60.0,508,449,266,183,59.24,-14.44,-21.02,-7.86,-64.838,0.154,13
"[-299,-200]",HR≥55/EDG≥-5.0/CV≤-/μ≥-/TP≥65,58.29,-5.0,,,65.0,449,398,232,166,58.29,-16.21,-23.19,-9.23,-64.513,0.077,13
"[-299,-200]",HR≥55/EDG≥-5.0/CV≤-/μ≥0.0/TP≥-,59.24,-5.0,,0.0,,508,449,266,183,59.24,-14.44,-21.02,-7.86,-64.838,0.154,13
"[-299,-200]",HR≥55/EDG≥-5.0/CV≤-/μ≥0.0/TP≥50,59.24,-5.0,,0.0,50.0,508,449,266,183,59.24,-14.44,-21.02,-7.86,-64.838,0.154,13
"[-299,-200]",HR≥55/EDG≥-5.0/CV≤-/μ≥0.0/TP≥55,59.24,-5.0,,0.0,55.0,508,449,266,183,59.24,-14.44,-21.02,-7.86,-64.838,0.154,13
"[-299,-200]",HR≥55/EDG≥-5.0/CV≤-/μ≥0.0/TP≥60,59.24,-5.0,,0.0,60.0,508,449,266,183,59.24,-14.44,-21.02,-7.86,-64.838,0.154,13
"[-299,-200]",HR≥55/EDG≥-5.0/CV≤-/μ≥0.0/TP≥65,58.29,-5.0,,0.0,65.0,449,398,232,166,58.29,-16.21,-23.19,-9.23,-64.513,0.077,13
"[-299,-200]",HR≥55/EDG≥-5.0/CV≤-/μ≥0.5/TP≥-,58.8,-5.0,,0.5,,487,432,254,178,58.8,-15.14,-21.85,-8.42,-65.384,0.154,13
"[-299,-200]",HR≥55/EDG≥-5.0/CV≤-/μ≥0.5/TP≥50,58.8,-5.0,,0.5,50.0,487,432,254,178,58.8,-15.14,-21.85,-8.42,-65.384,0.154,13
"[-299,-200]",HR≥55/EDG≥-5.0/CV≤-/μ≥0.5/TP≥55,58.8,-5.0,,0.5,55.0,487,432,254,178,58.8,-15.14,-21.85,-8.42,-65.384,0.154,13
"[-299,-200]",HR≥55/EDG≥-5.0/CV≤-/μ≥0.5/TP≥60,58.8,-5.0,,0.5,60.0,487,432,254,178,58.8,-15.14,-21.85,-8.42,-65.384,0.154,13
"[-299,-200]",HR≥55/EDG≥-5.0/CV≤-/μ≥0.5/TP≥65,58.29,-5.0,,0.5,65.0,433,386,225,161,58.29,-16.21,-23.3,-9.12,-62.583,0.154,13
"[-299,-200]",HR≥55/EDG≥-5.0/CV≤-/μ≥1.0/TP≥-,61.33,-5.0,,1.0,,343,300,184,116,61.33,-11.7,-19.66,-3.74,-35.091,0.154,13
"[-299,-200]",HR≥55/EDG≥-5.0/CV≤-/μ≥1.0/TP≥50,61.33,-5.0,,1.0,50.0,343,300,184,116,61.33,-11.7,-19.66,-3.74,-35.091,0.154,13
"[-299,-200]",HR≥55/EDG≥-5.0/CV≤-/μ≥1.0/TP≥55,61.33,-5.0,,1.0,55.0,343,300,184,116,61.33,-11.7,-19.66,-3.74,-35.091,0.154,13
"[-299,-200]",HR≥55/EDG≥-5.0/CV≤-/μ≥1.0/TP≥60,61.33,-5.0,,1.0,60.0,343,300,184,116,61.33,-11.7,-19.66,-3.74,-35.091,0.154,13
"[-299,-200]",HR≥55/EDG≥-5.0/CV≤-/μ≥1.0/TP≥65,61.7,-5.0,,1.0,65.0,323,282,174,108,61.7,-11.34,-19.52,-3.16,-31.975,0.231,13
"[-299,-200]",HR≥55/EDG≥-5.0/CV≤0.7/μ≥-/TP≥-,58.14,-5.0,0.7,,,47,43,25,18,58.14,-17.34,-38.6,3.92,-7.456,0.273,11
"[-299,-200]",HR≥55/EDG≥-5.0/CV≤0.7/μ≥-/TP≥50,58.14,-5.0,0.7,,50.0,47,43,25,18,58.14,-17.34,-38.6,3.92,-7.456,0.273,11
"[-299,-200]",HR≥55/EDG≥-5.0/CV≤0.7/μ≥-/TP≥55,58.14,-5.0,0.7,,55.0,47,43,25,18,58.14,-17.34,-38.6,3.92,-7.456,0.273,11
"[-299,-200]",HR≥55/EDG≥-5.0/CV≤0.7/μ≥-/TP≥60,58.14,-5.0,0.7,,60.0,47,43,25,18,58.14,-17.34,-38.6,3.92,-7.456,0.273,11
"[-299,-200]",HR≥55/EDG≥-5.0/CV≤0.7/μ≥-/TP≥65,60.0,-5.0,0.7,,65.0,44,40,24,16,60.0,-14.89,-36.75,6.96,-5.956,0.364,11
"[-299,-200]",HR≥55/EDG≥-5.0/CV≤0.7/μ≥0.0/TP≥-,58.14,-5.0,0.7,0.0,,47,43,25,18,58.14,-17.34,-38.6,3.92,-7.456,0.273,11
"[-299,-200]",HR≥55/EDG≥-5.0/CV≤0.7/μ≥0.0/TP≥50,58.14,-5.0,0.7,0.0,50.0,47,43,25,18,58.14,-17.34,-38.6,3.92,-7.456,0.273,11
"[-299,-200]",HR≥55/EDG≥-5.0/CV≤0.7/μ≥0.0/TP≥55,58.14,-5.0,0.7,0.0,55.0,47,43,25,18,58.14,-17.34,-38.6,3.92,-7.456,0.273,11
"[-299,-200]",HR≥55/EDG≥-5.0/CV≤0.7/μ≥0.0/TP≥60,58.14,-5.0,0.7,0.0,60.0,47,43,25,18,58.14,-17.34,-38.6,3.92,-7.456,0.273,11
"[-299,-200]",HR≥55/EDG≥-5.0/CV≤0.7/μ≥0.0/TP≥65,60.0,-5.0,0.7,0.0,65.0,44,40,24,16,60.0,-14.89,-36.75,6.96,-5.956,0.364,11
"[-299,-200]",HR≥55/EDG≥-5.0/CV≤0.7/μ≥0.5/TP≥-,58.14,-5.0,0.7,0.5,,47,43,25,18,58.14,-17.34,-38.6,3.92,-7.456,0.273,11
"[-299,-200]",HR≥55/EDG≥-5.0/CV≤0.7/μ≥0.5/TP≥50,58.14,-5.0,0.7,0.5,50.0,47,43,25,18,58.14,-17.34,-38.6,3.92,-7.456,0.273,11
"[-299,-200]",HR≥55/EDG≥-5.0/CV≤0.7/μ≥0.5/TP≥55,58.14,-5.0,0.7,0.5,55.0,47,43,25,18,58.14,-17.34,-38.6,3.92,-7.456,0.273,11
"[-299,-200]",HR≥55/EDG≥-5.0/CV≤0.7/μ≥0.5/TP≥60,58.14,-5.0,0.7,0.5,60.0,47,43,25,18,58.14,-17.34,-38.6,3.92,-7.456,0.273,11
"[-299,-200]",HR≥55/EDG≥-5.0/CV≤0.7/μ≥0.5/TP≥65,60.0,-5.0,0.7,0.5,65.0,44,40,24,16,60.0,-14.89,-36.75,6.96,-5.956,0.364,11
"[-299,-200]",HR≥55/EDG≥-5.0/CV≤0.7/μ≥1.0/TP≥-,65.62,-5.0,0.7,1.0,,35,32,21,11,65.62,-6.83,-30.63,16.98,-2.185,0.636,11
"[-299,-200]",HR≥55/EDG≥-5.0/CV≤0.7/μ≥1.0/TP≥50,65.62,-5.0,0.7,1.0,50.0,35,32,21,11,65.62,-6.83,-30.63,16.98,-2.185,0.636,11
"[-299,-200]",HR≥55/EDG≥-5.0/CV≤0.7/μ≥1.0/TP≥55,65.62,-5.0,0.7,1.0,55.0,35,32,21,11,65.62,-6.83,-30.63,16.98,-2.185,0.636,11
"[-299,-200]",HR≥55/EDG≥-5.0/CV≤0.7/μ≥1.0/TP≥60,65.62,-5.0,0.7,1.0,60.0,35,32,21,11,65.62,-6.83,-30.63,16.98,-2.185,0.636,11
"[-299,-200]",HR≥55/EDG≥-5.0/CV≤0.7/μ≥1.0/TP≥65,64.52,-5.0,0.7,1.0,65.0,34,31,20,11,64.52,-8.66,-32.97,15.64,-2.685,0.636,11
"[-299,-200]",HR≥55/EDG≥0.0/CV≤-/μ≥-/TP≥-,58.61,0.0,,,,410,360,211,149,58.61,-15.45,-22.81,-8.09,-55.615,0.077,13
"[-299,-200]",HR≥55/EDG≥0.0/CV≤-/μ≥-/TP≥50,58.61,0.0,,,50.0,410,360,211,149,58.61,-15.45,-22.81,-8.09,-55.615,0.077,13
"[-299,-200]",HR≥55/EDG≥0.0/CV≤-/μ≥-/TP≥55,58.61,0.0,,,55.0,410,360,211,149,58.61,-15.45,-22.81,-8.09,-55.615,0.077,13
"[-299,-200]",HR≥55/EDG≥0.0/CV≤-/μ≥-/TP≥60,58.61,0.0,,,60.0,410,360,211,149,58.61,-15.45,-22.81,-8.09,-55.615,0.077,13
"[-299,-200]",HR≥55/EDG≥0.0/CV≤-/μ≥-/TP≥65,58.82,0.0,,,65.0,387,340,200,140,58.82,-15.31,-22.87,-7.76,-52.067,0.077,13
"[-299,-200]",HR≥55/EDG≥0.0/CV≤-/μ≥0.0/TP≥-,58.61,0.0,,0.0,,410,360,211,149,58.61,-15.45,-22.81,-8.09,-55.615,0.077,13
"[-299,-200]",HR≥55/EDG≥0.0/CV≤-/μ≥0.0/TP≥50,58.61,0.0,,0.0,50.0,410,360,211,149,58.61,-15.45,-22.81,-8.09,-55.615,0.077,13
"[-299,-200]",HR≥55/EDG≥0.0/CV≤-/μ≥0.0/TP≥55,58.61,0.0,,0.0,55.0,410,360,211,149,58.61,-15.45,-22.81,-8.09,-55.615,0.077,13
"[-299,-200]",HR≥55/EDG≥0.0/CV≤-/μ≥0.0/TP≥60,58.61,0.0,,0.0,60.0,410,360,211,149,58.61,-15.45,-22.81,-8.09,-55.615,0.077,13
"[-299,-200]",HR≥55/EDG≥0.0/CV≤-/μ≥0.0/TP≥65,58.82,0.0,,0.0,65.0,387,340,200,140,58.82,-15.31,-22.87,-7.76,-52.067,0.077,13
"[-299,-200]",HR≥55/EDG≥0.0/CV≤-/μ≥0.5/TP≥-,58.26,0.0,,0.5,,404,357,208,149,58.26,-16.0,-23.39,-8.6,-57.115,0.077,13
"[-299,-200]",HR≥55/EDG≥0.0/CV≤-/μ≥0.5/TP≥50,58.26,0.0,,0.5,50.0,404,357,208,149,58.26,-16.0,-23.39,-8.6,-57.115,0.077,13
"[-299,-200]",HR≥55/EDG≥0.0/CV≤-/μ≥0.5/TP≥55,58.26,0.0,,0.5,55.0,404,357,208,149,58.26,-16.0,-23.39,-8.6,-57.115,0.077,13
"[-299,-200]",HR≥55/EDG≥0.0/CV≤-/μ≥0.5/TP≥60,58.26,0.0,,0.5,60.0,404,357,208,149,58.26,-16.0,-23.39,-8.6,-57.115,0.077,13
"[-299,-200]",HR≥55/EDG≥0.0/CV≤-/μ≥0.5/TP≥65,58.58,0.0,,0.5,65.0,382,338,198,140,58.58,-15.7,-23.28,-8.12,-53.067,0.077,13
"[-299,-200]",HR≥55/EDG≥0.0/CV≤-/μ≥1.0/TP≥-,60.21,0.0,,1.0,,326,284,171,113,60.21,-13.26,-21.48,-5.03,-37.649,0.077,13
"[-299,-200]",HR≥55/EDG≥0.0/CV≤-/μ≥1.0/TP≥50,60.21,0.0,,1.0,50.0,326,284,171,113,60.21,-13.26,-21.48,-5.03,-37.649,0.077,13
"[-299,-200]",HR≥55/EDG≥0.0/CV≤-/μ≥1.0/TP≥55,60.21,0.0,,1.0,55.0,326,284,171,113,60.21,-13.26,-21.48,-5.03,-37.649,0.077,13
"[-299,-200]",HR≥55/EDG≥0.0/CV≤-/μ≥1.0/TP≥60,60.21,0.0,,1.0,60.0,326,284,171,113,60.21,-13.26,-21.48,-5.03,-37.649,0.077,13
"[-299,-200]",HR≥55/EDG≥0.0/CV≤-/μ≥1.0/TP≥65,60.82,0.0,,1.0,65.0,308,268,163,105,60.82,-12.54,-20.97,-4.1,-33.601,0.154,13
"[-299,-200]",HR≥55/EDG≥0.0/CV≤0.7/μ≥-/TP≥-,60.98,0.0,0.7,,,45,41,25,16,60.98,-13.31,-34.85,8.23,-5.456,0.364,11
"[-299,-200]",HR≥55/EDG≥0.0/CV≤0.7/μ≥-/TP≥50,60.98,0.0,0.7,,50.0,45,41,25,16,60.98,-13.31,-34.85,8.23,-5.456,0.364,11
"[-299,-200]",HR≥55/EDG≥0.0/CV≤0.7/μ≥-/TP≥55,60.98,0.0,0.7,,55.0,45,41,25,16,60.98,-13.31,-34.85,8.23,-5.456,0.364,11
"[-299,-200]",HR≥55/EDG≥0.0/CV≤0.7/μ≥-/TP≥60,60.98,0.0,0.7,,60.0,45,41,25,16,60.98,-13.31,-34.85,8.23,-5.456,0.364,11
"[-299,-200]",HR≥55/EDG≥0.0/CV≤0.7/μ≥-/TP≥65,60.0,0.0,0.7,,65.0,44,40,24,16,60.0,-14.89,-36.75,6.96,-5.956,0.364,11
"[-299,-200]",HR≥55/EDG≥0.0/CV≤0.7/μ≥0.0/TP≥-,60.98,0.0,0.7,0.0,,45,41,25,16,60.98,-13.31,-34.85,8.23,-5.456,0.364,11
"[-299,-200]",HR≥55/EDG≥0.0/CV≤0.7/μ≥0.0/TP≥50,60.98,0.0,0.7,0.0,50.0,45,41,25,16,60.98,-13.31,-34.85,8.23,-5.456,0.364,11
"[-299,-200]",HR≥55/EDG≥0.0/CV≤0.7/μ≥0.0/TP≥55,60.98,0.0,0.7,0.0,55.0,45,41,25,16,60.98,-13.31,-34.85,8.23,-5.456,0.364,11
"[-299,-200]",HR≥55/EDG≥0.0/CV≤0.7/μ≥0.0/TP≥60,60.98,0.0,0.7,0.0,60.0,45,41,25,16,60.98,-13.31,-34.85,8.23,-5.456,0.364,11
"[-299,-200]",HR≥55/EDG≥0.0/CV≤0.7/μ≥0.0/TP≥65,60.0,0.0,0.7,0.0,65.0,44,40,24,16,60.0,-14.89,-36.75,6.96,-5.956,0.364,11
"[-299,-200]",HR≥55/EDG≥0.0/CV≤0.7/μ≥0.5/TP≥-,60.98,0.0,0.7,0.5,,45,41,25,16,60.98,-13.31,-34.85,8.23,-5.456,0.364,11
"[-299,-200]",HR≥55/EDG≥0.0/CV≤0.7/μ≥0.5/TP≥50,60.98,0.0,0.7,0.5,50.0,45,41,25,16,60.98,-13.31,-34.85,8.23,-5.456,0.364,11
"[-299,-200]",HR≥55/EDG≥0.0/CV≤0.7/μ≥0.5/TP≥55,60.98,0.0,0.7,0.5,55.0,45,41,25,16,60.98,-13.31,-34.85,8.23,-5.456,0.364,11
"[-299,-200]",HR≥55/EDG≥0.0/CV≤0.7/μ≥0.5/TP≥60,60.98,0.0,0.7,0.5,60.0,45,41,25,16,60.98,-13.31,-34.85,8.23,-5.456,0.364,11
"[-299,-200]",HR≥55/EDG≥0.0/CV≤0.7/μ≥0.5/TP≥65,60.0,0.0,0.7,0.5,65.0,44,40,24,16,60.0,-14.89,-36.75,6.96,-5.956,0.364,11
"[-299,-200]",HR≥55/EDG≥0.0/CV≤0.7/μ≥1.0/TP≥-,65.62,0.0,0.7,1.0,,35,32,21,11,65.62,-6.83,-30.63,16.98,-2.185,0.636,11
"[-299,-200]",HR≥55/EDG≥0.0/CV≤0.7/μ≥1.0/TP≥50,65.62,0.0,0.7,1.0,50.0,35,32,21,11,65.62,-6.83,-30.63,16.98,-2.185,0.636,11
"[-299,-200]",HR≥55/EDG≥0.0/CV≤0.7/μ≥1.0/TP≥55,65.62,0.0,0.7,1.0,55.0,35,32,21,11,65.62,-6.83,-30.63,16.98,-2.185,0.636,11
"[-299,-200]",HR≥55/EDG≥0.0/CV≤0.7/μ≥1.0/TP≥60,65.62,0.0,0.7,1.0,60.0,35,32,21,11,65.62,-6.83,-30.63,16.98,-2.185,0.636,11
"[-299,-200]",HR≥55/EDG≥0.0/CV≤0.7/μ≥1.0/TP≥65,64.52,0.0,0.7,1.0,65.0,34,31,20,11,64.52,-8.66,-32.97,15.64,-2.685,0.636,11
"[-299,-200]",HR≥55/EDG≥5.0/CV≤-/μ≥-/TP≥-,60.61,5.0,,,,341,297,180,117,60.61,-12.67,-20.7,-4.64,-37.631,0.0,13
"[-299,-200]",HR≥55/EDG≥5.0/CV≤-/μ≥-/TP≥50,60.61,5.0,,,50.0,341,297,180,117,60.61,-12.67,-20.7,-4.64,-37.631,0.0,13
"[-299,-200]",HR≥55/EDG≥5.0/CV≤-/μ≥-/TP≥55,60.61,5.0,,,55.0,341,297,180,117,60.61,-12.67,-20.7,-4.64,-37.631,0.0,13
"[-299,-200]",HR≥55/EDG≥5.0/CV≤-/μ≥-/TP≥60,60.61,5.0,,,60.0,341,297,180,117,60.61,-12.67,-20.7,-4.64,-37.631,0.0,13
"[-299,-200]",HR≥55/EDG≥5.0/CV≤-/μ≥-/TP≥65,60.99,5.0,,,65.0,323,282,172,110,60.99,-12.26,-20.48,-4.05,-34.583,0.154,13
"[-299,-200]",HR≥55/EDG≥5.0/CV≤-/μ≥0.0/TP≥-,60.61,5.0,,0.0,,341,297,180,117,60.61,-12.67,-20.7,-4.64,-37.631,0.0,13
"[-299,-200]",HR≥55/EDG≥5.0/CV≤-/μ≥0.0/TP≥50,60.61,5.0,,0.0,50.0,341,297,180,117,60.61,-12.67,-20.7,-4.64,-37.631,0.0,13
"[-299,-200]",HR≥55/EDG≥5.0/CV≤-/μ≥0.0/TP≥55,60.61,5.0,,0.0,55.0,341,297,180,117,60.61,-12.67,-20.7,-4.64,-37.631,0.0,13
"[-299,-200]",HR≥55/EDG≥5.0/CV≤-/μ≥0.0/TP≥60,60.61,5.0,,0.0,60.0,341,297,180,117,60.61,-12.67,-20.7,-4.64,-37.631,0.0,13
"[-299,-200]",HR≥55/EDG≥5.0/CV≤-/μ≥0.0/TP≥65,60.99,5.0,,0.0,65.0,323,282,172,110,60.99,-12.26,-20.48,-4.05,-34.583,0.154,13
"[-299,-200]",HR≥55/EDG≥5.0/CV≤-/μ≥0.5/TP≥-,60.61,5.0,,0.5,,340,297,180,117,60.61,-12.67,-20.7,-4.64,-37.631,0.0,13
"[-299,-200]",HR≥55/EDG≥5.0/CV≤-/μ≥0.5/TP≥50,60.61,5.0,,0.5,50.0,340,297,180,117,60.61,-12.67,-20.7,-4.64,-37.631,0.0,13
"[-299,-200]",HR≥55/EDG≥5.0/CV≤-/μ≥0.5/TP≥55,60.61,5.0,,0.5,55.0,340,297,180,117,60.61,-12.67,-20.7,-4.64,-37.631,0.0,13
"[-299,-200]",HR≥55/EDG≥5.0/CV≤-/μ≥0.5/TP≥60,60.61,5.0,,0.5,60.0,340,297,180,117,60.61,-12.67,-20.7,-4.64,-37.631,0.0,13
"[-299,-200]",HR≥55/EDG≥5.0/CV≤-/μ≥0.5/TP≥65,60.99,5.0,,0.5,65.0,322,282,172,110,60.99,-12.26,-20.48,-4.05,-34.583,0.154,13
"[-299,-200]",HR≥55/EDG≥5.0/CV≤-/μ≥1.0/TP≥-,61.15,5.0,,1.0,,300,260,159,101,61.15,-11.86,-20.43,-3.29,-30.826,0.077,13
"[-299,-200]",HR≥55/EDG≥5.0/CV≤-/μ≥1.0/TP≥50,61.15,5.0,,1.0,50.0,300,260,159,101,61.15,-11.86,-20.43,-3.29,-30.826,0.077,13
"[-299,-200]",HR≥55/EDG≥5.0/CV≤-/μ≥1.0/TP≥55,61.15,5.0,,1.0,55.0,300,260,159,101,61.15,-11.86,-20.43,-3.29,-30.826,0.077,13
"[-299,-200]",HR≥55/EDG≥5.0/CV≤-/μ≥1.0/TP≥60,61.15,5.0,,1.0,60.0,300,260,159,101,61.15,-11.86,-20.43,-3.29,-30.826,0.077,13
"[-299,-200]",HR≥55/EDG≥5.0/CV≤-/μ≥1.0/TP≥65,61.63,5.0,,1.0,65.0,283,245,151,94,61.63,-11.34,-20.13,-2.55,-27.779,0.231,13
"[-299,-200]",HR≥55/EDG≥5.0/CV≤0.7/μ≥-/TP≥-,60.53,5.0,0.7,,,42,38,23,15,60.53,-13.88,-36.34,8.58,-5.276,0.455,11
"[-299,-200]",HR≥55/EDG≥5.0/CV≤0.7/μ≥-/TP≥50,60.53,5.0,0.7,,50.0,42,38,23,15,60.53,-13.88,-36.34,8.58,-5.276,0.455,11
"[-299,-200]",HR≥55/EDG≥5.0/CV≤0.7/μ≥-/TP≥55,60.53,5.0,0.7,,55.0,42,38,23,15,60.53,-13.88,-36.34,8.58,-5.276,0.455,11
"[-299,-200]",HR≥55/EDG≥5.0/CV≤0.7/μ≥-/TP≥60,60.53,5.0,0.7,,60.0,42,38,23,15,60.53,-13.88,-36.34,8.58,-5.276,0.455,11
"[-299,-200]",HR≥55/EDG≥5.0/CV≤0.7/μ≥-/TP≥65,59.46,5.0,0.7,,65.0,41,37,22,15,59.46,-15.61,-38.42,7.2,-5.776,0.364,11
"[-299,-200]",HR≥55/EDG≥5.0/CV≤0.7/μ≥0.0/TP≥-,60.53,5.0,0.7,0.0,,42,38,23,15,60.53,-13.88,-36.34,8.58,-5.276,0.455,11
"[-299,-200]",HR≥55/EDG≥5.0/CV≤0.7/μ≥0.0/TP≥50,60.53,5.0,0.7,0.0,50.0,42,38,23,15,60.53,-13.88,-36.34,8.58,-5.276,0.455,11
"[-299,-200]",HR≥55/EDG≥5.0/CV≤0.7/μ≥0.0/TP≥55,60.53,5.0,0.7,0.0,55.0,42,38,23,15,60.53,-13.88,-36.34,8.58,-5.276,0.455,11
"[-299,-200]",HR≥55/EDG≥5.0/CV≤0.7/μ≥0.0/TP≥60,60.53,5.0,0.7,0.0,60.0,42,38,23,15,60.53,-13.88,-36.34,8.58,-5.276,0.455,11
"[-299,-200]",HR≥55/EDG≥5.0/CV≤0.7/μ≥0.0/TP≥65,59.46,5.0,0.7,0.0,65.0,41,37,22,15,59.46,-15.61,-38.42,7.2,-5.776,0.364,11
"[-299,-200]",HR≥55/EDG≥5.0/CV≤0.7/μ≥0.5/TP≥-,60.53,5.0,0.7,0.5,,42,38,23,15,60.53,-13.88,-36.34,8.58,-5.276,0.455,11
"[-299,-200]",HR≥55/EDG≥5.0/CV≤0.7/μ≥0.5/TP≥50,60.53,5.0,0.7,0.5,50.0,42,38,23,15,60.53,-13.88,-36.34,8.58,-5.276,0.455,11
"[-299,-200]",HR≥55/EDG≥5.0/CV≤0.7/μ≥0.5/TP≥55,60.53,5.0,0.7,0.5,55.0,42,38,23,15,60.53,-13.88,-36.34,8.58,-5.276,0.455,11
"[-299,-200]",HR≥55/EDG≥5.0/CV≤0.7/μ≥0.5/TP≥60,60.53,5.0,0.7,0.5,60.0,42,38,23,15,60.53,-13.88,-36.34,8.58,-5.276,0.455,11
"[-299,-200]",HR≥55/EDG≥5.0/CV≤0.7/μ≥0.5/TP≥65,59.46,5.0,0.7,0.5,65.0,41,37,22,15,59.46,-15.61,-38.42,7.2,-5.776,0.364,11
"[-299,-200]",HR≥55/EDG≥5.0/CV≤0.7/μ≥1.0/TP≥-,65.62,5.0,0.7,1.0,,35,32,21,11,65.62,-6.83,-30.63,16.98,-2.185,0.636,11
"[-299,-200]",HR≥55/EDG≥5.0/CV≤0.7/μ≥1.0/TP≥50,65.62,5.0,0.7,1.0,50.0,35,32,21,11,65.62,-6.83,-30.63,16.98,-2.185,0.636,11
"[-299,-200]",HR≥55/EDG≥5.0/CV≤0.7/μ≥1.0/TP≥55,65.62,5.0,0.7,1.0,55.0,35,32,21,11,65.62,-6.83,-30.63,16.98,-2.185,0.636,11
"[-299,-200]",HR≥55/EDG≥5.0/CV≤0.7/μ≥1.0/TP≥60,65.62,5.0,0.7,1.0,60.0,35,32,21,11,65.62,-6.83,-30.63,16.98,-2.185,0.636,11
"[-299,-200]",HR≥55/EDG≥5.0/CV≤0.7/μ≥1.0/TP≥65,64.52,5.0,0.7,1.0,65.0,34,31,20,11,64.52,-8.66,-32.97,15.64,-2.685,0.636,11
"[-299,-200]",HR≥55/EDG≥10.0/CV≤-/μ≥-/TP≥-,63.29,10.0,,,,277,237,150,87,63.29,-8.61,-17.51,0.28,-20.411,0.308,13
"[-299,-200]",HR≥55/EDG≥10.0/CV≤-/μ≥-/TP≥50,63.29,10.0,,,50.0,277,237,150,87,63.29,-8.61,-17.51,0.28,-20.411,0.308,13
"[-299,-200]",HR≥55/EDG≥10.0/CV≤-/μ≥-/TP≥55,63.29,10.0,,,55.0,277,237,150,87,63.29,-8.61,-17.51,0.28,-20.411,0.308,13
"[-299,-200]",HR≥55/EDG≥10.0/CV≤-/μ≥-/TP≥60,63.29,10.0,,,60.0,277,237,150,87,63.29,-8.61,-17.51,0.28,-20.411,0.308,13
"[-299,-200]",HR≥55/EDG≥10.0/CV≤-/μ≥-/TP≥65,63.27,10.0,,,65.0,265,226,143,83,63.27,-8.79,-17.88,0.31,-19.863,0.385,13
"[-299,-200]",HR≥55/EDG≥10.0/CV≤-/μ≥0.0/TP≥-,63.29,10.0,,0.0,,277,237,150,87,63.29,-8.61,-17.51,0.28,-20.411,0.308,13
"[-299,-200]",HR≥55/EDG≥10.0/CV≤-/μ≥0.0/TP≥50,63.29,10.0,,0.0,50.0,277,237,150,87,63.29,-8.61,-17.51,0.28,-20.411,0.308,13
"[-299,-200]",HR≥55/EDG≥10.0/CV≤-/μ≥0.0/TP≥55,63.29,10.0,,0.0,55.0,277,237,150,87,63.29,-8.61,-17.51,0.28,-20.411,0.308,13
"[-299,-200]",HR≥55/EDG≥10.0/CV≤-/μ≥0.0/TP≥60,63.29,10.0,,0.0,60.0,277,237,150,87,63.29,-8.61,-17.51,0.28,-20.411,0.308,13
"[-299,-200]",HR≥55/EDG≥10.0/CV≤-/μ≥0.0/TP≥65,63.27,10.0,,0.0,65.0,265,226,143,83,63.27,-8.79,-17.88,0.31,-19.863,0.385,13
"[-299,-200]",HR≥55/EDG≥10.0/CV≤-/μ≥0.5/TP≥-,63.29,10.0,,0.5,,276,237,150,87,63.29,-8.61,-17.51,0.28,-20.411,0.308,13
"[-299,-200]",HR≥55/EDG≥10.0/CV≤-/μ≥0.5/TP≥50,63.29,10.0,,0.5,50.0,276,237,150,87,63.29,-8.61,-17.51,0.28,-20.411,0.308,13
"[-299,-200]",HR≥55/EDG≥10.0/CV≤-/μ≥0.5/TP≥55,63.29,10.0,,0.5,55.0,276,237,150,87,63.29,-8.61,-17.51,0.28,-20.411,0.308,13
"[-299,-200]",HR≥55/EDG≥10.0/CV≤-/μ≥0.5/TP≥60,63.29,10.0,,0.5,60.0,276,237,150,87,63.29,-8.61,-17.51,0.28,-20.411,0.308,13
"[-299,-200]",HR≥55/EDG≥10.0/CV≤-/μ≥0.5/TP≥65,63.27,10.0,,0.5,65.0,264,226,143,83,63.27,-8.79,-17.88,0.31,-19.863,0.385,13
"[-299,-200]",HR≥55/EDG≥10.0/CV≤-/μ≥1.0/TP≥-,63.18,10.0,,1.0,,257,220,139,81,63.18,-8.84,-18.07,0.39,-19.444,0.308,13
"[-299,-200]",HR≥55/EDG≥10.0/CV≤-/μ≥1.0/TP≥50,63.18,10.0,,1.0,50.0,257,220,139,81,63.18,-8.84,-18.07,0.39,-19.444,0.308,13
"[-299,-200]",HR≥55/EDG≥10.0/CV≤-/μ≥1.0/TP≥55,63.18,10.0,,1.0,55.0,257,220,139,81,63.18,-8.84,-18.07,0.39,-19.444,0.308,13
"[-299,-200]",HR≥55/EDG≥10.0/CV≤-/μ≥1.0/TP≥60,63.18,10.0,,1.0,60.0,257,220,139,81,63.18,-8.84,-18.07,0.39,-19.444,0.308,13
"[-299,-200]",HR≥55/EDG≥10.0/CV≤-/μ≥1.0/TP≥65,63.16,10.0,,1.0,65.0,245,209,132,77,63.16,-9.04,-18.5,0.42,-18.896,0.308,13
"[-299,-200]",HR≥55/EDG≥10.0/CV≤0.7/μ≥-/TP≥-,66.67,10.0,0.7,,,37,33,22,11,66.67,-4.93,-28.28,18.43,-1.627,0.545,11
"[-299,-200]",HR≥55/EDG≥10.0/CV≤0.7/μ≥-/TP≥50,66.67,10.0,0.7,,50.0,37,33,22,11,66.67,-4.93,-28.28,18.43,-1.627,0.545,11
"[-299,-200]",HR≥55/EDG≥10.0/CV≤0.7/μ≥-/TP≥55,66.67,10.0,0.7,,55.0,37,33,22,11,66.67,-4.93,-28.28,18.43,-1.627,0.545,11
"[-299,-200]",HR≥55/EDG≥10.0/CV≤0.7/μ≥-/TP≥60,66.67,10.0,0.7,,60.0,37,33,22,11,66.67,-4.93,-28.28,18.43,-1.627,0.545,11
"[-299,-200]",HR≥55/EDG≥10.0/CV≤0.7/μ≥-/TP≥65,65.62,10.0,0.7,,65.0,36,32,21,11,65.62,-6.65,-30.49,17.2,-2.127,0.545,11
"[-299,-200]",HR≥55/EDG≥10.0/CV≤0.7/μ≥0.0/TP≥-,66.67,10.0,0.7,0.0,,37,33,22,11,66.67,-4.93,-28.28,18.43,-1.627,0.545,11
"[-299,-200]",HR≥55/EDG≥10.0/CV≤0.7/μ≥0.0/TP≥50,66.67,10.0,0.7,0.0,50.0,37,33,22,11,66.67,-4.93,-28.28,18.43,-1.627,0.545,11
"[-299,-200]",HR≥55/EDG≥10.0/CV≤0.7/μ≥0.0/TP≥55,66.67,10.0,0.7,0.0,55.0,37,33,22,11,66.67,-4.93,-28.28,18.43,-1.627,0.545,11
"[-299,-200]",HR≥55/EDG≥10.0/CV≤0.7/μ≥0.0/TP≥60,66.67,10.0,0.7,0.0,60.0,37,33,22,11,66.67,-4.93,-28.28,18.43,-1.627,0.545,11
"[-299,-200]",HR≥55/EDG≥10.0/CV≤0.7/μ≥0.0/TP≥65,65.62,10.0,0.7,0.0,65.0,36,32,21,11,65.62,-6.65,-30.49,17.2,-2.127,0.545,11
"[-299,-200]",HR≥55/EDG≥10.0/CV≤0.7/μ≥0.5/TP≥-,66.67,10.0,0.7,0.5,,37,33,22,11,66.67,-4.93,-28.28,18.43,-1.627,0.545,11
"[-299,-200]",HR≥55/EDG≥10.0/CV≤0.7/μ≥0.5/TP≥50,66.67,10.0,0.7,0.5,50.0,37,33,22,11,66.67,-4.93,-28.28,18.43,-1.627,0.545,11
"[-299,-200]",HR≥55/EDG≥10.0/CV≤0.7/μ≥0.5/TP≥55,66.67,10.0,0.7,0.5,55.0,37,33,22,11,66.67,-4.93,-28.28,18.43,-1.627,0.545,11
"[-299,-200]",HR≥55/EDG≥10.0/CV≤0.7/μ≥0.5/TP≥60,66.67,10.0,0.7,0.5,60.0,37,33,22,11,66.67,-4.93,-28.28,18.43,-1.627,0.545,11
"[-299,-200]",HR≥55/EDG≥10.0/CV≤0.7/μ≥0.5/TP≥65,65.62,10.0,0.7,0.5,65.0,36,32,21,11,65.62,-6.65,-30.49,17.2,-2.127,0.545,11
"[-299,-200]",HR≥55/EDG≥10.0/CV≤0.7/μ≥1.0/TP≥-,66.67,10.0,0.7,1.0,,33,30,20,10,66.67,-5.12,-29.61,19.37,-1.536,0.636,11
"[-299,-200]",HR≥55/EDG≥10.0/CV≤0.7/μ≥1.0/TP≥50,66.67,10.0,0.7,1.0,50.0,33,30,20,10,66.67,-5.12,-29.61,19.37,-1.536,0.636,11
"[-299,-200]",HR≥55/EDG≥10.0/CV≤0.7/μ≥1.0/TP≥55,66.67,10.0,0.7,1.0,55.0,33,30,20,10,66.67,-5.12,-29.61,19.37,-1.536,0.636,11
"[-299,-200]",HR≥55/EDG≥10.0/CV≤0.7/μ≥1.0/TP≥60,66.67,10.0,0.7,1.0,60.0,33,30,20,10,66.67,-5.12,-29.61,19.37,-1.536,0.636,11
"[-299,-200]",HR≥60/EDG≥-/CV≤-/μ≥-/TP≥-,57.53,,,,,498,445,256,189,57.53,-17.25,-23.87,-10.63,-76.756,0.154,13
"[-299,-200]",HR≥60/EDG≥-/CV≤-/μ≥-/TP≥50,57.53,,,,50.0,498,445,256,189,57.53,-17.25,-23.87,-10.63,-76.756,0.154,13
"[-299,-200]",HR≥60/EDG≥-/CV≤-/μ≥-/TP≥55,57.53,,,,55.0,491,438,252,186,57.53,-17.24,-23.92,-10.57,-75.52,0.154,13
"[-299,-200]",HR≥60/EDG≥-/CV≤-/μ≥-/TP≥60,58.33,,,,60.0,473,420,245,175,58.33,-16.08,-22.88,-9.28,-67.536,0.154,13
"[-299,-200]",HR≥60/EDG≥-/CV≤-/μ≥-/TP≥65,56.1,,,,65.0,385,344,193,151,56.1,-19.64,-27.17,-12.11,-67.567,0.0,13
"[-299,-200]",HR≥60/EDG≥-/CV≤-/μ≥0.0/TP≥-,57.53,,,0.0,,498,445,256,189,57.53,-17.25,-23.87,-10.63,-76.756,0.154,13
"[-299,-200]",HR≥60/EDG≥-/CV≤-/μ≥0.0/TP≥50,57.53,,,0.0,50.0,498,445,256,189,57.53,-17.25,-23.87,-10.63,-76.756,0.154,13
"[-299,-200]",HR≥60/EDG≥-/CV≤-/μ≥0.0/TP≥55,57.53,,,0.0,55.0,491,438,252,186,57.53,-17.24,-23.92,-10.57,-75.52,0.154,13
"[-299,-200]",HR≥60/EDG≥-/CV≤-/μ≥0.0/TP≥60,58.33,,,0.0,60.0,473,420,245,175,58.33,-16.08,-22.88,-9.28,-67.536,0.154,13
"[-299,-200]",HR≥60/EDG≥-/CV≤-/μ≥0.0/TP≥65,56.1,,,0.0,65.0,385,344,193,151,56.1,-19.64,-27.17,-12.11,-67.567,0.0,13
"[-299,-200]",HR≥60/EDG≥-/CV≤-/μ≥0.5/TP≥-,58.46,,,0.5,,450,402,235,167,58.46,-15.96,-22.9,-9.01,-64.155,0.077,13
"[-299,-200]",HR≥60/EDG≥-/CV≤-/μ≥0.5/TP≥50,58.46,,,0.5,50.0,450,402,235,167,58.46,-15.96,-22.9,-9.01,-64.155,0.077,13
"[-299,-200]",HR≥60/EDG≥-/CV≤-/μ≥0.5/TP≥55,58.46,,,0.5,55.0,450,402,235,167,58.46,-15.96,-22.9,-9.01,-64.155,0.077,13
"[-299,-200]",HR≥60/EDG≥-/CV≤-/μ≥0.5/TP≥60,58.15,,,0.5,60.0,447,399,232,167,58.15,-16.41,-23.38,-9.43,-65.459,0.077,13
"[-299,-200]",HR≥60/EDG≥-/CV≤-/μ≥0.5/TP≥65,56.19,,,0.5,65.0,370,331,186,145,56.19,-19.51,-27.19,-11.83,-64.583,0.077,13
"[-299,-200]",HR≥60/EDG≥-/CV≤-/μ≥1.0/TP≥-,59.36,,,1.0,,285,251,149,102,59.36,-14.79,-23.55,-6.04,-37.134,0.077,13
"[-299,-200]",HR≥60/EDG≥-/CV≤-/μ≥1.0/TP≥50,59.36,,,1.0,50.0,285,251,149,102,59.36,-14.79,-23.55,-6.04,-37.134,0.077,13
"[-299,-200]",HR≥60/EDG≥-/CV≤-/μ≥1.0/TP≥55,59.36,,,1.0,55.0,285,251,149,102,59.36,-14.79,-23.55,-6.04,-37.134,0.077,13
"[-299,-200]",HR≥60/EDG≥-/CV≤-/μ≥1.0/TP≥60,59.36,,,1.0,60.0,285,251,149,102,59.36,-14.79,-23.55,-6.04,-37.134,0.077,13
"[-299,-200]",HR≥60/EDG≥-/CV≤-/μ≥1.0/TP≥65,60.0,,,1.0,65.0,267,235,141,94,60.0,-14.05,-23.06,-5.04,-33.017,0.154,13
"[-299,-200]",HR≥60/EDG≥-/CV≤0.7/μ≥-/TP≥-,55.56,,0.7,,,49,45,25,20,55.56,-21.01,-41.93,-0.1,-9.456,0.182,11
"[-299,-200]",HR≥60/EDG≥-/CV≤0.7/μ≥-/TP≥50,55.56,,0.7,,50.0,49,45,25,20,55.56,-21.01,-41.93,-0.1,-9.456,0.182,11
"[-299,-200]",HR≥60/EDG≥-/CV≤0.7/μ≥-/TP≥55,55.56,,0.7,,55.0,49,45,25,20,55.56,-21.01,-41.93,-0.1,-9.456,0.182,11
"[-299,-200]",HR≥60/EDG≥-/CV≤0.7/μ≥-/TP≥60,56.82,,0.7,,60.0,48,44,25,19,56.82,-19.22,-40.31,1.87,-8.456,0.182,11
"[-299,-200]",HR≥60/EDG≥-/CV≤0.7/μ≥-/TP≥65,60.0,,0.7,,65.0,44,40,24,16,60.0,-14.89,-36.75,6.96,-5.956,0.364,11
"[-299,-200]",HR≥60/EDG≥-/CV≤0.7/μ≥0.0/TP≥-,55.56,,0.7,0.0,,49,45,25,20,55.56,-21.01,-41.93,-0.1,-9.456,0.182,11
"[-299,-200]",HR≥60/EDG≥-/CV≤0.7/μ≥0.0/TP≥50,55.56,,0.7,0.0,50.0,49,45,25,20,55.56,-21.01,-41.93,-0.1,-9.456,0.182,11
"[-299,-200]",HR≥60/EDG≥-/CV≤0.7/μ≥0.0/TP≥55,55.56,,0.7,0.0,55.0,49,45,25,20,55.56,-21.01,-41.93,-0.1,-9.456,0.182,11
"[-299,-200]",HR≥60/EDG≥-/CV≤0.7/μ≥0.0/TP≥60,56.82,,0.7,0.0,60.0,48,44,25,19,56.82,-19.22,-40.31,1.87,-8.456,0.182,11
"[-299,-200]",HR≥60/EDG≥-/CV≤0.7/μ≥0.0/TP≥65,60.0,,0.7,0.0,65.0,44,40,24,16,60.0,-14.89,-36.75,6.96,-5.956,0.364,11
"[-299,-200]",HR≥60/EDG≥-/CV≤0.7/μ≥0.5/TP≥-,56.82,,0.7,0.5,,48,44,25,19,56.82,-19.22,-40.31,1.87,-8.456,0.182,11
"[-299,-200]",HR≥60/EDG≥-/CV≤0.7/μ≥0.5/TP≥50,56.82,,0.7,0.5,50.0,48,44,25,19,56.82,-19.22,-40.31,1.87,-8.456,0.182,11
"[-299,-200]",HR≥60/EDG≥-/CV≤0.7/μ≥0.5/TP≥55,56.82,,0.7,0.5,55.0,48,44,25,19,56.82,-19.22,-40.31,1.87,-8.456,0.182,11
"[-299,-200]",HR≥60/EDG≥-/CV≤0.7/μ≥0.5/TP≥60,56.82,,0.7,0.5,60.0,48,44,25,19,56.82,-19.22,-40.31,1.87,-8.456,0.182,11
"[-299,-200]",HR≥60/EDG≥-/CV≤0.7/μ≥0.5/TP≥65,60.0,,0.7,0.5,65.0,44,40,24,16,60.0,-14.89,-36.75,6.96,-5.956,0.364,11
"[-299,-200]",HR≥60/EDG≥-/CV≤0.7/μ≥1.0/TP≥-,65.62,,0.7,1.0,,35,32,21,11,65.62,-6.83,-30.63,16.98,-2.185,0.636,11
"[-299,-200]",HR≥60/EDG≥-/CV≤0.7/μ≥1.0/TP≥50,65.62,,0.7,1.0,50.0,35,32,21,11,65.62,-6.83,-30.63,16.98,-2.185,0.636,11
"[-299,-200]",HR≥60/EDG≥-/CV≤0.7/μ≥1.0/TP≥55,65.62,,0.7,1.0,55.0,35,32,21,11,65.62,-6.83,-30.63,16.98,-2.185,0.636,11
"[-299,-200]",HR≥60/EDG≥-/CV≤0.7/μ≥1.0/TP≥60,65.62,,0.7,1.0,60.0,35,32,21,11,65.62,-6.83,-30.63,16.98,-2.185,0.636,11
"[-299,-200]",HR≥60/EDG≥-/CV≤0.7/μ≥1.0/TP≥65,64.52,,0.7,1.0,65.0,34,31,20,11,64.52,-8.66,-32.97,15.64,-2.685,0.636,11
"[-299,-200]",HR≥60/EDG≥-5.0/CV≤-/μ≥-/TP≥-,57.6,-5.0,,,,423,375,216,159,57.6,-17.03,-24.25,-9.8,-63.853,0.154,13
"[-299,-200]",HR≥60/EDG≥-5.0/CV≤-/μ≥-/TP≥50,57.6,-5.0,,,50.0,423,375,216,159,57.6,-17.03,-24.25,-9.8,-63.853,0.154,13
"[-299,-200]",HR≥60/EDG≥-5.0/CV≤-/μ≥-/TP≥55,57.6,-5.0,,,55.0,423,375,216,159,57.6,-17.03,-24.25,-9.8,-63.853,0.154,13
"[-299,-200]",HR≥60/EDG≥-5.0/CV≤-/μ≥-/TP≥60,57.6,-5.0,,,60.0,423,375,216,159,57.6,-17.03,-24.25,-9.8,-63.853,0.154,13
"[-299,-200]",HR≥60/EDG≥-5.0/CV≤-/μ≥-/TP≥65,56.93,-5.0,,,65.0,372,332,189,143,56.93,-18.4,-26.06,-10.75,-61.1,0.077,13
"[-299,-200]",HR≥60/EDG≥-5.0/CV≤-/μ≥0.0/TP≥-,57.6,-5.0,,0.0,,423,375,216,159,57.6,-17.03,-24.25,-9.8,-63.853,0.154,13
"[-299,-200]",HR≥60/EDG≥-5.0/CV≤-/μ≥0.0/TP≥50,57.6,-5.0,,0.0,50.0,423,375,216,159,57.6,-17.03,-24.25,-9.8,-63.853,0.154,13
"[-299,-200]",HR≥60/EDG≥-5.0/CV≤-/μ≥0.0/TP≥55,57.6,-5.0,,0.0,55.0,423,375,216,159,57.6,-17.03,-24.25,-9.8,-63.853,0.154,13
"[-299,-200]",HR≥60/EDG≥-5.0/CV≤-/μ≥0.0/TP≥60,57.6,-5.0,,0.0,60.0,423,375,216,159,57.6,-17.03,-24.25,-9.8,-63.853,0.154,13
"[-299,-200]",HR≥60/EDG≥-5.0/CV≤-/μ≥0.0/TP≥65,56.93,-5.0,,0.0,65.0,372,332,189,143,56.93,-18.4,-26.06,-10.75,-61.1,0.077,13
"[-299,-200]",HR≥60/EDG≥-5.0/CV≤-/μ≥0.5/TP≥-,57.34,-5.0,,0.5,,407,361,207,154,57.34,-17.44,-24.81,-10.08,-62.969,0.154,13
"[-299,-200]",HR≥60/EDG≥-5.0/CV≤-/μ≥0.5/TP≥50,57.34,-5.0,,0.5,50.0,407,361,207,154,57.34,-17.44,-24.81,-10.08,-62.969,0.154,13
"[-299,-200]",HR≥60/EDG≥-5.0/CV≤-/μ≥0.5/TP≥55,57.34,-5.0,,0.5,55.0,407,361,207,154,57.34,-17.44,-24.81,-10.08,-62.969,0.154,13
"[-299,-200]",HR≥60/EDG≥-5.0/CV≤-/μ≥0.5/TP≥60,57.34,-5.0,,0.5,60.0,407,361,207,154,57.34,-17.44,-24.81,-10.08,-62.969,0.154,13
"[-299,-200]",HR≥60/EDG≥-5.0/CV≤-/μ≥0.5/TP≥65,57.01,-5.0,,0.5,65.0,359,321,183,138,57.01,-18.29,-26.08,-10.51,-58.716,0.154,13
"[-299,-200]",HR≥60/EDG≥-5.0/CV≤-/μ≥1.0/TP≥-,59.92,-5.0,,1.0,,281,247,148,99,59.92,-13.98,-22.78,-5.17,-34.518,0.154,13
"[-299,-200]",HR≥60/EDG≥-5.0/CV≤-/μ≥1.0/TP≥50,59.92,-5.0,,1.0,50.0,281,247,148,99,59.92,-13.98,-22.78,-5.17,-34.518,0.154,13
"[-299,-200]",HR≥60/EDG≥-5.0/CV≤-/μ≥1.0/TP≥55,59.92,-5.0,,1.0,55.0,281,247,148,99,59.92,-13.98,-22.78,-5.17,-34.518,0.154,13
"[-299,-200]",HR≥60/EDG≥-5.0/CV≤-/μ≥1.0/TP≥60,59.92,-5.0,,1.0,60.0,281,247,148,99,59.92,-13.98,-22.78,-5.17,-34.518,0.154,13
"[-299,-200]",HR≥60/EDG≥-5.0/CV≤-/μ≥1.0/TP≥65,60.34,-5.0,,1.0,65.0,264,232,140,92,60.34,-13.54,-22.59,-4.48,-31.402,0.154,13
"[-299,-200]",HR≥60/EDG≥-5.0/CV≤0.7/μ≥-/TP≥-,58.14,-5.0,0.7,,,47,43,25,18,58.14,-17.34,-38.6,3.92,-7.456,0.273,11
"[-299,-200]",HR≥60/EDG≥-5.0/CV≤0.7/μ≥-/TP≥50,58.14,-5.0,0.7,,50.0,47,43,25,18,58.14,-17.34,-38.6,3.92,-7.456,0.273,11
"[-299,-200]",HR≥60/EDG≥-5.0/CV≤0.7/μ≥-/TP≥55,58.14,-5.0,0.7,,55.0,47,43,25,18,58.14,-17.34,-38.6,3.92,-7.456,0.273,11
"[-299,-200]",HR≥60/EDG≥-5.0/CV≤0.7/μ≥-/TP≥60,58.14,-5.0,0.7,,60.0,47,43,25,18,58.14,-17.34,-38.6,3.92,-7.456,0.273,11
"[-299,-200]",HR≥60/EDG≥-5.0/CV≤0.7/μ≥-/TP≥65,60.0,-5.0,0.7,,65.0,44,40,24,16,60.0,-14.89,-36.75,6.96,-5.956,0.364,11
"[-299,-200]",HR≥60/EDG≥-5.0/CV≤0.7/μ≥0.0/TP≥-,58.14,-5.0,0.7,0.0,,47,43,25,18,58.14,-17.34,-38.6,3.92,-7.456,0.273,11
"[-299,-200]",HR≥60/EDG≥-5.0/CV≤0.7/μ≥0.0/TP≥50,58.14,-5.0,0.7,0.0,50.0,47,43,25,18,58.14,-17.34,-38.6,3.92,-7.456,0.273,11
"[-299,-200]",HR≥60/EDG≥-5.0/CV≤0.7/μ≥0.0/TP≥55,58.14,-5.0,0.7,0.0,55.0,47,43,25,18,58.14,-17.34,-38.6,3.92,-7.456,0.273,11
"[-299,-200]",HR≥60/EDG≥-5.0/CV≤0.7/μ≥0.0/TP≥60,58.14,-5.0,0.7,0.0,60.0,47,43,25,18,58.14,-17.34,-38.6,3.92,-7.456,0.273,11
"[-299,-200]",HR≥60/EDG≥-5.0/CV≤0.7/μ≥0.0/TP≥65,60.0,-5.0,0.7,0.0,65.0,44,40,24,16,60.0,-14.89,-36.75,6.96,-5.956,0.364,11
"[-299,-200]",HR≥60/EDG≥-5.0/CV≤0.7/μ≥0.5/TP≥-,58.14,-5.0,0.7,0.5,,47,43,25,18,58.14,-17.34,-38.6,3.92,-7.456,0.273,11
"[-299,-200]",HR≥60/EDG≥-5.0/CV≤0.7/μ≥0.5/TP≥50,58.14,-5.0,0.7,0.5,50.0,47,43,25,18,58.14,-17.34,-38.6,3.92,-7.456,0.273,11
"[-299,-200]",HR≥60/EDG≥-5.0/CV≤0.7/μ≥0.5/TP≥55,58.14,-5.0,0.7,0.5,55.0,47,43,25,18,58.14,-17.34,-38.6,3.92,-7.456,0.273,11
"[-299,-200]",HR≥60/EDG≥-5.0/CV≤0.7/μ≥0.5/TP≥60,58.14,-5.0,0.7,0.5,60.0,47,43,25,18,58.14,-17.34,-38.6,3.92,-7.456,0.273,11
"[-299,-200]",HR≥60/EDG≥-5.0/CV≤0.7/μ≥0.5/TP≥65,60.0,-5.0,0.7,0.5,65.0,44,40,24,16,60.0,-14.89,-36.75,6.96,-5.956,0.364,11
"[-299,-200]",HR≥60/EDG≥-5.0/CV≤0.7/μ≥1.0/TP≥-,65.62,-5.0,0.7,1.0,,35,32,21,11,65.62,-6.83,-30.63,16.98,-2.185,0.636,11
"[-299,-200]",HR≥60/EDG≥-5.0/CV≤0.7/μ≥1.0/TP≥50,65.62,-5.0,0.7,1.0,50.0,35,32,21,11,65.62,-6.83,-30.63,16.98,-2.185,0.636,11
"[-299,-200]",HR≥60/EDG≥-5.0/CV≤0.7/μ≥1.0/TP≥55,65.62,-5.0,0.7,1.0,55.0,35,32,21,11,65.62,-6.83,-30.63,16.98,-2.185,0.636,11
"[-299,-200]",HR≥60/EDG≥-5.0/CV≤0.7/μ≥1.0/TP≥60,65.62,-5.0,0.7,1.0,60.0,35,32,21,11,65.62,-6.83,-30.63,16.98,-2.185,0.636,11
"[-299,-200]",HR≥60/EDG≥-5.0/CV≤0.7/μ≥1.0/TP≥65,64.52,-5.0,0.7,1.0,65.0,34,31,20,11,64.52,-8.66,-32.97,15.64,-2.685,0.636,11
"[-299,-200]",HR≥60/EDG≥0.0/CV≤-/μ≥-/TP≥-,57.0,0.0,,,,332,293,167,126,57.0,-18.04,-26.22,-9.86,-52.863,0.0,13
"[-299,-200]",HR≥60/EDG≥0.0/CV≤-/μ≥-/TP≥50,57.0,0.0,,,50.0,332,293,167,126,57.0,-18.04,-26.22,-9.86,-52.863,0.0,13
"[-299,-200]",HR≥60/EDG≥0.0/CV≤-/μ≥-/TP≥55,57.0,0.0,,,55.0,332,293,167,126,57.0,-18.04,-26.22,-9.86,-52.863,0.0,13
"[-299,-200]",HR≥60/EDG≥0.0/CV≤-/μ≥-/TP≥60,57.0,0.0,,,60.0,332,293,167,126,57.0,-18.04,-26.22,-9.86,-52.863,0.0,13
"[-299,-200]",HR≥60/EDG≥0.0/CV≤-/μ≥-/TP≥65,57.4,0.0,,,65.0,313,277,159,118,57.4,-17.62,-26.01,-9.24,-48.815,0.077,13
"[-299,-200]",HR≥60/EDG≥0.0/CV≤-/μ≥0.0/TP≥-,57.0,0.0,,0.0,,332,293,167,126,57.0,-18.04,-26.22,-9.86,-52.863,0.0,13
"[-299,-200]",HR≥60/EDG≥0.0/CV≤-/μ≥0.0/TP≥50,57.0,0.0,,0.0,50.0,332,293,167,126,57.0,-18.04,-26.22,-9.86,-52.863,0.0,13
"[-299,-200]",HR≥60/EDG≥0.0/CV≤-/μ≥0.0/TP≥55,57.0,0.0,,0.0,55.0,332,293,167,126,57.0,-18.04,-26.22,-9.86,-52.863,0.0,13
"[-299,-200]",HR≥60/EDG≥0.0/CV≤-/μ≥0.0/TP≥60,57.0,0.0,,0.0,60.0,332,293,167,126,57.0,-18.04,-26.22,-9.86,-52.863,0.0,13
"[-299,-200]",HR≥60/EDG≥0.0/CV≤-/μ≥0.0/TP≥65,57.4,0.0,,0.0,65.0,313,277,159,118,57.4,-17.62,-26.01,-9.24,-48.815,0.077,13
"[-299,-200]",HR≥60/EDG≥0.0/CV≤-/μ≥0.5/TP≥-,56.7,0.0,,0.5,,329,291,165,126,56.7,-18.51,-26.72,-10.3,-53.863,0.0,13
"[-299,-200]",HR≥60/EDG≥0.0/CV≤-/μ≥0.5/TP≥50,56.7,0.0,,0.5,50.0,329,291,165,126,56.7,-18.51,-26.72,-10.3,-53.863,0.0,13
"[-299,-200]",HR≥60/EDG≥0.0/CV≤-/μ≥0.5/TP≥55,56.7,0.0,,0.5,55.0,329,291,165,126,56.7,-18.51,-26.72,-10.3,-53.863,0.0,13
"[-299,-200]",HR≥60/EDG≥0.0/CV≤-/μ≥0.5/TP≥60,56.7,0.0,,0.5,60.0,329,291,165,126,56.7,-18.51,-26.72,-10.3,-53.863,0.0,13
"[-299,-200]",HR≥60/EDG≥0.0/CV≤-/μ≥0.5/TP≥65,57.09,0.0,,0.5,65.0,310,275,157,118,57.09,-18.11,-26.53,-9.7,-49.815,0.077,13
"[-299,-200]",HR≥60/EDG≥0.0/CV≤-/μ≥1.0/TP≥-,58.62,0.0,,1.0,,265,232,136,96,58.62,-15.82,-24.95,-6.68,-36.691,0.077,13
"[-299,-200]",HR≥60/EDG≥0.0/CV≤-/μ≥1.0/TP≥50,58.62,0.0,,1.0,50.0,265,232,136,96,58.62,-15.82,-24.95,-6.68,-36.691,0.077,13
"[-299,-200]",HR≥60/EDG≥0.0/CV≤-/μ≥1.0/TP≥55,58.62,0.0,,1.0,55.0,265,232,136,96,58.62,-15.82,-24.95,-6.68,-36.691,0.077,13
"[-299,-200]",HR≥60/EDG≥0.0/CV≤-/μ≥1.0/TP≥60,58.62,0.0,,1.0,60.0,265,232,136,96,58.62,-15.82,-24.95,-6.68,-36.691,0.077,13
"[-299,-200]",HR≥60/EDG≥0.0/CV≤-/μ≥1.0/TP≥65,59.36,0.0,,1.0,65.0,250,219,130,89,59.36,-14.91,-24.27,-5.55,-32.644,0.154,13
"[-299,-200]",HR≥60/EDG≥0.0/CV≤0.7/μ≥-/TP≥-,60.98,0.0,0.7,,,45,41,25,16,60.98,-13.31,-34.85,8.23,-5.456,0.364,11
"[-299,-200]",HR≥60/EDG≥0.0/CV≤0.7/μ≥-/TP≥50,60.98,0.0,0.7,,50.0,45,41,25,16,60.98,-13.31,-34.85,8.23,-5.456,0.364,11
"[-299,-200]",HR≥60/EDG≥0.0/CV≤0.7/μ≥-/TP≥55,60.98,0.0,0.7,,55.0,45,41,25,16,60.98,-13.31,-34.85,8.23,-5.456,0.364,11
"[-299,-200]",HR≥60/EDG≥0.0/CV≤0.7/μ≥-/TP≥60,60.98,0.0,0.7,,60.0,45,41,25,16,60.98,-13.31,-34.85,8.23,-5.456,0.364,11
"[-299,-200]",HR≥60/EDG≥0.0/CV≤0.7/μ≥-/TP≥65,60.0,0.0,0.7,,65.0,44,40,24,16,60.0,-14.89,-36.75,6.96,-5.956,0.364,11
"[-299,-200]",HR≥60/EDG≥0.0/CV≤0.7/μ≥0.0/TP≥-,60.98,0.0,0.7,0.0,,45,41,25,16,60.98,-13.31,-34.85,8.23,-5.456,0.364,11
"[-299,-200]",HR≥60/EDG≥0.0/CV≤0.7/μ≥0.0/TP≥50,60.98,0.0,0.7,0.0,50.0,45,41,25,16,60.98,-13.31,-34.85,8.23,-5.456,0.364,11
"[-299,-200]",HR≥60/EDG≥0.0/CV≤0.7/μ≥0.0/TP≥55,60.98,0.0,0.7,0.0,55.0,45,41,25,16,60.98,-13.31,-34.85,8.23,-5.456,0.364,11
"[-299,-200]",HR≥60/EDG≥0.0/CV≤0.7/μ≥0.0/TP≥60,60.98,0.0,0.7,0.0,60.0,45,41,25,16,60.98,-13.31,-34.85,8.23,-5.456,0.364,11
"[-299,-200]",HR≥60/EDG≥0.0/CV≤0.7/μ≥0.0/TP≥65,60.0,0.0,0.7,0.0,65.0,44,40,24,16,60.0,-14.89,-36.75,6.96,-5.956,0.364,11
"[-299,-200]",HR≥60/EDG≥0.0/CV≤0.7/μ≥0.5/TP≥-,60.98,0.0,0.7,0.5,,45,41,25,16,60.98,-13.31,-34.85,8.23,-5.456,0.364,11
"[-299,-200]",HR≥60/EDG≥0.0/CV≤0.7/μ≥0.5/TP≥50,60.98,0.0,0.7,0.5,50.0,45,41,25,16,60.98,-13.31,-34.85,8.23,-5.456,0.364,11
"[-299,-200]",HR≥60/EDG≥0.0/CV≤0.7/μ≥0.5/TP≥55,60.98,0.0,0.7,0.5,55.0,45,41,25,16,60.98,-13.31,-34.85,8.23,-5.456,0.364,11
"[-299,-200]",HR≥60/EDG≥0.0/CV≤0.7/μ≥0.5/TP≥60,60.98,0.0,0.7,0.5,60.0,45,41,25,16,60.98,-13.31,-34.85,8.23,-5.456,0.364,11
"[-299,-200]",HR≥60/EDG≥0.0/CV≤0.7/μ≥0.5/TP≥65,60.0,0.0,0.7,0.5,65.0,44,40,24,16,60.0,-14.89,-36.75,6.96,-5.956,0.364,11
"[-299,-200]",HR≥60/EDG≥0.0/CV≤0.7/μ≥1.0/TP≥-,65.62,0.0,0.7,1.0,,35,32,21,11,65.62,-6.83,-30.63,16.98,-2.185,0.636,11
"[-299,-200]",HR≥60/EDG≥0.0/CV≤0.7/μ≥1.0/TP≥50,65.62,0.0,0.7,1.0,50.0,35,32,21,11,65.62,-6.83,-30.63,16.98,-2.185,0.636,11
"[-299,-200]",HR≥60/EDG≥0.0/CV≤0.7/μ≥1.0/TP≥55,65.62,0.0,0.7,1.0,55.0,35,32,21,11,65.62,-6.83,-30.63,16.98,-2.185,0.636,11
"[-299,-200]",HR≥60/EDG≥0.0/CV≤0.7/μ≥1.0/TP≥60,65.62,0.0,0.7,1.0,60.0,35,32,21,11,65.62,-6.83,-30.63,16.98,-2.185,0.636,11
"[-299,-200]",HR≥60/EDG≥0.0/CV≤0.7/μ≥1.0/TP≥65,64.52,0.0,0.7,1.0,65.0,34,31,20,11,64.52,-8.66,-32.97,15.64,-2.685,0.636,11
"[-299,-200]",HR≥60/EDG≥5.0/CV≤-/μ≥-/TP≥-,59.0,5.0,,,,273,239,141,98,59.0,-15.34,-24.32,-6.36,-36.66,0.0,13
"[-299,-200]",HR≥60/EDG≥5.0/CV≤-/μ≥-/TP≥50,59.0,5.0,,,50.0,273,239,141,98,59.0,-15.34,-24.32,-6.36,-36.66,0.0,13
"[-299,-200]",HR≥60/EDG≥5.0/CV≤-/μ≥-/TP≥55,59.0,5.0,,,55.0,273,239,141,98,59.0,-15.34,-24.32,-6.36,-36.66,0.0,13
"[-299,-200]",HR≥60/EDG≥5.0/CV≤-/μ≥-/TP≥60,59.0,5.0,,,60.0,273,239,141,98,59.0,-15.34,-24.32,-6.36,-36.66,0.0,13
"[-299,-200]",HR≥60/EDG≥5.0/CV≤-/μ≥-/TP≥65,59.47,5.0,,,65.0,258,227,135,92,59.47,-14.81,-23.99,-5.62,-33.612,0.077,13
"[-299,-200]",HR≥60/EDG≥5.0/CV≤-/μ≥0.0/TP≥-,59.0,5.0,,0.0,,273,239,141,98,59.0,-15.34,-24.32,-6.36,-36.66,0.0,13
"[-299,-200]",HR≥60/EDG≥5.0/CV≤-/μ≥0.0/TP≥50,59.0,5.0,,0.0,50.0,273,239,141,98,59.0,-15.34,-24.32,-6.36,-36.66,0.0,13
"[-299,-200]",HR≥60/EDG≥5.0/CV≤-/μ≥0.0/TP≥55,59.0,5.0,,0.0,55.0,273,239,141,98,59.0,-15.34,-24.32,-6.36,-36.66,0.0,13
"[-299,-200]",HR≥60/EDG≥5.0/CV≤-/μ≥0.0/TP≥60,59.0,5.0,,0.0,60.0,273,239,141,98,59.0,-15.34,-24.32,-6.36,-36.66,0.0,13
"[-299,-200]",HR≥60/EDG≥5.0/CV≤-/μ≥0.0/TP≥65,59.47,5.0,,0.0,65.0,258,227,135,92,59.47,-14.81,-23.99,-5.62,-33.612,0.077,13
"[-299,-200]",HR≥60/EDG≥5.0/CV≤-/μ≥0.5/TP≥-,59.0,5.0,,0.5,,273,239,141,98,59.0,-15.34,-24.32,-6.36,-36.66,0.0,13
"[-299,-200]",HR≥60/EDG≥5.0/CV≤-/μ≥0.5/TP≥50,59.0,5.0,,0.5,50.0,273,239,141,98,59.0,-15.34,-24.32,-6.36,-36.66,0.0,13
"[-299,-200]",HR≥60/EDG≥5.0/CV≤-/μ≥0.5/TP≥55,59.0,5.0,,0.5,55.0,273,239,141,98,59.0,-15.34,-24.32,-6.36,-36.66,0.0,13
"[-299,-200]",HR≥60/EDG≥5.0/CV≤-/μ≥0.5/TP≥60,59.0,5.0,,0.5,60.0,273,239,141,98,59.0,-15.34,-24.32,-6.36,-36.66,0.0,13
"[-299,-200]",HR≥60/EDG≥5.0/CV≤-/μ≥0.5/TP≥65,59.47,5.0,,0.5,65.0,258,227,135,92,59.47,-14.81,-23.99,-5.62,-33.612,0.077,13
"[-299,-200]",HR≥60/EDG≥5.0/CV≤-/μ≥1.0/TP≥-,59.72,5.0,,1.0,,242,211,126,85,59.72,-14.24,-23.78,-4.7,-30.049,0.077,13
"[-299,-200]",HR≥60/EDG≥5.0/CV≤-/μ≥1.0/TP≥50,59.72,5.0,,1.0,50.0,242,211,126,85,59.72,-14.24,-23.78,-4.7,-30.049,0.077,13
"[-299,-200]",HR≥60/EDG≥5.0/CV≤-/μ≥1.0/TP≥55,59.72,5.0,,1.0,55.0,242,211,126,85,59.72,-14.24,-23.78,-4.7,-30.049,0.077,13
"[-299,-200]",HR≥60/EDG≥5.0/CV≤-/μ≥1.0/TP≥60,59.72,5.0,,1.0,60.0,242,211,126,85,59.72,-14.24,-23.78,-4.7,-30.049,0.077,13
"[-299,-200]",HR≥60/EDG≥5.0/CV≤-/μ≥1.0/TP≥65,60.3,5.0,,1.0,65.0,228,199,120,79,60.3,-13.57,-23.35,-3.78,-27.002,0.154,13
"[-299,-200]",HR≥60/EDG≥5.0/CV≤0.7/μ≥-/TP≥-,60.53,5.0,0.7,,,42,38,23,15,60.53,-13.88,-36.34,8.58,-5.276,0.455,11
"[-299,-200]",HR≥60/EDG≥5.0/CV≤0.7/μ≥-/TP≥50,60.53,5.0,0.7,,50.0,42,38,23,15,60.53,-13.88,-36.34,8.58,-5.276,0.455,11
"[-299,-200]",HR≥60/EDG≥5.0/CV≤0.7/μ≥-/TP≥55,60.53,5.0,0.7,,55.0,42,38,23,15,60.53,-13.88,-36.34,8.58,-5.276,0.455,11
"[-299,-200]",HR≥60/EDG≥5.0/CV≤0.7/μ≥-/TP≥60,60.53,5.0,0.7,,60.0,42,38,23,15,60.53,-13.88,-36.34,8.58,-5.276,0.455,11
"[-299,-200]",HR≥60/EDG≥5.0/CV≤0.7/μ≥-/TP≥65,59.46,5.0,0.7,,65.0,41,37,22,15,59.46,-15.61,-38.42,7.2,-5.776,0.364,11
"[-299,-200]",HR≥60/EDG≥5.0/CV≤0.7/μ≥0.0/TP≥-,60.53,5.0,0.7,0.0,,42,38,23,15,60.53,-13.88,-36.34,8.58,-5.276,0.455,11
"[-299,-200]",HR≥60/EDG≥5.0/CV≤0.7/μ≥0.0/TP≥50,60.53,5.0,0.7,0.0,50.0,42,38,23,15,60.53,-13.88,-36.34,8.58,-5.276,0.455,11
"[-299,-200]",HR≥60/EDG≥5.0/CV≤0.7/μ≥0.0/TP≥55,60.53,5.0,0.7,0.0,55.0,42,38,23,15,60.53,-13.88,-36.34,8.58,-5.276,0.455,11
"[-299,-200]",HR≥60/EDG≥5.0/CV≤0.7/μ≥0.0/TP≥60,60.53,5.0,0.7,0.0,60.0,42,38,23,15,60.53,-13.88,-36.34,8.58,-5.276,0.455,11
"[-299,-200]",HR≥60/EDG≥5.0/CV≤0.7/μ≥0.0/TP≥65,59.46,5.0,0.7,0.0,65.0,41,37,22,15,59.46,-15.61,-38.42,7.2,-5.776,0.364,11
"[-299,-200]",HR≥60/EDG≥5.0/CV≤0.7/μ≥0.5/TP≥-,60.53,5.0,0.7,0.5,,42,38,23,15,60.53,-13.88,-36.34,8.58,-5.276,0.455,11
"[-299,-200]",HR≥60/EDG≥5.0/CV≤0.7/μ≥0.5/TP≥50,60.53,5.0,0.7,0.5,50.0,42,38,23,15,60.53,-13.88,-36.34,8.58,-5.276,0.455,11
"[-299,-200]",HR≥60/EDG≥5.0/CV≤0.7/μ≥0.5/TP≥55,60.53,5.0,0.7,0.5,55.0,42,38,23,15,60.53,-13.88,-36.34,8.58,-5.276,0.455,11
"[-299,-200]",HR≥60/EDG≥5.0/CV≤0.7/μ≥0.5/TP≥60,60.53,5.0,0.7,0.5,60.0,42,38,23,15,60.53,-13.88,-36.34,8.58,-5.276,0.455,11
"[-299,-200]",HR≥60/EDG≥5.0/CV≤0.7/μ≥0.5/TP≥65,59.46,5.0,0.7,0.5,65.0,41,37,22,15,59.46,-15.61,-38.42,7.2,-5.776,0.364,11
"[-299,-200]",HR≥60/EDG≥5.0/CV≤0.7/μ≥1.0/TP≥-,65.62,5.0,0.7,1.0,,35,32,21,11,65.62,-6.83,-30.63,16.98,-2.185,0.636,11
"[-299,-200]",HR≥60/EDG≥5.0/CV≤0.7/μ≥1.0/TP≥50,65.62,5.0,0.7,1.0,50.0,35,32,21,11,65.62,-6.83,-30.63,16.98,-2.185,0.636,11
"[-299,-200]",HR≥60/EDG≥5.0/CV≤0.7/μ≥1.0/TP≥55,65.62,5.0,0.7,1.0,55.0,35,32,21,11,65.62,-6.83,-30.63,16.98,-2.185,0.636,11
"[-299,-200]",HR≥60/EDG≥5.0/CV≤0.7/μ≥1.0/TP≥60,65.62,5.0,0.7,1.0,60.0,35,32,21,11,65.62,-6.83,-30.63,16.98,-2.185,0.636,11
"[-299,-200]",HR≥60/EDG≥5.0/CV≤0.7/μ≥1.0/TP≥65,64.52,5.0,0.7,1.0,65.0,34,31,20,11,64.52,-8.66,-32.97,15.64,-2.685,0.636,11
"[-299,-200]",HR≥60/EDG≥10.0/CV≤-/μ≥-/TP≥-,62.57,10.0,,,,218,187,117,70,62.57,-9.91,-19.94,0.12,-18.538,0.385,13
"[-299,-200]",HR≥60/EDG≥10.0/CV≤-/μ≥-/TP≥50,62.57,10.0,,,50.0,218,187,117,70,62.57,-9.91,-19.94,0.12,-18.538,0.385,13
"[-299,-200]",HR≥60/EDG≥10.0/CV≤-/μ≥-/TP≥55,62.57,10.0,,,55.0,218,187,117,70,62.57,-9.91,-19.94,0.12,-18.538,0.385,13
"[-299,-200]",HR≥60/EDG≥10.0/CV≤-/μ≥-/TP≥60,62.57,10.0,,,60.0,218,187,117,70,62.57,-9.91,-19.94,0.12,-18.538,0.385,13
"[-299,-200]",HR≥60/EDG≥10.0/CV≤-/μ≥-/TP≥65,62.36,10.0,,,65.0,208,178,111,67,62.36,-10.39,-20.66,-0.11,-18.49,0.385,13
"[-299,-200]",HR≥60/EDG≥10.0/CV≤-/μ≥0.0/TP≥-,62.57,10.0,,0.0,,218,187,117,70,62.57,-9.91,-19.94,0.12,-18.538,0.385,13
"[-299,-200]",HR≥60/EDG≥10.0/CV≤-/μ≥0.0/TP≥50,62.57,10.0,,0.0,50.0,218,187,117,70,62.57,-9.91,-19.94,0.12,-18.538,0.385,13
"[-299,-200]",HR≥60/EDG≥10.0/CV≤-/μ≥0.0/TP≥55,62.57,10.0,,0.0,55.0,218,187,117,70,62.57,-9.91,-19.94,0.12,-18.538,0.385,13
"[-299,-200]",HR≥60/EDG≥10.0/CV≤-/μ≥0.0/TP≥60,62.57,10.0,,0.0,60.0,218,187,117,70,62.57,-9.91,-19.94,0.12,-18.538,0.385,13
"[-299,-200]",HR≥60/EDG≥10.0/CV≤-/μ≥0.0/TP≥65,62.36,10.0,,0.0,65.0,208,178,111,67,62.36,-10.39,-20.66,-0.11,-18.49,0.385,13
"[-299,-200]",HR≥60/EDG≥10.0/CV≤-/μ≥0.5/TP≥-,62.57,10.0,,0.5,,218,187,117,70,62.57,-9.91,-19.94,0.12,-18.538,0.385,13
"[-299,-200]",HR≥60/EDG≥10.0/CV≤-/μ≥0.5/TP≥50,62.57,10.0,,0.5,50.0,218,187,117,70,62.57,-9.91,-19.94,0.12,-18.538,0.385,13
"[-299,-200]",HR≥60/EDG≥10.0/CV≤-/μ≥0.5/TP≥55,62.57,10.0,,0.5,55.0,218,187,117,70,62.57,-9.91,-19.94,0.12,-18.538,0.385,13
"[-299,-200]",HR≥60/EDG≥10.0/CV≤-/μ≥0.5/TP≥60,62.57,10.0,,0.5,60.0,218,187,117,70,62.57,-9.91,-19.94,0.12,-18.538,0.385,13
"[-299,-200]",HR≥60/EDG≥10.0/CV≤-/μ≥0.5/TP≥65,62.36,10.0,,0.5,65.0,208,178,111,67,62.36,-10.39,-20.66,-0.11,-18.49,0.385,13
"[-299,-200]",HR≥60/EDG≥10.0/CV≤-/μ≥1.0/TP≥-,62.5,10.0,,1.0,,205,176,110,66,62.5,-10.09,-20.43,0.24,-17.765,0.231,13
"[-299,-200]",HR≥60/EDG≥10.0/CV≤-/μ≥1.0/TP≥50,62.5,10.0,,1.0,50.0,205,176,110,66,62.5,-10.09,-20.43,0.24,-17.765,0.231,13
"[-299,-200]",HR≥60/EDG≥10.0/CV≤-/μ≥1.0/TP≥55,62.5,10.0,,1.0,55.0,205,176,110,66,62.5,-10.09,-20.43,0.24,-17.765,0.231,13
"[-299,-200]",HR≥60/EDG≥10.0/CV≤-/μ≥1.0/TP≥60,62.5,10.0,,1.0,60.0,205,176,110,66,62.5,-10.09,-20.43,0.24,-17.765,0.231,13
"[-299,-200]",HR≥60/EDG≥10.0/CV≤-/μ≥1.0/TP≥65,62.28,10.0,,1.0,65.0,195,167,104,63,62.28,-10.61,-21.21,-0.01,-17.718,0.308,13
"[-299,-200]",HR≥60/EDG≥10.0/CV≤0.7/μ≥-/TP≥-,66.67,10.0,0.7,,,37,33,22,11,66.67,-4.93,-28.28,18.43,-1.627,0.545,11
"[-299,-200]",HR≥60/EDG≥10.0/CV≤0.7/μ≥-/TP≥50,66.67,10.0,0.7,,50.0,37,33,22,11,66.67,-4.93,-28.28,18.43,-1.627,0.545,11
"[-299,-200]",HR≥60/EDG≥10.0/CV≤0.7/μ≥-/TP≥55,66.67,10.0,0.7,,55.0,37,33,22,11,66.67,-4.93,-28.28,18.43,-1.627,0.545,11
"[-299,-200]",HR≥60/EDG≥10.0/CV≤0.7/μ≥-/TP≥60,66.67,10.0,0.7,,60.0,37,33,22,11,66.67,-4.93,-28.28,18.43,-1.627,0.545,11
"[-299,-200]",HR≥60/EDG≥10.0/CV≤0.7/μ≥-/TP≥65,65.62,10.0,0.7,,65.0,36,32,21,11,65.62,-6.65,-30.49,17.2,-2.127,0.545,11
"[-299,-200]",HR≥60/EDG≥10.0/CV≤0.7/μ≥0.0/TP≥-,66.67,10.0,0.7,0.0,,37,33,22,11,66.67,-4.93,-28.28,18.43,-1.627,0.545,11
"[-299,-200]",HR≥60/EDG≥10.0/CV≤0.7/μ≥0.0/TP≥50,66.67,10.0,0.7,0.0,50.0,37,33,22,11,66.67,-4.93,-28.28,18.43,-1.627,0.545,11
"[-299,-200]",HR≥60/EDG≥10.0/CV≤0.7/μ≥0.0/TP≥55,66.67,10.0,0.7,0.0,55.0,37,33,22,11,66.67,-4.93,-28.28,18.43,-1.627,0.545,11
"[-299,-200]",HR≥60/EDG≥10.0/CV≤0.7/μ≥0.0/TP≥60,66.67,10.0,0.7,0.0,60.0,37,33,22,11,66.67,-4.93,-28.28,18.43,-1.627,0.545,11
"[-299,-200]",HR≥60/EDG≥10.0/CV≤0.7/μ≥0.0/TP≥65,65.62,10.0,0.7,0.0,65.0,36,32,21,11,65.62,-6.65,-30.49,17.2,-2.127,0.545,11
"[-299,-200]",HR≥60/EDG≥10.0/CV≤0.7/μ≥0.5/TP≥-,66.67,10.0,0.7,0.5,,37,33,22,11,66.67,-4.93,-28.28,18.43,-1.627,0.545,11
"[-299,-200]",HR≥60/EDG≥10.0/CV≤0.7/μ≥0.5/TP≥50,66.67,10.0,0.7,0.5,50.0,37,33,22,11,66.67,-4.93,-28.28,18.43,-1.627,0.545,11
"[-299,-200]",HR≥60/EDG≥10.0/CV≤0.7/μ≥0.5/TP≥55,66.67,10.0,0.7,0.5,55.0,37,33,22,11,66.67,-4.93,-28.28,18.43,-1.627,0.545,11
"[-299,-200]",HR≥60/EDG≥10.0/CV≤0.7/μ≥0.5/TP≥60,66.67,10.0,0.7,0.5,60.0,37,33,22,11,66.67,-4.93,-28.28,18.43,-1.627,0.545,11
"[-299,-200]",HR≥60/EDG≥10.0/CV≤0.7/μ≥0.5/TP≥65,65.62,10.0,0.7,0.5,65.0,36,32,21,11,65.62,-6.65,-30.49,17.2,-2.127,0.545,11
"[-299,-200]",HR≥60/EDG≥10.0/CV≤0.7/μ≥1.0/TP≥-,66.67,10.0,0.7,1.0,,33,30,20,10,66.67,-5.12,-29.61,19.37,-1.536,0.636,11
"[-299,-200]",HR≥60/EDG≥10.0/CV≤0.7/μ≥1.0/TP≥50,66.67,10.0,0.7,1.0,50.0,33,30,20,10,66.67,-5.12,-29.61,19.37,-1.536,0.636,11
"[-299,-200]",HR≥60/EDG≥10.0/CV≤0.7/μ≥1.0/TP≥55,66.67,10.0,0.7,1.0,55.0,33,30,20,10,66.67,-5.12,-29.61,19.37,-1.536,0.636,11
"[-299,-200]",HR≥60/EDG≥10.0/CV≤0.7/μ≥1.0/TP≥60,66.67,10.0,0.7,1.0,60.0,33,30,20,10,66.67,-5.12,-29.61,19.37,-1.536,0.636,11
"[-299,-200]",HR≥65/EDG≥-/CV≤-/μ≥-/TP≥-,58.92,,,,,392,353,208,145,58.92,-15.42,-22.81,-8.03,-54.432,0.077,13
"[-299,-200]",HR≥65/EDG≥-/CV≤-/μ≥-/TP≥50,58.92,,,,50.0,392,353,208,145,58.92,-15.42,-22.81,-8.03,-54.432,0.077,13
"[-299,-200]",HR≥65/EDG≥-/CV≤-/μ≥-/TP≥55,59.2,,,,55.0,387,348,206,142,59.2,-15.05,-22.48,-7.61,-52.358,0.077,13
"[-299,-200]",HR≥65/EDG≥-/CV≤-/μ≥-/TP≥60,60.18,,,,60.0,373,334,201,133,60.18,-13.62,-21.18,-6.06,-45.48,0.154,13
"[-299,-200]",HR≥65/EDG≥-/CV≤-/μ≥-/TP≥65,57.75,,,,65.0,316,284,164,120,57.75,-17.36,-25.6,-9.11,-49.291,0.154,13
"[-299,-200]",HR≥65/EDG≥-/CV≤-/μ≥0.0/TP≥-,58.92,,,0.0,,392,353,208,145,58.92,-15.42,-22.81,-8.03,-54.432,0.077,13
"[-299,-200]",HR≥65/EDG≥-/CV≤-/μ≥0.0/TP≥50,58.92,,,0.0,50.0,392,353,208,145,58.92,-15.42,-22.81,-8.03,-54.432,0.077,13
"[-299,-200]",HR≥65/EDG≥-/CV≤-/μ≥0.0/TP≥55,59.2,,,0.0,55.0,387,348,206,142,59.2,-15.05,-22.48,-7.61,-52.358,0.077,13
"[-299,-200]",HR≥65/EDG≥-/CV≤-/μ≥0.0/TP≥60,60.18,,,0.0,60.0,373,334,201,133,60.18,-13.62,-21.18,-6.06,-45.48,0.154,13
"[-299,-200]",HR≥65/EDG≥-/CV≤-/μ≥0.0/TP≥65,57.75,,,0.0,65.0,316,284,164,120,57.75,-17.36,-25.6,-9.11,-49.291,0.154,13
"[-299,-200]",HR≥65/EDG≥-/CV≤-/μ≥0.5/TP≥-,60.3,,,0.5,,366,330,199,131,60.3,-13.39,-21.0,-5.79,-44.199,0.231,13
"[-299,-200]",HR≥65/EDG≥-/CV≤-/μ≥0.5/TP≥50,60.3,,,0.5,50.0,366,330,199,131,60.3,-13.39,-21.0,-5.79,-44.199,0.231,13
"[-299,-200]",HR≥65/EDG≥-/CV≤-/μ≥0.5/TP≥55,60.3,,,0.5,55.0,366,330,199,131,60.3,-13.39,-21.0,-5.79,-44.199,0.231,13
"[-299,-200]",HR≥65/EDG≥-/CV≤-/μ≥0.5/TP≥60,59.94,,,0.5,60.0,363,327,196,131,59.94,-13.92,-21.57,-6.26,-45.504,0.154,13
"[-299,-200]",HR≥65/EDG≥-/CV≤-/μ≥0.5/TP≥65,57.55,,,0.5,65.0,309,278,160,118,57.55,-17.59,-25.94,-9.25,-48.907,0.154,13
"[-299,-200]",HR≥65/EDG≥-/CV≤-/μ≥1.0/TP≥-,61.61,,,1.0,,236,211,130,81,61.61,-11.52,-20.99,-2.06,-24.318,0.231,13
"[-299,-200]",HR≥65/EDG≥-/CV≤-/μ≥1.0/TP≥50,61.61,,,1.0,50.0,236,211,130,81,61.61,-11.52,-20.99,-2.06,-24.318,0.231,13
"[-299,-200]",HR≥65/EDG≥-/CV≤-/μ≥1.0/TP≥55,61.61,,,1.0,55.0,236,211,130,81,61.61,-11.52,-20.99,-2.06,-24.318,0.231,13
"[-299,-200]",HR≥65/EDG≥-/CV≤-/μ≥1.0/TP≥60,61.61,,,1.0,60.0,236,211,130,81,61.61,-11.52,-20.99,-2.06,-24.318,0.231,13
"[-299,-200]",HR≥65/EDG≥-/CV≤-/μ≥1.0/TP≥65,61.62,,,1.0,65.0,222,198,122,76,61.62,-11.72,-21.46,-1.97,-23.201,0.231,13
"[-299,-200]",HR≥65/EDG≥-/CV≤0.7/μ≥-/TP≥-,55.56,,0.7,,,49,45,25,20,55.56,-21.01,-41.93,-0.1,-9.456,0.182,11
"[-299,-200]",HR≥65/EDG≥-/CV≤0.7/μ≥-/TP≥50,55.56,,0.7,,50.0,49,45,25,20,55.56,-21.01,-41.93,-0.1,-9.456,0.182,11
"[-299,-200]",HR≥65/EDG≥-/CV≤0.7/μ≥-/TP≥55,55.56,,0.7,,55.0,49,45,25,20,55.56,-21.01,-41.93,-0.1,-9.456,0.182,11
"[-299,-200]",HR≥65/EDG≥-/CV≤0.7/μ≥-/TP≥60,56.82,,0.7,,60.0,48,44,25,19,56.82,-19.22,-40.31,1.87,-8.456,0.182,11
"[-299,-200]",HR≥65/EDG≥-/CV≤0.7/μ≥-/TP≥65,60.0,,0.7,,65.0,44,40,24,16,60.0,-14.89,-36.75,6.96,-5.956,0.364,11
"[-299,-200]",HR≥65/EDG≥-/CV≤0.7/μ≥0.0/TP≥-,55.56,,0.7,0.0,,49,45,25,20,55.56,-21.01,-41.93,-0.1,-9.456,0.182,11
"[-299,-200]",HR≥65/EDG≥-/CV≤0.7/μ≥0.0/TP≥50,55.56,,0.7,0.0,50.0,49,45,25,20,55.56,-21.01,-41.93,-0.1,-9.456,0.182,11
"[-299,-200]",HR≥65/EDG≥-/CV≤0.7/μ≥0.0/TP≥55,55.56,,0.7,0.0,55.0,49,45,25,20,55.56,-21.01,-41.93,-0.1,-9.456,0.182,11
"[-299,-200]",HR≥65/EDG≥-/CV≤0.7/μ≥0.0/TP≥60,56.82,,0.7,0.0,60.0,48,44,25,19,56.82,-19.22,-40.31,1.87,-8.456,0.182,11
"[-299,-200]",HR≥65/EDG≥-/CV≤0.7/μ≥0.0/TP≥65,60.0,,0.7,0.0,65.0,44,40,24,16,60.0,-14.89,-36.75,6.96,-5.956,0.364,11
"[-299,-200]",HR≥65/EDG≥-/CV≤0.7/μ≥0.5/TP≥-,56.82,,0.7,0.5,,48,44,25,19,56.82,-19.22,-40.31,1.87,-8.456,0.182,11
"[-299,-200]",HR≥65/EDG≥-/CV≤0.7/μ≥0.5/TP≥50,56.82,,0.7,0.5,50.0,48,44,25,19,56.82,-19.22,-40.31,1.87,-8.456,0.182,11
"[-299,-200]",HR≥65/EDG≥-/CV≤0.7/μ≥0.5/TP≥55,56.82,,0.7,0.5,55.0,48,44,25,19,56.82,-19.22,-40.31,1.87,-8.456,0.182,11
"[-299,-200]",HR≥65/EDG≥-/CV≤0.7/μ≥0.5/TP≥60,56.82,,0.7,0.5,60.0,48,44,25,19,56.82,-19.22,-40.31,1.87,-8.456,0.182,11
"[-299,-200]",HR≥65/EDG≥-/CV≤0.7/μ≥0.5/TP≥65,60.0,,0.7,0.5,65.0,44,40,24,16,60.0,-14.89,-36.75,6.96,-5.956,0.364,11
"[-299,-200]",HR≥65/EDG≥-/CV≤0.7/μ≥1.0/TP≥-,65.62,,0.7,1.0,,35,32,21,11,65.62,-6.83,-30.63,16.98,-2.185,0.636,11
"[-299,-200]",HR≥65/EDG≥-/CV≤0.7/μ≥1.0/TP≥50,65.62,,0.7,1.0,50.0,35,32,21,11,65.62,-6.83,-30.63,16.98,-2.185,0.636,11
"[-299,-200]",HR≥65/EDG≥-/CV≤0.7/μ≥1.0/TP≥55,65.62,,0.7,1.0,55.0,35,32,21,11,65.62,-6.83,-30.63,16.98,-2.185,0.636,11
"[-299,-200]",HR≥65/EDG≥-/CV≤0.7/μ≥1.0/TP≥60,65.62,,0.7,1.0,60.0,35,32,21,11,65.62,-6.83,-30.63,16.98,-2.185,0.636,11
"[-299,-200]",HR≥65/EDG≥-/CV≤0.7/μ≥1.0/TP≥65,64.52,,0.7,1.0,65.0,34,31,20,11,64.52,-8.66,-32.97,15.64,-2.685,0.636,11
"[-299,-200]",HR≥65/EDG≥-5.0/CV≤-/μ≥-/TP≥-,59.14,-5.0,,,,336,301,178,123,59.14,-14.98,-22.99,-6.97,-45.077,0.154,13
"[-299,-200]",HR≥65/EDG≥-5.0/CV≤-/μ≥-/TP≥50,59.14,-5.0,,,50.0,336,301,178,123,59.14,-14.98,-22.99,-6.97,-45.077,0.154,13
"[-299,-200]",HR≥65/EDG≥-5.0/CV≤-/μ≥-/TP≥55,59.14,-5.0,,,55.0,336,301,178,123,59.14,-14.98,-22.99,-6.97,-45.077,0.154,13
"[-299,-200]",HR≥65/EDG≥-5.0/CV≤-/μ≥-/TP≥60,59.14,-5.0,,,60.0,336,301,178,123,59.14,-14.98,-22.99,-6.97,-45.077,0.154,13
"[-299,-200]",HR≥65/EDG≥-5.0/CV≤-/μ≥-/TP≥65,58.61,-5.0,,,65.0,304,273,160,113,58.61,-16.05,-24.45,-7.66,-43.824,0.154,13
"[-299,-200]",HR≥65/EDG≥-5.0/CV≤-/μ≥0.0/TP≥-,59.14,-5.0,,0.0,,336,301,178,123,59.14,-14.98,-22.99,-6.97,-45.077,0.154,13
"[-299,-200]",HR≥65/EDG≥-5.0/CV≤-/μ≥0.0/TP≥50,59.14,-5.0,,0.0,50.0,336,301,178,123,59.14,-14.98,-22.99,-6.97,-45.077,0.154,13
"[-299,-200]",HR≥65/EDG≥-5.0/CV≤-/μ≥0.0/TP≥55,59.14,-5.0,,0.0,55.0,336,301,178,123,59.14,-14.98,-22.99,-6.97,-45.077,0.154,13
"[-299,-200]",HR≥65/EDG≥-5.0/CV≤-/μ≥0.0/TP≥60,59.14,-5.0,,0.0,60.0,336,301,178,123,59.14,-14.98,-22.99,-6.97,-45.077,0.154,13
"[-299,-200]",HR≥65/EDG≥-5.0/CV≤-/μ≥0.0/TP≥65,58.61,-5.0,,0.0,65.0,304,273,160,113,58.61,-16.05,-24.45,-7.66,-43.824,0.154,13
"[-299,-200]",HR≥65/EDG≥-5.0/CV≤-/μ≥0.5/TP≥-,58.92,-5.0,,0.5,,331,297,175,122,58.92,-15.25,-23.32,-7.18,-45.293,0.154,13
"[-299,-200]",HR≥65/EDG≥-5.0/CV≤-/μ≥0.5/TP≥50,58.92,-5.0,,0.5,50.0,331,297,175,122,58.92,-15.25,-23.32,-7.18,-45.293,0.154,13
"[-299,-200]",HR≥65/EDG≥-5.0/CV≤-/μ≥0.5/TP≥55,58.92,-5.0,,0.5,55.0,331,297,175,122,58.92,-15.25,-23.32,-7.18,-45.293,0.154,13
"[-299,-200]",HR≥65/EDG≥-5.0/CV≤-/μ≥0.5/TP≥60,58.92,-5.0,,0.5,60.0,331,297,175,122,58.92,-15.25,-23.32,-7.18,-45.293,0.154,13
"[-299,-200]",HR≥65/EDG≥-5.0/CV≤-/μ≥0.5/TP≥65,58.36,-5.0,,0.5,65.0,299,269,157,112,58.36,-16.37,-24.84,-7.9,-44.04,0.154,13
"[-299,-200]",HR≥65/EDG≥-5.0/CV≤-/μ≥1.0/TP≥-,62.02,-5.0,,1.0,,233,208,129,79,62.02,-10.91,-20.43,-1.4,-22.702,0.231,13
"[-299,-200]",HR≥65/EDG≥-5.0/CV≤-/μ≥1.0/TP≥50,62.02,-5.0,,1.0,50.0,233,208,129,79,62.02,-10.91,-20.43,-1.4,-22.702,0.231,13
"[-299,-200]",HR≥65/EDG≥-5.0/CV≤-/μ≥1.0/TP≥55,62.02,-5.0,,1.0,55.0,233,208,129,79,62.02,-10.91,-20.43,-1.4,-22.702,0.231,13
"[-299,-200]",HR≥65/EDG≥-5.0/CV≤-/μ≥1.0/TP≥60,62.02,-5.0,,1.0,60.0,233,208,129,79,62.02,-10.91,-20.43,-1.4,-22.702,0.231,13
"[-299,-200]",HR≥65/EDG≥-5.0/CV≤-/μ≥1.0/TP≥65,62.05,-5.0,,1.0,65.0,219,195,121,74,62.05,-11.07,-20.87,-1.27,-21.585,0.231,13
"[-299,-200]",HR≥65/EDG≥-5.0/CV≤0.7/μ≥-/TP≥-,58.14,-5.0,0.7,,,47,43,25,18,58.14,-17.34,-38.6,3.92,-7.456,0.273,11
"[-299,-200]",HR≥65/EDG≥-5.0/CV≤0.7/μ≥-/TP≥50,58.14,-5.0,0.7,,50.0,47,43,25,18,58.14,-17.34,-38.6,3.92,-7.456,0.273,11
"[-299,-200]",HR≥65/EDG≥-5.0/CV≤0.7/μ≥-/TP≥55,58.14,-5.0,0.7,,55.0,47,43,25,18,58.14,-17.34,-38.6,3.92,-7.456,0.273,11
"[-299,-200]",HR≥65/EDG≥-5.0/CV≤0.7/μ≥-/TP≥60,58.14,-5.0,0.7,,60.0,47,43,25,18,58.14,-17.34,-38.6,3.92,-7.456,0.273,11
"[-299,-200]",HR≥65/EDG≥-5.0/CV≤0.7/μ≥-/TP≥65,60.0,-5.0,0.7,,65.0,44,40,24,16,60.0,-14.89,-36.75,6.96,-5.956,0.364,11
"[-299,-200]",HR≥65/EDG≥-5.0/CV≤0.7/μ≥0.0/TP≥-,58.14,-5.0,0.7,0.0,,47,43,25,18,58.14,-17.34,-38.6,3.92,-7.456,0.273,11
"[-299,-200]",HR≥65/EDG≥-5.0/CV≤0.7/μ≥0.0/TP≥50,58.14,-5.0,0.7,0.0,50.0,47,43,25,18,58.14,-17.34,-38.6,3.92,-7.456,0.273,11
"[-299,-200]",HR≥65/EDG≥-5.0/CV≤0.7/μ≥0.0/TP≥55,58.14,-5.0,0.7,0.0,55.0,47,43,25,18,58.14,-17.34,-38.6,3.92,-7.456,0.273,11
"[-299,-200]",HR≥65/EDG≥-5.0/CV≤0.7/μ≥0.0/TP≥60,58.14,-5.0,0.7,0.0,60.0,47,43,25,18,58.14,-17.34,-38.6,3.92,-7.456,0.273,11
"[-299,-200]",HR≥65/EDG≥-5.0/CV≤0.7/μ≥0.0/TP≥65,60.0,-5.0,0.7,0.0,65.0,44,40,24,16,60.0,-14.89,-36.75,6.96,-5.956,0.364,11
"[-299,-200]",HR≥65/EDG≥-5.0/CV≤0.7/μ≥0.5/TP≥-,58.14,-5.0,0.7,0.5,,47,43,25,18,58.14,-17.34,-38.6,3.92,-7.456,0.273,11
"[-299,-200]",HR≥65/EDG≥-5.0/CV≤0.7/μ≥0.5/TP≥50,58.14,-5.0,0.7,0.5,50.0,47,43,25,18,58.14,-17.34,-38.6,3.92,-7.456,0.273,11
"[-299,-200]",HR≥65/EDG≥-5.0/CV≤0.7/μ≥0.5/TP≥55,58.14,-5.0,0.7,0.5,55.0,47,43,25,18,58.14,-17.34,-38.6,3.92,-7.456,0.273,11
"[-299,-200]",HR≥65/EDG≥-5.0/CV≤0.7/μ≥0.5/TP≥60,58.14,-5.0,0.7,0.5,60.0,47,43,25,18,58.14,-17.34,-38.6,3.92,-7.456,0.273,11
"[-299,-200]",HR≥65/EDG≥-5.0/CV≤0.7/μ≥0.5/TP≥65,60.0,-5.0,0.7,0.5,65.0,44,40,24,16,60.0,-14.89,-36.75,6.96,-5.956,0.364,11
"[-299,-200]",HR≥65/EDG≥-5.0/CV≤0.7/μ≥1.0/TP≥-,65.62,-5.0,0.7,1.0,,35,32,21,11,65.62,-6.83,-30.63,16.98,-2.185,0.636,11
"[-299,-200]",HR≥65/EDG≥-5.0/CV≤0.7/μ≥1.0/TP≥50,65.62,-5.0,0.7,1.0,50.0,35,32,21,11,65.62,-6.83,-30.63,16.98,-2.185,0.636,11
"[-299,-200]",HR≥65/EDG≥-5.0/CV≤0.7/μ≥1.0/TP≥55,65.62,-5.0,0.7,1.0,55.0,35,32,21,11,65.62,-6.83,-30.63,16.98,-2.185,0.636,11
"[-299,-200]",HR≥65/EDG≥-5.0/CV≤0.7/μ≥1.0/TP≥60,65.62,-5.0,0.7,1.0,60.0,35,32,21,11,65.62,-6.83,-30.63,16.98,-2.185,0.636,11
"[-299,-200]",HR≥65/EDG≥-5.0/CV≤0.7/μ≥1.0/TP≥65,64.52,-5.0,0.7,1.0,65.0,34,31,20,11,64.52,-8.66,-32.97,15.64,-2.685,0.636,11
"[-299,-200]",HR≥65/EDG≥0.0/CV≤-/μ≥-/TP≥-,59.18,0.0,,,,274,245,145,100,59.18,-14.93,-23.81,-6.05,-36.569,0.231,13
"[-299,-200]",HR≥65/EDG≥0.0/CV≤-/μ≥-/TP≥50,59.18,0.0,,,50.0,274,245,145,100,59.18,-14.93,-23.81,-6.05,-36.569,0.231,13
"[-299,-200]",HR≥65/EDG≥0.0/CV≤-/μ≥-/TP≥55,59.18,0.0,,,55.0,274,245,145,100,59.18,-14.93,-23.81,-6.05,-36.569,0.231,13
"[-299,-200]",HR≥65/EDG≥0.0/CV≤-/μ≥-/TP≥60,59.18,0.0,,,60.0,274,245,145,100,59.18,-14.93,-23.81,-6.05,-36.569,0.231,13
"[-299,-200]",HR≥65/EDG≥0.0/CV≤-/μ≥-/TP≥65,59.05,0.0,,,65.0,259,232,137,95,59.05,-15.31,-24.42,-6.2,-35.522,0.231,13
"[-299,-200]",HR≥65/EDG≥0.0/CV≤-/μ≥0.0/TP≥-,59.18,0.0,,0.0,,274,245,145,100,59.18,-14.93,-23.81,-6.05,-36.569,0.231,13
"[-299,-200]",HR≥65/EDG≥0.0/CV≤-/μ≥0.0/TP≥50,59.18,0.0,,0.0,50.0,274,245,145,100,59.18,-14.93,-23.81,-6.05,-36.569,0.231,13
"[-299,-200]",HR≥65/EDG≥0.0/CV≤-/μ≥0.0/TP≥55,59.18,0.0,,0.0,55.0,274,245,145,100,59.18,-14.93,-23.81,-6.05,-36.569,0.231,13
"[-299,-200]",HR≥65/EDG≥0.0/CV≤-/μ≥0.0/TP≥60,59.18,0.0,,0.0,60.0,274,245,145,100,59.18,-14.93,-23.81,-6.05,-36.569,0.231,13
"[-299,-200]",HR≥65/EDG≥0.0/CV≤-/μ≥0.0/TP≥65,59.05,0.0,,0.0,65.0,259,232,137,95,59.05,-15.31,-24.42,-6.2,-35.522,0.231,13
"[-299,-200]",HR≥65/EDG≥0.0/CV≤-/μ≥0.5/TP≥-,59.18,0.0,,0.5,,274,245,145,100,59.18,-14.93,-23.81,-6.05,-36.569,0.231,13
"[-299,-200]",HR≥65/EDG≥0.0/CV≤-/μ≥0.5/TP≥50,59.18,0.0,,0.5,50.0,274,245,145,100,59.18,-14.93,-23.81,-6.05,-36.569,0.231,13
"[-299,-200]",HR≥65/EDG≥0.0/CV≤-/μ≥0.5/TP≥55,59.18,0.0,,0.5,55.0,274,245,145,100,59.18,-14.93,-23.81,-6.05,-36.569,0.231,13
"[-299,-200]",HR≥65/EDG≥0.0/CV≤-/μ≥0.5/TP≥60,59.18,0.0,,0.5,60.0,274,245,145,100,59.18,-14.93,-23.81,-6.05,-36.569,0.231,13
"[-299,-200]",HR≥65/EDG≥0.0/CV≤-/μ≥0.5/TP≥65,59.05,0.0,,0.5,65.0,259,232,137,95,59.05,-15.31,-24.42,-6.2,-35.522,0.231,13
"[-299,-200]",HR≥65/EDG≥0.0/CV≤-/μ≥1.0/TP≥-,60.91,0.0,,1.0,,221,197,120,77,60.91,-12.46,-22.29,-2.63,-24.544,0.154,13
"[-299,-200]",HR≥65/EDG≥0.0/CV≤-/μ≥1.0/TP≥50,60.91,0.0,,1.0,50.0,221,197,120,77,60.91,-12.46,-22.29,-2.63,-24.544,0.154,13
"[-299,-200]",HR≥65/EDG≥0.0/CV≤-/μ≥1.0/TP≥55,60.91,0.0,,1.0,55.0,221,197,120,77,60.91,-12.46,-22.29,-2.63,-24.544,0.154,13
"[-299,-200]",HR≥65/EDG≥0.0/CV≤-/μ≥1.0/TP≥60,60.91,0.0,,1.0,60.0,221,197,120,77,60.91,-12.46,-22.29,-2.63,-24.544,0.154,13
"[-299,-200]",HR≥65/EDG≥0.0/CV≤-/μ≥1.0/TP≥65,61.29,0.0,,1.0,65.0,209,186,114,72,61.29,-12.1,-22.18,-2.01,-22.497,0.154,13
"[-299,-200]",HR≥65/EDG≥0.0/CV≤0.7/μ≥-/TP≥-,60.98,0.0,0.7,,,45,41,25,16,60.98,-13.31,-34.85,8.23,-5.456,0.364,11
"[-299,-200]",HR≥65/EDG≥0.0/CV≤0.7/μ≥-/TP≥50,60.98,0.0,0.7,,50.0,45,41,25,16,60.98,-13.31,-34.85,8.23,-5.456,0.364,11
"[-299,-200]",HR≥65/EDG≥0.0/CV≤0.7/μ≥-/TP≥55,60.98,0.0,0.7,,55.0,45,41,25,16,60.98,-13.31,-34.85,8.23,-5.456,0.364,11
"[-299,-200]",HR≥65/EDG≥0.0/CV≤0.7/μ≥-/TP≥60,60.98,0.0,0.7,,60.0,45,41,25,16,60.98,-13.31,-34.85,8.23,-5.456,0.364,11
"[-299,-200]",HR≥65/EDG≥0.0/CV≤0.7/μ≥-/TP≥65,60.0,0.0,0.7,,65.0,44,40,24,16,60.0,-14.89,-36.75,6.96,-5.956,0.364,11
"[-299,-200]",HR≥65/EDG≥0.0/CV≤0.7/μ≥0.0/TP≥-,60.98,0.0,0.7,0.0,,45,41,25,16,60.98,-13.31,-34.85,8.23,-5.456,0.364,11
"[-299,-200]",HR≥65/EDG≥0.0/CV≤0.7/μ≥0.0/TP≥50,60.98,0.0,0.7,0.0,50.0,45,41,25,16,60.98,-13.31,-34.85,8.23,-5.456,0.364,11
"[-299,-200]",HR≥65/EDG≥0.0/CV≤0.7/μ≥0.0/TP≥55,60.98,0.0,0.7,0.0,55.0,45,41,25,16,60.98,-13.31,-34.85,8.23,-5.456,0.364,11
"[-299,-200]",HR≥65/EDG≥0.0/CV≤0.7/μ≥0.0/TP≥60,60.98,0.0,0.7,0.0,60.0,45,41,25,16,60.98,-13.31,-34.85,8.23,-5.456,0.364,11
"[-299,-200]",HR≥65/EDG≥0.0/CV≤0.7/μ≥0.0/TP≥65,60.0,0.0,0.7,0.0,65.0,44,40,24,16,60.0,-14.89,-36.75,6.96,-5.956,0.364,11
"[-299,-200]",HR≥65/EDG≥0.0/CV≤0.7/μ≥0.5/TP≥-,60.98,0.0,0.7,0.5,,45,41,25,16,60.98,-13.31,-34.85,8.23,-5.456,0.364,11
"[-299,-200]",HR≥65/EDG≥0.0/CV≤0.7/μ≥0.5/TP≥50,60.98,0.0,0.7,0.5,50.0,45,41,25,16,60.98,-13.31,-34.85,8.23,-5.456,0.364,11
"[-299,-200]",HR≥65/EDG≥0.0/CV≤0.7/μ≥0.5/TP≥55,60.98,0.0,0.7,0.5,55.0,45,41,25,16,60.98,-13.31,-34.85,8.23,-5.456,0.364,11
"[-299,-200]",HR≥65/EDG≥0.0/CV≤0.7/μ≥0.5/TP≥60,60.98,0.0,0.7,0.5,60.0,45,41,25,16,60.98,-13.31,-34.85,8.23,-5.456,0.364,11
"[-299,-200]",HR≥65/EDG≥0.0/CV≤0.7/μ≥0.5/TP≥65,60.0,0.0,0.7,0.5,65.0,44,40,24,16,60.0,-14.89,-36.75,6.96,-5.956,0.364,11
"[-299,-200]",HR≥65/EDG≥0.0/CV≤0.7/μ≥1.0/TP≥-,65.62,0.0,0.7,1.0,,35,32,21,11,65.62,-6.83,-30.63,16.98,-2.185,0.636,11
"[-299,-200]",HR≥65/EDG≥0.0/CV≤0.7/μ≥1.0/TP≥50,65.62,0.0,0.7,1.0,50.0,35,32,21,11,65.62,-6.83,-30.63,16.98,-2.185,0.636,11
"[-299,-200]",HR≥65/EDG≥0.0/CV≤0.7/μ≥1.0/TP≥55,65.62,0.0,0.7,1.0,55.0,35,32,21,11,65.62,-6.83,-30.63,16.98,-2.185,0.636,11
"[-299,-200]",HR≥65/EDG≥0.0/CV≤0.7/μ≥1.0/TP≥60,65.62,0.0,0.7,1.0,60.0,35,32,21,11,65.62,-6.83,-30.63,16.98,-2.185,0.636,11
"[-299,-200]",HR≥65/EDG≥0.0/CV≤0.7/μ≥1.0/TP≥65,64.52,0.0,0.7,1.0,65.0,34,31,20,11,64.52,-8.66,-32.97,15.64,-2.685,0.636,11
"[-299,-200]",HR≥65/EDG≥5.0/CV≤-/μ≥-/TP≥-,60.0,5.0,,,,230,205,123,82,60.0,-13.89,-23.56,-4.23,-28.482,0.154,13
"[-299,-200]",HR≥65/EDG≥5.0/CV≤-/μ≥-/TP≥50,60.0,5.0,,,50.0,230,205,123,82,60.0,-13.89,-23.56,-4.23,-28.482,0.154,13
"[-299,-200]",HR≥65/EDG≥5.0/CV≤-/μ≥-/TP≥55,60.0,5.0,,,55.0,230,205,123,82,60.0,-13.89,-23.56,-4.23,-28.482,0.154,13
"[-299,-200]",HR≥65/EDG≥5.0/CV≤-/μ≥-/TP≥60,60.0,5.0,,,60.0,230,205,123,82,60.0,-13.89,-23.56,-4.23,-28.482,0.154,13
"[-299,-200]",HR≥65/EDG≥5.0/CV≤-/μ≥-/TP≥65,60.31,5.0,,,65.0,217,194,117,77,60.31,-13.63,-23.53,-3.72,-26.434,0.077,13
"[-299,-200]",HR≥65/EDG≥5.0/CV≤-/μ≥0.0/TP≥-,60.0,5.0,,0.0,,230,205,123,82,60.0,-13.89,-23.56,-4.23,-28.482,0.154,13
"[-299,-200]",HR≥65/EDG≥5.0/CV≤-/μ≥0.0/TP≥50,60.0,5.0,,0.0,50.0,230,205,123,82,60.0,-13.89,-23.56,-4.23,-28.482,0.154,13
"[-299,-200]",HR≥65/EDG≥5.0/CV≤-/μ≥0.0/TP≥55,60.0,5.0,,0.0,55.0,230,205,123,82,60.0,-13.89,-23.56,-4.23,-28.482,0.154,13
"[-299,-200]",HR≥65/EDG≥5.0/CV≤-/μ≥0.0/TP≥60,60.0,5.0,,0.0,60.0,230,205,123,82,60.0,-13.89,-23.56,-4.23,-28.482,0.154,13
"[-299,-200]",HR≥65/EDG≥5.0/CV≤-/μ≥0.0/TP≥65,60.31,5.0,,0.0,65.0,217,194,117,77,60.31,-13.63,-23.53,-3.72,-26.434,0.077,13
"[-299,-200]",HR≥65/EDG≥5.0/CV≤-/μ≥0.5/TP≥-,60.0,5.0,,0.5,,230,205,123,82,60.0,-13.89,-23.56,-4.23,-28.482,0.154,13
"[-299,-200]",HR≥65/EDG≥5.0/CV≤-/μ≥0.5/TP≥50,60.0,5.0,,0.5,50.0,230,205,123,82,60.0,-13.89,-23.56,-4.23,-28.482,0.154,13
"[-299,-200]",HR≥65/EDG≥5.0/CV≤-/μ≥0.5/TP≥55,60.0,5.0,,0.5,55.0,230,205,123,82,60.0,-13.89,-23.56,-4.23,-28.482,0.154,13
"[-299,-200]",HR≥65/EDG≥5.0/CV≤-/μ≥0.5/TP≥60,60.0,5.0,,0.5,60.0,230,205,123,82,60.0,-13.89,-23.56,-4.23,-28.482,0.154,13
"[-299,-200]",HR≥65/EDG≥5.0/CV≤-/μ≥0.5/TP≥65,60.31,5.0,,0.5,65.0,217,194,117,77,60.31,-13.63,-23.53,-3.72,-26.434,0.077,13
"[-299,-200]",HR≥65/EDG≥5.0/CV≤-/μ≥1.0/TP≥-,60.66,5.0,,1.0,,205,183,111,72,60.66,-12.85,-23.07,-2.64,-23.518,0.154,13
"[-299,-200]",HR≥65/EDG≥5.0/CV≤-/μ≥1.0/TP≥50,60.66,5.0,,1.0,50.0,205,183,111,72,60.66,-12.85,-23.07,-2.64,-23.518,0.154,13
"[-299,-200]",HR≥65/EDG≥5.0/CV≤-/μ≥1.0/TP≥55,60.66,5.0,,1.0,55.0,205,183,111,72,60.66,-12.85,-23.07,-2.64,-23.518,0.154,13
"[-299,-200]",HR≥65/EDG≥5.0/CV≤-/μ≥1.0/TP≥60,60.66,5.0,,1.0,60.0,205,183,111,72,60.66,-12.85,-23.07,-2.64,-23.518,0.154,13
"[-299,-200]",HR≥65/EDG≥5.0/CV≤-/μ≥1.0/TP≥65,61.05,5.0,,1.0,65.0,193,172,105,67,61.05,-12.48,-22.98,-1.99,-21.47,0.154,13
"[-299,-200]",HR≥65/EDG≥5.0/CV≤0.7/μ≥-/TP≥-,60.53,5.0,0.7,,,42,38,23,15,60.53,-13.88,-36.34,8.58,-5.276,0.455,11
"[-299,-200]",HR≥65/EDG≥5.0/CV≤0.7/μ≥-/TP≥50,60.53,5.0,0.7,,50.0,42,38,23,15,60.53,-13.88,-36.34,8.58,-5.276,0.455,11
"[-299,-200]",HR≥65/EDG≥5.0/CV≤0.7/μ≥-/TP≥55,60.53,5.0,0.7,,55.0,42,38,23,15,60.53,-13.88,-36.34,8.58,-5.276,0.455,11
"[-299,-200]",HR≥65/EDG≥5.0/CV≤0.7/μ≥-/TP≥60,60.53,5.0,0.7,,60.0,42,38,23,15,60.53,-13.88,-36.34,8.58,-5.276,0.455,11
"[-299,-200]",HR≥65/EDG≥5.0/CV≤0.7/μ≥-/TP≥65,59.46,5.0,0.7,,65.0,41,37,22,15,59.46,-15.61,-38.42,7.2,-5.776,0.364,11
"[-299,-200]",HR≥65/EDG≥5.0/CV≤0.7/μ≥0.0/TP≥-,60.53,5.0,0.7,0.0,,42,38,23,15,60.53,-13.88,-36.34,8.58,-5.276,0.455,11
"[-299,-200]",HR≥65/EDG≥5.0/CV≤0.7/μ≥0.0/TP≥50,60.53,5.0,0.7,0.0,50.0,42,38,23,15,60.53,-13.88,-36.34,8.58,-5.276,0.455,11
"[-299,-200]",HR≥65/EDG≥5.0/CV≤0.7/μ≥0.0/TP≥55,60.53,5.0,0.7,0.0,55.0,42,38,23,15,60.53,-13.88,-36.34,8.58,-5.276,0.455,11
"[-299,-200]",HR≥65/EDG≥5.0/CV≤0.7/μ≥0.0/TP≥60,60.53,5.0,0.7,0.0,60.0,42,38,23,15,60.53,-13.88,-36.34,8.58,-5.276,0.455,11
"[-299,-200]",HR≥65/EDG≥5.0/CV≤0.7/μ≥0.0/TP≥65,59.46,5.0,0.7,0.0,65.0,41,37,22,15,59.46,-15.61,-38.42,7.2,-5.776,0.364,11
"[-299,-200]",HR≥65/EDG≥5.0/CV≤0.7/μ≥0.5/TP≥-,60.53,5.0,0.7,0.5,,42,38,23,15,60.53,-13.88,-36.34,8.58,-5.276,0.455,11
"[-299,-200]",HR≥65/EDG≥5.0/CV≤0.7/μ≥0.5/TP≥50,60.53,5.0,0.7,0.5,50.0,42,38,23,15,60.53,-13.88,-36.34,8.58,-5.276,0.455,11
"[-299,-200]",HR≥65/EDG≥5.0/CV≤0.7/μ≥0.5/TP≥55,60.53,5.0,0.7,0.5,55.0,42,38,23,15,60.53,-13.88,-36.34,8.58,-5.276,0.455,11
"[-299,-200]",HR≥65/EDG≥5.0/CV≤0.7/μ≥0.5/TP≥60,60.53,5.0,0.7,0.5,60.0,42,38,23,15,60.53,-13.88,-36.34,8.58,-5.276,0.455,11
"[-299,-200]",HR≥65/EDG≥5.0/CV≤0.7/μ≥0.5/TP≥65,59.46,5.0,0.7,0.5,65.0,41,37,22,15,59.46,-15.61,-38.42,7.2,-5.776,0.364,11
"[-299,-200]",HR≥65/EDG≥5.0/CV≤0.7/μ≥1.0/TP≥-,65.62,5.0,0.7,1.0,,35,32,21,11,65.62,-6.83,-30.63,16.98,-2.185,0.636,11
"[-299,-200]",HR≥65/EDG≥5.0/CV≤0.7/μ≥1.0/TP≥50,65.62,5.0,0.7,1.0,50.0,35,32,21,11,65.62,-6.83,-30.63,16.98,-2.185,0.636,11
"[-299,-200]",HR≥65/EDG≥5.0/CV≤0.7/μ≥1.0/TP≥55,65.62,5.0,0.7,1.0,55.0,35,32,21,11,65.62,-6.83,-30.63,16.98,-2.185,0.636,11
"[-299,-200]",HR≥65/EDG≥5.0/CV≤0.7/μ≥1.0/TP≥60,65.62,5.0,0.7,1.0,60.0,35,32,21,11,65.62,-6.83,-30.63,16.98,-2.185,0.636,11
"[-299,-200]",HR≥65/EDG≥5.0/CV≤0.7/μ≥1.0/TP≥65,64.52,5.0,0.7,1.0,65.0,34,31,20,11,64.52,-8.66,-32.97,15.64,-2.685,0.636,11
"[-299,-200]",HR≥65/EDG≥10.0/CV≤-/μ≥-/TP≥-,64.42,10.0,,,,187,163,105,58,64.42,-7.19,-17.83,3.45,-11.717,0.231,13
"[-299,-200]",HR≥65/EDG≥10.0/CV≤-/μ≥-/TP≥50,64.42,10.0,,,50.0,187,163,105,58,64.42,-7.19,-17.83,3.45,-11.717,0.231,13
"[-299,-200]",HR≥65/EDG≥10.0/CV≤-/μ≥-/TP≥55,64.42,10.0,,,55.0,187,163,105,58,64.42,-7.19,-17.83,3.45,-11.717,0.231,13
"[-299,-200]",HR≥65/EDG≥10.0/CV≤-/μ≥-/TP≥60,64.42,10.0,,,60.0,187,163,105,58,64.42,-7.19,-17.83,3.45,-11.717,0.231,13
"[-299,-200]",HR≥65/EDG≥10.0/CV≤-/μ≥-/TP≥65,64.29,10.0,,,65.0,177,154,99,55,64.29,-7.58,-18.51,3.36,-11.67,0.308,13
"[-299,-200]",HR≥65/EDG≥10.0/CV≤-/μ≥0.0/TP≥-,64.42,10.0,,0.0,,187,163,105,58,64.42,-7.19,-17.83,3.45,-11.717,0.231,13
"[-299,-200]",HR≥65/EDG≥10.0/CV≤-/μ≥0.0/TP≥50,64.42,10.0,,0.0,50.0,187,163,105,58,64.42,-7.19,-17.83,3.45,-11.717,0.231,13
"[-299,-200]",HR≥65/EDG≥10.0/CV≤-/μ≥0.0/TP≥55,64.42,10.0,,0.0,55.0,187,163,105,58,64.42,-7.19,-17.83,3.45,-11.717,0.231,13
"[-299,-200]",HR≥65/EDG≥10.0/CV≤-/μ≥0.0/TP≥60,64.42,10.0,,0.0,60.0,187,163,105,58,64.42,-7.19,-17.83,3.45,-11.717,0.231,13
"[-299,-200]",HR≥65/EDG≥10.0/CV≤-/μ≥0.0/TP≥65,64.29,10.0,,0.0,65.0,177,154,99,55,64.29,-7.58,-18.51,3.36,-11.67,0.308,13
"[-299,-200]",HR≥65/EDG≥10.0/CV≤-/μ≥0.5/TP≥-,64.42,10.0,,0.5,,187,163,105,58,64.42,-7.19,-17.83,3.45,-11.717,0.231,13
"[-299,-200]",HR≥65/EDG≥10.0/CV≤-/μ≥0.5/TP≥50,64.42,10.0,,0.5,50.0,187,163,105,58,64.42,-7.19,-17.83,3.45,-11.717,0.231,13
"[-299,-200]",HR≥65/EDG≥10.0/CV≤-/μ≥0.5/TP≥55,64.42,10.0,,0.5,55.0,187,163,105,58,64.42,-7.19,-17.83,3.45,-11.717,0.231,13
"[-299,-200]",HR≥65/EDG≥10.0/CV≤-/μ≥0.5/TP≥60,64.42,10.0,,0.5,60.0,187,163,105,58,64.42,-7.19,-17.83,3.45,-11.717,0.231,13
"[-299,-200]",HR≥65/EDG≥10.0/CV≤-/μ≥0.5/TP≥65,64.29,10.0,,0.5,65.0,177,154,99,55,64.29,-7.58,-18.51,3.36,-11.67,0.308,13
"[-299,-200]",HR≥65/EDG≥10.0/CV≤-/μ≥1.0/TP≥-,63.64,10.0,,1.0,,176,154,98,56,63.64,-8.41,-19.4,2.59,-12.945,0.231,13
"[-299,-200]",HR≥65/EDG≥10.0/CV≤-/μ≥1.0/TP≥50,63.64,10.0,,1.0,50.0,176,154,98,56,63.64,-8.41,-19.4,2.59,-12.945,0.231,13
"[-299,-200]",HR≥65/EDG≥10.0/CV≤-/μ≥1.0/TP≥55,63.64,10.0,,1.0,55.0,176,154,98,56,63.64,-8.41,-19.4,2.59,-12.945,0.231,13
"[-299,-200]",HR≥65/EDG≥10.0/CV≤-/μ≥1.0/TP≥60,63.64,10.0,,1.0,60.0,176,154,98,56,63.64,-8.41,-19.4,2.59,-12.945,0.231,13
"[-299,-200]",HR≥65/EDG≥10.0/CV≤-/μ≥1.0/TP≥65,63.45,10.0,,1.0,65.0,166,145,92,53,63.45,-8.89,-20.21,2.42,-12.897,0.154,13
"[-299,-200]",HR≥65/EDG≥10.0/CV≤0.7/μ≥-/TP≥-,66.67,10.0,0.7,,,37,33,22,11,66.67,-4.93,-28.28,18.43,-1.627,0.545,11
"[-299,-200]",HR≥65/EDG≥10.0/CV≤0.7/μ≥-/TP≥50,66.67,10.0,0.7,,50.0,37,33,22,11,66.67,-4.93,-28.28,18.43,-1.627,0.545,11
"[-299,-200]",HR≥65/EDG≥10.0/CV≤0.7/μ≥-/TP≥55,66.67,10.0,0.7,,55.0,37,33,22,11,66.67,-4.93,-28.28,18.43,-1.627,0.545,11
"[-299,-200]",HR≥65/EDG≥10.0/CV≤0.7/μ≥-/TP≥60,66.67,10.0,0.7,,60.0,37,33,22,11,66.67,-4.93,-28.28,18.43,-1.627,0.545,11
"[-299,-200]",HR≥65/EDG≥10.0/CV≤0.7/μ≥-/TP≥65,65.62,10.0,0.7,,65.0,36,32,21,11,65.62,-6.65,-30.49,17.2,-2.127,0.545,11
"[-299,-200]",HR≥65/EDG≥10.0/CV≤0.7/μ≥0.0/TP≥-,66.67,10.0,0.7,0.0,,37,33,22,11,66.67,-4.93,-28.28,18.43,-1.627,0.545,11
"[-299,-200]",HR≥65/EDG≥10.0/CV≤0.7/μ≥0.0/TP≥50,66.67,10.0,0.7,0.0,50.0,37,33,22,11,66.67,-4.93,-28.28,18.43,-1.627,0.545,11
"[-299,-200]",HR≥65/EDG≥10.0/CV≤0.7/μ≥0.0/TP≥55,66.67,10.0,0.7,0.0,55.0,37,33,22,11,66.67,-4.93,-28.28,18.43,-1.627,0.545,11
"[-299,-200]",HR≥65/EDG≥10.0/CV≤0.7/μ≥0.0/TP≥60,66.67,10.0,0.7,0.0,60.0,37,33,22,11,66.67,-4.93,-28.28,18.43,-1.627,0.545,11
"[-299,-200]",HR≥65/EDG≥10.0/CV≤0.7/μ≥0.0/TP≥65,65.62,10.0,0.7,0.0,65.0,36,32,21,11,65.62,-6.65,-30.49,17.2,-2.127,0.545,11
"[-299,-200]",HR≥65/EDG≥10.0/CV≤0.7/μ≥0.5/TP≥-,66.67,10.0,0.7,0.5,,37,33,22,11,66.67,-4.93,-28.28,18.43,-1.627,0.545,11
"[-299,-200]",HR≥65/EDG≥10.0/CV≤0.7/μ≥0.5/TP≥50,66.67,10.0,0.7,0.5,50.0,37,33,22,11,66.67,-4.93,-28.28,18.43,-1.627,0.545,11
"[-299,-200]",HR≥65/EDG≥10.0/CV≤0.7/μ≥0.5/TP≥55,66.67,10.0,0.7,0.5,55.0,37,33,22,11,66.67,-4.93,-28.28,18.43,-1.627,0.545,11
"[-299,-200]",HR≥65/EDG≥10.0/CV≤0.7/μ≥0.5/TP≥60,66.67,10.0,0.7,0.5,60.0,37,33,22,11,66.67,-4.93,-28.28,18.43,-1.627,0.545,11
"[-299,-200]",HR≥65/EDG≥10.0/CV≤0.7/μ≥0.5/TP≥65,65.62,10.0,0.7,0.5,65.0,36,32,21,11,65.62,-6.65,-30.49,17.2,-2.127,0.545,11
"[-299,-200]",HR≥65/EDG≥10.0/CV≤0.7/μ≥1.0/TP≥-,66.67,10.0,0.7,1.0,,33,30,20,10,66.67,-5.12,-29.61,19.37,-1.536,0.636,11
"[-299,-200]",HR≥65/EDG≥10.0/CV≤0.7/μ≥1.0/TP≥50,66.67,10.0,0.7,1.0,50.0,33,30,20,10,66.67,-5.12,-29.61,19.37,-1.536,0.636,11
"[-299,-200]",HR≥65/EDG≥10.0/CV≤0.7/μ≥1.0/TP≥55,66.67,10.0,0.7,1.0,55.0,33,30,20,10,66.67,-5.12,-29.61,19.37,-1.536,0.636,11
"[-299,-200]",HR≥65/EDG≥10.0/CV≤0.7/μ≥1.0/TP≥60,66.67,10.0,0.7,1.0,60.0,33,30,20,10,66.67,-5.12,-29.61,19.37,-1.536,0.636,11
"[-299,-200]",HR≥70/EDG≥-/CV≤-/μ≥-/TP≥-,61.45,,,,,304,275,169,106,61.45,-11.94,-20.21,-3.67,-32.844,0.154,13
"[-299,-200]",HR≥70/EDG≥-/CV≤-/μ≥-/TP≥50,61.45,,,,50.0,304,275,169,106,61.45,-11.94,-20.21,-3.67,-32.844,0.154,13
"[-299,-200]",HR≥70/EDG≥-/CV≤-/μ≥-/TP≥55,62.13,,,,55.0,301,272,169,103,62.13,-10.97,-19.26,-2.68,-29.844,0.231,13
"[-299,-200]",HR≥70/EDG≥-/CV≤-/μ≥-/TP≥60,62.36,,,,60.0,292,263,164,99,62.36,-10.63,-19.06,-2.21,-27.966,0.308,13
"[-299,-200]",HR≥70/EDG≥-/CV≤-/μ≥-/TP≥65,60.0,,,,65.0,244,220,132,88,60.0,-14.34,-23.62,-5.06,-31.542,0.231,13
"[-299,-200]",HR≥70/EDG≥-/CV≤-/μ≥0.0/TP≥-,61.45,,,0.0,,304,275,169,106,61.45,-11.94,-20.21,-3.67,-32.844,0.154,13
"[-299,-200]",HR≥70/EDG≥-/CV≤-/μ≥0.0/TP≥50,61.45,,,0.0,50.0,304,275,169,106,61.45,-11.94,-20.21,-3.67,-32.844,0.154,13
"[-299,-200]",HR≥70/EDG≥-/CV≤-/μ≥0.0/TP≥55,62.13,,,0.0,55.0,301,272,169,103,62.13,-10.97,-19.26,-2.68,-29.844,0.231,13
"[-299,-200]",HR≥70/EDG≥-/CV≤-/μ≥0.0/TP≥60,62.36,,,0.0,60.0,292,263,164,99,62.36,-10.63,-19.06,-2.21,-27.966,0.308,13
"[-299,-200]",HR≥70/EDG≥-/CV≤-/μ≥0.0/TP≥65,60.0,,,0.0,65.0,244,220,132,88,60.0,-14.34,-23.62,-5.06,-31.542,0.231,13
"[-299,-200]",HR≥70/EDG≥-/CV≤-/μ≥0.5/TP≥-,63.02,,,0.5,,293,265,167,98,63.02,-9.68,-18.04,-1.32,-25.662,0.308,13
"[-299,-200]",HR≥70/EDG≥-/CV≤-/μ≥0.5/TP≥50,63.02,,,0.5,50.0,293,265,167,98,63.02,-9.68,-18.04,-1.32,-25.662,0.308,13
"[-299,-200]",HR≥70/EDG≥-/CV≤-/μ≥0.5/TP≥55,63.02,,,0.5,55.0,293,265,167,98,63.02,-9.68,-18.04,-1.32,-25.662,0.308,13
"[-299,-200]",HR≥70/EDG≥-/CV≤-/μ≥0.5/TP≥60,62.6,,,0.5,60.0,290,262,164,98,62.6,-10.29,-18.72,-1.86,-26.966,0.308,13
"[-299,-200]",HR≥70/EDG≥-/CV≤-/μ≥0.5/TP≥65,60.27,,,0.5,65.0,243,219,132,87,60.27,-13.95,-23.24,-4.66,-30.542,0.231,13
"[-299,-200]",HR≥70/EDG≥-/CV≤-/μ≥1.0/TP≥-,64.53,,,1.0,,192,172,111,61,64.53,-7.5,-17.8,2.79,-12.907,0.385,13
"[-299,-200]",HR≥70/EDG≥-/CV≤-/μ≥1.0/TP≥50,64.53,,,1.0,50.0,192,172,111,61,64.53,-7.5,-17.8,2.79,-12.907,0.385,13
"[-299,-200]",HR≥70/EDG≥-/CV≤-/μ≥1.0/TP≥55,64.53,,,1.0,55.0,192,172,111,61,64.53,-7.5,-17.8,2.79,-12.907,0.385,13
"[-299,-200]",HR≥70/EDG≥-/CV≤-/μ≥1.0/TP≥60,64.53,,,1.0,60.0,192,172,111,61,64.53,-7.5,-17.8,2.79,-12.907,0.385,13
"[-299,-200]",HR≥70/EDG≥-/CV≤-/μ≥1.0/TP≥65,64.6,,,1.0,65.0,181,161,104,57,64.6,-7.63,-18.25,2.98,-12.291,0.385,13
"[-299,-200]",HR≥70/EDG≥-/CV≤0.7/μ≥-/TP≥-,55.56,,0.7,,,49,45,25,20,55.56,-21.01,-41.93,-0.1,-9.456,0.182,11
"[-299,-200]",HR≥70/EDG≥-/CV≤0.7/μ≥-/TP≥50,55.56,,0.7,,50.0,49,45,25,20,55.56,-21.01,-41.93,-0.1,-9.456,0.182,11
"[-299,-200]",HR≥70/EDG≥-/CV≤0.7/μ≥-/TP≥55,55.56,,0.7,,55.0,49,45,25,20,55.56,-21.01,-41.93,-0.1,-9.456,0.182,11
"[-299,-200]",HR≥70/EDG≥-/CV≤0.7/μ≥-/TP≥60,56.82,,0.7,,60.0,48,44,25,19,56.82,-19.22,-40.31,1.87,-8.456,0.182,11
"[-299,-200]",HR≥70/EDG≥-/CV≤0.7/μ≥-/TP≥65,60.0,,0.7,,65.0,44,40,24,16,60.0,-14.89,-36.75,6.96,-5.956,0.364,11
"[-299,-200]",HR≥70/EDG≥-/CV≤0.7/μ≥0.0/TP≥-,55.56,,0.7,0.0,,49,45,25,20,55.56,-21.01,-41.93,-0.1,-9.456,0.182,11
"[-299,-200]",HR≥70/EDG≥-/CV≤0.7/μ≥0.0/TP≥50,55.56,,0.7,0.0,50.0,49,45,25,20,55.56,-21.01,-41.93,-0.1,-9.456,0.182,11
"[-299,-200]",HR≥70/EDG≥-/CV≤0.7/μ≥0.0/TP≥55,55.56,,0.7,0.0,55.0,49,45,25,20,55.56,-21.01,-41.93,-0.1,-9.456,0.182,11
"[-299,-200]",HR≥70/EDG≥-/CV≤0.7/μ≥0.0/TP≥60,56.82,,0.7,0.0,60.0,48,44,25,19,56.82,-19.22,-40.31,1.87,-8.456,0.182,11
"[-299,-200]",HR≥70/EDG≥-/CV≤0.7/μ≥0.0/TP≥65,60.0,,0.7,0.0,65.0,44,40,24,16,60.0,-14.89,-36.75,6.96,-5.956,0.364,11
"[-299,-200]",HR≥70/EDG≥-/CV≤0.7/μ≥0.5/TP≥-,56.82,,0.7,0.5,,48,44,25,19,56.82,-19.22,-40.31,1.87,-8.456,0.182,11
"[-299,-200]",HR≥70/EDG≥-/CV≤0.7/μ≥0.5/TP≥50,56.82,,0.7,0.5,50.0,48,44,25,19,56.82,-19.22,-40.31,1.87,-8.456,0.182,11
"[-299,-200]",HR≥70/EDG≥-/CV≤0.7/μ≥0.5/TP≥55,56.82,,0.7,0.5,55.0,48,44,25,19,56.82,-19.22,-40.31,1.87,-8.456,0.182,11
"[-299,-200]",HR≥70/EDG≥-/CV≤0.7/μ≥0.5/TP≥60,56.82,,0.7,0.5,60.0,48,44,25,19,56.82,-19.22,-40.31,1.87,-8.456,0.182,11
"[-299,-200]",HR≥70/EDG≥-/CV≤0.7/μ≥0.5/TP≥65,60.0,,0.7,0.5,65.0,44,40,24,16,60.0,-14.89,-36.75,6.96,-5.956,0.364,11
"[-299,-200]",HR≥70/EDG≥-/CV≤0.7/μ≥1.0/TP≥-,65.62,,0.7,1.0,,35,32,21,11,65.62,-6.83,-30.63,16.98,-2.185,0.636,11
"[-299,-200]",HR≥70/EDG≥-/CV≤0.7/μ≥1.0/TP≥50,65.62,,0.7,1.0,50.0,35,32,21,11,65.62,-6.83,-30.63,16.98,-2.185,0.636,11
"[-299,-200]",HR≥70/EDG≥-/CV≤0.7/μ≥1.0/TP≥55,65.62,,0.7,1.0,55.0,35,32,21,11,65.62,-6.83,-30.63,16.98,-2.185,0.636,11
"[-299,-200]",HR≥70/EDG≥-/CV≤0.7/μ≥1.0/TP≥60,65.62,,0.7,1.0,60.0,35,32,21,11,65.62,-6.83,-30.63,16.98,-2.185,0.636,11
"[-299,-200]",HR≥70/EDG≥-/CV≤0.7/μ≥1.0/TP≥65,64.52,,0.7,1.0,65.0,34,31,20,11,64.52,-8.66,-32.97,15.64,-2.685,0.636,11
"[-299,-200]",HR≥70/EDG≥-5.0/CV≤-/μ≥-/TP≥-,61.6,-5.0,,,,263,237,146,91,61.6,-11.57,-20.49,-2.65,-27.428,0.231,13
"[-299,-200]",HR≥70/EDG≥-5.0/CV≤-/μ≥-/TP≥50,61.6,-5.0,,,50.0,263,237,146,91,61.6,-11.57,-20.49,-2.65,-27.428,0.231,13
"[-299,-200]",HR≥70/EDG≥-5.0/CV≤-/μ≥-/TP≥55,61.6,-5.0,,,55.0,263,237,146,91,61.6,-11.57,-20.49,-2.65,-27.428,0.231,13
"[-299,-200]",HR≥70/EDG≥-5.0/CV≤-/μ≥-/TP≥60,61.6,-5.0,,,60.0,263,237,146,91,61.6,-11.57,-20.49,-2.65,-27.428,0.231,13
"[-299,-200]",HR≥70/EDG≥-5.0/CV≤-/μ≥-/TP≥65,61.14,-5.0,,,65.0,234,211,129,82,61.14,-12.64,-22.08,-3.21,-26.675,0.231,13
"[-299,-200]",HR≥70/EDG≥-5.0/CV≤-/μ≥0.0/TP≥-,61.6,-5.0,,0.0,,263,237,146,91,61.6,-11.57,-20.49,-2.65,-27.428,0.231,13
"[-299,-200]",HR≥70/EDG≥-5.0/CV≤-/μ≥0.0/TP≥50,61.6,-5.0,,0.0,50.0,263,237,146,91,61.6,-11.57,-20.49,-2.65,-27.428,0.231,13
"[-299,-200]",HR≥70/EDG≥-5.0/CV≤-/μ≥0.0/TP≥55,61.6,-5.0,,0.0,55.0,263,237,146,91,61.6,-11.57,-20.49,-2.65,-27.428,0.231,13
"[-299,-200]",HR≥70/EDG≥-5.0/CV≤-/μ≥0.0/TP≥60,61.6,-5.0,,0.0,60.0,263,237,146,91,61.6,-11.57,-20.49,-2.65,-27.428,0.231,13
"[-299,-200]",HR≥70/EDG≥-5.0/CV≤-/μ≥0.0/TP≥65,61.14,-5.0,,0.0,65.0,234,211,129,82,61.14,-12.64,-22.08,-3.21,-26.675,0.231,13
"[-299,-200]",HR≥70/EDG≥-5.0/CV≤-/μ≥0.5/TP≥-,61.6,-5.0,,0.5,,263,237,146,91,61.6,-11.57,-20.49,-2.65,-27.428,0.231,13
"[-299,-200]",HR≥70/EDG≥-5.0/CV≤-/μ≥0.5/TP≥50,61.6,-5.0,,0.5,50.0,263,237,146,91,61.6,-11.57,-20.49,-2.65,-27.428,0.231,13
"[-299,-200]",HR≥70/EDG≥-5.0/CV≤-/μ≥0.5/TP≥55,61.6,-5.0,,0.5,55.0,263,237,146,91,61.6,-11.57,-20.49,-2.65,-27.428,0.231,13
"[-299,-200]",HR≥70/EDG≥-5.0/CV≤-/μ≥0.5/TP≥60,61.6,-5.0,,0.5,60.0,263,237,146,91,61.6,-11.57,-20.49,-2.65,-27.428,0.231,13
"[-299,-200]",HR≥70/EDG≥-5.0/CV≤-/μ≥0.5/TP≥65,61.14,-5.0,,0.5,65.0,234,211,129,82,61.14,-12.64,-22.08,-3.21,-26.675,0.231,13
"[-299,-200]",HR≥70/EDG≥-5.0/CV≤-/μ≥1.0/TP≥-,65.09,-5.0,,1.0,,189,169,110,59,65.09,-6.68,-17.04,3.67,-11.292,0.385,13
"[-299,-200]",HR≥70/EDG≥-5.0/CV≤-/μ≥1.0/TP≥50,65.09,-5.0,,1.0,50.0,189,169,110,59,65.09,-6.68,-17.04,3.67,-11.292,0.385,13
"[-299,-200]",HR≥70/EDG≥-5.0/CV≤-/μ≥1.0/TP≥55,65.09,-5.0,,1.0,55.0,189,169,110,59,65.09,-6.68,-17.04,3.67,-11.292,0.385,13
"[-299,-200]",HR≥70/EDG≥-5.0/CV≤-/μ≥1.0/TP≥60,65.09,-5.0,,1.0,60.0,189,169,110,59,65.09,-6.68,-17.04,3.67,-11.292,0.385,13
"[-299,-200]",HR≥70/EDG≥-5.0/CV≤-/μ≥1.0/TP≥65,65.19,-5.0,,1.0,65.0,178,158,103,55,65.19,-6.76,-17.44,3.92,-10.675,0.385,13
"[-299,-200]",HR≥70/EDG≥-5.0/CV≤0.7/μ≥-/TP≥-,58.14,-5.0,0.7,,,47,43,25,18,58.14,-17.34,-38.6,3.92,-7.456,0.273,11
"[-299,-200]",HR≥70/EDG≥-5.0/CV≤0.7/μ≥-/TP≥50,58.14,-5.0,0.7,,50.0,47,43,25,18,58.14,-17.34,-38.6,3.92,-7.456,0.273,11
"[-299,-200]",HR≥70/EDG≥-5.0/CV≤0.7/μ≥-/TP≥55,58.14,-5.0,0.7,,55.0,47,43,25,18,58.14,-17.34,-38.6,3.92,-7.456,0.273,11
"[-299,-200]",HR≥70/EDG≥-5.0/CV≤0.7/μ≥-/TP≥60,58.14,-5.0,0.7,,60.0,47,43,25,18,58.14,-17.34,-38.6,3.92,-7.456,0.273,11
"[-299,-200]",HR≥70/EDG≥-5.0/CV≤0.7/μ≥-/TP≥65,60.0,-5.0,0.7,,65.0,44,40,24,16,60.0,-14.89,-36.75,6.96,-5.956,0.364,11
"[-299,-200]",HR≥70/EDG≥-5.0/CV≤0.7/μ≥0.0/TP≥-,58.14,-5.0,0.7,0.0,,47,43,25,18,58.14,-17.34,-38.6,3.92,-7.456,0.273,11
"[-299,-200]",HR≥70/EDG≥-5.0/CV≤0.7/μ≥0.0/TP≥50,58.14,-5.0,0.7,0.0,50.0,47,43,25,18,58.14,-17.34,-38.6,3.92,-7.456,0.273,11
"[-299,-200]",HR≥70/EDG≥-5.0/CV≤0.7/μ≥0.0/TP≥55,58.14,-5.0,0.7,0.0,55.0,47,43,25,18,58.14,-17.34,-38.6,3.92,-7.456,0.273,11
"[-299,-200]",HR≥70/EDG≥-5.0/CV≤0.7/μ≥0.0/TP≥60,58.14,-5.0,0.7,0.0,60.0,47,43,25,18,58.14,-17.34,-38.6,3.92,-7.456,0.273,11
"[-299,-200]",HR≥70/EDG≥-5.0/CV≤0.7/μ≥0.0/TP≥65,60.0,-5.0,0.7,0.0,65.0,44,40,24,16,60.0,-14.89,-36.75,6.96,-5.956,0.364,11
"[-299,-200]",HR≥70/EDG≥-5.0/CV≤0.7/μ≥0.5/TP≥-,58.14,-5.0,0.7,0.5,,47,43,25,18,58.14,-17.34,-38.6,3.92,-7.456,0.273,11
"[-299,-200]",HR≥70/EDG≥-5.0/CV≤0.7/μ≥0.5/TP≥50,58.14,-5.0,0.7,0.5,50.0,47,43,25,18,58.14,-17.34,-38.6,3.92,-7.456,0.273,11
"[-299,-200]",HR≥70/EDG≥-5.0/CV≤0.7/μ≥0.5/TP≥55,58.14,-5.0,0.7,0.5,55.0,47,43,25,18,58.14,-17.34,-38.6,3.92,-7.456,0.273,11
"[-299,-200]",HR≥70/EDG≥-5.0/CV≤0.7/μ≥0.5/TP≥60,58.14,-5.0,0.7,0.5,60.0,47,43,25,18,58.14,-17.34,-38.6,3.92,-7.456,0.273,11
"[-299,-200]",HR≥70/EDG≥-5.0/CV≤0.7/μ≥0.5/TP≥65,60.0,-5.0,0.7,0.5,65.0,44,40,24,16,60.0,-14.89,-36.75,6.96,-5.956,0.364,11
"[-299,-200]",HR≥70/EDG≥-5.0/CV≤0.7/μ≥1.0/TP≥-,65.62,-5.0,0.7,1.0,,35,32,21,11,65.62,-6.83,-30.63,16.98,-2.185,0.636,11
"[-299,-200]",HR≥70/EDG≥-5.0/CV≤0.7/μ≥1.0/TP≥50,65.62,-5.0,0.7,1.0,50.0,35,32,21,11,65.62,-6.83,-30.63,16.98,-2.185,0.636,11
"[-299,-200]",HR≥70/EDG≥-5.0/CV≤0.7/μ≥1.0/TP≥55,65.62,-5.0,0.7,1.0,55.0,35,32,21,11,65.62,-6.83,-30.63,16.98,-2.185,0.636,11
"[-299,-200]",HR≥70/EDG≥-5.0/CV≤0.7/μ≥1.0/TP≥60,65.62,-5.0,0.7,1.0,60.0,35,32,21,11,65.62,-6.83,-30.63,16.98,-2.185,0.636,11
"[-299,-200]",HR≥70/EDG≥-5.0/CV≤0.7/μ≥1.0/TP≥65,64.52,-5.0,0.7,1.0,65.0,34,31,20,11,64.52,-8.66,-32.97,15.64,-2.685,0.636,11
"[-299,-200]",HR≥70/EDG≥0.0/CV≤-/μ≥-/TP≥-,62.37,0.0,,,,216,194,121,73,62.37,-10.56,-20.38,-0.74,-20.48,0.385,13
"[-299,-200]",HR≥70/EDG≥0.0/CV≤-/μ≥-/TP≥50,62.37,0.0,,,50.0,216,194,121,73,62.37,-10.56,-20.38,-0.74,-20.48,0.385,13
"[-299,-200]",HR≥70/EDG≥0.0/CV≤-/μ≥-/TP≥55,62.37,0.0,,,55.0,216,194,121,73,62.37,-10.56,-20.38,-0.74,-20.48,0.385,13
"[-299,-200]",HR≥70/EDG≥0.0/CV≤-/μ≥-/TP≥60,62.37,0.0,,,60.0,216,194,121,73,62.37,-10.56,-20.38,-0.74,-20.48,0.385,13
"[-299,-200]",HR≥70/EDG≥0.0/CV≤-/μ≥-/TP≥65,62.3,0.0,,,65.0,204,183,114,69,62.3,-10.89,-20.98,-0.8,-19.933,0.308,13
"[-299,-200]",HR≥70/EDG≥0.0/CV≤-/μ≥0.0/TP≥-,62.37,0.0,,0.0,,216,194,121,73,62.37,-10.56,-20.38,-0.74,-20.48,0.385,13
"[-299,-200]",HR≥70/EDG≥0.0/CV≤-/μ≥0.0/TP≥50,62.37,0.0,,0.0,50.0,216,194,121,73,62.37,-10.56,-20.38,-0.74,-20.48,0.385,13
"[-299,-200]",HR≥70/EDG≥0.0/CV≤-/μ≥0.0/TP≥55,62.37,0.0,,0.0,55.0,216,194,121,73,62.37,-10.56,-20.38,-0.74,-20.48,0.385,13
"[-299,-200]",HR≥70/EDG≥0.0/CV≤-/μ≥0.0/TP≥60,62.37,0.0,,0.0,60.0,216,194,121,73,62.37,-10.56,-20.38,-0.74,-20.48,0.385,13
"[-299,-200]",HR≥70/EDG≥0.0/CV≤-/μ≥0.0/TP≥65,62.3,0.0,,0.0,65.0,204,183,114,69,62.3,-10.89,-20.98,-0.8,-19.933,0.308,13
"[-299,-200]",HR≥70/EDG≥0.0/CV≤-/μ≥0.5/TP≥-,62.37,0.0,,0.5,,216,194,121,73,62.37,-10.56,-20.38,-0.74,-20.48,0.385,13
"[-299,-200]",HR≥70/EDG≥0.0/CV≤-/μ≥0.5/TP≥50,62.37,0.0,,0.5,50.0,216,194,121,73,62.37,-10.56,-20.38,-0.74,-20.48,0.385,13
"[-299,-200]",HR≥70/EDG≥0.0/CV≤-/μ≥0.5/TP≥55,62.37,0.0,,0.5,55.0,216,194,121,73,62.37,-10.56,-20.38,-0.74,-20.48,0.385,13
"[-299,-200]",HR≥70/EDG≥0.0/CV≤-/μ≥0.5/TP≥60,62.37,0.0,,0.5,60.0,216,194,121,73,62.37,-10.56,-20.38,-0.74,-20.48,0.385,13
"[-299,-200]",HR≥70/EDG≥0.0/CV≤-/μ≥0.5/TP≥65,62.3,0.0,,0.5,65.0,204,183,114,69,62.3,-10.89,-20.98,-0.8,-19.933,0.308,13
"[-299,-200]",HR≥70/EDG≥0.0/CV≤-/μ≥1.0/TP≥-,63.92,0.0,,1.0,,177,158,101,57,63.92,-8.31,-19.11,2.48,-13.134,0.462,13
"[-299,-200]",HR≥70/EDG≥0.0/CV≤-/μ≥1.0/TP≥50,63.92,0.0,,1.0,50.0,177,158,101,57,63.92,-8.31,-19.11,2.48,-13.134,0.462,13
"[-299,-200]",HR≥70/EDG≥0.0/CV≤-/μ≥1.0/TP≥55,63.92,0.0,,1.0,55.0,177,158,101,57,63.92,-8.31,-19.11,2.48,-13.134,0.462,13
"[-299,-200]",HR≥70/EDG≥0.0/CV≤-/μ≥1.0/TP≥60,63.92,0.0,,1.0,60.0,177,158,101,57,63.92,-8.31,-19.11,2.48,-13.134,0.462,13
"[-299,-200]",HR≥70/EDG≥0.0/CV≤-/μ≥1.0/TP≥65,64.43,0.0,,1.0,65.0,168,149,96,53,64.43,-7.78,-18.84,3.28,-11.587,0.385,13
"[-299,-200]",HR≥70/EDG≥0.0/CV≤0.7/μ≥-/TP≥-,60.98,0.0,0.7,,,45,41,25,16,60.98,-13.31,-34.85,8.23,-5.456,0.364,11
"[-299,-200]",HR≥70/EDG≥0.0/CV≤0.7/μ≥-/TP≥50,60.98,0.0,0.7,,50.0,45,41,25,16,60.98,-13.31,-34.85,8.23,-5.456,0.364,11
"[-299,-200]",HR≥70/EDG≥0.0/CV≤0.7/μ≥-/TP≥55,60.98,0.0,0.7,,55.0,45,41,25,16,60.98,-13.31,-34.85,8.23,-5.456,0.364,11
"[-299,-200]",HR≥70/EDG≥0.0/CV≤0.7/μ≥-/TP≥60,60.98,0.0,0.7,,60.0,45,41,25,16,60.98,-13.31,-34.85,8.23,-5.456,0.364,11
"[-299,-200]",HR≥70/EDG≥0.0/CV≤0.7/μ≥-/TP≥65,60.0,0.0,0.7,,65.0,44,40,24,16,60.0,-14.89,-36.75,6.96,-5.956,0.364,11
"[-299,-200]",HR≥70/EDG≥0.0/CV≤0.7/μ≥0.0/TP≥-,60.98,0.0,0.7,0.0,,45,41,25,16,60.98,-13.31,-34.85,8.23,-5.456,0.364,11
"[-299,-200]",HR≥70/EDG≥0.0/CV≤0.7/μ≥0.0/TP≥50,60.98,0.0,0.7,0.0,50.0,45,41,25,16,60.98,-13.31,-34.85,8.23,-5.456,0.364,11
"[-299,-200]",HR≥70/EDG≥0.0/CV≤0.7/μ≥0.0/TP≥55,60.98,0.0,0.7,0.0,55.0,45,41,25,16,60.98,-13.31,-34.85,8.23,-5.456,0.364,11
"[-299,-200]",HR≥70/EDG≥0.0/CV≤0.7/μ≥0.0/TP≥60,60.98,0.0,0.7,0.0,60.0,45,41,25,16,60.98,-13.31,-34.85,8.23,-5.456,0.364,11
"[-299,-200]",HR≥70/EDG≥0.0/CV≤0.7/μ≥0.0/TP≥65,60.0,0.0,0.7,0.0,65.0,44,40,24,16,60.0,-14.89,-36.75,6.96,-5.956,0.364,11
"[-299,-200]",HR≥70/EDG≥0.0/CV≤0.7/μ≥0.5/TP≥-,60.98,0.0,0.7,0.5,,45,41,25,16,60.98,-13.31,-34.85,8.23,-5.456,0.364,11
"[-299,-200]",HR≥70/EDG≥0.0/CV≤0.7/μ≥0.5/TP≥50,60.98,0.0,0.7,0.5,50.0,45,41,25,16,60.98,-13.31,-34.85,8.23,-5.456,0.364,11
"[-299,-200]",HR≥70/EDG≥0.0/CV≤0.7/μ≥0.5/TP≥55,60.98,0.0,0.7,0.5,55.0,45,41,25,16,60.98,-13.31,-34.85,8.23,-5.456,0.364,11
"[-299,-200]",HR≥70/EDG≥0.0/CV≤0.7/μ≥0.5/TP≥60,60.98,0.0,0.7,0.5,60.0,45,41,25,16,60.98,-13.31,-34.85,8.23,-5.456,0.364,11
"[-299,-200]",HR≥70/EDG≥0.0/CV≤0.7/μ≥0.5/TP≥65,60.0,0.0,0.7,0.5,65.0,44,40,24,16,60.0,-14.89,-36.75,6.96,-5.956,0.364,11
"[-299,-200]",HR≥70/EDG≥0.0/CV≤0.7/μ≥1.0/TP≥-,65.62,0.0,0.7,1.0,,35,32,21,11,65.62,-6.83,-30.63,16.98,-2.185,0.636,11
"[-299,-200]",HR≥70/EDG≥0.0/CV≤0.7/μ≥1.0/TP≥50,65.62,0.0,0.7,1.0,50.0,35,32,21,11,65.62,-6.83,-30.63,16.98,-2.185,0.636,11
"[-299,-200]",HR≥70/EDG≥0.0/CV≤0.7/μ≥1.0/TP≥55,65.62,0.0,0.7,1.0,55.0,35,32,21,11,65.62,-6.83,-30.63,16.98,-2.185,0.636,11
"[-299,-200]",HR≥70/EDG≥0.0/CV≤0.7/μ≥1.0/TP≥60,65.62,0.0,0.7,1.0,60.0,35,32,21,11,65.62,-6.83,-30.63,16.98,-2.185,0.636,11
"[-299,-200]",HR≥70/EDG≥0.0/CV≤0.7/μ≥1.0/TP≥65,64.52,0.0,0.7,1.0,65.0,34,31,20,11,64.52,-8.66,-32.97,15.64,-2.685,0.636,11
"[-299,-200]",HR≥70/EDG≥5.0/CV≤-/μ≥-/TP≥-,61.82,5.0,,,,184,165,102,63,61.82,-11.52,-22.18,-0.86,-19.008,0.385,13
"[-299,-200]",HR≥70/EDG≥5.0/CV≤-/μ≥-/TP≥50,61.82,5.0,,,50.0,184,165,102,63,61.82,-11.52,-22.18,-0.86,-19.008,0.385,13
"[-299,-200]",HR≥70/EDG≥5.0/CV≤-/μ≥-/TP≥55,61.82,5.0,,,55.0,184,165,102,63,61.82,-11.52,-22.18,-0.86,-19.008,0.385,13
"[-299,-200]",HR≥70/EDG≥5.0/CV≤-/μ≥-/TP≥60,61.82,5.0,,,60.0,184,165,102,63,61.82,-11.52,-22.18,-0.86,-19.008,0.385,13
"[-299,-200]",HR≥70/EDG≥5.0/CV≤-/μ≥-/TP≥65,62.18,5.0,,,65.0,174,156,97,59,62.18,-11.19,-22.12,-0.27,-17.46,0.308,13
"[-299,-200]",HR≥70/EDG≥5.0/CV≤-/μ≥0.0/TP≥-,61.82,5.0,,0.0,,184,165,102,63,61.82,-11.52,-22.18,-0.86,-19.008,0.385,13
"[-299,-200]",HR≥70/EDG≥5.0/CV≤-/μ≥0.0/TP≥50,61.82,5.0,,0.0,50.0,184,165,102,63,61.82,-11.52,-22.18,-0.86,-19.008,0.385,13
"[-299,-200]",HR≥70/EDG≥5.0/CV≤-/μ≥0.0/TP≥55,61.82,5.0,,0.0,55.0,184,165,102,63,61.82,-11.52,-22.18,-0.86,-19.008,0.385,13
"[-299,-200]",HR≥70/EDG≥5.0/CV≤-/μ≥0.0/TP≥60,61.82,5.0,,0.0,60.0,184,165,102,63,61.82,-11.52,-22.18,-0.86,-19.008,0.385,13
"[-299,-200]",HR≥70/EDG≥5.0/CV≤-/μ≥0.0/TP≥65,62.18,5.0,,0.0,65.0,174,156,97,59,62.18,-11.19,-22.12,-0.27,-17.46,0.308,13
"[-299,-200]",HR≥70/EDG≥5.0/CV≤-/μ≥0.5/TP≥-,61.82,5.0,,0.5,,184,165,102,63,61.82,-11.52,-22.18,-0.86,-19.008,0.385,13
"[-299,-200]",HR≥70/EDG≥5.0/CV≤-/μ≥0.5/TP≥50,61.82,5.0,,0.5,50.0,184,165,102,63,61.82,-11.52,-22.18,-0.86,-19.008,0.385,13
"[-299,-200]",HR≥70/EDG≥5.0/CV≤-/μ≥0.5/TP≥55,61.82,5.0,,0.5,55.0,184,165,102,63,61.82,-11.52,-22.18,-0.86,-19.008,0.385,13
"[-299,-200]",HR≥70/EDG≥5.0/CV≤-/μ≥0.5/TP≥60,61.82,5.0,,0.5,60.0,184,165,102,63,61.82,-11.52,-22.18,-0.86,-19.008,0.385,13
"[-299,-200]",HR≥70/EDG≥5.0/CV≤-/μ≥0.5/TP≥65,62.18,5.0,,0.5,65.0,174,156,97,59,62.18,-11.19,-22.12,-0.27,-17.46,0.308,13
"[-299,-200]",HR≥70/EDG≥5.0/CV≤-/μ≥1.0/TP≥-,63.27,5.0,,1.0,,164,147,93,54,63.27,-9.29,-20.52,1.95,-13.653,0.385,13
"[-299,-200]",HR≥70/EDG≥5.0/CV≤-/μ≥1.0/TP≥50,63.27,5.0,,1.0,50.0,164,147,93,54,63.27,-9.29,-20.52,1.95,-13.653,0.385,13
"[-299,-200]",HR≥70/EDG≥5.0/CV≤-/μ≥1.0/TP≥55,63.27,5.0,,1.0,55.0,164,147,93,54,63.27,-9.29,-20.52,1.95,-13.653,0.385,13
"[-299,-200]",HR≥70/EDG≥5.0/CV≤-/μ≥1.0/TP≥60,63.27,5.0,,1.0,60.0,164,147,93,54,63.27,-9.29,-20.52,1.95,-13.653,0.385,13
"[-299,-200]",HR≥70/EDG≥5.0/CV≤-/μ≥1.0/TP≥65,63.77,5.0,,1.0,65.0,155,138,88,50,63.77,-8.77,-20.31,2.77,-12.105,0.308,13
"[-299,-200]",HR≥70/EDG≥5.0/CV≤0.7/μ≥-/TP≥-,60.53,5.0,0.7,,,42,38,23,15,60.53,-13.88,-36.34,8.58,-5.276,0.455,11
"[-299,-200]",HR≥70/EDG≥5.0/CV≤0.7/μ≥-/TP≥50,60.53,5.0,0.7,,50.0,42,38,23,15,60.53,-13.88,-36.34,8.58,-5.276,0.455,11
"[-299,-200]",HR≥70/EDG≥5.0/CV≤0.7/μ≥-/TP≥55,60.53,5.0,0.7,,55.0,42,38,23,15,60.53,-13.88,-36.34,8.58,-5.276,0.455,11
"[-299,-200]",HR≥70/EDG≥5.0/CV≤0.7/μ≥-/TP≥60,60.53,5.0,0.7,,60.0,42,38,23,15,60.53,-13.88,-36.34,8.58,-5.276,0.455,11
"[-299,-200]",HR≥70/EDG≥5.0/CV≤0.7/μ≥-/TP≥65,59.46,5.0,0.7,,65.0,41,37,22,15,59.46,-15.61,-38.42,7.2,-5.776,0.364,11
"[-299,-200]",HR≥70/EDG≥5.0/CV≤0.7/μ≥0.0/TP≥-,60.53,5.0,0.7,0.0,,42,38,23,15,60.53,-13.88,-36.34,8.58,-5.276,0.455,11
"[-299,-200]",HR≥70/EDG≥5.0/CV≤0.7/μ≥0.0/TP≥50,60.53,5.0,0.7,0.0,50.0,42,38,23,15,60.53,-13.88,-36.34,8.58,-5.276,0.455,11
"[-299,-200]",HR≥70/EDG≥5.0/CV≤0.7/μ≥0.0/TP≥55,60.53,5.0,0.7,0.0,55.0,42,38,23,15,60.53,-13.88,-36.34,8.58,-5.276,0.455,11
"[-299,-200]",HR≥70/EDG≥5.0/CV≤0.7/μ≥0.0/TP≥60,60.53,5.0,0.7,0.0,60.0,42,38,23,15,60.53,-13.88,-36.34,8.58,-5.276,0.455,11
"[-299,-200]",HR≥70/EDG≥5.0/CV≤0.7/μ≥0.0/TP≥65,59.46,5.0,0.7,0.0,65.0,41,37,22,15,59.46,-15.61,-38.42,7.2,-5.776,0.364,11
"[-299,-200]",HR≥70/EDG≥5.0/CV≤0.7/μ≥0.5/TP≥-,60.53,5.0,0.7,0.5,,42,38,23,15,60.53,-13.88,-36.34,8.58,-5.276,0.455,11
"[-299,-200]",HR≥70/EDG≥5.0/CV≤0.7/μ≥0.5/TP≥50,60.53,5.0,0.7,0.5,50.0,42,38,23,15,60.53,-13.88,-36.34,8.58,-5.276,0.455,11
"[-299,-200]",HR≥70/EDG≥5.0/CV≤0.7/μ≥0.5/TP≥55,60.53,5.0,0.7,0.5,55.0,42,38,23,15,60.53,-13.88,-36.34,8.58,-5.276,0.455,11
"[-299,-200]",HR≥70/EDG≥5.0/CV≤0.7/μ≥0.5/TP≥60,60.53,5.0,0.7,0.5,60.0,42,38,23,15,60.53,-13.88,-36.34,8.58,-5.276,0.455,11
"[-299,-200]",HR≥70/EDG≥5.0/CV≤0.7/μ≥0.5/TP≥65,59.46,5.0,0.7,0.5,65.0,41,37,22,15,59.46,-15.61,-38.42,7.2,-5.776,0.364,11
"[-299,-200]",HR≥70/EDG≥5.0/CV≤0.7/μ≥1.0/TP≥-,65.62,5.0,0.7,1.0,,35,32,21,11,65.62,-6.83,-30.63,16.98,-2.185,0.636,11
"[-299,-200]",HR≥70/EDG≥5.0/CV≤0.7/μ≥1.0/TP≥50,65.62,5.0,0.7,1.0,50.0,35,32,21,11,65.62,-6.83,-30.63,16.98,-2.185,0.636,11
"[-299,-200]",HR≥70/EDG≥5.0/CV≤0.7/μ≥1.0/TP≥55,65.62,5.0,0.7,1.0,55.0,35,32,21,11,65.62,-6.83,-30.63,16.98,-2.185,0.636,11
"[-299,-200]",HR≥70/EDG≥5.0/CV≤0.7/μ≥1.0/TP≥60,65.62,5.0,0.7,1.0,60.0,35,32,21,11,65.62,-6.83,-30.63,16.98,-2.185,0.636,11
"[-299,-200]",HR≥70/EDG≥5.0/CV≤0.7/μ≥1.0/TP≥65,64.52,5.0,0.7,1.0,65.0,34,31,20,11,64.52,-8.66,-32.97,15.64,-2.685,0.636,11
"[-299,-200]",HR≥70/EDG≥10.0/CV≤-/μ≥-/TP≥-,67.91,10.0,,,,152,134,91,43,67.91,-2.35,-13.78,9.08,-3.15,0.538,13
"[-299,-200]",HR≥70/EDG≥10.0/CV≤-/μ≥-/TP≥50,67.91,10.0,,,50.0,152,134,91,43,67.91,-2.35,-13.78,9.08,-3.15,0.538,13
"[-299,-200]",HR≥70/EDG≥10.0/CV≤-/μ≥-/TP≥55,67.91,10.0,,,55.0,152,134,91,43,67.91,-2.35,-13.78,9.08,-3.15,0.538,13
"[-299,-200]",HR≥70/EDG≥10.0/CV≤-/μ≥-/TP≥60,67.91,10.0,,,60.0,152,134,91,43,67.91,-2.35,-13.78,9.08,-3.15,0.538,13
"[-299,-200]",HR≥70/EDG≥10.0/CV≤-/μ≥-/TP≥65,67.72,10.0,,,65.0,145,127,86,41,67.72,-2.84,-14.57,8.9,-3.602,0.462,13
"[-299,-200]",HR≥70/EDG≥10.0/CV≤-/μ≥0.0/TP≥-,67.91,10.0,,0.0,,152,134,91,43,67.91,-2.35,-13.78,9.08,-3.15,0.538,13
"[-299,-200]",HR≥70/EDG≥10.0/CV≤-/μ≥0.0/TP≥50,67.91,10.0,,0.0,50.0,152,134,91,43,67.91,-2.35,-13.78,9.08,-3.15,0.538,13
"[-299,-200]",HR≥70/EDG≥10.0/CV≤-/μ≥0.0/TP≥55,67.91,10.0,,0.0,55.0,152,134,91,43,67.91,-2.35,-13.78,9.08,-3.15,0.538,13
"[-299,-200]",HR≥70/EDG≥10.0/CV≤-/μ≥0.0/TP≥60,67.91,10.0,,0.0,60.0,152,134,91,43,67.91,-2.35,-13.78,9.08,-3.15,0.538,13
"[-299,-200]",HR≥70/EDG≥10.0/CV≤-/μ≥0.0/TP≥65,67.72,10.0,,0.0,65.0,145,127,86,41,67.72,-2.84,-14.57,8.9,-3.602,0.462,13
"[-299,-200]",HR≥70/EDG≥10.0/CV≤-/μ≥0.5/TP≥-,67.91,10.0,,0.5,,152,134,91,43,67.91,-2.35,-13.78,9.08,-3.15,0.538,13
"[-299,-200]",HR≥70/EDG≥10.0/CV≤-/μ≥0.5/TP≥50,67.91,10.0,,0.5,50.0,152,134,91,43,67.91,-2.35,-13.78,9.08,-3.15,0.538,13
"[-299,-200]",HR≥70/EDG≥10.0/CV≤-/μ≥0.5/TP≥55,67.91,10.0,,0.5,55.0,152,134,91,43,67.91,-2.35,-13.78,9.08,-3.15,0.538,13
"[-299,-200]",HR≥70/EDG≥10.0/CV≤-/μ≥0.5/TP≥60,67.91,10.0,,0.5,60.0,152,134,91,43,67.91,-2.35,-13.78,9.08,-3.15,0.538,13
"[-299,-200]",HR≥70/EDG≥10.0/CV≤-/μ≥0.5/TP≥65,67.72,10.0,,0.5,65.0,145,127,86,41,67.72,-2.84,-14.57,8.9,-3.602,0.462,13
"[-299,-200]",HR≥70/EDG≥10.0/CV≤-/μ≥1.0/TP≥-,67.19,10.0,,1.0,,145,128,86,42,67.19,-3.42,-15.18,8.34,-4.377,0.462,13
"[-299,-200]",HR≥70/EDG≥10.0/CV≤-/μ≥1.0/TP≥50,67.19,10.0,,1.0,50.0,145,128,86,42,67.19,-3.42,-15.18,8.34,-4.377,0.462,13
"[-299,-200]",HR≥70/EDG≥10.0/CV≤-/μ≥1.0/TP≥55,67.19,10.0,,1.0,55.0,145,128,86,42,67.19,-3.42,-15.18,8.34,-4.377,0.462,13
"[-299,-200]",HR≥70/EDG≥10.0/CV≤-/μ≥1.0/TP≥60,67.19,10.0,,1.0,60.0,145,128,86,42,67.19,-3.42,-15.18,8.34,-4.377,0.462,13
"[-299,-200]",HR≥70/EDG≥10.0/CV≤-/μ≥1.0/TP≥65,66.94,10.0,,1.0,65.0,138,121,81,40,66.94,-3.99,-16.09,8.1,-4.83,0.462,13
"[-299,-200]",HR≥70/EDG≥10.0/CV≤0.7/μ≥-/TP≥-,66.67,10.0,0.7,,,37,33,22,11,66.67,-4.93,-28.28,18.43,-1.627,0.545,11
"[-299,-200]",HR≥70/EDG≥10.0/CV≤0.7/μ≥-/TP≥50,66.67,10.0,0.7,,50.0,37,33,22,11,66.67,-4.93,-28.28,18.43,-1.627,0.545,11
"[-299,-200]",HR≥70/EDG≥10.0/CV≤0.7/μ≥-/TP≥55,66.67,10.0,0.7,,55.0,37,33,22,11,66.67,-4.93,-28.28,18.43,-1.627,0.545,11
"[-299,-200]",HR≥70/EDG≥10.0/CV≤0.7/μ≥-/TP≥60,66.67,10.0,0.7,,60.0,37,33,22,11,66.67,-4.93,-28.28,18.43,-1.627,0.545,11
"[-299,-200]",HR≥70/EDG≥10.0/CV≤0.7/μ≥-/TP≥65,65.62,10.0,0.7,,65.0,36,32,21,11,65.62,-6.65,-30.49,17.2,-2.127,0.545,11
"[-299,-200]",HR≥70/EDG≥10.0/CV≤0.7/μ≥0.0/TP≥-,66.67,10.0,0.7,0.0,,37,33,22,11,66.67,-4.93,-28.28,18.43,-1.627,0.545,11
"[-299,-200]",HR≥70/EDG≥10.0/CV≤0.7/μ≥0.0/TP≥50,66.67,10.0,0.7,0.0,50.0,37,33,22,11,66.67,-4.93,-28.28,18.43,-1.627,0.545,11
"[-299,-200]",HR≥70/EDG≥10.0/CV≤0.7/μ≥0.0/TP≥55,66.67,10.0,0.7,0.0,55.0,37,33,22,11,66.67,-4.93,-28.28,18.43,-1.627,0.545,11
"[-299,-200]",HR≥70/EDG≥10.0/CV≤0.7/μ≥0.0/TP≥60,66.67,10.0,0.7,0.0,60.0,37,33,22,11,66.67,-4.93,-28.28,18.43,-1.627,0.545,11
"[-299,-200]",HR≥70/EDG≥10.0/CV≤0.7/μ≥0.0/TP≥65,65.62,10.0,0.7,0.0,65.0,36,32,21,11,65.62,-6.65,-30.49,17.2,-2.127,0.545,11
"[-299,-200]",HR≥70/EDG≥10.0/CV≤0.7/μ≥0.5/TP≥-,66.67,10.0,0.7,0.5,,37,33,22,11,66.67,-4.93,-28.28,18.43,-1.627,0.545,11
"[-299,-200]",HR≥70/EDG≥10.0/CV≤0.7/μ≥0.5/TP≥50,66.67,10.0,0.7,0.5,50.0,37,33,22,11,66.67,-4.93,-28.28,18.43,-1.627,0.545,11
"[-299,-200]",HR≥70/EDG≥10.0/CV≤0.7/μ≥0.5/TP≥55,66.67,10.0,0.7,0.5,55.0,37,33,22,11,66.67,-4.93,-28.28,18.43,-1.627,0.545,11
"[-299,-200]",HR≥70/EDG≥10.0/CV≤0.7/μ≥0.5/TP≥60,66.67,10.0,0.7,0.5,60.0,37,33,22,11,66.67,-4.93,-28.28,18.43,-1.627,0.545,11
"[-299,-200]",HR≥70/EDG≥10.0/CV≤0.7/μ≥0.5/TP≥65,65.62,10.0,0.7,0.5,65.0,36,32,21,11,65.62,-6.65,-30.49,17.2,-2.127,0.545,11
"[-299,-200]",HR≥70/EDG≥10.0/CV≤0.7/μ≥1.0/TP≥-,66.67,10.0,0.7,1.0,,33,30,20,10,66.67,-5.12,-29.61,19.37,-1.536,0.636,11
"[-299,-200]",HR≥70/EDG≥10.0/CV≤0.7/μ≥1.0/TP≥50,66.67,10.0,0.7,1.0,50.0,33,30,20,10,66.67,-5.12,-29.61,19.37,-1.536,0.636,11
"[-299,-200]",HR≥70/EDG≥10.0/CV≤0.7/μ≥1.0/TP≥55,66.67,10.0,0.7,1.0,55.0,33,30,20,10,66.67,-5.12,-29.61,19.37,-1.536,0.636,11
"[-299,-200]",HR≥70/EDG≥10.0/CV≤0.7/μ≥1.0/TP≥60,66.67,10.0,0.7,1.0,60.0,33,30,20,10,66.67,-5.12,-29.61,19.37,-1.536,0.636,11
"[-299,-200]",HR≥75/EDG≥-/CV≤-/μ≥-/TP≥-,65.17,,,,,196,178,116,62,65.17,-6.99,-17.03,3.05,-12.443,0.385,13
"[-299,-200]",HR≥75/EDG≥-/CV≤-/μ≥-/TP≥50,65.17,,,,50.0,196,178,116,62,65.17,-6.99,-17.03,3.05,-12.443,0.385,13
"[-299,-200]",HR≥75/EDG≥-/CV≤-/μ≥-/TP≥55,66.29,,,,55.0,193,175,116,59,66.29,-5.4,-15.44,4.65,-9.443,0.385,13
"[-299,-200]",HR≥75/EDG≥-/CV≤-/μ≥-/TP≥60,66.08,,,,60.0,189,171,113,58,66.08,-5.68,-15.86,4.5,-9.715,0.385,13
"[-299,-200]",HR≥75/EDG≥-/CV≤-/μ≥-/TP≥65,63.51,,,,65.0,162,148,94,54,63.51,-9.74,-20.82,1.34,-14.42,0.462,13
"[-299,-200]",HR≥75/EDG≥-/CV≤-/μ≥0.0/TP≥-,65.17,,,0.0,,196,178,116,62,65.17,-6.99,-17.03,3.05,-12.443,0.385,13
"[-299,-200]",HR≥75/EDG≥-/CV≤-/μ≥0.0/TP≥50,65.17,,,0.0,50.0,196,178,116,62,65.17,-6.99,-17.03,3.05,-12.443,0.385,13
"[-299,-200]",HR≥75/EDG≥-/CV≤-/μ≥0.0/TP≥55,66.29,,,0.0,55.0,193,175,116,59,66.29,-5.4,-15.44,4.65,-9.443,0.385,13
"[-299,-200]",HR≥75/EDG≥-/CV≤-/μ≥0.0/TP≥60,66.08,,,0.0,60.0,189,171,113,58,66.08,-5.68,-15.86,4.5,-9.715,0.385,13
"[-299,-200]",HR≥75/EDG≥-/CV≤-/μ≥0.0/TP≥65,63.51,,,0.0,65.0,162,148,94,54,63.51,-9.74,-20.82,1.34,-14.42,0.462,13
"[-299,-200]",HR≥75/EDG≥-/CV≤-/μ≥0.5/TP≥-,66.67,,,0.5,,188,171,114,57,66.67,-4.83,-14.97,5.31,-8.261,0.385,13
"[-299,-200]",HR≥75/EDG≥-/CV≤-/μ≥0.5/TP≥50,66.67,,,0.5,50.0,188,171,114,57,66.67,-4.83,-14.97,5.31,-8.261,0.385,13
"[-299,-200]",HR≥75/EDG≥-/CV≤-/μ≥0.5/TP≥55,66.67,,,0.5,55.0,188,171,114,57,66.67,-4.83,-14.97,5.31,-8.261,0.385,13
"[-299,-200]",HR≥75/EDG≥-/CV≤-/μ≥0.5/TP≥60,66.47,,,0.5,60.0,187,170,113,57,66.47,-5.13,-15.31,5.05,-8.715,0.385,13
"[-299,-200]",HR≥75/EDG≥-/CV≤-/μ≥0.5/TP≥65,63.95,,,0.5,65.0,161,147,94,53,63.95,-9.13,-20.22,1.96,-13.42,0.462,13
"[-299,-200]",HR≥75/EDG≥-/CV≤-/μ≥1.0/TP≥-,69.42,,,1.0,,133,121,84,37,69.42,-0.88,-12.68,10.92,-1.062,0.462,13
"[-299,-200]",HR≥75/EDG≥-/CV≤-/μ≥1.0/TP≥50,69.42,,,1.0,50.0,133,121,84,37,69.42,-0.88,-12.68,10.92,-1.062,0.462,13
"[-299,-200]",HR≥75/EDG≥-/CV≤-/μ≥1.0/TP≥55,69.42,,,1.0,55.0,133,121,84,37,69.42,-0.88,-12.68,10.92,-1.062,0.462,13
"[-299,-200]",HR≥75/EDG≥-/CV≤-/μ≥1.0/TP≥60,69.42,,,1.0,60.0,133,121,84,37,69.42,-0.88,-12.68,10.92,-1.062,0.462,13
"[-299,-200]",HR≥75/EDG≥-/CV≤-/μ≥1.0/TP≥65,69.03,,,1.0,65.0,125,113,78,35,69.03,-1.76,-13.98,10.45,-1.991,0.538,13
"[-299,-200]",HR≥75/EDG≥-/CV≤0.7/μ≥-/TP≥-,62.86,,0.7,,,38,35,22,13,62.86,-11.04,-34.08,12.0,-3.865,0.455,11
"[-299,-200]",HR≥75/EDG≥-/CV≤0.7/μ≥-/TP≥50,62.86,,0.7,,50.0,38,35,22,13,62.86,-11.04,-34.08,12.0,-3.865,0.455,11
"[-299,-200]",HR≥75/EDG≥-/CV≤0.7/μ≥-/TP≥55,62.86,,0.7,,55.0,38,35,22,13,62.86,-11.04,-34.08,12.0,-3.865,0.455,11
"[-299,-200]",HR≥75/EDG≥-/CV≤0.7/μ≥-/TP≥60,62.86,,0.7,,60.0,38,35,22,13,62.86,-11.04,-34.08,12.0,-3.865,0.455,11
"[-299,-200]",HR≥75/EDG≥-/CV≤0.7/μ≥-/TP≥65,63.64,,0.7,,65.0,36,33,21,12,63.64,-10.2,-33.77,13.38,-3.365,0.364,11
"[-299,-200]",HR≥75/EDG≥-/CV≤0.7/μ≥0.0/TP≥-,62.86,,0.7,0.0,,38,35,22,13,62.86,-11.04,-34.08,12.0,-3.865,0.455,11
"[-299,-200]",HR≥75/EDG≥-/CV≤0.7/μ≥0.0/TP≥50,62.86,,0.7,0.0,50.0,38,35,22,13,62.86,-11.04,-34.08,12.0,-3.865,0.455,11
"[-299,-200]",HR≥75/EDG≥-/CV≤0.7/μ≥0.0/TP≥55,62.86,,0.7,0.0,55.0,38,35,22,13,62.86,-11.04,-34.08,12.0,-3.865,0.455,11
"[-299,-200]",HR≥75/EDG≥-/CV≤0.7/μ≥0.0/TP≥60,62.86,,0.7,0.0,60.0,38,35,22,13,62.86,-11.04,-34.08,12.0,-3.865,0.455,11
"[-299,-200]",HR≥75/EDG≥-/CV≤0.7/μ≥0.0/TP≥65,63.64,,0.7,0.0,65.0,36,33,21,12,63.64,-10.2,-33.77,13.38,-3.365,0.364,11
"[-299,-200]",HR≥75/EDG≥-/CV≤0.7/μ≥0.5/TP≥-,62.86,,0.7,0.5,,38,35,22,13,62.86,-11.04,-34.08,12.0,-3.865,0.455,11
"[-299,-200]",HR≥75/EDG≥-/CV≤0.7/μ≥0.5/TP≥50,62.86,,0.7,0.5,50.0,38,35,22,13,62.86,-11.04,-34.08,12.0,-3.865,0.455,11
"[-299,-200]",HR≥75/EDG≥-/CV≤0.7/μ≥0.5/TP≥55,62.86,,0.7,0.5,55.0,38,35,22,13,62.86,-11.04,-34.08,12.0,-3.865,0.455,11
"[-299,-200]",HR≥75/EDG≥-/CV≤0.7/μ≥0.5/TP≥60,62.86,,0.7,0.5,60.0,38,35,22,13,62.86,-11.04,-34.08,12.0,-3.865,0.455,11
"[-299,-200]",HR≥75/EDG≥-/CV≤0.7/μ≥0.5/TP≥65,63.64,,0.7,0.5,65.0,36,33,21,12,63.64,-10.2,-33.77,13.38,-3.365,0.364,11
"[-299,-200]",HR≥75/EDG≥-5.0/CV≤-/μ≥-/TP≥-,66.24,-5.0,,,,172,157,104,53,66.24,-5.26,-15.9,5.37,-8.261,0.385,13
"[-299,-200]",HR≥75/EDG≥-5.0/CV≤-/μ≥-/TP≥50,66.24,-5.0,,,50.0,172,157,104,53,66.24,-5.26,-15.9,5.37,-8.261,0.385,13
"[-299,-200]",HR≥75/EDG≥-5.0/CV≤-/μ≥-/TP≥55,66.24,-5.0,,,55.0,172,157,104,53,66.24,-5.26,-15.9,5.37,-8.261,0.385,13
"[-299,-200]",HR≥75/EDG≥-5.0/CV≤-/μ≥-/TP≥60,66.24,-5.0,,,60.0,172,157,104,53,66.24,-5.26,-15.9,5.37,-8.261,0.385,13
"[-299,-200]",HR≥75/EDG≥-5.0/CV≤-/μ≥-/TP≥65,65.0,-5.0,,,65.0,153,140,91,49,65.0,-7.54,-18.84,3.76,-10.553,0.462,13
"[-299,-200]",HR≥75/EDG≥-5.0/CV≤-/μ≥0.0/TP≥-,66.24,-5.0,,0.0,,172,157,104,53,66.24,-5.26,-15.9,5.37,-8.261,0.385,13
"[-299,-200]",HR≥75/EDG≥-5.0/CV≤-/μ≥0.0/TP≥50,66.24,-5.0,,0.0,50.0,172,157,104,53,66.24,-5.26,-15.9,5.37,-8.261,0.385,13
"[-299,-200]",HR≥75/EDG≥-5.0/CV≤-/μ≥0.0/TP≥55,66.24,-5.0,,0.0,55.0,172,157,104,53,66.24,-5.26,-15.9,5.37,-8.261,0.385,13
"[-299,-200]",HR≥75/EDG≥-5.0/CV≤-/μ≥0.0/TP≥60,66.24,-5.0,,0.0,60.0,172,157,104,53,66.24,-5.26,-15.9,5.37,-8.261,0.385,13
"[-299,-200]",HR≥75/EDG≥-5.0/CV≤-/μ≥0.0/TP≥65,65.0,-5.0,,0.0,65.0,153,140,91,49,65.0,-7.54,-18.84,3.76,-10.553,0.462,13
"[-299,-200]",HR≥75/EDG≥-5.0/CV≤-/μ≥0.5/TP≥-,66.24,-5.0,,0.5,,172,157,104,53,66.24,-5.26,-15.9,5.37,-8.261,0.385,13
"[-299,-200]",HR≥75/EDG≥-5.0/CV≤-/μ≥0.5/TP≥50,66.24,-5.0,,0.5,50.0,172,157,104,53,66.24,-5.26,-15.9,5.37,-8.261,0.385,13
"[-299,-200]",HR≥75/EDG≥-5.0/CV≤-/μ≥0.5/TP≥55,66.24,-5.0,,0.5,55.0,172,157,104,53,66.24,-5.26,-15.9,5.37,-8.261,0.385,13
"[-299,-200]",HR≥75/EDG≥-5.0/CV≤-/μ≥0.5/TP≥60,66.24,-5.0,,0.5,60.0,172,157,104,53,66.24,-5.26,-15.9,5.37,-8.261,0.385,13
"[-299,-200]",HR≥75/EDG≥-5.0/CV≤-/μ≥0.5/TP≥65,65.0,-5.0,,0.5,65.0,153,140,91,49,65.0,-7.54,-18.84,3.76,-10.553,0.462,13
"[-299,-200]",HR≥75/EDG≥-5.0/CV≤-/μ≥1.0/TP≥-,69.75,-5.0,,1.0,,131,119,83,36,69.75,-0.38,-12.24,11.49,-0.447,0.462,13
"[-299,-200]",HR≥75/EDG≥-5.0/CV≤-/μ≥1.0/TP≥50,69.75,-5.0,,1.0,50.0,131,119,83,36,69.75,-0.38,-12.24,11.49,-0.447,0.462,13
"[-299,-200]",HR≥75/EDG≥-5.0/CV≤-/μ≥1.0/TP≥55,69.75,-5.0,,1.0,55.0,131,119,83,36,69.75,-0.38,-12.24,11.49,-0.447,0.462,13
"[-299,-200]",HR≥75/EDG≥-5.0/CV≤-/μ≥1.0/TP≥60,69.75,-5.0,,1.0,60.0,131,119,83,36,69.75,-0.38,-12.24,11.49,-0.447,0.462,13
"[-299,-200]",HR≥75/EDG≥-5.0/CV≤-/μ≥1.0/TP≥65,69.37,-5.0,,1.0,65.0,123,111,77,34,69.37,-1.24,-13.53,11.05,-1.375,0.538,13
"[-299,-200]",HR≥75/EDG≥-5.0/CV≤0.7/μ≥-/TP≥-,62.86,-5.0,0.7,,,38,35,22,13,62.86,-11.04,-34.08,12.0,-3.865,0.455,11
"[-299,-200]",HR≥75/EDG≥-5.0/CV≤0.7/μ≥-/TP≥50,62.86,-5.0,0.7,,50.0,38,35,22,13,62.86,-11.04,-34.08,12.0,-3.865,0.455,11
"[-299,-200]",HR≥75/EDG≥-5.0/CV≤0.7/μ≥-/TP≥55,62.86,-5.0,0.7,,55.0,38,35,22,13,62.86,-11.04,-34.08,12.0,-3.865,0.455,11
"[-299,-200]",HR≥75/EDG≥-5.0/CV≤0.7/μ≥-/TP≥60,62.86,-5.0,0.7,,60.0,38,35,22,13,62.86,-11.04,-34.08,12.0,-3.865,0.455,11
"[-299,-200]",HR≥75/EDG≥-5.0/CV≤0.7/μ≥-/TP≥65,63.64,-5.0,0.7,,65.0,36,33,21,12,63.64,-10.2,-33.77,13.38,-3.365,0.364,11
"[-299,-200]",HR≥75/EDG≥-5.0/CV≤0.7/μ≥0.0/TP≥-,62.86,-5.0,0.7,0.0,,38,35,22,13,62.86,-11.04,-34.08,12.0,-3.865,0.455,11
"[-299,-200]",HR≥75/EDG≥-5.0/CV≤0.7/μ≥0.0/TP≥50,62.86,-5.0,0.7,0.0,50.0,38,35,22,13,62.86,-11.04,-34.08,12.0,-3.865,0.455,11
"[-299,-200]",HR≥75/EDG≥-5.0/CV≤0.7/μ≥0.0/TP≥55,62.86,-5.0,0.7,0.0,55.0,38,35,22,13,62.86,-11.04,-34.08,12.0,-3.865,0.455,11
"[-299,-200]",HR≥75/EDG≥-5.0/CV≤0.7/μ≥0.0/TP≥60,62.86,-5.0,0.7,0.0,60.0,38,35,22,13,62.86,-11.04,-34.08,12.0,-3.865,0.455,11
"[-299,-200]",HR≥75/EDG≥-5.0/CV≤0.7/μ≥0.0/TP≥65,63.64,-5.0,0.7,0.0,65.0,36,33,21,12,63.64,-10.2,-33.77,13.38,-3.365,0.364,11
"[-299,-200]",HR≥75/EDG≥-5.0/CV≤0.7/μ≥0.5/TP≥-,62.86,-5.0,0.7,0.5,,38,35,22,13,62.86,-11.04,-34.08,12.0,-3.865,0.455,11
"[-299,-200]",HR≥75/EDG≥-5.0/CV≤0.7/μ≥0.5/TP≥50,62.86,-5.0,0.7,0.5,50.0,38,35,22,13,62.86,-11.04,-34.08,12.0,-3.865,0.455,11
"[-299,-200]",HR≥75/EDG≥-5.0/CV≤0.7/μ≥0.5/TP≥55,62.86,-5.0,0.7,0.5,55.0,38,35,22,13,62.86,-11.04,-34.08,12.0,-3.865,0.455,11
"[-299,-200]",HR≥75/EDG≥-5.0/CV≤0.7/μ≥0.5/TP≥60,62.86,-5.0,0.7,0.5,60.0,38,35,22,13,62.86,-11.04,-34.08,12.0,-3.865,0.455,11
"[-299,-200]",HR≥75/EDG≥-5.0/CV≤0.7/μ≥0.5/TP≥65,63.64,-5.0,0.7,0.5,65.0,36,33,21,12,63.64,-10.2,-33.77,13.38,-3.365,0.364,11
"[-299,-200]",HR≥75/EDG≥0.0/CV≤-/μ≥-/TP≥-,67.69,0.0,,,,143,130,88,42,67.69,-3.35,-14.9,8.19,-4.359,0.462,13
"[-299,-200]",HR≥75/EDG≥0.0/CV≤-/μ≥-/TP≥50,67.69,0.0,,,50.0,143,130,88,42,67.69,-3.35,-14.9,8.19,-4.359,0.462,13
"[-299,-200]",HR≥75/EDG≥0.0/CV≤-/μ≥-/TP≥55,67.69,0.0,,,55.0,143,130,88,42,67.69,-3.35,-14.9,8.19,-4.359,0.462,13
"[-299,-200]",HR≥75/EDG≥0.0/CV≤-/μ≥-/TP≥60,67.69,0.0,,,60.0,143,130,88,42,67.69,-3.35,-14.9,8.19,-4.359,0.462,13
"[-299,-200]",HR≥75/EDG≥0.0/CV≤-/μ≥-/TP≥65,67.21,0.0,,,65.0,134,122,82,40,67.21,-4.35,-16.28,7.57,-5.312,0.462,13
"[-299,-200]",HR≥75/EDG≥0.0/CV≤-/μ≥0.0/TP≥-,67.69,0.0,,0.0,,143,130,88,42,67.69,-3.35,-14.9,8.19,-4.359,0.462,13
"[-299,-200]",HR≥75/EDG≥0.0/CV≤-/μ≥0.0/TP≥50,67.69,0.0,,0.0,50.0,143,130,88,42,67.69,-3.35,-14.9,8.19,-4.359,0.462,13
"[-299,-200]",HR≥75/EDG≥0.0/CV≤-/μ≥0.0/TP≥55,67.69,0.0,,0.0,55.0,143,130,88,42,67.69,-3.35,-14.9,8.19,-4.359,0.462,13
"[-299,-200]",HR≥75/EDG≥0.0/CV≤-/μ≥0.0/TP≥60,67.69,0.0,,0.0,60.0,143,130,88,42,67.69,-3.35,-14.9,8.19,-4.359,0.462,13
"[-299,-200]",HR≥75/EDG≥0.0/CV≤-/μ≥0.0/TP≥65,67.21,0.0,,0.0,65.0,134,122,82,40,67.21,-4.35,-16.28,7.57,-5.312,0.462,13
"[-299,-200]",HR≥75/EDG≥0.0/CV≤-/μ≥0.5/TP≥-,67.69,0.0,,0.5,,143,130,88,42,67.69,-3.35,-14.9,8.19,-4.359,0.462,13
"[-299,-200]",HR≥75/EDG≥0.0/CV≤-/μ≥0.5/TP≥50,67.69,0.0,,0.5,50.0,143,130,88,42,67.69,-3.35,-14.9,8.19,-4.359,0.462,13
"[-299,-200]",HR≥75/EDG≥0.0/CV≤-/μ≥0.5/TP≥55,67.69,0.0,,0.5,55.0,143,130,88,42,67.69,-3.35,-14.9,8.19,-4.359,0.462,13
"[-299,-200]",HR≥75/EDG≥0.0/CV≤-/μ≥0.5/TP≥60,67.69,0.0,,0.5,60.0,143,130,88,42,67.69,-3.35,-14.9,8.19,-4.359,0.462,13
"[-299,-200]",HR≥75/EDG≥0.0/CV≤-/μ≥0.5/TP≥65,67.21,0.0,,0.5,65.0,134,122,82,40,67.21,-4.35,-16.28,7.57,-5.312,0.462,13
"[-299,-200]",HR≥75/EDG≥0.0/CV≤-/μ≥1.0/TP≥-,69.64,0.0,,1.0,,124,112,78,34,69.64,-0.5,-12.75,11.75,-0.562,0.462,13
"[-299,-200]",HR≥75/EDG≥0.0/CV≤-/μ≥1.0/TP≥50,69.64,0.0,,1.0,50.0,124,112,78,34,69.64,-0.5,-12.75,11.75,-0.562,0.462,13
"[-299,-200]",HR≥75/EDG≥0.0/CV≤-/μ≥1.0/TP≥55,69.64,0.0,,1.0,55.0,124,112,78,34,69.64,-0.5,-12.75,11.75,-0.562,0.462,13
"[-299,-200]",HR≥75/EDG≥0.0/CV≤-/μ≥1.0/TP≥60,69.64,0.0,,1.0,60.0,124,112,78,34,69.64,-0.5,-12.75,11.75,-0.562,0.462,13
"[-299,-200]",HR≥75/EDG≥0.0/CV≤-/μ≥1.0/TP≥65,69.52,0.0,,1.0,65.0,117,105,73,32,69.52,-0.97,-13.6,11.66,-1.014,0.538,13
"[-299,-200]",HR≥75/EDG≥0.0/CV≤0.7/μ≥-/TP≥-,64.71,0.0,0.7,,,37,34,22,12,64.71,-8.43,-31.56,14.71,-2.865,0.455,11
"[-299,-200]",HR≥75/EDG≥0.0/CV≤0.7/μ≥-/TP≥50,64.71,0.0,0.7,,50.0,37,34,22,12,64.71,-8.43,-31.56,14.71,-2.865,0.455,11
"[-299,-200]",HR≥75/EDG≥0.0/CV≤0.7/μ≥-/TP≥55,64.71,0.0,0.7,,55.0,37,34,22,12,64.71,-8.43,-31.56,14.71,-2.865,0.455,11
"[-299,-200]",HR≥75/EDG≥0.0/CV≤0.7/μ≥-/TP≥60,64.71,0.0,0.7,,60.0,37,34,22,12,64.71,-8.43,-31.56,14.71,-2.865,0.455,11
"[-299,-200]",HR≥75/EDG≥0.0/CV≤0.7/μ≥-/TP≥65,63.64,0.0,0.7,,65.0,36,33,21,12,63.64,-10.2,-33.77,13.38,-3.365,0.364,11
"[-299,-200]",HR≥75/EDG≥0.0/CV≤0.7/μ≥0.0/TP≥-,64.71,0.0,0.7,0.0,,37,34,22,12,64.71,-8.43,-31.56,14.71,-2.865,0.455,11
"[-299,-200]",HR≥75/EDG≥0.0/CV≤0.7/μ≥0.0/TP≥50,64.71,0.0,0.7,0.0,50.0,37,34,22,12,64.71,-8.43,-31.56,14.71,-2.865,0.455,11
"[-299,-200]",HR≥75/EDG≥0.0/CV≤0.7/μ≥0.0/TP≥55,64.71,0.0,0.7,0.0,55.0,37,34,22,12,64.71,-8.43,-31.56,14.71,-2.865,0.455,11
"[-299,-200]",HR≥75/EDG≥0.0/CV≤0.7/μ≥0.0/TP≥60,64.71,0.0,0.7,0.0,60.0,37,34,22,12,64.71,-8.43,-31.56,14.71,-2.865,0.455,11
"[-299,-200]",HR≥75/EDG≥0.0/CV≤0.7/μ≥0.0/TP≥65,63.64,0.0,0.7,0.0,65.0,36,33,21,12,63.64,-10.2,-33.77,13.38,-3.365,0.364,11
"[-299,-200]",HR≥75/EDG≥0.0/CV≤0.7/μ≥0.5/TP≥-,64.71,0.0,0.7,0.5,,37,34,22,12,64.71,-8.43,-31.56,14.71,-2.865,0.455,11
"[-299,-200]",HR≥75/EDG≥0.0/CV≤0.7/μ≥0.5/TP≥50,64.71,0.0,0.7,0.5,50.0,37,34,22,12,64.71,-8.43,-31.56,14.71,-2.865,0.455,11
"[-299,-200]",HR≥75/EDG≥0.0/CV≤0.7/μ≥0.5/TP≥55,64.71,0.0,0.7,0.5,55.0,37,34,22,12,64.71,-8.43,-31.56,14.71,-2.865,0.455,11
"[-299,-200]",HR≥75/EDG≥0.0/CV≤0.7/μ≥0.5/TP≥60,64.71,0.0,0.7,0.5,60.0,37,34,22,12,64.71,-8.43,-31.56,14.71,-2.865,0.455,11
"[-299,-200]",HR≥75/EDG≥0.0/CV≤0.7/μ≥0.5/TP≥65,63.64,0.0,0.7,0.5,65.0,36,33,21,12,63.64,-10.2,-33.77,13.38,-3.365,0.364,11
"[-299,-200]",HR≥75/EDG≥5.0/CV≤-/μ≥-/TP≥-,67.24,5.0,,,,129,116,78,38,67.24,-4.06,-16.32,8.21,-4.704,0.385,13
"[-299,-200]",HR≥75/EDG≥5.0/CV≤-/μ≥-/TP≥50,67.24,5.0,,,50.0,129,116,78,38,67.24,-4.06,-16.32,8.21,-4.704,0.385,13
"[-299,-200]",HR≥75/EDG≥5.0/CV≤-/μ≥-/TP≥55,67.24,5.0,,,55.0,129,116,78,38,67.24,-4.06,-16.32,8.21,-4.704,0.385,13
"[-299,-200]",HR≥75/EDG≥5.0/CV≤-/μ≥-/TP≥60,67.24,5.0,,,60.0,129,116,78,38,67.24,-4.06,-16.32,8.21,-4.704,0.385,13
"[-299,-200]",HR≥75/EDG≥5.0/CV≤-/μ≥-/TP≥65,66.97,5.0,,,65.0,121,109,73,36,66.97,-4.73,-17.38,7.92,-5.157,0.462,13
"[-299,-200]",HR≥75/EDG≥5.0/CV≤-/μ≥0.0/TP≥-,67.24,5.0,,0.0,,129,116,78,38,67.24,-4.06,-16.32,8.21,-4.704,0.385,13
"[-299,-200]",HR≥75/EDG≥5.0/CV≤-/μ≥0.0/TP≥50,67.24,5.0,,0.0,50.0,129,116,78,38,67.24,-4.06,-16.32,8.21,-4.704,0.385,13
"[-299,-200]",HR≥75/EDG≥5.0/CV≤-/μ≥0.0/TP≥55,67.24,5.0,,0.0,55.0,129,116,78,38,67.24,-4.06,-16.32,8.21,-4.704,0.385,13
"[-299,-200]",HR≥75/EDG≥5.0/CV≤-/μ≥0.0/TP≥60,67.24,5.0,,0.0,60.0,129,116,78,38,67.24,-4.06,-16.32,8.21,-4.704,0.385,13
"[-299,-200]",HR≥75/EDG≥5.0/CV≤-/μ≥0.0/TP≥65,66.97,5.0,,0.0,65.0,121,109,73,36,66.97,-4.73,-17.38,7.92,-5.157,0.462,13
"[-299,-200]",HR≥75/EDG≥5.0/CV≤-/μ≥0.5/TP≥-,67.24,5.0,,0.5,,129,116,78,38,67.24,-4.06,-16.32,8.21,-4.704,0.385,13
"[-299,-200]",HR≥75/EDG≥5.0/CV≤-/μ≥0.5/TP≥50,67.24,5.0,,0.5,50.0,129,116,78,38,67.24,-4.06,-16.32,8.21,-4.704,0.385,13
"[-299,-200]",HR≥75/EDG≥5.0/CV≤-/μ≥0.5/TP≥55,67.24,5.0,,0.5,55.0,129,116,78,38,67.24,-4.06,-16.32,8.21,-4.704,0.385,13
"[-299,-200]",HR≥75/EDG≥5.0/CV≤-/μ≥0.5/TP≥60,67.24,5.0,,0.5,60.0,129,116,78,38,67.24,-4.06,-16.32,8.21,-4.704,0.385,13
"[-299,-200]",HR≥75/EDG≥5.0/CV≤-/μ≥0.5/TP≥65,66.97,5.0,,0.5,65.0,121,109,73,36,66.97,-4.73,-17.38,7.92,-5.157,0.462,13
"[-299,-200]",HR≥75/EDG≥5.0/CV≤-/μ≥1.0/TP≥-,69.16,5.0,,1.0,,119,107,74,33,69.16,-1.19,-13.78,11.4,-1.272,0.462,13
"[-299,-200]",HR≥75/EDG≥5.0/CV≤-/μ≥1.0/TP≥50,69.16,5.0,,1.0,50.0,119,107,74,33,69.16,-1.19,-13.78,11.4,-1.272,0.462,13
"[-299,-200]",HR≥75/EDG≥5.0/CV≤-/μ≥1.0/TP≥55,69.16,5.0,,1.0,55.0,119,107,74,33,69.16,-1.19,-13.78,11.4,-1.272,0.462,13
"[-299,-200]",HR≥75/EDG≥5.0/CV≤-/μ≥1.0/TP≥60,69.16,5.0,,1.0,60.0,119,107,74,33,69.16,-1.19,-13.78,11.4,-1.272,0.462,13
"[-299,-200]",HR≥75/EDG≥5.0/CV≤-/μ≥1.0/TP≥65,69.0,5.0,,1.0,65.0,112,100,69,31,69.0,-1.72,-14.73,11.28,-1.724,0.538,13
"[-299,-200]",HR≥75/EDG≥5.0/CV≤0.7/μ≥-/TP≥-,64.52,5.0,0.7,,,34,31,20,11,64.52,-8.66,-32.97,15.64,-2.685,0.455,11
"[-299,-200]",HR≥75/EDG≥5.0/CV≤0.7/μ≥-/TP≥50,64.52,5.0,0.7,,50.0,34,31,20,11,64.52,-8.66,-32.97,15.64,-2.685,0.455,11
"[-299,-200]",HR≥75/EDG≥5.0/CV≤0.7/μ≥-/TP≥55,64.52,5.0,0.7,,55.0,34,31,20,11,64.52,-8.66,-32.97,15.64,-2.685,0.455,11
"[-299,-200]",HR≥75/EDG≥5.0/CV≤0.7/μ≥-/TP≥60,64.52,5.0,0.7,,60.0,34,31,20,11,64.52,-8.66,-32.97,15.64,-2.685,0.455,11
"[-299,-200]",HR≥75/EDG≥5.0/CV≤0.7/μ≥-/TP≥65,63.33,5.0,0.7,,65.0,33,30,19,11,63.33,-10.62,-35.43,14.2,-3.185,0.455,11
"[-299,-200]",HR≥75/EDG≥5.0/CV≤0.7/μ≥0.0/TP≥-,64.52,5.0,0.7,0.0,,34,31,20,11,64.52,-8.66,-32.97,15.64,-2.685,0.455,11
"[-299,-200]",HR≥75/EDG≥5.0/CV≤0.7/μ≥0.0/TP≥50,64.52,5.0,0.7,0.0,50.0,34,31,20,11,64.52,-8.66,-32.97,15.64,-2.685,0.455,11
"[-299,-200]",HR≥75/EDG≥5.0/CV≤0.7/μ≥0.0/TP≥55,64.52,5.0,0.7,0.0,55.0,34,31,20,11,64.52,-8.66,-32.97,15.64,-2.685,0.455,11
"[-299,-200]",HR≥75/EDG≥5.0/CV≤0.7/μ≥0.0/TP≥60,64.52,5.0,0.7,0.0,60.0,34,31,20,11,64.52,-8.66,-32.97,15.64,-2.685,0.455,11
"[-299,-200]",HR≥75/EDG≥5.0/CV≤0.7/μ≥0.0/TP≥65,63.33,5.0,0.7,0.0,65.0,33,30,19,11,63.33,-10.62,-35.43,14.2,-3.185,0.455,11
"[-299,-200]",HR≥75/EDG≥5.0/CV≤0.7/μ≥0.5/TP≥-,64.52,5.0,0.7,0.5,,34,31,20,11,64.52,-8.66,-32.97,15.64,-2.685,0.455,11
"[-299,-200]",HR≥75/EDG≥5.0/CV≤0.7/μ≥0.5/TP≥50,64.52,5.0,0.7,0.5,50.0,34,31,20,11,64.52,-8.66,-32.97,15.64,-2.685,0.455,11
"[-299,-200]",HR≥75/EDG≥5.0/CV≤0.7/μ≥0.5/TP≥55,64.52,5.0,0.7,0.5,55.0,34,31,20,11,64.52,-8.66,-32.97,15.64,-2.685,0.455,11
"[-299,-200]",HR≥75/EDG≥5.0/CV≤0.7/μ≥0.5/TP≥60,64.52,5.0,0.7,0.5,60.0,34,31,20,11,64.52,-8.66,-32.97,15.64,-2.685,0.455,11
"[-299,-200]",HR≥75/EDG≥5.0/CV≤0.7/μ≥0.5/TP≥65,63.33,5.0,0.7,0.5,65.0,33,30,19,11,63.33,-10.62,-35.43,14.2,-3.185,0.455,11
"[-299,-200]",HR≥75/EDG≥10.0/CV≤-/μ≥-/TP≥-,71.43,10.0,,,,110,98,70,28,71.43,2.31,-10.6,15.22,2.268,0.615,13
"[-299,-200]",HR≥75/EDG≥10.0/CV≤-/μ≥-/TP≥50,71.43,10.0,,,50.0,110,98,70,28,71.43,2.31,-10.6,15.22,2.268,0.615,13
"[-299,-200]",HR≥75/EDG≥10.0/CV≤-/μ≥-/TP≥55,71.43,10.0,,,55.0,110,98,70,28,71.43,2.31,-10.6,15.22,2.268,0.615,13
"[-299,-200]",HR≥75/EDG≥10.0/CV≤-/μ≥-/TP≥60,71.43,10.0,,,60.0,110,98,70,28,71.43,2.31,-10.6,15.22,2.268,0.615,13
"[-299,-200]",HR≥75/EDG≥10.0/CV≤-/μ≥-/TP≥65,70.65,10.0,,,65.0,104,92,65,27,70.65,0.89,-12.51,14.28,0.815,0.462,13
"[-299,-200]",HR≥75/EDG≥10.0/CV≤-/μ≥0.0/TP≥-,71.43,10.0,,0.0,,110,98,70,28,71.43,2.31,-10.6,15.22,2.268,0.615,13
"[-299,-200]",HR≥75/EDG≥10.0/CV≤-/μ≥0.0/TP≥50,71.43,10.0,,0.0,50.0,110,98,70,28,71.43,2.31,-10.6,15.22,2.268,0.615,13
"[-299,-200]",HR≥75/EDG≥10.0/CV≤-/μ≥0.0/TP≥55,71.43,10.0,,0.0,55.0,110,98,70,28,71.43,2.31,-10.6,15.22,2.268,0.615,13
"[-299,-200]",HR≥75/EDG≥10.0/CV≤-/μ≥0.0/TP≥60,71.43,10.0,,0.0,60.0,110,98,70,28,71.43,2.31,-10.6,15.22,2.268,0.615,13
"[-299,-200]",HR≥75/EDG≥10.0/CV≤-/μ≥0.0/TP≥65,70.65,10.0,,0.0,65.0,104,92,65,27,70.65,0.89,-12.51,14.28,0.815,0.462,13
"[-299,-200]",HR≥75/EDG≥10.0/CV≤-/μ≥0.5/TP≥-,71.43,10.0,,0.5,,110,98,70,28,71.43,2.31,-10.6,15.22,2.268,0.615,13
"[-299,-200]",HR≥75/EDG≥10.0/CV≤-/μ≥0.5/TP≥50,71.43,10.0,,0.5,50.0,110,98,70,28,71.43,2.31,-10.6,15.22,2.268,0.615,13
"[-299,-200]",HR≥75/EDG≥10.0/CV≤-/μ≥0.5/TP≥55,71.43,10.0,,0.5,55.0,110,98,70,28,71.43,2.31,-10.6,15.22,2.268,0.615,13
"[-299,-200]",HR≥75/EDG≥10.0/CV≤-/μ≥0.5/TP≥60,71.43,10.0,,0.5,60.0,110,98,70,28,71.43,2.31,-10.6,15.22,2.268,0.615,13
"[-299,-200]",HR≥75/EDG≥10.0/CV≤-/μ≥0.5/TP≥65,70.65,10.0,,0.5,65.0,104,92,65,27,70.65,0.89,-12.51,14.28,0.815,0.462,13
"[-299,-200]",HR≥75/EDG≥10.0/CV≤-/μ≥1.0/TP≥-,70.83,10.0,,1.0,,108,96,68,28,70.83,1.46,-11.66,14.59,1.404,0.538,13
"[-299,-200]",HR≥75/EDG≥10.0/CV≤-/μ≥1.0/TP≥50,70.83,10.0,,1.0,50.0,108,96,68,28,70.83,1.46,-11.66,14.59,1.404,0.538,13
"[-299,-200]",HR≥75/EDG≥10.0/CV≤-/μ≥1.0/TP≥55,70.83,10.0,,1.0,55.0,108,96,68,28,70.83,1.46,-11.66,14.59,1.404,0.538,13
"[-299,-200]",HR≥75/EDG≥10.0/CV≤-/μ≥1.0/TP≥60,70.83,10.0,,1.0,60.0,108,96,68,28,70.83,1.46,-11.66,14.59,1.404,0.538,13
"[-299,-200]",HR≥75/EDG≥10.0/CV≤-/μ≥1.0/TP≥65,70.0,10.0,,1.0,65.0,102,90,63,27,70.0,-0.05,-13.68,13.57,-0.048,0.462,13
"[-199,-150]",HR≥-/EDG≥-/CV≤-/μ≥-/TP≥-,58.35,,,,,1000,826,482,344,58.35,-7.41,-12.76,-2.07,-61.246,0.231,13
"[-199,-150]",HR≥-/EDG≥-/CV≤-/μ≥-/TP≥50,58.5,,,,50.0,998,824,482,342,58.5,-7.19,-12.54,-1.84,-59.246,0.231,13
"[-199,-150]",HR≥-/EDG≥-/CV≤-/μ≥-/TP≥55,58.44,,,,55.0,992,818,478,340,58.44,-7.26,-12.63,-1.89,-59.366,0.231,13
"[-199,-150]",HR≥-/EDG≥-/CV≤-/μ≥-/TP≥60,61.85,,,,60.0,442,367,227,140,61.85,-4.16,-11.88,3.55,-15.275,0.462,13
"[-199,-150]",HR≥-/EDG≥-/CV≤-/μ≥-/TP≥65,57.8,,,,65.0,133,109,63,46,57.8,-10.7,-25.1,3.7,-11.662,0.385,13
"[-199,-150]",HR≥-/EDG≥-/CV≤-/μ≥0.0/TP≥-,58.31,,,0.0,,991,818,477,341,58.31,-7.48,-12.85,-2.11,-61.205,0.231,13
"[-199,-150]",HR≥-/EDG≥-/CV≤-/μ≥0.0/TP≥50,58.31,,,0.0,50.0,991,818,477,341,58.31,-7.48,-12.85,-2.11,-61.205,0.231,13
"[-199,-150]",HR≥-/EDG≥-/CV≤-/μ≥0.0/TP≥55,58.25,,,0.0,55.0,985,812,473,339,58.25,-7.55,-12.94,-2.16,-61.324,0.231,13
"[-199,-150]",HR≥-/EDG≥-/CV≤-/μ≥0.0/TP≥60,61.75,,,0.0,60.0,441,366,226,140,61.75,-4.32,-12.05,3.41,-15.802,0.385,13
"[-199,-150]",HR≥-/EDG≥-/CV≤-/μ≥0.0/TP≥65,57.8,,,0.0,65.0,133,109,63,46,57.8,-10.7,-25.1,3.7,-11.662,0.385,13
"[-199,-150]",HR≥-/EDG≥-/CV≤-/μ≥0.5/TP≥-,59.35,,,0.5,,807,674,400,274,59.35,-5.96,-11.84,-0.07,-40.142,0.308,13
"[-199,-150]",HR≥-/EDG≥-/CV≤-/μ≥0.5/TP≥50,59.35,,,0.5,50.0,807,674,400,274,59.35,-5.96,-11.84,-0.07,-40.142,0.308,13
"[-199,-150]",HR≥-/EDG≥-/CV≤-/μ≥0.5/TP≥55,59.35,,,0.5,55.0,807,674,400,274,59.35,-5.96,-11.84,-0.07,-40.142,0.308,13
"[-199,-150]",HR≥-/EDG≥-/CV≤-/μ≥0.5/TP≥60,62.88,,,0.5,60.0,389,326,205,121,62.88,-2.64,-10.77,5.5,-8.592,0.538,13
"[-199,-150]",HR≥-/EDG≥-/CV≤-/μ≥0.5/TP≥65,57.55,,,0.5,65.0,129,106,61,45,57.55,-11.26,-25.84,3.33,-11.933,0.385,13
"[-199,-150]",HR≥-/EDG≥-/CV≤-/μ≥1.0/TP≥-,63.11,,,1.0,,499,412,260,152,63.11,0.13,-7.28,7.54,0.548,0.615,13
"[-199,-150]",HR≥-/EDG≥-/CV≤-/μ≥1.0/TP≥50,63.11,,,1.0,50.0,499,412,260,152,63.11,0.13,-7.28,7.54,0.548,0.615,13
"[-199,-150]",HR≥-/EDG≥-/CV≤-/μ≥1.0/TP≥55,63.11,,,1.0,55.0,499,412,260,152,63.11,0.13,-7.28,7.54,0.548,0.615,13
"[-199,-150]",HR≥-/EDG≥-/CV≤-/μ≥1.0/TP≥60,65.15,,,1.0,60.0,238,198,129,69,65.15,0.82,-9.48,11.12,1.617,0.462,13
"[-199,-150]",HR≥-/EDG≥-/CV≤-/μ≥1.0/TP≥65,61.04,,,1.0,65.0,90,77,47,30,61.04,-5.81,-22.74,11.11,-4.476,0.5,12
"[-199,-150]",HR≥-/EDG≥-/CV≤0.7/μ≥-/TP≥-,59.38,,0.7,,,38,32,19,13,59.38,-6.37,-33.66,20.93,-2.037,0.417,12
"[-199,-150]",HR≥-/EDG≥-/CV≤0.7/μ≥-/TP≥50,59.38,,0.7,,50.0,38,32,19,13,59.38,-6.37,-33.66,20.93,-2.037,0.417,12
"[-199,-150]",HR≥-/EDG≥-/CV≤0.7/μ≥-/TP≥55,59.38,,0.7,,55.0,38,32,19,13,59.38,-6.37,-33.66,20.93,-2.037,0.417,12
"[-199,-150]",HR≥-/EDG≥-/CV≤0.7/μ≥0.0/TP≥-,59.38,,0.7,0.0,,38,32,19,13,59.38,-6.37,-33.66,20.93,-2.037,0.417,12
"[-199,-150]",HR≥-/EDG≥-/CV≤0.7/μ≥0.0/TP≥50,59.38,,0.7,0.0,50.0,38,32,19,13,59.38,-6.37,-33.66,20.93,-2.037,0.417,12
"[-199,-150]",HR≥-/EDG≥-/CV≤0.7/μ≥0.0/TP≥55,59.38,,0.7,0.0,55.0,38,32,19,13,59.38,-6.37,-33.66,20.93,-2.037,0.417,12
"[-199,-150]",HR≥-/EDG≥-5.0/CV≤-/μ≥-/TP≥-,59.18,-5.0,,,,911,752,445,307,59.18,-6.06,-11.65,-0.48,-45.594,0.308,13
"[-199,-150]",HR≥-/EDG≥-5.0/CV≤-/μ≥-/TP≥50,59.18,-5.0,,,50.0,911,752,445,307,59.18,-6.06,-11.65,-0.48,-45.594,0.308,13
"[-199,-150]",HR≥-/EDG≥-5.0/CV≤-/μ≥-/TP≥55,59.18,-5.0,,,55.0,911,752,445,307,59.18,-6.06,-11.65,-0.48,-45.594,0.308,13
"[-199,-150]",HR≥-/EDG≥-5.0/CV≤-/μ≥-/TP≥60,62.36,-5.0,,,60.0,421,348,217,131,62.36,-3.36,-11.27,4.54,-11.703,0.538,13
"[-199,-150]",HR≥-/EDG≥-5.0/CV≤-/μ≥-/TP≥65,57.8,-5.0,,,65.0,133,109,63,46,57.8,-10.7,-25.1,3.7,-11.662,0.385,13
"[-199,-150]",HR≥-/EDG≥-5.0/CV≤-/μ≥0.0/TP≥-,59.18,-5.0,,0.0,,911,752,445,307,59.18,-6.06,-11.65,-0.48,-45.594,0.308,13
"[-199,-150]",HR≥-/EDG≥-5.0/CV≤-/μ≥0.0/TP≥50,59.18,-5.0,,0.0,50.0,911,752,445,307,59.18,-6.06,-11.65,-0.48,-45.594,0.308,13
"[-199,-150]",HR≥-/EDG≥-5.0/CV≤-/μ≥0.0/TP≥55,59.18,-5.0,,0.0,55.0,911,752,445,307,59.18,-6.06,-11.65,-0.48,-45.594,0.308,13
"[-199,-150]",HR≥-/EDG≥-5.0/CV≤-/μ≥0.0/TP≥60,62.36,-5.0,,0.0,60.0,421,348,217,131,62.36,-3.36,-11.27,4.54,-11.703,0.538,13
"[-199,-150]",HR≥-/EDG≥-5.0/CV≤-/μ≥0.0/TP≥65,57.8,-5.0,,0.0,65.0,133,109,63,46,57.8,-10.7,-25.1,3.7,-11.662,0.385,13
"[-199,-150]",HR≥-/EDG≥-5.0/CV≤-/μ≥0.5/TP≥-,59.61,-5.0,,0.5,,798,666,397,269,59.61,-5.52,-11.44,0.4,-36.75,0.308,13
"[-199,-150]",HR≥-/EDG≥-5.0/CV≤-/μ≥0.5/TP≥50,59.61,-5.0,,0.5,50.0,798,666,397,269,59.61,-5.52,-11.44,0.4,-36.75,0.308,13
"[-199,-150]",HR≥-/EDG≥-5.0/CV≤-/μ≥0.5/TP≥55,59.61,-5.0,,0.5,55.0,798,666,397,269,59.61,-5.52,-11.44,0.4,-36.75,0.308,13
"[-199,-150]",HR≥-/EDG≥-5.0/CV≤-/μ≥0.5/TP≥60,62.65,-5.0,,0.5,60.0,387,324,203,121,62.65,-2.99,-11.16,5.19,-9.674,0.538,13
"[-199,-150]",HR≥-/EDG≥-5.0/CV≤-/μ≥0.5/TP≥65,57.55,-5.0,,0.5,65.0,129,106,61,45,57.55,-11.26,-25.84,3.33,-11.933,0.385,13
"[-199,-150]",HR≥-/EDG≥-5.0/CV≤-/μ≥1.0/TP≥-,63.11,-5.0,,1.0,,499,412,260,152,63.11,0.13,-7.28,7.54,0.548,0.615,13
"[-199,-150]",HR≥-/EDG≥-5.0/CV≤-/μ≥1.0/TP≥50,63.11,-5.0,,1.0,50.0,499,412,260,152,63.11,0.13,-7.28,7.54,0.548,0.615,13
"[-199,-150]",HR≥-/EDG≥-5.0/CV≤-/μ≥1.0/TP≥55,63.11,-5.0,,1.0,55.0,499,412,260,152,63.11,0.13,-7.28,7.54,0.548,0.615,13
"[-199,-150]",HR≥-/EDG≥-5.0/CV≤-/μ≥1.0/TP≥60,65.15,-5.0,,1.0,60.0,238,198,129,69,65.15,0.82,-9.48,11.12,1.617,0.462,13
"[-199,-150]",HR≥-/EDG≥-5.0/CV≤-/μ≥1.0/TP≥65,61.04,-5.0,,1.0,65.0,90,77,47,30,61.04,-5.81,-22.74,11.11,-4.476,0.5,12
"[-199,-150]",HR≥-/EDG≥-5.0/CV≤0.7/μ≥-/TP≥-,58.06,-5.0,0.7,,,37,31,18,13,58.06,-8.72,-36.5,19.06,-2.704,0.417,12
"[-199,-150]",HR≥-/EDG≥-5.0/CV≤0.7/μ≥-/TP≥50,58.06,-5.0,0.7,,50.0,37,31,18,13,58.06,-8.72,-36.5,19.06,-2.704,0.417,12
"[-199,-150]",HR≥-/EDG≥-5.0/CV≤0.7/μ≥-/TP≥55,58.06,-5.0,0.7,,55.0,37,31,18,13,58.06,-8.72,-36.5,19.06,-2.704,0.417,12
"[-199,-150]",HR≥-/EDG≥-5.0/CV≤0.7/μ≥0.0/TP≥-,58.06,-5.0,0.7,0.0,,37,31,18,13,58.06,-8.72,-36.5,19.06,-2.704,0.417,12
"[-199,-150]",HR≥-/EDG≥-5.0/CV≤0.7/μ≥0.0/TP≥50,58.06,-5.0,0.7,0.0,50.0,37,31,18,13,58.06,-8.72,-36.5,19.06,-2.704,0.417,12
"[-199,-150]",HR≥-/EDG≥-5.0/CV≤0.7/μ≥0.0/TP≥55,58.06,-5.0,0.7,0.0,55.0,37,31,18,13,58.06,-8.72,-36.5,19.06,-2.704,0.417,12
"[-199,-150]",HR≥-/EDG≥0.0/CV≤-/μ≥-/TP≥-,60.06,0.0,,,,795,651,391,260,60.06,-4.53,-10.52,1.46,-29.478,0.308,13
"[-199,-150]",HR≥-/EDG≥0.0/CV≤-/μ≥-/TP≥50,60.06,0.0,,,50.0,795,651,391,260,60.06,-4.53,-10.52,1.46,-29.478,0.308,13
"[-199,-150]",HR≥-/EDG≥0.0/CV≤-/μ≥-/TP≥55,60.06,0.0,,,55.0,795,651,391,260,60.06,-4.53,-10.52,1.46,-29.478,0.308,13
"[-199,-150]",HR≥-/EDG≥0.0/CV≤-/μ≥-/TP≥60,63.33,0.0,,,60.0,366,300,190,110,63.33,-1.75,-10.23,6.73,-5.242,0.538,13
"[-199,-150]",HR≥-/EDG≥0.0/CV≤-/μ≥-/TP≥65,57.8,0.0,,,65.0,133,109,63,46,57.8,-10.7,-25.1,3.7,-11.662,0.385,13
"[-199,-150]",HR≥-/EDG≥0.0/CV≤-/μ≥0.0/TP≥-,60.06,0.0,,0.0,,795,651,391,260,60.06,-4.53,-10.52,1.46,-29.478,0.308,13
"[-199,-150]",HR≥-/EDG≥0.0/CV≤-/μ≥0.0/TP≥50,60.06,0.0,,0.0,50.0,795,651,391,260,60.06,-4.53,-10.52,1.46,-29.478,0.308,13
"[-199,-150]",HR≥-/EDG≥0.0/CV≤-/μ≥0.0/TP≥55,60.06,0.0,,0.0,55.0,795,651,391,260,60.06,-4.53,-10.52,1.46,-29.478,0.308,13
"[-199,-150]",HR≥-/EDG≥0.0/CV≤-/μ≥0.0/TP≥60,63.33,0.0,,0.0,60.0,366,300,190,110,63.33,-1.75,-10.23,6.73,-5.242,0.538,13
"[-199,-150]",HR≥-/EDG≥0.0/CV≤-/μ≥0.0/TP≥65,57.8,0.0,,0.0,65.0,133,109,63,46,57.8,-10.7,-25.1,3.7,-11.662,0.385,13
"[-199,-150]",HR≥-/EDG≥0.0/CV≤-/μ≥0.5/TP≥-,60.63,0.0,,0.5,,732,607,368,239,60.63,-3.74,-9.93,2.44,-22.714,0.308,13
"[-199,-150]",HR≥-/EDG≥0.0/CV≤-/μ≥0.5/TP≥50,60.63,0.0,,0.5,50.0,732,607,368,239,60.63,-3.74,-9.93,2.44,-22.714,0.308,13
"[-199,-150]",HR≥-/EDG≥0.0/CV≤-/μ≥0.5/TP≥55,60.63,0.0,,0.5,55.0,732,607,368,239,60.63,-3.74,-9.93,2.44,-22.714,0.308,13
"[-199,-150]",HR≥-/EDG≥0.0/CV≤-/μ≥0.5/TP≥60,63.76,0.0,,0.5,60.0,347,287,183,104,63.76,-1.16,-9.8,7.49,-3.317,0.538,13
"[-199,-150]",HR≥-/EDG≥0.0/CV≤-/μ≥0.5/TP≥65,57.55,0.0,,0.5,65.0,129,106,61,45,57.55,-11.26,-25.84,3.33,-11.933,0.385,13
"[-199,-150]",HR≥-/EDG≥0.0/CV≤-/μ≥1.0/TP≥-,63.17,0.0,,1.0,,497,410,259,151,63.17,0.25,-7.18,7.68,1.021,0.615,13
"[-199,-150]",HR≥-/EDG≥0.0/CV≤-/μ≥1.0/TP≥50,63.17,0.0,,1.0,50.0,497,410,259,151,63.17,0.25,-7.18,7.68,1.021,0.615,13
"[-199,-150]",HR≥-/EDG≥0.0/CV≤-/μ≥1.0/TP≥55,63.17,0.0,,1.0,55.0,497,410,259,151,63.17,0.25,-7.18,7.68,1.021,0.615,13
"[-199,-150]",HR≥-/EDG≥0.0/CV≤-/μ≥1.0/TP≥60,65.31,0.0,,1.0,60.0,236,196,128,68,65.31,1.07,-9.28,11.41,2.091,0.462,13
"[-199,-150]",HR≥-/EDG≥0.0/CV≤-/μ≥1.0/TP≥65,61.04,0.0,,1.0,65.0,90,77,47,30,61.04,-5.81,-22.74,11.11,-4.476,0.5,12
"[-199,-150]",HR≥-/EDG≥0.0/CV≤0.7/μ≥-/TP≥-,58.06,0.0,0.7,,,37,31,18,13,58.06,-8.72,-36.5,19.06,-2.704,0.417,12
"[-199,-150]",HR≥-/EDG≥0.0/CV≤0.7/μ≥-/TP≥50,58.06,0.0,0.7,,50.0,37,31,18,13,58.06,-8.72,-36.5,19.06,-2.704,0.417,12
"[-199,-150]",HR≥-/EDG≥0.0/CV≤0.7/μ≥-/TP≥55,58.06,0.0,0.7,,55.0,37,31,18,13,58.06,-8.72,-36.5,19.06,-2.704,0.417,12
"[-199,-150]",HR≥-/EDG≥0.0/CV≤0.7/μ≥0.0/TP≥-,58.06,0.0,0.7,0.0,,37,31,18,13,58.06,-8.72,-36.5,19.06,-2.704,0.417,12
"[-199,-150]",HR≥-/EDG≥0.0/CV≤0.7/μ≥0.0/TP≥50,58.06,0.0,0.7,0.0,50.0,37,31,18,13,58.06,-8.72,-36.5,19.06,-2.704,0.417,12
"[-199,-150]",HR≥-/EDG≥0.0/CV≤0.7/μ≥0.0/TP≥55,58.06,0.0,0.7,0.0,55.0,37,31,18,13,58.06,-8.72,-36.5,19.06,-2.704,0.417,12
"[-199,-150]",HR≥-/EDG≥5.0/CV≤-/μ≥-/TP≥-,59.7,5.0,,,,647,531,317,214,59.7,-5.11,-11.76,1.53,-27.152,0.462,13
"[-199,-150]",HR≥-/EDG≥5.0/CV≤-/μ≥-/TP≥50,59.7,5.0,,,50.0,647,531,317,214,59.7,-5.11,-11.76,1.53,-27.152,0.462,13
"[-199,-150]",HR≥-/EDG≥5.0/CV≤-/μ≥-/TP≥55,59.7,5.0,,,55.0,647,531,317,214,59.7,-5.11,-11.76,1.53,-27.152,0.462,13
"[-199,-150]",HR≥-/EDG≥5.0/CV≤-/μ≥-/TP≥60,63.52,5.0,,,60.0,294,244,155,89,63.52,-1.52,-10.9,7.87,-3.698,0.462,13
"[-199,-150]",HR≥-/EDG≥5.0/CV≤-/μ≥-/TP≥65,58.06,5.0,,,65.0,112,93,54,39,58.06,-10.22,-25.82,5.38,-9.505,0.417,12
"[-199,-150]",HR≥-/EDG≥5.0/CV≤-/μ≥0.0/TP≥-,59.7,5.0,,0.0,,647,531,317,214,59.7,-5.11,-11.76,1.53,-27.152,0.462,13
"[-199,-150]",HR≥-/EDG≥5.0/CV≤-/μ≥0.0/TP≥50,59.7,5.0,,0.0,50.0,647,531,317,214,59.7,-5.11,-11.76,1.53,-27.152,0.462,13
"[-199,-150]",HR≥-/EDG≥5.0/CV≤-/μ≥0.0/TP≥55,59.7,5.0,,0.0,55.0,647,531,317,214,59.7,-5.11,-11.76,1.53,-27.152,0.462,13
"[-199,-150]",HR≥-/EDG≥5.0/CV≤-/μ≥0.0/TP≥60,63.52,5.0,,0.0,60.0,294,244,155,89,63.52,-1.52,-10.9,7.87,-3.698,0.462,13
"[-199,-150]",HR≥-/EDG≥5.0/CV≤-/μ≥0.0/TP≥65,58.06,5.0,,0.0,65.0,112,93,54,39,58.06,-10.22,-25.82,5.38,-9.505,0.417,12
"[-199,-150]",HR≥-/EDG≥5.0/CV≤-/μ≥0.5/TP≥-,60.43,5.0,,0.5,,615,508,307,201,60.43,-4.01,-10.78,2.76,-20.36,0.462,13
"[-199,-150]",HR≥-/EDG≥5.0/CV≤-/μ≥0.5/TP≥50,60.43,5.0,,0.5,50.0,615,508,307,201,60.43,-4.01,-10.78,2.76,-20.36,0.462,13
"[-199,-150]",HR≥-/EDG≥5.0/CV≤-/μ≥0.5/TP≥55,60.43,5.0,,0.5,55.0,615,508,307,201,60.43,-4.01,-10.78,2.76,-20.36,0.462,13
"[-199,-150]",HR≥-/EDG≥5.0/CV≤-/μ≥0.5/TP≥60,63.98,5.0,,0.5,60.0,284,236,151,85,63.98,-0.87,-10.38,8.65,-2.05,0.462,13
"[-199,-150]",HR≥-/EDG≥5.0/CV≤-/μ≥0.5/TP≥65,57.78,5.0,,0.5,65.0,108,90,52,38,57.78,-10.86,-26.7,4.98,-9.775,0.417,12
"[-199,-150]",HR≥-/EDG≥5.0/CV≤-/μ≥1.0/TP≥-,62.84,5.0,,1.0,,486,401,252,149,62.84,-0.2,-7.73,7.33,-0.801,0.538,13
"[-199,-150]",HR≥-/EDG≥5.0/CV≤-/μ≥1.0/TP≥50,62.84,5.0,,1.0,50.0,486,401,252,149,62.84,-0.2,-7.73,7.33,-0.801,0.538,13
"[-199,-150]",HR≥-/EDG≥5.0/CV≤-/μ≥1.0/TP≥55,62.84,5.0,,1.0,55.0,486,401,252,149,62.84,-0.2,-7.73,7.33,-0.801,0.538,13
"[-199,-150]",HR≥-/EDG≥5.0/CV≤-/μ≥1.0/TP≥60,64.89,5.0,,1.0,60.0,226,188,122,66,64.89,0.47,-10.13,11.06,0.874,0.462,13
"[-199,-150]",HR≥-/EDG≥5.0/CV≤-/μ≥1.0/TP≥65,61.11,5.0,,1.0,65.0,84,72,44,28,61.11,-5.67,-23.18,11.84,-4.084,0.583,12
"[-199,-150]",HR≥-/EDG≥10.0/CV≤-/μ≥-/TP≥-,59.68,10.0,,,,532,434,259,175,59.68,-5.22,-12.57,2.12,-22.665,0.462,13
"[-199,-150]",HR≥-/EDG≥10.0/CV≤-/μ≥-/TP≥50,59.68,10.0,,,50.0,532,434,259,175,59.68,-5.22,-12.57,2.12,-22.665,0.462,13
"[-199,-150]",HR≥-/EDG≥10.0/CV≤-/μ≥-/TP≥55,59.68,10.0,,,55.0,532,434,259,175,59.68,-5.22,-12.57,2.12,-22.665,0.462,13
"[-199,-150]",HR≥-/EDG≥10.0/CV≤-/μ≥-/TP≥60,63.5,10.0,,,60.0,242,200,127,73,63.5,-1.63,-12.0,8.73,-3.269,0.462,13
"[-199,-150]",HR≥-/EDG≥10.0/CV≤-/μ≥-/TP≥65,61.84,10.0,,,65.0,93,76,47,29,61.84,-4.47,-21.46,12.52,-3.396,0.417,12
"[-199,-150]",HR≥-/EDG≥10.0/CV≤-/μ≥0.0/TP≥-,59.68,10.0,,0.0,,532,434,259,175,59.68,-5.22,-12.57,2.12,-22.665,0.462,13
"[-199,-150]",HR≥-/EDG≥10.0/CV≤-/μ≥0.0/TP≥50,59.68,10.0,,0.0,50.0,532,434,259,175,59.68,-5.22,-12.57,2.12,-22.665,0.462,13
"[-199,-150]",HR≥-/EDG≥10.0/CV≤-/μ≥0.0/TP≥55,59.68,10.0,,0.0,55.0,532,434,259,175,59.68,-5.22,-12.57,2.12,-22.665,0.462,13
"[-199,-150]",HR≥-/EDG≥10.0/CV≤-/μ≥0.0/TP≥60,63.5,10.0,,0.0,60.0,242,200,127,73,63.5,-1.63,-12.0,8.73,-3.269,0.462,13
"[-199,-150]",HR≥-/EDG≥10.0/CV≤-/μ≥0.0/TP≥65,61.84,10.0,,0.0,65.0,93,76,47,29,61.84,-4.47,-21.46,12.52,-3.396,0.417,12
"[-199,-150]",HR≥-/EDG≥10.0/CV≤-/μ≥0.5/TP≥-,60.0,10.0,,0.5,,518,425,255,170,60.0,-4.72,-12.14,2.69,-20.076,0.462,13
"[-199,-150]",HR≥-/EDG≥10.0/CV≤-/μ≥0.5/TP≥50,60.0,10.0,,0.5,50.0,518,425,255,170,60.0,-4.72,-12.14,2.69,-20.076,0.462,13
"[-199,-150]",HR≥-/EDG≥10.0/CV≤-/μ≥0.5/TP≥55,60.0,10.0,,0.5,55.0,518,425,255,170,60.0,-4.72,-12.14,2.69,-20.076,0.462,13
"[-199,-150]",HR≥-/EDG≥10.0/CV≤-/μ≥0.5/TP≥60,63.13,10.0,,0.5,60.0,238,198,125,73,63.13,-2.25,-12.68,8.19,-4.449,0.462,13
"[-199,-150]",HR≥-/EDG≥10.0/CV≤-/μ≥0.5/TP≥65,61.33,10.0,,0.5,65.0,91,75,46,29,61.33,-5.36,-22.49,11.77,-4.021,0.417,12
"[-199,-150]",HR≥-/EDG≥10.0/CV≤-/μ≥1.0/TP≥-,63.01,10.0,,1.0,,444,365,230,135,63.01,0.08,-7.81,7.97,0.289,0.615,13
"[-199,-150]",HR≥-/EDG≥10.0/CV≤-/μ≥1.0/TP≥50,63.01,10.0,,1.0,50.0,444,365,230,135,63.01,0.08,-7.81,7.97,0.289,0.615,13
"[-199,-150]",HR≥-/EDG≥10.0/CV≤-/μ≥1.0/TP≥55,63.01,10.0,,1.0,55.0,444,365,230,135,63.01,0.08,-7.81,7.97,0.289,0.615,13
"[-199,-150]",HR≥-/EDG≥10.0/CV≤-/μ≥1.0/TP≥60,64.33,10.0,,1.0,60.0,205,171,110,61,64.33,-0.43,-11.58,10.73,-0.728,0.385,13
"[-199,-150]",HR≥-/EDG≥10.0/CV≤-/μ≥1.0/TP≥65,62.5,10.0,,1.0,65.0,75,64,40,24,62.5,-3.56,-22.01,14.9,-2.278,0.545,11
"[-199,-150]",HR≥45/EDG≥-/CV≤-/μ≥-/TP≥-,59.28,,,,,896,749,444,305,59.28,-5.97,-11.56,-0.38,-44.706,0.231,13
"[-199,-150]",HR≥45/EDG≥-/CV≤-/μ≥-/TP≥50,59.36,,,,50.0,895,748,444,304,59.36,-5.84,-11.44,-0.25,-43.706,0.231,13
"[-199,-150]",HR≥45/EDG≥-/CV≤-/μ≥-/TP≥55,59.3,,,,55.0,889,742,440,302,59.3,-5.91,-11.53,-0.29,-43.825,0.231,13
"[-199,-150]",HR≥45/EDG≥-/CV≤-/μ≥-/TP≥60,62.06,,,,60.0,405,340,211,129,62.06,-3.88,-11.88,4.12,-13.192,0.308,13
"[-199,-150]",HR≥45/EDG≥-/CV≤-/μ≥-/TP≥65,58.65,,,,65.0,125,104,61,43,58.65,-9.55,-24.22,5.12,-9.933,0.385,13
"[-199,-150]",HR≥45/EDG≥-/CV≤-/μ≥0.0/TP≥-,59.22,,,0.0,,890,743,440,303,59.22,-6.08,-11.69,-0.46,-45.138,0.231,13
"[-199,-150]",HR≥45/EDG≥-/CV≤-/μ≥0.0/TP≥50,59.22,,,0.0,50.0,890,743,440,303,59.22,-6.08,-11.69,-0.46,-45.138,0.231,13
"[-199,-150]",HR≥45/EDG≥-/CV≤-/μ≥0.0/TP≥55,59.16,,,0.0,55.0,884,737,436,301,59.16,-6.14,-11.78,-0.5,-45.257,0.231,13
"[-199,-150]",HR≥45/EDG≥-/CV≤-/μ≥0.0/TP≥60,62.06,,,0.0,60.0,405,340,211,129,62.06,-3.88,-11.88,4.12,-13.192,0.308,13
"[-199,-150]",HR≥45/EDG≥-/CV≤-/μ≥0.0/TP≥65,58.65,,,0.0,65.0,125,104,61,43,58.65,-9.55,-24.22,5.12,-9.933,0.385,13
"[-199,-150]",HR≥45/EDG≥-/CV≤-/μ≥0.5/TP≥-,59.42,,,0.5,,748,626,372,254,59.42,-5.81,-11.92,0.3,-36.389,0.385,13
"[-199,-150]",HR≥45/EDG≥-/CV≤-/μ≥0.5/TP≥50,59.42,,,0.5,50.0,748,626,372,254,59.42,-5.81,-11.92,0.3,-36.389,0.385,13
"[-199,-150]",HR≥45/EDG≥-/CV≤-/μ≥0.5/TP≥55,59.42,,,0.5,55.0,748,626,372,254,59.42,-5.81,-11.92,0.3,-36.389,0.385,13
"[-199,-150]",HR≥45/EDG≥-/CV≤-/μ≥0.5/TP≥60,62.75,,,0.5,60.0,363,306,192,114,62.75,-2.85,-11.25,5.56,-8.716,0.385,13
"[-199,-150]",HR≥45/EDG≥-/CV≤-/μ≥0.5/TP≥65,58.82,,,0.5,65.0,123,102,60,42,58.82,-9.39,-24.18,5.4,-9.578,0.385,13
"[-199,-150]",HR≥45/EDG≥-/CV≤-/μ≥1.0/TP≥-,62.89,,,1.0,,468,388,244,144,62.89,-0.21,-7.85,7.44,-0.806,0.615,13
"[-199,-150]",HR≥45/EDG≥-/CV≤-/μ≥1.0/TP≥50,62.89,,,1.0,50.0,468,388,244,144,62.89,-0.21,-7.85,7.44,-0.806,0.615,13
"[-199,-150]",HR≥45/EDG≥-/CV≤-/μ≥1.0/TP≥55,62.89,,,1.0,55.0,468,388,244,144,62.89,-0.21,-7.85,7.44,-0.806,0.615,13
"[-199,-150]",HR≥45/EDG≥-/CV≤-/μ≥1.0/TP≥60,64.36,,,1.0,60.0,225,188,121,67,64.36,-0.43,-11.05,10.2,-0.803,0.462,13
"[-199,-150]",HR≥45/EDG≥-/CV≤-/μ≥1.0/TP≥65,60.53,,,1.0,65.0,88,76,46,30,60.53,-6.74,-23.79,10.31,-5.121,0.5,12
"[-199,-150]",HR≥45/EDG≥-/CV≤0.7/μ≥-/TP≥-,59.38,,0.7,,,38,32,19,13,59.38,-6.37,-33.66,20.93,-2.037,0.417,12
"[-199,-150]",HR≥45/EDG≥-/CV≤0.7/μ≥-/TP≥50,59.38,,0.7,,50.0,38,32,19,13,59.38,-6.37,-33.66,20.93,-2.037,0.417,12
"[-199,-150]",HR≥45/EDG≥-/CV≤0.7/μ≥-/TP≥55,59.38,,0.7,,55.0,38,32,19,13,59.38,-6.37,-33.66,20.93,-2.037,0.417,12
"[-199,-150]",HR≥45/EDG≥-/CV≤0.7/μ≥0.0/TP≥-,59.38,,0.7,0.0,,38,32,19,13,59.38,-6.37,-33.66,20.93,-2.037,0.417,12
"[-199,-150]",HR≥45/EDG≥-/CV≤0.7/μ≥0.0/TP≥50,59.38,,0.7,0.0,50.0,38,32,19,13,59.38,-6.37,-33.66,20.93,-2.037,0.417,12
"[-199,-150]",HR≥45/EDG≥-/CV≤0.7/μ≥0.0/TP≥55,59.38,,0.7,0.0,55.0,38,32,19,13,59.38,-6.37,-33.66,20.93,-2.037,0.417,12
"[-199,-150]",HR≥45/EDG≥-5.0/CV≤-/μ≥-/TP≥-,59.86,-5.0,,,,826,690,413,277,59.86,-5.0,-10.81,0.82,-34.481,0.308,13
"[-199,-150]",HR≥45/EDG≥-5.0/CV≤-/μ≥-/TP≥50,59.86,-5.0,,,50.0,826,690,413,277,59.86,-5.0,-10.81,0.82,-34.481,0.308,13
"[-199,-150]",HR≥45/EDG≥-5.0/CV≤-/μ≥-/TP≥55,59.86,-5.0,,,55.0,826,690,413,277,59.86,-5.0,-10.81,0.82,-34.481,0.308,13
"[-199,-150]",HR≥45/EDG≥-5.0/CV≤-/μ≥-/TP≥60,61.96,-5.0,,,60.0,389,326,202,124,61.96,-4.02,-12.2,4.16,-13.093,0.385,13
"[-199,-150]",HR≥45/EDG≥-5.0/CV≤-/μ≥-/TP≥65,58.65,-5.0,,,65.0,125,104,61,43,58.65,-9.55,-24.22,5.12,-9.933,0.385,13
"[-199,-150]",HR≥45/EDG≥-5.0/CV≤-/μ≥0.0/TP≥-,59.86,-5.0,,0.0,,826,690,413,277,59.86,-5.0,-10.81,0.82,-34.481,0.308,13
"[-199,-150]",HR≥45/EDG≥-5.0/CV≤-/μ≥0.0/TP≥50,59.86,-5.0,,0.0,50.0,826,690,413,277,59.86,-5.0,-10.81,0.82,-34.481,0.308,13
"[-199,-150]",HR≥45/EDG≥-5.0/CV≤-/μ≥0.0/TP≥55,59.86,-5.0,,0.0,55.0,826,690,413,277,59.86,-5.0,-10.81,0.82,-34.481,0.308,13
"[-199,-150]",HR≥45/EDG≥-5.0/CV≤-/μ≥0.0/TP≥60,61.96,-5.0,,0.0,60.0,389,326,202,124,61.96,-4.02,-12.2,4.16,-13.093,0.385,13
"[-199,-150]",HR≥45/EDG≥-5.0/CV≤-/μ≥0.0/TP≥65,58.65,-5.0,,0.0,65.0,125,104,61,43,58.65,-9.55,-24.22,5.12,-9.933,0.385,13
"[-199,-150]",HR≥45/EDG≥-5.0/CV≤-/μ≥0.5/TP≥-,59.77,-5.0,,0.5,,740,619,370,249,59.77,-5.25,-11.38,0.89,-32.471,0.385,13
"[-199,-150]",HR≥45/EDG≥-5.0/CV≤-/μ≥0.5/TP≥50,59.77,-5.0,,0.5,50.0,740,619,370,249,59.77,-5.25,-11.38,0.89,-32.471,0.385,13
"[-199,-150]",HR≥45/EDG≥-5.0/CV≤-/μ≥0.5/TP≥55,59.77,-5.0,,0.5,55.0,740,619,370,249,59.77,-5.25,-11.38,0.89,-32.471,0.385,13
"[-199,-150]",HR≥45/EDG≥-5.0/CV≤-/μ≥0.5/TP≥60,62.5,-5.0,,0.5,60.0,361,304,190,114,62.5,-3.22,-11.67,5.22,-9.798,0.385,13
"[-199,-150]",HR≥45/EDG≥-5.0/CV≤-/μ≥0.5/TP≥65,58.82,-5.0,,0.5,65.0,123,102,60,42,58.82,-9.39,-24.18,5.4,-9.578,0.385,13
"[-199,-150]",HR≥45/EDG≥-5.0/CV≤-/μ≥1.0/TP≥-,62.89,-5.0,,1.0,,468,388,244,144,62.89,-0.21,-7.85,7.44,-0.806,0.615,13
"[-199,-150]",HR≥45/EDG≥-5.0/CV≤-/μ≥1.0/TP≥50,62.89,-5.0,,1.0,50.0,468,388,244,144,62.89,-0.21,-7.85,7.44,-0.806,0.615,13
"[-199,-150]",HR≥45/EDG≥-5.0/CV≤-/μ≥1.0/TP≥55,62.89,-5.0,,1.0,55.0,468,388,244,144,62.89,-0.21,-7.85,7.44,-0.806,0.615,13
"[-199,-150]",HR≥45/EDG≥-5.0/CV≤-/μ≥1.0/TP≥60,64.36,-5.0,,1.0,60.0,225,188,121,67,64.36,-0.43,-11.05,10.2,-0.803,0.462,13
"[-199,-150]",HR≥45/EDG≥-5.0/CV≤-/μ≥1.0/TP≥65,60.53,-5.0,,1.0,65.0,88,76,46,30,60.53,-6.74,-23.79,10.31,-5.121,0.5,12
"[-199,-150]",HR≥45/EDG≥-5.0/CV≤0.7/μ≥-/TP≥-,58.06,-5.0,0.7,,,37,31,18,13,58.06,-8.72,-36.5,19.06,-2.704,0.417,12
"[-199,-150]",HR≥45/EDG≥-5.0/CV≤0.7/μ≥-/TP≥50,58.06,-5.0,0.7,,50.0,37,31,18,13,58.06,-8.72,-36.5,19.06,-2.704,0.417,12
"[-199,-150]",HR≥45/EDG≥-5.0/CV≤0.7/μ≥-/TP≥55,58.06,-5.0,0.7,,55.0,37,31,18,13,58.06,-8.72,-36.5,19.06,-2.704,0.417,12
"[-199,-150]",HR≥45/EDG≥-5.0/CV≤0.7/μ≥0.0/TP≥-,58.06,-5.0,0.7,0.0,,37,31,18,13,58.06,-8.72,-36.5,19.06,-2.704,0.417,12
"[-199,-150]",HR≥45/EDG≥-5.0/CV≤0.7/μ≥0.0/TP≥50,58.06,-5.0,0.7,0.0,50.0,37,31,18,13,58.06,-8.72,-36.5,19.06,-2.704,0.417,12
"[-199,-150]",HR≥45/EDG≥-5.0/CV≤0.7/μ≥0.0/TP≥55,58.06,-5.0,0.7,0.0,55.0,37,31,18,13,58.06,-8.72,-36.5,19.06,-2.704,0.417,12
"[-199,-150]",HR≥45/EDG≥0.0/CV≤-/μ≥-/TP≥-,60.7,0.0,,,,724,598,363,235,60.7,-3.54,-9.78,2.69,-21.184,0.308,13
"[-199,-150]",HR≥45/EDG≥0.0/CV≤-/μ≥-/TP≥50,60.7,0.0,,,50.0,724,598,363,235,60.7,-3.54,-9.78,2.69,-21.184,0.308,13
"[-199,-150]",HR≥45/EDG≥0.0/CV≤-/μ≥-/TP≥55,60.7,0.0,,,55.0,724,598,363,235,60.7,-3.54,-9.78,2.69,-21.184,0.308,13
"[-199,-150]",HR≥45/EDG≥0.0/CV≤-/μ≥-/TP≥60,63.12,0.0,,,60.0,341,282,178,104,63.12,-2.14,-10.89,6.61,-6.038,0.462,13
"[-199,-150]",HR≥45/EDG≥0.0/CV≤-/μ≥-/TP≥65,58.65,0.0,,,65.0,125,104,61,43,58.65,-9.55,-24.22,5.12,-9.933,0.385,13
"[-199,-150]",HR≥45/EDG≥0.0/CV≤-/μ≥0.0/TP≥-,60.7,0.0,,0.0,,724,598,363,235,60.7,-3.54,-9.78,2.69,-21.184,0.308,13
"[-199,-150]",HR≥45/EDG≥0.0/CV≤-/μ≥0.0/TP≥50,60.7,0.0,,0.0,50.0,724,598,363,235,60.7,-3.54,-9.78,2.69,-21.184,0.308,13
"[-199,-150]",HR≥45/EDG≥0.0/CV≤-/μ≥0.0/TP≥55,60.7,0.0,,0.0,55.0,724,598,363,235,60.7,-3.54,-9.78,2.69,-21.184,0.308,13
"[-199,-150]",HR≥45/EDG≥0.0/CV≤-/μ≥0.0/TP≥60,63.12,0.0,,0.0,60.0,341,282,178,104,63.12,-2.14,-10.89,6.61,-6.038,0.462,13
"[-199,-150]",HR≥45/EDG≥0.0/CV≤-/μ≥0.0/TP≥65,58.65,0.0,,0.0,65.0,125,104,61,43,58.65,-9.55,-24.22,5.12,-9.933,0.385,13
"[-199,-150]",HR≥45/EDG≥0.0/CV≤-/μ≥0.5/TP≥-,60.99,0.0,,0.5,,679,564,344,220,60.99,-3.16,-9.57,3.24,-17.842,0.385,13
"[-199,-150]",HR≥45/EDG≥0.0/CV≤-/μ≥0.5/TP≥50,60.99,0.0,,0.5,50.0,679,564,344,220,60.99,-3.16,-9.57,3.24,-17.842,0.385,13
"[-199,-150]",HR≥45/EDG≥0.0/CV≤-/μ≥0.5/TP≥55,60.99,0.0,,0.5,55.0,679,564,344,220,60.99,-3.16,-9.57,3.24,-17.842,0.385,13
"[-199,-150]",HR≥45/EDG≥0.0/CV≤-/μ≥0.5/TP≥60,63.84,0.0,,0.5,60.0,326,271,173,98,63.84,-1.05,-9.94,7.84,-2.847,0.462,13
"[-199,-150]",HR≥45/EDG≥0.0/CV≤-/μ≥0.5/TP≥65,58.82,0.0,,0.5,65.0,123,102,60,42,58.82,-9.39,-24.18,5.4,-9.578,0.385,13
"[-199,-150]",HR≥45/EDG≥0.0/CV≤-/μ≥1.0/TP≥-,62.95,0.0,,1.0,,466,386,243,143,62.95,-0.09,-7.75,7.58,-0.332,0.692,13
"[-199,-150]",HR≥45/EDG≥0.0/CV≤-/μ≥1.0/TP≥50,62.95,0.0,,1.0,50.0,466,386,243,143,62.95,-0.09,-7.75,7.58,-0.332,0.692,13
"[-199,-150]",HR≥45/EDG≥0.0/CV≤-/μ≥1.0/TP≥55,62.95,0.0,,1.0,55.0,466,386,243,143,62.95,-0.09,-7.75,7.58,-0.332,0.692,13
"[-199,-150]",HR≥45/EDG≥0.0/CV≤-/μ≥1.0/TP≥60,64.52,0.0,,1.0,60.0,223,186,120,66,64.52,-0.18,-10.85,10.5,-0.329,0.462,13
"[-199,-150]",HR≥45/EDG≥0.0/CV≤-/μ≥1.0/TP≥65,60.53,0.0,,1.0,65.0,88,76,46,30,60.53,-6.74,-23.79,10.31,-5.121,0.5,12
"[-199,-150]",HR≥45/EDG≥0.0/CV≤0.7/μ≥-/TP≥-,58.06,0.0,0.7,,,37,31,18,13,58.06,-8.72,-36.5,19.06,-2.704,0.417,12
"[-199,-150]",HR≥45/EDG≥0.0/CV≤0.7/μ≥-/TP≥50,58.06,0.0,0.7,,50.0,37,31,18,13,58.06,-8.72,-36.5,19.06,-2.704,0.417,12
"[-199,-150]",HR≥45/EDG≥0.0/CV≤0.7/μ≥-/TP≥55,58.06,0.0,0.7,,55.0,37,31,18,13,58.06,-8.72,-36.5,19.06,-2.704,0.417,12
"[-199,-150]",HR≥45/EDG≥0.0/CV≤0.7/μ≥0.0/TP≥-,58.06,0.0,0.7,0.0,,37,31,18,13,58.06,-8.72,-36.5,19.06,-2.704,0.417,12
"[-199,-150]",HR≥45/EDG≥0.0/CV≤0.7/μ≥0.0/TP≥50,58.06,0.0,0.7,0.0,50.0,37,31,18,13,58.06,-8.72,-36.5,19.06,-2.704,0.417,12
"[-199,-150]",HR≥45/EDG≥0.0/CV≤0.7/μ≥0.0/TP≥55,58.06,0.0,0.7,0.0,55.0,37,31,18,13,58.06,-8.72,-36.5,19.06,-2.704,0.417,12
"[-199,-150]",HR≥45/EDG≥5.0/CV≤-/μ≥-/TP≥-,60.45,5.0,,,,590,488,295,193,60.45,-3.93,-10.84,2.98,-19.172,0.462,13
"[-199,-150]",HR≥45/EDG≥5.0/CV≤-/μ≥-/TP≥50,60.45,5.0,,,50.0,590,488,295,193,60.45,-3.93,-10.84,2.98,-19.172,0.462,13
"[-199,-150]",HR≥45/EDG≥5.0/CV≤-/μ≥-/TP≥55,60.45,5.0,,,55.0,590,488,295,193,60.45,-3.93,-10.84,2.98,-19.172,0.462,13
"[-199,-150]",HR≥45/EDG≥5.0/CV≤-/μ≥-/TP≥60,63.6,5.0,,,60.0,273,228,145,83,63.6,-1.45,-11.15,8.26,-3.298,0.462,13
"[-199,-150]",HR≥45/EDG≥5.0/CV≤-/μ≥-/TP≥65,59.09,5.0,,,65.0,104,88,52,36,59.09,-8.84,-24.78,7.11,-7.775,0.5,12
"[-199,-150]",HR≥45/EDG≥5.0/CV≤-/μ≥0.0/TP≥-,60.45,5.0,,0.0,,590,488,295,193,60.45,-3.93,-10.84,2.98,-19.172,0.462,13
"[-199,-150]",HR≥45/EDG≥5.0/CV≤-/μ≥0.0/TP≥50,60.45,5.0,,0.0,50.0,590,488,295,193,60.45,-3.93,-10.84,2.98,-19.172,0.462,13
"[-199,-150]",HR≥45/EDG≥5.0/CV≤-/μ≥0.0/TP≥55,60.45,5.0,,0.0,55.0,590,488,295,193,60.45,-3.93,-10.84,2.98,-19.172,0.462,13
"[-199,-150]",HR≥45/EDG≥5.0/CV≤-/μ≥0.0/TP≥60,63.6,5.0,,0.0,60.0,273,228,145,83,63.6,-1.45,-11.15,8.26,-3.298,0.462,13
"[-199,-150]",HR≥45/EDG≥5.0/CV≤-/μ≥0.0/TP≥65,59.09,5.0,,0.0,65.0,104,88,52,36,59.09,-8.84,-24.78,7.11,-7.775,0.5,12
"[-199,-150]",HR≥45/EDG≥5.0/CV≤-/μ≥0.5/TP≥-,60.85,5.0,,0.5,,568,470,286,184,60.85,-3.35,-10.38,3.67,-15.755,0.462,13
"[-199,-150]",HR≥45/EDG≥5.0/CV≤-/μ≥0.5/TP≥50,60.85,5.0,,0.5,50.0,568,470,286,184,60.85,-3.35,-10.38,3.67,-15.755,0.462,13
"[-199,-150]",HR≥45/EDG≥5.0/CV≤-/μ≥0.5/TP≥55,60.85,5.0,,0.5,55.0,568,470,286,184,60.85,-3.35,-10.38,3.67,-15.755,0.462,13
"[-199,-150]",HR≥45/EDG≥5.0/CV≤-/μ≥0.5/TP≥60,64.25,5.0,,0.5,60.0,265,221,142,79,64.25,-0.46,-10.28,9.35,-1.025,0.462,13
"[-199,-150]",HR≥45/EDG≥5.0/CV≤-/μ≥0.5/TP≥65,59.3,5.0,,0.5,65.0,102,86,51,35,59.3,-8.63,-24.73,7.47,-7.42,0.5,12
"[-199,-150]",HR≥45/EDG≥5.0/CV≤-/μ≥1.0/TP≥-,62.6,5.0,,1.0,,455,377,236,141,62.6,-0.57,-8.35,7.21,-2.154,0.538,13
"[-199,-150]",HR≥45/EDG≥5.0/CV≤-/μ≥1.0/TP≥50,62.6,5.0,,1.0,50.0,455,377,236,141,62.6,-0.57,-8.35,7.21,-2.154,0.538,13
"[-199,-150]",HR≥45/EDG≥5.0/CV≤-/μ≥1.0/TP≥55,62.6,5.0,,1.0,55.0,455,377,236,141,62.6,-0.57,-8.35,7.21,-2.154,0.538,13
"[-199,-150]",HR≥45/EDG≥5.0/CV≤-/μ≥1.0/TP≥60,64.04,5.0,,1.0,60.0,213,178,114,64,64.04,-0.87,-11.82,10.08,-1.545,0.462,13
"[-199,-150]",HR≥45/EDG≥5.0/CV≤-/μ≥1.0/TP≥65,60.56,5.0,,1.0,65.0,82,71,43,28,60.56,-6.66,-24.31,10.99,-4.729,0.583,12
"[-199,-150]",HR≥45/EDG≥10.0/CV≤-/μ≥-/TP≥-,60.5,10.0,,,,489,400,242,158,60.5,-3.92,-11.55,3.7,-15.698,0.462,13
"[-199,-150]",HR≥45/EDG≥10.0/CV≤-/μ≥-/TP≥50,60.5,10.0,,,50.0,489,400,242,158,60.5,-3.92,-11.55,3.7,-15.698,0.462,13
"[-199,-150]",HR≥45/EDG≥10.0/CV≤-/μ≥-/TP≥55,60.5,10.0,,,55.0,489,400,242,158,60.5,-3.92,-11.55,3.7,-15.698,0.462,13
"[-199,-150]",HR≥45/EDG≥10.0/CV≤-/μ≥-/TP≥60,63.98,10.0,,,60.0,223,186,119,67,63.98,-0.94,-11.65,9.78,-1.742,0.462,13
"[-199,-150]",HR≥45/EDG≥10.0/CV≤-/μ≥-/TP≥65,63.38,10.0,,,65.0,85,71,45,26,63.38,-2.35,-19.74,15.05,-1.666,0.5,12
"[-199,-150]",HR≥45/EDG≥10.0/CV≤-/μ≥0.0/TP≥-,60.5,10.0,,0.0,,489,400,242,158,60.5,-3.92,-11.55,3.7,-15.698,0.462,13
"[-199,-150]",HR≥45/EDG≥10.0/CV≤-/μ≥0.0/TP≥50,60.5,10.0,,0.0,50.0,489,400,242,158,60.5,-3.92,-11.55,3.7,-15.698,0.462,13
"[-199,-150]",HR≥45/EDG≥10.0/CV≤-/μ≥0.0/TP≥55,60.5,10.0,,0.0,55.0,489,400,242,158,60.5,-3.92,-11.55,3.7,-15.698,0.462,13
"[-199,-150]",HR≥45/EDG≥10.0/CV≤-/μ≥0.0/TP≥60,63.98,10.0,,0.0,60.0,223,186,119,67,63.98,-0.94,-11.65,9.78,-1.742,0.462,13
"[-199,-150]",HR≥45/EDG≥10.0/CV≤-/μ≥0.0/TP≥65,63.38,10.0,,0.0,65.0,85,71,45,26,63.38,-2.35,-19.74,15.05,-1.666,0.5,12
"[-199,-150]",HR≥45/EDG≥10.0/CV≤-/μ≥0.5/TP≥-,60.66,10.0,,0.5,,479,394,239,155,60.66,-3.68,-11.35,4.0,-14.484,0.462,13
"[-199,-150]",HR≥45/EDG≥10.0/CV≤-/μ≥0.5/TP≥50,60.66,10.0,,0.5,50.0,479,394,239,155,60.66,-3.68,-11.35,4.0,-14.484,0.462,13
"[-199,-150]",HR≥45/EDG≥10.0/CV≤-/μ≥0.5/TP≥55,60.66,10.0,,0.5,55.0,479,394,239,155,60.66,-3.68,-11.35,4.0,-14.484,0.462,13
"[-199,-150]",HR≥45/EDG≥10.0/CV≤-/μ≥0.5/TP≥60,63.78,10.0,,0.5,60.0,221,185,118,67,63.78,-1.24,-12.0,9.52,-2.297,0.462,13
"[-199,-150]",HR≥45/EDG≥10.0/CV≤-/μ≥0.5/TP≥65,63.38,10.0,,0.5,65.0,85,71,45,26,63.38,-2.35,-19.74,15.05,-1.666,0.5,12
"[-199,-150]",HR≥45/EDG≥10.0/CV≤-/μ≥1.0/TP≥-,62.79,10.0,,1.0,,417,344,216,128,62.79,-0.25,-8.39,7.88,-0.867,0.615,13
"[-199,-150]",HR≥45/EDG≥10.0/CV≤-/μ≥1.0/TP≥50,62.79,10.0,,1.0,50.0,417,344,216,128,62.79,-0.25,-8.39,7.88,-0.867,0.615,13
"[-199,-150]",HR≥45/EDG≥10.0/CV≤-/μ≥1.0/TP≥55,62.79,10.0,,1.0,55.0,417,344,216,128,62.79,-0.25,-8.39,7.88,-0.867,0.615,13
"[-199,-150]",HR≥45/EDG≥10.0/CV≤-/μ≥1.0/TP≥60,63.58,10.0,,1.0,60.0,193,162,103,59,63.58,-1.59,-13.1,9.92,-2.576,0.385,13
"[-199,-150]",HR≥45/EDG≥10.0/CV≤-/μ≥1.0/TP≥65,61.9,10.0,,1.0,65.0,73,63,39,24,61.9,-4.64,-23.27,13.99,-2.923,0.545,11
"[-199,-150]",HR≥50/EDG≥-/CV≤-/μ≥-/TP≥-,59.77,,,,,839,706,422,284,59.77,-5.19,-10.94,0.56,-36.638,0.154,13
"[-199,-150]",HR≥50/EDG≥-/CV≤-/μ≥-/TP≥50,59.86,,,,50.0,838,705,422,283,59.86,-5.06,-10.81,0.69,-35.638,0.231,13
"[-199,-150]",HR≥50/EDG≥-/CV≤-/μ≥-/TP≥55,59.77,,,,55.0,834,701,419,282,59.77,-5.17,-10.94,0.6,-36.231,0.154,13
"[-199,-150]",HR≥50/EDG≥-/CV≤-/μ≥-/TP≥60,62.04,,,,60.0,386,324,201,123,62.04,-3.94,-12.14,4.26,-12.764,0.308,13
"[-199,-150]",HR≥50/EDG≥-/CV≤-/μ≥-/TP≥65,58.16,,,,65.0,118,98,57,41,58.16,-10.32,-25.47,4.82,-10.118,0.308,13
"[-199,-150]",HR≥50/EDG≥-/CV≤-/μ≥0.0/TP≥-,59.71,,,0.0,,833,700,418,282,59.71,-5.3,-11.07,0.48,-37.07,0.231,13
"[-199,-150]",HR≥50/EDG≥-/CV≤-/μ≥0.0/TP≥50,59.71,,,0.0,50.0,833,700,418,282,59.71,-5.3,-11.07,0.48,-37.07,0.231,13
"[-199,-150]",HR≥50/EDG≥-/CV≤-/μ≥0.0/TP≥55,59.63,,,0.0,55.0,829,696,415,281,59.63,-5.41,-11.2,0.38,-37.663,0.231,13
"[-199,-150]",HR≥50/EDG≥-/CV≤-/μ≥0.0/TP≥60,62.04,,,0.0,60.0,386,324,201,123,62.04,-3.94,-12.14,4.26,-12.764,0.308,13
"[-199,-150]",HR≥50/EDG≥-/CV≤-/μ≥0.0/TP≥65,58.16,,,0.0,65.0,118,98,57,41,58.16,-10.32,-25.47,4.82,-10.118,0.308,13
"[-199,-150]",HR≥50/EDG≥-/CV≤-/μ≥0.5/TP≥-,59.9,,,0.5,,710,596,357,239,59.9,-5.07,-11.32,1.18,-30.199,0.231,13
"[-199,-150]",HR≥50/EDG≥-/CV≤-/μ≥0.5/TP≥50,59.9,,,0.5,50.0,710,596,357,239,59.9,-5.07,-11.32,1.18,-30.199,0.231,13
"[-199,-150]",HR≥50/EDG≥-/CV≤-/μ≥0.5/TP≥55,59.9,,,0.5,55.0,710,596,357,239,59.9,-5.07,-11.32,1.18,-30.199,0.231,13
"[-199,-150]",HR≥50/EDG≥-/CV≤-/μ≥0.5/TP≥60,62.59,,,0.5,60.0,349,294,184,110,62.59,-3.11,-11.69,5.47,-9.145,0.462,13
"[-199,-150]",HR≥50/EDG≥-/CV≤-/μ≥0.5/TP≥65,58.33,,,0.5,65.0,116,96,56,40,58.33,-10.17,-25.44,5.1,-9.763,0.308,13
"[-199,-150]",HR≥50/EDG≥-/CV≤-/μ≥1.0/TP≥-,63.56,,,1.0,,439,365,232,133,63.56,0.85,-7.0,8.71,3.112,0.538,13
"[-199,-150]",HR≥50/EDG≥-/CV≤-/μ≥1.0/TP≥50,63.56,,,1.0,50.0,439,365,232,133,63.56,0.85,-7.0,8.71,3.112,0.538,13
"[-199,-150]",HR≥50/EDG≥-/CV≤-/μ≥1.0/TP≥55,63.56,,,1.0,55.0,439,365,232,133,63.56,0.85,-7.0,8.71,3.112,0.538,13
"[-199,-150]",HR≥50/EDG≥-/CV≤-/μ≥1.0/TP≥60,64.61,,,1.0,60.0,214,178,115,63,64.61,-0.08,-10.98,10.82,-0.149,0.462,13
"[-199,-150]",HR≥50/EDG≥-/CV≤-/μ≥1.0/TP≥65,60.0,,,1.0,65.0,81,70,42,28,60.0,-7.58,-25.39,10.23,-5.306,0.417,12
"[-199,-150]",HR≥50/EDG≥-/CV≤0.7/μ≥-/TP≥-,59.38,,0.7,,,38,32,19,13,59.38,-6.37,-33.66,20.93,-2.037,0.417,12
"[-199,-150]",HR≥50/EDG≥-/CV≤0.7/μ≥-/TP≥50,59.38,,0.7,,50.0,38,32,19,13,59.38,-6.37,-33.66,20.93,-2.037,0.417,12
"[-199,-150]",HR≥50/EDG≥-/CV≤0.7/μ≥-/TP≥55,59.38,,0.7,,55.0,38,32,19,13,59.38,-6.37,-33.66,20.93,-2.037,0.417,12
"[-199,-150]",HR≥50/EDG≥-/CV≤0.7/μ≥0.0/TP≥-,59.38,,0.7,0.0,,38,32,19,13,59.38,-6.37,-33.66,20.93,-2.037,0.417,12
"[-199,-150]",HR≥50/EDG≥-/CV≤0.7/μ≥0.0/TP≥50,59.38,,0.7,0.0,50.0,38,32,19,13,59.38,-6.37,-33.66,20.93,-2.037,0.417,12
"[-199,-150]",HR≥50/EDG≥-/CV≤0.7/μ≥0.0/TP≥55,59.38,,0.7,0.0,55.0,38,32,19,13,59.38,-6.37,-33.66,20.93,-2.037,0.417,12
"[-199,-150]",HR≥50/EDG≥-5.0/CV≤-/μ≥-/TP≥-,60.37,-5.0,,,,777,651,393,258,60.37,-4.19,-10.17,1.78,-27.299,0.308,13
"[-199,-150]",HR≥50/EDG≥-5.0/CV≤-/μ≥-/TP≥50,60.37,-5.0,,,50.0,777,651,393,258,60.37,-4.19,-10.17,1.78,-27.299,0.308,13
"[-199,-150]",HR≥50/EDG≥-5.0/CV≤-/μ≥-/TP≥55,60.37,-5.0,,,55.0,777,651,393,258,60.37,-4.19,-10.17,1.78,-27.299,0.308,13
"[-199,-150]",HR≥50/EDG≥-5.0/CV≤-/μ≥-/TP≥60,61.94,-5.0,,,60.0,370,310,192,118,61.94,-4.09,-12.47,4.3,-12.666,0.385,13
"[-199,-150]",HR≥50/EDG≥-5.0/CV≤-/μ≥-/TP≥65,58.16,-5.0,,,65.0,118,98,57,41,58.16,-10.32,-25.47,4.82,-10.118,0.308,13
"[-199,-150]",HR≥50/EDG≥-5.0/CV≤-/μ≥0.0/TP≥-,60.37,-5.0,,0.0,,777,651,393,258,60.37,-4.19,-10.17,1.78,-27.299,0.308,13
"[-199,-150]",HR≥50/EDG≥-5.0/CV≤-/μ≥0.0/TP≥50,60.37,-5.0,,0.0,50.0,777,651,393,258,60.37,-4.19,-10.17,1.78,-27.299,0.308,13
"[-199,-150]",HR≥50/EDG≥-5.0/CV≤-/μ≥0.0/TP≥55,60.37,-5.0,,0.0,55.0,777,651,393,258,60.37,-4.19,-10.17,1.78,-27.299,0.308,13
"[-199,-150]",HR≥50/EDG≥-5.0/CV≤-/μ≥0.0/TP≥60,61.94,-5.0,,0.0,60.0,370,310,192,118,61.94,-4.09,-12.47,4.3,-12.666,0.385,13
"[-199,-150]",HR≥50/EDG≥-5.0/CV≤-/μ≥0.0/TP≥65,58.16,-5.0,,0.0,65.0,118,98,57,41,58.16,-10.32,-25.47,4.82,-10.118,0.308,13
"[-199,-150]",HR≥50/EDG≥-5.0/CV≤-/μ≥0.5/TP≥-,60.27,-5.0,,0.5,,702,589,355,234,60.27,-4.46,-10.74,1.81,-26.28,0.308,13
"[-199,-150]",HR≥50/EDG≥-5.0/CV≤-/μ≥0.5/TP≥50,60.27,-5.0,,0.5,50.0,702,589,355,234,60.27,-4.46,-10.74,1.81,-26.28,0.308,13
"[-199,-150]",HR≥50/EDG≥-5.0/CV≤-/μ≥0.5/TP≥55,60.27,-5.0,,0.5,55.0,702,589,355,234,60.27,-4.46,-10.74,1.81,-26.28,0.308,13
"[-199,-150]",HR≥50/EDG≥-5.0/CV≤-/μ≥0.5/TP≥60,62.33,-5.0,,0.5,60.0,347,292,182,110,62.33,-3.5,-12.13,5.12,-10.226,0.462,13
"[-199,-150]",HR≥50/EDG≥-5.0/CV≤-/μ≥0.5/TP≥65,58.33,-5.0,,0.5,65.0,116,96,56,40,58.33,-10.17,-25.44,5.1,-9.763,0.308,13
"[-199,-150]",HR≥50/EDG≥-5.0/CV≤-/μ≥1.0/TP≥-,63.56,-5.0,,1.0,,439,365,232,133,63.56,0.85,-7.0,8.71,3.112,0.538,13
"[-199,-150]",HR≥50/EDG≥-5.0/CV≤-/μ≥1.0/TP≥50,63.56,-5.0,,1.0,50.0,439,365,232,133,63.56,0.85,-7.0,8.71,3.112,0.538,13
"[-199,-150]",HR≥50/EDG≥-5.0/CV≤-/μ≥1.0/TP≥55,63.56,-5.0,,1.0,55.0,439,365,232,133,63.56,0.85,-7.0,8.71,3.112,0.538,13
"[-199,-150]",HR≥50/EDG≥-5.0/CV≤-/μ≥1.0/TP≥60,64.61,-5.0,,1.0,60.0,214,178,115,63,64.61,-0.08,-10.98,10.82,-0.149,0.462,13
"[-199,-150]",HR≥50/EDG≥-5.0/CV≤-/μ≥1.0/TP≥65,60.0,-5.0,,1.0,65.0,81,70,42,28,60.0,-7.58,-25.39,10.23,-5.306,0.417,12
"[-199,-150]",HR≥50/EDG≥-5.0/CV≤0.7/μ≥-/TP≥-,58.06,-5.0,0.7,,,37,31,18,13,58.06,-8.72,-36.5,19.06,-2.704,0.417,12
"[-199,-150]",HR≥50/EDG≥-5.0/CV≤0.7/μ≥-/TP≥50,58.06,-5.0,0.7,,50.0,37,31,18,13,58.06,-8.72,-36.5,19.06,-2.704,0.417,12
"[-199,-150]",HR≥50/EDG≥-5.0/CV≤0.7/μ≥-/TP≥55,58.06,-5.0,0.7,,55.0,37,31,18,13,58.06,-8.72,-36.5,19.06,-2.704,0.417,12
"[-199,-150]",HR≥50/EDG≥-5.0/CV≤0.7/μ≥0.0/TP≥-,58.06,-5.0,0.7,0.0,,37,31,18,13,58.06,-8.72,-36.5,19.06,-2.704,0.417,12
"[-199,-150]",HR≥50/EDG≥-5.0/CV≤0.7/μ≥0.0/TP≥50,58.06,-5.0,0.7,0.0,50.0,37,31,18,13,58.06,-8.72,-36.5,19.06,-2.704,0.417,12
"[-199,-150]",HR≥50/EDG≥-5.0/CV≤0.7/μ≥0.0/TP≥55,58.06,-5.0,0.7,0.0,55.0,37,31,18,13,58.06,-8.72,-36.5,19.06,-2.704,0.417,12
"[-199,-150]",HR≥50/EDG≥0.0/CV≤-/μ≥-/TP≥-,61.38,0.0,,,,685,567,348,219,61.38,-2.48,-8.86,3.9,-14.073,0.462,13
"[-199,-150]",HR≥50/EDG≥0.0/CV≤-/μ≥-/TP≥50,61.38,0.0,,,50.0,685,567,348,219,61.38,-2.48,-8.86,3.9,-14.073,0.462,13
"[-199,-150]",HR≥50/EDG≥0.0/CV≤-/μ≥-/TP≥55,61.38,0.0,,,55.0,685,567,348,219,61.38,-2.48,-8.86,3.9,-14.073,0.462,13
"[-199,-150]",HR≥50/EDG≥0.0/CV≤-/μ≥-/TP≥60,63.33,0.0,,,60.0,327,270,171,99,63.33,-1.83,-10.76,7.1,-4.941,0.538,13
"[-199,-150]",HR≥50/EDG≥0.0/CV≤-/μ≥-/TP≥65,58.16,0.0,,,65.0,118,98,57,41,58.16,-10.32,-25.47,4.82,-10.118,0.308,13
"[-199,-150]",HR≥50/EDG≥0.0/CV≤-/μ≥0.0/TP≥-,61.38,0.0,,0.0,,685,567,348,219,61.38,-2.48,-8.86,3.9,-14.073,0.462,13
"[-199,-150]",HR≥50/EDG≥0.0/CV≤-/μ≥0.0/TP≥50,61.38,0.0,,0.0,50.0,685,567,348,219,61.38,-2.48,-8.86,3.9,-14.073,0.462,13
"[-199,-150]",HR≥50/EDG≥0.0/CV≤-/μ≥0.0/TP≥55,61.38,0.0,,0.0,55.0,685,567,348,219,61.38,-2.48,-8.86,3.9,-14.073,0.462,13
"[-199,-150]",HR≥50/EDG≥0.0/CV≤-/μ≥0.0/TP≥60,63.33,0.0,,0.0,60.0,327,270,171,99,63.33,-1.83,-10.76,7.1,-4.941,0.538,13
"[-199,-150]",HR≥50/EDG≥0.0/CV≤-/μ≥0.0/TP≥65,58.16,0.0,,0.0,65.0,118,98,57,41,58.16,-10.32,-25.47,4.82,-10.118,0.308,13
"[-199,-150]",HR≥50/EDG≥0.0/CV≤-/μ≥0.5/TP≥-,61.57,0.0,,0.5,,644,536,330,206,61.57,-2.26,-8.81,4.29,-12.125,0.385,13
"[-199,-150]",HR≥50/EDG≥0.0/CV≤-/μ≥0.5/TP≥50,61.57,0.0,,0.5,50.0,644,536,330,206,61.57,-2.26,-8.81,4.29,-12.125,0.385,13
"[-199,-150]",HR≥50/EDG≥0.0/CV≤-/μ≥0.5/TP≥55,61.57,0.0,,0.5,55.0,644,536,330,206,61.57,-2.26,-8.81,4.29,-12.125,0.385,13
"[-199,-150]",HR≥50/EDG≥0.0/CV≤-/μ≥0.5/TP≥60,63.85,0.0,,0.5,60.0,313,260,166,94,63.85,-1.06,-10.13,8.01,-2.749,0.538,13
"[-199,-150]",HR≥50/EDG≥0.0/CV≤-/μ≥0.5/TP≥65,58.33,0.0,,0.5,65.0,116,96,56,40,58.33,-10.17,-25.44,5.1,-9.763,0.308,13
"[-199,-150]",HR≥50/EDG≥0.0/CV≤-/μ≥1.0/TP≥-,63.64,0.0,,1.0,,437,363,231,132,63.64,0.99,-6.89,8.86,3.585,0.615,13
"[-199,-150]",HR≥50/EDG≥0.0/CV≤-/μ≥1.0/TP≥50,63.64,0.0,,1.0,50.0,437,363,231,132,63.64,0.99,-6.89,8.86,3.585,0.615,13
"[-199,-150]",HR≥50/EDG≥0.0/CV≤-/μ≥1.0/TP≥55,63.64,0.0,,1.0,55.0,437,363,231,132,63.64,0.99,-6.89,8.86,3.585,0.615,13
"[-199,-150]",HR≥50/EDG≥0.0/CV≤-/μ≥1.0/TP≥60,64.77,0.0,,1.0,60.0,212,176,114,62,64.77,0.18,-10.77,11.14,0.325,0.462,13
"[-199,-150]",HR≥50/EDG≥0.0/CV≤-/μ≥1.0/TP≥65,60.0,0.0,,1.0,65.0,81,70,42,28,60.0,-7.58,-25.39,10.23,-5.306,0.417,12
"[-199,-150]",HR≥50/EDG≥0.0/CV≤0.7/μ≥-/TP≥-,58.06,0.0,0.7,,,37,31,18,13,58.06,-8.72,-36.5,19.06,-2.704,0.417,12
"[-199,-150]",HR≥50/EDG≥0.0/CV≤0.7/μ≥-/TP≥50,58.06,0.0,0.7,,50.0,37,31,18,13,58.06,-8.72,-36.5,19.06,-2.704,0.417,12
"[-199,-150]",HR≥50/EDG≥0.0/CV≤0.7/μ≥-/TP≥55,58.06,0.0,0.7,,55.0,37,31,18,13,58.06,-8.72,-36.5,19.06,-2.704,0.417,12
"[-199,-150]",HR≥50/EDG≥0.0/CV≤0.7/μ≥0.0/TP≥-,58.06,0.0,0.7,0.0,,37,31,18,13,58.06,-8.72,-36.5,19.06,-2.704,0.417,12
"[-199,-150]",HR≥50/EDG≥0.0/CV≤0.7/μ≥0.0/TP≥50,58.06,0.0,0.7,0.0,50.0,37,31,18,13,58.06,-8.72,-36.5,19.06,-2.704,0.417,12
"[-199,-150]",HR≥50/EDG≥0.0/CV≤0.7/μ≥0.0/TP≥55,58.06,0.0,0.7,0.0,55.0,37,31,18,13,58.06,-8.72,-36.5,19.06,-2.704,0.417,12
"[-199,-150]",HR≥50/EDG≥5.0/CV≤-/μ≥-/TP≥-,61.09,5.0,,,,556,460,281,179,61.09,-2.92,-10.02,4.17,-13.455,0.462,13
"[-199,-150]",HR≥50/EDG≥5.0/CV≤-/μ≥-/TP≥50,61.09,5.0,,,50.0,556,460,281,179,61.09,-2.92,-10.02,4.17,-13.455,0.462,13
"[-199,-150]",HR≥50/EDG≥5.0/CV≤-/μ≥-/TP≥55,61.09,5.0,,,55.0,556,460,281,179,61.09,-2.92,-10.02,4.17,-13.455,0.462,13
"[-199,-150]",HR≥50/EDG≥5.0/CV≤-/μ≥-/TP≥60,63.59,5.0,,,60.0,261,217,138,79,63.59,-1.47,-11.42,8.47,-3.201,0.462,13
"[-199,-150]",HR≥50/EDG≥5.0/CV≤-/μ≥-/TP≥65,58.54,5.0,,,65.0,97,82,48,34,58.54,-9.71,-26.26,6.85,-7.96,0.5,12
"[-199,-150]",HR≥50/EDG≥5.0/CV≤-/μ≥0.0/TP≥-,61.09,5.0,,0.0,,556,460,281,179,61.09,-2.92,-10.02,4.17,-13.455,0.462,13
"[-199,-150]",HR≥50/EDG≥5.0/CV≤-/μ≥0.0/TP≥50,61.09,5.0,,0.0,50.0,556,460,281,179,61.09,-2.92,-10.02,4.17,-13.455,0.462,13
"[-199,-150]",HR≥50/EDG≥5.0/CV≤-/μ≥0.0/TP≥55,61.09,5.0,,0.0,55.0,556,460,281,179,61.09,-2.92,-10.02,4.17,-13.455,0.462,13
"[-199,-150]",HR≥50/EDG≥5.0/CV≤-/μ≥0.0/TP≥60,63.59,5.0,,0.0,60.0,261,217,138,79,63.59,-1.47,-11.42,8.47,-3.201,0.462,13
"[-199,-150]",HR≥50/EDG≥5.0/CV≤-/μ≥0.0/TP≥65,58.54,5.0,,0.0,65.0,97,82,48,34,58.54,-9.71,-26.26,6.85,-7.96,0.5,12
"[-199,-150]",HR≥50/EDG≥5.0/CV≤-/μ≥0.5/TP≥-,61.4,5.0,,0.5,,535,443,272,171,61.4,-2.49,-9.71,4.72,-11.038,0.462,13
"[-199,-150]",HR≥50/EDG≥5.0/CV≤-/μ≥0.5/TP≥50,61.4,5.0,,0.5,50.0,535,443,272,171,61.4,-2.49,-9.71,4.72,-11.038,0.462,13
"[-199,-150]",HR≥50/EDG≥5.0/CV≤-/μ≥0.5/TP≥55,61.4,5.0,,0.5,55.0,535,443,272,171,61.4,-2.49,-9.71,4.72,-11.038,0.462,13
"[-199,-150]",HR≥50/EDG≥5.0/CV≤-/μ≥0.5/TP≥60,64.29,5.0,,0.5,60.0,253,210,135,75,64.29,-0.44,-10.51,9.62,-0.928,0.462,13
"[-199,-150]",HR≥50/EDG≥5.0/CV≤-/μ≥0.5/TP≥65,58.75,5.0,,0.5,65.0,95,80,47,33,58.75,-9.51,-26.23,7.22,-7.605,0.5,12
"[-199,-150]",HR≥50/EDG≥5.0/CV≤-/μ≥1.0/TP≥-,63.28,5.0,,1.0,,426,354,224,130,63.28,0.5,-7.5,8.49,1.763,0.538,13
"[-199,-150]",HR≥50/EDG≥5.0/CV≤-/μ≥1.0/TP≥50,63.28,5.0,,1.0,50.0,426,354,224,130,63.28,0.5,-7.5,8.49,1.763,0.538,13
"[-199,-150]",HR≥50/EDG≥5.0/CV≤-/μ≥1.0/TP≥55,63.28,5.0,,1.0,55.0,426,354,224,130,63.28,0.5,-7.5,8.49,1.763,0.538,13
"[-199,-150]",HR≥50/EDG≥5.0/CV≤-/μ≥1.0/TP≥60,64.29,5.0,,1.0,60.0,202,168,108,60,64.29,-0.53,-11.78,10.72,-0.892,0.462,13
"[-199,-150]",HR≥50/EDG≥5.0/CV≤-/μ≥1.0/TP≥65,60.0,5.0,,1.0,65.0,75,65,39,26,60.0,-7.56,-26.06,10.94,-4.914,0.583,12
"[-199,-150]",HR≥50/EDG≥10.0/CV≤-/μ≥-/TP≥-,61.33,10.0,,,,459,375,230,145,61.33,-2.58,-10.43,5.27,-9.669,0.462,13
"[-199,-150]",HR≥50/EDG≥10.0/CV≤-/μ≥-/TP≥50,61.33,10.0,,,50.0,459,375,230,145,61.33,-2.58,-10.43,5.27,-9.669,0.462,13
"[-199,-150]",HR≥50/EDG≥10.0/CV≤-/μ≥-/TP≥55,61.33,10.0,,,55.0,459,375,230,145,61.33,-2.58,-10.43,5.27,-9.669,0.462,13
"[-199,-150]",HR≥50/EDG≥10.0/CV≤-/μ≥-/TP≥60,64.0,10.0,,,60.0,212,175,112,63,64.0,-0.94,-11.98,10.11,-1.644,0.462,13
"[-199,-150]",HR≥50/EDG≥10.0/CV≤-/μ≥-/TP≥65,63.08,10.0,,,65.0,79,65,41,24,63.08,-2.85,-21.07,15.37,-1.851,0.5,12
"[-199,-150]",HR≥50/EDG≥10.0/CV≤-/μ≥0.0/TP≥-,61.33,10.0,,0.0,,459,375,230,145,61.33,-2.58,-10.43,5.27,-9.669,0.462,13
"[-199,-150]",HR≥50/EDG≥10.0/CV≤-/μ≥0.0/TP≥50,61.33,10.0,,0.0,50.0,459,375,230,145,61.33,-2.58,-10.43,5.27,-9.669,0.462,13
"[-199,-150]",HR≥50/EDG≥10.0/CV≤-/μ≥0.0/TP≥55,61.33,10.0,,0.0,55.0,459,375,230,145,61.33,-2.58,-10.43,5.27,-9.669,0.462,13
"[-199,-150]",HR≥50/EDG≥10.0/CV≤-/μ≥0.0/TP≥60,64.0,10.0,,0.0,60.0,212,175,112,63,64.0,-0.94,-11.98,10.11,-1.644,0.462,13
"[-199,-150]",HR≥50/EDG≥10.0/CV≤-/μ≥0.0/TP≥65,63.08,10.0,,0.0,65.0,79,65,41,24,63.08,-2.85,-21.07,15.37,-1.851,0.5,12
"[-199,-150]",HR≥50/EDG≥10.0/CV≤-/μ≥0.5/TP≥-,61.52,10.0,,0.5,,449,369,227,142,61.52,-2.29,-10.2,5.61,-8.456,0.462,13
"[-199,-150]",HR≥50/EDG≥10.0/CV≤-/μ≥0.5/TP≥50,61.52,10.0,,0.5,50.0,449,369,227,142,61.52,-2.29,-10.2,5.61,-8.456,0.462,13
"[-199,-150]",HR≥50/EDG≥10.0/CV≤-/μ≥0.5/TP≥55,61.52,10.0,,0.5,55.0,449,369,227,142,61.52,-2.29,-10.2,5.61,-8.456,0.462,13
"[-199,-150]",HR≥50/EDG≥10.0/CV≤-/μ≥0.5/TP≥60,63.79,10.0,,0.5,60.0,210,174,111,63,63.79,-1.26,-12.35,9.83,-2.199,0.462,13
"[-199,-150]",HR≥50/EDG≥10.0/CV≤-/μ≥0.5/TP≥65,63.08,10.0,,0.5,65.0,79,65,41,24,63.08,-2.85,-21.07,15.37,-1.851,0.5,12
"[-199,-150]",HR≥50/EDG≥10.0/CV≤-/μ≥1.0/TP≥-,63.66,10.0,,1.0,,390,322,205,117,63.66,1.15,-7.22,9.52,3.717,0.538,13
"[-199,-150]",HR≥50/EDG≥10.0/CV≤-/μ≥1.0/TP≥50,63.66,10.0,,1.0,50.0,390,322,205,117,63.66,1.15,-7.22,9.52,3.717,0.538,13
"[-199,-150]",HR≥50/EDG≥10.0/CV≤-/μ≥1.0/TP≥55,63.66,10.0,,1.0,55.0,390,322,205,117,63.66,1.15,-7.22,9.52,3.717,0.538,13
"[-199,-150]",HR≥50/EDG≥10.0/CV≤-/μ≥1.0/TP≥60,63.82,10.0,,1.0,60.0,183,152,97,55,63.82,-1.26,-13.13,10.6,-1.922,0.385,13
"[-199,-150]",HR≥50/EDG≥10.0/CV≤-/μ≥1.0/TP≥65,61.4,10.0,,1.0,65.0,67,57,35,22,61.4,-5.45,-25.09,14.19,-3.108,0.545,11
"[-199,-150]",HR≥55/EDG≥-/CV≤-/μ≥-/TP≥-,60.25,,,,,759,639,385,254,60.25,-4.38,-10.42,1.65,-28.01,0.231,13
"[-199,-150]",HR≥55/EDG≥-/CV≤-/μ≥-/TP≥50,60.25,,,,50.0,759,639,385,254,60.25,-4.38,-10.42,1.65,-28.01,0.231,13
"[-199,-150]",HR≥55/EDG≥-/CV≤-/μ≥-/TP≥55,60.28,,,,55.0,757,637,384,253,60.28,-4.32,-10.37,1.72,-27.536,0.231,13
"[-199,-150]",HR≥55/EDG≥-/CV≤-/μ≥-/TP≥60,61.33,,,,60.0,359,300,184,116,61.33,-5.03,-13.58,3.52,-15.095,0.385,13
"[-199,-150]",HR≥55/EDG≥-/CV≤-/μ≥-/TP≥65,57.3,,,,65.0,109,89,51,38,57.3,-11.62,-27.56,4.33,-10.337,0.308,13
"[-199,-150]",HR≥55/EDG≥-/CV≤-/μ≥0.0/TP≥-,60.13,,,0.0,,757,637,383,254,60.13,-4.59,-10.64,1.45,-29.248,0.231,13
"[-199,-150]",HR≥55/EDG≥-/CV≤-/μ≥0.0/TP≥50,60.13,,,0.0,50.0,757,637,383,254,60.13,-4.59,-10.64,1.45,-29.248,0.231,13
"[-199,-150]",HR≥55/EDG≥-/CV≤-/μ≥0.0/TP≥55,60.16,,,0.0,55.0,755,635,382,253,60.16,-4.53,-10.59,1.52,-28.775,0.231,13
"[-199,-150]",HR≥55/EDG≥-/CV≤-/μ≥0.0/TP≥60,61.33,,,0.0,60.0,359,300,184,116,61.33,-5.03,-13.58,3.52,-15.095,0.385,13
"[-199,-150]",HR≥55/EDG≥-/CV≤-/μ≥0.0/TP≥65,57.3,,,0.0,65.0,109,89,51,38,57.3,-11.62,-27.56,4.33,-10.337,0.308,13
"[-199,-150]",HR≥55/EDG≥-/CV≤-/μ≥0.5/TP≥-,60.29,,,0.5,,663,554,334,220,60.29,-4.39,-10.86,2.09,-24.318,0.231,13
"[-199,-150]",HR≥55/EDG≥-/CV≤-/μ≥0.5/TP≥50,60.29,,,0.5,50.0,663,554,334,220,60.29,-4.39,-10.86,2.09,-24.318,0.231,13
"[-199,-150]",HR≥55/EDG≥-/CV≤-/μ≥0.5/TP≥55,60.29,,,0.5,55.0,663,554,334,220,60.29,-4.39,-10.86,2.09,-24.318,0.231,13
"[-199,-150]",HR≥55/EDG≥-/CV≤-/μ≥0.5/TP≥60,61.23,,,0.5,60.0,331,276,169,107,61.23,-5.19,-14.11,3.73,-14.331,0.385,13
"[-199,-150]",HR≥55/EDG≥-/CV≤-/μ≥0.5/TP≥65,56.82,,,0.5,65.0,108,88,50,38,56.82,-12.48,-28.52,3.56,-10.983,0.308,13
"[-199,-150]",HR≥55/EDG≥-/CV≤-/μ≥1.0/TP≥-,63.01,,,1.0,,415,346,218,128,63.01,0.02,-8.08,8.12,0.077,0.462,13
"[-199,-150]",HR≥55/EDG≥-/CV≤-/μ≥1.0/TP≥50,63.01,,,1.0,50.0,415,346,218,128,63.01,0.02,-8.08,8.12,0.077,0.462,13
"[-199,-150]",HR≥55/EDG≥-/CV≤-/μ≥1.0/TP≥55,63.01,,,1.0,55.0,415,346,218,128,63.01,0.02,-8.08,8.12,0.077,0.462,13
"[-199,-150]",HR≥55/EDG≥-/CV≤-/μ≥1.0/TP≥60,63.47,,,1.0,60.0,203,167,106,61,63.47,-1.83,-13.16,9.5,-3.054,0.462,13
"[-199,-150]",HR≥55/EDG≥-/CV≤-/μ≥1.0/TP≥65,59.38,,,1.0,65.0,75,64,38,26,59.38,-8.46,-27.16,10.25,-5.411,0.364,11
"[-199,-150]",HR≥55/EDG≥-/CV≤0.7/μ≥-/TP≥-,63.33,,0.7,,,36,30,19,11,63.33,-0.12,-27.82,27.57,-0.037,0.5,12
"[-199,-150]",HR≥55/EDG≥-/CV≤0.7/μ≥-/TP≥50,63.33,,0.7,,50.0,36,30,19,11,63.33,-0.12,-27.82,27.57,-0.037,0.5,12
"[-199,-150]",HR≥55/EDG≥-/CV≤0.7/μ≥-/TP≥55,63.33,,0.7,,55.0,36,30,19,11,63.33,-0.12,-27.82,27.57,-0.037,0.5,12
"[-199,-150]",HR≥55/EDG≥-/CV≤0.7/μ≥0.0/TP≥-,63.33,,0.7,0.0,,36,30,19,11,63.33,-0.12,-27.82,27.57,-0.037,0.5,12
"[-199,-150]",HR≥55/EDG≥-/CV≤0.7/μ≥0.0/TP≥50,63.33,,0.7,0.0,50.0,36,30,19,11,63.33,-0.12,-27.82,27.57,-0.037,0.5,12
"[-199,-150]",HR≥55/EDG≥-/CV≤0.7/μ≥0.0/TP≥55,63.33,,0.7,0.0,55.0,36,30,19,11,63.33,-0.12,-27.82,27.57,-0.037,0.5,12
"[-199,-150]",HR≥55/EDG≥-5.0/CV≤-/μ≥-/TP≥-,60.7,-5.0,,,,714,598,363,235,60.7,-3.61,-9.84,2.62,-21.591,0.231,13
"[-199,-150]",HR≥55/EDG≥-5.0/CV≤-/μ≥-/TP≥50,60.7,-5.0,,,50.0,714,598,363,235,60.7,-3.61,-9.84,2.62,-21.591,0.231,13
"[-199,-150]",HR≥55/EDG≥-5.0/CV≤-/μ≥-/TP≥55,60.7,-5.0,,,55.0,714,598,363,235,60.7,-3.61,-9.84,2.62,-21.591,0.231,13
"[-199,-150]",HR≥55/EDG≥-5.0/CV≤-/μ≥-/TP≥60,61.19,-5.0,,,60.0,344,286,175,111,61.19,-5.24,-14.01,3.52,-14.996,0.385,13
"[-199,-150]",HR≥55/EDG≥-5.0/CV≤-/μ≥-/TP≥65,57.3,-5.0,,,65.0,109,89,51,38,57.3,-11.62,-27.56,4.33,-10.337,0.308,13
"[-199,-150]",HR≥55/EDG≥-5.0/CV≤-/μ≥0.0/TP≥-,60.7,-5.0,,0.0,,714,598,363,235,60.7,-3.61,-9.84,2.62,-21.591,0.231,13
"[-199,-150]",HR≥55/EDG≥-5.0/CV≤-/μ≥0.0/TP≥50,60.7,-5.0,,0.0,50.0,714,598,363,235,60.7,-3.61,-9.84,2.62,-21.591,0.231,13
"[-199,-150]",HR≥55/EDG≥-5.0/CV≤-/μ≥0.0/TP≥55,60.7,-5.0,,0.0,55.0,714,598,363,235,60.7,-3.61,-9.84,2.62,-21.591,0.231,13
"[-199,-150]",HR≥55/EDG≥-5.0/CV≤-/μ≥0.0/TP≥60,61.19,-5.0,,0.0,60.0,344,286,175,111,61.19,-5.24,-14.01,3.52,-14.996,0.385,13
"[-199,-150]",HR≥55/EDG≥-5.0/CV≤-/μ≥0.0/TP≥65,57.3,-5.0,,0.0,65.0,109,89,51,38,57.3,-11.62,-27.56,4.33,-10.337,0.308,13
"[-199,-150]",HR≥55/EDG≥-5.0/CV≤-/μ≥0.5/TP≥-,60.36,-5.0,,0.5,,658,550,332,218,60.36,-4.25,-10.75,2.24,-23.4,0.231,13
"[-199,-150]",HR≥55/EDG≥-5.0/CV≤-/μ≥0.5/TP≥50,60.36,-5.0,,0.5,50.0,658,550,332,218,60.36,-4.25,-10.75,2.24,-23.4,0.231,13
"[-199,-150]",HR≥55/EDG≥-5.0/CV≤-/μ≥0.5/TP≥55,60.36,-5.0,,0.5,55.0,658,550,332,218,60.36,-4.25,-10.75,2.24,-23.4,0.231,13
"[-199,-150]",HR≥55/EDG≥-5.0/CV≤-/μ≥0.5/TP≥60,60.95,-5.0,,0.5,60.0,329,274,167,107,60.95,-5.63,-14.59,3.34,-15.413,0.385,13
"[-199,-150]",HR≥55/EDG≥-5.0/CV≤-/μ≥0.5/TP≥65,56.82,-5.0,,0.5,65.0,108,88,50,38,56.82,-12.48,-28.52,3.56,-10.983,0.308,13
"[-199,-150]",HR≥55/EDG≥-5.0/CV≤-/μ≥1.0/TP≥-,63.01,-5.0,,1.0,,415,346,218,128,63.01,0.02,-8.08,8.12,0.077,0.462,13
"[-199,-150]",HR≥55/EDG≥-5.0/CV≤-/μ≥1.0/TP≥50,63.01,-5.0,,1.0,50.0,415,346,218,128,63.01,0.02,-8.08,8.12,0.077,0.462,13
"[-199,-150]",HR≥55/EDG≥-5.0/CV≤-/μ≥1.0/TP≥55,63.01,-5.0,,1.0,55.0,415,346,218,128,63.01,0.02,-8.08,8.12,0.077,0.462,13
"[-199,-150]",HR≥55/EDG≥-5.0/CV≤-/μ≥1.0/TP≥60,63.47,-5.0,,1.0,60.0,203,167,106,61,63.47,-1.83,-13.16,9.5,-3.054,0.462,13
"[-199,-150]",HR≥55/EDG≥-5.0/CV≤-/μ≥1.0/TP≥65,59.38,-5.0,,1.0,65.0,75,64,38,26,59.38,-8.46,-27.16,10.25,-5.411,0.364,11
"[-199,-150]",HR≥55/EDG≥0.0/CV≤-/μ≥-/TP≥-,61.79,0.0,,,,636,526,325,201,61.79,-1.76,-8.38,4.85,-9.283,0.385,13
"[-199,-150]",HR≥55/EDG≥0.0/CV≤-/μ≥-/TP≥50,61.79,0.0,,,50.0,636,526,325,201,61.79,-1.76,-8.38,4.85,-9.283,0.385,13
"[-199,-150]",HR≥55/EDG≥0.0/CV≤-/μ≥-/TP≥55,61.79,0.0,,,55.0,636,526,325,201,61.79,-1.76,-8.38,4.85,-9.283,0.385,13
"[-199,-150]",HR≥55/EDG≥0.0/CV≤-/μ≥-/TP≥60,62.9,0.0,,,60.0,304,248,156,92,62.9,-2.48,-11.83,6.86,-6.157,0.538,13
"[-199,-150]",HR≥55/EDG≥0.0/CV≤-/μ≥-/TP≥65,57.3,0.0,,,65.0,109,89,51,38,57.3,-11.62,-27.56,4.33,-10.337,0.308,13
"[-199,-150]",HR≥55/EDG≥0.0/CV≤-/μ≥0.0/TP≥-,61.79,0.0,,0.0,,636,526,325,201,61.79,-1.76,-8.38,4.85,-9.283,0.385,13
"[-199,-150]",HR≥55/EDG≥0.0/CV≤-/μ≥0.0/TP≥50,61.79,0.0,,0.0,50.0,636,526,325,201,61.79,-1.76,-8.38,4.85,-9.283,0.385,13
"[-199,-150]",HR≥55/EDG≥0.0/CV≤-/μ≥0.0/TP≥55,61.79,0.0,,0.0,55.0,636,526,325,201,61.79,-1.76,-8.38,4.85,-9.283,0.385,13
"[-199,-150]",HR≥55/EDG≥0.0/CV≤-/μ≥0.0/TP≥60,62.9,0.0,,0.0,60.0,304,248,156,92,62.9,-2.48,-11.83,6.86,-6.157,0.538,13
"[-199,-150]",HR≥55/EDG≥0.0/CV≤-/μ≥0.0/TP≥65,57.3,0.0,,0.0,65.0,109,89,51,38,57.3,-11.62,-27.56,4.33,-10.337,0.308,13
"[-199,-150]",HR≥55/EDG≥0.0/CV≤-/μ≥0.5/TP≥-,61.31,0.0,,0.5,,607,504,309,195,61.31,-2.6,-9.37,4.17,-13.112,0.385,13
"[-199,-150]",HR≥55/EDG≥0.0/CV≤-/μ≥0.5/TP≥50,61.31,0.0,,0.5,50.0,607,504,309,195,61.31,-2.6,-9.37,4.17,-13.112,0.385,13
"[-199,-150]",HR≥55/EDG≥0.0/CV≤-/μ≥0.5/TP≥55,61.31,0.0,,0.5,55.0,607,504,309,195,61.31,-2.6,-9.37,4.17,-13.112,0.385,13
"[-199,-150]",HR≥55/EDG≥0.0/CV≤-/μ≥0.5/TP≥60,62.55,0.0,,0.5,60.0,296,243,152,91,62.55,-3.05,-12.51,6.41,-7.41,0.462,13
"[-199,-150]",HR≥55/EDG≥0.0/CV≤-/μ≥0.5/TP≥65,56.82,0.0,,0.5,65.0,108,88,50,38,56.82,-12.48,-28.52,3.56,-10.983,0.308,13
"[-199,-150]",HR≥55/EDG≥0.0/CV≤-/μ≥1.0/TP≥-,63.08,0.0,,1.0,,413,344,217,127,63.08,0.16,-7.96,8.28,0.55,0.538,13
"[-199,-150]",HR≥55/EDG≥0.0/CV≤-/μ≥1.0/TP≥50,63.08,0.0,,1.0,50.0,413,344,217,127,63.08,0.16,-7.96,8.28,0.55,0.538,13
"[-199,-150]",HR≥55/EDG≥0.0/CV≤-/μ≥1.0/TP≥55,63.08,0.0,,1.0,55.0,413,344,217,127,63.08,0.16,-7.96,8.28,0.55,0.538,13
"[-199,-150]",HR≥55/EDG≥0.0/CV≤-/μ≥1.0/TP≥60,63.64,0.0,,1.0,60.0,201,165,105,60,63.64,-1.56,-12.96,9.83,-2.581,0.462,13
"[-199,-150]",HR≥55/EDG≥0.0/CV≤-/μ≥1.0/TP≥65,59.38,0.0,,1.0,65.0,75,64,38,26,59.38,-8.46,-27.16,10.25,-5.411,0.364,11
"[-199,-150]",HR≥55/EDG≥5.0/CV≤-/μ≥-/TP≥-,61.54,5.0,,,,517,429,264,165,61.54,-2.17,-9.5,5.17,-9.3,0.462,13
"[-199,-150]",HR≥55/EDG≥5.0/CV≤-/μ≥-/TP≥50,61.54,5.0,,,50.0,517,429,264,165,61.54,-2.17,-9.5,5.17,-9.3,0.462,13
"[-199,-150]",HR≥55/EDG≥5.0/CV≤-/μ≥-/TP≥55,61.54,5.0,,,55.0,517,429,264,165,61.54,-2.17,-9.5,5.17,-9.3,0.462,13
"[-199,-150]",HR≥55/EDG≥5.0/CV≤-/μ≥-/TP≥60,63.5,5.0,,,60.0,243,200,127,73,63.5,-1.62,-11.99,8.74,-3.25,0.385,13
"[-199,-150]",HR≥55/EDG≥5.0/CV≤-/μ≥-/TP≥65,58.11,5.0,,,65.0,89,74,43,31,58.11,-10.26,-27.75,7.23,-7.591,0.545,11
"[-199,-150]",HR≥55/EDG≥5.0/CV≤-/μ≥0.0/TP≥-,61.54,5.0,,0.0,,517,429,264,165,61.54,-2.17,-9.5,5.17,-9.3,0.462,13
"[-199,-150]",HR≥55/EDG≥5.0/CV≤-/μ≥0.0/TP≥50,61.54,5.0,,0.0,50.0,517,429,264,165,61.54,-2.17,-9.5,5.17,-9.3,0.462,13
"[-199,-150]",HR≥55/EDG≥5.0/CV≤-/μ≥0.0/TP≥55,61.54,5.0,,0.0,55.0,517,429,264,165,61.54,-2.17,-9.5,5.17,-9.3,0.462,13
"[-199,-150]",HR≥55/EDG≥5.0/CV≤-/μ≥0.0/TP≥60,63.5,5.0,,0.0,60.0,243,200,127,73,63.5,-1.62,-11.99,8.74,-3.25,0.385,13
"[-199,-150]",HR≥55/EDG≥5.0/CV≤-/μ≥0.0/TP≥65,58.11,5.0,,0.0,65.0,89,74,43,31,58.11,-10.26,-27.75,7.23,-7.591,0.545,11
"[-199,-150]",HR≥55/EDG≥5.0/CV≤-/μ≥0.5/TP≥-,61.34,5.0,,0.5,,506,419,257,162,61.34,-2.54,-9.97,4.88,-10.661,0.462,13
"[-199,-150]",HR≥55/EDG≥5.0/CV≤-/μ≥0.5/TP≥50,61.34,5.0,,0.5,50.0,506,419,257,162,61.34,-2.54,-9.97,4.88,-10.661,0.462,13
"[-199,-150]",HR≥55/EDG≥5.0/CV≤-/μ≥0.5/TP≥55,61.34,5.0,,0.5,55.0,506,419,257,162,61.34,-2.54,-9.97,4.88,-10.661,0.462,13
"[-199,-150]",HR≥55/EDG≥5.0/CV≤-/μ≥0.5/TP≥60,63.45,5.0,,0.5,60.0,240,197,125,72,63.45,-1.74,-12.18,8.71,-3.421,0.385,13
"[-199,-150]",HR≥55/EDG≥5.0/CV≤-/μ≥0.5/TP≥65,57.53,5.0,,0.5,65.0,88,73,42,31,57.53,-11.28,-28.89,6.33,-8.237,0.455,11
"[-199,-150]",HR≥55/EDG≥5.0/CV≤-/μ≥1.0/TP≥-,62.8,5.0,,1.0,,403,336,211,125,62.8,-0.22,-8.46,8.01,-0.746,0.385,13
"[-199,-150]",HR≥55/EDG≥5.0/CV≤-/μ≥1.0/TP≥50,62.8,5.0,,1.0,50.0,403,336,211,125,62.8,-0.22,-8.46,8.01,-0.746,0.385,13
"[-199,-150]",HR≥55/EDG≥5.0/CV≤-/μ≥1.0/TP≥55,62.8,5.0,,1.0,55.0,403,336,211,125,62.8,-0.22,-8.46,8.01,-0.746,0.385,13
"[-199,-150]",HR≥55/EDG≥5.0/CV≤-/μ≥1.0/TP≥60,63.29,5.0,,1.0,60.0,192,158,100,58,63.29,-2.07,-13.74,9.6,-3.271,0.462,13
"[-199,-150]",HR≥55/EDG≥5.0/CV≤-/μ≥1.0/TP≥65,59.32,5.0,,1.0,65.0,69,59,35,24,59.32,-8.51,-28.01,11.0,-5.019,0.455,11
"[-199,-150]",HR≥55/EDG≥10.0/CV≤-/μ≥-/TP≥-,61.54,10.0,,,,427,351,216,135,61.54,-2.18,-10.29,5.94,-7.635,0.462,13
"[-199,-150]",HR≥55/EDG≥10.0/CV≤-/μ≥-/TP≥50,61.54,10.0,,,50.0,427,351,216,135,61.54,-2.18,-10.29,5.94,-7.635,0.462,13
"[-199,-150]",HR≥55/EDG≥10.0/CV≤-/μ≥-/TP≥55,61.54,10.0,,,55.0,427,351,216,135,61.54,-2.18,-10.29,5.94,-7.635,0.462,13
"[-199,-150]",HR≥55/EDG≥10.0/CV≤-/μ≥-/TP≥60,62.96,10.0,,,60.0,198,162,102,60,62.96,-2.53,-14.09,9.02,-4.105,0.462,13
"[-199,-150]",HR≥55/EDG≥10.0/CV≤-/μ≥-/TP≥65,62.07,10.0,,,65.0,72,58,36,22,62.07,-4.28,-23.71,15.15,-2.483,0.545,11
"[-199,-150]",HR≥55/EDG≥10.0/CV≤-/μ≥0.0/TP≥-,61.54,10.0,,0.0,,427,351,216,135,61.54,-2.18,-10.29,5.94,-7.635,0.462,13
"[-199,-150]",HR≥55/EDG≥10.0/CV≤-/μ≥0.0/TP≥50,61.54,10.0,,0.0,50.0,427,351,216,135,61.54,-2.18,-10.29,5.94,-7.635,0.462,13
"[-199,-150]",HR≥55/EDG≥10.0/CV≤-/μ≥0.0/TP≥55,61.54,10.0,,0.0,55.0,427,351,216,135,61.54,-2.18,-10.29,5.94,-7.635,0.462,13
"[-199,-150]",HR≥55/EDG≥10.0/CV≤-/μ≥0.0/TP≥60,62.96,10.0,,0.0,60.0,198,162,102,60,62.96,-2.53,-14.09,9.02,-4.105,0.462,13
"[-199,-150]",HR≥55/EDG≥10.0/CV≤-/μ≥0.0/TP≥65,62.07,10.0,,0.0,65.0,72,58,36,22,62.07,-4.28,-23.71,15.15,-2.483,0.545,11
"[-199,-150]",HR≥55/EDG≥10.0/CV≤-/μ≥0.5/TP≥-,61.49,10.0,,0.5,,423,348,214,134,61.49,-2.26,-10.41,5.89,-7.866,0.538,13
"[-199,-150]",HR≥55/EDG≥10.0/CV≤-/μ≥0.5/TP≥50,61.49,10.0,,0.5,50.0,423,348,214,134,61.49,-2.26,-10.41,5.89,-7.866,0.538,13
"[-199,-150]",HR≥55/EDG≥10.0/CV≤-/μ≥0.5/TP≥55,61.49,10.0,,0.5,55.0,423,348,214,134,61.49,-2.26,-10.41,5.89,-7.866,0.538,13
"[-199,-150]",HR≥55/EDG≥10.0/CV≤-/μ≥0.5/TP≥60,62.96,10.0,,0.5,60.0,198,162,102,60,62.96,-2.53,-14.09,9.02,-4.105,0.462,13
"[-199,-150]",HR≥55/EDG≥10.0/CV≤-/μ≥0.5/TP≥65,62.07,10.0,,0.5,65.0,72,58,36,22,62.07,-4.28,-23.71,15.15,-2.483,0.545,11
"[-199,-150]",HR≥55/EDG≥10.0/CV≤-/μ≥1.0/TP≥-,63.07,10.0,,1.0,,369,306,193,113,63.07,0.27,-8.35,8.89,0.833,0.538,13
"[-199,-150]",HR≥55/EDG≥10.0/CV≤-/μ≥1.0/TP≥50,63.07,10.0,,1.0,50.0,369,306,193,113,63.07,0.27,-8.35,8.89,0.833,0.538,13
"[-199,-150]",HR≥55/EDG≥10.0/CV≤-/μ≥1.0/TP≥55,63.07,10.0,,1.0,55.0,369,306,193,113,63.07,0.27,-8.35,8.89,0.833,0.538,13
"[-199,-150]",HR≥55/EDG≥10.0/CV≤-/μ≥1.0/TP≥60,62.68,10.0,,1.0,60.0,173,142,89,53,62.68,-3.03,-15.39,9.33,-4.301,0.385,13
"[-199,-150]",HR≥55/EDG≥10.0/CV≤-/μ≥1.0/TP≥65,60.78,10.0,,1.0,65.0,61,51,31,20,60.78,-6.3,-27.17,14.57,-3.213,0.5,10
"[-199,-150]",HR≥60/EDG≥-/CV≤-/μ≥-/TP≥-,61.24,,,,,608,516,316,200,61.24,-2.79,-9.48,3.89,-14.411,0.462,13
"[-199,-150]",HR≥60/EDG≥-/CV≤-/μ≥-/TP≥50,61.24,,,,50.0,608,516,316,200,61.24,-2.79,-9.48,3.89,-14.411,0.462,13
"[-199,-150]",HR≥60/EDG≥-/CV≤-/μ≥-/TP≥55,61.28,,,,55.0,606,514,315,199,61.28,-2.71,-9.41,3.99,-13.937,0.462,13
"[-199,-150]",HR≥60/EDG≥-/CV≤-/μ≥-/TP≥60,62.81,,,,60.0,288,242,152,90,62.81,-2.68,-12.14,6.78,-6.491,0.462,13
"[-199,-150]",HR≥60/EDG≥-/CV≤-/μ≥-/TP≥65,60.0,,,,65.0,84,70,42,28,60.0,-7.31,-25.18,10.55,-5.118,0.364,11
"[-199,-150]",HR≥60/EDG≥-/CV≤-/μ≥0.0/TP≥-,61.09,,,0.0,,606,514,314,200,61.09,-3.04,-9.75,3.66,-15.649,0.462,13
"[-199,-150]",HR≥60/EDG≥-/CV≤-/μ≥0.0/TP≥50,61.09,,,0.0,50.0,606,514,314,200,61.09,-3.04,-9.75,3.66,-15.649,0.462,13
"[-199,-150]",HR≥60/EDG≥-/CV≤-/μ≥0.0/TP≥55,61.13,,,0.0,55.0,604,512,313,199,61.13,-2.96,-9.68,3.75,-15.175,0.462,13
"[-199,-150]",HR≥60/EDG≥-/CV≤-/μ≥0.0/TP≥60,62.81,,,0.0,60.0,288,242,152,90,62.81,-2.68,-12.14,6.78,-6.491,0.462,13
"[-199,-150]",HR≥60/EDG≥-/CV≤-/μ≥0.0/TP≥65,60.0,,,0.0,65.0,84,70,42,28,60.0,-7.31,-25.18,10.55,-5.118,0.364,11
"[-199,-150]",HR≥60/EDG≥-/CV≤-/μ≥0.5/TP≥-,60.98,,,0.5,,537,451,275,176,60.98,-3.28,-10.43,3.88,-14.778,0.462,13
"[-199,-150]",HR≥60/EDG≥-/CV≤-/μ≥0.5/TP≥50,60.98,,,0.5,50.0,537,451,275,176,60.98,-3.28,-10.43,3.88,-14.778,0.462,13
"[-199,-150]",HR≥60/EDG≥-/CV≤-/μ≥0.5/TP≥55,60.98,,,0.5,55.0,537,451,275,176,60.98,-3.28,-10.43,3.88,-14.778,0.462,13
"[-199,-150]",HR≥60/EDG≥-/CV≤-/μ≥0.5/TP≥60,62.33,,,0.5,60.0,266,223,139,84,62.33,-3.44,-13.32,6.44,-7.66,0.462,13
"[-199,-150]",HR≥60/EDG≥-/CV≤-/μ≥0.5/TP≥65,59.42,,,0.5,65.0,83,69,41,28,59.42,-8.35,-26.36,9.66,-5.763,0.273,11
"[-199,-150]",HR≥60/EDG≥-/CV≤-/μ≥1.0/TP≥-,65.07,,,1.0,,348,292,190,102,65.07,3.28,-5.43,11.98,9.567,0.615,13
"[-199,-150]",HR≥60/EDG≥-/CV≤-/μ≥1.0/TP≥50,65.07,,,1.0,50.0,348,292,190,102,65.07,3.28,-5.43,11.98,9.567,0.615,13
"[-199,-150]",HR≥60/EDG≥-/CV≤-/μ≥1.0/TP≥55,65.07,,,1.0,55.0,348,292,190,102,65.07,3.28,-5.43,11.98,9.567,0.615,13
"[-199,-150]",HR≥60/EDG≥-/CV≤-/μ≥1.0/TP≥60,66.43,,,1.0,60.0,170,140,93,47,66.43,2.73,-9.42,14.87,3.82,0.538,13
"[-199,-150]",HR≥60/EDG≥-/CV≤-/μ≥1.0/TP≥65,62.96,,,1.0,65.0,62,54,34,20,62.96,-2.89,-22.95,17.17,-1.56,0.455,11
"[-199,-150]",HR≥60/EDG≥-/CV≤0.7/μ≥-/TP≥-,63.33,,0.7,,,36,30,19,11,63.33,-0.12,-27.82,27.57,-0.037,0.5,12
"[-199,-150]",HR≥60/EDG≥-/CV≤0.7/μ≥-/TP≥50,63.33,,0.7,,50.0,36,30,19,11,63.33,-0.12,-27.82,27.57,-0.037,0.5,12
"[-199,-150]",HR≥60/EDG≥-/CV≤0.7/μ≥-/TP≥55,63.33,,0.7,,55.0,36,30,19,11,63.33,-0.12,-27.82,27.57,-0.037,0.5,12
"[-199,-150]",HR≥60/EDG≥-/CV≤0.7/μ≥0.0/TP≥-,63.33,,0.7,0.0,,36,30,19,11,63.33,-0.12,-27.82,27.57,-0.037,0.5,12
"[-199,-150]",HR≥60/EDG≥-/CV≤0.7/μ≥0.0/TP≥50,63.33,,0.7,0.0,50.0,36,30,19,11,63.33,-0.12,-27.82,27.57,-0.037,0.5,12
"[-199,-150]",HR≥60/EDG≥-/CV≤0.7/μ≥0.0/TP≥55,63.33,,0.7,0.0,55.0,36,30,19,11,63.33,-0.12,-27.82,27.57,-0.037,0.5,12
"[-199,-150]",HR≥60/EDG≥-5.0/CV≤-/μ≥-/TP≥-,61.52,-5.0,,,,576,486,299,187,61.52,-2.32,-9.2,4.56,-11.284,0.462,13
"[-199,-150]",HR≥60/EDG≥-5.0/CV≤-/μ≥-/TP≥50,61.52,-5.0,,,50.0,576,486,299,187,61.52,-2.32,-9.2,4.56,-11.284,0.462,13
"[-199,-150]",HR≥60/EDG≥-5.0/CV≤-/μ≥-/TP≥55,61.52,-5.0,,,55.0,576,486,299,187,61.52,-2.32,-9.2,4.56,-11.284,0.462,13
"[-199,-150]",HR≥60/EDG≥-5.0/CV≤-/μ≥-/TP≥60,62.93,-5.0,,,60.0,277,232,146,86,62.93,-2.5,-12.15,7.16,-5.799,0.462,13
"[-199,-150]",HR≥60/EDG≥-5.0/CV≤-/μ≥-/TP≥65,60.0,-5.0,,,65.0,84,70,42,28,60.0,-7.31,-25.18,10.55,-5.118,0.364,11
"[-199,-150]",HR≥60/EDG≥-5.0/CV≤-/μ≥0.0/TP≥-,61.52,-5.0,,0.0,,576,486,299,187,61.52,-2.32,-9.2,4.56,-11.284,0.462,13
"[-199,-150]",HR≥60/EDG≥-5.0/CV≤-/μ≥0.0/TP≥50,61.52,-5.0,,0.0,50.0,576,486,299,187,61.52,-2.32,-9.2,4.56,-11.284,0.462,13
"[-199,-150]",HR≥60/EDG≥-5.0/CV≤-/μ≥0.0/TP≥55,61.52,-5.0,,0.0,55.0,576,486,299,187,61.52,-2.32,-9.2,4.56,-11.284,0.462,13
"[-199,-150]",HR≥60/EDG≥-5.0/CV≤-/μ≥0.0/TP≥60,62.93,-5.0,,0.0,60.0,277,232,146,86,62.93,-2.5,-12.15,7.16,-5.799,0.462,13
"[-199,-150]",HR≥60/EDG≥-5.0/CV≤-/μ≥0.0/TP≥65,60.0,-5.0,,0.0,65.0,84,70,42,28,60.0,-7.31,-25.18,10.55,-5.118,0.364,11
"[-199,-150]",HR≥60/EDG≥-5.0/CV≤-/μ≥0.5/TP≥-,61.02,-5.0,,0.5,,534,449,274,175,61.02,-3.19,-10.37,3.98,-14.334,0.462,13
"[-199,-150]",HR≥60/EDG≥-5.0/CV≤-/μ≥0.5/TP≥50,61.02,-5.0,,0.5,50.0,534,449,274,175,61.02,-3.19,-10.37,3.98,-14.334,0.462,13
"[-199,-150]",HR≥60/EDG≥-5.0/CV≤-/μ≥0.5/TP≥55,61.02,-5.0,,0.5,55.0,534,449,274,175,61.02,-3.19,-10.37,3.98,-14.334,0.462,13
"[-199,-150]",HR≥60/EDG≥-5.0/CV≤-/μ≥0.5/TP≥60,62.16,-5.0,,0.5,60.0,265,222,138,84,62.16,-3.7,-13.61,6.21,-8.216,0.462,13
"[-199,-150]",HR≥60/EDG≥-5.0/CV≤-/μ≥0.5/TP≥65,59.42,-5.0,,0.5,65.0,83,69,41,28,59.42,-8.35,-26.36,9.66,-5.763,0.273,11
"[-199,-150]",HR≥60/EDG≥-5.0/CV≤-/μ≥1.0/TP≥-,65.07,-5.0,,1.0,,348,292,190,102,65.07,3.28,-5.43,11.98,9.567,0.615,13
"[-199,-150]",HR≥60/EDG≥-5.0/CV≤-/μ≥1.0/TP≥50,65.07,-5.0,,1.0,50.0,348,292,190,102,65.07,3.28,-5.43,11.98,9.567,0.615,13
"[-199,-150]",HR≥60/EDG≥-5.0/CV≤-/μ≥1.0/TP≥55,65.07,-5.0,,1.0,55.0,348,292,190,102,65.07,3.28,-5.43,11.98,9.567,0.615,13
"[-199,-150]",HR≥60/EDG≥-5.0/CV≤-/μ≥1.0/TP≥60,66.43,-5.0,,1.0,60.0,170,140,93,47,66.43,2.73,-9.42,14.87,3.82,0.538,13
"[-199,-150]",HR≥60/EDG≥-5.0/CV≤-/μ≥1.0/TP≥65,62.96,-5.0,,1.0,65.0,62,54,34,20,62.96,-2.89,-22.95,17.17,-1.56,0.455,11
"[-199,-150]",HR≥60/EDG≥0.0/CV≤-/μ≥-/TP≥-,63.06,0.0,,,,509,425,268,157,63.06,0.27,-7.04,7.59,1.151,0.615,13
"[-199,-150]",HR≥60/EDG≥0.0/CV≤-/μ≥-/TP≥50,63.06,0.0,,,50.0,509,425,268,157,63.06,0.27,-7.04,7.59,1.151,0.615,13
"[-199,-150]",HR≥60/EDG≥0.0/CV≤-/μ≥-/TP≥55,63.06,0.0,,,55.0,509,425,268,157,63.06,0.27,-7.04,7.59,1.151,0.615,13
"[-199,-150]",HR≥60/EDG≥0.0/CV≤-/μ≥-/TP≥60,65.0,0.0,,,60.0,243,200,130,70,65.0,0.84,-9.45,11.13,1.678,0.538,13
"[-199,-150]",HR≥60/EDG≥0.0/CV≤-/μ≥-/TP≥65,60.0,0.0,,,65.0,84,70,42,28,60.0,-7.31,-25.18,10.55,-5.118,0.364,11
"[-199,-150]",HR≥60/EDG≥0.0/CV≤-/μ≥0.0/TP≥-,63.06,0.0,,0.0,,509,425,268,157,63.06,0.27,-7.04,7.59,1.151,0.615,13
"[-199,-150]",HR≥60/EDG≥0.0/CV≤-/μ≥0.0/TP≥50,63.06,0.0,,0.0,50.0,509,425,268,157,63.06,0.27,-7.04,7.59,1.151,0.615,13
"[-199,-150]",HR≥60/EDG≥0.0/CV≤-/μ≥0.0/TP≥55,63.06,0.0,,0.0,55.0,509,425,268,157,63.06,0.27,-7.04,7.59,1.151,0.615,13
"[-199,-150]",HR≥60/EDG≥0.0/CV≤-/μ≥0.0/TP≥60,65.0,0.0,,0.0,60.0,243,200,130,70,65.0,0.84,-9.45,11.13,1.678,0.538,13
"[-199,-150]",HR≥60/EDG≥0.0/CV≤-/μ≥0.0/TP≥65,60.0,0.0,,0.0,65.0,84,70,42,28,60.0,-7.31,-25.18,10.55,-5.118,0.364,11
"[-199,-150]",HR≥60/EDG≥0.0/CV≤-/μ≥0.5/TP≥-,62.41,0.0,,0.5,,487,407,254,153,62.41,-0.84,-8.33,6.66,-3.409,0.538,13
"[-199,-150]",HR≥60/EDG≥0.0/CV≤-/μ≥0.5/TP≥50,62.41,0.0,,0.5,50.0,487,407,254,153,62.41,-0.84,-8.33,6.66,-3.409,0.538,13
"[-199,-150]",HR≥60/EDG≥0.0/CV≤-/μ≥0.5/TP≥55,62.41,0.0,,0.5,55.0,487,407,254,153,62.41,-0.84,-8.33,6.66,-3.409,0.538,13
"[-199,-150]",HR≥60/EDG≥0.0/CV≤-/μ≥0.5/TP≥60,64.62,0.0,,0.5,60.0,236,195,126,69,64.62,0.22,-10.22,10.66,0.425,0.538,13
"[-199,-150]",HR≥60/EDG≥0.0/CV≤-/μ≥0.5/TP≥65,59.42,0.0,,0.5,65.0,83,69,41,28,59.42,-8.35,-26.36,9.66,-5.763,0.273,11
"[-199,-150]",HR≥60/EDG≥0.0/CV≤-/μ≥1.0/TP≥-,65.17,0.0,,1.0,,346,290,189,101,65.17,3.46,-5.27,12.19,10.04,0.615,13
"[-199,-150]",HR≥60/EDG≥0.0/CV≤-/μ≥1.0/TP≥50,65.17,0.0,,1.0,50.0,346,290,189,101,65.17,3.46,-5.27,12.19,10.04,0.615,13
"[-199,-150]",HR≥60/EDG≥0.0/CV≤-/μ≥1.0/TP≥55,65.17,0.0,,1.0,55.0,346,290,189,101,65.17,3.46,-5.27,12.19,10.04,0.615,13
"[-199,-150]",HR≥60/EDG≥0.0/CV≤-/μ≥1.0/TP≥60,66.67,0.0,,1.0,60.0,168,138,92,46,66.67,3.11,-9.1,15.33,4.294,0.538,13
"[-199,-150]",HR≥60/EDG≥0.0/CV≤-/μ≥1.0/TP≥65,62.96,0.0,,1.0,65.0,62,54,34,20,62.96,-2.89,-22.95,17.17,-1.56,0.455,11
"[-199,-150]",HR≥60/EDG≥5.0/CV≤-/μ≥-/TP≥-,63.25,5.0,,,,418,351,222,129,63.25,0.55,-7.49,8.59,1.92,0.538,13
"[-199,-150]",HR≥60/EDG≥5.0/CV≤-/μ≥-/TP≥50,63.25,5.0,,,50.0,418,351,222,129,63.25,0.55,-7.49,8.59,1.92,0.538,13
"[-199,-150]",HR≥60/EDG≥5.0/CV≤-/μ≥-/TP≥55,63.25,5.0,,,55.0,418,351,222,129,63.25,0.55,-7.49,8.59,1.92,0.538,13
"[-199,-150]",HR≥60/EDG≥5.0/CV≤-/μ≥-/TP≥60,65.85,5.0,,,60.0,197,164,108,56,65.85,2.06,-9.22,13.35,3.386,0.462,13
"[-199,-150]",HR≥60/EDG≥5.0/CV≤-/μ≥-/TP≥65,60.66,5.0,,,65.0,71,61,37,24,60.66,-6.17,-25.3,12.96,-3.764,0.455,11
"[-199,-150]",HR≥60/EDG≥5.0/CV≤-/μ≥0.0/TP≥-,63.25,5.0,,0.0,,418,351,222,129,63.25,0.55,-7.49,8.59,1.92,0.538,13
"[-199,-150]",HR≥60/EDG≥5.0/CV≤-/μ≥0.0/TP≥50,63.25,5.0,,0.0,50.0,418,351,222,129,63.25,0.55,-7.49,8.59,1.92,0.538,13
"[-199,-150]",HR≥60/EDG≥5.0/CV≤-/μ≥0.0/TP≥55,63.25,5.0,,0.0,55.0,418,351,222,129,63.25,0.55,-7.49,8.59,1.92,0.538,13
"[-199,-150]",HR≥60/EDG≥5.0/CV≤-/μ≥0.0/TP≥60,65.85,5.0,,0.0,60.0,197,164,108,56,65.85,2.06,-9.22,13.35,3.386,0.462,13
"[-199,-150]",HR≥60/EDG≥5.0/CV≤-/μ≥0.0/TP≥65,60.66,5.0,,0.0,65.0,71,61,37,24,60.66,-6.17,-25.3,12.96,-3.764,0.455,11
"[-199,-150]",HR≥60/EDG≥5.0/CV≤-/μ≥0.5/TP≥-,62.97,5.0,,0.5,,409,343,216,127,62.97,0.05,-8.09,8.19,0.184,0.538,13
"[-199,-150]",HR≥60/EDG≥5.0/CV≤-/μ≥0.5/TP≥50,62.97,5.0,,0.5,50.0,409,343,216,127,62.97,0.05,-8.09,8.19,0.184,0.538,13
"[-199,-150]",HR≥60/EDG≥5.0/CV≤-/μ≥0.5/TP≥55,62.97,5.0,,0.5,55.0,409,343,216,127,62.97,0.05,-8.09,8.19,0.184,0.538,13
"[-199,-150]",HR≥60/EDG≥5.0/CV≤-/μ≥0.5/TP≥60,65.84,5.0,,0.5,60.0,194,161,106,55,65.84,2.0,-9.39,13.39,3.215,0.462,13
"[-199,-150]",HR≥60/EDG≥5.0/CV≤-/μ≥0.5/TP≥65,60.0,5.0,,0.5,65.0,70,60,36,24,60.0,-7.35,-26.66,11.96,-4.409,0.455,11
"[-199,-150]",HR≥60/EDG≥5.0/CV≤-/μ≥1.0/TP≥-,65.26,5.0,,1.0,,339,285,186,99,65.26,3.67,-5.14,12.48,10.461,0.615,13
"[-199,-150]",HR≥60/EDG≥5.0/CV≤-/μ≥1.0/TP≥50,65.26,5.0,,1.0,50.0,339,285,186,99,65.26,3.67,-5.14,12.48,10.461,0.615,13
"[-199,-150]",HR≥60/EDG≥5.0/CV≤-/μ≥1.0/TP≥55,65.26,5.0,,1.0,55.0,339,285,186,99,65.26,3.67,-5.14,12.48,10.461,0.615,13
"[-199,-150]",HR≥60/EDG≥5.0/CV≤-/μ≥1.0/TP≥60,66.92,5.0,,1.0,60.0,161,133,89,44,66.92,3.54,-8.88,15.97,4.715,0.538,13
"[-199,-150]",HR≥60/EDG≥5.0/CV≤-/μ≥1.0/TP≥65,64.0,5.0,,1.0,65.0,57,50,32,18,64.0,-1.23,-21.97,19.52,-0.613,0.545,11
"[-199,-150]",HR≥60/EDG≥10.0/CV≤-/μ≥-/TP≥-,63.92,10.0,,,,349,291,186,105,63.92,1.63,-7.17,10.43,4.748,0.615,13
"[-199,-150]",HR≥60/EDG≥10.0/CV≤-/μ≥-/TP≥50,63.92,10.0,,,50.0,349,291,186,105,63.92,1.63,-7.17,10.43,4.748,0.615,13
"[-199,-150]",HR≥60/EDG≥10.0/CV≤-/μ≥-/TP≥55,63.92,10.0,,,55.0,349,291,186,105,63.92,1.63,-7.17,10.43,4.748,0.615,13
"[-199,-150]",HR≥60/EDG≥10.0/CV≤-/μ≥-/TP≥60,66.17,10.0,,,60.0,161,133,88,45,66.17,2.47,-10.04,14.98,3.288,0.538,13
"[-199,-150]",HR≥60/EDG≥10.0/CV≤-/μ≥-/TP≥65,66.67,10.0,,,65.0,57,48,32,16,66.67,2.91,-17.9,23.73,1.397,0.545,11
"[-199,-150]",HR≥60/EDG≥10.0/CV≤-/μ≥0.0/TP≥-,63.92,10.0,,0.0,,349,291,186,105,63.92,1.63,-7.17,10.43,4.748,0.615,13
"[-199,-150]",HR≥60/EDG≥10.0/CV≤-/μ≥0.0/TP≥50,63.92,10.0,,0.0,50.0,349,291,186,105,63.92,1.63,-7.17,10.43,4.748,0.615,13
"[-199,-150]",HR≥60/EDG≥10.0/CV≤-/μ≥0.0/TP≥55,63.92,10.0,,0.0,55.0,349,291,186,105,63.92,1.63,-7.17,10.43,4.748,0.615,13
"[-199,-150]",HR≥60/EDG≥10.0/CV≤-/μ≥0.0/TP≥60,66.17,10.0,,0.0,60.0,161,133,88,45,66.17,2.47,-10.04,14.98,3.288,0.538,13
"[-199,-150]",HR≥60/EDG≥10.0/CV≤-/μ≥0.0/TP≥65,66.67,10.0,,0.0,65.0,57,48,32,16,66.67,2.91,-17.9,23.73,1.397,0.545,11
"[-199,-150]",HR≥60/EDG≥10.0/CV≤-/μ≥0.5/TP≥-,63.67,10.0,,0.5,,346,289,184,105,63.67,1.22,-7.62,10.06,3.517,0.615,13
"[-199,-150]",HR≥60/EDG≥10.0/CV≤-/μ≥0.5/TP≥50,63.67,10.0,,0.5,50.0,346,289,184,105,63.67,1.22,-7.62,10.06,3.517,0.615,13
"[-199,-150]",HR≥60/EDG≥10.0/CV≤-/μ≥0.5/TP≥55,63.67,10.0,,0.5,55.0,346,289,184,105,63.67,1.22,-7.62,10.06,3.517,0.615,13
"[-199,-150]",HR≥60/EDG≥10.0/CV≤-/μ≥0.5/TP≥60,66.17,10.0,,0.5,60.0,161,133,88,45,66.17,2.47,-10.04,14.98,3.288,0.538,13
"[-199,-150]",HR≥60/EDG≥10.0/CV≤-/μ≥0.5/TP≥65,66.67,10.0,,0.5,65.0,57,48,32,16,66.67,2.91,-17.9,23.73,1.397,0.545,11
"[-199,-150]",HR≥60/EDG≥10.0/CV≤-/μ≥1.0/TP≥-,65.38,10.0,,1.0,,310,260,170,90,65.38,3.93,-5.29,13.15,10.212,0.769,13
"[-199,-150]",HR≥60/EDG≥10.0/CV≤-/μ≥1.0/TP≥50,65.38,10.0,,1.0,50.0,310,260,170,90,65.38,3.93,-5.29,13.15,10.212,0.769,13
"[-199,-150]",HR≥60/EDG≥10.0/CV≤-/μ≥1.0/TP≥55,65.38,10.0,,1.0,55.0,310,260,170,90,65.38,3.93,-5.29,13.15,10.212,0.769,13
"[-199,-150]",HR≥60/EDG≥10.0/CV≤-/μ≥1.0/TP≥60,66.39,10.0,,1.0,60.0,144,119,79,40,66.39,2.7,-10.49,15.89,3.211,0.462,13
"[-199,-150]",HR≥60/EDG≥10.0/CV≤-/μ≥1.0/TP≥65,67.44,10.0,,1.0,65.0,50,43,29,14,67.44,4.0,-17.86,25.86,1.72,0.6,10
"[-199,-150]",HR≥65/EDG≥-/CV≤-/μ≥-/TP≥-,61.6,,,,,442,375,231,144,61.6,-2.25,-10.08,5.58,-8.431,0.385,13
"[-199,-150]",HR≥65/EDG≥-/CV≤-/μ≥-/TP≥50,61.6,,,,50.0,442,375,231,144,61.6,-2.25,-10.08,5.58,-8.431,0.385,13
"[-199,-150]",HR≥65/EDG≥-/CV≤-/μ≥-/TP≥55,61.66,,,,55.0,440,373,230,143,61.66,-2.13,-9.98,5.72,-7.957,0.385,13
"[-199,-150]",HR≥65/EDG≥-/CV≤-/μ≥-/TP≥60,63.69,,,,60.0,217,179,114,65,63.69,-1.28,-12.24,9.67,-2.295,0.385,13
"[-199,-150]",HR≥65/EDG≥-/CV≤-/μ≥-/TP≥65,63.46,,,,65.0,64,52,33,19,63.46,-1.87,-22.32,18.57,-0.974,0.545,11
"[-199,-150]",HR≥65/EDG≥-/CV≤-/μ≥0.0/TP≥-,61.5,,,0.0,,441,374,230,144,61.5,-2.43,-10.28,5.41,-9.097,0.385,13
"[-199,-150]",HR≥65/EDG≥-/CV≤-/μ≥0.0/TP≥50,61.5,,,0.0,50.0,441,374,230,144,61.5,-2.43,-10.28,5.41,-9.097,0.385,13
"[-199,-150]",HR≥65/EDG≥-/CV≤-/μ≥0.0/TP≥55,61.56,,,0.0,55.0,439,372,229,143,61.56,-2.32,-10.18,5.55,-8.624,0.385,13
"[-199,-150]",HR≥65/EDG≥-/CV≤-/μ≥0.0/TP≥60,63.69,,,0.0,60.0,217,179,114,65,63.69,-1.28,-12.24,9.67,-2.295,0.385,13
"[-199,-150]",HR≥65/EDG≥-/CV≤-/μ≥0.0/TP≥65,63.46,,,0.0,65.0,64,52,33,19,63.46,-1.87,-22.32,18.57,-0.974,0.545,11
"[-199,-150]",HR≥65/EDG≥-/CV≤-/μ≥0.5/TP≥-,61.0,,,0.5,,404,341,208,133,61.0,-3.18,-11.42,5.06,-10.843,0.385,13
"[-199,-150]",HR≥65/EDG≥-/CV≤-/μ≥0.5/TP≥50,61.0,,,0.5,50.0,404,341,208,133,61.0,-3.18,-11.42,5.06,-10.843,0.385,13
"[-199,-150]",HR≥65/EDG≥-/CV≤-/μ≥0.5/TP≥55,61.0,,,0.5,55.0,404,341,208,133,61.0,-3.18,-11.42,5.06,-10.843,0.385,13
"[-199,-150]",HR≥65/EDG≥-/CV≤-/μ≥0.5/TP≥60,62.87,,,0.5,60.0,202,167,105,62,62.87,-2.53,-13.93,8.87,-4.224,0.462,13
"[-199,-150]",HR≥65/EDG≥-/CV≤-/μ≥0.5/TP≥65,62.75,,,0.5,65.0,63,51,32,19,62.75,-3.17,-23.86,17.51,-1.619,0.455,11
"[-199,-150]",HR≥65/EDG≥-/CV≤-/μ≥1.0/TP≥-,62.61,,,1.0,,275,230,144,86,62.61,-0.54,-10.5,9.43,-1.236,0.462,13
"[-199,-150]",HR≥65/EDG≥-/CV≤-/μ≥1.0/TP≥50,62.61,,,1.0,50.0,275,230,144,86,62.61,-0.54,-10.5,9.43,-1.236,0.462,13
"[-199,-150]",HR≥65/EDG≥-/CV≤-/μ≥1.0/TP≥55,62.61,,,1.0,55.0,275,230,144,86,62.61,-0.54,-10.5,9.43,-1.236,0.462,13
"[-199,-150]",HR≥65/EDG≥-/CV≤-/μ≥1.0/TP≥60,63.06,,,1.0,60.0,137,111,70,41,63.06,-2.41,-16.37,11.56,-2.673,0.385,13
"[-199,-150]",HR≥65/EDG≥-/CV≤-/μ≥1.0/TP≥65,59.52,,,1.0,65.0,50,42,25,17,59.52,-8.13,-31.33,15.06,-3.416,0.5,10
"[-199,-150]",HR≥65/EDG≥-5.0/CV≤-/μ≥-/TP≥-,62.22,-5.0,,,,426,360,224,136,62.22,-1.23,-9.2,6.74,-4.417,0.462,13
"[-199,-150]",HR≥65/EDG≥-5.0/CV≤-/μ≥-/TP≥50,62.22,-5.0,,,50.0,426,360,224,136,62.22,-1.23,-9.2,6.74,-4.417,0.462,13
"[-199,-150]",HR≥65/EDG≥-5.0/CV≤-/μ≥-/TP≥55,62.22,-5.0,,,55.0,426,360,224,136,62.22,-1.23,-9.2,6.74,-4.417,0.462,13
"[-199,-150]",HR≥65/EDG≥-5.0/CV≤-/μ≥-/TP≥60,64.0,-5.0,,,60.0,212,175,112,63,64.0,-0.78,-11.84,10.29,-1.362,0.462,13
"[-199,-150]",HR≥65/EDG≥-5.0/CV≤-/μ≥-/TP≥65,63.46,-5.0,,,65.0,64,52,33,19,63.46,-1.87,-22.32,18.57,-0.974,0.545,11
"[-199,-150]",HR≥65/EDG≥-5.0/CV≤-/μ≥0.0/TP≥-,62.22,-5.0,,0.0,,426,360,224,136,62.22,-1.23,-9.2,6.74,-4.417,0.462,13
"[-199,-150]",HR≥65/EDG≥-5.0/CV≤-/μ≥0.0/TP≥50,62.22,-5.0,,0.0,50.0,426,360,224,136,62.22,-1.23,-9.2,6.74,-4.417,0.462,13
"[-199,-150]",HR≥65/EDG≥-5.0/CV≤-/μ≥0.0/TP≥55,62.22,-5.0,,0.0,55.0,426,360,224,136,62.22,-1.23,-9.2,6.74,-4.417,0.462,13
"[-199,-150]",HR≥65/EDG≥-5.0/CV≤-/μ≥0.0/TP≥60,64.0,-5.0,,0.0,60.0,212,175,112,63,64.0,-0.78,-11.84,10.29,-1.362,0.462,13
"[-199,-150]",HR≥65/EDG≥-5.0/CV≤-/μ≥0.0/TP≥65,63.46,-5.0,,0.0,65.0,64,52,33,19,63.46,-1.87,-22.32,18.57,-0.974,0.545,11
"[-199,-150]",HR≥65/EDG≥-5.0/CV≤-/μ≥0.5/TP≥-,61.18,-5.0,,0.5,,403,340,208,132,61.18,-2.89,-11.14,5.35,-9.843,0.385,13
"[-199,-150]",HR≥65/EDG≥-5.0/CV≤-/μ≥0.5/TP≥50,61.18,-5.0,,0.5,50.0,403,340,208,132,61.18,-2.89,-11.14,5.35,-9.843,0.385,13
"[-199,-150]",HR≥65/EDG≥-5.0/CV≤-/μ≥0.5/TP≥55,61.18,-5.0,,0.5,55.0,403,340,208,132,61.18,-2.89,-11.14,5.35,-9.843,0.385,13
"[-199,-150]",HR≥65/EDG≥-5.0/CV≤-/μ≥0.5/TP≥60,62.87,-5.0,,0.5,60.0,202,167,105,62,62.87,-2.53,-13.93,8.87,-4.224,0.462,13
"[-199,-150]",HR≥65/EDG≥-5.0/CV≤-/μ≥0.5/TP≥65,62.75,-5.0,,0.5,65.0,63,51,32,19,62.75,-3.17,-23.86,17.51,-1.619,0.455,11
"[-199,-150]",HR≥65/EDG≥-5.0/CV≤-/μ≥1.0/TP≥-,62.61,-5.0,,1.0,,275,230,144,86,62.61,-0.54,-10.5,9.43,-1.236,0.462,13
"[-199,-150]",HR≥65/EDG≥-5.0/CV≤-/μ≥1.0/TP≥50,62.61,-5.0,,1.0,50.0,275,230,144,86,62.61,-0.54,-10.5,9.43,-1.236,0.462,13
"[-199,-150]",HR≥65/EDG≥-5.0/CV≤-/μ≥1.0/TP≥55,62.61,-5.0,,1.0,55.0,275,230,144,86,62.61,-0.54,-10.5,9.43,-1.236,0.462,13
"[-199,-150]",HR≥65/EDG≥-5.0/CV≤-/μ≥1.0/TP≥60,63.06,-5.0,,1.0,60.0,137,111,70,41,63.06,-2.41,-16.37,11.56,-2.673,0.385,13
"[-199,-150]",HR≥65/EDG≥-5.0/CV≤-/μ≥1.0/TP≥65,59.52,-5.0,,1.0,65.0,50,42,25,17,59.52,-8.13,-31.33,15.06,-3.416,0.5,10
"[-199,-150]",HR≥65/EDG≥0.0/CV≤-/μ≥-/TP≥-,63.16,0.0,,,,385,323,204,119,63.16,0.43,-7.95,8.82,1.403,0.462,13
"[-199,-150]",HR≥65/EDG≥0.0/CV≤-/μ≥-/TP≥50,63.16,0.0,,,50.0,385,323,204,119,63.16,0.43,-7.95,8.82,1.403,0.462,13
"[-199,-150]",HR≥65/EDG≥0.0/CV≤-/μ≥-/TP≥55,63.16,0.0,,,55.0,385,323,204,119,63.16,0.43,-7.95,8.82,1.403,0.462,13
"[-199,-150]",HR≥65/EDG≥0.0/CV≤-/μ≥-/TP≥60,66.01,0.0,,,60.0,188,153,101,52,66.01,2.5,-9.2,14.2,3.819,0.462,13
"[-199,-150]",HR≥65/EDG≥0.0/CV≤-/μ≥-/TP≥65,63.46,0.0,,,65.0,64,52,33,19,63.46,-1.87,-22.32,18.57,-0.974,0.545,11
"[-199,-150]",HR≥65/EDG≥0.0/CV≤-/μ≥0.0/TP≥-,63.16,0.0,,0.0,,385,323,204,119,63.16,0.43,-7.95,8.82,1.403,0.462,13
"[-199,-150]",HR≥65/EDG≥0.0/CV≤-/μ≥0.0/TP≥50,63.16,0.0,,0.0,50.0,385,323,204,119,63.16,0.43,-7.95,8.82,1.403,0.462,13
"[-199,-150]",HR≥65/EDG≥0.0/CV≤-/μ≥0.0/TP≥55,63.16,0.0,,0.0,55.0,385,323,204,119,63.16,0.43,-7.95,8.82,1.403,0.462,13
"[-199,-150]",HR≥65/EDG≥0.0/CV≤-/μ≥0.0/TP≥60,66.01,0.0,,0.0,60.0,188,153,101,52,66.01,2.5,-9.2,14.2,3.819,0.462,13
"[-199,-150]",HR≥65/EDG≥0.0/CV≤-/μ≥0.0/TP≥65,63.46,0.0,,0.0,65.0,64,52,33,19,63.46,-1.87,-22.32,18.57,-0.974,0.545,11
"[-199,-150]",HR≥65/EDG≥0.0/CV≤-/μ≥0.5/TP≥-,62.38,0.0,,0.5,,371,311,194,117,62.38,-0.83,-9.42,7.75,-2.592,0.462,13
"[-199,-150]",HR≥65/EDG≥0.0/CV≤-/μ≥0.5/TP≥50,62.38,0.0,,0.5,50.0,371,311,194,117,62.38,-0.83,-9.42,7.75,-2.592,0.462,13
"[-199,-150]",HR≥65/EDG≥0.0/CV≤-/μ≥0.5/TP≥55,62.38,0.0,,0.5,55.0,371,311,194,117,62.38,-0.83,-9.42,7.75,-2.592,0.462,13
"[-199,-150]",HR≥65/EDG≥0.0/CV≤-/μ≥0.5/TP≥60,65.54,0.0,,0.5,60.0,181,148,97,51,65.54,1.73,-10.2,13.67,2.566,0.462,13
"[-199,-150]",HR≥65/EDG≥0.0/CV≤-/μ≥0.5/TP≥65,62.75,0.0,,0.5,65.0,63,51,32,19,62.75,-3.17,-23.86,17.51,-1.619,0.455,11
"[-199,-150]",HR≥65/EDG≥0.0/CV≤-/μ≥1.0/TP≥-,62.72,0.0,,1.0,,273,228,143,85,62.72,-0.33,-10.34,9.67,-0.762,0.462,13
"[-199,-150]",HR≥65/EDG≥0.0/CV≤-/μ≥1.0/TP≥50,62.72,0.0,,1.0,50.0,273,228,143,85,62.72,-0.33,-10.34,9.67,-0.762,0.462,13
"[-199,-150]",HR≥65/EDG≥0.0/CV≤-/μ≥1.0/TP≥55,62.72,0.0,,1.0,55.0,273,228,143,85,62.72,-0.33,-10.34,9.67,-0.762,0.462,13
"[-199,-150]",HR≥65/EDG≥0.0/CV≤-/μ≥1.0/TP≥60,63.3,0.0,,1.0,60.0,135,109,69,40,63.3,-2.02,-16.09,12.06,-2.2,0.462,13
"[-199,-150]",HR≥65/EDG≥0.0/CV≤-/μ≥1.0/TP≥65,59.52,0.0,,1.0,65.0,50,42,25,17,59.52,-8.13,-31.33,15.06,-3.416,0.5,10
"[-199,-150]",HR≥65/EDG≥5.0/CV≤-/μ≥-/TP≥-,62.5,5.0,,,,323,272,170,102,62.5,-0.58,-9.76,8.6,-1.587,0.462,13
"[-199,-150]",HR≥65/EDG≥5.0/CV≤-/μ≥-/TP≥50,62.5,5.0,,,50.0,323,272,170,102,62.5,-0.58,-9.76,8.6,-1.587,0.462,13
"[-199,-150]",HR≥65/EDG≥5.0/CV≤-/μ≥-/TP≥55,62.5,5.0,,,55.0,323,272,170,102,62.5,-0.58,-9.76,8.6,-1.587,0.462,13
"[-199,-150]",HR≥65/EDG≥5.0/CV≤-/μ≥-/TP≥60,64.84,5.0,,,60.0,156,128,83,45,64.84,0.62,-12.27,13.51,0.792,0.462,13
"[-199,-150]",HR≥65/EDG≥5.0/CV≤-/μ≥-/TP≥65,61.7,5.0,,,65.0,56,47,29,18,61.7,-4.45,-26.22,17.31,-2.094,0.545,11
"[-199,-150]",HR≥65/EDG≥5.0/CV≤-/μ≥0.0/TP≥-,62.5,5.0,,0.0,,323,272,170,102,62.5,-0.58,-9.76,8.6,-1.587,0.462,13
"[-199,-150]",HR≥65/EDG≥5.0/CV≤-/μ≥0.0/TP≥50,62.5,5.0,,0.0,50.0,323,272,170,102,62.5,-0.58,-9.76,8.6,-1.587,0.462,13
"[-199,-150]",HR≥65/EDG≥5.0/CV≤-/μ≥0.0/TP≥55,62.5,5.0,,0.0,55.0,323,272,170,102,62.5,-0.58,-9.76,8.6,-1.587,0.462,13
"[-199,-150]",HR≥65/EDG≥5.0/CV≤-/μ≥0.0/TP≥60,64.84,5.0,,0.0,60.0,156,128,83,45,64.84,0.62,-12.27,13.51,0.792,0.462,13
"[-199,-150]",HR≥65/EDG≥5.0/CV≤-/μ≥0.0/TP≥65,61.7,5.0,,0.0,65.0,56,47,29,18,61.7,-4.45,-26.22,17.31,-2.094,0.545,11
"[-199,-150]",HR≥65/EDG≥5.0/CV≤-/μ≥0.5/TP≥-,62.26,5.0,,0.5,,316,265,165,100,62.26,-1.0,-10.31,8.31,-2.656,0.462,13
"[-199,-150]",HR≥65/EDG≥5.0/CV≤-/μ≥0.5/TP≥50,62.26,5.0,,0.5,50.0,316,265,165,100,62.26,-1.0,-10.31,8.31,-2.656,0.462,13
"[-199,-150]",HR≥65/EDG≥5.0/CV≤-/μ≥0.5/TP≥55,62.26,5.0,,0.5,55.0,316,265,165,100,62.26,-1.0,-10.31,8.31,-2.656,0.462,13
"[-199,-150]",HR≥65/EDG≥5.0/CV≤-/μ≥0.5/TP≥60,64.8,5.0,,0.5,60.0,153,125,81,44,64.8,0.5,-12.55,13.54,0.62,0.462,13
"[-199,-150]",HR≥65/EDG≥5.0/CV≤-/μ≥0.5/TP≥65,60.87,5.0,,0.5,65.0,55,46,28,18,60.87,-5.95,-27.99,16.09,-2.739,0.545,11
"[-199,-150]",HR≥65/EDG≥5.0/CV≤-/μ≥1.0/TP≥-,62.67,5.0,,1.0,,269,225,141,84,62.67,-0.36,-10.45,9.72,-0.815,0.462,13
"[-199,-150]",HR≥65/EDG≥5.0/CV≤-/μ≥1.0/TP≥50,62.67,5.0,,1.0,50.0,269,225,141,84,62.67,-0.36,-10.45,9.72,-0.815,0.462,13
"[-199,-150]",HR≥65/EDG≥5.0/CV≤-/μ≥1.0/TP≥55,62.67,5.0,,1.0,55.0,269,225,141,84,62.67,-0.36,-10.45,9.72,-0.815,0.462,13
"[-199,-150]",HR≥65/EDG≥5.0/CV≤-/μ≥1.0/TP≥60,63.21,5.0,,1.0,60.0,131,106,67,39,63.21,-2.12,-16.41,12.16,-2.252,0.385,13
"[-199,-150]",HR≥65/EDG≥5.0/CV≤-/μ≥1.0/TP≥65,60.0,5.0,,1.0,65.0,47,40,24,16,60.0,-7.36,-31.11,16.39,-2.943,0.5,10
"[-199,-150]",HR≥65/EDG≥10.0/CV≤-/μ≥-/TP≥-,62.5,10.0,,,,279,232,145,87,62.5,-0.57,-10.51,9.38,-1.315,0.538,13
"[-199,-150]",HR≥65/EDG≥10.0/CV≤-/μ≥-/TP≥50,62.5,10.0,,,50.0,279,232,145,87,62.5,-0.57,-10.51,9.38,-1.315,0.538,13
"[-199,-150]",HR≥65/EDG≥10.0/CV≤-/μ≥-/TP≥55,62.5,10.0,,,55.0,279,232,145,87,62.5,-0.57,-10.51,9.38,-1.315,0.538,13
"[-199,-150]",HR≥65/EDG≥10.0/CV≤-/μ≥-/TP≥60,63.89,10.0,,,60.0,134,108,69,39,63.89,-0.92,-15.05,13.2,-0.998,0.462,13
"[-199,-150]",HR≥65/EDG≥10.0/CV≤-/μ≥-/TP≥65,66.67,10.0,,,65.0,48,39,26,13,66.67,3.06,-20.12,26.25,1.194,0.545,11
"[-199,-150]",HR≥65/EDG≥10.0/CV≤-/μ≥0.0/TP≥-,62.5,10.0,,0.0,,279,232,145,87,62.5,-0.57,-10.51,9.38,-1.315,0.538,13
"[-199,-150]",HR≥65/EDG≥10.0/CV≤-/μ≥0.0/TP≥50,62.5,10.0,,0.0,50.0,279,232,145,87,62.5,-0.57,-10.51,9.38,-1.315,0.538,13
"[-199,-150]",HR≥65/EDG≥10.0/CV≤-/μ≥0.0/TP≥55,62.5,10.0,,0.0,55.0,279,232,145,87,62.5,-0.57,-10.51,9.38,-1.315,0.538,13
"[-199,-150]",HR≥65/EDG≥10.0/CV≤-/μ≥0.0/TP≥60,63.89,10.0,,0.0,60.0,134,108,69,39,63.89,-0.92,-15.05,13.2,-0.998,0.462,13
"[-199,-150]",HR≥65/EDG≥10.0/CV≤-/μ≥0.0/TP≥65,66.67,10.0,,0.0,65.0,48,39,26,13,66.67,3.06,-20.12,26.25,1.194,0.545,11
"[-199,-150]",HR≥65/EDG≥10.0/CV≤-/μ≥0.5/TP≥-,62.17,10.0,,0.5,,277,230,143,87,62.17,-1.11,-11.11,8.9,-2.546,0.538,13
"[-199,-150]",HR≥65/EDG≥10.0/CV≤-/μ≥0.5/TP≥50,62.17,10.0,,0.5,50.0,277,230,143,87,62.17,-1.11,-11.11,8.9,-2.546,0.538,13
"[-199,-150]",HR≥65/EDG≥10.0/CV≤-/μ≥0.5/TP≥55,62.17,10.0,,0.5,55.0,277,230,143,87,62.17,-1.11,-11.11,8.9,-2.546,0.538,13
"[-199,-150]",HR≥65/EDG≥10.0/CV≤-/μ≥0.5/TP≥60,63.89,10.0,,0.5,60.0,134,108,69,39,63.89,-0.92,-15.05,13.2,-0.998,0.462,13
"[-199,-150]",HR≥65/EDG≥10.0/CV≤-/μ≥0.5/TP≥65,66.67,10.0,,0.5,65.0,48,39,26,13,66.67,3.06,-20.12,26.25,1.194,0.545,11
"[-199,-150]",HR≥65/EDG≥10.0/CV≤-/μ≥1.0/TP≥-,63.46,10.0,,1.0,,249,208,132,76,63.46,0.95,-9.5,11.4,1.973,0.538,13
"[-199,-150]",HR≥65/EDG≥10.0/CV≤-/μ≥1.0/TP≥50,63.46,10.0,,1.0,50.0,249,208,132,76,63.46,0.95,-9.5,11.4,1.973,0.538,13
"[-199,-150]",HR≥65/EDG≥10.0/CV≤-/μ≥1.0/TP≥55,63.46,10.0,,1.0,55.0,249,208,132,76,63.46,0.95,-9.5,11.4,1.973,0.538,13
"[-199,-150]",HR≥65/EDG≥10.0/CV≤-/μ≥1.0/TP≥60,63.54,10.0,,1.0,60.0,119,96,61,35,63.54,-1.63,-16.62,13.36,-1.563,0.385,13
"[-199,-150]",HR≥65/EDG≥10.0/CV≤-/μ≥1.0/TP≥65,65.71,10.0,,1.0,65.0,42,35,23,12,65.71,1.48,-23.17,26.12,0.517,0.6,10
"[-199,-150]",HR≥70/EDG≥-/CV≤-/μ≥-/TP≥-,62.66,,,,,273,233,146,87,62.66,-0.79,-10.66,9.08,-1.837,0.692,13
"[-199,-150]",HR≥70/EDG≥-/CV≤-/μ≥-/TP≥50,62.66,,,,50.0,273,233,146,87,62.66,-0.79,-10.66,9.08,-1.837,0.692,13
"[-199,-150]",HR≥70/EDG≥-/CV≤-/μ≥-/TP≥55,62.77,,,,55.0,271,231,145,86,62.77,-0.59,-10.5,9.32,-1.363,0.692,13
"[-199,-150]",HR≥70/EDG≥-/CV≤-/μ≥-/TP≥60,65.29,,,,60.0,142,121,79,42,65.29,1.01,-12.17,14.19,1.221,0.5,12
"[-199,-150]",HR≥70/EDG≥-/CV≤-/μ≥-/TP≥65,64.71,,,,65.0,43,34,22,12,64.71,-0.58,-25.64,24.48,-0.196,0.5,10
"[-199,-150]",HR≥70/EDG≥-/CV≤-/μ≥0.0/TP≥-,62.66,,,0.0,,273,233,146,87,62.66,-0.79,-10.66,9.08,-1.837,0.692,13
"[-199,-150]",HR≥70/EDG≥-/CV≤-/μ≥0.0/TP≥50,62.66,,,0.0,50.0,273,233,146,87,62.66,-0.79,-10.66,9.08,-1.837,0.692,13
"[-199,-150]",HR≥70/EDG≥-/CV≤-/μ≥0.0/TP≥55,62.77,,,0.0,55.0,271,231,145,86,62.77,-0.59,-10.5,9.32,-1.363,0.692,13
"[-199,-150]",HR≥70/EDG≥-/CV≤-/μ≥0.0/TP≥60,65.29,,,0.0,60.0,142,121,79,42,65.29,1.01,-12.17,14.19,1.221,0.5,12
"[-199,-150]",HR≥70/EDG≥-/CV≤-/μ≥0.0/TP≥65,64.71,,,0.0,65.0,43,34,22,12,64.71,-0.58,-25.64,24.48,-0.196,0.5,10
"[-199,-150]",HR≥70/EDG≥-/CV≤-/μ≥0.5/TP≥-,62.96,,,0.5,,255,216,136,80,62.96,-0.32,-10.55,9.91,-0.691,0.692,13
"[-199,-150]",HR≥70/EDG≥-/CV≤-/μ≥0.5/TP≥50,62.96,,,0.5,50.0,255,216,136,80,62.96,-0.32,-10.55,9.91,-0.691,0.692,13
"[-199,-150]",HR≥70/EDG≥-/CV≤-/μ≥0.5/TP≥55,62.96,,,0.5,55.0,255,216,136,80,62.96,-0.32,-10.55,9.91,-0.691,0.692,13
"[-199,-150]",HR≥70/EDG≥-/CV≤-/μ≥0.5/TP≥60,65.52,,,0.5,60.0,136,116,76,40,65.52,1.39,-12.06,14.84,1.613,0.5,12
"[-199,-150]",HR≥70/EDG≥-/CV≤-/μ≥0.5/TP≥65,64.71,,,0.5,65.0,43,34,22,12,64.71,-0.58,-25.64,24.48,-0.196,0.5,10
"[-199,-150]",HR≥70/EDG≥-/CV≤-/μ≥1.0/TP≥-,63.51,,,1.0,,176,148,94,54,63.51,0.69,-11.66,13.05,1.024,0.5,12
"[-199,-150]",HR≥70/EDG≥-/CV≤-/μ≥1.0/TP≥50,63.51,,,1.0,50.0,176,148,94,54,63.51,0.69,-11.66,13.05,1.024,0.5,12
"[-199,-150]",HR≥70/EDG≥-/CV≤-/μ≥1.0/TP≥55,63.51,,,1.0,55.0,176,148,94,54,63.51,0.69,-11.66,13.05,1.024,0.5,12
"[-199,-150]",HR≥70/EDG≥-/CV≤-/μ≥1.0/TP≥60,64.1,,,1.0,60.0,94,78,50,28,64.1,-0.88,-17.45,15.7,-0.685,0.417,12
"[-199,-150]",HR≥70/EDG≥-5.0/CV≤-/μ≥-/TP≥-,63.44,-5.0,,,,267,227,144,83,63.44,0.44,-9.52,10.39,0.992,0.692,13
"[-199,-150]",HR≥70/EDG≥-5.0/CV≤-/μ≥-/TP≥50,63.44,-5.0,,,50.0,267,227,144,83,63.44,0.44,-9.52,10.39,0.992,0.692,13
"[-199,-150]",HR≥70/EDG≥-5.0/CV≤-/μ≥-/TP≥55,63.44,-5.0,,,55.0,267,227,144,83,63.44,0.44,-9.52,10.39,0.992,0.692,13
"[-199,-150]",HR≥70/EDG≥-5.0/CV≤-/μ≥-/TP≥60,65.83,-5.0,,,60.0,141,120,79,41,65.83,1.85,-11.34,15.04,2.221,0.5,12
"[-199,-150]",HR≥70/EDG≥-5.0/CV≤-/μ≥-/TP≥65,64.71,-5.0,,,65.0,43,34,22,12,64.71,-0.58,-25.64,24.48,-0.196,0.5,10
"[-199,-150]",HR≥70/EDG≥-5.0/CV≤-/μ≥0.0/TP≥-,63.44,-5.0,,0.0,,267,227,144,83,63.44,0.44,-9.52,10.39,0.992,0.692,13
"[-199,-150]",HR≥70/EDG≥-5.0/CV≤-/μ≥0.0/TP≥50,63.44,-5.0,,0.0,50.0,267,227,144,83,63.44,0.44,-9.52,10.39,0.992,0.692,13
"[-199,-150]",HR≥70/EDG≥-5.0/CV≤-/μ≥0.0/TP≥55,63.44,-5.0,,0.0,55.0,267,227,144,83,63.44,0.44,-9.52,10.39,0.992,0.692,13
"[-199,-150]",HR≥70/EDG≥-5.0/CV≤-/μ≥0.0/TP≥60,65.83,-5.0,,0.0,60.0,141,120,79,41,65.83,1.85,-11.34,15.04,2.221,0.5,12
"[-199,-150]",HR≥70/EDG≥-5.0/CV≤-/μ≥0.0/TP≥65,64.71,-5.0,,0.0,65.0,43,34,22,12,64.71,-0.58,-25.64,24.48,-0.196,0.5,10
"[-199,-150]",HR≥70/EDG≥-5.0/CV≤-/μ≥0.5/TP≥-,63.26,-5.0,,0.5,,254,215,136,79,63.26,0.14,-10.1,10.38,0.309,0.692,13
"[-199,-150]",HR≥70/EDG≥-5.0/CV≤-/μ≥0.5/TP≥50,63.26,-5.0,,0.5,50.0,254,215,136,79,63.26,0.14,-10.1,10.38,0.309,0.692,13
"[-199,-150]",HR≥70/EDG≥-5.0/CV≤-/μ≥0.5/TP≥55,63.26,-5.0,,0.5,55.0,254,215,136,79,63.26,0.14,-10.1,10.38,0.309,0.692,13
"[-199,-150]",HR≥70/EDG≥-5.0/CV≤-/μ≥0.5/TP≥60,65.52,-5.0,,0.5,60.0,136,116,76,40,65.52,1.39,-12.06,14.84,1.613,0.5,12
"[-199,-150]",HR≥70/EDG≥-5.0/CV≤-/μ≥0.5/TP≥65,64.71,-5.0,,0.5,65.0,43,34,22,12,64.71,-0.58,-25.64,24.48,-0.196,0.5,10
"[-199,-150]",HR≥70/EDG≥-5.0/CV≤-/μ≥1.0/TP≥-,63.51,-5.0,,1.0,,176,148,94,54,63.51,0.69,-11.66,13.05,1.024,0.5,12
"[-199,-150]",HR≥70/EDG≥-5.0/CV≤-/μ≥1.0/TP≥50,63.51,-5.0,,1.0,50.0,176,148,94,54,63.51,0.69,-11.66,13.05,1.024,0.5,12
"[-199,-150]",HR≥70/EDG≥-5.0/CV≤-/μ≥1.0/TP≥55,63.51,-5.0,,1.0,55.0,176,148,94,54,63.51,0.69,-11.66,13.05,1.024,0.5,12
"[-199,-150]",HR≥70/EDG≥-5.0/CV≤-/μ≥1.0/TP≥60,64.1,-5.0,,1.0,60.0,94,78,50,28,64.1,-0.88,-17.45,15.7,-0.685,0.417,12
"[-199,-150]",HR≥70/EDG≥0.0/CV≤-/μ≥-/TP≥-,65.85,0.0,,,,243,205,135,70,65.85,4.42,-5.91,14.76,9.068,0.692,13
"[-199,-150]",HR≥70/EDG≥0.0/CV≤-/μ≥-/TP≥50,65.85,0.0,,,50.0,243,205,135,70,65.85,4.42,-5.91,14.76,9.068,0.692,13
"[-199,-150]",HR≥70/EDG≥0.0/CV≤-/μ≥-/TP≥55,65.85,0.0,,,55.0,243,205,135,70,65.85,4.42,-5.91,14.76,9.068,0.692,13
"[-199,-150]",HR≥70/EDG≥0.0/CV≤-/μ≥-/TP≥60,69.52,0.0,,,60.0,125,105,73,32,69.52,7.65,-6.05,21.36,8.034,0.583,12
"[-199,-150]",HR≥70/EDG≥0.0/CV≤-/μ≥-/TP≥65,64.71,0.0,,,65.0,43,34,22,12,64.71,-0.58,-25.64,24.48,-0.196,0.5,10
"[-199,-150]",HR≥70/EDG≥0.0/CV≤-/μ≥0.0/TP≥-,65.85,0.0,,0.0,,243,205,135,70,65.85,4.42,-5.91,14.76,9.068,0.692,13
"[-199,-150]",HR≥70/EDG≥0.0/CV≤-/μ≥0.0/TP≥50,65.85,0.0,,0.0,50.0,243,205,135,70,65.85,4.42,-5.91,14.76,9.068,0.692,13
"[-199,-150]",HR≥70/EDG≥0.0/CV≤-/μ≥0.0/TP≥55,65.85,0.0,,0.0,55.0,243,205,135,70,65.85,4.42,-5.91,14.76,9.068,0.692,13
"[-199,-150]",HR≥70/EDG≥0.0/CV≤-/μ≥0.0/TP≥60,69.52,0.0,,0.0,60.0,125,105,73,32,69.52,7.65,-6.05,21.36,8.034,0.583,12
"[-199,-150]",HR≥70/EDG≥0.0/CV≤-/μ≥0.0/TP≥65,64.71,0.0,,0.0,65.0,43,34,22,12,64.71,-0.58,-25.64,24.48,-0.196,0.5,10
"[-199,-150]",HR≥70/EDG≥0.0/CV≤-/μ≥0.5/TP≥-,65.48,0.0,,0.5,,234,197,129,68,65.48,3.79,-6.77,14.35,7.466,0.692,13
"[-199,-150]",HR≥70/EDG≥0.0/CV≤-/μ≥0.5/TP≥50,65.48,0.0,,0.5,50.0,234,197,129,68,65.48,3.79,-6.77,14.35,7.466,0.692,13
"[-199,-150]",HR≥70/EDG≥0.0/CV≤-/μ≥0.5/TP≥55,65.48,0.0,,0.5,55.0,234,197,129,68,65.48,3.79,-6.77,14.35,7.466,0.692,13
"[-199,-150]",HR≥70/EDG≥0.0/CV≤-/μ≥0.5/TP≥60,69.9,0.0,,0.5,60.0,122,103,72,31,69.9,8.26,-5.53,22.05,8.508,0.583,12
"[-199,-150]",HR≥70/EDG≥0.0/CV≤-/μ≥0.5/TP≥65,64.71,0.0,,0.5,65.0,43,34,22,12,64.71,-0.58,-25.64,24.48,-0.196,0.5,10
"[-199,-150]",HR≥70/EDG≥0.0/CV≤-/μ≥1.0/TP≥-,63.7,0.0,,1.0,,174,146,93,53,63.7,1.03,-11.4,13.46,1.497,0.5,12
"[-199,-150]",HR≥70/EDG≥0.0/CV≤-/μ≥1.0/TP≥50,63.7,0.0,,1.0,50.0,174,146,93,53,63.7,1.03,-11.4,13.46,1.497,0.5,12
"[-199,-150]",HR≥70/EDG≥0.0/CV≤-/μ≥1.0/TP≥55,63.7,0.0,,1.0,55.0,174,146,93,53,63.7,1.03,-11.4,13.46,1.497,0.5,12
"[-199,-150]",HR≥70/EDG≥0.0/CV≤-/μ≥1.0/TP≥60,64.47,0.0,,1.0,60.0,92,76,49,27,64.47,-0.28,-17.04,16.48,-0.211,0.417,12
"[-199,-150]",HR≥70/EDG≥5.0/CV≤-/μ≥-/TP≥-,64.53,5.0,,,,203,172,111,61,64.53,2.45,-8.95,13.85,4.214,0.583,12
"[-199,-150]",HR≥70/EDG≥5.0/CV≤-/μ≥-/TP≥50,64.53,5.0,,,50.0,203,172,111,61,64.53,2.45,-8.95,13.85,4.214,0.583,12
"[-199,-150]",HR≥70/EDG≥5.0/CV≤-/μ≥-/TP≥55,64.53,5.0,,,55.0,203,172,111,61,64.53,2.45,-8.95,13.85,4.214,0.583,12
"[-199,-150]",HR≥70/EDG≥5.0/CV≤-/μ≥-/TP≥60,67.05,5.0,,,60.0,104,88,59,29,67.05,3.82,-11.49,19.12,3.359,0.583,12
"[-199,-150]",HR≥70/EDG≥5.0/CV≤-/μ≥-/TP≥65,61.29,5.0,,,65.0,37,31,19,12,61.29,-5.77,-32.57,21.03,-1.789,0.4,10
"[-199,-150]",HR≥70/EDG≥5.0/CV≤-/μ≥0.0/TP≥-,64.53,5.0,,0.0,,203,172,111,61,64.53,2.45,-8.95,13.85,4.214,0.583,12
"[-199,-150]",HR≥70/EDG≥5.0/CV≤-/μ≥0.0/TP≥50,64.53,5.0,,0.0,50.0,203,172,111,61,64.53,2.45,-8.95,13.85,4.214,0.583,12
"[-199,-150]",HR≥70/EDG≥5.0/CV≤-/μ≥0.0/TP≥55,64.53,5.0,,0.0,55.0,203,172,111,61,64.53,2.45,-8.95,13.85,4.214,0.583,12
"[-199,-150]",HR≥70/EDG≥5.0/CV≤-/μ≥0.0/TP≥60,67.05,5.0,,0.0,60.0,104,88,59,29,67.05,3.82,-11.49,19.12,3.359,0.583,12
"[-199,-150]",HR≥70/EDG≥5.0/CV≤-/μ≥0.0/TP≥65,61.29,5.0,,0.0,65.0,37,31,19,12,61.29,-5.77,-32.57,21.03,-1.789,0.4,10
"[-199,-150]",HR≥70/EDG≥5.0/CV≤-/μ≥0.5/TP≥-,64.67,5.0,,0.5,,198,167,108,59,64.67,2.58,-8.97,14.13,4.316,0.5,12
"[-199,-150]",HR≥70/EDG≥5.0/CV≤-/μ≥0.5/TP≥50,64.67,5.0,,0.5,50.0,198,167,108,59,64.67,2.58,-8.97,14.13,4.316,0.5,12
"[-199,-150]",HR≥70/EDG≥5.0/CV≤-/μ≥0.5/TP≥55,64.67,5.0,,0.5,55.0,198,167,108,59,64.67,2.58,-8.97,14.13,4.316,0.5,12
"[-199,-150]",HR≥70/EDG≥5.0/CV≤-/μ≥0.5/TP≥60,67.82,5.0,,0.5,60.0,103,87,59,28,67.82,5.01,-10.29,20.31,4.359,0.583,12
"[-199,-150]",HR≥70/EDG≥5.0/CV≤-/μ≥0.5/TP≥65,61.29,5.0,,0.5,65.0,37,31,19,12,61.29,-5.77,-32.57,21.03,-1.789,0.4,10
"[-199,-150]",HR≥70/EDG≥5.0/CV≤-/μ≥1.0/TP≥-,63.45,5.0,,1.0,,172,145,92,53,63.45,0.67,-11.83,13.17,0.971,0.5,12
"[-199,-150]",HR≥70/EDG≥5.0/CV≤-/μ≥1.0/TP≥50,63.45,5.0,,1.0,50.0,172,145,92,53,63.45,0.67,-11.83,13.17,0.971,0.5,12
"[-199,-150]",HR≥70/EDG≥5.0/CV≤-/μ≥1.0/TP≥55,63.45,5.0,,1.0,55.0,172,145,92,53,63.45,0.67,-11.83,13.17,0.971,0.5,12
"[-199,-150]",HR≥70/EDG≥5.0/CV≤-/μ≥1.0/TP≥60,64.0,5.0,,1.0,60.0,90,75,48,27,64.0,-0.98,-17.91,15.95,-0.737,0.333,12
"[-199,-150]",HR≥70/EDG≥10.0/CV≤-/μ≥-/TP≥-,65.07,10.0,,,,174,146,95,51,65.07,3.2,-9.12,15.53,4.673,0.583,12
"[-199,-150]",HR≥70/EDG≥10.0/CV≤-/μ≥-/TP≥50,65.07,10.0,,,50.0,174,146,95,51,65.07,3.2,-9.12,15.53,4.673,0.583,12
"[-199,-150]",HR≥70/EDG≥10.0/CV≤-/μ≥-/TP≥55,65.07,10.0,,,55.0,174,146,95,51,65.07,3.2,-9.12,15.53,4.673,0.583,12
"[-199,-150]",HR≥70/EDG≥10.0/CV≤-/μ≥-/TP≥60,68.0,10.0,,,60.0,90,75,51,24,68.0,5.29,-11.17,21.76,3.969,0.5,12
"[-199,-150]",HR≥70/EDG≥10.0/CV≤-/μ≥0.0/TP≥-,65.07,10.0,,0.0,,174,146,95,51,65.07,3.2,-9.12,15.53,4.673,0.583,12
"[-199,-150]",HR≥70/EDG≥10.0/CV≤-/μ≥0.0/TP≥50,65.07,10.0,,0.0,50.0,174,146,95,51,65.07,3.2,-9.12,15.53,4.673,0.583,12
"[-199,-150]",HR≥70/EDG≥10.0/CV≤-/μ≥0.0/TP≥55,65.07,10.0,,0.0,55.0,174,146,95,51,65.07,3.2,-9.12,15.53,4.673,0.583,12
"[-199,-150]",HR≥70/EDG≥10.0/CV≤-/μ≥0.0/TP≥60,68.0,10.0,,0.0,60.0,90,75,51,24,68.0,5.29,-11.17,21.76,3.969,0.5,12
"[-199,-150]",HR≥70/EDG≥10.0/CV≤-/μ≥0.5/TP≥-,64.58,10.0,,0.5,,172,144,93,51,64.58,2.39,-10.05,14.83,3.442,0.583,12
"[-199,-150]",HR≥70/EDG≥10.0/CV≤-/μ≥0.5/TP≥50,64.58,10.0,,0.5,50.0,172,144,93,51,64.58,2.39,-10.05,14.83,3.442,0.583,12
"[-199,-150]",HR≥70/EDG≥10.0/CV≤-/μ≥0.5/TP≥55,64.58,10.0,,0.5,55.0,172,144,93,51,64.58,2.39,-10.05,14.83,3.442,0.583,12
"[-199,-150]",HR≥70/EDG≥10.0/CV≤-/μ≥0.5/TP≥60,68.0,10.0,,0.5,60.0,90,75,51,24,68.0,5.29,-11.17,21.76,3.969,0.5,12
"[-199,-150]",HR≥70/EDG≥10.0/CV≤-/μ≥1.0/TP≥-,64.18,10.0,,1.0,,159,134,86,48,64.18,1.84,-11.11,14.78,2.461,0.5,12
"[-199,-150]",HR≥70/EDG≥10.0/CV≤-/μ≥1.0/TP≥50,64.18,10.0,,1.0,50.0,159,134,86,48,64.18,1.84,-11.11,14.78,2.461,0.5,12
"[-199,-150]",HR≥70/EDG≥10.0/CV≤-/μ≥1.0/TP≥55,64.18,10.0,,1.0,55.0,159,134,86,48,64.18,1.84,-11.11,14.78,2.461,0.5,12
"[-199,-150]",HR≥70/EDG≥10.0/CV≤-/μ≥1.0/TP≥60,65.22,10.0,,1.0,60.0,83,69,45,24,65.22,0.95,-16.58,18.48,0.655,0.417,12
"[-199,-150]",HR≥75/EDG≥-/CV≤-/μ≥-/TP≥-,66.09,,,,,135,115,76,39,66.09,4.92,-8.89,18.74,5.662,0.538,13
"[-199,-150]",HR≥75/EDG≥-/CV≤-/μ≥-/TP≥50,66.09,,,,50.0,135,115,76,39,66.09,4.92,-8.89,18.74,5.662,0.538,13
"[-199,-150]",HR≥75/EDG≥-/CV≤-/μ≥-/TP≥55,66.37,,,,55.0,133,113,75,38,66.37,5.43,-8.49,19.35,6.136,0.538,13
"[-199,-150]",HR≥75/EDG≥-/CV≤-/μ≥-/TP≥60,67.8,,,,60.0,66,59,40,19,67.8,4.88,-13.73,23.49,2.878,0.417,12
"[-199,-150]",HR≥75/EDG≥-/CV≤-/μ≥0.0/TP≥-,66.09,,,0.0,,135,115,76,39,66.09,4.92,-8.89,18.74,5.662,0.538,13
"[-199,-150]",HR≥75/EDG≥-/CV≤-/μ≥0.0/TP≥50,66.09,,,0.0,50.0,135,115,76,39,66.09,4.92,-8.89,18.74,5.662,0.538,13
"[-199,-150]",HR≥75/EDG≥-/CV≤-/μ≥0.0/TP≥55,66.37,,,0.0,55.0,133,113,75,38,66.37,5.43,-8.49,19.35,6.136,0.538,13
"[-199,-150]",HR≥75/EDG≥-/CV≤-/μ≥0.0/TP≥60,67.8,,,0.0,60.0,66,59,40,19,67.8,4.88,-13.73,23.49,2.878,0.417,12
"[-199,-150]",HR≥75/EDG≥-/CV≤-/μ≥0.5/TP≥-,66.36,,,0.5,,126,107,71,36,66.36,5.39,-8.91,19.7,5.771,0.615,13
"[-199,-150]",HR≥75/EDG≥-/CV≤-/μ≥0.5/TP≥50,66.36,,,0.5,50.0,126,107,71,36,66.36,5.39,-8.91,19.7,5.771,0.615,13
"[-199,-150]",HR≥75/EDG≥-/CV≤-/μ≥0.5/TP≥55,66.36,,,0.5,55.0,126,107,71,36,66.36,5.39,-8.91,19.7,5.771,0.615,13
"[-199,-150]",HR≥75/EDG≥-/CV≤-/μ≥0.5/TP≥60,67.86,,,0.5,60.0,62,56,38,18,67.86,5.04,-14.07,24.16,2.825,0.5,12
"[-199,-150]",HR≥75/EDG≥-/CV≤-/μ≥1.0/TP≥-,70.24,,,1.0,,98,84,59,25,70.24,11.4,-4.23,27.02,9.575,0.75,12
"[-199,-150]",HR≥75/EDG≥-/CV≤-/μ≥1.0/TP≥50,70.24,,,1.0,50.0,98,84,59,25,70.24,11.4,-4.23,27.02,9.575,0.75,12
"[-199,-150]",HR≥75/EDG≥-/CV≤-/μ≥1.0/TP≥55,70.24,,,1.0,55.0,98,84,59,25,70.24,11.4,-4.23,27.02,9.575,0.75,12
"[-199,-150]",HR≥75/EDG≥-/CV≤-/μ≥1.0/TP≥60,72.73,,,1.0,60.0,49,44,32,12,72.73,12.54,-8.07,33.15,5.518,0.667,12
"[-199,-150]",HR≥75/EDG≥-5.0/CV≤-/μ≥-/TP≥-,66.67,-5.0,,,,131,111,74,37,66.67,5.85,-8.16,19.86,6.49,0.538,13
"[-199,-150]",HR≥75/EDG≥-5.0/CV≤-/μ≥-/TP≥50,66.67,-5.0,,,50.0,131,111,74,37,66.67,5.85,-8.16,19.86,6.49,0.538,13
"[-199,-150]",HR≥75/EDG≥-5.0/CV≤-/μ≥-/TP≥55,66.67,-5.0,,,55.0,131,111,74,37,66.67,5.85,-8.16,19.86,6.49,0.538,13
"[-199,-150]",HR≥75/EDG≥-5.0/CV≤-/μ≥-/TP≥60,67.8,-5.0,,,60.0,66,59,40,19,67.8,4.88,-13.73,23.49,2.878,0.417,12
"[-199,-150]",HR≥75/EDG≥-5.0/CV≤-/μ≥0.0/TP≥-,66.67,-5.0,,0.0,,131,111,74,37,66.67,5.85,-8.16,19.86,6.49,0.538,13
"[-199,-150]",HR≥75/EDG≥-5.0/CV≤-/μ≥0.0/TP≥50,66.67,-5.0,,0.0,50.0,131,111,74,37,66.67,5.85,-8.16,19.86,6.49,0.538,13
"[-199,-150]",HR≥75/EDG≥-5.0/CV≤-/μ≥0.0/TP≥55,66.67,-5.0,,0.0,55.0,131,111,74,37,66.67,5.85,-8.16,19.86,6.49,0.538,13
"[-199,-150]",HR≥75/EDG≥-5.0/CV≤-/μ≥0.0/TP≥60,67.8,-5.0,,0.0,60.0,66,59,40,19,67.8,4.88,-13.73,23.49,2.878,0.417,12
"[-199,-150]",HR≥75/EDG≥-5.0/CV≤-/μ≥0.5/TP≥-,66.98,-5.0,,0.5,,125,106,71,35,66.98,6.39,-7.92,20.7,6.771,0.615,13
"[-199,-150]",HR≥75/EDG≥-5.0/CV≤-/μ≥0.5/TP≥50,66.98,-5.0,,0.5,50.0,125,106,71,35,66.98,6.39,-7.92,20.7,6.771,0.615,13
"[-199,-150]",HR≥75/EDG≥-5.0/CV≤-/μ≥0.5/TP≥55,66.98,-5.0,,0.5,55.0,125,106,71,35,66.98,6.39,-7.92,20.7,6.771,0.615,13
"[-199,-150]",HR≥75/EDG≥-5.0/CV≤-/μ≥0.5/TP≥60,67.86,-5.0,,0.5,60.0,62,56,38,18,67.86,5.04,-14.07,24.16,2.825,0.5,12
"[-199,-150]",HR≥75/EDG≥-5.0/CV≤-/μ≥1.0/TP≥-,70.24,-5.0,,1.0,,98,84,59,25,70.24,11.4,-4.23,27.02,9.575,0.75,12
"[-199,-150]",HR≥75/EDG≥-5.0/CV≤-/μ≥1.0/TP≥50,70.24,-5.0,,1.0,50.0,98,84,59,25,70.24,11.4,-4.23,27.02,9.575,0.75,12
"[-199,-150]",HR≥75/EDG≥-5.0/CV≤-/μ≥1.0/TP≥55,70.24,-5.0,,1.0,55.0,98,84,59,25,70.24,11.4,-4.23,27.02,9.575,0.75,12
"[-199,-150]",HR≥75/EDG≥-5.0/CV≤-/μ≥1.0/TP≥60,72.73,-5.0,,1.0,60.0,49,44,32,12,72.73,12.54,-8.07,33.15,5.518,0.667,12
"[-199,-150]",HR≥75/EDG≥0.0/CV≤-/μ≥-/TP≥-,70.19,0.0,,,,124,104,73,31,70.19,11.5,-2.55,25.56,11.964,0.692,13
"[-199,-150]",HR≥75/EDG≥0.0/CV≤-/μ≥-/TP≥50,70.19,0.0,,,50.0,124,104,73,31,70.19,11.5,-2.55,25.56,11.964,0.692,13
"[-199,-150]",HR≥75/EDG≥0.0/CV≤-/μ≥-/TP≥55,70.19,0.0,,,55.0,124,104,73,31,70.19,11.5,-2.55,25.56,11.964,0.692,13
"[-199,-150]",HR≥75/EDG≥0.0/CV≤-/μ≥-/TP≥60,73.58,0.0,,,60.0,60,53,39,14,73.58,13.87,-4.68,32.43,7.351,0.583,12
"[-199,-150]",HR≥75/EDG≥0.0/CV≤-/μ≥0.0/TP≥-,70.19,0.0,,0.0,,124,104,73,31,70.19,11.5,-2.55,25.56,11.964,0.692,13
"[-199,-150]",HR≥75/EDG≥0.0/CV≤-/μ≥0.0/TP≥50,70.19,0.0,,0.0,50.0,124,104,73,31,70.19,11.5,-2.55,25.56,11.964,0.692,13
"[-199,-150]",HR≥75/EDG≥0.0/CV≤-/μ≥0.0/TP≥55,70.19,0.0,,0.0,55.0,124,104,73,31,70.19,11.5,-2.55,25.56,11.964,0.692,13
"[-199,-150]",HR≥75/EDG≥0.0/CV≤-/μ≥0.0/TP≥60,73.58,0.0,,0.0,60.0,60,53,39,14,73.58,13.87,-4.68,32.43,7.351,0.583,12
"[-199,-150]",HR≥75/EDG≥0.0/CV≤-/μ≥0.5/TP≥-,70.3,0.0,,0.5,,120,101,71,30,70.3,11.65,-2.59,25.9,11.771,0.692,13
"[-199,-150]",HR≥75/EDG≥0.0/CV≤-/μ≥0.5/TP≥50,70.3,0.0,,0.5,50.0,120,101,71,30,70.3,11.65,-2.59,25.9,11.771,0.692,13
"[-199,-150]",HR≥75/EDG≥0.0/CV≤-/μ≥0.5/TP≥55,70.3,0.0,,0.5,55.0,120,101,71,30,70.3,11.65,-2.59,25.9,11.771,0.692,13
"[-199,-150]",HR≥75/EDG≥0.0/CV≤-/μ≥0.5/TP≥60,74.51,0.0,,0.5,60.0,57,51,38,13,74.51,15.34,-3.37,34.05,7.825,0.667,12
"[-199,-150]",HR≥75/EDG≥0.0/CV≤-/μ≥1.0/TP≥-,70.24,0.0,,1.0,,98,84,59,25,70.24,11.4,-4.23,27.02,9.575,0.75,12
"[-199,-150]",HR≥75/EDG≥0.0/CV≤-/μ≥1.0/TP≥50,70.24,0.0,,1.0,50.0,98,84,59,25,70.24,11.4,-4.23,27.02,9.575,0.75,12
"[-199,-150]",HR≥75/EDG≥0.0/CV≤-/μ≥1.0/TP≥55,70.24,0.0,,1.0,55.0,98,84,59,25,70.24,11.4,-4.23,27.02,9.575,0.75,12
"[-199,-150]",HR≥75/EDG≥0.0/CV≤-/μ≥1.0/TP≥60,72.73,0.0,,1.0,60.0,49,44,32,12,72.73,12.54,-8.07,33.15,5.518,0.667,12
"[-199,-150]",HR≥75/EDG≥5.0/CV≤-/μ≥-/TP≥-,68.75,5.0,,,,112,96,66,30,68.75,9.11,-5.7,23.93,8.749,0.583,12
"[-199,-150]",HR≥75/EDG≥5.0/CV≤-/μ≥-/TP≥50,68.75,5.0,,,50.0,112,96,66,30,68.75,9.11,-5.7,23.93,8.749,0.583,12
"[-199,-150]",HR≥75/EDG≥5.0/CV≤-/μ≥-/TP≥55,68.75,5.0,,,55.0,112,96,66,30,68.75,9.11,-5.7,23.93,8.749,0.583,12
"[-199,-150]",HR≥75/EDG≥5.0/CV≤-/μ≥-/TP≥60,72.0,5.0,,,60.0,55,50,36,14,72.0,11.43,-8.04,30.9,5.714,0.583,12
"[-199,-150]",HR≥75/EDG≥5.0/CV≤-/μ≥0.0/TP≥-,68.75,5.0,,0.0,,112,96,66,30,68.75,9.11,-5.7,23.93,8.749,0.583,12
"[-199,-150]",HR≥75/EDG≥5.0/CV≤-/μ≥0.0/TP≥50,68.75,5.0,,0.0,50.0,112,96,66,30,68.75,9.11,-5.7,23.93,8.749,0.583,12
"[-199,-150]",HR≥75/EDG≥5.0/CV≤-/μ≥0.0/TP≥55,68.75,5.0,,0.0,55.0,112,96,66,30,68.75,9.11,-5.7,23.93,8.749,0.583,12
"[-199,-150]",HR≥75/EDG≥5.0/CV≤-/μ≥0.0/TP≥60,72.0,5.0,,0.0,60.0,55,50,36,14,72.0,11.43,-8.04,30.9,5.714,0.583,12
"[-199,-150]",HR≥75/EDG≥5.0/CV≤-/μ≥0.5/TP≥-,69.15,5.0,,0.5,,110,94,65,29,69.15,9.66,-5.25,24.57,9.082,0.667,12
"[-199,-150]",HR≥75/EDG≥5.0/CV≤-/μ≥0.5/TP≥50,69.15,5.0,,0.5,50.0,110,94,65,29,69.15,9.66,-5.25,24.57,9.082,0.667,12
"[-199,-150]",HR≥75/EDG≥5.0/CV≤-/μ≥0.5/TP≥55,69.15,5.0,,0.5,55.0,110,94,65,29,69.15,9.66,-5.25,24.57,9.082,0.667,12
"[-199,-150]",HR≥75/EDG≥5.0/CV≤-/μ≥0.5/TP≥60,73.47,5.0,,0.5,60.0,54,49,36,13,73.47,13.7,-5.64,33.04,6.714,0.667,12
"[-199,-150]",HR≥75/EDG≥5.0/CV≤-/μ≥1.0/TP≥-,70.24,5.0,,1.0,,98,84,59,25,70.24,11.4,-4.23,27.02,9.575,0.75,12
"[-199,-150]",HR≥75/EDG≥5.0/CV≤-/μ≥1.0/TP≥50,70.24,5.0,,1.0,50.0,98,84,59,25,70.24,11.4,-4.23,27.02,9.575,0.75,12
"[-199,-150]",HR≥75/EDG≥5.0/CV≤-/μ≥1.0/TP≥55,70.24,5.0,,1.0,55.0,98,84,59,25,70.24,11.4,-4.23,27.02,9.575,0.75,12
"[-199,-150]",HR≥75/EDG≥5.0/CV≤-/μ≥1.0/TP≥60,72.73,5.0,,1.0,60.0,49,44,32,12,72.73,12.54,-8.07,33.15,5.518,0.667,12
"[-199,-150]",HR≥75/EDG≥10.0/CV≤-/μ≥-/TP≥-,68.97,10.0,,,,102,87,60,27,68.97,9.49,-6.06,25.04,8.256,0.75,12
"[-199,-150]",HR≥75/EDG≥10.0/CV≤-/μ≥-/TP≥50,68.97,10.0,,,50.0,102,87,60,27,68.97,9.49,-6.06,25.04,8.256,0.75,12
"[-199,-150]",HR≥75/EDG≥10.0/CV≤-/μ≥-/TP≥55,68.97,10.0,,,55.0,102,87,60,27,68.97,9.49,-6.06,25.04,8.256,0.75,12
"[-199,-150]",HR≥75/EDG≥10.0/CV≤-/μ≥-/TP≥60,72.73,10.0,,,60.0,49,44,32,12,72.73,12.57,-8.04,33.19,5.533,0.636,11
"[-199,-150]",HR≥75/EDG≥10.0/CV≤-/μ≥0.0/TP≥-,68.97,10.0,,0.0,,102,87,60,27,68.97,9.49,-6.06,25.04,8.256,0.75,12
"[-199,-150]",HR≥75/EDG≥10.0/CV≤-/μ≥0.0/TP≥50,68.97,10.0,,0.0,50.0,102,87,60,27,68.97,9.49,-6.06,25.04,8.256,0.75,12
"[-199,-150]",HR≥75/EDG≥10.0/CV≤-/μ≥0.0/TP≥55,68.97,10.0,,0.0,55.0,102,87,60,27,68.97,9.49,-6.06,25.04,8.256,0.75,12
"[-199,-150]",HR≥75/EDG≥10.0/CV≤-/μ≥0.0/TP≥60,72.73,10.0,,0.0,60.0,49,44,32,12,72.73,12.57,-8.04,33.19,5.533,0.636,11
"[-199,-150]",HR≥75/EDG≥10.0/CV≤-/μ≥0.5/TP≥-,68.97,10.0,,0.5,,102,87,60,27,68.97,9.49,-6.06,25.04,8.256,0.75,12
"[-199,-150]",HR≥75/EDG≥10.0/CV≤-/μ≥0.5/TP≥50,68.97,10.0,,0.5,50.0,102,87,60,27,68.97,9.49,-6.06,25.04,8.256,0.75,12
"[-199,-150]",HR≥75/EDG≥10.0/CV≤-/μ≥0.5/TP≥55,68.97,10.0,,0.5,55.0,102,87,60,27,68.97,9.49,-6.06,25.04,8.256,0.75,12
"[-199,-150]",HR≥75/EDG≥10.0/CV≤-/μ≥0.5/TP≥60,72.73,10.0,,0.5,60.0,49,44,32,12,72.73,12.57,-8.04,33.19,5.533,0.636,11
"[-199,-150]",HR≥75/EDG≥10.0/CV≤-/μ≥1.0/TP≥-,69.88,10.0,,1.0,,97,83,58,25,69.88,10.9,-4.88,26.69,9.048,0.75,12
"[-199,-150]",HR≥75/EDG≥10.0/CV≤-/μ≥1.0/TP≥50,69.88,10.0,,1.0,50.0,97,83,58,25,69.88,10.9,-4.88,26.69,9.048,0.75,12
"[-199,-150]",HR≥75/EDG≥10.0/CV≤-/μ≥1.0/TP≥55,69.88,10.0,,1.0,55.0,97,83,58,25,69.88,10.9,-4.88,26.69,9.048,0.75,12
"[-199,-150]",HR≥75/EDG≥10.0/CV≤-/μ≥1.0/TP≥60,72.09,10.0,,1.0,60.0,48,43,31,12,72.09,11.61,-9.4,32.62,4.992,0.636,11
"[-149,-110]",HR≥-/EDG≥-/CV≤-/μ≥-/TP≥-,54.12,,,,,679,571,309,262,54.12,-4.16,-11.42,3.09,-23.766,0.308,13
"[-149,-110]",HR≥-/EDG≥-/CV≤-/μ≥-/TP≥50,54.45,,,,50.0,657,551,300,251,54.45,-3.8,-11.17,3.56,-20.947,0.462,13
"[-149,-110]",HR≥-/EDG≥-/CV≤-/μ≥-/TP≥55,57.92,,,,55.0,262,221,128,93,57.92,-0.75,-11.93,10.43,-1.657,0.538,13
"[-149,-110]",HR≥-/EDG≥-/CV≤-/μ≥0.0/TP≥-,54.81,,,0.0,,639,540,296,244,54.81,-3.0,-10.45,4.45,-16.189,0.385,13
"[-149,-110]",HR≥-/EDG≥-/CV≤-/μ≥0.0/TP≥50,54.88,,,0.0,50.0,620,523,287,236,54.88,-3.13,-10.68,4.42,-16.371,0.308,13
"[-149,-110]",HR≥-/EDG≥-/CV≤-/μ≥0.0/TP≥55,58.33,,,0.0,55.0,256,216,126,90,58.33,-0.02,-11.32,11.28,-0.042,0.615,13
"[-149,-110]",HR≥-/EDG≥-/CV≤-/μ≥0.5/TP≥-,60.0,,,0.5,,405,340,204,136,60.0,5.93,-3.29,15.16,20.164,0.692,13
"[-149,-110]",HR≥-/EDG≥-/CV≤-/μ≥0.5/TP≥50,59.94,,,0.5,50.0,390,327,196,131,59.94,5.47,-3.9,14.85,17.891,0.769,13
"[-149,-110]",HR≥-/EDG≥-/CV≤-/μ≥0.5/TP≥55,62.67,,,0.5,55.0,173,150,94,56,62.67,7.53,-5.81,20.86,11.289,0.692,13
"[-149,-110]",HR≥-/EDG≥-/CV≤-/μ≥1.0/TP≥-,55.15,,,1.0,,235,194,107,87,55.15,-3.0,-15.36,9.36,-5.817,0.333,12
"[-149,-110]",HR≥-/EDG≥-/CV≤-/μ≥1.0/TP≥50,55.91,,,1.0,50.0,226,186,104,82,55.91,-1.91,-14.47,10.66,-3.544,0.417,12
"[-149,-110]",HR≥-/EDG≥-/CV≤-/μ≥1.0/TP≥55,57.73,,,1.0,55.0,114,97,56,41,57.73,-1.03,-17.97,15.92,-0.995,0.583,12
"[-149,-110]",HR≥-/EDG≥-5.0/CV≤-/μ≥-/TP≥-,55.39,-5.0,,,,622,529,293,236,55.39,-1.91,-9.44,5.61,-10.124,0.385,13
"[-149,-110]",HR≥-/EDG≥-5.0/CV≤-/μ≥-/TP≥50,55.47,-5.0,,,50.0,603,512,284,228,55.47,-2.01,-9.64,5.61,-10.306,0.308,13
"[-149,-110]",HR≥-/EDG≥-5.0/CV≤-/μ≥-/TP≥55,59.42,-5.0,,,55.0,242,207,123,84,59.42,1.88,-9.63,13.38,3.883,0.615,13
"[-149,-110]",HR≥-/EDG≥-5.0/CV≤-/μ≥0.0/TP≥-,55.41,-5.0,,0.0,,620,527,292,235,55.41,-1.9,-9.44,5.63,-10.033,0.462,13
"[-149,-110]",HR≥-/EDG≥-5.0/CV≤-/μ≥0.0/TP≥50,55.49,-5.0,,0.0,50.0,601,510,283,227,55.49,-2.0,-9.64,5.63,-10.215,0.308,13
"[-149,-110]",HR≥-/EDG≥-5.0/CV≤-/μ≥0.0/TP≥55,59.42,-5.0,,0.0,55.0,242,207,123,84,59.42,1.88,-9.63,13.38,3.883,0.615,13
"[-149,-110]",HR≥-/EDG≥-5.0/CV≤-/μ≥0.5/TP≥-,60.0,-5.0,,0.5,,405,340,204,136,60.0,5.93,-3.29,15.16,20.164,0.692,13
"[-149,-110]",HR≥-/EDG≥-5.0/CV≤-/μ≥0.5/TP≥50,59.94,-5.0,,0.5,50.0,390,327,196,131,59.94,5.47,-3.9,14.85,17.891,0.769,13
"[-149,-110]",HR≥-/EDG≥-5.0/CV≤-/μ≥0.5/TP≥55,62.67,-5.0,,0.5,55.0,173,150,94,56,62.67,7.53,-5.81,20.86,11.289,0.692,13
"[-149,-110]",HR≥-/EDG≥-5.0/CV≤-/μ≥1.0/TP≥-,55.15,-5.0,,1.0,,235,194,107,87,55.15,-3.0,-15.36,9.36,-5.817,0.333,12
"[-149,-110]",HR≥-/EDG≥-5.0/CV≤-/μ≥1.0/TP≥50,55.91,-5.0,,1.0,50.0,226,186,104,82,55.91,-1.91,-14.47,10.66,-3.544,0.417,12
"[-149,-110]",HR≥-/EDG≥-5.0/CV≤-/μ≥1.0/TP≥55,57.73,-5.0,,1.0,55.0,114,97,56,41,57.73,-1.03,-17.97,15.92,-0.995,0.583,12
"[-149,-110]",HR≥-/EDG≥0.0/CV≤-/μ≥-/TP≥-,55.86,0.0,,,,559,478,267,211,55.86,-1.01,-8.92,6.9,-4.844,0.538,13
"[-149,-110]",HR≥-/EDG≥0.0/CV≤-/μ≥-/TP≥50,55.97,0.0,,,50.0,540,461,258,203,55.97,-1.09,-9.12,6.94,-5.026,0.385,13
"[-149,-110]",HR≥-/EDG≥0.0/CV≤-/μ≥-/TP≥55,58.29,0.0,,,55.0,217,187,109,78,58.29,0.03,-12.14,12.19,0.054,0.615,13
"[-149,-110]",HR≥-/EDG≥0.0/CV≤-/μ≥0.0/TP≥-,55.86,0.0,,0.0,,559,478,267,211,55.86,-1.01,-8.92,6.9,-4.844,0.538,13
"[-149,-110]",HR≥-/EDG≥0.0/CV≤-/μ≥0.0/TP≥50,55.97,0.0,,0.0,50.0,540,461,258,203,55.97,-1.09,-9.12,6.94,-5.026,0.385,13
"[-149,-110]",HR≥-/EDG≥0.0/CV≤-/μ≥0.0/TP≥55,58.29,0.0,,0.0,55.0,217,187,109,78,58.29,0.03,-12.14,12.19,0.054,0.615,13
"[-149,-110]",HR≥-/EDG≥0.0/CV≤-/μ≥0.5/TP≥-,60.0,0.0,,0.5,,405,340,204,136,60.0,5.93,-3.29,15.16,20.164,0.692,13
"[-149,-110]",HR≥-/EDG≥0.0/CV≤-/μ≥0.5/TP≥50,59.94,0.0,,0.5,50.0,390,327,196,131,59.94,5.47,-3.9,14.85,17.891,0.769,13
"[-149,-110]",HR≥-/EDG≥0.0/CV≤-/μ≥0.5/TP≥55,62.67,0.0,,0.5,55.0,173,150,94,56,62.67,7.53,-5.81,20.86,11.289,0.692,13
"[-149,-110]",HR≥-/EDG≥0.0/CV≤-/μ≥1.0/TP≥-,55.15,0.0,,1.0,,235,194,107,87,55.15,-3.0,-15.36,9.36,-5.817,0.333,12
"[-149,-110]",HR≥-/EDG≥0.0/CV≤-/μ≥1.0/TP≥50,55.91,0.0,,1.0,50.0,226,186,104,82,55.91,-1.91,-14.47,10.66,-3.544,0.417,12
"[-149,-110]",HR≥-/EDG≥0.0/CV≤-/μ≥1.0/TP≥55,57.73,0.0,,1.0,55.0,114,97,56,41,57.73,-1.03,-17.97,15.92,-0.995,0.583,12
"[-149,-110]",HR≥-/EDG≥5.0/CV≤-/μ≥-/TP≥-,57.4,5.0,,,,467,392,225,167,57.4,1.83,-6.88,10.54,7.178,0.538,13
"[-149,-110]",HR≥-/EDG≥5.0/CV≤-/μ≥-/TP≥50,57.45,5.0,,,50.0,449,376,216,160,57.45,1.59,-7.27,10.46,5.996,0.538,13
"[-149,-110]",HR≥-/EDG≥5.0/CV≤-/μ≥-/TP≥55,58.39,5.0,,,55.0,188,161,94,67,58.39,0.27,-12.85,13.4,0.442,0.615,13
"[-149,-110]",HR≥-/EDG≥5.0/CV≤-/μ≥0.0/TP≥-,57.4,5.0,,0.0,,467,392,225,167,57.4,1.83,-6.88,10.54,7.178,0.538,13
"[-149,-110]",HR≥-/EDG≥5.0/CV≤-/μ≥0.0/TP≥50,57.45,5.0,,0.0,50.0,449,376,216,160,57.45,1.59,-7.27,10.46,5.996,0.538,13
"[-149,-110]",HR≥-/EDG≥5.0/CV≤-/μ≥0.0/TP≥55,58.39,5.0,,0.0,55.0,188,161,94,67,58.39,0.27,-12.85,13.4,0.442,0.615,13
"[-149,-110]",HR≥-/EDG≥5.0/CV≤-/μ≥0.5/TP≥-,58.86,5.0,,0.5,,381,316,186,130,58.86,4.12,-5.51,13.75,13.024,0.692,13
"[-149,-110]",HR≥-/EDG≥5.0/CV≤-/μ≥0.5/TP≥50,58.75,5.0,,0.5,50.0,366,303,178,125,58.75,3.55,-6.25,13.35,10.751,0.692,13
"[-149,-110]",HR≥-/EDG≥5.0/CV≤-/μ≥0.5/TP≥55,60.0,5.0,,0.5,55.0,163,140,84,56,60.0,3.03,-10.96,17.02,4.236,0.692,13
"[-149,-110]",HR≥-/EDG≥5.0/CV≤-/μ≥1.0/TP≥-,55.15,5.0,,1.0,,235,194,107,87,55.15,-3.0,-15.36,9.36,-5.817,0.333,12
"[-149,-110]",HR≥-/EDG≥5.0/CV≤-/μ≥1.0/TP≥50,55.91,5.0,,1.0,50.0,226,186,104,82,55.91,-1.91,-14.47,10.66,-3.544,0.417,12
"[-149,-110]",HR≥-/EDG≥5.0/CV≤-/μ≥1.0/TP≥55,57.73,5.0,,1.0,55.0,114,97,56,41,57.73,-1.03,-17.97,15.92,-0.995,0.583,12
"[-149,-110]",HR≥-/EDG≥10.0/CV≤-/μ≥-/TP≥-,56.05,10.0,,,,379,314,176,138,56.05,-0.87,-10.61,8.88,-2.72,0.615,13
"[-149,-110]",HR≥-/EDG≥10.0/CV≤-/μ≥-/TP≥50,56.15,10.0,,,50.0,364,301,169,132,56.15,-1.02,-10.94,8.89,-3.083,0.538,13
"[-149,-110]",HR≥-/EDG≥10.0/CV≤-/μ≥-/TP≥55,59.4,10.0,,,55.0,157,133,79,54,59.4,1.91,-12.47,16.29,2.536,0.615,13
"[-149,-110]",HR≥-/EDG≥10.0/CV≤-/μ≥0.0/TP≥-,56.05,10.0,,0.0,,379,314,176,138,56.05,-0.87,-10.61,8.88,-2.72,0.615,13
"[-149,-110]",HR≥-/EDG≥10.0/CV≤-/μ≥0.0/TP≥50,56.15,10.0,,0.0,50.0,364,301,169,132,56.15,-1.02,-10.94,8.89,-3.083,0.538,13
"[-149,-110]",HR≥-/EDG≥10.0/CV≤-/μ≥0.0/TP≥55,59.4,10.0,,0.0,55.0,157,133,79,54,59.4,1.91,-12.47,16.29,2.536,0.615,13
"[-149,-110]",HR≥-/EDG≥10.0/CV≤-/μ≥0.5/TP≥-,56.25,10.0,,0.5,,331,272,153,119,56.25,-0.67,-11.12,9.78,-1.82,0.615,13
"[-149,-110]",HR≥-/EDG≥10.0/CV≤-/μ≥0.5/TP≥50,56.15,10.0,,0.5,50.0,317,260,146,114,56.15,-1.22,-11.87,9.42,-3.184,0.615,13
"[-149,-110]",HR≥-/EDG≥10.0/CV≤-/μ≥0.5/TP≥55,58.06,10.0,,0.5,55.0,145,124,72,52,58.06,-0.32,-15.29,14.66,-0.392,0.615,13
"[-149,-110]",HR≥-/EDG≥10.0/CV≤-/μ≥1.0/TP≥-,54.5,10.0,,1.0,,230,189,103,86,54.5,-4.05,-16.6,8.5,-7.659,0.417,12
"[-149,-110]",HR≥-/EDG≥10.0/CV≤-/μ≥1.0/TP≥50,55.25,10.0,,1.0,50.0,221,181,100,81,55.25,-2.98,-15.75,9.8,-5.386,0.417,12
"[-149,-110]",HR≥-/EDG≥10.0/CV≤-/μ≥1.0/TP≥55,56.52,10.0,,1.0,55.0,109,92,52,40,56.52,-3.08,-20.56,14.39,-2.837,0.583,12
"[-149,-110]",HR≥45/EDG≥-/CV≤-/μ≥-/TP≥-,55.53,,,,,484,416,231,185,55.53,-1.76,-10.24,6.71,-7.34,0.538,13
"[-149,-110]",HR≥45/EDG≥-/CV≤-/μ≥-/TP≥50,55.47,,,,50.0,468,402,223,179,55.47,-2.14,-10.74,6.45,-8.613,0.615,13
"[-149,-110]",HR≥45/EDG≥-/CV≤-/μ≥-/TP≥55,58.24,,,,55.0,194,170,99,71,58.24,-0.2,-12.95,12.55,-0.342,0.538,13
"[-149,-110]",HR≥45/EDG≥-/CV≤-/μ≥0.0/TP≥-,56.4,,,0.0,,470,406,229,177,56.4,-0.26,-8.81,8.3,-1.049,0.538,13
"[-149,-110]",HR≥45/EDG≥-/CV≤-/μ≥0.0/TP≥50,56.23,,,0.0,50.0,455,393,221,172,56.23,-0.85,-9.52,7.83,-3.322,0.615,13
"[-149,-110]",HR≥45/EDG≥-/CV≤-/μ≥0.0/TP≥55,58.58,,,0.0,55.0,193,169,99,70,58.58,0.39,-12.38,13.16,0.658,0.538,13
"[-149,-110]",HR≥45/EDG≥-/CV≤-/μ≥0.5/TP≥-,60.62,,,0.5,,340,292,177,115,60.62,7.18,-2.77,17.12,20.958,0.692,13
"[-149,-110]",HR≥45/EDG≥-/CV≤-/μ≥0.5/TP≥50,60.5,,,0.5,50.0,327,281,170,111,60.5,6.62,-3.49,16.73,18.594,0.692,13
"[-149,-110]",HR≥45/EDG≥-/CV≤-/μ≥0.5/TP≥55,61.9,,,0.5,55.0,141,126,78,48,61.9,6.13,-8.47,20.73,7.72,0.692,13
"[-149,-110]",HR≥45/EDG≥-/CV≤-/μ≥1.0/TP≥-,55.9,,,1.0,,192,161,90,71,55.9,-1.68,-15.23,11.88,-2.699,0.333,12
"[-149,-110]",HR≥45/EDG≥-/CV≤-/μ≥1.0/TP≥50,56.77,,,1.0,50.0,185,155,88,67,56.77,-0.33,-14.09,13.42,-0.517,0.5,12
"[-149,-110]",HR≥45/EDG≥-/CV≤-/μ≥1.0/TP≥55,57.32,,,1.0,55.0,93,82,47,35,57.32,-1.86,-20.31,16.59,-1.527,0.583,12
"[-149,-110]",HR≥45/EDG≥-5.0/CV≤-/μ≥-/TP≥-,56.75,-5.0,,,,459,400,227,173,56.75,0.42,-8.2,9.04,1.687,0.538,13
"[-149,-110]",HR≥45/EDG≥-5.0/CV≤-/μ≥-/TP≥50,56.59,-5.0,,,50.0,444,387,219,168,56.59,-0.15,-8.89,8.59,-0.586,0.615,13
"[-149,-110]",HR≥45/EDG≥-5.0/CV≤-/μ≥-/TP≥55,59.15,-5.0,,,55.0,183,164,97,67,59.15,1.37,-11.56,14.31,2.254,0.692,13
"[-149,-110]",HR≥45/EDG≥-5.0/CV≤-/μ≥0.0/TP≥-,56.64,-5.0,,0.0,,458,399,226,173,56.64,0.19,-8.43,8.82,0.778,0.538,13
"[-149,-110]",HR≥45/EDG≥-5.0/CV≤-/μ≥0.0/TP≥50,56.48,-5.0,,0.0,50.0,443,386,218,168,56.48,-0.39,-9.14,8.36,-1.495,0.615,13
"[-149,-110]",HR≥45/EDG≥-5.0/CV≤-/μ≥0.0/TP≥55,59.15,-5.0,,0.0,55.0,183,164,97,67,59.15,1.37,-11.56,14.31,2.254,0.692,13
"[-149,-110]",HR≥45/EDG≥-5.0/CV≤-/μ≥0.5/TP≥-,60.62,-5.0,,0.5,,340,292,177,115,60.62,7.18,-2.77,17.12,20.958,0.692,13
"[-149,-110]",HR≥45/EDG≥-5.0/CV≤-/μ≥0.5/TP≥50,60.5,-5.0,,0.5,50.0,327,281,170,111,60.5,6.62,-3.49,16.73,18.594,0.692,13
"[-149,-110]",HR≥45/EDG≥-5.0/CV≤-/μ≥0.5/TP≥55,61.9,-5.0,,0.5,55.0,141,126,78,48,61.9,6.13,-8.47,20.73,7.72,0.692,13
"[-149,-110]",HR≥45/EDG≥-5.0/CV≤-/μ≥1.0/TP≥-,55.9,-5.0,,1.0,,192,161,90,71,55.9,-1.68,-15.23,11.88,-2.699,0.333,12
"[-149,-110]",HR≥45/EDG≥-5.0/CV≤-/μ≥1.0/TP≥50,56.77,-5.0,,1.0,50.0,185,155,88,67,56.77,-0.33,-14.09,13.42,-0.517,0.5,12
"[-149,-110]",HR≥45/EDG≥-5.0/CV≤-/μ≥1.0/TP≥55,57.32,-5.0,,1.0,55.0,93,82,47,35,57.32,-1.86,-20.31,16.59,-1.527,0.583,12
"[-149,-110]",HR≥45/EDG≥0.0/CV≤-/μ≥-/TP≥-,57.49,0.0,,,,429,374,215,159,57.49,1.8,-7.1,10.71,6.751,0.538,13
"[-149,-110]",HR≥45/EDG≥0.0/CV≤-/μ≥-/TP≥50,57.34,0.0,,,50.0,414,361,207,154,57.34,1.24,-7.79,10.28,4.478,0.538,13
"[-149,-110]",HR≥45/EDG≥0.0/CV≤-/μ≥-/TP≥55,59.21,0.0,,,55.0,169,152,90,62,59.21,1.57,-11.88,15.02,2.384,0.615,13
"[-149,-110]",HR≥45/EDG≥0.0/CV≤-/μ≥0.0/TP≥-,57.49,0.0,,0.0,,429,374,215,159,57.49,1.8,-7.1,10.71,6.751,0.538,13
"[-149,-110]",HR≥45/EDG≥0.0/CV≤-/μ≥0.0/TP≥50,57.34,0.0,,0.0,50.0,414,361,207,154,57.34,1.24,-7.79,10.28,4.478,0.538,13
"[-149,-110]",HR≥45/EDG≥0.0/CV≤-/μ≥0.0/TP≥55,59.21,0.0,,0.0,55.0,169,152,90,62,59.21,1.57,-11.88,15.02,2.384,0.615,13
"[-149,-110]",HR≥45/EDG≥0.0/CV≤-/μ≥0.5/TP≥-,60.62,0.0,,0.5,,340,292,177,115,60.62,7.18,-2.77,17.12,20.958,0.692,13
"[-149,-110]",HR≥45/EDG≥0.0/CV≤-/μ≥0.5/TP≥50,60.5,0.0,,0.5,50.0,327,281,170,111,60.5,6.62,-3.49,16.73,18.594,0.692,13
"[-149,-110]",HR≥45/EDG≥0.0/CV≤-/μ≥0.5/TP≥55,61.9,0.0,,0.5,55.0,141,126,78,48,61.9,6.13,-8.47,20.73,7.72,0.692,13
"[-149,-110]",HR≥45/EDG≥0.0/CV≤-/μ≥1.0/TP≥-,55.9,0.0,,1.0,,192,161,90,71,55.9,-1.68,-15.23,11.88,-2.699,0.333,12
"[-149,-110]",HR≥45/EDG≥0.0/CV≤-/μ≥1.0/TP≥50,56.77,0.0,,1.0,50.0,185,155,88,67,56.77,-0.33,-14.09,13.42,-0.517,0.5,12
"[-149,-110]",HR≥45/EDG≥0.0/CV≤-/μ≥1.0/TP≥55,57.32,0.0,,1.0,55.0,93,82,47,35,57.32,-1.86,-20.31,16.59,-1.527,0.583,12
"[-149,-110]",HR≥45/EDG≥5.0/CV≤-/μ≥-/TP≥-,57.96,5.0,,,,367,314,182,132,57.96,2.83,-6.89,12.55,8.873,0.538,13
"[-149,-110]",HR≥45/EDG≥5.0/CV≤-/μ≥-/TP≥50,57.62,5.0,,,50.0,353,302,174,128,57.62,1.85,-8.03,11.74,5.601,0.538,13
"[-149,-110]",HR≥45/EDG≥5.0/CV≤-/μ≥-/TP≥55,57.58,5.0,,,55.0,148,132,76,56,57.58,-1.18,-15.71,13.35,-1.557,0.615,13
"[-149,-110]",HR≥45/EDG≥5.0/CV≤-/μ≥0.0/TP≥-,57.96,5.0,,0.0,,367,314,182,132,57.96,2.83,-6.89,12.55,8.873,0.538,13
"[-149,-110]",HR≥45/EDG≥5.0/CV≤-/μ≥0.0/TP≥50,57.62,5.0,,0.0,50.0,353,302,174,128,57.62,1.85,-8.03,11.74,5.601,0.538,13
"[-149,-110]",HR≥45/EDG≥5.0/CV≤-/μ≥0.0/TP≥55,57.58,5.0,,0.0,55.0,148,132,76,56,57.58,-1.18,-15.71,13.35,-1.557,0.615,13
"[-149,-110]",HR≥45/EDG≥5.0/CV≤-/μ≥0.5/TP≥-,59.26,5.0,,0.5,,318,270,160,110,59.26,5.0,-5.43,15.42,13.489,0.692,13
"[-149,-110]",HR≥45/EDG≥5.0/CV≤-/μ≥0.5/TP≥50,59.07,5.0,,0.5,50.0,305,259,153,106,59.07,4.3,-6.32,14.91,11.125,0.769,13
"[-149,-110]",HR≥45/EDG≥5.0/CV≤-/μ≥0.5/TP≥55,58.97,5.0,,0.5,55.0,132,117,69,48,58.97,1.14,-14.21,16.5,1.338,0.692,13
"[-149,-110]",HR≥45/EDG≥5.0/CV≤-/μ≥1.0/TP≥-,55.9,5.0,,1.0,,192,161,90,71,55.9,-1.68,-15.23,11.88,-2.699,0.333,12
"[-149,-110]",HR≥45/EDG≥5.0/CV≤-/μ≥1.0/TP≥50,56.77,5.0,,1.0,50.0,185,155,88,67,56.77,-0.33,-14.09,13.42,-0.517,0.5,12
"[-149,-110]",HR≥45/EDG≥5.0/CV≤-/μ≥1.0/TP≥55,57.32,5.0,,1.0,55.0,93,82,47,35,57.32,-1.86,-20.31,16.59,-1.527,0.583,12
"[-149,-110]",HR≥45/EDG≥10.0/CV≤-/μ≥-/TP≥-,55.78,10.0,,,,299,251,140,111,55.78,-1.3,-12.21,9.61,-3.264,0.615,13
"[-149,-110]",HR≥45/EDG≥10.0/CV≤-/μ≥-/TP≥50,55.6,10.0,,,50.0,287,241,134,107,55.6,-1.96,-13.06,9.14,-4.719,0.538,13
"[-149,-110]",HR≥45/EDG≥10.0/CV≤-/μ≥-/TP≥55,57.27,10.0,,,55.0,125,110,63,47,57.27,-1.83,-17.75,14.1,-2.009,0.615,13
"[-149,-110]",HR≥45/EDG≥10.0/CV≤-/μ≥0.0/TP≥-,55.78,10.0,,0.0,,299,251,140,111,55.78,-1.3,-12.21,9.61,-3.264,0.615,13
"[-149,-110]",HR≥45/EDG≥10.0/CV≤-/μ≥0.0/TP≥50,55.6,10.0,,0.0,50.0,287,241,134,107,55.6,-1.96,-13.06,9.14,-4.719,0.538,13
"[-149,-110]",HR≥45/EDG≥10.0/CV≤-/μ≥0.0/TP≥55,57.27,10.0,,0.0,55.0,125,110,63,47,57.27,-1.83,-17.75,14.1,-2.009,0.615,13
"[-149,-110]",HR≥45/EDG≥10.0/CV≤-/μ≥0.5/TP≥-,56.33,10.0,,0.5,,274,229,129,100,56.33,-0.39,-11.8,11.01,-0.901,0.615,13
"[-149,-110]",HR≥45/EDG≥10.0/CV≤-/μ≥0.5/TP≥50,56.16,10.0,,0.5,50.0,262,219,123,96,56.16,-1.08,-12.69,10.54,-2.355,0.538,13
"[-149,-110]",HR≥45/EDG≥10.0/CV≤-/μ≥0.5/TP≥55,56.73,10.0,,0.5,55.0,119,104,59,45,56.73,-2.73,-19.14,13.69,-2.834,0.538,13
"[-149,-110]",HR≥45/EDG≥10.0/CV≤-/μ≥1.0/TP≥-,55.13,10.0,,1.0,,187,156,86,70,55.13,-2.91,-16.72,10.9,-4.541,0.417,12
"[-149,-110]",HR≥45/EDG≥10.0/CV≤-/μ≥1.0/TP≥50,56.0,10.0,,1.0,50.0,180,150,84,66,56.0,-1.57,-15.6,12.46,-2.359,0.5,12
"[-149,-110]",HR≥45/EDG≥10.0/CV≤-/μ≥1.0/TP≥55,55.84,10.0,,1.0,55.0,88,77,43,34,55.84,-4.38,-23.5,14.75,-3.37,0.583,12
"[-149,-110]",HR≥50/EDG≥-/CV≤-/μ≥-/TP≥-,54.41,,,,,381,329,179,150,54.41,-4.12,-13.63,5.39,-13.557,0.462,13
"[-149,-110]",HR≥50/EDG≥-/CV≤-/μ≥-/TP≥50,54.69,,,,50.0,371,320,175,145,54.69,-3.81,-13.43,5.81,-12.193,0.462,13
"[-149,-110]",HR≥50/EDG≥-/CV≤-/μ≥-/TP≥55,57.24,,,,55.0,167,145,83,62,57.24,-1.85,-15.71,12.01,-2.681,0.462,13
"[-149,-110]",HR≥50/EDG≥-/CV≤-/μ≥0.0/TP≥-,55.11,,,0.0,,371,323,178,145,55.11,-2.9,-12.48,6.69,-9.357,0.538,13
"[-149,-110]",HR≥50/EDG≥-/CV≤-/μ≥0.0/TP≥50,55.41,,,0.0,50.0,361,314,174,140,55.41,-2.55,-12.24,7.15,-7.993,0.462,13
"[-149,-110]",HR≥50/EDG≥-/CV≤-/μ≥0.0/TP≥55,57.64,,,0.0,55.0,166,144,83,61,57.64,-1.17,-15.06,12.72,-1.681,0.462,13
"[-149,-110]",HR≥50/EDG≥-/CV≤-/μ≥0.5/TP≥-,57.74,,,0.5,,275,239,138,101,57.74,1.71,-9.36,12.79,4.097,0.538,13
"[-149,-110]",HR≥50/EDG≥-/CV≤-/μ≥0.5/TP≥50,58.19,,,0.5,50.0,267,232,135,97,58.19,2.31,-8.89,13.52,5.37,0.538,13
"[-149,-110]",HR≥50/EDG≥-/CV≤-/μ≥0.5/TP≥55,58.56,,,0.5,55.0,125,111,65,46,58.56,0.43,-15.36,16.23,0.481,0.615,13
"[-149,-110]",HR≥50/EDG≥-/CV≤-/μ≥1.0/TP≥-,54.68,,,1.0,,165,139,76,63,54.68,-3.94,-18.56,10.67,-5.483,0.333,12
"[-149,-110]",HR≥50/EDG≥-/CV≤-/μ≥1.0/TP≥50,55.97,,,1.0,50.0,160,134,75,59,55.97,-1.79,-16.61,13.04,-2.393,0.417,12
"[-149,-110]",HR≥50/EDG≥-/CV≤-/μ≥1.0/TP≥55,52.7,,,1.0,55.0,84,74,39,35,52.7,-9.74,-29.36,9.88,-7.21,0.5,12
"[-149,-110]",HR≥50/EDG≥-5.0/CV≤-/μ≥-/TP≥-,55.03,-5.0,,,,361,318,175,143,55.03,-3.0,-12.66,6.67,-9.53,0.538,13
"[-149,-110]",HR≥50/EDG≥-5.0/CV≤-/μ≥-/TP≥50,55.34,-5.0,,,50.0,351,309,171,138,55.34,-2.64,-12.42,7.14,-8.166,0.462,13
"[-149,-110]",HR≥50/EDG≥-5.0/CV≤-/μ≥-/TP≥55,57.86,-5.0,,,55.0,157,140,81,59,57.86,-0.77,-14.86,13.31,-1.085,0.538,13
"[-149,-110]",HR≥50/EDG≥-5.0/CV≤-/μ≥0.0/TP≥-,55.03,-5.0,,0.0,,361,318,175,143,55.03,-3.0,-12.66,6.67,-9.53,0.538,13
"[-149,-110]",HR≥50/EDG≥-5.0/CV≤-/μ≥0.0/TP≥50,55.34,-5.0,,0.0,50.0,351,309,171,138,55.34,-2.64,-12.42,7.14,-8.166,0.462,13
"[-149,-110]",HR≥50/EDG≥-5.0/CV≤-/μ≥0.0/TP≥55,57.86,-5.0,,0.0,55.0,157,140,81,59,57.86,-0.77,-14.86,13.31,-1.085,0.538,13
"[-149,-110]",HR≥50/EDG≥-5.0/CV≤-/μ≥0.5/TP≥-,57.74,-5.0,,0.5,,275,239,138,101,57.74,1.71,-9.36,12.79,4.097,0.538,13
"[-149,-110]",HR≥50/EDG≥-5.0/CV≤-/μ≥0.5/TP≥50,58.19,-5.0,,0.5,50.0,267,232,135,97,58.19,2.31,-8.89,13.52,5.37,0.538,13
"[-149,-110]",HR≥50/EDG≥-5.0/CV≤-/μ≥0.5/TP≥55,58.56,-5.0,,0.5,55.0,125,111,65,46,58.56,0.43,-15.36,16.23,0.481,0.615,13
"[-149,-110]",HR≥50/EDG≥-5.0/CV≤-/μ≥1.0/TP≥-,54.68,-5.0,,1.0,,165,139,76,63,54.68,-3.94,-18.56,10.67,-5.483,0.333,12
"[-149,-110]",HR≥50/EDG≥-5.0/CV≤-/μ≥1.0/TP≥50,55.97,-5.0,,1.0,50.0,160,134,75,59,55.97,-1.79,-16.61,13.04,-2.393,0.417,12
"[-149,-110]",HR≥50/EDG≥-5.0/CV≤-/μ≥1.0/TP≥55,52.7,-5.0,,1.0,55.0,84,74,39,35,52.7,-9.74,-29.36,9.88,-7.21,0.5,12
"[-149,-110]",HR≥50/EDG≥0.0/CV≤-/μ≥-/TP≥-,55.67,0.0,,,,341,300,167,133,55.67,-1.77,-11.72,8.18,-5.309,0.538,13
"[-149,-110]",HR≥50/EDG≥0.0/CV≤-/μ≥-/TP≥50,56.01,0.0,,,50.0,331,291,163,128,56.01,-1.36,-11.43,8.72,-3.946,0.538,13
"[-149,-110]",HR≥50/EDG≥0.0/CV≤-/μ≥-/TP≥55,57.36,0.0,,,55.0,145,129,74,55,57.36,-1.52,-16.23,13.2,-1.956,0.692,13
"[-149,-110]",HR≥50/EDG≥0.0/CV≤-/μ≥0.0/TP≥-,55.67,0.0,,0.0,,341,300,167,133,55.67,-1.77,-11.72,8.18,-5.309,0.538,13
"[-149,-110]",HR≥50/EDG≥0.0/CV≤-/μ≥0.0/TP≥50,56.01,0.0,,0.0,50.0,331,291,163,128,56.01,-1.36,-11.43,8.72,-3.946,0.538,13
"[-149,-110]",HR≥50/EDG≥0.0/CV≤-/μ≥0.0/TP≥55,57.36,0.0,,0.0,55.0,145,129,74,55,57.36,-1.52,-16.23,13.2,-1.956,0.692,13
"[-149,-110]",HR≥50/EDG≥0.0/CV≤-/μ≥0.5/TP≥-,57.74,0.0,,0.5,,275,239,138,101,57.74,1.71,-9.36,12.79,4.097,0.538,13
"[-149,-110]",HR≥50/EDG≥0.0/CV≤-/μ≥0.5/TP≥50,58.19,0.0,,0.5,50.0,267,232,135,97,58.19,2.31,-8.89,13.52,5.37,0.538,13
"[-149,-110]",HR≥50/EDG≥0.0/CV≤-/μ≥0.5/TP≥55,58.56,0.0,,0.5,55.0,125,111,65,46,58.56,0.43,-15.36,16.23,0.481,0.615,13
"[-149,-110]",HR≥50/EDG≥0.0/CV≤-/μ≥1.0/TP≥-,54.68,0.0,,1.0,,165,139,76,63,54.68,-3.94,-18.56,10.67,-5.483,0.333,12
"[-149,-110]",HR≥50/EDG≥0.0/CV≤-/μ≥1.0/TP≥50,55.97,0.0,,1.0,50.0,160,134,75,59,55.97,-1.79,-16.61,13.04,-2.393,0.417,12
"[-149,-110]",HR≥50/EDG≥0.0/CV≤-/μ≥1.0/TP≥55,52.7,0.0,,1.0,55.0,84,74,39,35,52.7,-9.74,-29.36,9.88,-7.21,0.5,12
"[-149,-110]",HR≥50/EDG≥5.0/CV≤-/μ≥-/TP≥-,56.15,5.0,,,,300,260,146,114,56.15,-0.69,-11.4,10.01,-1.796,0.538,13
"[-149,-110]",HR≥50/EDG≥5.0/CV≤-/μ≥-/TP≥50,56.35,5.0,,,50.0,291,252,142,110,56.35,-0.57,-11.41,10.27,-1.432,0.538,13
"[-149,-110]",HR≥50/EDG≥5.0/CV≤-/μ≥-/TP≥55,55.26,5.0,,,55.0,129,114,63,51,55.26,-5.12,-20.87,10.62,-5.84,0.538,13
"[-149,-110]",HR≥50/EDG≥5.0/CV≤-/μ≥0.0/TP≥-,56.15,5.0,,0.0,,300,260,146,114,56.15,-0.69,-11.4,10.01,-1.796,0.538,13
"[-149,-110]",HR≥50/EDG≥5.0/CV≤-/μ≥0.0/TP≥50,56.35,5.0,,0.0,50.0,291,252,142,110,56.35,-0.57,-11.41,10.27,-1.432,0.538,13
"[-149,-110]",HR≥50/EDG≥5.0/CV≤-/μ≥0.0/TP≥55,55.26,5.0,,0.0,55.0,129,114,63,51,55.26,-5.12,-20.87,10.62,-5.84,0.538,13
"[-149,-110]",HR≥50/EDG≥5.0/CV≤-/μ≥0.5/TP≥-,56.44,5.0,,0.5,,261,225,127,98,56.44,-0.36,-11.84,11.12,-0.812,0.538,13
"[-149,-110]",HR≥50/EDG≥5.0/CV≤-/μ≥0.5/TP≥50,56.88,5.0,,0.5,50.0,253,218,124,94,56.88,0.21,-11.41,11.84,0.461,0.538,13
"[-149,-110]",HR≥50/EDG≥5.0/CV≤-/μ≥0.5/TP≥55,55.34,5.0,,0.5,55.0,117,103,57,46,55.34,-5.08,-21.63,11.48,-5.23,0.615,13
"[-149,-110]",HR≥50/EDG≥5.0/CV≤-/μ≥1.0/TP≥-,54.68,5.0,,1.0,,165,139,76,63,54.68,-3.94,-18.56,10.67,-5.483,0.333,12
"[-149,-110]",HR≥50/EDG≥5.0/CV≤-/μ≥1.0/TP≥50,55.97,5.0,,1.0,50.0,160,134,75,59,55.97,-1.79,-16.61,13.04,-2.393,0.417,12
"[-149,-110]",HR≥50/EDG≥5.0/CV≤-/μ≥1.0/TP≥55,52.7,5.0,,1.0,55.0,84,74,39,35,52.7,-9.74,-29.36,9.88,-7.21,0.5,12
"[-149,-110]",HR≥50/EDG≥10.0/CV≤-/μ≥-/TP≥-,52.63,10.0,,,,247,209,110,99,52.63,-7.15,-19.14,4.84,-14.946,0.462,13
"[-149,-110]",HR≥50/EDG≥10.0/CV≤-/μ≥-/TP≥50,53.2,10.0,,,50.0,240,203,108,95,53.2,-6.29,-18.43,5.85,-12.764,0.462,13
"[-149,-110]",HR≥50/EDG≥10.0/CV≤-/μ≥-/TP≥55,52.63,10.0,,,55.0,109,95,50,45,52.63,-9.78,-27.09,7.53,-9.291,0.462,13
"[-149,-110]",HR≥50/EDG≥10.0/CV≤-/μ≥0.0/TP≥-,52.63,10.0,,0.0,,247,209,110,99,52.63,-7.15,-19.14,4.84,-14.946,0.462,13
"[-149,-110]",HR≥50/EDG≥10.0/CV≤-/μ≥0.0/TP≥50,53.2,10.0,,0.0,50.0,240,203,108,95,53.2,-6.29,-18.43,5.85,-12.764,0.462,13
"[-149,-110]",HR≥50/EDG≥10.0/CV≤-/μ≥0.0/TP≥55,52.63,10.0,,0.0,55.0,109,95,50,45,52.63,-9.78,-27.09,7.53,-9.291,0.462,13
"[-149,-110]",HR≥50/EDG≥10.0/CV≤-/μ≥0.5/TP≥-,53.44,10.0,,0.5,,225,189,101,88,53.44,-5.83,-18.41,6.76,-11.014,0.385,13
"[-149,-110]",HR≥50/EDG≥10.0/CV≤-/μ≥0.5/TP≥50,54.1,10.0,,0.5,50.0,218,183,99,84,54.1,-4.83,-17.58,7.93,-8.832,0.462,13
"[-149,-110]",HR≥50/EDG≥10.0/CV≤-/μ≥0.5/TP≥55,52.22,10.0,,0.5,55.0,104,90,47,43,52.22,-10.45,-28.25,7.35,-9.403,0.462,13
"[-149,-110]",HR≥50/EDG≥10.0/CV≤-/μ≥1.0/TP≥-,53.73,10.0,,1.0,,160,134,72,62,53.73,-5.47,-20.4,9.46,-7.326,0.333,12
"[-149,-110]",HR≥50/EDG≥10.0/CV≤-/μ≥1.0/TP≥50,55.04,10.0,,1.0,50.0,155,129,71,58,55.04,-3.28,-18.45,11.88,-4.235,0.5,12
"[-149,-110]",HR≥50/EDG≥10.0/CV≤-/μ≥1.0/TP≥55,50.72,10.0,,1.0,55.0,79,69,35,34,50.72,-13.12,-33.48,7.24,-9.053,0.364,11
"[-149,-110]",HR≥55/EDG≥-/CV≤-/μ≥-/TP≥-,56.13,,,,,288,253,142,111,56.13,-1.44,-12.21,9.34,-3.631,0.462,13
"[-149,-110]",HR≥55/EDG≥-/CV≤-/μ≥-/TP≥50,56.45,,,,50.0,283,248,140,108,56.45,-0.99,-11.85,9.87,-2.449,0.538,13
"[-149,-110]",HR≥55/EDG≥-/CV≤-/μ≥-/TP≥55,60.33,,,,55.0,135,121,73,48,60.33,3.55,-11.48,18.58,4.294,0.615,13
"[-149,-110]",HR≥55/EDG≥-/CV≤-/μ≥0.0/TP≥-,56.85,,,0.0,,281,248,141,107,56.85,-0.17,-11.03,10.69,-0.431,0.462,13
"[-149,-110]",HR≥55/EDG≥-/CV≤-/μ≥0.0/TP≥50,57.2,,,0.0,50.0,276,243,139,104,57.2,0.31,-10.64,11.26,0.751,0.538,13
"[-149,-110]",HR≥55/EDG≥-/CV≤-/μ≥0.0/TP≥55,60.33,,,0.0,55.0,135,121,73,48,60.33,3.55,-11.48,18.58,4.294,0.615,13
"[-149,-110]",HR≥55/EDG≥-/CV≤-/μ≥0.5/TP≥-,59.6,,,0.5,,226,198,118,80,59.6,4.75,-7.31,16.81,9.406,0.538,13
"[-149,-110]",HR≥55/EDG≥-/CV≤-/μ≥0.5/TP≥50,60.1,,,0.5,50.0,221,193,116,77,60.1,5.49,-6.69,17.66,10.588,0.615,13
"[-149,-110]",HR≥55/EDG≥-/CV≤-/μ≥0.5/TP≥55,60.61,,,0.5,55.0,110,99,60,39,60.61,4.04,-12.58,20.65,3.995,0.615,13
"[-149,-110]",HR≥55/EDG≥-/CV≤-/μ≥1.0/TP≥-,56.64,,,1.0,,134,113,64,49,56.64,-0.58,-16.72,15.56,-0.654,0.417,12
"[-149,-110]",HR≥55/EDG≥-/CV≤-/μ≥1.0/TP≥50,57.8,,,1.0,50.0,130,109,63,46,57.8,1.32,-15.03,17.67,1.437,0.5,12
"[-149,-110]",HR≥55/EDG≥-/CV≤-/μ≥1.0/TP≥55,55.56,,,1.0,55.0,70,63,35,28,55.56,-4.8,-26.0,16.4,-3.024,0.667,12
"[-149,-110]",HR≥55/EDG≥-5.0/CV≤-/μ≥-/TP≥-,56.97,-5.0,,,,276,244,139,105,56.97,0.07,-10.88,11.02,0.165,0.462,13
"[-149,-110]",HR≥55/EDG≥-5.0/CV≤-/μ≥-/TP≥50,57.32,-5.0,,,50.0,271,239,137,102,57.32,0.56,-10.48,11.6,1.347,0.538,13
"[-149,-110]",HR≥55/EDG≥-5.0/CV≤-/μ≥-/TP≥55,60.68,-5.0,,,55.0,130,117,71,46,60.68,4.18,-11.09,19.45,4.89,0.692,13
"[-149,-110]",HR≥55/EDG≥-5.0/CV≤-/μ≥0.0/TP≥-,56.97,-5.0,,0.0,,276,244,139,105,56.97,0.07,-10.88,11.02,0.165,0.462,13
"[-149,-110]",HR≥55/EDG≥-5.0/CV≤-/μ≥0.0/TP≥50,57.32,-5.0,,0.0,50.0,271,239,137,102,57.32,0.56,-10.48,11.6,1.347,0.538,13
"[-149,-110]",HR≥55/EDG≥-5.0/CV≤-/μ≥0.0/TP≥55,60.68,-5.0,,0.0,55.0,130,117,71,46,60.68,4.18,-11.09,19.45,4.89,0.692,13
"[-149,-110]",HR≥55/EDG≥-5.0/CV≤-/μ≥0.5/TP≥-,59.6,-5.0,,0.5,,226,198,118,80,59.6,4.75,-7.31,16.81,9.406,0.538,13
"[-149,-110]",HR≥55/EDG≥-5.0/CV≤-/μ≥0.5/TP≥50,60.1,-5.0,,0.5,50.0,221,193,116,77,60.1,5.49,-6.69,17.66,10.588,0.615,13
"[-149,-110]",HR≥55/EDG≥-5.0/CV≤-/μ≥0.5/TP≥55,60.61,-5.0,,0.5,55.0,110,99,60,39,60.61,4.04,-12.58,20.65,3.995,0.615,13
"[-149,-110]",HR≥55/EDG≥-5.0/CV≤-/μ≥1.0/TP≥-,56.64,-5.0,,1.0,,134,113,64,49,56.64,-0.58,-16.72,15.56,-0.654,0.417,12
"[-149,-110]",HR≥55/EDG≥-5.0/CV≤-/μ≥1.0/TP≥50,57.8,-5.0,,1.0,50.0,130,109,63,46,57.8,1.32,-15.03,17.67,1.437,0.5,12
"[-149,-110]",HR≥55/EDG≥-5.0/CV≤-/μ≥1.0/TP≥55,55.56,-5.0,,1.0,55.0,70,63,35,28,55.56,-4.8,-26.0,16.4,-3.024,0.667,12
"[-149,-110]",HR≥55/EDG≥0.0/CV≤-/μ≥-/TP≥-,57.94,0.0,,,,263,233,135,98,57.94,1.89,-9.3,13.07,4.395,0.462,13
"[-149,-110]",HR≥55/EDG≥0.0/CV≤-/μ≥-/TP≥50,58.33,0.0,,,50.0,258,228,133,95,58.33,2.45,-8.83,13.72,5.576,0.538,13
"[-149,-110]",HR≥55/EDG≥0.0/CV≤-/μ≥-/TP≥55,60.36,0.0,,,55.0,123,111,67,44,60.36,3.71,-12.0,19.42,4.119,0.692,13
"[-149,-110]",HR≥55/EDG≥0.0/CV≤-/μ≥0.0/TP≥-,57.94,0.0,,0.0,,263,233,135,98,57.94,1.89,-9.3,13.07,4.395,0.462,13
"[-149,-110]",HR≥55/EDG≥0.0/CV≤-/μ≥0.0/TP≥50,58.33,0.0,,0.0,50.0,258,228,133,95,58.33,2.45,-8.83,13.72,5.576,0.538,13
"[-149,-110]",HR≥55/EDG≥0.0/CV≤-/μ≥0.0/TP≥55,60.36,0.0,,0.0,55.0,123,111,67,44,60.36,3.71,-12.0,19.42,4.119,0.692,13
"[-149,-110]",HR≥55/EDG≥0.0/CV≤-/μ≥0.5/TP≥-,59.6,0.0,,0.5,,226,198,118,80,59.6,4.75,-7.31,16.81,9.406,0.538,13
"[-149,-110]",HR≥55/EDG≥0.0/CV≤-/μ≥0.5/TP≥50,60.1,0.0,,0.5,50.0,221,193,116,77,60.1,5.49,-6.69,17.66,10.588,0.615,13
"[-149,-110]",HR≥55/EDG≥0.0/CV≤-/μ≥0.5/TP≥55,60.61,0.0,,0.5,55.0,110,99,60,39,60.61,4.04,-12.58,20.65,3.995,0.615,13
"[-149,-110]",HR≥55/EDG≥0.0/CV≤-/μ≥1.0/TP≥-,56.64,0.0,,1.0,,134,113,64,49,56.64,-0.58,-16.72,15.56,-0.654,0.417,12
"[-149,-110]",HR≥55/EDG≥0.0/CV≤-/μ≥1.0/TP≥50,57.8,0.0,,1.0,50.0,130,109,63,46,57.8,1.32,-15.03,17.67,1.437,0.5,12
"[-149,-110]",HR≥55/EDG≥0.0/CV≤-/μ≥1.0/TP≥55,55.56,0.0,,1.0,55.0,70,63,35,28,55.56,-4.8,-26.0,16.4,-3.024,0.667,12
"[-149,-110]",HR≥55/EDG≥5.0/CV≤-/μ≥-/TP≥-,58.5,5.0,,,,229,200,117,83,58.5,3.1,-8.98,15.19,6.207,0.538,13
"[-149,-110]",HR≥55/EDG≥5.0/CV≤-/μ≥-/TP≥50,58.97,5.0,,,50.0,224,195,115,80,58.97,3.79,-8.41,15.99,7.389,0.462,13
"[-149,-110]",HR≥55/EDG≥5.0/CV≤-/μ≥-/TP≥55,57.73,5.0,,,55.0,108,97,56,41,57.73,-0.79,-17.78,16.2,-0.765,0.615,13
"[-149,-110]",HR≥55/EDG≥5.0/CV≤-/μ≥0.0/TP≥-,58.5,5.0,,0.0,,229,200,117,83,58.5,3.1,-8.98,15.19,6.207,0.538,13
"[-149,-110]",HR≥55/EDG≥5.0/CV≤-/μ≥0.0/TP≥50,58.97,5.0,,0.0,50.0,224,195,115,80,58.97,3.79,-8.41,15.99,7.389,0.462,13
"[-149,-110]",HR≥55/EDG≥5.0/CV≤-/μ≥0.0/TP≥55,57.73,5.0,,0.0,55.0,108,97,56,41,57.73,-0.79,-17.78,16.2,-0.765,0.615,13
"[-149,-110]",HR≥55/EDG≥5.0/CV≤-/μ≥0.5/TP≥-,58.15,5.0,,0.5,,212,184,107,77,58.15,2.44,-10.17,15.06,4.497,0.462,13
"[-149,-110]",HR≥55/EDG≥5.0/CV≤-/μ≥0.5/TP≥50,58.66,5.0,,0.5,50.0,207,179,105,74,58.66,3.17,-9.57,15.92,5.679,0.538,13
"[-149,-110]",HR≥55/EDG≥5.0/CV≤-/μ≥0.5/TP≥55,57.14,5.0,,0.5,55.0,102,91,52,39,57.14,-1.89,-19.45,15.68,-1.716,0.615,13
"[-149,-110]",HR≥55/EDG≥5.0/CV≤-/μ≥1.0/TP≥-,56.64,5.0,,1.0,,134,113,64,49,56.64,-0.58,-16.72,15.56,-0.654,0.417,12
"[-149,-110]",HR≥55/EDG≥5.0/CV≤-/μ≥1.0/TP≥50,57.8,5.0,,1.0,50.0,130,109,63,46,57.8,1.32,-15.03,17.67,1.437,0.5,12
"[-149,-110]",HR≥55/EDG≥5.0/CV≤-/μ≥1.0/TP≥55,55.56,5.0,,1.0,55.0,70,63,35,28,55.56,-4.8,-26.0,16.4,-3.024,0.667,12
"[-149,-110]",HR≥55/EDG≥10.0/CV≤-/μ≥-/TP≥-,54.72,10.0,,,,187,159,87,72,54.72,-3.81,-17.47,9.85,-6.057,0.462,13
"[-149,-110]",HR≥55/EDG≥10.0/CV≤-/μ≥-/TP≥50,55.48,10.0,,,50.0,183,155,86,69,55.48,-2.56,-16.36,11.25,-3.966,0.462,13
"[-149,-110]",HR≥55/EDG≥10.0/CV≤-/μ≥-/TP≥55,54.32,10.0,,,55.0,92,81,44,37,54.32,-6.79,-25.53,11.94,-5.502,0.462,13
"[-149,-110]",HR≥55/EDG≥10.0/CV≤-/μ≥0.0/TP≥-,54.72,10.0,,0.0,,187,159,87,72,54.72,-3.81,-17.47,9.85,-6.057,0.462,13
"[-149,-110]",HR≥55/EDG≥10.0/CV≤-/μ≥0.0/TP≥50,55.48,10.0,,0.0,50.0,183,155,86,69,55.48,-2.56,-16.36,11.25,-3.966,0.462,13
"[-149,-110]",HR≥55/EDG≥10.0/CV≤-/μ≥0.0/TP≥55,54.32,10.0,,0.0,55.0,92,81,44,37,54.32,-6.79,-25.53,11.94,-5.502,0.462,13
"[-149,-110]",HR≥55/EDG≥10.0/CV≤-/μ≥0.5/TP≥-,55.48,10.0,,0.5,,183,155,86,69,55.48,-2.41,-16.23,11.42,-3.728,0.462,13
"[-149,-110]",HR≥55/EDG≥10.0/CV≤-/μ≥0.5/TP≥50,56.29,10.0,,0.5,50.0,179,151,85,66,56.29,-1.08,-15.05,12.88,-1.637,0.462,13
"[-149,-110]",HR≥55/EDG≥10.0/CV≤-/μ≥0.5/TP≥55,53.75,10.0,,0.5,55.0,91,80,43,37,53.75,-7.72,-26.6,11.17,-6.174,0.462,13
"[-149,-110]",HR≥55/EDG≥10.0/CV≤-/μ≥1.0/TP≥-,55.45,10.0,,1.0,,131,110,61,49,55.45,-2.53,-18.95,13.9,-2.781,0.417,12
"[-149,-110]",HR≥55/EDG≥10.0/CV≤-/μ≥1.0/TP≥50,56.6,10.0,,1.0,50.0,127,106,60,46,56.6,-0.65,-17.32,16.01,-0.691,0.5,12
"[-149,-110]",HR≥55/EDG≥10.0/CV≤-/μ≥1.0/TP≥55,53.33,10.0,,1.0,55.0,67,60,32,28,53.33,-8.59,-30.41,13.24,-5.152,0.636,11
"[-149,-110]",HR≥60/EDG≥-/CV≤-/μ≥-/TP≥-,58.2,,,,,214,189,110,79,58.2,2.08,-10.31,14.46,3.927,0.5,12
"[-149,-110]",HR≥60/EDG≥-/CV≤-/μ≥-/TP≥50,58.38,,,,50.0,210,185,108,77,58.38,2.22,-10.27,14.71,4.108,0.5,12
"[-149,-110]",HR≥60/EDG≥-/CV≤-/μ≥-/TP≥55,62.37,,,,55.0,103,93,58,35,62.37,6.74,-10.21,23.69,6.269,0.667,12
"[-149,-110]",HR≥60/EDG≥-/CV≤-/μ≥0.0/TP≥-,58.92,,,0.0,,209,185,109,76,58.92,3.31,-9.17,15.8,6.127,0.5,12
"[-149,-110]",HR≥60/EDG≥-/CV≤-/μ≥0.0/TP≥50,59.12,,,0.0,50.0,205,181,107,74,59.12,3.49,-9.11,16.08,6.308,0.5,12
"[-149,-110]",HR≥60/EDG≥-/CV≤-/μ≥0.0/TP≥55,62.37,,,0.0,55.0,103,93,58,35,62.37,6.74,-10.21,23.69,6.269,0.667,12
"[-149,-110]",HR≥60/EDG≥-/CV≤-/μ≥0.5/TP≥-,60.78,,,0.5,,176,153,93,60,60.78,6.77,-6.89,20.43,10.359,0.667,12
"[-149,-110]",HR≥60/EDG≥-/CV≤-/μ≥0.5/TP≥50,61.07,,,0.5,50.0,172,149,91,58,61.07,7.07,-6.72,20.87,10.541,0.667,12
"[-149,-110]",HR≥60/EDG≥-/CV≤-/μ≥0.5/TP≥55,61.54,,,0.5,55.0,88,78,48,30,61.54,5.45,-13.18,24.08,4.25,0.583,12
"[-149,-110]",HR≥60/EDG≥-/CV≤-/μ≥1.0/TP≥-,55.17,,,1.0,,105,87,48,39,55.17,-3.35,-21.79,15.09,-2.913,0.545,11
"[-149,-110]",HR≥60/EDG≥-/CV≤-/μ≥1.0/TP≥50,55.95,,,1.0,50.0,102,84,47,37,55.95,-2.17,-20.87,16.53,-1.822,0.545,11
"[-149,-110]",HR≥60/EDG≥-/CV≤-/μ≥1.0/TP≥55,55.1,,,1.0,55.0,55,49,27,22,55.1,-5.72,-29.81,18.36,-2.805,0.333,9
"[-149,-110]",HR≥60/EDG≥-5.0/CV≤-/μ≥-/TP≥-,58.47,-5.0,,,,207,183,107,76,58.47,2.58,-10.0,15.16,4.723,0.5,12
"[-149,-110]",HR≥60/EDG≥-5.0/CV≤-/μ≥-/TP≥50,58.66,-5.0,,,50.0,203,179,105,74,58.66,2.74,-9.95,15.43,4.905,0.5,12
"[-149,-110]",HR≥60/EDG≥-5.0/CV≤-/μ≥-/TP≥55,61.54,-5.0,,,55.0,101,91,56,35,61.54,5.35,-11.87,22.56,4.865,0.667,12
"[-149,-110]",HR≥60/EDG≥-5.0/CV≤-/μ≥0.0/TP≥-,58.47,-5.0,,0.0,,207,183,107,76,58.47,2.58,-10.0,15.16,4.723,0.5,12
"[-149,-110]",HR≥60/EDG≥-5.0/CV≤-/μ≥0.0/TP≥50,58.66,-5.0,,0.0,50.0,203,179,105,74,58.66,2.74,-9.95,15.43,4.905,0.5,12
"[-149,-110]",HR≥60/EDG≥-5.0/CV≤-/μ≥0.0/TP≥55,61.54,-5.0,,0.0,55.0,101,91,56,35,61.54,5.35,-11.87,22.56,4.865,0.667,12
"[-149,-110]",HR≥60/EDG≥-5.0/CV≤-/μ≥0.5/TP≥-,60.78,-5.0,,0.5,,176,153,93,60,60.78,6.77,-6.89,20.43,10.359,0.667,12
"[-149,-110]",HR≥60/EDG≥-5.0/CV≤-/μ≥0.5/TP≥50,61.07,-5.0,,0.5,50.0,172,149,91,58,61.07,7.07,-6.72,20.87,10.541,0.667,12
"[-149,-110]",HR≥60/EDG≥-5.0/CV≤-/μ≥0.5/TP≥55,61.54,-5.0,,0.5,55.0,88,78,48,30,61.54,5.45,-13.18,24.08,4.25,0.583,12
"[-149,-110]",HR≥60/EDG≥-5.0/CV≤-/μ≥1.0/TP≥-,55.17,-5.0,,1.0,,105,87,48,39,55.17,-3.35,-21.79,15.09,-2.913,0.545,11
"[-149,-110]",HR≥60/EDG≥-5.0/CV≤-/μ≥1.0/TP≥50,55.95,-5.0,,1.0,50.0,102,84,47,37,55.95,-2.17,-20.87,16.53,-1.822,0.545,11
"[-149,-110]",HR≥60/EDG≥-5.0/CV≤-/μ≥1.0/TP≥55,55.1,-5.0,,1.0,55.0,55,49,27,22,55.1,-5.72,-29.81,18.36,-2.805,0.333,9
"[-149,-110]",HR≥60/EDG≥0.0/CV≤-/μ≥-/TP≥-,58.86,0.0,,,,198,175,103,72,58.86,3.4,-9.47,16.27,5.952,0.583,12
"[-149,-110]",HR≥60/EDG≥0.0/CV≤-/μ≥-/TP≥50,59.06,0.0,,,50.0,194,171,101,70,59.06,3.59,-9.4,16.57,6.134,0.5,12
"[-149,-110]",HR≥60/EDG≥0.0/CV≤-/μ≥-/TP≥55,60.47,0.0,,,55.0,96,86,52,34,60.47,3.6,-14.22,21.41,3.094,0.667,12
"[-149,-110]",HR≥60/EDG≥0.0/CV≤-/μ≥0.0/TP≥-,58.86,0.0,,0.0,,198,175,103,72,58.86,3.4,-9.47,16.27,5.952,0.583,12
"[-149,-110]",HR≥60/EDG≥0.0/CV≤-/μ≥0.0/TP≥50,59.06,0.0,,0.0,50.0,194,171,101,70,59.06,3.59,-9.4,16.57,6.134,0.5,12
"[-149,-110]",HR≥60/EDG≥0.0/CV≤-/μ≥0.0/TP≥55,60.47,0.0,,0.0,55.0,96,86,52,34,60.47,3.6,-14.22,21.41,3.094,0.667,12
"[-149,-110]",HR≥60/EDG≥0.0/CV≤-/μ≥0.5/TP≥-,60.78,0.0,,0.5,,176,153,93,60,60.78,6.77,-6.89,20.43,10.359,0.667,12
"[-149,-110]",HR≥60/EDG≥0.0/CV≤-/μ≥0.5/TP≥50,61.07,0.0,,0.5,50.0,172,149,91,58,61.07,7.07,-6.72,20.87,10.541,0.667,12
"[-149,-110]",HR≥60/EDG≥0.0/CV≤-/μ≥0.5/TP≥55,61.54,0.0,,0.5,55.0,88,78,48,30,61.54,5.45,-13.18,24.08,4.25,0.583,12
"[-149,-110]",HR≥60/EDG≥0.0/CV≤-/μ≥1.0/TP≥-,55.17,0.0,,1.0,,105,87,48,39,55.17,-3.35,-21.79,15.09,-2.913,0.545,11
"[-149,-110]",HR≥60/EDG≥0.0/CV≤-/μ≥1.0/TP≥50,55.95,0.0,,1.0,50.0,102,84,47,37,55.95,-2.17,-20.87,16.53,-1.822,0.545,11
"[-149,-110]",HR≥60/EDG≥0.0/CV≤-/μ≥1.0/TP≥55,55.1,0.0,,1.0,55.0,55,49,27,22,55.1,-5.72,-29.81,18.36,-2.805,0.333,9
"[-149,-110]",HR≥60/EDG≥5.0/CV≤-/μ≥-/TP≥-,57.89,5.0,,,,175,152,88,64,57.89,1.95,-11.94,15.84,2.962,0.5,12
"[-149,-110]",HR≥60/EDG≥5.0/CV≤-/μ≥-/TP≥50,58.11,5.0,,,50.0,171,148,86,62,58.11,2.12,-11.91,16.16,3.144,0.583,12
"[-149,-110]",HR≥60/EDG≥5.0/CV≤-/μ≥-/TP≥55,56.76,5.0,,,55.0,84,74,42,32,56.76,-2.73,-22.22,16.75,-2.021,0.583,12
"[-149,-110]",HR≥60/EDG≥5.0/CV≤-/μ≥0.0/TP≥-,57.89,5.0,,0.0,,175,152,88,64,57.89,1.95,-11.94,15.84,2.962,0.5,12
"[-149,-110]",HR≥60/EDG≥5.0/CV≤-/μ≥0.0/TP≥50,58.11,5.0,,0.0,50.0,171,148,86,62,58.11,2.12,-11.91,16.16,3.144,0.583,12
"[-149,-110]",HR≥60/EDG≥5.0/CV≤-/μ≥0.0/TP≥55,56.76,5.0,,0.0,55.0,84,74,42,32,56.76,-2.73,-22.22,16.75,-2.021,0.583,12
"[-149,-110]",HR≥60/EDG≥5.0/CV≤-/μ≥0.5/TP≥-,58.87,5.0,,0.5,,164,141,83,58,58.87,3.66,-10.72,18.04,5.165,0.667,12
"[-149,-110]",HR≥60/EDG≥5.0/CV≤-/μ≥0.5/TP≥50,59.12,5.0,,0.5,50.0,160,137,81,56,59.12,3.9,-10.64,18.45,5.346,0.75,12
"[-149,-110]",HR≥60/EDG≥5.0/CV≤-/μ≥0.5/TP≥55,57.14,5.0,,0.5,55.0,80,70,40,30,57.14,-2.09,-22.1,17.93,-1.461,0.583,12
"[-149,-110]",HR≥60/EDG≥5.0/CV≤-/μ≥1.0/TP≥-,55.17,5.0,,1.0,,105,87,48,39,55.17,-3.35,-21.79,15.09,-2.913,0.545,11
"[-149,-110]",HR≥60/EDG≥5.0/CV≤-/μ≥1.0/TP≥50,55.95,5.0,,1.0,50.0,102,84,47,37,55.95,-2.17,-20.87,16.53,-1.822,0.545,11
"[-149,-110]",HR≥60/EDG≥5.0/CV≤-/μ≥1.0/TP≥55,55.1,5.0,,1.0,55.0,55,49,27,22,55.1,-5.72,-29.81,18.36,-2.805,0.333,9
"[-149,-110]",HR≥60/EDG≥10.0/CV≤-/μ≥-/TP≥-,54.55,10.0,,,,144,121,66,55,54.55,-4.28,-19.94,11.38,-5.18,0.417,12
"[-149,-110]",HR≥60/EDG≥10.0/CV≤-/μ≥-/TP≥50,55.08,10.0,,,50.0,141,118,65,53,55.08,-3.47,-19.28,12.35,-4.089,0.5,12
"[-149,-110]",HR≥60/EDG≥10.0/CV≤-/μ≥-/TP≥55,54.84,10.0,,,55.0,72,62,34,28,54.84,-6.14,-27.52,15.24,-3.808,0.333,12
"[-149,-110]",HR≥60/EDG≥10.0/CV≤-/μ≥0.0/TP≥-,54.55,10.0,,0.0,,144,121,66,55,54.55,-4.28,-19.94,11.38,-5.18,0.417,12
"[-149,-110]",HR≥60/EDG≥10.0/CV≤-/μ≥0.0/TP≥50,55.08,10.0,,0.0,50.0,141,118,65,53,55.08,-3.47,-19.28,12.35,-4.089,0.5,12
"[-149,-110]",HR≥60/EDG≥10.0/CV≤-/μ≥0.0/TP≥55,54.84,10.0,,0.0,55.0,72,62,34,28,54.84,-6.14,-27.52,15.24,-3.808,0.333,12
"[-149,-110]",HR≥60/EDG≥10.0/CV≤-/μ≥0.5/TP≥-,55.56,10.0,,0.5,,140,117,65,52,55.56,-2.44,-18.34,13.47,-2.851,0.417,12
"[-149,-110]",HR≥60/EDG≥10.0/CV≤-/μ≥0.5/TP≥50,56.14,10.0,,0.5,50.0,137,114,64,50,56.14,-1.54,-17.61,14.52,-1.76,0.5,12
"[-149,-110]",HR≥60/EDG≥10.0/CV≤-/μ≥0.5/TP≥55,54.1,10.0,,0.5,55.0,71,61,33,28,54.1,-7.34,-28.95,14.26,-4.479,0.333,12
"[-149,-110]",HR≥60/EDG≥10.0/CV≤-/μ≥1.0/TP≥-,54.12,10.0,,1.0,,103,85,46,39,54.12,-5.11,-23.82,13.61,-4.342,0.545,11
"[-149,-110]",HR≥60/EDG≥10.0/CV≤-/μ≥1.0/TP≥50,54.88,10.0,,1.0,50.0,100,82,45,37,54.88,-3.96,-22.95,15.03,-3.251,0.455,11
"[-149,-110]",HR≥60/EDG≥10.0/CV≤-/μ≥1.0/TP≥55,53.19,10.0,,1.0,55.0,53,47,25,22,53.19,-9.01,-33.68,15.67,-4.234,0.333,9
"[-149,-110]",HR≥65/EDG≥-/CV≤-/μ≥-/TP≥-,63.11,,,,,133,122,77,45,63.11,10.96,-4.18,26.11,13.374,0.667,12
"[-149,-110]",HR≥65/EDG≥-/CV≤-/μ≥-/TP≥50,62.5,,,,50.0,131,120,75,45,62.5,9.63,-5.66,24.92,11.556,0.667,12
"[-149,-110]",HR≥65/EDG≥-/CV≤-/μ≥-/TP≥55,62.3,,,,55.0,67,61,38,23,62.3,6.34,-14.6,27.28,3.865,0.75,12
"[-149,-110]",HR≥65/EDG≥-/CV≤-/μ≥0.0/TP≥-,63.64,,,0.0,,132,121,77,44,63.64,11.88,-3.29,27.04,14.374,0.667,12
"[-149,-110]",HR≥65/EDG≥-/CV≤-/μ≥0.0/TP≥50,63.03,,,0.0,50.0,130,119,75,44,63.03,10.55,-4.76,25.86,12.556,0.667,12
"[-149,-110]",HR≥65/EDG≥-/CV≤-/μ≥0.0/TP≥55,62.3,,,0.0,55.0,67,61,38,23,62.3,6.34,-14.6,27.28,3.865,0.75,12
"[-149,-110]",HR≥65/EDG≥-/CV≤-/μ≥0.5/TP≥-,64.81,,,0.5,,119,108,70,38,64.81,14.12,-1.84,30.09,15.254,0.75,12
"[-149,-110]",HR≥65/EDG≥-/CV≤-/μ≥0.5/TP≥50,64.15,,,0.5,50.0,117,106,68,38,64.15,12.68,-3.47,28.82,13.436,0.75,12
"[-149,-110]",HR≥65/EDG≥-/CV≤-/μ≥0.5/TP≥55,62.96,,,0.5,55.0,60,54,34,20,62.96,7.63,-14.6,29.86,4.118,0.667,12
"[-149,-110]",HR≥65/EDG≥-/CV≤-/μ≥1.0/TP≥-,53.97,,,1.0,,71,63,34,29,53.97,-5.37,-27.16,16.43,-3.381,0.364,11
"[-149,-110]",HR≥65/EDG≥-/CV≤-/μ≥1.0/TP≥50,53.23,,,1.0,50.0,70,62,33,29,53.23,-6.92,-28.85,15.01,-4.29,0.364,11
"[-149,-110]",HR≥65/EDG≥-/CV≤-/μ≥1.0/TP≥55,51.35,,,1.0,55.0,41,37,19,18,51.35,-12.3,-40.19,15.6,-4.55,0.444,9
"[-149,-110]",HR≥65/EDG≥-5.0/CV≤-/μ≥-/TP≥-,63.33,-5.0,,,,131,120,76,44,63.33,11.4,-3.86,26.67,13.685,0.667,12
"[-149,-110]",HR≥65/EDG≥-5.0/CV≤-/μ≥-/TP≥50,62.71,-5.0,,,50.0,129,118,74,44,62.71,10.06,-5.35,25.46,11.866,0.667,12
"[-149,-110]",HR≥65/EDG≥-5.0/CV≤-/μ≥-/TP≥55,61.67,-5.0,,,55.0,66,60,37,23,61.67,5.29,-15.9,26.48,3.175,0.75,12
"[-149,-110]",HR≥65/EDG≥-5.0/CV≤-/μ≥0.0/TP≥-,63.33,-5.0,,0.0,,131,120,76,44,63.33,11.4,-3.86,26.67,13.685,0.667,12
"[-149,-110]",HR≥65/EDG≥-5.0/CV≤-/μ≥0.0/TP≥50,62.71,-5.0,,0.0,50.0,129,118,74,44,62.71,10.06,-5.35,25.46,11.866,0.667,12
"[-149,-110]",HR≥65/EDG≥-5.0/CV≤-/μ≥0.0/TP≥55,61.67,-5.0,,0.0,55.0,66,60,37,23,61.67,5.29,-15.9,26.48,3.175,0.75,12
"[-149,-110]",HR≥65/EDG≥-5.0/CV≤-/μ≥0.5/TP≥-,64.81,-5.0,,0.5,,119,108,70,38,64.81,14.12,-1.84,30.09,15.254,0.75,12
"[-149,-110]",HR≥65/EDG≥-5.0/CV≤-/μ≥0.5/TP≥50,64.15,-5.0,,0.5,50.0,117,106,68,38,64.15,12.68,-3.47,28.82,13.436,0.75,12
"[-149,-110]",HR≥65/EDG≥-5.0/CV≤-/μ≥0.5/TP≥55,62.96,-5.0,,0.5,55.0,60,54,34,20,62.96,7.63,-14.6,29.86,4.118,0.667,12
"[-149,-110]",HR≥65/EDG≥-5.0/CV≤-/μ≥1.0/TP≥-,53.97,-5.0,,1.0,,71,63,34,29,53.97,-5.37,-27.16,16.43,-3.381,0.364,11
"[-149,-110]",HR≥65/EDG≥-5.0/CV≤-/μ≥1.0/TP≥50,53.23,-5.0,,1.0,50.0,70,62,33,29,53.23,-6.92,-28.85,15.01,-4.29,0.364,11
"[-149,-110]",HR≥65/EDG≥-5.0/CV≤-/μ≥1.0/TP≥55,51.35,-5.0,,1.0,55.0,41,37,19,18,51.35,-12.3,-40.19,15.6,-4.55,0.444,9
"[-149,-110]",HR≥65/EDG≥0.0/CV≤-/μ≥-/TP≥-,63.79,0.0,,,,127,116,74,42,63.79,12.33,-3.17,27.83,14.299,0.75,12
"[-149,-110]",HR≥65/EDG≥0.0/CV≤-/μ≥-/TP≥50,63.16,0.0,,,50.0,125,114,72,42,63.16,10.95,-4.71,26.6,12.481,0.667,12
"[-149,-110]",HR≥65/EDG≥0.0/CV≤-/μ≥-/TP≥55,60.34,0.0,,,55.0,64,58,35,23,60.34,3.09,-18.62,24.79,1.79,0.75,12
"[-149,-110]",HR≥65/EDG≥0.0/CV≤-/μ≥0.0/TP≥-,63.79,0.0,,0.0,,127,116,74,42,63.79,12.33,-3.17,27.83,14.299,0.75,12
"[-149,-110]",HR≥65/EDG≥0.0/CV≤-/μ≥0.0/TP≥50,63.16,0.0,,0.0,50.0,125,114,72,42,63.16,10.95,-4.71,26.6,12.481,0.667,12
"[-149,-110]",HR≥65/EDG≥0.0/CV≤-/μ≥0.0/TP≥55,60.34,0.0,,0.0,55.0,64,58,35,23,60.34,3.09,-18.62,24.79,1.79,0.75,12
"[-149,-110]",HR≥65/EDG≥0.0/CV≤-/μ≥0.5/TP≥-,64.81,0.0,,0.5,,119,108,70,38,64.81,14.12,-1.84,30.09,15.254,0.75,12
"[-149,-110]",HR≥65/EDG≥0.0/CV≤-/μ≥0.5/TP≥50,64.15,0.0,,0.5,50.0,117,106,68,38,64.15,12.68,-3.47,28.82,13.436,0.75,12
"[-149,-110]",HR≥65/EDG≥0.0/CV≤-/μ≥0.5/TP≥55,62.96,0.0,,0.5,55.0,60,54,34,20,62.96,7.63,-14.6,29.86,4.118,0.667,12
"[-149,-110]",HR≥65/EDG≥0.0/CV≤-/μ≥1.0/TP≥-,53.97,0.0,,1.0,,71,63,34,29,53.97,-5.37,-27.16,16.43,-3.381,0.364,11
"[-149,-110]",HR≥65/EDG≥0.0/CV≤-/μ≥1.0/TP≥50,53.23,0.0,,1.0,50.0,70,62,33,29,53.23,-6.92,-28.85,15.01,-4.29,0.364,11
"[-149,-110]",HR≥65/EDG≥0.0/CV≤-/μ≥1.0/TP≥55,51.35,0.0,,1.0,55.0,41,37,19,18,51.35,-12.3,-40.19,15.6,-4.55,0.444,9
"[-149,-110]",HR≥65/EDG≥5.0/CV≤-/μ≥-/TP≥-,61.9,5.0,,,,116,105,65,40,61.9,9.19,-7.3,25.69,9.654,0.667,12
"[-149,-110]",HR≥65/EDG≥5.0/CV≤-/μ≥-/TP≥50,61.17,5.0,,,50.0,114,103,63,40,61.17,7.61,-9.06,24.28,7.836,0.667,12
"[-149,-110]",HR≥65/EDG≥5.0/CV≤-/μ≥-/TP≥55,58.82,5.0,,,55.0,57,51,30,21,58.82,0.51,-22.81,23.83,0.261,0.583,12
"[-149,-110]",HR≥65/EDG≥5.0/CV≤-/μ≥0.0/TP≥-,61.9,5.0,,0.0,,116,105,65,40,61.9,9.19,-7.3,25.69,9.654,0.667,12
"[-149,-110]",HR≥65/EDG≥5.0/CV≤-/μ≥0.0/TP≥50,61.17,5.0,,0.0,50.0,114,103,63,40,61.17,7.61,-9.06,24.28,7.836,0.667,12
"[-149,-110]",HR≥65/EDG≥5.0/CV≤-/μ≥0.0/TP≥55,58.82,5.0,,0.0,55.0,57,51,30,21,58.82,0.51,-22.81,23.83,0.261,0.583,12
"[-149,-110]",HR≥65/EDG≥5.0/CV≤-/μ≥0.5/TP≥-,62.38,5.0,,0.5,,112,101,63,38,62.38,10.14,-6.66,26.94,10.242,0.75,12
"[-149,-110]",HR≥65/EDG≥5.0/CV≤-/μ≥0.5/TP≥50,61.62,5.0,,0.5,50.0,110,99,61,38,61.62,8.51,-8.48,25.5,8.424,0.75,12
"[-149,-110]",HR≥65/EDG≥5.0/CV≤-/μ≥0.5/TP≥55,59.18,5.0,,0.5,55.0,55,49,29,20,59.18,1.2,-22.58,24.99,0.59,0.583,12
"[-149,-110]",HR≥65/EDG≥5.0/CV≤-/μ≥1.0/TP≥-,53.97,5.0,,1.0,,71,63,34,29,53.97,-5.37,-27.16,16.43,-3.381,0.364,11
"[-149,-110]",HR≥65/EDG≥5.0/CV≤-/μ≥1.0/TP≥50,53.23,5.0,,1.0,50.0,70,62,33,29,53.23,-6.92,-28.85,15.01,-4.29,0.364,11
"[-149,-110]",HR≥65/EDG≥5.0/CV≤-/μ≥1.0/TP≥55,51.35,5.0,,1.0,55.0,41,37,19,18,51.35,-12.3,-40.19,15.6,-4.55,0.444,9
"[-149,-110]",HR≥65/EDG≥10.0/CV≤-/μ≥-/TP≥-,58.43,10.0,,,,100,89,52,37,58.43,2.61,-15.51,20.73,2.326,0.583,12
"[-149,-110]",HR≥65/EDG≥10.0/CV≤-/μ≥-/TP≥50,57.95,10.0,,,50.0,99,88,51,37,57.95,1.61,-16.61,19.83,1.417,0.5,12
"[-149,-110]",HR≥65/EDG≥10.0/CV≤-/μ≥-/TP≥55,58.7,10.0,,,55.0,52,46,27,19,58.7,0.35,-24.25,24.96,0.162,0.583,12
"[-149,-110]",HR≥65/EDG≥10.0/CV≤-/μ≥0.0/TP≥-,58.43,10.0,,0.0,,100,89,52,37,58.43,2.61,-15.51,20.73,2.326,0.583,12
"[-149,-110]",HR≥65/EDG≥10.0/CV≤-/μ≥0.0/TP≥50,57.95,10.0,,0.0,50.0,99,88,51,37,57.95,1.61,-16.61,19.83,1.417,0.5,12
"[-149,-110]",HR≥65/EDG≥10.0/CV≤-/μ≥0.0/TP≥55,58.7,10.0,,0.0,55.0,52,46,27,19,58.7,0.35,-24.25,24.96,0.162,0.583,12
"[-149,-110]",HR≥65/EDG≥10.0/CV≤-/μ≥0.5/TP≥-,58.62,10.0,,0.5,,98,87,51,36,58.62,3.05,-15.28,21.38,2.655,0.583,12
"[-149,-110]",HR≥65/EDG≥10.0/CV≤-/μ≥0.5/TP≥50,58.14,10.0,,0.5,50.0,97,86,50,36,58.14,2.03,-16.41,20.47,1.746,0.5,12
"[-149,-110]",HR≥65/EDG≥10.0/CV≤-/μ≥0.5/TP≥55,57.78,10.0,,0.5,55.0,51,45,26,19,57.78,-1.13,-26.11,23.85,-0.51,0.583,12
"[-149,-110]",HR≥65/EDG≥10.0/CV≤-/μ≥1.0/TP≥-,53.23,10.0,,1.0,,70,62,33,29,53.23,-6.61,-28.62,15.41,-4.095,0.364,11
"[-149,-110]",HR≥65/EDG≥10.0/CV≤-/μ≥1.0/TP≥50,52.46,10.0,,1.0,50.0,69,61,32,29,52.46,-8.2,-30.35,13.94,-5.004,0.364,11
"[-149,-110]",HR≥65/EDG≥10.0/CV≤-/μ≥1.0/TP≥55,50.0,10.0,,1.0,55.0,40,36,18,18,50.0,-14.62,-42.92,13.67,-5.264,0.444,9
"[-149,-110]",HR≥70/EDG≥-/CV≤-/μ≥-/TP≥-,66.67,,,,,83,75,50,25,66.67,17.31,-1.63,36.26,12.984,0.667,12
"[-149,-110]",HR≥70/EDG≥-/CV≤-/μ≥-/TP≥50,66.67,,,,50.0,83,75,50,25,66.67,17.31,-1.63,36.26,12.984,0.667,12
"[-149,-110]",HR≥70/EDG≥-/CV≤-/μ≥-/TP≥55,68.57,,,,55.0,39,35,24,11,68.57,16.78,-9.81,43.36,5.871,0.6,10
"[-149,-110]",HR≥70/EDG≥-/CV≤-/μ≥0.0/TP≥-,67.57,,,0.0,,82,74,50,24,67.57,18.9,-0.05,37.84,13.984,0.75,12
"[-149,-110]",HR≥70/EDG≥-/CV≤-/μ≥0.0/TP≥50,67.57,,,0.0,50.0,82,74,50,24,67.57,18.9,-0.05,37.84,13.984,0.75,12
"[-149,-110]",HR≥70/EDG≥-/CV≤-/μ≥0.0/TP≥55,68.57,,,0.0,55.0,39,35,24,11,68.57,16.78,-9.81,43.36,5.871,0.6,10
"[-149,-110]",HR≥70/EDG≥-/CV≤-/μ≥0.5/TP≥-,67.65,,,0.5,,76,68,46,22,67.65,19.27,-0.53,39.07,13.101,0.75,12
"[-149,-110]",HR≥70/EDG≥-/CV≤-/μ≥0.5/TP≥50,67.65,,,0.5,50.0,76,68,46,22,67.65,19.27,-0.53,39.07,13.101,0.75,12
"[-149,-110]",HR≥70/EDG≥-/CV≤-/μ≥0.5/TP≥55,68.75,,,0.5,55.0,36,32,22,10,68.75,17.28,-10.56,45.12,5.529,0.6,10
"[-149,-110]",HR≥70/EDG≥-/CV≤-/μ≥1.0/TP≥-,61.54,,,1.0,,44,39,24,15,61.54,7.87,-19.3,35.05,3.07,0.6,10
"[-149,-110]",HR≥70/EDG≥-/CV≤-/μ≥1.0/TP≥50,61.54,,,1.0,50.0,44,39,24,15,61.54,7.87,-19.3,35.05,3.07,0.6,10
"[-149,-110]",HR≥70/EDG≥-5.0/CV≤-/μ≥-/TP≥-,67.57,-5.0,,,,82,74,50,24,67.57,18.9,-0.05,37.84,13.984,0.75,12
"[-149,-110]",HR≥70/EDG≥-5.0/CV≤-/μ≥-/TP≥50,67.57,-5.0,,,50.0,82,74,50,24,67.57,18.9,-0.05,37.84,13.984,0.75,12
"[-149,-110]",HR≥70/EDG≥-5.0/CV≤-/μ≥-/TP≥55,68.57,-5.0,,,55.0,39,35,24,11,68.57,16.78,-9.81,43.36,5.871,0.6,10
"[-149,-110]",HR≥70/EDG≥-5.0/CV≤-/μ≥0.0/TP≥-,67.57,-5.0,,0.0,,82,74,50,24,67.57,18.9,-0.05,37.84,13.984,0.75,12
"[-149,-110]",HR≥70/EDG≥-5.0/CV≤-/μ≥0.0/TP≥50,67.57,-5.0,,0.0,50.0,82,74,50,24,67.57,18.9,-0.05,37.84,13.984,0.75,12
"[-149,-110]",HR≥70/EDG≥-5.0/CV≤-/μ≥0.0/TP≥55,68.57,-5.0,,0.0,55.0,39,35,24,11,68.57,16.78,-9.81,43.36,5.871,0.6,10
"[-149,-110]",HR≥70/EDG≥-5.0/CV≤-/μ≥0.5/TP≥-,67.65,-5.0,,0.5,,76,68,46,22,67.65,19.27,-0.53,39.07,13.101,0.75,12
"[-149,-110]",HR≥70/EDG≥-5.0/CV≤-/μ≥0.5/TP≥50,67.65,-5.0,,0.5,50.0,76,68,46,22,67.65,19.27,-0.53,39.07,13.101,0.75,12
"[-149,-110]",HR≥70/EDG≥-5.0/CV≤-/μ≥0.5/TP≥55,68.75,-5.0,,0.5,55.0,36,32,22,10,68.75,17.28,-10.56,45.12,5.529,0.6,10
"[-149,-110]",HR≥70/EDG≥-5.0/CV≤-/μ≥1.0/TP≥-,61.54,-5.0,,1.0,,44,39,24,15,61.54,7.87,-19.3,35.05,3.07,0.6,10
"[-149,-110]",HR≥70/EDG≥-5.0/CV≤-/μ≥1.0/TP≥50,61.54,-5.0,,1.0,50.0,44,39,24,15,61.54,7.87,-19.3,35.05,3.07,0.6,10
"[-149,-110]",HR≥70/EDG≥0.0/CV≤-/μ≥-/TP≥-,67.12,0.0,,,,81,73,49,24,67.12,18.24,-0.92,37.4,13.313,0.75,12
"[-149,-110]",HR≥70/EDG≥0.0/CV≤-/μ≥-/TP≥50,67.12,0.0,,,50.0,81,73,49,24,67.12,18.24,-0.92,37.4,13.313,0.75,12
"[-149,-110]",HR≥70/EDG≥0.0/CV≤-/μ≥-/TP≥55,67.65,0.0,,,55.0,38,34,23,11,67.65,15.29,-11.92,42.51,5.2,0.6,10
"[-149,-110]",HR≥70/EDG≥0.0/CV≤-/μ≥0.0/TP≥-,67.12,0.0,,0.0,,81,73,49,24,67.12,18.24,-0.92,37.4,13.313,0.75,12
"[-149,-110]",HR≥70/EDG≥0.0/CV≤-/μ≥0.0/TP≥50,67.12,0.0,,0.0,50.0,81,73,49,24,67.12,18.24,-0.92,37.4,13.313,0.75,12
"[-149,-110]",HR≥70/EDG≥0.0/CV≤-/μ≥0.0/TP≥55,67.65,0.0,,0.0,55.0,38,34,23,11,67.65,15.29,-11.92,42.51,5.2,0.6,10
"[-149,-110]",HR≥70/EDG≥0.0/CV≤-/μ≥0.5/TP≥-,67.65,0.0,,0.5,,76,68,46,22,67.65,19.27,-0.53,39.07,13.101,0.75,12
"[-149,-110]",HR≥70/EDG≥0.0/CV≤-/μ≥0.5/TP≥50,67.65,0.0,,0.5,50.0,76,68,46,22,67.65,19.27,-0.53,39.07,13.101,0.75,12
"[-149,-110]",HR≥70/EDG≥0.0/CV≤-/μ≥0.5/TP≥55,68.75,0.0,,0.5,55.0,36,32,22,10,68.75,17.28,-10.56,45.12,5.529,0.6,10
"[-149,-110]",HR≥70/EDG≥0.0/CV≤-/μ≥1.0/TP≥-,61.54,0.0,,1.0,,44,39,24,15,61.54,7.87,-19.3,35.05,3.07,0.6,10
"[-149,-110]",HR≥70/EDG≥0.0/CV≤-/μ≥1.0/TP≥50,61.54,0.0,,1.0,50.0,44,39,24,15,61.54,7.87,-19.3,35.05,3.07,0.6,10
"[-149,-110]",HR≥70/EDG≥5.0/CV≤-/μ≥-/TP≥-,65.67,5.0,,,,75,67,44,23,65.67,15.89,-4.38,36.15,10.644,0.75,12
"[-149,-110]",HR≥70/EDG≥5.0/CV≤-/μ≥-/TP≥50,65.67,5.0,,,50.0,75,67,44,23,65.67,15.89,-4.38,36.15,10.644,0.75,12
"[-149,-110]",HR≥70/EDG≥5.0/CV≤-/μ≥-/TP≥55,66.67,5.0,,,55.0,34,30,20,10,66.67,13.67,-15.59,42.93,4.101,0.6,10
"[-149,-110]",HR≥70/EDG≥5.0/CV≤-/μ≥0.0/TP≥-,65.67,5.0,,0.0,,75,67,44,23,65.67,15.89,-4.38,36.15,10.644,0.75,12
"[-149,-110]",HR≥70/EDG≥5.0/CV≤-/μ≥0.0/TP≥50,65.67,5.0,,0.0,50.0,75,67,44,23,65.67,15.89,-4.38,36.15,10.644,0.75,12
"[-149,-110]",HR≥70/EDG≥5.0/CV≤-/μ≥0.0/TP≥55,66.67,5.0,,0.0,55.0,34,30,20,10,66.67,13.67,-15.59,42.93,4.101,0.6,10
"[-149,-110]",HR≥70/EDG≥5.0/CV≤-/μ≥0.5/TP≥-,65.62,5.0,,0.5,,72,64,42,22,65.62,15.99,-4.79,36.77,10.232,0.667,12
"[-149,-110]",HR≥70/EDG≥5.0/CV≤-/μ≥0.5/TP≥50,65.62,5.0,,0.5,50.0,72,64,42,22,65.62,15.99,-4.79,36.77,10.232,0.667,12
"[-149,-110]",HR≥70/EDG≥5.0/CV≤-/μ≥1.0/TP≥-,61.54,5.0,,1.0,,44,39,24,15,61.54,7.87,-19.3,35.05,3.07,0.6,10
"[-149,-110]",HR≥70/EDG≥5.0/CV≤-/μ≥1.0/TP≥50,61.54,5.0,,1.0,50.0,44,39,24,15,61.54,7.87,-19.3,35.05,3.07,0.6,10
"[-149,-110]",HR≥70/EDG≥10.0/CV≤-/μ≥-/TP≥-,60.71,10.0,,,,64,56,34,22,60.71,6.83,-15.92,29.59,3.827,0.583,12
"[-149,-110]",HR≥70/EDG≥10.0/CV≤-/μ≥-/TP≥50,60.71,10.0,,,50.0,64,56,34,22,60.71,6.83,-15.92,29.59,3.827,0.583,12
"[-149,-110]",HR≥70/EDG≥10.0/CV≤-/μ≥0.0/TP≥-,60.71,10.0,,0.0,,64,56,34,22,60.71,6.83,-15.92,29.59,3.827,0.583,12
"[-149,-110]",HR≥70/EDG≥10.0/CV≤-/μ≥0.0/TP≥50,60.71,10.0,,0.0,50.0,64,56,34,22,60.71,6.83,-15.92,29.59,3.827,0.583,12
"[-149,-110]",HR≥70/EDG≥10.0/CV≤-/μ≥0.5/TP≥-,61.11,10.0,,0.5,,62,54,33,21,61.11,7.7,-15.48,30.87,4.156,0.583,12
"[-149,-110]",HR≥70/EDG≥10.0/CV≤-/μ≥0.5/TP≥50,61.11,10.0,,0.5,50.0,62,54,33,21,61.11,7.7,-15.48,30.87,4.156,0.583,12
"[-149,-110]",HR≥70/EDG≥10.0/CV≤-/μ≥1.0/TP≥-,60.53,10.0,,1.0,,43,38,23,15,60.53,6.2,-21.49,33.9,2.356,0.6,10
"[-149,-110]",HR≥70/EDG≥10.0/CV≤-/μ≥1.0/TP≥50,60.53,10.0,,1.0,50.0,43,38,23,15,60.53,6.2,-21.49,33.9,2.356,0.6,10
"[-149,-110]",HR≥75/EDG≥-/CV≤-/μ≥-/TP≥-,59.38,,,,,36,32,19,13,59.38,4.26,-26.17,34.68,1.362,0.4,10
"[-149,-110]",HR≥75/EDG≥-/CV≤-/μ≥-/TP≥50,59.38,,,,50.0,36,32,19,13,59.38,4.26,-26.17,34.68,1.362,0.4,10
"[-149,-110]",HR≥75/EDG≥-/CV≤-/μ≥0.0/TP≥-,59.38,,,0.0,,36,32,19,13,59.38,4.26,-26.17,34.68,1.362,0.4,10
"[-149,-110]",HR≥75/EDG≥-/CV≤-/μ≥0.0/TP≥50,59.38,,,0.0,50.0,36,32,19,13,59.38,4.26,-26.17,34.68,1.362,0.4,10
"[-149,-110]",HR≥75/EDG≥-/CV≤-/μ≥0.5/TP≥-,60.0,,,0.5,,34,30,18,12,60.0,5.4,-26.0,36.8,1.621,0.444,9
"[-149,-110]",HR≥75/EDG≥-/CV≤-/μ≥0.5/TP≥50,60.0,,,0.5,50.0,34,30,18,12,60.0,5.4,-26.0,36.8,1.621,0.444,9
"[-149,-110]",HR≥75/EDG≥-5.0/CV≤-/μ≥-/TP≥-,59.38,-5.0,,,,36,32,19,13,59.38,4.26,-26.17,34.68,1.362,0.4,10
"[-149,-110]",HR≥75/EDG≥-5.0/CV≤-/μ≥-/TP≥50,59.38,-5.0,,,50.0,36,32,19,13,59.38,4.26,-26.17,34.68,1.362,0.4,10
"[-149,-110]",HR≥75/EDG≥-5.0/CV≤-/μ≥0.0/TP≥-,59.38,-5.0,,0.0,,36,32,19,13,59.38,4.26,-26.17,34.68,1.362,0.4,10
"[-149,-110]",HR≥75/EDG≥-5.0/CV≤-/μ≥0.0/TP≥50,59.38,-5.0,,0.0,50.0,36,32,19,13,59.38,4.26,-26.17,34.68,1.362,0.4,10
"[-149,-110]",HR≥75/EDG≥-5.0/CV≤-/μ≥0.5/TP≥-,60.0,-5.0,,0.5,,34,30,18,12,60.0,5.4,-26.0,36.8,1.621,0.444,9
"[-149,-110]",HR≥75/EDG≥-5.0/CV≤-/μ≥0.5/TP≥50,60.0,-5.0,,0.5,50.0,34,30,18,12,60.0,5.4,-26.0,36.8,1.621,0.444,9
"[-149,-110]",HR≥75/EDG≥0.0/CV≤-/μ≥-/TP≥-,59.38,0.0,,,,36,32,19,13,59.38,4.26,-26.17,34.68,1.362,0.4,10
"[-149,-110]",HR≥75/EDG≥0.0/CV≤-/μ≥-/TP≥50,59.38,0.0,,,50.0,36,32,19,13,59.38,4.26,-26.17,34.68,1.362,0.4,10
"[-149,-110]",HR≥75/EDG≥0.0/CV≤-/μ≥0.0/TP≥-,59.38,0.0,,0.0,,36,32,19,13,59.38,4.26,-26.17,34.68,1.362,0.4,10
"[-149,-110]",HR≥75/EDG≥0.0/CV≤-/μ≥0.0/TP≥50,59.38,0.0,,0.0,50.0,36,32,19,13,59.38,4.26,-26.17,34.68,1.362,0.4,10
"[-149,-110]",HR≥75/EDG≥0.0/CV≤-/μ≥0.5/TP≥-,60.0,0.0,,0.5,,34,30,18,12,60.0,5.4,-26.0,36.8,1.621,0.444,9
"[-149,-110]",HR≥75/EDG≥0.0/CV≤-/μ≥0.5/TP≥50,60.0,0.0,,0.5,50.0,34,30,18,12,60.0,5.4,-26.0,36.8,1.621,0.444,9
"[-149,-110]",HR≥75/EDG≥5.0/CV≤-/μ≥-/TP≥-,59.38,5.0,,,,36,32,19,13,59.38,4.26,-26.17,34.68,1.362,0.4,10
"[-149,-110]",HR≥75/EDG≥5.0/CV≤-/μ≥-/TP≥50,59.38,5.0,,,50.0,36,32,19,13,59.38,4.26,-26.17,34.68,1.362,0.4,10
"[-149,-110]",HR≥75/EDG≥5.0/CV≤-/μ≥0.0/TP≥-,59.38,5.0,,0.0,,36,32,19,13,59.38,4.26,-26.17,34.68,1.362,0.4,10
"[-149,-110]",HR≥75/EDG≥5.0/CV≤-/μ≥0.0/TP≥50,59.38,5.0,,0.0,50.0,36,32,19,13,59.38,4.26,-26.17,34.68,1.362,0.4,10
"[-149,-110]",HR≥75/EDG≥5.0/CV≤-/μ≥0.5/TP≥-,60.0,5.0,,0.5,,34,30,18,12,60.0,5.4,-26.0,36.8,1.621,0.444,9
"[-149,-110]",HR≥75/EDG≥5.0/CV≤-/μ≥0.5/TP≥50,60.0,5.0,,0.5,50.0,34,30,18,12,60.0,5.4,-26.0,36.8,1.621,0.444,9
"[-109,+100]",HR≥-/EDG≥-/CV≤-/μ≥-/TP≥-,44.44,,,,,111,90,40,50,44.44,-12.42,-32.76,7.93,-11.176,0.308,13
"[-109,+100]",HR≥-/EDG≥-/CV≤-/μ≥0.0/TP≥-,48.0,,,0.0,,92,75,36,39,48.0,-5.44,-27.87,16.99,-4.081,0.308,13
"[-109,+100]",HR≥-/EDG≥-/CV≤-/μ≥0.5/TP≥-,48.94,,,0.5,,56,47,23,24,48.94,-3.44,-31.95,25.07,-1.618,0.462,13
"[-109,+100]",HR≥-/EDG≥-/CV≤-/μ≥1.0/TP≥-,45.16,,,1.0,,34,31,14,17,45.16,-10.81,-45.98,24.37,-3.35,0.5,10
"[-109,+100]",HR≥-/EDG≥-5.0/CV≤-/μ≥-/TP≥-,47.44,-5.0,,,,96,78,37,41,47.44,-6.51,-28.5,15.47,-5.081,0.308,13
"[-109,+100]",HR≥-/EDG≥-5.0/CV≤-/μ≥0.0/TP≥-,48.0,-5.0,,0.0,,92,75,36,39,48.0,-5.44,-27.87,16.99,-4.081,0.308,13
"[-109,+100]",HR≥-/EDG≥-5.0/CV≤-/μ≥0.5/TP≥-,48.94,-5.0,,0.5,,56,47,23,24,48.94,-3.44,-31.95,25.07,-1.618,0.462,13
"[-109,+100]",HR≥-/EDG≥-5.0/CV≤-/μ≥1.0/TP≥-,45.16,-5.0,,1.0,,34,31,14,17,45.16,-10.81,-45.98,24.37,-3.35,0.5,10
"[-109,+100]",HR≥-/EDG≥0.0/CV≤-/μ≥-/TP≥-,47.22,0.0,,,,89,72,34,38,47.22,-6.92,-29.82,15.97,-4.985,0.385,13
"[-109,+100]",HR≥-/EDG≥0.0/CV≤-/μ≥0.0/TP≥-,47.22,0.0,,0.0,,89,72,34,38,47.22,-6.92,-29.82,15.97,-4.985,0.385,13
"[-109,+100]",HR≥-/EDG≥0.0/CV≤-/μ≥0.5/TP≥-,48.94,0.0,,0.5,,56,47,23,24,48.94,-3.44,-31.95,25.07,-1.618,0.462,13
"[-109,+100]",HR≥-/EDG≥0.0/CV≤-/μ≥1.0/TP≥-,45.16,0.0,,1.0,,34,31,14,17,45.16,-10.81,-45.98,24.37,-3.35,0.5,10
"[-109,+100]",HR≥-/EDG≥5.0/CV≤-/μ≥-/TP≥-,48.44,5.0,,,,79,64,31,33,48.44,-4.52,-28.85,19.82,-2.89,0.385,13
"[-109,+100]",HR≥-/EDG≥5.0/CV≤-/μ≥0.0/TP≥-,48.44,5.0,,0.0,,79,64,31,33,48.44,-4.52,-28.85,19.82,-2.89,0.385,13
"[-109,+100]",HR≥-/EDG≥5.0/CV≤-/μ≥0.5/TP≥-,48.94,5.0,,0.5,,56,47,23,24,48.94,-3.44,-31.95,25.07,-1.618,0.462,13
"[-109,+100]",HR≥-/EDG≥5.0/CV≤-/μ≥1.0/TP≥-,45.16,5.0,,1.0,,34,31,14,17,45.16,-10.81,-45.98,24.37,-3.35,0.5,10
"[-109,+100]",HR≥-/EDG≥10.0/CV≤-/μ≥-/TP≥-,48.15,10.0,,,,65,54,26,28,48.15,-5.26,-31.74,21.21,-2.842,0.385,13
"[-109,+100]",HR≥-/EDG≥10.0/CV≤-/μ≥0.0/TP≥-,48.15,10.0,,0.0,,65,54,26,28,48.15,-5.26,-31.74,21.21,-2.842,0.385,13
"[-109,+100]",HR≥-/EDG≥10.0/CV≤-/μ≥0.5/TP≥-,47.83,10.0,,0.5,,54,46,22,24,47.83,-5.69,-34.48,23.09,-2.618,0.462,13
"[-109,+100]",HR≥-/EDG≥10.0/CV≤-/μ≥1.0/TP≥-,45.16,10.0,,1.0,,34,31,14,17,45.16,-10.81,-45.98,24.37,-3.35,0.5,10
"[-109,+100]",HR≥45/EDG≥-/CV≤-/μ≥-/TP≥-,43.1,,,,,68,58,25,33,43.1,-15.07,-40.41,10.26,-8.742,0.333,12
"[-109,+100]",HR≥45/EDG≥-/CV≤-/μ≥0.0/TP≥-,46.3,,,0.0,,64,54,25,29,46.3,-8.78,-35.24,17.67,-4.742,0.417,12
"[-109,+100]",HR≥45/EDG≥-/CV≤-/μ≥0.5/TP≥-,50.0,,,0.5,,47,40,20,20,50.0,-1.42,-32.37,29.52,-0.57,0.5,12
"[-109,+100]",HR≥45/EDG≥-5.0/CV≤-/μ≥-/TP≥-,46.3,-5.0,,,,64,54,25,29,46.3,-8.78,-35.24,17.67,-4.742,0.417,12
"[-109,+100]",HR≥45/EDG≥-5.0/CV≤-/μ≥0.0/TP≥-,46.3,-5.0,,0.0,,64,54,25,29,46.3,-8.78,-35.24,17.67,-4.742,0.417,12
"[-109,+100]",HR≥45/EDG≥-5.0/CV≤-/μ≥0.5/TP≥-,50.0,-5.0,,0.5,,47,40,20,20,50.0,-1.42,-32.37,29.52,-0.57,0.5,12
"[-109,+100]",HR≥45/EDG≥0.0/CV≤-/μ≥-/TP≥-,45.28,0.0,,,,63,53,24,29,45.28,-10.74,-37.42,15.93,-5.694,0.417,12
"[-109,+100]",HR≥45/EDG≥0.0/CV≤-/μ≥0.0/TP≥-,45.28,0.0,,0.0,,63,53,24,29,45.28,-10.74,-37.42,15.93,-5.694,0.417,12
"[-109,+100]",HR≥45/EDG≥0.0/CV≤-/μ≥0.5/TP≥-,50.0,0.0,,0.5,,47,40,20,20,50.0,-1.42,-32.37,29.52,-0.57,0.5,12
"[-109,+100]",HR≥45/EDG≥5.0/CV≤-/μ≥-/TP≥-,46.94,5.0,,,,58,49,23,26,46.94,-7.44,-35.29,20.4,-3.647,0.417,12
"[-109,+100]",HR≥45/EDG≥5.0/CV≤-/μ≥0.0/TP≥-,46.94,5.0,,0.0,,58,49,23,26,46.94,-7.44,-35.29,20.4,-3.647,0.417,12
"[-109,+100]",HR≥45/EDG≥5.0/CV≤-/μ≥0.5/TP≥-,50.0,5.0,,0.5,,47,40,20,20,50.0,-1.42,-32.37,29.52,-0.57,0.5,12
"[-109,+100]",HR≥45/EDG≥10.0/CV≤-/μ≥-/TP≥-,47.73,10.0,,,,50,44,21,23,47.73,-6.02,-35.42,23.39,-2.647,0.417,12
"[-109,+100]",HR≥45/EDG≥10.0/CV≤-/μ≥0.0/TP≥-,47.73,10.0,,0.0,,50,44,21,23,47.73,-6.02,-35.42,23.39,-2.647,0.417,12
"[-109,+100]",HR≥45/EDG≥10.0/CV≤-/μ≥0.5/TP≥-,48.72,10.0,,0.5,,45,39,19,20,48.72,-4.03,-35.34,27.29,-1.57,0.5,12
"[-109,+100]",HR≥50/EDG≥-/CV≤-/μ≥-/TP≥-,45.45,,,,,40,33,15,18,45.45,-10.5,-44.48,23.47,-3.466,0.5,12
"[-109,+100]",HR≥50/EDG≥-/CV≤-/μ≥0.0/TP≥-,45.45,,,0.0,,40,33,15,18,45.45,-10.5,-44.48,23.47,-3.466,0.5,12
"[-109,+100]",HR≥50/EDG≥-5.0/CV≤-/μ≥-/TP≥-,45.45,-5.0,,,,40,33,15,18,45.45,-10.5,-44.48,23.47,-3.466,0.5,12
"[-109,+100]",HR≥50/EDG≥-5.0/CV≤-/μ≥0.0/TP≥-,45.45,-5.0,,0.0,,40,33,15,18,45.45,-10.5,-44.48,23.47,-3.466,0.5,12
"[-109,+100]",HR≥50/EDG≥0.0/CV≤-/μ≥-/TP≥-,43.75,0.0,,,,39,32,14,18,43.75,-13.81,-48.22,20.6,-4.418,0.417,12
"[-109,+100]",HR≥50/EDG≥0.0/CV≤-/μ≥0.0/TP≥-,43.75,0.0,,0.0,,39,32,14,18,43.75,-13.81,-48.22,20.6,-4.418,0.417,12
"[+101,+200]",HR≥-/EDG≥-/CV≤-/μ≥-/TP≥-,37.59,,,,,791,697,262,435,37.59,-14.64,-22.83,-6.44,-102.03,0.231,13
"[+101,+200]",HR≥-/EDG≥-/CV≤-/μ≥0.0/TP≥-,42.9,,,0.0,,428,366,157,209,42.9,-3.34,-14.82,8.14,-12.23,0.385,13
"[+101,+200]",HR≥-/EDG≥-/CV≤-/μ≥0.5/TP≥-,44.23,,,0.5,,303,260,115,145,44.23,0.05,-13.68,13.77,0.12,0.538,13
"[+101,+200]",HR≥-/EDG≥-/CV≤-/μ≥1.0/TP≥-,44.21,,,1.0,,224,190,84,106,44.21,-0.06,-16.12,15.99,-0.12,0.5,12
"[+101,+200]",HR≥-/EDG≥-/CV≤0.7/μ≥-/TP≥-,29.63,,0.7,,,59,54,16,38,29.63,-32.93,-60.8,-5.05,-17.78,0.273,11
"[+101,+200]",HR≥-/EDG≥-/CV≤0.7/μ≥0.0/TP≥-,30.0,,0.7,0.0,,33,30,9,21,30.0,-33.33,-70.44,3.77,-10.0,0.182,11
"[+101,+200]",HR≥-/EDG≥-5.0/CV≤-/μ≥-/TP≥-,38.69,-5.0,,,,643,566,219,347,38.69,-12.04,-21.2,-2.88,-68.15,0.308,13
"[+101,+200]",HR≥-/EDG≥-5.0/CV≤-/μ≥0.0/TP≥-,42.9,-5.0,,0.0,,428,366,157,209,42.9,-3.34,-14.82,8.14,-12.23,0.385,13
"[+101,+200]",HR≥-/EDG≥-5.0/CV≤-/μ≥0.5/TP≥-,44.23,-5.0,,0.5,,303,260,115,145,44.23,0.05,-13.68,13.77,0.12,0.538,13
"[+101,+200]",HR≥-/EDG≥-5.0/CV≤-/μ≥1.0/TP≥-,44.21,-5.0,,1.0,,224,190,84,106,44.21,-0.06,-16.12,15.99,-0.12,0.5,12
"[+101,+200]",HR≥-/EDG≥-5.0/CV≤0.7/μ≥-/TP≥-,30.95,-5.0,0.7,,,45,42,13,29,30.95,-29.93,-62.02,2.17,-12.57,0.273,11
"[+101,+200]",HR≥-/EDG≥-5.0/CV≤0.7/μ≥0.0/TP≥-,30.0,-5.0,0.7,0.0,,33,30,9,21,30.0,-33.33,-70.44,3.77,-10.0,0.182,11
"[+101,+200]",HR≥-/EDG≥0.0/CV≤-/μ≥-/TP≥-,41.09,0.0,,,,548,477,196,281,41.09,-6.73,-16.79,3.34,-32.09,0.308,13
"[+101,+200]",HR≥-/EDG≥0.0/CV≤-/μ≥0.0/TP≥-,42.9,0.0,,0.0,,428,366,157,209,42.9,-3.34,-14.82,8.14,-12.23,0.385,13
"[+101,+200]",HR≥-/EDG≥0.0/CV≤-/μ≥0.5/TP≥-,44.23,0.0,,0.5,,303,260,115,145,44.23,0.05,-13.68,13.77,0.12,0.538,13
"[+101,+200]",HR≥-/EDG≥0.0/CV≤-/μ≥1.0/TP≥-,44.21,0.0,,1.0,,224,190,84,106,44.21,-0.06,-16.12,15.99,-0.12,0.5,12
"[+101,+200]",HR≥-/EDG≥0.0/CV≤0.7/μ≥-/TP≥-,29.41,0.0,0.7,,,37,34,10,24,29.41,-33.97,-68.93,0.99,-11.55,0.182,11
"[+101,+200]",HR≥-/EDG≥0.0/CV≤0.7/μ≥0.0/TP≥-,30.0,0.0,0.7,0.0,,33,30,9,21,30.0,-33.33,-70.44,3.77,-10.0,0.182,11
"[+101,+200]",HR≥-/EDG≥5.0/CV≤-/μ≥-/TP≥-,41.98,5.0,,,,438,374,157,217,41.98,-4.93,-16.31,6.44,-18.45,0.385,13
"[+101,+200]",HR≥-/EDG≥5.0/CV≤-/μ≥0.0/TP≥-,42.42,5.0,,0.0,,418,356,151,205,42.42,-4.2,-15.84,7.45,-14.94,0.385,13
"[+101,+200]",HR≥-/EDG≥5.0/CV≤-/μ≥0.5/TP≥-,44.23,5.0,,0.5,,303,260,115,145,44.23,0.05,-13.68,13.77,0.12,0.538,13
"[+101,+200]",HR≥-/EDG≥5.0/CV≤-/μ≥1.0/TP≥-,44.21,5.0,,1.0,,224,190,84,106,44.21,-0.06,-16.12,15.99,-0.12,0.5,12
"[+101,+200]",HR≥-/EDG≥5.0/CV≤0.7/μ≥-/TP≥-,29.03,5.0,0.7,,,34,31,9,22,29.03,-35.48,-71.62,0.65,-11.0,0.182,11
"[+101,+200]",HR≥-/EDG≥5.0/CV≤0.7/μ≥0.0/TP≥-,30.0,5.0,0.7,0.0,,33,30,9,21,30.0,-33.33,-70.44,3.77,-10.0,0.182,11
"[+101,+200]",HR≥-/EDG≥10.0/CV≤-/μ≥-/TP≥-,43.48,10.0,,,,378,322,140,182,43.48,-1.5,-13.82,10.83,-4.82,0.462,13
"[+101,+200]",HR≥-/EDG≥10.0/CV≤-/μ≥0.0/TP≥-,43.48,10.0,,0.0,,378,322,140,182,43.48,-1.5,-13.82,10.83,-4.82,0.462,13
"[+101,+200]",HR≥-/EDG≥10.0/CV≤-/μ≥0.5/TP≥-,44.23,10.0,,0.5,,303,260,115,145,44.23,0.05,-13.68,13.77,0.12,0.538,13
"[+101,+200]",HR≥-/EDG≥10.0/CV≤-/μ≥1.0/TP≥-,44.21,10.0,,1.0,,224,190,84,106,44.21,-0.06,-16.12,15.99,-0.12,0.5,12
"[+101,+200]",HR≥45/EDG≥-/CV≤-/μ≥-/TP≥-,38.33,,,,,334,300,115,185,38.33,-13.38,-25.86,-0.89,-40.13,0.308,13
"[+101,+200]",HR≥45/EDG≥-/CV≤-/μ≥0.0/TP≥-,43.37,,,0.0,,220,196,85,111,43.37,-2.96,-18.57,12.65,-5.8,0.462,13
"[+101,+200]",HR≥45/EDG≥-/CV≤-/μ≥0.5/TP≥-,45.33,,,0.5,,166,150,68,82,45.33,1.81,-16.2,19.81,2.71,0.692,13
"[+101,+200]",HR≥45/EDG≥-/CV≤-/μ≥1.0/TP≥-,46.9,,,1.0,,126,113,53,60,46.9,5.71,-15.18,26.6,6.45,0.5,12
"[+101,+200]",HR≥45/EDG≥-/CV≤0.7/μ≥-/TP≥-,31.71,,0.7,,,44,41,13,28,31.71,-28.22,-60.93,4.49,-11.57,0.182,11
"[+101,+200]",HR≥45/EDG≥-5.0/CV≤-/μ≥-/TP≥-,39.72,-5.0,,,,315,282,112,170,39.72,-10.23,-23.19,2.74,-28.84,0.231,13
"[+101,+200]",HR≥45/EDG≥-5.0/CV≤-/μ≥0.0/TP≥-,43.37,-5.0,,0.0,,220,196,85,111,43.37,-2.96,-18.57,12.65,-5.8,0.462,13
"[+101,+200]",HR≥45/EDG≥-5.0/CV≤-/μ≥0.5/TP≥-,45.33,-5.0,,0.5,,166,150,68,82,45.33,1.81,-16.2,19.81,2.71,0.692,13
"[+101,+200]",HR≥45/EDG≥-5.0/CV≤-/μ≥1.0/TP≥-,46.9,-5.0,,1.0,,126,113,53,60,46.9,5.71,-15.18,26.6,6.45,0.5,12
"[+101,+200]",HR≥45/EDG≥-5.0/CV≤0.7/μ≥-/TP≥-,35.14,-5.0,0.7,,,40,37,13,24,35.14,-20.46,-55.83,14.91,-7.57,0.273,11
"[+101,+200]",HR≥45/EDG≥0.0/CV≤-/μ≥-/TP≥-,41.94,0.0,,,,279,248,104,144,41.94,-5.24,-19.19,8.7,-13.0,0.462,13
"[+101,+200]",HR≥45/EDG≥0.0/CV≤-/μ≥0.0/TP≥-,43.37,0.0,,0.0,,220,196,85,111,43.37,-2.96,-18.57,12.65,-5.8,0.462,13
"[+101,+200]",HR≥45/EDG≥0.0/CV≤-/μ≥0.5/TP≥-,45.33,0.0,,0.5,,166,150,68,82,45.33,1.81,-16.2,19.81,2.71,0.692,13
"[+101,+200]",HR≥45/EDG≥0.0/CV≤-/μ≥1.0/TP≥-,46.9,0.0,,1.0,,126,113,53,60,46.9,5.71,-15.18,26.6,6.45,0.5,12
"[+101,+200]",HR≥45/EDG≥0.0/CV≤0.7/μ≥-/TP≥-,32.26,0.0,0.7,,,34,31,10,21,32.26,-27.58,-65.2,10.04,-8.55,0.182,11
"[+101,+200]",HR≥45/EDG≥5.0/CV≤-/μ≥-/TP≥-,43.07,5.0,,,,228,202,87,115,43.07,-3.18,-18.61,12.25,-6.42,0.538,13
"[+101,+200]",HR≥45/EDG≥5.0/CV≤-/μ≥0.0/TP≥-,43.23,5.0,,0.0,,216,192,83,109,43.23,-3.13,-18.91,12.66,-6.0,0.462,13
"[+101,+200]",HR≥45/EDG≥5.0/CV≤-/μ≥0.5/TP≥-,45.33,5.0,,0.5,,166,150,68,82,45.33,1.81,-16.2,19.81,2.71,0.692,13
"[+101,+200]",HR≥45/EDG≥5.0/CV≤-/μ≥1.0/TP≥-,46.9,5.0,,1.0,,126,113,53,60,46.9,5.71,-15.18,26.6,6.45,0.5,12
"[+101,+200]",HR≥45/EDG≥10.0/CV≤-/μ≥-/TP≥-,44.19,10.0,,,,192,172,76,96,44.19,-0.67,-17.45,16.11,-1.15,0.538,13
"[+101,+200]",HR≥45/EDG≥10.0/CV≤-/μ≥0.0/TP≥-,44.19,10.0,,0.0,,192,172,76,96,44.19,-0.67,-17.45,16.11,-1.15,0.538,13
"[+101,+200]",HR≥45/EDG≥10.0/CV≤-/μ≥0.5/TP≥-,45.33,10.0,,0.5,,166,150,68,82,45.33,1.81,-16.2,19.81,2.71,0.692,13
"[+101,+200]",HR≥45/EDG≥10.0/CV≤-/μ≥1.0/TP≥-,46.9,10.0,,1.0,,126,113,53,60,46.9,5.71,-15.18,26.6,6.45,0.5,12
"[+101,+200]",HR≥50/EDG≥-/CV≤-/μ≥-/TP≥-,39.23,,,,,203,181,71,110,39.23,-11.84,-27.92,4.24,-21.43,0.385,13
"[+101,+200]",HR≥50/EDG≥-/CV≤-/μ≥0.0/TP≥-,42.28,,,0.0,,138,123,52,71,42.28,-6.44,-25.89,13.01,-7.92,0.385,13
"[+101,+200]",HR≥50/EDG≥-/CV≤-/μ≥0.5/TP≥-,41.58,,,0.5,,112,101,42,59,41.58,-8.0,-29.42,13.42,-8.08,0.462,13
"[+101,+200]",HR≥50/EDG≥-/CV≤-/μ≥1.0/TP≥-,43.24,,,1.0,,85,74,32,42,43.24,-4.22,-29.45,21.01,-3.12,0.4,10
"[+101,+200]",HR≥50/EDG≥-/CV≤0.7/μ≥-/TP≥-,30.77,,0.7,,,42,39,12,27,30.77,-30.82,-63.87,2.22,-12.02,0.182,11
"[+101,+200]",HR≥50/EDG≥-5.0/CV≤-/μ≥-/TP≥-,40.7,-5.0,,,,193,172,70,102,40.7,-8.63,-25.21,7.95,-14.84,0.385,13
"[+101,+200]",HR≥50/EDG≥-5.0/CV≤-/μ≥0.0/TP≥-,42.28,-5.0,,0.0,,138,123,52,71,42.28,-6.44,-25.89,13.01,-7.92,0.385,13
"[+101,+200]",HR≥50/EDG≥-5.0/CV≤-/μ≥0.5/TP≥-,41.58,-5.0,,0.5,,112,101,42,59,41.58,-8.0,-29.42,13.42,-8.08,0.462,13
"[+101,+200]",HR≥50/EDG≥-5.0/CV≤-/μ≥1.0/TP≥-,43.24,-5.0,,1.0,,85,74,32,42,43.24,-4.22,-29.45,21.01,-3.12,0.4,10
"[+101,+200]",HR≥50/EDG≥-5.0/CV≤0.7/μ≥-/TP≥-,33.33,-5.0,0.7,,,39,36,12,24,33.33,-25.06,-60.23,10.11,-9.02,0.273,11
"[+101,+200]",HR≥50/EDG≥0.0/CV≤-/μ≥-/TP≥-,42.28,0.0,,,,168,149,63,86,42.28,-5.28,-23.16,12.6,-7.87,0.462,13
"[+101,+200]",HR≥50/EDG≥0.0/CV≤-/μ≥0.0/TP≥-,42.28,0.0,,0.0,,138,123,52,71,42.28,-6.44,-25.89,13.01,-7.92,0.385,13
"[+101,+200]",HR≥50/EDG≥0.0/CV≤-/μ≥0.5/TP≥-,41.58,0.0,,0.5,,112,101,42,59,41.58,-8.0,-29.42,13.42,-8.08,0.462,13
"[+101,+200]",HR≥50/EDG≥0.0/CV≤-/μ≥1.0/TP≥-,43.24,0.0,,1.0,,85,74,32,42,43.24,-4.22,-29.45,21.01,-3.12,0.4,10
"[+101,+200]",HR≥50/EDG≥0.0/CV≤0.7/μ≥-/TP≥-,30.0,0.0,0.7,,,33,30,9,21,30.0,-33.33,-70.44,3.77,-10.0,0.182,11
"[+101,+200]",HR≥50/EDG≥5.0/CV≤-/μ≥-/TP≥-,41.94,5.0,,,,139,124,52,72,41.94,-6.6,-26.08,12.87,-8.19,0.462,13
"[+101,+200]",HR≥50/EDG≥5.0/CV≤-/μ≥0.0/TP≥-,41.67,5.0,,0.0,,135,120,50,70,41.67,-7.6,-27.29,12.09,-9.12,0.385,13
"[+101,+200]",HR≥50/EDG≥5.0/CV≤-/μ≥0.5/TP≥-,41.58,5.0,,0.5,,112,101,42,59,41.58,-8.0,-29.42,13.42,-8.08,0.462,13
"[+101,+200]",HR≥50/EDG≥5.0/CV≤-/μ≥1.0/TP≥-,43.24,5.0,,1.0,,85,74,32,42,43.24,-4.22,-29.45,21.01,-3.12,0.4,10
"[+101,+200]",HR≥50/EDG≥10.0/CV≤-/μ≥-/TP≥-,41.07,10.0,,,,125,112,46,66,41.07,-8.81,-29.18,11.56,-9.87,0.538,13
"[+101,+200]",HR≥50/EDG≥10.0/CV≤-/μ≥0.0/TP≥-,41.07,10.0,,0.0,,125,112,46,66,41.07,-8.81,-29.18,11.56,-9.87,0.538,13
"[+101,+200]",HR≥50/EDG≥10.0/CV≤-/μ≥0.5/TP≥-,41.58,10.0,,0.5,,112,101,42,59,41.58,-8.0,-29.42,13.42,-8.08,0.462,13
"[+101,+200]",HR≥50/EDG≥10.0/CV≤-/μ≥1.0/TP≥-,43.24,10.0,,1.0,,85,74,32,42,43.24,-4.22,-29.45,21.01,-3.12,0.4,10
"[+101,+200]",HR≥55/EDG≥-/CV≤-/μ≥-/TP≥-,37.5,,,,,101,88,33,55,37.5,-17.25,-39.75,5.25,-15.18,0.308,13
"[+101,+200]",HR≥55/EDG≥-/CV≤-/μ≥0.0/TP≥-,43.75,,,0.0,,74,64,28,36,43.75,-4.02,-30.94,22.91,-2.57,0.5,12
"[+101,+200]",HR≥55/EDG≥-/CV≤-/μ≥0.5/TP≥-,44.23,,,0.5,,60,52,23,29,44.23,-3.12,-33.02,26.79,-1.62,0.5,10
"[+101,+200]",HR≥55/EDG≥-/CV≤-/μ≥1.0/TP≥-,47.62,,,1.0,,50,42,20,22,47.62,4.71,-28.96,38.39,1.98,0.6,10
"[+101,+200]",HR≥55/EDG≥-/CV≤0.7/μ≥-/TP≥-,30.3,,0.7,,,36,33,10,23,30.3,-31.88,-67.74,3.98,-10.52,0.364,11
"[+101,+200]",HR≥55/EDG≥-5.0/CV≤-/μ≥-/TP≥-,38.55,-5.0,,,,96,83,32,51,38.55,-15.17,-38.4,8.06,-12.59,0.462,13
"[+101,+200]",HR≥55/EDG≥-5.0/CV≤-/μ≥0.0/TP≥-,43.75,-5.0,,0.0,,74,64,28,36,43.75,-4.02,-30.94,22.91,-2.57,0.5,12
"[+101,+200]",HR≥55/EDG≥-5.0/CV≤-/μ≥0.5/TP≥-,44.23,-5.0,,0.5,,60,52,23,29,44.23,-3.12,-33.02,26.79,-1.62,0.5,10
"[+101,+200]",HR≥55/EDG≥-5.0/CV≤-/μ≥1.0/TP≥-,47.62,-5.0,,1.0,,50,42,20,22,47.62,4.71,-28.96,38.39,1.98,0.6,10
"[+101,+200]",HR≥55/EDG≥-5.0/CV≤0.7/μ≥-/TP≥-,33.33,-5.0,0.7,,,33,30,10,20,33.33,-25.07,-63.71,13.57,-7.52,0.455,11
"[+101,+200]",HR≥55/EDG≥0.0/CV≤-/μ≥-/TP≥-,40.54,0.0,,,,85,74,30,44,40.54,-11.04,-35.8,13.72,-8.17,0.417,12
"[+101,+200]",HR≥55/EDG≥0.0/CV≤-/μ≥0.0/TP≥-,43.75,0.0,,0.0,,74,64,28,36,43.75,-4.02,-30.94,22.91,-2.57,0.5,12
"[+101,+200]",HR≥55/EDG≥0.0/CV≤-/μ≥0.5/TP≥-,44.23,0.0,,0.5,,60,52,23,29,44.23,-3.12,-33.02,26.79,-1.62,0.5,10
"[+101,+200]",HR≥55/EDG≥0.0/CV≤-/μ≥1.0/TP≥-,47.62,0.0,,1.0,,50,42,20,22,47.62,4.71,-28.96,38.39,1.98,0.6,10
"[+101,+200]",HR≥55/EDG≥5.0/CV≤-/μ≥-/TP≥-,41.27,5.0,,,,73,63,26,37,41.27,-9.16,-36.18,17.87,-5.77,0.364,11
"[+101,+200]",HR≥55/EDG≥5.0/CV≤-/μ≥0.0/TP≥-,42.62,5.0,,0.0,,71,61,26,35,42.62,-6.18,-33.78,21.42,-3.77,0.455,11
"[+101,+200]",HR≥55/EDG≥5.0/CV≤-/μ≥0.5/TP≥-,44.23,5.0,,0.5,,60,52,23,29,44.23,-3.12,-33.02,26.79,-1.62,0.5,10
"[+101,+200]",HR≥55/EDG≥5.0/CV≤-/μ≥1.0/TP≥-,47.62,5.0,,1.0,,50,42,20,22,47.62,4.71,-28.96,38.39,1.98,0.6,10
"[+101,+200]",HR≥55/EDG≥10.0/CV≤-/μ≥-/TP≥-,45.61,10.0,,,,66,57,26,31,45.61,0.4,-28.37,29.18,0.23,0.455,11
"[+101,+200]",HR≥55/EDG≥10.0/CV≤-/μ≥0.0/TP≥-,45.61,10.0,,0.0,,66,57,26,31,45.61,0.4,-28.37,29.18,0.23,0.455,11
"[+101,+200]",HR≥55/EDG≥10.0/CV≤-/μ≥0.5/TP≥-,44.23,10.0,,0.5,,60,52,23,29,44.23,-3.12,-33.02,26.79,-1.62,0.5,10
"[+101,+200]",HR≥55/EDG≥10.0/CV≤-/μ≥1.0/TP≥-,47.62,10.0,,1.0,,50,42,20,22,47.62,4.71,-28.96,38.39,1.98,0.6,10
"[+101,+200]",HR≥60/EDG≥-/CV≤-/μ≥-/TP≥-,39.47,,,,,44,38,15,23,39.47,-14.16,-48.46,20.15,-5.38,0.455,11
"[+101,+200]",HR≥60/EDG≥-/CV≤-/μ≥0.0/TP≥-,46.67,,,0.0,,34,30,14,16,46.67,1.73,-37.92,41.39,0.52,0.455,11
"[+101,+200]",HR≥60/EDG≥-5.0/CV≤-/μ≥-/TP≥-,41.67,-5.0,,,,42,36,15,21,41.67,-9.39,-44.96,26.19,-3.38,0.455,11
"[+101,+200]",HR≥60/EDG≥-5.0/CV≤-/μ≥0.0/TP≥-,46.67,-5.0,,0.0,,34,30,14,16,46.67,1.73,-37.92,41.39,0.52,0.455,11
"[+101,+200]",HR≥60/EDG≥0.0/CV≤-/μ≥-/TP≥-,45.45,0.0,,,,37,33,15,18,45.45,-1.15,-38.73,36.43,-0.38,0.455,11
"[+101,+200]",HR≥60/EDG≥0.0/CV≤-/μ≥0.0/TP≥-,46.67,0.0,,0.0,,34,30,14,16,46.67,1.73,-37.92,41.39,0.52,0.455,11
"[+101,+200]",HR≥60/EDG≥5.0/CV≤-/μ≥-/TP≥-,46.67,5.0,,,,34,30,14,16,46.67,1.73,-37.92,41.39,0.52,0.455,11
"[+101,+200]",HR≥60/EDG≥5.0/CV≤-/μ≥0.0/TP≥-,46.67,5.0,,0.0,,34,30,14,16,46.67,1.73,-37.92,41.39,0.52,0.455,11
"[+101,+200]",HR≥60/EDG≥10.0/CV≤-/μ≥-/TP≥-,46.67,10.0,,,,34,30,14,16,46.67,1.73,-37.92,41.39,0.52,0.455,11
"[+101,+200]",HR≥60/EDG≥10.0/CV≤-/μ≥0.0/TP≥-,46.67,10.0,,0.0,,34,30,14,16,46.67,1.73,-37.92,41.39,0.52,0.455,11
