band,cfg,hr_min,edg_min,cv_max,mu_min,tp_min,n_total,n_graded,wins,losses,HR_pct,ROI_pct,ROI_lo,ROI_hi,P_and_L,consist,grd_days
"[-299,-200]",HR≥-/EDG≥-/CV≤-/μ≥-/TP≥-,65.91,,,,,617,528,348,180,65.91,-6.21,-11.98,-0.45,-32.811,0.231,13
"[-299,-200]",HR≥-/EDG≥-/CV≤-/μ≥-/TP≥50,67.15,,,,50.0,570,487,327,160,67.15,-4.49,-10.44,1.46,-21.887,0.308,13
"[-299,-200]",HR≥-/EDG≥-/CV≤-/μ≥-/TP≥55,67.09,,,,55.0,549,468,314,154,67.09,-4.53,-10.6,1.54,-21.2,0.231,13
"[-299,-200]",HR≥-/EDG≥-/CV≤-/μ≥-/TP≥60,67.73,,,,60.0,514,437,296,141,67.73,-3.74,-9.99,2.51,-16.347,0.308,13
"[-299,-200]",HR≥-/EDG≥-/CV≤-/μ≥-/TP≥65,69.21,,,,65.0,451,380,263,117,69.21,-1.7,-8.32,4.91,-6.477,0.385,13
"[-299,-200]",HR≥-/EDG≥-/CV≤-/μ≥0.0/TP≥-,67.15,,,0.0,,570,487,327,160,67.15,-4.49,-10.44,1.46,-21.887,0.308,13
"[-299,-200]",HR≥-/EDG≥-/CV≤-/μ≥0.0/TP≥50,67.15,,,0.0,50.0,570,487,327,160,67.15,-4.49,-10.44,1.46,-21.887,0.308,13
"[-299,-200]",HR≥-/EDG≥-/CV≤-/μ≥0.0/TP≥55,67.09,,,0.0,55.0,549,468,314,154,67.09,-4.53,-10.6,1.54,-21.2,0.231,13
"[-299,-200]",HR≥-/EDG≥-/CV≤-/μ≥0.0/TP≥60,67.73,,,0.0,60.0,514,437,296,141,67.73,-3.74,-9.99,2.51,-16.347,0.308,13
"[-299,-200]",HR≥-/EDG≥-/CV≤-/μ≥0.0/TP≥65,69.21,,,0.0,65.0,451,380,263,117,69.21,-1.7,-8.32,4.91,-6.477,0.385,13
"[-299,-200]",HR≥-/EDG≥-/CV≤-/μ≥0.5/TP≥-,70.42,,,0.5,,346,284,200,84,70.42,-0.14,-7.69,7.42,-0.39,0.538,13
"[-299,-200]",HR≥-/EDG≥-/CV≤-/μ≥0.5/TP≥50,70.42,,,0.5,50.0,346,284,200,84,70.42,-0.14,-7.69,7.42,-0.39,0.538,13
"[-299,-200]",HR≥-/EDG≥-/CV≤-/μ≥0.5/TP≥55,70.42,,,0.5,55.0,346,284,200,84,70.42,-0.14,-7.69,7.42,-0.39,0.538,13
"[-299,-200]",HR≥-/EDG≥-/CV≤-/μ≥0.5/TP≥60,70.42,,,0.5,60.0,346,284,200,84,70.42,-0.14,-7.69,7.42,-0.39,0.538,13
"[-299,-200]",HR≥-/EDG≥-/CV≤-/μ≥0.5/TP≥65,70.67,,,0.5,65.0,345,283,200,83,70.67,0.22,-7.33,7.76,0.61,0.538,13
"[-299,-200]",HR≥-/EDG≥-/CV≤-/μ≥1.0/TP≥-,69.06,,,1.0,,167,139,96,43,69.06,-2.13,-13.08,8.83,-2.955,0.385,13
"[-299,-200]",HR≥-/EDG≥-/CV≤-/μ≥1.0/TP≥50,69.06,,,1.0,50.0,167,139,96,43,69.06,-2.13,-13.08,8.83,-2.955,0.385,13
"[-299,-200]",HR≥-/EDG≥-/CV≤-/μ≥1.0/TP≥55,69.06,,,1.0,55.0,167,139,96,43,69.06,-2.13,-13.08,8.83,-2.955,0.385,13
"[-299,-200]",HR≥-/EDG≥-/CV≤-/μ≥1.0/TP≥60,69.06,,,1.0,60.0,167,139,96,43,69.06,-2.13,-13.08,8.83,-2.955,0.385,13
"[-299,-200]",HR≥-/EDG≥-/CV≤-/μ≥1.0/TP≥65,69.06,,,1.0,65.0,167,139,96,43,69.06,-2.13,-13.08,8.83,-2.955,0.385,13
"[-299,-200]",HR≥-/EDG≥-/CV≤0.7/μ≥-/TP≥-,73.53,,0.7,,,120,102,75,27,73.53,4.09,-8.12,16.29,4.168,0.615,13
"[-299,-200]",HR≥-/EDG≥-/CV≤0.7/μ≥-/TP≥50,74.26,,0.7,,50.0,119,101,75,26,74.26,5.12,-7.04,17.27,5.168,0.615,13
"[-299,-200]",HR≥-/EDG≥-/CV≤0.7/μ≥-/TP≥55,74.26,,0.7,,55.0,119,101,75,26,74.26,5.12,-7.04,17.27,5.168,0.615,13
"[-299,-200]",HR≥-/EDG≥-/CV≤0.7/μ≥-/TP≥60,74.0,,0.7,,60.0,118,100,74,26,74.0,4.67,-7.58,16.91,4.668,0.615,13
"[-299,-200]",HR≥-/EDG≥-/CV≤0.7/μ≥-/TP≥65,74.74,,0.7,,65.0,113,95,71,24,74.74,5.66,-6.79,18.11,5.377,0.615,13
"[-299,-200]",HR≥-/EDG≥-/CV≤0.7/μ≥0.0/TP≥-,74.26,,0.7,0.0,,119,101,75,26,74.26,5.12,-7.04,17.27,5.168,0.615,13
"[-299,-200]",HR≥-/EDG≥-/CV≤0.7/μ≥0.0/TP≥50,74.26,,0.7,0.0,50.0,119,101,75,26,74.26,5.12,-7.04,17.27,5.168,0.615,13
"[-299,-200]",HR≥-/EDG≥-/CV≤0.7/μ≥0.0/TP≥55,74.26,,0.7,0.0,55.0,119,101,75,26,74.26,5.12,-7.04,17.27,5.168,0.615,13
"[-299,-200]",HR≥-/EDG≥-/CV≤0.7/μ≥0.0/TP≥60,74.0,,0.7,0.0,60.0,118,100,74,26,74.0,4.67,-7.58,16.91,4.668,0.615,13
"[-299,-200]",HR≥-/EDG≥-/CV≤0.7/μ≥0.0/TP≥65,74.74,,0.7,0.0,65.0,113,95,71,24,74.74,5.66,-6.79,18.11,5.377,0.615,13
"[-299,-200]",HR≥-/EDG≥-/CV≤0.7/μ≥0.5/TP≥-,74.32,,0.7,0.5,,90,74,55,19,74.32,4.81,-9.34,18.97,3.563,0.615,13
"[-299,-200]",HR≥-/EDG≥-/CV≤0.7/μ≥0.5/TP≥50,74.32,,0.7,0.5,50.0,90,74,55,19,74.32,4.81,-9.34,18.97,3.563,0.615,13
"[-299,-200]",HR≥-/EDG≥-/CV≤0.7/μ≥0.5/TP≥55,74.32,,0.7,0.5,55.0,90,74,55,19,74.32,4.81,-9.34,18.97,3.563,0.615,13
"[-299,-200]",HR≥-/EDG≥-/CV≤0.7/μ≥0.5/TP≥60,74.32,,0.7,0.5,60.0,90,74,55,19,74.32,4.81,-9.34,18.97,3.563,0.615,13
"[-299,-200]",HR≥-/EDG≥-/CV≤0.7/μ≥0.5/TP≥65,74.32,,0.7,0.5,65.0,90,74,55,19,74.32,4.81,-9.34,18.97,3.563,0.615,13
"[-299,-200]",HR≥-/EDG≥-/CV≤0.7/μ≥1.0/TP≥-,69.23,,0.7,1.0,,47,39,27,12,69.23,-2.19,-22.96,18.58,-0.854,0.636,11
"[-299,-200]",HR≥-/EDG≥-/CV≤0.7/μ≥1.0/TP≥50,69.23,,0.7,1.0,50.0,47,39,27,12,69.23,-2.19,-22.96,18.58,-0.854,0.636,11
"[-299,-200]",HR≥-/EDG≥-/CV≤0.7/μ≥1.0/TP≥55,69.23,,0.7,1.0,55.0,47,39,27,12,69.23,-2.19,-22.96,18.58,-0.854,0.636,11
"[-299,-200]",HR≥-/EDG≥-/CV≤0.7/μ≥1.0/TP≥60,69.23,,0.7,1.0,60.0,47,39,27,12,69.23,-2.19,-22.96,18.58,-0.854,0.636,11
"[-299,-200]",HR≥-/EDG≥-/CV≤0.7/μ≥1.0/TP≥65,69.23,,0.7,1.0,65.0,47,39,27,12,69.23,-2.19,-22.96,18.58,-0.854,0.636,11
"[-299,-200]",HR≥-/EDG≥-5.0/CV≤-/μ≥-/TP≥-,69.84,-5.0,,,,439,368,257,111,69.84,-0.7,-7.39,5.99,-2.589,0.462,13
"[-299,-200]",HR≥-/EDG≥-5.0/CV≤-/μ≥-/TP≥50,69.84,-5.0,,,50.0,439,368,257,111,69.84,-0.7,-7.39,5.99,-2.589,0.462,13
"[-299,-200]",HR≥-/EDG≥-5.0/CV≤-/μ≥-/TP≥55,69.84,-5.0,,,55.0,439,368,257,111,69.84,-0.7,-7.39,5.99,-2.589,0.462,13
"[-299,-200]",HR≥-/EDG≥-5.0/CV≤-/μ≥-/TP≥60,69.84,-5.0,,,60.0,439,368,257,111,69.84,-0.7,-7.39,5.99,-2.589,0.462,13
"[-299,-200]",HR≥-/EDG≥-5.0/CV≤-/μ≥-/TP≥65,70.64,-5.0,,,65.0,431,361,255,106,70.64,0.41,-6.29,7.11,1.468,0.462,13
"[-299,-200]",HR≥-/EDG≥-5.0/CV≤-/μ≥0.0/TP≥-,69.84,-5.0,,0.0,,439,368,257,111,69.84,-0.7,-7.39,5.99,-2.589,0.462,13
"[-299,-200]",HR≥-/EDG≥-5.0/CV≤-/μ≥0.0/TP≥50,69.84,-5.0,,0.0,50.0,439,368,257,111,69.84,-0.7,-7.39,5.99,-2.589,0.462,13
"[-299,-200]",HR≥-/EDG≥-5.0/CV≤-/μ≥0.0/TP≥55,69.84,-5.0,,0.0,55.0,439,368,257,111,69.84,-0.7,-7.39,5.99,-2.589,0.462,13
"[-299,-200]",HR≥-/EDG≥-5.0/CV≤-/μ≥0.0/TP≥60,69.84,-5.0,,0.0,60.0,439,368,257,111,69.84,-0.7,-7.39,5.99,-2.589,0.462,13
"[-299,-200]",HR≥-/EDG≥-5.0/CV≤-/μ≥0.0/TP≥65,70.64,-5.0,,0.0,65.0,431,361,255,106,70.64,0.41,-6.29,7.11,1.468,0.462,13
"[-299,-200]",HR≥-/EDG≥-5.0/CV≤-/μ≥0.5/TP≥-,70.42,-5.0,,0.5,,346,284,200,84,70.42,-0.14,-7.69,7.42,-0.39,0.538,13
"[-299,-200]",HR≥-/EDG≥-5.0/CV≤-/μ≥0.5/TP≥50,70.42,-5.0,,0.5,50.0,346,284,200,84,70.42,-0.14,-7.69,7.42,-0.39,0.538,13
"[-299,-200]",HR≥-/EDG≥-5.0/CV≤-/μ≥0.5/TP≥55,70.42,-5.0,,0.5,55.0,346,284,200,84,70.42,-0.14,-7.69,7.42,-0.39,0.538,13
"[-299,-200]",HR≥-/EDG≥-5.0/CV≤-/μ≥0.5/TP≥60,70.42,-5.0,,0.5,60.0,346,284,200,84,70.42,-0.14,-7.69,7.42,-0.39,0.538,13
"[-299,-200]",HR≥-/EDG≥-5.0/CV≤-/μ≥0.5/TP≥65,70.67,-5.0,,0.5,65.0,345,283,200,83,70.67,0.22,-7.33,7.76,0.61,0.538,13
"[-299,-200]",HR≥-/EDG≥-5.0/CV≤-/μ≥1.0/TP≥-,69.06,-5.0,,1.0,,167,139,96,43,69.06,-2.13,-13.08,8.83,-2.955,0.385,13
"[-299,-200]",HR≥-/EDG≥-5.0/CV≤-/μ≥1.0/TP≥50,69.06,-5.0,,1.0,50.0,167,139,96,43,69.06,-2.13,-13.08,8.83,-2.955,0.385,13
"[-299,-200]",HR≥-/EDG≥-5.0/CV≤-/μ≥1.0/TP≥55,69.06,-5.0,,1.0,55.0,167,139,96,43,69.06,-2.13,-13.08,8.83,-2.955,0.385,13
"[-299,-200]",HR≥-/EDG≥-5.0/CV≤-/μ≥1.0/TP≥60,69.06,-5.0,,1.0,60.0,167,139,96,43,69.06,-2.13,-13.08,8.83,-2.955,0.385,13
"[-299,-200]",HR≥-/EDG≥-5.0/CV≤-/μ≥1.0/TP≥65,69.06,-5.0,,1.0,65.0,167,139,96,43,69.06,-2.13,-13.08,8.83,-2.955,0.385,13
"[-299,-200]",HR≥-/EDG≥-5.0/CV≤0.7/μ≥-/TP≥-,75.82,-5.0,0.7,,,108,91,69,22,75.82,7.31,-5.24,19.85,6.65,0.692,13
"[-299,-200]",HR≥-/EDG≥-5.0/CV≤0.7/μ≥-/TP≥50,75.82,-5.0,0.7,,50.0,108,91,69,22,75.82,7.31,-5.24,19.85,6.65,0.692,13
"[-299,-200]",HR≥-/EDG≥-5.0/CV≤0.7/μ≥-/TP≥55,75.82,-5.0,0.7,,55.0,108,91,69,22,75.82,7.31,-5.24,19.85,6.65,0.692,13
"[-299,-200]",HR≥-/EDG≥-5.0/CV≤0.7/μ≥-/TP≥60,75.82,-5.0,0.7,,60.0,108,91,69,22,75.82,7.31,-5.24,19.85,6.65,0.692,13
"[-299,-200]",HR≥-/EDG≥-5.0/CV≤0.7/μ≥-/TP≥65,75.82,-5.0,0.7,,65.0,108,91,69,22,75.82,7.31,-5.24,19.85,6.65,0.692,13
"[-299,-200]",HR≥-/EDG≥-5.0/CV≤0.7/μ≥0.0/TP≥-,75.82,-5.0,0.7,0.0,,108,91,69,22,75.82,7.31,-5.24,19.85,6.65,0.692,13
"[-299,-200]",HR≥-/EDG≥-5.0/CV≤0.7/μ≥0.0/TP≥50,75.82,-5.0,0.7,0.0,50.0,108,91,69,22,75.82,7.31,-5.24,19.85,6.65,0.692,13
"[-299,-200]",HR≥-/EDG≥-5.0/CV≤0.7/μ≥0.0/TP≥55,75.82,-5.0,0.7,0.0,55.0,108,91,69,22,75.82,7.31,-5.24,19.85,6.65,0.692,13
"[-299,-200]",HR≥-/EDG≥-5.0/CV≤0.7/μ≥0.0/TP≥60,75.82,-5.0,0.7,0.0,60.0,108,91,69,22,75.82,7.31,-5.24,19.85,6.65,0.692,13
"[-299,-200]",HR≥-/EDG≥-5.0/CV≤0.7/μ≥0.0/TP≥65,75.82,-5.0,0.7,0.0,65.0,108,91,69,22,75.82,7.31,-5.24,19.85,6.65,0.692,13
"[-299,-200]",HR≥-/EDG≥-5.0/CV≤0.7/μ≥0.5/TP≥-,74.32,-5.0,0.7,0.5,,90,74,55,19,74.32,4.81,-9.34,18.97,3.563,0.615,13
"[-299,-200]",HR≥-/EDG≥-5.0/CV≤0.7/μ≥0.5/TP≥50,74.32,-5.0,0.7,0.5,50.0,90,74,55,19,74.32,4.81,-9.34,18.97,3.563,0.615,13
"[-299,-200]",HR≥-/EDG≥-5.0/CV≤0.7/μ≥0.5/TP≥55,74.32,-5.0,0.7,0.5,55.0,90,74,55,19,74.32,4.81,-9.34,18.97,3.563,0.615,13
"[-299,-200]",HR≥-/EDG≥-5.0/CV≤0.7/μ≥0.5/TP≥60,74.32,-5.0,0.7,0.5,60.0,90,74,55,19,74.32,4.81,-9.34,18.97,3.563,0.615,13
"[-299,-200]",HR≥-/EDG≥-5.0/CV≤0.7/μ≥0.5/TP≥65,74.32,-5.0,0.7,0.5,65.0,90,74,55,19,74.32,4.81,-9.34,18.97,3.563,0.615,13
"[-299,-200]",HR≥-/EDG≥-5.0/CV≤0.7/μ≥1.0/TP≥-,69.23,-5.0,0.7,1.0,,47,39,27,12,69.23,-2.19,-22.96,18.58,-0.854,0.636,11
"[-299,-200]",HR≥-/EDG≥-5.0/CV≤0.7/μ≥1.0/TP≥50,69.23,-5.0,0.7,1.0,50.0,47,39,27,12,69.23,-2.19,-22.96,18.58,-0.854,0.636,11
"[-299,-200]",HR≥-/EDG≥-5.0/CV≤0.7/μ≥1.0/TP≥55,69.23,-5.0,0.7,1.0,55.0,47,39,27,12,69.23,-2.19,-22.96,18.58,-0.854,0.636,11
"[-299,-200]",HR≥-/EDG≥-5.0/CV≤0.7/μ≥1.0/TP≥60,69.23,-5.0,0.7,1.0,60.0,47,39,27,12,69.23,-2.19,-22.96,18.58,-0.854,0.636,11
"[-299,-200]",HR≥-/EDG≥-5.0/CV≤0.7/μ≥1.0/TP≥65,69.23,-5.0,0.7,1.0,65.0,47,39,27,12,69.23,-2.19,-22.96,18.58,-0.854,0.636,11
"[-299,-200]",HR≥-/EDG≥0.0/CV≤-/μ≥-/TP≥-,70.93,0.0,,,,376,313,222,91,70.93,0.99,-6.2,8.18,3.095,0.538,13
"[-299,-200]",HR≥-/EDG≥0.0/CV≤-/μ≥-/TP≥50,70.93,0.0,,,50.0,376,313,222,91,70.93,0.99,-6.2,8.18,3.095,0.538,13
"[-299,-200]",HR≥-/EDG≥0.0/CV≤-/μ≥-/TP≥55,70.93,0.0,,,55.0,376,313,222,91,70.93,0.99,-6.2,8.18,3.095,0.538,13
"[-299,-200]",HR≥-/EDG≥0.0/CV≤-/μ≥-/TP≥60,70.93,0.0,,,60.0,376,313,222,91,70.93,0.99,-6.2,8.18,3.095,0.538,13
"[-299,-200]",HR≥-/EDG≥0.0/CV≤-/μ≥-/TP≥65,70.93,0.0,,,65.0,376,313,222,91,70.93,0.99,-6.2,8.18,3.095,0.538,13
"[-299,-200]",HR≥-/EDG≥0.0/CV≤-/μ≥0.0/TP≥-,70.93,0.0,,0.0,,376,313,222,91,70.93,0.99,-6.2,8.18,3.095,0.538,13
"[-299,-200]",HR≥-/EDG≥0.0/CV≤-/μ≥0.0/TP≥50,70.93,0.0,,0.0,50.0,376,313,222,91,70.93,0.99,-6.2,8.18,3.095,0.538,13
"[-299,-200]",HR≥-/EDG≥0.0/CV≤-/μ≥0.0/TP≥55,70.93,0.0,,0.0,55.0,376,313,222,91,70.93,0.99,-6.2,8.18,3.095,0.538,13
"[-299,-200]",HR≥-/EDG≥0.0/CV≤-/μ≥0.0/TP≥60,70.93,0.0,,0.0,60.0,376,313,222,91,70.93,0.99,-6.2,8.18,3.095,0.538,13
"[-299,-200]",HR≥-/EDG≥0.0/CV≤-/μ≥0.0/TP≥65,70.93,0.0,,0.0,65.0,376,313,222,91,70.93,0.99,-6.2,8.18,3.095,0.538,13
"[-299,-200]",HR≥-/EDG≥0.0/CV≤-/μ≥0.5/TP≥-,70.65,0.0,,0.5,,335,276,195,81,70.65,0.27,-7.38,7.92,0.743,0.538,13
"[-299,-200]",HR≥-/EDG≥0.0/CV≤-/μ≥0.5/TP≥50,70.65,0.0,,0.5,50.0,335,276,195,81,70.65,0.27,-7.38,7.92,0.743,0.538,13
"[-299,-200]",HR≥-/EDG≥0.0/CV≤-/μ≥0.5/TP≥55,70.65,0.0,,0.5,55.0,335,276,195,81,70.65,0.27,-7.38,7.92,0.743,0.538,13
"[-299,-200]",HR≥-/EDG≥0.0/CV≤-/μ≥0.5/TP≥60,70.65,0.0,,0.5,60.0,335,276,195,81,70.65,0.27,-7.38,7.92,0.743,0.538,13
"[-299,-200]",HR≥-/EDG≥0.0/CV≤-/μ≥0.5/TP≥65,70.65,0.0,,0.5,65.0,335,276,195,81,70.65,0.27,-7.38,7.92,0.743,0.538,13
"[-299,-200]",HR≥-/EDG≥0.0/CV≤-/μ≥1.0/TP≥-,69.06,0.0,,1.0,,167,139,96,43,69.06,-2.13,-13.08,8.83,-2.955,0.385,13
"[-299,-200]",HR≥-/EDG≥0.0/CV≤-/μ≥1.0/TP≥50,69.06,0.0,,1.0,50.0,167,139,96,43,69.06,-2.13,-13.08,8.83,-2.955,0.385,13
"[-299,-200]",HR≥-/EDG≥0.0/CV≤-/μ≥1.0/TP≥55,69.06,0.0,,1.0,55.0,167,139,96,43,69.06,-2.13,-13.08,8.83,-2.955,0.385,13
"[-299,-200]",HR≥-/EDG≥0.0/CV≤-/μ≥1.0/TP≥60,69.06,0.0,,1.0,60.0,167,139,96,43,69.06,-2.13,-13.08,8.83,-2.955,0.385,13
"[-299,-200]",HR≥-/EDG≥0.0/CV≤-/μ≥1.0/TP≥65,69.06,0.0,,1.0,65.0,167,139,96,43,69.06,-2.13,-13.08,8.83,-2.955,0.385,13
"[-299,-200]",HR≥-/EDG≥0.0/CV≤0.7/μ≥-/TP≥-,75.61,0.0,0.7,,,99,82,62,20,75.61,7.04,-6.22,20.31,5.775,0.692,13
"[-299,-200]",HR≥-/EDG≥0.0/CV≤0.7/μ≥-/TP≥50,75.61,0.0,0.7,,50.0,99,82,62,20,75.61,7.04,-6.22,20.31,5.775,0.692,13
"[-299,-200]",HR≥-/EDG≥0.0/CV≤0.7/μ≥-/TP≥55,75.61,0.0,0.7,,55.0,99,82,62,20,75.61,7.04,-6.22,20.31,5.775,0.692,13
"[-299,-200]",HR≥-/EDG≥0.0/CV≤0.7/μ≥-/TP≥60,75.61,0.0,0.7,,60.0,99,82,62,20,75.61,7.04,-6.22,20.31,5.775,0.692,13
"[-299,-200]",HR≥-/EDG≥0.0/CV≤0.7/μ≥-/TP≥65,75.61,0.0,0.7,,65.0,99,82,62,20,75.61,7.04,-6.22,20.31,5.775,0.692,13
"[-299,-200]",HR≥-/EDG≥0.0/CV≤0.7/μ≥0.0/TP≥-,75.61,0.0,0.7,0.0,,99,82,62,20,75.61,7.04,-6.22,20.31,5.775,0.692,13
"[-299,-200]",HR≥-/EDG≥0.0/CV≤0.7/μ≥0.0/TP≥50,75.61,0.0,0.7,0.0,50.0,99,82,62,20,75.61,7.04,-6.22,20.31,5.775,0.692,13
"[-299,-200]",HR≥-/EDG≥0.0/CV≤0.7/μ≥0.0/TP≥55,75.61,0.0,0.7,0.0,55.0,99,82,62,20,75.61,7.04,-6.22,20.31,5.775,0.692,13
"[-299,-200]",HR≥-/EDG≥0.0/CV≤0.7/μ≥0.0/TP≥60,75.61,0.0,0.7,0.0,60.0,99,82,62,20,75.61,7.04,-6.22,20.31,5.775,0.692,13
"[-299,-200]",HR≥-/EDG≥0.0/CV≤0.7/μ≥0.0/TP≥65,75.61,0.0,0.7,0.0,65.0,99,82,62,20,75.61,7.04,-6.22,20.31,5.775,0.692,13
"[-299,-200]",HR≥-/EDG≥0.0/CV≤0.7/μ≥0.5/TP≥-,74.32,0.0,0.7,0.5,,90,74,55,19,74.32,4.81,-9.34,18.97,3.563,0.615,13
"[-299,-200]",HR≥-/EDG≥0.0/CV≤0.7/μ≥0.5/TP≥50,74.32,0.0,0.7,0.5,50.0,90,74,55,19,74.32,4.81,-9.34,18.97,3.563,0.615,13
"[-299,-200]",HR≥-/EDG≥0.0/CV≤0.7/μ≥0.5/TP≥55,74.32,0.0,0.7,0.5,55.0,90,74,55,19,74.32,4.81,-9.34,18.97,3.563,0.615,13
"[-299,-200]",HR≥-/EDG≥0.0/CV≤0.7/μ≥0.5/TP≥60,74.32,0.0,0.7,0.5,60.0,90,74,55,19,74.32,4.81,-9.34,18.97,3.563,0.615,13
"[-299,-200]",HR≥-/EDG≥0.0/CV≤0.7/μ≥0.5/TP≥65,74.32,0.0,0.7,0.5,65.0,90,74,55,19,74.32,4.81,-9.34,18.97,3.563,0.615,13
"[-299,-200]",HR≥-/EDG≥0.0/CV≤0.7/μ≥1.0/TP≥-,69.23,0.0,0.7,1.0,,47,39,27,12,69.23,-2.19,-22.96,18.58,-0.854,0.636,11
"[-299,-200]",HR≥-/EDG≥0.0/CV≤0.7/μ≥1.0/TP≥50,69.23,0.0,0.7,1.0,50.0,47,39,27,12,69.23,-2.19,-22.96,18.58,-0.854,0.636,11
"[-299,-200]",HR≥-/EDG≥0.0/CV≤0.7/μ≥1.0/TP≥55,69.23,0.0,0.7,1.0,55.0,47,39,27,12,69.23,-2.19,-22.96,18.58,-0.854,0.636,11
"[-299,-200]",HR≥-/EDG≥0.0/CV≤0.7/μ≥1.0/TP≥60,69.23,0.0,0.7,1.0,60.0,47,39,27,12,69.23,-2.19,-22.96,18.58,-0.854,0.636,11
"[-299,-200]",HR≥-/EDG≥0.0/CV≤0.7/μ≥1.0/TP≥65,69.23,0.0,0.7,1.0,65.0,47,39,27,12,69.23,-2.19,-22.96,18.58,-0.854,0.636,11
"[-299,-200]",HR≥-/EDG≥5.0/CV≤-/μ≥-/TP≥-,71.04,5.0,,,,315,259,184,75,71.04,1.01,-6.88,8.89,2.606,0.462,13
"[-299,-200]",HR≥-/EDG≥5.0/CV≤-/μ≥-/TP≥50,71.04,5.0,,,50.0,315,259,184,75,71.04,1.01,-6.88,8.89,2.606,0.462,13
"[-299,-200]",HR≥-/EDG≥5.0/CV≤-/μ≥-/TP≥55,71.04,5.0,,,55.0,315,259,184,75,71.04,1.01,-6.88,8.89,2.606,0.462,13
"[-299,-200]",HR≥-/EDG≥5.0/CV≤-/μ≥-/TP≥60,71.04,5.0,,,60.0,315,259,184,75,71.04,1.01,-6.88,8.89,2.606,0.462,13
"[-299,-200]",HR≥-/EDG≥5.0/CV≤-/μ≥-/TP≥65,71.04,5.0,,,65.0,315,259,184,75,71.04,1.01,-6.88,8.89,2.606,0.462,13
"[-299,-200]",HR≥-/EDG≥5.0/CV≤-/μ≥0.0/TP≥-,71.04,5.0,,0.0,,315,259,184,75,71.04,1.01,-6.88,8.89,2.606,0.462,13
"[-299,-200]",HR≥-/EDG≥5.0/CV≤-/μ≥0.0/TP≥50,71.04,5.0,,0.0,50.0,315,259,184,75,71.04,1.01,-6.88,8.89,2.606,0.462,13
"[-299,-200]",HR≥-/EDG≥5.0/CV≤-/μ≥0.0/TP≥55,71.04,5.0,,0.0,55.0,315,259,184,75,71.04,1.01,-6.88,8.89,2.606,0.462,13
"[-299,-200]",HR≥-/EDG≥5.0/CV≤-/μ≥0.0/TP≥60,71.04,5.0,,0.0,60.0,315,259,184,75,71.04,1.01,-6.88,8.89,2.606,0.462,13
"[-299,-200]",HR≥-/EDG≥5.0/CV≤-/μ≥0.0/TP≥65,71.04,5.0,,0.0,65.0,315,259,184,75,71.04,1.01,-6.88,8.89,2.606,0.462,13
"[-299,-200]",HR≥-/EDG≥5.0/CV≤-/μ≥0.5/TP≥-,70.28,5.0,,0.5,,304,249,175,74,70.28,-0.19,-8.28,7.91,-0.467,0.385,13
"[-299,-200]",HR≥-/EDG≥5.0/CV≤-/μ≥0.5/TP≥50,70.28,5.0,,0.5,50.0,304,249,175,74,70.28,-0.19,-8.28,7.91,-0.467,0.385,13
"[-299,-200]",HR≥-/EDG≥5.0/CV≤-/μ≥0.5/TP≥55,70.28,5.0,,0.5,55.0,304,249,175,74,70.28,-0.19,-8.28,7.91,-0.467,0.385,13
"[-299,-200]",HR≥-/EDG≥5.0/CV≤-/μ≥0.5/TP≥60,70.28,5.0,,0.5,60.0,304,249,175,74,70.28,-0.19,-8.28,7.91,-0.467,0.385,13
"[-299,-200]",HR≥-/EDG≥5.0/CV≤-/μ≥0.5/TP≥65,70.28,5.0,,0.5,65.0,304,249,175,74,70.28,-0.19,-8.28,7.91,-0.467,0.385,13
"[-299,-200]",HR≥-/EDG≥5.0/CV≤-/μ≥1.0/TP≥-,69.57,5.0,,1.0,,166,138,96,42,69.57,-1.42,-12.36,9.53,-1.955,0.385,13
"[-299,-200]",HR≥-/EDG≥5.0/CV≤-/μ≥1.0/TP≥50,69.57,5.0,,1.0,50.0,166,138,96,42,69.57,-1.42,-12.36,9.53,-1.955,0.385,13
"[-299,-200]",HR≥-/EDG≥5.0/CV≤-/μ≥1.0/TP≥55,69.57,5.0,,1.0,55.0,166,138,96,42,69.57,-1.42,-12.36,9.53,-1.955,0.385,13
"[-299,-200]",HR≥-/EDG≥5.0/CV≤-/μ≥1.0/TP≥60,69.57,5.0,,1.0,60.0,166,138,96,42,69.57,-1.42,-12.36,9.53,-1.955,0.385,13
"[-299,-200]",HR≥-/EDG≥5.0/CV≤-/μ≥1.0/TP≥65,69.57,5.0,,1.0,65.0,166,138,96,42,69.57,-1.42,-12.36,9.53,-1.955,0.385,13
"[-299,-200]",HR≥-/EDG≥5.0/CV≤0.7/μ≥-/TP≥-,73.68,5.0,0.7,,,91,76,56,20,73.68,4.23,-9.89,18.35,3.215,0.538,13
"[-299,-200]",HR≥-/EDG≥5.0/CV≤0.7/μ≥-/TP≥50,73.68,5.0,0.7,,50.0,91,76,56,20,73.68,4.23,-9.89,18.35,3.215,0.538,13
"[-299,-200]",HR≥-/EDG≥5.0/CV≤0.7/μ≥-/TP≥55,73.68,5.0,0.7,,55.0,91,76,56,20,73.68,4.23,-9.89,18.35,3.215,0.538,13
"[-299,-200]",HR≥-/EDG≥5.0/CV≤0.7/μ≥-/TP≥60,73.68,5.0,0.7,,60.0,91,76,56,20,73.68,4.23,-9.89,18.35,3.215,0.538,13
"[-299,-200]",HR≥-/EDG≥5.0/CV≤0.7/μ≥-/TP≥65,73.68,5.0,0.7,,65.0,91,76,56,20,73.68,4.23,-9.89,18.35,3.215,0.538,13
"[-299,-200]",HR≥-/EDG≥5.0/CV≤0.7/μ≥0.0/TP≥-,73.68,5.0,0.7,0.0,,91,76,56,20,73.68,4.23,-9.89,18.35,3.215,0.538,13
"[-299,-200]",HR≥-/EDG≥5.0/CV≤0.7/μ≥0.0/TP≥50,73.68,5.0,0.7,0.0,50.0,91,76,56,20,73.68,4.23,-9.89,18.35,3.215,0.538,13
"[-299,-200]",HR≥-/EDG≥5.0/CV≤0.7/μ≥0.0/TP≥55,73.68,5.0,0.7,0.0,55.0,91,76,56,20,73.68,4.23,-9.89,18.35,3.215,0.538,13
"[-299,-200]",HR≥-/EDG≥5.0/CV≤0.7/μ≥0.0/TP≥60,73.68,5.0,0.7,0.0,60.0,91,76,56,20,73.68,4.23,-9.89,18.35,3.215,0.538,13
"[-299,-200]",HR≥-/EDG≥5.0/CV≤0.7/μ≥0.0/TP≥65,73.68,5.0,0.7,0.0,65.0,91,76,56,20,73.68,4.23,-9.89,18.35,3.215,0.538,13
"[-299,-200]",HR≥-/EDG≥5.0/CV≤0.7/μ≥0.5/TP≥-,73.24,5.0,0.7,0.5,,86,71,52,19,73.24,3.38,-11.28,18.05,2.403,0.615,13
"[-299,-200]",HR≥-/EDG≥5.0/CV≤0.7/μ≥0.5/TP≥50,73.24,5.0,0.7,0.5,50.0,86,71,52,19,73.24,3.38,-11.28,18.05,2.403,0.615,13
"[-299,-200]",HR≥-/EDG≥5.0/CV≤0.7/μ≥0.5/TP≥55,73.24,5.0,0.7,0.5,55.0,86,71,52,19,73.24,3.38,-11.28,18.05,2.403,0.615,13
"[-299,-200]",HR≥-/EDG≥5.0/CV≤0.7/μ≥0.5/TP≥60,73.24,5.0,0.7,0.5,60.0,86,71,52,19,73.24,3.38,-11.28,18.05,2.403,0.615,13
"[-299,-200]",HR≥-/EDG≥5.0/CV≤0.7/μ≥0.5/TP≥65,73.24,5.0,0.7,0.5,65.0,86,71,52,19,73.24,3.38,-11.28,18.05,2.403,0.615,13
"[-299,-200]",HR≥-/EDG≥5.0/CV≤0.7/μ≥1.0/TP≥-,69.23,5.0,0.7,1.0,,47,39,27,12,69.23,-2.19,-22.96,18.58,-0.854,0.636,11
"[-299,-200]",HR≥-/EDG≥5.0/CV≤0.7/μ≥1.0/TP≥50,69.23,5.0,0.7,1.0,50.0,47,39,27,12,69.23,-2.19,-22.96,18.58,-0.854,0.636,11
"[-299,-200]",HR≥-/EDG≥5.0/CV≤0.7/μ≥1.0/TP≥55,69.23,5.0,0.7,1.0,55.0,47,39,27,12,69.23,-2.19,-22.96,18.58,-0.854,0.636,11
"[-299,-200]",HR≥-/EDG≥5.0/CV≤0.7/μ≥1.0/TP≥60,69.23,5.0,0.7,1.0,60.0,47,39,27,12,69.23,-2.19,-22.96,18.58,-0.854,0.636,11
"[-299,-200]",HR≥-/EDG≥5.0/CV≤0.7/μ≥1.0/TP≥65,69.23,5.0,0.7,1.0,65.0,47,39,27,12,69.23,-2.19,-22.96,18.58,-0.854,0.636,11
"[-299,-200]",HR≥-/EDG≥10.0/CV≤-/μ≥-/TP≥-,70.97,10.0,,,,264,217,154,63,70.97,0.75,-7.86,9.36,1.62,0.462,13
"[-299,-200]",HR≥-/EDG≥10.0/CV≤-/μ≥-/TP≥50,70.97,10.0,,,50.0,264,217,154,63,70.97,0.75,-7.86,9.36,1.62,0.462,13
"[-299,-200]",HR≥-/EDG≥10.0/CV≤-/μ≥-/TP≥55,70.97,10.0,,,55.0,264,217,154,63,70.97,0.75,-7.86,9.36,1.62,0.462,13
"[-299,-200]",HR≥-/EDG≥10.0/CV≤-/μ≥-/TP≥60,70.97,10.0,,,60.0,264,217,154,63,70.97,0.75,-7.86,9.36,1.62,0.462,13
"[-299,-200]",HR≥-/EDG≥10.0/CV≤-/μ≥-/TP≥65,70.97,10.0,,,65.0,264,217,154,63,70.97,0.75,-7.86,9.36,1.62,0.462,13
"[-299,-200]",HR≥-/EDG≥10.0/CV≤-/μ≥0.0/TP≥-,70.97,10.0,,0.0,,264,217,154,63,70.97,0.75,-7.86,9.36,1.62,0.462,13
"[-299,-200]",HR≥-/EDG≥10.0/CV≤-/μ≥0.0/TP≥50,70.97,10.0,,0.0,50.0,264,217,154,63,70.97,0.75,-7.86,9.36,1.62,0.462,13
"[-299,-200]",HR≥-/EDG≥10.0/CV≤-/μ≥0.0/TP≥55,70.97,10.0,,0.0,55.0,264,217,154,63,70.97,0.75,-7.86,9.36,1.62,0.462,13
"[-299,-200]",HR≥-/EDG≥10.0/CV≤-/μ≥0.0/TP≥60,70.97,10.0,,0.0,60.0,264,217,154,63,70.97,0.75,-7.86,9.36,1.62,0.462,13
"[-299,-200]",HR≥-/EDG≥10.0/CV≤-/μ≥0.0/TP≥65,70.97,10.0,,0.0,65.0,264,217,154,63,70.97,0.75,-7.86,9.36,1.62,0.462,13
"[-299,-200]",HR≥-/EDG≥10.0/CV≤-/μ≥0.5/TP≥-,70.83,10.0,,0.5,,263,216,153,63,70.83,0.54,-8.1,9.19,1.175,0.462,13
"[-299,-200]",HR≥-/EDG≥10.0/CV≤-/μ≥0.5/TP≥50,70.83,10.0,,0.5,50.0,263,216,153,63,70.83,0.54,-8.1,9.19,1.175,0.462,13
"[-299,-200]",HR≥-/EDG≥10.0/CV≤-/μ≥0.5/TP≥55,70.83,10.0,,0.5,55.0,263,216,153,63,70.83,0.54,-8.1,9.19,1.175,0.462,13
"[-299,-200]",HR≥-/EDG≥10.0/CV≤-/μ≥0.5/TP≥60,70.83,10.0,,0.5,60.0,263,216,153,63,70.83,0.54,-8.1,9.19,1.175,0.462,13
"[-299,-200]",HR≥-/EDG≥10.0/CV≤-/μ≥0.5/TP≥65,70.83,10.0,,0.5,65.0,263,216,153,63,70.83,0.54,-8.1,9.19,1.175,0.462,13
"[-299,-200]",HR≥-/EDG≥10.0/CV≤-/μ≥1.0/TP≥-,69.34,10.0,,1.0,,164,137,95,42,69.34,-1.69,-12.7,9.32,-2.319,0.385,13
"[-299,-200]",HR≥-/EDG≥10.0/CV≤-/μ≥1.0/TP≥50,69.34,10.0,,1.0,50.0,164,137,95,42,69.34,-1.69,-12.7,9.32,-2.319,0.385,13
"[-299,-200]",HR≥-/EDG≥10.0/CV≤-/μ≥1.0/TP≥55,69.34,10.0,,1.0,55.0,164,137,95,42,69.34,-1.69,-12.7,9.32,-2.319,0.385,13
"[-299,-200]",HR≥-/EDG≥10.0/CV≤-/μ≥1.0/TP≥60,69.34,10.0,,1.0,60.0,164,137,95,42,69.34,-1.69,-12.7,9.32,-2.319,0.385,13
"[-299,-200]",HR≥-/EDG≥10.0/CV≤-/μ≥1.0/TP≥65,69.34,10.0,,1.0,65.0,164,137,95,42,69.34,-1.69,-12.7,9.32,-2.319,0.385,13
"[-299,-200]",HR≥-/EDG≥10.0/CV≤0.7/μ≥-/TP≥-,72.58,10.0,0.7,,,76,62,45,17,72.58,2.33,-13.48,18.14,1.445,0.692,13
"[-299,-200]",HR≥-/EDG≥10.0/CV≤0.7/μ≥-/TP≥50,72.58,10.0,0.7,,50.0,76,62,45,17,72.58,2.33,-13.48,18.14,1.445,0.692,13
"[-299,-200]",HR≥-/EDG≥10.0/CV≤0.7/μ≥-/TP≥55,72.58,10.0,0.7,,55.0,76,62,45,17,72.58,2.33,-13.48,18.14,1.445,0.692,13
"[-299,-200]",HR≥-/EDG≥10.0/CV≤0.7/μ≥-/TP≥60,72.58,10.0,0.7,,60.0,76,62,45,17,72.58,2.33,-13.48,18.14,1.445,0.692,13
"[-299,-200]",HR≥-/EDG≥10.0/CV≤0.7/μ≥-/TP≥65,72.58,10.0,0.7,,65.0,76,62,45,17,72.58,2.33,-13.48,18.14,1.445,0.692,13
"[-299,-200]",HR≥-/EDG≥10.0/CV≤0.7/μ≥0.0/TP≥-,72.58,10.0,0.7,0.0,,76,62,45,17,72.58,2.33,-13.48,18.14,1.445,0.692,13
"[-299,-200]",HR≥-/EDG≥10.0/CV≤0.7/μ≥0.0/TP≥50,72.58,10.0,0.7,0.0,50.0,76,62,45,17,72.58,2.33,-13.48,18.14,1.445,0.692,13
"[-299,-200]",HR≥-/EDG≥10.0/CV≤0.7/μ≥0.0/TP≥55,72.58,10.0,0.7,0.0,55.0,76,62,45,17,72.58,2.33,-13.48,18.14,1.445,0.692,13
"[-299,-200]",HR≥-/EDG≥10.0/CV≤0.7/μ≥0.0/TP≥60,72.58,10.0,0.7,0.0,60.0,76,62,45,17,72.58,2.33,-13.48,18.14,1.445,0.692,13
"[-299,-200]",HR≥-/EDG≥10.0/CV≤0.7/μ≥0.0/TP≥65,72.58,10.0,0.7,0.0,65.0,76,62,45,17,72.58,2.33,-13.48,18.14,1.445,0.692,13
"[-299,-200]",HR≥-/EDG≥10.0/CV≤0.7/μ≥0.5/TP≥-,72.58,10.0,0.7,0.5,,76,62,45,17,72.58,2.33,-13.48,18.14,1.445,0.692,13
"[-299,-200]",HR≥-/EDG≥10.0/CV≤0.7/μ≥0.5/TP≥50,72.58,10.0,0.7,0.5,50.0,76,62,45,17,72.58,2.33,-13.48,18.14,1.445,0.692,13
"[-299,-200]",HR≥-/EDG≥10.0/CV≤0.7/μ≥0.5/TP≥55,72.58,10.0,0.7,0.5,55.0,76,62,45,17,72.58,2.33,-13.48,18.14,1.445,0.692,13
"[-299,-200]",HR≥-/EDG≥10.0/CV≤0.7/μ≥0.5/TP≥60,72.58,10.0,0.7,0.5,60.0,76,62,45,17,72.58,2.33,-13.48,18.14,1.445,0.692,13
"[-299,-200]",HR≥-/EDG≥10.0/CV≤0.7/μ≥0.5/TP≥65,72.58,10.0,0.7,0.5,65.0,76,62,45,17,72.58,2.33,-13.48,18.14,1.445,0.692,13
"[-299,-200]",HR≥-/EDG≥10.0/CV≤0.7/μ≥1.0/TP≥-,69.23,10.0,0.7,1.0,,47,39,27,12,69.23,-2.19,-22.96,18.58,-0.854,0.636,11
"[-299,-200]",HR≥-/EDG≥10.0/CV≤0.7/μ≥1.0/TP≥50,69.23,10.0,0.7,1.0,50.0,47,39,27,12,69.23,-2.19,-22.96,18.58,-0.854,0.636,11
"[-299,-200]",HR≥-/EDG≥10.0/CV≤0.7/μ≥1.0/TP≥55,69.23,10.0,0.7,1.0,55.0,47,39,27,12,69.23,-2.19,-22.96,18.58,-0.854,0.636,11
"[-299,-200]",HR≥-/EDG≥10.0/CV≤0.7/μ≥1.0/TP≥60,69.23,10.0,0.7,1.0,60.0,47,39,27,12,69.23,-2.19,-22.96,18.58,-0.854,0.636,11
"[-299,-200]",HR≥-/EDG≥10.0/CV≤0.7/μ≥1.0/TP≥65,69.23,10.0,0.7,1.0,65.0,47,39,27,12,69.23,-2.19,-22.96,18.58,-0.854,0.636,11
"[-299,-200]",HR≥45/EDG≥-/CV≤-/μ≥-/TP≥-,66.38,,,,,545,470,312,158,66.38,-5.69,-11.77,0.4,-26.737,0.231,13
"[-299,-200]",HR≥45/EDG≥-/CV≤-/μ≥-/TP≥50,66.74,,,,50.0,521,448,299,149,66.74,-5.2,-11.41,1.02,-23.292,0.231,13
"[-299,-200]",HR≥45/EDG≥-/CV≤-/μ≥-/TP≥55,66.67,,,,55.0,507,435,290,145,66.67,-5.26,-11.58,1.05,-22.892,0.231,13
"[-299,-200]",HR≥45/EDG≥-/CV≤-/μ≥-/TP≥60,67.57,,,,60.0,475,407,275,132,67.57,-4.08,-10.56,2.39,-16.614,0.231,13
"[-299,-200]",HR≥45/EDG≥-/CV≤-/μ≥-/TP≥65,69.3,,,,65.0,419,355,246,109,69.3,-1.69,-8.52,5.14,-6.013,0.308,13
"[-299,-200]",HR≥45/EDG≥-/CV≤-/μ≥0.0/TP≥-,66.74,,,0.0,,521,448,299,149,66.74,-5.2,-11.41,1.02,-23.292,0.231,13
"[-299,-200]",HR≥45/EDG≥-/CV≤-/μ≥0.0/TP≥50,66.74,,,0.0,50.0,521,448,299,149,66.74,-5.2,-11.41,1.02,-23.292,0.231,13
"[-299,-200]",HR≥45/EDG≥-/CV≤-/μ≥0.0/TP≥55,66.67,,,0.0,55.0,507,435,290,145,66.67,-5.26,-11.58,1.05,-22.892,0.231,13
"[-299,-200]",HR≥45/EDG≥-/CV≤-/μ≥0.0/TP≥60,67.57,,,0.0,60.0,475,407,275,132,67.57,-4.08,-10.56,2.39,-16.614,0.231,13
"[-299,-200]",HR≥45/EDG≥-/CV≤-/μ≥0.0/TP≥65,69.3,,,0.0,65.0,419,355,246,109,69.3,-1.69,-8.52,5.14,-6.013,0.308,13
"[-299,-200]",HR≥45/EDG≥-/CV≤-/μ≥0.5/TP≥-,70.57,,,0.5,,320,265,187,78,70.57,-0.07,-7.87,7.73,-0.194,0.538,13
"[-299,-200]",HR≥45/EDG≥-/CV≤-/μ≥0.5/TP≥50,70.57,,,0.5,50.0,320,265,187,78,70.57,-0.07,-7.87,7.73,-0.194,0.538,13
"[-299,-200]",HR≥45/EDG≥-/CV≤-/μ≥0.5/TP≥55,70.57,,,0.5,55.0,320,265,187,78,70.57,-0.07,-7.87,7.73,-0.194,0.538,13
"[-299,-200]",HR≥45/EDG≥-/CV≤-/μ≥0.5/TP≥60,70.57,,,0.5,60.0,320,265,187,78,70.57,-0.07,-7.87,7.73,-0.194,0.538,13
"[-299,-200]",HR≥45/EDG≥-/CV≤-/μ≥0.5/TP≥65,70.83,,,0.5,65.0,319,264,187,77,70.83,0.31,-7.49,8.1,0.806,0.538,13
"[-299,-200]",HR≥45/EDG≥-/CV≤-/μ≥1.0/TP≥-,68.99,,,1.0,,154,129,89,40,68.99,-2.39,-13.75,8.97,-3.085,0.385,13
"[-299,-200]",HR≥45/EDG≥-/CV≤-/μ≥1.0/TP≥50,68.99,,,1.0,50.0,154,129,89,40,68.99,-2.39,-13.75,8.97,-3.085,0.385,13
"[-299,-200]",HR≥45/EDG≥-/CV≤-/μ≥1.0/TP≥55,68.99,,,1.0,55.0,154,129,89,40,68.99,-2.39,-13.75,8.97,-3.085,0.385,13
"[-299,-200]",HR≥45/EDG≥-/CV≤-/μ≥1.0/TP≥60,68.99,,,1.0,60.0,154,129,89,40,68.99,-2.39,-13.75,8.97,-3.085,0.385,13
"[-299,-200]",HR≥45/EDG≥-/CV≤-/μ≥1.0/TP≥65,68.99,,,1.0,65.0,154,129,89,40,68.99,-2.39,-13.75,8.97,-3.085,0.385,13
"[-299,-200]",HR≥45/EDG≥-/CV≤0.7/μ≥-/TP≥-,73.53,,0.7,,,120,102,75,27,73.53,4.09,-8.12,16.29,4.168,0.615,13
"[-299,-200]",HR≥45/EDG≥-/CV≤0.7/μ≥-/TP≥50,74.26,,0.7,,50.0,119,101,75,26,74.26,5.12,-7.04,17.27,5.168,0.615,13
"[-299,-200]",HR≥45/EDG≥-/CV≤0.7/μ≥-/TP≥55,74.26,,0.7,,55.0,119,101,75,26,74.26,5.12,-7.04,17.27,5.168,0.615,13
"[-299,-200]",HR≥45/EDG≥-/CV≤0.7/μ≥-/TP≥60,74.0,,0.7,,60.0,118,100,74,26,74.0,4.67,-7.58,16.91,4.668,0.615,13
"[-299,-200]",HR≥45/EDG≥-/CV≤0.7/μ≥-/TP≥65,74.74,,0.7,,65.0,113,95,71,24,74.74,5.66,-6.79,18.11,5.377,0.615,13
"[-299,-200]",HR≥45/EDG≥-/CV≤0.7/μ≥0.0/TP≥-,74.26,,0.7,0.0,,119,101,75,26,74.26,5.12,-7.04,17.27,5.168,0.615,13
"[-299,-200]",HR≥45/EDG≥-/CV≤0.7/μ≥0.0/TP≥50,74.26,,0.7,0.0,50.0,119,101,75,26,74.26,5.12,-7.04,17.27,5.168,0.615,13
"[-299,-200]",HR≥45/EDG≥-/CV≤0.7/μ≥0.0/TP≥55,74.26,,0.7,0.0,55.0,119,101,75,26,74.26,5.12,-7.04,17.27,5.168,0.615,13
"[-299,-200]",HR≥45/EDG≥-/CV≤0.7/μ≥0.0/TP≥60,74.0,,0.7,0.0,60.0,118,100,74,26,74.0,4.67,-7.58,16.91,4.668,0.615,13
"[-299,-200]",HR≥45/EDG≥-/CV≤0.7/μ≥0.0/TP≥65,74.74,,0.7,0.0,65.0,113,95,71,24,74.74,5.66,-6.79,18.11,5.377,0.615,13
"[-299,-200]",HR≥45/EDG≥-/CV≤0.7/μ≥0.5/TP≥-,74.32,,0.7,0.5,,90,74,55,19,74.32,4.81,-9.34,18.97,3.563,0.615,13
"[-299,-200]",HR≥45/EDG≥-/CV≤0.7/μ≥0.5/TP≥50,74.32,,0.7,0.5,50.0,90,74,55,19,74.32,4.81,-9.34,18.97,3.563,0.615,13
"[-299,-200]",HR≥45/EDG≥-/CV≤0.7/μ≥0.5/TP≥55,74.32,,0.7,0.5,55.0,90,74,55,19,74.32,4.81,-9.34,18.97,3.563,0.615,13
"[-299,-200]",HR≥45/EDG≥-/CV≤0.7/μ≥0.5/TP≥60,74.32,,0.7,0.5,60.0,90,74,55,19,74.32,4.81,-9.34,18.97,3.563,0.615,13
"[-299,-200]",HR≥45/EDG≥-/CV≤0.7/μ≥0.5/TP≥65,74.32,,0.7,0.5,65.0,90,74,55,19,74.32,4.81,-9.34,18.97,3.563,0.615,13
"[-299,-200]",HR≥45/EDG≥-/CV≤0.7/μ≥1.0/TP≥-,69.23,,0.7,1.0,,47,39,27,12,69.23,-2.19,-22.96,18.58,-0.854,0.636,11
"[-299,-200]",HR≥45/EDG≥-/CV≤0.7/μ≥1.0/TP≥50,69.23,,0.7,1.0,50.0,47,39,27,12,69.23,-2.19,-22.96,18.58,-0.854,0.636,11
"[-299,-200]",HR≥45/EDG≥-/CV≤0.7/μ≥1.0/TP≥55,69.23,,0.7,1.0,55.0,47,39,27,12,69.23,-2.19,-22.96,18.58,-0.854,0.636,11
"[-299,-200]",HR≥45/EDG≥-/CV≤0.7/μ≥1.0/TP≥60,69.23,,0.7,1.0,60.0,47,39,27,12,69.23,-2.19,-22.96,18.58,-0.854,0.636,11
"[-299,-200]",HR≥45/EDG≥-/CV≤0.7/μ≥1.0/TP≥65,69.23,,0.7,1.0,65.0,47,39,27,12,69.23,-2.19,-22.96,18.58,-0.854,0.636,11
"[-299,-200]",HR≥45/EDG≥-5.0/CV≤-/μ≥-/TP≥-,69.68,-5.0,,,,406,343,239,104,69.68,-1.05,-7.99,5.88,-3.618,0.385,13
"[-299,-200]",HR≥45/EDG≥-5.0/CV≤-/μ≥-/TP≥50,69.68,-5.0,,,50.0,406,343,239,104,69.68,-1.05,-7.99,5.88,-3.618,0.385,13
"[-299,-200]",HR≥45/EDG≥-5.0/CV≤-/μ≥-/TP≥55,69.68,-5.0,,,55.0,406,343,239,104,69.68,-1.05,-7.99,5.88,-3.618,0.385,13
"[-299,-200]",HR≥45/EDG≥-5.0/CV≤-/μ≥-/TP≥60,69.68,-5.0,,,60.0,406,343,239,104,69.68,-1.05,-7.99,5.88,-3.618,0.385,13
"[-299,-200]",HR≥45/EDG≥-5.0/CV≤-/μ≥-/TP≥65,70.62,-5.0,,,65.0,400,337,238,99,70.62,0.28,-6.65,7.2,0.931,0.385,13
"[-299,-200]",HR≥45/EDG≥-5.0/CV≤-/μ≥0.0/TP≥-,69.68,-5.0,,0.0,,406,343,239,104,69.68,-1.05,-7.99,5.88,-3.618,0.385,13
"[-299,-200]",HR≥45/EDG≥-5.0/CV≤-/μ≥0.0/TP≥50,69.68,-5.0,,0.0,50.0,406,343,239,104,69.68,-1.05,-7.99,5.88,-3.618,0.385,13
"[-299,-200]",HR≥45/EDG≥-5.0/CV≤-/μ≥0.0/TP≥55,69.68,-5.0,,0.0,55.0,406,343,239,104,69.68,-1.05,-7.99,5.88,-3.618,0.385,13
"[-299,-200]",HR≥45/EDG≥-5.0/CV≤-/μ≥0.0/TP≥60,69.68,-5.0,,0.0,60.0,406,343,239,104,69.68,-1.05,-7.99,5.88,-3.618,0.385,13
"[-299,-200]",HR≥45/EDG≥-5.0/CV≤-/μ≥0.0/TP≥65,70.62,-5.0,,0.0,65.0,400,337,238,99,70.62,0.28,-6.65,7.2,0.931,0.385,13
"[-299,-200]",HR≥45/EDG≥-5.0/CV≤-/μ≥0.5/TP≥-,70.57,-5.0,,0.5,,320,265,187,78,70.57,-0.07,-7.87,7.73,-0.194,0.538,13
"[-299,-200]",HR≥45/EDG≥-5.0/CV≤-/μ≥0.5/TP≥50,70.57,-5.0,,0.5,50.0,320,265,187,78,70.57,-0.07,-7.87,7.73,-0.194,0.538,13
"[-299,-200]",HR≥45/EDG≥-5.0/CV≤-/μ≥0.5/TP≥55,70.57,-5.0,,0.5,55.0,320,265,187,78,70.57,-0.07,-7.87,7.73,-0.194,0.538,13
"[-299,-200]",HR≥45/EDG≥-5.0/CV≤-/μ≥0.5/TP≥60,70.57,-5.0,,0.5,60.0,320,265,187,78,70.57,-0.07,-7.87,7.73,-0.194,0.538,13
"[-299,-200]",HR≥45/EDG≥-5.0/CV≤-/μ≥0.5/TP≥65,70.83,-5.0,,0.5,65.0,319,264,187,77,70.83,0.31,-7.49,8.1,0.806,0.538,13
"[-299,-200]",HR≥45/EDG≥-5.0/CV≤-/μ≥1.0/TP≥-,68.99,-5.0,,1.0,,154,129,89,40,68.99,-2.39,-13.75,8.97,-3.085,0.385,13
"[-299,-200]",HR≥45/EDG≥-5.0/CV≤-/μ≥1.0/TP≥50,68.99,-5.0,,1.0,50.0,154,129,89,40,68.99,-2.39,-13.75,8.97,-3.085,0.385,13
"[-299,-200]",HR≥45/EDG≥-5.0/CV≤-/μ≥1.0/TP≥55,68.99,-5.0,,1.0,55.0,154,129,89,40,68.99,-2.39,-13.75,8.97,-3.085,0.385,13
"[-299,-200]",HR≥45/EDG≥-5.0/CV≤-/μ≥1.0/TP≥60,68.99,-5.0,,1.0,60.0,154,129,89,40,68.99,-2.39,-13.75,8.97,-3.085,0.385,13
"[-299,-200]",HR≥45/EDG≥-5.0/CV≤-/μ≥1.0/TP≥65,68.99,-5.0,,1.0,65.0,154,129,89,40,68.99,-2.39,-13.75,8.97,-3.085,0.385,13
"[-299,-200]",HR≥45/EDG≥-5.0/CV≤0.7/μ≥-/TP≥-,75.82,-5.0,0.7,,,108,91,69,22,75.82,7.31,-5.24,19.85,6.65,0.692,13
"[-299,-200]",HR≥45/EDG≥-5.0/CV≤0.7/μ≥-/TP≥50,75.82,-5.0,0.7,,50.0,108,91,69,22,75.82,7.31,-5.24,19.85,6.65,0.692,13
"[-299,-200]",HR≥45/EDG≥-5.0/CV≤0.7/μ≥-/TP≥55,75.82,-5.0,0.7,,55.0,108,91,69,22,75.82,7.31,-5.24,19.85,6.65,0.692,13
"[-299,-200]",HR≥45/EDG≥-5.0/CV≤0.7/μ≥-/TP≥60,75.82,-5.0,0.7,,60.0,108,91,69,22,75.82,7.31,-5.24,19.85,6.65,0.692,13
"[-299,-200]",HR≥45/EDG≥-5.0/CV≤0.7/μ≥-/TP≥65,75.82,-5.0,0.7,,65.0,108,91,69,22,75.82,7.31,-5.24,19.85,6.65,0.692,13
"[-299,-200]",HR≥45/EDG≥-5.0/CV≤0.7/μ≥0.0/TP≥-,75.82,-5.0,0.7,0.0,,108,91,69,22,75.82,7.31,-5.24,19.85,6.65,0.692,13
"[-299,-200]",HR≥45/EDG≥-5.0/CV≤0.7/μ≥0.0/TP≥50,75.82,-5.0,0.7,0.0,50.0,108,91,69,22,75.82,7.31,-5.24,19.85,6.65,0.692,13
"[-299,-200]",HR≥45/EDG≥-5.0/CV≤0.7/μ≥0.0/TP≥55,75.82,-5.0,0.7,0.0,55.0,108,91,69,22,75.82,7.31,-5.24,19.85,6.65,0.692,13
"[-299,-200]",HR≥45/EDG≥-5.0/CV≤0.7/μ≥0.0/TP≥60,75.82,-5.0,0.7,0.0,60.0,108,91,69,22,75.82,7.31,-5.24,19.85,6.65,0.692,13
"[-299,-200]",HR≥45/EDG≥-5.0/CV≤0.7/μ≥0.0/TP≥65,75.82,-5.0,0.7,0.0,65.0,108,91,69,22,75.82,7.31,-5.24,19.85,6.65,0.692,13
"[-299,-200]",HR≥45/EDG≥-5.0/CV≤0.7/μ≥0.5/TP≥-,74.32,-5.0,0.7,0.5,,90,74,55,19,74.32,4.81,-9.34,18.97,3.563,0.615,13
"[-299,-200]",HR≥45/EDG≥-5.0/CV≤0.7/μ≥0.5/TP≥50,74.32,-5.0,0.7,0.5,50.0,90,74,55,19,74.32,4.81,-9.34,18.97,3.563,0.615,13
"[-299,-200]",HR≥45/EDG≥-5.0/CV≤0.7/μ≥0.5/TP≥55,74.32,-5.0,0.7,0.5,55.0,90,74,55,19,74.32,4.81,-9.34,18.97,3.563,0.615,13
"[-299,-200]",HR≥45/EDG≥-5.0/CV≤0.7/μ≥0.5/TP≥60,74.32,-5.0,0.7,0.5,60.0,90,74,55,19,74.32,4.81,-9.34,18.97,3.563,0.615,13
"[-299,-200]",HR≥45/EDG≥-5.0/CV≤0.7/μ≥0.5/TP≥65,74.32,-5.0,0.7,0.5,65.0,90,74,55,19,74.32,4.81,-9.34,18.97,3.563,0.615,13
"[-299,-200]",HR≥45/EDG≥-5.0/CV≤0.7/μ≥1.0/TP≥-,69.23,-5.0,0.7,1.0,,47,39,27,12,69.23,-2.19,-22.96,18.58,-0.854,0.636,11
"[-299,-200]",HR≥45/EDG≥-5.0/CV≤0.7/μ≥1.0/TP≥50,69.23,-5.0,0.7,1.0,50.0,47,39,27,12,69.23,-2.19,-22.96,18.58,-0.854,0.636,11
"[-299,-200]",HR≥45/EDG≥-5.0/CV≤0.7/μ≥1.0/TP≥55,69.23,-5.0,0.7,1.0,55.0,47,39,27,12,69.23,-2.19,-22.96,18.58,-0.854,0.636,11
"[-299,-200]",HR≥45/EDG≥-5.0/CV≤0.7/μ≥1.0/TP≥60,69.23,-5.0,0.7,1.0,60.0,47,39,27,12,69.23,-2.19,-22.96,18.58,-0.854,0.636,11
"[-299,-200]",HR≥45/EDG≥-5.0/CV≤0.7/μ≥1.0/TP≥65,69.23,-5.0,0.7,1.0,65.0,47,39,27,12,69.23,-2.19,-22.96,18.58,-0.854,0.636,11
"[-299,-200]",HR≥45/EDG≥0.0/CV≤-/μ≥-/TP≥-,71.09,0.0,,,,350,294,209,85,71.09,1.12,-6.28,8.52,3.292,0.462,13
"[-299,-200]",HR≥45/EDG≥0.0/CV≤-/μ≥-/TP≥50,71.09,0.0,,,50.0,350,294,209,85,71.09,1.12,-6.28,8.52,3.292,0.462,13
"[-299,-200]",HR≥45/EDG≥0.0/CV≤-/μ≥-/TP≥55,71.09,0.0,,,55.0,350,294,209,85,71.09,1.12,-6.28,8.52,3.292,0.462,13
"[-299,-200]",HR≥45/EDG≥0.0/CV≤-/μ≥-/TP≥60,71.09,0.0,,,60.0,350,294,209,85,71.09,1.12,-6.28,8.52,3.292,0.462,13
"[-299,-200]",HR≥45/EDG≥0.0/CV≤-/μ≥-/TP≥65,71.09,0.0,,,65.0,350,294,209,85,71.09,1.12,-6.28,8.52,3.292,0.462,13
"[-299,-200]",HR≥45/EDG≥0.0/CV≤-/μ≥0.0/TP≥-,71.09,0.0,,0.0,,350,294,209,85,71.09,1.12,-6.28,8.52,3.292,0.462,13
"[-299,-200]",HR≥45/EDG≥0.0/CV≤-/μ≥0.0/TP≥50,71.09,0.0,,0.0,50.0,350,294,209,85,71.09,1.12,-6.28,8.52,3.292,0.462,13
"[-299,-200]",HR≥45/EDG≥0.0/CV≤-/μ≥0.0/TP≥55,71.09,0.0,,0.0,55.0,350,294,209,85,71.09,1.12,-6.28,8.52,3.292,0.462,13
"[-299,-200]",HR≥45/EDG≥0.0/CV≤-/μ≥0.0/TP≥60,71.09,0.0,,0.0,60.0,350,294,209,85,71.09,1.12,-6.28,8.52,3.292,0.462,13
"[-299,-200]",HR≥45/EDG≥0.0/CV≤-/μ≥0.0/TP≥65,71.09,0.0,,0.0,65.0,350,294,209,85,71.09,1.12,-6.28,8.52,3.292,0.462,13
"[-299,-200]",HR≥45/EDG≥0.0/CV≤-/μ≥0.5/TP≥-,70.82,0.0,,0.5,,309,257,182,75,70.82,0.37,-7.54,8.27,0.94,0.385,13
"[-299,-200]",HR≥45/EDG≥0.0/CV≤-/μ≥0.5/TP≥50,70.82,0.0,,0.5,50.0,309,257,182,75,70.82,0.37,-7.54,8.27,0.94,0.385,13
"[-299,-200]",HR≥45/EDG≥0.0/CV≤-/μ≥0.5/TP≥55,70.82,0.0,,0.5,55.0,309,257,182,75,70.82,0.37,-7.54,8.27,0.94,0.385,13
"[-299,-200]",HR≥45/EDG≥0.0/CV≤-/μ≥0.5/TP≥60,70.82,0.0,,0.5,60.0,309,257,182,75,70.82,0.37,-7.54,8.27,0.94,0.385,13
"[-299,-200]",HR≥45/EDG≥0.0/CV≤-/μ≥0.5/TP≥65,70.82,0.0,,0.5,65.0,309,257,182,75,70.82,0.37,-7.54,8.27,0.94,0.385,13
"[-299,-200]",HR≥45/EDG≥0.0/CV≤-/μ≥1.0/TP≥-,68.99,0.0,,1.0,,154,129,89,40,68.99,-2.39,-13.75,8.97,-3.085,0.385,13
"[-299,-200]",HR≥45/EDG≥0.0/CV≤-/μ≥1.0/TP≥50,68.99,0.0,,1.0,50.0,154,129,89,40,68.99,-2.39,-13.75,8.97,-3.085,0.385,13
"[-299,-200]",HR≥45/EDG≥0.0/CV≤-/μ≥1.0/TP≥55,68.99,0.0,,1.0,55.0,154,129,89,40,68.99,-2.39,-13.75,8.97,-3.085,0.385,13
"[-299,-200]",HR≥45/EDG≥0.0/CV≤-/μ≥1.0/TP≥60,68.99,0.0,,1.0,60.0,154,129,89,40,68.99,-2.39,-13.75,8.97,-3.085,0.385,13
"[-299,-200]",HR≥45/EDG≥0.0/CV≤-/μ≥1.0/TP≥65,68.99,0.0,,1.0,65.0,154,129,89,40,68.99,-2.39,-13.75,8.97,-3.085,0.385,13
"[-299,-200]",HR≥45/EDG≥0.0/CV≤0.7/μ≥-/TP≥-,75.61,0.0,0.7,,,99,82,62,20,75.61,7.04,-6.22,20.31,5.775,0.692,13
"[-299,-200]",HR≥45/EDG≥0.0/CV≤0.7/μ≥-/TP≥50,75.61,0.0,0.7,,50.0,99,82,62,20,75.61,7.04,-6.22,20.31,5.775,0.692,13
"[-299,-200]",HR≥45/EDG≥0.0/CV≤0.7/μ≥-/TP≥55,75.61,0.0,0.7,,55.0,99,82,62,20,75.61,7.04,-6.22,20.31,5.775,0.692,13
"[-299,-200]",HR≥45/EDG≥0.0/CV≤0.7/μ≥-/TP≥60,75.61,0.0,0.7,,60.0,99,82,62,20,75.61,7.04,-6.22,20.31,5.775,0.692,13
"[-299,-200]",HR≥45/EDG≥0.0/CV≤0.7/μ≥-/TP≥65,75.61,0.0,0.7,,65.0,99,82,62,20,75.61,7.04,-6.22,20.31,5.775,0.692,13
"[-299,-200]",HR≥45/EDG≥0.0/CV≤0.7/μ≥0.0/TP≥-,75.61,0.0,0.7,0.0,,99,82,62,20,75.61,7.04,-6.22,20.31,5.775,0.692,13
"[-299,-200]",HR≥45/EDG≥0.0/CV≤0.7/μ≥0.0/TP≥50,75.61,0.0,0.7,0.0,50.0,99,82,62,20,75.61,7.04,-6.22,20.31,5.775,0.692,13
"[-299,-200]",HR≥45/EDG≥0.0/CV≤0.7/μ≥0.0/TP≥55,75.61,0.0,0.7,0.0,55.0,99,82,62,20,75.61,7.04,-6.22,20.31,5.775,0.692,13
"[-299,-200]",HR≥45/EDG≥0.0/CV≤0.7/μ≥0.0/TP≥60,75.61,0.0,0.7,0.0,60.0,99,82,62,20,75.61,7.04,-6.22,20.31,5.775,0.692,13
"[-299,-200]",HR≥45/EDG≥0.0/CV≤0.7/μ≥0.0/TP≥65,75.61,0.0,0.7,0.0,65.0,99,82,62,20,75.61,7.04,-6.22,20.31,5.775,0.692,13
"[-299,-200]",HR≥45/EDG≥0.0/CV≤0.7/μ≥0.5/TP≥-,74.32,0.0,0.7,0.5,,90,74,55,19,74.32,4.81,-9.34,18.97,3.563,0.615,13
"[-299,-200]",HR≥45/EDG≥0.0/CV≤0.7/μ≥0.5/TP≥50,74.32,0.0,0.7,0.5,50.0,90,74,55,19,74.32,4.81,-9.34,18.97,3.563,0.615,13
"[-299,-200]",HR≥45/EDG≥0.0/CV≤0.7/μ≥0.5/TP≥55,74.32,0.0,0.7,0.5,55.0,90,74,55,19,74.32,4.81,-9.34,18.97,3.563,0.615,13
"[-299,-200]",HR≥45/EDG≥0.0/CV≤0.7/μ≥0.5/TP≥60,74.32,0.0,0.7,0.5,60.0,90,74,55,19,74.32,4.81,-9.34,18.97,3.563,0.615,13
"[-299,-200]",HR≥45/EDG≥0.0/CV≤0.7/μ≥0.5/TP≥65,74.32,0.0,0.7,0.5,65.0,90,74,55,19,74.32,4.81,-9.34,18.97,3.563,0.615,13
"[-299,-200]",HR≥45/EDG≥0.0/CV≤0.7/μ≥1.0/TP≥-,69.23,0.0,0.7,1.0,,47,39,27,12,69.23,-2.19,-22.96,18.58,-0.854,0.636,11
"[-299,-200]",HR≥45/EDG≥0.0/CV≤0.7/μ≥1.0/TP≥50,69.23,0.0,0.7,1.0,50.0,47,39,27,12,69.23,-2.19,-22.96,18.58,-0.854,0.636,11
"[-299,-200]",HR≥45/EDG≥0.0/CV≤0.7/μ≥1.0/TP≥55,69.23,0.0,0.7,1.0,55.0,47,39,27,12,69.23,-2.19,-22.96,18.58,-0.854,0.636,11
"[-299,-200]",HR≥45/EDG≥0.0/CV≤0.7/μ≥1.0/TP≥60,69.23,0.0,0.7,1.0,60.0,47,39,27,12,69.23,-2.19,-22.96,18.58,-0.854,0.636,11
"[-299,-200]",HR≥45/EDG≥0.0/CV≤0.7/μ≥1.0/TP≥65,69.23,0.0,0.7,1.0,65.0,47,39,27,12,69.23,-2.19,-22.96,18.58,-0.854,0.636,11
"[-299,-200]",HR≥45/EDG≥5.0/CV≤-/μ≥-/TP≥-,71.19,5.0,,,,292,243,173,70,71.19,1.09,-7.03,9.2,2.643,0.538,13
"[-299,-200]",HR≥45/EDG≥5.0/CV≤-/μ≥-/TP≥50,71.19,5.0,,,50.0,292,243,173,70,71.19,1.09,-7.03,9.2,2.643,0.538,13
"[-299,-200]",HR≥45/EDG≥5.0/CV≤-/μ≥-/TP≥55,71.19,5.0,,,55.0,292,243,173,70,71.19,1.09,-7.03,9.2,2.643,0.538,13
"[-299,-200]",HR≥45/EDG≥5.0/CV≤-/μ≥-/TP≥60,71.19,5.0,,,60.0,292,243,173,70,71.19,1.09,-7.03,9.2,2.643,0.538,13
"[-299,-200]",HR≥45/EDG≥5.0/CV≤-/μ≥-/TP≥65,71.19,5.0,,,65.0,292,243,173,70,71.19,1.09,-7.03,9.2,2.643,0.538,13
"[-299,-200]",HR≥45/EDG≥5.0/CV≤-/μ≥0.0/TP≥-,71.19,5.0,,0.0,,292,243,173,70,71.19,1.09,-7.03,9.2,2.643,0.538,13
"[-299,-200]",HR≥45/EDG≥5.0/CV≤-/μ≥0.0/TP≥50,71.19,5.0,,0.0,50.0,292,243,173,70,71.19,1.09,-7.03,9.2,2.643,0.538,13
"[-299,-200]",HR≥45/EDG≥5.0/CV≤-/μ≥0.0/TP≥55,71.19,5.0,,0.0,55.0,292,243,173,70,71.19,1.09,-7.03,9.2,2.643,0.538,13
"[-299,-200]",HR≥45/EDG≥5.0/CV≤-/μ≥0.0/TP≥60,71.19,5.0,,0.0,60.0,292,243,173,70,71.19,1.09,-7.03,9.2,2.643,0.538,13
"[-299,-200]",HR≥45/EDG≥5.0/CV≤-/μ≥0.0/TP≥65,71.19,5.0,,0.0,65.0,292,243,173,70,71.19,1.09,-7.03,9.2,2.643,0.538,13
"[-299,-200]",HR≥45/EDG≥5.0/CV≤-/μ≥0.5/TP≥-,70.39,5.0,,0.5,,281,233,164,69,70.39,-0.18,-8.53,8.16,-0.43,0.385,13
"[-299,-200]",HR≥45/EDG≥5.0/CV≤-/μ≥0.5/TP≥50,70.39,5.0,,0.5,50.0,281,233,164,69,70.39,-0.18,-8.53,8.16,-0.43,0.385,13
"[-299,-200]",HR≥45/EDG≥5.0/CV≤-/μ≥0.5/TP≥55,70.39,5.0,,0.5,55.0,281,233,164,69,70.39,-0.18,-8.53,8.16,-0.43,0.385,13
"[-299,-200]",HR≥45/EDG≥5.0/CV≤-/μ≥0.5/TP≥60,70.39,5.0,,0.5,60.0,281,233,164,69,70.39,-0.18,-8.53,8.16,-0.43,0.385,13
"[-299,-200]",HR≥45/EDG≥5.0/CV≤-/μ≥0.5/TP≥65,70.39,5.0,,0.5,65.0,281,233,164,69,70.39,-0.18,-8.53,8.16,-0.43,0.385,13
"[-299,-200]",HR≥45/EDG≥5.0/CV≤-/μ≥1.0/TP≥-,69.53,5.0,,1.0,,153,128,89,39,69.53,-1.63,-12.98,9.72,-2.085,0.385,13
"[-299,-200]",HR≥45/EDG≥5.0/CV≤-/μ≥1.0/TP≥50,69.53,5.0,,1.0,50.0,153,128,89,39,69.53,-1.63,-12.98,9.72,-2.085,0.385,13
"[-299,-200]",HR≥45/EDG≥5.0/CV≤-/μ≥1.0/TP≥55,69.53,5.0,,1.0,55.0,153,128,89,39,69.53,-1.63,-12.98,9.72,-2.085,0.385,13
"[-299,-200]",HR≥45/EDG≥5.0/CV≤-/μ≥1.0/TP≥60,69.53,5.0,,1.0,60.0,153,128,89,39,69.53,-1.63,-12.98,9.72,-2.085,0.385,13
"[-299,-200]",HR≥45/EDG≥5.0/CV≤-/μ≥1.0/TP≥65,69.53,5.0,,1.0,65.0,153,128,89,39,69.53,-1.63,-12.98,9.72,-2.085,0.385,13
"[-299,-200]",HR≥45/EDG≥5.0/CV≤0.7/μ≥-/TP≥-,73.68,5.0,0.7,,,91,76,56,20,73.68,4.23,-9.89,18.35,3.215,0.538,13
"[-299,-200]",HR≥45/EDG≥5.0/CV≤0.7/μ≥-/TP≥50,73.68,5.0,0.7,,50.0,91,76,56,20,73.68,4.23,-9.89,18.35,3.215,0.538,13
"[-299,-200]",HR≥45/EDG≥5.0/CV≤0.7/μ≥-/TP≥55,73.68,5.0,0.7,,55.0,91,76,56,20,73.68,4.23,-9.89,18.35,3.215,0.538,13
"[-299,-200]",HR≥45/EDG≥5.0/CV≤0.7/μ≥-/TP≥60,73.68,5.0,0.7,,60.0,91,76,56,20,73.68,4.23,-9.89,18.35,3.215,0.538,13
"[-299,-200]",HR≥45/EDG≥5.0/CV≤0.7/μ≥-/TP≥65,73.68,5.0,0.7,,65.0,91,76,56,20,73.68,4.23,-9.89,18.35,3.215,0.538,13
"[-299,-200]",HR≥45/EDG≥5.0/CV≤0.7/μ≥0.0/TP≥-,73.68,5.0,0.7,0.0,,91,76,56,20,73.68,4.23,-9.89,18.35,3.215,0.538,13
"[-299,-200]",HR≥45/EDG≥5.0/CV≤0.7/μ≥0.0/TP≥50,73.68,5.0,0.7,0.0,50.0,91,76,56,20,73.68,4.23,-9.89,18.35,3.215,0.538,13
"[-299,-200]",HR≥45/EDG≥5.0/CV≤0.7/μ≥0.0/TP≥55,73.68,5.0,0.7,0.0,55.0,91,76,56,20,73.68,4.23,-9.89,18.35,3.215,0.538,13
"[-299,-200]",HR≥45/EDG≥5.0/CV≤0.7/μ≥0.0/TP≥60,73.68,5.0,0.7,0.0,60.0,91,76,56,20,73.68,4.23,-9.89,18.35,3.215,0.538,13
"[-299,-200]",HR≥45/EDG≥5.0/CV≤0.7/μ≥0.0/TP≥65,73.68,5.0,0.7,0.0,65.0,91,76,56,20,73.68,4.23,-9.89,18.35,3.215,0.538,13
"[-299,-200]",HR≥45/EDG≥5.0/CV≤0.7/μ≥0.5/TP≥-,73.24,5.0,0.7,0.5,,86,71,52,19,73.24,3.38,-11.28,18.05,2.403,0.615,13
"[-299,-200]",HR≥45/EDG≥5.0/CV≤0.7/μ≥0.5/TP≥50,73.24,5.0,0.7,0.5,50.0,86,71,52,19,73.24,3.38,-11.28,18.05,2.403,0.615,13
"[-299,-200]",HR≥45/EDG≥5.0/CV≤0.7/μ≥0.5/TP≥55,73.24,5.0,0.7,0.5,55.0,86,71,52,19,73.24,3.38,-11.28,18.05,2.403,0.615,13
"[-299,-200]",HR≥45/EDG≥5.0/CV≤0.7/μ≥0.5/TP≥60,73.24,5.0,0.7,0.5,60.0,86,71,52,19,73.24,3.38,-11.28,18.05,2.403,0.615,13
"[-299,-200]",HR≥45/EDG≥5.0/CV≤0.7/μ≥0.5/TP≥65,73.24,5.0,0.7,0.5,65.0,86,71,52,19,73.24,3.38,-11.28,18.05,2.403,0.615,13
"[-299,-200]",HR≥45/EDG≥5.0/CV≤0.7/μ≥1.0/TP≥-,69.23,5.0,0.7,1.0,,47,39,27,12,69.23,-2.19,-22.96,18.58,-0.854,0.636,11
"[-299,-200]",HR≥45/EDG≥5.0/CV≤0.7/μ≥1.0/TP≥50,69.23,5.0,0.7,1.0,50.0,47,39,27,12,69.23,-2.19,-22.96,18.58,-0.854,0.636,11
"[-299,-200]",HR≥45/EDG≥5.0/CV≤0.7/μ≥1.0/TP≥55,69.23,5.0,0.7,1.0,55.0,47,39,27,12,69.23,-2.19,-22.96,18.58,-0.854,0.636,11
"[-299,-200]",HR≥45/EDG≥5.0/CV≤0.7/μ≥1.0/TP≥60,69.23,5.0,0.7,1.0,60.0,47,39,27,12,69.23,-2.19,-22.96,18.58,-0.854,0.636,11
"[-299,-200]",HR≥45/EDG≥5.0/CV≤0.7/μ≥1.0/TP≥65,69.23,5.0,0.7,1.0,65.0,47,39,27,12,69.23,-2.19,-22.96,18.58,-0.854,0.636,11
"[-299,-200]",HR≥45/EDG≥10.0/CV≤-/μ≥-/TP≥-,70.79,10.0,,,,244,202,143,59,70.79,0.32,-8.6,9.25,0.656,0.538,13
"[-299,-200]",HR≥45/EDG≥10.0/CV≤-/μ≥-/TP≥50,70.79,10.0,,,50.0,244,202,143,59,70.79,0.32,-8.6,9.25,0.656,0.538,13
"[-299,-200]",HR≥45/EDG≥10.0/CV≤-/μ≥-/TP≥55,70.79,10.0,,,55.0,244,202,143,59,70.79,0.32,-8.6,9.25,0.656,0.538,13
"[-299,-200]",HR≥45/EDG≥10.0/CV≤-/μ≥-/TP≥60,70.79,10.0,,,60.0,244,202,143,59,70.79,0.32,-8.6,9.25,0.656,0.538,13
"[-299,-200]",HR≥45/EDG≥10.0/CV≤-/μ≥-/TP≥65,70.79,10.0,,,65.0,244,202,143,59,70.79,0.32,-8.6,9.25,0.656,0.538,13
"[-299,-200]",HR≥45/EDG≥10.0/CV≤-/μ≥0.0/TP≥-,70.79,10.0,,0.0,,244,202,143,59,70.79,0.32,-8.6,9.25,0.656,0.538,13
"[-299,-200]",HR≥45/EDG≥10.0/CV≤-/μ≥0.0/TP≥50,70.79,10.0,,0.0,50.0,244,202,143,59,70.79,0.32,-8.6,9.25,0.656,0.538,13
"[-299,-200]",HR≥45/EDG≥10.0/CV≤-/μ≥0.0/TP≥55,70.79,10.0,,0.0,55.0,244,202,143,59,70.79,0.32,-8.6,9.25,0.656,0.538,13
"[-299,-200]",HR≥45/EDG≥10.0/CV≤-/μ≥0.0/TP≥60,70.79,10.0,,0.0,60.0,244,202,143,59,70.79,0.32,-8.6,9.25,0.656,0.538,13
"[-299,-200]",HR≥45/EDG≥10.0/CV≤-/μ≥0.0/TP≥65,70.79,10.0,,0.0,65.0,244,202,143,59,70.79,0.32,-8.6,9.25,0.656,0.538,13
"[-299,-200]",HR≥45/EDG≥10.0/CV≤-/μ≥0.5/TP≥-,70.65,10.0,,0.5,,243,201,142,59,70.65,0.11,-8.86,9.07,0.212,0.538,13
"[-299,-200]",HR≥45/EDG≥10.0/CV≤-/μ≥0.5/TP≥50,70.65,10.0,,0.5,50.0,243,201,142,59,70.65,0.11,-8.86,9.07,0.212,0.538,13
"[-299,-200]",HR≥45/EDG≥10.0/CV≤-/μ≥0.5/TP≥55,70.65,10.0,,0.5,55.0,243,201,142,59,70.65,0.11,-8.86,9.07,0.212,0.538,13
"[-299,-200]",HR≥45/EDG≥10.0/CV≤-/μ≥0.5/TP≥60,70.65,10.0,,0.5,60.0,243,201,142,59,70.65,0.11,-8.86,9.07,0.212,0.538,13
"[-299,-200]",HR≥45/EDG≥10.0/CV≤-/μ≥0.5/TP≥65,70.65,10.0,,0.5,65.0,243,201,142,59,70.65,0.11,-8.86,9.07,0.212,0.538,13
"[-299,-200]",HR≥45/EDG≥10.0/CV≤-/μ≥1.0/TP≥-,69.29,10.0,,1.0,,151,127,88,39,69.29,-1.93,-13.35,9.5,-2.449,0.385,13
"[-299,-200]",HR≥45/EDG≥10.0/CV≤-/μ≥1.0/TP≥50,69.29,10.0,,1.0,50.0,151,127,88,39,69.29,-1.93,-13.35,9.5,-2.449,0.385,13
"[-299,-200]",HR≥45/EDG≥10.0/CV≤-/μ≥1.0/TP≥55,69.29,10.0,,1.0,55.0,151,127,88,39,69.29,-1.93,-13.35,9.5,-2.449,0.385,13
"[-299,-200]",HR≥45/EDG≥10.0/CV≤-/μ≥1.0/TP≥60,69.29,10.0,,1.0,60.0,151,127,88,39,69.29,-1.93,-13.35,9.5,-2.449,0.385,13
"[-299,-200]",HR≥45/EDG≥10.0/CV≤-/μ≥1.0/TP≥65,69.29,10.0,,1.0,65.0,151,127,88,39,69.29,-1.93,-13.35,9.5,-2.449,0.385,13
"[-299,-200]",HR≥45/EDG≥10.0/CV≤0.7/μ≥-/TP≥-,72.58,10.0,0.7,,,76,62,45,17,72.58,2.33,-13.48,18.14,1.445,0.692,13
"[-299,-200]",HR≥45/EDG≥10.0/CV≤0.7/μ≥-/TP≥50,72.58,10.0,0.7,,50.0,76,62,45,17,72.58,2.33,-13.48,18.14,1.445,0.692,13
"[-299,-200]",HR≥45/EDG≥10.0/CV≤0.7/μ≥-/TP≥55,72.58,10.0,0.7,,55.0,76,62,45,17,72.58,2.33,-13.48,18.14,1.445,0.692,13
"[-299,-200]",HR≥45/EDG≥10.0/CV≤0.7/μ≥-/TP≥60,72.58,10.0,0.7,,60.0,76,62,45,17,72.58,2.33,-13.48,18.14,1.445,0.692,13
"[-299,-200]",HR≥45/EDG≥10.0/CV≤0.7/μ≥-/TP≥65,72.58,10.0,0.7,,65.0,76,62,45,17,72.58,2.33,-13.48,18.14,1.445,0.692,13
"[-299,-200]",HR≥45/EDG≥10.0/CV≤0.7/μ≥0.0/TP≥-,72.58,10.0,0.7,0.0,,76,62,45,17,72.58,2.33,-13.48,18.14,1.445,0.692,13
"[-299,-200]",HR≥45/EDG≥10.0/CV≤0.7/μ≥0.0/TP≥50,72.58,10.0,0.7,0.0,50.0,76,62,45,17,72.58,2.33,-13.48,18.14,1.445,0.692,13
"[-299,-200]",HR≥45/EDG≥10.0/CV≤0.7/μ≥0.0/TP≥55,72.58,10.0,0.7,0.0,55.0,76,62,45,17,72.58,2.33,-13.48,18.14,1.445,0.692,13
"[-299,-200]",HR≥45/EDG≥10.0/CV≤0.7/μ≥0.0/TP≥60,72.58,10.0,0.7,0.0,60.0,76,62,45,17,72.58,2.33,-13.48,18.14,1.445,0.692,13
"[-299,-200]",HR≥45/EDG≥10.0/CV≤0.7/μ≥0.0/TP≥65,72.58,10.0,0.7,0.0,65.0,76,62,45,17,72.58,2.33,-13.48,18.14,1.445,0.692,13
"[-299,-200]",HR≥45/EDG≥10.0/CV≤0.7/μ≥0.5/TP≥-,72.58,10.0,0.7,0.5,,76,62,45,17,72.58,2.33,-13.48,18.14,1.445,0.692,13
"[-299,-200]",HR≥45/EDG≥10.0/CV≤0.7/μ≥0.5/TP≥50,72.58,10.0,0.7,0.5,50.0,76,62,45,17,72.58,2.33,-13.48,18.14,1.445,0.692,13
"[-299,-200]",HR≥45/EDG≥10.0/CV≤0.7/μ≥0.5/TP≥55,72.58,10.0,0.7,0.5,55.0,76,62,45,17,72.58,2.33,-13.48,18.14,1.445,0.692,13
"[-299,-200]",HR≥45/EDG≥10.0/CV≤0.7/μ≥0.5/TP≥60,72.58,10.0,0.7,0.5,60.0,76,62,45,17,72.58,2.33,-13.48,18.14,1.445,0.692,13
"[-299,-200]",HR≥45/EDG≥10.0/CV≤0.7/μ≥0.5/TP≥65,72.58,10.0,0.7,0.5,65.0,76,62,45,17,72.58,2.33,-13.48,18.14,1.445,0.692,13
"[-299,-200]",HR≥45/EDG≥10.0/CV≤0.7/μ≥1.0/TP≥-,69.23,10.0,0.7,1.0,,47,39,27,12,69.23,-2.19,-22.96,18.58,-0.854,0.636,11
"[-299,-200]",HR≥45/EDG≥10.0/CV≤0.7/μ≥1.0/TP≥50,69.23,10.0,0.7,1.0,50.0,47,39,27,12,69.23,-2.19,-22.96,18.58,-0.854,0.636,11
"[-299,-200]",HR≥45/EDG≥10.0/CV≤0.7/μ≥1.0/TP≥55,69.23,10.0,0.7,1.0,55.0,47,39,27,12,69.23,-2.19,-22.96,18.58,-0.854,0.636,11
"[-299,-200]",HR≥45/EDG≥10.0/CV≤0.7/μ≥1.0/TP≥60,69.23,10.0,0.7,1.0,60.0,47,39,27,12,69.23,-2.19,-22.96,18.58,-0.854,0.636,11
"[-299,-200]",HR≥45/EDG≥10.0/CV≤0.7/μ≥1.0/TP≥65,69.23,10.0,0.7,1.0,65.0,47,39,27,12,69.23,-2.19,-22.96,18.58,-0.854,0.636,11
"[-299,-200]",HR≥50/EDG≥-/CV≤-/μ≥-/TP≥-,67.22,,,,,492,424,285,139,67.22,-4.53,-10.89,1.84,-19.199,0.154,13
"[-299,-200]",HR≥50/EDG≥-/CV≤-/μ≥-/TP≥50,67.65,,,,50.0,472,405,274,131,67.65,-3.95,-10.44,2.53,-16.017,0.154,13
"[-299,-200]",HR≥50/EDG≥-/CV≤-/μ≥-/TP≥55,67.09,,,,55.0,465,398,267,131,67.09,-4.72,-11.29,1.86,-18.78,0.154,13
"[-299,-200]",HR≥50/EDG≥-/CV≤-/μ≥-/TP≥60,67.9,,,,60.0,442,377,256,121,67.9,-3.67,-10.37,3.04,-13.829,0.231,13
"[-299,-200]",HR≥50/EDG≥-/CV≤-/μ≥-/TP≥65,69.97,,,,65.0,396,333,233,100,69.97,-0.79,-7.79,6.22,-2.627,0.385,13
"[-299,-200]",HR≥50/EDG≥-/CV≤-/μ≥0.0/TP≥-,67.65,,,0.0,,472,405,274,131,67.65,-3.95,-10.44,2.53,-16.017,0.154,13
"[-299,-200]",HR≥50/EDG≥-/CV≤-/μ≥0.0/TP≥50,67.65,,,0.0,50.0,472,405,274,131,67.65,-3.95,-10.44,2.53,-16.017,0.154,13
"[-299,-200]",HR≥50/EDG≥-/CV≤-/μ≥0.0/TP≥55,67.09,,,0.0,55.0,465,398,267,131,67.09,-4.72,-11.29,1.86,-18.78,0.154,13
"[-299,-200]",HR≥50/EDG≥-/CV≤-/μ≥0.0/TP≥60,67.9,,,0.0,60.0,442,377,256,121,67.9,-3.67,-10.37,3.04,-13.829,0.231,13
"[-299,-200]",HR≥50/EDG≥-/CV≤-/μ≥0.0/TP≥65,69.97,,,0.0,65.0,396,333,233,100,69.97,-0.79,-7.79,6.22,-2.627,0.385,13
"[-299,-200]",HR≥50/EDG≥-/CV≤-/μ≥0.5/TP≥-,71.43,,,0.5,,306,252,180,72,71.43,1.12,-6.81,9.04,2.815,0.615,13
"[-299,-200]",HR≥50/EDG≥-/CV≤-/μ≥0.5/TP≥50,71.43,,,0.5,50.0,306,252,180,72,71.43,1.12,-6.81,9.04,2.815,0.615,13
"[-299,-200]",HR≥50/EDG≥-/CV≤-/μ≥0.5/TP≥55,71.43,,,0.5,55.0,306,252,180,72,71.43,1.12,-6.81,9.04,2.815,0.615,13
"[-299,-200]",HR≥50/EDG≥-/CV≤-/μ≥0.5/TP≥60,71.43,,,0.5,60.0,306,252,180,72,71.43,1.12,-6.81,9.04,2.815,0.615,13
"[-299,-200]",HR≥50/EDG≥-/CV≤-/μ≥0.5/TP≥65,71.71,,,0.5,65.0,305,251,180,71,71.71,1.52,-6.4,9.44,3.815,0.615,13
"[-299,-200]",HR≥50/EDG≥-/CV≤-/μ≥1.0/TP≥-,71.31,,,1.0,,147,122,87,35,71.31,0.85,-10.58,12.27,1.033,0.462,13
"[-299,-200]",HR≥50/EDG≥-/CV≤-/μ≥1.0/TP≥50,71.31,,,1.0,50.0,147,122,87,35,71.31,0.85,-10.58,12.27,1.033,0.462,13
"[-299,-200]",HR≥50/EDG≥-/CV≤-/μ≥1.0/TP≥55,71.31,,,1.0,55.0,147,122,87,35,71.31,0.85,-10.58,12.27,1.033,0.462,13
"[-299,-200]",HR≥50/EDG≥-/CV≤-/μ≥1.0/TP≥60,71.31,,,1.0,60.0,147,122,87,35,71.31,0.85,-10.58,12.27,1.033,0.462,13
"[-299,-200]",HR≥50/EDG≥-/CV≤-/μ≥1.0/TP≥65,71.31,,,1.0,65.0,147,122,87,35,71.31,0.85,-10.58,12.27,1.033,0.462,13
"[-299,-200]",HR≥50/EDG≥-/CV≤0.7/μ≥-/TP≥-,73.53,,0.7,,,120,102,75,27,73.53,4.09,-8.12,16.29,4.168,0.615,13
"[-299,-200]",HR≥50/EDG≥-/CV≤0.7/μ≥-/TP≥50,74.26,,0.7,,50.0,119,101,75,26,74.26,5.12,-7.04,17.27,5.168,0.615,13
"[-299,-200]",HR≥50/EDG≥-/CV≤0.7/μ≥-/TP≥55,74.26,,0.7,,55.0,119,101,75,26,74.26,5.12,-7.04,17.27,5.168,0.615,13
"[-299,-200]",HR≥50/EDG≥-/CV≤0.7/μ≥-/TP≥60,74.0,,0.7,,60.0,118,100,74,26,74.0,4.67,-7.58,16.91,4.668,0.615,13
"[-299,-200]",HR≥50/EDG≥-/CV≤0.7/μ≥-/TP≥65,74.74,,0.7,,65.0,113,95,71,24,74.74,5.66,-6.79,18.11,5.377,0.615,13
"[-299,-200]",HR≥50/EDG≥-/CV≤0.7/μ≥0.0/TP≥-,74.26,,0.7,0.0,,119,101,75,26,74.26,5.12,-7.04,17.27,5.168,0.615,13
"[-299,-200]",HR≥50/EDG≥-/CV≤0.7/μ≥0.0/TP≥50,74.26,,0.7,0.0,50.0,119,101,75,26,74.26,5.12,-7.04,17.27,5.168,0.615,13
"[-299,-200]",HR≥50/EDG≥-/CV≤0.7/μ≥0.0/TP≥55,74.26,,0.7,0.0,55.0,119,101,75,26,74.26,5.12,-7.04,17.27,5.168,0.615,13
"[-299,-200]",HR≥50/EDG≥-/CV≤0.7/μ≥0.0/TP≥60,74.0,,0.7,0.0,60.0,118,100,74,26,74.0,4.67,-7.58,16.91,4.668,0.615,13
"[-299,-200]",HR≥50/EDG≥-/CV≤0.7/μ≥0.0/TP≥65,74.74,,0.7,0.0,65.0,113,95,71,24,74.74,5.66,-6.79,18.11,5.377,0.615,13
"[-299,-200]",HR≥50/EDG≥-/CV≤0.7/μ≥0.5/TP≥-,74.32,,0.7,0.5,,90,74,55,19,74.32,4.81,-9.34,18.97,3.563,0.615,13
"[-299,-200]",HR≥50/EDG≥-/CV≤0.7/μ≥0.5/TP≥50,74.32,,0.7,0.5,50.0,90,74,55,19,74.32,4.81,-9.34,18.97,3.563,0.615,13
"[-299,-200]",HR≥50/EDG≥-/CV≤0.7/μ≥0.5/TP≥55,74.32,,0.7,0.5,55.0,90,74,55,19,74.32,4.81,-9.34,18.97,3.563,0.615,13
"[-299,-200]",HR≥50/EDG≥-/CV≤0.7/μ≥0.5/TP≥60,74.32,,0.7,0.5,60.0,90,74,55,19,74.32,4.81,-9.34,18.97,3.563,0.615,13
"[-299,-200]",HR≥50/EDG≥-/CV≤0.7/μ≥0.5/TP≥65,74.32,,0.7,0.5,65.0,90,74,55,19,74.32,4.81,-9.34,18.97,3.563,0.615,13
"[-299,-200]",HR≥50/EDG≥-/CV≤0.7/μ≥1.0/TP≥-,69.23,,0.7,1.0,,47,39,27,12,69.23,-2.19,-22.96,18.58,-0.854,0.636,11
"[-299,-200]",HR≥50/EDG≥-/CV≤0.7/μ≥1.0/TP≥50,69.23,,0.7,1.0,50.0,47,39,27,12,69.23,-2.19,-22.96,18.58,-0.854,0.636,11
"[-299,-200]",HR≥50/EDG≥-/CV≤0.7/μ≥1.0/TP≥55,69.23,,0.7,1.0,55.0,47,39,27,12,69.23,-2.19,-22.96,18.58,-0.854,0.636,11
"[-299,-200]",HR≥50/EDG≥-/CV≤0.7/μ≥1.0/TP≥60,69.23,,0.7,1.0,60.0,47,39,27,12,69.23,-2.19,-22.96,18.58,-0.854,0.636,11
"[-299,-200]",HR≥50/EDG≥-/CV≤0.7/μ≥1.0/TP≥65,69.23,,0.7,1.0,65.0,47,39,27,12,69.23,-2.19,-22.96,18.58,-0.854,0.636,11
"[-299,-200]",HR≥50/EDG≥-5.0/CV≤-/μ≥-/TP≥-,70.4,-5.0,,,,383,321,226,95,70.4,-0.07,-7.18,7.04,-0.233,0.538,13
"[-299,-200]",HR≥50/EDG≥-5.0/CV≤-/μ≥-/TP≥50,70.4,-5.0,,,50.0,383,321,226,95,70.4,-0.07,-7.18,7.04,-0.233,0.538,13
"[-299,-200]",HR≥50/EDG≥-5.0/CV≤-/μ≥-/TP≥55,70.4,-5.0,,,55.0,383,321,226,95,70.4,-0.07,-7.18,7.04,-0.233,0.538,13
"[-299,-200]",HR≥50/EDG≥-5.0/CV≤-/μ≥-/TP≥60,70.4,-5.0,,,60.0,383,321,226,95,70.4,-0.07,-7.18,7.04,-0.233,0.538,13
"[-299,-200]",HR≥50/EDG≥-5.0/CV≤-/μ≥-/TP≥65,71.43,-5.0,,,65.0,377,315,225,90,71.43,1.37,-5.73,8.48,4.317,0.615,13
"[-299,-200]",HR≥50/EDG≥-5.0/CV≤-/μ≥0.0/TP≥-,70.4,-5.0,,0.0,,383,321,226,95,70.4,-0.07,-7.18,7.04,-0.233,0.538,13
"[-299,-200]",HR≥50/EDG≥-5.0/CV≤-/μ≥0.0/TP≥50,70.4,-5.0,,0.0,50.0,383,321,226,95,70.4,-0.07,-7.18,7.04,-0.233,0.538,13
"[-299,-200]",HR≥50/EDG≥-5.0/CV≤-/μ≥0.0/TP≥55,70.4,-5.0,,0.0,55.0,383,321,226,95,70.4,-0.07,-7.18,7.04,-0.233,0.538,13
"[-299,-200]",HR≥50/EDG≥-5.0/CV≤-/μ≥0.0/TP≥60,70.4,-5.0,,0.0,60.0,383,321,226,95,70.4,-0.07,-7.18,7.04,-0.233,0.538,13
"[-299,-200]",HR≥50/EDG≥-5.0/CV≤-/μ≥0.0/TP≥65,71.43,-5.0,,0.0,65.0,377,315,225,90,71.43,1.37,-5.73,8.48,4.317,0.615,13
"[-299,-200]",HR≥50/EDG≥-5.0/CV≤-/μ≥0.5/TP≥-,71.43,-5.0,,0.5,,306,252,180,72,71.43,1.12,-6.81,9.04,2.815,0.615,13
"[-299,-200]",HR≥50/EDG≥-5.0/CV≤-/μ≥0.5/TP≥50,71.43,-5.0,,0.5,50.0,306,252,180,72,71.43,1.12,-6.81,9.04,2.815,0.615,13
"[-299,-200]",HR≥50/EDG≥-5.0/CV≤-/μ≥0.5/TP≥55,71.43,-5.0,,0.5,55.0,306,252,180,72,71.43,1.12,-6.81,9.04,2.815,0.615,13
"[-299,-200]",HR≥50/EDG≥-5.0/CV≤-/μ≥0.5/TP≥60,71.43,-5.0,,0.5,60.0,306,252,180,72,71.43,1.12,-6.81,9.04,2.815,0.615,13
"[-299,-200]",HR≥50/EDG≥-5.0/CV≤-/μ≥0.5/TP≥65,71.71,-5.0,,0.5,65.0,305,251,180,71,71.71,1.52,-6.4,9.44,3.815,0.615,13
"[-299,-200]",HR≥50/EDG≥-5.0/CV≤-/μ≥1.0/TP≥-,71.31,-5.0,,1.0,,147,122,87,35,71.31,0.85,-10.58,12.27,1.033,0.462,13
"[-299,-200]",HR≥50/EDG≥-5.0/CV≤-/μ≥1.0/TP≥50,71.31,-5.0,,1.0,50.0,147,122,87,35,71.31,0.85,-10.58,12.27,1.033,0.462,13
"[-299,-200]",HR≥50/EDG≥-5.0/CV≤-/μ≥1.0/TP≥55,71.31,-5.0,,1.0,55.0,147,122,87,35,71.31,0.85,-10.58,12.27,1.033,0.462,13
"[-299,-200]",HR≥50/EDG≥-5.0/CV≤-/μ≥1.0/TP≥60,71.31,-5.0,,1.0,60.0,147,122,87,35,71.31,0.85,-10.58,12.27,1.033,0.462,13
"[-299,-200]",HR≥50/EDG≥-5.0/CV≤-/μ≥1.0/TP≥65,71.31,-5.0,,1.0,65.0,147,122,87,35,71.31,0.85,-10.58,12.27,1.033,0.462,13
"[-299,-200]",HR≥50/EDG≥-5.0/CV≤0.7/μ≥-/TP≥-,75.82,-5.0,0.7,,,108,91,69,22,75.82,7.31,-5.24,19.85,6.65,0.692,13
"[-299,-200]",HR≥50/EDG≥-5.0/CV≤0.7/μ≥-/TP≥50,75.82,-5.0,0.7,,50.0,108,91,69,22,75.82,7.31,-5.24,19.85,6.65,0.692,13
"[-299,-200]",HR≥50/EDG≥-5.0/CV≤0.7/μ≥-/TP≥55,75.82,-5.0,0.7,,55.0,108,91,69,22,75.82,7.31,-5.24,19.85,6.65,0.692,13
"[-299,-200]",HR≥50/EDG≥-5.0/CV≤0.7/μ≥-/TP≥60,75.82,-5.0,0.7,,60.0,108,91,69,22,75.82,7.31,-5.24,19.85,6.65,0.692,13
"[-299,-200]",HR≥50/EDG≥-5.0/CV≤0.7/μ≥-/TP≥65,75.82,-5.0,0.7,,65.0,108,91,69,22,75.82,7.31,-5.24,19.85,6.65,0.692,13
"[-299,-200]",HR≥50/EDG≥-5.0/CV≤0.7/μ≥0.0/TP≥-,75.82,-5.0,0.7,0.0,,108,91,69,22,75.82,7.31,-5.24,19.85,6.65,0.692,13
"[-299,-200]",HR≥50/EDG≥-5.0/CV≤0.7/μ≥0.0/TP≥50,75.82,-5.0,0.7,0.0,50.0,108,91,69,22,75.82,7.31,-5.24,19.85,6.65,0.692,13
"[-299,-200]",HR≥50/EDG≥-5.0/CV≤0.7/μ≥0.0/TP≥55,75.82,-5.0,0.7,0.0,55.0,108,91,69,22,75.82,7.31,-5.24,19.85,6.65,0.692,13
"[-299,-200]",HR≥50/EDG≥-5.0/CV≤0.7/μ≥0.0/TP≥60,75.82,-5.0,0.7,0.0,60.0,108,91,69,22,75.82,7.31,-5.24,19.85,6.65,0.692,13
"[-299,-200]",HR≥50/EDG≥-5.0/CV≤0.7/μ≥0.0/TP≥65,75.82,-5.0,0.7,0.0,65.0,108,91,69,22,75.82,7.31,-5.24,19.85,6.65,0.692,13
"[-299,-200]",HR≥50/EDG≥-5.0/CV≤0.7/μ≥0.5/TP≥-,74.32,-5.0,0.7,0.5,,90,74,55,19,74.32,4.81,-9.34,18.97,3.563,0.615,13
"[-299,-200]",HR≥50/EDG≥-5.0/CV≤0.7/μ≥0.5/TP≥50,74.32,-5.0,0.7,0.5,50.0,90,74,55,19,74.32,4.81,-9.34,18.97,3.563,0.615,13
"[-299,-200]",HR≥50/EDG≥-5.0/CV≤0.7/μ≥0.5/TP≥55,74.32,-5.0,0.7,0.5,55.0,90,74,55,19,74.32,4.81,-9.34,18.97,3.563,0.615,13
"[-299,-200]",HR≥50/EDG≥-5.0/CV≤0.7/μ≥0.5/TP≥60,74.32,-5.0,0.7,0.5,60.0,90,74,55,19,74.32,4.81,-9.34,18.97,3.563,0.615,13
"[-299,-200]",HR≥50/EDG≥-5.0/CV≤0.7/μ≥0.5/TP≥65,74.32,-5.0,0.7,0.5,65.0,90,74,55,19,74.32,4.81,-9.34,18.97,3.563,0.615,13
"[-299,-200]",HR≥50/EDG≥-5.0/CV≤0.7/μ≥1.0/TP≥-,69.23,-5.0,0.7,1.0,,47,39,27,12,69.23,-2.19,-22.96,18.58,-0.854,0.636,11
"[-299,-200]",HR≥50/EDG≥-5.0/CV≤0.7/μ≥1.0/TP≥50,69.23,-5.0,0.7,1.0,50.0,47,39,27,12,69.23,-2.19,-22.96,18.58,-0.854,0.636,11
"[-299,-200]",HR≥50/EDG≥-5.0/CV≤0.7/μ≥1.0/TP≥55,69.23,-5.0,0.7,1.0,55.0,47,39,27,12,69.23,-2.19,-22.96,18.58,-0.854,0.636,11
"[-299,-200]",HR≥50/EDG≥-5.0/CV≤0.7/μ≥1.0/TP≥60,69.23,-5.0,0.7,1.0,60.0,47,39,27,12,69.23,-2.19,-22.96,18.58,-0.854,0.636,11
"[-299,-200]",HR≥50/EDG≥-5.0/CV≤0.7/μ≥1.0/TP≥65,69.23,-5.0,0.7,1.0,65.0,47,39,27,12,69.23,-2.19,-22.96,18.58,-0.854,0.636,11
"[-299,-200]",HR≥50/EDG≥0.0/CV≤-/μ≥-/TP≥-,72.1,0.0,,,,331,276,199,77,72.1,2.49,-5.06,10.04,6.88,0.615,13
"[-299,-200]",HR≥50/EDG≥0.0/CV≤-/μ≥-/TP≥50,72.1,0.0,,,50.0,331,276,199,77,72.1,2.49,-5.06,10.04,6.88,0.615,13
"[-299,-200]",HR≥50/EDG≥0.0/CV≤-/μ≥-/TP≥55,72.1,0.0,,,55.0,331,276,199,77,72.1,2.49,-5.06,10.04,6.88,0.615,13
"[-299,-200]",HR≥50/EDG≥0.0/CV≤-/μ≥-/TP≥60,72.1,0.0,,,60.0,331,276,199,77,72.1,2.49,-5.06,10.04,6.88,0.615,13
"[-299,-200]",HR≥50/EDG≥0.0/CV≤-/μ≥-/TP≥65,72.1,0.0,,,65.0,331,276,199,77,72.1,2.49,-5.06,10.04,6.88,0.615,13
"[-299,-200]",HR≥50/EDG≥0.0/CV≤-/μ≥0.0/TP≥-,72.1,0.0,,0.0,,331,276,199,77,72.1,2.49,-5.06,10.04,6.88,0.615,13
"[-299,-200]",HR≥50/EDG≥0.0/CV≤-/μ≥0.0/TP≥50,72.1,0.0,,0.0,50.0,331,276,199,77,72.1,2.49,-5.06,10.04,6.88,0.615,13
"[-299,-200]",HR≥50/EDG≥0.0/CV≤-/μ≥0.0/TP≥55,72.1,0.0,,0.0,55.0,331,276,199,77,72.1,2.49,-5.06,10.04,6.88,0.615,13
"[-299,-200]",HR≥50/EDG≥0.0/CV≤-/μ≥0.0/TP≥60,72.1,0.0,,0.0,60.0,331,276,199,77,72.1,2.49,-5.06,10.04,6.88,0.615,13
"[-299,-200]",HR≥50/EDG≥0.0/CV≤-/μ≥0.0/TP≥65,72.1,0.0,,0.0,65.0,331,276,199,77,72.1,2.49,-5.06,10.04,6.88,0.615,13
"[-299,-200]",HR≥50/EDG≥0.0/CV≤-/μ≥0.5/TP≥-,71.72,0.0,,0.5,,295,244,175,69,71.72,1.62,-6.42,9.66,3.948,0.538,13
"[-299,-200]",HR≥50/EDG≥0.0/CV≤-/μ≥0.5/TP≥50,71.72,0.0,,0.5,50.0,295,244,175,69,71.72,1.62,-6.42,9.66,3.948,0.538,13
"[-299,-200]",HR≥50/EDG≥0.0/CV≤-/μ≥0.5/TP≥55,71.72,0.0,,0.5,55.0,295,244,175,69,71.72,1.62,-6.42,9.66,3.948,0.538,13
"[-299,-200]",HR≥50/EDG≥0.0/CV≤-/μ≥0.5/TP≥60,71.72,0.0,,0.5,60.0,295,244,175,69,71.72,1.62,-6.42,9.66,3.948,0.538,13
"[-299,-200]",HR≥50/EDG≥0.0/CV≤-/μ≥0.5/TP≥65,71.72,0.0,,0.5,65.0,295,244,175,69,71.72,1.62,-6.42,9.66,3.948,0.538,13
"[-299,-200]",HR≥50/EDG≥0.0/CV≤-/μ≥1.0/TP≥-,71.31,0.0,,1.0,,147,122,87,35,71.31,0.85,-10.58,12.27,1.033,0.462,13
"[-299,-200]",HR≥50/EDG≥0.0/CV≤-/μ≥1.0/TP≥50,71.31,0.0,,1.0,50.0,147,122,87,35,71.31,0.85,-10.58,12.27,1.033,0.462,13
"[-299,-200]",HR≥50/EDG≥0.0/CV≤-/μ≥1.0/TP≥55,71.31,0.0,,1.0,55.0,147,122,87,35,71.31,0.85,-10.58,12.27,1.033,0.462,13
"[-299,-200]",HR≥50/EDG≥0.0/CV≤-/μ≥1.0/TP≥60,71.31,0.0,,1.0,60.0,147,122,87,35,71.31,0.85,-10.58,12.27,1.033,0.462,13
"[-299,-200]",HR≥50/EDG≥0.0/CV≤-/μ≥1.0/TP≥65,71.31,0.0,,1.0,65.0,147,122,87,35,71.31,0.85,-10.58,12.27,1.033,0.462,13
"[-299,-200]",HR≥50/EDG≥0.0/CV≤0.7/μ≥-/TP≥-,75.61,0.0,0.7,,,99,82,62,20,75.61,7.04,-6.22,20.31,5.775,0.692,13
"[-299,-200]",HR≥50/EDG≥0.0/CV≤0.7/μ≥-/TP≥50,75.61,0.0,0.7,,50.0,99,82,62,20,75.61,7.04,-6.22,20.31,5.775,0.692,13
"[-299,-200]",HR≥50/EDG≥0.0/CV≤0.7/μ≥-/TP≥55,75.61,0.0,0.7,,55.0,99,82,62,20,75.61,7.04,-6.22,20.31,5.775,0.692,13
"[-299,-200]",HR≥50/EDG≥0.0/CV≤0.7/μ≥-/TP≥60,75.61,0.0,0.7,,60.0,99,82,62,20,75.61,7.04,-6.22,20.31,5.775,0.692,13
"[-299,-200]",HR≥50/EDG≥0.0/CV≤0.7/μ≥-/TP≥65,75.61,0.0,0.7,,65.0,99,82,62,20,75.61,7.04,-6.22,20.31,5.775,0.692,13
"[-299,-200]",HR≥50/EDG≥0.0/CV≤0.7/μ≥0.0/TP≥-,75.61,0.0,0.7,0.0,,99,82,62,20,75.61,7.04,-6.22,20.31,5.775,0.692,13
"[-299,-200]",HR≥50/EDG≥0.0/CV≤0.7/μ≥0.0/TP≥50,75.61,0.0,0.7,0.0,50.0,99,82,62,20,75.61,7.04,-6.22,20.31,5.775,0.692,13
"[-299,-200]",HR≥50/EDG≥0.0/CV≤0.7/μ≥0.0/TP≥55,75.61,0.0,0.7,0.0,55.0,99,82,62,20,75.61,7.04,-6.22,20.31,5.775,0.692,13
"[-299,-200]",HR≥50/EDG≥0.0/CV≤0.7/μ≥0.0/TP≥60,75.61,0.0,0.7,0.0,60.0,99,82,62,20,75.61,7.04,-6.22,20.31,5.775,0.692,13
"[-299,-200]",HR≥50/EDG≥0.0/CV≤0.7/μ≥0.0/TP≥65,75.61,0.0,0.7,0.0,65.0,99,82,62,20,75.61,7.04,-6.22,20.31,5.775,0.692,13
"[-299,-200]",HR≥50/EDG≥0.0/CV≤0.7/μ≥0.5/TP≥-,74.32,0.0,0.7,0.5,,90,74,55,19,74.32,4.81,-9.34,18.97,3.563,0.615,13
"[-299,-200]",HR≥50/EDG≥0.0/CV≤0.7/μ≥0.5/TP≥50,74.32,0.0,0.7,0.5,50.0,90,74,55,19,74.32,4.81,-9.34,18.97,3.563,0.615,13
"[-299,-200]",HR≥50/EDG≥0.0/CV≤0.7/μ≥0.5/TP≥55,74.32,0.0,0.7,0.5,55.0,90,74,55,19,74.32,4.81,-9.34,18.97,3.563,0.615,13
"[-299,-200]",HR≥50/EDG≥0.0/CV≤0.7/μ≥0.5/TP≥60,74.32,0.0,0.7,0.5,60.0,90,74,55,19,74.32,4.81,-9.34,18.97,3.563,0.615,13
"[-299,-200]",HR≥50/EDG≥0.0/CV≤0.7/μ≥0.5/TP≥65,74.32,0.0,0.7,0.5,65.0,90,74,55,19,74.32,4.81,-9.34,18.97,3.563,0.615,13
"[-299,-200]",HR≥50/EDG≥0.0/CV≤0.7/μ≥1.0/TP≥-,69.23,0.0,0.7,1.0,,47,39,27,12,69.23,-2.19,-22.96,18.58,-0.854,0.636,11
"[-299,-200]",HR≥50/EDG≥0.0/CV≤0.7/μ≥1.0/TP≥50,69.23,0.0,0.7,1.0,50.0,47,39,27,12,69.23,-2.19,-22.96,18.58,-0.854,0.636,11
"[-299,-200]",HR≥50/EDG≥0.0/CV≤0.7/μ≥1.0/TP≥55,69.23,0.0,0.7,1.0,55.0,47,39,27,12,69.23,-2.19,-22.96,18.58,-0.854,0.636,11
"[-299,-200]",HR≥50/EDG≥0.0/CV≤0.7/μ≥1.0/TP≥60,69.23,0.0,0.7,1.0,60.0,47,39,27,12,69.23,-2.19,-22.96,18.58,-0.854,0.636,11
"[-299,-200]",HR≥50/EDG≥0.0/CV≤0.7/μ≥1.0/TP≥65,69.23,0.0,0.7,1.0,65.0,47,39,27,12,69.23,-2.19,-22.96,18.58,-0.854,0.636,11
"[-299,-200]",HR≥50/EDG≥5.0/CV≤-/μ≥-/TP≥-,72.29,5.0,,,,279,231,167,64,72.29,2.6,-5.63,10.82,6.0,0.538,13
"[-299,-200]",HR≥50/EDG≥5.0/CV≤-/μ≥-/TP≥50,72.29,5.0,,,50.0,279,231,167,64,72.29,2.6,-5.63,10.82,6.0,0.538,13
"[-299,-200]",HR≥50/EDG≥5.0/CV≤-/μ≥-/TP≥55,72.29,5.0,,,55.0,279,231,167,64,72.29,2.6,-5.63,10.82,6.0,0.538,13
"[-299,-200]",HR≥50/EDG≥5.0/CV≤-/μ≥-/TP≥60,72.29,5.0,,,60.0,279,231,167,64,72.29,2.6,-5.63,10.82,6.0,0.538,13
"[-299,-200]",HR≥50/EDG≥5.0/CV≤-/μ≥-/TP≥65,72.29,5.0,,,65.0,279,231,167,64,72.29,2.6,-5.63,10.82,6.0,0.538,13
"[-299,-200]",HR≥50/EDG≥5.0/CV≤-/μ≥0.0/TP≥-,72.29,5.0,,0.0,,279,231,167,64,72.29,2.6,-5.63,10.82,6.0,0.538,13
"[-299,-200]",HR≥50/EDG≥5.0/CV≤-/μ≥0.0/TP≥50,72.29,5.0,,0.0,50.0,279,231,167,64,72.29,2.6,-5.63,10.82,6.0,0.538,13
"[-299,-200]",HR≥50/EDG≥5.0/CV≤-/μ≥0.0/TP≥55,72.29,5.0,,0.0,55.0,279,231,167,64,72.29,2.6,-5.63,10.82,6.0,0.538,13
"[-299,-200]",HR≥50/EDG≥5.0/CV≤-/μ≥0.0/TP≥60,72.29,5.0,,0.0,60.0,279,231,167,64,72.29,2.6,-5.63,10.82,6.0,0.538,13
"[-299,-200]",HR≥50/EDG≥5.0/CV≤-/μ≥0.0/TP≥65,72.29,5.0,,0.0,65.0,279,231,167,64,72.29,2.6,-5.63,10.82,6.0,0.538,13
"[-299,-200]",HR≥50/EDG≥5.0/CV≤-/μ≥0.5/TP≥-,71.49,5.0,,0.5,,268,221,158,63,71.49,1.32,-7.15,9.8,2.927,0.385,13
"[-299,-200]",HR≥50/EDG≥5.0/CV≤-/μ≥0.5/TP≥50,71.49,5.0,,0.5,50.0,268,221,158,63,71.49,1.32,-7.15,9.8,2.927,0.385,13
"[-299,-200]",HR≥50/EDG≥5.0/CV≤-/μ≥0.5/TP≥55,71.49,5.0,,0.5,55.0,268,221,158,63,71.49,1.32,-7.15,9.8,2.927,0.385,13
"[-299,-200]",HR≥50/EDG≥5.0/CV≤-/μ≥0.5/TP≥60,71.49,5.0,,0.5,60.0,268,221,158,63,71.49,1.32,-7.15,9.8,2.927,0.385,13
"[-299,-200]",HR≥50/EDG≥5.0/CV≤-/μ≥0.5/TP≥65,71.49,5.0,,0.5,65.0,268,221,158,63,71.49,1.32,-7.15,9.8,2.927,0.385,13
"[-299,-200]",HR≥50/EDG≥5.0/CV≤-/μ≥1.0/TP≥-,71.9,5.0,,1.0,,146,121,87,34,71.9,1.68,-9.72,13.08,2.033,0.462,13
"[-299,-200]",HR≥50/EDG≥5.0/CV≤-/μ≥1.0/TP≥50,71.9,5.0,,1.0,50.0,146,121,87,34,71.9,1.68,-9.72,13.08,2.033,0.462,13
"[-299,-200]",HR≥50/EDG≥5.0/CV≤-/μ≥1.0/TP≥55,71.9,5.0,,1.0,55.0,146,121,87,34,71.9,1.68,-9.72,13.08,2.033,0.462,13
"[-299,-200]",HR≥50/EDG≥5.0/CV≤-/μ≥1.0/TP≥60,71.9,5.0,,1.0,60.0,146,121,87,34,71.9,1.68,-9.72,13.08,2.033,0.462,13
"[-299,-200]",HR≥50/EDG≥5.0/CV≤-/μ≥1.0/TP≥65,71.9,5.0,,1.0,65.0,146,121,87,34,71.9,1.68,-9.72,13.08,2.033,0.462,13
"[-299,-200]",HR≥50/EDG≥5.0/CV≤0.7/μ≥-/TP≥-,73.68,5.0,0.7,,,91,76,56,20,73.68,4.23,-9.89,18.35,3.215,0.538,13
"[-299,-200]",HR≥50/EDG≥5.0/CV≤0.7/μ≥-/TP≥50,73.68,5.0,0.7,,50.0,91,76,56,20,73.68,4.23,-9.89,18.35,3.215,0.538,13
"[-299,-200]",HR≥50/EDG≥5.0/CV≤0.7/μ≥-/TP≥55,73.68,5.0,0.7,,55.0,91,76,56,20,73.68,4.23,-9.89,18.35,3.215,0.538,13
"[-299,-200]",HR≥50/EDG≥5.0/CV≤0.7/μ≥-/TP≥60,73.68,5.0,0.7,,60.0,91,76,56,20,73.68,4.23,-9.89,18.35,3.215,0.538,13
"[-299,-200]",HR≥50/EDG≥5.0/CV≤0.7/μ≥-/TP≥65,73.68,5.0,0.7,,65.0,91,76,56,20,73.68,4.23,-9.89,18.35,3.215,0.538,13
"[-299,-200]",HR≥50/EDG≥5.0/CV≤0.7/μ≥0.0/TP≥-,73.68,5.0,0.7,0.0,,91,76,56,20,73.68,4.23,-9.89,18.35,3.215,0.538,13
"[-299,-200]",HR≥50/EDG≥5.0/CV≤0.7/μ≥0.0/TP≥50,73.68,5.0,0.7,0.0,50.0,91,76,56,20,73.68,4.23,-9.89,18.35,3.215,0.538,13
"[-299,-200]",HR≥50/EDG≥5.0/CV≤0.7/μ≥0.0/TP≥55,73.68,5.0,0.7,0.0,55.0,91,76,56,20,73.68,4.23,-9.89,18.35,3.215,0.538,13
"[-299,-200]",HR≥50/EDG≥5.0/CV≤0.7/μ≥0.0/TP≥60,73.68,5.0,0.7,0.0,60.0,91,76,56,20,73.68,4.23,-9.89,18.35,3.215,0.538,13
"[-299,-200]",HR≥50/EDG≥5.0/CV≤0.7/μ≥0.0/TP≥65,73.68,5.0,0.7,0.0,65.0,91,76,56,20,73.68,4.23,-9.89,18.35,3.215,0.538,13
"[-299,-200]",HR≥50/EDG≥5.0/CV≤0.7/μ≥0.5/TP≥-,73.24,5.0,0.7,0.5,,86,71,52,19,73.24,3.38,-11.28,18.05,2.403,0.615,13
"[-299,-200]",HR≥50/EDG≥5.0/CV≤0.7/μ≥0.5/TP≥50,73.24,5.0,0.7,0.5,50.0,86,71,52,19,73.24,3.38,-11.28,18.05,2.403,0.615,13
"[-299,-200]",HR≥50/EDG≥5.0/CV≤0.7/μ≥0.5/TP≥55,73.24,5.0,0.7,0.5,55.0,86,71,52,19,73.24,3.38,-11.28,18.05,2.403,0.615,13
"[-299,-200]",HR≥50/EDG≥5.0/CV≤0.7/μ≥0.5/TP≥60,73.24,5.0,0.7,0.5,60.0,86,71,52,19,73.24,3.38,-11.28,18.05,2.403,0.615,13
"[-299,-200]",HR≥50/EDG≥5.0/CV≤0.7/μ≥0.5/TP≥65,73.24,5.0,0.7,0.5,65.0,86,71,52,19,73.24,3.38,-11.28,18.05,2.403,0.615,13
"[-299,-200]",HR≥50/EDG≥5.0/CV≤0.7/μ≥1.0/TP≥-,69.23,5.0,0.7,1.0,,47,39,27,12,69.23,-2.19,-22.96,18.58,-0.854,0.636,11
"[-299,-200]",HR≥50/EDG≥5.0/CV≤0.7/μ≥1.0/TP≥50,69.23,5.0,0.7,1.0,50.0,47,39,27,12,69.23,-2.19,-22.96,18.58,-0.854,0.636,11
"[-299,-200]",HR≥50/EDG≥5.0/CV≤0.7/μ≥1.0/TP≥55,69.23,5.0,0.7,1.0,55.0,47,39,27,12,69.23,-2.19,-22.96,18.58,-0.854,0.636,11
"[-299,-200]",HR≥50/EDG≥5.0/CV≤0.7/μ≥1.0/TP≥60,69.23,5.0,0.7,1.0,60.0,47,39,27,12,69.23,-2.19,-22.96,18.58,-0.854,0.636,11
"[-299,-200]",HR≥50/EDG≥5.0/CV≤0.7/μ≥1.0/TP≥65,69.23,5.0,0.7,1.0,65.0,47,39,27,12,69.23,-2.19,-22.96,18.58,-0.854,0.636,11
"[-299,-200]",HR≥50/EDG≥10.0/CV≤-/μ≥-/TP≥-,72.11,10.0,,,,231,190,137,53,72.11,2.11,-6.96,11.19,4.013,0.538,13
"[-299,-200]",HR≥50/EDG≥10.0/CV≤-/μ≥-/TP≥50,72.11,10.0,,,50.0,231,190,137,53,72.11,2.11,-6.96,11.19,4.013,0.538,13
"[-299,-200]",HR≥50/EDG≥10.0/CV≤-/μ≥-/TP≥55,72.11,10.0,,,55.0,231,190,137,53,72.11,2.11,-6.96,11.19,4.013,0.538,13
"[-299,-200]",HR≥50/EDG≥10.0/CV≤-/μ≥-/TP≥60,72.11,10.0,,,60.0,231,190,137,53,72.11,2.11,-6.96,11.19,4.013,0.538,13
"[-299,-200]",HR≥50/EDG≥10.0/CV≤-/μ≥-/TP≥65,72.11,10.0,,,65.0,231,190,137,53,72.11,2.11,-6.96,11.19,4.013,0.538,13
"[-299,-200]",HR≥50/EDG≥10.0/CV≤-/μ≥0.0/TP≥-,72.11,10.0,,0.0,,231,190,137,53,72.11,2.11,-6.96,11.19,4.013,0.538,13
"[-299,-200]",HR≥50/EDG≥10.0/CV≤-/μ≥0.0/TP≥50,72.11,10.0,,0.0,50.0,231,190,137,53,72.11,2.11,-6.96,11.19,4.013,0.538,13
"[-299,-200]",HR≥50/EDG≥10.0/CV≤-/μ≥0.0/TP≥55,72.11,10.0,,0.0,55.0,231,190,137,53,72.11,2.11,-6.96,11.19,4.013,0.538,13
"[-299,-200]",HR≥50/EDG≥10.0/CV≤-/μ≥0.0/TP≥60,72.11,10.0,,0.0,60.0,231,190,137,53,72.11,2.11,-6.96,11.19,4.013,0.538,13
"[-299,-200]",HR≥50/EDG≥10.0/CV≤-/μ≥0.0/TP≥65,72.11,10.0,,0.0,65.0,231,190,137,53,72.11,2.11,-6.96,11.19,4.013,0.538,13
"[-299,-200]",HR≥50/EDG≥10.0/CV≤-/μ≥0.5/TP≥-,71.96,10.0,,0.5,,230,189,136,53,71.96,1.89,-7.22,11.0,3.569,0.538,13
"[-299,-200]",HR≥50/EDG≥10.0/CV≤-/μ≥0.5/TP≥50,71.96,10.0,,0.5,50.0,230,189,136,53,71.96,1.89,-7.22,11.0,3.569,0.538,13
"[-299,-200]",HR≥50/EDG≥10.0/CV≤-/μ≥0.5/TP≥55,71.96,10.0,,0.5,55.0,230,189,136,53,71.96,1.89,-7.22,11.0,3.569,0.538,13
"[-299,-200]",HR≥50/EDG≥10.0/CV≤-/μ≥0.5/TP≥60,71.96,10.0,,0.5,60.0,230,189,136,53,71.96,1.89,-7.22,11.0,3.569,0.538,13
"[-299,-200]",HR≥50/EDG≥10.0/CV≤-/μ≥0.5/TP≥65,71.96,10.0,,0.5,65.0,230,189,136,53,71.96,1.89,-7.22,11.0,3.569,0.538,13
"[-299,-200]",HR≥50/EDG≥10.0/CV≤-/μ≥1.0/TP≥-,71.67,10.0,,1.0,,144,120,86,34,71.67,1.39,-10.09,12.87,1.67,0.462,13
"[-299,-200]",HR≥50/EDG≥10.0/CV≤-/μ≥1.0/TP≥50,71.67,10.0,,1.0,50.0,144,120,86,34,71.67,1.39,-10.09,12.87,1.67,0.462,13
"[-299,-200]",HR≥50/EDG≥10.0/CV≤-/μ≥1.0/TP≥55,71.67,10.0,,1.0,55.0,144,120,86,34,71.67,1.39,-10.09,12.87,1.67,0.462,13
"[-299,-200]",HR≥50/EDG≥10.0/CV≤-/μ≥1.0/TP≥60,71.67,10.0,,1.0,60.0,144,120,86,34,71.67,1.39,-10.09,12.87,1.67,0.462,13
"[-299,-200]",HR≥50/EDG≥10.0/CV≤-/μ≥1.0/TP≥65,71.67,10.0,,1.0,65.0,144,120,86,34,71.67,1.39,-10.09,12.87,1.67,0.462,13
"[-299,-200]",HR≥50/EDG≥10.0/CV≤0.7/μ≥-/TP≥-,72.58,10.0,0.7,,,76,62,45,17,72.58,2.33,-13.48,18.14,1.445,0.692,13
"[-299,-200]",HR≥50/EDG≥10.0/CV≤0.7/μ≥-/TP≥50,72.58,10.0,0.7,,50.0,76,62,45,17,72.58,2.33,-13.48,18.14,1.445,0.692,13
"[-299,-200]",HR≥50/EDG≥10.0/CV≤0.7/μ≥-/TP≥55,72.58,10.0,0.7,,55.0,76,62,45,17,72.58,2.33,-13.48,18.14,1.445,0.692,13
"[-299,-200]",HR≥50/EDG≥10.0/CV≤0.7/μ≥-/TP≥60,72.58,10.0,0.7,,60.0,76,62,45,17,72.58,2.33,-13.48,18.14,1.445,0.692,13
"[-299,-200]",HR≥50/EDG≥10.0/CV≤0.7/μ≥-/TP≥65,72.58,10.0,0.7,,65.0,76,62,45,17,72.58,2.33,-13.48,18.14,1.445,0.692,13
"[-299,-200]",HR≥50/EDG≥10.0/CV≤0.7/μ≥0.0/TP≥-,72.58,10.0,0.7,0.0,,76,62,45,17,72.58,2.33,-13.48,18.14,1.445,0.692,13
"[-299,-200]",HR≥50/EDG≥10.0/CV≤0.7/μ≥0.0/TP≥50,72.58,10.0,0.7,0.0,50.0,76,62,45,17,72.58,2.33,-13.48,18.14,1.445,0.692,13
"[-299,-200]",HR≥50/EDG≥10.0/CV≤0.7/μ≥0.0/TP≥55,72.58,10.0,0.7,0.0,55.0,76,62,45,17,72.58,2.33,-13.48,18.14,1.445,0.692,13
"[-299,-200]",HR≥50/EDG≥10.0/CV≤0.7/μ≥0.0/TP≥60,72.58,10.0,0.7,0.0,60.0,76,62,45,17,72.58,2.33,-13.48,18.14,1.445,0.692,13
"[-299,-200]",HR≥50/EDG≥10.0/CV≤0.7/μ≥0.0/TP≥65,72.58,10.0,0.7,0.0,65.0,76,62,45,17,72.58,2.33,-13.48,18.14,1.445,0.692,13
"[-299,-200]",HR≥50/EDG≥10.0/CV≤0.7/μ≥0.5/TP≥-,72.58,10.0,0.7,0.5,,76,62,45,17,72.58,2.33,-13.48,18.14,1.445,0.692,13
"[-299,-200]",HR≥50/EDG≥10.0/CV≤0.7/μ≥0.5/TP≥50,72.58,10.0,0.7,0.5,50.0,76,62,45,17,72.58,2.33,-13.48,18.14,1.445,0.692,13
"[-299,-200]",HR≥50/EDG≥10.0/CV≤0.7/μ≥0.5/TP≥55,72.58,10.0,0.7,0.5,55.0,76,62,45,17,72.58,2.33,-13.48,18.14,1.445,0.692,13
"[-299,-200]",HR≥50/EDG≥10.0/CV≤0.7/μ≥0.5/TP≥60,72.58,10.0,0.7,0.5,60.0,76,62,45,17,72.58,2.33,-13.48,18.14,1.445,0.692,13
"[-299,-200]",HR≥50/EDG≥10.0/CV≤0.7/μ≥0.5/TP≥65,72.58,10.0,0.7,0.5,65.0,76,62,45,17,72.58,2.33,-13.48,18.14,1.445,0.692,13
"[-299,-200]",HR≥50/EDG≥10.0/CV≤0.7/μ≥1.0/TP≥-,69.23,10.0,0.7,1.0,,47,39,27,12,69.23,-2.19,-22.96,18.58,-0.854,0.636,11
"[-299,-200]",HR≥50/EDG≥10.0/CV≤0.7/μ≥1.0/TP≥50,69.23,10.0,0.7,1.0,50.0,47,39,27,12,69.23,-2.19,-22.96,18.58,-0.854,0.636,11
"[-299,-200]",HR≥50/EDG≥10.0/CV≤0.7/μ≥1.0/TP≥55,69.23,10.0,0.7,1.0,55.0,47,39,27,12,69.23,-2.19,-22.96,18.58,-0.854,0.636,11
"[-299,-200]",HR≥50/EDG≥10.0/CV≤0.7/μ≥1.0/TP≥60,69.23,10.0,0.7,1.0,60.0,47,39,27,12,69.23,-2.19,-22.96,18.58,-0.854,0.636,11
"[-299,-200]",HR≥50/EDG≥10.0/CV≤0.7/μ≥1.0/TP≥65,69.23,10.0,0.7,1.0,65.0,47,39,27,12,69.23,-2.19,-22.96,18.58,-0.854,0.636,11
"[-299,-200]",HR≥55/EDG≥-/CV≤-/μ≥-/TP≥-,68.68,,,,,438,380,261,119,68.68,-2.51,-9.15,4.13,-9.533,0.308,13
"[-299,-200]",HR≥55/EDG≥-/CV≤-/μ≥-/TP≥50,69.13,,,,50.0,423,366,253,113,69.13,-1.92,-8.66,4.81,-7.045,0.308,13
"[-299,-200]",HR≥55/EDG≥-/CV≤-/μ≥-/TP≥55,68.61,,,,55.0,417,360,247,113,68.61,-2.63,-9.45,4.2,-9.461,0.308,13
"[-299,-200]",HR≥55/EDG≥-/CV≤-/μ≥-/TP≥60,69.5,,,,60.0,396,341,237,104,69.5,-1.5,-8.45,5.45,-5.11,0.385,13
"[-299,-200]",HR≥55/EDG≥-/CV≤-/μ≥-/TP≥65,71.02,,,,65.0,368,314,223,91,71.02,0.64,-6.5,7.78,2.009,0.462,13
"[-299,-200]",HR≥55/EDG≥-/CV≤-/μ≥0.0/TP≥-,69.13,,,0.0,,423,366,253,113,69.13,-1.92,-8.66,4.81,-7.045,0.308,13
"[-299,-200]",HR≥55/EDG≥-/CV≤-/μ≥0.0/TP≥50,69.13,,,0.0,50.0,423,366,253,113,69.13,-1.92,-8.66,4.81,-7.045,0.308,13
"[-299,-200]",HR≥55/EDG≥-/CV≤-/μ≥0.0/TP≥55,68.61,,,0.0,55.0,417,360,247,113,68.61,-2.63,-9.45,4.2,-9.461,0.308,13
"[-299,-200]",HR≥55/EDG≥-/CV≤-/μ≥0.0/TP≥60,69.5,,,0.0,60.0,396,341,237,104,69.5,-1.5,-8.45,5.45,-5.11,0.385,13
"[-299,-200]",HR≥55/EDG≥-/CV≤-/μ≥0.0/TP≥65,71.02,,,0.0,65.0,368,314,223,91,71.02,0.64,-6.5,7.78,2.009,0.462,13
"[-299,-200]",HR≥55/EDG≥-/CV≤-/μ≥0.5/TP≥-,72.2,,,0.5,,287,241,174,67,72.2,2.16,-5.88,10.19,5.199,0.615,13
"[-299,-200]",HR≥55/EDG≥-/CV≤-/μ≥0.5/TP≥50,72.2,,,0.5,50.0,287,241,174,67,72.2,2.16,-5.88,10.19,5.199,0.615,13
"[-299,-200]",HR≥55/EDG≥-/CV≤-/μ≥0.5/TP≥55,72.2,,,0.5,55.0,287,241,174,67,72.2,2.16,-5.88,10.19,5.199,0.615,13
"[-299,-200]",HR≥55/EDG≥-/CV≤-/μ≥0.5/TP≥60,72.2,,,0.5,60.0,287,241,174,67,72.2,2.16,-5.88,10.19,5.199,0.615,13
"[-299,-200]",HR≥55/EDG≥-/CV≤-/μ≥0.5/TP≥65,72.5,,,0.5,65.0,286,240,174,66,72.5,2.58,-5.44,10.61,6.199,0.615,13
"[-299,-200]",HR≥55/EDG≥-/CV≤-/μ≥1.0/TP≥-,70.83,,,1.0,,143,120,85,35,70.83,0.08,-11.48,11.65,0.101,0.462,13
"[-299,-200]",HR≥55/EDG≥-/CV≤-/μ≥1.0/TP≥50,70.83,,,1.0,50.0,143,120,85,35,70.83,0.08,-11.48,11.65,0.101,0.462,13
"[-299,-200]",HR≥55/EDG≥-/CV≤-/μ≥1.0/TP≥55,70.83,,,1.0,55.0,143,120,85,35,70.83,0.08,-11.48,11.65,0.101,0.462,13
"[-299,-200]",HR≥55/EDG≥-/CV≤-/μ≥1.0/TP≥60,70.83,,,1.0,60.0,143,120,85,35,70.83,0.08,-11.48,11.65,0.101,0.462,13
"[-299,-200]",HR≥55/EDG≥-/CV≤-/μ≥1.0/TP≥65,70.83,,,1.0,65.0,143,120,85,35,70.83,0.08,-11.48,11.65,0.101,0.462,13
"[-299,-200]",HR≥55/EDG≥-/CV≤0.7/μ≥-/TP≥-,73.0,,0.7,,,115,100,73,27,73.0,3.28,-9.12,15.68,3.28,0.615,13
"[-299,-200]",HR≥55/EDG≥-/CV≤0.7/μ≥-/TP≥50,73.74,,0.7,,50.0,114,99,73,26,73.74,4.32,-8.03,16.68,4.28,0.615,13
"[-299,-200]",HR≥55/EDG≥-/CV≤0.7/μ≥-/TP≥55,73.74,,0.7,,55.0,114,99,73,26,73.74,4.32,-8.03,16.68,4.28,0.615,13
"[-299,-200]",HR≥55/EDG≥-/CV≤0.7/μ≥-/TP≥60,73.47,,0.7,,60.0,113,98,72,26,73.47,3.86,-8.59,16.3,3.78,0.615,13
"[-299,-200]",HR≥55/EDG≥-/CV≤0.7/μ≥-/TP≥65,74.19,,0.7,,65.0,108,93,69,24,74.19,4.83,-7.83,17.49,4.49,0.615,13
"[-299,-200]",HR≥55/EDG≥-/CV≤0.7/μ≥0.0/TP≥-,73.74,,0.7,0.0,,114,99,73,26,73.74,4.32,-8.03,16.68,4.28,0.615,13
"[-299,-200]",HR≥55/EDG≥-/CV≤0.7/μ≥0.0/TP≥50,73.74,,0.7,0.0,50.0,114,99,73,26,73.74,4.32,-8.03,16.68,4.28,0.615,13
"[-299,-200]",HR≥55/EDG≥-/CV≤0.7/μ≥0.0/TP≥55,73.74,,0.7,0.0,55.0,114,99,73,26,73.74,4.32,-8.03,16.68,4.28,0.615,13
"[-299,-200]",HR≥55/EDG≥-/CV≤0.7/μ≥0.0/TP≥60,73.47,,0.7,0.0,60.0,113,98,72,26,73.47,3.86,-8.59,16.3,3.78,0.615,13
"[-299,-200]",HR≥55/EDG≥-/CV≤0.7/μ≥0.0/TP≥65,74.19,,0.7,0.0,65.0,108,93,69,24,74.19,4.83,-7.83,17.49,4.49,0.615,13
"[-299,-200]",HR≥55/EDG≥-/CV≤0.7/μ≥0.5/TP≥-,73.61,,0.7,0.5,,85,72,53,19,73.61,3.72,-10.75,18.19,2.675,0.615,13
"[-299,-200]",HR≥55/EDG≥-/CV≤0.7/μ≥0.5/TP≥50,73.61,,0.7,0.5,50.0,85,72,53,19,73.61,3.72,-10.75,18.19,2.675,0.615,13
"[-299,-200]",HR≥55/EDG≥-/CV≤0.7/μ≥0.5/TP≥55,73.61,,0.7,0.5,55.0,85,72,53,19,73.61,3.72,-10.75,18.19,2.675,0.615,13
"[-299,-200]",HR≥55/EDG≥-/CV≤0.7/μ≥0.5/TP≥60,73.61,,0.7,0.5,60.0,85,72,53,19,73.61,3.72,-10.75,18.19,2.675,0.615,13
"[-299,-200]",HR≥55/EDG≥-/CV≤0.7/μ≥0.5/TP≥65,73.61,,0.7,0.5,65.0,85,72,53,19,73.61,3.72,-10.75,18.19,2.675,0.615,13
"[-299,-200]",HR≥55/EDG≥-/CV≤0.7/μ≥1.0/TP≥-,68.42,,0.7,1.0,,44,38,26,12,68.42,-3.39,-24.57,17.8,-1.287,0.636,11
"[-299,-200]",HR≥55/EDG≥-/CV≤0.7/μ≥1.0/TP≥50,68.42,,0.7,1.0,50.0,44,38,26,12,68.42,-3.39,-24.57,17.8,-1.287,0.636,11
"[-299,-200]",HR≥55/EDG≥-/CV≤0.7/μ≥1.0/TP≥55,68.42,,0.7,1.0,55.0,44,38,26,12,68.42,-3.39,-24.57,17.8,-1.287,0.636,11
"[-299,-200]",HR≥55/EDG≥-/CV≤0.7/μ≥1.0/TP≥60,68.42,,0.7,1.0,60.0,44,38,26,12,68.42,-3.39,-24.57,17.8,-1.287,0.636,11
"[-299,-200]",HR≥55/EDG≥-/CV≤0.7/μ≥1.0/TP≥65,68.42,,0.7,1.0,65.0,44,38,26,12,68.42,-3.39,-24.57,17.8,-1.287,0.636,11
"[-299,-200]",HR≥55/EDG≥-5.0/CV≤-/μ≥-/TP≥-,71.52,-5.0,,,,355,302,216,86,71.52,1.46,-5.79,8.71,4.404,0.538,13
"[-299,-200]",HR≥55/EDG≥-5.0/CV≤-/μ≥-/TP≥50,71.52,-5.0,,,50.0,355,302,216,86,71.52,1.46,-5.79,8.71,4.404,0.538,13
"[-299,-200]",HR≥55/EDG≥-5.0/CV≤-/μ≥-/TP≥55,71.52,-5.0,,,55.0,355,302,216,86,71.52,1.46,-5.79,8.71,4.404,0.538,13
"[-299,-200]",HR≥55/EDG≥-5.0/CV≤-/μ≥-/TP≥60,71.52,-5.0,,,60.0,355,302,216,86,71.52,1.46,-5.79,8.71,4.404,0.538,13
"[-299,-200]",HR≥55/EDG≥-5.0/CV≤-/μ≥-/TP≥65,72.39,-5.0,,,65.0,350,297,215,82,72.39,2.68,-4.56,9.92,7.954,0.615,13
"[-299,-200]",HR≥55/EDG≥-5.0/CV≤-/μ≥0.0/TP≥-,71.52,-5.0,,0.0,,355,302,216,86,71.52,1.46,-5.79,8.71,4.404,0.538,13
"[-299,-200]",HR≥55/EDG≥-5.0/CV≤-/μ≥0.0/TP≥50,71.52,-5.0,,0.0,50.0,355,302,216,86,71.52,1.46,-5.79,8.71,4.404,0.538,13
"[-299,-200]",HR≥55/EDG≥-5.0/CV≤-/μ≥0.0/TP≥55,71.52,-5.0,,0.0,55.0,355,302,216,86,71.52,1.46,-5.79,8.71,4.404,0.538,13
"[-299,-200]",HR≥55/EDG≥-5.0/CV≤-/μ≥0.0/TP≥60,71.52,-5.0,,0.0,60.0,355,302,216,86,71.52,1.46,-5.79,8.71,4.404,0.538,13
"[-299,-200]",HR≥55/EDG≥-5.0/CV≤-/μ≥0.0/TP≥65,72.39,-5.0,,0.0,65.0,350,297,215,82,72.39,2.68,-4.56,9.92,7.954,0.615,13
"[-299,-200]",HR≥55/EDG≥-5.0/CV≤-/μ≥0.5/TP≥-,72.2,-5.0,,0.5,,287,241,174,67,72.2,2.16,-5.88,10.19,5.199,0.615,13
"[-299,-200]",HR≥55/EDG≥-5.0/CV≤-/μ≥0.5/TP≥50,72.2,-5.0,,0.5,50.0,287,241,174,67,72.2,2.16,-5.88,10.19,5.199,0.615,13
"[-299,-200]",HR≥55/EDG≥-5.0/CV≤-/μ≥0.5/TP≥55,72.2,-5.0,,0.5,55.0,287,241,174,67,72.2,2.16,-5.88,10.19,5.199,0.615,13
"[-299,-200]",HR≥55/EDG≥-5.0/CV≤-/μ≥0.5/TP≥60,72.2,-5.0,,0.5,60.0,287,241,174,67,72.2,2.16,-5.88,10.19,5.199,0.615,13
"[-299,-200]",HR≥55/EDG≥-5.0/CV≤-/μ≥0.5/TP≥65,72.5,-5.0,,0.5,65.0,286,240,174,66,72.5,2.58,-5.44,10.61,6.199,0.615,13
"[-299,-200]",HR≥55/EDG≥-5.0/CV≤-/μ≥1.0/TP≥-,70.83,-5.0,,1.0,,143,120,85,35,70.83,0.08,-11.48,11.65,0.101,0.462,13
"[-299,-200]",HR≥55/EDG≥-5.0/CV≤-/μ≥1.0/TP≥50,70.83,-5.0,,1.0,50.0,143,120,85,35,70.83,0.08,-11.48,11.65,0.101,0.462,13
"[-299,-200]",HR≥55/EDG≥-5.0/CV≤-/μ≥1.0/TP≥55,70.83,-5.0,,1.0,55.0,143,120,85,35,70.83,0.08,-11.48,11.65,0.101,0.462,13
"[-299,-200]",HR≥55/EDG≥-5.0/CV≤-/μ≥1.0/TP≥60,70.83,-5.0,,1.0,60.0,143,120,85,35,70.83,0.08,-11.48,11.65,0.101,0.462,13
"[-299,-200]",HR≥55/EDG≥-5.0/CV≤-/μ≥1.0/TP≥65,70.83,-5.0,,1.0,65.0,143,120,85,35,70.83,0.08,-11.48,11.65,0.101,0.462,13
"[-299,-200]",HR≥55/EDG≥-5.0/CV≤0.7/μ≥-/TP≥-,75.28,-5.0,0.7,,,103,89,67,22,75.28,6.47,-6.3,19.25,5.763,0.692,13
"[-299,-200]",HR≥55/EDG≥-5.0/CV≤0.7/μ≥-/TP≥50,75.28,-5.0,0.7,,50.0,103,89,67,22,75.28,6.47,-6.3,19.25,5.763,0.692,13
"[-299,-200]",HR≥55/EDG≥-5.0/CV≤0.7/μ≥-/TP≥55,75.28,-5.0,0.7,,55.0,103,89,67,22,75.28,6.47,-6.3,19.25,5.763,0.692,13
"[-299,-200]",HR≥55/EDG≥-5.0/CV≤0.7/μ≥-/TP≥60,75.28,-5.0,0.7,,60.0,103,89,67,22,75.28,6.47,-6.3,19.25,5.763,0.692,13
"[-299,-200]",HR≥55/EDG≥-5.0/CV≤0.7/μ≥-/TP≥65,75.28,-5.0,0.7,,65.0,103,89,67,22,75.28,6.47,-6.3,19.25,5.763,0.692,13
"[-299,-200]",HR≥55/EDG≥-5.0/CV≤0.7/μ≥0.0/TP≥-,75.28,-5.0,0.7,0.0,,103,89,67,22,75.28,6.47,-6.3,19.25,5.763,0.692,13
"[-299,-200]",HR≥55/EDG≥-5.0/CV≤0.7/μ≥0.0/TP≥50,75.28,-5.0,0.7,0.0,50.0,103,89,67,22,75.28,6.47,-6.3,19.25,5.763,0.692,13
"[-299,-200]",HR≥55/EDG≥-5.0/CV≤0.7/μ≥0.0/TP≥55,75.28,-5.0,0.7,0.0,55.0,103,89,67,22,75.28,6.47,-6.3,19.25,5.763,0.692,13
"[-299,-200]",HR≥55/EDG≥-5.0/CV≤0.7/μ≥0.0/TP≥60,75.28,-5.0,0.7,0.0,60.0,103,89,67,22,75.28,6.47,-6.3,19.25,5.763,0.692,13
"[-299,-200]",HR≥55/EDG≥-5.0/CV≤0.7/μ≥0.0/TP≥65,75.28,-5.0,0.7,0.0,65.0,103,89,67,22,75.28,6.47,-6.3,19.25,5.763,0.692,13
"[-299,-200]",HR≥55/EDG≥-5.0/CV≤0.7/μ≥0.5/TP≥-,73.61,-5.0,0.7,0.5,,85,72,53,19,73.61,3.72,-10.75,18.19,2.675,0.615,13
"[-299,-200]",HR≥55/EDG≥-5.0/CV≤0.7/μ≥0.5/TP≥50,73.61,-5.0,0.7,0.5,50.0,85,72,53,19,73.61,3.72,-10.75,18.19,2.675,0.615,13
"[-299,-200]",HR≥55/EDG≥-5.0/CV≤0.7/μ≥0.5/TP≥55,73.61,-5.0,0.7,0.5,55.0,85,72,53,19,73.61,3.72,-10.75,18.19,2.675,0.615,13
"[-299,-200]",HR≥55/EDG≥-5.0/CV≤0.7/μ≥0.5/TP≥60,73.61,-5.0,0.7,0.5,60.0,85,72,53,19,73.61,3.72,-10.75,18.19,2.675,0.615,13
"[-299,-200]",HR≥55/EDG≥-5.0/CV≤0.7/μ≥0.5/TP≥65,73.61,-5.0,0.7,0.5,65.0,85,72,53,19,73.61,3.72,-10.75,18.19,2.675,0.615,13
"[-299,-200]",HR≥55/EDG≥-5.0/CV≤0.7/μ≥1.0/TP≥-,68.42,-5.0,0.7,1.0,,44,38,26,12,68.42,-3.39,-24.57,17.8,-1.287,0.636,11
"[-299,-200]",HR≥55/EDG≥-5.0/CV≤0.7/μ≥1.0/TP≥50,68.42,-5.0,0.7,1.0,50.0,44,38,26,12,68.42,-3.39,-24.57,17.8,-1.287,0.636,11
"[-299,-200]",HR≥55/EDG≥-5.0/CV≤0.7/μ≥1.0/TP≥55,68.42,-5.0,0.7,1.0,55.0,44,38,26,12,68.42,-3.39,-24.57,17.8,-1.287,0.636,11
"[-299,-200]",HR≥55/EDG≥-5.0/CV≤0.7/μ≥1.0/TP≥60,68.42,-5.0,0.7,1.0,60.0,44,38,26,12,68.42,-3.39,-24.57,17.8,-1.287,0.636,11
"[-299,-200]",HR≥55/EDG≥-5.0/CV≤0.7/μ≥1.0/TP≥65,68.42,-5.0,0.7,1.0,65.0,44,38,26,12,68.42,-3.39,-24.57,17.8,-1.287,0.636,11
"[-299,-200]",HR≥55/EDG≥0.0/CV≤-/μ≥-/TP≥-,72.8,0.0,,,,308,261,190,71,72.8,3.41,-4.29,11.11,8.91,0.615,13
"[-299,-200]",HR≥55/EDG≥0.0/CV≤-/μ≥-/TP≥50,72.8,0.0,,,50.0,308,261,190,71,72.8,3.41,-4.29,11.11,8.91,0.615,13
"[-299,-200]",HR≥55/EDG≥0.0/CV≤-/μ≥-/TP≥55,72.8,0.0,,,55.0,308,261,190,71,72.8,3.41,-4.29,11.11,8.91,0.615,13
"[-299,-200]",HR≥55/EDG≥0.0/CV≤-/μ≥-/TP≥60,72.8,0.0,,,60.0,308,261,190,71,72.8,3.41,-4.29,11.11,8.91,0.615,13
"[-299,-200]",HR≥55/EDG≥0.0/CV≤-/μ≥-/TP≥65,72.8,0.0,,,65.0,308,261,190,71,72.8,3.41,-4.29,11.11,8.91,0.615,13
"[-299,-200]",HR≥55/EDG≥0.0/CV≤-/μ≥0.0/TP≥-,72.8,0.0,,0.0,,308,261,190,71,72.8,3.41,-4.29,11.11,8.91,0.615,13
"[-299,-200]",HR≥55/EDG≥0.0/CV≤-/μ≥0.0/TP≥50,72.8,0.0,,0.0,50.0,308,261,190,71,72.8,3.41,-4.29,11.11,8.91,0.615,13
"[-299,-200]",HR≥55/EDG≥0.0/CV≤-/μ≥0.0/TP≥55,72.8,0.0,,0.0,55.0,308,261,190,71,72.8,3.41,-4.29,11.11,8.91,0.615,13
"[-299,-200]",HR≥55/EDG≥0.0/CV≤-/μ≥0.0/TP≥60,72.8,0.0,,0.0,60.0,308,261,190,71,72.8,3.41,-4.29,11.11,8.91,0.615,13
"[-299,-200]",HR≥55/EDG≥0.0/CV≤-/μ≥0.0/TP≥65,72.8,0.0,,0.0,65.0,308,261,190,71,72.8,3.41,-4.29,11.11,8.91,0.615,13
"[-299,-200]",HR≥55/EDG≥0.0/CV≤-/μ≥0.5/TP≥-,72.22,0.0,,0.5,,278,234,169,65,72.22,2.28,-5.88,10.44,5.332,0.538,13
"[-299,-200]",HR≥55/EDG≥0.0/CV≤-/μ≥0.5/TP≥50,72.22,0.0,,0.5,50.0,278,234,169,65,72.22,2.28,-5.88,10.44,5.332,0.538,13
"[-299,-200]",HR≥55/EDG≥0.0/CV≤-/μ≥0.5/TP≥55,72.22,0.0,,0.5,55.0,278,234,169,65,72.22,2.28,-5.88,10.44,5.332,0.538,13
"[-299,-200]",HR≥55/EDG≥0.0/CV≤-/μ≥0.5/TP≥60,72.22,0.0,,0.5,60.0,278,234,169,65,72.22,2.28,-5.88,10.44,5.332,0.538,13
"[-299,-200]",HR≥55/EDG≥0.0/CV≤-/μ≥0.5/TP≥65,72.22,0.0,,0.5,65.0,278,234,169,65,72.22,2.28,-5.88,10.44,5.332,0.538,13
"[-299,-200]",HR≥55/EDG≥0.0/CV≤-/μ≥1.0/TP≥-,70.83,0.0,,1.0,,143,120,85,35,70.83,0.08,-11.48,11.65,0.101,0.462,13
"[-299,-200]",HR≥55/EDG≥0.0/CV≤-/μ≥1.0/TP≥50,70.83,0.0,,1.0,50.0,143,120,85,35,70.83,0.08,-11.48,11.65,0.101,0.462,13
"[-299,-200]",HR≥55/EDG≥0.0/CV≤-/μ≥1.0/TP≥55,70.83,0.0,,1.0,55.0,143,120,85,35,70.83,0.08,-11.48,11.65,0.101,0.462,13
"[-299,-200]",HR≥55/EDG≥0.0/CV≤-/μ≥1.0/TP≥60,70.83,0.0,,1.0,60.0,143,120,85,35,70.83,0.08,-11.48,11.65,0.101,0.462,13
"[-299,-200]",HR≥55/EDG≥0.0/CV≤-/μ≥1.0/TP≥65,70.83,0.0,,1.0,65.0,143,120,85,35,70.83,0.08,-11.48,11.65,0.101,0.462,13
"[-299,-200]",HR≥55/EDG≥0.0/CV≤0.7/μ≥-/TP≥-,75.0,0.0,0.7,,,94,80,60,20,75.0,6.11,-7.43,19.65,4.887,0.692,13
"[-299,-200]",HR≥55/EDG≥0.0/CV≤0.7/μ≥-/TP≥50,75.0,0.0,0.7,,50.0,94,80,60,20,75.0,6.11,-7.43,19.65,4.887,0.692,13
"[-299,-200]",HR≥55/EDG≥0.0/CV≤0.7/μ≥-/TP≥55,75.0,0.0,0.7,,55.0,94,80,60,20,75.0,6.11,-7.43,19.65,4.887,0.692,13
"[-299,-200]",HR≥55/EDG≥0.0/CV≤0.7/μ≥-/TP≥60,75.0,0.0,0.7,,60.0,94,80,60,20,75.0,6.11,-7.43,19.65,4.887,0.692,13
"[-299,-200]",HR≥55/EDG≥0.0/CV≤0.7/μ≥-/TP≥65,75.0,0.0,0.7,,65.0,94,80,60,20,75.0,6.11,-7.43,19.65,4.887,0.692,13
"[-299,-200]",HR≥55/EDG≥0.0/CV≤0.7/μ≥0.0/TP≥-,75.0,0.0,0.7,0.0,,94,80,60,20,75.0,6.11,-7.43,19.65,4.887,0.692,13
"[-299,-200]",HR≥55/EDG≥0.0/CV≤0.7/μ≥0.0/TP≥50,75.0,0.0,0.7,0.0,50.0,94,80,60,20,75.0,6.11,-7.43,19.65,4.887,0.692,13
"[-299,-200]",HR≥55/EDG≥0.0/CV≤0.7/μ≥0.0/TP≥55,75.0,0.0,0.7,0.0,55.0,94,80,60,20,75.0,6.11,-7.43,19.65,4.887,0.692,13
"[-299,-200]",HR≥55/EDG≥0.0/CV≤0.7/μ≥0.0/TP≥60,75.0,0.0,0.7,0.0,60.0,94,80,60,20,75.0,6.11,-7.43,19.65,4.887,0.692,13
"[-299,-200]",HR≥55/EDG≥0.0/CV≤0.7/μ≥0.0/TP≥65,75.0,0.0,0.7,0.0,65.0,94,80,60,20,75.0,6.11,-7.43,19.65,4.887,0.692,13
"[-299,-200]",HR≥55/EDG≥0.0/CV≤0.7/μ≥0.5/TP≥-,73.61,0.0,0.7,0.5,,85,72,53,19,73.61,3.72,-10.75,18.19,2.675,0.615,13
"[-299,-200]",HR≥55/EDG≥0.0/CV≤0.7/μ≥0.5/TP≥50,73.61,0.0,0.7,0.5,50.0,85,72,53,19,73.61,3.72,-10.75,18.19,2.675,0.615,13
"[-299,-200]",HR≥55/EDG≥0.0/CV≤0.7/μ≥0.5/TP≥55,73.61,0.0,0.7,0.5,55.0,85,72,53,19,73.61,3.72,-10.75,18.19,2.675,0.615,13
"[-299,-200]",HR≥55/EDG≥0.0/CV≤0.7/μ≥0.5/TP≥60,73.61,0.0,0.7,0.5,60.0,85,72,53,19,73.61,3.72,-10.75,18.19,2.675,0.615,13
"[-299,-200]",HR≥55/EDG≥0.0/CV≤0.7/μ≥0.5/TP≥65,73.61,0.0,0.7,0.5,65.0,85,72,53,19,73.61,3.72,-10.75,18.19,2.675,0.615,13
"[-299,-200]",HR≥55/EDG≥0.0/CV≤0.7/μ≥1.0/TP≥-,68.42,0.0,0.7,1.0,,44,38,26,12,68.42,-3.39,-24.57,17.8,-1.287,0.636,11
"[-299,-200]",HR≥55/EDG≥0.0/CV≤0.7/μ≥1.0/TP≥50,68.42,0.0,0.7,1.0,50.0,44,38,26,12,68.42,-3.39,-24.57,17.8,-1.287,0.636,11
"[-299,-200]",HR≥55/EDG≥0.0/CV≤0.7/μ≥1.0/TP≥55,68.42,0.0,0.7,1.0,55.0,44,38,26,12,68.42,-3.39,-24.57,17.8,-1.287,0.636,11
"[-299,-200]",HR≥55/EDG≥0.0/CV≤0.7/μ≥1.0/TP≥60,68.42,0.0,0.7,1.0,60.0,44,38,26,12,68.42,-3.39,-24.57,17.8,-1.287,0.636,11
"[-299,-200]",HR≥55/EDG≥0.0/CV≤0.7/μ≥1.0/TP≥65,68.42,0.0,0.7,1.0,65.0,44,38,26,12,68.42,-3.39,-24.57,17.8,-1.287,0.636,11
"[-299,-200]",HR≥55/EDG≥5.0/CV≤-/μ≥-/TP≥-,72.4,5.0,,,,263,221,160,61,72.4,2.68,-5.71,11.08,5.931,0.538,13
"[-299,-200]",HR≥55/EDG≥5.0/CV≤-/μ≥-/TP≥50,72.4,5.0,,,50.0,263,221,160,61,72.4,2.68,-5.71,11.08,5.931,0.538,13
"[-299,-200]",HR≥55/EDG≥5.0/CV≤-/μ≥-/TP≥55,72.4,5.0,,,55.0,263,221,160,61,72.4,2.68,-5.71,11.08,5.931,0.538,13
"[-299,-200]",HR≥55/EDG≥5.0/CV≤-/μ≥-/TP≥60,72.4,5.0,,,60.0,263,221,160,61,72.4,2.68,-5.71,11.08,5.931,0.538,13
"[-299,-200]",HR≥55/EDG≥5.0/CV≤-/μ≥-/TP≥65,72.4,5.0,,,65.0,263,221,160,61,72.4,2.68,-5.71,11.08,5.931,0.538,13
"[-299,-200]",HR≥55/EDG≥5.0/CV≤-/μ≥0.0/TP≥-,72.4,5.0,,0.0,,263,221,160,61,72.4,2.68,-5.71,11.08,5.931,0.538,13
"[-299,-200]",HR≥55/EDG≥5.0/CV≤-/μ≥0.0/TP≥50,72.4,5.0,,0.0,50.0,263,221,160,61,72.4,2.68,-5.71,11.08,5.931,0.538,13
"[-299,-200]",HR≥55/EDG≥5.0/CV≤-/μ≥0.0/TP≥55,72.4,5.0,,0.0,55.0,263,221,160,61,72.4,2.68,-5.71,11.08,5.931,0.538,13
"[-299,-200]",HR≥55/EDG≥5.0/CV≤-/μ≥0.0/TP≥60,72.4,5.0,,0.0,60.0,263,221,160,61,72.4,2.68,-5.71,11.08,5.931,0.538,13
"[-299,-200]",HR≥55/EDG≥5.0/CV≤-/μ≥0.0/TP≥65,72.4,5.0,,0.0,65.0,263,221,160,61,72.4,2.68,-5.71,11.08,5.931,0.538,13
"[-299,-200]",HR≥55/EDG≥5.0/CV≤-/μ≥0.5/TP≥-,71.7,5.0,,0.5,,253,212,152,60,71.7,1.56,-7.07,10.19,3.31,0.538,13
"[-299,-200]",HR≥55/EDG≥5.0/CV≤-/μ≥0.5/TP≥50,71.7,5.0,,0.5,50.0,253,212,152,60,71.7,1.56,-7.07,10.19,3.31,0.538,13
"[-299,-200]",HR≥55/EDG≥5.0/CV≤-/μ≥0.5/TP≥55,71.7,5.0,,0.5,55.0,253,212,152,60,71.7,1.56,-7.07,10.19,3.31,0.538,13
"[-299,-200]",HR≥55/EDG≥5.0/CV≤-/μ≥0.5/TP≥60,71.7,5.0,,0.5,60.0,253,212,152,60,71.7,1.56,-7.07,10.19,3.31,0.538,13
"[-299,-200]",HR≥55/EDG≥5.0/CV≤-/μ≥0.5/TP≥65,71.7,5.0,,0.5,65.0,253,212,152,60,71.7,1.56,-7.07,10.19,3.31,0.538,13
"[-299,-200]",HR≥55/EDG≥5.0/CV≤-/μ≥1.0/TP≥-,71.43,5.0,,1.0,,142,119,85,34,71.43,0.92,-10.62,12.47,1.101,0.462,13
"[-299,-200]",HR≥55/EDG≥5.0/CV≤-/μ≥1.0/TP≥50,71.43,5.0,,1.0,50.0,142,119,85,34,71.43,0.92,-10.62,12.47,1.101,0.462,13
"[-299,-200]",HR≥55/EDG≥5.0/CV≤-/μ≥1.0/TP≥55,71.43,5.0,,1.0,55.0,142,119,85,34,71.43,0.92,-10.62,12.47,1.101,0.462,13
"[-299,-200]",HR≥55/EDG≥5.0/CV≤-/μ≥1.0/TP≥60,71.43,5.0,,1.0,60.0,142,119,85,34,71.43,0.92,-10.62,12.47,1.101,0.462,13
"[-299,-200]",HR≥55/EDG≥5.0/CV≤-/μ≥1.0/TP≥65,71.43,5.0,,1.0,65.0,142,119,85,34,71.43,0.92,-10.62,12.47,1.101,0.462,13
"[-299,-200]",HR≥55/EDG≥5.0/CV≤0.7/μ≥-/TP≥-,72.97,5.0,0.7,,,86,74,54,20,72.97,3.14,-11.28,17.57,2.327,0.538,13
"[-299,-200]",HR≥55/EDG≥5.0/CV≤0.7/μ≥-/TP≥50,72.97,5.0,0.7,,50.0,86,74,54,20,72.97,3.14,-11.28,17.57,2.327,0.538,13
"[-299,-200]",HR≥55/EDG≥5.0/CV≤0.7/μ≥-/TP≥55,72.97,5.0,0.7,,55.0,86,74,54,20,72.97,3.14,-11.28,17.57,2.327,0.538,13
"[-299,-200]",HR≥55/EDG≥5.0/CV≤0.7/μ≥-/TP≥60,72.97,5.0,0.7,,60.0,86,74,54,20,72.97,3.14,-11.28,17.57,2.327,0.538,13
"[-299,-200]",HR≥55/EDG≥5.0/CV≤0.7/μ≥-/TP≥65,72.97,5.0,0.7,,65.0,86,74,54,20,72.97,3.14,-11.28,17.57,2.327,0.538,13
"[-299,-200]",HR≥55/EDG≥5.0/CV≤0.7/μ≥0.0/TP≥-,72.97,5.0,0.7,0.0,,86,74,54,20,72.97,3.14,-11.28,17.57,2.327,0.538,13
"[-299,-200]",HR≥55/EDG≥5.0/CV≤0.7/μ≥0.0/TP≥50,72.97,5.0,0.7,0.0,50.0,86,74,54,20,72.97,3.14,-11.28,17.57,2.327,0.538,13
"[-299,-200]",HR≥55/EDG≥5.0/CV≤0.7/μ≥0.0/TP≥55,72.97,5.0,0.7,0.0,55.0,86,74,54,20,72.97,3.14,-11.28,17.57,2.327,0.538,13
"[-299,-200]",HR≥55/EDG≥5.0/CV≤0.7/μ≥0.0/TP≥60,72.97,5.0,0.7,0.0,60.0,86,74,54,20,72.97,3.14,-11.28,17.57,2.327,0.538,13
"[-299,-200]",HR≥55/EDG≥5.0/CV≤0.7/μ≥0.0/TP≥65,72.97,5.0,0.7,0.0,65.0,86,74,54,20,72.97,3.14,-11.28,17.57,2.327,0.538,13
"[-299,-200]",HR≥55/EDG≥5.0/CV≤0.7/μ≥0.5/TP≥-,72.46,5.0,0.7,0.5,,81,69,50,19,72.46,2.2,-12.8,17.19,1.515,0.615,13
"[-299,-200]",HR≥55/EDG≥5.0/CV≤0.7/μ≥0.5/TP≥50,72.46,5.0,0.7,0.5,50.0,81,69,50,19,72.46,2.2,-12.8,17.19,1.515,0.615,13
"[-299,-200]",HR≥55/EDG≥5.0/CV≤0.7/μ≥0.5/TP≥55,72.46,5.0,0.7,0.5,55.0,81,69,50,19,72.46,2.2,-12.8,17.19,1.515,0.615,13
"[-299,-200]",HR≥55/EDG≥5.0/CV≤0.7/μ≥0.5/TP≥60,72.46,5.0,0.7,0.5,60.0,81,69,50,19,72.46,2.2,-12.8,17.19,1.515,0.615,13
"[-299,-200]",HR≥55/EDG≥5.0/CV≤0.7/μ≥0.5/TP≥65,72.46,5.0,0.7,0.5,65.0,81,69,50,19,72.46,2.2,-12.8,17.19,1.515,0.615,13
"[-299,-200]",HR≥55/EDG≥5.0/CV≤0.7/μ≥1.0/TP≥-,68.42,5.0,0.7,1.0,,44,38,26,12,68.42,-3.39,-24.57,17.8,-1.287,0.636,11
"[-299,-200]",HR≥55/EDG≥5.0/CV≤0.7/μ≥1.0/TP≥50,68.42,5.0,0.7,1.0,50.0,44,38,26,12,68.42,-3.39,-24.57,17.8,-1.287,0.636,11
"[-299,-200]",HR≥55/EDG≥5.0/CV≤0.7/μ≥1.0/TP≥55,68.42,5.0,0.7,1.0,55.0,44,38,26,12,68.42,-3.39,-24.57,17.8,-1.287,0.636,11
"[-299,-200]",HR≥55/EDG≥5.0/CV≤0.7/μ≥1.0/TP≥60,68.42,5.0,0.7,1.0,60.0,44,38,26,12,68.42,-3.39,-24.57,17.8,-1.287,0.636,11
"[-299,-200]",HR≥55/EDG≥5.0/CV≤0.7/μ≥1.0/TP≥65,68.42,5.0,0.7,1.0,65.0,44,38,26,12,68.42,-3.39,-24.57,17.8,-1.287,0.636,11
"[-299,-200]",HR≥55/EDG≥10.0/CV≤-/μ≥-/TP≥-,71.89,10.0,,,,222,185,133,52,71.89,1.76,-7.46,10.97,3.248,0.615,13
"[-299,-200]",HR≥55/EDG≥10.0/CV≤-/μ≥-/TP≥50,71.89,10.0,,,50.0,222,185,133,52,71.89,1.76,-7.46,10.97,3.248,0.615,13
"[-299,-200]",HR≥55/EDG≥10.0/CV≤-/μ≥-/TP≥55,71.89,10.0,,,55.0,222,185,133,52,71.89,1.76,-7.46,10.97,3.248,0.615,13
"[-299,-200]",HR≥55/EDG≥10.0/CV≤-/μ≥-/TP≥60,71.89,10.0,,,60.0,222,185,133,52,71.89,1.76,-7.46,10.97,3.248,0.615,13
"[-299,-200]",HR≥55/EDG≥10.0/CV≤-/μ≥-/TP≥65,71.89,10.0,,,65.0,222,185,133,52,71.89,1.76,-7.46,10.97,3.248,0.615,13
"[-299,-200]",HR≥55/EDG≥10.0/CV≤-/μ≥0.0/TP≥-,71.89,10.0,,0.0,,222,185,133,52,71.89,1.76,-7.46,10.97,3.248,0.615,13
"[-299,-200]",HR≥55/EDG≥10.0/CV≤-/μ≥0.0/TP≥50,71.89,10.0,,0.0,50.0,222,185,133,52,71.89,1.76,-7.46,10.97,3.248,0.615,13
"[-299,-200]",HR≥55/EDG≥10.0/CV≤-/μ≥0.0/TP≥55,71.89,10.0,,0.0,55.0,222,185,133,52,71.89,1.76,-7.46,10.97,3.248,0.615,13
"[-299,-200]",HR≥55/EDG≥10.0/CV≤-/μ≥0.0/TP≥60,71.89,10.0,,0.0,60.0,222,185,133,52,71.89,1.76,-7.46,10.97,3.248,0.615,13
"[-299,-200]",HR≥55/EDG≥10.0/CV≤-/μ≥0.0/TP≥65,71.89,10.0,,0.0,65.0,222,185,133,52,71.89,1.76,-7.46,10.97,3.248,0.615,13
"[-299,-200]",HR≥55/EDG≥10.0/CV≤-/μ≥0.5/TP≥-,71.74,10.0,,0.5,,221,184,132,52,71.74,1.52,-7.73,10.78,2.804,0.615,13
"[-299,-200]",HR≥55/EDG≥10.0/CV≤-/μ≥0.5/TP≥50,71.74,10.0,,0.5,50.0,221,184,132,52,71.74,1.52,-7.73,10.78,2.804,0.615,13
"[-299,-200]",HR≥55/EDG≥10.0/CV≤-/μ≥0.5/TP≥55,71.74,10.0,,0.5,55.0,221,184,132,52,71.74,1.52,-7.73,10.78,2.804,0.615,13
"[-299,-200]",HR≥55/EDG≥10.0/CV≤-/μ≥0.5/TP≥60,71.74,10.0,,0.5,60.0,221,184,132,52,71.74,1.52,-7.73,10.78,2.804,0.615,13
"[-299,-200]",HR≥55/EDG≥10.0/CV≤-/μ≥0.5/TP≥65,71.74,10.0,,0.5,65.0,221,184,132,52,71.74,1.52,-7.73,10.78,2.804,0.615,13
"[-299,-200]",HR≥55/EDG≥10.0/CV≤-/μ≥1.0/TP≥-,71.19,10.0,,1.0,,140,118,84,34,71.19,0.62,-11.0,12.25,0.737,0.462,13
"[-299,-200]",HR≥55/EDG≥10.0/CV≤-/μ≥1.0/TP≥50,71.19,10.0,,1.0,50.0,140,118,84,34,71.19,0.62,-11.0,12.25,0.737,0.462,13
"[-299,-200]",HR≥55/EDG≥10.0/CV≤-/μ≥1.0/TP≥55,71.19,10.0,,1.0,55.0,140,118,84,34,71.19,0.62,-11.0,12.25,0.737,0.462,13
"[-299,-200]",HR≥55/EDG≥10.0/CV≤-/μ≥1.0/TP≥60,71.19,10.0,,1.0,60.0,140,118,84,34,71.19,0.62,-11.0,12.25,0.737,0.462,13
"[-299,-200]",HR≥55/EDG≥10.0/CV≤-/μ≥1.0/TP≥65,71.19,10.0,,1.0,65.0,140,118,84,34,71.19,0.62,-11.0,12.25,0.737,0.462,13
"[-299,-200]",HR≥55/EDG≥10.0/CV≤0.7/μ≥-/TP≥-,72.13,10.0,0.7,,,72,61,44,17,72.13,1.66,-14.36,17.68,1.012,0.692,13
"[-299,-200]",HR≥55/EDG≥10.0/CV≤0.7/μ≥-/TP≥50,72.13,10.0,0.7,,50.0,72,61,44,17,72.13,1.66,-14.36,17.68,1.012,0.692,13
"[-299,-200]",HR≥55/EDG≥10.0/CV≤0.7/μ≥-/TP≥55,72.13,10.0,0.7,,55.0,72,61,44,17,72.13,1.66,-14.36,17.68,1.012,0.692,13
"[-299,-200]",HR≥55/EDG≥10.0/CV≤0.7/μ≥-/TP≥60,72.13,10.0,0.7,,60.0,72,61,44,17,72.13,1.66,-14.36,17.68,1.012,0.692,13
"[-299,-200]",HR≥55/EDG≥10.0/CV≤0.7/μ≥-/TP≥65,72.13,10.0,0.7,,65.0,72,61,44,17,72.13,1.66,-14.36,17.68,1.012,0.692,13
"[-299,-200]",HR≥55/EDG≥10.0/CV≤0.7/μ≥0.0/TP≥-,72.13,10.0,0.7,0.0,,72,61,44,17,72.13,1.66,-14.36,17.68,1.012,0.692,13
"[-299,-200]",HR≥55/EDG≥10.0/CV≤0.7/μ≥0.0/TP≥50,72.13,10.0,0.7,0.0,50.0,72,61,44,17,72.13,1.66,-14.36,17.68,1.012,0.692,13
"[-299,-200]",HR≥55/EDG≥10.0/CV≤0.7/μ≥0.0/TP≥55,72.13,10.0,0.7,0.0,55.0,72,61,44,17,72.13,1.66,-14.36,17.68,1.012,0.692,13
"[-299,-200]",HR≥55/EDG≥10.0/CV≤0.7/μ≥0.0/TP≥60,72.13,10.0,0.7,0.0,60.0,72,61,44,17,72.13,1.66,-14.36,17.68,1.012,0.692,13
"[-299,-200]",HR≥55/EDG≥10.0/CV≤0.7/μ≥0.0/TP≥65,72.13,10.0,0.7,0.0,65.0,72,61,44,17,72.13,1.66,-14.36,17.68,1.012,0.692,13
"[-299,-200]",HR≥55/EDG≥10.0/CV≤0.7/μ≥0.5/TP≥-,72.13,10.0,0.7,0.5,,72,61,44,17,72.13,1.66,-14.36,17.68,1.012,0.692,13
"[-299,-200]",HR≥55/EDG≥10.0/CV≤0.7/μ≥0.5/TP≥50,72.13,10.0,0.7,0.5,50.0,72,61,44,17,72.13,1.66,-14.36,17.68,1.012,0.692,13
"[-299,-200]",HR≥55/EDG≥10.0/CV≤0.7/μ≥0.5/TP≥55,72.13,10.0,0.7,0.5,55.0,72,61,44,17,72.13,1.66,-14.36,17.68,1.012,0.692,13
"[-299,-200]",HR≥55/EDG≥10.0/CV≤0.7/μ≥0.5/TP≥60,72.13,10.0,0.7,0.5,60.0,72,61,44,17,72.13,1.66,-14.36,17.68,1.012,0.692,13
"[-299,-200]",HR≥55/EDG≥10.0/CV≤0.7/μ≥0.5/TP≥65,72.13,10.0,0.7,0.5,65.0,72,61,44,17,72.13,1.66,-14.36,17.68,1.012,0.692,13
"[-299,-200]",HR≥55/EDG≥10.0/CV≤0.7/μ≥1.0/TP≥-,68.42,10.0,0.7,1.0,,44,38,26,12,68.42,-3.39,-24.57,17.8,-1.287,0.636,11
"[-299,-200]",HR≥55/EDG≥10.0/CV≤0.7/μ≥1.0/TP≥50,68.42,10.0,0.7,1.0,50.0,44,38,26,12,68.42,-3.39,-24.57,17.8,-1.287,0.636,11
"[-299,-200]",HR≥55/EDG≥10.0/CV≤0.7/μ≥1.0/TP≥55,68.42,10.0,0.7,1.0,55.0,44,38,26,12,68.42,-3.39,-24.57,17.8,-1.287,0.636,11
"[-299,-200]",HR≥55/EDG≥10.0/CV≤0.7/μ≥1.0/TP≥60,68.42,10.0,0.7,1.0,60.0,44,38,26,12,68.42,-3.39,-24.57,17.8,-1.287,0.636,11
"[-299,-200]",HR≥55/EDG≥10.0/CV≤0.7/μ≥1.0/TP≥65,68.42,10.0,0.7,1.0,65.0,44,38,26,12,68.42,-3.39,-24.57,17.8,-1.287,0.636,11
"[-299,-200]",HR≥60/EDG≥-/CV≤-/μ≥-/TP≥-,70.06,,,,,386,334,234,100,70.06,-0.66,-7.64,6.33,-2.192,0.462,13
"[-299,-200]",HR≥60/EDG≥-/CV≤-/μ≥-/TP≥50,70.9,,,,50.0,374,323,229,94,70.9,0.5,-6.54,7.55,1.63,0.462,13
"[-299,-200]",HR≥60/EDG≥-/CV≤-/μ≥-/TP≥55,70.53,,,,55.0,370,319,225,94,70.53,-0.01,-7.12,7.11,-0.017,0.462,13
"[-299,-200]",HR≥60/EDG≥-/CV≤-/μ≥-/TP≥60,71.1,,,,60.0,359,308,219,89,71.1,0.71,-6.48,7.91,2.194,0.462,13
"[-299,-200]",HR≥60/EDG≥-/CV≤-/μ≥-/TP≥65,71.43,,,,65.0,337,287,205,82,71.43,1.15,-6.28,8.58,3.313,0.538,13
"[-299,-200]",HR≥60/EDG≥-/CV≤-/μ≥0.0/TP≥-,70.9,,,0.0,,374,323,229,94,70.9,0.5,-6.54,7.55,1.63,0.462,13
"[-299,-200]",HR≥60/EDG≥-/CV≤-/μ≥0.0/TP≥50,70.9,,,0.0,50.0,374,323,229,94,70.9,0.5,-6.54,7.55,1.63,0.462,13
"[-299,-200]",HR≥60/EDG≥-/CV≤-/μ≥0.0/TP≥55,70.53,,,0.0,55.0,370,319,225,94,70.53,-0.01,-7.12,7.11,-0.017,0.462,13
"[-299,-200]",HR≥60/EDG≥-/CV≤-/μ≥0.0/TP≥60,71.1,,,0.0,60.0,359,308,219,89,71.1,0.71,-6.48,7.91,2.194,0.462,13
"[-299,-200]",HR≥60/EDG≥-/CV≤-/μ≥0.0/TP≥65,71.43,,,0.0,65.0,337,287,205,82,71.43,1.15,-6.28,8.58,3.313,0.538,13
"[-299,-200]",HR≥60/EDG≥-/CV≤-/μ≥0.5/TP≥-,73.15,,,0.5,,259,216,158,58,73.15,3.45,-4.95,11.84,7.445,0.769,13
"[-299,-200]",HR≥60/EDG≥-/CV≤-/μ≥0.5/TP≥50,73.15,,,0.5,50.0,259,216,158,58,73.15,3.45,-4.95,11.84,7.445,0.769,13
"[-299,-200]",HR≥60/EDG≥-/CV≤-/μ≥0.5/TP≥55,73.15,,,0.5,55.0,259,216,158,58,73.15,3.45,-4.95,11.84,7.445,0.769,13
"[-299,-200]",HR≥60/EDG≥-/CV≤-/μ≥0.5/TP≥60,73.15,,,0.5,60.0,259,216,158,58,73.15,3.45,-4.95,11.84,7.445,0.769,13
"[-299,-200]",HR≥60/EDG≥-/CV≤-/μ≥0.5/TP≥65,73.15,,,0.5,65.0,259,216,158,58,73.15,3.45,-4.95,11.84,7.445,0.769,13
"[-299,-200]",HR≥60/EDG≥-/CV≤-/μ≥1.0/TP≥-,71.3,,,1.0,,130,108,77,31,71.3,0.67,-11.46,12.8,0.723,0.462,13
"[-299,-200]",HR≥60/EDG≥-/CV≤-/μ≥1.0/TP≥50,71.3,,,1.0,50.0,130,108,77,31,71.3,0.67,-11.46,12.8,0.723,0.462,13
"[-299,-200]",HR≥60/EDG≥-/CV≤-/μ≥1.0/TP≥55,71.3,,,1.0,55.0,130,108,77,31,71.3,0.67,-11.46,12.8,0.723,0.462,13
"[-299,-200]",HR≥60/EDG≥-/CV≤-/μ≥1.0/TP≥60,71.3,,,1.0,60.0,130,108,77,31,71.3,0.67,-11.46,12.8,0.723,0.462,13
"[-299,-200]",HR≥60/EDG≥-/CV≤-/μ≥1.0/TP≥65,71.3,,,1.0,65.0,130,108,77,31,71.3,0.67,-11.46,12.8,0.723,0.462,13
"[-299,-200]",HR≥60/EDG≥-/CV≤0.7/μ≥-/TP≥-,72.92,,0.7,,,110,96,70,26,72.92,3.05,-9.61,15.7,2.926,0.615,13
"[-299,-200]",HR≥60/EDG≥-/CV≤0.7/μ≥-/TP≥50,73.68,,0.7,,50.0,109,95,70,25,73.68,4.13,-8.48,16.74,3.926,0.615,13
"[-299,-200]",HR≥60/EDG≥-/CV≤0.7/μ≥-/TP≥55,73.68,,0.7,,55.0,109,95,70,25,73.68,4.13,-8.48,16.74,3.926,0.615,13
"[-299,-200]",HR≥60/EDG≥-/CV≤0.7/μ≥-/TP≥60,73.4,,0.7,,60.0,108,94,69,25,73.4,3.64,-9.06,16.35,3.426,0.615,13
"[-299,-200]",HR≥60/EDG≥-/CV≤0.7/μ≥-/TP≥65,74.16,,0.7,,65.0,103,89,66,23,74.16,4.65,-8.29,17.58,4.135,0.615,13
"[-299,-200]",HR≥60/EDG≥-/CV≤0.7/μ≥0.0/TP≥-,73.68,,0.7,0.0,,109,95,70,25,73.68,4.13,-8.48,16.74,3.926,0.615,13
"[-299,-200]",HR≥60/EDG≥-/CV≤0.7/μ≥0.0/TP≥50,73.68,,0.7,0.0,50.0,109,95,70,25,73.68,4.13,-8.48,16.74,3.926,0.615,13
"[-299,-200]",HR≥60/EDG≥-/CV≤0.7/μ≥0.0/TP≥55,73.68,,0.7,0.0,55.0,109,95,70,25,73.68,4.13,-8.48,16.74,3.926,0.615,13
"[-299,-200]",HR≥60/EDG≥-/CV≤0.7/μ≥0.0/TP≥60,73.4,,0.7,0.0,60.0,108,94,69,25,73.4,3.64,-9.06,16.35,3.426,0.615,13
"[-299,-200]",HR≥60/EDG≥-/CV≤0.7/μ≥0.0/TP≥65,74.16,,0.7,0.0,65.0,103,89,66,23,74.16,4.65,-8.29,17.58,4.135,0.615,13
"[-299,-200]",HR≥60/EDG≥-/CV≤0.7/μ≥0.5/TP≥-,73.91,,0.7,0.5,,81,69,51,18,73.91,4.09,-10.64,18.81,2.821,0.615,13
"[-299,-200]",HR≥60/EDG≥-/CV≤0.7/μ≥0.5/TP≥50,73.91,,0.7,0.5,50.0,81,69,51,18,73.91,4.09,-10.64,18.81,2.821,0.615,13
"[-299,-200]",HR≥60/EDG≥-/CV≤0.7/μ≥0.5/TP≥55,73.91,,0.7,0.5,55.0,81,69,51,18,73.91,4.09,-10.64,18.81,2.821,0.615,13
"[-299,-200]",HR≥60/EDG≥-/CV≤0.7/μ≥0.5/TP≥60,73.91,,0.7,0.5,60.0,81,69,51,18,73.91,4.09,-10.64,18.81,2.821,0.615,13
"[-299,-200]",HR≥60/EDG≥-/CV≤0.7/μ≥0.5/TP≥65,73.91,,0.7,0.5,65.0,81,69,51,18,73.91,4.09,-10.64,18.81,2.821,0.615,13
"[-299,-200]",HR≥60/EDG≥-/CV≤0.7/μ≥1.0/TP≥-,68.57,,0.7,1.0,,40,35,24,11,68.57,-3.26,-25.32,18.79,-1.141,0.636,11
"[-299,-200]",HR≥60/EDG≥-/CV≤0.7/μ≥1.0/TP≥50,68.57,,0.7,1.0,50.0,40,35,24,11,68.57,-3.26,-25.32,18.79,-1.141,0.636,11
"[-299,-200]",HR≥60/EDG≥-/CV≤0.7/μ≥1.0/TP≥55,68.57,,0.7,1.0,55.0,40,35,24,11,68.57,-3.26,-25.32,18.79,-1.141,0.636,11
"[-299,-200]",HR≥60/EDG≥-/CV≤0.7/μ≥1.0/TP≥60,68.57,,0.7,1.0,60.0,40,35,24,11,68.57,-3.26,-25.32,18.79,-1.141,0.636,11
"[-299,-200]",HR≥60/EDG≥-/CV≤0.7/μ≥1.0/TP≥65,68.57,,0.7,1.0,65.0,40,35,24,11,68.57,-3.26,-25.32,18.79,-1.141,0.636,11
"[-299,-200]",HR≥60/EDG≥-5.0/CV≤-/μ≥-/TP≥-,72.26,-5.0,,,,323,274,198,76,72.26,2.45,-5.1,9.99,6.708,0.615,13
"[-299,-200]",HR≥60/EDG≥-5.0/CV≤-/μ≥-/TP≥50,72.26,-5.0,,,50.0,323,274,198,76,72.26,2.45,-5.1,9.99,6.708,0.615,13
"[-299,-200]",HR≥60/EDG≥-5.0/CV≤-/μ≥-/TP≥55,72.26,-5.0,,,55.0,323,274,198,76,72.26,2.45,-5.1,9.99,6.708,0.615,13
"[-299,-200]",HR≥60/EDG≥-5.0/CV≤-/μ≥-/TP≥60,72.26,-5.0,,,60.0,323,274,198,76,72.26,2.45,-5.1,9.99,6.708,0.615,13
"[-299,-200]",HR≥60/EDG≥-5.0/CV≤-/μ≥-/TP≥65,72.96,-5.0,,,65.0,319,270,197,73,72.96,3.43,-4.11,10.97,9.257,0.615,13
"[-299,-200]",HR≥60/EDG≥-5.0/CV≤-/μ≥0.0/TP≥-,72.26,-5.0,,0.0,,323,274,198,76,72.26,2.45,-5.1,9.99,6.708,0.615,13
"[-299,-200]",HR≥60/EDG≥-5.0/CV≤-/μ≥0.0/TP≥50,72.26,-5.0,,0.0,50.0,323,274,198,76,72.26,2.45,-5.1,9.99,6.708,0.615,13
"[-299,-200]",HR≥60/EDG≥-5.0/CV≤-/μ≥0.0/TP≥55,72.26,-5.0,,0.0,55.0,323,274,198,76,72.26,2.45,-5.1,9.99,6.708,0.615,13
"[-299,-200]",HR≥60/EDG≥-5.0/CV≤-/μ≥0.0/TP≥60,72.26,-5.0,,0.0,60.0,323,274,198,76,72.26,2.45,-5.1,9.99,6.708,0.615,13
"[-299,-200]",HR≥60/EDG≥-5.0/CV≤-/μ≥0.0/TP≥65,72.96,-5.0,,0.0,65.0,319,270,197,73,72.96,3.43,-4.11,10.97,9.257,0.615,13
"[-299,-200]",HR≥60/EDG≥-5.0/CV≤-/μ≥0.5/TP≥-,73.15,-5.0,,0.5,,259,216,158,58,73.15,3.45,-4.95,11.84,7.445,0.769,13
"[-299,-200]",HR≥60/EDG≥-5.0/CV≤-/μ≥0.5/TP≥50,73.15,-5.0,,0.5,50.0,259,216,158,58,73.15,3.45,-4.95,11.84,7.445,0.769,13
"[-299,-200]",HR≥60/EDG≥-5.0/CV≤-/μ≥0.5/TP≥55,73.15,-5.0,,0.5,55.0,259,216,158,58,73.15,3.45,-4.95,11.84,7.445,0.769,13
"[-299,-200]",HR≥60/EDG≥-5.0/CV≤-/μ≥0.5/TP≥60,73.15,-5.0,,0.5,60.0,259,216,158,58,73.15,3.45,-4.95,11.84,7.445,0.769,13
"[-299,-200]",HR≥60/EDG≥-5.0/CV≤-/μ≥0.5/TP≥65,73.15,-5.0,,0.5,65.0,259,216,158,58,73.15,3.45,-4.95,11.84,7.445,0.769,13
"[-299,-200]",HR≥60/EDG≥-5.0/CV≤-/μ≥1.0/TP≥-,71.3,-5.0,,1.0,,130,108,77,31,71.3,0.67,-11.46,12.8,0.723,0.462,13
"[-299,-200]",HR≥60/EDG≥-5.0/CV≤-/μ≥1.0/TP≥50,71.3,-5.0,,1.0,50.0,130,108,77,31,71.3,0.67,-11.46,12.8,0.723,0.462,13
"[-299,-200]",HR≥60/EDG≥-5.0/CV≤-/μ≥1.0/TP≥55,71.3,-5.0,,1.0,55.0,130,108,77,31,71.3,0.67,-11.46,12.8,0.723,0.462,13
"[-299,-200]",HR≥60/EDG≥-5.0/CV≤-/μ≥1.0/TP≥60,71.3,-5.0,,1.0,60.0,130,108,77,31,71.3,0.67,-11.46,12.8,0.723,0.462,13
"[-299,-200]",HR≥60/EDG≥-5.0/CV≤-/μ≥1.0/TP≥65,71.3,-5.0,,1.0,65.0,130,108,77,31,71.3,0.67,-11.46,12.8,0.723,0.462,13
"[-299,-200]",HR≥60/EDG≥-5.0/CV≤0.7/μ≥-/TP≥-,75.29,-5.0,0.7,,,98,85,64,21,75.29,6.36,-6.7,19.42,5.408,0.692,13
"[-299,-200]",HR≥60/EDG≥-5.0/CV≤0.7/μ≥-/TP≥50,75.29,-5.0,0.7,,50.0,98,85,64,21,75.29,6.36,-6.7,19.42,5.408,0.692,13
"[-299,-200]",HR≥60/EDG≥-5.0/CV≤0.7/μ≥-/TP≥55,75.29,-5.0,0.7,,55.0,98,85,64,21,75.29,6.36,-6.7,19.42,5.408,0.692,13
"[-299,-200]",HR≥60/EDG≥-5.0/CV≤0.7/μ≥-/TP≥60,75.29,-5.0,0.7,,60.0,98,85,64,21,75.29,6.36,-6.7,19.42,5.408,0.692,13
"[-299,-200]",HR≥60/EDG≥-5.0/CV≤0.7/μ≥-/TP≥65,75.29,-5.0,0.7,,65.0,98,85,64,21,75.29,6.36,-6.7,19.42,5.408,0.692,13
"[-299,-200]",HR≥60/EDG≥-5.0/CV≤0.7/μ≥0.0/TP≥-,75.29,-5.0,0.7,0.0,,98,85,64,21,75.29,6.36,-6.7,19.42,5.408,0.692,13
"[-299,-200]",HR≥60/EDG≥-5.0/CV≤0.7/μ≥0.0/TP≥50,75.29,-5.0,0.7,0.0,50.0,98,85,64,21,75.29,6.36,-6.7,19.42,5.408,0.692,13
"[-299,-200]",HR≥60/EDG≥-5.0/CV≤0.7/μ≥0.0/TP≥55,75.29,-5.0,0.7,0.0,55.0,98,85,64,21,75.29,6.36,-6.7,19.42,5.408,0.692,13
"[-299,-200]",HR≥60/EDG≥-5.0/CV≤0.7/μ≥0.0/TP≥60,75.29,-5.0,0.7,0.0,60.0,98,85,64,21,75.29,6.36,-6.7,19.42,5.408,0.692,13
"[-299,-200]",HR≥60/EDG≥-5.0/CV≤0.7/μ≥0.0/TP≥65,75.29,-5.0,0.7,0.0,65.0,98,85,64,21,75.29,6.36,-6.7,19.42,5.408,0.692,13
"[-299,-200]",HR≥60/EDG≥-5.0/CV≤0.7/μ≥0.5/TP≥-,73.91,-5.0,0.7,0.5,,81,69,51,18,73.91,4.09,-10.64,18.81,2.821,0.615,13
"[-299,-200]",HR≥60/EDG≥-5.0/CV≤0.7/μ≥0.5/TP≥50,73.91,-5.0,0.7,0.5,50.0,81,69,51,18,73.91,4.09,-10.64,18.81,2.821,0.615,13
"[-299,-200]",HR≥60/EDG≥-5.0/CV≤0.7/μ≥0.5/TP≥55,73.91,-5.0,0.7,0.5,55.0,81,69,51,18,73.91,4.09,-10.64,18.81,2.821,0.615,13
"[-299,-200]",HR≥60/EDG≥-5.0/CV≤0.7/μ≥0.5/TP≥60,73.91,-5.0,0.7,0.5,60.0,81,69,51,18,73.91,4.09,-10.64,18.81,2.821,0.615,13
"[-299,-200]",HR≥60/EDG≥-5.0/CV≤0.7/μ≥0.5/TP≥65,73.91,-5.0,0.7,0.5,65.0,81,69,51,18,73.91,4.09,-10.64,18.81,2.821,0.615,13
"[-299,-200]",HR≥60/EDG≥-5.0/CV≤0.7/μ≥1.0/TP≥-,68.57,-5.0,0.7,1.0,,40,35,24,11,68.57,-3.26,-25.32,18.79,-1.141,0.636,11
"[-299,-200]",HR≥60/EDG≥-5.0/CV≤0.7/μ≥1.0/TP≥50,68.57,-5.0,0.7,1.0,50.0,40,35,24,11,68.57,-3.26,-25.32,18.79,-1.141,0.636,11
"[-299,-200]",HR≥60/EDG≥-5.0/CV≤0.7/μ≥1.0/TP≥55,68.57,-5.0,0.7,1.0,55.0,40,35,24,11,68.57,-3.26,-25.32,18.79,-1.141,0.636,11
"[-299,-200]",HR≥60/EDG≥-5.0/CV≤0.7/μ≥1.0/TP≥60,68.57,-5.0,0.7,1.0,60.0,40,35,24,11,68.57,-3.26,-25.32,18.79,-1.141,0.636,11
"[-299,-200]",HR≥60/EDG≥-5.0/CV≤0.7/μ≥1.0/TP≥65,68.57,-5.0,0.7,1.0,65.0,40,35,24,11,68.57,-3.26,-25.32,18.79,-1.141,0.636,11
"[-299,-200]",HR≥60/EDG≥0.0/CV≤-/μ≥-/TP≥-,73.53,0.0,,,,282,238,175,63,73.53,4.37,-3.62,12.36,10.391,0.769,13
"[-299,-200]",HR≥60/EDG≥0.0/CV≤-/μ≥-/TP≥50,73.53,0.0,,,50.0,282,238,175,63,73.53,4.37,-3.62,12.36,10.391,0.769,13
"[-299,-200]",HR≥60/EDG≥0.0/CV≤-/μ≥-/TP≥55,73.53,0.0,,,55.0,282,238,175,63,73.53,4.37,-3.62,12.36,10.391,0.769,13
"[-299,-200]",HR≥60/EDG≥0.0/CV≤-/μ≥-/TP≥60,73.53,0.0,,,60.0,282,238,175,63,73.53,4.37,-3.62,12.36,10.391,0.769,13
"[-299,-200]",HR≥60/EDG≥0.0/CV≤-/μ≥-/TP≥65,73.53,0.0,,,65.0,282,238,175,63,73.53,4.37,-3.62,12.36,10.391,0.769,13
"[-299,-200]",HR≥60/EDG≥0.0/CV≤-/μ≥0.0/TP≥-,73.53,0.0,,0.0,,282,238,175,63,73.53,4.37,-3.62,12.36,10.391,0.769,13
"[-299,-200]",HR≥60/EDG≥0.0/CV≤-/μ≥0.0/TP≥50,73.53,0.0,,0.0,50.0,282,238,175,63,73.53,4.37,-3.62,12.36,10.391,0.769,13
"[-299,-200]",HR≥60/EDG≥0.0/CV≤-/μ≥0.0/TP≥55,73.53,0.0,,0.0,55.0,282,238,175,63,73.53,4.37,-3.62,12.36,10.391,0.769,13
"[-299,-200]",HR≥60/EDG≥0.0/CV≤-/μ≥0.0/TP≥60,73.53,0.0,,0.0,60.0,282,238,175,63,73.53,4.37,-3.62,12.36,10.391,0.769,13
"[-299,-200]",HR≥60/EDG≥0.0/CV≤-/μ≥0.0/TP≥65,73.53,0.0,,0.0,65.0,282,238,175,63,73.53,4.37,-3.62,12.36,10.391,0.769,13
"[-299,-200]",HR≥60/EDG≥0.0/CV≤-/μ≥0.5/TP≥-,73.11,0.0,,0.5,,254,212,155,57,73.11,3.45,-5.03,11.93,7.312,0.692,13
"[-299,-200]",HR≥60/EDG≥0.0/CV≤-/μ≥0.5/TP≥50,73.11,0.0,,0.5,50.0,254,212,155,57,73.11,3.45,-5.03,11.93,7.312,0.692,13
"[-299,-200]",HR≥60/EDG≥0.0/CV≤-/μ≥0.5/TP≥55,73.11,0.0,,0.5,55.0,254,212,155,57,73.11,3.45,-5.03,11.93,7.312,0.692,13
"[-299,-200]",HR≥60/EDG≥0.0/CV≤-/μ≥0.5/TP≥60,73.11,0.0,,0.5,60.0,254,212,155,57,73.11,3.45,-5.03,11.93,7.312,0.692,13
"[-299,-200]",HR≥60/EDG≥0.0/CV≤-/μ≥0.5/TP≥65,73.11,0.0,,0.5,65.0,254,212,155,57,73.11,3.45,-5.03,11.93,7.312,0.692,13
"[-299,-200]",HR≥60/EDG≥0.0/CV≤-/μ≥1.0/TP≥-,71.3,0.0,,1.0,,130,108,77,31,71.3,0.67,-11.46,12.8,0.723,0.462,13
"[-299,-200]",HR≥60/EDG≥0.0/CV≤-/μ≥1.0/TP≥50,71.3,0.0,,1.0,50.0,130,108,77,31,71.3,0.67,-11.46,12.8,0.723,0.462,13
"[-299,-200]",HR≥60/EDG≥0.0/CV≤-/μ≥1.0/TP≥55,71.3,0.0,,1.0,55.0,130,108,77,31,71.3,0.67,-11.46,12.8,0.723,0.462,13
"[-299,-200]",HR≥60/EDG≥0.0/CV≤-/μ≥1.0/TP≥60,71.3,0.0,,1.0,60.0,130,108,77,31,71.3,0.67,-11.46,12.8,0.723,0.462,13
"[-299,-200]",HR≥60/EDG≥0.0/CV≤-/μ≥1.0/TP≥65,71.3,0.0,,1.0,65.0,130,108,77,31,71.3,0.67,-11.46,12.8,0.723,0.462,13
"[-299,-200]",HR≥60/EDG≥0.0/CV≤0.7/μ≥-/TP≥-,75.0,0.0,0.7,,,89,76,57,19,75.0,5.96,-7.91,19.84,4.533,0.692,13
"[-299,-200]",HR≥60/EDG≥0.0/CV≤0.7/μ≥-/TP≥50,75.0,0.0,0.7,,50.0,89,76,57,19,75.0,5.96,-7.91,19.84,4.533,0.692,13
"[-299,-200]",HR≥60/EDG≥0.0/CV≤0.7/μ≥-/TP≥55,75.0,0.0,0.7,,55.0,89,76,57,19,75.0,5.96,-7.91,19.84,4.533,0.692,13
"[-299,-200]",HR≥60/EDG≥0.0/CV≤0.7/μ≥-/TP≥60,75.0,0.0,0.7,,60.0,89,76,57,19,75.0,5.96,-7.91,19.84,4.533,0.692,13
"[-299,-200]",HR≥60/EDG≥0.0/CV≤0.7/μ≥-/TP≥65,75.0,0.0,0.7,,65.0,89,76,57,19,75.0,5.96,-7.91,19.84,4.533,0.692,13
"[-299,-200]",HR≥60/EDG≥0.0/CV≤0.7/μ≥0.0/TP≥-,75.0,0.0,0.7,0.0,,89,76,57,19,75.0,5.96,-7.91,19.84,4.533,0.692,13
"[-299,-200]",HR≥60/EDG≥0.0/CV≤0.7/μ≥0.0/TP≥50,75.0,0.0,0.7,0.0,50.0,89,76,57,19,75.0,5.96,-7.91,19.84,4.533,0.692,13
"[-299,-200]",HR≥60/EDG≥0.0/CV≤0.7/μ≥0.0/TP≥55,75.0,0.0,0.7,0.0,55.0,89,76,57,19,75.0,5.96,-7.91,19.84,4.533,0.692,13
"[-299,-200]",HR≥60/EDG≥0.0/CV≤0.7/μ≥0.0/TP≥60,75.0,0.0,0.7,0.0,60.0,89,76,57,19,75.0,5.96,-7.91,19.84,4.533,0.692,13
"[-299,-200]",HR≥60/EDG≥0.0/CV≤0.7/μ≥0.0/TP≥65,75.0,0.0,0.7,0.0,65.0,89,76,57,19,75.0,5.96,-7.91,19.84,4.533,0.692,13
"[-299,-200]",HR≥60/EDG≥0.0/CV≤0.7/μ≥0.5/TP≥-,73.91,0.0,0.7,0.5,,81,69,51,18,73.91,4.09,-10.64,18.81,2.821,0.615,13
"[-299,-200]",HR≥60/EDG≥0.0/CV≤0.7/μ≥0.5/TP≥50,73.91,0.0,0.7,0.5,50.0,81,69,51,18,73.91,4.09,-10.64,18.81,2.821,0.615,13
"[-299,-200]",HR≥60/EDG≥0.0/CV≤0.7/μ≥0.5/TP≥55,73.91,0.0,0.7,0.5,55.0,81,69,51,18,73.91,4.09,-10.64,18.81,2.821,0.615,13
"[-299,-200]",HR≥60/EDG≥0.0/CV≤0.7/μ≥0.5/TP≥60,73.91,0.0,0.7,0.5,60.0,81,69,51,18,73.91,4.09,-10.64,18.81,2.821,0.615,13
"[-299,-200]",HR≥60/EDG≥0.0/CV≤0.7/μ≥0.5/TP≥65,73.91,0.0,0.7,0.5,65.0,81,69,51,18,73.91,4.09,-10.64,18.81,2.821,0.615,13
"[-299,-200]",HR≥60/EDG≥0.0/CV≤0.7/μ≥1.0/TP≥-,68.57,0.0,0.7,1.0,,40,35,24,11,68.57,-3.26,-25.32,18.79,-1.141,0.636,11
"[-299,-200]",HR≥60/EDG≥0.0/CV≤0.7/μ≥1.0/TP≥50,68.57,0.0,0.7,1.0,50.0,40,35,24,11,68.57,-3.26,-25.32,18.79,-1.141,0.636,11
"[-299,-200]",HR≥60/EDG≥0.0/CV≤0.7/μ≥1.0/TP≥55,68.57,0.0,0.7,1.0,55.0,40,35,24,11,68.57,-3.26,-25.32,18.79,-1.141,0.636,11
"[-299,-200]",HR≥60/EDG≥0.0/CV≤0.7/μ≥1.0/TP≥60,68.57,0.0,0.7,1.0,60.0,40,35,24,11,68.57,-3.26,-25.32,18.79,-1.141,0.636,11
"[-299,-200]",HR≥60/EDG≥0.0/CV≤0.7/μ≥1.0/TP≥65,68.57,0.0,0.7,1.0,65.0,40,35,24,11,68.57,-3.26,-25.32,18.79,-1.141,0.636,11
"[-299,-200]",HR≥60/EDG≥5.0/CV≤-/μ≥-/TP≥-,73.5,5.0,,,,240,200,147,53,73.5,4.18,-4.53,12.89,8.369,0.615,13
"[-299,-200]",HR≥60/EDG≥5.0/CV≤-/μ≥-/TP≥50,73.5,5.0,,,50.0,240,200,147,53,73.5,4.18,-4.53,12.89,8.369,0.615,13
"[-299,-200]",HR≥60/EDG≥5.0/CV≤-/μ≥-/TP≥55,73.5,5.0,,,55.0,240,200,147,53,73.5,4.18,-4.53,12.89,8.369,0.615,13
"[-299,-200]",HR≥60/EDG≥5.0/CV≤-/μ≥-/TP≥60,73.5,5.0,,,60.0,240,200,147,53,73.5,4.18,-4.53,12.89,8.369,0.615,13
"[-299,-200]",HR≥60/EDG≥5.0/CV≤-/μ≥-/TP≥65,73.5,5.0,,,65.0,240,200,147,53,73.5,4.18,-4.53,12.89,8.369,0.615,13
"[-299,-200]",HR≥60/EDG≥5.0/CV≤-/μ≥0.0/TP≥-,73.5,5.0,,0.0,,240,200,147,53,73.5,4.18,-4.53,12.89,8.369,0.615,13
"[-299,-200]",HR≥60/EDG≥5.0/CV≤-/μ≥0.0/TP≥50,73.5,5.0,,0.0,50.0,240,200,147,53,73.5,4.18,-4.53,12.89,8.369,0.615,13
"[-299,-200]",HR≥60/EDG≥5.0/CV≤-/μ≥0.0/TP≥55,73.5,5.0,,0.0,55.0,240,200,147,53,73.5,4.18,-4.53,12.89,8.369,0.615,13
"[-299,-200]",HR≥60/EDG≥5.0/CV≤-/μ≥0.0/TP≥60,73.5,5.0,,0.0,60.0,240,200,147,53,73.5,4.18,-4.53,12.89,8.369,0.615,13
"[-299,-200]",HR≥60/EDG≥5.0/CV≤-/μ≥0.0/TP≥65,73.5,5.0,,0.0,65.0,240,200,147,53,73.5,4.18,-4.53,12.89,8.369,0.615,13
"[-299,-200]",HR≥60/EDG≥5.0/CV≤-/μ≥0.5/TP≥-,72.77,5.0,,0.5,,231,191,139,52,72.77,3.01,-5.97,11.99,5.748,0.538,13
"[-299,-200]",HR≥60/EDG≥5.0/CV≤-/μ≥0.5/TP≥50,72.77,5.0,,0.5,50.0,231,191,139,52,72.77,3.01,-5.97,11.99,5.748,0.538,13
"[-299,-200]",HR≥60/EDG≥5.0/CV≤-/μ≥0.5/TP≥55,72.77,5.0,,0.5,55.0,231,191,139,52,72.77,3.01,-5.97,11.99,5.748,0.538,13
"[-299,-200]",HR≥60/EDG≥5.0/CV≤-/μ≥0.5/TP≥60,72.77,5.0,,0.5,60.0,231,191,139,52,72.77,3.01,-5.97,11.99,5.748,0.538,13
"[-299,-200]",HR≥60/EDG≥5.0/CV≤-/μ≥0.5/TP≥65,72.77,5.0,,0.5,65.0,231,191,139,52,72.77,3.01,-5.97,11.99,5.748,0.538,13
"[-299,-200]",HR≥60/EDG≥5.0/CV≤-/μ≥1.0/TP≥-,71.96,5.0,,1.0,,129,107,77,30,71.96,1.61,-10.49,13.71,1.723,0.462,13
"[-299,-200]",HR≥60/EDG≥5.0/CV≤-/μ≥1.0/TP≥50,71.96,5.0,,1.0,50.0,129,107,77,30,71.96,1.61,-10.49,13.71,1.723,0.462,13
"[-299,-200]",HR≥60/EDG≥5.0/CV≤-/μ≥1.0/TP≥55,71.96,5.0,,1.0,55.0,129,107,77,30,71.96,1.61,-10.49,13.71,1.723,0.462,13
"[-299,-200]",HR≥60/EDG≥5.0/CV≤-/μ≥1.0/TP≥60,71.96,5.0,,1.0,60.0,129,107,77,30,71.96,1.61,-10.49,13.71,1.723,0.462,13
"[-299,-200]",HR≥60/EDG≥5.0/CV≤-/μ≥1.0/TP≥65,71.96,5.0,,1.0,65.0,129,107,77,30,71.96,1.61,-10.49,13.71,1.723,0.462,13
"[-299,-200]",HR≥60/EDG≥5.0/CV≤0.7/μ≥-/TP≥-,73.24,5.0,0.7,,,82,71,52,19,73.24,3.48,-11.2,18.16,2.473,0.538,13
"[-299,-200]",HR≥60/EDG≥5.0/CV≤0.7/μ≥-/TP≥50,73.24,5.0,0.7,,50.0,82,71,52,19,73.24,3.48,-11.2,18.16,2.473,0.538,13
"[-299,-200]",HR≥60/EDG≥5.0/CV≤0.7/μ≥-/TP≥55,73.24,5.0,0.7,,55.0,82,71,52,19,73.24,3.48,-11.2,18.16,2.473,0.538,13
"[-299,-200]",HR≥60/EDG≥5.0/CV≤0.7/μ≥-/TP≥60,73.24,5.0,0.7,,60.0,82,71,52,19,73.24,3.48,-11.2,18.16,2.473,0.538,13
"[-299,-200]",HR≥60/EDG≥5.0/CV≤0.7/μ≥-/TP≥65,73.24,5.0,0.7,,65.0,82,71,52,19,73.24,3.48,-11.2,18.16,2.473,0.538,13
"[-299,-200]",HR≥60/EDG≥5.0/CV≤0.7/μ≥0.0/TP≥-,73.24,5.0,0.7,0.0,,82,71,52,19,73.24,3.48,-11.2,18.16,2.473,0.538,13
"[-299,-200]",HR≥60/EDG≥5.0/CV≤0.7/μ≥0.0/TP≥50,73.24,5.0,0.7,0.0,50.0,82,71,52,19,73.24,3.48,-11.2,18.16,2.473,0.538,13
"[-299,-200]",HR≥60/EDG≥5.0/CV≤0.7/μ≥0.0/TP≥55,73.24,5.0,0.7,0.0,55.0,82,71,52,19,73.24,3.48,-11.2,18.16,2.473,0.538,13
"[-299,-200]",HR≥60/EDG≥5.0/CV≤0.7/μ≥0.0/TP≥60,73.24,5.0,0.7,0.0,60.0,82,71,52,19,73.24,3.48,-11.2,18.16,2.473,0.538,13
"[-299,-200]",HR≥60/EDG≥5.0/CV≤0.7/μ≥0.0/TP≥65,73.24,5.0,0.7,0.0,65.0,82,71,52,19,73.24,3.48,-11.2,18.16,2.473,0.538,13
"[-299,-200]",HR≥60/EDG≥5.0/CV≤0.7/μ≥0.5/TP≥-,72.73,5.0,0.7,0.5,,77,66,48,18,72.73,2.52,-12.77,17.8,1.661,0.615,13
"[-299,-200]",HR≥60/EDG≥5.0/CV≤0.7/μ≥0.5/TP≥50,72.73,5.0,0.7,0.5,50.0,77,66,48,18,72.73,2.52,-12.77,17.8,1.661,0.615,13
"[-299,-200]",HR≥60/EDG≥5.0/CV≤0.7/μ≥0.5/TP≥55,72.73,5.0,0.7,0.5,55.0,77,66,48,18,72.73,2.52,-12.77,17.8,1.661,0.615,13
"[-299,-200]",HR≥60/EDG≥5.0/CV≤0.7/μ≥0.5/TP≥60,72.73,5.0,0.7,0.5,60.0,77,66,48,18,72.73,2.52,-12.77,17.8,1.661,0.615,13
"[-299,-200]",HR≥60/EDG≥5.0/CV≤0.7/μ≥0.5/TP≥65,72.73,5.0,0.7,0.5,65.0,77,66,48,18,72.73,2.52,-12.77,17.8,1.661,0.615,13
"[-299,-200]",HR≥60/EDG≥5.0/CV≤0.7/μ≥1.0/TP≥-,68.57,5.0,0.7,1.0,,40,35,24,11,68.57,-3.26,-25.32,18.79,-1.141,0.636,11
"[-299,-200]",HR≥60/EDG≥5.0/CV≤0.7/μ≥1.0/TP≥50,68.57,5.0,0.7,1.0,50.0,40,35,24,11,68.57,-3.26,-25.32,18.79,-1.141,0.636,11
"[-299,-200]",HR≥60/EDG≥5.0/CV≤0.7/μ≥1.0/TP≥55,68.57,5.0,0.7,1.0,55.0,40,35,24,11,68.57,-3.26,-25.32,18.79,-1.141,0.636,11
"[-299,-200]",HR≥60/EDG≥5.0/CV≤0.7/μ≥1.0/TP≥60,68.57,5.0,0.7,1.0,60.0,40,35,24,11,68.57,-3.26,-25.32,18.79,-1.141,0.636,11
"[-299,-200]",HR≥60/EDG≥5.0/CV≤0.7/μ≥1.0/TP≥65,68.57,5.0,0.7,1.0,65.0,40,35,24,11,68.57,-3.26,-25.32,18.79,-1.141,0.636,11
"[-299,-200]",HR≥60/EDG≥10.0/CV≤-/μ≥-/TP≥-,73.65,10.0,,,,203,167,123,44,73.65,4.19,-5.31,13.69,6.991,0.615,13
"[-299,-200]",HR≥60/EDG≥10.0/CV≤-/μ≥-/TP≥50,73.65,10.0,,,50.0,203,167,123,44,73.65,4.19,-5.31,13.69,6.991,0.615,13
"[-299,-200]",HR≥60/EDG≥10.0/CV≤-/μ≥-/TP≥55,73.65,10.0,,,55.0,203,167,123,44,73.65,4.19,-5.31,13.69,6.991,0.615,13
"[-299,-200]",HR≥60/EDG≥10.0/CV≤-/μ≥-/TP≥60,73.65,10.0,,,60.0,203,167,123,44,73.65,4.19,-5.31,13.69,6.991,0.615,13
"[-299,-200]",HR≥60/EDG≥10.0/CV≤-/μ≥-/TP≥65,73.65,10.0,,,65.0,203,167,123,44,73.65,4.19,-5.31,13.69,6.991,0.615,13
"[-299,-200]",HR≥60/EDG≥10.0/CV≤-/μ≥0.0/TP≥-,73.65,10.0,,0.0,,203,167,123,44,73.65,4.19,-5.31,13.69,6.991,0.615,13
"[-299,-200]",HR≥60/EDG≥10.0/CV≤-/μ≥0.0/TP≥50,73.65,10.0,,0.0,50.0,203,167,123,44,73.65,4.19,-5.31,13.69,6.991,0.615,13
"[-299,-200]",HR≥60/EDG≥10.0/CV≤-/μ≥0.0/TP≥55,73.65,10.0,,0.0,55.0,203,167,123,44,73.65,4.19,-5.31,13.69,6.991,0.615,13
"[-299,-200]",HR≥60/EDG≥10.0/CV≤-/μ≥0.0/TP≥60,73.65,10.0,,0.0,60.0,203,167,123,44,73.65,4.19,-5.31,13.69,6.991,0.615,13
"[-299,-200]",HR≥60/EDG≥10.0/CV≤-/μ≥0.0/TP≥65,73.65,10.0,,0.0,65.0,203,167,123,44,73.65,4.19,-5.31,13.69,6.991,0.615,13
"[-299,-200]",HR≥60/EDG≥10.0/CV≤-/μ≥0.5/TP≥-,73.49,10.0,,0.5,,202,166,122,44,73.49,3.94,-5.6,13.49,6.546,0.615,13
"[-299,-200]",HR≥60/EDG≥10.0/CV≤-/μ≥0.5/TP≥50,73.49,10.0,,0.5,50.0,202,166,122,44,73.49,3.94,-5.6,13.49,6.546,0.615,13
"[-299,-200]",HR≥60/EDG≥10.0/CV≤-/μ≥0.5/TP≥55,73.49,10.0,,0.5,55.0,202,166,122,44,73.49,3.94,-5.6,13.49,6.546,0.615,13
"[-299,-200]",HR≥60/EDG≥10.0/CV≤-/μ≥0.5/TP≥60,73.49,10.0,,0.5,60.0,202,166,122,44,73.49,3.94,-5.6,13.49,6.546,0.615,13
"[-299,-200]",HR≥60/EDG≥10.0/CV≤-/μ≥0.5/TP≥65,73.49,10.0,,0.5,65.0,202,166,122,44,73.49,3.94,-5.6,13.49,6.546,0.615,13
"[-299,-200]",HR≥60/EDG≥10.0/CV≤-/μ≥1.0/TP≥-,71.7,10.0,,1.0,,127,106,76,30,71.7,1.28,-10.92,13.48,1.36,0.462,13
"[-299,-200]",HR≥60/EDG≥10.0/CV≤-/μ≥1.0/TP≥50,71.7,10.0,,1.0,50.0,127,106,76,30,71.7,1.28,-10.92,13.48,1.36,0.462,13
"[-299,-200]",HR≥60/EDG≥10.0/CV≤-/μ≥1.0/TP≥55,71.7,10.0,,1.0,55.0,127,106,76,30,71.7,1.28,-10.92,13.48,1.36,0.462,13
"[-299,-200]",HR≥60/EDG≥10.0/CV≤-/μ≥1.0/TP≥60,71.7,10.0,,1.0,60.0,127,106,76,30,71.7,1.28,-10.92,13.48,1.36,0.462,13
"[-299,-200]",HR≥60/EDG≥10.0/CV≤-/μ≥1.0/TP≥65,71.7,10.0,,1.0,65.0,127,106,76,30,71.7,1.28,-10.92,13.48,1.36,0.462,13
"[-299,-200]",HR≥60/EDG≥10.0/CV≤0.7/μ≥-/TP≥-,72.41,10.0,0.7,,,68,58,42,16,72.41,2.0,-14.38,18.37,1.157,0.692,13
"[-299,-200]",HR≥60/EDG≥10.0/CV≤0.7/μ≥-/TP≥50,72.41,10.0,0.7,,50.0,68,58,42,16,72.41,2.0,-14.38,18.37,1.157,0.692,13
"[-299,-200]",HR≥60/EDG≥10.0/CV≤0.7/μ≥-/TP≥55,72.41,10.0,0.7,,55.0,68,58,42,16,72.41,2.0,-14.38,18.37,1.157,0.692,13
"[-299,-200]",HR≥60/EDG≥10.0/CV≤0.7/μ≥-/TP≥60,72.41,10.0,0.7,,60.0,68,58,42,16,72.41,2.0,-14.38,18.37,1.157,0.692,13
"[-299,-200]",HR≥60/EDG≥10.0/CV≤0.7/μ≥-/TP≥65,72.41,10.0,0.7,,65.0,68,58,42,16,72.41,2.0,-14.38,18.37,1.157,0.692,13
"[-299,-200]",HR≥60/EDG≥10.0/CV≤0.7/μ≥0.0/TP≥-,72.41,10.0,0.7,0.0,,68,58,42,16,72.41,2.0,-14.38,18.37,1.157,0.692,13
"[-299,-200]",HR≥60/EDG≥10.0/CV≤0.7/μ≥0.0/TP≥50,72.41,10.0,0.7,0.0,50.0,68,58,42,16,72.41,2.0,-14.38,18.37,1.157,0.692,13
"[-299,-200]",HR≥60/EDG≥10.0/CV≤0.7/μ≥0.0/TP≥55,72.41,10.0,0.7,0.0,55.0,68,58,42,16,72.41,2.0,-14.38,18.37,1.157,0.692,13
"[-299,-200]",HR≥60/EDG≥10.0/CV≤0.7/μ≥0.0/TP≥60,72.41,10.0,0.7,0.0,60.0,68,58,42,16,72.41,2.0,-14.38,18.37,1.157,0.692,13
"[-299,-200]",HR≥60/EDG≥10.0/CV≤0.7/μ≥0.0/TP≥65,72.41,10.0,0.7,0.0,65.0,68,58,42,16,72.41,2.0,-14.38,18.37,1.157,0.692,13
"[-299,-200]",HR≥60/EDG≥10.0/CV≤0.7/μ≥0.5/TP≥-,72.41,10.0,0.7,0.5,,68,58,42,16,72.41,2.0,-14.38,18.37,1.157,0.692,13
"[-299,-200]",HR≥60/EDG≥10.0/CV≤0.7/μ≥0.5/TP≥50,72.41,10.0,0.7,0.5,50.0,68,58,42,16,72.41,2.0,-14.38,18.37,1.157,0.692,13
"[-299,-200]",HR≥60/EDG≥10.0/CV≤0.7/μ≥0.5/TP≥55,72.41,10.0,0.7,0.5,55.0,68,58,42,16,72.41,2.0,-14.38,18.37,1.157,0.692,13
"[-299,-200]",HR≥60/EDG≥10.0/CV≤0.7/μ≥0.5/TP≥60,72.41,10.0,0.7,0.5,60.0,68,58,42,16,72.41,2.0,-14.38,18.37,1.157,0.692,13
"[-299,-200]",HR≥60/EDG≥10.0/CV≤0.7/μ≥0.5/TP≥65,72.41,10.0,0.7,0.5,65.0,68,58,42,16,72.41,2.0,-14.38,18.37,1.157,0.692,13
"[-299,-200]",HR≥60/EDG≥10.0/CV≤0.7/μ≥1.0/TP≥-,68.57,10.0,0.7,1.0,,40,35,24,11,68.57,-3.26,-25.32,18.79,-1.141,0.636,11
"[-299,-200]",HR≥60/EDG≥10.0/CV≤0.7/μ≥1.0/TP≥50,68.57,10.0,0.7,1.0,50.0,40,35,24,11,68.57,-3.26,-25.32,18.79,-1.141,0.636,11
"[-299,-200]",HR≥60/EDG≥10.0/CV≤0.7/μ≥1.0/TP≥55,68.57,10.0,0.7,1.0,55.0,40,35,24,11,68.57,-3.26,-25.32,18.79,-1.141,0.636,11
"[-299,-200]",HR≥60/EDG≥10.0/CV≤0.7/μ≥1.0/TP≥60,68.57,10.0,0.7,1.0,60.0,40,35,24,11,68.57,-3.26,-25.32,18.79,-1.141,0.636,11
"[-299,-200]",HR≥60/EDG≥10.0/CV≤0.7/μ≥1.0/TP≥65,68.57,10.0,0.7,1.0,65.0,40,35,24,11,68.57,-3.26,-25.32,18.79,-1.141,0.636,11
"[-299,-200]",HR≥65/EDG≥-/CV≤-/μ≥-/TP≥-,70.26,,,,,310,269,189,80,70.26,-0.39,-8.16,7.38,-1.05,0.385,13
"[-299,-200]",HR≥65/EDG≥-/CV≤-/μ≥-/TP≥50,70.57,,,,50.0,306,265,187,78,70.57,0.04,-7.76,7.85,0.117,0.462,13
"[-299,-200]",HR≥65/EDG≥-/CV≤-/μ≥-/TP≥55,70.45,,,,55.0,305,264,186,78,70.45,-0.14,-7.97,7.69,-0.359,0.462,13
"[-299,-200]",HR≥65/EDG≥-/CV≤-/μ≥-/TP≥60,71.09,,,,60.0,297,256,182,74,71.09,0.71,-7.19,8.6,1.806,0.538,13
"[-299,-200]",HR≥65/EDG≥-/CV≤-/μ≥-/TP≥65,71.37,,,,65.0,281,241,172,69,71.37,1.08,-7.04,9.19,2.594,0.462,13
"[-299,-200]",HR≥65/EDG≥-/CV≤-/μ≥0.0/TP≥-,70.57,,,0.0,,306,265,187,78,70.57,0.04,-7.76,7.85,0.117,0.462,13
"[-299,-200]",HR≥65/EDG≥-/CV≤-/μ≥0.0/TP≥50,70.57,,,0.0,50.0,306,265,187,78,70.57,0.04,-7.76,7.85,0.117,0.462,13
"[-299,-200]",HR≥65/EDG≥-/CV≤-/μ≥0.0/TP≥55,70.45,,,0.0,55.0,305,264,186,78,70.45,-0.14,-7.97,7.69,-0.359,0.462,13
"[-299,-200]",HR≥65/EDG≥-/CV≤-/μ≥0.0/TP≥60,71.09,,,0.0,60.0,297,256,182,74,71.09,0.71,-7.19,8.6,1.806,0.538,13
"[-299,-200]",HR≥65/EDG≥-/CV≤-/μ≥0.0/TP≥65,71.37,,,0.0,65.0,281,241,172,69,71.37,1.08,-7.04,9.19,2.594,0.462,13
"[-299,-200]",HR≥65/EDG≥-/CV≤-/μ≥0.5/TP≥-,73.37,,,0.5,,218,184,135,49,73.37,3.79,-5.29,12.86,6.965,0.769,13
"[-299,-200]",HR≥65/EDG≥-/CV≤-/μ≥0.5/TP≥50,73.37,,,0.5,50.0,218,184,135,49,73.37,3.79,-5.29,12.86,6.965,0.769,13
"[-299,-200]",HR≥65/EDG≥-/CV≤-/μ≥0.5/TP≥55,73.37,,,0.5,55.0,218,184,135,49,73.37,3.79,-5.29,12.86,6.965,0.769,13
"[-299,-200]",HR≥65/EDG≥-/CV≤-/μ≥0.5/TP≥60,73.37,,,0.5,60.0,218,184,135,49,73.37,3.79,-5.29,12.86,6.965,0.769,13
"[-299,-200]",HR≥65/EDG≥-/CV≤-/μ≥0.5/TP≥65,73.37,,,0.5,65.0,218,184,135,49,73.37,3.79,-5.29,12.86,6.965,0.769,13
"[-299,-200]",HR≥65/EDG≥-/CV≤-/μ≥1.0/TP≥-,70.1,,,1.0,,115,97,68,29,70.1,-0.95,-13.92,12.01,-0.923,0.538,13
"[-299,-200]",HR≥65/EDG≥-/CV≤-/μ≥1.0/TP≥50,70.1,,,1.0,50.0,115,97,68,29,70.1,-0.95,-13.92,12.01,-0.923,0.538,13
"[-299,-200]",HR≥65/EDG≥-/CV≤-/μ≥1.0/TP≥55,70.1,,,1.0,55.0,115,97,68,29,70.1,-0.95,-13.92,12.01,-0.923,0.538,13
"[-299,-200]",HR≥65/EDG≥-/CV≤-/μ≥1.0/TP≥60,70.1,,,1.0,60.0,115,97,68,29,70.1,-0.95,-13.92,12.01,-0.923,0.538,13
"[-299,-200]",HR≥65/EDG≥-/CV≤-/μ≥1.0/TP≥65,70.1,,,1.0,65.0,115,97,68,29,70.1,-0.95,-13.92,12.01,-0.923,0.538,13
"[-299,-200]",HR≥65/EDG≥-/CV≤0.7/μ≥-/TP≥-,71.74,,0.7,,,106,92,66,26,71.74,1.28,-11.8,14.37,1.18,0.615,13
"[-299,-200]",HR≥65/EDG≥-/CV≤0.7/μ≥-/TP≥50,72.53,,0.7,,50.0,105,91,66,25,72.53,2.4,-10.65,15.44,2.18,0.615,13
"[-299,-200]",HR≥65/EDG≥-/CV≤0.7/μ≥-/TP≥55,72.53,,0.7,,55.0,105,91,66,25,72.53,2.4,-10.65,15.44,2.18,0.615,13
"[-299,-200]",HR≥65/EDG≥-/CV≤0.7/μ≥-/TP≥60,72.22,,0.7,,60.0,104,90,65,25,72.22,1.87,-11.28,15.02,1.68,0.615,13
"[-299,-200]",HR≥65/EDG≥-/CV≤0.7/μ≥-/TP≥65,72.94,,0.7,,65.0,99,85,62,23,72.94,2.81,-10.61,16.23,2.39,0.615,13
"[-299,-200]",HR≥65/EDG≥-/CV≤0.7/μ≥0.0/TP≥-,72.53,,0.7,0.0,,105,91,66,25,72.53,2.4,-10.65,15.44,2.18,0.615,13
"[-299,-200]",HR≥65/EDG≥-/CV≤0.7/μ≥0.0/TP≥50,72.53,,0.7,0.0,50.0,105,91,66,25,72.53,2.4,-10.65,15.44,2.18,0.615,13
"[-299,-200]",HR≥65/EDG≥-/CV≤0.7/μ≥0.0/TP≥55,72.53,,0.7,0.0,55.0,105,91,66,25,72.53,2.4,-10.65,15.44,2.18,0.615,13
"[-299,-200]",HR≥65/EDG≥-/CV≤0.7/μ≥0.0/TP≥60,72.22,,0.7,0.0,60.0,104,90,65,25,72.22,1.87,-11.28,15.02,1.68,0.615,13
"[-299,-200]",HR≥65/EDG≥-/CV≤0.7/μ≥0.0/TP≥65,72.94,,0.7,0.0,65.0,99,85,62,23,72.94,2.81,-10.61,16.23,2.39,0.615,13
"[-299,-200]",HR≥65/EDG≥-/CV≤0.7/μ≥0.5/TP≥-,73.13,,0.7,0.5,,79,67,49,18,73.13,3.03,-12.06,18.12,2.029,0.615,13
"[-299,-200]",HR≥65/EDG≥-/CV≤0.7/μ≥0.5/TP≥50,73.13,,0.7,0.5,50.0,79,67,49,18,73.13,3.03,-12.06,18.12,2.029,0.615,13
"[-299,-200]",HR≥65/EDG≥-/CV≤0.7/μ≥0.5/TP≥55,73.13,,0.7,0.5,55.0,79,67,49,18,73.13,3.03,-12.06,18.12,2.029,0.615,13
"[-299,-200]",HR≥65/EDG≥-/CV≤0.7/μ≥0.5/TP≥60,73.13,,0.7,0.5,60.0,79,67,49,18,73.13,3.03,-12.06,18.12,2.029,0.615,13
"[-299,-200]",HR≥65/EDG≥-/CV≤0.7/μ≥0.5/TP≥65,73.13,,0.7,0.5,65.0,79,67,49,18,73.13,3.03,-12.06,18.12,2.029,0.615,13
"[-299,-200]",HR≥65/EDG≥-/CV≤0.7/μ≥1.0/TP≥-,67.65,,0.7,1.0,,39,34,23,11,67.65,-4.53,-27.1,18.03,-1.541,0.636,11
"[-299,-200]",HR≥65/EDG≥-/CV≤0.7/μ≥1.0/TP≥50,67.65,,0.7,1.0,50.0,39,34,23,11,67.65,-4.53,-27.1,18.03,-1.541,0.636,11
"[-299,-200]",HR≥65/EDG≥-/CV≤0.7/μ≥1.0/TP≥55,67.65,,0.7,1.0,55.0,39,34,23,11,67.65,-4.53,-27.1,18.03,-1.541,0.636,11
"[-299,-200]",HR≥65/EDG≥-/CV≤0.7/μ≥1.0/TP≥60,67.65,,0.7,1.0,60.0,39,34,23,11,67.65,-4.53,-27.1,18.03,-1.541,0.636,11
"[-299,-200]",HR≥65/EDG≥-/CV≤0.7/μ≥1.0/TP≥65,67.65,,0.7,1.0,65.0,39,34,23,11,67.65,-4.53,-27.1,18.03,-1.541,0.636,11
"[-299,-200]",HR≥65/EDG≥-5.0/CV≤-/μ≥-/TP≥-,72.49,-5.0,,,,268,229,166,63,72.49,2.75,-5.49,10.98,6.288,0.615,13
"[-299,-200]",HR≥65/EDG≥-5.0/CV≤-/μ≥-/TP≥50,72.49,-5.0,,,50.0,268,229,166,63,72.49,2.75,-5.49,10.98,6.288,0.615,13
"[-299,-200]",HR≥65/EDG≥-5.0/CV≤-/μ≥-/TP≥55,72.49,-5.0,,,55.0,268,229,166,63,72.49,2.75,-5.49,10.98,6.288,0.615,13
"[-299,-200]",HR≥65/EDG≥-5.0/CV≤-/μ≥-/TP≥60,72.49,-5.0,,,60.0,268,229,166,63,72.49,2.75,-5.49,10.98,6.288,0.615,13
"[-299,-200]",HR≥65/EDG≥-5.0/CV≤-/μ≥-/TP≥65,73.13,-5.0,,,65.0,266,227,166,61,73.13,3.65,-4.56,11.86,8.288,0.692,13
"[-299,-200]",HR≥65/EDG≥-5.0/CV≤-/μ≥0.0/TP≥-,72.49,-5.0,,0.0,,268,229,166,63,72.49,2.75,-5.49,10.98,6.288,0.615,13
"[-299,-200]",HR≥65/EDG≥-5.0/CV≤-/μ≥0.0/TP≥50,72.49,-5.0,,0.0,50.0,268,229,166,63,72.49,2.75,-5.49,10.98,6.288,0.615,13
"[-299,-200]",HR≥65/EDG≥-5.0/CV≤-/μ≥0.0/TP≥55,72.49,-5.0,,0.0,55.0,268,229,166,63,72.49,2.75,-5.49,10.98,6.288,0.615,13
"[-299,-200]",HR≥65/EDG≥-5.0/CV≤-/μ≥0.0/TP≥60,72.49,-5.0,,0.0,60.0,268,229,166,63,72.49,2.75,-5.49,10.98,6.288,0.615,13
"[-299,-200]",HR≥65/EDG≥-5.0/CV≤-/μ≥0.0/TP≥65,73.13,-5.0,,0.0,65.0,266,227,166,61,73.13,3.65,-4.56,11.86,8.288,0.692,13
"[-299,-200]",HR≥65/EDG≥-5.0/CV≤-/μ≥0.5/TP≥-,73.37,-5.0,,0.5,,218,184,135,49,73.37,3.79,-5.29,12.86,6.965,0.769,13
"[-299,-200]",HR≥65/EDG≥-5.0/CV≤-/μ≥0.5/TP≥50,73.37,-5.0,,0.5,50.0,218,184,135,49,73.37,3.79,-5.29,12.86,6.965,0.769,13
"[-299,-200]",HR≥65/EDG≥-5.0/CV≤-/μ≥0.5/TP≥55,73.37,-5.0,,0.5,55.0,218,184,135,49,73.37,3.79,-5.29,12.86,6.965,0.769,13
"[-299,-200]",HR≥65/EDG≥-5.0/CV≤-/μ≥0.5/TP≥60,73.37,-5.0,,0.5,60.0,218,184,135,49,73.37,3.79,-5.29,12.86,6.965,0.769,13
"[-299,-200]",HR≥65/EDG≥-5.0/CV≤-/μ≥0.5/TP≥65,73.37,-5.0,,0.5,65.0,218,184,135,49,73.37,3.79,-5.29,12.86,6.965,0.769,13
"[-299,-200]",HR≥65/EDG≥-5.0/CV≤-/μ≥1.0/TP≥-,70.1,-5.0,,1.0,,115,97,68,29,70.1,-0.95,-13.92,12.01,-0.923,0.538,13
"[-299,-200]",HR≥65/EDG≥-5.0/CV≤-/μ≥1.0/TP≥50,70.1,-5.0,,1.0,50.0,115,97,68,29,70.1,-0.95,-13.92,12.01,-0.923,0.538,13
"[-299,-200]",HR≥65/EDG≥-5.0/CV≤-/μ≥1.0/TP≥55,70.1,-5.0,,1.0,55.0,115,97,68,29,70.1,-0.95,-13.92,12.01,-0.923,0.538,13
"[-299,-200]",HR≥65/EDG≥-5.0/CV≤-/μ≥1.0/TP≥60,70.1,-5.0,,1.0,60.0,115,97,68,29,70.1,-0.95,-13.92,12.01,-0.923,0.538,13
"[-299,-200]",HR≥65/EDG≥-5.0/CV≤-/μ≥1.0/TP≥65,70.1,-5.0,,1.0,65.0,115,97,68,29,70.1,-0.95,-13.92,12.01,-0.923,0.538,13
"[-299,-200]",HR≥65/EDG≥-5.0/CV≤0.7/μ≥-/TP≥-,74.07,-5.0,0.7,,,94,81,60,21,74.07,4.52,-9.06,18.1,3.663,0.615,13
"[-299,-200]",HR≥65/EDG≥-5.0/CV≤0.7/μ≥-/TP≥50,74.07,-5.0,0.7,,50.0,94,81,60,21,74.07,4.52,-9.06,18.1,3.663,0.615,13
"[-299,-200]",HR≥65/EDG≥-5.0/CV≤0.7/μ≥-/TP≥55,74.07,-5.0,0.7,,55.0,94,81,60,21,74.07,4.52,-9.06,18.1,3.663,0.615,13
"[-299,-200]",HR≥65/EDG≥-5.0/CV≤0.7/μ≥-/TP≥60,74.07,-5.0,0.7,,60.0,94,81,60,21,74.07,4.52,-9.06,18.1,3.663,0.615,13
"[-299,-200]",HR≥65/EDG≥-5.0/CV≤0.7/μ≥-/TP≥65,74.07,-5.0,0.7,,65.0,94,81,60,21,74.07,4.52,-9.06,18.1,3.663,0.615,13
"[-299,-200]",HR≥65/EDG≥-5.0/CV≤0.7/μ≥0.0/TP≥-,74.07,-5.0,0.7,0.0,,94,81,60,21,74.07,4.52,-9.06,18.1,3.663,0.615,13
"[-299,-200]",HR≥65/EDG≥-5.0/CV≤0.7/μ≥0.0/TP≥50,74.07,-5.0,0.7,0.0,50.0,94,81,60,21,74.07,4.52,-9.06,18.1,3.663,0.615,13
"[-299,-200]",HR≥65/EDG≥-5.0/CV≤0.7/μ≥0.0/TP≥55,74.07,-5.0,0.7,0.0,55.0,94,81,60,21,74.07,4.52,-9.06,18.1,3.663,0.615,13
"[-299,-200]",HR≥65/EDG≥-5.0/CV≤0.7/μ≥0.0/TP≥60,74.07,-5.0,0.7,0.0,60.0,94,81,60,21,74.07,4.52,-9.06,18.1,3.663,0.615,13
"[-299,-200]",HR≥65/EDG≥-5.0/CV≤0.7/μ≥0.0/TP≥65,74.07,-5.0,0.7,0.0,65.0,94,81,60,21,74.07,4.52,-9.06,18.1,3.663,0.615,13
"[-299,-200]",HR≥65/EDG≥-5.0/CV≤0.7/μ≥0.5/TP≥-,73.13,-5.0,0.7,0.5,,79,67,49,18,73.13,3.03,-12.06,18.12,2.029,0.615,13
"[-299,-200]",HR≥65/EDG≥-5.0/CV≤0.7/μ≥0.5/TP≥50,73.13,-5.0,0.7,0.5,50.0,79,67,49,18,73.13,3.03,-12.06,18.12,2.029,0.615,13
"[-299,-200]",HR≥65/EDG≥-5.0/CV≤0.7/μ≥0.5/TP≥55,73.13,-5.0,0.7,0.5,55.0,79,67,49,18,73.13,3.03,-12.06,18.12,2.029,0.615,13
"[-299,-200]",HR≥65/EDG≥-5.0/CV≤0.7/μ≥0.5/TP≥60,73.13,-5.0,0.7,0.5,60.0,79,67,49,18,73.13,3.03,-12.06,18.12,2.029,0.615,13
"[-299,-200]",HR≥65/EDG≥-5.0/CV≤0.7/μ≥0.5/TP≥65,73.13,-5.0,0.7,0.5,65.0,79,67,49,18,73.13,3.03,-12.06,18.12,2.029,0.615,13
"[-299,-200]",HR≥65/EDG≥-5.0/CV≤0.7/μ≥1.0/TP≥-,67.65,-5.0,0.7,1.0,,39,34,23,11,67.65,-4.53,-27.1,18.03,-1.541,0.636,11
"[-299,-200]",HR≥65/EDG≥-5.0/CV≤0.7/μ≥1.0/TP≥50,67.65,-5.0,0.7,1.0,50.0,39,34,23,11,67.65,-4.53,-27.1,18.03,-1.541,0.636,11
"[-299,-200]",HR≥65/EDG≥-5.0/CV≤0.7/μ≥1.0/TP≥55,67.65,-5.0,0.7,1.0,55.0,39,34,23,11,67.65,-4.53,-27.1,18.03,-1.541,0.636,11
"[-299,-200]",HR≥65/EDG≥-5.0/CV≤0.7/μ≥1.0/TP≥60,67.65,-5.0,0.7,1.0,60.0,39,34,23,11,67.65,-4.53,-27.1,18.03,-1.541,0.636,11
"[-299,-200]",HR≥65/EDG≥-5.0/CV≤0.7/μ≥1.0/TP≥65,67.65,-5.0,0.7,1.0,65.0,39,34,23,11,67.65,-4.53,-27.1,18.03,-1.541,0.636,11
"[-299,-200]",HR≥65/EDG≥0.0/CV≤-/μ≥-/TP≥-,74.13,0.0,,,,235,201,149,52,74.13,5.19,-3.44,13.82,10.425,0.692,13
"[-299,-200]",HR≥65/EDG≥0.0/CV≤-/μ≥-/TP≥50,74.13,0.0,,,50.0,235,201,149,52,74.13,5.19,-3.44,13.82,10.425,0.692,13
"[-299,-200]",HR≥65/EDG≥0.0/CV≤-/μ≥-/TP≥55,74.13,0.0,,,55.0,235,201,149,52,74.13,5.19,-3.44,13.82,10.425,0.692,13
"[-299,-200]",HR≥65/EDG≥0.0/CV≤-/μ≥-/TP≥60,74.13,0.0,,,60.0,235,201,149,52,74.13,5.19,-3.44,13.82,10.425,0.692,13
"[-299,-200]",HR≥65/EDG≥0.0/CV≤-/μ≥-/TP≥65,74.13,0.0,,,65.0,235,201,149,52,74.13,5.19,-3.44,13.82,10.425,0.692,13
"[-299,-200]",HR≥65/EDG≥0.0/CV≤-/μ≥0.0/TP≥-,74.13,0.0,,0.0,,235,201,149,52,74.13,5.19,-3.44,13.82,10.425,0.692,13
"[-299,-200]",HR≥65/EDG≥0.0/CV≤-/μ≥0.0/TP≥50,74.13,0.0,,0.0,50.0,235,201,149,52,74.13,5.19,-3.44,13.82,10.425,0.692,13
"[-299,-200]",HR≥65/EDG≥0.0/CV≤-/μ≥0.0/TP≥55,74.13,0.0,,0.0,55.0,235,201,149,52,74.13,5.19,-3.44,13.82,10.425,0.692,13
"[-299,-200]",HR≥65/EDG≥0.0/CV≤-/μ≥0.0/TP≥60,74.13,0.0,,0.0,60.0,235,201,149,52,74.13,5.19,-3.44,13.82,10.425,0.692,13
"[-299,-200]",HR≥65/EDG≥0.0/CV≤-/μ≥0.0/TP≥65,74.13,0.0,,0.0,65.0,235,201,149,52,74.13,5.19,-3.44,13.82,10.425,0.692,13
"[-299,-200]",HR≥65/EDG≥0.0/CV≤-/μ≥0.5/TP≥-,73.08,0.0,,0.5,,215,182,133,49,73.08,3.4,-5.77,12.56,6.18,0.769,13
"[-299,-200]",HR≥65/EDG≥0.0/CV≤-/μ≥0.5/TP≥50,73.08,0.0,,0.5,50.0,215,182,133,49,73.08,3.4,-5.77,12.56,6.18,0.769,13
"[-299,-200]",HR≥65/EDG≥0.0/CV≤-/μ≥0.5/TP≥55,73.08,0.0,,0.5,55.0,215,182,133,49,73.08,3.4,-5.77,12.56,6.18,0.769,13
"[-299,-200]",HR≥65/EDG≥0.0/CV≤-/μ≥0.5/TP≥60,73.08,0.0,,0.5,60.0,215,182,133,49,73.08,3.4,-5.77,12.56,6.18,0.769,13
"[-299,-200]",HR≥65/EDG≥0.0/CV≤-/μ≥0.5/TP≥65,73.08,0.0,,0.5,65.0,215,182,133,49,73.08,3.4,-5.77,12.56,6.18,0.769,13
"[-299,-200]",HR≥65/EDG≥0.0/CV≤-/μ≥1.0/TP≥-,70.1,0.0,,1.0,,115,97,68,29,70.1,-0.95,-13.92,12.01,-0.923,0.538,13
"[-299,-200]",HR≥65/EDG≥0.0/CV≤-/μ≥1.0/TP≥50,70.1,0.0,,1.0,50.0,115,97,68,29,70.1,-0.95,-13.92,12.01,-0.923,0.538,13
"[-299,-200]",HR≥65/EDG≥0.0/CV≤-/μ≥1.0/TP≥55,70.1,0.0,,1.0,55.0,115,97,68,29,70.1,-0.95,-13.92,12.01,-0.923,0.538,13
"[-299,-200]",HR≥65/EDG≥0.0/CV≤-/μ≥1.0/TP≥60,70.1,0.0,,1.0,60.0,115,97,68,29,70.1,-0.95,-13.92,12.01,-0.923,0.538,13
"[-299,-200]",HR≥65/EDG≥0.0/CV≤-/μ≥1.0/TP≥65,70.1,0.0,,1.0,65.0,115,97,68,29,70.1,-0.95,-13.92,12.01,-0.923,0.538,13
"[-299,-200]",HR≥65/EDG≥0.0/CV≤0.7/μ≥-/TP≥-,73.61,0.0,0.7,,,85,72,53,19,73.61,3.87,-10.62,18.36,2.788,0.615,13
"[-299,-200]",HR≥65/EDG≥0.0/CV≤0.7/μ≥-/TP≥50,73.61,0.0,0.7,,50.0,85,72,53,19,73.61,3.87,-10.62,18.36,2.788,0.615,13
"[-299,-200]",HR≥65/EDG≥0.0/CV≤0.7/μ≥-/TP≥55,73.61,0.0,0.7,,55.0,85,72,53,19,73.61,3.87,-10.62,18.36,2.788,0.615,13
"[-299,-200]",HR≥65/EDG≥0.0/CV≤0.7/μ≥-/TP≥60,73.61,0.0,0.7,,60.0,85,72,53,19,73.61,3.87,-10.62,18.36,2.788,0.615,13
"[-299,-200]",HR≥65/EDG≥0.0/CV≤0.7/μ≥-/TP≥65,73.61,0.0,0.7,,65.0,85,72,53,19,73.61,3.87,-10.62,18.36,2.788,0.615,13
"[-299,-200]",HR≥65/EDG≥0.0/CV≤0.7/μ≥0.0/TP≥-,73.61,0.0,0.7,0.0,,85,72,53,19,73.61,3.87,-10.62,18.36,2.788,0.615,13
"[-299,-200]",HR≥65/EDG≥0.0/CV≤0.7/μ≥0.0/TP≥50,73.61,0.0,0.7,0.0,50.0,85,72,53,19,73.61,3.87,-10.62,18.36,2.788,0.615,13
"[-299,-200]",HR≥65/EDG≥0.0/CV≤0.7/μ≥0.0/TP≥55,73.61,0.0,0.7,0.0,55.0,85,72,53,19,73.61,3.87,-10.62,18.36,2.788,0.615,13
"[-299,-200]",HR≥65/EDG≥0.0/CV≤0.7/μ≥0.0/TP≥60,73.61,0.0,0.7,0.0,60.0,85,72,53,19,73.61,3.87,-10.62,18.36,2.788,0.615,13
"[-299,-200]",HR≥65/EDG≥0.0/CV≤0.7/μ≥0.0/TP≥65,73.61,0.0,0.7,0.0,65.0,85,72,53,19,73.61,3.87,-10.62,18.36,2.788,0.615,13
"[-299,-200]",HR≥65/EDG≥0.0/CV≤0.7/μ≥0.5/TP≥-,73.13,0.0,0.7,0.5,,79,67,49,18,73.13,3.03,-12.06,18.12,2.029,0.615,13
"[-299,-200]",HR≥65/EDG≥0.0/CV≤0.7/μ≥0.5/TP≥50,73.13,0.0,0.7,0.5,50.0,79,67,49,18,73.13,3.03,-12.06,18.12,2.029,0.615,13
"[-299,-200]",HR≥65/EDG≥0.0/CV≤0.7/μ≥0.5/TP≥55,73.13,0.0,0.7,0.5,55.0,79,67,49,18,73.13,3.03,-12.06,18.12,2.029,0.615,13
"[-299,-200]",HR≥65/EDG≥0.0/CV≤0.7/μ≥0.5/TP≥60,73.13,0.0,0.7,0.5,60.0,79,67,49,18,73.13,3.03,-12.06,18.12,2.029,0.615,13
"[-299,-200]",HR≥65/EDG≥0.0/CV≤0.7/μ≥0.5/TP≥65,73.13,0.0,0.7,0.5,65.0,79,67,49,18,73.13,3.03,-12.06,18.12,2.029,0.615,13
"[-299,-200]",HR≥65/EDG≥0.0/CV≤0.7/μ≥1.0/TP≥-,67.65,0.0,0.7,1.0,,39,34,23,11,67.65,-4.53,-27.1,18.03,-1.541,0.636,11
"[-299,-200]",HR≥65/EDG≥0.0/CV≤0.7/μ≥1.0/TP≥50,67.65,0.0,0.7,1.0,50.0,39,34,23,11,67.65,-4.53,-27.1,18.03,-1.541,0.636,11
"[-299,-200]",HR≥65/EDG≥0.0/CV≤0.7/μ≥1.0/TP≥55,67.65,0.0,0.7,1.0,55.0,39,34,23,11,67.65,-4.53,-27.1,18.03,-1.541,0.636,11
"[-299,-200]",HR≥65/EDG≥0.0/CV≤0.7/μ≥1.0/TP≥60,67.65,0.0,0.7,1.0,60.0,39,34,23,11,67.65,-4.53,-27.1,18.03,-1.541,0.636,11
"[-299,-200]",HR≥65/EDG≥0.0/CV≤0.7/μ≥1.0/TP≥65,67.65,0.0,0.7,1.0,65.0,39,34,23,11,67.65,-4.53,-27.1,18.03,-1.541,0.636,11
"[-299,-200]",HR≥65/EDG≥5.0/CV≤-/μ≥-/TP≥-,72.41,5.0,,,,205,174,126,48,72.41,2.63,-6.82,12.09,4.582,0.615,13
"[-299,-200]",HR≥65/EDG≥5.0/CV≤-/μ≥-/TP≥50,72.41,5.0,,,50.0,205,174,126,48,72.41,2.63,-6.82,12.09,4.582,0.615,13
"[-299,-200]",HR≥65/EDG≥5.0/CV≤-/μ≥-/TP≥55,72.41,5.0,,,55.0,205,174,126,48,72.41,2.63,-6.82,12.09,4.582,0.615,13
"[-299,-200]",HR≥65/EDG≥5.0/CV≤-/μ≥-/TP≥60,72.41,5.0,,,60.0,205,174,126,48,72.41,2.63,-6.82,12.09,4.582,0.615,13
"[-299,-200]",HR≥65/EDG≥5.0/CV≤-/μ≥-/TP≥65,72.41,5.0,,,65.0,205,174,126,48,72.41,2.63,-6.82,12.09,4.582,0.615,13
"[-299,-200]",HR≥65/EDG≥5.0/CV≤-/μ≥0.0/TP≥-,72.41,5.0,,0.0,,205,174,126,48,72.41,2.63,-6.82,12.09,4.582,0.615,13
"[-299,-200]",HR≥65/EDG≥5.0/CV≤-/μ≥0.0/TP≥50,72.41,5.0,,0.0,50.0,205,174,126,48,72.41,2.63,-6.82,12.09,4.582,0.615,13
"[-299,-200]",HR≥65/EDG≥5.0/CV≤-/μ≥0.0/TP≥55,72.41,5.0,,0.0,55.0,205,174,126,48,72.41,2.63,-6.82,12.09,4.582,0.615,13
"[-299,-200]",HR≥65/EDG≥5.0/CV≤-/μ≥0.0/TP≥60,72.41,5.0,,0.0,60.0,205,174,126,48,72.41,2.63,-6.82,12.09,4.582,0.615,13
"[-299,-200]",HR≥65/EDG≥5.0/CV≤-/μ≥0.0/TP≥65,72.41,5.0,,0.0,65.0,205,174,126,48,72.41,2.63,-6.82,12.09,4.582,0.615,13
"[-299,-200]",HR≥65/EDG≥5.0/CV≤-/μ≥0.5/TP≥-,71.86,5.0,,0.5,,198,167,120,47,71.86,1.71,-7.99,11.41,2.85,0.615,13
"[-299,-200]",HR≥65/EDG≥5.0/CV≤-/μ≥0.5/TP≥50,71.86,5.0,,0.5,50.0,198,167,120,47,71.86,1.71,-7.99,11.41,2.85,0.615,13
"[-299,-200]",HR≥65/EDG≥5.0/CV≤-/μ≥0.5/TP≥55,71.86,5.0,,0.5,55.0,198,167,120,47,71.86,1.71,-7.99,11.41,2.85,0.615,13
"[-299,-200]",HR≥65/EDG≥5.0/CV≤-/μ≥0.5/TP≥60,71.86,5.0,,0.5,60.0,198,167,120,47,71.86,1.71,-7.99,11.41,2.85,0.615,13
"[-299,-200]",HR≥65/EDG≥5.0/CV≤-/μ≥0.5/TP≥65,71.86,5.0,,0.5,65.0,198,167,120,47,71.86,1.71,-7.99,11.41,2.85,0.615,13
"[-299,-200]",HR≥65/EDG≥5.0/CV≤-/μ≥1.0/TP≥-,70.1,5.0,,1.0,,115,97,68,29,70.1,-0.95,-13.92,12.01,-0.923,0.538,13
"[-299,-200]",HR≥65/EDG≥5.0/CV≤-/μ≥1.0/TP≥50,70.1,5.0,,1.0,50.0,115,97,68,29,70.1,-0.95,-13.92,12.01,-0.923,0.538,13
"[-299,-200]",HR≥65/EDG≥5.0/CV≤-/μ≥1.0/TP≥55,70.1,5.0,,1.0,55.0,115,97,68,29,70.1,-0.95,-13.92,12.01,-0.923,0.538,13
"[-299,-200]",HR≥65/EDG≥5.0/CV≤-/μ≥1.0/TP≥60,70.1,5.0,,1.0,60.0,115,97,68,29,70.1,-0.95,-13.92,12.01,-0.923,0.538,13
"[-299,-200]",HR≥65/EDG≥5.0/CV≤-/μ≥1.0/TP≥65,70.1,5.0,,1.0,65.0,115,97,68,29,70.1,-0.95,-13.92,12.01,-0.923,0.538,13
"[-299,-200]",HR≥65/EDG≥5.0/CV≤0.7/μ≥-/TP≥-,72.06,5.0,0.7,,,79,68,49,19,72.06,1.75,-13.44,16.95,1.193,0.538,13
"[-299,-200]",HR≥65/EDG≥5.0/CV≤0.7/μ≥-/TP≥50,72.06,5.0,0.7,,50.0,79,68,49,19,72.06,1.75,-13.44,16.95,1.193,0.538,13
"[-299,-200]",HR≥65/EDG≥5.0/CV≤0.7/μ≥-/TP≥55,72.06,5.0,0.7,,55.0,79,68,49,19,72.06,1.75,-13.44,16.95,1.193,0.538,13
"[-299,-200]",HR≥65/EDG≥5.0/CV≤0.7/μ≥-/TP≥60,72.06,5.0,0.7,,60.0,79,68,49,19,72.06,1.75,-13.44,16.95,1.193,0.538,13
"[-299,-200]",HR≥65/EDG≥5.0/CV≤0.7/μ≥-/TP≥65,72.06,5.0,0.7,,65.0,79,68,49,19,72.06,1.75,-13.44,16.95,1.193,0.538,13
"[-299,-200]",HR≥65/EDG≥5.0/CV≤0.7/μ≥0.0/TP≥-,72.06,5.0,0.7,0.0,,79,68,49,19,72.06,1.75,-13.44,16.95,1.193,0.538,13
"[-299,-200]",HR≥65/EDG≥5.0/CV≤0.7/μ≥0.0/TP≥50,72.06,5.0,0.7,0.0,50.0,79,68,49,19,72.06,1.75,-13.44,16.95,1.193,0.538,13
"[-299,-200]",HR≥65/EDG≥5.0/CV≤0.7/μ≥0.0/TP≥55,72.06,5.0,0.7,0.0,55.0,79,68,49,19,72.06,1.75,-13.44,16.95,1.193,0.538,13
"[-299,-200]",HR≥65/EDG≥5.0/CV≤0.7/μ≥0.0/TP≥60,72.06,5.0,0.7,0.0,60.0,79,68,49,19,72.06,1.75,-13.44,16.95,1.193,0.538,13
"[-299,-200]",HR≥65/EDG≥5.0/CV≤0.7/μ≥0.0/TP≥65,72.06,5.0,0.7,0.0,65.0,79,68,49,19,72.06,1.75,-13.44,16.95,1.193,0.538,13
"[-299,-200]",HR≥65/EDG≥5.0/CV≤0.7/μ≥0.5/TP≥-,71.88,5.0,0.7,0.5,,75,64,46,18,71.88,1.36,-14.33,17.04,0.869,0.615,13
"[-299,-200]",HR≥65/EDG≥5.0/CV≤0.7/μ≥0.5/TP≥50,71.88,5.0,0.7,0.5,50.0,75,64,46,18,71.88,1.36,-14.33,17.04,0.869,0.615,13
"[-299,-200]",HR≥65/EDG≥5.0/CV≤0.7/μ≥0.5/TP≥55,71.88,5.0,0.7,0.5,55.0,75,64,46,18,71.88,1.36,-14.33,17.04,0.869,0.615,13
"[-299,-200]",HR≥65/EDG≥5.0/CV≤0.7/μ≥0.5/TP≥60,71.88,5.0,0.7,0.5,60.0,75,64,46,18,71.88,1.36,-14.33,17.04,0.869,0.615,13
"[-299,-200]",HR≥65/EDG≥5.0/CV≤0.7/μ≥0.5/TP≥65,71.88,5.0,0.7,0.5,65.0,75,64,46,18,71.88,1.36,-14.33,17.04,0.869,0.615,13
"[-299,-200]",HR≥65/EDG≥5.0/CV≤0.7/μ≥1.0/TP≥-,67.65,5.0,0.7,1.0,,39,34,23,11,67.65,-4.53,-27.1,18.03,-1.541,0.636,11
"[-299,-200]",HR≥65/EDG≥5.0/CV≤0.7/μ≥1.0/TP≥50,67.65,5.0,0.7,1.0,50.0,39,34,23,11,67.65,-4.53,-27.1,18.03,-1.541,0.636,11
"[-299,-200]",HR≥65/EDG≥5.0/CV≤0.7/μ≥1.0/TP≥55,67.65,5.0,0.7,1.0,55.0,39,34,23,11,67.65,-4.53,-27.1,18.03,-1.541,0.636,11
"[-299,-200]",HR≥65/EDG≥5.0/CV≤0.7/μ≥1.0/TP≥60,67.65,5.0,0.7,1.0,60.0,39,34,23,11,67.65,-4.53,-27.1,18.03,-1.541,0.636,11
"[-299,-200]",HR≥65/EDG≥5.0/CV≤0.7/μ≥1.0/TP≥65,67.65,5.0,0.7,1.0,65.0,39,34,23,11,67.65,-4.53,-27.1,18.03,-1.541,0.636,11
"[-299,-200]",HR≥65/EDG≥10.0/CV≤-/μ≥-/TP≥-,72.6,10.0,,,,175,146,106,40,72.6,2.7,-7.59,12.99,3.945,0.615,13
"[-299,-200]",HR≥65/EDG≥10.0/CV≤-/μ≥-/TP≥50,72.6,10.0,,,50.0,175,146,106,40,72.6,2.7,-7.59,12.99,3.945,0.615,13
"[-299,-200]",HR≥65/EDG≥10.0/CV≤-/μ≥-/TP≥55,72.6,10.0,,,55.0,175,146,106,40,72.6,2.7,-7.59,12.99,3.945,0.615,13
"[-299,-200]",HR≥65/EDG≥10.0/CV≤-/μ≥-/TP≥60,72.6,10.0,,,60.0,175,146,106,40,72.6,2.7,-7.59,12.99,3.945,0.615,13
"[-299,-200]",HR≥65/EDG≥10.0/CV≤-/μ≥-/TP≥65,72.6,10.0,,,65.0,175,146,106,40,72.6,2.7,-7.59,12.99,3.945,0.615,13
"[-299,-200]",HR≥65/EDG≥10.0/CV≤-/μ≥0.0/TP≥-,72.6,10.0,,0.0,,175,146,106,40,72.6,2.7,-7.59,12.99,3.945,0.615,13
"[-299,-200]",HR≥65/EDG≥10.0/CV≤-/μ≥0.0/TP≥50,72.6,10.0,,0.0,50.0,175,146,106,40,72.6,2.7,-7.59,12.99,3.945,0.615,13
"[-299,-200]",HR≥65/EDG≥10.0/CV≤-/μ≥0.0/TP≥55,72.6,10.0,,0.0,55.0,175,146,106,40,72.6,2.7,-7.59,12.99,3.945,0.615,13
"[-299,-200]",HR≥65/EDG≥10.0/CV≤-/μ≥0.0/TP≥60,72.6,10.0,,0.0,60.0,175,146,106,40,72.6,2.7,-7.59,12.99,3.945,0.615,13
"[-299,-200]",HR≥65/EDG≥10.0/CV≤-/μ≥0.0/TP≥65,72.6,10.0,,0.0,65.0,175,146,106,40,72.6,2.7,-7.59,12.99,3.945,0.615,13
"[-299,-200]",HR≥65/EDG≥10.0/CV≤-/μ≥0.5/TP≥-,72.41,10.0,,0.5,,174,145,105,40,72.41,2.41,-7.93,12.76,3.501,0.615,13
"[-299,-200]",HR≥65/EDG≥10.0/CV≤-/μ≥0.5/TP≥50,72.41,10.0,,0.5,50.0,174,145,105,40,72.41,2.41,-7.93,12.76,3.501,0.615,13
"[-299,-200]",HR≥65/EDG≥10.0/CV≤-/μ≥0.5/TP≥55,72.41,10.0,,0.5,55.0,174,145,105,40,72.41,2.41,-7.93,12.76,3.501,0.615,13
"[-299,-200]",HR≥65/EDG≥10.0/CV≤-/μ≥0.5/TP≥60,72.41,10.0,,0.5,60.0,174,145,105,40,72.41,2.41,-7.93,12.76,3.501,0.615,13
"[-299,-200]",HR≥65/EDG≥10.0/CV≤-/μ≥0.5/TP≥65,72.41,10.0,,0.5,65.0,174,145,105,40,72.41,2.41,-7.93,12.76,3.501,0.615,13
"[-299,-200]",HR≥65/EDG≥10.0/CV≤-/μ≥1.0/TP≥-,69.79,10.0,,1.0,,113,96,67,29,69.79,-1.34,-14.42,11.74,-1.287,0.538,13
"[-299,-200]",HR≥65/EDG≥10.0/CV≤-/μ≥1.0/TP≥50,69.79,10.0,,1.0,50.0,113,96,67,29,69.79,-1.34,-14.42,11.74,-1.287,0.538,13
"[-299,-200]",HR≥65/EDG≥10.0/CV≤-/μ≥1.0/TP≥55,69.79,10.0,,1.0,55.0,113,96,67,29,69.79,-1.34,-14.42,11.74,-1.287,0.538,13
"[-299,-200]",HR≥65/EDG≥10.0/CV≤-/μ≥1.0/TP≥60,69.79,10.0,,1.0,60.0,113,96,67,29,69.79,-1.34,-14.42,11.74,-1.287,0.538,13
"[-299,-200]",HR≥65/EDG≥10.0/CV≤-/μ≥1.0/TP≥65,69.79,10.0,,1.0,65.0,113,96,67,29,69.79,-1.34,-14.42,11.74,-1.287,0.538,13
"[-299,-200]",HR≥65/EDG≥10.0/CV≤0.7/μ≥-/TP≥-,71.43,10.0,0.7,,,66,56,40,16,71.43,0.65,-16.2,17.51,0.365,0.692,13
"[-299,-200]",HR≥65/EDG≥10.0/CV≤0.7/μ≥-/TP≥50,71.43,10.0,0.7,,50.0,66,56,40,16,71.43,0.65,-16.2,17.51,0.365,0.692,13
"[-299,-200]",HR≥65/EDG≥10.0/CV≤0.7/μ≥-/TP≥55,71.43,10.0,0.7,,55.0,66,56,40,16,71.43,0.65,-16.2,17.51,0.365,0.692,13
"[-299,-200]",HR≥65/EDG≥10.0/CV≤0.7/μ≥-/TP≥60,71.43,10.0,0.7,,60.0,66,56,40,16,71.43,0.65,-16.2,17.51,0.365,0.692,13
"[-299,-200]",HR≥65/EDG≥10.0/CV≤0.7/μ≥-/TP≥65,71.43,10.0,0.7,,65.0,66,56,40,16,71.43,0.65,-16.2,17.51,0.365,0.692,13
"[-299,-200]",HR≥65/EDG≥10.0/CV≤0.7/μ≥0.0/TP≥-,71.43,10.0,0.7,0.0,,66,56,40,16,71.43,0.65,-16.2,17.51,0.365,0.692,13
"[-299,-200]",HR≥65/EDG≥10.0/CV≤0.7/μ≥0.0/TP≥50,71.43,10.0,0.7,0.0,50.0,66,56,40,16,71.43,0.65,-16.2,17.51,0.365,0.692,13
"[-299,-200]",HR≥65/EDG≥10.0/CV≤0.7/μ≥0.0/TP≥55,71.43,10.0,0.7,0.0,55.0,66,56,40,16,71.43,0.65,-16.2,17.51,0.365,0.692,13
"[-299,-200]",HR≥65/EDG≥10.0/CV≤0.7/μ≥0.0/TP≥60,71.43,10.0,0.7,0.0,60.0,66,56,40,16,71.43,0.65,-16.2,17.51,0.365,0.692,13
"[-299,-200]",HR≥65/EDG≥10.0/CV≤0.7/μ≥0.0/TP≥65,71.43,10.0,0.7,0.0,65.0,66,56,40,16,71.43,0.65,-16.2,17.51,0.365,0.692,13
"[-299,-200]",HR≥65/EDG≥10.0/CV≤0.7/μ≥0.5/TP≥-,71.43,10.0,0.7,0.5,,66,56,40,16,71.43,0.65,-16.2,17.51,0.365,0.692,13
"[-299,-200]",HR≥65/EDG≥10.0/CV≤0.7/μ≥0.5/TP≥50,71.43,10.0,0.7,0.5,50.0,66,56,40,16,71.43,0.65,-16.2,17.51,0.365,0.692,13
"[-299,-200]",HR≥65/EDG≥10.0/CV≤0.7/μ≥0.5/TP≥55,71.43,10.0,0.7,0.5,55.0,66,56,40,16,71.43,0.65,-16.2,17.51,0.365,0.692,13
"[-299,-200]",HR≥65/EDG≥10.0/CV≤0.7/μ≥0.5/TP≥60,71.43,10.0,0.7,0.5,60.0,66,56,40,16,71.43,0.65,-16.2,17.51,0.365,0.692,13
"[-299,-200]",HR≥65/EDG≥10.0/CV≤0.7/μ≥0.5/TP≥65,71.43,10.0,0.7,0.5,65.0,66,56,40,16,71.43,0.65,-16.2,17.51,0.365,0.692,13
"[-299,-200]",HR≥65/EDG≥10.0/CV≤0.7/μ≥1.0/TP≥-,67.65,10.0,0.7,1.0,,39,34,23,11,67.65,-4.53,-27.1,18.03,-1.541,0.636,11
"[-299,-200]",HR≥65/EDG≥10.0/CV≤0.7/μ≥1.0/TP≥50,67.65,10.0,0.7,1.0,50.0,39,34,23,11,67.65,-4.53,-27.1,18.03,-1.541,0.636,11
"[-299,-200]",HR≥65/EDG≥10.0/CV≤0.7/μ≥1.0/TP≥55,67.65,10.0,0.7,1.0,55.0,39,34,23,11,67.65,-4.53,-27.1,18.03,-1.541,0.636,11
"[-299,-200]",HR≥65/EDG≥10.0/CV≤0.7/μ≥1.0/TP≥60,67.65,10.0,0.7,1.0,60.0,39,34,23,11,67.65,-4.53,-27.1,18.03,-1.541,0.636,11
"[-299,-200]",HR≥65/EDG≥10.0/CV≤0.7/μ≥1.0/TP≥65,67.65,10.0,0.7,1.0,65.0,39,34,23,11,67.65,-4.53,-27.1,18.03,-1.541,0.636,11
"[-299,-200]",HR≥70/EDG≥-/CV≤-/μ≥-/TP≥-,70.06,,,,,202,177,124,53,70.06,-0.88,-10.47,8.71,-1.556,0.462,13
"[-299,-200]",HR≥70/EDG≥-/CV≤-/μ≥-/TP≥50,70.45,,,,50.0,201,176,124,52,70.45,-0.32,-9.9,9.27,-0.556,0.462,13
"[-299,-200]",HR≥70/EDG≥-/CV≤-/μ≥-/TP≥55,70.45,,,,55.0,201,176,124,52,70.45,-0.32,-9.9,9.27,-0.556,0.462,13
"[-299,-200]",HR≥70/EDG≥-/CV≤-/μ≥-/TP≥60,71.35,,,,60.0,196,171,122,49,71.35,0.87,-8.76,10.49,1.483,0.462,13
"[-299,-200]",HR≥70/EDG≥-/CV≤-/μ≥-/TP≥65,71.17,,,,65.0,187,163,116,47,71.17,0.6,-9.28,10.48,0.978,0.538,13
"[-299,-200]",HR≥70/EDG≥-/CV≤-/μ≥0.0/TP≥-,70.45,,,0.0,,201,176,124,52,70.45,-0.32,-9.9,9.27,-0.556,0.462,13
"[-299,-200]",HR≥70/EDG≥-/CV≤-/μ≥0.0/TP≥50,70.45,,,0.0,50.0,201,176,124,52,70.45,-0.32,-9.9,9.27,-0.556,0.462,13
"[-299,-200]",HR≥70/EDG≥-/CV≤-/μ≥0.0/TP≥55,70.45,,,0.0,55.0,201,176,124,52,70.45,-0.32,-9.9,9.27,-0.556,0.462,13
"[-299,-200]",HR≥70/EDG≥-/CV≤-/μ≥0.0/TP≥60,71.35,,,0.0,60.0,196,171,122,49,71.35,0.87,-8.76,10.49,1.483,0.462,13
"[-299,-200]",HR≥70/EDG≥-/CV≤-/μ≥0.0/TP≥65,71.17,,,0.0,65.0,187,163,116,47,71.17,0.6,-9.28,10.48,0.978,0.538,13
"[-299,-200]",HR≥70/EDG≥-/CV≤-/μ≥0.5/TP≥-,72.95,,,0.5,,141,122,89,33,72.95,3.09,-8.11,14.29,3.77,0.692,13
"[-299,-200]",HR≥70/EDG≥-/CV≤-/μ≥0.5/TP≥50,72.95,,,0.5,50.0,141,122,89,33,72.95,3.09,-8.11,14.29,3.77,0.692,13
"[-299,-200]",HR≥70/EDG≥-/CV≤-/μ≥0.5/TP≥55,72.95,,,0.5,55.0,141,122,89,33,72.95,3.09,-8.11,14.29,3.77,0.692,13
"[-299,-200]",HR≥70/EDG≥-/CV≤-/μ≥0.5/TP≥60,72.95,,,0.5,60.0,141,122,89,33,72.95,3.09,-8.11,14.29,3.77,0.692,13
"[-299,-200]",HR≥70/EDG≥-/CV≤-/μ≥0.5/TP≥65,72.95,,,0.5,65.0,141,122,89,33,72.95,3.09,-8.11,14.29,3.77,0.692,13
"[-299,-200]",HR≥70/EDG≥-/CV≤-/μ≥1.0/TP≥-,73.77,,,1.0,,71,61,45,16,73.77,4.11,-11.63,19.85,2.505,0.538,13
"[-299,-200]",HR≥70/EDG≥-/CV≤-/μ≥1.0/TP≥50,73.77,,,1.0,50.0,71,61,45,16,73.77,4.11,-11.63,19.85,2.505,0.538,13
"[-299,-200]",HR≥70/EDG≥-/CV≤-/μ≥1.0/TP≥55,73.77,,,1.0,55.0,71,61,45,16,73.77,4.11,-11.63,19.85,2.505,0.538,13
"[-299,-200]",HR≥70/EDG≥-/CV≤-/μ≥1.0/TP≥60,73.77,,,1.0,60.0,71,61,45,16,73.77,4.11,-11.63,19.85,2.505,0.538,13
"[-299,-200]",HR≥70/EDG≥-/CV≤-/μ≥1.0/TP≥65,73.77,,,1.0,65.0,71,61,45,16,73.77,4.11,-11.63,19.85,2.505,0.538,13
"[-299,-200]",HR≥70/EDG≥-/CV≤0.7/μ≥-/TP≥-,73.68,,0.7,,,89,76,56,20,73.68,3.91,-10.18,17.99,2.971,0.667,12
"[-299,-200]",HR≥70/EDG≥-/CV≤0.7/μ≥-/TP≥50,74.67,,0.7,,50.0,88,75,56,19,74.67,5.29,-8.71,19.3,3.971,0.667,12
"[-299,-200]",HR≥70/EDG≥-/CV≤0.7/μ≥-/TP≥55,74.67,,0.7,,55.0,88,75,56,19,74.67,5.29,-8.71,19.3,3.971,0.667,12
"[-299,-200]",HR≥70/EDG≥-/CV≤0.7/μ≥-/TP≥60,74.32,,0.7,,60.0,87,74,55,19,74.32,4.69,-9.45,18.84,3.471,0.667,12
"[-299,-200]",HR≥70/EDG≥-/CV≤0.7/μ≥-/TP≥65,74.65,,0.7,,65.0,84,71,53,18,74.65,5.16,-9.23,19.54,3.661,0.667,12
"[-299,-200]",HR≥70/EDG≥-/CV≤0.7/μ≥0.0/TP≥-,74.67,,0.7,0.0,,88,75,56,19,74.67,5.29,-8.71,19.3,3.971,0.667,12
"[-299,-200]",HR≥70/EDG≥-/CV≤0.7/μ≥0.0/TP≥50,74.67,,0.7,0.0,50.0,88,75,56,19,74.67,5.29,-8.71,19.3,3.971,0.667,12
"[-299,-200]",HR≥70/EDG≥-/CV≤0.7/μ≥0.0/TP≥55,74.67,,0.7,0.0,55.0,88,75,56,19,74.67,5.29,-8.71,19.3,3.971,0.667,12
"[-299,-200]",HR≥70/EDG≥-/CV≤0.7/μ≥0.0/TP≥60,74.32,,0.7,0.0,60.0,87,74,55,19,74.32,4.69,-9.45,18.84,3.471,0.667,12
"[-299,-200]",HR≥70/EDG≥-/CV≤0.7/μ≥0.0/TP≥65,74.65,,0.7,0.0,65.0,84,71,53,18,74.65,5.16,-9.23,19.54,3.661,0.667,12
"[-299,-200]",HR≥70/EDG≥-/CV≤0.7/μ≥0.5/TP≥-,75.47,,0.7,0.5,,64,53,40,13,75.47,6.23,-10.26,22.72,3.3,0.667,12
"[-299,-200]",HR≥70/EDG≥-/CV≤0.7/μ≥0.5/TP≥50,75.47,,0.7,0.5,50.0,64,53,40,13,75.47,6.23,-10.26,22.72,3.3,0.667,12
"[-299,-200]",HR≥70/EDG≥-/CV≤0.7/μ≥0.5/TP≥55,75.47,,0.7,0.5,55.0,64,53,40,13,75.47,6.23,-10.26,22.72,3.3,0.667,12
"[-299,-200]",HR≥70/EDG≥-/CV≤0.7/μ≥0.5/TP≥60,75.47,,0.7,0.5,60.0,64,53,40,13,75.47,6.23,-10.26,22.72,3.3,0.667,12
"[-299,-200]",HR≥70/EDG≥-/CV≤0.7/μ≥0.5/TP≥65,75.47,,0.7,0.5,65.0,64,53,40,13,75.47,6.23,-10.26,22.72,3.3,0.667,12
"[-299,-200]",HR≥70/EDG≥-5.0/CV≤-/μ≥-/TP≥-,72.08,-5.0,,,,177,154,111,43,72.08,2.01,-8.07,12.08,3.088,0.692,13
"[-299,-200]",HR≥70/EDG≥-5.0/CV≤-/μ≥-/TP≥50,72.08,-5.0,,,50.0,177,154,111,43,72.08,2.01,-8.07,12.08,3.088,0.692,13
"[-299,-200]",HR≥70/EDG≥-5.0/CV≤-/μ≥-/TP≥55,72.08,-5.0,,,55.0,177,154,111,43,72.08,2.01,-8.07,12.08,3.088,0.692,13
"[-299,-200]",HR≥70/EDG≥-5.0/CV≤-/μ≥-/TP≥60,72.08,-5.0,,,60.0,177,154,111,43,72.08,2.01,-8.07,12.08,3.088,0.692,13
"[-299,-200]",HR≥70/EDG≥-5.0/CV≤-/μ≥-/TP≥65,72.08,-5.0,,,65.0,177,154,111,43,72.08,2.01,-8.07,12.08,3.088,0.692,13
"[-299,-200]",HR≥70/EDG≥-5.0/CV≤-/μ≥0.0/TP≥-,72.08,-5.0,,0.0,,177,154,111,43,72.08,2.01,-8.07,12.08,3.088,0.692,13
"[-299,-200]",HR≥70/EDG≥-5.0/CV≤-/μ≥0.0/TP≥50,72.08,-5.0,,0.0,50.0,177,154,111,43,72.08,2.01,-8.07,12.08,3.088,0.692,13
"[-299,-200]",HR≥70/EDG≥-5.0/CV≤-/μ≥0.0/TP≥55,72.08,-5.0,,0.0,55.0,177,154,111,43,72.08,2.01,-8.07,12.08,3.088,0.692,13
"[-299,-200]",HR≥70/EDG≥-5.0/CV≤-/μ≥0.0/TP≥60,72.08,-5.0,,0.0,60.0,177,154,111,43,72.08,2.01,-8.07,12.08,3.088,0.692,13
"[-299,-200]",HR≥70/EDG≥-5.0/CV≤-/μ≥0.0/TP≥65,72.08,-5.0,,0.0,65.0,177,154,111,43,72.08,2.01,-8.07,12.08,3.088,0.692,13
"[-299,-200]",HR≥70/EDG≥-5.0/CV≤-/μ≥0.5/TP≥-,72.95,-5.0,,0.5,,141,122,89,33,72.95,3.09,-8.11,14.29,3.77,0.692,13
"[-299,-200]",HR≥70/EDG≥-5.0/CV≤-/μ≥0.5/TP≥50,72.95,-5.0,,0.5,50.0,141,122,89,33,72.95,3.09,-8.11,14.29,3.77,0.692,13
"[-299,-200]",HR≥70/EDG≥-5.0/CV≤-/μ≥0.5/TP≥55,72.95,-5.0,,0.5,55.0,141,122,89,33,72.95,3.09,-8.11,14.29,3.77,0.692,13
"[-299,-200]",HR≥70/EDG≥-5.0/CV≤-/μ≥0.5/TP≥60,72.95,-5.0,,0.5,60.0,141,122,89,33,72.95,3.09,-8.11,14.29,3.77,0.692,13
"[-299,-200]",HR≥70/EDG≥-5.0/CV≤-/μ≥0.5/TP≥65,72.95,-5.0,,0.5,65.0,141,122,89,33,72.95,3.09,-8.11,14.29,3.77,0.692,13
"[-299,-200]",HR≥70/EDG≥-5.0/CV≤-/μ≥1.0/TP≥-,73.77,-5.0,,1.0,,71,61,45,16,73.77,4.11,-11.63,19.85,2.505,0.538,13
"[-299,-200]",HR≥70/EDG≥-5.0/CV≤-/μ≥1.0/TP≥50,73.77,-5.0,,1.0,50.0,71,61,45,16,73.77,4.11,-11.63,19.85,2.505,0.538,13
"[-299,-200]",HR≥70/EDG≥-5.0/CV≤-/μ≥1.0/TP≥55,73.77,-5.0,,1.0,55.0,71,61,45,16,73.77,4.11,-11.63,19.85,2.505,0.538,13
"[-299,-200]",HR≥70/EDG≥-5.0/CV≤-/μ≥1.0/TP≥60,73.77,-5.0,,1.0,60.0,71,61,45,16,73.77,4.11,-11.63,19.85,2.505,0.538,13
"[-299,-200]",HR≥70/EDG≥-5.0/CV≤-/μ≥1.0/TP≥65,73.77,-5.0,,1.0,65.0,71,61,45,16,73.77,4.11,-11.63,19.85,2.505,0.538,13
"[-299,-200]",HR≥70/EDG≥-5.0/CV≤0.7/μ≥-/TP≥-,76.12,-5.0,0.7,,,79,67,51,16,76.12,7.36,-7.18,21.91,4.934,0.667,12
"[-299,-200]",HR≥70/EDG≥-5.0/CV≤0.7/μ≥-/TP≥50,76.12,-5.0,0.7,,50.0,79,67,51,16,76.12,7.36,-7.18,21.91,4.934,0.667,12
"[-299,-200]",HR≥70/EDG≥-5.0/CV≤0.7/μ≥-/TP≥55,76.12,-5.0,0.7,,55.0,79,67,51,16,76.12,7.36,-7.18,21.91,4.934,0.667,12
"[-299,-200]",HR≥70/EDG≥-5.0/CV≤0.7/μ≥-/TP≥60,76.12,-5.0,0.7,,60.0,79,67,51,16,76.12,7.36,-7.18,21.91,4.934,0.667,12
"[-299,-200]",HR≥70/EDG≥-5.0/CV≤0.7/μ≥-/TP≥65,76.12,-5.0,0.7,,65.0,79,67,51,16,76.12,7.36,-7.18,21.91,4.934,0.667,12
"[-299,-200]",HR≥70/EDG≥-5.0/CV≤0.7/μ≥0.0/TP≥-,76.12,-5.0,0.7,0.0,,79,67,51,16,76.12,7.36,-7.18,21.91,4.934,0.667,12
"[-299,-200]",HR≥70/EDG≥-5.0/CV≤0.7/μ≥0.0/TP≥50,76.12,-5.0,0.7,0.0,50.0,79,67,51,16,76.12,7.36,-7.18,21.91,4.934,0.667,12
"[-299,-200]",HR≥70/EDG≥-5.0/CV≤0.7/μ≥0.0/TP≥55,76.12,-5.0,0.7,0.0,55.0,79,67,51,16,76.12,7.36,-7.18,21.91,4.934,0.667,12
"[-299,-200]",HR≥70/EDG≥-5.0/CV≤0.7/μ≥0.0/TP≥60,76.12,-5.0,0.7,0.0,60.0,79,67,51,16,76.12,7.36,-7.18,21.91,4.934,0.667,12
"[-299,-200]",HR≥70/EDG≥-5.0/CV≤0.7/μ≥0.0/TP≥65,76.12,-5.0,0.7,0.0,65.0,79,67,51,16,76.12,7.36,-7.18,21.91,4.934,0.667,12
"[-299,-200]",HR≥70/EDG≥-5.0/CV≤0.7/μ≥0.5/TP≥-,75.47,-5.0,0.7,0.5,,64,53,40,13,75.47,6.23,-10.26,22.72,3.3,0.667,12
"[-299,-200]",HR≥70/EDG≥-5.0/CV≤0.7/μ≥0.5/TP≥50,75.47,-5.0,0.7,0.5,50.0,64,53,40,13,75.47,6.23,-10.26,22.72,3.3,0.667,12
"[-299,-200]",HR≥70/EDG≥-5.0/CV≤0.7/μ≥0.5/TP≥55,75.47,-5.0,0.7,0.5,55.0,64,53,40,13,75.47,6.23,-10.26,22.72,3.3,0.667,12
"[-299,-200]",HR≥70/EDG≥-5.0/CV≤0.7/μ≥0.5/TP≥60,75.47,-5.0,0.7,0.5,60.0,64,53,40,13,75.47,6.23,-10.26,22.72,3.3,0.667,12
"[-299,-200]",HR≥70/EDG≥-5.0/CV≤0.7/μ≥0.5/TP≥65,75.47,-5.0,0.7,0.5,65.0,64,53,40,13,75.47,6.23,-10.26,22.72,3.3,0.667,12
"[-299,-200]",HR≥70/EDG≥0.0/CV≤-/μ≥-/TP≥-,73.48,0.0,,,,152,132,97,35,73.48,4.06,-6.66,14.78,5.359,0.692,13
"[-299,-200]",HR≥70/EDG≥0.0/CV≤-/μ≥-/TP≥50,73.48,0.0,,,50.0,152,132,97,35,73.48,4.06,-6.66,14.78,5.359,0.692,13
"[-299,-200]",HR≥70/EDG≥0.0/CV≤-/μ≥-/TP≥55,73.48,0.0,,,55.0,152,132,97,35,73.48,4.06,-6.66,14.78,5.359,0.692,13
"[-299,-200]",HR≥70/EDG≥0.0/CV≤-/μ≥-/TP≥60,73.48,0.0,,,60.0,152,132,97,35,73.48,4.06,-6.66,14.78,5.359,0.692,13
"[-299,-200]",HR≥70/EDG≥0.0/CV≤-/μ≥-/TP≥65,73.48,0.0,,,65.0,152,132,97,35,73.48,4.06,-6.66,14.78,5.359,0.692,13
"[-299,-200]",HR≥70/EDG≥0.0/CV≤-/μ≥0.0/TP≥-,73.48,0.0,,0.0,,152,132,97,35,73.48,4.06,-6.66,14.78,5.359,0.692,13
"[-299,-200]",HR≥70/EDG≥0.0/CV≤-/μ≥0.0/TP≥50,73.48,0.0,,0.0,50.0,152,132,97,35,73.48,4.06,-6.66,14.78,5.359,0.692,13
"[-299,-200]",HR≥70/EDG≥0.0/CV≤-/μ≥0.0/TP≥55,73.48,0.0,,0.0,55.0,152,132,97,35,73.48,4.06,-6.66,14.78,5.359,0.692,13
"[-299,-200]",HR≥70/EDG≥0.0/CV≤-/μ≥0.0/TP≥60,73.48,0.0,,0.0,60.0,152,132,97,35,73.48,4.06,-6.66,14.78,5.359,0.692,13
"[-299,-200]",HR≥70/EDG≥0.0/CV≤-/μ≥0.0/TP≥65,73.48,0.0,,0.0,65.0,152,132,97,35,73.48,4.06,-6.66,14.78,5.359,0.692,13
"[-299,-200]",HR≥70/EDG≥0.0/CV≤-/μ≥0.5/TP≥-,72.73,0.0,,0.5,,140,121,88,33,72.73,2.76,-8.52,14.04,3.345,0.692,13
"[-299,-200]",HR≥70/EDG≥0.0/CV≤-/μ≥0.5/TP≥50,72.73,0.0,,0.5,50.0,140,121,88,33,72.73,2.76,-8.52,14.04,3.345,0.692,13
"[-299,-200]",HR≥70/EDG≥0.0/CV≤-/μ≥0.5/TP≥55,72.73,0.0,,0.5,55.0,140,121,88,33,72.73,2.76,-8.52,14.04,3.345,0.692,13
"[-299,-200]",HR≥70/EDG≥0.0/CV≤-/μ≥0.5/TP≥60,72.73,0.0,,0.5,60.0,140,121,88,33,72.73,2.76,-8.52,14.04,3.345,0.692,13
"[-299,-200]",HR≥70/EDG≥0.0/CV≤-/μ≥0.5/TP≥65,72.73,0.0,,0.5,65.0,140,121,88,33,72.73,2.76,-8.52,14.04,3.345,0.692,13
"[-299,-200]",HR≥70/EDG≥0.0/CV≤-/μ≥1.0/TP≥-,73.77,0.0,,1.0,,71,61,45,16,73.77,4.11,-11.63,19.85,2.505,0.538,13
"[-299,-200]",HR≥70/EDG≥0.0/CV≤-/μ≥1.0/TP≥50,73.77,0.0,,1.0,50.0,71,61,45,16,73.77,4.11,-11.63,19.85,2.505,0.538,13
"[-299,-200]",HR≥70/EDG≥0.0/CV≤-/μ≥1.0/TP≥55,73.77,0.0,,1.0,55.0,71,61,45,16,73.77,4.11,-11.63,19.85,2.505,0.538,13
"[-299,-200]",HR≥70/EDG≥0.0/CV≤-/μ≥1.0/TP≥60,73.77,0.0,,1.0,60.0,71,61,45,16,73.77,4.11,-11.63,19.85,2.505,0.538,13
"[-299,-200]",HR≥70/EDG≥0.0/CV≤-/μ≥1.0/TP≥65,73.77,0.0,,1.0,65.0,71,61,45,16,73.77,4.11,-11.63,19.85,2.505,0.538,13
"[-299,-200]",HR≥70/EDG≥0.0/CV≤0.7/μ≥-/TP≥-,75.86,0.0,0.7,,,70,58,44,14,75.86,7.0,-8.7,22.7,4.059,0.667,12
"[-299,-200]",HR≥70/EDG≥0.0/CV≤0.7/μ≥-/TP≥50,75.86,0.0,0.7,,50.0,70,58,44,14,75.86,7.0,-8.7,22.7,4.059,0.667,12
"[-299,-200]",HR≥70/EDG≥0.0/CV≤0.7/μ≥-/TP≥55,75.86,0.0,0.7,,55.0,70,58,44,14,75.86,7.0,-8.7,22.7,4.059,0.667,12
"[-299,-200]",HR≥70/EDG≥0.0/CV≤0.7/μ≥-/TP≥60,75.86,0.0,0.7,,60.0,70,58,44,14,75.86,7.0,-8.7,22.7,4.059,0.667,12
"[-299,-200]",HR≥70/EDG≥0.0/CV≤0.7/μ≥-/TP≥65,75.86,0.0,0.7,,65.0,70,58,44,14,75.86,7.0,-8.7,22.7,4.059,0.667,12
"[-299,-200]",HR≥70/EDG≥0.0/CV≤0.7/μ≥0.0/TP≥-,75.86,0.0,0.7,0.0,,70,58,44,14,75.86,7.0,-8.7,22.7,4.059,0.667,12
"[-299,-200]",HR≥70/EDG≥0.0/CV≤0.7/μ≥0.0/TP≥50,75.86,0.0,0.7,0.0,50.0,70,58,44,14,75.86,7.0,-8.7,22.7,4.059,0.667,12
"[-299,-200]",HR≥70/EDG≥0.0/CV≤0.7/μ≥0.0/TP≥55,75.86,0.0,0.7,0.0,55.0,70,58,44,14,75.86,7.0,-8.7,22.7,4.059,0.667,12
"[-299,-200]",HR≥70/EDG≥0.0/CV≤0.7/μ≥0.0/TP≥60,75.86,0.0,0.7,0.0,60.0,70,58,44,14,75.86,7.0,-8.7,22.7,4.059,0.667,12
"[-299,-200]",HR≥70/EDG≥0.0/CV≤0.7/μ≥0.0/TP≥65,75.86,0.0,0.7,0.0,65.0,70,58,44,14,75.86,7.0,-8.7,22.7,4.059,0.667,12
"[-299,-200]",HR≥70/EDG≥0.0/CV≤0.7/μ≥0.5/TP≥-,75.47,0.0,0.7,0.5,,64,53,40,13,75.47,6.23,-10.26,22.72,3.3,0.667,12
"[-299,-200]",HR≥70/EDG≥0.0/CV≤0.7/μ≥0.5/TP≥50,75.47,0.0,0.7,0.5,50.0,64,53,40,13,75.47,6.23,-10.26,22.72,3.3,0.667,12
"[-299,-200]",HR≥70/EDG≥0.0/CV≤0.7/μ≥0.5/TP≥55,75.47,0.0,0.7,0.5,55.0,64,53,40,13,75.47,6.23,-10.26,22.72,3.3,0.667,12
"[-299,-200]",HR≥70/EDG≥0.0/CV≤0.7/μ≥0.5/TP≥60,75.47,0.0,0.7,0.5,60.0,64,53,40,13,75.47,6.23,-10.26,22.72,3.3,0.667,12
"[-299,-200]",HR≥70/EDG≥0.0/CV≤0.7/μ≥0.5/TP≥65,75.47,0.0,0.7,0.5,65.0,64,53,40,13,75.47,6.23,-10.26,22.72,3.3,0.667,12
"[-299,-200]",HR≥70/EDG≥5.0/CV≤-/μ≥-/TP≥-,71.93,5.0,,,,132,114,82,32,71.93,1.77,-9.98,13.51,2.013,0.538,13
"[-299,-200]",HR≥70/EDG≥5.0/CV≤-/μ≥-/TP≥50,71.93,5.0,,,50.0,132,114,82,32,71.93,1.77,-9.98,13.51,2.013,0.538,13
"[-299,-200]",HR≥70/EDG≥5.0/CV≤-/μ≥-/TP≥55,71.93,5.0,,,55.0,132,114,82,32,71.93,1.77,-9.98,13.51,2.013,0.538,13
"[-299,-200]",HR≥70/EDG≥5.0/CV≤-/μ≥-/TP≥60,71.93,5.0,,,60.0,132,114,82,32,71.93,1.77,-9.98,13.51,2.013,0.538,13
"[-299,-200]",HR≥70/EDG≥5.0/CV≤-/μ≥-/TP≥65,71.93,5.0,,,65.0,132,114,82,32,71.93,1.77,-9.98,13.51,2.013,0.538,13
"[-299,-200]",HR≥70/EDG≥5.0/CV≤-/μ≥0.0/TP≥-,71.93,5.0,,0.0,,132,114,82,32,71.93,1.77,-9.98,13.51,2.013,0.538,13
"[-299,-200]",HR≥70/EDG≥5.0/CV≤-/μ≥0.0/TP≥50,71.93,5.0,,0.0,50.0,132,114,82,32,71.93,1.77,-9.98,13.51,2.013,0.538,13
"[-299,-200]",HR≥70/EDG≥5.0/CV≤-/μ≥0.0/TP≥55,71.93,5.0,,0.0,55.0,132,114,82,32,71.93,1.77,-9.98,13.51,2.013,0.538,13
"[-299,-200]",HR≥70/EDG≥5.0/CV≤-/μ≥0.0/TP≥60,71.93,5.0,,0.0,60.0,132,114,82,32,71.93,1.77,-9.98,13.51,2.013,0.538,13
"[-299,-200]",HR≥70/EDG≥5.0/CV≤-/μ≥0.0/TP≥65,71.93,5.0,,0.0,65.0,132,114,82,32,71.93,1.77,-9.98,13.51,2.013,0.538,13
"[-299,-200]",HR≥70/EDG≥5.0/CV≤-/μ≥0.5/TP≥-,71.56,5.0,,0.5,,127,109,78,31,71.56,1.1,-10.94,13.14,1.196,0.538,13
"[-299,-200]",HR≥70/EDG≥5.0/CV≤-/μ≥0.5/TP≥50,71.56,5.0,,0.5,50.0,127,109,78,31,71.56,1.1,-10.94,13.14,1.196,0.538,13
"[-299,-200]",HR≥70/EDG≥5.0/CV≤-/μ≥0.5/TP≥55,71.56,5.0,,0.5,55.0,127,109,78,31,71.56,1.1,-10.94,13.14,1.196,0.538,13
"[-299,-200]",HR≥70/EDG≥5.0/CV≤-/μ≥0.5/TP≥60,71.56,5.0,,0.5,60.0,127,109,78,31,71.56,1.1,-10.94,13.14,1.196,0.538,13
"[-299,-200]",HR≥70/EDG≥5.0/CV≤-/μ≥0.5/TP≥65,71.56,5.0,,0.5,65.0,127,109,78,31,71.56,1.1,-10.94,13.14,1.196,0.538,13
"[-299,-200]",HR≥70/EDG≥5.0/CV≤-/μ≥1.0/TP≥-,73.77,5.0,,1.0,,71,61,45,16,73.77,4.11,-11.63,19.85,2.505,0.538,13
"[-299,-200]",HR≥70/EDG≥5.0/CV≤-/μ≥1.0/TP≥50,73.77,5.0,,1.0,50.0,71,61,45,16,73.77,4.11,-11.63,19.85,2.505,0.538,13
"[-299,-200]",HR≥70/EDG≥5.0/CV≤-/μ≥1.0/TP≥55,73.77,5.0,,1.0,55.0,71,61,45,16,73.77,4.11,-11.63,19.85,2.505,0.538,13
"[-299,-200]",HR≥70/EDG≥5.0/CV≤-/μ≥1.0/TP≥60,73.77,5.0,,1.0,60.0,71,61,45,16,73.77,4.11,-11.63,19.85,2.505,0.538,13
"[-299,-200]",HR≥70/EDG≥5.0/CV≤-/μ≥1.0/TP≥65,73.77,5.0,,1.0,65.0,71,61,45,16,73.77,4.11,-11.63,19.85,2.505,0.538,13
"[-299,-200]",HR≥70/EDG≥5.0/CV≤0.7/μ≥-/TP≥-,74.07,5.0,0.7,,,64,54,40,14,74.07,4.56,-12.12,21.25,2.464,0.583,12
"[-299,-200]",HR≥70/EDG≥5.0/CV≤0.7/μ≥-/TP≥50,74.07,5.0,0.7,,50.0,64,54,40,14,74.07,4.56,-12.12,21.25,2.464,0.583,12
"[-299,-200]",HR≥70/EDG≥5.0/CV≤0.7/μ≥-/TP≥55,74.07,5.0,0.7,,55.0,64,54,40,14,74.07,4.56,-12.12,21.25,2.464,0.583,12
"[-299,-200]",HR≥70/EDG≥5.0/CV≤0.7/μ≥-/TP≥60,74.07,5.0,0.7,,60.0,64,54,40,14,74.07,4.56,-12.12,21.25,2.464,0.583,12
"[-299,-200]",HR≥70/EDG≥5.0/CV≤0.7/μ≥-/TP≥65,74.07,5.0,0.7,,65.0,64,54,40,14,74.07,4.56,-12.12,21.25,2.464,0.583,12
"[-299,-200]",HR≥70/EDG≥5.0/CV≤0.7/μ≥0.0/TP≥-,74.07,5.0,0.7,0.0,,64,54,40,14,74.07,4.56,-12.12,21.25,2.464,0.583,12
"[-299,-200]",HR≥70/EDG≥5.0/CV≤0.7/μ≥0.0/TP≥50,74.07,5.0,0.7,0.0,50.0,64,54,40,14,74.07,4.56,-12.12,21.25,2.464,0.583,12
"[-299,-200]",HR≥70/EDG≥5.0/CV≤0.7/μ≥0.0/TP≥55,74.07,5.0,0.7,0.0,55.0,64,54,40,14,74.07,4.56,-12.12,21.25,2.464,0.583,12
"[-299,-200]",HR≥70/EDG≥5.0/CV≤0.7/μ≥0.0/TP≥60,74.07,5.0,0.7,0.0,60.0,64,54,40,14,74.07,4.56,-12.12,21.25,2.464,0.583,12
"[-299,-200]",HR≥70/EDG≥5.0/CV≤0.7/μ≥0.0/TP≥65,74.07,5.0,0.7,0.0,65.0,64,54,40,14,74.07,4.56,-12.12,21.25,2.464,0.583,12
"[-299,-200]",HR≥70/EDG≥5.0/CV≤0.7/μ≥0.5/TP≥-,74.0,5.0,0.7,0.5,,60,50,37,13,74.0,4.28,-13.06,21.62,2.14,0.667,12
"[-299,-200]",HR≥70/EDG≥5.0/CV≤0.7/μ≥0.5/TP≥50,74.0,5.0,0.7,0.5,50.0,60,50,37,13,74.0,4.28,-13.06,21.62,2.14,0.667,12
"[-299,-200]",HR≥70/EDG≥5.0/CV≤0.7/μ≥0.5/TP≥55,74.0,5.0,0.7,0.5,55.0,60,50,37,13,74.0,4.28,-13.06,21.62,2.14,0.667,12
"[-299,-200]",HR≥70/EDG≥5.0/CV≤0.7/μ≥0.5/TP≥60,74.0,5.0,0.7,0.5,60.0,60,50,37,13,74.0,4.28,-13.06,21.62,2.14,0.667,12
"[-299,-200]",HR≥70/EDG≥5.0/CV≤0.7/μ≥0.5/TP≥65,74.0,5.0,0.7,0.5,65.0,60,50,37,13,74.0,4.28,-13.06,21.62,2.14,0.667,12
"[-299,-200]",HR≥70/EDG≥10.0/CV≤-/μ≥-/TP≥-,72.04,10.0,,,,110,93,67,26,72.04,1.68,-11.29,14.64,1.56,0.385,13
"[-299,-200]",HR≥70/EDG≥10.0/CV≤-/μ≥-/TP≥50,72.04,10.0,,,50.0,110,93,67,26,72.04,1.68,-11.29,14.64,1.56,0.385,13
"[-299,-200]",HR≥70/EDG≥10.0/CV≤-/μ≥-/TP≥55,72.04,10.0,,,55.0,110,93,67,26,72.04,1.68,-11.29,14.64,1.56,0.385,13
"[-299,-200]",HR≥70/EDG≥10.0/CV≤-/μ≥-/TP≥60,72.04,10.0,,,60.0,110,93,67,26,72.04,1.68,-11.29,14.64,1.56,0.385,13
"[-299,-200]",HR≥70/EDG≥10.0/CV≤-/μ≥-/TP≥65,72.04,10.0,,,65.0,110,93,67,26,72.04,1.68,-11.29,14.64,1.56,0.385,13
"[-299,-200]",HR≥70/EDG≥10.0/CV≤-/μ≥0.0/TP≥-,72.04,10.0,,0.0,,110,93,67,26,72.04,1.68,-11.29,14.64,1.56,0.385,13
"[-299,-200]",HR≥70/EDG≥10.0/CV≤-/μ≥0.0/TP≥50,72.04,10.0,,0.0,50.0,110,93,67,26,72.04,1.68,-11.29,14.64,1.56,0.385,13
"[-299,-200]",HR≥70/EDG≥10.0/CV≤-/μ≥0.0/TP≥55,72.04,10.0,,0.0,55.0,110,93,67,26,72.04,1.68,-11.29,14.64,1.56,0.385,13
"[-299,-200]",HR≥70/EDG≥10.0/CV≤-/μ≥0.0/TP≥60,72.04,10.0,,0.0,60.0,110,93,67,26,72.04,1.68,-11.29,14.64,1.56,0.385,13
"[-299,-200]",HR≥70/EDG≥10.0/CV≤-/μ≥0.0/TP≥65,72.04,10.0,,0.0,65.0,110,93,67,26,72.04,1.68,-11.29,14.64,1.56,0.385,13
"[-299,-200]",HR≥70/EDG≥10.0/CV≤-/μ≥0.5/TP≥-,72.04,10.0,,0.5,,110,93,67,26,72.04,1.68,-11.29,14.64,1.56,0.385,13
"[-299,-200]",HR≥70/EDG≥10.0/CV≤-/μ≥0.5/TP≥50,72.04,10.0,,0.5,50.0,110,93,67,26,72.04,1.68,-11.29,14.64,1.56,0.385,13
"[-299,-200]",HR≥70/EDG≥10.0/CV≤-/μ≥0.5/TP≥55,72.04,10.0,,0.5,55.0,110,93,67,26,72.04,1.68,-11.29,14.64,1.56,0.385,13
"[-299,-200]",HR≥70/EDG≥10.0/CV≤-/μ≥0.5/TP≥60,72.04,10.0,,0.5,60.0,110,93,67,26,72.04,1.68,-11.29,14.64,1.56,0.385,13
"[-299,-200]",HR≥70/EDG≥10.0/CV≤-/μ≥0.5/TP≥65,72.04,10.0,,0.5,65.0,110,93,67,26,72.04,1.68,-11.29,14.64,1.56,0.385,13
"[-299,-200]",HR≥70/EDG≥10.0/CV≤-/μ≥1.0/TP≥-,73.33,10.0,,1.0,,70,60,44,16,73.33,3.57,-12.4,19.54,2.142,0.538,13
"[-299,-200]",HR≥70/EDG≥10.0/CV≤-/μ≥1.0/TP≥50,73.33,10.0,,1.0,50.0,70,60,44,16,73.33,3.57,-12.4,19.54,2.142,0.538,13
"[-299,-200]",HR≥70/EDG≥10.0/CV≤-/μ≥1.0/TP≥55,73.33,10.0,,1.0,55.0,70,60,44,16,73.33,3.57,-12.4,19.54,2.142,0.538,13
"[-299,-200]",HR≥70/EDG≥10.0/CV≤-/μ≥1.0/TP≥60,73.33,10.0,,1.0,60.0,70,60,44,16,73.33,3.57,-12.4,19.54,2.142,0.538,13
"[-299,-200]",HR≥70/EDG≥10.0/CV≤-/μ≥1.0/TP≥65,73.33,10.0,,1.0,65.0,70,60,44,16,73.33,3.57,-12.4,19.54,2.142,0.538,13
"[-299,-200]",HR≥70/EDG≥10.0/CV≤0.7/μ≥-/TP≥-,73.81,10.0,0.7,,,51,42,31,11,73.81,3.9,-15.08,22.88,1.636,0.75,12
"[-299,-200]",HR≥70/EDG≥10.0/CV≤0.7/μ≥-/TP≥50,73.81,10.0,0.7,,50.0,51,42,31,11,73.81,3.9,-15.08,22.88,1.636,0.75,12
"[-299,-200]",HR≥70/EDG≥10.0/CV≤0.7/μ≥-/TP≥55,73.81,10.0,0.7,,55.0,51,42,31,11,73.81,3.9,-15.08,22.88,1.636,0.75,12
"[-299,-200]",HR≥70/EDG≥10.0/CV≤0.7/μ≥-/TP≥60,73.81,10.0,0.7,,60.0,51,42,31,11,73.81,3.9,-15.08,22.88,1.636,0.75,12
"[-299,-200]",HR≥70/EDG≥10.0/CV≤0.7/μ≥-/TP≥65,73.81,10.0,0.7,,65.0,51,42,31,11,73.81,3.9,-15.08,22.88,1.636,0.75,12
"[-299,-200]",HR≥70/EDG≥10.0/CV≤0.7/μ≥0.0/TP≥-,73.81,10.0,0.7,0.0,,51,42,31,11,73.81,3.9,-15.08,22.88,1.636,0.75,12
"[-299,-200]",HR≥70/EDG≥10.0/CV≤0.7/μ≥0.0/TP≥50,73.81,10.0,0.7,0.0,50.0,51,42,31,11,73.81,3.9,-15.08,22.88,1.636,0.75,12
"[-299,-200]",HR≥70/EDG≥10.0/CV≤0.7/μ≥0.0/TP≥55,73.81,10.0,0.7,0.0,55.0,51,42,31,11,73.81,3.9,-15.08,22.88,1.636,0.75,12
"[-299,-200]",HR≥70/EDG≥10.0/CV≤0.7/μ≥0.0/TP≥60,73.81,10.0,0.7,0.0,60.0,51,42,31,11,73.81,3.9,-15.08,22.88,1.636,0.75,12
"[-299,-200]",HR≥70/EDG≥10.0/CV≤0.7/μ≥0.0/TP≥65,73.81,10.0,0.7,0.0,65.0,51,42,31,11,73.81,3.9,-15.08,22.88,1.636,0.75,12
"[-299,-200]",HR≥70/EDG≥10.0/CV≤0.7/μ≥0.5/TP≥-,73.81,10.0,0.7,0.5,,51,42,31,11,73.81,3.9,-15.08,22.88,1.636,0.75,12
"[-299,-200]",HR≥70/EDG≥10.0/CV≤0.7/μ≥0.5/TP≥50,73.81,10.0,0.7,0.5,50.0,51,42,31,11,73.81,3.9,-15.08,22.88,1.636,0.75,12
"[-299,-200]",HR≥70/EDG≥10.0/CV≤0.7/μ≥0.5/TP≥55,73.81,10.0,0.7,0.5,55.0,51,42,31,11,73.81,3.9,-15.08,22.88,1.636,0.75,12
"[-299,-200]",HR≥70/EDG≥10.0/CV≤0.7/μ≥0.5/TP≥60,73.81,10.0,0.7,0.5,60.0,51,42,31,11,73.81,3.9,-15.08,22.88,1.636,0.75,12
"[-299,-200]",HR≥70/EDG≥10.0/CV≤0.7/μ≥0.5/TP≥65,73.81,10.0,0.7,0.5,65.0,51,42,31,11,73.81,3.9,-15.08,22.88,1.636,0.75,12
"[-299,-200]",HR≥75/EDG≥-/CV≤-/μ≥-/TP≥-,68.97,,,,,133,116,80,36,68.97,-2.48,-14.46,9.49,-2.882,0.462,13
"[-299,-200]",HR≥75/EDG≥-/CV≤-/μ≥-/TP≥50,68.97,,,,50.0,133,116,80,36,68.97,-2.48,-14.46,9.49,-2.882,0.462,13
"[-299,-200]",HR≥75/EDG≥-/CV≤-/μ≥-/TP≥55,68.97,,,,55.0,133,116,80,36,68.97,-2.48,-14.46,9.49,-2.882,0.462,13
"[-299,-200]",HR≥75/EDG≥-/CV≤-/μ≥-/TP≥60,69.91,,,,60.0,130,113,79,34,69.91,-1.22,-13.25,10.8,-1.382,0.462,13
"[-299,-200]",HR≥75/EDG≥-/CV≤-/μ≥-/TP≥65,69.81,,,,65.0,123,106,74,32,69.81,-1.41,-13.84,11.01,-1.497,0.462,13
"[-299,-200]",HR≥75/EDG≥-/CV≤-/μ≥0.0/TP≥-,68.97,,,0.0,,133,116,80,36,68.97,-2.48,-14.46,9.49,-2.882,0.462,13
"[-299,-200]",HR≥75/EDG≥-/CV≤-/μ≥0.0/TP≥50,68.97,,,0.0,50.0,133,116,80,36,68.97,-2.48,-14.46,9.49,-2.882,0.462,13
"[-299,-200]",HR≥75/EDG≥-/CV≤-/μ≥0.0/TP≥55,68.97,,,0.0,55.0,133,116,80,36,68.97,-2.48,-14.46,9.49,-2.882,0.462,13
"[-299,-200]",HR≥75/EDG≥-/CV≤-/μ≥0.0/TP≥60,69.91,,,0.0,60.0,130,113,79,34,69.91,-1.22,-13.25,10.8,-1.382,0.462,13
"[-299,-200]",HR≥75/EDG≥-/CV≤-/μ≥0.0/TP≥65,69.81,,,0.0,65.0,123,106,74,32,69.81,-1.41,-13.84,11.01,-1.497,0.462,13
"[-299,-200]",HR≥75/EDG≥-/CV≤-/μ≥0.5/TP≥-,70.73,,,0.5,,96,82,58,24,70.73,-0.07,-14.1,13.95,-0.058,0.538,13
"[-299,-200]",HR≥75/EDG≥-/CV≤-/μ≥0.5/TP≥50,70.73,,,0.5,50.0,96,82,58,24,70.73,-0.07,-14.1,13.95,-0.058,0.538,13
"[-299,-200]",HR≥75/EDG≥-/CV≤-/μ≥0.5/TP≥55,70.73,,,0.5,55.0,96,82,58,24,70.73,-0.07,-14.1,13.95,-0.058,0.538,13
"[-299,-200]",HR≥75/EDG≥-/CV≤-/μ≥0.5/TP≥60,70.73,,,0.5,60.0,96,82,58,24,70.73,-0.07,-14.1,13.95,-0.058,0.538,13
"[-299,-200]",HR≥75/EDG≥-/CV≤-/μ≥0.5/TP≥65,70.73,,,0.5,65.0,96,82,58,24,70.73,-0.07,-14.1,13.95,-0.058,0.538,13
"[-299,-200]",HR≥75/EDG≥-/CV≤-/μ≥1.0/TP≥-,71.43,,,1.0,,49,42,30,12,71.43,0.47,-19.02,19.96,0.196,0.615,13
"[-299,-200]",HR≥75/EDG≥-/CV≤-/μ≥1.0/TP≥50,71.43,,,1.0,50.0,49,42,30,12,71.43,0.47,-19.02,19.96,0.196,0.615,13
"[-299,-200]",HR≥75/EDG≥-/CV≤-/μ≥1.0/TP≥55,71.43,,,1.0,55.0,49,42,30,12,71.43,0.47,-19.02,19.96,0.196,0.615,13
"[-299,-200]",HR≥75/EDG≥-/CV≤-/μ≥1.0/TP≥60,71.43,,,1.0,60.0,49,42,30,12,71.43,0.47,-19.02,19.96,0.196,0.615,13
"[-299,-200]",HR≥75/EDG≥-/CV≤-/μ≥1.0/TP≥65,71.43,,,1.0,65.0,49,42,30,12,71.43,0.47,-19.02,19.96,0.196,0.615,13
"[-299,-200]",HR≥75/EDG≥-/CV≤0.7/μ≥-/TP≥-,72.13,,0.7,,,72,61,44,17,72.13,1.61,-14.41,17.62,0.979,0.667,12
"[-299,-200]",HR≥75/EDG≥-/CV≤0.7/μ≥-/TP≥50,72.13,,0.7,,50.0,72,61,44,17,72.13,1.61,-14.41,17.62,0.979,0.667,12
"[-299,-200]",HR≥75/EDG≥-/CV≤0.7/μ≥-/TP≥55,72.13,,0.7,,55.0,72,61,44,17,72.13,1.61,-14.41,17.62,0.979,0.667,12
"[-299,-200]",HR≥75/EDG≥-/CV≤0.7/μ≥-/TP≥60,71.67,,0.7,,60.0,71,60,43,17,71.67,0.8,-15.41,17.0,0.479,0.667,12
"[-299,-200]",HR≥75/EDG≥-/CV≤0.7/μ≥-/TP≥65,71.93,,0.7,,65.0,68,57,41,16,71.93,1.18,-15.41,17.76,0.67,0.667,12
"[-299,-200]",HR≥75/EDG≥-/CV≤0.7/μ≥0.0/TP≥-,72.13,,0.7,0.0,,72,61,44,17,72.13,1.61,-14.41,17.62,0.979,0.667,12
"[-299,-200]",HR≥75/EDG≥-/CV≤0.7/μ≥0.0/TP≥50,72.13,,0.7,0.0,50.0,72,61,44,17,72.13,1.61,-14.41,17.62,0.979,0.667,12
"[-299,-200]",HR≥75/EDG≥-/CV≤0.7/μ≥0.0/TP≥55,72.13,,0.7,0.0,55.0,72,61,44,17,72.13,1.61,-14.41,17.62,0.979,0.667,12
"[-299,-200]",HR≥75/EDG≥-/CV≤0.7/μ≥0.0/TP≥60,71.67,,0.7,0.0,60.0,71,60,43,17,71.67,0.8,-15.41,17.0,0.479,0.667,12
"[-299,-200]",HR≥75/EDG≥-/CV≤0.7/μ≥0.0/TP≥65,71.93,,0.7,0.0,65.0,68,57,41,16,71.93,1.18,-15.41,17.76,0.67,0.667,12
"[-299,-200]",HR≥75/EDG≥-/CV≤0.7/μ≥0.5/TP≥-,73.17,,0.7,0.5,,50,41,30,11,73.17,2.92,-16.43,22.27,1.198,0.667,12
"[-299,-200]",HR≥75/EDG≥-/CV≤0.7/μ≥0.5/TP≥50,73.17,,0.7,0.5,50.0,50,41,30,11,73.17,2.92,-16.43,22.27,1.198,0.667,12
"[-299,-200]",HR≥75/EDG≥-/CV≤0.7/μ≥0.5/TP≥55,73.17,,0.7,0.5,55.0,50,41,30,11,73.17,2.92,-16.43,22.27,1.198,0.667,12
"[-299,-200]",HR≥75/EDG≥-/CV≤0.7/μ≥0.5/TP≥60,73.17,,0.7,0.5,60.0,50,41,30,11,73.17,2.92,-16.43,22.27,1.198,0.667,12
"[-299,-200]",HR≥75/EDG≥-/CV≤0.7/μ≥0.5/TP≥65,73.17,,0.7,0.5,65.0,50,41,30,11,73.17,2.92,-16.43,22.27,1.198,0.667,12
"[-299,-200]",HR≥75/EDG≥-5.0/CV≤-/μ≥-/TP≥-,70.71,-5.0,,,,115,99,70,29,70.71,0.01,-12.76,12.79,0.014,0.462,13
"[-299,-200]",HR≥75/EDG≥-5.0/CV≤-/μ≥-/TP≥50,70.71,-5.0,,,50.0,115,99,70,29,70.71,0.01,-12.76,12.79,0.014,0.462,13
"[-299,-200]",HR≥75/EDG≥-5.0/CV≤-/μ≥-/TP≥55,70.71,-5.0,,,55.0,115,99,70,29,70.71,0.01,-12.76,12.79,0.014,0.462,13
"[-299,-200]",HR≥75/EDG≥-5.0/CV≤-/μ≥-/TP≥60,70.71,-5.0,,,60.0,115,99,70,29,70.71,0.01,-12.76,12.79,0.014,0.462,13
"[-299,-200]",HR≥75/EDG≥-5.0/CV≤-/μ≥-/TP≥65,70.71,-5.0,,,65.0,115,99,70,29,70.71,0.01,-12.76,12.79,0.014,0.462,13
"[-299,-200]",HR≥75/EDG≥-5.0/CV≤-/μ≥0.0/TP≥-,70.71,-5.0,,0.0,,115,99,70,29,70.71,0.01,-12.76,12.79,0.014,0.462,13
"[-299,-200]",HR≥75/EDG≥-5.0/CV≤-/μ≥0.0/TP≥50,70.71,-5.0,,0.0,50.0,115,99,70,29,70.71,0.01,-12.76,12.79,0.014,0.462,13
"[-299,-200]",HR≥75/EDG≥-5.0/CV≤-/μ≥0.0/TP≥55,70.71,-5.0,,0.0,55.0,115,99,70,29,70.71,0.01,-12.76,12.79,0.014,0.462,13
"[-299,-200]",HR≥75/EDG≥-5.0/CV≤-/μ≥0.0/TP≥60,70.71,-5.0,,0.0,60.0,115,99,70,29,70.71,0.01,-12.76,12.79,0.014,0.462,13
"[-299,-200]",HR≥75/EDG≥-5.0/CV≤-/μ≥0.0/TP≥65,70.71,-5.0,,0.0,65.0,115,99,70,29,70.71,0.01,-12.76,12.79,0.014,0.462,13
"[-299,-200]",HR≥75/EDG≥-5.0/CV≤-/μ≥0.5/TP≥-,70.73,-5.0,,0.5,,96,82,58,24,70.73,-0.07,-14.1,13.95,-0.058,0.538,13
"[-299,-200]",HR≥75/EDG≥-5.0/CV≤-/μ≥0.5/TP≥50,70.73,-5.0,,0.5,50.0,96,82,58,24,70.73,-0.07,-14.1,13.95,-0.058,0.538,13
"[-299,-200]",HR≥75/EDG≥-5.0/CV≤-/μ≥0.5/TP≥55,70.73,-5.0,,0.5,55.0,96,82,58,24,70.73,-0.07,-14.1,13.95,-0.058,0.538,13
"[-299,-200]",HR≥75/EDG≥-5.0/CV≤-/μ≥0.5/TP≥60,70.73,-5.0,,0.5,60.0,96,82,58,24,70.73,-0.07,-14.1,13.95,-0.058,0.538,13
"[-299,-200]",HR≥75/EDG≥-5.0/CV≤-/μ≥0.5/TP≥65,70.73,-5.0,,0.5,65.0,96,82,58,24,70.73,-0.07,-14.1,13.95,-0.058,0.538,13
"[-299,-200]",HR≥75/EDG≥-5.0/CV≤-/μ≥1.0/TP≥-,71.43,-5.0,,1.0,,49,42,30,12,71.43,0.47,-19.02,19.96,0.196,0.615,13
"[-299,-200]",HR≥75/EDG≥-5.0/CV≤-/μ≥1.0/TP≥50,71.43,-5.0,,1.0,50.0,49,42,30,12,71.43,0.47,-19.02,19.96,0.196,0.615,13
"[-299,-200]",HR≥75/EDG≥-5.0/CV≤-/μ≥1.0/TP≥55,71.43,-5.0,,1.0,55.0,49,42,30,12,71.43,0.47,-19.02,19.96,0.196,0.615,13
"[-299,-200]",HR≥75/EDG≥-5.0/CV≤-/μ≥1.0/TP≥60,71.43,-5.0,,1.0,60.0,49,42,30,12,71.43,0.47,-19.02,19.96,0.196,0.615,13
"[-299,-200]",HR≥75/EDG≥-5.0/CV≤-/μ≥1.0/TP≥65,71.43,-5.0,,1.0,65.0,49,42,30,12,71.43,0.47,-19.02,19.96,0.196,0.615,13
"[-299,-200]",HR≥75/EDG≥-5.0/CV≤0.7/μ≥-/TP≥-,73.58,-5.0,0.7,,,63,53,39,14,73.58,3.67,-13.25,20.59,1.943,0.667,12
"[-299,-200]",HR≥75/EDG≥-5.0/CV≤0.7/μ≥-/TP≥50,73.58,-5.0,0.7,,50.0,63,53,39,14,73.58,3.67,-13.25,20.59,1.943,0.667,12
"[-299,-200]",HR≥75/EDG≥-5.0/CV≤0.7/μ≥-/TP≥55,73.58,-5.0,0.7,,55.0,63,53,39,14,73.58,3.67,-13.25,20.59,1.943,0.667,12
"[-299,-200]",HR≥75/EDG≥-5.0/CV≤0.7/μ≥-/TP≥60,73.58,-5.0,0.7,,60.0,63,53,39,14,73.58,3.67,-13.25,20.59,1.943,0.667,12
"[-299,-200]",HR≥75/EDG≥-5.0/CV≤0.7/μ≥-/TP≥65,73.58,-5.0,0.7,,65.0,63,53,39,14,73.58,3.67,-13.25,20.59,1.943,0.667,12
"[-299,-200]",HR≥75/EDG≥-5.0/CV≤0.7/μ≥0.0/TP≥-,73.58,-5.0,0.7,0.0,,63,53,39,14,73.58,3.67,-13.25,20.59,1.943,0.667,12
"[-299,-200]",HR≥75/EDG≥-5.0/CV≤0.7/μ≥0.0/TP≥50,73.58,-5.0,0.7,0.0,50.0,63,53,39,14,73.58,3.67,-13.25,20.59,1.943,0.667,12
"[-299,-200]",HR≥75/EDG≥-5.0/CV≤0.7/μ≥0.0/TP≥55,73.58,-5.0,0.7,0.0,55.0,63,53,39,14,73.58,3.67,-13.25,20.59,1.943,0.667,12
"[-299,-200]",HR≥75/EDG≥-5.0/CV≤0.7/μ≥0.0/TP≥60,73.58,-5.0,0.7,0.0,60.0,63,53,39,14,73.58,3.67,-13.25,20.59,1.943,0.667,12
"[-299,-200]",HR≥75/EDG≥-5.0/CV≤0.7/μ≥0.0/TP≥65,73.58,-5.0,0.7,0.0,65.0,63,53,39,14,73.58,3.67,-13.25,20.59,1.943,0.667,12
"[-299,-200]",HR≥75/EDG≥-5.0/CV≤0.7/μ≥0.5/TP≥-,73.17,-5.0,0.7,0.5,,50,41,30,11,73.17,2.92,-16.43,22.27,1.198,0.667,12
"[-299,-200]",HR≥75/EDG≥-5.0/CV≤0.7/μ≥0.5/TP≥50,73.17,-5.0,0.7,0.5,50.0,50,41,30,11,73.17,2.92,-16.43,22.27,1.198,0.667,12
"[-299,-200]",HR≥75/EDG≥-5.0/CV≤0.7/μ≥0.5/TP≥55,73.17,-5.0,0.7,0.5,55.0,50,41,30,11,73.17,2.92,-16.43,22.27,1.198,0.667,12
"[-299,-200]",HR≥75/EDG≥-5.0/CV≤0.7/μ≥0.5/TP≥60,73.17,-5.0,0.7,0.5,60.0,50,41,30,11,73.17,2.92,-16.43,22.27,1.198,0.667,12
"[-299,-200]",HR≥75/EDG≥-5.0/CV≤0.7/μ≥0.5/TP≥65,73.17,-5.0,0.7,0.5,65.0,50,41,30,11,73.17,2.92,-16.43,22.27,1.198,0.667,12
"[-299,-200]",HR≥75/EDG≥0.0/CV≤-/μ≥-/TP≥-,71.26,0.0,,,,102,87,62,25,71.26,0.89,-12.68,14.46,0.775,0.538,13
"[-299,-200]",HR≥75/EDG≥0.0/CV≤-/μ≥-/TP≥50,71.26,0.0,,,50.0,102,87,62,25,71.26,0.89,-12.68,14.46,0.775,0.538,13
"[-299,-200]",HR≥75/EDG≥0.0/CV≤-/μ≥-/TP≥55,71.26,0.0,,,55.0,102,87,62,25,71.26,0.89,-12.68,14.46,0.775,0.538,13
"[-299,-200]",HR≥75/EDG≥0.0/CV≤-/μ≥-/TP≥60,71.26,0.0,,,60.0,102,87,62,25,71.26,0.89,-12.68,14.46,0.775,0.538,13
"[-299,-200]",HR≥75/EDG≥0.0/CV≤-/μ≥-/TP≥65,71.26,0.0,,,65.0,102,87,62,25,71.26,0.89,-12.68,14.46,0.775,0.538,13
"[-299,-200]",HR≥75/EDG≥0.0/CV≤-/μ≥0.0/TP≥-,71.26,0.0,,0.0,,102,87,62,25,71.26,0.89,-12.68,14.46,0.775,0.538,13
"[-299,-200]",HR≥75/EDG≥0.0/CV≤-/μ≥0.0/TP≥50,71.26,0.0,,0.0,50.0,102,87,62,25,71.26,0.89,-12.68,14.46,0.775,0.538,13
"[-299,-200]",HR≥75/EDG≥0.0/CV≤-/μ≥0.0/TP≥55,71.26,0.0,,0.0,55.0,102,87,62,25,71.26,0.89,-12.68,14.46,0.775,0.538,13
"[-299,-200]",HR≥75/EDG≥0.0/CV≤-/μ≥0.0/TP≥60,71.26,0.0,,0.0,60.0,102,87,62,25,71.26,0.89,-12.68,14.46,0.775,0.538,13
"[-299,-200]",HR≥75/EDG≥0.0/CV≤-/μ≥0.0/TP≥65,71.26,0.0,,0.0,65.0,102,87,62,25,71.26,0.89,-12.68,14.46,0.775,0.538,13
"[-299,-200]",HR≥75/EDG≥0.0/CV≤-/μ≥0.5/TP≥-,70.73,0.0,,0.5,,96,82,58,24,70.73,-0.07,-14.1,13.95,-0.058,0.538,13
"[-299,-200]",HR≥75/EDG≥0.0/CV≤-/μ≥0.5/TP≥50,70.73,0.0,,0.5,50.0,96,82,58,24,70.73,-0.07,-14.1,13.95,-0.058,0.538,13
"[-299,-200]",HR≥75/EDG≥0.0/CV≤-/μ≥0.5/TP≥55,70.73,0.0,,0.5,55.0,96,82,58,24,70.73,-0.07,-14.1,13.95,-0.058,0.538,13
"[-299,-200]",HR≥75/EDG≥0.0/CV≤-/μ≥0.5/TP≥60,70.73,0.0,,0.5,60.0,96,82,58,24,70.73,-0.07,-14.1,13.95,-0.058,0.538,13
"[-299,-200]",HR≥75/EDG≥0.0/CV≤-/μ≥0.5/TP≥65,70.73,0.0,,0.5,65.0,96,82,58,24,70.73,-0.07,-14.1,13.95,-0.058,0.538,13
"[-299,-200]",HR≥75/EDG≥0.0/CV≤-/μ≥1.0/TP≥-,71.43,0.0,,1.0,,49,42,30,12,71.43,0.47,-19.02,19.96,0.196,0.615,13
"[-299,-200]",HR≥75/EDG≥0.0/CV≤-/μ≥1.0/TP≥50,71.43,0.0,,1.0,50.0,49,42,30,12,71.43,0.47,-19.02,19.96,0.196,0.615,13
"[-299,-200]",HR≥75/EDG≥0.0/CV≤-/μ≥1.0/TP≥55,71.43,0.0,,1.0,55.0,49,42,30,12,71.43,0.47,-19.02,19.96,0.196,0.615,13
"[-299,-200]",HR≥75/EDG≥0.0/CV≤-/μ≥1.0/TP≥60,71.43,0.0,,1.0,60.0,49,42,30,12,71.43,0.47,-19.02,19.96,0.196,0.615,13
"[-299,-200]",HR≥75/EDG≥0.0/CV≤-/μ≥1.0/TP≥65,71.43,0.0,,1.0,65.0,49,42,30,12,71.43,0.47,-19.02,19.96,0.196,0.615,13
"[-299,-200]",HR≥75/EDG≥0.0/CV≤0.7/μ≥-/TP≥-,72.73,0.0,0.7,,,54,44,32,12,72.73,2.43,-16.36,21.21,1.067,0.667,12
"[-299,-200]",HR≥75/EDG≥0.0/CV≤0.7/μ≥-/TP≥50,72.73,0.0,0.7,,50.0,54,44,32,12,72.73,2.43,-16.36,21.21,1.067,0.667,12
"[-299,-200]",HR≥75/EDG≥0.0/CV≤0.7/μ≥-/TP≥55,72.73,0.0,0.7,,55.0,54,44,32,12,72.73,2.43,-16.36,21.21,1.067,0.667,12
"[-299,-200]",HR≥75/EDG≥0.0/CV≤0.7/μ≥-/TP≥60,72.73,0.0,0.7,,60.0,54,44,32,12,72.73,2.43,-16.36,21.21,1.067,0.667,12
"[-299,-200]",HR≥75/EDG≥0.0/CV≤0.7/μ≥-/TP≥65,72.73,0.0,0.7,,65.0,54,44,32,12,72.73,2.43,-16.36,21.21,1.067,0.667,12
"[-299,-200]",HR≥75/EDG≥0.0/CV≤0.7/μ≥0.0/TP≥-,72.73,0.0,0.7,0.0,,54,44,32,12,72.73,2.43,-16.36,21.21,1.067,0.667,12
"[-299,-200]",HR≥75/EDG≥0.0/CV≤0.7/μ≥0.0/TP≥50,72.73,0.0,0.7,0.0,50.0,54,44,32,12,72.73,2.43,-16.36,21.21,1.067,0.667,12
"[-299,-200]",HR≥75/EDG≥0.0/CV≤0.7/μ≥0.0/TP≥55,72.73,0.0,0.7,0.0,55.0,54,44,32,12,72.73,2.43,-16.36,21.21,1.067,0.667,12
"[-299,-200]",HR≥75/EDG≥0.0/CV≤0.7/μ≥0.0/TP≥60,72.73,0.0,0.7,0.0,60.0,54,44,32,12,72.73,2.43,-16.36,21.21,1.067,0.667,12
"[-299,-200]",HR≥75/EDG≥0.0/CV≤0.7/μ≥0.0/TP≥65,72.73,0.0,0.7,0.0,65.0,54,44,32,12,72.73,2.43,-16.36,21.21,1.067,0.667,12
"[-299,-200]",HR≥75/EDG≥0.0/CV≤0.7/μ≥0.5/TP≥-,73.17,0.0,0.7,0.5,,50,41,30,11,73.17,2.92,-16.43,22.27,1.198,0.667,12
"[-299,-200]",HR≥75/EDG≥0.0/CV≤0.7/μ≥0.5/TP≥50,73.17,0.0,0.7,0.5,50.0,50,41,30,11,73.17,2.92,-16.43,22.27,1.198,0.667,12
"[-299,-200]",HR≥75/EDG≥0.0/CV≤0.7/μ≥0.5/TP≥55,73.17,0.0,0.7,0.5,55.0,50,41,30,11,73.17,2.92,-16.43,22.27,1.198,0.667,12
"[-299,-200]",HR≥75/EDG≥0.0/CV≤0.7/μ≥0.5/TP≥60,73.17,0.0,0.7,0.5,60.0,50,41,30,11,73.17,2.92,-16.43,22.27,1.198,0.667,12
"[-299,-200]",HR≥75/EDG≥0.0/CV≤0.7/μ≥0.5/TP≥65,73.17,0.0,0.7,0.5,65.0,50,41,30,11,73.17,2.92,-16.43,22.27,1.198,0.667,12
"[-299,-200]",HR≥75/EDG≥5.0/CV≤-/μ≥-/TP≥-,68.83,5.0,,,,90,77,53,24,68.83,-2.68,-17.43,12.07,-2.061,0.462,13
"[-299,-200]",HR≥75/EDG≥5.0/CV≤-/μ≥-/TP≥50,68.83,5.0,,,50.0,90,77,53,24,68.83,-2.68,-17.43,12.07,-2.061,0.462,13
"[-299,-200]",HR≥75/EDG≥5.0/CV≤-/μ≥-/TP≥55,68.83,5.0,,,55.0,90,77,53,24,68.83,-2.68,-17.43,12.07,-2.061,0.462,13
"[-299,-200]",HR≥75/EDG≥5.0/CV≤-/μ≥-/TP≥60,68.83,5.0,,,60.0,90,77,53,24,68.83,-2.68,-17.43,12.07,-2.061,0.462,13
"[-299,-200]",HR≥75/EDG≥5.0/CV≤-/μ≥-/TP≥65,68.83,5.0,,,65.0,90,77,53,24,68.83,-2.68,-17.43,12.07,-2.061,0.462,13
"[-299,-200]",HR≥75/EDG≥5.0/CV≤-/μ≥0.0/TP≥-,68.83,5.0,,0.0,,90,77,53,24,68.83,-2.68,-17.43,12.07,-2.061,0.462,13
"[-299,-200]",HR≥75/EDG≥5.0/CV≤-/μ≥0.0/TP≥50,68.83,5.0,,0.0,50.0,90,77,53,24,68.83,-2.68,-17.43,12.07,-2.061,0.462,13
"[-299,-200]",HR≥75/EDG≥5.0/CV≤-/μ≥0.0/TP≥55,68.83,5.0,,0.0,55.0,90,77,53,24,68.83,-2.68,-17.43,12.07,-2.061,0.462,13
"[-299,-200]",HR≥75/EDG≥5.0/CV≤-/μ≥0.0/TP≥60,68.83,5.0,,0.0,60.0,90,77,53,24,68.83,-2.68,-17.43,12.07,-2.061,0.462,13
"[-299,-200]",HR≥75/EDG≥5.0/CV≤-/μ≥0.0/TP≥65,68.83,5.0,,0.0,65.0,90,77,53,24,68.83,-2.68,-17.43,12.07,-2.061,0.462,13
"[-299,-200]",HR≥75/EDG≥5.0/CV≤-/μ≥0.5/TP≥-,68.92,5.0,,0.5,,87,74,51,23,68.92,-2.61,-17.64,12.42,-1.931,0.462,13
"[-299,-200]",HR≥75/EDG≥5.0/CV≤-/μ≥0.5/TP≥50,68.92,5.0,,0.5,50.0,87,74,51,23,68.92,-2.61,-17.64,12.42,-1.931,0.462,13
"[-299,-200]",HR≥75/EDG≥5.0/CV≤-/μ≥0.5/TP≥55,68.92,5.0,,0.5,55.0,87,74,51,23,68.92,-2.61,-17.64,12.42,-1.931,0.462,13
"[-299,-200]",HR≥75/EDG≥5.0/CV≤-/μ≥0.5/TP≥60,68.92,5.0,,0.5,60.0,87,74,51,23,68.92,-2.61,-17.64,12.42,-1.931,0.462,13
"[-299,-200]",HR≥75/EDG≥5.0/CV≤-/μ≥0.5/TP≥65,68.92,5.0,,0.5,65.0,87,74,51,23,68.92,-2.61,-17.64,12.42,-1.931,0.462,13
"[-299,-200]",HR≥75/EDG≥5.0/CV≤-/μ≥1.0/TP≥-,71.43,5.0,,1.0,,49,42,30,12,71.43,0.47,-19.02,19.96,0.196,0.615,13
"[-299,-200]",HR≥75/EDG≥5.0/CV≤-/μ≥1.0/TP≥50,71.43,5.0,,1.0,50.0,49,42,30,12,71.43,0.47,-19.02,19.96,0.196,0.615,13
"[-299,-200]",HR≥75/EDG≥5.0/CV≤-/μ≥1.0/TP≥55,71.43,5.0,,1.0,55.0,49,42,30,12,71.43,0.47,-19.02,19.96,0.196,0.615,13
"[-299,-200]",HR≥75/EDG≥5.0/CV≤-/μ≥1.0/TP≥60,71.43,5.0,,1.0,60.0,49,42,30,12,71.43,0.47,-19.02,19.96,0.196,0.615,13
"[-299,-200]",HR≥75/EDG≥5.0/CV≤-/μ≥1.0/TP≥65,71.43,5.0,,1.0,65.0,49,42,30,12,71.43,0.47,-19.02,19.96,0.196,0.615,13
"[-299,-200]",HR≥75/EDG≥5.0/CV≤0.7/μ≥-/TP≥-,70.73,5.0,0.7,,,49,41,29,12,70.73,-0.23,-20.15,19.7,-0.093,0.583,12
"[-299,-200]",HR≥75/EDG≥5.0/CV≤0.7/μ≥-/TP≥50,70.73,5.0,0.7,,50.0,49,41,29,12,70.73,-0.23,-20.15,19.7,-0.093,0.583,12
"[-299,-200]",HR≥75/EDG≥5.0/CV≤0.7/μ≥-/TP≥55,70.73,5.0,0.7,,55.0,49,41,29,12,70.73,-0.23,-20.15,19.7,-0.093,0.583,12
"[-299,-200]",HR≥75/EDG≥5.0/CV≤0.7/μ≥-/TP≥60,70.73,5.0,0.7,,60.0,49,41,29,12,70.73,-0.23,-20.15,19.7,-0.093,0.583,12
"[-299,-200]",HR≥75/EDG≥5.0/CV≤0.7/μ≥-/TP≥65,70.73,5.0,0.7,,65.0,49,41,29,12,70.73,-0.23,-20.15,19.7,-0.093,0.583,12
"[-299,-200]",HR≥75/EDG≥5.0/CV≤0.7/μ≥0.0/TP≥-,70.73,5.0,0.7,0.0,,49,41,29,12,70.73,-0.23,-20.15,19.7,-0.093,0.583,12
"[-299,-200]",HR≥75/EDG≥5.0/CV≤0.7/μ≥0.0/TP≥50,70.73,5.0,0.7,0.0,50.0,49,41,29,12,70.73,-0.23,-20.15,19.7,-0.093,0.583,12
"[-299,-200]",HR≥75/EDG≥5.0/CV≤0.7/μ≥0.0/TP≥55,70.73,5.0,0.7,0.0,55.0,49,41,29,12,70.73,-0.23,-20.15,19.7,-0.093,0.583,12
"[-299,-200]",HR≥75/EDG≥5.0/CV≤0.7/μ≥0.0/TP≥60,70.73,5.0,0.7,0.0,60.0,49,41,29,12,70.73,-0.23,-20.15,19.7,-0.093,0.583,12
"[-299,-200]",HR≥75/EDG≥5.0/CV≤0.7/μ≥0.0/TP≥65,70.73,5.0,0.7,0.0,65.0,49,41,29,12,70.73,-0.23,-20.15,19.7,-0.093,0.583,12
"[-299,-200]",HR≥75/EDG≥5.0/CV≤0.7/μ≥0.5/TP≥-,71.05,5.0,0.7,0.5,,46,38,27,11,71.05,0.1,-20.52,20.72,0.038,0.667,12
"[-299,-200]",HR≥75/EDG≥5.0/CV≤0.7/μ≥0.5/TP≥50,71.05,5.0,0.7,0.5,50.0,46,38,27,11,71.05,0.1,-20.52,20.72,0.038,0.667,12
"[-299,-200]",HR≥75/EDG≥5.0/CV≤0.7/μ≥0.5/TP≥55,71.05,5.0,0.7,0.5,55.0,46,38,27,11,71.05,0.1,-20.52,20.72,0.038,0.667,12
"[-299,-200]",HR≥75/EDG≥5.0/CV≤0.7/μ≥0.5/TP≥60,71.05,5.0,0.7,0.5,60.0,46,38,27,11,71.05,0.1,-20.52,20.72,0.038,0.667,12
"[-299,-200]",HR≥75/EDG≥5.0/CV≤0.7/μ≥0.5/TP≥65,71.05,5.0,0.7,0.5,65.0,46,38,27,11,71.05,0.1,-20.52,20.72,0.038,0.667,12
"[-299,-200]",HR≥75/EDG≥10.0/CV≤-/μ≥-/TP≥-,68.25,10.0,,,,75,63,43,20,68.25,-3.84,-20.19,12.51,-2.418,0.462,13
"[-299,-200]",HR≥75/EDG≥10.0/CV≤-/μ≥-/TP≥50,68.25,10.0,,,50.0,75,63,43,20,68.25,-3.84,-20.19,12.51,-2.418,0.462,13
"[-299,-200]",HR≥75/EDG≥10.0/CV≤-/μ≥-/TP≥55,68.25,10.0,,,55.0,75,63,43,20,68.25,-3.84,-20.19,12.51,-2.418,0.462,13
"[-299,-200]",HR≥75/EDG≥10.0/CV≤-/μ≥-/TP≥60,68.25,10.0,,,60.0,75,63,43,20,68.25,-3.84,-20.19,12.51,-2.418,0.462,13
"[-299,-200]",HR≥75/EDG≥10.0/CV≤-/μ≥-/TP≥65,68.25,10.0,,,65.0,75,63,43,20,68.25,-3.84,-20.19,12.51,-2.418,0.462,13
"[-299,-200]",HR≥75/EDG≥10.0/CV≤-/μ≥0.0/TP≥-,68.25,10.0,,0.0,,75,63,43,20,68.25,-3.84,-20.19,12.51,-2.418,0.462,13
"[-299,-200]",HR≥75/EDG≥10.0/CV≤-/μ≥0.0/TP≥50,68.25,10.0,,0.0,50.0,75,63,43,20,68.25,-3.84,-20.19,12.51,-2.418,0.462,13
"[-299,-200]",HR≥75/EDG≥10.0/CV≤-/μ≥0.0/TP≥55,68.25,10.0,,0.0,55.0,75,63,43,20,68.25,-3.84,-20.19,12.51,-2.418,0.462,13
"[-299,-200]",HR≥75/EDG≥10.0/CV≤-/μ≥0.0/TP≥60,68.25,10.0,,0.0,60.0,75,63,43,20,68.25,-3.84,-20.19,12.51,-2.418,0.462,13
"[-299,-200]",HR≥75/EDG≥10.0/CV≤-/μ≥0.0/TP≥65,68.25,10.0,,0.0,65.0,75,63,43,20,68.25,-3.84,-20.19,12.51,-2.418,0.462,13
"[-299,-200]",HR≥75/EDG≥10.0/CV≤-/μ≥0.5/TP≥-,68.25,10.0,,0.5,,75,63,43,20,68.25,-3.84,-20.19,12.51,-2.418,0.462,13
"[-299,-200]",HR≥75/EDG≥10.0/CV≤-/μ≥0.5/TP≥50,68.25,10.0,,0.5,50.0,75,63,43,20,68.25,-3.84,-20.19,12.51,-2.418,0.462,13
"[-299,-200]",HR≥75/EDG≥10.0/CV≤-/μ≥0.5/TP≥55,68.25,10.0,,0.5,55.0,75,63,43,20,68.25,-3.84,-20.19,12.51,-2.418,0.462,13
"[-299,-200]",HR≥75/EDG≥10.0/CV≤-/μ≥0.5/TP≥60,68.25,10.0,,0.5,60.0,75,63,43,20,68.25,-3.84,-20.19,12.51,-2.418,0.462,13
"[-299,-200]",HR≥75/EDG≥10.0/CV≤-/μ≥0.5/TP≥65,68.25,10.0,,0.5,65.0,75,63,43,20,68.25,-3.84,-20.19,12.51,-2.418,0.462,13
"[-299,-200]",HR≥75/EDG≥10.0/CV≤-/μ≥1.0/TP≥-,70.73,10.0,,1.0,,48,41,29,12,70.73,-0.41,-20.3,19.49,-0.168,0.615,13
"[-299,-200]",HR≥75/EDG≥10.0/CV≤-/μ≥1.0/TP≥50,70.73,10.0,,1.0,50.0,48,41,29,12,70.73,-0.41,-20.3,19.49,-0.168,0.615,13
"[-299,-200]",HR≥75/EDG≥10.0/CV≤-/μ≥1.0/TP≥55,70.73,10.0,,1.0,55.0,48,41,29,12,70.73,-0.41,-20.3,19.49,-0.168,0.615,13
"[-299,-200]",HR≥75/EDG≥10.0/CV≤-/μ≥1.0/TP≥60,70.73,10.0,,1.0,60.0,48,41,29,12,70.73,-0.41,-20.3,19.49,-0.168,0.615,13
"[-299,-200]",HR≥75/EDG≥10.0/CV≤-/μ≥1.0/TP≥65,70.73,10.0,,1.0,65.0,48,41,29,12,70.73,-0.41,-20.3,19.49,-0.168,0.615,13
"[-299,-200]",HR≥75/EDG≥10.0/CV≤0.7/μ≥-/TP≥-,69.7,10.0,0.7,,,40,33,23,10,69.7,-2.04,-24.46,20.38,-0.673,0.636,11
"[-299,-200]",HR≥75/EDG≥10.0/CV≤0.7/μ≥-/TP≥50,69.7,10.0,0.7,,50.0,40,33,23,10,69.7,-2.04,-24.46,20.38,-0.673,0.636,11
"[-299,-200]",HR≥75/EDG≥10.0/CV≤0.7/μ≥-/TP≥55,69.7,10.0,0.7,,55.0,40,33,23,10,69.7,-2.04,-24.46,20.38,-0.673,0.636,11
"[-299,-200]",HR≥75/EDG≥10.0/CV≤0.7/μ≥-/TP≥60,69.7,10.0,0.7,,60.0,40,33,23,10,69.7,-2.04,-24.46,20.38,-0.673,0.636,11
"[-299,-200]",HR≥75/EDG≥10.0/CV≤0.7/μ≥-/TP≥65,69.7,10.0,0.7,,65.0,40,33,23,10,69.7,-2.04,-24.46,20.38,-0.673,0.636,11
"[-299,-200]",HR≥75/EDG≥10.0/CV≤0.7/μ≥0.0/TP≥-,69.7,10.0,0.7,0.0,,40,33,23,10,69.7,-2.04,-24.46,20.38,-0.673,0.636,11
"[-299,-200]",HR≥75/EDG≥10.0/CV≤0.7/μ≥0.0/TP≥50,69.7,10.0,0.7,0.0,50.0,40,33,23,10,69.7,-2.04,-24.46,20.38,-0.673,0.636,11
"[-299,-200]",HR≥75/EDG≥10.0/CV≤0.7/μ≥0.0/TP≥55,69.7,10.0,0.7,0.0,55.0,40,33,23,10,69.7,-2.04,-24.46,20.38,-0.673,0.636,11
"[-299,-200]",HR≥75/EDG≥10.0/CV≤0.7/μ≥0.0/TP≥60,69.7,10.0,0.7,0.0,60.0,40,33,23,10,69.7,-2.04,-24.46,20.38,-0.673,0.636,11
"[-299,-200]",HR≥75/EDG≥10.0/CV≤0.7/μ≥0.0/TP≥65,69.7,10.0,0.7,0.0,65.0,40,33,23,10,69.7,-2.04,-24.46,20.38,-0.673,0.636,11
"[-299,-200]",HR≥75/EDG≥10.0/CV≤0.7/μ≥0.5/TP≥-,69.7,10.0,0.7,0.5,,40,33,23,10,69.7,-2.04,-24.46,20.38,-0.673,0.636,11
"[-299,-200]",HR≥75/EDG≥10.0/CV≤0.7/μ≥0.5/TP≥50,69.7,10.0,0.7,0.5,50.0,40,33,23,10,69.7,-2.04,-24.46,20.38,-0.673,0.636,11
"[-299,-200]",HR≥75/EDG≥10.0/CV≤0.7/μ≥0.5/TP≥55,69.7,10.0,0.7,0.5,55.0,40,33,23,10,69.7,-2.04,-24.46,20.38,-0.673,0.636,11
"[-299,-200]",HR≥75/EDG≥10.0/CV≤0.7/μ≥0.5/TP≥60,69.7,10.0,0.7,0.5,60.0,40,33,23,10,69.7,-2.04,-24.46,20.38,-0.673,0.636,11
"[-299,-200]",HR≥75/EDG≥10.0/CV≤0.7/μ≥0.5/TP≥65,69.7,10.0,0.7,0.5,65.0,40,33,23,10,69.7,-2.04,-24.46,20.38,-0.673,0.636,11
"[-199,-150]",HR≥-/EDG≥-/CV≤-/μ≥-/TP≥-,59.26,,,,,595,513,304,209,59.26,-6.15,-12.9,0.59,-31.57,0.154,13
"[-199,-150]",HR≥-/EDG≥-/CV≤-/μ≥-/TP≥50,59.39,,,,50.0,533,458,272,186,59.39,-5.99,-13.13,1.15,-27.436,0.308,13
"[-199,-150]",HR≥-/EDG≥-/CV≤-/μ≥-/TP≥55,60.05,,,,55.0,506,433,260,173,60.05,-5.03,-12.35,2.28,-21.799,0.308,13
"[-199,-150]",HR≥-/EDG≥-/CV≤-/μ≥-/TP≥60,60.81,,,,60.0,460,393,239,154,60.81,-3.93,-11.57,3.71,-15.448,0.308,13
"[-199,-150]",HR≥-/EDG≥-/CV≤-/μ≥-/TP≥65,61.04,,,,65.0,384,326,199,127,61.04,-3.49,-11.89,4.9,-11.392,0.231,13
"[-199,-150]",HR≥-/EDG≥-/CV≤-/μ≥0.0/TP≥-,59.39,,,0.0,,533,458,272,186,59.39,-5.99,-13.13,1.15,-27.436,0.308,13
"[-199,-150]",HR≥-/EDG≥-/CV≤-/μ≥0.0/TP≥50,59.39,,,0.0,50.0,533,458,272,186,59.39,-5.99,-13.13,1.15,-27.436,0.308,13
"[-199,-150]",HR≥-/EDG≥-/CV≤-/μ≥0.0/TP≥55,60.05,,,0.0,55.0,506,433,260,173,60.05,-5.03,-12.35,2.28,-21.799,0.308,13
"[-199,-150]",HR≥-/EDG≥-/CV≤-/μ≥0.0/TP≥60,60.81,,,0.0,60.0,460,393,239,154,60.81,-3.93,-11.57,3.71,-15.448,0.308,13
"[-199,-150]",HR≥-/EDG≥-/CV≤-/μ≥0.0/TP≥65,61.04,,,0.0,65.0,384,326,199,127,61.04,-3.49,-11.89,4.9,-11.392,0.231,13
"[-199,-150]",HR≥-/EDG≥-/CV≤-/μ≥0.5/TP≥-,63.45,,,0.5,,292,249,158,91,63.45,0.46,-9.04,9.97,1.154,0.462,13
"[-199,-150]",HR≥-/EDG≥-/CV≤-/μ≥0.5/TP≥50,63.45,,,0.5,50.0,292,249,158,91,63.45,0.46,-9.04,9.97,1.154,0.462,13
"[-199,-150]",HR≥-/EDG≥-/CV≤-/μ≥0.5/TP≥55,63.45,,,0.5,55.0,292,249,158,91,63.45,0.46,-9.04,9.97,1.154,0.462,13
"[-199,-150]",HR≥-/EDG≥-/CV≤-/μ≥0.5/TP≥60,63.45,,,0.5,60.0,292,249,158,91,63.45,0.46,-9.04,9.97,1.154,0.462,13
"[-199,-150]",HR≥-/EDG≥-/CV≤-/μ≥0.5/TP≥65,63.31,,,0.5,65.0,291,248,157,91,63.31,0.25,-9.28,9.78,0.628,0.462,13
"[-199,-150]",HR≥-/EDG≥-/CV≤-/μ≥1.0/TP≥-,65.0,,,1.0,,114,100,65,35,65.0,2.56,-12.28,17.41,2.565,0.455,11
"[-199,-150]",HR≥-/EDG≥-/CV≤-/μ≥1.0/TP≥50,65.0,,,1.0,50.0,114,100,65,35,65.0,2.56,-12.28,17.41,2.565,0.455,11
"[-199,-150]",HR≥-/EDG≥-/CV≤-/μ≥1.0/TP≥55,65.0,,,1.0,55.0,114,100,65,35,65.0,2.56,-12.28,17.41,2.565,0.455,11
"[-199,-150]",HR≥-/EDG≥-/CV≤-/μ≥1.0/TP≥60,65.0,,,1.0,60.0,114,100,65,35,65.0,2.56,-12.28,17.41,2.565,0.455,11
"[-199,-150]",HR≥-/EDG≥-/CV≤-/μ≥1.0/TP≥65,65.0,,,1.0,65.0,114,100,65,35,65.0,2.56,-12.28,17.41,2.565,0.455,11
"[-199,-150]",HR≥-/EDG≥-/CV≤0.7/μ≥-/TP≥-,50.82,,0.7,,,70,61,31,30,50.82,-20.09,-40.0,-0.18,-12.253,0.25,12
"[-199,-150]",HR≥-/EDG≥-/CV≤0.7/μ≥-/TP≥50,53.45,,0.7,,50.0,67,58,31,27,53.45,-15.95,-36.34,4.43,-9.253,0.25,12
"[-199,-150]",HR≥-/EDG≥-/CV≤0.7/μ≥-/TP≥55,54.39,,0.7,,55.0,66,57,31,26,54.39,-14.48,-35.02,6.06,-8.253,0.333,12
"[-199,-150]",HR≥-/EDG≥-/CV≤0.7/μ≥-/TP≥60,54.39,,0.7,,60.0,66,57,31,26,54.39,-14.48,-35.02,6.06,-8.253,0.333,12
"[-199,-150]",HR≥-/EDG≥-/CV≤0.7/μ≥-/TP≥65,55.36,,0.7,,65.0,65,56,31,25,55.36,-12.95,-33.63,7.73,-7.253,0.333,12
"[-199,-150]",HR≥-/EDG≥-/CV≤0.7/μ≥0.0/TP≥-,53.45,,0.7,0.0,,67,58,31,27,53.45,-15.95,-36.34,4.43,-9.253,0.25,12
"[-199,-150]",HR≥-/EDG≥-/CV≤0.7/μ≥0.0/TP≥50,53.45,,0.7,0.0,50.0,67,58,31,27,53.45,-15.95,-36.34,4.43,-9.253,0.25,12
"[-199,-150]",HR≥-/EDG≥-/CV≤0.7/μ≥0.0/TP≥55,54.39,,0.7,0.0,55.0,66,57,31,26,54.39,-14.48,-35.02,6.06,-8.253,0.333,12
"[-199,-150]",HR≥-/EDG≥-/CV≤0.7/μ≥0.0/TP≥60,54.39,,0.7,0.0,60.0,66,57,31,26,54.39,-14.48,-35.02,6.06,-8.253,0.333,12
"[-199,-150]",HR≥-/EDG≥-/CV≤0.7/μ≥0.0/TP≥65,55.36,,0.7,0.0,65.0,65,56,31,25,55.36,-12.95,-33.63,7.73,-7.253,0.333,12
"[-199,-150]",HR≥-/EDG≥-/CV≤0.7/μ≥0.5/TP≥-,56.41,,0.7,0.5,,45,39,22,17,56.41,-11.19,-36.04,13.67,-4.363,0.5,12
"[-199,-150]",HR≥-/EDG≥-/CV≤0.7/μ≥0.5/TP≥50,56.41,,0.7,0.5,50.0,45,39,22,17,56.41,-11.19,-36.04,13.67,-4.363,0.5,12
"[-199,-150]",HR≥-/EDG≥-/CV≤0.7/μ≥0.5/TP≥55,56.41,,0.7,0.5,55.0,45,39,22,17,56.41,-11.19,-36.04,13.67,-4.363,0.5,12
"[-199,-150]",HR≥-/EDG≥-/CV≤0.7/μ≥0.5/TP≥60,56.41,,0.7,0.5,60.0,45,39,22,17,56.41,-11.19,-36.04,13.67,-4.363,0.5,12
"[-199,-150]",HR≥-/EDG≥-/CV≤0.7/μ≥0.5/TP≥65,56.41,,0.7,0.5,65.0,45,39,22,17,56.41,-11.19,-36.04,13.67,-4.363,0.5,12
"[-199,-150]",HR≥-/EDG≥-5.0/CV≤-/μ≥-/TP≥-,60.54,-5.0,,,,478,408,247,161,60.54,-4.23,-11.75,3.3,-17.244,0.308,13
"[-199,-150]",HR≥-/EDG≥-5.0/CV≤-/μ≥-/TP≥50,60.54,-5.0,,,50.0,478,408,247,161,60.54,-4.23,-11.75,3.3,-17.244,0.308,13
"[-199,-150]",HR≥-/EDG≥-5.0/CV≤-/μ≥-/TP≥55,60.54,-5.0,,,55.0,478,408,247,161,60.54,-4.23,-11.75,3.3,-17.244,0.308,13
"[-199,-150]",HR≥-/EDG≥-5.0/CV≤-/μ≥-/TP≥60,60.77,-5.0,,,60.0,457,390,237,153,60.77,-3.97,-11.65,3.71,-15.485,0.308,13
"[-199,-150]",HR≥-/EDG≥-5.0/CV≤-/μ≥-/TP≥65,61.04,-5.0,,,65.0,384,326,199,127,61.04,-3.49,-11.89,4.9,-11.392,0.231,13
"[-199,-150]",HR≥-/EDG≥-5.0/CV≤-/μ≥0.0/TP≥-,60.54,-5.0,,0.0,,478,408,247,161,60.54,-4.23,-11.75,3.3,-17.244,0.308,13
"[-199,-150]",HR≥-/EDG≥-5.0/CV≤-/μ≥0.0/TP≥50,60.54,-5.0,,0.0,50.0,478,408,247,161,60.54,-4.23,-11.75,3.3,-17.244,0.308,13
"[-199,-150]",HR≥-/EDG≥-5.0/CV≤-/μ≥0.0/TP≥55,60.54,-5.0,,0.0,55.0,478,408,247,161,60.54,-4.23,-11.75,3.3,-17.244,0.308,13
"[-199,-150]",HR≥-/EDG≥-5.0/CV≤-/μ≥0.0/TP≥60,60.77,-5.0,,0.0,60.0,457,390,237,153,60.77,-3.97,-11.65,3.71,-15.485,0.308,13
"[-199,-150]",HR≥-/EDG≥-5.0/CV≤-/μ≥0.0/TP≥65,61.04,-5.0,,0.0,65.0,384,326,199,127,61.04,-3.49,-11.89,4.9,-11.392,0.231,13
"[-199,-150]",HR≥-/EDG≥-5.0/CV≤-/μ≥0.5/TP≥-,63.45,-5.0,,0.5,,292,249,158,91,63.45,0.46,-9.04,9.97,1.154,0.462,13
"[-199,-150]",HR≥-/EDG≥-5.0/CV≤-/μ≥0.5/TP≥50,63.45,-5.0,,0.5,50.0,292,249,158,91,63.45,0.46,-9.04,9.97,1.154,0.462,13
"[-199,-150]",HR≥-/EDG≥-5.0/CV≤-/μ≥0.5/TP≥55,63.45,-5.0,,0.5,55.0,292,249,158,91,63.45,0.46,-9.04,9.97,1.154,0.462,13
"[-199,-150]",HR≥-/EDG≥-5.0/CV≤-/μ≥0.5/TP≥60,63.45,-5.0,,0.5,60.0,292,249,158,91,63.45,0.46,-9.04,9.97,1.154,0.462,13
"[-199,-150]",HR≥-/EDG≥-5.0/CV≤-/μ≥0.5/TP≥65,63.31,-5.0,,0.5,65.0,291,248,157,91,63.31,0.25,-9.28,9.78,0.628,0.462,13
"[-199,-150]",HR≥-/EDG≥-5.0/CV≤-/μ≥1.0/TP≥-,65.0,-5.0,,1.0,,114,100,65,35,65.0,2.56,-12.28,17.41,2.565,0.455,11
"[-199,-150]",HR≥-/EDG≥-5.0/CV≤-/μ≥1.0/TP≥50,65.0,-5.0,,1.0,50.0,114,100,65,35,65.0,2.56,-12.28,17.41,2.565,0.455,11
"[-199,-150]",HR≥-/EDG≥-5.0/CV≤-/μ≥1.0/TP≥55,65.0,-5.0,,1.0,55.0,114,100,65,35,65.0,2.56,-12.28,17.41,2.565,0.455,11
"[-199,-150]",HR≥-/EDG≥-5.0/CV≤-/μ≥1.0/TP≥60,65.0,-5.0,,1.0,60.0,114,100,65,35,65.0,2.56,-12.28,17.41,2.565,0.455,11
"[-199,-150]",HR≥-/EDG≥-5.0/CV≤-/μ≥1.0/TP≥65,65.0,-5.0,,1.0,65.0,114,100,65,35,65.0,2.56,-12.28,17.41,2.565,0.455,11
"[-199,-150]",HR≥-/EDG≥-5.0/CV≤0.7/μ≥-/TP≥-,54.39,-5.0,0.7,,,66,57,31,26,54.39,-14.48,-35.02,6.06,-8.253,0.333,12
"[-199,-150]",HR≥-/EDG≥-5.0/CV≤0.7/μ≥-/TP≥50,54.39,-5.0,0.7,,50.0,66,57,31,26,54.39,-14.48,-35.02,6.06,-8.253,0.333,12
"[-199,-150]",HR≥-/EDG≥-5.0/CV≤0.7/μ≥-/TP≥55,54.39,-5.0,0.7,,55.0,66,57,31,26,54.39,-14.48,-35.02,6.06,-8.253,0.333,12
"[-199,-150]",HR≥-/EDG≥-5.0/CV≤0.7/μ≥-/TP≥60,54.39,-5.0,0.7,,60.0,66,57,31,26,54.39,-14.48,-35.02,6.06,-8.253,0.333,12
"[-199,-150]",HR≥-/EDG≥-5.0/CV≤0.7/μ≥-/TP≥65,55.36,-5.0,0.7,,65.0,65,56,31,25,55.36,-12.95,-33.63,7.73,-7.253,0.333,12
"[-199,-150]",HR≥-/EDG≥-5.0/CV≤0.7/μ≥0.0/TP≥-,54.39,-5.0,0.7,0.0,,66,57,31,26,54.39,-14.48,-35.02,6.06,-8.253,0.333,12
"[-199,-150]",HR≥-/EDG≥-5.0/CV≤0.7/μ≥0.0/TP≥50,54.39,-5.0,0.7,0.0,50.0,66,57,31,26,54.39,-14.48,-35.02,6.06,-8.253,0.333,12
"[-199,-150]",HR≥-/EDG≥-5.0/CV≤0.7/μ≥0.0/TP≥55,54.39,-5.0,0.7,0.0,55.0,66,57,31,26,54.39,-14.48,-35.02,6.06,-8.253,0.333,12
"[-199,-150]",HR≥-/EDG≥-5.0/CV≤0.7/μ≥0.0/TP≥60,54.39,-5.0,0.7,0.0,60.0,66,57,31,26,54.39,-14.48,-35.02,6.06,-8.253,0.333,12
"[-199,-150]",HR≥-/EDG≥-5.0/CV≤0.7/μ≥0.0/TP≥65,55.36,-5.0,0.7,0.0,65.0,65,56,31,25,55.36,-12.95,-33.63,7.73,-7.253,0.333,12
"[-199,-150]",HR≥-/EDG≥-5.0/CV≤0.7/μ≥0.5/TP≥-,56.41,-5.0,0.7,0.5,,45,39,22,17,56.41,-11.19,-36.04,13.67,-4.363,0.5,12
"[-199,-150]",HR≥-/EDG≥-5.0/CV≤0.7/μ≥0.5/TP≥50,56.41,-5.0,0.7,0.5,50.0,45,39,22,17,56.41,-11.19,-36.04,13.67,-4.363,0.5,12
"[-199,-150]",HR≥-/EDG≥-5.0/CV≤0.7/μ≥0.5/TP≥55,56.41,-5.0,0.7,0.5,55.0,45,39,22,17,56.41,-11.19,-36.04,13.67,-4.363,0.5,12
"[-199,-150]",HR≥-/EDG≥-5.0/CV≤0.7/μ≥0.5/TP≥60,56.41,-5.0,0.7,0.5,60.0,45,39,22,17,56.41,-11.19,-36.04,13.67,-4.363,0.5,12
"[-199,-150]",HR≥-/EDG≥-5.0/CV≤0.7/μ≥0.5/TP≥65,56.41,-5.0,0.7,0.5,65.0,45,39,22,17,56.41,-11.19,-36.04,13.67,-4.363,0.5,12
"[-199,-150]",HR≥-/EDG≥0.0/CV≤-/μ≥-/TP≥-,60.23,0.0,,,,407,347,209,138,60.23,-4.66,-12.83,3.52,-16.165,0.231,13
"[-199,-150]",HR≥-/EDG≥0.0/CV≤-/μ≥-/TP≥50,60.23,0.0,,,50.0,407,347,209,138,60.23,-4.66,-12.83,3.52,-16.165,0.231,13
"[-199,-150]",HR≥-/EDG≥0.0/CV≤-/μ≥-/TP≥55,60.23,0.0,,,55.0,407,347,209,138,60.23,-4.66,-12.83,3.52,-16.165,0.231,13
"[-199,-150]",HR≥-/EDG≥0.0/CV≤-/μ≥-/TP≥60,60.23,0.0,,,60.0,407,347,209,138,60.23,-4.66,-12.83,3.52,-16.165,0.231,13
"[-199,-150]",HR≥-/EDG≥0.0/CV≤-/μ≥-/TP≥65,61.04,0.0,,,65.0,384,326,199,127,61.04,-3.49,-11.89,4.9,-11.392,0.231,13
"[-199,-150]",HR≥-/EDG≥0.0/CV≤-/μ≥0.0/TP≥-,60.23,0.0,,0.0,,407,347,209,138,60.23,-4.66,-12.83,3.52,-16.165,0.231,13
"[-199,-150]",HR≥-/EDG≥0.0/CV≤-/μ≥0.0/TP≥50,60.23,0.0,,0.0,50.0,407,347,209,138,60.23,-4.66,-12.83,3.52,-16.165,0.231,13
"[-199,-150]",HR≥-/EDG≥0.0/CV≤-/μ≥0.0/TP≥55,60.23,0.0,,0.0,55.0,407,347,209,138,60.23,-4.66,-12.83,3.52,-16.165,0.231,13
"[-199,-150]",HR≥-/EDG≥0.0/CV≤-/μ≥0.0/TP≥60,60.23,0.0,,0.0,60.0,407,347,209,138,60.23,-4.66,-12.83,3.52,-16.165,0.231,13
"[-199,-150]",HR≥-/EDG≥0.0/CV≤-/μ≥0.0/TP≥65,61.04,0.0,,0.0,65.0,384,326,199,127,61.04,-3.49,-11.89,4.9,-11.392,0.231,13
"[-199,-150]",HR≥-/EDG≥0.0/CV≤-/μ≥0.5/TP≥-,63.31,0.0,,0.5,,291,248,157,91,63.31,0.25,-9.28,9.78,0.628,0.462,13
"[-199,-150]",HR≥-/EDG≥0.0/CV≤-/μ≥0.5/TP≥50,63.31,0.0,,0.5,50.0,291,248,157,91,63.31,0.25,-9.28,9.78,0.628,0.462,13
"[-199,-150]",HR≥-/EDG≥0.0/CV≤-/μ≥0.5/TP≥55,63.31,0.0,,0.5,55.0,291,248,157,91,63.31,0.25,-9.28,9.78,0.628,0.462,13
"[-199,-150]",HR≥-/EDG≥0.0/CV≤-/μ≥0.5/TP≥60,63.31,0.0,,0.5,60.0,291,248,157,91,63.31,0.25,-9.28,9.78,0.628,0.462,13
"[-199,-150]",HR≥-/EDG≥0.0/CV≤-/μ≥0.5/TP≥65,63.31,0.0,,0.5,65.0,291,248,157,91,63.31,0.25,-9.28,9.78,0.628,0.462,13
"[-199,-150]",HR≥-/EDG≥0.0/CV≤-/μ≥1.0/TP≥-,65.0,0.0,,1.0,,114,100,65,35,65.0,2.56,-12.28,17.41,2.565,0.455,11
"[-199,-150]",HR≥-/EDG≥0.0/CV≤-/μ≥1.0/TP≥50,65.0,0.0,,1.0,50.0,114,100,65,35,65.0,2.56,-12.28,17.41,2.565,0.455,11
"[-199,-150]",HR≥-/EDG≥0.0/CV≤-/μ≥1.0/TP≥55,65.0,0.0,,1.0,55.0,114,100,65,35,65.0,2.56,-12.28,17.41,2.565,0.455,11
"[-199,-150]",HR≥-/EDG≥0.0/CV≤-/μ≥1.0/TP≥60,65.0,0.0,,1.0,60.0,114,100,65,35,65.0,2.56,-12.28,17.41,2.565,0.455,11
"[-199,-150]",HR≥-/EDG≥0.0/CV≤-/μ≥1.0/TP≥65,65.0,0.0,,1.0,65.0,114,100,65,35,65.0,2.56,-12.28,17.41,2.565,0.455,11
"[-199,-150]",HR≥-/EDG≥0.0/CV≤0.7/μ≥-/TP≥-,54.39,0.0,0.7,,,66,57,31,26,54.39,-14.48,-35.02,6.06,-8.253,0.333,12
"[-199,-150]",HR≥-/EDG≥0.0/CV≤0.7/μ≥-/TP≥50,54.39,0.0,0.7,,50.0,66,57,31,26,54.39,-14.48,-35.02,6.06,-8.253,0.333,12
"[-199,-150]",HR≥-/EDG≥0.0/CV≤0.7/μ≥-/TP≥55,54.39,0.0,0.7,,55.0,66,57,31,26,54.39,-14.48,-35.02,6.06,-8.253,0.333,12
"[-199,-150]",HR≥-/EDG≥0.0/CV≤0.7/μ≥-/TP≥60,54.39,0.0,0.7,,60.0,66,57,31,26,54.39,-14.48,-35.02,6.06,-8.253,0.333,12
"[-199,-150]",HR≥-/EDG≥0.0/CV≤0.7/μ≥-/TP≥65,55.36,0.0,0.7,,65.0,65,56,31,25,55.36,-12.95,-33.63,7.73,-7.253,0.333,12
"[-199,-150]",HR≥-/EDG≥0.0/CV≤0.7/μ≥0.0/TP≥-,54.39,0.0,0.7,0.0,,66,57,31,26,54.39,-14.48,-35.02,6.06,-8.253,0.333,12
"[-199,-150]",HR≥-/EDG≥0.0/CV≤0.7/μ≥0.0/TP≥50,54.39,0.0,0.7,0.0,50.0,66,57,31,26,54.39,-14.48,-35.02,6.06,-8.253,0.333,12
"[-199,-150]",HR≥-/EDG≥0.0/CV≤0.7/μ≥0.0/TP≥55,54.39,0.0,0.7,0.0,55.0,66,57,31,26,54.39,-14.48,-35.02,6.06,-8.253,0.333,12
"[-199,-150]",HR≥-/EDG≥0.0/CV≤0.7/μ≥0.0/TP≥60,54.39,0.0,0.7,0.0,60.0,66,57,31,26,54.39,-14.48,-35.02,6.06,-8.253,0.333,12
"[-199,-150]",HR≥-/EDG≥0.0/CV≤0.7/μ≥0.0/TP≥65,55.36,0.0,0.7,0.0,65.0,65,56,31,25,55.36,-12.95,-33.63,7.73,-7.253,0.333,12
"[-199,-150]",HR≥-/EDG≥0.0/CV≤0.7/μ≥0.5/TP≥-,56.41,0.0,0.7,0.5,,45,39,22,17,56.41,-11.19,-36.04,13.67,-4.363,0.5,12
"[-199,-150]",HR≥-/EDG≥0.0/CV≤0.7/μ≥0.5/TP≥50,56.41,0.0,0.7,0.5,50.0,45,39,22,17,56.41,-11.19,-36.04,13.67,-4.363,0.5,12
"[-199,-150]",HR≥-/EDG≥0.0/CV≤0.7/μ≥0.5/TP≥55,56.41,0.0,0.7,0.5,55.0,45,39,22,17,56.41,-11.19,-36.04,13.67,-4.363,0.5,12
"[-199,-150]",HR≥-/EDG≥0.0/CV≤0.7/μ≥0.5/TP≥60,56.41,0.0,0.7,0.5,60.0,45,39,22,17,56.41,-11.19,-36.04,13.67,-4.363,0.5,12
"[-199,-150]",HR≥-/EDG≥0.0/CV≤0.7/μ≥0.5/TP≥65,56.41,0.0,0.7,0.5,65.0,45,39,22,17,56.41,-11.19,-36.04,13.67,-4.363,0.5,12
"[-199,-150]",HR≥-/EDG≥5.0/CV≤-/μ≥-/TP≥-,61.72,5.0,,,,356,303,187,116,61.72,-2.3,-10.99,6.39,-6.958,0.308,13
"[-199,-150]",HR≥-/EDG≥5.0/CV≤-/μ≥-/TP≥50,61.72,5.0,,,50.0,356,303,187,116,61.72,-2.3,-10.99,6.39,-6.958,0.308,13
"[-199,-150]",HR≥-/EDG≥5.0/CV≤-/μ≥-/TP≥55,61.72,5.0,,,55.0,356,303,187,116,61.72,-2.3,-10.99,6.39,-6.958,0.308,13
"[-199,-150]",HR≥-/EDG≥5.0/CV≤-/μ≥-/TP≥60,61.72,5.0,,,60.0,356,303,187,116,61.72,-2.3,-10.99,6.39,-6.958,0.308,13
"[-199,-150]",HR≥-/EDG≥5.0/CV≤-/μ≥-/TP≥65,61.72,5.0,,,65.0,356,303,187,116,61.72,-2.3,-10.99,6.39,-6.958,0.308,13
"[-199,-150]",HR≥-/EDG≥5.0/CV≤-/μ≥0.0/TP≥-,61.72,5.0,,0.0,,356,303,187,116,61.72,-2.3,-10.99,6.39,-6.958,0.308,13
"[-199,-150]",HR≥-/EDG≥5.0/CV≤-/μ≥0.0/TP≥50,61.72,5.0,,0.0,50.0,356,303,187,116,61.72,-2.3,-10.99,6.39,-6.958,0.308,13
"[-199,-150]",HR≥-/EDG≥5.0/CV≤-/μ≥0.0/TP≥55,61.72,5.0,,0.0,55.0,356,303,187,116,61.72,-2.3,-10.99,6.39,-6.958,0.308,13
"[-199,-150]",HR≥-/EDG≥5.0/CV≤-/μ≥0.0/TP≥60,61.72,5.0,,0.0,60.0,356,303,187,116,61.72,-2.3,-10.99,6.39,-6.958,0.308,13
"[-199,-150]",HR≥-/EDG≥5.0/CV≤-/μ≥0.0/TP≥65,61.72,5.0,,0.0,65.0,356,303,187,116,61.72,-2.3,-10.99,6.39,-6.958,0.308,13
"[-199,-150]",HR≥-/EDG≥5.0/CV≤-/μ≥0.5/TP≥-,63.27,5.0,,0.5,,287,245,155,90,63.27,0.22,-9.38,9.81,0.53,0.462,13
"[-199,-150]",HR≥-/EDG≥5.0/CV≤-/μ≥0.5/TP≥50,63.27,5.0,,0.5,50.0,287,245,155,90,63.27,0.22,-9.38,9.81,0.53,0.462,13
"[-199,-150]",HR≥-/EDG≥5.0/CV≤-/μ≥0.5/TP≥55,63.27,5.0,,0.5,55.0,287,245,155,90,63.27,0.22,-9.38,9.81,0.53,0.462,13
"[-199,-150]",HR≥-/EDG≥5.0/CV≤-/μ≥0.5/TP≥60,63.27,5.0,,0.5,60.0,287,245,155,90,63.27,0.22,-9.38,9.81,0.53,0.462,13
"[-199,-150]",HR≥-/EDG≥5.0/CV≤-/μ≥0.5/TP≥65,63.27,5.0,,0.5,65.0,287,245,155,90,63.27,0.22,-9.38,9.81,0.53,0.462,13
"[-199,-150]",HR≥-/EDG≥5.0/CV≤-/μ≥1.0/TP≥-,65.0,5.0,,1.0,,114,100,65,35,65.0,2.56,-12.28,17.41,2.565,0.455,11
"[-199,-150]",HR≥-/EDG≥5.0/CV≤-/μ≥1.0/TP≥50,65.0,5.0,,1.0,50.0,114,100,65,35,65.0,2.56,-12.28,17.41,2.565,0.455,11
"[-199,-150]",HR≥-/EDG≥5.0/CV≤-/μ≥1.0/TP≥55,65.0,5.0,,1.0,55.0,114,100,65,35,65.0,2.56,-12.28,17.41,2.565,0.455,11
"[-199,-150]",HR≥-/EDG≥5.0/CV≤-/μ≥1.0/TP≥60,65.0,5.0,,1.0,60.0,114,100,65,35,65.0,2.56,-12.28,17.41,2.565,0.455,11
"[-199,-150]",HR≥-/EDG≥5.0/CV≤-/μ≥1.0/TP≥65,65.0,5.0,,1.0,65.0,114,100,65,35,65.0,2.56,-12.28,17.41,2.565,0.455,11
"[-199,-150]",HR≥-/EDG≥5.0/CV≤0.7/μ≥-/TP≥-,52.83,5.0,0.7,,,61,53,28,25,52.83,-16.9,-38.27,4.47,-8.957,0.333,12
"[-199,-150]",HR≥-/EDG≥5.0/CV≤0.7/μ≥-/TP≥50,52.83,5.0,0.7,,50.0,61,53,28,25,52.83,-16.9,-38.27,4.47,-8.957,0.333,12
"[-199,-150]",HR≥-/EDG≥5.0/CV≤0.7/μ≥-/TP≥55,52.83,5.0,0.7,,55.0,61,53,28,25,52.83,-16.9,-38.27,4.47,-8.957,0.333,12
"[-199,-150]",HR≥-/EDG≥5.0/CV≤0.7/μ≥-/TP≥60,52.83,5.0,0.7,,60.0,61,53,28,25,52.83,-16.9,-38.27,4.47,-8.957,0.333,12
"[-199,-150]",HR≥-/EDG≥5.0/CV≤0.7/μ≥-/TP≥65,52.83,5.0,0.7,,65.0,61,53,28,25,52.83,-16.9,-38.27,4.47,-8.957,0.333,12
"[-199,-150]",HR≥-/EDG≥5.0/CV≤0.7/μ≥0.0/TP≥-,52.83,5.0,0.7,0.0,,61,53,28,25,52.83,-16.9,-38.27,4.47,-8.957,0.333,12
"[-199,-150]",HR≥-/EDG≥5.0/CV≤0.7/μ≥0.0/TP≥50,52.83,5.0,0.7,0.0,50.0,61,53,28,25,52.83,-16.9,-38.27,4.47,-8.957,0.333,12
"[-199,-150]",HR≥-/EDG≥5.0/CV≤0.7/μ≥0.0/TP≥55,52.83,5.0,0.7,0.0,55.0,61,53,28,25,52.83,-16.9,-38.27,4.47,-8.957,0.333,12
"[-199,-150]",HR≥-/EDG≥5.0/CV≤0.7/μ≥0.0/TP≥60,52.83,5.0,0.7,0.0,60.0,61,53,28,25,52.83,-16.9,-38.27,4.47,-8.957,0.333,12
"[-199,-150]",HR≥-/EDG≥5.0/CV≤0.7/μ≥0.0/TP≥65,52.83,5.0,0.7,0.0,65.0,61,53,28,25,52.83,-16.9,-38.27,4.47,-8.957,0.333,12
"[-199,-150]",HR≥-/EDG≥5.0/CV≤0.7/μ≥0.5/TP≥-,56.41,5.0,0.7,0.5,,45,39,22,17,56.41,-11.19,-36.04,13.67,-4.363,0.5,12
"[-199,-150]",HR≥-/EDG≥5.0/CV≤0.7/μ≥0.5/TP≥50,56.41,5.0,0.7,0.5,50.0,45,39,22,17,56.41,-11.19,-36.04,13.67,-4.363,0.5,12
"[-199,-150]",HR≥-/EDG≥5.0/CV≤0.7/μ≥0.5/TP≥55,56.41,5.0,0.7,0.5,55.0,45,39,22,17,56.41,-11.19,-36.04,13.67,-4.363,0.5,12
"[-199,-150]",HR≥-/EDG≥5.0/CV≤0.7/μ≥0.5/TP≥60,56.41,5.0,0.7,0.5,60.0,45,39,22,17,56.41,-11.19,-36.04,13.67,-4.363,0.5,12
"[-199,-150]",HR≥-/EDG≥5.0/CV≤0.7/μ≥0.5/TP≥65,56.41,5.0,0.7,0.5,65.0,45,39,22,17,56.41,-11.19,-36.04,13.67,-4.363,0.5,12
"[-199,-150]",HR≥-/EDG≥10.0/CV≤-/μ≥-/TP≥-,61.79,10.0,,,,288,246,152,94,61.79,-1.91,-11.58,7.77,-4.688,0.385,13
"[-199,-150]",HR≥-/EDG≥10.0/CV≤-/μ≥-/TP≥50,61.79,10.0,,,50.0,288,246,152,94,61.79,-1.91,-11.58,7.77,-4.688,0.385,13
"[-199,-150]",HR≥-/EDG≥10.0/CV≤-/μ≥-/TP≥55,61.79,10.0,,,55.0,288,246,152,94,61.79,-1.91,-11.58,7.77,-4.688,0.385,13
"[-199,-150]",HR≥-/EDG≥10.0/CV≤-/μ≥-/TP≥60,61.79,10.0,,,60.0,288,246,152,94,61.79,-1.91,-11.58,7.77,-4.688,0.385,13
"[-199,-150]",HR≥-/EDG≥10.0/CV≤-/μ≥-/TP≥65,61.79,10.0,,,65.0,288,246,152,94,61.79,-1.91,-11.58,7.77,-4.688,0.385,13
"[-199,-150]",HR≥-/EDG≥10.0/CV≤-/μ≥0.0/TP≥-,61.79,10.0,,0.0,,288,246,152,94,61.79,-1.91,-11.58,7.77,-4.688,0.385,13
"[-199,-150]",HR≥-/EDG≥10.0/CV≤-/μ≥0.0/TP≥50,61.79,10.0,,0.0,50.0,288,246,152,94,61.79,-1.91,-11.58,7.77,-4.688,0.385,13
"[-199,-150]",HR≥-/EDG≥10.0/CV≤-/μ≥0.0/TP≥55,61.79,10.0,,0.0,55.0,288,246,152,94,61.79,-1.91,-11.58,7.77,-4.688,0.385,13
"[-199,-150]",HR≥-/EDG≥10.0/CV≤-/μ≥0.0/TP≥60,61.79,10.0,,0.0,60.0,288,246,152,94,61.79,-1.91,-11.58,7.77,-4.688,0.385,13
"[-199,-150]",HR≥-/EDG≥10.0/CV≤-/μ≥0.0/TP≥65,61.79,10.0,,0.0,65.0,288,246,152,94,61.79,-1.91,-11.58,7.77,-4.688,0.385,13
"[-199,-150]",HR≥-/EDG≥10.0/CV≤-/μ≥0.5/TP≥-,62.5,10.0,,0.5,,264,224,140,84,62.5,-0.79,-10.89,9.31,-1.778,0.385,13
"[-199,-150]",HR≥-/EDG≥10.0/CV≤-/μ≥0.5/TP≥50,62.5,10.0,,0.5,50.0,264,224,140,84,62.5,-0.79,-10.89,9.31,-1.778,0.385,13
"[-199,-150]",HR≥-/EDG≥10.0/CV≤-/μ≥0.5/TP≥55,62.5,10.0,,0.5,55.0,264,224,140,84,62.5,-0.79,-10.89,9.31,-1.778,0.385,13
"[-199,-150]",HR≥-/EDG≥10.0/CV≤-/μ≥0.5/TP≥60,62.5,10.0,,0.5,60.0,264,224,140,84,62.5,-0.79,-10.89,9.31,-1.778,0.385,13
"[-199,-150]",HR≥-/EDG≥10.0/CV≤-/μ≥0.5/TP≥65,62.5,10.0,,0.5,65.0,264,224,140,84,62.5,-0.79,-10.89,9.31,-1.778,0.385,13
"[-199,-150]",HR≥-/EDG≥10.0/CV≤-/μ≥1.0/TP≥-,65.0,10.0,,1.0,,114,100,65,35,65.0,2.56,-12.28,17.41,2.565,0.455,11
"[-199,-150]",HR≥-/EDG≥10.0/CV≤-/μ≥1.0/TP≥50,65.0,10.0,,1.0,50.0,114,100,65,35,65.0,2.56,-12.28,17.41,2.565,0.455,11
"[-199,-150]",HR≥-/EDG≥10.0/CV≤-/μ≥1.0/TP≥55,65.0,10.0,,1.0,55.0,114,100,65,35,65.0,2.56,-12.28,17.41,2.565,0.455,11
"[-199,-150]",HR≥-/EDG≥10.0/CV≤-/μ≥1.0/TP≥60,65.0,10.0,,1.0,60.0,114,100,65,35,65.0,2.56,-12.28,17.41,2.565,0.455,11
"[-199,-150]",HR≥-/EDG≥10.0/CV≤-/μ≥1.0/TP≥65,65.0,10.0,,1.0,65.0,114,100,65,35,65.0,2.56,-12.28,17.41,2.565,0.455,11
"[-199,-150]",HR≥-/EDG≥10.0/CV≤0.7/μ≥-/TP≥-,55.81,10.0,0.7,,,49,43,24,19,55.81,-11.93,-35.66,11.81,-5.128,0.455,11
"[-199,-150]",HR≥-/EDG≥10.0/CV≤0.7/μ≥-/TP≥50,55.81,10.0,0.7,,50.0,49,43,24,19,55.81,-11.93,-35.66,11.81,-5.128,0.455,11
"[-199,-150]",HR≥-/EDG≥10.0/CV≤0.7/μ≥-/TP≥55,55.81,10.0,0.7,,55.0,49,43,24,19,55.81,-11.93,-35.66,11.81,-5.128,0.455,11
"[-199,-150]",HR≥-/EDG≥10.0/CV≤0.7/μ≥-/TP≥60,55.81,10.0,0.7,,60.0,49,43,24,19,55.81,-11.93,-35.66,11.81,-5.128,0.455,11
"[-199,-150]",HR≥-/EDG≥10.0/CV≤0.7/μ≥-/TP≥65,55.81,10.0,0.7,,65.0,49,43,24,19,55.81,-11.93,-35.66,11.81,-5.128,0.455,11
"[-199,-150]",HR≥-/EDG≥10.0/CV≤0.7/μ≥0.0/TP≥-,55.81,10.0,0.7,0.0,,49,43,24,19,55.81,-11.93,-35.66,11.81,-5.128,0.455,11
"[-199,-150]",HR≥-/EDG≥10.0/CV≤0.7/μ≥0.0/TP≥50,55.81,10.0,0.7,0.0,50.0,49,43,24,19,55.81,-11.93,-35.66,11.81,-5.128,0.455,11
"[-199,-150]",HR≥-/EDG≥10.0/CV≤0.7/μ≥0.0/TP≥55,55.81,10.0,0.7,0.0,55.0,49,43,24,19,55.81,-11.93,-35.66,11.81,-5.128,0.455,11
"[-199,-150]",HR≥-/EDG≥10.0/CV≤0.7/μ≥0.0/TP≥60,55.81,10.0,0.7,0.0,60.0,49,43,24,19,55.81,-11.93,-35.66,11.81,-5.128,0.455,11
"[-199,-150]",HR≥-/EDG≥10.0/CV≤0.7/μ≥0.0/TP≥65,55.81,10.0,0.7,0.0,65.0,49,43,24,19,55.81,-11.93,-35.66,11.81,-5.128,0.455,11
"[-199,-150]",HR≥-/EDG≥10.0/CV≤0.7/μ≥0.5/TP≥-,56.76,10.0,0.7,0.5,,42,37,21,16,56.76,-10.55,-36.09,14.99,-3.903,0.455,11
"[-199,-150]",HR≥-/EDG≥10.0/CV≤0.7/μ≥0.5/TP≥50,56.76,10.0,0.7,0.5,50.0,42,37,21,16,56.76,-10.55,-36.09,14.99,-3.903,0.455,11
"[-199,-150]",HR≥-/EDG≥10.0/CV≤0.7/μ≥0.5/TP≥55,56.76,10.0,0.7,0.5,55.0,42,37,21,16,56.76,-10.55,-36.09,14.99,-3.903,0.455,11
"[-199,-150]",HR≥-/EDG≥10.0/CV≤0.7/μ≥0.5/TP≥60,56.76,10.0,0.7,0.5,60.0,42,37,21,16,56.76,-10.55,-36.09,14.99,-3.903,0.455,11
"[-199,-150]",HR≥-/EDG≥10.0/CV≤0.7/μ≥0.5/TP≥65,56.76,10.0,0.7,0.5,65.0,42,37,21,16,56.76,-10.55,-36.09,14.99,-3.903,0.455,11
"[-199,-150]",HR≥45/EDG≥-/CV≤-/μ≥-/TP≥-,58.87,,,,,466,406,239,167,58.87,-6.81,-14.41,0.79,-27.646,0.308,13
"[-199,-150]",HR≥45/EDG≥-/CV≤-/μ≥-/TP≥50,58.85,,,,50.0,440,384,226,158,58.85,-6.88,-14.69,0.92,-26.43,0.308,13
"[-199,-150]",HR≥45/EDG≥-/CV≤-/μ≥-/TP≥55,59.46,,,,55.0,424,370,220,150,59.46,-5.99,-13.92,1.94,-22.161,0.308,13
"[-199,-150]",HR≥45/EDG≥-/CV≤-/μ≥-/TP≥60,60.0,,,,60.0,390,340,204,136,60.0,-5.2,-13.45,3.05,-17.684,0.308,13
"[-199,-150]",HR≥45/EDG≥-/CV≤-/μ≥-/TP≥65,59.43,,,,65.0,324,281,167,114,59.43,-6.01,-15.11,3.1,-16.88,0.308,13
"[-199,-150]",HR≥45/EDG≥-/CV≤-/μ≥0.0/TP≥-,58.85,,,0.0,,440,384,226,158,58.85,-6.88,-14.69,0.92,-26.43,0.308,13
"[-199,-150]",HR≥45/EDG≥-/CV≤-/μ≥0.0/TP≥50,58.85,,,0.0,50.0,440,384,226,158,58.85,-6.88,-14.69,0.92,-26.43,0.308,13
"[-199,-150]",HR≥45/EDG≥-/CV≤-/μ≥0.0/TP≥55,59.46,,,0.0,55.0,424,370,220,150,59.46,-5.99,-13.92,1.94,-22.161,0.308,13
"[-199,-150]",HR≥45/EDG≥-/CV≤-/μ≥0.0/TP≥60,60.0,,,0.0,60.0,390,340,204,136,60.0,-5.2,-13.45,3.05,-17.684,0.308,13
"[-199,-150]",HR≥45/EDG≥-/CV≤-/μ≥0.0/TP≥65,59.43,,,0.0,65.0,324,281,167,114,59.43,-6.01,-15.11,3.1,-16.88,0.308,13
"[-199,-150]",HR≥45/EDG≥-/CV≤-/μ≥0.5/TP≥-,62.1,,,0.5,,250,219,136,83,62.1,-1.68,-11.89,8.53,-3.672,0.385,13
"[-199,-150]",HR≥45/EDG≥-/CV≤-/μ≥0.5/TP≥50,62.1,,,0.5,50.0,250,219,136,83,62.1,-1.68,-11.89,8.53,-3.672,0.385,13
"[-199,-150]",HR≥45/EDG≥-/CV≤-/μ≥0.5/TP≥55,62.1,,,0.5,55.0,250,219,136,83,62.1,-1.68,-11.89,8.53,-3.672,0.385,13
"[-199,-150]",HR≥45/EDG≥-/CV≤-/μ≥0.5/TP≥60,62.1,,,0.5,60.0,250,219,136,83,62.1,-1.68,-11.89,8.53,-3.672,0.385,13
"[-199,-150]",HR≥45/EDG≥-/CV≤-/μ≥0.5/TP≥65,61.93,,,0.5,65.0,249,218,135,83,61.93,-1.93,-12.17,8.32,-4.198,0.385,13
"[-199,-150]",HR≥45/EDG≥-/CV≤-/μ≥1.0/TP≥-,62.5,,,1.0,,99,88,55,33,62.5,-1.08,-17.2,15.04,-0.951,0.455,11
"[-199,-150]",HR≥45/EDG≥-/CV≤-/μ≥1.0/TP≥50,62.5,,,1.0,50.0,99,88,55,33,62.5,-1.08,-17.2,15.04,-0.951,0.455,11
"[-199,-150]",HR≥45/EDG≥-/CV≤-/μ≥1.0/TP≥55,62.5,,,1.0,55.0,99,88,55,33,62.5,-1.08,-17.2,15.04,-0.951,0.455,11
"[-199,-150]",HR≥45/EDG≥-/CV≤-/μ≥1.0/TP≥60,62.5,,,1.0,60.0,99,88,55,33,62.5,-1.08,-17.2,15.04,-0.951,0.455,11
"[-199,-150]",HR≥45/EDG≥-/CV≤-/μ≥1.0/TP≥65,62.5,,,1.0,65.0,99,88,55,33,62.5,-1.08,-17.2,15.04,-0.951,0.455,11
"[-199,-150]",HR≥45/EDG≥-/CV≤0.7/μ≥-/TP≥-,52.54,,0.7,,,68,59,31,28,52.54,-17.38,-37.61,2.85,-10.253,0.25,12
"[-199,-150]",HR≥45/EDG≥-/CV≤0.7/μ≥-/TP≥50,53.45,,0.7,,50.0,67,58,31,27,53.45,-15.95,-36.34,4.43,-9.253,0.25,12
"[-199,-150]",HR≥45/EDG≥-/CV≤0.7/μ≥-/TP≥55,54.39,,0.7,,55.0,66,57,31,26,54.39,-14.48,-35.02,6.06,-8.253,0.333,12
"[-199,-150]",HR≥45/EDG≥-/CV≤0.7/μ≥-/TP≥60,54.39,,0.7,,60.0,66,57,31,26,54.39,-14.48,-35.02,6.06,-8.253,0.333,12
"[-199,-150]",HR≥45/EDG≥-/CV≤0.7/μ≥-/TP≥65,55.36,,0.7,,65.0,65,56,31,25,55.36,-12.95,-33.63,7.73,-7.253,0.333,12
"[-199,-150]",HR≥45/EDG≥-/CV≤0.7/μ≥0.0/TP≥-,53.45,,0.7,0.0,,67,58,31,27,53.45,-15.95,-36.34,4.43,-9.253,0.25,12
"[-199,-150]",HR≥45/EDG≥-/CV≤0.7/μ≥0.0/TP≥50,53.45,,0.7,0.0,50.0,67,58,31,27,53.45,-15.95,-36.34,4.43,-9.253,0.25,12
"[-199,-150]",HR≥45/EDG≥-/CV≤0.7/μ≥0.0/TP≥55,54.39,,0.7,0.0,55.0,66,57,31,26,54.39,-14.48,-35.02,6.06,-8.253,0.333,12
"[-199,-150]",HR≥45/EDG≥-/CV≤0.7/μ≥0.0/TP≥60,54.39,,0.7,0.0,60.0,66,57,31,26,54.39,-14.48,-35.02,6.06,-8.253,0.333,12
"[-199,-150]",HR≥45/EDG≥-/CV≤0.7/μ≥0.0/TP≥65,55.36,,0.7,0.0,65.0,65,56,31,25,55.36,-12.95,-33.63,7.73,-7.253,0.333,12
"[-199,-150]",HR≥45/EDG≥-/CV≤0.7/μ≥0.5/TP≥-,56.41,,0.7,0.5,,45,39,22,17,56.41,-11.19,-36.04,13.67,-4.363,0.5,12
"[-199,-150]",HR≥45/EDG≥-/CV≤0.7/μ≥0.5/TP≥50,56.41,,0.7,0.5,50.0,45,39,22,17,56.41,-11.19,-36.04,13.67,-4.363,0.5,12
"[-199,-150]",HR≥45/EDG≥-/CV≤0.7/μ≥0.5/TP≥55,56.41,,0.7,0.5,55.0,45,39,22,17,56.41,-11.19,-36.04,13.67,-4.363,0.5,12
"[-199,-150]",HR≥45/EDG≥-/CV≤0.7/μ≥0.5/TP≥60,56.41,,0.7,0.5,60.0,45,39,22,17,56.41,-11.19,-36.04,13.67,-4.363,0.5,12
"[-199,-150]",HR≥45/EDG≥-/CV≤0.7/μ≥0.5/TP≥65,56.41,,0.7,0.5,65.0,45,39,22,17,56.41,-11.19,-36.04,13.67,-4.363,0.5,12
"[-199,-150]",HR≥45/EDG≥-5.0/CV≤-/μ≥-/TP≥-,59.54,-5.0,,,,403,351,209,142,59.54,-5.82,-13.96,2.33,-20.412,0.308,13
"[-199,-150]",HR≥45/EDG≥-5.0/CV≤-/μ≥-/TP≥50,59.54,-5.0,,,50.0,403,351,209,142,59.54,-5.82,-13.96,2.33,-20.412,0.308,13
"[-199,-150]",HR≥45/EDG≥-5.0/CV≤-/μ≥-/TP≥55,59.54,-5.0,,,55.0,403,351,209,142,59.54,-5.82,-13.96,2.33,-20.412,0.308,13
"[-199,-150]",HR≥45/EDG≥-5.0/CV≤-/μ≥-/TP≥60,59.94,-5.0,,,60.0,387,337,202,135,59.94,-5.26,-13.55,3.03,-17.721,0.308,13
"[-199,-150]",HR≥45/EDG≥-5.0/CV≤-/μ≥-/TP≥65,59.43,-5.0,,,65.0,324,281,167,114,59.43,-6.01,-15.11,3.1,-16.88,0.308,13
"[-199,-150]",HR≥45/EDG≥-5.0/CV≤-/μ≥0.0/TP≥-,59.54,-5.0,,0.0,,403,351,209,142,59.54,-5.82,-13.96,2.33,-20.412,0.308,13
"[-199,-150]",HR≥45/EDG≥-5.0/CV≤-/μ≥0.0/TP≥50,59.54,-5.0,,0.0,50.0,403,351,209,142,59.54,-5.82,-13.96,2.33,-20.412,0.308,13
"[-199,-150]",HR≥45/EDG≥-5.0/CV≤-/μ≥0.0/TP≥55,59.54,-5.0,,0.0,55.0,403,351,209,142,59.54,-5.82,-13.96,2.33,-20.412,0.308,13
"[-199,-150]",HR≥45/EDG≥-5.0/CV≤-/μ≥0.0/TP≥60,59.94,-5.0,,0.0,60.0,387,337,202,135,59.94,-5.26,-13.55,3.03,-17.721,0.308,13
"[-199,-150]",HR≥45/EDG≥-5.0/CV≤-/μ≥0.0/TP≥65,59.43,-5.0,,0.0,65.0,324,281,167,114,59.43,-6.01,-15.11,3.1,-16.88,0.308,13
"[-199,-150]",HR≥45/EDG≥-5.0/CV≤-/μ≥0.5/TP≥-,62.1,-5.0,,0.5,,250,219,136,83,62.1,-1.68,-11.89,8.53,-3.672,0.385,13
"[-199,-150]",HR≥45/EDG≥-5.0/CV≤-/μ≥0.5/TP≥50,62.1,-5.0,,0.5,50.0,250,219,136,83,62.1,-1.68,-11.89,8.53,-3.672,0.385,13
"[-199,-150]",HR≥45/EDG≥-5.0/CV≤-/μ≥0.5/TP≥55,62.1,-5.0,,0.5,55.0,250,219,136,83,62.1,-1.68,-11.89,8.53,-3.672,0.385,13
"[-199,-150]",HR≥45/EDG≥-5.0/CV≤-/μ≥0.5/TP≥60,62.1,-5.0,,0.5,60.0,250,219,136,83,62.1,-1.68,-11.89,8.53,-3.672,0.385,13
"[-199,-150]",HR≥45/EDG≥-5.0/CV≤-/μ≥0.5/TP≥65,61.93,-5.0,,0.5,65.0,249,218,135,83,61.93,-1.93,-12.17,8.32,-4.198,0.385,13
"[-199,-150]",HR≥45/EDG≥-5.0/CV≤-/μ≥1.0/TP≥-,62.5,-5.0,,1.0,,99,88,55,33,62.5,-1.08,-17.2,15.04,-0.951,0.455,11
"[-199,-150]",HR≥45/EDG≥-5.0/CV≤-/μ≥1.0/TP≥50,62.5,-5.0,,1.0,50.0,99,88,55,33,62.5,-1.08,-17.2,15.04,-0.951,0.455,11
"[-199,-150]",HR≥45/EDG≥-5.0/CV≤-/μ≥1.0/TP≥55,62.5,-5.0,,1.0,55.0,99,88,55,33,62.5,-1.08,-17.2,15.04,-0.951,0.455,11
"[-199,-150]",HR≥45/EDG≥-5.0/CV≤-/μ≥1.0/TP≥60,62.5,-5.0,,1.0,60.0,99,88,55,33,62.5,-1.08,-17.2,15.04,-0.951,0.455,11
"[-199,-150]",HR≥45/EDG≥-5.0/CV≤-/μ≥1.0/TP≥65,62.5,-5.0,,1.0,65.0,99,88,55,33,62.5,-1.08,-17.2,15.04,-0.951,0.455,11
"[-199,-150]",HR≥45/EDG≥-5.0/CV≤0.7/μ≥-/TP≥-,54.39,-5.0,0.7,,,66,57,31,26,54.39,-14.48,-35.02,6.06,-8.253,0.333,12
"[-199,-150]",HR≥45/EDG≥-5.0/CV≤0.7/μ≥-/TP≥50,54.39,-5.0,0.7,,50.0,66,57,31,26,54.39,-14.48,-35.02,6.06,-8.253,0.333,12
"[-199,-150]",HR≥45/EDG≥-5.0/CV≤0.7/μ≥-/TP≥55,54.39,-5.0,0.7,,55.0,66,57,31,26,54.39,-14.48,-35.02,6.06,-8.253,0.333,12
"[-199,-150]",HR≥45/EDG≥-5.0/CV≤0.7/μ≥-/TP≥60,54.39,-5.0,0.7,,60.0,66,57,31,26,54.39,-14.48,-35.02,6.06,-8.253,0.333,12
"[-199,-150]",HR≥45/EDG≥-5.0/CV≤0.7/μ≥-/TP≥65,55.36,-5.0,0.7,,65.0,65,56,31,25,55.36,-12.95,-33.63,7.73,-7.253,0.333,12
"[-199,-150]",HR≥45/EDG≥-5.0/CV≤0.7/μ≥0.0/TP≥-,54.39,-5.0,0.7,0.0,,66,57,31,26,54.39,-14.48,-35.02,6.06,-8.253,0.333,12
"[-199,-150]",HR≥45/EDG≥-5.0/CV≤0.7/μ≥0.0/TP≥50,54.39,-5.0,0.7,0.0,50.0,66,57,31,26,54.39,-14.48,-35.02,6.06,-8.253,0.333,12
"[-199,-150]",HR≥45/EDG≥-5.0/CV≤0.7/μ≥0.0/TP≥55,54.39,-5.0,0.7,0.0,55.0,66,57,31,26,54.39,-14.48,-35.02,6.06,-8.253,0.333,12
"[-199,-150]",HR≥45/EDG≥-5.0/CV≤0.7/μ≥0.0/TP≥60,54.39,-5.0,0.7,0.0,60.0,66,57,31,26,54.39,-14.48,-35.02,6.06,-8.253,0.333,12
"[-199,-150]",HR≥45/EDG≥-5.0/CV≤0.7/μ≥0.0/TP≥65,55.36,-5.0,0.7,0.0,65.0,65,56,31,25,55.36,-12.95,-33.63,7.73,-7.253,0.333,12
"[-199,-150]",HR≥45/EDG≥-5.0/CV≤0.7/μ≥0.5/TP≥-,56.41,-5.0,0.7,0.5,,45,39,22,17,56.41,-11.19,-36.04,13.67,-4.363,0.5,12
"[-199,-150]",HR≥45/EDG≥-5.0/CV≤0.7/μ≥0.5/TP≥50,56.41,-5.0,0.7,0.5,50.0,45,39,22,17,56.41,-11.19,-36.04,13.67,-4.363,0.5,12
"[-199,-150]",HR≥45/EDG≥-5.0/CV≤0.7/μ≥0.5/TP≥55,56.41,-5.0,0.7,0.5,55.0,45,39,22,17,56.41,-11.19,-36.04,13.67,-4.363,0.5,12
"[-199,-150]",HR≥45/EDG≥-5.0/CV≤0.7/μ≥0.5/TP≥60,56.41,-5.0,0.7,0.5,60.0,45,39,22,17,56.41,-11.19,-36.04,13.67,-4.363,0.5,12
"[-199,-150]",HR≥45/EDG≥-5.0/CV≤0.7/μ≥0.5/TP≥65,56.41,-5.0,0.7,0.5,65.0,45,39,22,17,56.41,-11.19,-36.04,13.67,-4.363,0.5,12
"[-199,-150]",HR≥45/EDG≥0.0/CV≤-/μ≥-/TP≥-,58.53,0.0,,,,344,299,175,124,58.53,-7.31,-16.18,1.56,-21.861,0.231,13
"[-199,-150]",HR≥45/EDG≥0.0/CV≤-/μ≥-/TP≥50,58.53,0.0,,,50.0,344,299,175,124,58.53,-7.31,-16.18,1.56,-21.861,0.231,13
"[-199,-150]",HR≥45/EDG≥0.0/CV≤-/μ≥-/TP≥55,58.53,0.0,,,55.0,344,299,175,124,58.53,-7.31,-16.18,1.56,-21.861,0.231,13
"[-199,-150]",HR≥45/EDG≥0.0/CV≤-/μ≥-/TP≥60,58.53,0.0,,,60.0,344,299,175,124,58.53,-7.31,-16.18,1.56,-21.861,0.231,13
"[-199,-150]",HR≥45/EDG≥0.0/CV≤-/μ≥-/TP≥65,59.43,0.0,,,65.0,324,281,167,114,59.43,-6.01,-15.11,3.1,-16.88,0.308,13
"[-199,-150]",HR≥45/EDG≥0.0/CV≤-/μ≥0.0/TP≥-,58.53,0.0,,0.0,,344,299,175,124,58.53,-7.31,-16.18,1.56,-21.861,0.231,13
"[-199,-150]",HR≥45/EDG≥0.0/CV≤-/μ≥0.0/TP≥50,58.53,0.0,,0.0,50.0,344,299,175,124,58.53,-7.31,-16.18,1.56,-21.861,0.231,13
"[-199,-150]",HR≥45/EDG≥0.0/CV≤-/μ≥0.0/TP≥55,58.53,0.0,,0.0,55.0,344,299,175,124,58.53,-7.31,-16.18,1.56,-21.861,0.231,13
"[-199,-150]",HR≥45/EDG≥0.0/CV≤-/μ≥0.0/TP≥60,58.53,0.0,,0.0,60.0,344,299,175,124,58.53,-7.31,-16.18,1.56,-21.861,0.231,13
"[-199,-150]",HR≥45/EDG≥0.0/CV≤-/μ≥0.0/TP≥65,59.43,0.0,,0.0,65.0,324,281,167,114,59.43,-6.01,-15.11,3.1,-16.88,0.308,13
"[-199,-150]",HR≥45/EDG≥0.0/CV≤-/μ≥0.5/TP≥-,61.93,0.0,,0.5,,249,218,135,83,61.93,-1.93,-12.17,8.32,-4.198,0.385,13
"[-199,-150]",HR≥45/EDG≥0.0/CV≤-/μ≥0.5/TP≥50,61.93,0.0,,0.5,50.0,249,218,135,83,61.93,-1.93,-12.17,8.32,-4.198,0.385,13
"[-199,-150]",HR≥45/EDG≥0.0/CV≤-/μ≥0.5/TP≥55,61.93,0.0,,0.5,55.0,249,218,135,83,61.93,-1.93,-12.17,8.32,-4.198,0.385,13
"[-199,-150]",HR≥45/EDG≥0.0/CV≤-/μ≥0.5/TP≥60,61.93,0.0,,0.5,60.0,249,218,135,83,61.93,-1.93,-12.17,8.32,-4.198,0.385,13
"[-199,-150]",HR≥45/EDG≥0.0/CV≤-/μ≥0.5/TP≥65,61.93,0.0,,0.5,65.0,249,218,135,83,61.93,-1.93,-12.17,8.32,-4.198,0.385,13
"[-199,-150]",HR≥45/EDG≥0.0/CV≤-/μ≥1.0/TP≥-,62.5,0.0,,1.0,,99,88,55,33,62.5,-1.08,-17.2,15.04,-0.951,0.455,11
"[-199,-150]",HR≥45/EDG≥0.0/CV≤-/μ≥1.0/TP≥50,62.5,0.0,,1.0,50.0,99,88,55,33,62.5,-1.08,-17.2,15.04,-0.951,0.455,11
"[-199,-150]",HR≥45/EDG≥0.0/CV≤-/μ≥1.0/TP≥55,62.5,0.0,,1.0,55.0,99,88,55,33,62.5,-1.08,-17.2,15.04,-0.951,0.455,11
"[-199,-150]",HR≥45/EDG≥0.0/CV≤-/μ≥1.0/TP≥60,62.5,0.0,,1.0,60.0,99,88,55,33,62.5,-1.08,-17.2,15.04,-0.951,0.455,11
"[-199,-150]",HR≥45/EDG≥0.0/CV≤-/μ≥1.0/TP≥65,62.5,0.0,,1.0,65.0,99,88,55,33,62.5,-1.08,-17.2,15.04,-0.951,0.455,11
"[-199,-150]",HR≥45/EDG≥0.0/CV≤0.7/μ≥-/TP≥-,54.39,0.0,0.7,,,66,57,31,26,54.39,-14.48,-35.02,6.06,-8.253,0.333,12
"[-199,-150]",HR≥45/EDG≥0.0/CV≤0.7/μ≥-/TP≥50,54.39,0.0,0.7,,50.0,66,57,31,26,54.39,-14.48,-35.02,6.06,-8.253,0.333,12
"[-199,-150]",HR≥45/EDG≥0.0/CV≤0.7/μ≥-/TP≥55,54.39,0.0,0.7,,55.0,66,57,31,26,54.39,-14.48,-35.02,6.06,-8.253,0.333,12
"[-199,-150]",HR≥45/EDG≥0.0/CV≤0.7/μ≥-/TP≥60,54.39,0.0,0.7,,60.0,66,57,31,26,54.39,-14.48,-35.02,6.06,-8.253,0.333,12
"[-199,-150]",HR≥45/EDG≥0.0/CV≤0.7/μ≥-/TP≥65,55.36,0.0,0.7,,65.0,65,56,31,25,55.36,-12.95,-33.63,7.73,-7.253,0.333,12
"[-199,-150]",HR≥45/EDG≥0.0/CV≤0.7/μ≥0.0/TP≥-,54.39,0.0,0.7,0.0,,66,57,31,26,54.39,-14.48,-35.02,6.06,-8.253,0.333,12
"[-199,-150]",HR≥45/EDG≥0.0/CV≤0.7/μ≥0.0/TP≥50,54.39,0.0,0.7,0.0,50.0,66,57,31,26,54.39,-14.48,-35.02,6.06,-8.253,0.333,12
"[-199,-150]",HR≥45/EDG≥0.0/CV≤0.7/μ≥0.0/TP≥55,54.39,0.0,0.7,0.0,55.0,66,57,31,26,54.39,-14.48,-35.02,6.06,-8.253,0.333,12
"[-199,-150]",HR≥45/EDG≥0.0/CV≤0.7/μ≥0.0/TP≥60,54.39,0.0,0.7,0.0,60.0,66,57,31,26,54.39,-14.48,-35.02,6.06,-8.253,0.333,12
"[-199,-150]",HR≥45/EDG≥0.0/CV≤0.7/μ≥0.0/TP≥65,55.36,0.0,0.7,0.0,65.0,65,56,31,25,55.36,-12.95,-33.63,7.73,-7.253,0.333,12
"[-199,-150]",HR≥45/EDG≥0.0/CV≤0.7/μ≥0.5/TP≥-,56.41,0.0,0.7,0.5,,45,39,22,17,56.41,-11.19,-36.04,13.67,-4.363,0.5,12
"[-199,-150]",HR≥45/EDG≥0.0/CV≤0.7/μ≥0.5/TP≥50,56.41,0.0,0.7,0.5,50.0,45,39,22,17,56.41,-11.19,-36.04,13.67,-4.363,0.5,12
"[-199,-150]",HR≥45/EDG≥0.0/CV≤0.7/μ≥0.5/TP≥55,56.41,0.0,0.7,0.5,55.0,45,39,22,17,56.41,-11.19,-36.04,13.67,-4.363,0.5,12
"[-199,-150]",HR≥45/EDG≥0.0/CV≤0.7/μ≥0.5/TP≥60,56.41,0.0,0.7,0.5,60.0,45,39,22,17,56.41,-11.19,-36.04,13.67,-4.363,0.5,12
"[-199,-150]",HR≥45/EDG≥0.0/CV≤0.7/μ≥0.5/TP≥65,56.41,0.0,0.7,0.5,65.0,45,39,22,17,56.41,-11.19,-36.04,13.67,-4.363,0.5,12
"[-199,-150]",HR≥45/EDG≥5.0/CV≤-/μ≥-/TP≥-,59.77,5.0,,,,301,261,156,105,59.77,-5.34,-14.79,4.11,-13.931,0.308,13
"[-199,-150]",HR≥45/EDG≥5.0/CV≤-/μ≥-/TP≥50,59.77,5.0,,,50.0,301,261,156,105,59.77,-5.34,-14.79,4.11,-13.931,0.308,13
"[-199,-150]",HR≥45/EDG≥5.0/CV≤-/μ≥-/TP≥55,59.77,5.0,,,55.0,301,261,156,105,59.77,-5.34,-14.79,4.11,-13.931,0.308,13
"[-199,-150]",HR≥45/EDG≥5.0/CV≤-/μ≥-/TP≥60,59.77,5.0,,,60.0,301,261,156,105,59.77,-5.34,-14.79,4.11,-13.931,0.308,13
"[-199,-150]",HR≥45/EDG≥5.0/CV≤-/μ≥-/TP≥65,59.77,5.0,,,65.0,301,261,156,105,59.77,-5.34,-14.79,4.11,-13.931,0.308,13
"[-199,-150]",HR≥45/EDG≥5.0/CV≤-/μ≥0.0/TP≥-,59.77,5.0,,0.0,,301,261,156,105,59.77,-5.34,-14.79,4.11,-13.931,0.308,13
"[-199,-150]",HR≥45/EDG≥5.0/CV≤-/μ≥0.0/TP≥50,59.77,5.0,,0.0,50.0,301,261,156,105,59.77,-5.34,-14.79,4.11,-13.931,0.308,13
"[-199,-150]",HR≥45/EDG≥5.0/CV≤-/μ≥0.0/TP≥55,59.77,5.0,,0.0,55.0,301,261,156,105,59.77,-5.34,-14.79,4.11,-13.931,0.308,13
"[-199,-150]",HR≥45/EDG≥5.0/CV≤-/μ≥0.0/TP≥60,59.77,5.0,,0.0,60.0,301,261,156,105,59.77,-5.34,-14.79,4.11,-13.931,0.308,13
"[-199,-150]",HR≥45/EDG≥5.0/CV≤-/μ≥0.0/TP≥65,59.77,5.0,,0.0,65.0,301,261,156,105,59.77,-5.34,-14.79,4.11,-13.931,0.308,13
"[-199,-150]",HR≥45/EDG≥5.0/CV≤-/μ≥0.5/TP≥-,61.86,5.0,,0.5,,246,215,133,82,61.86,-2.0,-12.32,8.33,-4.296,0.462,13
"[-199,-150]",HR≥45/EDG≥5.0/CV≤-/μ≥0.5/TP≥50,61.86,5.0,,0.5,50.0,246,215,133,82,61.86,-2.0,-12.32,8.33,-4.296,0.462,13
"[-199,-150]",HR≥45/EDG≥5.0/CV≤-/μ≥0.5/TP≥55,61.86,5.0,,0.5,55.0,246,215,133,82,61.86,-2.0,-12.32,8.33,-4.296,0.462,13
"[-199,-150]",HR≥45/EDG≥5.0/CV≤-/μ≥0.5/TP≥60,61.86,5.0,,0.5,60.0,246,215,133,82,61.86,-2.0,-12.32,8.33,-4.296,0.462,13
"[-199,-150]",HR≥45/EDG≥5.0/CV≤-/μ≥0.5/TP≥65,61.86,5.0,,0.5,65.0,246,215,133,82,61.86,-2.0,-12.32,8.33,-4.296,0.462,13
"[-199,-150]",HR≥45/EDG≥5.0/CV≤-/μ≥1.0/TP≥-,62.5,5.0,,1.0,,99,88,55,33,62.5,-1.08,-17.2,15.04,-0.951,0.455,11
"[-199,-150]",HR≥45/EDG≥5.0/CV≤-/μ≥1.0/TP≥50,62.5,5.0,,1.0,50.0,99,88,55,33,62.5,-1.08,-17.2,15.04,-0.951,0.455,11
"[-199,-150]",HR≥45/EDG≥5.0/CV≤-/μ≥1.0/TP≥55,62.5,5.0,,1.0,55.0,99,88,55,33,62.5,-1.08,-17.2,15.04,-0.951,0.455,11
"[-199,-150]",HR≥45/EDG≥5.0/CV≤-/μ≥1.0/TP≥60,62.5,5.0,,1.0,60.0,99,88,55,33,62.5,-1.08,-17.2,15.04,-0.951,0.455,11
"[-199,-150]",HR≥45/EDG≥5.0/CV≤-/μ≥1.0/TP≥65,62.5,5.0,,1.0,65.0,99,88,55,33,62.5,-1.08,-17.2,15.04,-0.951,0.455,11
"[-199,-150]",HR≥45/EDG≥5.0/CV≤0.7/μ≥-/TP≥-,52.83,5.0,0.7,,,61,53,28,25,52.83,-16.9,-38.27,4.47,-8.957,0.333,12
"[-199,-150]",HR≥45/EDG≥5.0/CV≤0.7/μ≥-/TP≥50,52.83,5.0,0.7,,50.0,61,53,28,25,52.83,-16.9,-38.27,4.47,-8.957,0.333,12
"[-199,-150]",HR≥45/EDG≥5.0/CV≤0.7/μ≥-/TP≥55,52.83,5.0,0.7,,55.0,61,53,28,25,52.83,-16.9,-38.27,4.47,-8.957,0.333,12
"[-199,-150]",HR≥45/EDG≥5.0/CV≤0.7/μ≥-/TP≥60,52.83,5.0,0.7,,60.0,61,53,28,25,52.83,-16.9,-38.27,4.47,-8.957,0.333,12
"[-199,-150]",HR≥45/EDG≥5.0/CV≤0.7/μ≥-/TP≥65,52.83,5.0,0.7,,65.0,61,53,28,25,52.83,-16.9,-38.27,4.47,-8.957,0.333,12
"[-199,-150]",HR≥45/EDG≥5.0/CV≤0.7/μ≥0.0/TP≥-,52.83,5.0,0.7,0.0,,61,53,28,25,52.83,-16.9,-38.27,4.47,-8.957,0.333,12
"[-199,-150]",HR≥45/EDG≥5.0/CV≤0.7/μ≥0.0/TP≥50,52.83,5.0,0.7,0.0,50.0,61,53,28,25,52.83,-16.9,-38.27,4.47,-8.957,0.333,12
"[-199,-150]",HR≥45/EDG≥5.0/CV≤0.7/μ≥0.0/TP≥55,52.83,5.0,0.7,0.0,55.0,61,53,28,25,52.83,-16.9,-38.27,4.47,-8.957,0.333,12
"[-199,-150]",HR≥45/EDG≥5.0/CV≤0.7/μ≥0.0/TP≥60,52.83,5.0,0.7,0.0,60.0,61,53,28,25,52.83,-16.9,-38.27,4.47,-8.957,0.333,12
"[-199,-150]",HR≥45/EDG≥5.0/CV≤0.7/μ≥0.0/TP≥65,52.83,5.0,0.7,0.0,65.0,61,53,28,25,52.83,-16.9,-38.27,4.47,-8.957,0.333,12
"[-199,-150]",HR≥45/EDG≥5.0/CV≤0.7/μ≥0.5/TP≥-,56.41,5.0,0.7,0.5,,45,39,22,17,56.41,-11.19,-36.04,13.67,-4.363,0.5,12
"[-199,-150]",HR≥45/EDG≥5.0/CV≤0.7/μ≥0.5/TP≥50,56.41,5.0,0.7,0.5,50.0,45,39,22,17,56.41,-11.19,-36.04,13.67,-4.363,0.5,12
"[-199,-150]",HR≥45/EDG≥5.0/CV≤0.7/μ≥0.5/TP≥55,56.41,5.0,0.7,0.5,55.0,45,39,22,17,56.41,-11.19,-36.04,13.67,-4.363,0.5,12
"[-199,-150]",HR≥45/EDG≥5.0/CV≤0.7/μ≥0.5/TP≥60,56.41,5.0,0.7,0.5,60.0,45,39,22,17,56.41,-11.19,-36.04,13.67,-4.363,0.5,12
"[-199,-150]",HR≥45/EDG≥5.0/CV≤0.7/μ≥0.5/TP≥65,56.41,5.0,0.7,0.5,65.0,45,39,22,17,56.41,-11.19,-36.04,13.67,-4.363,0.5,12
"[-199,-150]",HR≥45/EDG≥10.0/CV≤-/μ≥-/TP≥-,60.0,10.0,,,,240,210,126,84,60.0,-4.65,-15.22,5.91,-9.775,0.385,13
"[-199,-150]",HR≥45/EDG≥10.0/CV≤-/μ≥-/TP≥50,60.0,10.0,,,50.0,240,210,126,84,60.0,-4.65,-15.22,5.91,-9.775,0.385,13
"[-199,-150]",HR≥45/EDG≥10.0/CV≤-/μ≥-/TP≥55,60.0,10.0,,,55.0,240,210,126,84,60.0,-4.65,-15.22,5.91,-9.775,0.385,13
"[-199,-150]",HR≥45/EDG≥10.0/CV≤-/μ≥-/TP≥60,60.0,10.0,,,60.0,240,210,126,84,60.0,-4.65,-15.22,5.91,-9.775,0.385,13
"[-199,-150]",HR≥45/EDG≥10.0/CV≤-/μ≥-/TP≥65,60.0,10.0,,,65.0,240,210,126,84,60.0,-4.65,-15.22,5.91,-9.775,0.385,13
"[-199,-150]",HR≥45/EDG≥10.0/CV≤-/μ≥0.0/TP≥-,60.0,10.0,,0.0,,240,210,126,84,60.0,-4.65,-15.22,5.91,-9.775,0.385,13
"[-199,-150]",HR≥45/EDG≥10.0/CV≤-/μ≥0.0/TP≥50,60.0,10.0,,0.0,50.0,240,210,126,84,60.0,-4.65,-15.22,5.91,-9.775,0.385,13
"[-199,-150]",HR≥45/EDG≥10.0/CV≤-/μ≥0.0/TP≥55,60.0,10.0,,0.0,55.0,240,210,126,84,60.0,-4.65,-15.22,5.91,-9.775,0.385,13
"[-199,-150]",HR≥45/EDG≥10.0/CV≤-/μ≥0.0/TP≥60,60.0,10.0,,0.0,60.0,240,210,126,84,60.0,-4.65,-15.22,5.91,-9.775,0.385,13
"[-199,-150]",HR≥45/EDG≥10.0/CV≤-/μ≥0.0/TP≥65,60.0,10.0,,0.0,65.0,240,210,126,84,60.0,-4.65,-15.22,5.91,-9.775,0.385,13
"[-199,-150]",HR≥45/EDG≥10.0/CV≤-/μ≥0.5/TP≥-,61.03,10.0,,0.5,,224,195,119,76,61.03,-3.06,-13.97,7.86,-5.959,0.385,13
"[-199,-150]",HR≥45/EDG≥10.0/CV≤-/μ≥0.5/TP≥50,61.03,10.0,,0.5,50.0,224,195,119,76,61.03,-3.06,-13.97,7.86,-5.959,0.385,13
"[-199,-150]",HR≥45/EDG≥10.0/CV≤-/μ≥0.5/TP≥55,61.03,10.0,,0.5,55.0,224,195,119,76,61.03,-3.06,-13.97,7.86,-5.959,0.385,13
"[-199,-150]",HR≥45/EDG≥10.0/CV≤-/μ≥0.5/TP≥60,61.03,10.0,,0.5,60.0,224,195,119,76,61.03,-3.06,-13.97,7.86,-5.959,0.385,13
"[-199,-150]",HR≥45/EDG≥10.0/CV≤-/μ≥0.5/TP≥65,61.03,10.0,,0.5,65.0,224,195,119,76,61.03,-3.06,-13.97,7.86,-5.959,0.385,13
"[-199,-150]",HR≥45/EDG≥10.0/CV≤-/μ≥1.0/TP≥-,62.5,10.0,,1.0,,99,88,55,33,62.5,-1.08,-17.2,15.04,-0.951,0.455,11
"[-199,-150]",HR≥45/EDG≥10.0/CV≤-/μ≥1.0/TP≥50,62.5,10.0,,1.0,50.0,99,88,55,33,62.5,-1.08,-17.2,15.04,-0.951,0.455,11
"[-199,-150]",HR≥45/EDG≥10.0/CV≤-/μ≥1.0/TP≥55,62.5,10.0,,1.0,55.0,99,88,55,33,62.5,-1.08,-17.2,15.04,-0.951,0.455,11
"[-199,-150]",HR≥45/EDG≥10.0/CV≤-/μ≥1.0/TP≥60,62.5,10.0,,1.0,60.0,99,88,55,33,62.5,-1.08,-17.2,15.04,-0.951,0.455,11
"[-199,-150]",HR≥45/EDG≥10.0/CV≤-/μ≥1.0/TP≥65,62.5,10.0,,1.0,65.0,99,88,55,33,62.5,-1.08,-17.2,15.04,-0.951,0.455,11
"[-199,-150]",HR≥45/EDG≥10.0/CV≤0.7/μ≥-/TP≥-,55.81,10.0,0.7,,,49,43,24,19,55.81,-11.93,-35.66,11.81,-5.128,0.455,11
"[-199,-150]",HR≥45/EDG≥10.0/CV≤0.7/μ≥-/TP≥50,55.81,10.0,0.7,,50.0,49,43,24,19,55.81,-11.93,-35.66,11.81,-5.128,0.455,11
"[-199,-150]",HR≥45/EDG≥10.0/CV≤0.7/μ≥-/TP≥55,55.81,10.0,0.7,,55.0,49,43,24,19,55.81,-11.93,-35.66,11.81,-5.128,0.455,11
"[-199,-150]",HR≥45/EDG≥10.0/CV≤0.7/μ≥-/TP≥60,55.81,10.0,0.7,,60.0,49,43,24,19,55.81,-11.93,-35.66,11.81,-5.128,0.455,11
"[-199,-150]",HR≥45/EDG≥10.0/CV≤0.7/μ≥-/TP≥65,55.81,10.0,0.7,,65.0,49,43,24,19,55.81,-11.93,-35.66,11.81,-5.128,0.455,11
"[-199,-150]",HR≥45/EDG≥10.0/CV≤0.7/μ≥0.0/TP≥-,55.81,10.0,0.7,0.0,,49,43,24,19,55.81,-11.93,-35.66,11.81,-5.128,0.455,11
"[-199,-150]",HR≥45/EDG≥10.0/CV≤0.7/μ≥0.0/TP≥50,55.81,10.0,0.7,0.0,50.0,49,43,24,19,55.81,-11.93,-35.66,11.81,-5.128,0.455,11
"[-199,-150]",HR≥45/EDG≥10.0/CV≤0.7/μ≥0.0/TP≥55,55.81,10.0,0.7,0.0,55.0,49,43,24,19,55.81,-11.93,-35.66,11.81,-5.128,0.455,11
"[-199,-150]",HR≥45/EDG≥10.0/CV≤0.7/μ≥0.0/TP≥60,55.81,10.0,0.7,0.0,60.0,49,43,24,19,55.81,-11.93,-35.66,11.81,-5.128,0.455,11
"[-199,-150]",HR≥45/EDG≥10.0/CV≤0.7/μ≥0.0/TP≥65,55.81,10.0,0.7,0.0,65.0,49,43,24,19,55.81,-11.93,-35.66,11.81,-5.128,0.455,11
"[-199,-150]",HR≥45/EDG≥10.0/CV≤0.7/μ≥0.5/TP≥-,56.76,10.0,0.7,0.5,,42,37,21,16,56.76,-10.55,-36.09,14.99,-3.903,0.455,11
"[-199,-150]",HR≥45/EDG≥10.0/CV≤0.7/μ≥0.5/TP≥50,56.76,10.0,0.7,0.5,50.0,42,37,21,16,56.76,-10.55,-36.09,14.99,-3.903,0.455,11
"[-199,-150]",HR≥45/EDG≥10.0/CV≤0.7/μ≥0.5/TP≥55,56.76,10.0,0.7,0.5,55.0,42,37,21,16,56.76,-10.55,-36.09,14.99,-3.903,0.455,11
"[-199,-150]",HR≥45/EDG≥10.0/CV≤0.7/μ≥0.5/TP≥60,56.76,10.0,0.7,0.5,60.0,42,37,21,16,56.76,-10.55,-36.09,14.99,-3.903,0.455,11
"[-199,-150]",HR≥45/EDG≥10.0/CV≤0.7/μ≥0.5/TP≥65,56.76,10.0,0.7,0.5,65.0,42,37,21,16,56.76,-10.55,-36.09,14.99,-3.903,0.455,11
"[-199,-150]",HR≥50/EDG≥-/CV≤-/μ≥-/TP≥-,59.49,,,,,405,353,210,143,59.49,-5.82,-13.95,2.31,-20.538,0.231,13
"[-199,-150]",HR≥50/EDG≥-/CV≤-/μ≥-/TP≥50,59.1,,,,50.0,384,335,198,137,59.1,-6.51,-14.86,1.84,-21.805,0.385,13
"[-199,-150]",HR≥50/EDG≥-/CV≤-/μ≥-/TP≥55,59.44,,,,55.0,370,323,192,131,59.44,-6.05,-14.53,2.44,-19.536,0.385,13
"[-199,-150]",HR≥50/EDG≥-/CV≤-/μ≥-/TP≥60,60.13,,,,60.0,345,301,181,120,60.13,-4.98,-13.75,3.78,-14.991,0.308,13
"[-199,-150]",HR≥50/EDG≥-/CV≤-/μ≥-/TP≥65,60.24,,,,65.0,287,249,150,99,60.24,-4.75,-14.39,4.9,-11.821,0.462,13
"[-199,-150]",HR≥50/EDG≥-/CV≤-/μ≥0.0/TP≥-,59.1,,,0.0,,384,335,198,137,59.1,-6.51,-14.86,1.84,-21.805,0.385,13
"[-199,-150]",HR≥50/EDG≥-/CV≤-/μ≥0.0/TP≥50,59.1,,,0.0,50.0,384,335,198,137,59.1,-6.51,-14.86,1.84,-21.805,0.385,13
"[-199,-150]",HR≥50/EDG≥-/CV≤-/μ≥0.0/TP≥55,59.44,,,0.0,55.0,370,323,192,131,59.44,-6.05,-14.53,2.44,-19.536,0.385,13
"[-199,-150]",HR≥50/EDG≥-/CV≤-/μ≥0.0/TP≥60,60.13,,,0.0,60.0,345,301,181,120,60.13,-4.98,-13.75,3.78,-14.991,0.308,13
"[-199,-150]",HR≥50/EDG≥-/CV≤-/μ≥0.0/TP≥65,60.24,,,0.0,65.0,287,249,150,99,60.24,-4.75,-14.39,4.9,-11.821,0.462,13
"[-199,-150]",HR≥50/EDG≥-/CV≤-/μ≥0.5/TP≥-,62.83,,,0.5,,218,191,120,71,62.83,-0.51,-11.41,10.38,-0.976,0.462,13
"[-199,-150]",HR≥50/EDG≥-/CV≤-/μ≥0.5/TP≥50,62.83,,,0.5,50.0,218,191,120,71,62.83,-0.51,-11.41,10.38,-0.976,0.462,13
"[-199,-150]",HR≥50/EDG≥-/CV≤-/μ≥0.5/TP≥55,62.83,,,0.5,55.0,218,191,120,71,62.83,-0.51,-11.41,10.38,-0.976,0.462,13
"[-199,-150]",HR≥50/EDG≥-/CV≤-/μ≥0.5/TP≥60,62.83,,,0.5,60.0,218,191,120,71,62.83,-0.51,-11.41,10.38,-0.976,0.462,13
"[-199,-150]",HR≥50/EDG≥-/CV≤-/μ≥0.5/TP≥65,62.63,,,0.5,65.0,217,190,119,71,62.63,-0.79,-11.73,10.15,-1.502,0.462,13
"[-199,-150]",HR≥50/EDG≥-/CV≤-/μ≥1.0/TP≥-,65.79,,,1.0,,85,76,50,26,65.79,3.99,-13.0,20.98,3.033,0.455,11
"[-199,-150]",HR≥50/EDG≥-/CV≤-/μ≥1.0/TP≥50,65.79,,,1.0,50.0,85,76,50,26,65.79,3.99,-13.0,20.98,3.033,0.455,11
"[-199,-150]",HR≥50/EDG≥-/CV≤-/μ≥1.0/TP≥55,65.79,,,1.0,55.0,85,76,50,26,65.79,3.99,-13.0,20.98,3.033,0.455,11
"[-199,-150]",HR≥50/EDG≥-/CV≤-/μ≥1.0/TP≥60,65.79,,,1.0,60.0,85,76,50,26,65.79,3.99,-13.0,20.98,3.033,0.455,11
"[-199,-150]",HR≥50/EDG≥-/CV≤-/μ≥1.0/TP≥65,65.79,,,1.0,65.0,85,76,50,26,65.79,3.99,-13.0,20.98,3.033,0.455,11
"[-199,-150]",HR≥50/EDG≥-/CV≤0.7/μ≥-/TP≥-,52.54,,0.7,,,68,59,31,28,52.54,-17.38,-37.61,2.85,-10.253,0.25,12
"[-199,-150]",HR≥50/EDG≥-/CV≤0.7/μ≥-/TP≥50,53.45,,0.7,,50.0,67,58,31,27,53.45,-15.95,-36.34,4.43,-9.253,0.25,12
"[-199,-150]",HR≥50/EDG≥-/CV≤0.7/μ≥-/TP≥55,54.39,,0.7,,55.0,66,57,31,26,54.39,-14.48,-35.02,6.06,-8.253,0.333,12
"[-199,-150]",HR≥50/EDG≥-/CV≤0.7/μ≥-/TP≥60,54.39,,0.7,,60.0,66,57,31,26,54.39,-14.48,-35.02,6.06,-8.253,0.333,12
"[-199,-150]",HR≥50/EDG≥-/CV≤0.7/μ≥-/TP≥65,55.36,,0.7,,65.0,65,56,31,25,55.36,-12.95,-33.63,7.73,-7.253,0.333,12
"[-199,-150]",HR≥50/EDG≥-/CV≤0.7/μ≥0.0/TP≥-,53.45,,0.7,0.0,,67,58,31,27,53.45,-15.95,-36.34,4.43,-9.253,0.25,12
"[-199,-150]",HR≥50/EDG≥-/CV≤0.7/μ≥0.0/TP≥50,53.45,,0.7,0.0,50.0,67,58,31,27,53.45,-15.95,-36.34,4.43,-9.253,0.25,12
"[-199,-150]",HR≥50/EDG≥-/CV≤0.7/μ≥0.0/TP≥55,54.39,,0.7,0.0,55.0,66,57,31,26,54.39,-14.48,-35.02,6.06,-8.253,0.333,12
"[-199,-150]",HR≥50/EDG≥-/CV≤0.7/μ≥0.0/TP≥60,54.39,,0.7,0.0,60.0,66,57,31,26,54.39,-14.48,-35.02,6.06,-8.253,0.333,12
"[-199,-150]",HR≥50/EDG≥-/CV≤0.7/μ≥0.0/TP≥65,55.36,,0.7,0.0,65.0,65,56,31,25,55.36,-12.95,-33.63,7.73,-7.253,0.333,12
"[-199,-150]",HR≥50/EDG≥-/CV≤0.7/μ≥0.5/TP≥-,56.41,,0.7,0.5,,45,39,22,17,56.41,-11.19,-36.04,13.67,-4.363,0.5,12
"[-199,-150]",HR≥50/EDG≥-/CV≤0.7/μ≥0.5/TP≥50,56.41,,0.7,0.5,50.0,45,39,22,17,56.41,-11.19,-36.04,13.67,-4.363,0.5,12
"[-199,-150]",HR≥50/EDG≥-/CV≤0.7/μ≥0.5/TP≥55,56.41,,0.7,0.5,55.0,45,39,22,17,56.41,-11.19,-36.04,13.67,-4.363,0.5,12
"[-199,-150]",HR≥50/EDG≥-/CV≤0.7/μ≥0.5/TP≥60,56.41,,0.7,0.5,60.0,45,39,22,17,56.41,-11.19,-36.04,13.67,-4.363,0.5,12
"[-199,-150]",HR≥50/EDG≥-/CV≤0.7/μ≥0.5/TP≥65,56.41,,0.7,0.5,65.0,45,39,22,17,56.41,-11.19,-36.04,13.67,-4.363,0.5,12
"[-199,-150]",HR≥50/EDG≥-5.0/CV≤-/μ≥-/TP≥-,59.55,-5.0,,,,354,309,184,125,59.55,-5.83,-14.51,2.85,-18.011,0.385,13
"[-199,-150]",HR≥50/EDG≥-5.0/CV≤-/μ≥-/TP≥50,59.55,-5.0,,,50.0,354,309,184,125,59.55,-5.83,-14.51,2.85,-18.011,0.385,13
"[-199,-150]",HR≥50/EDG≥-5.0/CV≤-/μ≥-/TP≥55,59.55,-5.0,,,55.0,354,309,184,125,59.55,-5.83,-14.51,2.85,-18.011,0.385,13
"[-199,-150]",HR≥50/EDG≥-5.0/CV≤-/μ≥-/TP≥60,60.07,-5.0,,,60.0,342,298,179,119,60.07,-5.04,-13.86,3.77,-15.028,0.385,13
"[-199,-150]",HR≥50/EDG≥-5.0/CV≤-/μ≥-/TP≥65,60.24,-5.0,,,65.0,287,249,150,99,60.24,-4.75,-14.39,4.9,-11.821,0.462,13
"[-199,-150]",HR≥50/EDG≥-5.0/CV≤-/μ≥0.0/TP≥-,59.55,-5.0,,0.0,,354,309,184,125,59.55,-5.83,-14.51,2.85,-18.011,0.385,13
"[-199,-150]",HR≥50/EDG≥-5.0/CV≤-/μ≥0.0/TP≥50,59.55,-5.0,,0.0,50.0,354,309,184,125,59.55,-5.83,-14.51,2.85,-18.011,0.385,13
"[-199,-150]",HR≥50/EDG≥-5.0/CV≤-/μ≥0.0/TP≥55,59.55,-5.0,,0.0,55.0,354,309,184,125,59.55,-5.83,-14.51,2.85,-18.011,0.385,13
"[-199,-150]",HR≥50/EDG≥-5.0/CV≤-/μ≥0.0/TP≥60,60.07,-5.0,,0.0,60.0,342,298,179,119,60.07,-5.04,-13.86,3.77,-15.028,0.385,13
"[-199,-150]",HR≥50/EDG≥-5.0/CV≤-/μ≥0.0/TP≥65,60.24,-5.0,,0.0,65.0,287,249,150,99,60.24,-4.75,-14.39,4.9,-11.821,0.462,13
"[-199,-150]",HR≥50/EDG≥-5.0/CV≤-/μ≥0.5/TP≥-,62.83,-5.0,,0.5,,218,191,120,71,62.83,-0.51,-11.41,10.38,-0.976,0.462,13
"[-199,-150]",HR≥50/EDG≥-5.0/CV≤-/μ≥0.5/TP≥50,62.83,-5.0,,0.5,50.0,218,191,120,71,62.83,-0.51,-11.41,10.38,-0.976,0.462,13
"[-199,-150]",HR≥50/EDG≥-5.0/CV≤-/μ≥0.5/TP≥55,62.83,-5.0,,0.5,55.0,218,191,120,71,62.83,-0.51,-11.41,10.38,-0.976,0.462,13
"[-199,-150]",HR≥50/EDG≥-5.0/CV≤-/μ≥0.5/TP≥60,62.83,-5.0,,0.5,60.0,218,191,120,71,62.83,-0.51,-11.41,10.38,-0.976,0.462,13
"[-199,-150]",HR≥50/EDG≥-5.0/CV≤-/μ≥0.5/TP≥65,62.63,-5.0,,0.5,65.0,217,190,119,71,62.63,-0.79,-11.73,10.15,-1.502,0.462,13
"[-199,-150]",HR≥50/EDG≥-5.0/CV≤-/μ≥1.0/TP≥-,65.79,-5.0,,1.0,,85,76,50,26,65.79,3.99,-13.0,20.98,3.033,0.455,11
"[-199,-150]",HR≥50/EDG≥-5.0/CV≤-/μ≥1.0/TP≥50,65.79,-5.0,,1.0,50.0,85,76,50,26,65.79,3.99,-13.0,20.98,3.033,0.455,11
"[-199,-150]",HR≥50/EDG≥-5.0/CV≤-/μ≥1.0/TP≥55,65.79,-5.0,,1.0,55.0,85,76,50,26,65.79,3.99,-13.0,20.98,3.033,0.455,11
"[-199,-150]",HR≥50/EDG≥-5.0/CV≤-/μ≥1.0/TP≥60,65.79,-5.0,,1.0,60.0,85,76,50,26,65.79,3.99,-13.0,20.98,3.033,0.455,11
"[-199,-150]",HR≥50/EDG≥-5.0/CV≤-/μ≥1.0/TP≥65,65.79,-5.0,,1.0,65.0,85,76,50,26,65.79,3.99,-13.0,20.98,3.033,0.455,11
"[-199,-150]",HR≥50/EDG≥-5.0/CV≤0.7/μ≥-/TP≥-,54.39,-5.0,0.7,,,66,57,31,26,54.39,-14.48,-35.02,6.06,-8.253,0.333,12
"[-199,-150]",HR≥50/EDG≥-5.0/CV≤0.7/μ≥-/TP≥50,54.39,-5.0,0.7,,50.0,66,57,31,26,54.39,-14.48,-35.02,6.06,-8.253,0.333,12
"[-199,-150]",HR≥50/EDG≥-5.0/CV≤0.7/μ≥-/TP≥55,54.39,-5.0,0.7,,55.0,66,57,31,26,54.39,-14.48,-35.02,6.06,-8.253,0.333,12
"[-199,-150]",HR≥50/EDG≥-5.0/CV≤0.7/μ≥-/TP≥60,54.39,-5.0,0.7,,60.0,66,57,31,26,54.39,-14.48,-35.02,6.06,-8.253,0.333,12
"[-199,-150]",HR≥50/EDG≥-5.0/CV≤0.7/μ≥-/TP≥65,55.36,-5.0,0.7,,65.0,65,56,31,25,55.36,-12.95,-33.63,7.73,-7.253,0.333,12
"[-199,-150]",HR≥50/EDG≥-5.0/CV≤0.7/μ≥0.0/TP≥-,54.39,-5.0,0.7,0.0,,66,57,31,26,54.39,-14.48,-35.02,6.06,-8.253,0.333,12
"[-199,-150]",HR≥50/EDG≥-5.0/CV≤0.7/μ≥0.0/TP≥50,54.39,-5.0,0.7,0.0,50.0,66,57,31,26,54.39,-14.48,-35.02,6.06,-8.253,0.333,12
"[-199,-150]",HR≥50/EDG≥-5.0/CV≤0.7/μ≥0.0/TP≥55,54.39,-5.0,0.7,0.0,55.0,66,57,31,26,54.39,-14.48,-35.02,6.06,-8.253,0.333,12
"[-199,-150]",HR≥50/EDG≥-5.0/CV≤0.7/μ≥0.0/TP≥60,54.39,-5.0,0.7,0.0,60.0,66,57,31,26,54.39,-14.48,-35.02,6.06,-8.253,0.333,12
"[-199,-150]",HR≥50/EDG≥-5.0/CV≤0.7/μ≥0.0/TP≥65,55.36,-5.0,0.7,0.0,65.0,65,56,31,25,55.36,-12.95,-33.63,7.73,-7.253,0.333,12
"[-199,-150]",HR≥50/EDG≥-5.0/CV≤0.7/μ≥0.5/TP≥-,56.41,-5.0,0.7,0.5,,45,39,22,17,56.41,-11.19,-36.04,13.67,-4.363,0.5,12
"[-199,-150]",HR≥50/EDG≥-5.0/CV≤0.7/μ≥0.5/TP≥50,56.41,-5.0,0.7,0.5,50.0,45,39,22,17,56.41,-11.19,-36.04,13.67,-4.363,0.5,12
"[-199,-150]",HR≥50/EDG≥-5.0/CV≤0.7/μ≥0.5/TP≥55,56.41,-5.0,0.7,0.5,55.0,45,39,22,17,56.41,-11.19,-36.04,13.67,-4.363,0.5,12
"[-199,-150]",HR≥50/EDG≥-5.0/CV≤0.7/μ≥0.5/TP≥60,56.41,-5.0,0.7,0.5,60.0,45,39,22,17,56.41,-11.19,-36.04,13.67,-4.363,0.5,12
"[-199,-150]",HR≥50/EDG≥-5.0/CV≤0.7/μ≥0.5/TP≥65,56.41,-5.0,0.7,0.5,65.0,45,39,22,17,56.41,-11.19,-36.04,13.67,-4.363,0.5,12
"[-199,-150]",HR≥50/EDG≥0.0/CV≤-/μ≥-/TP≥-,59.25,0.0,,,,304,265,157,108,59.25,-6.2,-15.59,3.2,-16.426,0.308,13
"[-199,-150]",HR≥50/EDG≥0.0/CV≤-/μ≥-/TP≥50,59.25,0.0,,,50.0,304,265,157,108,59.25,-6.2,-15.59,3.2,-16.426,0.308,13
"[-199,-150]",HR≥50/EDG≥0.0/CV≤-/μ≥-/TP≥55,59.25,0.0,,,55.0,304,265,157,108,59.25,-6.2,-15.59,3.2,-16.426,0.308,13
"[-199,-150]",HR≥50/EDG≥0.0/CV≤-/μ≥-/TP≥60,59.25,0.0,,,60.0,304,265,157,108,59.25,-6.2,-15.59,3.2,-16.426,0.308,13
"[-199,-150]",HR≥50/EDG≥0.0/CV≤-/μ≥-/TP≥65,60.24,0.0,,,65.0,287,249,150,99,60.24,-4.75,-14.39,4.9,-11.821,0.462,13
"[-199,-150]",HR≥50/EDG≥0.0/CV≤-/μ≥0.0/TP≥-,59.25,0.0,,0.0,,304,265,157,108,59.25,-6.2,-15.59,3.2,-16.426,0.308,13
"[-199,-150]",HR≥50/EDG≥0.0/CV≤-/μ≥0.0/TP≥50,59.25,0.0,,0.0,50.0,304,265,157,108,59.25,-6.2,-15.59,3.2,-16.426,0.308,13
"[-199,-150]",HR≥50/EDG≥0.0/CV≤-/μ≥0.0/TP≥55,59.25,0.0,,0.0,55.0,304,265,157,108,59.25,-6.2,-15.59,3.2,-16.426,0.308,13
"[-199,-150]",HR≥50/EDG≥0.0/CV≤-/μ≥0.0/TP≥60,59.25,0.0,,0.0,60.0,304,265,157,108,59.25,-6.2,-15.59,3.2,-16.426,0.308,13
"[-199,-150]",HR≥50/EDG≥0.0/CV≤-/μ≥0.0/TP≥65,60.24,0.0,,0.0,65.0,287,249,150,99,60.24,-4.75,-14.39,4.9,-11.821,0.462,13
"[-199,-150]",HR≥50/EDG≥0.0/CV≤-/μ≥0.5/TP≥-,62.63,0.0,,0.5,,217,190,119,71,62.63,-0.79,-11.73,10.15,-1.502,0.462,13
"[-199,-150]",HR≥50/EDG≥0.0/CV≤-/μ≥0.5/TP≥50,62.63,0.0,,0.5,50.0,217,190,119,71,62.63,-0.79,-11.73,10.15,-1.502,0.462,13
"[-199,-150]",HR≥50/EDG≥0.0/CV≤-/μ≥0.5/TP≥55,62.63,0.0,,0.5,55.0,217,190,119,71,62.63,-0.79,-11.73,10.15,-1.502,0.462,13
"[-199,-150]",HR≥50/EDG≥0.0/CV≤-/μ≥0.5/TP≥60,62.63,0.0,,0.5,60.0,217,190,119,71,62.63,-0.79,-11.73,10.15,-1.502,0.462,13
"[-199,-150]",HR≥50/EDG≥0.0/CV≤-/μ≥0.5/TP≥65,62.63,0.0,,0.5,65.0,217,190,119,71,62.63,-0.79,-11.73,10.15,-1.502,0.462,13
"[-199,-150]",HR≥50/EDG≥0.0/CV≤-/μ≥1.0/TP≥-,65.79,0.0,,1.0,,85,76,50,26,65.79,3.99,-13.0,20.98,3.033,0.455,11
"[-199,-150]",HR≥50/EDG≥0.0/CV≤-/μ≥1.0/TP≥50,65.79,0.0,,1.0,50.0,85,76,50,26,65.79,3.99,-13.0,20.98,3.033,0.455,11
"[-199,-150]",HR≥50/EDG≥0.0/CV≤-/μ≥1.0/TP≥55,65.79,0.0,,1.0,55.0,85,76,50,26,65.79,3.99,-13.0,20.98,3.033,0.455,11
"[-199,-150]",HR≥50/EDG≥0.0/CV≤-/μ≥1.0/TP≥60,65.79,0.0,,1.0,60.0,85,76,50,26,65.79,3.99,-13.0,20.98,3.033,0.455,11
"[-199,-150]",HR≥50/EDG≥0.0/CV≤-/μ≥1.0/TP≥65,65.79,0.0,,1.0,65.0,85,76,50,26,65.79,3.99,-13.0,20.98,3.033,0.455,11
"[-199,-150]",HR≥50/EDG≥0.0/CV≤0.7/μ≥-/TP≥-,54.39,0.0,0.7,,,66,57,31,26,54.39,-14.48,-35.02,6.06,-8.253,0.333,12
"[-199,-150]",HR≥50/EDG≥0.0/CV≤0.7/μ≥-/TP≥50,54.39,0.0,0.7,,50.0,66,57,31,26,54.39,-14.48,-35.02,6.06,-8.253,0.333,12
"[-199,-150]",HR≥50/EDG≥0.0/CV≤0.7/μ≥-/TP≥55,54.39,0.0,0.7,,55.0,66,57,31,26,54.39,-14.48,-35.02,6.06,-8.253,0.333,12
"[-199,-150]",HR≥50/EDG≥0.0/CV≤0.7/μ≥-/TP≥60,54.39,0.0,0.7,,60.0,66,57,31,26,54.39,-14.48,-35.02,6.06,-8.253,0.333,12
"[-199,-150]",HR≥50/EDG≥0.0/CV≤0.7/μ≥-/TP≥65,55.36,0.0,0.7,,65.0,65,56,31,25,55.36,-12.95,-33.63,7.73,-7.253,0.333,12
"[-199,-150]",HR≥50/EDG≥0.0/CV≤0.7/μ≥0.0/TP≥-,54.39,0.0,0.7,0.0,,66,57,31,26,54.39,-14.48,-35.02,6.06,-8.253,0.333,12
"[-199,-150]",HR≥50/EDG≥0.0/CV≤0.7/μ≥0.0/TP≥50,54.39,0.0,0.7,0.0,50.0,66,57,31,26,54.39,-14.48,-35.02,6.06,-8.253,0.333,12
"[-199,-150]",HR≥50/EDG≥0.0/CV≤0.7/μ≥0.0/TP≥55,54.39,0.0,0.7,0.0,55.0,66,57,31,26,54.39,-14.48,-35.02,6.06,-8.253,0.333,12
"[-199,-150]",HR≥50/EDG≥0.0/CV≤0.7/μ≥0.0/TP≥60,54.39,0.0,0.7,0.0,60.0,66,57,31,26,54.39,-14.48,-35.02,6.06,-8.253,0.333,12
"[-199,-150]",HR≥50/EDG≥0.0/CV≤0.7/μ≥0.0/TP≥65,55.36,0.0,0.7,0.0,65.0,65,56,31,25,55.36,-12.95,-33.63,7.73,-7.253,0.333,12
"[-199,-150]",HR≥50/EDG≥0.0/CV≤0.7/μ≥0.5/TP≥-,56.41,0.0,0.7,0.5,,45,39,22,17,56.41,-11.19,-36.04,13.67,-4.363,0.5,12
"[-199,-150]",HR≥50/EDG≥0.0/CV≤0.7/μ≥0.5/TP≥50,56.41,0.0,0.7,0.5,50.0,45,39,22,17,56.41,-11.19,-36.04,13.67,-4.363,0.5,12
"[-199,-150]",HR≥50/EDG≥0.0/CV≤0.7/μ≥0.5/TP≥55,56.41,0.0,0.7,0.5,55.0,45,39,22,17,56.41,-11.19,-36.04,13.67,-4.363,0.5,12
"[-199,-150]",HR≥50/EDG≥0.0/CV≤0.7/μ≥0.5/TP≥60,56.41,0.0,0.7,0.5,60.0,45,39,22,17,56.41,-11.19,-36.04,13.67,-4.363,0.5,12
"[-199,-150]",HR≥50/EDG≥0.0/CV≤0.7/μ≥0.5/TP≥65,56.41,0.0,0.7,0.5,65.0,45,39,22,17,56.41,-11.19,-36.04,13.67,-4.363,0.5,12
"[-199,-150]",HR≥50/EDG≥5.0/CV≤-/μ≥-/TP≥-,60.7,5.0,,,,264,229,139,90,60.7,-3.87,-13.93,6.18,-8.871,0.462,13
"[-199,-150]",HR≥50/EDG≥5.0/CV≤-/μ≥-/TP≥50,60.7,5.0,,,50.0,264,229,139,90,60.7,-3.87,-13.93,6.18,-8.871,0.462,13
"[-199,-150]",HR≥50/EDG≥5.0/CV≤-/μ≥-/TP≥55,60.7,5.0,,,55.0,264,229,139,90,60.7,-3.87,-13.93,6.18,-8.871,0.462,13
"[-199,-150]",HR≥50/EDG≥5.0/CV≤-/μ≥-/TP≥60,60.7,5.0,,,60.0,264,229,139,90,60.7,-3.87,-13.93,6.18,-8.871,0.462,13
"[-199,-150]",HR≥50/EDG≥5.0/CV≤-/μ≥-/TP≥65,60.7,5.0,,,65.0,264,229,139,90,60.7,-3.87,-13.93,6.18,-8.871,0.462,13
"[-199,-150]",HR≥50/EDG≥5.0/CV≤-/μ≥0.0/TP≥-,60.7,5.0,,0.0,,264,229,139,90,60.7,-3.87,-13.93,6.18,-8.871,0.462,13
"[-199,-150]",HR≥50/EDG≥5.0/CV≤-/μ≥0.0/TP≥50,60.7,5.0,,0.0,50.0,264,229,139,90,60.7,-3.87,-13.93,6.18,-8.871,0.462,13
"[-199,-150]",HR≥50/EDG≥5.0/CV≤-/μ≥0.0/TP≥55,60.7,5.0,,0.0,55.0,264,229,139,90,60.7,-3.87,-13.93,6.18,-8.871,0.462,13
"[-199,-150]",HR≥50/EDG≥5.0/CV≤-/μ≥0.0/TP≥60,60.7,5.0,,0.0,60.0,264,229,139,90,60.7,-3.87,-13.93,6.18,-8.871,0.462,13
"[-199,-150]",HR≥50/EDG≥5.0/CV≤-/μ≥0.0/TP≥65,60.7,5.0,,0.0,65.0,264,229,139,90,60.7,-3.87,-13.93,6.18,-8.871,0.462,13
"[-199,-150]",HR≥50/EDG≥5.0/CV≤-/μ≥0.5/TP≥-,62.57,5.0,,0.5,,214,187,117,70,62.57,-0.86,-11.89,10.18,-1.6,0.538,13
"[-199,-150]",HR≥50/EDG≥5.0/CV≤-/μ≥0.5/TP≥50,62.57,5.0,,0.5,50.0,214,187,117,70,62.57,-0.86,-11.89,10.18,-1.6,0.538,13
"[-199,-150]",HR≥50/EDG≥5.0/CV≤-/μ≥0.5/TP≥55,62.57,5.0,,0.5,55.0,214,187,117,70,62.57,-0.86,-11.89,10.18,-1.6,0.538,13
"[-199,-150]",HR≥50/EDG≥5.0/CV≤-/μ≥0.5/TP≥60,62.57,5.0,,0.5,60.0,214,187,117,70,62.57,-0.86,-11.89,10.18,-1.6,0.538,13
"[-199,-150]",HR≥50/EDG≥5.0/CV≤-/μ≥0.5/TP≥65,62.57,5.0,,0.5,65.0,214,187,117,70,62.57,-0.86,-11.89,10.18,-1.6,0.538,13
"[-199,-150]",HR≥50/EDG≥5.0/CV≤-/μ≥1.0/TP≥-,65.79,5.0,,1.0,,85,76,50,26,65.79,3.99,-13.0,20.98,3.033,0.455,11
"[-199,-150]",HR≥50/EDG≥5.0/CV≤-/μ≥1.0/TP≥50,65.79,5.0,,1.0,50.0,85,76,50,26,65.79,3.99,-13.0,20.98,3.033,0.455,11
"[-199,-150]",HR≥50/EDG≥5.0/CV≤-/μ≥1.0/TP≥55,65.79,5.0,,1.0,55.0,85,76,50,26,65.79,3.99,-13.0,20.98,3.033,0.455,11
"[-199,-150]",HR≥50/EDG≥5.0/CV≤-/μ≥1.0/TP≥60,65.79,5.0,,1.0,60.0,85,76,50,26,65.79,3.99,-13.0,20.98,3.033,0.455,11
"[-199,-150]",HR≥50/EDG≥5.0/CV≤-/μ≥1.0/TP≥65,65.79,5.0,,1.0,65.0,85,76,50,26,65.79,3.99,-13.0,20.98,3.033,0.455,11
"[-199,-150]",HR≥50/EDG≥5.0/CV≤0.7/μ≥-/TP≥-,52.83,5.0,0.7,,,61,53,28,25,52.83,-16.9,-38.27,4.47,-8.957,0.333,12
"[-199,-150]",HR≥50/EDG≥5.0/CV≤0.7/μ≥-/TP≥50,52.83,5.0,0.7,,50.0,61,53,28,25,52.83,-16.9,-38.27,4.47,-8.957,0.333,12
"[-199,-150]",HR≥50/EDG≥5.0/CV≤0.7/μ≥-/TP≥55,52.83,5.0,0.7,,55.0,61,53,28,25,52.83,-16.9,-38.27,4.47,-8.957,0.333,12
"[-199,-150]",HR≥50/EDG≥5.0/CV≤0.7/μ≥-/TP≥60,52.83,5.0,0.7,,60.0,61,53,28,25,52.83,-16.9,-38.27,4.47,-8.957,0.333,12
"[-199,-150]",HR≥50/EDG≥5.0/CV≤0.7/μ≥-/TP≥65,52.83,5.0,0.7,,65.0,61,53,28,25,52.83,-16.9,-38.27,4.47,-8.957,0.333,12
"[-199,-150]",HR≥50/EDG≥5.0/CV≤0.7/μ≥0.0/TP≥-,52.83,5.0,0.7,0.0,,61,53,28,25,52.83,-16.9,-38.27,4.47,-8.957,0.333,12
"[-199,-150]",HR≥50/EDG≥5.0/CV≤0.7/μ≥0.0/TP≥50,52.83,5.0,0.7,0.0,50.0,61,53,28,25,52.83,-16.9,-38.27,4.47,-8.957,0.333,12
"[-199,-150]",HR≥50/EDG≥5.0/CV≤0.7/μ≥0.0/TP≥55,52.83,5.0,0.7,0.0,55.0,61,53,28,25,52.83,-16.9,-38.27,4.47,-8.957,0.333,12
"[-199,-150]",HR≥50/EDG≥5.0/CV≤0.7/μ≥0.0/TP≥60,52.83,5.0,0.7,0.0,60.0,61,53,28,25,52.83,-16.9,-38.27,4.47,-8.957,0.333,12
"[-199,-150]",HR≥50/EDG≥5.0/CV≤0.7/μ≥0.0/TP≥65,52.83,5.0,0.7,0.0,65.0,61,53,28,25,52.83,-16.9,-38.27,4.47,-8.957,0.333,12
"[-199,-150]",HR≥50/EDG≥5.0/CV≤0.7/μ≥0.5/TP≥-,56.41,5.0,0.7,0.5,,45,39,22,17,56.41,-11.19,-36.04,13.67,-4.363,0.5,12
"[-199,-150]",HR≥50/EDG≥5.0/CV≤0.7/μ≥0.5/TP≥50,56.41,5.0,0.7,0.5,50.0,45,39,22,17,56.41,-11.19,-36.04,13.67,-4.363,0.5,12
"[-199,-150]",HR≥50/EDG≥5.0/CV≤0.7/μ≥0.5/TP≥55,56.41,5.0,0.7,0.5,55.0,45,39,22,17,56.41,-11.19,-36.04,13.67,-4.363,0.5,12
"[-199,-150]",HR≥50/EDG≥5.0/CV≤0.7/μ≥0.5/TP≥60,56.41,5.0,0.7,0.5,60.0,45,39,22,17,56.41,-11.19,-36.04,13.67,-4.363,0.5,12
"[-199,-150]",HR≥50/EDG≥5.0/CV≤0.7/μ≥0.5/TP≥65,56.41,5.0,0.7,0.5,65.0,45,39,22,17,56.41,-11.19,-36.04,13.67,-4.363,0.5,12
"[-199,-150]",HR≥50/EDG≥10.0/CV≤-/μ≥-/TP≥-,60.66,10.0,,,,209,183,111,72,60.66,-3.63,-14.92,7.66,-6.637,0.385,13
"[-199,-150]",HR≥50/EDG≥10.0/CV≤-/μ≥-/TP≥50,60.66,10.0,,,50.0,209,183,111,72,60.66,-3.63,-14.92,7.66,-6.637,0.385,13
"[-199,-150]",HR≥50/EDG≥10.0/CV≤-/μ≥-/TP≥55,60.66,10.0,,,55.0,209,183,111,72,60.66,-3.63,-14.92,7.66,-6.637,0.385,13
"[-199,-150]",HR≥50/EDG≥10.0/CV≤-/μ≥-/TP≥60,60.66,10.0,,,60.0,209,183,111,72,60.66,-3.63,-14.92,7.66,-6.637,0.385,13
"[-199,-150]",HR≥50/EDG≥10.0/CV≤-/μ≥-/TP≥65,60.66,10.0,,,65.0,209,183,111,72,60.66,-3.63,-14.92,7.66,-6.637,0.385,13
"[-199,-150]",HR≥50/EDG≥10.0/CV≤-/μ≥0.0/TP≥-,60.66,10.0,,0.0,,209,183,111,72,60.66,-3.63,-14.92,7.66,-6.637,0.385,13
"[-199,-150]",HR≥50/EDG≥10.0/CV≤-/μ≥0.0/TP≥50,60.66,10.0,,0.0,50.0,209,183,111,72,60.66,-3.63,-14.92,7.66,-6.637,0.385,13
"[-199,-150]",HR≥50/EDG≥10.0/CV≤-/μ≥0.0/TP≥55,60.66,10.0,,0.0,55.0,209,183,111,72,60.66,-3.63,-14.92,7.66,-6.637,0.385,13
"[-199,-150]",HR≥50/EDG≥10.0/CV≤-/μ≥0.0/TP≥60,60.66,10.0,,0.0,60.0,209,183,111,72,60.66,-3.63,-14.92,7.66,-6.637,0.385,13
"[-199,-150]",HR≥50/EDG≥10.0/CV≤-/μ≥0.0/TP≥65,60.66,10.0,,0.0,65.0,209,183,111,72,60.66,-3.63,-14.92,7.66,-6.637,0.385,13
"[-199,-150]",HR≥50/EDG≥10.0/CV≤-/μ≥0.5/TP≥-,62.13,10.0,,0.5,,194,169,105,64,62.13,-1.29,-12.96,10.38,-2.184,0.462,13
"[-199,-150]",HR≥50/EDG≥10.0/CV≤-/μ≥0.5/TP≥50,62.13,10.0,,0.5,50.0,194,169,105,64,62.13,-1.29,-12.96,10.38,-2.184,0.462,13
"[-199,-150]",HR≥50/EDG≥10.0/CV≤-/μ≥0.5/TP≥55,62.13,10.0,,0.5,55.0,194,169,105,64,62.13,-1.29,-12.96,10.38,-2.184,0.462,13
"[-199,-150]",HR≥50/EDG≥10.0/CV≤-/μ≥0.5/TP≥60,62.13,10.0,,0.5,60.0,194,169,105,64,62.13,-1.29,-12.96,10.38,-2.184,0.462,13
"[-199,-150]",HR≥50/EDG≥10.0/CV≤-/μ≥0.5/TP≥65,62.13,10.0,,0.5,65.0,194,169,105,64,62.13,-1.29,-12.96,10.38,-2.184,0.462,13
"[-199,-150]",HR≥50/EDG≥10.0/CV≤-/μ≥1.0/TP≥-,65.79,10.0,,1.0,,85,76,50,26,65.79,3.99,-13.0,20.98,3.033,0.455,11
"[-199,-150]",HR≥50/EDG≥10.0/CV≤-/μ≥1.0/TP≥50,65.79,10.0,,1.0,50.0,85,76,50,26,65.79,3.99,-13.0,20.98,3.033,0.455,11
"[-199,-150]",HR≥50/EDG≥10.0/CV≤-/μ≥1.0/TP≥55,65.79,10.0,,1.0,55.0,85,76,50,26,65.79,3.99,-13.0,20.98,3.033,0.455,11
"[-199,-150]",HR≥50/EDG≥10.0/CV≤-/μ≥1.0/TP≥60,65.79,10.0,,1.0,60.0,85,76,50,26,65.79,3.99,-13.0,20.98,3.033,0.455,11
"[-199,-150]",HR≥50/EDG≥10.0/CV≤-/μ≥1.0/TP≥65,65.79,10.0,,1.0,65.0,85,76,50,26,65.79,3.99,-13.0,20.98,3.033,0.455,11
"[-199,-150]",HR≥50/EDG≥10.0/CV≤0.7/μ≥-/TP≥-,55.81,10.0,0.7,,,49,43,24,19,55.81,-11.93,-35.66,11.81,-5.128,0.455,11
"[-199,-150]",HR≥50/EDG≥10.0/CV≤0.7/μ≥-/TP≥50,55.81,10.0,0.7,,50.0,49,43,24,19,55.81,-11.93,-35.66,11.81,-5.128,0.455,11
"[-199,-150]",HR≥50/EDG≥10.0/CV≤0.7/μ≥-/TP≥55,55.81,10.0,0.7,,55.0,49,43,24,19,55.81,-11.93,-35.66,11.81,-5.128,0.455,11
"[-199,-150]",HR≥50/EDG≥10.0/CV≤0.7/μ≥-/TP≥60,55.81,10.0,0.7,,60.0,49,43,24,19,55.81,-11.93,-35.66,11.81,-5.128,0.455,11
"[-199,-150]",HR≥50/EDG≥10.0/CV≤0.7/μ≥-/TP≥65,55.81,10.0,0.7,,65.0,49,43,24,19,55.81,-11.93,-35.66,11.81,-5.128,0.455,11
"[-199,-150]",HR≥50/EDG≥10.0/CV≤0.7/μ≥0.0/TP≥-,55.81,10.0,0.7,0.0,,49,43,24,19,55.81,-11.93,-35.66,11.81,-5.128,0.455,11
"[-199,-150]",HR≥50/EDG≥10.0/CV≤0.7/μ≥0.0/TP≥50,55.81,10.0,0.7,0.0,50.0,49,43,24,19,55.81,-11.93,-35.66,11.81,-5.128,0.455,11
"[-199,-150]",HR≥50/EDG≥10.0/CV≤0.7/μ≥0.0/TP≥55,55.81,10.0,0.7,0.0,55.0,49,43,24,19,55.81,-11.93,-35.66,11.81,-5.128,0.455,11
"[-199,-150]",HR≥50/EDG≥10.0/CV≤0.7/μ≥0.0/TP≥60,55.81,10.0,0.7,0.0,60.0,49,43,24,19,55.81,-11.93,-35.66,11.81,-5.128,0.455,11
"[-199,-150]",HR≥50/EDG≥10.0/CV≤0.7/μ≥0.0/TP≥65,55.81,10.0,0.7,0.0,65.0,49,43,24,19,55.81,-11.93,-35.66,11.81,-5.128,0.455,11
"[-199,-150]",HR≥50/EDG≥10.0/CV≤0.7/μ≥0.5/TP≥-,56.76,10.0,0.7,0.5,,42,37,21,16,56.76,-10.55,-36.09,14.99,-3.903,0.455,11
"[-199,-150]",HR≥50/EDG≥10.0/CV≤0.7/μ≥0.5/TP≥50,56.76,10.0,0.7,0.5,50.0,42,37,21,16,56.76,-10.55,-36.09,14.99,-3.903,0.455,11
"[-199,-150]",HR≥50/EDG≥10.0/CV≤0.7/μ≥0.5/TP≥55,56.76,10.0,0.7,0.5,55.0,42,37,21,16,56.76,-10.55,-36.09,14.99,-3.903,0.455,11
"[-199,-150]",HR≥50/EDG≥10.0/CV≤0.7/μ≥0.5/TP≥60,56.76,10.0,0.7,0.5,60.0,42,37,21,16,56.76,-10.55,-36.09,14.99,-3.903,0.455,11
"[-199,-150]",HR≥50/EDG≥10.0/CV≤0.7/μ≥0.5/TP≥65,56.76,10.0,0.7,0.5,65.0,42,37,21,16,56.76,-10.55,-36.09,14.99,-3.903,0.455,11
"[-199,-150]",HR≥55/EDG≥-/CV≤-/μ≥-/TP≥-,60.21,,,,,325,284,171,113,60.21,-4.56,-13.61,4.49,-12.939,0.385,13
"[-199,-150]",HR≥55/EDG≥-/CV≤-/μ≥-/TP≥50,59.63,,,,50.0,310,270,161,109,59.63,-5.53,-14.83,3.77,-14.919,0.385,13
"[-199,-150]",HR≥55/EDG≥-/CV≤-/μ≥-/TP≥55,59.92,,,,55.0,300,262,157,105,59.92,-5.15,-14.57,4.28,-13.481,0.462,13
"[-199,-150]",HR≥55/EDG≥-/CV≤-/μ≥-/TP≥60,60.48,,,,60.0,284,248,150,98,60.48,-4.26,-13.92,5.4,-10.569,0.462,13
"[-199,-150]",HR≥55/EDG≥-/CV≤-/μ≥-/TP≥65,61.24,,,,65.0,244,209,128,81,61.24,-3.07,-13.56,7.42,-6.414,0.538,13
"[-199,-150]",HR≥55/EDG≥-/CV≤-/μ≥0.0/TP≥-,59.63,,,0.0,,310,270,161,109,59.63,-5.53,-14.83,3.77,-14.919,0.385,13
"[-199,-150]",HR≥55/EDG≥-/CV≤-/μ≥0.0/TP≥50,59.63,,,0.0,50.0,310,270,161,109,59.63,-5.53,-14.83,3.77,-14.919,0.385,13
"[-199,-150]",HR≥55/EDG≥-/CV≤-/μ≥0.0/TP≥55,59.92,,,0.0,55.0,300,262,157,105,59.92,-5.15,-14.57,4.28,-13.481,0.462,13
"[-199,-150]",HR≥55/EDG≥-/CV≤-/μ≥0.0/TP≥60,60.48,,,0.0,60.0,284,248,150,98,60.48,-4.26,-13.92,5.4,-10.569,0.462,13
"[-199,-150]",HR≥55/EDG≥-/CV≤-/μ≥0.0/TP≥65,61.24,,,0.0,65.0,244,209,128,81,61.24,-3.07,-13.56,7.42,-6.414,0.538,13
"[-199,-150]",HR≥55/EDG≥-/CV≤-/μ≥0.5/TP≥-,64.42,,,0.5,,188,163,105,58,64.42,2.15,-9.56,13.86,3.507,0.538,13
"[-199,-150]",HR≥55/EDG≥-/CV≤-/μ≥0.5/TP≥50,64.42,,,0.5,50.0,188,163,105,58,64.42,2.15,-9.56,13.86,3.507,0.538,13
"[-199,-150]",HR≥55/EDG≥-/CV≤-/μ≥0.5/TP≥55,64.42,,,0.5,55.0,188,163,105,58,64.42,2.15,-9.56,13.86,3.507,0.538,13
"[-199,-150]",HR≥55/EDG≥-/CV≤-/μ≥0.5/TP≥60,64.42,,,0.5,60.0,188,163,105,58,64.42,2.15,-9.56,13.86,3.507,0.538,13
"[-199,-150]",HR≥55/EDG≥-/CV≤-/μ≥0.5/TP≥65,64.2,,,0.5,65.0,187,162,104,58,64.2,1.84,-9.92,13.6,2.98,0.538,13
"[-199,-150]",HR≥55/EDG≥-/CV≤-/μ≥1.0/TP≥-,67.65,,,1.0,,75,68,46,22,67.65,6.96,-10.77,24.7,4.734,0.6,10
"[-199,-150]",HR≥55/EDG≥-/CV≤-/μ≥1.0/TP≥50,67.65,,,1.0,50.0,75,68,46,22,67.65,6.96,-10.77,24.7,4.734,0.6,10
"[-199,-150]",HR≥55/EDG≥-/CV≤-/μ≥1.0/TP≥55,67.65,,,1.0,55.0,75,68,46,22,67.65,6.96,-10.77,24.7,4.734,0.6,10
"[-199,-150]",HR≥55/EDG≥-/CV≤-/μ≥1.0/TP≥60,67.65,,,1.0,60.0,75,68,46,22,67.65,6.96,-10.77,24.7,4.734,0.6,10
"[-199,-150]",HR≥55/EDG≥-/CV≤-/μ≥1.0/TP≥65,67.65,,,1.0,65.0,75,68,46,22,67.65,6.96,-10.77,24.7,4.734,0.6,10
"[-199,-150]",HR≥55/EDG≥-/CV≤0.7/μ≥-/TP≥-,53.57,,0.7,,,65,56,30,26,53.57,-15.82,-36.55,4.91,-8.859,0.333,12
"[-199,-150]",HR≥55/EDG≥-/CV≤0.7/μ≥-/TP≥50,54.55,,0.7,,50.0,64,55,30,25,54.55,-14.29,-35.18,6.6,-7.859,0.333,12
"[-199,-150]",HR≥55/EDG≥-/CV≤0.7/μ≥-/TP≥55,55.56,,0.7,,55.0,63,54,30,24,55.56,-12.7,-33.75,8.34,-6.859,0.417,12
"[-199,-150]",HR≥55/EDG≥-/CV≤0.7/μ≥-/TP≥60,55.56,,0.7,,60.0,63,54,30,24,55.56,-12.7,-33.75,8.34,-6.859,0.417,12
"[-199,-150]",HR≥55/EDG≥-/CV≤0.7/μ≥-/TP≥65,56.6,,0.7,,65.0,62,53,30,23,56.6,-11.06,-32.25,10.14,-5.859,0.417,12
"[-199,-150]",HR≥55/EDG≥-/CV≤0.7/μ≥0.0/TP≥-,54.55,,0.7,0.0,,64,55,30,25,54.55,-14.29,-35.18,6.6,-7.859,0.333,12
"[-199,-150]",HR≥55/EDG≥-/CV≤0.7/μ≥0.0/TP≥50,54.55,,0.7,0.0,50.0,64,55,30,25,54.55,-14.29,-35.18,6.6,-7.859,0.333,12
"[-199,-150]",HR≥55/EDG≥-/CV≤0.7/μ≥0.0/TP≥55,55.56,,0.7,0.0,55.0,63,54,30,24,55.56,-12.7,-33.75,8.34,-6.859,0.417,12
"[-199,-150]",HR≥55/EDG≥-/CV≤0.7/μ≥0.0/TP≥60,55.56,,0.7,0.0,60.0,63,54,30,24,55.56,-12.7,-33.75,8.34,-6.859,0.417,12
"[-199,-150]",HR≥55/EDG≥-/CV≤0.7/μ≥0.0/TP≥65,56.6,,0.7,0.0,65.0,62,53,30,23,56.6,-11.06,-32.25,10.14,-5.859,0.417,12
"[-199,-150]",HR≥55/EDG≥-/CV≤0.7/μ≥0.5/TP≥-,58.33,,0.7,0.5,,42,36,21,15,58.33,-8.25,-33.97,17.48,-2.969,0.583,12
"[-199,-150]",HR≥55/EDG≥-/CV≤0.7/μ≥0.5/TP≥50,58.33,,0.7,0.5,50.0,42,36,21,15,58.33,-8.25,-33.97,17.48,-2.969,0.583,12
"[-199,-150]",HR≥55/EDG≥-/CV≤0.7/μ≥0.5/TP≥55,58.33,,0.7,0.5,55.0,42,36,21,15,58.33,-8.25,-33.97,17.48,-2.969,0.583,12
"[-199,-150]",HR≥55/EDG≥-/CV≤0.7/μ≥0.5/TP≥60,58.33,,0.7,0.5,60.0,42,36,21,15,58.33,-8.25,-33.97,17.48,-2.969,0.583,12
"[-199,-150]",HR≥55/EDG≥-/CV≤0.7/μ≥0.5/TP≥65,58.33,,0.7,0.5,65.0,42,36,21,15,58.33,-8.25,-33.97,17.48,-2.969,0.583,12
"[-199,-150]",HR≥55/EDG≥-5.0/CV≤-/μ≥-/TP≥-,60.32,-5.0,,,,288,252,152,100,60.32,-4.49,-14.08,5.11,-11.305,0.462,13
"[-199,-150]",HR≥55/EDG≥-5.0/CV≤-/μ≥-/TP≥50,60.32,-5.0,,,50.0,288,252,152,100,60.32,-4.49,-14.08,5.11,-11.305,0.462,13
"[-199,-150]",HR≥55/EDG≥-5.0/CV≤-/μ≥-/TP≥55,60.32,-5.0,,,55.0,288,252,152,100,60.32,-4.49,-14.08,5.11,-11.305,0.462,13
"[-199,-150]",HR≥55/EDG≥-5.0/CV≤-/μ≥-/TP≥60,60.57,-5.0,,,60.0,282,246,149,97,60.57,-4.1,-13.8,5.6,-10.079,0.462,13
"[-199,-150]",HR≥55/EDG≥-5.0/CV≤-/μ≥-/TP≥65,61.24,-5.0,,,65.0,244,209,128,81,61.24,-3.07,-13.56,7.42,-6.414,0.538,13
"[-199,-150]",HR≥55/EDG≥-5.0/CV≤-/μ≥0.0/TP≥-,60.32,-5.0,,0.0,,288,252,152,100,60.32,-4.49,-14.08,5.11,-11.305,0.462,13
"[-199,-150]",HR≥55/EDG≥-5.0/CV≤-/μ≥0.0/TP≥50,60.32,-5.0,,0.0,50.0,288,252,152,100,60.32,-4.49,-14.08,5.11,-11.305,0.462,13
"[-199,-150]",HR≥55/EDG≥-5.0/CV≤-/μ≥0.0/TP≥55,60.32,-5.0,,0.0,55.0,288,252,152,100,60.32,-4.49,-14.08,5.11,-11.305,0.462,13
"[-199,-150]",HR≥55/EDG≥-5.0/CV≤-/μ≥0.0/TP≥60,60.57,-5.0,,0.0,60.0,282,246,149,97,60.57,-4.1,-13.8,5.6,-10.079,0.462,13
"[-199,-150]",HR≥55/EDG≥-5.0/CV≤-/μ≥0.0/TP≥65,61.24,-5.0,,0.0,65.0,244,209,128,81,61.24,-3.07,-13.56,7.42,-6.414,0.538,13
"[-199,-150]",HR≥55/EDG≥-5.0/CV≤-/μ≥0.5/TP≥-,64.42,-5.0,,0.5,,188,163,105,58,64.42,2.15,-9.56,13.86,3.507,0.538,13
"[-199,-150]",HR≥55/EDG≥-5.0/CV≤-/μ≥0.5/TP≥50,64.42,-5.0,,0.5,50.0,188,163,105,58,64.42,2.15,-9.56,13.86,3.507,0.538,13
"[-199,-150]",HR≥55/EDG≥-5.0/CV≤-/μ≥0.5/TP≥55,64.42,-5.0,,0.5,55.0,188,163,105,58,64.42,2.15,-9.56,13.86,3.507,0.538,13
"[-199,-150]",HR≥55/EDG≥-5.0/CV≤-/μ≥0.5/TP≥60,64.42,-5.0,,0.5,60.0,188,163,105,58,64.42,2.15,-9.56,13.86,3.507,0.538,13
"[-199,-150]",HR≥55/EDG≥-5.0/CV≤-/μ≥0.5/TP≥65,64.2,-5.0,,0.5,65.0,187,162,104,58,64.2,1.84,-9.92,13.6,2.98,0.538,13
"[-199,-150]",HR≥55/EDG≥-5.0/CV≤-/μ≥1.0/TP≥-,67.65,-5.0,,1.0,,75,68,46,22,67.65,6.96,-10.77,24.7,4.734,0.6,10
"[-199,-150]",HR≥55/EDG≥-5.0/CV≤-/μ≥1.0/TP≥50,67.65,-5.0,,1.0,50.0,75,68,46,22,67.65,6.96,-10.77,24.7,4.734,0.6,10
"[-199,-150]",HR≥55/EDG≥-5.0/CV≤-/μ≥1.0/TP≥55,67.65,-5.0,,1.0,55.0,75,68,46,22,67.65,6.96,-10.77,24.7,4.734,0.6,10
"[-199,-150]",HR≥55/EDG≥-5.0/CV≤-/μ≥1.0/TP≥60,67.65,-5.0,,1.0,60.0,75,68,46,22,67.65,6.96,-10.77,24.7,4.734,0.6,10
"[-199,-150]",HR≥55/EDG≥-5.0/CV≤-/μ≥1.0/TP≥65,67.65,-5.0,,1.0,65.0,75,68,46,22,67.65,6.96,-10.77,24.7,4.734,0.6,10
"[-199,-150]",HR≥55/EDG≥-5.0/CV≤0.7/μ≥-/TP≥-,55.56,-5.0,0.7,,,63,54,30,24,55.56,-12.7,-33.75,8.34,-6.859,0.417,12
"[-199,-150]",HR≥55/EDG≥-5.0/CV≤0.7/μ≥-/TP≥50,55.56,-5.0,0.7,,50.0,63,54,30,24,55.56,-12.7,-33.75,8.34,-6.859,0.417,12
"[-199,-150]",HR≥55/EDG≥-5.0/CV≤0.7/μ≥-/TP≥55,55.56,-5.0,0.7,,55.0,63,54,30,24,55.56,-12.7,-33.75,8.34,-6.859,0.417,12
"[-199,-150]",HR≥55/EDG≥-5.0/CV≤0.7/μ≥-/TP≥60,55.56,-5.0,0.7,,60.0,63,54,30,24,55.56,-12.7,-33.75,8.34,-6.859,0.417,12
"[-199,-150]",HR≥55/EDG≥-5.0/CV≤0.7/μ≥-/TP≥65,56.6,-5.0,0.7,,65.0,62,53,30,23,56.6,-11.06,-32.25,10.14,-5.859,0.417,12
"[-199,-150]",HR≥55/EDG≥-5.0/CV≤0.7/μ≥0.0/TP≥-,55.56,-5.0,0.7,0.0,,63,54,30,24,55.56,-12.7,-33.75,8.34,-6.859,0.417,12
"[-199,-150]",HR≥55/EDG≥-5.0/CV≤0.7/μ≥0.0/TP≥50,55.56,-5.0,0.7,0.0,50.0,63,54,30,24,55.56,-12.7,-33.75,8.34,-6.859,0.417,12
"[-199,-150]",HR≥55/EDG≥-5.0/CV≤0.7/μ≥0.0/TP≥55,55.56,-5.0,0.7,0.0,55.0,63,54,30,24,55.56,-12.7,-33.75,8.34,-6.859,0.417,12
"[-199,-150]",HR≥55/EDG≥-5.0/CV≤0.7/μ≥0.0/TP≥60,55.56,-5.0,0.7,0.0,60.0,63,54,30,24,55.56,-12.7,-33.75,8.34,-6.859,0.417,12
"[-199,-150]",HR≥55/EDG≥-5.0/CV≤0.7/μ≥0.0/TP≥65,56.6,-5.0,0.7,0.0,65.0,62,53,30,23,56.6,-11.06,-32.25,10.14,-5.859,0.417,12
"[-199,-150]",HR≥55/EDG≥-5.0/CV≤0.7/μ≥0.5/TP≥-,58.33,-5.0,0.7,0.5,,42,36,21,15,58.33,-8.25,-33.97,17.48,-2.969,0.583,12
"[-199,-150]",HR≥55/EDG≥-5.0/CV≤0.7/μ≥0.5/TP≥50,58.33,-5.0,0.7,0.5,50.0,42,36,21,15,58.33,-8.25,-33.97,17.48,-2.969,0.583,12
"[-199,-150]",HR≥55/EDG≥-5.0/CV≤0.7/μ≥0.5/TP≥55,58.33,-5.0,0.7,0.5,55.0,42,36,21,15,58.33,-8.25,-33.97,17.48,-2.969,0.583,12
"[-199,-150]",HR≥55/EDG≥-5.0/CV≤0.7/μ≥0.5/TP≥60,58.33,-5.0,0.7,0.5,60.0,42,36,21,15,58.33,-8.25,-33.97,17.48,-2.969,0.583,12
"[-199,-150]",HR≥55/EDG≥-5.0/CV≤0.7/μ≥0.5/TP≥65,58.33,-5.0,0.7,0.5,65.0,42,36,21,15,58.33,-8.25,-33.97,17.48,-2.969,0.583,12
"[-199,-150]",HR≥55/EDG≥0.0/CV≤-/μ≥-/TP≥-,60.27,0.0,,,,260,224,135,89,60.27,-4.47,-14.67,5.72,-10.019,0.385,13
"[-199,-150]",HR≥55/EDG≥0.0/CV≤-/μ≥-/TP≥50,60.27,0.0,,,50.0,260,224,135,89,60.27,-4.47,-14.67,5.72,-10.019,0.385,13
"[-199,-150]",HR≥55/EDG≥0.0/CV≤-/μ≥-/TP≥55,60.27,0.0,,,55.0,260,224,135,89,60.27,-4.47,-14.67,5.72,-10.019,0.385,13
"[-199,-150]",HR≥55/EDG≥0.0/CV≤-/μ≥-/TP≥60,60.27,0.0,,,60.0,260,224,135,89,60.27,-4.47,-14.67,5.72,-10.019,0.385,13
"[-199,-150]",HR≥55/EDG≥0.0/CV≤-/μ≥-/TP≥65,61.24,0.0,,,65.0,244,209,128,81,61.24,-3.07,-13.56,7.42,-6.414,0.538,13
"[-199,-150]",HR≥55/EDG≥0.0/CV≤-/μ≥0.0/TP≥-,60.27,0.0,,0.0,,260,224,135,89,60.27,-4.47,-14.67,5.72,-10.019,0.385,13
"[-199,-150]",HR≥55/EDG≥0.0/CV≤-/μ≥0.0/TP≥50,60.27,0.0,,0.0,50.0,260,224,135,89,60.27,-4.47,-14.67,5.72,-10.019,0.385,13
"[-199,-150]",HR≥55/EDG≥0.0/CV≤-/μ≥0.0/TP≥55,60.27,0.0,,0.0,55.0,260,224,135,89,60.27,-4.47,-14.67,5.72,-10.019,0.385,13
"[-199,-150]",HR≥55/EDG≥0.0/CV≤-/μ≥0.0/TP≥60,60.27,0.0,,0.0,60.0,260,224,135,89,60.27,-4.47,-14.67,5.72,-10.019,0.385,13
"[-199,-150]",HR≥55/EDG≥0.0/CV≤-/μ≥0.0/TP≥65,61.24,0.0,,0.0,65.0,244,209,128,81,61.24,-3.07,-13.56,7.42,-6.414,0.538,13
"[-199,-150]",HR≥55/EDG≥0.0/CV≤-/μ≥0.5/TP≥-,64.2,0.0,,0.5,,187,162,104,58,64.2,1.84,-9.92,13.6,2.98,0.538,13
"[-199,-150]",HR≥55/EDG≥0.0/CV≤-/μ≥0.5/TP≥50,64.2,0.0,,0.5,50.0,187,162,104,58,64.2,1.84,-9.92,13.6,2.98,0.538,13
"[-199,-150]",HR≥55/EDG≥0.0/CV≤-/μ≥0.5/TP≥55,64.2,0.0,,0.5,55.0,187,162,104,58,64.2,1.84,-9.92,13.6,2.98,0.538,13
"[-199,-150]",HR≥55/EDG≥0.0/CV≤-/μ≥0.5/TP≥60,64.2,0.0,,0.5,60.0,187,162,104,58,64.2,1.84,-9.92,13.6,2.98,0.538,13
"[-199,-150]",HR≥55/EDG≥0.0/CV≤-/μ≥0.5/TP≥65,64.2,0.0,,0.5,65.0,187,162,104,58,64.2,1.84,-9.92,13.6,2.98,0.538,13
"[-199,-150]",HR≥55/EDG≥0.0/CV≤-/μ≥1.0/TP≥-,67.65,0.0,,1.0,,75,68,46,22,67.65,6.96,-10.77,24.7,4.734,0.6,10
"[-199,-150]",HR≥55/EDG≥0.0/CV≤-/μ≥1.0/TP≥50,67.65,0.0,,1.0,50.0,75,68,46,22,67.65,6.96,-10.77,24.7,4.734,0.6,10
"[-199,-150]",HR≥55/EDG≥0.0/CV≤-/μ≥1.0/TP≥55,67.65,0.0,,1.0,55.0,75,68,46,22,67.65,6.96,-10.77,24.7,4.734,0.6,10
"[-199,-150]",HR≥55/EDG≥0.0/CV≤-/μ≥1.0/TP≥60,67.65,0.0,,1.0,60.0,75,68,46,22,67.65,6.96,-10.77,24.7,4.734,0.6,10
"[-199,-150]",HR≥55/EDG≥0.0/CV≤-/μ≥1.0/TP≥65,67.65,0.0,,1.0,65.0,75,68,46,22,67.65,6.96,-10.77,24.7,4.734,0.6,10
"[-199,-150]",HR≥55/EDG≥0.0/CV≤0.7/μ≥-/TP≥-,55.56,0.0,0.7,,,63,54,30,24,55.56,-12.7,-33.75,8.34,-6.859,0.417,12
"[-199,-150]",HR≥55/EDG≥0.0/CV≤0.7/μ≥-/TP≥50,55.56,0.0,0.7,,50.0,63,54,30,24,55.56,-12.7,-33.75,8.34,-6.859,0.417,12
"[-199,-150]",HR≥55/EDG≥0.0/CV≤0.7/μ≥-/TP≥55,55.56,0.0,0.7,,55.0,63,54,30,24,55.56,-12.7,-33.75,8.34,-6.859,0.417,12
"[-199,-150]",HR≥55/EDG≥0.0/CV≤0.7/μ≥-/TP≥60,55.56,0.0,0.7,,60.0,63,54,30,24,55.56,-12.7,-33.75,8.34,-6.859,0.417,12
"[-199,-150]",HR≥55/EDG≥0.0/CV≤0.7/μ≥-/TP≥65,56.6,0.0,0.7,,65.0,62,53,30,23,56.6,-11.06,-32.25,10.14,-5.859,0.417,12
"[-199,-150]",HR≥55/EDG≥0.0/CV≤0.7/μ≥0.0/TP≥-,55.56,0.0,0.7,0.0,,63,54,30,24,55.56,-12.7,-33.75,8.34,-6.859,0.417,12
"[-199,-150]",HR≥55/EDG≥0.0/CV≤0.7/μ≥0.0/TP≥50,55.56,0.0,0.7,0.0,50.0,63,54,30,24,55.56,-12.7,-33.75,8.34,-6.859,0.417,12
"[-199,-150]",HR≥55/EDG≥0.0/CV≤0.7/μ≥0.0/TP≥55,55.56,0.0,0.7,0.0,55.0,63,54,30,24,55.56,-12.7,-33.75,8.34,-6.859,0.417,12
"[-199,-150]",HR≥55/EDG≥0.0/CV≤0.7/μ≥0.0/TP≥60,55.56,0.0,0.7,0.0,60.0,63,54,30,24,55.56,-12.7,-33.75,8.34,-6.859,0.417,12
"[-199,-150]",HR≥55/EDG≥0.0/CV≤0.7/μ≥0.0/TP≥65,56.6,0.0,0.7,0.0,65.0,62,53,30,23,56.6,-11.06,-32.25,10.14,-5.859,0.417,12
"[-199,-150]",HR≥55/EDG≥0.0/CV≤0.7/μ≥0.5/TP≥-,58.33,0.0,0.7,0.5,,42,36,21,15,58.33,-8.25,-33.97,17.48,-2.969,0.583,12
"[-199,-150]",HR≥55/EDG≥0.0/CV≤0.7/μ≥0.5/TP≥50,58.33,0.0,0.7,0.5,50.0,42,36,21,15,58.33,-8.25,-33.97,17.48,-2.969,0.583,12
"[-199,-150]",HR≥55/EDG≥0.0/CV≤0.7/μ≥0.5/TP≥55,58.33,0.0,0.7,0.5,55.0,42,36,21,15,58.33,-8.25,-33.97,17.48,-2.969,0.583,12
"[-199,-150]",HR≥55/EDG≥0.0/CV≤0.7/μ≥0.5/TP≥60,58.33,0.0,0.7,0.5,60.0,42,36,21,15,58.33,-8.25,-33.97,17.48,-2.969,0.583,12
"[-199,-150]",HR≥55/EDG≥0.0/CV≤0.7/μ≥0.5/TP≥65,58.33,0.0,0.7,0.5,65.0,42,36,21,15,58.33,-8.25,-33.97,17.48,-2.969,0.583,12
"[-199,-150]",HR≥55/EDG≥5.0/CV≤-/μ≥-/TP≥-,61.86,5.0,,,,226,194,120,74,61.86,-1.97,-12.85,8.9,-3.824,0.538,13
"[-199,-150]",HR≥55/EDG≥5.0/CV≤-/μ≥-/TP≥50,61.86,5.0,,,50.0,226,194,120,74,61.86,-1.97,-12.85,8.9,-3.824,0.538,13
"[-199,-150]",HR≥55/EDG≥5.0/CV≤-/μ≥-/TP≥55,61.86,5.0,,,55.0,226,194,120,74,61.86,-1.97,-12.85,8.9,-3.824,0.538,13
"[-199,-150]",HR≥55/EDG≥5.0/CV≤-/μ≥-/TP≥60,61.86,5.0,,,60.0,226,194,120,74,61.86,-1.97,-12.85,8.9,-3.824,0.538,13
"[-199,-150]",HR≥55/EDG≥5.0/CV≤-/μ≥-/TP≥65,61.86,5.0,,,65.0,226,194,120,74,61.86,-1.97,-12.85,8.9,-3.824,0.538,13
"[-199,-150]",HR≥55/EDG≥5.0/CV≤-/μ≥0.0/TP≥-,61.86,5.0,,0.0,,226,194,120,74,61.86,-1.97,-12.85,8.9,-3.824,0.538,13
"[-199,-150]",HR≥55/EDG≥5.0/CV≤-/μ≥0.0/TP≥50,61.86,5.0,,0.0,50.0,226,194,120,74,61.86,-1.97,-12.85,8.9,-3.824,0.538,13
"[-199,-150]",HR≥55/EDG≥5.0/CV≤-/μ≥0.0/TP≥55,61.86,5.0,,0.0,55.0,226,194,120,74,61.86,-1.97,-12.85,8.9,-3.824,0.538,13
"[-199,-150]",HR≥55/EDG≥5.0/CV≤-/μ≥0.0/TP≥60,61.86,5.0,,0.0,60.0,226,194,120,74,61.86,-1.97,-12.85,8.9,-3.824,0.538,13
"[-199,-150]",HR≥55/EDG≥5.0/CV≤-/μ≥0.0/TP≥65,61.86,5.0,,0.0,65.0,226,194,120,74,61.86,-1.97,-12.85,8.9,-3.824,0.538,13
"[-199,-150]",HR≥55/EDG≥5.0/CV≤-/μ≥0.5/TP≥-,64.38,5.0,,0.5,,185,160,103,57,64.38,2.13,-9.69,13.96,3.409,0.538,13
"[-199,-150]",HR≥55/EDG≥5.0/CV≤-/μ≥0.5/TP≥50,64.38,5.0,,0.5,50.0,185,160,103,57,64.38,2.13,-9.69,13.96,3.409,0.538,13
"[-199,-150]",HR≥55/EDG≥5.0/CV≤-/μ≥0.5/TP≥55,64.38,5.0,,0.5,55.0,185,160,103,57,64.38,2.13,-9.69,13.96,3.409,0.538,13
"[-199,-150]",HR≥55/EDG≥5.0/CV≤-/μ≥0.5/TP≥60,64.38,5.0,,0.5,60.0,185,160,103,57,64.38,2.13,-9.69,13.96,3.409,0.538,13
"[-199,-150]",HR≥55/EDG≥5.0/CV≤-/μ≥0.5/TP≥65,64.38,5.0,,0.5,65.0,185,160,103,57,64.38,2.13,-9.69,13.96,3.409,0.538,13
"[-199,-150]",HR≥55/EDG≥5.0/CV≤-/μ≥1.0/TP≥-,67.65,5.0,,1.0,,75,68,46,22,67.65,6.96,-10.77,24.7,4.734,0.6,10
"[-199,-150]",HR≥55/EDG≥5.0/CV≤-/μ≥1.0/TP≥50,67.65,5.0,,1.0,50.0,75,68,46,22,67.65,6.96,-10.77,24.7,4.734,0.6,10
"[-199,-150]",HR≥55/EDG≥5.0/CV≤-/μ≥1.0/TP≥55,67.65,5.0,,1.0,55.0,75,68,46,22,67.65,6.96,-10.77,24.7,4.734,0.6,10
"[-199,-150]",HR≥55/EDG≥5.0/CV≤-/μ≥1.0/TP≥60,67.65,5.0,,1.0,60.0,75,68,46,22,67.65,6.96,-10.77,24.7,4.734,0.6,10
"[-199,-150]",HR≥55/EDG≥5.0/CV≤-/μ≥1.0/TP≥65,67.65,5.0,,1.0,65.0,75,68,46,22,67.65,6.96,-10.77,24.7,4.734,0.6,10
"[-199,-150]",HR≥55/EDG≥5.0/CV≤0.7/μ≥-/TP≥-,54.0,5.0,0.7,,,58,50,27,23,54.0,-15.13,-37.09,6.83,-7.563,0.417,12
"[-199,-150]",HR≥55/EDG≥5.0/CV≤0.7/μ≥-/TP≥50,54.0,5.0,0.7,,50.0,58,50,27,23,54.0,-15.13,-37.09,6.83,-7.563,0.417,12
"[-199,-150]",HR≥55/EDG≥5.0/CV≤0.7/μ≥-/TP≥55,54.0,5.0,0.7,,55.0,58,50,27,23,54.0,-15.13,-37.09,6.83,-7.563,0.417,12
"[-199,-150]",HR≥55/EDG≥5.0/CV≤0.7/μ≥-/TP≥60,54.0,5.0,0.7,,60.0,58,50,27,23,54.0,-15.13,-37.09,6.83,-7.563,0.417,12
"[-199,-150]",HR≥55/EDG≥5.0/CV≤0.7/μ≥-/TP≥65,54.0,5.0,0.7,,65.0,58,50,27,23,54.0,-15.13,-37.09,6.83,-7.563,0.417,12
"[-199,-150]",HR≥55/EDG≥5.0/CV≤0.7/μ≥0.0/TP≥-,54.0,5.0,0.7,0.0,,58,50,27,23,54.0,-15.13,-37.09,6.83,-7.563,0.417,12
"[-199,-150]",HR≥55/EDG≥5.0/CV≤0.7/μ≥0.0/TP≥50,54.0,5.0,0.7,0.0,50.0,58,50,27,23,54.0,-15.13,-37.09,6.83,-7.563,0.417,12
"[-199,-150]",HR≥55/EDG≥5.0/CV≤0.7/μ≥0.0/TP≥55,54.0,5.0,0.7,0.0,55.0,58,50,27,23,54.0,-15.13,-37.09,6.83,-7.563,0.417,12
"[-199,-150]",HR≥55/EDG≥5.0/CV≤0.7/μ≥0.0/TP≥60,54.0,5.0,0.7,0.0,60.0,58,50,27,23,54.0,-15.13,-37.09,6.83,-7.563,0.417,12
"[-199,-150]",HR≥55/EDG≥5.0/CV≤0.7/μ≥0.0/TP≥65,54.0,5.0,0.7,0.0,65.0,58,50,27,23,54.0,-15.13,-37.09,6.83,-7.563,0.417,12
"[-199,-150]",HR≥55/EDG≥5.0/CV≤0.7/μ≥0.5/TP≥-,58.33,5.0,0.7,0.5,,42,36,21,15,58.33,-8.25,-33.97,17.48,-2.969,0.583,12
"[-199,-150]",HR≥55/EDG≥5.0/CV≤0.7/μ≥0.5/TP≥50,58.33,5.0,0.7,0.5,50.0,42,36,21,15,58.33,-8.25,-33.97,17.48,-2.969,0.583,12
"[-199,-150]",HR≥55/EDG≥5.0/CV≤0.7/μ≥0.5/TP≥55,58.33,5.0,0.7,0.5,55.0,42,36,21,15,58.33,-8.25,-33.97,17.48,-2.969,0.583,12
"[-199,-150]",HR≥55/EDG≥5.0/CV≤0.7/μ≥0.5/TP≥60,58.33,5.0,0.7,0.5,60.0,42,36,21,15,58.33,-8.25,-33.97,17.48,-2.969,0.583,12
"[-199,-150]",HR≥55/EDG≥5.0/CV≤0.7/μ≥0.5/TP≥65,58.33,5.0,0.7,0.5,65.0,42,36,21,15,58.33,-8.25,-33.97,17.48,-2.969,0.583,12
"[-199,-150]",HR≥55/EDG≥10.0/CV≤-/μ≥-/TP≥-,62.66,10.0,,,,182,158,99,59,62.66,-0.43,-12.47,11.61,-0.673,0.538,13
"[-199,-150]",HR≥55/EDG≥10.0/CV≤-/μ≥-/TP≥50,62.66,10.0,,,50.0,182,158,99,59,62.66,-0.43,-12.47,11.61,-0.673,0.538,13
"[-199,-150]",HR≥55/EDG≥10.0/CV≤-/μ≥-/TP≥55,62.66,10.0,,,55.0,182,158,99,59,62.66,-0.43,-12.47,11.61,-0.673,0.538,13
"[-199,-150]",HR≥55/EDG≥10.0/CV≤-/μ≥-/TP≥60,62.66,10.0,,,60.0,182,158,99,59,62.66,-0.43,-12.47,11.61,-0.673,0.538,13
"[-199,-150]",HR≥55/EDG≥10.0/CV≤-/μ≥-/TP≥65,62.66,10.0,,,65.0,182,158,99,59,62.66,-0.43,-12.47,11.61,-0.673,0.538,13
"[-199,-150]",HR≥55/EDG≥10.0/CV≤-/μ≥0.0/TP≥-,62.66,10.0,,0.0,,182,158,99,59,62.66,-0.43,-12.47,11.61,-0.673,0.538,13
"[-199,-150]",HR≥55/EDG≥10.0/CV≤-/μ≥0.0/TP≥50,62.66,10.0,,0.0,50.0,182,158,99,59,62.66,-0.43,-12.47,11.61,-0.673,0.538,13
"[-199,-150]",HR≥55/EDG≥10.0/CV≤-/μ≥0.0/TP≥55,62.66,10.0,,0.0,55.0,182,158,99,59,62.66,-0.43,-12.47,11.61,-0.673,0.538,13
"[-199,-150]",HR≥55/EDG≥10.0/CV≤-/μ≥0.0/TP≥60,62.66,10.0,,0.0,60.0,182,158,99,59,62.66,-0.43,-12.47,11.61,-0.673,0.538,13
"[-199,-150]",HR≥55/EDG≥10.0/CV≤-/μ≥0.0/TP≥65,62.66,10.0,,0.0,65.0,182,158,99,59,62.66,-0.43,-12.47,11.61,-0.673,0.538,13
"[-199,-150]",HR≥55/EDG≥10.0/CV≤-/μ≥0.5/TP≥-,64.38,10.0,,0.5,,169,146,94,52,64.38,2.32,-10.08,14.72,3.385,0.538,13
"[-199,-150]",HR≥55/EDG≥10.0/CV≤-/μ≥0.5/TP≥50,64.38,10.0,,0.5,50.0,169,146,94,52,64.38,2.32,-10.08,14.72,3.385,0.538,13
"[-199,-150]",HR≥55/EDG≥10.0/CV≤-/μ≥0.5/TP≥55,64.38,10.0,,0.5,55.0,169,146,94,52,64.38,2.32,-10.08,14.72,3.385,0.538,13
"[-199,-150]",HR≥55/EDG≥10.0/CV≤-/μ≥0.5/TP≥60,64.38,10.0,,0.5,60.0,169,146,94,52,64.38,2.32,-10.08,14.72,3.385,0.538,13
"[-199,-150]",HR≥55/EDG≥10.0/CV≤-/μ≥0.5/TP≥65,64.38,10.0,,0.5,65.0,169,146,94,52,64.38,2.32,-10.08,14.72,3.385,0.538,13
"[-199,-150]",HR≥55/EDG≥10.0/CV≤-/μ≥1.0/TP≥-,67.65,10.0,,1.0,,75,68,46,22,67.65,6.96,-10.77,24.7,4.734,0.6,10
"[-199,-150]",HR≥55/EDG≥10.0/CV≤-/μ≥1.0/TP≥50,67.65,10.0,,1.0,50.0,75,68,46,22,67.65,6.96,-10.77,24.7,4.734,0.6,10
"[-199,-150]",HR≥55/EDG≥10.0/CV≤-/μ≥1.0/TP≥55,67.65,10.0,,1.0,55.0,75,68,46,22,67.65,6.96,-10.77,24.7,4.734,0.6,10
"[-199,-150]",HR≥55/EDG≥10.0/CV≤-/μ≥1.0/TP≥60,67.65,10.0,,1.0,60.0,75,68,46,22,67.65,6.96,-10.77,24.7,4.734,0.6,10
"[-199,-150]",HR≥55/EDG≥10.0/CV≤-/μ≥1.0/TP≥65,67.65,10.0,,1.0,65.0,75,68,46,22,67.65,6.96,-10.77,24.7,4.734,0.6,10
"[-199,-150]",HR≥55/EDG≥10.0/CV≤0.7/μ≥-/TP≥-,57.5,10.0,0.7,,,46,40,23,17,57.5,-9.34,-33.83,15.16,-3.734,0.545,11
"[-199,-150]",HR≥55/EDG≥10.0/CV≤0.7/μ≥-/TP≥50,57.5,10.0,0.7,,50.0,46,40,23,17,57.5,-9.34,-33.83,15.16,-3.734,0.545,11
"[-199,-150]",HR≥55/EDG≥10.0/CV≤0.7/μ≥-/TP≥55,57.5,10.0,0.7,,55.0,46,40,23,17,57.5,-9.34,-33.83,15.16,-3.734,0.545,11
"[-199,-150]",HR≥55/EDG≥10.0/CV≤0.7/μ≥-/TP≥60,57.5,10.0,0.7,,60.0,46,40,23,17,57.5,-9.34,-33.83,15.16,-3.734,0.545,11
"[-199,-150]",HR≥55/EDG≥10.0/CV≤0.7/μ≥-/TP≥65,57.5,10.0,0.7,,65.0,46,40,23,17,57.5,-9.34,-33.83,15.16,-3.734,0.545,11
"[-199,-150]",HR≥55/EDG≥10.0/CV≤0.7/μ≥0.0/TP≥-,57.5,10.0,0.7,0.0,,46,40,23,17,57.5,-9.34,-33.83,15.16,-3.734,0.545,11
"[-199,-150]",HR≥55/EDG≥10.0/CV≤0.7/μ≥0.0/TP≥50,57.5,10.0,0.7,0.0,50.0,46,40,23,17,57.5,-9.34,-33.83,15.16,-3.734,0.545,11
"[-199,-150]",HR≥55/EDG≥10.0/CV≤0.7/μ≥0.0/TP≥55,57.5,10.0,0.7,0.0,55.0,46,40,23,17,57.5,-9.34,-33.83,15.16,-3.734,0.545,11
"[-199,-150]",HR≥55/EDG≥10.0/CV≤0.7/μ≥0.0/TP≥60,57.5,10.0,0.7,0.0,60.0,46,40,23,17,57.5,-9.34,-33.83,15.16,-3.734,0.545,11
"[-199,-150]",HR≥55/EDG≥10.0/CV≤0.7/μ≥0.0/TP≥65,57.5,10.0,0.7,0.0,65.0,46,40,23,17,57.5,-9.34,-33.83,15.16,-3.734,0.545,11
"[-199,-150]",HR≥55/EDG≥10.0/CV≤0.7/μ≥0.5/TP≥-,58.82,10.0,0.7,0.5,,39,34,20,14,58.82,-7.38,-33.86,19.09,-2.509,0.545,11
"[-199,-150]",HR≥55/EDG≥10.0/CV≤0.7/μ≥0.5/TP≥50,58.82,10.0,0.7,0.5,50.0,39,34,20,14,58.82,-7.38,-33.86,19.09,-2.509,0.545,11
"[-199,-150]",HR≥55/EDG≥10.0/CV≤0.7/μ≥0.5/TP≥55,58.82,10.0,0.7,0.5,55.0,39,34,20,14,58.82,-7.38,-33.86,19.09,-2.509,0.545,11
"[-199,-150]",HR≥55/EDG≥10.0/CV≤0.7/μ≥0.5/TP≥60,58.82,10.0,0.7,0.5,60.0,39,34,20,14,58.82,-7.38,-33.86,19.09,-2.509,0.545,11
"[-199,-150]",HR≥55/EDG≥10.0/CV≤0.7/μ≥0.5/TP≥65,58.82,10.0,0.7,0.5,65.0,39,34,20,14,58.82,-7.38,-33.86,19.09,-2.509,0.545,11
"[-199,-150]",HR≥60/EDG≥-/CV≤-/μ≥-/TP≥-,62.17,,,,,266,230,143,87,62.17,-1.58,-11.54,8.37,-3.638,0.538,13
"[-199,-150]",HR≥60/EDG≥-/CV≤-/μ≥-/TP≥50,61.64,,,,50.0,254,219,135,84,61.64,-2.53,-12.74,7.69,-5.531,0.615,13
"[-199,-150]",HR≥60/EDG≥-/CV≤-/μ≥-/TP≥55,62.26,,,,55.0,245,212,132,80,62.26,-1.62,-11.96,8.73,-3.426,0.615,13
"[-199,-150]",HR≥60/EDG≥-/CV≤-/μ≥-/TP≥60,62.56,,,,60.0,234,203,127,76,62.56,-1.14,-11.7,9.41,-2.323,0.615,13
"[-199,-150]",HR≥60/EDG≥-/CV≤-/μ≥-/TP≥65,62.98,,,,65.0,212,181,114,67,62.98,-0.43,-11.59,10.74,-0.771,0.538,13
"[-199,-150]",HR≥60/EDG≥-/CV≤-/μ≥0.0/TP≥-,61.64,,,0.0,,254,219,135,84,61.64,-2.53,-12.74,7.69,-5.531,0.615,13
"[-199,-150]",HR≥60/EDG≥-/CV≤-/μ≥0.0/TP≥50,61.64,,,0.0,50.0,254,219,135,84,61.64,-2.53,-12.74,7.69,-5.531,0.615,13
"[-199,-150]",HR≥60/EDG≥-/CV≤-/μ≥0.0/TP≥55,62.26,,,0.0,55.0,245,212,132,80,62.26,-1.62,-11.96,8.73,-3.426,0.615,13
"[-199,-150]",HR≥60/EDG≥-/CV≤-/μ≥0.0/TP≥60,62.56,,,0.0,60.0,234,203,127,76,62.56,-1.14,-11.7,9.41,-2.323,0.615,13
"[-199,-150]",HR≥60/EDG≥-/CV≤-/μ≥0.0/TP≥65,62.98,,,0.0,65.0,212,181,114,67,62.98,-0.43,-11.59,10.74,-0.771,0.538,13
"[-199,-150]",HR≥60/EDG≥-/CV≤-/μ≥0.5/TP≥-,66.67,,,0.5,,164,141,94,47,66.67,5.56,-6.82,17.94,7.842,0.692,13
"[-199,-150]",HR≥60/EDG≥-/CV≤-/μ≥0.5/TP≥50,66.67,,,0.5,50.0,164,141,94,47,66.67,5.56,-6.82,17.94,7.842,0.692,13
"[-199,-150]",HR≥60/EDG≥-/CV≤-/μ≥0.5/TP≥55,66.67,,,0.5,55.0,164,141,94,47,66.67,5.56,-6.82,17.94,7.842,0.692,13
"[-199,-150]",HR≥60/EDG≥-/CV≤-/μ≥0.5/TP≥60,66.67,,,0.5,60.0,164,141,94,47,66.67,5.56,-6.82,17.94,7.842,0.692,13
"[-199,-150]",HR≥60/EDG≥-/CV≤-/μ≥0.5/TP≥65,66.67,,,0.5,65.0,164,141,94,47,66.67,5.56,-6.82,17.94,7.842,0.692,13
"[-199,-150]",HR≥60/EDG≥-/CV≤-/μ≥1.0/TP≥-,72.13,,,1.0,,68,61,44,17,72.13,14.13,-3.85,32.1,8.617,0.7,10
"[-199,-150]",HR≥60/EDG≥-/CV≤-/μ≥1.0/TP≥50,72.13,,,1.0,50.0,68,61,44,17,72.13,14.13,-3.85,32.1,8.617,0.7,10
"[-199,-150]",HR≥60/EDG≥-/CV≤-/μ≥1.0/TP≥55,72.13,,,1.0,55.0,68,61,44,17,72.13,14.13,-3.85,32.1,8.617,0.7,10
"[-199,-150]",HR≥60/EDG≥-/CV≤-/μ≥1.0/TP≥60,72.13,,,1.0,60.0,68,61,44,17,72.13,14.13,-3.85,32.1,8.617,0.7,10
"[-199,-150]",HR≥60/EDG≥-/CV≤-/μ≥1.0/TP≥65,72.13,,,1.0,65.0,68,61,44,17,72.13,14.13,-3.85,32.1,8.617,0.7,10
"[-199,-150]",HR≥60/EDG≥-/CV≤0.7/μ≥-/TP≥-,54.55,,0.7,,,64,55,30,25,54.55,-14.29,-35.18,6.6,-7.859,0.333,12
"[-199,-150]",HR≥60/EDG≥-/CV≤0.7/μ≥-/TP≥50,55.56,,0.7,,50.0,63,54,30,24,55.56,-12.7,-33.75,8.34,-6.859,0.333,12
"[-199,-150]",HR≥60/EDG≥-/CV≤0.7/μ≥-/TP≥55,56.6,,0.7,,55.0,62,53,30,23,56.6,-11.06,-32.25,10.14,-5.859,0.417,12
"[-199,-150]",HR≥60/EDG≥-/CV≤0.7/μ≥-/TP≥60,56.6,,0.7,,60.0,62,53,30,23,56.6,-11.06,-32.25,10.14,-5.859,0.417,12
"[-199,-150]",HR≥60/EDG≥-/CV≤0.7/μ≥-/TP≥65,57.69,,0.7,,65.0,61,52,30,22,57.69,-9.34,-30.68,11.99,-4.859,0.417,12
"[-199,-150]",HR≥60/EDG≥-/CV≤0.7/μ≥0.0/TP≥-,55.56,,0.7,0.0,,63,54,30,24,55.56,-12.7,-33.75,8.34,-6.859,0.333,12
"[-199,-150]",HR≥60/EDG≥-/CV≤0.7/μ≥0.0/TP≥50,55.56,,0.7,0.0,50.0,63,54,30,24,55.56,-12.7,-33.75,8.34,-6.859,0.333,12
"[-199,-150]",HR≥60/EDG≥-/CV≤0.7/μ≥0.0/TP≥55,56.6,,0.7,0.0,55.0,62,53,30,23,56.6,-11.06,-32.25,10.14,-5.859,0.417,12
"[-199,-150]",HR≥60/EDG≥-/CV≤0.7/μ≥0.0/TP≥60,56.6,,0.7,0.0,60.0,62,53,30,23,56.6,-11.06,-32.25,10.14,-5.859,0.417,12
"[-199,-150]",HR≥60/EDG≥-/CV≤0.7/μ≥0.0/TP≥65,57.69,,0.7,0.0,65.0,61,52,30,22,57.69,-9.34,-30.68,11.99,-4.859,0.417,12
"[-199,-150]",HR≥60/EDG≥-/CV≤0.7/μ≥0.5/TP≥-,58.33,,0.7,0.5,,42,36,21,15,58.33,-8.25,-33.97,17.48,-2.969,0.583,12
"[-199,-150]",HR≥60/EDG≥-/CV≤0.7/μ≥0.5/TP≥50,58.33,,0.7,0.5,50.0,42,36,21,15,58.33,-8.25,-33.97,17.48,-2.969,0.583,12
"[-199,-150]",HR≥60/EDG≥-/CV≤0.7/μ≥0.5/TP≥55,58.33,,0.7,0.5,55.0,42,36,21,15,58.33,-8.25,-33.97,17.48,-2.969,0.583,12
"[-199,-150]",HR≥60/EDG≥-/CV≤0.7/μ≥0.5/TP≥60,58.33,,0.7,0.5,60.0,42,36,21,15,58.33,-8.25,-33.97,17.48,-2.969,0.583,12
"[-199,-150]",HR≥60/EDG≥-/CV≤0.7/μ≥0.5/TP≥65,58.33,,0.7,0.5,65.0,42,36,21,15,58.33,-8.25,-33.97,17.48,-2.969,0.583,12
"[-199,-150]",HR≥60/EDG≥-5.0/CV≤-/μ≥-/TP≥-,62.44,-5.0,,,,236,205,128,77,62.44,-1.29,-11.81,9.23,-2.637,0.615,13
"[-199,-150]",HR≥60/EDG≥-5.0/CV≤-/μ≥-/TP≥50,62.44,-5.0,,,50.0,236,205,128,77,62.44,-1.29,-11.81,9.23,-2.637,0.615,13
"[-199,-150]",HR≥60/EDG≥-5.0/CV≤-/μ≥-/TP≥55,62.44,-5.0,,,55.0,236,205,128,77,62.44,-1.29,-11.81,9.23,-2.637,0.615,13
"[-199,-150]",HR≥60/EDG≥-5.0/CV≤-/μ≥-/TP≥60,62.38,-5.0,,,60.0,233,202,126,76,62.38,-1.4,-12.0,9.2,-2.833,0.615,13
"[-199,-150]",HR≥60/EDG≥-5.0/CV≤-/μ≥-/TP≥65,62.98,-5.0,,,65.0,212,181,114,67,62.98,-0.43,-11.59,10.74,-0.771,0.538,13
"[-199,-150]",HR≥60/EDG≥-5.0/CV≤-/μ≥0.0/TP≥-,62.44,-5.0,,0.0,,236,205,128,77,62.44,-1.29,-11.81,9.23,-2.637,0.615,13
"[-199,-150]",HR≥60/EDG≥-5.0/CV≤-/μ≥0.0/TP≥50,62.44,-5.0,,0.0,50.0,236,205,128,77,62.44,-1.29,-11.81,9.23,-2.637,0.615,13
"[-199,-150]",HR≥60/EDG≥-5.0/CV≤-/μ≥0.0/TP≥55,62.44,-5.0,,0.0,55.0,236,205,128,77,62.44,-1.29,-11.81,9.23,-2.637,0.615,13
"[-199,-150]",HR≥60/EDG≥-5.0/CV≤-/μ≥0.0/TP≥60,62.38,-5.0,,0.0,60.0,233,202,126,76,62.38,-1.4,-12.0,9.2,-2.833,0.615,13
"[-199,-150]",HR≥60/EDG≥-5.0/CV≤-/μ≥0.0/TP≥65,62.98,-5.0,,0.0,65.0,212,181,114,67,62.98,-0.43,-11.59,10.74,-0.771,0.538,13
"[-199,-150]",HR≥60/EDG≥-5.0/CV≤-/μ≥0.5/TP≥-,66.67,-5.0,,0.5,,164,141,94,47,66.67,5.56,-6.82,17.94,7.842,0.692,13
"[-199,-150]",HR≥60/EDG≥-5.0/CV≤-/μ≥0.5/TP≥50,66.67,-5.0,,0.5,50.0,164,141,94,47,66.67,5.56,-6.82,17.94,7.842,0.692,13
"[-199,-150]",HR≥60/EDG≥-5.0/CV≤-/μ≥0.5/TP≥55,66.67,-5.0,,0.5,55.0,164,141,94,47,66.67,5.56,-6.82,17.94,7.842,0.692,13
"[-199,-150]",HR≥60/EDG≥-5.0/CV≤-/μ≥0.5/TP≥60,66.67,-5.0,,0.5,60.0,164,141,94,47,66.67,5.56,-6.82,17.94,7.842,0.692,13
"[-199,-150]",HR≥60/EDG≥-5.0/CV≤-/μ≥0.5/TP≥65,66.67,-5.0,,0.5,65.0,164,141,94,47,66.67,5.56,-6.82,17.94,7.842,0.692,13
"[-199,-150]",HR≥60/EDG≥-5.0/CV≤-/μ≥1.0/TP≥-,72.13,-5.0,,1.0,,68,61,44,17,72.13,14.13,-3.85,32.1,8.617,0.7,10
"[-199,-150]",HR≥60/EDG≥-5.0/CV≤-/μ≥1.0/TP≥50,72.13,-5.0,,1.0,50.0,68,61,44,17,72.13,14.13,-3.85,32.1,8.617,0.7,10
"[-199,-150]",HR≥60/EDG≥-5.0/CV≤-/μ≥1.0/TP≥55,72.13,-5.0,,1.0,55.0,68,61,44,17,72.13,14.13,-3.85,32.1,8.617,0.7,10
"[-199,-150]",HR≥60/EDG≥-5.0/CV≤-/μ≥1.0/TP≥60,72.13,-5.0,,1.0,60.0,68,61,44,17,72.13,14.13,-3.85,32.1,8.617,0.7,10
"[-199,-150]",HR≥60/EDG≥-5.0/CV≤-/μ≥1.0/TP≥65,72.13,-5.0,,1.0,65.0,68,61,44,17,72.13,14.13,-3.85,32.1,8.617,0.7,10
"[-199,-150]",HR≥60/EDG≥-5.0/CV≤0.7/μ≥-/TP≥-,56.6,-5.0,0.7,,,62,53,30,23,56.6,-11.06,-32.25,10.14,-5.859,0.417,12
"[-199,-150]",HR≥60/EDG≥-5.0/CV≤0.7/μ≥-/TP≥50,56.6,-5.0,0.7,,50.0,62,53,30,23,56.6,-11.06,-32.25,10.14,-5.859,0.417,12
"[-199,-150]",HR≥60/EDG≥-5.0/CV≤0.7/μ≥-/TP≥55,56.6,-5.0,0.7,,55.0,62,53,30,23,56.6,-11.06,-32.25,10.14,-5.859,0.417,12
"[-199,-150]",HR≥60/EDG≥-5.0/CV≤0.7/μ≥-/TP≥60,56.6,-5.0,0.7,,60.0,62,53,30,23,56.6,-11.06,-32.25,10.14,-5.859,0.417,12
"[-199,-150]",HR≥60/EDG≥-5.0/CV≤0.7/μ≥-/TP≥65,57.69,-5.0,0.7,,65.0,61,52,30,22,57.69,-9.34,-30.68,11.99,-4.859,0.417,12
"[-199,-150]",HR≥60/EDG≥-5.0/CV≤0.7/μ≥0.0/TP≥-,56.6,-5.0,0.7,0.0,,62,53,30,23,56.6,-11.06,-32.25,10.14,-5.859,0.417,12
"[-199,-150]",HR≥60/EDG≥-5.0/CV≤0.7/μ≥0.0/TP≥50,56.6,-5.0,0.7,0.0,50.0,62,53,30,23,56.6,-11.06,-32.25,10.14,-5.859,0.417,12
"[-199,-150]",HR≥60/EDG≥-5.0/CV≤0.7/μ≥0.0/TP≥55,56.6,-5.0,0.7,0.0,55.0,62,53,30,23,56.6,-11.06,-32.25,10.14,-5.859,0.417,12
"[-199,-150]",HR≥60/EDG≥-5.0/CV≤0.7/μ≥0.0/TP≥60,56.6,-5.0,0.7,0.0,60.0,62,53,30,23,56.6,-11.06,-32.25,10.14,-5.859,0.417,12
"[-199,-150]",HR≥60/EDG≥-5.0/CV≤0.7/μ≥0.0/TP≥65,57.69,-5.0,0.7,0.0,65.0,61,52,30,22,57.69,-9.34,-30.68,11.99,-4.859,0.417,12
"[-199,-150]",HR≥60/EDG≥-5.0/CV≤0.7/μ≥0.5/TP≥-,58.33,-5.0,0.7,0.5,,42,36,21,15,58.33,-8.25,-33.97,17.48,-2.969,0.583,12
"[-199,-150]",HR≥60/EDG≥-5.0/CV≤0.7/μ≥0.5/TP≥50,58.33,-5.0,0.7,0.5,50.0,42,36,21,15,58.33,-8.25,-33.97,17.48,-2.969,0.583,12
"[-199,-150]",HR≥60/EDG≥-5.0/CV≤0.7/μ≥0.5/TP≥55,58.33,-5.0,0.7,0.5,55.0,42,36,21,15,58.33,-8.25,-33.97,17.48,-2.969,0.583,12
"[-199,-150]",HR≥60/EDG≥-5.0/CV≤0.7/μ≥0.5/TP≥60,58.33,-5.0,0.7,0.5,60.0,42,36,21,15,58.33,-8.25,-33.97,17.48,-2.969,0.583,12
"[-199,-150]",HR≥60/EDG≥-5.0/CV≤0.7/μ≥0.5/TP≥65,58.33,-5.0,0.7,0.5,65.0,42,36,21,15,58.33,-8.25,-33.97,17.48,-2.969,0.583,12
"[-199,-150]",HR≥60/EDG≥0.0/CV≤-/μ≥-/TP≥-,61.9,0.0,,,,220,189,117,72,61.9,-2.08,-13.07,8.92,-3.927,0.538,13
"[-199,-150]",HR≥60/EDG≥0.0/CV≤-/μ≥-/TP≥50,61.9,0.0,,,50.0,220,189,117,72,61.9,-2.08,-13.07,8.92,-3.927,0.538,13
"[-199,-150]",HR≥60/EDG≥0.0/CV≤-/μ≥-/TP≥55,61.9,0.0,,,55.0,220,189,117,72,61.9,-2.08,-13.07,8.92,-3.927,0.538,13
"[-199,-150]",HR≥60/EDG≥0.0/CV≤-/μ≥-/TP≥60,61.9,0.0,,,60.0,220,189,117,72,61.9,-2.08,-13.07,8.92,-3.927,0.538,13
"[-199,-150]",HR≥60/EDG≥0.0/CV≤-/μ≥-/TP≥65,62.98,0.0,,,65.0,212,181,114,67,62.98,-0.43,-11.59,10.74,-0.771,0.538,13
"[-199,-150]",HR≥60/EDG≥0.0/CV≤-/μ≥0.0/TP≥-,61.9,0.0,,0.0,,220,189,117,72,61.9,-2.08,-13.07,8.92,-3.927,0.538,13
"[-199,-150]",HR≥60/EDG≥0.0/CV≤-/μ≥0.0/TP≥50,61.9,0.0,,0.0,50.0,220,189,117,72,61.9,-2.08,-13.07,8.92,-3.927,0.538,13
"[-199,-150]",HR≥60/EDG≥0.0/CV≤-/μ≥0.0/TP≥55,61.9,0.0,,0.0,55.0,220,189,117,72,61.9,-2.08,-13.07,8.92,-3.927,0.538,13
"[-199,-150]",HR≥60/EDG≥0.0/CV≤-/μ≥0.0/TP≥60,61.9,0.0,,0.0,60.0,220,189,117,72,61.9,-2.08,-13.07,8.92,-3.927,0.538,13
"[-199,-150]",HR≥60/EDG≥0.0/CV≤-/μ≥0.0/TP≥65,62.98,0.0,,0.0,65.0,212,181,114,67,62.98,-0.43,-11.59,10.74,-0.771,0.538,13
"[-199,-150]",HR≥60/EDG≥0.0/CV≤-/μ≥0.5/TP≥-,66.67,0.0,,0.5,,164,141,94,47,66.67,5.56,-6.82,17.94,7.842,0.692,13
"[-199,-150]",HR≥60/EDG≥0.0/CV≤-/μ≥0.5/TP≥50,66.67,0.0,,0.5,50.0,164,141,94,47,66.67,5.56,-6.82,17.94,7.842,0.692,13
"[-199,-150]",HR≥60/EDG≥0.0/CV≤-/μ≥0.5/TP≥55,66.67,0.0,,0.5,55.0,164,141,94,47,66.67,5.56,-6.82,17.94,7.842,0.692,13
"[-199,-150]",HR≥60/EDG≥0.0/CV≤-/μ≥0.5/TP≥60,66.67,0.0,,0.5,60.0,164,141,94,47,66.67,5.56,-6.82,17.94,7.842,0.692,13
"[-199,-150]",HR≥60/EDG≥0.0/CV≤-/μ≥0.5/TP≥65,66.67,0.0,,0.5,65.0,164,141,94,47,66.67,5.56,-6.82,17.94,7.842,0.692,13
"[-199,-150]",HR≥60/EDG≥0.0/CV≤-/μ≥1.0/TP≥-,72.13,0.0,,1.0,,68,61,44,17,72.13,14.13,-3.85,32.1,8.617,0.7,10
"[-199,-150]",HR≥60/EDG≥0.0/CV≤-/μ≥1.0/TP≥50,72.13,0.0,,1.0,50.0,68,61,44,17,72.13,14.13,-3.85,32.1,8.617,0.7,10
"[-199,-150]",HR≥60/EDG≥0.0/CV≤-/μ≥1.0/TP≥55,72.13,0.0,,1.0,55.0,68,61,44,17,72.13,14.13,-3.85,32.1,8.617,0.7,10
"[-199,-150]",HR≥60/EDG≥0.0/CV≤-/μ≥1.0/TP≥60,72.13,0.0,,1.0,60.0,68,61,44,17,72.13,14.13,-3.85,32.1,8.617,0.7,10
"[-199,-150]",HR≥60/EDG≥0.0/CV≤-/μ≥1.0/TP≥65,72.13,0.0,,1.0,65.0,68,61,44,17,72.13,14.13,-3.85,32.1,8.617,0.7,10
"[-199,-150]",HR≥60/EDG≥0.0/CV≤0.7/μ≥-/TP≥-,56.6,0.0,0.7,,,62,53,30,23,56.6,-11.06,-32.25,10.14,-5.859,0.417,12
"[-199,-150]",HR≥60/EDG≥0.0/CV≤0.7/μ≥-/TP≥50,56.6,0.0,0.7,,50.0,62,53,30,23,56.6,-11.06,-32.25,10.14,-5.859,0.417,12
"[-199,-150]",HR≥60/EDG≥0.0/CV≤0.7/μ≥-/TP≥55,56.6,0.0,0.7,,55.0,62,53,30,23,56.6,-11.06,-32.25,10.14,-5.859,0.417,12
"[-199,-150]",HR≥60/EDG≥0.0/CV≤0.7/μ≥-/TP≥60,56.6,0.0,0.7,,60.0,62,53,30,23,56.6,-11.06,-32.25,10.14,-5.859,0.417,12
"[-199,-150]",HR≥60/EDG≥0.0/CV≤0.7/μ≥-/TP≥65,57.69,0.0,0.7,,65.0,61,52,30,22,57.69,-9.34,-30.68,11.99,-4.859,0.417,12
"[-199,-150]",HR≥60/EDG≥0.0/CV≤0.7/μ≥0.0/TP≥-,56.6,0.0,0.7,0.0,,62,53,30,23,56.6,-11.06,-32.25,10.14,-5.859,0.417,12
"[-199,-150]",HR≥60/EDG≥0.0/CV≤0.7/μ≥0.0/TP≥50,56.6,0.0,0.7,0.0,50.0,62,53,30,23,56.6,-11.06,-32.25,10.14,-5.859,0.417,12
"[-199,-150]",HR≥60/EDG≥0.0/CV≤0.7/μ≥0.0/TP≥55,56.6,0.0,0.7,0.0,55.0,62,53,30,23,56.6,-11.06,-32.25,10.14,-5.859,0.417,12
"[-199,-150]",HR≥60/EDG≥0.0/CV≤0.7/μ≥0.0/TP≥60,56.6,0.0,0.7,0.0,60.0,62,53,30,23,56.6,-11.06,-32.25,10.14,-5.859,0.417,12
"[-199,-150]",HR≥60/EDG≥0.0/CV≤0.7/μ≥0.0/TP≥65,57.69,0.0,0.7,0.0,65.0,61,52,30,22,57.69,-9.34,-30.68,11.99,-4.859,0.417,12
"[-199,-150]",HR≥60/EDG≥0.0/CV≤0.7/μ≥0.5/TP≥-,58.33,0.0,0.7,0.5,,42,36,21,15,58.33,-8.25,-33.97,17.48,-2.969,0.583,12
"[-199,-150]",HR≥60/EDG≥0.0/CV≤0.7/μ≥0.5/TP≥50,58.33,0.0,0.7,0.5,50.0,42,36,21,15,58.33,-8.25,-33.97,17.48,-2.969,0.583,12
"[-199,-150]",HR≥60/EDG≥0.0/CV≤0.7/μ≥0.5/TP≥55,58.33,0.0,0.7,0.5,55.0,42,36,21,15,58.33,-8.25,-33.97,17.48,-2.969,0.583,12
"[-199,-150]",HR≥60/EDG≥0.0/CV≤0.7/μ≥0.5/TP≥60,58.33,0.0,0.7,0.5,60.0,42,36,21,15,58.33,-8.25,-33.97,17.48,-2.969,0.583,12
"[-199,-150]",HR≥60/EDG≥0.0/CV≤0.7/μ≥0.5/TP≥65,58.33,0.0,0.7,0.5,65.0,42,36,21,15,58.33,-8.25,-33.97,17.48,-2.969,0.583,12
"[-199,-150]",HR≥60/EDG≥5.0/CV≤-/μ≥-/TP≥-,63.91,5.0,,,,198,169,108,61,63.91,1.11,-10.4,12.61,1.872,0.538,13
"[-199,-150]",HR≥60/EDG≥5.0/CV≤-/μ≥-/TP≥50,63.91,5.0,,,50.0,198,169,108,61,63.91,1.11,-10.4,12.61,1.872,0.538,13
"[-199,-150]",HR≥60/EDG≥5.0/CV≤-/μ≥-/TP≥55,63.91,5.0,,,55.0,198,169,108,61,63.91,1.11,-10.4,12.61,1.872,0.538,13
"[-199,-150]",HR≥60/EDG≥5.0/CV≤-/μ≥-/TP≥60,63.91,5.0,,,60.0,198,169,108,61,63.91,1.11,-10.4,12.61,1.872,0.538,13
"[-199,-150]",HR≥60/EDG≥5.0/CV≤-/μ≥-/TP≥65,63.91,5.0,,,65.0,198,169,108,61,63.91,1.11,-10.4,12.61,1.872,0.538,13
"[-199,-150]",HR≥60/EDG≥5.0/CV≤-/μ≥0.0/TP≥-,63.91,5.0,,0.0,,198,169,108,61,63.91,1.11,-10.4,12.61,1.872,0.538,13
"[-199,-150]",HR≥60/EDG≥5.0/CV≤-/μ≥0.0/TP≥50,63.91,5.0,,0.0,50.0,198,169,108,61,63.91,1.11,-10.4,12.61,1.872,0.538,13
"[-199,-150]",HR≥60/EDG≥5.0/CV≤-/μ≥0.0/TP≥55,63.91,5.0,,0.0,55.0,198,169,108,61,63.91,1.11,-10.4,12.61,1.872,0.538,13
"[-199,-150]",HR≥60/EDG≥5.0/CV≤-/μ≥0.0/TP≥60,63.91,5.0,,0.0,60.0,198,169,108,61,63.91,1.11,-10.4,12.61,1.872,0.538,13
"[-199,-150]",HR≥60/EDG≥5.0/CV≤-/μ≥0.0/TP≥65,63.91,5.0,,0.0,65.0,198,169,108,61,63.91,1.11,-10.4,12.61,1.872,0.538,13
"[-199,-150]",HR≥60/EDG≥5.0/CV≤-/μ≥0.5/TP≥-,66.91,5.0,,0.5,,162,139,93,46,66.91,5.95,-6.5,18.4,8.271,0.692,13
"[-199,-150]",HR≥60/EDG≥5.0/CV≤-/μ≥0.5/TP≥50,66.91,5.0,,0.5,50.0,162,139,93,46,66.91,5.95,-6.5,18.4,8.271,0.692,13
"[-199,-150]",HR≥60/EDG≥5.0/CV≤-/μ≥0.5/TP≥55,66.91,5.0,,0.5,55.0,162,139,93,46,66.91,5.95,-6.5,18.4,8.271,0.692,13
"[-199,-150]",HR≥60/EDG≥5.0/CV≤-/μ≥0.5/TP≥60,66.91,5.0,,0.5,60.0,162,139,93,46,66.91,5.95,-6.5,18.4,8.271,0.692,13
"[-199,-150]",HR≥60/EDG≥5.0/CV≤-/μ≥0.5/TP≥65,66.91,5.0,,0.5,65.0,162,139,93,46,66.91,5.95,-6.5,18.4,8.271,0.692,13
"[-199,-150]",HR≥60/EDG≥5.0/CV≤-/μ≥1.0/TP≥-,72.13,5.0,,1.0,,68,61,44,17,72.13,14.13,-3.85,32.1,8.617,0.7,10
"[-199,-150]",HR≥60/EDG≥5.0/CV≤-/μ≥1.0/TP≥50,72.13,5.0,,1.0,50.0,68,61,44,17,72.13,14.13,-3.85,32.1,8.617,0.7,10
"[-199,-150]",HR≥60/EDG≥5.0/CV≤-/μ≥1.0/TP≥55,72.13,5.0,,1.0,55.0,68,61,44,17,72.13,14.13,-3.85,32.1,8.617,0.7,10
"[-199,-150]",HR≥60/EDG≥5.0/CV≤-/μ≥1.0/TP≥60,72.13,5.0,,1.0,60.0,68,61,44,17,72.13,14.13,-3.85,32.1,8.617,0.7,10
"[-199,-150]",HR≥60/EDG≥5.0/CV≤-/μ≥1.0/TP≥65,72.13,5.0,,1.0,65.0,68,61,44,17,72.13,14.13,-3.85,32.1,8.617,0.7,10
"[-199,-150]",HR≥60/EDG≥5.0/CV≤0.7/μ≥-/TP≥-,55.1,5.0,0.7,,,57,49,27,22,55.1,-13.39,-35.54,8.75,-6.563,0.417,12
"[-199,-150]",HR≥60/EDG≥5.0/CV≤0.7/μ≥-/TP≥50,55.1,5.0,0.7,,50.0,57,49,27,22,55.1,-13.39,-35.54,8.75,-6.563,0.417,12
"[-199,-150]",HR≥60/EDG≥5.0/CV≤0.7/μ≥-/TP≥55,55.1,5.0,0.7,,55.0,57,49,27,22,55.1,-13.39,-35.54,8.75,-6.563,0.417,12
"[-199,-150]",HR≥60/EDG≥5.0/CV≤0.7/μ≥-/TP≥60,55.1,5.0,0.7,,60.0,57,49,27,22,55.1,-13.39,-35.54,8.75,-6.563,0.417,12
"[-199,-150]",HR≥60/EDG≥5.0/CV≤0.7/μ≥-/TP≥65,55.1,5.0,0.7,,65.0,57,49,27,22,55.1,-13.39,-35.54,8.75,-6.563,0.417,12
"[-199,-150]",HR≥60/EDG≥5.0/CV≤0.7/μ≥0.0/TP≥-,55.1,5.0,0.7,0.0,,57,49,27,22,55.1,-13.39,-35.54,8.75,-6.563,0.417,12
"[-199,-150]",HR≥60/EDG≥5.0/CV≤0.7/μ≥0.0/TP≥50,55.1,5.0,0.7,0.0,50.0,57,49,27,22,55.1,-13.39,-35.54,8.75,-6.563,0.417,12
"[-199,-150]",HR≥60/EDG≥5.0/CV≤0.7/μ≥0.0/TP≥55,55.1,5.0,0.7,0.0,55.0,57,49,27,22,55.1,-13.39,-35.54,8.75,-6.563,0.417,12
"[-199,-150]",HR≥60/EDG≥5.0/CV≤0.7/μ≥0.0/TP≥60,55.1,5.0,0.7,0.0,60.0,57,49,27,22,55.1,-13.39,-35.54,8.75,-6.563,0.417,12
"[-199,-150]",HR≥60/EDG≥5.0/CV≤0.7/μ≥0.0/TP≥65,55.1,5.0,0.7,0.0,65.0,57,49,27,22,55.1,-13.39,-35.54,8.75,-6.563,0.417,12
"[-199,-150]",HR≥60/EDG≥5.0/CV≤0.7/μ≥0.5/TP≥-,58.33,5.0,0.7,0.5,,42,36,21,15,58.33,-8.25,-33.97,17.48,-2.969,0.583,12
"[-199,-150]",HR≥60/EDG≥5.0/CV≤0.7/μ≥0.5/TP≥50,58.33,5.0,0.7,0.5,50.0,42,36,21,15,58.33,-8.25,-33.97,17.48,-2.969,0.583,12
"[-199,-150]",HR≥60/EDG≥5.0/CV≤0.7/μ≥0.5/TP≥55,58.33,5.0,0.7,0.5,55.0,42,36,21,15,58.33,-8.25,-33.97,17.48,-2.969,0.583,12
"[-199,-150]",HR≥60/EDG≥5.0/CV≤0.7/μ≥0.5/TP≥60,58.33,5.0,0.7,0.5,60.0,42,36,21,15,58.33,-8.25,-33.97,17.48,-2.969,0.583,12
"[-199,-150]",HR≥60/EDG≥5.0/CV≤0.7/μ≥0.5/TP≥65,58.33,5.0,0.7,0.5,65.0,42,36,21,15,58.33,-8.25,-33.97,17.48,-2.969,0.583,12
"[-199,-150]",HR≥60/EDG≥10.0/CV≤-/μ≥-/TP≥-,63.77,10.0,,,,160,138,88,50,63.77,1.17,-11.62,13.96,1.618,0.462,13
"[-199,-150]",HR≥60/EDG≥10.0/CV≤-/μ≥-/TP≥50,63.77,10.0,,,50.0,160,138,88,50,63.77,1.17,-11.62,13.96,1.618,0.462,13
"[-199,-150]",HR≥60/EDG≥10.0/CV≤-/μ≥-/TP≥55,63.77,10.0,,,55.0,160,138,88,50,63.77,1.17,-11.62,13.96,1.618,0.462,13
"[-199,-150]",HR≥60/EDG≥10.0/CV≤-/μ≥-/TP≥60,63.77,10.0,,,60.0,160,138,88,50,63.77,1.17,-11.62,13.96,1.618,0.462,13
"[-199,-150]",HR≥60/EDG≥10.0/CV≤-/μ≥-/TP≥65,63.77,10.0,,,65.0,160,138,88,50,63.77,1.17,-11.62,13.96,1.618,0.462,13
"[-199,-150]",HR≥60/EDG≥10.0/CV≤-/μ≥0.0/TP≥-,63.77,10.0,,0.0,,160,138,88,50,63.77,1.17,-11.62,13.96,1.618,0.462,13
"[-199,-150]",HR≥60/EDG≥10.0/CV≤-/μ≥0.0/TP≥50,63.77,10.0,,0.0,50.0,160,138,88,50,63.77,1.17,-11.62,13.96,1.618,0.462,13
"[-199,-150]",HR≥60/EDG≥10.0/CV≤-/μ≥0.0/TP≥55,63.77,10.0,,0.0,55.0,160,138,88,50,63.77,1.17,-11.62,13.96,1.618,0.462,13
"[-199,-150]",HR≥60/EDG≥10.0/CV≤-/μ≥0.0/TP≥60,63.77,10.0,,0.0,60.0,160,138,88,50,63.77,1.17,-11.62,13.96,1.618,0.462,13
"[-199,-150]",HR≥60/EDG≥10.0/CV≤-/μ≥0.0/TP≥65,63.77,10.0,,0.0,65.0,160,138,88,50,63.77,1.17,-11.62,13.96,1.618,0.462,13
"[-199,-150]",HR≥60/EDG≥10.0/CV≤-/μ≥0.5/TP≥-,66.41,10.0,,0.5,,149,128,85,43,66.41,5.35,-7.7,18.4,6.843,0.538,13
"[-199,-150]",HR≥60/EDG≥10.0/CV≤-/μ≥0.5/TP≥50,66.41,10.0,,0.5,50.0,149,128,85,43,66.41,5.35,-7.7,18.4,6.843,0.538,13
"[-199,-150]",HR≥60/EDG≥10.0/CV≤-/μ≥0.5/TP≥55,66.41,10.0,,0.5,55.0,149,128,85,43,66.41,5.35,-7.7,18.4,6.843,0.538,13
"[-199,-150]",HR≥60/EDG≥10.0/CV≤-/μ≥0.5/TP≥60,66.41,10.0,,0.5,60.0,149,128,85,43,66.41,5.35,-7.7,18.4,6.843,0.538,13
"[-199,-150]",HR≥60/EDG≥10.0/CV≤-/μ≥0.5/TP≥65,66.41,10.0,,0.5,65.0,149,128,85,43,66.41,5.35,-7.7,18.4,6.843,0.538,13
"[-199,-150]",HR≥60/EDG≥10.0/CV≤-/μ≥1.0/TP≥-,72.13,10.0,,1.0,,68,61,44,17,72.13,14.13,-3.85,32.1,8.617,0.7,10
"[-199,-150]",HR≥60/EDG≥10.0/CV≤-/μ≥1.0/TP≥50,72.13,10.0,,1.0,50.0,68,61,44,17,72.13,14.13,-3.85,32.1,8.617,0.7,10
"[-199,-150]",HR≥60/EDG≥10.0/CV≤-/μ≥1.0/TP≥55,72.13,10.0,,1.0,55.0,68,61,44,17,72.13,14.13,-3.85,32.1,8.617,0.7,10
"[-199,-150]",HR≥60/EDG≥10.0/CV≤-/μ≥1.0/TP≥60,72.13,10.0,,1.0,60.0,68,61,44,17,72.13,14.13,-3.85,32.1,8.617,0.7,10
"[-199,-150]",HR≥60/EDG≥10.0/CV≤-/μ≥1.0/TP≥65,72.13,10.0,,1.0,65.0,68,61,44,17,72.13,14.13,-3.85,32.1,8.617,0.7,10
"[-199,-150]",HR≥60/EDG≥10.0/CV≤0.7/μ≥-/TP≥-,57.5,10.0,0.7,,,46,40,23,17,57.5,-9.34,-33.83,15.16,-3.734,0.545,11
"[-199,-150]",HR≥60/EDG≥10.0/CV≤0.7/μ≥-/TP≥50,57.5,10.0,0.7,,50.0,46,40,23,17,57.5,-9.34,-33.83,15.16,-3.734,0.545,11
"[-199,-150]",HR≥60/EDG≥10.0/CV≤0.7/μ≥-/TP≥55,57.5,10.0,0.7,,55.0,46,40,23,17,57.5,-9.34,-33.83,15.16,-3.734,0.545,11
"[-199,-150]",HR≥60/EDG≥10.0/CV≤0.7/μ≥-/TP≥60,57.5,10.0,0.7,,60.0,46,40,23,17,57.5,-9.34,-33.83,15.16,-3.734,0.545,11
"[-199,-150]",HR≥60/EDG≥10.0/CV≤0.7/μ≥-/TP≥65,57.5,10.0,0.7,,65.0,46,40,23,17,57.5,-9.34,-33.83,15.16,-3.734,0.545,11
"[-199,-150]",HR≥60/EDG≥10.0/CV≤0.7/μ≥0.0/TP≥-,57.5,10.0,0.7,0.0,,46,40,23,17,57.5,-9.34,-33.83,15.16,-3.734,0.545,11
"[-199,-150]",HR≥60/EDG≥10.0/CV≤0.7/μ≥0.0/TP≥50,57.5,10.0,0.7,0.0,50.0,46,40,23,17,57.5,-9.34,-33.83,15.16,-3.734,0.545,11
"[-199,-150]",HR≥60/EDG≥10.0/CV≤0.7/μ≥0.0/TP≥55,57.5,10.0,0.7,0.0,55.0,46,40,23,17,57.5,-9.34,-33.83,15.16,-3.734,0.545,11
"[-199,-150]",HR≥60/EDG≥10.0/CV≤0.7/μ≥0.0/TP≥60,57.5,10.0,0.7,0.0,60.0,46,40,23,17,57.5,-9.34,-33.83,15.16,-3.734,0.545,11
"[-199,-150]",HR≥60/EDG≥10.0/CV≤0.7/μ≥0.0/TP≥65,57.5,10.0,0.7,0.0,65.0,46,40,23,17,57.5,-9.34,-33.83,15.16,-3.734,0.545,11
"[-199,-150]",HR≥60/EDG≥10.0/CV≤0.7/μ≥0.5/TP≥-,58.82,10.0,0.7,0.5,,39,34,20,14,58.82,-7.38,-33.86,19.09,-2.509,0.545,11
"[-199,-150]",HR≥60/EDG≥10.0/CV≤0.7/μ≥0.5/TP≥50,58.82,10.0,0.7,0.5,50.0,39,34,20,14,58.82,-7.38,-33.86,19.09,-2.509,0.545,11
"[-199,-150]",HR≥60/EDG≥10.0/CV≤0.7/μ≥0.5/TP≥55,58.82,10.0,0.7,0.5,55.0,39,34,20,14,58.82,-7.38,-33.86,19.09,-2.509,0.545,11
"[-199,-150]",HR≥60/EDG≥10.0/CV≤0.7/μ≥0.5/TP≥60,58.82,10.0,0.7,0.5,60.0,39,34,20,14,58.82,-7.38,-33.86,19.09,-2.509,0.545,11
"[-199,-150]",HR≥60/EDG≥10.0/CV≤0.7/μ≥0.5/TP≥65,58.82,10.0,0.7,0.5,65.0,39,34,20,14,58.82,-7.38,-33.86,19.09,-2.509,0.545,11
"[-199,-150]",HR≥65/EDG≥-/CV≤-/μ≥-/TP≥-,66.24,,,,,181,157,104,53,66.24,4.92,-6.85,16.69,7.729,0.615,13
"[-199,-150]",HR≥65/EDG≥-/CV≤-/μ≥-/TP≥50,66.23,,,,50.0,175,151,100,51,66.23,4.82,-7.17,16.82,7.284,0.615,13
"[-199,-150]",HR≥65/EDG≥-/CV≤-/μ≥-/TP≥55,66.67,,,,55.0,171,147,98,49,66.67,5.48,-6.64,17.6,8.055,0.615,13
"[-199,-150]",HR≥65/EDG≥-/CV≤-/μ≥-/TP≥60,66.2,,,,60.0,165,142,94,48,66.2,4.78,-7.6,17.15,6.784,0.615,13
"[-199,-150]",HR≥65/EDG≥-/CV≤-/μ≥-/TP≥65,67.44,,,,65.0,152,129,87,42,67.44,6.74,-6.13,19.6,8.692,0.615,13
"[-199,-150]",HR≥65/EDG≥-/CV≤-/μ≥0.0/TP≥-,66.23,,,0.0,,175,151,100,51,66.23,4.82,-7.17,16.82,7.284,0.615,13
"[-199,-150]",HR≥65/EDG≥-/CV≤-/μ≥0.0/TP≥50,66.23,,,0.0,50.0,175,151,100,51,66.23,4.82,-7.17,16.82,7.284,0.615,13
"[-199,-150]",HR≥65/EDG≥-/CV≤-/μ≥0.0/TP≥55,66.67,,,0.0,55.0,171,147,98,49,66.67,5.48,-6.64,17.6,8.055,0.615,13
"[-199,-150]",HR≥65/EDG≥-/CV≤-/μ≥0.0/TP≥60,66.2,,,0.0,60.0,165,142,94,48,66.2,4.78,-7.6,17.15,6.784,0.615,13
"[-199,-150]",HR≥65/EDG≥-/CV≤-/μ≥0.0/TP≥65,67.44,,,0.0,65.0,152,129,87,42,67.44,6.74,-6.13,19.6,8.692,0.615,13
"[-199,-150]",HR≥65/EDG≥-/CV≤-/μ≥0.5/TP≥-,72.82,,,0.5,,121,103,75,28,72.82,15.5,1.78,29.22,15.964,0.615,13
"[-199,-150]",HR≥65/EDG≥-/CV≤-/μ≥0.5/TP≥50,72.82,,,0.5,50.0,121,103,75,28,72.82,15.5,1.78,29.22,15.964,0.615,13
"[-199,-150]",HR≥65/EDG≥-/CV≤-/μ≥0.5/TP≥55,72.82,,,0.5,55.0,121,103,75,28,72.82,15.5,1.78,29.22,15.964,0.615,13
"[-199,-150]",HR≥65/EDG≥-/CV≤-/μ≥0.5/TP≥60,72.82,,,0.5,60.0,121,103,75,28,72.82,15.5,1.78,29.22,15.964,0.615,13
"[-199,-150]",HR≥65/EDG≥-/CV≤-/μ≥0.5/TP≥65,72.82,,,0.5,65.0,121,103,75,28,72.82,15.5,1.78,29.22,15.964,0.615,13
"[-199,-150]",HR≥65/EDG≥-/CV≤-/μ≥1.0/TP≥-,72.22,,,1.0,,61,54,39,15,72.22,14.48,-4.66,33.63,7.821,0.6,10
"[-199,-150]",HR≥65/EDG≥-/CV≤-/μ≥1.0/TP≥50,72.22,,,1.0,50.0,61,54,39,15,72.22,14.48,-4.66,33.63,7.821,0.6,10
"[-199,-150]",HR≥65/EDG≥-/CV≤-/μ≥1.0/TP≥55,72.22,,,1.0,55.0,61,54,39,15,72.22,14.48,-4.66,33.63,7.821,0.6,10
"[-199,-150]",HR≥65/EDG≥-/CV≤-/μ≥1.0/TP≥60,72.22,,,1.0,60.0,61,54,39,15,72.22,14.48,-4.66,33.63,7.821,0.6,10
"[-199,-150]",HR≥65/EDG≥-/CV≤-/μ≥1.0/TP≥65,72.22,,,1.0,65.0,61,54,39,15,72.22,14.48,-4.66,33.63,7.821,0.6,10
"[-199,-150]",HR≥65/EDG≥-/CV≤0.7/μ≥-/TP≥-,57.5,,0.7,,,49,40,23,17,57.5,-9.6,-34.02,14.82,-3.84,0.455,11
"[-199,-150]",HR≥65/EDG≥-/CV≤0.7/μ≥-/TP≥50,58.97,,0.7,,50.0,48,39,23,16,58.97,-7.28,-31.9,17.34,-2.84,0.455,11
"[-199,-150]",HR≥65/EDG≥-/CV≤0.7/μ≥-/TP≥55,58.97,,0.7,,55.0,48,39,23,16,58.97,-7.28,-31.9,17.34,-2.84,0.455,11
"[-199,-150]",HR≥65/EDG≥-/CV≤0.7/μ≥-/TP≥60,58.97,,0.7,,60.0,48,39,23,16,58.97,-7.28,-31.9,17.34,-2.84,0.455,11
"[-199,-150]",HR≥65/EDG≥-/CV≤0.7/μ≥-/TP≥65,58.97,,0.7,,65.0,48,39,23,16,58.97,-7.28,-31.9,17.34,-2.84,0.455,11
"[-199,-150]",HR≥65/EDG≥-/CV≤0.7/μ≥0.0/TP≥-,58.97,,0.7,0.0,,48,39,23,16,58.97,-7.28,-31.9,17.34,-2.84,0.455,11
"[-199,-150]",HR≥65/EDG≥-/CV≤0.7/μ≥0.0/TP≥50,58.97,,0.7,0.0,50.0,48,39,23,16,58.97,-7.28,-31.9,17.34,-2.84,0.455,11
"[-199,-150]",HR≥65/EDG≥-/CV≤0.7/μ≥0.0/TP≥55,58.97,,0.7,0.0,55.0,48,39,23,16,58.97,-7.28,-31.9,17.34,-2.84,0.455,11
"[-199,-150]",HR≥65/EDG≥-/CV≤0.7/μ≥0.0/TP≥60,58.97,,0.7,0.0,60.0,48,39,23,16,58.97,-7.28,-31.9,17.34,-2.84,0.455,11
"[-199,-150]",HR≥65/EDG≥-/CV≤0.7/μ≥0.0/TP≥65,58.97,,0.7,0.0,65.0,48,39,23,16,58.97,-7.28,-31.9,17.34,-2.84,0.455,11
"[-199,-150]",HR≥65/EDG≥-5.0/CV≤-/μ≥-/TP≥-,66.67,-5.0,,,,167,144,96,48,66.67,5.54,-6.71,17.79,7.98,0.615,13
"[-199,-150]",HR≥65/EDG≥-5.0/CV≤-/μ≥-/TP≥50,66.67,-5.0,,,50.0,167,144,96,48,66.67,5.54,-6.71,17.79,7.98,0.615,13
"[-199,-150]",HR≥65/EDG≥-5.0/CV≤-/μ≥-/TP≥55,66.67,-5.0,,,55.0,167,144,96,48,66.67,5.54,-6.71,17.79,7.98,0.615,13
"[-199,-150]",HR≥65/EDG≥-5.0/CV≤-/μ≥-/TP≥60,66.2,-5.0,,,60.0,165,142,94,48,66.2,4.78,-7.6,17.15,6.784,0.615,13
"[-199,-150]",HR≥65/EDG≥-5.0/CV≤-/μ≥-/TP≥65,67.44,-5.0,,,65.0,152,129,87,42,67.44,6.74,-6.13,19.6,8.692,0.615,13
"[-199,-150]",HR≥65/EDG≥-5.0/CV≤-/μ≥0.0/TP≥-,66.67,-5.0,,0.0,,167,144,96,48,66.67,5.54,-6.71,17.79,7.98,0.615,13
"[-199,-150]",HR≥65/EDG≥-5.0/CV≤-/μ≥0.0/TP≥50,66.67,-5.0,,0.0,50.0,167,144,96,48,66.67,5.54,-6.71,17.79,7.98,0.615,13
"[-199,-150]",HR≥65/EDG≥-5.0/CV≤-/μ≥0.0/TP≥55,66.67,-5.0,,0.0,55.0,167,144,96,48,66.67,5.54,-6.71,17.79,7.98,0.615,13
"[-199,-150]",HR≥65/EDG≥-5.0/CV≤-/μ≥0.0/TP≥60,66.2,-5.0,,0.0,60.0,165,142,94,48,66.2,4.78,-7.6,17.15,6.784,0.615,13
"[-199,-150]",HR≥65/EDG≥-5.0/CV≤-/μ≥0.0/TP≥65,67.44,-5.0,,0.0,65.0,152,129,87,42,67.44,6.74,-6.13,19.6,8.692,0.615,13
"[-199,-150]",HR≥65/EDG≥-5.0/CV≤-/μ≥0.5/TP≥-,72.82,-5.0,,0.5,,121,103,75,28,72.82,15.5,1.78,29.22,15.964,0.615,13
"[-199,-150]",HR≥65/EDG≥-5.0/CV≤-/μ≥0.5/TP≥50,72.82,-5.0,,0.5,50.0,121,103,75,28,72.82,15.5,1.78,29.22,15.964,0.615,13
"[-199,-150]",HR≥65/EDG≥-5.0/CV≤-/μ≥0.5/TP≥55,72.82,-5.0,,0.5,55.0,121,103,75,28,72.82,15.5,1.78,29.22,15.964,0.615,13
"[-199,-150]",HR≥65/EDG≥-5.0/CV≤-/μ≥0.5/TP≥60,72.82,-5.0,,0.5,60.0,121,103,75,28,72.82,15.5,1.78,29.22,15.964,0.615,13
"[-199,-150]",HR≥65/EDG≥-5.0/CV≤-/μ≥0.5/TP≥65,72.82,-5.0,,0.5,65.0,121,103,75,28,72.82,15.5,1.78,29.22,15.964,0.615,13
"[-199,-150]",HR≥65/EDG≥-5.0/CV≤-/μ≥1.0/TP≥-,72.22,-5.0,,1.0,,61,54,39,15,72.22,14.48,-4.66,33.63,7.821,0.6,10
"[-199,-150]",HR≥65/EDG≥-5.0/CV≤-/μ≥1.0/TP≥50,72.22,-5.0,,1.0,50.0,61,54,39,15,72.22,14.48,-4.66,33.63,7.821,0.6,10
"[-199,-150]",HR≥65/EDG≥-5.0/CV≤-/μ≥1.0/TP≥55,72.22,-5.0,,1.0,55.0,61,54,39,15,72.22,14.48,-4.66,33.63,7.821,0.6,10
"[-199,-150]",HR≥65/EDG≥-5.0/CV≤-/μ≥1.0/TP≥60,72.22,-5.0,,1.0,60.0,61,54,39,15,72.22,14.48,-4.66,33.63,7.821,0.6,10
"[-199,-150]",HR≥65/EDG≥-5.0/CV≤-/μ≥1.0/TP≥65,72.22,-5.0,,1.0,65.0,61,54,39,15,72.22,14.48,-4.66,33.63,7.821,0.6,10
"[-199,-150]",HR≥65/EDG≥-5.0/CV≤0.7/μ≥-/TP≥-,58.97,-5.0,0.7,,,48,39,23,16,58.97,-7.28,-31.9,17.34,-2.84,0.455,11
"[-199,-150]",HR≥65/EDG≥-5.0/CV≤0.7/μ≥-/TP≥50,58.97,-5.0,0.7,,50.0,48,39,23,16,58.97,-7.28,-31.9,17.34,-2.84,0.455,11
"[-199,-150]",HR≥65/EDG≥-5.0/CV≤0.7/μ≥-/TP≥55,58.97,-5.0,0.7,,55.0,48,39,23,16,58.97,-7.28,-31.9,17.34,-2.84,0.455,11
"[-199,-150]",HR≥65/EDG≥-5.0/CV≤0.7/μ≥-/TP≥60,58.97,-5.0,0.7,,60.0,48,39,23,16,58.97,-7.28,-31.9,17.34,-2.84,0.455,11
"[-199,-150]",HR≥65/EDG≥-5.0/CV≤0.7/μ≥-/TP≥65,58.97,-5.0,0.7,,65.0,48,39,23,16,58.97,-7.28,-31.9,17.34,-2.84,0.455,11
"[-199,-150]",HR≥65/EDG≥-5.0/CV≤0.7/μ≥0.0/TP≥-,58.97,-5.0,0.7,0.0,,48,39,23,16,58.97,-7.28,-31.9,17.34,-2.84,0.455,11
"[-199,-150]",HR≥65/EDG≥-5.0/CV≤0.7/μ≥0.0/TP≥50,58.97,-5.0,0.7,0.0,50.0,48,39,23,16,58.97,-7.28,-31.9,17.34,-2.84,0.455,11
"[-199,-150]",HR≥65/EDG≥-5.0/CV≤0.7/μ≥0.0/TP≥55,58.97,-5.0,0.7,0.0,55.0,48,39,23,16,58.97,-7.28,-31.9,17.34,-2.84,0.455,11
"[-199,-150]",HR≥65/EDG≥-5.0/CV≤0.7/μ≥0.0/TP≥60,58.97,-5.0,0.7,0.0,60.0,48,39,23,16,58.97,-7.28,-31.9,17.34,-2.84,0.455,11
"[-199,-150]",HR≥65/EDG≥-5.0/CV≤0.7/μ≥0.0/TP≥65,58.97,-5.0,0.7,0.0,65.0,48,39,23,16,58.97,-7.28,-31.9,17.34,-2.84,0.455,11
"[-199,-150]",HR≥65/EDG≥0.0/CV≤-/μ≥-/TP≥-,66.42,0.0,,,,157,134,89,45,66.42,5.17,-7.56,17.9,6.93,0.615,13
"[-199,-150]",HR≥65/EDG≥0.0/CV≤-/μ≥-/TP≥50,66.42,0.0,,,50.0,157,134,89,45,66.42,5.17,-7.56,17.9,6.93,0.615,13
"[-199,-150]",HR≥65/EDG≥0.0/CV≤-/μ≥-/TP≥55,66.42,0.0,,,55.0,157,134,89,45,66.42,5.17,-7.56,17.9,6.93,0.615,13
"[-199,-150]",HR≥65/EDG≥0.0/CV≤-/μ≥-/TP≥60,66.42,0.0,,,60.0,157,134,89,45,66.42,5.17,-7.56,17.9,6.93,0.615,13
"[-199,-150]",HR≥65/EDG≥0.0/CV≤-/μ≥-/TP≥65,67.44,0.0,,,65.0,152,129,87,42,67.44,6.74,-6.13,19.6,8.692,0.615,13
"[-199,-150]",HR≥65/EDG≥0.0/CV≤-/μ≥0.0/TP≥-,66.42,0.0,,0.0,,157,134,89,45,66.42,5.17,-7.56,17.9,6.93,0.615,13
"[-199,-150]",HR≥65/EDG≥0.0/CV≤-/μ≥0.0/TP≥50,66.42,0.0,,0.0,50.0,157,134,89,45,66.42,5.17,-7.56,17.9,6.93,0.615,13
"[-199,-150]",HR≥65/EDG≥0.0/CV≤-/μ≥0.0/TP≥55,66.42,0.0,,0.0,55.0,157,134,89,45,66.42,5.17,-7.56,17.9,6.93,0.615,13
"[-199,-150]",HR≥65/EDG≥0.0/CV≤-/μ≥0.0/TP≥60,66.42,0.0,,0.0,60.0,157,134,89,45,66.42,5.17,-7.56,17.9,6.93,0.615,13
"[-199,-150]",HR≥65/EDG≥0.0/CV≤-/μ≥0.0/TP≥65,67.44,0.0,,0.0,65.0,152,129,87,42,67.44,6.74,-6.13,19.6,8.692,0.615,13
"[-199,-150]",HR≥65/EDG≥0.0/CV≤-/μ≥0.5/TP≥-,72.82,0.0,,0.5,,121,103,75,28,72.82,15.5,1.78,29.22,15.964,0.615,13
"[-199,-150]",HR≥65/EDG≥0.0/CV≤-/μ≥0.5/TP≥50,72.82,0.0,,0.5,50.0,121,103,75,28,72.82,15.5,1.78,29.22,15.964,0.615,13
"[-199,-150]",HR≥65/EDG≥0.0/CV≤-/μ≥0.5/TP≥55,72.82,0.0,,0.5,55.0,121,103,75,28,72.82,15.5,1.78,29.22,15.964,0.615,13
"[-199,-150]",HR≥65/EDG≥0.0/CV≤-/μ≥0.5/TP≥60,72.82,0.0,,0.5,60.0,121,103,75,28,72.82,15.5,1.78,29.22,15.964,0.615,13
"[-199,-150]",HR≥65/EDG≥0.0/CV≤-/μ≥0.5/TP≥65,72.82,0.0,,0.5,65.0,121,103,75,28,72.82,15.5,1.78,29.22,15.964,0.615,13
"[-199,-150]",HR≥65/EDG≥0.0/CV≤-/μ≥1.0/TP≥-,72.22,0.0,,1.0,,61,54,39,15,72.22,14.48,-4.66,33.63,7.821,0.6,10
"[-199,-150]",HR≥65/EDG≥0.0/CV≤-/μ≥1.0/TP≥50,72.22,0.0,,1.0,50.0,61,54,39,15,72.22,14.48,-4.66,33.63,7.821,0.6,10
"[-199,-150]",HR≥65/EDG≥0.0/CV≤-/μ≥1.0/TP≥55,72.22,0.0,,1.0,55.0,61,54,39,15,72.22,14.48,-4.66,33.63,7.821,0.6,10
"[-199,-150]",HR≥65/EDG≥0.0/CV≤-/μ≥1.0/TP≥60,72.22,0.0,,1.0,60.0,61,54,39,15,72.22,14.48,-4.66,33.63,7.821,0.6,10
"[-199,-150]",HR≥65/EDG≥0.0/CV≤-/μ≥1.0/TP≥65,72.22,0.0,,1.0,65.0,61,54,39,15,72.22,14.48,-4.66,33.63,7.821,0.6,10
"[-199,-150]",HR≥65/EDG≥0.0/CV≤0.7/μ≥-/TP≥-,58.97,0.0,0.7,,,48,39,23,16,58.97,-7.28,-31.9,17.34,-2.84,0.455,11
"[-199,-150]",HR≥65/EDG≥0.0/CV≤0.7/μ≥-/TP≥50,58.97,0.0,0.7,,50.0,48,39,23,16,58.97,-7.28,-31.9,17.34,-2.84,0.455,11
"[-199,-150]",HR≥65/EDG≥0.0/CV≤0.7/μ≥-/TP≥55,58.97,0.0,0.7,,55.0,48,39,23,16,58.97,-7.28,-31.9,17.34,-2.84,0.455,11
"[-199,-150]",HR≥65/EDG≥0.0/CV≤0.7/μ≥-/TP≥60,58.97,0.0,0.7,,60.0,48,39,23,16,58.97,-7.28,-31.9,17.34,-2.84,0.455,11
"[-199,-150]",HR≥65/EDG≥0.0/CV≤0.7/μ≥-/TP≥65,58.97,0.0,0.7,,65.0,48,39,23,16,58.97,-7.28,-31.9,17.34,-2.84,0.455,11
"[-199,-150]",HR≥65/EDG≥0.0/CV≤0.7/μ≥0.0/TP≥-,58.97,0.0,0.7,0.0,,48,39,23,16,58.97,-7.28,-31.9,17.34,-2.84,0.455,11
"[-199,-150]",HR≥65/EDG≥0.0/CV≤0.7/μ≥0.0/TP≥50,58.97,0.0,0.7,0.0,50.0,48,39,23,16,58.97,-7.28,-31.9,17.34,-2.84,0.455,11
"[-199,-150]",HR≥65/EDG≥0.0/CV≤0.7/μ≥0.0/TP≥55,58.97,0.0,0.7,0.0,55.0,48,39,23,16,58.97,-7.28,-31.9,17.34,-2.84,0.455,11
"[-199,-150]",HR≥65/EDG≥0.0/CV≤0.7/μ≥0.0/TP≥60,58.97,0.0,0.7,0.0,60.0,48,39,23,16,58.97,-7.28,-31.9,17.34,-2.84,0.455,11
"[-199,-150]",HR≥65/EDG≥0.0/CV≤0.7/μ≥0.0/TP≥65,58.97,0.0,0.7,0.0,65.0,48,39,23,16,58.97,-7.28,-31.9,17.34,-2.84,0.455,11
"[-199,-150]",HR≥65/EDG≥5.0/CV≤-/μ≥-/TP≥-,68.6,5.0,,,,142,121,83,38,68.6,8.62,-4.55,21.8,10.436,0.615,13
"[-199,-150]",HR≥65/EDG≥5.0/CV≤-/μ≥-/TP≥50,68.6,5.0,,,50.0,142,121,83,38,68.6,8.62,-4.55,21.8,10.436,0.615,13
"[-199,-150]",HR≥65/EDG≥5.0/CV≤-/μ≥-/TP≥55,68.6,5.0,,,55.0,142,121,83,38,68.6,8.62,-4.55,21.8,10.436,0.615,13
"[-199,-150]",HR≥65/EDG≥5.0/CV≤-/μ≥-/TP≥60,68.6,5.0,,,60.0,142,121,83,38,68.6,8.62,-4.55,21.8,10.436,0.615,13
"[-199,-150]",HR≥65/EDG≥5.0/CV≤-/μ≥-/TP≥65,68.6,5.0,,,65.0,142,121,83,38,68.6,8.62,-4.55,21.8,10.436,0.615,13
"[-199,-150]",HR≥65/EDG≥5.0/CV≤-/μ≥0.0/TP≥-,68.6,5.0,,0.0,,142,121,83,38,68.6,8.62,-4.55,21.8,10.436,0.615,13
"[-199,-150]",HR≥65/EDG≥5.0/CV≤-/μ≥0.0/TP≥50,68.6,5.0,,0.0,50.0,142,121,83,38,68.6,8.62,-4.55,21.8,10.436,0.615,13
"[-199,-150]",HR≥65/EDG≥5.0/CV≤-/μ≥0.0/TP≥55,68.6,5.0,,0.0,55.0,142,121,83,38,68.6,8.62,-4.55,21.8,10.436,0.615,13
"[-199,-150]",HR≥65/EDG≥5.0/CV≤-/μ≥0.0/TP≥60,68.6,5.0,,0.0,60.0,142,121,83,38,68.6,8.62,-4.55,21.8,10.436,0.615,13
"[-199,-150]",HR≥65/EDG≥5.0/CV≤-/μ≥0.0/TP≥65,68.6,5.0,,0.0,65.0,142,121,83,38,68.6,8.62,-4.55,21.8,10.436,0.615,13
"[-199,-150]",HR≥65/EDG≥5.0/CV≤-/μ≥0.5/TP≥-,72.82,5.0,,0.5,,121,103,75,28,72.82,15.5,1.78,29.22,15.964,0.615,13
"[-199,-150]",HR≥65/EDG≥5.0/CV≤-/μ≥0.5/TP≥50,72.82,5.0,,0.5,50.0,121,103,75,28,72.82,15.5,1.78,29.22,15.964,0.615,13
"[-199,-150]",HR≥65/EDG≥5.0/CV≤-/μ≥0.5/TP≥55,72.82,5.0,,0.5,55.0,121,103,75,28,72.82,15.5,1.78,29.22,15.964,0.615,13
"[-199,-150]",HR≥65/EDG≥5.0/CV≤-/μ≥0.5/TP≥60,72.82,5.0,,0.5,60.0,121,103,75,28,72.82,15.5,1.78,29.22,15.964,0.615,13
"[-199,-150]",HR≥65/EDG≥5.0/CV≤-/μ≥0.5/TP≥65,72.82,5.0,,0.5,65.0,121,103,75,28,72.82,15.5,1.78,29.22,15.964,0.615,13
"[-199,-150]",HR≥65/EDG≥5.0/CV≤-/μ≥1.0/TP≥-,72.22,5.0,,1.0,,61,54,39,15,72.22,14.48,-4.66,33.63,7.821,0.6,10
"[-199,-150]",HR≥65/EDG≥5.0/CV≤-/μ≥1.0/TP≥50,72.22,5.0,,1.0,50.0,61,54,39,15,72.22,14.48,-4.66,33.63,7.821,0.6,10
"[-199,-150]",HR≥65/EDG≥5.0/CV≤-/μ≥1.0/TP≥55,72.22,5.0,,1.0,55.0,61,54,39,15,72.22,14.48,-4.66,33.63,7.821,0.6,10
"[-199,-150]",HR≥65/EDG≥5.0/CV≤-/μ≥1.0/TP≥60,72.22,5.0,,1.0,60.0,61,54,39,15,72.22,14.48,-4.66,33.63,7.821,0.6,10
"[-199,-150]",HR≥65/EDG≥5.0/CV≤-/μ≥1.0/TP≥65,72.22,5.0,,1.0,65.0,61,54,39,15,72.22,14.48,-4.66,33.63,7.821,0.6,10
"[-199,-150]",HR≥65/EDG≥5.0/CV≤0.7/μ≥-/TP≥-,55.56,5.0,0.7,,,44,36,20,16,55.56,-12.62,-38.55,13.3,-4.544,0.455,11
"[-199,-150]",HR≥65/EDG≥5.0/CV≤0.7/μ≥-/TP≥50,55.56,5.0,0.7,,50.0,44,36,20,16,55.56,-12.62,-38.55,13.3,-4.544,0.455,11
"[-199,-150]",HR≥65/EDG≥5.0/CV≤0.7/μ≥-/TP≥55,55.56,5.0,0.7,,55.0,44,36,20,16,55.56,-12.62,-38.55,13.3,-4.544,0.455,11
"[-199,-150]",HR≥65/EDG≥5.0/CV≤0.7/μ≥-/TP≥60,55.56,5.0,0.7,,60.0,44,36,20,16,55.56,-12.62,-38.55,13.3,-4.544,0.455,11
"[-199,-150]",HR≥65/EDG≥5.0/CV≤0.7/μ≥-/TP≥65,55.56,5.0,0.7,,65.0,44,36,20,16,55.56,-12.62,-38.55,13.3,-4.544,0.455,11
"[-199,-150]",HR≥65/EDG≥5.0/CV≤0.7/μ≥0.0/TP≥-,55.56,5.0,0.7,0.0,,44,36,20,16,55.56,-12.62,-38.55,13.3,-4.544,0.455,11
"[-199,-150]",HR≥65/EDG≥5.0/CV≤0.7/μ≥0.0/TP≥50,55.56,5.0,0.7,0.0,50.0,44,36,20,16,55.56,-12.62,-38.55,13.3,-4.544,0.455,11
"[-199,-150]",HR≥65/EDG≥5.0/CV≤0.7/μ≥0.0/TP≥55,55.56,5.0,0.7,0.0,55.0,44,36,20,16,55.56,-12.62,-38.55,13.3,-4.544,0.455,11
"[-199,-150]",HR≥65/EDG≥5.0/CV≤0.7/μ≥0.0/TP≥60,55.56,5.0,0.7,0.0,60.0,44,36,20,16,55.56,-12.62,-38.55,13.3,-4.544,0.455,11
"[-199,-150]",HR≥65/EDG≥5.0/CV≤0.7/μ≥0.0/TP≥65,55.56,5.0,0.7,0.0,65.0,44,36,20,16,55.56,-12.62,-38.55,13.3,-4.544,0.455,11
"[-199,-150]",HR≥65/EDG≥10.0/CV≤-/μ≥-/TP≥-,69.23,10.0,,,,122,104,72,32,69.23,9.92,-4.25,24.1,10.318,0.538,13
"[-199,-150]",HR≥65/EDG≥10.0/CV≤-/μ≥-/TP≥50,69.23,10.0,,,50.0,122,104,72,32,69.23,9.92,-4.25,24.1,10.318,0.538,13
"[-199,-150]",HR≥65/EDG≥10.0/CV≤-/μ≥-/TP≥55,69.23,10.0,,,55.0,122,104,72,32,69.23,9.92,-4.25,24.1,10.318,0.538,13
"[-199,-150]",HR≥65/EDG≥10.0/CV≤-/μ≥-/TP≥60,69.23,10.0,,,60.0,122,104,72,32,69.23,9.92,-4.25,24.1,10.318,0.538,13
"[-199,-150]",HR≥65/EDG≥10.0/CV≤-/μ≥-/TP≥65,69.23,10.0,,,65.0,122,104,72,32,69.23,9.92,-4.25,24.1,10.318,0.538,13
"[-199,-150]",HR≥65/EDG≥10.0/CV≤-/μ≥0.0/TP≥-,69.23,10.0,,0.0,,122,104,72,32,69.23,9.92,-4.25,24.1,10.318,0.538,13
"[-199,-150]",HR≥65/EDG≥10.0/CV≤-/μ≥0.0/TP≥50,69.23,10.0,,0.0,50.0,122,104,72,32,69.23,9.92,-4.25,24.1,10.318,0.538,13
"[-199,-150]",HR≥65/EDG≥10.0/CV≤-/μ≥0.0/TP≥55,69.23,10.0,,0.0,55.0,122,104,72,32,69.23,9.92,-4.25,24.1,10.318,0.538,13
"[-199,-150]",HR≥65/EDG≥10.0/CV≤-/μ≥0.0/TP≥60,69.23,10.0,,0.0,60.0,122,104,72,32,69.23,9.92,-4.25,24.1,10.318,0.538,13
"[-199,-150]",HR≥65/EDG≥10.0/CV≤-/μ≥0.0/TP≥65,69.23,10.0,,0.0,65.0,122,104,72,32,69.23,9.92,-4.25,24.1,10.318,0.538,13
"[-199,-150]",HR≥65/EDG≥10.0/CV≤-/μ≥0.5/TP≥-,72.45,10.0,,0.5,,115,98,71,27,72.45,15.12,0.96,29.27,14.813,0.615,13
"[-199,-150]",HR≥65/EDG≥10.0/CV≤-/μ≥0.5/TP≥50,72.45,10.0,,0.5,50.0,115,98,71,27,72.45,15.12,0.96,29.27,14.813,0.615,13
"[-199,-150]",HR≥65/EDG≥10.0/CV≤-/μ≥0.5/TP≥55,72.45,10.0,,0.5,55.0,115,98,71,27,72.45,15.12,0.96,29.27,14.813,0.615,13
"[-199,-150]",HR≥65/EDG≥10.0/CV≤-/μ≥0.5/TP≥60,72.45,10.0,,0.5,60.0,115,98,71,27,72.45,15.12,0.96,29.27,14.813,0.615,13
"[-199,-150]",HR≥65/EDG≥10.0/CV≤-/μ≥0.5/TP≥65,72.45,10.0,,0.5,65.0,115,98,71,27,72.45,15.12,0.96,29.27,14.813,0.615,13
"[-199,-150]",HR≥65/EDG≥10.0/CV≤-/μ≥1.0/TP≥-,72.22,10.0,,1.0,,61,54,39,15,72.22,14.48,-4.66,33.63,7.821,0.6,10
"[-199,-150]",HR≥65/EDG≥10.0/CV≤-/μ≥1.0/TP≥50,72.22,10.0,,1.0,50.0,61,54,39,15,72.22,14.48,-4.66,33.63,7.821,0.6,10
"[-199,-150]",HR≥65/EDG≥10.0/CV≤-/μ≥1.0/TP≥55,72.22,10.0,,1.0,55.0,61,54,39,15,72.22,14.48,-4.66,33.63,7.821,0.6,10
"[-199,-150]",HR≥65/EDG≥10.0/CV≤-/μ≥1.0/TP≥60,72.22,10.0,,1.0,60.0,61,54,39,15,72.22,14.48,-4.66,33.63,7.821,0.6,10
"[-199,-150]",HR≥65/EDG≥10.0/CV≤-/μ≥1.0/TP≥65,72.22,10.0,,1.0,65.0,61,54,39,15,72.22,14.48,-4.66,33.63,7.821,0.6,10
"[-199,-150]",HR≥65/EDG≥10.0/CV≤0.7/μ≥-/TP≥-,60.0,10.0,0.7,,,36,30,18,12,60.0,-5.43,-33.58,22.72,-1.628,0.556,9
"[-199,-150]",HR≥65/EDG≥10.0/CV≤0.7/μ≥-/TP≥50,60.0,10.0,0.7,,50.0,36,30,18,12,60.0,-5.43,-33.58,22.72,-1.628,0.556,9
"[-199,-150]",HR≥65/EDG≥10.0/CV≤0.7/μ≥-/TP≥55,60.0,10.0,0.7,,55.0,36,30,18,12,60.0,-5.43,-33.58,22.72,-1.628,0.556,9
"[-199,-150]",HR≥65/EDG≥10.0/CV≤0.7/μ≥-/TP≥60,60.0,10.0,0.7,,60.0,36,30,18,12,60.0,-5.43,-33.58,22.72,-1.628,0.556,9
"[-199,-150]",HR≥65/EDG≥10.0/CV≤0.7/μ≥-/TP≥65,60.0,10.0,0.7,,65.0,36,30,18,12,60.0,-5.43,-33.58,22.72,-1.628,0.556,9
"[-199,-150]",HR≥65/EDG≥10.0/CV≤0.7/μ≥0.0/TP≥-,60.0,10.0,0.7,0.0,,36,30,18,12,60.0,-5.43,-33.58,22.72,-1.628,0.556,9
"[-199,-150]",HR≥65/EDG≥10.0/CV≤0.7/μ≥0.0/TP≥50,60.0,10.0,0.7,0.0,50.0,36,30,18,12,60.0,-5.43,-33.58,22.72,-1.628,0.556,9
"[-199,-150]",HR≥65/EDG≥10.0/CV≤0.7/μ≥0.0/TP≥55,60.0,10.0,0.7,0.0,55.0,36,30,18,12,60.0,-5.43,-33.58,22.72,-1.628,0.556,9
"[-199,-150]",HR≥65/EDG≥10.0/CV≤0.7/μ≥0.0/TP≥60,60.0,10.0,0.7,0.0,60.0,36,30,18,12,60.0,-5.43,-33.58,22.72,-1.628,0.556,9
"[-199,-150]",HR≥65/EDG≥10.0/CV≤0.7/μ≥0.0/TP≥65,60.0,10.0,0.7,0.0,65.0,36,30,18,12,60.0,-5.43,-33.58,22.72,-1.628,0.556,9
"[-199,-150]",HR≥70/EDG≥-/CV≤-/μ≥-/TP≥-,67.42,,,,,108,89,60,29,67.42,6.72,-8.8,22.25,5.984,0.583,12
"[-199,-150]",HR≥70/EDG≥-/CV≤-/μ≥-/TP≥50,67.86,,,,50.0,103,84,57,27,67.86,7.39,-8.54,23.31,6.205,0.5,12
"[-199,-150]",HR≥70/EDG≥-/CV≤-/μ≥-/TP≥55,67.47,,,,55.0,102,83,56,27,67.47,6.8,-9.27,22.87,5.644,0.5,12
"[-199,-150]",HR≥70/EDG≥-/CV≤-/μ≥-/TP≥60,67.07,,,,60.0,100,82,55,27,67.07,6.12,-10.09,22.33,5.019,0.5,12
"[-199,-150]",HR≥70/EDG≥-/CV≤-/μ≥-/TP≥65,69.74,,,,65.0,94,76,53,23,69.74,10.43,-6.06,26.92,7.926,0.583,12
"[-199,-150]",HR≥70/EDG≥-/CV≤-/μ≥0.0/TP≥-,67.86,,,0.0,,103,84,57,27,67.86,7.39,-8.54,23.31,6.205,0.5,12
"[-199,-150]",HR≥70/EDG≥-/CV≤-/μ≥0.0/TP≥50,67.86,,,0.0,50.0,103,84,57,27,67.86,7.39,-8.54,23.31,6.205,0.5,12
"[-199,-150]",HR≥70/EDG≥-/CV≤-/μ≥0.0/TP≥55,67.47,,,0.0,55.0,102,83,56,27,67.47,6.8,-9.27,22.87,5.644,0.5,12
"[-199,-150]",HR≥70/EDG≥-/CV≤-/μ≥0.0/TP≥60,67.07,,,0.0,60.0,100,82,55,27,67.07,6.12,-10.09,22.33,5.019,0.5,12
"[-199,-150]",HR≥70/EDG≥-/CV≤-/μ≥0.0/TP≥65,69.74,,,0.0,65.0,94,76,53,23,69.74,10.43,-6.06,26.92,7.926,0.583,12
"[-199,-150]",HR≥70/EDG≥-/CV≤-/μ≥0.5/TP≥-,76.27,,,0.5,,73,59,45,14,76.27,20.93,3.54,38.32,12.349,0.667,12
"[-199,-150]",HR≥70/EDG≥-/CV≤-/μ≥0.5/TP≥50,76.27,,,0.5,50.0,73,59,45,14,76.27,20.93,3.54,38.32,12.349,0.667,12
"[-199,-150]",HR≥70/EDG≥-/CV≤-/μ≥0.5/TP≥55,76.27,,,0.5,55.0,73,59,45,14,76.27,20.93,3.54,38.32,12.349,0.667,12
"[-199,-150]",HR≥70/EDG≥-/CV≤-/μ≥0.5/TP≥60,76.27,,,0.5,60.0,73,59,45,14,76.27,20.93,3.54,38.32,12.349,0.667,12
"[-199,-150]",HR≥70/EDG≥-/CV≤-/μ≥0.5/TP≥65,76.27,,,0.5,65.0,73,59,45,14,76.27,20.93,3.54,38.32,12.349,0.667,12
"[-199,-150]",HR≥70/EDG≥-/CV≤-/μ≥1.0/TP≥-,83.33,,,1.0,,37,30,25,5,83.33,32.47,10.85,54.08,9.74,0.889,9
"[-199,-150]",HR≥70/EDG≥-/CV≤-/μ≥1.0/TP≥50,83.33,,,1.0,50.0,37,30,25,5,83.33,32.47,10.85,54.08,9.74,0.889,9
"[-199,-150]",HR≥70/EDG≥-/CV≤-/μ≥1.0/TP≥55,83.33,,,1.0,55.0,37,30,25,5,83.33,32.47,10.85,54.08,9.74,0.889,9
"[-199,-150]",HR≥70/EDG≥-/CV≤-/μ≥1.0/TP≥60,83.33,,,1.0,60.0,37,30,25,5,83.33,32.47,10.85,54.08,9.74,0.889,9
"[-199,-150]",HR≥70/EDG≥-/CV≤-/μ≥1.0/TP≥65,83.33,,,1.0,65.0,37,30,25,5,83.33,32.47,10.85,54.08,9.74,0.889,9
"[-199,-150]",HR≥70/EDG≥-/CV≤0.7/μ≥-/TP≥-,61.29,,0.7,,,39,31,19,12,61.29,-3.68,-31.11,23.74,-1.141,0.545,11
"[-199,-150]",HR≥70/EDG≥-/CV≤0.7/μ≥-/TP≥50,63.33,,0.7,,50.0,38,30,19,11,63.33,-0.47,-28.07,27.13,-0.141,0.545,11
"[-199,-150]",HR≥70/EDG≥-/CV≤0.7/μ≥-/TP≥55,63.33,,0.7,,55.0,38,30,19,11,63.33,-0.47,-28.07,27.13,-0.141,0.545,11
"[-199,-150]",HR≥70/EDG≥-/CV≤0.7/μ≥-/TP≥60,63.33,,0.7,,60.0,38,30,19,11,63.33,-0.47,-28.07,27.13,-0.141,0.545,11
"[-199,-150]",HR≥70/EDG≥-/CV≤0.7/μ≥-/TP≥65,63.33,,0.7,,65.0,38,30,19,11,63.33,-0.47,-28.07,27.13,-0.141,0.545,11
"[-199,-150]",HR≥70/EDG≥-/CV≤0.7/μ≥0.0/TP≥-,63.33,,0.7,0.0,,38,30,19,11,63.33,-0.47,-28.07,27.13,-0.141,0.545,11
"[-199,-150]",HR≥70/EDG≥-/CV≤0.7/μ≥0.0/TP≥50,63.33,,0.7,0.0,50.0,38,30,19,11,63.33,-0.47,-28.07,27.13,-0.141,0.545,11
"[-199,-150]",HR≥70/EDG≥-/CV≤0.7/μ≥0.0/TP≥55,63.33,,0.7,0.0,55.0,38,30,19,11,63.33,-0.47,-28.07,27.13,-0.141,0.545,11
"[-199,-150]",HR≥70/EDG≥-/CV≤0.7/μ≥0.0/TP≥60,63.33,,0.7,0.0,60.0,38,30,19,11,63.33,-0.47,-28.07,27.13,-0.141,0.545,11
"[-199,-150]",HR≥70/EDG≥-/CV≤0.7/μ≥0.0/TP≥65,63.33,,0.7,0.0,65.0,38,30,19,11,63.33,-0.47,-28.07,27.13,-0.141,0.545,11
"[-199,-150]",HR≥70/EDG≥-5.0/CV≤-/μ≥-/TP≥-,67.47,-5.0,,,,101,83,56,27,67.47,6.8,-9.27,22.87,5.644,0.5,12
"[-199,-150]",HR≥70/EDG≥-5.0/CV≤-/μ≥-/TP≥50,67.47,-5.0,,,50.0,101,83,56,27,67.47,6.8,-9.27,22.87,5.644,0.5,12
"[-199,-150]",HR≥70/EDG≥-5.0/CV≤-/μ≥-/TP≥55,67.47,-5.0,,,55.0,101,83,56,27,67.47,6.8,-9.27,22.87,5.644,0.5,12
"[-199,-150]",HR≥70/EDG≥-5.0/CV≤-/μ≥-/TP≥60,67.07,-5.0,,,60.0,100,82,55,27,67.07,6.12,-10.09,22.33,5.019,0.5,12
"[-199,-150]",HR≥70/EDG≥-5.0/CV≤-/μ≥-/TP≥65,69.74,-5.0,,,65.0,94,76,53,23,69.74,10.43,-6.06,26.92,7.926,0.583,12
"[-199,-150]",HR≥70/EDG≥-5.0/CV≤-/μ≥0.0/TP≥-,67.47,-5.0,,0.0,,101,83,56,27,67.47,6.8,-9.27,22.87,5.644,0.5,12
"[-199,-150]",HR≥70/EDG≥-5.0/CV≤-/μ≥0.0/TP≥50,67.47,-5.0,,0.0,50.0,101,83,56,27,67.47,6.8,-9.27,22.87,5.644,0.5,12
"[-199,-150]",HR≥70/EDG≥-5.0/CV≤-/μ≥0.0/TP≥55,67.47,-5.0,,0.0,55.0,101,83,56,27,67.47,6.8,-9.27,22.87,5.644,0.5,12
"[-199,-150]",HR≥70/EDG≥-5.0/CV≤-/μ≥0.0/TP≥60,67.07,-5.0,,0.0,60.0,100,82,55,27,67.07,6.12,-10.09,22.33,5.019,0.5,12
"[-199,-150]",HR≥70/EDG≥-5.0/CV≤-/μ≥0.0/TP≥65,69.74,-5.0,,0.0,65.0,94,76,53,23,69.74,10.43,-6.06,26.92,7.926,0.583,12
"[-199,-150]",HR≥70/EDG≥-5.0/CV≤-/μ≥0.5/TP≥-,76.27,-5.0,,0.5,,73,59,45,14,76.27,20.93,3.54,38.32,12.349,0.667,12
"[-199,-150]",HR≥70/EDG≥-5.0/CV≤-/μ≥0.5/TP≥50,76.27,-5.0,,0.5,50.0,73,59,45,14,76.27,20.93,3.54,38.32,12.349,0.667,12
"[-199,-150]",HR≥70/EDG≥-5.0/CV≤-/μ≥0.5/TP≥55,76.27,-5.0,,0.5,55.0,73,59,45,14,76.27,20.93,3.54,38.32,12.349,0.667,12
"[-199,-150]",HR≥70/EDG≥-5.0/CV≤-/μ≥0.5/TP≥60,76.27,-5.0,,0.5,60.0,73,59,45,14,76.27,20.93,3.54,38.32,12.349,0.667,12
"[-199,-150]",HR≥70/EDG≥-5.0/CV≤-/μ≥0.5/TP≥65,76.27,-5.0,,0.5,65.0,73,59,45,14,76.27,20.93,3.54,38.32,12.349,0.667,12
"[-199,-150]",HR≥70/EDG≥-5.0/CV≤-/μ≥1.0/TP≥-,83.33,-5.0,,1.0,,37,30,25,5,83.33,32.47,10.85,54.08,9.74,0.889,9
"[-199,-150]",HR≥70/EDG≥-5.0/CV≤-/μ≥1.0/TP≥50,83.33,-5.0,,1.0,50.0,37,30,25,5,83.33,32.47,10.85,54.08,9.74,0.889,9
"[-199,-150]",HR≥70/EDG≥-5.0/CV≤-/μ≥1.0/TP≥55,83.33,-5.0,,1.0,55.0,37,30,25,5,83.33,32.47,10.85,54.08,9.74,0.889,9
"[-199,-150]",HR≥70/EDG≥-5.0/CV≤-/μ≥1.0/TP≥60,83.33,-5.0,,1.0,60.0,37,30,25,5,83.33,32.47,10.85,54.08,9.74,0.889,9
"[-199,-150]",HR≥70/EDG≥-5.0/CV≤-/μ≥1.0/TP≥65,83.33,-5.0,,1.0,65.0,37,30,25,5,83.33,32.47,10.85,54.08,9.74,0.889,9
"[-199,-150]",HR≥70/EDG≥-5.0/CV≤0.7/μ≥-/TP≥-,63.33,-5.0,0.7,,,38,30,19,11,63.33,-0.47,-28.07,27.13,-0.141,0.545,11
"[-199,-150]",HR≥70/EDG≥-5.0/CV≤0.7/μ≥-/TP≥50,63.33,-5.0,0.7,,50.0,38,30,19,11,63.33,-0.47,-28.07,27.13,-0.141,0.545,11
"[-199,-150]",HR≥70/EDG≥-5.0/CV≤0.7/μ≥-/TP≥55,63.33,-5.0,0.7,,55.0,38,30,19,11,63.33,-0.47,-28.07,27.13,-0.141,0.545,11
"[-199,-150]",HR≥70/EDG≥-5.0/CV≤0.7/μ≥-/TP≥60,63.33,-5.0,0.7,,60.0,38,30,19,11,63.33,-0.47,-28.07,27.13,-0.141,0.545,11
"[-199,-150]",HR≥70/EDG≥-5.0/CV≤0.7/μ≥-/TP≥65,63.33,-5.0,0.7,,65.0,38,30,19,11,63.33,-0.47,-28.07,27.13,-0.141,0.545,11
"[-199,-150]",HR≥70/EDG≥-5.0/CV≤0.7/μ≥0.0/TP≥-,63.33,-5.0,0.7,0.0,,38,30,19,11,63.33,-0.47,-28.07,27.13,-0.141,0.545,11
"[-199,-150]",HR≥70/EDG≥-5.0/CV≤0.7/μ≥0.0/TP≥50,63.33,-5.0,0.7,0.0,50.0,38,30,19,11,63.33,-0.47,-28.07,27.13,-0.141,0.545,11
"[-199,-150]",HR≥70/EDG≥-5.0/CV≤0.7/μ≥0.0/TP≥55,63.33,-5.0,0.7,0.0,55.0,38,30,19,11,63.33,-0.47,-28.07,27.13,-0.141,0.545,11
"[-199,-150]",HR≥70/EDG≥-5.0/CV≤0.7/μ≥0.0/TP≥60,63.33,-5.0,0.7,0.0,60.0,38,30,19,11,63.33,-0.47,-28.07,27.13,-0.141,0.545,11
"[-199,-150]",HR≥70/EDG≥-5.0/CV≤0.7/μ≥0.0/TP≥65,63.33,-5.0,0.7,0.0,65.0,38,30,19,11,63.33,-0.47,-28.07,27.13,-0.141,0.545,11
"[-199,-150]",HR≥70/EDG≥0.0/CV≤-/μ≥-/TP≥-,69.23,0.0,,,,96,78,54,24,69.23,9.61,-6.73,25.96,7.498,0.583,12
"[-199,-150]",HR≥70/EDG≥0.0/CV≤-/μ≥-/TP≥50,69.23,0.0,,,50.0,96,78,54,24,69.23,9.61,-6.73,25.96,7.498,0.583,12
"[-199,-150]",HR≥70/EDG≥0.0/CV≤-/μ≥-/TP≥55,69.23,0.0,,,55.0,96,78,54,24,69.23,9.61,-6.73,25.96,7.498,0.583,12
"[-199,-150]",HR≥70/EDG≥0.0/CV≤-/μ≥-/TP≥60,69.23,0.0,,,60.0,96,78,54,24,69.23,9.61,-6.73,25.96,7.498,0.583,12
"[-199,-150]",HR≥70/EDG≥0.0/CV≤-/μ≥-/TP≥65,69.74,0.0,,,65.0,94,76,53,23,69.74,10.43,-6.06,26.92,7.926,0.583,12
"[-199,-150]",HR≥70/EDG≥0.0/CV≤-/μ≥0.0/TP≥-,69.23,0.0,,0.0,,96,78,54,24,69.23,9.61,-6.73,25.96,7.498,0.583,12
"[-199,-150]",HR≥70/EDG≥0.0/CV≤-/μ≥0.0/TP≥50,69.23,0.0,,0.0,50.0,96,78,54,24,69.23,9.61,-6.73,25.96,7.498,0.583,12
"[-199,-150]",HR≥70/EDG≥0.0/CV≤-/μ≥0.0/TP≥55,69.23,0.0,,0.0,55.0,96,78,54,24,69.23,9.61,-6.73,25.96,7.498,0.583,12
"[-199,-150]",HR≥70/EDG≥0.0/CV≤-/μ≥0.0/TP≥60,69.23,0.0,,0.0,60.0,96,78,54,24,69.23,9.61,-6.73,25.96,7.498,0.583,12
"[-199,-150]",HR≥70/EDG≥0.0/CV≤-/μ≥0.0/TP≥65,69.74,0.0,,0.0,65.0,94,76,53,23,69.74,10.43,-6.06,26.92,7.926,0.583,12
"[-199,-150]",HR≥70/EDG≥0.0/CV≤-/μ≥0.5/TP≥-,76.27,0.0,,0.5,,73,59,45,14,76.27,20.93,3.54,38.32,12.349,0.667,12
"[-199,-150]",HR≥70/EDG≥0.0/CV≤-/μ≥0.5/TP≥50,76.27,0.0,,0.5,50.0,73,59,45,14,76.27,20.93,3.54,38.32,12.349,0.667,12
"[-199,-150]",HR≥70/EDG≥0.0/CV≤-/μ≥0.5/TP≥55,76.27,0.0,,0.5,55.0,73,59,45,14,76.27,20.93,3.54,38.32,12.349,0.667,12
"[-199,-150]",HR≥70/EDG≥0.0/CV≤-/μ≥0.5/TP≥60,76.27,0.0,,0.5,60.0,73,59,45,14,76.27,20.93,3.54,38.32,12.349,0.667,12
"[-199,-150]",HR≥70/EDG≥0.0/CV≤-/μ≥0.5/TP≥65,76.27,0.0,,0.5,65.0,73,59,45,14,76.27,20.93,3.54,38.32,12.349,0.667,12
"[-199,-150]",HR≥70/EDG≥0.0/CV≤-/μ≥1.0/TP≥-,83.33,0.0,,1.0,,37,30,25,5,83.33,32.47,10.85,54.08,9.74,0.889,9
"[-199,-150]",HR≥70/EDG≥0.0/CV≤-/μ≥1.0/TP≥50,83.33,0.0,,1.0,50.0,37,30,25,5,83.33,32.47,10.85,54.08,9.74,0.889,9
"[-199,-150]",HR≥70/EDG≥0.0/CV≤-/μ≥1.0/TP≥55,83.33,0.0,,1.0,55.0,37,30,25,5,83.33,32.47,10.85,54.08,9.74,0.889,9
"[-199,-150]",HR≥70/EDG≥0.0/CV≤-/μ≥1.0/TP≥60,83.33,0.0,,1.0,60.0,37,30,25,5,83.33,32.47,10.85,54.08,9.74,0.889,9
"[-199,-150]",HR≥70/EDG≥0.0/CV≤-/μ≥1.0/TP≥65,83.33,0.0,,1.0,65.0,37,30,25,5,83.33,32.47,10.85,54.08,9.74,0.889,9
"[-199,-150]",HR≥70/EDG≥0.0/CV≤0.7/μ≥-/TP≥-,63.33,0.0,0.7,,,38,30,19,11,63.33,-0.47,-28.07,27.13,-0.141,0.545,11
"[-199,-150]",HR≥70/EDG≥0.0/CV≤0.7/μ≥-/TP≥50,63.33,0.0,0.7,,50.0,38,30,19,11,63.33,-0.47,-28.07,27.13,-0.141,0.545,11
"[-199,-150]",HR≥70/EDG≥0.0/CV≤0.7/μ≥-/TP≥55,63.33,0.0,0.7,,55.0,38,30,19,11,63.33,-0.47,-28.07,27.13,-0.141,0.545,11
"[-199,-150]",HR≥70/EDG≥0.0/CV≤0.7/μ≥-/TP≥60,63.33,0.0,0.7,,60.0,38,30,19,11,63.33,-0.47,-28.07,27.13,-0.141,0.545,11
"[-199,-150]",HR≥70/EDG≥0.0/CV≤0.7/μ≥-/TP≥65,63.33,0.0,0.7,,65.0,38,30,19,11,63.33,-0.47,-28.07,27.13,-0.141,0.545,11
"[-199,-150]",HR≥70/EDG≥0.0/CV≤0.7/μ≥0.0/TP≥-,63.33,0.0,0.7,0.0,,38,30,19,11,63.33,-0.47,-28.07,27.13,-0.141,0.545,11
"[-199,-150]",HR≥70/EDG≥0.0/CV≤0.7/μ≥0.0/TP≥50,63.33,0.0,0.7,0.0,50.0,38,30,19,11,63.33,-0.47,-28.07,27.13,-0.141,0.545,11
"[-199,-150]",HR≥70/EDG≥0.0/CV≤0.7/μ≥0.0/TP≥55,63.33,0.0,0.7,0.0,55.0,38,30,19,11,63.33,-0.47,-28.07,27.13,-0.141,0.545,11
"[-199,-150]",HR≥70/EDG≥0.0/CV≤0.7/μ≥0.0/TP≥60,63.33,0.0,0.7,0.0,60.0,38,30,19,11,63.33,-0.47,-28.07,27.13,-0.141,0.545,11
"[-199,-150]",HR≥70/EDG≥0.0/CV≤0.7/μ≥0.0/TP≥65,63.33,0.0,0.7,0.0,65.0,38,30,19,11,63.33,-0.47,-28.07,27.13,-0.141,0.545,11
"[-199,-150]",HR≥70/EDG≥5.0/CV≤-/μ≥-/TP≥-,71.01,5.0,,,,85,69,49,20,71.01,12.57,-4.56,29.69,8.67,0.667,12
"[-199,-150]",HR≥70/EDG≥5.0/CV≤-/μ≥-/TP≥50,71.01,5.0,,,50.0,85,69,49,20,71.01,12.57,-4.56,29.69,8.67,0.667,12
"[-199,-150]",HR≥70/EDG≥5.0/CV≤-/μ≥-/TP≥55,71.01,5.0,,,55.0,85,69,49,20,71.01,12.57,-4.56,29.69,8.67,0.667,12
"[-199,-150]",HR≥70/EDG≥5.0/CV≤-/μ≥-/TP≥60,71.01,5.0,,,60.0,85,69,49,20,71.01,12.57,-4.56,29.69,8.67,0.667,12
"[-199,-150]",HR≥70/EDG≥5.0/CV≤-/μ≥-/TP≥65,71.01,5.0,,,65.0,85,69,49,20,71.01,12.57,-4.56,29.69,8.67,0.667,12
"[-199,-150]",HR≥70/EDG≥5.0/CV≤-/μ≥0.0/TP≥-,71.01,5.0,,0.0,,85,69,49,20,71.01,12.57,-4.56,29.69,8.67,0.667,12
"[-199,-150]",HR≥70/EDG≥5.0/CV≤-/μ≥0.0/TP≥50,71.01,5.0,,0.0,50.0,85,69,49,20,71.01,12.57,-4.56,29.69,8.67,0.667,12
"[-199,-150]",HR≥70/EDG≥5.0/CV≤-/μ≥0.0/TP≥55,71.01,5.0,,0.0,55.0,85,69,49,20,71.01,12.57,-4.56,29.69,8.67,0.667,12
"[-199,-150]",HR≥70/EDG≥5.0/CV≤-/μ≥0.0/TP≥60,71.01,5.0,,0.0,60.0,85,69,49,20,71.01,12.57,-4.56,29.69,8.67,0.667,12
"[-199,-150]",HR≥70/EDG≥5.0/CV≤-/μ≥0.0/TP≥65,71.01,5.0,,0.0,65.0,85,69,49,20,71.01,12.57,-4.56,29.69,8.67,0.667,12
"[-199,-150]",HR≥70/EDG≥5.0/CV≤-/μ≥0.5/TP≥-,76.27,5.0,,0.5,,73,59,45,14,76.27,20.93,3.54,38.32,12.349,0.667,12
"[-199,-150]",HR≥70/EDG≥5.0/CV≤-/μ≥0.5/TP≥50,76.27,5.0,,0.5,50.0,73,59,45,14,76.27,20.93,3.54,38.32,12.349,0.667,12
"[-199,-150]",HR≥70/EDG≥5.0/CV≤-/μ≥0.5/TP≥55,76.27,5.0,,0.5,55.0,73,59,45,14,76.27,20.93,3.54,38.32,12.349,0.667,12
"[-199,-150]",HR≥70/EDG≥5.0/CV≤-/μ≥0.5/TP≥60,76.27,5.0,,0.5,60.0,73,59,45,14,76.27,20.93,3.54,38.32,12.349,0.667,12
"[-199,-150]",HR≥70/EDG≥5.0/CV≤-/μ≥0.5/TP≥65,76.27,5.0,,0.5,65.0,73,59,45,14,76.27,20.93,3.54,38.32,12.349,0.667,12
"[-199,-150]",HR≥70/EDG≥5.0/CV≤-/μ≥1.0/TP≥-,83.33,5.0,,1.0,,37,30,25,5,83.33,32.47,10.85,54.08,9.74,0.889,9
"[-199,-150]",HR≥70/EDG≥5.0/CV≤-/μ≥1.0/TP≥50,83.33,5.0,,1.0,50.0,37,30,25,5,83.33,32.47,10.85,54.08,9.74,0.889,9
"[-199,-150]",HR≥70/EDG≥5.0/CV≤-/μ≥1.0/TP≥55,83.33,5.0,,1.0,55.0,37,30,25,5,83.33,32.47,10.85,54.08,9.74,0.889,9
"[-199,-150]",HR≥70/EDG≥5.0/CV≤-/μ≥1.0/TP≥60,83.33,5.0,,1.0,60.0,37,30,25,5,83.33,32.47,10.85,54.08,9.74,0.889,9
"[-199,-150]",HR≥70/EDG≥5.0/CV≤-/μ≥1.0/TP≥65,83.33,5.0,,1.0,65.0,37,30,25,5,83.33,32.47,10.85,54.08,9.74,0.889,9
"[-199,-150]",HR≥70/EDG≥10.0/CV≤-/μ≥-/TP≥-,72.88,10.0,,,,73,59,43,16,72.88,15.73,-2.47,33.93,9.282,0.583,12
"[-199,-150]",HR≥70/EDG≥10.0/CV≤-/μ≥-/TP≥50,72.88,10.0,,,50.0,73,59,43,16,72.88,15.73,-2.47,33.93,9.282,0.583,12
"[-199,-150]",HR≥70/EDG≥10.0/CV≤-/μ≥-/TP≥55,72.88,10.0,,,55.0,73,59,43,16,72.88,15.73,-2.47,33.93,9.282,0.583,12
"[-199,-150]",HR≥70/EDG≥10.0/CV≤-/μ≥-/TP≥60,72.88,10.0,,,60.0,73,59,43,16,72.88,15.73,-2.47,33.93,9.282,0.583,12
"[-199,-150]",HR≥70/EDG≥10.0/CV≤-/μ≥-/TP≥65,72.88,10.0,,,65.0,73,59,43,16,72.88,15.73,-2.47,33.93,9.282,0.583,12
"[-199,-150]",HR≥70/EDG≥10.0/CV≤-/μ≥0.0/TP≥-,72.88,10.0,,0.0,,73,59,43,16,72.88,15.73,-2.47,33.93,9.282,0.583,12
"[-199,-150]",HR≥70/EDG≥10.0/CV≤-/μ≥0.0/TP≥50,72.88,10.0,,0.0,50.0,73,59,43,16,72.88,15.73,-2.47,33.93,9.282,0.583,12
"[-199,-150]",HR≥70/EDG≥10.0/CV≤-/μ≥0.0/TP≥55,72.88,10.0,,0.0,55.0,73,59,43,16,72.88,15.73,-2.47,33.93,9.282,0.583,12
"[-199,-150]",HR≥70/EDG≥10.0/CV≤-/μ≥0.0/TP≥60,72.88,10.0,,0.0,60.0,73,59,43,16,72.88,15.73,-2.47,33.93,9.282,0.583,12
"[-199,-150]",HR≥70/EDG≥10.0/CV≤-/μ≥0.0/TP≥65,72.88,10.0,,0.0,65.0,73,59,43,16,72.88,15.73,-2.47,33.93,9.282,0.583,12
"[-199,-150]",HR≥70/EDG≥10.0/CV≤-/μ≥0.5/TP≥-,76.79,10.0,,0.5,,69,56,43,13,76.79,21.93,4.18,39.69,12.282,0.667,12
"[-199,-150]",HR≥70/EDG≥10.0/CV≤-/μ≥0.5/TP≥50,76.79,10.0,,0.5,50.0,69,56,43,13,76.79,21.93,4.18,39.69,12.282,0.667,12
"[-199,-150]",HR≥70/EDG≥10.0/CV≤-/μ≥0.5/TP≥55,76.79,10.0,,0.5,55.0,69,56,43,13,76.79,21.93,4.18,39.69,12.282,0.667,12
"[-199,-150]",HR≥70/EDG≥10.0/CV≤-/μ≥0.5/TP≥60,76.79,10.0,,0.5,60.0,69,56,43,13,76.79,21.93,4.18,39.69,12.282,0.667,12
"[-199,-150]",HR≥70/EDG≥10.0/CV≤-/μ≥0.5/TP≥65,76.79,10.0,,0.5,65.0,69,56,43,13,76.79,21.93,4.18,39.69,12.282,0.667,12
"[-199,-150]",HR≥70/EDG≥10.0/CV≤-/μ≥1.0/TP≥-,83.33,10.0,,1.0,,37,30,25,5,83.33,32.47,10.85,54.08,9.74,0.889,9
"[-199,-150]",HR≥70/EDG≥10.0/CV≤-/μ≥1.0/TP≥50,83.33,10.0,,1.0,50.0,37,30,25,5,83.33,32.47,10.85,54.08,9.74,0.889,9
"[-199,-150]",HR≥70/EDG≥10.0/CV≤-/μ≥1.0/TP≥55,83.33,10.0,,1.0,55.0,37,30,25,5,83.33,32.47,10.85,54.08,9.74,0.889,9
"[-199,-150]",HR≥70/EDG≥10.0/CV≤-/μ≥1.0/TP≥60,83.33,10.0,,1.0,60.0,37,30,25,5,83.33,32.47,10.85,54.08,9.74,0.889,9
"[-199,-150]",HR≥70/EDG≥10.0/CV≤-/μ≥1.0/TP≥65,83.33,10.0,,1.0,65.0,37,30,25,5,83.33,32.47,10.85,54.08,9.74,0.889,9
"[-199,-150]",HR≥75/EDG≥-/CV≤-/μ≥-/TP≥-,66.67,,,,,47,39,26,13,66.67,5.32,-18.39,29.03,2.077,0.583,12
"[-199,-150]",HR≥75/EDG≥-/CV≤-/μ≥-/TP≥50,66.67,,,,50.0,44,36,24,12,66.67,5.35,-19.36,30.07,1.927,0.5,12
"[-199,-150]",HR≥75/EDG≥-/CV≤-/μ≥-/TP≥55,66.67,,,,55.0,44,36,24,12,66.67,5.35,-19.36,30.07,1.927,0.5,12
"[-199,-150]",HR≥75/EDG≥-/CV≤-/μ≥-/TP≥60,65.71,,,,60.0,43,35,23,12,65.71,3.72,-21.5,28.94,1.302,0.5,12
"[-199,-150]",HR≥75/EDG≥-/CV≤-/μ≥-/TP≥65,68.75,,,,65.0,40,32,22,10,68.75,8.53,-17.27,34.33,2.731,0.636,11
"[-199,-150]",HR≥75/EDG≥-/CV≤-/μ≥0.0/TP≥-,66.67,,,0.0,,44,36,24,12,66.67,5.35,-19.36,30.07,1.927,0.5,12
"[-199,-150]",HR≥75/EDG≥-/CV≤-/μ≥0.0/TP≥50,66.67,,,0.0,50.0,44,36,24,12,66.67,5.35,-19.36,30.07,1.927,0.5,12
"[-199,-150]",HR≥75/EDG≥-/CV≤-/μ≥0.0/TP≥55,66.67,,,0.0,55.0,44,36,24,12,66.67,5.35,-19.36,30.07,1.927,0.5,12
"[-199,-150]",HR≥75/EDG≥-/CV≤-/μ≥0.0/TP≥60,65.71,,,0.0,60.0,43,35,23,12,65.71,3.72,-21.5,28.94,1.302,0.5,12
"[-199,-150]",HR≥75/EDG≥-/CV≤-/μ≥0.0/TP≥65,68.75,,,0.0,65.0,40,32,22,10,68.75,8.53,-17.27,34.33,2.731,0.636,11
"[-199,-150]",HR≥75/EDG≥-5.0/CV≤-/μ≥-/TP≥-,66.67,-5.0,,,,44,36,24,12,66.67,5.35,-19.36,30.07,1.927,0.5,12
"[-199,-150]",HR≥75/EDG≥-5.0/CV≤-/μ≥-/TP≥50,66.67,-5.0,,,50.0,44,36,24,12,66.67,5.35,-19.36,30.07,1.927,0.5,12
"[-199,-150]",HR≥75/EDG≥-5.0/CV≤-/μ≥-/TP≥55,66.67,-5.0,,,55.0,44,36,24,12,66.67,5.35,-19.36,30.07,1.927,0.5,12
"[-199,-150]",HR≥75/EDG≥-5.0/CV≤-/μ≥-/TP≥60,65.71,-5.0,,,60.0,43,35,23,12,65.71,3.72,-21.5,28.94,1.302,0.5,12
"[-199,-150]",HR≥75/EDG≥-5.0/CV≤-/μ≥-/TP≥65,68.75,-5.0,,,65.0,40,32,22,10,68.75,8.53,-17.27,34.33,2.731,0.636,11
"[-199,-150]",HR≥75/EDG≥-5.0/CV≤-/μ≥0.0/TP≥-,66.67,-5.0,,0.0,,44,36,24,12,66.67,5.35,-19.36,30.07,1.927,0.5,12
"[-199,-150]",HR≥75/EDG≥-5.0/CV≤-/μ≥0.0/TP≥50,66.67,-5.0,,0.0,50.0,44,36,24,12,66.67,5.35,-19.36,30.07,1.927,0.5,12
"[-199,-150]",HR≥75/EDG≥-5.0/CV≤-/μ≥0.0/TP≥55,66.67,-5.0,,0.0,55.0,44,36,24,12,66.67,5.35,-19.36,30.07,1.927,0.5,12
"[-199,-150]",HR≥75/EDG≥-5.0/CV≤-/μ≥0.0/TP≥60,65.71,-5.0,,0.0,60.0,43,35,23,12,65.71,3.72,-21.5,28.94,1.302,0.5,12
"[-199,-150]",HR≥75/EDG≥-5.0/CV≤-/μ≥0.0/TP≥65,68.75,-5.0,,0.0,65.0,40,32,22,10,68.75,8.53,-17.27,34.33,2.731,0.636,11
"[-199,-150]",HR≥75/EDG≥0.0/CV≤-/μ≥-/TP≥-,67.65,0.0,,,,42,34,23,11,67.65,6.77,-18.46,32.0,2.302,0.583,12
"[-199,-150]",HR≥75/EDG≥0.0/CV≤-/μ≥-/TP≥50,67.65,0.0,,,50.0,42,34,23,11,67.65,6.77,-18.46,32.0,2.302,0.583,12
"[-199,-150]",HR≥75/EDG≥0.0/CV≤-/μ≥-/TP≥55,67.65,0.0,,,55.0,42,34,23,11,67.65,6.77,-18.46,32.0,2.302,0.583,12
"[-199,-150]",HR≥75/EDG≥0.0/CV≤-/μ≥-/TP≥60,67.65,0.0,,,60.0,42,34,23,11,67.65,6.77,-18.46,32.0,2.302,0.583,12
"[-199,-150]",HR≥75/EDG≥0.0/CV≤-/μ≥-/TP≥65,68.75,0.0,,,65.0,40,32,22,10,68.75,8.53,-17.27,34.33,2.731,0.636,11
"[-199,-150]",HR≥75/EDG≥0.0/CV≤-/μ≥0.0/TP≥-,67.65,0.0,,0.0,,42,34,23,11,67.65,6.77,-18.46,32.0,2.302,0.583,12
"[-199,-150]",HR≥75/EDG≥0.0/CV≤-/μ≥0.0/TP≥50,67.65,0.0,,0.0,50.0,42,34,23,11,67.65,6.77,-18.46,32.0,2.302,0.583,12
"[-199,-150]",HR≥75/EDG≥0.0/CV≤-/μ≥0.0/TP≥55,67.65,0.0,,0.0,55.0,42,34,23,11,67.65,6.77,-18.46,32.0,2.302,0.583,12
"[-199,-150]",HR≥75/EDG≥0.0/CV≤-/μ≥0.0/TP≥60,67.65,0.0,,0.0,60.0,42,34,23,11,67.65,6.77,-18.46,32.0,2.302,0.583,12
"[-199,-150]",HR≥75/EDG≥0.0/CV≤-/μ≥0.0/TP≥65,68.75,0.0,,0.0,65.0,40,32,22,10,68.75,8.53,-17.27,34.33,2.731,0.636,11
"[-149,-110]",HR≥-/EDG≥-/CV≤-/μ≥-/TP≥-,51.55,,,,,455,388,200,188,51.55,-8.0,-16.9,0.9,-31.045,0.385,13
"[-149,-110]",HR≥-/EDG≥-/CV≤-/μ≥-/TP≥50,50.81,,,,50.0,362,309,157,152,50.81,-9.17,-19.16,0.83,-28.332,0.385,13
"[-149,-110]",HR≥-/EDG≥-/CV≤-/μ≥-/TP≥55,50.7,,,,55.0,335,286,145,141,50.7,-9.46,-19.84,0.92,-27.067,0.385,13
"[-149,-110]",HR≥-/EDG≥-/CV≤-/μ≥-/TP≥60,50.62,,,,60.0,284,241,122,119,50.62,-9.73,-21.02,1.57,-23.44,0.385,13
"[-149,-110]",HR≥-/EDG≥-/CV≤-/μ≥-/TP≥65,50.99,,,,65.0,233,202,103,99,50.99,-8.94,-21.3,3.42,-18.052,0.308,13
"[-149,-110]",HR≥-/EDG≥-/CV≤-/μ≥0.0/TP≥-,50.81,,,0.0,,362,309,157,152,50.81,-9.17,-19.16,0.83,-28.332,0.385,13
"[-149,-110]",HR≥-/EDG≥-/CV≤-/μ≥0.0/TP≥50,50.81,,,0.0,50.0,362,309,157,152,50.81,-9.17,-19.16,0.83,-28.332,0.385,13
"[-149,-110]",HR≥-/EDG≥-/CV≤-/μ≥0.0/TP≥55,50.7,,,0.0,55.0,335,286,145,141,50.7,-9.46,-19.84,0.92,-27.067,0.385,13
"[-149,-110]",HR≥-/EDG≥-/CV≤-/μ≥0.0/TP≥60,50.62,,,0.0,60.0,284,241,122,119,50.62,-9.73,-21.02,1.57,-23.44,0.385,13
"[-149,-110]",HR≥-/EDG≥-/CV≤-/μ≥0.0/TP≥65,50.99,,,0.0,65.0,233,202,103,99,50.99,-8.94,-21.3,3.42,-18.052,0.308,13
"[-149,-110]",HR≥-/EDG≥-/CV≤-/μ≥0.5/TP≥-,54.35,,,0.5,,161,138,75,63,54.35,-2.71,-17.67,12.24,-3.744,0.462,13
"[-149,-110]",HR≥-/EDG≥-/CV≤-/μ≥0.5/TP≥50,54.35,,,0.5,50.0,161,138,75,63,54.35,-2.71,-17.67,12.24,-3.744,0.462,13
"[-149,-110]",HR≥-/EDG≥-/CV≤-/μ≥0.5/TP≥55,54.35,,,0.5,55.0,161,138,75,63,54.35,-2.71,-17.67,12.24,-3.744,0.462,13
"[-149,-110]",HR≥-/EDG≥-/CV≤-/μ≥0.5/TP≥60,54.35,,,0.5,60.0,161,138,75,63,54.35,-2.71,-17.67,12.24,-3.744,0.462,13
"[-149,-110]",HR≥-/EDG≥-/CV≤-/μ≥0.5/TP≥65,54.35,,,0.5,65.0,161,138,75,63,54.35,-2.71,-17.67,12.24,-3.744,0.462,13
"[-149,-110]",HR≥-/EDG≥-/CV≤-/μ≥1.0/TP≥-,45.65,,,1.0,,51,46,21,25,45.65,-17.98,-44.16,8.21,-8.27,0.364,11
"[-149,-110]",HR≥-/EDG≥-/CV≤-/μ≥1.0/TP≥50,45.65,,,1.0,50.0,51,46,21,25,45.65,-17.98,-44.16,8.21,-8.27,0.364,11
"[-149,-110]",HR≥-/EDG≥-/CV≤-/μ≥1.0/TP≥55,45.65,,,1.0,55.0,51,46,21,25,45.65,-17.98,-44.16,8.21,-8.27,0.364,11
"[-149,-110]",HR≥-/EDG≥-/CV≤-/μ≥1.0/TP≥60,45.65,,,1.0,60.0,51,46,21,25,45.65,-17.98,-44.16,8.21,-8.27,0.364,11
"[-149,-110]",HR≥-/EDG≥-/CV≤-/μ≥1.0/TP≥65,45.65,,,1.0,65.0,51,46,21,25,45.65,-17.98,-44.16,8.21,-8.27,0.364,11
"[-149,-110]",HR≥-/EDG≥-/CV≤0.7/μ≥-/TP≥-,41.67,,0.7,,,41,36,15,21,41.67,-26.26,-55.2,2.68,-9.453,0.333,12
"[-149,-110]",HR≥-/EDG≥-/CV≤0.7/μ≥-/TP≥50,39.39,,0.7,,50.0,37,33,13,20,39.39,-30.45,-60.38,-0.52,-10.048,0.333,12
"[-149,-110]",HR≥-/EDG≥-/CV≤0.7/μ≥-/TP≥55,40.0,,0.7,,55.0,34,30,12,18,40.0,-29.58,-61.01,1.85,-8.875,0.364,11
"[-149,-110]",HR≥-/EDG≥-/CV≤0.7/μ≥0.0/TP≥-,39.39,,0.7,0.0,,37,33,13,20,39.39,-30.45,-60.38,-0.52,-10.048,0.333,12
"[-149,-110]",HR≥-/EDG≥-/CV≤0.7/μ≥0.0/TP≥50,39.39,,0.7,0.0,50.0,37,33,13,20,39.39,-30.45,-60.38,-0.52,-10.048,0.333,12
"[-149,-110]",HR≥-/EDG≥-/CV≤0.7/μ≥0.0/TP≥55,40.0,,0.7,0.0,55.0,34,30,12,18,40.0,-29.58,-61.01,1.85,-8.875,0.364,11
"[-149,-110]",HR≥-/EDG≥-5.0/CV≤-/μ≥-/TP≥-,50.81,-5.0,,,,361,309,157,152,50.81,-9.09,-19.09,0.92,-28.084,0.385,13
"[-149,-110]",HR≥-/EDG≥-5.0/CV≤-/μ≥-/TP≥50,50.82,-5.0,,,50.0,357,305,155,150,50.82,-9.11,-19.18,0.95,-27.787,0.385,13
"[-149,-110]",HR≥-/EDG≥-5.0/CV≤-/μ≥-/TP≥55,50.7,-5.0,,,55.0,335,286,145,141,50.7,-9.46,-19.84,0.92,-27.067,0.385,13
"[-149,-110]",HR≥-/EDG≥-5.0/CV≤-/μ≥-/TP≥60,50.62,-5.0,,,60.0,284,241,122,119,50.62,-9.73,-21.02,1.57,-23.44,0.385,13
"[-149,-110]",HR≥-/EDG≥-5.0/CV≤-/μ≥-/TP≥65,50.99,-5.0,,,65.0,233,202,103,99,50.99,-8.94,-21.3,3.42,-18.052,0.308,13
"[-149,-110]",HR≥-/EDG≥-5.0/CV≤-/μ≥0.0/TP≥-,50.82,-5.0,,0.0,,357,305,155,150,50.82,-9.11,-19.18,0.95,-27.787,0.385,13
"[-149,-110]",HR≥-/EDG≥-5.0/CV≤-/μ≥0.0/TP≥50,50.82,-5.0,,0.0,50.0,357,305,155,150,50.82,-9.11,-19.18,0.95,-27.787,0.385,13
"[-149,-110]",HR≥-/EDG≥-5.0/CV≤-/μ≥0.0/TP≥55,50.7,-5.0,,0.0,55.0,335,286,145,141,50.7,-9.46,-19.84,0.92,-27.067,0.385,13
"[-149,-110]",HR≥-/EDG≥-5.0/CV≤-/μ≥0.0/TP≥60,50.62,-5.0,,0.0,60.0,284,241,122,119,50.62,-9.73,-21.02,1.57,-23.44,0.385,13
"[-149,-110]",HR≥-/EDG≥-5.0/CV≤-/μ≥0.0/TP≥65,50.99,-5.0,,0.0,65.0,233,202,103,99,50.99,-8.94,-21.3,3.42,-18.052,0.308,13
"[-149,-110]",HR≥-/EDG≥-5.0/CV≤-/μ≥0.5/TP≥-,54.35,-5.0,,0.5,,161,138,75,63,54.35,-2.71,-17.67,12.24,-3.744,0.462,13
"[-149,-110]",HR≥-/EDG≥-5.0/CV≤-/μ≥0.5/TP≥50,54.35,-5.0,,0.5,50.0,161,138,75,63,54.35,-2.71,-17.67,12.24,-3.744,0.462,13
"[-149,-110]",HR≥-/EDG≥-5.0/CV≤-/μ≥0.5/TP≥55,54.35,-5.0,,0.5,55.0,161,138,75,63,54.35,-2.71,-17.67,12.24,-3.744,0.462,13
"[-149,-110]",HR≥-/EDG≥-5.0/CV≤-/μ≥0.5/TP≥60,54.35,-5.0,,0.5,60.0,161,138,75,63,54.35,-2.71,-17.67,12.24,-3.744,0.462,13
"[-149,-110]",HR≥-/EDG≥-5.0/CV≤-/μ≥0.5/TP≥65,54.35,-5.0,,0.5,65.0,161,138,75,63,54.35,-2.71,-17.67,12.24,-3.744,0.462,13
"[-149,-110]",HR≥-/EDG≥-5.0/CV≤-/μ≥1.0/TP≥-,45.65,-5.0,,1.0,,51,46,21,25,45.65,-17.98,-44.16,8.21,-8.27,0.364,11
"[-149,-110]",HR≥-/EDG≥-5.0/CV≤-/μ≥1.0/TP≥50,45.65,-5.0,,1.0,50.0,51,46,21,25,45.65,-17.98,-44.16,8.21,-8.27,0.364,11
"[-149,-110]",HR≥-/EDG≥-5.0/CV≤-/μ≥1.0/TP≥55,45.65,-5.0,,1.0,55.0,51,46,21,25,45.65,-17.98,-44.16,8.21,-8.27,0.364,11
"[-149,-110]",HR≥-/EDG≥-5.0/CV≤-/μ≥1.0/TP≥60,45.65,-5.0,,1.0,60.0,51,46,21,25,45.65,-17.98,-44.16,8.21,-8.27,0.364,11
"[-149,-110]",HR≥-/EDG≥-5.0/CV≤-/μ≥1.0/TP≥65,45.65,-5.0,,1.0,65.0,51,46,21,25,45.65,-17.98,-44.16,8.21,-8.27,0.364,11
"[-149,-110]",HR≥-/EDG≥-5.0/CV≤0.7/μ≥-/TP≥-,39.39,-5.0,0.7,,,37,33,13,20,39.39,-30.45,-60.38,-0.52,-10.048,0.333,12
"[-149,-110]",HR≥-/EDG≥-5.0/CV≤0.7/μ≥-/TP≥50,39.39,-5.0,0.7,,50.0,37,33,13,20,39.39,-30.45,-60.38,-0.52,-10.048,0.333,12
"[-149,-110]",HR≥-/EDG≥-5.0/CV≤0.7/μ≥-/TP≥55,40.0,-5.0,0.7,,55.0,34,30,12,18,40.0,-29.58,-61.01,1.85,-8.875,0.364,11
"[-149,-110]",HR≥-/EDG≥-5.0/CV≤0.7/μ≥0.0/TP≥-,39.39,-5.0,0.7,0.0,,37,33,13,20,39.39,-30.45,-60.38,-0.52,-10.048,0.333,12
"[-149,-110]",HR≥-/EDG≥-5.0/CV≤0.7/μ≥0.0/TP≥50,39.39,-5.0,0.7,0.0,50.0,37,33,13,20,39.39,-30.45,-60.38,-0.52,-10.048,0.333,12
"[-149,-110]",HR≥-/EDG≥-5.0/CV≤0.7/μ≥0.0/TP≥55,40.0,-5.0,0.7,0.0,55.0,34,30,12,18,40.0,-29.58,-61.01,1.85,-8.875,0.364,11
"[-149,-110]",HR≥-/EDG≥0.0/CV≤-/μ≥-/TP≥-,51.26,0.0,,,,326,277,142,135,51.26,-8.26,-18.83,2.31,-22.877,0.385,13
"[-149,-110]",HR≥-/EDG≥0.0/CV≤-/μ≥-/TP≥50,51.26,0.0,,,50.0,326,277,142,135,51.26,-8.26,-18.83,2.31,-22.877,0.385,13
"[-149,-110]",HR≥-/EDG≥0.0/CV≤-/μ≥-/TP≥55,51.09,0.0,,,55.0,323,274,140,134,51.09,-8.64,-19.25,1.98,-23.663,0.385,13
"[-149,-110]",HR≥-/EDG≥0.0/CV≤-/μ≥-/TP≥60,50.62,0.0,,,60.0,284,241,122,119,50.62,-9.73,-21.02,1.57,-23.44,0.385,13
"[-149,-110]",HR≥-/EDG≥0.0/CV≤-/μ≥-/TP≥65,50.99,0.0,,,65.0,233,202,103,99,50.99,-8.94,-21.3,3.42,-18.052,0.308,13
"[-149,-110]",HR≥-/EDG≥0.0/CV≤-/μ≥0.0/TP≥-,51.26,0.0,,0.0,,326,277,142,135,51.26,-8.26,-18.83,2.31,-22.877,0.385,13
"[-149,-110]",HR≥-/EDG≥0.0/CV≤-/μ≥0.0/TP≥50,51.26,0.0,,0.0,50.0,326,277,142,135,51.26,-8.26,-18.83,2.31,-22.877,0.385,13
"[-149,-110]",HR≥-/EDG≥0.0/CV≤-/μ≥0.0/TP≥55,51.09,0.0,,0.0,55.0,323,274,140,134,51.09,-8.64,-19.25,1.98,-23.663,0.385,13
"[-149,-110]",HR≥-/EDG≥0.0/CV≤-/μ≥0.0/TP≥60,50.62,0.0,,0.0,60.0,284,241,122,119,50.62,-9.73,-21.02,1.57,-23.44,0.385,13
"[-149,-110]",HR≥-/EDG≥0.0/CV≤-/μ≥0.0/TP≥65,50.99,0.0,,0.0,65.0,233,202,103,99,50.99,-8.94,-21.3,3.42,-18.052,0.308,13
"[-149,-110]",HR≥-/EDG≥0.0/CV≤-/μ≥0.5/TP≥-,54.35,0.0,,0.5,,161,138,75,63,54.35,-2.71,-17.67,12.24,-3.744,0.462,13
"[-149,-110]",HR≥-/EDG≥0.0/CV≤-/μ≥0.5/TP≥50,54.35,0.0,,0.5,50.0,161,138,75,63,54.35,-2.71,-17.67,12.24,-3.744,0.462,13
"[-149,-110]",HR≥-/EDG≥0.0/CV≤-/μ≥0.5/TP≥55,54.35,0.0,,0.5,55.0,161,138,75,63,54.35,-2.71,-17.67,12.24,-3.744,0.462,13
"[-149,-110]",HR≥-/EDG≥0.0/CV≤-/μ≥0.5/TP≥60,54.35,0.0,,0.5,60.0,161,138,75,63,54.35,-2.71,-17.67,12.24,-3.744,0.462,13
"[-149,-110]",HR≥-/EDG≥0.0/CV≤-/μ≥0.5/TP≥65,54.35,0.0,,0.5,65.0,161,138,75,63,54.35,-2.71,-17.67,12.24,-3.744,0.462,13
"[-149,-110]",HR≥-/EDG≥0.0/CV≤-/μ≥1.0/TP≥-,45.65,0.0,,1.0,,51,46,21,25,45.65,-17.98,-44.16,8.21,-8.27,0.364,11
"[-149,-110]",HR≥-/EDG≥0.0/CV≤-/μ≥1.0/TP≥50,45.65,0.0,,1.0,50.0,51,46,21,25,45.65,-17.98,-44.16,8.21,-8.27,0.364,11
"[-149,-110]",HR≥-/EDG≥0.0/CV≤-/μ≥1.0/TP≥55,45.65,0.0,,1.0,55.0,51,46,21,25,45.65,-17.98,-44.16,8.21,-8.27,0.364,11
"[-149,-110]",HR≥-/EDG≥0.0/CV≤-/μ≥1.0/TP≥60,45.65,0.0,,1.0,60.0,51,46,21,25,45.65,-17.98,-44.16,8.21,-8.27,0.364,11
"[-149,-110]",HR≥-/EDG≥0.0/CV≤-/μ≥1.0/TP≥65,45.65,0.0,,1.0,65.0,51,46,21,25,45.65,-17.98,-44.16,8.21,-8.27,0.364,11
"[-149,-110]",HR≥-/EDG≥5.0/CV≤-/μ≥-/TP≥-,49.15,5.0,,,,273,234,115,119,49.15,-12.06,-23.57,-0.56,-28.231,0.308,13
"[-149,-110]",HR≥-/EDG≥5.0/CV≤-/μ≥-/TP≥50,49.15,5.0,,,50.0,273,234,115,119,49.15,-12.06,-23.57,-0.56,-28.231,0.308,13
"[-149,-110]",HR≥-/EDG≥5.0/CV≤-/μ≥-/TP≥55,49.15,5.0,,,55.0,273,234,115,119,49.15,-12.06,-23.57,-0.56,-28.231,0.308,13
"[-149,-110]",HR≥-/EDG≥5.0/CV≤-/μ≥-/TP≥60,49.56,5.0,,,60.0,266,228,113,115,49.56,-11.39,-23.03,0.26,-25.965,0.308,13
"[-149,-110]",HR≥-/EDG≥5.0/CV≤-/μ≥-/TP≥65,50.99,5.0,,,65.0,233,202,103,99,50.99,-8.94,-21.3,3.42,-18.052,0.308,13
"[-149,-110]",HR≥-/EDG≥5.0/CV≤-/μ≥0.0/TP≥-,49.15,5.0,,0.0,,273,234,115,119,49.15,-12.06,-23.57,-0.56,-28.231,0.308,13
"[-149,-110]",HR≥-/EDG≥5.0/CV≤-/μ≥0.0/TP≥50,49.15,5.0,,0.0,50.0,273,234,115,119,49.15,-12.06,-23.57,-0.56,-28.231,0.308,13
"[-149,-110]",HR≥-/EDG≥5.0/CV≤-/μ≥0.0/TP≥55,49.15,5.0,,0.0,55.0,273,234,115,119,49.15,-12.06,-23.57,-0.56,-28.231,0.308,13
"[-149,-110]",HR≥-/EDG≥5.0/CV≤-/μ≥0.0/TP≥60,49.56,5.0,,0.0,60.0,266,228,113,115,49.56,-11.39,-23.03,0.26,-25.965,0.308,13
"[-149,-110]",HR≥-/EDG≥5.0/CV≤-/μ≥0.0/TP≥65,50.99,5.0,,0.0,65.0,233,202,103,99,50.99,-8.94,-21.3,3.42,-18.052,0.308,13
"[-149,-110]",HR≥-/EDG≥5.0/CV≤-/μ≥0.5/TP≥-,54.35,5.0,,0.5,,161,138,75,63,54.35,-2.71,-17.67,12.24,-3.744,0.462,13
"[-149,-110]",HR≥-/EDG≥5.0/CV≤-/μ≥0.5/TP≥50,54.35,5.0,,0.5,50.0,161,138,75,63,54.35,-2.71,-17.67,12.24,-3.744,0.462,13
"[-149,-110]",HR≥-/EDG≥5.0/CV≤-/μ≥0.5/TP≥55,54.35,5.0,,0.5,55.0,161,138,75,63,54.35,-2.71,-17.67,12.24,-3.744,0.462,13
"[-149,-110]",HR≥-/EDG≥5.0/CV≤-/μ≥0.5/TP≥60,54.35,5.0,,0.5,60.0,161,138,75,63,54.35,-2.71,-17.67,12.24,-3.744,0.462,13
"[-149,-110]",HR≥-/EDG≥5.0/CV≤-/μ≥0.5/TP≥65,54.35,5.0,,0.5,65.0,161,138,75,63,54.35,-2.71,-17.67,12.24,-3.744,0.462,13
"[-149,-110]",HR≥-/EDG≥5.0/CV≤-/μ≥1.0/TP≥-,45.65,5.0,,1.0,,51,46,21,25,45.65,-17.98,-44.16,8.21,-8.27,0.364,11
"[-149,-110]",HR≥-/EDG≥5.0/CV≤-/μ≥1.0/TP≥50,45.65,5.0,,1.0,50.0,51,46,21,25,45.65,-17.98,-44.16,8.21,-8.27,0.364,11
"[-149,-110]",HR≥-/EDG≥5.0/CV≤-/μ≥1.0/TP≥55,45.65,5.0,,1.0,55.0,51,46,21,25,45.65,-17.98,-44.16,8.21,-8.27,0.364,11
"[-149,-110]",HR≥-/EDG≥5.0/CV≤-/μ≥1.0/TP≥60,45.65,5.0,,1.0,60.0,51,46,21,25,45.65,-17.98,-44.16,8.21,-8.27,0.364,11
"[-149,-110]",HR≥-/EDG≥5.0/CV≤-/μ≥1.0/TP≥65,45.65,5.0,,1.0,65.0,51,46,21,25,45.65,-17.98,-44.16,8.21,-8.27,0.364,11
"[-149,-110]",HR≥-/EDG≥10.0/CV≤-/μ≥-/TP≥-,52.88,10.0,,,,224,191,101,90,52.88,-5.43,-18.14,7.28,-10.376,0.308,13
"[-149,-110]",HR≥-/EDG≥10.0/CV≤-/μ≥-/TP≥50,52.88,10.0,,,50.0,224,191,101,90,52.88,-5.43,-18.14,7.28,-10.376,0.308,13
"[-149,-110]",HR≥-/EDG≥10.0/CV≤-/μ≥-/TP≥55,52.88,10.0,,,55.0,224,191,101,90,52.88,-5.43,-18.14,7.28,-10.376,0.308,13
"[-149,-110]",HR≥-/EDG≥10.0/CV≤-/μ≥-/TP≥60,52.88,10.0,,,60.0,224,191,101,90,52.88,-5.43,-18.14,7.28,-10.376,0.308,13
"[-149,-110]",HR≥-/EDG≥10.0/CV≤-/μ≥-/TP≥65,52.91,10.0,,,65.0,220,189,100,89,52.91,-5.44,-18.21,7.33,-10.277,0.308,13
"[-149,-110]",HR≥-/EDG≥10.0/CV≤-/μ≥0.0/TP≥-,52.88,10.0,,0.0,,224,191,101,90,52.88,-5.43,-18.14,7.28,-10.376,0.308,13
"[-149,-110]",HR≥-/EDG≥10.0/CV≤-/μ≥0.0/TP≥50,52.88,10.0,,0.0,50.0,224,191,101,90,52.88,-5.43,-18.14,7.28,-10.376,0.308,13
"[-149,-110]",HR≥-/EDG≥10.0/CV≤-/μ≥0.0/TP≥55,52.88,10.0,,0.0,55.0,224,191,101,90,52.88,-5.43,-18.14,7.28,-10.376,0.308,13
"[-149,-110]",HR≥-/EDG≥10.0/CV≤-/μ≥0.0/TP≥60,52.88,10.0,,0.0,60.0,224,191,101,90,52.88,-5.43,-18.14,7.28,-10.376,0.308,13
"[-149,-110]",HR≥-/EDG≥10.0/CV≤-/μ≥0.0/TP≥65,52.91,10.0,,0.0,65.0,220,189,100,89,52.91,-5.44,-18.21,7.33,-10.277,0.308,13
"[-149,-110]",HR≥-/EDG≥10.0/CV≤-/μ≥0.5/TP≥-,55.15,10.0,,0.5,,159,136,75,61,55.15,-1.28,-16.32,13.76,-1.744,0.462,13
"[-149,-110]",HR≥-/EDG≥10.0/CV≤-/μ≥0.5/TP≥50,55.15,10.0,,0.5,50.0,159,136,75,61,55.15,-1.28,-16.32,13.76,-1.744,0.462,13
"[-149,-110]",HR≥-/EDG≥10.0/CV≤-/μ≥0.5/TP≥55,55.15,10.0,,0.5,55.0,159,136,75,61,55.15,-1.28,-16.32,13.76,-1.744,0.462,13
"[-149,-110]",HR≥-/EDG≥10.0/CV≤-/μ≥0.5/TP≥60,55.15,10.0,,0.5,60.0,159,136,75,61,55.15,-1.28,-16.32,13.76,-1.744,0.462,13
"[-149,-110]",HR≥-/EDG≥10.0/CV≤-/μ≥0.5/TP≥65,55.15,10.0,,0.5,65.0,159,136,75,61,55.15,-1.28,-16.32,13.76,-1.744,0.462,13
"[-149,-110]",HR≥-/EDG≥10.0/CV≤-/μ≥1.0/TP≥-,45.65,10.0,,1.0,,51,46,21,25,45.65,-17.98,-44.16,8.21,-8.27,0.364,11
"[-149,-110]",HR≥-/EDG≥10.0/CV≤-/μ≥1.0/TP≥50,45.65,10.0,,1.0,50.0,51,46,21,25,45.65,-17.98,-44.16,8.21,-8.27,0.364,11
"[-149,-110]",HR≥-/EDG≥10.0/CV≤-/μ≥1.0/TP≥55,45.65,10.0,,1.0,55.0,51,46,21,25,45.65,-17.98,-44.16,8.21,-8.27,0.364,11
"[-149,-110]",HR≥-/EDG≥10.0/CV≤-/μ≥1.0/TP≥60,45.65,10.0,,1.0,60.0,51,46,21,25,45.65,-17.98,-44.16,8.21,-8.27,0.364,11
"[-149,-110]",HR≥-/EDG≥10.0/CV≤-/μ≥1.0/TP≥65,45.65,10.0,,1.0,65.0,51,46,21,25,45.65,-17.98,-44.16,8.21,-8.27,0.364,11
"[-149,-110]",HR≥45/EDG≥-/CV≤-/μ≥-/TP≥-,52.33,,,,,325,279,146,133,52.33,-6.61,-17.11,3.88,-18.449,0.385,13
"[-149,-110]",HR≥45/EDG≥-/CV≤-/μ≥-/TP≥50,51.24,,,,50.0,282,242,124,118,51.24,-8.38,-19.68,2.93,-20.27,0.385,13
"[-149,-110]",HR≥45/EDG≥-/CV≤-/μ≥-/TP≥55,51.09,,,,55.0,267,229,117,112,51.09,-8.81,-20.4,2.79,-20.166,0.385,13
"[-149,-110]",HR≥45/EDG≥-/CV≤-/μ≥-/TP≥60,51.72,,,,60.0,236,203,105,98,51.72,-7.82,-20.12,4.48,-15.875,0.385,13
"[-149,-110]",HR≥45/EDG≥-/CV≤-/μ≥-/TP≥65,52.07,,,,65.0,195,169,88,81,52.07,-7.02,-20.53,6.49,-11.867,0.308,13
"[-149,-110]",HR≥45/EDG≥-/CV≤-/μ≥0.0/TP≥-,51.24,,,0.0,,282,242,124,118,51.24,-8.38,-19.68,2.93,-20.27,0.385,13
"[-149,-110]",HR≥45/EDG≥-/CV≤-/μ≥0.0/TP≥50,51.24,,,0.0,50.0,282,242,124,118,51.24,-8.38,-19.68,2.93,-20.27,0.385,13
"[-149,-110]",HR≥45/EDG≥-/CV≤-/μ≥0.0/TP≥55,51.09,,,0.0,55.0,267,229,117,112,51.09,-8.81,-20.4,2.79,-20.166,0.385,13
"[-149,-110]",HR≥45/EDG≥-/CV≤-/μ≥0.0/TP≥60,51.72,,,0.0,60.0,236,203,105,98,51.72,-7.82,-20.12,4.48,-15.875,0.385,13
"[-149,-110]",HR≥45/EDG≥-/CV≤-/μ≥0.0/TP≥65,52.07,,,0.0,65.0,195,169,88,81,52.07,-7.02,-20.53,6.49,-11.867,0.308,13
"[-149,-110]",HR≥45/EDG≥-/CV≤-/μ≥0.5/TP≥-,55.65,,,0.5,,134,115,64,51,55.65,-0.52,-16.85,15.8,-0.601,0.462,13
"[-149,-110]",HR≥45/EDG≥-/CV≤-/μ≥0.5/TP≥50,55.65,,,0.5,50.0,134,115,64,51,55.65,-0.52,-16.85,15.8,-0.601,0.462,13
"[-149,-110]",HR≥45/EDG≥-/CV≤-/μ≥0.5/TP≥55,55.65,,,0.5,55.0,134,115,64,51,55.65,-0.52,-16.85,15.8,-0.601,0.462,13
"[-149,-110]",HR≥45/EDG≥-/CV≤-/μ≥0.5/TP≥60,55.65,,,0.5,60.0,134,115,64,51,55.65,-0.52,-16.85,15.8,-0.601,0.462,13
"[-149,-110]",HR≥45/EDG≥-/CV≤-/μ≥0.5/TP≥65,55.65,,,0.5,65.0,134,115,64,51,55.65,-0.52,-16.85,15.8,-0.601,0.462,13
"[-149,-110]",HR≥45/EDG≥-/CV≤-/μ≥1.0/TP≥-,48.78,,,1.0,,46,41,20,21,48.78,-12.45,-40.29,15.4,-5.103,0.364,11
"[-149,-110]",HR≥45/EDG≥-/CV≤-/μ≥1.0/TP≥50,48.78,,,1.0,50.0,46,41,20,21,48.78,-12.45,-40.29,15.4,-5.103,0.364,11
"[-149,-110]",HR≥45/EDG≥-/CV≤-/μ≥1.0/TP≥55,48.78,,,1.0,55.0,46,41,20,21,48.78,-12.45,-40.29,15.4,-5.103,0.364,11
"[-149,-110]",HR≥45/EDG≥-/CV≤-/μ≥1.0/TP≥60,48.78,,,1.0,60.0,46,41,20,21,48.78,-12.45,-40.29,15.4,-5.103,0.364,11
"[-149,-110]",HR≥45/EDG≥-/CV≤-/μ≥1.0/TP≥65,48.78,,,1.0,65.0,46,41,20,21,48.78,-12.45,-40.29,15.4,-5.103,0.364,11
"[-149,-110]",HR≥45/EDG≥-/CV≤0.7/μ≥-/TP≥-,42.42,,0.7,,,37,33,14,19,42.42,-24.93,-55.27,5.4,-8.229,0.364,11
"[-149,-110]",HR≥45/EDG≥-/CV≤0.7/μ≥-/TP≥50,41.94,,0.7,,50.0,35,31,13,18,41.94,-25.96,-57.18,5.25,-8.048,0.364,11
"[-149,-110]",HR≥45/EDG≥-/CV≤0.7/μ≥0.0/TP≥-,41.94,,0.7,0.0,,35,31,13,18,41.94,-25.96,-57.18,5.25,-8.048,0.364,11
"[-149,-110]",HR≥45/EDG≥-/CV≤0.7/μ≥0.0/TP≥50,41.94,,0.7,0.0,50.0,35,31,13,18,41.94,-25.96,-57.18,5.25,-8.048,0.364,11
"[-149,-110]",HR≥45/EDG≥-5.0/CV≤-/μ≥-/TP≥-,50.83,-5.0,,,,281,242,123,119,50.83,-9.1,-20.4,2.21,-22.011,0.385,13
"[-149,-110]",HR≥45/EDG≥-5.0/CV≤-/μ≥-/TP≥50,51.25,-5.0,,,50.0,279,240,123,117,51.25,-8.34,-19.69,3.01,-20.011,0.385,13
"[-149,-110]",HR≥45/EDG≥-5.0/CV≤-/μ≥-/TP≥55,51.09,-5.0,,,55.0,267,229,117,112,51.09,-8.81,-20.4,2.79,-20.166,0.385,13
"[-149,-110]",HR≥45/EDG≥-5.0/CV≤-/μ≥-/TP≥60,51.72,-5.0,,,60.0,236,203,105,98,51.72,-7.82,-20.12,4.48,-15.875,0.385,13
"[-149,-110]",HR≥45/EDG≥-5.0/CV≤-/μ≥-/TP≥65,52.07,-5.0,,,65.0,195,169,88,81,52.07,-7.02,-20.53,6.49,-11.867,0.308,13
"[-149,-110]",HR≥45/EDG≥-5.0/CV≤-/μ≥0.0/TP≥-,51.25,-5.0,,0.0,,279,240,123,117,51.25,-8.34,-19.69,3.01,-20.011,0.385,13
"[-149,-110]",HR≥45/EDG≥-5.0/CV≤-/μ≥0.0/TP≥50,51.25,-5.0,,0.0,50.0,279,240,123,117,51.25,-8.34,-19.69,3.01,-20.011,0.385,13
"[-149,-110]",HR≥45/EDG≥-5.0/CV≤-/μ≥0.0/TP≥55,51.09,-5.0,,0.0,55.0,267,229,117,112,51.09,-8.81,-20.4,2.79,-20.166,0.385,13
"[-149,-110]",HR≥45/EDG≥-5.0/CV≤-/μ≥0.0/TP≥60,51.72,-5.0,,0.0,60.0,236,203,105,98,51.72,-7.82,-20.12,4.48,-15.875,0.385,13
"[-149,-110]",HR≥45/EDG≥-5.0/CV≤-/μ≥0.0/TP≥65,52.07,-5.0,,0.0,65.0,195,169,88,81,52.07,-7.02,-20.53,6.49,-11.867,0.308,13
"[-149,-110]",HR≥45/EDG≥-5.0/CV≤-/μ≥0.5/TP≥-,55.65,-5.0,,0.5,,134,115,64,51,55.65,-0.52,-16.85,15.8,-0.601,0.462,13
"[-149,-110]",HR≥45/EDG≥-5.0/CV≤-/μ≥0.5/TP≥50,55.65,-5.0,,0.5,50.0,134,115,64,51,55.65,-0.52,-16.85,15.8,-0.601,0.462,13
"[-149,-110]",HR≥45/EDG≥-5.0/CV≤-/μ≥0.5/TP≥55,55.65,-5.0,,0.5,55.0,134,115,64,51,55.65,-0.52,-16.85,15.8,-0.601,0.462,13
"[-149,-110]",HR≥45/EDG≥-5.0/CV≤-/μ≥0.5/TP≥60,55.65,-5.0,,0.5,60.0,134,115,64,51,55.65,-0.52,-16.85,15.8,-0.601,0.462,13
"[-149,-110]",HR≥45/EDG≥-5.0/CV≤-/μ≥0.5/TP≥65,55.65,-5.0,,0.5,65.0,134,115,64,51,55.65,-0.52,-16.85,15.8,-0.601,0.462,13
"[-149,-110]",HR≥45/EDG≥-5.0/CV≤-/μ≥1.0/TP≥-,48.78,-5.0,,1.0,,46,41,20,21,48.78,-12.45,-40.29,15.4,-5.103,0.364,11
"[-149,-110]",HR≥45/EDG≥-5.0/CV≤-/μ≥1.0/TP≥50,48.78,-5.0,,1.0,50.0,46,41,20,21,48.78,-12.45,-40.29,15.4,-5.103,0.364,11
"[-149,-110]",HR≥45/EDG≥-5.0/CV≤-/μ≥1.0/TP≥55,48.78,-5.0,,1.0,55.0,46,41,20,21,48.78,-12.45,-40.29,15.4,-5.103,0.364,11
"[-149,-110]",HR≥45/EDG≥-5.0/CV≤-/μ≥1.0/TP≥60,48.78,-5.0,,1.0,60.0,46,41,20,21,48.78,-12.45,-40.29,15.4,-5.103,0.364,11
"[-149,-110]",HR≥45/EDG≥-5.0/CV≤-/μ≥1.0/TP≥65,48.78,-5.0,,1.0,65.0,46,41,20,21,48.78,-12.45,-40.29,15.4,-5.103,0.364,11
"[-149,-110]",HR≥45/EDG≥-5.0/CV≤0.7/μ≥-/TP≥-,41.94,-5.0,0.7,,,35,31,13,18,41.94,-25.96,-57.18,5.25,-8.048,0.364,11
"[-149,-110]",HR≥45/EDG≥-5.0/CV≤0.7/μ≥-/TP≥50,41.94,-5.0,0.7,,50.0,35,31,13,18,41.94,-25.96,-57.18,5.25,-8.048,0.364,11
"[-149,-110]",HR≥45/EDG≥-5.0/CV≤0.7/μ≥0.0/TP≥-,41.94,-5.0,0.7,0.0,,35,31,13,18,41.94,-25.96,-57.18,5.25,-8.048,0.364,11
"[-149,-110]",HR≥45/EDG≥-5.0/CV≤0.7/μ≥0.0/TP≥50,41.94,-5.0,0.7,0.0,50.0,35,31,13,18,41.94,-25.96,-57.18,5.25,-8.048,0.364,11
"[-149,-110]",HR≥45/EDG≥0.0/CV≤-/μ≥-/TP≥-,52.02,0.0,,,,261,223,116,107,52.02,-6.98,-18.75,4.79,-15.563,0.385,13
"[-149,-110]",HR≥45/EDG≥0.0/CV≤-/μ≥-/TP≥50,52.02,0.0,,,50.0,261,223,116,107,52.02,-6.98,-18.75,4.79,-15.563,0.385,13
"[-149,-110]",HR≥45/EDG≥0.0/CV≤-/μ≥-/TP≥55,51.82,0.0,,,55.0,258,220,114,106,51.82,-7.43,-19.27,4.41,-16.349,0.385,13
"[-149,-110]",HR≥45/EDG≥0.0/CV≤-/μ≥-/TP≥60,51.72,0.0,,,60.0,236,203,105,98,51.72,-7.82,-20.12,4.48,-15.875,0.385,13
"[-149,-110]",HR≥45/EDG≥0.0/CV≤-/μ≥-/TP≥65,52.07,0.0,,,65.0,195,169,88,81,52.07,-7.02,-20.53,6.49,-11.867,0.308,13
"[-149,-110]",HR≥45/EDG≥0.0/CV≤-/μ≥0.0/TP≥-,52.02,0.0,,0.0,,261,223,116,107,52.02,-6.98,-18.75,4.79,-15.563,0.385,13
"[-149,-110]",HR≥45/EDG≥0.0/CV≤-/μ≥0.0/TP≥50,52.02,0.0,,0.0,50.0,261,223,116,107,52.02,-6.98,-18.75,4.79,-15.563,0.385,13
"[-149,-110]",HR≥45/EDG≥0.0/CV≤-/μ≥0.0/TP≥55,51.82,0.0,,0.0,55.0,258,220,114,106,51.82,-7.43,-19.27,4.41,-16.349,0.385,13
"[-149,-110]",HR≥45/EDG≥0.0/CV≤-/μ≥0.0/TP≥60,51.72,0.0,,0.0,60.0,236,203,105,98,51.72,-7.82,-20.12,4.48,-15.875,0.385,13
"[-149,-110]",HR≥45/EDG≥0.0/CV≤-/μ≥0.0/TP≥65,52.07,0.0,,0.0,65.0,195,169,88,81,52.07,-7.02,-20.53,6.49,-11.867,0.308,13
"[-149,-110]",HR≥45/EDG≥0.0/CV≤-/μ≥0.5/TP≥-,55.65,0.0,,0.5,,134,115,64,51,55.65,-0.52,-16.85,15.8,-0.601,0.462,13
"[-149,-110]",HR≥45/EDG≥0.0/CV≤-/μ≥0.5/TP≥50,55.65,0.0,,0.5,50.0,134,115,64,51,55.65,-0.52,-16.85,15.8,-0.601,0.462,13
"[-149,-110]",HR≥45/EDG≥0.0/CV≤-/μ≥0.5/TP≥55,55.65,0.0,,0.5,55.0,134,115,64,51,55.65,-0.52,-16.85,15.8,-0.601,0.462,13
"[-149,-110]",HR≥45/EDG≥0.0/CV≤-/μ≥0.5/TP≥60,55.65,0.0,,0.5,60.0,134,115,64,51,55.65,-0.52,-16.85,15.8,-0.601,0.462,13
"[-149,-110]",HR≥45/EDG≥0.0/CV≤-/μ≥0.5/TP≥65,55.65,0.0,,0.5,65.0,134,115,64,51,55.65,-0.52,-16.85,15.8,-0.601,0.462,13
"[-149,-110]",HR≥45/EDG≥0.0/CV≤-/μ≥1.0/TP≥-,48.78,0.0,,1.0,,46,41,20,21,48.78,-12.45,-40.29,15.4,-5.103,0.364,11
"[-149,-110]",HR≥45/EDG≥0.0/CV≤-/μ≥1.0/TP≥50,48.78,0.0,,1.0,50.0,46,41,20,21,48.78,-12.45,-40.29,15.4,-5.103,0.364,11
"[-149,-110]",HR≥45/EDG≥0.0/CV≤-/μ≥1.0/TP≥55,48.78,0.0,,1.0,55.0,46,41,20,21,48.78,-12.45,-40.29,15.4,-5.103,0.364,11
"[-149,-110]",HR≥45/EDG≥0.0/CV≤-/μ≥1.0/TP≥60,48.78,0.0,,1.0,60.0,46,41,20,21,48.78,-12.45,-40.29,15.4,-5.103,0.364,11
"[-149,-110]",HR≥45/EDG≥0.0/CV≤-/μ≥1.0/TP≥65,48.78,0.0,,1.0,65.0,46,41,20,21,48.78,-12.45,-40.29,15.4,-5.103,0.364,11
"[-149,-110]",HR≥45/EDG≥5.0/CV≤-/μ≥-/TP≥-,50.0,5.0,,,,225,194,97,97,50.0,-10.57,-23.2,2.07,-20.5,0.308,13
"[-149,-110]",HR≥45/EDG≥5.0/CV≤-/μ≥-/TP≥50,50.0,5.0,,,50.0,225,194,97,97,50.0,-10.57,-23.2,2.07,-20.5,0.308,13
"[-149,-110]",HR≥45/EDG≥5.0/CV≤-/μ≥-/TP≥55,50.0,5.0,,,55.0,225,194,97,97,50.0,-10.57,-23.2,2.07,-20.5,0.308,13
"[-149,-110]",HR≥45/EDG≥5.0/CV≤-/μ≥-/TP≥60,50.0,5.0,,,60.0,222,192,96,96,50.0,-10.63,-23.32,2.07,-20.401,0.308,13
"[-149,-110]",HR≥45/EDG≥5.0/CV≤-/μ≥-/TP≥65,52.07,5.0,,,65.0,195,169,88,81,52.07,-7.02,-20.53,6.49,-11.867,0.308,13
"[-149,-110]",HR≥45/EDG≥5.0/CV≤-/μ≥0.0/TP≥-,50.0,5.0,,0.0,,225,194,97,97,50.0,-10.57,-23.2,2.07,-20.5,0.308,13
"[-149,-110]",HR≥45/EDG≥5.0/CV≤-/μ≥0.0/TP≥50,50.0,5.0,,0.0,50.0,225,194,97,97,50.0,-10.57,-23.2,2.07,-20.5,0.308,13
"[-149,-110]",HR≥45/EDG≥5.0/CV≤-/μ≥0.0/TP≥55,50.0,5.0,,0.0,55.0,225,194,97,97,50.0,-10.57,-23.2,2.07,-20.5,0.308,13
"[-149,-110]",HR≥45/EDG≥5.0/CV≤-/μ≥0.0/TP≥60,50.0,5.0,,0.0,60.0,222,192,96,96,50.0,-10.63,-23.32,2.07,-20.401,0.308,13
"[-149,-110]",HR≥45/EDG≥5.0/CV≤-/μ≥0.0/TP≥65,52.07,5.0,,0.0,65.0,195,169,88,81,52.07,-7.02,-20.53,6.49,-11.867,0.308,13
"[-149,-110]",HR≥45/EDG≥5.0/CV≤-/μ≥0.5/TP≥-,55.65,5.0,,0.5,,134,115,64,51,55.65,-0.52,-16.85,15.8,-0.601,0.462,13
"[-149,-110]",HR≥45/EDG≥5.0/CV≤-/μ≥0.5/TP≥50,55.65,5.0,,0.5,50.0,134,115,64,51,55.65,-0.52,-16.85,15.8,-0.601,0.462,13
"[-149,-110]",HR≥45/EDG≥5.0/CV≤-/μ≥0.5/TP≥55,55.65,5.0,,0.5,55.0,134,115,64,51,55.65,-0.52,-16.85,15.8,-0.601,0.462,13
"[-149,-110]",HR≥45/EDG≥5.0/CV≤-/μ≥0.5/TP≥60,55.65,5.0,,0.5,60.0,134,115,64,51,55.65,-0.52,-16.85,15.8,-0.601,0.462,13
"[-149,-110]",HR≥45/EDG≥5.0/CV≤-/μ≥0.5/TP≥65,55.65,5.0,,0.5,65.0,134,115,64,51,55.65,-0.52,-16.85,15.8,-0.601,0.462,13
"[-149,-110]",HR≥45/EDG≥5.0/CV≤-/μ≥1.0/TP≥-,48.78,5.0,,1.0,,46,41,20,21,48.78,-12.45,-40.29,15.4,-5.103,0.364,11
"[-149,-110]",HR≥45/EDG≥5.0/CV≤-/μ≥1.0/TP≥50,48.78,5.0,,1.0,50.0,46,41,20,21,48.78,-12.45,-40.29,15.4,-5.103,0.364,11
"[-149,-110]",HR≥45/EDG≥5.0/CV≤-/μ≥1.0/TP≥55,48.78,5.0,,1.0,55.0,46,41,20,21,48.78,-12.45,-40.29,15.4,-5.103,0.364,11
"[-149,-110]",HR≥45/EDG≥5.0/CV≤-/μ≥1.0/TP≥60,48.78,5.0,,1.0,60.0,46,41,20,21,48.78,-12.45,-40.29,15.4,-5.103,0.364,11
"[-149,-110]",HR≥45/EDG≥5.0/CV≤-/μ≥1.0/TP≥65,48.78,5.0,,1.0,65.0,46,41,20,21,48.78,-12.45,-40.29,15.4,-5.103,0.364,11
"[-149,-110]",HR≥45/EDG≥10.0/CV≤-/μ≥-/TP≥-,53.46,10.0,,,,186,159,85,74,53.46,-4.46,-18.38,9.46,-7.092,0.308,13
"[-149,-110]",HR≥45/EDG≥10.0/CV≤-/μ≥-/TP≥50,53.46,10.0,,,50.0,186,159,85,74,53.46,-4.46,-18.38,9.46,-7.092,0.308,13
"[-149,-110]",HR≥45/EDG≥10.0/CV≤-/μ≥-/TP≥55,53.46,10.0,,,55.0,186,159,85,74,53.46,-4.46,-18.38,9.46,-7.092,0.308,13
"[-149,-110]",HR≥45/EDG≥10.0/CV≤-/μ≥-/TP≥60,53.46,10.0,,,60.0,186,159,85,74,53.46,-4.46,-18.38,9.46,-7.092,0.308,13
"[-149,-110]",HR≥45/EDG≥10.0/CV≤-/μ≥-/TP≥65,53.8,10.0,,,65.0,184,158,85,73,53.8,-3.86,-17.81,10.1,-6.092,0.308,13
"[-149,-110]",HR≥45/EDG≥10.0/CV≤-/μ≥0.0/TP≥-,53.46,10.0,,0.0,,186,159,85,74,53.46,-4.46,-18.38,9.46,-7.092,0.308,13
"[-149,-110]",HR≥45/EDG≥10.0/CV≤-/μ≥0.0/TP≥50,53.46,10.0,,0.0,50.0,186,159,85,74,53.46,-4.46,-18.38,9.46,-7.092,0.308,13
"[-149,-110]",HR≥45/EDG≥10.0/CV≤-/μ≥0.0/TP≥55,53.46,10.0,,0.0,55.0,186,159,85,74,53.46,-4.46,-18.38,9.46,-7.092,0.308,13
"[-149,-110]",HR≥45/EDG≥10.0/CV≤-/μ≥0.0/TP≥60,53.46,10.0,,0.0,60.0,186,159,85,74,53.46,-4.46,-18.38,9.46,-7.092,0.308,13
"[-149,-110]",HR≥45/EDG≥10.0/CV≤-/μ≥0.0/TP≥65,53.8,10.0,,0.0,65.0,184,158,85,73,53.8,-3.86,-17.81,10.1,-6.092,0.308,13
"[-149,-110]",HR≥45/EDG≥10.0/CV≤-/μ≥0.5/TP≥-,56.64,10.0,,0.5,,132,113,64,49,56.64,1.24,-15.19,17.67,1.399,0.462,13
"[-149,-110]",HR≥45/EDG≥10.0/CV≤-/μ≥0.5/TP≥50,56.64,10.0,,0.5,50.0,132,113,64,49,56.64,1.24,-15.19,17.67,1.399,0.462,13
"[-149,-110]",HR≥45/EDG≥10.0/CV≤-/μ≥0.5/TP≥55,56.64,10.0,,0.5,55.0,132,113,64,49,56.64,1.24,-15.19,17.67,1.399,0.462,13
"[-149,-110]",HR≥45/EDG≥10.0/CV≤-/μ≥0.5/TP≥60,56.64,10.0,,0.5,60.0,132,113,64,49,56.64,1.24,-15.19,17.67,1.399,0.462,13
"[-149,-110]",HR≥45/EDG≥10.0/CV≤-/μ≥0.5/TP≥65,56.64,10.0,,0.5,65.0,132,113,64,49,56.64,1.24,-15.19,17.67,1.399,0.462,13
"[-149,-110]",HR≥45/EDG≥10.0/CV≤-/μ≥1.0/TP≥-,48.78,10.0,,1.0,,46,41,20,21,48.78,-12.45,-40.29,15.4,-5.103,0.364,11
"[-149,-110]",HR≥45/EDG≥10.0/CV≤-/μ≥1.0/TP≥50,48.78,10.0,,1.0,50.0,46,41,20,21,48.78,-12.45,-40.29,15.4,-5.103,0.364,11
"[-149,-110]",HR≥45/EDG≥10.0/CV≤-/μ≥1.0/TP≥55,48.78,10.0,,1.0,55.0,46,41,20,21,48.78,-12.45,-40.29,15.4,-5.103,0.364,11
"[-149,-110]",HR≥45/EDG≥10.0/CV≤-/μ≥1.0/TP≥60,48.78,10.0,,1.0,60.0,46,41,20,21,48.78,-12.45,-40.29,15.4,-5.103,0.364,11
"[-149,-110]",HR≥45/EDG≥10.0/CV≤-/μ≥1.0/TP≥65,48.78,10.0,,1.0,65.0,46,41,20,21,48.78,-12.45,-40.29,15.4,-5.103,0.364,11
"[-149,-110]",HR≥50/EDG≥-/CV≤-/μ≥-/TP≥-,53.85,,,,,273,234,126,108,53.85,-4.01,-15.44,7.42,-9.376,0.308,13
"[-149,-110]",HR≥50/EDG≥-/CV≤-/μ≥-/TP≥50,52.68,,,,50.0,239,205,108,97,52.68,-5.84,-18.11,6.42,-11.977,0.385,13
"[-149,-110]",HR≥50/EDG≥-/CV≤-/μ≥-/TP≥55,52.58,,,,55.0,226,194,102,92,52.58,-6.22,-18.81,6.36,-12.073,0.385,13
"[-149,-110]",HR≥50/EDG≥-/CV≤-/μ≥-/TP≥60,53.8,,,,60.0,198,171,92,79,53.8,-4.18,-17.55,9.18,-7.156,0.385,13
"[-149,-110]",HR≥50/EDG≥-/CV≤-/μ≥-/TP≥65,54.86,,,,65.0,165,144,79,65,54.86,-2.2,-16.76,12.36,-3.168,0.385,13
"[-149,-110]",HR≥50/EDG≥-/CV≤-/μ≥0.0/TP≥-,52.68,,,0.0,,239,205,108,97,52.68,-5.84,-18.11,6.42,-11.977,0.385,13
"[-149,-110]",HR≥50/EDG≥-/CV≤-/μ≥0.0/TP≥50,52.68,,,0.0,50.0,239,205,108,97,52.68,-5.84,-18.11,6.42,-11.977,0.385,13
"[-149,-110]",HR≥50/EDG≥-/CV≤-/μ≥0.0/TP≥55,52.58,,,0.0,55.0,226,194,102,92,52.58,-6.22,-18.81,6.36,-12.073,0.385,13
"[-149,-110]",HR≥50/EDG≥-/CV≤-/μ≥0.0/TP≥60,53.8,,,0.0,60.0,198,171,92,79,53.8,-4.18,-17.55,9.18,-7.156,0.385,13
"[-149,-110]",HR≥50/EDG≥-/CV≤-/μ≥0.0/TP≥65,54.86,,,0.0,65.0,165,144,79,65,54.86,-2.2,-16.76,12.36,-3.168,0.385,13
"[-149,-110]",HR≥50/EDG≥-/CV≤-/μ≥0.5/TP≥-,59.41,,,0.5,,118,101,60,41,59.41,6.05,-11.16,23.26,6.108,0.462,13
"[-149,-110]",HR≥50/EDG≥-/CV≤-/μ≥0.5/TP≥50,59.41,,,0.5,50.0,118,101,60,41,59.41,6.05,-11.16,23.26,6.108,0.462,13
"[-149,-110]",HR≥50/EDG≥-/CV≤-/μ≥0.5/TP≥55,59.41,,,0.5,55.0,118,101,60,41,59.41,6.05,-11.16,23.26,6.108,0.462,13
"[-149,-110]",HR≥50/EDG≥-/CV≤-/μ≥0.5/TP≥60,59.41,,,0.5,60.0,118,101,60,41,59.41,6.05,-11.16,23.26,6.108,0.462,13
"[-149,-110]",HR≥50/EDG≥-/CV≤-/μ≥0.5/TP≥65,59.41,,,0.5,65.0,118,101,60,41,59.41,6.05,-11.16,23.26,6.108,0.462,13
"[-149,-110]",HR≥50/EDG≥-/CV≤-/μ≥1.0/TP≥-,52.78,,,1.0,,41,36,19,17,52.78,-5.38,-35.08,24.32,-1.936,0.364,11
"[-149,-110]",HR≥50/EDG≥-/CV≤-/μ≥1.0/TP≥50,52.78,,,1.0,50.0,41,36,19,17,52.78,-5.38,-35.08,24.32,-1.936,0.364,11
"[-149,-110]",HR≥50/EDG≥-/CV≤-/μ≥1.0/TP≥55,52.78,,,1.0,55.0,41,36,19,17,52.78,-5.38,-35.08,24.32,-1.936,0.364,11
"[-149,-110]",HR≥50/EDG≥-/CV≤-/μ≥1.0/TP≥60,52.78,,,1.0,60.0,41,36,19,17,52.78,-5.38,-35.08,24.32,-1.936,0.364,11
"[-149,-110]",HR≥50/EDG≥-/CV≤-/μ≥1.0/TP≥65,52.78,,,1.0,65.0,41,36,19,17,52.78,-5.38,-35.08,24.32,-1.936,0.364,11
"[-149,-110]",HR≥50/EDG≥-/CV≤0.7/μ≥-/TP≥-,43.75,,0.7,,,36,32,14,18,43.75,-22.59,-53.53,8.35,-7.229,0.364,11
"[-149,-110]",HR≥50/EDG≥-/CV≤0.7/μ≥-/TP≥50,41.94,,0.7,,50.0,35,31,13,18,41.94,-25.96,-57.18,5.25,-8.048,0.364,11
"[-149,-110]",HR≥50/EDG≥-/CV≤0.7/μ≥0.0/TP≥-,41.94,,0.7,0.0,,35,31,13,18,41.94,-25.96,-57.18,5.25,-8.048,0.364,11
"[-149,-110]",HR≥50/EDG≥-/CV≤0.7/μ≥0.0/TP≥50,41.94,,0.7,0.0,50.0,35,31,13,18,41.94,-25.96,-57.18,5.25,-8.048,0.364,11
"[-149,-110]",HR≥50/EDG≥-5.0/CV≤-/μ≥-/TP≥-,52.71,-5.0,,,,236,203,107,96,52.71,-5.77,-18.1,6.55,-11.718,0.385,13
"[-149,-110]",HR≥50/EDG≥-5.0/CV≤-/μ≥-/TP≥50,52.71,-5.0,,,50.0,236,203,107,96,52.71,-5.77,-18.1,6.55,-11.718,0.385,13
"[-149,-110]",HR≥50/EDG≥-5.0/CV≤-/μ≥-/TP≥55,52.58,-5.0,,,55.0,226,194,102,92,52.58,-6.22,-18.81,6.36,-12.073,0.385,13
"[-149,-110]",HR≥50/EDG≥-5.0/CV≤-/μ≥-/TP≥60,53.8,-5.0,,,60.0,198,171,92,79,53.8,-4.18,-17.55,9.18,-7.156,0.385,13
"[-149,-110]",HR≥50/EDG≥-5.0/CV≤-/μ≥-/TP≥65,54.86,-5.0,,,65.0,165,144,79,65,54.86,-2.2,-16.76,12.36,-3.168,0.385,13
"[-149,-110]",HR≥50/EDG≥-5.0/CV≤-/μ≥0.0/TP≥-,52.71,-5.0,,0.0,,236,203,107,96,52.71,-5.77,-18.1,6.55,-11.718,0.385,13
"[-149,-110]",HR≥50/EDG≥-5.0/CV≤-/μ≥0.0/TP≥50,52.71,-5.0,,0.0,50.0,236,203,107,96,52.71,-5.77,-18.1,6.55,-11.718,0.385,13
"[-149,-110]",HR≥50/EDG≥-5.0/CV≤-/μ≥0.0/TP≥55,52.58,-5.0,,0.0,55.0,226,194,102,92,52.58,-6.22,-18.81,6.36,-12.073,0.385,13
"[-149,-110]",HR≥50/EDG≥-5.0/CV≤-/μ≥0.0/TP≥60,53.8,-5.0,,0.0,60.0,198,171,92,79,53.8,-4.18,-17.55,9.18,-7.156,0.385,13
"[-149,-110]",HR≥50/EDG≥-5.0/CV≤-/μ≥0.0/TP≥65,54.86,-5.0,,0.0,65.0,165,144,79,65,54.86,-2.2,-16.76,12.36,-3.168,0.385,13
"[-149,-110]",HR≥50/EDG≥-5.0/CV≤-/μ≥0.5/TP≥-,59.41,-5.0,,0.5,,118,101,60,41,59.41,6.05,-11.16,23.26,6.108,0.462,13
"[-149,-110]",HR≥50/EDG≥-5.0/CV≤-/μ≥0.5/TP≥50,59.41,-5.0,,0.5,50.0,118,101,60,41,59.41,6.05,-11.16,23.26,6.108,0.462,13
"[-149,-110]",HR≥50/EDG≥-5.0/CV≤-/μ≥0.5/TP≥55,59.41,-5.0,,0.5,55.0,118,101,60,41,59.41,6.05,-11.16,23.26,6.108,0.462,13
"[-149,-110]",HR≥50/EDG≥-5.0/CV≤-/μ≥0.5/TP≥60,59.41,-5.0,,0.5,60.0,118,101,60,41,59.41,6.05,-11.16,23.26,6.108,0.462,13
"[-149,-110]",HR≥50/EDG≥-5.0/CV≤-/μ≥0.5/TP≥65,59.41,-5.0,,0.5,65.0,118,101,60,41,59.41,6.05,-11.16,23.26,6.108,0.462,13
"[-149,-110]",HR≥50/EDG≥-5.0/CV≤-/μ≥1.0/TP≥-,52.78,-5.0,,1.0,,41,36,19,17,52.78,-5.38,-35.08,24.32,-1.936,0.364,11
"[-149,-110]",HR≥50/EDG≥-5.0/CV≤-/μ≥1.0/TP≥50,52.78,-5.0,,1.0,50.0,41,36,19,17,52.78,-5.38,-35.08,24.32,-1.936,0.364,11
"[-149,-110]",HR≥50/EDG≥-5.0/CV≤-/μ≥1.0/TP≥55,52.78,-5.0,,1.0,55.0,41,36,19,17,52.78,-5.38,-35.08,24.32,-1.936,0.364,11
"[-149,-110]",HR≥50/EDG≥-5.0/CV≤-/μ≥1.0/TP≥60,52.78,-5.0,,1.0,60.0,41,36,19,17,52.78,-5.38,-35.08,24.32,-1.936,0.364,11
"[-149,-110]",HR≥50/EDG≥-5.0/CV≤-/μ≥1.0/TP≥65,52.78,-5.0,,1.0,65.0,41,36,19,17,52.78,-5.38,-35.08,24.32,-1.936,0.364,11
"[-149,-110]",HR≥50/EDG≥-5.0/CV≤0.7/μ≥-/TP≥-,41.94,-5.0,0.7,,,35,31,13,18,41.94,-25.96,-57.18,5.25,-8.048,0.364,11
"[-149,-110]",HR≥50/EDG≥-5.0/CV≤0.7/μ≥-/TP≥50,41.94,-5.0,0.7,,50.0,35,31,13,18,41.94,-25.96,-57.18,5.25,-8.048,0.364,11
"[-149,-110]",HR≥50/EDG≥-5.0/CV≤0.7/μ≥0.0/TP≥-,41.94,-5.0,0.7,0.0,,35,31,13,18,41.94,-25.96,-57.18,5.25,-8.048,0.364,11
"[-149,-110]",HR≥50/EDG≥-5.0/CV≤0.7/μ≥0.0/TP≥50,41.94,-5.0,0.7,0.0,50.0,35,31,13,18,41.94,-25.96,-57.18,5.25,-8.048,0.364,11
"[-149,-110]",HR≥50/EDG≥0.0/CV≤-/μ≥-/TP≥-,53.72,0.0,,,,220,188,101,87,53.72,-3.97,-16.77,8.82,-7.469,0.385,13
"[-149,-110]",HR≥50/EDG≥0.0/CV≤-/μ≥-/TP≥50,53.72,0.0,,,50.0,220,188,101,87,53.72,-3.97,-16.77,8.82,-7.469,0.385,13
"[-149,-110]",HR≥50/EDG≥0.0/CV≤-/μ≥-/TP≥55,53.51,0.0,,,55.0,217,185,99,86,53.51,-4.46,-17.35,8.42,-8.256,0.385,13
"[-149,-110]",HR≥50/EDG≥0.0/CV≤-/μ≥-/TP≥60,53.8,0.0,,,60.0,198,171,92,79,53.8,-4.18,-17.55,9.18,-7.156,0.385,13
"[-149,-110]",HR≥50/EDG≥0.0/CV≤-/μ≥-/TP≥65,54.86,0.0,,,65.0,165,144,79,65,54.86,-2.2,-16.76,12.36,-3.168,0.385,13
"[-149,-110]",HR≥50/EDG≥0.0/CV≤-/μ≥0.0/TP≥-,53.72,0.0,,0.0,,220,188,101,87,53.72,-3.97,-16.77,8.82,-7.469,0.385,13
"[-149,-110]",HR≥50/EDG≥0.0/CV≤-/μ≥0.0/TP≥50,53.72,0.0,,0.0,50.0,220,188,101,87,53.72,-3.97,-16.77,8.82,-7.469,0.385,13
"[-149,-110]",HR≥50/EDG≥0.0/CV≤-/μ≥0.0/TP≥55,53.51,0.0,,0.0,55.0,217,185,99,86,53.51,-4.46,-17.35,8.42,-8.256,0.385,13
"[-149,-110]",HR≥50/EDG≥0.0/CV≤-/μ≥0.0/TP≥60,53.8,0.0,,0.0,60.0,198,171,92,79,53.8,-4.18,-17.55,9.18,-7.156,0.385,13
"[-149,-110]",HR≥50/EDG≥0.0/CV≤-/μ≥0.0/TP≥65,54.86,0.0,,0.0,65.0,165,144,79,65,54.86,-2.2,-16.76,12.36,-3.168,0.385,13
"[-149,-110]",HR≥50/EDG≥0.0/CV≤-/μ≥0.5/TP≥-,59.41,0.0,,0.5,,118,101,60,41,59.41,6.05,-11.16,23.26,6.108,0.462,13
"[-149,-110]",HR≥50/EDG≥0.0/CV≤-/μ≥0.5/TP≥50,59.41,0.0,,0.5,50.0,118,101,60,41,59.41,6.05,-11.16,23.26,6.108,0.462,13
"[-149,-110]",HR≥50/EDG≥0.0/CV≤-/μ≥0.5/TP≥55,59.41,0.0,,0.5,55.0,118,101,60,41,59.41,6.05,-11.16,23.26,6.108,0.462,13
"[-149,-110]",HR≥50/EDG≥0.0/CV≤-/μ≥0.5/TP≥60,59.41,0.0,,0.5,60.0,118,101,60,41,59.41,6.05,-11.16,23.26,6.108,0.462,13
"[-149,-110]",HR≥50/EDG≥0.0/CV≤-/μ≥0.5/TP≥65,59.41,0.0,,0.5,65.0,118,101,60,41,59.41,6.05,-11.16,23.26,6.108,0.462,13
"[-149,-110]",HR≥50/EDG≥0.0/CV≤-/μ≥1.0/TP≥-,52.78,0.0,,1.0,,41,36,19,17,52.78,-5.38,-35.08,24.32,-1.936,0.364,11
"[-149,-110]",HR≥50/EDG≥0.0/CV≤-/μ≥1.0/TP≥50,52.78,0.0,,1.0,50.0,41,36,19,17,52.78,-5.38,-35.08,24.32,-1.936,0.364,11
"[-149,-110]",HR≥50/EDG≥0.0/CV≤-/μ≥1.0/TP≥55,52.78,0.0,,1.0,55.0,41,36,19,17,52.78,-5.38,-35.08,24.32,-1.936,0.364,11
"[-149,-110]",HR≥50/EDG≥0.0/CV≤-/μ≥1.0/TP≥60,52.78,0.0,,1.0,60.0,41,36,19,17,52.78,-5.38,-35.08,24.32,-1.936,0.364,11
"[-149,-110]",HR≥50/EDG≥0.0/CV≤-/μ≥1.0/TP≥65,52.78,0.0,,1.0,65.0,41,36,19,17,52.78,-5.38,-35.08,24.32,-1.936,0.364,11
"[-149,-110]",HR≥50/EDG≥5.0/CV≤-/μ≥-/TP≥-,52.44,5.0,,,,189,164,86,78,52.44,-6.31,-20.02,7.41,-10.341,0.385,13
"[-149,-110]",HR≥50/EDG≥5.0/CV≤-/μ≥-/TP≥50,52.44,5.0,,,50.0,189,164,86,78,52.44,-6.31,-20.02,7.41,-10.341,0.385,13
"[-149,-110]",HR≥50/EDG≥5.0/CV≤-/μ≥-/TP≥55,52.44,5.0,,,55.0,189,164,86,78,52.44,-6.31,-20.02,7.41,-10.341,0.385,13
"[-149,-110]",HR≥50/EDG≥5.0/CV≤-/μ≥-/TP≥60,52.15,5.0,,,60.0,187,163,85,78,52.15,-6.9,-20.65,6.86,-11.242,0.385,13
"[-149,-110]",HR≥50/EDG≥5.0/CV≤-/μ≥-/TP≥65,54.86,5.0,,,65.0,165,144,79,65,54.86,-2.2,-16.76,12.36,-3.168,0.385,13
"[-149,-110]",HR≥50/EDG≥5.0/CV≤-/μ≥0.0/TP≥-,52.44,5.0,,0.0,,189,164,86,78,52.44,-6.31,-20.02,7.41,-10.341,0.385,13
"[-149,-110]",HR≥50/EDG≥5.0/CV≤-/μ≥0.0/TP≥50,52.44,5.0,,0.0,50.0,189,164,86,78,52.44,-6.31,-20.02,7.41,-10.341,0.385,13
"[-149,-110]",HR≥50/EDG≥5.0/CV≤-/μ≥0.0/TP≥55,52.44,5.0,,0.0,55.0,189,164,86,78,52.44,-6.31,-20.02,7.41,-10.341,0.385,13
"[-149,-110]",HR≥50/EDG≥5.0/CV≤-/μ≥0.0/TP≥60,52.15,5.0,,0.0,60.0,187,163,85,78,52.15,-6.9,-20.65,6.86,-11.242,0.385,13
"[-149,-110]",HR≥50/EDG≥5.0/CV≤-/μ≥0.0/TP≥65,54.86,5.0,,0.0,65.0,165,144,79,65,54.86,-2.2,-16.76,12.36,-3.168,0.385,13
"[-149,-110]",HR≥50/EDG≥5.0/CV≤-/μ≥0.5/TP≥-,59.41,5.0,,0.5,,118,101,60,41,59.41,6.05,-11.16,23.26,6.108,0.462,13
"[-149,-110]",HR≥50/EDG≥5.0/CV≤-/μ≥0.5/TP≥50,59.41,5.0,,0.5,50.0,118,101,60,41,59.41,6.05,-11.16,23.26,6.108,0.462,13
"[-149,-110]",HR≥50/EDG≥5.0/CV≤-/μ≥0.5/TP≥55,59.41,5.0,,0.5,55.0,118,101,60,41,59.41,6.05,-11.16,23.26,6.108,0.462,13
"[-149,-110]",HR≥50/EDG≥5.0/CV≤-/μ≥0.5/TP≥60,59.41,5.0,,0.5,60.0,118,101,60,41,59.41,6.05,-11.16,23.26,6.108,0.462,13
"[-149,-110]",HR≥50/EDG≥5.0/CV≤-/μ≥0.5/TP≥65,59.41,5.0,,0.5,65.0,118,101,60,41,59.41,6.05,-11.16,23.26,6.108,0.462,13
"[-149,-110]",HR≥50/EDG≥5.0/CV≤-/μ≥1.0/TP≥-,52.78,5.0,,1.0,,41,36,19,17,52.78,-5.38,-35.08,24.32,-1.936,0.364,11
"[-149,-110]",HR≥50/EDG≥5.0/CV≤-/μ≥1.0/TP≥50,52.78,5.0,,1.0,50.0,41,36,19,17,52.78,-5.38,-35.08,24.32,-1.936,0.364,11
"[-149,-110]",HR≥50/EDG≥5.0/CV≤-/μ≥1.0/TP≥55,52.78,5.0,,1.0,55.0,41,36,19,17,52.78,-5.38,-35.08,24.32,-1.936,0.364,11
"[-149,-110]",HR≥50/EDG≥5.0/CV≤-/μ≥1.0/TP≥60,52.78,5.0,,1.0,60.0,41,36,19,17,52.78,-5.38,-35.08,24.32,-1.936,0.364,11
"[-149,-110]",HR≥50/EDG≥5.0/CV≤-/μ≥1.0/TP≥65,52.78,5.0,,1.0,65.0,41,36,19,17,52.78,-5.38,-35.08,24.32,-1.936,0.364,11
"[-149,-110]",HR≥50/EDG≥10.0/CV≤-/μ≥-/TP≥-,55.8,10.0,,,,160,138,77,61,55.8,-0.45,-15.31,14.41,-0.623,0.385,13
"[-149,-110]",HR≥50/EDG≥10.0/CV≤-/μ≥-/TP≥50,55.8,10.0,,,50.0,160,138,77,61,55.8,-0.45,-15.31,14.41,-0.623,0.385,13
"[-149,-110]",HR≥50/EDG≥10.0/CV≤-/μ≥-/TP≥55,55.8,10.0,,,55.0,160,138,77,61,55.8,-0.45,-15.31,14.41,-0.623,0.385,13
"[-149,-110]",HR≥50/EDG≥10.0/CV≤-/μ≥-/TP≥60,55.8,10.0,,,60.0,160,138,77,61,55.8,-0.45,-15.31,14.41,-0.623,0.385,13
"[-149,-110]",HR≥50/EDG≥10.0/CV≤-/μ≥-/TP≥65,56.2,10.0,,,65.0,158,137,77,60,56.2,0.28,-14.62,15.18,0.377,0.385,13
"[-149,-110]",HR≥50/EDG≥10.0/CV≤-/μ≥0.0/TP≥-,55.8,10.0,,0.0,,160,138,77,61,55.8,-0.45,-15.31,14.41,-0.623,0.385,13
"[-149,-110]",HR≥50/EDG≥10.0/CV≤-/μ≥0.0/TP≥50,55.8,10.0,,0.0,50.0,160,138,77,61,55.8,-0.45,-15.31,14.41,-0.623,0.385,13
"[-149,-110]",HR≥50/EDG≥10.0/CV≤-/μ≥0.0/TP≥55,55.8,10.0,,0.0,55.0,160,138,77,61,55.8,-0.45,-15.31,14.41,-0.623,0.385,13
"[-149,-110]",HR≥50/EDG≥10.0/CV≤-/μ≥0.0/TP≥60,55.8,10.0,,0.0,60.0,160,138,77,61,55.8,-0.45,-15.31,14.41,-0.623,0.385,13
"[-149,-110]",HR≥50/EDG≥10.0/CV≤-/μ≥0.0/TP≥65,56.2,10.0,,0.0,65.0,158,137,77,60,56.2,0.28,-14.62,15.18,0.377,0.385,13
"[-149,-110]",HR≥50/EDG≥10.0/CV≤-/μ≥0.5/TP≥-,60.0,10.0,,0.5,,117,100,60,40,60.0,7.11,-10.15,24.36,7.108,0.462,13
"[-149,-110]",HR≥50/EDG≥10.0/CV≤-/μ≥0.5/TP≥50,60.0,10.0,,0.5,50.0,117,100,60,40,60.0,7.11,-10.15,24.36,7.108,0.462,13
"[-149,-110]",HR≥50/EDG≥10.0/CV≤-/μ≥0.5/TP≥55,60.0,10.0,,0.5,55.0,117,100,60,40,60.0,7.11,-10.15,24.36,7.108,0.462,13
"[-149,-110]",HR≥50/EDG≥10.0/CV≤-/μ≥0.5/TP≥60,60.0,10.0,,0.5,60.0,117,100,60,40,60.0,7.11,-10.15,24.36,7.108,0.462,13
"[-149,-110]",HR≥50/EDG≥10.0/CV≤-/μ≥0.5/TP≥65,60.0,10.0,,0.5,65.0,117,100,60,40,60.0,7.11,-10.15,24.36,7.108,0.462,13
"[-149,-110]",HR≥50/EDG≥10.0/CV≤-/μ≥1.0/TP≥-,52.78,10.0,,1.0,,41,36,19,17,52.78,-5.38,-35.08,24.32,-1.936,0.364,11
"[-149,-110]",HR≥50/EDG≥10.0/CV≤-/μ≥1.0/TP≥50,52.78,10.0,,1.0,50.0,41,36,19,17,52.78,-5.38,-35.08,24.32,-1.936,0.364,11
"[-149,-110]",HR≥50/EDG≥10.0/CV≤-/μ≥1.0/TP≥55,52.78,10.0,,1.0,55.0,41,36,19,17,52.78,-5.38,-35.08,24.32,-1.936,0.364,11
"[-149,-110]",HR≥50/EDG≥10.0/CV≤-/μ≥1.0/TP≥60,52.78,10.0,,1.0,60.0,41,36,19,17,52.78,-5.38,-35.08,24.32,-1.936,0.364,11
"[-149,-110]",HR≥50/EDG≥10.0/CV≤-/μ≥1.0/TP≥65,52.78,10.0,,1.0,65.0,41,36,19,17,52.78,-5.38,-35.08,24.32,-1.936,0.364,11
"[-149,-110]",HR≥55/EDG≥-/CV≤-/μ≥-/TP≥-,50.0,,,,,177,156,78,78,50.0,-11.18,-25.18,2.82,-17.441,0.308,13
"[-149,-110]",HR≥55/EDG≥-/CV≤-/μ≥-/TP≥50,48.92,,,,50.0,157,139,68,71,48.92,-13.01,-27.86,1.84,-18.087,0.385,13
"[-149,-110]",HR≥55/EDG≥-/CV≤-/μ≥-/TP≥55,48.12,,,,55.0,150,133,64,69,48.12,-14.69,-29.82,0.45,-19.533,0.385,13
"[-149,-110]",HR≥55/EDG≥-/CV≤-/μ≥-/TP≥60,50.0,,,,60.0,134,120,60,60,50.0,-11.43,-27.37,4.5,-13.719,0.308,13
"[-149,-110]",HR≥55/EDG≥-/CV≤-/μ≥-/TP≥65,50.0,,,,65.0,117,104,52,52,50.0,-11.21,-28.38,5.96,-11.662,0.385,13
"[-149,-110]",HR≥55/EDG≥-/CV≤-/μ≥0.0/TP≥-,48.92,,,0.0,,157,139,68,71,48.92,-13.01,-27.86,1.84,-18.087,0.385,13
"[-149,-110]",HR≥55/EDG≥-/CV≤-/μ≥0.0/TP≥50,48.92,,,0.0,50.0,157,139,68,71,48.92,-13.01,-27.86,1.84,-18.087,0.385,13
"[-149,-110]",HR≥55/EDG≥-/CV≤-/μ≥0.0/TP≥55,48.12,,,0.0,55.0,150,133,64,69,48.12,-14.69,-29.82,0.45,-19.533,0.385,13
"[-149,-110]",HR≥55/EDG≥-/CV≤-/μ≥0.0/TP≥60,50.0,,,0.0,60.0,134,120,60,60,50.0,-11.43,-27.37,4.5,-13.719,0.308,13
"[-149,-110]",HR≥55/EDG≥-/CV≤-/μ≥0.0/TP≥65,50.0,,,0.0,65.0,117,104,52,52,50.0,-11.21,-28.38,5.96,-11.662,0.385,13
"[-149,-110]",HR≥55/EDG≥-/CV≤-/μ≥0.5/TP≥-,54.17,,,0.5,,85,72,39,33,54.17,-3.56,-24.23,17.11,-2.563,0.273,11
"[-149,-110]",HR≥55/EDG≥-/CV≤-/μ≥0.5/TP≥50,54.17,,,0.5,50.0,85,72,39,33,54.17,-3.56,-24.23,17.11,-2.563,0.273,11
"[-149,-110]",HR≥55/EDG≥-/CV≤-/μ≥0.5/TP≥55,54.17,,,0.5,55.0,85,72,39,33,54.17,-3.56,-24.23,17.11,-2.563,0.273,11
"[-149,-110]",HR≥55/EDG≥-/CV≤-/μ≥0.5/TP≥60,54.17,,,0.5,60.0,85,72,39,33,54.17,-3.56,-24.23,17.11,-2.563,0.273,11
"[-149,-110]",HR≥55/EDG≥-/CV≤-/μ≥0.5/TP≥65,54.17,,,0.5,65.0,85,72,39,33,54.17,-3.56,-24.23,17.11,-2.563,0.273,11
"[-149,-110]",HR≥55/EDG≥-5.0/CV≤-/μ≥-/TP≥-,49.28,-5.0,,,,156,138,68,70,49.28,-12.38,-27.29,2.53,-17.087,0.385,13
"[-149,-110]",HR≥55/EDG≥-5.0/CV≤-/μ≥-/TP≥50,49.28,-5.0,,,50.0,156,138,68,70,49.28,-12.38,-27.29,2.53,-17.087,0.385,13
"[-149,-110]",HR≥55/EDG≥-5.0/CV≤-/μ≥-/TP≥55,48.12,-5.0,,,55.0,150,133,64,69,48.12,-14.69,-29.82,0.45,-19.533,0.385,13
"[-149,-110]",HR≥55/EDG≥-5.0/CV≤-/μ≥-/TP≥60,50.0,-5.0,,,60.0,134,120,60,60,50.0,-11.43,-27.37,4.5,-13.719,0.308,13
"[-149,-110]",HR≥55/EDG≥-5.0/CV≤-/μ≥-/TP≥65,50.0,-5.0,,,65.0,117,104,52,52,50.0,-11.21,-28.38,5.96,-11.662,0.385,13
"[-149,-110]",HR≥55/EDG≥-5.0/CV≤-/μ≥0.0/TP≥-,49.28,-5.0,,0.0,,156,138,68,70,49.28,-12.38,-27.29,2.53,-17.087,0.385,13
"[-149,-110]",HR≥55/EDG≥-5.0/CV≤-/μ≥0.0/TP≥50,49.28,-5.0,,0.0,50.0,156,138,68,70,49.28,-12.38,-27.29,2.53,-17.087,0.385,13
"[-149,-110]",HR≥55/EDG≥-5.0/CV≤-/μ≥0.0/TP≥55,48.12,-5.0,,0.0,55.0,150,133,64,69,48.12,-14.69,-29.82,0.45,-19.533,0.385,13
"[-149,-110]",HR≥55/EDG≥-5.0/CV≤-/μ≥0.0/TP≥60,50.0,-5.0,,0.0,60.0,134,120,60,60,50.0,-11.43,-27.37,4.5,-13.719,0.308,13
"[-149,-110]",HR≥55/EDG≥-5.0/CV≤-/μ≥0.0/TP≥65,50.0,-5.0,,0.0,65.0,117,104,52,52,50.0,-11.21,-28.38,5.96,-11.662,0.385,13
"[-149,-110]",HR≥55/EDG≥-5.0/CV≤-/μ≥0.5/TP≥-,54.17,-5.0,,0.5,,85,72,39,33,54.17,-3.56,-24.23,17.11,-2.563,0.273,11
"[-149,-110]",HR≥55/EDG≥-5.0/CV≤-/μ≥0.5/TP≥50,54.17,-5.0,,0.5,50.0,85,72,39,33,54.17,-3.56,-24.23,17.11,-2.563,0.273,11
"[-149,-110]",HR≥55/EDG≥-5.0/CV≤-/μ≥0.5/TP≥55,54.17,-5.0,,0.5,55.0,85,72,39,33,54.17,-3.56,-24.23,17.11,-2.563,0.273,11
"[-149,-110]",HR≥55/EDG≥-5.0/CV≤-/μ≥0.5/TP≥60,54.17,-5.0,,0.5,60.0,85,72,39,33,54.17,-3.56,-24.23,17.11,-2.563,0.273,11
"[-149,-110]",HR≥55/EDG≥-5.0/CV≤-/μ≥0.5/TP≥65,54.17,-5.0,,0.5,65.0,85,72,39,33,54.17,-3.56,-24.23,17.11,-2.563,0.273,11
"[-149,-110]",HR≥55/EDG≥0.0/CV≤-/μ≥-/TP≥-,49.22,0.0,,,,145,128,63,65,49.22,-12.61,-28.07,2.85,-16.139,0.385,13
"[-149,-110]",HR≥55/EDG≥0.0/CV≤-/μ≥-/TP≥50,49.22,0.0,,,50.0,145,128,63,65,49.22,-12.61,-28.07,2.85,-16.139,0.385,13
"[-149,-110]",HR≥55/EDG≥0.0/CV≤-/μ≥-/TP≥55,48.82,0.0,,,55.0,144,127,62,65,48.82,-13.4,-28.9,2.11,-17.016,0.385,13
"[-149,-110]",HR≥55/EDG≥0.0/CV≤-/μ≥-/TP≥60,50.0,0.0,,,60.0,134,120,60,60,50.0,-11.43,-27.37,4.5,-13.719,0.308,13
"[-149,-110]",HR≥55/EDG≥0.0/CV≤-/μ≥-/TP≥65,50.0,0.0,,,65.0,117,104,52,52,50.0,-11.21,-28.38,5.96,-11.662,0.385,13
"[-149,-110]",HR≥55/EDG≥0.0/CV≤-/μ≥0.0/TP≥-,49.22,0.0,,0.0,,145,128,63,65,49.22,-12.61,-28.07,2.85,-16.139,0.385,13
"[-149,-110]",HR≥55/EDG≥0.0/CV≤-/μ≥0.0/TP≥50,49.22,0.0,,0.0,50.0,145,128,63,65,49.22,-12.61,-28.07,2.85,-16.139,0.385,13
"[-149,-110]",HR≥55/EDG≥0.0/CV≤-/μ≥0.0/TP≥55,48.82,0.0,,0.0,55.0,144,127,62,65,48.82,-13.4,-28.9,2.11,-17.016,0.385,13
"[-149,-110]",HR≥55/EDG≥0.0/CV≤-/μ≥0.0/TP≥60,50.0,0.0,,0.0,60.0,134,120,60,60,50.0,-11.43,-27.37,4.5,-13.719,0.308,13
"[-149,-110]",HR≥55/EDG≥0.0/CV≤-/μ≥0.0/TP≥65,50.0,0.0,,0.0,65.0,117,104,52,52,50.0,-11.21,-28.38,5.96,-11.662,0.385,13
"[-149,-110]",HR≥55/EDG≥0.0/CV≤-/μ≥0.5/TP≥-,54.17,0.0,,0.5,,85,72,39,33,54.17,-3.56,-24.23,17.11,-2.563,0.273,11
"[-149,-110]",HR≥55/EDG≥0.0/CV≤-/μ≥0.5/TP≥50,54.17,0.0,,0.5,50.0,85,72,39,33,54.17,-3.56,-24.23,17.11,-2.563,0.273,11
"[-149,-110]",HR≥55/EDG≥0.0/CV≤-/μ≥0.5/TP≥55,54.17,0.0,,0.5,55.0,85,72,39,33,54.17,-3.56,-24.23,17.11,-2.563,0.273,11
"[-149,-110]",HR≥55/EDG≥0.0/CV≤-/μ≥0.5/TP≥60,54.17,0.0,,0.5,60.0,85,72,39,33,54.17,-3.56,-24.23,17.11,-2.563,0.273,11
"[-149,-110]",HR≥55/EDG≥0.0/CV≤-/μ≥0.5/TP≥65,54.17,0.0,,0.5,65.0,85,72,39,33,54.17,-3.56,-24.23,17.11,-2.563,0.273,11
"[-149,-110]",HR≥55/EDG≥5.0/CV≤-/μ≥-/TP≥-,47.83,5.0,,,,129,115,55,60,47.83,-15.0,-31.32,1.31,-17.254,0.308,13
"[-149,-110]",HR≥55/EDG≥5.0/CV≤-/μ≥-/TP≥50,47.83,5.0,,,50.0,129,115,55,60,47.83,-15.0,-31.32,1.31,-17.254,0.308,13
"[-149,-110]",HR≥55/EDG≥5.0/CV≤-/μ≥-/TP≥55,47.83,5.0,,,55.0,129,115,55,60,47.83,-15.0,-31.32,1.31,-17.254,0.308,13
"[-149,-110]",HR≥55/EDG≥5.0/CV≤-/μ≥-/TP≥60,47.83,5.0,,,60.0,129,115,55,60,47.83,-15.0,-31.32,1.31,-17.254,0.308,13
"[-149,-110]",HR≥55/EDG≥5.0/CV≤-/μ≥-/TP≥65,50.0,5.0,,,65.0,117,104,52,52,50.0,-11.21,-28.38,5.96,-11.662,0.385,13
"[-149,-110]",HR≥55/EDG≥5.0/CV≤-/μ≥0.0/TP≥-,47.83,5.0,,0.0,,129,115,55,60,47.83,-15.0,-31.32,1.31,-17.254,0.308,13
"[-149,-110]",HR≥55/EDG≥5.0/CV≤-/μ≥0.0/TP≥50,47.83,5.0,,0.0,50.0,129,115,55,60,47.83,-15.0,-31.32,1.31,-17.254,0.308,13
"[-149,-110]",HR≥55/EDG≥5.0/CV≤-/μ≥0.0/TP≥55,47.83,5.0,,0.0,55.0,129,115,55,60,47.83,-15.0,-31.32,1.31,-17.254,0.308,13
"[-149,-110]",HR≥55/EDG≥5.0/CV≤-/μ≥0.0/TP≥60,47.83,5.0,,0.0,60.0,129,115,55,60,47.83,-15.0,-31.32,1.31,-17.254,0.308,13
"[-149,-110]",HR≥55/EDG≥5.0/CV≤-/μ≥0.0/TP≥65,50.0,5.0,,0.0,65.0,117,104,52,52,50.0,-11.21,-28.38,5.96,-11.662,0.385,13
"[-149,-110]",HR≥55/EDG≥5.0/CV≤-/μ≥0.5/TP≥-,54.17,5.0,,0.5,,85,72,39,33,54.17,-3.56,-24.23,17.11,-2.563,0.273,11
"[-149,-110]",HR≥55/EDG≥5.0/CV≤-/μ≥0.5/TP≥50,54.17,5.0,,0.5,50.0,85,72,39,33,54.17,-3.56,-24.23,17.11,-2.563,0.273,11
"[-149,-110]",HR≥55/EDG≥5.0/CV≤-/μ≥0.5/TP≥55,54.17,5.0,,0.5,55.0,85,72,39,33,54.17,-3.56,-24.23,17.11,-2.563,0.273,11
"[-149,-110]",HR≥55/EDG≥5.0/CV≤-/μ≥0.5/TP≥60,54.17,5.0,,0.5,60.0,85,72,39,33,54.17,-3.56,-24.23,17.11,-2.563,0.273,11
"[-149,-110]",HR≥55/EDG≥5.0/CV≤-/μ≥0.5/TP≥65,54.17,5.0,,0.5,65.0,85,72,39,33,54.17,-3.56,-24.23,17.11,-2.563,0.273,11
"[-149,-110]",HR≥55/EDG≥10.0/CV≤-/μ≥-/TP≥-,50.0,10.0,,,,114,100,50,50,50.0,-11.12,-28.65,6.42,-11.117,0.385,13
"[-149,-110]",HR≥55/EDG≥10.0/CV≤-/μ≥-/TP≥50,50.0,10.0,,,50.0,114,100,50,50,50.0,-11.12,-28.65,6.42,-11.117,0.385,13
"[-149,-110]",HR≥55/EDG≥10.0/CV≤-/μ≥-/TP≥55,50.0,10.0,,,55.0,114,100,50,50,50.0,-11.12,-28.65,6.42,-11.117,0.385,13
"[-149,-110]",HR≥55/EDG≥10.0/CV≤-/μ≥-/TP≥60,50.0,10.0,,,60.0,114,100,50,50,50.0,-11.12,-28.65,6.42,-11.117,0.385,13
"[-149,-110]",HR≥55/EDG≥10.0/CV≤-/μ≥-/TP≥65,50.51,10.0,,,65.0,112,99,50,49,50.51,-10.22,-27.84,7.4,-10.117,0.385,13
"[-149,-110]",HR≥55/EDG≥10.0/CV≤-/μ≥0.0/TP≥-,50.0,10.0,,0.0,,114,100,50,50,50.0,-11.12,-28.65,6.42,-11.117,0.385,13
"[-149,-110]",HR≥55/EDG≥10.0/CV≤-/μ≥0.0/TP≥50,50.0,10.0,,0.0,50.0,114,100,50,50,50.0,-11.12,-28.65,6.42,-11.117,0.385,13
"[-149,-110]",HR≥55/EDG≥10.0/CV≤-/μ≥0.0/TP≥55,50.0,10.0,,0.0,55.0,114,100,50,50,50.0,-11.12,-28.65,6.42,-11.117,0.385,13
"[-149,-110]",HR≥55/EDG≥10.0/CV≤-/μ≥0.0/TP≥60,50.0,10.0,,0.0,60.0,114,100,50,50,50.0,-11.12,-28.65,6.42,-11.117,0.385,13
"[-149,-110]",HR≥55/EDG≥10.0/CV≤-/μ≥0.0/TP≥65,50.51,10.0,,0.0,65.0,112,99,50,49,50.51,-10.22,-27.84,7.4,-10.117,0.385,13
"[-149,-110]",HR≥55/EDG≥10.0/CV≤-/μ≥0.5/TP≥-,54.17,10.0,,0.5,,85,72,39,33,54.17,-3.56,-24.23,17.11,-2.563,0.273,11
"[-149,-110]",HR≥55/EDG≥10.0/CV≤-/μ≥0.5/TP≥50,54.17,10.0,,0.5,50.0,85,72,39,33,54.17,-3.56,-24.23,17.11,-2.563,0.273,11
"[-149,-110]",HR≥55/EDG≥10.0/CV≤-/μ≥0.5/TP≥55,54.17,10.0,,0.5,55.0,85,72,39,33,54.17,-3.56,-24.23,17.11,-2.563,0.273,11
"[-149,-110]",HR≥55/EDG≥10.0/CV≤-/μ≥0.5/TP≥60,54.17,10.0,,0.5,60.0,85,72,39,33,54.17,-3.56,-24.23,17.11,-2.563,0.273,11
"[-149,-110]",HR≥55/EDG≥10.0/CV≤-/μ≥0.5/TP≥65,54.17,10.0,,0.5,65.0,85,72,39,33,54.17,-3.56,-24.23,17.11,-2.563,0.273,11
"[-149,-110]",HR≥60/EDG≥-/CV≤-/μ≥-/TP≥-,50.96,,,,,119,104,53,51,50.96,-9.57,-26.73,7.58,-9.957,0.25,12
"[-149,-110]",HR≥60/EDG≥-/CV≤-/μ≥-/TP≥50,51.02,,,,50.0,112,98,50,48,51.02,-9.48,-27.16,8.2,-9.287,0.333,12
"[-149,-110]",HR≥60/EDG≥-/CV≤-/μ≥-/TP≥55,51.06,,,,55.0,108,94,48,46,51.06,-9.6,-27.61,8.42,-9.022,0.333,12
"[-149,-110]",HR≥60/EDG≥-/CV≤-/μ≥-/TP≥60,53.49,,,,60.0,98,86,46,40,53.49,-5.38,-24.17,13.41,-4.625,0.333,12
"[-149,-110]",HR≥60/EDG≥-/CV≤-/μ≥-/TP≥65,53.25,,,,65.0,88,77,41,36,53.25,-5.62,-25.53,14.3,-4.325,0.333,12
"[-149,-110]",HR≥60/EDG≥-/CV≤-/μ≥0.0/TP≥-,51.02,,,0.0,,112,98,50,48,51.02,-9.48,-27.16,8.2,-9.287,0.333,12
"[-149,-110]",HR≥60/EDG≥-/CV≤-/μ≥0.0/TP≥50,51.02,,,0.0,50.0,112,98,50,48,51.02,-9.48,-27.16,8.2,-9.287,0.333,12
"[-149,-110]",HR≥60/EDG≥-/CV≤-/μ≥0.0/TP≥55,51.06,,,0.0,55.0,108,94,48,46,51.06,-9.6,-27.61,8.42,-9.022,0.333,12
"[-149,-110]",HR≥60/EDG≥-/CV≤-/μ≥0.0/TP≥60,53.49,,,0.0,60.0,98,86,46,40,53.49,-5.38,-24.17,13.41,-4.625,0.333,12
"[-149,-110]",HR≥60/EDG≥-/CV≤-/μ≥0.0/TP≥65,53.25,,,0.0,65.0,88,77,41,36,53.25,-5.62,-25.53,14.3,-4.325,0.333,12
"[-149,-110]",HR≥60/EDG≥-/CV≤-/μ≥0.5/TP≥-,58.18,,,0.5,,66,55,32,23,58.18,3.47,-19.97,26.91,1.907,0.273,11
"[-149,-110]",HR≥60/EDG≥-/CV≤-/μ≥0.5/TP≥50,58.18,,,0.5,50.0,66,55,32,23,58.18,3.47,-19.97,26.91,1.907,0.273,11
"[-149,-110]",HR≥60/EDG≥-/CV≤-/μ≥0.5/TP≥55,58.18,,,0.5,55.0,66,55,32,23,58.18,3.47,-19.97,26.91,1.907,0.273,11
"[-149,-110]",HR≥60/EDG≥-/CV≤-/μ≥0.5/TP≥60,58.18,,,0.5,60.0,66,55,32,23,58.18,3.47,-19.97,26.91,1.907,0.273,11
"[-149,-110]",HR≥60/EDG≥-/CV≤-/μ≥0.5/TP≥65,58.18,,,0.5,65.0,66,55,32,23,58.18,3.47,-19.97,26.91,1.907,0.273,11
"[-149,-110]",HR≥60/EDG≥-5.0/CV≤-/μ≥-/TP≥-,51.55,-5.0,,,,111,97,50,47,51.55,-8.54,-26.31,9.22,-8.287,0.333,12
"[-149,-110]",HR≥60/EDG≥-5.0/CV≤-/μ≥-/TP≥50,51.55,-5.0,,,50.0,111,97,50,47,51.55,-8.54,-26.31,9.22,-8.287,0.333,12
"[-149,-110]",HR≥60/EDG≥-5.0/CV≤-/μ≥-/TP≥55,51.06,-5.0,,,55.0,108,94,48,46,51.06,-9.6,-27.61,8.42,-9.022,0.333,12
"[-149,-110]",HR≥60/EDG≥-5.0/CV≤-/μ≥-/TP≥60,53.49,-5.0,,,60.0,98,86,46,40,53.49,-5.38,-24.17,13.41,-4.625,0.333,12
"[-149,-110]",HR≥60/EDG≥-5.0/CV≤-/μ≥-/TP≥65,53.25,-5.0,,,65.0,88,77,41,36,53.25,-5.62,-25.53,14.3,-4.325,0.333,12
"[-149,-110]",HR≥60/EDG≥-5.0/CV≤-/μ≥0.0/TP≥-,51.55,-5.0,,0.0,,111,97,50,47,51.55,-8.54,-26.31,9.22,-8.287,0.333,12
"[-149,-110]",HR≥60/EDG≥-5.0/CV≤-/μ≥0.0/TP≥50,51.55,-5.0,,0.0,50.0,111,97,50,47,51.55,-8.54,-26.31,9.22,-8.287,0.333,12
"[-149,-110]",HR≥60/EDG≥-5.0/CV≤-/μ≥0.0/TP≥55,51.06,-5.0,,0.0,55.0,108,94,48,46,51.06,-9.6,-27.61,8.42,-9.022,0.333,12
"[-149,-110]",HR≥60/EDG≥-5.0/CV≤-/μ≥0.0/TP≥60,53.49,-5.0,,0.0,60.0,98,86,46,40,53.49,-5.38,-24.17,13.41,-4.625,0.333,12
"[-149,-110]",HR≥60/EDG≥-5.0/CV≤-/μ≥0.0/TP≥65,53.25,-5.0,,0.0,65.0,88,77,41,36,53.25,-5.62,-25.53,14.3,-4.325,0.333,12
"[-149,-110]",HR≥60/EDG≥-5.0/CV≤-/μ≥0.5/TP≥-,58.18,-5.0,,0.5,,66,55,32,23,58.18,3.47,-19.97,26.91,1.907,0.273,11
"[-149,-110]",HR≥60/EDG≥-5.0/CV≤-/μ≥0.5/TP≥50,58.18,-5.0,,0.5,50.0,66,55,32,23,58.18,3.47,-19.97,26.91,1.907,0.273,11
"[-149,-110]",HR≥60/EDG≥-5.0/CV≤-/μ≥0.5/TP≥55,58.18,-5.0,,0.5,55.0,66,55,32,23,58.18,3.47,-19.97,26.91,1.907,0.273,11
"[-149,-110]",HR≥60/EDG≥-5.0/CV≤-/μ≥0.5/TP≥60,58.18,-5.0,,0.5,60.0,66,55,32,23,58.18,3.47,-19.97,26.91,1.907,0.273,11
"[-149,-110]",HR≥60/EDG≥-5.0/CV≤-/μ≥0.5/TP≥65,58.18,-5.0,,0.5,65.0,66,55,32,23,58.18,3.47,-19.97,26.91,1.907,0.273,11
"[-149,-110]",HR≥60/EDG≥0.0/CV≤-/μ≥-/TP≥-,51.65,0.0,,,,105,91,47,44,51.65,-8.56,-26.87,9.75,-7.792,0.333,12
"[-149,-110]",HR≥60/EDG≥0.0/CV≤-/μ≥-/TP≥50,51.65,0.0,,,50.0,105,91,47,44,51.65,-8.56,-26.87,9.75,-7.792,0.333,12
"[-149,-110]",HR≥60/EDG≥0.0/CV≤-/μ≥-/TP≥55,51.65,0.0,,,55.0,105,91,47,44,51.65,-8.56,-26.87,9.75,-7.792,0.333,12
"[-149,-110]",HR≥60/EDG≥0.0/CV≤-/μ≥-/TP≥60,53.49,0.0,,,60.0,98,86,46,40,53.49,-5.38,-24.17,13.41,-4.625,0.333,12
"[-149,-110]",HR≥60/EDG≥0.0/CV≤-/μ≥-/TP≥65,53.25,0.0,,,65.0,88,77,41,36,53.25,-5.62,-25.53,14.3,-4.325,0.333,12
"[-149,-110]",HR≥60/EDG≥0.0/CV≤-/μ≥0.0/TP≥-,51.65,0.0,,0.0,,105,91,47,44,51.65,-8.56,-26.87,9.75,-7.792,0.333,12
"[-149,-110]",HR≥60/EDG≥0.0/CV≤-/μ≥0.0/TP≥50,51.65,0.0,,0.0,50.0,105,91,47,44,51.65,-8.56,-26.87,9.75,-7.792,0.333,12
"[-149,-110]",HR≥60/EDG≥0.0/CV≤-/μ≥0.0/TP≥55,51.65,0.0,,0.0,55.0,105,91,47,44,51.65,-8.56,-26.87,9.75,-7.792,0.333,12
"[-149,-110]",HR≥60/EDG≥0.0/CV≤-/μ≥0.0/TP≥60,53.49,0.0,,0.0,60.0,98,86,46,40,53.49,-5.38,-24.17,13.41,-4.625,0.333,12
"[-149,-110]",HR≥60/EDG≥0.0/CV≤-/μ≥0.0/TP≥65,53.25,0.0,,0.0,65.0,88,77,41,36,53.25,-5.62,-25.53,14.3,-4.325,0.333,12
"[-149,-110]",HR≥60/EDG≥0.0/CV≤-/μ≥0.5/TP≥-,58.18,0.0,,0.5,,66,55,32,23,58.18,3.47,-19.97,26.91,1.907,0.273,11
"[-149,-110]",HR≥60/EDG≥0.0/CV≤-/μ≥0.5/TP≥50,58.18,0.0,,0.5,50.0,66,55,32,23,58.18,3.47,-19.97,26.91,1.907,0.273,11
"[-149,-110]",HR≥60/EDG≥0.0/CV≤-/μ≥0.5/TP≥55,58.18,0.0,,0.5,55.0,66,55,32,23,58.18,3.47,-19.97,26.91,1.907,0.273,11
"[-149,-110]",HR≥60/EDG≥0.0/CV≤-/μ≥0.5/TP≥60,58.18,0.0,,0.5,60.0,66,55,32,23,58.18,3.47,-19.97,26.91,1.907,0.273,11
"[-149,-110]",HR≥60/EDG≥0.0/CV≤-/μ≥0.5/TP≥65,58.18,0.0,,0.5,65.0,66,55,32,23,58.18,3.47,-19.97,26.91,1.907,0.273,11
"[-149,-110]",HR≥60/EDG≥5.0/CV≤-/μ≥-/TP≥-,51.81,5.0,,,,95,83,43,40,51.81,-8.13,-27.34,11.07,-6.751,0.333,12
"[-149,-110]",HR≥60/EDG≥5.0/CV≤-/μ≥-/TP≥50,51.81,5.0,,,50.0,95,83,43,40,51.81,-8.13,-27.34,11.07,-6.751,0.333,12
"[-149,-110]",HR≥60/EDG≥5.0/CV≤-/μ≥-/TP≥55,51.81,5.0,,,55.0,95,83,43,40,51.81,-8.13,-27.34,11.07,-6.751,0.333,12
"[-149,-110]",HR≥60/EDG≥5.0/CV≤-/μ≥-/TP≥60,51.81,5.0,,,60.0,95,83,43,40,51.81,-8.13,-27.34,11.07,-6.751,0.333,12
"[-149,-110]",HR≥60/EDG≥5.0/CV≤-/μ≥-/TP≥65,53.25,5.0,,,65.0,88,77,41,36,53.25,-5.62,-25.53,14.3,-4.325,0.333,12
"[-149,-110]",HR≥60/EDG≥5.0/CV≤-/μ≥0.0/TP≥-,51.81,5.0,,0.0,,95,83,43,40,51.81,-8.13,-27.34,11.07,-6.751,0.333,12
"[-149,-110]",HR≥60/EDG≥5.0/CV≤-/μ≥0.0/TP≥50,51.81,5.0,,0.0,50.0,95,83,43,40,51.81,-8.13,-27.34,11.07,-6.751,0.333,12
"[-149,-110]",HR≥60/EDG≥5.0/CV≤-/μ≥0.0/TP≥55,51.81,5.0,,0.0,55.0,95,83,43,40,51.81,-8.13,-27.34,11.07,-6.751,0.333,12
"[-149,-110]",HR≥60/EDG≥5.0/CV≤-/μ≥0.0/TP≥60,51.81,5.0,,0.0,60.0,95,83,43,40,51.81,-8.13,-27.34,11.07,-6.751,0.333,12
"[-149,-110]",HR≥60/EDG≥5.0/CV≤-/μ≥0.0/TP≥65,53.25,5.0,,0.0,65.0,88,77,41,36,53.25,-5.62,-25.53,14.3,-4.325,0.333,12
"[-149,-110]",HR≥60/EDG≥5.0/CV≤-/μ≥0.5/TP≥-,58.18,5.0,,0.5,,66,55,32,23,58.18,3.47,-19.97,26.91,1.907,0.273,11
"[-149,-110]",HR≥60/EDG≥5.0/CV≤-/μ≥0.5/TP≥50,58.18,5.0,,0.5,50.0,66,55,32,23,58.18,3.47,-19.97,26.91,1.907,0.273,11
"[-149,-110]",HR≥60/EDG≥5.0/CV≤-/μ≥0.5/TP≥55,58.18,5.0,,0.5,55.0,66,55,32,23,58.18,3.47,-19.97,26.91,1.907,0.273,11
"[-149,-110]",HR≥60/EDG≥5.0/CV≤-/μ≥0.5/TP≥60,58.18,5.0,,0.5,60.0,66,55,32,23,58.18,3.47,-19.97,26.91,1.907,0.273,11
"[-149,-110]",HR≥60/EDG≥5.0/CV≤-/μ≥0.5/TP≥65,58.18,5.0,,0.5,65.0,66,55,32,23,58.18,3.47,-19.97,26.91,1.907,0.273,11
"[-149,-110]",HR≥60/EDG≥10.0/CV≤-/μ≥-/TP≥-,54.17,10.0,,,,84,72,39,33,54.17,-3.86,-24.47,16.75,-2.78,0.25,12
"[-149,-110]",HR≥60/EDG≥10.0/CV≤-/μ≥-/TP≥50,54.17,10.0,,,50.0,84,72,39,33,54.17,-3.86,-24.47,16.75,-2.78,0.25,12
"[-149,-110]",HR≥60/EDG≥10.0/CV≤-/μ≥-/TP≥55,54.17,10.0,,,55.0,84,72,39,33,54.17,-3.86,-24.47,16.75,-2.78,0.25,12
"[-149,-110]",HR≥60/EDG≥10.0/CV≤-/μ≥-/TP≥60,54.17,10.0,,,60.0,84,72,39,33,54.17,-3.86,-24.47,16.75,-2.78,0.25,12
"[-149,-110]",HR≥60/EDG≥10.0/CV≤-/μ≥-/TP≥65,54.17,10.0,,,65.0,83,72,39,33,54.17,-3.86,-24.47,16.75,-2.78,0.25,12
"[-149,-110]",HR≥60/EDG≥10.0/CV≤-/μ≥0.0/TP≥-,54.17,10.0,,0.0,,84,72,39,33,54.17,-3.86,-24.47,16.75,-2.78,0.25,12
"[-149,-110]",HR≥60/EDG≥10.0/CV≤-/μ≥0.0/TP≥50,54.17,10.0,,0.0,50.0,84,72,39,33,54.17,-3.86,-24.47,16.75,-2.78,0.25,12
"[-149,-110]",HR≥60/EDG≥10.0/CV≤-/μ≥0.0/TP≥55,54.17,10.0,,0.0,55.0,84,72,39,33,54.17,-3.86,-24.47,16.75,-2.78,0.25,12
"[-149,-110]",HR≥60/EDG≥10.0/CV≤-/μ≥0.0/TP≥60,54.17,10.0,,0.0,60.0,84,72,39,33,54.17,-3.86,-24.47,16.75,-2.78,0.25,12
"[-149,-110]",HR≥60/EDG≥10.0/CV≤-/μ≥0.0/TP≥65,54.17,10.0,,0.0,65.0,83,72,39,33,54.17,-3.86,-24.47,16.75,-2.78,0.25,12
"[-149,-110]",HR≥60/EDG≥10.0/CV≤-/μ≥0.5/TP≥-,58.18,10.0,,0.5,,66,55,32,23,58.18,3.47,-19.97,26.91,1.907,0.273,11
"[-149,-110]",HR≥60/EDG≥10.0/CV≤-/μ≥0.5/TP≥50,58.18,10.0,,0.5,50.0,66,55,32,23,58.18,3.47,-19.97,26.91,1.907,0.273,11
"[-149,-110]",HR≥60/EDG≥10.0/CV≤-/μ≥0.5/TP≥55,58.18,10.0,,0.5,55.0,66,55,32,23,58.18,3.47,-19.97,26.91,1.907,0.273,11
"[-149,-110]",HR≥60/EDG≥10.0/CV≤-/μ≥0.5/TP≥60,58.18,10.0,,0.5,60.0,66,55,32,23,58.18,3.47,-19.97,26.91,1.907,0.273,11
"[-149,-110]",HR≥60/EDG≥10.0/CV≤-/μ≥0.5/TP≥65,58.18,10.0,,0.5,65.0,66,55,32,23,58.18,3.47,-19.97,26.91,1.907,0.273,11
"[-149,-110]",HR≥65/EDG≥-/CV≤-/μ≥-/TP≥-,54.55,,,,,74,66,36,30,54.55,-3.61,-25.04,17.81,-2.384,0.455,11
"[-149,-110]",HR≥65/EDG≥-/CV≤-/μ≥-/TP≥50,53.97,,,,50.0,71,63,34,29,53.97,-4.72,-26.66,17.22,-2.972,0.364,11
"[-149,-110]",HR≥65/EDG≥-/CV≤-/μ≥-/TP≥55,54.84,,,,55.0,70,62,34,28,54.84,-3.18,-25.27,18.9,-1.972,0.364,11
"[-149,-110]",HR≥65/EDG≥-/CV≤-/μ≥-/TP≥60,55.0,,,,60.0,68,60,33,27,55.0,-2.9,-25.35,19.55,-1.742,0.364,11
"[-149,-110]",HR≥65/EDG≥-/CV≤-/μ≥-/TP≥65,57.41,,,,65.0,62,54,31,23,57.41,1.49,-22.09,25.07,0.803,0.455,11
"[-149,-110]",HR≥65/EDG≥-/CV≤-/μ≥0.0/TP≥-,53.97,,,0.0,,71,63,34,29,53.97,-4.72,-26.66,17.22,-2.972,0.364,11
"[-149,-110]",HR≥65/EDG≥-/CV≤-/μ≥0.0/TP≥50,53.97,,,0.0,50.0,71,63,34,29,53.97,-4.72,-26.66,17.22,-2.972,0.364,11
"[-149,-110]",HR≥65/EDG≥-/CV≤-/μ≥0.0/TP≥55,54.84,,,0.0,55.0,70,62,34,28,54.84,-3.18,-25.27,18.9,-1.972,0.364,11
"[-149,-110]",HR≥65/EDG≥-/CV≤-/μ≥0.0/TP≥60,55.0,,,0.0,60.0,68,60,33,27,55.0,-2.9,-25.35,19.55,-1.742,0.364,11
"[-149,-110]",HR≥65/EDG≥-/CV≤-/μ≥0.0/TP≥65,57.41,,,0.0,65.0,62,54,31,23,57.41,1.49,-22.09,25.07,0.803,0.455,11
"[-149,-110]",HR≥65/EDG≥-/CV≤-/μ≥0.5/TP≥-,64.1,,,0.5,,47,39,25,14,64.1,13.81,-13.32,40.95,5.387,0.455,11
"[-149,-110]",HR≥65/EDG≥-/CV≤-/μ≥0.5/TP≥50,64.1,,,0.5,50.0,47,39,25,14,64.1,13.81,-13.32,40.95,5.387,0.455,11
"[-149,-110]",HR≥65/EDG≥-/CV≤-/μ≥0.5/TP≥55,64.1,,,0.5,55.0,47,39,25,14,64.1,13.81,-13.32,40.95,5.387,0.455,11
"[-149,-110]",HR≥65/EDG≥-/CV≤-/μ≥0.5/TP≥60,64.1,,,0.5,60.0,47,39,25,14,64.1,13.81,-13.32,40.95,5.387,0.455,11
"[-149,-110]",HR≥65/EDG≥-/CV≤-/μ≥0.5/TP≥65,64.1,,,0.5,65.0,47,39,25,14,64.1,13.81,-13.32,40.95,5.387,0.455,11
"[-149,-110]",HR≥65/EDG≥-5.0/CV≤-/μ≥-/TP≥-,54.84,-5.0,,,,70,62,34,28,54.84,-3.18,-25.27,18.9,-1.972,0.364,11
"[-149,-110]",HR≥65/EDG≥-5.0/CV≤-/μ≥-/TP≥50,54.84,-5.0,,,50.0,70,62,34,28,54.84,-3.18,-25.27,18.9,-1.972,0.364,11
"[-149,-110]",HR≥65/EDG≥-5.0/CV≤-/μ≥-/TP≥55,54.84,-5.0,,,55.0,70,62,34,28,54.84,-3.18,-25.27,18.9,-1.972,0.364,11
"[-149,-110]",HR≥65/EDG≥-5.0/CV≤-/μ≥-/TP≥60,55.0,-5.0,,,60.0,68,60,33,27,55.0,-2.9,-25.35,19.55,-1.742,0.364,11
"[-149,-110]",HR≥65/EDG≥-5.0/CV≤-/μ≥-/TP≥65,57.41,-5.0,,,65.0,62,54,31,23,57.41,1.49,-22.09,25.07,0.803,0.455,11
"[-149,-110]",HR≥65/EDG≥-5.0/CV≤-/μ≥0.0/TP≥-,54.84,-5.0,,0.0,,70,62,34,28,54.84,-3.18,-25.27,18.9,-1.972,0.364,11
"[-149,-110]",HR≥65/EDG≥-5.0/CV≤-/μ≥0.0/TP≥50,54.84,-5.0,,0.0,50.0,70,62,34,28,54.84,-3.18,-25.27,18.9,-1.972,0.364,11
"[-149,-110]",HR≥65/EDG≥-5.0/CV≤-/μ≥0.0/TP≥55,54.84,-5.0,,0.0,55.0,70,62,34,28,54.84,-3.18,-25.27,18.9,-1.972,0.364,11
"[-149,-110]",HR≥65/EDG≥-5.0/CV≤-/μ≥0.0/TP≥60,55.0,-5.0,,0.0,60.0,68,60,33,27,55.0,-2.9,-25.35,19.55,-1.742,0.364,11
"[-149,-110]",HR≥65/EDG≥-5.0/CV≤-/μ≥0.0/TP≥65,57.41,-5.0,,0.0,65.0,62,54,31,23,57.41,1.49,-22.09,25.07,0.803,0.455,11
"[-149,-110]",HR≥65/EDG≥-5.0/CV≤-/μ≥0.5/TP≥-,64.1,-5.0,,0.5,,47,39,25,14,64.1,13.81,-13.32,40.95,5.387,0.455,11
"[-149,-110]",HR≥65/EDG≥-5.0/CV≤-/μ≥0.5/TP≥50,64.1,-5.0,,0.5,50.0,47,39,25,14,64.1,13.81,-13.32,40.95,5.387,0.455,11
"[-149,-110]",HR≥65/EDG≥-5.0/CV≤-/μ≥0.5/TP≥55,64.1,-5.0,,0.5,55.0,47,39,25,14,64.1,13.81,-13.32,40.95,5.387,0.455,11
"[-149,-110]",HR≥65/EDG≥-5.0/CV≤-/μ≥0.5/TP≥60,64.1,-5.0,,0.5,60.0,47,39,25,14,64.1,13.81,-13.32,40.95,5.387,0.455,11
"[-149,-110]",HR≥65/EDG≥-5.0/CV≤-/μ≥0.5/TP≥65,64.1,-5.0,,0.5,65.0,47,39,25,14,64.1,13.81,-13.32,40.95,5.387,0.455,11
"[-149,-110]",HR≥65/EDG≥0.0/CV≤-/μ≥-/TP≥-,54.1,0.0,,,,69,61,33,28,54.1,-4.49,-26.79,17.8,-2.742,0.364,11
"[-149,-110]",HR≥65/EDG≥0.0/CV≤-/μ≥-/TP≥50,54.1,0.0,,,50.0,69,61,33,28,54.1,-4.49,-26.79,17.8,-2.742,0.364,11
"[-149,-110]",HR≥65/EDG≥0.0/CV≤-/μ≥-/TP≥55,54.1,0.0,,,55.0,69,61,33,28,54.1,-4.49,-26.79,17.8,-2.742,0.364,11
"[-149,-110]",HR≥65/EDG≥0.0/CV≤-/μ≥-/TP≥60,55.0,0.0,,,60.0,68,60,33,27,55.0,-2.9,-25.35,19.55,-1.742,0.364,11
"[-149,-110]",HR≥65/EDG≥0.0/CV≤-/μ≥-/TP≥65,57.41,0.0,,,65.0,62,54,31,23,57.41,1.49,-22.09,25.07,0.803,0.455,11
"[-149,-110]",HR≥65/EDG≥0.0/CV≤-/μ≥0.0/TP≥-,54.1,0.0,,0.0,,69,61,33,28,54.1,-4.49,-26.79,17.8,-2.742,0.364,11
"[-149,-110]",HR≥65/EDG≥0.0/CV≤-/μ≥0.0/TP≥50,54.1,0.0,,0.0,50.0,69,61,33,28,54.1,-4.49,-26.79,17.8,-2.742,0.364,11
"[-149,-110]",HR≥65/EDG≥0.0/CV≤-/μ≥0.0/TP≥55,54.1,0.0,,0.0,55.0,69,61,33,28,54.1,-4.49,-26.79,17.8,-2.742,0.364,11
"[-149,-110]",HR≥65/EDG≥0.0/CV≤-/μ≥0.0/TP≥60,55.0,0.0,,0.0,60.0,68,60,33,27,55.0,-2.9,-25.35,19.55,-1.742,0.364,11
"[-149,-110]",HR≥65/EDG≥0.0/CV≤-/μ≥0.0/TP≥65,57.41,0.0,,0.0,65.0,62,54,31,23,57.41,1.49,-22.09,25.07,0.803,0.455,11
"[-149,-110]",HR≥65/EDG≥0.0/CV≤-/μ≥0.5/TP≥-,64.1,0.0,,0.5,,47,39,25,14,64.1,13.81,-13.32,40.95,5.387,0.455,11
"[-149,-110]",HR≥65/EDG≥0.0/CV≤-/μ≥0.5/TP≥50,64.1,0.0,,0.5,50.0,47,39,25,14,64.1,13.81,-13.32,40.95,5.387,0.455,11
"[-149,-110]",HR≥65/EDG≥0.0/CV≤-/μ≥0.5/TP≥55,64.1,0.0,,0.5,55.0,47,39,25,14,64.1,13.81,-13.32,40.95,5.387,0.455,11
"[-149,-110]",HR≥65/EDG≥0.0/CV≤-/μ≥0.5/TP≥60,64.1,0.0,,0.5,60.0,47,39,25,14,64.1,13.81,-13.32,40.95,5.387,0.455,11
"[-149,-110]",HR≥65/EDG≥0.0/CV≤-/μ≥0.5/TP≥65,64.1,0.0,,0.5,65.0,47,39,25,14,64.1,13.81,-13.32,40.95,5.387,0.455,11
"[-149,-110]",HR≥65/EDG≥5.0/CV≤-/μ≥-/TP≥-,53.45,5.0,,,,66,58,31,27,53.45,-5.51,-28.44,17.42,-3.197,0.364,11
"[-149,-110]",HR≥65/EDG≥5.0/CV≤-/μ≥-/TP≥50,53.45,5.0,,,50.0,66,58,31,27,53.45,-5.51,-28.44,17.42,-3.197,0.364,11
"[-149,-110]",HR≥65/EDG≥5.0/CV≤-/μ≥-/TP≥55,53.45,5.0,,,55.0,66,58,31,27,53.45,-5.51,-28.44,17.42,-3.197,0.364,11
"[-149,-110]",HR≥65/EDG≥5.0/CV≤-/μ≥-/TP≥60,53.45,5.0,,,60.0,66,58,31,27,53.45,-5.51,-28.44,17.42,-3.197,0.364,11
"[-149,-110]",HR≥65/EDG≥5.0/CV≤-/μ≥-/TP≥65,57.41,5.0,,,65.0,62,54,31,23,57.41,1.49,-22.09,25.07,0.803,0.455,11
"[-149,-110]",HR≥65/EDG≥5.0/CV≤-/μ≥0.0/TP≥-,53.45,5.0,,0.0,,66,58,31,27,53.45,-5.51,-28.44,17.42,-3.197,0.364,11
"[-149,-110]",HR≥65/EDG≥5.0/CV≤-/μ≥0.0/TP≥50,53.45,5.0,,0.0,50.0,66,58,31,27,53.45,-5.51,-28.44,17.42,-3.197,0.364,11
"[-149,-110]",HR≥65/EDG≥5.0/CV≤-/μ≥0.0/TP≥55,53.45,5.0,,0.0,55.0,66,58,31,27,53.45,-5.51,-28.44,17.42,-3.197,0.364,11
"[-149,-110]",HR≥65/EDG≥5.0/CV≤-/μ≥0.0/TP≥60,53.45,5.0,,0.0,60.0,66,58,31,27,53.45,-5.51,-28.44,17.42,-3.197,0.364,11
"[-149,-110]",HR≥65/EDG≥5.0/CV≤-/μ≥0.0/TP≥65,57.41,5.0,,0.0,65.0,62,54,31,23,57.41,1.49,-22.09,25.07,0.803,0.455,11
"[-149,-110]",HR≥65/EDG≥5.0/CV≤-/μ≥0.5/TP≥-,64.1,5.0,,0.5,,47,39,25,14,64.1,13.81,-13.32,40.95,5.387,0.455,11
"[-149,-110]",HR≥65/EDG≥5.0/CV≤-/μ≥0.5/TP≥50,64.1,5.0,,0.5,50.0,47,39,25,14,64.1,13.81,-13.32,40.95,5.387,0.455,11
"[-149,-110]",HR≥65/EDG≥5.0/CV≤-/μ≥0.5/TP≥55,64.1,5.0,,0.5,55.0,47,39,25,14,64.1,13.81,-13.32,40.95,5.387,0.455,11
"[-149,-110]",HR≥65/EDG≥5.0/CV≤-/μ≥0.5/TP≥60,64.1,5.0,,0.5,60.0,47,39,25,14,64.1,13.81,-13.32,40.95,5.387,0.455,11
"[-149,-110]",HR≥65/EDG≥5.0/CV≤-/μ≥0.5/TP≥65,64.1,5.0,,0.5,65.0,47,39,25,14,64.1,13.81,-13.32,40.95,5.387,0.455,11
"[-149,-110]",HR≥65/EDG≥10.0/CV≤-/μ≥-/TP≥-,59.18,10.0,,,,57,49,29,20,59.18,4.79,-19.88,29.46,2.348,0.364,11
"[-149,-110]",HR≥65/EDG≥10.0/CV≤-/μ≥-/TP≥50,59.18,10.0,,,50.0,57,49,29,20,59.18,4.79,-19.88,29.46,2.348,0.364,11
"[-149,-110]",HR≥65/EDG≥10.0/CV≤-/μ≥-/TP≥55,59.18,10.0,,,55.0,57,49,29,20,59.18,4.79,-19.88,29.46,2.348,0.364,11
"[-149,-110]",HR≥65/EDG≥10.0/CV≤-/μ≥-/TP≥60,59.18,10.0,,,60.0,57,49,29,20,59.18,4.79,-19.88,29.46,2.348,0.364,11
"[-149,-110]",HR≥65/EDG≥10.0/CV≤-/μ≥-/TP≥65,59.18,10.0,,,65.0,57,49,29,20,59.18,4.79,-19.88,29.46,2.348,0.364,11
"[-149,-110]",HR≥65/EDG≥10.0/CV≤-/μ≥0.0/TP≥-,59.18,10.0,,0.0,,57,49,29,20,59.18,4.79,-19.88,29.46,2.348,0.364,11
"[-149,-110]",HR≥65/EDG≥10.0/CV≤-/μ≥0.0/TP≥50,59.18,10.0,,0.0,50.0,57,49,29,20,59.18,4.79,-19.88,29.46,2.348,0.364,11
"[-149,-110]",HR≥65/EDG≥10.0/CV≤-/μ≥0.0/TP≥55,59.18,10.0,,0.0,55.0,57,49,29,20,59.18,4.79,-19.88,29.46,2.348,0.364,11
"[-149,-110]",HR≥65/EDG≥10.0/CV≤-/μ≥0.0/TP≥60,59.18,10.0,,0.0,60.0,57,49,29,20,59.18,4.79,-19.88,29.46,2.348,0.364,11
"[-149,-110]",HR≥65/EDG≥10.0/CV≤-/μ≥0.0/TP≥65,59.18,10.0,,0.0,65.0,57,49,29,20,59.18,4.79,-19.88,29.46,2.348,0.364,11
"[-149,-110]",HR≥65/EDG≥10.0/CV≤-/μ≥0.5/TP≥-,64.1,10.0,,0.5,,47,39,25,14,64.1,13.81,-13.32,40.95,5.387,0.455,11
"[-149,-110]",HR≥65/EDG≥10.0/CV≤-/μ≥0.5/TP≥50,64.1,10.0,,0.5,50.0,47,39,25,14,64.1,13.81,-13.32,40.95,5.387,0.455,11
"[-149,-110]",HR≥65/EDG≥10.0/CV≤-/μ≥0.5/TP≥55,64.1,10.0,,0.5,55.0,47,39,25,14,64.1,13.81,-13.32,40.95,5.387,0.455,11
"[-149,-110]",HR≥65/EDG≥10.0/CV≤-/μ≥0.5/TP≥60,64.1,10.0,,0.5,60.0,47,39,25,14,64.1,13.81,-13.32,40.95,5.387,0.455,11
"[-149,-110]",HR≥65/EDG≥10.0/CV≤-/μ≥0.5/TP≥65,64.1,10.0,,0.5,65.0,47,39,25,14,64.1,13.81,-13.32,40.95,5.387,0.455,11
"[-149,-110]",HR≥70/EDG≥-/CV≤-/μ≥-/TP≥-,50.0,,,,,36,32,16,16,50.0,-11.29,-42.55,19.98,-3.613,0.4,10
"[-149,-110]",HR≥70/EDG≥-/CV≤-/μ≥-/TP≥50,50.0,,,,50.0,34,30,15,15,50.0,-11.27,-43.61,21.06,-3.382,0.4,10
"[-149,-110]",HR≥70/EDG≥-/CV≤-/μ≥-/TP≥55,50.0,,,,55.0,34,30,15,15,50.0,-11.27,-43.61,21.06,-3.382,0.4,10
"[-149,-110]",HR≥70/EDG≥-/CV≤-/μ≥0.0/TP≥-,50.0,,,0.0,,34,30,15,15,50.0,-11.27,-43.61,21.06,-3.382,0.4,10
"[-149,-110]",HR≥70/EDG≥-/CV≤-/μ≥0.0/TP≥50,50.0,,,0.0,50.0,34,30,15,15,50.0,-11.27,-43.61,21.06,-3.382,0.4,10
"[-149,-110]",HR≥70/EDG≥-/CV≤-/μ≥0.0/TP≥55,50.0,,,0.0,55.0,34,30,15,15,50.0,-11.27,-43.61,21.06,-3.382,0.4,10
"[-149,-110]",HR≥70/EDG≥-5.0/CV≤-/μ≥-/TP≥-,50.0,-5.0,,,,34,30,15,15,50.0,-11.27,-43.61,21.06,-3.382,0.4,10
"[-149,-110]",HR≥70/EDG≥-5.0/CV≤-/μ≥-/TP≥50,50.0,-5.0,,,50.0,34,30,15,15,50.0,-11.27,-43.61,21.06,-3.382,0.4,10
"[-149,-110]",HR≥70/EDG≥-5.0/CV≤-/μ≥-/TP≥55,50.0,-5.0,,,55.0,34,30,15,15,50.0,-11.27,-43.61,21.06,-3.382,0.4,10
"[-149,-110]",HR≥70/EDG≥-5.0/CV≤-/μ≥0.0/TP≥-,50.0,-5.0,,0.0,,34,30,15,15,50.0,-11.27,-43.61,21.06,-3.382,0.4,10
"[-149,-110]",HR≥70/EDG≥-5.0/CV≤-/μ≥0.0/TP≥50,50.0,-5.0,,0.0,50.0,34,30,15,15,50.0,-11.27,-43.61,21.06,-3.382,0.4,10
"[-149,-110]",HR≥70/EDG≥-5.0/CV≤-/μ≥0.0/TP≥55,50.0,-5.0,,0.0,55.0,34,30,15,15,50.0,-11.27,-43.61,21.06,-3.382,0.4,10
"[-149,-110]",HR≥70/EDG≥0.0/CV≤-/μ≥-/TP≥-,50.0,0.0,,,,34,30,15,15,50.0,-11.27,-43.61,21.06,-3.382,0.4,10
"[-149,-110]",HR≥70/EDG≥0.0/CV≤-/μ≥-/TP≥50,50.0,0.0,,,50.0,34,30,15,15,50.0,-11.27,-43.61,21.06,-3.382,0.4,10
"[-149,-110]",HR≥70/EDG≥0.0/CV≤-/μ≥-/TP≥55,50.0,0.0,,,55.0,34,30,15,15,50.0,-11.27,-43.61,21.06,-3.382,0.4,10
"[-149,-110]",HR≥70/EDG≥0.0/CV≤-/μ≥0.0/TP≥-,50.0,0.0,,0.0,,34,30,15,15,50.0,-11.27,-43.61,21.06,-3.382,0.4,10
"[-149,-110]",HR≥70/EDG≥0.0/CV≤-/μ≥0.0/TP≥50,50.0,0.0,,0.0,50.0,34,30,15,15,50.0,-11.27,-43.61,21.06,-3.382,0.4,10
"[-149,-110]",HR≥70/EDG≥0.0/CV≤-/μ≥0.0/TP≥55,50.0,0.0,,0.0,55.0,34,30,15,15,50.0,-11.27,-43.61,21.06,-3.382,0.4,10
"[-109,+100]",HR≥-/EDG≥-/CV≤-/μ≥-/TP≥-,51.76,,,,,101,85,44,41,51.76,1.73,-19.27,22.74,1.472,0.615,13
"[-109,+100]",HR≥-/EDG≥-/CV≤-/μ≥-/TP≥50,48.39,,,,50.0,74,62,30,32,48.39,-4.86,-29.52,19.81,-3.011,0.462,13
"[-109,+100]",HR≥-/EDG≥-/CV≤-/μ≥-/TP≥55,50.88,,,,55.0,68,57,29,28,50.88,0.06,-25.69,25.82,0.037,0.538,13
"[-109,+100]",HR≥-/EDG≥-/CV≤-/μ≥-/TP≥60,52.17,,,,60.0,56,46,24,22,52.17,2.54,-26.15,31.23,1.168,0.615,13
"[-109,+100]",HR≥-/EDG≥-/CV≤-/μ≥-/TP≥65,51.35,,,,65.0,47,37,19,18,51.35,1.05,-31.09,33.18,0.387,0.583,12
"[-109,+100]",HR≥-/EDG≥-/CV≤-/μ≥0.0/TP≥-,48.39,,,0.0,,74,62,30,32,48.39,-4.86,-29.52,19.81,-3.011,0.462,13
"[-109,+100]",HR≥-/EDG≥-/CV≤-/μ≥0.0/TP≥50,48.39,,,0.0,50.0,74,62,30,32,48.39,-4.86,-29.52,19.81,-3.011,0.462,13
"[-109,+100]",HR≥-/EDG≥-/CV≤-/μ≥0.0/TP≥55,50.88,,,0.0,55.0,68,57,29,28,50.88,0.06,-25.69,25.82,0.037,0.538,13
"[-109,+100]",HR≥-/EDG≥-/CV≤-/μ≥0.0/TP≥60,52.17,,,0.0,60.0,56,46,24,22,52.17,2.54,-26.15,31.23,1.168,0.615,13
"[-109,+100]",HR≥-/EDG≥-/CV≤-/μ≥0.0/TP≥65,51.35,,,0.0,65.0,47,37,19,18,51.35,1.05,-31.09,33.18,0.387,0.583,12
"[-109,+100]",HR≥-/EDG≥-5.0/CV≤-/μ≥-/TP≥-,51.52,-5.0,,,,80,66,34,32,51.52,1.43,-22.5,25.35,0.942,0.538,13
"[-109,+100]",HR≥-/EDG≥-5.0/CV≤-/μ≥-/TP≥50,48.39,-5.0,,,50.0,74,62,30,32,48.39,-4.86,-29.52,19.81,-3.011,0.462,13
"[-109,+100]",HR≥-/EDG≥-5.0/CV≤-/μ≥-/TP≥55,50.88,-5.0,,,55.0,68,57,29,28,50.88,0.06,-25.69,25.82,0.037,0.538,13
"[-109,+100]",HR≥-/EDG≥-5.0/CV≤-/μ≥-/TP≥60,52.17,-5.0,,,60.0,56,46,24,22,52.17,2.54,-26.15,31.23,1.168,0.615,13
"[-109,+100]",HR≥-/EDG≥-5.0/CV≤-/μ≥-/TP≥65,51.35,-5.0,,,65.0,47,37,19,18,51.35,1.05,-31.09,33.18,0.387,0.583,12
"[-109,+100]",HR≥-/EDG≥-5.0/CV≤-/μ≥0.0/TP≥-,48.39,-5.0,,0.0,,74,62,30,32,48.39,-4.86,-29.52,19.81,-3.011,0.462,13
"[-109,+100]",HR≥-/EDG≥-5.0/CV≤-/μ≥0.0/TP≥50,48.39,-5.0,,0.0,50.0,74,62,30,32,48.39,-4.86,-29.52,19.81,-3.011,0.462,13
"[-109,+100]",HR≥-/EDG≥-5.0/CV≤-/μ≥0.0/TP≥55,50.88,-5.0,,0.0,55.0,68,57,29,28,50.88,0.06,-25.69,25.82,0.037,0.538,13
"[-109,+100]",HR≥-/EDG≥-5.0/CV≤-/μ≥0.0/TP≥60,52.17,-5.0,,0.0,60.0,56,46,24,22,52.17,2.54,-26.15,31.23,1.168,0.615,13
"[-109,+100]",HR≥-/EDG≥-5.0/CV≤-/μ≥0.0/TP≥65,51.35,-5.0,,0.0,65.0,47,37,19,18,51.35,1.05,-31.09,33.18,0.387,0.583,12
"[-109,+100]",HR≥-/EDG≥0.0/CV≤-/μ≥-/TP≥-,50.0,0.0,,,,72,60,30,30,50.0,-1.68,-26.78,23.41,-1.011,0.462,13
"[-109,+100]",HR≥-/EDG≥0.0/CV≤-/μ≥-/TP≥50,50.0,0.0,,,50.0,72,60,30,30,50.0,-1.68,-26.78,23.41,-1.011,0.462,13
"[-109,+100]",HR≥-/EDG≥0.0/CV≤-/μ≥-/TP≥55,50.88,0.0,,,55.0,68,57,29,28,50.88,0.06,-25.69,25.82,0.037,0.538,13
"[-109,+100]",HR≥-/EDG≥0.0/CV≤-/μ≥-/TP≥60,52.17,0.0,,,60.0,56,46,24,22,52.17,2.54,-26.15,31.23,1.168,0.615,13
"[-109,+100]",HR≥-/EDG≥0.0/CV≤-/μ≥-/TP≥65,51.35,0.0,,,65.0,47,37,19,18,51.35,1.05,-31.09,33.18,0.387,0.583,12
"[-109,+100]",HR≥-/EDG≥0.0/CV≤-/μ≥0.0/TP≥-,50.0,0.0,,0.0,,72,60,30,30,50.0,-1.68,-26.78,23.41,-1.011,0.462,13
"[-109,+100]",HR≥-/EDG≥0.0/CV≤-/μ≥0.0/TP≥50,50.0,0.0,,0.0,50.0,72,60,30,30,50.0,-1.68,-26.78,23.41,-1.011,0.462,13
"[-109,+100]",HR≥-/EDG≥0.0/CV≤-/μ≥0.0/TP≥55,50.88,0.0,,0.0,55.0,68,57,29,28,50.88,0.06,-25.69,25.82,0.037,0.538,13
"[-109,+100]",HR≥-/EDG≥0.0/CV≤-/μ≥0.0/TP≥60,52.17,0.0,,0.0,60.0,56,46,24,22,52.17,2.54,-26.15,31.23,1.168,0.615,13
"[-109,+100]",HR≥-/EDG≥0.0/CV≤-/μ≥0.0/TP≥65,51.35,0.0,,0.0,65.0,47,37,19,18,51.35,1.05,-31.09,33.18,0.387,0.583,12
"[-109,+100]",HR≥-/EDG≥5.0/CV≤-/μ≥-/TP≥-,52.73,5.0,,,,66,55,29,26,52.73,3.7,-22.49,29.9,2.037,0.615,13
"[-109,+100]",HR≥-/EDG≥5.0/CV≤-/μ≥-/TP≥50,52.73,5.0,,,50.0,66,55,29,26,52.73,3.7,-22.49,29.9,2.037,0.615,13
"[-109,+100]",HR≥-/EDG≥5.0/CV≤-/μ≥-/TP≥55,52.73,5.0,,,55.0,66,55,29,26,52.73,3.7,-22.49,29.9,2.037,0.615,13
"[-109,+100]",HR≥-/EDG≥5.0/CV≤-/μ≥-/TP≥60,52.17,5.0,,,60.0,56,46,24,22,52.17,2.54,-26.15,31.23,1.168,0.615,13
"[-109,+100]",HR≥-/EDG≥5.0/CV≤-/μ≥-/TP≥65,51.35,5.0,,,65.0,47,37,19,18,51.35,1.05,-31.09,33.18,0.387,0.583,12
"[-109,+100]",HR≥-/EDG≥5.0/CV≤-/μ≥0.0/TP≥-,52.73,5.0,,0.0,,66,55,29,26,52.73,3.7,-22.49,29.9,2.037,0.615,13
"[-109,+100]",HR≥-/EDG≥5.0/CV≤-/μ≥0.0/TP≥50,52.73,5.0,,0.0,50.0,66,55,29,26,52.73,3.7,-22.49,29.9,2.037,0.615,13
"[-109,+100]",HR≥-/EDG≥5.0/CV≤-/μ≥0.0/TP≥55,52.73,5.0,,0.0,55.0,66,55,29,26,52.73,3.7,-22.49,29.9,2.037,0.615,13
"[-109,+100]",HR≥-/EDG≥5.0/CV≤-/μ≥0.0/TP≥60,52.17,5.0,,0.0,60.0,56,46,24,22,52.17,2.54,-26.15,31.23,1.168,0.615,13
"[-109,+100]",HR≥-/EDG≥5.0/CV≤-/μ≥0.0/TP≥65,51.35,5.0,,0.0,65.0,47,37,19,18,51.35,1.05,-31.09,33.18,0.387,0.583,12
"[-109,+100]",HR≥-/EDG≥10.0/CV≤-/μ≥-/TP≥-,50.0,10.0,,,,54,44,22,22,50.0,-1.65,-31.05,27.75,-0.727,0.538,13
"[-109,+100]",HR≥-/EDG≥10.0/CV≤-/μ≥-/TP≥50,50.0,10.0,,,50.0,54,44,22,22,50.0,-1.65,-31.05,27.75,-0.727,0.538,13
"[-109,+100]",HR≥-/EDG≥10.0/CV≤-/μ≥-/TP≥55,50.0,10.0,,,55.0,54,44,22,22,50.0,-1.65,-31.05,27.75,-0.727,0.538,13
"[-109,+100]",HR≥-/EDG≥10.0/CV≤-/μ≥-/TP≥60,50.0,10.0,,,60.0,54,44,22,22,50.0,-1.65,-31.05,27.75,-0.727,0.538,13
"[-109,+100]",HR≥-/EDG≥10.0/CV≤-/μ≥-/TP≥65,51.35,10.0,,,65.0,47,37,19,18,51.35,1.05,-31.09,33.18,0.387,0.583,12
"[-109,+100]",HR≥-/EDG≥10.0/CV≤-/μ≥0.0/TP≥-,50.0,10.0,,0.0,,54,44,22,22,50.0,-1.65,-31.05,27.75,-0.727,0.538,13
"[-109,+100]",HR≥-/EDG≥10.0/CV≤-/μ≥0.0/TP≥50,50.0,10.0,,0.0,50.0,54,44,22,22,50.0,-1.65,-31.05,27.75,-0.727,0.538,13
"[-109,+100]",HR≥-/EDG≥10.0/CV≤-/μ≥0.0/TP≥55,50.0,10.0,,0.0,55.0,54,44,22,22,50.0,-1.65,-31.05,27.75,-0.727,0.538,13
"[-109,+100]",HR≥-/EDG≥10.0/CV≤-/μ≥0.0/TP≥60,50.0,10.0,,0.0,60.0,54,44,22,22,50.0,-1.65,-31.05,27.75,-0.727,0.538,13
"[-109,+100]",HR≥-/EDG≥10.0/CV≤-/μ≥0.0/TP≥65,51.35,10.0,,0.0,65.0,47,37,19,18,51.35,1.05,-31.09,33.18,0.387,0.583,12
"[-109,+100]",HR≥45/EDG≥-/CV≤-/μ≥-/TP≥-,56.25,,,,,56,48,27,21,56.25,10.67,-17.24,38.58,5.122,0.538,13
"[-109,+100]",HR≥45/EDG≥-/CV≤-/μ≥-/TP≥50,53.66,,,,50.0,48,41,22,19,53.66,5.67,-24.77,36.11,2.327,0.538,13
"[-109,+100]",HR≥45/EDG≥-/CV≤-/μ≥-/TP≥55,53.85,,,,55.0,45,39,21,18,53.85,6.09,-25.15,37.32,2.374,0.538,13
"[-109,+100]",HR≥45/EDG≥-/CV≤-/μ≥-/TP≥60,52.94,,,,60.0,40,34,18,16,52.94,4.1,-29.39,37.59,1.394,0.5,12
"[-109,+100]",HR≥45/EDG≥-/CV≤-/μ≥0.0/TP≥-,53.66,,,0.0,,48,41,22,19,53.66,5.67,-24.77,36.11,2.327,0.538,13
"[-109,+100]",HR≥45/EDG≥-/CV≤-/μ≥0.0/TP≥50,53.66,,,0.0,50.0,48,41,22,19,53.66,5.67,-24.77,36.11,2.327,0.538,13
"[-109,+100]",HR≥45/EDG≥-/CV≤-/μ≥0.0/TP≥55,53.85,,,0.0,55.0,45,39,21,18,53.85,6.09,-25.15,37.32,2.374,0.538,13
"[-109,+100]",HR≥45/EDG≥-/CV≤-/μ≥0.0/TP≥60,52.94,,,0.0,60.0,40,34,18,16,52.94,4.1,-29.39,37.59,1.394,0.5,12
"[-109,+100]",HR≥45/EDG≥-5.0/CV≤-/μ≥-/TP≥-,55.81,-5.0,,,,51,43,24,19,55.81,10.06,-19.56,39.68,4.327,0.538,13
"[-109,+100]",HR≥45/EDG≥-5.0/CV≤-/μ≥-/TP≥50,53.66,-5.0,,,50.0,48,41,22,19,53.66,5.67,-24.77,36.11,2.327,0.538,13
"[-109,+100]",HR≥45/EDG≥-5.0/CV≤-/μ≥-/TP≥55,53.85,-5.0,,,55.0,45,39,21,18,53.85,6.09,-25.15,37.32,2.374,0.538,13
"[-109,+100]",HR≥45/EDG≥-5.0/CV≤-/μ≥-/TP≥60,52.94,-5.0,,,60.0,40,34,18,16,52.94,4.1,-29.39,37.59,1.394,0.5,12
"[-109,+100]",HR≥45/EDG≥-5.0/CV≤-/μ≥0.0/TP≥-,53.66,-5.0,,0.0,,48,41,22,19,53.66,5.67,-24.77,36.11,2.327,0.538,13
"[-109,+100]",HR≥45/EDG≥-5.0/CV≤-/μ≥0.0/TP≥50,53.66,-5.0,,0.0,50.0,48,41,22,19,53.66,5.67,-24.77,36.11,2.327,0.538,13
"[-109,+100]",HR≥45/EDG≥-5.0/CV≤-/μ≥0.0/TP≥55,53.85,-5.0,,0.0,55.0,45,39,21,18,53.85,6.09,-25.15,37.32,2.374,0.538,13
"[-109,+100]",HR≥45/EDG≥-5.0/CV≤-/μ≥0.0/TP≥60,52.94,-5.0,,0.0,60.0,40,34,18,16,52.94,4.1,-29.39,37.59,1.394,0.5,12
"[-109,+100]",HR≥45/EDG≥0.0/CV≤-/μ≥-/TP≥-,53.66,0.0,,,,48,41,22,19,53.66,5.67,-24.77,36.11,2.327,0.538,13
"[-109,+100]",HR≥45/EDG≥0.0/CV≤-/μ≥-/TP≥50,53.66,0.0,,,50.0,48,41,22,19,53.66,5.67,-24.77,36.11,2.327,0.538,13
"[-109,+100]",HR≥45/EDG≥0.0/CV≤-/μ≥-/TP≥55,53.85,0.0,,,55.0,45,39,21,18,53.85,6.09,-25.15,37.32,2.374,0.538,13
"[-109,+100]",HR≥45/EDG≥0.0/CV≤-/μ≥-/TP≥60,52.94,0.0,,,60.0,40,34,18,16,52.94,4.1,-29.39,37.59,1.394,0.5,12
"[-109,+100]",HR≥45/EDG≥0.0/CV≤-/μ≥0.0/TP≥-,53.66,0.0,,0.0,,48,41,22,19,53.66,5.67,-24.77,36.11,2.327,0.538,13
"[-109,+100]",HR≥45/EDG≥0.0/CV≤-/μ≥0.0/TP≥50,53.66,0.0,,0.0,50.0,48,41,22,19,53.66,5.67,-24.77,36.11,2.327,0.538,13
"[-109,+100]",HR≥45/EDG≥0.0/CV≤-/μ≥0.0/TP≥55,53.85,0.0,,0.0,55.0,45,39,21,18,53.85,6.09,-25.15,37.32,2.374,0.538,13
"[-109,+100]",HR≥45/EDG≥0.0/CV≤-/μ≥0.0/TP≥60,52.94,0.0,,0.0,60.0,40,34,18,16,52.94,4.1,-29.39,37.59,1.394,0.5,12
"[-109,+100]",HR≥45/EDG≥5.0/CV≤-/μ≥-/TP≥-,55.26,5.0,,,,44,38,21,17,55.26,8.88,-22.69,40.45,3.374,0.615,13
"[-109,+100]",HR≥45/EDG≥5.0/CV≤-/μ≥-/TP≥50,55.26,5.0,,,50.0,44,38,21,17,55.26,8.88,-22.69,40.45,3.374,0.615,13
"[-109,+100]",HR≥45/EDG≥5.0/CV≤-/μ≥-/TP≥55,55.26,5.0,,,55.0,44,38,21,17,55.26,8.88,-22.69,40.45,3.374,0.615,13
"[-109,+100]",HR≥45/EDG≥5.0/CV≤-/μ≥-/TP≥60,52.94,5.0,,,60.0,40,34,18,16,52.94,4.1,-29.39,37.59,1.394,0.5,12
"[-109,+100]",HR≥45/EDG≥5.0/CV≤-/μ≥0.0/TP≥-,55.26,5.0,,0.0,,44,38,21,17,55.26,8.88,-22.69,40.45,3.374,0.615,13
"[-109,+100]",HR≥45/EDG≥5.0/CV≤-/μ≥0.0/TP≥50,55.26,5.0,,0.0,50.0,44,38,21,17,55.26,8.88,-22.69,40.45,3.374,0.615,13
"[-109,+100]",HR≥45/EDG≥5.0/CV≤-/μ≥0.0/TP≥55,55.26,5.0,,0.0,55.0,44,38,21,17,55.26,8.88,-22.69,40.45,3.374,0.615,13
"[-109,+100]",HR≥45/EDG≥5.0/CV≤-/μ≥0.0/TP≥60,52.94,5.0,,0.0,60.0,40,34,18,16,52.94,4.1,-29.39,37.59,1.394,0.5,12
"[-109,+100]",HR≥45/EDG≥10.0/CV≤-/μ≥-/TP≥-,51.52,10.0,,,,39,33,17,16,51.52,1.36,-32.71,35.44,0.45,0.5,12
"[-109,+100]",HR≥45/EDG≥10.0/CV≤-/μ≥-/TP≥50,51.52,10.0,,,50.0,39,33,17,16,51.52,1.36,-32.71,35.44,0.45,0.5,12
"[-109,+100]",HR≥45/EDG≥10.0/CV≤-/μ≥-/TP≥55,51.52,10.0,,,55.0,39,33,17,16,51.52,1.36,-32.71,35.44,0.45,0.5,12
"[-109,+100]",HR≥45/EDG≥10.0/CV≤-/μ≥-/TP≥60,51.52,10.0,,,60.0,39,33,17,16,51.52,1.36,-32.71,35.44,0.45,0.5,12
"[-109,+100]",HR≥45/EDG≥10.0/CV≤-/μ≥0.0/TP≥-,51.52,10.0,,0.0,,39,33,17,16,51.52,1.36,-32.71,35.44,0.45,0.5,12
"[-109,+100]",HR≥45/EDG≥10.0/CV≤-/μ≥0.0/TP≥50,51.52,10.0,,0.0,50.0,39,33,17,16,51.52,1.36,-32.71,35.44,0.45,0.5,12
"[-109,+100]",HR≥45/EDG≥10.0/CV≤-/μ≥0.0/TP≥55,51.52,10.0,,0.0,55.0,39,33,17,16,51.52,1.36,-32.71,35.44,0.45,0.5,12
"[-109,+100]",HR≥45/EDG≥10.0/CV≤-/μ≥0.0/TP≥60,51.52,10.0,,0.0,60.0,39,33,17,16,51.52,1.36,-32.71,35.44,0.45,0.5,12
"[-109,+100]",HR≥50/EDG≥-/CV≤-/μ≥-/TP≥-,48.72,,,,,47,39,19,20,48.72,-4.24,-35.48,27.01,-1.652,0.333,12
"[-109,+100]",HR≥50/EDG≥-/CV≤-/μ≥-/TP≥50,48.57,,,,50.0,42,35,17,18,48.57,-4.37,-37.45,28.71,-1.531,0.417,12
"[-109,+100]",HR≥50/EDG≥-/CV≤-/μ≥-/TP≥55,48.48,,,,55.0,39,33,16,17,48.48,-4.49,-38.61,29.62,-1.483,0.417,12
"[-109,+100]",HR≥50/EDG≥-/CV≤-/μ≥0.0/TP≥-,48.57,,,0.0,,42,35,17,18,48.57,-4.37,-37.45,28.71,-1.531,0.417,12
"[-109,+100]",HR≥50/EDG≥-/CV≤-/μ≥0.0/TP≥50,48.57,,,0.0,50.0,42,35,17,18,48.57,-4.37,-37.45,28.71,-1.531,0.417,12
"[-109,+100]",HR≥50/EDG≥-/CV≤-/μ≥0.0/TP≥55,48.48,,,0.0,55.0,39,33,16,17,48.48,-4.49,-38.61,29.62,-1.483,0.417,12
"[-109,+100]",HR≥50/EDG≥-5.0/CV≤-/μ≥-/TP≥-,48.57,-5.0,,,,43,35,17,18,48.57,-4.37,-37.45,28.71,-1.531,0.417,12
"[-109,+100]",HR≥50/EDG≥-5.0/CV≤-/μ≥-/TP≥50,48.57,-5.0,,,50.0,42,35,17,18,48.57,-4.37,-37.45,28.71,-1.531,0.417,12
"[-109,+100]",HR≥50/EDG≥-5.0/CV≤-/μ≥-/TP≥55,48.48,-5.0,,,55.0,39,33,16,17,48.48,-4.49,-38.61,29.62,-1.483,0.417,12
"[-109,+100]",HR≥50/EDG≥-5.0/CV≤-/μ≥0.0/TP≥-,48.57,-5.0,,0.0,,42,35,17,18,48.57,-4.37,-37.45,28.71,-1.531,0.417,12
"[-109,+100]",HR≥50/EDG≥-5.0/CV≤-/μ≥0.0/TP≥50,48.57,-5.0,,0.0,50.0,42,35,17,18,48.57,-4.37,-37.45,28.71,-1.531,0.417,12
"[-109,+100]",HR≥50/EDG≥-5.0/CV≤-/μ≥0.0/TP≥55,48.48,-5.0,,0.0,55.0,39,33,16,17,48.48,-4.49,-38.61,29.62,-1.483,0.417,12
"[-109,+100]",HR≥50/EDG≥0.0/CV≤-/μ≥-/TP≥-,48.57,0.0,,,,42,35,17,18,48.57,-4.37,-37.45,28.71,-1.531,0.417,12
"[-109,+100]",HR≥50/EDG≥0.0/CV≤-/μ≥-/TP≥50,48.57,0.0,,,50.0,42,35,17,18,48.57,-4.37,-37.45,28.71,-1.531,0.417,12
"[-109,+100]",HR≥50/EDG≥0.0/CV≤-/μ≥-/TP≥55,48.48,0.0,,,55.0,39,33,16,17,48.48,-4.49,-38.61,29.62,-1.483,0.417,12
"[-109,+100]",HR≥50/EDG≥0.0/CV≤-/μ≥0.0/TP≥-,48.57,0.0,,0.0,,42,35,17,18,48.57,-4.37,-37.45,28.71,-1.531,0.417,12
"[-109,+100]",HR≥50/EDG≥0.0/CV≤-/μ≥0.0/TP≥50,48.57,0.0,,0.0,50.0,42,35,17,18,48.57,-4.37,-37.45,28.71,-1.531,0.417,12
"[-109,+100]",HR≥50/EDG≥0.0/CV≤-/μ≥0.0/TP≥55,48.48,0.0,,0.0,55.0,39,33,16,17,48.48,-4.49,-38.61,29.62,-1.483,0.417,12
"[-109,+100]",HR≥50/EDG≥5.0/CV≤-/μ≥-/TP≥-,50.0,5.0,,,,38,32,16,16,50.0,-1.51,-36.19,33.17,-0.483,0.5,12
"[-109,+100]",HR≥50/EDG≥5.0/CV≤-/μ≥-/TP≥50,50.0,5.0,,,50.0,38,32,16,16,50.0,-1.51,-36.19,33.17,-0.483,0.5,12
"[-109,+100]",HR≥50/EDG≥5.0/CV≤-/μ≥-/TP≥55,50.0,5.0,,,55.0,38,32,16,16,50.0,-1.51,-36.19,33.17,-0.483,0.5,12
"[-109,+100]",HR≥50/EDG≥5.0/CV≤-/μ≥0.0/TP≥-,50.0,5.0,,0.0,,38,32,16,16,50.0,-1.51,-36.19,33.17,-0.483,0.5,12
"[-109,+100]",HR≥50/EDG≥5.0/CV≤-/μ≥0.0/TP≥50,50.0,5.0,,0.0,50.0,38,32,16,16,50.0,-1.51,-36.19,33.17,-0.483,0.5,12
"[-109,+100]",HR≥50/EDG≥5.0/CV≤-/μ≥0.0/TP≥55,50.0,5.0,,0.0,55.0,38,32,16,16,50.0,-1.51,-36.19,33.17,-0.483,0.5,12
"[+101,+200]",HR≥-/EDG≥-/CV≤-/μ≥-/TP≥-,37.5,,,,,332,288,108,180,37.5,-16.98,-29.42,-4.54,-48.9,0.154,13
"[+101,+200]",HR≥-/EDG≥-/CV≤-/μ≥-/TP≥50,43.86,,,,50.0,197,171,75,96,43.86,-2.04,-18.76,14.68,-3.49,0.538,13
"[+101,+200]",HR≥-/EDG≥-/CV≤-/μ≥-/TP≥55,41.72,,,,55.0,173,151,63,88,41.72,-6.55,-24.28,11.18,-9.89,0.385,13
"[+101,+200]",HR≥-/EDG≥-/CV≤-/μ≥-/TP≥60,41.79,,,,60.0,156,134,56,78,41.79,-6.32,-25.17,12.53,-8.47,0.231,13
"[+101,+200]",HR≥-/EDG≥-/CV≤-/μ≥-/TP≥65,41.07,,,,65.0,129,112,46,66,41.07,-8.01,-28.57,12.55,-8.97,0.462,13
"[+101,+200]",HR≥-/EDG≥-/CV≤-/μ≥0.0/TP≥-,43.86,,,0.0,,197,171,75,96,43.86,-2.04,-18.76,14.68,-3.49,0.538,13
"[+101,+200]",HR≥-/EDG≥-/CV≤-/μ≥0.0/TP≥50,43.86,,,0.0,50.0,197,171,75,96,43.86,-2.04,-18.76,14.68,-3.49,0.538,13
"[+101,+200]",HR≥-/EDG≥-/CV≤-/μ≥0.0/TP≥55,41.72,,,0.0,55.0,173,151,63,88,41.72,-6.55,-24.28,11.18,-9.89,0.385,13
"[+101,+200]",HR≥-/EDG≥-/CV≤-/μ≥0.0/TP≥60,41.79,,,0.0,60.0,156,134,56,78,41.79,-6.32,-25.17,12.53,-8.47,0.231,13
"[+101,+200]",HR≥-/EDG≥-/CV≤-/μ≥0.0/TP≥65,41.07,,,0.0,65.0,129,112,46,66,41.07,-8.01,-28.57,12.55,-8.97,0.462,13
"[+101,+200]",HR≥-/EDG≥-/CV≤-/μ≥0.5/TP≥-,40.54,,,0.5,,87,74,30,44,40.54,-9.22,-34.51,16.08,-6.82,0.667,9
"[+101,+200]",HR≥-/EDG≥-/CV≤-/μ≥0.5/TP≥50,40.54,,,0.5,50.0,87,74,30,44,40.54,-9.22,-34.51,16.08,-6.82,0.667,9
"[+101,+200]",HR≥-/EDG≥-/CV≤-/μ≥0.5/TP≥55,40.54,,,0.5,55.0,87,74,30,44,40.54,-9.22,-34.51,16.08,-6.82,0.667,9
"[+101,+200]",HR≥-/EDG≥-/CV≤-/μ≥0.5/TP≥60,40.54,,,0.5,60.0,87,74,30,44,40.54,-9.22,-34.51,16.08,-6.82,0.667,9
"[+101,+200]",HR≥-/EDG≥-/CV≤-/μ≥0.5/TP≥65,40.54,,,0.5,65.0,87,74,30,44,40.54,-9.22,-34.51,16.08,-6.82,0.667,9
"[+101,+200]",HR≥-/EDG≥-/CV≤-/μ≥1.0/TP≥-,21.21,,,1.0,,37,33,7,26,21.21,-52.64,-84.34,-20.94,-17.37,0.25,8
"[+101,+200]",HR≥-/EDG≥-/CV≤-/μ≥1.0/TP≥50,21.21,,,1.0,50.0,37,33,7,26,21.21,-52.64,-84.34,-20.94,-17.37,0.25,8
"[+101,+200]",HR≥-/EDG≥-/CV≤-/μ≥1.0/TP≥55,21.21,,,1.0,55.0,37,33,7,26,21.21,-52.64,-84.34,-20.94,-17.37,0.25,8
"[+101,+200]",HR≥-/EDG≥-/CV≤-/μ≥1.0/TP≥60,21.21,,,1.0,60.0,37,33,7,26,21.21,-52.64,-84.34,-20.94,-17.37,0.25,8
"[+101,+200]",HR≥-/EDG≥-/CV≤-/μ≥1.0/TP≥65,21.21,,,1.0,65.0,37,33,7,26,21.21,-52.64,-84.34,-20.94,-17.37,0.25,8
"[+101,+200]",HR≥-/EDG≥-/CV≤0.7/μ≥-/TP≥-,40.68,,0.7,,,64,59,24,35,40.68,-9.98,-38.04,18.08,-5.89,0.333,12
"[+101,+200]",HR≥-/EDG≥-/CV≤0.7/μ≥-/TP≥50,50.0,,0.7,,50.0,35,32,16,16,50.0,13.41,-26.62,53.43,4.29,0.364,11
"[+101,+200]",HR≥-/EDG≥-/CV≤0.7/μ≥0.0/TP≥-,50.0,,0.7,0.0,,35,32,16,16,50.0,13.41,-26.62,53.43,4.29,0.364,11
"[+101,+200]",HR≥-/EDG≥-/CV≤0.7/μ≥0.0/TP≥50,50.0,,0.7,0.0,50.0,35,32,16,16,50.0,13.41,-26.62,53.43,4.29,0.364,11
"[+101,+200]",HR≥-/EDG≥-/CV≤0.6/μ≥-/TP≥-,40.0,,0.6,,,39,35,14,21,40.0,-11.94,-48.3,24.41,-4.18,0.6,10
"[+101,+200]",HR≥-/EDG≥-5.0/CV≤-/μ≥-/TP≥-,40.62,-5.0,,,,256,224,91,133,40.62,-9.62,-24.01,4.77,-21.55,0.308,13
"[+101,+200]",HR≥-/EDG≥-5.0/CV≤-/μ≥-/TP≥50,43.86,-5.0,,,50.0,197,171,75,96,43.86,-2.04,-18.76,14.68,-3.49,0.538,13
"[+101,+200]",HR≥-/EDG≥-5.0/CV≤-/μ≥-/TP≥55,41.72,-5.0,,,55.0,173,151,63,88,41.72,-6.55,-24.28,11.18,-9.89,0.385,13
"[+101,+200]",HR≥-/EDG≥-5.0/CV≤-/μ≥-/TP≥60,41.79,-5.0,,,60.0,156,134,56,78,41.79,-6.32,-25.17,12.53,-8.47,0.231,13
"[+101,+200]",HR≥-/EDG≥-5.0/CV≤-/μ≥-/TP≥65,41.07,-5.0,,,65.0,129,112,46,66,41.07,-8.01,-28.57,12.55,-8.97,0.462,13
"[+101,+200]",HR≥-/EDG≥-5.0/CV≤-/μ≥0.0/TP≥-,43.86,-5.0,,0.0,,197,171,75,96,43.86,-2.04,-18.76,14.68,-3.49,0.538,13
"[+101,+200]",HR≥-/EDG≥-5.0/CV≤-/μ≥0.0/TP≥50,43.86,-5.0,,0.0,50.0,197,171,75,96,43.86,-2.04,-18.76,14.68,-3.49,0.538,13
"[+101,+200]",HR≥-/EDG≥-5.0/CV≤-/μ≥0.0/TP≥55,41.72,-5.0,,0.0,55.0,173,151,63,88,41.72,-6.55,-24.28,11.18,-9.89,0.385,13
"[+101,+200]",HR≥-/EDG≥-5.0/CV≤-/μ≥0.0/TP≥60,41.79,-5.0,,0.0,60.0,156,134,56,78,41.79,-6.32,-25.17,12.53,-8.47,0.231,13
"[+101,+200]",HR≥-/EDG≥-5.0/CV≤-/μ≥0.0/TP≥65,41.07,-5.0,,0.0,65.0,129,112,46,66,41.07,-8.01,-28.57,12.55,-8.97,0.462,13
"[+101,+200]",HR≥-/EDG≥-5.0/CV≤-/μ≥0.5/TP≥-,40.54,-5.0,,0.5,,87,74,30,44,40.54,-9.22,-34.51,16.08,-6.82,0.667,9
"[+101,+200]",HR≥-/EDG≥-5.0/CV≤-/μ≥0.5/TP≥50,40.54,-5.0,,0.5,50.0,87,74,30,44,40.54,-9.22,-34.51,16.08,-6.82,0.667,9
"[+101,+200]",HR≥-/EDG≥-5.0/CV≤-/μ≥0.5/TP≥55,40.54,-5.0,,0.5,55.0,87,74,30,44,40.54,-9.22,-34.51,16.08,-6.82,0.667,9
"[+101,+200]",HR≥-/EDG≥-5.0/CV≤-/μ≥0.5/TP≥60,40.54,-5.0,,0.5,60.0,87,74,30,44,40.54,-9.22,-34.51,16.08,-6.82,0.667,9
"[+101,+200]",HR≥-/EDG≥-5.0/CV≤-/μ≥0.5/TP≥65,40.54,-5.0,,0.5,65.0,87,74,30,44,40.54,-9.22,-34.51,16.08,-6.82,0.667,9
"[+101,+200]",HR≥-/EDG≥-5.0/CV≤-/μ≥1.0/TP≥-,21.21,-5.0,,1.0,,37,33,7,26,21.21,-52.64,-84.34,-20.94,-17.37,0.25,8
"[+101,+200]",HR≥-/EDG≥-5.0/CV≤-/μ≥1.0/TP≥50,21.21,-5.0,,1.0,50.0,37,33,7,26,21.21,-52.64,-84.34,-20.94,-17.37,0.25,8
"[+101,+200]",HR≥-/EDG≥-5.0/CV≤-/μ≥1.0/TP≥55,21.21,-5.0,,1.0,55.0,37,33,7,26,21.21,-52.64,-84.34,-20.94,-17.37,0.25,8
"[+101,+200]",HR≥-/EDG≥-5.0/CV≤-/μ≥1.0/TP≥60,21.21,-5.0,,1.0,60.0,37,33,7,26,21.21,-52.64,-84.34,-20.94,-17.37,0.25,8
"[+101,+200]",HR≥-/EDG≥-5.0/CV≤-/μ≥1.0/TP≥65,21.21,-5.0,,1.0,65.0,37,33,7,26,21.21,-52.64,-84.34,-20.94,-17.37,0.25,8
"[+101,+200]",HR≥-/EDG≥-5.0/CV≤0.7/μ≥-/TP≥-,42.11,-5.0,0.7,,,41,38,16,22,42.11,-4.5,-40.66,31.66,-1.71,0.333,12
"[+101,+200]",HR≥-/EDG≥-5.0/CV≤0.7/μ≥-/TP≥50,50.0,-5.0,0.7,,50.0,35,32,16,16,50.0,13.41,-26.62,53.43,4.29,0.364,11
"[+101,+200]",HR≥-/EDG≥-5.0/CV≤0.7/μ≥0.0/TP≥-,50.0,-5.0,0.7,0.0,,35,32,16,16,50.0,13.41,-26.62,53.43,4.29,0.364,11
"[+101,+200]",HR≥-/EDG≥-5.0/CV≤0.7/μ≥0.0/TP≥50,50.0,-5.0,0.7,0.0,50.0,35,32,16,16,50.0,13.41,-26.62,53.43,4.29,0.364,11
"[+101,+200]",HR≥-/EDG≥0.0/CV≤-/μ≥-/TP≥-,41.75,0.0,,,,224,194,81,113,41.75,-6.57,-22.19,9.05,-12.75,0.385,13
"[+101,+200]",HR≥-/EDG≥0.0/CV≤-/μ≥-/TP≥50,43.86,0.0,,,50.0,197,171,75,96,43.86,-2.04,-18.76,14.68,-3.49,0.538,13
"[+101,+200]",HR≥-/EDG≥0.0/CV≤-/μ≥-/TP≥55,41.72,0.0,,,55.0,173,151,63,88,41.72,-6.55,-24.28,11.18,-9.89,0.385,13
"[+101,+200]",HR≥-/EDG≥0.0/CV≤-/μ≥-/TP≥60,41.79,0.0,,,60.0,156,134,56,78,41.79,-6.32,-25.17,12.53,-8.47,0.231,13
"[+101,+200]",HR≥-/EDG≥0.0/CV≤-/μ≥-/TP≥65,41.07,0.0,,,65.0,129,112,46,66,41.07,-8.01,-28.57,12.55,-8.97,0.462,13
"[+101,+200]",HR≥-/EDG≥0.0/CV≤-/μ≥0.0/TP≥-,43.86,0.0,,0.0,,197,171,75,96,43.86,-2.04,-18.76,14.68,-3.49,0.538,13
"[+101,+200]",HR≥-/EDG≥0.0/CV≤-/μ≥0.0/TP≥50,43.86,0.0,,0.0,50.0,197,171,75,96,43.86,-2.04,-18.76,14.68,-3.49,0.538,13
"[+101,+200]",HR≥-/EDG≥0.0/CV≤-/μ≥0.0/TP≥55,41.72,0.0,,0.0,55.0,173,151,63,88,41.72,-6.55,-24.28,11.18,-9.89,0.385,13
"[+101,+200]",HR≥-/EDG≥0.0/CV≤-/μ≥0.0/TP≥60,41.79,0.0,,0.0,60.0,156,134,56,78,41.79,-6.32,-25.17,12.53,-8.47,0.231,13
"[+101,+200]",HR≥-/EDG≥0.0/CV≤-/μ≥0.0/TP≥65,41.07,0.0,,0.0,65.0,129,112,46,66,41.07,-8.01,-28.57,12.55,-8.97,0.462,13
"[+101,+200]",HR≥-/EDG≥0.0/CV≤-/μ≥0.5/TP≥-,40.54,0.0,,0.5,,87,74,30,44,40.54,-9.22,-34.51,16.08,-6.82,0.667,9
"[+101,+200]",HR≥-/EDG≥0.0/CV≤-/μ≥0.5/TP≥50,40.54,0.0,,0.5,50.0,87,74,30,44,40.54,-9.22,-34.51,16.08,-6.82,0.667,9
"[+101,+200]",HR≥-/EDG≥0.0/CV≤-/μ≥0.5/TP≥55,40.54,0.0,,0.5,55.0,87,74,30,44,40.54,-9.22,-34.51,16.08,-6.82,0.667,9
"[+101,+200]",HR≥-/EDG≥0.0/CV≤-/μ≥0.5/TP≥60,40.54,0.0,,0.5,60.0,87,74,30,44,40.54,-9.22,-34.51,16.08,-6.82,0.667,9
"[+101,+200]",HR≥-/EDG≥0.0/CV≤-/μ≥0.5/TP≥65,40.54,0.0,,0.5,65.0,87,74,30,44,40.54,-9.22,-34.51,16.08,-6.82,0.667,9
"[+101,+200]",HR≥-/EDG≥0.0/CV≤-/μ≥1.0/TP≥-,21.21,0.0,,1.0,,37,33,7,26,21.21,-52.64,-84.34,-20.94,-17.37,0.25,8
"[+101,+200]",HR≥-/EDG≥0.0/CV≤-/μ≥1.0/TP≥50,21.21,0.0,,1.0,50.0,37,33,7,26,21.21,-52.64,-84.34,-20.94,-17.37,0.25,8
"[+101,+200]",HR≥-/EDG≥0.0/CV≤-/μ≥1.0/TP≥55,21.21,0.0,,1.0,55.0,37,33,7,26,21.21,-52.64,-84.34,-20.94,-17.37,0.25,8
"[+101,+200]",HR≥-/EDG≥0.0/CV≤-/μ≥1.0/TP≥60,21.21,0.0,,1.0,60.0,37,33,7,26,21.21,-52.64,-84.34,-20.94,-17.37,0.25,8
"[+101,+200]",HR≥-/EDG≥0.0/CV≤-/μ≥1.0/TP≥65,21.21,0.0,,1.0,65.0,37,33,7,26,21.21,-52.64,-84.34,-20.94,-17.37,0.25,8
"[+101,+200]",HR≥-/EDG≥0.0/CV≤0.7/μ≥-/TP≥-,50.0,0.0,0.7,,,35,32,16,16,50.0,13.41,-26.62,53.43,4.29,0.364,11
"[+101,+200]",HR≥-/EDG≥0.0/CV≤0.7/μ≥-/TP≥50,50.0,0.0,0.7,,50.0,35,32,16,16,50.0,13.41,-26.62,53.43,4.29,0.364,11
"[+101,+200]",HR≥-/EDG≥0.0/CV≤0.7/μ≥0.0/TP≥-,50.0,0.0,0.7,0.0,,35,32,16,16,50.0,13.41,-26.62,53.43,4.29,0.364,11
"[+101,+200]",HR≥-/EDG≥0.0/CV≤0.7/μ≥0.0/TP≥50,50.0,0.0,0.7,0.0,50.0,35,32,16,16,50.0,13.41,-26.62,53.43,4.29,0.364,11
"[+101,+200]",HR≥-/EDG≥5.0/CV≤-/μ≥-/TP≥-,43.02,5.0,,,,199,172,74,98,43.02,-3.55,-20.24,13.14,-6.1,0.538,13
"[+101,+200]",HR≥-/EDG≥5.0/CV≤-/μ≥-/TP≥50,43.37,5.0,,,50.0,191,166,72,94,43.37,-2.81,-19.81,14.19,-4.67,0.615,13
"[+101,+200]",HR≥-/EDG≥5.0/CV≤-/μ≥-/TP≥55,41.72,5.0,,,55.0,173,151,63,88,41.72,-6.55,-24.28,11.18,-9.89,0.385,13
"[+101,+200]",HR≥-/EDG≥5.0/CV≤-/μ≥-/TP≥60,41.79,5.0,,,60.0,156,134,56,78,41.79,-6.32,-25.17,12.53,-8.47,0.231,13
"[+101,+200]",HR≥-/EDG≥5.0/CV≤-/μ≥-/TP≥65,41.07,5.0,,,65.0,129,112,46,66,41.07,-8.01,-28.57,12.55,-8.97,0.462,13
"[+101,+200]",HR≥-/EDG≥5.0/CV≤-/μ≥0.0/TP≥-,43.37,5.0,,0.0,,191,166,72,94,43.37,-2.81,-19.81,14.19,-4.67,0.615,13
"[+101,+200]",HR≥-/EDG≥5.0/CV≤-/μ≥0.0/TP≥50,43.37,5.0,,0.0,50.0,191,166,72,94,43.37,-2.81,-19.81,14.19,-4.67,0.615,13
"[+101,+200]",HR≥-/EDG≥5.0/CV≤-/μ≥0.0/TP≥55,41.72,5.0,,0.0,55.0,173,151,63,88,41.72,-6.55,-24.28,11.18,-9.89,0.385,13
"[+101,+200]",HR≥-/EDG≥5.0/CV≤-/μ≥0.0/TP≥60,41.79,5.0,,0.0,60.0,156,134,56,78,41.79,-6.32,-25.17,12.53,-8.47,0.231,13
"[+101,+200]",HR≥-/EDG≥5.0/CV≤-/μ≥0.0/TP≥65,41.07,5.0,,0.0,65.0,129,112,46,66,41.07,-8.01,-28.57,12.55,-8.97,0.462,13
"[+101,+200]",HR≥-/EDG≥5.0/CV≤-/μ≥0.5/TP≥-,40.54,5.0,,0.5,,87,74,30,44,40.54,-9.22,-34.51,16.08,-6.82,0.667,9
"[+101,+200]",HR≥-/EDG≥5.0/CV≤-/μ≥0.5/TP≥50,40.54,5.0,,0.5,50.0,87,74,30,44,40.54,-9.22,-34.51,16.08,-6.82,0.667,9
"[+101,+200]",HR≥-/EDG≥5.0/CV≤-/μ≥0.5/TP≥55,40.54,5.0,,0.5,55.0,87,74,30,44,40.54,-9.22,-34.51,16.08,-6.82,0.667,9
"[+101,+200]",HR≥-/EDG≥5.0/CV≤-/μ≥0.5/TP≥60,40.54,5.0,,0.5,60.0,87,74,30,44,40.54,-9.22,-34.51,16.08,-6.82,0.667,9
"[+101,+200]",HR≥-/EDG≥5.0/CV≤-/μ≥0.5/TP≥65,40.54,5.0,,0.5,65.0,87,74,30,44,40.54,-9.22,-34.51,16.08,-6.82,0.667,9
"[+101,+200]",HR≥-/EDG≥5.0/CV≤-/μ≥1.0/TP≥-,21.21,5.0,,1.0,,37,33,7,26,21.21,-52.64,-84.34,-20.94,-17.37,0.25,8
"[+101,+200]",HR≥-/EDG≥5.0/CV≤-/μ≥1.0/TP≥50,21.21,5.0,,1.0,50.0,37,33,7,26,21.21,-52.64,-84.34,-20.94,-17.37,0.25,8
"[+101,+200]",HR≥-/EDG≥5.0/CV≤-/μ≥1.0/TP≥55,21.21,5.0,,1.0,55.0,37,33,7,26,21.21,-52.64,-84.34,-20.94,-17.37,0.25,8
"[+101,+200]",HR≥-/EDG≥5.0/CV≤-/μ≥1.0/TP≥60,21.21,5.0,,1.0,60.0,37,33,7,26,21.21,-52.64,-84.34,-20.94,-17.37,0.25,8
"[+101,+200]",HR≥-/EDG≥5.0/CV≤-/μ≥1.0/TP≥65,21.21,5.0,,1.0,65.0,37,33,7,26,21.21,-52.64,-84.34,-20.94,-17.37,0.25,8
"[+101,+200]",HR≥-/EDG≥5.0/CV≤0.7/μ≥-/TP≥-,50.0,5.0,0.7,,,33,30,15,15,50.0,14.2,-27.44,55.84,4.26,0.364,11
"[+101,+200]",HR≥-/EDG≥5.0/CV≤0.7/μ≥-/TP≥50,50.0,5.0,0.7,,50.0,33,30,15,15,50.0,14.2,-27.44,55.84,4.26,0.364,11
"[+101,+200]",HR≥-/EDG≥5.0/CV≤0.7/μ≥0.0/TP≥-,50.0,5.0,0.7,0.0,,33,30,15,15,50.0,14.2,-27.44,55.84,4.26,0.364,11
"[+101,+200]",HR≥-/EDG≥5.0/CV≤0.7/μ≥0.0/TP≥50,50.0,5.0,0.7,0.0,50.0,33,30,15,15,50.0,14.2,-27.44,55.84,4.26,0.364,11
"[+101,+200]",HR≥-/EDG≥10.0/CV≤-/μ≥-/TP≥-,42.38,10.0,,,,176,151,64,87,42.38,-4.66,-22.5,13.19,-7.03,0.385,13
"[+101,+200]",HR≥-/EDG≥10.0/CV≤-/μ≥-/TP≥50,42.38,10.0,,,50.0,176,151,64,87,42.38,-4.66,-22.5,13.19,-7.03,0.385,13
"[+101,+200]",HR≥-/EDG≥10.0/CV≤-/μ≥-/TP≥55,41.89,10.0,,,55.0,170,148,62,86,41.89,-6.04,-23.98,11.9,-8.94,0.385,13
"[+101,+200]",HR≥-/EDG≥10.0/CV≤-/μ≥-/TP≥60,41.79,10.0,,,60.0,156,134,56,78,41.79,-6.32,-25.17,12.53,-8.47,0.231,13
"[+101,+200]",HR≥-/EDG≥10.0/CV≤-/μ≥-/TP≥65,41.07,10.0,,,65.0,129,112,46,66,41.07,-8.01,-28.57,12.55,-8.97,0.462,13
"[+101,+200]",HR≥-/EDG≥10.0/CV≤-/μ≥0.0/TP≥-,42.38,10.0,,0.0,,176,151,64,87,42.38,-4.66,-22.5,13.19,-7.03,0.385,13
"[+101,+200]",HR≥-/EDG≥10.0/CV≤-/μ≥0.0/TP≥50,42.38,10.0,,0.0,50.0,176,151,64,87,42.38,-4.66,-22.5,13.19,-7.03,0.385,13
"[+101,+200]",HR≥-/EDG≥10.0/CV≤-/μ≥0.0/TP≥55,41.89,10.0,,0.0,55.0,170,148,62,86,41.89,-6.04,-23.98,11.9,-8.94,0.385,13
"[+101,+200]",HR≥-/EDG≥10.0/CV≤-/μ≥0.0/TP≥60,41.79,10.0,,0.0,60.0,156,134,56,78,41.79,-6.32,-25.17,12.53,-8.47,0.231,13
"[+101,+200]",HR≥-/EDG≥10.0/CV≤-/μ≥0.0/TP≥65,41.07,10.0,,0.0,65.0,129,112,46,66,41.07,-8.01,-28.57,12.55,-8.97,0.462,13
"[+101,+200]",HR≥-/EDG≥10.0/CV≤-/μ≥0.5/TP≥-,40.54,10.0,,0.5,,87,74,30,44,40.54,-9.22,-34.51,16.08,-6.82,0.667,9
"[+101,+200]",HR≥-/EDG≥10.0/CV≤-/μ≥0.5/TP≥50,40.54,10.0,,0.5,50.0,87,74,30,44,40.54,-9.22,-34.51,16.08,-6.82,0.667,9
"[+101,+200]",HR≥-/EDG≥10.0/CV≤-/μ≥0.5/TP≥55,40.54,10.0,,0.5,55.0,87,74,30,44,40.54,-9.22,-34.51,16.08,-6.82,0.667,9
"[+101,+200]",HR≥-/EDG≥10.0/CV≤-/μ≥0.5/TP≥60,40.54,10.0,,0.5,60.0,87,74,30,44,40.54,-9.22,-34.51,16.08,-6.82,0.667,9
"[+101,+200]",HR≥-/EDG≥10.0/CV≤-/μ≥0.5/TP≥65,40.54,10.0,,0.5,65.0,87,74,30,44,40.54,-9.22,-34.51,16.08,-6.82,0.667,9
"[+101,+200]",HR≥-/EDG≥10.0/CV≤-/μ≥1.0/TP≥-,21.21,10.0,,1.0,,37,33,7,26,21.21,-52.64,-84.34,-20.94,-17.37,0.25,8
"[+101,+200]",HR≥-/EDG≥10.0/CV≤-/μ≥1.0/TP≥50,21.21,10.0,,1.0,50.0,37,33,7,26,21.21,-52.64,-84.34,-20.94,-17.37,0.25,8
"[+101,+200]",HR≥-/EDG≥10.0/CV≤-/μ≥1.0/TP≥55,21.21,10.0,,1.0,55.0,37,33,7,26,21.21,-52.64,-84.34,-20.94,-17.37,0.25,8
"[+101,+200]",HR≥-/EDG≥10.0/CV≤-/μ≥1.0/TP≥60,21.21,10.0,,1.0,60.0,37,33,7,26,21.21,-52.64,-84.34,-20.94,-17.37,0.25,8
"[+101,+200]",HR≥-/EDG≥10.0/CV≤-/μ≥1.0/TP≥65,21.21,10.0,,1.0,65.0,37,33,7,26,21.21,-52.64,-84.34,-20.94,-17.37,0.25,8
"[+101,+200]",HR≥45/EDG≥-/CV≤-/μ≥-/TP≥-,40.4,,,,,114,99,40,59,40.4,-11.36,-32.73,10.01,-11.25,0.231,13
"[+101,+200]",HR≥45/EDG≥-/CV≤-/μ≥-/TP≥50,41.79,,,,50.0,80,67,28,39,41.79,-7.42,-33.85,19.02,-4.97,0.462,13
"[+101,+200]",HR≥45/EDG≥-/CV≤-/μ≥-/TP≥55,42.37,,,,55.0,71,59,25,34,42.37,-5.42,-33.89,23.04,-3.2,0.538,13
"[+101,+200]",HR≥45/EDG≥-/CV≤-/μ≥-/TP≥60,43.4,,,,60.0,65,53,23,30,43.4,-3.49,-33.53,26.55,-1.85,0.538,13
"[+101,+200]",HR≥45/EDG≥-/CV≤-/μ≥-/TP≥65,42.86,,,,65.0,52,42,18,24,42.86,-5.19,-38.79,28.41,-2.18,0.667,12
"[+101,+200]",HR≥45/EDG≥-/CV≤-/μ≥0.0/TP≥-,41.79,,,0.0,,80,67,28,39,41.79,-7.42,-33.85,19.02,-4.97,0.462,13
"[+101,+200]",HR≥45/EDG≥-/CV≤-/μ≥0.0/TP≥50,41.79,,,0.0,50.0,80,67,28,39,41.79,-7.42,-33.85,19.02,-4.97,0.462,13
"[+101,+200]",HR≥45/EDG≥-/CV≤-/μ≥0.0/TP≥55,42.37,,,0.0,55.0,71,59,25,34,42.37,-5.42,-33.89,23.04,-3.2,0.538,13
"[+101,+200]",HR≥45/EDG≥-/CV≤-/μ≥0.0/TP≥60,43.4,,,0.0,60.0,65,53,23,30,43.4,-3.49,-33.53,26.55,-1.85,0.538,13
"[+101,+200]",HR≥45/EDG≥-/CV≤-/μ≥0.0/TP≥65,42.86,,,0.0,65.0,52,42,18,24,42.86,-5.19,-38.79,28.41,-2.18,0.667,12
"[+101,+200]",HR≥45/EDG≥-5.0/CV≤-/μ≥-/TP≥-,39.76,-5.0,,,,97,83,33,50,39.76,-12.19,-35.65,11.26,-10.12,0.231,13
"[+101,+200]",HR≥45/EDG≥-5.0/CV≤-/μ≥-/TP≥50,41.79,-5.0,,,50.0,80,67,28,39,41.79,-7.42,-33.85,19.02,-4.97,0.462,13
"[+101,+200]",HR≥45/EDG≥-5.0/CV≤-/μ≥-/TP≥55,42.37,-5.0,,,55.0,71,59,25,34,42.37,-5.42,-33.89,23.04,-3.2,0.538,13
"[+101,+200]",HR≥45/EDG≥-5.0/CV≤-/μ≥-/TP≥60,43.4,-5.0,,,60.0,65,53,23,30,43.4,-3.49,-33.53,26.55,-1.85,0.538,13
"[+101,+200]",HR≥45/EDG≥-5.0/CV≤-/μ≥-/TP≥65,42.86,-5.0,,,65.0,52,42,18,24,42.86,-5.19,-38.79,28.41,-2.18,0.667,12
"[+101,+200]",HR≥45/EDG≥-5.0/CV≤-/μ≥0.0/TP≥-,41.79,-5.0,,0.0,,80,67,28,39,41.79,-7.42,-33.85,19.02,-4.97,0.462,13
"[+101,+200]",HR≥45/EDG≥-5.0/CV≤-/μ≥0.0/TP≥50,41.79,-5.0,,0.0,50.0,80,67,28,39,41.79,-7.42,-33.85,19.02,-4.97,0.462,13
"[+101,+200]",HR≥45/EDG≥-5.0/CV≤-/μ≥0.0/TP≥55,42.37,-5.0,,0.0,55.0,71,59,25,34,42.37,-5.42,-33.89,23.04,-3.2,0.538,13
"[+101,+200]",HR≥45/EDG≥-5.0/CV≤-/μ≥0.0/TP≥60,43.4,-5.0,,0.0,60.0,65,53,23,30,43.4,-3.49,-33.53,26.55,-1.85,0.538,13
"[+101,+200]",HR≥45/EDG≥-5.0/CV≤-/μ≥0.0/TP≥65,42.86,-5.0,,0.0,65.0,52,42,18,24,42.86,-5.19,-38.79,28.41,-2.18,0.667,12
"[+101,+200]",HR≥45/EDG≥0.0/CV≤-/μ≥-/TP≥-,39.73,0.0,,,,86,73,29,44,39.73,-11.92,-37.05,13.21,-8.7,0.385,13
"[+101,+200]",HR≥45/EDG≥0.0/CV≤-/μ≥-/TP≥50,41.79,0.0,,,50.0,80,67,28,39,41.79,-7.42,-33.85,19.02,-4.97,0.462,13
"[+101,+200]",HR≥45/EDG≥0.0/CV≤-/μ≥-/TP≥55,42.37,0.0,,,55.0,71,59,25,34,42.37,-5.42,-33.89,23.04,-3.2,0.538,13
"[+101,+200]",HR≥45/EDG≥0.0/CV≤-/μ≥-/TP≥60,43.4,0.0,,,60.0,65,53,23,30,43.4,-3.49,-33.53,26.55,-1.85,0.538,13
"[+101,+200]",HR≥45/EDG≥0.0/CV≤-/μ≥-/TP≥65,42.86,0.0,,,65.0,52,42,18,24,42.86,-5.19,-38.79,28.41,-2.18,0.667,12
"[+101,+200]",HR≥45/EDG≥0.0/CV≤-/μ≥0.0/TP≥-,41.79,0.0,,0.0,,80,67,28,39,41.79,-7.42,-33.85,19.02,-4.97,0.462,13
"[+101,+200]",HR≥45/EDG≥0.0/CV≤-/μ≥0.0/TP≥50,41.79,0.0,,0.0,50.0,80,67,28,39,41.79,-7.42,-33.85,19.02,-4.97,0.462,13
"[+101,+200]",HR≥45/EDG≥0.0/CV≤-/μ≥0.0/TP≥55,42.37,0.0,,0.0,55.0,71,59,25,34,42.37,-5.42,-33.89,23.04,-3.2,0.538,13
"[+101,+200]",HR≥45/EDG≥0.0/CV≤-/μ≥0.0/TP≥60,43.4,0.0,,0.0,60.0,65,53,23,30,43.4,-3.49,-33.53,26.55,-1.85,0.538,13
"[+101,+200]",HR≥45/EDG≥0.0/CV≤-/μ≥0.0/TP≥65,42.86,0.0,,0.0,65.0,52,42,18,24,42.86,-5.19,-38.79,28.41,-2.18,0.667,12
"[+101,+200]",HR≥45/EDG≥5.0/CV≤-/μ≥-/TP≥-,41.54,5.0,,,,77,65,27,38,41.54,-7.43,-34.41,19.55,-4.83,0.462,13
"[+101,+200]",HR≥45/EDG≥5.0/CV≤-/μ≥-/TP≥50,41.27,5.0,,,50.0,75,63,26,37,41.27,-8.1,-35.46,19.27,-5.1,0.538,13
"[+101,+200]",HR≥45/EDG≥5.0/CV≤-/μ≥-/TP≥55,42.37,5.0,,,55.0,71,59,25,34,42.37,-5.42,-33.89,23.04,-3.2,0.538,13
"[+101,+200]",HR≥45/EDG≥5.0/CV≤-/μ≥-/TP≥60,43.4,5.0,,,60.0,65,53,23,30,43.4,-3.49,-33.53,26.55,-1.85,0.538,13
"[+101,+200]",HR≥45/EDG≥5.0/CV≤-/μ≥-/TP≥65,42.86,5.0,,,65.0,52,42,18,24,42.86,-5.19,-38.79,28.41,-2.18,0.667,12
"[+101,+200]",HR≥45/EDG≥5.0/CV≤-/μ≥0.0/TP≥-,41.27,5.0,,0.0,,75,63,26,37,41.27,-8.1,-35.46,19.27,-5.1,0.538,13
"[+101,+200]",HR≥45/EDG≥5.0/CV≤-/μ≥0.0/TP≥50,41.27,5.0,,0.0,50.0,75,63,26,37,41.27,-8.1,-35.46,19.27,-5.1,0.538,13
"[+101,+200]",HR≥45/EDG≥5.0/CV≤-/μ≥0.0/TP≥55,42.37,5.0,,0.0,55.0,71,59,25,34,42.37,-5.42,-33.89,23.04,-3.2,0.538,13
"[+101,+200]",HR≥45/EDG≥5.0/CV≤-/μ≥0.0/TP≥60,43.4,5.0,,0.0,60.0,65,53,23,30,43.4,-3.49,-33.53,26.55,-1.85,0.538,13
"[+101,+200]",HR≥45/EDG≥5.0/CV≤-/μ≥0.0/TP≥65,42.86,5.0,,0.0,65.0,52,42,18,24,42.86,-5.19,-38.79,28.41,-2.18,0.667,12
"[+101,+200]",HR≥45/EDG≥10.0/CV≤-/μ≥-/TP≥-,43.86,10.0,,,,69,57,25,32,43.86,-2.11,-31.19,26.98,-1.2,0.538,13
"[+101,+200]",HR≥45/EDG≥10.0/CV≤-/μ≥-/TP≥50,43.86,10.0,,,50.0,69,57,25,32,43.86,-2.11,-31.19,26.98,-1.2,0.538,13
"[+101,+200]",HR≥45/EDG≥10.0/CV≤-/μ≥-/TP≥55,43.86,10.0,,,55.0,69,57,25,32,43.86,-2.11,-31.19,26.98,-1.2,0.538,13
"[+101,+200]",HR≥45/EDG≥10.0/CV≤-/μ≥-/TP≥60,43.4,10.0,,,60.0,65,53,23,30,43.4,-3.49,-33.53,26.55,-1.85,0.538,13
"[+101,+200]",HR≥45/EDG≥10.0/CV≤-/μ≥-/TP≥65,42.86,10.0,,,65.0,52,42,18,24,42.86,-5.19,-38.79,28.41,-2.18,0.667,12
"[+101,+200]",HR≥45/EDG≥10.0/CV≤-/μ≥0.0/TP≥-,43.86,10.0,,0.0,,69,57,25,32,43.86,-2.11,-31.19,26.98,-1.2,0.538,13
"[+101,+200]",HR≥45/EDG≥10.0/CV≤-/μ≥0.0/TP≥50,43.86,10.0,,0.0,50.0,69,57,25,32,43.86,-2.11,-31.19,26.98,-1.2,0.538,13
"[+101,+200]",HR≥45/EDG≥10.0/CV≤-/μ≥0.0/TP≥55,43.86,10.0,,0.0,55.0,69,57,25,32,43.86,-2.11,-31.19,26.98,-1.2,0.538,13
"[+101,+200]",HR≥45/EDG≥10.0/CV≤-/μ≥0.0/TP≥60,43.4,10.0,,0.0,60.0,65,53,23,30,43.4,-3.49,-33.53,26.55,-1.85,0.538,13
"[+101,+200]",HR≥45/EDG≥10.0/CV≤-/μ≥0.0/TP≥65,42.86,10.0,,0.0,65.0,52,42,18,24,42.86,-5.19,-38.79,28.41,-2.18,0.667,12
"[+101,+200]",HR≥50/EDG≥-/CV≤-/μ≥-/TP≥-,36.0,,,,,87,75,27,48,36.0,-21.33,-45.28,2.62,-16.0,0.308,13
"[+101,+200]",HR≥50/EDG≥-/CV≤-/μ≥-/TP≥50,38.0,,,,50.0,61,50,19,31,38.0,-15.86,-46.02,14.3,-7.93,0.385,13
"[+101,+200]",HR≥50/EDG≥-/CV≤-/μ≥-/TP≥55,36.36,,,,55.0,54,44,16,28,36.36,-18.55,-50.81,13.72,-8.16,0.417,12
"[+101,+200]",HR≥50/EDG≥-/CV≤-/μ≥-/TP≥60,35.9,,,,60.0,49,39,14,25,35.9,-20.03,-54.07,14.02,-7.81,0.333,12
"[+101,+200]",HR≥50/EDG≥-/CV≤-/μ≥-/TP≥65,33.33,,,,65.0,38,30,10,20,33.33,-26.77,-64.51,10.98,-8.03,0.6,10
"[+101,+200]",HR≥50/EDG≥-/CV≤-/μ≥0.0/TP≥-,38.0,,,0.0,,61,50,19,31,38.0,-15.86,-46.02,14.3,-7.93,0.385,13
"[+101,+200]",HR≥50/EDG≥-/CV≤-/μ≥0.0/TP≥50,38.0,,,0.0,50.0,61,50,19,31,38.0,-15.86,-46.02,14.3,-7.93,0.385,13
"[+101,+200]",HR≥50/EDG≥-/CV≤-/μ≥0.0/TP≥55,36.36,,,0.0,55.0,54,44,16,28,36.36,-18.55,-50.81,13.72,-8.16,0.417,12
"[+101,+200]",HR≥50/EDG≥-/CV≤-/μ≥0.0/TP≥60,35.9,,,0.0,60.0,49,39,14,25,35.9,-20.03,-54.07,14.02,-7.81,0.333,12
"[+101,+200]",HR≥50/EDG≥-/CV≤-/μ≥0.0/TP≥65,33.33,,,0.0,65.0,38,30,10,20,33.33,-26.77,-64.51,10.98,-8.03,0.6,10
"[+101,+200]",HR≥50/EDG≥-5.0/CV≤-/μ≥-/TP≥-,36.07,-5.0,,,,72,61,22,39,36.07,-20.66,-47.45,6.13,-12.6,0.308,13
"[+101,+200]",HR≥50/EDG≥-5.0/CV≤-/μ≥-/TP≥50,38.0,-5.0,,,50.0,61,50,19,31,38.0,-15.86,-46.02,14.3,-7.93,0.385,13
"[+101,+200]",HR≥50/EDG≥-5.0/CV≤-/μ≥-/TP≥55,36.36,-5.0,,,55.0,54,44,16,28,36.36,-18.55,-50.81,13.72,-8.16,0.417,12
"[+101,+200]",HR≥50/EDG≥-5.0/CV≤-/μ≥-/TP≥60,35.9,-5.0,,,60.0,49,39,14,25,35.9,-20.03,-54.07,14.02,-7.81,0.333,12
"[+101,+200]",HR≥50/EDG≥-5.0/CV≤-/μ≥-/TP≥65,33.33,-5.0,,,65.0,38,30,10,20,33.33,-26.77,-64.51,10.98,-8.03,0.6,10
"[+101,+200]",HR≥50/EDG≥-5.0/CV≤-/μ≥0.0/TP≥-,38.0,-5.0,,0.0,,61,50,19,31,38.0,-15.86,-46.02,14.3,-7.93,0.385,13
"[+101,+200]",HR≥50/EDG≥-5.0/CV≤-/μ≥0.0/TP≥50,38.0,-5.0,,0.0,50.0,61,50,19,31,38.0,-15.86,-46.02,14.3,-7.93,0.385,13
"[+101,+200]",HR≥50/EDG≥-5.0/CV≤-/μ≥0.0/TP≥55,36.36,-5.0,,0.0,55.0,54,44,16,28,36.36,-18.55,-50.81,13.72,-8.16,0.417,12
"[+101,+200]",HR≥50/EDG≥-5.0/CV≤-/μ≥0.0/TP≥60,35.9,-5.0,,0.0,60.0,49,39,14,25,35.9,-20.03,-54.07,14.02,-7.81,0.333,12
"[+101,+200]",HR≥50/EDG≥-5.0/CV≤-/μ≥0.0/TP≥65,33.33,-5.0,,0.0,65.0,38,30,10,20,33.33,-26.77,-64.51,10.98,-8.03,0.6,10
"[+101,+200]",HR≥50/EDG≥0.0/CV≤-/μ≥-/TP≥-,35.85,0.0,,,,64,53,19,34,35.85,-20.62,-49.55,8.3,-10.93,0.385,13
"[+101,+200]",HR≥50/EDG≥0.0/CV≤-/μ≥-/TP≥50,38.0,0.0,,,50.0,61,50,19,31,38.0,-15.86,-46.02,14.3,-7.93,0.385,13
"[+101,+200]",HR≥50/EDG≥0.0/CV≤-/μ≥-/TP≥55,36.36,0.0,,,55.0,54,44,16,28,36.36,-18.55,-50.81,13.72,-8.16,0.417,12
"[+101,+200]",HR≥50/EDG≥0.0/CV≤-/μ≥-/TP≥60,35.9,0.0,,,60.0,49,39,14,25,35.9,-20.03,-54.07,14.02,-7.81,0.333,12
"[+101,+200]",HR≥50/EDG≥0.0/CV≤-/μ≥-/TP≥65,33.33,0.0,,,65.0,38,30,10,20,33.33,-26.77,-64.51,10.98,-8.03,0.6,10
"[+101,+200]",HR≥50/EDG≥0.0/CV≤-/μ≥0.0/TP≥-,38.0,0.0,,0.0,,61,50,19,31,38.0,-15.86,-46.02,14.3,-7.93,0.385,13
"[+101,+200]",HR≥50/EDG≥0.0/CV≤-/μ≥0.0/TP≥50,38.0,0.0,,0.0,50.0,61,50,19,31,38.0,-15.86,-46.02,14.3,-7.93,0.385,13
"[+101,+200]",HR≥50/EDG≥0.0/CV≤-/μ≥0.0/TP≥55,36.36,0.0,,0.0,55.0,54,44,16,28,36.36,-18.55,-50.81,13.72,-8.16,0.417,12
"[+101,+200]",HR≥50/EDG≥0.0/CV≤-/μ≥0.0/TP≥60,35.9,0.0,,0.0,60.0,49,39,14,25,35.9,-20.03,-54.07,14.02,-7.81,0.333,12
"[+101,+200]",HR≥50/EDG≥0.0/CV≤-/μ≥0.0/TP≥65,33.33,0.0,,0.0,65.0,38,30,10,20,33.33,-26.77,-64.51,10.98,-8.03,0.6,10
"[+101,+200]",HR≥50/EDG≥5.0/CV≤-/μ≥-/TP≥-,36.17,5.0,,,,57,47,17,30,36.17,-19.28,-50.33,11.77,-9.06,0.385,13
"[+101,+200]",HR≥50/EDG≥5.0/CV≤-/μ≥-/TP≥50,36.17,5.0,,,50.0,57,47,17,30,36.17,-19.28,-50.33,11.77,-9.06,0.385,13
"[+101,+200]",HR≥50/EDG≥5.0/CV≤-/μ≥-/TP≥55,36.36,5.0,,,55.0,54,44,16,28,36.36,-18.55,-50.81,13.72,-8.16,0.417,12
"[+101,+200]",HR≥50/EDG≥5.0/CV≤-/μ≥-/TP≥60,35.9,5.0,,,60.0,49,39,14,25,35.9,-20.03,-54.07,14.02,-7.81,0.333,12
"[+101,+200]",HR≥50/EDG≥5.0/CV≤-/μ≥-/TP≥65,33.33,5.0,,,65.0,38,30,10,20,33.33,-26.77,-64.51,10.98,-8.03,0.6,10
"[+101,+200]",HR≥50/EDG≥5.0/CV≤-/μ≥0.0/TP≥-,36.17,5.0,,0.0,,57,47,17,30,36.17,-19.28,-50.33,11.77,-9.06,0.385,13
"[+101,+200]",HR≥50/EDG≥5.0/CV≤-/μ≥0.0/TP≥50,36.17,5.0,,0.0,50.0,57,47,17,30,36.17,-19.28,-50.33,11.77,-9.06,0.385,13
"[+101,+200]",HR≥50/EDG≥5.0/CV≤-/μ≥0.0/TP≥55,36.36,5.0,,0.0,55.0,54,44,16,28,36.36,-18.55,-50.81,13.72,-8.16,0.417,12
"[+101,+200]",HR≥50/EDG≥5.0/CV≤-/μ≥0.0/TP≥60,35.9,5.0,,0.0,60.0,49,39,14,25,35.9,-20.03,-54.07,14.02,-7.81,0.333,12
"[+101,+200]",HR≥50/EDG≥5.0/CV≤-/μ≥0.0/TP≥65,33.33,5.0,,0.0,65.0,38,30,10,20,33.33,-26.77,-64.51,10.98,-8.03,0.6,10
"[+101,+200]",HR≥50/EDG≥10.0/CV≤-/μ≥-/TP≥-,38.1,10.0,,,,52,42,16,26,38.1,-14.67,-48.03,18.7,-6.16,0.417,12
"[+101,+200]",HR≥50/EDG≥10.0/CV≤-/μ≥-/TP≥50,38.1,10.0,,,50.0,52,42,16,26,38.1,-14.67,-48.03,18.7,-6.16,0.417,12
"[+101,+200]",HR≥50/EDG≥10.0/CV≤-/μ≥-/TP≥55,38.1,10.0,,,55.0,52,42,16,26,38.1,-14.67,-48.03,18.7,-6.16,0.417,12
"[+101,+200]",HR≥50/EDG≥10.0/CV≤-/μ≥-/TP≥60,35.9,10.0,,,60.0,49,39,14,25,35.9,-20.03,-54.07,14.02,-7.81,0.333,12
"[+101,+200]",HR≥50/EDG≥10.0/CV≤-/μ≥-/TP≥65,33.33,10.0,,,65.0,38,30,10,20,33.33,-26.77,-64.51,10.98,-8.03,0.6,10
"[+101,+200]",HR≥50/EDG≥10.0/CV≤-/μ≥0.0/TP≥-,38.1,10.0,,0.0,,52,42,16,26,38.1,-14.67,-48.03,18.7,-6.16,0.417,12
"[+101,+200]",HR≥50/EDG≥10.0/CV≤-/μ≥0.0/TP≥50,38.1,10.0,,0.0,50.0,52,42,16,26,38.1,-14.67,-48.03,18.7,-6.16,0.417,12
"[+101,+200]",HR≥50/EDG≥10.0/CV≤-/μ≥0.0/TP≥55,38.1,10.0,,0.0,55.0,52,42,16,26,38.1,-14.67,-48.03,18.7,-6.16,0.417,12
"[+101,+200]",HR≥50/EDG≥10.0/CV≤-/μ≥0.0/TP≥60,35.9,10.0,,0.0,60.0,49,39,14,25,35.9,-20.03,-54.07,14.02,-7.81,0.333,12
"[+101,+200]",HR≥50/EDG≥10.0/CV≤-/μ≥0.0/TP≥65,33.33,10.0,,0.0,65.0,38,30,10,20,33.33,-26.77,-64.51,10.98,-8.03,0.6,10
"[+101,+200]",HR≥55/EDG≥-/CV≤-/μ≥-/TP≥-,35.71,,,,,49,42,15,27,35.71,-22.86,-54.61,8.9,-9.6,0.417,12
"[+101,+200]",HR≥55/EDG≥-/CV≤-/μ≥-/TP≥50,31.25,,,,50.0,39,32,10,22,31.25,-31.41,-67.3,4.49,-10.05,0.333,12
"[+101,+200]",HR≥55/EDG≥-/CV≤-/μ≥0.0/TP≥-,31.25,,,0.0,,39,32,10,22,31.25,-31.41,-67.3,4.49,-10.05,0.333,12
"[+101,+200]",HR≥55/EDG≥-/CV≤-/μ≥0.0/TP≥50,31.25,,,0.0,50.0,39,32,10,22,31.25,-31.41,-67.3,4.49,-10.05,0.333,12
"[+101,+200]",HR≥55/EDG≥-5.0/CV≤-/μ≥-/TP≥-,32.35,-5.0,,,,41,34,11,23,32.35,-29.41,-64.32,5.5,-10.0,0.333,12
"[+101,+200]",HR≥55/EDG≥-5.0/CV≤-/μ≥-/TP≥50,31.25,-5.0,,,50.0,39,32,10,22,31.25,-31.41,-67.3,4.49,-10.05,0.333,12
"[+101,+200]",HR≥55/EDG≥-5.0/CV≤-/μ≥0.0/TP≥-,31.25,-5.0,,0.0,,39,32,10,22,31.25,-31.41,-67.3,4.49,-10.05,0.333,12
"[+101,+200]",HR≥55/EDG≥-5.0/CV≤-/μ≥0.0/TP≥50,31.25,-5.0,,0.0,50.0,39,32,10,22,31.25,-31.41,-67.3,4.49,-10.05,0.333,12
"[+101,+200]",HR≥55/EDG≥0.0/CV≤-/μ≥-/TP≥-,31.25,0.0,,,,39,32,10,22,31.25,-31.41,-67.3,4.49,-10.05,0.333,12
"[+101,+200]",HR≥55/EDG≥0.0/CV≤-/μ≥-/TP≥50,31.25,0.0,,,50.0,39,32,10,22,31.25,-31.41,-67.3,4.49,-10.05,0.333,12
"[+101,+200]",HR≥55/EDG≥0.0/CV≤-/μ≥0.0/TP≥-,31.25,0.0,,0.0,,39,32,10,22,31.25,-31.41,-67.3,4.49,-10.05,0.333,12
"[+101,+200]",HR≥55/EDG≥0.0/CV≤-/μ≥0.0/TP≥50,31.25,0.0,,0.0,50.0,39,32,10,22,31.25,-31.41,-67.3,4.49,-10.05,0.333,12
