band,cfg,hr_min,edg_min,cv_max,mu_min,tp_min,n_total,n_graded,wins,losses,HR_pct,ROI_pct,ROI_lo,ROI_hi,P_and_L,consist,grd_days
"[-299,-200]",HR≥-/EDG≥-/CV≤-/μ≥-/TP≥-,70.71,,,,,109,99,70,29,70.71,0.31,-12.5,13.12,0.305,0.5,12
"[-299,-200]",HR≥-/EDG≥-/CV≤-/μ≥-/TP≥50,73.56,,,,50.0,94,87,64,23,73.56,4.33,-8.92,17.58,3.765,0.667,12
"[-299,-200]",HR≥-/EDG≥-/CV≤-/μ≥-/TP≥55,73.81,,,,55.0,91,84,62,22,73.81,4.82,-8.64,18.28,4.049,0.667,12
"[-299,-200]",HR≥-/EDG≥-/CV≤-/μ≥-/TP≥60,71.43,,,,60.0,83,77,55,22,71.43,1.21,-13.21,15.64,0.935,0.667,12
"[-299,-200]",HR≥-/EDG≥-/CV≤-/μ≥-/TP≥65,75.0,,,,65.0,70,64,48,16,75.0,6.12,-9.05,21.29,3.917,0.5,12
"[-299,-200]",HR≥-/EDG≥-/CV≤-/μ≥0.0/TP≥-,71.95,,,0.0,,89,82,59,23,71.95,1.86,-12.02,15.74,1.526,0.667,12
"[-299,-200]",HR≥-/EDG≥-/CV≤-/μ≥0.0/TP≥50,71.95,,,0.0,50.0,89,82,59,23,71.95,1.86,-12.02,15.74,1.526,0.667,12
"[-299,-200]",HR≥-/EDG≥-/CV≤-/μ≥0.0/TP≥55,72.15,,,0.0,55.0,86,79,57,22,72.15,2.29,-11.84,16.42,1.81,0.583,12
"[-299,-200]",HR≥-/EDG≥-/CV≤-/μ≥0.0/TP≥60,69.44,,,0.0,60.0,78,72,50,22,69.44,-1.81,-16.99,13.37,-1.304,0.583,12
"[-299,-200]",HR≥-/EDG≥-/CV≤-/μ≥0.0/TP≥65,73.77,,,0.0,65.0,67,61,45,16,73.77,4.33,-11.45,20.11,2.643,0.5,12
"[-299,-200]",HR≥-/EDG≥-/CV≤-/μ≥0.5/TP≥-,71.43,,,0.5,,75,70,50,20,71.43,1.17,-13.96,16.29,0.816,0.5,12
"[-299,-200]",HR≥-/EDG≥-/CV≤-/μ≥0.5/TP≥50,71.43,,,0.5,50.0,75,70,50,20,71.43,1.17,-13.96,16.29,0.816,0.5,12
"[-299,-200]",HR≥-/EDG≥-/CV≤-/μ≥0.5/TP≥55,71.43,,,0.5,55.0,75,70,50,20,71.43,1.17,-13.96,16.29,0.816,0.5,12
"[-299,-200]",HR≥-/EDG≥-/CV≤-/μ≥0.5/TP≥60,70.15,,,0.5,60.0,72,67,47,20,70.15,-0.69,-16.35,14.98,-0.46,0.5,12
"[-299,-200]",HR≥-/EDG≥-/CV≤-/μ≥0.5/TP≥65,74.58,,,0.5,65.0,64,59,44,15,74.58,5.53,-10.37,21.43,3.263,0.5,12
"[-299,-200]",HR≥-/EDG≥-/CV≤-/μ≥1.0/TP≥-,70.0,,,1.0,,53,50,35,15,70.0,-0.94,-19.13,17.26,-0.47,0.5,12
"[-299,-200]",HR≥-/EDG≥-/CV≤-/μ≥1.0/TP≥50,70.0,,,1.0,50.0,53,50,35,15,70.0,-0.94,-19.13,17.26,-0.47,0.5,12
"[-299,-200]",HR≥-/EDG≥-/CV≤-/μ≥1.0/TP≥55,70.0,,,1.0,55.0,53,50,35,15,70.0,-0.94,-19.13,17.26,-0.47,0.5,12
"[-299,-200]",HR≥-/EDG≥-/CV≤-/μ≥1.0/TP≥60,70.0,,,1.0,60.0,53,50,35,15,70.0,-0.94,-19.13,17.26,-0.47,0.5,12
"[-299,-200]",HR≥-/EDG≥-/CV≤-/μ≥1.0/TP≥65,72.92,,,1.0,65.0,51,48,35,13,72.92,3.19,-14.83,21.21,1.53,0.5,12
"[-299,-200]",HR≥-/EDG≥-/CV≤0.7/μ≥-/TP≥-,70.0,,0.7,,,98,90,63,27,70.0,-0.87,-14.38,12.64,-0.784,0.333,12
"[-299,-200]",HR≥-/EDG≥-/CV≤0.7/μ≥-/TP≥50,74.07,,0.7,,50.0,86,81,60,21,74.07,5.01,-8.64,18.65,4.054,0.583,12
"[-299,-200]",HR≥-/EDG≥-/CV≤0.7/μ≥-/TP≥55,74.36,,0.7,,55.0,83,78,58,20,74.36,5.56,-8.32,19.44,4.338,0.583,12
"[-299,-200]",HR≥-/EDG≥-/CV≤0.7/μ≥-/TP≥60,72.22,,0.7,,60.0,76,72,52,20,72.22,2.33,-12.47,17.12,1.675,0.583,12
"[-299,-200]",HR≥-/EDG≥-/CV≤0.7/μ≥-/TP≥65,75.0,,0.7,,65.0,64,60,45,15,75.0,6.09,-9.57,21.76,3.657,0.5,12
"[-299,-200]",HR≥-/EDG≥-/CV≤0.7/μ≥0.0/TP≥-,72.37,,0.7,0.0,,81,76,55,21,72.37,2.39,-11.96,16.74,1.815,0.583,12
"[-299,-200]",HR≥-/EDG≥-/CV≤0.7/μ≥0.0/TP≥50,72.37,,0.7,0.0,50.0,81,76,55,21,72.37,2.39,-11.96,16.74,1.815,0.583,12
"[-299,-200]",HR≥-/EDG≥-/CV≤0.7/μ≥0.0/TP≥55,72.6,,0.7,0.0,55.0,78,73,53,20,72.6,2.88,-11.75,17.51,2.099,0.5,12
"[-299,-200]",HR≥-/EDG≥-/CV≤0.7/μ≥0.0/TP≥60,70.15,,0.7,0.0,60.0,71,67,47,20,70.15,-0.84,-16.48,14.8,-0.564,0.5,12
"[-299,-200]",HR≥-/EDG≥-/CV≤0.7/μ≥0.0/TP≥65,73.68,,0.7,0.0,65.0,61,57,42,15,73.68,4.18,-12.17,20.53,2.383,0.5,12
"[-299,-200]",HR≥-/EDG≥-/CV≤0.7/μ≥0.5/TP≥-,72.31,,0.7,0.5,,68,65,47,18,72.31,2.28,-13.26,17.83,1.485,0.5,12
"[-299,-200]",HR≥-/EDG≥-/CV≤0.7/μ≥0.5/TP≥50,72.31,,0.7,0.5,50.0,68,65,47,18,72.31,2.28,-13.26,17.83,1.485,0.5,12
"[-299,-200]",HR≥-/EDG≥-/CV≤0.7/μ≥0.5/TP≥55,72.31,,0.7,0.5,55.0,68,65,47,18,72.31,2.28,-13.26,17.83,1.485,0.5,12
"[-299,-200]",HR≥-/EDG≥-/CV≤0.7/μ≥0.5/TP≥60,71.43,,0.7,0.5,60.0,66,63,45,18,71.43,1.05,-14.9,16.99,0.66,0.5,12
"[-299,-200]",HR≥-/EDG≥-/CV≤0.7/μ≥0.5/TP≥65,75.0,,0.7,0.5,65.0,59,56,42,14,75.0,6.04,-10.18,22.26,3.383,0.5,12
"[-299,-200]",HR≥-/EDG≥-/CV≤0.7/μ≥1.0/TP≥-,70.21,,0.7,1.0,,48,47,33,14,70.21,-0.74,-19.47,17.98,-0.35,0.5,12
"[-299,-200]",HR≥-/EDG≥-/CV≤0.7/μ≥1.0/TP≥50,70.21,,0.7,1.0,50.0,48,47,33,14,70.21,-0.74,-19.47,17.98,-0.35,0.5,12
"[-299,-200]",HR≥-/EDG≥-/CV≤0.7/μ≥1.0/TP≥55,70.21,,0.7,1.0,55.0,48,47,33,14,70.21,-0.74,-19.47,17.98,-0.35,0.5,12
"[-299,-200]",HR≥-/EDG≥-/CV≤0.7/μ≥1.0/TP≥60,70.21,,0.7,1.0,60.0,48,47,33,14,70.21,-0.74,-19.47,17.98,-0.35,0.5,12
"[-299,-200]",HR≥-/EDG≥-/CV≤0.7/μ≥1.0/TP≥65,73.33,,0.7,1.0,65.0,46,45,33,12,73.33,3.67,-14.85,22.18,1.65,0.5,12
"[-299,-200]",HR≥-/EDG≥-/CV≤0.6/μ≥-/TP≥-,71.79,,0.6,,,85,78,56,22,71.79,1.63,-12.63,15.9,1.275,0.417,12
"[-299,-200]",HR≥-/EDG≥-/CV≤0.6/μ≥-/TP≥50,75.0,,0.6,,50.0,77,72,54,18,75.0,6.22,-8.08,20.52,4.477,0.583,12
"[-299,-200]",HR≥-/EDG≥-/CV≤0.6/μ≥-/TP≥55,75.36,,0.6,,55.0,74,69,52,17,75.36,6.9,-7.66,21.46,4.761,0.583,12
"[-299,-200]",HR≥-/EDG≥-/CV≤0.6/μ≥-/TP≥60,73.02,,0.6,,60.0,67,63,46,17,73.02,3.33,-12.34,19.0,2.098,0.583,12
"[-299,-200]",HR≥-/EDG≥-/CV≤0.6/μ≥-/TP≥65,74.55,,0.6,,65.0,59,55,41,14,74.55,5.51,-10.97,22.0,3.032,0.5,12
"[-299,-200]",HR≥-/EDG≥-/CV≤0.6/μ≥0.0/TP≥-,73.53,,0.6,0.0,,73,68,50,18,73.53,3.97,-11.0,18.95,2.703,0.583,12
"[-299,-200]",HR≥-/EDG≥-/CV≤0.6/μ≥0.0/TP≥50,73.53,,0.6,0.0,50.0,73,68,50,18,73.53,3.97,-11.0,18.95,2.703,0.583,12
"[-299,-200]",HR≥-/EDG≥-/CV≤0.6/μ≥0.0/TP≥55,73.85,,0.6,0.0,55.0,70,65,48,17,73.85,4.6,-10.69,19.88,2.987,0.5,12
"[-299,-200]",HR≥-/EDG≥-/CV≤0.6/μ≥0.0/TP≥60,71.19,,0.6,0.0,60.0,63,59,42,17,71.19,0.55,-15.95,17.05,0.324,0.5,12
"[-299,-200]",HR≥-/EDG≥-/CV≤0.6/μ≥0.0/TP≥65,73.08,,0.6,0.0,65.0,56,52,38,14,73.08,3.38,-13.88,20.65,1.758,0.5,12
"[-299,-200]",HR≥-/EDG≥-/CV≤0.6/μ≥0.5/TP≥-,73.68,,0.6,0.5,,60,57,42,15,73.68,4.16,-12.18,20.51,2.373,0.5,12
"[-299,-200]",HR≥-/EDG≥-/CV≤0.6/μ≥0.5/TP≥50,73.68,,0.6,0.5,50.0,60,57,42,15,73.68,4.16,-12.18,20.51,2.373,0.5,12
"[-299,-200]",HR≥-/EDG≥-/CV≤0.6/μ≥0.5/TP≥55,73.68,,0.6,0.5,55.0,60,57,42,15,73.68,4.16,-12.18,20.51,2.373,0.5,12
"[-299,-200]",HR≥-/EDG≥-/CV≤0.6/μ≥0.5/TP≥60,72.73,,0.6,0.5,60.0,58,55,40,15,72.73,2.81,-14.02,19.65,1.547,0.5,12
"[-299,-200]",HR≥-/EDG≥-/CV≤0.6/μ≥0.5/TP≥65,74.51,,0.6,0.5,65.0,54,51,38,13,74.51,5.41,-11.73,22.54,2.758,0.5,12
"[-299,-200]",HR≥-/EDG≥-/CV≤0.6/μ≥1.0/TP≥-,71.43,,0.6,1.0,,43,42,30,12,71.43,1.01,-18.59,20.61,0.426,0.5,12
"[-299,-200]",HR≥-/EDG≥-/CV≤0.6/μ≥1.0/TP≥50,71.43,,0.6,1.0,50.0,43,42,30,12,71.43,1.01,-18.59,20.61,0.426,0.5,12
"[-299,-200]",HR≥-/EDG≥-/CV≤0.6/μ≥1.0/TP≥55,71.43,,0.6,1.0,55.0,43,42,30,12,71.43,1.01,-18.59,20.61,0.426,0.5,12
"[-299,-200]",HR≥-/EDG≥-/CV≤0.6/μ≥1.0/TP≥60,71.43,,0.6,1.0,60.0,43,42,30,12,71.43,1.01,-18.59,20.61,0.426,0.5,12
"[-299,-200]",HR≥-/EDG≥-/CV≤0.6/μ≥1.0/TP≥65,73.17,,0.6,1.0,65.0,42,41,30,11,73.17,3.48,-15.99,22.94,1.426,0.5,12
"[-299,-200]",HR≥-/EDG≥-/CV≤0.5/μ≥-/TP≥-,72.41,,0.5,,,64,58,42,16,72.41,2.96,-13.58,19.5,1.716,0.417,12
"[-299,-200]",HR≥-/EDG≥-/CV≤0.5/μ≥-/TP≥50,75.47,,0.5,,50.0,58,53,40,13,75.47,7.39,-9.29,24.08,3.918,0.583,12
"[-299,-200]",HR≥-/EDG≥-/CV≤0.5/μ≥-/TP≥55,74.51,,0.5,,55.0,56,51,38,13,74.51,6.28,-10.99,23.55,3.202,0.5,12
"[-299,-200]",HR≥-/EDG≥-/CV≤0.5/μ≥-/TP≥60,71.74,,0.5,,60.0,50,46,33,13,71.74,2.04,-16.72,20.8,0.939,0.5,12
"[-299,-200]",HR≥-/EDG≥-/CV≤0.5/μ≥-/TP≥65,72.5,,0.5,,65.0,44,40,29,11,72.5,3.25,-16.76,23.25,1.299,0.5,12
"[-299,-200]",HR≥-/EDG≥-/CV≤0.5/μ≥0.0/TP≥-,73.47,,0.5,0.0,,54,49,36,13,73.47,4.38,-13.41,22.16,2.144,0.5,12
"[-299,-200]",HR≥-/EDG≥-/CV≤0.5/μ≥0.0/TP≥50,73.47,,0.5,0.0,50.0,54,49,36,13,73.47,4.38,-13.41,22.16,2.144,0.5,12
"[-299,-200]",HR≥-/EDG≥-/CV≤0.5/μ≥0.0/TP≥55,72.34,,0.5,0.0,55.0,52,47,34,13,72.34,3.04,-15.42,21.49,1.428,0.5,12
"[-299,-200]",HR≥-/EDG≥-/CV≤0.5/μ≥0.0/TP≥60,69.05,,0.5,0.0,60.0,46,42,29,13,69.05,-1.99,-22.12,18.14,-0.835,0.5,12
"[-299,-200]",HR≥-/EDG≥-/CV≤0.5/μ≥0.0/TP≥65,70.27,,0.5,0.0,65.0,41,37,26,11,70.27,0.07,-21.24,21.38,0.025,0.5,12
"[-299,-200]",HR≥-/EDG≥-/CV≤0.5/μ≥0.5/TP≥-,71.79,,0.5,0.5,,42,39,28,11,71.79,2.09,-18.31,22.48,0.814,0.5,12
"[-299,-200]",HR≥-/EDG≥-/CV≤0.5/μ≥0.5/TP≥50,71.79,,0.5,0.5,50.0,42,39,28,11,71.79,2.09,-18.31,22.48,0.814,0.5,12
"[-299,-200]",HR≥-/EDG≥-/CV≤0.5/μ≥0.5/TP≥55,71.79,,0.5,0.5,55.0,42,39,28,11,71.79,2.09,-18.31,22.48,0.814,0.5,12
"[-299,-200]",HR≥-/EDG≥-/CV≤0.5/μ≥0.5/TP≥60,71.05,,0.5,0.5,60.0,41,38,27,11,71.05,1.02,-19.81,21.85,0.388,0.5,12
"[-299,-200]",HR≥-/EDG≥-/CV≤0.5/μ≥0.5/TP≥65,72.22,,0.5,0.5,65.0,39,36,26,10,72.22,2.85,-18.34,24.03,1.025,0.5,12
"[-299,-200]",HR≥-/EDG≥-/CV≤0.45/μ≥-/TP≥-,73.91,,0.45,,,51,46,34,12,73.91,5.34,-12.98,23.67,2.458,0.667,12
"[-299,-200]",HR≥-/EDG≥-/CV≤0.45/μ≥-/TP≥50,78.05,,0.45,,50.0,45,41,32,9,78.05,11.36,-6.99,29.72,4.659,0.75,12
"[-299,-200]",HR≥-/EDG≥-/CV≤0.45/μ≥-/TP≥55,77.5,,0.45,,55.0,44,40,31,9,77.5,10.74,-8.04,29.51,4.295,0.75,12
"[-299,-200]",HR≥-/EDG≥-/CV≤0.45/μ≥-/TP≥60,75.68,,0.45,,60.0,40,37,28,9,75.68,7.99,-12.06,28.05,2.958,0.667,12
"[-299,-200]",HR≥-/EDG≥-/CV≤0.45/μ≥-/TP≥65,75.0,,0.45,,65.0,35,32,24,8,75.0,7.24,-14.61,29.09,2.318,0.5,12
"[-299,-200]",HR≥-/EDG≥-/CV≤0.45/μ≥0.0/TP≥-,75.68,,0.45,0.0,,41,37,28,9,75.68,7.8,-12.22,27.81,2.885,0.75,12
"[-299,-200]",HR≥-/EDG≥-/CV≤0.45/μ≥0.0/TP≥50,75.68,,0.45,0.0,50.0,41,37,28,9,75.68,7.8,-12.22,27.81,2.885,0.75,12
"[-299,-200]",HR≥-/EDG≥-/CV≤0.45/μ≥0.0/TP≥55,75.0,,0.45,0.0,55.0,40,36,27,9,75.0,7.0,-13.51,27.52,2.522,0.75,12
"[-299,-200]",HR≥-/EDG≥-/CV≤0.45/μ≥0.0/TP≥60,72.73,,0.45,0.0,60.0,36,33,24,9,72.73,3.59,-18.45,25.62,1.184,0.667,12
"[-299,-200]",HR≥-/EDG≥-/CV≤0.45/μ≥0.5/TP≥-,73.33,,0.45,0.5,,33,30,22,8,73.33,4.69,-18.34,27.73,1.407,0.583,12
"[-299,-200]",HR≥-/EDG≥-/CV≤0.45/μ≥0.5/TP≥50,73.33,,0.45,0.5,50.0,33,30,22,8,73.33,4.69,-18.34,27.73,1.407,0.583,12
"[-299,-200]",HR≥-/EDG≥-/CV≤0.45/μ≥0.5/TP≥55,73.33,,0.45,0.5,55.0,33,30,22,8,73.33,4.69,-18.34,27.73,1.407,0.583,12
"[-299,-200]",HR≥-/EDG≥-/CV≤0.45/μ≥0.5/TP≥60,73.33,,0.45,0.5,60.0,33,30,22,8,73.33,4.69,-18.34,27.73,1.407,0.583,12
"[-299,-200]",HR≥-/EDG≥-/CV≤0.4/μ≥-/TP≥-,72.73,,0.4,,,36,33,24,9,72.73,3.36,-18.62,25.33,1.107,0.727,11
"[-299,-200]",HR≥-/EDG≥-5.0/CV≤-/μ≥-/TP≥-,73.21,-5.0,,,,60,56,41,15,73.21,4.02,-12.65,20.69,2.251,0.5,12
"[-299,-200]",HR≥-/EDG≥-5.0/CV≤-/μ≥-/TP≥50,73.21,-5.0,,,50.0,60,56,41,15,73.21,4.02,-12.65,20.69,2.251,0.5,12
"[-299,-200]",HR≥-/EDG≥-5.0/CV≤-/μ≥-/TP≥55,73.21,-5.0,,,55.0,60,56,41,15,73.21,4.02,-12.65,20.69,2.251,0.5,12
"[-299,-200]",HR≥-/EDG≥-5.0/CV≤-/μ≥-/TP≥60,73.21,-5.0,,,60.0,60,56,41,15,73.21,4.02,-12.65,20.69,2.251,0.5,12
"[-299,-200]",HR≥-/EDG≥-5.0/CV≤-/μ≥-/TP≥65,74.07,-5.0,,,65.0,58,54,40,14,74.07,5.12,-11.67,21.9,2.764,0.5,12
"[-299,-200]",HR≥-/EDG≥-5.0/CV≤-/μ≥0.0/TP≥-,73.21,-5.0,,0.0,,60,56,41,15,73.21,4.02,-12.65,20.69,2.251,0.5,12
"[-299,-200]",HR≥-/EDG≥-5.0/CV≤-/μ≥0.0/TP≥50,73.21,-5.0,,0.0,50.0,60,56,41,15,73.21,4.02,-12.65,20.69,2.251,0.5,12
"[-299,-200]",HR≥-/EDG≥-5.0/CV≤-/μ≥0.0/TP≥55,73.21,-5.0,,0.0,55.0,60,56,41,15,73.21,4.02,-12.65,20.69,2.251,0.5,12
"[-299,-200]",HR≥-/EDG≥-5.0/CV≤-/μ≥0.0/TP≥60,73.21,-5.0,,0.0,60.0,60,56,41,15,73.21,4.02,-12.65,20.69,2.251,0.5,12
"[-299,-200]",HR≥-/EDG≥-5.0/CV≤-/μ≥0.0/TP≥65,74.07,-5.0,,0.0,65.0,58,54,40,14,74.07,5.12,-11.67,21.9,2.764,0.5,12
"[-299,-200]",HR≥-/EDG≥-5.0/CV≤-/μ≥0.5/TP≥-,73.21,-5.0,,0.5,,60,56,41,15,73.21,4.02,-12.65,20.69,2.251,0.5,12
"[-299,-200]",HR≥-/EDG≥-5.0/CV≤-/μ≥0.5/TP≥50,73.21,-5.0,,0.5,50.0,60,56,41,15,73.21,4.02,-12.65,20.69,2.251,0.5,12
"[-299,-200]",HR≥-/EDG≥-5.0/CV≤-/μ≥0.5/TP≥55,73.21,-5.0,,0.5,55.0,60,56,41,15,73.21,4.02,-12.65,20.69,2.251,0.5,12
"[-299,-200]",HR≥-/EDG≥-5.0/CV≤-/μ≥0.5/TP≥60,73.21,-5.0,,0.5,60.0,60,56,41,15,73.21,4.02,-12.65,20.69,2.251,0.5,12
"[-299,-200]",HR≥-/EDG≥-5.0/CV≤-/μ≥0.5/TP≥65,74.07,-5.0,,0.5,65.0,58,54,40,14,74.07,5.12,-11.67,21.9,2.764,0.5,12
"[-299,-200]",HR≥-/EDG≥-5.0/CV≤-/μ≥1.0/TP≥-,71.74,-5.0,,1.0,,48,46,33,13,71.74,1.7,-16.99,20.39,0.782,0.5,12
"[-299,-200]",HR≥-/EDG≥-5.0/CV≤-/μ≥1.0/TP≥50,71.74,-5.0,,1.0,50.0,48,46,33,13,71.74,1.7,-16.99,20.39,0.782,0.5,12
"[-299,-200]",HR≥-/EDG≥-5.0/CV≤-/μ≥1.0/TP≥55,71.74,-5.0,,1.0,55.0,48,46,33,13,71.74,1.7,-16.99,20.39,0.782,0.5,12
"[-299,-200]",HR≥-/EDG≥-5.0/CV≤-/μ≥1.0/TP≥60,71.74,-5.0,,1.0,60.0,48,46,33,13,71.74,1.7,-16.99,20.39,0.782,0.5,12
"[-299,-200]",HR≥-/EDG≥-5.0/CV≤-/μ≥1.0/TP≥65,73.33,-5.0,,1.0,65.0,47,45,33,12,73.33,3.96,-14.61,22.53,1.782,0.5,12
"[-299,-200]",HR≥-/EDG≥-5.0/CV≤0.7/μ≥-/TP≥-,73.58,-5.0,0.7,,,56,53,39,14,73.58,4.47,-12.58,21.53,2.371,0.5,12
"[-299,-200]",HR≥-/EDG≥-5.0/CV≤0.7/μ≥-/TP≥50,73.58,-5.0,0.7,,50.0,56,53,39,14,73.58,4.47,-12.58,21.53,2.371,0.5,12
"[-299,-200]",HR≥-/EDG≥-5.0/CV≤0.7/μ≥-/TP≥55,73.58,-5.0,0.7,,55.0,56,53,39,14,73.58,4.47,-12.58,21.53,2.371,0.5,12
"[-299,-200]",HR≥-/EDG≥-5.0/CV≤0.7/μ≥-/TP≥60,73.58,-5.0,0.7,,60.0,56,53,39,14,73.58,4.47,-12.58,21.53,2.371,0.5,12
"[-299,-200]",HR≥-/EDG≥-5.0/CV≤0.7/μ≥-/TP≥65,74.51,-5.0,0.7,,65.0,54,51,38,13,74.51,5.65,-11.52,22.83,2.884,0.5,12
"[-299,-200]",HR≥-/EDG≥-5.0/CV≤0.7/μ≥0.0/TP≥-,73.58,-5.0,0.7,0.0,,56,53,39,14,73.58,4.47,-12.58,21.53,2.371,0.5,12
"[-299,-200]",HR≥-/EDG≥-5.0/CV≤0.7/μ≥0.0/TP≥50,73.58,-5.0,0.7,0.0,50.0,56,53,39,14,73.58,4.47,-12.58,21.53,2.371,0.5,12
"[-299,-200]",HR≥-/EDG≥-5.0/CV≤0.7/μ≥0.0/TP≥55,73.58,-5.0,0.7,0.0,55.0,56,53,39,14,73.58,4.47,-12.58,21.53,2.371,0.5,12
"[-299,-200]",HR≥-/EDG≥-5.0/CV≤0.7/μ≥0.0/TP≥60,73.58,-5.0,0.7,0.0,60.0,56,53,39,14,73.58,4.47,-12.58,21.53,2.371,0.5,12
"[-299,-200]",HR≥-/EDG≥-5.0/CV≤0.7/μ≥0.0/TP≥65,74.51,-5.0,0.7,0.0,65.0,54,51,38,13,74.51,5.65,-11.52,22.83,2.884,0.5,12
"[-299,-200]",HR≥-/EDG≥-5.0/CV≤0.7/μ≥0.5/TP≥-,73.58,-5.0,0.7,0.5,,56,53,39,14,73.58,4.47,-12.58,21.53,2.371,0.5,12
"[-299,-200]",HR≥-/EDG≥-5.0/CV≤0.7/μ≥0.5/TP≥50,73.58,-5.0,0.7,0.5,50.0,56,53,39,14,73.58,4.47,-12.58,21.53,2.371,0.5,12
"[-299,-200]",HR≥-/EDG≥-5.0/CV≤0.7/μ≥0.5/TP≥55,73.58,-5.0,0.7,0.5,55.0,56,53,39,14,73.58,4.47,-12.58,21.53,2.371,0.5,12
"[-299,-200]",HR≥-/EDG≥-5.0/CV≤0.7/μ≥0.5/TP≥60,73.58,-5.0,0.7,0.5,60.0,56,53,39,14,73.58,4.47,-12.58,21.53,2.371,0.5,12
"[-299,-200]",HR≥-/EDG≥-5.0/CV≤0.7/μ≥0.5/TP≥65,74.51,-5.0,0.7,0.5,65.0,54,51,38,13,74.51,5.65,-11.52,22.83,2.884,0.5,12
"[-299,-200]",HR≥-/EDG≥-5.0/CV≤0.7/μ≥1.0/TP≥-,72.09,-5.0,0.7,1.0,,44,43,31,12,72.09,2.1,-17.16,21.35,0.902,0.5,12
"[-299,-200]",HR≥-/EDG≥-5.0/CV≤0.7/μ≥1.0/TP≥50,72.09,-5.0,0.7,1.0,50.0,44,43,31,12,72.09,2.1,-17.16,21.35,0.902,0.5,12
"[-299,-200]",HR≥-/EDG≥-5.0/CV≤0.7/μ≥1.0/TP≥55,72.09,-5.0,0.7,1.0,55.0,44,43,31,12,72.09,2.1,-17.16,21.35,0.902,0.5,12
"[-299,-200]",HR≥-/EDG≥-5.0/CV≤0.7/μ≥1.0/TP≥60,72.09,-5.0,0.7,1.0,60.0,44,43,31,12,72.09,2.1,-17.16,21.35,0.902,0.5,12
"[-299,-200]",HR≥-/EDG≥-5.0/CV≤0.7/μ≥1.0/TP≥65,73.81,-5.0,0.7,1.0,65.0,43,42,31,11,73.81,4.53,-14.58,23.63,1.902,0.5,12
"[-299,-200]",HR≥-/EDG≥-5.0/CV≤0.6/μ≥-/TP≥-,72.92,-5.0,0.6,,,51,48,35,13,72.92,3.46,-14.62,21.53,1.659,0.5,12
"[-299,-200]",HR≥-/EDG≥-5.0/CV≤0.6/μ≥-/TP≥50,72.92,-5.0,0.6,,50.0,51,48,35,13,72.92,3.46,-14.62,21.53,1.659,0.5,12
"[-299,-200]",HR≥-/EDG≥-5.0/CV≤0.6/μ≥-/TP≥55,72.92,-5.0,0.6,,55.0,51,48,35,13,72.92,3.46,-14.62,21.53,1.659,0.5,12
"[-299,-200]",HR≥-/EDG≥-5.0/CV≤0.6/μ≥-/TP≥60,72.92,-5.0,0.6,,60.0,51,48,35,13,72.92,3.46,-14.62,21.53,1.659,0.5,12
"[-299,-200]",HR≥-/EDG≥-5.0/CV≤0.6/μ≥-/TP≥65,72.92,-5.0,0.6,,65.0,51,48,35,13,72.92,3.46,-14.62,21.53,1.659,0.5,12
"[-299,-200]",HR≥-/EDG≥-5.0/CV≤0.6/μ≥0.0/TP≥-,72.92,-5.0,0.6,0.0,,51,48,35,13,72.92,3.46,-14.62,21.53,1.659,0.5,12
"[-299,-200]",HR≥-/EDG≥-5.0/CV≤0.6/μ≥0.0/TP≥50,72.92,-5.0,0.6,0.0,50.0,51,48,35,13,72.92,3.46,-14.62,21.53,1.659,0.5,12
"[-299,-200]",HR≥-/EDG≥-5.0/CV≤0.6/μ≥0.0/TP≥55,72.92,-5.0,0.6,0.0,55.0,51,48,35,13,72.92,3.46,-14.62,21.53,1.659,0.5,12
"[-299,-200]",HR≥-/EDG≥-5.0/CV≤0.6/μ≥0.0/TP≥60,72.92,-5.0,0.6,0.0,60.0,51,48,35,13,72.92,3.46,-14.62,21.53,1.659,0.5,12
"[-299,-200]",HR≥-/EDG≥-5.0/CV≤0.6/μ≥0.0/TP≥65,72.92,-5.0,0.6,0.0,65.0,51,48,35,13,72.92,3.46,-14.62,21.53,1.659,0.5,12
"[-299,-200]",HR≥-/EDG≥-5.0/CV≤0.6/μ≥0.5/TP≥-,72.92,-5.0,0.6,0.5,,51,48,35,13,72.92,3.46,-14.62,21.53,1.659,0.5,12
"[-299,-200]",HR≥-/EDG≥-5.0/CV≤0.6/μ≥0.5/TP≥50,72.92,-5.0,0.6,0.5,50.0,51,48,35,13,72.92,3.46,-14.62,21.53,1.659,0.5,12
"[-299,-200]",HR≥-/EDG≥-5.0/CV≤0.6/μ≥0.5/TP≥55,72.92,-5.0,0.6,0.5,55.0,51,48,35,13,72.92,3.46,-14.62,21.53,1.659,0.5,12
"[-299,-200]",HR≥-/EDG≥-5.0/CV≤0.6/μ≥0.5/TP≥60,72.92,-5.0,0.6,0.5,60.0,51,48,35,13,72.92,3.46,-14.62,21.53,1.659,0.5,12
"[-299,-200]",HR≥-/EDG≥-5.0/CV≤0.6/μ≥0.5/TP≥65,72.92,-5.0,0.6,0.5,65.0,51,48,35,13,72.92,3.46,-14.62,21.53,1.659,0.5,12
"[-299,-200]",HR≥-/EDG≥-5.0/CV≤0.6/μ≥1.0/TP≥-,71.79,-5.0,0.6,1.0,,40,39,28,11,71.79,1.74,-18.59,22.06,0.677,0.5,12
"[-299,-200]",HR≥-/EDG≥-5.0/CV≤0.6/μ≥1.0/TP≥50,71.79,-5.0,0.6,1.0,50.0,40,39,28,11,71.79,1.74,-18.59,22.06,0.677,0.5,12
"[-299,-200]",HR≥-/EDG≥-5.0/CV≤0.6/μ≥1.0/TP≥55,71.79,-5.0,0.6,1.0,55.0,40,39,28,11,71.79,1.74,-18.59,22.06,0.677,0.5,12
"[-299,-200]",HR≥-/EDG≥-5.0/CV≤0.6/μ≥1.0/TP≥60,71.79,-5.0,0.6,1.0,60.0,40,39,28,11,71.79,1.74,-18.59,22.06,0.677,0.5,12
"[-299,-200]",HR≥-/EDG≥-5.0/CV≤0.6/μ≥1.0/TP≥65,71.79,-5.0,0.6,1.0,65.0,40,39,28,11,71.79,1.74,-18.59,22.06,0.677,0.5,12
"[-299,-200]",HR≥-/EDG≥-5.0/CV≤0.5/μ≥-/TP≥-,71.43,-5.0,0.5,,,38,35,25,10,71.43,1.93,-19.79,23.64,0.674,0.5,12
"[-299,-200]",HR≥-/EDG≥-5.0/CV≤0.5/μ≥-/TP≥50,71.43,-5.0,0.5,,50.0,38,35,25,10,71.43,1.93,-19.79,23.64,0.674,0.5,12
"[-299,-200]",HR≥-/EDG≥-5.0/CV≤0.5/μ≥-/TP≥55,71.43,-5.0,0.5,,55.0,38,35,25,10,71.43,1.93,-19.79,23.64,0.674,0.5,12
"[-299,-200]",HR≥-/EDG≥-5.0/CV≤0.5/μ≥-/TP≥60,71.43,-5.0,0.5,,60.0,38,35,25,10,71.43,1.93,-19.79,23.64,0.674,0.5,12
"[-299,-200]",HR≥-/EDG≥-5.0/CV≤0.5/μ≥-/TP≥65,71.43,-5.0,0.5,,65.0,38,35,25,10,71.43,1.93,-19.79,23.64,0.674,0.5,12
"[-299,-200]",HR≥-/EDG≥-5.0/CV≤0.5/μ≥0.0/TP≥-,71.43,-5.0,0.5,0.0,,38,35,25,10,71.43,1.93,-19.79,23.64,0.674,0.5,12
"[-299,-200]",HR≥-/EDG≥-5.0/CV≤0.5/μ≥0.0/TP≥50,71.43,-5.0,0.5,0.0,50.0,38,35,25,10,71.43,1.93,-19.79,23.64,0.674,0.5,12
"[-299,-200]",HR≥-/EDG≥-5.0/CV≤0.5/μ≥0.0/TP≥55,71.43,-5.0,0.5,0.0,55.0,38,35,25,10,71.43,1.93,-19.79,23.64,0.674,0.5,12
"[-299,-200]",HR≥-/EDG≥-5.0/CV≤0.5/μ≥0.0/TP≥60,71.43,-5.0,0.5,0.0,60.0,38,35,25,10,71.43,1.93,-19.79,23.64,0.674,0.5,12
"[-299,-200]",HR≥-/EDG≥-5.0/CV≤0.5/μ≥0.0/TP≥65,71.43,-5.0,0.5,0.0,65.0,38,35,25,10,71.43,1.93,-19.79,23.64,0.674,0.5,12
"[-299,-200]",HR≥-/EDG≥-5.0/CV≤0.5/μ≥0.5/TP≥-,71.43,-5.0,0.5,0.5,,38,35,25,10,71.43,1.93,-19.79,23.64,0.674,0.5,12
"[-299,-200]",HR≥-/EDG≥-5.0/CV≤0.5/μ≥0.5/TP≥50,71.43,-5.0,0.5,0.5,50.0,38,35,25,10,71.43,1.93,-19.79,23.64,0.674,0.5,12
"[-299,-200]",HR≥-/EDG≥-5.0/CV≤0.5/μ≥0.5/TP≥55,71.43,-5.0,0.5,0.5,55.0,38,35,25,10,71.43,1.93,-19.79,23.64,0.674,0.5,12
"[-299,-200]",HR≥-/EDG≥-5.0/CV≤0.5/μ≥0.5/TP≥60,71.43,-5.0,0.5,0.5,60.0,38,35,25,10,71.43,1.93,-19.79,23.64,0.674,0.5,12
"[-299,-200]",HR≥-/EDG≥-5.0/CV≤0.5/μ≥0.5/TP≥65,71.43,-5.0,0.5,0.5,65.0,38,35,25,10,71.43,1.93,-19.79,23.64,0.674,0.5,12
"[-299,-200]",HR≥-/EDG≥0.0/CV≤-/μ≥-/TP≥-,67.57,0.0,,,,40,37,25,12,67.57,-2.79,-24.82,19.25,-1.03,0.333,12
"[-299,-200]",HR≥-/EDG≥0.0/CV≤-/μ≥-/TP≥50,67.57,0.0,,,50.0,40,37,25,12,67.57,-2.79,-24.82,19.25,-1.03,0.333,12
"[-299,-200]",HR≥-/EDG≥0.0/CV≤-/μ≥-/TP≥55,67.57,0.0,,,55.0,40,37,25,12,67.57,-2.79,-24.82,19.25,-1.03,0.333,12
"[-299,-200]",HR≥-/EDG≥0.0/CV≤-/μ≥-/TP≥60,67.57,0.0,,,60.0,40,37,25,12,67.57,-2.79,-24.82,19.25,-1.03,0.333,12
"[-299,-200]",HR≥-/EDG≥0.0/CV≤-/μ≥-/TP≥65,67.57,0.0,,,65.0,40,37,25,12,67.57,-2.79,-24.82,19.25,-1.03,0.333,12
"[-299,-200]",HR≥-/EDG≥0.0/CV≤-/μ≥0.0/TP≥-,67.57,0.0,,0.0,,40,37,25,12,67.57,-2.79,-24.82,19.25,-1.03,0.333,12
"[-299,-200]",HR≥-/EDG≥0.0/CV≤-/μ≥0.0/TP≥50,67.57,0.0,,0.0,50.0,40,37,25,12,67.57,-2.79,-24.82,19.25,-1.03,0.333,12
"[-299,-200]",HR≥-/EDG≥0.0/CV≤-/μ≥0.0/TP≥55,67.57,0.0,,0.0,55.0,40,37,25,12,67.57,-2.79,-24.82,19.25,-1.03,0.333,12
"[-299,-200]",HR≥-/EDG≥0.0/CV≤-/μ≥0.0/TP≥60,67.57,0.0,,0.0,60.0,40,37,25,12,67.57,-2.79,-24.82,19.25,-1.03,0.333,12
"[-299,-200]",HR≥-/EDG≥0.0/CV≤-/μ≥0.0/TP≥65,67.57,0.0,,0.0,65.0,40,37,25,12,67.57,-2.79,-24.82,19.25,-1.03,0.333,12
"[-299,-200]",HR≥-/EDG≥0.0/CV≤-/μ≥0.5/TP≥-,67.57,0.0,,0.5,,40,37,25,12,67.57,-2.79,-24.82,19.25,-1.03,0.333,12
"[-299,-200]",HR≥-/EDG≥0.0/CV≤-/μ≥0.5/TP≥50,67.57,0.0,,0.5,50.0,40,37,25,12,67.57,-2.79,-24.82,19.25,-1.03,0.333,12
"[-299,-200]",HR≥-/EDG≥0.0/CV≤-/μ≥0.5/TP≥55,67.57,0.0,,0.5,55.0,40,37,25,12,67.57,-2.79,-24.82,19.25,-1.03,0.333,12
"[-299,-200]",HR≥-/EDG≥0.0/CV≤-/μ≥0.5/TP≥60,67.57,0.0,,0.5,60.0,40,37,25,12,67.57,-2.79,-24.82,19.25,-1.03,0.333,12
"[-299,-200]",HR≥-/EDG≥0.0/CV≤-/μ≥0.5/TP≥65,67.57,0.0,,0.5,65.0,40,37,25,12,67.57,-2.79,-24.82,19.25,-1.03,0.333,12
"[-299,-200]",HR≥-/EDG≥0.0/CV≤-/μ≥1.0/TP≥-,67.65,0.0,,1.0,,35,34,23,11,67.65,-2.93,-25.87,20.01,-0.996,0.417,12
"[-299,-200]",HR≥-/EDG≥0.0/CV≤-/μ≥1.0/TP≥50,67.65,0.0,,1.0,50.0,35,34,23,11,67.65,-2.93,-25.87,20.01,-0.996,0.417,12
"[-299,-200]",HR≥-/EDG≥0.0/CV≤-/μ≥1.0/TP≥55,67.65,0.0,,1.0,55.0,35,34,23,11,67.65,-2.93,-25.87,20.01,-0.996,0.417,12
"[-299,-200]",HR≥-/EDG≥0.0/CV≤-/μ≥1.0/TP≥60,67.65,0.0,,1.0,60.0,35,34,23,11,67.65,-2.93,-25.87,20.01,-0.996,0.417,12
"[-299,-200]",HR≥-/EDG≥0.0/CV≤-/μ≥1.0/TP≥65,67.65,0.0,,1.0,65.0,35,34,23,11,67.65,-2.93,-25.87,20.01,-0.996,0.417,12
"[-299,-200]",HR≥-/EDG≥0.0/CV≤0.7/μ≥-/TP≥-,66.67,0.0,0.7,,,39,36,24,12,66.67,-4.13,-26.62,18.37,-1.485,0.333,12
"[-299,-200]",HR≥-/EDG≥0.0/CV≤0.7/μ≥-/TP≥50,66.67,0.0,0.7,,50.0,39,36,24,12,66.67,-4.13,-26.62,18.37,-1.485,0.333,12
"[-299,-200]",HR≥-/EDG≥0.0/CV≤0.7/μ≥-/TP≥55,66.67,0.0,0.7,,55.0,39,36,24,12,66.67,-4.13,-26.62,18.37,-1.485,0.333,12
"[-299,-200]",HR≥-/EDG≥0.0/CV≤0.7/μ≥-/TP≥60,66.67,0.0,0.7,,60.0,39,36,24,12,66.67,-4.13,-26.62,18.37,-1.485,0.333,12
"[-299,-200]",HR≥-/EDG≥0.0/CV≤0.7/μ≥-/TP≥65,66.67,0.0,0.7,,65.0,39,36,24,12,66.67,-4.13,-26.62,18.37,-1.485,0.333,12
"[-299,-200]",HR≥-/EDG≥0.0/CV≤0.7/μ≥0.0/TP≥-,66.67,0.0,0.7,0.0,,39,36,24,12,66.67,-4.13,-26.62,18.37,-1.485,0.333,12
"[-299,-200]",HR≥-/EDG≥0.0/CV≤0.7/μ≥0.0/TP≥50,66.67,0.0,0.7,0.0,50.0,39,36,24,12,66.67,-4.13,-26.62,18.37,-1.485,0.333,12
"[-299,-200]",HR≥-/EDG≥0.0/CV≤0.7/μ≥0.0/TP≥55,66.67,0.0,0.7,0.0,55.0,39,36,24,12,66.67,-4.13,-26.62,18.37,-1.485,0.333,12
"[-299,-200]",HR≥-/EDG≥0.0/CV≤0.7/μ≥0.0/TP≥60,66.67,0.0,0.7,0.0,60.0,39,36,24,12,66.67,-4.13,-26.62,18.37,-1.485,0.333,12
"[-299,-200]",HR≥-/EDG≥0.0/CV≤0.7/μ≥0.0/TP≥65,66.67,0.0,0.7,0.0,65.0,39,36,24,12,66.67,-4.13,-26.62,18.37,-1.485,0.333,12
"[-299,-200]",HR≥-/EDG≥0.0/CV≤0.7/μ≥0.5/TP≥-,66.67,0.0,0.7,0.5,,39,36,24,12,66.67,-4.13,-26.62,18.37,-1.485,0.333,12
"[-299,-200]",HR≥-/EDG≥0.0/CV≤0.7/μ≥0.5/TP≥50,66.67,0.0,0.7,0.5,50.0,39,36,24,12,66.67,-4.13,-26.62,18.37,-1.485,0.333,12
"[-299,-200]",HR≥-/EDG≥0.0/CV≤0.7/μ≥0.5/TP≥55,66.67,0.0,0.7,0.5,55.0,39,36,24,12,66.67,-4.13,-26.62,18.37,-1.485,0.333,12
"[-299,-200]",HR≥-/EDG≥0.0/CV≤0.7/μ≥0.5/TP≥60,66.67,0.0,0.7,0.5,60.0,39,36,24,12,66.67,-4.13,-26.62,18.37,-1.485,0.333,12
"[-299,-200]",HR≥-/EDG≥0.0/CV≤0.7/μ≥0.5/TP≥65,66.67,0.0,0.7,0.5,65.0,39,36,24,12,66.67,-4.13,-26.62,18.37,-1.485,0.333,12
"[-299,-200]",HR≥-/EDG≥0.0/CV≤0.7/μ≥1.0/TP≥-,66.67,0.0,0.7,1.0,,34,33,22,11,66.67,-4.39,-27.85,19.06,-1.45,0.417,12
"[-299,-200]",HR≥-/EDG≥0.0/CV≤0.7/μ≥1.0/TP≥50,66.67,0.0,0.7,1.0,50.0,34,33,22,11,66.67,-4.39,-27.85,19.06,-1.45,0.417,12
"[-299,-200]",HR≥-/EDG≥0.0/CV≤0.7/μ≥1.0/TP≥55,66.67,0.0,0.7,1.0,55.0,34,33,22,11,66.67,-4.39,-27.85,19.06,-1.45,0.417,12
"[-299,-200]",HR≥-/EDG≥0.0/CV≤0.7/μ≥1.0/TP≥60,66.67,0.0,0.7,1.0,60.0,34,33,22,11,66.67,-4.39,-27.85,19.06,-1.45,0.417,12
"[-299,-200]",HR≥-/EDG≥0.0/CV≤0.7/μ≥1.0/TP≥65,66.67,0.0,0.7,1.0,65.0,34,33,22,11,66.67,-4.39,-27.85,19.06,-1.45,0.417,12
"[-299,-200]",HR≥-/EDG≥0.0/CV≤0.6/μ≥-/TP≥-,64.71,0.0,0.6,,,37,34,22,12,64.71,-6.9,-30.4,16.6,-2.346,0.333,12
"[-299,-200]",HR≥-/EDG≥0.0/CV≤0.6/μ≥-/TP≥50,64.71,0.0,0.6,,50.0,37,34,22,12,64.71,-6.9,-30.4,16.6,-2.346,0.333,12
"[-299,-200]",HR≥-/EDG≥0.0/CV≤0.6/μ≥-/TP≥55,64.71,0.0,0.6,,55.0,37,34,22,12,64.71,-6.9,-30.4,16.6,-2.346,0.333,12
"[-299,-200]",HR≥-/EDG≥0.0/CV≤0.6/μ≥-/TP≥60,64.71,0.0,0.6,,60.0,37,34,22,12,64.71,-6.9,-30.4,16.6,-2.346,0.333,12
"[-299,-200]",HR≥-/EDG≥0.0/CV≤0.6/μ≥-/TP≥65,64.71,0.0,0.6,,65.0,37,34,22,12,64.71,-6.9,-30.4,16.6,-2.346,0.333,12
"[-299,-200]",HR≥-/EDG≥0.0/CV≤0.6/μ≥0.0/TP≥-,64.71,0.0,0.6,0.0,,37,34,22,12,64.71,-6.9,-30.4,16.6,-2.346,0.333,12
"[-299,-200]",HR≥-/EDG≥0.0/CV≤0.6/μ≥0.0/TP≥50,64.71,0.0,0.6,0.0,50.0,37,34,22,12,64.71,-6.9,-30.4,16.6,-2.346,0.333,12
"[-299,-200]",HR≥-/EDG≥0.0/CV≤0.6/μ≥0.0/TP≥55,64.71,0.0,0.6,0.0,55.0,37,34,22,12,64.71,-6.9,-30.4,16.6,-2.346,0.333,12
"[-299,-200]",HR≥-/EDG≥0.0/CV≤0.6/μ≥0.0/TP≥60,64.71,0.0,0.6,0.0,60.0,37,34,22,12,64.71,-6.9,-30.4,16.6,-2.346,0.333,12
"[-299,-200]",HR≥-/EDG≥0.0/CV≤0.6/μ≥0.0/TP≥65,64.71,0.0,0.6,0.0,65.0,37,34,22,12,64.71,-6.9,-30.4,16.6,-2.346,0.333,12
"[-299,-200]",HR≥-/EDG≥0.0/CV≤0.6/μ≥0.5/TP≥-,64.71,0.0,0.6,0.5,,37,34,22,12,64.71,-6.9,-30.4,16.6,-2.346,0.333,12
"[-299,-200]",HR≥-/EDG≥0.0/CV≤0.6/μ≥0.5/TP≥50,64.71,0.0,0.6,0.5,50.0,37,34,22,12,64.71,-6.9,-30.4,16.6,-2.346,0.333,12
"[-299,-200]",HR≥-/EDG≥0.0/CV≤0.6/μ≥0.5/TP≥55,64.71,0.0,0.6,0.5,55.0,37,34,22,12,64.71,-6.9,-30.4,16.6,-2.346,0.333,12
"[-299,-200]",HR≥-/EDG≥0.0/CV≤0.6/μ≥0.5/TP≥60,64.71,0.0,0.6,0.5,60.0,37,34,22,12,64.71,-6.9,-30.4,16.6,-2.346,0.333,12
"[-299,-200]",HR≥-/EDG≥0.0/CV≤0.6/μ≥0.5/TP≥65,64.71,0.0,0.6,0.5,65.0,37,34,22,12,64.71,-6.9,-30.4,16.6,-2.346,0.333,12
"[-299,-200]",HR≥-/EDG≥0.0/CV≤0.6/μ≥1.0/TP≥-,64.52,0.0,0.6,1.0,,32,31,20,11,64.52,-7.45,-32.05,17.14,-2.311,0.417,12
"[-299,-200]",HR≥-/EDG≥0.0/CV≤0.6/μ≥1.0/TP≥50,64.52,0.0,0.6,1.0,50.0,32,31,20,11,64.52,-7.45,-32.05,17.14,-2.311,0.417,12
"[-299,-200]",HR≥-/EDG≥0.0/CV≤0.6/μ≥1.0/TP≥55,64.52,0.0,0.6,1.0,55.0,32,31,20,11,64.52,-7.45,-32.05,17.14,-2.311,0.417,12
"[-299,-200]",HR≥-/EDG≥0.0/CV≤0.6/μ≥1.0/TP≥60,64.52,0.0,0.6,1.0,60.0,32,31,20,11,64.52,-7.45,-32.05,17.14,-2.311,0.417,12
"[-299,-200]",HR≥-/EDG≥0.0/CV≤0.6/μ≥1.0/TP≥65,64.52,0.0,0.6,1.0,65.0,32,31,20,11,64.52,-7.45,-32.05,17.14,-2.311,0.417,12
"[-299,-200]",HR≥45/EDG≥-/CV≤-/μ≥-/TP≥-,70.67,,,,,83,75,53,22,70.67,-0.2,-14.88,14.48,-0.153,0.417,12
"[-299,-200]",HR≥45/EDG≥-/CV≤-/μ≥-/TP≥50,73.24,,,,50.0,77,71,52,19,73.24,3.5,-11.19,18.19,2.484,0.5,12
"[-299,-200]",HR≥45/EDG≥-/CV≤-/μ≥-/TP≥55,72.46,,,,55.0,75,69,50,19,72.46,2.56,-12.5,17.62,1.768,0.5,12
"[-299,-200]",HR≥45/EDG≥-/CV≤-/μ≥-/TP≥60,69.84,,,,60.0,69,63,44,19,69.84,-1.46,-17.61,14.69,-0.92,0.5,12
"[-299,-200]",HR≥45/EDG≥-/CV≤-/μ≥-/TP≥65,73.58,,,,65.0,59,53,39,14,73.58,3.8,-13.14,20.74,2.014,0.5,12
"[-299,-200]",HR≥45/EDG≥-/CV≤-/μ≥0.0/TP≥-,72.46,,,0.0,,75,69,50,19,72.46,2.24,-12.77,17.26,1.549,0.5,12
"[-299,-200]",HR≥45/EDG≥-/CV≤-/μ≥0.0/TP≥50,72.46,,,0.0,50.0,75,69,50,19,72.46,2.24,-12.77,17.26,1.549,0.5,12
"[-299,-200]",HR≥45/EDG≥-/CV≤-/μ≥0.0/TP≥55,71.64,,,0.0,55.0,73,67,48,19,71.64,1.24,-14.16,16.64,0.833,0.417,12
"[-299,-200]",HR≥45/EDG≥-/CV≤-/μ≥0.0/TP≥60,68.85,,,0.0,60.0,67,61,42,19,68.85,-3.04,-19.57,13.49,-1.855,0.417,12
"[-299,-200]",HR≥45/EDG≥-/CV≤-/μ≥0.0/TP≥65,73.08,,,0.0,65.0,58,52,38,14,73.08,3.04,-14.17,20.24,1.58,0.5,12
"[-299,-200]",HR≥45/EDG≥-/CV≤-/μ≥0.5/TP≥-,71.19,,,0.5,,64,59,42,17,71.19,0.37,-16.1,16.84,0.219,0.417,12
"[-299,-200]",HR≥45/EDG≥-/CV≤-/μ≥0.5/TP≥50,71.19,,,0.5,50.0,64,59,42,17,71.19,0.37,-16.1,16.84,0.219,0.417,12
"[-299,-200]",HR≥45/EDG≥-/CV≤-/μ≥0.5/TP≥55,71.19,,,0.5,55.0,64,59,42,17,71.19,0.37,-16.1,16.84,0.219,0.417,12
"[-299,-200]",HR≥45/EDG≥-/CV≤-/μ≥0.5/TP≥60,70.18,,,0.5,60.0,62,57,40,17,70.18,-1.11,-18.03,15.81,-0.631,0.417,12
"[-299,-200]",HR≥45/EDG≥-/CV≤-/μ≥0.5/TP≥65,74.51,,,0.5,65.0,56,51,38,13,74.51,5.06,-12.02,22.13,2.58,0.5,12
"[-299,-200]",HR≥45/EDG≥-/CV≤-/μ≥1.0/TP≥-,71.43,,,1.0,,45,42,30,12,71.43,0.47,-19.02,19.96,0.198,0.5,12
"[-299,-200]",HR≥45/EDG≥-/CV≤-/μ≥1.0/TP≥50,71.43,,,1.0,50.0,45,42,30,12,71.43,0.47,-19.02,19.96,0.198,0.5,12
"[-299,-200]",HR≥45/EDG≥-/CV≤-/μ≥1.0/TP≥55,71.43,,,1.0,55.0,45,42,30,12,71.43,0.47,-19.02,19.96,0.198,0.5,12
"[-299,-200]",HR≥45/EDG≥-/CV≤-/μ≥1.0/TP≥60,71.43,,,1.0,60.0,45,42,30,12,71.43,0.47,-19.02,19.96,0.198,0.5,12
"[-299,-200]",HR≥45/EDG≥-/CV≤-/μ≥1.0/TP≥65,73.17,,,1.0,65.0,44,41,30,11,73.17,2.92,-16.43,22.28,1.198,0.5,12
"[-299,-200]",HR≥45/EDG≥-/CV≤0.7/μ≥-/TP≥-,71.83,,0.7,,,77,71,51,20,71.83,1.37,-13.54,16.27,0.971,0.5,12
"[-299,-200]",HR≥45/EDG≥-/CV≤0.7/μ≥-/TP≥50,74.63,,0.7,,50.0,71,67,50,17,74.63,5.38,-9.48,20.25,3.608,0.583,12
"[-299,-200]",HR≥45/EDG≥-/CV≤0.7/μ≥-/TP≥55,73.85,,0.7,,55.0,69,65,48,17,73.85,4.45,-10.82,19.71,2.892,0.583,12
"[-299,-200]",HR≥45/EDG≥-/CV≤0.7/μ≥-/TP≥60,71.67,,0.7,,60.0,64,60,43,17,71.67,1.09,-15.16,17.35,0.654,0.583,12
"[-299,-200]",HR≥45/EDG≥-/CV≤0.7/μ≥-/TP≥65,74.51,,0.7,,65.0,55,51,38,13,74.51,5.08,-12.0,22.15,2.589,0.583,12
"[-299,-200]",HR≥45/EDG≥-/CV≤0.7/μ≥0.0/TP≥-,73.85,,0.7,0.0,,69,65,48,17,73.85,4.11,-11.1,19.33,2.673,0.5,12
"[-299,-200]",HR≥45/EDG≥-/CV≤0.7/μ≥0.0/TP≥50,73.85,,0.7,0.0,50.0,69,65,48,17,73.85,4.11,-11.1,19.33,2.673,0.5,12
"[-299,-200]",HR≥45/EDG≥-/CV≤0.7/μ≥0.0/TP≥55,73.02,,0.7,0.0,55.0,67,63,46,17,73.02,3.11,-12.53,18.74,1.957,0.417,12
"[-299,-200]",HR≥45/EDG≥-/CV≤0.7/μ≥0.0/TP≥60,70.69,,0.7,0.0,60.0,62,58,41,17,70.69,-0.48,-17.15,16.19,-0.28,0.417,12
"[-299,-200]",HR≥45/EDG≥-/CV≤0.7/μ≥0.0/TP≥65,74.0,,0.7,0.0,65.0,54,50,37,13,74.0,4.31,-13.05,21.66,2.154,0.5,12
"[-299,-200]",HR≥45/EDG≥-/CV≤0.7/μ≥0.5/TP≥-,72.73,,0.7,0.5,,58,55,40,15,72.73,2.44,-14.33,19.21,1.343,0.417,12
"[-299,-200]",HR≥45/EDG≥-/CV≤0.7/μ≥0.5/TP≥50,72.73,,0.7,0.5,50.0,58,55,40,15,72.73,2.44,-14.33,19.21,1.343,0.417,12
"[-299,-200]",HR≥45/EDG≥-/CV≤0.7/μ≥0.5/TP≥55,72.73,,0.7,0.5,55.0,58,55,40,15,72.73,2.44,-14.33,19.21,1.343,0.417,12
"[-299,-200]",HR≥45/EDG≥-/CV≤0.7/μ≥0.5/TP≥60,72.22,,0.7,0.5,60.0,57,54,39,15,72.22,1.75,-15.28,18.77,0.943,0.417,12
"[-299,-200]",HR≥45/EDG≥-/CV≤0.7/μ≥0.5/TP≥65,75.51,,0.7,0.5,65.0,52,49,37,12,75.51,6.44,-10.75,23.63,3.154,0.5,12
"[-299,-200]",HR≥45/EDG≥-/CV≤0.7/μ≥1.0/TP≥-,72.5,,0.7,1.0,,41,40,29,11,72.5,1.93,-17.81,21.68,0.772,0.5,12
"[-299,-200]",HR≥45/EDG≥-/CV≤0.7/μ≥1.0/TP≥50,72.5,,0.7,1.0,50.0,41,40,29,11,72.5,1.93,-17.81,21.68,0.772,0.5,12
"[-299,-200]",HR≥45/EDG≥-/CV≤0.7/μ≥1.0/TP≥55,72.5,,0.7,1.0,55.0,41,40,29,11,72.5,1.93,-17.81,21.68,0.772,0.5,12
"[-299,-200]",HR≥45/EDG≥-/CV≤0.7/μ≥1.0/TP≥60,72.5,,0.7,1.0,60.0,41,40,29,11,72.5,1.93,-17.81,21.68,0.772,0.5,12
"[-299,-200]",HR≥45/EDG≥-/CV≤0.7/μ≥1.0/TP≥65,74.36,,0.7,1.0,65.0,40,39,29,10,74.36,4.54,-15.02,24.11,1.772,0.5,12
"[-299,-200]",HR≥45/EDG≥-/CV≤0.6/μ≥-/TP≥-,73.44,,0.6,,,69,64,47,17,73.44,3.67,-11.77,19.1,2.347,0.583,12
"[-299,-200]",HR≥45/EDG≥-/CV≤0.6/μ≥-/TP≥50,75.41,,0.6,,50.0,65,61,46,15,75.41,6.53,-8.9,21.96,3.983,0.667,12
"[-299,-200]",HR≥45/EDG≥-/CV≤0.6/μ≥-/TP≥55,74.58,,0.6,,55.0,63,59,44,15,74.58,5.54,-10.36,21.44,3.268,0.667,12
"[-299,-200]",HR≥45/EDG≥-/CV≤0.6/μ≥-/TP≥60,72.22,,0.6,,60.0,58,54,39,15,72.22,1.91,-15.15,18.96,1.03,0.667,12
"[-299,-200]",HR≥45/EDG≥-/CV≤0.6/μ≥-/TP≥65,73.91,,0.6,,65.0,50,46,34,12,73.91,4.27,-13.87,22.41,1.964,0.583,12
"[-299,-200]",HR≥45/EDG≥-/CV≤0.6/μ≥0.0/TP≥-,74.58,,0.6,0.0,,63,59,44,15,74.58,5.17,-10.68,21.01,3.049,0.667,12
"[-299,-200]",HR≥45/EDG≥-/CV≤0.6/μ≥0.0/TP≥50,74.58,,0.6,0.0,50.0,63,59,44,15,74.58,5.17,-10.68,21.01,3.049,0.667,12
"[-299,-200]",HR≥45/EDG≥-/CV≤0.6/μ≥0.0/TP≥55,73.68,,0.6,0.0,55.0,61,57,42,15,73.68,4.09,-12.24,20.42,2.333,0.5,12
"[-299,-200]",HR≥45/EDG≥-/CV≤0.6/μ≥0.0/TP≥60,71.15,,0.6,0.0,60.0,56,52,37,15,71.15,0.18,-17.36,17.73,0.095,0.5,12
"[-299,-200]",HR≥45/EDG≥-/CV≤0.6/μ≥0.0/TP≥65,73.33,,0.6,0.0,65.0,49,45,33,12,73.33,3.4,-15.07,21.87,1.53,0.5,12
"[-299,-200]",HR≥45/EDG≥-/CV≤0.6/μ≥0.5/TP≥-,73.47,,0.6,0.5,,52,49,36,13,73.47,3.51,-14.13,21.15,1.719,0.5,12
"[-299,-200]",HR≥45/EDG≥-/CV≤0.6/μ≥0.5/TP≥50,73.47,,0.6,0.5,50.0,52,49,36,13,73.47,3.51,-14.13,21.15,1.719,0.5,12
"[-299,-200]",HR≥45/EDG≥-/CV≤0.6/μ≥0.5/TP≥55,73.47,,0.6,0.5,55.0,52,49,36,13,73.47,3.51,-14.13,21.15,1.719,0.5,12
"[-299,-200]",HR≥45/EDG≥-/CV≤0.6/μ≥0.5/TP≥60,72.92,,0.6,0.5,60.0,51,48,35,13,72.92,2.75,-15.2,20.69,1.319,0.5,12
"[-299,-200]",HR≥45/EDG≥-/CV≤0.6/μ≥0.5/TP≥65,75.0,,0.6,0.5,65.0,47,44,33,11,75.0,5.75,-12.55,24.05,2.53,0.5,12
"[-299,-200]",HR≥45/EDG≥-/CV≤0.6/μ≥1.0/TP≥-,72.22,,0.6,1.0,,37,36,26,10,72.22,1.52,-19.38,22.43,0.548,0.5,12
"[-299,-200]",HR≥45/EDG≥-/CV≤0.6/μ≥1.0/TP≥50,72.22,,0.6,1.0,50.0,37,36,26,10,72.22,1.52,-19.38,22.43,0.548,0.5,12
"[-299,-200]",HR≥45/EDG≥-/CV≤0.6/μ≥1.0/TP≥55,72.22,,0.6,1.0,55.0,37,36,26,10,72.22,1.52,-19.38,22.43,0.548,0.5,12
"[-299,-200]",HR≥45/EDG≥-/CV≤0.6/μ≥1.0/TP≥60,72.22,,0.6,1.0,60.0,37,36,26,10,72.22,1.52,-19.38,22.43,0.548,0.5,12
"[-299,-200]",HR≥45/EDG≥-/CV≤0.6/μ≥1.0/TP≥65,74.29,,0.6,1.0,65.0,36,35,26,9,74.29,4.42,-16.28,25.12,1.548,0.5,12
"[-299,-200]",HR≥45/EDG≥-/CV≤0.5/μ≥-/TP≥-,73.47,,0.5,,,54,49,36,13,73.47,4.44,-13.36,22.24,2.176,0.583,12
"[-299,-200]",HR≥45/EDG≥-/CV≤0.5/μ≥-/TP≥50,74.47,,0.5,,50.0,51,47,35,12,74.47,5.98,-12.0,23.96,2.812,0.667,12
"[-299,-200]",HR≥45/EDG≥-/CV≤0.5/μ≥-/TP≥55,73.33,,0.5,,55.0,49,45,33,12,73.33,4.66,-14.03,23.35,2.096,0.583,12
"[-299,-200]",HR≥45/EDG≥-/CV≤0.5/μ≥-/TP≥60,70.73,,0.5,,60.0,45,41,29,12,70.73,0.63,-19.48,20.74,0.258,0.583,12
"[-299,-200]",HR≥45/EDG≥-/CV≤0.5/μ≥-/TP≥65,71.43,,0.5,,65.0,39,35,25,10,71.43,1.77,-19.92,23.45,0.618,0.5,12
"[-299,-200]",HR≥45/EDG≥-/CV≤0.5/μ≥0.0/TP≥-,73.33,,0.5,0.0,,49,45,33,12,73.33,4.17,-14.44,22.78,1.877,0.583,12
"[-299,-200]",HR≥45/EDG≥-/CV≤0.5/μ≥0.0/TP≥50,73.33,,0.5,0.0,50.0,49,45,33,12,73.33,4.17,-14.44,22.78,1.877,0.583,12
"[-299,-200]",HR≥45/EDG≥-/CV≤0.5/μ≥0.0/TP≥55,72.09,,0.5,0.0,55.0,47,43,31,12,72.09,2.7,-16.67,22.07,1.161,0.583,12
"[-299,-200]",HR≥45/EDG≥-/CV≤0.5/μ≥0.0/TP≥60,69.23,,0.5,0.0,60.0,43,39,27,12,69.23,-1.73,-22.61,19.14,-0.676,0.583,12
"[-299,-200]",HR≥45/EDG≥-/CV≤0.5/μ≥0.0/TP≥65,70.59,,0.5,0.0,65.0,38,34,24,10,70.59,0.54,-21.65,22.73,0.184,0.5,12
"[-299,-200]",HR≥45/EDG≥-/CV≤0.5/μ≥0.5/TP≥-,71.43,,0.5,0.5,,38,35,25,10,71.43,1.56,-20.08,23.21,0.547,0.5,12
"[-299,-200]",HR≥45/EDG≥-/CV≤0.5/μ≥0.5/TP≥50,71.43,,0.5,0.5,50.0,38,35,25,10,71.43,1.56,-20.08,23.21,0.547,0.5,12
"[-299,-200]",HR≥45/EDG≥-/CV≤0.5/μ≥0.5/TP≥55,71.43,,0.5,0.5,55.0,38,35,25,10,71.43,1.56,-20.08,23.21,0.547,0.5,12
"[-299,-200]",HR≥45/EDG≥-/CV≤0.5/μ≥0.5/TP≥60,71.43,,0.5,0.5,60.0,38,35,25,10,71.43,1.56,-20.08,23.21,0.547,0.5,12
"[-299,-200]",HR≥45/EDG≥-/CV≤0.5/μ≥0.5/TP≥65,72.73,,0.5,0.5,65.0,36,33,24,9,72.73,3.59,-18.44,25.62,1.184,0.5,12
"[-299,-200]",HR≥45/EDG≥-/CV≤0.45/μ≥-/TP≥-,75.0,,0.45,,,44,40,30,10,75.0,6.73,-12.66,26.12,2.693,0.667,12
"[-299,-200]",HR≥45/EDG≥-/CV≤0.45/μ≥-/TP≥50,76.32,,0.45,,50.0,41,38,29,9,76.32,8.76,-10.81,28.34,3.33,0.667,12
"[-299,-200]",HR≥45/EDG≥-/CV≤0.45/μ≥-/TP≥55,75.68,,0.45,,55.0,40,37,28,9,75.68,8.02,-12.04,28.07,2.966,0.667,12
"[-299,-200]",HR≥45/EDG≥-/CV≤0.45/μ≥-/TP≥60,73.53,,0.45,,60.0,37,34,25,9,73.53,4.79,-16.72,26.29,1.628,0.667,12
"[-299,-200]",HR≥45/EDG≥-/CV≤0.45/μ≥0.0/TP≥-,75.0,,0.45,0.0,,39,36,27,9,75.0,6.65,-13.8,27.1,2.395,0.667,12
"[-299,-200]",HR≥45/EDG≥-/CV≤0.45/μ≥0.0/TP≥50,75.0,,0.45,0.0,50.0,39,36,27,9,75.0,6.65,-13.8,27.1,2.395,0.667,12
"[-299,-200]",HR≥45/EDG≥-/CV≤0.45/μ≥0.0/TP≥55,74.29,,0.45,0.0,55.0,38,35,26,9,74.29,5.8,-15.17,26.78,2.031,0.667,12
"[-299,-200]",HR≥45/EDG≥-/CV≤0.45/μ≥0.0/TP≥60,71.88,,0.45,0.0,60.0,35,32,23,9,71.88,2.17,-20.38,24.72,0.694,0.667,12
"[-299,-200]",HR≥45/EDG≥-5.0/CV≤-/μ≥-/TP≥-,73.91,-5.0,,,,50,46,34,12,73.91,4.52,-13.66,22.71,2.08,0.417,12
"[-299,-200]",HR≥45/EDG≥-5.0/CV≤-/μ≥-/TP≥50,73.91,-5.0,,,50.0,50,46,34,12,73.91,4.52,-13.66,22.71,2.08,0.417,12
"[-299,-200]",HR≥45/EDG≥-5.0/CV≤-/μ≥-/TP≥55,73.91,-5.0,,,55.0,50,46,34,12,73.91,4.52,-13.66,22.71,2.08,0.417,12
"[-299,-200]",HR≥45/EDG≥-5.0/CV≤-/μ≥-/TP≥60,73.91,-5.0,,,60.0,50,46,34,12,73.91,4.52,-13.66,22.71,2.08,0.417,12
"[-299,-200]",HR≥45/EDG≥-5.0/CV≤-/μ≥-/TP≥65,73.91,-5.0,,,65.0,50,46,34,12,73.91,4.52,-13.66,22.71,2.08,0.417,12
"[-299,-200]",HR≥45/EDG≥-5.0/CV≤-/μ≥0.0/TP≥-,73.91,-5.0,,0.0,,50,46,34,12,73.91,4.52,-13.66,22.71,2.08,0.417,12
"[-299,-200]",HR≥45/EDG≥-5.0/CV≤-/μ≥0.0/TP≥50,73.91,-5.0,,0.0,50.0,50,46,34,12,73.91,4.52,-13.66,22.71,2.08,0.417,12
"[-299,-200]",HR≥45/EDG≥-5.0/CV≤-/μ≥0.0/TP≥55,73.91,-5.0,,0.0,55.0,50,46,34,12,73.91,4.52,-13.66,22.71,2.08,0.417,12
"[-299,-200]",HR≥45/EDG≥-5.0/CV≤-/μ≥0.0/TP≥60,73.91,-5.0,,0.0,60.0,50,46,34,12,73.91,4.52,-13.66,22.71,2.08,0.417,12
"[-299,-200]",HR≥45/EDG≥-5.0/CV≤-/μ≥0.0/TP≥65,73.91,-5.0,,0.0,65.0,50,46,34,12,73.91,4.52,-13.66,22.71,2.08,0.417,12
"[-299,-200]",HR≥45/EDG≥-5.0/CV≤-/μ≥0.5/TP≥-,73.91,-5.0,,0.5,,50,46,34,12,73.91,4.52,-13.66,22.71,2.08,0.417,12
"[-299,-200]",HR≥45/EDG≥-5.0/CV≤-/μ≥0.5/TP≥50,73.91,-5.0,,0.5,50.0,50,46,34,12,73.91,4.52,-13.66,22.71,2.08,0.417,12
"[-299,-200]",HR≥45/EDG≥-5.0/CV≤-/μ≥0.5/TP≥55,73.91,-5.0,,0.5,55.0,50,46,34,12,73.91,4.52,-13.66,22.71,2.08,0.417,12
"[-299,-200]",HR≥45/EDG≥-5.0/CV≤-/μ≥0.5/TP≥60,73.91,-5.0,,0.5,60.0,50,46,34,12,73.91,4.52,-13.66,22.71,2.08,0.417,12
"[-299,-200]",HR≥45/EDG≥-5.0/CV≤-/μ≥0.5/TP≥65,73.91,-5.0,,0.5,65.0,50,46,34,12,73.91,4.52,-13.66,22.71,2.08,0.417,12
"[-299,-200]",HR≥45/EDG≥-5.0/CV≤-/μ≥1.0/TP≥-,73.68,-5.0,,1.0,,40,38,28,10,73.68,3.82,-16.22,23.85,1.45,0.417,12
"[-299,-200]",HR≥45/EDG≥-5.0/CV≤-/μ≥1.0/TP≥50,73.68,-5.0,,1.0,50.0,40,38,28,10,73.68,3.82,-16.22,23.85,1.45,0.417,12
"[-299,-200]",HR≥45/EDG≥-5.0/CV≤-/μ≥1.0/TP≥55,73.68,-5.0,,1.0,55.0,40,38,28,10,73.68,3.82,-16.22,23.85,1.45,0.417,12
"[-299,-200]",HR≥45/EDG≥-5.0/CV≤-/μ≥1.0/TP≥60,73.68,-5.0,,1.0,60.0,40,38,28,10,73.68,3.82,-16.22,23.85,1.45,0.417,12
"[-299,-200]",HR≥45/EDG≥-5.0/CV≤-/μ≥1.0/TP≥65,73.68,-5.0,,1.0,65.0,40,38,28,10,73.68,3.82,-16.22,23.85,1.45,0.417,12
"[-299,-200]",HR≥45/EDG≥-5.0/CV≤0.7/μ≥-/TP≥-,75.0,-5.0,0.7,,,47,44,33,11,75.0,6.03,-12.31,24.38,2.655,0.417,12
"[-299,-200]",HR≥45/EDG≥-5.0/CV≤0.7/μ≥-/TP≥50,75.0,-5.0,0.7,,50.0,47,44,33,11,75.0,6.03,-12.31,24.38,2.655,0.417,12
"[-299,-200]",HR≥45/EDG≥-5.0/CV≤0.7/μ≥-/TP≥55,75.0,-5.0,0.7,,55.0,47,44,33,11,75.0,6.03,-12.31,24.38,2.655,0.417,12
"[-299,-200]",HR≥45/EDG≥-5.0/CV≤0.7/μ≥-/TP≥60,75.0,-5.0,0.7,,60.0,47,44,33,11,75.0,6.03,-12.31,24.38,2.655,0.417,12
"[-299,-200]",HR≥45/EDG≥-5.0/CV≤0.7/μ≥-/TP≥65,75.0,-5.0,0.7,,65.0,47,44,33,11,75.0,6.03,-12.31,24.38,2.655,0.417,12
"[-299,-200]",HR≥45/EDG≥-5.0/CV≤0.7/μ≥0.0/TP≥-,75.0,-5.0,0.7,0.0,,47,44,33,11,75.0,6.03,-12.31,24.38,2.655,0.417,12
"[-299,-200]",HR≥45/EDG≥-5.0/CV≤0.7/μ≥0.0/TP≥50,75.0,-5.0,0.7,0.0,50.0,47,44,33,11,75.0,6.03,-12.31,24.38,2.655,0.417,12
"[-299,-200]",HR≥45/EDG≥-5.0/CV≤0.7/μ≥0.0/TP≥55,75.0,-5.0,0.7,0.0,55.0,47,44,33,11,75.0,6.03,-12.31,24.38,2.655,0.417,12
"[-299,-200]",HR≥45/EDG≥-5.0/CV≤0.7/μ≥0.0/TP≥60,75.0,-5.0,0.7,0.0,60.0,47,44,33,11,75.0,6.03,-12.31,24.38,2.655,0.417,12
"[-299,-200]",HR≥45/EDG≥-5.0/CV≤0.7/μ≥0.0/TP≥65,75.0,-5.0,0.7,0.0,65.0,47,44,33,11,75.0,6.03,-12.31,24.38,2.655,0.417,12
"[-299,-200]",HR≥45/EDG≥-5.0/CV≤0.7/μ≥0.5/TP≥-,75.0,-5.0,0.7,0.5,,47,44,33,11,75.0,6.03,-12.31,24.38,2.655,0.417,12
"[-299,-200]",HR≥45/EDG≥-5.0/CV≤0.7/μ≥0.5/TP≥50,75.0,-5.0,0.7,0.5,50.0,47,44,33,11,75.0,6.03,-12.31,24.38,2.655,0.417,12
"[-299,-200]",HR≥45/EDG≥-5.0/CV≤0.7/μ≥0.5/TP≥55,75.0,-5.0,0.7,0.5,55.0,47,44,33,11,75.0,6.03,-12.31,24.38,2.655,0.417,12
"[-299,-200]",HR≥45/EDG≥-5.0/CV≤0.7/μ≥0.5/TP≥60,75.0,-5.0,0.7,0.5,60.0,47,44,33,11,75.0,6.03,-12.31,24.38,2.655,0.417,12
"[-299,-200]",HR≥45/EDG≥-5.0/CV≤0.7/μ≥0.5/TP≥65,75.0,-5.0,0.7,0.5,65.0,47,44,33,11,75.0,6.03,-12.31,24.38,2.655,0.417,12
"[-299,-200]",HR≥45/EDG≥-5.0/CV≤0.7/μ≥1.0/TP≥-,75.0,-5.0,0.7,1.0,,37,36,27,9,75.0,5.62,-14.63,25.88,2.024,0.417,12
"[-299,-200]",HR≥45/EDG≥-5.0/CV≤0.7/μ≥1.0/TP≥50,75.0,-5.0,0.7,1.0,50.0,37,36,27,9,75.0,5.62,-14.63,25.88,2.024,0.417,12
"[-299,-200]",HR≥45/EDG≥-5.0/CV≤0.7/μ≥1.0/TP≥55,75.0,-5.0,0.7,1.0,55.0,37,36,27,9,75.0,5.62,-14.63,25.88,2.024,0.417,12
"[-299,-200]",HR≥45/EDG≥-5.0/CV≤0.7/μ≥1.0/TP≥60,75.0,-5.0,0.7,1.0,60.0,37,36,27,9,75.0,5.62,-14.63,25.88,2.024,0.417,12
"[-299,-200]",HR≥45/EDG≥-5.0/CV≤0.7/μ≥1.0/TP≥65,75.0,-5.0,0.7,1.0,65.0,37,36,27,9,75.0,5.62,-14.63,25.88,2.024,0.417,12
"[-299,-200]",HR≥45/EDG≥-5.0/CV≤0.6/μ≥-/TP≥-,73.17,-5.0,0.6,,,44,41,30,11,73.17,3.49,-15.98,22.96,1.43,0.417,12
"[-299,-200]",HR≥45/EDG≥-5.0/CV≤0.6/μ≥-/TP≥50,73.17,-5.0,0.6,,50.0,44,41,30,11,73.17,3.49,-15.98,22.96,1.43,0.417,12
"[-299,-200]",HR≥45/EDG≥-5.0/CV≤0.6/μ≥-/TP≥55,73.17,-5.0,0.6,,55.0,44,41,30,11,73.17,3.49,-15.98,22.96,1.43,0.417,12
"[-299,-200]",HR≥45/EDG≥-5.0/CV≤0.6/μ≥-/TP≥60,73.17,-5.0,0.6,,60.0,44,41,30,11,73.17,3.49,-15.98,22.96,1.43,0.417,12
"[-299,-200]",HR≥45/EDG≥-5.0/CV≤0.6/μ≥-/TP≥65,73.17,-5.0,0.6,,65.0,44,41,30,11,73.17,3.49,-15.98,22.96,1.43,0.417,12
"[-299,-200]",HR≥45/EDG≥-5.0/CV≤0.6/μ≥0.0/TP≥-,73.17,-5.0,0.6,0.0,,44,41,30,11,73.17,3.49,-15.98,22.96,1.43,0.417,12
"[-299,-200]",HR≥45/EDG≥-5.0/CV≤0.6/μ≥0.0/TP≥50,73.17,-5.0,0.6,0.0,50.0,44,41,30,11,73.17,3.49,-15.98,22.96,1.43,0.417,12
"[-299,-200]",HR≥45/EDG≥-5.0/CV≤0.6/μ≥0.0/TP≥55,73.17,-5.0,0.6,0.0,55.0,44,41,30,11,73.17,3.49,-15.98,22.96,1.43,0.417,12
"[-299,-200]",HR≥45/EDG≥-5.0/CV≤0.6/μ≥0.0/TP≥60,73.17,-5.0,0.6,0.0,60.0,44,41,30,11,73.17,3.49,-15.98,22.96,1.43,0.417,12
"[-299,-200]",HR≥45/EDG≥-5.0/CV≤0.6/μ≥0.0/TP≥65,73.17,-5.0,0.6,0.0,65.0,44,41,30,11,73.17,3.49,-15.98,22.96,1.43,0.417,12
"[-299,-200]",HR≥45/EDG≥-5.0/CV≤0.6/μ≥0.5/TP≥-,73.17,-5.0,0.6,0.5,,44,41,30,11,73.17,3.49,-15.98,22.96,1.43,0.417,12
"[-299,-200]",HR≥45/EDG≥-5.0/CV≤0.6/μ≥0.5/TP≥50,73.17,-5.0,0.6,0.5,50.0,44,41,30,11,73.17,3.49,-15.98,22.96,1.43,0.417,12
"[-299,-200]",HR≥45/EDG≥-5.0/CV≤0.6/μ≥0.5/TP≥55,73.17,-5.0,0.6,0.5,55.0,44,41,30,11,73.17,3.49,-15.98,22.96,1.43,0.417,12
"[-299,-200]",HR≥45/EDG≥-5.0/CV≤0.6/μ≥0.5/TP≥60,73.17,-5.0,0.6,0.5,60.0,44,41,30,11,73.17,3.49,-15.98,22.96,1.43,0.417,12
"[-299,-200]",HR≥45/EDG≥-5.0/CV≤0.6/μ≥0.5/TP≥65,73.17,-5.0,0.6,0.5,65.0,44,41,30,11,73.17,3.49,-15.98,22.96,1.43,0.417,12
"[-299,-200]",HR≥45/EDG≥-5.0/CV≤0.6/μ≥1.0/TP≥-,72.73,-5.0,0.6,1.0,,34,33,24,9,72.73,2.42,-19.36,24.21,0.8,0.417,12
"[-299,-200]",HR≥45/EDG≥-5.0/CV≤0.6/μ≥1.0/TP≥50,72.73,-5.0,0.6,1.0,50.0,34,33,24,9,72.73,2.42,-19.36,24.21,0.8,0.417,12
"[-299,-200]",HR≥45/EDG≥-5.0/CV≤0.6/μ≥1.0/TP≥55,72.73,-5.0,0.6,1.0,55.0,34,33,24,9,72.73,2.42,-19.36,24.21,0.8,0.417,12
"[-299,-200]",HR≥45/EDG≥-5.0/CV≤0.6/μ≥1.0/TP≥60,72.73,-5.0,0.6,1.0,60.0,34,33,24,9,72.73,2.42,-19.36,24.21,0.8,0.417,12
"[-299,-200]",HR≥45/EDG≥-5.0/CV≤0.6/μ≥1.0/TP≥65,72.73,-5.0,0.6,1.0,65.0,34,33,24,9,72.73,2.42,-19.36,24.21,0.8,0.417,12
"[-299,-200]",HR≥45/EDG≥-5.0/CV≤0.5/μ≥-/TP≥-,71.88,-5.0,0.5,,,35,32,23,9,71.88,2.6,-20.04,25.25,0.833,0.5,12
"[-299,-200]",HR≥45/EDG≥-5.0/CV≤0.5/μ≥-/TP≥50,71.88,-5.0,0.5,,50.0,35,32,23,9,71.88,2.6,-20.04,25.25,0.833,0.5,12
"[-299,-200]",HR≥45/EDG≥-5.0/CV≤0.5/μ≥-/TP≥55,71.88,-5.0,0.5,,55.0,35,32,23,9,71.88,2.6,-20.04,25.25,0.833,0.5,12
"[-299,-200]",HR≥45/EDG≥-5.0/CV≤0.5/μ≥-/TP≥60,71.88,-5.0,0.5,,60.0,35,32,23,9,71.88,2.6,-20.04,25.25,0.833,0.5,12
"[-299,-200]",HR≥45/EDG≥-5.0/CV≤0.5/μ≥-/TP≥65,71.88,-5.0,0.5,,65.0,35,32,23,9,71.88,2.6,-20.04,25.25,0.833,0.5,12
"[-299,-200]",HR≥45/EDG≥-5.0/CV≤0.5/μ≥0.0/TP≥-,71.88,-5.0,0.5,0.0,,35,32,23,9,71.88,2.6,-20.04,25.25,0.833,0.5,12
"[-299,-200]",HR≥45/EDG≥-5.0/CV≤0.5/μ≥0.0/TP≥50,71.88,-5.0,0.5,0.0,50.0,35,32,23,9,71.88,2.6,-20.04,25.25,0.833,0.5,12
"[-299,-200]",HR≥45/EDG≥-5.0/CV≤0.5/μ≥0.0/TP≥55,71.88,-5.0,0.5,0.0,55.0,35,32,23,9,71.88,2.6,-20.04,25.25,0.833,0.5,12
"[-299,-200]",HR≥45/EDG≥-5.0/CV≤0.5/μ≥0.0/TP≥60,71.88,-5.0,0.5,0.0,60.0,35,32,23,9,71.88,2.6,-20.04,25.25,0.833,0.5,12
"[-299,-200]",HR≥45/EDG≥-5.0/CV≤0.5/μ≥0.0/TP≥65,71.88,-5.0,0.5,0.0,65.0,35,32,23,9,71.88,2.6,-20.04,25.25,0.833,0.5,12
"[-299,-200]",HR≥45/EDG≥-5.0/CV≤0.5/μ≥0.5/TP≥-,71.88,-5.0,0.5,0.5,,35,32,23,9,71.88,2.6,-20.04,25.25,0.833,0.5,12
"[-299,-200]",HR≥45/EDG≥-5.0/CV≤0.5/μ≥0.5/TP≥50,71.88,-5.0,0.5,0.5,50.0,35,32,23,9,71.88,2.6,-20.04,25.25,0.833,0.5,12
"[-299,-200]",HR≥45/EDG≥-5.0/CV≤0.5/μ≥0.5/TP≥55,71.88,-5.0,0.5,0.5,55.0,35,32,23,9,71.88,2.6,-20.04,25.25,0.833,0.5,12
"[-299,-200]",HR≥45/EDG≥-5.0/CV≤0.5/μ≥0.5/TP≥60,71.88,-5.0,0.5,0.5,60.0,35,32,23,9,71.88,2.6,-20.04,25.25,0.833,0.5,12
"[-299,-200]",HR≥45/EDG≥-5.0/CV≤0.5/μ≥0.5/TP≥65,71.88,-5.0,0.5,0.5,65.0,35,32,23,9,71.88,2.6,-20.04,25.25,0.833,0.5,12
"[-299,-200]",HR≥45/EDG≥0.0/CV≤-/μ≥-/TP≥-,67.74,0.0,,,,34,31,21,10,67.74,-2.93,-26.94,21.08,-0.908,0.333,12
"[-299,-200]",HR≥45/EDG≥0.0/CV≤-/μ≥-/TP≥50,67.74,0.0,,,50.0,34,31,21,10,67.74,-2.93,-26.94,21.08,-0.908,0.333,12
"[-299,-200]",HR≥45/EDG≥0.0/CV≤-/μ≥-/TP≥55,67.74,0.0,,,55.0,34,31,21,10,67.74,-2.93,-26.94,21.08,-0.908,0.333,12
"[-299,-200]",HR≥45/EDG≥0.0/CV≤-/μ≥-/TP≥60,67.74,0.0,,,60.0,34,31,21,10,67.74,-2.93,-26.94,21.08,-0.908,0.333,12
"[-299,-200]",HR≥45/EDG≥0.0/CV≤-/μ≥-/TP≥65,67.74,0.0,,,65.0,34,31,21,10,67.74,-2.93,-26.94,21.08,-0.908,0.333,12
"[-299,-200]",HR≥45/EDG≥0.0/CV≤-/μ≥0.0/TP≥-,67.74,0.0,,0.0,,34,31,21,10,67.74,-2.93,-26.94,21.08,-0.908,0.333,12
"[-299,-200]",HR≥45/EDG≥0.0/CV≤-/μ≥0.0/TP≥50,67.74,0.0,,0.0,50.0,34,31,21,10,67.74,-2.93,-26.94,21.08,-0.908,0.333,12
"[-299,-200]",HR≥45/EDG≥0.0/CV≤-/μ≥0.0/TP≥55,67.74,0.0,,0.0,55.0,34,31,21,10,67.74,-2.93,-26.94,21.08,-0.908,0.333,12
"[-299,-200]",HR≥45/EDG≥0.0/CV≤-/μ≥0.0/TP≥60,67.74,0.0,,0.0,60.0,34,31,21,10,67.74,-2.93,-26.94,21.08,-0.908,0.333,12
"[-299,-200]",HR≥45/EDG≥0.0/CV≤-/μ≥0.0/TP≥65,67.74,0.0,,0.0,65.0,34,31,21,10,67.74,-2.93,-26.94,21.08,-0.908,0.333,12
"[-299,-200]",HR≥45/EDG≥0.0/CV≤-/μ≥0.5/TP≥-,67.74,0.0,,0.5,,34,31,21,10,67.74,-2.93,-26.94,21.08,-0.908,0.333,12
"[-299,-200]",HR≥45/EDG≥0.0/CV≤-/μ≥0.5/TP≥50,67.74,0.0,,0.5,50.0,34,31,21,10,67.74,-2.93,-26.94,21.08,-0.908,0.333,12
"[-299,-200]",HR≥45/EDG≥0.0/CV≤-/μ≥0.5/TP≥55,67.74,0.0,,0.5,55.0,34,31,21,10,67.74,-2.93,-26.94,21.08,-0.908,0.333,12
"[-299,-200]",HR≥45/EDG≥0.0/CV≤-/μ≥0.5/TP≥60,67.74,0.0,,0.5,60.0,34,31,21,10,67.74,-2.93,-26.94,21.08,-0.908,0.333,12
"[-299,-200]",HR≥45/EDG≥0.0/CV≤-/μ≥0.5/TP≥65,67.74,0.0,,0.5,65.0,34,31,21,10,67.74,-2.93,-26.94,21.08,-0.908,0.333,12
"[-299,-200]",HR≥45/EDG≥0.0/CV≤0.7/μ≥-/TP≥-,67.74,0.0,0.7,,,34,31,21,10,67.74,-2.93,-26.94,21.08,-0.908,0.333,12
"[-299,-200]",HR≥45/EDG≥0.0/CV≤0.7/μ≥-/TP≥50,67.74,0.0,0.7,,50.0,34,31,21,10,67.74,-2.93,-26.94,21.08,-0.908,0.333,12
"[-299,-200]",HR≥45/EDG≥0.0/CV≤0.7/μ≥-/TP≥55,67.74,0.0,0.7,,55.0,34,31,21,10,67.74,-2.93,-26.94,21.08,-0.908,0.333,12
"[-299,-200]",HR≥45/EDG≥0.0/CV≤0.7/μ≥-/TP≥60,67.74,0.0,0.7,,60.0,34,31,21,10,67.74,-2.93,-26.94,21.08,-0.908,0.333,12
"[-299,-200]",HR≥45/EDG≥0.0/CV≤0.7/μ≥-/TP≥65,67.74,0.0,0.7,,65.0,34,31,21,10,67.74,-2.93,-26.94,21.08,-0.908,0.333,12
"[-299,-200]",HR≥45/EDG≥0.0/CV≤0.7/μ≥0.0/TP≥-,67.74,0.0,0.7,0.0,,34,31,21,10,67.74,-2.93,-26.94,21.08,-0.908,0.333,12
"[-299,-200]",HR≥45/EDG≥0.0/CV≤0.7/μ≥0.0/TP≥50,67.74,0.0,0.7,0.0,50.0,34,31,21,10,67.74,-2.93,-26.94,21.08,-0.908,0.333,12
"[-299,-200]",HR≥45/EDG≥0.0/CV≤0.7/μ≥0.0/TP≥55,67.74,0.0,0.7,0.0,55.0,34,31,21,10,67.74,-2.93,-26.94,21.08,-0.908,0.333,12
"[-299,-200]",HR≥45/EDG≥0.0/CV≤0.7/μ≥0.0/TP≥60,67.74,0.0,0.7,0.0,60.0,34,31,21,10,67.74,-2.93,-26.94,21.08,-0.908,0.333,12
"[-299,-200]",HR≥45/EDG≥0.0/CV≤0.7/μ≥0.0/TP≥65,67.74,0.0,0.7,0.0,65.0,34,31,21,10,67.74,-2.93,-26.94,21.08,-0.908,0.333,12
"[-299,-200]",HR≥45/EDG≥0.0/CV≤0.7/μ≥0.5/TP≥-,67.74,0.0,0.7,0.5,,34,31,21,10,67.74,-2.93,-26.94,21.08,-0.908,0.333,12
"[-299,-200]",HR≥45/EDG≥0.0/CV≤0.7/μ≥0.5/TP≥50,67.74,0.0,0.7,0.5,50.0,34,31,21,10,67.74,-2.93,-26.94,21.08,-0.908,0.333,12
"[-299,-200]",HR≥45/EDG≥0.0/CV≤0.7/μ≥0.5/TP≥55,67.74,0.0,0.7,0.5,55.0,34,31,21,10,67.74,-2.93,-26.94,21.08,-0.908,0.333,12
"[-299,-200]",HR≥45/EDG≥0.0/CV≤0.7/μ≥0.5/TP≥60,67.74,0.0,0.7,0.5,60.0,34,31,21,10,67.74,-2.93,-26.94,21.08,-0.908,0.333,12
"[-299,-200]",HR≥45/EDG≥0.0/CV≤0.7/μ≥0.5/TP≥65,67.74,0.0,0.7,0.5,65.0,34,31,21,10,67.74,-2.93,-26.94,21.08,-0.908,0.333,12
"[-299,-200]",HR≥50/EDG≥-/CV≤-/μ≥-/TP≥-,71.83,,,,,79,71,51,20,71.83,1.44,-13.47,16.35,1.023,0.417,12
"[-299,-200]",HR≥50/EDG≥-/CV≤-/μ≥-/TP≥50,74.63,,,,50.0,73,67,50,17,74.63,5.46,-9.41,20.33,3.659,0.5,12
"[-299,-200]",HR≥50/EDG≥-/CV≤-/μ≥-/TP≥55,73.85,,,,55.0,71,65,48,17,73.85,4.53,-10.75,19.8,2.944,0.5,12
"[-299,-200]",HR≥50/EDG≥-/CV≤-/μ≥-/TP≥60,71.19,,,,60.0,65,59,42,17,71.19,0.43,-16.05,16.91,0.255,0.5,12
"[-299,-200]",HR≥50/EDG≥-/CV≤-/μ≥-/TP≥65,74.0,,,,65.0,56,50,37,13,74.0,4.38,-12.98,21.74,2.19,0.5,12
"[-299,-200]",HR≥50/EDG≥-/CV≤-/μ≥0.0/TP≥-,73.85,,,0.0,,71,65,48,17,73.85,4.19,-11.03,19.42,2.725,0.5,12
"[-299,-200]",HR≥50/EDG≥-/CV≤-/μ≥0.0/TP≥50,73.85,,,0.0,50.0,71,65,48,17,73.85,4.19,-11.03,19.42,2.725,0.5,12
"[-299,-200]",HR≥50/EDG≥-/CV≤-/μ≥0.0/TP≥55,73.02,,,0.0,55.0,69,63,46,17,73.02,3.19,-12.46,18.84,2.009,0.417,12
"[-299,-200]",HR≥50/EDG≥-/CV≤-/μ≥0.0/TP≥60,70.18,,,0.0,60.0,63,57,40,17,70.18,-1.19,-18.1,15.71,-0.679,0.417,12
"[-299,-200]",HR≥50/EDG≥-/CV≤-/μ≥0.0/TP≥65,73.47,,,0.0,65.0,55,49,36,13,73.47,3.58,-14.07,21.23,1.755,0.5,12
"[-299,-200]",HR≥50/EDG≥-/CV≤-/μ≥0.5/TP≥-,71.43,,,0.5,,61,56,40,16,71.43,0.7,-16.16,17.57,0.395,0.417,12
"[-299,-200]",HR≥50/EDG≥-/CV≤-/μ≥0.5/TP≥50,71.43,,,0.5,50.0,61,56,40,16,71.43,0.7,-16.16,17.57,0.395,0.417,12
"[-299,-200]",HR≥50/EDG≥-/CV≤-/μ≥0.5/TP≥55,71.43,,,0.5,55.0,61,56,40,16,71.43,0.7,-16.16,17.57,0.395,0.417,12
"[-299,-200]",HR≥50/EDG≥-/CV≤-/μ≥0.5/TP≥60,70.37,,,0.5,60.0,59,54,38,16,70.37,-0.84,-18.2,16.51,-0.456,0.417,12
"[-299,-200]",HR≥50/EDG≥-/CV≤-/μ≥0.5/TP≥65,73.47,,,0.5,65.0,54,49,36,13,73.47,3.58,-14.07,21.23,1.755,0.5,12
"[-299,-200]",HR≥50/EDG≥-/CV≤-/μ≥1.0/TP≥-,71.79,,,1.0,,42,39,28,11,71.79,0.96,-19.2,21.12,0.374,0.5,12
"[-299,-200]",HR≥50/EDG≥-/CV≤-/μ≥1.0/TP≥50,71.79,,,1.0,50.0,42,39,28,11,71.79,0.96,-19.2,21.12,0.374,0.5,12
"[-299,-200]",HR≥50/EDG≥-/CV≤-/μ≥1.0/TP≥55,71.79,,,1.0,55.0,42,39,28,11,71.79,0.96,-19.2,21.12,0.374,0.5,12
"[-299,-200]",HR≥50/EDG≥-/CV≤-/μ≥1.0/TP≥60,71.79,,,1.0,60.0,42,39,28,11,71.79,0.96,-19.2,21.12,0.374,0.5,12
"[-299,-200]",HR≥50/EDG≥-/CV≤-/μ≥1.0/TP≥65,71.79,,,1.0,65.0,42,39,28,11,71.79,0.96,-19.2,21.12,0.374,0.5,12
"[-299,-200]",HR≥50/EDG≥-/CV≤0.7/μ≥-/TP≥-,73.13,,0.7,,,73,67,49,18,73.13,3.2,-11.92,18.33,2.147,0.417,12
"[-299,-200]",HR≥50/EDG≥-/CV≤0.7/μ≥-/TP≥50,76.19,,0.7,,50.0,67,63,48,15,76.19,7.59,-7.42,22.6,4.783,0.5,12
"[-299,-200]",HR≥50/EDG≥-/CV≤0.7/μ≥-/TP≥55,75.41,,0.7,,55.0,65,61,46,15,75.41,6.67,-8.78,22.12,4.068,0.5,12
"[-299,-200]",HR≥50/EDG≥-/CV≤0.7/μ≥-/TP≥60,73.21,,0.7,,60.0,60,56,41,15,73.21,3.27,-13.28,19.81,1.83,0.5,12
"[-299,-200]",HR≥50/EDG≥-/CV≤0.7/μ≥-/TP≥65,75.0,,0.7,,65.0,52,48,36,12,75.0,5.76,-11.74,23.26,2.764,0.5,12
"[-299,-200]",HR≥50/EDG≥-/CV≤0.7/μ≥0.0/TP≥-,75.41,,0.7,0.0,,65,61,46,15,75.41,6.31,-9.09,21.71,3.849,0.5,12
"[-299,-200]",HR≥50/EDG≥-/CV≤0.7/μ≥0.0/TP≥50,75.41,,0.7,0.0,50.0,65,61,46,15,75.41,6.31,-9.09,21.71,3.849,0.5,12
"[-299,-200]",HR≥50/EDG≥-/CV≤0.7/μ≥0.0/TP≥55,74.58,,0.7,0.0,55.0,63,59,44,15,74.58,5.31,-10.55,21.17,3.133,0.417,12
"[-299,-200]",HR≥50/EDG≥-/CV≤0.7/μ≥0.0/TP≥60,72.22,,0.7,0.0,60.0,58,54,39,15,72.22,1.66,-15.35,18.67,0.895,0.417,12
"[-299,-200]",HR≥50/EDG≥-/CV≤0.7/μ≥0.0/TP≥65,74.47,,0.7,0.0,65.0,51,47,35,12,74.47,4.96,-12.85,22.76,2.33,0.5,12
"[-299,-200]",HR≥50/EDG≥-/CV≤0.7/μ≥0.5/TP≥-,73.08,,0.7,0.5,,55,52,38,14,73.08,2.92,-14.26,20.1,1.519,0.417,12
"[-299,-200]",HR≥50/EDG≥-/CV≤0.7/μ≥0.5/TP≥50,73.08,,0.7,0.5,50.0,55,52,38,14,73.08,2.92,-14.26,20.1,1.519,0.417,12
"[-299,-200]",HR≥50/EDG≥-/CV≤0.7/μ≥0.5/TP≥55,73.08,,0.7,0.5,55.0,55,52,38,14,73.08,2.92,-14.26,20.1,1.519,0.417,12
"[-299,-200]",HR≥50/EDG≥-/CV≤0.7/μ≥0.5/TP≥60,72.55,,0.7,0.5,60.0,54,51,37,14,72.55,2.19,-15.27,19.66,1.119,0.417,12
"[-299,-200]",HR≥50/EDG≥-/CV≤0.7/μ≥0.5/TP≥65,74.47,,0.7,0.5,65.0,50,47,35,12,74.47,4.96,-12.85,22.76,2.33,0.5,12
"[-299,-200]",HR≥50/EDG≥-/CV≤0.7/μ≥1.0/TP≥-,72.97,,0.7,1.0,,38,37,27,10,72.97,2.56,-17.87,23.0,0.948,0.5,12
"[-299,-200]",HR≥50/EDG≥-/CV≤0.7/μ≥1.0/TP≥50,72.97,,0.7,1.0,50.0,38,37,27,10,72.97,2.56,-17.87,23.0,0.948,0.5,12
"[-299,-200]",HR≥50/EDG≥-/CV≤0.7/μ≥1.0/TP≥55,72.97,,0.7,1.0,55.0,38,37,27,10,72.97,2.56,-17.87,23.0,0.948,0.5,12
"[-299,-200]",HR≥50/EDG≥-/CV≤0.7/μ≥1.0/TP≥60,72.97,,0.7,1.0,60.0,38,37,27,10,72.97,2.56,-17.87,23.0,0.948,0.5,12
"[-299,-200]",HR≥50/EDG≥-/CV≤0.7/μ≥1.0/TP≥65,72.97,,0.7,1.0,65.0,38,37,27,10,72.97,2.56,-17.87,23.0,0.948,0.5,12
"[-299,-200]",HR≥50/EDG≥-/CV≤0.6/μ≥-/TP≥-,75.41,,0.6,,,66,61,46,15,75.41,6.53,-8.9,21.96,3.983,0.583,12
"[-299,-200]",HR≥50/EDG≥-/CV≤0.6/μ≥-/TP≥50,77.59,,0.6,,50.0,62,58,45,13,77.59,9.69,-5.66,25.04,5.62,0.667,12
"[-299,-200]",HR≥50/EDG≥-/CV≤0.6/μ≥-/TP≥55,76.79,,0.6,,55.0,60,56,43,13,76.79,8.76,-7.09,24.6,4.904,0.583,12
"[-299,-200]",HR≥50/EDG≥-/CV≤0.6/μ≥-/TP≥60,74.51,,0.6,,60.0,55,51,38,13,74.51,5.23,-11.88,22.33,2.666,0.583,12
"[-299,-200]",HR≥50/EDG≥-/CV≤0.6/μ≥-/TP≥65,75.0,,0.6,,65.0,48,44,33,11,75.0,5.91,-12.41,24.23,2.601,0.5,12
"[-299,-200]",HR≥50/EDG≥-/CV≤0.6/μ≥0.0/TP≥-,76.79,,0.6,0.0,,60,56,43,13,76.79,8.37,-7.42,24.16,4.685,0.583,12
"[-299,-200]",HR≥50/EDG≥-/CV≤0.6/μ≥0.0/TP≥50,76.79,,0.6,0.0,50.0,60,56,43,13,76.79,8.37,-7.42,24.16,4.685,0.583,12
"[-299,-200]",HR≥50/EDG≥-/CV≤0.6/μ≥0.0/TP≥55,75.93,,0.6,0.0,55.0,58,54,41,13,75.93,7.35,-8.97,23.67,3.969,0.5,12
"[-299,-200]",HR≥50/EDG≥-/CV≤0.6/μ≥0.0/TP≥60,73.47,,0.6,0.0,60.0,53,49,36,13,73.47,3.53,-14.11,21.18,1.732,0.5,12
"[-299,-200]",HR≥50/EDG≥-/CV≤0.6/μ≥0.0/TP≥65,74.42,,0.6,0.0,65.0,47,43,32,11,74.42,5.04,-13.64,23.71,2.166,0.5,12
"[-299,-200]",HR≥50/EDG≥-/CV≤0.6/μ≥0.5/TP≥-,74.47,,0.6,0.5,,50,47,35,12,74.47,5.01,-12.8,22.82,2.355,0.5,12
"[-299,-200]",HR≥50/EDG≥-/CV≤0.6/μ≥0.5/TP≥50,74.47,,0.6,0.5,50.0,50,47,35,12,74.47,5.01,-12.8,22.82,2.355,0.5,12
"[-299,-200]",HR≥50/EDG≥-/CV≤0.6/μ≥0.5/TP≥55,74.47,,0.6,0.5,55.0,50,47,35,12,74.47,5.01,-12.8,22.82,2.355,0.5,12
"[-299,-200]",HR≥50/EDG≥-/CV≤0.6/μ≥0.5/TP≥60,73.91,,0.6,0.5,60.0,49,46,34,12,73.91,4.25,-13.89,22.39,1.955,0.5,12
"[-299,-200]",HR≥50/EDG≥-/CV≤0.6/μ≥0.5/TP≥65,74.42,,0.6,0.5,65.0,46,43,32,11,74.42,5.04,-13.64,23.71,2.166,0.5,12
"[-299,-200]",HR≥50/EDG≥-/CV≤0.6/μ≥1.0/TP≥-,73.53,,0.6,1.0,,35,34,25,9,73.53,3.48,-17.75,24.72,1.184,0.5,12
"[-299,-200]",HR≥50/EDG≥-/CV≤0.6/μ≥1.0/TP≥50,73.53,,0.6,1.0,50.0,35,34,25,9,73.53,3.48,-17.75,24.72,1.184,0.5,12
"[-299,-200]",HR≥50/EDG≥-/CV≤0.6/μ≥1.0/TP≥55,73.53,,0.6,1.0,55.0,35,34,25,9,73.53,3.48,-17.75,24.72,1.184,0.5,12
"[-299,-200]",HR≥50/EDG≥-/CV≤0.6/μ≥1.0/TP≥60,73.53,,0.6,1.0,60.0,35,34,25,9,73.53,3.48,-17.75,24.72,1.184,0.5,12
"[-299,-200]",HR≥50/EDG≥-/CV≤0.6/μ≥1.0/TP≥65,73.53,,0.6,1.0,65.0,35,34,25,9,73.53,3.48,-17.75,24.72,1.184,0.5,12
"[-299,-200]",HR≥50/EDG≥-/CV≤0.5/μ≥-/TP≥-,75.0,,0.5,,,53,48,36,12,75.0,6.62,-11.03,24.26,3.176,0.583,12
"[-299,-200]",HR≥50/EDG≥-/CV≤0.5/μ≥-/TP≥50,76.09,,0.5,,50.0,50,46,35,11,76.09,8.29,-9.5,26.07,3.812,0.667,12
"[-299,-200]",HR≥50/EDG≥-/CV≤0.5/μ≥-/TP≥55,75.0,,0.5,,55.0,48,44,33,11,75.0,7.04,-11.48,25.55,3.096,0.583,12
"[-299,-200]",HR≥50/EDG≥-/CV≤0.5/μ≥-/TP≥60,72.5,,0.5,,60.0,44,40,29,11,72.5,3.15,-16.84,23.13,1.258,0.583,12
"[-299,-200]",HR≥50/EDG≥-/CV≤0.5/μ≥-/TP≥65,73.53,,0.5,,65.0,38,34,25,9,73.53,4.76,-16.74,26.26,1.618,0.5,12
"[-299,-200]",HR≥50/EDG≥-/CV≤0.5/μ≥0.0/TP≥-,75.0,,0.5,0.0,,48,44,33,11,75.0,6.54,-11.9,24.97,2.877,0.583,12
"[-299,-200]",HR≥50/EDG≥-/CV≤0.5/μ≥0.0/TP≥50,75.0,,0.5,0.0,50.0,48,44,33,11,75.0,6.54,-11.9,24.97,2.877,0.583,12
"[-299,-200]",HR≥50/EDG≥-/CV≤0.5/μ≥0.0/TP≥55,73.81,,0.5,0.0,55.0,46,42,31,11,73.81,5.15,-14.07,24.36,2.161,0.583,12
"[-299,-200]",HR≥50/EDG≥-/CV≤0.5/μ≥0.0/TP≥60,71.05,,0.5,0.0,60.0,42,38,27,11,71.05,0.85,-19.94,21.64,0.324,0.583,12
"[-299,-200]",HR≥50/EDG≥-/CV≤0.5/μ≥0.0/TP≥65,72.73,,0.5,0.0,65.0,37,33,24,9,72.73,3.59,-18.44,25.62,1.184,0.5,12
"[-299,-200]",HR≥50/EDG≥-/CV≤0.5/μ≥0.5/TP≥-,71.43,,0.5,0.5,,38,35,25,10,71.43,1.56,-20.08,23.21,0.547,0.5,12
"[-299,-200]",HR≥50/EDG≥-/CV≤0.5/μ≥0.5/TP≥50,71.43,,0.5,0.5,50.0,38,35,25,10,71.43,1.56,-20.08,23.21,0.547,0.5,12
"[-299,-200]",HR≥50/EDG≥-/CV≤0.5/μ≥0.5/TP≥55,71.43,,0.5,0.5,55.0,38,35,25,10,71.43,1.56,-20.08,23.21,0.547,0.5,12
"[-299,-200]",HR≥50/EDG≥-/CV≤0.5/μ≥0.5/TP≥60,71.43,,0.5,0.5,60.0,38,35,25,10,71.43,1.56,-20.08,23.21,0.547,0.5,12
"[-299,-200]",HR≥50/EDG≥-/CV≤0.5/μ≥0.5/TP≥65,72.73,,0.5,0.5,65.0,36,33,24,9,72.73,3.59,-18.44,25.62,1.184,0.5,12
"[-299,-200]",HR≥50/EDG≥-/CV≤0.45/μ≥-/TP≥-,76.92,,0.45,,,43,39,30,9,76.92,9.47,-9.65,28.59,3.693,0.667,12
"[-299,-200]",HR≥50/EDG≥-/CV≤0.45/μ≥-/TP≥50,78.38,,0.45,,50.0,40,37,29,8,78.38,11.7,-7.52,30.92,4.33,0.667,12
"[-299,-200]",HR≥50/EDG≥-/CV≤0.45/μ≥-/TP≥55,77.78,,0.45,,55.0,39,36,28,8,77.78,11.02,-8.7,30.73,3.966,0.667,12
"[-299,-200]",HR≥50/EDG≥-/CV≤0.45/μ≥-/TP≥60,75.76,,0.45,,60.0,36,33,25,8,75.76,7.96,-13.25,29.18,2.628,0.667,12
"[-299,-200]",HR≥50/EDG≥-/CV≤0.45/μ≥0.0/TP≥-,77.14,,0.45,0.0,,38,35,27,8,77.14,9.7,-10.43,29.82,3.395,0.667,12
"[-299,-200]",HR≥50/EDG≥-/CV≤0.45/μ≥0.0/TP≥50,77.14,,0.45,0.0,50.0,38,35,27,8,77.14,9.7,-10.43,29.82,3.395,0.667,12
"[-299,-200]",HR≥50/EDG≥-/CV≤0.45/μ≥0.0/TP≥55,76.47,,0.45,0.0,55.0,37,34,26,8,76.47,8.92,-11.75,29.58,3.031,0.667,12
"[-299,-200]",HR≥50/EDG≥-/CV≤0.45/μ≥0.0/TP≥60,74.19,,0.45,0.0,60.0,34,31,23,8,74.19,5.46,-16.85,27.78,1.694,0.667,12
"[-299,-200]",HR≥50/EDG≥-5.0/CV≤-/μ≥-/TP≥-,73.33,-5.0,,,,49,45,33,12,73.33,3.6,-14.9,22.1,1.62,0.417,12
"[-299,-200]",HR≥50/EDG≥-5.0/CV≤-/μ≥-/TP≥50,73.33,-5.0,,,50.0,49,45,33,12,73.33,3.6,-14.9,22.1,1.62,0.417,12
"[-299,-200]",HR≥50/EDG≥-5.0/CV≤-/μ≥-/TP≥55,73.33,-5.0,,,55.0,49,45,33,12,73.33,3.6,-14.9,22.1,1.62,0.417,12
"[-299,-200]",HR≥50/EDG≥-5.0/CV≤-/μ≥-/TP≥60,73.33,-5.0,,,60.0,49,45,33,12,73.33,3.6,-14.9,22.1,1.62,0.417,12
"[-299,-200]",HR≥50/EDG≥-5.0/CV≤-/μ≥-/TP≥65,73.33,-5.0,,,65.0,49,45,33,12,73.33,3.6,-14.9,22.1,1.62,0.417,12
"[-299,-200]",HR≥50/EDG≥-5.0/CV≤-/μ≥0.0/TP≥-,73.33,-5.0,,0.0,,49,45,33,12,73.33,3.6,-14.9,22.1,1.62,0.417,12
"[-299,-200]",HR≥50/EDG≥-5.0/CV≤-/μ≥0.0/TP≥50,73.33,-5.0,,0.0,50.0,49,45,33,12,73.33,3.6,-14.9,22.1,1.62,0.417,12
"[-299,-200]",HR≥50/EDG≥-5.0/CV≤-/μ≥0.0/TP≥55,73.33,-5.0,,0.0,55.0,49,45,33,12,73.33,3.6,-14.9,22.1,1.62,0.417,12
"[-299,-200]",HR≥50/EDG≥-5.0/CV≤-/μ≥0.0/TP≥60,73.33,-5.0,,0.0,60.0,49,45,33,12,73.33,3.6,-14.9,22.1,1.62,0.417,12
"[-299,-200]",HR≥50/EDG≥-5.0/CV≤-/μ≥0.0/TP≥65,73.33,-5.0,,0.0,65.0,49,45,33,12,73.33,3.6,-14.9,22.1,1.62,0.417,12
"[-299,-200]",HR≥50/EDG≥-5.0/CV≤-/μ≥0.5/TP≥-,73.33,-5.0,,0.5,,49,45,33,12,73.33,3.6,-14.9,22.1,1.62,0.417,12
"[-299,-200]",HR≥50/EDG≥-5.0/CV≤-/μ≥0.5/TP≥50,73.33,-5.0,,0.5,50.0,49,45,33,12,73.33,3.6,-14.9,22.1,1.62,0.417,12
"[-299,-200]",HR≥50/EDG≥-5.0/CV≤-/μ≥0.5/TP≥55,73.33,-5.0,,0.5,55.0,49,45,33,12,73.33,3.6,-14.9,22.1,1.62,0.417,12
"[-299,-200]",HR≥50/EDG≥-5.0/CV≤-/μ≥0.5/TP≥60,73.33,-5.0,,0.5,60.0,49,45,33,12,73.33,3.6,-14.9,22.1,1.62,0.417,12
"[-299,-200]",HR≥50/EDG≥-5.0/CV≤-/μ≥0.5/TP≥65,73.33,-5.0,,0.5,65.0,49,45,33,12,73.33,3.6,-14.9,22.1,1.62,0.417,12
"[-299,-200]",HR≥50/EDG≥-5.0/CV≤-/μ≥1.0/TP≥-,72.97,-5.0,,1.0,,39,37,27,10,72.97,2.67,-17.78,23.13,0.989,0.417,12
"[-299,-200]",HR≥50/EDG≥-5.0/CV≤-/μ≥1.0/TP≥50,72.97,-5.0,,1.0,50.0,39,37,27,10,72.97,2.67,-17.78,23.13,0.989,0.417,12
"[-299,-200]",HR≥50/EDG≥-5.0/CV≤-/μ≥1.0/TP≥55,72.97,-5.0,,1.0,55.0,39,37,27,10,72.97,2.67,-17.78,23.13,0.989,0.417,12
"[-299,-200]",HR≥50/EDG≥-5.0/CV≤-/μ≥1.0/TP≥60,72.97,-5.0,,1.0,60.0,39,37,27,10,72.97,2.67,-17.78,23.13,0.989,0.417,12
"[-299,-200]",HR≥50/EDG≥-5.0/CV≤-/μ≥1.0/TP≥65,72.97,-5.0,,1.0,65.0,39,37,27,10,72.97,2.67,-17.78,23.13,0.989,0.417,12
"[-299,-200]",HR≥50/EDG≥-5.0/CV≤0.7/μ≥-/TP≥-,74.42,-5.0,0.7,,,46,43,32,11,74.42,5.1,-13.58,23.79,2.194,0.417,12
"[-299,-200]",HR≥50/EDG≥-5.0/CV≤0.7/μ≥-/TP≥50,74.42,-5.0,0.7,,50.0,46,43,32,11,74.42,5.1,-13.58,23.79,2.194,0.417,12
"[-299,-200]",HR≥50/EDG≥-5.0/CV≤0.7/μ≥-/TP≥55,74.42,-5.0,0.7,,55.0,46,43,32,11,74.42,5.1,-13.58,23.79,2.194,0.417,12
"[-299,-200]",HR≥50/EDG≥-5.0/CV≤0.7/μ≥-/TP≥60,74.42,-5.0,0.7,,60.0,46,43,32,11,74.42,5.1,-13.58,23.79,2.194,0.417,12
"[-299,-200]",HR≥50/EDG≥-5.0/CV≤0.7/μ≥-/TP≥65,74.42,-5.0,0.7,,65.0,46,43,32,11,74.42,5.1,-13.58,23.79,2.194,0.417,12
"[-299,-200]",HR≥50/EDG≥-5.0/CV≤0.7/μ≥0.0/TP≥-,74.42,-5.0,0.7,0.0,,46,43,32,11,74.42,5.1,-13.58,23.79,2.194,0.417,12
"[-299,-200]",HR≥50/EDG≥-5.0/CV≤0.7/μ≥0.0/TP≥50,74.42,-5.0,0.7,0.0,50.0,46,43,32,11,74.42,5.1,-13.58,23.79,2.194,0.417,12
"[-299,-200]",HR≥50/EDG≥-5.0/CV≤0.7/μ≥0.0/TP≥55,74.42,-5.0,0.7,0.0,55.0,46,43,32,11,74.42,5.1,-13.58,23.79,2.194,0.417,12
"[-299,-200]",HR≥50/EDG≥-5.0/CV≤0.7/μ≥0.0/TP≥60,74.42,-5.0,0.7,0.0,60.0,46,43,32,11,74.42,5.1,-13.58,23.79,2.194,0.417,12
"[-299,-200]",HR≥50/EDG≥-5.0/CV≤0.7/μ≥0.0/TP≥65,74.42,-5.0,0.7,0.0,65.0,46,43,32,11,74.42,5.1,-13.58,23.79,2.194,0.417,12
"[-299,-200]",HR≥50/EDG≥-5.0/CV≤0.7/μ≥0.5/TP≥-,74.42,-5.0,0.7,0.5,,46,43,32,11,74.42,5.1,-13.58,23.79,2.194,0.417,12
"[-299,-200]",HR≥50/EDG≥-5.0/CV≤0.7/μ≥0.5/TP≥50,74.42,-5.0,0.7,0.5,50.0,46,43,32,11,74.42,5.1,-13.58,23.79,2.194,0.417,12
"[-299,-200]",HR≥50/EDG≥-5.0/CV≤0.7/μ≥0.5/TP≥55,74.42,-5.0,0.7,0.5,55.0,46,43,32,11,74.42,5.1,-13.58,23.79,2.194,0.417,12
"[-299,-200]",HR≥50/EDG≥-5.0/CV≤0.7/μ≥0.5/TP≥60,74.42,-5.0,0.7,0.5,60.0,46,43,32,11,74.42,5.1,-13.58,23.79,2.194,0.417,12
"[-299,-200]",HR≥50/EDG≥-5.0/CV≤0.7/μ≥0.5/TP≥65,74.42,-5.0,0.7,0.5,65.0,46,43,32,11,74.42,5.1,-13.58,23.79,2.194,0.417,12
"[-299,-200]",HR≥50/EDG≥-5.0/CV≤0.7/μ≥1.0/TP≥-,74.29,-5.0,0.7,1.0,,36,35,26,9,74.29,4.47,-16.24,25.18,1.563,0.417,12
"[-299,-200]",HR≥50/EDG≥-5.0/CV≤0.7/μ≥1.0/TP≥50,74.29,-5.0,0.7,1.0,50.0,36,35,26,9,74.29,4.47,-16.24,25.18,1.563,0.417,12
"[-299,-200]",HR≥50/EDG≥-5.0/CV≤0.7/μ≥1.0/TP≥55,74.29,-5.0,0.7,1.0,55.0,36,35,26,9,74.29,4.47,-16.24,25.18,1.563,0.417,12
"[-299,-200]",HR≥50/EDG≥-5.0/CV≤0.7/μ≥1.0/TP≥60,74.29,-5.0,0.7,1.0,60.0,36,35,26,9,74.29,4.47,-16.24,25.18,1.563,0.417,12
"[-299,-200]",HR≥50/EDG≥-5.0/CV≤0.7/μ≥1.0/TP≥65,74.29,-5.0,0.7,1.0,65.0,36,35,26,9,74.29,4.47,-16.24,25.18,1.563,0.417,12
"[-299,-200]",HR≥50/EDG≥-5.0/CV≤0.6/μ≥-/TP≥-,73.17,-5.0,0.6,,,44,41,30,11,73.17,3.49,-15.98,22.96,1.43,0.417,12
"[-299,-200]",HR≥50/EDG≥-5.0/CV≤0.6/μ≥-/TP≥50,73.17,-5.0,0.6,,50.0,44,41,30,11,73.17,3.49,-15.98,22.96,1.43,0.417,12
"[-299,-200]",HR≥50/EDG≥-5.0/CV≤0.6/μ≥-/TP≥55,73.17,-5.0,0.6,,55.0,44,41,30,11,73.17,3.49,-15.98,22.96,1.43,0.417,12
"[-299,-200]",HR≥50/EDG≥-5.0/CV≤0.6/μ≥-/TP≥60,73.17,-5.0,0.6,,60.0,44,41,30,11,73.17,3.49,-15.98,22.96,1.43,0.417,12
"[-299,-200]",HR≥50/EDG≥-5.0/CV≤0.6/μ≥-/TP≥65,73.17,-5.0,0.6,,65.0,44,41,30,11,73.17,3.49,-15.98,22.96,1.43,0.417,12
"[-299,-200]",HR≥50/EDG≥-5.0/CV≤0.6/μ≥0.0/TP≥-,73.17,-5.0,0.6,0.0,,44,41,30,11,73.17,3.49,-15.98,22.96,1.43,0.417,12
"[-299,-200]",HR≥50/EDG≥-5.0/CV≤0.6/μ≥0.0/TP≥50,73.17,-5.0,0.6,0.0,50.0,44,41,30,11,73.17,3.49,-15.98,22.96,1.43,0.417,12
"[-299,-200]",HR≥50/EDG≥-5.0/CV≤0.6/μ≥0.0/TP≥55,73.17,-5.0,0.6,0.0,55.0,44,41,30,11,73.17,3.49,-15.98,22.96,1.43,0.417,12
"[-299,-200]",HR≥50/EDG≥-5.0/CV≤0.6/μ≥0.0/TP≥60,73.17,-5.0,0.6,0.0,60.0,44,41,30,11,73.17,3.49,-15.98,22.96,1.43,0.417,12
"[-299,-200]",HR≥50/EDG≥-5.0/CV≤0.6/μ≥0.0/TP≥65,73.17,-5.0,0.6,0.0,65.0,44,41,30,11,73.17,3.49,-15.98,22.96,1.43,0.417,12
"[-299,-200]",HR≥50/EDG≥-5.0/CV≤0.6/μ≥0.5/TP≥-,73.17,-5.0,0.6,0.5,,44,41,30,11,73.17,3.49,-15.98,22.96,1.43,0.417,12
"[-299,-200]",HR≥50/EDG≥-5.0/CV≤0.6/μ≥0.5/TP≥50,73.17,-5.0,0.6,0.5,50.0,44,41,30,11,73.17,3.49,-15.98,22.96,1.43,0.417,12
"[-299,-200]",HR≥50/EDG≥-5.0/CV≤0.6/μ≥0.5/TP≥55,73.17,-5.0,0.6,0.5,55.0,44,41,30,11,73.17,3.49,-15.98,22.96,1.43,0.417,12
"[-299,-200]",HR≥50/EDG≥-5.0/CV≤0.6/μ≥0.5/TP≥60,73.17,-5.0,0.6,0.5,60.0,44,41,30,11,73.17,3.49,-15.98,22.96,1.43,0.417,12
"[-299,-200]",HR≥50/EDG≥-5.0/CV≤0.6/μ≥0.5/TP≥65,73.17,-5.0,0.6,0.5,65.0,44,41,30,11,73.17,3.49,-15.98,22.96,1.43,0.417,12
"[-299,-200]",HR≥50/EDG≥-5.0/CV≤0.6/μ≥1.0/TP≥-,72.73,-5.0,0.6,1.0,,34,33,24,9,72.73,2.42,-19.36,24.21,0.8,0.417,12
"[-299,-200]",HR≥50/EDG≥-5.0/CV≤0.6/μ≥1.0/TP≥50,72.73,-5.0,0.6,1.0,50.0,34,33,24,9,72.73,2.42,-19.36,24.21,0.8,0.417,12
"[-299,-200]",HR≥50/EDG≥-5.0/CV≤0.6/μ≥1.0/TP≥55,72.73,-5.0,0.6,1.0,55.0,34,33,24,9,72.73,2.42,-19.36,24.21,0.8,0.417,12
"[-299,-200]",HR≥50/EDG≥-5.0/CV≤0.6/μ≥1.0/TP≥60,72.73,-5.0,0.6,1.0,60.0,34,33,24,9,72.73,2.42,-19.36,24.21,0.8,0.417,12
"[-299,-200]",HR≥50/EDG≥-5.0/CV≤0.6/μ≥1.0/TP≥65,72.73,-5.0,0.6,1.0,65.0,34,33,24,9,72.73,2.42,-19.36,24.21,0.8,0.417,12
"[-299,-200]",HR≥50/EDG≥-5.0/CV≤0.5/μ≥-/TP≥-,71.88,-5.0,0.5,,,35,32,23,9,71.88,2.6,-20.04,25.25,0.833,0.5,12
"[-299,-200]",HR≥50/EDG≥-5.0/CV≤0.5/μ≥-/TP≥50,71.88,-5.0,0.5,,50.0,35,32,23,9,71.88,2.6,-20.04,25.25,0.833,0.5,12
"[-299,-200]",HR≥50/EDG≥-5.0/CV≤0.5/μ≥-/TP≥55,71.88,-5.0,0.5,,55.0,35,32,23,9,71.88,2.6,-20.04,25.25,0.833,0.5,12
"[-299,-200]",HR≥50/EDG≥-5.0/CV≤0.5/μ≥-/TP≥60,71.88,-5.0,0.5,,60.0,35,32,23,9,71.88,2.6,-20.04,25.25,0.833,0.5,12
"[-299,-200]",HR≥50/EDG≥-5.0/CV≤0.5/μ≥-/TP≥65,71.88,-5.0,0.5,,65.0,35,32,23,9,71.88,2.6,-20.04,25.25,0.833,0.5,12
"[-299,-200]",HR≥50/EDG≥-5.0/CV≤0.5/μ≥0.0/TP≥-,71.88,-5.0,0.5,0.0,,35,32,23,9,71.88,2.6,-20.04,25.25,0.833,0.5,12
"[-299,-200]",HR≥50/EDG≥-5.0/CV≤0.5/μ≥0.0/TP≥50,71.88,-5.0,0.5,0.0,50.0,35,32,23,9,71.88,2.6,-20.04,25.25,0.833,0.5,12
"[-299,-200]",HR≥50/EDG≥-5.0/CV≤0.5/μ≥0.0/TP≥55,71.88,-5.0,0.5,0.0,55.0,35,32,23,9,71.88,2.6,-20.04,25.25,0.833,0.5,12
"[-299,-200]",HR≥50/EDG≥-5.0/CV≤0.5/μ≥0.0/TP≥60,71.88,-5.0,0.5,0.0,60.0,35,32,23,9,71.88,2.6,-20.04,25.25,0.833,0.5,12
"[-299,-200]",HR≥50/EDG≥-5.0/CV≤0.5/μ≥0.0/TP≥65,71.88,-5.0,0.5,0.0,65.0,35,32,23,9,71.88,2.6,-20.04,25.25,0.833,0.5,12
"[-299,-200]",HR≥50/EDG≥-5.0/CV≤0.5/μ≥0.5/TP≥-,71.88,-5.0,0.5,0.5,,35,32,23,9,71.88,2.6,-20.04,25.25,0.833,0.5,12
"[-299,-200]",HR≥50/EDG≥-5.0/CV≤0.5/μ≥0.5/TP≥50,71.88,-5.0,0.5,0.5,50.0,35,32,23,9,71.88,2.6,-20.04,25.25,0.833,0.5,12
"[-299,-200]",HR≥50/EDG≥-5.0/CV≤0.5/μ≥0.5/TP≥55,71.88,-5.0,0.5,0.5,55.0,35,32,23,9,71.88,2.6,-20.04,25.25,0.833,0.5,12
"[-299,-200]",HR≥50/EDG≥-5.0/CV≤0.5/μ≥0.5/TP≥60,71.88,-5.0,0.5,0.5,60.0,35,32,23,9,71.88,2.6,-20.04,25.25,0.833,0.5,12
"[-299,-200]",HR≥50/EDG≥-5.0/CV≤0.5/μ≥0.5/TP≥65,71.88,-5.0,0.5,0.5,65.0,35,32,23,9,71.88,2.6,-20.04,25.25,0.833,0.5,12
"[-299,-200]",HR≥50/EDG≥0.0/CV≤-/μ≥-/TP≥-,66.67,0.0,,,,33,30,20,10,66.67,-4.56,-29.17,20.04,-1.369,0.333,12
"[-299,-200]",HR≥50/EDG≥0.0/CV≤-/μ≥-/TP≥50,66.67,0.0,,,50.0,33,30,20,10,66.67,-4.56,-29.17,20.04,-1.369,0.333,12
"[-299,-200]",HR≥50/EDG≥0.0/CV≤-/μ≥-/TP≥55,66.67,0.0,,,55.0,33,30,20,10,66.67,-4.56,-29.17,20.04,-1.369,0.333,12
"[-299,-200]",HR≥50/EDG≥0.0/CV≤-/μ≥-/TP≥60,66.67,0.0,,,60.0,33,30,20,10,66.67,-4.56,-29.17,20.04,-1.369,0.333,12
"[-299,-200]",HR≥50/EDG≥0.0/CV≤-/μ≥-/TP≥65,66.67,0.0,,,65.0,33,30,20,10,66.67,-4.56,-29.17,20.04,-1.369,0.333,12
"[-299,-200]",HR≥50/EDG≥0.0/CV≤-/μ≥0.0/TP≥-,66.67,0.0,,0.0,,33,30,20,10,66.67,-4.56,-29.17,20.04,-1.369,0.333,12
"[-299,-200]",HR≥50/EDG≥0.0/CV≤-/μ≥0.0/TP≥50,66.67,0.0,,0.0,50.0,33,30,20,10,66.67,-4.56,-29.17,20.04,-1.369,0.333,12
"[-299,-200]",HR≥50/EDG≥0.0/CV≤-/μ≥0.0/TP≥55,66.67,0.0,,0.0,55.0,33,30,20,10,66.67,-4.56,-29.17,20.04,-1.369,0.333,12
"[-299,-200]",HR≥50/EDG≥0.0/CV≤-/μ≥0.0/TP≥60,66.67,0.0,,0.0,60.0,33,30,20,10,66.67,-4.56,-29.17,20.04,-1.369,0.333,12
"[-299,-200]",HR≥50/EDG≥0.0/CV≤-/μ≥0.0/TP≥65,66.67,0.0,,0.0,65.0,33,30,20,10,66.67,-4.56,-29.17,20.04,-1.369,0.333,12
"[-299,-200]",HR≥50/EDG≥0.0/CV≤-/μ≥0.5/TP≥-,66.67,0.0,,0.5,,33,30,20,10,66.67,-4.56,-29.17,20.04,-1.369,0.333,12
"[-299,-200]",HR≥50/EDG≥0.0/CV≤-/μ≥0.5/TP≥50,66.67,0.0,,0.5,50.0,33,30,20,10,66.67,-4.56,-29.17,20.04,-1.369,0.333,12
"[-299,-200]",HR≥50/EDG≥0.0/CV≤-/μ≥0.5/TP≥55,66.67,0.0,,0.5,55.0,33,30,20,10,66.67,-4.56,-29.17,20.04,-1.369,0.333,12
"[-299,-200]",HR≥50/EDG≥0.0/CV≤-/μ≥0.5/TP≥60,66.67,0.0,,0.5,60.0,33,30,20,10,66.67,-4.56,-29.17,20.04,-1.369,0.333,12
"[-299,-200]",HR≥50/EDG≥0.0/CV≤-/μ≥0.5/TP≥65,66.67,0.0,,0.5,65.0,33,30,20,10,66.67,-4.56,-29.17,20.04,-1.369,0.333,12
"[-299,-200]",HR≥50/EDG≥0.0/CV≤0.7/μ≥-/TP≥-,66.67,0.0,0.7,,,33,30,20,10,66.67,-4.56,-29.17,20.04,-1.369,0.333,12
"[-299,-200]",HR≥50/EDG≥0.0/CV≤0.7/μ≥-/TP≥50,66.67,0.0,0.7,,50.0,33,30,20,10,66.67,-4.56,-29.17,20.04,-1.369,0.333,12
"[-299,-200]",HR≥50/EDG≥0.0/CV≤0.7/μ≥-/TP≥55,66.67,0.0,0.7,,55.0,33,30,20,10,66.67,-4.56,-29.17,20.04,-1.369,0.333,12
"[-299,-200]",HR≥50/EDG≥0.0/CV≤0.7/μ≥-/TP≥60,66.67,0.0,0.7,,60.0,33,30,20,10,66.67,-4.56,-29.17,20.04,-1.369,0.333,12
"[-299,-200]",HR≥50/EDG≥0.0/CV≤0.7/μ≥-/TP≥65,66.67,0.0,0.7,,65.0,33,30,20,10,66.67,-4.56,-29.17,20.04,-1.369,0.333,12
"[-299,-200]",HR≥50/EDG≥0.0/CV≤0.7/μ≥0.0/TP≥-,66.67,0.0,0.7,0.0,,33,30,20,10,66.67,-4.56,-29.17,20.04,-1.369,0.333,12
"[-299,-200]",HR≥50/EDG≥0.0/CV≤0.7/μ≥0.0/TP≥50,66.67,0.0,0.7,0.0,50.0,33,30,20,10,66.67,-4.56,-29.17,20.04,-1.369,0.333,12
"[-299,-200]",HR≥50/EDG≥0.0/CV≤0.7/μ≥0.0/TP≥55,66.67,0.0,0.7,0.0,55.0,33,30,20,10,66.67,-4.56,-29.17,20.04,-1.369,0.333,12
"[-299,-200]",HR≥50/EDG≥0.0/CV≤0.7/μ≥0.0/TP≥60,66.67,0.0,0.7,0.0,60.0,33,30,20,10,66.67,-4.56,-29.17,20.04,-1.369,0.333,12
"[-299,-200]",HR≥50/EDG≥0.0/CV≤0.7/μ≥0.0/TP≥65,66.67,0.0,0.7,0.0,65.0,33,30,20,10,66.67,-4.56,-29.17,20.04,-1.369,0.333,12
"[-299,-200]",HR≥50/EDG≥0.0/CV≤0.7/μ≥0.5/TP≥-,66.67,0.0,0.7,0.5,,33,30,20,10,66.67,-4.56,-29.17,20.04,-1.369,0.333,12
"[-299,-200]",HR≥50/EDG≥0.0/CV≤0.7/μ≥0.5/TP≥50,66.67,0.0,0.7,0.5,50.0,33,30,20,10,66.67,-4.56,-29.17,20.04,-1.369,0.333,12
"[-299,-200]",HR≥50/EDG≥0.0/CV≤0.7/μ≥0.5/TP≥55,66.67,0.0,0.7,0.5,55.0,33,30,20,10,66.67,-4.56,-29.17,20.04,-1.369,0.333,12
"[-299,-200]",HR≥50/EDG≥0.0/CV≤0.7/μ≥0.5/TP≥60,66.67,0.0,0.7,0.5,60.0,33,30,20,10,66.67,-4.56,-29.17,20.04,-1.369,0.333,12
"[-299,-200]",HR≥50/EDG≥0.0/CV≤0.7/μ≥0.5/TP≥65,66.67,0.0,0.7,0.5,65.0,33,30,20,10,66.67,-4.56,-29.17,20.04,-1.369,0.333,12
"[-299,-200]",HR≥55/EDG≥-/CV≤-/μ≥-/TP≥-,69.81,,,,,58,53,37,16,69.81,-1.32,-19.0,16.35,-0.701,0.417,12
"[-299,-200]",HR≥55/EDG≥-/CV≤-/μ≥-/TP≥50,72.55,,,,50.0,55,51,37,14,72.55,2.55,-14.98,20.07,1.299,0.5,12
"[-299,-200]",HR≥55/EDG≥-/CV≤-/μ≥-/TP≥55,72.0,,,,55.0,54,50,36,14,72.0,1.87,-15.96,19.7,0.935,0.417,12
"[-299,-200]",HR≥55/EDG≥-/CV≤-/μ≥-/TP≥60,68.89,,,,60.0,49,45,31,14,68.89,-3.01,-22.3,16.29,-1.353,0.333,12
"[-299,-200]",HR≥55/EDG≥-/CV≤-/μ≥-/TP≥65,71.79,,,,65.0,43,39,28,11,71.79,1.14,-19.06,21.34,0.445,0.417,12
"[-299,-200]",HR≥55/EDG≥-/CV≤-/μ≥0.0/TP≥-,72.0,,,0.0,,54,50,36,14,72.0,1.73,-16.07,19.53,0.864,0.5,12
"[-299,-200]",HR≥55/EDG≥-/CV≤-/μ≥0.0/TP≥50,72.0,,,0.0,50.0,54,50,36,14,72.0,1.73,-16.07,19.53,0.864,0.5,12
"[-299,-200]",HR≥55/EDG≥-/CV≤-/μ≥0.0/TP≥55,71.43,,,0.0,55.0,53,49,35,14,71.43,1.02,-17.09,19.13,0.5,0.417,12
"[-299,-200]",HR≥55/EDG≥-/CV≤-/μ≥0.0/TP≥60,68.18,,,0.0,60.0,48,44,30,14,68.18,-4.06,-23.69,15.56,-1.788,0.333,12
"[-299,-200]",HR≥55/EDG≥-/CV≤-/μ≥0.0/TP≥65,71.05,,,0.0,65.0,42,38,27,11,71.05,0.03,-20.59,20.64,0.01,0.417,12
"[-299,-200]",HR≥55/EDG≥-/CV≤-/μ≥0.5/TP≥-,69.05,,,0.5,,46,42,29,13,69.05,-2.65,-22.64,17.34,-1.114,0.417,12
"[-299,-200]",HR≥55/EDG≥-/CV≤-/μ≥0.5/TP≥50,69.05,,,0.5,50.0,46,42,29,13,69.05,-2.65,-22.64,17.34,-1.114,0.417,12
"[-299,-200]",HR≥55/EDG≥-/CV≤-/μ≥0.5/TP≥55,69.05,,,0.5,55.0,46,42,29,13,69.05,-2.65,-22.64,17.34,-1.114,0.417,12
"[-299,-200]",HR≥55/EDG≥-/CV≤-/μ≥0.5/TP≥60,68.29,,,0.5,60.0,45,41,28,13,68.29,-3.82,-24.17,16.53,-1.564,0.417,12
"[-299,-200]",HR≥55/EDG≥-/CV≤-/μ≥0.5/TP≥65,71.05,,,0.5,65.0,42,38,27,11,71.05,0.03,-20.59,20.64,0.01,0.417,12
"[-299,-200]",HR≥55/EDG≥-/CV≤0.7/μ≥-/TP≥-,69.23,,0.7,,,56,52,36,16,69.23,-2.21,-20.14,15.71,-1.152,0.417,12
"[-299,-200]",HR≥55/EDG≥-/CV≤0.7/μ≥-/TP≥50,72.0,,0.7,,50.0,53,50,36,14,72.0,1.7,-16.1,19.49,0.848,0.5,12
"[-299,-200]",HR≥55/EDG≥-/CV≤0.7/μ≥-/TP≥55,71.43,,0.7,,55.0,52,49,35,14,71.43,0.99,-17.12,19.1,0.485,0.417,12
"[-299,-200]",HR≥55/EDG≥-/CV≤0.7/μ≥-/TP≥60,68.89,,0.7,,60.0,48,45,31,14,68.89,-3.01,-22.3,16.29,-1.353,0.333,12
"[-299,-200]",HR≥55/EDG≥-/CV≤0.7/μ≥-/TP≥65,71.79,,0.7,,65.0,42,39,28,11,71.79,1.14,-19.06,21.34,0.445,0.417,12
"[-299,-200]",HR≥55/EDG≥-/CV≤0.7/μ≥0.0/TP≥-,71.43,,0.7,0.0,,52,49,35,14,71.43,0.84,-17.24,18.93,0.413,0.5,12
"[-299,-200]",HR≥55/EDG≥-/CV≤0.7/μ≥0.0/TP≥50,71.43,,0.7,0.0,50.0,52,49,35,14,71.43,0.84,-17.24,18.93,0.413,0.5,12
"[-299,-200]",HR≥55/EDG≥-/CV≤0.7/μ≥0.0/TP≥55,70.83,,0.7,0.0,55.0,51,48,34,14,70.83,0.1,-18.3,18.51,0.05,0.417,12
"[-299,-200]",HR≥55/EDG≥-/CV≤0.7/μ≥0.0/TP≥60,68.18,,0.7,0.0,60.0,47,44,30,14,68.18,-4.06,-23.69,15.56,-1.788,0.333,12
"[-299,-200]",HR≥55/EDG≥-/CV≤0.7/μ≥0.0/TP≥65,71.05,,0.7,0.0,65.0,41,38,27,11,71.05,0.03,-20.59,20.64,0.01,0.417,12
"[-299,-200]",HR≥55/EDG≥-/CV≤0.7/μ≥0.5/TP≥-,68.29,,0.7,0.5,,44,41,28,13,68.29,-3.82,-24.17,16.53,-1.564,0.417,12
"[-299,-200]",HR≥55/EDG≥-/CV≤0.7/μ≥0.5/TP≥50,68.29,,0.7,0.5,50.0,44,41,28,13,68.29,-3.82,-24.17,16.53,-1.564,0.417,12
"[-299,-200]",HR≥55/EDG≥-/CV≤0.7/μ≥0.5/TP≥55,68.29,,0.7,0.5,55.0,44,41,28,13,68.29,-3.82,-24.17,16.53,-1.564,0.417,12
"[-299,-200]",HR≥55/EDG≥-/CV≤0.7/μ≥0.5/TP≥60,68.29,,0.7,0.5,60.0,44,41,28,13,68.29,-3.82,-24.17,16.53,-1.564,0.417,12
"[-299,-200]",HR≥55/EDG≥-/CV≤0.7/μ≥0.5/TP≥65,71.05,,0.7,0.5,65.0,41,38,27,11,71.05,0.03,-20.59,20.64,0.01,0.417,12
"[-299,-200]",HR≥55/EDG≥-/CV≤0.6/μ≥-/TP≥-,70.83,,0.6,,,52,48,34,14,70.83,0.18,-18.24,18.59,0.085,0.5,12
"[-299,-200]",HR≥55/EDG≥-/CV≤0.6/μ≥-/TP≥50,73.91,,0.6,,50.0,49,46,34,12,73.91,4.53,-13.66,22.72,2.085,0.583,12
"[-299,-200]",HR≥55/EDG≥-/CV≤0.6/μ≥-/TP≥55,73.33,,0.6,,55.0,48,45,33,12,73.33,3.82,-14.72,22.37,1.721,0.5,12
"[-299,-200]",HR≥55/EDG≥-/CV≤0.6/μ≥-/TP≥60,70.73,,0.6,,60.0,44,41,29,12,70.73,-0.28,-20.2,19.63,-0.117,0.417,12
"[-299,-200]",HR≥55/EDG≥-/CV≤0.6/μ≥-/TP≥65,72.22,,0.6,,65.0,39,36,26,10,72.22,1.89,-19.09,22.88,0.681,0.5,12
"[-299,-200]",HR≥55/EDG≥-/CV≤0.6/μ≥0.0/TP≥-,73.33,,0.6,0.0,,48,45,33,12,73.33,3.67,-14.85,22.18,1.65,0.583,12
"[-299,-200]",HR≥55/EDG≥-/CV≤0.6/μ≥0.0/TP≥50,73.33,,0.6,0.0,50.0,48,45,33,12,73.33,3.67,-14.85,22.18,1.65,0.583,12
"[-299,-200]",HR≥55/EDG≥-/CV≤0.6/μ≥0.0/TP≥55,72.73,,0.6,0.0,55.0,47,44,32,12,72.73,2.92,-15.96,21.81,1.286,0.5,12
"[-299,-200]",HR≥55/EDG≥-/CV≤0.6/μ≥0.0/TP≥60,70.0,,0.6,0.0,60.0,43,40,28,12,70.0,-1.38,-21.68,18.93,-0.551,0.417,12
"[-299,-200]",HR≥55/EDG≥-/CV≤0.6/μ≥0.0/TP≥65,71.43,,0.6,0.0,65.0,38,35,25,10,71.43,0.7,-20.75,22.16,0.247,0.5,12
"[-299,-200]",HR≥55/EDG≥-/CV≤0.6/μ≥0.5/TP≥-,70.27,,0.6,0.5,,40,37,26,11,70.27,-0.89,-21.99,20.22,-0.328,0.5,12
"[-299,-200]",HR≥55/EDG≥-/CV≤0.6/μ≥0.5/TP≥50,70.27,,0.6,0.5,50.0,40,37,26,11,70.27,-0.89,-21.99,20.22,-0.328,0.5,12
"[-299,-200]",HR≥55/EDG≥-/CV≤0.6/μ≥0.5/TP≥55,70.27,,0.6,0.5,55.0,40,37,26,11,70.27,-0.89,-21.99,20.22,-0.328,0.5,12
"[-299,-200]",HR≥55/EDG≥-/CV≤0.6/μ≥0.5/TP≥60,70.27,,0.6,0.5,60.0,40,37,26,11,70.27,-0.89,-21.99,20.22,-0.328,0.5,12
"[-299,-200]",HR≥55/EDG≥-/CV≤0.6/μ≥0.5/TP≥65,71.43,,0.6,0.5,65.0,38,35,25,10,71.43,0.7,-20.75,22.16,0.247,0.5,12
"[-299,-200]",HR≥55/EDG≥-/CV≤0.5/μ≥-/TP≥-,71.05,,0.5,,,42,38,27,11,71.05,1.09,-19.75,21.92,0.412,0.636,11
"[-299,-200]",HR≥55/EDG≥-/CV≤0.5/μ≥-/TP≥50,72.97,,0.5,,50.0,40,37,27,10,72.97,3.82,-16.87,24.5,1.412,0.636,11
"[-299,-200]",HR≥55/EDG≥-/CV≤0.5/μ≥-/TP≥55,72.22,,0.5,,55.0,39,36,26,10,72.22,2.91,-18.28,24.1,1.049,0.636,11
"[-299,-200]",HR≥55/EDG≥-/CV≤0.5/μ≥-/TP≥60,68.75,,0.5,,60.0,35,32,22,10,68.75,-2.47,-25.66,20.73,-0.789,0.545,11
"[-299,-200]",HR≥55/EDG≥-/CV≤0.5/μ≥0.0/TP≥-,72.22,,0.5,0.0,,39,36,26,10,72.22,2.72,-18.44,23.87,0.978,0.6,10
"[-299,-200]",HR≥55/EDG≥-/CV≤0.5/μ≥0.0/TP≥50,72.22,,0.5,0.0,50.0,39,36,26,10,72.22,2.72,-18.44,23.87,0.978,0.6,10
"[-299,-200]",HR≥55/EDG≥-/CV≤0.5/μ≥0.0/TP≥55,71.43,,0.5,0.0,55.0,38,35,25,10,71.43,1.75,-19.93,23.43,0.614,0.6,10
"[-299,-200]",HR≥55/EDG≥-/CV≤0.5/μ≥0.0/TP≥60,67.74,,0.5,0.0,60.0,34,31,21,10,67.74,-3.95,-27.72,19.82,-1.224,0.5,10
"[-299,-200]",HR≥55/EDG≥-/CV≤0.45/μ≥-/TP≥-,74.19,,0.45,,,35,31,23,8,74.19,5.64,-16.71,27.98,1.747,0.636,11
"[-299,-200]",HR≥55/EDG≥-/CV≤0.45/μ≥-/TP≥50,76.67,,0.45,,50.0,33,30,23,7,76.67,9.16,-12.81,31.13,2.747,0.636,11
"[-299,-200]",HR≥55/EDG≥-5.0/CV≤-/μ≥-/TP≥-,71.43,-5.0,,,,38,35,25,10,71.43,0.78,-20.69,22.26,0.275,0.5,12
"[-299,-200]",HR≥55/EDG≥-5.0/CV≤-/μ≥-/TP≥50,71.43,-5.0,,,50.0,38,35,25,10,71.43,0.78,-20.69,22.26,0.275,0.5,12
"[-299,-200]",HR≥55/EDG≥-5.0/CV≤-/μ≥-/TP≥55,71.43,-5.0,,,55.0,38,35,25,10,71.43,0.78,-20.69,22.26,0.275,0.5,12
"[-299,-200]",HR≥55/EDG≥-5.0/CV≤-/μ≥-/TP≥60,71.43,-5.0,,,60.0,38,35,25,10,71.43,0.78,-20.69,22.26,0.275,0.5,12
"[-299,-200]",HR≥55/EDG≥-5.0/CV≤-/μ≥-/TP≥65,71.43,-5.0,,,65.0,38,35,25,10,71.43,0.78,-20.69,22.26,0.275,0.5,12
"[-299,-200]",HR≥55/EDG≥-5.0/CV≤-/μ≥0.0/TP≥-,71.43,-5.0,,0.0,,38,35,25,10,71.43,0.78,-20.69,22.26,0.275,0.5,12
"[-299,-200]",HR≥55/EDG≥-5.0/CV≤-/μ≥0.0/TP≥50,71.43,-5.0,,0.0,50.0,38,35,25,10,71.43,0.78,-20.69,22.26,0.275,0.5,12
"[-299,-200]",HR≥55/EDG≥-5.0/CV≤-/μ≥0.0/TP≥55,71.43,-5.0,,0.0,55.0,38,35,25,10,71.43,0.78,-20.69,22.26,0.275,0.5,12
"[-299,-200]",HR≥55/EDG≥-5.0/CV≤-/μ≥0.0/TP≥60,71.43,-5.0,,0.0,60.0,38,35,25,10,71.43,0.78,-20.69,22.26,0.275,0.5,12
"[-299,-200]",HR≥55/EDG≥-5.0/CV≤-/μ≥0.0/TP≥65,71.43,-5.0,,0.0,65.0,38,35,25,10,71.43,0.78,-20.69,22.26,0.275,0.5,12
"[-299,-200]",HR≥55/EDG≥-5.0/CV≤-/μ≥0.5/TP≥-,71.43,-5.0,,0.5,,38,35,25,10,71.43,0.78,-20.69,22.26,0.275,0.5,12
"[-299,-200]",HR≥55/EDG≥-5.0/CV≤-/μ≥0.5/TP≥50,71.43,-5.0,,0.5,50.0,38,35,25,10,71.43,0.78,-20.69,22.26,0.275,0.5,12
"[-299,-200]",HR≥55/EDG≥-5.0/CV≤-/μ≥0.5/TP≥55,71.43,-5.0,,0.5,55.0,38,35,25,10,71.43,0.78,-20.69,22.26,0.275,0.5,12
"[-299,-200]",HR≥55/EDG≥-5.0/CV≤-/μ≥0.5/TP≥60,71.43,-5.0,,0.5,60.0,38,35,25,10,71.43,0.78,-20.69,22.26,0.275,0.5,12
"[-299,-200]",HR≥55/EDG≥-5.0/CV≤-/μ≥0.5/TP≥65,71.43,-5.0,,0.5,65.0,38,35,25,10,71.43,0.78,-20.69,22.26,0.275,0.5,12
"[-299,-200]",HR≥55/EDG≥-5.0/CV≤0.7/μ≥-/TP≥-,71.43,-5.0,0.7,,,38,35,25,10,71.43,0.78,-20.69,22.26,0.275,0.5,12
"[-299,-200]",HR≥55/EDG≥-5.0/CV≤0.7/μ≥-/TP≥50,71.43,-5.0,0.7,,50.0,38,35,25,10,71.43,0.78,-20.69,22.26,0.275,0.5,12
"[-299,-200]",HR≥55/EDG≥-5.0/CV≤0.7/μ≥-/TP≥55,71.43,-5.0,0.7,,55.0,38,35,25,10,71.43,0.78,-20.69,22.26,0.275,0.5,12
"[-299,-200]",HR≥55/EDG≥-5.0/CV≤0.7/μ≥-/TP≥60,71.43,-5.0,0.7,,60.0,38,35,25,10,71.43,0.78,-20.69,22.26,0.275,0.5,12
"[-299,-200]",HR≥55/EDG≥-5.0/CV≤0.7/μ≥-/TP≥65,71.43,-5.0,0.7,,65.0,38,35,25,10,71.43,0.78,-20.69,22.26,0.275,0.5,12
"[-299,-200]",HR≥55/EDG≥-5.0/CV≤0.7/μ≥0.0/TP≥-,71.43,-5.0,0.7,0.0,,38,35,25,10,71.43,0.78,-20.69,22.26,0.275,0.5,12
"[-299,-200]",HR≥55/EDG≥-5.0/CV≤0.7/μ≥0.0/TP≥50,71.43,-5.0,0.7,0.0,50.0,38,35,25,10,71.43,0.78,-20.69,22.26,0.275,0.5,12
"[-299,-200]",HR≥55/EDG≥-5.0/CV≤0.7/μ≥0.0/TP≥55,71.43,-5.0,0.7,0.0,55.0,38,35,25,10,71.43,0.78,-20.69,22.26,0.275,0.5,12
"[-299,-200]",HR≥55/EDG≥-5.0/CV≤0.7/μ≥0.0/TP≥60,71.43,-5.0,0.7,0.0,60.0,38,35,25,10,71.43,0.78,-20.69,22.26,0.275,0.5,12
"[-299,-200]",HR≥55/EDG≥-5.0/CV≤0.7/μ≥0.0/TP≥65,71.43,-5.0,0.7,0.0,65.0,38,35,25,10,71.43,0.78,-20.69,22.26,0.275,0.5,12
"[-299,-200]",HR≥55/EDG≥-5.0/CV≤0.7/μ≥0.5/TP≥-,71.43,-5.0,0.7,0.5,,38,35,25,10,71.43,0.78,-20.69,22.26,0.275,0.5,12
"[-299,-200]",HR≥55/EDG≥-5.0/CV≤0.7/μ≥0.5/TP≥50,71.43,-5.0,0.7,0.5,50.0,38,35,25,10,71.43,0.78,-20.69,22.26,0.275,0.5,12
"[-299,-200]",HR≥55/EDG≥-5.0/CV≤0.7/μ≥0.5/TP≥55,71.43,-5.0,0.7,0.5,55.0,38,35,25,10,71.43,0.78,-20.69,22.26,0.275,0.5,12
"[-299,-200]",HR≥55/EDG≥-5.0/CV≤0.7/μ≥0.5/TP≥60,71.43,-5.0,0.7,0.5,60.0,38,35,25,10,71.43,0.78,-20.69,22.26,0.275,0.5,12
"[-299,-200]",HR≥55/EDG≥-5.0/CV≤0.7/μ≥0.5/TP≥65,71.43,-5.0,0.7,0.5,65.0,38,35,25,10,71.43,0.78,-20.69,22.26,0.275,0.5,12
"[-299,-200]",HR≥55/EDG≥-5.0/CV≤0.6/μ≥-/TP≥-,69.7,-5.0,0.6,,,36,33,23,10,69.7,-1.48,-24.04,21.08,-0.489,0.5,12
"[-299,-200]",HR≥55/EDG≥-5.0/CV≤0.6/μ≥-/TP≥50,69.7,-5.0,0.6,,50.0,36,33,23,10,69.7,-1.48,-24.04,21.08,-0.489,0.5,12
"[-299,-200]",HR≥55/EDG≥-5.0/CV≤0.6/μ≥-/TP≥55,69.7,-5.0,0.6,,55.0,36,33,23,10,69.7,-1.48,-24.04,21.08,-0.489,0.5,12
"[-299,-200]",HR≥55/EDG≥-5.0/CV≤0.6/μ≥-/TP≥60,69.7,-5.0,0.6,,60.0,36,33,23,10,69.7,-1.48,-24.04,21.08,-0.489,0.5,12
"[-299,-200]",HR≥55/EDG≥-5.0/CV≤0.6/μ≥-/TP≥65,69.7,-5.0,0.6,,65.0,36,33,23,10,69.7,-1.48,-24.04,21.08,-0.489,0.5,12
"[-299,-200]",HR≥55/EDG≥-5.0/CV≤0.6/μ≥0.0/TP≥-,69.7,-5.0,0.6,0.0,,36,33,23,10,69.7,-1.48,-24.04,21.08,-0.489,0.5,12
"[-299,-200]",HR≥55/EDG≥-5.0/CV≤0.6/μ≥0.0/TP≥50,69.7,-5.0,0.6,0.0,50.0,36,33,23,10,69.7,-1.48,-24.04,21.08,-0.489,0.5,12
"[-299,-200]",HR≥55/EDG≥-5.0/CV≤0.6/μ≥0.0/TP≥55,69.7,-5.0,0.6,0.0,55.0,36,33,23,10,69.7,-1.48,-24.04,21.08,-0.489,0.5,12
"[-299,-200]",HR≥55/EDG≥-5.0/CV≤0.6/μ≥0.0/TP≥60,69.7,-5.0,0.6,0.0,60.0,36,33,23,10,69.7,-1.48,-24.04,21.08,-0.489,0.5,12
"[-299,-200]",HR≥55/EDG≥-5.0/CV≤0.6/μ≥0.0/TP≥65,69.7,-5.0,0.6,0.0,65.0,36,33,23,10,69.7,-1.48,-24.04,21.08,-0.489,0.5,12
"[-299,-200]",HR≥55/EDG≥-5.0/CV≤0.6/μ≥0.5/TP≥-,69.7,-5.0,0.6,0.5,,36,33,23,10,69.7,-1.48,-24.04,21.08,-0.489,0.5,12
"[-299,-200]",HR≥55/EDG≥-5.0/CV≤0.6/μ≥0.5/TP≥50,69.7,-5.0,0.6,0.5,50.0,36,33,23,10,69.7,-1.48,-24.04,21.08,-0.489,0.5,12
"[-299,-200]",HR≥55/EDG≥-5.0/CV≤0.6/μ≥0.5/TP≥55,69.7,-5.0,0.6,0.5,55.0,36,33,23,10,69.7,-1.48,-24.04,21.08,-0.489,0.5,12
"[-299,-200]",HR≥55/EDG≥-5.0/CV≤0.6/μ≥0.5/TP≥60,69.7,-5.0,0.6,0.5,60.0,36,33,23,10,69.7,-1.48,-24.04,21.08,-0.489,0.5,12
"[-299,-200]",HR≥55/EDG≥-5.0/CV≤0.6/μ≥0.5/TP≥65,69.7,-5.0,0.6,0.5,65.0,36,33,23,10,69.7,-1.48,-24.04,21.08,-0.489,0.5,12
"[-299,-200]",HR≥60/EDG≥-/CV≤-/μ≥-/TP≥-,70.27,,,,,42,37,26,11,70.27,-0.86,-21.97,20.25,-0.318,0.455,11
"[-299,-200]",HR≥60/EDG≥-/CV≤-/μ≥-/TP≥50,74.29,,,,50.0,39,35,26,9,74.29,4.81,-15.97,25.59,1.682,0.545,11
"[-299,-200]",HR≥60/EDG≥-/CV≤-/μ≥-/TP≥55,73.53,,,,55.0,38,34,25,9,73.53,3.88,-17.44,25.2,1.319,0.455,11
"[-299,-200]",HR≥60/EDG≥-/CV≤-/μ≥-/TP≥60,70.0,,,,60.0,34,30,21,9,70.0,-1.77,-25.22,21.68,-0.531,0.455,11
"[-299,-200]",HR≥60/EDG≥-/CV≤-/μ≥0.0/TP≥-,73.53,,,0.0,,38,34,25,9,73.53,3.67,-17.61,24.95,1.248,0.545,11
"[-299,-200]",HR≥60/EDG≥-/CV≤-/μ≥0.0/TP≥50,73.53,,,0.0,50.0,38,34,25,9,73.53,3.67,-17.61,24.95,1.248,0.545,11
"[-299,-200]",HR≥60/EDG≥-/CV≤-/μ≥0.0/TP≥55,72.73,,,0.0,55.0,37,33,24,9,72.73,2.68,-19.16,24.52,0.884,0.455,11
"[-299,-200]",HR≥60/EDG≥-/CV≤0.7/μ≥-/TP≥-,69.44,,0.7,,,40,36,25,11,69.44,-2.13,-23.69,19.42,-0.768,0.455,11
"[-299,-200]",HR≥60/EDG≥-/CV≤0.7/μ≥-/TP≥50,73.53,,0.7,,50.0,37,34,25,9,73.53,3.62,-17.64,24.89,1.232,0.545,11
"[-299,-200]",HR≥60/EDG≥-/CV≤0.7/μ≥-/TP≥55,72.73,,0.7,,55.0,36,33,24,9,72.73,2.63,-19.2,24.46,0.868,0.455,11
"[-299,-200]",HR≥60/EDG≥-/CV≤0.7/μ≥-/TP≥60,70.0,,0.7,,60.0,33,30,21,9,70.0,-1.77,-25.22,21.68,-0.531,0.455,11
"[-299,-200]",HR≥60/EDG≥-/CV≤0.7/μ≥0.0/TP≥-,72.73,,0.7,0.0,,36,33,24,9,72.73,2.42,-19.37,24.2,0.797,0.545,11
"[-299,-200]",HR≥60/EDG≥-/CV≤0.7/μ≥0.0/TP≥50,72.73,,0.7,0.0,50.0,36,33,24,9,72.73,2.42,-19.37,24.2,0.797,0.545,11
"[-299,-200]",HR≥60/EDG≥-/CV≤0.7/μ≥0.0/TP≥55,71.88,,0.7,0.0,55.0,35,32,23,9,71.88,1.35,-21.02,23.73,0.434,0.455,11
"[-299,-200]",HR≥60/EDG≥-/CV≤0.6/μ≥-/TP≥-,70.59,,0.6,,,38,34,24,10,70.59,-0.39,-22.38,21.6,-0.132,0.545,11
"[-299,-200]",HR≥60/EDG≥-/CV≤0.6/μ≥-/TP≥50,75.0,,0.6,,50.0,35,32,24,8,75.0,5.84,-15.73,27.41,1.868,0.636,11
"[-299,-200]",HR≥60/EDG≥-/CV≤0.6/μ≥-/TP≥55,74.19,,0.6,,55.0,34,31,23,8,74.19,4.85,-17.33,27.04,1.505,0.545,11
"[-299,-200]",HR≥60/EDG≥-/CV≤0.6/μ≥0.0/TP≥-,74.19,,0.6,0.0,,34,31,23,8,74.19,4.62,-17.51,26.76,1.434,0.636,11
"[-299,-200]",HR≥60/EDG≥-/CV≤0.6/μ≥0.0/TP≥50,74.19,,0.6,0.0,50.0,34,31,23,8,74.19,4.62,-17.51,26.76,1.434,0.636,11
"[-299,-200]",HR≥60/EDG≥-/CV≤0.6/μ≥0.0/TP≥55,73.33,,0.6,0.0,55.0,33,30,22,8,73.33,3.57,-19.22,26.36,1.07,0.545,11
"[-199,-150]",HR≥-/EDG≥-/CV≤-/μ≥-/TP≥-,57.14,,,,,85,77,44,33,57.14,-8.7,-26.49,9.1,-6.695,0.385,13
"[-199,-150]",HR≥-/EDG≥-/CV≤-/μ≥-/TP≥50,59.15,,,,50.0,77,71,42,29,59.15,-5.32,-23.77,13.13,-3.777,0.462,13
"[-199,-150]",HR≥-/EDG≥-/CV≤-/μ≥-/TP≥55,60.87,,,,55.0,75,69,42,27,60.87,-2.58,-21.16,16.01,-1.777,0.5,12
"[-199,-150]",HR≥-/EDG≥-/CV≤-/μ≥-/TP≥60,53.33,,,,60.0,32,30,16,14,53.33,-16.75,-45.11,11.6,-5.026,0.583,12
"[-199,-150]",HR≥-/EDG≥-/CV≤-/μ≥0.0/TP≥-,63.16,,,0.0,,63,57,36,21,63.16,0.91,-19.3,21.11,0.518,0.462,13
"[-199,-150]",HR≥-/EDG≥-/CV≤-/μ≥0.0/TP≥50,63.16,,,0.0,50.0,63,57,36,21,63.16,0.91,-19.3,21.11,0.518,0.462,13
"[-199,-150]",HR≥-/EDG≥-/CV≤-/μ≥0.0/TP≥55,64.29,,,0.0,55.0,62,56,36,20,64.29,2.71,-17.54,22.96,1.518,0.5,12
"[-199,-150]",HR≥-/EDG≥-/CV≤-/μ≥0.5/TP≥-,61.36,,,0.5,,47,44,27,17,61.36,-2.27,-25.48,20.93,-0.999,0.462,13
"[-199,-150]",HR≥-/EDG≥-/CV≤-/μ≥0.5/TP≥50,61.36,,,0.5,50.0,47,44,27,17,61.36,-2.27,-25.48,20.93,-0.999,0.462,13
"[-199,-150]",HR≥-/EDG≥-/CV≤-/μ≥0.5/TP≥55,62.79,,,0.5,55.0,46,43,27,16,62.79,0.0,-23.31,23.31,0.001,0.5,12
"[-199,-150]",HR≥-/EDG≥-/CV≤0.7/μ≥-/TP≥-,58.82,,0.7,,,76,68,40,28,58.82,-5.93,-24.79,12.94,-4.029,0.385,13
"[-199,-150]",HR≥-/EDG≥-/CV≤0.7/μ≥-/TP≥50,60.32,,0.7,,50.0,69,63,38,25,60.32,-3.35,-22.88,16.18,-2.111,0.462,13
"[-199,-150]",HR≥-/EDG≥-/CV≤0.7/μ≥-/TP≥55,62.3,,0.7,,55.0,67,61,38,23,62.3,-0.18,-19.85,19.49,-0.111,0.5,12
"[-199,-150]",HR≥-/EDG≥-/CV≤0.7/μ≥0.0/TP≥-,64.71,,0.7,0.0,,57,51,33,18,64.71,3.51,-17.7,24.72,1.79,0.538,13
"[-199,-150]",HR≥-/EDG≥-/CV≤0.7/μ≥0.0/TP≥50,64.71,,0.7,0.0,50.0,57,51,33,18,64.71,3.51,-17.7,24.72,1.79,0.538,13
"[-199,-150]",HR≥-/EDG≥-/CV≤0.7/μ≥0.0/TP≥55,66.0,,0.7,0.0,55.0,56,50,33,17,66.0,5.58,-15.66,26.82,2.79,0.583,12
"[-199,-150]",HR≥-/EDG≥-/CV≤0.7/μ≥0.5/TP≥-,61.54,,0.7,0.5,,42,39,24,15,61.54,-1.86,-26.56,22.83,-0.727,0.615,13
"[-199,-150]",HR≥-/EDG≥-/CV≤0.7/μ≥0.5/TP≥50,61.54,,0.7,0.5,50.0,42,39,24,15,61.54,-1.86,-26.56,22.83,-0.727,0.615,13
"[-199,-150]",HR≥-/EDG≥-/CV≤0.7/μ≥0.5/TP≥55,63.16,,0.7,0.5,55.0,41,38,24,14,63.16,0.72,-24.1,25.54,0.273,0.667,12
"[-199,-150]",HR≥-/EDG≥-/CV≤0.6/μ≥-/TP≥-,59.68,,0.6,,,68,62,37,25,59.68,-4.38,-24.12,15.36,-2.715,0.385,13
"[-199,-150]",HR≥-/EDG≥-/CV≤0.6/μ≥-/TP≥50,61.4,,0.6,,50.0,63,57,35,22,61.4,-1.4,-21.89,19.1,-0.797,0.385,13
"[-199,-150]",HR≥-/EDG≥-/CV≤0.6/μ≥-/TP≥55,63.64,,0.6,,55.0,61,55,35,20,63.64,2.19,-18.44,22.81,1.203,0.417,12
"[-199,-150]",HR≥-/EDG≥-/CV≤0.6/μ≥0.0/TP≥-,64.0,,0.6,0.0,,56,50,32,18,64.0,2.53,-19.02,24.08,1.264,0.462,13
"[-199,-150]",HR≥-/EDG≥-/CV≤0.6/μ≥0.0/TP≥50,64.0,,0.6,0.0,50.0,56,50,32,18,64.0,2.53,-19.02,24.08,1.264,0.462,13
"[-199,-150]",HR≥-/EDG≥-/CV≤0.6/μ≥0.0/TP≥55,65.31,,0.6,0.0,55.0,55,49,32,17,65.31,4.62,-16.97,26.21,2.264,0.5,12
"[-199,-150]",HR≥-/EDG≥-/CV≤0.6/μ≥0.5/TP≥-,60.53,,0.6,0.5,,41,38,23,15,60.53,-3.3,-28.49,21.89,-1.253,0.538,13
"[-199,-150]",HR≥-/EDG≥-/CV≤0.6/μ≥0.5/TP≥50,60.53,,0.6,0.5,50.0,41,38,23,15,60.53,-3.3,-28.49,21.89,-1.253,0.538,13
"[-199,-150]",HR≥-/EDG≥-/CV≤0.6/μ≥0.5/TP≥55,62.16,,0.6,0.5,55.0,40,37,23,14,62.16,-0.68,-26.03,24.66,-0.253,0.583,12
"[-199,-150]",HR≥-/EDG≥-/CV≤0.5/μ≥-/TP≥-,61.22,,0.5,,,53,49,30,19,61.22,-1.94,-24.04,20.16,-0.949,0.462,13
"[-199,-150]",HR≥-/EDG≥-/CV≤0.5/μ≥-/TP≥50,63.64,,0.5,,50.0,48,44,28,16,63.64,2.2,-20.91,25.32,0.969,0.462,13
"[-199,-150]",HR≥-/EDG≥-/CV≤0.5/μ≥-/TP≥55,66.67,,0.5,,55.0,46,42,28,14,66.67,7.07,-16.13,30.27,2.969,0.5,12
"[-199,-150]",HR≥-/EDG≥-/CV≤0.5/μ≥0.0/TP≥-,70.0,,0.5,0.0,,44,40,28,12,70.0,12.42,-10.7,35.55,4.969,0.615,13
"[-199,-150]",HR≥-/EDG≥-/CV≤0.5/μ≥0.0/TP≥50,70.0,,0.5,0.0,50.0,44,40,28,12,70.0,12.42,-10.7,35.55,4.969,0.615,13
"[-199,-150]",HR≥-/EDG≥-/CV≤0.5/μ≥0.0/TP≥55,71.79,,0.5,0.0,55.0,43,39,28,11,71.79,15.3,-7.7,38.31,5.969,0.667,12
"[-199,-150]",HR≥-/EDG≥-/CV≤0.45/μ≥-/TP≥-,66.67,,0.45,,,42,39,26,13,66.67,6.63,-17.36,30.63,2.587,0.583,12
"[-199,-150]",HR≥-/EDG≥-/CV≤0.45/μ≥-/TP≥50,68.57,,0.45,,50.0,38,35,24,11,68.57,10.02,-15.04,35.08,3.506,0.583,12
"[-199,-150]",HR≥-/EDG≥-/CV≤0.45/μ≥-/TP≥55,70.59,,0.45,,55.0,37,34,24,10,70.59,13.25,-11.72,38.22,4.506,0.636,11
"[-199,-150]",HR≥-/EDG≥-/CV≤0.45/μ≥0.0/TP≥-,72.73,,0.45,0.0,,36,33,24,9,72.73,16.68,-8.1,41.47,5.506,0.75,12
"[-199,-150]",HR≥-/EDG≥-/CV≤0.45/μ≥0.0/TP≥50,72.73,,0.45,0.0,50.0,36,33,24,9,72.73,16.68,-8.1,41.47,5.506,0.75,12
"[-199,-150]",HR≥-/EDG≥-/CV≤0.45/μ≥0.0/TP≥55,75.0,,0.45,0.0,55.0,35,32,24,8,75.0,20.33,-4.16,44.82,6.506,0.818,11
"[-199,-150]",HR≥-/EDG≥-5.0/CV≤-/μ≥-/TP≥-,63.83,-5.0,,,,52,47,30,17,63.83,1.77,-20.39,23.94,0.832,0.538,13
"[-199,-150]",HR≥-/EDG≥-5.0/CV≤-/μ≥-/TP≥50,63.83,-5.0,,,50.0,52,47,30,17,63.83,1.77,-20.39,23.94,0.832,0.538,13
"[-199,-150]",HR≥-/EDG≥-5.0/CV≤-/μ≥-/TP≥55,65.22,-5.0,,,55.0,51,46,30,16,65.22,3.98,-18.23,26.2,1.832,0.583,12
"[-199,-150]",HR≥-/EDG≥-5.0/CV≤-/μ≥0.0/TP≥-,63.83,-5.0,,0.0,,52,47,30,17,63.83,1.77,-20.39,23.94,0.832,0.538,13
"[-199,-150]",HR≥-/EDG≥-5.0/CV≤-/μ≥0.0/TP≥50,63.83,-5.0,,0.0,50.0,52,47,30,17,63.83,1.77,-20.39,23.94,0.832,0.538,13
"[-199,-150]",HR≥-/EDG≥-5.0/CV≤-/μ≥0.0/TP≥55,65.22,-5.0,,0.0,55.0,51,46,30,16,65.22,3.98,-18.23,26.2,1.832,0.583,12
"[-199,-150]",HR≥-/EDG≥-5.0/CV≤-/μ≥0.5/TP≥-,64.29,-5.0,,0.5,,45,42,27,15,64.29,2.38,-21.01,25.77,1.001,0.538,13
"[-199,-150]",HR≥-/EDG≥-5.0/CV≤-/μ≥0.5/TP≥50,64.29,-5.0,,0.5,50.0,45,42,27,15,64.29,2.38,-21.01,25.77,1.001,0.538,13
"[-199,-150]",HR≥-/EDG≥-5.0/CV≤-/μ≥0.5/TP≥55,65.85,-5.0,,0.5,55.0,44,41,27,14,65.85,4.88,-18.56,28.32,2.001,0.583,12
"[-199,-150]",HR≥-/EDG≥-5.0/CV≤0.7/μ≥-/TP≥-,64.29,-5.0,0.7,,,47,42,27,15,64.29,2.63,-20.81,26.07,1.104,0.615,13
"[-199,-150]",HR≥-/EDG≥-5.0/CV≤0.7/μ≥-/TP≥50,64.29,-5.0,0.7,,50.0,47,42,27,15,64.29,2.63,-20.81,26.07,1.104,0.615,13
"[-199,-150]",HR≥-/EDG≥-5.0/CV≤0.7/μ≥-/TP≥55,65.85,-5.0,0.7,,55.0,46,41,27,14,65.85,5.13,-18.36,28.62,2.104,0.667,12
"[-199,-150]",HR≥-/EDG≥-5.0/CV≤0.7/μ≥0.0/TP≥-,64.29,-5.0,0.7,0.0,,47,42,27,15,64.29,2.63,-20.81,26.07,1.104,0.615,13
"[-199,-150]",HR≥-/EDG≥-5.0/CV≤0.7/μ≥0.0/TP≥50,64.29,-5.0,0.7,0.0,50.0,47,42,27,15,64.29,2.63,-20.81,26.07,1.104,0.615,13
"[-199,-150]",HR≥-/EDG≥-5.0/CV≤0.7/μ≥0.0/TP≥55,65.85,-5.0,0.7,0.0,55.0,46,41,27,14,65.85,5.13,-18.36,28.62,2.104,0.667,12
"[-199,-150]",HR≥-/EDG≥-5.0/CV≤0.7/μ≥0.5/TP≥-,64.86,-5.0,0.7,0.5,,40,37,24,13,64.86,3.44,-21.46,28.34,1.273,0.692,13
"[-199,-150]",HR≥-/EDG≥-5.0/CV≤0.7/μ≥0.5/TP≥50,64.86,-5.0,0.7,0.5,50.0,40,37,24,13,64.86,3.44,-21.46,28.34,1.273,0.692,13
"[-199,-150]",HR≥-/EDG≥-5.0/CV≤0.7/μ≥0.5/TP≥55,66.67,-5.0,0.7,0.5,55.0,39,36,24,12,66.67,6.31,-18.63,31.25,2.273,0.75,12
"[-199,-150]",HR≥-/EDG≥-5.0/CV≤0.6/μ≥-/TP≥-,63.41,-5.0,0.6,,,46,41,26,15,63.41,1.41,-22.49,25.31,0.578,0.615,13
"[-199,-150]",HR≥-/EDG≥-5.0/CV≤0.6/μ≥-/TP≥50,63.41,-5.0,0.6,,50.0,46,41,26,15,63.41,1.41,-22.49,25.31,0.578,0.615,13
"[-199,-150]",HR≥-/EDG≥-5.0/CV≤0.6/μ≥-/TP≥55,65.0,-5.0,0.6,,55.0,45,40,26,14,65.0,3.94,-20.02,27.91,1.578,0.667,12
"[-199,-150]",HR≥-/EDG≥-5.0/CV≤0.6/μ≥0.0/TP≥-,63.41,-5.0,0.6,0.0,,46,41,26,15,63.41,1.41,-22.49,25.31,0.578,0.615,13
"[-199,-150]",HR≥-/EDG≥-5.0/CV≤0.6/μ≥0.0/TP≥50,63.41,-5.0,0.6,0.0,50.0,46,41,26,15,63.41,1.41,-22.49,25.31,0.578,0.615,13
"[-199,-150]",HR≥-/EDG≥-5.0/CV≤0.6/μ≥0.0/TP≥55,65.0,-5.0,0.6,0.0,55.0,45,40,26,14,65.0,3.94,-20.02,27.91,1.578,0.667,12
"[-199,-150]",HR≥-/EDG≥-5.0/CV≤0.6/μ≥0.5/TP≥-,63.89,-5.0,0.6,0.5,,39,36,23,13,63.89,2.07,-23.38,27.53,0.747,0.615,13
"[-199,-150]",HR≥-/EDG≥-5.0/CV≤0.6/μ≥0.5/TP≥50,63.89,-5.0,0.6,0.5,50.0,39,36,23,13,63.89,2.07,-23.38,27.53,0.747,0.615,13
"[-199,-150]",HR≥-/EDG≥-5.0/CV≤0.6/μ≥0.5/TP≥55,65.71,-5.0,0.6,0.5,55.0,38,35,23,12,65.71,4.99,-20.53,30.51,1.747,0.667,12
"[-199,-150]",HR≥-/EDG≥-5.0/CV≤0.5/μ≥-/TP≥-,66.67,-5.0,0.5,,,36,33,22,11,66.67,6.92,-19.31,33.15,2.283,0.538,13
"[-199,-150]",HR≥-/EDG≥-5.0/CV≤0.5/μ≥-/TP≥50,66.67,-5.0,0.5,,50.0,36,33,22,11,66.67,6.92,-19.31,33.15,2.283,0.538,13
"[-199,-150]",HR≥-/EDG≥-5.0/CV≤0.5/μ≥-/TP≥55,68.75,-5.0,0.5,,55.0,35,32,22,10,68.75,10.26,-15.94,36.46,3.283,0.583,12
"[-199,-150]",HR≥-/EDG≥-5.0/CV≤0.5/μ≥0.0/TP≥-,66.67,-5.0,0.5,0.0,,36,33,22,11,66.67,6.92,-19.31,33.15,2.283,0.538,13
"[-199,-150]",HR≥-/EDG≥-5.0/CV≤0.5/μ≥0.0/TP≥50,66.67,-5.0,0.5,0.0,50.0,36,33,22,11,66.67,6.92,-19.31,33.15,2.283,0.538,13
"[-199,-150]",HR≥-/EDG≥-5.0/CV≤0.5/μ≥0.0/TP≥55,68.75,-5.0,0.5,0.0,55.0,35,32,22,10,68.75,10.26,-15.94,36.46,3.283,0.583,12
"[-199,-150]",HR≥-/EDG≥0.0/CV≤-/μ≥-/TP≥-,62.16,0.0,,,,40,37,23,14,62.16,-0.58,-25.95,24.79,-0.213,0.462,13
"[-199,-150]",HR≥-/EDG≥0.0/CV≤-/μ≥-/TP≥50,62.16,0.0,,,50.0,40,37,23,14,62.16,-0.58,-25.95,24.79,-0.213,0.462,13
"[-199,-150]",HR≥-/EDG≥0.0/CV≤-/μ≥-/TP≥55,63.89,0.0,,,55.0,39,36,23,13,63.89,2.18,-23.3,27.67,0.787,0.5,12
"[-199,-150]",HR≥-/EDG≥0.0/CV≤-/μ≥0.0/TP≥-,62.16,0.0,,0.0,,40,37,23,14,62.16,-0.58,-25.95,24.79,-0.213,0.462,13
"[-199,-150]",HR≥-/EDG≥0.0/CV≤-/μ≥0.0/TP≥50,62.16,0.0,,0.0,50.0,40,37,23,14,62.16,-0.58,-25.95,24.79,-0.213,0.462,13
"[-199,-150]",HR≥-/EDG≥0.0/CV≤-/μ≥0.0/TP≥55,63.89,0.0,,0.0,55.0,39,36,23,13,63.89,2.18,-23.3,27.67,0.787,0.5,12
"[-199,-150]",HR≥-/EDG≥0.0/CV≤-/μ≥0.5/TP≥-,62.86,0.0,,0.5,,38,35,22,13,62.86,0.43,-25.55,26.41,0.15,0.538,13
"[-199,-150]",HR≥-/EDG≥0.0/CV≤-/μ≥0.5/TP≥50,62.86,0.0,,0.5,50.0,38,35,22,13,62.86,0.43,-25.55,26.41,0.15,0.538,13
"[-199,-150]",HR≥-/EDG≥0.0/CV≤-/μ≥0.5/TP≥55,64.71,0.0,,0.5,55.0,37,34,22,12,64.71,3.38,-22.7,29.47,1.15,0.583,12
"[-199,-150]",HR≥-/EDG≥0.0/CV≤0.7/μ≥-/TP≥-,60.61,0.0,0.7,,,36,33,20,13,60.61,-2.85,-30.02,24.32,-0.941,0.538,13
"[-199,-150]",HR≥-/EDG≥0.0/CV≤0.7/μ≥-/TP≥50,60.61,0.0,0.7,,50.0,36,33,20,13,60.61,-2.85,-30.02,24.32,-0.941,0.538,13
"[-199,-150]",HR≥-/EDG≥0.0/CV≤0.7/μ≥-/TP≥55,62.5,0.0,0.7,,55.0,35,32,20,12,62.5,0.18,-27.17,27.53,0.059,0.583,12
"[-199,-150]",HR≥-/EDG≥0.0/CV≤0.7/μ≥0.0/TP≥-,60.61,0.0,0.7,0.0,,36,33,20,13,60.61,-2.85,-30.02,24.32,-0.941,0.538,13
"[-199,-150]",HR≥-/EDG≥0.0/CV≤0.7/μ≥0.0/TP≥50,60.61,0.0,0.7,0.0,50.0,36,33,20,13,60.61,-2.85,-30.02,24.32,-0.941,0.538,13
"[-199,-150]",HR≥-/EDG≥0.0/CV≤0.7/μ≥0.0/TP≥55,62.5,0.0,0.7,0.0,55.0,35,32,20,12,62.5,0.18,-27.17,27.53,0.059,0.583,12
"[-199,-150]",HR≥-/EDG≥0.0/CV≤0.7/μ≥0.5/TP≥-,61.29,0.0,0.7,0.5,,34,31,19,12,61.29,-1.87,-29.81,26.08,-0.578,0.615,13
"[-199,-150]",HR≥-/EDG≥0.0/CV≤0.7/μ≥0.5/TP≥50,61.29,0.0,0.7,0.5,50.0,34,31,19,12,61.29,-1.87,-29.81,26.08,-0.578,0.615,13
"[-199,-150]",HR≥-/EDG≥0.0/CV≤0.7/μ≥0.5/TP≥55,63.33,0.0,0.7,0.5,55.0,33,30,19,11,63.33,1.41,-26.71,29.52,0.422,0.667,12
"[-199,-150]",HR≥-/EDG≥0.0/CV≤0.6/μ≥-/TP≥-,60.61,0.0,0.6,,,36,33,20,13,60.61,-2.85,-30.02,24.32,-0.941,0.538,13
"[-199,-150]",HR≥-/EDG≥0.0/CV≤0.6/μ≥-/TP≥50,60.61,0.0,0.6,,50.0,36,33,20,13,60.61,-2.85,-30.02,24.32,-0.941,0.538,13
"[-199,-150]",HR≥-/EDG≥0.0/CV≤0.6/μ≥-/TP≥55,62.5,0.0,0.6,,55.0,35,32,20,12,62.5,0.18,-27.17,27.53,0.059,0.583,12
"[-199,-150]",HR≥-/EDG≥0.0/CV≤0.6/μ≥0.0/TP≥-,60.61,0.0,0.6,0.0,,36,33,20,13,60.61,-2.85,-30.02,24.32,-0.941,0.538,13
"[-199,-150]",HR≥-/EDG≥0.0/CV≤0.6/μ≥0.0/TP≥50,60.61,0.0,0.6,0.0,50.0,36,33,20,13,60.61,-2.85,-30.02,24.32,-0.941,0.538,13
"[-199,-150]",HR≥-/EDG≥0.0/CV≤0.6/μ≥0.0/TP≥55,62.5,0.0,0.6,0.0,55.0,35,32,20,12,62.5,0.18,-27.17,27.53,0.059,0.583,12
"[-199,-150]",HR≥-/EDG≥0.0/CV≤0.6/μ≥0.5/TP≥-,61.29,0.0,0.6,0.5,,34,31,19,12,61.29,-1.87,-29.81,26.08,-0.578,0.615,13
"[-199,-150]",HR≥-/EDG≥0.0/CV≤0.6/μ≥0.5/TP≥50,61.29,0.0,0.6,0.5,50.0,34,31,19,12,61.29,-1.87,-29.81,26.08,-0.578,0.615,13
"[-199,-150]",HR≥-/EDG≥0.0/CV≤0.6/μ≥0.5/TP≥55,63.33,0.0,0.6,0.5,55.0,33,30,19,11,63.33,1.41,-26.71,29.52,0.422,0.667,12
"[-199,-150]",HR≥-/EDG≥5.0/CV≤-/μ≥-/TP≥-,67.74,5.0,,,,34,31,21,10,67.74,8.19,-18.56,34.95,2.54,0.538,13
"[-199,-150]",HR≥-/EDG≥5.0/CV≤-/μ≥-/TP≥50,67.74,5.0,,,50.0,34,31,21,10,67.74,8.19,-18.56,34.95,2.54,0.538,13
"[-199,-150]",HR≥-/EDG≥5.0/CV≤-/μ≥-/TP≥55,70.0,5.0,,,55.0,33,30,21,9,70.0,11.8,-14.88,38.48,3.54,0.583,12
"[-199,-150]",HR≥-/EDG≥5.0/CV≤-/μ≥0.0/TP≥-,67.74,5.0,,0.0,,34,31,21,10,67.74,8.19,-18.56,34.95,2.54,0.538,13
"[-199,-150]",HR≥-/EDG≥5.0/CV≤-/μ≥0.0/TP≥50,67.74,5.0,,0.0,50.0,34,31,21,10,67.74,8.19,-18.56,34.95,2.54,0.538,13
"[-199,-150]",HR≥-/EDG≥5.0/CV≤-/μ≥0.0/TP≥55,70.0,5.0,,0.0,55.0,33,30,21,9,70.0,11.8,-14.88,38.48,3.54,0.583,12
"[-199,-150]",HR≥-/EDG≥5.0/CV≤-/μ≥0.5/TP≥-,67.74,5.0,,0.5,,34,31,21,10,67.74,8.19,-18.56,34.95,2.54,0.538,13
"[-199,-150]",HR≥-/EDG≥5.0/CV≤-/μ≥0.5/TP≥50,67.74,5.0,,0.5,50.0,34,31,21,10,67.74,8.19,-18.56,34.95,2.54,0.538,13
"[-199,-150]",HR≥-/EDG≥5.0/CV≤-/μ≥0.5/TP≥55,70.0,5.0,,0.5,55.0,33,30,21,9,70.0,11.8,-14.88,38.48,3.54,0.583,12
"[-199,-150]",HR≥45/EDG≥-/CV≤-/μ≥-/TP≥-,62.79,,,,,48,43,27,16,62.79,0.33,-23.05,23.72,0.143,0.417,12
"[-199,-150]",HR≥45/EDG≥-/CV≤-/μ≥-/TP≥50,65.85,,,,50.0,46,41,27,14,65.85,5.23,-18.29,28.74,2.143,0.583,12
"[-199,-150]",HR≥45/EDG≥-/CV≤-/μ≥-/TP≥55,67.5,,,,55.0,45,40,27,13,67.5,7.86,-15.66,31.38,3.143,0.636,11
"[-199,-150]",HR≥45/EDG≥-/CV≤-/μ≥0.0/TP≥-,71.43,,,0.0,,40,35,25,10,71.43,13.92,-10.34,38.17,4.871,0.75,12
"[-199,-150]",HR≥45/EDG≥-/CV≤-/μ≥0.0/TP≥50,71.43,,,0.0,50.0,40,35,25,10,71.43,13.92,-10.34,38.17,4.871,0.75,12
"[-199,-150]",HR≥45/EDG≥-/CV≤-/μ≥0.0/TP≥55,73.53,,,0.0,55.0,39,34,25,9,73.53,17.27,-6.78,41.31,5.871,0.818,11
"[-199,-150]",HR≥45/EDG≥-/CV≤0.7/μ≥-/TP≥-,63.41,,0.7,,,46,41,26,15,63.41,1.35,-22.54,25.23,0.552,0.417,12
"[-199,-150]",HR≥45/EDG≥-/CV≤0.7/μ≥-/TP≥50,66.67,,0.7,,50.0,44,39,26,13,66.67,6.54,-17.44,30.53,2.552,0.583,12
"[-199,-150]",HR≥45/EDG≥-/CV≤0.7/μ≥-/TP≥55,68.42,,0.7,,55.0,43,38,26,12,68.42,9.35,-14.63,33.32,3.552,0.636,11
"[-199,-150]",HR≥45/EDG≥-/CV≤0.7/μ≥0.0/TP≥-,72.73,,0.7,0.0,,38,33,24,9,72.73,16.0,-8.66,40.65,5.279,0.75,12
"[-199,-150]",HR≥45/EDG≥-/CV≤0.7/μ≥0.0/TP≥50,72.73,,0.7,0.0,50.0,38,33,24,9,72.73,16.0,-8.66,40.65,5.279,0.75,12
"[-199,-150]",HR≥45/EDG≥-/CV≤0.7/μ≥0.0/TP≥55,75.0,,0.7,0.0,55.0,37,32,24,8,75.0,19.62,-4.74,43.98,6.279,0.818,11
"[-199,-150]",HR≥45/EDG≥-/CV≤0.6/μ≥-/TP≥-,64.1,,0.6,,,44,39,25,14,64.1,2.63,-21.82,27.08,1.025,0.5,12
"[-199,-150]",HR≥45/EDG≥-/CV≤0.6/μ≥-/TP≥50,67.57,,0.6,,50.0,42,37,25,12,67.57,8.18,-16.34,32.69,3.025,0.583,12
"[-199,-150]",HR≥45/EDG≥-/CV≤0.6/μ≥-/TP≥55,69.44,,0.6,,55.0,41,36,25,11,69.44,11.18,-13.29,35.65,4.025,0.636,11
"[-199,-150]",HR≥45/EDG≥-/CV≤0.6/μ≥0.0/TP≥-,71.88,,0.6,0.0,,37,32,23,9,71.88,14.85,-10.48,40.18,4.752,0.75,12
"[-199,-150]",HR≥45/EDG≥-/CV≤0.6/μ≥0.0/TP≥50,71.88,,0.6,0.0,50.0,37,32,23,9,71.88,14.85,-10.48,40.18,4.752,0.75,12
"[-199,-150]",HR≥45/EDG≥-/CV≤0.6/μ≥0.0/TP≥55,74.19,,0.6,0.0,55.0,36,31,23,8,74.19,18.56,-6.51,43.62,5.752,0.818,11
"[-199,-150]",HR≥45/EDG≥-/CV≤0.5/μ≥-/TP≥-,63.64,,0.5,,,37,33,21,12,63.64,1.97,-24.77,28.71,0.65,0.5,12
"[-199,-150]",HR≥45/EDG≥-/CV≤0.5/μ≥-/TP≥50,67.74,,0.5,,50.0,35,31,21,10,67.74,8.55,-18.29,35.39,2.65,0.583,12
"[-199,-150]",HR≥45/EDG≥-/CV≤0.5/μ≥-/TP≥55,70.0,,0.5,,55.0,34,30,21,9,70.0,12.17,-14.6,38.93,3.65,0.636,11
"[-199,-150]",HR≥45/EDG≥-5.0/CV≤-/μ≥-/TP≥-,73.33,-5.0,,,,34,30,22,8,73.33,16.65,-9.0,42.29,4.994,0.545,11
"[-199,-150]",HR≥45/EDG≥-5.0/CV≤-/μ≥-/TP≥50,73.33,-5.0,,,50.0,34,30,22,8,73.33,16.65,-9.0,42.29,4.994,0.545,11
"[-199,-150]",HR≥45/EDG≥-5.0/CV≤-/μ≥0.0/TP≥-,73.33,-5.0,,0.0,,34,30,22,8,73.33,16.65,-9.0,42.29,4.994,0.545,11
"[-199,-150]",HR≥45/EDG≥-5.0/CV≤-/μ≥0.0/TP≥50,73.33,-5.0,,0.0,50.0,34,30,22,8,73.33,16.65,-9.0,42.29,4.994,0.545,11
"[-199,-150]",HR≥50/EDG≥-/CV≤-/μ≥-/TP≥-,65.79,,,,,42,38,25,13,65.79,5.12,-19.34,29.58,1.947,0.5,12
"[-199,-150]",HR≥50/EDG≥-/CV≤-/μ≥-/TP≥50,67.57,,,,50.0,41,37,25,12,67.57,7.96,-16.51,32.43,2.947,0.583,12
"[-199,-150]",HR≥50/EDG≥-/CV≤-/μ≥-/TP≥55,69.44,,,,55.0,40,36,25,11,69.44,10.96,-13.46,35.39,3.947,0.636,11
"[-199,-150]",HR≥50/EDG≥-/CV≤-/μ≥0.0/TP≥-,71.88,,,0.0,,36,32,23,9,71.88,14.61,-10.67,39.89,4.674,0.75,12
"[-199,-150]",HR≥50/EDG≥-/CV≤-/μ≥0.0/TP≥50,71.88,,,0.0,50.0,36,32,23,9,71.88,14.61,-10.67,39.89,4.674,0.75,12
"[-199,-150]",HR≥50/EDG≥-/CV≤-/μ≥0.0/TP≥55,74.19,,,0.0,55.0,35,31,23,8,74.19,18.3,-6.71,43.32,5.674,0.818,11
"[-199,-150]",HR≥50/EDG≥-/CV≤0.7/μ≥-/TP≥-,66.67,,0.7,,,40,36,24,12,66.67,6.54,-18.45,31.54,2.355,0.5,12
"[-199,-150]",HR≥50/EDG≥-/CV≤0.7/μ≥-/TP≥50,68.57,,0.7,,50.0,39,35,24,11,68.57,9.59,-15.39,34.56,3.355,0.583,12
"[-199,-150]",HR≥50/EDG≥-/CV≤0.7/μ≥-/TP≥55,70.59,,0.7,,55.0,38,34,24,10,70.59,12.81,-12.08,37.7,4.355,0.636,11
"[-199,-150]",HR≥50/EDG≥-/CV≤0.7/μ≥0.0/TP≥-,73.33,,0.7,0.0,,34,30,22,8,73.33,16.94,-8.77,42.65,5.082,0.75,12
"[-199,-150]",HR≥50/EDG≥-/CV≤0.7/μ≥0.0/TP≥50,73.33,,0.7,0.0,50.0,34,30,22,8,73.33,16.94,-8.77,42.65,5.082,0.75,12
"[-199,-150]",HR≥50/EDG≥-/CV≤0.6/μ≥-/TP≥-,65.71,,0.6,,,39,35,23,12,65.71,5.23,-20.36,30.81,1.829,0.5,12
"[-199,-150]",HR≥50/EDG≥-/CV≤0.6/μ≥-/TP≥50,67.65,,0.6,,50.0,38,34,23,11,67.65,8.32,-17.28,33.91,2.829,0.583,12
"[-199,-150]",HR≥50/EDG≥-/CV≤0.6/μ≥-/TP≥55,69.7,,0.6,,55.0,37,33,23,10,69.7,11.6,-13.93,37.14,3.829,0.636,11
"[-149,-110]",HR≥-/EDG≥-/CV≤-/μ≥-/TP≥-,64.52,,,,,103,93,60,33,64.52,15.32,-2.2,32.84,14.245,0.75,12
"[-149,-110]",HR≥-/EDG≥-/CV≤-/μ≥-/TP≥50,63.74,,,,50.0,101,91,58,33,63.74,13.66,-4.1,31.41,12.427,0.75,12
"[-149,-110]",HR≥-/EDG≥-/CV≤-/μ≥-/TP≥55,67.65,,,,55.0,39,34,23,11,67.65,16.48,-11.05,44.01,5.603,0.636,11
"[-149,-110]",HR≥-/EDG≥-/CV≤-/μ≥0.0/TP≥-,62.12,,,0.0,,71,66,41,25,62.12,11.39,-9.82,32.59,7.515,0.667,12
"[-149,-110]",HR≥-/EDG≥-/CV≤-/μ≥0.0/TP≥50,60.94,,,0.0,50.0,69,64,39,25,60.94,8.9,-12.69,30.49,5.696,0.667,12
"[-149,-110]",HR≥-/EDG≥-/CV≤-/μ≥0.5/TP≥-,65.22,,,0.5,,51,46,30,16,65.22,15.87,-8.91,40.66,7.302,0.75,12
"[-149,-110]",HR≥-/EDG≥-/CV≤-/μ≥0.5/TP≥50,64.44,,,0.5,50.0,50,45,29,16,64.44,14.21,-10.92,39.33,6.393,0.667,12
"[-149,-110]",HR≥-/EDG≥-/CV≤0.7/μ≥-/TP≥-,65.88,,0.7,,,94,85,56,29,65.88,17.75,-0.42,35.92,15.088,0.917,12
"[-149,-110]",HR≥-/EDG≥-/CV≤0.7/μ≥-/TP≥50,65.06,,0.7,,50.0,92,83,54,29,65.06,15.99,-2.46,34.43,13.27,0.917,12
"[-149,-110]",HR≥-/EDG≥-/CV≤0.7/μ≥-/TP≥55,66.67,,0.7,,55.0,35,30,20,10,66.67,14.52,-15.0,44.04,4.356,0.636,11
"[-149,-110]",HR≥-/EDG≥-/CV≤0.7/μ≥0.0/TP≥-,63.49,,0.7,0.0,,67,63,40,23,63.49,13.66,-7.85,35.17,8.605,0.667,12
"[-149,-110]",HR≥-/EDG≥-/CV≤0.7/μ≥0.0/TP≥50,62.3,,0.7,0.0,50.0,65,61,38,23,62.3,11.13,-10.81,33.06,6.787,0.667,12
"[-149,-110]",HR≥-/EDG≥-/CV≤0.7/μ≥0.5/TP≥-,66.67,,0.7,0.5,,49,45,30,15,66.67,18.45,-6.37,43.26,8.302,0.75,12
"[-149,-110]",HR≥-/EDG≥-/CV≤0.7/μ≥0.5/TP≥50,65.91,,0.7,0.5,50.0,48,44,29,15,65.91,16.8,-8.37,41.97,7.393,0.667,12
"[-149,-110]",HR≥-/EDG≥-/CV≤0.6/μ≥-/TP≥-,63.51,,0.6,,,82,74,47,27,63.51,13.65,-6.16,33.46,10.103,0.833,12
"[-149,-110]",HR≥-/EDG≥-/CV≤0.6/μ≥-/TP≥50,62.5,,0.6,,50.0,80,72,45,27,62.5,11.51,-8.63,31.64,8.285,0.833,12
"[-149,-110]",HR≥-/EDG≥-/CV≤0.6/μ≥0.0/TP≥-,61.11,,0.6,0.0,,58,54,33,21,61.11,9.8,-13.84,33.43,5.29,0.667,12
"[-149,-110]",HR≥-/EDG≥-/CV≤0.6/μ≥0.0/TP≥50,59.62,,0.6,0.0,50.0,56,52,31,21,59.62,6.68,-17.47,30.83,3.472,0.667,12
"[-149,-110]",HR≥-/EDG≥-/CV≤0.6/μ≥0.5/TP≥-,64.1,,0.6,0.5,,43,39,25,14,64.1,14.32,-12.95,41.59,5.585,0.727,11
"[-149,-110]",HR≥-/EDG≥-/CV≤0.6/μ≥0.5/TP≥50,63.16,,0.6,0.5,50.0,42,38,24,14,63.16,12.31,-15.39,40.0,4.676,0.636,11
"[-149,-110]",HR≥-/EDG≥-/CV≤0.5/μ≥-/TP≥-,63.64,,0.5,,,60,55,35,20,63.64,13.24,-9.64,36.12,7.281,0.75,12
"[-149,-110]",HR≥-/EDG≥-/CV≤0.5/μ≥-/TP≥50,63.64,,0.5,,50.0,60,55,35,20,63.64,13.24,-9.64,36.12,7.281,0.75,12
"[-149,-110]",HR≥-/EDG≥-/CV≤0.5/μ≥0.0/TP≥-,58.97,,0.5,0.0,,42,39,23,16,58.97,4.97,-22.92,32.86,1.938,0.545,11
"[-149,-110]",HR≥-/EDG≥-/CV≤0.5/μ≥0.0/TP≥50,58.97,,0.5,0.0,50.0,42,39,23,16,58.97,4.97,-22.92,32.86,1.938,0.545,11
"[-149,-110]",HR≥-/EDG≥-/CV≤0.45/μ≥-/TP≥-,56.1,,0.45,,,45,41,23,18,56.1,-0.49,-27.82,26.84,-0.201,0.583,12
"[-149,-110]",HR≥-/EDG≥-/CV≤0.45/μ≥-/TP≥50,56.1,,0.45,,50.0,45,41,23,18,56.1,-0.49,-27.82,26.84,-0.201,0.583,12
"[-149,-110]",HR≥-/EDG≥-/CV≤0.45/μ≥0.0/TP≥-,50.0,,0.45,0.0,,33,30,15,15,50.0,-11.79,-43.95,20.37,-3.537,0.455,11
"[-149,-110]",HR≥-/EDG≥-/CV≤0.45/μ≥0.0/TP≥50,50.0,,0.45,0.0,50.0,33,30,15,15,50.0,-11.79,-43.95,20.37,-3.537,0.455,11
"[-149,-110]",HR≥-/EDG≥-5.0/CV≤-/μ≥-/TP≥-,61.9,-5.0,,,,68,63,39,24,61.9,11.15,-10.61,32.92,7.025,0.667,12
"[-149,-110]",HR≥-/EDG≥-5.0/CV≤-/μ≥-/TP≥50,60.66,-5.0,,,50.0,66,61,37,24,60.66,8.54,-13.64,30.71,5.207,0.667,12
"[-149,-110]",HR≥-/EDG≥-5.0/CV≤-/μ≥0.0/TP≥-,61.9,-5.0,,0.0,,68,63,39,24,61.9,11.15,-10.61,32.92,7.025,0.667,12
"[-149,-110]",HR≥-/EDG≥-5.0/CV≤-/μ≥0.0/TP≥50,60.66,-5.0,,0.0,50.0,66,61,37,24,60.66,8.54,-13.64,30.71,5.207,0.667,12
"[-149,-110]",HR≥-/EDG≥-5.0/CV≤-/μ≥0.5/TP≥-,65.22,-5.0,,0.5,,51,46,30,16,65.22,15.87,-8.91,40.66,7.302,0.75,12
"[-149,-110]",HR≥-/EDG≥-5.0/CV≤-/μ≥0.5/TP≥50,64.44,-5.0,,0.5,50.0,50,45,29,16,64.44,14.21,-10.92,39.33,6.393,0.667,12
"[-149,-110]",HR≥-/EDG≥-5.0/CV≤0.7/μ≥-/TP≥-,63.33,-5.0,0.7,,,64,60,38,22,63.33,13.53,-8.58,35.63,8.116,0.667,12
"[-149,-110]",HR≥-/EDG≥-5.0/CV≤0.7/μ≥-/TP≥50,62.07,-5.0,0.7,,50.0,62,58,36,22,62.07,10.86,-11.7,33.41,6.298,0.667,12
"[-149,-110]",HR≥-/EDG≥-5.0/CV≤0.7/μ≥0.0/TP≥-,63.33,-5.0,0.7,0.0,,64,60,38,22,63.33,13.53,-8.58,35.63,8.116,0.667,12
"[-149,-110]",HR≥-/EDG≥-5.0/CV≤0.7/μ≥0.0/TP≥50,62.07,-5.0,0.7,0.0,50.0,62,58,36,22,62.07,10.86,-11.7,33.41,6.298,0.667,12
"[-149,-110]",HR≥-/EDG≥-5.0/CV≤0.7/μ≥0.5/TP≥-,66.67,-5.0,0.7,0.5,,49,45,30,15,66.67,18.45,-6.37,43.26,8.302,0.75,12
"[-149,-110]",HR≥-/EDG≥-5.0/CV≤0.7/μ≥0.5/TP≥50,65.91,-5.0,0.7,0.5,50.0,48,44,29,15,65.91,16.8,-8.37,41.97,7.393,0.667,12
"[-149,-110]",HR≥-/EDG≥-5.0/CV≤0.6/μ≥-/TP≥-,61.54,-5.0,0.6,,,56,52,32,20,61.54,10.56,-13.49,34.61,5.49,0.667,12
"[-149,-110]",HR≥-/EDG≥-5.0/CV≤0.6/μ≥-/TP≥50,60.0,-5.0,0.6,,50.0,54,50,30,20,60.0,7.34,-17.25,31.94,3.672,0.667,12
"[-149,-110]",HR≥-/EDG≥-5.0/CV≤0.6/μ≥0.0/TP≥-,61.54,-5.0,0.6,0.0,,56,52,32,20,61.54,10.56,-13.49,34.61,5.49,0.667,12
"[-149,-110]",HR≥-/EDG≥-5.0/CV≤0.6/μ≥0.0/TP≥50,60.0,-5.0,0.6,0.0,50.0,54,50,30,20,60.0,7.34,-17.25,31.94,3.672,0.667,12
"[-149,-110]",HR≥-/EDG≥-5.0/CV≤0.6/μ≥0.5/TP≥-,64.1,-5.0,0.6,0.5,,43,39,25,14,64.1,14.32,-12.95,41.59,5.585,0.727,11
"[-149,-110]",HR≥-/EDG≥-5.0/CV≤0.6/μ≥0.5/TP≥50,63.16,-5.0,0.6,0.5,50.0,42,38,24,14,63.16,12.31,-15.39,40.0,4.676,0.636,11
"[-149,-110]",HR≥-/EDG≥-5.0/CV≤0.5/μ≥-/TP≥-,59.46,-5.0,0.5,,,40,37,22,15,59.46,5.78,-22.81,34.37,2.138,0.545,11
"[-149,-110]",HR≥-/EDG≥-5.0/CV≤0.5/μ≥-/TP≥50,59.46,-5.0,0.5,,50.0,40,37,22,15,59.46,5.78,-22.81,34.37,2.138,0.545,11
"[-149,-110]",HR≥-/EDG≥-5.0/CV≤0.5/μ≥0.0/TP≥-,59.46,-5.0,0.5,0.0,,40,37,22,15,59.46,5.78,-22.81,34.37,2.138,0.545,11
"[-149,-110]",HR≥-/EDG≥-5.0/CV≤0.5/μ≥0.0/TP≥50,59.46,-5.0,0.5,0.0,50.0,40,37,22,15,59.46,5.78,-22.81,34.37,2.138,0.545,11
"[-149,-110]",HR≥-/EDG≥0.0/CV≤-/μ≥-/TP≥-,62.96,0.0,,,,59,54,34,20,62.96,12.85,-10.52,36.22,6.938,0.75,12
"[-149,-110]",HR≥-/EDG≥0.0/CV≤-/μ≥-/TP≥50,61.54,0.0,,,50.0,57,52,32,20,61.54,9.85,-14.05,33.74,5.12,0.667,12
"[-149,-110]",HR≥-/EDG≥0.0/CV≤-/μ≥0.0/TP≥-,62.96,0.0,,0.0,,59,54,34,20,62.96,12.85,-10.52,36.22,6.938,0.75,12
"[-149,-110]",HR≥-/EDG≥0.0/CV≤-/μ≥0.0/TP≥50,61.54,0.0,,0.0,50.0,57,52,32,20,61.54,9.85,-14.05,33.74,5.12,0.667,12
"[-149,-110]",HR≥-/EDG≥0.0/CV≤-/μ≥0.5/TP≥-,65.22,0.0,,0.5,,51,46,30,16,65.22,15.87,-8.91,40.66,7.302,0.75,12
"[-149,-110]",HR≥-/EDG≥0.0/CV≤-/μ≥0.5/TP≥50,64.44,0.0,,0.5,50.0,50,45,29,16,64.44,14.21,-10.92,39.33,6.393,0.667,12
"[-149,-110]",HR≥-/EDG≥0.0/CV≤0.7/μ≥-/TP≥-,65.38,0.0,0.7,,,56,52,34,18,65.38,17.19,-6.28,40.66,8.938,0.75,12
"[-149,-110]",HR≥-/EDG≥0.0/CV≤0.7/μ≥-/TP≥50,64.0,0.0,0.7,,50.0,54,50,32,18,64.0,14.24,-9.82,38.3,7.12,0.667,12
"[-149,-110]",HR≥-/EDG≥0.0/CV≤0.7/μ≥0.0/TP≥-,65.38,0.0,0.7,0.0,,56,52,34,18,65.38,17.19,-6.28,40.66,8.938,0.75,12
"[-149,-110]",HR≥-/EDG≥0.0/CV≤0.7/μ≥0.0/TP≥50,64.0,0.0,0.7,0.0,50.0,54,50,32,18,64.0,14.24,-9.82,38.3,7.12,0.667,12
"[-149,-110]",HR≥-/EDG≥0.0/CV≤0.7/μ≥0.5/TP≥-,66.67,0.0,0.7,0.5,,49,45,30,15,66.67,18.45,-6.37,43.26,8.302,0.75,12
"[-149,-110]",HR≥-/EDG≥0.0/CV≤0.7/μ≥0.5/TP≥50,65.91,0.0,0.7,0.5,50.0,48,44,29,15,65.91,16.8,-8.37,41.97,7.393,0.667,12
"[-149,-110]",HR≥-/EDG≥0.0/CV≤0.6/μ≥-/TP≥-,62.22,0.0,0.6,,,49,45,28,17,62.22,11.81,-14.0,37.61,5.312,0.818,11
"[-149,-110]",HR≥-/EDG≥0.0/CV≤0.6/μ≥-/TP≥50,60.47,0.0,0.6,,50.0,47,43,26,17,60.47,8.13,-18.38,34.63,3.494,0.727,11
"[-149,-110]",HR≥-/EDG≥0.0/CV≤0.6/μ≥0.0/TP≥-,62.22,0.0,0.6,0.0,,49,45,28,17,62.22,11.81,-14.0,37.61,5.312,0.818,11
"[-149,-110]",HR≥-/EDG≥0.0/CV≤0.6/μ≥0.0/TP≥50,60.47,0.0,0.6,0.0,50.0,47,43,26,17,60.47,8.13,-18.38,34.63,3.494,0.727,11
"[-149,-110]",HR≥-/EDG≥0.0/CV≤0.6/μ≥0.5/TP≥-,64.1,0.0,0.6,0.5,,43,39,25,14,64.1,14.32,-12.95,41.59,5.585,0.727,11
"[-149,-110]",HR≥-/EDG≥0.0/CV≤0.6/μ≥0.5/TP≥50,63.16,0.0,0.6,0.5,50.0,42,38,24,14,63.16,12.31,-15.39,40.0,4.676,0.636,11
"[-149,-110]",HR≥-/EDG≥0.0/CV≤0.5/μ≥-/TP≥-,62.5,0.0,0.5,,,35,32,20,12,62.5,11.37,-19.07,41.81,3.639,0.556,9
"[-149,-110]",HR≥-/EDG≥0.0/CV≤0.5/μ≥-/TP≥50,62.5,0.0,0.5,,50.0,35,32,20,12,62.5,11.37,-19.07,41.81,3.639,0.556,9
"[-149,-110]",HR≥-/EDG≥0.0/CV≤0.5/μ≥0.0/TP≥-,62.5,0.0,0.5,0.0,,35,32,20,12,62.5,11.37,-19.07,41.81,3.639,0.556,9
"[-149,-110]",HR≥-/EDG≥0.0/CV≤0.5/μ≥0.0/TP≥50,62.5,0.0,0.5,0.0,50.0,35,32,20,12,62.5,11.37,-19.07,41.81,3.639,0.556,9
"[-149,-110]",HR≥-/EDG≥5.0/CV≤-/μ≥-/TP≥-,57.89,5.0,,,,42,38,22,16,57.89,4.17,-24.52,32.85,1.583,0.636,11
"[-149,-110]",HR≥-/EDG≥5.0/CV≤-/μ≥-/TP≥50,56.76,5.0,,,50.0,41,37,21,16,56.76,1.82,-27.26,30.91,0.674,0.636,11
"[-149,-110]",HR≥-/EDG≥5.0/CV≤-/μ≥0.0/TP≥-,57.89,5.0,,0.0,,42,38,22,16,57.89,4.17,-24.52,32.85,1.583,0.636,11
"[-149,-110]",HR≥-/EDG≥5.0/CV≤-/μ≥0.0/TP≥50,56.76,5.0,,0.0,50.0,41,37,21,16,56.76,1.82,-27.26,30.91,0.674,0.636,11
"[-149,-110]",HR≥-/EDG≥5.0/CV≤-/μ≥0.5/TP≥-,61.11,5.0,,0.5,,40,36,22,14,61.11,9.95,-19.17,39.08,3.583,0.636,11
"[-149,-110]",HR≥-/EDG≥5.0/CV≤-/μ≥0.5/TP≥50,60.0,5.0,,0.5,50.0,39,35,21,14,60.0,7.64,-21.96,37.24,2.674,0.636,11
"[-149,-110]",HR≥-/EDG≥5.0/CV≤0.7/μ≥-/TP≥-,59.46,5.0,0.7,,,40,37,22,15,59.46,6.98,-21.94,35.9,2.583,0.636,11
"[-149,-110]",HR≥-/EDG≥5.0/CV≤0.7/μ≥-/TP≥50,58.33,5.0,0.7,,50.0,39,36,21,15,58.33,4.65,-24.71,34.01,1.674,0.636,11
"[-149,-110]",HR≥-/EDG≥5.0/CV≤0.7/μ≥0.0/TP≥-,59.46,5.0,0.7,0.0,,40,37,22,15,59.46,6.98,-21.94,35.9,2.583,0.636,11
"[-149,-110]",HR≥-/EDG≥5.0/CV≤0.7/μ≥0.0/TP≥50,58.33,5.0,0.7,0.0,50.0,39,36,21,15,58.33,4.65,-24.71,34.01,1.674,0.636,11
"[-149,-110]",HR≥-/EDG≥5.0/CV≤0.7/μ≥0.5/TP≥-,62.86,5.0,0.7,0.5,,38,35,22,13,62.86,13.09,-16.19,42.38,4.583,0.636,11
"[-149,-110]",HR≥-/EDG≥5.0/CV≤0.7/μ≥0.5/TP≥50,61.76,5.0,0.7,0.5,50.0,37,34,21,13,61.76,10.81,-19.0,40.61,3.674,0.636,11
"[-149,-110]",HR≥-/EDG≥5.0/CV≤0.6/μ≥-/TP≥-,57.58,5.0,0.6,,,36,33,19,14,57.58,3.87,-27.08,34.82,1.276,0.7,10
"[-149,-110]",HR≥-/EDG≥5.0/CV≤0.6/μ≥-/TP≥50,56.25,5.0,0.6,,50.0,35,32,18,14,56.25,1.15,-30.31,32.6,0.367,0.7,10
"[-149,-110]",HR≥-/EDG≥5.0/CV≤0.6/μ≥0.0/TP≥-,57.58,5.0,0.6,0.0,,36,33,19,14,57.58,3.87,-27.08,34.82,1.276,0.7,10
"[-149,-110]",HR≥-/EDG≥5.0/CV≤0.6/μ≥0.0/TP≥50,56.25,5.0,0.6,0.0,50.0,35,32,18,14,56.25,1.15,-30.31,32.6,0.367,0.7,10
"[-149,-110]",HR≥-/EDG≥5.0/CV≤0.6/μ≥0.5/TP≥-,61.29,5.0,0.6,0.5,,34,31,19,12,61.29,10.57,-20.94,42.07,3.276,0.7,10
"[-149,-110]",HR≥-/EDG≥5.0/CV≤0.6/μ≥0.5/TP≥50,60.0,5.0,0.6,0.5,50.0,33,30,18,12,60.0,7.89,-24.23,40.01,2.367,0.7,10
"[-149,-110]",HR≥-/EDG≥10.0/CV≤-/μ≥-/TP≥-,58.06,10.0,,,,35,31,18,13,58.06,4.32,-27.48,36.12,1.34,0.636,11
"[-149,-110]",HR≥-/EDG≥10.0/CV≤-/μ≥-/TP≥50,56.67,10.0,,,50.0,34,30,17,13,56.67,1.43,-30.92,33.79,0.43,0.545,11
"[-149,-110]",HR≥-/EDG≥10.0/CV≤-/μ≥0.0/TP≥-,58.06,10.0,,0.0,,35,31,18,13,58.06,4.32,-27.48,36.12,1.34,0.636,11
"[-149,-110]",HR≥-/EDG≥10.0/CV≤-/μ≥0.0/TP≥50,56.67,10.0,,0.0,50.0,34,30,17,13,56.67,1.43,-30.92,33.79,0.43,0.545,11
"[-149,-110]",HR≥-/EDG≥10.0/CV≤-/μ≥0.5/TP≥-,58.06,10.0,,0.5,,35,31,18,13,58.06,4.32,-27.48,36.12,1.34,0.636,11
"[-149,-110]",HR≥-/EDG≥10.0/CV≤-/μ≥0.5/TP≥50,56.67,10.0,,0.5,50.0,34,30,17,13,56.67,1.43,-30.92,33.79,0.43,0.545,11
"[-149,-110]",HR≥-/EDG≥10.0/CV≤0.7/μ≥-/TP≥-,60.0,10.0,0.7,,,33,30,18,12,60.0,7.8,-24.31,39.91,2.34,0.727,11
"[-149,-110]",HR≥-/EDG≥10.0/CV≤0.7/μ≥0.0/TP≥-,60.0,10.0,0.7,0.0,,33,30,18,12,60.0,7.8,-24.31,39.91,2.34,0.727,11
"[-149,-110]",HR≥-/EDG≥10.0/CV≤0.7/μ≥0.5/TP≥-,60.0,10.0,0.7,0.5,,33,30,18,12,60.0,7.8,-24.31,39.91,2.34,0.727,11
"[-149,-110]",HR≥45/EDG≥-/CV≤-/μ≥-/TP≥-,60.98,,,,,44,41,25,16,60.98,8.3,-18.62,35.21,3.402,0.583,12
"[-149,-110]",HR≥45/EDG≥-/CV≤-/μ≥-/TP≥50,60.0,,,,50.0,43,40,24,16,60.0,6.23,-21.05,33.52,2.493,0.545,11
"[-149,-110]",HR≥45/EDG≥-/CV≤-/μ≥0.0/TP≥-,61.11,,,0.0,,39,36,22,14,61.11,8.48,-20.27,37.23,3.051,0.5,12
"[-149,-110]",HR≥45/EDG≥-/CV≤-/μ≥0.0/TP≥50,60.0,,,0.0,50.0,38,35,21,14,60.0,6.12,-23.08,35.32,2.142,0.455,11
"[-149,-110]",HR≥45/EDG≥-/CV≤0.7/μ≥-/TP≥-,61.54,,0.7,,,41,39,24,15,61.54,8.96,-18.5,36.41,3.493,0.583,12
"[-149,-110]",HR≥45/EDG≥-/CV≤0.7/μ≥-/TP≥50,60.53,,0.7,,50.0,40,38,23,15,60.53,6.8,-21.05,34.65,2.584,0.545,11
"[-149,-110]",HR≥45/EDG≥-/CV≤0.7/μ≥0.0/TP≥-,61.76,,0.7,0.0,,36,34,21,13,61.76,9.24,-20.16,38.65,3.142,0.5,12
"[-149,-110]",HR≥45/EDG≥-/CV≤0.7/μ≥0.0/TP≥50,60.61,,0.7,0.0,50.0,35,33,20,13,60.61,6.77,-23.13,36.66,2.233,0.455,11
"[-149,-110]",HR≥45/EDG≥-/CV≤0.6/μ≥-/TP≥-,58.33,,0.6,,,38,36,21,15,58.33,3.57,-25.5,32.63,1.284,0.5,12
"[-149,-110]",HR≥45/EDG≥-/CV≤0.6/μ≥-/TP≥50,57.14,,0.6,,50.0,37,35,20,15,57.14,1.07,-28.41,30.55,0.375,0.455,11
"[-149,-110]",HR≥45/EDG≥-/CV≤0.6/μ≥0.0/TP≥-,59.38,,0.6,0.0,,34,32,19,13,59.38,5.42,-25.36,36.19,1.733,0.5,12
"[-149,-110]",HR≥45/EDG≥-/CV≤0.6/μ≥0.0/TP≥50,58.06,,0.6,0.0,50.0,33,31,18,13,58.06,2.66,-28.63,33.95,0.824,0.455,11
"[-149,-110]",HR≥45/EDG≥-5.0/CV≤-/μ≥-/TP≥-,61.11,-5.0,,,,39,36,22,14,61.11,8.48,-20.27,37.23,3.051,0.5,12
"[-149,-110]",HR≥45/EDG≥-5.0/CV≤-/μ≥-/TP≥50,60.0,-5.0,,,50.0,38,35,21,14,60.0,6.12,-23.08,35.32,2.142,0.455,11
"[-149,-110]",HR≥45/EDG≥-5.0/CV≤-/μ≥0.0/TP≥-,61.11,-5.0,,0.0,,39,36,22,14,61.11,8.48,-20.27,37.23,3.051,0.5,12
"[-149,-110]",HR≥45/EDG≥-5.0/CV≤-/μ≥0.0/TP≥50,60.0,-5.0,,0.0,50.0,38,35,21,14,60.0,6.12,-23.08,35.32,2.142,0.455,11
"[-149,-110]",HR≥45/EDG≥-5.0/CV≤0.7/μ≥-/TP≥-,61.76,-5.0,0.7,,,36,34,21,13,61.76,9.24,-20.16,38.65,3.142,0.5,12
"[-149,-110]",HR≥45/EDG≥-5.0/CV≤0.7/μ≥-/TP≥50,60.61,-5.0,0.7,,50.0,35,33,20,13,60.61,6.77,-23.13,36.66,2.233,0.455,11
"[-149,-110]",HR≥45/EDG≥-5.0/CV≤0.7/μ≥0.0/TP≥-,61.76,-5.0,0.7,0.0,,36,34,21,13,61.76,9.24,-20.16,38.65,3.142,0.5,12
"[-149,-110]",HR≥45/EDG≥-5.0/CV≤0.7/μ≥0.0/TP≥50,60.61,-5.0,0.7,0.0,50.0,35,33,20,13,60.61,6.77,-23.13,36.66,2.233,0.455,11
"[-149,-110]",HR≥45/EDG≥-5.0/CV≤0.6/μ≥-/TP≥-,59.38,-5.0,0.6,,,34,32,19,13,59.38,5.42,-25.36,36.19,1.733,0.5,12
"[-149,-110]",HR≥45/EDG≥-5.0/CV≤0.6/μ≥-/TP≥50,58.06,-5.0,0.6,,50.0,33,31,18,13,58.06,2.66,-28.63,33.95,0.824,0.455,11
"[-149,-110]",HR≥45/EDG≥-5.0/CV≤0.6/μ≥0.0/TP≥-,59.38,-5.0,0.6,0.0,,34,32,19,13,59.38,5.42,-25.36,36.19,1.733,0.5,12
"[-149,-110]",HR≥45/EDG≥-5.0/CV≤0.6/μ≥0.0/TP≥50,58.06,-5.0,0.6,0.0,50.0,33,31,18,13,58.06,2.66,-28.63,33.95,0.824,0.455,11
"[-149,-110]",HR≥45/EDG≥0.0/CV≤-/μ≥-/TP≥-,63.64,0.0,,,,36,33,21,12,63.64,12.55,-17.01,42.11,4.142,0.5,12
"[-149,-110]",HR≥45/EDG≥0.0/CV≤-/μ≥-/TP≥50,62.5,0.0,,,50.0,35,32,20,12,62.5,10.1,-19.99,40.2,3.233,0.455,11
"[-149,-110]",HR≥45/EDG≥0.0/CV≤-/μ≥0.0/TP≥-,63.64,0.0,,0.0,,36,33,21,12,63.64,12.55,-17.01,42.11,4.142,0.5,12
"[-149,-110]",HR≥45/EDG≥0.0/CV≤-/μ≥0.0/TP≥50,62.5,0.0,,0.0,50.0,35,32,20,12,62.5,10.1,-19.99,40.2,3.233,0.455,11
"[-149,-110]",HR≥45/EDG≥0.0/CV≤0.7/μ≥-/TP≥-,65.62,0.0,0.7,,,34,32,21,11,65.62,16.07,-13.59,45.73,5.142,0.545,11
"[-149,-110]",HR≥45/EDG≥0.0/CV≤0.7/μ≥-/TP≥50,64.52,0.0,0.7,,50.0,33,31,20,11,64.52,13.66,-16.58,43.89,4.233,0.5,10
"[-149,-110]",HR≥45/EDG≥0.0/CV≤0.7/μ≥0.0/TP≥-,65.62,0.0,0.7,0.0,,34,32,21,11,65.62,16.07,-13.59,45.73,5.142,0.545,11
"[-149,-110]",HR≥45/EDG≥0.0/CV≤0.7/μ≥0.0/TP≥50,64.52,0.0,0.7,0.0,50.0,33,31,20,11,64.52,13.66,-16.58,43.89,4.233,0.5,10
"[-149,-110]",HR≥45/EDG≥0.0/CV≤0.6/μ≥-/TP≥-,63.33,0.0,0.6,,,32,30,19,11,63.33,12.44,-18.78,43.67,3.733,0.545,11
"[-149,-110]",HR≥45/EDG≥0.0/CV≤0.6/μ≥0.0/TP≥-,63.33,0.0,0.6,0.0,,32,30,19,11,63.33,12.44,-18.78,43.67,3.733,0.545,11
"[+101,+200]",HR≥-/EDG≥-/CV≤-/μ≥-/TP≥-,42.86,,,,,125,112,48,64,42.86,-3.42,-24.24,17.4,-3.83,0.417,12
"[+101,+200]",HR≥-/EDG≥-/CV≤-/μ≥0.0/TP≥-,52.94,,,0.0,,56,51,27,24,52.94,18.65,-12.47,49.76,9.51,0.583,12
"[+101,+200]",HR≥-/EDG≥-/CV≤-/μ≥0.5/TP≥-,52.94,,,0.5,,37,34,18,16,52.94,17.88,-20.19,55.95,6.08,0.5,12
"[+101,+200]",HR≥-/EDG≥-/CV≤0.7/μ≥-/TP≥-,44.55,,0.7,,,112,101,45,56,44.55,0.36,-21.67,22.38,0.36,0.5,12
"[+101,+200]",HR≥-/EDG≥-/CV≤0.7/μ≥0.0/TP≥-,54.17,,0.7,0.0,,52,48,26,22,54.17,21.35,-10.68,53.39,10.25,0.667,12
"[+101,+200]",HR≥-/EDG≥-/CV≤0.7/μ≥0.5/TP≥-,56.25,,0.7,0.5,,35,32,18,14,56.25,25.25,-13.8,64.3,8.08,0.583,12
"[+101,+200]",HR≥-/EDG≥-/CV≤0.6/μ≥-/TP≥-,45.45,,0.6,,,97,88,40,48,45.45,2.56,-21.15,26.26,2.25,0.417,12
"[+101,+200]",HR≥-/EDG≥-/CV≤0.6/μ≥0.0/TP≥-,53.33,,0.6,0.0,,49,45,24,21,53.33,19.6,-13.59,52.79,8.82,0.667,12
"[+101,+200]",HR≥-/EDG≥-/CV≤0.6/μ≥0.5/TP≥-,54.84,,0.6,0.5,,34,31,17,14,54.84,22.26,-17.61,62.13,6.9,0.583,12
"[+101,+200]",HR≥-/EDG≥-/CV≤0.5/μ≥-/TP≥-,48.61,,0.5,,,79,72,35,37,48.61,9.85,-16.53,36.23,7.09,0.667,12
"[+101,+200]",HR≥-/EDG≥-/CV≤0.5/μ≥0.0/TP≥-,54.05,,0.5,0.0,,41,37,20,17,54.05,21.92,-14.93,58.77,8.11,0.583,12
"[+101,+200]",HR≥-/EDG≥-/CV≤0.45/μ≥-/TP≥-,47.54,,0.45,,,66,61,29,32,47.54,6.54,-21.89,34.97,3.99,0.636,11
"[+101,+200]",HR≥-/EDG≥-/CV≤0.45/μ≥0.0/TP≥-,53.12,,0.45,0.0,,36,32,17,15,53.12,19.53,-20.14,59.2,6.25,0.636,11
"[+101,+200]",HR≥-/EDG≥-/CV≤0.4/μ≥-/TP≥-,47.5,,0.4,,,44,40,19,21,47.5,6.97,-28.48,42.43,2.79,0.4,10
"[+101,+200]",HR≥-/EDG≥-5.0/CV≤-/μ≥-/TP≥-,50.0,-5.0,,,,78,70,35,35,50.0,11.4,-14.98,37.78,7.98,0.583,12
"[+101,+200]",HR≥-/EDG≥-5.0/CV≤-/μ≥0.0/TP≥-,52.94,-5.0,,0.0,,56,51,27,24,52.94,18.65,-12.47,49.76,9.51,0.583,12
"[+101,+200]",HR≥-/EDG≥-5.0/CV≤-/μ≥0.5/TP≥-,52.94,-5.0,,0.5,,37,34,18,16,52.94,17.88,-20.19,55.95,6.08,0.5,12
"[+101,+200]",HR≥-/EDG≥-5.0/CV≤0.7/μ≥-/TP≥-,50.77,-5.0,0.7,,,72,65,33,32,50.77,13.11,-14.29,40.51,8.52,0.583,12
"[+101,+200]",HR≥-/EDG≥-5.0/CV≤0.7/μ≥0.0/TP≥-,54.17,-5.0,0.7,0.0,,52,48,26,22,54.17,21.35,-10.68,53.39,10.25,0.667,12
"[+101,+200]",HR≥-/EDG≥-5.0/CV≤0.7/μ≥0.5/TP≥-,56.25,-5.0,0.7,0.5,,35,32,18,14,56.25,25.25,-13.8,64.3,8.08,0.583,12
"[+101,+200]",HR≥-/EDG≥-5.0/CV≤0.6/μ≥-/TP≥-,51.67,-5.0,0.6,,,67,60,31,29,51.67,15.15,-13.39,43.69,9.09,0.583,12
"[+101,+200]",HR≥-/EDG≥-5.0/CV≤0.6/μ≥0.0/TP≥-,53.33,-5.0,0.6,0.0,,49,45,24,21,53.33,19.6,-13.59,52.79,8.82,0.667,12
"[+101,+200]",HR≥-/EDG≥-5.0/CV≤0.6/μ≥0.5/TP≥-,54.84,-5.0,0.6,0.5,,34,31,17,14,54.84,22.26,-17.61,62.13,6.9,0.583,12
"[+101,+200]",HR≥-/EDG≥-5.0/CV≤0.5/μ≥-/TP≥-,56.25,-5.0,0.5,,,53,48,27,21,56.25,25.79,-6.07,57.66,12.38,0.5,12
"[+101,+200]",HR≥-/EDG≥-5.0/CV≤0.5/μ≥0.0/TP≥-,54.05,-5.0,0.5,0.0,,41,37,20,17,54.05,21.92,-14.93,58.77,8.11,0.583,12
"[+101,+200]",HR≥-/EDG≥-5.0/CV≤0.45/μ≥-/TP≥-,54.76,-5.0,0.45,,,46,42,23,19,54.76,21.71,-12.3,55.73,9.12,0.636,11
"[+101,+200]",HR≥-/EDG≥-5.0/CV≤0.45/μ≥0.0/TP≥-,53.12,-5.0,0.45,0.0,,36,32,17,15,53.12,19.53,-20.14,59.2,6.25,0.636,11
"[+101,+200]",HR≥-/EDG≥0.0/CV≤-/μ≥-/TP≥-,49.18,0.0,,,,68,61,30,31,49.18,10.21,-18.23,38.66,6.23,0.5,12
"[+101,+200]",HR≥-/EDG≥0.0/CV≤-/μ≥0.0/TP≥-,52.94,0.0,,0.0,,56,51,27,24,52.94,18.65,-12.47,49.76,9.51,0.583,12
"[+101,+200]",HR≥-/EDG≥0.0/CV≤-/μ≥0.5/TP≥-,52.94,0.0,,0.5,,37,34,18,16,52.94,17.88,-20.19,55.95,6.08,0.5,12
"[+101,+200]",HR≥-/EDG≥0.0/CV≤0.7/μ≥-/TP≥-,49.12,0.0,0.7,,,63,57,28,29,49.12,10.12,-19.34,39.58,5.77,0.583,12
"[+101,+200]",HR≥-/EDG≥0.0/CV≤0.7/μ≥0.0/TP≥-,54.17,0.0,0.7,0.0,,52,48,26,22,54.17,21.35,-10.68,53.39,10.25,0.667,12
"[+101,+200]",HR≥-/EDG≥0.0/CV≤0.7/μ≥0.5/TP≥-,56.25,0.0,0.7,0.5,,35,32,18,14,56.25,25.25,-13.8,64.3,8.08,0.583,12
"[+101,+200]",HR≥-/EDG≥0.0/CV≤0.6/μ≥-/TP≥-,50.0,0.0,0.6,,,58,52,26,26,50.0,12.19,-18.72,43.11,6.34,0.667,12
"[+101,+200]",HR≥-/EDG≥0.0/CV≤0.6/μ≥0.0/TP≥-,53.33,0.0,0.6,0.0,,49,45,24,21,53.33,19.6,-13.59,52.79,8.82,0.667,12
"[+101,+200]",HR≥-/EDG≥0.0/CV≤0.6/μ≥0.5/TP≥-,54.84,0.0,0.6,0.5,,34,31,17,14,54.84,22.26,-17.61,62.13,6.9,0.583,12
"[+101,+200]",HR≥-/EDG≥0.0/CV≤0.5/μ≥-/TP≥-,53.66,0.0,0.5,,,46,41,22,19,53.66,21.05,-13.95,56.05,8.63,0.583,12
"[+101,+200]",HR≥-/EDG≥0.0/CV≤0.5/μ≥0.0/TP≥-,54.05,0.0,0.5,0.0,,41,37,20,17,54.05,21.92,-14.93,58.77,8.11,0.583,12
"[+101,+200]",HR≥-/EDG≥0.0/CV≤0.45/μ≥-/TP≥-,52.78,0.0,0.45,,,40,36,19,17,52.78,18.81,-18.57,56.18,6.77,0.636,11
"[+101,+200]",HR≥-/EDG≥0.0/CV≤0.45/μ≥0.0/TP≥-,53.12,0.0,0.45,0.0,,36,32,17,15,53.12,19.53,-20.14,59.2,6.25,0.636,11
"[+101,+200]",HR≥-/EDG≥5.0/CV≤-/μ≥-/TP≥-,54.9,5.0,,,,57,51,28,23,54.9,23.45,-7.68,54.58,11.96,0.75,12
"[+101,+200]",HR≥-/EDG≥5.0/CV≤-/μ≥0.0/TP≥-,55.1,5.0,,0.0,,54,49,27,22,55.1,23.49,-8.16,55.14,11.51,0.667,12
"[+101,+200]",HR≥-/EDG≥5.0/CV≤-/μ≥0.5/TP≥-,52.94,5.0,,0.5,,37,34,18,16,52.94,17.88,-20.19,55.95,6.08,0.5,12
"[+101,+200]",HR≥-/EDG≥5.0/CV≤0.7/μ≥-/TP≥-,56.25,5.0,0.7,,,53,48,27,21,56.25,26.46,-5.56,58.47,12.7,0.75,12
"[+101,+200]",HR≥-/EDG≥5.0/CV≤0.7/μ≥0.0/TP≥-,56.52,5.0,0.7,0.0,,50,46,26,20,56.52,26.63,-5.95,59.21,12.25,0.75,12
"[+101,+200]",HR≥-/EDG≥5.0/CV≤0.7/μ≥0.5/TP≥-,56.25,5.0,0.7,0.5,,35,32,18,14,56.25,25.25,-13.8,64.3,8.08,0.583,12
"[+101,+200]",HR≥-/EDG≥5.0/CV≤0.6/μ≥-/TP≥-,54.35,5.0,0.6,,,51,46,25,21,54.35,22.33,-10.57,55.22,10.27,0.75,12
"[+101,+200]",HR≥-/EDG≥5.0/CV≤0.6/μ≥0.0/TP≥-,54.55,5.0,0.6,0.0,,48,44,24,20,54.55,22.32,-11.19,55.83,9.82,0.75,12
"[+101,+200]",HR≥-/EDG≥5.0/CV≤0.6/μ≥0.5/TP≥-,54.84,5.0,0.6,0.5,,34,31,17,14,54.84,22.26,-17.61,62.13,6.9,0.583,12
"[+101,+200]",HR≥-/EDG≥5.0/CV≤0.5/μ≥-/TP≥-,55.26,5.0,0.5,,,42,38,21,17,55.26,25.16,-11.27,61.59,9.56,0.667,12
"[+101,+200]",HR≥-/EDG≥5.0/CV≤0.5/μ≥0.0/TP≥-,55.56,5.0,0.5,0.0,,40,36,20,16,55.56,25.31,-11.97,62.58,9.11,0.667,12
"[+101,+200]",HR≥-/EDG≥5.0/CV≤0.45/μ≥-/TP≥-,54.55,5.0,0.45,,,37,33,18,15,54.55,23.33,-15.83,62.49,7.7,0.727,11
"[+101,+200]",HR≥-/EDG≥5.0/CV≤0.45/μ≥0.0/TP≥-,54.84,5.0,0.45,0.0,,35,31,17,14,54.84,23.39,-16.83,63.6,7.25,0.727,11
"[+101,+200]",HR≥-/EDG≥10.0/CV≤-/μ≥-/TP≥-,52.27,10.0,,,,48,44,23,21,52.27,17.73,-16.02,51.47,7.8,0.583,12
"[+101,+200]",HR≥-/EDG≥10.0/CV≤-/μ≥0.0/TP≥-,52.27,10.0,,0.0,,48,44,23,21,52.27,17.73,-16.02,51.47,7.8,0.583,12
"[+101,+200]",HR≥-/EDG≥10.0/CV≤-/μ≥0.5/TP≥-,52.94,10.0,,0.5,,37,34,18,16,52.94,17.88,-20.19,55.95,6.08,0.5,12
"[+101,+200]",HR≥-/EDG≥10.0/CV≤0.7/μ≥-/TP≥-,54.76,10.0,0.7,,,46,42,23,19,54.76,23.33,-11.11,57.78,9.8,0.583,12
"[+101,+200]",HR≥-/EDG≥10.0/CV≤0.7/μ≥0.0/TP≥-,54.76,10.0,0.7,0.0,,46,42,23,19,54.76,23.33,-11.11,57.78,9.8,0.583,12
"[+101,+200]",HR≥-/EDG≥10.0/CV≤0.7/μ≥0.5/TP≥-,56.25,10.0,0.7,0.5,,35,32,18,14,56.25,25.25,-13.8,64.3,8.08,0.583,12
"[+101,+200]",HR≥-/EDG≥10.0/CV≤0.6/μ≥-/TP≥-,53.66,10.0,0.6,,,45,41,22,19,53.66,21.02,-13.96,56.01,8.62,0.583,12
"[+101,+200]",HR≥-/EDG≥10.0/CV≤0.6/μ≥0.0/TP≥-,53.66,10.0,0.6,0.0,,45,41,22,19,53.66,21.02,-13.96,56.01,8.62,0.583,12
"[+101,+200]",HR≥-/EDG≥10.0/CV≤0.6/μ≥0.5/TP≥-,54.84,10.0,0.6,0.5,,34,31,17,14,54.84,22.26,-17.61,62.13,6.9,0.583,12
"[+101,+200]",HR≥-/EDG≥10.0/CV≤0.5/μ≥-/TP≥-,55.88,10.0,0.5,,,38,34,19,15,55.88,26.65,-11.88,65.17,9.06,0.583,12
"[+101,+200]",HR≥-/EDG≥10.0/CV≤0.5/μ≥0.0/TP≥-,55.88,10.0,0.5,0.0,,38,34,19,15,55.88,26.65,-11.88,65.17,9.06,0.583,12
