combo,hr_min,edg_min,tp_min,cv_max,side,n_total,n_graded,wins,losses,HR_pct,HR_ci_lo,HR_ci_hi,ROI_pct,ROI_ci_lo,ROI_ci_hi,P_and_L,consistency,graded_days
HR≥50.0/EDG≥0.0/TP≥-/CV≤0.4/ANY,50.0,0.0,,0.4,ANY,56,51,35,16,68.63,54.97,79.67,20.76,-2.99,44.5,10.586,0.692,13
HR≥50.0/EDG≥-2.5/TP≥-/CV≤0.4/ANY,50.0,-2.5,,0.4,ANY,63,58,40,18,68.97,56.2,79.38,18.98,-2.78,40.74,11.01,0.692,13
HR≥50.0/EDG≥-5.0/TP≥-/CV≤0.4/ANY,50.0,-5.0,,0.4,ANY,67,61,42,19,68.85,56.41,79.06,18.7,-2.52,39.91,11.404,0.692,13
HR≥50.0/EDG≥0.0/TP≥40.0/CV≤0.4/ANY,50.0,0.0,40.0,0.4,ANY,55,50,34,16,68.0,54.19,79.24,18.27,-5.43,41.98,9.136,0.692,13
HR≥50.0/EDG≥-5.0/TP≥-/CV≤0.45/ANY,50.0,-5.0,,0.45,ANY,87,79,55,24,69.62,58.77,78.66,17.66,-0.46,35.77,13.948,0.692,13
HR≥50.0/EDG≥-2.5/TP≥-/CV≤0.45/ANY,50.0,-2.5,,0.45,ANY,82,75,52,23,69.33,58.17,78.61,17.56,-1.13,36.25,13.169,0.692,13
HR≥50.0/EDG≥0.0/TP≥-/CV≤0.45/ANY,50.0,0.0,,0.45,ANY,72,65,44,21,67.69,55.61,77.8,17.33,-3.47,38.13,11.261,0.692,13
HR≥-/EDG≥-2.5/TP≥-/CV≤0.35/ANY,,-2.5,,0.35,ANY,72,65,42,23,64.62,52.47,75.12,16.9,-5.29,39.09,10.985,0.5,12
HR≥50.0/EDG≥-2.5/TP≥40.0/CV≤0.4/ANY,50.0,-2.5,40.0,0.4,ANY,62,57,39,18,68.42,55.52,79.0,16.77,-4.93,38.47,9.56,0.692,13
HR≥50.0/EDG≥-5.0/TP≥40.0/CV≤0.4/ANY,50.0,-5.0,40.0,0.4,ANY,66,60,41,19,68.33,55.77,78.69,16.59,-4.57,37.75,9.954,0.692,13
HR≥50.0/EDG≥-5.0/TP≥55.0/CV≤0.45/ANY,50.0,-5.0,55.0,0.45,ANY,57,51,39,12,76.47,63.24,86.0,16.53,-1.6,34.66,8.431,0.667,12
HR≥50.0/EDG≥-5.0/TP≥40.0/CV≤0.45/ANY,50.0,-5.0,40.0,0.45,ANY,86,78,54,24,69.23,58.29,78.37,16.02,-2.04,34.09,12.498,0.692,13
HR≥-/EDG≥5.0/TP≥-/CV≤0.4/OVER,,5.0,,0.4,OVER,69,61,38,23,62.3,49.75,73.39,15.86,-7.89,39.61,9.673,0.615,13
HR≥-/EDG≥5.0/TP≥40.0/CV≤0.4/OVER,,5.0,40.0,0.4,OVER,69,61,38,23,62.3,49.75,73.39,15.86,-7.89,39.61,9.673,0.615,13
HR≥50.0/EDG≥-2.5/TP≥40.0/CV≤0.45/ANY,50.0,-2.5,40.0,0.45,ANY,81,74,51,23,68.92,57.66,78.31,15.84,-2.8,34.47,11.719,0.692,13
HR≥50.0/EDG≥-5.0/TP≥55.0/CV≤0.45/OVER,50.0,-5.0,55.0,0.45,OVER,56,50,38,12,76.0,62.59,85.7,15.43,-2.93,33.8,7.717,0.667,12
HR≥50.0/EDG≥0.0/TP≥40.0/CV≤0.45/ANY,50.0,0.0,40.0,0.45,ANY,71,64,43,21,67.19,55.0,77.43,15.33,-5.42,36.08,9.811,0.692,13
HR≥-/EDG≥-5.0/TP≥-/CV≤0.35/ANY,,-5.0,,0.35,ANY,77,69,44,25,63.77,51.98,74.1,15.04,-6.52,36.61,10.379,0.583,12
HR≥-/EDG≥0.0/TP≥-/CV≤0.35/ANY,,0.0,,0.35,ANY,66,59,37,22,62.71,49.95,73.92,15.01,-8.78,38.81,8.858,0.5,12
HR≥-/EDG≥-2.5/TP≥40.0/CV≤0.35/ANY,,-2.5,40.0,0.35,ANY,71,64,41,23,64.06,51.82,74.71,14.9,-7.29,37.08,9.535,0.5,12
HR≥-/EDG≥0.0/TP≥-/CV≤0.4/OVER,,0.0,,0.4,OVER,83,73,46,27,63.01,51.55,73.18,14.77,-6.42,35.95,10.781,0.615,13
HR≥-/EDG≥0.0/TP≥40.0/CV≤0.4/OVER,,0.0,40.0,0.4,OVER,83,73,46,27,63.01,51.55,73.18,14.77,-6.42,35.95,10.781,0.615,13
HR≥50.0/EDG≥-5.0/TP≥-/CV≤0.45/OVER,50.0,-5.0,,0.45,OVER,76,68,48,20,70.59,58.89,80.08,14.74,-3.68,33.17,10.025,0.538,13
HR≥50.0/EDG≥-5.0/TP≥40.0/CV≤0.45/OVER,50.0,-5.0,40.0,0.45,OVER,76,68,48,20,70.59,58.89,80.08,14.74,-3.68,33.17,10.025,0.538,13
HR≥50.0/EDG≥2.5/TP≥-/CV≤0.45/ANY,50.0,2.5,,0.45,ANY,65,59,39,20,66.1,53.37,76.86,14.66,-7.46,36.78,8.65,0.692,13
HR≥55.0/EDG≥-5.0/TP≥-/CV≤0.5/OVER,55.0,-5.0,,0.5,OVER,56,50,36,14,72.0,58.33,82.53,14.57,-6.09,35.23,7.283,0.667,12
HR≥55.0/EDG≥-5.0/TP≥40.0/CV≤0.5/OVER,55.0,-5.0,40.0,0.5,OVER,56,50,36,14,72.0,58.33,82.53,14.57,-6.09,35.23,7.283,0.667,12
HR≥-/EDG≥-2.5/TP≥-/CV≤0.4/OVER,,-2.5,,0.4,OVER,91,81,52,29,64.2,53.33,73.78,14.54,-5.07,34.14,11.777,0.615,13
HR≥-/EDG≥-2.5/TP≥40.0/CV≤0.4/OVER,,-2.5,40.0,0.4,OVER,91,81,52,29,64.2,53.33,73.78,14.54,-5.07,34.14,11.777,0.615,13
HR≥50.0/EDG≥-2.5/TP≥-/CV≤0.45/OVER,50.0,-2.5,,0.45,OVER,71,64,45,19,70.31,58.23,80.1,14.45,-4.6,33.5,9.246,0.538,13
HR≥50.0/EDG≥-2.5/TP≥40.0/CV≤0.45/OVER,50.0,-2.5,40.0,0.45,OVER,71,64,45,19,70.31,58.23,80.1,14.45,-4.6,33.5,9.246,0.538,13
HR≥50.0/EDG≥-5.0/TP≥55.0/CV≤0.5/ANY,50.0,-5.0,55.0,0.5,ANY,67,60,45,15,75.0,62.77,84.22,14.4,-2.65,31.44,8.638,0.75,12
HR≥-/EDG≥7.5/TP≥-/CV≤0.4/OVER,,7.5,,0.4,OVER,60,52,32,20,61.54,47.96,73.53,14.21,-11.63,40.05,7.388,0.545,11
HR≥-/EDG≥7.5/TP≥40.0/CV≤0.4/OVER,,7.5,40.0,0.4,OVER,60,52,32,20,61.54,47.96,73.53,14.21,-11.63,40.05,7.388,0.545,11
HR≥-/EDG≥-/TP≥55.0/CV≤0.4/OVER,,,55.0,0.4,OVER,67,59,44,15,74.58,62.2,83.94,14.2,-3.16,31.57,8.378,0.75,12
HR≥-/EDG≥-5.0/TP≥-/CV≤0.4/OVER,,-5.0,,0.4,OVER,99,88,56,32,63.64,53.21,72.92,14.16,-4.79,33.11,12.461,0.615,13
HR≥-/EDG≥-5.0/TP≥40.0/CV≤0.4/OVER,,-5.0,40.0,0.4,OVER,99,88,56,32,63.64,53.21,72.92,14.16,-4.79,33.11,12.461,0.615,13
HR≥50.0/EDG≥-5.0/TP≥55.0/CV≤0.7/ANY,50.0,-5.0,55.0,0.7,ANY,86,78,59,19,75.64,65.06,83.81,14.12,-0.53,28.77,11.012,0.75,12
HR≥-/EDG≥-5.0/TP≥-/CV≤0.5/OVER,,-5.0,,0.5,OVER,180,165,105,60,63.64,56.06,70.59,14.06,0.31,27.8,23.191,0.615,13
HR≥-/EDG≥-5.0/TP≥40.0/CV≤0.5/OVER,,-5.0,40.0,0.5,OVER,180,165,105,60,63.64,56.06,70.59,14.06,0.31,27.8,23.191,0.615,13
HR≥55.0/EDG≥-5.0/TP≥-/CV≤0.7/OVER,55.0,-5.0,,0.7,OVER,69,63,46,17,73.02,60.97,82.42,13.75,-4.02,31.53,8.665,0.5,12
HR≥55.0/EDG≥-5.0/TP≥40.0/CV≤0.7/OVER,55.0,-5.0,40.0,0.7,OVER,69,63,46,17,73.02,60.97,82.42,13.75,-4.02,31.53,8.665,0.5,12
HR≥50.0/EDG≥-2.5/TP≥55.0/CV≤0.5/ANY,50.0,-2.5,55.0,0.5,ANY,64,58,43,15,74.14,61.62,83.65,13.57,-4.03,31.17,7.869,0.75,12
HR≥50.0/EDG≥-5.0/TP≥55.0/CV≤0.5/OVER,50.0,-5.0,55.0,0.5,OVER,66,59,44,15,74.58,62.2,83.94,13.43,-3.8,30.66,7.924,0.75,12
HR≥50.0/EDG≥-/TP≥55.0/CV≤0.45/ANY,50.0,,55.0,0.45,ANY,74,68,51,17,75.0,63.56,83.77,13.37,-2.47,29.21,9.089,0.667,12
HR≥50.0/EDG≥-5.0/TP≥-/CV≤0.7/OVER,50.0,-5.0,,0.7,OVER,113,103,73,30,70.87,61.48,78.77,13.36,-1.24,27.96,13.759,0.769,13
HR≥50.0/EDG≥-5.0/TP≥40.0/CV≤0.7/OVER,50.0,-5.0,40.0,0.7,OVER,113,103,73,30,70.87,61.48,78.77,13.36,-1.24,27.96,13.759,0.769,13
HR≥-/EDG≥2.5/TP≥-/CV≤0.35/ANY,,2.5,,0.35,ANY,64,58,36,22,62.07,49.2,73.44,13.2,-10.74,37.15,7.658,0.5,12
HR≥-/EDG≥-2.5/TP≥-/CV≤0.5/OVER,,-2.5,,0.5,OVER,168,154,97,57,62.99,55.13,70.21,13.16,-1.15,27.47,20.272,0.615,13
HR≥-/EDG≥-2.5/TP≥40.0/CV≤0.5/OVER,,-2.5,40.0,0.5,OVER,168,154,97,57,62.99,55.13,70.21,13.16,-1.15,27.47,20.272,0.615,13
HR≥-/EDG≥-5.0/TP≥40.0/CV≤0.35/ANY,,-5.0,40.0,0.35,ANY,76,68,43,25,63.24,51.36,73.7,13.13,-8.42,34.68,8.929,0.583,12
HR≥50.0/EDG≥-/TP≥55.0/CV≤0.45/OVER,50.0,,55.0,0.45,OVER,70,64,48,16,75.0,63.18,83.99,13.06,-3.22,29.35,8.36,0.667,12
HR≥50.0/EDG≥-5.0/TP≥-/CV≤0.7/ANY,50.0,-5.0,,0.7,ANY,133,122,83,39,68.03,59.32,75.65,13.06,-1.39,27.5,15.927,0.692,13
HR≥-/EDG≥5.0/TP≥-/CV≤0.5/OVER,,5.0,,0.5,OVER,123,112,68,44,60.71,51.46,69.26,13.05,-4.47,30.58,14.62,0.462,13
HR≥-/EDG≥5.0/TP≥40.0/CV≤0.5/OVER,,5.0,40.0,0.5,OVER,123,112,68,44,60.71,51.46,69.26,13.05,-4.47,30.58,14.62,0.462,13
HR≥50.0/EDG≥-5.0/TP≥55.0/CV≤0.6/ANY,50.0,-5.0,55.0,0.6,ANY,83,75,56,19,74.67,63.79,83.14,12.96,-2.22,28.14,9.722,0.75,12
HR≥55.0/EDG≥-5.0/TP≥-/CV≤0.55/OVER,55.0,-5.0,,0.55,OVER,58,52,37,15,71.15,57.73,81.67,12.9,-7.45,33.25,6.708,0.583,12
HR≥55.0/EDG≥-5.0/TP≥40.0/CV≤0.55/OVER,55.0,-5.0,40.0,0.55,OVER,58,52,37,15,71.15,57.73,81.67,12.9,-7.45,33.25,6.708,0.583,12
HR≥-/EDG≥5.0/TP≥-/CV≤0.45/OVER,,5.0,,0.45,OVER,99,89,54,35,60.67,50.29,70.18,12.86,-6.85,32.58,11.446,0.538,13
HR≥-/EDG≥5.0/TP≥40.0/CV≤0.45/OVER,,5.0,40.0,0.45,OVER,99,89,54,35,60.67,50.29,70.18,12.86,-6.85,32.58,11.446,0.538,13
HR≥-/EDG≥-5.0/TP≥-/CV≤0.45/OVER,,-5.0,,0.45,OVER,146,133,84,49,63.16,54.7,70.88,12.79,-2.53,28.1,17.008,0.538,13
HR≥-/EDG≥-5.0/TP≥40.0/CV≤0.45/OVER,,-5.0,40.0,0.45,OVER,146,133,84,49,63.16,54.7,70.88,12.79,-2.53,28.1,17.008,0.538,13
HR≥-/EDG≥0.0/TP≥40.0/CV≤0.35/ANY,,0.0,40.0,0.35,ANY,65,58,36,22,62.07,49.2,73.44,12.77,-11.02,36.57,7.408,0.5,12
HR≥50.0/EDG≥-5.0/TP≥-/CV≤0.6/ANY,50.0,-5.0,,0.6,ANY,128,117,79,38,67.52,58.6,75.33,12.75,-2.13,27.63,14.918,0.692,13
HR≥50.0/EDG≥-5.0/TP≥-/CV≤0.4/OVER,50.0,-5.0,,0.4,OVER,57,51,35,16,68.63,54.97,79.67,12.71,-9.18,34.6,6.481,0.615,13
HR≥50.0/EDG≥-5.0/TP≥40.0/CV≤0.4/OVER,50.0,-5.0,40.0,0.4,OVER,57,51,35,16,68.63,54.97,79.67,12.71,-9.18,34.6,6.481,0.615,13
HR≥50.0/EDG≥-5.0/TP≥55.0/CV≤0.7/OVER,50.0,-5.0,55.0,0.7,OVER,84,76,57,19,75.0,64.22,83.37,12.64,-2.26,27.53,9.604,0.667,12
HR≥50.0/EDG≥-5.0/TP≥-/CV≤0.5/ANY,50.0,-5.0,,0.5,ANY,103,94,63,31,67.02,57.01,75.69,12.62,-4.13,29.38,11.865,0.692,13
HR≥50.0/EDG≥0.0/TP≥-/CV≤0.5/ANY,50.0,0.0,,0.5,ANY,86,78,51,27,65.38,54.33,74.99,12.58,-6.46,31.63,9.814,0.769,13
HR≥50.0/EDG≥-2.5/TP≥55.0/CV≤0.5/OVER,50.0,-2.5,55.0,0.5,OVER,63,57,42,15,73.68,61.02,83.35,12.55,-5.24,30.35,7.155,0.75,12
HR≥50.0/EDG≥-5.0/TP≥50.0/CV≤0.7/ANY,50.0,-5.0,50.0,0.7,ANY,107,97,70,27,72.16,62.53,80.11,12.53,-1.73,26.78,12.151,0.769,13
HR≥50.0/EDG≥-5.0/TP≥55.0/CV≤0.55/ANY,50.0,-5.0,55.0,0.55,ANY,73,65,48,17,73.85,62.05,82.98,12.53,-4.06,29.12,8.143,0.75,12
HR≥50.0/EDG≥2.5/TP≥40.0/CV≤0.45/ANY,50.0,2.5,40.0,0.45,ANY,64,58,38,20,65.52,52.67,76.44,12.41,-9.64,34.47,7.2,0.692,13
HR≥50.0/EDG≥-5.0/TP≥-/CV≤-/OVER,50.0,-5.0,,,OVER,122,110,77,33,70.0,60.88,77.77,12.37,-1.91,26.66,13.612,0.692,13
HR≥50.0/EDG≥-5.0/TP≥40.0/CV≤-/OVER,50.0,-5.0,40.0,,OVER,122,110,77,33,70.0,60.88,77.77,12.37,-1.91,26.66,13.612,0.692,13
HR≥50.0/EDG≥-2.5/TP≥-/CV≤0.7/OVER,50.0,-2.5,,0.7,OVER,104,96,67,29,69.79,59.99,78.07,12.33,-3.01,27.68,11.84,0.769,13
HR≥50.0/EDG≥-2.5/TP≥40.0/CV≤0.7/OVER,50.0,-2.5,40.0,0.7,OVER,104,96,67,29,69.79,59.99,78.07,12.33,-3.01,27.68,11.84,0.769,13
HR≥50.0/EDG≥-2.5/TP≥-/CV≤0.5/ANY,50.0,-2.5,,0.5,ANY,98,90,60,30,66.67,56.42,75.55,12.32,-4.89,29.52,11.085,0.769,13
HR≥-/EDG≥-2.5/TP≥-/CV≤0.45/OVER,,-2.5,,0.45,OVER,136,124,78,46,62.9,54.13,70.9,12.29,-3.59,28.17,15.239,0.538,13
HR≥-/EDG≥-2.5/TP≥40.0/CV≤0.45/OVER,,-2.5,40.0,0.45,OVER,136,124,78,46,62.9,54.13,70.9,12.29,-3.59,28.17,15.239,0.538,13
HR≥55.0/EDG≥-5.0/TP≥-/CV≤0.6/OVER,55.0,-5.0,,0.6,OVER,66,60,43,17,71.67,59.23,81.49,12.29,-6.3,30.88,7.375,0.5,12
HR≥55.0/EDG≥-5.0/TP≥40.0/CV≤0.6/OVER,55.0,-5.0,40.0,0.6,OVER,66,60,43,17,71.67,59.23,81.49,12.29,-6.3,30.88,7.375,0.5,12
HR≥50.0/EDG≥5.0/TP≥-/CV≤0.45/ANY,50.0,5.0,,0.45,ANY,58,53,34,19,64.15,50.69,75.7,12.28,-11.45,36.02,6.511,0.667,12
HR≥50.0/EDG≥-5.0/TP≥-/CV≤0.5/OVER,50.0,-5.0,,0.5,OVER,90,81,56,25,69.14,58.4,78.14,12.27,-4.74,29.28,9.941,0.538,13
HR≥50.0/EDG≥-5.0/TP≥40.0/CV≤0.5/OVER,50.0,-5.0,40.0,0.5,OVER,90,81,56,25,69.14,58.4,78.14,12.27,-4.74,29.28,9.941,0.538,13
HR≥50.0/EDG≥-5.0/TP≥55.0/CV≤-/ANY,50.0,-5.0,55.0,,ANY,91,82,61,21,74.39,64.0,82.6,12.23,-2.28,26.75,10.03,0.667,12
HR≥50.0/EDG≥-2.5/TP≥-/CV≤-/OVER,50.0,-2.5,,,OVER,111,101,70,31,69.31,59.74,77.46,12.15,-2.95,27.24,12.267,0.692,13
HR≥50.0/EDG≥-2.5/TP≥40.0/CV≤-/OVER,50.0,-2.5,40.0,,OVER,111,101,70,31,69.31,59.74,77.46,12.15,-2.95,27.24,12.267,0.692,13
HR≥50.0/EDG≥-5.0/TP≥-/CV≤0.55/ANY,50.0,-5.0,,0.55,ANY,113,102,68,34,66.67,57.06,75.06,12.1,-4.03,28.22,12.339,0.692,13
HR≥55.0/EDG≥-5.0/TP≥-/CV≤-/OVER,55.0,-5.0,,,OVER,71,64,46,18,71.88,59.87,81.41,11.98,-5.86,29.82,7.665,0.5,12
HR≥55.0/EDG≥-5.0/TP≥40.0/CV≤-/OVER,55.0,-5.0,40.0,,OVER,71,64,46,18,71.88,59.87,81.41,11.98,-5.86,29.82,7.665,0.5,12
HR≥50.0/EDG≥-2.5/TP≥-/CV≤0.5/OVER,50.0,-2.5,,0.5,OVER,85,77,53,24,68.83,57.8,78.07,11.9,-5.59,29.39,9.162,0.538,13
HR≥50.0/EDG≥-2.5/TP≥40.0/CV≤0.5/OVER,50.0,-2.5,40.0,0.5,OVER,85,77,53,24,68.83,57.8,78.07,11.9,-5.59,29.39,9.162,0.538,13
HR≥50.0/EDG≥-5.0/TP≥-/CV≤0.6/OVER,50.0,-5.0,,0.6,OVER,109,99,69,30,69.7,60.05,77.87,11.87,-3.24,26.98,11.75,0.769,13
HR≥50.0/EDG≥-5.0/TP≥40.0/CV≤0.6/OVER,50.0,-5.0,40.0,0.6,OVER,109,99,69,30,69.7,60.05,77.87,11.87,-3.24,26.98,11.75,0.769,13
HR≥50.0/EDG≥-2.5/TP≥50.0/CV≤0.7/ANY,50.0,-2.5,50.0,0.7,ANY,98,90,64,26,71.11,61.04,79.46,11.72,-3.35,26.79,10.548,0.769,13
HR≥-/EDG≥0.0/TP≥-/CV≤0.5/OVER,,0.0,,0.5,OVER,151,137,84,53,61.31,52.96,69.05,11.7,-3.76,27.16,16.027,0.615,13
HR≥-/EDG≥0.0/TP≥40.0/CV≤0.5/OVER,,0.0,40.0,0.5,OVER,151,137,84,53,61.31,52.96,69.05,11.7,-3.76,27.16,16.027,0.615,13
HR≥-/EDG≥5.0/TP≥-/CV≤0.35/ANY,,5.0,,0.35,ANY,59,54,33,21,61.11,47.79,72.96,11.68,-13.24,36.61,6.308,0.417,12
HR≥50.0/EDG≥-2.5/TP≥55.0/CV≤0.7/ANY,50.0,-2.5,55.0,0.7,ANY,78,72,53,19,73.61,62.42,82.41,11.68,-4.05,27.41,8.409,0.667,12
HR≥50.0/EDG≥-5.0/TP≥50.0/CV≤0.7/OVER,50.0,-5.0,50.0,0.7,OVER,103,93,67,26,72.04,62.19,80.15,11.65,-2.83,26.13,10.833,0.769,13
HR≥-/EDG≥2.5/TP≥-/CV≤0.4/OVER,,2.5,,0.4,OVER,78,69,42,27,60.87,49.07,71.52,11.58,-10.56,33.72,7.989,0.615,13
HR≥-/EDG≥2.5/TP≥40.0/CV≤0.4/OVER,,2.5,40.0,0.4,OVER,78,69,42,27,60.87,49.07,71.52,11.58,-10.56,33.72,7.989,0.615,13
HR≥50.0/EDG≥-2.5/TP≥50.0/CV≤-/ANY,50.0,-2.5,50.0,,ANY,105,95,67,28,70.53,60.7,78.75,11.55,-3.31,26.41,10.974,0.692,13
HR≥50.0/EDG≥-5.0/TP≥50.0/CV≤-/ANY,50.0,-5.0,50.0,,ANY,116,104,74,30,71.15,61.82,78.98,11.54,-2.45,25.54,12.004,0.692,13
HR≥50.0/EDG≥0.0/TP≥-/CV≤0.45/OVER,50.0,0.0,,0.45,OVER,62,55,37,18,67.27,54.1,78.19,11.52,-9.97,33.01,6.338,0.615,13
HR≥50.0/EDG≥0.0/TP≥40.0/CV≤0.45/OVER,50.0,0.0,40.0,0.45,OVER,62,55,37,18,67.27,54.1,78.19,11.52,-9.97,33.01,6.338,0.615,13
HR≥50.0/EDG≥-2.5/TP≥50.0/CV≤0.7/OVER,50.0,-2.5,50.0,0.7,OVER,95,87,62,25,71.26,61.02,79.71,11.41,-3.81,26.62,9.924,0.769,13
HR≥50.0/EDG≥-5.0/TP≥55.0/CV≤0.6/OVER,50.0,-5.0,55.0,0.6,OVER,81,73,54,19,73.97,62.89,82.66,11.39,-4.05,26.83,8.314,0.667,12
HR≥50.0/EDG≥-5.0/TP≥-/CV≤-/ANY,50.0,-5.0,,,ANY,145,132,88,44,66.67,58.25,74.14,11.31,-2.76,25.38,14.929,0.692,13
HR≥50.0/EDG≥-2.5/TP≥50.0/CV≤-/OVER,50.0,-2.5,50.0,,OVER,102,92,65,27,70.65,60.67,78.98,11.25,-3.76,26.26,10.351,0.692,13
HR≥-/EDG≥-2.5/TP≥55.0/CV≤0.4/ANY,,-2.5,55.0,0.4,ANY,61,55,39,16,70.91,57.86,81.23,11.22,-7.98,30.42,6.171,0.636,11
HR≥50.0/EDG≥-5.0/TP≥40.0/CV≤0.5/ANY,50.0,-5.0,40.0,0.5,ANY,102,93,62,31,66.67,56.59,75.42,11.2,-5.5,27.9,10.415,0.692,13
HR≥-/EDG≥-5.0/TP≥-/CV≤0.55/OVER,,-5.0,,0.55,OVER,205,186,116,70,62.37,55.22,69.01,11.17,-1.77,24.11,20.772,0.615,13
HR≥-/EDG≥-5.0/TP≥40.0/CV≤0.55/OVER,,-5.0,40.0,0.55,OVER,205,186,116,70,62.37,55.22,69.01,11.17,-1.77,24.11,20.772,0.615,13
HR≥-/EDG≥5.0/TP≥-/CV≤0.7/OVER,,5.0,,0.7,OVER,160,147,88,59,59.86,51.79,67.44,11.15,-4.11,26.41,16.39,0.538,13
HR≥-/EDG≥5.0/TP≥40.0/CV≤0.7/OVER,,5.0,40.0,0.7,OVER,160,147,88,59,59.86,51.79,67.44,11.15,-4.11,26.41,16.39,0.538,13
HR≥-/EDG≥7.5/TP≥-/CV≤0.7/OVER,,7.5,,0.7,OVER,143,132,79,53,59.85,51.32,67.82,11.01,-5.1,27.12,14.529,0.538,13
HR≥-/EDG≥7.5/TP≥40.0/CV≤0.7/OVER,,7.5,40.0,0.7,OVER,143,132,79,53,59.85,51.32,67.82,11.01,-5.1,27.12,14.529,0.538,13
HR≥50.0/EDG≥-2.5/TP≥-/CV≤0.6/OVER,50.0,-2.5,,0.6,OVER,101,93,64,29,68.82,58.81,77.33,10.96,-4.8,26.72,10.194,0.769,13
HR≥50.0/EDG≥-2.5/TP≥40.0/CV≤0.6/OVER,50.0,-2.5,40.0,0.6,OVER,101,93,64,29,68.82,58.81,77.33,10.96,-4.8,26.72,10.194,0.769,13
HR≥50.0/EDG≥-5.0/TP≥40.0/CV≤0.7/ANY,50.0,-5.0,40.0,0.7,ANY,131,120,81,39,67.5,58.69,75.22,10.94,-3.44,25.32,13.127,0.692,13
HR≥-/EDG≥-/TP≥55.0/CV≤0.45/OVER,,,55.0,0.45,OVER,100,90,65,25,72.22,62.2,80.42,10.93,-3.51,25.37,9.837,0.667,12
HR≥50.0/EDG≥-5.0/TP≥50.0/CV≤0.6/ANY,50.0,-5.0,50.0,0.6,ANY,103,93,66,27,70.97,61.06,79.21,10.91,-3.86,25.67,10.142,0.769,13
HR≥-/EDG≥2.5/TP≥40.0/CV≤0.35/ANY,,2.5,40.0,0.35,ANY,63,57,35,22,61.4,48.43,72.94,10.89,-13.03,34.82,6.208,0.5,12
HR≥50.0/EDG≥0.0/TP≥40.0/CV≤0.5/ANY,50.0,0.0,40.0,0.5,ANY,85,77,50,27,64.94,53.8,74.65,10.86,-8.13,29.85,8.364,0.769,13
HR≥50.0/EDG≥-2.5/TP≥55.0/CV≤0.7/OVER,50.0,-2.5,55.0,0.7,OVER,77,71,52,19,73.24,61.95,82.15,10.84,-5.03,26.7,7.694,0.583,12
HR≥50.0/EDG≥-2.5/TP≥40.0/CV≤0.5/ANY,50.0,-2.5,40.0,0.5,ANY,97,89,59,30,66.29,55.98,75.26,10.83,-6.32,27.97,9.635,0.769,13
HR≥50.0/EDG≥-2.5/TP≥55.0/CV≤-/ANY,50.0,-2.5,55.0,,ANY,81,74,54,20,72.97,61.91,81.77,10.81,-4.83,26.45,8.0,0.667,12
HR≥50.0/EDG≥-5.0/TP≥40.0/CV≤0.55/ANY,50.0,-5.0,40.0,0.55,ANY,112,101,67,34,66.34,56.67,74.8,10.78,-5.3,26.86,10.889,0.615,13
HR≥50.0/EDG≥-5.0/TP≥55.0/CV≤-/OVER,50.0,-5.0,55.0,,OVER,89,80,59,21,73.75,63.18,82.14,10.78,-3.96,25.51,8.621,0.583,12
HR≥50.0/EDG≥-2.5/TP≥-/CV≤0.7/ANY,50.0,-2.5,,0.7,ANY,122,113,75,38,66.37,57.25,74.42,10.72,-4.5,25.94,12.113,0.692,13
HR≥-/EDG≥0.0/TP≥-/CV≤0.45/OVER,,0.0,,0.45,OVER,122,110,67,43,60.91,51.57,69.51,10.69,-6.61,27.99,11.758,0.538,13
HR≥-/EDG≥0.0/TP≥40.0/CV≤0.45/OVER,,0.0,40.0,0.45,OVER,122,110,67,43,60.91,51.57,69.51,10.69,-6.61,27.99,11.758,0.538,13
HR≥50.0/EDG≥-5.0/TP≥50.0/CV≤-/OVER,50.0,-5.0,50.0,,OVER,112,100,71,29,71.0,61.46,78.99,10.69,-3.52,24.89,10.686,0.692,13
HR≥50.0/EDG≥-5.0/TP≥55.0/CV≤0.55/OVER,50.0,-5.0,55.0,0.55,OVER,71,63,46,17,73.02,60.97,82.42,10.69,-6.23,27.61,6.734,0.75,12
HR≥50.0/EDG≥-2.5/TP≥55.0/CV≤0.6/ANY,50.0,-2.5,55.0,0.6,ANY,76,70,51,19,72.86,61.46,81.88,10.69,-5.43,26.81,7.482,0.667,12
HR≥-/EDG≥-5.0/TP≥-/CV≤0.7/OVER,,-5.0,,0.7,OVER,253,233,146,87,62.66,56.29,68.62,10.66,-0.78,22.09,24.827,0.538,13
HR≥-/EDG≥-5.0/TP≥40.0/CV≤0.7/OVER,,-5.0,40.0,0.7,OVER,253,233,146,87,62.66,56.29,68.62,10.66,-0.78,22.09,24.827,0.538,13
HR≥50.0/EDG≥-/TP≥55.0/CV≤0.6/ANY,50.0,,55.0,0.6,ANY,114,105,77,28,73.33,64.16,80.86,10.66,-2.32,23.64,11.193,0.75,12
HR≥-/EDG≥-5.0/TP≥-/CV≤0.6/OVER,,-5.0,,0.6,OVER,233,213,133,80,62.44,55.77,68.67,10.58,-1.43,22.59,22.533,0.615,13
HR≥-/EDG≥-5.0/TP≥40.0/CV≤0.6/OVER,,-5.0,40.0,0.6,OVER,233,213,133,80,62.44,55.77,68.67,10.58,-1.43,22.59,22.533,0.615,13
HR≥50.0/EDG≥-2.5/TP≥-/CV≤-/ANY,50.0,-2.5,,,ANY,131,120,79,41,65.83,56.97,73.71,10.58,-4.33,25.48,12.69,0.692,13
HR≥50.0/EDG≥-5.0/TP≥40.0/CV≤0.6/ANY,50.0,-5.0,40.0,0.6,ANY,126,115,77,38,66.96,57.93,74.88,10.54,-4.28,25.36,12.118,0.692,13
HR≥50.0/EDG≥-2.5/TP≥-/CV≤0.6/ANY,50.0,-2.5,,0.6,ANY,118,109,72,37,66.06,56.75,74.26,10.52,-5.06,26.1,11.468,0.692,13
HR≥-/EDG≥-/TP≥50.0/CV≤0.35/ANY,,,50.0,0.35,ANY,80,72,49,23,68.06,56.61,77.67,10.51,-7.41,28.42,7.566,0.583,12
HR≥55.0/EDG≥-2.5/TP≥-/CV≤0.7/OVER,55.0,-2.5,,0.7,OVER,63,58,41,17,70.69,57.99,80.82,10.51,-8.48,29.51,6.097,0.5,12
HR≥55.0/EDG≥-2.5/TP≥40.0/CV≤0.7/OVER,55.0,-2.5,40.0,0.7,OVER,63,58,41,17,70.69,57.99,80.82,10.51,-8.48,29.51,6.097,0.5,12
HR≥50.0/EDG≥-/TP≥55.0/CV≤0.5/OVER,50.0,,55.0,0.5,OVER,86,78,57,21,73.08,62.32,81.66,10.34,-4.77,25.45,8.064,0.75,12
HR≥-/EDG≥-/TP≥-/CV≤0.35/OVER,,,,0.35,OVER,78,70,44,26,62.86,51.15,73.23,10.33,-10.6,31.26,7.23,0.667,12
HR≥-/EDG≥-/TP≥40.0/CV≤0.35/OVER,,,40.0,0.35,OVER,78,70,44,26,62.86,51.15,73.23,10.33,-10.6,31.26,7.23,0.667,12
HR≥50.0/EDG≥-/TP≥55.0/CV≤0.5/ANY,50.0,,55.0,0.5,ANY,92,84,61,23,72.62,62.25,81.01,10.27,-4.46,25.0,8.626,0.75,12
HR≥50.0/EDG≥-2.5/TP≥55.0/CV≤0.55/ANY,50.0,-2.5,55.0,0.55,ANY,67,61,44,17,72.13,59.83,81.81,10.25,-7.26,27.77,6.254,0.667,12
HR≥50.0/EDG≥-2.5/TP≥50.0/CV≤0.6/ANY,50.0,-2.5,50.0,0.6,ANY,95,87,61,26,70.11,59.81,78.72,10.23,-5.25,25.72,8.902,0.769,13
HR≥50.0/EDG≥-/TP≥55.0/CV≤0.55/ANY,50.0,,55.0,0.55,ANY,101,92,67,25,72.83,62.96,80.86,10.15,-3.83,24.14,9.34,0.667,12
HR≥50.0/EDG≥-/TP≥55.0/CV≤0.6/OVER,50.0,,55.0,0.6,OVER,107,98,72,26,73.47,63.96,81.2,10.14,-3.18,23.45,9.936,0.667,12
HR≥-/EDG≥5.0/TP≥-/CV≤0.55/OVER,,5.0,,0.55,OVER,136,123,73,50,59.35,50.51,67.62,10.04,-6.68,26.76,12.349,0.462,13
HR≥-/EDG≥5.0/TP≥40.0/CV≤0.55/OVER,,5.0,40.0,0.55,OVER,136,123,73,50,59.35,50.51,67.62,10.04,-6.68,26.76,12.349,0.462,13
HR≥-/EDG≥-2.5/TP≥-/CV≤0.55/OVER,,-2.5,,0.55,OVER,191,174,107,67,61.49,54.09,68.4,10.02,-3.45,23.48,17.427,0.615,13
HR≥-/EDG≥-2.5/TP≥40.0/CV≤0.55/OVER,,-2.5,40.0,0.55,OVER,191,174,107,67,61.49,54.09,68.4,10.02,-3.45,23.48,17.427,0.615,13
HR≥50.0/EDG≥0.0/TP≥-/CV≤0.6/ANY,50.0,0.0,,0.6,ANY,103,95,61,34,64.21,54.19,73.13,9.99,-7.28,27.25,9.487,0.692,13
HR≥50.0/EDG≥-2.5/TP≥55.0/CV≤-/OVER,50.0,-2.5,55.0,,OVER,80,73,53,20,72.6,61.44,81.51,9.98,-5.79,25.75,7.286,0.583,12
HR≥50.0/EDG≥2.5/TP≥-/CV≤0.5/ANY,50.0,2.5,,0.5,ANY,76,69,44,25,63.77,51.98,74.1,9.92,-10.57,30.41,6.843,0.615,13
HR≥50.0/EDG≥-5.0/TP≥50.0/CV≤0.6/OVER,50.0,-5.0,50.0,0.6,OVER,99,89,63,26,70.79,60.64,79.22,9.91,-5.11,24.94,8.824,0.769,13
HR≥50.0/EDG≥-2.5/TP≥50.0/CV≤0.6/OVER,50.0,-2.5,50.0,0.6,OVER,92,84,59,25,70.24,59.75,78.96,9.86,-5.8,25.51,8.278,0.769,13
HR≥-/EDG≥5.0/TP≥-/CV≤-/OVER,,5.0,,,OVER,170,155,92,63,59.35,51.49,66.77,9.82,-5.02,24.66,15.222,0.538,13
HR≥-/EDG≥5.0/TP≥40.0/CV≤-/OVER,,5.0,40.0,,OVER,170,155,92,63,59.35,51.49,66.77,9.82,-5.02,24.66,15.222,0.538,13
HR≥50.0/EDG≥-2.5/TP≥55.0/CV≤0.6/OVER,50.0,-2.5,55.0,0.6,OVER,75,69,50,19,72.46,60.95,81.61,9.81,-6.45,26.07,6.768,0.583,12
HR≥50.0/EDG≥-/TP≥55.0/CV≤0.7/ANY,50.0,,55.0,0.7,ANY,120,111,81,30,72.97,64.05,80.36,9.8,-2.83,22.44,10.882,0.75,12
HR≥50.0/EDG≥0.0/TP≥-/CV≤0.7/ANY,50.0,0.0,,0.7,ANY,106,98,63,35,64.29,54.43,73.07,9.8,-7.13,26.74,9.607,0.692,13
HR≥50.0/EDG≥-5.0/TP≥-/CV≤0.55/OVER,50.0,-5.0,,0.55,OVER,97,87,59,28,67.82,57.43,76.7,9.79,-6.72,26.31,8.521,0.462,13
HR≥50.0/EDG≥-5.0/TP≥40.0/CV≤0.55/OVER,50.0,-5.0,40.0,0.55,OVER,97,87,59,28,67.82,57.43,76.7,9.79,-6.72,26.31,8.521,0.462,13
HR≥-/EDG≥7.5/TP≥-/CV≤0.5/OVER,,7.5,,0.5,OVER,111,100,59,41,59.0,49.2,68.13,9.76,-8.92,28.43,9.759,0.462,13
HR≥-/EDG≥7.5/TP≥40.0/CV≤0.5/OVER,,7.5,40.0,0.5,OVER,111,100,59,41,59.0,49.2,68.13,9.76,-8.92,28.43,9.759,0.462,13
HR≥-/EDG≥-5.0/TP≥55.0/CV≤0.4/ANY,,-5.0,55.0,0.4,ANY,64,57,40,17,70.18,57.34,80.47,9.75,-9.19,28.68,5.555,0.636,11
HR≥50.0/EDG≥-2.5/TP≥-/CV≤0.55/ANY,50.0,-2.5,,0.55,ANY,104,95,62,33,65.26,55.26,74.08,9.73,-7.11,26.56,9.239,0.692,13
HR≥50.0/EDG≥5.0/TP≥40.0/CV≤0.45/ANY,50.0,5.0,40.0,0.45,ANY,57,52,33,19,63.46,49.87,75.2,9.73,-13.92,33.38,5.061,0.667,12
HR≥-/EDG≥7.5/TP≥-/CV≤0.45/OVER,,7.5,,0.45,OVER,88,78,46,32,58.97,47.89,69.22,9.72,-11.51,30.96,7.585,0.417,12
HR≥-/EDG≥7.5/TP≥40.0/CV≤0.45/OVER,,7.5,40.0,0.45,OVER,88,78,46,32,58.97,47.89,69.22,9.72,-11.51,30.96,7.585,0.417,12
HR≥55.0/EDG≥-5.0/TP≥55.0/CV≤0.7/ANY,55.0,-5.0,55.0,0.7,ANY,61,56,41,15,73.21,60.41,83.04,9.69,-8.07,27.45,5.427,0.75,12
HR≥-/EDG≥-5.0/TP≥55.0/CV≤0.45/OVER,,-5.0,55.0,0.45,OVER,74,66,47,19,71.21,59.36,80.73,9.68,-7.43,26.79,6.391,0.75,12
HR≥-/EDG≥-2.5/TP≥-/CV≤-/OVER,,-2.5,,,OVER,250,229,141,88,61.57,55.13,67.63,9.67,-2.0,21.34,22.136,0.538,13
HR≥-/EDG≥-2.5/TP≥40.0/CV≤-/OVER,,-2.5,40.0,,OVER,250,229,141,88,61.57,55.13,67.63,9.67,-2.0,21.34,22.136,0.538,13
HR≥50.0/EDG≥-/TP≥50.0/CV≤0.7/OVER,50.0,,50.0,0.7,OVER,137,126,90,36,71.43,63.0,78.59,9.64,-2.74,22.01,12.141,0.692,13
HR≥50.0/EDG≥0.0/TP≥-/CV≤0.55/ANY,50.0,0.0,,0.55,ANY,91,83,53,30,63.86,53.12,73.37,9.6,-8.94,28.14,7.968,0.692,13
HR≥-/EDG≥-2.5/TP≥-/CV≤0.7/OVER,,-2.5,,0.7,OVER,234,216,133,83,61.57,54.94,67.81,9.56,-2.45,21.58,20.659,0.538,13
HR≥-/EDG≥-2.5/TP≥40.0/CV≤0.7/OVER,,-2.5,40.0,0.7,OVER,234,216,133,83,61.57,54.94,67.81,9.56,-2.45,21.58,20.659,0.538,13
HR≥-/EDG≥-2.5/TP≥55.0/CV≤0.45/OVER,,-2.5,55.0,0.45,OVER,69,62,44,18,70.97,58.71,80.78,9.55,-8.18,27.29,5.922,0.75,12
HR≥50.0/EDG≥-2.5/TP≥50.0/CV≤0.5/ANY,50.0,-2.5,50.0,0.5,ANY,80,72,50,22,69.44,58.05,78.87,9.54,-7.63,26.71,6.87,0.615,13
HR≥-/EDG≥10.0/TP≥-/CV≤0.5/OVER,,10.0,,0.5,OVER,104,93,54,39,58.06,47.91,67.58,9.51,-10.16,29.17,8.841,0.462,13
HR≥-/EDG≥10.0/TP≥40.0/CV≤0.5/OVER,,10.0,40.0,0.5,OVER,104,93,54,39,58.06,47.91,67.58,9.51,-10.16,29.17,8.841,0.462,13
HR≥50.0/EDG≥-/TP≥55.0/CV≤0.55/OVER,50.0,,55.0,0.55,OVER,94,85,62,23,72.94,62.66,81.24,9.51,-4.9,23.92,8.084,0.667,12
HR≥-/EDG≥-5.0/TP≥-/CV≤-/OVER,,-5.0,,,OVER,273,250,155,95,62.0,55.84,67.79,9.49,-1.57,20.56,23.73,0.538,13
HR≥-/EDG≥-5.0/TP≥40.0/CV≤-/OVER,,-5.0,40.0,,OVER,273,250,155,95,62.0,55.84,67.79,9.49,-1.57,20.56,23.73,0.538,13
HR≥-/EDG≥5.0/TP≥-/CV≤0.6/OVER,,5.0,,0.6,OVER,152,139,82,57,58.99,50.68,66.82,9.49,-6.25,25.23,13.191,0.538,13
HR≥-/EDG≥5.0/TP≥40.0/CV≤0.6/OVER,,5.0,40.0,0.6,OVER,152,139,82,57,58.99,50.68,66.82,9.49,-6.25,25.23,13.191,0.538,13
HR≥-/EDG≥10.0/TP≥-/CV≤0.45/OVER,,10.0,,0.45,OVER,81,71,41,30,57.75,46.15,68.55,9.39,-13.32,32.1,6.668,0.417,12
HR≥-/EDG≥10.0/TP≥40.0/CV≤0.45/OVER,,10.0,40.0,0.45,OVER,81,71,41,30,57.75,46.15,68.55,9.39,-13.32,32.1,6.668,0.417,12
HR≥50.0/EDG≥-5.0/TP≥40.0/CV≤-/ANY,50.0,-5.0,40.0,,ANY,143,130,86,44,66.15,57.66,73.72,9.33,-4.68,23.34,12.129,0.692,13
HR≥50.0/EDG≥-/TP≥50.0/CV≤0.6/OVER,50.0,,50.0,0.6,OVER,129,118,84,34,71.19,62.45,78.59,9.26,-3.55,22.08,10.932,0.615,13
HR≥50.0/EDG≥-/TP≥55.0/CV≤0.7/OVER,50.0,,55.0,0.7,OVER,113,104,76,28,73.08,63.84,80.67,9.26,-3.69,22.2,9.626,0.583,12
HR≥50.0/EDG≥-2.5/TP≥55.0/CV≤0.55/OVER,50.0,-2.5,55.0,0.55,OVER,66,60,43,17,71.67,59.23,81.49,9.23,-8.46,26.93,5.539,0.667,12
HR≥55.0/EDG≥-2.5/TP≥-/CV≤0.6/OVER,55.0,-2.5,,0.6,OVER,61,56,39,17,69.64,56.66,80.1,9.23,-10.36,28.82,5.17,0.5,12
HR≥55.0/EDG≥-2.5/TP≥40.0/CV≤0.6/OVER,55.0,-2.5,40.0,0.6,OVER,61,56,39,17,69.64,56.66,80.1,9.23,-10.36,28.82,5.17,0.5,12
HR≥-/EDG≥5.0/TP≥40.0/CV≤0.35/ANY,,5.0,40.0,0.35,ANY,58,53,32,21,60.38,46.94,72.41,9.17,-15.73,34.06,4.858,0.417,12
HR≥-/EDG≥-2.5/TP≥-/CV≤0.6/OVER,,-2.5,,0.6,OVER,217,199,122,77,61.31,54.39,67.8,9.15,-3.39,21.7,18.216,0.615,13
HR≥-/EDG≥-2.5/TP≥40.0/CV≤0.6/OVER,,-2.5,40.0,0.6,OVER,217,199,122,77,61.31,54.39,67.8,9.15,-3.39,21.7,18.216,0.615,13
HR≥-/EDG≥2.5/TP≥-/CV≤0.5/OVER,,2.5,,0.5,OVER,141,128,76,52,59.38,50.71,67.49,9.14,-7.12,25.39,11.695,0.538,13
HR≥-/EDG≥2.5/TP≥40.0/CV≤0.5/OVER,,2.5,40.0,0.5,OVER,141,128,76,52,59.38,50.71,67.49,9.14,-7.12,25.39,11.695,0.538,13
HR≥-/EDG≥7.5/TP≥-/CV≤0.6/OVER,,7.5,,0.6,OVER,135,124,73,51,58.87,50.07,67.14,9.14,-7.54,25.82,11.33,0.538,13
HR≥-/EDG≥7.5/TP≥40.0/CV≤0.6/OVER,,7.5,40.0,0.6,OVER,135,124,73,51,58.87,50.07,67.14,9.14,-7.54,25.82,11.33,0.538,13
HR≥-/EDG≥-/TP≥40.0/CV≤0.5/OVER,,,40.0,0.5,OVER,271,247,152,95,61.54,55.34,67.38,9.11,-2.13,20.34,22.49,0.615,13
HR≥50.0/EDG≥-2.5/TP≥50.0/CV≤0.5/OVER,50.0,-2.5,50.0,0.5,OVER,77,69,48,21,69.57,57.92,79.15,9.05,-8.35,26.46,6.246,0.538,13
HR≥55.0/EDG≥-5.0/TP≥50.0/CV≤0.7/OVER,55.0,-5.0,50.0,0.7,OVER,66,60,43,17,71.67,59.23,81.49,8.94,-8.85,26.73,5.365,0.5,12
HR≥50.0/EDG≥-2.5/TP≥-/CV≤0.55/OVER,50.0,-2.5,,0.55,OVER,90,82,55,27,67.07,56.34,76.28,8.92,-8.22,26.06,7.316,0.462,13
HR≥50.0/EDG≥-2.5/TP≥40.0/CV≤0.55/OVER,50.0,-2.5,40.0,0.55,OVER,90,82,55,27,67.07,56.34,76.28,8.92,-8.22,26.06,7.316,0.462,13
HR≥-/EDG≥7.5/TP≥-/CV≤-/OVER,,7.5,,,OVER,148,136,80,56,58.82,50.42,66.74,8.91,-6.98,24.8,12.12,0.538,13
HR≥-/EDG≥7.5/TP≥40.0/CV≤-/OVER,,7.5,40.0,,OVER,148,136,80,56,58.82,50.42,66.74,8.91,-6.98,24.8,12.12,0.538,13
HR≥50.0/EDG≥-5.0/TP≥50.0/CV≤0.5/ANY,50.0,-5.0,50.0,0.5,ANY,84,75,52,23,69.33,58.17,78.61,8.85,-7.91,25.62,6.639,0.615,13
HR≥55.0/EDG≥-/TP≥50.0/CV≤0.6/OVER,55.0,,50.0,0.6,OVER,84,78,56,22,71.79,60.97,80.57,8.85,-6.65,24.34,6.9,0.5,12
HR≥50.0/EDG≥0.0/TP≥-/CV≤0.7/OVER,50.0,0.0,,0.7,OVER,91,83,55,28,66.27,55.58,75.52,8.84,-8.47,26.14,7.333,0.692,13
HR≥50.0/EDG≥0.0/TP≥40.0/CV≤0.7/OVER,50.0,0.0,40.0,0.7,OVER,91,83,55,28,66.27,55.58,75.52,8.84,-8.47,26.14,7.333,0.692,13
HR≥50.0/EDG≥0.0/TP≥-/CV≤0.5/OVER,50.0,0.0,,0.5,OVER,75,67,44,23,65.67,53.73,75.91,8.79,-10.77,28.36,5.891,0.615,13
HR≥50.0/EDG≥0.0/TP≥40.0/CV≤0.5/OVER,50.0,0.0,40.0,0.5,OVER,75,67,44,23,65.67,53.73,75.91,8.79,-10.77,28.36,5.891,0.615,13
HR≥-/EDG≥-/TP≥-/CV≤0.5/OVER,,,,0.5,OVER,273,249,153,96,61.45,55.27,67.27,8.78,-2.4,19.95,21.853,0.615,13
HR≥50.0/EDG≥2.5/TP≥-/CV≤0.55/ANY,50.0,2.5,,0.55,ANY,78,71,45,26,63.38,51.76,73.63,8.77,-11.39,28.93,6.228,0.615,13
HR≥-/EDG≥7.5/TP≥-/CV≤0.55/OVER,,7.5,,0.55,OVER,120,109,64,45,58.72,49.33,67.51,8.7,-9.09,26.5,9.488,0.462,13
HR≥-/EDG≥7.5/TP≥40.0/CV≤0.55/OVER,,7.5,40.0,0.55,OVER,120,109,64,45,58.72,49.33,67.51,8.7,-9.09,26.5,9.488,0.462,13
HR≥55.0/EDG≥-2.5/TP≥-/CV≤-/OVER,55.0,-2.5,,,OVER,65,59,41,18,69.49,56.85,79.75,8.64,-10.39,27.67,5.097,0.5,12
HR≥55.0/EDG≥-2.5/TP≥40.0/CV≤-/OVER,55.0,-2.5,40.0,,OVER,65,59,41,18,69.49,56.85,79.75,8.64,-10.39,27.67,5.097,0.5,12
HR≥55.0/EDG≥-5.0/TP≥55.0/CV≤0.7/OVER,55.0,-5.0,55.0,0.7,OVER,60,55,40,15,72.73,59.77,82.72,8.57,-9.38,26.51,4.713,0.667,12
HR≥50.0/EDG≥-5.0/TP≥50.0/CV≤0.55/ANY,50.0,-5.0,50.0,0.55,ANY,91,81,56,25,69.14,58.4,78.14,8.53,-7.62,24.69,6.913,0.615,13
HR≥50.0/EDG≥-/TP≥50.0/CV≤-/OVER,50.0,,50.0,,OVER,149,135,95,40,70.37,62.19,77.42,8.48,-3.66,20.61,11.444,0.615,13
HR≥-/EDG≥0.0/TP≥-/CV≤0.7/OVER,,0.0,,0.7,OVER,207,190,114,76,60.0,52.9,66.7,8.45,-4.61,21.5,16.046,0.538,13
HR≥-/EDG≥0.0/TP≥40.0/CV≤0.7/OVER,,0.0,40.0,0.7,OVER,207,190,114,76,60.0,52.9,66.7,8.45,-4.61,21.5,16.046,0.538,13
HR≥-/EDG≥2.5/TP≥-/CV≤0.7/OVER,,2.5,,0.7,OVER,186,170,101,69,59.41,51.9,66.51,8.45,-5.53,22.43,14.363,0.538,13
HR≥-/EDG≥2.5/TP≥40.0/CV≤0.7/OVER,,2.5,40.0,0.7,OVER,186,170,101,69,59.41,51.9,66.51,8.45,-5.53,22.43,14.363,0.538,13
HR≥-/EDG≥-/TP≥50.0/CV≤0.5/OVER,,,50.0,0.5,OVER,173,155,105,50,67.74,60.03,74.6,8.43,-3.59,20.44,13.063,0.615,13
HR≥-/EDG≥-/TP≥50.0/CV≤0.4/OVER,,,50.0,0.4,OVER,93,82,56,26,68.29,57.6,77.35,8.41,-7.94,24.77,6.9,0.615,13
HR≥-/EDG≥10.0/TP≥-/CV≤0.55/OVER,,10.0,,0.55,OVER,113,102,59,43,57.84,48.15,66.97,8.4,-10.25,27.05,8.571,0.462,13
HR≥-/EDG≥10.0/TP≥40.0/CV≤0.55/OVER,,10.0,40.0,0.55,OVER,113,102,59,43,57.84,48.15,66.97,8.4,-10.25,27.05,8.571,0.462,13
HR≥50.0/EDG≥-2.5/TP≥40.0/CV≤0.7/ANY,50.0,-2.5,40.0,0.7,ANY,120,111,73,38,65.77,56.54,73.93,8.39,-6.75,23.53,9.313,0.692,13
HR≥50.0/EDG≥-5.0/TP≥60.0/CV≤0.7/ANY,50.0,-5.0,60.0,0.7,ANY,61,56,42,14,75.0,62.31,84.48,8.38,-8.25,25.0,4.692,0.583,12
HR≥50.0/EDG≥-5.0/TP≥60.0/CV≤0.7/OVER,50.0,-5.0,60.0,0.7,OVER,61,56,42,14,75.0,62.31,84.48,8.38,-8.25,25.0,4.692,0.583,12
HR≥50.0/EDG≥-2.5/TP≥40.0/CV≤-/ANY,50.0,-2.5,40.0,,ANY,129,118,77,41,65.25,56.3,73.24,8.38,-6.46,23.22,9.89,0.692,13
HR≥50.0/EDG≥-5.0/TP≥50.0/CV≤0.5/OVER,50.0,-5.0,50.0,0.5,OVER,81,72,50,22,69.44,58.05,78.87,8.35,-8.62,25.33,6.015,0.538,13
HR≥-/EDG≥2.5/TP≥-/CV≤-/OVER,,2.5,,,OVER,198,180,107,73,59.44,52.15,66.35,8.34,-5.23,21.9,15.006,0.538,13
HR≥-/EDG≥2.5/TP≥40.0/CV≤-/OVER,,2.5,40.0,,OVER,198,180,107,73,59.44,52.15,66.35,8.34,-5.23,21.9,15.006,0.538,13
HR≥50.0/EDG≥-2.5/TP≥40.0/CV≤0.55/ANY,50.0,-2.5,40.0,0.55,ANY,103,94,61,33,64.89,54.83,73.78,8.29,-8.49,25.07,7.789,0.615,13
HR≥55.0/EDG≥-/TP≥50.0/CV≤0.5/OVER,55.0,,50.0,0.5,OVER,71,65,46,19,70.77,58.8,80.42,8.29,-9.04,25.63,5.392,0.583,12
HR≥-/EDG≥-/TP≥40.0/CV≤0.45/OVER,,,40.0,0.45,OVER,215,196,120,76,61.22,54.25,67.77,8.26,-4.33,20.85,16.186,0.538,13
HR≥-/EDG≥-2.5/TP≥50.0/CV≤0.4/OVER,,-2.5,50.0,0.4,OVER,61,53,36,17,67.92,54.52,78.91,8.26,-12.24,28.76,4.378,0.538,13
HR≥-/EDG≥0.0/TP≥-/CV≤-/OVER,,0.0,,,OVER,221,202,121,81,59.9,53.02,66.41,8.22,-4.44,20.89,16.614,0.538,13
HR≥-/EDG≥0.0/TP≥40.0/CV≤-/OVER,,0.0,40.0,,OVER,221,202,121,81,59.9,53.02,66.41,8.22,-4.44,20.89,16.614,0.538,13
HR≥-/EDG≥-/TP≥-/CV≤0.4/OVER,,,,0.4,OVER,148,135,83,52,61.48,53.06,69.26,8.21,-6.91,23.33,11.085,0.615,13
HR≥-/EDG≥-/TP≥40.0/CV≤0.4/OVER,,,40.0,0.4,OVER,148,135,83,52,61.48,53.06,69.26,8.21,-6.91,23.33,11.085,0.615,13
HR≥-/EDG≥10.0/TP≥-/CV≤0.7/OVER,,10.0,,0.7,OVER,132,121,70,51,57.85,48.94,66.28,8.21,-8.86,25.27,9.93,0.462,13
HR≥-/EDG≥10.0/TP≥40.0/CV≤0.7/OVER,,10.0,40.0,0.7,OVER,132,121,70,51,57.85,48.94,66.28,8.21,-8.86,25.27,9.93,0.462,13
HR≥55.0/EDG≥-5.0/TP≥50.0/CV≤0.7/ANY,55.0,-5.0,50.0,0.7,ANY,68,62,44,18,70.97,58.71,80.78,8.19,-9.48,25.87,5.079,0.583,12
HR≥55.0/EDG≥-/TP≥50.0/CV≤0.55/OVER,55.0,,50.0,0.55,OVER,75,69,49,20,71.01,59.43,80.38,8.16,-8.54,24.85,5.627,0.583,12
HR≥50.0/EDG≥5.0/TP≥-/CV≤0.5/ANY,50.0,5.0,,0.5,ANY,67,61,38,23,62.3,49.75,73.39,8.15,-13.92,30.21,4.969,0.667,12
HR≥55.0/EDG≥-5.0/TP≥-/CV≤0.5/ANY,55.0,-5.0,,0.5,ANY,65,59,39,20,66.1,53.37,76.86,8.13,-12.61,28.87,4.797,0.5,12
HR≥-/EDG≥-/TP≥60.0/CV≤0.45/OVER,,,60.0,0.45,OVER,55,50,37,13,74.0,60.45,84.13,8.12,-9.92,26.16,4.059,0.667,12
HR≥50.0/EDG≥-2.5/TP≥50.0/CV≤0.45/ANY,50.0,-2.5,50.0,0.45,ANY,68,61,42,19,68.85,56.41,79.06,8.12,-10.55,26.79,4.953,0.615,13
HR≥50.0/EDG≥-2.5/TP≥40.0/CV≤0.6/ANY,50.0,-2.5,40.0,0.6,ANY,116,107,70,37,65.42,56.02,73.76,8.1,-7.41,23.61,8.668,0.692,13
HR≥55.0/EDG≥-/TP≥55.0/CV≤0.6/ANY,55.0,,55.0,0.6,ANY,77,72,52,20,72.22,60.95,81.24,8.1,-7.68,23.87,5.829,0.5,12
HR≥-/EDG≥-/TP≥55.0/CV≤0.5/OVER,,,55.0,0.5,OVER,127,114,80,34,70.18,61.23,77.8,8.04,-5.08,21.17,9.169,0.667,12
HR≥55.0/EDG≥-/TP≥-/CV≤0.5/OVER,55.0,,,0.5,OVER,78,71,49,22,69.01,57.52,78.56,8.02,-9.39,25.42,5.692,0.583,12
HR≥55.0/EDG≥-/TP≥40.0/CV≤0.5/OVER,55.0,,40.0,0.5,OVER,78,71,49,22,69.01,57.52,78.56,8.02,-9.39,25.42,5.692,0.583,12
HR≥50.0/EDG≥-/TP≥55.0/CV≤-/ANY,50.0,,55.0,,ANY,128,117,84,33,71.79,63.05,79.16,7.99,-4.46,20.45,9.35,0.583,12
HR≥50.0/EDG≥-/TP≥-/CV≤0.45/OVER,50.0,,,0.45,OVER,99,90,61,29,67.78,57.57,76.53,7.96,-8.02,23.94,7.165,0.615,13
HR≥50.0/EDG≥0.0/TP≥40.0/CV≤0.55/ANY,50.0,0.0,40.0,0.55,ANY,90,82,52,30,63.41,52.61,73.02,7.95,-10.53,26.43,6.518,0.615,13
HR≥50.0/EDG≥-2.5/TP≥50.0/CV≤0.55/ANY,50.0,-2.5,50.0,0.55,ANY,84,76,52,24,68.42,57.3,77.77,7.93,-8.93,24.78,6.023,0.615,13
HR≥50.0/EDG≥2.5/TP≥40.0/CV≤0.5/ANY,50.0,2.5,40.0,0.5,ANY,75,68,43,25,63.24,51.36,73.7,7.93,-12.49,28.35,5.393,0.615,13
HR≥50.0/EDG≥0.0/TP≥-/CV≤-/ANY,50.0,0.0,,,ANY,112,103,65,38,63.11,53.47,71.8,7.89,-8.73,24.5,8.124,0.692,13
HR≥50.0/EDG≥0.0/TP≥-/CV≤-/OVER,50.0,0.0,,,OVER,96,87,57,30,65.52,55.06,74.66,7.87,-9.14,24.89,6.851,0.615,13
HR≥50.0/EDG≥0.0/TP≥40.0/CV≤-/OVER,50.0,0.0,40.0,,OVER,96,87,57,30,65.52,55.06,74.66,7.87,-9.14,24.89,6.851,0.615,13
HR≥-/EDG≥-/TP≥-/CV≤0.45/OVER,,,,0.45,OVER,217,198,121,77,61.11,54.17,67.63,7.85,-4.66,20.37,15.549,0.538,13
HR≥50.0/EDG≥0.0/TP≥50.0/CV≤0.7/ANY,50.0,0.0,50.0,0.7,ANY,85,77,52,25,67.53,56.46,76.94,7.85,-9.23,24.92,6.041,0.615,13
HR≥55.0/EDG≥-5.0/TP≥55.0/CV≤0.6/ANY,55.0,-5.0,55.0,0.6,ANY,58,53,38,15,71.7,58.43,82.03,7.81,-10.83,26.44,4.137,0.667,12
HR≥55.0/EDG≥-5.0/TP≥55.0/CV≤-/ANY,55.0,-5.0,55.0,,ANY,62,57,41,16,71.93,59.17,81.92,7.77,-10.08,25.61,4.427,0.667,12
HR≥-/EDG≥-/TP≥55.0/CV≤0.4/ANY,,,55.0,0.4,ANY,101,91,63,28,69.23,59.13,77.77,7.75,-7.24,22.75,7.056,0.75,12
HR≥50.0/EDG≥2.5/TP≥-/CV≤0.45/OVER,50.0,2.5,,0.45,OVER,57,51,33,18,64.71,50.99,76.37,7.7,-15.14,30.54,3.926,0.615,13
HR≥50.0/EDG≥2.5/TP≥40.0/CV≤0.45/OVER,50.0,2.5,40.0,0.45,OVER,57,51,33,18,64.71,50.99,76.37,7.7,-15.14,30.54,3.926,0.615,13
HR≥50.0/EDG≥0.0/TP≥-/CV≤0.6/OVER,50.0,0.0,,0.6,OVER,89,81,53,28,65.43,54.59,74.88,7.67,-9.98,25.32,6.214,0.692,13
HR≥50.0/EDG≥0.0/TP≥40.0/CV≤0.6/OVER,50.0,0.0,40.0,0.6,OVER,89,81,53,28,65.43,54.59,74.88,7.67,-9.98,25.32,6.214,0.692,13
HR≥50.0/EDG≥-/TP≥40.0/CV≤0.45/OVER,50.0,,40.0,0.45,OVER,98,89,60,29,67.42,57.13,76.26,7.64,-8.51,23.79,6.801,0.615,13
HR≥55.0/EDG≥-/TP≥50.0/CV≤0.45/OVER,55.0,,50.0,0.45,OVER,58,52,37,15,71.15,57.73,81.67,7.64,-11.43,26.7,3.97,0.667,12
HR≥-/EDG≥0.0/TP≥-/CV≤0.55/OVER,,0.0,,0.55,OVER,171,155,92,63,59.35,51.49,66.77,7.63,-6.92,22.17,11.819,0.615,13
HR≥-/EDG≥0.0/TP≥40.0/CV≤0.55/OVER,,0.0,40.0,0.55,OVER,171,155,92,63,59.35,51.49,66.77,7.63,-6.92,22.17,11.819,0.615,13
HR≥-/EDG≥10.0/TP≥-/CV≤0.6/OVER,,10.0,,0.6,OVER,126,115,66,49,57.39,48.26,66.05,7.58,-9.98,25.15,8.722,0.462,13
HR≥-/EDG≥10.0/TP≥40.0/CV≤0.6/OVER,,10.0,40.0,0.6,OVER,126,115,66,49,57.39,48.26,66.05,7.58,-9.98,25.15,8.722,0.462,13
HR≥-/EDG≥-5.0/TP≥50.0/CV≤0.7/OVER,,-5.0,50.0,0.7,OVER,170,155,104,51,67.1,59.36,74.0,7.53,-4.58,19.63,11.669,0.538,13
HR≥-/EDG≥0.0/TP≥-/CV≤0.6/OVER,,0.0,,0.6,OVER,192,175,104,71,59.43,52.03,66.43,7.5,-6.16,21.16,13.129,0.615,13
HR≥-/EDG≥0.0/TP≥40.0/CV≤0.6/OVER,,0.0,40.0,0.6,OVER,192,175,104,71,59.43,52.03,66.43,7.5,-6.16,21.16,13.129,0.615,13
HR≥-/EDG≥2.5/TP≥-/CV≤0.45/OVER,,2.5,,0.45,OVER,115,104,61,43,58.65,49.05,67.65,7.49,-10.59,25.57,7.786,0.538,13
HR≥-/EDG≥2.5/TP≥40.0/CV≤0.45/OVER,,2.5,40.0,0.45,OVER,115,104,61,43,58.65,49.05,67.65,7.49,-10.59,25.57,7.786,0.538,13
HR≥50.0/EDG≥-2.5/TP≥50.0/CV≤0.45/OVER,50.0,-2.5,50.0,0.45,OVER,65,58,40,18,68.97,56.2,79.38,7.46,-11.5,26.43,4.33,0.538,13
HR≥55.0/EDG≥-/TP≥50.0/CV≤0.7/OVER,55.0,,50.0,0.7,OVER,89,83,59,24,71.08,60.57,79.73,7.46,-7.61,22.53,6.19,0.5,12
HR≥50.0/EDG≥2.5/TP≥-/CV≤0.6/ANY,50.0,2.5,,0.6,ANY,88,81,51,30,62.96,52.08,72.67,7.45,-11.29,26.19,6.033,0.692,13
HR≥-/EDG≥-5.0/TP≥55.0/CV≤0.5/OVER,,-5.0,55.0,0.5,OVER,91,82,57,25,69.51,58.86,78.42,7.44,-8.21,23.09,6.102,0.667,12
HR≥55.0/EDG≥-2.5/TP≥55.0/CV≤0.7/ANY,55.0,-2.5,55.0,0.7,ANY,56,52,37,15,71.15,57.73,81.67,7.44,-11.56,26.44,3.868,0.667,12
HR≥50.0/EDG≥-2.5/TP≥50.0/CV≤0.55/OVER,50.0,-2.5,50.0,0.55,OVER,81,73,50,23,68.49,57.14,78.0,7.4,-9.68,24.47,5.4,0.538,13
HR≥-/EDG≥-/TP≥50.0/CV≤0.45/OVER,,,50.0,0.45,OVER,135,120,81,39,67.5,58.69,75.22,7.38,-6.22,20.98,8.859,0.538,13
HR≥50.0/EDG≥-5.0/TP≥50.0/CV≤0.45/ANY,50.0,-5.0,50.0,0.45,ANY,72,64,44,20,68.75,56.61,78.77,7.38,-10.77,25.52,4.722,0.615,13
HR≥50.0/EDG≥-/TP≥55.0/CV≤-/OVER,50.0,,55.0,,OVER,121,110,79,31,71.82,62.78,79.38,7.36,-5.39,20.11,8.094,0.5,12
HR≥55.0/EDG≥-/TP≥-/CV≤0.45/OVER,55.0,,,0.45,OVER,65,58,40,18,68.97,56.2,79.38,7.36,-11.85,26.57,4.27,0.667,12
HR≥55.0/EDG≥-/TP≥40.0/CV≤0.45/OVER,55.0,,40.0,0.45,OVER,65,58,40,18,68.97,56.2,79.38,7.36,-11.85,26.57,4.27,0.667,12
HR≥50.0/EDG≥-/TP≥50.0/CV≤0.7/ANY,50.0,,50.0,0.7,ANY,151,140,97,43,69.29,61.21,76.33,7.33,-4.77,19.42,10.259,0.692,13
HR≥50.0/EDG≥0.0/TP≥50.0/CV≤0.7/OVER,50.0,0.0,50.0,0.7,OVER,82,74,50,24,67.57,56.27,77.14,7.32,-10.0,24.64,5.417,0.615,13
HR≥55.0/EDG≥-/TP≥55.0/CV≤0.5/ANY,55.0,,55.0,0.5,ANY,64,59,42,17,71.19,58.62,81.16,7.32,-10.44,25.08,4.321,0.583,12
HR≥55.0/EDG≥-/TP≥-/CV≤0.6/OVER,55.0,,,0.6,OVER,92,85,59,26,69.41,58.95,78.19,7.29,-8.33,22.92,6.2,0.5,12
HR≥55.0/EDG≥-/TP≥40.0/CV≤0.6/OVER,55.0,,40.0,0.6,OVER,92,85,59,26,69.41,58.95,78.19,7.29,-8.33,22.92,6.2,0.5,12
HR≥50.0/EDG≥-5.0/TP≥50.0/CV≤0.55/OVER,50.0,-5.0,50.0,0.55,OVER,87,77,53,24,68.83,57.8,78.07,7.27,-9.21,23.74,5.595,0.538,13
HR≥55.0/EDG≥-/TP≥55.0/CV≤0.55/ANY,55.0,,55.0,0.55,ANY,68,63,45,18,71.43,59.3,81.1,7.23,-9.83,24.29,4.556,0.583,12
HR≥50.0/EDG≥-/TP≥50.0/CV≤0.55/OVER,50.0,,50.0,0.55,OVER,114,103,72,31,69.9,60.46,77.91,7.21,-6.65,21.08,7.43,0.538,13
HR≥55.0/EDG≥-/TP≥55.0/CV≤0.6/OVER,55.0,,55.0,0.6,OVER,76,71,51,20,71.83,60.46,80.96,7.2,-8.69,23.1,5.115,0.5,12
HR≥50.0/EDG≥0.0/TP≥40.0/CV≤0.6/ANY,50.0,0.0,40.0,0.6,ANY,101,93,59,34,63.44,53.3,72.51,7.19,-10.0,24.38,6.687,0.692,13
HR≥-/EDG≥-2.5/TP≥50.0/CV≤-/OVER,,-2.5,50.0,,OVER,166,151,100,51,66.23,58.36,73.28,7.16,-5.29,19.62,10.818,0.615,13
HR≥55.0/EDG≥-5.0/TP≥50.0/CV≤-/OVER,55.0,-5.0,50.0,,OVER,68,61,43,18,70.49,58.11,80.45,7.16,-10.69,25.0,4.365,0.5,12
HR≥55.0/EDG≥-5.0/TP≥50.0/CV≤0.6/OVER,55.0,-5.0,50.0,0.6,OVER,63,57,40,17,70.18,57.34,80.47,7.15,-11.47,25.76,4.075,0.5,12
HR≥-/EDG≥-2.5/TP≥-/CV≤0.4/ANY,,-2.5,,0.4,ANY,133,122,72,50,59.02,50.14,67.34,7.14,-9.36,23.63,8.705,0.692,13
HR≥50.0/EDG≥-/TP≥40.0/CV≤0.7/OVER,50.0,,40.0,0.7,OVER,153,141,96,45,68.09,60.0,75.21,7.14,-5.37,19.65,10.067,0.538,13
HR≥55.0/EDG≥-5.0/TP≥-/CV≤0.7/ANY,55.0,-5.0,,0.7,ANY,79,73,49,24,67.12,55.73,76.81,7.1,-10.92,25.11,5.179,0.583,12
HR≥50.0/EDG≥0.0/TP≥40.0/CV≤0.7/ANY,50.0,0.0,40.0,0.7,ANY,104,96,61,35,63.54,53.57,72.48,7.09,-9.77,23.95,6.807,0.692,13
HR≥50.0/EDG≥2.5/TP≥-/CV≤0.7/OVER,50.0,2.5,,0.7,OVER,78,71,46,25,64.79,53.18,74.88,7.08,-11.96,26.13,5.029,0.615,13
HR≥50.0/EDG≥2.5/TP≥40.0/CV≤0.7/OVER,50.0,2.5,40.0,0.7,OVER,78,71,46,25,64.79,53.18,74.88,7.08,-11.96,26.13,5.029,0.615,13
HR≥50.0/EDG≥-/TP≥50.0/CV≤0.5/OVER,50.0,,50.0,0.5,OVER,105,95,66,29,69.47,59.61,77.83,6.99,-7.57,21.55,6.64,0.615,13
HR≥50.0/EDG≥2.5/TP≥-/CV≤0.7/ANY,50.0,2.5,,0.7,ANY,90,83,52,31,62.65,51.9,72.28,6.93,-11.6,25.46,5.753,0.692,13
HR≥55.0/EDG≥-5.0/TP≥-/CV≤0.55/ANY,55.0,-5.0,,0.55,ANY,67,61,40,21,65.57,53.05,76.25,6.92,-13.47,27.31,4.223,0.5,12
HR≥-/EDG≥-2.5/TP≥50.0/CV≤0.7/OVER,,-2.5,50.0,0.7,OVER,155,142,94,48,66.2,58.08,73.46,6.9,-5.92,19.72,9.801,0.538,13
HR≥50.0/EDG≥-/TP≥-/CV≤0.6/OVER,50.0,,,0.6,OVER,146,134,91,43,67.91,59.6,75.22,6.88,-5.98,19.74,9.221,0.538,13
HR≥-/EDG≥-2.5/TP≥55.0/CV≤0.5/OVER,,-2.5,55.0,0.5,OVER,85,77,53,24,68.83,57.8,78.07,6.86,-9.45,23.17,5.282,0.667,12
HR≥50.0/EDG≥-/TP≥50.0/CV≤0.6/ANY,50.0,,50.0,0.6,ANY,143,132,91,41,68.94,60.6,76.2,6.86,-5.65,19.36,9.049,0.538,13
HR≥50.0/EDG≥0.0/TP≥50.0/CV≤-/ANY,50.0,0.0,50.0,,ANY,90,81,54,27,66.67,55.85,75.97,6.86,-9.96,23.68,5.558,0.538,13
HR≥50.0/EDG≥2.5/TP≥40.0/CV≤0.55/ANY,50.0,2.5,40.0,0.55,ANY,77,70,44,26,62.86,51.15,73.23,6.83,-13.25,26.9,4.778,0.615,13
HR≥55.0/EDG≥-2.5/TP≥50.0/CV≤0.7/OVER,55.0,-2.5,50.0,0.7,OVER,61,56,39,17,69.64,56.66,80.1,6.8,-12.15,25.75,3.807,0.5,12
HR≥-/EDG≥2.5/TP≥-/CV≤0.6/OVER,,2.5,,0.6,OVER,175,159,93,66,58.49,50.72,65.86,6.76,-7.74,21.27,10.756,0.538,13
HR≥-/EDG≥2.5/TP≥40.0/CV≤0.6/OVER,,2.5,40.0,0.6,OVER,175,159,93,66,58.49,50.72,65.86,6.76,-7.74,21.27,10.756,0.538,13
HR≥50.0/EDG≥-5.0/TP≥50.0/CV≤0.45/OVER,50.0,-5.0,50.0,0.45,OVER,69,61,42,19,68.85,56.41,79.06,6.72,-11.69,25.13,4.099,0.538,13
HR≥50.0/EDG≥-/TP≥40.0/CV≤0.6/OVER,50.0,,40.0,0.6,OVER,145,133,90,43,67.67,59.32,75.03,6.66,-6.29,19.61,8.857,0.538,13
HR≥-/EDG≥-5.0/TP≥50.0/CV≤-/OVER,,-5.0,50.0,,OVER,184,167,111,56,66.47,59.01,73.19,6.65,-5.07,18.38,11.112,0.615,13
HR≥55.0/EDG≥-/TP≥55.0/CV≤0.7/ANY,55.0,,55.0,0.7,ANY,82,77,55,22,71.43,60.51,80.31,6.65,-8.68,21.98,5.119,0.583,12
HR≥55.0/EDG≥-/TP≥50.0/CV≤-/OVER,55.0,,50.0,,OVER,93,85,60,25,70.59,60.18,79.21,6.64,-8.31,21.59,5.641,0.5,12
HR≥50.0/EDG≥7.5/TP≥-/CV≤0.5/ANY,50.0,7.5,,0.5,ANY,61,55,34,21,61.82,48.61,73.48,6.63,-16.57,29.84,3.649,0.727,11
HR≥50.0/EDG≥7.5/TP≥-/CV≤0.55/ANY,50.0,7.5,,0.55,ANY,61,55,34,21,61.82,48.61,73.48,6.63,-16.57,29.84,3.649,0.727,11
HR≥55.0/EDG≥-5.0/TP≥55.0/CV≤-/OVER,55.0,-5.0,55.0,,OVER,61,56,40,16,71.43,58.52,81.58,6.63,-11.4,24.66,3.713,0.583,12
HR≥-/EDG≥-/TP≥40.0/CV≤0.55/OVER,,,40.0,0.55,OVER,309,281,170,111,60.5,54.68,66.04,6.61,-3.9,17.11,18.566,0.615,13
HR≥50.0/EDG≥0.0/TP≥55.0/CV≤0.7/ANY,50.0,0.0,55.0,0.7,ANY,65,59,41,18,69.49,56.85,79.75,6.61,-11.74,24.96,3.902,0.667,12
HR≥50.0/EDG≥-/TP≥-/CV≤0.7/OVER,50.0,,,0.7,OVER,156,143,97,46,67.83,59.8,74.94,6.59,-5.83,19.02,9.431,0.538,13
HR≥55.0/EDG≥-5.0/TP≥55.0/CV≤0.6/OVER,55.0,-5.0,55.0,0.6,OVER,57,52,37,15,71.15,57.73,81.67,6.58,-12.26,25.42,3.423,0.583,12
HR≥50.0/EDG≥0.0/TP≥50.0/CV≤0.6/ANY,50.0,0.0,50.0,0.6,ANY,83,75,50,25,66.67,55.42,76.29,6.56,-10.87,23.99,4.921,0.615,13
HR≥-/EDG≥-/TP≥50.0/CV≤0.7/OVER,,,50.0,0.7,OVER,255,231,154,77,66.67,60.36,72.43,6.54,-3.36,16.45,15.109,0.615,13
HR≥-/EDG≥-5.0/TP≥50.0/CV≤0.5/OVER,,-5.0,50.0,0.5,OVER,119,107,71,36,66.36,56.97,74.6,6.53,-8.13,21.2,6.991,0.615,13
HR≥-/EDG≥-/TP≥60.0/CV≤0.45/ANY,,,60.0,0.45,ANY,64,59,43,16,72.88,60.4,82.56,6.48,-10.32,23.28,3.823,0.583,12
HR≥55.0/EDG≥-/TP≥-/CV≤0.55/OVER,55.0,,,0.55,OVER,83,76,52,24,68.42,57.3,77.77,6.48,-10.31,23.27,4.927,0.583,12
HR≥55.0/EDG≥-/TP≥40.0/CV≤0.55/OVER,55.0,,40.0,0.55,OVER,83,76,52,24,68.42,57.3,77.77,6.48,-10.31,23.27,4.927,0.583,12
HR≥55.0/EDG≥-5.0/TP≥50.0/CV≤-/ANY,55.0,-5.0,50.0,,ANY,70,63,44,19,69.84,57.64,79.76,6.48,-11.24,24.19,4.079,0.583,12
HR≥-/EDG≥-5.0/TP≥-/CV≤0.4/ANY,,-5.0,,0.4,ANY,142,130,76,54,58.46,49.87,66.57,6.45,-9.6,22.5,8.39,0.615,13
HR≥60.0/EDG≥-/TP≥55.0/CV≤-/ANY,60.0,,55.0,,ANY,62,56,40,16,71.43,58.52,81.58,6.44,-11.54,24.41,3.605,0.636,11
HR≥50.0/EDG≥-/TP≥50.0/CV≤-/ANY,50.0,,50.0,,ANY,163,149,102,47,68.46,60.61,75.37,6.42,-5.44,18.27,9.561,0.615,13
HR≥50.0/EDG≥-5.0/TP≥60.0/CV≤0.6/ANY,50.0,-5.0,60.0,0.6,ANY,58,53,39,14,73.58,60.42,83.56,6.42,-11.0,23.84,3.402,0.417,12
HR≥50.0/EDG≥-5.0/TP≥60.0/CV≤0.6/OVER,50.0,-5.0,60.0,0.6,OVER,58,53,39,14,73.58,60.42,83.56,6.42,-11.0,23.84,3.402,0.417,12
HR≥55.0/EDG≥-5.0/TP≥50.0/CV≤0.6/ANY,55.0,-5.0,50.0,0.6,ANY,65,59,41,18,69.49,56.85,79.75,6.42,-12.04,24.88,3.789,0.583,12
HR≥50.0/EDG≥5.0/TP≥-/CV≤0.55/ANY,50.0,5.0,,0.55,ANY,68,62,38,24,61.29,48.85,72.42,6.4,-15.57,28.38,3.969,0.667,12
HR≥-/EDG≥-2.5/TP≥50.0/CV≤0.5/OVER,,-2.5,50.0,0.5,OVER,111,100,66,34,66.0,56.28,74.54,6.37,-8.89,21.63,6.371,0.692,13
HR≥50.0/EDG≥-/TP≥-/CV≤0.5/OVER,50.0,,,0.5,OVER,120,109,73,36,66.97,57.7,75.09,6.36,-8.16,20.87,6.93,0.615,13
HR≥-/EDG≥-/TP≥-/CV≤0.55/OVER,,,,0.55,OVER,311,283,171,112,60.42,54.62,65.95,6.34,-4.12,16.79,17.929,0.615,13
HR≥50.0/EDG≥0.0/TP≥50.0/CV≤-/OVER,50.0,0.0,50.0,,OVER,87,78,52,26,66.67,55.64,76.13,6.33,-10.73,23.38,4.935,0.538,13
HR≥50.0/EDG≥2.5/TP≥-/CV≤-/OVER,50.0,2.5,,,OVER,81,73,47,26,64.38,52.93,74.4,6.33,-12.47,25.13,4.621,0.615,13
HR≥50.0/EDG≥2.5/TP≥40.0/CV≤-/OVER,50.0,2.5,40.0,,OVER,81,73,47,26,64.38,52.93,74.4,6.33,-12.47,25.13,4.621,0.615,13
HR≥-/EDG≥-/TP≥50.0/CV≤0.6/OVER,,,50.0,0.6,OVER,227,204,136,68,66.67,59.94,72.77,6.3,-4.22,16.82,12.861,0.538,13
HR≥60.0/EDG≥-/TP≥55.0/CV≤0.6/ANY,60.0,,55.0,0.6,ANY,57,52,37,15,71.15,57.73,81.67,6.28,-12.49,25.05,3.265,0.636,11
HR≥-/EDG≥2.5/TP≥-/CV≤0.55/OVER,,2.5,,0.55,OVER,156,141,82,59,58.16,49.9,65.98,6.25,-9.2,21.69,8.809,0.538,13
HR≥-/EDG≥2.5/TP≥40.0/CV≤0.55/OVER,,2.5,40.0,0.55,OVER,156,141,82,59,58.16,49.9,65.98,6.25,-9.2,21.69,8.809,0.538,13
HR≥50.0/EDG≥-/TP≥40.0/CV≤-/OVER,50.0,,40.0,,OVER,165,150,101,49,67.33,59.48,74.32,6.25,-5.98,18.47,9.37,0.462,13
HR≥50.0/EDG≥-/TP≥50.0/CV≤0.45/OVER,50.0,,50.0,0.45,OVER,86,78,54,24,69.23,58.29,78.37,6.25,-9.79,22.29,4.875,0.615,13
HR≥55.0/EDG≥-/TP≥55.0/CV≤0.5/OVER,55.0,,55.0,0.5,OVER,63,58,41,17,70.69,57.99,80.82,6.22,-11.72,24.15,3.606,0.583,12
HR≥55.0/EDG≥-/TP≥55.0/CV≤0.55/OVER,55.0,,55.0,0.55,OVER,67,62,44,18,70.97,58.71,80.78,6.2,-11.02,23.41,3.842,0.583,12
HR≥55.0/EDG≥-2.5/TP≥55.0/CV≤0.7/OVER,55.0,-2.5,55.0,0.7,OVER,55,51,36,15,70.59,57.0,81.29,6.18,-13.02,25.39,3.154,0.583,12
HR≥-/EDG≥0.0/TP≥-/CV≤0.4/ANY,,0.0,,0.4,ANY,122,111,64,47,57.66,48.36,66.44,6.17,-11.43,23.76,6.844,0.615,13
HR≥50.0/EDG≥2.5/TP≥-/CV≤0.6/OVER,50.0,2.5,,0.6,OVER,77,70,45,25,64.29,52.59,74.5,6.16,-13.08,25.39,4.31,0.615,13
HR≥50.0/EDG≥2.5/TP≥40.0/CV≤0.6/OVER,50.0,2.5,40.0,0.6,OVER,77,70,45,25,64.29,52.59,74.5,6.16,-13.08,25.39,4.31,0.615,13
HR≥55.0/EDG≥-5.0/TP≥50.0/CV≤0.55/ANY,55.0,-5.0,50.0,0.55,ANY,57,51,35,16,68.63,54.97,79.67,6.12,-14.09,26.34,3.123,0.5,12
HR≥-/EDG≥5.0/TP≥-/CV≤0.4/ANY,,5.0,,0.4,ANY,102,93,53,40,56.99,46.85,66.58,6.11,-13.33,25.56,5.686,0.538,13
HR≥55.0/EDG≥-/TP≥-/CV≤0.7/OVER,55.0,,,0.7,OVER,97,90,62,28,68.89,58.72,77.51,6.1,-9.08,21.28,5.49,0.5,12
HR≥55.0/EDG≥-/TP≥40.0/CV≤0.7/OVER,55.0,,40.0,0.7,OVER,97,90,62,28,68.89,58.72,77.51,6.1,-9.08,21.28,5.49,0.5,12
HR≥50.0/EDG≥-/TP≥40.0/CV≤0.5/OVER,50.0,,40.0,0.5,OVER,119,108,72,36,66.67,57.34,74.85,6.08,-8.56,20.72,6.566,0.615,13
HR≥55.0/EDG≥-2.5/TP≥50.0/CV≤0.7/ANY,55.0,-2.5,50.0,0.7,ANY,63,58,40,18,68.97,56.2,79.38,6.07,-12.71,24.85,3.521,0.583,12
HR≥50.0/EDG≥-/TP≥65.0/CV≤0.6/ANY,50.0,,65.0,0.6,ANY,59,54,40,14,74.07,61.07,83.88,6.04,-10.92,23.0,3.26,0.583,12
HR≥50.0/EDG≥0.0/TP≥55.0/CV≤0.6/ANY,50.0,0.0,55.0,0.6,ANY,64,58,40,18,68.97,56.2,79.38,6.04,-12.6,24.67,3.502,0.667,12
HR≥-/EDG≥-5.0/TP≥55.0/CV≤0.45/ANY,,-5.0,55.0,0.45,ANY,96,87,59,28,67.82,57.43,76.7,6.02,-9.56,21.6,5.238,0.75,12
HR≥-/EDG≥-2.5/TP≥40.0/CV≤0.4/ANY,,-2.5,40.0,0.4,ANY,132,121,71,50,58.68,49.77,67.05,6.0,-10.49,22.48,7.255,0.692,13
HR≥50.0/EDG≥0.0/TP≥50.0/CV≤0.6/OVER,50.0,0.0,50.0,0.6,OVER,80,72,48,24,66.67,55.18,76.47,5.97,-11.72,23.66,4.298,0.615,13
HR≥50.0/EDG≥-/TP≥65.0/CV≤0.7/ANY,50.0,,65.0,0.7,ANY,63,58,43,15,74.14,61.62,83.65,5.9,-10.4,22.21,3.424,0.5,12
HR≥55.0/EDG≥-2.5/TP≥55.0/CV≤0.6/ANY,55.0,-2.5,55.0,0.6,ANY,54,50,35,15,70.0,56.25,80.9,5.88,-13.75,25.52,2.942,0.583,12
HR≥-/EDG≥-/TP≥55.0/CV≤0.55/OVER,,,55.0,0.55,OVER,145,130,90,40,69.23,60.84,76.52,5.87,-6.44,18.18,7.63,0.5,12
HR≥50.0/EDG≥5.0/TP≥40.0/CV≤0.5/ANY,50.0,5.0,40.0,0.5,ANY,66,60,37,23,61.67,49.02,72.91,5.86,-16.11,27.84,3.519,0.667,12
HR≥50.0/EDG≥0.0/TP≥55.0/CV≤0.55/ANY,50.0,0.0,55.0,0.55,ANY,57,51,35,16,68.63,54.97,79.67,5.85,-14.16,25.85,2.983,0.75,12
HR≥50.0/EDG≥0.0/TP≥50.0/CV≤0.5/ANY,50.0,0.0,50.0,0.5,ANY,70,62,41,21,66.13,53.72,76.66,5.8,-13.47,25.07,3.598,0.615,13
HR≥55.0/EDG≥-/TP≥55.0/CV≤0.7/OVER,55.0,,55.0,0.7,OVER,81,76,54,22,71.05,60.04,80.04,5.8,-9.64,21.24,4.405,0.583,12
HR≥55.0/EDG≥-/TP≥55.0/CV≤-/ANY,55.0,,55.0,,ANY,85,79,56,23,70.89,60.09,79.75,5.78,-9.42,20.99,4.57,0.583,12
HR≥55.0/EDG≥-5.0/TP≥40.0/CV≤0.5/ANY,55.0,-5.0,40.0,0.5,ANY,64,58,38,20,65.52,52.67,76.44,5.77,-14.8,26.34,3.347,0.5,12
HR≥-/EDG≥-2.5/TP≥50.0/CV≤0.45/OVER,,-2.5,50.0,0.45,OVER,90,80,53,27,66.25,55.36,75.65,5.75,-11.13,22.62,4.599,0.538,13
HR≥-/EDG≥-2.5/TP≥55.0/CV≤0.45/ANY,,-2.5,55.0,0.45,ANY,91,83,56,27,67.47,56.81,76.58,5.75,-10.29,21.78,4.769,0.75,12
HR≥50.0/EDG≥-/TP≥-/CV≤-/OVER,50.0,,,,OVER,168,152,102,50,67.11,59.29,74.07,5.75,-6.4,17.89,8.733,0.462,13
HR≥60.0/EDG≥-/TP≥55.0/CV≤0.7/ANY,60.0,,55.0,0.7,ANY,60,55,39,16,70.91,57.86,81.23,5.74,-12.51,23.99,3.155,0.636,11
HR≥50.0/EDG≥0.0/TP≥55.0/CV≤-/ANY,50.0,0.0,55.0,,ANY,67,61,42,19,68.85,56.41,79.06,5.73,-12.43,23.88,3.494,0.667,12
HR≥50.0/EDG≥2.5/TP≥40.0/CV≤0.6/ANY,50.0,2.5,40.0,0.6,ANY,87,80,50,30,62.5,51.55,72.31,5.73,-12.94,24.4,4.583,0.692,13
HR≥-/EDG≥-5.0/TP≥55.0/CV≤0.7/OVER,,-5.0,55.0,0.7,OVER,128,116,80,36,68.97,60.05,76.66,5.69,-7.42,18.79,6.598,0.583,12
HR≥-/EDG≥-2.5/TP≥50.0/CV≤-/ANY,,-2.5,50.0,,ANY,245,225,145,80,64.44,58.0,70.41,5.69,-4.75,16.13,12.801,0.692,13
HR≥55.0/EDG≥-5.0/TP≥-/CV≤-/ANY,55.0,-5.0,,,ANY,81,74,49,25,66.22,54.88,75.95,5.65,-12.34,23.64,4.179,0.583,12
HR≥55.0/EDG≥-/TP≥50.0/CV≤0.6/ANY,55.0,,50.0,0.6,ANY,88,82,57,25,69.51,58.86,78.42,5.63,-9.85,21.1,4.614,0.417,12
HR≥50.0/EDG≥0.0/TP≥-/CV≤0.55/OVER,50.0,0.0,,0.55,OVER,80,72,46,26,63.89,52.35,74.02,5.62,-13.39,24.63,4.045,0.538,13
HR≥50.0/EDG≥0.0/TP≥40.0/CV≤0.55/OVER,50.0,0.0,40.0,0.55,OVER,80,72,46,26,63.89,52.35,74.02,5.62,-13.39,24.63,4.045,0.538,13
HR≥-/EDG≥-/TP≥55.0/CV≤0.6/OVER,,,55.0,0.6,OVER,166,149,103,46,69.13,61.31,75.99,5.6,-5.89,17.09,8.342,0.583,12
HR≥-/EDG≥10.0/TP≥-/CV≤-/OVER,,10.0,,,OVER,136,124,70,54,56.45,47.66,64.85,5.59,-11.32,22.49,6.93,0.462,13
HR≥-/EDG≥10.0/TP≥40.0/CV≤-/OVER,,10.0,40.0,,OVER,136,124,70,54,56.45,47.66,64.85,5.59,-11.32,22.49,6.93,0.462,13
HR≥-/EDG≥-/TP≥50.0/CV≤-/OVER,,,50.0,,OVER,282,255,168,87,65.88,59.87,71.43,5.56,-3.94,15.06,14.171,0.615,13
HR≥55.0/EDG≥-5.0/TP≥-/CV≤0.6/ANY,55.0,-5.0,,0.6,ANY,76,70,46,24,65.71,54.04,75.75,5.56,-13.14,24.26,3.889,0.583,12
HR≥-/EDG≥-5.0/TP≥50.0/CV≤0.6/OVER,,-5.0,50.0,0.6,OVER,156,141,93,48,65.96,57.81,73.26,5.54,-7.24,18.31,7.805,0.538,13
HR≥-/EDG≥-5.0/TP≥50.0/CV≤-/ANY,,-5.0,50.0,,ANY,268,244,158,86,64.75,58.57,70.48,5.5,-4.45,15.45,13.418,0.615,13
HR≥-/EDG≥-5.0/TP≥50.0/CV≤0.7/ANY,,-5.0,50.0,0.7,ANY,240,219,142,77,64.84,58.31,70.86,5.5,-4.99,15.98,12.037,0.692,13
HR≥50.0/EDG≥0.0/TP≥55.0/CV≤0.7/OVER,50.0,0.0,55.0,0.7,OVER,64,58,40,18,68.97,56.2,79.38,5.5,-13.04,24.03,3.188,0.667,12
HR≥-/EDG≥-/TP≥50.0/CV≤0.55/OVER,,,50.0,0.55,OVER,200,180,119,61,66.11,58.92,72.62,5.48,-5.77,16.73,9.861,0.462,13
HR≥-/EDG≥-/TP≥40.0/CV≤0.6/OVER,,,40.0,0.6,OVER,347,316,190,126,60.13,54.64,65.37,5.46,-4.4,15.33,17.266,0.462,13
HR≥50.0/EDG≥-2.5/TP≥60.0/CV≤0.7/ANY,50.0,-2.5,60.0,0.7,ANY,55,51,37,14,72.55,59.05,82.89,5.46,-12.61,23.52,2.783,0.583,12
HR≥50.0/EDG≥-2.5/TP≥60.0/CV≤0.7/OVER,50.0,-2.5,60.0,0.7,OVER,55,51,37,14,72.55,59.05,82.89,5.46,-12.61,23.52,2.783,0.583,12
HR≥55.0/EDG≥-2.5/TP≥55.0/CV≤-/ANY,55.0,-2.5,55.0,,ANY,57,53,37,16,69.81,56.46,80.48,5.41,-13.64,24.47,2.868,0.667,12
HR≥50.0/EDG≥7.5/TP≥-/CV≤0.6/ANY,50.0,7.5,,0.6,ANY,68,62,38,24,61.29,48.85,72.42,5.4,-16.36,27.16,3.35,0.636,11
HR≥55.0/EDG≥-2.5/TP≥-/CV≤0.5/ANY,55.0,-2.5,,0.5,ANY,61,56,36,20,64.29,51.19,75.54,5.39,-16.16,26.94,3.018,0.5,12
HR≥-/EDG≥-5.0/TP≥40.0/CV≤0.4/ANY,,-5.0,40.0,0.4,ANY,141,129,75,54,58.14,49.51,66.3,5.38,-10.66,21.41,6.94,0.615,13
HR≥50.0/EDG≥-/TP≥65.0/CV≤0.6/OVER,50.0,,65.0,0.6,OVER,58,53,39,14,73.58,60.42,83.56,5.38,-11.85,22.61,2.852,0.5,12
HR≥55.0/EDG≥-/TP≥-/CV≤-/OVER,55.0,,,,OVER,101,92,63,29,68.48,58.41,77.07,5.37,-9.67,20.41,4.941,0.5,12
HR≥55.0/EDG≥-/TP≥40.0/CV≤-/OVER,55.0,,40.0,,OVER,101,92,63,29,68.48,58.41,77.07,5.37,-9.67,20.41,4.941,0.5,12
HR≥55.0/EDG≥-2.5/TP≥50.0/CV≤0.6/OVER,55.0,-2.5,50.0,0.6,OVER,59,54,37,17,68.52,55.26,79.32,5.33,-14.21,24.88,2.88,0.5,12
HR≥50.0/EDG≥-/TP≥65.0/CV≤0.7/OVER,50.0,,65.0,0.7,OVER,62,57,42,15,73.68,61.02,83.35,5.29,-11.25,21.84,3.016,0.5,12
HR≥50.0/EDG≥-5.0/TP≥60.0/CV≤-/ANY,50.0,-5.0,60.0,,ANY,65,59,43,16,72.88,60.4,82.56,5.28,-11.32,21.89,3.118,0.583,12
HR≥50.0/EDG≥-5.0/TP≥60.0/CV≤-/OVER,50.0,-5.0,60.0,,OVER,65,59,43,16,72.88,60.4,82.56,5.28,-11.32,21.89,3.118,0.583,12
HR≥50.0/EDG≥0.0/TP≥40.0/CV≤-/ANY,50.0,0.0,40.0,,ANY,110,101,63,38,62.38,52.64,71.21,5.27,-11.27,21.81,5.324,0.692,13
HR≥60.0/EDG≥-/TP≥55.0/CV≤-/OVER,60.0,,55.0,,OVER,61,55,39,16,70.91,57.86,81.23,5.26,-12.89,23.41,2.891,0.545,11
HR≥50.0/EDG≥2.5/TP≥40.0/CV≤0.7/ANY,50.0,2.5,40.0,0.7,ANY,89,82,51,31,62.2,51.38,71.92,5.25,-13.21,23.7,4.303,0.692,13
HR≥-/EDG≥-/TP≥-/CV≤0.6/OVER,,,,0.6,OVER,350,318,191,127,60.06,54.59,65.3,5.23,-4.6,15.06,16.629,0.462,13
HR≥50.0/EDG≥2.5/TP≥-/CV≤0.5/OVER,50.0,2.5,,0.5,OVER,67,60,38,22,63.33,50.68,74.38,5.2,-15.86,26.26,3.12,0.615,13
HR≥50.0/EDG≥2.5/TP≥40.0/CV≤0.5/OVER,50.0,2.5,40.0,0.5,OVER,67,60,38,22,63.33,50.68,74.38,5.2,-15.86,26.26,3.12,0.615,13
HR≥-/EDG≥-2.5/TP≥55.0/CV≤-/OVER,,-2.5,55.0,,OVER,121,110,75,35,68.18,58.99,76.15,5.19,-8.43,18.82,5.712,0.5,12
HR≥55.0/EDG≥-5.0/TP≥40.0/CV≤0.7/ANY,55.0,-5.0,40.0,0.7,ANY,78,72,48,24,66.67,55.18,76.47,5.18,-12.68,23.04,3.729,0.5,12
HR≥-/EDG≥-/TP≥55.0/CV≤0.7/OVER,,,55.0,0.7,OVER,186,169,116,53,68.64,61.3,75.15,5.08,-5.78,15.94,8.583,0.5,12
HR≥50.0/EDG≥2.5/TP≥-/CV≤-/ANY,50.0,2.5,,,ANY,94,86,53,33,61.63,51.06,71.2,5.05,-13.2,23.3,4.344,0.692,13
HR≥50.0/EDG≥0.0/TP≥50.0/CV≤0.5/OVER,50.0,0.0,50.0,0.5,OVER,67,59,39,20,66.1,53.37,76.86,5.04,-14.57,24.66,2.975,0.615,13
HR≥-/EDG≥-5.0/TP≥55.0/CV≤-/OVER,,-5.0,55.0,,OVER,137,124,85,39,68.55,59.92,76.06,5.01,-7.7,17.71,6.206,0.5,12
HR≥60.0/EDG≥-/TP≥55.0/CV≤0.6/OVER,60.0,,55.0,0.6,OVER,56,51,36,15,70.59,57.0,81.29,5.0,-13.97,23.97,2.551,0.545,11
HR≥-/EDG≥-/TP≥40.0/CV≤0.7/OVER,,,40.0,0.7,OVER,391,356,213,143,59.83,54.66,64.79,4.95,-4.35,14.25,17.624,0.462,13
HR≥55.0/EDG≥-/TP≥55.0/CV≤-/OVER,55.0,,55.0,,OVER,84,78,55,23,70.51,59.62,79.48,4.94,-10.37,20.25,3.855,0.583,12
HR≥-/EDG≥-5.0/TP≥50.0/CV≤0.4/OVER,,-5.0,50.0,0.4,OVER,65,56,37,19,66.07,53.0,77.08,4.93,-15.21,25.08,2.763,0.538,13
HR≥55.0/EDG≥-2.5/TP≥50.0/CV≤-/OVER,55.0,-2.5,50.0,,OVER,63,57,39,18,68.42,55.52,79.0,4.92,-14.05,23.9,2.807,0.5,12
HR≥-/EDG≥0.0/TP≥40.0/CV≤0.4/ANY,,0.0,40.0,0.4,ANY,121,110,63,47,57.27,47.94,66.12,4.9,-12.67,22.48,5.394,0.615,13
HR≥50.0/EDG≥0.0/TP≥55.0/CV≤0.6/OVER,50.0,0.0,55.0,0.6,OVER,63,57,39,18,68.42,55.52,79.0,4.89,-13.93,23.72,2.788,0.667,12
HR≥-/EDG≥-2.5/TP≥50.0/CV≤0.7/ANY,,-2.5,50.0,0.7,ANY,220,203,130,73,64.04,57.23,70.32,4.85,-6.15,15.85,9.845,0.692,13
HR≥50.0/EDG≥-/TP≥-/CV≤0.55/OVER,50.0,,,0.55,OVER,131,119,79,40,66.39,57.5,74.24,4.81,-9.05,18.66,5.719,0.538,13
HR≥-/EDG≥-5.0/TP≥50.0/CV≤0.45/OVER,,-5.0,50.0,0.45,OVER,96,85,56,29,65.88,55.31,75.08,4.79,-11.57,21.14,4.068,0.538,13
HR≥-/EDG≥-5.0/TP≥-/CV≤0.45/ANY,,-5.0,,0.45,ANY,209,192,111,81,57.81,50.74,64.58,4.78,-8.35,17.9,9.169,0.538,13
HR≥50.0/EDG≥-/TP≥50.0/CV≤0.55/ANY,50.0,,50.0,0.55,ANY,128,117,79,38,67.52,58.6,75.33,4.74,-8.7,18.18,5.547,0.615,13
HR≥-/EDG≥0.0/TP≥50.0/CV≤0.7/OVER,,0.0,50.0,0.7,OVER,133,120,77,43,64.17,55.27,72.18,4.7,-9.56,18.95,5.637,0.538,13
HR≥-/EDG≥0.0/TP≥55.0/CV≤0.45/OVER,,0.0,55.0,0.45,OVER,59,52,35,17,67.31,53.76,78.48,4.7,-15.47,24.87,2.443,0.583,12
HR≥50.0/EDG≥-5.0/TP≥65.0/CV≤0.7/ANY,50.0,-5.0,65.0,0.7,ANY,56,52,38,14,73.08,59.75,83.23,4.7,-12.81,22.21,2.445,0.417,12
HR≥50.0/EDG≥-5.0/TP≥65.0/CV≤0.7/OVER,50.0,-5.0,65.0,0.7,OVER,56,52,38,14,73.08,59.75,83.23,4.7,-12.81,22.21,2.445,0.417,12
HR≥50.0/EDG≥-/TP≥60.0/CV≤0.55/ANY,50.0,,60.0,0.55,ANY,64,58,42,16,72.41,59.8,82.25,4.69,-12.16,21.53,2.718,0.583,12
HR≥-/EDG≥2.5/TP≥-/CV≤0.4/ANY,,2.5,,0.4,ANY,114,104,59,45,56.73,47.14,65.85,4.67,-13.59,22.92,4.852,0.615,13
HR≥-/EDG≥-/TP≥55.0/CV≤0.45/ANY,,,55.0,0.45,ANY,149,136,91,45,66.91,58.63,74.26,4.64,-7.88,17.17,6.313,0.5,12
HR≥50.0/EDG≥0.0/TP≥55.0/CV≤-/OVER,50.0,0.0,55.0,,OVER,66,60,41,19,68.33,55.77,78.69,4.63,-13.7,22.96,2.779,0.667,12
HR≥55.0/EDG≥-2.5/TP≥50.0/CV≤0.6/ANY,55.0,-2.5,50.0,0.6,ANY,61,56,38,18,67.86,54.82,78.6,4.63,-14.71,23.98,2.595,0.583,12
HR≥55.0/EDG≥-5.0/TP≥40.0/CV≤0.55/ANY,55.0,-5.0,40.0,0.55,ANY,66,60,39,21,65.0,52.36,75.83,4.62,-15.6,24.84,2.773,0.417,12
HR≥-/EDG≥5.0/TP≥40.0/CV≤0.4/ANY,,5.0,40.0,0.4,ANY,101,92,52,40,56.52,46.33,66.19,4.6,-14.82,24.03,4.236,0.538,13
HR≥50.0/EDG≥7.5/TP≥-/CV≤-/ANY,50.0,7.5,,,ANY,71,64,39,25,60.94,48.69,71.94,4.6,-16.79,25.98,2.942,0.636,11
HR≥55.0/EDG≥-/TP≥50.0/CV≤0.55/ANY,55.0,,50.0,0.55,ANY,79,73,50,23,68.49,57.14,78.0,4.58,-12.05,21.21,3.342,0.417,12
HR≥50.0/EDG≥2.5/TP≥55.0/CV≤0.6/ANY,50.0,2.5,55.0,0.6,ANY,55,50,34,16,68.0,54.19,79.24,4.55,-15.69,24.8,2.276,0.583,12
HR≥50.0/EDG≥2.5/TP≥55.0/CV≤0.7/ANY,50.0,2.5,55.0,0.7,ANY,55,50,34,16,68.0,54.19,79.24,4.55,-15.69,24.8,2.276,0.583,12
HR≥-/EDG≥5.0/TP≥-/CV≤0.5/ANY,,5.0,,0.5,ANY,180,164,92,72,56.1,48.45,63.47,4.54,-10.06,19.15,7.449,0.462,13
HR≥50.0/EDG≥-/TP≥40.0/CV≤0.55/OVER,50.0,,40.0,0.55,OVER,130,118,78,40,66.1,57.17,74.01,4.54,-9.42,18.5,5.355,0.538,13
HR≥50.0/EDG≥0.0/TP≥55.0/CV≤0.55/OVER,50.0,0.0,55.0,0.55,OVER,56,50,34,16,68.0,54.19,79.24,4.54,-15.71,24.78,2.268,0.75,12
HR≥60.0/EDG≥-/TP≥55.0/CV≤0.7/OVER,60.0,,55.0,0.7,OVER,59,54,38,16,70.37,57.17,80.86,4.52,-13.91,22.95,2.44,0.545,11
HR≥55.0/EDG≥-/TP≥50.0/CV≤0.5/ANY,55.0,,50.0,0.5,ANY,75,69,47,22,68.12,56.42,77.91,4.5,-12.75,21.75,3.106,0.417,12
HR≥-/EDG≥0.0/TP≥50.0/CV≤-/OVER,,0.0,50.0,,OVER,142,128,82,46,64.06,55.45,71.85,4.49,-9.31,18.29,5.745,0.615,13
HR≥55.0/EDG≥-/TP≥50.0/CV≤0.7/ANY,55.0,,50.0,0.7,ANY,93,87,60,27,68.97,58.62,77.71,4.49,-10.55,19.53,3.904,0.417,12
HR≥-/EDG≥-2.5/TP≥50.0/CV≤0.6/OVER,,-2.5,50.0,0.6,OVER,144,131,85,46,64.89,56.39,72.53,4.42,-9.0,17.83,5.788,0.538,13
HR≥-/EDG≥10.0/TP≥-/CV≤0.4/ANY,,10.0,,0.4,ANY,76,67,37,30,55.22,43.36,66.52,4.39,-19.05,27.82,2.941,0.545,11
HR≥-/EDG≥5.0/TP≥-/CV≤0.45/ANY,,5.0,,0.45,ANY,143,130,73,57,56.15,47.57,64.39,4.35,-12.05,20.75,5.657,0.462,13
HR≥-/EDG≥-2.5/TP≥55.0/CV≤0.7/OVER,,-2.5,55.0,0.7,OVER,115,105,71,34,67.62,58.18,75.81,4.31,-9.7,18.33,4.53,0.583,12
HR≥55.0/EDG≥-2.5/TP≥50.0/CV≤-/ANY,55.0,-2.5,50.0,,ANY,65,59,40,19,67.8,55.1,78.31,4.27,-14.52,23.06,2.521,0.583,12
HR≥-/EDG≥-/TP≥55.0/CV≤-/OVER,,,55.0,,OVER,206,187,127,60,67.91,60.92,74.19,4.21,-6.19,14.62,7.875,0.417,12
HR≥-/EDG≥-5.0/TP≥-/CV≤0.5/ANY,,-5.0,,0.5,ANY,260,239,137,102,57.32,50.98,63.43,4.17,-7.62,15.97,9.97,0.538,13
HR≥50.0/EDG≥0.0/TP≥50.0/CV≤0.55/ANY,50.0,0.0,50.0,0.55,ANY,74,66,43,23,65.15,53.11,75.52,4.17,-14.61,22.95,2.752,0.615,13
HR≥-/EDG≥0.0/TP≥50.0/CV≤0.5/OVER,,0.0,50.0,0.5,OVER,97,86,55,31,63.95,53.41,73.3,4.16,-12.67,20.99,3.576,0.615,13
HR≥-/EDG≥-5.0/TP≥-/CV≤0.7/ANY,,-5.0,,0.7,ANY,387,353,205,148,58.07,52.87,63.11,4.15,-5.4,13.71,14.66,0.615,13
HR≥50.0/EDG≥2.5/TP≥50.0/CV≤0.7/ANY,50.0,2.5,50.0,0.7,ANY,73,66,43,23,65.15,53.11,75.52,4.15,-14.63,22.92,2.737,0.538,13
HR≥55.0/EDG≥-2.5/TP≥55.0/CV≤-/OVER,55.0,-2.5,55.0,,OVER,56,52,36,16,69.23,55.73,80.09,4.14,-15.11,23.4,2.154,0.583,12
HR≥50.0/EDG≥5.0/TP≥40.0/CV≤0.55/ANY,50.0,5.0,40.0,0.55,ANY,67,61,37,24,60.66,48.12,71.93,4.13,-17.74,26.0,2.519,0.667,12
HR≥-/EDG≥-5.0/TP≥55.0/CV≤-/ANY,,-5.0,55.0,,ANY,197,178,119,59,66.85,59.65,73.35,4.09,-6.82,15.01,7.288,0.667,12
HR≥50.0/EDG≥7.5/TP≥40.0/CV≤0.5/ANY,50.0,7.5,40.0,0.5,ANY,60,54,33,21,61.11,47.79,72.96,4.07,-19.01,27.15,2.199,0.727,11
HR≥50.0/EDG≥7.5/TP≥40.0/CV≤0.55/ANY,50.0,7.5,40.0,0.55,ANY,60,54,33,21,61.11,47.79,72.96,4.07,-19.01,27.15,2.199,0.727,11
HR≥50.0/EDG≥-/TP≥60.0/CV≤0.55/OVER,50.0,,60.0,0.55,OVER,63,57,41,16,71.93,59.17,81.92,4.05,-13.04,21.15,2.31,0.583,12
HR≥-/EDG≥-5.0/TP≥40.0/CV≤0.45/ANY,,-5.0,40.0,0.45,ANY,208,191,110,81,57.59,50.5,64.38,4.04,-9.08,17.16,7.719,0.538,13
HR≥50.0/EDG≥2.5/TP≥-/CV≤0.55/OVER,50.0,2.5,,0.55,OVER,69,62,39,23,62.9,50.46,73.84,4.04,-16.64,24.72,2.504,0.615,13
HR≥50.0/EDG≥2.5/TP≥40.0/CV≤0.55/OVER,50.0,2.5,40.0,0.55,OVER,69,62,39,23,62.9,50.46,73.84,4.04,-16.64,24.72,2.504,0.615,13
HR≥-/EDG≥-2.5/TP≥-/CV≤0.45/ANY,,-2.5,,0.45,ANY,197,181,104,77,57.46,50.17,64.43,4.01,-9.51,17.52,7.25,0.538,13
HR≥-/EDG≥-/TP≥-/CV≤0.7/OVER,,,,0.7,OVER,400,362,215,147,59.39,54.26,64.33,3.96,-5.25,13.18,14.351,0.538,13
HR≥50.0/EDG≥-/TP≥60.0/CV≤0.5/ANY,50.0,,60.0,0.5,ANY,59,53,38,15,71.7,58.43,82.03,3.96,-13.87,21.79,2.098,0.583,12
HR≥-/EDG≥-5.0/TP≥55.0/CV≤0.7/ANY,,-5.0,55.0,0.7,ANY,177,160,107,53,66.88,59.26,73.7,3.94,-7.56,15.43,6.3,0.75,12
HR≥50.0/EDG≥0.0/TP≥50.0/CV≤0.45/ANY,50.0,0.0,50.0,0.45,ANY,59,52,34,18,65.38,51.8,76.85,3.93,-17.1,24.97,2.045,0.615,13
HR≥-/EDG≥-5.0/TP≥50.0/CV≤0.55/OVER,,-5.0,50.0,0.55,OVER,136,122,79,43,64.75,55.94,72.66,3.89,-9.98,17.76,4.744,0.462,13
HR≥-/EDG≥-5.0/TP≥55.0/CV≤0.6/OVER,,-5.0,55.0,0.6,OVER,118,106,72,34,67.92,58.55,76.05,3.84,-9.95,17.63,4.072,0.583,12
HR≥-/EDG≥-5.0/TP≥60.0/CV≤0.7/ANY,,-5.0,60.0,0.7,ANY,87,81,58,23,71.6,60.98,80.27,3.84,-10.56,18.24,3.11,0.583,12
HR≥55.0/EDG≥-2.5/TP≥-/CV≤0.7/ANY,55.0,-2.5,,0.7,ANY,73,68,44,24,64.71,52.84,75.0,3.84,-15.21,22.89,2.611,0.583,12
HR≥50.0/EDG≥5.0/TP≥-/CV≤0.6/ANY,50.0,5.0,,0.6,ANY,76,70,42,28,60.0,48.29,70.67,3.81,-16.83,24.46,2.67,0.667,12
HR≥-/EDG≥7.5/TP≥55.0/CV≤-/OVER,,7.5,55.0,,OVER,62,56,37,19,66.07,53.0,77.08,3.8,-15.99,23.59,2.128,0.5,12
HR≥55.0/EDG≥-/TP≥50.0/CV≤-/ANY,55.0,,50.0,,ANY,97,89,61,28,68.54,58.3,77.25,3.77,-11.14,18.68,3.355,0.417,12
HR≥50.0/EDG≥-/TP≥50.0/CV≤0.5/ANY,50.0,,50.0,0.5,ANY,118,108,72,36,66.67,57.34,74.85,3.76,-10.37,17.89,4.063,0.538,13
HR≥-/EDG≥0.0/TP≥55.0/CV≤0.5/OVER,,0.0,55.0,0.5,OVER,73,65,43,22,66.15,54.04,76.47,3.75,-14.57,22.08,2.44,0.667,12
HR≥55.0/EDG≥-5.0/TP≥40.0/CV≤-/ANY,55.0,-5.0,40.0,,ANY,80,73,48,25,65.75,54.33,75.61,3.74,-14.1,21.58,2.729,0.5,12
HR≥50.0/EDG≥7.5/TP≥-/CV≤0.7/ANY,50.0,7.5,,0.7,ANY,69,63,38,25,60.32,47.98,71.47,3.73,-17.93,25.39,2.35,0.636,11
HR≥60.0/EDG≥-/TP≥50.0/CV≤-/OVER,60.0,,50.0,,OVER,65,59,41,18,69.49,56.85,79.75,3.73,-14.18,21.63,2.198,0.545,11
HR≥-/EDG≥-5.0/TP≥-/CV≤0.6/ANY,,-5.0,,0.6,ANY,341,310,179,131,57.74,52.18,63.11,3.69,-6.53,13.91,11.435,0.692,13
HR≥-/EDG≥5.0/TP≥40.0/CV≤0.5/ANY,,5.0,40.0,0.5,ANY,179,163,91,72,55.83,48.16,63.23,3.68,-10.91,18.27,5.999,0.462,13
HR≥-/EDG≥-5.0/TP≥-/CV≤-/ANY,,-5.0,,,ANY,433,395,228,167,57.72,52.8,62.5,3.65,-5.4,12.69,14.402,0.615,13
HR≥-/EDG≥-5.0/TP≥50.0/CV≤0.6/ANY,,-5.0,50.0,0.6,ANY,210,191,122,69,63.87,56.85,70.35,3.65,-7.6,14.9,6.972,0.615,13
HR≥-/EDG≥-5.0/TP≥60.0/CV≤0.7/OVER,,-5.0,60.0,0.7,OVER,79,73,52,21,71.23,59.99,80.35,3.61,-11.67,18.9,2.637,0.583,12
HR≥-/EDG≥-5.0/TP≥55.0/CV≤0.55/OVER,,-5.0,55.0,0.55,OVER,103,92,62,30,67.39,57.28,76.11,3.59,-11.36,18.53,3.299,0.583,12
HR≥50.0/EDG≥2.5/TP≥55.0/CV≤-/ANY,50.0,2.5,55.0,,ANY,57,52,35,17,67.31,53.76,78.48,3.59,-16.38,23.56,1.868,0.583,12
HR≥-/EDG≥-5.0/TP≥40.0/CV≤0.5/ANY,,-5.0,40.0,0.5,ANY,259,238,136,102,57.14,50.79,63.27,3.58,-8.21,15.37,8.52,0.538,13
HR≥55.0/EDG≥-5.0/TP≥40.0/CV≤0.6/ANY,55.0,-5.0,40.0,0.6,ANY,75,69,45,24,65.22,53.45,75.38,3.54,-15.01,22.08,2.439,0.5,12
HR≥55.0/EDG≥-2.5/TP≥-/CV≤0.55/ANY,55.0,-2.5,,0.55,ANY,62,57,36,21,63.16,50.18,74.48,3.54,-17.94,25.02,2.018,0.5,12
HR≥-/EDG≥-5.0/TP≥-/CV≤0.55/ANY,,-5.0,,0.55,ANY,299,271,155,116,57.2,51.24,62.95,3.5,-7.52,14.52,9.474,0.615,13
HR≥-/EDG≥0.0/TP≥55.0/CV≤-/OVER,,0.0,55.0,,OVER,102,92,61,31,66.3,56.17,75.14,3.46,-11.84,18.75,3.18,0.583,12
HR≥50.0/EDG≥-2.5/TP≥60.0/CV≤-/ANY,50.0,-2.5,60.0,,ANY,57,52,37,15,71.15,57.73,81.67,3.43,-14.73,21.59,1.783,0.5,12
HR≥50.0/EDG≥-2.5/TP≥60.0/CV≤-/OVER,50.0,-2.5,60.0,,OVER,57,52,37,15,71.15,57.73,81.67,3.43,-14.73,21.59,1.783,0.5,12
HR≥50.0/EDG≥2.5/TP≥50.0/CV≤-/ANY,50.0,2.5,50.0,,ANY,76,68,44,24,64.71,52.84,75.0,3.42,-15.11,21.96,2.329,0.538,13
HR≥-/EDG≥5.0/TP≥-/CV≤0.7/ANY,,5.0,,0.7,ANY,251,228,127,101,55.7,49.21,62.0,3.41,-8.92,15.73,7.768,0.462,13
HR≥50.0/EDG≥2.5/TP≥40.0/CV≤-/ANY,50.0,2.5,40.0,,ANY,93,85,52,33,61.18,50.55,70.84,3.41,-14.77,21.58,2.894,0.692,13
HR≥-/EDG≥5.0/TP≥-/CV≤0.55/ANY,,5.0,,0.55,ANY,201,183,102,81,55.74,48.5,62.74,3.39,-10.36,17.15,6.206,0.385,13
HR≥-/EDG≥-5.0/TP≥40.0/CV≤0.7/ANY,,-5.0,40.0,0.7,ANY,385,351,203,148,57.83,52.61,62.89,3.38,-6.17,12.93,11.86,0.615,13
HR≥-/EDG≥-2.5/TP≥55.0/CV≤-/ANY,,-2.5,55.0,,ANY,177,162,107,55,66.05,58.46,72.89,3.38,-8.19,14.95,5.471,0.667,12
HR≥50.0/EDG≥0.0/TP≥50.0/CV≤0.55/OVER,50.0,0.0,50.0,0.55,OVER,71,63,41,22,65.08,52.75,75.67,3.38,-15.72,22.48,2.129,0.615,13
HR≥60.0/EDG≥-/TP≥50.0/CV≤0.6/OVER,60.0,,50.0,0.6,OVER,60,55,38,17,69.09,55.97,79.72,3.38,-15.3,22.05,1.858,0.545,11
HR≥-/EDG≥5.0/TP≥50.0/CV≤0.5/OVER,,5.0,50.0,0.5,OVER,74,65,41,24,63.08,50.92,73.77,3.37,-16.21,22.96,2.192,0.462,13
HR≥50.0/EDG≥-5.0/TP≥65.0/CV≤0.6/ANY,50.0,-5.0,65.0,0.6,ANY,54,50,36,14,72.0,58.33,82.53,3.36,-14.76,21.48,1.682,0.417,12
HR≥50.0/EDG≥-5.0/TP≥65.0/CV≤0.6/OVER,50.0,-5.0,65.0,0.6,OVER,54,50,36,14,72.0,58.33,82.53,3.36,-14.76,21.48,1.682,0.417,12
HR≥50.0/EDG≥2.5/TP≥50.0/CV≤0.7/OVER,50.0,2.5,50.0,0.7,OVER,70,63,41,22,65.08,52.75,75.67,3.35,-15.74,22.45,2.113,0.538,13
HR≥-/EDG≥-2.5/TP≥-/CV≤-/ANY,,-2.5,,,ANY,401,367,210,157,57.22,52.11,62.18,3.31,-6.13,12.75,12.134,0.538,13
HR≥-/EDG≥2.5/TP≥40.0/CV≤0.4/ANY,,2.5,40.0,0.4,ANY,113,103,58,45,56.31,46.68,65.49,3.3,-14.93,21.54,3.402,0.615,13
HR≥-/EDG≥5.0/TP≥40.0/CV≤0.45/ANY,,5.0,40.0,0.45,ANY,142,129,72,57,55.81,47.2,64.09,3.26,-13.13,19.65,4.207,0.462,13
HR≥50.0/EDG≥-/TP≥60.0/CV≤0.5/OVER,50.0,,60.0,0.5,OVER,58,52,37,15,71.15,57.73,81.67,3.25,-14.87,21.37,1.69,0.583,12
HR≥-/EDG≥-2.5/TP≥50.0/CV≤0.55/OVER,,-2.5,50.0,0.55,OVER,126,114,73,41,64.04,54.9,72.25,3.24,-11.23,17.72,3.699,0.462,13
HR≥-/EDG≥-2.5/TP≥40.0/CV≤0.45/ANY,,-2.5,40.0,0.45,ANY,196,180,103,77,57.22,49.92,64.22,3.22,-10.28,16.72,5.8,0.538,13
HR≥-/EDG≥-/TP≥40.0/CV≤-/OVER,,,40.0,,OVER,433,393,231,162,58.78,53.85,63.54,3.18,-5.7,12.06,12.496,0.462,13
HR≥-/EDG≥-5.0/TP≥55.0/CV≤0.6/ANY,,-5.0,55.0,0.6,ANY,156,140,93,47,66.43,58.26,73.72,3.17,-9.15,15.49,4.433,0.667,12
HR≥60.0/EDG≥-/TP≥50.0/CV≤-/ANY,60.0,,50.0,,ANY,67,61,42,19,68.85,56.41,79.06,3.13,-14.64,20.91,1.912,0.636,11
HR≥50.0/EDG≥7.5/TP≥40.0/CV≤0.6/ANY,50.0,7.5,40.0,0.6,ANY,67,61,37,24,60.66,48.12,71.93,3.11,-18.53,24.76,1.9,0.636,11
HR≥50.0/EDG≥2.5/TP≥50.0/CV≤0.6/ANY,50.0,2.5,50.0,0.6,ANY,72,65,42,23,64.62,52.47,75.12,3.1,-15.85,22.06,2.017,0.538,13
HR≥-/EDG≥-2.5/TP≥-/CV≤0.5/ANY,,-2.5,,0.5,ANY,246,226,128,98,56.64,50.12,62.93,3.05,-9.11,15.21,6.901,0.538,13
HR≥50.0/EDG≥-/TP≥60.0/CV≤0.6/ANY,50.0,,60.0,0.6,ANY,73,67,48,19,71.64,59.91,81.03,3.05,-12.66,18.77,2.046,0.583,12
HR≥50.0/EDG≥-/TP≥65.0/CV≤-/ANY,50.0,,65.0,,ANY,68,61,44,17,72.13,59.83,81.81,3.03,-13.23,19.29,1.849,0.5,12
HR≥55.0/EDG≥-/TP≥50.0/CV≤0.45/ANY,55.0,,50.0,0.45,ANY,62,56,38,18,67.86,54.82,78.6,3.01,-15.97,21.98,1.685,0.583,12
HR≥60.0/EDG≥-/TP≥50.0/CV≤0.7/OVER,60.0,,50.0,0.7,OVER,63,58,40,18,68.97,56.2,79.38,3.01,-15.15,21.18,1.747,0.545,11
HR≥-/EDG≥-5.0/TP≥50.0/CV≤-/UNDER,,-5.0,50.0,,UNDER,84,77,47,30,61.04,49.87,71.16,3.0,-15.72,21.71,2.307,0.583,12
HR≥-/EDG≥-5.0/TP≥40.0/CV≤0.55/ANY,,-5.0,40.0,0.55,ANY,298,270,154,116,57.04,51.07,62.8,2.97,-8.04,13.99,8.024,0.615,13
HR≥-/EDG≥5.0/TP≥55.0/CV≤-/OVER,,5.0,55.0,,OVER,71,64,42,22,65.62,53.4,76.08,2.96,-15.56,21.47,1.893,0.5,12
HR≥-/EDG≥-5.0/TP≥40.0/CV≤-/ANY,,-5.0,40.0,,ANY,431,393,226,167,57.51,52.57,62.3,2.95,-6.09,11.99,11.602,0.615,13
HR≥50.0/EDG≥5.0/TP≥-/CV≤0.5/OVER,50.0,5.0,,0.5,OVER,60,54,33,21,61.11,47.79,72.96,2.95,-19.82,25.73,1.595,0.583,12
HR≥50.0/EDG≥5.0/TP≥40.0/CV≤0.5/OVER,50.0,5.0,40.0,0.5,OVER,60,54,33,21,61.11,47.79,72.96,2.95,-19.82,25.73,1.595,0.583,12
HR≥-/EDG≥-2.5/TP≥50.0/CV≤0.6/ANY,,-2.5,50.0,0.6,ANY,194,179,113,66,63.13,55.85,69.85,2.94,-8.79,14.66,5.261,0.615,13
HR≥50.0/EDG≥10.0/TP≥-/CV≤0.6/ANY,50.0,10.0,,0.6,ANY,60,54,32,22,59.26,45.97,71.32,2.94,-20.84,26.72,1.589,0.636,11
HR≥55.0/EDG≥-2.5/TP≥40.0/CV≤0.5/ANY,55.0,-2.5,40.0,0.5,ANY,60,55,35,20,63.64,50.42,75.07,2.85,-18.5,24.2,1.568,0.5,12
HR≥50.0/EDG≥7.5/TP≥-/CV≤-/OVER,50.0,7.5,,,OVER,64,57,35,22,61.4,48.43,72.94,2.84,-19.13,24.81,1.618,0.545,11
HR≥50.0/EDG≥7.5/TP≥40.0/CV≤-/OVER,50.0,7.5,40.0,,OVER,64,57,35,22,61.4,48.43,72.94,2.84,-19.13,24.81,1.618,0.545,11
HR≥55.0/EDG≥0.0/TP≥-/CV≤0.7/ANY,55.0,0.0,,0.7,ANY,61,56,35,21,62.5,49.41,73.99,2.83,-18.99,24.66,1.587,0.583,12
HR≥-/EDG≥-5.0/TP≥40.0/CV≤0.6/ANY,,-5.0,40.0,0.6,ANY,339,308,177,131,57.47,51.89,62.86,2.8,-7.41,13.02,8.635,0.692,13
HR≥-/EDG≥7.5/TP≥55.0/CV≤0.7/OVER,,7.5,55.0,0.7,OVER,61,55,36,19,65.45,52.25,76.64,2.79,-17.26,22.85,1.536,0.5,12
HR≥-/EDG≥5.0/TP≥40.0/CV≤0.7/ANY,,5.0,40.0,0.7,ANY,250,227,126,101,55.51,49.0,61.83,2.78,-9.54,15.1,6.318,0.462,13
HR≥60.0/EDG≥-/TP≥50.0/CV≤0.6/ANY,60.0,,50.0,0.6,ANY,62,57,39,18,68.42,55.52,79.0,2.76,-15.76,21.28,1.572,0.636,11
HR≥-/EDG≥2.5/TP≥-/CV≤0.7/ANY,,2.5,,0.7,ANY,288,262,147,115,56.11,50.05,61.98,2.75,-8.6,14.1,7.197,0.462,13
HR≥-/EDG≥-2.5/TP≥50.0/CV≤-/UNDER,,-2.5,50.0,,UNDER,79,74,45,29,60.81,49.42,71.14,2.68,-16.46,21.82,1.983,0.583,12
HR≥-/EDG≥-2.5/TP≥-/CV≤0.7/ANY,,-2.5,,0.7,ANY,360,330,188,142,56.97,51.58,62.2,2.67,-7.28,12.62,8.819,0.538,13
HR≥-/EDG≥0.0/TP≥50.0/CV≤-/ANY,,0.0,50.0,,ANY,217,198,123,75,62.12,55.19,68.59,2.66,-8.68,14.01,5.268,0.538,13
HR≥-/EDG≥5.0/TP≥-/CV≤0.6/ANY,,5.0,,0.6,ANY,224,204,113,91,55.39,48.53,62.05,2.65,-10.36,15.67,5.414,0.462,13
HR≥-/EDG≥-5.0/TP≥60.0/CV≤0.55/OVER,,-5.0,60.0,0.55,OVER,63,57,40,17,70.18,57.34,80.47,2.63,-14.97,20.23,1.499,0.417,12
HR≥50.0/EDG≥2.5/TP≥50.0/CV≤-/OVER,50.0,2.5,50.0,,OVER,73,65,42,23,64.62,52.47,75.12,2.62,-16.22,21.47,1.705,0.538,13
HR≥-/EDG≥5.0/TP≥40.0/CV≤0.55/ANY,,5.0,40.0,0.55,ANY,200,182,101,81,55.49,48.23,62.53,2.61,-11.13,16.36,4.756,0.385,13
HR≥-/EDG≥-5.0/TP≥60.0/CV≤0.5/OVER,,-5.0,60.0,0.5,OVER,56,50,35,15,70.0,56.25,80.9,2.6,-16.29,21.5,1.302,0.417,12
HR≥-/EDG≥-2.5/TP≥40.0/CV≤-/ANY,,-2.5,40.0,,ANY,399,365,208,157,56.99,51.86,61.97,2.56,-6.88,11.99,9.334,0.538,13
HR≥55.0/EDG≥-2.5/TP≥-/CV≤0.6/ANY,55.0,-2.5,,0.6,ANY,71,66,42,24,63.64,51.58,74.19,2.55,-16.99,22.09,1.685,0.583,12
HR≥-/EDG≥-5.0/TP≥55.0/CV≤0.5/ANY,,-5.0,55.0,0.5,ANY,118,107,70,37,65.42,56.02,73.76,2.49,-11.83,16.81,2.663,0.583,12
HR≥50.0/EDG≥-/TP≥60.0/CV≤0.6/OVER,50.0,,60.0,0.6,OVER,72,66,47,19,71.21,59.36,80.73,2.48,-13.43,18.39,1.638,0.5,12
HR≥-/EDG≥7.5/TP≥-/CV≤0.4/ANY,,7.5,,0.4,ANY,89,80,44,36,55.0,44.12,65.42,2.45,-18.66,23.55,1.957,0.636,11
HR≥50.0/EDG≥-/TP≥-/CV≤0.4/OVER,50.0,,,0.4,OVER,75,69,44,25,63.77,51.98,74.1,2.45,-16.46,21.37,1.694,0.615,13
HR≥50.0/EDG≥-/TP≥40.0/CV≤0.4/OVER,50.0,,40.0,0.4,OVER,75,69,44,25,63.77,51.98,74.1,2.45,-16.46,21.37,1.694,0.615,13
HR≥60.0/EDG≥-/TP≥50.0/CV≤0.7/ANY,60.0,,50.0,0.7,ANY,65,60,41,19,68.33,55.77,78.69,2.44,-15.58,20.45,1.462,0.636,11
HR≥50.0/EDG≥-/TP≥-/CV≤0.45/ANY,50.0,,,0.45,ANY,146,133,80,53,60.15,51.66,68.07,2.43,-12.37,17.23,3.235,0.538,13
HR≥-/EDG≥-2.5/TP≥40.0/CV≤0.5/ANY,,-2.5,40.0,0.5,ANY,245,225,127,98,56.44,49.91,62.76,2.42,-9.73,14.57,5.451,0.538,13
HR≥50.0/EDG≥-/TP≥65.0/CV≤-/OVER,50.0,,65.0,,OVER,67,60,43,17,71.67,59.23,81.49,2.4,-14.09,18.89,1.441,0.5,12
HR≥-/EDG≥-2.5/TP≥55.0/CV≤0.55/OVER,,-2.5,55.0,0.55,OVER,95,86,57,29,66.28,55.78,75.38,2.39,-13.27,18.05,2.055,0.583,12
HR≥-/EDG≥-/TP≥-/CV≤-/OVER,,,,,OVER,446,403,236,167,58.56,53.69,63.27,2.38,-6.36,11.12,9.601,0.462,13
HR≥50.0/EDG≥-/TP≥60.0/CV≤0.7/ANY,50.0,,60.0,0.7,ANY,79,73,52,21,71.23,59.99,80.35,2.38,-12.71,17.47,1.736,0.583,12
HR≥50.0/EDG≥7.5/TP≥40.0/CV≤-/ANY,50.0,7.5,40.0,,ANY,70,63,38,25,60.32,47.98,71.47,2.37,-18.9,23.64,1.492,0.636,11
HR≥50.0/EDG≥5.0/TP≥-/CV≤0.7/ANY,50.0,5.0,,0.7,ANY,77,71,42,29,59.15,47.54,69.83,2.35,-18.2,22.91,1.67,0.667,12
HR≥55.0/EDG≥-2.5/TP≥-/CV≤-/ANY,55.0,-2.5,,,ANY,75,69,44,25,63.77,51.98,74.1,2.33,-16.66,21.33,1.611,0.583,12
HR≥-/EDG≥0.0/TP≥-/CV≤0.45/ANY,,0.0,,0.45,ANY,177,161,90,71,55.9,48.18,63.34,2.32,-12.21,16.85,3.733,0.538,13
HR≥-/EDG≥0.0/TP≥55.0/CV≤0.7/OVER,,0.0,55.0,0.7,OVER,97,87,57,30,65.52,55.06,74.66,2.3,-13.54,18.13,1.997,0.583,12
HR≥-/EDG≥10.0/TP≥40.0/CV≤0.4/ANY,,10.0,40.0,0.4,ANY,75,66,36,30,54.55,42.61,65.98,2.26,-21.15,25.67,1.491,0.545,11
HR≥50.0/EDG≥2.5/TP≥55.0/CV≤-/OVER,50.0,2.5,55.0,,OVER,56,51,34,17,66.67,52.97,78.03,2.26,-17.93,22.45,1.154,0.583,12
HR≥-/EDG≥-/TP≥-/CV≤0.35/ANY,,,,0.35,ANY,139,126,72,54,57.14,48.42,65.45,2.25,-13.83,18.33,2.835,0.5,12
HR≥50.0/EDG≥2.5/TP≥50.0/CV≤0.6/OVER,50.0,2.5,50.0,0.6,OVER,69,62,40,22,64.52,52.08,75.26,2.25,-17.03,21.53,1.394,0.538,13
HR≥-/EDG≥2.5/TP≥40.0/CV≤0.7/ANY,,2.5,40.0,0.7,ANY,287,261,146,115,55.94,49.87,61.83,2.2,-9.14,13.54,5.747,0.462,13
HR≥-/EDG≥5.0/TP≥55.0/CV≤0.7/OVER,,5.0,55.0,0.7,OVER,67,60,39,21,65.0,52.36,75.83,2.2,-17.06,21.46,1.32,0.5,12
HR≥-/EDG≥-2.5/TP≥60.0/CV≤-/ANY,,-2.5,60.0,,ANY,86,80,56,24,70.0,59.23,78.94,2.17,-12.65,16.99,1.738,0.5,12
HR≥55.0/EDG≥0.0/TP≥-/CV≤0.6/ANY,55.0,0.0,,0.6,ANY,60,55,34,21,61.82,48.61,73.48,2.16,-20.03,24.34,1.187,0.583,12
HR≥-/EDG≥-2.5/TP≥60.0/CV≤-/OVER,,-2.5,60.0,,OVER,75,69,48,21,69.57,57.92,79.15,2.15,-13.99,18.28,1.48,0.417,12
HR≥50.0/EDG≥5.0/TP≥-/CV≤0.6/OVER,50.0,5.0,,0.6,OVER,67,61,37,24,60.66,48.12,71.93,2.13,-19.26,23.51,1.296,0.583,12
HR≥50.0/EDG≥5.0/TP≥-/CV≤0.7/OVER,50.0,5.0,,0.7,OVER,67,61,37,24,60.66,48.12,71.93,2.13,-19.26,23.51,1.296,0.583,12
HR≥50.0/EDG≥5.0/TP≥40.0/CV≤0.6/OVER,50.0,5.0,40.0,0.6,OVER,67,61,37,24,60.66,48.12,71.93,2.13,-19.26,23.51,1.296,0.583,12
HR≥50.0/EDG≥5.0/TP≥40.0/CV≤0.7/OVER,50.0,5.0,40.0,0.7,OVER,67,61,37,24,60.66,48.12,71.93,2.13,-19.26,23.51,1.296,0.583,12
HR≥-/EDG≥-5.0/TP≥60.0/CV≤-/ANY,,-5.0,60.0,,ANY,98,91,64,27,70.33,60.28,78.74,2.1,-11.67,15.87,1.912,0.583,12
HR≥-/EDG≥-5.0/TP≥60.0/CV≤0.6/OVER,,-5.0,60.0,0.6,OVER,73,67,47,20,70.15,58.34,79.77,2.09,-14.06,18.23,1.399,0.583,12
HR≥-/EDG≥-2.5/TP≥-/CV≤0.6/ANY,,-2.5,,0.6,ANY,318,291,165,126,56.7,50.96,62.27,2.09,-8.51,12.68,6.074,0.615,13
HR≥-/EDG≥-5.0/TP≥60.0/CV≤-/OVER,,-5.0,60.0,,OVER,87,80,56,24,70.0,59.23,78.94,2.07,-12.74,16.87,1.654,0.583,12
HR≥-/EDG≥0.0/TP≥50.0/CV≤0.7/ANY,,0.0,50.0,0.7,ANY,195,178,110,68,61.8,54.48,68.62,2.04,-9.94,14.02,3.63,0.462,13
HR≥-/EDG≥0.0/TP≥-/CV≤-/ANY,,0.0,,,ANY,358,327,183,144,55.96,50.54,61.24,2.03,-8.08,12.14,6.641,0.462,13
HR≥-/EDG≥7.5/TP≥-/CV≤0.7/ANY,,7.5,,0.7,ANY,225,205,113,92,55.12,48.28,61.77,2.03,-10.96,15.02,4.163,0.462,13
HR≥-/EDG≥7.5/TP≥50.0/CV≤0.7/OVER,,7.5,50.0,0.7,OVER,86,77,48,29,62.34,51.17,72.33,2.02,-16.01,20.04,1.552,0.538,13
HR≥-/EDG≥-5.0/TP≥55.0/CV≤-/UNDER,,-5.0,55.0,,UNDER,60,54,34,20,62.96,49.63,74.58,2.0,-19.25,23.25,1.082,0.5,12
HR≥-/EDG≥-2.5/TP≥55.0/CV≤0.7/ANY,,-2.5,55.0,0.7,ANY,160,147,96,51,65.31,57.31,72.52,1.98,-10.2,14.16,2.908,0.583,12
HR≥-/EDG≥0.0/TP≥-/CV≤0.7/ANY,,0.0,,0.7,ANY,321,293,164,129,55.97,50.25,61.54,1.98,-8.7,12.66,5.793,0.462,13
HR≥-/EDG≥5.0/TP≥40.0/CV≤0.6/ANY,,5.0,40.0,0.6,ANY,223,203,112,91,55.17,48.3,61.85,1.95,-11.06,14.96,3.964,0.462,13
HR≥50.0/EDG≥-/TP≥-/CV≤0.35/ANY,50.0,,,0.35,ANY,70,63,37,26,58.73,46.42,70.04,1.94,-20.17,24.06,1.224,0.636,11
HR≥-/EDG≥-2.5/TP≥55.0/CV≤0.6/OVER,,-2.5,55.0,0.6,OVER,108,98,65,33,66.33,56.51,74.91,1.89,-12.69,16.47,1.855,0.5,12
HR≥-/EDG≥2.5/TP≥50.0/CV≤-/OVER,,2.5,50.0,,OVER,125,112,70,42,62.5,53.26,70.91,1.89,-12.97,16.75,2.116,0.538,13
HR≥-/EDG≥-2.5/TP≥60.0/CV≤0.7/ANY,,-2.5,60.0,0.7,ANY,78,73,51,22,69.86,58.56,79.18,1.87,-13.66,17.39,1.362,0.5,12
HR≥50.0/EDG≥-/TP≥60.0/CV≤0.7/OVER,50.0,,60.0,0.7,OVER,78,72,51,21,70.83,59.49,80.06,1.84,-13.42,17.11,1.328,0.583,12
HR≥-/EDG≥-2.5/TP≥40.0/CV≤0.7/ANY,,-2.5,40.0,0.7,ANY,358,328,186,142,56.71,51.3,61.96,1.83,-8.1,11.77,6.019,0.538,13
HR≥50.0/EDG≥7.5/TP≥-/CV≤0.6/OVER,50.0,7.5,,0.6,OVER,62,56,34,22,60.71,47.63,72.42,1.83,-20.44,24.11,1.027,0.545,11
HR≥50.0/EDG≥7.5/TP≥-/CV≤0.7/OVER,50.0,7.5,,0.7,OVER,62,56,34,22,60.71,47.63,72.42,1.83,-20.44,24.11,1.027,0.545,11
HR≥50.0/EDG≥7.5/TP≥40.0/CV≤0.6/OVER,50.0,7.5,40.0,0.6,OVER,62,56,34,22,60.71,47.63,72.42,1.83,-20.44,24.11,1.027,0.545,11
HR≥50.0/EDG≥7.5/TP≥40.0/CV≤0.7/OVER,50.0,7.5,40.0,0.7,OVER,62,56,34,22,60.71,47.63,72.42,1.83,-20.44,24.11,1.027,0.545,11
HR≥-/EDG≥2.5/TP≥-/CV≤-/ANY,,2.5,,,ANY,320,291,162,129,55.67,49.93,61.27,1.82,-8.94,12.58,5.303,0.462,13
HR≥-/EDG≥2.5/TP≥-/CV≤0.5/ANY,,2.5,,0.5,ANY,203,185,102,83,55.14,47.94,62.13,1.82,-11.83,15.48,3.374,0.538,13
HR≥-/EDG≥2.5/TP≥50.0/CV≤0.7/OVER,,2.5,50.0,0.7,OVER,118,106,66,40,62.26,52.76,70.91,1.82,-13.53,17.17,1.934,0.538,13
HR≥-/EDG≥-2.5/TP≥55.0/CV≤0.5/ANY,,-2.5,55.0,0.5,ANY,112,102,66,36,64.71,55.05,73.29,1.81,-12.98,16.6,1.844,0.583,12
HR≥50.0/EDG≥-/TP≥50.0/CV≤0.4/OVER,50.0,,50.0,0.4,OVER,65,59,39,20,66.1,53.37,76.86,1.81,-17.22,20.84,1.068,0.615,13
HR≥-/EDG≥0.0/TP≥-/CV≤0.5/ANY,,0.0,,0.5,ANY,222,202,112,90,55.45,48.55,62.13,1.79,-11.19,14.78,3.62,0.538,13
HR≥-/EDG≥-/TP≥55.0/CV≤0.6/ANY,,,55.0,0.6,ANY,246,222,145,77,65.32,58.84,71.27,1.77,-8.11,11.64,3.918,0.583,12
HR≥50.0/EDG≥5.0/TP≥40.0/CV≤0.6/ANY,50.0,5.0,40.0,0.6,ANY,75,69,41,28,59.42,47.64,70.21,1.77,-18.78,22.32,1.22,0.667,12
HR≥55.0/EDG≥-/TP≥-/CV≤0.4/ANY,55.0,,,0.4,ANY,72,67,41,26,61.19,49.22,71.95,1.74,-18.67,22.14,1.164,0.667,12
HR≥50.0/EDG≥5.0/TP≥-/CV≤-/ANY,50.0,5.0,,,ANY,80,73,43,30,58.9,47.45,69.47,1.73,-18.51,21.96,1.262,0.667,12
HR≥55.0/EDG≥-2.5/TP≥40.0/CV≤0.7/ANY,55.0,-2.5,40.0,0.7,ANY,72,67,43,24,64.18,52.22,74.6,1.73,-17.14,20.61,1.161,0.5,12
HR≥-/EDG≥0.0/TP≥50.0/CV≤0.45/OVER,,0.0,50.0,0.45,OVER,78,68,43,25,63.24,51.36,73.7,1.72,-17.07,20.51,1.168,0.538,13
HR≥-/EDG≥5.0/TP≥50.0/CV≤0.45/OVER,,5.0,50.0,0.45,OVER,59,51,32,19,62.75,49.02,74.68,1.72,-20.24,23.68,0.878,0.538,13
HR≥50.0/EDG≥-/TP≥50.0/CV≤0.45/ANY,50.0,,50.0,0.45,ANY,96,88,58,30,65.91,55.53,74.96,1.72,-13.86,17.3,1.513,0.615,13
HR≥-/EDG≥2.5/TP≥50.0/CV≤0.7/ANY,,2.5,50.0,0.7,ANY,174,158,97,61,61.39,53.62,68.63,1.62,-11.15,14.39,2.563,0.538,13
HR≥-/EDG≥-/TP≥65.0/CV≤0.7/ANY,,,65.0,0.7,ANY,86,80,57,23,71.25,60.54,80.01,1.61,-12.67,15.9,1.289,0.5,12
HR≥-/EDG≥2.5/TP≥50.0/CV≤-/ANY,,2.5,50.0,,ANY,192,174,107,67,61.49,54.09,68.4,1.61,-10.52,13.75,2.809,0.462,13
HR≥-/EDG≥-2.5/TP≥-/CV≤0.55/ANY,,-2.5,,0.55,ANY,279,255,143,112,56.08,49.94,62.03,1.6,-9.79,13.0,4.085,0.615,13
HR≥-/EDG≥5.0/TP≥55.0/CV≤0.55/OVER,,5.0,55.0,0.55,OVER,58,51,33,18,64.71,50.99,76.37,1.58,-19.35,22.52,0.806,0.5,12
HR≥50.0/EDG≥-5.0/TP≥65.0/CV≤-/ANY,50.0,-5.0,65.0,,ANY,60,55,39,16,70.91,57.86,81.23,1.58,-15.83,19.0,0.871,0.417,12
HR≥50.0/EDG≥-5.0/TP≥65.0/CV≤-/OVER,50.0,-5.0,65.0,,OVER,60,55,39,16,70.91,57.86,81.23,1.58,-15.83,19.0,0.871,0.417,12
HR≥-/EDG≥2.5/TP≥-/CV≤0.6/ANY,,2.5,,0.6,ANY,255,232,129,103,55.6,49.17,61.85,1.55,-10.49,13.6,3.599,0.385,13
HR≥60.0/EDG≥-/TP≥-/CV≤0.4/ANY,60.0,,,0.4,ANY,59,54,33,21,61.11,47.79,72.96,1.52,-21.26,24.3,0.823,0.727,11
HR≥-/EDG≥-5.0/TP≥60.0/CV≤0.6/ANY,,-5.0,60.0,0.6,ANY,79,73,51,22,69.86,58.56,79.18,1.5,-13.97,16.98,1.098,0.583,12
HR≥50.0/EDG≥2.5/TP≥50.0/CV≤0.5/ANY,50.0,2.5,50.0,0.5,ANY,62,55,35,20,63.64,50.42,75.07,1.5,-19.22,22.23,0.827,0.538,13
HR≥-/EDG≥7.5/TP≥50.0/CV≤-/OVER,,7.5,50.0,,OVER,89,79,49,30,62.03,51.0,71.93,1.45,-16.36,19.25,1.143,0.538,13
HR≥50.0/EDG≥7.5/TP≥40.0/CV≤0.7/ANY,50.0,7.5,40.0,0.7,ANY,68,62,37,25,59.68,47.25,70.98,1.45,-20.09,22.99,0.9,0.636,11
HR≥-/EDG≥2.5/TP≥55.0/CV≤-/OVER,,2.5,55.0,,OVER,89,80,52,28,65.0,54.08,74.55,1.44,-15.09,17.98,1.155,0.583,12
HR≥-/EDG≥0.0/TP≥40.0/CV≤0.45/ANY,,0.0,40.0,0.45,ANY,176,160,89,71,55.62,47.88,63.1,1.43,-13.09,15.94,2.283,0.538,13
HR≥50.0/EDG≥5.0/TP≥-/CV≤-/OVER,50.0,5.0,,,OVER,70,63,38,25,60.32,47.98,71.47,1.41,-19.61,22.43,0.888,0.583,12
HR≥50.0/EDG≥5.0/TP≥40.0/CV≤-/OVER,50.0,5.0,40.0,,OVER,70,63,38,25,60.32,47.98,71.47,1.41,-19.61,22.43,0.888,0.583,12
HR≥-/EDG≥-5.0/TP≥60.0/CV≤0.55/ANY,,-5.0,60.0,0.55,ANY,68,62,43,19,69.35,57.03,79.42,1.39,-15.6,18.37,0.859,0.417,12
HR≥-/EDG≥-2.5/TP≥60.0/CV≤0.7/OVER,,-2.5,60.0,0.7,OVER,70,65,45,20,69.23,57.2,79.11,1.37,-15.26,18.0,0.89,0.5,12
HR≥-/EDG≥2.5/TP≥40.0/CV≤-/ANY,,2.5,40.0,,ANY,319,290,161,129,55.52,49.76,61.13,1.33,-9.43,12.08,3.853,0.462,13
HR≥-/EDG≥7.5/TP≥40.0/CV≤0.7/ANY,,7.5,40.0,0.7,ANY,224,204,112,92,54.9,48.05,61.58,1.33,-11.65,14.31,2.713,0.462,13
HR≥-/EDG≥0.0/TP≥-/CV≤0.6/ANY,,0.0,,0.6,ANY,282,257,143,114,55.64,49.53,61.59,1.26,-10.14,12.66,3.237,0.692,13
HR≥-/EDG≥2.5/TP≥-/CV≤0.45/ANY,,2.5,,0.45,ANY,163,149,82,67,55.03,47.02,62.79,1.24,-13.97,16.45,1.847,0.538,13
HR≥-/EDG≥2.5/TP≥50.0/CV≤0.7/UNDER,,2.5,50.0,0.7,UNDER,56,52,31,21,59.62,46.07,71.84,1.21,-21.97,24.39,0.629,0.583,12
HR≥-/EDG≥7.5/TP≥-/CV≤0.45/ANY,,7.5,,0.45,ANY,126,114,62,52,54.39,45.25,63.24,1.19,-16.43,18.8,1.352,0.5,12
HR≥-/EDG≥0.0/TP≥40.0/CV≤-/ANY,,0.0,40.0,,ANY,356,325,181,144,55.69,50.26,61.0,1.18,-8.92,11.29,3.841,0.462,13
HR≥-/EDG≥5.0/TP≥-/CV≤-/ANY,,5.0,,,ANY,277,251,137,114,54.58,48.4,60.63,1.17,-10.58,12.91,2.929,0.462,13
HR≥-/EDG≥-/TP≥55.0/CV≤0.7/ANY,,,55.0,0.7,ANY,279,254,165,89,64.96,58.91,70.57,1.16,-8.09,10.41,2.954,0.5,12
HR≥-/EDG≥-2.5/TP≥55.0/CV≤0.6/ANY,,-2.5,55.0,0.6,ANY,143,131,85,46,64.89,56.39,72.53,1.16,-11.75,14.08,1.522,0.583,12
HR≥-/EDG≥-2.5/TP≥40.0/CV≤0.6/ANY,,-2.5,40.0,0.6,ANY,316,289,163,126,56.4,50.64,62.0,1.13,-9.45,11.72,3.274,0.615,13
HR≥-/EDG≥2.5/TP≥50.0/CV≤-/UNDER,,2.5,50.0,,UNDER,67,62,37,25,59.68,47.25,70.98,1.12,-20.01,22.25,0.692,0.583,12
HR≥-/EDG≥-/TP≥40.0/CV≤0.35/ANY,,,40.0,0.35,ANY,138,125,71,54,56.8,48.04,65.15,1.11,-14.95,17.16,1.385,0.417,12
HR≥-/EDG≥10.0/TP≥-/CV≤0.45/ANY,,10.0,,0.45,ANY,111,99,53,46,53.54,43.76,63.04,1.09,-18.13,20.31,1.08,0.5,12
HR≥-/EDG≥-/TP≥50.0/CV≤-/ANY,,,50.0,,ANY,452,413,255,158,61.74,56.97,66.3,1.08,-6.72,8.88,4.452,0.462,13
HR≥-/EDG≥0.0/TP≥40.0/CV≤0.5/ANY,,0.0,40.0,0.5,ANY,221,201,111,90,55.22,48.32,61.94,1.08,-11.89,14.05,2.17,0.538,13
HR≥50.0/EDG≥-/TP≥40.0/CV≤0.45/ANY,50.0,,40.0,0.45,ANY,144,131,78,53,59.54,50.98,67.56,1.08,-13.78,15.95,1.421,0.538,13
HR≥50.0/EDG≥5.0/TP≥-/CV≤0.55/OVER,50.0,5.0,,0.55,OVER,61,55,33,22,60.0,46.81,71.88,1.08,-21.57,23.74,0.595,0.583,12
HR≥50.0/EDG≥5.0/TP≥40.0/CV≤0.55/OVER,50.0,5.0,40.0,0.55,OVER,61,55,33,22,60.0,46.81,71.88,1.08,-21.57,23.74,0.595,0.583,12
HR≥50.0/EDG≥10.0/TP≥-/CV≤-/ANY,50.0,10.0,,,ANY,62,55,32,23,58.18,45.03,70.26,1.07,-22.56,24.7,0.589,0.636,11
HR≥50.0/EDG≥10.0/TP≥-/CV≤0.7/ANY,50.0,10.0,,0.7,ANY,61,55,32,23,58.18,45.03,70.26,1.07,-22.56,24.7,0.589,0.636,11
HR≥-/EDG≥-/TP≥65.0/CV≤-/ANY,,,65.0,,ANY,97,89,63,26,70.79,60.64,79.22,1.06,-12.55,14.68,0.944,0.5,12
HR≥-/EDG≥-/TP≥50.0/CV≤0.7/ANY,,,50.0,0.7,ANY,405,372,230,142,61.83,56.79,66.62,1.05,-7.15,9.26,3.917,0.462,13
HR≥-/EDG≥2.5/TP≥40.0/CV≤0.5/ANY,,2.5,40.0,0.5,ANY,202,184,101,83,54.89,47.67,61.91,1.05,-12.6,14.69,1.924,0.538,13
HR≥-/EDG≥-2.5/TP≥40.0/CV≤0.55/ANY,,-2.5,40.0,0.55,ANY,278,254,142,112,55.91,49.76,61.88,1.04,-10.35,12.42,2.635,0.538,13
HR≥-/EDG≥-2.5/TP≥50.0/CV≤0.4/ANY,,-2.5,50.0,0.4,ANY,85,77,48,29,62.34,51.17,72.33,1.04,-16.83,18.92,0.804,0.615,13
HR≥-/EDG≥0.0/TP≥50.0/CV≤0.6/OVER,,0.0,50.0,0.6,OVER,124,111,69,42,62.16,52.88,70.63,1.04,-13.89,15.96,1.151,0.538,13
HR≥-/EDG≥5.0/TP≥50.0/CV≤0.7/OVER,,5.0,50.0,0.7,OVER,98,88,54,34,61.36,50.92,70.86,1.04,-15.99,18.07,0.913,0.462,13
HR≥-/EDG≥0.0/TP≥40.0/CV≤0.7/ANY,,0.0,40.0,0.7,ANY,319,291,162,129,55.67,49.93,61.27,1.03,-9.64,11.7,2.993,0.462,13
HR≥55.0/EDG≥0.0/TP≥-/CV≤-/ANY,55.0,0.0,,,ANY,63,57,35,22,61.4,48.43,72.94,1.03,-20.7,22.76,0.587,0.583,12
HR≥55.0/EDG≥-2.5/TP≥40.0/CV≤0.55/ANY,55.0,-2.5,40.0,0.55,ANY,61,56,35,21,62.5,49.41,73.99,1.01,-20.26,22.29,0.568,0.417,12
HR≥-/EDG≥7.5/TP≥-/CV≤0.6/ANY,,7.5,,0.6,ANY,198,181,99,82,54.7,47.42,61.78,1.0,-12.8,14.8,1.809,0.385,13
HR≥-/EDG≥2.5/TP≥40.0/CV≤0.6/ANY,,2.5,40.0,0.6,ANY,254,231,128,103,55.41,48.96,61.68,0.93,-11.1,12.97,2.149,0.385,13
HR≥-/EDG≥10.0/TP≥-/CV≤0.55/ANY,,10.0,,0.55,ANY,160,146,79,67,54.11,46.02,61.98,0.91,-14.64,16.46,1.33,0.385,13
HR≥-/EDG≥0.0/TP≥55.0/CV≤0.45/ANY,,0.0,55.0,0.45,ANY,80,72,46,26,63.89,52.35,74.02,0.85,-16.92,18.63,0.615,0.833,12
HR≥-/EDG≥-/TP≥55.0/CV≤-/ANY,,,55.0,,ANY,314,285,184,101,64.56,58.85,69.89,0.82,-7.96,9.6,2.341,0.583,12
HR≥-/EDG≥-2.5/TP≥50.0/CV≤0.5/ANY,,-2.5,50.0,0.5,ANY,151,138,85,53,61.59,53.27,69.29,0.75,-12.74,14.24,1.036,0.615,13
HR≥-/EDG≥2.5/TP≥-/CV≤0.55/ANY,,2.5,,0.55,ANY,226,206,113,93,54.85,48.03,61.5,0.74,-12.13,13.6,1.517,0.385,13
HR≥-/EDG≥7.5/TP≥55.0/CV≤0.6/OVER,,7.5,55.0,0.6,OVER,59,53,34,19,64.15,50.69,75.7,0.73,-19.87,21.33,0.386,0.5,12
HR≥55.0/EDG≥-/TP≥-/CV≤0.45/ANY,55.0,,,0.45,ANY,88,79,48,31,60.76,49.73,70.79,0.69,-18.02,19.4,0.545,0.583,12
HR≥-/EDG≥-/TP≥55.0/CV≤0.5/ANY,,,55.0,0.5,ANY,189,171,110,61,64.33,56.91,71.12,0.68,-10.7,12.06,1.163,0.5,12
HR≥-/EDG≥-/TP≥60.0/CV≤0.55/ANY,,,60.0,0.55,ANY,92,85,59,26,69.41,58.95,78.19,0.66,-13.69,15.02,0.565,0.417,12
HR≥-/EDG≥-/TP≥65.0/CV≤0.7/OVER,,,65.0,0.7,OVER,80,74,52,22,70.27,59.07,79.47,0.65,-14.42,15.72,0.479,0.5,12
HR≥50.0/EDG≥7.5/TP≥-/CV≤0.5/OVER,50.0,7.5,,0.5,OVER,56,50,30,20,60.0,46.18,72.39,0.65,-23.07,24.37,0.326,0.545,11
HR≥50.0/EDG≥7.5/TP≥-/CV≤0.55/OVER,50.0,7.5,,0.55,OVER,56,50,30,20,60.0,46.18,72.39,0.65,-23.07,24.37,0.326,0.545,11
HR≥50.0/EDG≥7.5/TP≥40.0/CV≤0.5/OVER,50.0,7.5,40.0,0.5,OVER,56,50,30,20,60.0,46.18,72.39,0.65,-23.07,24.37,0.326,0.545,11
HR≥50.0/EDG≥7.5/TP≥40.0/CV≤0.55/OVER,50.0,7.5,40.0,0.55,OVER,56,50,30,20,60.0,46.18,72.39,0.65,-23.07,24.37,0.326,0.545,11
HR≥-/EDG≥7.5/TP≥40.0/CV≤0.4/ANY,,7.5,40.0,0.4,ANY,88,79,43,36,54.43,43.5,64.95,0.64,-20.43,21.72,0.507,0.636,11
HR≥50.0/EDG≥7.5/TP≥50.0/CV≤-/ANY,50.0,7.5,50.0,,ANY,58,51,32,19,62.75,49.02,74.68,0.64,-21.08,22.36,0.326,0.545,11
HR≥-/EDG≥7.5/TP≥-/CV≤0.5/ANY,,7.5,,0.5,ANY,161,146,79,67,54.11,46.02,61.98,0.63,-14.89,16.14,0.914,0.385,13
HR≥-/EDG≥-/TP≥55.0/CV≤0.55/ANY,,,55.0,0.55,ANY,214,192,124,68,64.58,57.59,71.0,0.6,-10.07,11.27,1.158,0.5,12
HR≥-/EDG≥5.0/TP≥40.0/CV≤-/ANY,,5.0,40.0,,ANY,276,250,136,114,54.4,48.21,60.46,0.59,-11.15,12.33,1.479,0.462,13
HR≥-/EDG≥-5.0/TP≥50.0/CV≤0.7/UNDER,,-5.0,50.0,0.7,UNDER,70,64,38,26,59.38,47.14,70.54,0.58,-20.2,21.35,0.368,0.583,12
HR≥-/EDG≥-5.0/TP≥55.0/CV≤0.55/ANY,,-5.0,55.0,0.55,ANY,136,121,78,43,64.46,55.61,72.43,0.56,-12.92,14.04,0.681,0.583,12
HR≥-/EDG≥5.0/TP≥50.0/CV≤-/OVER,,5.0,50.0,,OVER,104,93,57,36,61.29,51.13,70.55,0.52,-15.98,17.02,0.485,0.462,13
HR≥-/EDG≥10.0/TP≥-/CV≤0.6/ANY,,10.0,,0.6,ANY,179,163,88,75,53.99,46.33,61.46,0.52,-14.16,15.2,0.847,0.385,13
HR≥-/EDG≥10.0/TP≥-/CV≤0.7/ANY,,10.0,,0.7,ANY,202,183,99,84,54.1,46.87,61.16,0.52,-13.3,14.35,0.96,0.385,13
HR≥50.0/EDG≥-/TP≥-/CV≤0.4/ANY,50.0,,,0.4,ANY,116,107,62,45,57.94,48.47,66.86,0.51,-16.42,17.44,0.544,0.615,13
HR≥-/EDG≥10.0/TP≥-/CV≤0.5/ANY,,10.0,,0.5,ANY,145,131,70,61,53.44,44.92,61.76,0.49,-16.09,17.07,0.642,0.385,13
HR≥-/EDG≥-5.0/TP≥50.0/CV≤0.5/ANY,,-5.0,50.0,0.5,ANY,160,146,90,56,61.64,53.55,69.14,0.45,-12.62,13.52,0.655,0.538,13
HR≥-/EDG≥-/TP≥65.0/CV≤-/OVER,,,65.0,,OVER,88,80,56,24,70.0,59.23,78.94,0.44,-14.12,14.99,0.349,0.5,12
HR≥-/EDG≥-/TP≥65.0/CV≤0.6/ANY,,,65.0,0.6,ANY,80,74,52,22,70.27,59.07,79.47,0.44,-14.6,15.48,0.325,0.417,12
HR≥-/EDG≥2.5/TP≥50.0/CV≤0.5/OVER,,2.5,50.0,0.5,OVER,88,78,48,30,61.54,50.44,71.55,0.4,-17.53,18.34,0.315,0.615,13
HR≥50.0/EDG≥2.5/TP≥50.0/CV≤0.5/OVER,50.0,2.5,50.0,0.5,OVER,59,52,33,19,63.46,49.87,75.2,0.39,-20.76,21.55,0.204,0.615,13
HR≥-/EDG≥7.5/TP≥-/CV≤0.55/ANY,,7.5,,0.55,ANY,177,162,88,74,54.32,46.64,61.8,0.37,-14.24,14.99,0.601,0.385,13
HR≥50.0/EDG≥2.5/TP≥50.0/CV≤0.55/ANY,50.0,2.5,50.0,0.55,ANY,64,57,36,21,63.16,50.18,74.48,0.37,-19.97,20.71,0.212,0.538,13
HR≥55.0/EDG≥-2.5/TP≥40.0/CV≤0.6/ANY,55.0,-2.5,40.0,0.6,ANY,70,65,41,24,63.08,50.92,73.77,0.36,-19.0,19.72,0.235,0.5,12
HR≥-/EDG≥0.0/TP≥55.0/CV≤-/ANY,,0.0,55.0,,ANY,154,140,89,51,63.57,55.34,71.08,0.34,-12.4,13.09,0.478,0.5,12
HR≥50.0/EDG≥5.0/TP≥40.0/CV≤0.7/ANY,50.0,5.0,40.0,0.7,ANY,76,70,41,29,58.57,46.88,69.37,0.31,-20.14,20.77,0.22,0.667,12
HR≥-/EDG≥-5.0/TP≥60.0/CV≤0.5/ANY,,-5.0,60.0,0.5,ANY,60,54,37,17,68.52,55.26,79.32,0.3,-18.09,18.68,0.161,0.417,12
HR≥-/EDG≥5.0/TP≥55.0/CV≤0.6/OVER,,5.0,55.0,0.6,OVER,65,58,37,21,63.79,50.93,74.95,0.29,-19.44,20.03,0.17,0.5,12
HR≥-/EDG≥2.5/TP≥40.0/CV≤0.45/ANY,,2.5,40.0,0.45,ANY,162,148,81,67,54.73,46.69,62.53,0.27,-14.92,15.46,0.397,0.538,13
HR≥50.0/EDG≥10.0/TP≥40.0/CV≤0.6/ANY,50.0,10.0,40.0,0.6,ANY,59,53,31,22,58.49,45.09,70.74,0.26,-23.37,23.89,0.139,0.636,11
HR≥55.0/EDG≥0.0/TP≥40.0/CV≤0.7/ANY,55.0,0.0,40.0,0.7,ANY,60,55,34,21,61.82,48.61,73.48,0.25,-21.37,21.87,0.137,0.5,12
HR≥55.0/EDG≥-2.5/TP≥40.0/CV≤-/ANY,55.0,-2.5,40.0,,ANY,74,68,43,25,63.24,51.36,73.7,0.24,-18.59,19.06,0.161,0.5,12
HR≥-/EDG≥7.5/TP≥40.0/CV≤0.6/ANY,,7.5,40.0,0.6,ANY,197,180,98,82,54.44,47.15,61.55,0.2,-13.59,13.99,0.359,0.385,13
HR≥-/EDG≥0.0/TP≥-/CV≤0.55/ANY,,0.0,,0.55,ANY,250,228,125,103,54.82,48.34,61.15,0.19,-11.97,12.36,0.441,0.615,13
HR≥-/EDG≥0.0/TP≥40.0/CV≤0.6/ANY,,0.0,40.0,0.6,ANY,280,255,141,114,55.29,49.16,61.27,0.17,-11.22,11.56,0.437,0.692,13
HR≥-/EDG≥2.5/TP≥55.0/CV≤0.5/OVER,,2.5,55.0,0.5,OVER,65,58,37,21,63.79,50.93,74.95,0.15,-19.58,19.88,0.088,0.583,12
HR≥-/EDG≥-/TP≥65.0/CV≤0.55/ANY,,,65.0,0.55,ANY,69,63,44,19,69.84,57.64,79.76,0.14,-16.29,16.57,0.087,0.333,12
HR≥-/EDG≥2.5/TP≥50.0/CV≤0.6/ANY,,2.5,50.0,0.6,ANY,154,140,85,55,60.71,52.44,68.41,0.09,-13.46,13.64,0.125,0.538,13
HR≥-/EDG≥-2.5/TP≥50.0/CV≤0.7/UNDER,,-2.5,50.0,0.7,UNDER,65,61,36,25,59.02,46.5,70.46,0.07,-21.28,21.42,0.045,0.583,12
HR≥-/EDG≥-/TP≥50.0/CV≤0.6/ANY,,,50.0,0.6,ANY,356,326,200,126,61.35,55.96,66.47,0.05,-8.71,8.81,0.173,0.462,13
HR≥-/EDG≥-5.0/TP≥50.0/CV≤0.55/ANY,,-5.0,50.0,0.55,ANY,184,166,102,64,61.45,53.86,68.51,0.04,-12.22,12.29,0.061,0.462,13
HR≥-/EDG≥5.0/TP≥55.0/CV≤0.45/ANY,,5.0,55.0,0.45,ANY,60,54,34,20,62.96,49.63,74.58,0.04,-20.76,20.84,0.02,0.636,11
HR≥-/EDG≥2.5/TP≥40.0/CV≤0.55/ANY,,2.5,40.0,0.55,ANY,225,205,112,93,54.63,47.8,61.3,0.03,-12.82,12.89,0.067,0.385,13
HR≥-/EDG≥2.5/TP≥55.0/CV≤0.7/OVER,,2.5,55.0,0.7,OVER,84,75,48,27,64.0,52.7,73.94,-0.04,-17.25,17.17,-0.028,0.5,12
HR≥-/EDG≥-/TP≥60.0/CV≤0.55/OVER,,,60.0,0.55,OVER,81,74,51,23,68.92,57.66,78.31,-0.08,-15.54,15.37,-0.062,0.5,12
HR≥-/EDG≥-/TP≥65.0/CV≤0.55/OVER,,,65.0,0.55,OVER,65,59,41,18,69.49,56.85,79.75,-0.08,-17.16,17.01,-0.045,0.417,12
HR≥-/EDG≥10.0/TP≥40.0/CV≤0.55/ANY,,10.0,40.0,0.55,ANY,159,145,78,67,53.79,45.69,61.71,-0.08,-15.62,15.45,-0.12,0.385,13
HR≥-/EDG≥-2.5/TP≥60.0/CV≤0.55/OVER,,-2.5,60.0,0.55,OVER,58,53,36,17,67.92,54.52,78.91,-0.09,-18.82,18.65,-0.046,0.417,12
HR≥-/EDG≥7.5/TP≥40.0/CV≤0.45/ANY,,7.5,40.0,0.45,ANY,125,113,61,52,53.98,44.81,62.89,-0.09,-17.68,17.51,-0.098,0.5,12
HR≥-/EDG≥-2.5/TP≥50.0/CV≤0.45/ANY,,-2.5,50.0,0.45,ANY,123,112,69,43,61.61,52.36,70.09,-0.15,-14.99,14.69,-0.173,0.538,13
HR≥-/EDG≥-/TP≥65.0/CV≤0.6/OVER,,,65.0,0.6,OVER,75,69,48,21,69.57,57.92,79.15,-0.21,-15.95,15.53,-0.145,0.5,12
HR≥50.0/EDG≥5.0/TP≥40.0/CV≤-/ANY,50.0,5.0,40.0,,ANY,79,72,42,30,58.33,46.81,69.01,-0.26,-20.4,19.87,-0.188,0.667,12
HR≥-/EDG≥10.0/TP≥40.0/CV≤0.7/ANY,,10.0,40.0,0.7,ANY,201,182,98,84,53.85,46.6,60.93,-0.27,-14.08,13.54,-0.49,0.385,13
HR≥-/EDG≥7.5/TP≥50.0/CV≤0.5/OVER,,7.5,50.0,0.5,OVER,66,57,35,22,61.4,48.43,72.94,-0.3,-21.2,20.61,-0.169,0.538,13
HR≥-/EDG≥7.5/TP≥50.0/CV≤0.6/OVER,,7.5,50.0,0.6,OVER,81,72,44,28,61.11,49.56,71.53,-0.3,-19.0,18.4,-0.217,0.538,13
HR≥-/EDG≥-5.0/TP≥65.0/CV≤0.7/ANY,,-5.0,65.0,0.7,ANY,74,69,48,21,69.57,57.92,79.15,-0.37,-16.09,15.35,-0.256,0.417,12
HR≥-/EDG≥7.5/TP≥40.0/CV≤0.5/ANY,,7.5,40.0,0.5,ANY,160,145,78,67,53.79,45.69,61.71,-0.37,-15.87,15.13,-0.536,0.385,13
HR≥-/EDG≥10.0/TP≥40.0/CV≤0.6/ANY,,10.0,40.0,0.6,ANY,178,162,87,75,53.7,46.03,61.21,-0.37,-15.04,14.3,-0.603,0.385,13
HR≥50.0/EDG≥-/TP≥40.0/CV≤0.35/ANY,50.0,,40.0,0.35,ANY,69,62,36,26,58.06,45.67,69.52,-0.37,-22.36,21.63,-0.226,0.636,11
HR≥-/EDG≥10.0/TP≥40.0/CV≤0.45/ANY,,10.0,40.0,0.45,ANY,110,98,52,46,53.06,43.25,62.64,-0.38,-19.58,18.82,-0.37,0.5,12
HR≥-/EDG≥7.5/TP≥-/CV≤-/ANY,,7.5,,,ANY,245,223,120,103,53.81,47.26,60.24,-0.41,-12.87,12.05,-0.917,0.462,13
HR≥-/EDG≥-/TP≥60.0/CV≤0.5/ANY,,,60.0,0.5,ANY,80,73,50,23,68.49,57.14,78.0,-0.42,-16.09,15.25,-0.307,0.333,12
HR≥-/EDG≥-2.5/TP≥50.0/CV≤0.55/ANY,,-2.5,50.0,0.55,ANY,170,156,95,61,60.9,53.07,68.21,-0.43,-13.16,12.29,-0.678,0.462,13
HR≥55.0/EDG≥-/TP≥40.0/CV≤0.4/ANY,55.0,,40.0,0.4,ANY,71,66,40,26,60.61,48.55,71.5,-0.43,-20.69,19.83,-0.286,0.667,12
HR≥-/EDG≥0.0/TP≥40.0/CV≤0.55/ANY,,0.0,40.0,0.55,ANY,249,227,124,103,54.63,48.13,60.97,-0.44,-12.6,11.71,-1.009,0.615,13
HR≥-/EDG≥-5.0/TP≥65.0/CV≤0.7/OVER,,-5.0,65.0,0.7,OVER,70,65,45,20,69.23,57.2,79.11,-0.45,-16.77,15.86,-0.294,0.417,12
HR≥-/EDG≥-2.5/TP≥55.0/CV≤-/UNDER,,-2.5,55.0,,UNDER,56,52,32,20,61.54,47.96,73.53,-0.46,-22.26,21.33,-0.241,0.5,12
HR≥-/EDG≥0.0/TP≥50.0/CV≤0.55/OVER,,0.0,50.0,0.55,OVER,110,98,60,38,61.22,51.33,70.27,-0.47,-16.42,15.49,-0.46,0.538,13
HR≥-/EDG≥0.0/TP≥50.0/CV≤0.6/ANY,,0.0,50.0,0.6,ANY,172,157,95,62,60.51,52.7,67.82,-0.49,-13.26,12.28,-0.766,0.538,13
HR≥55.0/EDG≥0.0/TP≥40.0/CV≤0.6/ANY,55.0,0.0,40.0,0.6,ANY,59,54,33,21,61.11,47.79,72.96,-0.49,-22.46,21.49,-0.263,0.5,12
HR≥-/EDG≥7.5/TP≥40.0/CV≤0.55/ANY,,7.5,40.0,0.55,ANY,176,161,87,74,54.04,46.33,61.55,-0.53,-15.13,14.07,-0.849,0.385,13
HR≥50.0/EDG≥7.5/TP≥50.0/CV≤0.6/ANY,50.0,7.5,50.0,0.6,ANY,56,50,31,19,62.0,48.15,74.14,-0.53,-22.57,21.51,-0.266,0.545,11
HR≥50.0/EDG≥7.5/TP≥50.0/CV≤0.7/ANY,50.0,7.5,50.0,0.7,ANY,56,50,31,19,62.0,48.15,74.14,-0.53,-22.57,21.51,-0.266,0.545,11
HR≥-/EDG≥10.0/TP≥40.0/CV≤0.5/ANY,,10.0,40.0,0.5,ANY,144,130,69,61,53.08,44.53,61.44,-0.62,-17.18,15.94,-0.808,0.385,13
HR≥-/EDG≥0.0/TP≥50.0/CV≤-/UNDER,,0.0,50.0,,UNDER,75,70,41,29,58.57,46.88,69.37,-0.68,-20.62,19.26,-0.477,0.583,12
HR≥-/EDG≥-/TP≥60.0/CV≤0.5/OVER,,,60.0,0.5,OVER,70,63,43,20,68.25,56.0,78.41,-0.69,-17.62,16.25,-0.433,0.417,12
HR≥50.0/EDG≥-/TP≥-/CV≤0.5/ANY,50.0,,,0.5,ANY,175,160,94,66,58.75,51.0,66.09,-0.76,-14.16,12.65,-1.215,0.462,13
HR≥50.0/EDG≥2.5/TP≥50.0/CV≤0.55/OVER,50.0,2.5,50.0,0.55,OVER,61,54,34,20,62.96,49.63,74.58,-0.76,-21.5,19.97,-0.411,0.615,13
HR≥-/EDG≥-2.5/TP≥60.0/CV≤0.6/OVER,,-2.5,60.0,0.6,OVER,67,62,42,20,67.74,55.37,78.05,-0.8,-18.06,16.45,-0.498,0.5,12
HR≥50.0/EDG≥-/TP≥40.0/CV≤0.4/ANY,50.0,,40.0,0.4,ANY,115,106,61,45,57.55,48.04,66.53,-0.85,-17.73,16.02,-0.906,0.615,13
HR≥50.0/EDG≥-/TP≥-/CV≤0.55/ANY,50.0,,,0.55,ANY,190,173,102,71,58.96,51.51,66.02,-0.88,-13.71,11.94,-1.531,0.385,13
HR≥-/EDG≥7.5/TP≥50.0/CV≤0.7/ANY,,7.5,50.0,0.7,ANY,134,121,72,49,59.5,50.6,67.83,-0.92,-15.72,13.88,-1.109,0.462,13
HR≥-/EDG≥5.0/TP≥50.0/CV≤0.7/ANY,,5.0,50.0,0.7,ANY,149,135,80,55,59.26,50.83,67.18,-1.0,-15.06,13.06,-1.354,0.462,13
HR≥-/EDG≥5.0/TP≥50.0/CV≤0.6/OVER,,5.0,50.0,0.6,OVER,93,83,50,33,60.24,49.48,70.09,-1.03,-18.62,16.56,-0.856,0.385,13
HR≥-/EDG≥7.5/TP≥40.0/CV≤-/ANY,,7.5,40.0,,ANY,244,222,119,103,53.6,47.04,60.05,-1.07,-13.52,11.38,-2.367,0.462,13
HR≥-/EDG≥5.0/TP≥50.0/CV≤0.5/ANY,,5.0,50.0,0.5,ANY,107,96,57,39,59.38,49.37,68.65,-1.08,-17.69,15.54,-1.034,0.385,13
HR≥50.0/EDG≥-/TP≥60.0/CV≤-/ANY,50.0,,60.0,,ANY,85,77,53,24,68.83,57.8,78.07,-1.09,-16.11,13.93,-0.838,0.5,12
HR≥-/EDG≥-2.5/TP≥55.0/CV≤0.55/ANY,,-2.5,55.0,0.55,ANY,125,114,72,42,63.16,54.01,71.45,-1.1,-15.15,12.94,-1.259,0.5,12
HR≥-/EDG≥-/TP≥60.0/CV≤0.7/ANY,,,60.0,0.7,ANY,121,114,78,36,68.42,59.41,76.23,-1.13,-13.57,11.3,-1.293,0.333,12
HR≥-/EDG≥-5.0/TP≥65.0/CV≤-/OVER,,-5.0,65.0,,OVER,76,70,48,22,68.57,56.97,78.24,-1.15,-17.0,14.7,-0.804,0.417,12
HR≥55.0/EDG≥-/TP≥40.0/CV≤0.45/ANY,55.0,,40.0,0.45,ANY,87,78,47,31,60.26,49.16,70.39,-1.16,-19.76,17.43,-0.905,0.583,12
HR≥-/EDG≥-2.5/TP≥60.0/CV≤0.6/ANY,,-2.5,60.0,0.6,ANY,73,68,46,22,67.65,55.84,77.56,-1.17,-17.61,15.26,-0.799,0.5,12
HR≥-/EDG≥-2.5/TP≥60.0/CV≤0.55/ANY,,-2.5,60.0,0.55,ANY,63,58,39,19,67.24,54.42,77.92,-1.18,-19.16,16.79,-0.687,0.417,12
HR≥60.0/EDG≥-/TP≥40.0/CV≤0.4/ANY,60.0,,40.0,0.4,ANY,58,53,32,21,60.38,46.94,72.41,-1.18,-23.76,21.39,-0.627,0.727,11
HR≥60.0/EDG≥-/TP≥-/CV≤-/OVER,60.0,,,,OVER,71,64,42,22,65.62,53.4,76.08,-1.19,-19.11,16.73,-0.762,0.545,11
HR≥60.0/EDG≥-/TP≥40.0/CV≤-/OVER,60.0,,40.0,,OVER,71,64,42,22,65.62,53.4,76.08,-1.19,-19.11,16.73,-0.762,0.545,11
HR≥-/EDG≥7.5/TP≥50.0/CV≤-/ANY,,7.5,50.0,,ANY,145,130,77,53,59.23,50.64,67.3,-1.22,-15.52,13.08,-1.589,0.538,13
HR≥60.0/EDG≥-/TP≥-/CV≤0.45/ANY,60.0,,,0.45,ANY,68,61,36,25,59.02,46.5,70.46,-1.25,-22.95,20.45,-0.764,0.545,11
HR≥-/EDG≥2.5/TP≥50.0/CV≤0.6/OVER,,2.5,50.0,0.6,OVER,111,99,60,39,60.61,50.76,69.66,-1.26,-17.21,14.7,-1.244,0.538,13
HR≥-/EDG≥-5.0/TP≥65.0/CV≤-/ANY,,-5.0,65.0,,ANY,83,77,53,24,68.83,57.8,78.07,-1.27,-16.27,13.72,-0.981,0.417,12
HR≥-/EDG≥0.0/TP≥55.0/CV≤0.7/ANY,,0.0,55.0,0.7,ANY,139,126,79,47,62.7,54.0,70.65,-1.33,-14.79,12.13,-1.677,0.5,12
HR≥-/EDG≥-/TP≥50.0/CV≤0.5/ANY,,,50.0,0.5,ANY,275,252,152,100,60.32,54.17,66.16,-1.37,-11.4,8.66,-3.448,0.231,13
HR≥-/EDG≥5.0/TP≥50.0/CV≤0.55/OVER,,5.0,50.0,0.55,OVER,83,73,44,29,60.27,48.81,70.71,-1.37,-20.06,17.33,-0.998,0.385,13
HR≥50.0/EDG≥-/TP≥-/CV≤0.6/ANY,50.0,,,0.6,ANY,212,195,115,80,58.97,51.96,65.64,-1.37,-13.38,10.64,-2.679,0.385,13
HR≥-/EDG≥0.0/TP≥55.0/CV≤0.6/OVER,,0.0,55.0,0.6,OVER,92,82,52,30,63.41,52.61,73.02,-1.4,-17.84,15.03,-1.152,0.5,12
HR≥-/EDG≥7.5/TP≥50.0/CV≤0.6/ANY,,7.5,50.0,0.6,ANY,117,106,63,43,59.43,49.92,68.29,-1.43,-17.16,14.31,-1.513,0.462,13
HR≥-/EDG≥-5.0/TP≥50.0/CV≤0.45/ANY,,-5.0,50.0,0.45,ANY,130,118,72,46,61.02,52.0,69.34,-1.44,-15.89,13.01,-1.704,0.538,13
HR≥-/EDG≥5.0/TP≥50.0/CV≤0.6/ANY,,5.0,50.0,0.6,ANY,132,120,71,49,59.17,50.22,67.54,-1.46,-16.32,13.39,-1.757,0.385,13
HR≥55.0/EDG≥0.0/TP≥40.0/CV≤-/ANY,55.0,0.0,40.0,,ANY,62,56,34,22,60.71,47.63,72.42,-1.54,-23.06,19.98,-0.863,0.5,12
HR≥-/EDG≥-/TP≥65.0/CV≤0.5/ANY,,,65.0,0.5,ANY,60,54,37,17,68.52,55.26,79.32,-1.59,-19.61,16.42,-0.859,0.333,12
HR≥50.0/EDG≥10.0/TP≥40.0/CV≤-/ANY,50.0,10.0,40.0,,ANY,61,54,31,23,57.41,44.16,69.67,-1.59,-25.07,21.88,-0.861,0.636,11
HR≥50.0/EDG≥10.0/TP≥40.0/CV≤0.7/ANY,50.0,10.0,40.0,0.7,ANY,60,54,31,23,57.41,44.16,69.67,-1.59,-25.07,21.88,-0.861,0.636,11
HR≥-/EDG≥-/TP≥-/CV≤0.4/ANY,,,,0.4,ANY,257,236,129,107,54.66,48.29,60.89,-1.61,-13.43,10.22,-3.791,0.385,13
HR≥50.0/EDG≥-/TP≥60.0/CV≤-/OVER,50.0,,60.0,,OVER,84,76,52,24,68.42,57.3,77.77,-1.64,-16.82,13.54,-1.246,0.5,12
HR≥50.0/EDG≥10.0/TP≥-/CV≤-/OVER,50.0,10.0,,,OVER,57,50,29,21,58.0,44.23,70.63,-1.65,-25.73,22.43,-0.825,0.545,11
HR≥50.0/EDG≥10.0/TP≥-/CV≤0.6/OVER,50.0,10.0,,0.6,OVER,56,50,29,21,58.0,44.23,70.63,-1.65,-25.73,22.43,-0.825,0.545,11
HR≥50.0/EDG≥10.0/TP≥-/CV≤0.7/OVER,50.0,10.0,,0.7,OVER,56,50,29,21,58.0,44.23,70.63,-1.65,-25.73,22.43,-0.825,0.545,11
HR≥50.0/EDG≥10.0/TP≥40.0/CV≤-/OVER,50.0,10.0,40.0,,OVER,57,50,29,21,58.0,44.23,70.63,-1.65,-25.73,22.43,-0.825,0.545,11
HR≥50.0/EDG≥10.0/TP≥40.0/CV≤0.6/OVER,50.0,10.0,40.0,0.6,OVER,56,50,29,21,58.0,44.23,70.63,-1.65,-25.73,22.43,-0.825,0.545,11
HR≥50.0/EDG≥10.0/TP≥40.0/CV≤0.7/OVER,50.0,10.0,40.0,0.7,OVER,56,50,29,21,58.0,44.23,70.63,-1.65,-25.73,22.43,-0.825,0.545,11
HR≥-/EDG≥-5.0/TP≥50.0/CV≤0.6/UNDER,,-5.0,50.0,0.6,UNDER,54,50,29,21,58.0,44.23,70.63,-1.67,-25.29,21.96,-0.833,0.636,11
HR≥-/EDG≥-/TP≥-/CV≤0.3/ANY,,,,0.3,ANY,64,57,31,26,54.39,41.59,66.63,-1.68,-26.07,22.72,-0.955,0.667,9
HR≥-/EDG≥0.0/TP≥55.0/CV≤0.55/OVER,,0.0,55.0,0.55,OVER,82,73,46,27,63.01,51.55,73.18,-1.7,-19.23,15.82,-1.243,0.5,12
HR≥-/EDG≥-/TP≥-/CV≤0.45/ANY,,,,0.45,ANY,373,342,186,156,54.39,49.09,59.59,-1.72,-11.56,8.13,-5.869,0.308,13
HR≥50.0/EDG≥5.0/TP≥50.0/CV≤0.6/ANY,50.0,5.0,50.0,0.6,ANY,62,56,34,22,60.71,47.63,72.42,-1.78,-22.9,19.34,-0.996,0.583,12
HR≥50.0/EDG≥5.0/TP≥50.0/CV≤0.7/ANY,50.0,5.0,50.0,0.7,ANY,62,56,34,22,60.71,47.63,72.42,-1.78,-22.9,19.34,-0.996,0.583,12
HR≥60.0/EDG≥-/TP≥-/CV≤0.6/OVER,60.0,,,0.6,OVER,66,60,39,21,65.0,52.36,75.83,-1.84,-20.5,16.82,-1.102,0.545,11
HR≥60.0/EDG≥-/TP≥40.0/CV≤0.6/OVER,60.0,,40.0,0.6,OVER,66,60,39,21,65.0,52.36,75.83,-1.84,-20.5,16.82,-1.102,0.545,11
HR≥-/EDG≥-2.5/TP≥60.0/CV≤0.5/ANY,,-2.5,60.0,0.5,ANY,56,51,34,17,66.67,52.97,78.03,-1.88,-21.19,17.43,-0.959,0.333,12
HR≥-/EDG≥0.0/TP≥55.0/CV≤0.5/ANY,,0.0,55.0,0.5,ANY,99,89,55,34,61.8,51.41,71.21,-1.88,-18.12,14.36,-1.674,0.667,12
HR≥50.0/EDG≥-/TP≥50.0/CV≤0.4/ANY,50.0,,50.0,0.4,ANY,74,68,43,25,63.24,51.36,73.7,-1.9,-20.07,16.26,-1.294,0.538,13
HR≥50.0/EDG≥-/TP≥40.0/CV≤0.5/ANY,50.0,,40.0,0.5,ANY,173,158,92,66,58.23,50.43,65.63,-1.92,-15.36,11.53,-3.028,0.385,13
HR≥60.0/EDG≥-/TP≥-/CV≤0.7/OVER,60.0,,,0.7,OVER,69,63,41,22,65.08,52.75,75.67,-1.92,-20.08,16.23,-1.213,0.545,11
HR≥60.0/EDG≥-/TP≥40.0/CV≤0.7/OVER,60.0,,40.0,0.7,OVER,69,63,41,22,65.08,52.75,75.67,-1.92,-20.08,16.23,-1.213,0.545,11
HR≥-/EDG≥5.0/TP≥50.0/CV≤-/ANY,,5.0,50.0,,ANY,164,148,87,61,58.78,50.73,66.39,-1.93,-15.35,11.49,-2.853,0.462,13
HR≥-/EDG≥-/TP≥50.0/CV≤0.4/ANY,,,50.0,0.4,ANY,150,137,83,54,60.58,52.22,68.37,-1.94,-15.41,11.53,-2.661,0.538,13
HR≥50.0/EDG≥-/TP≥40.0/CV≤0.55/ANY,50.0,,40.0,0.55,ANY,188,171,100,71,58.48,50.99,65.6,-1.96,-14.81,10.9,-3.344,0.385,13
HR≥-/EDG≥-/TP≥40.0/CV≤0.45/ANY,,,40.0,0.45,ANY,370,339,184,155,54.28,48.96,59.5,-1.97,-11.85,7.91,-6.682,0.308,13
HR≥-/EDG≥-/TP≥65.0/CV≤0.5/OVER,,,65.0,0.5,OVER,56,50,34,16,68.0,54.19,79.24,-1.98,-20.87,16.9,-0.991,0.417,12
HR≥-/EDG≥0.0/TP≥50.0/CV≤0.5/ANY,,0.0,50.0,0.5,ANY,136,123,73,50,59.35,50.51,67.62,-1.98,-16.53,12.57,-2.435,0.615,13
HR≥60.0/EDG≥-/TP≥50.0/CV≤0.55/ANY,60.0,,50.0,0.55,ANY,56,51,33,18,64.71,50.99,76.37,-1.98,-22.28,18.31,-1.011,0.545,11
HR≥-/EDG≥2.5/TP≥55.0/CV≤-/ANY,,2.5,55.0,,ANY,137,124,77,47,62.1,53.32,70.15,-2.08,-15.71,11.55,-2.577,0.5,12
HR≥-/EDG≥7.5/TP≥50.0/CV≤0.55/OVER,,7.5,50.0,0.55,OVER,72,63,38,25,60.32,47.98,71.47,-2.16,-22.11,17.8,-1.359,0.462,13
HR≥-/EDG≥5.0/TP≥55.0/CV≤0.5/ANY,,5.0,55.0,0.5,ANY,75,67,41,26,61.19,49.22,71.95,-2.17,-21.09,16.75,-1.455,0.5,12
HR≥50.0/EDG≥-/TP≥-/CV≤0.7/ANY,50.0,,,0.7,ANY,224,206,121,85,58.74,51.91,65.24,-2.17,-13.81,9.47,-4.469,0.385,13
HR≥-/EDG≥2.5/TP≥50.0/CV≤0.5/ANY,,2.5,50.0,0.5,ANY,122,110,65,45,59.09,49.75,67.82,-2.19,-17.63,13.25,-2.411,0.538,13
HR≥-/EDG≥-/TP≥50.0/CV≤0.55/ANY,,,50.0,0.55,ANY,314,287,172,115,59.93,54.17,65.43,-2.21,-11.6,7.19,-6.331,0.308,13
HR≥-/EDG≥-/TP≥60.0/CV≤0.6/ANY,,,60.0,0.6,ANY,106,99,67,32,67.68,57.95,76.08,-2.22,-15.66,11.22,-2.197,0.333,12
HR≥-/EDG≥-/TP≥40.0/CV≤0.4/ANY,,,40.0,0.4,ANY,256,235,128,107,54.47,48.08,60.71,-2.23,-14.04,9.58,-5.241,0.308,13
HR≥-/EDG≥-5.0/TP≥50.0/CV≤0.4/ANY,,-5.0,50.0,0.4,ANY,90,81,49,32,60.49,49.61,70.43,-2.24,-19.76,15.29,-1.811,0.538,13
HR≥-/EDG≥-/TP≥50.0/CV≤0.45/ANY,,,50.0,0.45,ANY,216,198,119,79,60.1,53.15,66.67,-2.34,-13.59,8.91,-4.634,0.308,13
HR≥-/EDG≥10.0/TP≥-/CV≤-/ANY,,10.0,,,ANY,221,200,105,95,52.5,45.6,59.31,-2.36,-15.59,10.88,-4.711,0.385,13
HR≥-/EDG≥10.0/TP≥50.0/CV≤0.7/OVER,,10.0,50.0,0.7,OVER,78,69,41,28,59.42,47.64,70.21,-2.39,-21.75,16.97,-1.647,0.462,13
HR≥50.0/EDG≥5.0/TP≥50.0/CV≤-/ANY,50.0,5.0,50.0,,ANY,65,58,35,23,60.34,47.49,71.91,-2.42,-23.18,18.34,-1.404,0.583,12
HR≥-/EDG≥-5.0/TP≥65.0/CV≤0.6/OVER,,-5.0,65.0,0.6,OVER,67,62,42,20,67.74,55.37,78.05,-2.45,-19.4,14.5,-1.518,0.417,12
HR≥-/EDG≥-/TP≥60.0/CV≤-/ANY,,,60.0,,ANY,135,126,85,41,67.46,58.87,75.02,-2.47,-14.39,9.46,-3.111,0.333,12
HR≥-/EDG≥2.5/TP≥50.0/CV≤0.4/ANY,,2.5,50.0,0.4,ANY,71,64,38,26,59.38,47.14,70.54,-2.48,-22.63,17.67,-1.589,0.615,13
HR≥-/EDG≥2.5/TP≥55.0/CV≤0.55/OVER,,2.5,55.0,0.55,OVER,72,64,40,24,62.5,50.25,73.33,-2.49,-21.28,16.29,-1.595,0.5,12
HR≥-/EDG≥5.0/TP≥50.0/CV≤0.4/ANY,,5.0,50.0,0.4,ANY,64,58,34,24,58.62,45.8,70.37,-2.5,-23.99,18.98,-1.453,0.615,13
HR≥-/EDG≥-/TP≥60.0/CV≤0.6/OVER,,,60.0,0.6,OVER,93,86,58,28,67.44,56.98,76.41,-2.51,-16.98,11.95,-2.162,0.333,12
HR≥-/EDG≥-/TP≥60.0/CV≤0.7/OVER,,,60.0,0.7,OVER,105,98,66,32,67.35,57.56,75.82,-2.54,-16.1,11.02,-2.487,0.333,12
HR≥-/EDG≥0.0/TP≥55.0/CV≤0.6/ANY,,0.0,55.0,0.6,ANY,125,113,70,43,61.95,52.74,70.37,-2.54,-16.8,11.72,-2.874,0.417,12
HR≥-/EDG≥2.5/TP≥55.0/CV≤0.6/OVER,,2.5,55.0,0.6,OVER,81,72,45,27,62.5,50.95,72.78,-2.59,-20.27,15.08,-1.868,0.417,12
HR≥55.0/EDG≥-/TP≥60.0/CV≤0.6/ANY,55.0,,60.0,0.6,ANY,54,50,34,16,68.0,54.19,79.24,-2.66,-21.43,16.11,-1.33,0.417,12
HR≥55.0/EDG≥-/TP≥60.0/CV≤0.6/OVER,55.0,,60.0,0.6,OVER,54,50,34,16,68.0,54.19,79.24,-2.66,-21.43,16.11,-1.33,0.417,12
HR≥-/EDG≥0.0/TP≥50.0/CV≤0.4/ANY,,0.0,50.0,0.4,ANY,77,69,41,28,59.42,47.64,70.21,-2.71,-22.04,16.62,-1.867,0.615,13
HR≥-/EDG≥-5.0/TP≥65.0/CV≤0.55/OVER,,-5.0,65.0,0.55,OVER,57,52,35,17,67.31,53.76,78.48,-2.73,-21.38,15.93,-1.418,0.417,12
HR≥-/EDG≥2.5/TP≥50.0/CV≤0.45/OVER,,2.5,50.0,0.45,OVER,72,63,38,25,60.32,47.98,71.47,-2.75,-22.61,17.1,-1.734,0.538,13
HR≥-/EDG≥-5.0/TP≥65.0/CV≤0.6/ANY,,-5.0,65.0,0.6,ANY,70,65,44,21,67.69,55.61,77.8,-2.8,-19.31,13.71,-1.819,0.417,12
HR≥-/EDG≥2.5/TP≥50.0/CV≤0.55/OVER,,2.5,50.0,0.55,OVER,98,87,52,35,59.77,49.26,69.45,-2.86,-19.9,14.18,-2.49,0.538,13
HR≥-/EDG≥-/TP≥-/CV≤0.55/ANY,,,,0.55,ANY,534,487,262,225,53.8,49.36,58.18,-2.91,-11.15,5.33,-14.182,0.231,13
HR≥60.0/EDG≥-/TP≥-/CV≤-/ANY,60.0,,,,ANY,91,83,50,33,60.24,49.48,70.09,-3.0,-20.74,14.74,-2.488,0.273,11
HR≥-/EDG≥5.0/TP≥50.0/CV≤0.55/ANY,,5.0,50.0,0.55,ANY,120,108,63,45,58.33,48.91,67.19,-3.02,-18.71,12.66,-3.265,0.385,13
HR≥50.0/EDG≥-/TP≥40.0/CV≤0.6/ANY,50.0,,40.0,0.6,ANY,209,192,112,80,58.33,51.26,65.08,-3.04,-15.06,8.97,-5.842,0.385,13
HR≥50.0/EDG≥5.0/TP≥50.0/CV≤0.6/OVER,50.0,5.0,50.0,0.6,OVER,59,53,32,21,60.38,46.94,72.41,-3.06,-24.63,18.52,-1.619,0.5,12
HR≥50.0/EDG≥5.0/TP≥50.0/CV≤0.7/OVER,50.0,5.0,50.0,0.7,OVER,59,53,32,21,60.38,46.94,72.41,-3.06,-24.63,18.52,-1.619,0.5,12
HR≥-/EDG≥-/TP≥-/CV≤0.5/ANY,,,,0.5,ANY,470,431,231,200,53.6,48.88,58.25,-3.08,-11.86,5.71,-13.257,0.154,13
HR≥-/EDG≥-/TP≥40.0/CV≤0.55/ANY,,,40.0,0.55,ANY,531,484,260,224,53.72,49.26,58.11,-3.1,-11.36,5.16,-14.995,0.308,13
HR≥-/EDG≥10.0/TP≥40.0/CV≤-/ANY,,10.0,40.0,,ANY,220,199,104,95,52.26,45.34,59.09,-3.1,-16.32,10.13,-6.161,0.385,13
HR≥55.0/EDG≥-/TP≥-/CV≤0.5/ANY,55.0,,,0.5,ANY,106,97,57,40,58.76,48.82,68.04,-3.13,-19.96,13.7,-3.034,0.5,12
HR≥-/EDG≥5.0/TP≥55.0/CV≤0.6/ANY,,5.0,55.0,0.6,ANY,93,84,51,33,60.71,50.02,70.47,-3.18,-20.04,13.68,-2.668,0.5,12
HR≥50.0/EDG≥-/TP≥-/CV≤-/ANY,50.0,,,,ANY,241,219,127,92,57.99,51.37,64.34,-3.2,-14.53,8.12,-7.017,0.385,13
HR≥-/EDG≥2.5/TP≥55.0/CV≤0.6/ANY,,2.5,55.0,0.6,ANY,112,101,62,39,61.39,51.64,70.3,-3.27,-18.42,11.88,-3.305,0.5,12
HR≥50.0/EDG≥-/TP≥40.0/CV≤0.7/ANY,50.0,,40.0,0.7,ANY,219,202,118,84,58.42,51.52,64.99,-3.28,-14.94,8.38,-6.633,0.385,13
HR≥-/EDG≥-/TP≥40.0/CV≤0.5/ANY,,,40.0,0.5,ANY,467,428,229,199,53.5,48.77,58.18,-3.29,-12.09,5.52,-14.071,0.231,13
HR≥-/EDG≥10.0/TP≥50.0/CV≤0.7/ANY,,10.0,50.0,0.7,ANY,120,107,62,45,57.94,48.47,66.86,-3.37,-19.22,12.49,-3.601,0.385,13
HR≥50.0/EDG≥5.0/TP≥50.0/CV≤0.55/ANY,50.0,5.0,50.0,0.55,ANY,56,50,30,20,60.0,46.18,72.39,-3.39,-25.73,18.94,-1.697,0.583,12
HR≥-/EDG≥0.0/TP≥50.0/CV≤0.7/UNDER,,0.0,50.0,0.7,UNDER,62,58,33,25,56.9,44.12,68.82,-3.46,-25.54,18.62,-2.007,0.583,12
HR≥-/EDG≥2.5/TP≥50.0/CV≤0.55/ANY,,2.5,50.0,0.55,ANY,136,123,72,51,58.54,49.7,66.86,-3.46,-18.04,11.12,-4.257,0.462,13
HR≥-/EDG≥-/TP≥-/CV≤0.6/ANY,,,,0.6,ANY,603,549,295,254,53.73,49.55,57.86,-3.55,-11.27,4.17,-19.477,0.154,13
HR≥60.0/EDG≥-/TP≥-/CV≤0.6/ANY,60.0,,,0.6,ANY,86,79,47,32,59.49,48.47,69.63,-3.58,-21.95,14.79,-2.828,0.364,11
HR≥60.0/EDG≥-/TP≥-/CV≤0.7/ANY,60.0,,,0.7,ANY,89,82,49,33,59.76,48.94,69.7,-3.58,-21.5,14.34,-2.938,0.273,11
HR≥-/EDG≥5.0/TP≥50.0/CV≤0.45/ANY,,5.0,50.0,0.45,ANY,86,77,45,32,58.44,47.29,68.79,-3.61,-22.07,14.84,-2.783,0.538,13
HR≥-/EDG≥2.5/TP≥55.0/CV≤0.7/ANY,,2.5,55.0,0.7,ANY,123,111,68,43,61.26,51.97,69.8,-3.66,-18.09,10.77,-4.066,0.5,12
HR≥50.0/EDG≥5.0/TP≥50.0/CV≤-/OVER,50.0,5.0,50.0,,OVER,62,55,33,22,60.0,46.81,71.88,-3.69,-24.88,17.51,-2.028,0.5,12
HR≥60.0/EDG≥-/TP≥40.0/CV≤0.45/ANY,60.0,,40.0,0.45,ANY,67,60,35,25,58.33,45.73,69.94,-3.69,-25.21,17.83,-2.214,0.545,11
HR≥55.0/EDG≥-/TP≥60.0/CV≤0.7/ANY,55.0,,60.0,0.7,ANY,59,55,37,18,67.27,54.1,78.19,-3.71,-21.69,14.27,-2.04,0.417,12
HR≥55.0/EDG≥-/TP≥60.0/CV≤0.7/OVER,55.0,,60.0,0.7,OVER,59,55,37,18,67.27,54.1,78.19,-3.71,-21.69,14.27,-2.04,0.417,12
HR≥55.0/EDG≥-/TP≥-/CV≤0.55/ANY,55.0,,,0.55,ANY,111,102,60,42,58.82,49.12,67.88,-3.72,-20.01,12.56,-3.798,0.417,12
HR≥-/EDG≥10.0/TP≥50.0/CV≤-/OVER,,10.0,50.0,,OVER,80,70,41,29,58.57,46.88,69.37,-3.78,-23.06,15.49,-2.647,0.462,13
HR≥-/EDG≥-5.0/TP≥65.0/CV≤0.55/ANY,,-5.0,65.0,0.55,ANY,59,54,36,18,66.67,53.36,77.76,-3.81,-22.17,14.55,-2.058,0.417,12
HR≥-/EDG≥-/TP≥60.0/CV≤-/OVER,,,60.0,,OVER,116,107,71,36,66.36,56.97,74.6,-3.82,-16.91,9.27,-4.091,0.333,12
HR≥-/EDG≥-/TP≥40.0/CV≤0.7/ANY,,,40.0,0.7,ANY,679,619,332,287,53.63,49.7,57.53,-3.85,-11.1,3.41,-23.807,0.077,13
HR≥-/EDG≥-2.5/TP≥65.0/CV≤-/ANY,,-2.5,65.0,,ANY,75,69,46,23,66.67,54.93,76.65,-3.86,-20.08,12.35,-2.666,0.417,12
HR≥-/EDG≥-/TP≥-/CV≤0.7/ANY,,,,0.7,ANY,690,627,336,291,53.59,49.67,57.46,-3.87,-11.09,3.35,-24.28,0.077,13
HR≥-/EDG≥7.5/TP≥55.0/CV≤0.6/ANY,,7.5,55.0,0.6,ANY,86,78,47,31,60.26,49.16,70.39,-3.94,-21.48,13.59,-3.077,0.583,12
HR≥-/EDG≥-/TP≥40.0/CV≤0.6/ANY,,,40.0,0.6,ANY,598,545,292,253,53.58,49.38,57.73,-3.97,-11.7,3.76,-21.641,0.154,13
HR≥-/EDG≥0.0/TP≥50.0/CV≤0.55/ANY,,0.0,50.0,0.55,ANY,153,139,81,58,58.27,49.96,66.14,-3.97,-17.67,9.74,-5.513,0.462,13
HR≥-/EDG≥-2.5/TP≥65.0/CV≤0.7/ANY,,-2.5,65.0,0.7,ANY,68,63,42,21,66.67,54.37,77.05,-3.99,-20.95,12.96,-2.516,0.417,12
HR≥55.0/EDG≥-/TP≥-/CV≤0.6/ANY,55.0,,,0.6,ANY,122,113,67,46,59.29,50.07,67.9,-4.0,-19.27,11.26,-4.526,0.417,12
HR≥-/EDG≥-2.5/TP≥65.0/CV≤-/OVER,,-2.5,65.0,,OVER,68,62,41,21,66.13,53.72,76.66,-4.02,-21.31,13.28,-2.49,0.333,12
HR≥60.0/EDG≥-/TP≥-/CV≤0.5/ANY,60.0,,,0.5,ANY,76,69,40,29,57.97,46.21,68.89,-4.05,-24.24,16.14,-2.796,0.455,11
HR≥-/EDG≥10.0/TP≥50.0/CV≤-/ANY,,10.0,50.0,,ANY,130,115,66,49,57.39,48.26,66.05,-4.06,-19.4,11.27,-4.673,0.538,13
HR≥60.0/EDG≥-/TP≥-/CV≤0.5/OVER,60.0,,,0.5,OVER,57,51,32,19,62.75,49.02,74.68,-4.06,-24.85,16.74,-2.07,0.545,11
HR≥60.0/EDG≥-/TP≥40.0/CV≤0.5/OVER,60.0,,40.0,0.5,OVER,57,51,32,19,62.75,49.02,74.68,-4.06,-24.85,16.74,-2.07,0.545,11
HR≥-/EDG≥10.0/TP≥50.0/CV≤0.5/OVER,,10.0,50.0,0.5,OVER,60,51,30,21,58.82,45.17,71.25,-4.09,-26.51,18.33,-2.087,0.462,13
HR≥-/EDG≥5.0/TP≥55.0/CV≤-/ANY,,5.0,55.0,,ANY,114,103,62,41,60.19,50.54,69.12,-4.12,-19.35,11.12,-4.242,0.417,12
HR≥-/EDG≥10.0/TP≥50.0/CV≤0.6/OVER,,10.0,50.0,0.6,OVER,74,65,38,27,58.46,46.34,69.64,-4.12,-24.1,15.87,-2.675,0.385,13
HR≥-/EDG≥-/TP≥40.0/CV≤-/ANY,,,40.0,,ANY,756,687,367,320,53.42,49.68,57.12,-4.14,-11.03,2.76,-28.413,0.077,13
HR≥-/EDG≥-/TP≥-/CV≤-/ANY,,,,,ANY,772,700,374,326,53.43,49.72,57.1,-4.22,-11.04,2.61,-29.508,0.077,13
HR≥-/EDG≥7.5/TP≥50.0/CV≤0.55/ANY,,7.5,50.0,0.55,ANY,106,95,55,40,57.89,47.85,67.33,-4.23,-20.91,12.45,-4.02,0.385,13
HR≥50.0/EDG≥-/TP≥40.0/CV≤-/ANY,50.0,,40.0,,ANY,236,215,124,91,57.67,50.99,64.09,-4.27,-15.62,7.08,-9.18,0.385,13
HR≥-/EDG≥-/TP≥40.0/CV≤0.3/ANY,,,40.0,0.3,ANY,63,56,30,26,53.57,40.7,65.98,-4.3,-28.57,19.98,-2.405,0.556,9
HR≥-/EDG≥0.0/TP≥50.0/CV≤0.45/ANY,,0.0,50.0,0.45,ANY,110,99,58,41,58.59,48.74,67.79,-4.32,-20.42,11.77,-4.28,0.462,13
HR≥-/EDG≥-2.5/TP≥65.0/CV≤0.7/OVER,,-2.5,65.0,0.7,OVER,64,59,39,20,66.1,53.37,76.86,-4.33,-22.01,13.36,-2.554,0.417,12
HR≥55.0/EDG≥-/TP≥-/CV≤0.7/ANY,55.0,,,0.7,ANY,127,118,70,48,59.32,50.3,67.76,-4.44,-19.29,10.41,-5.236,0.333,12
HR≥-/EDG≥7.5/TP≥50.0/CV≤0.5/ANY,,7.5,50.0,0.5,ANY,96,85,49,36,57.65,47.04,67.6,-4.46,-22.14,13.23,-3.789,0.385,13
HR≥-/EDG≥5.0/TP≥55.0/CV≤0.55/ANY,,5.0,55.0,0.55,ANY,84,75,45,30,60.0,48.69,70.34,-4.53,-22.41,13.35,-3.397,0.417,12
HR≥-/EDG≥10.0/TP≥50.0/CV≤0.6/ANY,,10.0,50.0,0.6,ANY,105,94,54,40,57.45,47.35,66.96,-4.54,-21.39,12.31,-4.264,0.385,13
HR≥-/EDG≥2.5/TP≥55.0/CV≤0.45/ANY,,2.5,55.0,0.45,ANY,73,66,40,26,60.61,48.55,71.5,-4.55,-23.39,14.29,-3.001,0.667,12
HR≥-/EDG≥7.5/TP≥55.0/CV≤0.5/ANY,,7.5,55.0,0.5,ANY,70,62,37,25,59.68,47.25,70.98,-4.62,-24.44,15.2,-2.864,0.5,12
HR≥55.0/EDG≥-/TP≥40.0/CV≤0.5/ANY,55.0,,40.0,0.5,ANY,105,96,56,40,58.33,48.34,67.69,-4.67,-21.4,12.06,-4.484,0.417,12
HR≥-/EDG≥2.5/TP≥55.0/CV≤0.5/ANY,,2.5,55.0,0.5,ANY,89,80,48,32,60.0,49.05,70.04,-4.68,-21.96,12.61,-3.741,0.583,12
HR≥60.0/EDG≥-/TP≥40.0/CV≤-/ANY,60.0,,40.0,,ANY,90,82,49,33,59.76,48.94,69.7,-4.8,-22.4,12.8,-3.938,0.273,11
HR≥55.0/EDG≥-/TP≥-/CV≤-/ANY,55.0,,,,ANY,132,120,71,49,59.17,50.22,67.54,-4.82,-19.53,9.89,-5.785,0.333,12
HR≥-/EDG≥7.5/TP≥55.0/CV≤-/ANY,,7.5,55.0,,ANY,104,94,56,38,59.57,49.47,68.93,-4.93,-20.96,11.1,-4.632,0.417,12
HR≥-/EDG≥5.0/TP≥55.0/CV≤0.7/ANY,,5.0,55.0,0.7,ANY,102,92,55,37,59.78,49.57,69.22,-5.16,-21.25,10.93,-4.743,0.417,12
HR≥55.0/EDG≥-/TP≥40.0/CV≤0.55/ANY,55.0,,40.0,0.55,ANY,110,101,59,42,58.42,48.67,67.55,-5.2,-21.38,10.99,-5.248,0.417,12
HR≥-/EDG≥0.0/TP≥55.0/CV≤0.55/ANY,,0.0,55.0,0.55,ANY,111,100,60,40,60.0,50.2,69.06,-5.23,-20.58,10.12,-5.232,0.583,12
HR≥55.0/EDG≥-/TP≥40.0/CV≤0.6/ANY,55.0,,40.0,0.6,ANY,121,112,66,46,58.93,49.67,67.6,-5.34,-20.51,9.84,-5.976,0.417,12
HR≥-/EDG≥7.5/TP≥50.0/CV≤-/UNDER,,7.5,50.0,,UNDER,56,51,28,23,54.9,41.38,67.73,-5.36,-29.38,18.66,-2.732,0.5,12
HR≥60.0/EDG≥-/TP≥40.0/CV≤0.7/ANY,60.0,,40.0,0.7,ANY,88,81,48,33,59.26,48.38,69.3,-5.42,-23.19,12.36,-4.388,0.273,11
HR≥55.0/EDG≥-/TP≥60.0/CV≤-/ANY,55.0,,60.0,,ANY,61,56,37,19,66.07,53.0,77.08,-5.43,-23.4,12.54,-3.04,0.417,12
HR≥55.0/EDG≥-/TP≥60.0/CV≤-/OVER,55.0,,60.0,,OVER,61,56,37,19,66.07,53.0,77.08,-5.43,-23.4,12.54,-3.04,0.417,12
HR≥-/EDG≥2.5/TP≥50.0/CV≤0.45/ANY,,2.5,50.0,0.45,ANY,100,90,52,38,57.78,47.46,67.46,-5.44,-22.41,11.53,-4.896,0.538,13
HR≥60.0/EDG≥-/TP≥40.0/CV≤0.6/ANY,60.0,,40.0,0.6,ANY,85,78,46,32,58.97,47.89,69.22,-5.48,-23.7,12.73,-4.278,0.364,11
HR≥-/EDG≥7.5/TP≥55.0/CV≤0.55/ANY,,7.5,55.0,0.55,ANY,77,69,41,28,59.42,47.64,70.21,-5.52,-24.2,13.17,-3.806,0.5,12
HR≥-/EDG≥0.0/TP≥60.0/CV≤-/ANY,,0.0,60.0,,ANY,70,65,42,23,64.62,52.47,75.12,-5.53,-22.72,11.65,-3.597,0.417,12
HR≥-/EDG≥-/TP≥55.0/CV≤-/UNDER,,,55.0,,UNDER,108,98,57,41,58.16,48.27,67.44,-5.65,-21.69,10.39,-5.534,0.5,12
HR≥-/EDG≥-5.0/TP≥70.0/CV≤-/ANY,,-5.0,70.0,,ANY,59,55,36,19,65.45,52.25,76.64,-5.71,-24.05,12.62,-3.142,0.417,12
HR≥-/EDG≥-5.0/TP≥70.0/CV≤0.7/ANY,,-5.0,70.0,0.7,ANY,59,55,36,19,65.45,52.25,76.64,-5.71,-24.05,12.62,-3.142,0.417,12
HR≥55.0/EDG≥-/TP≥40.0/CV≤0.7/ANY,55.0,,40.0,0.7,ANY,126,117,69,48,58.97,49.91,67.46,-5.71,-20.48,9.05,-6.686,0.333,12
HR≥-/EDG≥10.0/TP≥50.0/CV≤0.55/OVER,,10.0,50.0,0.55,OVER,66,57,33,24,57.89,44.98,69.81,-5.75,-26.98,15.49,-3.276,0.308,13
HR≥-/EDG≥2.5/TP≥55.0/CV≤0.55/ANY,,2.5,55.0,0.55,ANY,99,89,53,36,59.55,49.16,69.15,-5.95,-22.26,10.36,-5.298,0.583,12
HR≥-/EDG≥-2.5/TP≥65.0/CV≤0.6/OVER,,-2.5,65.0,0.6,OVER,62,57,37,20,64.91,51.94,76.0,-5.99,-24.15,12.17,-3.415,0.417,12
HR≥-/EDG≥7.5/TP≥55.0/CV≤0.7/ANY,,7.5,55.0,0.7,ANY,95,86,51,35,59.3,48.74,69.07,-5.99,-22.66,10.68,-5.153,0.5,12
HR≥-/EDG≥0.0/TP≥60.0/CV≤0.7/ANY,,0.0,60.0,0.7,ANY,64,59,38,21,64.41,51.66,75.4,-6.04,-24.08,11.99,-3.565,0.417,12
HR≥-/EDG≥-/TP≥55.0/CV≤0.6/UNDER,,,55.0,0.6,UNDER,80,73,42,31,57.53,46.1,68.22,-6.06,-24.82,12.7,-4.423,0.5,12
HR≥-/EDG≥5.0/TP≥50.0/CV≤-/UNDER,,5.0,50.0,,UNDER,60,55,30,25,54.55,41.52,66.97,-6.07,-29.16,17.02,-3.338,0.5,12
HR≥55.0/EDG≥-/TP≥40.0/CV≤-/ANY,55.0,,40.0,,ANY,131,119,70,49,58.82,49.84,67.26,-6.08,-20.7,8.54,-7.235,0.333,12
HR≥60.0/EDG≥-/TP≥-/CV≤0.55/ANY,60.0,,,0.55,ANY,79,72,41,31,56.94,45.44,67.74,-6.13,-25.85,13.6,-4.411,0.364,11
HR≥-/EDG≥-/TP≥50.0/CV≤-/UNDER,,,50.0,,UNDER,170,158,87,71,55.06,47.28,62.61,-6.15,-19.54,7.24,-9.719,0.333,12
HR≥-/EDG≥-2.5/TP≥65.0/CV≤0.6/ANY,,-2.5,65.0,0.6,ANY,65,60,39,21,65.0,52.36,75.83,-6.19,-23.82,11.43,-3.716,0.417,12
HR≥60.0/EDG≥-/TP≥40.0/CV≤0.5/ANY,60.0,,40.0,0.5,ANY,75,68,39,29,57.35,45.52,68.4,-6.24,-26.26,13.77,-4.246,0.364,11
HR≥-/EDG≥0.0/TP≥60.0/CV≤-/OVER,,0.0,60.0,,OVER,60,55,35,20,63.64,50.42,75.07,-6.27,-25.22,12.69,-3.447,0.417,12
HR≥-/EDG≥-5.0/TP≥-/CV≤-/UNDER,,-5.0,,,UNDER,160,145,73,72,50.34,42.3,58.37,-6.43,-21.94,9.07,-9.329,0.385,13
HR≥-/EDG≥-5.0/TP≥70.0/CV≤-/OVER,,-5.0,70.0,,OVER,58,54,35,19,64.81,51.48,76.18,-6.45,-25.07,12.17,-3.481,0.417,12
HR≥-/EDG≥-5.0/TP≥70.0/CV≤0.7/OVER,,-5.0,70.0,0.7,OVER,58,54,35,19,64.81,51.48,76.18,-6.45,-25.07,12.17,-3.481,0.417,12
HR≥-/EDG≥-/TP≥55.0/CV≤0.7/UNDER,,,55.0,0.7,UNDER,93,85,49,36,57.65,47.04,67.6,-6.62,-23.85,10.61,-5.629,0.333,12
HR≥60.0/EDG≥-/TP≥-/CV≤0.55/OVER,60.0,,,0.55,OVER,60,54,33,21,61.11,47.79,72.96,-6.83,-27.12,13.47,-3.686,0.545,11
HR≥60.0/EDG≥-/TP≥40.0/CV≤0.55/OVER,60.0,,40.0,0.55,OVER,60,54,33,21,61.11,47.79,72.96,-6.83,-27.12,13.47,-3.686,0.545,11
HR≥-/EDG≥-2.5/TP≥65.0/CV≤0.55/ANY,,-2.5,65.0,0.55,ANY,55,50,32,18,64.0,50.14,75.86,-7.21,-26.74,12.33,-3.604,0.417,12
HR≥-/EDG≥-2.5/TP≥-/CV≤-/UNDER,,-2.5,,,UNDER,151,138,69,69,50.0,41.77,58.23,-7.25,-23.12,8.62,-10.002,0.462,13
HR≥-/EDG≥-2.5/TP≥70.0/CV≤-/ANY,,-2.5,70.0,,ANY,57,53,34,19,64.15,50.69,75.7,-7.25,-26.16,11.65,-3.844,0.333,12
HR≥-/EDG≥-2.5/TP≥70.0/CV≤0.7/ANY,,-2.5,70.0,0.7,ANY,57,53,34,19,64.15,50.69,75.7,-7.25,-26.16,11.65,-3.844,0.333,12
HR≥-/EDG≥10.0/TP≥55.0/CV≤0.6/ANY,,10.0,55.0,0.6,ANY,77,69,40,29,57.97,46.21,68.89,-7.32,-26.19,11.55,-5.05,0.5,12
HR≥-/EDG≥10.0/TP≥50.0/CV≤0.55/ANY,,10.0,50.0,0.55,ANY,95,84,47,37,55.95,45.31,66.08,-7.42,-25.25,10.41,-6.232,0.308,13
HR≥-/EDG≥10.0/TP≥55.0/CV≤-/ANY,,10.0,55.0,,ANY,93,83,48,35,57.83,47.09,67.88,-7.47,-24.69,9.75,-6.197,0.417,12
HR≥-/EDG≥-5.0/TP≥70.0/CV≤0.6/ANY,,-5.0,70.0,0.6,ANY,57,53,34,19,64.15,50.69,75.7,-7.55,-26.4,11.3,-4.003,0.417,12
HR≥-/EDG≥2.5/TP≥-/CV≤0.7/UNDER,,2.5,,0.7,UNDER,102,92,46,46,50.0,39.99,60.01,-7.79,-27.14,11.56,-7.166,0.385,13
HR≥-/EDG≥-/TP≥-/CV≤0.35/UNDER,,,,0.35,UNDER,61,56,28,28,50.0,37.33,62.67,-7.85,-32.81,17.11,-4.395,0.5,12
HR≥-/EDG≥0.0/TP≥60.0/CV≤0.7/OVER,,0.0,60.0,0.7,OVER,56,51,32,19,62.75,49.02,74.68,-7.92,-27.64,11.81,-4.037,0.417,12
HR≥-/EDG≥-/TP≥50.0/CV≤0.7/UNDER,,,50.0,0.7,UNDER,150,141,76,65,53.9,45.68,61.92,-7.94,-22.18,6.3,-11.192,0.167,12
HR≥-/EDG≥10.0/TP≥55.0/CV≤0.5/ANY,,10.0,55.0,0.5,ANY,62,54,31,23,57.41,44.16,69.67,-7.96,-29.44,13.52,-4.297,0.417,12
HR≥-/EDG≥2.5/TP≥60.0/CV≤-/ANY,,2.5,60.0,,ANY,63,59,37,22,62.71,49.95,73.92,-7.97,-26.29,10.36,-4.701,0.417,12
HR≥-/EDG≥0.0/TP≥-/CV≤-/UNDER,,0.0,,,UNDER,137,125,62,63,49.6,40.98,58.25,-7.98,-24.65,8.7,-9.972,0.462,13
HR≥-/EDG≥-2.5/TP≥70.0/CV≤-/OVER,,-2.5,70.0,,OVER,56,52,33,19,63.46,49.87,75.2,-8.04,-27.25,11.16,-4.183,0.333,12
HR≥-/EDG≥-2.5/TP≥70.0/CV≤0.7/OVER,,-2.5,70.0,0.7,OVER,56,52,33,19,63.46,49.87,75.2,-8.04,-27.25,11.16,-4.183,0.333,12
HR≥-/EDG≥10.0/TP≥55.0/CV≤0.7/ANY,,10.0,55.0,0.7,ANY,85,76,44,32,57.89,46.68,68.35,-8.06,-25.92,9.8,-6.126,0.5,12
HR≥-/EDG≥10.0/TP≥50.0/CV≤0.5/ANY,,10.0,50.0,0.5,ANY,85,74,41,33,55.41,44.09,66.18,-8.11,-27.18,10.96,-6.0,0.308,13
HR≥60.0/EDG≥-/TP≥40.0/CV≤0.55/ANY,60.0,,40.0,0.55,ANY,78,71,40,31,56.34,44.77,67.25,-8.26,-27.81,11.3,-5.861,0.364,11
HR≥-/EDG≥-5.0/TP≥70.0/CV≤0.6/OVER,,-5.0,70.0,0.6,OVER,56,52,33,19,63.46,49.87,75.2,-8.35,-27.5,10.8,-4.342,0.417,12
HR≥-/EDG≥7.5/TP≥50.0/CV≤0.45/ANY,,7.5,50.0,0.45,ANY,75,66,37,29,56.06,44.08,67.37,-8.39,-28.29,11.51,-5.539,0.5,12
HR≥-/EDG≥-5.0/TP≥-/CV≤0.7/UNDER,,-5.0,,0.7,UNDER,134,120,59,61,49.17,40.39,58.0,-8.47,-25.54,8.6,-10.167,0.462,13
HR≥-/EDG≥-5.0/TP≥40.0/CV≤-/UNDER,,-5.0,40.0,,UNDER,158,143,71,72,49.65,41.57,57.75,-8.48,-23.94,6.98,-12.129,0.385,13
HR≥-/EDG≥0.0/TP≥65.0/CV≤0.7/ANY,,0.0,65.0,0.7,ANY,59,54,34,20,62.96,49.63,74.58,-8.56,-27.5,10.37,-4.625,0.333,12
HR≥-/EDG≥10.0/TP≥55.0/CV≤0.55/ANY,,10.0,55.0,0.55,ANY,69,61,35,26,57.38,44.9,68.98,-8.59,-28.65,11.47,-5.239,0.5,12
HR≥-/EDG≥0.0/TP≥65.0/CV≤-/OVER,,0.0,65.0,,OVER,58,53,33,20,62.26,48.81,74.06,-8.68,-28.05,10.7,-4.598,0.417,12
HR≥-/EDG≥2.5/TP≥-/CV≤-/UNDER,,2.5,,,UNDER,122,111,55,56,49.55,40.42,58.71,-8.74,-26.3,8.82,-9.703,0.462,13
HR≥-/EDG≥0.0/TP≥65.0/CV≤-/ANY,,0.0,65.0,,ANY,64,59,37,22,62.71,49.95,73.92,-8.78,-26.94,9.37,-5.183,0.417,12
HR≥-/EDG≥2.5/TP≥60.0/CV≤0.7/ANY,,2.5,60.0,0.7,ANY,57,53,33,20,62.26,48.81,74.06,-8.81,-28.17,10.55,-4.669,0.417,12
HR≥-/EDG≥-/TP≥70.0/CV≤-/ANY,,,70.0,,ANY,62,57,36,21,63.16,50.18,74.48,-9.02,-27.28,9.24,-5.142,0.417,12
HR≥-/EDG≥-/TP≥70.0/CV≤0.7/ANY,,,70.0,0.7,ANY,62,57,36,21,63.16,50.18,74.48,-9.02,-27.28,9.24,-5.142,0.417,12
HR≥-/EDG≥-2.5/TP≥70.0/CV≤0.6/ANY,,-2.5,70.0,0.6,ANY,55,51,32,19,62.75,49.02,74.68,-9.22,-28.68,10.23,-4.705,0.333,12
HR≥-/EDG≥-/TP≥70.0/CV≤0.6/ANY,,,70.0,0.6,ANY,59,54,34,20,62.96,49.63,74.58,-9.26,-28.06,9.54,-5.003,0.417,12
HR≥-/EDG≥0.0/TP≥65.0/CV≤0.7/OVER,,0.0,65.0,0.7,OVER,55,50,31,19,62.0,48.15,74.14,-9.32,-29.25,10.6,-4.662,0.333,12
HR≥-/EDG≥-2.5/TP≥40.0/CV≤-/UNDER,,-2.5,40.0,,UNDER,149,136,67,69,49.26,41.0,57.57,-9.41,-25.23,6.4,-12.802,0.308,13
HR≥-/EDG≥0.0/TP≥60.0/CV≤0.6/ANY,,0.0,60.0,0.6,ANY,60,55,34,21,61.82,48.61,73.48,-9.45,-28.49,9.58,-5.199,0.333,12
HR≥-/EDG≥2.5/TP≥40.0/CV≤0.7/UNDER,,2.5,40.0,0.7,UNDER,101,91,45,46,49.45,39.41,59.54,-9.47,-28.75,9.81,-8.616,0.308,13
HR≥-/EDG≥-/TP≥70.0/CV≤-/OVER,,,70.0,,OVER,61,56,35,21,62.5,49.41,73.99,-9.79,-28.31,8.74,-5.481,0.417,12
HR≥-/EDG≥-/TP≥70.0/CV≤0.7/OVER,,,70.0,0.7,OVER,61,56,35,21,62.5,49.41,73.99,-9.79,-28.31,8.74,-5.481,0.417,12
HR≥-/EDG≥2.5/TP≥-/CV≤0.6/UNDER,,2.5,,0.6,UNDER,80,73,36,37,49.32,38.17,60.53,-9.8,-31.33,11.72,-7.156,0.417,12
HR≥-/EDG≥0.0/TP≥-/CV≤0.7/UNDER,,0.0,,0.7,UNDER,114,103,50,53,48.54,39.12,58.07,-9.95,-28.33,8.42,-10.253,0.462,13
HR≥-/EDG≥-/TP≥70.0/CV≤0.6/OVER,,,70.0,0.6,OVER,58,53,33,20,62.26,48.81,74.06,-10.08,-29.17,9.01,-5.342,0.417,12
HR≥-/EDG≥-2.5/TP≥70.0/CV≤0.6/OVER,,-2.5,70.0,0.6,OVER,54,50,31,19,62.0,48.15,74.14,-10.09,-29.86,9.68,-5.044,0.333,12
HR≥-/EDG≥2.5/TP≥40.0/CV≤-/UNDER,,2.5,40.0,,UNDER,121,110,54,56,49.09,39.94,58.31,-10.14,-27.65,7.37,-11.153,0.385,13
HR≥-/EDG≥5.0/TP≥-/CV≤0.55/UNDER,,5.0,,0.55,UNDER,65,60,29,31,48.33,36.17,60.69,-10.24,-34.28,13.8,-6.143,0.5,12
HR≥-/EDG≥0.0/TP≥40.0/CV≤-/UNDER,,0.0,40.0,,UNDER,135,123,60,63,48.78,40.12,57.52,-10.38,-26.99,6.22,-12.772,0.308,13
HR≥-/EDG≥-2.5/TP≥-/CV≤0.7/UNDER,,-2.5,,0.7,UNDER,126,114,55,59,48.25,39.28,57.33,-10.39,-27.85,7.08,-11.84,0.385,13
HR≥-/EDG≥-/TP≥50.0/CV≤0.6/UNDER,,,50.0,0.6,UNDER,129,122,64,58,52.46,43.66,61.11,-10.4,-25.72,4.92,-12.687,0.25,12
HR≥-/EDG≥-/TP≥55.0/CV≤0.55/UNDER,,,55.0,0.55,UNDER,69,62,34,28,54.84,42.53,66.58,-10.44,-30.95,10.07,-6.473,0.333,12
HR≥-/EDG≥-/TP≥40.0/CV≤0.35/UNDER,,,40.0,0.35,UNDER,60,55,27,28,49.09,36.38,61.92,-10.63,-35.43,14.18,-5.845,0.5,12
HR≥-/EDG≥5.0/TP≥-/CV≤0.7/UNDER,,5.0,,0.7,UNDER,91,81,39,42,48.15,37.6,58.86,-10.64,-31.32,10.03,-8.622,0.385,13
HR≥-/EDG≥-5.0/TP≥40.0/CV≤0.7/UNDER,,-5.0,40.0,0.7,UNDER,132,118,57,61,48.31,39.49,57.23,-10.99,-27.99,6.01,-12.967,0.462,13
HR≥-/EDG≥2.5/TP≥-/CV≤0.55/UNDER,,2.5,,0.55,UNDER,70,65,31,34,47.69,36.02,59.62,-11.22,-34.39,11.95,-7.293,0.5,12
HR≥-/EDG≥0.0/TP≥65.0/CV≤0.6/ANY,,0.0,65.0,0.6,ANY,56,51,31,20,60.78,47.08,72.97,-11.42,-31.19,8.35,-5.824,0.333,12
HR≥-/EDG≥-5.0/TP≥-/CV≤0.6/UNDER,,-5.0,,0.6,UNDER,108,97,46,51,47.42,37.77,57.27,-11.44,-30.45,7.57,-11.098,0.417,12
HR≥-/EDG≥2.5/TP≥60.0/CV≤0.6/ANY,,2.5,60.0,0.6,ANY,54,50,30,20,60.0,46.18,72.39,-11.81,-32.03,8.41,-5.904,0.333,12
HR≥-/EDG≥2.5/TP≥65.0/CV≤-/ANY,,2.5,65.0,,ANY,57,53,32,21,60.38,46.94,72.41,-11.86,-31.33,7.6,-6.287,0.417,12
HR≥-/EDG≥2.5/TP≥40.0/CV≤0.6/UNDER,,2.5,40.0,0.6,UNDER,79,72,35,37,48.61,37.43,59.93,-11.95,-33.36,9.45,-8.606,0.333,12
HR≥-/EDG≥5.0/TP≥-/CV≤0.6/UNDER,,5.0,,0.6,UNDER,72,65,31,34,47.69,36.02,59.62,-11.96,-34.89,10.96,-7.777,0.333,12
HR≥-/EDG≥0.0/TP≥-/CV≤0.6/UNDER,,0.0,,0.6,UNDER,90,82,39,43,47.56,37.1,58.24,-12.06,-32.56,8.44,-9.892,0.333,12
HR≥-/EDG≥5.0/TP≥40.0/CV≤0.7/UNDER,,5.0,40.0,0.7,UNDER,90,80,38,42,47.5,36.92,58.3,-12.59,-33.17,7.99,-10.072,0.385,13
HR≥-/EDG≥5.0/TP≥-/CV≤-/UNDER,,5.0,,,UNDER,107,96,45,51,46.88,37.21,56.78,-12.81,-31.78,6.17,-12.293,0.308,13
HR≥-/EDG≥5.0/TP≥40.0/CV≤0.55/UNDER,,5.0,40.0,0.55,UNDER,64,59,28,31,47.46,35.27,59.96,-12.87,-36.75,11.01,-7.593,0.5,12
HR≥-/EDG≥0.0/TP≥40.0/CV≤0.7/UNDER,,0.0,40.0,0.7,UNDER,112,101,48,53,47.52,38.06,57.18,-12.92,-31.19,5.34,-13.053,0.308,13
HR≥-/EDG≥-2.5/TP≥40.0/CV≤0.7/UNDER,,-2.5,40.0,0.7,UNDER,124,112,53,59,47.32,38.32,56.5,-13.07,-30.45,4.3,-14.64,0.308,13
HR≥-/EDG≥-/TP≥-/CV≤-/UNDER,,,,,UNDER,326,297,138,159,46.46,40.87,52.15,-13.17,-23.98,-2.36,-39.109,0.231,13
HR≥-/EDG≥-2.5/TP≥-/CV≤0.6/UNDER,,-2.5,,0.6,UNDER,101,92,43,49,46.74,36.88,56.86,-13.2,-32.6,6.2,-12.142,0.417,12
HR≥-/EDG≥-5.0/TP≥-/CV≤0.45/UNDER,,-5.0,,0.45,UNDER,63,59,27,32,45.76,33.7,58.34,-13.29,-38.03,11.45,-7.839,0.364,11
HR≥-/EDG≥-5.0/TP≥-/CV≤0.55/UNDER,,-5.0,,0.55,UNDER,94,85,39,46,45.88,35.7,56.42,-13.29,-33.76,7.18,-11.298,0.5,12
HR≥50.0/EDG≥-/TP≥-/CV≤0.55/UNDER,50.0,,,0.55,UNDER,59,54,23,31,42.59,30.33,55.84,-13.43,-40.83,13.98,-7.25,0.5,12
HR≥-/EDG≥2.5/TP≥40.0/CV≤0.55/UNDER,,2.5,40.0,0.55,UNDER,69,64,30,34,46.88,35.18,58.93,-13.66,-36.69,9.37,-8.743,0.417,12
HR≥-/EDG≥5.0/TP≥-/CV≤0.5/UNDER,,5.0,,0.5,UNDER,57,52,24,28,46.15,33.34,59.5,-13.79,-39.72,12.14,-7.171,0.583,12
HR≥-/EDG≥-/TP≥40.0/CV≤-/UNDER,,,40.0,,UNDER,323,294,136,158,46.26,40.64,51.97,-13.91,-24.72,-3.11,-40.909,0.231,13
HR≥-/EDG≥-2.5/TP≥-/CV≤0.45/UNDER,,-2.5,,0.45,UNDER,61,57,26,31,45.61,33.37,58.41,-14.02,-39.06,11.03,-7.989,0.455,11
HR≥-/EDG≥-/TP≥55.0/CV≤0.5/UNDER,,,55.0,0.5,UNDER,62,57,30,27,52.63,39.92,65.01,-14.05,-35.52,7.43,-8.006,0.333,12
HR≥-/EDG≥10.0/TP≥50.0/CV≤0.45/ANY,,10.0,50.0,0.45,ANY,64,55,29,26,52.73,39.79,65.31,-14.09,-35.95,7.77,-7.75,0.333,12
HR≥-/EDG≥7.5/TP≥-/CV≤0.7/UNDER,,7.5,,0.7,UNDER,82,73,34,39,46.58,35.59,57.9,-14.2,-35.8,7.4,-10.366,0.308,13
HR≥-/EDG≥5.0/TP≥40.0/CV≤0.6/UNDER,,5.0,40.0,0.6,UNDER,71,64,30,34,46.88,35.18,58.93,-14.42,-37.18,8.35,-9.227,0.333,12
HR≥-/EDG≥5.0/TP≥40.0/CV≤-/UNDER,,5.0,40.0,,UNDER,106,95,44,51,46.32,36.63,56.29,-14.47,-33.36,4.43,-13.743,0.308,13
HR≥-/EDG≥10.0/TP≥-/CV≤0.7/UNDER,,10.0,,0.7,UNDER,70,62,29,33,46.77,34.91,59.02,-14.47,-37.78,8.85,-8.97,0.308,13
HR≥-/EDG≥-/TP≥-/CV≤0.7/UNDER,,,,0.7,UNDER,290,265,121,144,45.66,39.77,51.68,-14.58,-26.01,-3.14,-38.631,0.154,13
HR≥-/EDG≥2.5/TP≥-/CV≤0.5/UNDER,,2.5,,0.5,UNDER,62,57,26,31,45.61,33.37,58.41,-14.6,-39.44,10.24,-8.321,0.5,12
HR≥-/EDG≥-5.0/TP≥40.0/CV≤0.6/UNDER,,-5.0,40.0,0.6,UNDER,106,95,44,51,46.32,36.63,56.29,-14.63,-33.51,4.25,-13.898,0.417,12
HR≥-/EDG≥-/TP≥-/CV≤0.4/UNDER,,,,0.4,UNDER,109,101,46,55,45.54,36.17,55.24,-14.73,-33.34,3.88,-14.876,0.308,13
HR≥-/EDG≥-/TP≥-/CV≤0.45/UNDER,,,,0.45,UNDER,156,144,65,79,45.14,37.24,53.29,-14.87,-30.51,0.76,-21.418,0.462,13
HR≥-/EDG≥7.5/TP≥-/CV≤-/UNDER,,7.5,,,UNDER,97,87,40,47,45.98,35.9,56.4,-14.99,-34.79,4.82,-13.037,0.231,13
HR≥-/EDG≥-/TP≥50.0/CV≤0.55/UNDER,,,50.0,0.55,UNDER,114,107,53,54,49.53,40.24,58.86,-15.13,-31.56,1.3,-16.191,0.25,12
HR≥-/EDG≥-5.0/TP≥40.0/CV≤0.55/UNDER,,-5.0,40.0,0.55,UNDER,93,84,38,46,45.24,35.04,55.86,-15.18,-35.55,5.2,-12.748,0.5,12
HR≥-/EDG≥10.0/TP≥-/CV≤-/UNDER,,10.0,,,UNDER,85,76,35,41,46.05,35.31,57.18,-15.32,-36.42,5.78,-11.641,0.231,13
HR≥-/EDG≥0.0/TP≥-/CV≤0.55/UNDER,,0.0,,0.55,UNDER,79,73,33,40,45.21,34.31,56.58,-15.59,-37.41,6.23,-11.378,0.417,12
HR≥-/EDG≥-/TP≥-/CV≤0.6/UNDER,,,,0.6,UNDER,253,231,104,127,45.02,38.74,51.47,-15.63,-27.87,-3.39,-36.107,0.231,13
HR≥-/EDG≥-/TP≥-/CV≤0.55/UNDER,,,,0.55,UNDER,223,204,91,113,44.61,37.95,51.47,-15.74,-28.86,-2.62,-32.111,0.231,13
HR≥-/EDG≥0.0/TP≥-/CV≤0.45/UNDER,,0.0,,0.45,UNDER,55,51,23,28,45.1,32.27,58.62,-15.74,-41.98,10.51,-8.025,0.455,11
HR≥-/EDG≥-/TP≥40.0/CV≤0.7/UNDER,,,40.0,0.7,UNDER,288,263,119,144,45.25,39.34,51.29,-15.75,-27.16,-4.35,-41.431,0.154,13
HR≥-/EDG≥0.0/TP≥40.0/CV≤0.6/UNDER,,0.0,40.0,0.6,UNDER,88,80,37,43,46.25,35.75,57.1,-15.87,-36.18,4.45,-12.692,0.25,12
HR≥50.0/EDG≥-/TP≥-/CV≤0.5/UNDER,50.0,,,0.5,UNDER,55,51,21,30,41.18,28.75,54.83,-15.97,-44.14,12.2,-8.144,0.417,12
HR≥-/EDG≥-/TP≥40.0/CV≤0.45/UNDER,,,40.0,0.45,UNDER,155,143,64,79,44.76,36.85,52.94,-15.99,-31.58,-0.4,-22.868,0.462,13
HR≥-/EDG≥-5.0/TP≥40.0/CV≤0.45/UNDER,,-5.0,40.0,0.45,UNDER,62,58,26,32,44.83,32.75,57.55,-16.02,-40.59,8.56,-9.289,0.273,11
HR≥-/EDG≥-/TP≥40.0/CV≤0.4/UNDER,,,40.0,0.4,UNDER,108,100,45,55,45.0,35.61,54.76,-16.33,-34.86,2.21,-16.326,0.308,13
HR≥-/EDG≥7.5/TP≥40.0/CV≤0.7/UNDER,,7.5,40.0,0.7,UNDER,81,72,33,39,45.83,34.83,57.26,-16.41,-37.86,5.04,-11.816,0.308,13
HR≥50.0/EDG≥-/TP≥40.0/CV≤0.55/UNDER,50.0,,40.0,0.55,UNDER,58,53,22,31,41.51,29.26,54.91,-16.41,-43.69,10.86,-8.7,0.417,12
HR≥-/EDG≥-2.5/TP≥-/CV≤0.55/UNDER,,-2.5,,0.55,UNDER,88,81,36,45,44.44,34.12,55.27,-16.47,-37.27,4.32,-13.343,0.5,12
HR≥-/EDG≥-/TP≥40.0/CV≤0.55/UNDER,,,40.0,0.55,UNDER,222,203,90,113,44.33,37.67,51.21,-16.53,-29.62,-3.44,-33.561,0.231,13
HR≥-/EDG≥-2.5/TP≥40.0/CV≤0.6/UNDER,,-2.5,40.0,0.6,UNDER,99,90,41,49,45.56,35.66,55.82,-16.6,-35.84,2.64,-14.942,0.333,12
HR≥-/EDG≥7.5/TP≥-/CV≤0.6/UNDER,,7.5,,0.6,UNDER,63,57,26,31,45.61,33.37,58.41,-16.7,-40.86,7.45,-9.521,0.333,12
HR≥-/EDG≥7.5/TP≥-/CV≤0.55/UNDER,,7.5,,0.55,UNDER,57,53,24,29,45.28,32.66,58.55,-16.77,-41.99,8.46,-8.887,0.333,12
HR≥-/EDG≥7.5/TP≥40.0/CV≤-/UNDER,,7.5,40.0,,UNDER,96,86,39,47,45.35,35.25,55.84,-16.85,-36.54,2.85,-14.487,0.231,13
HR≥-/EDG≥-2.5/TP≥40.0/CV≤0.45/UNDER,,-2.5,40.0,0.45,UNDER,60,56,25,31,44.64,32.39,57.59,-16.86,-41.71,8.0,-9.439,0.364,11
HR≥-/EDG≥5.0/TP≥40.0/CV≤0.5/UNDER,,5.0,40.0,0.5,UNDER,56,51,23,28,45.1,32.27,58.62,-16.9,-42.6,8.8,-8.621,0.5,12
HR≥-/EDG≥-/TP≥40.0/CV≤0.6/UNDER,,,40.0,0.6,UNDER,251,229,102,127,44.54,38.25,51.02,-16.99,-29.19,-4.78,-38.907,0.231,13
HR≥-/EDG≥-/TP≥50.0/CV≤0.5/UNDER,,,50.0,0.5,UNDER,102,97,47,50,48.45,38.76,58.27,-17.02,-34.27,0.23,-16.511,0.167,12
HR≥-/EDG≥10.0/TP≥40.0/CV≤0.7/UNDER,,10.0,40.0,0.7,UNDER,69,61,28,33,45.9,34.01,58.28,-17.08,-40.2,6.04,-10.42,0.308,13
HR≥-/EDG≥-/TP≥50.0/CV≤0.45/UNDER,,,50.0,0.45,UNDER,81,78,38,40,48.72,37.95,59.61,-17.3,-36.37,1.77,-13.493,0.25,12
HR≥-/EDG≥-/TP≥50.0/CV≤0.4/UNDER,,,50.0,0.4,UNDER,57,55,27,28,49.09,36.38,61.92,-17.38,-40.0,5.23,-9.561,0.417,12
HR≥-/EDG≥2.5/TP≥40.0/CV≤0.5/UNDER,,2.5,40.0,0.5,UNDER,61,56,25,31,44.64,32.39,57.59,-17.45,-42.09,7.19,-9.771,0.5,12
HR≥-/EDG≥10.0/TP≥40.0/CV≤-/UNDER,,10.0,40.0,,UNDER,84,75,34,41,45.33,34.57,56.55,-17.45,-38.41,3.5,-13.091,0.231,13
HR≥-/EDG≥0.0/TP≥40.0/CV≤0.55/UNDER,,0.0,40.0,0.55,UNDER,78,72,32,40,44.44,33.54,55.91,-17.82,-39.49,3.86,-12.828,0.333,12
HR≥-/EDG≥-5.0/TP≥-/CV≤0.5/UNDER,,-5.0,,0.5,UNDER,80,74,32,42,43.24,32.57,54.59,-17.87,-39.8,4.06,-13.221,0.5,12
HR≥-/EDG≥-2.5/TP≥40.0/CV≤0.55/UNDER,,-2.5,40.0,0.55,UNDER,87,80,35,45,43.75,33.41,54.66,-18.49,-39.16,2.18,-14.793,0.417,12
HR≥-/EDG≥-2.5/TP≥-/CV≤0.5/UNDER,,-2.5,,0.5,UNDER,78,72,31,41,43.06,32.26,54.56,-18.57,-40.7,3.56,-13.371,0.5,12
HR≥-/EDG≥0.0/TP≥40.0/CV≤0.45/UNDER,,0.0,40.0,0.45,UNDER,54,50,22,28,44.0,31.16,57.69,-18.95,-44.95,7.05,-9.475,0.364,11
HR≥-/EDG≥0.0/TP≥-/CV≤0.5/UNDER,,0.0,,0.5,UNDER,71,65,28,37,43.08,31.76,55.17,-19.09,-42.24,4.07,-12.407,0.417,12
HR≥50.0/EDG≥-/TP≥40.0/CV≤0.5/UNDER,50.0,,40.0,0.5,UNDER,54,50,20,30,40.0,27.61,53.82,-19.19,-47.2,8.82,-9.594,0.333,12
HR≥-/EDG≥-/TP≥-/CV≤0.5/UNDER,,,,0.5,UNDER,197,182,78,104,42.86,35.89,50.12,-19.29,-33.08,-5.5,-35.11,0.231,13
HR≥50.0/EDG≥-/TP≥-/CV≤0.6/UNDER,50.0,,,0.6,UNDER,66,61,24,37,39.34,28.07,51.88,-19.51,-45.1,6.09,-11.9,0.417,12
HR≥-/EDG≥7.5/TP≥40.0/CV≤0.6/UNDER,,7.5,40.0,0.6,UNDER,62,56,25,31,44.64,32.39,57.59,-19.59,-43.5,4.32,-10.971,0.333,12
HR≥-/EDG≥7.5/TP≥40.0/CV≤0.55/UNDER,,7.5,40.0,0.55,UNDER,56,52,23,29,44.23,31.59,57.66,-19.88,-44.83,5.07,-10.337,0.333,12
HR≥-/EDG≥-5.0/TP≥40.0/CV≤0.5/UNDER,,-5.0,40.0,0.5,UNDER,79,73,31,42,42.47,31.78,53.9,-20.1,-41.88,1.69,-14.671,0.5,12
HR≥-/EDG≥-/TP≥40.0/CV≤0.5/UNDER,,,40.0,0.5,UNDER,196,181,77,104,42.54,35.57,49.83,-20.2,-33.95,-6.45,-36.56,0.231,13
HR≥-/EDG≥-2.5/TP≥40.0/CV≤0.5/UNDER,,-2.5,40.0,0.5,UNDER,77,71,30,41,42.25,31.45,53.85,-20.87,-42.85,1.1,-14.821,0.5,12
HR≥-/EDG≥0.0/TP≥40.0/CV≤0.5/UNDER,,0.0,40.0,0.5,UNDER,70,64,27,37,42.19,30.87,54.39,-21.65,-44.61,1.31,-13.857,0.417,12
HR≥50.0/EDG≥-/TP≥-/CV≤0.7/UNDER,50.0,,,0.7,UNDER,68,63,24,39,38.1,27.12,50.44,-22.06,-47.09,2.96,-13.9,0.417,12
HR≥50.0/EDG≥-/TP≥-/CV≤-/UNDER,50.0,,,,UNDER,73,67,25,42,37.31,26.72,49.28,-23.51,-47.7,0.68,-15.75,0.333,12
HR≥50.0/EDG≥-/TP≥40.0/CV≤0.6/UNDER,50.0,,40.0,0.6,UNDER,64,59,22,37,37.29,26.08,50.05,-24.92,-50.24,0.41,-14.7,0.333,12
HR≥50.0/EDG≥-/TP≥40.0/CV≤0.7/UNDER,50.0,,40.0,0.7,UNDER,66,61,22,39,36.07,25.17,48.61,-27.38,-52.1,-2.65,-16.7,0.333,12
HR≥50.0/EDG≥-/TP≥40.0/CV≤-/UNDER,50.0,,40.0,,UNDER,71,65,23,42,35.38,24.88,47.53,-28.54,-52.43,-4.64,-18.55,0.25,12
