stat_family,feature,category,in_train_schema,in_live_emit,in_replay_emit,in_replay_plus_emit,live_pop_pct,replay_pop_pct,replay_plus_pop_pct,live_minus_replay_gap_pct,imputed_parent
hits,away_avg,other,True,True,True,True,0.0,0.0,0.0,0.0,
hits,batter_hand_is_imputed,batter_handedness,True,True,True,True,100.0,100.0,100.0,0.0,
hits,batter_is_lhh,batter_handedness,True,True,True,True,0.0,0.0,0.0,0.0,batter_hand_is_imputed
hits,batter_is_rhh,batter_handedness,True,True,True,True,0.0,0.0,0.0,0.0,batter_hand_is_imputed
hits,batter_is_switch,batter_handedness,True,True,True,True,0.0,0.0,0.0,0.0,batter_hand_is_imputed
hits,current_hit_streak,rolling_windows,True,True,True,True,14.8,8.7,8.7,6.1,
hits,current_miss_streak,rolling_windows,True,True,True,True,85.2,91.3,91.3,-6.1,
hits,cv_l10,rolling_windows,True,True,True,True,81.5,87.0,87.0,-5.5,
hits,cv_l5,rolling_windows,True,True,True,True,70.4,73.9,73.9,-3.5,
hits,ewma_l10,rolling_windows,True,True,True,True,81.5,87.0,87.0,-5.5,
hits,ewma_l20,rolling_windows,True,True,True,True,81.5,87.0,87.0,-5.5,
hits,ewma_l5,rolling_windows,True,True,True,True,70.4,73.9,73.9,-3.5,
hits,ewma_trend,rolling_windows,True,True,True,True,81.5,87.0,87.0,-5.5,
hits,expected_pa_is_imputed,workload,True,True,True,True,3.7,4.3,4.3,-0.6,
hits,expected_pa_l10,workload,True,True,True,True,100.0,100.0,100.0,0.0,
hits,hit_rate_l10,rolling_windows,True,True,True,True,48.1,43.5,43.5,4.7,
hits,hit_rate_l5,rolling_windows,True,True,True,True,29.6,21.7,21.7,7.9,
hits,home_avg,other,True,True,True,True,0.0,0.0,0.0,0.0,
hits,home_away_split,other,True,True,True,True,0.0,0.0,0.0,0.0,
hits,home_away_split_is_imputed,other,True,True,True,True,100.0,100.0,100.0,0.0,
hits,home_hr_split,other,True,True,True,True,0.0,0.0,0.0,0.0,
hits,home_runs_split,other,True,True,True,True,0.0,0.0,0.0,0.0,
hits,l10_avg,rolling_windows,True,True,True,True,81.5,87.0,87.0,-5.5,
hits,l10_max,rolling_windows,True,True,True,True,81.5,87.0,87.0,-5.5,
hits,l10_median,rolling_windows,True,True,True,True,29.6,34.8,34.8,-5.2,
hits,l10_min,rolling_windows,True,True,True,True,0.0,0.0,0.0,0.0,
hits,l20_avg,rolling_windows,True,True,True,True,81.5,87.0,87.0,-5.5,
hits,l3_avg,rolling_windows,True,True,True,True,55.6,56.5,56.5,-1.0,
hits,l5_avg,rolling_windows,True,True,True,True,70.4,73.9,73.9,-3.5,
hits,l5_max,rolling_windows,True,True,True,True,70.4,73.9,73.9,-3.5,
hits,l5_median,rolling_windows,True,True,True,True,25.9,26.1,26.1,-0.2,
hits,l5_min,rolling_windows,True,True,True,True,3.7,4.3,4.3,-0.6,
hits,line,other,True,True,True,True,100.0,100.0,100.0,0.0,
hits,line_difficulty,market_alignment,True,True,True,True,81.5,82.6,82.6,-1.1,
hits,line_vs_ewma,other,True,True,True,True,100.0,100.0,100.0,0.0,
hits,line_vs_l10,other,True,True,True,True,100.0,95.7,95.7,4.3,
hits,line_vs_l5,other,True,True,True,True,100.0,100.0,100.0,0.0,
hits,line_vs_median,other,True,True,True,True,100.0,95.7,95.7,4.3,
hits,matchup_is_imputed,other,True,True,True,True,100.0,100.0,100.0,0.0,
hits,opp_k_rate,other,True,True,True,True,100.0,100.0,100.0,0.0,
hits,opp_pitcher_bb_rate_14d,opp_pitcher_quality,True,True,True,True,0.0,0.0,0.0,0.0,opp_pitcher_quality_is_imputed
hits,opp_pitcher_k_rate_14d,opp_pitcher_quality,True,True,True,True,0.0,0.0,0.0,0.0,opp_pitcher_quality_is_imputed
hits,opp_pitcher_quality_is_imputed,opp_pitcher_quality,True,True,True,True,100.0,100.0,100.0,0.0,
hits,opp_pitcher_throws_is_imputed,opp_pitcher_quality,True,True,True,True,0.0,100.0,0.0,-100.0,
hits,opp_pitcher_throws_l,opp_pitcher_quality,True,True,True,True,0.0,0.0,0.0,0.0,opp_pitcher_quality_is_imputed
hits,opp_pitcher_throws_r,opp_pitcher_quality,True,True,True,True,100.0,0.0,100.0,100.0,opp_pitcher_quality_is_imputed
hits,opp_pitcher_xwoba_allowed_14d,opp_pitcher_quality,True,True,True,True,0.0,0.0,0.0,0.0,opp_pitcher_quality_is_imputed
hits,opposite_hand_matchup,matchup_interaction,True,True,True,True,0.0,0.0,0.0,0.0,
hits,pa_b_pa14_avg_exit_velocity,pa_batter,True,True,True,True,22.2,0.0,26.1,22.2,pa_batter_is_imputed
hits,pa_b_pa14_avg_launch_angle,pa_batter,True,True,True,True,22.2,0.0,26.1,22.2,pa_batter_is_imputed
hits,pa_b_pa14_barrel_rate,pa_batter,True,True,True,True,7.4,0.0,8.7,7.4,pa_batter_is_imputed
hits,pa_b_pa14_bb_rate,pa_batter,True,True,True,True,22.2,0.0,26.1,22.2,pa_batter_is_imputed
hits,pa_b_pa14_contact_rate,pa_batter,True,True,True,True,22.2,0.0,26.1,22.2,pa_batter_is_imputed
hits,pa_b_pa14_hard_hit_rate,pa_batter,True,True,True,True,18.5,0.0,21.7,18.5,pa_batter_is_imputed
hits,pa_b_pa14_k_rate,pa_batter,True,True,True,True,18.5,0.0,21.7,18.5,pa_batter_is_imputed
hits,pa_b_pa14_plate_appearances,pa_batter,True,True,True,True,22.2,0.0,26.1,22.2,pa_batter_is_imputed
hits,pa_b_pa14_sweet_spot_rate,pa_batter,True,True,True,True,22.2,0.0,26.1,22.2,pa_batter_is_imputed
hits,pa_b_pa14_wOBA,pa_batter,True,True,True,True,22.2,0.0,26.1,22.2,pa_batter_is_imputed
hits,pa_b_pa14_whiff_rate,pa_batter,True,True,True,True,18.5,0.0,21.7,18.5,pa_batter_is_imputed
hits,pa_b_pa14_xwOBA,pa_batter,True,True,True,True,22.2,0.0,26.1,22.2,pa_batter_is_imputed
hits,pa_b_pa30_avg_exit_velocity,pa_batter,True,True,True,True,22.2,0.0,26.1,22.2,pa_batter_is_imputed
hits,pa_b_pa30_avg_launch_angle,pa_batter,True,True,True,True,22.2,0.0,26.1,22.2,pa_batter_is_imputed
hits,pa_b_pa30_barrel_rate,pa_batter,True,True,True,True,11.1,0.0,13.0,11.1,pa_batter_is_imputed
hits,pa_b_pa30_bb_rate,pa_batter,True,True,True,True,22.2,0.0,26.1,22.2,pa_batter_is_imputed
hits,pa_b_pa30_contact_rate,pa_batter,True,True,True,True,22.2,0.0,26.1,22.2,pa_batter_is_imputed
hits,pa_b_pa30_hard_hit_rate,pa_batter,True,True,True,True,22.2,0.0,26.1,22.2,pa_batter_is_imputed
hits,pa_b_pa30_k_rate,pa_batter,True,True,True,True,22.2,0.0,26.1,22.2,pa_batter_is_imputed
hits,pa_b_pa30_plate_appearances,pa_batter,True,True,True,True,22.2,0.0,26.1,22.2,pa_batter_is_imputed
hits,pa_b_pa30_sweet_spot_rate,pa_batter,True,True,True,True,22.2,0.0,26.1,22.2,pa_batter_is_imputed
hits,pa_b_pa30_wOBA,pa_batter,True,True,True,True,22.2,0.0,26.1,22.2,pa_batter_is_imputed
hits,pa_b_pa30_whiff_rate,pa_batter,True,True,True,True,22.2,0.0,26.1,22.2,pa_batter_is_imputed
hits,pa_b_pa30_xwOBA,pa_batter,True,True,True,True,22.2,0.0,26.1,22.2,pa_batter_is_imputed
hits,pa_b_pa7_avg_exit_velocity,pa_batter,True,True,True,True,22.2,0.0,26.1,22.2,pa_batter_is_imputed
hits,pa_b_pa7_avg_launch_angle,pa_batter,True,True,True,True,22.2,0.0,26.1,22.2,pa_batter_is_imputed
hits,pa_b_pa7_barrel_rate,pa_batter,True,True,True,True,3.7,0.0,4.3,3.7,pa_batter_is_imputed
hits,pa_b_pa7_bb_rate,pa_batter,True,True,True,True,18.5,0.0,21.7,18.5,pa_batter_is_imputed
hits,pa_b_pa7_contact_rate,pa_batter,True,True,True,True,22.2,0.0,26.1,22.2,pa_batter_is_imputed
hits,pa_b_pa7_hard_hit_rate,pa_batter,True,True,True,True,14.8,0.0,17.4,14.8,pa_batter_is_imputed
hits,pa_b_pa7_k_rate,pa_batter,True,True,True,True,18.5,0.0,21.7,18.5,pa_batter_is_imputed
hits,pa_b_pa7_plate_appearances,pa_batter,True,True,True,True,22.2,0.0,26.1,22.2,pa_batter_is_imputed
hits,pa_b_pa7_sweet_spot_rate,pa_batter,True,True,True,True,18.5,0.0,21.7,18.5,pa_batter_is_imputed
hits,pa_b_pa7_wOBA,pa_batter,True,True,True,True,22.2,0.0,26.1,22.2,pa_batter_is_imputed
hits,pa_b_pa7_whiff_rate,pa_batter,True,True,True,True,18.5,0.0,21.7,18.5,pa_batter_is_imputed
hits,pa_b_pa7_xwOBA,pa_batter,True,True,True,True,22.2,0.0,26.1,22.2,pa_batter_is_imputed
hits,pa_b_pa_season_avg_exit_velocity,pa_batter,True,True,True,True,22.2,0.0,26.1,22.2,pa_batter_is_imputed
hits,pa_b_pa_season_avg_launch_angle,pa_batter,True,True,True,True,22.2,0.0,26.1,22.2,pa_batter_is_imputed
hits,pa_b_pa_season_barrel_rate,pa_batter,True,True,True,True,22.2,0.0,26.1,22.2,pa_batter_is_imputed
hits,pa_b_pa_season_bb_rate,pa_batter,True,True,True,True,22.2,0.0,26.1,22.2,pa_batter_is_imputed
hits,pa_b_pa_season_contact_rate,pa_batter,True,True,True,True,22.2,0.0,26.1,22.2,pa_batter_is_imputed
hits,pa_b_pa_season_hard_hit_rate,pa_batter,True,True,True,True,22.2,0.0,26.1,22.2,pa_batter_is_imputed
hits,pa_b_pa_season_k_rate,pa_batter,True,True,True,True,22.2,0.0,26.1,22.2,pa_batter_is_imputed
hits,pa_b_pa_season_plate_appearances,pa_batter,True,True,True,True,22.2,0.0,26.1,22.2,pa_batter_is_imputed
hits,pa_b_pa_season_sweet_spot_rate,pa_batter,True,True,True,True,22.2,0.0,26.1,22.2,pa_batter_is_imputed
hits,pa_b_pa_season_wOBA,pa_batter,True,True,True,True,22.2,0.0,26.1,22.2,pa_batter_is_imputed
hits,pa_b_pa_season_whiff_rate,pa_batter,True,True,True,True,22.2,0.0,26.1,22.2,pa_batter_is_imputed
hits,pa_b_pa_season_xwOBA,pa_batter,True,True,True,True,22.2,0.0,26.1,22.2,pa_batter_is_imputed
hits,pa_batter_is_imputed,pa_batter,True,True,True,True,77.8,100.0,73.9,-22.2,
hits,pa_p_pa14_barrel_allowed_rate,pa_pitcher,True,True,True,True,0.0,0.0,0.0,0.0,pa_pitcher_is_imputed
hits,pa_p_pa14_bb_rate,pa_pitcher,True,True,True,True,0.0,0.0,0.0,0.0,pa_pitcher_is_imputed
hits,pa_p_pa14_hard_hit_allowed_rate,pa_pitcher,True,True,True,True,0.0,0.0,0.0,0.0,pa_pitcher_is_imputed
hits,pa_p_pa14_k_rate,pa_pitcher,True,True,True,True,0.0,0.0,0.0,0.0,pa_pitcher_is_imputed
hits,pa_p_pa14_plate_appearances,pa_pitcher,True,True,True,True,0.0,0.0,0.0,0.0,pa_pitcher_is_imputed
hits,pa_p_pa14_wOBA_allowed,pa_pitcher,True,True,True,True,0.0,0.0,0.0,0.0,pa_pitcher_is_imputed
hits,pa_p_pa14_whiff_rate,pa_pitcher,True,True,True,True,0.0,0.0,0.0,0.0,pa_pitcher_is_imputed
hits,pa_p_pa14_xwOBA_allowed,pa_pitcher,True,True,True,True,0.0,0.0,0.0,0.0,pa_pitcher_is_imputed
hits,pa_p_pa30_barrel_allowed_rate,pa_pitcher,True,True,True,True,0.0,0.0,0.0,0.0,pa_pitcher_is_imputed
hits,pa_p_pa30_bb_rate,pa_pitcher,True,True,True,True,0.0,0.0,0.0,0.0,pa_pitcher_is_imputed
hits,pa_p_pa30_hard_hit_allowed_rate,pa_pitcher,True,True,True,True,0.0,0.0,0.0,0.0,pa_pitcher_is_imputed
hits,pa_p_pa30_k_rate,pa_pitcher,True,True,True,True,0.0,0.0,0.0,0.0,pa_pitcher_is_imputed
hits,pa_p_pa30_plate_appearances,pa_pitcher,True,True,True,True,0.0,0.0,0.0,0.0,pa_pitcher_is_imputed
hits,pa_p_pa30_wOBA_allowed,pa_pitcher,True,True,True,True,0.0,0.0,0.0,0.0,pa_pitcher_is_imputed
hits,pa_p_pa30_whiff_rate,pa_pitcher,True,True,True,True,0.0,0.0,0.0,0.0,pa_pitcher_is_imputed
hits,pa_p_pa30_xwOBA_allowed,pa_pitcher,True,True,True,True,0.0,0.0,0.0,0.0,pa_pitcher_is_imputed
hits,pa_p_pa_season_barrel_allowed_rate,pa_pitcher,True,True,True,True,0.0,0.0,0.0,0.0,pa_pitcher_is_imputed
hits,pa_p_pa_season_bb_rate,pa_pitcher,True,True,True,True,0.0,0.0,0.0,0.0,pa_pitcher_is_imputed
hits,pa_p_pa_season_hard_hit_allowed_rate,pa_pitcher,True,True,True,True,0.0,0.0,0.0,0.0,pa_pitcher_is_imputed
hits,pa_p_pa_season_k_rate,pa_pitcher,True,True,True,True,0.0,0.0,0.0,0.0,pa_pitcher_is_imputed
hits,pa_p_pa_season_plate_appearances,pa_pitcher,True,True,True,True,0.0,0.0,0.0,0.0,pa_pitcher_is_imputed
hits,pa_p_pa_season_wOBA_allowed,pa_pitcher,True,True,True,True,0.0,0.0,0.0,0.0,pa_pitcher_is_imputed
hits,pa_p_pa_season_whiff_rate,pa_pitcher,True,True,True,True,0.0,0.0,0.0,0.0,pa_pitcher_is_imputed
hits,pa_p_pa_season_xwOBA_allowed,pa_pitcher,True,True,True,True,0.0,0.0,0.0,0.0,pa_pitcher_is_imputed
hits,pa_pitcher_is_imputed,pa_pitcher,True,True,True,True,100.0,100.0,100.0,0.0,
hits,park_factor,environment_park,True,True,True,True,100.0,100.0,100.0,0.0,
hits,park_factor_is_imputed,environment_park,True,True,True,True,0.0,0.0,0.0,0.0,
hits,park_hits_factor,environment_park,True,True,True,True,100.0,100.0,100.0,0.0,
hits,park_hr_factor,environment_park,True,True,True,True,100.0,100.0,100.0,0.0,
hits,park_k_factor,environment_park,True,True,True,True,100.0,100.0,100.0,0.0,
hits,park_runs_factor,environment_park,True,True,True,True,100.0,100.0,100.0,0.0,
hits,park_tb_factor,environment_park,True,True,True,True,100.0,100.0,100.0,0.0,
hits,platoon_avg_split,platoon_splits,True,True,True,True,11.1,13.0,13.0,-1.9,platoon_split_is_imputed
hits,platoon_k_split,platoon_splits,True,True,True,True,11.1,13.0,13.0,-1.9,platoon_split_is_imputed
hits,platoon_split_is_imputed,platoon_splits,True,True,True,True,88.9,87.0,87.0,1.9,
hits,range_l10,rolling_windows,True,True,True,True,81.5,87.0,87.0,-5.5,
hits,range_l5,rolling_windows,True,True,True,True,70.4,73.9,73.9,-3.5,
hits,same_hand_matchup,matchup_interaction,True,True,True,True,0.0,0.0,0.0,0.0,
hits,sc_b_r14_avg_exit_velocity,statcast_batter,True,True,True,True,22.2,26.1,26.1,-3.9,sc_batter_is_imputed
hits,sc_b_r14_avg_launch_angle,statcast_batter,True,True,True,True,22.2,26.1,26.1,-3.9,sc_batter_is_imputed
hits,sc_b_r14_barrel_rate,statcast_batter,True,True,True,True,22.2,26.1,26.1,-3.9,sc_batter_is_imputed
hits,sc_b_r14_contact_rate,statcast_batter,True,True,True,True,22.2,26.1,26.1,-3.9,sc_batter_is_imputed
hits,sc_b_r14_hard_hit_rate,statcast_batter,True,True,True,True,22.2,26.1,26.1,-3.9,sc_batter_is_imputed
hits,sc_b_r14_k_rate,statcast_batter,True,True,True,True,22.2,26.1,26.1,-3.9,sc_batter_is_imputed
hits,sc_b_r14_plate_appearances,statcast_batter,True,True,True,True,22.2,26.1,26.1,-3.9,sc_batter_is_imputed
hits,sc_b_r14_sweet_spot_rate,statcast_batter,True,True,True,True,22.2,26.1,26.1,-3.9,sc_batter_is_imputed
hits,sc_b_r14_wOBA,statcast_batter,True,True,True,True,22.2,26.1,26.1,-3.9,sc_batter_is_imputed
hits,sc_b_r14_whiff_rate,statcast_batter,True,True,True,True,22.2,26.1,26.1,-3.9,sc_batter_is_imputed
hits,sc_b_r14_xwOBA,statcast_batter,True,True,True,True,22.2,26.1,26.1,-3.9,sc_batter_is_imputed
hits,sc_b_r30_avg_exit_velocity,statcast_batter,True,True,True,True,22.2,26.1,26.1,-3.9,sc_batter_is_imputed
hits,sc_b_r30_avg_launch_angle,statcast_batter,True,True,True,True,22.2,26.1,26.1,-3.9,sc_batter_is_imputed
hits,sc_b_r30_barrel_rate,statcast_batter,True,True,True,True,22.2,26.1,26.1,-3.9,sc_batter_is_imputed
hits,sc_b_r30_contact_rate,statcast_batter,True,True,True,True,22.2,26.1,26.1,-3.9,sc_batter_is_imputed
hits,sc_b_r30_hard_hit_rate,statcast_batter,True,True,True,True,22.2,26.1,26.1,-3.9,sc_batter_is_imputed
hits,sc_b_r30_k_rate,statcast_batter,True,True,True,True,22.2,26.1,26.1,-3.9,sc_batter_is_imputed
hits,sc_b_r30_plate_appearances,statcast_batter,True,True,True,True,22.2,26.1,26.1,-3.9,sc_batter_is_imputed
hits,sc_b_r30_sweet_spot_rate,statcast_batter,True,True,True,True,22.2,26.1,26.1,-3.9,sc_batter_is_imputed
hits,sc_b_r30_wOBA,statcast_batter,True,True,True,True,22.2,26.1,26.1,-3.9,sc_batter_is_imputed
hits,sc_b_r30_whiff_rate,statcast_batter,True,True,True,True,22.2,26.1,26.1,-3.9,sc_batter_is_imputed
hits,sc_b_r30_xwOBA,statcast_batter,True,True,True,True,22.2,26.1,26.1,-3.9,sc_batter_is_imputed
hits,sc_b_r7_avg_exit_velocity,statcast_batter,True,True,True,True,22.2,26.1,26.1,-3.9,sc_batter_is_imputed
hits,sc_b_r7_avg_launch_angle,statcast_batter,True,True,True,True,22.2,26.1,26.1,-3.9,sc_batter_is_imputed
hits,sc_b_r7_barrel_rate,statcast_batter,True,True,True,True,22.2,26.1,26.1,-3.9,sc_batter_is_imputed
hits,sc_b_r7_contact_rate,statcast_batter,True,True,True,True,22.2,26.1,26.1,-3.9,sc_batter_is_imputed
hits,sc_b_r7_hard_hit_rate,statcast_batter,True,True,True,True,22.2,26.1,26.1,-3.9,sc_batter_is_imputed
hits,sc_b_r7_k_rate,statcast_batter,True,True,True,True,22.2,26.1,26.1,-3.9,sc_batter_is_imputed
hits,sc_b_r7_plate_appearances,statcast_batter,True,True,True,True,22.2,26.1,26.1,-3.9,sc_batter_is_imputed
hits,sc_b_r7_sweet_spot_rate,statcast_batter,True,True,True,True,22.2,26.1,26.1,-3.9,sc_batter_is_imputed
hits,sc_b_r7_wOBA,statcast_batter,True,True,True,True,22.2,26.1,26.1,-3.9,sc_batter_is_imputed
hits,sc_b_r7_whiff_rate,statcast_batter,True,True,True,True,22.2,26.1,26.1,-3.9,sc_batter_is_imputed
hits,sc_b_r7_xwOBA,statcast_batter,True,True,True,True,22.2,26.1,26.1,-3.9,sc_batter_is_imputed
hits,sc_b_season_avg_exit_velocity,statcast_batter,True,True,True,True,22.2,26.1,26.1,-3.9,sc_batter_is_imputed
hits,sc_b_season_avg_launch_angle,statcast_batter,True,True,True,True,22.2,26.1,26.1,-3.9,sc_batter_is_imputed
hits,sc_b_season_barrel_rate,statcast_batter,True,True,True,True,22.2,26.1,26.1,-3.9,sc_batter_is_imputed
hits,sc_b_season_contact_rate,statcast_batter,True,True,True,True,22.2,26.1,26.1,-3.9,sc_batter_is_imputed
hits,sc_b_season_hard_hit_rate,statcast_batter,True,True,True,True,22.2,26.1,26.1,-3.9,sc_batter_is_imputed
hits,sc_b_season_k_rate,statcast_batter,True,True,True,True,22.2,26.1,26.1,-3.9,sc_batter_is_imputed
hits,sc_b_season_plate_appearances,statcast_batter,True,True,True,True,22.2,26.1,26.1,-3.9,sc_batter_is_imputed
hits,sc_b_season_sweet_spot_rate,statcast_batter,True,True,True,True,22.2,26.1,26.1,-3.9,sc_batter_is_imputed
hits,sc_b_season_wOBA,statcast_batter,True,True,True,True,22.2,26.1,26.1,-3.9,sc_batter_is_imputed
hits,sc_b_season_whiff_rate,statcast_batter,True,True,True,True,22.2,26.1,26.1,-3.9,sc_batter_is_imputed
hits,sc_b_season_xwOBA,statcast_batter,True,True,True,True,22.2,26.1,26.1,-3.9,sc_batter_is_imputed
hits,sc_batter_is_imputed,other,True,True,True,True,77.8,73.9,73.9,3.9,
hits,sc_p_r14_barrel_allowed_rate,statcast_pitcher,True,True,True,True,0.0,0.0,0.0,0.0,sc_pitcher_is_imputed
hits,sc_p_r14_bb_rate,statcast_pitcher,True,True,True,True,0.0,0.0,0.0,0.0,sc_pitcher_is_imputed
hits,sc_p_r14_hard_hit_allowed_rate,statcast_pitcher,True,True,True,True,0.0,0.0,0.0,0.0,sc_pitcher_is_imputed
hits,sc_p_r14_k_rate,statcast_pitcher,True,True,True,True,0.0,0.0,0.0,0.0,sc_pitcher_is_imputed
hits,sc_p_r14_plate_appearances,statcast_pitcher,True,True,True,True,0.0,0.0,0.0,0.0,sc_pitcher_is_imputed
hits,sc_p_r14_wOBA_allowed,statcast_pitcher,True,True,True,True,0.0,0.0,0.0,0.0,sc_pitcher_is_imputed
hits,sc_p_r14_xwOBA_allowed,statcast_pitcher,True,True,True,True,0.0,0.0,0.0,0.0,sc_pitcher_is_imputed
hits,sc_p_r30_barrel_allowed_rate,statcast_pitcher,True,True,True,True,0.0,0.0,0.0,0.0,sc_pitcher_is_imputed
hits,sc_p_r30_bb_rate,statcast_pitcher,True,True,True,True,0.0,0.0,0.0,0.0,sc_pitcher_is_imputed
hits,sc_p_r30_hard_hit_allowed_rate,statcast_pitcher,True,True,True,True,0.0,0.0,0.0,0.0,sc_pitcher_is_imputed
hits,sc_p_r30_k_rate,statcast_pitcher,True,True,True,True,0.0,0.0,0.0,0.0,sc_pitcher_is_imputed
hits,sc_p_r30_plate_appearances,statcast_pitcher,True,True,True,True,0.0,0.0,0.0,0.0,sc_pitcher_is_imputed
hits,sc_p_r30_wOBA_allowed,statcast_pitcher,True,True,True,True,0.0,0.0,0.0,0.0,sc_pitcher_is_imputed
hits,sc_p_r30_xwOBA_allowed,statcast_pitcher,True,True,True,True,0.0,0.0,0.0,0.0,sc_pitcher_is_imputed
hits,sc_p_season_barrel_allowed_rate,statcast_pitcher,True,True,True,True,0.0,0.0,0.0,0.0,sc_pitcher_is_imputed
hits,sc_p_season_bb_rate,statcast_pitcher,True,True,True,True,0.0,0.0,0.0,0.0,sc_pitcher_is_imputed
hits,sc_p_season_hard_hit_allowed_rate,statcast_pitcher,True,True,True,True,0.0,0.0,0.0,0.0,sc_pitcher_is_imputed
hits,sc_p_season_k_rate,statcast_pitcher,True,True,True,True,0.0,0.0,0.0,0.0,sc_pitcher_is_imputed
hits,sc_p_season_plate_appearances,statcast_pitcher,True,True,True,True,0.0,0.0,0.0,0.0,sc_pitcher_is_imputed
hits,sc_p_season_wOBA_allowed,statcast_pitcher,True,True,True,True,0.0,0.0,0.0,0.0,sc_pitcher_is_imputed
hits,sc_p_season_xwOBA_allowed,statcast_pitcher,True,True,True,True,0.0,0.0,0.0,0.0,sc_pitcher_is_imputed
hits,sc_pitcher_is_imputed,other,True,True,True,True,100.0,100.0,100.0,0.0,
hits,std_dev_l10,rolling_windows,True,True,True,True,81.5,87.0,87.0,-5.5,
hits,std_dev_l5,rolling_windows,True,True,True,True,70.4,73.9,73.9,-3.5,
hits,vs_lhp_ab,platoon_splits,True,True,True,True,11.1,13.0,13.0,-1.9,platoon_split_is_imputed
hits,vs_lhp_avg,platoon_splits,True,True,True,True,11.1,13.0,13.0,-1.9,platoon_split_is_imputed
hits,vs_lhp_bb,platoon_splits,True,True,True,True,11.1,13.0,13.0,-1.9,platoon_split_is_imputed
hits,vs_lhp_hits,platoon_splits,True,True,True,True,11.1,13.0,13.0,-1.9,platoon_split_is_imputed
hits,vs_lhp_hr,platoon_splits,True,True,True,True,7.4,8.7,8.7,-1.3,platoon_split_is_imputed
hits,vs_lhp_is_imputed,platoon_splits,True,True,True,True,88.9,87.0,87.0,1.9,
hits,vs_lhp_k,platoon_splits,True,True,True,True,11.1,13.0,13.0,-1.9,platoon_split_is_imputed
hits,vs_lhp_k_rate,platoon_splits,True,True,True,True,11.1,13.0,13.0,-1.9,platoon_split_is_imputed
hits,vs_lhp_obp,platoon_splits,True,True,True,True,11.1,13.0,13.0,-1.9,platoon_split_is_imputed
hits,vs_rhp_ab,platoon_splits,True,True,True,True,11.1,13.0,13.0,-1.9,platoon_split_is_imputed
hits,vs_rhp_avg,platoon_splits,True,True,True,True,11.1,13.0,13.0,-1.9,platoon_split_is_imputed
hits,vs_rhp_bb,platoon_splits,True,True,True,True,11.1,13.0,13.0,-1.9,platoon_split_is_imputed
hits,vs_rhp_hits,platoon_splits,True,True,True,True,11.1,13.0,13.0,-1.9,platoon_split_is_imputed
hits,vs_rhp_hr,platoon_splits,True,True,True,True,11.1,13.0,13.0,-1.9,platoon_split_is_imputed
hits,vs_rhp_is_imputed,platoon_splits,True,True,True,True,88.9,87.0,87.0,1.9,
hits,vs_rhp_k,platoon_splits,True,True,True,True,11.1,13.0,13.0,-1.9,platoon_split_is_imputed
hits,vs_rhp_k_rate,platoon_splits,True,True,True,True,11.1,13.0,13.0,-1.9,platoon_split_is_imputed
hits,vs_rhp_obp,platoon_splits,True,True,True,True,11.1,13.0,13.0,-1.9,platoon_split_is_imputed
hits,lineup_barrel_rate_14d,opposing_lineup,False,True,True,True,0.0,0.0,0.0,0.0,
hits,lineup_bb_rate_14d,opposing_lineup,False,True,True,True,0.0,0.0,0.0,0.0,
hits,lineup_handedness_is_imputed,opposing_lineup,False,True,True,True,100.0,100.0,100.0,0.0,
hits,lineup_hard_hit_rate_14d,opposing_lineup,False,True,True,True,0.0,0.0,0.0,0.0,
hits,lineup_k_rate_14d,opposing_lineup,False,True,True,True,0.0,0.0,0.0,0.0,
hits,lineup_opposite_hand_count,opposing_lineup,False,True,True,True,0.0,0.0,0.0,0.0,
hits,lineup_pct_opposite_hand,opposing_lineup,False,True,True,True,0.0,0.0,0.0,0.0,
hits,lineup_pct_same_hand,opposing_lineup,False,True,True,True,0.0,0.0,0.0,0.0,
hits,lineup_same_hand_count,opposing_lineup,False,True,True,True,0.0,0.0,0.0,0.0,
hits,lineup_size,opposing_lineup,False,True,True,True,0.0,0.0,0.0,0.0,
hits,lineup_size_is_imputed,opposing_lineup,False,True,True,True,100.0,100.0,100.0,0.0,
hits,lineup_strength_is_imputed,opposing_lineup,False,True,True,True,100.0,100.0,100.0,0.0,
hits,lineup_woba_14d,opposing_lineup,False,True,True,True,0.0,0.0,0.0,0.0,
hits,lineup_xwoba_14d,opposing_lineup,False,True,True,True,0.0,0.0,0.0,0.0,
hits,matchup_exposure_is_imputed,other,False,True,True,True,100.0,100.0,100.0,0.0,
hits,pct_lhh,other,False,True,True,True,0.0,0.0,0.0,0.0,
hits,pct_rhh,other,False,True,True,True,0.0,0.0,0.0,0.0,
hits,pct_switch,other,False,True,True,True,0.0,0.0,0.0,0.0,
hits,projected_lhh_count,other,False,True,True,True,0.0,0.0,0.0,0.0,
hits,projected_rhh_count,other,False,True,True,True,0.0,0.0,0.0,0.0,
hits,projected_switch_count,other,False,True,True,True,0.0,0.0,0.0,0.0,
total_bases,away_avg,other,True,True,True,True,0.0,0.0,0.0,0.0,
total_bases,batter_hand_is_imputed,batter_handedness,True,True,True,True,100.0,100.0,100.0,0.0,
total_bases,batter_is_lhh,batter_handedness,True,True,True,True,0.0,0.0,0.0,0.0,batter_hand_is_imputed
total_bases,batter_is_rhh,batter_handedness,True,True,True,True,0.0,0.0,0.0,0.0,batter_hand_is_imputed
total_bases,batter_is_switch,batter_handedness,True,True,True,True,0.0,0.0,0.0,0.0,batter_hand_is_imputed
total_bases,current_hit_streak,rolling_windows,True,True,True,True,22.2,26.1,26.1,-3.9,
total_bases,current_miss_streak,rolling_windows,True,True,True,True,77.8,73.9,73.9,3.9,
total_bases,cv_l10,rolling_windows,True,True,True,True,77.8,87.0,87.0,-9.2,
total_bases,cv_l5,rolling_windows,True,True,True,True,70.4,78.3,78.3,-7.9,
total_bases,ewma_l10,rolling_windows,True,True,True,True,77.8,87.0,87.0,-9.2,
total_bases,ewma_l20,rolling_windows,True,True,True,True,81.5,87.0,87.0,-5.5,
total_bases,ewma_l5,rolling_windows,True,True,True,True,70.4,78.3,78.3,-7.9,
total_bases,ewma_trend,rolling_windows,True,True,True,True,77.8,87.0,87.0,-9.2,
total_bases,expected_pa_is_imputed,workload,True,True,True,True,3.7,4.3,4.3,-0.6,
total_bases,expected_pa_l10,workload,True,True,True,True,100.0,100.0,100.0,0.0,
total_bases,hit_rate_l10,rolling_windows,True,True,True,True,63.0,69.6,69.6,-6.6,
total_bases,hit_rate_l5,rolling_windows,True,True,True,True,51.9,56.5,56.5,-4.7,
total_bases,home_avg,other,True,True,True,True,0.0,0.0,0.0,0.0,
total_bases,home_away_split,other,True,True,True,True,0.0,0.0,0.0,0.0,
total_bases,home_away_split_is_imputed,other,True,True,True,True,100.0,100.0,100.0,0.0,
total_bases,home_hr_split,other,True,True,True,True,0.0,0.0,0.0,0.0,
total_bases,home_runs_split,other,True,True,True,True,0.0,0.0,0.0,0.0,
total_bases,l10_avg,rolling_windows,True,True,True,True,77.8,87.0,87.0,-9.2,
total_bases,l10_max,rolling_windows,True,True,True,True,77.8,87.0,87.0,-9.2,
total_bases,l10_median,rolling_windows,True,True,True,True,25.9,34.8,34.8,-8.9,
total_bases,l10_min,rolling_windows,True,True,True,True,0.0,0.0,0.0,0.0,
total_bases,l20_avg,rolling_windows,True,True,True,True,81.5,87.0,87.0,-5.5,
total_bases,l3_avg,rolling_windows,True,True,True,True,51.9,56.5,56.5,-4.7,
total_bases,l5_avg,rolling_windows,True,True,True,True,70.4,78.3,78.3,-7.9,
total_bases,l5_max,rolling_windows,True,True,True,True,70.4,78.3,78.3,-7.9,
total_bases,l5_median,rolling_windows,True,True,True,True,22.2,26.1,26.1,-3.9,
total_bases,l5_min,rolling_windows,True,True,True,True,3.7,4.3,4.3,-0.6,
total_bases,line,other,True,True,True,True,100.0,100.0,100.0,0.0,
total_bases,line_difficulty,market_alignment,True,True,True,True,77.8,87.0,87.0,-9.2,
total_bases,line_vs_ewma,other,True,True,True,True,100.0,100.0,100.0,0.0,
total_bases,line_vs_l10,other,True,True,True,True,100.0,100.0,100.0,0.0,
total_bases,line_vs_l5,other,True,True,True,True,100.0,100.0,100.0,0.0,
total_bases,line_vs_median,other,True,True,True,True,100.0,100.0,100.0,0.0,
total_bases,matchup_is_imputed,other,True,True,True,True,100.0,100.0,100.0,0.0,
total_bases,opp_k_rate,other,True,True,True,True,100.0,100.0,100.0,0.0,
total_bases,opp_pitcher_bb_rate_14d,opp_pitcher_quality,True,True,True,True,0.0,0.0,0.0,0.0,opp_pitcher_quality_is_imputed
total_bases,opp_pitcher_k_rate_14d,opp_pitcher_quality,True,True,True,True,0.0,0.0,0.0,0.0,opp_pitcher_quality_is_imputed
total_bases,opp_pitcher_quality_is_imputed,opp_pitcher_quality,True,True,True,True,100.0,100.0,100.0,0.0,
total_bases,opp_pitcher_throws_is_imputed,opp_pitcher_quality,True,True,True,True,0.0,100.0,0.0,-100.0,
total_bases,opp_pitcher_throws_l,opp_pitcher_quality,True,True,True,True,0.0,0.0,0.0,0.0,opp_pitcher_quality_is_imputed
total_bases,opp_pitcher_throws_r,opp_pitcher_quality,True,True,True,True,100.0,0.0,100.0,100.0,opp_pitcher_quality_is_imputed
total_bases,opp_pitcher_xwoba_allowed_14d,opp_pitcher_quality,True,True,True,True,0.0,0.0,0.0,0.0,opp_pitcher_quality_is_imputed
total_bases,opposite_hand_matchup,matchup_interaction,True,True,True,True,0.0,0.0,0.0,0.0,
total_bases,pa_b_pa14_avg_exit_velocity,pa_batter,True,True,True,True,22.2,0.0,26.1,22.2,pa_batter_is_imputed
total_bases,pa_b_pa14_avg_launch_angle,pa_batter,True,True,True,True,22.2,0.0,26.1,22.2,pa_batter_is_imputed
total_bases,pa_b_pa14_barrel_rate,pa_batter,True,True,True,True,7.4,0.0,8.7,7.4,pa_batter_is_imputed
total_bases,pa_b_pa14_bb_rate,pa_batter,True,True,True,True,22.2,0.0,26.1,22.2,pa_batter_is_imputed
total_bases,pa_b_pa14_contact_rate,pa_batter,True,True,True,True,22.2,0.0,26.1,22.2,pa_batter_is_imputed
total_bases,pa_b_pa14_hard_hit_rate,pa_batter,True,True,True,True,18.5,0.0,21.7,18.5,pa_batter_is_imputed
total_bases,pa_b_pa14_k_rate,pa_batter,True,True,True,True,18.5,0.0,21.7,18.5,pa_batter_is_imputed
total_bases,pa_b_pa14_plate_appearances,pa_batter,True,True,True,True,22.2,0.0,26.1,22.2,pa_batter_is_imputed
total_bases,pa_b_pa14_sweet_spot_rate,pa_batter,True,True,True,True,22.2,0.0,26.1,22.2,pa_batter_is_imputed
total_bases,pa_b_pa14_wOBA,pa_batter,True,True,True,True,22.2,0.0,26.1,22.2,pa_batter_is_imputed
total_bases,pa_b_pa14_whiff_rate,pa_batter,True,True,True,True,18.5,0.0,21.7,18.5,pa_batter_is_imputed
total_bases,pa_b_pa14_xwOBA,pa_batter,True,True,True,True,22.2,0.0,26.1,22.2,pa_batter_is_imputed
total_bases,pa_b_pa30_avg_exit_velocity,pa_batter,True,True,True,True,22.2,0.0,26.1,22.2,pa_batter_is_imputed
total_bases,pa_b_pa30_avg_launch_angle,pa_batter,True,True,True,True,22.2,0.0,26.1,22.2,pa_batter_is_imputed
total_bases,pa_b_pa30_barrel_rate,pa_batter,True,True,True,True,11.1,0.0,13.0,11.1,pa_batter_is_imputed
total_bases,pa_b_pa30_bb_rate,pa_batter,True,True,True,True,22.2,0.0,26.1,22.2,pa_batter_is_imputed
total_bases,pa_b_pa30_contact_rate,pa_batter,True,True,True,True,22.2,0.0,26.1,22.2,pa_batter_is_imputed
total_bases,pa_b_pa30_hard_hit_rate,pa_batter,True,True,True,True,22.2,0.0,26.1,22.2,pa_batter_is_imputed
total_bases,pa_b_pa30_k_rate,pa_batter,True,True,True,True,22.2,0.0,26.1,22.2,pa_batter_is_imputed
total_bases,pa_b_pa30_plate_appearances,pa_batter,True,True,True,True,22.2,0.0,26.1,22.2,pa_batter_is_imputed
total_bases,pa_b_pa30_sweet_spot_rate,pa_batter,True,True,True,True,22.2,0.0,26.1,22.2,pa_batter_is_imputed
total_bases,pa_b_pa30_wOBA,pa_batter,True,True,True,True,22.2,0.0,26.1,22.2,pa_batter_is_imputed
total_bases,pa_b_pa30_whiff_rate,pa_batter,True,True,True,True,22.2,0.0,26.1,22.2,pa_batter_is_imputed
total_bases,pa_b_pa30_xwOBA,pa_batter,True,True,True,True,22.2,0.0,26.1,22.2,pa_batter_is_imputed
total_bases,pa_b_pa7_avg_exit_velocity,pa_batter,True,True,True,True,22.2,0.0,26.1,22.2,pa_batter_is_imputed
total_bases,pa_b_pa7_avg_launch_angle,pa_batter,True,True,True,True,22.2,0.0,26.1,22.2,pa_batter_is_imputed
total_bases,pa_b_pa7_barrel_rate,pa_batter,True,True,True,True,3.7,0.0,4.3,3.7,pa_batter_is_imputed
total_bases,pa_b_pa7_bb_rate,pa_batter,True,True,True,True,18.5,0.0,21.7,18.5,pa_batter_is_imputed
total_bases,pa_b_pa7_contact_rate,pa_batter,True,True,True,True,22.2,0.0,26.1,22.2,pa_batter_is_imputed
total_bases,pa_b_pa7_hard_hit_rate,pa_batter,True,True,True,True,14.8,0.0,17.4,14.8,pa_batter_is_imputed
total_bases,pa_b_pa7_k_rate,pa_batter,True,True,True,True,18.5,0.0,21.7,18.5,pa_batter_is_imputed
total_bases,pa_b_pa7_plate_appearances,pa_batter,True,True,True,True,22.2,0.0,26.1,22.2,pa_batter_is_imputed
total_bases,pa_b_pa7_sweet_spot_rate,pa_batter,True,True,True,True,18.5,0.0,21.7,18.5,pa_batter_is_imputed
total_bases,pa_b_pa7_wOBA,pa_batter,True,True,True,True,22.2,0.0,26.1,22.2,pa_batter_is_imputed
total_bases,pa_b_pa7_whiff_rate,pa_batter,True,True,True,True,18.5,0.0,21.7,18.5,pa_batter_is_imputed
total_bases,pa_b_pa7_xwOBA,pa_batter,True,True,True,True,22.2,0.0,26.1,22.2,pa_batter_is_imputed
total_bases,pa_b_pa_season_avg_exit_velocity,pa_batter,True,True,True,True,22.2,0.0,26.1,22.2,pa_batter_is_imputed
total_bases,pa_b_pa_season_avg_launch_angle,pa_batter,True,True,True,True,22.2,0.0,26.1,22.2,pa_batter_is_imputed
total_bases,pa_b_pa_season_barrel_rate,pa_batter,True,True,True,True,22.2,0.0,26.1,22.2,pa_batter_is_imputed
total_bases,pa_b_pa_season_bb_rate,pa_batter,True,True,True,True,22.2,0.0,26.1,22.2,pa_batter_is_imputed
total_bases,pa_b_pa_season_contact_rate,pa_batter,True,True,True,True,22.2,0.0,26.1,22.2,pa_batter_is_imputed
total_bases,pa_b_pa_season_hard_hit_rate,pa_batter,True,True,True,True,22.2,0.0,26.1,22.2,pa_batter_is_imputed
total_bases,pa_b_pa_season_k_rate,pa_batter,True,True,True,True,22.2,0.0,26.1,22.2,pa_batter_is_imputed
total_bases,pa_b_pa_season_plate_appearances,pa_batter,True,True,True,True,22.2,0.0,26.1,22.2,pa_batter_is_imputed
total_bases,pa_b_pa_season_sweet_spot_rate,pa_batter,True,True,True,True,22.2,0.0,26.1,22.2,pa_batter_is_imputed
total_bases,pa_b_pa_season_wOBA,pa_batter,True,True,True,True,22.2,0.0,26.1,22.2,pa_batter_is_imputed
total_bases,pa_b_pa_season_whiff_rate,pa_batter,True,True,True,True,22.2,0.0,26.1,22.2,pa_batter_is_imputed
total_bases,pa_b_pa_season_xwOBA,pa_batter,True,True,True,True,22.2,0.0,26.1,22.2,pa_batter_is_imputed
total_bases,pa_batter_is_imputed,pa_batter,True,True,True,True,77.8,100.0,73.9,-22.2,
total_bases,pa_p_pa14_barrel_allowed_rate,pa_pitcher,True,True,True,True,0.0,0.0,0.0,0.0,pa_pitcher_is_imputed
total_bases,pa_p_pa14_bb_rate,pa_pitcher,True,True,True,True,0.0,0.0,0.0,0.0,pa_pitcher_is_imputed
total_bases,pa_p_pa14_hard_hit_allowed_rate,pa_pitcher,True,True,True,True,0.0,0.0,0.0,0.0,pa_pitcher_is_imputed
total_bases,pa_p_pa14_k_rate,pa_pitcher,True,True,True,True,0.0,0.0,0.0,0.0,pa_pitcher_is_imputed
total_bases,pa_p_pa14_plate_appearances,pa_pitcher,True,True,True,True,0.0,0.0,0.0,0.0,pa_pitcher_is_imputed
total_bases,pa_p_pa14_wOBA_allowed,pa_pitcher,True,True,True,True,0.0,0.0,0.0,0.0,pa_pitcher_is_imputed
total_bases,pa_p_pa14_whiff_rate,pa_pitcher,True,True,True,True,0.0,0.0,0.0,0.0,pa_pitcher_is_imputed
total_bases,pa_p_pa14_xwOBA_allowed,pa_pitcher,True,True,True,True,0.0,0.0,0.0,0.0,pa_pitcher_is_imputed
total_bases,pa_p_pa30_barrel_allowed_rate,pa_pitcher,True,True,True,True,0.0,0.0,0.0,0.0,pa_pitcher_is_imputed
total_bases,pa_p_pa30_bb_rate,pa_pitcher,True,True,True,True,0.0,0.0,0.0,0.0,pa_pitcher_is_imputed
total_bases,pa_p_pa30_hard_hit_allowed_rate,pa_pitcher,True,True,True,True,0.0,0.0,0.0,0.0,pa_pitcher_is_imputed
total_bases,pa_p_pa30_k_rate,pa_pitcher,True,True,True,True,0.0,0.0,0.0,0.0,pa_pitcher_is_imputed
total_bases,pa_p_pa30_plate_appearances,pa_pitcher,True,True,True,True,0.0,0.0,0.0,0.0,pa_pitcher_is_imputed
total_bases,pa_p_pa30_wOBA_allowed,pa_pitcher,True,True,True,True,0.0,0.0,0.0,0.0,pa_pitcher_is_imputed
total_bases,pa_p_pa30_whiff_rate,pa_pitcher,True,True,True,True,0.0,0.0,0.0,0.0,pa_pitcher_is_imputed
total_bases,pa_p_pa30_xwOBA_allowed,pa_pitcher,True,True,True,True,0.0,0.0,0.0,0.0,pa_pitcher_is_imputed
total_bases,pa_p_pa_season_barrel_allowed_rate,pa_pitcher,True,True,True,True,0.0,0.0,0.0,0.0,pa_pitcher_is_imputed
total_bases,pa_p_pa_season_bb_rate,pa_pitcher,True,True,True,True,0.0,0.0,0.0,0.0,pa_pitcher_is_imputed
total_bases,pa_p_pa_season_hard_hit_allowed_rate,pa_pitcher,True,True,True,True,0.0,0.0,0.0,0.0,pa_pitcher_is_imputed
total_bases,pa_p_pa_season_k_rate,pa_pitcher,True,True,True,True,0.0,0.0,0.0,0.0,pa_pitcher_is_imputed
total_bases,pa_p_pa_season_plate_appearances,pa_pitcher,True,True,True,True,0.0,0.0,0.0,0.0,pa_pitcher_is_imputed
total_bases,pa_p_pa_season_wOBA_allowed,pa_pitcher,True,True,True,True,0.0,0.0,0.0,0.0,pa_pitcher_is_imputed
total_bases,pa_p_pa_season_whiff_rate,pa_pitcher,True,True,True,True,0.0,0.0,0.0,0.0,pa_pitcher_is_imputed
total_bases,pa_p_pa_season_xwOBA_allowed,pa_pitcher,True,True,True,True,0.0,0.0,0.0,0.0,pa_pitcher_is_imputed
total_bases,pa_pitcher_is_imputed,pa_pitcher,True,True,True,True,100.0,100.0,100.0,0.0,
total_bases,park_factor,environment_park,True,True,True,True,100.0,100.0,100.0,0.0,
total_bases,park_factor_is_imputed,environment_park,True,True,True,True,0.0,0.0,0.0,0.0,
total_bases,park_hits_factor,environment_park,True,True,True,True,100.0,100.0,100.0,0.0,
total_bases,park_hr_factor,environment_park,True,True,True,True,100.0,100.0,100.0,0.0,
total_bases,park_k_factor,environment_park,True,True,True,True,100.0,100.0,100.0,0.0,
total_bases,park_runs_factor,environment_park,True,True,True,True,100.0,100.0,100.0,0.0,
total_bases,park_tb_factor,environment_park,True,True,True,True,100.0,100.0,100.0,0.0,
total_bases,platoon_avg_split,platoon_splits,True,True,True,True,11.1,13.0,13.0,-1.9,platoon_split_is_imputed
total_bases,platoon_k_split,platoon_splits,True,True,True,True,11.1,13.0,13.0,-1.9,platoon_split_is_imputed
total_bases,platoon_split_is_imputed,platoon_splits,True,True,True,True,88.9,87.0,87.0,1.9,
total_bases,range_l10,rolling_windows,True,True,True,True,77.8,87.0,87.0,-9.2,
total_bases,range_l5,rolling_windows,True,True,True,True,70.4,78.3,78.3,-7.9,
total_bases,same_hand_matchup,matchup_interaction,True,True,True,True,0.0,0.0,0.0,0.0,
total_bases,sc_b_r14_avg_exit_velocity,statcast_batter,True,True,True,True,22.2,26.1,26.1,-3.9,sc_batter_is_imputed
total_bases,sc_b_r14_avg_launch_angle,statcast_batter,True,True,True,True,22.2,26.1,26.1,-3.9,sc_batter_is_imputed
total_bases,sc_b_r14_barrel_rate,statcast_batter,True,True,True,True,22.2,26.1,26.1,-3.9,sc_batter_is_imputed
total_bases,sc_b_r14_contact_rate,statcast_batter,True,True,True,True,22.2,26.1,26.1,-3.9,sc_batter_is_imputed
total_bases,sc_b_r14_hard_hit_rate,statcast_batter,True,True,True,True,22.2,26.1,26.1,-3.9,sc_batter_is_imputed
total_bases,sc_b_r14_k_rate,statcast_batter,True,True,True,True,22.2,26.1,26.1,-3.9,sc_batter_is_imputed
total_bases,sc_b_r14_plate_appearances,statcast_batter,True,True,True,True,22.2,26.1,26.1,-3.9,sc_batter_is_imputed
total_bases,sc_b_r14_sweet_spot_rate,statcast_batter,True,True,True,True,22.2,26.1,26.1,-3.9,sc_batter_is_imputed
total_bases,sc_b_r14_wOBA,statcast_batter,True,True,True,True,22.2,26.1,26.1,-3.9,sc_batter_is_imputed
total_bases,sc_b_r14_whiff_rate,statcast_batter,True,True,True,True,22.2,26.1,26.1,-3.9,sc_batter_is_imputed
total_bases,sc_b_r14_xwOBA,statcast_batter,True,True,True,True,22.2,26.1,26.1,-3.9,sc_batter_is_imputed
total_bases,sc_b_r30_avg_exit_velocity,statcast_batter,True,True,True,True,22.2,26.1,26.1,-3.9,sc_batter_is_imputed
total_bases,sc_b_r30_avg_launch_angle,statcast_batter,True,True,True,True,22.2,26.1,26.1,-3.9,sc_batter_is_imputed
total_bases,sc_b_r30_barrel_rate,statcast_batter,True,True,True,True,22.2,26.1,26.1,-3.9,sc_batter_is_imputed
total_bases,sc_b_r30_contact_rate,statcast_batter,True,True,True,True,22.2,26.1,26.1,-3.9,sc_batter_is_imputed
total_bases,sc_b_r30_hard_hit_rate,statcast_batter,True,True,True,True,22.2,26.1,26.1,-3.9,sc_batter_is_imputed
total_bases,sc_b_r30_k_rate,statcast_batter,True,True,True,True,22.2,26.1,26.1,-3.9,sc_batter_is_imputed
total_bases,sc_b_r30_plate_appearances,statcast_batter,True,True,True,True,22.2,26.1,26.1,-3.9,sc_batter_is_imputed
total_bases,sc_b_r30_sweet_spot_rate,statcast_batter,True,True,True,True,22.2,26.1,26.1,-3.9,sc_batter_is_imputed
total_bases,sc_b_r30_wOBA,statcast_batter,True,True,True,True,22.2,26.1,26.1,-3.9,sc_batter_is_imputed
total_bases,sc_b_r30_whiff_rate,statcast_batter,True,True,True,True,22.2,26.1,26.1,-3.9,sc_batter_is_imputed
total_bases,sc_b_r30_xwOBA,statcast_batter,True,True,True,True,22.2,26.1,26.1,-3.9,sc_batter_is_imputed
total_bases,sc_b_r7_avg_exit_velocity,statcast_batter,True,True,True,True,22.2,26.1,26.1,-3.9,sc_batter_is_imputed
total_bases,sc_b_r7_avg_launch_angle,statcast_batter,True,True,True,True,22.2,26.1,26.1,-3.9,sc_batter_is_imputed
total_bases,sc_b_r7_barrel_rate,statcast_batter,True,True,True,True,22.2,26.1,26.1,-3.9,sc_batter_is_imputed
total_bases,sc_b_r7_contact_rate,statcast_batter,True,True,True,True,22.2,26.1,26.1,-3.9,sc_batter_is_imputed
total_bases,sc_b_r7_hard_hit_rate,statcast_batter,True,True,True,True,22.2,26.1,26.1,-3.9,sc_batter_is_imputed
total_bases,sc_b_r7_k_rate,statcast_batter,True,True,True,True,22.2,26.1,26.1,-3.9,sc_batter_is_imputed
total_bases,sc_b_r7_plate_appearances,statcast_batter,True,True,True,True,22.2,26.1,26.1,-3.9,sc_batter_is_imputed
total_bases,sc_b_r7_sweet_spot_rate,statcast_batter,True,True,True,True,22.2,26.1,26.1,-3.9,sc_batter_is_imputed
total_bases,sc_b_r7_wOBA,statcast_batter,True,True,True,True,22.2,26.1,26.1,-3.9,sc_batter_is_imputed
total_bases,sc_b_r7_whiff_rate,statcast_batter,True,True,True,True,22.2,26.1,26.1,-3.9,sc_batter_is_imputed
total_bases,sc_b_r7_xwOBA,statcast_batter,True,True,True,True,22.2,26.1,26.1,-3.9,sc_batter_is_imputed
total_bases,sc_b_season_avg_exit_velocity,statcast_batter,True,True,True,True,22.2,26.1,26.1,-3.9,sc_batter_is_imputed
total_bases,sc_b_season_avg_launch_angle,statcast_batter,True,True,True,True,22.2,26.1,26.1,-3.9,sc_batter_is_imputed
total_bases,sc_b_season_barrel_rate,statcast_batter,True,True,True,True,22.2,26.1,26.1,-3.9,sc_batter_is_imputed
total_bases,sc_b_season_contact_rate,statcast_batter,True,True,True,True,22.2,26.1,26.1,-3.9,sc_batter_is_imputed
total_bases,sc_b_season_hard_hit_rate,statcast_batter,True,True,True,True,22.2,26.1,26.1,-3.9,sc_batter_is_imputed
total_bases,sc_b_season_k_rate,statcast_batter,True,True,True,True,22.2,26.1,26.1,-3.9,sc_batter_is_imputed
total_bases,sc_b_season_plate_appearances,statcast_batter,True,True,True,True,22.2,26.1,26.1,-3.9,sc_batter_is_imputed
total_bases,sc_b_season_sweet_spot_rate,statcast_batter,True,True,True,True,22.2,26.1,26.1,-3.9,sc_batter_is_imputed
total_bases,sc_b_season_wOBA,statcast_batter,True,True,True,True,22.2,26.1,26.1,-3.9,sc_batter_is_imputed
total_bases,sc_b_season_whiff_rate,statcast_batter,True,True,True,True,22.2,26.1,26.1,-3.9,sc_batter_is_imputed
total_bases,sc_b_season_xwOBA,statcast_batter,True,True,True,True,22.2,26.1,26.1,-3.9,sc_batter_is_imputed
total_bases,sc_batter_is_imputed,other,True,True,True,True,77.8,73.9,73.9,3.9,
total_bases,sc_p_r14_barrel_allowed_rate,statcast_pitcher,True,True,True,True,0.0,0.0,0.0,0.0,sc_pitcher_is_imputed
total_bases,sc_p_r14_bb_rate,statcast_pitcher,True,True,True,True,0.0,0.0,0.0,0.0,sc_pitcher_is_imputed
total_bases,sc_p_r14_hard_hit_allowed_rate,statcast_pitcher,True,True,True,True,0.0,0.0,0.0,0.0,sc_pitcher_is_imputed
total_bases,sc_p_r14_k_rate,statcast_pitcher,True,True,True,True,0.0,0.0,0.0,0.0,sc_pitcher_is_imputed
total_bases,sc_p_r14_plate_appearances,statcast_pitcher,True,True,True,True,0.0,0.0,0.0,0.0,sc_pitcher_is_imputed
total_bases,sc_p_r14_wOBA_allowed,statcast_pitcher,True,True,True,True,0.0,0.0,0.0,0.0,sc_pitcher_is_imputed
total_bases,sc_p_r14_xwOBA_allowed,statcast_pitcher,True,True,True,True,0.0,0.0,0.0,0.0,sc_pitcher_is_imputed
total_bases,sc_p_r30_barrel_allowed_rate,statcast_pitcher,True,True,True,True,0.0,0.0,0.0,0.0,sc_pitcher_is_imputed
total_bases,sc_p_r30_bb_rate,statcast_pitcher,True,True,True,True,0.0,0.0,0.0,0.0,sc_pitcher_is_imputed
total_bases,sc_p_r30_hard_hit_allowed_rate,statcast_pitcher,True,True,True,True,0.0,0.0,0.0,0.0,sc_pitcher_is_imputed
total_bases,sc_p_r30_k_rate,statcast_pitcher,True,True,True,True,0.0,0.0,0.0,0.0,sc_pitcher_is_imputed
total_bases,sc_p_r30_plate_appearances,statcast_pitcher,True,True,True,True,0.0,0.0,0.0,0.0,sc_pitcher_is_imputed
total_bases,sc_p_r30_wOBA_allowed,statcast_pitcher,True,True,True,True,0.0,0.0,0.0,0.0,sc_pitcher_is_imputed
total_bases,sc_p_r30_xwOBA_allowed,statcast_pitcher,True,True,True,True,0.0,0.0,0.0,0.0,sc_pitcher_is_imputed
total_bases,sc_p_season_barrel_allowed_rate,statcast_pitcher,True,True,True,True,0.0,0.0,0.0,0.0,sc_pitcher_is_imputed
total_bases,sc_p_season_bb_rate,statcast_pitcher,True,True,True,True,0.0,0.0,0.0,0.0,sc_pitcher_is_imputed
total_bases,sc_p_season_hard_hit_allowed_rate,statcast_pitcher,True,True,True,True,0.0,0.0,0.0,0.0,sc_pitcher_is_imputed
total_bases,sc_p_season_k_rate,statcast_pitcher,True,True,True,True,0.0,0.0,0.0,0.0,sc_pitcher_is_imputed
total_bases,sc_p_season_plate_appearances,statcast_pitcher,True,True,True,True,0.0,0.0,0.0,0.0,sc_pitcher_is_imputed
total_bases,sc_p_season_wOBA_allowed,statcast_pitcher,True,True,True,True,0.0,0.0,0.0,0.0,sc_pitcher_is_imputed
total_bases,sc_p_season_xwOBA_allowed,statcast_pitcher,True,True,True,True,0.0,0.0,0.0,0.0,sc_pitcher_is_imputed
total_bases,sc_pitcher_is_imputed,other,True,True,True,True,100.0,100.0,100.0,0.0,
total_bases,std_dev_l10,rolling_windows,True,True,True,True,77.8,87.0,87.0,-9.2,
total_bases,std_dev_l5,rolling_windows,True,True,True,True,70.4,78.3,78.3,-7.9,
total_bases,vs_lhp_ab,platoon_splits,True,True,True,True,11.1,13.0,13.0,-1.9,platoon_split_is_imputed
total_bases,vs_lhp_avg,platoon_splits,True,True,True,True,11.1,13.0,13.0,-1.9,platoon_split_is_imputed
total_bases,vs_lhp_bb,platoon_splits,True,True,True,True,11.1,13.0,13.0,-1.9,platoon_split_is_imputed
total_bases,vs_lhp_hits,platoon_splits,True,True,True,True,11.1,13.0,13.0,-1.9,platoon_split_is_imputed
total_bases,vs_lhp_hr,platoon_splits,True,True,True,True,7.4,8.7,8.7,-1.3,platoon_split_is_imputed
total_bases,vs_lhp_is_imputed,platoon_splits,True,True,True,True,88.9,87.0,87.0,1.9,
total_bases,vs_lhp_k,platoon_splits,True,True,True,True,11.1,13.0,13.0,-1.9,platoon_split_is_imputed
total_bases,vs_lhp_k_rate,platoon_splits,True,True,True,True,11.1,13.0,13.0,-1.9,platoon_split_is_imputed
total_bases,vs_lhp_obp,platoon_splits,True,True,True,True,11.1,13.0,13.0,-1.9,platoon_split_is_imputed
total_bases,vs_rhp_ab,platoon_splits,True,True,True,True,11.1,13.0,13.0,-1.9,platoon_split_is_imputed
total_bases,vs_rhp_avg,platoon_splits,True,True,True,True,11.1,13.0,13.0,-1.9,platoon_split_is_imputed
total_bases,vs_rhp_bb,platoon_splits,True,True,True,True,11.1,13.0,13.0,-1.9,platoon_split_is_imputed
total_bases,vs_rhp_hits,platoon_splits,True,True,True,True,11.1,13.0,13.0,-1.9,platoon_split_is_imputed
total_bases,vs_rhp_hr,platoon_splits,True,True,True,True,11.1,13.0,13.0,-1.9,platoon_split_is_imputed
total_bases,vs_rhp_is_imputed,platoon_splits,True,True,True,True,88.9,87.0,87.0,1.9,
total_bases,vs_rhp_k,platoon_splits,True,True,True,True,11.1,13.0,13.0,-1.9,platoon_split_is_imputed
total_bases,vs_rhp_k_rate,platoon_splits,True,True,True,True,11.1,13.0,13.0,-1.9,platoon_split_is_imputed
total_bases,vs_rhp_obp,platoon_splits,True,True,True,True,11.1,13.0,13.0,-1.9,platoon_split_is_imputed
total_bases,lineup_barrel_rate_14d,opposing_lineup,False,True,True,True,0.0,0.0,0.0,0.0,
total_bases,lineup_bb_rate_14d,opposing_lineup,False,True,True,True,0.0,0.0,0.0,0.0,
total_bases,lineup_handedness_is_imputed,opposing_lineup,False,True,True,True,100.0,100.0,100.0,0.0,
total_bases,lineup_hard_hit_rate_14d,opposing_lineup,False,True,True,True,0.0,0.0,0.0,0.0,
total_bases,lineup_k_rate_14d,opposing_lineup,False,True,True,True,0.0,0.0,0.0,0.0,
total_bases,lineup_opposite_hand_count,opposing_lineup,False,True,True,True,0.0,0.0,0.0,0.0,
total_bases,lineup_pct_opposite_hand,opposing_lineup,False,True,True,True,0.0,0.0,0.0,0.0,
total_bases,lineup_pct_same_hand,opposing_lineup,False,True,True,True,0.0,0.0,0.0,0.0,
total_bases,lineup_same_hand_count,opposing_lineup,False,True,True,True,0.0,0.0,0.0,0.0,
total_bases,lineup_size,opposing_lineup,False,True,True,True,0.0,0.0,0.0,0.0,
total_bases,lineup_size_is_imputed,opposing_lineup,False,True,True,True,100.0,100.0,100.0,0.0,
total_bases,lineup_strength_is_imputed,opposing_lineup,False,True,True,True,100.0,100.0,100.0,0.0,
total_bases,lineup_woba_14d,opposing_lineup,False,True,True,True,0.0,0.0,0.0,0.0,
total_bases,lineup_xwoba_14d,opposing_lineup,False,True,True,True,0.0,0.0,0.0,0.0,
total_bases,matchup_exposure_is_imputed,other,False,True,True,True,100.0,100.0,100.0,0.0,
total_bases,pct_lhh,other,False,True,True,True,0.0,0.0,0.0,0.0,
total_bases,pct_rhh,other,False,True,True,True,0.0,0.0,0.0,0.0,
total_bases,pct_switch,other,False,True,True,True,0.0,0.0,0.0,0.0,
total_bases,projected_lhh_count,other,False,True,True,True,0.0,0.0,0.0,0.0,
total_bases,projected_rhh_count,other,False,True,True,True,0.0,0.0,0.0,0.0,
total_bases,projected_switch_count,other,False,True,True,True,0.0,0.0,0.0,0.0,
runs,away_avg,other,True,True,True,True,0.0,0.0,0.0,0.0,
runs,batter_hand_is_imputed,batter_handedness,True,True,True,True,100.0,100.0,100.0,0.0,
runs,batter_is_lhh,batter_handedness,True,True,True,True,0.0,0.0,0.0,0.0,batter_hand_is_imputed
runs,batter_is_rhh,batter_handedness,True,True,True,True,0.0,0.0,0.0,0.0,batter_hand_is_imputed
runs,batter_is_switch,batter_handedness,True,True,True,True,0.0,0.0,0.0,0.0,batter_hand_is_imputed
runs,current_hit_streak,rolling_windows,True,True,True,True,11.1,8.7,8.7,2.4,
runs,current_miss_streak,rolling_windows,True,True,True,True,88.9,91.3,91.3,-2.4,
runs,cv_l10,rolling_windows,True,True,True,True,81.5,87.0,87.0,-5.5,
runs,cv_l5,rolling_windows,True,True,True,True,74.1,78.3,78.3,-4.2,
runs,ewma_l10,rolling_windows,True,True,True,True,81.5,87.0,87.0,-5.5,
runs,ewma_l20,rolling_windows,True,True,True,True,81.5,87.0,87.0,-5.5,
runs,ewma_l5,rolling_windows,True,True,True,True,74.1,78.3,78.3,-4.2,
runs,ewma_trend,rolling_windows,True,True,True,True,81.5,87.0,87.0,-5.5,
runs,expected_pa_is_imputed,workload,True,True,True,True,3.7,4.3,4.3,-0.6,
runs,expected_pa_l10,workload,True,True,True,True,100.0,100.0,100.0,0.0,
runs,hit_rate_l10,rolling_windows,True,True,True,True,29.6,30.4,30.4,-0.8,
runs,hit_rate_l5,rolling_windows,True,True,True,True,25.9,26.1,26.1,-0.2,
runs,home_avg,other,True,True,True,True,0.0,0.0,0.0,0.0,
runs,home_away_split,other,True,True,True,True,0.0,0.0,0.0,0.0,
runs,home_away_split_is_imputed,other,True,True,True,True,100.0,100.0,100.0,0.0,
runs,home_hr_split,other,True,True,True,True,0.0,0.0,0.0,0.0,
runs,home_runs_split,other,True,True,True,True,0.0,0.0,0.0,0.0,
runs,l10_avg,rolling_windows,True,True,True,True,81.5,87.0,87.0,-5.5,
runs,l10_max,rolling_windows,True,True,True,True,81.5,87.0,87.0,-5.5,
runs,l10_median,rolling_windows,True,True,True,True,11.1,13.0,13.0,-1.9,
runs,l10_min,rolling_windows,True,True,True,True,0.0,0.0,0.0,0.0,
runs,l20_avg,rolling_windows,True,True,True,True,81.5,87.0,87.0,-5.5,
runs,l3_avg,rolling_windows,True,True,True,True,59.3,65.2,65.2,-6.0,
runs,l5_avg,rolling_windows,True,True,True,True,74.1,78.3,78.3,-4.2,
runs,l5_max,rolling_windows,True,True,True,True,74.1,78.3,78.3,-4.2,
runs,l5_median,rolling_windows,True,True,True,True,18.5,26.1,26.1,-7.6,
runs,l5_min,rolling_windows,True,True,True,True,0.0,0.0,0.0,0.0,
runs,line,other,True,True,True,True,100.0,100.0,100.0,0.0,
runs,line_difficulty,market_alignment,True,True,True,True,81.5,87.0,87.0,-5.5,
runs,line_vs_ewma,other,True,True,True,True,100.0,100.0,100.0,0.0,
runs,line_vs_l10,other,True,True,True,True,100.0,100.0,100.0,0.0,
runs,line_vs_l5,other,True,True,True,True,100.0,100.0,100.0,0.0,
runs,line_vs_median,other,True,True,True,True,100.0,100.0,100.0,0.0,
runs,matchup_is_imputed,other,True,True,True,True,100.0,100.0,100.0,0.0,
runs,opp_k_rate,other,True,True,True,True,100.0,100.0,100.0,0.0,
runs,opp_pitcher_bb_rate_14d,opp_pitcher_quality,True,True,True,True,0.0,0.0,0.0,0.0,opp_pitcher_quality_is_imputed
runs,opp_pitcher_k_rate_14d,opp_pitcher_quality,True,True,True,True,0.0,0.0,0.0,0.0,opp_pitcher_quality_is_imputed
runs,opp_pitcher_quality_is_imputed,opp_pitcher_quality,True,True,True,True,100.0,100.0,100.0,0.0,
runs,opp_pitcher_throws_is_imputed,opp_pitcher_quality,True,True,True,True,0.0,100.0,0.0,-100.0,
runs,opp_pitcher_throws_l,opp_pitcher_quality,True,True,True,True,0.0,0.0,0.0,0.0,opp_pitcher_quality_is_imputed
runs,opp_pitcher_throws_r,opp_pitcher_quality,True,True,True,True,100.0,0.0,100.0,100.0,opp_pitcher_quality_is_imputed
runs,opp_pitcher_xwoba_allowed_14d,opp_pitcher_quality,True,True,True,True,0.0,0.0,0.0,0.0,opp_pitcher_quality_is_imputed
runs,opposite_hand_matchup,matchup_interaction,True,True,True,True,0.0,0.0,0.0,0.0,
runs,pa_b_pa14_avg_exit_velocity,pa_batter,True,True,True,True,22.2,0.0,26.1,22.2,pa_batter_is_imputed
runs,pa_b_pa14_avg_launch_angle,pa_batter,True,True,True,True,22.2,0.0,26.1,22.2,pa_batter_is_imputed
runs,pa_b_pa14_barrel_rate,pa_batter,True,True,True,True,7.4,0.0,8.7,7.4,pa_batter_is_imputed
runs,pa_b_pa14_bb_rate,pa_batter,True,True,True,True,22.2,0.0,26.1,22.2,pa_batter_is_imputed
runs,pa_b_pa14_contact_rate,pa_batter,True,True,True,True,22.2,0.0,26.1,22.2,pa_batter_is_imputed
runs,pa_b_pa14_hard_hit_rate,pa_batter,True,True,True,True,18.5,0.0,21.7,18.5,pa_batter_is_imputed
runs,pa_b_pa14_k_rate,pa_batter,True,True,True,True,18.5,0.0,21.7,18.5,pa_batter_is_imputed
runs,pa_b_pa14_plate_appearances,pa_batter,True,True,True,True,22.2,0.0,26.1,22.2,pa_batter_is_imputed
runs,pa_b_pa14_sweet_spot_rate,pa_batter,True,True,True,True,22.2,0.0,26.1,22.2,pa_batter_is_imputed
runs,pa_b_pa14_wOBA,pa_batter,True,True,True,True,22.2,0.0,26.1,22.2,pa_batter_is_imputed
runs,pa_b_pa14_whiff_rate,pa_batter,True,True,True,True,18.5,0.0,21.7,18.5,pa_batter_is_imputed
runs,pa_b_pa14_xwOBA,pa_batter,True,True,True,True,22.2,0.0,26.1,22.2,pa_batter_is_imputed
runs,pa_b_pa30_avg_exit_velocity,pa_batter,True,True,True,True,22.2,0.0,26.1,22.2,pa_batter_is_imputed
runs,pa_b_pa30_avg_launch_angle,pa_batter,True,True,True,True,22.2,0.0,26.1,22.2,pa_batter_is_imputed
runs,pa_b_pa30_barrel_rate,pa_batter,True,True,True,True,11.1,0.0,13.0,11.1,pa_batter_is_imputed
runs,pa_b_pa30_bb_rate,pa_batter,True,True,True,True,22.2,0.0,26.1,22.2,pa_batter_is_imputed
runs,pa_b_pa30_contact_rate,pa_batter,True,True,True,True,22.2,0.0,26.1,22.2,pa_batter_is_imputed
runs,pa_b_pa30_hard_hit_rate,pa_batter,True,True,True,True,22.2,0.0,26.1,22.2,pa_batter_is_imputed
runs,pa_b_pa30_k_rate,pa_batter,True,True,True,True,22.2,0.0,26.1,22.2,pa_batter_is_imputed
runs,pa_b_pa30_plate_appearances,pa_batter,True,True,True,True,22.2,0.0,26.1,22.2,pa_batter_is_imputed
runs,pa_b_pa30_sweet_spot_rate,pa_batter,True,True,True,True,22.2,0.0,26.1,22.2,pa_batter_is_imputed
runs,pa_b_pa30_wOBA,pa_batter,True,True,True,True,22.2,0.0,26.1,22.2,pa_batter_is_imputed
runs,pa_b_pa30_whiff_rate,pa_batter,True,True,True,True,22.2,0.0,26.1,22.2,pa_batter_is_imputed
runs,pa_b_pa30_xwOBA,pa_batter,True,True,True,True,22.2,0.0,26.1,22.2,pa_batter_is_imputed
runs,pa_b_pa7_avg_exit_velocity,pa_batter,True,True,True,True,22.2,0.0,26.1,22.2,pa_batter_is_imputed
runs,pa_b_pa7_avg_launch_angle,pa_batter,True,True,True,True,22.2,0.0,26.1,22.2,pa_batter_is_imputed
runs,pa_b_pa7_barrel_rate,pa_batter,True,True,True,True,3.7,0.0,4.3,3.7,pa_batter_is_imputed
runs,pa_b_pa7_bb_rate,pa_batter,True,True,True,True,18.5,0.0,21.7,18.5,pa_batter_is_imputed
runs,pa_b_pa7_contact_rate,pa_batter,True,True,True,True,22.2,0.0,26.1,22.2,pa_batter_is_imputed
runs,pa_b_pa7_hard_hit_rate,pa_batter,True,True,True,True,14.8,0.0,17.4,14.8,pa_batter_is_imputed
runs,pa_b_pa7_k_rate,pa_batter,True,True,True,True,18.5,0.0,21.7,18.5,pa_batter_is_imputed
runs,pa_b_pa7_plate_appearances,pa_batter,True,True,True,True,22.2,0.0,26.1,22.2,pa_batter_is_imputed
runs,pa_b_pa7_sweet_spot_rate,pa_batter,True,True,True,True,18.5,0.0,21.7,18.5,pa_batter_is_imputed
runs,pa_b_pa7_wOBA,pa_batter,True,True,True,True,22.2,0.0,26.1,22.2,pa_batter_is_imputed
runs,pa_b_pa7_whiff_rate,pa_batter,True,True,True,True,18.5,0.0,21.7,18.5,pa_batter_is_imputed
runs,pa_b_pa7_xwOBA,pa_batter,True,True,True,True,22.2,0.0,26.1,22.2,pa_batter_is_imputed
runs,pa_b_pa_season_avg_exit_velocity,pa_batter,True,True,True,True,22.2,0.0,26.1,22.2,pa_batter_is_imputed
runs,pa_b_pa_season_avg_launch_angle,pa_batter,True,True,True,True,22.2,0.0,26.1,22.2,pa_batter_is_imputed
runs,pa_b_pa_season_barrel_rate,pa_batter,True,True,True,True,22.2,0.0,26.1,22.2,pa_batter_is_imputed
runs,pa_b_pa_season_bb_rate,pa_batter,True,True,True,True,22.2,0.0,26.1,22.2,pa_batter_is_imputed
runs,pa_b_pa_season_contact_rate,pa_batter,True,True,True,True,22.2,0.0,26.1,22.2,pa_batter_is_imputed
runs,pa_b_pa_season_hard_hit_rate,pa_batter,True,True,True,True,22.2,0.0,26.1,22.2,pa_batter_is_imputed
runs,pa_b_pa_season_k_rate,pa_batter,True,True,True,True,22.2,0.0,26.1,22.2,pa_batter_is_imputed
runs,pa_b_pa_season_plate_appearances,pa_batter,True,True,True,True,22.2,0.0,26.1,22.2,pa_batter_is_imputed
runs,pa_b_pa_season_sweet_spot_rate,pa_batter,True,True,True,True,22.2,0.0,26.1,22.2,pa_batter_is_imputed
runs,pa_b_pa_season_wOBA,pa_batter,True,True,True,True,22.2,0.0,26.1,22.2,pa_batter_is_imputed
runs,pa_b_pa_season_whiff_rate,pa_batter,True,True,True,True,22.2,0.0,26.1,22.2,pa_batter_is_imputed
runs,pa_b_pa_season_xwOBA,pa_batter,True,True,True,True,22.2,0.0,26.1,22.2,pa_batter_is_imputed
runs,pa_batter_is_imputed,pa_batter,True,True,True,True,77.8,100.0,73.9,-22.2,
runs,pa_p_pa14_barrel_allowed_rate,pa_pitcher,True,True,True,True,0.0,0.0,0.0,0.0,pa_pitcher_is_imputed
runs,pa_p_pa14_bb_rate,pa_pitcher,True,True,True,True,0.0,0.0,0.0,0.0,pa_pitcher_is_imputed
runs,pa_p_pa14_hard_hit_allowed_rate,pa_pitcher,True,True,True,True,0.0,0.0,0.0,0.0,pa_pitcher_is_imputed
runs,pa_p_pa14_k_rate,pa_pitcher,True,True,True,True,0.0,0.0,0.0,0.0,pa_pitcher_is_imputed
runs,pa_p_pa14_plate_appearances,pa_pitcher,True,True,True,True,0.0,0.0,0.0,0.0,pa_pitcher_is_imputed
runs,pa_p_pa14_wOBA_allowed,pa_pitcher,True,True,True,True,0.0,0.0,0.0,0.0,pa_pitcher_is_imputed
runs,pa_p_pa14_whiff_rate,pa_pitcher,True,True,True,True,0.0,0.0,0.0,0.0,pa_pitcher_is_imputed
runs,pa_p_pa14_xwOBA_allowed,pa_pitcher,True,True,True,True,0.0,0.0,0.0,0.0,pa_pitcher_is_imputed
runs,pa_p_pa30_barrel_allowed_rate,pa_pitcher,True,True,True,True,0.0,0.0,0.0,0.0,pa_pitcher_is_imputed
runs,pa_p_pa30_bb_rate,pa_pitcher,True,True,True,True,0.0,0.0,0.0,0.0,pa_pitcher_is_imputed
runs,pa_p_pa30_hard_hit_allowed_rate,pa_pitcher,True,True,True,True,0.0,0.0,0.0,0.0,pa_pitcher_is_imputed
runs,pa_p_pa30_k_rate,pa_pitcher,True,True,True,True,0.0,0.0,0.0,0.0,pa_pitcher_is_imputed
runs,pa_p_pa30_plate_appearances,pa_pitcher,True,True,True,True,0.0,0.0,0.0,0.0,pa_pitcher_is_imputed
runs,pa_p_pa30_wOBA_allowed,pa_pitcher,True,True,True,True,0.0,0.0,0.0,0.0,pa_pitcher_is_imputed
runs,pa_p_pa30_whiff_rate,pa_pitcher,True,True,True,True,0.0,0.0,0.0,0.0,pa_pitcher_is_imputed
runs,pa_p_pa30_xwOBA_allowed,pa_pitcher,True,True,True,True,0.0,0.0,0.0,0.0,pa_pitcher_is_imputed
runs,pa_p_pa_season_barrel_allowed_rate,pa_pitcher,True,True,True,True,0.0,0.0,0.0,0.0,pa_pitcher_is_imputed
runs,pa_p_pa_season_bb_rate,pa_pitcher,True,True,True,True,0.0,0.0,0.0,0.0,pa_pitcher_is_imputed
runs,pa_p_pa_season_hard_hit_allowed_rate,pa_pitcher,True,True,True,True,0.0,0.0,0.0,0.0,pa_pitcher_is_imputed
runs,pa_p_pa_season_k_rate,pa_pitcher,True,True,True,True,0.0,0.0,0.0,0.0,pa_pitcher_is_imputed
runs,pa_p_pa_season_plate_appearances,pa_pitcher,True,True,True,True,0.0,0.0,0.0,0.0,pa_pitcher_is_imputed
runs,pa_p_pa_season_wOBA_allowed,pa_pitcher,True,True,True,True,0.0,0.0,0.0,0.0,pa_pitcher_is_imputed
runs,pa_p_pa_season_whiff_rate,pa_pitcher,True,True,True,True,0.0,0.0,0.0,0.0,pa_pitcher_is_imputed
runs,pa_p_pa_season_xwOBA_allowed,pa_pitcher,True,True,True,True,0.0,0.0,0.0,0.0,pa_pitcher_is_imputed
runs,pa_pitcher_is_imputed,pa_pitcher,True,True,True,True,100.0,100.0,100.0,0.0,
runs,park_factor,environment_park,True,True,True,True,100.0,100.0,100.0,0.0,
runs,park_factor_is_imputed,environment_park,True,True,True,True,0.0,0.0,0.0,0.0,
runs,park_hits_factor,environment_park,True,True,True,True,100.0,100.0,100.0,0.0,
runs,park_hr_factor,environment_park,True,True,True,True,100.0,100.0,100.0,0.0,
runs,park_k_factor,environment_park,True,True,True,True,100.0,100.0,100.0,0.0,
runs,park_runs_factor,environment_park,True,True,True,True,100.0,100.0,100.0,0.0,
runs,park_tb_factor,environment_park,True,True,True,True,100.0,100.0,100.0,0.0,
runs,platoon_avg_split,platoon_splits,True,True,True,True,11.1,13.0,13.0,-1.9,platoon_split_is_imputed
runs,platoon_k_split,platoon_splits,True,True,True,True,11.1,13.0,13.0,-1.9,platoon_split_is_imputed
runs,platoon_split_is_imputed,platoon_splits,True,True,True,True,88.9,87.0,87.0,1.9,
runs,range_l10,rolling_windows,True,True,True,True,81.5,87.0,87.0,-5.5,
runs,range_l5,rolling_windows,True,True,True,True,74.1,78.3,78.3,-4.2,
runs,same_hand_matchup,matchup_interaction,True,True,True,True,0.0,0.0,0.0,0.0,
runs,sc_b_r14_avg_exit_velocity,statcast_batter,True,True,True,True,22.2,26.1,26.1,-3.9,sc_batter_is_imputed
runs,sc_b_r14_avg_launch_angle,statcast_batter,True,True,True,True,22.2,26.1,26.1,-3.9,sc_batter_is_imputed
runs,sc_b_r14_barrel_rate,statcast_batter,True,True,True,True,22.2,26.1,26.1,-3.9,sc_batter_is_imputed
runs,sc_b_r14_contact_rate,statcast_batter,True,True,True,True,22.2,26.1,26.1,-3.9,sc_batter_is_imputed
runs,sc_b_r14_hard_hit_rate,statcast_batter,True,True,True,True,22.2,26.1,26.1,-3.9,sc_batter_is_imputed
runs,sc_b_r14_k_rate,statcast_batter,True,True,True,True,22.2,26.1,26.1,-3.9,sc_batter_is_imputed
runs,sc_b_r14_plate_appearances,statcast_batter,True,True,True,True,22.2,26.1,26.1,-3.9,sc_batter_is_imputed
runs,sc_b_r14_sweet_spot_rate,statcast_batter,True,True,True,True,22.2,26.1,26.1,-3.9,sc_batter_is_imputed
runs,sc_b_r14_wOBA,statcast_batter,True,True,True,True,22.2,26.1,26.1,-3.9,sc_batter_is_imputed
runs,sc_b_r14_whiff_rate,statcast_batter,True,True,True,True,22.2,26.1,26.1,-3.9,sc_batter_is_imputed
runs,sc_b_r14_xwOBA,statcast_batter,True,True,True,True,22.2,26.1,26.1,-3.9,sc_batter_is_imputed
runs,sc_b_r30_avg_exit_velocity,statcast_batter,True,True,True,True,22.2,26.1,26.1,-3.9,sc_batter_is_imputed
runs,sc_b_r30_avg_launch_angle,statcast_batter,True,True,True,True,22.2,26.1,26.1,-3.9,sc_batter_is_imputed
runs,sc_b_r30_barrel_rate,statcast_batter,True,True,True,True,22.2,26.1,26.1,-3.9,sc_batter_is_imputed
runs,sc_b_r30_contact_rate,statcast_batter,True,True,True,True,22.2,26.1,26.1,-3.9,sc_batter_is_imputed
runs,sc_b_r30_hard_hit_rate,statcast_batter,True,True,True,True,22.2,26.1,26.1,-3.9,sc_batter_is_imputed
runs,sc_b_r30_k_rate,statcast_batter,True,True,True,True,22.2,26.1,26.1,-3.9,sc_batter_is_imputed
runs,sc_b_r30_plate_appearances,statcast_batter,True,True,True,True,22.2,26.1,26.1,-3.9,sc_batter_is_imputed
runs,sc_b_r30_sweet_spot_rate,statcast_batter,True,True,True,True,22.2,26.1,26.1,-3.9,sc_batter_is_imputed
runs,sc_b_r30_wOBA,statcast_batter,True,True,True,True,22.2,26.1,26.1,-3.9,sc_batter_is_imputed
runs,sc_b_r30_whiff_rate,statcast_batter,True,True,True,True,22.2,26.1,26.1,-3.9,sc_batter_is_imputed
runs,sc_b_r30_xwOBA,statcast_batter,True,True,True,True,22.2,26.1,26.1,-3.9,sc_batter_is_imputed
runs,sc_b_r7_avg_exit_velocity,statcast_batter,True,True,True,True,22.2,26.1,26.1,-3.9,sc_batter_is_imputed
runs,sc_b_r7_avg_launch_angle,statcast_batter,True,True,True,True,22.2,26.1,26.1,-3.9,sc_batter_is_imputed
runs,sc_b_r7_barrel_rate,statcast_batter,True,True,True,True,22.2,26.1,26.1,-3.9,sc_batter_is_imputed
runs,sc_b_r7_contact_rate,statcast_batter,True,True,True,True,22.2,26.1,26.1,-3.9,sc_batter_is_imputed
runs,sc_b_r7_hard_hit_rate,statcast_batter,True,True,True,True,22.2,26.1,26.1,-3.9,sc_batter_is_imputed
runs,sc_b_r7_k_rate,statcast_batter,True,True,True,True,22.2,26.1,26.1,-3.9,sc_batter_is_imputed
runs,sc_b_r7_plate_appearances,statcast_batter,True,True,True,True,22.2,26.1,26.1,-3.9,sc_batter_is_imputed
runs,sc_b_r7_sweet_spot_rate,statcast_batter,True,True,True,True,22.2,26.1,26.1,-3.9,sc_batter_is_imputed
runs,sc_b_r7_wOBA,statcast_batter,True,True,True,True,22.2,26.1,26.1,-3.9,sc_batter_is_imputed
runs,sc_b_r7_whiff_rate,statcast_batter,True,True,True,True,22.2,26.1,26.1,-3.9,sc_batter_is_imputed
runs,sc_b_r7_xwOBA,statcast_batter,True,True,True,True,22.2,26.1,26.1,-3.9,sc_batter_is_imputed
runs,sc_b_season_avg_exit_velocity,statcast_batter,True,True,True,True,22.2,26.1,26.1,-3.9,sc_batter_is_imputed
runs,sc_b_season_avg_launch_angle,statcast_batter,True,True,True,True,22.2,26.1,26.1,-3.9,sc_batter_is_imputed
runs,sc_b_season_barrel_rate,statcast_batter,True,True,True,True,22.2,26.1,26.1,-3.9,sc_batter_is_imputed
runs,sc_b_season_contact_rate,statcast_batter,True,True,True,True,22.2,26.1,26.1,-3.9,sc_batter_is_imputed
runs,sc_b_season_hard_hit_rate,statcast_batter,True,True,True,True,22.2,26.1,26.1,-3.9,sc_batter_is_imputed
runs,sc_b_season_k_rate,statcast_batter,True,True,True,True,22.2,26.1,26.1,-3.9,sc_batter_is_imputed
runs,sc_b_season_plate_appearances,statcast_batter,True,True,True,True,22.2,26.1,26.1,-3.9,sc_batter_is_imputed
runs,sc_b_season_sweet_spot_rate,statcast_batter,True,True,True,True,22.2,26.1,26.1,-3.9,sc_batter_is_imputed
runs,sc_b_season_wOBA,statcast_batter,True,True,True,True,22.2,26.1,26.1,-3.9,sc_batter_is_imputed
runs,sc_b_season_whiff_rate,statcast_batter,True,True,True,True,22.2,26.1,26.1,-3.9,sc_batter_is_imputed
runs,sc_b_season_xwOBA,statcast_batter,True,True,True,True,22.2,26.1,26.1,-3.9,sc_batter_is_imputed
runs,sc_batter_is_imputed,other,True,True,True,True,77.8,73.9,73.9,3.9,
runs,sc_p_r14_barrel_allowed_rate,statcast_pitcher,True,True,True,True,0.0,0.0,0.0,0.0,sc_pitcher_is_imputed
runs,sc_p_r14_bb_rate,statcast_pitcher,True,True,True,True,0.0,0.0,0.0,0.0,sc_pitcher_is_imputed
runs,sc_p_r14_hard_hit_allowed_rate,statcast_pitcher,True,True,True,True,0.0,0.0,0.0,0.0,sc_pitcher_is_imputed
runs,sc_p_r14_k_rate,statcast_pitcher,True,True,True,True,0.0,0.0,0.0,0.0,sc_pitcher_is_imputed
runs,sc_p_r14_plate_appearances,statcast_pitcher,True,True,True,True,0.0,0.0,0.0,0.0,sc_pitcher_is_imputed
runs,sc_p_r14_wOBA_allowed,statcast_pitcher,True,True,True,True,0.0,0.0,0.0,0.0,sc_pitcher_is_imputed
runs,sc_p_r14_xwOBA_allowed,statcast_pitcher,True,True,True,True,0.0,0.0,0.0,0.0,sc_pitcher_is_imputed
runs,sc_p_r30_barrel_allowed_rate,statcast_pitcher,True,True,True,True,0.0,0.0,0.0,0.0,sc_pitcher_is_imputed
runs,sc_p_r30_bb_rate,statcast_pitcher,True,True,True,True,0.0,0.0,0.0,0.0,sc_pitcher_is_imputed
runs,sc_p_r30_hard_hit_allowed_rate,statcast_pitcher,True,True,True,True,0.0,0.0,0.0,0.0,sc_pitcher_is_imputed
runs,sc_p_r30_k_rate,statcast_pitcher,True,True,True,True,0.0,0.0,0.0,0.0,sc_pitcher_is_imputed
runs,sc_p_r30_plate_appearances,statcast_pitcher,True,True,True,True,0.0,0.0,0.0,0.0,sc_pitcher_is_imputed
runs,sc_p_r30_wOBA_allowed,statcast_pitcher,True,True,True,True,0.0,0.0,0.0,0.0,sc_pitcher_is_imputed
runs,sc_p_r30_xwOBA_allowed,statcast_pitcher,True,True,True,True,0.0,0.0,0.0,0.0,sc_pitcher_is_imputed
runs,sc_p_season_barrel_allowed_rate,statcast_pitcher,True,True,True,True,0.0,0.0,0.0,0.0,sc_pitcher_is_imputed
runs,sc_p_season_bb_rate,statcast_pitcher,True,True,True,True,0.0,0.0,0.0,0.0,sc_pitcher_is_imputed
runs,sc_p_season_hard_hit_allowed_rate,statcast_pitcher,True,True,True,True,0.0,0.0,0.0,0.0,sc_pitcher_is_imputed
runs,sc_p_season_k_rate,statcast_pitcher,True,True,True,True,0.0,0.0,0.0,0.0,sc_pitcher_is_imputed
runs,sc_p_season_plate_appearances,statcast_pitcher,True,True,True,True,0.0,0.0,0.0,0.0,sc_pitcher_is_imputed
runs,sc_p_season_wOBA_allowed,statcast_pitcher,True,True,True,True,0.0,0.0,0.0,0.0,sc_pitcher_is_imputed
runs,sc_p_season_xwOBA_allowed,statcast_pitcher,True,True,True,True,0.0,0.0,0.0,0.0,sc_pitcher_is_imputed
runs,sc_pitcher_is_imputed,other,True,True,True,True,100.0,100.0,100.0,0.0,
runs,std_dev_l10,rolling_windows,True,True,True,True,81.5,87.0,87.0,-5.5,
runs,std_dev_l5,rolling_windows,True,True,True,True,74.1,78.3,78.3,-4.2,
runs,vs_lhp_ab,platoon_splits,True,True,True,True,11.1,13.0,13.0,-1.9,platoon_split_is_imputed
runs,vs_lhp_avg,platoon_splits,True,True,True,True,11.1,13.0,13.0,-1.9,platoon_split_is_imputed
runs,vs_lhp_bb,platoon_splits,True,True,True,True,11.1,13.0,13.0,-1.9,platoon_split_is_imputed
runs,vs_lhp_hits,platoon_splits,True,True,True,True,11.1,13.0,13.0,-1.9,platoon_split_is_imputed
runs,vs_lhp_hr,platoon_splits,True,True,True,True,7.4,8.7,8.7,-1.3,platoon_split_is_imputed
runs,vs_lhp_is_imputed,platoon_splits,True,True,True,True,88.9,87.0,87.0,1.9,
runs,vs_lhp_k,platoon_splits,True,True,True,True,11.1,13.0,13.0,-1.9,platoon_split_is_imputed
runs,vs_lhp_k_rate,platoon_splits,True,True,True,True,11.1,13.0,13.0,-1.9,platoon_split_is_imputed
runs,vs_lhp_obp,platoon_splits,True,True,True,True,11.1,13.0,13.0,-1.9,platoon_split_is_imputed
runs,vs_rhp_ab,platoon_splits,True,True,True,True,11.1,13.0,13.0,-1.9,platoon_split_is_imputed
runs,vs_rhp_avg,platoon_splits,True,True,True,True,11.1,13.0,13.0,-1.9,platoon_split_is_imputed
runs,vs_rhp_bb,platoon_splits,True,True,True,True,11.1,13.0,13.0,-1.9,platoon_split_is_imputed
runs,vs_rhp_hits,platoon_splits,True,True,True,True,11.1,13.0,13.0,-1.9,platoon_split_is_imputed
runs,vs_rhp_hr,platoon_splits,True,True,True,True,11.1,13.0,13.0,-1.9,platoon_split_is_imputed
runs,vs_rhp_is_imputed,platoon_splits,True,True,True,True,88.9,87.0,87.0,1.9,
runs,vs_rhp_k,platoon_splits,True,True,True,True,11.1,13.0,13.0,-1.9,platoon_split_is_imputed
runs,vs_rhp_k_rate,platoon_splits,True,True,True,True,11.1,13.0,13.0,-1.9,platoon_split_is_imputed
runs,vs_rhp_obp,platoon_splits,True,True,True,True,11.1,13.0,13.0,-1.9,platoon_split_is_imputed
runs,lineup_barrel_rate_14d,opposing_lineup,False,True,True,True,0.0,0.0,0.0,0.0,
runs,lineup_bb_rate_14d,opposing_lineup,False,True,True,True,0.0,0.0,0.0,0.0,
runs,lineup_handedness_is_imputed,opposing_lineup,False,True,True,True,100.0,100.0,100.0,0.0,
runs,lineup_hard_hit_rate_14d,opposing_lineup,False,True,True,True,0.0,0.0,0.0,0.0,
runs,lineup_k_rate_14d,opposing_lineup,False,True,True,True,0.0,0.0,0.0,0.0,
runs,lineup_opposite_hand_count,opposing_lineup,False,True,True,True,0.0,0.0,0.0,0.0,
runs,lineup_pct_opposite_hand,opposing_lineup,False,True,True,True,0.0,0.0,0.0,0.0,
runs,lineup_pct_same_hand,opposing_lineup,False,True,True,True,0.0,0.0,0.0,0.0,
runs,lineup_same_hand_count,opposing_lineup,False,True,True,True,0.0,0.0,0.0,0.0,
runs,lineup_size,opposing_lineup,False,True,True,True,0.0,0.0,0.0,0.0,
runs,lineup_size_is_imputed,opposing_lineup,False,True,True,True,100.0,100.0,100.0,0.0,
runs,lineup_strength_is_imputed,opposing_lineup,False,True,True,True,100.0,100.0,100.0,0.0,
runs,lineup_woba_14d,opposing_lineup,False,True,True,True,0.0,0.0,0.0,0.0,
runs,lineup_xwoba_14d,opposing_lineup,False,True,True,True,0.0,0.0,0.0,0.0,
runs,matchup_exposure_is_imputed,other,False,True,True,True,100.0,100.0,100.0,0.0,
runs,pct_lhh,other,False,True,True,True,0.0,0.0,0.0,0.0,
runs,pct_rhh,other,False,True,True,True,0.0,0.0,0.0,0.0,
runs,pct_switch,other,False,True,True,True,0.0,0.0,0.0,0.0,
runs,projected_lhh_count,other,False,True,True,True,0.0,0.0,0.0,0.0,
runs,projected_rhh_count,other,False,True,True,True,0.0,0.0,0.0,0.0,
runs,projected_switch_count,other,False,True,True,True,0.0,0.0,0.0,0.0,
rbis,away_avg,other,True,True,True,True,0.0,0.0,0.0,0.0,
rbis,batter_hand_is_imputed,batter_handedness,True,True,True,True,100.0,100.0,100.0,0.0,
rbis,batter_is_lhh,batter_handedness,True,True,True,True,0.0,0.0,0.0,0.0,batter_hand_is_imputed
rbis,batter_is_rhh,batter_handedness,True,True,True,True,0.0,0.0,0.0,0.0,batter_hand_is_imputed
rbis,batter_is_switch,batter_handedness,True,True,True,True,0.0,0.0,0.0,0.0,batter_hand_is_imputed
rbis,current_hit_streak,rolling_windows,True,True,True,True,11.1,13.0,13.0,-1.9,
rbis,current_miss_streak,rolling_windows,True,True,True,True,88.9,87.0,87.0,1.9,
rbis,cv_l10,rolling_windows,True,True,True,True,66.7,69.6,69.6,-2.9,
rbis,cv_l5,rolling_windows,True,True,True,True,51.9,56.5,56.5,-4.7,
rbis,ewma_l10,rolling_windows,True,True,True,True,66.7,69.6,69.6,-2.9,
rbis,ewma_l20,rolling_windows,True,True,True,True,74.1,78.3,78.3,-4.2,
rbis,ewma_l5,rolling_windows,True,True,True,True,51.9,56.5,56.5,-4.7,
rbis,ewma_trend,rolling_windows,True,True,True,True,66.7,69.6,69.6,-2.9,
rbis,expected_pa_is_imputed,workload,True,True,True,True,3.7,4.3,4.3,-0.6,
rbis,expected_pa_l10,workload,True,True,True,True,100.0,100.0,100.0,0.0,
rbis,hit_rate_l10,rolling_windows,True,True,True,True,37.0,43.5,43.5,-6.4,
rbis,hit_rate_l5,rolling_windows,True,True,True,True,33.3,39.1,39.1,-5.8,
rbis,home_avg,other,True,True,True,True,0.0,0.0,0.0,0.0,
rbis,home_away_split,other,True,True,True,True,0.0,0.0,0.0,0.0,
rbis,home_away_split_is_imputed,other,True,True,True,True,100.0,100.0,100.0,0.0,
rbis,home_hr_split,other,True,True,True,True,0.0,0.0,0.0,0.0,
rbis,home_runs_split,other,True,True,True,True,0.0,0.0,0.0,0.0,
rbis,l10_avg,rolling_windows,True,True,True,True,66.7,69.6,69.6,-2.9,
rbis,l10_max,rolling_windows,True,True,True,True,66.7,69.6,69.6,-2.9,
rbis,l10_median,rolling_windows,True,True,True,True,0.0,0.0,0.0,0.0,
rbis,l10_min,rolling_windows,True,True,True,True,0.0,0.0,0.0,0.0,
rbis,l20_avg,rolling_windows,True,True,True,True,74.1,78.3,78.3,-4.2,
rbis,l3_avg,rolling_windows,True,True,True,True,40.7,52.2,52.2,-11.4,
rbis,l5_avg,rolling_windows,True,True,True,True,51.9,56.5,56.5,-4.7,
rbis,l5_max,rolling_windows,True,True,True,True,51.9,56.5,56.5,-4.7,
rbis,l5_median,rolling_windows,True,True,True,True,7.4,4.3,4.3,3.1,
rbis,l5_min,rolling_windows,True,True,True,True,0.0,0.0,0.0,0.0,
rbis,line,other,True,True,True,True,100.0,100.0,100.0,0.0,
rbis,line_difficulty,market_alignment,True,True,True,True,66.7,69.6,69.6,-2.9,
rbis,line_vs_ewma,other,True,True,True,True,100.0,100.0,100.0,0.0,
rbis,line_vs_l10,other,True,True,True,True,100.0,100.0,100.0,0.0,
rbis,line_vs_l5,other,True,True,True,True,100.0,100.0,100.0,0.0,
rbis,line_vs_median,other,True,True,True,True,100.0,100.0,100.0,0.0,
rbis,matchup_is_imputed,other,True,True,True,True,100.0,100.0,100.0,0.0,
rbis,opp_k_rate,other,True,True,True,True,100.0,100.0,100.0,0.0,
rbis,opp_pitcher_bb_rate_14d,opp_pitcher_quality,True,True,True,True,0.0,0.0,0.0,0.0,opp_pitcher_quality_is_imputed
rbis,opp_pitcher_k_rate_14d,opp_pitcher_quality,True,True,True,True,0.0,0.0,0.0,0.0,opp_pitcher_quality_is_imputed
rbis,opp_pitcher_quality_is_imputed,opp_pitcher_quality,True,True,True,True,100.0,100.0,100.0,0.0,
rbis,opp_pitcher_throws_is_imputed,opp_pitcher_quality,True,True,True,True,0.0,100.0,0.0,-100.0,
rbis,opp_pitcher_throws_l,opp_pitcher_quality,True,True,True,True,0.0,0.0,0.0,0.0,opp_pitcher_quality_is_imputed
rbis,opp_pitcher_throws_r,opp_pitcher_quality,True,True,True,True,100.0,0.0,100.0,100.0,opp_pitcher_quality_is_imputed
rbis,opp_pitcher_xwoba_allowed_14d,opp_pitcher_quality,True,True,True,True,0.0,0.0,0.0,0.0,opp_pitcher_quality_is_imputed
rbis,opposite_hand_matchup,matchup_interaction,True,True,True,True,0.0,0.0,0.0,0.0,
rbis,pa_b_pa14_avg_exit_velocity,pa_batter,True,True,True,True,22.2,0.0,26.1,22.2,pa_batter_is_imputed
rbis,pa_b_pa14_avg_launch_angle,pa_batter,True,True,True,True,22.2,0.0,26.1,22.2,pa_batter_is_imputed
rbis,pa_b_pa14_barrel_rate,pa_batter,True,True,True,True,7.4,0.0,8.7,7.4,pa_batter_is_imputed
rbis,pa_b_pa14_bb_rate,pa_batter,True,True,True,True,22.2,0.0,26.1,22.2,pa_batter_is_imputed
rbis,pa_b_pa14_contact_rate,pa_batter,True,True,True,True,22.2,0.0,26.1,22.2,pa_batter_is_imputed
rbis,pa_b_pa14_hard_hit_rate,pa_batter,True,True,True,True,18.5,0.0,21.7,18.5,pa_batter_is_imputed
rbis,pa_b_pa14_k_rate,pa_batter,True,True,True,True,18.5,0.0,21.7,18.5,pa_batter_is_imputed
rbis,pa_b_pa14_plate_appearances,pa_batter,True,True,True,True,22.2,0.0,26.1,22.2,pa_batter_is_imputed
rbis,pa_b_pa14_sweet_spot_rate,pa_batter,True,True,True,True,22.2,0.0,26.1,22.2,pa_batter_is_imputed
rbis,pa_b_pa14_wOBA,pa_batter,True,True,True,True,22.2,0.0,26.1,22.2,pa_batter_is_imputed
rbis,pa_b_pa14_whiff_rate,pa_batter,True,True,True,True,18.5,0.0,21.7,18.5,pa_batter_is_imputed
rbis,pa_b_pa14_xwOBA,pa_batter,True,True,True,True,22.2,0.0,26.1,22.2,pa_batter_is_imputed
rbis,pa_b_pa30_avg_exit_velocity,pa_batter,True,True,True,True,22.2,0.0,26.1,22.2,pa_batter_is_imputed
rbis,pa_b_pa30_avg_launch_angle,pa_batter,True,True,True,True,22.2,0.0,26.1,22.2,pa_batter_is_imputed
rbis,pa_b_pa30_barrel_rate,pa_batter,True,True,True,True,11.1,0.0,13.0,11.1,pa_batter_is_imputed
rbis,pa_b_pa30_bb_rate,pa_batter,True,True,True,True,22.2,0.0,26.1,22.2,pa_batter_is_imputed
rbis,pa_b_pa30_contact_rate,pa_batter,True,True,True,True,22.2,0.0,26.1,22.2,pa_batter_is_imputed
rbis,pa_b_pa30_hard_hit_rate,pa_batter,True,True,True,True,22.2,0.0,26.1,22.2,pa_batter_is_imputed
rbis,pa_b_pa30_k_rate,pa_batter,True,True,True,True,22.2,0.0,26.1,22.2,pa_batter_is_imputed
rbis,pa_b_pa30_plate_appearances,pa_batter,True,True,True,True,22.2,0.0,26.1,22.2,pa_batter_is_imputed
rbis,pa_b_pa30_sweet_spot_rate,pa_batter,True,True,True,True,22.2,0.0,26.1,22.2,pa_batter_is_imputed
rbis,pa_b_pa30_wOBA,pa_batter,True,True,True,True,22.2,0.0,26.1,22.2,pa_batter_is_imputed
rbis,pa_b_pa30_whiff_rate,pa_batter,True,True,True,True,22.2,0.0,26.1,22.2,pa_batter_is_imputed
rbis,pa_b_pa30_xwOBA,pa_batter,True,True,True,True,22.2,0.0,26.1,22.2,pa_batter_is_imputed
rbis,pa_b_pa7_avg_exit_velocity,pa_batter,True,True,True,True,22.2,0.0,26.1,22.2,pa_batter_is_imputed
rbis,pa_b_pa7_avg_launch_angle,pa_batter,True,True,True,True,22.2,0.0,26.1,22.2,pa_batter_is_imputed
rbis,pa_b_pa7_barrel_rate,pa_batter,True,True,True,True,3.7,0.0,4.3,3.7,pa_batter_is_imputed
rbis,pa_b_pa7_bb_rate,pa_batter,True,True,True,True,18.5,0.0,21.7,18.5,pa_batter_is_imputed
rbis,pa_b_pa7_contact_rate,pa_batter,True,True,True,True,22.2,0.0,26.1,22.2,pa_batter_is_imputed
rbis,pa_b_pa7_hard_hit_rate,pa_batter,True,True,True,True,14.8,0.0,17.4,14.8,pa_batter_is_imputed
rbis,pa_b_pa7_k_rate,pa_batter,True,True,True,True,18.5,0.0,21.7,18.5,pa_batter_is_imputed
rbis,pa_b_pa7_plate_appearances,pa_batter,True,True,True,True,22.2,0.0,26.1,22.2,pa_batter_is_imputed
rbis,pa_b_pa7_sweet_spot_rate,pa_batter,True,True,True,True,18.5,0.0,21.7,18.5,pa_batter_is_imputed
rbis,pa_b_pa7_wOBA,pa_batter,True,True,True,True,22.2,0.0,26.1,22.2,pa_batter_is_imputed
rbis,pa_b_pa7_whiff_rate,pa_batter,True,True,True,True,18.5,0.0,21.7,18.5,pa_batter_is_imputed
rbis,pa_b_pa7_xwOBA,pa_batter,True,True,True,True,22.2,0.0,26.1,22.2,pa_batter_is_imputed
rbis,pa_b_pa_season_avg_exit_velocity,pa_batter,True,True,True,True,22.2,0.0,26.1,22.2,pa_batter_is_imputed
rbis,pa_b_pa_season_avg_launch_angle,pa_batter,True,True,True,True,22.2,0.0,26.1,22.2,pa_batter_is_imputed
rbis,pa_b_pa_season_barrel_rate,pa_batter,True,True,True,True,22.2,0.0,26.1,22.2,pa_batter_is_imputed
rbis,pa_b_pa_season_bb_rate,pa_batter,True,True,True,True,22.2,0.0,26.1,22.2,pa_batter_is_imputed
rbis,pa_b_pa_season_contact_rate,pa_batter,True,True,True,True,22.2,0.0,26.1,22.2,pa_batter_is_imputed
rbis,pa_b_pa_season_hard_hit_rate,pa_batter,True,True,True,True,22.2,0.0,26.1,22.2,pa_batter_is_imputed
rbis,pa_b_pa_season_k_rate,pa_batter,True,True,True,True,22.2,0.0,26.1,22.2,pa_batter_is_imputed
rbis,pa_b_pa_season_plate_appearances,pa_batter,True,True,True,True,22.2,0.0,26.1,22.2,pa_batter_is_imputed
rbis,pa_b_pa_season_sweet_spot_rate,pa_batter,True,True,True,True,22.2,0.0,26.1,22.2,pa_batter_is_imputed
rbis,pa_b_pa_season_wOBA,pa_batter,True,True,True,True,22.2,0.0,26.1,22.2,pa_batter_is_imputed
rbis,pa_b_pa_season_whiff_rate,pa_batter,True,True,True,True,22.2,0.0,26.1,22.2,pa_batter_is_imputed
rbis,pa_b_pa_season_xwOBA,pa_batter,True,True,True,True,22.2,0.0,26.1,22.2,pa_batter_is_imputed
rbis,pa_batter_is_imputed,pa_batter,True,True,True,True,77.8,100.0,73.9,-22.2,
rbis,pa_p_pa14_barrel_allowed_rate,pa_pitcher,True,True,True,True,0.0,0.0,0.0,0.0,pa_pitcher_is_imputed
rbis,pa_p_pa14_bb_rate,pa_pitcher,True,True,True,True,0.0,0.0,0.0,0.0,pa_pitcher_is_imputed
rbis,pa_p_pa14_hard_hit_allowed_rate,pa_pitcher,True,True,True,True,0.0,0.0,0.0,0.0,pa_pitcher_is_imputed
rbis,pa_p_pa14_k_rate,pa_pitcher,True,True,True,True,0.0,0.0,0.0,0.0,pa_pitcher_is_imputed
rbis,pa_p_pa14_plate_appearances,pa_pitcher,True,True,True,True,0.0,0.0,0.0,0.0,pa_pitcher_is_imputed
rbis,pa_p_pa14_wOBA_allowed,pa_pitcher,True,True,True,True,0.0,0.0,0.0,0.0,pa_pitcher_is_imputed
rbis,pa_p_pa14_whiff_rate,pa_pitcher,True,True,True,True,0.0,0.0,0.0,0.0,pa_pitcher_is_imputed
rbis,pa_p_pa14_xwOBA_allowed,pa_pitcher,True,True,True,True,0.0,0.0,0.0,0.0,pa_pitcher_is_imputed
rbis,pa_p_pa30_barrel_allowed_rate,pa_pitcher,True,True,True,True,0.0,0.0,0.0,0.0,pa_pitcher_is_imputed
rbis,pa_p_pa30_bb_rate,pa_pitcher,True,True,True,True,0.0,0.0,0.0,0.0,pa_pitcher_is_imputed
rbis,pa_p_pa30_hard_hit_allowed_rate,pa_pitcher,True,True,True,True,0.0,0.0,0.0,0.0,pa_pitcher_is_imputed
rbis,pa_p_pa30_k_rate,pa_pitcher,True,True,True,True,0.0,0.0,0.0,0.0,pa_pitcher_is_imputed
rbis,pa_p_pa30_plate_appearances,pa_pitcher,True,True,True,True,0.0,0.0,0.0,0.0,pa_pitcher_is_imputed
rbis,pa_p_pa30_wOBA_allowed,pa_pitcher,True,True,True,True,0.0,0.0,0.0,0.0,pa_pitcher_is_imputed
rbis,pa_p_pa30_whiff_rate,pa_pitcher,True,True,True,True,0.0,0.0,0.0,0.0,pa_pitcher_is_imputed
rbis,pa_p_pa30_xwOBA_allowed,pa_pitcher,True,True,True,True,0.0,0.0,0.0,0.0,pa_pitcher_is_imputed
rbis,pa_p_pa_season_barrel_allowed_rate,pa_pitcher,True,True,True,True,0.0,0.0,0.0,0.0,pa_pitcher_is_imputed
rbis,pa_p_pa_season_bb_rate,pa_pitcher,True,True,True,True,0.0,0.0,0.0,0.0,pa_pitcher_is_imputed
rbis,pa_p_pa_season_hard_hit_allowed_rate,pa_pitcher,True,True,True,True,0.0,0.0,0.0,0.0,pa_pitcher_is_imputed
rbis,pa_p_pa_season_k_rate,pa_pitcher,True,True,True,True,0.0,0.0,0.0,0.0,pa_pitcher_is_imputed
rbis,pa_p_pa_season_plate_appearances,pa_pitcher,True,True,True,True,0.0,0.0,0.0,0.0,pa_pitcher_is_imputed
rbis,pa_p_pa_season_wOBA_allowed,pa_pitcher,True,True,True,True,0.0,0.0,0.0,0.0,pa_pitcher_is_imputed
rbis,pa_p_pa_season_whiff_rate,pa_pitcher,True,True,True,True,0.0,0.0,0.0,0.0,pa_pitcher_is_imputed
rbis,pa_p_pa_season_xwOBA_allowed,pa_pitcher,True,True,True,True,0.0,0.0,0.0,0.0,pa_pitcher_is_imputed
rbis,pa_pitcher_is_imputed,pa_pitcher,True,True,True,True,100.0,100.0,100.0,0.0,
rbis,park_factor,environment_park,True,True,True,True,100.0,100.0,100.0,0.0,
rbis,park_factor_is_imputed,environment_park,True,True,True,True,0.0,0.0,0.0,0.0,
rbis,park_hits_factor,environment_park,True,True,True,True,100.0,100.0,100.0,0.0,
rbis,park_hr_factor,environment_park,True,True,True,True,100.0,100.0,100.0,0.0,
rbis,park_k_factor,environment_park,True,True,True,True,100.0,100.0,100.0,0.0,
rbis,park_runs_factor,environment_park,True,True,True,True,100.0,100.0,100.0,0.0,
rbis,park_tb_factor,environment_park,True,True,True,True,100.0,100.0,100.0,0.0,
rbis,platoon_avg_split,platoon_splits,True,True,True,True,11.1,13.0,13.0,-1.9,platoon_split_is_imputed
rbis,platoon_k_split,platoon_splits,True,True,True,True,11.1,13.0,13.0,-1.9,platoon_split_is_imputed
rbis,platoon_split_is_imputed,platoon_splits,True,True,True,True,88.9,87.0,87.0,1.9,
rbis,range_l10,rolling_windows,True,True,True,True,66.7,69.6,69.6,-2.9,
rbis,range_l5,rolling_windows,True,True,True,True,51.9,56.5,56.5,-4.7,
rbis,same_hand_matchup,matchup_interaction,True,True,True,True,0.0,0.0,0.0,0.0,
rbis,sc_b_r14_avg_exit_velocity,statcast_batter,True,True,True,True,22.2,26.1,26.1,-3.9,sc_batter_is_imputed
rbis,sc_b_r14_avg_launch_angle,statcast_batter,True,True,True,True,22.2,26.1,26.1,-3.9,sc_batter_is_imputed
rbis,sc_b_r14_barrel_rate,statcast_batter,True,True,True,True,22.2,26.1,26.1,-3.9,sc_batter_is_imputed
rbis,sc_b_r14_contact_rate,statcast_batter,True,True,True,True,22.2,26.1,26.1,-3.9,sc_batter_is_imputed
rbis,sc_b_r14_hard_hit_rate,statcast_batter,True,True,True,True,22.2,26.1,26.1,-3.9,sc_batter_is_imputed
rbis,sc_b_r14_k_rate,statcast_batter,True,True,True,True,22.2,26.1,26.1,-3.9,sc_batter_is_imputed
rbis,sc_b_r14_plate_appearances,statcast_batter,True,True,True,True,22.2,26.1,26.1,-3.9,sc_batter_is_imputed
rbis,sc_b_r14_sweet_spot_rate,statcast_batter,True,True,True,True,22.2,26.1,26.1,-3.9,sc_batter_is_imputed
rbis,sc_b_r14_wOBA,statcast_batter,True,True,True,True,22.2,26.1,26.1,-3.9,sc_batter_is_imputed
rbis,sc_b_r14_whiff_rate,statcast_batter,True,True,True,True,22.2,26.1,26.1,-3.9,sc_batter_is_imputed
rbis,sc_b_r14_xwOBA,statcast_batter,True,True,True,True,22.2,26.1,26.1,-3.9,sc_batter_is_imputed
rbis,sc_b_r30_avg_exit_velocity,statcast_batter,True,True,True,True,22.2,26.1,26.1,-3.9,sc_batter_is_imputed
rbis,sc_b_r30_avg_launch_angle,statcast_batter,True,True,True,True,22.2,26.1,26.1,-3.9,sc_batter_is_imputed
rbis,sc_b_r30_barrel_rate,statcast_batter,True,True,True,True,22.2,26.1,26.1,-3.9,sc_batter_is_imputed
rbis,sc_b_r30_contact_rate,statcast_batter,True,True,True,True,22.2,26.1,26.1,-3.9,sc_batter_is_imputed
rbis,sc_b_r30_hard_hit_rate,statcast_batter,True,True,True,True,22.2,26.1,26.1,-3.9,sc_batter_is_imputed
rbis,sc_b_r30_k_rate,statcast_batter,True,True,True,True,22.2,26.1,26.1,-3.9,sc_batter_is_imputed
rbis,sc_b_r30_plate_appearances,statcast_batter,True,True,True,True,22.2,26.1,26.1,-3.9,sc_batter_is_imputed
rbis,sc_b_r30_sweet_spot_rate,statcast_batter,True,True,True,True,22.2,26.1,26.1,-3.9,sc_batter_is_imputed
rbis,sc_b_r30_wOBA,statcast_batter,True,True,True,True,22.2,26.1,26.1,-3.9,sc_batter_is_imputed
rbis,sc_b_r30_whiff_rate,statcast_batter,True,True,True,True,22.2,26.1,26.1,-3.9,sc_batter_is_imputed
rbis,sc_b_r30_xwOBA,statcast_batter,True,True,True,True,22.2,26.1,26.1,-3.9,sc_batter_is_imputed
rbis,sc_b_r7_avg_exit_velocity,statcast_batter,True,True,True,True,22.2,26.1,26.1,-3.9,sc_batter_is_imputed
rbis,sc_b_r7_avg_launch_angle,statcast_batter,True,True,True,True,22.2,26.1,26.1,-3.9,sc_batter_is_imputed
rbis,sc_b_r7_barrel_rate,statcast_batter,True,True,True,True,22.2,26.1,26.1,-3.9,sc_batter_is_imputed
rbis,sc_b_r7_contact_rate,statcast_batter,True,True,True,True,22.2,26.1,26.1,-3.9,sc_batter_is_imputed
rbis,sc_b_r7_hard_hit_rate,statcast_batter,True,True,True,True,22.2,26.1,26.1,-3.9,sc_batter_is_imputed
rbis,sc_b_r7_k_rate,statcast_batter,True,True,True,True,22.2,26.1,26.1,-3.9,sc_batter_is_imputed
rbis,sc_b_r7_plate_appearances,statcast_batter,True,True,True,True,22.2,26.1,26.1,-3.9,sc_batter_is_imputed
rbis,sc_b_r7_sweet_spot_rate,statcast_batter,True,True,True,True,22.2,26.1,26.1,-3.9,sc_batter_is_imputed
rbis,sc_b_r7_wOBA,statcast_batter,True,True,True,True,22.2,26.1,26.1,-3.9,sc_batter_is_imputed
rbis,sc_b_r7_whiff_rate,statcast_batter,True,True,True,True,22.2,26.1,26.1,-3.9,sc_batter_is_imputed
rbis,sc_b_r7_xwOBA,statcast_batter,True,True,True,True,22.2,26.1,26.1,-3.9,sc_batter_is_imputed
rbis,sc_b_season_avg_exit_velocity,statcast_batter,True,True,True,True,22.2,26.1,26.1,-3.9,sc_batter_is_imputed
rbis,sc_b_season_avg_launch_angle,statcast_batter,True,True,True,True,22.2,26.1,26.1,-3.9,sc_batter_is_imputed
rbis,sc_b_season_barrel_rate,statcast_batter,True,True,True,True,22.2,26.1,26.1,-3.9,sc_batter_is_imputed
rbis,sc_b_season_contact_rate,statcast_batter,True,True,True,True,22.2,26.1,26.1,-3.9,sc_batter_is_imputed
rbis,sc_b_season_hard_hit_rate,statcast_batter,True,True,True,True,22.2,26.1,26.1,-3.9,sc_batter_is_imputed
rbis,sc_b_season_k_rate,statcast_batter,True,True,True,True,22.2,26.1,26.1,-3.9,sc_batter_is_imputed
rbis,sc_b_season_plate_appearances,statcast_batter,True,True,True,True,22.2,26.1,26.1,-3.9,sc_batter_is_imputed
rbis,sc_b_season_sweet_spot_rate,statcast_batter,True,True,True,True,22.2,26.1,26.1,-3.9,sc_batter_is_imputed
rbis,sc_b_season_wOBA,statcast_batter,True,True,True,True,22.2,26.1,26.1,-3.9,sc_batter_is_imputed
rbis,sc_b_season_whiff_rate,statcast_batter,True,True,True,True,22.2,26.1,26.1,-3.9,sc_batter_is_imputed
rbis,sc_b_season_xwOBA,statcast_batter,True,True,True,True,22.2,26.1,26.1,-3.9,sc_batter_is_imputed
rbis,sc_batter_is_imputed,other,True,True,True,True,77.8,73.9,73.9,3.9,
rbis,sc_p_r14_barrel_allowed_rate,statcast_pitcher,True,True,True,True,0.0,0.0,0.0,0.0,sc_pitcher_is_imputed
rbis,sc_p_r14_bb_rate,statcast_pitcher,True,True,True,True,0.0,0.0,0.0,0.0,sc_pitcher_is_imputed
rbis,sc_p_r14_hard_hit_allowed_rate,statcast_pitcher,True,True,True,True,0.0,0.0,0.0,0.0,sc_pitcher_is_imputed
rbis,sc_p_r14_k_rate,statcast_pitcher,True,True,True,True,0.0,0.0,0.0,0.0,sc_pitcher_is_imputed
rbis,sc_p_r14_plate_appearances,statcast_pitcher,True,True,True,True,0.0,0.0,0.0,0.0,sc_pitcher_is_imputed
rbis,sc_p_r14_wOBA_allowed,statcast_pitcher,True,True,True,True,0.0,0.0,0.0,0.0,sc_pitcher_is_imputed
rbis,sc_p_r14_xwOBA_allowed,statcast_pitcher,True,True,True,True,0.0,0.0,0.0,0.0,sc_pitcher_is_imputed
rbis,sc_p_r30_barrel_allowed_rate,statcast_pitcher,True,True,True,True,0.0,0.0,0.0,0.0,sc_pitcher_is_imputed
rbis,sc_p_r30_bb_rate,statcast_pitcher,True,True,True,True,0.0,0.0,0.0,0.0,sc_pitcher_is_imputed
rbis,sc_p_r30_hard_hit_allowed_rate,statcast_pitcher,True,True,True,True,0.0,0.0,0.0,0.0,sc_pitcher_is_imputed
rbis,sc_p_r30_k_rate,statcast_pitcher,True,True,True,True,0.0,0.0,0.0,0.0,sc_pitcher_is_imputed
rbis,sc_p_r30_plate_appearances,statcast_pitcher,True,True,True,True,0.0,0.0,0.0,0.0,sc_pitcher_is_imputed
rbis,sc_p_r30_wOBA_allowed,statcast_pitcher,True,True,True,True,0.0,0.0,0.0,0.0,sc_pitcher_is_imputed
rbis,sc_p_r30_xwOBA_allowed,statcast_pitcher,True,True,True,True,0.0,0.0,0.0,0.0,sc_pitcher_is_imputed
rbis,sc_p_season_barrel_allowed_rate,statcast_pitcher,True,True,True,True,0.0,0.0,0.0,0.0,sc_pitcher_is_imputed
rbis,sc_p_season_bb_rate,statcast_pitcher,True,True,True,True,0.0,0.0,0.0,0.0,sc_pitcher_is_imputed
rbis,sc_p_season_hard_hit_allowed_rate,statcast_pitcher,True,True,True,True,0.0,0.0,0.0,0.0,sc_pitcher_is_imputed
rbis,sc_p_season_k_rate,statcast_pitcher,True,True,True,True,0.0,0.0,0.0,0.0,sc_pitcher_is_imputed
rbis,sc_p_season_plate_appearances,statcast_pitcher,True,True,True,True,0.0,0.0,0.0,0.0,sc_pitcher_is_imputed
rbis,sc_p_season_wOBA_allowed,statcast_pitcher,True,True,True,True,0.0,0.0,0.0,0.0,sc_pitcher_is_imputed
rbis,sc_p_season_xwOBA_allowed,statcast_pitcher,True,True,True,True,0.0,0.0,0.0,0.0,sc_pitcher_is_imputed
rbis,sc_pitcher_is_imputed,other,True,True,True,True,100.0,100.0,100.0,0.0,
rbis,std_dev_l10,rolling_windows,True,True,True,True,66.7,69.6,69.6,-2.9,
rbis,std_dev_l5,rolling_windows,True,True,True,True,51.9,56.5,56.5,-4.7,
rbis,vs_lhp_ab,platoon_splits,True,True,True,True,11.1,13.0,13.0,-1.9,platoon_split_is_imputed
rbis,vs_lhp_avg,platoon_splits,True,True,True,True,11.1,13.0,13.0,-1.9,platoon_split_is_imputed
rbis,vs_lhp_bb,platoon_splits,True,True,True,True,11.1,13.0,13.0,-1.9,platoon_split_is_imputed
rbis,vs_lhp_hits,platoon_splits,True,True,True,True,11.1,13.0,13.0,-1.9,platoon_split_is_imputed
rbis,vs_lhp_hr,platoon_splits,True,True,True,True,7.4,8.7,8.7,-1.3,platoon_split_is_imputed
rbis,vs_lhp_is_imputed,platoon_splits,True,True,True,True,88.9,87.0,87.0,1.9,
rbis,vs_lhp_k,platoon_splits,True,True,True,True,11.1,13.0,13.0,-1.9,platoon_split_is_imputed
rbis,vs_lhp_k_rate,platoon_splits,True,True,True,True,11.1,13.0,13.0,-1.9,platoon_split_is_imputed
rbis,vs_lhp_obp,platoon_splits,True,True,True,True,11.1,13.0,13.0,-1.9,platoon_split_is_imputed
rbis,vs_rhp_ab,platoon_splits,True,True,True,True,11.1,13.0,13.0,-1.9,platoon_split_is_imputed
rbis,vs_rhp_avg,platoon_splits,True,True,True,True,11.1,13.0,13.0,-1.9,platoon_split_is_imputed
rbis,vs_rhp_bb,platoon_splits,True,True,True,True,11.1,13.0,13.0,-1.9,platoon_split_is_imputed
rbis,vs_rhp_hits,platoon_splits,True,True,True,True,11.1,13.0,13.0,-1.9,platoon_split_is_imputed
rbis,vs_rhp_hr,platoon_splits,True,True,True,True,11.1,13.0,13.0,-1.9,platoon_split_is_imputed
rbis,vs_rhp_is_imputed,platoon_splits,True,True,True,True,88.9,87.0,87.0,1.9,
rbis,vs_rhp_k,platoon_splits,True,True,True,True,11.1,13.0,13.0,-1.9,platoon_split_is_imputed
rbis,vs_rhp_k_rate,platoon_splits,True,True,True,True,11.1,13.0,13.0,-1.9,platoon_split_is_imputed
rbis,vs_rhp_obp,platoon_splits,True,True,True,True,11.1,13.0,13.0,-1.9,platoon_split_is_imputed
rbis,lineup_barrel_rate_14d,opposing_lineup,False,True,True,True,0.0,0.0,0.0,0.0,
rbis,lineup_bb_rate_14d,opposing_lineup,False,True,True,True,0.0,0.0,0.0,0.0,
rbis,lineup_handedness_is_imputed,opposing_lineup,False,True,True,True,100.0,100.0,100.0,0.0,
rbis,lineup_hard_hit_rate_14d,opposing_lineup,False,True,True,True,0.0,0.0,0.0,0.0,
rbis,lineup_k_rate_14d,opposing_lineup,False,True,True,True,0.0,0.0,0.0,0.0,
rbis,lineup_opposite_hand_count,opposing_lineup,False,True,True,True,0.0,0.0,0.0,0.0,
rbis,lineup_pct_opposite_hand,opposing_lineup,False,True,True,True,0.0,0.0,0.0,0.0,
rbis,lineup_pct_same_hand,opposing_lineup,False,True,True,True,0.0,0.0,0.0,0.0,
rbis,lineup_same_hand_count,opposing_lineup,False,True,True,True,0.0,0.0,0.0,0.0,
rbis,lineup_size,opposing_lineup,False,True,True,True,0.0,0.0,0.0,0.0,
rbis,lineup_size_is_imputed,opposing_lineup,False,True,True,True,100.0,100.0,100.0,0.0,
rbis,lineup_strength_is_imputed,opposing_lineup,False,True,True,True,100.0,100.0,100.0,0.0,
rbis,lineup_woba_14d,opposing_lineup,False,True,True,True,0.0,0.0,0.0,0.0,
rbis,lineup_xwoba_14d,opposing_lineup,False,True,True,True,0.0,0.0,0.0,0.0,
rbis,matchup_exposure_is_imputed,other,False,True,True,True,100.0,100.0,100.0,0.0,
rbis,pct_lhh,other,False,True,True,True,0.0,0.0,0.0,0.0,
rbis,pct_rhh,other,False,True,True,True,0.0,0.0,0.0,0.0,
rbis,pct_switch,other,False,True,True,True,0.0,0.0,0.0,0.0,
rbis,projected_lhh_count,other,False,True,True,True,0.0,0.0,0.0,0.0,
rbis,projected_rhh_count,other,False,True,True,True,0.0,0.0,0.0,0.0,
rbis,projected_switch_count,other,False,True,True,True,0.0,0.0,0.0,0.0,
home_runs,away_avg,other,True,True,True,True,0.0,0.0,0.0,0.0,
home_runs,current_hit_streak,rolling_windows,True,True,True,True,7.4,4.3,4.3,3.1,
home_runs,current_miss_streak,rolling_windows,True,True,True,True,92.6,95.7,95.7,-3.1,
home_runs,cv_l10,rolling_windows,True,True,True,True,37.0,39.1,39.1,-2.1,
home_runs,cv_l5,rolling_windows,True,True,True,True,37.0,39.1,39.1,-2.1,
home_runs,ewma_l10,rolling_windows,True,True,True,True,37.0,39.1,39.1,-2.1,
home_runs,ewma_l20,rolling_windows,True,True,True,True,51.9,52.2,52.2,-0.3,
home_runs,ewma_l5,rolling_windows,True,True,True,True,37.0,39.1,39.1,-2.1,
home_runs,ewma_trend,rolling_windows,True,True,True,True,37.0,39.1,39.1,-2.1,
home_runs,expected_pa_is_imputed,workload,True,True,True,True,3.7,4.3,4.3,-0.6,
home_runs,expected_pa_l10,workload,True,True,True,True,100.0,100.0,100.0,0.0,
home_runs,hit_rate_l10,rolling_windows,True,True,True,True,7.4,4.3,4.3,3.1,
home_runs,hit_rate_l5,rolling_windows,True,True,True,True,7.4,4.3,4.3,3.1,
home_runs,home_avg,other,True,True,True,True,0.0,0.0,0.0,0.0,
home_runs,home_away_split,other,True,True,True,True,0.0,0.0,0.0,0.0,
home_runs,home_away_split_is_imputed,other,True,True,True,True,100.0,100.0,100.0,0.0,
home_runs,home_hr_split,other,True,True,True,True,0.0,0.0,0.0,0.0,
home_runs,home_runs_split,other,True,True,True,True,0.0,0.0,0.0,0.0,
home_runs,l10_avg,rolling_windows,True,True,True,True,37.0,39.1,39.1,-2.1,
home_runs,l10_max,rolling_windows,True,True,True,True,37.0,39.1,39.1,-2.1,
home_runs,l10_median,rolling_windows,True,True,True,True,0.0,0.0,0.0,0.0,
home_runs,l10_min,rolling_windows,True,True,True,True,0.0,0.0,0.0,0.0,
home_runs,l20_avg,rolling_windows,True,True,True,True,51.9,52.2,52.2,-0.3,
home_runs,l3_avg,rolling_windows,True,True,True,True,25.9,34.8,34.8,-8.9,
home_runs,l5_avg,rolling_windows,True,True,True,True,37.0,39.1,39.1,-2.1,
home_runs,l5_max,rolling_windows,True,True,True,True,37.0,39.1,39.1,-2.1,
home_runs,l5_median,rolling_windows,True,True,True,True,0.0,0.0,0.0,0.0,
home_runs,l5_min,rolling_windows,True,True,True,True,0.0,0.0,0.0,0.0,
home_runs,line,other,True,True,True,True,100.0,100.0,100.0,0.0,
home_runs,line_difficulty,market_alignment,True,True,True,True,37.0,39.1,39.1,-2.1,
home_runs,line_vs_ewma,other,True,True,True,True,100.0,100.0,100.0,0.0,
home_runs,line_vs_l10,other,True,True,True,True,100.0,100.0,100.0,0.0,
home_runs,line_vs_l5,other,True,True,True,True,100.0,100.0,100.0,0.0,
home_runs,line_vs_median,other,True,True,True,True,100.0,100.0,100.0,0.0,
home_runs,opp_k_rate,other,True,True,True,True,100.0,100.0,100.0,0.0,
home_runs,pa_b_pa14_avg_exit_velocity,pa_batter,True,True,True,True,22.2,0.0,26.1,22.2,pa_batter_is_imputed
home_runs,pa_b_pa14_avg_launch_angle,pa_batter,True,True,True,True,22.2,0.0,26.1,22.2,pa_batter_is_imputed
home_runs,pa_b_pa14_barrel_rate,pa_batter,True,True,True,True,7.4,0.0,8.7,7.4,pa_batter_is_imputed
home_runs,pa_b_pa14_bb_rate,pa_batter,True,True,True,True,22.2,0.0,26.1,22.2,pa_batter_is_imputed
home_runs,pa_b_pa14_contact_rate,pa_batter,True,True,True,True,22.2,0.0,26.1,22.2,pa_batter_is_imputed
home_runs,pa_b_pa14_hard_hit_rate,pa_batter,True,True,True,True,18.5,0.0,21.7,18.5,pa_batter_is_imputed
home_runs,pa_b_pa14_k_rate,pa_batter,True,True,True,True,18.5,0.0,21.7,18.5,pa_batter_is_imputed
home_runs,pa_b_pa14_plate_appearances,pa_batter,True,True,True,True,22.2,0.0,26.1,22.2,pa_batter_is_imputed
home_runs,pa_b_pa14_sweet_spot_rate,pa_batter,True,True,True,True,22.2,0.0,26.1,22.2,pa_batter_is_imputed
home_runs,pa_b_pa14_wOBA,pa_batter,True,True,True,True,22.2,0.0,26.1,22.2,pa_batter_is_imputed
home_runs,pa_b_pa14_whiff_rate,pa_batter,True,True,True,True,18.5,0.0,21.7,18.5,pa_batter_is_imputed
home_runs,pa_b_pa14_xwOBA,pa_batter,True,True,True,True,22.2,0.0,26.1,22.2,pa_batter_is_imputed
home_runs,pa_b_pa30_avg_exit_velocity,pa_batter,True,True,True,True,22.2,0.0,26.1,22.2,pa_batter_is_imputed
home_runs,pa_b_pa30_avg_launch_angle,pa_batter,True,True,True,True,22.2,0.0,26.1,22.2,pa_batter_is_imputed
home_runs,pa_b_pa30_barrel_rate,pa_batter,True,True,True,True,11.1,0.0,13.0,11.1,pa_batter_is_imputed
home_runs,pa_b_pa30_bb_rate,pa_batter,True,True,True,True,22.2,0.0,26.1,22.2,pa_batter_is_imputed
home_runs,pa_b_pa30_contact_rate,pa_batter,True,True,True,True,22.2,0.0,26.1,22.2,pa_batter_is_imputed
home_runs,pa_b_pa30_hard_hit_rate,pa_batter,True,True,True,True,22.2,0.0,26.1,22.2,pa_batter_is_imputed
home_runs,pa_b_pa30_k_rate,pa_batter,True,True,True,True,22.2,0.0,26.1,22.2,pa_batter_is_imputed
home_runs,pa_b_pa30_plate_appearances,pa_batter,True,True,True,True,22.2,0.0,26.1,22.2,pa_batter_is_imputed
home_runs,pa_b_pa30_sweet_spot_rate,pa_batter,True,True,True,True,22.2,0.0,26.1,22.2,pa_batter_is_imputed
home_runs,pa_b_pa30_wOBA,pa_batter,True,True,True,True,22.2,0.0,26.1,22.2,pa_batter_is_imputed
home_runs,pa_b_pa30_whiff_rate,pa_batter,True,True,True,True,22.2,0.0,26.1,22.2,pa_batter_is_imputed
home_runs,pa_b_pa30_xwOBA,pa_batter,True,True,True,True,22.2,0.0,26.1,22.2,pa_batter_is_imputed
home_runs,pa_b_pa7_avg_exit_velocity,pa_batter,True,True,True,True,22.2,0.0,26.1,22.2,pa_batter_is_imputed
home_runs,pa_b_pa7_avg_launch_angle,pa_batter,True,True,True,True,22.2,0.0,26.1,22.2,pa_batter_is_imputed
home_runs,pa_b_pa7_barrel_rate,pa_batter,True,True,True,True,3.7,0.0,4.3,3.7,pa_batter_is_imputed
home_runs,pa_b_pa7_bb_rate,pa_batter,True,True,True,True,18.5,0.0,21.7,18.5,pa_batter_is_imputed
home_runs,pa_b_pa7_contact_rate,pa_batter,True,True,True,True,22.2,0.0,26.1,22.2,pa_batter_is_imputed
home_runs,pa_b_pa7_hard_hit_rate,pa_batter,True,True,True,True,14.8,0.0,17.4,14.8,pa_batter_is_imputed
home_runs,pa_b_pa7_k_rate,pa_batter,True,True,True,True,18.5,0.0,21.7,18.5,pa_batter_is_imputed
home_runs,pa_b_pa7_plate_appearances,pa_batter,True,True,True,True,22.2,0.0,26.1,22.2,pa_batter_is_imputed
home_runs,pa_b_pa7_sweet_spot_rate,pa_batter,True,True,True,True,18.5,0.0,21.7,18.5,pa_batter_is_imputed
home_runs,pa_b_pa7_wOBA,pa_batter,True,True,True,True,22.2,0.0,26.1,22.2,pa_batter_is_imputed
home_runs,pa_b_pa7_whiff_rate,pa_batter,True,True,True,True,18.5,0.0,21.7,18.5,pa_batter_is_imputed
home_runs,pa_b_pa7_xwOBA,pa_batter,True,True,True,True,22.2,0.0,26.1,22.2,pa_batter_is_imputed
home_runs,pa_b_pa_season_avg_exit_velocity,pa_batter,True,True,True,True,22.2,0.0,26.1,22.2,pa_batter_is_imputed
home_runs,pa_b_pa_season_avg_launch_angle,pa_batter,True,True,True,True,22.2,0.0,26.1,22.2,pa_batter_is_imputed
home_runs,pa_b_pa_season_barrel_rate,pa_batter,True,True,True,True,22.2,0.0,26.1,22.2,pa_batter_is_imputed
home_runs,pa_b_pa_season_bb_rate,pa_batter,True,True,True,True,22.2,0.0,26.1,22.2,pa_batter_is_imputed
home_runs,pa_b_pa_season_contact_rate,pa_batter,True,True,True,True,22.2,0.0,26.1,22.2,pa_batter_is_imputed
home_runs,pa_b_pa_season_hard_hit_rate,pa_batter,True,True,True,True,22.2,0.0,26.1,22.2,pa_batter_is_imputed
home_runs,pa_b_pa_season_k_rate,pa_batter,True,True,True,True,22.2,0.0,26.1,22.2,pa_batter_is_imputed
home_runs,pa_b_pa_season_plate_appearances,pa_batter,True,True,True,True,22.2,0.0,26.1,22.2,pa_batter_is_imputed
home_runs,pa_b_pa_season_sweet_spot_rate,pa_batter,True,True,True,True,22.2,0.0,26.1,22.2,pa_batter_is_imputed
home_runs,pa_b_pa_season_wOBA,pa_batter,True,True,True,True,22.2,0.0,26.1,22.2,pa_batter_is_imputed
home_runs,pa_b_pa_season_whiff_rate,pa_batter,True,True,True,True,22.2,0.0,26.1,22.2,pa_batter_is_imputed
home_runs,pa_b_pa_season_xwOBA,pa_batter,True,True,True,True,22.2,0.0,26.1,22.2,pa_batter_is_imputed
home_runs,pa_batter_is_imputed,pa_batter,True,True,True,True,77.8,100.0,73.9,-22.2,
home_runs,pa_p_pa14_barrel_allowed_rate,pa_pitcher,True,True,True,True,0.0,0.0,0.0,0.0,pa_pitcher_is_imputed
home_runs,pa_p_pa14_bb_rate,pa_pitcher,True,True,True,True,0.0,0.0,0.0,0.0,pa_pitcher_is_imputed
home_runs,pa_p_pa14_hard_hit_allowed_rate,pa_pitcher,True,True,True,True,0.0,0.0,0.0,0.0,pa_pitcher_is_imputed
home_runs,pa_p_pa14_k_rate,pa_pitcher,True,True,True,True,0.0,0.0,0.0,0.0,pa_pitcher_is_imputed
home_runs,pa_p_pa14_plate_appearances,pa_pitcher,True,True,True,True,0.0,0.0,0.0,0.0,pa_pitcher_is_imputed
home_runs,pa_p_pa14_wOBA_allowed,pa_pitcher,True,True,True,True,0.0,0.0,0.0,0.0,pa_pitcher_is_imputed
home_runs,pa_p_pa14_whiff_rate,pa_pitcher,True,True,True,True,0.0,0.0,0.0,0.0,pa_pitcher_is_imputed
home_runs,pa_p_pa14_xwOBA_allowed,pa_pitcher,True,True,True,True,0.0,0.0,0.0,0.0,pa_pitcher_is_imputed
home_runs,pa_p_pa30_barrel_allowed_rate,pa_pitcher,True,True,True,True,0.0,0.0,0.0,0.0,pa_pitcher_is_imputed
home_runs,pa_p_pa30_bb_rate,pa_pitcher,True,True,True,True,0.0,0.0,0.0,0.0,pa_pitcher_is_imputed
home_runs,pa_p_pa30_hard_hit_allowed_rate,pa_pitcher,True,True,True,True,0.0,0.0,0.0,0.0,pa_pitcher_is_imputed
home_runs,pa_p_pa30_k_rate,pa_pitcher,True,True,True,True,0.0,0.0,0.0,0.0,pa_pitcher_is_imputed
home_runs,pa_p_pa30_plate_appearances,pa_pitcher,True,True,True,True,0.0,0.0,0.0,0.0,pa_pitcher_is_imputed
home_runs,pa_p_pa30_wOBA_allowed,pa_pitcher,True,True,True,True,0.0,0.0,0.0,0.0,pa_pitcher_is_imputed
home_runs,pa_p_pa30_whiff_rate,pa_pitcher,True,True,True,True,0.0,0.0,0.0,0.0,pa_pitcher_is_imputed
home_runs,pa_p_pa30_xwOBA_allowed,pa_pitcher,True,True,True,True,0.0,0.0,0.0,0.0,pa_pitcher_is_imputed
home_runs,pa_p_pa_season_barrel_allowed_rate,pa_pitcher,True,True,True,True,0.0,0.0,0.0,0.0,pa_pitcher_is_imputed
home_runs,pa_p_pa_season_bb_rate,pa_pitcher,True,True,True,True,0.0,0.0,0.0,0.0,pa_pitcher_is_imputed
home_runs,pa_p_pa_season_hard_hit_allowed_rate,pa_pitcher,True,True,True,True,0.0,0.0,0.0,0.0,pa_pitcher_is_imputed
home_runs,pa_p_pa_season_k_rate,pa_pitcher,True,True,True,True,0.0,0.0,0.0,0.0,pa_pitcher_is_imputed
home_runs,pa_p_pa_season_plate_appearances,pa_pitcher,True,True,True,True,0.0,0.0,0.0,0.0,pa_pitcher_is_imputed
home_runs,pa_p_pa_season_wOBA_allowed,pa_pitcher,True,True,True,True,0.0,0.0,0.0,0.0,pa_pitcher_is_imputed
home_runs,pa_p_pa_season_whiff_rate,pa_pitcher,True,True,True,True,0.0,0.0,0.0,0.0,pa_pitcher_is_imputed
home_runs,pa_p_pa_season_xwOBA_allowed,pa_pitcher,True,True,True,True,0.0,0.0,0.0,0.0,pa_pitcher_is_imputed
home_runs,pa_pitcher_is_imputed,pa_pitcher,True,True,True,True,100.0,100.0,100.0,0.0,
home_runs,park_factor,environment_park,True,True,True,True,100.0,100.0,100.0,0.0,
home_runs,park_factor_is_imputed,environment_park,True,True,True,True,0.0,0.0,0.0,0.0,
home_runs,park_hits_factor,environment_park,True,True,True,True,100.0,100.0,100.0,0.0,
home_runs,park_hr_factor,environment_park,True,True,True,True,100.0,100.0,100.0,0.0,
home_runs,park_k_factor,environment_park,True,True,True,True,100.0,100.0,100.0,0.0,
home_runs,park_runs_factor,environment_park,True,True,True,True,100.0,100.0,100.0,0.0,
home_runs,park_tb_factor,environment_park,True,True,True,True,100.0,100.0,100.0,0.0,
home_runs,platoon_avg_split,platoon_splits,True,True,True,True,11.1,13.0,13.0,-1.9,platoon_split_is_imputed
home_runs,platoon_k_split,platoon_splits,True,True,True,True,11.1,13.0,13.0,-1.9,platoon_split_is_imputed
home_runs,platoon_split_is_imputed,platoon_splits,True,True,True,True,88.9,87.0,87.0,1.9,
home_runs,range_l10,rolling_windows,True,True,True,True,37.0,39.1,39.1,-2.1,
home_runs,range_l5,rolling_windows,True,True,True,True,37.0,39.1,39.1,-2.1,
home_runs,sc_b_r14_avg_exit_velocity,statcast_batter,True,True,True,True,22.2,26.1,26.1,-3.9,sc_batter_is_imputed
home_runs,sc_b_r14_avg_launch_angle,statcast_batter,True,True,True,True,22.2,26.1,26.1,-3.9,sc_batter_is_imputed
home_runs,sc_b_r14_barrel_rate,statcast_batter,True,True,True,True,22.2,26.1,26.1,-3.9,sc_batter_is_imputed
home_runs,sc_b_r14_contact_rate,statcast_batter,True,True,True,True,22.2,26.1,26.1,-3.9,sc_batter_is_imputed
home_runs,sc_b_r14_hard_hit_rate,statcast_batter,True,True,True,True,22.2,26.1,26.1,-3.9,sc_batter_is_imputed
home_runs,sc_b_r14_k_rate,statcast_batter,True,True,True,True,22.2,26.1,26.1,-3.9,sc_batter_is_imputed
home_runs,sc_b_r14_plate_appearances,statcast_batter,True,True,True,True,22.2,26.1,26.1,-3.9,sc_batter_is_imputed
home_runs,sc_b_r14_sweet_spot_rate,statcast_batter,True,True,True,True,22.2,26.1,26.1,-3.9,sc_batter_is_imputed
home_runs,sc_b_r14_wOBA,statcast_batter,True,True,True,True,22.2,26.1,26.1,-3.9,sc_batter_is_imputed
home_runs,sc_b_r14_whiff_rate,statcast_batter,True,True,True,True,22.2,26.1,26.1,-3.9,sc_batter_is_imputed
home_runs,sc_b_r14_xwOBA,statcast_batter,True,True,True,True,22.2,26.1,26.1,-3.9,sc_batter_is_imputed
home_runs,sc_b_r30_avg_exit_velocity,statcast_batter,True,True,True,True,22.2,26.1,26.1,-3.9,sc_batter_is_imputed
home_runs,sc_b_r30_avg_launch_angle,statcast_batter,True,True,True,True,22.2,26.1,26.1,-3.9,sc_batter_is_imputed
home_runs,sc_b_r30_barrel_rate,statcast_batter,True,True,True,True,22.2,26.1,26.1,-3.9,sc_batter_is_imputed
home_runs,sc_b_r30_contact_rate,statcast_batter,True,True,True,True,22.2,26.1,26.1,-3.9,sc_batter_is_imputed
home_runs,sc_b_r30_hard_hit_rate,statcast_batter,True,True,True,True,22.2,26.1,26.1,-3.9,sc_batter_is_imputed
home_runs,sc_b_r30_k_rate,statcast_batter,True,True,True,True,22.2,26.1,26.1,-3.9,sc_batter_is_imputed
home_runs,sc_b_r30_plate_appearances,statcast_batter,True,True,True,True,22.2,26.1,26.1,-3.9,sc_batter_is_imputed
home_runs,sc_b_r30_sweet_spot_rate,statcast_batter,True,True,True,True,22.2,26.1,26.1,-3.9,sc_batter_is_imputed
home_runs,sc_b_r30_wOBA,statcast_batter,True,True,True,True,22.2,26.1,26.1,-3.9,sc_batter_is_imputed
home_runs,sc_b_r30_whiff_rate,statcast_batter,True,True,True,True,22.2,26.1,26.1,-3.9,sc_batter_is_imputed
home_runs,sc_b_r30_xwOBA,statcast_batter,True,True,True,True,22.2,26.1,26.1,-3.9,sc_batter_is_imputed
home_runs,sc_b_r7_avg_exit_velocity,statcast_batter,True,True,True,True,22.2,26.1,26.1,-3.9,sc_batter_is_imputed
home_runs,sc_b_r7_avg_launch_angle,statcast_batter,True,True,True,True,22.2,26.1,26.1,-3.9,sc_batter_is_imputed
home_runs,sc_b_r7_barrel_rate,statcast_batter,True,True,True,True,22.2,26.1,26.1,-3.9,sc_batter_is_imputed
home_runs,sc_b_r7_contact_rate,statcast_batter,True,True,True,True,22.2,26.1,26.1,-3.9,sc_batter_is_imputed
home_runs,sc_b_r7_hard_hit_rate,statcast_batter,True,True,True,True,22.2,26.1,26.1,-3.9,sc_batter_is_imputed
home_runs,sc_b_r7_k_rate,statcast_batter,True,True,True,True,22.2,26.1,26.1,-3.9,sc_batter_is_imputed
home_runs,sc_b_r7_plate_appearances,statcast_batter,True,True,True,True,22.2,26.1,26.1,-3.9,sc_batter_is_imputed
home_runs,sc_b_r7_sweet_spot_rate,statcast_batter,True,True,True,True,22.2,26.1,26.1,-3.9,sc_batter_is_imputed
home_runs,sc_b_r7_wOBA,statcast_batter,True,True,True,True,22.2,26.1,26.1,-3.9,sc_batter_is_imputed
home_runs,sc_b_r7_whiff_rate,statcast_batter,True,True,True,True,22.2,26.1,26.1,-3.9,sc_batter_is_imputed
home_runs,sc_b_r7_xwOBA,statcast_batter,True,True,True,True,22.2,26.1,26.1,-3.9,sc_batter_is_imputed
home_runs,sc_b_season_avg_exit_velocity,statcast_batter,True,True,True,True,22.2,26.1,26.1,-3.9,sc_batter_is_imputed
home_runs,sc_b_season_avg_launch_angle,statcast_batter,True,True,True,True,22.2,26.1,26.1,-3.9,sc_batter_is_imputed
home_runs,sc_b_season_barrel_rate,statcast_batter,True,True,True,True,22.2,26.1,26.1,-3.9,sc_batter_is_imputed
home_runs,sc_b_season_contact_rate,statcast_batter,True,True,True,True,22.2,26.1,26.1,-3.9,sc_batter_is_imputed
home_runs,sc_b_season_hard_hit_rate,statcast_batter,True,True,True,True,22.2,26.1,26.1,-3.9,sc_batter_is_imputed
home_runs,sc_b_season_k_rate,statcast_batter,True,True,True,True,22.2,26.1,26.1,-3.9,sc_batter_is_imputed
home_runs,sc_b_season_plate_appearances,statcast_batter,True,True,True,True,22.2,26.1,26.1,-3.9,sc_batter_is_imputed
home_runs,sc_b_season_sweet_spot_rate,statcast_batter,True,True,True,True,22.2,26.1,26.1,-3.9,sc_batter_is_imputed
home_runs,sc_b_season_wOBA,statcast_batter,True,True,True,True,22.2,26.1,26.1,-3.9,sc_batter_is_imputed
home_runs,sc_b_season_whiff_rate,statcast_batter,True,True,True,True,22.2,26.1,26.1,-3.9,sc_batter_is_imputed
home_runs,sc_b_season_xwOBA,statcast_batter,True,True,True,True,22.2,26.1,26.1,-3.9,sc_batter_is_imputed
home_runs,sc_batter_is_imputed,other,True,True,True,True,77.8,73.9,73.9,3.9,
home_runs,sc_p_r14_barrel_allowed_rate,statcast_pitcher,True,True,True,True,0.0,0.0,0.0,0.0,sc_pitcher_is_imputed
home_runs,sc_p_r14_bb_rate,statcast_pitcher,True,True,True,True,0.0,0.0,0.0,0.0,sc_pitcher_is_imputed
home_runs,sc_p_r14_hard_hit_allowed_rate,statcast_pitcher,True,True,True,True,0.0,0.0,0.0,0.0,sc_pitcher_is_imputed
home_runs,sc_p_r14_k_rate,statcast_pitcher,True,True,True,True,0.0,0.0,0.0,0.0,sc_pitcher_is_imputed
home_runs,sc_p_r14_plate_appearances,statcast_pitcher,True,True,True,True,0.0,0.0,0.0,0.0,sc_pitcher_is_imputed
home_runs,sc_p_r14_wOBA_allowed,statcast_pitcher,True,True,True,True,0.0,0.0,0.0,0.0,sc_pitcher_is_imputed
home_runs,sc_p_r14_xwOBA_allowed,statcast_pitcher,True,True,True,True,0.0,0.0,0.0,0.0,sc_pitcher_is_imputed
home_runs,sc_p_r30_barrel_allowed_rate,statcast_pitcher,True,True,True,True,0.0,0.0,0.0,0.0,sc_pitcher_is_imputed
home_runs,sc_p_r30_bb_rate,statcast_pitcher,True,True,True,True,0.0,0.0,0.0,0.0,sc_pitcher_is_imputed
home_runs,sc_p_r30_hard_hit_allowed_rate,statcast_pitcher,True,True,True,True,0.0,0.0,0.0,0.0,sc_pitcher_is_imputed
home_runs,sc_p_r30_k_rate,statcast_pitcher,True,True,True,True,0.0,0.0,0.0,0.0,sc_pitcher_is_imputed
home_runs,sc_p_r30_plate_appearances,statcast_pitcher,True,True,True,True,0.0,0.0,0.0,0.0,sc_pitcher_is_imputed
home_runs,sc_p_r30_wOBA_allowed,statcast_pitcher,True,True,True,True,0.0,0.0,0.0,0.0,sc_pitcher_is_imputed
home_runs,sc_p_r30_xwOBA_allowed,statcast_pitcher,True,True,True,True,0.0,0.0,0.0,0.0,sc_pitcher_is_imputed
home_runs,sc_p_season_barrel_allowed_rate,statcast_pitcher,True,True,True,True,0.0,0.0,0.0,0.0,sc_pitcher_is_imputed
home_runs,sc_p_season_bb_rate,statcast_pitcher,True,True,True,True,0.0,0.0,0.0,0.0,sc_pitcher_is_imputed
home_runs,sc_p_season_hard_hit_allowed_rate,statcast_pitcher,True,True,True,True,0.0,0.0,0.0,0.0,sc_pitcher_is_imputed
home_runs,sc_p_season_k_rate,statcast_pitcher,True,True,True,True,0.0,0.0,0.0,0.0,sc_pitcher_is_imputed
home_runs,sc_p_season_plate_appearances,statcast_pitcher,True,True,True,True,0.0,0.0,0.0,0.0,sc_pitcher_is_imputed
home_runs,sc_p_season_wOBA_allowed,statcast_pitcher,True,True,True,True,0.0,0.0,0.0,0.0,sc_pitcher_is_imputed
home_runs,sc_p_season_xwOBA_allowed,statcast_pitcher,True,True,True,True,0.0,0.0,0.0,0.0,sc_pitcher_is_imputed
home_runs,sc_pitcher_is_imputed,other,True,True,True,True,100.0,100.0,100.0,0.0,
home_runs,std_dev_l10,rolling_windows,True,True,True,True,37.0,39.1,39.1,-2.1,
home_runs,std_dev_l5,rolling_windows,True,True,True,True,37.0,39.1,39.1,-2.1,
home_runs,vs_lhp_ab,platoon_splits,True,True,True,True,11.1,13.0,13.0,-1.9,platoon_split_is_imputed
home_runs,vs_lhp_avg,platoon_splits,True,True,True,True,11.1,13.0,13.0,-1.9,platoon_split_is_imputed
home_runs,vs_lhp_bb,platoon_splits,True,True,True,True,11.1,13.0,13.0,-1.9,platoon_split_is_imputed
home_runs,vs_lhp_hits,platoon_splits,True,True,True,True,11.1,13.0,13.0,-1.9,platoon_split_is_imputed
home_runs,vs_lhp_hr,platoon_splits,True,True,True,True,7.4,8.7,8.7,-1.3,platoon_split_is_imputed
home_runs,vs_lhp_is_imputed,platoon_splits,True,True,True,True,88.9,87.0,87.0,1.9,
home_runs,vs_lhp_k,platoon_splits,True,True,True,True,11.1,13.0,13.0,-1.9,platoon_split_is_imputed
home_runs,vs_lhp_k_rate,platoon_splits,True,True,True,True,11.1,13.0,13.0,-1.9,platoon_split_is_imputed
home_runs,vs_lhp_obp,platoon_splits,True,True,True,True,11.1,13.0,13.0,-1.9,platoon_split_is_imputed
home_runs,vs_rhp_ab,platoon_splits,True,True,True,True,11.1,13.0,13.0,-1.9,platoon_split_is_imputed
home_runs,vs_rhp_avg,platoon_splits,True,True,True,True,11.1,13.0,13.0,-1.9,platoon_split_is_imputed
home_runs,vs_rhp_bb,platoon_splits,True,True,True,True,11.1,13.0,13.0,-1.9,platoon_split_is_imputed
home_runs,vs_rhp_hits,platoon_splits,True,True,True,True,11.1,13.0,13.0,-1.9,platoon_split_is_imputed
home_runs,vs_rhp_hr,platoon_splits,True,True,True,True,11.1,13.0,13.0,-1.9,platoon_split_is_imputed
home_runs,vs_rhp_is_imputed,platoon_splits,True,True,True,True,88.9,87.0,87.0,1.9,
home_runs,vs_rhp_k,platoon_splits,True,True,True,True,11.1,13.0,13.0,-1.9,platoon_split_is_imputed
home_runs,vs_rhp_k_rate,platoon_splits,True,True,True,True,11.1,13.0,13.0,-1.9,platoon_split_is_imputed
home_runs,vs_rhp_obp,platoon_splits,True,True,True,True,11.1,13.0,13.0,-1.9,platoon_split_is_imputed
home_runs,batter_hand_is_imputed,batter_handedness,False,True,True,True,100.0,100.0,100.0,0.0,
home_runs,batter_is_lhh,batter_handedness,False,True,True,True,0.0,0.0,0.0,0.0,batter_hand_is_imputed
home_runs,batter_is_rhh,batter_handedness,False,True,True,True,0.0,0.0,0.0,0.0,batter_hand_is_imputed
home_runs,batter_is_switch,batter_handedness,False,True,True,True,0.0,0.0,0.0,0.0,batter_hand_is_imputed
home_runs,lineup_barrel_rate_14d,opposing_lineup,False,True,True,True,0.0,0.0,0.0,0.0,
home_runs,lineup_bb_rate_14d,opposing_lineup,False,True,True,True,0.0,0.0,0.0,0.0,
home_runs,lineup_handedness_is_imputed,opposing_lineup,False,True,True,True,100.0,100.0,100.0,0.0,
home_runs,lineup_hard_hit_rate_14d,opposing_lineup,False,True,True,True,0.0,0.0,0.0,0.0,
home_runs,lineup_k_rate_14d,opposing_lineup,False,True,True,True,0.0,0.0,0.0,0.0,
home_runs,lineup_opposite_hand_count,opposing_lineup,False,True,True,True,0.0,0.0,0.0,0.0,
home_runs,lineup_pct_opposite_hand,opposing_lineup,False,True,True,True,0.0,0.0,0.0,0.0,
home_runs,lineup_pct_same_hand,opposing_lineup,False,True,True,True,0.0,0.0,0.0,0.0,
home_runs,lineup_same_hand_count,opposing_lineup,False,True,True,True,0.0,0.0,0.0,0.0,
home_runs,lineup_size,opposing_lineup,False,True,True,True,0.0,0.0,0.0,0.0,
home_runs,lineup_size_is_imputed,opposing_lineup,False,True,True,True,100.0,100.0,100.0,0.0,
home_runs,lineup_strength_is_imputed,opposing_lineup,False,True,True,True,100.0,100.0,100.0,0.0,
home_runs,lineup_woba_14d,opposing_lineup,False,True,True,True,0.0,0.0,0.0,0.0,
home_runs,lineup_xwoba_14d,opposing_lineup,False,True,True,True,0.0,0.0,0.0,0.0,
home_runs,matchup_exposure_is_imputed,other,False,True,True,True,100.0,100.0,100.0,0.0,
home_runs,matchup_is_imputed,other,False,True,True,True,100.0,100.0,100.0,0.0,
home_runs,opp_pitcher_bb_rate_14d,opp_pitcher_quality,False,True,True,True,0.0,0.0,0.0,0.0,opp_pitcher_quality_is_imputed
home_runs,opp_pitcher_k_rate_14d,opp_pitcher_quality,False,True,True,True,0.0,0.0,0.0,0.0,opp_pitcher_quality_is_imputed
home_runs,opp_pitcher_quality_is_imputed,opp_pitcher_quality,False,True,True,True,100.0,100.0,100.0,0.0,
home_runs,opp_pitcher_throws_is_imputed,opp_pitcher_quality,False,True,True,True,0.0,100.0,0.0,-100.0,
home_runs,opp_pitcher_throws_l,opp_pitcher_quality,False,True,True,True,0.0,0.0,0.0,0.0,opp_pitcher_quality_is_imputed
home_runs,opp_pitcher_throws_r,opp_pitcher_quality,False,True,True,True,100.0,0.0,100.0,100.0,opp_pitcher_quality_is_imputed
home_runs,opp_pitcher_xwoba_allowed_14d,opp_pitcher_quality,False,True,True,True,0.0,0.0,0.0,0.0,opp_pitcher_quality_is_imputed
home_runs,opposite_hand_matchup,matchup_interaction,False,True,True,True,0.0,0.0,0.0,0.0,
home_runs,pct_lhh,other,False,True,True,True,0.0,0.0,0.0,0.0,
home_runs,pct_rhh,other,False,True,True,True,0.0,0.0,0.0,0.0,
home_runs,pct_switch,other,False,True,True,True,0.0,0.0,0.0,0.0,
home_runs,projected_lhh_count,other,False,True,True,True,0.0,0.0,0.0,0.0,
home_runs,projected_rhh_count,other,False,True,True,True,0.0,0.0,0.0,0.0,
home_runs,projected_switch_count,other,False,True,True,True,0.0,0.0,0.0,0.0,
home_runs,same_hand_matchup,matchup_interaction,False,True,True,True,0.0,0.0,0.0,0.0,
pitcher_strikeouts,away_avg,other,True,True,True,True,0.0,0.0,0.0,0.0,
pitcher_strikeouts,batter_hand_is_imputed,batter_handedness,True,True,True,True,100.0,100.0,100.0,0.0,
pitcher_strikeouts,batter_is_lhh,batter_handedness,True,True,True,True,0.0,0.0,0.0,0.0,batter_hand_is_imputed
pitcher_strikeouts,batter_is_rhh,batter_handedness,True,True,True,True,0.0,0.0,0.0,0.0,batter_hand_is_imputed
pitcher_strikeouts,batter_is_switch,batter_handedness,True,True,True,True,0.0,0.0,0.0,0.0,batter_hand_is_imputed
pitcher_strikeouts,current_hit_streak,rolling_windows,True,True,True,True,60.0,63.3,63.3,-3.3,
pitcher_strikeouts,current_miss_streak,rolling_windows,True,True,True,True,40.0,36.7,36.7,3.3,
pitcher_strikeouts,cv_l10,rolling_windows,True,True,True,True,100.0,100.0,100.0,0.0,
pitcher_strikeouts,cv_l5,rolling_windows,True,True,True,True,100.0,100.0,100.0,0.0,
pitcher_strikeouts,ewma_l10,rolling_windows,True,True,True,True,100.0,100.0,100.0,0.0,
pitcher_strikeouts,ewma_l20,rolling_windows,True,True,True,True,100.0,100.0,100.0,0.0,
pitcher_strikeouts,ewma_l5,rolling_windows,True,True,True,True,100.0,100.0,100.0,0.0,
pitcher_strikeouts,ewma_trend,rolling_windows,True,True,True,True,100.0,100.0,100.0,0.0,
pitcher_strikeouts,expected_pa_is_imputed,workload,True,True,True,True,90.0,90.0,90.0,0.0,
pitcher_strikeouts,expected_pa_l10,workload,True,True,True,True,93.3,93.3,93.3,0.0,
pitcher_strikeouts,hit_rate_l10,rolling_windows,True,True,True,True,100.0,100.0,100.0,0.0,
pitcher_strikeouts,hit_rate_l5,rolling_windows,True,True,True,True,96.7,96.7,96.7,0.0,
pitcher_strikeouts,home_avg,other,True,True,True,True,0.0,0.0,0.0,0.0,
pitcher_strikeouts,home_away_split,other,True,True,True,True,0.0,0.0,0.0,0.0,
pitcher_strikeouts,home_away_split_is_imputed,other,True,True,True,True,100.0,100.0,100.0,0.0,
pitcher_strikeouts,home_hr_split,other,True,True,True,True,0.0,0.0,0.0,0.0,
pitcher_strikeouts,home_runs_split,other,True,True,True,True,0.0,0.0,0.0,0.0,
pitcher_strikeouts,l10_avg,rolling_windows,True,True,True,True,100.0,100.0,100.0,0.0,
pitcher_strikeouts,l10_max,rolling_windows,True,True,True,True,100.0,100.0,100.0,0.0,
pitcher_strikeouts,l10_median,rolling_windows,True,True,True,True,86.7,86.7,86.7,0.0,
pitcher_strikeouts,l10_min,rolling_windows,True,True,True,True,36.7,36.7,36.7,0.0,
pitcher_strikeouts,l20_avg,rolling_windows,True,True,True,True,100.0,100.0,100.0,0.0,
pitcher_strikeouts,l3_avg,rolling_windows,True,True,True,True,96.7,96.7,96.7,0.0,
pitcher_strikeouts,l5_avg,rolling_windows,True,True,True,True,100.0,100.0,100.0,0.0,
pitcher_strikeouts,l5_max,rolling_windows,True,True,True,True,100.0,100.0,100.0,0.0,
pitcher_strikeouts,l5_median,rolling_windows,True,True,True,True,80.0,80.0,80.0,0.0,
pitcher_strikeouts,l5_min,rolling_windows,True,True,True,True,50.0,50.0,50.0,0.0,
pitcher_strikeouts,line,other,True,True,True,True,100.0,100.0,100.0,0.0,
pitcher_strikeouts,line_difficulty,market_alignment,True,True,True,True,100.0,100.0,100.0,0.0,
pitcher_strikeouts,line_vs_ewma,other,True,True,True,True,100.0,100.0,100.0,0.0,
pitcher_strikeouts,line_vs_l10,other,True,True,True,True,100.0,100.0,100.0,0.0,
pitcher_strikeouts,line_vs_l5,other,True,True,True,True,100.0,100.0,100.0,0.0,
pitcher_strikeouts,line_vs_median,other,True,True,True,True,93.3,93.3,93.3,0.0,
pitcher_strikeouts,lineup_barrel_rate_14d,opposing_lineup,True,True,True,True,0.0,0.0,0.0,0.0,
pitcher_strikeouts,lineup_bb_rate_14d,opposing_lineup,True,True,True,True,0.0,0.0,0.0,0.0,
pitcher_strikeouts,lineup_handedness_is_imputed,opposing_lineup,True,True,True,True,100.0,100.0,100.0,0.0,
pitcher_strikeouts,lineup_hard_hit_rate_14d,opposing_lineup,True,True,True,True,0.0,0.0,0.0,0.0,
pitcher_strikeouts,lineup_k_rate_14d,opposing_lineup,True,True,True,True,0.0,0.0,0.0,0.0,
pitcher_strikeouts,lineup_opposite_hand_count,opposing_lineup,True,True,True,True,0.0,0.0,0.0,0.0,
pitcher_strikeouts,lineup_pct_opposite_hand,opposing_lineup,True,True,True,True,0.0,0.0,0.0,0.0,
pitcher_strikeouts,lineup_pct_same_hand,opposing_lineup,True,True,True,True,0.0,0.0,0.0,0.0,
pitcher_strikeouts,lineup_same_hand_count,opposing_lineup,True,True,True,True,0.0,0.0,0.0,0.0,
pitcher_strikeouts,lineup_size,opposing_lineup,True,True,True,True,100.0,0.0,100.0,100.0,
pitcher_strikeouts,lineup_size_is_imputed,opposing_lineup,True,True,True,True,0.0,100.0,0.0,-100.0,
pitcher_strikeouts,lineup_strength_is_imputed,opposing_lineup,True,True,True,True,100.0,100.0,100.0,0.0,
pitcher_strikeouts,lineup_woba_14d,opposing_lineup,True,True,True,True,0.0,0.0,0.0,0.0,
pitcher_strikeouts,lineup_xwoba_14d,opposing_lineup,True,True,True,True,0.0,0.0,0.0,0.0,
pitcher_strikeouts,matchup_exposure_is_imputed,other,True,True,True,True,100.0,100.0,100.0,0.0,
pitcher_strikeouts,matchup_is_imputed,other,True,True,True,True,100.0,100.0,100.0,0.0,
pitcher_strikeouts,opp_k_rate,other,True,True,True,True,100.0,100.0,100.0,0.0,
pitcher_strikeouts,opp_pitcher_bb_rate_14d,opp_pitcher_quality,True,True,True,True,0.0,0.0,0.0,0.0,opp_pitcher_quality_is_imputed
pitcher_strikeouts,opp_pitcher_k_rate_14d,opp_pitcher_quality,True,True,True,True,0.0,0.0,0.0,0.0,opp_pitcher_quality_is_imputed
pitcher_strikeouts,opp_pitcher_quality_is_imputed,opp_pitcher_quality,True,True,True,True,100.0,100.0,100.0,0.0,
pitcher_strikeouts,opp_pitcher_throws_is_imputed,opp_pitcher_quality,True,True,True,True,0.0,100.0,0.0,-100.0,
pitcher_strikeouts,opp_pitcher_throws_l,opp_pitcher_quality,True,True,True,True,0.0,0.0,0.0,0.0,opp_pitcher_quality_is_imputed
pitcher_strikeouts,opp_pitcher_throws_r,opp_pitcher_quality,True,True,True,True,100.0,0.0,100.0,100.0,opp_pitcher_quality_is_imputed
pitcher_strikeouts,opp_pitcher_xwoba_allowed_14d,opp_pitcher_quality,True,True,True,True,0.0,0.0,0.0,0.0,opp_pitcher_quality_is_imputed
pitcher_strikeouts,opposite_hand_matchup,matchup_interaction,True,True,True,True,0.0,0.0,0.0,0.0,
pitcher_strikeouts,pa_b_pa14_avg_exit_velocity,pa_batter,True,True,True,True,0.0,0.0,0.0,0.0,pa_batter_is_imputed
pitcher_strikeouts,pa_b_pa14_avg_launch_angle,pa_batter,True,True,True,True,0.0,0.0,0.0,0.0,pa_batter_is_imputed
pitcher_strikeouts,pa_b_pa14_barrel_rate,pa_batter,True,True,True,True,0.0,0.0,0.0,0.0,pa_batter_is_imputed
pitcher_strikeouts,pa_b_pa14_bb_rate,pa_batter,True,True,True,True,0.0,0.0,0.0,0.0,pa_batter_is_imputed
pitcher_strikeouts,pa_b_pa14_contact_rate,pa_batter,True,True,True,True,0.0,0.0,0.0,0.0,pa_batter_is_imputed
pitcher_strikeouts,pa_b_pa14_hard_hit_rate,pa_batter,True,True,True,True,0.0,0.0,0.0,0.0,pa_batter_is_imputed
pitcher_strikeouts,pa_b_pa14_k_rate,pa_batter,True,True,True,True,0.0,0.0,0.0,0.0,pa_batter_is_imputed
pitcher_strikeouts,pa_b_pa14_plate_appearances,pa_batter,True,True,True,True,0.0,0.0,0.0,0.0,pa_batter_is_imputed
pitcher_strikeouts,pa_b_pa14_sweet_spot_rate,pa_batter,True,True,True,True,0.0,0.0,0.0,0.0,pa_batter_is_imputed
pitcher_strikeouts,pa_b_pa14_wOBA,pa_batter,True,True,True,True,0.0,0.0,0.0,0.0,pa_batter_is_imputed
pitcher_strikeouts,pa_b_pa14_whiff_rate,pa_batter,True,True,True,True,0.0,0.0,0.0,0.0,pa_batter_is_imputed
pitcher_strikeouts,pa_b_pa14_xwOBA,pa_batter,True,True,True,True,0.0,0.0,0.0,0.0,pa_batter_is_imputed
pitcher_strikeouts,pa_b_pa30_avg_exit_velocity,pa_batter,True,True,True,True,0.0,0.0,0.0,0.0,pa_batter_is_imputed
pitcher_strikeouts,pa_b_pa30_avg_launch_angle,pa_batter,True,True,True,True,0.0,0.0,0.0,0.0,pa_batter_is_imputed
pitcher_strikeouts,pa_b_pa30_barrel_rate,pa_batter,True,True,True,True,0.0,0.0,0.0,0.0,pa_batter_is_imputed
pitcher_strikeouts,pa_b_pa30_bb_rate,pa_batter,True,True,True,True,0.0,0.0,0.0,0.0,pa_batter_is_imputed
pitcher_strikeouts,pa_b_pa30_contact_rate,pa_batter,True,True,True,True,0.0,0.0,0.0,0.0,pa_batter_is_imputed
pitcher_strikeouts,pa_b_pa30_hard_hit_rate,pa_batter,True,True,True,True,0.0,0.0,0.0,0.0,pa_batter_is_imputed
pitcher_strikeouts,pa_b_pa30_k_rate,pa_batter,True,True,True,True,0.0,0.0,0.0,0.0,pa_batter_is_imputed
pitcher_strikeouts,pa_b_pa30_plate_appearances,pa_batter,True,True,True,True,0.0,0.0,0.0,0.0,pa_batter_is_imputed
pitcher_strikeouts,pa_b_pa30_sweet_spot_rate,pa_batter,True,True,True,True,0.0,0.0,0.0,0.0,pa_batter_is_imputed
pitcher_strikeouts,pa_b_pa30_wOBA,pa_batter,True,True,True,True,0.0,0.0,0.0,0.0,pa_batter_is_imputed
pitcher_strikeouts,pa_b_pa30_whiff_rate,pa_batter,True,True,True,True,0.0,0.0,0.0,0.0,pa_batter_is_imputed
pitcher_strikeouts,pa_b_pa30_xwOBA,pa_batter,True,True,True,True,0.0,0.0,0.0,0.0,pa_batter_is_imputed
pitcher_strikeouts,pa_b_pa7_avg_exit_velocity,pa_batter,True,True,True,True,0.0,0.0,0.0,0.0,pa_batter_is_imputed
pitcher_strikeouts,pa_b_pa7_avg_launch_angle,pa_batter,True,True,True,True,0.0,0.0,0.0,0.0,pa_batter_is_imputed
pitcher_strikeouts,pa_b_pa7_barrel_rate,pa_batter,True,True,True,True,0.0,0.0,0.0,0.0,pa_batter_is_imputed
pitcher_strikeouts,pa_b_pa7_bb_rate,pa_batter,True,True,True,True,0.0,0.0,0.0,0.0,pa_batter_is_imputed
pitcher_strikeouts,pa_b_pa7_contact_rate,pa_batter,True,True,True,True,0.0,0.0,0.0,0.0,pa_batter_is_imputed
pitcher_strikeouts,pa_b_pa7_hard_hit_rate,pa_batter,True,True,True,True,0.0,0.0,0.0,0.0,pa_batter_is_imputed
pitcher_strikeouts,pa_b_pa7_k_rate,pa_batter,True,True,True,True,0.0,0.0,0.0,0.0,pa_batter_is_imputed
pitcher_strikeouts,pa_b_pa7_plate_appearances,pa_batter,True,True,True,True,0.0,0.0,0.0,0.0,pa_batter_is_imputed
pitcher_strikeouts,pa_b_pa7_sweet_spot_rate,pa_batter,True,True,True,True,0.0,0.0,0.0,0.0,pa_batter_is_imputed
pitcher_strikeouts,pa_b_pa7_wOBA,pa_batter,True,True,True,True,0.0,0.0,0.0,0.0,pa_batter_is_imputed
pitcher_strikeouts,pa_b_pa7_whiff_rate,pa_batter,True,True,True,True,0.0,0.0,0.0,0.0,pa_batter_is_imputed
pitcher_strikeouts,pa_b_pa7_xwOBA,pa_batter,True,True,True,True,0.0,0.0,0.0,0.0,pa_batter_is_imputed
pitcher_strikeouts,pa_b_pa_season_avg_exit_velocity,pa_batter,True,True,True,True,0.0,0.0,0.0,0.0,pa_batter_is_imputed
pitcher_strikeouts,pa_b_pa_season_avg_launch_angle,pa_batter,True,True,True,True,0.0,0.0,0.0,0.0,pa_batter_is_imputed
pitcher_strikeouts,pa_b_pa_season_barrel_rate,pa_batter,True,True,True,True,0.0,0.0,0.0,0.0,pa_batter_is_imputed
pitcher_strikeouts,pa_b_pa_season_bb_rate,pa_batter,True,True,True,True,0.0,0.0,0.0,0.0,pa_batter_is_imputed
pitcher_strikeouts,pa_b_pa_season_contact_rate,pa_batter,True,True,True,True,0.0,0.0,0.0,0.0,pa_batter_is_imputed
pitcher_strikeouts,pa_b_pa_season_hard_hit_rate,pa_batter,True,True,True,True,0.0,0.0,0.0,0.0,pa_batter_is_imputed
pitcher_strikeouts,pa_b_pa_season_k_rate,pa_batter,True,True,True,True,0.0,0.0,0.0,0.0,pa_batter_is_imputed
pitcher_strikeouts,pa_b_pa_season_plate_appearances,pa_batter,True,True,True,True,0.0,0.0,0.0,0.0,pa_batter_is_imputed
pitcher_strikeouts,pa_b_pa_season_sweet_spot_rate,pa_batter,True,True,True,True,0.0,0.0,0.0,0.0,pa_batter_is_imputed
pitcher_strikeouts,pa_b_pa_season_wOBA,pa_batter,True,True,True,True,0.0,0.0,0.0,0.0,pa_batter_is_imputed
pitcher_strikeouts,pa_b_pa_season_whiff_rate,pa_batter,True,True,True,True,0.0,0.0,0.0,0.0,pa_batter_is_imputed
pitcher_strikeouts,pa_b_pa_season_xwOBA,pa_batter,True,True,True,True,0.0,0.0,0.0,0.0,pa_batter_is_imputed
pitcher_strikeouts,pa_batter_is_imputed,pa_batter,True,True,True,True,100.0,100.0,100.0,0.0,
pitcher_strikeouts,pa_p_pa14_barrel_allowed_rate,pa_pitcher,True,True,True,True,0.0,0.0,0.0,0.0,pa_pitcher_is_imputed
pitcher_strikeouts,pa_p_pa14_bb_rate,pa_pitcher,True,True,True,True,3.3,0.0,3.3,3.3,pa_pitcher_is_imputed
pitcher_strikeouts,pa_p_pa14_hard_hit_allowed_rate,pa_pitcher,True,True,True,True,3.3,0.0,3.3,3.3,pa_pitcher_is_imputed
pitcher_strikeouts,pa_p_pa14_k_rate,pa_pitcher,True,True,True,True,3.3,0.0,3.3,3.3,pa_pitcher_is_imputed
pitcher_strikeouts,pa_p_pa14_plate_appearances,pa_pitcher,True,True,True,True,3.3,0.0,3.3,3.3,pa_pitcher_is_imputed
pitcher_strikeouts,pa_p_pa14_wOBA_allowed,pa_pitcher,True,True,True,True,3.3,0.0,3.3,3.3,pa_pitcher_is_imputed
pitcher_strikeouts,pa_p_pa14_whiff_rate,pa_pitcher,True,True,True,True,3.3,0.0,3.3,3.3,pa_pitcher_is_imputed
pitcher_strikeouts,pa_p_pa14_xwOBA_allowed,pa_pitcher,True,True,True,True,3.3,0.0,3.3,3.3,pa_pitcher_is_imputed
pitcher_strikeouts,pa_p_pa30_barrel_allowed_rate,pa_pitcher,True,True,True,True,0.0,0.0,0.0,0.0,pa_pitcher_is_imputed
pitcher_strikeouts,pa_p_pa30_bb_rate,pa_pitcher,True,True,True,True,3.3,0.0,3.3,3.3,pa_pitcher_is_imputed
pitcher_strikeouts,pa_p_pa30_hard_hit_allowed_rate,pa_pitcher,True,True,True,True,3.3,0.0,3.3,3.3,pa_pitcher_is_imputed
pitcher_strikeouts,pa_p_pa30_k_rate,pa_pitcher,True,True,True,True,3.3,0.0,3.3,3.3,pa_pitcher_is_imputed
pitcher_strikeouts,pa_p_pa30_plate_appearances,pa_pitcher,True,True,True,True,3.3,0.0,3.3,3.3,pa_pitcher_is_imputed
pitcher_strikeouts,pa_p_pa30_wOBA_allowed,pa_pitcher,True,True,True,True,3.3,0.0,3.3,3.3,pa_pitcher_is_imputed
pitcher_strikeouts,pa_p_pa30_whiff_rate,pa_pitcher,True,True,True,True,3.3,0.0,3.3,3.3,pa_pitcher_is_imputed
pitcher_strikeouts,pa_p_pa30_xwOBA_allowed,pa_pitcher,True,True,True,True,3.3,0.0,3.3,3.3,pa_pitcher_is_imputed
pitcher_strikeouts,pa_p_pa_season_barrel_allowed_rate,pa_pitcher,True,True,True,True,3.3,0.0,3.3,3.3,pa_pitcher_is_imputed
pitcher_strikeouts,pa_p_pa_season_bb_rate,pa_pitcher,True,True,True,True,3.3,0.0,3.3,3.3,pa_pitcher_is_imputed
pitcher_strikeouts,pa_p_pa_season_hard_hit_allowed_rate,pa_pitcher,True,True,True,True,3.3,0.0,3.3,3.3,pa_pitcher_is_imputed
pitcher_strikeouts,pa_p_pa_season_k_rate,pa_pitcher,True,True,True,True,3.3,0.0,3.3,3.3,pa_pitcher_is_imputed
pitcher_strikeouts,pa_p_pa_season_plate_appearances,pa_pitcher,True,True,True,True,3.3,0.0,3.3,3.3,pa_pitcher_is_imputed
pitcher_strikeouts,pa_p_pa_season_wOBA_allowed,pa_pitcher,True,True,True,True,3.3,0.0,3.3,3.3,pa_pitcher_is_imputed
pitcher_strikeouts,pa_p_pa_season_whiff_rate,pa_pitcher,True,True,True,True,3.3,0.0,3.3,3.3,pa_pitcher_is_imputed
pitcher_strikeouts,pa_p_pa_season_xwOBA_allowed,pa_pitcher,True,True,True,True,3.3,0.0,3.3,3.3,pa_pitcher_is_imputed
pitcher_strikeouts,pa_pitcher_is_imputed,pa_pitcher,True,True,True,True,96.7,100.0,96.7,-3.3,
pitcher_strikeouts,park_factor,environment_park,True,True,True,True,100.0,100.0,100.0,0.0,
pitcher_strikeouts,park_factor_is_imputed,environment_park,True,True,True,True,0.0,0.0,0.0,0.0,
pitcher_strikeouts,park_hits_factor,environment_park,True,True,True,True,100.0,100.0,100.0,0.0,
pitcher_strikeouts,park_hr_factor,environment_park,True,True,True,True,100.0,100.0,100.0,0.0,
pitcher_strikeouts,park_k_factor,environment_park,True,True,True,True,100.0,100.0,100.0,0.0,
pitcher_strikeouts,park_runs_factor,environment_park,True,True,True,True,100.0,100.0,100.0,0.0,
pitcher_strikeouts,park_tb_factor,environment_park,True,True,True,True,100.0,100.0,100.0,0.0,
pitcher_strikeouts,pct_lhh,other,True,True,True,True,0.0,0.0,0.0,0.0,
pitcher_strikeouts,pct_rhh,other,True,True,True,True,0.0,0.0,0.0,0.0,
pitcher_strikeouts,pct_switch,other,True,True,True,True,0.0,0.0,0.0,0.0,
pitcher_strikeouts,platoon_avg_split,platoon_splits,True,True,True,True,0.0,0.0,0.0,0.0,platoon_split_is_imputed
pitcher_strikeouts,platoon_k_split,platoon_splits,True,True,True,True,0.0,0.0,0.0,0.0,platoon_split_is_imputed
pitcher_strikeouts,platoon_split_is_imputed,platoon_splits,True,True,True,True,100.0,100.0,100.0,0.0,
pitcher_strikeouts,projected_lhh_count,other,True,True,True,True,0.0,0.0,0.0,0.0,
pitcher_strikeouts,projected_rhh_count,other,True,True,True,True,0.0,0.0,0.0,0.0,
pitcher_strikeouts,projected_switch_count,other,True,True,True,True,0.0,0.0,0.0,0.0,
pitcher_strikeouts,range_l10,rolling_windows,True,True,True,True,100.0,100.0,100.0,0.0,
pitcher_strikeouts,range_l5,rolling_windows,True,True,True,True,100.0,100.0,100.0,0.0,
pitcher_strikeouts,same_hand_matchup,matchup_interaction,True,True,True,True,0.0,0.0,0.0,0.0,
pitcher_strikeouts,sc_b_r14_avg_exit_velocity,statcast_batter,True,True,True,True,0.0,0.0,0.0,0.0,sc_batter_is_imputed
pitcher_strikeouts,sc_b_r14_avg_launch_angle,statcast_batter,True,True,True,True,0.0,0.0,0.0,0.0,sc_batter_is_imputed
pitcher_strikeouts,sc_b_r14_barrel_rate,statcast_batter,True,True,True,True,0.0,0.0,0.0,0.0,sc_batter_is_imputed
pitcher_strikeouts,sc_b_r14_contact_rate,statcast_batter,True,True,True,True,0.0,0.0,0.0,0.0,sc_batter_is_imputed
pitcher_strikeouts,sc_b_r14_hard_hit_rate,statcast_batter,True,True,True,True,0.0,0.0,0.0,0.0,sc_batter_is_imputed
pitcher_strikeouts,sc_b_r14_k_rate,statcast_batter,True,True,True,True,0.0,0.0,0.0,0.0,sc_batter_is_imputed
pitcher_strikeouts,sc_b_r14_plate_appearances,statcast_batter,True,True,True,True,0.0,0.0,0.0,0.0,sc_batter_is_imputed
pitcher_strikeouts,sc_b_r14_sweet_spot_rate,statcast_batter,True,True,True,True,0.0,0.0,0.0,0.0,sc_batter_is_imputed
pitcher_strikeouts,sc_b_r14_wOBA,statcast_batter,True,True,True,True,0.0,0.0,0.0,0.0,sc_batter_is_imputed
pitcher_strikeouts,sc_b_r14_whiff_rate,statcast_batter,True,True,True,True,0.0,0.0,0.0,0.0,sc_batter_is_imputed
pitcher_strikeouts,sc_b_r14_xwOBA,statcast_batter,True,True,True,True,0.0,0.0,0.0,0.0,sc_batter_is_imputed
pitcher_strikeouts,sc_b_r30_avg_exit_velocity,statcast_batter,True,True,True,True,0.0,0.0,0.0,0.0,sc_batter_is_imputed
pitcher_strikeouts,sc_b_r30_avg_launch_angle,statcast_batter,True,True,True,True,0.0,0.0,0.0,0.0,sc_batter_is_imputed
pitcher_strikeouts,sc_b_r30_barrel_rate,statcast_batter,True,True,True,True,0.0,0.0,0.0,0.0,sc_batter_is_imputed
pitcher_strikeouts,sc_b_r30_contact_rate,statcast_batter,True,True,True,True,0.0,0.0,0.0,0.0,sc_batter_is_imputed
pitcher_strikeouts,sc_b_r30_hard_hit_rate,statcast_batter,True,True,True,True,0.0,0.0,0.0,0.0,sc_batter_is_imputed
pitcher_strikeouts,sc_b_r30_k_rate,statcast_batter,True,True,True,True,0.0,0.0,0.0,0.0,sc_batter_is_imputed
pitcher_strikeouts,sc_b_r30_plate_appearances,statcast_batter,True,True,True,True,0.0,0.0,0.0,0.0,sc_batter_is_imputed
pitcher_strikeouts,sc_b_r30_sweet_spot_rate,statcast_batter,True,True,True,True,0.0,0.0,0.0,0.0,sc_batter_is_imputed
pitcher_strikeouts,sc_b_r30_wOBA,statcast_batter,True,True,True,True,0.0,0.0,0.0,0.0,sc_batter_is_imputed
pitcher_strikeouts,sc_b_r30_whiff_rate,statcast_batter,True,True,True,True,0.0,0.0,0.0,0.0,sc_batter_is_imputed
pitcher_strikeouts,sc_b_r30_xwOBA,statcast_batter,True,True,True,True,0.0,0.0,0.0,0.0,sc_batter_is_imputed
pitcher_strikeouts,sc_b_r7_avg_exit_velocity,statcast_batter,True,True,True,True,0.0,0.0,0.0,0.0,sc_batter_is_imputed
pitcher_strikeouts,sc_b_r7_avg_launch_angle,statcast_batter,True,True,True,True,0.0,0.0,0.0,0.0,sc_batter_is_imputed
pitcher_strikeouts,sc_b_r7_barrel_rate,statcast_batter,True,True,True,True,0.0,0.0,0.0,0.0,sc_batter_is_imputed
pitcher_strikeouts,sc_b_r7_contact_rate,statcast_batter,True,True,True,True,0.0,0.0,0.0,0.0,sc_batter_is_imputed
pitcher_strikeouts,sc_b_r7_hard_hit_rate,statcast_batter,True,True,True,True,0.0,0.0,0.0,0.0,sc_batter_is_imputed
pitcher_strikeouts,sc_b_r7_k_rate,statcast_batter,True,True,True,True,0.0,0.0,0.0,0.0,sc_batter_is_imputed
pitcher_strikeouts,sc_b_r7_plate_appearances,statcast_batter,True,True,True,True,0.0,0.0,0.0,0.0,sc_batter_is_imputed
pitcher_strikeouts,sc_b_r7_sweet_spot_rate,statcast_batter,True,True,True,True,0.0,0.0,0.0,0.0,sc_batter_is_imputed
pitcher_strikeouts,sc_b_r7_wOBA,statcast_batter,True,True,True,True,0.0,0.0,0.0,0.0,sc_batter_is_imputed
pitcher_strikeouts,sc_b_r7_whiff_rate,statcast_batter,True,True,True,True,0.0,0.0,0.0,0.0,sc_batter_is_imputed
pitcher_strikeouts,sc_b_r7_xwOBA,statcast_batter,True,True,True,True,0.0,0.0,0.0,0.0,sc_batter_is_imputed
pitcher_strikeouts,sc_b_season_avg_exit_velocity,statcast_batter,True,True,True,True,0.0,0.0,0.0,0.0,sc_batter_is_imputed
pitcher_strikeouts,sc_b_season_avg_launch_angle,statcast_batter,True,True,True,True,0.0,0.0,0.0,0.0,sc_batter_is_imputed
pitcher_strikeouts,sc_b_season_barrel_rate,statcast_batter,True,True,True,True,0.0,0.0,0.0,0.0,sc_batter_is_imputed
pitcher_strikeouts,sc_b_season_contact_rate,statcast_batter,True,True,True,True,0.0,0.0,0.0,0.0,sc_batter_is_imputed
pitcher_strikeouts,sc_b_season_hard_hit_rate,statcast_batter,True,True,True,True,0.0,0.0,0.0,0.0,sc_batter_is_imputed
pitcher_strikeouts,sc_b_season_k_rate,statcast_batter,True,True,True,True,0.0,0.0,0.0,0.0,sc_batter_is_imputed
pitcher_strikeouts,sc_b_season_plate_appearances,statcast_batter,True,True,True,True,0.0,0.0,0.0,0.0,sc_batter_is_imputed
pitcher_strikeouts,sc_b_season_sweet_spot_rate,statcast_batter,True,True,True,True,0.0,0.0,0.0,0.0,sc_batter_is_imputed
pitcher_strikeouts,sc_b_season_wOBA,statcast_batter,True,True,True,True,0.0,0.0,0.0,0.0,sc_batter_is_imputed
pitcher_strikeouts,sc_b_season_whiff_rate,statcast_batter,True,True,True,True,0.0,0.0,0.0,0.0,sc_batter_is_imputed
pitcher_strikeouts,sc_b_season_xwOBA,statcast_batter,True,True,True,True,0.0,0.0,0.0,0.0,sc_batter_is_imputed
pitcher_strikeouts,sc_batter_is_imputed,other,True,True,True,True,100.0,100.0,100.0,0.0,
pitcher_strikeouts,sc_p_r14_barrel_allowed_rate,statcast_pitcher,True,True,True,True,0.0,0.0,0.0,0.0,sc_pitcher_is_imputed
pitcher_strikeouts,sc_p_r14_bb_rate,statcast_pitcher,True,True,True,True,3.3,3.3,3.3,0.0,sc_pitcher_is_imputed
pitcher_strikeouts,sc_p_r14_hard_hit_allowed_rate,statcast_pitcher,True,True,True,True,3.3,3.3,3.3,0.0,sc_pitcher_is_imputed
pitcher_strikeouts,sc_p_r14_k_rate,statcast_pitcher,True,True,True,True,3.3,3.3,3.3,0.0,sc_pitcher_is_imputed
pitcher_strikeouts,sc_p_r14_plate_appearances,statcast_pitcher,True,True,True,True,3.3,3.3,3.3,0.0,sc_pitcher_is_imputed
pitcher_strikeouts,sc_p_r14_wOBA_allowed,statcast_pitcher,True,True,True,True,3.3,3.3,3.3,0.0,sc_pitcher_is_imputed
pitcher_strikeouts,sc_p_r14_xwOBA_allowed,statcast_pitcher,True,True,True,True,3.3,3.3,3.3,0.0,sc_pitcher_is_imputed
pitcher_strikeouts,sc_p_r30_barrel_allowed_rate,statcast_pitcher,True,True,True,True,0.0,0.0,0.0,0.0,sc_pitcher_is_imputed
pitcher_strikeouts,sc_p_r30_bb_rate,statcast_pitcher,True,True,True,True,3.3,3.3,3.3,0.0,sc_pitcher_is_imputed
pitcher_strikeouts,sc_p_r30_hard_hit_allowed_rate,statcast_pitcher,True,True,True,True,3.3,3.3,3.3,0.0,sc_pitcher_is_imputed
pitcher_strikeouts,sc_p_r30_k_rate,statcast_pitcher,True,True,True,True,3.3,3.3,3.3,0.0,sc_pitcher_is_imputed
pitcher_strikeouts,sc_p_r30_plate_appearances,statcast_pitcher,True,True,True,True,3.3,3.3,3.3,0.0,sc_pitcher_is_imputed
pitcher_strikeouts,sc_p_r30_wOBA_allowed,statcast_pitcher,True,True,True,True,3.3,3.3,3.3,0.0,sc_pitcher_is_imputed
pitcher_strikeouts,sc_p_r30_xwOBA_allowed,statcast_pitcher,True,True,True,True,3.3,3.3,3.3,0.0,sc_pitcher_is_imputed
pitcher_strikeouts,sc_p_season_barrel_allowed_rate,statcast_pitcher,True,True,True,True,0.0,0.0,0.0,0.0,sc_pitcher_is_imputed
pitcher_strikeouts,sc_p_season_bb_rate,statcast_pitcher,True,True,True,True,3.3,3.3,3.3,0.0,sc_pitcher_is_imputed
pitcher_strikeouts,sc_p_season_hard_hit_allowed_rate,statcast_pitcher,True,True,True,True,3.3,3.3,3.3,0.0,sc_pitcher_is_imputed
pitcher_strikeouts,sc_p_season_k_rate,statcast_pitcher,True,True,True,True,3.3,3.3,3.3,0.0,sc_pitcher_is_imputed
pitcher_strikeouts,sc_p_season_plate_appearances,statcast_pitcher,True,True,True,True,3.3,3.3,3.3,0.0,sc_pitcher_is_imputed
pitcher_strikeouts,sc_p_season_wOBA_allowed,statcast_pitcher,True,True,True,True,3.3,3.3,3.3,0.0,sc_pitcher_is_imputed
pitcher_strikeouts,sc_p_season_xwOBA_allowed,statcast_pitcher,True,True,True,True,3.3,3.3,3.3,0.0,sc_pitcher_is_imputed
pitcher_strikeouts,sc_pitcher_is_imputed,other,True,True,True,True,96.7,96.7,96.7,0.0,
pitcher_strikeouts,std_dev_l10,rolling_windows,True,True,True,True,100.0,100.0,100.0,0.0,
pitcher_strikeouts,std_dev_l5,rolling_windows,True,True,True,True,100.0,100.0,100.0,0.0,
pitcher_strikeouts,vs_lhp_ab,platoon_splits,True,True,True,True,0.0,0.0,0.0,0.0,platoon_split_is_imputed
pitcher_strikeouts,vs_lhp_avg,platoon_splits,True,True,True,True,0.0,0.0,0.0,0.0,platoon_split_is_imputed
pitcher_strikeouts,vs_lhp_bb,platoon_splits,True,True,True,True,0.0,0.0,0.0,0.0,platoon_split_is_imputed
pitcher_strikeouts,vs_lhp_hits,platoon_splits,True,True,True,True,0.0,0.0,0.0,0.0,platoon_split_is_imputed
pitcher_strikeouts,vs_lhp_hr,platoon_splits,True,True,True,True,0.0,0.0,0.0,0.0,platoon_split_is_imputed
pitcher_strikeouts,vs_lhp_is_imputed,platoon_splits,True,True,True,True,100.0,100.0,100.0,0.0,
pitcher_strikeouts,vs_lhp_k,platoon_splits,True,True,True,True,0.0,0.0,0.0,0.0,platoon_split_is_imputed
pitcher_strikeouts,vs_lhp_k_rate,platoon_splits,True,True,True,True,0.0,0.0,0.0,0.0,platoon_split_is_imputed
pitcher_strikeouts,vs_lhp_obp,platoon_splits,True,True,True,True,0.0,0.0,0.0,0.0,platoon_split_is_imputed
pitcher_strikeouts,vs_rhp_ab,platoon_splits,True,True,True,True,0.0,0.0,0.0,0.0,platoon_split_is_imputed
pitcher_strikeouts,vs_rhp_avg,platoon_splits,True,True,True,True,0.0,0.0,0.0,0.0,platoon_split_is_imputed
pitcher_strikeouts,vs_rhp_bb,platoon_splits,True,True,True,True,0.0,0.0,0.0,0.0,platoon_split_is_imputed
pitcher_strikeouts,vs_rhp_hits,platoon_splits,True,True,True,True,0.0,0.0,0.0,0.0,platoon_split_is_imputed
pitcher_strikeouts,vs_rhp_hr,platoon_splits,True,True,True,True,0.0,0.0,0.0,0.0,platoon_split_is_imputed
pitcher_strikeouts,vs_rhp_is_imputed,platoon_splits,True,True,True,True,100.0,100.0,100.0,0.0,
pitcher_strikeouts,vs_rhp_k,platoon_splits,True,True,True,True,0.0,0.0,0.0,0.0,platoon_split_is_imputed
pitcher_strikeouts,vs_rhp_k_rate,platoon_splits,True,True,True,True,0.0,0.0,0.0,0.0,platoon_split_is_imputed
pitcher_strikeouts,vs_rhp_obp,platoon_splits,True,True,True,True,0.0,0.0,0.0,0.0,platoon_split_is_imputed
pitcher_walks,away_avg,other,True,True,True,True,0.0,0.0,0.0,0.0,
pitcher_walks,batter_hand_is_imputed,batter_handedness,True,True,True,True,100.0,100.0,100.0,0.0,
pitcher_walks,batter_is_lhh,batter_handedness,True,True,True,True,0.0,0.0,0.0,0.0,batter_hand_is_imputed
pitcher_walks,batter_is_rhh,batter_handedness,True,True,True,True,0.0,0.0,0.0,0.0,batter_hand_is_imputed
pitcher_walks,batter_is_switch,batter_handedness,True,True,True,True,0.0,0.0,0.0,0.0,batter_hand_is_imputed
pitcher_walks,current_hit_streak,rolling_windows,True,True,True,True,26.7,26.7,26.7,0.0,
pitcher_walks,current_miss_streak,rolling_windows,True,True,True,True,73.3,73.3,73.3,0.0,
pitcher_walks,cv_l10,rolling_windows,True,True,True,True,100.0,100.0,100.0,0.0,
pitcher_walks,cv_l5,rolling_windows,True,True,True,True,90.0,86.7,86.7,3.3,
pitcher_walks,ewma_l10,rolling_windows,True,True,True,True,100.0,100.0,100.0,0.0,
pitcher_walks,ewma_l20,rolling_windows,True,True,True,True,100.0,100.0,100.0,0.0,
pitcher_walks,ewma_l5,rolling_windows,True,True,True,True,90.0,86.7,86.7,3.3,
pitcher_walks,ewma_trend,rolling_windows,True,True,True,True,100.0,100.0,100.0,0.0,
pitcher_walks,expected_pa_is_imputed,workload,True,True,True,True,90.0,90.0,90.0,0.0,
pitcher_walks,expected_pa_l10,workload,True,True,True,True,93.3,93.3,93.3,0.0,
pitcher_walks,hit_rate_l10,rolling_windows,True,True,True,True,73.3,76.7,76.7,-3.3,
pitcher_walks,hit_rate_l5,rolling_windows,True,True,True,True,56.7,56.7,56.7,0.0,
pitcher_walks,home_avg,other,True,True,True,True,0.0,0.0,0.0,0.0,
pitcher_walks,home_away_split,other,True,True,True,True,0.0,0.0,0.0,0.0,
pitcher_walks,home_away_split_is_imputed,other,True,True,True,True,100.0,100.0,100.0,0.0,
pitcher_walks,home_hr_split,other,True,True,True,True,0.0,0.0,0.0,0.0,
pitcher_walks,home_runs_split,other,True,True,True,True,0.0,0.0,0.0,0.0,
pitcher_walks,l10_avg,rolling_windows,True,True,True,True,100.0,100.0,100.0,0.0,
pitcher_walks,l10_max,rolling_windows,True,True,True,True,100.0,100.0,100.0,0.0,
pitcher_walks,l10_median,rolling_windows,True,True,True,True,50.0,50.0,50.0,0.0,
pitcher_walks,l10_min,rolling_windows,True,True,True,True,13.3,13.3,13.3,0.0,
pitcher_walks,l20_avg,rolling_windows,True,True,True,True,100.0,100.0,100.0,0.0,
pitcher_walks,l3_avg,rolling_windows,True,True,True,True,76.7,73.3,73.3,3.3,
pitcher_walks,l5_avg,rolling_windows,True,True,True,True,90.0,86.7,86.7,3.3,
pitcher_walks,l5_max,rolling_windows,True,True,True,True,90.0,86.7,86.7,3.3,
pitcher_walks,l5_median,rolling_windows,True,True,True,True,40.0,40.0,40.0,0.0,
pitcher_walks,l5_min,rolling_windows,True,True,True,True,23.3,23.3,23.3,0.0,
pitcher_walks,line,other,True,True,True,True,100.0,100.0,100.0,0.0,
pitcher_walks,line_difficulty,market_alignment,True,True,True,True,96.7,96.7,96.7,0.0,
pitcher_walks,line_vs_ewma,other,True,True,True,True,100.0,100.0,100.0,0.0,
pitcher_walks,line_vs_l10,other,True,True,True,True,96.7,96.7,96.7,0.0,
pitcher_walks,line_vs_l5,other,True,True,True,True,100.0,100.0,100.0,0.0,
pitcher_walks,line_vs_median,other,True,True,True,True,90.0,90.0,90.0,0.0,
pitcher_walks,lineup_barrel_rate_14d,opposing_lineup,True,True,True,True,0.0,0.0,0.0,0.0,
pitcher_walks,lineup_bb_rate_14d,opposing_lineup,True,True,True,True,0.0,0.0,0.0,0.0,
pitcher_walks,lineup_handedness_is_imputed,opposing_lineup,True,True,True,True,100.0,100.0,100.0,0.0,
pitcher_walks,lineup_hard_hit_rate_14d,opposing_lineup,True,True,True,True,0.0,0.0,0.0,0.0,
pitcher_walks,lineup_k_rate_14d,opposing_lineup,True,True,True,True,0.0,0.0,0.0,0.0,
pitcher_walks,lineup_opposite_hand_count,opposing_lineup,True,True,True,True,0.0,0.0,0.0,0.0,
pitcher_walks,lineup_pct_opposite_hand,opposing_lineup,True,True,True,True,0.0,0.0,0.0,0.0,
pitcher_walks,lineup_pct_same_hand,opposing_lineup,True,True,True,True,0.0,0.0,0.0,0.0,
pitcher_walks,lineup_same_hand_count,opposing_lineup,True,True,True,True,0.0,0.0,0.0,0.0,
pitcher_walks,lineup_size,opposing_lineup,True,True,True,True,100.0,0.0,100.0,100.0,
pitcher_walks,lineup_size_is_imputed,opposing_lineup,True,True,True,True,0.0,100.0,0.0,-100.0,
pitcher_walks,lineup_strength_is_imputed,opposing_lineup,True,True,True,True,100.0,100.0,100.0,0.0,
pitcher_walks,lineup_woba_14d,opposing_lineup,True,True,True,True,0.0,0.0,0.0,0.0,
pitcher_walks,lineup_xwoba_14d,opposing_lineup,True,True,True,True,0.0,0.0,0.0,0.0,
pitcher_walks,matchup_exposure_is_imputed,other,True,True,True,True,100.0,100.0,100.0,0.0,
pitcher_walks,matchup_is_imputed,other,True,True,True,True,100.0,100.0,100.0,0.0,
pitcher_walks,opp_k_rate,other,True,True,True,True,100.0,100.0,100.0,0.0,
pitcher_walks,opp_pitcher_bb_rate_14d,opp_pitcher_quality,True,True,True,True,0.0,0.0,0.0,0.0,opp_pitcher_quality_is_imputed
pitcher_walks,opp_pitcher_k_rate_14d,opp_pitcher_quality,True,True,True,True,0.0,0.0,0.0,0.0,opp_pitcher_quality_is_imputed
pitcher_walks,opp_pitcher_quality_is_imputed,opp_pitcher_quality,True,True,True,True,100.0,100.0,100.0,0.0,
pitcher_walks,opp_pitcher_throws_is_imputed,opp_pitcher_quality,True,True,True,True,0.0,100.0,0.0,-100.0,
pitcher_walks,opp_pitcher_throws_l,opp_pitcher_quality,True,True,True,True,0.0,0.0,0.0,0.0,opp_pitcher_quality_is_imputed
pitcher_walks,opp_pitcher_throws_r,opp_pitcher_quality,True,True,True,True,100.0,0.0,100.0,100.0,opp_pitcher_quality_is_imputed
pitcher_walks,opp_pitcher_xwoba_allowed_14d,opp_pitcher_quality,True,True,True,True,0.0,0.0,0.0,0.0,opp_pitcher_quality_is_imputed
pitcher_walks,opposite_hand_matchup,matchup_interaction,True,True,True,True,0.0,0.0,0.0,0.0,
pitcher_walks,pa_b_pa14_avg_exit_velocity,pa_batter,True,True,True,True,0.0,0.0,0.0,0.0,pa_batter_is_imputed
pitcher_walks,pa_b_pa14_avg_launch_angle,pa_batter,True,True,True,True,0.0,0.0,0.0,0.0,pa_batter_is_imputed
pitcher_walks,pa_b_pa14_barrel_rate,pa_batter,True,True,True,True,0.0,0.0,0.0,0.0,pa_batter_is_imputed
pitcher_walks,pa_b_pa14_bb_rate,pa_batter,True,True,True,True,0.0,0.0,0.0,0.0,pa_batter_is_imputed
pitcher_walks,pa_b_pa14_contact_rate,pa_batter,True,True,True,True,0.0,0.0,0.0,0.0,pa_batter_is_imputed
pitcher_walks,pa_b_pa14_hard_hit_rate,pa_batter,True,True,True,True,0.0,0.0,0.0,0.0,pa_batter_is_imputed
pitcher_walks,pa_b_pa14_k_rate,pa_batter,True,True,True,True,0.0,0.0,0.0,0.0,pa_batter_is_imputed
pitcher_walks,pa_b_pa14_plate_appearances,pa_batter,True,True,True,True,0.0,0.0,0.0,0.0,pa_batter_is_imputed
pitcher_walks,pa_b_pa14_sweet_spot_rate,pa_batter,True,True,True,True,0.0,0.0,0.0,0.0,pa_batter_is_imputed
pitcher_walks,pa_b_pa14_wOBA,pa_batter,True,True,True,True,0.0,0.0,0.0,0.0,pa_batter_is_imputed
pitcher_walks,pa_b_pa14_whiff_rate,pa_batter,True,True,True,True,0.0,0.0,0.0,0.0,pa_batter_is_imputed
pitcher_walks,pa_b_pa14_xwOBA,pa_batter,True,True,True,True,0.0,0.0,0.0,0.0,pa_batter_is_imputed
pitcher_walks,pa_b_pa30_avg_exit_velocity,pa_batter,True,True,True,True,0.0,0.0,0.0,0.0,pa_batter_is_imputed
pitcher_walks,pa_b_pa30_avg_launch_angle,pa_batter,True,True,True,True,0.0,0.0,0.0,0.0,pa_batter_is_imputed
pitcher_walks,pa_b_pa30_barrel_rate,pa_batter,True,True,True,True,0.0,0.0,0.0,0.0,pa_batter_is_imputed
pitcher_walks,pa_b_pa30_bb_rate,pa_batter,True,True,True,True,0.0,0.0,0.0,0.0,pa_batter_is_imputed
pitcher_walks,pa_b_pa30_contact_rate,pa_batter,True,True,True,True,0.0,0.0,0.0,0.0,pa_batter_is_imputed
pitcher_walks,pa_b_pa30_hard_hit_rate,pa_batter,True,True,True,True,0.0,0.0,0.0,0.0,pa_batter_is_imputed
pitcher_walks,pa_b_pa30_k_rate,pa_batter,True,True,True,True,0.0,0.0,0.0,0.0,pa_batter_is_imputed
pitcher_walks,pa_b_pa30_plate_appearances,pa_batter,True,True,True,True,0.0,0.0,0.0,0.0,pa_batter_is_imputed
pitcher_walks,pa_b_pa30_sweet_spot_rate,pa_batter,True,True,True,True,0.0,0.0,0.0,0.0,pa_batter_is_imputed
pitcher_walks,pa_b_pa30_wOBA,pa_batter,True,True,True,True,0.0,0.0,0.0,0.0,pa_batter_is_imputed
pitcher_walks,pa_b_pa30_whiff_rate,pa_batter,True,True,True,True,0.0,0.0,0.0,0.0,pa_batter_is_imputed
pitcher_walks,pa_b_pa30_xwOBA,pa_batter,True,True,True,True,0.0,0.0,0.0,0.0,pa_batter_is_imputed
pitcher_walks,pa_b_pa7_avg_exit_velocity,pa_batter,True,True,True,True,0.0,0.0,0.0,0.0,pa_batter_is_imputed
pitcher_walks,pa_b_pa7_avg_launch_angle,pa_batter,True,True,True,True,0.0,0.0,0.0,0.0,pa_batter_is_imputed
pitcher_walks,pa_b_pa7_barrel_rate,pa_batter,True,True,True,True,0.0,0.0,0.0,0.0,pa_batter_is_imputed
pitcher_walks,pa_b_pa7_bb_rate,pa_batter,True,True,True,True,0.0,0.0,0.0,0.0,pa_batter_is_imputed
pitcher_walks,pa_b_pa7_contact_rate,pa_batter,True,True,True,True,0.0,0.0,0.0,0.0,pa_batter_is_imputed
pitcher_walks,pa_b_pa7_hard_hit_rate,pa_batter,True,True,True,True,0.0,0.0,0.0,0.0,pa_batter_is_imputed
pitcher_walks,pa_b_pa7_k_rate,pa_batter,True,True,True,True,0.0,0.0,0.0,0.0,pa_batter_is_imputed
pitcher_walks,pa_b_pa7_plate_appearances,pa_batter,True,True,True,True,0.0,0.0,0.0,0.0,pa_batter_is_imputed
pitcher_walks,pa_b_pa7_sweet_spot_rate,pa_batter,True,True,True,True,0.0,0.0,0.0,0.0,pa_batter_is_imputed
pitcher_walks,pa_b_pa7_wOBA,pa_batter,True,True,True,True,0.0,0.0,0.0,0.0,pa_batter_is_imputed
pitcher_walks,pa_b_pa7_whiff_rate,pa_batter,True,True,True,True,0.0,0.0,0.0,0.0,pa_batter_is_imputed
pitcher_walks,pa_b_pa7_xwOBA,pa_batter,True,True,True,True,0.0,0.0,0.0,0.0,pa_batter_is_imputed
pitcher_walks,pa_b_pa_season_avg_exit_velocity,pa_batter,True,True,True,True,0.0,0.0,0.0,0.0,pa_batter_is_imputed
pitcher_walks,pa_b_pa_season_avg_launch_angle,pa_batter,True,True,True,True,0.0,0.0,0.0,0.0,pa_batter_is_imputed
pitcher_walks,pa_b_pa_season_barrel_rate,pa_batter,True,True,True,True,0.0,0.0,0.0,0.0,pa_batter_is_imputed
pitcher_walks,pa_b_pa_season_bb_rate,pa_batter,True,True,True,True,0.0,0.0,0.0,0.0,pa_batter_is_imputed
pitcher_walks,pa_b_pa_season_contact_rate,pa_batter,True,True,True,True,0.0,0.0,0.0,0.0,pa_batter_is_imputed
pitcher_walks,pa_b_pa_season_hard_hit_rate,pa_batter,True,True,True,True,0.0,0.0,0.0,0.0,pa_batter_is_imputed
pitcher_walks,pa_b_pa_season_k_rate,pa_batter,True,True,True,True,0.0,0.0,0.0,0.0,pa_batter_is_imputed
pitcher_walks,pa_b_pa_season_plate_appearances,pa_batter,True,True,True,True,0.0,0.0,0.0,0.0,pa_batter_is_imputed
pitcher_walks,pa_b_pa_season_sweet_spot_rate,pa_batter,True,True,True,True,0.0,0.0,0.0,0.0,pa_batter_is_imputed
pitcher_walks,pa_b_pa_season_wOBA,pa_batter,True,True,True,True,0.0,0.0,0.0,0.0,pa_batter_is_imputed
pitcher_walks,pa_b_pa_season_whiff_rate,pa_batter,True,True,True,True,0.0,0.0,0.0,0.0,pa_batter_is_imputed
pitcher_walks,pa_b_pa_season_xwOBA,pa_batter,True,True,True,True,0.0,0.0,0.0,0.0,pa_batter_is_imputed
pitcher_walks,pa_batter_is_imputed,pa_batter,True,True,True,True,100.0,100.0,100.0,0.0,
pitcher_walks,pa_p_pa14_barrel_allowed_rate,pa_pitcher,True,True,True,True,0.0,0.0,0.0,0.0,pa_pitcher_is_imputed
pitcher_walks,pa_p_pa14_bb_rate,pa_pitcher,True,True,True,True,3.3,0.0,3.3,3.3,pa_pitcher_is_imputed
pitcher_walks,pa_p_pa14_hard_hit_allowed_rate,pa_pitcher,True,True,True,True,3.3,0.0,3.3,3.3,pa_pitcher_is_imputed
pitcher_walks,pa_p_pa14_k_rate,pa_pitcher,True,True,True,True,3.3,0.0,3.3,3.3,pa_pitcher_is_imputed
pitcher_walks,pa_p_pa14_plate_appearances,pa_pitcher,True,True,True,True,3.3,0.0,3.3,3.3,pa_pitcher_is_imputed
pitcher_walks,pa_p_pa14_wOBA_allowed,pa_pitcher,True,True,True,True,3.3,0.0,3.3,3.3,pa_pitcher_is_imputed
pitcher_walks,pa_p_pa14_whiff_rate,pa_pitcher,True,True,True,True,3.3,0.0,3.3,3.3,pa_pitcher_is_imputed
pitcher_walks,pa_p_pa14_xwOBA_allowed,pa_pitcher,True,True,True,True,3.3,0.0,3.3,3.3,pa_pitcher_is_imputed
pitcher_walks,pa_p_pa30_barrel_allowed_rate,pa_pitcher,True,True,True,True,0.0,0.0,0.0,0.0,pa_pitcher_is_imputed
pitcher_walks,pa_p_pa30_bb_rate,pa_pitcher,True,True,True,True,3.3,0.0,3.3,3.3,pa_pitcher_is_imputed
pitcher_walks,pa_p_pa30_hard_hit_allowed_rate,pa_pitcher,True,True,True,True,3.3,0.0,3.3,3.3,pa_pitcher_is_imputed
pitcher_walks,pa_p_pa30_k_rate,pa_pitcher,True,True,True,True,3.3,0.0,3.3,3.3,pa_pitcher_is_imputed
pitcher_walks,pa_p_pa30_plate_appearances,pa_pitcher,True,True,True,True,3.3,0.0,3.3,3.3,pa_pitcher_is_imputed
pitcher_walks,pa_p_pa30_wOBA_allowed,pa_pitcher,True,True,True,True,3.3,0.0,3.3,3.3,pa_pitcher_is_imputed
pitcher_walks,pa_p_pa30_whiff_rate,pa_pitcher,True,True,True,True,3.3,0.0,3.3,3.3,pa_pitcher_is_imputed
pitcher_walks,pa_p_pa30_xwOBA_allowed,pa_pitcher,True,True,True,True,3.3,0.0,3.3,3.3,pa_pitcher_is_imputed
pitcher_walks,pa_p_pa_season_barrel_allowed_rate,pa_pitcher,True,True,True,True,3.3,0.0,3.3,3.3,pa_pitcher_is_imputed
pitcher_walks,pa_p_pa_season_bb_rate,pa_pitcher,True,True,True,True,3.3,0.0,3.3,3.3,pa_pitcher_is_imputed
pitcher_walks,pa_p_pa_season_hard_hit_allowed_rate,pa_pitcher,True,True,True,True,3.3,0.0,3.3,3.3,pa_pitcher_is_imputed
pitcher_walks,pa_p_pa_season_k_rate,pa_pitcher,True,True,True,True,3.3,0.0,3.3,3.3,pa_pitcher_is_imputed
pitcher_walks,pa_p_pa_season_plate_appearances,pa_pitcher,True,True,True,True,3.3,0.0,3.3,3.3,pa_pitcher_is_imputed
pitcher_walks,pa_p_pa_season_wOBA_allowed,pa_pitcher,True,True,True,True,3.3,0.0,3.3,3.3,pa_pitcher_is_imputed
pitcher_walks,pa_p_pa_season_whiff_rate,pa_pitcher,True,True,True,True,3.3,0.0,3.3,3.3,pa_pitcher_is_imputed
pitcher_walks,pa_p_pa_season_xwOBA_allowed,pa_pitcher,True,True,True,True,3.3,0.0,3.3,3.3,pa_pitcher_is_imputed
pitcher_walks,pa_pitcher_is_imputed,pa_pitcher,True,True,True,True,96.7,100.0,96.7,-3.3,
pitcher_walks,park_factor,environment_park,True,True,True,True,100.0,100.0,100.0,0.0,
pitcher_walks,park_factor_is_imputed,environment_park,True,True,True,True,0.0,0.0,0.0,0.0,
pitcher_walks,park_hits_factor,environment_park,True,True,True,True,100.0,100.0,100.0,0.0,
pitcher_walks,park_hr_factor,environment_park,True,True,True,True,100.0,100.0,100.0,0.0,
pitcher_walks,park_k_factor,environment_park,True,True,True,True,100.0,100.0,100.0,0.0,
pitcher_walks,park_runs_factor,environment_park,True,True,True,True,100.0,100.0,100.0,0.0,
pitcher_walks,park_tb_factor,environment_park,True,True,True,True,100.0,100.0,100.0,0.0,
pitcher_walks,pct_lhh,other,True,True,True,True,0.0,0.0,0.0,0.0,
pitcher_walks,pct_rhh,other,True,True,True,True,0.0,0.0,0.0,0.0,
pitcher_walks,pct_switch,other,True,True,True,True,0.0,0.0,0.0,0.0,
pitcher_walks,platoon_avg_split,platoon_splits,True,True,True,True,0.0,0.0,0.0,0.0,platoon_split_is_imputed
pitcher_walks,platoon_k_split,platoon_splits,True,True,True,True,0.0,0.0,0.0,0.0,platoon_split_is_imputed
pitcher_walks,platoon_split_is_imputed,platoon_splits,True,True,True,True,100.0,100.0,100.0,0.0,
pitcher_walks,projected_lhh_count,other,True,True,True,True,0.0,0.0,0.0,0.0,
pitcher_walks,projected_rhh_count,other,True,True,True,True,0.0,0.0,0.0,0.0,
pitcher_walks,projected_switch_count,other,True,True,True,True,0.0,0.0,0.0,0.0,
pitcher_walks,range_l10,rolling_windows,True,True,True,True,100.0,100.0,100.0,0.0,
pitcher_walks,range_l5,rolling_windows,True,True,True,True,90.0,86.7,86.7,3.3,
pitcher_walks,same_hand_matchup,matchup_interaction,True,True,True,True,0.0,0.0,0.0,0.0,
pitcher_walks,sc_b_r14_avg_exit_velocity,statcast_batter,True,True,True,True,0.0,0.0,0.0,0.0,sc_batter_is_imputed
pitcher_walks,sc_b_r14_avg_launch_angle,statcast_batter,True,True,True,True,0.0,0.0,0.0,0.0,sc_batter_is_imputed
pitcher_walks,sc_b_r14_barrel_rate,statcast_batter,True,True,True,True,0.0,0.0,0.0,0.0,sc_batter_is_imputed
pitcher_walks,sc_b_r14_contact_rate,statcast_batter,True,True,True,True,0.0,0.0,0.0,0.0,sc_batter_is_imputed
pitcher_walks,sc_b_r14_hard_hit_rate,statcast_batter,True,True,True,True,0.0,0.0,0.0,0.0,sc_batter_is_imputed
pitcher_walks,sc_b_r14_k_rate,statcast_batter,True,True,True,True,0.0,0.0,0.0,0.0,sc_batter_is_imputed
pitcher_walks,sc_b_r14_plate_appearances,statcast_batter,True,True,True,True,0.0,0.0,0.0,0.0,sc_batter_is_imputed
pitcher_walks,sc_b_r14_sweet_spot_rate,statcast_batter,True,True,True,True,0.0,0.0,0.0,0.0,sc_batter_is_imputed
pitcher_walks,sc_b_r14_wOBA,statcast_batter,True,True,True,True,0.0,0.0,0.0,0.0,sc_batter_is_imputed
pitcher_walks,sc_b_r14_whiff_rate,statcast_batter,True,True,True,True,0.0,0.0,0.0,0.0,sc_batter_is_imputed
pitcher_walks,sc_b_r14_xwOBA,statcast_batter,True,True,True,True,0.0,0.0,0.0,0.0,sc_batter_is_imputed
pitcher_walks,sc_b_r30_avg_exit_velocity,statcast_batter,True,True,True,True,0.0,0.0,0.0,0.0,sc_batter_is_imputed
pitcher_walks,sc_b_r30_avg_launch_angle,statcast_batter,True,True,True,True,0.0,0.0,0.0,0.0,sc_batter_is_imputed
pitcher_walks,sc_b_r30_barrel_rate,statcast_batter,True,True,True,True,0.0,0.0,0.0,0.0,sc_batter_is_imputed
pitcher_walks,sc_b_r30_contact_rate,statcast_batter,True,True,True,True,0.0,0.0,0.0,0.0,sc_batter_is_imputed
pitcher_walks,sc_b_r30_hard_hit_rate,statcast_batter,True,True,True,True,0.0,0.0,0.0,0.0,sc_batter_is_imputed
pitcher_walks,sc_b_r30_k_rate,statcast_batter,True,True,True,True,0.0,0.0,0.0,0.0,sc_batter_is_imputed
pitcher_walks,sc_b_r30_plate_appearances,statcast_batter,True,True,True,True,0.0,0.0,0.0,0.0,sc_batter_is_imputed
pitcher_walks,sc_b_r30_sweet_spot_rate,statcast_batter,True,True,True,True,0.0,0.0,0.0,0.0,sc_batter_is_imputed
pitcher_walks,sc_b_r30_wOBA,statcast_batter,True,True,True,True,0.0,0.0,0.0,0.0,sc_batter_is_imputed
pitcher_walks,sc_b_r30_whiff_rate,statcast_batter,True,True,True,True,0.0,0.0,0.0,0.0,sc_batter_is_imputed
pitcher_walks,sc_b_r30_xwOBA,statcast_batter,True,True,True,True,0.0,0.0,0.0,0.0,sc_batter_is_imputed
pitcher_walks,sc_b_r7_avg_exit_velocity,statcast_batter,True,True,True,True,0.0,0.0,0.0,0.0,sc_batter_is_imputed
pitcher_walks,sc_b_r7_avg_launch_angle,statcast_batter,True,True,True,True,0.0,0.0,0.0,0.0,sc_batter_is_imputed
pitcher_walks,sc_b_r7_barrel_rate,statcast_batter,True,True,True,True,0.0,0.0,0.0,0.0,sc_batter_is_imputed
pitcher_walks,sc_b_r7_contact_rate,statcast_batter,True,True,True,True,0.0,0.0,0.0,0.0,sc_batter_is_imputed
pitcher_walks,sc_b_r7_hard_hit_rate,statcast_batter,True,True,True,True,0.0,0.0,0.0,0.0,sc_batter_is_imputed
pitcher_walks,sc_b_r7_k_rate,statcast_batter,True,True,True,True,0.0,0.0,0.0,0.0,sc_batter_is_imputed
pitcher_walks,sc_b_r7_plate_appearances,statcast_batter,True,True,True,True,0.0,0.0,0.0,0.0,sc_batter_is_imputed
pitcher_walks,sc_b_r7_sweet_spot_rate,statcast_batter,True,True,True,True,0.0,0.0,0.0,0.0,sc_batter_is_imputed
pitcher_walks,sc_b_r7_wOBA,statcast_batter,True,True,True,True,0.0,0.0,0.0,0.0,sc_batter_is_imputed
pitcher_walks,sc_b_r7_whiff_rate,statcast_batter,True,True,True,True,0.0,0.0,0.0,0.0,sc_batter_is_imputed
pitcher_walks,sc_b_r7_xwOBA,statcast_batter,True,True,True,True,0.0,0.0,0.0,0.0,sc_batter_is_imputed
pitcher_walks,sc_b_season_avg_exit_velocity,statcast_batter,True,True,True,True,0.0,0.0,0.0,0.0,sc_batter_is_imputed
pitcher_walks,sc_b_season_avg_launch_angle,statcast_batter,True,True,True,True,0.0,0.0,0.0,0.0,sc_batter_is_imputed
pitcher_walks,sc_b_season_barrel_rate,statcast_batter,True,True,True,True,0.0,0.0,0.0,0.0,sc_batter_is_imputed
pitcher_walks,sc_b_season_contact_rate,statcast_batter,True,True,True,True,0.0,0.0,0.0,0.0,sc_batter_is_imputed
pitcher_walks,sc_b_season_hard_hit_rate,statcast_batter,True,True,True,True,0.0,0.0,0.0,0.0,sc_batter_is_imputed
pitcher_walks,sc_b_season_k_rate,statcast_batter,True,True,True,True,0.0,0.0,0.0,0.0,sc_batter_is_imputed
pitcher_walks,sc_b_season_plate_appearances,statcast_batter,True,True,True,True,0.0,0.0,0.0,0.0,sc_batter_is_imputed
pitcher_walks,sc_b_season_sweet_spot_rate,statcast_batter,True,True,True,True,0.0,0.0,0.0,0.0,sc_batter_is_imputed
pitcher_walks,sc_b_season_wOBA,statcast_batter,True,True,True,True,0.0,0.0,0.0,0.0,sc_batter_is_imputed
pitcher_walks,sc_b_season_whiff_rate,statcast_batter,True,True,True,True,0.0,0.0,0.0,0.0,sc_batter_is_imputed
pitcher_walks,sc_b_season_xwOBA,statcast_batter,True,True,True,True,0.0,0.0,0.0,0.0,sc_batter_is_imputed
pitcher_walks,sc_batter_is_imputed,other,True,True,True,True,100.0,100.0,100.0,0.0,
pitcher_walks,sc_p_r14_barrel_allowed_rate,statcast_pitcher,True,True,True,True,0.0,0.0,0.0,0.0,sc_pitcher_is_imputed
pitcher_walks,sc_p_r14_bb_rate,statcast_pitcher,True,True,True,True,3.3,3.3,3.3,0.0,sc_pitcher_is_imputed
pitcher_walks,sc_p_r14_hard_hit_allowed_rate,statcast_pitcher,True,True,True,True,3.3,3.3,3.3,0.0,sc_pitcher_is_imputed
pitcher_walks,sc_p_r14_k_rate,statcast_pitcher,True,True,True,True,3.3,3.3,3.3,0.0,sc_pitcher_is_imputed
pitcher_walks,sc_p_r14_plate_appearances,statcast_pitcher,True,True,True,True,3.3,3.3,3.3,0.0,sc_pitcher_is_imputed
pitcher_walks,sc_p_r14_wOBA_allowed,statcast_pitcher,True,True,True,True,3.3,3.3,3.3,0.0,sc_pitcher_is_imputed
pitcher_walks,sc_p_r14_xwOBA_allowed,statcast_pitcher,True,True,True,True,3.3,3.3,3.3,0.0,sc_pitcher_is_imputed
pitcher_walks,sc_p_r30_barrel_allowed_rate,statcast_pitcher,True,True,True,True,0.0,0.0,0.0,0.0,sc_pitcher_is_imputed
pitcher_walks,sc_p_r30_bb_rate,statcast_pitcher,True,True,True,True,3.3,3.3,3.3,0.0,sc_pitcher_is_imputed
pitcher_walks,sc_p_r30_hard_hit_allowed_rate,statcast_pitcher,True,True,True,True,3.3,3.3,3.3,0.0,sc_pitcher_is_imputed
pitcher_walks,sc_p_r30_k_rate,statcast_pitcher,True,True,True,True,3.3,3.3,3.3,0.0,sc_pitcher_is_imputed
pitcher_walks,sc_p_r30_plate_appearances,statcast_pitcher,True,True,True,True,3.3,3.3,3.3,0.0,sc_pitcher_is_imputed
pitcher_walks,sc_p_r30_wOBA_allowed,statcast_pitcher,True,True,True,True,3.3,3.3,3.3,0.0,sc_pitcher_is_imputed
pitcher_walks,sc_p_r30_xwOBA_allowed,statcast_pitcher,True,True,True,True,3.3,3.3,3.3,0.0,sc_pitcher_is_imputed
pitcher_walks,sc_p_season_barrel_allowed_rate,statcast_pitcher,True,True,True,True,0.0,0.0,0.0,0.0,sc_pitcher_is_imputed
pitcher_walks,sc_p_season_bb_rate,statcast_pitcher,True,True,True,True,3.3,3.3,3.3,0.0,sc_pitcher_is_imputed
pitcher_walks,sc_p_season_hard_hit_allowed_rate,statcast_pitcher,True,True,True,True,3.3,3.3,3.3,0.0,sc_pitcher_is_imputed
pitcher_walks,sc_p_season_k_rate,statcast_pitcher,True,True,True,True,3.3,3.3,3.3,0.0,sc_pitcher_is_imputed
pitcher_walks,sc_p_season_plate_appearances,statcast_pitcher,True,True,True,True,3.3,3.3,3.3,0.0,sc_pitcher_is_imputed
pitcher_walks,sc_p_season_wOBA_allowed,statcast_pitcher,True,True,True,True,3.3,3.3,3.3,0.0,sc_pitcher_is_imputed
pitcher_walks,sc_p_season_xwOBA_allowed,statcast_pitcher,True,True,True,True,3.3,3.3,3.3,0.0,sc_pitcher_is_imputed
pitcher_walks,sc_pitcher_is_imputed,other,True,True,True,True,96.7,96.7,96.7,0.0,
pitcher_walks,std_dev_l10,rolling_windows,True,True,True,True,100.0,100.0,100.0,0.0,
pitcher_walks,std_dev_l5,rolling_windows,True,True,True,True,90.0,86.7,86.7,3.3,
pitcher_walks,vs_lhp_ab,platoon_splits,True,True,True,True,0.0,0.0,0.0,0.0,platoon_split_is_imputed
pitcher_walks,vs_lhp_avg,platoon_splits,True,True,True,True,0.0,0.0,0.0,0.0,platoon_split_is_imputed
pitcher_walks,vs_lhp_bb,platoon_splits,True,True,True,True,0.0,0.0,0.0,0.0,platoon_split_is_imputed
pitcher_walks,vs_lhp_hits,platoon_splits,True,True,True,True,0.0,0.0,0.0,0.0,platoon_split_is_imputed
pitcher_walks,vs_lhp_hr,platoon_splits,True,True,True,True,0.0,0.0,0.0,0.0,platoon_split_is_imputed
pitcher_walks,vs_lhp_is_imputed,platoon_splits,True,True,True,True,100.0,100.0,100.0,0.0,
pitcher_walks,vs_lhp_k,platoon_splits,True,True,True,True,0.0,0.0,0.0,0.0,platoon_split_is_imputed
pitcher_walks,vs_lhp_k_rate,platoon_splits,True,True,True,True,0.0,0.0,0.0,0.0,platoon_split_is_imputed
pitcher_walks,vs_lhp_obp,platoon_splits,True,True,True,True,0.0,0.0,0.0,0.0,platoon_split_is_imputed
pitcher_walks,vs_rhp_ab,platoon_splits,True,True,True,True,0.0,0.0,0.0,0.0,platoon_split_is_imputed
pitcher_walks,vs_rhp_avg,platoon_splits,True,True,True,True,0.0,0.0,0.0,0.0,platoon_split_is_imputed
pitcher_walks,vs_rhp_bb,platoon_splits,True,True,True,True,0.0,0.0,0.0,0.0,platoon_split_is_imputed
pitcher_walks,vs_rhp_hits,platoon_splits,True,True,True,True,0.0,0.0,0.0,0.0,platoon_split_is_imputed
pitcher_walks,vs_rhp_hr,platoon_splits,True,True,True,True,0.0,0.0,0.0,0.0,platoon_split_is_imputed
pitcher_walks,vs_rhp_is_imputed,platoon_splits,True,True,True,True,100.0,100.0,100.0,0.0,
pitcher_walks,vs_rhp_k,platoon_splits,True,True,True,True,0.0,0.0,0.0,0.0,platoon_split_is_imputed
pitcher_walks,vs_rhp_k_rate,platoon_splits,True,True,True,True,0.0,0.0,0.0,0.0,platoon_split_is_imputed
pitcher_walks,vs_rhp_obp,platoon_splits,True,True,True,True,0.0,0.0,0.0,0.0,platoon_split_is_imputed
earned_runs,away_avg,other,True,True,True,True,0.0,0.0,0.0,0.0,
earned_runs,batter_hand_is_imputed,batter_handedness,True,True,True,True,100.0,100.0,100.0,0.0,
earned_runs,batter_is_lhh,batter_handedness,True,True,True,True,0.0,0.0,0.0,0.0,batter_hand_is_imputed
earned_runs,batter_is_rhh,batter_handedness,True,True,True,True,0.0,0.0,0.0,0.0,batter_hand_is_imputed
earned_runs,batter_is_switch,batter_handedness,True,True,True,True,0.0,0.0,0.0,0.0,batter_hand_is_imputed
earned_runs,current_hit_streak,rolling_windows,True,True,True,True,26.7,26.7,26.7,0.0,
earned_runs,current_miss_streak,rolling_windows,True,True,True,True,73.3,73.3,73.3,0.0,
earned_runs,cv_l10,rolling_windows,True,True,True,True,96.7,96.7,96.7,0.0,
earned_runs,cv_l5,rolling_windows,True,True,True,True,66.7,70.0,70.0,-3.3,
earned_runs,ewma_l10,rolling_windows,True,True,True,True,96.7,96.7,96.7,0.0,
earned_runs,ewma_l20,rolling_windows,True,True,True,True,100.0,100.0,100.0,0.0,
earned_runs,ewma_l5,rolling_windows,True,True,True,True,70.0,73.3,73.3,-3.3,
earned_runs,ewma_trend,rolling_windows,True,True,True,True,96.7,96.7,96.7,0.0,
earned_runs,expected_pa_is_imputed,workload,True,True,True,True,90.0,90.0,90.0,0.0,
earned_runs,expected_pa_l10,workload,True,True,True,True,93.3,93.3,93.3,0.0,
earned_runs,hit_rate_l10,rolling_windows,True,True,True,True,70.0,70.0,70.0,0.0,
earned_runs,hit_rate_l5,rolling_windows,True,True,True,True,53.3,56.7,56.7,-3.3,
earned_runs,home_avg,other,True,True,True,True,0.0,0.0,0.0,0.0,
earned_runs,home_away_split,other,True,True,True,True,0.0,0.0,0.0,0.0,
earned_runs,home_away_split_is_imputed,other,True,True,True,True,100.0,100.0,100.0,0.0,
earned_runs,home_hr_split,other,True,True,True,True,0.0,0.0,0.0,0.0,
earned_runs,home_runs_split,other,True,True,True,True,0.0,0.0,0.0,0.0,
earned_runs,l10_avg,rolling_windows,True,True,True,True,96.7,96.7,96.7,0.0,
earned_runs,l10_max,rolling_windows,True,True,True,True,96.7,96.7,96.7,0.0,
earned_runs,l10_median,rolling_windows,True,True,True,True,46.7,46.7,46.7,0.0,
earned_runs,l10_min,rolling_windows,True,True,True,True,3.3,3.3,3.3,0.0,
earned_runs,l20_avg,rolling_windows,True,True,True,True,100.0,100.0,100.0,0.0,
earned_runs,l3_avg,rolling_windows,True,True,True,True,63.3,63.3,63.3,0.0,
earned_runs,l5_avg,rolling_windows,True,True,True,True,70.0,73.3,73.3,-3.3,
earned_runs,l5_max,rolling_windows,True,True,True,True,70.0,73.3,73.3,-3.3,
earned_runs,l5_median,rolling_windows,True,True,True,True,43.3,43.3,43.3,0.0,
earned_runs,l5_min,rolling_windows,True,True,True,True,23.3,23.3,23.3,0.0,
earned_runs,line,other,True,True,True,True,100.0,100.0,100.0,0.0,
earned_runs,line_difficulty,market_alignment,True,True,True,True,96.7,96.7,96.7,0.0,
earned_runs,line_vs_ewma,other,True,True,True,True,100.0,100.0,100.0,0.0,
earned_runs,line_vs_l10,other,True,True,True,True,100.0,100.0,100.0,0.0,
earned_runs,line_vs_l5,other,True,True,True,True,100.0,100.0,100.0,0.0,
earned_runs,line_vs_median,other,True,True,True,True,96.7,96.7,96.7,0.0,
earned_runs,lineup_barrel_rate_14d,opposing_lineup,True,True,True,True,0.0,0.0,0.0,0.0,
earned_runs,lineup_bb_rate_14d,opposing_lineup,True,True,True,True,0.0,0.0,0.0,0.0,
earned_runs,lineup_handedness_is_imputed,opposing_lineup,True,True,True,True,100.0,100.0,100.0,0.0,
earned_runs,lineup_hard_hit_rate_14d,opposing_lineup,True,True,True,True,0.0,0.0,0.0,0.0,
earned_runs,lineup_k_rate_14d,opposing_lineup,True,True,True,True,0.0,0.0,0.0,0.0,
earned_runs,lineup_opposite_hand_count,opposing_lineup,True,True,True,True,0.0,0.0,0.0,0.0,
earned_runs,lineup_pct_opposite_hand,opposing_lineup,True,True,True,True,0.0,0.0,0.0,0.0,
earned_runs,lineup_pct_same_hand,opposing_lineup,True,True,True,True,0.0,0.0,0.0,0.0,
earned_runs,lineup_same_hand_count,opposing_lineup,True,True,True,True,0.0,0.0,0.0,0.0,
earned_runs,lineup_size,opposing_lineup,True,True,True,True,100.0,0.0,100.0,100.0,
earned_runs,lineup_size_is_imputed,opposing_lineup,True,True,True,True,0.0,100.0,0.0,-100.0,
earned_runs,lineup_strength_is_imputed,opposing_lineup,True,True,True,True,100.0,100.0,100.0,0.0,
earned_runs,lineup_woba_14d,opposing_lineup,True,True,True,True,0.0,0.0,0.0,0.0,
earned_runs,lineup_xwoba_14d,opposing_lineup,True,True,True,True,0.0,0.0,0.0,0.0,
earned_runs,matchup_exposure_is_imputed,other,True,True,True,True,100.0,100.0,100.0,0.0,
earned_runs,matchup_is_imputed,other,True,True,True,True,100.0,100.0,100.0,0.0,
earned_runs,opp_k_rate,other,True,True,True,True,100.0,100.0,100.0,0.0,
earned_runs,opp_pitcher_bb_rate_14d,opp_pitcher_quality,True,True,True,True,0.0,0.0,0.0,0.0,opp_pitcher_quality_is_imputed
earned_runs,opp_pitcher_k_rate_14d,opp_pitcher_quality,True,True,True,True,0.0,0.0,0.0,0.0,opp_pitcher_quality_is_imputed
earned_runs,opp_pitcher_quality_is_imputed,opp_pitcher_quality,True,True,True,True,100.0,100.0,100.0,0.0,
earned_runs,opp_pitcher_throws_is_imputed,opp_pitcher_quality,True,True,True,True,0.0,100.0,0.0,-100.0,
earned_runs,opp_pitcher_throws_l,opp_pitcher_quality,True,True,True,True,0.0,0.0,0.0,0.0,opp_pitcher_quality_is_imputed
earned_runs,opp_pitcher_throws_r,opp_pitcher_quality,True,True,True,True,100.0,0.0,100.0,100.0,opp_pitcher_quality_is_imputed
earned_runs,opp_pitcher_xwoba_allowed_14d,opp_pitcher_quality,True,True,True,True,0.0,0.0,0.0,0.0,opp_pitcher_quality_is_imputed
earned_runs,opposite_hand_matchup,matchup_interaction,True,True,True,True,0.0,0.0,0.0,0.0,
earned_runs,pa_b_pa14_avg_exit_velocity,pa_batter,True,True,True,True,0.0,0.0,0.0,0.0,pa_batter_is_imputed
earned_runs,pa_b_pa14_avg_launch_angle,pa_batter,True,True,True,True,0.0,0.0,0.0,0.0,pa_batter_is_imputed
earned_runs,pa_b_pa14_barrel_rate,pa_batter,True,True,True,True,0.0,0.0,0.0,0.0,pa_batter_is_imputed
earned_runs,pa_b_pa14_bb_rate,pa_batter,True,True,True,True,0.0,0.0,0.0,0.0,pa_batter_is_imputed
earned_runs,pa_b_pa14_contact_rate,pa_batter,True,True,True,True,0.0,0.0,0.0,0.0,pa_batter_is_imputed
earned_runs,pa_b_pa14_hard_hit_rate,pa_batter,True,True,True,True,0.0,0.0,0.0,0.0,pa_batter_is_imputed
earned_runs,pa_b_pa14_k_rate,pa_batter,True,True,True,True,0.0,0.0,0.0,0.0,pa_batter_is_imputed
earned_runs,pa_b_pa14_plate_appearances,pa_batter,True,True,True,True,0.0,0.0,0.0,0.0,pa_batter_is_imputed
earned_runs,pa_b_pa14_sweet_spot_rate,pa_batter,True,True,True,True,0.0,0.0,0.0,0.0,pa_batter_is_imputed
earned_runs,pa_b_pa14_wOBA,pa_batter,True,True,True,True,0.0,0.0,0.0,0.0,pa_batter_is_imputed
earned_runs,pa_b_pa14_whiff_rate,pa_batter,True,True,True,True,0.0,0.0,0.0,0.0,pa_batter_is_imputed
earned_runs,pa_b_pa14_xwOBA,pa_batter,True,True,True,True,0.0,0.0,0.0,0.0,pa_batter_is_imputed
earned_runs,pa_b_pa30_avg_exit_velocity,pa_batter,True,True,True,True,0.0,0.0,0.0,0.0,pa_batter_is_imputed
earned_runs,pa_b_pa30_avg_launch_angle,pa_batter,True,True,True,True,0.0,0.0,0.0,0.0,pa_batter_is_imputed
earned_runs,pa_b_pa30_barrel_rate,pa_batter,True,True,True,True,0.0,0.0,0.0,0.0,pa_batter_is_imputed
earned_runs,pa_b_pa30_bb_rate,pa_batter,True,True,True,True,0.0,0.0,0.0,0.0,pa_batter_is_imputed
earned_runs,pa_b_pa30_contact_rate,pa_batter,True,True,True,True,0.0,0.0,0.0,0.0,pa_batter_is_imputed
earned_runs,pa_b_pa30_hard_hit_rate,pa_batter,True,True,True,True,0.0,0.0,0.0,0.0,pa_batter_is_imputed
earned_runs,pa_b_pa30_k_rate,pa_batter,True,True,True,True,0.0,0.0,0.0,0.0,pa_batter_is_imputed
earned_runs,pa_b_pa30_plate_appearances,pa_batter,True,True,True,True,0.0,0.0,0.0,0.0,pa_batter_is_imputed
earned_runs,pa_b_pa30_sweet_spot_rate,pa_batter,True,True,True,True,0.0,0.0,0.0,0.0,pa_batter_is_imputed
earned_runs,pa_b_pa30_wOBA,pa_batter,True,True,True,True,0.0,0.0,0.0,0.0,pa_batter_is_imputed
earned_runs,pa_b_pa30_whiff_rate,pa_batter,True,True,True,True,0.0,0.0,0.0,0.0,pa_batter_is_imputed
earned_runs,pa_b_pa30_xwOBA,pa_batter,True,True,True,True,0.0,0.0,0.0,0.0,pa_batter_is_imputed
earned_runs,pa_b_pa7_avg_exit_velocity,pa_batter,True,True,True,True,0.0,0.0,0.0,0.0,pa_batter_is_imputed
earned_runs,pa_b_pa7_avg_launch_angle,pa_batter,True,True,True,True,0.0,0.0,0.0,0.0,pa_batter_is_imputed
earned_runs,pa_b_pa7_barrel_rate,pa_batter,True,True,True,True,0.0,0.0,0.0,0.0,pa_batter_is_imputed
earned_runs,pa_b_pa7_bb_rate,pa_batter,True,True,True,True,0.0,0.0,0.0,0.0,pa_batter_is_imputed
earned_runs,pa_b_pa7_contact_rate,pa_batter,True,True,True,True,0.0,0.0,0.0,0.0,pa_batter_is_imputed
earned_runs,pa_b_pa7_hard_hit_rate,pa_batter,True,True,True,True,0.0,0.0,0.0,0.0,pa_batter_is_imputed
earned_runs,pa_b_pa7_k_rate,pa_batter,True,True,True,True,0.0,0.0,0.0,0.0,pa_batter_is_imputed
earned_runs,pa_b_pa7_plate_appearances,pa_batter,True,True,True,True,0.0,0.0,0.0,0.0,pa_batter_is_imputed
earned_runs,pa_b_pa7_sweet_spot_rate,pa_batter,True,True,True,True,0.0,0.0,0.0,0.0,pa_batter_is_imputed
earned_runs,pa_b_pa7_wOBA,pa_batter,True,True,True,True,0.0,0.0,0.0,0.0,pa_batter_is_imputed
earned_runs,pa_b_pa7_whiff_rate,pa_batter,True,True,True,True,0.0,0.0,0.0,0.0,pa_batter_is_imputed
earned_runs,pa_b_pa7_xwOBA,pa_batter,True,True,True,True,0.0,0.0,0.0,0.0,pa_batter_is_imputed
earned_runs,pa_b_pa_season_avg_exit_velocity,pa_batter,True,True,True,True,0.0,0.0,0.0,0.0,pa_batter_is_imputed
earned_runs,pa_b_pa_season_avg_launch_angle,pa_batter,True,True,True,True,0.0,0.0,0.0,0.0,pa_batter_is_imputed
earned_runs,pa_b_pa_season_barrel_rate,pa_batter,True,True,True,True,0.0,0.0,0.0,0.0,pa_batter_is_imputed
earned_runs,pa_b_pa_season_bb_rate,pa_batter,True,True,True,True,0.0,0.0,0.0,0.0,pa_batter_is_imputed
earned_runs,pa_b_pa_season_contact_rate,pa_batter,True,True,True,True,0.0,0.0,0.0,0.0,pa_batter_is_imputed
earned_runs,pa_b_pa_season_hard_hit_rate,pa_batter,True,True,True,True,0.0,0.0,0.0,0.0,pa_batter_is_imputed
earned_runs,pa_b_pa_season_k_rate,pa_batter,True,True,True,True,0.0,0.0,0.0,0.0,pa_batter_is_imputed
earned_runs,pa_b_pa_season_plate_appearances,pa_batter,True,True,True,True,0.0,0.0,0.0,0.0,pa_batter_is_imputed
earned_runs,pa_b_pa_season_sweet_spot_rate,pa_batter,True,True,True,True,0.0,0.0,0.0,0.0,pa_batter_is_imputed
earned_runs,pa_b_pa_season_wOBA,pa_batter,True,True,True,True,0.0,0.0,0.0,0.0,pa_batter_is_imputed
earned_runs,pa_b_pa_season_whiff_rate,pa_batter,True,True,True,True,0.0,0.0,0.0,0.0,pa_batter_is_imputed
earned_runs,pa_b_pa_season_xwOBA,pa_batter,True,True,True,True,0.0,0.0,0.0,0.0,pa_batter_is_imputed
earned_runs,pa_batter_is_imputed,pa_batter,True,True,True,True,100.0,100.0,100.0,0.0,
earned_runs,pa_p_pa14_barrel_allowed_rate,pa_pitcher,True,True,True,True,0.0,0.0,0.0,0.0,pa_pitcher_is_imputed
earned_runs,pa_p_pa14_bb_rate,pa_pitcher,True,True,True,True,3.3,0.0,3.3,3.3,pa_pitcher_is_imputed
earned_runs,pa_p_pa14_hard_hit_allowed_rate,pa_pitcher,True,True,True,True,3.3,0.0,3.3,3.3,pa_pitcher_is_imputed
earned_runs,pa_p_pa14_k_rate,pa_pitcher,True,True,True,True,3.3,0.0,3.3,3.3,pa_pitcher_is_imputed
earned_runs,pa_p_pa14_plate_appearances,pa_pitcher,True,True,True,True,3.3,0.0,3.3,3.3,pa_pitcher_is_imputed
earned_runs,pa_p_pa14_wOBA_allowed,pa_pitcher,True,True,True,True,3.3,0.0,3.3,3.3,pa_pitcher_is_imputed
earned_runs,pa_p_pa14_whiff_rate,pa_pitcher,True,True,True,True,3.3,0.0,3.3,3.3,pa_pitcher_is_imputed
earned_runs,pa_p_pa14_xwOBA_allowed,pa_pitcher,True,True,True,True,3.3,0.0,3.3,3.3,pa_pitcher_is_imputed
earned_runs,pa_p_pa30_barrel_allowed_rate,pa_pitcher,True,True,True,True,0.0,0.0,0.0,0.0,pa_pitcher_is_imputed
earned_runs,pa_p_pa30_bb_rate,pa_pitcher,True,True,True,True,3.3,0.0,3.3,3.3,pa_pitcher_is_imputed
earned_runs,pa_p_pa30_hard_hit_allowed_rate,pa_pitcher,True,True,True,True,3.3,0.0,3.3,3.3,pa_pitcher_is_imputed
earned_runs,pa_p_pa30_k_rate,pa_pitcher,True,True,True,True,3.3,0.0,3.3,3.3,pa_pitcher_is_imputed
earned_runs,pa_p_pa30_plate_appearances,pa_pitcher,True,True,True,True,3.3,0.0,3.3,3.3,pa_pitcher_is_imputed
earned_runs,pa_p_pa30_wOBA_allowed,pa_pitcher,True,True,True,True,3.3,0.0,3.3,3.3,pa_pitcher_is_imputed
earned_runs,pa_p_pa30_whiff_rate,pa_pitcher,True,True,True,True,3.3,0.0,3.3,3.3,pa_pitcher_is_imputed
earned_runs,pa_p_pa30_xwOBA_allowed,pa_pitcher,True,True,True,True,3.3,0.0,3.3,3.3,pa_pitcher_is_imputed
earned_runs,pa_p_pa_season_barrel_allowed_rate,pa_pitcher,True,True,True,True,3.3,0.0,3.3,3.3,pa_pitcher_is_imputed
earned_runs,pa_p_pa_season_bb_rate,pa_pitcher,True,True,True,True,3.3,0.0,3.3,3.3,pa_pitcher_is_imputed
earned_runs,pa_p_pa_season_hard_hit_allowed_rate,pa_pitcher,True,True,True,True,3.3,0.0,3.3,3.3,pa_pitcher_is_imputed
earned_runs,pa_p_pa_season_k_rate,pa_pitcher,True,True,True,True,3.3,0.0,3.3,3.3,pa_pitcher_is_imputed
earned_runs,pa_p_pa_season_plate_appearances,pa_pitcher,True,True,True,True,3.3,0.0,3.3,3.3,pa_pitcher_is_imputed
earned_runs,pa_p_pa_season_wOBA_allowed,pa_pitcher,True,True,True,True,3.3,0.0,3.3,3.3,pa_pitcher_is_imputed
earned_runs,pa_p_pa_season_whiff_rate,pa_pitcher,True,True,True,True,3.3,0.0,3.3,3.3,pa_pitcher_is_imputed
earned_runs,pa_p_pa_season_xwOBA_allowed,pa_pitcher,True,True,True,True,3.3,0.0,3.3,3.3,pa_pitcher_is_imputed
earned_runs,pa_pitcher_is_imputed,pa_pitcher,True,True,True,True,96.7,100.0,96.7,-3.3,
earned_runs,park_factor,environment_park,True,True,True,True,100.0,100.0,100.0,0.0,
earned_runs,park_factor_is_imputed,environment_park,True,True,True,True,0.0,0.0,0.0,0.0,
earned_runs,park_hits_factor,environment_park,True,True,True,True,100.0,100.0,100.0,0.0,
earned_runs,park_hr_factor,environment_park,True,True,True,True,100.0,100.0,100.0,0.0,
earned_runs,park_k_factor,environment_park,True,True,True,True,100.0,100.0,100.0,0.0,
earned_runs,park_runs_factor,environment_park,True,True,True,True,100.0,100.0,100.0,0.0,
earned_runs,park_tb_factor,environment_park,True,True,True,True,100.0,100.0,100.0,0.0,
earned_runs,pct_lhh,other,True,True,True,True,0.0,0.0,0.0,0.0,
earned_runs,pct_rhh,other,True,True,True,True,0.0,0.0,0.0,0.0,
earned_runs,pct_switch,other,True,True,True,True,0.0,0.0,0.0,0.0,
earned_runs,platoon_avg_split,platoon_splits,True,True,True,True,0.0,0.0,0.0,0.0,platoon_split_is_imputed
earned_runs,platoon_k_split,platoon_splits,True,True,True,True,0.0,0.0,0.0,0.0,platoon_split_is_imputed
earned_runs,platoon_split_is_imputed,platoon_splits,True,True,True,True,100.0,100.0,100.0,0.0,
earned_runs,projected_lhh_count,other,True,True,True,True,0.0,0.0,0.0,0.0,
earned_runs,projected_rhh_count,other,True,True,True,True,0.0,0.0,0.0,0.0,
earned_runs,projected_switch_count,other,True,True,True,True,0.0,0.0,0.0,0.0,
earned_runs,range_l10,rolling_windows,True,True,True,True,96.7,96.7,96.7,0.0,
earned_runs,range_l5,rolling_windows,True,True,True,True,66.7,70.0,70.0,-3.3,
earned_runs,same_hand_matchup,matchup_interaction,True,True,True,True,0.0,0.0,0.0,0.0,
earned_runs,sc_b_r14_avg_exit_velocity,statcast_batter,True,True,True,True,0.0,0.0,0.0,0.0,sc_batter_is_imputed
earned_runs,sc_b_r14_avg_launch_angle,statcast_batter,True,True,True,True,0.0,0.0,0.0,0.0,sc_batter_is_imputed
earned_runs,sc_b_r14_barrel_rate,statcast_batter,True,True,True,True,0.0,0.0,0.0,0.0,sc_batter_is_imputed
earned_runs,sc_b_r14_contact_rate,statcast_batter,True,True,True,True,0.0,0.0,0.0,0.0,sc_batter_is_imputed
earned_runs,sc_b_r14_hard_hit_rate,statcast_batter,True,True,True,True,0.0,0.0,0.0,0.0,sc_batter_is_imputed
earned_runs,sc_b_r14_k_rate,statcast_batter,True,True,True,True,0.0,0.0,0.0,0.0,sc_batter_is_imputed
earned_runs,sc_b_r14_plate_appearances,statcast_batter,True,True,True,True,0.0,0.0,0.0,0.0,sc_batter_is_imputed
earned_runs,sc_b_r14_sweet_spot_rate,statcast_batter,True,True,True,True,0.0,0.0,0.0,0.0,sc_batter_is_imputed
earned_runs,sc_b_r14_wOBA,statcast_batter,True,True,True,True,0.0,0.0,0.0,0.0,sc_batter_is_imputed
earned_runs,sc_b_r14_whiff_rate,statcast_batter,True,True,True,True,0.0,0.0,0.0,0.0,sc_batter_is_imputed
earned_runs,sc_b_r14_xwOBA,statcast_batter,True,True,True,True,0.0,0.0,0.0,0.0,sc_batter_is_imputed
earned_runs,sc_b_r30_avg_exit_velocity,statcast_batter,True,True,True,True,0.0,0.0,0.0,0.0,sc_batter_is_imputed
earned_runs,sc_b_r30_avg_launch_angle,statcast_batter,True,True,True,True,0.0,0.0,0.0,0.0,sc_batter_is_imputed
earned_runs,sc_b_r30_barrel_rate,statcast_batter,True,True,True,True,0.0,0.0,0.0,0.0,sc_batter_is_imputed
earned_runs,sc_b_r30_contact_rate,statcast_batter,True,True,True,True,0.0,0.0,0.0,0.0,sc_batter_is_imputed
earned_runs,sc_b_r30_hard_hit_rate,statcast_batter,True,True,True,True,0.0,0.0,0.0,0.0,sc_batter_is_imputed
earned_runs,sc_b_r30_k_rate,statcast_batter,True,True,True,True,0.0,0.0,0.0,0.0,sc_batter_is_imputed
earned_runs,sc_b_r30_plate_appearances,statcast_batter,True,True,True,True,0.0,0.0,0.0,0.0,sc_batter_is_imputed
earned_runs,sc_b_r30_sweet_spot_rate,statcast_batter,True,True,True,True,0.0,0.0,0.0,0.0,sc_batter_is_imputed
earned_runs,sc_b_r30_wOBA,statcast_batter,True,True,True,True,0.0,0.0,0.0,0.0,sc_batter_is_imputed
earned_runs,sc_b_r30_whiff_rate,statcast_batter,True,True,True,True,0.0,0.0,0.0,0.0,sc_batter_is_imputed
earned_runs,sc_b_r30_xwOBA,statcast_batter,True,True,True,True,0.0,0.0,0.0,0.0,sc_batter_is_imputed
earned_runs,sc_b_r7_avg_exit_velocity,statcast_batter,True,True,True,True,0.0,0.0,0.0,0.0,sc_batter_is_imputed
earned_runs,sc_b_r7_avg_launch_angle,statcast_batter,True,True,True,True,0.0,0.0,0.0,0.0,sc_batter_is_imputed
earned_runs,sc_b_r7_barrel_rate,statcast_batter,True,True,True,True,0.0,0.0,0.0,0.0,sc_batter_is_imputed
earned_runs,sc_b_r7_contact_rate,statcast_batter,True,True,True,True,0.0,0.0,0.0,0.0,sc_batter_is_imputed
earned_runs,sc_b_r7_hard_hit_rate,statcast_batter,True,True,True,True,0.0,0.0,0.0,0.0,sc_batter_is_imputed
earned_runs,sc_b_r7_k_rate,statcast_batter,True,True,True,True,0.0,0.0,0.0,0.0,sc_batter_is_imputed
earned_runs,sc_b_r7_plate_appearances,statcast_batter,True,True,True,True,0.0,0.0,0.0,0.0,sc_batter_is_imputed
earned_runs,sc_b_r7_sweet_spot_rate,statcast_batter,True,True,True,True,0.0,0.0,0.0,0.0,sc_batter_is_imputed
earned_runs,sc_b_r7_wOBA,statcast_batter,True,True,True,True,0.0,0.0,0.0,0.0,sc_batter_is_imputed
earned_runs,sc_b_r7_whiff_rate,statcast_batter,True,True,True,True,0.0,0.0,0.0,0.0,sc_batter_is_imputed
earned_runs,sc_b_r7_xwOBA,statcast_batter,True,True,True,True,0.0,0.0,0.0,0.0,sc_batter_is_imputed
earned_runs,sc_b_season_avg_exit_velocity,statcast_batter,True,True,True,True,0.0,0.0,0.0,0.0,sc_batter_is_imputed
earned_runs,sc_b_season_avg_launch_angle,statcast_batter,True,True,True,True,0.0,0.0,0.0,0.0,sc_batter_is_imputed
earned_runs,sc_b_season_barrel_rate,statcast_batter,True,True,True,True,0.0,0.0,0.0,0.0,sc_batter_is_imputed
earned_runs,sc_b_season_contact_rate,statcast_batter,True,True,True,True,0.0,0.0,0.0,0.0,sc_batter_is_imputed
earned_runs,sc_b_season_hard_hit_rate,statcast_batter,True,True,True,True,0.0,0.0,0.0,0.0,sc_batter_is_imputed
earned_runs,sc_b_season_k_rate,statcast_batter,True,True,True,True,0.0,0.0,0.0,0.0,sc_batter_is_imputed
earned_runs,sc_b_season_plate_appearances,statcast_batter,True,True,True,True,0.0,0.0,0.0,0.0,sc_batter_is_imputed
earned_runs,sc_b_season_sweet_spot_rate,statcast_batter,True,True,True,True,0.0,0.0,0.0,0.0,sc_batter_is_imputed
earned_runs,sc_b_season_wOBA,statcast_batter,True,True,True,True,0.0,0.0,0.0,0.0,sc_batter_is_imputed
earned_runs,sc_b_season_whiff_rate,statcast_batter,True,True,True,True,0.0,0.0,0.0,0.0,sc_batter_is_imputed
earned_runs,sc_b_season_xwOBA,statcast_batter,True,True,True,True,0.0,0.0,0.0,0.0,sc_batter_is_imputed
earned_runs,sc_batter_is_imputed,other,True,True,True,True,100.0,100.0,100.0,0.0,
earned_runs,sc_p_r14_barrel_allowed_rate,statcast_pitcher,True,True,True,True,0.0,0.0,0.0,0.0,sc_pitcher_is_imputed
earned_runs,sc_p_r14_bb_rate,statcast_pitcher,True,True,True,True,3.3,3.3,3.3,0.0,sc_pitcher_is_imputed
earned_runs,sc_p_r14_hard_hit_allowed_rate,statcast_pitcher,True,True,True,True,3.3,3.3,3.3,0.0,sc_pitcher_is_imputed
earned_runs,sc_p_r14_k_rate,statcast_pitcher,True,True,True,True,3.3,3.3,3.3,0.0,sc_pitcher_is_imputed
earned_runs,sc_p_r14_plate_appearances,statcast_pitcher,True,True,True,True,3.3,3.3,3.3,0.0,sc_pitcher_is_imputed
earned_runs,sc_p_r14_wOBA_allowed,statcast_pitcher,True,True,True,True,3.3,3.3,3.3,0.0,sc_pitcher_is_imputed
earned_runs,sc_p_r14_xwOBA_allowed,statcast_pitcher,True,True,True,True,3.3,3.3,3.3,0.0,sc_pitcher_is_imputed
earned_runs,sc_p_r30_barrel_allowed_rate,statcast_pitcher,True,True,True,True,0.0,0.0,0.0,0.0,sc_pitcher_is_imputed
earned_runs,sc_p_r30_bb_rate,statcast_pitcher,True,True,True,True,3.3,3.3,3.3,0.0,sc_pitcher_is_imputed
earned_runs,sc_p_r30_hard_hit_allowed_rate,statcast_pitcher,True,True,True,True,3.3,3.3,3.3,0.0,sc_pitcher_is_imputed
earned_runs,sc_p_r30_k_rate,statcast_pitcher,True,True,True,True,3.3,3.3,3.3,0.0,sc_pitcher_is_imputed
earned_runs,sc_p_r30_plate_appearances,statcast_pitcher,True,True,True,True,3.3,3.3,3.3,0.0,sc_pitcher_is_imputed
earned_runs,sc_p_r30_wOBA_allowed,statcast_pitcher,True,True,True,True,3.3,3.3,3.3,0.0,sc_pitcher_is_imputed
earned_runs,sc_p_r30_xwOBA_allowed,statcast_pitcher,True,True,True,True,3.3,3.3,3.3,0.0,sc_pitcher_is_imputed
earned_runs,sc_p_season_barrel_allowed_rate,statcast_pitcher,True,True,True,True,0.0,0.0,0.0,0.0,sc_pitcher_is_imputed
earned_runs,sc_p_season_bb_rate,statcast_pitcher,True,True,True,True,3.3,3.3,3.3,0.0,sc_pitcher_is_imputed
earned_runs,sc_p_season_hard_hit_allowed_rate,statcast_pitcher,True,True,True,True,3.3,3.3,3.3,0.0,sc_pitcher_is_imputed
earned_runs,sc_p_season_k_rate,statcast_pitcher,True,True,True,True,3.3,3.3,3.3,0.0,sc_pitcher_is_imputed
earned_runs,sc_p_season_plate_appearances,statcast_pitcher,True,True,True,True,3.3,3.3,3.3,0.0,sc_pitcher_is_imputed
earned_runs,sc_p_season_wOBA_allowed,statcast_pitcher,True,True,True,True,3.3,3.3,3.3,0.0,sc_pitcher_is_imputed
earned_runs,sc_p_season_xwOBA_allowed,statcast_pitcher,True,True,True,True,3.3,3.3,3.3,0.0,sc_pitcher_is_imputed
earned_runs,sc_pitcher_is_imputed,other,True,True,True,True,96.7,96.7,96.7,0.0,
earned_runs,std_dev_l10,rolling_windows,True,True,True,True,96.7,96.7,96.7,0.0,
earned_runs,std_dev_l5,rolling_windows,True,True,True,True,66.7,70.0,70.0,-3.3,
earned_runs,vs_lhp_ab,platoon_splits,True,True,True,True,0.0,0.0,0.0,0.0,platoon_split_is_imputed
earned_runs,vs_lhp_avg,platoon_splits,True,True,True,True,0.0,0.0,0.0,0.0,platoon_split_is_imputed
earned_runs,vs_lhp_bb,platoon_splits,True,True,True,True,0.0,0.0,0.0,0.0,platoon_split_is_imputed
earned_runs,vs_lhp_hits,platoon_splits,True,True,True,True,0.0,0.0,0.0,0.0,platoon_split_is_imputed
earned_runs,vs_lhp_hr,platoon_splits,True,True,True,True,0.0,0.0,0.0,0.0,platoon_split_is_imputed
earned_runs,vs_lhp_is_imputed,platoon_splits,True,True,True,True,100.0,100.0,100.0,0.0,
earned_runs,vs_lhp_k,platoon_splits,True,True,True,True,0.0,0.0,0.0,0.0,platoon_split_is_imputed
earned_runs,vs_lhp_k_rate,platoon_splits,True,True,True,True,0.0,0.0,0.0,0.0,platoon_split_is_imputed
earned_runs,vs_lhp_obp,platoon_splits,True,True,True,True,0.0,0.0,0.0,0.0,platoon_split_is_imputed
earned_runs,vs_rhp_ab,platoon_splits,True,True,True,True,0.0,0.0,0.0,0.0,platoon_split_is_imputed
earned_runs,vs_rhp_avg,platoon_splits,True,True,True,True,0.0,0.0,0.0,0.0,platoon_split_is_imputed
earned_runs,vs_rhp_bb,platoon_splits,True,True,True,True,0.0,0.0,0.0,0.0,platoon_split_is_imputed
earned_runs,vs_rhp_hits,platoon_splits,True,True,True,True,0.0,0.0,0.0,0.0,platoon_split_is_imputed
earned_runs,vs_rhp_hr,platoon_splits,True,True,True,True,0.0,0.0,0.0,0.0,platoon_split_is_imputed
earned_runs,vs_rhp_is_imputed,platoon_splits,True,True,True,True,100.0,100.0,100.0,0.0,
earned_runs,vs_rhp_k,platoon_splits,True,True,True,True,0.0,0.0,0.0,0.0,platoon_split_is_imputed
earned_runs,vs_rhp_k_rate,platoon_splits,True,True,True,True,0.0,0.0,0.0,0.0,platoon_split_is_imputed
earned_runs,vs_rhp_obp,platoon_splits,True,True,True,True,0.0,0.0,0.0,0.0,platoon_split_is_imputed
